文件路径:,C:\Users\23589\Desktop\物理实验竞赛\实验数据（黑胶带版）\case11_香橙派5Pro裸板_0负载\data\HM20260727145211.csv
源热像文件:,C:\Users\23589\Desktop\物理实验竞赛\实验数据（黑胶带版）\case11_香橙派5Pro裸板_0负载\photo\HM20260727145211.jpeg

测温单位,摄氏度
图像宽度,192
图像高度,256

全局
统计:,,平均值:,24.3
,,最小值:,22.5
,,最大值:,30.6

坐标Y\X,0,1,2,3,4,5,6,7,8,9,10,11,12,13,14,15,16,17,18,19,20,21,22,23,24,25,26,27,28,29,30,31,32,33,34,35,36,37,38,39,40,41,42,43,44,45,46,47,48,49,50,51,52,53,54,55,56,57,58,59,60,61,62,63,64,65,66,67,68,69,70,71,72,73,74,75,76,77,78,79,80,81,82,83,84,85,86,87,88,89,90,91,92,93,94,95,96,97,98,99,100,101,102,103,104,105,106,107,108,109,110,111,112,113,114,115,116,117,118,119,120,121,122,123,124,125,126,127,128,129,130,131,132,133,134,135,136,137,138,139,140,141,142,143,144,145,146,147,148,149,150,151,152,153,154,155,156,157,158,159,160,161,162,163,164,165,166,167,168,169,170,171,172,173,174,175,176,177,178,179,180,181,182,183,184,185,186,187,188,189,190,191
0,23.9,23.8,23.9,23.9,23.8,23.9,23.7,23.9,24.0,23.9,24.0,23.9,23.9,24.0,24.0,24.0,24.0,23.9,23.9,23.8,23.8,24.0,23.8,24.1,23.9,23.9,24.0,23.9,23.9,24.0,24.0,23.9,24.0,23.9,23.9,24.0,23.9,23.8,23.9,24.0,24.0,24.0,23.8,23.8,23.8,23.8,24.0,23.9,24.2,23.8,24.0,23.9,24.0,24.0,24.0,23.9,24.0,23.8,23.9,24.0,23.9,24.0,24.1,24.0,24.0,24.0,24.0,24.0,24.1,23.9,24.0,24.0,24.0,24.0,24.0,23.9,24.0,24.0,24.0,23.9,24.0,23.8,23.9,24.1,24.2,23.9,24.0,23.9,24.1,24.0,24.0,23.8,24.0,24.0,23.9,24.1,24.0,24.1,24.1,24.2,24.1,24.0,24.0,23.9,24.1,23.9,24.0,24.0,24.0,24.0,24.1,23.9,24.1,23.9,24.0,24.0,23.8,23.9,23.8,24.0,23.9,24.0,24.0,23.8,24.0,23.9,24.0,23.8,24.1,23.8,24.0,24.0,24.1,23.9,23.8,23.9,24.0,23.9,24.0,24.0,23.9,23.9,24.0,24.0,24.0,24.1,23.9,24.0,24.1,23.9,23.9,24.0,23.9,24.0,23.9,24.0,23.8,23.9,23.9,23.8,23.8,23.8,23.8,23.9,23.7,23.9,23.9,23.8,23.9,24.0,23.9,23.7,23.9,23.9,24.0,23.9,23.8,24.0,23.9,23.8,23.9,23.9,23.8,23.8,23.7,23.7,23.8,24.0,23.9,23.8,24.1,23.9
1,23.8,23.9,23.8,24.0,23.9,24.0,23.8,23.8,23.9,23.9,24.0,23.9,24.0,23.8,24.1,23.9,24.0,23.9,24.1,23.9,24.0,23.9,23.9,24.0,24.0,23.9,24.0,23.8,23.9,24.0,24.0,24.0,23.7,23.9,23.9,23.9,23.8,24.0,23.9,23.9,23.9,24.0,23.8,23.9,23.9,23.8,24.0,23.9,24.0,23.9,24.0,23.9,23.9,24.0,24.0,24.0,23.9,24.0,24.0,23.9,24.0,23.9,24.0,24.0,24.0,24.0,24.1,24.0,24.0,24.1,24.0,24.1,24.1,24.0,24.0,24.0,24.1,24.2,23.9,24.1,24.0,24.0,24.0,24.1,24.1,24.2,24.1,24.1,24.0,24.0,24.1,23.9,24.0,23.9,24.1,24.0,24.2,24.0,24.2,24.0,24.0,24.0,24.1,24.0,23.9,24.1,24.0,24.0,24.0,24.0,24.0,23.8,24.0,24.0,24.0,23.9,24.0,23.9,23.9,24.0,24.0,23.9,24.0,24.0,23.9,23.9,23.9,23.9,23.7,23.9,24.0,24.0,24.0,24.0,24.0,23.9,24.1,24.1,24.0,24.0,24.0,24.0,24.0,24.0,24.1,24.0,24.0,24.0,24.0,23.9,24.0,24.0,24.1,23.9,23.7,24.0,23.9,23.9,24.0,23.8,23.8,23.8,23.9,23.8,23.9,24.0,23.8,23.7,23.8,23.9,23.8,23.9,23.9,23.9,23.8,23.8,23.8,23.9,23.8,23.7,24.0,23.9,23.7,23.9,23.9,23.9,23.8,23.8,24.0,23.7,23.9,23.8
2,24.0,23.8,23.7,23.9,23.7,23.9,23.9,23.8,23.8,23.9,23.8,23.8,23.9,23.9,23.9,23.9,24.1,23.8,23.8,23.9,23.8,23.8,23.9,23.9,23.9,23.9,23.9,23.8,23.7,23.8,23.8,23.7,23.7,23.8,23.9,23.7,24.0,23.9,23.9,23.9,24.0,23.8,23.9,23.9,24.0,23.7,23.8,23.8,24.0,23.9,24.1,24.0,24.0,24.0,24.0,23.9,24.0,24.0,24.0,24.0,24.1,23.9,23.9,24.0,24.0,23.9,24.0,24.0,24.0,24.0,23.9,24.2,24.0,24.0,24.0,24.0,24.0,24.0,24.1,24.1,23.9,24.1,23.7,23.8,24.0,24.1,24.1,24.0,24.1,24.2,24.1,24.0,24.0,23.9,24.0,24.0,24.1,24.0,24.0,24.1,24.1,24.1,24.1,24.0,24.1,24.0,23.9,24.0,24.0,23.9,24.0,24.0,24.0,23.9,24.0,24.0,24.0,24.0,24.0,24.0,24.1,23.9,23.9,23.9,24.0,24.0,23.9,24.0,23.9,23.8,23.7,23.9,23.8,24.0,23.8,24.1,24.0,23.9,24.0,23.9,23.8,24.0,24.0,23.8,23.8,23.9,23.9,23.9,24.0,24.0,23.9,24.0,23.8,23.8,24.0,24.0,23.8,23.9,23.8,23.9,23.9,24.0,23.9,23.9,23.8,23.8,23.7,23.9,23.7,23.7,23.7,23.8,23.7,23.7,23.8,23.8,23.7,23.8,23.7,23.9,23.7,23.9,23.7,24.0,23.8,23.9,23.7,23.7,23.8,23.9,23.8,23.7
3,24.0,24.0,23.9,23.8,23.8,23.8,23.7,23.8,23.8,23.9,24.0,24.0,24.0,23.8,24.0,23.9,23.8,23.7,23.9,23.8,23.8,23.8,23.9,23.9,23.9,23.9,24.0,23.9,23.9,24.0,23.7,24.0,24.0,23.9,23.9,24.0,24.0,23.9,23.9,24.0,23.8,23.8,24.0,23.8,23.9,24.0,23.8,23.9,23.8,24.0,23.9,23.8,24.1,24.0,24.0,23.9,23.9,24.0,24.0,24.0,24.0,24.0,23.9,24.1,24.1,24.1,24.0,24.0,24.1,24.2,24.2,23.9,24.0,24.0,24.0,24.0,24.1,24.1,24.0,24.0,24.1,24.0,24.0,24.0,23.9,24.1,24.0,24.0,24.0,24.1,24.2,24.1,24.1,24.0,24.1,24.2,24.0,24.0,24.1,24.0,23.9,24.1,24.2,24.1,24.0,24.1,24.0,24.0,24.0,23.9,24.0,23.9,24.1,24.0,24.0,24.0,24.2,23.9,24.1,24.1,23.9,23.8,23.9,24.0,24.1,23.9,23.9,24.0,24.2,23.9,23.8,24.0,23.9,24.0,24.0,23.9,24.0,23.9,23.9,23.8,23.9,23.9,24.0,23.7,23.9,24.0,23.9,23.9,24.0,23.9,23.8,24.0,23.9,23.9,23.8,23.9,23.9,24.0,23.9,24.0,23.9,23.9,24.0,24.0,23.8,24.0,23.9,23.8,23.7,24.0,23.9,23.9,23.8,23.8,23.9,23.7,23.7,23.7,23.7,23.6,23.8,23.8,23.7,23.7,23.9,24.0,23.9,23.7,23.8,23.7,23.9,23.7
4,23.7,23.8,23.9,23.9,23.7,23.9,23.6,23.9,23.8,24.0,23.9,23.9,24.0,23.9,23.9,23.9,23.7,23.9,23.9,23.9,23.9,23.8,23.7,23.8,23.9,23.9,23.9,23.8,23.8,23.9,23.9,23.9,23.9,23.8,23.9,23.7,23.8,23.9,23.9,23.9,24.0,24.0,23.9,23.9,24.0,23.9,24.1,23.8,23.9,24.0,24.0,23.8,24.0,24.0,23.9,24.0,24.0,23.9,24.0,23.9,24.1,24.0,24.0,24.0,24.1,24.0,24.0,24.0,23.9,24.0,24.1,24.0,24.1,23.9,24.0,24.0,24.2,24.1,24.0,24.0,23.9,24.0,24.0,24.0,24.0,24.0,24.0,24.0,24.2,24.0,24.1,24.0,24.1,24.0,24.1,24.0,24.0,24.0,24.3,24.0,24.1,23.9,24.0,24.1,24.0,24.1,23.9,24.0,23.9,23.9,24.1,24.0,24.0,24.0,23.9,23.9,24.1,24.0,23.9,24.0,24.0,24.0,24.0,24.0,24.1,24.0,24.0,23.9,24.0,24.0,23.9,23.9,24.2,24.1,24.0,24.0,23.9,24.0,24.1,23.9,23.9,23.9,24.0,23.8,24.0,23.9,24.0,23.9,23.9,24.0,23.9,24.0,24.0,24.0,23.9,23.9,24.0,24.0,23.9,23.9,23.9,24.1,23.8,23.9,23.9,23.7,23.8,23.8,23.9,24.0,23.8,23.8,23.7,24.0,23.7,23.9,24.0,23.9,23.9,23.9,23.8,23.8,23.7,23.8,23.7,23.8,23.8,23.7,23.7,23.8,23.7,23.8
5,23.7,23.9,23.8,24.0,23.8,23.7,23.8,23.7,24.0,23.8,23.8,23.9,23.9,23.9,23.9,24.1,23.8,23.9,23.8,23.9,24.1,23.8,23.8,23.8,23.9,23.8,24.0,23.8,23.9,23.9,23.8,24.0,23.9,23.9,23.8,23.9,24.0,23.9,23.9,23.8,23.9,23.9,24.0,24.0,23.8,23.8,24.0,23.9,24.0,23.9,23.9,23.9,24.0,24.1,24.0,23.9,24.0,23.9,24.0,24.0,23.9,24.1,24.1,24.1,24.1,24.0,23.9,24.0,24.1,24.0,24.2,24.2,24.0,23.8,24.0,23.9,23.9,24.0,23.9,24.1,23.7,24.0,23.9,24.1,23.9,23.8,24.0,24.0,24.0,24.0,24.0,24.1,24.0,24.1,24.1,24.1,24.1,24.0,24.0,24.0,24.0,24.0,24.0,24.1,24.1,24.0,23.9,24.0,24.0,23.9,24.0,23.9,24.0,23.9,24.0,24.0,23.9,24.0,24.0,23.8,24.1,24.0,24.0,24.0,23.9,23.9,24.0,23.9,23.8,23.9,23.9,24.0,24.0,23.9,23.9,23.9,23.9,24.0,24.1,24.0,24.0,24.0,23.8,23.8,23.9,23.9,23.8,23.9,23.9,23.9,24.0,24.0,24.0,24.0,23.9,23.9,23.8,23.8,23.9,23.9,23.9,23.8,23.9,24.0,23.8,24.0,23.8,24.0,23.9,23.9,23.9,23.8,24.0,23.7,23.8,23.7,23.8,23.7,23.9,23.7,23.8,23.9,23.8,23.7,23.7,23.7,23.8,23.7,23.8,23.7,23.7,23.8
6,23.9,23.8,23.8,23.9,23.8,23.8,23.7,23.8,23.8,23.9,23.9,23.9,23.9,23.9,23.8,24.0,24.0,23.7,23.7,23.8,23.9,24.0,24.0,24.0,23.9,23.9,23.9,23.8,23.8,23.9,24.0,23.9,24.0,23.8,24.0,23.9,23.8,23.8,23.9,23.9,24.1,24.0,23.9,23.9,23.8,23.8,23.9,23.9,23.8,23.9,24.0,24.1,24.0,24.0,23.9,23.9,23.8,23.9,23.8,24.0,24.1,23.8,24.0,24.0,24.0,23.9,24.1,24.0,24.0,24.0,24.1,24.0,24.1,23.9,24.1,24.0,24.1,24.1,24.2,24.1,24.0,23.9,24.0,24.1,23.9,24.0,24.1,24.2,23.9,24.0,23.8,23.9,24.1,24.1,24.1,24.0,24.1,24.0,24.0,24.0,24.0,24.0,24.0,24.2,24.1,24.0,24.0,24.0,24.1,24.0,23.8,23.8,24.0,23.9,23.9,24.0,23.9,23.9,24.0,23.8,24.0,23.9,23.7,23.9,23.9,23.8,23.9,24.0,24.0,23.9,23.8,23.9,23.8,24.0,23.8,23.9,24.0,24.0,24.1,24.0,23.7,23.8,24.1,24.0,24.0,23.9,23.8,24.0,23.9,24.0,24.0,23.8,24.1,23.9,23.9,23.9,23.9,23.9,24.0,23.8,23.9,23.8,23.8,23.9,24.0,23.9,23.9,23.8,23.9,23.8,23.7,23.9,23.7,23.9,23.9,23.9,23.8,23.7,23.7,23.8,23.8,23.8,23.8,23.8,23.8,23.8,24.0,23.7,23.8,23.7,23.9,23.8
7,23.8,23.9,23.9,23.8,23.8,23.9,23.7,24.0,23.9,23.8,23.8,24.0,24.0,24.0,23.8,23.9,23.9,23.9,23.8,23.9,24.0,23.9,23.8,23.9,23.9,23.9,23.9,23.9,24.0,23.8,23.8,23.8,23.9,23.9,23.9,23.9,23.9,23.9,23.9,23.8,23.8,23.8,23.9,24.0,23.8,23.7,24.0,23.9,23.9,23.9,24.0,24.0,24.0,23.9,24.0,23.9,24.0,23.9,24.1,24.0,24.0,24.1,24.0,24.3,24.0,23.9,23.9,24.1,24.0,24.0,24.1,24.1,24.1,24.1,24.0,24.0,23.9,24.2,23.8,24.1,24.0,24.1,23.9,24.0,24.0,24.0,24.0,24.0,23.9,24.1,24.1,24.0,24.1,24.1,24.1,24.0,24.1,24.0,24.0,24.0,24.0,24.0,23.9,23.9,24.0,24.0,23.9,23.9,23.9,24.0,24.1,23.9,24.0,24.0,23.9,24.0,24.0,23.8,24.0,23.8,23.9,23.9,23.9,24.0,23.9,24.0,24.0,23.9,24.0,24.0,23.9,23.9,24.0,24.0,23.7,23.9,23.8,23.8,23.9,23.8,24.0,24.0,23.8,23.9,23.8,23.8,23.9,23.9,24.0,23.9,23.8,24.1,24.0,24.0,23.8,23.8,23.8,24.0,24.0,23.8,23.7,23.8,23.8,23.8,23.8,23.8,23.7,23.9,23.8,23.9,23.8,23.7,23.8,23.8,23.7,23.9,23.7,23.7,23.7,23.7,23.8,23.8,23.7,23.6,23.7,23.9,23.7,23.8,23.8,23.7,23.7,23.9
8,24.0,23.7,23.8,23.7,23.9,23.8,23.8,23.9,23.8,23.9,23.9,23.9,23.9,23.9,24.0,23.8,23.9,23.9,23.7,24.0,23.9,23.9,23.9,23.7,23.9,23.8,24.0,24.0,24.0,24.0,23.8,24.0,24.0,24.0,24.0,23.8,23.8,23.9,23.9,23.9,24.0,23.9,23.9,24.0,23.9,24.0,23.9,23.9,23.8,23.9,24.0,23.8,24.0,23.8,24.0,23.8,24.0,24.1,24.1,24.1,23.8,24.1,23.9,24.1,24.1,23.9,24.0,24.0,24.1,24.1,24.1,24.0,24.1,24.0,23.8,24.0,24.2,24.0,24.0,24.0,24.3,24.0,24.0,23.9,24.1,24.0,24.1,24.0,24.1,24.1,24.1,24.1,24.0,23.9,24.0,24.1,24.0,24.1,24.1,24.1,24.1,24.0,24.0,24.2,24.0,24.0,24.0,24.1,24.0,24.0,24.0,23.9,24.0,23.9,24.0,24.0,24.0,24.0,24.0,23.9,23.9,23.9,23.9,23.9,24.1,24.0,23.8,23.9,23.9,24.0,23.9,24.0,24.0,23.9,24.0,23.9,23.8,24.0,23.9,24.0,23.9,23.9,24.1,24.0,24.0,23.9,24.0,23.9,24.1,24.0,24.0,24.2,24.0,23.9,24.0,23.8,23.9,24.1,23.9,23.9,23.9,24.0,23.9,23.8,23.9,23.8,23.8,24.0,23.8,23.9,23.8,23.8,23.8,23.8,23.8,23.9,24.0,23.9,23.7,23.7,23.9,23.8,23.7,23.7,23.8,24.0,23.7,23.8,23.8,23.7,23.9,23.8
9,24.0,23.8,23.8,23.8,23.8,23.8,24.0,23.8,23.9,23.8,23.7,23.7,23.9,23.9,24.0,23.8,23.8,23.8,23.9,24.0,23.9,23.8,23.8,24.0,23.7,23.9,23.9,24.0,24.0,23.9,23.8,23.8,23.7,23.9,23.9,24.0,23.9,24.0,24.0,23.8,23.8,23.9,23.9,23.9,23.9,23.7,23.9,24.0,24.1,23.8,23.9,23.9,24.0,24.2,24.0,24.1,24.0,24.0,24.0,24.0,24.0,24.0,24.0,24.1,24.0,23.9,24.0,24.0,24.2,24.1,24.1,24.0,24.1,24.0,24.0,24.1,24.0,24.0,24.0,24.1,24.0,24.1,24.0,24.2,24.0,24.0,24.1,24.0,24.1,24.1,24.1,24.1,23.9,24.2,24.1,24.1,23.9,24.1,24.1,24.0,24.1,24.2,24.3,24.1,24.0,23.9,24.1,24.0,24.0,24.0,24.0,24.1,24.0,23.9,23.8,23.9,23.9,24.0,24.0,24.0,24.1,24.1,23.9,24.0,23.9,24.0,24.0,24.0,23.9,24.0,24.0,23.9,24.0,23.9,24.0,24.0,23.9,23.9,23.9,24.0,23.9,24.0,23.9,23.8,23.9,23.9,23.9,23.9,24.0,24.0,23.9,23.9,24.1,24.0,23.7,24.0,23.8,23.9,23.9,23.7,23.9,23.8,23.8,23.9,23.8,24.0,23.9,23.8,23.8,23.9,23.8,23.9,23.9,24.0,23.8,23.9,23.7,23.8,23.8,23.8,24.0,23.9,23.8,23.8,23.8,23.9,23.8,23.8,24.0,23.7,23.8,23.8
10,23.8,23.8,23.7,23.8,23.9,23.9,24.0,23.8,23.9,23.9,23.8,24.0,24.0,24.0,24.0,23.9,23.9,23.8,23.9,24.0,24.0,23.9,23.9,23.8,23.9,23.9,23.8,24.1,24.0,24.0,23.9,23.9,23.9,24.0,23.7,23.9,23.9,23.9,23.9,23.9,23.9,23.9,23.9,24.0,24.0,23.9,23.9,23.9,24.1,23.7,23.8,23.9,24.0,24.1,23.9,24.0,23.9,23.9,23.9,24.0,24.1,24.0,24.0,24.0,24.1,24.1,24.0,24.2,24.2,23.8,24.1,24.0,24.0,24.0,24.1,24.1,24.1,24.2,23.9,23.9,24.1,24.1,24.0,24.1,24.0,24.0,24.1,24.1,24.1,24.2,24.1,23.9,24.2,24.1,24.1,24.1,24.1,24.0,24.1,24.0,24.0,24.2,24.2,24.1,24.1,24.0,24.1,24.0,23.9,24.0,24.1,23.9,24.0,23.9,23.9,24.0,24.0,24.0,24.0,24.0,24.0,24.0,23.8,24.0,24.0,24.0,23.8,23.9,23.9,24.0,24.0,24.0,24.0,24.0,23.9,23.9,24.0,24.0,23.8,24.0,24.0,24.0,23.8,23.8,24.0,23.8,23.8,24.2,23.8,23.9,23.9,24.0,23.9,24.0,24.0,23.9,23.9,24.0,24.0,23.9,23.9,23.8,23.9,23.9,24.0,23.9,23.9,23.9,23.9,23.9,23.9,23.9,23.8,23.8,23.7,24.0,24.0,23.8,23.8,23.8,23.9,23.9,23.7,23.8,23.7,23.8,23.8,23.7,23.8,23.7,23.7,23.7
11,23.8,23.9,23.9,23.7,23.8,23.8,23.8,23.7,23.8,24.0,24.0,23.8,23.7,23.9,23.9,23.8,23.9,23.8,23.9,23.8,24.0,23.8,23.9,23.9,23.9,23.9,23.9,23.8,24.0,23.9,23.9,23.9,24.0,23.8,24.1,23.9,24.1,23.8,24.0,23.9,23.9,23.9,24.0,24.1,24.0,24.0,24.1,24.0,23.9,24.0,24.0,23.9,24.0,23.9,24.1,24.0,24.1,24.0,24.1,24.1,24.0,24.2,24.0,24.1,24.0,24.0,24.1,24.1,23.9,24.0,24.1,24.0,24.0,23.9,24.2,24.0,24.2,24.0,24.1,24.0,24.1,24.0,24.0,24.2,24.2,24.0,24.0,24.0,24.0,24.0,24.1,24.2,24.1,24.1,24.1,24.3,24.1,24.1,24.2,24.0,24.2,24.0,24.2,24.2,24.0,24.0,24.0,24.1,24.2,24.0,24.0,24.0,24.0,24.1,24.0,24.2,24.0,24.0,24.0,24.0,24.1,23.9,24.0,24.0,23.9,24.0,23.9,24.0,23.9,24.0,24.0,24.0,24.0,23.9,23.9,23.9,24.0,24.1,24.0,23.9,23.9,23.9,23.8,23.9,23.9,23.9,24.0,23.9,24.0,23.9,23.9,23.9,23.9,23.9,23.8,23.8,23.9,23.8,23.9,24.0,23.9,23.8,23.8,23.7,23.7,23.9,23.7,23.8,24.0,23.8,23.9,24.0,23.8,24.0,23.8,23.9,24.0,23.8,23.8,23.9,23.9,24.0,23.7,23.8,23.7,23.7,23.8,23.9,23.7,23.7,23.9,23.9
12,23.9,23.8,23.9,23.8,24.1,23.9,23.8,23.8,23.8,23.9,23.8,23.9,23.9,23.9,23.8,23.9,24.0,23.8,23.9,23.8,23.9,23.8,24.0,23.9,23.8,23.8,23.8,23.8,23.7,23.8,23.9,23.9,23.8,23.9,23.9,23.9,23.8,23.7,23.7,23.9,24.0,24.1,23.9,24.0,23.9,23.9,24.0,24.0,23.8,23.8,23.8,23.9,23.9,24.2,23.9,23.9,24.0,23.9,24.0,24.0,24.0,23.9,23.9,24.0,24.1,23.9,24.0,24.0,24.1,24.1,24.1,24.0,24.1,24.0,24.0,23.9,24.1,23.9,24.1,24.0,24.1,24.1,24.0,24.2,24.1,24.1,24.0,24.0,24.0,24.0,24.2,24.2,24.1,24.2,24.1,24.2,24.0,24.0,24.0,24.2,24.1,24.1,24.0,24.2,24.0,24.0,24.1,24.2,24.1,24.0,24.2,24.2,24.0,24.0,24.0,24.0,24.0,24.0,24.0,24.0,24.0,23.9,24.1,24.0,23.9,23.9,24.0,24.0,23.9,24.0,23.9,24.0,24.0,24.0,24.0,23.9,24.1,24.0,23.9,24.0,24.0,23.9,23.9,24.0,23.8,24.0,24.0,24.0,23.8,23.9,23.8,23.9,23.8,23.9,23.8,24.0,23.9,23.9,24.1,23.9,23.9,23.7,23.9,23.8,23.9,23.9,23.7,23.8,23.9,23.8,23.8,23.7,23.8,23.9,23.8,23.9,23.9,23.9,23.8,23.8,23.8,23.9,23.7,23.7,23.7,23.9,23.8,23.8,23.7,23.7,23.7,23.7
13,23.9,23.9,23.8,24.0,23.8,23.9,23.9,23.9,23.8,23.8,24.0,23.8,23.9,23.9,23.8,24.0,23.8,23.8,23.8,23.7,23.8,23.8,23.9,23.8,23.7,23.8,23.8,23.8,23.8,23.8,23.8,23.8,24.0,23.8,24.0,23.9,24.0,24.1,23.8,23.9,24.0,23.8,23.9,23.9,24.0,24.0,24.0,24.0,24.0,24.1,24.0,23.9,24.0,23.9,24.0,24.0,23.9,24.0,23.9,24.0,24.1,24.0,23.8,24.2,24.0,24.1,24.2,23.9,24.0,24.1,24.0,24.1,24.1,24.0,24.1,24.0,24.0,24.1,24.1,24.0,24.0,24.1,24.1,24.1,24.1,24.2,24.2,24.1,24.0,24.1,24.1,24.1,24.1,24.0,24.1,24.1,24.0,24.2,24.1,24.0,24.0,24.0,24.1,24.1,24.2,24.0,24.1,24.2,24.1,24.1,24.1,24.1,24.1,24.1,24.1,24.1,24.0,24.2,23.9,24.1,24.0,23.9,24.2,23.9,24.0,24.0,24.0,23.9,23.8,23.9,23.9,24.1,24.1,24.1,23.9,24.1,23.9,23.9,23.9,23.8,24.0,24.0,24.0,23.9,24.1,24.0,24.0,23.9,24.1,23.8,24.0,24.0,24.2,23.9,23.8,24.0,23.9,23.9,23.9,24.0,23.9,23.9,23.9,24.0,23.8,23.9,23.9,23.8,24.0,23.8,23.7,24.0,23.8,24.0,23.8,23.9,23.8,23.9,23.8,23.9,24.0,23.9,23.9,23.7,23.8,23.7,23.8,23.8,23.7,23.7,23.8,23.8
14,23.8,23.9,24.0,24.0,23.8,23.9,23.9,23.9,23.9,23.9,24.0,23.9,23.9,23.9,23.8,23.8,23.8,23.9,23.9,24.0,24.0,24.0,23.8,24.0,24.1,23.9,24.0,23.9,24.0,23.9,23.8,24.0,24.0,24.0,24.0,24.0,23.9,24.1,23.9,24.0,23.8,24.0,23.9,23.9,23.9,23.9,24.0,23.9,24.1,23.9,23.9,23.9,24.2,24.0,24.0,24.0,24.2,24.0,23.9,24.0,24.1,24.0,24.2,24.1,24.0,24.0,24.1,24.2,24.2,24.0,24.1,24.0,24.2,24.3,24.1,24.1,24.2,24.1,24.2,24.0,24.2,24.1,24.2,24.2,24.1,24.1,24.0,24.0,24.1,24.2,24.1,24.1,24.0,24.3,24.0,24.2,24.2,24.3,24.1,24.1,24.1,24.2,24.1,24.3,24.1,24.2,24.0,24.1,24.1,24.1,24.1,24.1,24.0,24.0,24.1,24.1,23.8,24.0,24.0,24.1,24.0,24.0,24.1,24.1,24.0,24.1,24.2,24.0,24.1,24.0,23.8,24.2,23.9,24.1,24.0,23.8,24.0,23.8,24.0,24.0,24.0,24.0,24.0,23.9,23.9,24.0,24.0,23.9,24.0,23.9,23.9,24.0,23.9,24.0,23.9,23.7,23.9,24.0,23.9,23.9,23.8,23.9,24.0,23.8,23.8,23.8,23.9,23.7,23.7,23.9,23.8,23.7,23.8,23.9,23.8,23.7,24.0,23.9,23.7,23.7,23.9,24.0,24.0,23.7,23.8,23.9,24.0,23.9,23.8,23.7,23.7,23.9
15,23.9,23.9,23.9,23.8,23.8,23.9,23.8,23.9,23.8,24.0,23.9,23.8,23.9,24.0,23.9,23.9,23.9,23.8,23.9,23.8,23.7,23.8,23.8,23.7,23.8,23.7,24.0,23.9,24.0,23.9,23.9,23.9,23.9,24.0,24.0,23.9,23.9,24.0,24.0,23.8,24.0,23.9,23.9,24.0,23.7,23.9,24.0,24.1,24.0,24.0,24.0,23.9,24.0,24.0,24.0,23.9,24.0,24.0,24.0,24.1,24.0,24.1,24.0,24.0,24.1,24.0,24.0,24.0,24.1,24.1,24.2,24.1,24.2,24.0,24.1,24.0,24.2,24.1,24.0,24.1,24.2,24.2,24.0,24.3,24.1,24.1,24.0,24.1,24.1,24.1,24.3,24.1,24.2,24.0,24.1,24.3,24.2,24.0,24.1,24.0,24.2,24.2,24.1,24.1,24.2,24.0,24.0,24.2,24.2,24.2,24.0,24.1,24.2,24.1,24.1,24.1,24.1,24.2,24.0,24.0,24.0,24.0,24.0,24.0,23.9,23.9,24.0,24.0,24.0,23.9,24.0,23.9,24.1,24.2,24.0,24.0,24.0,24.0,24.0,23.8,24.0,24.0,23.9,24.0,24.0,24.0,23.9,24.0,24.0,23.9,23.8,23.9,23.9,23.8,23.9,23.8,23.7,24.0,24.0,23.9,23.9,23.9,24.0,23.9,23.8,23.8,23.9,23.9,23.7,23.7,23.8,23.8,23.8,23.9,23.8,23.8,23.8,23.9,23.9,23.8,23.8,23.8,23.8,23.7,23.8,23.9,23.7,23.7,23.7,23.7,23.7,23.8
16,24.0,24.0,23.8,23.9,23.9,23.8,23.7,23.8,23.9,23.9,23.9,24.0,24.0,24.0,23.7,23.9,23.9,23.7,23.9,23.9,24.0,24.1,23.8,23.9,23.9,24.0,24.0,24.1,24.0,23.9,24.0,24.0,23.9,23.8,24.0,23.9,24.0,24.0,23.8,23.9,23.9,23.8,23.9,23.9,23.8,24.0,23.9,24.1,23.9,24.0,24.0,23.8,24.0,24.0,24.1,23.8,23.9,23.9,24.0,24.0,24.2,24.0,24.0,24.0,24.1,23.9,24.0,23.9,24.0,24.1,24.1,24.0,24.1,24.0,24.0,24.1,24.0,24.1,24.1,24.3,24.3,24.2,24.2,24.1,24.3,24.1,24.1,24.1,24.0,24.2,24.1,24.1,24.1,24.2,24.2,24.2,24.0,24.3,24.1,24.2,24.1,24.1,24.1,24.1,24.0,24.1,24.0,24.1,24.1,24.1,24.1,24.3,24.0,24.0,24.0,24.1,24.0,24.2,23.9,24.1,24.0,24.0,23.9,23.9,24.0,24.0,24.0,24.0,24.1,24.1,24.0,24.0,24.0,24.0,24.0,23.9,24.0,24.0,24.0,23.9,24.0,23.9,23.8,23.9,23.8,23.8,24.0,24.0,23.9,24.0,23.9,24.0,23.9,23.7,23.8,23.9,24.0,23.8,23.9,23.8,23.7,24.0,23.9,24.0,23.9,23.9,23.8,23.9,23.7,23.8,23.9,23.8,23.7,23.7,23.8,23.8,23.9,23.7,23.7,23.9,23.8,23.9,23.7,23.7,23.7,23.8,23.9,23.7,23.7,23.7,23.7,23.7
17,24.0,24.0,23.9,24.0,23.7,23.8,24.0,23.8,23.8,23.8,23.9,23.8,23.9,23.7,24.0,23.9,23.9,23.9,24.0,24.0,23.9,24.0,23.9,24.0,24.0,23.9,24.0,23.9,23.9,23.9,23.9,23.9,23.9,23.9,24.0,24.0,24.1,24.0,24.0,23.9,24.0,23.9,23.7,24.1,24.1,24.0,23.9,23.9,23.9,24.0,23.9,23.9,24.1,24.2,24.1,23.9,24.0,24.1,24.0,24.1,24.0,24.1,24.0,24.2,24.1,24.1,24.0,24.1,24.1,24.0,24.1,24.1,24.2,24.1,24.1,24.1,24.3,24.2,24.2,24.1,24.1,24.1,24.2,24.2,24.2,24.2,24.2,24.1,24.1,24.2,24.2,24.1,24.3,24.0,24.1,24.3,24.2,24.3,24.0,24.2,24.1,24.1,24.4,24.1,24.2,24.2,24.1,24.1,24.0,24.2,24.0,24.0,24.3,24.0,24.1,24.1,24.0,24.0,24.1,24.0,24.1,24.1,24.1,24.0,24.1,24.0,24.0,24.1,24.2,24.0,24.0,23.9,24.0,24.0,24.1,24.1,24.2,24.0,24.0,24.0,24.0,24.0,24.0,23.9,24.0,24.0,24.0,24.0,24.0,23.8,23.9,24.0,24.1,24.1,23.9,23.9,23.9,24.0,23.9,24.0,23.8,23.8,23.8,24.0,24.0,23.9,23.7,23.7,23.9,23.8,23.7,23.8,23.8,23.9,23.8,23.8,23.8,23.8,23.8,23.8,23.7,23.9,23.8,23.9,23.9,23.9,23.9,23.9,23.8,23.8,23.9,23.7
18,24.0,23.9,23.8,24.0,23.9,23.9,23.8,23.8,23.9,23.9,23.8,23.8,24.0,23.9,23.9,23.9,23.6,24.0,23.8,24.0,23.9,23.7,23.9,23.7,24.1,23.9,24.0,23.9,23.8,23.8,23.9,23.9,24.0,23.9,24.0,24.0,24.0,24.0,23.9,23.9,23.9,24.0,24.0,24.0,24.0,24.0,23.8,24.1,24.0,24.0,24.0,24.1,24.1,23.9,24.1,23.8,24.1,24.0,24.1,24.0,24.2,24.1,24.0,24.2,24.0,24.0,24.1,23.9,24.0,24.0,24.2,24.0,24.2,24.1,24.2,24.1,24.2,24.2,24.2,24.2,24.2,24.0,24.1,24.0,24.1,24.0,24.2,24.1,24.2,24.1,24.2,24.0,24.1,24.2,24.2,24.1,24.1,24.1,24.2,24.2,24.1,24.2,24.1,24.0,24.2,24.2,24.0,24.3,24.3,24.0,24.1,23.9,24.2,24.1,24.1,24.2,24.0,24.0,24.0,24.3,24.0,23.9,24.0,24.0,24.1,24.0,24.1,24.0,24.0,24.0,23.9,24.0,24.1,24.1,24.0,24.1,24.0,24.0,24.0,24.1,23.9,24.0,24.0,24.0,24.0,23.9,23.7,23.9,23.9,24.0,23.9,24.0,23.8,24.0,23.8,23.8,23.8,23.8,23.9,23.9,23.7,23.8,23.9,24.0,23.8,24.0,24.0,23.9,23.8,23.8,23.7,23.8,24.0,23.7,24.0,23.8,23.9,23.8,23.8,23.8,23.8,23.7,23.8,23.7,23.9,23.9,23.9,23.8,23.9,23.8,23.9,23.9
19,23.9,24.0,24.0,23.8,23.9,23.9,23.7,23.7,23.8,23.9,23.8,23.8,24.0,23.8,24.0,23.9,23.7,23.9,23.9,23.9,23.9,24.0,23.8,23.8,24.0,23.9,24.0,23.9,23.8,24.0,23.9,23.9,24.0,23.8,23.8,23.9,23.9,23.9,23.8,23.8,23.9,23.8,24.0,24.0,24.0,24.0,24.0,23.8,24.1,24.0,24.0,24.0,24.0,24.0,24.0,24.0,23.9,24.1,24.0,24.1,24.1,24.0,24.0,24.0,24.1,24.1,24.0,24.1,24.0,24.0,24.1,24.2,24.1,24.2,24.3,24.2,24.3,24.4,24.1,24.1,24.2,24.2,24.1,24.3,24.2,24.1,24.2,24.2,24.2,24.2,24.1,24.1,24.3,24.2,24.1,24.3,24.1,24.2,24.1,24.2,24.2,24.2,24.2,24.2,24.2,24.3,24.0,24.0,24.1,24.1,24.1,24.1,24.1,24.0,23.9,24.3,24.2,24.1,24.0,24.1,24.3,24.1,24.1,24.1,24.2,24.2,24.2,24.1,24.0,24.1,24.2,24.3,24.1,24.3,24.1,24.1,24.3,24.1,24.3,24.1,23.9,23.9,24.0,24.0,23.9,24.0,23.9,23.8,23.9,23.9,24.0,23.9,23.9,23.9,23.8,23.9,23.8,23.9,23.9,23.9,23.8,23.8,23.8,23.8,23.8,24.0,23.8,23.7,23.9,23.9,23.7,24.0,23.9,23.8,23.8,23.9,23.9,23.8,23.8,23.7,23.8,23.8,23.8,23.8,23.8,24.0,23.8,23.9,23.8,23.8,23.8,23.9
20,23.8,23.8,23.8,23.8,23.7,23.7,23.7,23.8,23.8,23.9,23.9,23.9,23.9,23.7,23.8,23.7,24.0,24.0,23.9,23.9,24.0,23.8,23.8,23.8,23.9,24.0,23.9,24.0,24.0,24.1,23.9,23.9,23.9,24.0,24.0,23.8,24.0,24.0,24.0,24.0,24.1,24.0,24.0,24.0,24.0,24.0,24.0,24.1,24.1,24.2,24.1,24.0,24.0,24.0,24.2,23.9,24.0,24.0,24.0,24.0,24.1,24.1,24.0,24.2,23.9,24.1,24.2,24.1,24.0,24.0,24.1,24.2,24.1,24.1,24.2,24.0,24.3,24.4,24.1,24.2,24.2,24.1,24.2,24.1,24.1,24.3,24.1,24.0,24.2,24.2,24.2,24.3,24.1,24.2,24.2,24.2,24.1,24.1,24.3,24.3,24.1,24.2,24.1,24.2,24.1,24.0,24.1,24.2,24.2,24.2,24.2,24.2,24.1,24.2,24.0,24.0,24.1,24.1,24.1,24.1,24.4,24.4,24.5,24.4,24.3,24.3,24.5,24.6,24.4,24.5,24.6,24.7,24.7,24.6,24.7,24.8,24.7,24.5,24.4,24.2,23.9,24.1,23.8,23.9,23.9,23.8,23.9,24.0,24.0,23.9,23.9,23.9,24.0,23.8,24.0,23.9,23.9,23.8,23.9,24.0,23.9,23.8,23.9,23.8,23.7,23.9,23.8,23.7,23.7,23.9,23.8,23.9,23.7,24.0,23.7,23.8,23.7,23.8,23.9,23.7,23.8,23.7,24.0,23.8,23.8,24.0,23.9,23.8,23.7,23.8,23.9,24.0
21,23.9,23.9,23.7,23.8,24.0,23.9,23.8,23.7,23.7,23.8,23.9,23.7,24.0,23.8,24.0,23.9,23.8,23.8,23.8,23.8,23.9,23.9,23.7,23.9,24.0,23.9,23.9,23.9,23.9,24.0,24.0,23.8,23.9,23.9,24.0,24.0,23.9,23.9,23.9,24.2,24.0,23.9,23.9,24.2,24.0,24.2,24.2,24.0,24.2,24.0,24.2,24.0,24.1,24.0,24.0,24.0,24.1,24.1,23.9,24.0,24.1,24.0,23.9,24.0,24.1,24.0,24.2,24.2,24.0,24.0,24.0,24.1,24.1,24.1,24.0,24.0,24.1,24.1,24.2,24.2,24.1,24.1,24.2,24.2,24.2,24.1,24.0,24.3,24.2,24.3,24.3,24.2,24.2,24.2,24.3,24.2,24.2,24.4,24.2,24.2,24.2,24.3,24.2,24.0,24.1,24.0,24.1,24.1,24.0,24.2,24.1,24.1,24.1,24.1,24.2,24.1,24.2,24.2,23.9,24.1,24.4,24.6,24.6,24.8,24.7,24.7,24.8,24.8,24.9,25.1,25.4,25.3,25.4,25.5,25.6,25.6,25.6,25.3,25.0,24.4,23.9,23.8,24.0,24.0,24.0,23.9,24.0,23.9,23.8,23.9,23.9,23.9,24.0,23.9,24.0,23.8,23.7,23.9,23.8,23.8,23.8,23.7,23.8,23.9,24.0,23.9,23.9,23.9,23.8,23.8,23.7,23.8,23.8,23.9,23.9,23.8,23.9,23.7,23.7,23.8,23.8,23.8,23.7,23.7,23.9,23.8,23.8,23.7,23.8,23.9,23.8,23.5
22,23.8,23.9,23.8,23.7,23.7,23.8,23.9,23.8,23.7,23.9,23.7,23.9,23.9,24.0,23.8,23.8,23.8,23.7,24.0,23.9,24.0,24.0,23.8,23.9,24.0,23.9,24.0,24.0,23.9,24.1,24.0,24.0,23.9,23.9,23.9,23.9,23.9,24.0,23.9,24.0,24.1,24.1,24.1,24.0,24.0,24.1,24.1,23.9,24.1,24.0,24.1,24.0,24.1,24.0,24.0,24.1,24.0,24.0,24.0,24.0,24.0,24.2,24.1,24.2,24.0,24.2,24.1,24.1,24.1,23.9,23.9,24.0,24.2,24.0,24.3,24.1,24.1,24.2,24.2,24.3,24.3,24.2,24.1,24.1,24.1,24.0,24.1,24.2,24.2,24.2,24.3,24.1,24.0,24.2,24.0,24.0,24.1,24.1,24.2,24.1,24.0,24.1,24.1,24.2,24.1,24.3,24.2,24.1,24.1,24.1,24.0,23.9,24.0,24.0,24.0,24.1,24.0,24.1,24.2,24.2,24.6,25.0,25.1,25.2,25.2,25.2,25.3,25.4,25.5,25.9,25.9,26.3,26.4,26.7,26.7,26.8,27.0,26.5,25.7,24.6,24.2,23.9,23.9,23.9,23.9,23.9,23.9,23.9,23.8,23.9,23.9,24.0,23.8,23.9,23.7,23.9,23.9,24.0,23.8,24.0,24.0,23.9,23.9,23.8,24.0,23.8,23.8,23.8,23.8,23.9,23.8,23.9,23.9,23.9,23.5,23.9,23.7,24.0,24.0,23.7,23.8,23.9,23.9,23.8,23.7,23.9,23.6,23.7,23.9,23.7,23.7,23.7
23,23.9,24.0,23.9,23.8,24.0,23.9,23.8,23.8,23.7,23.7,23.9,23.9,23.9,23.8,23.9,23.8,23.8,24.0,23.8,24.0,23.8,23.9,24.0,23.9,24.0,23.9,24.0,23.9,23.8,23.9,23.9,24.0,24.0,23.9,24.0,24.1,23.9,24.0,24.0,24.0,24.1,23.9,24.0,24.0,24.0,24.0,24.1,24.1,24.1,24.0,24.2,24.0,24.1,24.1,24.1,23.9,24.1,24.0,24.1,24.0,24.1,23.9,24.0,24.2,24.1,24.1,24.1,24.2,24.1,24.2,24.0,24.1,24.2,24.2,24.2,24.3,24.3,24.4,24.2,24.3,24.2,24.2,24.1,24.2,24.3,24.0,24.1,24.3,24.1,24.2,24.0,24.2,24.1,24.0,24.1,24.2,24.2,24.0,24.0,24.1,24.0,24.0,24.0,24.0,24.1,24.1,24.0,24.0,24.1,24.0,24.0,24.1,24.1,24.0,23.9,24.1,24.0,23.8,24.0,24.3,24.6,24.9,25.1,25.3,25.5,25.4,25.7,25.8,26.0,26.4,26.8,27.1,27.6,28.0,28.4,28.4,28.7,28.0,26.3,25.0,24.2,24.0,24.0,23.9,24.0,23.9,23.9,23.9,23.8,24.1,23.9,24.0,24.0,24.0,23.9,23.9,24.0,23.8,24.0,23.9,24.0,24.0,24.0,24.0,23.9,23.8,24.0,23.8,23.9,23.7,23.8,23.8,23.8,24.0,23.7,23.7,23.9,23.8,23.8,23.8,24.0,23.9,23.8,23.9,23.7,23.9,23.7,23.7,23.9,23.8,23.8,23.7
24,23.8,23.8,23.9,23.7,23.7,23.9,23.9,23.6,23.8,23.8,23.8,23.9,23.9,23.8,23.9,23.8,23.8,23.9,23.9,23.9,24.0,23.8,23.8,23.9,24.0,24.0,24.0,24.0,24.0,24.0,23.8,24.0,24.0,23.9,23.9,24.1,24.0,24.0,23.9,24.0,24.2,23.9,24.1,24.0,24.1,24.1,24.0,24.1,24.0,24.0,24.0,24.0,24.1,24.2,24.1,23.8,24.1,24.0,24.0,24.2,24.2,24.1,24.0,24.3,24.2,24.0,24.3,24.2,24.3,24.3,24.2,24.2,24.0,24.1,24.2,24.3,24.3,24.1,24.2,24.2,24.4,24.1,24.1,24.1,24.2,24.2,24.0,24.2,24.0,24.1,24.0,24.1,24.2,24.2,24.1,24.2,24.1,24.0,24.0,24.0,24.0,23.9,23.9,23.9,24.0,24.0,24.0,23.9,24.0,23.9,24.0,24.0,23.9,23.8,23.9,23.9,23.8,24.0,23.9,24.1,24.5,24.7,24.9,25.0,25.2,25.3,25.6,25.7,26.0,26.3,26.7,27.0,27.6,28.2,28.7,29.0,29.0,28.6,26.8,24.9,24.1,24.0,23.9,23.9,23.9,24.0,23.9,24.0,23.9,24.0,24.0,23.9,24.0,24.0,23.9,24.0,23.9,23.9,24.0,23.9,23.8,23.9,23.8,24.1,23.9,24.0,23.7,23.8,24.0,23.9,23.8,23.8,23.9,23.8,23.9,23.7,24.0,23.8,23.7,24.0,23.9,23.8,23.7,23.8,23.8,23.8,23.8,23.8,23.9,23.9,23.7,23.8
25,24.0,23.9,23.9,23.8,24.0,23.9,23.7,23.9,23.8,23.8,23.9,24.0,23.9,23.9,24.1,23.9,23.9,23.9,23.9,24.0,23.9,24.0,23.9,24.0,24.0,23.9,24.0,24.1,24.1,24.0,24.0,24.0,24.1,24.0,24.0,24.1,24.2,24.1,24.1,24.0,24.1,24.1,24.1,24.3,24.1,24.1,24.1,24.3,24.2,24.2,24.1,24.3,24.2,24.1,24.1,24.0,24.2,24.2,24.2,24.1,24.0,24.0,24.0,24.0,24.0,24.2,24.2,24.0,24.1,24.1,24.1,24.0,23.9,24.1,24.4,24.3,24.4,24.4,24.3,24.3,24.5,24.3,24.3,24.3,24.1,24.2,24.2,24.0,24.1,24.0,24.0,24.0,23.9,23.9,24.0,23.9,24.0,24.1,24.2,23.9,23.8,23.9,23.9,23.9,23.7,24.0,23.8,23.8,23.9,23.7,23.9,23.8,23.9,23.7,23.7,23.7,23.8,23.7,23.7,24.0,24.2,24.3,24.4,24.7,24.9,25.1,25.1,25.2,25.5,25.7,26.1,26.5,26.9,27.6,28.1,28.4,28.6,28.2,26.4,24.6,24.1,24.0,23.8,23.9,23.8,23.9,23.9,24.0,24.2,24.0,23.8,24.0,23.8,24.0,23.9,23.7,23.7,24.0,23.9,23.9,23.9,23.7,23.7,23.8,23.9,24.0,23.9,23.9,24.0,24.0,24.0,23.7,23.9,23.9,23.7,23.7,23.9,23.7,23.7,23.7,23.8,23.9,23.9,23.8,23.7,23.9,23.7,23.9,23.8,23.8,23.8,23.9
26,23.8,23.9,23.8,24.1,23.9,23.9,23.8,23.8,23.7,23.9,23.7,23.9,23.9,23.9,23.9,24.1,23.9,23.8,23.9,24.1,24.0,24.0,23.9,24.0,24.1,24.0,24.3,24.0,24.0,23.9,24.0,24.0,24.0,24.1,24.2,24.1,24.1,24.2,24.3,24.2,24.3,24.0,24.2,24.2,24.1,24.2,24.4,24.3,24.1,24.3,24.2,24.2,24.3,24.3,24.0,24.1,24.1,24.0,24.0,24.1,24.2,24.1,24.2,24.2,24.2,23.9,24.1,24.0,24.0,24.0,24.0,23.9,23.9,24.1,24.2,24.4,24.3,24.5,24.6,24.5,24.3,24.3,24.3,24.3,24.3,24.3,24.0,23.9,24.0,24.0,23.9,23.9,23.9,24.0,23.9,23.8,23.8,24.0,23.9,23.8,23.9,23.9,23.7,23.9,23.8,23.7,23.7,23.8,23.8,23.9,23.7,23.7,23.7,23.7,23.7,23.7,23.7,23.8,23.5,23.7,23.9,23.8,24.1,24.3,24.5,24.7,24.6,24.9,25.0,25.1,25.4,25.7,26.1,26.9,27.3,27.5,27.6,27.2,25.6,24.4,24.0,24.0,24.0,23.9,24.0,24.1,24.1,24.2,24.1,24.0,23.9,23.9,24.1,24.1,23.8,24.0,23.9,24.0,23.9,24.0,23.9,24.0,23.8,24.0,24.1,23.9,23.9,23.9,23.9,24.0,23.8,23.8,23.7,23.9,23.8,23.8,23.8,23.8,23.8,23.7,24.1,23.9,23.7,23.8,23.9,23.7,23.8,23.9,23.9,23.9,24.1,23.9
27,23.9,23.8,23.7,23.8,24.0,24.0,23.8,23.7,24.0,23.9,24.0,23.9,24.1,23.9,23.8,23.9,23.9,23.9,23.9,23.9,24.0,24.0,24.0,24.1,24.1,24.0,24.0,24.0,24.1,24.1,24.2,24.2,24.1,24.0,24.3,24.2,24.0,24.2,24.1,24.0,24.1,24.1,24.2,24.2,24.2,24.2,24.3,24.3,24.2,24.4,24.2,24.2,24.2,24.2,24.3,24.1,24.0,24.0,24.0,24.1,23.9,24.0,24.0,24.1,24.0,24.0,24.1,24.0,24.0,24.0,24.1,24.0,23.9,24.3,24.4,24.4,24.4,24.3,24.4,24.4,24.4,24.3,24.3,24.2,24.2,24.1,24.1,24.1,24.1,24.0,24.0,23.9,23.9,23.9,24.0,23.9,23.8,23.8,23.9,23.6,23.8,23.8,23.9,23.9,23.7,23.8,23.8,23.7,23.7,23.7,23.7,23.8,23.8,23.7,23.7,23.7,23.6,23.7,23.7,23.6,23.5,23.4,23.7,24.0,24.2,24.3,24.2,24.3,24.5,24.4,24.6,24.8,25.1,25.4,25.4,25.4,25.5,25.2,24.7,24.2,24.0,24.0,24.0,24.0,24.0,24.2,24.1,24.2,24.1,23.9,24.1,24.1,23.8,24.0,23.8,24.0,23.9,23.9,24.0,23.7,23.9,23.8,23.8,23.9,23.9,24.0,23.9,23.9,24.1,24.0,23.9,23.9,23.9,24.0,23.9,23.7,23.8,23.9,23.7,23.8,23.9,23.8,23.9,23.8,23.9,23.7,23.9,24.0,23.9,24.0,23.7,23.9
28,24.0,24.0,23.9,23.8,23.8,24.0,23.8,23.9,23.9,23.9,24.0,24.0,23.9,24.0,23.9,24.0,24.2,24.0,24.0,24.1,24.2,24.0,23.8,23.9,24.1,24.0,24.0,24.1,23.8,24.2,24.0,24.0,24.0,24.1,24.1,24.2,24.0,24.1,24.0,24.1,24.3,24.2,24.2,24.1,24.2,24.2,24.3,24.2,24.3,24.1,24.3,24.2,24.3,24.3,24.2,24.2,24.1,24.2,24.0,24.1,24.1,24.2,24.0,24.2,24.0,24.1,24.0,23.9,24.1,24.0,23.9,24.0,24.0,24.0,24.2,24.3,24.3,24.4,24.3,24.4,24.4,24.3,24.3,24.2,24.2,24.3,24.0,24.0,24.1,24.1,24.1,24.1,24.0,24.0,23.9,24.0,24.0,23.9,23.9,23.7,23.8,23.8,23.8,23.9,24.0,24.0,23.8,23.9,23.8,24.0,23.8,23.7,23.8,23.7,23.6,23.7,23.7,23.8,23.7,23.8,23.7,23.7,23.8,24.1,24.2,24.1,24.3,24.1,24.1,24.3,24.4,24.6,24.5,24.8,24.8,24.6,24.6,24.4,24.3,24.2,24.0,24.2,24.2,24.2,24.3,24.5,24.6,24.2,24.2,24.1,24.1,24.3,24.1,24.0,23.8,23.9,24.0,24.0,24.0,24.1,23.9,23.9,24.1,24.0,24.1,23.9,24.1,24.0,23.8,24.0,23.9,24.0,24.0,24.0,23.9,23.9,24.0,23.7,23.9,23.9,23.9,23.9,24.0,23.9,23.8,24.0,23.9,23.9,24.0,24.0,23.9,23.9
29,23.9,23.9,23.9,24.0,23.9,24.0,23.8,23.9,23.9,23.9,24.1,23.9,24.0,23.7,24.1,23.9,24.0,24.2,24.0,24.1,24.2,24.0,23.9,24.0,24.0,24.0,24.1,24.1,24.1,24.1,24.1,24.0,24.1,24.1,24.0,24.0,24.1,24.2,24.3,24.2,24.3,24.3,24.2,24.3,24.2,24.1,24.4,24.3,24.3,24.3,24.3,24.3,24.3,24.3,24.3,24.2,24.0,24.1,24.2,24.1,24.0,24.2,24.1,24.3,24.1,24.0,24.0,24.1,24.1,24.2,24.0,24.2,24.2,24.1,24.2,24.4,24.5,24.2,24.4,24.5,24.4,24.3,24.3,24.1,24.3,24.3,24.2,24.1,24.1,24.0,24.3,24.2,24.1,23.9,23.9,24.0,24.0,24.0,24.0,24.1,24.0,23.9,23.9,23.9,24.0,23.9,24.0,23.9,23.8,24.0,24.0,23.9,24.0,23.8,23.9,23.9,23.8,23.9,24.0,23.9,23.8,23.7,24.0,24.1,24.2,24.1,24.3,24.2,24.2,24.3,24.1,24.4,24.5,24.5,24.3,24.3,24.2,24.1,24.1,24.0,24.1,24.2,24.2,24.3,24.5,24.9,24.7,24.3,24.3,24.4,24.4,24.3,24.0,24.1,23.9,23.7,23.8,23.9,24.0,24.0,23.9,23.8,23.8,23.7,24.0,23.9,23.9,23.9,23.9,23.8,24.0,24.0,23.9,24.0,23.8,23.7,23.9,23.9,23.8,23.9,23.9,24.0,23.8,23.9,23.7,23.7,23.9,24.1,24.0,23.8,23.8,24.0
30,23.7,23.7,23.9,23.8,24.0,23.8,23.8,24.1,24.0,23.8,23.9,23.7,23.9,24.0,24.0,23.8,23.9,24.0,24.0,24.0,24.1,24.0,24.1,23.9,24.1,24.0,24.1,24.0,24.1,24.0,24.1,24.2,24.3,24.0,24.1,24.2,24.3,24.2,24.2,24.2,24.2,24.2,24.1,24.2,24.1,24.1,24.1,24.1,24.3,24.2,24.3,24.3,24.3,24.3,24.3,24.1,24.2,24.2,24.1,24.1,24.1,24.3,24.3,24.2,24.3,24.2,24.1,24.1,24.3,24.1,24.1,24.1,24.0,24.3,24.3,24.4,24.5,24.4,24.4,24.2,24.4,24.3,24.3,24.3,24.3,24.2,24.2,24.2,24.2,24.1,24.3,24.2,24.0,24.0,24.3,24.2,24.2,24.3,24.1,24.2,24.1,24.0,24.1,24.1,24.2,24.0,24.1,24.0,24.0,23.9,24.0,24.0,24.1,24.0,24.2,23.9,23.8,23.8,24.0,24.1,24.1,24.0,24.1,24.2,24.1,24.3,24.3,24.2,24.1,24.2,24.2,24.4,24.6,24.4,24.2,24.1,24.2,24.2,24.1,24.1,24.0,24.1,24.3,24.7,24.7,24.7,24.2,24.0,24.0,24.4,24.6,24.3,24.0,23.9,23.9,23.7,23.9,23.8,23.8,24.0,23.9,23.7,23.9,24.0,23.9,23.7,23.8,23.9,23.7,23.9,23.9,23.8,24.1,24.0,24.0,23.8,23.8,23.8,23.7,23.9,23.9,23.8,23.8,23.7,23.8,23.7,23.8,23.9,23.7,23.7,23.9,23.8
31,23.9,23.9,23.9,23.9,23.8,23.9,23.8,24.1,24.0,23.8,24.0,23.7,24.0,24.0,24.0,23.9,23.9,23.8,23.9,24.1,24.0,24.1,24.0,24.0,24.0,24.0,24.1,24.0,23.8,24.2,24.1,24.1,24.2,24.2,24.0,24.3,24.2,24.2,24.1,24.1,24.3,24.2,24.0,24.3,24.3,24.1,24.2,24.3,24.2,24.1,24.2,24.2,24.3,24.3,24.3,24.2,24.1,24.3,24.3,24.2,24.1,24.3,24.5,24.6,24.3,24.1,24.1,24.1,24.2,24.4,24.2,24.4,24.4,24.3,24.5,24.4,24.4,24.4,24.2,24.2,24.2,24.4,24.3,24.3,24.3,24.3,24.2,24.1,24.1,24.2,24.2,24.1,24.1,24.1,24.2,24.2,24.1,24.1,24.0,24.0,24.0,24.1,24.0,24.1,24.1,24.1,24.1,24.1,24.1,24.0,24.1,24.1,24.2,24.1,24.0,24.0,24.0,23.9,24.3,24.2,24.1,24.2,24.3,24.3,24.2,24.3,24.3,24.5,24.3,24.2,24.1,24.4,24.4,24.3,24.2,24.2,24.1,24.1,24.1,24.1,24.0,24.0,24.3,24.6,24.4,24.5,24.1,24.0,24.1,24.6,24.6,24.3,23.9,23.8,23.8,23.9,24.0,23.9,24.0,23.8,23.8,23.8,24.0,24.0,23.9,23.9,23.9,24.0,23.8,23.8,23.8,23.7,23.8,23.9,23.9,24.0,23.9,23.9,23.8,23.8,23.8,24.0,23.8,23.8,23.7,23.9,23.7,23.9,23.8,23.7,23.8,23.8
32,23.9,23.8,24.0,23.9,23.8,24.0,24.1,24.0,24.0,23.9,24.0,24.0,24.0,24.0,24.0,24.1,24.0,24.0,24.0,24.1,24.1,24.1,24.1,24.0,24.0,24.0,24.2,24.0,24.1,24.2,24.0,24.1,24.2,24.1,24.2,24.3,24.2,24.2,24.3,24.3,24.4,24.3,24.2,24.3,24.1,24.2,24.3,24.3,24.3,24.3,24.3,24.3,24.3,24.4,24.3,24.4,24.4,24.7,24.6,24.6,24.3,24.6,24.6,24.9,24.6,24.5,24.4,24.4,24.2,24.4,24.5,24.4,24.4,24.3,24.5,24.6,24.8,24.5,24.6,24.4,24.2,24.3,24.3,24.4,24.2,24.1,24.2,24.2,24.1,24.1,24.3,24.2,24.2,24.3,24.2,24.3,24.2,24.3,23.9,24.2,24.1,24.2,24.3,24.3,24.4,24.2,24.2,24.1,24.3,24.2,24.4,24.4,24.4,24.2,24.3,24.0,24.1,24.0,24.1,24.2,24.2,24.2,24.5,24.4,24.4,24.5,24.4,24.5,24.4,24.4,24.5,24.5,24.5,24.3,24.3,24.3,24.3,24.2,24.3,24.2,24.0,24.0,24.3,24.4,24.3,24.4,24.3,24.3,24.4,24.6,24.4,24.1,24.0,23.8,23.9,23.8,23.8,23.8,23.9,23.8,23.7,23.8,24.0,24.0,24.0,23.7,23.9,23.9,23.9,23.9,23.8,24.0,24.0,24.0,24.1,23.9,23.9,24.0,23.9,23.9,23.8,23.7,23.9,23.9,23.9,23.8,24.0,23.7,24.0,23.7,23.8,23.7
33,23.8,23.9,23.9,23.9,24.0,24.0,23.8,23.9,24.0,24.1,24.1,24.1,24.0,24.0,24.1,23.9,24.0,24.1,24.3,24.2,24.2,24.0,24.0,24.1,24.1,24.2,24.0,24.1,24.0,24.1,24.2,24.1,24.2,24.2,24.4,24.3,24.2,24.2,24.2,24.4,24.3,24.2,24.3,24.3,24.3,24.3,24.2,24.3,24.4,24.3,24.2,24.4,24.4,24.4,24.5,24.4,24.7,24.8,24.9,24.5,24.5,24.6,25.0,25.2,25.1,24.6,24.4,24.4,24.4,24.4,24.7,24.8,24.7,24.4,24.4,24.9,24.9,24.6,24.5,24.3,24.3,24.3,24.0,24.3,24.2,24.3,24.2,24.2,24.2,24.2,24.1,24.2,24.2,24.1,24.3,24.3,24.2,24.1,24.2,24.1,24.1,24.1,24.1,24.3,24.4,24.3,24.3,24.3,24.3,24.2,24.4,24.6,24.6,24.3,24.1,24.2,24.1,24.1,24.3,24.2,24.3,24.5,24.6,24.8,24.6,24.6,24.8,24.9,24.7,24.6,24.7,24.6,24.6,24.7,24.6,24.6,24.6,24.4,24.5,24.2,24.1,24.1,24.2,24.1,24.2,24.4,24.3,24.6,24.5,24.4,24.4,24.3,23.8,23.8,23.7,23.7,24.0,23.8,23.9,24.0,23.9,23.9,23.8,24.0,23.9,23.8,24.0,23.9,24.0,24.0,23.9,23.9,24.0,24.0,24.0,23.9,23.9,23.9,23.8,23.9,23.9,23.7,23.9,23.8,23.8,23.9,23.7,23.8,23.8,23.7,23.9,23.8
34,23.9,23.7,23.8,23.7,24.0,23.9,23.9,23.9,24.0,24.0,24.0,23.9,23.9,24.0,24.1,24.0,24.0,24.0,24.1,24.1,24.0,24.1,24.1,24.1,24.2,24.0,24.1,24.0,24.2,24.1,24.1,24.2,24.1,24.1,24.2,24.5,24.4,24.3,24.3,24.3,24.3,24.4,24.3,24.3,24.3,24.4,24.4,24.3,24.4,24.3,24.3,24.3,24.4,24.3,24.4,24.4,24.7,25.0,25.2,24.9,24.7,24.5,24.9,25.4,25.4,25.0,24.5,24.4,24.5,24.8,25.1,25.2,25.0,24.6,24.6,24.9,25.2,24.9,24.5,24.3,24.2,24.2,24.2,24.3,24.2,24.2,24.3,24.3,24.3,24.3,24.2,24.2,24.3,24.3,24.1,24.3,24.3,24.3,24.1,24.1,24.2,24.2,24.1,24.3,24.3,24.5,24.3,24.3,24.3,24.5,24.7,24.8,24.8,24.4,24.3,24.2,24.0,24.0,24.2,24.2,24.3,24.7,24.9,25.1,25.1,25.0,25.2,24.9,25.1,25.1,24.9,24.9,24.9,24.9,24.9,24.9,24.8,24.6,24.7,24.6,24.4,24.1,24.0,24.2,24.3,24.4,24.6,24.5,24.3,24.4,24.3,24.2,24.0,23.8,23.8,23.8,23.7,23.9,23.8,23.8,24.0,23.8,23.9,23.9,24.0,23.9,24.0,24.0,24.0,24.0,23.9,23.8,23.9,24.0,23.9,23.9,24.0,23.7,23.8,23.9,23.8,24.0,23.9,23.8,23.8,24.0,24.0,23.8,23.8,23.9,23.7,23.7
35,23.9,23.8,23.9,23.8,24.0,23.9,23.9,23.9,24.0,24.0,23.9,24.1,24.1,24.1,24.0,24.1,24.1,23.9,24.1,24.1,24.0,24.1,24.1,24.1,24.2,24.1,24.2,24.2,24.1,24.2,24.1,24.3,24.3,24.3,24.3,24.4,24.2,24.3,24.4,24.3,24.2,24.3,24.3,24.3,24.3,24.3,24.4,24.3,24.3,24.4,24.5,24.4,24.4,24.5,24.5,24.5,24.9,25.2,25.1,24.9,24.6,24.4,24.5,25.2,25.5,24.9,24.7,24.6,24.6,24.7,25.0,25.1,25.0,24.5,24.6,24.5,25.1,25.0,24.6,24.5,24.3,24.4,24.3,24.3,24.1,24.3,24.3,24.3,24.4,24.3,24.2,24.2,24.3,24.2,24.1,24.1,24.1,24.3,24.2,24.1,24.3,24.2,24.1,24.2,24.3,24.6,24.3,24.3,24.4,24.4,24.7,24.8,25.1,24.5,24.2,24.2,23.9,24.0,24.3,24.4,24.6,24.9,25.2,25.4,25.3,25.3,25.4,25.3,25.3,25.2,25.2,25.4,25.3,25.2,25.1,25.1,25.1,25.1,24.9,24.6,24.2,24.3,24.3,24.3,24.6,24.7,24.8,24.7,24.6,24.4,24.4,24.3,24.0,23.8,23.7,23.6,23.7,23.7,23.9,23.9,23.7,23.8,24.0,23.9,23.9,24.0,23.7,23.8,23.8,23.8,23.8,23.8,23.9,23.9,24.0,23.7,23.9,23.9,23.9,23.8,23.9,23.8,23.8,23.9,23.8,23.7,23.9,23.7,23.7,23.6,23.8,23.9
36,24.0,24.0,23.8,23.9,23.8,24.0,24.1,24.0,24.0,24.0,24.0,24.0,24.0,24.0,24.1,24.0,24.2,24.0,24.0,24.1,24.1,24.2,24.1,24.0,24.0,24.2,24.2,24.2,24.0,24.2,24.2,24.2,24.1,24.2,24.3,24.1,24.2,24.3,24.3,24.3,24.3,24.3,24.3,24.3,24.3,24.3,24.4,24.4,24.4,24.5,24.7,24.6,24.8,24.6,24.8,24.6,25.1,25.4,25.4,25.0,24.7,24.6,24.7,25.1,25.5,25.2,24.7,24.6,24.8,24.8,24.9,25.1,25.1,24.6,24.5,24.6,24.8,24.9,24.7,24.4,24.3,24.2,24.2,24.2,24.2,24.4,24.3,24.3,24.3,24.3,24.2,24.3,24.3,24.2,24.3,24.3,24.3,24.3,24.3,24.3,24.3,24.2,24.1,24.1,24.2,24.3,24.3,24.3,24.3,24.3,24.6,24.7,24.8,24.3,24.2,24.2,24.2,24.2,24.3,24.3,24.6,24.9,25.3,25.4,25.5,25.5,25.5,25.6,25.4,25.5,25.4,25.4,25.4,25.5,25.3,25.4,25.3,25.2,25.1,24.8,24.5,24.2,24.2,24.5,24.8,24.7,24.6,24.5,24.5,24.6,24.5,24.3,24.0,24.0,23.7,23.7,23.8,23.8,23.7,23.7,23.8,23.9,23.8,24.0,23.9,23.9,23.7,23.8,23.8,23.9,23.9,23.9,23.8,23.8,23.7,23.9,23.8,23.9,23.7,23.9,23.9,23.8,23.7,23.8,23.8,23.7,23.8,23.7,23.7,23.8,23.9,23.9
37,24.0,23.9,23.9,23.9,24.0,23.9,23.9,24.0,24.0,24.1,24.1,24.0,24.1,24.0,24.0,24.1,24.1,24.2,24.1,24.2,24.1,24.2,24.0,24.0,24.1,24.3,24.3,24.3,24.2,24.2,24.3,24.3,24.2,24.3,24.2,24.2,24.3,24.4,24.4,24.1,24.3,24.3,24.3,24.3,24.3,24.4,24.4,24.5,24.6,24.8,25.0,24.9,25.1,25.0,25.0,24.9,25.2,25.7,25.4,25.2,25.0,25.0,24.9,25.1,25.3,25.1,24.9,24.8,24.8,25.1,25.0,25.0,24.8,24.6,24.4,24.6,24.8,24.6,24.6,24.4,24.3,24.2,24.3,24.4,24.3,24.2,24.3,24.4,24.5,24.3,24.3,24.3,24.3,24.4,24.3,24.2,24.4,24.3,24.3,24.1,24.4,24.2,24.2,24.3,24.2,24.5,24.4,24.4,24.4,24.3,24.5,24.5,24.4,24.2,24.3,24.3,24.0,24.2,24.3,24.5,24.6,25.1,25.4,25.6,25.6,25.5,25.7,25.6,25.5,25.4,25.5,25.5,25.4,25.7,25.4,25.2,25.4,25.4,25.2,24.8,24.4,24.4,24.4,24.7,24.8,24.3,24.0,24.0,24.2,24.6,24.6,24.4,24.1,23.9,23.7,23.7,23.8,23.9,23.8,23.8,23.8,23.9,23.9,24.1,23.8,23.7,23.9,23.9,23.8,23.9,23.9,23.8,23.9,24.0,23.9,23.8,24.0,23.8,24.1,23.7,23.8,23.9,23.9,24.0,23.8,24.1,23.9,23.9,23.7,23.7,23.8,23.8
38,24.0,23.9,24.0,23.9,24.0,24.1,23.9,24.0,24.0,24.2,24.1,24.0,24.2,24.2,23.9,24.0,24.2,24.1,23.9,24.2,24.1,24.1,24.1,24.1,24.3,24.2,24.2,24.3,24.0,24.3,24.4,24.3,24.2,24.4,24.3,24.3,24.3,24.3,24.3,24.3,24.4,24.3,24.4,24.4,24.4,24.4,24.4,24.5,24.8,25.2,25.3,25.4,25.6,25.4,25.5,25.4,25.5,25.7,25.8,25.6,25.5,25.6,25.4,25.4,25.3,25.2,25.1,25.1,25.2,24.9,24.7,24.4,24.6,24.5,24.3,24.4,24.4,24.4,24.4,24.3,24.3,24.2,24.3,24.4,24.2,24.2,24.1,24.3,24.2,24.3,24.2,24.1,24.4,24.2,24.2,24.2,24.2,24.3,24.3,24.4,24.4,24.3,24.3,24.3,24.4,24.4,24.2,24.2,24.3,24.3,24.3,24.2,24.3,24.3,24.2,24.1,24.3,24.1,24.4,24.6,24.6,25.1,25.4,25.5,25.5,25.7,25.7,25.6,25.7,25.6,25.5,25.6,25.6,25.7,25.5,25.2,25.3,25.5,25.3,24.9,24.6,24.2,24.4,24.9,24.6,24.2,23.9,23.9,24.1,24.5,24.9,24.6,24.1,23.8,23.7,23.7,23.7,23.9,23.8,23.9,23.8,23.8,23.9,23.9,23.9,24.1,24.0,23.9,23.7,23.9,23.8,23.9,23.7,23.8,23.9,23.9,24.0,23.8,23.8,24.0,23.9,23.9,23.8,23.7,23.8,23.8,23.9,23.9,23.9,23.8,23.9,23.9
39,24.0,24.0,24.0,24.1,23.9,24.0,24.0,23.9,24.0,24.0,24.1,24.1,24.2,24.1,24.1,24.1,24.1,24.0,24.1,24.1,24.1,24.2,24.2,24.2,24.3,24.2,24.4,24.1,24.3,24.2,24.3,24.3,24.3,24.2,24.3,24.3,24.4,24.4,24.3,24.4,24.4,24.3,24.4,24.5,24.4,24.4,24.4,24.7,25.0,25.5,25.7,25.7,26.1,25.9,25.9,25.7,25.9,26.0,26.0,26.0,26.0,25.9,25.8,25.7,25.4,25.2,25.1,25.0,25.2,25.4,24.8,24.6,24.4,24.3,24.2,24.3,24.2,24.4,24.4,24.3,24.4,24.3,24.1,24.3,24.3,24.3,24.3,24.3,24.4,24.1,24.3,24.3,24.2,24.2,24.3,24.3,24.2,24.3,24.3,24.3,24.3,24.3,24.3,24.3,24.3,24.2,24.2,24.3,24.3,24.0,24.3,24.1,24.2,24.2,24.3,24.3,24.1,24.3,24.4,24.6,24.7,25.2,25.4,25.5,25.6,25.6,25.6,25.5,25.6,25.4,25.6,25.6,25.6,25.5,25.5,25.4,25.6,25.5,25.4,25.0,24.7,24.3,24.4,24.6,24.4,24.2,24.0,23.9,24.0,24.5,24.8,24.7,24.2,24.0,23.8,23.8,23.7,23.7,23.7,24.0,23.9,23.8,24.0,23.9,23.9,23.9,23.8,23.7,23.9,23.9,24.0,24.0,24.0,24.0,23.8,23.7,24.0,24.0,23.9,23.9,24.0,24.0,23.9,23.9,23.9,23.9,23.8,23.8,23.9,23.7,23.8,24.0
40,24.0,24.0,24.0,24.0,24.1,24.0,24.1,23.9,24.0,24.2,24.1,23.9,24.1,24.1,24.2,24.1,24.1,24.1,24.0,24.2,24.1,24.3,24.1,24.3,24.3,24.1,24.3,24.2,24.2,24.3,24.3,24.3,24.2,24.5,24.4,24.4,24.5,24.4,24.3,24.3,24.4,24.4,24.4,24.4,24.5,24.4,24.7,24.6,24.9,25.4,25.9,26.1,26.2,26.0,26.0,25.8,25.8,25.8,25.8,25.8,25.9,26.1,26.1,25.9,25.4,25.4,25.2,25.1,25.1,25.1,24.7,24.3,24.1,24.2,24.3,24.1,24.3,24.4,24.4,24.4,24.2,24.3,24.2,24.2,24.2,24.3,24.2,24.3,24.1,24.2,24.2,24.2,24.3,24.3,24.2,24.4,24.3,24.2,24.4,24.3,24.3,24.3,24.2,24.3,24.4,24.3,24.3,24.3,24.1,24.3,24.2,24.2,24.3,24.2,24.2,24.2,24.0,24.3,24.4,24.6,24.6,25.1,25.4,25.7,25.6,25.6,25.5,25.5,25.5,25.6,25.5,25.7,25.5,25.5,25.5,25.4,25.6,25.5,25.3,25.0,24.6,24.2,24.4,24.4,24.4,24.4,24.1,24.0,24.1,24.4,24.7,24.2,24.1,23.9,23.7,23.7,23.7,23.9,23.8,23.8,23.7,23.9,24.0,24.0,23.7,23.8,23.9,23.8,23.9,24.0,24.0,23.8,23.9,23.9,23.8,23.9,24.0,23.8,24.0,23.8,24.0,24.0,24.0,23.7,23.9,23.8,23.7,23.9,23.8,23.7,23.7,23.8
41,24.0,24.1,24.0,23.9,24.1,24.0,24.0,24.0,24.0,24.2,24.3,24.2,24.1,24.2,24.1,24.3,24.1,24.2,24.2,24.3,24.3,24.3,24.2,24.1,24.4,24.2,24.4,24.2,24.3,24.4,24.2,24.3,24.4,24.3,24.4,24.4,24.4,24.3,24.3,24.4,24.3,24.3,24.4,24.3,24.4,24.5,24.6,24.6,25.1,25.5,26.1,26.2,26.2,26.0,26.0,26.0,25.9,25.9,25.9,25.8,25.9,26.1,26.0,26.0,25.9,25.7,25.4,25.2,25.0,24.8,24.8,24.4,24.5,24.4,24.4,24.3,24.4,24.2,24.2,24.4,24.3,24.4,24.3,24.2,24.3,24.3,24.3,24.2,24.3,24.4,24.4,24.3,24.3,24.4,24.4,24.3,24.3,24.2,24.4,24.4,24.3,24.2,24.3,24.3,24.3,24.4,24.2,24.3,24.3,24.3,24.2,24.3,24.3,24.2,24.1,24.1,24.4,24.3,24.3,24.5,24.6,25.1,25.4,25.6,25.5,25.7,25.6,25.7,25.6,25.6,25.7,25.7,25.6,25.6,25.5,25.6,25.7,25.7,25.4,25.0,24.7,24.4,24.3,24.3,24.5,24.4,24.2,24.0,24.3,24.3,24.3,24.2,24.0,23.7,23.7,23.6,23.7,23.9,23.9,23.8,23.9,23.8,23.9,23.8,24.0,23.9,23.8,23.9,24.0,23.8,23.8,23.9,23.8,23.8,23.8,23.9,24.0,24.0,23.9,23.9,23.9,24.0,23.8,23.7,23.9,23.8,23.9,23.8,23.8,23.7,23.9,23.8
42,24.1,24.0,24.1,24.2,23.9,24.1,24.0,24.0,24.0,24.0,23.9,23.9,24.1,24.0,24.1,24.2,24.2,24.2,24.1,24.3,24.3,24.0,24.2,24.2,24.3,24.3,24.2,24.4,24.3,24.3,24.2,24.3,24.2,24.4,24.4,24.2,24.4,24.4,24.3,24.3,24.3,24.4,24.3,24.4,24.3,24.4,24.5,24.6,25.1,25.6,26.1,26.1,26.1,26.0,25.8,25.7,25.6,25.7,25.4,25.6,25.7,25.8,26.1,26.2,26.0,26.1,25.9,25.5,25.0,24.5,24.3,24.4,24.3,24.1,24.2,24.2,24.3,24.3,24.3,24.2,24.3,24.2,24.1,24.4,24.0,24.2,24.2,24.1,24.3,24.3,24.1,24.3,24.2,24.3,24.4,24.3,24.2,24.3,24.4,24.3,24.4,24.3,24.1,24.4,24.2,24.4,24.2,24.3,24.3,24.3,24.1,24.2,24.2,24.1,24.2,24.1,24.2,24.1,24.3,24.5,24.5,24.9,25.4,25.4,25.5,25.5,25.5,25.6,25.7,25.7,25.7,25.7,25.6,25.6,25.6,25.5,25.5,25.6,25.4,25.0,24.6,24.3,24.3,24.1,24.1,24.0,24.1,23.9,24.2,24.2,24.0,23.8,23.8,23.7,23.5,23.8,23.7,23.7,23.7,23.7,23.7,23.8,23.7,23.9,23.8,23.8,23.8,24.0,23.9,23.9,23.7,23.9,23.7,24.0,23.8,23.7,23.9,23.9,23.9,23.8,24.0,24.0,24.0,23.8,24.0,23.9,23.9,23.8,23.7,23.7,23.9,23.8
43,24.1,24.1,24.0,24.1,24.0,24.2,24.0,24.0,24.2,24.2,24.2,24.1,24.1,24.2,24.2,24.3,24.3,24.2,24.2,24.2,24.2,24.3,24.3,24.3,24.3,24.3,24.4,24.4,24.3,24.3,24.3,24.3,24.4,24.3,24.3,24.4,24.4,24.5,24.4,24.5,24.2,24.5,24.4,24.4,24.4,24.4,24.5,24.7,25.2,25.6,26.2,26.1,26.2,25.9,26.0,25.8,25.7,25.6,25.6,25.4,25.3,25.8,25.9,26.2,26.1,26.1,25.9,25.5,24.8,24.4,24.2,24.4,24.3,24.3,24.1,24.3,24.3,24.4,24.3,24.1,24.4,24.2,24.3,24.3,24.3,24.2,24.2,24.3,24.5,24.2,24.2,24.3,24.4,24.4,24.4,24.4,24.4,24.4,24.3,24.4,24.3,24.4,24.4,24.2,24.4,24.4,24.4,24.3,24.4,24.3,24.4,24.3,24.2,24.2,24.1,24.2,24.3,24.1,24.4,24.6,24.7,25.0,25.4,25.4,25.7,25.6,25.6,25.6,25.7,25.7,25.7,25.6,25.6,25.6,25.6,25.5,25.5,25.5,25.2,25.1,24.8,24.2,24.0,24.0,23.9,23.9,23.9,23.7,23.9,23.7,23.7,23.7,23.7,23.7,23.7,23.6,23.7,23.7,23.7,23.9,23.8,23.8,23.8,23.7,23.9,23.9,23.8,24.0,23.9,24.0,23.9,23.8,23.9,24.0,24.0,23.9,24.0,23.9,23.8,23.8,24.1,24.0,24.0,23.7,23.8,23.9,23.7,23.8,24.0,23.8,23.9,23.7
44,24.0,24.0,24.1,24.1,24.2,24.0,24.2,24.1,24.1,24.0,24.1,24.2,24.1,24.2,24.2,24.1,24.3,24.2,24.3,24.4,24.3,24.1,24.3,24.4,24.4,24.3,24.4,24.4,24.4,24.5,24.3,24.4,24.5,24.5,24.3,24.4,24.4,24.4,24.6,24.4,24.4,24.3,24.4,24.4,24.3,24.4,24.6,25.0,25.3,25.8,26.1,26.1,26.2,25.9,25.9,25.9,25.8,25.9,25.7,25.4,25.6,25.8,26.1,26.3,26.3,26.1,25.9,25.6,25.0,24.4,24.2,24.4,24.3,24.3,24.3,24.3,24.4,24.3,24.3,24.2,24.4,24.3,24.2,24.3,24.3,24.3,24.4,24.3,24.4,24.4,24.4,24.3,24.3,24.4,24.4,24.4,24.4,24.4,24.4,24.3,24.3,24.3,24.3,24.3,24.3,24.5,24.4,24.4,24.3,24.3,24.3,24.4,24.3,24.1,24.2,24.3,24.2,24.2,24.4,24.6,24.7,25.0,25.4,25.6,25.6,25.6,25.7,25.5,25.5,25.5,25.7,25.7,25.7,25.7,25.5,25.6,25.7,25.5,25.3,25.1,24.7,24.4,24.2,23.8,23.6,23.7,23.9,23.8,23.7,23.6,23.4,23.5,23.5,23.7,23.7,23.5,23.6,23.9,23.7,23.8,23.9,23.7,23.8,23.9,23.8,23.8,23.9,23.8,23.9,24.0,23.8,24.0,24.0,24.0,23.8,24.0,24.0,23.9,23.8,23.8,24.0,23.8,23.9,23.8,23.8,24.0,23.9,24.0,23.8,23.8,23.7,23.7
45,24.2,24.0,24.2,24.0,24.1,24.2,24.0,24.2,24.2,24.1,24.2,24.1,24.2,24.3,24.3,24.2,24.3,24.3,24.2,24.3,24.2,24.3,24.4,24.3,24.4,24.4,24.2,24.3,24.2,24.4,24.2,24.3,24.4,24.3,24.4,24.5,24.4,24.4,24.5,24.5,24.4,24.4,24.3,24.4,24.5,24.6,24.7,24.9,25.2,25.8,26.2,26.1,26.2,25.9,25.9,25.9,25.7,25.9,25.7,25.7,25.5,25.8,26.1,26.3,26.2,26.2,25.9,25.3,24.9,24.6,24.4,24.5,24.4,24.4,24.4,24.3,24.4,24.3,24.3,24.3,24.3,24.3,24.3,24.4,24.3,24.3,24.4,24.2,24.4,24.4,24.3,24.3,24.3,24.4,24.4,24.4,24.4,24.5,24.5,24.4,24.4,24.5,24.4,24.4,24.3,24.3,24.4,24.4,24.3,24.4,24.3,24.2,24.2,24.1,24.1,24.2,24.3,24.2,24.4,24.6,24.6,25.0,25.4,25.5,25.5,25.5,25.5,25.7,25.7,25.8,25.6,25.6,25.5,25.8,25.6,25.6,25.6,25.5,25.4,25.0,24.7,24.5,24.2,24.0,23.7,23.6,23.8,23.9,24.0,23.7,23.6,23.5,23.5,23.7,23.7,23.7,23.7,23.8,23.8,23.7,23.8,23.8,23.9,24.0,23.8,24.0,23.9,23.9,24.0,23.9,23.9,24.0,24.0,23.8,24.0,23.9,23.9,23.8,23.9,23.9,24.0,24.0,23.9,23.8,23.9,23.9,23.9,23.9,24.0,23.7,24.0,23.8
46,24.2,24.0,24.0,24.1,24.1,24.2,24.3,24.1,24.3,24.1,24.1,24.1,24.2,24.1,24.1,24.3,24.3,24.3,24.2,24.3,24.3,24.2,24.3,24.4,24.4,24.5,24.4,24.4,24.3,24.3,24.3,24.3,24.4,24.4,24.4,24.4,24.3,24.4,24.4,24.4,24.5,24.4,24.4,24.5,24.5,24.6,24.6,24.7,25.2,25.8,26.1,26.3,26.2,26.1,25.7,26.0,25.9,26.1,26.2,26.0,25.9,26.2,26.1,26.1,26.1,26.1,25.9,25.6,25.1,24.6,24.4,24.3,24.4,24.3,24.1,24.3,24.4,24.3,24.1,24.3,24.2,24.4,24.3,24.4,24.2,24.3,24.2,24.2,24.3,24.2,24.2,24.4,24.4,24.3,24.4,24.4,24.5,24.5,24.4,24.4,24.4,24.4,24.2,24.3,24.4,24.5,24.4,24.4,24.3,24.4,24.4,24.3,24.2,24.1,24.0,24.3,24.2,24.2,24.3,24.6,24.6,25.0,25.4,25.5,25.4,25.5,25.6,25.5,25.5,25.6,25.6,25.7,25.7,25.6,25.6,25.5,25.6,25.5,25.5,25.1,24.6,24.3,24.1,24.0,23.8,23.7,23.8,23.7,23.7,23.7,23.7,23.7,23.5,23.6,23.5,23.5,23.6,23.7,23.7,23.7,23.9,23.9,23.9,23.9,23.7,23.9,23.9,23.8,24.0,23.8,23.8,23.9,24.0,24.1,23.9,23.9,23.8,24.0,23.9,23.8,23.8,23.9,23.9,23.8,23.7,23.8,23.9,23.7,23.8,23.8,23.8,23.7
47,24.1,24.1,24.2,24.2,24.3,24.3,24.3,24.1,24.2,24.3,24.3,24.3,24.3,24.2,24.2,24.2,24.3,24.4,24.3,24.3,24.4,24.4,24.3,24.4,24.4,24.4,24.4,24.4,24.4,24.4,24.3,24.3,24.5,24.5,24.5,24.5,24.4,24.6,24.5,24.4,24.4,24.6,24.6,24.5,24.4,24.7,24.7,24.9,25.3,26.0,26.2,26.2,26.4,26.2,26.1,26.2,26.3,26.3,26.3,26.1,26.2,26.3,26.3,26.3,26.2,26.2,25.9,25.4,24.9,24.5,24.6,24.4,24.5,24.4,24.3,24.4,24.4,24.3,24.4,24.4,24.3,24.3,24.3,24.3,24.2,24.4,24.4,24.3,24.3,24.4,24.4,24.3,24.3,24.4,24.4,24.4,24.3,24.4,24.3,24.5,24.4,24.4,24.4,24.4,24.5,24.4,24.5,24.4,24.4,24.4,24.4,24.3,24.3,24.2,24.2,24.3,24.3,24.2,24.3,24.5,24.6,25.1,25.4,25.6,25.6,25.6,25.7,25.5,25.7,25.5,25.6,25.6,25.7,25.7,25.6,25.5,25.7,25.5,25.5,25.2,24.7,24.4,24.3,23.8,23.6,23.7,23.7,23.7,23.7,23.5,23.6,23.5,23.4,23.5,23.5,23.7,23.8,23.5,23.7,23.8,23.9,23.7,23.9,24.0,23.7,23.9,23.9,23.9,24.0,23.9,23.8,24.0,24.0,23.9,23.9,24.0,23.9,23.8,23.9,23.7,23.9,24.0,24.0,23.8,23.9,24.0,24.0,24.0,23.9,23.9,23.7,23.9
48,24.0,24.1,24.2,24.2,24.3,24.1,24.0,24.1,24.2,24.3,24.2,24.0,24.2,24.3,24.2,24.3,24.4,24.3,24.3,24.4,24.3,24.3,24.3,24.3,24.4,24.4,24.3,24.4,24.3,24.3,24.3,24.3,24.4,24.4,24.5,24.5,24.3,24.5,24.5,24.6,24.4,24.5,24.4,24.4,24.5,24.6,24.6,25.1,25.4,25.8,26.2,26.3,26.2,26.3,26.2,26.4,26.3,26.3,26.1,26.3,26.1,26.1,26.1,26.2,26.1,26.0,25.9,25.4,24.9,24.5,24.4,24.4,24.5,24.2,24.3,24.4,24.4,24.3,24.3,24.4,24.3,24.3,24.2,24.2,24.3,24.3,24.4,24.2,24.3,24.3,24.3,24.4,24.4,24.2,24.3,24.4,24.5,24.4,24.4,24.5,24.3,24.3,24.4,24.4,24.3,24.3,24.4,24.4,24.4,24.3,24.3,24.3,24.3,24.1,24.2,24.2,24.2,24.0,24.3,24.4,24.6,25.1,25.3,25.5,25.4,25.6,25.5,25.4,25.7,25.6,25.4,25.6,25.5,25.6,25.6,25.6,25.5,25.6,25.4,25.2,24.6,24.4,24.1,24.0,24.0,23.7,23.7,23.9,23.7,23.7,23.6,23.5,23.5,23.6,23.6,23.5,23.7,23.8,23.8,23.8,23.7,23.9,23.9,24.0,24.0,23.9,23.9,24.0,23.9,23.8,23.9,24.0,23.9,23.9,23.7,24.0,23.9,23.7,23.7,23.9,23.9,23.9,23.8,23.8,23.9,24.0,24.0,23.9,23.8,23.8,23.8,23.9
49,24.2,24.2,24.2,24.3,24.2,24.0,24.1,24.2,24.2,24.3,24.3,24.2,24.5,24.1,24.3,24.2,24.3,24.4,24.2,24.4,24.4,24.4,24.4,24.4,24.3,24.3,24.5,24.3,24.5,24.5,24.5,24.5,24.4,24.5,24.5,24.5,24.7,24.6,24.6,24.6,24.5,24.6,24.6,24.6,24.5,24.6,24.8,24.9,25.4,25.9,26.1,26.3,26.3,26.3,26.3,26.4,26.4,26.3,26.3,26.2,26.1,26.1,26.1,26.2,26.1,26.2,26.0,25.6,24.9,24.6,24.6,24.7,24.4,24.3,24.3,24.3,24.4,24.4,24.4,24.3,24.4,24.4,24.4,24.3,24.3,24.3,24.3,24.4,24.4,24.3,24.3,24.3,24.4,24.4,24.6,24.4,24.4,24.4,24.4,24.4,24.4,24.3,24.3,24.5,24.3,24.4,24.3,24.4,24.3,24.4,24.4,24.3,24.4,24.3,24.3,24.3,24.3,24.3,24.3,24.5,24.6,25.0,25.3,25.4,25.4,25.4,25.4,25.5,25.4,25.5,25.5,25.3,25.5,25.4,25.4,25.4,25.6,25.4,25.4,24.9,24.6,24.4,24.1,24.0,23.7,23.7,23.7,23.7,23.7,23.5,23.5,23.4,23.7,23.5,23.7,23.6,23.7,23.7,23.8,23.8,23.8,23.8,23.9,24.0,24.0,23.8,23.7,24.0,24.0,23.9,23.7,24.0,23.9,23.9,23.7,23.9,23.9,23.8,24.0,23.9,23.9,24.0,23.9,23.8,23.8,23.8,23.8,23.7,23.9,23.9,23.8,23.9
50,24.2,24.2,24.1,24.2,24.4,24.2,24.2,24.2,24.3,24.3,24.3,24.1,24.3,24.2,24.3,24.3,24.5,24.4,24.3,24.3,24.5,24.3,24.3,24.3,24.4,24.6,24.5,24.5,24.4,24.5,24.4,24.4,24.6,24.4,24.4,24.5,24.5,24.5,24.5,24.6,24.5,24.7,24.7,24.6,24.7,24.7,24.8,25.0,25.4,25.9,26.1,26.2,26.1,26.3,26.2,26.2,26.3,26.2,26.3,26.3,26.1,26.3,26.2,26.2,26.3,26.1,25.9,25.5,25.0,24.5,24.6,24.5,24.4,24.4,24.4,24.3,24.3,24.5,24.3,24.4,24.4,24.4,24.3,24.4,24.3,24.3,24.3,24.3,24.4,24.4,24.4,24.4,24.4,24.4,24.6,24.5,24.7,24.5,24.4,24.4,24.6,24.4,24.4,24.4,24.6,24.3,24.5,24.5,24.4,24.3,24.4,24.4,24.3,24.2,24.3,24.3,24.3,24.3,24.3,24.5,24.4,24.8,25.0,25.2,25.2,25.2,25.3,25.3,25.1,25.2,25.4,25.2,25.1,25.2,25.3,25.4,25.3,25.4,25.2,24.9,24.5,24.3,24.0,23.8,23.7,23.7,23.7,23.7,23.7,23.7,23.4,23.5,23.5,23.5,23.3,23.6,23.7,23.8,23.8,23.8,23.7,23.8,23.8,24.0,23.9,24.0,24.0,24.0,24.0,23.9,24.0,23.9,23.9,24.0,24.0,24.0,24.1,23.8,23.8,24.0,23.9,24.0,24.0,23.9,23.9,24.0,24.0,23.9,24.0,23.8,24.0,23.7
51,24.2,24.1,24.3,24.1,24.3,24.4,24.4,24.3,24.2,24.3,24.2,24.2,24.4,24.4,24.3,24.4,24.3,24.3,24.4,24.4,24.4,24.4,24.5,24.4,24.5,24.4,24.5,24.4,24.5,24.5,24.4,24.4,24.5,24.4,24.6,24.4,24.6,24.6,24.5,24.5,24.7,24.6,24.7,24.6,24.6,24.8,24.8,25.1,25.4,26.0,26.3,26.3,26.3,26.4,26.4,26.3,26.3,26.3,26.3,26.4,26.2,26.3,26.4,26.5,26.4,26.2,25.9,25.5,24.8,24.6,24.7,24.5,24.4,24.3,24.3,24.2,24.3,24.5,24.4,24.4,24.5,24.5,24.5,24.3,24.3,24.3,24.3,24.4,24.4,24.3,24.3,24.6,24.6,24.5,24.3,24.5,24.4,24.4,24.5,24.5,24.4,24.4,24.4,24.4,24.4,24.5,24.4,24.3,24.4,24.4,24.3,24.3,24.3,24.3,24.3,24.3,24.3,24.2,24.4,24.3,24.4,24.6,24.9,25.0,25.1,24.9,24.9,25.0,25.0,25.0,25.0,24.9,24.9,25.0,25.0,24.9,25.1,25.1,25.1,24.5,24.6,24.3,24.1,23.9,23.7,23.7,23.6,23.7,23.6,23.5,23.5,23.5,23.4,23.7,23.2,23.7,23.7,23.6,23.6,23.8,23.9,23.8,23.8,23.8,23.9,23.8,23.9,23.9,23.9,23.9,24.0,24.0,24.0,24.0,23.9,23.9,24.0,24.0,23.9,24.0,24.0,24.0,24.0,23.9,23.9,23.9,24.0,23.8,23.9,23.9,24.0,24.0
52,24.2,24.3,24.2,24.2,24.2,24.3,24.2,24.3,24.3,24.2,24.3,24.1,24.4,24.4,24.4,24.3,24.3,24.2,24.3,24.3,24.4,24.5,24.4,24.5,24.4,24.4,24.4,24.4,24.4,24.4,24.4,24.5,24.4,24.4,24.4,24.7,24.5,24.5,24.6,24.7,24.6,24.6,24.7,24.6,24.7,24.5,24.9,25.2,25.5,25.9,26.2,26.1,26.3,26.4,26.3,26.2,26.2,26.2,26.3,26.2,26.3,26.3,26.4,26.4,26.1,26.0,25.8,25.4,25.0,24.6,24.5,24.5,24.5,24.3,24.4,24.5,24.4,24.4,24.3,24.3,24.4,24.4,24.2,24.4,24.2,24.3,24.2,24.4,24.3,24.3,24.4,24.3,24.6,24.4,24.4,24.6,24.4,24.4,24.4,24.5,24.7,24.6,24.5,24.4,24.4,24.5,24.4,24.5,24.4,24.5,24.4,24.3,24.3,24.3,24.3,24.2,24.3,24.3,24.5,24.1,24.2,24.3,24.5,24.5,24.6,24.7,24.8,24.7,24.6,24.6,24.5,24.4,24.7,24.4,24.5,24.5,24.7,24.7,24.8,24.5,24.3,24.1,23.9,23.8,23.7,23.7,23.7,23.7,23.7,23.7,23.5,23.6,23.5,23.7,23.6,23.6,23.6,23.7,23.7,23.8,23.7,23.7,24.0,23.8,23.9,23.9,24.0,24.0,24.0,23.9,23.9,23.8,23.9,23.8,23.8,24.0,24.0,23.9,24.0,23.9,24.1,24.0,24.0,23.9,24.0,24.0,23.9,23.8,23.9,23.9,23.8,23.8
53,24.4,24.1,24.1,24.3,24.4,24.3,24.3,24.2,24.1,24.2,24.3,24.3,24.5,24.4,24.4,24.4,24.3,24.3,24.4,24.4,24.4,24.3,24.4,24.4,24.6,24.5,24.4,24.5,24.5,24.4,24.5,24.5,24.6,24.4,24.6,24.7,24.7,24.6,24.6,24.6,24.7,24.8,24.7,24.6,24.7,24.8,24.8,25.1,25.7,26.1,26.3,26.2,26.2,26.1,26.1,25.9,26.0,25.9,25.9,26.2,26.1,26.3,26.3,26.4,26.2,26.1,25.6,25.4,24.7,24.6,24.7,24.5,24.5,24.3,24.5,24.3,24.4,24.4,24.3,24.4,24.3,24.3,24.2,24.4,24.4,24.5,24.4,24.4,24.5,24.4,24.5,24.5,24.4,24.4,24.5,24.5,24.4,24.6,24.5,24.5,24.6,24.4,24.5,24.4,24.5,24.5,24.5,24.4,24.4,24.4,24.3,24.3,24.3,24.3,24.2,24.3,24.4,24.3,24.3,24.2,24.2,24.4,24.3,24.5,24.4,24.6,24.4,24.4,24.5,24.4,24.4,24.4,24.4,24.5,24.3,24.4,24.5,24.4,24.4,24.4,24.2,23.9,23.8,23.8,23.8,23.7,23.8,23.7,23.7,23.7,23.7,23.7,23.5,23.5,23.6,23.5,23.7,23.7,23.8,23.8,23.8,23.7,23.8,23.9,24.0,23.8,23.9,24.0,24.0,24.0,23.9,23.9,24.0,23.9,24.0,23.9,24.0,24.1,24.0,24.0,24.1,24.0,24.0,23.9,23.9,23.9,24.0,23.8,24.0,23.9,23.9,23.8
54,24.3,24.2,24.4,24.2,24.4,24.4,24.3,24.3,24.3,24.4,24.4,24.4,24.4,24.3,24.4,24.4,24.5,24.4,24.4,24.3,24.5,24.4,24.2,24.6,24.5,24.4,24.5,24.4,24.5,24.5,24.4,24.5,24.5,24.5,24.5,24.6,24.7,24.6,24.6,24.6,24.7,24.7,24.6,24.7,24.7,24.6,24.9,25.2,25.6,26.0,26.2,26.1,26.0,25.9,26.0,25.9,25.9,25.9,25.7,26.1,26.1,26.1,26.2,26.1,26.3,25.9,25.6,25.3,24.7,24.7,24.6,24.5,24.5,24.3,24.3,24.1,24.3,24.4,24.6,24.4,24.4,24.3,24.3,24.5,24.4,24.4,24.3,24.4,24.4,24.5,24.4,24.3,24.4,24.6,24.5,24.5,24.6,24.5,24.6,24.6,24.6,24.5,24.5,24.5,24.4,24.4,24.4,24.5,24.4,24.5,24.3,24.4,24.4,24.4,24.2,24.4,24.3,24.2,24.3,24.4,24.2,24.3,24.4,24.4,24.4,24.4,24.4,24.5,24.2,24.3,24.4,24.3,24.4,24.3,24.3,24.3,24.3,24.3,24.4,24.3,24.0,24.1,24.1,23.8,23.8,23.7,23.7,23.9,23.9,23.7,23.5,23.5,23.4,23.7,23.5,23.5,23.5,23.7,23.7,23.8,23.8,23.7,23.7,23.9,23.9,23.9,23.9,23.8,23.9,23.9,24.0,24.0,23.9,24.0,24.0,23.9,24.0,24.0,23.8,23.8,23.9,24.0,24.0,23.9,23.9,24.0,23.9,23.9,23.7,24.0,23.9,23.8
55,24.3,24.4,24.4,24.3,24.3,24.3,24.3,24.3,24.4,24.4,24.3,24.4,24.5,24.4,24.5,24.4,24.4,24.4,24.5,24.4,24.5,24.4,24.2,24.6,24.5,24.5,24.6,24.4,24.4,24.6,24.4,24.5,24.8,24.5,24.6,24.6,24.5,24.5,24.7,24.8,24.7,24.6,24.7,24.7,24.7,24.9,25.1,25.2,25.8,26.1,26.3,26.2,26.1,26.0,25.9,25.6,25.5,25.5,25.7,25.9,25.8,26.2,26.2,26.1,26.1,26.1,25.7,25.3,24.8,24.8,24.6,24.4,24.3,24.3,24.4,24.1,24.3,24.6,24.5,24.5,24.5,24.5,24.3,24.5,24.5,24.5,24.5,24.4,24.4,24.5,24.4,24.6,24.5,24.4,24.4,24.5,24.3,24.5,24.4,24.7,24.7,24.6,24.4,24.6,24.4,24.5,24.5,24.5,24.5,24.4,24.4,24.4,24.3,24.3,24.4,24.4,24.1,24.3,24.5,24.3,24.2,24.3,24.4,24.3,24.4,24.4,24.3,24.3,24.4,24.4,24.5,24.5,24.4,24.5,24.3,24.2,24.3,24.1,24.2,24.2,24.2,24.3,24.1,24.1,23.8,23.7,23.7,23.7,23.7,23.7,23.5,23.7,23.4,23.7,23.5,23.5,23.5,23.8,23.7,23.8,23.7,23.7,23.9,23.8,24.0,24.0,24.0,24.0,23.9,23.8,24.1,24.0,24.0,24.0,24.0,24.1,23.9,23.9,23.7,24.0,23.9,24.0,24.1,23.9,24.0,24.0,23.9,23.9,24.0,23.8,23.9,23.9
56,24.3,24.3,24.3,24.3,24.3,24.4,24.3,24.4,24.4,24.4,24.3,24.4,24.6,24.4,24.5,24.4,24.4,24.4,24.4,24.4,24.3,24.4,24.4,24.5,24.5,24.4,24.6,24.4,24.4,24.5,24.4,24.6,24.6,24.5,24.4,24.6,24.6,24.6,24.7,24.7,24.6,24.7,24.6,24.9,24.9,24.8,25.1,25.3,25.8,26.3,26.3,26.2,26.0,25.9,25.8,25.7,25.7,25.6,25.7,25.5,25.7,26.1,26.0,26.3,26.3,25.9,25.8,25.4,24.8,24.7,24.6,24.4,24.3,24.3,24.4,24.3,24.4,24.4,24.4,24.3,24.4,24.5,24.4,24.4,24.3,24.5,24.5,24.4,24.3,24.5,24.5,24.5,24.5,24.5,24.5,24.6,24.6,24.5,24.4,24.5,24.6,24.5,24.5,24.7,24.6,24.6,24.4,24.5,24.4,24.5,24.3,24.3,24.4,24.3,24.3,24.4,24.4,24.3,24.3,24.3,24.4,24.3,24.3,24.4,24.3,24.2,24.3,24.3,24.4,24.3,24.5,24.5,24.6,24.6,24.3,24.3,24.3,24.3,24.2,24.1,24.3,24.4,24.2,24.0,23.8,23.7,23.7,23.7,23.7,23.7,23.5,23.4,23.5,23.4,23.6,23.5,23.5,23.7,23.7,23.7,23.8,23.7,23.8,23.8,24.0,23.9,23.8,23.9,24.0,23.9,24.1,23.9,24.0,24.0,24.0,24.0,24.0,24.0,23.8,23.9,24.0,24.0,23.8,23.9,23.8,24.0,24.0,23.8,23.9,23.9,23.9,23.8
57,24.4,24.4,24.4,24.4,24.5,24.2,24.1,24.4,24.4,24.4,24.4,24.4,24.5,24.3,24.4,24.4,24.4,24.5,24.4,24.5,24.5,24.4,24.5,24.5,24.4,24.4,24.5,24.5,24.4,24.5,24.4,24.5,24.6,24.4,24.5,24.6,24.6,24.7,24.6,24.7,24.6,24.6,24.8,24.8,24.7,24.8,25.1,25.4,25.8,26.2,26.1,26.1,26.1,25.9,25.9,25.9,25.9,25.8,25.7,25.7,25.7,25.9,26.0,25.9,26.1,25.9,25.7,25.2,24.8,24.7,24.8,24.6,24.4,24.1,24.3,24.3,24.4,24.3,24.4,24.4,24.4,24.3,24.3,24.4,24.4,24.4,24.6,24.4,24.6,24.5,24.4,24.4,24.4,24.4,24.5,24.6,24.7,24.7,24.6,24.5,24.6,24.5,24.6,24.5,24.7,24.5,24.6,24.5,24.5,24.4,24.6,24.3,24.4,24.4,24.4,24.3,24.3,24.4,24.3,24.4,24.4,24.3,24.4,24.1,24.2,24.2,24.2,24.3,24.5,24.5,24.7,24.7,24.6,24.5,24.5,24.4,24.3,24.1,24.1,24.3,24.5,24.5,24.1,24.0,23.7,23.7,23.7,23.7,23.8,23.7,23.5,23.3,23.5,23.5,23.5,23.5,23.6,23.7,23.9,23.8,23.7,23.7,23.8,23.8,23.8,23.9,23.9,23.9,24.1,24.0,24.0,23.9,24.0,24.1,24.0,23.9,24.0,24.0,24.0,23.9,24.0,24.0,23.9,23.7,23.9,24.0,23.9,23.9,23.9,24.0,23.9,24.1
58,24.3,24.2,24.3,24.3,24.4,24.5,24.5,24.4,24.4,24.5,24.3,24.4,24.4,24.4,24.4,24.3,24.3,24.3,24.4,24.3,24.4,24.4,24.4,24.4,24.4,24.4,24.5,24.5,24.3,24.5,24.4,24.5,24.5,24.5,24.6,24.7,24.5,24.6,24.8,24.7,24.6,24.7,24.7,24.6,24.6,24.6,25.0,25.4,25.8,26.2,26.3,26.1,25.9,25.8,25.7,25.7,25.7,25.7,25.9,25.8,26.0,26.1,25.8,26.0,25.9,25.8,25.5,25.4,24.9,24.6,24.7,24.4,24.4,24.3,24.4,24.4,24.3,24.4,24.3,24.5,24.3,24.4,24.4,24.5,24.4,24.3,24.5,24.4,24.5,24.5,24.4,24.6,24.4,24.6,24.6,24.5,24.5,24.5,24.5,24.5,24.6,24.6,24.5,24.4,24.5,24.5,24.5,24.5,24.5,24.4,24.5,24.4,24.5,24.4,24.3,24.5,24.3,24.3,24.4,24.3,24.3,24.2,24.3,24.3,24.2,24.3,24.3,24.6,24.7,24.9,24.8,24.7,24.7,24.6,24.5,24.5,24.4,24.3,24.3,24.2,24.3,24.3,24.1,23.9,23.7,23.7,23.7,23.6,23.8,23.7,23.4,23.5,23.4,23.5,23.5,23.5,23.5,23.6,23.7,23.8,23.7,23.8,23.7,23.8,23.9,23.8,23.8,23.9,24.0,23.9,24.0,23.9,23.9,24.1,24.0,23.8,24.0,24.0,23.9,23.9,23.9,24.0,24.1,23.9,23.9,23.9,24.0,23.9,24.0,23.9,24.0,23.8
59,24.5,24.4,24.3,24.5,24.5,24.3,24.3,24.4,24.3,24.4,24.5,24.3,24.4,24.3,24.5,24.4,24.5,24.3,24.4,24.5,24.5,24.4,24.5,24.4,24.5,24.5,24.5,24.5,24.4,24.4,24.4,24.5,24.6,24.7,24.7,24.6,24.5,24.6,24.7,24.8,24.7,24.9,24.7,24.8,24.6,24.9,25.1,25.5,26.0,26.4,26.3,26.2,26.0,25.9,26.0,25.9,25.9,25.9,25.9,26.1,26.1,25.9,25.8,25.6,25.6,25.5,25.5,25.5,25.0,24.8,24.8,24.4,24.4,24.3,24.4,24.3,24.5,24.4,24.3,24.4,24.4,24.4,24.4,24.4,24.4,24.4,24.3,24.4,24.5,24.6,24.5,24.5,24.4,24.5,24.4,24.5,24.5,24.4,24.6,24.6,24.6,24.4,24.5,24.5,24.4,24.5,24.4,24.5,24.3,24.5,24.4,24.3,24.3,24.3,24.4,24.5,24.3,24.2,24.3,24.3,24.3,24.4,24.3,24.3,24.3,24.3,24.3,24.6,24.9,24.8,24.6,24.6,24.6,24.7,24.7,24.6,24.5,24.3,24.2,24.1,24.3,24.3,24.2,23.7,23.8,23.7,23.7,23.5,23.6,23.6,23.6,23.5,23.4,23.5,23.5,23.5,23.5,23.7,23.7,23.5,23.7,23.8,23.8,23.8,23.9,23.9,23.8,23.7,24.0,23.9,23.9,23.8,24.0,23.8,23.9,23.9,24.0,23.8,23.9,23.9,24.1,23.7,23.9,24.0,23.9,23.8,23.8,23.9,23.9,23.9,24.0,23.9
60,24.3,24.4,24.4,24.5,24.2,24.4,24.3,24.4,24.3,24.4,24.4,24.4,24.4,24.4,24.4,24.5,24.4,24.6,24.5,24.3,24.3,24.4,24.4,24.4,24.5,24.4,24.4,24.4,24.6,24.6,24.4,24.5,24.6,24.5,24.7,24.6,24.6,24.8,24.6,24.6,24.7,24.8,24.7,24.8,24.8,24.8,25.1,25.5,26.0,26.4,26.4,26.3,26.4,26.2,26.1,26.1,26.0,25.9,26.0,25.9,25.9,25.8,25.5,25.4,25.4,25.3,25.2,25.2,25.1,24.7,24.6,24.5,24.5,24.3,24.4,24.3,24.4,24.3,24.4,24.4,24.4,24.5,24.4,24.4,24.5,24.6,24.4,24.4,24.4,24.4,24.6,24.5,24.5,24.5,24.6,24.5,24.6,24.6,24.5,24.5,24.5,24.5,24.4,24.6,24.5,24.6,24.5,24.5,24.6,24.5,24.4,24.4,24.4,24.4,24.3,24.5,24.4,24.4,24.4,24.3,24.4,24.4,24.4,24.2,24.2,24.2,24.5,24.6,25.0,24.7,24.4,24.2,24.1,24.4,24.8,24.7,24.6,24.3,24.2,24.1,24.2,24.1,23.9,23.9,23.7,23.7,23.7,23.7,23.6,23.7,23.5,23.6,23.5,23.5,23.5,23.7,23.5,23.7,23.7,23.8,23.5,23.8,23.8,23.9,23.7,23.9,23.8,24.0,23.8,23.8,23.8,23.9,24.0,24.0,24.0,24.0,23.9,24.1,24.0,23.8,24.0,24.0,23.9,23.8,23.8,23.9,23.9,24.0,23.8,23.8,23.8,23.9
61,24.4,24.5,24.4,24.5,24.5,24.4,24.3,24.4,24.3,24.4,24.4,24.6,24.4,24.4,24.4,24.4,24.1,24.3,24.4,24.4,24.4,24.4,24.5,24.4,24.4,24.4,24.4,24.5,24.4,24.4,24.4,24.4,24.5,24.5,24.5,24.6,24.6,24.6,24.7,24.6,24.7,24.6,24.7,24.8,24.5,24.8,25.1,25.5,25.9,26.6,26.4,26.3,26.2,26.0,25.8,25.7,25.6,25.7,25.6,25.6,25.7,25.5,25.4,25.1,25.1,25.2,25.1,24.9,25.0,24.9,24.6,24.4,24.4,24.3,24.4,24.3,24.4,24.4,24.5,24.4,24.4,24.4,24.4,24.5,24.4,24.4,24.4,24.5,24.6,24.6,24.6,24.4,24.6,24.4,24.6,24.6,24.6,24.6,24.6,24.5,24.6,24.6,24.4,24.5,24.5,24.4,24.6,24.5,24.6,24.6,24.5,24.6,24.5,24.5,24.4,24.5,24.4,24.3,24.6,24.4,24.3,24.4,24.3,24.4,24.3,24.3,24.4,24.7,24.9,24.6,24.2,24.0,23.9,24.3,24.5,24.9,24.5,24.3,24.2,24.0,24.1,24.0,23.9,23.9,23.7,23.8,23.6,23.7,23.7,23.7,23.5,23.4,23.6,23.6,23.4,23.5,23.5,23.5,23.8,23.5,23.9,23.8,24.0,23.9,23.7,24.0,23.9,23.8,24.0,23.8,23.9,24.1,23.9,24.0,24.0,24.0,23.7,23.9,23.9,23.9,23.8,24.0,24.0,23.9,23.8,24.0,23.8,23.8,24.0,23.8,23.8,23.8
62,24.5,24.5,24.3,24.3,24.4,24.4,24.3,24.4,24.5,24.3,24.3,24.4,24.4,24.3,24.3,24.3,24.3,24.4,24.6,24.3,24.5,24.4,24.4,24.4,24.6,24.4,24.4,24.4,24.4,24.4,24.4,24.4,24.6,24.4,24.6,24.6,24.6,24.6,24.6,24.6,24.8,24.8,24.7,24.7,24.5,24.8,25.0,25.2,25.7,26.2,26.0,25.9,25.9,25.7,25.8,25.7,25.6,25.5,25.4,25.4,25.3,25.2,25.1,24.9,25.0,25.0,24.9,25.1,24.9,24.6,24.6,24.4,24.4,24.4,24.5,24.4,24.5,24.4,24.4,24.5,24.5,24.5,24.5,24.5,24.6,24.6,24.5,24.5,24.6,24.5,24.5,24.6,24.5,24.4,24.4,24.7,24.5,24.6,24.6,24.6,24.6,24.4,24.5,24.5,24.5,24.5,24.5,24.6,24.6,24.6,24.5,24.6,24.4,24.3,24.4,24.5,24.4,24.2,24.4,24.3,24.3,24.3,24.4,24.2,24.3,24.3,24.5,24.6,24.7,24.6,24.4,24.0,24.0,24.3,24.7,24.9,24.6,24.3,24.1,24.1,24.1,24.0,23.9,23.8,23.7,23.7,23.8,23.7,23.9,23.7,23.5,23.5,23.5,23.5,23.4,23.6,23.5,23.4,23.7,23.7,23.7,23.7,23.8,23.8,23.9,23.9,23.8,23.9,23.8,23.9,23.9,24.0,23.8,23.9,24.0,23.9,24.0,24.0,23.9,23.9,23.9,23.9,23.9,23.9,23.8,23.9,23.9,24.0,23.7,23.8,23.8,23.7
63,24.5,24.4,24.5,24.5,24.5,24.4,24.4,24.5,24.3,24.5,24.4,24.3,24.5,24.4,24.4,24.3,24.5,24.5,24.4,24.4,24.4,24.4,24.3,24.5,24.3,24.3,24.4,24.5,24.4,24.6,24.5,24.5,24.7,24.4,24.6,24.6,24.7,24.5,24.5,24.7,24.7,24.6,24.5,24.6,24.6,24.7,24.6,24.8,24.8,25.0,25.1,25.1,25.3,25.0,25.1,25.1,25.0,24.9,24.8,24.9,24.9,24.8,24.7,24.9,24.7,24.7,24.6,24.7,24.6,24.6,24.5,24.6,24.5,24.4,24.4,24.4,24.4,24.4,24.4,24.4,24.6,24.5,24.5,24.4,24.4,24.6,24.5,24.5,24.5,24.6,24.6,24.6,24.5,24.6,24.6,24.6,24.7,24.6,24.6,24.6,24.7,24.6,24.5,24.5,24.6,24.6,24.4,24.6,24.6,24.4,24.4,24.5,24.6,24.4,24.5,24.4,24.4,24.4,24.4,24.5,24.5,24.3,24.4,24.3,24.4,24.4,24.4,24.7,24.9,24.5,24.4,24.5,24.3,24.7,25.0,24.7,24.6,24.2,24.1,24.0,24.2,24.1,24.0,23.8,23.7,23.7,23.7,23.7,23.7,23.7,23.5,23.5,23.4,23.6,23.5,23.5,23.6,23.5,23.7,23.7,23.8,23.7,23.8,23.9,24.0,23.7,23.8,24.1,23.8,23.9,23.9,23.9,23.9,24.0,24.0,24.0,24.1,23.9,23.8,23.9,23.8,23.8,24.0,24.0,23.8,24.0,23.7,24.0,23.8,23.8,24.0,23.9
64,24.5,24.4,24.4,24.4,24.5,24.4,24.3,24.5,24.6,24.3,24.3,24.4,24.2,24.4,24.3,24.5,24.4,24.6,24.5,24.3,24.5,24.4,24.5,24.5,24.4,24.3,24.4,24.4,24.6,24.5,24.4,24.7,24.5,24.5,24.5,24.6,24.6,24.7,24.6,24.7,24.7,24.7,24.7,24.8,24.7,24.6,24.7,24.8,24.5,24.7,24.7,24.7,24.6,24.5,24.5,24.5,24.5,24.5,24.4,24.5,24.5,24.4,24.6,24.6,24.5,24.6,24.6,24.5,24.3,24.4,24.4,24.3,24.4,24.4,24.4,24.3,24.3,24.4,24.5,24.6,24.6,24.4,24.5,24.5,24.5,24.6,24.6,24.6,24.6,24.6,24.7,24.6,24.6,24.7,24.6,24.6,24.7,24.7,24.6,24.6,24.6,24.6,24.5,24.6,24.7,24.4,24.7,24.7,24.5,24.6,24.5,24.6,24.5,24.3,24.6,24.6,24.4,24.4,24.4,24.4,24.4,24.4,24.4,24.4,24.3,24.3,24.3,24.5,24.7,24.8,24.6,24.6,24.7,24.8,24.9,24.6,24.4,24.3,24.2,24.3,24.1,24.0,24.1,24.0,23.8,23.7,23.7,23.7,23.7,23.7,23.4,23.5,23.3,23.6,23.5,23.4,23.6,23.5,23.6,23.5,23.7,23.7,23.9,23.8,23.7,23.8,23.8,23.9,23.8,23.8,23.8,23.9,23.9,24.0,24.0,24.0,23.9,23.9,24.0,24.0,24.0,24.1,23.8,23.9,24.0,24.0,23.9,24.0,24.0,23.8,23.9,23.8
65,24.5,24.5,24.4,24.5,24.5,24.5,24.4,24.5,24.4,24.6,24.5,24.4,24.3,24.6,24.4,24.6,24.6,24.4,24.4,24.5,24.4,24.5,24.4,24.4,24.5,24.5,24.3,24.5,24.4,24.6,24.4,24.4,24.5,24.5,24.5,24.6,24.7,24.5,24.6,24.6,24.7,24.6,24.8,24.6,24.6,24.6,24.7,24.7,24.6,24.5,24.5,24.4,24.5,24.4,24.5,24.4,24.4,24.4,24.3,24.3,24.3,24.3,24.3,24.4,24.4,24.4,24.3,24.4,24.5,24.5,24.3,24.6,24.4,24.5,24.5,24.5,24.5,24.6,24.6,24.5,24.6,24.6,24.6,24.6,24.6,24.5,24.6,24.7,24.8,24.7,24.6,24.6,24.6,24.7,24.7,24.8,24.8,24.8,24.8,24.6,24.7,24.8,24.7,24.8,24.8,24.8,24.6,24.7,24.7,24.6,24.6,24.5,24.5,24.5,24.5,24.5,24.5,24.5,24.4,24.4,24.4,24.4,24.4,24.4,24.4,24.4,24.3,24.4,24.4,24.5,24.6,24.8,24.7,24.7,24.7,24.4,24.3,24.3,24.2,24.4,24.3,24.4,24.1,23.9,23.7,23.7,23.7,23.7,23.7,23.4,23.5,23.4,23.5,23.4,23.4,23.5,23.6,23.6,23.7,23.7,23.8,23.9,23.9,24.0,23.9,23.8,24.0,23.8,23.9,23.9,23.9,23.9,24.0,24.0,23.9,23.9,24.0,24.0,23.8,23.9,23.9,23.8,24.1,23.8,23.9,24.0,23.7,24.0,23.9,23.9,23.8,23.9
66,24.5,24.5,24.4,24.4,24.5,24.6,24.5,24.4,24.4,24.4,24.5,24.4,24.4,24.4,24.4,24.3,24.4,24.4,24.5,24.4,24.4,24.3,24.5,24.4,24.3,24.4,24.4,24.4,24.4,24.4,24.6,24.5,24.5,24.5,24.5,24.6,24.5,24.6,24.6,24.6,24.5,24.5,24.6,24.5,24.6,24.8,24.6,24.6,24.5,24.5,24.4,24.5,24.6,24.3,24.5,24.4,24.2,24.4,24.3,24.3,24.3,24.3,24.2,24.6,24.5,24.4,24.4,24.4,24.4,24.4,24.5,24.4,24.4,24.4,24.5,24.5,24.5,24.5,24.6,24.5,24.4,24.5,24.5,24.6,24.6,24.4,24.5,24.6,24.7,24.8,24.6,24.8,24.8,24.7,24.8,24.9,24.8,24.7,24.9,24.7,24.7,24.7,24.8,24.8,24.7,24.7,24.7,24.9,24.6,24.7,24.7,24.6,24.7,24.6,24.5,24.6,24.6,24.5,24.4,24.6,24.4,24.3,24.5,24.3,24.4,24.3,24.4,24.3,24.3,24.2,24.4,24.3,24.4,24.4,24.4,24.3,24.3,24.2,24.4,24.5,24.6,24.4,24.0,23.9,23.8,23.7,23.6,23.7,23.7,23.6,23.5,23.5,23.4,23.5,23.6,23.5,23.5,23.7,23.7,23.7,23.7,23.8,23.8,23.9,23.7,23.7,23.9,24.0,24.0,24.0,23.9,23.9,24.0,23.9,24.0,24.0,24.1,23.9,23.9,23.9,24.0,24.0,23.9,23.7,24.0,24.0,23.8,23.9,23.9,24.0,23.9,23.9
67,24.6,24.5,24.4,24.3,24.3,24.5,24.4,24.4,24.4,24.5,24.5,24.5,24.6,24.4,24.5,24.4,24.4,24.4,24.3,24.4,24.4,24.5,24.3,24.4,24.4,24.4,24.4,24.5,24.4,24.5,24.4,24.6,24.6,24.4,24.4,24.6,24.7,24.5,24.9,24.6,24.6,24.8,24.7,24.6,24.6,24.6,24.5,24.6,24.5,24.4,24.5,24.5,24.4,24.3,24.1,24.3,24.3,24.4,24.3,24.4,24.3,24.3,24.3,24.3,24.3,24.4,24.5,24.4,24.5,24.3,24.4,24.4,24.5,24.4,24.5,24.3,24.5,24.6,24.5,24.6,24.6,24.7,24.6,24.7,24.6,24.7,24.7,24.8,24.8,24.7,24.8,24.8,24.7,24.7,24.9,24.8,24.7,24.8,24.9,24.9,24.9,24.9,24.9,24.9,24.9,24.8,24.8,24.6,24.5,24.6,24.6,24.6,24.6,24.7,24.5,24.5,24.4,24.4,24.5,24.5,24.3,24.5,24.4,24.4,24.4,24.3,24.2,24.3,24.3,24.1,24.3,24.3,24.3,24.3,24.4,24.3,24.4,24.4,24.5,24.7,24.8,24.7,24.2,24.0,24.0,23.7,23.7,23.8,23.8,23.6,23.6,23.5,23.3,23.7,23.4,23.5,23.5,23.6,23.7,23.7,23.7,23.7,23.7,23.8,23.8,23.9,23.9,23.8,24.0,24.0,23.9,23.9,24.0,24.0,24.0,23.9,23.7,24.1,24.0,23.9,24.0,23.9,24.0,24.0,24.0,24.1,23.8,24.0,23.9,24.0,24.0,24.0
68,24.4,24.5,24.4,24.5,24.3,24.5,24.4,24.5,24.3,24.4,24.4,24.4,24.3,24.4,24.4,24.5,24.4,24.3,24.3,24.4,24.4,24.4,24.3,24.4,24.4,24.3,24.3,24.4,24.3,24.5,24.5,24.2,24.4,24.5,24.6,24.4,24.6,24.4,24.7,24.6,24.7,24.5,24.6,24.6,24.6,24.5,24.5,24.5,24.6,24.5,24.5,24.3,24.5,24.3,24.1,24.3,24.3,24.1,24.2,24.1,24.2,24.3,24.1,24.4,24.1,24.3,24.4,24.4,24.2,24.3,24.3,24.3,24.4,24.5,24.3,24.4,24.3,24.5,24.6,24.6,24.6,24.6,24.6,24.6,24.6,24.6,24.6,24.7,24.8,24.9,24.6,24.7,24.8,24.8,24.8,24.9,24.9,24.8,24.8,24.9,24.8,25.0,24.9,25.0,24.7,24.8,24.7,24.8,24.7,24.7,24.7,24.5,24.6,24.5,24.6,24.6,24.4,24.5,24.6,24.4,24.5,24.4,24.3,24.3,24.3,24.4,24.2,24.2,24.3,24.2,24.2,24.1,24.2,24.1,24.4,24.5,24.4,24.5,24.6,24.8,24.8,24.5,24.3,24.0,23.8,23.7,23.7,23.7,23.7,23.6,23.6,23.5,23.4,23.5,23.3,23.4,23.4,23.5,23.6,23.6,23.7,23.7,23.8,23.8,23.9,24.0,23.9,23.9,24.0,23.8,23.8,24.0,23.9,24.1,24.0,24.0,23.9,24.2,24.0,24.0,24.1,23.9,23.9,23.9,24.1,23.9,23.9,24.0,24.0,24.0,24.1,24.1
69,24.4,24.4,24.5,24.5,24.5,24.5,24.3,24.5,24.4,24.5,24.5,24.5,24.6,24.4,24.5,24.4,24.5,24.5,24.3,24.5,24.5,24.3,24.3,24.5,24.6,24.4,24.4,24.4,24.4,24.5,24.4,24.5,24.4,24.5,24.4,24.6,24.6,24.6,24.7,24.5,24.7,24.6,24.5,24.6,24.7,24.5,24.5,24.6,24.5,24.6,24.4,24.3,24.3,24.3,24.3,24.3,24.2,24.2,24.2,24.3,24.3,24.0,24.3,24.3,24.2,24.2,24.2,24.3,24.1,24.1,24.1,24.1,24.2,24.3,24.4,24.4,24.6,24.4,24.6,24.5,24.5,24.5,24.6,24.6,24.6,24.6,24.8,24.6,24.6,24.8,24.9,24.8,24.9,24.9,25.0,24.8,24.8,25.0,25.0,25.0,25.0,24.9,25.1,25.0,25.0,24.9,24.8,24.7,24.7,24.7,24.6,24.7,24.8,24.7,24.6,24.7,24.5,24.4,24.4,24.4,24.2,24.4,24.5,24.4,24.3,24.4,24.4,24.2,24.3,24.2,24.3,24.2,24.2,24.3,24.3,24.4,24.4,24.3,24.5,24.7,24.7,24.6,24.3,24.2,23.9,23.7,23.7,23.5,23.7,23.6,23.5,23.4,23.3,23.5,23.5,23.7,23.3,23.5,23.6,23.7,23.5,23.7,23.9,23.8,23.7,23.7,24.0,24.0,24.0,24.0,23.9,23.7,23.9,23.9,24.0,24.0,24.0,24.0,23.9,24.1,24.0,23.9,23.8,23.9,23.8,24.0,24.0,23.8,24.0,23.8,24.0,24.0
70,24.4,24.5,24.5,24.4,24.4,24.4,24.4,24.5,24.4,24.4,24.3,24.5,24.5,24.4,24.4,24.4,24.4,24.3,24.3,24.5,24.4,24.3,24.5,24.3,24.5,24.5,24.4,24.7,24.4,24.4,24.6,24.3,24.4,24.4,24.5,24.6,24.6,24.5,24.5,24.5,24.5,24.6,24.5,24.6,24.6,24.5,24.5,24.5,24.5,24.6,24.3,24.2,24.3,24.2,24.1,24.1,24.2,24.0,24.2,24.2,24.0,24.0,24.0,24.1,24.0,24.1,24.1,24.1,24.1,24.2,24.0,24.1,24.2,24.3,24.5,24.5,24.5,24.6,24.7,24.6,24.8,24.5,24.6,24.7,24.9,24.7,24.9,24.8,24.9,25.0,25.0,24.9,24.9,25.0,25.0,25.1,24.9,25.0,25.1,25.2,25.1,25.0,25.1,25.2,25.1,24.9,24.9,24.9,24.8,24.7,24.9,24.8,24.7,24.8,24.5,24.7,24.6,24.6,24.6,24.5,24.5,24.4,24.5,24.4,24.3,24.4,24.4,24.3,24.4,24.3,24.3,24.3,24.1,24.2,24.4,24.6,24.6,24.4,24.5,24.5,24.6,24.4,24.3,24.1,23.7,23.7,23.6,23.7,23.7,23.5,23.5,23.6,23.5,23.5,23.4,23.5,23.5,23.5,23.7,23.5,23.7,23.7,23.7,23.8,23.8,24.0,23.8,23.9,23.8,23.9,23.9,23.9,23.9,24.0,24.0,23.9,24.0,24.0,24.1,24.2,24.0,24.0,23.9,24.0,23.9,24.0,23.9,24.0,24.0,23.9,24.0,23.7
71,24.5,24.4,24.5,24.5,24.5,24.4,24.6,24.4,24.4,24.5,24.4,24.4,24.4,24.5,24.6,24.4,24.3,24.4,24.4,24.5,24.4,24.4,24.5,24.4,24.6,24.5,24.5,24.6,24.5,24.5,24.4,24.4,24.5,24.5,24.6,24.5,24.6,24.7,24.6,24.7,24.6,24.6,24.6,24.6,24.7,24.5,24.5,24.4,24.3,24.3,24.4,24.3,24.2,24.2,24.3,24.2,24.2,24.1,24.1,24.1,24.0,24.0,24.1,23.9,24.1,24.0,24.1,24.0,24.1,24.0,24.0,24.2,24.3,24.3,24.5,24.5,24.4,24.6,24.4,24.7,24.7,24.8,24.8,24.8,24.7,25.0,24.8,24.8,25.0,24.9,24.9,25.0,24.9,25.0,24.9,25.1,24.9,25.2,25.2,25.2,25.2,25.4,25.3,25.4,25.3,25.2,25.1,25.1,24.9,24.9,24.9,24.7,24.9,24.7,24.6,24.8,24.7,24.8,24.6,24.5,24.6,24.4,24.5,24.4,24.4,24.5,24.4,24.4,24.2,24.3,24.3,24.3,24.2,24.4,24.3,24.3,24.5,24.4,24.3,24.3,24.4,24.5,24.3,24.2,23.8,23.8,23.6,23.7,23.7,23.7,23.6,23.5,23.5,23.5,23.5,23.4,23.5,23.7,23.5,23.5,23.6,23.7,23.7,23.8,23.9,23.9,24.0,23.8,24.0,24.0,24.0,24.0,23.9,24.0,23.9,24.1,23.9,24.0,23.9,24.0,24.0,24.0,24.0,23.8,24.0,24.0,23.8,24.0,23.9,24.1,24.0,23.9
72,24.4,24.4,24.5,24.4,24.3,24.3,24.4,24.5,24.3,24.3,24.4,24.4,24.4,24.3,24.4,24.4,24.4,24.3,24.3,24.5,24.5,24.4,24.5,24.4,24.4,24.4,24.4,24.3,24.3,24.6,24.4,24.4,24.4,24.4,24.6,24.5,24.5,24.6,24.6,24.5,24.6,24.5,24.6,24.5,24.5,24.5,24.4,24.4,24.3,24.1,24.2,24.2,24.0,24.2,24.0,24.0,24.0,24.1,24.0,24.1,23.8,24.0,24.0,24.0,24.2,23.8,24.0,24.0,24.0,24.1,24.0,24.2,24.3,24.4,24.5,24.6,24.6,24.6,24.5,24.5,24.6,24.6,24.7,24.7,24.7,24.9,24.8,24.8,25.0,24.9,25.0,25.1,25.1,25.1,25.2,25.4,25.4,25.2,25.1,25.4,25.4,25.5,25.4,25.6,25.4,25.4,25.3,25.1,24.9,25.0,24.9,24.8,24.9,24.8,24.7,24.7,24.7,24.8,24.5,24.5,24.3,24.4,24.4,24.5,24.4,24.4,24.3,24.4,24.2,24.4,24.2,24.4,24.3,24.1,24.3,24.4,24.4,24.4,24.4,24.3,24.4,24.4,24.3,24.2,23.9,23.8,23.7,23.7,23.7,23.7,23.6,23.5,23.3,23.5,23.5,23.6,23.4,23.7,23.6,23.7,23.7,23.8,23.8,23.7,23.8,23.9,23.9,23.8,23.9,23.9,23.9,24.0,24.0,24.0,24.0,24.0,24.1,24.0,23.9,24.0,24.0,23.9,24.0,24.1,24.1,24.0,23.9,23.9,24.0,24.0,24.1,23.9
73,24.4,24.5,24.3,24.3,24.4,24.4,24.3,24.3,24.4,24.4,24.4,24.3,24.5,24.4,24.4,24.4,24.5,24.4,24.3,24.4,24.3,24.3,24.3,24.3,24.4,24.4,24.4,24.4,24.5,24.6,24.6,24.4,24.5,24.5,24.4,24.7,24.5,24.6,24.7,24.6,24.6,24.7,24.6,24.6,24.5,24.4,24.4,24.1,24.2,24.2,24.2,24.2,24.0,24.0,24.0,24.0,24.1,24.1,24.1,24.1,23.9,24.0,23.9,24.0,24.0,23.9,24.1,24.0,24.1,24.0,24.2,24.2,24.3,24.5,24.6,24.4,24.6,24.7,24.7,24.7,24.7,24.7,24.7,24.8,24.8,24.9,25.0,24.8,25.0,25.0,25.1,24.9,25.1,25.0,25.1,25.2,25.2,25.3,25.4,25.5,25.6,25.5,25.5,25.4,25.5,25.4,25.4,25.2,25.1,25.1,25.1,24.9,24.8,24.9,24.8,24.9,24.6,24.8,24.6,24.6,24.6,24.5,24.5,24.5,24.4,24.4,24.3,24.3,24.3,24.3,24.3,24.3,24.2,24.3,24.4,24.6,24.5,24.6,24.4,24.6,24.4,24.6,24.4,24.2,24.1,23.9,23.7,23.7,23.7,23.6,23.7,23.5,23.5,23.4,23.4,23.5,23.4,23.6,23.7,23.6,23.7,23.7,23.9,23.9,23.8,23.8,23.8,23.8,23.9,23.8,24.0,24.0,24.0,24.0,24.0,23.9,24.0,24.1,24.0,24.0,23.9,23.9,24.0,23.9,23.9,24.0,24.0,24.0,23.9,23.9,23.9,24.0
74,24.5,24.4,24.4,24.4,24.5,24.3,24.4,24.5,24.4,24.4,24.4,24.3,24.3,24.3,24.3,24.4,24.5,24.3,24.4,24.4,24.4,24.5,24.3,24.4,24.3,24.4,24.5,24.5,24.4,24.4,24.3,24.4,24.4,24.4,24.5,24.6,24.6,24.4,24.5,24.7,24.6,24.6,24.6,24.5,24.6,24.4,24.4,24.3,24.1,24.0,24.3,24.0,24.1,24.0,24.1,24.0,24.1,24.1,24.0,24.0,24.0,24.0,24.0,24.0,24.0,24.2,24.0,23.9,24.0,24.0,24.2,24.1,24.3,24.3,24.4,24.6,24.6,24.5,24.8,24.6,24.7,24.5,24.9,24.9,24.8,24.8,24.9,25.0,25.0,25.1,25.1,25.1,25.1,25.3,25.3,25.4,25.4,25.5,25.6,25.4,25.4,25.5,25.7,25.5,25.5,25.6,25.4,25.2,25.3,25.2,25.0,25.0,25.0,24.8,24.7,24.8,24.8,24.7,24.7,24.7,24.7,24.5,24.4,24.5,24.6,24.5,24.5,24.3,24.4,24.4,24.2,24.3,24.1,24.3,24.3,24.5,24.3,24.4,24.4,24.3,24.4,24.4,24.3,24.1,23.9,23.7,23.7,23.7,23.6,23.5,23.5,23.5,23.5,23.4,23.4,23.5,23.5,23.6,23.5,23.6,23.5,23.7,23.7,23.8,23.8,24.0,23.9,23.8,24.0,24.1,23.9,23.8,23.9,24.0,24.0,23.9,24.0,24.0,24.1,24.0,24.1,24.0,23.9,23.8,23.9,24.0,23.9,23.9,23.9,24.1,23.9,23.9
75,24.3,24.4,24.4,24.4,24.3,24.4,24.3,24.4,24.3,24.3,24.4,24.4,24.5,24.3,24.4,24.3,24.2,24.4,24.3,24.4,24.3,24.4,24.3,24.4,24.4,24.3,24.3,24.5,24.3,24.6,24.4,24.5,24.4,24.6,24.5,24.5,24.5,24.6,24.5,24.6,24.4,24.6,24.6,24.6,24.5,24.4,24.5,24.1,24.2,24.1,24.2,24.2,24.2,24.0,24.1,24.0,24.0,24.1,24.1,24.1,23.9,24.0,24.0,24.1,23.9,23.9,23.9,23.9,24.0,23.8,24.0,24.1,24.3,24.5,24.5,24.6,24.7,24.7,24.7,24.6,24.8,24.6,24.7,24.8,24.8,24.9,25.0,25.1,25.0,25.1,25.2,25.1,25.3,25.3,25.3,25.5,25.4,25.5,25.6,25.6,25.6,25.6,25.7,25.6,25.6,25.5,25.6,25.3,25.4,25.3,25.2,25.1,25.1,25.0,24.9,24.8,24.8,24.8,24.8,24.7,24.7,24.6,24.5,24.4,24.5,24.4,24.4,24.4,24.3,24.2,24.1,24.4,24.3,24.1,24.4,24.4,24.3,24.3,24.4,24.3,24.3,24.4,24.2,24.1,23.9,23.8,23.7,23.5,23.7,23.6,23.5,23.5,23.5,23.4,23.4,23.6,23.4,23.7,23.6,23.5,23.6,23.7,23.7,23.8,23.8,23.6,23.8,24.0,23.8,23.9,23.8,23.9,24.0,24.0,23.9,23.8,23.8,24.0,23.9,23.7,24.0,24.0,23.8,23.8,24.0,23.9,23.9,24.0,23.8,23.9,23.9,24.0
76,24.3,24.4,24.3,24.4,24.4,24.4,24.5,24.3,24.3,24.4,24.4,24.4,24.3,24.4,24.4,24.3,24.3,24.3,24.4,24.5,24.3,24.3,24.4,24.5,24.4,24.5,24.5,24.5,24.5,24.5,24.5,24.5,24.6,24.4,24.7,24.6,24.6,24.6,24.5,24.5,24.6,24.6,24.7,24.6,24.4,24.4,24.3,24.1,24.0,24.0,24.2,24.1,24.3,24.0,24.0,24.1,24.0,24.1,24.1,24.1,24.0,24.1,24.0,24.0,24.0,24.0,23.9,23.9,24.0,24.0,24.0,24.2,24.3,24.6,24.5,24.5,24.6,24.8,24.6,24.7,24.8,24.8,24.9,25.0,25.0,24.9,25.0,25.0,25.0,25.2,25.3,25.2,25.4,25.5,25.6,25.7,25.6,25.8,25.7,25.6,25.8,25.7,25.9,25.7,25.8,25.6,25.7,25.6,25.7,25.4,25.2,25.2,25.1,25.1,25.0,24.9,24.9,24.8,24.8,24.8,24.6,24.6,24.6,24.5,24.6,24.5,24.4,24.5,24.3,24.3,24.3,24.3,24.3,24.2,24.4,24.4,24.4,24.3,24.3,24.2,24.3,24.4,24.0,24.1,23.7,23.7,23.7,23.7,23.7,23.7,23.5,23.6,23.5,23.5,23.5,23.4,23.5,23.6,23.6,23.7,23.6,23.7,23.8,23.7,23.8,23.9,23.9,24.0,24.0,24.0,23.9,24.1,24.0,24.1,23.9,23.9,24.0,24.0,23.9,23.9,24.0,23.9,24.0,23.8,23.9,23.9,23.9,24.1,24.0,23.8,23.9,23.8
77,24.4,24.3,24.3,24.4,24.4,24.3,24.5,24.4,24.2,24.3,24.4,24.4,24.5,24.4,24.2,24.4,24.4,24.3,24.3,24.5,24.4,24.4,24.3,24.2,24.6,24.5,24.5,24.6,24.4,24.6,24.3,24.5,24.5,24.4,24.6,24.6,24.6,24.7,24.6,24.6,24.7,24.7,24.6,24.4,24.4,24.4,24.4,24.3,24.2,24.1,24.1,24.1,24.2,24.0,24.0,24.0,24.1,24.1,24.0,24.1,24.0,24.0,24.0,24.0,23.9,23.9,23.9,24.0,24.0,24.0,24.0,24.0,24.3,24.5,24.5,24.6,24.6,24.8,24.7,24.7,24.9,25.0,24.8,24.9,25.0,24.9,25.0,25.2,25.1,25.4,25.4,25.3,25.4,25.6,25.7,25.7,25.6,25.9,25.7,25.9,25.8,25.9,25.9,25.9,25.9,25.8,25.7,25.7,25.6,25.6,25.5,25.3,25.3,25.1,25.1,25.0,24.9,24.9,24.9,24.7,24.7,24.7,24.5,24.6,24.5,24.5,24.5,24.4,24.3,24.3,24.4,24.2,24.3,24.2,24.3,24.2,24.3,24.4,24.3,24.0,24.1,24.0,24.1,23.9,24.0,23.7,23.7,23.7,23.7,23.7,23.5,23.5,23.4,23.5,23.6,23.5,23.5,23.5,23.7,23.5,23.7,23.7,23.8,23.7,23.9,23.9,23.9,23.9,24.0,24.0,23.9,24.0,23.9,24.0,24.1,24.1,24.0,24.1,24.0,23.9,24.0,24.0,24.0,24.0,23.9,23.9,24.0,24.0,24.0,23.9,23.9,24.0
78,24.4,24.4,24.3,24.3,24.3,24.3,24.4,24.4,24.3,24.4,24.3,24.4,24.3,24.3,24.4,24.4,24.3,24.4,24.2,24.3,24.5,24.4,24.3,24.3,24.4,24.2,24.4,24.5,24.3,24.4,24.5,24.4,24.4,24.4,24.3,24.5,24.5,24.6,24.6,24.5,24.7,24.4,24.4,24.6,24.4,24.3,24.3,24.3,24.3,24.1,24.2,24.1,24.2,24.1,24.0,24.2,24.0,24.2,24.0,24.2,23.9,23.9,24.0,23.9,23.9,24.1,23.9,24.1,23.9,24.0,24.0,24.2,24.2,24.4,24.5,24.6,24.6,24.6,24.6,24.8,24.8,24.7,24.7,24.9,25.1,24.9,25.1,25.2,25.3,25.2,25.4,25.5,25.7,25.6,25.8,25.7,25.7,26.0,25.9,25.9,26.1,26.3,26.2,26.3,26.1,26.1,25.9,25.9,25.8,25.7,25.7,25.6,25.3,25.1,25.1,25.1,25.0,24.9,24.8,24.8,24.8,24.6,24.6,24.6,24.6,24.5,24.5,24.4,24.4,24.4,24.4,24.2,24.2,24.3,24.3,24.2,24.2,24.1,24.0,24.0,24.1,24.0,24.0,24.0,24.0,23.8,23.7,23.8,23.6,23.5,23.5,23.5,23.5,23.5,23.5,23.5,23.5,23.7,23.7,23.6,23.5,23.7,23.8,24.0,23.9,23.8,23.8,23.8,23.8,24.0,23.9,24.0,24.0,24.0,23.9,24.0,23.8,24.0,23.7,24.1,24.2,24.0,24.0,23.9,24.0,23.9,23.8,24.0,23.7,24.0,23.7,23.9
79,24.3,24.3,24.3,24.4,24.5,24.3,24.3,24.3,24.4,24.3,24.3,24.4,24.4,24.2,24.3,24.3,24.3,24.3,24.3,24.3,24.3,24.3,24.4,24.2,24.4,24.3,24.4,24.4,24.4,24.4,24.4,24.5,24.6,24.5,24.4,24.5,24.4,24.7,24.6,24.6,24.6,24.5,24.4,24.6,24.6,24.4,24.4,24.3,24.1,24.1,24.2,24.2,24.2,24.1,24.2,24.1,24.0,24.0,24.0,24.1,24.2,24.1,23.9,24.0,24.1,24.0,24.0,24.0,23.9,24.1,24.1,24.2,24.3,24.4,24.4,24.4,24.8,24.8,24.7,24.7,24.8,24.8,24.9,24.9,25.0,24.9,25.1,25.3,25.4,25.4,25.7,25.4,25.6,25.9,25.8,25.8,25.9,25.9,26.2,26.3,26.5,26.3,26.4,26.6,26.4,26.1,26.1,26.1,25.8,25.8,25.7,25.6,25.4,25.4,25.2,25.3,25.0,25.0,24.9,25.0,24.9,24.7,24.6,24.5,24.5,24.6,24.4,24.5,24.5,24.4,24.4,24.3,24.3,24.2,24.3,24.1,24.1,24.0,23.9,23.9,24.0,23.8,23.9,23.7,23.7,23.6,23.7,23.6,23.8,23.6,23.5,23.5,23.4,23.5,23.4,23.5,23.4,23.5,23.5,23.6,23.5,23.7,23.7,23.8,23.9,23.8,24.0,23.9,23.8,23.8,23.8,23.9,24.1,24.0,23.9,24.0,23.9,24.0,23.9,24.1,23.9,24.0,24.0,24.0,23.9,24.0,24.0,24.0,23.9,23.8,23.9,23.8
80,24.4,24.4,24.4,24.4,24.3,24.3,24.3,24.3,24.3,24.4,24.3,24.2,24.4,24.3,24.3,24.2,24.4,24.4,24.3,24.3,24.4,24.3,24.3,24.4,24.4,24.4,24.4,24.3,24.4,24.5,24.3,24.5,24.4,24.4,24.4,24.5,24.5,24.4,24.5,24.5,24.6,24.6,24.6,24.5,24.6,24.5,24.5,24.4,24.3,24.2,24.2,24.2,24.1,24.3,24.3,24.3,24.1,24.0,24.3,24.1,24.0,24.1,24.0,24.2,24.1,24.2,23.9,24.1,24.0,24.0,24.1,24.1,24.1,24.3,24.6,24.6,24.7,24.8,24.9,24.8,24.9,24.8,25.0,25.0,25.2,25.2,25.1,25.4,25.4,25.7,25.7,25.7,25.6,25.7,26.0,26.0,26.1,26.3,26.3,26.4,26.7,26.8,26.9,26.9,26.7,26.5,26.4,26.2,26.0,26.0,25.7,25.7,25.6,25.5,25.3,25.2,25.1,25.0,25.1,25.1,24.9,24.7,24.7,24.6,24.6,24.6,24.4,24.4,24.5,24.4,24.5,24.3,24.3,24.4,24.2,24.3,24.1,24.0,23.9,24.0,24.0,23.9,23.9,23.7,23.7,23.6,23.5,23.7,23.6,23.7,23.7,23.4,23.4,23.5,23.3,23.5,23.5,23.6,23.6,23.7,23.7,23.7,23.8,23.9,23.9,23.9,24.0,23.9,24.0,23.9,23.9,23.9,24.0,24.0,24.1,24.0,23.9,24.0,23.8,24.0,24.1,24.0,24.0,24.0,23.9,24.1,24.1,24.0,24.1,24.0,24.2,24.2
81,24.2,24.5,24.3,24.3,24.3,24.2,24.2,24.3,24.3,24.3,24.3,24.3,24.3,24.3,24.1,24.2,24.2,24.2,24.1,24.3,24.2,24.2,24.2,24.3,24.2,24.2,24.3,24.2,24.3,24.3,24.3,24.1,24.4,24.3,24.3,24.6,24.4,24.3,24.3,24.3,24.4,24.7,24.6,24.5,24.4,24.4,24.6,24.5,24.4,24.2,24.3,24.2,24.3,24.2,24.4,24.3,24.1,24.2,24.0,24.1,24.1,24.1,24.1,24.2,24.2,24.0,24.1,24.0,24.1,24.1,23.9,24.1,24.2,24.3,24.4,24.7,24.7,24.7,24.6,24.9,24.9,25.1,24.9,25.1,25.2,25.3,25.2,25.4,25.5,25.6,25.7,25.6,25.9,25.9,25.9,26.0,26.2,26.4,26.7,26.6,26.9,26.9,26.9,27.0,26.9,26.7,26.4,26.3,26.2,26.0,25.9,25.9,25.7,25.5,25.4,25.4,25.3,25.1,24.9,24.9,24.7,24.8,24.8,24.7,24.7,24.5,24.5,24.4,24.4,24.4,24.4,24.4,24.3,24.4,24.4,24.2,24.1,24.0,24.0,23.9,23.8,23.9,23.7,23.4,23.5,23.5,23.7,23.6,23.5,23.6,23.5,23.5,23.4,23.6,23.5,23.4,23.5,23.6,23.5,23.6,23.6,23.7,23.8,23.7,23.9,23.8,23.8,23.9,23.9,24.0,24.0,23.9,23.8,23.9,23.9,23.8,24.0,23.9,23.9,24.1,24.0,24.1,23.9,23.9,23.9,24.0,24.0,23.8,23.9,24.0,23.8,23.9
82,24.4,24.3,24.3,24.4,24.3,24.4,24.4,24.3,24.3,24.2,24.3,24.0,24.2,24.1,24.2,24.2,24.3,24.2,24.2,24.3,24.3,24.1,24.2,24.2,24.1,24.2,24.3,24.1,24.2,24.0,24.3,24.2,24.2,24.1,24.2,24.2,24.2,24.2,24.2,24.3,24.4,24.5,24.6,24.8,24.6,24.6,24.6,24.6,24.4,24.5,24.4,24.3,24.4,24.4,24.5,24.4,24.3,24.3,24.3,24.3,24.2,24.2,24.2,24.3,24.2,24.2,24.2,24.2,24.2,24.1,24.3,24.3,24.4,24.6,24.6,24.6,24.8,24.8,25.0,24.9,25.1,25.1,25.2,25.1,25.3,25.2,25.4,25.5,25.7,25.8,25.9,26.0,25.9,26.0,26.2,26.2,26.4,26.6,26.8,26.9,27.0,27.0,27.1,27.0,27.0,27.1,26.6,26.5,26.4,26.2,26.1,25.8,25.7,25.7,25.5,25.5,25.4,25.2,25.1,25.0,25.0,24.9,24.7,24.6,24.6,24.5,24.5,24.5,24.5,24.4,24.3,24.4,24.3,24.3,24.3,24.3,24.1,24.0,24.0,23.9,23.7,23.9,23.8,23.8,23.7,23.7,23.5,23.7,23.7,23.7,23.6,23.5,23.4,23.6,23.5,23.3,23.4,23.7,23.6,23.5,23.7,23.7,23.9,23.7,23.7,23.8,23.9,24.0,24.0,24.0,24.0,24.0,24.0,24.0,24.1,23.8,24.0,23.9,24.0,24.0,24.0,24.0,24.0,24.0,24.1,23.9,24.0,23.9,24.0,24.0,24.0,24.0
83,24.2,24.1,24.1,24.3,24.2,24.2,24.4,24.4,24.3,24.2,24.1,24.1,24.1,24.0,24.0,24.0,24.1,23.9,24.1,24.1,24.0,24.0,23.9,24.0,24.0,24.0,24.0,24.0,24.0,23.9,23.9,24.0,24.0,23.9,24.0,24.0,23.9,24.0,23.9,24.1,24.3,24.3,24.4,24.7,24.6,24.5,24.7,24.5,24.5,24.4,24.3,24.4,24.5,24.5,24.6,24.6,24.6,24.2,24.2,24.4,24.3,24.2,24.3,24.2,24.1,24.2,24.4,24.2,24.2,24.3,24.2,24.3,24.4,24.4,24.5,24.6,24.7,24.8,24.9,24.9,25.0,24.9,25.1,25.2,25.3,25.2,25.4,25.6,25.6,25.6,25.9,25.9,25.9,26.1,26.2,26.5,26.5,26.6,26.7,27.0,26.9,27.0,27.0,27.0,27.0,27.0,26.9,26.5,26.4,26.3,26.1,25.9,25.9,25.7,25.6,25.6,25.4,25.2,25.2,25.1,25.0,24.9,24.9,24.6,24.7,24.6,24.6,24.4,24.4,24.4,24.4,24.3,24.2,24.4,24.3,24.2,24.3,24.2,24.0,24.0,23.9,23.9,23.9,23.7,23.6,23.5,23.5,23.7,23.6,23.5,23.5,23.4,23.7,23.4,23.3,23.4,23.4,23.4,23.4,23.6,23.6,23.7,23.8,23.8,23.9,23.7,23.9,24.0,23.8,23.9,24.0,24.0,24.0,24.0,24.0,23.9,23.9,23.9,24.0,24.0,24.0,24.1,24.0,24.0,23.8,23.8,23.9,23.9,23.9,23.8,23.9,24.0
84,24.3,24.4,24.1,24.2,24.3,24.2,24.4,24.1,24.2,24.1,24.0,24.0,24.1,23.9,24.0,23.8,24.0,23.8,23.8,24.0,23.9,23.7,23.9,23.7,24.0,24.0,23.8,23.9,23.9,23.8,24.0,23.8,23.9,23.7,24.0,23.8,23.9,23.6,23.9,23.9,24.0,24.2,24.4,24.5,24.7,24.6,24.6,24.5,24.6,24.5,24.4,24.5,24.7,24.5,24.8,24.8,24.8,24.4,24.3,24.4,24.3,24.2,24.4,24.4,24.4,24.2,24.4,24.4,24.4,24.3,24.4,24.5,24.5,24.5,24.6,24.6,24.9,24.8,24.8,25.0,25.0,25.1,25.1,25.2,25.5,25.4,25.4,25.6,25.6,25.9,25.8,26.0,26.1,26.3,26.3,26.7,26.7,26.9,26.9,26.9,26.9,27.0,27.0,27.0,27.3,27.0,26.9,26.7,26.7,26.4,26.3,26.1,25.9,25.8,25.9,25.7,25.5,25.4,25.3,25.2,24.9,24.7,24.6,24.9,24.6,24.6,24.6,24.5,24.5,24.5,24.4,24.5,24.4,24.5,24.5,24.5,24.4,24.1,24.1,23.8,24.0,24.0,24.0,23.7,23.7,23.5,23.7,23.6,23.6,23.7,23.6,23.6,23.5,23.5,23.5,23.4,23.5,23.7,23.5,23.7,23.7,23.6,23.8,23.9,23.8,23.9,23.9,23.9,23.9,24.0,24.0,24.0,24.0,24.0,24.0,24.0,23.9,23.9,24.0,24.0,24.1,24.0,24.0,23.9,24.0,24.0,24.0,23.9,23.8,24.0,23.9,24.0
85,24.1,24.3,24.3,24.1,24.2,24.1,24.1,24.0,24.0,23.9,23.8,23.9,23.9,23.7,23.8,23.7,23.8,23.8,23.7,23.8,23.8,23.7,23.8,23.7,23.8,23.7,23.7,24.0,23.7,23.7,23.8,23.9,23.7,23.8,23.7,24.0,23.7,23.8,23.8,23.8,24.0,24.1,24.3,24.5,24.6,24.6,24.7,24.6,24.6,24.7,24.6,24.6,24.5,24.6,24.7,24.8,24.9,24.7,24.6,24.5,24.4,24.3,24.4,24.4,24.6,24.4,24.4,24.4,24.5,24.4,24.5,24.4,24.5,24.6,24.6,24.6,24.7,25.0,24.9,24.9,25.1,25.1,25.1,25.4,25.4,25.4,25.7,25.7,25.8,25.9,25.9,26.1,26.2,26.4,26.4,26.6,26.7,26.9,26.9,27.0,27.0,27.1,27.0,27.2,27.0,27.0,27.0,26.9,26.7,26.7,26.4,26.2,25.9,25.8,25.7,25.6,25.4,25.4,25.2,25.1,25.1,24.9,24.9,24.7,24.7,24.6,24.7,24.5,24.4,24.4,24.4,24.4,24.4,24.5,24.4,24.3,24.3,24.1,24.0,23.9,23.8,24.0,23.8,23.7,23.7,23.7,23.6,23.7,23.7,23.7,23.7,23.5,23.4,23.3,23.4,23.5,23.5,23.6,23.7,23.7,23.7,23.7,23.7,23.8,23.7,23.9,24.0,23.9,23.9,23.9,23.8,23.9,24.0,24.0,23.9,24.0,24.0,23.8,23.9,24.0,24.1,24.0,24.0,23.9,24.0,24.0,24.0,23.8,24.1,23.9,24.0,24.0
86,24.2,24.1,24.2,24.2,24.0,24.1,24.0,24.1,24.0,23.9,23.8,23.8,24.0,23.9,23.9,24.0,23.9,23.9,23.8,24.1,23.9,23.9,23.8,23.9,23.8,23.9,23.8,24.0,24.0,23.8,23.7,23.8,24.0,23.7,23.8,23.7,23.8,23.8,23.7,23.9,24.1,24.3,24.6,24.7,24.9,24.7,24.9,24.9,24.8,24.9,24.7,24.7,24.9,24.9,25.0,25.0,24.9,24.9,24.7,24.8,24.6,24.7,24.5,24.6,24.6,24.9,24.6,24.7,24.8,24.6,24.4,24.6,24.7,24.7,24.7,24.5,24.9,24.8,24.9,25.0,25.1,25.1,25.3,25.4,25.4,25.4,25.5,25.6,25.9,25.8,26.1,26.1,26.3,26.4,26.6,26.7,26.7,26.9,26.9,27.0,27.0,27.0,27.1,27.1,27.2,27.0,27.2,27.0,27.0,26.7,26.5,26.3,26.2,25.8,25.8,25.7,25.7,25.4,25.4,25.3,25.2,25.1,24.9,24.9,24.7,24.6,24.6,24.6,24.6,24.4,24.4,24.4,24.6,24.5,24.5,24.3,24.1,24.2,24.1,24.0,23.8,23.9,23.8,23.8,23.7,23.7,23.6,23.5,23.7,23.6,23.6,23.6,23.5,23.5,23.6,23.5,23.4,23.5,23.7,23.6,23.7,23.7,23.7,23.9,23.9,23.8,23.8,23.9,24.0,23.7,24.1,24.0,24.0,24.0,24.0,24.1,24.0,24.1,24.0,24.0,24.1,24.0,24.0,23.9,24.0,24.1,23.9,23.9,24.0,23.9,24.0,24.1
87,24.0,23.8,24.0,23.9,24.0,24.0,24.0,23.9,24.0,24.0,23.8,23.7,24.1,23.9,23.8,23.8,23.9,23.8,23.9,23.9,23.9,24.0,24.0,24.0,24.0,24.0,23.9,23.9,23.8,23.9,23.8,23.9,23.8,23.9,23.9,23.9,23.8,23.8,23.9,24.0,24.1,24.6,24.7,25.0,25.1,25.1,25.0,25.1,25.1,25.0,24.9,25.0,25.2,25.1,25.2,25.2,25.2,25.2,25.0,25.0,25.0,24.8,24.8,24.7,24.9,24.9,24.9,24.9,24.7,24.7,24.7,24.6,24.7,24.6,24.7,24.7,24.8,24.9,24.9,24.9,25.1,25.4,25.2,25.4,25.5,25.6,25.9,25.8,25.8,25.9,26.1,26.2,26.3,26.4,26.7,26.8,26.9,26.8,26.9,27.0,27.0,27.1,27.0,27.1,27.0,27.1,27.0,27.0,26.9,26.8,26.5,26.5,26.3,26.1,25.9,25.8,25.6,25.5,25.4,25.3,25.1,25.1,24.9,24.9,24.9,24.6,24.6,24.5,24.5,24.5,24.6,24.5,24.5,24.6,24.6,24.4,24.1,24.3,23.9,23.9,23.9,23.9,24.0,23.7,23.7,23.5,23.7,23.7,23.5,23.5,23.5,23.6,23.5,23.5,23.5,23.4,23.4,23.7,23.7,23.6,23.8,23.6,23.8,23.8,23.9,23.9,23.8,23.9,24.0,23.8,23.8,24.0,23.9,23.9,23.9,23.9,23.9,23.8,23.9,23.9,23.9,24.0,23.8,23.8,23.8,24.1,24.0,23.9,23.8,23.8,24.0,23.9
88,23.9,23.9,23.8,23.9,23.8,23.9,24.0,23.7,23.9,23.7,23.9,23.7,24.0,23.8,23.9,23.8,23.8,23.8,23.9,23.8,23.9,23.9,23.9,23.8,24.0,23.9,23.8,23.9,23.7,24.0,23.9,23.9,23.8,23.9,23.9,24.0,23.8,23.9,23.8,24.3,24.6,25.1,25.5,25.7,25.7,25.6,25.4,25.4,25.4,25.4,25.4,25.5,25.5,25.6,25.5,25.5,25.5,25.5,25.6,25.3,25.2,25.1,25.1,24.9,25.1,25.1,25.1,25.0,24.9,24.8,24.6,24.6,24.7,24.8,24.8,24.9,25.0,24.9,25.0,25.1,25.3,25.4,25.4,25.5,25.5,25.6,25.7,25.8,25.8,26.0,26.1,26.4,26.5,26.7,26.7,26.7,26.7,26.8,27.0,27.0,27.0,27.0,27.0,27.0,27.0,27.1,27.0,27.0,27.0,26.7,26.6,26.5,26.3,26.1,25.9,25.7,25.6,25.4,25.5,25.5,25.2,25.2,25.0,25.0,24.8,24.7,24.7,24.7,24.6,24.5,24.4,24.4,24.5,24.6,24.4,24.4,24.3,24.0,23.9,23.9,24.0,24.0,24.1,24.0,23.8,23.7,23.7,23.5,23.7,23.7,23.6,23.5,23.4,23.4,23.5,23.5,23.5,23.7,23.7,23.5,23.7,23.7,23.7,23.7,23.7,23.7,23.8,23.8,24.0,24.0,23.8,23.8,24.0,24.0,23.8,23.9,24.0,24.1,24.0,23.9,24.0,24.0,24.1,24.0,24.0,24.0,24.0,23.9,24.0,23.9,23.8,23.9
89,23.9,23.8,23.9,23.9,24.0,23.9,23.8,24.0,23.9,23.7,24.0,23.9,24.0,23.7,23.9,23.8,23.9,23.8,23.9,23.9,23.8,23.9,23.8,23.9,23.9,23.9,23.9,24.0,23.9,23.9,24.0,24.0,23.9,23.8,23.9,24.0,23.8,23.9,24.1,24.5,25.2,26.1,26.5,26.8,26.7,26.4,26.2,25.7,25.4,25.5,25.8,25.6,25.8,25.7,25.8,25.9,25.9,26.0,25.8,25.7,25.5,25.4,25.4,25.1,25.2,25.1,25.3,25.3,25.0,24.8,24.7,24.6,24.6,24.6,24.8,24.7,24.8,24.9,25.1,25.0,25.2,25.2,25.4,25.6,25.4,25.5,25.7,25.9,25.9,26.2,26.3,26.4,26.5,26.6,26.6,26.7,26.7,26.7,26.9,26.9,26.9,26.9,27.2,27.0,26.9,27.0,26.9,26.9,26.9,26.9,26.7,26.5,26.3,26.1,26.1,25.8,25.5,25.4,25.4,25.4,25.4,25.2,25.2,24.9,24.6,24.8,24.7,24.7,24.5,24.5,24.5,24.6,24.5,24.5,24.5,24.4,24.3,24.0,24.1,24.0,24.1,24.3,24.2,24.0,24.0,23.8,23.7,23.7,23.7,23.5,23.5,23.5,23.4,23.5,23.5,23.5,23.7,23.5,23.6,23.5,23.7,23.7,23.7,23.7,23.7,23.8,23.9,23.7,23.9,23.9,24.0,24.0,24.0,24.0,23.9,24.0,24.0,23.8,24.1,23.9,24.0,24.0,23.9,23.9,24.1,24.1,24.0,24.0,23.9,23.9,23.9,23.9
90,23.8,24.0,23.9,23.8,23.8,23.8,23.7,23.8,24.0,23.7,24.0,23.7,24.0,23.8,23.9,23.9,23.7,23.8,23.8,23.8,23.9,24.0,24.0,23.9,23.9,23.9,23.9,23.9,23.9,23.9,23.9,23.9,24.0,23.8,24.0,23.9,24.0,24.0,24.2,24.8,25.7,26.6,27.6,27.9,27.8,27.5,27.0,26.4,26.0,25.9,25.9,25.8,25.9,26.0,25.9,25.9,26.1,26.0,25.9,25.7,25.4,25.5,25.4,25.2,25.2,25.4,25.2,25.1,24.8,24.8,24.6,24.6,24.7,24.7,24.7,24.8,24.9,24.9,24.9,25.2,25.1,25.2,25.4,25.4,25.4,25.7,25.7,25.9,26.1,26.3,26.3,26.7,26.6,26.7,26.5,26.6,26.7,26.9,26.9,26.9,27.0,27.0,26.9,27.1,27.0,26.9,26.9,27.0,26.9,26.9,26.8,26.5,26.5,26.3,26.1,26.0,25.6,25.5,25.4,25.2,25.3,25.1,25.0,24.9,24.8,24.8,24.8,24.6,24.5,24.6,24.5,24.5,24.5,24.5,24.5,24.4,24.3,24.0,24.0,24.0,24.2,24.1,24.4,24.2,24.0,23.8,23.7,23.7,23.7,23.5,23.7,23.5,23.5,23.5,23.6,23.3,23.7,23.4,23.7,23.5,23.7,23.7,23.7,23.7,23.7,23.8,23.9,23.8,24.0,24.0,24.0,24.0,24.0,24.0,24.0,24.0,24.0,24.1,24.0,23.9,24.1,24.0,23.9,24.0,24.0,24.0,23.8,23.8,24.0,23.9,23.9,23.9
91,23.8,24.0,23.8,24.0,23.8,23.8,23.8,23.8,23.8,23.7,23.7,23.9,23.9,23.8,23.9,23.9,23.8,23.8,23.7,23.8,24.0,23.9,23.9,23.9,23.9,23.8,24.1,24.0,23.9,23.8,23.7,23.9,24.0,23.8,24.0,23.9,23.8,24.0,24.2,25.0,25.9,27.3,28.3,28.8,28.6,28.4,27.9,27.3,26.9,26.8,26.6,26.3,26.4,26.2,26.1,25.9,26.1,25.9,25.9,25.8,25.8,25.6,25.4,25.5,25.4,25.2,25.1,24.8,24.8,24.6,24.6,24.6,24.8,24.7,24.8,24.6,24.9,24.8,24.9,25.0,25.1,25.2,25.4,25.4,25.4,25.9,25.7,25.9,26.2,26.3,26.4,26.4,26.7,26.6,26.5,26.7,26.8,26.8,26.9,26.9,26.9,26.9,26.9,27.0,27.0,26.9,26.9,26.9,26.8,26.8,26.6,26.7,26.5,26.3,25.9,26.1,25.7,25.5,25.3,25.4,25.3,25.2,25.1,24.9,24.9,24.8,24.6,24.6,24.5,24.5,24.4,24.5,24.4,24.4,24.4,24.3,24.3,24.1,24.1,24.0,24.1,24.3,24.1,24.0,24.0,23.7,23.6,23.7,23.5,23.6,23.6,23.5,23.3,23.4,23.5,23.6,23.5,23.7,23.7,23.6,23.5,23.7,23.7,23.8,23.7,23.9,23.9,23.7,23.9,24.0,23.8,23.8,24.0,24.0,23.9,23.8,24.0,24.0,23.9,24.0,23.9,24.0,24.1,24.0,23.8,23.8,24.0,23.8,24.0,23.9,23.9,23.8
92,23.8,23.8,23.8,23.8,23.8,23.8,23.9,23.7,24.0,23.8,23.7,23.8,23.8,23.7,23.8,23.7,23.8,23.8,23.8,23.8,23.9,23.9,24.0,23.9,24.0,24.0,23.8,24.0,23.9,24.0,23.7,23.8,24.0,23.9,23.8,23.9,24.0,24.0,24.3,25.0,26.2,27.4,28.6,29.1,29.0,28.9,28.6,28.4,28.1,28.0,27.6,27.2,26.8,26.6,26.5,26.2,26.1,25.9,25.9,25.7,25.5,25.5,25.4,25.5,25.4,25.2,25.1,24.7,24.6,24.6,24.5,24.6,24.6,24.7,24.6,24.6,24.8,25.0,24.9,25.1,25.1,25.2,25.4,25.5,25.5,25.7,25.9,26.1,26.3,26.4,26.5,26.6,26.6,26.6,26.5,26.7,26.5,26.6,26.8,26.9,26.7,26.8,27.0,27.0,26.9,27.0,26.8,26.9,27.0,26.8,26.7,26.6,26.5,26.2,25.9,25.8,25.7,25.5,25.4,25.4,25.2,25.2,25.0,25.0,24.8,24.7,24.6,24.7,24.4,24.4,24.5,24.6,24.4,24.5,24.5,24.4,24.4,24.2,24.4,24.2,24.3,24.4,24.3,24.0,24.0,23.8,23.8,23.6,23.6,23.5,23.6,23.5,23.3,23.4,23.5,23.4,23.5,23.6,23.5,23.6,23.7,23.7,23.7,23.7,23.8,23.8,23.7,23.8,23.7,23.8,23.9,23.9,23.9,24.0,23.8,24.0,23.8,23.9,23.9,23.9,23.9,24.0,23.8,23.8,23.8,23.9,24.0,23.9,23.9,23.9,23.9,23.8
93,23.8,23.9,23.8,23.7,23.9,24.0,23.8,23.8,23.9,23.9,23.9,23.8,23.9,23.8,23.7,23.8,23.8,23.7,23.9,23.8,24.1,23.8,23.9,23.9,24.0,24.0,24.1,23.8,24.0,24.0,23.9,23.8,24.0,23.9,23.9,24.0,24.2,23.9,24.5,25.2,26.2,27.5,28.6,29.2,29.1,29.2,29.1,29.2,29.2,28.9,28.4,27.8,27.4,26.7,26.4,26.4,26.1,25.9,25.7,25.4,25.3,25.4,25.4,25.5,25.3,25.2,24.9,24.6,24.5,24.5,24.5,24.5,24.6,24.6,24.6,24.7,24.8,24.7,24.8,25.0,25.1,25.2,25.4,25.5,25.5,25.7,25.8,25.9,26.1,26.4,26.4,26.5,26.7,26.5,26.6,26.7,26.6,26.9,26.6,26.8,26.6,26.9,26.9,26.9,27.0,26.8,26.9,26.8,26.8,26.9,26.5,26.5,26.5,26.1,25.9,25.9,25.8,25.4,25.4,25.3,25.4,25.2,25.1,24.9,24.8,24.6,24.6,24.5,24.4,24.5,24.4,24.5,24.4,24.5,24.4,24.4,24.4,24.3,24.3,24.3,24.3,24.3,24.5,24.3,24.0,23.8,23.7,23.5,23.7,23.5,23.7,23.4,23.5,23.5,23.4,23.5,23.5,23.5,23.5,23.5,23.5,23.5,23.6,23.7,23.7,23.7,23.9,23.7,23.7,23.8,23.9,23.9,23.9,23.9,23.9,23.9,23.9,23.9,24.0,23.9,24.0,24.0,23.8,23.7,23.8,23.8,23.9,24.0,23.8,23.9,24.0,23.8
94,23.9,23.8,23.8,23.7,24.1,23.8,23.7,23.7,24.0,23.8,23.9,23.9,23.8,23.7,23.7,23.8,23.9,23.7,23.7,23.8,23.7,24.0,24.0,23.9,24.0,24.0,24.0,24.0,24.0,24.0,24.0,24.1,23.8,24.0,24.1,23.8,23.9,24.1,24.4,25.2,26.3,27.5,28.8,29.2,29.3,29.6,29.5,29.7,29.8,29.4,28.8,28.1,27.6,26.7,26.2,26.1,25.9,25.7,25.6,25.2,25.2,25.1,25.4,25.4,25.3,25.1,24.9,24.7,24.6,24.6,24.6,24.6,24.6,24.7,24.8,24.8,24.8,24.8,25.0,25.0,24.9,25.1,25.2,25.5,25.4,25.7,25.8,25.9,26.3,26.3,26.4,26.5,26.7,26.5,26.5,26.6,26.6,26.7,26.7,26.7,26.8,26.8,26.9,26.8,26.9,26.9,26.9,26.8,26.7,26.8,26.6,26.4,26.3,25.9,26.1,25.8,25.5,25.5,25.4,25.3,25.2,25.1,24.9,24.9,24.8,24.6,24.7,24.5,24.6,24.4,24.4,24.5,24.4,24.5,24.6,24.5,24.3,24.5,24.4,24.5,24.4,24.4,24.4,24.3,24.0,23.8,23.7,23.7,23.7,23.8,23.5,23.5,23.4,23.5,23.4,23.5,23.6,23.7,23.5,23.6,23.6,23.6,23.7,23.7,23.7,23.8,23.8,23.8,23.9,23.8,23.8,23.9,23.9,24.0,24.0,23.8,24.0,24.0,23.8,23.9,23.9,24.0,24.0,24.0,24.0,24.0,23.8,23.9,23.9,23.8,23.9,24.0
95,23.8,23.9,23.8,23.9,23.8,23.9,23.8,23.7,23.9,24.0,23.9,23.8,23.8,23.9,23.9,23.7,23.9,23.9,23.9,23.8,23.9,23.8,24.0,24.0,24.0,23.9,24.1,23.9,24.1,24.1,24.0,24.0,24.0,24.0,24.0,24.0,24.0,24.0,24.6,25.3,26.4,27.7,28.9,29.3,29.3,29.4,29.7,29.7,29.7,29.4,28.6,27.9,27.5,26.7,26.3,25.9,25.8,25.6,25.4,25.2,25.4,25.4,25.3,25.4,25.3,25.1,24.9,24.7,24.6,24.7,24.7,24.6,24.7,24.7,24.6,24.7,24.8,25.0,25.0,24.9,25.1,25.2,25.2,25.4,25.5,25.5,25.9,25.9,26.1,26.3,26.4,26.4,26.5,26.6,26.6,26.6,26.7,26.8,26.6,26.7,26.7,26.7,26.7,26.9,26.9,26.7,26.8,26.8,26.6,26.6,26.4,26.3,26.2,26.0,25.9,25.7,25.6,25.5,25.4,25.2,25.1,25.1,25.1,24.7,24.8,24.7,24.7,24.6,24.5,24.6,24.4,24.3,24.4,24.4,24.6,24.6,24.6,24.5,24.6,24.5,24.5,24.5,24.4,24.3,24.1,23.8,23.7,23.7,23.5,23.6,23.6,23.6,23.4,23.4,23.6,23.4,23.7,23.6,23.4,23.7,23.7,23.7,23.8,23.7,23.8,23.8,23.9,23.7,23.9,23.9,24.0,24.0,24.0,24.0,24.0,24.1,24.1,23.8,23.8,23.9,24.0,24.0,23.9,23.7,23.8,24.0,23.9,23.9,23.8,24.0,23.9,23.8
96,23.9,23.8,23.9,23.8,23.8,23.8,24.0,24.0,23.8,23.8,23.9,23.9,23.9,23.7,23.8,23.8,23.9,23.9,23.9,24.0,23.9,24.0,24.0,24.0,23.9,24.0,24.0,24.0,23.9,24.0,23.9,23.9,24.0,24.0,24.0,24.0,24.0,24.1,24.5,25.3,26.5,27.7,28.8,29.2,29.3,29.5,29.4,29.6,29.6,29.3,28.4,27.7,27.2,26.9,26.7,26.0,25.7,25.7,25.2,25.2,25.3,25.1,25.2,25.4,25.1,25.0,24.9,24.6,24.6,24.7,24.6,24.4,24.8,24.5,24.7,24.7,24.8,24.9,24.9,25.0,25.1,25.1,25.1,25.4,25.5,25.6,25.8,25.9,26.1,26.2,26.2,26.4,26.5,26.6,26.5,26.6,26.6,26.7,26.7,26.7,26.5,26.7,26.9,26.7,26.8,26.8,26.6,26.7,26.5,26.6,26.5,26.2,26.1,26.1,25.9,25.8,25.5,25.5,25.3,25.3,25.2,25.0,24.9,24.8,24.9,24.6,24.6,24.6,24.6,24.6,24.4,24.5,24.3,24.4,24.7,24.5,24.5,24.4,24.5,24.4,24.5,24.3,24.3,24.3,24.1,23.8,23.7,23.6,23.7,23.9,23.6,23.7,23.5,23.5,23.5,23.3,23.4,23.5,23.6,23.6,23.7,23.6,23.9,23.7,23.8,23.7,23.9,23.8,23.8,23.7,23.9,24.0,24.0,24.0,23.9,24.0,23.9,23.9,24.1,23.9,24.0,24.1,23.9,24.0,24.0,24.0,24.0,24.0,23.8,24.0,23.9,23.8
97,24.0,23.9,23.8,23.9,23.9,23.8,23.8,23.8,23.7,24.0,23.8,23.8,23.9,23.8,23.8,23.9,23.8,24.0,23.7,24.0,23.9,23.9,23.9,23.8,23.9,24.1,23.9,24.0,23.9,24.0,24.0,23.9,24.0,24.0,24.0,24.0,24.0,24.3,24.4,25.5,26.4,27.7,28.8,29.1,29.0,29.4,29.4,29.8,30.0,29.5,29.0,28.3,28.0,27.6,27.0,26.4,25.9,25.7,25.4,25.5,25.3,25.1,25.1,25.1,25.2,24.9,25.0,24.5,24.7,24.7,24.6,24.6,24.6,24.6,24.6,24.7,24.8,24.8,24.9,24.9,24.9,25.1,24.9,25.3,25.5,25.4,25.5,25.8,25.9,26.0,26.1,26.1,26.5,26.3,26.5,26.5,26.6,26.7,26.7,26.6,26.7,26.7,26.6,26.7,26.9,26.9,26.7,26.7,26.6,26.5,26.4,26.2,26.1,25.7,25.8,25.7,25.6,25.4,25.4,25.2,25.2,24.9,24.8,24.6,24.6,24.6,24.7,24.5,24.6,24.6,24.6,24.5,24.4,24.5,24.6,24.5,24.6,24.6,24.6,24.5,24.3,24.4,24.4,24.2,24.0,23.9,23.7,23.7,23.6,23.6,23.5,23.5,23.4,23.5,23.4,23.5,23.5,23.4,23.7,23.5,23.7,23.6,23.6,23.8,23.8,23.7,23.9,23.8,23.9,23.8,23.9,24.1,23.8,24.0,23.9,23.7,24.0,23.9,23.9,23.8,24.0,23.9,23.9,23.8,23.9,23.9,24.0,24.0,24.0,24.0,23.8,23.9
98,24.0,23.9,23.8,23.9,23.8,23.8,23.9,23.8,23.8,23.8,23.8,23.9,24.0,23.8,24.0,23.8,24.0,23.9,23.8,24.0,23.8,24.0,23.9,23.9,24.1,24.0,24.1,24.0,24.0,24.0,23.8,24.1,24.0,23.9,24.0,24.0,24.0,24.2,24.8,25.5,26.6,27.8,28.8,29.1,29.2,29.2,29.3,29.8,30.2,30.2,29.8,29.5,29.0,28.3,27.5,26.8,26.5,26.3,25.9,25.6,25.4,25.2,25.1,25.2,25.2,25.1,24.9,24.7,24.6,24.7,24.6,24.5,24.6,24.7,24.5,24.6,24.8,24.8,24.8,24.9,25.0,25.0,25.1,25.1,25.2,25.4,25.6,25.6,25.8,26.1,25.9,26.1,26.3,26.2,26.4,26.5,26.5,26.4,26.7,26.6,26.6,26.6,26.7,26.6,26.7,26.6,26.5,26.5,26.5,26.2,26.1,26.1,25.9,25.8,25.6,25.6,25.6,25.4,25.3,25.2,25.0,24.9,24.9,24.8,24.8,24.6,24.6,24.6,24.6,24.5,24.5,24.5,24.4,24.4,24.4,24.6,24.5,24.4,24.5,24.4,24.5,24.4,24.5,24.4,24.2,23.8,23.7,23.7,23.5,23.7,23.5,23.5,23.4,23.5,23.5,23.4,23.3,23.5,23.5,23.4,23.5,23.7,23.6,23.7,23.9,23.8,23.7,23.8,23.9,23.7,24.0,23.8,23.7,23.9,24.1,23.8,23.8,23.9,23.9,23.9,23.7,24.1,24.0,23.8,24.0,23.8,24.0,23.9,23.9,24.0,24.0,24.0
99,24.0,23.9,24.0,23.9,23.8,23.9,23.8,23.9,24.0,23.7,23.8,23.7,24.0,23.8,23.7,23.8,23.8,23.8,24.0,23.9,23.9,24.0,23.9,24.1,24.1,24.0,24.0,23.8,24.0,23.9,23.9,23.8,24.0,24.0,24.1,24.0,24.1,24.1,24.6,25.4,26.7,27.9,28.8,28.9,29.1,29.2,29.2,29.6,30.0,30.2,30.4,30.2,29.6,29.1,28.3,27.7,27.3,26.7,26.3,26.0,25.8,25.6,25.6,25.5,25.4,25.2,25.0,24.7,24.8,24.6,24.7,24.6,24.8,24.6,24.7,24.7,24.8,24.9,24.8,25.0,25.0,25.0,25.0,25.4,25.2,25.4,25.4,25.6,25.9,25.8,26.1,26.1,26.1,26.2,26.3,26.3,26.2,26.5,26.5,26.5,26.6,26.6,26.6,26.7,26.5,26.4,26.4,26.4,26.2,26.0,26.1,25.9,25.8,25.8,25.7,25.4,25.2,25.4,25.4,25.2,25.0,25.0,24.9,24.9,24.8,24.6,24.6,24.5,24.4,24.5,24.5,24.4,24.5,24.5,24.6,24.4,24.5,24.5,24.4,24.3,24.5,24.5,24.5,24.4,24.1,23.9,23.7,23.7,23.7,23.8,23.7,23.6,23.5,23.6,23.5,23.3,23.5,23.5,23.7,23.6,23.7,23.7,23.7,23.7,23.8,23.9,23.8,23.9,24.0,23.9,24.0,24.0,23.9,24.0,24.0,23.9,23.9,24.0,24.0,23.9,23.9,24.0,24.0,24.0,24.0,24.0,23.9,23.9,24.0,23.9,23.9,24.0
100,23.9,23.8,23.9,23.9,24.0,24.0,23.7,23.7,23.9,23.7,23.8,23.9,23.8,23.9,23.7,23.7,23.8,23.8,23.9,23.9,23.9,23.9,24.0,24.0,23.9,24.0,24.0,24.0,23.7,24.0,24.0,24.0,23.9,23.9,24.0,24.1,24.0,24.2,24.7,25.6,26.6,27.9,28.8,29.1,29.0,29.2,29.2,29.4,29.6,29.9,30.1,30.3,30.2,29.7,29.2,28.6,28.0,27.4,27.0,26.7,26.2,26.1,25.7,25.8,25.4,25.4,24.9,24.7,24.6,24.6,24.5,24.6,24.8,24.6,24.6,24.8,24.6,24.8,24.7,24.8,24.9,24.9,24.9,25.1,25.1,25.3,25.4,25.5,25.6,25.6,25.9,25.9,25.9,25.9,26.1,25.9,25.9,26.1,26.4,26.4,26.4,26.6,26.5,26.4,26.3,26.3,26.3,26.2,26.1,26.1,25.9,25.7,25.8,25.5,25.4,25.4,25.4,25.2,25.2,25.1,25.1,25.0,24.9,24.7,24.8,24.7,24.6,24.7,24.6,24.5,24.5,24.6,24.4,24.5,24.6,24.3,24.6,24.4,24.3,24.5,24.7,24.6,24.6,24.5,24.2,24.0,23.8,23.7,23.7,23.7,23.7,23.5,23.5,23.5,23.5,23.5,23.4,23.5,23.5,23.5,23.6,23.7,23.7,23.8,23.8,23.8,23.8,23.9,23.9,23.8,23.9,24.0,24.0,24.0,24.0,24.0,24.0,24.0,23.8,23.8,24.0,24.0,24.0,23.8,23.9,23.8,23.9,23.9,24.0,23.9,23.9,23.9
101,23.9,23.9,23.8,23.9,23.9,24.0,23.9,23.9,23.8,23.7,23.8,23.7,23.7,23.8,23.9,23.9,23.9,23.9,23.7,24.0,23.9,23.9,24.0,23.9,23.9,24.0,24.1,23.8,24.0,24.0,24.0,24.0,23.9,23.9,24.1,24.1,24.2,24.3,24.7,25.5,26.7,27.9,28.9,29.2,29.1,29.2,29.2,29.4,29.4,29.7,29.7,30.1,30.5,30.3,29.9,29.5,28.9,28.6,28.0,27.5,27.0,26.7,26.4,26.2,25.9,25.4,25.2,24.8,24.6,24.5,24.7,24.6,24.6,24.5,24.6,24.7,24.7,24.7,24.8,24.8,24.9,24.9,25.0,25.0,25.0,25.2,25.2,25.3,25.5,25.6,25.6,25.7,25.7,25.9,25.8,25.8,25.6,25.5,25.9,26.3,26.4,26.4,26.4,26.4,26.4,26.1,26.2,26.1,26.1,25.9,25.9,25.8,25.5,25.5,25.3,25.4,25.2,25.1,25.2,25.2,25.2,25.0,24.9,24.7,24.7,24.6,24.6,24.7,24.5,24.4,24.5,24.3,24.5,24.6,24.4,24.6,24.5,24.4,24.4,24.5,24.6,25.0,24.9,24.6,24.4,24.0,23.7,23.6,23.7,23.5,23.5,23.7,23.3,23.5,23.4,23.5,23.5,23.4,23.7,23.5,23.7,23.6,23.7,23.9,23.8,24.0,23.9,24.0,23.7,23.9,23.9,23.9,23.9,23.9,23.9,24.0,23.9,24.1,24.0,24.0,23.8,24.0,23.9,23.8,23.8,24.0,24.0,24.0,23.8,23.8,24.0,23.8
102,24.0,23.9,23.9,23.9,23.9,24.1,23.9,23.9,23.9,23.9,23.8,23.9,23.9,23.9,23.9,23.8,23.7,23.7,23.9,23.9,24.0,23.7,24.0,24.0,23.9,24.0,23.9,24.1,24.0,24.0,24.0,24.0,24.1,24.0,23.9,24.1,24.2,24.3,24.8,25.7,26.7,27.8,28.8,29.1,29.3,29.3,29.4,29.4,29.3,29.3,29.6,29.8,30.2,30.5,30.6,30.4,29.9,29.4,28.8,28.3,27.9,27.6,27.1,26.7,26.3,25.8,25.2,24.8,24.5,24.8,24.6,24.7,24.5,24.6,24.7,24.8,24.9,24.7,24.8,24.8,24.9,24.7,24.9,24.9,25.1,25.1,25.2,25.3,25.4,25.4,25.6,25.5,25.5,25.7,25.7,25.8,25.7,25.5,25.9,26.3,26.3,26.3,26.3,26.2,26.2,26.1,26.0,25.9,25.9,25.9,25.7,25.7,25.6,25.4,25.2,25.3,25.1,25.1,25.3,25.4,25.4,25.4,25.0,24.9,24.8,24.9,24.6,24.5,24.6,24.4,24.4,24.4,24.4,24.6,24.4,24.5,24.4,24.4,24.3,24.5,24.7,25.0,24.8,24.6,24.3,24.0,23.8,23.6,23.6,23.7,23.7,23.5,23.6,23.5,23.4,23.5,23.5,23.5,23.5,23.6,23.5,23.7,23.7,23.7,23.7,23.9,23.7,23.8,23.8,23.8,23.8,23.8,23.7,24.0,23.9,23.9,24.0,24.0,23.9,24.0,23.9,23.9,23.9,24.0,24.0,24.0,24.1,23.8,23.8,23.7,23.9,24.0
103,24.0,24.0,23.9,23.8,23.9,23.9,23.9,23.8,23.9,23.9,23.9,23.9,23.9,23.9,23.9,23.8,23.9,23.6,23.9,23.9,24.0,23.9,23.9,23.9,24.0,24.0,24.0,24.0,23.9,24.1,24.0,24.0,24.0,24.0,24.0,24.2,24.1,24.3,24.9,25.8,26.7,28.1,28.8,29.1,29.2,29.3,29.3,29.4,29.3,29.4,29.4,29.6,29.9,30.3,30.4,30.4,30.4,30.2,29.7,29.3,28.8,28.4,27.9,27.4,26.6,25.9,25.4,24.9,24.5,24.6,24.7,24.6,24.6,24.7,24.6,24.5,24.7,24.6,24.7,24.8,24.8,24.9,24.9,25.0,25.0,25.1,25.2,25.2,25.4,25.2,25.4,25.5,25.6,25.5,25.6,25.8,25.7,25.8,26.0,26.1,26.2,26.2,26.1,26.1,25.9,25.9,25.9,25.9,25.8,25.7,25.6,25.4,25.4,25.2,25.4,25.2,25.2,25.2,25.2,25.6,25.4,25.4,25.2,25.0,24.8,24.6,24.6,24.6,24.6,24.5,24.4,24.4,24.4,24.4,24.4,24.4,24.4,24.5,24.3,24.6,24.5,24.7,24.9,24.5,24.2,24.1,23.7,23.7,23.5,23.7,23.6,23.4,23.6,23.5,23.4,23.7,23.5,23.5,23.6,23.7,23.6,23.6,23.7,23.7,23.7,23.7,23.9,23.7,23.9,23.7,23.9,24.0,23.9,24.0,23.9,24.0,23.9,24.1,23.8,23.9,23.9,24.0,24.0,23.8,23.8,24.0,23.9,24.1,23.9,23.9,23.9,23.8
104,24.2,24.0,24.0,23.9,24.0,23.9,23.9,23.9,23.9,23.8,23.8,23.8,23.9,23.9,23.8,23.9,23.7,23.7,24.0,24.0,23.8,24.1,23.8,23.8,24.1,24.0,24.0,24.0,23.9,24.0,24.0,24.0,24.0,24.0,23.9,23.9,24.1,24.2,24.8,25.7,26.8,28.1,29.0,29.1,29.2,29.3,29.4,29.3,29.4,29.3,29.4,29.4,29.5,29.6,29.6,29.9,29.9,30.1,30.0,29.9,29.6,29.2,28.5,27.9,26.9,26.2,25.5,24.9,24.7,24.6,24.6,24.7,24.7,24.7,24.7,24.6,24.7,24.8,24.8,24.7,24.9,24.9,24.8,24.9,25.0,25.0,25.0,25.2,25.1,25.1,25.4,25.3,25.4,25.4,25.6,25.6,25.7,25.7,25.9,26.1,26.0,25.9,26.1,25.8,25.9,25.7,25.7,25.9,25.7,25.5,25.5,25.4,25.4,25.3,25.1,25.3,25.0,25.1,25.4,25.5,25.5,25.2,25.2,25.0,24.8,24.7,24.6,24.7,24.4,24.4,24.6,24.5,24.3,24.4,24.4,24.4,24.4,24.4,24.3,24.4,24.6,24.6,24.7,24.4,24.1,23.9,23.7,23.7,23.8,23.7,23.5,23.7,23.7,23.5,23.6,23.5,23.5,23.7,23.6,23.5,23.7,23.5,23.7,23.8,23.8,23.8,23.9,23.9,23.8,24.0,23.9,23.9,24.0,24.0,23.7,23.9,24.1,24.0,24.2,23.9,24.1,23.9,23.8,23.8,23.9,23.9,23.9,23.9,23.9,23.7,23.9,24.0
105,24.1,24.0,24.0,24.0,23.8,24.0,24.0,24.0,23.9,23.9,23.9,23.8,23.9,23.9,23.8,24.0,23.9,23.8,23.8,23.9,24.0,24.0,24.2,24.0,24.1,24.1,24.1,24.0,24.0,24.1,24.0,24.0,24.0,24.1,24.1,24.1,24.1,24.3,24.9,25.7,26.8,28.1,29.0,29.2,29.3,29.4,29.4,29.4,29.3,29.3,29.0,28.9,28.9,28.8,28.9,28.9,29.2,29.5,29.6,30.2,30.1,29.9,29.6,28.7,27.6,26.4,25.6,24.9,24.6,24.6,24.7,24.7,24.6,24.6,24.8,24.6,24.6,24.6,24.8,24.7,24.9,24.9,24.9,25.0,25.0,25.2,25.1,25.1,25.1,25.3,25.2,25.1,25.4,25.4,25.5,25.5,25.6,25.7,25.8,25.9,25.9,25.9,25.8,25.7,25.6,25.6,25.5,25.7,25.6,25.5,25.4,25.3,25.4,25.2,25.4,25.1,25.0,25.2,25.3,25.5,25.4,25.3,25.2,24.9,24.8,24.9,24.7,24.5,24.6,24.4,24.5,24.3,24.3,24.4,24.4,24.3,24.5,24.4,24.3,24.4,24.3,24.3,24.3,24.4,24.0,24.0,23.8,23.7,23.7,23.7,23.7,23.6,23.5,23.7,23.5,23.6,23.5,23.6,23.7,23.7,23.5,23.8,23.9,23.8,23.9,23.9,24.0,23.9,24.0,23.9,23.9,24.0,24.0,24.0,23.9,23.9,24.0,24.0,23.9,24.0,24.0,23.9,24.0,24.1,24.0,23.9,24.2,24.0,24.0,23.9,24.0,24.0
106,24.1,24.0,24.1,23.9,23.8,24.0,23.9,23.9,24.0,23.9,24.0,23.8,24.0,24.0,23.8,23.9,24.0,23.9,23.7,23.9,24.0,23.9,23.9,24.0,24.0,24.0,24.0,24.1,24.1,23.9,24.0,24.1,24.0,24.2,24.1,24.0,24.1,24.2,24.9,25.7,26.8,28.1,29.0,29.2,29.3,29.3,29.5,29.6,29.4,29.2,28.8,28.3,28.3,27.9,27.8,27.7,28.0,28.6,29.0,29.8,30.3,30.4,30.1,29.2,28.0,26.8,25.7,24.9,24.8,24.8,24.7,24.6,24.6,24.7,24.8,24.6,24.6,24.7,24.6,24.7,24.8,24.7,24.8,24.9,25.0,25.1,25.1,25.1,25.1,25.2,25.2,25.1,25.3,25.2,25.3,25.4,25.5,25.6,25.7,25.9,25.7,25.7,25.9,25.6,25.7,25.7,25.5,25.5,25.5,25.4,25.4,25.2,25.2,25.2,25.0,25.2,25.0,25.0,25.2,25.3,25.1,25.0,25.0,24.7,24.7,24.6,24.7,24.6,24.4,24.4,24.5,24.4,24.4,24.4,24.3,24.4,24.4,24.5,24.3,24.3,24.3,24.3,24.1,24.3,24.0,23.9,23.8,23.7,23.6,23.5,23.6,23.5,23.5,23.7,23.5,23.7,23.5,23.5,23.7,23.6,23.7,23.5,23.7,23.7,23.7,23.8,23.7,23.8,24.0,24.0,23.9,23.9,23.9,24.0,23.8,23.9,24.0,24.0,24.0,23.9,23.9,24.1,23.9,23.9,23.9,23.9,23.9,23.9,23.8,24.0,23.8,23.9
107,24.1,24.2,24.0,24.1,24.0,24.0,23.8,23.9,24.0,24.0,23.9,23.9,23.9,23.9,24.0,23.9,24.0,24.0,24.0,23.9,24.0,24.0,24.0,24.0,24.0,23.9,24.0,24.1,24.0,24.1,24.0,24.0,24.0,24.2,24.0,24.0,24.0,24.3,24.9,25.7,26.8,28.1,28.8,29.2,29.3,29.3,29.5,29.6,29.4,29.1,28.7,28.3,27.8,27.2,27.1,27.1,27.2,27.8,28.6,29.2,30.1,30.4,30.1,29.6,28.6,27.2,25.7,25.1,24.7,24.6,24.6,24.7,24.7,24.6,24.7,24.4,24.8,24.7,24.9,24.6,24.7,24.8,24.9,24.9,24.9,24.9,25.0,25.0,25.1,25.1,25.2,25.1,25.3,25.2,25.2,25.3,25.5,25.5,25.6,25.6,25.7,25.6,25.6,25.5,25.6,25.5,25.5,25.4,25.5,25.5,25.4,25.2,25.3,25.1,25.0,25.2,25.0,25.0,25.0,25.1,25.0,24.9,24.8,24.9,24.6,24.6,24.5,24.5,24.5,24.3,24.5,24.4,24.3,24.2,24.3,24.3,24.4,24.2,24.3,24.3,24.1,24.1,24.2,23.9,23.9,23.7,23.8,23.6,23.7,23.7,23.5,23.7,23.5,23.7,23.4,23.6,23.5,23.5,23.6,23.7,23.7,23.7,23.8,23.8,23.8,23.9,24.0,23.9,23.9,23.9,23.9,24.0,23.8,23.9,24.0,23.8,24.1,24.0,24.1,24.0,24.1,24.2,24.0,24.0,24.0,24.1,24.0,23.8,24.0,23.8,24.0,24.0
108,24.0,24.0,23.9,24.0,24.0,24.0,24.0,23.9,23.9,23.8,23.8,24.0,24.2,24.0,23.8,23.9,24.0,24.0,23.9,24.1,24.0,23.9,23.9,24.0,24.0,24.0,24.0,24.0,24.1,24.0,24.0,23.8,24.1,24.1,24.1,24.1,24.0,24.4,24.8,25.8,26.7,28.0,28.8,29.1,29.3,29.4,29.5,29.6,29.4,29.1,28.6,28.2,27.8,27.0,26.8,26.9,26.9,27.4,28.2,28.9,29.7,30.1,30.0,29.3,28.4,27.2,25.8,25.1,24.7,24.8,24.6,24.6,24.7,24.6,24.6,24.5,24.7,24.6,24.7,24.7,24.6,24.8,24.7,24.8,24.9,24.8,24.8,24.8,25.1,25.1,25.2,25.1,25.1,25.2,25.3,25.4,25.3,25.4,25.5,25.5,25.6,25.5,25.5,25.6,25.6,25.6,25.5,25.5,25.2,25.4,25.2,25.1,25.2,25.1,25.1,25.0,24.9,24.9,25.0,24.8,24.8,24.8,24.7,24.7,24.4,24.6,24.5,24.5,24.6,24.4,24.3,24.4,24.4,24.4,24.3,24.3,24.3,24.3,24.3,24.2,24.2,24.3,24.1,24.2,24.0,23.9,23.8,23.7,23.7,23.7,23.7,23.6,23.6,23.6,23.7,23.5,23.7,23.4,23.5,23.7,23.7,23.7,23.8,23.7,23.9,24.0,24.0,24.0,23.9,23.9,24.0,23.9,23.9,24.1,24.0,24.0,24.0,24.1,24.0,24.0,24.0,23.9,24.0,23.9,24.0,23.9,24.0,24.0,23.9,23.9,23.9,24.0
109,23.9,24.0,24.0,23.9,23.9,23.9,24.0,24.0,24.0,24.0,24.0,24.0,24.0,23.9,24.0,23.9,23.8,23.9,23.9,23.9,24.0,23.9,23.9,24.0,24.1,24.0,24.1,24.2,24.0,24.0,23.9,23.9,23.9,24.0,24.0,24.0,24.0,24.3,24.8,25.7,26.7,27.9,28.8,29.1,29.2,29.4,29.6,29.6,29.4,29.2,28.6,28.0,27.9,27.1,27.0,27.0,26.9,27.3,28.0,28.6,29.2,29.4,29.0,28.7,27.8,26.9,25.7,25.0,24.7,24.6,24.7,24.6,24.6,24.7,24.6,24.4,24.6,24.6,24.6,24.8,24.7,24.6,24.7,25.0,24.9,24.9,24.8,25.1,25.0,25.0,25.0,24.9,25.2,25.1,25.1,25.2,25.2,25.4,25.2,25.4,25.4,25.4,25.6,25.5,25.5,25.4,25.4,25.4,25.3,25.4,25.2,25.1,25.2,25.1,25.1,25.0,24.9,24.7,24.9,24.9,24.7,24.6,24.5,24.6,24.5,24.5,24.5,24.4,24.4,24.4,24.4,24.4,24.3,24.4,24.3,24.2,24.3,24.3,24.4,24.3,24.3,24.1,24.2,24.1,23.9,23.9,23.7,23.7,23.7,23.6,23.6,23.6,23.5,23.7,23.5,23.6,23.3,23.6,23.7,23.6,23.7,23.7,23.7,23.7,23.8,23.9,23.9,23.9,24.0,24.0,23.9,24.0,24.0,24.0,23.9,23.9,24.0,23.9,24.0,23.9,24.1,24.0,24.0,24.0,24.0,24.1,24.0,24.0,24.0,24.0,23.9,24.0
110,24.0,24.0,24.0,24.0,24.0,24.1,23.9,24.1,23.9,24.1,23.9,24.0,24.1,24.0,24.0,23.9,23.9,24.0,23.9,24.0,24.0,23.9,23.9,23.9,24.1,23.9,24.0,24.0,24.0,24.0,23.9,23.9,24.2,24.0,24.0,24.0,24.0,24.3,24.8,25.7,26.6,27.9,28.7,28.9,29.2,29.4,29.6,29.6,29.6,29.3,28.6,28.2,27.9,27.7,27.5,27.1,26.8,26.8,27.1,27.7,28.0,28.1,28.1,27.5,26.9,26.3,25.4,24.9,24.7,24.8,24.6,24.6,24.6,24.6,24.5,24.5,24.7,24.6,24.6,24.6,24.6,24.7,24.7,24.7,24.9,24.8,24.7,24.9,25.0,25.0,24.9,25.1,25.0,24.8,24.9,25.1,25.1,25.3,25.2,25.3,25.6,25.5,25.4,25.4,25.3,25.4,25.2,25.2,25.1,25.1,25.0,25.0,25.2,25.0,25.0,24.9,24.7,24.9,24.6,24.9,24.8,24.7,24.5,24.5,24.6,24.6,24.7,24.4,24.4,24.4,24.5,24.3,24.3,24.3,24.2,24.5,24.3,24.4,24.3,24.3,24.3,24.3,24.2,24.2,24.1,23.9,23.7,23.7,23.7,23.7,23.6,23.6,23.5,23.6,23.6,23.5,23.5,23.6,23.7,23.5,23.7,23.7,23.8,23.7,23.7,23.9,23.8,23.9,24.0,23.9,24.0,24.0,23.8,24.0,24.0,24.1,23.8,23.8,23.8,23.9,24.0,24.0,24.0,23.9,24.0,24.0,24.0,24.0,23.9,23.9,23.9,24.0
111,24.1,24.0,23.9,23.9,23.9,24.0,24.0,24.0,23.9,24.0,23.9,23.9,24.1,24.0,23.8,24.0,23.9,24.0,23.9,24.0,23.9,24.0,24.0,24.0,24.0,24.0,24.0,24.1,24.0,24.0,24.0,23.8,24.0,23.9,24.0,24.0,24.0,24.3,24.8,25.5,26.6,27.6,28.5,29.0,29.1,29.2,29.5,29.6,29.3,29.0,28.8,28.4,28.2,27.9,27.5,26.6,25.9,25.9,26.0,26.5,26.5,26.7,26.7,26.5,26.1,25.7,25.1,24.7,24.7,24.6,24.7,24.6,24.7,24.6,24.5,24.5,24.6,24.7,24.6,24.7,24.6,24.6,24.6,24.7,24.9,24.7,24.9,24.8,24.9,24.9,24.9,24.9,25.1,25.0,25.0,25.1,25.0,25.4,25.2,25.3,25.4,25.4,25.2,25.4,25.3,25.4,25.2,25.2,25.1,25.1,25.0,25.0,25.1,25.0,25.0,24.9,24.9,24.8,24.9,24.7,24.6,24.5,24.7,24.6,24.6,24.6,24.5,24.5,24.5,24.5,24.4,24.5,24.4,24.3,24.5,24.4,24.4,24.4,24.4,24.4,24.4,24.3,24.4,24.1,23.8,23.9,23.9,23.6,23.7,23.5,23.6,23.5,23.6,23.6,23.5,23.6,23.7,23.7,23.8,23.7,23.7,23.7,23.8,23.8,23.9,23.8,23.9,23.9,24.0,23.9,24.0,23.9,24.0,23.9,24.0,24.0,24.0,24.0,24.0,23.9,24.0,24.0,24.0,23.9,23.8,23.9,24.1,23.9,24.0,24.0,23.9,23.9
112,24.2,24.1,24.0,24.3,24.0,24.1,23.9,23.9,23.9,24.1,24.0,23.8,24.2,23.9,24.1,24.1,24.0,23.9,23.9,24.0,24.1,24.0,24.0,24.0,24.0,24.0,24.0,24.1,24.0,23.9,24.0,24.0,24.1,24.0,24.0,23.9,23.9,24.3,24.6,25.4,26.1,27.2,28.0,28.3,28.8,29.0,28.9,29.2,29.0,28.6,28.4,28.1,27.8,27.6,26.6,25.5,25.2,25.1,25.0,25.2,25.4,25.3,25.4,25.4,25.4,25.1,24.8,24.6,24.6,24.6,24.6,24.6,24.6,24.6,24.5,24.5,24.7,24.7,24.7,24.7,24.6,24.6,24.5,24.6,24.8,25.0,24.8,24.8,24.8,24.9,24.9,24.9,24.8,24.9,24.9,25.0,25.0,25.1,25.2,25.2,25.2,25.3,25.3,25.4,25.4,25.2,25.2,25.2,25.2,25.1,24.9,25.1,25.1,25.0,25.0,24.9,24.9,24.9,24.9,24.8,24.9,24.7,24.6,24.5,24.7,24.5,24.4,24.4,24.4,24.4,24.3,24.4,24.3,24.3,24.2,24.3,24.5,24.5,24.5,24.6,24.6,24.3,24.4,24.1,24.1,24.0,23.8,23.7,23.5,23.7,23.7,23.7,23.6,23.5,23.4,23.5,23.5,23.7,23.6,23.7,23.7,23.8,23.7,23.9,23.7,23.8,23.7,23.9,23.8,23.9,24.0,23.9,23.9,23.9,23.9,23.8,24.0,23.8,23.9,24.0,24.0,24.1,24.0,23.9,24.1,24.0,24.0,24.0,23.8,23.9,23.9,23.9
113,24.3,24.0,24.0,24.0,24.1,24.0,23.9,24.0,24.1,24.1,23.9,23.9,24.1,24.0,24.0,24.0,23.8,23.9,23.8,24.1,24.1,23.9,23.8,23.9,24.0,23.9,24.0,24.0,23.8,24.0,24.0,24.0,23.9,23.9,24.0,23.9,23.9,24.1,24.4,25.0,25.4,26.4,27.0,27.4,27.6,27.8,28.2,28.1,27.9,27.6,27.6,27.1,26.8,26.3,25.7,25.0,24.9,24.8,24.7,24.7,24.8,24.9,25.0,25.2,25.0,24.8,24.5,24.4,24.3,24.7,24.5,24.7,24.7,24.5,24.6,24.6,24.7,24.4,24.5,24.7,24.6,24.5,24.6,24.8,24.8,24.9,24.8,24.9,24.9,24.9,24.9,24.8,25.0,25.1,25.0,25.0,25.0,25.1,25.1,25.2,25.4,25.3,25.1,25.2,25.2,25.0,25.1,25.1,25.2,25.1,25.0,24.8,25.0,25.0,24.8,24.8,24.9,24.8,24.8,24.8,24.9,24.6,24.6,24.6,24.6,24.5,24.4,24.4,24.4,24.4,24.4,24.5,24.3,24.3,24.4,24.3,24.4,24.4,24.5,24.4,24.4,24.4,24.3,24.1,24.0,23.9,23.8,23.7,23.7,23.7,23.7,23.7,23.6,23.7,23.5,23.5,23.5,23.6,23.6,23.7,23.7,23.7,23.7,23.8,23.8,23.8,23.9,23.9,23.8,23.9,24.0,24.1,24.0,24.0,23.8,23.8,24.0,24.0,23.9,24.0,24.0,24.0,24.0,24.0,24.0,24.0,24.0,23.9,24.2,24.0,24.0,23.8
114,24.2,24.2,24.2,24.0,24.1,24.1,23.9,24.0,24.1,24.0,23.9,23.9,24.0,24.0,23.8,24.0,24.0,24.0,24.0,23.9,23.8,23.9,24.0,23.9,24.0,23.8,24.0,23.8,24.0,24.0,23.9,24.1,23.9,23.9,23.8,23.9,23.8,23.9,24.2,24.4,24.8,25.4,25.9,26.2,26.5,26.6,26.8,26.8,26.6,26.4,26.1,26.1,25.7,25.5,25.3,24.9,24.8,24.7,24.5,24.6,24.6,24.9,24.9,24.9,24.9,24.6,24.5,24.3,24.6,24.5,24.5,24.6,24.8,24.6,24.7,24.7,24.6,24.7,24.4,24.4,24.4,24.5,24.5,24.6,24.6,24.8,24.8,24.7,24.9,24.9,24.9,25.1,25.0,24.9,24.9,24.9,24.9,25.0,25.0,25.1,25.1,25.1,25.1,25.1,25.2,25.1,25.2,25.1,25.0,25.1,25.1,24.9,24.9,25.0,24.9,24.9,24.9,24.9,24.8,24.6,24.7,24.5,24.7,24.6,24.6,24.5,24.6,24.5,24.3,24.4,24.4,24.4,24.3,24.2,24.4,24.2,24.4,24.4,24.4,24.3,24.3,24.4,24.3,24.2,24.0,24.1,23.9,23.8,23.8,23.9,23.8,23.6,23.7,23.7,23.7,23.5,23.6,23.7,23.7,23.7,23.6,23.7,23.8,23.7,23.7,23.8,23.9,23.7,23.9,23.9,23.9,24.0,24.0,24.0,24.0,24.1,24.0,24.0,24.0,24.1,24.0,24.1,24.0,24.0,24.0,24.3,24.0,24.0,24.0,23.9,24.0,23.9
115,24.2,24.2,24.2,24.1,24.0,24.1,24.0,23.9,23.9,24.1,24.1,24.0,24.0,24.0,24.0,23.9,24.0,24.0,23.9,23.9,24.2,23.9,23.9,24.0,24.1,24.0,24.0,24.1,24.0,23.8,24.0,24.0,24.0,23.8,24.0,23.8,24.0,23.9,23.9,24.3,24.6,24.8,25.0,25.2,25.3,25.4,25.7,25.6,25.6,25.5,25.4,25.2,25.3,25.1,25.0,24.9,24.9,24.7,24.5,24.5,24.6,24.8,24.8,25.0,24.6,24.6,24.3,24.4,24.3,24.4,24.6,24.8,24.6,24.7,25.0,24.9,25.0,24.3,24.3,24.3,24.3,24.3,24.5,24.5,24.6,24.7,24.8,24.8,24.8,24.9,24.9,24.8,24.6,24.7,24.9,25.0,25.0,25.0,25.1,25.1,25.0,25.0,25.1,25.1,25.1,25.1,25.0,25.1,25.0,24.9,24.8,25.0,24.8,24.9,25.0,24.8,24.8,24.6,24.8,24.8,24.7,24.7,24.7,24.6,24.4,24.6,24.5,24.6,24.6,24.4,24.3,24.4,24.3,24.4,24.3,24.3,24.3,24.1,24.1,24.2,24.2,24.4,24.4,24.2,24.1,24.0,23.9,23.7,23.7,23.7,23.7,23.7,23.4,23.6,23.5,23.5,23.5,23.5,23.5,23.7,23.7,23.7,23.8,23.8,23.9,23.7,23.8,23.9,24.0,23.8,23.9,24.0,23.9,23.9,24.0,24.0,24.0,24.0,23.9,24.0,24.0,24.0,24.0,24.0,23.8,24.0,23.9,23.9,23.9,24.0,23.9,23.9
116,24.2,24.3,24.1,24.2,24.2,24.1,24.0,24.2,23.9,24.1,24.1,24.0,24.2,24.0,24.0,24.0,24.0,24.0,24.0,24.2,24.0,24.1,24.0,24.1,23.8,24.0,23.9,23.9,23.8,24.0,23.9,23.8,24.0,23.9,23.9,23.9,23.9,23.9,23.9,24.1,24.2,24.4,24.4,24.6,24.7,24.8,24.8,24.8,24.9,24.9,24.9,24.8,24.9,24.9,24.9,24.7,24.6,24.8,24.6,24.6,24.6,24.8,24.7,24.7,24.8,24.6,24.6,24.4,24.4,24.6,24.5,24.6,24.7,24.8,25.2,25.4,25.1,24.4,24.1,24.1,24.0,24.2,24.3,24.6,24.6,24.6,24.6,24.7,24.8,24.8,24.8,24.8,24.8,24.8,24.7,24.7,24.9,25.1,25.1,24.9,25.0,25.1,25.2,25.2,25.1,25.1,25.0,25.1,24.9,25.1,24.9,24.9,24.8,24.8,24.8,24.9,24.9,24.7,24.8,24.8,24.7,24.7,24.5,24.5,24.6,24.4,24.4,24.5,24.3,24.6,24.3,24.2,24.2,24.3,24.3,24.1,24.3,24.2,24.0,24.1,24.1,24.2,24.4,24.3,24.2,24.1,23.8,23.7,23.7,23.7,23.7,23.7,23.6,23.7,23.7,23.5,23.6,23.6,23.7,23.5,23.7,23.7,23.9,23.7,23.7,23.9,23.9,23.7,24.0,23.8,24.0,24.0,24.0,24.0,24.0,24.0,24.0,23.9,24.0,24.0,24.0,24.0,23.9,23.9,23.9,24.0,24.1,24.1,24.0,23.9,23.9,24.0
117,24.3,24.2,24.5,24.2,24.2,24.2,24.2,24.3,24.1,24.1,24.0,24.0,24.2,24.0,24.0,23.9,24.1,24.1,24.2,24.1,24.0,24.1,24.0,24.0,24.1,24.0,24.0,24.1,23.9,24.0,24.0,23.9,23.9,24.0,23.8,23.9,23.8,23.7,23.7,23.9,24.3,24.3,24.3,24.5,24.4,24.4,24.6,24.5,24.6,24.6,24.6,24.7,24.8,24.7,24.9,24.6,24.7,24.5,24.5,24.5,24.5,24.6,24.6,24.7,24.5,24.5,24.6,24.5,24.5,24.5,24.6,24.4,24.7,24.8,25.2,25.5,25.2,24.5,24.0,24.0,24.1,24.0,24.1,24.4,24.6,24.6,24.6,24.5,24.8,24.7,24.7,24.8,24.8,24.9,24.7,24.8,24.9,24.9,25.0,25.1,25.1,25.1,25.1,25.0,25.1,25.2,25.0,25.1,25.0,24.9,24.9,24.9,25.0,24.8,24.9,24.8,24.8,24.6,24.7,24.8,24.7,24.6,24.7,24.6,24.7,24.4,24.4,24.4,24.5,24.6,24.3,24.4,24.3,24.4,24.3,24.3,24.2,24.1,24.0,23.9,24.2,24.2,24.3,24.3,24.0,24.0,23.9,23.8,23.8,23.8,23.8,23.7,23.7,23.6,23.6,23.6,23.6,23.6,23.6,23.7,23.8,23.6,23.7,23.8,23.8,23.9,24.0,23.9,23.9,24.0,23.9,24.1,23.9,23.9,24.1,23.9,24.0,24.0,24.0,23.9,24.0,24.0,23.9,23.8,24.0,24.0,24.0,23.9,24.0,23.8,24.0,24.0
118,24.3,24.2,24.2,24.3,24.1,24.1,24.2,23.9,24.0,24.1,24.1,24.0,24.1,24.1,23.9,24.1,24.0,24.1,23.9,24.0,24.0,24.0,24.0,24.0,24.0,24.0,24.2,24.0,24.1,24.0,23.9,23.9,23.9,24.0,24.0,23.9,23.9,23.9,23.8,24.0,24.0,24.2,24.3,24.4,24.3,24.4,24.4,24.5,24.3,24.5,24.6,24.4,24.8,24.8,24.7,24.6,24.6,24.5,24.6,24.5,24.4,24.6,24.6,24.4,24.5,24.6,24.4,24.5,24.4,24.5,24.6,24.6,24.6,24.8,24.9,25.0,24.9,24.3,24.0,23.9,23.9,24.0,23.9,24.1,24.4,24.5,24.5,24.5,24.7,24.5,24.8,24.7,24.8,24.7,24.7,24.8,24.9,24.8,24.9,24.9,24.7,24.9,24.9,24.9,24.9,24.9,25.0,25.0,24.8,25.0,24.9,24.8,24.9,24.7,24.6,24.7,24.8,24.7,24.7,24.8,24.7,24.7,24.5,24.6,24.6,24.6,24.4,24.3,24.4,24.4,24.3,24.4,24.3,24.3,24.3,24.3,24.3,24.1,23.9,24.0,24.0,24.1,24.0,24.2,24.0,23.9,23.8,23.7,23.7,23.5,23.7,23.7,23.5,23.5,23.6,23.7,23.6,23.7,23.5,23.5,23.5,23.8,23.8,23.7,23.8,23.9,23.8,23.8,24.0,23.8,23.9,23.9,23.8,24.0,23.9,24.0,24.0,23.8,24.0,24.0,23.8,24.0,23.9,23.9,23.9,23.9,23.7,24.0,23.9,24.0,24.0,24.0
119,24.3,24.3,24.2,24.4,24.2,24.3,24.1,24.1,24.2,24.2,24.2,24.1,24.2,24.3,24.2,24.1,24.3,24.3,24.2,24.1,24.3,24.1,24.0,24.1,24.1,24.2,24.1,23.9,24.2,24.3,24.1,24.1,24.0,24.0,24.0,24.0,24.0,24.0,23.9,24.1,24.0,24.2,24.3,24.4,24.3,24.2,24.4,24.5,24.5,24.5,24.6,24.6,24.6,24.8,24.8,24.8,24.6,24.8,24.7,24.7,24.7,24.6,24.6,24.6,24.6,24.5,24.5,24.5,24.4,24.5,24.4,24.6,24.4,24.5,24.4,24.5,24.4,24.3,24.2,24.1,24.2,23.9,24.0,24.0,24.4,24.6,24.7,24.5,24.8,24.6,24.7,24.8,24.6,24.8,24.7,24.7,24.8,24.9,24.8,24.7,24.9,24.7,25.0,25.0,24.9,25.0,25.2,25.0,24.8,24.9,25.0,24.8,24.8,25.0,24.8,24.8,24.9,24.8,24.9,24.8,24.7,24.7,24.6,24.6,24.5,24.6,24.6,24.5,24.5,24.4,24.4,24.3,24.4,24.3,24.3,24.4,24.2,24.1,24.0,23.9,24.0,23.8,24.0,24.1,23.7,24.0,23.9,23.7,23.7,23.7,23.7,23.7,23.7,23.7,23.6,23.7,23.6,23.7,23.5,23.7,23.7,23.7,23.7,23.7,23.8,23.8,23.9,23.9,24.0,23.9,23.9,23.9,24.0,23.9,24.0,23.9,24.0,24.0,23.9,24.0,24.0,24.2,23.9,23.9,23.8,24.0,23.9,23.8,24.0,24.0,23.9,24.0
120,24.3,24.4,24.1,24.3,24.3,24.3,24.3,24.2,24.3,24.3,24.3,24.3,24.3,24.1,24.2,24.2,24.2,24.3,24.1,24.3,24.3,24.2,24.1,24.1,24.2,24.3,24.1,24.2,24.2,24.1,24.1,24.1,24.1,24.1,24.2,24.1,24.0,23.9,23.9,24.2,24.3,24.3,24.2,24.3,24.3,24.4,24.3,24.5,24.3,24.5,24.5,24.5,24.8,24.8,24.8,24.8,24.6,24.7,24.7,24.6,24.7,24.6,24.6,24.6,24.4,24.4,24.3,24.4,24.4,24.5,24.6,24.5,24.7,24.4,24.4,24.3,24.3,24.2,24.3,24.0,24.0,23.9,23.9,24.1,24.4,24.6,24.6,24.6,24.7,24.6,24.8,24.7,24.7,24.6,24.6,24.7,24.7,24.8,24.7,24.9,24.7,24.9,24.8,24.9,24.9,25.1,24.9,24.9,24.9,24.9,24.9,24.8,24.9,24.8,24.9,24.9,24.9,24.9,24.9,24.7,24.7,24.9,24.6,24.7,24.6,24.7,24.4,24.5,24.6,24.4,24.4,24.4,24.4,24.3,24.4,24.3,24.3,24.0,24.0,24.0,24.0,23.8,23.8,23.7,23.7,23.7,23.7,23.7,23.7,23.6,23.7,23.7,23.6,23.7,23.6,23.5,23.5,23.6,23.5,23.5,23.5,23.5,23.8,23.7,23.8,23.7,23.7,23.7,23.8,23.8,23.8,23.9,23.8,23.9,23.7,23.9,23.9,23.8,23.8,23.9,23.9,23.9,23.9,23.8,23.8,24.0,23.8,23.9,23.9,24.0,23.9,24.0
121,24.4,24.3,24.3,24.4,24.5,24.6,24.4,24.4,24.3,24.3,24.4,24.3,24.3,24.4,24.4,24.4,24.3,24.2,24.2,24.4,24.3,24.4,24.4,24.4,24.3,24.3,24.2,24.3,24.1,24.2,24.2,24.1,24.2,24.1,24.1,24.0,23.9,24.0,24.0,24.1,24.0,24.1,24.3,24.4,24.2,24.3,24.3,24.4,24.3,24.3,24.5,24.6,24.8,24.9,24.7,24.7,24.5,24.7,24.7,24.6,24.6,24.4,24.4,24.5,24.1,24.3,24.2,24.3,24.4,24.4,24.3,24.3,24.4,24.4,24.2,24.1,24.1,24.1,24.1,24.1,24.2,24.0,24.2,24.3,24.3,24.5,24.5,24.6,24.6,24.7,24.6,24.7,24.6,24.7,24.7,24.7,24.6,24.7,24.8,24.5,24.7,24.7,24.9,24.9,24.9,24.9,25.0,25.0,25.0,24.9,25.0,24.9,24.9,24.7,24.8,24.9,24.9,24.9,24.9,24.8,24.8,24.8,24.7,24.8,24.9,24.6,24.8,24.5,24.4,24.3,24.3,24.3,24.3,24.3,24.3,24.3,24.3,24.0,24.2,24.0,23.9,24.0,23.8,23.7,23.5,23.6,23.7,23.7,23.6,23.5,23.7,23.7,23.6,23.6,23.5,23.4,23.5,23.4,23.4,23.5,23.5,23.6,23.7,23.7,23.7,23.9,23.8,23.8,23.8,23.9,23.8,23.9,23.8,24.0,23.8,23.9,23.8,23.8,23.9,24.0,24.0,23.8,23.9,24.1,24.0,23.7,23.9,23.9,23.8,23.9,23.9,24.1
122,24.9,24.8,24.7,24.6,24.6,24.6,24.6,24.6,24.4,24.4,24.4,24.4,24.3,24.4,24.3,24.3,24.3,24.4,24.4,24.5,24.4,24.3,24.3,24.3,24.3,24.3,24.4,24.3,24.2,24.2,24.2,24.2,24.2,24.2,24.1,24.1,24.1,24.0,24.0,24.1,24.1,24.3,24.3,24.3,24.4,24.3,24.5,24.6,24.3,24.4,24.5,24.7,24.9,24.8,24.9,24.6,24.6,24.6,24.6,24.4,24.4,24.3,24.1,24.2,24.2,24.2,24.2,24.3,24.3,24.2,24.3,24.3,24.3,24.4,24.3,24.2,24.1,24.1,24.0,24.1,23.9,23.9,24.2,24.3,24.4,24.6,24.6,24.6,24.6,24.6,24.6,24.7,24.7,24.6,24.6,24.7,24.6,24.6,24.7,24.8,24.7,24.9,24.7,24.9,24.8,24.9,25.0,25.0,25.0,25.0,24.9,24.9,24.9,24.8,25.0,25.0,25.0,24.9,25.1,24.8,24.9,24.9,24.9,24.7,24.9,24.7,24.6,24.5,24.4,24.3,24.4,24.3,24.3,24.3,24.3,24.3,24.3,24.2,24.0,24.0,24.0,24.0,23.9,23.8,23.7,23.7,23.7,23.7,23.7,23.7,23.6,23.7,23.7,23.7,23.5,23.6,23.5,23.5,23.5,23.5,23.6,23.6,23.7,23.8,23.8,23.8,23.8,23.7,23.9,24.0,23.9,23.9,23.8,24.0,23.9,23.9,23.9,24.0,23.9,23.8,23.9,24.0,23.9,23.8,23.9,24.1,23.9,24.0,24.0,24.0,23.9,24.0
123,25.0,24.8,24.6,24.4,24.6,24.6,24.5,24.6,24.4,24.5,24.4,24.4,24.6,24.4,24.4,24.4,24.4,24.3,24.4,24.4,24.5,24.4,24.4,24.4,24.3,24.3,24.2,24.2,24.2,24.3,24.4,24.3,24.2,24.3,24.0,24.0,24.1,24.0,24.0,24.1,24.3,24.3,24.4,24.5,24.6,24.5,24.6,24.7,24.7,24.6,24.6,24.8,24.8,25.0,24.6,24.4,24.5,24.4,24.2,24.3,24.1,24.2,24.0,24.0,24.2,24.0,23.9,24.0,24.0,24.0,24.1,24.3,24.3,24.4,24.2,24.4,24.0,23.9,24.0,24.0,23.8,23.9,24.1,24.3,24.3,24.6,24.7,24.6,24.8,24.7,24.7,24.7,24.8,24.6,24.6,24.6,24.5,24.6,24.7,24.7,24.6,24.9,25.0,24.9,25.0,25.1,25.1,25.0,25.0,25.0,25.0,24.9,25.0,24.8,25.0,25.0,25.0,25.0,24.9,25.0,25.0,24.9,24.9,25.0,24.8,24.6,24.6,24.5,24.4,24.4,24.3,24.3,24.3,24.3,24.3,24.3,24.2,24.0,24.0,24.2,24.0,23.9,23.9,23.7,23.7,23.7,23.8,23.7,23.8,23.5,23.7,23.7,23.7,23.7,23.5,23.7,23.5,23.7,23.5,23.5,23.5,23.7,23.6,23.7,23.7,23.9,23.8,23.8,23.9,23.9,23.9,23.9,24.0,23.9,23.9,23.8,23.9,24.0,23.9,24.0,24.0,24.0,23.8,23.9,23.9,23.9,23.9,24.0,24.0,23.8,23.8,23.8
124,24.9,24.9,24.6,24.7,24.5,24.5,24.4,24.4,24.4,24.6,24.5,24.5,24.4,24.5,24.5,24.5,24.4,24.3,24.3,24.5,24.5,24.4,24.3,24.4,24.4,24.3,24.4,24.5,24.3,24.3,24.3,24.3,24.3,24.2,24.3,24.3,24.2,24.2,24.3,24.2,24.4,24.6,24.6,24.8,24.9,25.0,25.1,25.2,25.1,25.2,25.3,25.1,25.3,25.1,25.1,24.7,24.3,24.2,24.1,24.1,24.0,24.1,24.0,24.0,24.0,23.9,24.0,24.0,23.8,23.8,24.0,24.0,24.3,24.4,24.3,24.3,24.2,24.0,24.1,24.1,24.0,24.1,24.2,24.4,24.6,24.7,24.6,24.6,24.6,24.7,24.7,24.7,24.8,24.8,24.7,24.9,24.6,24.6,24.7,24.8,24.8,24.8,24.9,25.0,25.1,25.1,25.3,25.1,25.1,25.2,25.1,25.0,24.7,24.9,24.9,25.0,24.9,24.9,25.1,24.9,24.9,24.8,25.0,24.9,24.7,24.7,24.6,24.4,24.4,24.4,24.4,24.3,24.4,24.2,24.2,24.3,24.3,24.1,24.0,23.9,23.9,23.9,23.9,23.9,23.7,23.6,23.8,23.7,23.7,23.7,23.8,23.9,23.8,23.5,23.7,23.6,23.4,23.7,23.7,23.6,23.9,23.6,23.7,23.8,23.7,23.7,23.9,23.7,23.9,24.0,24.0,24.0,24.0,24.0,24.1,23.8,24.0,24.0,24.0,23.9,23.9,23.9,24.0,24.0,23.9,24.0,24.0,23.9,24.0,23.9,23.8,24.0
125,25.1,24.9,24.6,24.5,24.5,24.6,24.5,24.5,24.6,24.5,24.6,24.4,24.5,24.4,24.6,24.6,24.5,24.5,24.5,24.7,24.4,24.4,24.4,24.6,24.6,24.6,24.4,24.5,24.3,24.4,24.2,24.2,24.3,24.3,24.2,24.1,24.2,24.3,24.3,24.6,24.8,25.0,25.2,25.4,25.6,25.8,26.1,25.9,25.9,26.0,25.8,25.9,26.0,25.7,25.3,24.8,24.4,24.2,24.2,24.0,23.9,23.9,23.9,23.8,23.9,23.7,23.6,23.8,23.8,23.7,23.9,23.9,24.0,24.3,24.3,24.4,24.3,24.2,24.2,24.1,24.3,24.3,24.4,24.6,24.6,24.7,24.8,24.8,24.7,24.8,24.8,24.8,24.7,24.8,24.6,24.8,24.7,24.8,24.8,24.8,24.9,24.9,24.9,25.0,25.1,25.1,25.1,25.2,25.3,25.2,25.0,25.0,25.0,25.1,25.1,25.0,25.1,24.9,25.0,25.1,25.0,24.8,24.9,24.9,24.7,24.6,24.7,24.5,24.4,24.4,24.2,24.3,24.3,24.4,24.4,24.2,24.2,24.0,24.0,24.0,24.0,23.9,23.9,23.8,23.8,23.9,23.7,23.7,23.8,23.7,23.8,23.7,23.8,23.7,23.6,23.7,23.5,23.6,23.7,23.7,23.6,23.6,23.7,23.7,23.7,23.7,23.9,23.9,23.9,24.0,23.9,23.9,23.7,23.9,24.1,23.7,24.0,23.9,23.8,23.8,24.0,24.0,24.0,23.9,23.8,24.0,24.0,24.0,24.1,24.0,24.0,24.0
126,25.0,24.7,24.7,24.5,24.7,24.5,24.4,24.4,24.4,24.6,24.4,24.4,24.5,24.5,24.5,24.5,24.5,24.4,24.4,24.6,24.3,24.5,24.4,24.5,24.5,24.3,24.6,24.3,24.3,24.3,24.4,24.3,24.3,24.1,24.1,24.2,24.1,24.3,24.4,24.9,25.2,25.7,25.8,26.0,26.1,26.4,26.6,26.5,26.6,26.6,26.7,26.7,26.7,26.3,25.7,25.1,24.4,24.1,24.0,23.8,23.9,23.7,23.9,23.9,23.8,23.7,23.8,23.6,23.7,23.7,23.9,24.0,24.2,24.3,24.3,24.4,24.5,24.5,24.3,24.4,24.4,24.4,24.4,24.6,24.7,24.8,24.7,24.6,24.8,24.8,24.9,24.9,24.9,24.8,24.8,24.8,24.8,24.8,24.7,24.6,24.8,24.9,24.9,25.1,25.1,25.2,25.2,25.3,25.3,25.1,25.1,25.0,25.1,25.2,25.1,25.1,25.2,25.4,25.1,25.0,25.0,25.0,24.9,24.9,24.8,24.6,24.5,24.5,24.4,24.6,24.3,24.4,24.4,24.3,24.3,24.2,24.3,24.0,23.9,24.0,24.0,23.9,23.9,24.0,24.0,23.9,23.7,23.8,23.7,23.7,23.8,23.7,23.7,23.7,23.5,23.6,23.7,23.6,23.7,23.5,23.7,23.7,23.7,23.7,23.8,23.8,23.8,23.9,23.7,23.9,23.8,23.9,23.9,23.9,23.9,23.8,23.9,23.9,23.9,23.9,24.1,24.0,23.9,24.0,23.7,23.8,23.8,24.0,24.0,24.0,24.0,23.9
127,25.0,25.1,24.7,24.6,24.6,24.6,24.6,24.6,24.4,24.4,24.6,24.4,24.5,24.6,24.5,24.3,24.5,24.4,24.5,24.5,24.5,24.5,24.5,24.4,24.3,24.5,24.4,24.4,24.3,24.3,24.4,24.4,24.3,24.3,24.3,24.4,24.1,24.4,24.6,25.1,25.6,26.1,26.3,26.4,26.6,26.7,26.8,26.7,26.8,26.9,27.0,27.0,27.0,26.5,25.9,25.1,24.4,24.1,23.7,23.9,23.8,23.8,23.8,23.9,23.8,23.8,23.7,23.7,23.9,23.7,23.7,23.8,24.3,24.3,24.5,24.6,24.6,24.5,24.6,24.6,24.4,24.4,24.3,24.4,24.5,24.7,25.0,24.7,24.8,24.8,24.9,24.7,24.7,24.8,24.9,24.9,24.8,24.8,24.6,24.6,24.6,24.8,24.9,25.1,25.0,25.1,25.2,25.2,25.3,25.2,25.2,25.0,25.1,25.2,25.2,25.2,25.4,25.2,25.3,25.3,25.1,25.1,24.9,24.9,24.8,24.7,24.6,24.6,24.4,24.4,24.4,24.3,24.3,24.3,24.3,24.1,24.3,24.1,24.0,23.9,24.1,24.1,24.1,24.2,24.0,23.9,23.9,23.7,23.9,23.7,23.7,23.9,23.8,23.7,23.5,23.6,23.5,23.6,23.5,23.7,23.5,23.5,23.7,23.8,23.9,23.8,23.9,23.7,23.9,23.7,23.7,23.9,23.9,24.0,23.8,23.9,24.0,24.0,23.8,23.9,23.9,24.0,24.0,23.9,24.0,24.0,24.0,23.8,24.0,23.7,23.8,24.0
128,25.0,24.9,24.7,24.6,24.6,24.6,24.4,24.5,24.5,24.5,24.6,24.4,24.6,24.4,24.3,24.4,24.5,24.3,24.5,24.4,24.4,24.4,24.4,24.5,24.4,24.6,24.5,24.5,24.3,24.6,24.3,24.4,24.2,24.4,24.3,24.3,24.1,24.4,24.8,25.0,25.4,25.9,25.9,25.9,26.3,26.4,26.5,26.4,26.4,26.6,26.7,26.5,26.7,26.2,25.7,24.9,24.3,24.0,23.8,23.8,23.8,24.0,23.8,23.9,23.7,23.7,23.7,23.7,23.7,23.7,23.7,24.0,24.3,24.3,24.6,24.4,24.6,24.7,24.6,24.6,24.5,24.3,24.3,24.3,24.5,24.7,24.9,24.8,24.9,24.8,24.8,24.9,24.9,24.9,24.9,24.8,24.7,24.6,24.7,24.8,24.5,24.8,24.9,24.9,25.0,25.0,25.1,25.2,25.4,25.2,25.2,25.2,25.2,25.3,25.3,25.2,25.4,25.5,25.4,25.4,25.3,25.0,24.9,24.6,24.6,24.6,24.6,24.4,24.5,24.4,24.3,24.5,24.3,24.1,24.1,24.2,24.2,24.0,24.0,23.8,24.2,24.1,24.2,24.4,24.1,24.1,23.8,23.9,23.9,23.8,23.8,23.8,23.7,23.9,23.7,23.7,23.7,23.6,23.5,23.6,23.5,23.6,23.7,23.7,23.8,23.9,23.8,23.7,23.9,23.9,23.8,23.8,23.9,23.8,24.0,24.0,23.8,23.8,23.9,23.8,24.0,24.0,24.0,23.9,24.0,24.1,23.9,23.9,24.0,23.8,23.7,23.8
129,25.0,24.8,24.8,24.7,24.7,24.6,24.6,24.4,24.5,24.4,24.4,24.4,24.4,24.3,24.5,24.5,24.4,24.5,24.4,24.5,24.5,24.4,24.4,24.5,24.6,24.4,24.5,24.4,24.5,24.4,24.3,24.3,24.3,24.3,24.1,24.4,24.3,24.4,24.6,24.9,25.1,25.1,25.2,25.5,25.5,25.7,25.7,25.7,25.7,25.8,25.9,25.9,25.9,25.7,25.2,24.6,24.3,24.1,23.9,23.9,23.9,24.0,23.9,23.9,23.9,23.8,23.8,23.7,23.7,23.7,23.9,24.1,24.3,24.4,24.6,24.5,24.7,24.8,24.8,24.8,24.6,24.4,24.4,24.3,24.4,24.9,25.1,25.0,25.0,24.9,24.9,25.1,25.0,24.9,24.9,24.9,24.6,24.7,24.6,24.6,24.7,24.7,24.8,24.9,24.8,25.0,25.0,25.0,25.1,25.3,25.0,25.0,25.2,25.2,25.4,25.5,25.5,25.4,25.6,25.5,25.2,24.9,24.8,24.9,24.6,24.6,24.6,24.5,24.5,24.4,24.4,24.3,24.2,24.4,24.3,24.2,24.2,24.0,24.3,24.0,24.2,24.3,24.3,24.4,24.4,24.1,23.9,23.8,23.8,23.7,23.8,23.7,23.7,23.8,23.7,23.7,23.7,23.7,23.7,23.6,23.5,23.7,23.7,23.8,23.7,23.8,23.7,23.8,23.8,24.0,23.9,23.9,23.8,24.0,23.8,23.7,23.8,23.9,23.8,24.0,23.8,24.0,23.9,24.0,23.8,24.0,23.9,23.9,24.0,23.9,23.8,24.0
130,25.0,24.9,24.8,24.6,24.7,24.7,24.7,24.5,24.5,24.6,24.5,24.4,24.6,24.3,24.4,24.5,24.4,24.4,24.5,24.5,24.4,24.4,24.3,24.5,24.5,24.6,24.4,24.3,24.4,24.3,24.3,24.3,24.3,24.2,24.2,24.3,24.1,24.2,24.2,24.5,24.7,24.7,24.9,24.9,25.0,25.1,24.9,25.2,25.0,25.2,25.2,25.2,25.4,25.1,24.9,24.6,24.4,24.3,24.4,24.2,24.2,24.1,24.2,24.0,23.9,23.9,23.8,23.7,23.8,24.0,23.8,24.0,24.3,24.4,24.5,24.5,24.8,24.9,24.9,24.8,24.9,24.8,24.7,24.7,24.7,25.1,25.0,25.1,25.2,25.1,25.1,25.0,25.0,24.9,24.8,25.0,24.6,24.5,24.6,24.6,24.5,24.8,24.8,24.9,24.9,25.0,25.1,24.9,25.2,25.2,25.0,25.2,25.1,25.1,25.4,25.4,25.6,25.4,25.6,25.4,25.2,25.0,24.8,24.8,24.6,24.6,24.5,24.6,24.5,24.5,24.4,24.3,24.3,24.3,24.3,24.4,24.3,24.1,24.3,24.0,24.2,24.2,24.4,24.3,24.3,24.0,24.1,23.8,23.7,23.8,23.7,23.8,23.9,23.8,23.7,23.7,23.5,23.7,23.6,23.7,23.6,23.6,23.7,23.7,23.7,23.7,23.8,24.0,23.8,23.8,23.9,23.7,23.8,23.8,24.0,23.9,23.9,23.8,23.8,24.0,24.0,24.0,23.9,23.9,23.9,23.9,23.8,23.8,23.9,23.9,23.8,24.0
131,25.1,25.0,24.9,24.8,24.8,24.8,24.7,24.5,24.5,24.4,24.6,24.6,24.6,24.3,24.4,24.4,24.4,24.5,24.4,24.5,24.4,24.5,24.5,24.5,24.5,24.4,24.3,24.5,24.4,24.4,24.4,24.3,24.3,24.3,24.2,24.2,24.2,24.2,24.3,24.3,24.4,24.5,24.6,24.6,24.6,24.7,24.7,24.6,24.7,24.9,24.9,24.9,24.9,24.8,24.8,24.6,24.4,24.5,24.5,24.6,24.3,24.4,24.3,24.3,24.2,23.9,23.9,24.0,23.8,23.8,24.1,24.0,24.4,24.5,24.4,24.5,24.9,25.1,25.1,25.3,25.1,25.1,25.2,25.0,25.2,25.3,25.4,25.1,25.1,25.1,24.9,25.1,25.1,25.0,24.8,24.8,24.8,24.8,24.6,24.4,24.8,24.9,24.8,25.0,25.0,25.0,25.0,25.2,25.1,25.1,25.2,25.1,25.1,25.1,25.2,25.3,25.4,25.6,25.5,25.4,25.1,25.1,24.7,24.8,24.7,24.6,24.6,24.6,24.5,24.5,24.4,24.4,24.4,24.3,24.3,24.3,24.3,24.2,24.2,24.1,24.3,24.3,24.3,24.2,24.1,24.0,24.0,23.8,23.9,23.9,23.7,23.7,23.8,23.7,23.7,23.7,23.5,23.7,23.6,23.7,23.7,23.8,23.7,23.7,23.7,23.7,23.8,23.9,23.8,24.0,23.9,23.8,23.9,23.9,23.9,23.9,23.9,23.9,23.9,24.0,23.9,23.9,23.9,23.8,24.0,24.0,23.9,24.0,23.9,23.8,23.9,23.8
132,25.2,25.2,24.9,24.8,24.8,24.8,24.9,24.6,24.4,24.5,24.6,24.5,24.5,24.5,24.6,24.4,24.5,24.5,24.7,24.4,24.5,24.4,24.5,24.6,24.4,24.5,24.6,24.5,24.4,24.5,24.2,24.4,24.3,24.3,24.3,24.2,24.2,24.1,24.2,24.2,24.4,24.3,24.3,24.5,24.4,24.4,24.5,24.6,24.8,24.5,24.6,24.8,24.7,24.8,24.6,24.7,24.6,24.6,24.5,24.6,24.5,24.5,24.4,24.2,24.2,24.2,24.1,24.0,23.9,24.1,24.0,24.1,24.3,24.4,24.4,24.6,24.9,25.1,25.4,25.4,25.5,25.6,25.6,25.7,25.5,25.5,25.3,25.1,25.2,25.1,25.2,25.0,25.1,24.9,24.9,24.8,24.8,24.6,24.6,24.6,24.7,24.7,24.8,25.0,25.0,25.1,25.1,25.4,25.4,25.3,25.4,25.2,25.1,25.3,25.2,25.4,25.4,25.4,25.4,25.2,25.1,24.8,24.8,24.7,24.7,24.7,24.6,24.7,24.6,24.4,24.5,24.3,24.4,24.3,24.3,24.2,24.3,24.1,24.2,24.2,24.4,24.3,24.3,24.2,24.1,23.9,24.0,23.8,23.8,23.8,23.9,23.7,23.8,23.6,23.7,23.7,23.7,23.5,23.7,23.6,23.6,23.6,23.7,23.7,23.7,23.7,23.7,23.8,23.7,23.9,24.0,24.0,24.0,24.0,24.0,23.9,23.9,23.8,23.8,24.0,23.9,23.8,23.9,23.9,23.8,23.9,23.8,23.9,24.1,24.1,23.9,24.0
133,25.2,25.1,24.9,25.0,24.7,25.0,24.7,24.6,24.6,24.5,24.6,24.5,24.4,24.5,24.5,24.4,24.5,24.4,24.3,24.5,24.5,24.4,24.4,24.5,24.5,24.4,24.4,24.3,24.3,24.4,24.4,24.2,24.4,24.2,24.4,24.2,24.3,24.4,24.1,24.2,24.3,24.4,24.3,24.4,24.4,24.4,24.4,24.4,24.4,24.5,24.5,24.6,24.9,24.8,24.8,24.6,24.6,24.6,24.5,24.7,24.4,24.6,24.4,24.2,24.3,24.1,24.2,24.1,23.9,24.1,24.3,24.2,24.5,24.4,24.8,25.0,25.1,25.4,25.7,25.9,26.3,26.3,26.3,26.3,26.0,25.9,25.6,25.4,25.4,25.2,25.0,25.0,24.8,24.9,24.9,24.8,24.7,24.9,24.7,24.9,24.7,24.9,24.9,25.0,25.1,25.2,25.4,25.4,25.3,25.5,25.5,25.4,25.3,25.4,25.4,25.4,25.2,25.2,25.2,25.2,25.1,24.8,24.7,24.6,24.7,24.7,24.6,24.7,24.8,24.6,24.4,24.4,24.4,24.3,24.4,24.2,24.3,24.3,24.3,24.3,24.3,24.3,24.3,24.2,24.2,24.2,24.0,23.9,23.8,24.0,23.9,23.8,24.1,24.0,23.8,23.7,23.7,23.7,23.8,23.8,23.6,23.8,23.7,23.8,23.7,23.7,23.8,23.9,23.8,23.8,23.8,23.7,23.8,23.8,23.8,23.7,24.0,24.0,23.8,23.9,23.9,24.0,24.0,24.0,24.0,24.0,23.9,23.9,23.9,23.9,23.9,23.9
134,24.9,24.8,24.8,24.6,24.6,24.6,24.6,24.5,24.5,24.5,24.4,24.4,24.4,24.5,24.3,24.5,24.4,24.5,24.4,24.5,24.5,24.4,24.3,24.4,24.5,24.4,24.6,24.3,24.4,24.4,24.4,24.3,24.4,24.3,24.4,24.4,24.4,24.4,24.2,24.3,24.3,24.3,24.3,24.5,24.5,24.2,24.4,24.4,24.5,24.4,24.8,24.9,25.0,25.1,25.1,24.6,24.6,24.6,24.5,24.3,24.4,24.4,24.4,24.4,24.2,24.1,24.0,24.1,24.1,24.1,24.1,24.3,24.3,24.4,24.9,25.0,25.3,25.9,26.1,26.5,26.7,26.9,27.0,26.8,26.6,26.3,25.8,25.5,25.4,25.4,25.4,25.0,24.9,25.0,24.9,24.9,25.0,24.9,25.0,24.8,24.9,25.1,25.1,25.3,25.3,25.4,25.4,25.6,25.4,25.5,25.6,25.4,25.6,25.3,25.3,25.4,25.3,25.3,25.3,24.9,24.9,24.6,24.2,24.3,24.6,24.7,24.7,24.7,24.6,24.5,24.4,24.4,24.4,24.4,24.2,24.2,24.3,24.3,24.2,24.2,24.3,24.3,24.3,24.0,24.1,24.1,24.1,24.1,24.2,24.1,24.2,24.2,24.1,24.3,24.0,23.9,23.7,23.7,23.7,23.7,23.7,23.6,23.9,23.7,23.8,23.9,23.9,23.8,23.8,23.9,23.9,23.8,24.0,23.9,23.9,24.0,23.8,23.8,23.8,24.0,24.0,23.9,23.9,23.9,23.8,24.0,23.9,23.9,24.1,23.9,23.8,23.9
135,24.4,24.5,24.4,24.4,24.4,24.5,24.4,24.5,24.4,24.4,24.5,24.6,24.5,24.4,24.3,24.6,24.4,24.4,24.5,24.4,24.5,24.4,24.3,24.4,24.4,24.4,24.4,24.4,24.3,24.3,24.3,24.4,24.3,24.4,24.4,24.3,24.2,24.3,24.4,24.4,24.4,24.4,24.5,24.3,24.5,24.4,24.4,24.4,24.4,24.5,24.8,25.0,25.4,25.7,25.4,24.8,24.6,24.6,24.5,24.5,24.3,24.4,24.3,24.3,24.0,24.1,24.1,24.0,24.0,24.1,24.2,24.2,24.4,24.6,24.8,25.2,25.4,26.0,26.3,26.8,27.1,27.2,27.2,27.2,26.9,26.6,26.0,25.6,25.4,25.2,25.3,25.1,25.1,24.9,25.0,25.0,25.0,24.9,25.0,25.1,25.1,25.1,25.1,25.1,25.4,25.4,25.3,25.5,25.7,25.7,25.5,25.5,25.7,25.4,25.4,25.4,25.4,25.2,25.2,24.9,24.6,24.5,24.3,24.4,24.4,24.5,24.9,24.9,24.7,24.7,24.4,24.4,24.4,24.4,24.3,24.2,24.3,24.3,24.3,24.2,24.2,24.3,24.3,24.1,24.1,24.2,24.3,24.5,24.7,24.6,24.6,24.6,24.5,24.3,24.0,24.0,23.7,23.6,23.4,23.7,23.7,23.6,23.7,23.8,23.7,23.7,23.8,23.7,24.0,23.9,23.8,23.9,23.8,23.9,23.9,24.0,24.0,23.8,23.9,24.0,23.8,24.0,23.8,23.8,23.8,23.9,23.9,23.8,23.8,23.9,23.8,24.0
136,24.3,24.4,24.3,24.3,24.3,24.5,24.3,24.4,24.4,24.5,24.3,24.4,24.4,24.4,24.3,24.4,24.4,24.3,24.4,24.5,24.4,24.4,24.3,24.5,24.5,24.4,24.4,24.4,24.5,24.4,24.3,24.3,24.3,24.3,24.3,24.4,24.4,24.3,24.3,24.4,24.4,24.3,24.4,24.5,24.3,24.5,24.5,24.3,24.4,24.5,24.8,25.1,25.9,26.2,25.6,24.9,24.6,24.6,24.6,24.7,24.4,24.1,24.1,24.1,24.0,24.0,24.0,23.9,24.0,23.9,24.0,24.1,24.3,24.7,24.9,25.3,25.6,26.1,26.6,26.9,27.2,27.5,27.6,27.4,26.9,26.7,26.1,25.8,25.5,25.3,25.1,25.0,25.0,24.9,25.0,25.0,25.1,24.9,25.1,25.1,25.0,25.1,25.1,25.4,25.3,25.5,25.5,25.7,25.8,25.7,25.8,25.8,25.6,25.6,25.4,25.4,25.4,25.2,25.2,25.0,24.6,24.4,24.3,24.3,24.5,24.6,24.6,24.6,24.8,24.6,24.6,24.5,24.3,24.4,24.2,24.2,24.3,24.2,24.1,24.3,24.4,24.0,24.3,24.3,24.4,24.4,24.7,24.8,25.0,24.8,24.9,25.1,24.8,24.6,24.3,23.9,23.8,23.7,23.7,23.6,23.7,23.6,23.7,23.7,23.7,23.8,23.8,23.8,23.8,23.8,23.8,23.8,24.0,24.0,23.8,24.0,23.9,24.0,24.0,23.8,24.0,23.9,24.0,23.8,23.8,24.0,24.0,23.8,24.0,23.9,23.9,24.0
137,24.5,24.4,24.5,24.4,24.6,24.4,24.4,24.5,24.3,24.4,24.3,24.3,24.4,24.5,24.4,24.5,24.4,24.4,24.4,24.5,24.5,24.4,24.4,24.4,24.5,24.4,24.6,24.4,24.4,24.5,24.4,24.3,24.4,24.5,24.6,24.5,24.4,24.5,24.5,24.5,24.4,24.5,24.4,24.5,24.5,24.5,24.3,24.3,24.6,24.7,25.0,25.7,26.1,26.3,25.7,25.0,24.5,24.7,24.6,24.5,24.5,24.3,24.2,24.3,24.0,23.9,24.0,24.1,24.0,24.0,24.0,24.2,24.3,24.6,25.0,25.3,25.7,26.2,26.6,27.1,27.2,27.6,27.4,27.3,27.1,26.7,26.3,25.6,25.5,25.4,25.2,25.2,25.2,25.2,25.1,25.0,25.0,24.9,25.0,25.0,25.0,25.2,25.1,25.4,25.5,25.6,25.6,25.9,25.8,25.8,25.8,25.9,25.8,25.6,25.5,25.5,25.4,25.2,25.1,25.0,24.8,24.7,24.5,24.4,24.6,24.8,24.8,24.9,24.7,24.7,24.6,24.4,24.5,24.5,24.4,24.2,24.3,24.3,24.2,24.2,24.3,24.2,24.2,24.4,24.2,24.5,24.9,24.8,24.9,24.8,24.9,24.9,25.0,24.8,24.3,24.0,23.7,23.7,23.7,23.7,23.6,23.7,23.7,23.7,23.7,23.7,23.8,23.8,23.7,23.8,23.8,23.8,23.8,23.8,23.8,23.9,23.9,23.9,23.8,23.7,23.9,23.9,23.8,23.9,23.9,23.9,23.8,24.0,23.9,23.8,23.9,24.0
138,24.4,24.4,24.4,24.4,24.2,24.4,24.3,24.3,24.4,24.4,24.4,24.6,24.4,24.4,24.4,24.4,24.4,24.4,24.4,24.4,24.5,24.3,24.4,24.5,24.5,24.3,24.5,24.6,24.5,24.5,24.4,24.5,24.6,24.5,24.4,24.4,24.5,24.6,24.5,24.4,24.4,24.4,24.3,24.5,24.4,24.4,24.5,24.5,24.5,24.7,25.4,25.7,26.2,26.3,25.9,24.8,24.4,24.4,24.6,24.7,24.4,24.4,24.3,24.2,24.1,23.9,23.9,24.0,23.8,24.0,24.1,24.1,24.4,24.7,25.0,25.4,25.9,26.2,26.7,26.9,27.1,27.6,27.4,27.3,27.1,26.5,26.2,25.6,25.5,25.3,25.3,25.1,25.2,25.2,25.1,25.0,25.1,25.0,25.0,25.2,25.1,25.2,25.1,25.4,25.7,25.8,25.8,25.9,25.8,26.0,25.9,25.9,25.9,25.6,25.7,25.5,25.3,25.4,25.1,25.1,25.0,24.9,24.7,24.8,24.9,24.9,24.8,24.8,24.6,24.7,24.5,24.5,24.3,24.3,24.3,24.4,24.3,24.3,24.1,24.2,24.2,24.2,24.2,24.2,24.6,24.7,24.9,24.7,24.7,24.4,24.5,24.7,24.9,24.8,24.5,24.0,23.8,23.8,23.5,23.7,23.7,23.7,23.7,23.6,23.8,23.7,23.7,23.7,23.8,23.8,23.9,23.7,23.7,23.7,23.8,23.7,23.9,23.8,23.9,23.8,24.0,23.9,23.9,23.8,23.8,23.8,23.8,23.8,23.9,23.8,23.9,23.7
139,24.4,24.4,24.4,24.3,24.5,24.4,24.3,24.4,24.5,24.4,24.4,24.6,24.6,24.4,24.6,24.5,24.5,24.4,24.4,24.5,24.6,24.4,24.3,24.4,24.6,24.5,24.4,24.4,24.4,24.5,24.5,24.5,24.4,24.6,24.6,24.5,24.5,24.5,24.4,24.4,24.5,24.6,24.4,24.4,24.4,24.6,24.5,24.5,24.5,24.7,25.4,25.8,25.9,26.4,25.5,24.8,24.5,24.5,24.5,24.4,24.5,24.3,24.2,24.2,23.9,24.1,24.0,24.0,23.9,23.8,24.0,24.3,24.3,24.7,25.2,25.3,25.8,26.0,26.3,26.8,27.0,27.1,27.3,27.1,26.9,26.4,26.0,25.7,25.6,25.2,25.1,25.2,25.1,25.1,25.1,25.0,25.0,25.1,25.1,25.1,25.0,25.2,25.4,25.4,25.7,25.9,25.8,26.0,26.0,26.0,25.9,25.9,25.9,25.7,25.6,25.5,25.6,25.4,25.1,25.1,25.1,25.1,25.1,25.0,25.0,25.1,24.8,24.7,24.7,24.6,24.6,24.5,24.4,24.5,24.3,24.4,24.5,24.3,24.3,24.2,24.0,24.1,24.3,24.3,24.5,24.9,25.0,24.5,24.3,24.2,24.0,24.5,24.9,24.7,24.6,24.4,23.9,23.8,23.6,23.6,23.7,23.5,23.7,23.7,23.7,23.8,23.8,23.8,24.0,23.7,23.8,23.7,23.8,23.8,23.9,23.9,24.0,23.8,23.9,23.8,24.0,24.0,23.9,23.9,23.9,24.0,24.0,23.9,24.0,23.9,23.9,23.9
140,24.4,24.4,24.3,24.6,24.4,24.4,24.3,24.5,24.3,24.4,24.3,24.4,24.5,24.3,24.5,24.6,24.5,24.3,24.4,24.7,24.6,24.4,24.5,24.6,24.6,24.4,24.6,24.6,24.4,24.6,24.4,24.4,24.4,24.5,24.5,24.5,24.4,24.5,24.4,24.5,24.4,24.6,24.3,24.6,24.4,24.5,24.5,24.4,24.5,24.7,25.1,25.8,25.9,26.3,25.6,24.9,24.6,24.4,24.6,24.5,24.3,24.1,24.2,24.2,24.0,24.1,24.0,24.0,24.0,23.9,24.0,24.3,24.3,24.6,25.0,25.2,25.5,25.9,26.3,26.4,26.5,26.7,26.7,26.6,26.5,26.2,25.9,25.6,25.4,25.4,25.2,25.1,25.1,25.0,25.2,25.0,25.1,25.1,25.1,25.2,25.1,25.2,25.5,25.5,25.7,25.8,26.0,26.1,26.0,26.1,25.9,25.8,26.0,25.7,25.7,25.5,25.4,25.3,25.2,25.1,25.1,25.1,25.1,25.2,25.1,25.0,25.0,24.7,24.7,24.7,24.6,24.4,24.4,24.4,24.4,24.4,24.2,24.1,24.3,24.3,24.3,24.1,24.2,24.4,24.6,24.9,24.7,24.6,24.2,24.0,23.8,24.3,24.6,24.9,24.6,24.2,23.9,23.7,23.4,23.6,23.4,23.5,23.7,23.7,23.7,23.7,23.8,23.7,23.9,23.8,23.9,23.9,23.8,23.9,23.8,23.7,23.8,23.9,23.8,23.9,23.8,23.9,23.8,23.8,23.9,23.8,23.9,23.9,23.9,24.0,23.9,24.0
141,24.4,24.4,24.4,24.3,24.4,24.4,24.2,24.4,24.4,24.3,24.6,24.5,24.6,24.4,24.5,24.6,24.4,24.3,24.5,24.6,24.4,24.4,24.5,24.5,24.5,24.6,24.4,24.5,24.5,24.6,24.6,24.4,24.6,24.5,24.5,24.6,24.6,24.6,24.6,24.5,24.6,24.3,24.6,24.4,24.4,24.6,24.5,24.4,24.5,24.7,25.1,25.6,25.9,26.1,25.9,25.0,24.7,24.5,24.4,24.2,24.2,24.1,24.2,24.0,24.1,24.0,24.0,24.0,24.0,23.9,24.0,24.3,24.3,24.5,24.9,25.2,25.5,25.6,25.8,26.1,26.3,26.2,26.3,26.2,26.0,25.9,25.6,25.5,25.4,25.2,25.1,25.0,25.1,25.1,25.1,25.1,25.1,25.1,25.1,25.2,25.2,25.2,25.4,25.5,25.6,25.9,25.9,26.2,26.3,26.2,26.1,26.0,25.8,25.7,25.5,25.5,25.3,25.2,25.0,25.1,25.1,25.0,25.2,25.0,25.0,25.0,24.9,24.7,24.7,24.9,24.5,24.5,24.4,24.5,24.3,24.4,24.4,24.3,24.2,24.3,24.2,24.3,24.2,24.2,24.6,25.0,24.9,24.6,24.4,24.0,24.0,24.3,24.8,24.8,24.4,24.3,23.9,23.7,23.5,23.5,23.4,23.5,23.7,23.5,23.8,23.7,23.5,23.7,23.7,24.0,23.7,23.7,23.7,23.8,24.0,23.9,23.8,23.7,23.9,23.9,23.9,23.9,23.7,23.7,23.8,24.0,23.8,23.9,23.9,24.0,23.8,23.9
142,24.4,24.5,24.3,24.3,24.3,24.4,24.3,24.4,24.4,24.4,24.3,24.4,24.4,24.6,24.4,24.4,24.3,24.3,24.6,24.4,24.4,24.6,24.4,24.5,24.3,24.5,24.4,24.6,24.5,24.5,24.3,24.5,24.5,24.4,24.4,24.5,24.5,24.6,24.6,24.5,24.4,24.4,24.4,24.5,24.4,24.6,24.4,24.5,24.5,24.5,25.0,25.4,25.9,25.9,25.5,25.1,24.9,24.7,24.4,24.4,24.2,24.2,24.1,24.3,24.0,23.8,24.0,23.8,23.9,24.0,24.0,24.2,24.3,24.6,24.9,25.1,25.3,25.4,25.7,25.8,25.8,25.9,25.9,25.8,25.9,25.7,25.4,25.2,25.2,25.1,25.0,25.1,25.0,25.0,25.1,25.0,25.0,25.1,25.2,25.1,25.1,25.2,25.2,25.4,25.6,25.9,26.1,26.2,26.3,26.1,26.0,25.8,25.8,25.5,25.6,25.4,25.4,25.2,25.2,25.1,25.1,25.1,25.1,25.1,25.0,25.0,24.9,24.8,24.5,24.5,24.4,24.6,24.4,24.4,24.4,24.4,24.4,24.4,24.3,24.5,24.3,24.3,24.3,24.2,24.5,24.7,24.9,24.7,24.5,24.4,24.4,24.7,24.9,24.6,24.3,24.2,23.7,23.6,23.5,23.5,23.4,23.5,23.4,23.5,23.7,23.7,23.7,23.7,23.7,23.6,23.7,23.8,23.8,23.7,24.0,23.9,23.7,23.9,23.7,24.1,23.9,23.8,23.9,23.8,23.8,23.9,23.8,24.0,23.8,23.9,23.9,23.8
143,24.3,24.4,24.5,24.4,24.5,24.5,24.4,24.4,24.3,24.5,24.4,24.5,24.5,24.5,24.5,24.4,24.6,24.4,24.4,24.6,24.7,24.4,24.3,24.4,24.6,24.5,24.6,24.4,24.6,24.6,24.5,24.6,24.5,24.5,24.6,24.5,24.7,24.5,24.5,24.6,24.4,24.5,24.4,24.6,24.4,24.4,24.6,24.5,24.4,24.7,24.8,25.2,25.6,25.6,25.4,25.1,24.9,24.9,24.5,24.4,24.3,24.4,24.3,24.3,24.0,24.1,24.1,24.1,24.1,24.2,24.2,24.3,24.4,24.6,24.9,25.0,25.1,25.3,25.4,25.5,25.6,25.7,25.7,25.7,25.5,25.5,25.3,25.2,25.2,25.1,25.0,24.9,25.0,25.0,24.9,25.0,25.0,25.1,25.0,25.0,25.1,25.0,25.3,25.4,25.6,25.8,26.1,26.1,26.2,25.9,25.9,25.8,25.8,25.7,25.6,25.4,25.2,25.1,24.9,25.1,25.0,24.9,25.0,25.2,25.1,24.8,24.7,24.7,24.5,24.5,24.4,24.4,24.5,24.5,24.3,24.3,24.4,24.3,24.4,24.4,24.4,24.2,24.2,24.3,24.5,24.7,24.9,24.9,24.9,24.9,24.9,25.0,24.9,24.6,24.5,24.2,23.7,23.7,23.5,23.6,23.5,23.5,23.6,23.7,23.7,23.7,23.9,23.8,23.8,23.8,23.8,23.9,23.7,23.9,23.9,23.8,23.8,23.9,23.9,24.0,23.7,23.9,23.8,23.9,23.8,24.0,23.9,24.0,23.9,23.9,23.9,23.9
144,24.3,24.3,24.4,24.3,24.3,24.4,24.4,24.6,24.3,24.6,24.5,24.6,24.6,24.4,24.6,24.3,24.5,24.4,24.5,24.6,24.6,24.5,24.5,24.4,24.6,24.6,24.5,24.6,24.6,24.4,24.4,24.6,24.6,24.4,24.5,24.6,24.5,24.4,24.6,24.6,24.6,24.5,24.5,24.6,24.6,24.5,24.5,24.5,24.6,24.5,24.8,24.9,25.4,25.3,25.4,25.0,25.0,24.6,24.4,24.3,24.3,24.2,24.2,24.2,24.3,24.2,24.3,24.3,24.1,24.2,24.3,24.4,24.5,24.7,25.0,24.8,25.1,25.2,25.3,25.2,25.4,25.4,25.4,25.4,25.3,25.4,25.2,25.1,24.9,25.1,24.9,25.0,25.0,25.1,24.9,25.0,25.1,24.9,24.8,24.8,24.8,24.9,25.0,25.4,25.5,25.9,25.9,26.1,25.9,26.1,25.9,25.7,25.8,25.6,25.6,25.5,25.4,25.3,25.1,25.0,25.1,25.1,25.2,25.2,25.0,24.9,24.7,24.7,24.5,24.4,24.4,24.4,24.4,24.5,24.3,24.2,24.3,24.3,24.3,24.3,24.3,24.2,24.3,24.3,24.2,24.6,24.7,24.7,24.9,24.9,25.0,24.9,24.6,24.4,24.3,23.8,23.9,23.7,23.5,23.4,23.3,23.4,23.7,23.7,23.7,23.7,23.7,23.7,23.7,23.7,23.6,23.7,23.7,23.9,23.9,23.8,23.8,23.9,24.0,23.9,23.9,23.9,23.8,24.0,24.0,23.9,24.0,24.0,23.8,23.9,23.7,23.8
145,24.4,24.3,24.4,24.5,24.5,24.4,24.3,24.4,24.5,24.4,24.5,24.4,24.6,24.5,24.4,24.4,24.5,24.5,24.5,24.6,24.5,24.4,24.5,24.5,24.5,24.6,24.5,24.6,24.5,24.6,24.4,24.5,24.4,24.5,24.5,24.6,24.6,24.6,24.5,24.6,24.5,24.6,24.4,24.6,24.4,24.6,24.5,24.5,24.5,24.4,24.6,24.8,25.0,25.1,25.0,24.6,24.9,24.6,24.4,24.3,24.2,24.2,24.2,24.3,24.2,24.3,24.3,24.2,24.2,24.2,24.3,24.3,24.4,24.6,24.7,24.7,25.1,24.9,25.1,25.0,25.0,25.2,25.2,25.0,25.1,25.0,25.1,24.9,25.0,24.9,24.9,24.9,25.0,25.0,24.9,24.8,24.8,24.8,24.8,24.6,24.9,24.8,25.1,25.4,25.5,25.6,25.8,25.8,25.8,25.9,25.9,25.6,25.7,25.5,25.4,25.4,25.3,25.1,25.0,25.0,24.9,25.0,25.3,25.1,25.1,24.9,24.6,24.5,24.4,24.3,24.3,24.4,24.3,24.3,24.1,24.3,24.2,24.3,24.2,24.2,24.4,24.2,24.1,24.2,24.2,24.3,24.4,24.6,24.6,24.7,24.6,24.5,24.4,24.4,24.2,23.8,23.5,23.6,23.5,23.5,23.3,23.6,23.5,23.7,23.7,23.8,23.7,23.9,23.7,23.8,23.8,23.9,23.8,23.8,23.8,23.7,23.8,23.9,23.9,23.9,23.9,23.9,24.0,23.9,24.0,24.0,23.9,24.0,23.9,23.9,23.9,23.8
146,24.5,24.4,24.5,24.4,24.4,24.4,24.4,24.4,24.4,24.5,24.6,24.5,24.5,24.5,24.5,24.4,24.6,24.4,24.4,24.5,24.7,24.6,24.4,24.6,24.5,24.7,24.5,24.5,24.6,24.6,24.6,24.6,24.3,24.6,24.6,24.6,24.6,24.6,24.5,24.5,24.6,24.6,24.5,24.5,24.5,24.5,24.3,24.5,24.6,24.6,24.7,24.9,25.1,25.0,24.9,24.7,24.6,24.5,24.4,24.3,24.2,24.3,24.3,24.4,24.3,24.2,24.3,24.3,24.3,24.4,24.4,24.5,24.6,24.5,24.6,24.6,24.8,24.8,24.9,24.8,24.9,25.0,24.9,24.9,24.9,24.9,25.0,24.9,24.9,25.0,24.9,24.9,24.8,24.8,24.8,24.9,24.9,24.8,24.7,24.6,24.7,24.8,24.9,25.2,25.4,25.5,25.6,25.8,25.8,25.6,25.7,25.6,25.6,25.4,25.4,25.4,25.3,25.2,25.0,25.0,24.8,25.1,25.3,25.2,25.0,24.9,24.7,24.4,24.4,24.4,24.4,24.3,24.3,24.2,24.2,24.2,24.3,24.2,24.1,24.3,24.3,24.2,24.2,24.2,24.1,24.3,24.3,24.3,24.4,24.3,24.3,24.4,24.4,24.2,24.0,23.8,23.7,23.6,23.6,23.5,23.5,23.5,23.6,23.6,23.7,23.7,23.7,23.7,23.8,23.7,23.7,23.8,23.7,24.0,23.9,23.8,23.8,23.8,24.0,23.9,23.8,23.9,23.9,23.9,23.8,24.0,23.9,23.8,24.0,23.9,24.0,24.1
147,24.5,24.5,24.4,24.4,24.3,24.4,24.5,24.4,24.4,24.5,24.5,24.5,24.6,24.6,24.4,24.4,24.5,24.5,24.6,24.6,24.6,24.6,24.5,24.5,24.6,24.7,24.6,24.8,24.5,24.6,24.5,24.6,24.6,24.6,24.6,24.6,24.5,24.7,24.7,24.6,24.6,24.6,24.6,24.5,24.6,24.6,24.6,24.7,24.7,24.8,24.7,24.9,25.1,25.2,24.9,24.7,24.6,24.6,24.3,24.4,24.3,24.3,24.3,24.3,24.3,24.4,24.4,24.4,24.5,24.4,24.4,24.4,24.3,24.4,24.6,24.5,24.6,24.6,24.6,24.7,24.7,24.7,24.9,24.7,24.8,24.8,24.8,24.8,24.8,24.8,24.9,24.7,24.8,24.9,24.7,24.9,24.8,24.7,24.6,24.7,24.6,24.8,25.0,25.1,25.4,25.4,25.4,25.6,25.7,25.5,25.5,25.5,25.4,25.3,25.3,25.2,25.2,25.2,24.9,25.1,25.0,25.1,25.1,25.1,25.0,24.9,24.7,24.4,24.3,24.3,24.3,24.3,24.2,24.4,24.0,24.3,24.1,24.1,24.2,24.1,24.3,24.1,24.2,24.0,24.0,24.2,24.1,24.0,24.2,24.2,24.2,24.2,24.3,24.3,23.9,23.8,23.8,23.6,23.6,23.6,23.5,23.6,23.7,23.7,23.5,23.8,23.8,23.7,23.7,23.7,23.9,23.8,24.0,23.8,23.8,23.8,23.9,24.0,23.8,23.9,24.0,23.9,24.0,23.9,24.0,23.8,23.7,24.0,23.9,23.8,23.8,23.9
148,24.5,24.3,24.3,24.4,24.4,24.4,24.4,24.5,24.3,24.4,24.5,24.6,24.5,24.4,24.5,24.5,24.6,24.4,24.4,24.4,24.7,24.6,24.5,24.6,24.5,24.6,24.5,24.5,24.6,24.7,24.5,24.6,24.5,24.6,24.6,24.6,24.6,24.6,24.5,24.6,24.5,24.7,24.6,24.5,24.4,24.6,24.5,24.6,24.5,24.6,24.8,24.9,25.0,25.0,24.9,24.5,24.5,24.5,24.3,24.3,24.4,24.4,24.2,24.3,24.3,24.3,24.4,24.4,24.6,24.4,24.3,24.3,24.3,24.4,24.4,24.4,24.3,24.4,24.3,24.3,24.3,24.4,24.3,24.6,24.5,24.6,24.8,24.7,24.9,24.8,24.6,24.9,24.9,24.7,24.8,24.7,24.7,24.8,24.8,24.7,24.9,24.7,24.8,24.9,25.1,25.1,25.1,25.4,25.4,25.2,25.2,25.3,25.2,25.2,25.2,25.1,25.2,25.0,24.9,24.9,24.8,24.9,24.9,25.0,24.9,24.8,24.6,24.4,24.3,24.2,24.3,24.3,24.1,24.2,24.0,23.9,24.1,24.0,24.2,24.0,24.1,24.1,24.1,24.1,24.0,24.1,24.0,24.0,24.1,24.0,24.0,24.1,24.0,24.0,24.0,23.7,23.7,23.7,23.6,23.5,23.6,23.5,23.6,23.6,23.7,23.7,23.7,23.8,23.8,23.9,23.7,23.8,23.8,23.9,23.7,24.0,24.0,24.0,23.8,23.7,24.0,23.9,24.0,23.8,23.8,24.0,23.8,23.9,24.0,24.0,24.0,23.9
149,24.4,24.5,24.4,24.5,24.3,24.3,24.5,24.4,24.5,24.5,24.6,24.6,24.6,24.4,24.4,24.6,24.5,24.6,24.5,24.6,24.5,24.6,24.4,24.5,24.7,24.4,24.6,24.7,24.7,24.5,24.5,24.7,24.6,24.6,24.6,24.7,24.6,24.6,24.5,24.7,24.7,24.6,24.5,24.6,24.5,24.4,24.5,24.6,24.6,24.7,24.8,25.0,24.9,24.8,24.4,24.4,24.3,24.3,24.1,24.2,24.3,24.2,24.3,24.4,24.2,24.3,24.3,24.2,24.2,24.4,24.3,24.2,24.3,24.3,24.2,24.2,24.1,24.2,24.0,24.1,24.1,24.1,24.1,24.3,24.4,24.7,24.7,24.6,24.9,24.8,24.8,24.5,24.8,24.9,24.7,24.6,24.8,24.9,24.8,24.7,24.8,25.0,24.9,24.9,24.7,24.9,24.9,25.0,25.1,25.3,25.2,25.2,25.1,25.0,25.0,25.2,25.1,24.9,25.0,24.9,24.9,24.9,24.9,25.0,24.8,24.6,24.5,24.4,24.4,24.2,24.3,24.2,24.0,24.2,24.0,24.0,23.9,24.0,23.9,24.2,24.1,24.0,24.0,24.0,23.9,24.0,24.1,24.0,24.1,23.8,23.9,24.0,24.0,23.9,23.8,23.7,23.6,23.7,23.4,23.5,23.4,23.7,23.5,23.7,23.6,23.7,23.6,23.7,23.8,23.8,23.7,23.8,23.9,24.1,23.8,23.8,23.9,23.8,23.8,24.0,23.9,24.0,23.9,23.9,24.0,24.0,23.9,23.9,23.8,23.8,23.9,23.8
150,24.3,24.4,24.5,24.4,24.5,24.4,24.4,24.4,24.4,24.5,24.5,24.5,24.5,24.4,24.4,24.6,24.6,24.5,24.6,24.6,24.6,24.6,24.6,24.7,24.5,24.6,24.6,24.6,24.6,24.6,24.5,24.5,24.6,24.6,24.6,24.6,24.6,24.6,24.5,24.6,24.7,24.6,24.6,24.5,24.5,24.5,24.5,24.6,24.6,24.6,24.8,24.9,24.8,24.8,24.4,24.3,24.3,24.2,24.1,24.2,24.2,24.2,24.3,24.2,24.2,24.3,24.3,24.3,24.3,24.2,24.2,24.2,24.2,24.1,24.1,24.1,24.0,24.0,23.9,23.9,23.9,24.0,24.1,24.2,24.4,24.5,24.6,24.6,24.6,24.7,24.6,24.6,24.5,24.6,24.6,24.7,24.8,24.8,24.7,24.7,24.8,24.7,24.9,24.7,24.6,24.6,24.8,24.9,24.9,25.1,25.1,25.1,25.1,25.0,25.0,25.0,24.9,24.9,24.9,24.8,24.8,24.8,24.9,24.8,24.7,24.5,24.5,24.4,24.2,24.2,24.2,24.2,24.2,24.1,24.1,24.1,24.1,23.9,24.0,24.1,24.1,24.0,24.0,23.9,23.9,24.0,24.0,23.9,23.9,23.9,23.9,24.0,24.0,23.9,23.8,23.7,23.6,23.6,23.5,23.4,23.4,23.5,23.6,23.6,23.7,23.7,23.7,23.6,23.8,23.8,23.8,23.7,23.9,23.8,23.8,23.8,23.8,23.8,23.9,23.9,23.9,24.0,23.9,23.9,23.9,23.9,23.9,23.9,23.8,23.8,23.8,23.9
151,24.3,24.4,24.6,24.4,24.3,24.5,24.4,24.6,24.4,24.4,24.5,24.5,24.5,24.5,24.4,24.6,24.6,24.4,24.6,24.6,24.6,24.6,24.7,24.6,24.5,24.6,24.6,24.6,24.6,24.6,24.5,24.5,24.7,24.4,24.6,24.7,24.6,24.6,24.6,24.5,24.6,24.7,24.6,24.5,24.5,24.5,24.7,24.6,24.5,24.6,24.8,24.8,25.0,24.8,24.4,24.3,24.2,24.1,24.1,24.2,24.2,24.3,24.2,24.3,24.2,24.3,24.3,24.3,24.3,24.2,24.1,24.1,24.1,24.0,24.1,24.0,24.0,23.9,23.7,23.7,23.7,23.7,23.9,24.1,24.3,24.4,24.6,24.5,24.6,24.6,24.4,24.6,24.5,24.5,24.6,24.7,24.8,24.8,24.7,24.7,24.7,24.9,24.7,24.6,24.6,24.6,24.5,24.6,24.8,24.8,25.0,24.9,25.1,24.8,24.9,25.0,24.8,24.7,24.8,24.8,24.8,24.8,24.8,24.9,24.7,24.5,24.4,24.3,24.1,24.1,24.0,24.2,24.1,24.1,24.2,24.1,24.1,24.1,23.9,24.0,24.2,23.9,24.0,23.9,23.9,24.0,23.9,23.9,23.8,23.9,23.9,23.8,24.0,24.0,23.8,23.7,23.7,23.6,23.6,23.4,23.4,23.5,23.6,23.5,23.7,23.7,23.7,23.8,23.6,23.7,23.8,23.7,23.8,23.9,23.8,23.8,23.8,23.9,23.8,23.9,23.9,24.0,23.9,23.8,24.0,23.9,23.7,23.9,23.8,24.0,23.8,24.0
152,24.5,24.7,24.5,24.4,24.5,24.5,24.5,24.4,24.4,24.5,24.6,24.5,24.4,24.7,24.5,24.5,24.5,24.6,24.5,24.8,24.6,24.5,24.6,24.5,24.6,24.7,24.6,24.6,24.5,24.6,24.6,24.6,24.7,24.7,24.6,24.7,24.6,24.6,24.5,24.6,24.6,24.5,24.7,24.6,24.5,24.6,24.5,24.6,24.5,24.7,25.1,24.9,25.2,24.9,24.4,24.3,24.0,24.1,24.2,24.1,24.3,24.3,24.2,24.1,24.3,24.1,24.2,24.1,24.2,24.2,24.1,24.1,24.2,24.1,24.1,24.0,24.0,23.7,23.5,23.5,23.6,23.7,23.7,24.0,24.4,24.6,24.7,24.7,24.6,24.6,24.6,24.6,24.6,24.8,24.7,24.6,24.6,24.8,24.7,24.8,24.7,24.6,24.7,24.5,24.5,24.4,24.5,24.6,24.7,24.8,24.9,24.9,25.0,24.7,24.7,24.9,24.8,24.8,24.8,24.7,24.9,24.6,24.7,24.9,24.7,24.5,24.5,24.4,24.3,24.3,24.3,24.1,24.1,24.1,24.0,24.3,24.2,24.1,24.0,24.1,24.1,24.0,24.1,24.0,24.0,24.0,24.1,23.9,24.0,24.1,23.9,24.1,24.0,23.9,23.8,23.8,23.8,23.9,23.7,23.5,23.5,23.7,23.5,23.7,23.7,23.7,23.8,23.7,23.8,23.8,23.8,23.9,24.0,24.0,23.8,24.0,24.0,23.9,23.9,23.9,23.9,24.0,23.9,23.9,24.0,24.0,23.9,23.8,24.0,23.8,23.9,23.8
153,24.5,24.5,24.3,24.5,24.5,24.5,24.5,24.5,24.4,24.4,24.6,24.5,24.6,24.6,24.5,24.6,24.5,24.3,24.6,24.6,24.6,24.7,24.6,24.7,24.6,24.5,24.7,24.6,24.5,24.5,24.6,24.6,24.7,24.5,24.7,24.7,24.6,24.6,24.7,24.7,24.6,24.5,24.5,24.6,24.5,24.6,24.6,24.7,24.6,24.9,25.1,25.1,25.2,25.1,24.5,24.3,24.3,24.2,24.2,24.2,24.1,24.1,24.2,24.2,24.2,24.3,24.2,24.2,24.2,24.2,24.1,24.0,24.2,24.0,24.1,23.8,23.9,23.8,23.7,23.5,23.5,23.6,23.8,24.0,24.4,24.6,24.6,24.6,24.5,24.6,24.6,24.6,24.5,24.5,24.4,24.6,24.6,24.7,24.5,24.6,24.6,24.6,24.5,24.6,24.4,24.5,24.4,24.5,24.8,24.7,24.5,24.7,24.6,24.6,24.7,24.9,24.8,24.7,24.7,24.6,24.7,24.6,24.6,24.5,24.6,24.5,24.3,24.2,24.1,24.3,24.1,24.2,24.1,24.1,24.1,24.1,24.1,24.2,24.2,24.0,24.2,24.1,24.2,24.0,24.1,24.1,24.2,24.0,24.0,23.9,24.0,24.0,23.9,23.9,23.8,23.8,23.8,23.5,23.5,23.5,23.6,23.7,23.8,23.8,23.8,23.7,23.7,23.8,23.8,23.7,23.8,23.8,23.9,23.8,23.8,23.8,23.7,23.8,24.0,23.8,23.9,23.9,23.9,23.8,23.8,23.8,23.9,23.9,24.0,23.8,24.0,23.8
154,24.4,24.3,24.4,24.3,24.4,24.4,24.4,24.4,24.4,24.4,24.5,24.5,24.6,24.5,24.4,24.5,24.6,24.4,24.6,24.5,24.5,24.6,24.6,24.6,24.6,24.6,24.6,24.6,24.6,24.6,24.5,24.6,24.7,24.5,24.6,24.6,24.5,24.6,24.6,24.6,24.7,24.6,24.7,24.5,24.4,24.6,24.6,24.5,24.7,24.8,25.2,25.3,25.4,25.2,24.7,24.3,24.3,24.0,24.1,24.2,24.1,24.2,24.1,24.2,24.2,24.0,24.1,24.2,24.3,24.0,24.2,24.1,24.0,24.1,24.0,23.8,23.9,23.7,23.6,23.4,23.4,23.6,23.7,24.2,24.2,24.3,24.4,24.4,24.4,24.5,24.6,24.6,24.5,24.5,24.6,24.5,24.4,24.4,24.6,24.5,24.5,24.5,24.4,24.4,24.4,24.4,24.4,24.5,24.5,24.6,24.5,24.5,24.5,24.7,24.6,24.6,24.5,24.6,24.7,24.6,24.6,24.6,24.7,24.6,24.5,24.5,24.4,24.4,24.3,24.3,24.2,24.2,24.3,24.3,24.2,24.2,24.2,24.2,24.2,24.1,24.3,24.1,24.1,24.1,24.2,24.0,24.1,24.1,24.1,24.0,24.1,24.0,24.0,24.1,23.8,23.9,23.7,23.7,23.7,23.5,23.7,23.6,23.8,23.7,23.7,23.8,23.8,23.9,23.8,23.8,23.8,23.8,23.8,23.7,23.8,23.9,23.8,24.0,24.0,24.0,24.0,24.0,23.8,24.0,23.9,23.9,23.8,23.9,24.0,24.0,23.9,24.1
155,24.5,24.3,24.4,24.4,24.5,24.4,24.4,24.5,24.5,24.4,24.4,24.5,24.6,24.4,24.5,24.5,24.4,24.6,24.6,24.6,24.6,24.5,24.5,24.6,24.6,24.5,24.6,24.7,24.6,24.6,24.6,24.5,24.6,24.5,24.6,24.6,24.6,24.7,24.6,24.7,24.6,24.7,24.6,24.6,24.6,24.6,24.4,24.6,24.7,24.9,25.3,25.5,25.5,25.4,24.8,24.4,24.3,24.2,24.3,24.1,24.2,24.1,24.2,24.3,24.1,24.2,24.1,24.1,24.1,24.0,24.1,23.9,24.2,24.0,23.9,24.0,24.0,23.8,23.7,23.5,23.3,23.5,23.7,24.0,24.3,24.5,24.4,24.5,24.5,24.6,24.6,24.5,24.5,24.6,24.6,24.5,24.5,24.5,24.5,24.6,24.4,24.4,24.5,24.3,24.2,24.4,24.4,24.6,24.5,24.5,24.3,24.4,24.5,24.4,24.5,24.6,24.6,24.6,24.7,24.6,24.5,24.6,24.6,24.6,24.4,24.5,24.4,24.6,24.3,24.3,24.1,24.3,24.2,24.4,24.3,24.4,24.4,24.4,24.3,24.3,24.4,24.3,24.2,24.3,24.2,24.1,24.3,24.1,24.2,24.2,24.0,24.1,24.0,24.1,23.9,23.9,23.7,23.7,23.7,23.7,23.7,23.4,23.7,23.7,23.9,23.9,23.9,23.7,23.8,23.7,23.8,23.8,23.9,23.9,23.8,23.9,23.9,23.9,23.9,23.8,23.9,23.8,23.8,23.7,23.7,24.0,24.0,23.8,23.8,23.8,24.0,23.8
156,24.3,24.6,24.4,24.4,24.3,24.4,24.5,24.4,24.4,24.4,24.4,24.3,24.5,24.6,24.5,24.4,24.6,24.6,24.7,24.5,24.6,24.7,24.6,24.6,24.6,24.6,24.7,24.4,24.6,24.7,24.7,24.5,24.6,24.5,24.7,24.6,24.5,24.6,24.6,24.6,24.6,24.6,24.6,24.6,24.6,24.6,24.5,24.6,24.6,25.0,25.4,25.6,25.7,25.8,25.0,24.4,24.4,24.3,24.2,24.2,24.2,24.2,24.2,24.1,24.2,24.2,24.1,24.0,24.1,24.1,24.1,24.1,24.0,24.1,24.0,24.0,23.9,23.6,23.5,23.4,23.5,23.5,23.7,24.0,24.4,24.3,24.5,24.4,24.5,24.4,24.6,24.4,24.6,24.6,24.6,24.6,24.4,24.6,24.6,24.3,24.3,24.3,24.2,24.2,24.2,24.4,24.4,24.6,24.4,24.4,24.3,24.2,24.3,24.4,24.4,24.5,24.6,24.7,24.6,24.7,24.6,24.6,24.5,24.4,24.5,24.5,24.5,24.4,24.4,24.4,24.4,24.3,24.4,24.5,24.4,24.5,24.4,24.6,24.5,24.4,24.5,24.5,24.5,24.5,24.4,24.4,24.4,24.4,24.3,24.3,24.3,24.3,24.3,24.3,24.0,24.0,23.9,23.8,23.6,23.7,23.5,23.7,23.7,23.9,23.8,23.9,23.7,23.8,23.7,23.9,23.8,23.8,23.9,23.9,24.0,23.9,23.9,24.0,24.0,24.0,24.1,23.9,23.9,23.8,24.0,24.0,23.9,24.0,24.0,24.0,23.8,23.8
157,24.6,24.4,24.4,24.4,24.4,24.5,24.4,24.4,24.6,24.4,24.5,24.5,24.5,24.6,24.5,24.5,24.4,24.4,24.6,24.6,24.7,24.7,24.4,24.5,24.7,24.6,24.7,24.6,24.7,24.7,24.6,24.6,24.6,24.6,24.6,24.8,24.6,24.8,24.6,24.6,24.7,24.6,24.5,24.6,24.5,24.4,24.5,24.5,24.7,24.9,25.5,25.8,26.2,25.9,25.2,24.6,24.3,24.3,24.3,24.2,24.3,24.1,24.1,24.2,24.2,24.0,24.2,24.0,24.2,24.2,24.3,24.1,24.1,24.2,24.1,24.0,23.8,23.7,23.7,23.5,23.4,23.5,23.8,24.1,24.3,24.5,24.4,24.5,24.5,24.4,24.6,24.6,24.7,24.6,24.8,24.5,24.4,24.2,24.1,24.1,24.1,24.0,23.9,24.0,24.0,24.1,24.0,24.3,24.1,24.1,24.0,24.0,24.0,24.2,24.3,24.4,24.4,24.6,24.8,24.8,24.7,24.6,24.6,24.6,24.6,24.4,24.5,24.3,24.5,24.5,24.5,24.5,24.7,24.8,24.8,24.9,24.9,24.9,24.8,24.8,24.9,24.8,24.9,24.8,24.9,24.8,24.9,24.9,24.8,24.7,24.7,24.6,24.6,24.8,24.6,24.4,24.4,24.2,23.9,23.7,23.7,23.8,23.7,23.8,23.9,23.7,23.8,23.9,23.7,23.9,23.8,23.9,23.8,23.8,23.8,24.0,24.0,23.8,23.9,24.0,23.8,23.8,23.9,23.9,23.8,23.8,23.8,24.0,23.7,24.0,24.0,23.9
158,24.4,24.4,24.5,24.4,24.5,24.4,24.5,24.4,24.4,24.4,24.4,24.3,24.5,24.5,24.4,24.5,24.5,24.4,24.5,24.6,24.6,24.7,24.6,24.8,24.7,24.6,24.6,24.6,24.5,24.5,24.6,24.6,24.7,24.7,24.7,24.6,24.6,24.6,24.6,24.5,24.6,24.6,24.6,24.6,24.6,24.6,24.6,24.6,24.8,25.1,25.6,25.9,26.2,26.0,25.5,24.9,24.6,24.4,24.3,24.2,24.2,24.2,24.3,24.2,24.0,24.2,24.0,24.1,24.1,24.1,24.1,24.2,24.0,24.2,24.0,24.0,23.8,23.7,23.6,23.3,23.4,23.6,23.9,23.9,24.2,24.4,24.4,24.4,24.3,24.4,24.5,24.6,24.6,24.7,24.5,24.5,24.2,24.0,24.0,23.8,23.8,23.7,23.6,23.5,23.7,23.7,23.7,23.8,23.8,23.7,23.7,23.5,23.5,23.6,23.7,24.0,24.3,24.4,24.9,24.9,24.9,24.7,24.6,24.6,24.5,24.5,24.5,24.5,24.5,24.5,24.6,24.9,24.7,25.1,25.2,25.4,25.3,25.2,25.3,25.3,25.4,25.4,25.2,25.4,25.2,25.2,25.4,25.4,25.3,25.2,25.3,25.5,25.4,25.3,25.1,25.0,24.7,24.3,24.1,23.9,23.9,23.7,23.9,23.8,24.0,24.1,23.9,24.0,23.8,23.9,23.8,24.0,23.9,23.9,24.0,23.9,23.9,23.9,23.8,23.9,24.0,23.8,23.8,23.9,23.9,23.9,23.8,24.0,24.0,23.8,23.7,23.9
159,24.5,24.4,24.5,24.4,24.4,24.4,24.2,24.4,24.5,24.6,24.4,24.5,24.5,24.5,24.5,24.6,24.6,24.4,24.4,24.5,24.7,24.5,24.6,24.7,24.6,24.6,24.6,24.6,24.6,24.6,24.5,24.6,24.7,24.6,24.7,24.7,24.6,24.6,24.5,24.6,24.6,24.6,24.6,24.6,24.4,24.5,24.5,24.7,24.8,25.3,25.5,25.9,26.3,26.3,25.6,25.0,24.5,24.3,24.3,24.3,24.2,24.2,24.1,24.2,24.2,24.1,24.1,24.2,24.1,24.2,24.1,24.2,24.1,24.0,24.0,24.0,23.9,23.7,23.7,23.7,23.4,23.6,24.0,24.0,24.3,24.4,24.4,24.4,24.4,24.4,24.4,24.5,24.7,24.7,24.6,24.4,24.1,24.0,23.7,23.8,23.6,23.5,23.6,23.5,23.4,23.5,23.4,23.5,23.5,23.5,23.3,23.3,23.3,23.4,23.6,24.0,24.4,24.9,25.2,25.0,24.8,24.6,24.6,24.4,24.4,24.4,24.4,24.4,24.5,24.6,24.6,25.0,25.1,25.3,25.5,25.5,25.7,25.6,25.6,25.7,25.6,25.6,25.8,25.7,25.8,25.6,25.7,25.6,25.7,25.7,25.7,25.6,25.7,25.5,25.5,25.5,25.1,24.7,24.2,24.0,23.8,23.7,23.7,23.8,23.9,23.9,24.0,24.0,23.8,24.0,23.8,23.9,23.9,23.8,23.8,23.9,23.8,23.8,23.9,23.9,23.9,23.8,23.8,23.8,23.8,23.9,23.9,24.0,23.7,23.8,23.8,23.8
160,24.4,24.4,24.4,24.5,24.6,24.5,24.5,24.5,24.4,24.5,24.6,24.5,24.5,24.5,24.6,24.5,24.6,24.7,24.6,24.5,24.5,24.7,24.7,24.6,24.6,24.6,24.6,24.5,24.6,24.4,24.6,24.7,24.6,24.5,24.7,24.7,24.6,24.6,24.6,24.6,24.5,24.5,24.7,24.6,24.7,24.6,24.6,24.7,24.7,25.3,25.7,25.9,26.4,26.5,25.9,25.0,24.6,24.3,24.2,24.0,24.3,24.3,24.1,24.2,24.1,24.2,24.1,24.1,24.1,24.2,24.2,24.1,24.1,24.1,24.1,24.0,24.0,23.8,23.6,23.5,23.5,23.9,24.2,24.5,24.5,24.5,24.5,24.4,24.4,24.5,24.5,24.5,24.7,24.6,24.7,24.4,24.1,23.7,23.7,23.5,23.4,23.4,23.3,23.2,23.4,23.4,23.3,23.3,23.2,23.2,23.1,23.0,23.1,23.1,23.5,24.3,24.7,25.2,25.6,25.3,25.1,25.1,24.7,24.5,24.4,24.5,24.3,24.4,24.5,24.6,24.7,24.8,25.1,25.6,25.7,25.8,25.9,25.9,26.1,26.1,25.9,26.0,26.0,25.9,26.0,25.9,26.1,25.9,26.1,26.0,26.2,26.1,25.9,25.9,25.9,25.7,25.4,24.7,24.5,24.1,23.9,23.8,23.9,23.9,24.0,24.0,24.1,24.0,23.9,23.9,24.0,24.0,23.9,23.8,23.8,24.0,24.0,23.8,23.9,24.0,23.9,23.9,23.9,23.7,24.0,23.8,24.0,23.8,23.9,23.9,24.0,23.9
161,24.5,24.5,24.5,24.5,24.6,24.4,24.4,24.7,24.5,24.6,24.5,24.6,24.5,24.6,24.5,24.5,24.6,24.6,24.4,24.5,24.6,24.6,24.6,24.6,24.6,24.7,24.6,24.6,24.7,24.6,24.7,24.6,24.6,24.5,24.7,24.8,24.7,24.7,24.7,24.7,24.8,24.6,24.7,24.7,24.6,24.6,24.5,24.6,24.7,25.1,25.8,26.1,26.4,26.4,25.8,25.2,24.7,24.3,24.4,24.3,24.1,24.3,24.1,24.2,24.2,24.1,24.1,24.0,24.1,24.2,24.1,24.0,24.1,24.1,24.0,23.9,23.8,23.5,23.7,23.6,24.0,24.3,24.3,24.4,24.5,24.4,24.4,24.4,24.4,24.4,24.5,24.5,24.6,24.7,24.6,24.2,23.8,23.6,23.5,23.3,23.3,23.3,23.2,23.3,23.2,23.3,23.1,23.2,23.1,23.1,23.0,23.0,23.2,23.2,23.7,24.4,25.1,25.4,25.6,25.4,25.2,24.9,24.7,24.5,24.4,24.3,24.3,24.4,24.5,24.5,24.7,24.9,25.2,25.5,25.9,26.1,26.2,26.3,26.3,26.1,26.2,26.2,26.3,26.2,26.2,26.1,26.2,26.3,26.2,26.3,26.2,26.3,26.2,26.3,26.2,25.9,25.7,25.0,24.6,24.3,24.0,23.8,23.9,23.9,24.0,23.9,24.1,23.9,23.8,23.8,23.8,23.9,23.7,23.9,23.8,23.9,24.0,23.9,23.8,23.9,23.9,23.8,23.9,23.8,23.8,23.9,24.0,23.7,23.9,23.9,23.8,23.9
162,24.5,24.5,24.5,24.4,24.4,24.4,24.6,24.4,24.3,24.4,24.5,24.5,24.5,24.5,24.5,24.6,24.6,24.5,24.6,24.6,24.6,24.5,24.6,24.7,24.5,24.6,24.6,24.7,24.6,24.6,24.6,24.6,24.7,24.6,24.6,24.7,24.6,24.8,24.8,24.7,24.7,24.6,24.6,24.5,24.5,24.6,24.6,24.6,24.8,25.2,25.7,26.0,26.5,26.4,25.7,25.2,24.7,24.4,24.2,24.3,24.1,24.3,24.1,24.1,24.2,24.0,24.1,24.0,24.1,24.2,24.2,24.3,24.1,24.0,24.2,23.8,23.8,23.7,23.7,23.5,24.1,24.3,24.6,24.5,24.4,24.4,24.3,24.3,24.2,24.4,24.5,24.5,24.6,24.5,24.4,24.2,23.9,23.7,23.4,23.5,23.3,23.2,23.2,23.3,23.2,23.0,23.2,23.1,23.0,22.9,23.0,23.0,23.0,23.2,23.8,24.5,25.3,25.6,25.7,25.6,25.3,25.0,24.8,24.4,24.3,24.3,24.3,24.3,24.4,24.6,24.7,25.0,25.2,25.7,25.9,26.2,26.3,26.2,26.3,26.3,26.3,26.3,26.1,26.3,26.3,26.4,26.3,26.3,26.5,26.1,26.3,26.3,26.3,26.3,26.2,25.9,25.6,25.0,24.6,24.2,23.9,23.9,23.9,24.0,23.8,23.9,24.0,24.0,24.0,23.9,23.9,23.8,24.0,23.9,23.9,23.8,23.9,23.8,23.7,23.7,23.9,23.9,24.0,23.9,23.9,23.9,23.9,23.7,23.8,23.8,23.9,24.0
163,24.4,24.5,24.5,24.6,24.4,24.4,24.4,24.4,24.5,24.6,24.5,24.4,24.4,24.6,24.4,24.6,24.6,24.6,24.5,24.7,24.7,24.7,24.6,24.7,24.6,24.6,24.6,24.6,24.4,24.6,24.4,24.6,24.7,24.6,24.6,24.5,24.6,24.7,24.6,24.8,24.6,24.6,24.6,24.8,24.6,24.6,24.6,24.6,24.8,25.1,25.7,26.1,26.4,26.3,25.9,25.4,24.7,24.4,24.2,24.3,24.1,24.2,24.2,24.1,24.1,24.2,24.2,24.1,24.1,24.0,24.2,24.2,24.1,24.0,24.0,24.0,24.0,23.7,23.7,23.8,24.1,24.5,24.6,24.5,24.6,24.4,24.3,24.3,24.4,24.3,24.4,24.3,24.4,24.4,24.3,24.1,23.7,23.3,23.3,23.3,23.3,23.2,23.3,23.2,23.2,23.1,23.2,23.2,23.1,22.8,22.8,22.8,23.0,23.4,24.0,24.9,25.4,25.9,25.9,25.7,25.2,24.9,24.7,24.5,24.3,24.2,24.3,24.3,24.4,24.4,24.6,25.0,25.3,25.8,25.9,26.2,26.2,26.3,26.4,26.3,26.3,26.4,26.4,26.3,26.4,26.4,26.4,26.3,26.3,26.3,26.4,26.3,26.2,26.3,26.2,25.9,25.4,25.2,24.5,24.1,24.0,23.8,23.9,23.9,24.0,23.9,23.9,24.0,24.0,23.8,24.0,23.8,24.0,23.9,23.9,23.9,23.9,24.0,23.8,23.7,24.0,23.9,23.9,23.9,24.0,23.8,23.9,23.9,23.9,24.0,23.9,24.0
164,24.4,24.6,24.4,24.6,24.5,24.4,24.4,24.5,24.6,24.5,24.5,24.6,24.4,24.6,24.5,24.4,24.6,24.5,24.6,24.6,24.4,24.5,24.5,24.5,24.5,24.6,24.7,24.6,24.6,24.6,24.6,24.6,24.4,24.7,24.6,24.8,24.6,24.7,24.8,24.6,24.7,24.7,24.7,24.5,24.5,24.6,24.6,24.6,24.7,25.2,25.6,26.2,26.6,26.4,25.9,25.4,24.8,24.3,24.2,24.1,24.1,24.2,24.2,24.2,24.2,24.1,24.0,24.0,24.1,24.1,24.1,24.2,24.1,24.1,24.2,24.0,23.7,23.8,23.7,23.8,24.2,24.5,24.6,24.7,24.4,24.3,24.3,24.2,24.4,24.3,24.3,24.4,24.4,24.4,24.2,24.1,23.8,23.5,23.3,23.3,23.2,23.1,23.2,23.1,23.2,23.1,23.1,23.1,22.8,22.8,22.8,22.8,23.1,23.3,24.3,25.3,25.7,25.9,26.1,25.7,25.2,24.9,24.7,24.4,24.3,24.3,24.3,24.3,24.4,24.4,24.5,25.1,25.2,25.5,25.9,26.2,26.3,26.3,26.3,26.4,26.3,26.4,26.3,26.4,26.3,26.5,26.4,26.4,26.5,26.4,26.3,26.3,26.3,26.3,26.1,26.0,25.5,25.1,24.6,24.1,23.8,23.7,24.0,23.9,23.8,24.0,23.9,23.9,24.0,23.9,23.9,23.7,24.0,23.9,23.9,23.9,24.0,23.9,23.9,23.9,24.0,23.9,23.9,23.8,23.8,23.9,23.7,23.7,24.0,23.8,23.8,23.8
165,24.4,24.4,24.5,24.4,24.4,24.6,24.3,24.5,24.5,24.4,24.4,24.4,24.7,24.4,24.6,24.5,24.5,24.5,24.5,24.4,24.5,24.5,24.6,24.7,24.5,24.6,24.5,24.6,24.5,24.6,24.5,24.6,24.7,24.6,24.6,24.6,24.6,24.6,24.6,24.6,24.6,24.6,24.7,24.6,24.6,24.4,24.6,24.7,24.9,25.2,25.7,26.0,26.5,26.6,25.9,25.2,24.6,24.6,24.2,24.2,24.3,24.2,24.1,24.3,24.2,24.0,24.1,24.1,24.0,24.1,24.1,24.0,24.0,24.0,24.0,23.9,23.8,23.7,23.7,23.7,23.9,24.3,24.6,24.5,24.6,24.4,24.3,24.2,24.2,24.2,24.4,24.2,24.4,24.5,24.1,24.1,23.7,23.5,23.3,23.3,23.1,23.2,23.1,23.2,23.1,23.2,23.1,23.1,23.1,22.9,22.9,22.9,23.1,23.6,24.4,25.4,25.9,26.0,25.9,25.7,25.3,25.1,24.5,24.4,24.4,24.3,24.2,24.1,24.3,24.4,24.5,24.8,25.2,25.6,25.8,26.2,26.3,26.3,26.4,26.3,26.2,26.4,26.2,26.4,26.4,26.4,26.3,26.3,26.3,26.4,26.4,26.3,26.2,26.3,26.1,26.0,25.5,25.1,24.5,24.2,23.9,23.9,23.7,23.8,23.9,23.9,23.8,24.0,24.0,24.1,23.8,23.9,23.9,23.7,23.7,23.7,23.8,24.0,23.9,23.7,23.8,23.9,23.9,23.9,23.8,23.9,23.9,24.0,23.8,23.8,23.9,24.0
166,24.4,24.5,24.5,24.5,24.4,24.5,24.6,24.6,24.5,24.5,24.6,24.6,24.5,24.4,24.6,24.5,24.5,24.5,24.5,24.5,24.7,24.6,24.5,24.6,24.5,24.6,24.5,24.6,24.6,24.6,24.6,24.6,24.5,24.7,24.7,24.7,24.6,24.6,24.6,24.6,24.6,24.6,24.7,24.7,24.6,24.5,24.7,24.6,24.8,25.2,25.6,25.9,26.5,26.5,25.9,25.4,24.7,24.5,24.3,24.3,24.2,24.3,24.2,24.2,24.2,24.0,24.2,24.0,24.1,24.1,24.1,24.1,24.0,24.0,24.1,23.9,23.9,23.7,23.6,23.6,23.8,24.0,24.4,24.5,24.4,24.4,24.3,24.3,24.3,24.3,24.4,24.3,24.5,24.3,24.3,24.0,23.8,23.4,23.1,23.3,23.2,23.0,23.1,23.2,23.2,23.2,23.1,23.1,22.9,22.8,22.8,22.8,23.1,23.7,24.6,25.7,26.1,26.1,26.0,25.8,25.3,25.0,24.6,24.5,24.2,24.2,24.3,24.3,24.2,24.4,24.4,24.9,25.2,25.7,25.9,26.1,26.3,26.3,26.3,26.3,26.2,26.5,26.4,26.3,26.4,26.2,26.4,26.5,26.4,26.3,26.3,26.4,26.3,26.3,26.3,26.1,25.5,24.9,24.6,24.1,23.9,23.7,23.9,23.8,23.7,24.0,24.0,23.9,23.9,23.9,24.0,23.9,24.1,24.0,23.9,23.9,24.0,24.0,24.0,23.8,23.9,23.8,23.9,23.9,24.0,23.8,24.1,23.9,23.7,23.8,23.8,23.8
167,24.4,24.4,24.4,24.4,24.6,24.5,24.5,24.5,24.4,24.6,24.6,24.5,24.6,24.4,24.5,24.6,24.5,24.5,24.6,24.6,24.5,24.6,24.6,24.7,24.7,24.4,24.5,24.5,24.7,24.7,24.6,24.7,24.7,24.6,24.6,24.7,24.6,24.7,24.7,24.6,24.6,24.7,24.6,24.8,24.6,24.6,24.7,24.7,24.8,25.2,25.7,25.9,26.4,26.4,25.9,25.2,24.6,24.4,24.3,24.1,24.3,24.2,24.1,24.1,24.1,24.2,24.2,24.1,24.3,24.2,24.1,24.1,24.1,24.0,24.1,24.0,23.8,23.7,23.6,23.5,23.7,23.9,24.2,24.4,24.4,24.4,24.1,24.2,24.1,24.2,24.2,24.4,24.5,24.6,24.3,24.0,23.7,23.4,23.3,23.1,23.3,23.1,23.2,23.3,23.1,23.1,23.1,23.1,23.0,22.9,22.9,22.8,23.1,23.9,24.8,25.6,26.1,26.1,26.0,25.7,25.3,24.9,24.6,24.5,24.4,24.2,24.3,24.1,24.3,24.5,24.5,24.9,25.3,25.7,25.9,26.2,26.3,26.4,26.4,26.4,26.4,26.3,26.3,26.4,26.4,26.3,26.3,26.3,26.6,26.3,26.4,26.4,26.3,26.4,26.3,26.1,25.6,24.9,24.6,24.2,23.8,23.7,23.8,23.8,23.8,23.8,23.9,23.9,23.9,24.0,24.0,24.0,23.9,24.0,23.8,23.9,23.8,23.8,23.7,23.8,23.8,24.0,23.9,23.8,23.9,24.0,24.0,23.8,23.8,23.9,23.9,24.0
168,24.4,24.4,24.6,24.5,24.4,24.4,24.4,24.6,24.5,24.5,24.6,24.4,24.4,24.4,24.5,24.3,24.5,24.6,24.6,24.6,24.6,24.5,24.6,24.5,24.6,24.8,24.7,24.6,24.6,24.5,24.6,24.6,24.7,24.5,24.6,24.7,24.6,24.7,24.6,24.7,24.9,24.6,24.7,24.7,24.7,24.7,24.6,24.6,25.0,25.1,25.7,25.9,26.4,26.3,25.8,25.3,24.4,24.3,24.2,24.3,24.3,24.2,24.2,24.3,24.3,24.2,24.1,24.2,24.2,24.2,24.2,24.1,24.0,24.1,24.0,23.9,23.9,23.5,23.4,23.4,23.5,23.7,23.9,24.2,24.4,24.4,24.0,24.2,24.0,24.3,24.2,24.3,24.5,24.6,24.3,24.2,23.7,23.4,23.2,23.2,23.2,23.2,23.1,23.2,23.2,23.1,23.0,23.1,22.9,22.8,22.8,23.0,23.3,24.3,25.0,25.8,26.0,26.1,26.0,25.6,25.2,24.7,24.6,24.4,24.3,24.3,24.2,24.2,24.3,24.4,24.6,24.9,25.2,25.6,25.9,26.1,26.3,26.2,26.3,26.2,26.2,26.2,26.3,26.3,26.3,26.3,26.4,26.5,26.4,26.4,26.4,26.5,26.4,26.4,26.2,25.9,25.5,24.9,24.5,24.0,23.9,23.8,23.7,23.7,23.9,23.7,23.8,23.8,23.9,23.8,24.0,24.0,23.9,23.9,23.8,23.8,24.0,23.7,23.8,23.8,23.9,23.9,23.8,23.9,23.8,23.9,24.0,23.8,23.7,23.8,23.8,23.7
169,24.4,24.4,24.6,24.3,24.5,24.4,24.4,24.5,24.4,24.6,24.6,24.3,24.6,24.4,24.5,24.4,24.6,24.5,24.4,24.6,24.5,24.7,24.5,24.4,24.6,24.4,24.6,24.5,24.6,24.6,24.6,24.5,24.6,24.6,24.7,24.7,24.6,24.5,24.8,24.8,24.7,24.7,24.6,24.7,24.6,24.7,24.8,24.7,24.9,25.1,25.7,25.9,26.2,26.4,25.9,25.0,24.6,24.3,24.1,24.2,24.2,24.2,24.1,24.2,24.2,24.2,24.1,24.0,24.3,24.1,24.2,24.2,24.0,24.1,24.0,23.9,24.0,23.7,23.5,23.4,23.4,23.6,23.8,24.0,24.3,24.2,24.2,24.0,24.1,24.2,24.3,24.6,24.6,24.6,24.5,23.9,23.7,23.5,23.1,23.2,23.1,23.3,23.1,23.1,23.2,23.1,22.9,23.1,23.0,22.9,22.9,22.8,23.3,24.2,25.0,25.9,25.9,26.1,26.1,25.7,25.2,24.8,24.7,24.5,24.4,24.3,24.4,24.3,24.4,24.4,24.6,25.0,25.2,25.7,26.0,26.2,26.3,26.2,26.4,26.3,26.4,26.3,26.3,26.3,26.3,26.4,26.4,26.4,26.4,26.4,26.3,26.5,26.3,26.4,26.2,25.9,25.6,24.9,24.4,24.1,23.7,23.7,23.5,23.7,23.8,23.7,23.7,23.8,23.9,23.9,24.0,23.8,23.9,23.8,23.9,23.8,23.9,23.9,23.9,23.7,23.8,24.0,23.8,23.8,23.9,23.8,24.0,23.8,23.9,23.9,23.7,23.9
170,24.4,24.4,24.4,24.4,24.4,24.3,24.3,24.5,24.4,24.6,24.6,24.4,24.6,24.5,24.4,24.5,24.6,24.4,24.5,24.6,24.5,24.5,24.6,24.6,24.4,24.5,24.5,24.6,24.5,24.5,24.6,24.6,24.6,24.5,24.6,24.5,24.6,24.6,24.6,24.7,24.6,24.6,24.6,24.5,24.6,24.6,24.6,24.7,24.7,25.0,25.6,25.9,26.3,26.2,25.8,24.8,24.3,24.3,24.3,24.3,24.3,24.1,24.2,24.2,24.2,24.1,24.2,24.2,24.1,24.1,24.1,24.3,24.0,24.1,24.0,24.1,23.9,23.8,23.5,23.4,23.3,23.6,23.6,23.9,24.2,24.2,24.2,24.1,24.2,24.2,24.4,24.5,24.6,24.6,24.4,24.0,23.7,23.3,23.3,23.2,23.1,23.0,23.1,23.1,23.0,23.4,23.2,23.0,23.0,22.9,22.8,22.9,23.2,24.1,25.1,25.8,26.1,26.2,26.1,25.6,25.3,24.8,24.6,24.4,24.3,24.2,24.3,24.3,24.3,24.3,24.6,25.1,25.4,25.6,25.9,26.2,26.2,26.2,26.4,26.3,26.3,26.4,26.3,26.5,26.3,26.4,26.5,26.4,26.3,26.3,26.5,26.4,26.3,26.3,26.1,25.9,25.4,24.9,24.3,24.0,23.7,23.7,23.7,23.7,23.6,23.5,23.8,23.9,23.8,23.8,23.8,23.9,23.9,23.8,24.0,24.0,23.8,23.8,23.7,23.8,23.7,23.8,23.7,23.8,23.9,23.8,23.8,23.8,23.9,23.8,23.9,23.7
171,24.4,24.4,24.4,24.3,24.6,24.4,24.5,24.5,24.5,24.5,24.4,24.4,24.7,24.5,24.5,24.5,24.5,24.4,24.4,24.5,24.5,24.6,24.5,24.5,24.6,24.6,24.6,24.6,24.6,24.6,24.6,24.6,24.5,24.6,24.7,24.6,24.7,24.6,24.7,24.7,24.6,24.7,24.7,24.8,24.7,24.6,24.7,24.8,24.8,25.2,25.5,25.8,26.2,26.1,25.6,24.7,24.4,24.4,24.3,24.3,24.1,24.2,24.2,24.2,24.0,24.0,24.2,24.1,24.2,24.1,24.2,24.1,24.2,23.9,24.0,24.0,23.9,23.6,23.5,23.4,23.3,23.5,23.7,23.8,24.0,24.1,24.1,24.1,24.2,24.2,24.3,24.5,24.6,24.7,24.3,24.2,23.6,23.4,23.3,23.1,23.1,23.1,23.2,23.2,23.1,23.0,23.1,22.9,23.0,22.7,23.0,22.9,23.4,24.2,25.1,25.9,26.1,26.1,25.9,25.6,25.3,24.8,24.5,24.3,24.3,24.3,24.2,24.3,24.5,24.5,24.8,24.9,25.4,25.6,26.1,26.2,26.4,26.3,26.4,26.3,26.4,26.5,26.3,26.4,26.4,26.3,26.4,26.4,26.4,26.6,26.4,26.4,26.4,26.4,26.3,26.1,25.5,25.0,24.4,24.1,23.7,23.8,23.8,23.8,23.7,23.7,23.8,23.8,23.8,23.8,23.8,24.0,24.0,23.9,23.9,23.9,24.0,24.0,23.9,23.9,23.8,24.0,23.9,23.8,24.1,23.9,24.0,23.7,23.9,23.9,23.9,23.9
172,24.5,24.4,24.4,24.3,24.4,24.5,24.4,24.6,24.5,24.6,24.5,24.4,24.4,24.3,24.5,24.4,24.5,24.6,24.5,24.6,24.6,24.6,24.6,24.5,24.6,24.4,24.8,24.6,24.6,24.6,24.6,24.7,24.7,24.6,24.6,24.6,24.7,24.7,24.6,24.7,24.7,24.6,24.6,24.7,24.7,24.6,24.7,24.8,25.0,25.1,25.4,25.8,26.1,26.0,25.2,24.5,24.4,24.4,24.2,24.3,24.2,24.2,24.1,24.2,24.2,24.1,24.0,24.2,24.1,24.2,24.1,24.1,24.1,24.2,24.2,23.9,23.8,23.7,23.7,23.4,23.4,23.4,23.8,23.9,24.1,24.2,24.2,24.2,24.2,24.3,24.3,24.5,24.7,24.5,24.4,24.0,23.6,23.3,23.2,23.1,23.2,23.1,23.1,23.2,23.2,23.1,23.0,23.0,22.9,22.8,22.9,23.0,23.5,24.2,25.3,25.9,26.2,26.2,26.0,25.8,25.3,24.9,24.5,24.4,24.2,24.3,24.2,24.3,24.4,24.4,24.7,25.0,25.5,25.8,25.9,26.3,26.3,26.4,26.3,26.3,26.2,26.4,26.3,26.4,26.3,26.4,26.4,26.5,26.3,26.4,26.4,26.3,26.3,26.4,26.2,25.9,25.4,24.9,24.4,24.2,23.8,23.7,23.8,23.8,23.8,23.8,23.7,23.8,23.7,23.8,23.9,23.8,23.9,23.9,23.8,23.8,23.9,23.9,23.7,23.8,24.0,24.0,23.9,23.8,23.9,23.9,23.8,23.9,23.9,23.7,23.9,23.9
173,24.5,24.5,24.6,24.4,24.5,24.4,24.5,24.5,24.4,24.4,24.5,24.5,24.5,24.5,24.5,24.4,24.5,24.5,24.7,24.5,24.5,24.6,24.6,24.4,24.6,24.7,24.6,24.6,24.6,24.6,24.7,24.6,24.6,24.6,24.7,24.7,24.6,24.9,24.6,24.7,24.7,24.8,24.6,24.7,24.8,24.8,24.8,24.6,24.8,25.1,25.5,25.7,26.0,25.7,25.1,24.3,24.5,24.4,24.3,24.3,24.2,24.4,24.2,24.3,24.2,24.1,24.1,24.3,24.1,24.2,24.3,24.1,24.3,24.0,24.0,24.0,24.0,23.7,23.5,23.3,23.3,23.5,23.7,23.9,24.1,24.1,24.3,24.1,24.3,24.3,24.3,24.4,24.4,24.4,24.3,24.0,23.6,23.3,23.2,23.1,23.2,23.0,23.2,23.3,23.1,23.2,23.1,23.1,22.9,22.9,22.8,22.9,23.7,24.4,25.2,25.9,26.0,26.1,25.9,25.6,25.3,24.7,24.6,24.3,24.3,24.3,24.3,24.3,24.3,24.5,24.7,25.0,25.5,25.7,25.9,26.1,26.3,26.4,26.5,26.3,26.3,26.3,26.3,26.3,26.3,26.4,26.5,26.4,26.5,26.3,26.3,26.5,26.3,26.4,26.1,25.9,25.4,24.9,24.4,24.0,23.9,23.6,23.7,23.7,23.8,23.7,23.8,23.6,23.8,23.9,23.8,23.8,23.8,24.0,23.8,23.9,24.0,23.9,23.9,23.7,24.0,23.9,24.0,23.9,23.9,23.8,24.0,23.9,23.9,23.7,23.9,23.9
174,24.5,24.4,24.4,24.5,24.5,24.4,24.6,24.6,24.4,24.6,24.5,24.6,24.7,24.4,24.5,24.5,24.5,24.4,24.4,24.4,24.6,24.6,24.4,24.6,24.5,24.4,24.7,24.6,24.7,24.7,24.5,24.6,24.6,24.7,24.6,24.7,24.6,24.8,24.8,24.8,24.8,24.6,24.8,24.8,24.7,24.7,24.7,24.6,24.8,25.1,25.2,25.5,25.9,25.6,24.7,24.4,24.5,24.4,24.3,24.2,24.2,24.3,24.2,24.3,24.1,24.2,24.3,24.1,24.2,24.1,24.3,24.2,24.0,24.1,24.2,24.0,23.8,23.7,23.5,23.3,23.3,23.5,23.7,23.8,24.0,24.3,24.2,24.2,24.2,24.3,24.3,24.3,24.5,24.4,24.2,23.9,23.7,23.4,23.1,23.3,23.1,23.0,23.2,23.2,23.2,23.1,23.1,22.8,22.9,22.9,23.0,23.1,23.8,24.5,25.2,25.9,26.0,26.2,26.1,25.7,25.3,25.0,24.5,24.5,24.4,24.3,24.3,24.3,24.3,24.4,24.7,24.9,25.4,25.7,25.9,26.1,26.3,26.3,26.4,26.4,26.4,26.4,26.4,26.4,26.4,26.5,26.6,26.3,26.4,26.4,26.4,26.3,26.2,26.3,26.1,26.0,25.5,24.8,24.3,24.1,23.7,23.8,23.8,23.7,23.7,23.8,23.7,23.8,23.9,23.8,23.8,24.0,24.0,24.0,23.8,23.9,23.9,23.9,23.9,23.9,24.0,24.0,24.0,24.0,24.1,23.9,24.0,23.9,23.8,23.6,24.1,23.8
175,24.4,24.4,24.4,24.4,24.4,24.5,24.4,24.5,24.4,24.4,24.5,24.5,24.6,24.6,24.5,24.5,24.8,24.6,24.5,24.6,24.6,24.6,24.4,24.4,24.5,24.6,24.7,24.7,24.5,24.6,24.5,24.6,24.5,24.6,24.7,24.7,24.6,24.6,24.9,24.8,24.6,24.8,24.7,24.8,24.8,24.7,24.6,24.7,24.9,25.1,25.4,25.5,25.7,25.4,24.7,24.2,24.4,24.4,24.2,24.3,24.1,24.3,24.1,24.4,24.2,24.2,24.2,24.2,24.2,24.4,24.2,24.2,24.1,24.0,24.1,24.1,23.9,23.7,23.6,23.3,23.3,23.4,23.7,23.8,23.9,24.3,24.2,24.2,24.3,24.1,24.3,24.4,24.4,24.4,24.3,24.0,23.6,23.3,23.2,23.3,23.2,23.3,23.3,23.3,23.3,23.3,23.1,23.0,23.0,22.9,23.0,23.3,24.0,24.6,25.2,25.8,26.1,26.2,26.1,25.6,25.2,25.0,24.5,24.5,24.4,24.4,24.2,24.3,24.4,24.4,24.7,25.1,25.4,25.7,26.0,26.2,26.3,26.3,26.4,26.3,26.4,26.4,26.4,26.4,26.5,26.5,26.4,26.6,26.4,26.3,26.3,26.3,26.3,26.4,26.3,26.1,25.4,24.8,24.3,24.0,23.8,24.0,23.8,23.5,23.9,23.7,23.9,23.8,23.7,23.8,23.9,23.8,23.7,23.9,23.7,23.7,23.8,23.9,23.8,24.0,23.9,24.0,23.8,23.9,23.7,23.8,24.0,23.7,24.0,23.9,23.8,23.8
176,24.6,24.4,24.4,24.5,24.4,24.6,24.6,24.5,24.5,24.5,24.5,24.6,24.7,24.5,24.4,24.5,24.5,24.5,24.5,24.5,24.6,24.5,24.6,24.5,24.7,24.5,24.7,24.6,24.7,24.5,24.6,24.6,24.6,24.6,24.6,24.6,24.6,24.7,24.7,24.6,24.9,24.7,24.8,24.9,24.7,24.7,24.7,24.7,25.0,25.1,25.3,25.6,25.9,25.4,24.8,24.3,24.3,24.4,24.1,24.3,24.2,24.4,24.2,24.3,24.3,24.2,24.2,24.0,24.2,24.2,24.3,24.2,24.3,24.1,24.1,24.1,23.8,23.7,23.7,23.4,23.3,23.4,23.4,23.9,24.0,24.2,24.3,24.2,24.3,24.2,24.3,24.2,24.4,24.4,24.2,24.0,23.5,23.4,23.3,23.3,23.3,23.2,23.3,23.1,23.3,23.1,23.1,23.1,23.0,23.1,23.3,23.6,24.1,24.6,25.2,25.9,26.2,26.0,25.9,25.6,25.2,25.1,24.7,24.4,24.3,24.2,24.3,24.4,24.4,24.5,24.7,25.1,25.5,25.7,26.0,26.2,26.3,26.3,26.3,26.4,26.3,26.5,26.5,26.4,26.4,26.5,26.5,26.4,26.4,26.2,26.4,26.4,26.3,26.3,26.1,26.0,25.5,25.0,24.4,24.1,23.8,23.8,23.7,23.9,24.0,23.9,24.1,23.7,24.0,24.0,23.8,23.8,23.9,24.0,24.0,24.0,24.1,23.9,23.9,23.9,23.8,24.0,24.0,23.8,23.9,23.7,23.9,23.9,23.7,23.9,24.0,23.9
177,24.4,24.4,24.6,24.4,24.4,24.5,24.5,24.4,24.5,24.5,24.5,24.5,24.4,24.4,24.4,24.5,24.5,24.6,24.6,24.6,24.5,24.6,24.4,24.6,24.6,24.5,24.6,24.6,24.8,24.4,24.6,24.5,24.6,24.5,24.5,24.7,24.7,24.7,24.7,24.8,24.7,24.8,24.7,24.7,24.8,24.7,24.8,24.8,24.8,25.1,25.1,25.6,25.6,25.4,24.7,24.4,24.5,24.4,24.3,24.3,24.3,24.4,24.3,24.4,24.2,24.2,24.2,24.3,24.1,24.3,24.2,24.1,24.2,24.0,24.2,24.0,24.0,23.7,23.7,23.2,23.2,23.4,23.4,23.8,24.1,24.3,24.2,24.3,24.2,24.1,24.2,24.3,24.4,24.4,24.2,24.0,23.8,23.4,23.3,23.4,23.4,23.4,23.3,23.3,23.4,23.2,23.1,23.0,22.9,23.2,23.2,23.7,24.2,24.6,25.1,25.7,25.9,25.9,25.9,25.5,25.2,24.9,24.5,24.4,24.4,24.3,24.2,24.4,24.3,24.4,24.7,25.0,25.4,25.7,26.1,26.1,26.3,26.3,26.5,26.3,26.3,26.4,26.3,26.4,26.4,26.4,26.4,26.4,26.4,26.4,26.4,26.4,26.4,26.4,26.3,26.1,25.4,24.7,24.4,24.2,23.9,23.8,23.9,24.0,23.9,23.9,23.8,23.9,23.9,24.0,23.9,24.0,23.8,23.8,23.8,24.0,23.8,23.9,23.9,23.7,23.9,23.8,23.8,23.8,24.0,23.8,23.9,23.9,24.0,23.7,23.8,24.0
178,24.4,24.5,24.5,24.6,24.7,24.5,24.5,24.4,24.5,24.5,24.5,24.4,24.4,24.4,24.6,24.5,24.6,24.6,24.6,24.6,24.6,24.6,24.5,24.6,24.6,24.6,24.6,24.5,24.7,24.7,24.6,24.5,24.7,24.7,24.7,24.7,24.7,24.6,24.9,24.8,24.8,24.9,24.7,24.8,24.7,24.7,24.7,24.7,24.9,25.1,25.4,25.5,25.7,25.4,24.6,24.3,24.5,24.6,24.3,24.5,24.2,24.3,24.3,24.2,24.3,24.2,24.3,24.3,24.3,24.3,24.3,24.2,24.2,24.2,24.0,24.1,24.0,23.7,23.4,23.3,23.3,23.5,23.5,23.7,23.9,24.0,24.0,24.0,24.1,24.1,24.1,24.4,24.5,24.4,24.3,24.0,23.8,23.6,23.5,23.5,23.5,23.3,23.5,23.4,23.3,23.3,23.2,23.4,23.1,23.4,23.5,24.0,24.4,24.5,25.1,25.4,25.6,25.7,25.8,25.5,25.1,24.9,24.5,24.4,24.3,24.4,24.4,24.4,24.3,24.4,24.8,25.0,25.5,25.7,25.9,26.1,26.1,26.2,26.3,26.4,26.4,26.4,26.4,26.4,26.3,26.3,26.4,26.3,26.3,26.3,26.4,26.3,26.3,26.3,26.1,25.8,25.3,24.9,24.5,24.2,24.0,24.0,24.0,24.0,24.2,24.1,24.0,24.0,24.1,24.1,23.9,24.0,23.9,24.1,24.1,23.8,23.8,23.9,23.9,24.0,24.0,23.8,24.0,23.9,23.9,23.9,23.9,23.9,24.0,23.7,24.0,23.9
179,24.5,24.4,24.5,24.3,24.4,24.4,24.4,24.4,24.4,24.8,24.5,24.5,24.4,24.5,24.6,24.6,24.5,24.6,24.6,24.6,24.6,24.6,24.5,24.5,24.7,24.6,24.6,24.6,24.5,24.5,24.6,24.6,24.6,24.6,24.7,24.8,24.6,24.7,24.8,24.7,24.7,24.7,24.7,24.8,24.7,24.8,24.8,24.7,24.8,25.0,25.3,25.4,25.6,25.3,24.6,24.4,24.3,24.4,24.2,24.3,24.3,24.3,24.3,24.3,24.3,24.2,24.2,24.3,24.2,24.3,24.2,24.1,24.2,24.1,24.1,23.9,23.9,23.7,23.5,23.4,23.3,23.2,23.5,23.7,23.9,24.1,24.0,24.1,24.3,24.2,24.2,24.2,24.4,24.3,24.3,24.2,23.7,23.6,23.6,23.5,23.5,23.6,23.5,23.4,23.5,23.5,23.5,23.3,23.5,23.6,23.8,24.2,24.6,24.7,24.7,25.2,25.5,25.7,25.7,25.3,25.0,24.8,24.6,24.4,24.4,24.3,24.3,24.2,24.3,24.4,24.6,25.1,25.4,25.7,25.7,25.9,26.1,26.3,26.4,26.4,26.1,26.1,26.2,26.3,26.4,26.3,26.0,26.1,26.3,26.2,26.4,26.3,26.1,26.0,26.0,25.9,25.4,24.9,24.6,24.3,24.1,24.0,24.0,24.1,24.0,24.2,24.2,24.2,24.2,24.1,24.0,24.0,23.9,24.0,23.9,23.9,24.0,24.0,23.9,23.9,24.0,23.9,23.8,23.7,23.9,23.9,24.0,24.0,23.7,23.9,23.8,23.9
180,24.4,24.5,24.5,24.4,24.4,24.5,24.4,24.5,24.6,24.6,24.6,24.6,24.6,24.6,24.6,24.6,24.6,24.6,24.7,24.6,24.6,24.5,24.5,24.5,24.7,24.6,24.7,24.6,24.6,24.7,24.6,24.6,24.7,24.7,24.7,24.8,24.7,24.7,24.8,24.8,24.8,24.8,24.7,24.6,24.8,24.8,24.8,24.7,24.9,25.2,25.4,25.4,25.7,25.0,24.6,24.7,24.6,24.5,24.5,24.4,24.3,24.4,24.4,24.3,24.4,24.3,24.3,24.3,24.3,24.3,24.2,24.3,24.3,24.2,24.2,24.0,24.1,23.7,23.6,23.3,23.3,23.4,23.5,23.7,23.9,24.1,24.1,24.0,24.1,24.1,24.3,24.4,24.4,24.4,24.3,24.1,23.8,23.8,23.6,23.5,23.6,23.4,23.5,23.5,23.5,23.7,23.7,23.6,23.7,23.9,23.7,24.1,24.3,24.5,24.6,25.0,25.3,25.7,25.7,25.5,25.2,24.7,24.4,24.4,24.4,24.3,24.4,24.3,24.4,24.5,24.9,25.1,25.5,25.5,25.6,25.8,26.0,26.1,26.3,26.1,25.9,25.9,26.1,26.2,26.3,26.2,26.2,26.0,26.1,26.3,26.3,26.1,25.8,25.8,25.9,25.8,25.2,24.9,24.6,24.4,24.2,24.3,24.2,24.2,24.3,24.4,24.2,24.2,24.2,24.3,24.1,24.0,24.1,24.0,24.1,24.0,24.0,23.9,24.0,24.0,24.1,24.0,23.9,23.9,24.2,24.0,23.9,23.9,23.9,24.0,23.9,23.7
181,24.4,24.4,24.5,24.4,24.6,24.4,24.4,24.5,24.4,24.7,24.5,24.3,24.6,24.5,24.6,24.6,24.5,24.5,24.5,24.6,24.5,24.5,24.5,24.6,24.4,24.4,24.6,24.6,24.5,24.6,24.4,24.6,24.7,24.6,24.6,24.7,24.7,24.5,24.8,24.8,24.7,24.8,24.6,24.7,24.7,24.9,24.9,24.8,24.9,24.9,25.4,25.4,25.2,24.9,24.8,24.6,24.6,24.5,24.4,24.3,24.2,24.3,24.3,24.3,24.3,24.3,24.2,24.4,24.2,24.3,24.2,24.2,24.1,24.1,24.1,24.0,23.9,23.7,23.5,23.3,23.3,23.4,23.5,23.7,23.9,24.0,24.1,24.1,24.2,24.0,24.2,24.3,24.4,24.4,24.3,24.1,23.7,23.6,23.7,23.4,23.5,23.5,23.5,23.7,23.6,23.8,23.7,24.0,24.1,24.0,24.1,24.1,24.2,24.4,24.5,24.8,25.2,25.5,25.4,25.4,25.2,24.7,24.4,24.4,24.3,24.3,24.3,24.4,24.4,24.4,24.6,24.9,25.4,25.6,25.6,25.7,26.1,26.1,26.1,26.1,25.8,25.7,26.1,26.1,26.2,26.2,25.9,25.9,26.0,25.9,26.1,26.1,25.7,25.8,25.8,25.7,25.2,24.9,24.6,24.4,24.3,24.2,24.3,24.3,24.3,24.3,24.3,24.2,24.2,24.2,24.2,24.1,24.0,24.0,23.9,24.0,24.0,23.9,24.0,23.8,23.9,24.0,23.8,23.8,23.9,23.9,23.7,23.9,23.8,23.7,23.9,23.8
182,24.4,24.4,24.4,24.5,24.4,24.4,24.6,24.5,24.5,24.4,24.5,24.5,24.4,24.6,24.6,24.5,24.6,24.5,24.4,24.5,24.6,24.4,24.6,24.6,24.5,24.5,24.5,24.6,24.6,24.5,24.5,24.7,24.6,24.6,24.6,24.8,24.7,24.8,24.8,24.7,24.8,24.8,24.9,24.7,24.7,24.8,24.8,24.8,24.9,25.1,25.3,25.4,25.4,25.1,25.1,24.8,24.7,24.5,24.3,24.4,24.3,24.2,24.3,24.4,24.3,24.2,24.3,24.3,24.3,24.3,24.3,24.3,24.3,24.1,24.2,24.3,23.8,23.8,23.5,23.3,23.3,23.3,23.5,23.7,23.9,24.1,24.1,24.0,24.1,24.0,24.2,24.3,24.3,24.4,24.1,24.0,23.8,23.7,23.6,23.7,23.5,23.4,23.5,23.6,23.7,23.9,23.9,24.2,24.3,24.3,24.2,24.2,24.4,24.4,24.4,24.6,25.1,25.3,25.6,25.3,25.0,24.7,24.5,24.4,24.3,24.3,24.2,24.1,24.2,24.4,24.7,25.0,25.3,25.4,25.2,25.7,26.0,26.1,26.2,25.7,25.6,25.8,26.1,26.2,26.2,26.3,25.9,25.7,25.9,26.1,26.2,25.9,25.8,25.8,25.9,25.7,25.2,24.9,24.7,24.4,24.3,24.4,24.4,24.3,24.5,24.5,24.3,24.3,24.4,24.2,24.2,24.1,24.1,24.0,23.9,24.0,23.9,24.0,23.8,23.7,24.0,24.0,23.9,23.9,23.8,23.9,24.0,23.8,23.8,23.9,24.0,23.9
183,24.3,24.3,24.4,24.4,24.4,24.4,24.4,24.4,24.3,24.4,24.4,24.5,24.4,24.6,24.6,24.6,24.6,24.5,24.5,24.6,24.6,24.4,24.5,24.7,24.6,24.5,24.6,24.7,24.6,24.6,24.6,24.6,24.6,24.7,24.7,24.8,24.6,24.8,24.7,24.8,24.7,24.8,24.6,24.7,24.7,24.8,24.8,24.7,24.9,24.9,25.3,25.2,25.4,25.3,25.1,24.8,24.7,24.4,24.4,24.4,24.3,24.4,24.3,24.3,24.2,24.3,24.3,24.2,24.3,24.3,24.3,24.4,24.3,24.2,24.2,24.0,23.9,23.6,23.5,23.3,23.3,23.3,23.5,23.7,24.0,24.0,23.9,24.0,23.9,24.1,24.3,24.1,24.3,24.4,24.2,24.0,23.7,23.7,23.7,23.7,23.7,23.8,23.7,23.8,23.9,23.9,24.0,24.3,24.5,24.6,24.4,24.3,24.3,24.4,24.4,24.6,25.1,25.4,25.4,25.4,25.0,24.6,24.4,24.3,24.2,24.2,24.3,24.1,24.3,24.4,24.7,25.0,25.4,25.5,25.4,25.5,25.8,26.0,25.9,25.7,25.7,25.8,25.8,26.0,26.1,26.3,25.9,25.7,25.8,25.9,25.9,25.9,25.7,25.7,25.8,25.6,25.2,25.1,24.8,24.6,24.6,24.4,24.5,24.4,24.5,24.4,24.4,24.4,24.3,24.3,24.2,24.1,24.1,24.0,24.0,24.0,24.1,23.9,23.9,24.0,24.0,24.0,24.0,23.9,23.8,23.9,23.7,23.8,23.9,23.8,23.8,24.0
184,24.4,24.4,24.3,24.4,24.4,24.4,24.5,24.5,24.3,24.4,24.7,24.5,24.5,24.6,24.5,24.4,24.5,24.4,24.4,24.4,24.4,24.4,24.6,24.6,24.6,24.4,24.5,24.5,24.6,24.5,24.6,24.5,24.6,24.5,24.5,24.6,24.6,24.7,24.8,24.7,24.7,24.8,24.7,24.8,24.7,24.8,24.8,24.7,24.8,25.0,25.1,25.1,25.3,25.2,25.1,24.9,24.5,24.4,24.3,24.4,24.4,24.2,24.4,24.4,24.2,24.2,24.3,24.3,24.3,24.3,24.2,24.2,24.3,24.2,24.3,24.0,24.0,23.6,23.4,23.2,23.3,23.3,23.4,23.7,23.9,24.0,24.0,24.0,24.1,23.9,24.2,24.1,24.3,24.2,24.2,23.9,23.7,23.7,23.7,23.9,23.8,23.7,23.8,23.7,23.7,23.8,23.9,24.2,24.5,24.4,24.5,24.3,24.4,24.4,24.4,24.7,25.1,25.3,25.5,25.1,24.9,24.5,24.2,24.1,23.9,24.0,24.0,24.1,24.3,24.4,24.7,25.0,25.4,25.4,25.4,25.6,25.8,25.9,25.9,25.6,25.6,25.8,25.9,26.1,26.1,26.2,25.8,25.9,25.9,25.8,26.1,25.7,25.6,25.7,25.8,25.6,25.1,25.1,24.7,24.7,24.6,24.6,24.6,24.6,24.4,24.6,24.5,24.5,24.4,24.4,24.3,24.0,24.1,24.2,24.0,24.0,23.9,24.0,24.0,23.8,23.9,23.9,23.7,23.7,24.0,23.9,23.9,24.0,23.9,23.9,23.9,23.9
185,24.4,24.3,24.4,24.4,24.4,24.4,24.3,24.4,24.5,24.6,24.5,24.4,24.4,24.3,24.5,24.6,24.6,24.5,24.6,24.4,24.7,24.4,24.5,24.6,24.6,24.5,24.6,24.6,24.6,24.4,24.6,24.6,24.4,24.7,24.7,24.8,24.6,24.7,24.6,24.7,24.7,24.7,24.9,24.8,24.5,24.7,24.7,24.7,24.9,25.1,25.2,25.1,25.1,25.0,25.2,24.9,24.6,24.5,24.3,24.3,24.4,24.3,24.3,24.3,24.3,24.2,24.3,24.4,24.3,24.3,24.1,24.3,24.2,24.2,24.1,24.0,23.9,23.7,23.4,23.2,23.2,23.2,23.5,23.7,23.8,24.0,24.0,24.0,24.0,24.0,24.0,24.1,24.4,24.2,24.1,24.0,23.7,23.7,23.9,23.8,23.9,23.9,24.0,23.9,23.9,24.0,24.1,24.2,24.4,24.8,24.6,24.5,24.5,24.5,24.4,24.8,25.1,25.3,25.5,25.2,24.7,24.6,24.3,24.0,23.8,24.0,24.0,24.0,24.0,24.3,24.6,25.1,25.5,25.4,25.4,25.5,25.7,25.8,25.8,25.6,25.5,25.8,25.9,26.1,26.2,26.2,25.9,25.6,25.9,25.9,25.9,25.7,25.4,25.6,25.6,25.8,25.4,25.1,24.9,24.9,24.6,24.7,24.6,24.6,24.6,24.5,24.6,24.4,24.4,24.2,24.2,24.3,24.0,24.0,24.0,23.9,24.0,24.1,23.9,23.9,23.8,23.9,24.0,24.0,23.7,24.0,23.9,23.8,23.7,23.9,23.8,23.7
186,24.4,24.3,24.4,24.6,24.4,24.4,24.4,24.5,24.4,24.3,24.6,24.4,24.4,24.4,24.4,24.3,24.4,24.4,24.4,24.5,24.5,24.4,24.4,24.6,24.4,24.8,24.5,24.6,24.4,24.6,24.5,24.4,24.6,24.4,24.5,24.6,24.7,24.6,24.7,24.7,24.6,24.6,24.6,24.6,24.7,24.6,24.7,24.8,24.9,24.9,25.0,25.1,25.0,25.0,25.1,24.7,24.5,24.5,24.5,24.5,24.4,24.3,24.4,24.4,24.3,24.3,24.2,24.2,24.3,24.3,24.3,24.1,24.0,24.3,24.1,24.0,24.0,23.7,23.4,23.2,23.2,23.3,23.4,23.6,23.8,23.9,23.9,24.0,24.0,23.9,24.0,24.1,24.2,24.2,24.0,24.0,23.7,23.5,23.7,23.8,23.8,23.9,23.7,23.8,23.8,23.8,23.9,24.4,24.4,24.7,24.6,24.3,24.3,24.2,24.3,24.7,25.1,25.5,25.7,25.2,24.7,24.3,24.0,24.0,23.8,23.9,23.7,24.0,24.3,24.4,24.6,24.9,25.4,25.4,25.4,25.6,25.6,25.4,25.6,25.4,25.4,25.7,26.0,26.1,26.1,26.2,25.9,25.6,25.7,25.7,25.7,25.6,25.4,25.7,25.7,25.5,25.4,25.1,24.8,24.8,24.7,24.7,24.8,24.7,24.7,24.7,24.8,24.6,24.4,24.4,24.3,24.2,24.1,24.2,24.1,24.0,23.9,24.0,24.0,23.8,23.9,24.0,23.9,23.8,23.9,23.8,23.9,23.9,23.9,23.9,23.9,23.8
187,24.4,24.4,24.3,24.3,24.3,24.4,24.6,24.4,24.4,24.5,24.5,24.6,24.5,24.5,24.4,24.5,24.5,24.6,24.5,24.6,24.6,24.5,24.4,24.6,24.6,24.6,24.7,24.4,24.4,24.6,24.5,24.4,24.6,24.5,24.7,24.6,24.5,24.6,24.7,24.8,24.7,24.7,24.7,24.6,24.7,24.7,24.7,24.6,24.6,25.0,25.0,24.9,25.1,25.1,25.0,24.7,24.4,24.4,24.3,24.4,24.3,24.4,24.3,24.4,24.5,24.4,24.2,24.3,24.3,24.3,24.3,24.2,24.1,24.2,24.1,24.0,24.0,23.7,23.5,23.3,23.3,23.2,23.5,23.7,23.8,24.0,24.0,23.9,24.0,23.9,24.0,24.1,24.1,24.3,24.0,23.7,23.5,23.7,23.7,23.9,23.8,23.9,23.7,23.7,23.9,23.8,24.0,24.3,24.4,24.5,24.4,24.4,24.1,24.2,24.2,24.7,25.1,25.5,25.5,25.1,24.8,24.3,24.0,23.8,23.8,23.9,23.9,23.8,23.9,24.2,24.8,25.1,25.5,25.7,25.6,25.4,25.4,25.3,25.3,25.0,25.4,25.8,25.9,26.1,26.2,26.1,25.9,25.4,25.5,25.4,25.2,25.4,25.2,25.5,25.8,25.5,25.4,25.1,25.1,24.8,24.9,24.9,24.8,24.8,24.8,24.6,24.8,24.6,24.6,24.5,24.4,24.2,24.3,24.1,24.2,24.1,24.0,24.0,24.0,24.0,24.0,24.0,23.8,23.9,23.7,24.0,23.9,23.9,24.0,23.8,23.9,23.8
188,24.4,24.4,24.5,24.4,24.5,24.4,24.5,24.4,24.4,24.6,24.4,24.4,24.5,24.4,24.5,24.5,24.4,24.4,24.7,24.6,24.5,24.6,24.5,24.6,24.6,24.4,24.5,24.4,24.4,24.4,24.6,24.6,24.6,24.7,24.6,24.5,24.5,24.6,24.5,24.6,24.6,24.8,24.6,24.6,24.6,24.6,24.6,24.7,24.8,25.0,25.1,25.0,25.3,25.2,24.9,24.6,24.5,24.5,24.4,24.4,24.5,24.4,24.4,24.4,24.3,24.3,24.2,24.2,24.3,24.3,24.3,24.1,24.3,24.2,24.0,24.0,24.1,23.8,23.4,23.3,23.3,23.3,23.4,23.8,23.8,23.9,23.9,24.0,24.0,23.8,23.8,24.0,24.1,24.2,24.0,23.8,23.6,23.6,23.6,23.7,23.8,23.7,23.7,23.8,23.7,23.8,23.9,24.2,24.3,24.3,24.3,24.2,24.0,23.9,24.1,24.6,25.1,25.5,25.4,25.2,24.6,24.3,23.9,23.9,23.7,23.9,23.9,23.9,23.8,24.0,24.7,25.1,25.4,25.5,25.4,25.2,25.1,25.0,25.0,25.1,25.2,25.5,25.9,26.2,26.4,26.2,25.8,25.4,25.2,25.1,25.0,24.8,25.2,25.6,25.6,25.6,25.2,25.2,25.1,24.9,25.0,25.0,24.8,24.8,24.8,24.6,24.8,24.6,24.6,24.6,24.4,24.3,24.0,24.2,24.1,24.1,24.0,24.0,23.9,24.0,23.9,24.0,23.8,24.0,24.0,23.8,24.0,23.9,24.1,23.9,23.9,23.9
189,24.4,24.4,24.4,24.5,24.4,24.4,24.4,24.5,24.4,24.4,24.6,24.2,24.5,24.4,24.5,24.4,24.5,24.5,24.4,24.6,24.6,24.6,24.6,24.6,24.5,24.5,24.5,24.5,24.4,24.5,24.6,24.5,24.6,24.5,24.5,24.7,24.5,24.6,24.6,24.6,24.8,24.8,24.6,24.6,24.5,24.6,24.7,24.7,24.6,24.9,25.0,25.2,25.4,25.4,24.9,24.9,24.5,24.5,24.4,24.4,24.4,24.4,24.4,24.2,24.4,24.3,24.4,24.2,24.1,24.2,24.1,24.1,24.2,24.1,24.0,24.0,23.8,23.7,23.6,23.3,23.3,23.3,23.5,23.8,23.9,24.0,23.9,23.9,23.9,23.9,23.8,23.8,24.1,24.2,24.0,23.9,23.7,23.5,23.7,23.7,23.7,23.7,23.7,23.6,23.7,23.7,23.8,24.1,24.1,24.1,24.2,23.9,23.9,23.7,24.0,24.4,24.9,25.4,25.4,25.1,24.6,24.3,23.8,23.6,23.7,23.7,23.8,23.8,23.7,24.1,24.4,25.0,25.4,25.6,25.4,25.1,24.9,24.8,24.6,24.8,25.2,25.6,25.9,26.1,26.2,26.3,25.8,25.4,25.1,24.9,24.7,24.9,25.2,25.5,25.6,25.6,25.4,25.4,25.1,24.8,24.9,24.9,25.1,25.0,24.8,24.8,24.6,24.4,24.6,24.4,24.4,24.3,24.3,24.2,24.1,24.0,24.0,23.9,24.2,24.0,24.0,24.0,24.0,23.9,23.7,24.1,23.9,24.0,23.9,23.9,24.0,24.0
190,24.5,24.5,24.5,24.5,24.6,24.4,24.4,24.4,24.3,24.5,24.6,24.4,24.6,24.5,24.4,24.4,24.5,24.3,24.6,24.5,24.6,24.5,24.4,24.6,24.6,24.5,24.5,24.5,24.4,24.4,24.5,24.6,24.6,24.4,24.6,24.6,24.7,24.6,24.5,24.6,24.6,24.6,24.6,24.6,24.5,24.6,24.6,24.5,24.6,25.0,25.1,25.1,25.2,25.1,24.9,24.7,24.7,24.6,24.7,24.5,24.5,24.5,24.4,24.4,24.4,24.3,24.3,24.4,24.3,24.3,24.2,24.1,24.2,24.2,23.9,24.0,23.7,23.7,23.6,23.4,23.4,23.5,23.5,23.7,23.9,23.9,23.8,23.9,23.6,23.8,23.8,24.0,24.2,24.3,24.4,24.1,23.9,23.7,23.7,23.7,23.8,23.7,23.8,23.7,23.7,23.7,23.9,23.9,24.0,24.0,24.0,23.9,23.8,23.7,24.1,24.3,25.0,25.1,25.2,24.8,24.4,24.1,23.9,23.6,23.7,23.7,23.9,23.7,24.0,24.1,24.4,24.9,25.4,25.5,25.4,25.2,25.1,24.9,24.8,24.8,25.4,25.4,25.8,25.9,26.2,26.2,25.9,25.6,25.3,25.1,24.9,25.1,25.4,25.5,25.5,25.5,25.3,25.2,25.0,25.0,24.8,25.1,25.1,24.8,24.9,24.8,24.6,24.5,24.6,24.5,24.3,24.3,24.2,24.3,24.1,24.1,23.8,24.0,23.9,23.9,24.0,23.9,23.9,23.7,23.8,23.9,24.1,23.9,23.9,23.8,23.8,23.9
191,24.3,24.3,24.2,24.3,24.4,24.3,24.4,24.3,24.4,24.4,24.5,24.3,24.4,24.5,24.4,24.4,24.4,24.3,24.4,24.4,24.5,24.5,24.5,24.6,24.5,24.4,24.6,24.5,24.4,24.6,24.5,24.6,24.5,24.5,24.6,24.7,24.6,24.6,24.7,24.7,24.6,24.6,24.8,24.6,24.5,24.7,24.7,24.6,24.6,24.9,24.9,25.0,25.0,24.9,24.7,24.9,24.8,24.7,24.6,24.5,24.5,24.4,24.4,24.4,24.4,24.4,24.3,24.4,24.4,24.4,24.2,24.3,24.1,24.1,24.1,23.9,23.9,23.9,23.6,23.7,23.4,23.7,23.7,23.9,23.7,23.8,23.6,23.8,23.7,23.7,23.8,24.0,24.2,24.2,24.2,24.3,23.8,23.7,23.7,23.8,23.7,23.8,23.6,23.8,23.8,23.7,23.9,23.9,23.8,24.1,24.0,23.8,23.8,23.7,24.0,24.3,24.6,24.8,24.8,24.6,24.3,24.0,23.8,23.7,23.5,23.6,23.6,23.6,24.0,24.2,24.2,24.6,25.1,25.3,25.4,25.2,25.2,25.0,25.0,25.1,25.3,25.4,25.6,25.7,26.0,25.9,25.8,25.7,25.4,25.1,25.1,25.1,25.3,25.5,25.4,25.1,25.3,25.3,25.1,25.0,24.8,25.0,25.0,25.0,24.9,24.7,24.6,24.5,24.4,24.5,24.3,24.2,24.2,24.0,24.0,23.9,24.0,24.0,23.9,23.9,23.9,23.9,23.7,23.7,23.8,23.9,24.0,23.9,23.9,23.8,23.8,23.9
192,24.3,24.4,24.4,24.4,24.4,24.5,24.3,24.5,24.4,24.5,24.4,24.4,24.5,24.5,24.4,24.4,24.4,24.4,24.5,24.6,24.4,24.5,24.5,24.5,24.5,24.6,24.5,24.5,24.6,24.6,24.6,24.7,24.6,24.6,24.5,24.5,24.6,24.7,24.6,24.7,24.6,24.6,24.6,24.7,24.6,24.7,24.7,24.5,24.7,24.7,24.8,24.8,24.8,24.9,24.7,24.7,24.6,24.6,24.6,24.5,24.4,24.4,24.5,24.4,24.4,24.4,24.3,24.3,24.2,24.2,24.1,24.0,24.2,24.1,24.0,24.0,24.0,23.9,23.9,23.7,23.7,23.7,23.8,23.9,23.9,23.9,23.8,23.8,23.8,23.7,23.7,23.9,24.0,24.3,24.3,24.1,23.8,23.7,23.7,23.7,23.6,23.5,23.5,23.7,23.7,23.6,23.6,23.7,23.7,23.7,23.7,23.5,23.5,23.6,23.7,24.0,24.4,24.8,24.7,24.4,24.3,24.0,23.7,23.6,23.7,23.8,23.6,23.6,23.9,23.9,24.1,24.3,24.7,25.2,25.2,25.0,24.9,24.8,24.7,24.8,25.1,25.1,25.2,25.4,25.6,25.5,25.5,25.4,25.1,25.0,25.0,25.1,25.2,25.3,25.4,25.3,25.2,25.1,25.2,25.1,25.0,25.1,24.9,24.9,24.7,24.8,24.6,24.6,24.6,24.4,24.2,24.3,24.2,24.1,24.0,24.1,24.1,23.9,23.8,23.8,23.9,23.8,23.8,23.7,23.9,23.8,23.8,23.9,23.9,23.8,23.8,23.8
193,24.4,24.3,24.4,24.3,24.4,24.5,24.4,24.5,24.3,24.5,24.4,24.4,24.6,24.5,24.3,24.4,24.4,24.4,24.3,24.3,24.4,24.5,24.4,24.4,24.5,24.3,24.5,24.6,24.5,24.6,24.5,24.4,24.6,24.5,24.7,24.7,24.5,24.6,24.6,24.6,24.6,24.6,24.7,24.6,24.5,24.7,24.5,24.6,24.6,24.5,24.6,24.6,24.8,24.8,24.7,24.5,24.7,24.6,24.5,24.5,24.4,24.4,24.4,24.5,24.3,24.3,24.3,24.2,24.3,24.1,24.1,24.4,24.1,24.2,24.0,24.0,23.9,24.0,23.8,23.9,23.7,23.8,23.9,23.9,23.9,23.9,23.7,23.8,23.8,23.8,23.9,23.9,24.1,24.3,24.3,24.0,24.0,23.7,23.7,23.7,23.6,23.4,23.3,23.4,23.6,23.6,23.6,23.7,23.7,23.6,23.4,23.5,23.5,23.5,23.6,23.9,24.3,24.5,24.4,24.4,24.1,23.8,23.5,23.6,23.7,23.5,23.7,23.7,23.9,23.7,23.9,24.2,24.2,24.4,24.7,24.6,24.6,24.5,24.4,24.4,24.4,24.8,24.7,24.9,24.9,25.0,24.9,24.8,24.7,24.9,24.7,24.9,24.9,25.1,24.9,25.1,25.2,25.1,25.1,25.0,25.1,25.1,24.9,24.9,24.9,24.7,24.6,24.5,24.4,24.3,24.3,24.2,24.2,24.1,24.1,23.9,24.1,24.0,23.7,23.9,23.9,23.9,23.9,23.8,23.9,23.9,24.0,23.8,23.9,23.9,23.9,23.9
194,24.4,24.4,24.5,24.4,24.4,24.6,24.4,24.4,24.5,24.4,24.4,24.4,24.5,24.4,24.5,24.5,24.6,24.4,24.4,24.6,24.6,24.4,24.4,24.5,24.4,24.7,24.5,24.5,24.4,24.5,24.5,24.6,24.5,24.6,24.4,24.7,24.6,24.6,24.7,24.8,24.6,24.5,24.7,24.6,24.5,24.7,24.6,24.6,24.5,24.5,24.6,24.6,24.6,24.6,24.6,24.5,24.6,24.6,24.6,24.5,24.4,24.4,24.5,24.4,24.3,24.3,24.4,24.3,24.4,24.4,24.3,24.3,24.2,24.0,24.0,24.0,24.0,23.9,23.9,23.8,23.8,23.8,23.9,23.8,23.8,23.8,23.8,23.7,23.7,23.6,23.7,23.9,23.9,24.2,24.3,24.2,24.1,23.9,23.8,23.7,23.7,23.4,23.4,23.6,23.5,23.5,23.7,23.7,23.7,23.4,23.4,23.5,23.7,23.4,23.5,24.0,24.3,24.5,24.3,24.2,23.8,23.8,23.7,23.6,23.5,23.4,23.6,23.8,23.8,23.5,23.9,24.0,24.0,24.3,24.3,24.2,24.3,24.3,24.2,24.2,24.3,24.2,24.4,24.3,24.4,24.4,24.6,24.4,24.6,24.5,24.5,24.7,24.8,24.8,24.9,24.9,24.9,25.0,24.9,25.0,25.0,25.0,25.0,24.7,24.8,24.6,24.5,24.5,24.4,24.3,24.4,24.0,24.1,24.2,24.1,24.0,24.0,23.9,24.1,23.8,24.0,23.9,23.9,23.8,23.8,24.0,23.9,23.9,23.9,23.8,23.9,23.8
195,24.5,24.4,24.3,24.3,24.5,24.6,24.3,24.3,24.5,24.4,24.4,24.4,24.4,24.4,24.6,24.5,24.5,24.4,24.4,24.5,24.4,24.6,24.4,24.6,24.5,24.5,24.5,24.4,24.6,24.5,24.5,24.5,24.6,24.6,24.6,24.6,24.6,24.6,24.8,24.6,24.6,24.5,24.4,24.6,24.6,24.4,24.6,24.7,24.5,24.6,24.6,24.6,24.6,24.6,24.5,24.3,24.5,24.4,24.4,24.4,24.4,24.4,24.3,24.3,24.3,24.3,24.4,24.2,24.3,24.0,24.3,24.1,24.2,24.1,24.1,24.0,24.1,24.0,23.9,24.0,24.0,24.0,23.9,24.0,23.9,24.0,23.9,23.9,23.9,23.7,23.5,23.9,23.8,24.1,24.2,24.1,23.8,23.7,23.6,23.7,23.7,23.5,23.6,23.5,23.5,23.4,23.7,23.6,23.6,23.6,23.7,23.7,23.5,23.5,23.5,23.9,24.1,24.4,24.3,24.1,23.8,23.6,23.6,23.5,23.6,23.5,23.6,23.5,23.5,23.7,23.7,23.7,23.7,23.8,24.0,23.9,23.9,24.0,23.8,24.0,23.9,24.0,23.9,24.0,24.2,24.1,24.2,24.2,24.3,24.3,24.3,24.4,24.6,24.6,24.7,24.8,24.7,24.9,25.0,24.8,24.9,24.9,24.9,25.1,24.8,24.6,24.6,24.5,24.4,24.3,24.2,24.1,24.3,24.0,24.0,24.1,24.0,24.0,23.9,23.8,24.0,24.0,24.0,23.7,24.0,24.0,23.9,24.0,24.0,23.8,23.9,24.1
196,24.4,24.3,24.3,24.4,24.3,24.4,24.4,24.3,24.4,24.6,24.5,24.4,24.5,24.3,24.4,24.4,24.5,24.5,24.6,24.5,24.6,24.4,24.4,24.5,24.4,24.6,24.4,24.4,24.5,24.4,24.4,24.5,24.4,24.5,24.5,24.5,24.5,24.4,24.4,24.4,24.5,24.5,24.5,24.4,24.6,24.5,24.6,24.5,24.5,24.5,24.4,24.4,24.5,24.4,24.4,24.4,24.3,24.4,24.2,24.4,24.2,24.4,24.3,24.3,24.2,24.3,24.2,24.2,24.2,24.1,24.2,24.3,24.2,24.3,24.1,24.0,24.0,24.1,24.0,23.9,24.0,23.7,23.7,23.8,23.9,23.8,23.8,23.7,23.7,23.7,23.5,23.7,23.8,24.0,24.0,24.0,23.7,23.5,23.6,23.7,23.9,23.9,23.8,23.7,23.5,23.4,23.5,23.6,23.5,23.7,23.7,23.7,23.8,23.7,23.9,23.9,24.3,24.5,24.3,24.1,23.9,23.7,23.6,23.5,23.4,23.6,23.5,23.5,23.6,23.6,23.6,23.7,23.7,23.7,23.7,23.7,23.7,23.7,23.7,23.8,23.6,23.7,23.7,23.7,23.9,24.0,24.0,24.1,24.1,24.2,24.1,24.3,24.3,24.5,24.5,24.6,24.6,24.8,24.9,24.8,24.9,25.1,24.8,24.7,24.7,24.6,24.4,24.4,24.3,24.3,24.0,24.1,24.0,24.1,24.2,23.8,24.0,23.9,23.9,23.9,24.0,24.0,24.0,23.9,23.9,24.0,23.9,24.0,23.9,23.9,23.8,24.0
197,24.4,24.4,24.5,24.3,24.5,24.4,24.3,24.4,24.4,24.3,24.1,24.5,24.5,24.5,24.5,24.5,24.4,24.5,24.4,24.4,24.5,24.5,24.4,24.5,24.4,24.4,24.6,24.4,24.5,24.5,24.4,24.4,24.5,24.5,24.5,24.5,24.5,24.5,24.5,24.5,24.4,24.4,24.4,24.6,24.6,24.5,24.6,24.4,24.6,24.6,24.4,24.3,24.5,24.4,24.5,24.5,24.4,24.4,24.5,24.4,24.2,24.3,24.2,24.5,24.3,24.1,24.3,24.0,24.2,24.2,24.2,24.1,24.1,24.1,24.0,23.9,24.0,24.0,24.1,23.8,23.9,23.9,24.0,23.8,23.8,23.7,23.7,23.7,23.6,23.7,23.6,23.6,23.7,24.0,23.8,23.9,23.8,23.7,23.4,23.7,23.8,23.8,23.7,23.7,23.6,23.4,23.3,23.5,23.6,23.6,23.9,23.7,23.7,23.6,23.7,24.0,24.3,24.3,24.1,24.2,23.8,23.5,23.5,23.4,23.4,23.5,23.5,23.5,23.4,23.4,23.5,23.7,23.5,23.5,23.5,23.5,23.7,23.5,23.5,23.3,23.7,23.5,23.7,23.7,23.7,23.7,23.7,24.0,24.0,24.1,24.0,24.2,24.1,24.4,24.3,24.5,24.6,24.5,24.6,24.8,24.7,24.6,24.6,24.5,24.5,24.5,24.4,24.3,24.2,24.1,24.1,24.1,24.1,24.1,24.0,23.9,24.1,24.0,24.0,23.9,24.0,24.0,23.8,23.9,23.9,24.0,23.7,24.0,23.8,23.9,23.9,24.0
198,24.4,24.4,24.3,24.4,24.5,24.4,24.6,24.4,24.5,24.4,24.4,24.3,24.5,24.5,24.5,24.4,24.6,24.5,24.5,24.6,24.5,24.4,24.4,24.4,24.5,24.5,24.5,24.5,24.6,24.5,24.5,24.5,24.4,24.5,24.6,24.5,24.4,24.6,24.6,24.5,24.6,24.5,24.6,24.5,24.6,24.5,24.6,24.5,24.6,24.4,24.4,24.5,24.5,24.4,24.6,24.4,24.4,24.5,24.4,24.4,24.4,24.5,24.4,24.4,24.4,24.3,24.2,24.2,24.3,24.2,24.4,24.2,24.2,24.0,24.2,24.1,24.1,24.1,24.0,23.9,23.8,24.0,23.9,23.8,23.8,23.7,23.7,23.8,23.7,23.6,23.6,23.5,23.8,23.7,23.7,23.8,23.5,23.5,23.7,23.5,23.8,23.7,23.6,23.6,23.7,23.4,23.4,23.3,23.4,23.7,23.7,23.9,23.8,23.7,23.8,23.8,24.0,24.0,24.0,24.0,23.7,23.7,23.6,23.6,23.5,23.7,23.7,23.5,23.5,23.5,23.6,23.6,23.5,23.6,23.7,23.6,23.7,23.7,23.6,23.6,23.5,23.5,23.4,23.5,23.5,23.7,23.8,23.9,23.9,23.9,23.9,24.3,24.2,24.3,24.4,24.4,24.5,24.5,24.6,24.7,24.6,24.7,24.9,24.6,24.4,24.2,24.4,24.3,24.2,24.0,24.3,24.0,24.0,23.9,23.9,24.1,24.0,23.9,24.0,23.9,23.8,23.9,24.0,23.9,23.9,24.1,23.9,23.9,23.8,24.0,23.8,24.0
199,24.5,24.4,24.4,24.6,24.4,24.4,24.3,24.4,24.3,24.5,24.5,24.3,24.5,24.5,24.4,24.4,24.4,24.4,24.5,24.5,24.4,24.4,24.4,24.5,24.5,24.6,24.4,24.5,24.4,24.3,24.4,24.5,24.4,24.6,24.5,24.5,24.6,24.5,24.6,24.6,24.5,24.6,24.6,24.6,24.4,24.5,24.4,24.4,24.5,24.5,24.6,24.5,24.5,24.4,24.5,24.3,24.3,24.5,24.3,24.4,24.3,24.4,24.0,24.4,24.5,24.2,24.3,24.3,24.3,24.3,24.1,24.0,24.1,24.2,24.0,23.9,24.1,24.0,23.9,23.8,23.9,23.7,23.8,23.8,23.7,23.7,23.7,23.7,23.7,23.5,23.5,23.5,23.5,23.6,23.7,23.6,23.6,23.5,23.5,23.4,23.5,23.6,23.6,23.4,23.4,23.3,23.5,23.4,23.4,23.6,23.5,23.5,23.6,23.5,23.7,23.6,23.9,23.5,23.7,23.7,23.6,23.5,23.6,23.5,23.6,23.5,23.4,23.6,23.4,23.5,23.5,23.6,23.6,23.6,23.5,23.7,23.7,23.5,23.5,23.5,23.6,23.5,23.7,23.6,23.7,23.7,23.8,23.9,24.0,23.9,24.2,24.3,24.1,24.3,24.3,24.5,24.4,24.6,24.6,24.6,24.6,24.5,24.5,24.5,24.4,24.4,24.3,24.3,24.3,24.1,24.1,24.1,24.0,24.0,24.1,24.0,24.0,24.0,24.1,24.0,24.0,24.0,23.8,23.9,24.0,23.9,24.1,24.0,24.0,23.7,23.9,23.9
200,24.4,24.4,24.4,24.5,24.4,24.6,24.3,24.4,24.5,24.4,24.5,24.3,24.4,24.3,24.5,24.4,24.3,24.4,24.6,24.4,24.6,24.6,24.4,24.4,24.4,24.4,24.7,24.6,24.5,24.5,24.5,24.7,24.4,24.5,24.4,24.5,24.4,24.4,24.5,24.5,24.6,24.5,24.4,24.4,24.6,24.4,24.4,24.4,24.5,24.5,24.3,24.3,24.4,24.5,24.4,24.5,24.3,24.3,24.4,24.4,24.3,24.3,24.2,24.4,24.4,24.2,24.2,24.4,24.3,24.3,24.2,24.1,24.2,24.2,24.2,24.1,24.1,24.1,24.1,24.0,23.8,23.9,23.9,23.7,23.8,23.7,23.7,23.7,23.5,23.7,23.6,23.4,23.5,23.5,23.5,23.5,23.4,23.4,23.3,23.4,23.5,23.6,23.6,23.4,23.4,23.3,23.3,23.4,23.4,23.4,23.5,23.4,23.6,23.4,23.4,23.5,23.5,23.5,23.5,23.7,23.5,23.3,23.5,23.4,23.5,23.5,23.7,23.5,23.7,23.4,23.5,23.7,23.6,23.7,23.6,23.6,23.7,23.5,23.5,23.7,23.7,23.6,23.6,23.6,23.8,23.7,23.8,23.8,24.0,24.1,24.1,24.2,24.0,24.2,24.2,24.3,24.4,24.5,24.5,24.4,24.5,24.5,24.3,24.4,24.2,24.4,24.4,24.2,24.2,24.1,24.0,24.1,24.1,24.1,24.0,23.9,23.8,23.8,23.8,23.8,24.0,24.0,24.0,23.9,23.9,23.7,23.8,23.8,24.0,23.8,23.9,23.9
201,24.4,24.6,24.6,24.4,24.5,24.4,24.3,24.4,24.3,24.5,24.4,24.5,24.4,24.3,24.5,24.4,24.4,24.3,24.4,24.4,24.5,24.5,24.4,24.5,24.7,24.5,24.6,24.4,24.6,24.4,24.6,24.5,24.6,24.4,24.5,24.5,24.6,24.4,24.6,24.5,24.6,24.6,24.5,24.5,24.4,24.4,24.4,24.5,24.3,24.4,24.5,24.3,24.5,24.4,24.4,24.3,24.2,24.4,24.3,24.3,24.3,24.4,24.4,24.3,24.3,24.2,24.3,24.1,24.1,24.2,24.3,24.1,24.0,24.1,24.1,24.2,24.0,23.8,24.0,23.8,23.9,23.8,23.8,23.7,23.8,23.8,23.7,23.7,23.7,23.5,23.5,23.6,23.5,23.6,23.4,23.4,23.4,23.3,23.3,23.4,23.4,23.3,23.3,23.3,23.3,23.2,23.3,23.2,23.3,23.3,23.4,23.3,23.4,23.4,23.2,23.3,23.2,23.2,23.3,23.3,23.5,23.5,23.5,23.5,23.6,23.4,23.7,23.6,23.6,23.5,23.5,23.5,23.7,23.5,23.5,23.6,23.7,23.6,23.6,23.5,23.6,23.7,23.7,23.7,23.7,23.7,23.7,23.9,24.0,24.0,24.1,23.9,24.2,24.0,24.1,24.3,24.2,24.4,24.4,24.2,24.3,24.4,24.3,24.4,24.3,24.2,24.2,24.2,23.9,24.1,24.1,24.0,24.0,24.0,23.8,23.9,23.9,24.0,23.9,23.9,23.9,23.9,23.9,24.0,24.0,23.8,23.9,23.8,23.8,24.0,23.8,24.0
202,24.4,24.4,24.4,24.4,24.4,24.5,24.3,24.4,24.4,24.3,24.4,24.4,24.3,24.5,24.4,24.4,24.4,24.4,24.2,24.4,24.5,24.4,24.6,24.5,24.5,24.5,24.4,24.4,24.4,24.5,24.6,24.5,24.4,24.3,24.4,24.7,24.4,24.5,24.5,24.4,24.4,24.6,24.3,24.5,24.6,24.5,24.4,24.4,24.4,24.3,24.5,24.4,24.4,24.4,24.5,24.3,24.3,24.4,24.4,24.4,24.2,24.2,24.4,24.1,24.4,24.3,24.3,24.1,24.1,24.1,24.1,24.2,24.0,24.3,24.1,23.9,24.1,24.1,24.0,23.9,23.8,23.8,23.7,23.8,23.7,23.8,23.7,23.6,23.7,23.6,23.5,23.6,23.5,23.3,23.3,23.4,23.1,23.3,23.2,23.4,23.3,23.3,23.2,23.1,23.1,23.2,23.2,23.1,23.0,23.2,23.1,23.2,23.1,23.1,23.0,22.9,23.1,23.1,23.0,23.3,23.4,23.5,23.4,23.5,23.6,23.5,23.6,23.3,23.5,23.7,23.5,23.4,23.5,23.5,23.6,23.7,23.7,23.5,23.7,23.6,23.7,23.7,23.6,23.5,23.7,23.8,23.9,23.9,23.9,24.0,24.0,24.1,24.1,24.0,24.2,24.2,24.3,24.3,24.3,24.3,24.3,24.4,24.2,24.2,24.2,24.1,24.1,24.2,24.1,23.9,24.1,24.1,24.1,24.1,24.0,23.8,23.8,23.9,23.9,23.8,24.0,24.0,24.0,23.8,24.0,23.9,24.0,23.9,23.9,23.8,23.9,23.8
203,24.3,24.5,24.4,24.4,24.3,24.5,24.3,24.4,24.3,24.4,24.4,24.4,24.4,24.5,24.6,24.4,24.3,24.4,24.3,24.5,24.4,24.4,24.5,24.6,24.5,24.5,24.4,24.4,24.4,24.4,24.5,24.5,24.5,24.4,24.5,24.5,24.5,24.4,24.4,24.5,24.6,24.5,24.4,24.4,24.5,24.4,24.4,24.4,24.4,24.3,24.5,24.3,24.3,24.3,24.4,24.3,24.3,24.2,24.3,24.5,24.3,24.3,24.3,24.3,24.3,24.2,24.1,24.3,24.2,24.2,24.2,24.1,24.0,24.1,24.1,24.0,24.1,24.0,23.9,23.9,23.9,23.7,23.9,23.8,23.8,23.7,23.7,23.7,23.6,23.6,23.4,23.5,23.3,23.3,23.2,23.3,23.2,23.1,23.3,23.2,23.1,23.2,23.1,23.3,23.1,23.3,23.1,23.2,23.1,23.1,23.2,23.1,22.9,22.9,22.8,22.9,23.1,22.9,23.0,23.2,23.2,23.4,23.5,23.5,23.6,23.6,23.5,23.7,23.5,23.5,23.6,23.5,23.5,23.7,23.7,23.7,23.6,23.5,23.7,23.6,23.7,23.7,23.6,23.8,23.7,23.8,23.8,23.7,23.8,23.9,24.0,24.2,24.0,24.1,24.1,24.1,24.2,24.2,24.2,24.1,24.2,24.3,24.2,24.2,24.1,24.1,24.1,24.1,24.0,24.2,24.1,24.1,23.9,24.0,23.8,23.8,23.9,23.9,23.9,23.8,23.9,23.9,23.9,23.9,24.0,24.0,23.9,23.8,23.8,23.9,24.1,23.7
204,24.3,24.4,24.3,24.4,24.4,24.4,24.4,24.3,24.3,24.4,24.3,24.3,24.4,24.3,24.3,24.3,24.3,24.5,24.3,24.4,24.4,24.4,24.4,24.4,24.3,24.4,24.4,24.5,24.4,24.5,24.5,24.5,24.2,24.4,24.5,24.4,24.4,24.5,24.4,24.5,24.4,24.5,24.3,24.4,24.5,24.5,24.5,24.6,24.5,24.3,24.4,24.3,24.3,24.3,24.3,24.2,24.4,24.2,24.3,24.3,24.3,24.3,24.3,24.3,24.3,24.1,24.2,24.1,24.2,24.2,24.1,24.2,24.1,24.2,24.0,23.9,24.1,24.0,24.0,23.9,23.8,23.8,23.7,23.8,23.6,23.8,23.8,23.6,23.6,23.5,23.5,23.5,23.3,23.3,23.2,23.1,23.1,23.1,23.2,23.1,23.1,23.1,23.0,23.1,23.1,23.1,23.0,23.1,23.2,23.1,23.1,23.0,23.0,23.0,22.9,22.8,22.8,22.7,22.9,23.2,23.3,23.5,23.5,23.5,23.5,23.5,23.5,23.7,23.6,23.6,23.5,23.7,23.7,23.6,23.6,23.7,23.8,23.7,23.7,23.7,23.8,23.7,23.7,23.8,23.8,23.7,23.8,23.8,24.0,24.0,23.9,24.0,24.0,24.1,24.0,24.0,24.2,24.1,24.2,24.0,24.0,24.2,24.0,24.0,24.1,24.0,24.2,23.8,24.0,24.0,23.9,23.8,24.0,24.0,23.9,23.8,24.0,23.8,23.9,23.9,24.0,23.9,24.0,23.7,23.8,23.8,23.9,23.9,24.0,23.9,23.9,23.8
205,24.5,24.5,24.4,24.5,24.3,24.4,24.4,24.3,24.3,24.3,24.4,24.2,24.4,24.4,24.4,24.5,24.4,24.4,24.4,24.5,24.5,24.4,24.4,24.4,24.5,24.4,24.4,24.5,24.3,24.5,24.4,24.4,24.3,24.3,24.4,24.4,24.4,24.5,24.6,24.4,24.5,24.3,24.4,24.6,24.3,24.3,24.3,24.4,24.3,24.5,24.4,24.4,24.4,24.3,24.5,24.3,24.3,24.1,24.3,24.2,24.3,24.3,24.2,24.2,24.3,24.2,24.0,24.2,24.1,24.1,24.1,24.0,24.0,24.1,24.0,24.0,24.0,24.0,23.8,23.8,23.8,23.8,23.7,23.8,23.7,23.7,23.7,23.8,23.7,23.6,23.4,23.4,23.2,23.4,23.2,23.2,23.1,23.1,23.1,23.3,23.2,23.1,23.0,23.1,23.0,23.1,22.9,22.9,23.0,23.0,22.8,22.8,23.0,22.8,22.7,22.8,22.6,22.7,23.0,23.1,23.2,23.4,23.4,23.7,23.4,23.4,23.5,23.5,23.5,23.5,23.6,23.6,23.5,23.5,23.5,23.7,23.6,23.7,23.7,23.7,23.8,23.8,23.8,23.7,23.8,23.8,23.7,23.9,24.0,24.0,23.8,23.9,24.0,24.2,24.0,23.9,24.0,24.1,24.0,24.0,24.1,24.0,24.0,24.0,24.1,24.0,23.9,24.0,24.1,24.0,23.9,24.0,24.0,23.9,23.9,24.0,23.9,23.9,23.9,23.9,24.0,23.9,24.0,23.9,24.0,23.9,23.9,24.0,23.8,23.8,24.0,24.0
206,24.2,24.5,24.4,24.5,24.4,24.4,24.3,24.3,24.4,24.5,24.4,24.4,24.4,24.3,24.3,24.5,24.5,24.4,24.5,24.4,24.4,24.4,24.3,24.3,24.4,24.4,24.4,24.3,24.4,24.3,24.5,24.5,24.4,24.4,24.4,24.4,24.4,24.5,24.4,24.5,24.5,24.4,24.4,24.3,24.6,24.3,24.4,24.3,24.4,24.4,24.4,24.3,24.4,24.3,24.4,24.3,24.4,24.4,24.4,24.5,24.3,24.3,24.2,24.2,24.3,24.2,24.2,24.2,24.2,24.2,24.1,24.1,24.2,24.0,24.0,24.0,24.0,24.0,24.0,24.1,23.9,23.9,23.8,23.7,23.9,23.7,23.7,23.7,23.7,23.6,23.3,23.3,23.5,23.1,23.3,23.3,23.3,23.2,23.2,23.1,23.1,23.0,23.1,23.0,22.9,23.0,23.0,23.0,22.8,22.9,23.0,22.8,22.9,22.7,22.7,22.8,22.5,22.7,22.9,23.1,23.3,23.3,23.5,23.5,23.5,23.7,23.5,23.7,23.6,23.7,23.7,23.5,23.5,23.7,23.5,23.5,23.7,23.7,23.8,23.7,23.6,23.7,23.7,23.8,23.9,23.7,23.9,23.8,23.9,23.8,24.0,23.8,23.9,23.9,24.0,24.0,23.9,24.0,24.1,24.0,24.0,23.9,24.0,24.1,24.1,24.0,24.0,24.0,24.0,23.9,24.0,23.9,23.9,24.0,23.9,23.8,24.0,24.0,24.0,24.0,24.0,23.9,23.9,23.9,23.9,23.7,24.0,23.9,23.9,23.9,23.8,24.1
207,24.5,24.4,24.4,24.5,24.3,24.4,24.5,24.3,24.4,24.4,24.4,24.3,24.4,24.3,24.4,24.5,24.5,24.5,24.3,24.3,24.3,24.2,24.4,24.4,24.4,24.4,24.5,24.4,24.4,24.3,24.4,24.5,24.4,24.3,24.5,24.5,24.5,24.5,24.3,24.5,24.5,24.4,24.5,24.3,24.3,24.3,24.4,24.4,24.4,24.3,24.4,24.4,24.4,24.2,24.4,24.3,24.3,24.3,24.3,24.2,24.3,24.1,24.4,24.3,24.1,24.3,24.4,24.3,24.1,24.3,24.2,24.1,24.2,24.0,24.1,24.0,24.1,24.0,24.0,23.9,23.8,23.7,23.9,23.9,23.7,23.6,23.7,23.7,23.6,23.6,23.5,23.3,23.4,23.4,23.2,23.2,23.2,23.1,23.1,23.1,23.1,23.1,23.1,23.0,23.0,23.0,22.9,23.0,22.8,22.9,22.9,22.8,22.8,22.8,22.8,22.8,22.6,22.6,22.8,23.1,23.3,23.5,23.5,23.5,23.6,23.7,23.9,23.7,23.5,23.6,23.6,23.7,23.6,23.6,23.7,23.6,23.7,23.7,23.6,23.6,23.8,23.8,23.9,23.8,23.8,23.7,24.0,23.7,23.9,23.8,24.0,24.0,24.0,23.9,24.0,23.9,23.9,24.0,24.0,24.0,24.0,24.0,23.9,24.0,24.0,23.8,23.9,23.8,23.9,24.0,23.9,24.0,23.9,24.0,24.1,23.9,23.9,23.9,24.0,23.8,23.8,24.0,23.9,23.8,24.0,23.9,23.8,23.9,23.9,23.9,23.8,23.9
208,24.5,24.5,24.4,24.4,24.4,24.3,24.3,24.3,24.4,24.4,24.3,24.3,24.5,24.3,24.4,24.4,24.4,24.3,24.4,24.3,24.5,24.4,24.4,24.5,24.5,24.3,24.4,24.4,24.5,24.4,24.6,24.4,24.3,24.4,24.4,24.4,24.6,24.4,24.4,24.4,24.4,24.4,24.4,24.4,24.4,24.3,24.3,24.4,24.4,24.4,24.4,24.5,24.3,24.2,24.3,24.2,24.3,24.4,24.3,24.2,24.4,24.2,24.3,24.3,24.3,24.1,24.3,24.1,24.3,24.2,24.0,24.0,24.1,24.1,23.9,24.0,24.0,24.1,24.0,23.8,24.0,23.7,23.8,23.7,23.7,23.7,23.6,23.6,23.5,23.5,23.4,23.4,23.5,23.3,23.3,23.1,23.0,23.2,23.1,23.0,23.0,23.1,22.9,23.1,22.8,22.9,22.8,22.8,22.8,22.8,22.8,22.9,22.8,22.6,22.5,22.7,22.6,22.8,22.8,23.1,23.2,23.4,23.5,23.5,23.7,23.5,23.7,23.6,23.7,23.7,23.5,23.7,23.7,23.7,23.8,23.7,23.7,23.7,23.8,23.9,23.8,23.7,23.7,23.7,23.7,23.7,23.8,23.9,23.9,23.9,24.0,23.9,23.9,24.0,23.9,24.0,23.7,24.0,24.1,23.8,23.9,23.8,23.9,24.1,23.9,23.8,23.9,23.9,23.8,23.9,23.8,23.8,24.0,23.9,23.8,23.9,23.9,24.0,23.8,23.7,23.9,24.0,24.0,23.8,23.8,24.0,23.9,23.8,24.0,23.8,23.9,24.0
209,24.5,24.3,24.4,24.5,24.4,24.4,24.4,24.5,24.4,24.5,24.5,24.4,24.4,24.3,24.3,24.4,24.3,24.3,24.4,24.3,24.4,24.4,24.3,24.3,24.4,24.4,24.4,24.4,24.4,24.3,24.4,24.5,24.3,24.4,24.3,24.2,24.4,24.4,24.5,24.4,24.4,24.3,24.3,24.5,24.3,24.5,24.5,24.4,24.3,24.2,24.4,24.4,24.2,24.2,24.3,24.4,24.4,24.3,24.3,24.4,24.3,24.2,24.2,24.3,24.1,24.1,24.2,24.1,24.2,24.3,24.1,24.1,24.1,24.2,24.0,24.0,24.0,24.0,24.0,23.8,23.8,24.0,23.8,23.9,23.8,23.7,23.7,23.6,23.8,23.5,23.4,23.3,23.4,23.2,23.2,23.1,23.0,23.1,22.9,22.9,22.8,22.9,22.9,22.9,22.8,22.8,22.8,22.8,22.7,22.8,22.8,22.7,22.6,22.6,22.5,22.5,22.5,22.5,22.9,22.9,23.4,23.4,23.5,23.5,23.6,23.6,23.8,23.7,23.7,23.6,23.8,23.6,23.6,23.7,23.7,23.6,23.7,23.8,23.8,23.6,23.9,23.8,23.8,23.7,23.9,23.9,23.9,23.9,23.9,23.9,23.9,23.9,24.0,24.0,23.8,24.0,23.9,24.0,23.8,23.8,24.0,23.9,23.9,23.9,24.0,24.0,23.9,23.7,23.9,23.9,23.8,24.0,24.0,24.0,23.9,23.8,23.9,24.0,23.9,24.0,24.0,24.0,23.9,24.0,24.0,24.1,23.9,24.0,23.9,23.9,23.8,24.0
210,24.4,24.4,24.5,24.5,24.4,24.4,24.3,24.4,24.3,24.4,24.5,24.3,24.3,24.3,24.4,24.5,24.4,24.3,24.3,24.3,24.4,24.4,24.3,24.4,24.3,24.4,24.5,24.3,24.4,24.4,24.4,24.5,24.5,24.3,24.3,24.4,24.4,24.4,24.5,24.4,24.6,24.3,24.5,24.5,24.4,24.4,24.3,24.4,24.4,24.2,24.3,24.2,24.4,24.4,24.3,24.4,24.3,24.1,24.3,24.3,24.2,24.2,24.3,24.1,24.2,24.1,24.0,24.2,24.0,24.1,24.2,24.1,24.0,24.0,24.1,24.0,24.0,23.9,23.8,23.8,23.8,23.8,23.9,23.8,23.7,23.7,23.7,23.6,23.7,23.5,23.4,23.5,23.5,23.2,23.2,23.1,23.0,23.0,22.9,22.8,23.0,22.9,22.6,22.8,22.9,22.6,22.8,22.8,22.7,22.7,22.7,22.5,22.7,22.6,22.5,22.7,22.5,22.7,23.0,23.2,23.3,23.4,23.5,23.5,23.5,23.5,23.6,23.8,23.6,23.7,23.6,23.7,23.8,23.6,23.7,23.6,23.8,23.8,23.7,23.8,23.8,23.8,23.7,23.8,23.8,23.8,23.7,23.7,24.0,23.9,23.9,23.8,24.0,24.0,23.9,24.0,24.0,23.8,24.0,24.0,23.9,23.9,24.0,23.9,23.8,24.0,23.9,24.0,23.9,23.9,23.9,23.8,23.9,24.0,24.0,23.8,23.9,24.0,23.9,24.0,23.9,23.9,23.8,23.9,23.9,24.0,24.0,23.9,23.9,23.9,23.9,23.8
211,24.4,24.4,24.4,24.5,24.4,24.5,24.3,24.3,24.4,24.4,24.6,24.4,24.5,24.3,24.4,24.3,24.3,24.3,24.4,24.4,24.3,24.4,24.3,24.4,24.4,24.5,24.4,24.3,24.3,24.4,24.3,24.4,24.3,24.4,24.3,24.4,24.4,24.3,24.3,24.4,24.4,24.4,24.3,24.3,24.3,24.4,24.4,24.3,24.3,24.3,24.3,24.2,24.3,24.4,24.4,24.3,24.3,24.2,24.3,24.3,24.3,24.2,24.2,24.1,24.2,24.1,24.1,24.2,24.0,24.3,24.0,24.1,24.0,24.1,24.0,23.8,24.1,24.1,23.9,23.8,23.7,23.8,23.7,23.7,23.7,23.7,23.7,23.5,23.4,23.5,23.5,23.3,23.4,23.4,23.1,23.1,23.0,22.9,23.0,22.9,22.8,22.9,22.8,22.9,22.7,22.7,22.8,22.8,22.6,22.8,22.7,22.7,22.6,22.6,22.5,22.5,22.7,22.6,23.0,23.1,23.4,23.6,23.5,23.5,23.5,23.7,23.7,23.6,23.7,23.6,23.7,23.7,23.5,23.8,23.8,23.7,23.9,23.7,23.8,23.7,23.7,23.8,24.0,23.9,23.8,23.7,23.9,23.8,23.7,23.9,23.8,24.0,23.9,23.9,24.0,23.8,23.8,23.9,24.0,24.0,23.8,23.9,23.8,24.0,23.9,23.9,24.0,24.0,23.9,23.9,23.9,24.0,23.8,24.0,23.9,24.0,23.8,23.9,24.0,24.0,23.8,24.0,24.0,23.9,23.8,23.9,24.0,24.0,23.8,23.8,23.9,24.0
212,24.5,24.5,24.3,24.5,24.4,24.5,24.3,24.4,24.4,24.4,24.4,24.2,24.5,24.4,24.3,24.3,24.4,24.4,24.3,24.2,24.3,24.3,24.4,24.3,24.3,24.4,24.3,24.3,24.3,24.3,24.3,24.3,24.3,24.3,24.3,24.2,24.3,24.4,24.4,24.4,24.3,24.4,24.3,24.3,24.4,24.4,24.3,24.4,24.3,24.3,24.1,24.3,24.2,24.3,24.3,24.3,24.3,24.3,24.0,24.2,24.3,24.2,24.1,24.1,24.1,24.1,24.2,24.3,24.0,24.1,24.1,23.9,24.0,24.0,24.0,23.9,24.0,24.0,23.9,23.8,23.9,23.7,23.9,23.8,23.7,23.5,23.6,23.7,23.5,23.4,23.5,23.6,23.2,23.4,23.1,23.2,23.2,22.9,22.9,23.0,23.0,22.9,22.7,22.9,22.8,22.8,23.0,23.0,22.8,22.7,22.8,22.7,22.7,22.5,22.5,22.6,22.6,22.7,22.9,23.0,23.2,23.4,23.5,23.5,23.5,23.5,23.7,23.7,23.6,23.6,23.5,23.7,23.5,23.7,23.7,23.7,23.7,23.7,23.7,23.7,23.8,23.7,23.8,23.9,23.8,23.7,23.8,23.7,23.9,23.7,23.7,23.9,24.0,24.0,23.8,23.9,23.8,23.9,23.9,23.8,23.8,23.8,23.9,23.9,23.8,23.8,23.8,23.7,23.8,23.8,23.9,23.8,23.9,24.0,23.9,23.9,23.8,24.0,23.7,24.0,23.9,23.8,23.9,23.9,23.8,24.0,24.0,24.0,23.8,23.9,23.9,24.0
213,24.5,24.5,24.3,24.4,24.2,24.4,24.3,24.4,24.4,24.3,24.4,24.4,24.4,24.3,24.4,24.5,24.3,24.3,24.1,24.4,24.4,24.2,24.4,24.4,24.3,24.3,24.5,24.3,24.4,24.4,24.3,24.3,24.3,24.3,24.3,24.4,24.3,24.4,24.5,24.5,24.4,24.4,24.3,24.3,24.4,24.4,24.3,24.4,24.4,24.3,24.2,24.3,24.3,24.3,24.2,24.3,24.3,24.2,24.3,24.3,24.3,24.2,24.1,24.0,24.2,24.1,24.1,24.1,24.2,24.1,24.0,24.0,24.0,24.0,24.0,23.8,23.8,23.9,23.9,23.8,23.8,23.8,23.7,23.6,23.7,23.7,23.5,23.5,23.6,23.5,23.4,23.4,23.3,23.2,23.2,23.2,23.1,23.2,23.1,23.1,23.1,22.8,23.0,23.1,22.9,23.0,23.0,23.0,22.9,22.8,22.7,22.8,22.9,22.6,22.8,22.5,22.6,22.7,23.1,23.2,23.3,23.4,23.5,23.4,23.7,23.6,23.6,23.7,23.5,23.7,23.7,23.7,23.7,23.7,23.7,23.7,23.8,23.7,23.8,23.7,23.9,23.8,23.9,23.8,23.8,23.7,23.8,23.9,23.8,23.8,23.7,23.9,23.8,23.9,23.8,23.9,23.9,23.8,23.9,23.9,23.9,23.9,23.9,23.8,23.9,24.0,23.9,23.9,23.9,23.8,24.0,23.9,23.9,23.9,23.8,23.9,23.9,23.9,23.8,23.8,24.0,24.0,23.9,23.9,24.0,23.9,23.8,24.0,23.9,23.9,24.0,24.0
214,24.6,24.5,24.3,24.5,24.5,24.5,24.3,24.4,24.2,24.4,24.5,24.4,24.4,24.4,24.4,24.3,24.2,24.3,24.3,24.3,24.3,24.4,24.4,24.3,24.5,24.4,24.3,24.4,24.4,24.4,24.4,24.3,24.4,24.3,24.3,24.4,24.4,24.3,24.3,24.5,24.4,24.4,24.3,24.5,24.4,24.3,24.3,24.4,24.3,24.3,24.3,24.3,24.4,24.2,24.4,24.3,24.1,24.3,24.3,24.3,24.2,24.3,24.2,24.2,24.2,24.1,23.9,24.2,24.1,24.1,24.0,24.2,24.0,24.0,24.0,24.0,24.0,24.0,23.9,24.0,23.8,23.8,23.8,23.7,23.5,23.6,23.5,23.5,23.7,23.6,23.5,23.3,23.3,23.4,23.3,23.2,23.1,23.1,23.1,23.1,23.2,23.2,23.1,23.0,23.1,23.1,23.0,23.0,23.0,23.0,22.9,22.9,22.8,22.9,22.8,22.7,22.7,22.9,23.1,23.3,23.4,23.5,23.5,23.5,23.7,23.6,23.7,23.6,23.7,23.8,23.7,23.7,23.7,23.7,23.7,23.8,23.7,23.8,23.7,23.8,23.9,23.7,23.8,23.9,23.8,23.8,23.8,23.8,23.8,23.8,23.8,23.8,23.7,24.0,23.7,23.9,23.8,23.8,24.0,23.9,23.8,23.8,23.9,23.9,23.9,24.0,23.9,23.8,23.8,23.9,23.9,23.9,24.0,23.8,24.0,23.9,24.0,23.8,23.9,23.9,23.9,24.1,23.9,23.8,24.0,23.9,24.1,23.9,24.0,23.8,24.0,24.0
215,24.5,24.4,24.4,24.5,24.3,24.3,24.4,24.3,24.3,24.3,24.3,24.3,24.4,24.3,24.3,24.4,24.4,24.4,24.2,24.3,24.4,24.3,24.4,24.3,24.3,24.3,24.3,24.5,24.2,24.3,24.3,24.0,24.3,24.3,24.4,24.4,24.3,24.3,24.4,24.4,24.3,24.3,24.3,24.5,24.3,24.2,24.3,24.3,24.3,24.3,24.2,24.2,24.3,24.3,24.2,24.3,24.2,24.3,24.2,24.1,24.1,24.2,24.2,24.2,24.2,24.0,24.0,24.0,24.1,24.1,24.2,24.0,24.0,23.9,24.0,23.9,24.1,23.9,23.9,23.7,23.7,23.7,23.7,23.6,23.7,23.8,23.6,23.7,23.6,23.4,23.6,23.3,23.4,23.3,23.4,23.3,23.3,23.1,23.3,23.1,23.2,23.2,23.1,23.1,23.2,23.2,23.2,23.0,23.1,23.0,23.0,22.8,22.9,22.9,22.8,22.9,22.8,23.0,23.1,23.3,23.4,23.5,23.5,23.6,23.6,23.7,23.7,23.7,23.7,23.7,23.7,23.8,23.7,23.7,23.7,23.5,23.8,23.7,23.7,23.9,23.8,23.9,23.7,23.8,23.7,23.8,23.7,23.7,23.9,23.9,23.7,23.9,23.9,23.9,23.8,23.8,23.8,24.0,23.9,24.0,23.7,23.8,23.9,23.8,23.9,23.8,24.0,24.0,23.9,24.0,23.9,23.9,23.8,23.8,23.9,23.9,24.0,24.0,23.9,23.8,24.0,23.9,23.9,24.0,23.9,24.0,23.8,23.8,24.1,23.8,24.0,23.9
216,24.5,24.5,24.3,24.5,24.3,24.5,24.4,24.3,24.2,24.5,24.3,24.3,24.4,24.4,24.2,24.3,24.3,24.3,24.2,24.2,24.2,24.4,24.3,24.4,24.4,24.2,24.4,24.3,24.2,24.4,24.2,24.3,24.4,24.2,24.4,24.3,24.3,24.3,24.2,24.3,24.1,24.2,24.3,24.3,24.3,24.2,24.1,24.2,24.2,24.3,24.3,24.3,24.3,24.2,24.2,24.2,24.2,24.1,24.2,24.3,24.2,24.2,24.2,24.2,24.1,24.0,24.1,24.0,24.1,24.0,23.9,24.1,24.2,24.0,24.0,23.8,24.0,24.0,24.0,24.0,23.8,23.9,23.7,23.7,23.7,23.7,23.5,23.5,23.7,23.5,23.5,23.2,23.5,23.3,23.4,23.3,23.3,23.3,23.3,23.3,23.1,23.1,23.1,23.3,23.3,23.3,23.2,23.1,23.0,23.0,22.9,22.8,23.1,22.8,22.7,23.0,22.8,22.9,23.2,23.4,23.5,23.5,23.6,23.7,23.5,23.7,23.5,23.6,23.7,23.7,23.6,23.7,23.7,23.8,23.8,23.7,23.8,23.8,23.8,23.8,23.9,23.7,23.8,23.8,23.8,23.8,23.7,23.9,23.8,23.9,23.8,23.8,23.9,23.8,23.8,23.8,23.8,23.9,23.8,23.8,23.8,23.9,24.0,23.7,24.0,23.8,23.9,23.9,24.0,23.9,24.0,24.0,23.7,24.1,24.0,24.0,24.0,23.9,23.8,23.9,24.0,24.0,23.9,24.0,24.0,24.0,24.0,24.0,24.0,23.9,24.0,23.9
217,24.3,24.5,24.3,24.5,24.3,24.4,24.1,24.4,24.3,24.4,24.2,24.3,24.4,24.3,24.2,24.3,24.3,24.3,24.3,24.3,24.4,24.3,24.3,24.2,24.2,24.1,24.2,24.1,24.3,24.3,24.2,24.2,24.2,24.3,24.2,24.3,24.2,24.2,24.3,24.3,24.2,24.2,24.2,24.2,24.2,24.2,24.3,24.3,24.4,24.4,24.0,24.2,24.3,24.4,24.4,24.3,24.1,24.3,24.3,24.3,24.3,24.1,24.3,24.1,24.1,24.2,23.9,24.0,24.0,24.1,24.0,24.0,24.0,24.0,24.0,23.9,23.8,23.9,23.8,23.8,23.8,23.7,23.7,23.8,23.6,23.5,23.5,23.5,23.7,23.5,23.4,23.3,23.3,23.2,23.4,23.2,23.2,23.4,23.3,23.2,23.2,23.1,23.2,23.2,22.9,23.2,22.9,23.1,23.1,23.1,23.1,22.9,23.1,22.9,22.9,23.1,22.8,23.0,23.1,23.4,23.6,23.6,23.5,23.6,23.6,23.7,23.6,23.7,23.7,23.6,23.7,23.7,23.7,23.7,23.7,23.7,23.7,23.6,23.7,24.0,23.8,23.7,23.8,23.9,23.9,23.8,23.8,23.7,23.8,24.0,23.8,23.8,23.8,23.8,23.7,23.7,23.8,23.9,23.8,23.7,23.8,23.8,23.9,23.9,23.7,23.7,23.7,23.7,23.9,23.8,23.9,24.0,23.9,23.9,23.8,23.8,23.9,23.9,23.9,23.9,23.9,24.0,23.8,23.8,23.9,23.8,24.0,23.9,23.9,24.0,23.9,24.0
218,24.4,24.6,24.3,24.4,24.4,24.4,24.2,24.3,24.3,24.4,24.4,24.3,24.3,24.3,24.2,24.1,24.2,24.3,24.2,24.3,24.4,24.3,24.3,24.4,24.3,24.2,24.2,24.2,24.1,24.3,24.3,24.3,24.1,24.1,24.3,24.3,24.2,24.3,24.2,24.2,24.3,24.1,24.1,24.3,24.0,24.1,24.1,24.3,24.1,24.2,24.0,24.2,24.2,24.1,24.3,24.1,24.2,24.3,24.2,24.3,24.2,24.2,24.0,24.0,24.1,24.0,24.1,23.9,23.9,24.0,23.9,24.0,24.0,23.7,23.9,23.8,23.9,23.8,23.8,23.7,23.7,23.7,23.7,23.7,23.7,23.5,23.6,23.5,23.5,23.5,23.5,23.4,23.4,23.3,23.1,23.3,23.3,23.3,23.3,23.3,23.3,23.2,23.4,23.4,23.2,23.1,23.2,23.1,23.1,23.1,23.1,22.7,23.0,22.9,22.8,22.8,22.7,23.1,23.3,23.5,23.5,23.5,23.5,23.6,23.7,23.5,23.7,23.5,23.7,23.6,23.6,23.7,23.7,23.8,23.9,23.8,23.8,23.7,23.8,23.8,23.8,23.8,23.8,23.7,23.7,23.8,23.8,24.1,23.7,23.8,23.7,23.8,23.8,23.9,23.8,23.8,23.8,23.9,23.9,23.7,23.9,23.8,23.9,24.0,23.9,23.9,23.9,24.0,24.1,23.8,23.8,23.9,23.7,23.9,24.0,24.0,24.0,23.8,23.9,24.0,23.8,23.8,23.8,23.8,24.0,24.0,24.0,23.9,23.9,24.0,24.0,23.9
219,24.5,24.4,24.4,24.3,24.4,24.2,24.3,24.3,24.4,24.2,24.3,24.1,24.3,24.3,24.3,24.4,24.3,24.2,24.3,24.4,24.3,24.2,24.3,24.3,24.3,24.4,24.2,24.3,24.4,24.3,24.2,24.3,24.3,24.3,24.3,24.2,24.3,24.3,24.3,24.3,24.3,24.2,24.1,24.3,24.1,24.2,24.2,24.3,24.3,24.2,24.2,24.2,24.1,24.1,24.2,24.1,24.2,24.2,24.1,24.2,24.1,24.1,24.2,24.2,24.2,24.0,24.1,24.0,24.0,24.0,24.0,24.0,23.9,23.9,23.9,24.0,24.0,23.9,24.0,24.0,23.7,23.8,23.7,23.7,23.7,23.6,23.5,23.6,23.4,23.4,23.4,23.5,23.3,23.5,23.3,23.5,23.2,23.3,23.2,23.2,23.3,23.2,23.2,23.3,23.1,23.2,23.0,23.1,23.0,23.1,23.0,22.9,22.9,22.8,22.8,22.8,22.8,22.8,23.3,23.4,23.6,23.5,23.5,23.5,23.6,23.5,23.5,23.7,23.7,23.7,23.5,23.7,23.8,23.7,23.7,23.8,23.9,23.7,23.6,23.8,23.9,23.9,23.8,23.7,23.7,23.9,23.9,23.7,23.8,23.8,23.8,23.9,23.9,23.9,23.9,24.0,23.7,24.0,23.8,23.7,23.7,23.8,23.9,23.8,23.9,23.9,23.8,23.7,23.9,23.9,23.9,24.0,23.8,24.0,23.9,23.8,23.9,23.9,23.7,23.8,24.1,23.9,24.0,23.9,23.9,23.9,24.0,24.0,23.8,23.8,24.0,23.8
220,24.4,24.3,24.4,24.5,24.4,24.5,24.4,24.5,24.3,24.3,24.4,24.3,24.3,24.3,24.3,24.3,24.2,24.2,24.2,24.4,24.4,24.3,24.1,24.3,24.4,24.3,24.3,24.3,24.3,24.3,24.2,24.2,24.1,24.3,24.3,24.2,24.3,24.3,24.2,24.2,24.3,24.3,24.1,24.2,24.2,24.2,24.3,24.0,24.3,24.2,24.2,24.2,24.3,24.3,24.2,24.2,24.3,24.1,24.2,24.2,24.1,24.3,24.2,24.3,24.1,24.1,24.1,24.0,24.0,24.1,24.0,24.0,24.0,23.8,24.1,23.7,23.8,23.8,23.7,23.8,23.7,23.7,23.7,23.5,23.6,23.6,23.4,23.5,23.5,23.6,23.5,23.3,23.3,23.2,23.4,23.3,23.3,23.2,23.3,23.3,23.1,23.1,23.1,23.2,23.1,23.1,23.1,23.1,23.1,23.0,23.1,22.8,23.0,22.8,22.8,23.0,22.7,23.2,23.4,23.4,23.4,23.7,23.7,23.4,23.5,23.5,23.7,23.7,23.7,23.6,23.8,23.8,23.8,23.9,23.7,23.7,23.8,23.7,23.7,23.7,23.7,23.8,23.7,23.7,23.7,23.8,23.9,23.7,23.8,23.8,23.8,23.9,23.7,23.9,23.7,23.8,23.8,23.9,23.9,24.0,23.9,23.9,23.9,23.7,24.0,23.8,23.9,23.8,23.9,23.9,23.9,23.9,24.0,23.8,23.9,24.0,23.8,23.9,24.0,23.9,23.8,23.8,23.9,23.7,23.9,23.9,23.9,23.9,24.0,24.0,23.9,24.0
221,24.5,24.6,24.4,24.5,24.3,24.4,24.4,24.4,24.4,24.3,24.3,24.2,24.4,24.3,24.3,24.2,24.2,24.2,24.3,24.3,24.2,24.3,24.3,24.2,24.3,24.3,24.5,24.4,24.3,24.2,24.3,24.2,24.2,24.3,24.3,24.2,24.2,24.3,24.4,24.2,24.2,24.2,24.2,24.1,24.2,24.2,24.3,24.3,24.3,24.2,24.2,24.2,24.3,24.3,24.2,24.1,24.3,24.3,24.1,24.3,24.2,24.2,24.1,24.0,24.1,24.1,24.0,24.2,24.1,24.0,23.9,24.0,24.0,24.0,24.0,23.9,24.0,23.8,23.9,23.8,23.7,23.7,23.7,23.7,23.7,23.7,23.5,23.7,23.8,23.5,23.5,23.6,23.4,23.3,23.4,23.5,23.2,23.4,23.3,23.3,23.3,23.2,23.1,23.1,23.2,23.0,23.1,23.1,23.1,23.1,23.1,23.0,23.0,22.8,22.7,22.9,22.9,23.0,23.4,23.5,23.7,23.5,23.5,23.5,23.7,23.6,23.7,23.7,23.7,23.7,23.7,23.8,23.7,23.5,23.7,23.7,23.8,23.6,23.7,23.7,23.7,23.8,23.7,23.7,23.9,23.6,23.8,23.6,23.9,23.9,23.9,23.8,23.8,24.0,23.9,23.9,23.7,23.9,23.7,23.9,23.8,23.8,23.8,23.8,24.0,23.8,23.8,23.8,23.7,23.9,23.9,23.9,24.0,23.9,24.0,23.7,23.8,23.9,23.7,24.0,23.9,24.0,24.0,23.8,24.0,24.0,23.8,23.9,23.8,23.8,23.9,24.0
222,24.4,24.3,24.3,24.3,24.4,24.3,24.4,24.4,24.4,24.3,24.3,24.2,24.3,24.2,24.3,24.3,24.2,24.2,24.3,24.1,24.2,24.1,24.2,24.3,24.3,24.2,24.3,24.4,24.3,24.3,24.2,24.1,24.2,24.1,24.3,24.2,24.3,24.2,24.2,24.3,24.2,24.1,24.1,24.4,24.1,24.2,24.0,24.0,24.3,24.2,24.0,24.2,24.2,24.1,24.2,24.1,24.1,24.1,24.1,24.1,23.9,24.2,24.1,24.2,24.2,24.2,24.0,24.1,24.0,24.2,24.0,24.0,23.8,23.9,23.9,23.9,23.9,23.9,23.8,23.9,23.7,23.7,23.7,23.8,23.7,23.6,23.3,23.5,23.5,23.3,23.4,23.4,23.3,23.3,23.3,23.3,23.2,23.4,23.2,23.2,23.3,23.2,23.0,23.0,23.2,23.1,23.0,23.1,23.0,23.1,23.0,23.1,23.0,22.9,22.8,22.8,22.9,23.0,23.3,23.4,23.5,23.7,23.5,23.5,23.7,23.8,23.6,23.5,23.6,23.6,23.7,23.6,23.5,23.6,23.7,23.7,23.9,23.7,23.7,23.8,23.7,23.7,23.7,23.8,23.7,23.7,23.8,23.8,23.7,23.7,23.7,23.9,23.8,23.8,23.7,23.7,23.6,23.8,23.8,23.7,23.9,23.8,23.8,23.7,23.9,23.9,23.9,24.0,23.8,23.8,23.7,23.9,23.9,24.1,23.8,23.8,23.9,23.8,23.7,23.9,23.9,23.8,23.8,23.8,23.8,23.9,23.9,24.0,24.0,23.8,24.0,23.8
223,24.4,24.4,24.3,24.2,24.3,24.2,24.3,24.4,24.3,24.3,24.3,24.2,24.1,24.4,24.3,24.2,24.1,24.1,24.3,24.3,24.1,24.3,24.1,24.2,24.2,24.2,24.3,24.3,24.1,24.3,24.1,24.2,24.2,24.1,24.0,24.0,24.0,24.2,24.1,24.1,24.1,24.2,24.2,24.2,24.0,24.2,24.2,24.3,24.0,24.1,24.2,24.0,24.1,24.1,24.2,23.9,24.0,24.2,24.1,24.2,24.0,24.3,24.1,24.2,24.1,24.0,24.0,24.0,23.9,23.9,24.1,23.9,23.8,23.8,24.0,24.0,23.9,23.9,23.8,23.7,23.8,23.7,23.7,23.7,23.7,23.7,23.7,23.5,23.4,23.4,23.4,23.5,23.4,23.3,23.3,23.3,23.3,23.4,23.3,23.3,23.1,23.2,23.1,23.1,23.2,23.1,23.0,23.2,22.8,23.0,22.8,22.9,22.9,22.8,22.8,23.0,22.9,23.1,23.3,23.4,23.6,23.7,23.6,23.5,23.6,23.7,23.7,23.6,23.6,23.7,23.5,23.7,23.6,23.7,23.7,23.7,23.6,23.6,23.5,23.7,23.7,23.7,23.7,23.7,23.7,23.8,23.7,23.8,23.9,23.7,23.7,23.9,23.8,23.8,23.7,23.8,23.9,23.8,23.7,23.7,23.8,23.8,23.6,23.9,24.0,23.9,23.9,23.9,23.8,24.0,23.8,23.9,23.9,23.9,23.8,23.8,23.7,23.7,23.9,23.9,23.9,23.9,23.8,24.0,23.8,23.9,24.0,24.0,24.0,23.9,23.9,23.9
224,24.3,24.4,24.3,24.3,24.3,24.3,24.3,24.3,24.3,24.3,24.3,24.0,24.3,24.3,24.3,24.1,24.2,24.4,24.3,24.2,24.2,24.2,24.2,24.3,24.2,24.1,24.1,24.3,24.3,24.2,24.1,24.2,24.1,24.0,24.1,24.2,24.1,24.2,24.1,24.3,24.2,24.2,24.3,24.1,24.3,24.3,24.2,24.2,24.1,24.3,24.2,24.1,24.1,24.2,24.2,24.0,24.0,24.1,24.0,24.0,24.0,24.0,24.0,24.2,24.0,23.9,24.1,24.1,23.9,24.0,24.0,24.0,23.9,24.0,23.9,23.9,23.9,24.0,23.8,23.7,23.7,23.8,23.7,23.8,23.7,23.5,23.6,23.5,23.4,23.4,23.3,23.4,23.4,23.3,23.2,23.4,23.3,23.3,23.0,23.2,23.1,23.2,23.0,23.1,23.0,23.0,23.1,23.0,23.0,23.0,23.0,22.9,22.8,22.7,22.7,22.8,22.9,23.2,23.4,23.5,23.5,23.5,23.5,23.5,23.7,23.7,23.6,23.5,23.7,23.5,23.7,23.7,23.7,23.6,23.7,23.6,23.7,23.7,23.7,23.7,23.7,23.7,23.7,23.6,23.6,23.7,23.8,23.7,23.7,23.7,23.8,23.9,23.8,23.8,23.7,23.7,23.8,23.6,23.7,23.8,23.7,23.7,23.8,23.8,23.7,23.7,23.7,23.9,23.9,23.8,23.8,23.9,23.8,23.8,23.8,23.8,23.7,23.9,23.9,23.8,23.9,23.9,23.8,24.0,23.8,24.0,23.7,23.8,23.9,23.8,23.8,23.9
225,24.4,24.4,24.3,24.4,24.4,24.5,24.4,24.4,24.4,24.3,24.3,24.3,24.3,24.1,24.2,24.3,24.2,24.2,24.0,24.3,24.3,24.2,24.0,24.1,24.2,24.1,24.2,24.2,24.2,24.1,24.2,24.2,24.0,24.1,24.2,24.1,24.0,24.0,24.1,24.2,24.1,24.0,24.1,24.3,24.1,24.0,24.3,24.2,24.2,24.2,24.2,24.1,24.3,24.2,24.1,24.2,24.2,24.2,24.1,24.1,24.0,24.3,24.1,24.1,24.1,24.0,23.9,23.8,24.0,24.1,24.0,23.9,23.9,23.9,23.8,24.0,24.0,23.9,23.8,23.8,23.7,23.8,23.7,23.7,23.6,23.6,23.5,23.5,23.3,23.3,23.3,23.4,23.2,23.4,23.3,23.3,23.4,23.3,23.2,23.3,23.3,23.2,23.1,23.2,23.0,23.1,23.1,22.9,22.9,22.7,23.0,22.8,22.8,22.8,22.8,22.7,22.8,23.1,23.4,23.5,23.4,23.4,23.5,23.5,23.6,23.6,23.6,23.7,23.7,23.5,23.7,23.6,23.5,23.7,23.7,23.7,23.6,23.7,23.8,23.8,23.8,23.7,23.7,23.7,23.7,23.9,23.7,23.7,23.7,23.8,23.8,23.7,23.8,23.9,23.8,23.8,23.6,23.7,23.8,23.9,23.7,23.8,23.7,24.0,23.8,23.8,23.9,23.9,23.9,23.9,23.9,23.8,23.8,23.9,23.9,23.8,24.0,24.0,23.8,23.8,23.8,24.1,24.0,23.8,23.8,23.9,24.0,24.0,23.9,23.9,23.9,24.0
226,24.4,24.3,24.4,24.5,24.4,24.3,24.1,24.4,24.3,24.2,24.1,24.3,24.3,24.3,24.1,24.2,24.3,24.3,24.2,24.2,24.3,24.1,24.0,24.1,24.3,24.1,24.1,24.3,24.1,24.1,24.3,24.2,24.1,24.2,24.2,24.2,24.2,24.1,24.1,24.0,24.3,24.2,24.1,24.1,24.2,24.2,24.0,24.2,24.3,24.1,24.0,24.1,24.2,24.1,24.0,24.1,24.0,24.1,24.0,24.1,24.1,24.1,23.9,24.0,24.0,24.1,24.0,24.0,24.0,24.0,24.0,24.0,24.0,23.8,24.0,23.7,23.9,23.9,23.8,23.9,23.7,23.6,23.5,23.6,23.6,23.7,23.7,23.5,23.5,23.5,23.3,23.4,23.4,23.3,23.4,23.3,23.3,23.3,23.3,23.3,23.1,23.3,23.2,23.1,23.0,23.2,23.0,23.0,22.9,23.0,22.9,22.7,23.0,22.8,22.9,22.8,23.0,23.2,23.4,23.5,23.5,23.7,23.5,23.5,23.5,23.6,23.7,23.7,23.5,23.6,23.7,23.7,23.7,23.7,23.6,23.6,23.7,23.6,23.7,23.7,23.7,23.7,23.6,23.7,23.8,23.7,23.7,23.7,23.8,23.8,23.5,23.7,23.7,23.7,23.7,23.7,23.7,23.7,23.8,23.8,23.7,23.6,23.8,23.7,23.9,23.7,23.7,23.8,24.0,23.7,23.8,23.9,24.0,23.9,23.9,23.8,23.9,23.9,23.7,23.8,23.9,23.9,23.9,23.9,23.9,23.9,24.0,23.9,24.0,23.9,24.1,23.9
227,24.3,24.3,24.4,24.4,24.4,24.3,24.4,24.1,24.1,24.4,24.1,24.1,24.3,24.3,24.1,24.2,24.0,24.2,24.1,24.3,24.1,24.2,24.0,24.1,24.0,24.1,24.0,24.3,24.2,24.1,24.1,24.3,24.1,24.0,24.1,24.2,24.0,24.1,24.3,24.3,24.1,24.2,24.0,24.2,24.0,24.2,24.0,24.1,24.0,23.9,24.1,24.0,24.0,24.1,24.1,24.1,24.0,24.1,24.2,23.9,24.1,24.1,24.0,24.0,24.0,24.0,23.9,24.0,24.0,24.1,23.8,23.9,23.8,23.9,23.9,23.6,23.7,23.7,23.7,23.8,23.8,23.7,23.6,23.7,23.5,23.6,23.5,23.7,23.5,23.6,23.4,23.5,23.3,23.3,23.2,23.2,23.4,23.1,23.2,23.3,23.3,23.1,23.1,23.3,23.1,23.0,22.9,23.0,23.1,22.8,22.9,22.8,22.8,22.8,23.0,23.0,23.1,23.2,23.3,23.4,23.5,23.5,23.7,23.6,23.7,23.6,23.6,23.5,23.5,23.7,23.6,23.6,23.6,23.6,23.7,23.7,23.6,23.7,23.5,23.6,23.7,23.6,23.7,23.6,23.7,23.7,23.8,23.8,23.7,23.7,23.7,23.7,23.8,23.7,23.7,23.7,23.8,23.7,23.9,23.6,23.7,23.8,23.8,23.8,23.9,23.8,23.8,23.7,23.9,23.7,23.8,23.9,23.7,23.7,23.8,23.9,23.7,23.8,23.8,23.7,24.0,23.8,23.7,23.8,23.8,24.0,24.0,23.7,23.8,23.9,23.9,23.8
228,24.3,24.2,24.1,24.3,24.3,24.3,24.0,24.3,24.3,24.2,24.4,24.3,24.2,24.0,24.3,24.0,24.2,24.0,24.0,24.2,24.2,24.0,24.0,24.0,24.2,24.0,24.1,24.1,24.1,24.1,24.1,24.1,24.0,24.1,24.2,24.2,24.1,24.1,24.1,24.1,24.2,24.2,24.1,24.1,24.0,24.0,24.0,24.0,24.0,24.1,24.1,24.0,24.1,24.3,24.1,24.0,24.0,24.2,23.9,24.0,24.1,24.1,24.0,24.2,24.1,24.0,24.0,23.9,24.0,24.0,23.8,24.0,24.0,23.9,23.9,23.7,23.7,23.7,23.8,23.6,23.8,23.7,23.7,23.5,23.7,23.7,23.6,23.4,23.7,23.4,23.4,23.5,23.2,23.3,23.2,23.3,23.2,23.2,23.3,23.2,23.2,23.2,23.1,23.1,22.9,23.0,22.9,22.8,22.9,22.9,22.8,22.9,22.8,22.9,22.9,23.1,23.3,23.2,23.4,23.5,23.6,23.5,23.5,23.3,23.5,23.7,23.6,23.7,23.6,23.5,23.5,23.7,23.7,23.5,23.5,23.6,23.7,23.7,23.5,23.7,23.7,23.6,23.5,23.6,23.7,23.7,23.7,23.8,23.7,23.8,23.8,23.7,23.8,23.8,23.7,23.7,23.6,23.7,23.7,23.7,23.7,23.8,23.8,23.8,23.6,23.8,23.7,23.7,23.7,23.9,23.9,23.8,23.8,23.8,23.7,23.8,23.7,23.7,23.7,23.7,23.7,23.8,23.8,23.7,23.8,23.8,23.9,23.7,23.6,23.7,23.9,23.9
229,24.4,24.4,24.3,24.4,24.3,24.3,24.1,24.3,24.1,24.3,24.3,24.3,24.3,24.1,24.1,24.2,24.0,24.2,24.1,24.1,24.2,24.0,24.1,24.1,24.2,24.0,24.1,24.1,24.0,24.0,23.9,24.1,24.1,24.0,24.2,24.0,24.2,24.1,24.0,24.1,23.9,24.3,24.2,24.1,24.1,24.0,24.1,24.0,24.2,23.9,24.2,24.1,24.1,24.2,24.1,24.0,24.1,24.2,24.2,24.1,24.0,24.2,24.0,24.1,24.0,24.0,23.9,24.0,24.0,24.1,23.8,24.0,23.9,23.7,23.7,23.9,23.8,23.6,23.7,23.7,23.7,23.7,23.5,23.7,23.7,23.7,23.4,23.5,23.4,23.4,23.5,23.4,23.4,23.2,23.2,23.4,23.3,23.3,23.3,23.2,23.1,23.0,23.0,23.1,23.1,22.9,22.8,22.9,23.0,23.0,23.0,22.8,22.8,23.0,23.1,23.1,23.3,23.2,23.5,23.5,23.5,23.4,23.5,23.4,23.6,23.5,23.4,23.6,23.5,23.4,23.6,23.5,23.7,23.6,23.5,23.6,23.7,23.7,23.5,23.6,23.6,23.5,23.7,23.7,23.6,23.5,23.7,23.7,23.7,23.7,23.7,23.6,23.7,23.6,23.7,23.7,23.8,23.7,23.7,23.7,23.7,23.7,23.7,23.6,23.7,23.7,23.6,23.9,23.7,23.9,23.9,23.8,23.7,24.0,23.8,23.7,23.9,23.7,23.7,23.8,23.8,23.8,23.7,23.8,23.7,23.9,23.8,23.9,23.8,23.7,23.8,23.9
230,24.3,24.3,24.3,24.2,24.2,24.3,24.1,24.1,24.3,24.3,24.1,24.3,24.1,24.2,24.2,24.1,24.1,24.0,24.2,24.2,24.2,24.0,24.2,24.2,24.1,24.1,24.2,24.0,24.0,24.2,24.0,24.2,24.1,23.9,24.1,24.0,24.1,24.0,24.1,24.2,24.1,24.0,24.0,24.1,24.0,24.0,24.3,24.1,24.1,24.0,24.0,24.0,24.1,24.0,24.0,24.0,24.2,24.1,24.0,24.0,24.0,23.9,23.9,24.1,24.0,24.0,23.9,23.9,24.0,24.0,24.0,23.8,24.0,24.0,24.0,23.7,23.7,23.7,23.7,23.7,23.7,23.5,23.5,23.5,23.5,23.4,23.5,23.3,23.6,23.3,23.4,23.5,23.4,23.4,23.3,23.3,23.2,23.1,23.2,23.0,23.3,23.1,23.0,23.0,22.9,22.8,22.7,23.0,23.1,23.1,23.2,23.2,23.3,23.1,23.2,23.4,23.3,23.3,23.5,23.4,23.5,23.6,23.5,23.5,23.6,23.6,23.5,23.7,23.6,23.5,23.5,23.7,23.5,23.5,23.7,23.5,23.7,23.7,23.5,23.7,23.7,23.7,23.7,23.6,23.5,23.7,23.7,23.7,23.7,23.6,23.6,23.8,23.7,23.7,23.7,23.7,23.6,23.7,23.8,23.7,23.7,23.7,23.7,23.7,23.7,23.7,23.7,23.7,23.8,23.9,23.9,24.0,23.7,23.8,23.7,23.7,23.8,23.9,23.8,23.7,23.8,23.8,23.8,24.0,24.1,23.8,23.8,23.9,24.0,23.7,23.9,24.0
231,24.3,24.4,24.2,24.4,24.2,24.1,24.1,24.2,24.2,24.1,24.3,24.1,24.3,24.2,24.3,24.0,24.2,24.2,24.2,24.3,24.1,24.1,24.1,24.1,24.1,24.2,24.2,24.0,24.1,24.1,24.2,24.2,24.1,24.0,24.2,24.3,24.2,24.2,24.1,24.1,24.1,24.1,24.0,23.9,23.9,24.0,24.0,23.9,24.0,23.8,24.0,24.0,23.9,24.2,23.9,24.0,24.1,24.1,24.0,24.1,24.1,23.9,24.0,24.1,24.1,23.8,24.0,23.9,24.0,24.0,23.9,23.8,23.9,23.8,23.7,23.7,23.8,23.7,23.6,23.7,23.7,23.7,23.5,23.6,23.8,23.5,23.5,23.5,23.3,23.5,23.5,23.3,23.4,23.3,23.3,23.2,23.2,23.2,23.3,23.2,23.2,23.1,23.1,23.1,23.1,23.0,22.9,22.9,23.2,23.1,23.1,23.2,23.2,23.3,23.3,23.3,23.4,23.5,23.4,23.6,23.4,23.4,23.6,23.5,23.5,23.5,23.5,23.5,23.6,23.5,23.7,23.5,23.8,23.7,23.5,23.5,23.5,23.7,23.6,23.6,23.5,23.7,23.7,23.7,23.7,23.8,23.6,23.7,23.7,23.7,23.7,23.7,23.7,23.7,23.7,23.5,23.7,23.7,23.7,23.6,23.7,23.7,23.7,23.7,23.8,23.5,23.7,23.6,23.8,23.9,23.9,23.7,23.7,23.9,23.7,23.7,23.7,23.8,23.7,23.8,24.0,23.8,23.8,23.8,23.9,24.0,23.8,24.0,24.0,23.8,23.8,24.0
232,24.4,24.3,24.3,24.1,24.2,24.2,24.2,24.1,24.1,24.3,24.4,24.2,24.3,24.2,24.1,24.2,24.3,24.0,24.3,24.0,24.2,24.0,24.1,24.1,24.0,24.2,24.0,24.0,24.2,24.1,24.0,24.1,24.0,23.9,24.0,24.1,24.0,24.2,24.1,24.2,24.1,24.2,23.8,24.1,24.0,24.2,24.2,24.0,24.0,24.0,24.0,24.0,23.9,24.2,24.0,24.0,24.1,24.1,24.1,24.1,24.0,24.0,23.9,24.0,24.1,23.9,24.0,23.8,23.9,24.0,23.8,23.9,23.9,23.9,23.7,23.7,23.7,23.9,23.5,23.7,23.7,23.6,23.5,23.5,23.4,23.4,23.5,23.5,23.5,23.5,23.3,23.3,23.3,23.4,23.1,23.2,23.3,23.2,23.3,23.0,23.1,23.1,23.1,23.0,22.9,22.9,23.0,23.0,23.2,23.2,23.2,23.2,23.1,23.3,23.2,23.4,23.4,23.5,23.7,23.5,23.5,23.4,23.5,23.4,23.5,23.5,23.6,23.5,23.7,23.6,23.5,23.6,23.8,23.6,23.6,23.6,23.6,23.6,23.7,23.7,23.3,23.6,23.7,23.5,23.5,23.7,23.5,23.5,23.7,23.7,23.6,23.6,23.7,23.8,23.6,23.7,23.5,23.8,23.5,23.8,23.7,23.7,23.7,23.6,23.8,23.7,23.8,23.8,23.7,23.8,23.9,23.7,23.8,23.8,23.7,23.8,23.9,23.9,23.8,23.8,24.0,23.9,23.9,23.9,23.8,24.0,24.0,23.8,23.8,23.8,23.8,23.9
233,24.3,24.3,24.3,24.2,24.2,24.2,24.2,24.3,24.3,24.2,24.3,24.1,24.1,24.1,24.3,24.1,24.2,24.2,24.3,24.0,24.2,24.1,24.1,24.1,24.2,24.0,24.2,24.1,23.9,24.2,24.1,24.0,24.0,23.9,24.1,24.1,24.1,24.1,24.0,24.0,24.0,24.0,23.9,24.0,24.0,23.9,23.9,24.0,24.0,24.0,24.0,23.8,24.0,23.8,24.1,23.9,24.0,24.0,24.0,23.9,24.1,24.0,23.9,23.9,23.9,23.9,23.9,23.9,24.1,23.9,23.8,23.8,23.8,23.8,23.9,23.7,23.7,23.7,23.5,23.6,23.5,23.5,23.4,23.5,23.6,23.5,23.4,23.5,23.5,23.3,23.6,23.5,23.5,23.3,23.4,23.3,23.2,23.4,23.1,23.1,23.1,23.0,22.8,22.9,22.8,22.9,22.8,22.9,23.1,23.2,23.2,23.3,23.3,23.4,23.5,23.3,23.4,23.5,23.4,23.4,23.5,23.4,23.5,23.5,23.4,23.5,23.4,23.5,23.5,23.5,23.5,23.7,23.5,23.4,23.5,23.5,23.4,23.5,23.5,23.5,23.7,23.5,23.5,23.5,23.5,23.5,23.7,23.6,23.7,23.7,23.7,23.5,23.4,23.7,23.5,23.5,23.5,23.6,23.7,23.8,23.6,23.7,23.7,23.7,23.7,23.6,23.6,23.9,23.7,23.7,23.7,23.8,23.7,23.8,23.8,23.8,23.8,23.7,23.6,23.7,23.7,23.8,23.9,23.7,23.8,23.8,23.9,23.8,23.7,23.8,23.8,23.9
234,24.2,24.3,24.3,24.1,24.1,24.2,24.2,24.0,24.2,24.1,24.2,24.1,24.2,24.1,24.1,24.2,24.0,24.2,24.2,24.1,24.2,24.2,24.2,24.1,24.0,24.1,24.0,24.2,24.0,24.1,24.1,23.9,24.1,24.0,24.0,24.1,24.1,24.0,23.9,24.1,24.1,23.9,24.1,24.0,23.9,24.0,24.0,24.1,24.0,23.8,24.0,24.0,24.1,24.0,24.0,23.8,24.1,24.1,24.0,24.1,24.0,24.0,23.9,24.0,24.0,23.8,23.8,23.9,23.9,23.9,23.8,23.8,23.9,23.8,23.7,23.8,23.7,23.7,23.5,23.6,23.5,23.3,23.6,23.5,23.5,23.5,23.5,23.4,23.5,23.4,23.4,23.3,23.4,23.4,23.2,23.3,23.3,23.2,23.1,23.1,23.2,23.0,23.0,23.0,22.8,22.9,22.7,23.0,23.0,23.1,23.1,23.1,23.4,23.3,23.4,23.5,23.6,23.4,23.5,23.5,23.4,23.7,23.5,23.5,23.4,23.4,23.7,23.7,23.5,23.6,23.5,23.5,23.3,23.4,23.6,23.3,23.6,23.5,23.5,23.4,23.5,23.5,23.5,23.5,23.4,23.5,23.7,23.7,23.5,23.5,23.5,23.6,23.6,23.7,23.5,23.5,23.6,23.7,23.5,23.7,23.7,23.7,23.7,23.8,23.7,23.7,23.7,23.9,23.7,23.7,23.6,23.7,23.7,23.9,23.7,23.7,23.8,23.9,23.8,23.8,23.9,23.8,23.9,23.8,23.9,24.1,23.9,23.9,23.7,23.8,24.0,23.8
235,24.2,24.1,24.1,24.3,24.3,24.0,24.0,24.0,24.1,24.2,24.3,24.1,24.1,24.2,24.1,24.2,24.1,24.0,24.0,24.1,24.0,24.1,24.0,24.1,24.1,24.1,24.0,24.0,23.8,24.0,24.1,24.0,24.0,23.9,24.0,23.9,24.0,24.0,23.9,24.0,24.1,23.8,23.8,23.9,23.9,23.9,24.1,23.9,23.9,23.8,23.9,24.0,23.9,23.8,24.0,24.0,23.8,24.0,23.8,24.0,24.0,23.8,24.0,23.9,23.9,23.9,23.9,23.8,24.0,23.9,23.6,23.7,23.8,23.8,23.7,23.7,23.7,23.7,23.5,23.5,23.6,23.4,23.6,23.5,23.4,23.3,23.3,23.4,23.4,23.4,23.3,23.3,23.2,23.2,23.1,23.3,23.2,23.1,23.1,23.1,22.9,23.1,22.9,22.9,22.7,22.7,22.8,23.0,23.1,23.2,23.2,23.3,23.3,23.4,23.4,23.4,23.4,23.4,23.5,23.5,23.5,23.3,23.5,23.4,23.4,23.4,23.5,23.4,23.4,23.5,23.4,23.4,23.5,23.4,23.6,23.5,23.5,23.4,23.5,23.4,23.5,23.6,23.7,23.5,23.6,23.5,23.6,23.5,23.7,23.5,23.5,23.8,23.7,23.6,23.5,23.7,23.6,23.7,23.6,23.5,23.5,23.7,23.7,23.5,23.8,23.7,23.7,23.7,23.7,23.7,23.7,23.7,23.7,23.9,23.7,23.8,23.7,23.7,23.7,23.8,23.8,23.9,23.9,23.8,24.0,23.8,24.0,23.9,24.0,23.8,23.8,23.8
236,24.2,24.2,24.1,24.0,24.1,24.3,24.1,24.0,24.1,24.2,24.1,24.1,24.3,24.0,24.1,24.0,24.1,23.7,24.1,24.1,24.0,24.0,24.0,24.0,24.0,24.0,24.2,24.0,24.0,24.1,24.1,23.9,23.9,23.9,24.0,24.1,24.0,24.0,24.0,23.9,23.7,23.9,24.0,23.8,23.7,23.9,23.9,24.0,24.0,23.8,23.8,23.9,24.0,24.0,23.9,23.8,23.9,24.0,23.9,24.0,24.0,24.0,24.0,23.9,23.9,23.7,23.8,23.8,23.9,23.7,23.7,23.8,23.8,23.7,23.7,23.7,23.6,23.5,23.7,23.5,23.5,23.4,23.3,23.4,23.4,23.5,23.3,23.3,23.3,23.3,23.3,23.5,23.2,23.4,23.3,23.3,23.3,23.2,23.1,23.1,23.0,22.8,22.8,22.8,22.8,22.8,22.8,23.0,23.1,23.2,23.3,23.3,23.3,23.3,23.3,23.5,23.4,23.4,23.6,23.4,23.5,23.4,23.3,23.3,23.4,23.3,23.3,23.5,23.4,23.5,23.6,23.4,23.6,23.5,23.5,23.5,23.6,23.5,23.5,23.5,23.5,23.5,23.5,23.5,23.5,23.7,23.7,23.7,23.7,23.6,23.5,23.5,23.5,23.7,23.5,23.7,23.7,23.7,23.7,23.7,23.5,23.7,23.7,23.7,23.7,23.7,23.8,23.7,23.5,23.7,23.7,23.8,23.7,23.8,23.7,23.8,23.7,23.8,23.8,23.9,23.8,23.9,23.9,23.9,23.9,24.0,23.9,24.0,23.8,24.0,23.9,24.0
237,24.2,24.2,24.2,24.4,24.1,24.1,24.0,24.1,24.0,24.1,24.2,24.0,24.1,23.9,24.0,24.0,24.0,24.0,24.1,24.0,24.0,24.0,23.9,24.2,24.0,23.8,24.0,23.9,24.2,24.0,24.0,24.0,24.0,24.1,24.0,24.0,24.0,24.1,23.9,23.9,24.1,23.8,23.9,23.9,23.9,24.0,23.8,23.8,24.0,23.9,23.9,23.9,24.0,23.9,24.0,23.9,23.9,24.0,23.9,24.0,23.9,23.9,23.8,24.0,23.8,23.7,23.7,23.8,23.8,23.9,23.6,23.7,23.7,23.6,23.7,23.6,23.7,23.5,23.4,23.7,23.4,23.4,23.4,23.4,23.5,23.4,23.4,23.3,23.4,23.4,23.2,23.3,23.2,23.2,23.3,23.3,23.1,23.0,23.2,23.0,22.9,22.9,22.9,22.8,22.9,22.8,22.9,23.1,23.1,23.2,23.3,23.2,23.2,23.4,23.2,23.3,23.4,23.3,23.5,23.5,23.4,23.4,23.5,23.4,23.4,23.4,23.5,23.5,23.4,23.3,23.3,23.5,23.5,23.5,23.4,23.5,23.5,23.5,23.6,23.7,23.6,23.4,23.6,23.5,23.7,23.6,23.5,23.5,23.6,23.6,23.7,23.6,23.5,23.6,23.5,23.5,23.4,23.6,23.7,23.7,23.7,23.7,23.7,23.6,23.7,23.5,23.7,23.8,23.7,23.7,23.7,23.7,23.8,23.7,23.7,23.7,23.8,23.8,23.7,23.7,23.9,23.7,23.9,23.8,23.9,23.8,23.9,23.9,23.9,23.8,23.9,24.0
238,24.2,24.2,24.2,24.2,24.1,24.1,24.0,24.1,24.0,24.0,24.1,24.1,24.1,24.0,24.1,24.1,24.0,24.0,23.9,24.0,24.0,23.9,23.9,23.9,23.9,24.0,24.2,24.2,24.0,24.1,23.9,24.1,24.0,24.0,24.1,24.0,24.0,24.0,24.1,24.0,24.0,23.9,23.9,23.8,23.8,23.7,23.8,24.0,23.7,24.0,24.0,23.8,23.9,24.0,23.8,23.8,24.0,23.7,23.8,23.7,23.8,23.7,23.8,24.0,23.8,23.7,23.8,23.7,23.7,23.7,23.7,23.7,23.6,23.5,23.6,23.5,23.6,23.6,23.5,23.5,23.3,23.3,23.3,23.2,23.3,23.2,23.3,23.3,23.3,23.2,23.3,23.3,23.2,23.2,23.1,23.3,23.2,23.1,23.2,23.0,22.9,22.9,22.8,22.9,22.9,22.9,23.0,23.1,23.3,23.2,23.2,23.3,23.3,23.3,23.4,23.3,23.3,23.3,23.4,23.3,23.3,23.4,23.4,23.3,23.3,23.5,23.4,23.3,23.2,23.4,23.4,23.5,23.5,23.4,23.4,23.4,23.5,23.3,23.5,23.4,23.3,23.5,23.5,23.3,23.5,23.7,23.6,23.5,23.6,23.6,23.4,23.6,23.5,23.7,23.5,23.6,23.6,23.5,23.7,23.6,23.7,23.5,23.7,23.5,23.7,23.6,23.7,23.5,23.7,23.7,23.6,23.7,23.7,23.8,23.7,23.7,23.8,23.7,23.8,23.9,23.9,23.8,23.7,24.0,23.8,23.8,23.6,23.9,23.8,23.7,23.7,23.9
239,24.0,24.0,24.0,24.0,24.0,24.2,24.3,24.0,24.0,24.0,24.1,24.2,24.2,24.1,24.2,24.0,24.0,24.1,24.0,24.0,24.0,24.0,24.0,24.2,23.9,23.9,24.1,23.9,23.8,23.9,23.9,23.8,24.0,23.9,23.9,24.1,23.8,24.0,23.8,23.7,23.8,23.9,23.8,23.9,23.7,23.8,23.9,23.9,23.8,23.7,23.7,23.9,23.8,23.8,23.7,23.9,23.8,23.7,23.7,23.8,23.7,23.7,23.7,23.8,23.9,23.8,23.7,23.8,23.6,23.5,23.6,23.5,23.6,23.7,23.5,23.5,23.6,23.6,23.4,23.5,23.4,23.4,23.4,23.4,23.2,23.2,23.1,23.3,23.2,23.3,23.3,23.3,23.2,23.2,23.3,23.2,23.1,23.1,23.2,23.1,23.0,22.9,22.8,22.6,22.9,23.0,23.0,23.0,23.2,23.2,23.2,23.1,23.3,23.2,23.3,23.3,23.3,23.3,23.3,23.4,23.3,23.3,23.4,23.3,23.3,23.4,23.3,23.5,23.3,23.3,23.5,23.4,23.4,23.5,23.4,23.5,23.4,23.5,23.5,23.4,23.5,23.3,23.4,23.5,23.4,23.4,23.6,23.4,23.5,23.7,23.4,23.5,23.5,23.5,23.4,23.4,23.5,23.6,23.4,23.5,23.5,23.7,23.4,23.6,23.6,23.7,23.7,23.5,23.7,23.4,23.7,23.7,23.5,23.8,23.8,23.7,23.7,23.7,23.7,23.7,23.8,23.7,23.7,23.8,23.7,23.9,23.8,23.8,23.8,24.0,24.0,23.9
240,24.0,24.1,24.0,24.1,24.1,24.0,24.1,24.1,24.1,24.0,24.2,24.1,24.2,24.0,24.1,24.1,24.1,24.1,24.0,24.0,24.1,24.0,23.9,24.0,24.0,24.0,24.2,24.0,23.9,24.2,23.8,23.9,23.9,23.7,23.9,23.8,24.0,24.0,23.7,24.0,23.9,23.8,23.9,23.7,23.8,23.8,23.8,23.8,23.9,23.8,23.9,23.6,23.8,23.9,23.9,23.8,23.7,23.8,23.7,23.7,23.7,23.7,23.9,23.7,23.7,23.9,23.7,23.7,23.7,23.5,23.5,23.6,23.5,23.6,23.5,23.5,23.7,23.5,23.5,23.6,23.6,23.4,23.3,23.3,23.4,23.3,23.3,23.3,23.3,23.2,23.1,23.3,23.2,23.2,23.0,23.3,23.2,23.3,23.1,23.1,23.0,23.0,22.8,22.8,23.1,23.2,23.2,23.2,23.3,23.2,23.1,23.2,23.2,23.2,23.1,23.3,23.3,23.1,23.3,23.3,23.3,23.4,23.4,23.4,23.3,23.3,23.4,23.3,23.3,23.3,23.2,23.3,23.3,23.4,23.3,23.5,23.5,23.3,23.3,23.4,23.6,23.3,23.3,23.5,23.5,23.5,23.5,23.6,23.6,23.6,23.4,23.4,23.5,23.5,23.5,23.4,23.5,23.6,23.6,23.5,23.6,23.6,23.6,23.5,23.6,23.5,23.7,23.5,23.7,23.5,23.6,23.7,23.7,23.6,23.7,23.7,23.7,23.7,23.8,23.5,23.8,23.7,23.7,23.8,23.7,23.8,23.7,23.8,23.8,23.8,23.8,24.0
241,24.0,24.2,24.2,24.1,24.1,24.2,24.0,24.0,24.0,24.1,24.1,24.0,24.1,24.1,24.2,24.1,24.1,24.0,24.1,24.0,24.1,24.0,24.0,24.1,24.0,24.0,24.0,23.9,23.9,24.1,23.9,23.9,24.0,23.9,24.0,23.9,23.8,23.9,24.0,24.0,23.8,24.0,23.9,23.9,23.9,23.8,23.8,23.7,23.9,23.9,23.8,23.7,23.9,23.8,23.9,23.7,23.9,23.7,23.8,23.7,23.7,23.7,23.6,23.7,23.8,23.7,23.7,23.7,23.7,23.7,23.5,23.5,23.7,23.4,23.5,23.5,23.6,23.5,23.5,23.4,23.5,23.3,23.4,23.3,23.2,23.2,23.4,23.2,23.3,23.2,23.2,23.2,23.1,23.2,23.1,23.2,23.2,23.1,23.0,23.0,22.9,22.9,22.7,22.9,23.1,23.1,23.0,23.3,23.1,23.2,23.1,23.2,23.2,23.2,23.1,23.1,23.2,23.2,23.3,23.4,23.2,23.1,23.3,23.3,23.3,23.2,23.3,23.5,23.4,23.2,23.3,23.4,23.3,23.3,23.3,23.3,23.5,23.5,23.5,23.3,23.4,23.4,23.3,23.5,23.4,23.3,23.4,23.4,23.5,23.5,23.4,23.6,23.5,23.5,23.5,23.4,23.5,23.4,23.5,23.4,23.4,23.7,23.6,23.7,23.7,23.7,23.6,23.6,23.7,23.7,23.7,23.6,23.6,23.8,23.7,23.7,23.8,23.7,23.8,23.7,23.8,23.9,23.8,23.8,23.8,23.8,23.9,23.8,23.9,23.8,23.8,23.8
242,23.9,24.0,24.0,24.0,24.0,23.9,24.0,24.0,24.1,24.0,24.1,24.0,24.2,24.1,24.0,24.0,24.0,24.0,23.9,23.9,24.1,24.0,24.0,24.0,24.0,23.8,23.9,23.9,24.0,23.8,23.8,23.8,23.8,23.8,23.9,23.9,23.8,23.9,23.8,24.0,24.0,23.9,23.7,23.9,23.9,23.7,23.8,23.8,23.9,23.7,23.7,23.8,23.8,23.9,23.7,23.8,23.7,23.7,23.6,23.7,23.7,23.7,23.8,23.7,23.7,23.6,23.6,23.5,23.6,23.7,23.5,23.5,23.5,23.5,23.7,23.4,23.6,23.3,23.5,23.4,23.3,23.4,23.2,23.2,23.0,23.2,23.1,23.1,23.2,23.2,23.3,23.2,23.1,23.0,23.2,23.1,23.2,23.1,23.0,23.0,23.0,22.8,22.8,22.9,23.1,23.2,23.2,23.3,23.1,23.1,23.2,23.1,23.2,23.0,23.2,23.3,23.1,23.3,23.3,23.3,23.2,23.2,23.3,23.3,23.3,23.2,23.3,23.3,23.3,23.1,23.1,23.2,23.2,23.3,23.3,23.2,23.3,23.5,23.4,23.4,23.3,23.3,23.3,23.2,23.4,23.3,23.3,23.3,23.5,23.5,23.5,23.5,23.5,23.3,23.4,23.4,23.3,23.5,23.5,23.5,23.4,23.6,23.5,23.7,23.5,23.7,23.5,23.5,23.7,23.5,23.6,23.6,23.7,23.7,23.6,23.5,23.7,23.7,23.7,23.6,23.5,23.7,23.7,23.7,23.7,23.6,23.7,23.8,23.8,23.9,23.8,23.9
243,24.2,24.0,24.3,24.0,24.0,24.0,24.1,24.0,24.0,24.0,23.9,23.9,24.0,23.9,24.0,24.1,24.0,24.0,24.0,24.0,24.0,24.0,23.9,24.0,23.9,24.0,23.9,23.9,24.0,23.7,24.0,23.9,23.8,23.8,23.9,24.0,23.7,24.0,24.0,24.0,23.9,23.8,23.7,24.0,23.7,23.9,23.7,23.8,23.9,23.7,23.8,23.6,23.8,23.8,23.7,23.7,23.6,23.7,23.7,23.9,23.7,23.8,23.7,23.6,23.5,23.6,23.7,23.6,23.7,23.4,23.5,23.4,23.5,23.5,23.5,23.5,23.5,23.4,23.3,23.3,23.4,23.1,23.2,23.3,23.2,23.2,23.1,23.0,23.3,23.1,23.1,23.1,23.0,23.1,23.1,23.1,23.0,23.0,23.1,22.8,22.9,22.8,22.8,22.8,22.8,23.0,23.1,23.1,23.2,23.3,23.2,23.2,23.2,23.2,23.1,23.1,23.2,23.3,23.3,23.2,23.2,23.3,23.4,23.2,23.4,23.3,23.2,23.1,23.1,23.1,23.2,23.3,23.2,23.2,23.1,23.3,23.3,23.5,23.3,23.3,23.4,23.3,23.2,23.2,23.3,23.4,23.6,23.5,23.4,23.4,23.3,23.6,23.4,23.4,23.4,23.4,23.3,23.5,23.3,23.5,23.4,23.5,23.6,23.5,23.5,23.7,23.5,23.5,23.5,23.7,23.7,23.5,23.5,23.5,23.7,23.8,23.6,23.5,23.5,23.7,23.7,23.7,23.8,23.6,23.7,23.7,23.8,23.7,23.7,23.7,23.8,23.7
244,24.2,24.2,24.0,24.1,24.0,24.0,23.9,24.0,24.0,24.0,24.0,23.9,23.9,23.8,24.0,23.9,24.0,24.2,23.9,24.0,24.0,23.8,24.0,24.1,24.0,23.8,24.1,24.0,23.9,24.0,23.9,24.0,23.7,23.9,23.8,24.0,23.8,23.8,23.8,23.9,23.9,23.9,23.8,23.7,23.7,23.7,23.8,23.8,23.8,23.9,23.8,23.7,23.7,23.8,23.7,23.7,23.6,23.8,23.7,23.7,23.6,23.6,23.7,23.7,23.7,23.7,23.7,23.5,23.5,23.7,23.4,23.4,23.5,23.2,23.4,23.3,23.1,23.3,23.3,23.3,23.4,23.2,23.1,23.1,23.2,23.1,23.0,23.2,23.0,23.1,23.0,23.0,23.1,23.1,23.0,23.0,23.1,23.1,23.0,22.8,22.8,22.7,22.7,22.9,23.0,23.0,23.0,23.0,23.1,22.9,23.1,23.2,23.1,23.0,23.1,23.3,23.1,23.2,23.1,23.1,23.1,23.3,23.1,23.2,23.1,23.3,23.1,23.1,23.2,23.1,23.1,23.1,23.4,23.3,23.2,23.1,23.3,23.2,23.3,23.2,23.3,23.3,23.4,23.4,23.3,23.3,23.3,23.5,23.5,23.3,23.5,23.4,23.4,23.6,23.4,23.4,23.4,23.4,23.5,23.4,23.3,23.4,23.6,23.6,23.6,23.4,23.5,23.5,23.7,23.5,23.5,23.7,23.5,23.7,23.5,23.5,23.6,23.7,23.7,23.5,23.5,23.7,23.7,23.8,23.7,23.9,23.7,23.8,23.7,23.8,23.8,23.8
245,24.0,23.9,24.0,24.0,24.0,24.1,24.1,24.1,24.0,23.9,24.0,24.0,23.9,23.7,23.9,23.9,23.9,23.9,23.9,24.1,23.8,24.0,23.9,23.8,24.0,24.0,23.8,23.9,23.7,23.9,23.9,23.8,23.9,24.0,23.7,24.0,23.8,23.8,23.6,23.8,23.9,23.7,23.7,23.8,23.9,23.9,23.8,23.8,23.7,23.8,23.6,23.7,23.7,23.5,23.7,23.5,23.6,23.6,23.7,23.5,23.5,23.5,23.5,23.6,23.7,23.6,23.5,23.5,23.5,23.5,23.5,23.4,23.3,23.3,23.3,23.1,23.2,23.2,23.3,23.2,23.2,23.1,23.2,23.1,23.1,23.2,23.0,23.1,23.0,23.1,23.1,23.0,23.0,23.0,22.9,23.1,22.9,22.9,22.9,23.0,22.8,22.8,22.9,23.0,22.8,23.0,22.9,23.1,23.1,23.1,23.0,23.0,23.0,23.0,23.0,23.0,23.0,23.1,23.2,23.2,23.1,23.1,23.0,23.2,23.1,23.2,23.1,23.3,23.2,23.2,23.1,23.1,23.1,23.2,23.1,23.1,23.2,23.3,23.2,23.3,23.3,23.4,23.2,23.3,23.3,23.2,23.3,23.3,23.4,23.3,23.3,23.4,23.5,23.3,23.4,23.3,23.4,23.5,23.3,23.3,23.3,23.4,23.3,23.5,23.5,23.3,23.5,23.5,23.5,23.6,23.6,23.7,23.5,23.6,23.5,23.5,23.5,23.7,23.5,23.5,23.7,23.8,23.7,23.7,23.7,23.7,23.8,23.8,23.9,23.7,24.0,23.8
246,24.1,23.9,23.9,24.0,24.2,24.0,23.9,24.0,24.2,24.0,23.9,24.0,24.0,23.7,23.9,23.9,23.9,23.8,23.8,23.9,23.7,24.0,23.8,23.7,24.0,24.0,24.0,24.0,24.0,23.9,23.7,23.7,23.9,23.8,23.8,23.9,23.7,23.8,24.0,23.9,23.7,24.0,23.7,23.8,23.9,23.8,23.7,23.8,23.4,23.8,23.6,23.8,23.7,23.7,23.7,23.7,23.7,23.7,23.5,23.7,23.6,23.6,23.5,23.8,23.4,23.6,23.7,23.4,23.6,23.6,23.4,23.4,23.4,23.4,23.4,23.3,23.2,23.3,23.2,23.3,23.4,23.2,23.0,23.3,23.3,23.1,23.0,23.0,23.2,23.1,23.1,23.0,23.1,22.9,23.0,23.1,23.1,22.9,22.9,22.8,22.8,22.7,22.9,22.9,22.9,22.9,23.1,23.0,23.0,23.1,23.0,23.1,23.1,23.1,23.0,22.9,23.0,23.1,23.1,23.1,23.1,23.0,23.0,23.0,23.2,23.1,23.3,23.3,23.0,23.1,23.0,23.1,23.0,23.1,23.2,23.2,23.1,23.3,23.2,23.3,23.1,23.3,23.3,23.2,23.3,23.2,23.3,23.3,23.3,23.3,23.3,23.4,23.3,23.5,23.5,23.4,23.3,23.5,23.5,23.4,23.3,23.5,23.4,23.5,23.4,23.5,23.5,23.7,23.7,23.5,23.7,23.7,23.5,23.7,23.7,23.5,23.4,23.7,23.4,23.8,23.7,23.8,23.7,23.7,23.7,23.7,23.7,23.7,23.7,23.8,23.8,23.8
247,24.0,23.7,23.9,23.8,23.8,24.0,23.8,24.0,23.9,23.9,23.9,24.0,24.0,23.7,23.9,23.9,24.0,24.0,24.0,24.1,23.9,23.8,23.8,23.9,24.0,23.8,23.9,24.0,23.9,24.0,23.6,24.0,23.7,23.8,23.8,24.0,23.7,23.7,23.8,23.8,23.7,23.8,23.7,23.8,23.8,23.8,23.7,23.8,23.7,23.7,23.8,23.7,23.7,23.7,23.7,23.7,23.7,23.7,23.7,23.6,23.5,23.5,23.5,23.5,23.5,23.5,23.5,23.5,23.6,23.3,23.6,23.4,23.4,23.5,23.3,23.3,23.3,23.3,23.4,23.2,23.3,23.0,23.0,23.1,23.0,23.1,22.9,23.0,23.0,22.9,23.0,23.0,23.0,23.1,23.1,23.1,23.0,22.9,22.7,22.7,22.7,22.8,22.8,22.9,23.1,23.1,23.0,23.0,23.1,23.1,23.1,23.3,23.1,23.1,23.0,23.1,23.0,23.1,23.0,23.2,23.1,23.0,23.1,23.1,23.2,23.2,23.2,23.2,23.0,23.1,23.2,23.2,23.2,23.2,23.1,23.0,23.0,23.2,23.1,23.3,23.1,23.3,23.1,23.2,23.2,23.1,23.4,23.1,23.2,23.2,23.2,23.3,23.4,23.3,23.3,23.4,23.3,23.3,23.4,23.4,23.4,23.5,23.4,23.5,23.4,23.4,23.5,23.5,23.6,23.5,23.6,23.5,23.7,23.6,23.7,23.5,23.5,23.7,23.4,23.5,23.7,23.7,23.7,23.6,23.7,23.7,23.8,23.7,24.0,23.7,23.7,23.9
248,24.0,24.0,24.0,23.9,24.0,24.0,23.9,23.8,24.0,24.0,24.0,23.9,24.0,24.0,23.9,24.0,24.0,23.7,23.9,24.0,24.0,24.0,24.0,23.9,23.9,24.0,23.9,24.1,23.9,23.9,23.8,23.7,23.8,23.8,23.8,23.8,23.8,23.8,23.7,23.8,23.9,23.7,23.8,23.8,24.0,23.8,23.7,23.6,23.7,23.7,23.7,23.7,23.7,23.8,23.7,23.7,23.7,23.7,23.6,23.7,23.6,23.6,23.5,23.7,23.5,23.5,23.7,23.6,23.5,23.5,23.5,23.4,23.5,23.4,23.2,23.3,23.4,23.2,23.2,23.2,23.3,23.3,23.2,23.1,23.2,23.2,23.2,23.1,23.0,23.0,23.0,23.0,23.0,23.1,23.0,23.1,23.0,23.1,22.8,22.8,22.8,22.7,23.0,22.9,23.0,23.2,23.1,23.0,23.1,23.0,23.2,23.0,23.1,23.1,23.1,23.1,23.2,23.1,23.1,23.1,23.1,23.2,23.0,23.0,23.2,23.0,23.1,23.1,23.1,23.0,22.9,23.0,23.2,23.0,23.1,23.0,22.9,23.2,23.1,23.1,23.2,23.1,23.2,23.0,23.1,23.1,23.3,23.2,23.2,23.3,23.2,23.1,23.4,23.4,23.4,23.4,23.4,23.5,23.5,23.4,23.3,23.4,23.4,23.3,23.5,23.5,23.5,23.5,23.5,23.6,23.5,23.4,23.4,23.6,23.7,23.5,23.5,23.5,23.6,23.6,23.7,23.7,23.7,23.7,23.8,23.8,23.8,23.7,23.8,23.8,23.8,23.8
249,24.1,23.8,24.1,24.0,24.0,23.9,23.9,24.0,24.0,24.1,24.1,23.9,24.0,23.8,23.8,23.8,23.9,23.9,23.9,23.9,23.9,24.0,23.9,24.0,23.8,23.8,23.8,23.8,23.9,23.9,23.7,23.9,23.9,23.7,23.7,23.8,23.7,23.7,23.9,23.7,23.7,23.7,23.7,23.8,23.8,23.7,23.7,23.7,23.7,23.6,23.7,23.7,23.6,23.5,23.5,23.7,23.5,23.7,23.5,23.6,23.5,23.5,23.4,23.5,23.6,23.6,23.5,23.4,23.4,23.5,23.4,23.4,23.3,23.4,23.3,23.1,23.2,23.2,23.2,23.0,23.2,23.1,22.9,23.1,23.1,22.9,23.0,22.9,23.2,23.1,23.0,23.0,22.9,23.0,22.8,23.0,23.1,22.7,22.8,22.7,22.7,22.7,22.8,23.0,22.9,22.8,22.8,22.8,22.9,22.9,23.0,23.1,23.1,23.0,23.0,23.2,23.1,22.9,23.0,23.1,23.0,22.8,23.1,23.0,22.9,23.1,23.2,23.1,23.0,22.9,22.9,23.1,23.0,22.9,22.9,22.9,23.2,23.1,23.0,23.1,23.2,23.0,23.1,23.0,23.2,23.2,23.2,23.2,23.3,23.2,23.2,23.2,23.1,23.4,23.3,23.4,23.4,23.4,23.5,23.3,23.2,23.4,23.4,23.4,23.5,23.4,23.5,23.4,23.3,23.7,23.5,23.5,23.7,23.5,23.5,23.5,23.6,23.6,23.6,23.6,23.6,23.7,23.7,23.7,23.7,23.7,23.7,23.7,23.8,23.5,23.7,23.7
250,24.0,23.8,23.9,23.9,23.9,24.0,23.9,24.0,23.9,24.1,24.0,23.8,24.0,23.9,24.0,23.8,23.8,23.9,23.7,23.9,23.9,23.8,23.9,24.0,23.8,23.8,23.7,24.0,23.9,23.8,23.8,24.1,23.9,23.8,23.7,23.8,23.9,23.7,23.8,23.8,23.7,23.7,23.7,23.7,23.7,23.8,23.8,23.9,23.8,23.6,23.7,23.6,23.5,23.6,23.7,23.5,23.6,23.8,23.7,23.7,23.6,23.6,23.7,23.5,23.6,23.6,23.5,23.5,23.5,23.5,23.5,23.3,23.5,23.5,23.3,23.1,23.4,23.3,23.2,23.2,23.1,23.2,23.3,23.1,23.1,23.0,23.1,23.1,23.1,23.0,22.8,23.0,22.9,22.9,23.1,22.8,23.0,22.8,22.8,22.8,22.8,22.8,23.0,22.9,23.1,22.8,23.0,22.7,22.9,22.9,22.9,23.0,23.1,22.9,23.0,23.1,23.1,22.9,23.0,23.0,22.9,23.0,22.9,22.9,22.9,23.1,23.0,23.2,23.1,23.0,23.1,23.0,23.0,22.9,22.9,22.9,23.0,23.0,23.0,23.1,23.1,23.1,23.2,23.1,23.1,23.2,23.2,23.1,23.2,23.3,23.1,23.3,23.3,23.2,23.3,23.3,23.4,23.3,23.4,23.5,23.4,23.2,23.3,23.3,23.3,23.5,23.5,23.5,23.6,23.6,23.5,23.6,23.7,23.5,23.7,23.5,23.5,23.6,23.4,23.5,23.8,23.6,23.6,23.7,23.6,23.8,23.7,23.8,23.7,23.5,23.7,23.8
251,24.1,23.8,23.9,23.9,24.1,23.9,23.9,23.8,23.9,24.0,23.9,23.9,24.1,23.8,24.1,23.9,23.8,23.8,24.0,24.0,24.0,23.9,24.0,23.9,23.9,23.7,24.0,23.8,23.7,23.9,23.8,23.9,23.9,23.7,23.9,23.9,23.7,23.8,23.8,24.0,23.8,23.7,23.7,23.7,23.8,23.7,23.7,23.7,23.9,23.6,23.7,23.7,23.7,23.7,23.8,23.7,23.5,23.6,23.5,23.7,23.7,23.4,23.4,23.5,23.4,23.5,23.4,23.5,23.4,23.4,23.5,23.4,23.3,23.4,23.3,23.2,23.3,23.3,23.1,23.1,23.1,23.1,22.9,23.3,23.1,23.2,23.1,22.9,23.0,23.1,22.9,23.0,22.9,23.0,22.9,22.9,22.9,22.8,22.8,22.8,22.9,23.0,22.9,23.1,22.8,23.0,22.9,22.8,22.9,23.0,22.9,22.8,23.1,22.9,23.0,23.1,23.1,22.9,22.9,22.9,23.0,23.1,22.8,22.9,22.9,22.9,23.1,23.0,23.0,23.0,23.0,23.0,22.8,23.0,23.0,22.8,22.8,23.0,22.9,22.9,23.0,23.1,23.1,23.2,23.1,23.2,23.2,23.1,23.1,23.1,23.1,23.2,22.9,23.4,23.3,23.4,23.2,23.3,23.3,23.3,23.4,23.4,23.4,23.4,23.4,23.4,23.4,23.3,23.6,23.5,23.5,23.4,23.7,23.5,23.7,23.5,23.7,23.5,23.5,23.6,23.7,23.7,23.5,23.7,23.7,23.7,23.8,23.6,23.7,23.7,23.8,23.7
252,23.8,23.8,24.0,23.9,24.0,23.8,23.9,24.0,24.0,23.9,23.9,23.9,23.9,24.0,24.0,23.9,23.8,23.8,23.9,23.7,23.9,23.9,23.7,24.0,24.0,23.9,23.9,23.7,23.8,23.8,23.7,23.8,23.9,23.7,23.8,23.8,23.9,23.7,23.8,23.8,23.6,23.7,23.7,23.7,23.7,23.7,23.7,23.7,23.7,23.7,23.6,23.6,23.7,23.6,23.5,23.5,23.5,23.5,23.6,23.6,23.5,23.6,23.7,23.6,23.5,23.3,23.4,23.4,23.3,23.4,23.2,23.5,23.2,23.1,23.2,23.1,23.2,23.3,23.1,23.3,23.1,23.0,22.9,23.0,23.0,23.1,22.9,23.0,23.1,22.9,23.0,22.8,23.0,22.8,22.8,22.8,22.7,22.7,22.5,22.7,22.8,22.9,23.0,23.0,23.0,22.9,22.9,23.0,23.0,22.9,22.8,22.9,22.8,22.9,22.9,23.0,22.9,22.9,23.0,23.0,23.0,23.0,23.0,22.8,22.8,23.0,23.0,22.9,23.0,23.0,22.9,23.0,22.9,22.9,22.8,22.8,23.0,22.9,23.0,22.9,22.9,23.0,23.1,23.0,23.1,23.1,23.0,23.1,23.2,23.0,23.1,23.1,23.1,23.1,23.3,23.3,23.3,23.3,23.4,23.4,23.3,23.4,23.4,23.3,23.4,23.3,23.3,23.5,23.5,23.4,23.5,23.4,23.5,23.5,23.4,23.5,23.6,23.4,23.5,23.6,23.5,23.6,23.6,23.5,23.7,23.9,23.7,23.8,23.8,23.6,23.8,23.8
253,24.0,24.0,24.0,23.7,23.9,23.9,24.0,23.7,23.8,24.0,24.0,23.8,23.9,23.8,23.9,23.8,24.0,24.0,24.0,23.9,23.8,23.9,23.9,24.0,24.0,24.0,23.9,23.9,23.6,23.8,23.7,23.8,23.9,23.8,23.7,23.8,23.7,23.8,23.8,23.7,23.7,23.7,23.7,23.7,23.7,23.7,23.7,23.7,23.5,23.5,23.7,23.5,23.7,23.7,23.5,23.6,23.4,23.5,23.7,23.5,23.4,23.6,23.6,23.6,23.6,23.4,23.4,23.3,23.5,23.4,23.3,23.4,23.3,23.2,23.3,23.3,23.2,23.3,23.1,23.1,23.0,23.1,22.9,23.0,23.0,23.0,23.1,23.0,23.1,22.9,23.0,22.9,22.9,22.8,22.9,22.7,22.7,22.8,22.7,22.8,22.8,22.8,23.0,23.0,23.0,23.0,22.8,23.0,23.1,23.0,22.9,22.9,23.1,22.9,22.8,23.0,23.0,22.9,22.9,23.1,23.0,22.9,22.8,22.8,23.0,23.0,22.9,22.9,23.0,23.0,22.9,23.0,22.9,23.0,22.8,23.0,22.9,22.8,22.9,23.1,23.0,22.9,22.9,23.1,23.1,23.0,23.2,22.9,23.2,23.1,22.9,23.1,23.2,23.1,23.1,23.3,23.2,23.3,23.4,23.4,23.2,23.3,23.3,23.3,23.3,23.3,23.3,23.3,23.4,23.5,23.4,23.3,23.4,23.7,23.5,23.5,23.5,23.5,23.5,23.5,23.6,23.5,23.7,23.7,23.7,23.7,23.7,23.8,23.8,23.7,23.7,23.8
254,23.9,23.9,23.9,24.1,24.0,23.9,23.7,23.8,23.8,23.9,23.8,23.9,23.9,23.9,23.8,24.0,23.8,23.7,24.0,23.8,23.7,23.7,23.8,24.0,24.0,23.8,23.8,23.8,23.7,23.8,23.7,23.9,23.8,23.8,23.9,23.9,23.7,23.9,23.7,23.8,23.8,23.8,23.7,23.7,23.7,23.8,23.9,23.6,23.7,23.7,23.7,23.7,23.8,23.8,23.7,23.5,23.4,23.6,23.7,23.6,23.6,23.5,23.6,23.6,23.6,23.7,23.5,23.4,23.4,23.3,23.5,23.3,23.3,23.3,23.3,23.3,23.3,23.3,23.2,23.3,23.1,23.1,23.0,23.0,23.0,23.0,22.9,23.0,23.1,22.9,23.0,22.9,23.0,22.8,22.9,22.8,22.7,22.8,22.7,23.0,23.0,22.9,23.0,23.0,23.0,23.1,22.9,23.0,22.9,23.0,22.9,22.9,23.0,23.0,23.0,23.0,22.9,23.0,23.1,23.0,22.8,22.9,22.9,23.0,22.8,22.9,23.0,22.8,22.8,22.9,23.1,23.1,23.0,22.9,22.9,22.8,22.8,22.9,22.8,23.0,23.0,23.1,22.9,23.0,23.0,22.9,23.1,23.0,23.0,23.1,23.0,23.1,23.1,23.0,23.1,23.1,23.2,23.3,23.2,23.3,23.3,23.3,23.3,23.3,23.2,23.3,23.3,23.2,23.4,23.4,23.5,23.2,23.4,23.6,23.4,23.5,23.5,23.4,23.5,23.4,23.5,23.7,23.7,23.7,23.7,23.5,23.5,23.6,23.8,23.7,23.6,23.7
255,23.9,24.0,23.8,24.0,24.0,23.9,23.9,23.8,23.9,24.1,24.0,23.9,24.1,23.9,23.9,24.0,23.8,23.8,23.9,23.9,23.9,23.9,23.9,23.9,23.8,23.9,23.8,23.8,23.9,23.8,23.9,23.7,23.7,23.8,23.7,23.9,23.8,23.7,23.9,23.7,23.8,23.7,23.7,23.7,23.7,23.7,23.6,23.6,23.9,23.7,23.7,23.7,23.7,23.6,23.7,23.5,23.6,23.7,23.7,23.7,23.6,23.6,23.5,23.7,23.5,23.4,23.4,23.3,23.5,23.3,23.5,23.5,23.4,23.3,23.4,23.3,23.4,23.4,23.3,23.2,23.1,23.1,23.1,23.0,23.0,23.1,22.9,23.0,23.0,23.1,23.0,22.9,22.9,22.9,22.7,22.8,22.7,22.8,22.8,22.9,23.0,23.0,23.1,23.0,23.1,23.1,23.1,23.1,23.0,22.9,23.0,23.1,23.2,23.0,23.0,23.2,23.1,22.8,23.1,23.1,23.1,23.0,23.0,22.9,22.9,22.9,23.0,23.0,22.9,22.9,22.9,23.1,22.9,23.0,23.0,22.8,23.0,23.0,22.8,22.8,23.0,22.8,22.8,23.0,23.0,23.0,22.9,23.1,23.1,23.2,23.0,23.0,22.9,22.9,23.0,23.1,23.1,23.1,23.3,23.3,23.3,23.4,23.4,23.3,23.4,23.3,23.3,23.3,23.3,23.3,23.4,23.2,23.4,23.4,23.3,23.5,23.6,23.5,23.5,23.5,23.6,23.5,23.4,23.4,23.5,23.8,23.7,23.7,23.8,23.7,23.8,23.7
