文件路径:,C:\Users\23589\Desktop\物理实验竞赛\实验数据（黑胶带版）\case11_香橙派5Pro裸板_0负载\data\HM20260727145344.csv
源热像文件:,C:\Users\23589\Desktop\物理实验竞赛\实验数据（黑胶带版）\case11_香橙派5Pro裸板_0负载\photo\HM20260727145344.jpeg

测温单位,摄氏度
图像宽度,192
图像高度,256

全局
统计:,,平均值:,27.0
,,最小值:,23.5
,,最大值:,38.5

坐标Y\X,0,1,2,3,4,5,6,7,8,9,10,11,12,13,14,15,16,17,18,19,20,21,22,23,24,25,26,27,28,29,30,31,32,33,34,35,36,37,38,39,40,41,42,43,44,45,46,47,48,49,50,51,52,53,54,55,56,57,58,59,60,61,62,63,64,65,66,67,68,69,70,71,72,73,74,75,76,77,78,79,80,81,82,83,84,85,86,87,88,89,90,91,92,93,94,95,96,97,98,99,100,101,102,103,104,105,106,107,108,109,110,111,112,113,114,115,116,117,118,119,120,121,122,123,124,125,126,127,128,129,130,131,132,133,134,135,136,137,138,139,140,141,142,143,144,145,146,147,148,149,150,151,152,153,154,155,156,157,158,159,160,161,162,163,164,165,166,167,168,169,170,171,172,173,174,175,176,177,178,179,180,181,182,183,184,185,186,187,188,189,190,191
0,24.9,24.9,24.8,24.9,25.0,24.9,25.0,24.9,24.8,25.0,25.1,25.0,25.1,25.0,25.1,25.0,25.0,25.0,25.0,24.9,25.0,25.0,25.0,25.1,25.0,24.9,25.0,25.0,25.0,25.0,25.1,25.1,25.3,25.0,25.0,25.2,25.1,25.1,25.0,25.1,25.0,25.1,25.0,25.0,25.1,24.9,25.1,25.0,25.1,25.0,25.1,24.9,24.9,25.0,25.1,25.3,25.1,25.0,25.2,25.2,25.2,25.2,25.1,25.2,25.1,25.2,25.1,25.1,25.1,25.2,25.2,25.1,25.2,25.1,25.3,25.1,25.1,25.4,25.0,25.1,25.1,25.3,25.2,25.3,25.1,25.1,25.2,25.1,25.0,25.2,25.2,25.1,25.0,25.1,25.1,25.2,25.0,25.2,25.1,25.1,25.1,25.2,25.2,25.2,25.3,25.2,25.0,25.4,25.3,25.1,25.2,25.0,25.1,25.2,25.3,25.0,25.2,25.2,25.2,25.1,25.3,25.0,25.1,25.2,25.0,25.1,25.2,25.1,25.1,25.1,25.0,25.1,25.1,25.3,25.2,25.1,25.0,25.1,25.1,25.0,25.2,25.2,25.0,25.0,25.1,25.1,25.1,24.9,25.0,25.1,25.1,24.9,25.0,25.0,25.0,25.0,25.0,24.9,25.1,25.1,25.0,25.0,25.0,24.9,25.0,25.0,25.0,25.0,25.0,25.0,25.0,25.0,25.0,24.9,25.1,24.9,24.9,25.1,24.9,24.9,24.9,25.1,25.0,25.0,25.0,25.0,25.1,24.9,24.9,25.0,25.1,24.9
1,24.9,24.9,24.9,24.9,25.0,25.0,24.8,24.9,24.9,25.0,25.0,25.0,25.0,25.0,24.9,25.0,25.0,24.8,25.0,25.0,25.0,25.1,25.1,25.0,25.0,24.9,24.9,24.9,25.0,25.0,25.2,25.1,25.0,25.0,25.1,25.0,25.0,25.0,25.0,25.0,25.1,24.9,25.2,25.2,25.0,25.0,25.0,25.1,25.1,25.2,25.1,24.9,25.0,25.1,25.1,25.1,25.0,25.1,25.2,25.2,25.0,25.1,25.1,25.2,25.1,25.1,25.1,25.1,25.1,25.2,25.4,25.1,25.1,25.1,25.1,25.2,25.1,25.3,25.3,25.1,25.2,25.1,25.0,25.0,25.1,25.1,25.1,25.1,25.3,25.2,25.2,25.2,25.2,25.2,25.1,25.0,25.2,25.3,25.2,25.1,25.1,25.2,25.2,25.2,25.3,25.2,25.1,25.2,25.2,25.1,25.1,25.3,25.2,25.2,25.3,25.2,25.1,25.2,25.4,25.2,25.1,25.1,25.2,25.1,25.2,25.0,25.3,25.1,25.0,25.3,25.2,25.0,25.2,25.1,25.0,25.3,25.1,25.1,25.1,25.2,25.1,25.3,25.1,25.1,25.3,25.0,24.9,25.1,25.1,25.1,24.9,25.1,25.0,25.0,25.0,25.1,25.1,25.0,25.0,25.3,25.1,25.1,25.0,25.2,25.1,25.1,25.1,25.1,25.1,25.2,25.0,25.0,25.0,25.1,25.1,25.0,24.9,25.0,25.1,25.0,25.0,25.0,25.1,25.0,25.1,25.0,25.0,25.1,25.0,25.2,25.1,25.1
2,24.9,25.0,24.8,25.0,24.9,24.9,24.8,25.0,24.9,25.0,24.9,24.9,25.1,25.0,25.2,25.0,25.0,25.0,25.0,25.0,25.0,25.0,24.9,24.9,25.0,25.1,25.0,25.0,25.0,24.8,24.9,24.9,25.0,25.0,25.0,24.9,25.0,25.3,24.9,25.0,25.0,25.0,25.1,25.1,25.1,25.0,24.9,25.0,24.9,25.0,25.1,25.0,25.0,25.1,25.1,25.2,25.0,25.0,25.0,25.1,25.1,25.3,25.2,25.2,25.0,25.0,25.1,25.2,25.1,25.2,25.4,25.0,25.2,25.0,25.0,25.0,25.2,25.4,25.3,25.3,25.1,25.1,25.1,25.1,25.2,25.3,25.2,25.1,25.1,24.9,25.2,25.0,25.2,25.1,25.1,25.2,25.2,25.4,25.2,25.2,25.1,25.2,25.2,25.1,25.1,25.2,25.3,25.2,25.0,25.2,25.2,25.0,25.1,25.0,25.1,25.2,25.0,25.1,25.2,25.1,25.0,25.3,25.1,25.1,25.1,25.2,25.0,25.0,25.1,25.0,25.2,25.3,25.2,25.2,25.2,25.2,25.0,25.2,25.2,25.1,25.1,25.3,25.2,25.0,25.0,25.2,25.1,25.1,25.1,25.0,25.0,24.9,25.1,25.0,25.1,25.1,25.0,25.1,25.1,25.1,25.1,25.1,25.1,25.2,25.1,24.9,25.1,25.1,25.0,25.0,25.0,25.0,25.0,25.0,25.1,25.0,25.0,25.1,25.0,25.0,25.0,25.1,25.2,25.0,25.0,25.1,25.0,25.0,25.1,24.9,25.2,25.0
3,25.0,25.0,25.0,24.9,25.0,24.9,24.8,25.0,24.8,25.1,24.9,25.0,24.9,25.0,25.0,25.1,25.0,25.1,25.1,25.1,24.9,24.9,24.9,25.1,25.0,25.1,24.9,25.1,25.2,25.1,25.1,24.9,25.0,25.1,25.3,25.0,25.0,25.1,25.1,25.1,25.0,24.8,25.0,25.1,24.9,25.0,25.0,25.2,25.1,25.1,24.9,25.1,25.1,25.0,25.2,25.2,25.0,25.2,25.1,25.2,25.3,25.1,25.3,25.1,25.1,25.1,25.1,25.3,25.2,25.0,25.2,25.3,25.1,25.1,25.1,25.3,25.2,25.3,25.1,25.2,25.2,25.4,25.1,25.1,25.1,25.1,25.1,25.3,25.2,25.2,25.1,25.2,25.2,25.3,25.3,25.2,25.2,25.2,25.1,25.2,25.0,25.3,25.2,25.2,25.0,25.3,25.2,25.1,25.3,25.2,25.1,25.2,25.1,25.1,25.2,25.3,25.1,25.2,25.1,25.0,25.1,25.1,25.1,25.2,25.1,25.3,25.1,25.2,25.1,25.2,25.1,25.2,25.1,25.3,25.1,25.3,25.2,25.1,25.1,24.9,25.0,25.2,25.0,25.0,25.1,25.3,25.1,25.3,25.1,25.0,25.0,25.2,25.3,25.0,25.0,25.1,25.0,25.0,25.1,25.0,25.0,25.1,25.1,25.0,25.2,24.9,25.1,24.9,25.0,24.9,24.9,25.0,25.1,25.2,25.1,24.9,25.0,25.0,25.1,24.9,25.1,25.0,25.1,25.1,25.1,25.0,24.9,24.9,25.1,25.1,24.9,25.0
4,24.8,24.9,25.0,25.0,25.0,24.9,24.9,25.0,24.8,24.9,25.1,25.0,24.8,25.0,25.0,25.0,25.1,24.9,24.9,25.1,25.0,25.1,24.8,25.0,24.9,24.9,25.1,25.1,25.0,25.2,25.3,25.1,25.1,24.9,25.1,25.0,25.2,25.1,25.0,25.0,25.1,25.1,25.0,25.2,25.1,25.1,25.0,25.0,24.9,25.0,25.0,25.2,25.1,25.2,25.0,25.1,25.1,25.3,25.2,25.3,25.2,25.1,25.4,25.2,25.3,25.0,25.3,25.0,25.3,25.1,25.1,25.2,25.1,25.2,25.1,25.2,25.1,25.1,25.3,25.1,25.2,25.2,25.1,25.2,25.4,25.3,25.2,25.3,25.5,25.3,25.3,25.2,25.3,25.1,25.3,25.1,25.3,25.2,25.4,25.3,25.3,25.3,25.1,25.1,25.3,25.1,25.3,25.2,25.0,25.4,25.3,25.2,25.1,25.1,25.2,25.0,25.2,25.2,25.3,25.2,25.2,25.4,25.2,25.2,25.1,25.2,25.3,25.3,25.1,25.2,25.2,25.2,25.1,25.3,25.2,25.2,25.1,25.4,25.2,25.1,25.1,25.2,25.1,25.1,25.1,25.1,25.1,25.1,25.1,25.1,25.0,25.1,25.1,25.1,25.0,25.1,25.0,25.0,25.2,25.0,25.1,25.1,25.0,25.1,25.0,25.0,24.9,25.0,24.9,25.0,25.0,25.0,25.1,25.1,25.0,24.9,25.1,25.1,25.1,25.0,24.9,25.1,25.1,25.0,25.1,25.1,24.9,25.0,25.1,25.0,25.0,24.9
5,24.9,25.1,25.0,25.0,25.1,25.1,25.0,24.9,24.9,24.9,25.1,25.0,25.0,25.2,24.9,25.0,25.1,25.0,25.0,24.9,24.9,25.1,24.9,24.9,25.0,24.9,25.1,25.0,25.0,24.9,25.0,25.0,25.1,25.0,25.2,25.1,25.1,25.0,25.0,25.0,25.1,25.2,25.1,25.2,24.8,24.9,25.2,25.0,25.1,25.0,25.0,25.1,25.1,25.0,25.1,25.2,25.2,25.1,25.1,25.3,25.2,25.1,25.2,25.4,25.2,25.1,25.1,25.2,25.1,25.1,25.3,25.3,25.3,25.1,25.3,25.3,25.2,25.1,25.1,25.3,25.2,25.2,25.3,25.0,25.2,25.2,25.1,25.2,25.4,25.3,25.4,25.2,25.1,25.2,25.3,25.1,25.3,25.3,25.2,25.3,25.4,25.4,25.2,25.3,25.3,25.4,25.1,25.4,25.4,25.4,25.1,25.3,25.2,25.2,25.2,25.1,25.2,25.3,25.2,25.3,25.2,25.2,25.2,25.3,25.1,25.2,25.2,25.1,25.2,25.1,25.2,25.2,25.2,25.2,25.2,25.2,25.0,25.1,25.1,25.2,25.2,25.3,25.2,25.2,25.1,25.1,25.0,25.2,25.2,25.0,25.1,25.1,25.1,25.1,25.0,25.0,25.2,25.0,25.2,25.2,25.2,25.0,25.1,24.9,25.1,24.9,25.1,25.0,24.9,24.9,25.1,25.1,25.1,25.1,25.0,25.1,25.1,25.0,25.1,24.9,25.0,24.9,24.9,25.1,25.1,25.0,25.0,25.0,25.0,25.0,25.0,24.8
6,24.9,24.9,25.0,25.0,24.9,24.9,24.9,25.0,25.0,24.9,25.0,25.0,25.0,25.0,24.9,25.1,25.0,25.0,25.0,25.0,25.0,25.0,24.9,24.9,25.0,25.1,24.9,25.1,25.0,24.9,24.8,25.0,24.9,25.1,25.0,24.9,25.0,24.9,24.9,25.3,25.0,25.0,25.1,25.1,25.0,25.0,25.1,25.2,25.0,25.1,25.0,25.0,25.1,25.1,25.1,25.1,25.0,25.1,25.2,25.1,25.1,25.2,25.2,25.1,25.2,25.1,25.3,25.2,25.2,25.1,25.1,25.2,25.3,25.3,25.1,25.2,25.0,25.2,25.3,25.4,25.3,25.4,25.2,25.4,25.2,25.1,25.1,25.3,25.2,25.2,25.4,25.3,25.2,25.2,25.4,25.2,25.1,25.3,25.2,25.4,25.2,25.3,25.2,25.3,25.3,25.1,25.1,25.1,25.2,25.3,25.1,25.2,25.3,25.1,25.3,25.3,25.3,25.2,25.1,25.2,25.3,25.2,25.1,25.1,25.2,25.1,25.2,25.2,25.1,25.3,25.3,25.2,25.1,25.3,25.1,25.2,25.1,25.2,25.1,25.1,25.1,25.1,25.1,25.0,25.1,25.2,25.1,25.1,25.1,25.1,25.1,25.2,25.1,25.0,25.1,24.9,25.0,25.1,25.1,25.2,25.1,25.0,25.0,24.9,25.0,25.0,25.2,25.2,25.1,24.9,24.9,25.0,24.9,25.0,24.9,25.0,24.9,25.2,25.0,25.1,25.0,25.0,25.1,25.2,24.9,25.0,25.1,25.1,25.0,25.1,24.9,25.0
7,24.9,25.0,25.0,25.0,25.1,25.0,24.9,24.9,25.0,25.0,25.0,25.1,24.9,25.0,25.0,25.0,24.9,25.0,24.9,24.9,25.1,25.2,25.0,24.9,25.0,25.0,25.0,25.1,25.0,25.1,25.1,25.1,25.1,25.0,25.2,25.0,25.1,25.1,25.1,25.1,25.0,25.1,25.0,25.1,24.9,25.2,25.0,25.0,25.1,25.1,25.2,25.3,25.0,25.2,25.3,25.1,25.1,25.3,25.3,25.4,25.3,25.2,25.4,25.1,25.3,25.3,25.3,25.1,25.1,25.2,25.2,25.0,25.2,25.2,25.2,25.3,25.3,25.3,25.4,25.4,25.2,25.4,25.3,25.2,25.2,25.2,25.3,25.4,25.4,25.4,25.4,25.3,25.4,25.2,25.3,25.1,25.4,25.1,25.2,25.4,25.2,25.3,25.3,25.4,25.3,25.4,25.4,25.4,25.4,25.3,25.3,25.3,25.2,25.3,25.2,25.4,25.3,25.1,25.3,25.3,25.5,25.3,25.3,25.4,25.2,25.3,25.1,25.1,25.2,25.2,25.3,25.1,25.2,25.2,25.2,25.2,25.1,25.2,25.1,25.1,25.2,25.1,25.2,25.2,25.2,25.1,25.1,25.2,25.1,25.0,25.1,25.1,25.2,25.2,25.0,25.0,25.1,25.1,25.0,25.1,24.9,25.1,25.0,25.0,25.1,25.0,25.0,25.2,25.1,25.1,25.1,25.1,25.1,25.1,25.1,25.0,25.0,25.1,25.0,25.0,25.0,25.0,24.9,24.9,24.9,24.8,25.1,25.1,25.0,25.1,24.9,25.1
8,25.1,24.9,25.0,25.0,25.0,25.1,25.1,25.1,25.1,24.9,24.9,24.9,25.1,25.1,24.9,25.2,25.0,25.0,25.1,25.1,25.1,25.1,25.0,25.1,25.2,25.0,25.0,25.1,25.1,25.0,25.1,25.1,25.1,24.9,25.2,25.0,25.0,25.1,25.1,25.2,25.0,25.0,25.1,25.1,25.2,25.2,25.1,25.2,25.0,25.0,25.1,25.2,25.2,25.2,25.1,25.2,25.3,25.3,25.1,25.2,25.3,25.3,25.3,25.3,25.3,25.4,25.1,25.1,25.2,25.2,25.4,25.4,25.4,25.3,25.3,25.3,25.4,25.5,25.3,25.3,25.2,25.3,25.2,25.2,25.4,25.2,25.3,25.3,25.2,25.1,25.3,25.3,25.3,25.2,25.3,25.4,25.2,25.5,25.2,25.3,25.4,25.2,25.2,25.3,25.4,25.4,25.3,25.3,25.2,25.3,25.2,25.4,25.3,25.5,25.3,25.3,25.3,25.4,25.5,25.3,25.2,25.5,25.3,25.4,25.1,25.3,25.2,25.3,25.1,25.2,25.4,25.3,25.3,25.3,25.2,25.0,25.3,25.3,25.1,25.1,25.2,25.4,25.2,25.1,25.1,25.2,25.0,25.1,25.1,25.2,25.2,25.3,25.0,25.0,25.1,25.0,25.1,25.1,25.1,25.2,25.1,25.1,25.2,25.0,25.0,25.0,25.1,25.1,24.9,25.1,25.0,25.1,24.9,25.1,25.1,25.0,25.0,25.1,25.0,25.0,25.1,25.1,25.0,25.0,24.9,25.1,25.0,25.0,25.0,25.1,25.0,25.0
9,24.7,25.1,24.9,25.0,24.9,24.9,25.0,25.0,25.0,25.0,25.0,25.0,25.1,25.0,25.1,25.0,25.0,25.0,24.9,25.0,25.1,25.0,25.1,25.2,25.0,25.0,25.0,25.3,25.0,25.0,25.0,25.0,25.1,25.1,25.0,25.1,25.1,25.2,25.1,25.1,25.2,25.3,25.1,25.1,25.2,25.2,25.1,25.1,25.1,25.1,25.3,25.1,25.1,25.2,25.3,25.2,25.3,25.1,25.1,25.2,25.2,25.2,25.3,25.2,25.3,25.3,25.2,25.2,25.2,25.3,25.2,25.4,25.3,25.2,25.3,25.2,25.3,25.2,25.3,25.2,25.3,25.3,25.4,25.3,25.2,25.2,25.3,25.1,25.4,25.3,25.5,25.3,25.2,25.5,25.4,25.4,25.5,25.4,25.3,25.3,25.4,25.3,25.7,25.3,25.4,25.4,25.4,25.4,25.3,25.4,25.4,25.3,25.3,25.4,25.2,25.4,25.2,25.4,25.5,25.2,25.2,25.2,25.4,25.3,25.4,25.3,25.4,25.2,25.4,25.3,25.3,25.3,25.2,25.3,25.4,25.5,25.2,25.3,25.4,25.2,25.2,25.3,25.3,25.3,25.3,25.4,25.2,25.3,25.0,25.2,25.2,25.1,25.2,25.1,25.0,25.1,25.1,25.0,25.3,24.9,25.0,25.0,25.2,25.1,25.2,25.0,25.0,25.2,25.0,25.0,25.0,25.1,25.0,25.1,25.0,24.9,25.0,24.9,25.1,25.0,25.0,24.9,24.8,24.9,25.1,25.1,25.1,25.1,25.0,25.1,25.1,25.0
10,24.9,24.9,24.9,24.9,25.0,25.0,24.9,25.0,25.0,24.8,25.1,24.9,24.9,25.0,25.0,24.9,25.2,25.0,25.0,25.1,25.0,25.0,24.9,25.1,25.0,25.0,24.9,24.9,25.1,25.0,25.0,25.0,25.0,25.1,25.1,25.3,25.1,25.1,25.2,25.2,25.1,25.3,25.1,25.2,25.2,25.1,25.1,25.1,25.1,25.0,25.2,25.1,25.1,25.1,25.1,25.2,25.3,25.2,25.2,25.3,25.3,25.4,25.2,25.3,25.3,25.4,25.3,25.3,25.3,25.2,25.2,25.4,25.4,25.3,25.2,25.3,25.3,25.3,25.3,25.4,25.3,25.3,25.1,25.3,25.3,25.3,25.3,25.3,25.4,25.4,25.5,25.2,25.4,25.3,25.2,25.2,25.4,25.4,25.4,25.5,25.3,25.3,25.3,25.4,25.3,25.4,25.4,25.4,25.3,25.3,25.3,25.3,25.3,25.3,25.5,25.4,25.4,25.3,25.4,25.3,25.4,25.5,25.2,25.3,25.1,25.4,25.3,25.2,25.2,25.3,25.3,25.3,25.3,25.3,25.2,25.3,25.4,25.3,25.1,25.2,25.3,25.3,25.1,25.2,25.3,25.3,25.1,25.1,25.2,25.1,25.2,25.1,25.1,25.2,25.1,25.1,25.0,25.2,25.1,25.0,25.1,25.0,25.0,25.1,25.0,25.1,25.1,25.0,25.0,25.0,25.0,25.0,25.0,25.0,25.0,24.9,24.9,25.1,25.1,25.0,25.0,25.0,24.9,24.9,24.9,25.1,25.0,25.1,25.0,25.1,25.0,24.9
11,25.0,24.9,24.9,25.0,25.0,24.9,25.0,25.0,25.1,24.9,25.0,25.0,24.9,25.1,25.1,25.0,25.2,24.9,25.0,25.0,24.9,25.1,24.9,24.9,24.9,25.1,25.2,25.0,25.0,25.2,25.1,25.1,25.1,25.0,25.1,25.0,25.1,25.0,25.0,25.1,25.0,25.1,25.1,25.1,25.2,25.0,25.1,25.0,25.1,25.1,25.1,25.1,25.2,25.2,25.3,25.4,25.4,25.2,25.3,25.3,25.4,25.1,25.2,25.3,25.1,25.2,25.4,25.3,25.3,25.3,25.4,25.2,25.4,25.3,25.2,25.3,25.2,25.6,25.5,25.3,25.4,25.4,25.4,25.4,25.4,25.4,25.4,25.4,25.5,25.3,25.4,25.5,25.3,25.4,25.3,25.4,25.5,25.5,25.4,25.4,25.4,25.4,25.4,25.4,25.3,25.4,25.5,25.5,25.5,25.5,25.4,25.4,25.2,25.6,25.4,25.4,25.4,25.4,25.6,25.3,25.5,25.5,25.3,25.3,25.3,25.3,25.4,25.3,25.2,25.6,25.5,25.3,25.2,25.3,25.4,25.4,25.4,25.4,25.1,25.2,25.3,25.1,25.2,25.2,25.3,25.2,25.1,25.2,25.1,25.1,25.1,25.1,25.2,25.1,25.1,25.1,25.0,25.1,25.1,25.0,25.1,25.0,25.1,25.2,25.2,25.0,25.1,25.1,25.1,25.1,25.1,25.1,25.1,25.1,25.0,24.9,25.0,25.0,25.1,25.1,25.1,25.1,25.1,25.0,25.1,25.0,25.0,25.0,25.1,25.0,25.1,25.1
12,24.9,25.0,24.9,25.0,24.9,24.9,24.8,25.1,25.0,25.1,24.9,24.8,25.0,25.0,24.9,25.0,24.9,24.8,25.1,25.0,24.9,25.1,25.0,25.0,24.9,25.0,25.1,25.0,25.0,25.1,25.0,25.1,25.1,25.0,25.2,25.1,25.0,25.1,25.0,25.1,25.1,25.0,25.1,25.3,25.0,25.1,25.3,25.1,25.3,25.1,25.2,25.4,25.3,25.2,25.1,25.2,25.3,25.3,25.4,25.3,25.4,25.2,25.4,25.3,25.2,25.4,25.3,25.5,25.5,25.4,25.3,25.4,25.4,25.3,25.4,25.4,25.4,25.5,25.3,25.4,25.5,25.3,25.4,25.4,25.4,25.5,25.3,25.3,25.7,25.4,25.4,25.4,25.5,25.4,25.5,25.5,25.5,25.4,25.4,25.5,25.5,25.4,25.4,25.6,25.7,25.4,25.4,25.6,25.5,25.5,25.4,25.4,25.3,25.4,25.4,25.4,25.4,25.4,25.4,25.6,25.4,25.6,25.3,25.3,25.5,25.4,25.5,25.4,25.3,25.4,25.3,25.3,25.2,25.3,25.2,25.3,25.3,25.3,25.3,25.1,25.1,25.2,25.2,25.2,25.2,25.1,25.1,25.3,25.1,25.2,25.0,25.0,25.1,25.2,24.9,25.1,25.1,25.2,25.2,25.1,25.0,25.0,25.1,25.0,25.0,25.0,25.0,25.0,25.1,25.0,25.0,25.0,24.9,25.2,25.2,25.0,25.1,25.1,25.0,24.9,25.0,25.0,24.9,25.1,25.1,25.0,25.1,25.1,24.9,25.0,24.8,25.1
13,24.9,25.0,25.0,25.1,25.0,24.9,25.0,24.9,24.9,25.0,25.0,24.9,25.0,25.0,25.1,25.1,25.1,25.0,24.9,24.9,25.3,25.0,24.9,24.9,24.9,25.1,25.1,25.0,25.1,25.1,25.0,25.0,25.0,25.3,25.1,25.1,25.0,24.9,25.2,25.1,25.2,25.1,25.2,25.1,25.1,25.3,25.1,25.1,25.1,25.2,25.2,25.1,25.1,25.4,25.2,25.3,25.3,25.3,25.2,25.2,25.5,25.4,25.4,25.4,25.3,25.3,25.3,25.5,25.4,25.4,25.4,25.3,25.5,25.5,25.4,25.2,25.4,25.5,25.5,25.4,25.6,25.7,25.4,25.4,25.5,25.4,25.5,25.3,25.4,25.5,25.7,25.4,25.6,25.3,25.7,25.4,25.5,25.5,25.5,25.5,25.5,25.6,25.5,25.5,25.4,25.3,25.6,25.5,25.5,25.6,25.4,25.6,25.6,25.6,25.5,25.4,25.5,25.6,25.7,25.6,25.6,25.5,25.5,25.6,25.6,25.7,25.4,25.6,25.5,25.4,25.5,25.4,25.5,25.5,25.4,25.4,25.5,25.3,25.4,25.4,25.2,25.2,25.1,25.3,25.3,25.1,25.1,25.3,25.1,25.2,25.1,25.1,25.1,25.1,25.0,25.3,25.2,25.1,25.0,25.1,24.9,25.1,25.1,25.1,25.2,25.0,25.1,25.1,25.1,25.3,25.0,25.0,25.0,24.9,25.0,24.9,24.9,25.0,25.0,25.0,25.2,25.1,25.1,25.0,25.0,25.0,25.1,25.0,24.9,25.0,25.1,25.0
14,24.9,24.9,25.0,25.0,24.9,25.0,24.9,24.9,24.9,25.1,25.0,25.0,24.9,25.0,24.9,24.9,25.1,25.0,25.0,25.0,25.0,25.0,25.1,25.1,25.1,25.1,25.0,25.0,25.1,25.2,25.0,25.0,25.2,25.0,25.1,25.2,25.1,25.2,25.2,25.2,25.2,25.0,25.2,25.0,25.0,25.0,25.1,25.1,25.1,25.2,25.3,25.3,25.1,25.1,25.3,25.3,25.4,25.3,25.3,25.2,25.5,25.4,25.6,25.3,25.4,25.5,25.6,25.4,25.4,25.4,25.4,25.4,25.6,25.5,25.4,25.5,25.5,25.5,25.4,25.6,25.6,25.4,25.3,25.4,25.3,25.5,25.6,25.6,25.5,25.4,25.5,25.7,25.3,25.5,25.4,25.7,25.7,25.7,25.5,25.5,25.6,25.5,25.7,25.5,25.5,25.5,25.6,25.5,25.4,25.5,25.5,25.9,25.6,25.7,25.7,25.6,25.6,25.6,25.7,25.7,25.5,25.7,25.6,25.7,25.5,25.7,25.5,25.6,25.4,25.5,25.6,25.5,25.5,25.6,25.4,25.4,25.4,25.4,25.5,25.4,25.4,25.4,25.3,25.4,25.4,25.3,25.0,25.3,25.2,25.0,25.2,25.2,25.1,25.1,25.0,25.0,25.2,25.1,25.3,25.2,25.1,25.1,25.0,24.9,25.1,25.0,25.1,25.1,25.0,24.9,25.0,25.0,25.1,25.1,25.1,25.1,25.0,25.1,25.1,25.1,25.1,25.0,25.0,25.0,25.1,25.1,25.0,25.0,25.0,25.0,24.9,25.0
15,24.9,24.9,24.9,25.1,25.0,24.9,25.0,24.9,24.9,24.9,25.0,24.9,25.1,25.0,25.0,25.1,25.0,25.0,24.9,25.0,25.1,25.0,24.9,25.0,25.0,24.9,25.0,25.0,25.0,24.9,25.0,25.0,25.1,25.0,25.2,25.1,25.1,25.1,25.0,25.2,25.1,25.1,25.0,25.2,25.1,25.0,25.2,25.1,25.3,25.3,25.2,25.3,25.3,25.3,25.3,25.4,25.6,25.2,25.4,25.5,25.3,25.3,25.4,25.5,25.5,25.4,25.4,25.3,25.5,25.4,25.6,25.5,25.5,25.5,25.5,25.5,25.6,25.5,25.6,25.6,25.5,25.5,25.5,25.5,25.6,25.7,25.5,25.6,25.6,25.5,25.7,25.6,25.7,25.6,25.5,25.6,25.8,25.6,25.7,25.7,25.7,25.6,25.7,25.7,25.7,25.7,25.7,25.7,25.7,25.8,25.8,25.8,25.7,25.7,25.8,25.6,25.6,25.7,25.6,25.7,25.8,25.7,25.7,25.7,25.7,25.7,25.6,25.7,25.6,25.7,25.6,25.5,25.5,25.5,25.4,25.6,25.4,25.3,25.5,25.4,25.3,25.4,25.3,25.2,25.4,25.3,25.1,25.1,25.1,25.1,25.1,25.0,25.3,25.3,25.1,25.1,25.1,25.1,25.1,25.1,25.1,25.1,25.1,25.1,25.2,25.1,25.1,25.0,25.0,25.1,25.0,25.1,24.9,25.1,25.2,25.1,25.1,25.0,25.0,25.1,25.1,24.9,24.9,25.0,25.1,25.1,25.0,25.2,25.0,25.0,25.0,24.9
16,24.9,25.0,24.9,24.9,24.8,24.7,24.8,24.8,25.0,25.0,24.9,25.0,25.0,25.1,25.0,25.0,24.9,25.1,24.9,24.9,25.1,25.1,25.1,25.0,24.9,25.3,25.0,25.0,25.2,25.1,24.9,25.0,25.2,25.0,25.2,25.1,25.1,25.2,25.1,25.2,25.1,25.1,25.2,25.2,25.1,25.2,25.1,25.4,25.2,25.4,25.3,25.3,25.4,25.5,25.4,25.5,25.5,25.4,25.5,25.4,25.5,25.2,25.3,25.5,25.4,25.4,25.5,25.7,25.7,25.4,25.5,25.6,25.6,25.6,25.5,25.6,25.7,25.7,25.7,25.6,25.7,25.7,25.6,25.6,25.7,25.8,25.7,25.6,25.8,25.7,25.6,25.7,25.7,25.6,25.9,25.7,25.7,25.8,25.8,25.8,25.7,25.7,25.9,25.7,25.9,25.7,25.7,25.8,25.7,25.8,25.8,25.8,25.9,25.7,25.7,25.6,25.5,25.7,25.9,25.7,25.9,25.9,25.7,25.9,25.5,25.8,25.7,25.7,25.8,25.7,25.7,25.6,25.6,25.7,25.5,25.6,25.4,25.4,25.4,25.5,25.6,25.4,25.2,25.2,25.3,25.2,25.1,25.3,25.3,25.4,25.0,25.1,25.1,25.1,25.1,25.2,25.1,25.2,25.0,25.0,25.0,25.1,25.0,25.1,25.1,25.0,25.1,25.1,25.0,25.0,25.1,25.1,25.1,25.1,25.0,24.9,25.0,25.1,25.1,25.0,25.0,24.9,25.1,25.0,25.1,25.1,25.2,24.9,24.8,25.1,25.0,25.0
17,24.9,24.9,24.9,25.0,24.9,25.0,25.0,25.1,24.8,24.9,24.9,24.9,24.9,24.9,24.9,25.0,24.9,24.9,25.0,25.1,25.1,25.0,25.1,25.0,25.0,25.1,24.9,25.0,25.1,24.9,24.9,25.0,25.1,25.2,25.1,25.2,25.1,25.1,25.1,25.1,25.2,25.1,25.0,25.1,25.0,25.1,25.2,25.1,25.1,25.2,25.3,25.3,25.3,25.4,25.4,25.5,25.7,25.7,25.7,26.0,25.8,25.6,25.7,25.6,25.5,25.6,25.8,25.9,25.7,25.6,25.7,25.6,25.6,25.7,25.7,25.7,25.7,25.8,25.8,25.7,25.9,25.7,25.8,25.7,25.7,25.7,25.8,25.7,25.9,25.7,25.8,25.9,25.7,25.7,25.9,25.8,25.8,25.8,25.8,25.9,25.9,25.9,25.9,25.8,25.9,25.9,25.9,25.9,25.9,25.9,26.1,25.8,25.9,25.8,26.0,25.9,25.9,26.0,26.0,26.0,26.1,26.2,26.3,26.1,26.2,26.1,25.9,26.1,26.0,26.0,25.8,25.8,25.9,25.8,25.6,25.6,25.7,25.6,25.3,25.4,25.3,25.3,25.2,25.2,25.2,25.4,25.2,25.4,25.2,25.2,25.2,25.2,25.1,25.1,25.2,24.9,25.0,25.2,25.1,25.2,25.0,25.1,25.1,25.0,25.1,24.9,24.9,25.0,25.1,25.1,24.9,25.1,25.0,25.1,25.1,24.9,25.1,25.1,25.0,25.0,25.0,25.2,24.9,25.0,25.1,24.9,25.1,25.0,25.1,24.9,24.9,25.0
18,25.0,25.0,24.9,24.9,24.9,25.1,25.0,24.8,25.0,24.9,24.9,25.0,25.0,25.1,24.9,25.0,25.1,25.2,25.1,25.2,25.0,25.1,25.0,25.0,24.9,25.0,25.1,25.2,25.2,25.0,25.1,25.2,25.2,25.1,25.1,25.2,25.2,25.1,25.2,25.2,25.1,25.1,25.3,25.2,25.4,25.4,25.2,25.1,25.3,25.2,25.4,25.3,25.5,25.7,25.8,25.9,26.5,26.6,26.4,26.3,26.3,25.9,25.7,25.9,25.7,26.0,26.1,26.4,26.5,26.2,25.8,25.8,25.9,25.7,25.7,25.9,25.9,25.7,25.8,25.9,25.9,25.9,25.8,25.9,25.9,26.0,25.9,25.8,26.0,25.9,25.8,25.9,26.0,25.9,26.0,26.1,25.9,25.8,26.1,26.0,25.9,25.9,26.0,26.0,26.0,26.0,26.0,25.9,25.9,26.1,25.9,26.0,26.0,26.0,26.2,26.1,26.2,26.0,26.4,26.6,26.9,26.9,26.8,26.7,26.8,26.9,26.6,26.6,26.6,26.6,26.4,26.3,26.3,26.3,26.3,26.1,25.8,25.8,25.8,25.5,25.5,25.6,25.4,25.3,25.5,25.3,25.3,25.2,25.3,25.2,25.2,25.2,25.1,25.1,25.1,25.2,25.3,25.2,25.2,25.1,25.0,25.1,25.1,25.1,25.0,25.0,25.2,25.1,25.1,25.2,25.0,25.0,25.2,25.0,25.3,25.0,25.1,25.1,25.1,25.1,25.0,24.9,25.2,25.0,25.2,25.0,25.1,25.1,25.0,25.1,25.1,24.9
19,25.0,24.9,24.9,25.0,24.9,24.9,24.8,24.8,24.8,24.8,24.9,24.9,25.0,24.9,25.0,25.0,25.1,24.9,24.9,24.9,25.0,25.0,25.0,25.0,25.0,25.0,25.1,25.1,25.1,25.0,24.9,25.2,25.2,25.0,25.1,25.0,25.1,25.0,25.2,25.3,25.2,25.1,25.2,25.3,25.4,25.2,25.1,25.2,25.1,25.2,25.4,25.5,25.5,25.8,26.2,26.5,26.9,27.2,27.3,27.1,27.1,26.5,26.1,25.9,26.2,26.3,26.7,27.0,27.0,26.7,26.3,26.1,25.7,26.0,25.8,25.9,25.9,26.0,25.9,26.0,26.0,26.0,25.8,26.1,26.0,26.0,26.0,26.0,26.1,26.2,25.9,26.1,26.1,26.0,26.1,26.4,26.1,26.1,26.1,26.2,26.1,26.2,26.1,26.1,26.1,26.2,26.2,26.2,26.1,26.2,26.2,26.3,26.1,26.2,26.2,26.2,26.2,26.3,26.7,27.5,27.8,27.7,27.8,27.8,27.7,27.7,27.5,27.6,27.5,27.5,27.5,27.2,27.1,27.1,27.0,26.7,26.6,26.2,25.9,25.8,25.7,25.6,25.4,25.3,25.6,25.2,25.2,25.6,25.2,25.3,25.4,25.2,25.2,25.2,25.2,25.1,25.0,25.0,25.1,25.2,25.2,25.2,25.1,25.1,25.1,25.1,24.9,25.0,25.0,24.8,25.1,25.0,25.2,24.9,25.0,25.1,25.0,25.1,25.0,25.0,25.0,25.0,25.1,25.1,25.1,25.0,25.2,25.1,25.0,25.0,25.1,25.0
20,24.9,25.0,25.0,25.0,25.0,25.0,25.0,24.9,24.9,24.9,24.9,25.0,25.0,25.1,25.0,25.1,25.0,25.0,24.9,25.1,25.1,25.0,24.8,25.1,25.0,25.0,25.1,25.1,25.0,25.1,25.1,25.1,25.1,25.1,25.2,25.1,25.2,25.3,25.1,25.3,25.3,25.4,25.5,25.2,25.3,25.2,25.4,25.3,25.4,25.3,25.5,25.5,25.8,26.2,26.8,27.5,28.0,28.4,28.6,28.7,28.3,27.8,26.9,26.7,26.8,27.0,27.5,27.9,28.0,27.7,27.1,26.4,26.3,26.2,26.4,26.5,26.4,26.3,26.3,26.5,26.3,26.5,26.4,26.4,26.4,26.4,26.4,26.4,26.5,26.4,26.4,26.4,26.4,26.6,26.3,26.5,26.5,26.5,26.4,26.5,26.3,26.6,26.4,26.6,26.4,26.5,26.4,26.4,26.5,26.4,26.5,26.4,26.5,26.6,26.4,26.4,26.5,26.7,27.2,28.3,28.8,28.9,28.9,28.9,28.9,28.7,28.8,28.6,28.6,28.5,28.5,28.4,28.3,28.2,28.0,28.0,27.4,26.7,26.0,25.9,25.6,25.6,25.6,25.6,25.6,25.6,25.3,25.3,25.4,25.2,25.3,25.4,25.2,25.2,25.1,25.3,25.2,25.1,25.1,25.3,25.0,25.1,25.1,25.3,25.2,25.1,25.3,25.2,25.1,25.1,25.0,25.2,25.0,25.2,25.0,25.1,25.1,25.1,25.2,24.9,25.2,24.9,25.1,25.1,25.3,25.0,25.1,25.0,25.2,25.1,25.1,25.0
21,24.9,24.9,25.0,25.0,25.0,25.0,24.9,24.8,25.0,24.9,24.9,25.0,25.0,25.1,24.9,24.9,25.1,24.9,25.0,25.0,25.0,25.0,25.1,25.1,24.9,25.0,25.1,25.0,25.0,25.0,25.1,25.1,25.1,24.9,25.2,25.3,25.0,25.2,25.1,25.2,25.2,25.2,25.2,25.3,25.1,25.4,25.3,25.2,25.4,25.4,25.4,25.6,26.0,26.4,27.3,28.1,29.1,29.3,29.5,29.6,29.3,29.0,28.0,27.5,27.6,27.7,28.4,28.7,28.7,28.5,27.8,27.0,26.7,26.9,27.0,27.2,27.2,27.3,27.1,27.3,27.1,27.3,27.2,27.1,27.1,27.0,27.2,27.0,27.2,27.0,27.1,27.0,26.9,27.0,26.9,27.0,27.0,27.2,27.1,26.9,27.1,27.0,26.9,26.9,27.0,26.9,26.9,26.8,26.7,26.9,26.9,26.9,26.8,26.9,26.9,26.9,26.9,26.8,28.0,29.0,29.7,29.7,29.9,29.9,29.8,29.8,29.8,29.8,29.8,29.8,29.9,29.9,29.7,29.6,29.6,29.3,28.6,27.3,26.4,25.8,25.8,25.8,25.7,25.7,25.7,25.5,25.5,25.5,25.4,25.4,25.4,25.3,25.2,25.3,25.2,25.3,25.2,25.2,25.4,25.3,25.0,25.2,25.1,25.0,25.1,25.1,25.1,25.3,25.0,25.1,25.1,25.1,25.1,25.0,25.1,25.1,25.1,25.1,25.0,25.1,24.9,25.0,25.0,25.0,25.0,25.0,25.0,25.1,25.1,25.1,25.0,25.1
22,25.0,25.0,24.9,25.0,25.1,24.8,25.0,25.0,24.9,25.0,24.9,24.9,24.9,25.0,25.0,25.1,25.0,24.9,25.0,25.1,25.0,25.2,25.0,25.1,25.2,25.1,25.0,25.1,25.1,25.2,25.2,25.0,25.1,25.1,25.2,25.1,25.1,25.1,25.1,25.3,25.1,25.1,25.4,25.3,25.4,25.2,25.3,25.4,25.5,25.5,25.6,25.5,26.0,26.7,27.9,29.1,29.5,29.7,29.9,29.8,29.8,29.7,29.2,28.3,28.4,28.7,29.0,29.3,29.3,29.1,28.7,28.2,27.6,27.7,28.1,28.3,28.5,28.4,28.3,28.3,28.2,28.3,28.2,28.2,28.0,27.9,27.8,27.9,28.0,27.9,28.0,28.0,27.9,27.8,28.0,27.9,27.8,27.8,27.8,27.8,27.7,27.6,27.7,27.6,27.7,27.5,27.6,27.6,27.6,27.4,27.4,27.4,27.3,27.3,27.3,27.1,27.2,27.3,28.2,29.1,29.4,29.6,29.9,30.0,30.3,30.3,30.2,30.3,30.1,30.2,30.5,30.4,30.4,30.3,30.3,30.2,29.4,27.7,26.5,26.3,26.0,26.0,25.9,25.7,25.7,25.6,25.4,25.7,25.4,25.3,25.4,25.2,25.4,25.2,25.1,25.3,25.1,25.1,25.1,25.2,25.1,25.1,25.0,25.1,25.1,25.0,25.2,25.1,25.2,25.1,25.0,25.2,25.0,25.0,25.1,25.1,25.0,25.1,25.1,25.1,25.2,25.0,25.0,25.2,25.2,25.0,25.1,25.1,24.9,25.1,25.0,24.9
23,25.0,25.0,25.2,25.0,25.0,25.0,25.0,25.0,25.0,24.9,24.9,24.9,25.1,25.1,25.1,24.9,25.0,25.1,25.1,25.1,25.1,25.2,25.0,25.2,25.1,24.9,25.0,25.2,25.2,25.2,25.1,25.1,25.2,25.0,25.2,25.4,25.3,25.2,25.3,25.4,25.4,25.2,25.2,25.4,25.3,25.2,25.3,25.5,25.3,25.6,25.4,25.7,26.0,26.9,28.6,29.4,29.8,30.0,30.1,30.1,30.0,29.9,29.8,29.2,29.2,29.6,29.8,29.7,29.7,29.7,29.6,29.0,28.4,28.8,29.5,29.7,29.8,30.0,29.8,29.6,29.6,29.6,29.7,29.6,29.2,29.0,28.8,29.0,29.1,28.9,29.1,29.1,28.9,28.9,28.8,28.7,28.7,28.7,28.8,28.6,28.6,28.7,28.5,28.5,28.3,28.5,28.3,28.3,28.1,28.1,28.0,28.4,28.1,28.1,27.8,28.0,27.9,27.9,28.3,29.0,29.3,29.6,29.9,30.3,30.3,30.4,30.4,30.5,30.4,30.5,30.3,30.4,30.3,30.5,30.4,30.3,29.8,28.1,27.2,26.7,26.5,26.5,26.3,26.2,26.3,26.0,25.9,25.9,25.7,25.6,25.6,25.5,25.2,25.5,25.1,25.3,25.1,25.2,25.2,25.0,25.1,25.1,25.2,25.1,25.1,25.0,25.0,25.3,25.0,25.0,25.1,25.1,25.0,25.0,25.0,25.0,25.0,24.9,25.1,24.9,25.1,25.1,25.0,25.2,25.1,25.0,25.1,25.1,25.0,25.0,24.9,25.1
24,25.0,25.0,24.9,25.0,25.0,25.0,25.0,25.0,24.9,24.9,25.0,25.0,25.0,25.0,25.0,25.0,25.0,25.1,24.9,25.2,25.0,25.1,25.0,25.1,25.2,25.0,25.1,25.0,25.0,25.2,25.1,25.0,25.2,25.1,25.1,25.1,25.1,25.2,25.2,25.4,25.2,25.4,25.4,25.3,25.2,25.3,25.4,25.5,25.5,25.5,25.4,25.7,26.1,27.1,28.7,29.4,29.8,29.9,30.0,30.0,30.1,30.1,30.3,29.8,29.8,29.9,30.1,30.0,30.0,29.8,29.6,29.6,29.4,29.7,30.4,30.7,30.8,31.0,30.9,30.6,30.5,30.7,30.8,30.5,30.1,29.7,29.6,29.6,29.8,29.8,29.9,29.7,29.7,29.6,29.8,29.6,29.6,29.6,29.7,29.5,29.6,29.4,29.4,29.4,29.2,29.4,29.2,29.1,29.1,29.2,28.8,29.0,28.9,29.0,28.8,28.7,28.5,28.6,28.6,28.6,29.0,29.4,30.0,30.3,30.4,30.4,30.2,30.4,30.4,30.4,30.5,30.3,30.3,30.4,30.4,30.4,29.8,28.6,27.8,27.7,27.4,27.4,27.2,26.9,26.7,26.6,26.4,26.4,26.2,26.2,25.9,25.6,25.2,25.3,25.4,25.2,25.2,25.3,25.2,25.2,25.3,25.1,25.3,25.1,25.2,25.1,25.2,25.1,25.1,24.9,25.1,25.1,25.1,25.1,25.0,25.0,25.0,25.1,25.0,25.0,25.2,25.0,25.1,24.9,25.1,25.0,25.1,25.2,25.0,25.0,25.1,25.3
25,25.0,24.9,24.9,25.0,24.9,25.1,25.1,25.0,25.0,25.0,25.1,24.9,25.1,25.1,25.1,25.0,25.1,24.9,25.1,25.1,25.2,25.1,25.0,25.0,25.1,25.0,25.1,25.2,25.1,25.1,25.3,25.2,25.1,25.1,25.2,25.2,25.2,25.3,25.2,25.4,25.5,25.3,25.2,25.2,25.4,25.2,25.4,25.6,25.4,25.5,25.6,25.7,26.2,27.1,28.6,29.5,29.8,29.9,30.0,30.0,30.2,30.3,30.4,30.3,29.9,30.0,30.1,30.2,30.1,29.9,30.1,30.1,30.4,30.5,30.7,31.0,31.1,31.2,31.1,31.0,30.6,31.1,31.1,30.9,30.7,30.2,29.8,30.0,30.2,30.3,30.2,30.3,30.2,30.2,30.2,30.1,30.3,30.0,30.0,30.1,30.1,30.0,30.0,30.2,29.9,30.0,29.8,29.9,29.8,29.7,29.5,29.7,29.4,29.6,29.4,29.4,29.3,29.0,28.8,28.7,28.6,29.5,30.1,30.4,30.5,30.6,30.4,30.3,30.3,30.4,30.2,30.1,29.9,30.0,30.1,30.4,30.2,29.3,29.0,28.8,28.8,28.3,28.2,28.0,27.6,27.2,27.2,27.1,26.8,26.5,26.3,25.9,25.6,25.4,25.3,25.2,25.2,25.2,25.3,25.3,25.1,25.1,25.1,25.0,25.2,25.1,25.2,25.1,25.0,25.2,25.2,25.2,25.0,25.0,25.0,25.0,24.9,25.0,25.0,25.1,25.1,25.1,25.0,25.0,25.1,25.0,25.0,25.1,25.1,25.1,25.0,25.0
26,24.9,25.0,24.9,25.0,24.8,24.9,24.9,25.0,25.0,25.1,24.9,24.9,25.0,25.0,25.0,24.9,25.1,25.0,25.0,25.0,25.0,25.0,25.1,25.0,25.1,25.1,25.1,25.1,25.2,25.1,25.3,25.1,25.2,25.0,25.1,25.3,25.1,25.1,25.2,25.3,25.4,25.3,25.2,25.3,25.2,25.3,25.4,25.4,25.6,25.6,25.6,25.8,26.2,26.9,28.8,29.6,29.8,29.7,29.9,30.0,30.0,30.4,30.6,30.6,30.5,30.4,30.4,30.5,30.4,30.2,30.4,30.3,30.8,30.8,30.9,31.0,30.9,31.2,31.0,31.0,30.7,31.0,31.1,31.0,30.8,30.3,30.2,30.3,30.4,30.5,30.5,30.6,30.4,30.5,30.4,30.3,30.3,30.4,30.2,30.4,30.4,30.3,30.3,30.1,30.2,30.2,30.1,30.2,29.8,30.0,29.9,30.0,29.8,29.9,29.9,29.6,29.6,29.4,29.3,29.0,29.0,29.8,30.3,30.5,30.5,30.4,30.4,30.4,30.3,30.3,30.1,29.9,29.7,29.7,30.1,30.2,30.1,30.1,29.8,29.8,29.6,29.7,29.2,28.7,28.4,28.0,28.1,28.1,27.8,27.4,26.9,26.2,25.9,25.3,25.4,25.3,25.2,25.1,25.3,25.2,25.3,25.1,25.3,25.2,25.1,25.1,25.1,25.2,25.0,25.2,25.1,25.1,25.3,24.9,25.1,25.1,25.1,25.1,25.1,25.0,25.1,25.1,25.0,25.2,25.1,25.0,25.0,25.0,25.0,25.2,25.0,25.1
27,24.9,24.9,24.8,25.0,24.9,24.9,24.9,25.0,25.1,24.9,24.9,25.0,24.9,25.1,25.0,25.0,25.3,25.1,25.2,25.1,25.1,25.1,24.9,25.1,25.1,25.2,25.2,25.0,25.1,25.2,25.3,25.4,25.3,25.3,25.3,25.4,25.2,25.2,25.2,25.4,25.4,25.2,25.4,25.2,25.5,25.5,25.6,25.5,25.5,25.7,25.7,25.9,26.0,27.1,28.8,29.7,30.1,30.0,29.8,30.2,30.3,30.4,30.8,30.9,30.9,30.6,30.6,30.9,30.9,30.8,30.8,30.8,31.0,31.0,31.1,31.2,31.2,31.0,31.2,31.1,31.1,31.1,31.2,31.0,31.1,30.6,30.3,30.6,30.7,30.9,30.8,30.7,30.8,30.8,30.7,30.8,30.7,30.6,30.6,30.7,30.6,30.8,30.6,30.6,30.4,30.5,30.3,30.4,30.4,30.2,30.2,30.2,30.2,30.2,30.2,30.2,30.0,29.9,29.7,29.6,29.6,30.0,30.4,30.6,30.4,30.4,30.3,30.2,30.4,30.3,30.0,29.9,29.8,30.0,30.2,30.3,30.2,30.4,30.2,30.2,30.0,29.8,29.4,28.5,28.2,28.0,27.9,28.1,27.8,27.9,27.5,26.7,25.9,25.5,25.4,25.3,25.4,25.3,25.1,25.1,25.0,25.2,25.1,24.9,25.3,25.1,25.1,25.1,25.1,25.2,25.2,25.2,25.2,25.1,25.2,25.0,25.0,25.2,25.2,25.2,25.0,25.1,25.1,25.2,25.2,25.1,25.1,25.1,25.0,25.3,25.0,25.1
28,24.9,25.1,25.1,24.9,24.9,24.9,24.9,25.0,25.0,25.0,25.0,25.0,25.1,25.1,25.0,25.0,25.0,25.0,25.1,25.1,24.9,25.1,25.1,25.1,25.2,25.1,25.3,25.1,25.2,25.1,25.1,25.2,25.3,25.3,25.2,25.4,25.3,25.3,25.3,25.4,25.2,25.2,25.4,25.4,25.4,25.3,25.4,25.6,25.6,25.7,25.7,25.9,26.0,27.1,28.8,30.0,30.3,30.1,29.9,30.2,30.3,30.6,30.9,31.1,31.1,30.8,30.9,30.9,31.1,30.8,30.9,31.0,31.0,31.1,31.0,31.0,31.2,31.1,31.3,31.1,31.1,31.3,31.3,31.2,31.3,30.9,30.5,30.7,30.9,30.9,30.9,30.9,30.8,31.0,30.9,30.8,30.8,30.8,30.6,31.0,30.6,30.7,30.6,30.6,30.6,30.6,30.5,30.5,30.7,30.4,30.4,30.5,30.6,30.5,30.4,30.5,30.6,30.2,30.1,29.9,30.2,30.2,30.4,30.6,30.4,30.2,30.3,30.3,30.4,30.4,30.1,29.8,30.0,30.1,30.1,30.2,30.2,30.4,30.2,30.2,29.9,29.8,29.1,28.6,28.3,28.2,28.1,28.1,27.7,27.8,28.0,26.8,26.2,25.4,25.3,25.3,25.3,25.3,25.2,25.2,25.2,25.1,25.2,25.2,25.2,25.1,25.1,25.1,25.1,25.2,25.1,25.2,25.3,25.1,25.0,24.9,25.0,25.1,25.0,25.1,25.0,25.1,25.0,25.1,25.1,25.0,25.1,25.0,25.1,24.9,25.0,25.1
29,24.9,24.9,24.9,25.0,25.0,24.9,25.0,24.9,24.8,24.8,25.0,24.9,24.9,24.8,25.0,24.9,25.1,24.9,25.0,25.0,25.0,25.1,25.0,25.1,25.1,25.1,25.0,25.3,25.2,25.1,25.2,25.0,25.2,25.3,25.2,25.3,25.3,25.2,25.3,25.4,25.2,25.2,25.6,25.5,25.4,25.4,25.6,25.6,25.6,25.6,25.5,25.6,26.4,27.2,28.9,30.3,30.4,30.2,29.9,29.9,30.1,30.2,30.7,30.9,31.0,31.1,31.1,31.3,31.1,30.9,31.1,30.9,30.8,30.7,30.8,30.9,31.0,31.1,31.2,31.3,31.4,31.1,31.5,31.2,31.1,31.1,31.0,30.8,31.0,31.1,31.1,30.7,31.0,30.8,30.8,30.8,30.8,30.9,30.8,30.8,30.7,31.0,30.8,30.8,30.7,30.7,30.9,30.6,30.6,30.4,30.3,30.5,30.4,30.4,30.6,30.6,30.5,30.3,30.3,30.2,30.0,30.0,30.4,30.3,30.2,30.1,29.9,30.2,30.0,30.1,30.0,29.9,30.0,30.3,30.2,30.2,30.1,30.2,30.2,30.1,30.0,29.6,29.1,28.8,28.6,28.5,28.2,28.3,28.0,28.0,28.2,27.0,26.0,25.6,25.4,25.2,25.3,25.2,25.3,25.1,25.1,25.1,25.2,25.1,25.2,25.1,25.2,25.1,25.1,25.1,25.0,25.2,25.0,25.1,24.9,25.0,25.0,25.2,25.0,25.0,25.0,25.0,25.0,25.0,25.1,24.9,25.0,24.9,25.1,24.9,25.0,25.0
30,25.0,25.0,25.0,24.9,25.0,25.0,24.8,25.0,25.0,25.0,25.1,25.0,25.0,25.0,25.0,24.9,25.0,25.0,25.1,25.1,25.2,25.1,25.0,25.1,25.2,25.2,25.1,25.1,25.2,25.1,25.3,25.5,25.4,25.2,25.2,25.2,25.2,25.4,25.3,25.4,25.6,25.4,25.3,25.5,25.5,25.4,25.5,25.6,25.7,25.6,25.8,25.9,26.4,27.3,29.1,30.3,30.3,30.2,29.9,29.6,29.6,29.8,30.1,30.7,30.9,31.2,31.2,31.1,31.1,30.9,30.7,30.6,30.6,30.6,30.4,30.6,30.8,31.1,31.3,31.3,31.4,31.3,31.3,31.3,31.3,31.2,31.1,30.9,31.3,31.1,31.0,31.0,31.1,31.0,31.0,31.0,31.0,31.0,31.1,31.1,31.0,30.9,30.9,30.8,30.7,30.9,30.8,30.7,30.6,30.4,30.1,30.4,30.4,30.6,30.7,30.7,30.7,30.5,30.5,30.2,30.2,30.1,30.0,30.0,29.8,29.8,29.6,29.9,29.8,30.0,29.9,29.8,29.9,30.0,30.0,30.1,30.1,30.1,30.2,30.1,30.1,29.7,29.3,29.1,29.0,28.8,28.5,28.5,28.4,28.3,28.9,27.4,26.2,25.7,25.4,25.2,25.4,25.2,25.3,25.1,25.3,25.1,25.2,25.1,25.3,25.4,25.2,25.1,25.0,25.0,25.1,25.1,25.1,25.0,25.1,25.1,25.0,25.0,25.1,25.0,25.0,25.2,24.9,24.9,25.1,25.0,25.0,25.0,25.0,25.1,25.0,25.1
31,24.8,24.9,24.9,24.9,25.0,24.9,24.9,24.9,25.1,24.8,24.9,25.0,25.0,25.1,25.0,25.0,25.1,25.0,25.2,25.1,25.1,25.0,25.0,25.0,25.1,25.1,25.1,25.2,25.1,25.3,25.2,25.3,25.3,25.3,25.2,25.3,25.2,25.2,25.4,25.4,25.4,25.4,25.4,25.4,25.4,25.6,25.6,25.6,25.7,25.7,25.8,25.9,26.4,27.5,29.0,30.0,29.8,29.3,29.0,28.8,28.8,28.6,29.0,30.0,30.8,31.0,31.1,31.1,31.0,30.6,30.2,30.0,30.1,30.0,29.8,30.0,30.5,30.9,31.4,31.3,31.3,31.4,31.1,31.4,31.3,31.3,31.3,31.1,31.2,31.3,31.5,31.4,31.0,31.1,31.2,31.2,31.2,31.2,31.2,31.1,31.2,31.0,31.0,30.9,30.8,30.9,30.7,30.6,30.5,30.0,29.8,29.9,30.2,30.6,30.7,30.7,30.7,30.6,30.5,30.2,29.9,29.6,29.4,29.4,29.3,29.4,29.6,29.6,29.5,29.6,29.5,29.4,29.5,29.5,29.5,29.6,29.6,29.9,30.0,30.1,30.0,29.9,29.8,29.4,29.2,29.0,28.7,28.8,28.8,28.8,28.9,27.6,26.4,25.7,25.4,25.4,25.2,25.2,25.1,25.3,25.1,25.3,25.1,25.2,25.4,25.0,25.0,25.1,25.1,25.0,25.1,25.1,25.0,25.0,25.1,25.1,25.0,25.1,25.1,25.0,25.0,25.0,24.8,25.0,25.0,25.1,25.0,25.0,25.0,24.9,24.9,25.0
32,24.9,24.9,25.0,25.0,25.1,24.9,24.9,25.1,25.0,24.9,25.0,25.1,25.1,25.0,25.0,24.9,25.0,25.0,25.0,25.1,25.1,25.0,25.0,25.0,25.3,25.2,25.1,25.2,25.3,25.3,25.1,25.3,25.4,25.4,25.5,25.4,25.5,25.4,25.3,25.4,25.3,25.5,25.5,25.5,25.5,25.5,25.7,25.7,25.7,25.8,25.6,26.0,26.5,27.6,29.1,29.8,29.1,28.2,27.8,27.8,27.5,27.8,28.0,29.1,30.4,30.8,30.9,31.0,30.7,30.3,29.6,29.4,29.8,29.7,29.4,29.3,29.8,30.7,31.1,31.3,31.5,31.4,31.3,31.1,31.3,31.3,31.3,31.3,31.3,31.2,31.2,31.3,31.3,31.3,31.3,31.1,31.1,31.3,31.1,31.2,31.2,31.3,31.1,30.8,30.7,30.8,30.6,30.9,30.4,29.7,29.3,29.7,30.2,30.7,30.9,30.7,30.9,30.6,30.4,30.1,29.4,28.8,28.7,28.9,28.7,28.7,28.7,28.9,28.8,28.8,28.8,28.8,28.9,29.1,29.1,29.2,29.1,29.4,29.7,30.0,30.1,30.1,29.9,29.4,29.1,28.8,28.6,28.9,29.0,29.2,28.9,27.9,26.5,25.7,25.2,25.3,25.4,25.4,25.3,25.3,25.3,25.1,25.1,25.2,25.2,25.2,25.2,25.2,25.2,25.1,25.1,25.1,25.1,25.1,25.0,25.0,25.1,25.0,24.9,25.0,25.0,25.1,25.0,25.2,25.2,25.1,25.1,25.0,25.0,25.1,25.0,25.0
33,25.0,25.0,24.9,25.1,24.9,24.9,24.9,24.9,24.8,25.1,25.1,25.0,25.1,25.1,25.1,25.1,25.0,25.0,25.1,25.2,25.0,25.0,25.2,25.2,25.2,25.0,25.1,25.1,25.3,25.2,25.1,25.1,25.5,25.3,25.4,25.4,25.4,25.3,25.4,25.4,25.4,25.5,25.4,25.6,25.6,25.4,25.5,25.7,25.7,25.9,25.9,26.1,26.5,27.6,29.1,29.4,28.7,27.7,27.2,27.1,26.9,27.0,27.8,28.6,29.8,30.6,30.7,30.7,30.5,29.9,29.3,29.2,29.8,29.9,29.5,29.1,29.6,30.5,31.2,31.3,31.5,31.4,31.3,31.3,31.4,31.3,31.3,31.4,31.3,31.3,31.4,31.3,31.2,31.3,31.4,31.4,31.1,31.3,31.4,31.2,31.3,31.2,31.1,30.8,30.6,30.8,30.8,30.6,30.5,29.7,29.1,29.7,30.2,30.8,31.0,30.9,30.9,30.7,30.4,29.8,28.9,28.5,28.3,28.2,28.1,28.2,28.3,28.2,28.3,28.3,28.3,28.3,28.2,28.3,28.3,28.4,28.6,28.9,29.4,29.8,30.0,30.0,29.8,28.9,28.3,27.9,27.8,28.2,28.6,28.9,28.9,27.8,26.5,25.8,25.4,25.4,25.4,25.3,25.5,25.2,25.2,25.4,25.2,25.2,25.2,25.2,25.1,25.1,25.2,25.1,25.2,25.2,25.0,25.0,25.1,25.0,25.1,25.1,25.0,25.2,25.1,25.0,25.1,25.1,25.0,25.1,25.2,24.9,25.1,25.0,25.1,25.1
34,24.9,25.0,24.8,25.0,25.0,25.0,24.9,25.0,25.0,25.0,25.1,24.9,24.9,25.1,25.0,25.1,25.1,25.0,25.1,25.1,25.1,25.1,25.3,25.1,25.3,25.2,25.1,25.4,25.3,25.2,25.2,25.4,25.3,25.3,25.4,25.4,25.3,25.4,25.4,25.6,25.4,25.5,25.7,25.6,25.7,25.7,25.8,25.9,25.8,26.1,26.1,26.3,26.6,27.6,29.0,29.3,28.3,27.5,27.1,26.9,26.9,27.0,27.6,28.4,29.4,30.4,30.3,30.4,30.2,29.7,29.7,29.4,29.9,30.0,29.9,29.4,29.6,30.3,30.9,31.2,31.3,31.4,31.4,31.4,31.5,31.5,31.3,31.2,31.4,31.2,31.3,31.3,31.4,31.2,31.3,31.4,31.4,31.3,31.3,31.3,31.4,31.3,31.1,31.1,30.8,30.7,30.7,30.7,30.6,29.9,29.7,29.9,30.6,30.8,31.1,30.8,30.9,30.3,30.3,29.7,28.7,28.3,28.0,27.9,27.8,28.0,28.0,28.1,27.9,27.9,27.9,27.8,28.0,28.0,28.2,28.3,28.1,28.5,29.2,29.5,29.8,29.8,29.1,28.0,27.4,27.1,27.0,27.3,27.9,28.5,28.8,27.7,26.7,25.9,25.5,25.3,25.2,25.1,25.2,25.2,25.2,25.3,25.2,25.3,25.1,25.1,25.2,25.1,25.1,25.2,25.1,25.3,24.9,25.0,25.1,25.3,25.1,25.1,25.1,25.0,25.1,25.0,25.0,24.8,25.1,25.0,25.0,25.1,25.0,25.0,25.1,25.1
35,24.9,25.1,24.8,25.0,25.1,24.9,24.8,24.9,25.0,25.2,24.9,24.9,25.0,25.1,25.1,25.2,25.2,25.0,25.1,25.2,25.1,25.2,25.2,25.1,25.0,25.1,25.2,25.3,25.1,25.1,25.3,25.3,25.3,25.4,25.5,25.5,25.4,25.3,25.5,25.4,25.6,25.5,25.6,25.7,25.8,25.7,25.8,26.1,26.2,26.2,26.5,26.7,26.7,27.3,28.8,29.0,28.2,27.6,27.1,26.9,27.2,27.2,27.7,28.4,29.2,29.9,30.0,30.1,30.1,29.9,30.1,29.9,30.1,30.1,30.0,29.9,30.1,30.5,31.1,31.5,31.3,31.4,31.4,31.6,31.5,31.4,31.5,31.5,31.6,31.4,31.4,31.4,31.4,31.3,31.3,31.4,31.3,31.5,31.3,31.2,31.3,31.3,31.4,31.2,31.0,30.9,30.7,31.0,30.9,30.6,30.3,30.3,30.7,31.0,31.1,30.9,30.9,30.5,30.2,29.6,28.8,28.4,28.0,28.0,27.9,27.9,27.9,28.0,27.9,27.9,27.7,27.8,27.7,28.1,28.3,28.2,28.0,28.2,29.0,29.4,29.7,29.6,28.6,27.6,26.9,26.4,26.5,27.0,27.2,28.0,28.7,27.9,26.6,25.8,25.4,25.4,25.3,25.1,25.4,25.1,25.3,25.3,25.1,25.2,25.1,25.1,25.3,25.3,25.0,25.2,25.2,25.0,25.3,25.2,25.0,25.1,25.0,25.1,25.1,25.0,25.3,25.1,25.0,25.0,25.0,25.0,25.1,25.1,25.1,25.0,25.0,25.1
36,24.9,25.1,24.9,25.1,25.0,25.0,24.9,25.0,24.9,25.0,25.0,25.0,25.1,25.0,25.0,25.0,25.1,25.1,25.1,25.1,25.1,25.2,25.1,25.3,25.2,25.3,25.4,25.4,25.3,25.4,25.2,25.3,25.4,25.4,25.4,25.6,25.3,25.7,25.7,25.6,25.6,25.6,25.7,25.7,25.7,25.8,25.9,26.2,26.6,26.8,26.8,26.9,27.0,27.3,28.2,28.6,28.1,27.8,27.5,27.6,27.4,27.6,28.0,28.5,28.8,29.4,29.4,29.6,29.7,30.1,30.7,30.7,30.8,30.7,30.8,30.8,30.9,30.9,31.2,31.4,31.5,31.5,31.5,31.5,31.5,31.6,31.4,31.4,31.5,31.3,31.4,31.5,31.4,31.5,31.3,31.5,31.4,31.5,31.3,31.4,31.4,31.5,31.4,31.3,31.3,31.4,31.2,31.2,31.1,31.1,30.9,31.0,31.0,31.0,31.1,30.9,31.0,30.6,30.1,29.8,28.8,28.3,28.1,28.0,27.9,27.9,27.8,27.9,27.8,27.8,27.9,27.9,27.9,28.0,28.4,28.4,28.0,28.2,28.9,29.2,29.8,29.4,28.4,27.6,26.9,26.4,26.3,26.8,27.0,27.8,28.6,28.0,26.7,25.8,25.5,25.4,25.4,25.1,25.3,25.1,25.3,25.0,25.1,25.2,25.3,25.1,25.1,25.1,25.3,25.2,25.4,25.1,25.1,25.2,25.1,25.1,25.1,25.1,25.1,25.1,25.1,25.0,25.2,25.0,24.9,24.9,25.1,25.0,25.1,25.0,25.2,25.1
37,24.9,25.0,24.9,24.9,25.1,25.0,24.9,25.0,25.0,25.1,25.1,25.0,25.2,25.1,25.0,25.0,25.1,25.0,25.1,25.1,25.1,25.0,25.1,25.3,25.2,25.4,25.2,25.2,25.3,25.2,25.3,25.3,25.2,25.5,25.4,25.6,25.5,25.6,25.5,25.6,25.7,25.5,25.8,25.7,25.8,25.9,26.0,26.3,26.7,26.9,27.3,27.4,27.5,27.6,28.0,28.0,28.1,27.8,27.9,27.6,27.9,27.7,28.0,28.4,28.5,28.8,28.8,29.1,29.4,30.0,31.1,31.1,31.2,31.2,31.3,31.4,31.4,31.3,31.4,31.5,31.6,31.5,31.5,31.6,31.5,31.5,31.6,31.5,31.7,31.5,31.5,31.6,31.6,31.6,31.7,31.5,31.5,31.5,31.9,31.4,31.6,31.5,31.5,31.5,31.5,31.5,31.5,31.3,31.2,31.2,31.1,31.0,31.1,31.2,31.1,31.0,30.8,30.6,30.3,29.8,28.8,28.4,27.9,27.8,27.8,27.9,27.9,27.7,27.8,27.8,27.8,27.8,27.9,27.9,28.2,28.2,28.0,28.1,28.8,29.3,29.7,29.5,28.6,27.6,27.2,26.5,26.6,26.9,27.4,27.8,28.6,28.0,26.7,25.9,25.4,25.4,25.2,25.4,25.3,25.2,25.3,25.2,25.2,25.1,25.3,25.0,25.2,25.1,25.1,25.0,25.1,24.9,25.2,25.1,25.1,25.1,25.1,25.1,25.0,25.1,25.1,25.1,25.1,25.0,25.1,25.1,25.1,25.1,25.2,25.1,25.1,25.2
38,25.0,25.0,24.8,25.0,25.0,25.0,25.1,25.1,24.9,25.0,25.1,24.9,25.0,25.2,25.1,25.0,25.0,25.1,25.1,25.2,25.1,25.2,25.1,25.2,25.3,25.1,25.1,25.1,25.2,25.4,25.4,25.5,25.5,25.7,25.5,25.4,25.5,25.5,25.7,25.6,25.7,25.8,25.7,25.8,25.9,26.0,26.1,26.3,26.9,27.2,27.5,27.6,27.7,27.9,28.1,28.2,28.2,28.1,28.2,28.0,27.8,27.7,28.0,28.4,28.5,28.2,29.1,29.1,29.4,30.4,31.1,31.3,31.4,31.4,31.5,31.5,31.5,31.5,31.5,31.4,31.6,31.5,31.6,31.7,31.6,31.6,31.7,31.5,31.7,31.7,31.9,31.7,31.6,31.8,31.7,31.7,31.5,31.7,31.7,31.7,31.6,31.6,31.6,31.6,31.6,31.5,31.6,31.3,31.4,31.3,31.1,31.3,31.2,31.1,31.1,31.1,30.9,30.6,30.2,29.8,28.8,28.3,28.0,28.0,27.8,27.9,27.9,27.7,27.8,27.8,27.9,27.7,27.9,27.9,27.9,28.0,27.9,28.2,28.9,29.3,29.8,29.7,29.0,28.1,27.7,27.4,27.4,27.7,27.8,28.2,28.8,28.2,26.7,25.9,25.5,25.2,25.4,25.2,25.4,25.3,25.4,25.1,25.4,25.1,25.2,25.2,25.1,25.2,25.2,25.0,25.1,25.0,25.1,25.0,25.1,25.1,25.1,25.2,25.1,25.1,25.0,25.0,25.1,25.1,25.1,25.1,25.2,25.1,25.0,24.9,25.1,25.0
39,25.1,24.9,24.9,25.1,25.0,25.0,25.1,25.0,25.0,24.9,25.0,25.0,25.0,25.1,25.1,25.2,25.0,25.0,25.0,25.1,25.1,25.2,25.2,25.2,25.3,25.2,25.4,25.3,25.2,25.5,25.4,25.4,25.4,25.6,25.4,25.5,25.5,25.5,25.6,25.7,25.6,25.7,25.8,25.8,25.8,25.9,26.3,26.4,27.1,27.5,27.6,27.7,27.8,28.2,28.1,28.4,28.6,28.5,28.6,28.3,28.1,27.9,27.7,28.2,28.2,28.4,28.9,29.5,30.2,30.8,31.3,31.3,31.5,31.4,31.5,31.7,31.7,31.6,31.6,31.6,31.7,31.6,31.7,31.8,31.7,31.6,31.8,31.8,31.7,31.7,31.7,31.7,31.7,31.8,32.0,31.8,31.8,31.9,31.8,31.9,31.8,31.8,31.8,31.8,31.7,31.8,31.7,31.6,31.7,31.3,31.5,31.5,31.2,31.2,31.3,31.3,30.8,30.8,30.3,30.0,29.0,28.5,28.2,27.9,28.0,28.0,27.8,28.1,27.9,27.9,28.0,27.9,27.8,27.9,27.9,27.9,27.9,28.0,28.9,29.3,29.9,30.0,29.5,28.8,28.4,28.2,28.4,28.4,28.4,28.7,28.9,28.0,26.9,26.0,25.5,25.4,25.3,25.5,25.2,25.4,25.2,25.3,25.2,25.3,25.2,25.2,25.2,25.2,25.1,25.1,25.3,25.1,25.0,25.2,25.1,25.1,25.1,25.1,25.2,24.9,25.0,25.1,25.1,25.1,25.1,25.0,25.0,25.0,25.0,25.1,25.0,25.0
40,25.0,25.0,25.0,25.0,25.1,25.0,24.9,25.0,25.0,24.9,25.1,24.9,25.0,25.2,25.1,25.2,25.1,25.2,25.2,25.2,25.2,25.2,25.2,25.3,25.2,25.2,25.3,25.3,25.4,25.2,25.5,25.5,25.5,25.3,25.7,25.5,25.6,25.6,25.5,25.7,25.7,25.9,25.8,25.8,25.9,26.0,26.1,26.7,27.1,27.5,27.6,27.8,27.8,28.2,28.4,28.7,29.0,29.3,29.1,29.0,28.5,27.9,27.7,27.9,28.1,28.3,28.8,29.7,30.6,31.0,31.3,31.4,31.5,31.5,31.6,31.8,31.8,31.8,31.9,31.7,31.8,31.9,31.8,31.8,31.9,31.7,31.8,31.8,31.8,31.8,31.8,31.8,31.8,31.9,31.9,31.9,31.9,31.8,31.9,31.9,31.8,32.0,31.8,31.9,31.7,31.8,31.7,31.7,31.7,31.8,31.6,31.5,31.1,31.3,31.2,31.1,31.1,30.5,30.3,29.8,29.0,28.4,28.1,28.1,27.9,27.9,27.9,27.9,28.1,27.9,27.9,27.9,27.7,28.1,27.9,27.8,28.0,28.0,28.8,29.3,29.8,30.1,29.9,29.3,29.1,29.1,29.1,28.7,28.9,29.0,28.7,27.9,26.8,26.1,25.5,25.4,25.2,25.3,25.3,25.3,25.4,25.3,25.1,25.2,25.2,25.3,25.1,25.3,25.1,25.1,25.1,25.1,25.1,25.1,25.3,25.2,25.0,25.1,25.1,25.0,25.0,25.1,24.9,25.2,25.1,25.3,25.0,25.1,24.9,25.1,24.9,25.0
41,24.9,25.0,25.1,24.9,25.0,25.1,25.1,25.1,25.0,25.0,25.2,25.0,25.2,25.3,25.1,25.2,25.3,25.4,25.3,25.3,25.2,25.4,25.2,25.3,25.3,25.1,25.2,25.5,25.5,25.5,25.4,25.6,25.6,25.5,25.4,25.7,25.5,25.7,25.7,25.7,25.7,25.7,25.8,25.9,26.0,26.0,26.3,26.7,27.1,27.4,27.6,27.8,27.9,28.0,28.2,28.4,28.7,29.1,29.3,29.2,28.8,27.9,27.8,27.7,27.9,28.1,28.8,30.0,30.8,31.1,31.5,31.5,31.6,31.6,31.6,31.8,31.7,31.8,31.6,31.8,31.8,31.9,31.8,31.8,31.9,31.8,31.8,31.8,31.8,31.8,31.7,31.9,31.8,31.9,32.0,31.8,31.9,32.0,32.0,31.9,32.0,31.8,31.9,31.8,31.8,31.7,31.8,31.9,31.7,31.6,31.5,31.5,31.3,31.3,31.1,31.2,31.0,30.4,30.3,29.9,29.0,28.5,27.9,28.0,28.0,28.0,27.8,27.9,27.8,27.8,28.0,27.9,27.9,28.0,27.8,27.6,27.8,28.0,28.7,29.2,29.8,30.0,30.0,29.7,29.6,29.5,29.2,29.3,29.2,29.0,28.6,28.0,26.9,26.1,25.5,25.4,25.4,25.2,25.3,25.1,25.2,25.2,25.2,25.1,25.1,25.1,25.1,25.1,25.0,25.1,25.1,25.1,25.1,25.0,25.1,25.1,25.2,25.1,25.1,25.0,25.1,25.0,25.1,25.1,25.1,25.0,25.0,25.0,25.0,25.1,25.0,25.0
42,25.0,25.0,25.1,25.0,24.9,25.0,25.1,24.9,25.0,25.0,25.2,25.0,25.1,25.1,25.3,25.1,25.1,25.1,25.2,25.3,25.3,25.4,25.2,25.2,25.2,25.4,25.3,25.4,25.5,25.5,25.6,25.5,25.7,25.5,25.5,25.4,25.7,25.7,25.7,25.8,25.9,25.9,25.8,25.9,26.0,26.1,26.3,26.8,27.3,27.6,27.7,27.9,28.0,28.0,27.9,28.1,28.3,28.6,28.9,29.0,28.7,28.0,27.8,27.7,27.8,28.0,28.9,29.9,30.8,31.3,31.5,31.4,31.4,31.6,31.9,31.7,31.8,31.9,31.8,31.8,31.7,31.8,31.9,31.9,31.9,31.9,32.0,31.9,31.9,31.9,31.9,32.0,31.9,32.0,31.9,31.9,32.0,32.1,32.0,32.0,32.0,32.0,31.9,31.9,32.0,31.9,31.8,31.8,31.6,31.6,31.8,31.5,31.4,31.4,31.3,31.0,31.1,30.8,30.4,30.0,29.0,28.5,28.1,28.0,28.0,28.0,27.9,27.9,27.9,27.8,27.8,27.8,27.8,27.8,27.8,27.9,27.8,28.1,28.8,29.3,29.8,30.2,30.0,29.8,29.8,29.6,29.4,29.3,29.1,28.9,28.8,28.2,26.9,26.0,25.7,25.4,25.3,25.4,25.3,25.3,25.2,25.2,25.2,25.2,25.2,25.3,25.1,25.1,25.2,25.1,25.1,25.1,25.2,25.1,25.2,25.1,24.9,25.0,25.0,25.0,25.1,25.1,25.1,25.0,25.0,25.1,25.3,25.2,24.9,25.1,25.1,25.0
43,24.9,25.1,25.0,25.2,25.1,25.0,25.2,24.9,25.0,25.0,25.1,25.1,25.0,25.2,25.1,25.2,25.2,25.3,25.1,25.1,25.1,25.3,25.2,25.2,25.4,25.4,25.4,25.5,25.3,25.4,25.4,25.7,25.7,25.5,25.7,25.6,25.9,25.6,25.8,25.8,25.9,25.8,25.9,25.9,26.0,26.1,26.5,26.7,27.1,27.7,27.7,27.9,28.0,28.0,28.0,28.2,28.2,28.2,28.5,28.8,28.4,27.8,27.5,27.7,27.9,28.1,28.9,29.9,31.0,31.2,31.3,31.6,31.5,31.6,31.7,31.7,31.8,31.9,31.7,31.8,31.9,31.9,32.0,31.9,31.9,32.0,31.9,32.0,32.0,31.8,32.0,31.9,31.9,32.0,32.2,31.9,32.0,32.1,32.1,32.0,32.0,31.9,32.0,32.0,31.9,32.0,31.8,31.7,31.7,31.7,31.6,31.6,31.5,31.3,31.5,31.2,31.1,30.7,30.4,29.9,29.0,28.3,28.2,28.0,28.0,27.9,28.0,28.0,27.9,28.1,27.9,27.8,27.9,27.8,27.8,27.9,27.9,28.2,28.9,29.4,30.0,30.2,30.3,30.0,29.8,29.7,29.4,29.2,29.3,29.2,28.7,28.1,26.9,26.2,25.5,25.4,25.4,25.4,25.3,25.2,25.2,25.1,25.2,25.2,25.2,25.1,25.3,25.2,25.3,25.2,25.1,25.1,25.2,25.1,25.2,25.0,25.1,25.1,25.0,25.1,25.1,25.1,25.1,25.3,25.1,25.1,24.9,25.0,24.9,25.0,25.0,25.0
44,24.9,25.1,24.9,25.0,25.0,24.9,25.0,25.1,25.0,24.9,25.3,25.1,25.1,25.1,25.3,25.2,25.1,25.1,25.2,25.2,25.1,25.3,25.3,25.4,25.3,25.2,25.4,25.4,25.3,25.5,25.4,25.5,25.6,25.7,25.7,25.9,25.7,25.7,25.8,25.9,25.9,25.8,26.0,26.1,25.9,26.2,26.5,26.7,27.3,27.6,27.7,27.8,28.4,28.1,28.1,28.0,28.0,27.9,28.0,28.0,28.0,27.9,27.8,27.8,27.8,28.1,28.8,29.9,30.9,31.0,31.3,31.3,31.5,31.6,31.7,31.8,31.8,31.9,31.8,31.8,31.7,32.0,32.0,31.8,31.9,31.9,31.9,31.8,32.0,32.0,32.0,31.8,31.9,32.0,32.1,32.1,31.9,32.0,32.1,32.0,32.1,32.0,31.9,32.0,31.8,31.9,31.9,31.9,31.9,31.6,31.6,31.5,31.5,31.5,31.4,31.2,31.1,30.7,30.4,30.0,29.1,28.4,28.3,28.1,27.9,27.9,27.9,27.8,27.9,27.9,27.9,27.9,27.9,27.8,28.0,27.9,27.9,28.2,29.1,29.4,30.0,30.3,30.1,30.0,30.0,29.7,29.6,29.4,29.4,29.2,29.0,28.1,27.1,26.2,25.6,25.6,25.3,25.3,25.3,25.4,25.4,25.3,25.1,25.1,25.3,25.0,25.2,25.2,25.3,25.3,25.1,25.1,25.3,25.2,25.1,25.2,25.1,25.0,25.0,25.1,25.1,25.1,25.0,25.1,25.0,25.1,25.0,25.0,25.0,25.2,25.1,25.0
45,25.0,25.0,25.0,25.1,25.1,25.0,25.1,25.1,25.1,25.0,25.0,24.9,25.2,25.3,25.2,25.3,25.3,25.5,25.1,25.3,25.4,25.3,25.3,25.3,25.3,25.5,25.4,25.4,25.3,25.5,25.5,25.5,25.5,25.6,25.7,25.7,25.7,25.9,25.9,25.9,25.9,25.8,25.9,26.0,26.1,26.2,26.5,27.0,27.5,27.7,27.5,27.7,27.7,27.8,27.9,27.8,27.8,27.8,27.7,27.6,27.6,27.8,27.8,27.8,27.9,28.0,28.9,29.9,30.6,30.8,31.0,31.5,31.6,31.7,31.8,32.0,31.8,31.9,31.8,31.9,31.9,31.9,32.1,32.0,31.9,32.0,32.0,32.1,32.0,32.0,32.0,32.0,32.0,32.0,32.1,32.1,31.9,32.2,32.1,32.0,32.1,31.9,31.9,32.0,31.8,32.0,31.9,31.9,32.0,31.7,31.6,31.7,31.5,31.4,31.4,31.3,31.1,30.7,30.4,30.0,29.2,28.6,28.2,28.0,28.0,28.0,28.0,27.9,28.0,27.8,28.0,28.0,27.9,27.9,28.1,28.1,27.7,28.3,29.0,29.3,29.9,30.3,30.2,30.1,30.0,29.8,29.6,29.6,29.4,29.0,29.0,28.4,27.3,26.0,25.6,25.4,25.3,25.4,25.4,25.3,25.4,25.2,25.2,25.2,25.4,25.3,25.1,25.2,25.1,25.1,25.2,25.2,25.1,25.2,25.1,25.1,25.1,25.1,25.1,25.1,25.1,25.1,25.0,25.3,25.0,25.1,25.1,25.0,25.0,25.0,25.0,25.0
46,24.9,25.0,25.0,25.0,25.0,25.0,25.1,25.1,25.1,25.1,25.1,25.1,25.3,25.2,25.2,25.2,25.3,25.3,25.5,25.3,25.4,25.3,25.4,25.3,25.5,25.1,25.3,25.3,25.4,25.5,25.3,25.7,25.6,25.8,25.8,25.9,25.7,25.8,25.7,25.9,26.0,25.9,26.1,26.1,26.2,26.4,26.6,27.1,27.5,27.7,27.8,27.5,27.7,27.8,27.7,27.8,27.8,27.8,27.7,27.7,27.7,27.7,27.7,27.9,27.9,28.2,28.8,29.9,30.6,30.9,31.0,31.5,31.7,31.8,31.8,31.9,32.0,32.0,32.0,32.1,32.0,32.1,32.2,32.1,32.1,32.0,31.9,32.0,32.1,32.0,32.0,32.0,32.0,32.0,32.2,32.1,32.3,32.1,32.0,32.1,32.1,32.0,32.2,32.1,32.0,32.0,32.0,31.9,31.9,32.0,31.7,31.7,31.7,31.5,31.7,31.3,31.2,30.9,30.8,30.1,29.2,28.6,28.3,28.3,28.2,28.3,28.0,28.2,28.2,28.0,28.1,28.0,28.0,28.0,28.0,28.0,28.0,28.2,29.2,29.7,30.0,30.3,30.3,30.2,29.9,29.8,29.6,29.5,29.4,29.2,29.0,28.5,27.2,26.2,25.5,25.4,25.4,25.3,25.2,25.3,25.4,25.3,25.2,25.3,25.3,25.2,25.2,25.2,25.1,25.1,25.2,25.1,25.1,25.1,25.3,25.1,25.1,25.2,25.0,25.0,25.0,25.0,25.1,25.1,25.0,25.2,25.1,25.0,25.0,25.0,25.0,24.9
47,24.9,25.1,25.1,25.1,25.2,25.1,25.0,25.1,25.0,25.1,25.1,25.1,25.1,25.2,25.2,25.5,25.4,25.2,25.3,25.3,25.3,25.3,25.4,25.3,25.5,25.4,25.4,25.4,25.4,25.6,25.8,25.7,25.6,25.7,25.7,25.9,25.8,25.8,25.8,26.0,26.0,25.9,26.1,26.3,26.3,26.4,26.7,27.0,27.4,27.6,27.6,27.7,27.7,27.6,27.7,27.5,27.6,27.7,27.4,27.7,27.7,27.6,27.8,28.0,28.0,28.3,28.8,30.0,30.7,30.7,31.0,31.5,31.6,31.7,31.8,31.9,32.0,32.1,32.0,32.1,32.0,32.0,32.0,31.9,32.1,32.0,32.1,31.9,32.1,32.0,32.1,32.2,32.2,32.0,32.2,32.1,32.2,32.2,32.0,32.1,32.0,32.1,32.2,32.1,31.9,31.9,31.9,32.1,31.9,31.7,31.8,31.8,31.7,31.5,31.5,31.4,31.1,30.8,30.8,30.1,29.3,29.0,28.5,28.4,28.4,28.4,28.4,28.3,28.3,28.2,28.3,28.1,28.2,28.2,28.2,28.3,28.3,28.4,29.1,29.7,30.1,30.2,30.3,30.0,29.9,29.8,29.5,29.5,29.4,29.2,29.2,28.5,27.2,26.2,25.7,25.5,25.3,25.3,25.3,25.1,25.2,25.2,25.0,25.2,25.3,25.1,25.3,25.2,25.1,25.1,25.0,25.1,25.1,25.1,25.1,25.0,25.1,25.1,25.0,25.0,25.0,25.0,25.1,25.1,25.0,25.0,25.1,25.0,25.0,25.0,25.1,25.0
48,25.1,24.9,25.1,25.0,25.0,25.0,25.1,25.1,25.1,25.1,25.2,25.2,25.2,25.1,25.2,25.3,25.3,25.4,25.3,25.4,25.3,25.5,25.5,25.3,25.5,25.5,25.4,25.6,25.6,25.6,25.7,25.7,25.8,25.7,25.9,25.8,25.9,26.0,26.0,26.1,26.0,26.1,26.2,26.3,26.2,26.2,26.7,27.2,27.4,27.7,27.6,27.7,27.6,27.8,27.6,27.7,27.8,27.6,27.7,27.8,27.7,27.9,28.0,28.0,27.9,28.3,28.9,29.9,30.7,30.8,31.1,31.6,31.8,31.8,32.0,32.2,31.9,32.0,32.0,32.1,32.1,32.1,32.1,32.1,32.1,32.2,32.2,32.2,32.2,32.0,32.2,32.2,32.3,32.2,32.3,32.3,32.4,32.1,32.3,32.2,32.2,32.2,32.3,32.2,32.2,32.1,31.9,32.1,31.8,31.8,31.9,31.8,31.7,31.8,31.5,31.5,31.3,31.1,31.0,30.3,29.7,29.3,29.2,29.0,29.0,28.7,28.8,28.8,28.8,28.8,28.8,28.9,28.8,28.8,28.7,28.7,28.6,28.9,29.3,29.9,30.3,30.5,30.2,30.1,30.0,29.8,29.8,29.5,29.5,29.2,29.1,28.6,27.3,26.5,25.7,25.4,25.4,25.3,25.3,25.2,25.3,25.2,25.1,25.1,25.1,25.0,25.0,25.1,25.0,25.0,25.1,25.1,25.1,25.0,25.1,25.0,25.0,25.1,25.1,25.0,25.0,25.1,25.2,25.0,24.9,25.0,25.1,25.1,25.0,24.9,25.1,24.9
49,24.9,25.0,24.9,25.1,25.3,25.0,25.3,25.0,25.1,25.2,25.2,25.1,25.1,25.2,25.3,25.2,25.3,25.4,25.2,25.4,25.4,25.3,25.4,25.5,25.5,25.5,25.6,25.6,25.7,25.6,25.4,25.7,25.7,25.5,25.9,26.0,25.9,25.9,25.9,26.0,26.0,26.1,26.2,26.2,26.3,26.5,26.7,27.2,27.5,27.7,27.8,27.8,27.8,27.8,27.8,27.8,27.8,27.8,27.9,27.8,27.9,27.9,27.8,27.9,27.7,28.2,29.1,30.0,30.5,30.9,31.2,31.5,31.7,32.0,32.0,32.2,32.2,32.3,32.1,32.1,32.3,32.2,32.3,32.3,32.1,32.2,32.2,32.3,32.3,32.1,32.2,32.2,32.4,32.3,32.5,32.2,32.4,32.3,32.4,32.4,32.3,32.3,32.3,32.2,32.2,32.2,32.1,32.1,32.2,31.9,32.0,31.9,31.8,31.6,31.8,31.6,31.4,31.2,31.0,30.6,30.2,29.7,29.4,29.4,29.4,29.2,29.3,29.2,29.3,29.4,29.2,29.4,29.3,29.1,29.1,29.0,29.0,29.2,29.6,29.8,30.4,30.5,30.3,30.1,30.1,29.8,29.6,29.6,29.5,29.3,29.1,28.6,27.5,26.4,25.8,25.4,25.2,25.2,25.2,25.3,25.1,25.2,25.2,25.1,25.2,25.0,25.3,25.1,25.0,25.2,25.1,25.0,25.2,25.2,25.1,25.0,25.1,25.1,25.1,25.1,25.1,24.9,25.3,25.1,25.0,25.0,25.0,25.2,25.0,24.9,25.0,24.9
50,25.1,25.1,25.1,25.1,25.1,25.1,25.1,25.0,25.1,25.2,25.3,25.1,25.1,25.1,25.1,25.1,25.3,25.4,25.4,25.4,25.3,25.3,25.4,25.4,25.6,25.5,25.5,25.6,25.7,25.8,25.6,25.6,25.7,25.8,25.8,25.9,25.9,25.9,26.0,26.0,26.0,26.1,26.2,26.3,26.3,26.4,26.7,27.3,27.5,27.8,27.8,28.0,28.1,28.1,28.0,28.1,28.0,28.0,28.0,28.0,27.8,27.8,27.7,27.6,27.8,28.2,29.0,30.0,30.6,30.9,31.2,31.6,31.9,31.8,31.9,32.0,32.2,32.2,32.0,32.2,32.1,32.2,32.2,32.1,32.2,32.3,32.2,32.0,32.3,32.3,32.3,32.4,32.3,32.3,32.4,32.4,32.5,32.4,32.5,32.4,32.4,32.2,32.4,32.5,32.3,32.3,32.3,32.1,32.1,32.1,31.9,32.0,31.8,31.9,31.7,31.7,31.6,31.3,31.4,31.1,30.7,30.5,30.4,30.2,30.0,30.1,30.0,30.0,30.1,30.2,30.1,30.1,29.9,30.0,29.7,29.8,29.6,29.8,29.9,30.3,30.3,30.7,30.5,30.4,30.0,29.9,29.6,29.6,29.3,29.3,29.2,28.8,27.6,26.3,25.9,25.4,25.3,25.1,25.3,25.2,25.1,25.1,25.1,25.3,25.2,25.1,25.1,25.1,25.2,25.1,25.0,25.1,25.0,25.1,25.1,25.1,25.0,25.1,25.0,25.0,25.0,25.1,25.1,25.2,25.1,25.1,25.2,25.0,25.0,25.1,25.0,25.0
51,24.9,24.9,25.0,25.1,25.1,25.2,25.1,25.1,25.1,25.1,25.1,25.1,25.2,25.3,25.4,25.4,25.1,25.4,25.2,25.3,25.4,25.3,25.4,25.4,25.4,25.4,25.7,25.6,25.7,25.7,25.6,25.6,25.8,25.8,25.8,25.8,26.0,25.9,26.1,26.0,26.2,26.1,26.3,26.3,26.4,26.3,26.8,27.3,27.5,27.7,27.9,28.1,28.1,28.3,28.4,28.4,28.3,28.4,28.3,28.1,27.9,27.6,27.6,27.7,27.9,28.2,29.1,30.1,30.7,31.0,31.2,31.6,31.8,32.0,32.0,32.0,32.2,32.2,32.2,32.1,32.2,32.2,32.1,32.2,32.3,32.2,32.2,32.3,32.4,32.2,32.3,32.3,32.5,32.4,32.5,32.5,32.4,32.7,32.6,32.4,32.5,32.5,32.4,32.4,32.2,32.3,32.1,32.1,32.1,32.1,32.2,32.0,31.8,31.8,31.6,31.9,31.7,31.5,31.5,31.2,30.9,30.7,30.6,30.5,30.4,30.3,30.6,30.5,30.3,30.4,30.4,30.3,30.4,30.2,30.2,30.1,30.0,30.2,30.6,30.5,30.5,30.7,30.5,30.2,30.0,29.9,29.8,29.6,29.6,29.4,29.2,28.7,27.6,26.4,25.8,25.4,25.2,25.1,25.3,25.3,25.2,25.2,25.2,25.1,25.2,25.1,25.2,25.1,25.0,25.2,25.0,25.1,25.0,25.2,25.0,25.0,25.1,25.2,25.0,25.1,25.2,25.2,25.1,25.2,24.9,25.0,25.1,25.0,25.0,25.0,25.0,25.0
52,25.1,24.9,25.1,25.3,25.3,25.2,25.0,25.4,25.1,25.2,25.4,25.1,25.2,25.6,25.3,25.4,25.4,25.4,25.4,25.3,25.3,25.4,25.4,25.4,25.5,25.6,25.5,25.7,25.7,25.7,25.7,25.5,25.8,25.7,25.9,26.0,26.1,26.0,26.0,26.4,26.2,26.3,26.4,26.5,26.5,26.7,26.9,27.3,27.5,27.8,27.9,28.3,28.4,28.3,28.3,28.6,28.9,29.1,28.7,28.4,28.0,27.8,27.6,27.7,28.0,28.5,29.3,30.2,30.8,31.0,31.3,31.7,31.8,32.1,32.0,32.2,32.2,32.3,32.3,32.2,32.2,32.3,32.2,32.2,32.3,32.4,32.3,32.5,32.5,32.3,32.4,32.6,32.5,32.6,32.5,32.5,32.6,32.5,32.5,32.6,32.6,32.6,32.6,32.5,32.4,32.5,32.4,32.5,32.2,32.1,32.1,32.1,31.9,31.9,31.8,31.6,31.9,31.5,31.6,31.5,31.3,31.0,30.8,30.8,30.6,30.5,30.7,30.7,30.7,30.3,30.6,30.4,30.4,30.3,30.4,30.3,30.3,30.5,30.6,30.6,30.4,30.4,30.5,30.3,30.0,29.9,29.8,29.7,29.3,29.2,29.2,28.6,27.6,26.5,25.8,25.4,25.4,25.2,25.2,25.2,25.3,25.2,25.4,25.1,25.1,25.1,25.2,25.2,25.0,25.0,25.1,24.9,24.9,25.1,25.1,25.2,25.2,25.1,25.1,25.1,25.1,25.0,25.1,25.1,25.0,24.9,25.0,25.0,25.0,25.1,25.0,25.0
53,25.0,25.0,25.0,25.1,25.2,25.2,25.2,25.1,25.1,25.0,25.2,25.1,25.4,25.4,25.4,25.3,25.5,25.3,25.4,25.4,25.5,25.4,25.5,25.6,25.7,25.5,25.5,25.6,25.8,25.8,25.9,25.8,25.9,25.8,26.0,26.0,26.0,26.0,26.0,26.2,26.0,26.3,26.4,26.5,26.4,26.7,27.0,27.2,27.5,27.8,27.7,28.1,28.4,28.5,28.7,28.9,29.2,29.3,29.1,28.7,28.1,27.8,27.7,27.8,28.0,28.5,29.3,30.2,30.8,30.9,31.3,31.7,31.8,32.0,32.2,32.3,32.2,32.2,32.4,32.2,32.3,32.3,32.2,32.2,32.3,32.2,32.3,32.3,32.5,32.2,32.4,32.4,32.5,32.5,32.7,32.4,32.7,32.7,32.6,32.5,32.6,32.7,32.7,32.6,32.5,32.4,32.3,32.3,32.4,32.2,32.2,32.1,31.9,32.0,32.0,31.9,31.8,31.7,31.7,31.6,31.5,31.1,30.9,30.9,30.9,31.0,31.1,30.9,30.9,30.7,30.5,30.5,30.4,30.6,30.6,30.6,30.6,30.6,30.6,30.5,30.5,30.4,30.5,30.3,30.2,29.9,29.8,29.8,29.4,29.3,29.2,28.7,27.6,26.7,25.8,25.4,25.2,25.3,25.4,25.2,25.4,25.2,25.2,25.0,25.1,25.2,25.2,25.4,25.2,25.2,25.2,25.2,25.2,25.2,25.1,25.1,25.2,25.1,25.1,25.0,25.0,25.0,25.3,25.1,24.9,25.0,25.1,25.1,25.0,25.0,25.1,25.1
54,25.0,25.1,25.2,25.2,25.2,24.9,25.1,25.2,25.1,25.2,25.3,25.2,25.3,25.4,25.4,25.4,25.6,25.4,25.4,25.6,25.4,25.5,25.5,25.5,25.5,25.5,25.4,25.7,25.7,25.8,25.6,25.8,25.9,25.9,25.9,25.9,26.0,26.1,26.1,26.3,26.3,26.3,26.4,26.6,26.5,26.8,27.0,27.5,27.6,27.8,27.9,28.0,28.3,28.2,28.5,28.6,28.8,29.1,29.2,29.0,28.3,28.0,27.9,27.9,28.1,28.5,29.3,30.4,30.9,31.2,31.5,31.8,31.8,32.0,32.2,32.2,32.2,32.3,32.3,32.3,32.5,32.4,32.3,32.4,32.3,32.5,32.4,32.3,32.4,32.5,32.4,32.5,32.5,32.6,32.6,32.5,32.6,32.6,32.5,32.6,32.7,32.5,32.6,32.6,32.4,32.5,32.5,32.2,32.3,32.3,32.1,32.1,32.1,31.9,31.9,31.9,31.9,31.8,31.8,31.7,31.6,31.4,31.3,31.1,31.1,31.3,31.1,31.0,30.7,30.2,30.2,30.0,30.3,30.2,30.6,30.9,30.5,30.8,30.5,30.2,30.2,30.5,30.5,30.3,30.2,30.0,29.9,29.7,29.7,29.3,29.1,28.8,27.9,26.6,25.9,25.5,25.4,25.3,25.3,25.4,25.1,25.3,25.2,25.1,25.3,25.1,25.1,25.1,25.1,25.0,25.0,25.2,25.3,25.2,25.0,25.1,25.2,25.1,25.2,25.1,25.1,25.2,25.2,25.1,25.1,25.1,25.0,25.1,25.2,24.9,24.9,25.2
55,25.1,25.0,25.2,25.2,25.2,25.1,25.3,25.2,25.4,25.1,25.4,25.2,25.4,25.4,25.5,25.3,25.4,25.5,25.4,25.4,25.5,25.5,25.5,25.5,25.5,25.7,25.7,25.8,25.8,25.8,25.9,25.9,26.0,25.9,26.0,26.2,26.0,26.2,26.2,26.2,26.4,26.3,26.4,26.5,26.7,26.8,27.1,27.3,27.6,27.9,27.9,28.0,28.2,28.3,28.3,28.5,28.6,28.7,28.8,28.7,28.2,28.0,27.9,27.9,28.2,28.4,29.2,30.2,30.9,31.2,31.3,31.6,31.8,32.1,32.3,32.3,32.3,32.3,32.3,32.4,32.3,32.4,32.3,32.5,32.5,32.5,32.5,32.4,32.5,32.5,32.5,32.7,32.7,32.5,32.5,32.6,32.5,32.6,32.5,32.5,32.6,32.5,32.5,32.6,32.5,32.4,32.4,32.5,32.3,32.3,32.2,32.1,32.0,32.1,31.9,31.9,32.0,31.8,31.8,31.9,31.8,31.7,31.5,31.5,31.4,31.4,30.9,30.5,29.9,29.7,29.4,29.5,29.7,30.0,30.3,30.7,30.5,30.7,30.5,30.3,30.2,30.3,30.5,30.3,30.4,30.0,29.8,29.8,29.6,29.3,29.1,28.6,27.9,26.7,25.9,25.5,25.5,25.3,25.4,25.3,25.3,25.3,25.1,25.3,25.2,25.1,25.3,25.4,25.1,25.1,25.1,25.1,25.3,25.3,25.1,25.1,25.0,25.0,25.1,25.2,25.1,25.0,25.0,25.1,25.1,25.0,25.1,25.1,25.1,25.1,25.2,25.1
56,25.2,25.3,25.2,25.3,25.1,25.3,25.2,25.2,25.2,25.3,25.3,25.2,25.4,25.4,25.5,25.3,25.5,25.5,25.6,25.7,25.7,25.7,25.7,25.6,25.6,25.6,25.7,25.9,25.8,25.8,25.9,26.0,26.0,26.0,26.0,26.0,26.0,26.1,26.3,26.4,26.3,26.4,26.6,26.6,26.7,26.9,27.2,27.5,27.7,27.8,28.0,28.3,28.4,28.4,28.5,28.6,28.6,28.5,28.5,28.3,28.2,28.2,28.1,28.4,28.3,28.8,29.1,30.1,30.8,31.2,31.5,31.8,31.9,32.3,32.3,32.3,32.4,32.5,32.5,32.3,32.3,32.5,32.5,32.6,32.4,32.5,32.5,32.5,32.7,32.4,32.7,32.7,32.5,32.7,32.7,32.6,32.6,32.8,32.6,32.6,32.6,32.5,32.7,32.6,32.6,32.7,32.6,32.5,32.4,32.3,32.4,32.3,32.2,32.2,32.2,32.0,31.9,32.0,32.0,31.9,31.9,31.7,31.7,31.7,31.5,31.3,30.8,30.1,29.2,28.8,28.4,28.5,28.8,29.5,30.0,30.5,30.5,30.8,30.8,30.6,30.5,30.7,30.6,30.5,30.4,30.2,30.0,29.9,29.7,29.4,29.2,28.8,27.9,26.6,26.0,25.5,25.4,25.2,25.4,25.3,25.3,25.2,25.1,25.3,25.2,25.2,25.3,25.2,25.2,25.2,25.1,25.2,25.3,25.4,25.3,25.1,25.2,25.1,25.1,25.0,25.0,25.2,25.2,25.1,25.2,25.0,25.2,25.1,25.0,25.1,25.1,25.1
57,25.0,25.1,25.1,25.2,25.3,25.2,25.2,25.2,25.3,25.2,25.2,25.3,25.4,25.4,25.5,25.5,25.6,25.5,25.6,25.6,25.7,25.6,25.6,25.6,25.6,25.7,25.8,25.9,25.9,26.0,25.8,25.9,26.1,26.1,26.1,26.2,26.1,26.0,26.2,26.2,26.4,26.4,26.6,26.7,26.7,26.9,27.1,27.6,27.7,27.9,27.9,28.3,28.3,28.4,28.2,28.3,28.2,28.2,28.0,28.0,28.3,28.4,28.6,28.6,28.6,28.8,29.1,29.8,30.5,31.2,31.5,31.9,32.1,32.1,32.4,32.4,32.3,32.7,32.4,32.4,32.4,32.5,32.6,32.4,32.6,32.6,32.5,32.7,32.7,32.6,32.7,32.6,32.7,32.6,32.7,32.7,32.6,32.5,32.6,32.7,32.8,32.4,32.7,32.6,32.6,32.6,32.4,32.4,32.3,32.4,32.4,32.4,32.2,32.1,32.3,32.1,31.9,31.9,31.9,31.8,31.7,31.8,31.8,31.7,31.5,31.2,30.4,29.4,28.6,28.2,27.9,27.9,28.2,28.8,29.5,30.3,30.5,30.8,30.8,30.4,30.5,30.6,30.6,30.4,30.5,30.0,30.0,29.8,29.7,29.3,29.2,28.8,27.9,26.7,26.0,25.5,25.4,25.3,25.3,25.2,25.4,25.4,25.2,25.1,25.2,25.1,25.3,25.2,25.1,25.1,25.1,25.1,25.2,25.2,25.2,25.1,25.1,25.2,25.0,25.2,25.1,25.0,25.1,25.3,25.3,25.3,25.0,25.0,25.0,25.0,25.0,25.2
58,25.1,25.2,25.1,25.1,25.3,25.2,25.2,25.2,25.2,25.2,25.3,25.2,25.4,25.5,25.4,25.4,25.6,25.5,25.5,25.7,25.7,25.7,25.6,25.7,25.5,25.7,25.7,25.9,25.8,25.9,25.9,25.9,26.0,26.0,26.1,26.0,26.1,26.1,26.1,26.4,26.3,26.5,26.5,26.7,26.7,26.9,27.3,27.6,28.0,27.8,27.9,28.0,28.1,28.3,28.2,28.0,28.1,28.2,28.0,28.2,28.4,28.7,29.0,29.1,29.0,29.0,29.0,29.5,30.3,31.1,31.7,32.1,32.3,32.2,32.3,32.4,32.5,32.3,32.4,32.5,32.5,32.6,32.5,32.5,32.6,32.6,32.6,32.6,32.7,32.6,32.6,32.7,32.7,32.6,32.7,32.7,32.7,32.7,32.8,32.7,32.6,32.5,32.6,32.6,32.7,32.7,32.5,32.7,32.4,32.5,32.5,32.5,32.2,32.1,32.0,32.1,32.0,32.0,32.0,32.0,31.8,32.0,31.7,31.8,31.4,31.1,30.1,28.9,28.2,27.8,27.5,27.6,27.9,28.4,29.1,30.2,30.6,30.9,31.0,30.8,30.8,30.9,30.9,30.6,30.3,30.1,30.2,30.0,29.7,29.4,29.2,29.0,28.1,26.8,26.0,25.6,25.5,25.4,25.2,25.4,25.4,25.2,25.2,25.3,25.2,25.1,25.4,25.3,25.3,25.0,25.2,25.0,25.3,25.1,25.1,25.1,25.1,25.1,25.0,25.1,25.2,25.3,25.1,25.0,25.1,25.2,25.4,25.1,25.0,25.1,25.1,25.1
59,25.1,25.3,25.1,25.4,25.1,25.1,25.3,25.2,25.2,25.4,25.4,25.2,25.4,25.3,25.4,25.5,25.5,25.5,25.7,25.7,25.5,25.6,25.5,25.7,25.7,25.8,25.8,25.8,25.8,26.0,26.0,26.0,26.0,26.0,26.1,26.1,26.1,26.3,26.3,26.2,26.3,26.4,26.5,26.6,26.8,26.9,27.2,27.7,27.8,28.0,28.0,28.2,28.4,28.3,28.4,28.4,28.5,28.6,28.6,28.4,28.8,29.1,29.4,29.6,29.4,29.4,29.1,29.5,30.5,31.2,31.7,32.0,32.4,32.3,32.3,32.6,32.5,32.5,32.5,32.4,32.7,32.6,32.7,32.6,32.6,32.6,32.8,32.7,32.8,32.6,32.8,32.7,32.6,32.7,32.6,32.7,32.8,32.7,32.8,32.7,32.7,32.7,32.8,32.6,32.5,32.8,32.5,32.5,32.5,32.4,32.5,32.3,32.2,32.3,32.3,32.1,32.1,32.1,32.1,32.0,31.9,31.9,31.9,31.7,31.6,31.0,30.1,29.0,28.3,27.9,27.4,27.4,27.7,28.2,28.9,30.1,30.8,31.1,31.1,31.1,31.2,31.1,30.8,30.7,30.5,30.2,30.0,29.9,29.8,29.4,29.2,29.0,28.2,27.0,26.1,25.7,25.5,25.3,25.2,25.3,25.2,25.2,25.1,25.2,25.3,25.3,25.2,25.2,25.2,25.0,25.2,25.1,25.2,25.2,25.0,25.1,25.3,25.1,25.1,25.2,25.1,25.2,24.9,25.1,25.1,25.1,25.0,25.1,25.1,25.1,25.1,25.2
60,25.2,25.1,25.1,25.4,25.2,25.3,25.4,25.3,25.3,25.5,25.4,25.4,25.4,25.4,25.5,25.7,25.5,25.7,25.7,25.8,25.6,25.7,25.6,25.7,25.8,25.8,25.7,25.7,25.9,25.9,26.0,26.0,26.2,26.1,26.2,26.2,26.2,26.5,26.3,26.2,26.6,26.4,26.5,26.6,26.7,27.0,27.1,27.4,27.8,28.0,28.3,28.5,28.8,29.1,29.2,29.2,29.1,29.1,29.0,29.2,29.2,29.3,30.0,30.0,30.0,29.9,29.7,30.0,30.8,31.5,32.0,32.1,32.3,32.5,32.5,32.5,32.5,32.8,32.6,32.5,32.6,32.5,32.7,32.7,32.7,32.7,32.8,32.8,32.8,32.8,32.7,32.8,32.5,32.8,32.9,32.8,32.8,32.8,32.8,32.7,32.7,32.5,32.8,32.8,32.7,32.7,32.6,32.5,32.5,32.5,32.5,32.5,32.3,32.4,32.5,32.4,32.1,32.1,32.2,32.0,32.0,31.9,31.8,31.8,31.7,31.3,30.3,29.3,28.3,27.9,27.6,27.6,27.8,28.4,29.2,30.3,30.8,31.1,31.2,31.1,31.1,31.1,30.8,30.6,30.4,30.2,30.1,29.9,29.6,29.5,29.3,29.0,28.1,27.1,26.0,25.6,25.4,25.2,25.4,25.3,25.2,25.4,25.2,25.2,25.1,25.1,25.2,25.2,25.2,25.1,25.1,25.2,25.3,25.3,25.1,25.1,25.1,25.1,25.3,25.1,25.3,25.1,25.2,25.1,25.1,25.0,25.1,25.0,25.2,25.1,25.0,25.0
61,25.1,25.2,25.4,25.3,25.3,25.4,25.4,25.2,25.4,25.4,25.3,25.4,25.4,25.4,25.5,25.5,25.6,25.6,25.6,25.7,25.7,25.6,25.7,25.6,25.9,25.8,25.7,25.9,25.9,25.9,25.8,25.9,26.1,26.1,26.2,26.3,26.2,26.2,26.3,26.3,26.2,26.6,26.5,26.7,26.7,26.9,27.0,27.4,27.8,28.0,28.6,29.0,29.6,30.2,30.2,30.2,30.2,30.2,30.3,30.2,30.2,30.2,30.5,30.6,30.6,30.6,30.4,30.5,31.3,31.8,32.3,32.3,32.3,32.5,32.4,32.5,32.6,32.6,32.6,32.6,32.7,32.5,32.7,32.7,32.7,32.8,32.9,32.8,32.7,32.8,32.8,32.8,32.9,32.7,32.9,32.9,32.9,32.8,32.9,32.8,32.9,32.7,32.7,32.7,32.8,32.8,32.7,32.6,32.6,32.5,32.5,32.5,32.3,32.4,32.3,32.3,32.2,32.2,32.1,32.2,31.9,32.0,31.8,31.9,31.7,31.4,30.7,29.8,29.1,28.5,28.1,28.1,28.2,28.8,29.7,30.7,30.9,31.1,31.3,31.2,31.5,31.2,31.0,30.7,30.4,30.2,30.0,29.9,29.6,29.4,29.5,29.1,28.2,26.9,26.2,25.7,25.5,25.4,25.3,25.4,25.3,25.3,25.4,25.2,25.2,25.1,25.3,25.1,25.2,25.3,25.2,25.0,25.2,25.3,25.0,25.0,25.2,25.2,25.1,25.1,25.2,25.1,25.2,25.2,25.1,25.1,25.2,25.0,25.1,25.1,25.1,25.1
62,25.3,25.2,25.1,25.3,25.3,25.3,25.4,25.4,25.4,25.3,25.4,25.4,25.5,25.6,25.4,25.6,25.5,25.5,25.6,25.6,25.6,25.7,25.7,25.7,25.7,25.8,25.9,25.7,25.8,26.0,26.0,25.9,26.1,26.1,26.0,26.2,26.2,26.3,26.4,26.4,26.4,26.5,26.4,26.7,26.6,27.1,27.0,27.2,27.6,27.9,28.6,29.2,30.3,31.0,31.3,31.4,31.3,31.3,31.5,31.5,31.5,31.4,31.4,31.3,31.4,31.2,31.4,31.3,31.7,32.1,32.3,32.2,32.4,32.5,32.4,32.6,32.8,32.6,32.7,32.6,32.7,32.7,32.7,32.7,32.8,32.7,32.8,32.7,33.0,33.0,32.9,33.0,33.0,32.8,33.0,33.0,33.0,33.0,33.0,33.0,32.8,32.9,33.0,32.8,32.9,32.8,32.8,32.8,32.7,32.7,32.7,32.6,32.4,32.4,32.3,32.3,32.1,32.2,32.2,32.2,32.3,31.9,31.9,32.1,31.8,31.7,31.3,30.4,29.6,29.3,28.9,28.9,29.2,29.5,30.3,31.0,31.3,31.2,31.2,31.1,31.2,31.1,30.9,30.6,30.6,30.1,30.0,30.0,29.6,29.5,29.4,29.1,28.5,27.0,26.2,25.8,25.5,25.3,25.3,25.3,25.2,25.2,25.2,25.2,25.3,25.2,25.1,25.3,25.3,25.2,25.2,25.2,25.3,25.3,25.2,25.2,25.1,25.0,25.2,25.2,25.2,25.1,25.1,25.2,25.1,25.1,25.1,25.1,25.0,25.3,25.0,25.0
63,25.3,25.2,25.4,25.3,25.3,25.2,25.4,25.4,25.4,25.4,25.4,25.3,25.5,25.6,25.4,25.6,25.5,25.6,25.7,25.7,25.7,25.7,25.8,25.7,25.9,25.9,25.7,25.8,25.9,25.9,25.9,25.9,26.2,26.1,26.3,26.3,26.2,26.4,26.4,26.5,26.6,26.6,26.7,26.7,26.9,26.9,27.1,27.1,27.3,27.5,28.3,29.2,30.5,31.4,31.7,31.8,31.8,31.9,32.0,31.9,31.9,31.9,31.9,31.9,31.9,31.7,31.7,31.7,32.0,32.2,32.4,32.2,32.5,32.5,32.4,32.6,32.6,32.7,32.7,32.7,32.7,32.7,32.8,32.9,32.9,33.1,33.0,32.9,33.0,33.1,33.0,33.2,33.1,33.0,33.0,33.0,33.1,33.2,33.0,33.0,32.9,33.0,33.1,33.0,32.9,32.9,32.9,32.8,32.9,32.8,32.7,32.8,32.6,32.5,32.5,32.4,32.4,32.3,32.3,32.2,32.2,32.1,32.0,32.1,31.8,31.8,31.7,31.1,30.7,30.1,29.9,29.8,29.9,30.3,30.7,31.2,31.2,31.3,31.1,30.8,31.0,31.0,31.0,30.6,30.6,30.4,30.2,30.0,29.7,29.6,29.4,29.1,28.5,27.2,26.3,25.8,25.4,25.4,25.4,25.4,25.4,25.3,25.3,25.3,25.3,25.2,25.3,25.2,25.2,25.2,25.1,25.3,25.3,25.0,25.1,25.2,25.2,25.4,25.3,25.1,25.1,25.0,25.1,25.3,25.2,25.2,25.3,25.3,25.0,25.0,25.1,25.0
64,25.3,25.3,25.3,25.4,25.4,25.4,25.4,25.4,25.3,25.3,25.5,25.5,25.6,25.5,25.5,25.6,25.6,25.5,25.7,25.6,25.7,25.8,25.7,25.8,25.6,26.0,25.9,25.9,25.9,25.9,26.2,26.0,26.2,26.1,26.3,26.3,26.2,26.2,26.5,26.4,26.5,26.6,26.7,26.6,26.8,26.7,27.0,27.1,27.2,27.7,28.0,29.0,30.5,31.6,31.7,31.9,32.0,31.9,32.0,32.0,32.1,32.1,32.0,31.9,31.9,31.8,31.8,31.9,32.0,32.0,32.2,32.3,32.4,32.5,32.4,32.7,32.8,32.8,32.6,32.8,32.8,32.9,32.7,32.9,33.0,33.0,32.9,33.1,33.0,33.2,32.9,33.0,33.1,33.1,33.1,33.0,33.1,33.1,33.0,33.2,33.1,33.2,33.2,33.0,33.1,33.0,32.9,33.0,32.8,32.8,32.8,32.8,32.4,32.7,32.5,32.5,32.2,32.4,32.3,32.4,32.2,32.2,31.9,32.1,32.1,31.9,31.8,31.6,31.3,31.2,31.0,30.7,30.9,31.0,31.0,31.3,31.1,31.0,30.6,30.5,30.6,30.9,30.9,30.6,30.6,30.2,30.1,30.0,29.8,29.6,29.6,29.2,28.5,27.3,26.3,25.9,25.4,25.3,25.5,25.1,25.4,25.1,25.3,25.2,25.2,25.1,25.1,25.2,25.2,25.2,25.1,25.3,25.1,25.2,25.1,25.1,25.1,25.2,25.1,25.1,25.3,25.1,25.1,25.1,25.4,25.2,25.1,25.1,25.1,25.2,25.0,25.1
65,25.4,25.3,25.3,25.2,25.3,25.4,25.4,25.4,25.5,25.3,25.4,25.5,25.6,25.5,25.3,25.6,25.8,25.5,25.6,25.9,25.7,25.8,25.9,25.7,25.9,26.0,25.9,25.9,25.9,25.9,26.0,26.0,26.2,26.1,26.2,26.4,26.3,26.3,26.5,26.5,26.5,26.6,26.6,26.8,26.9,26.9,27.0,27.0,27.1,27.6,28.2,29.2,30.5,31.5,31.7,31.9,31.8,32.0,31.9,32.0,32.1,32.0,31.8,31.9,31.9,31.7,31.8,31.8,31.9,31.9,32.1,32.2,32.3,32.5,32.6,32.6,32.7,32.8,32.8,32.9,32.7,32.9,33.0,32.9,32.9,32.9,33.1,33.1,33.2,33.2,33.0,33.0,33.1,33.2,33.1,33.4,33.2,33.3,33.2,33.3,33.2,33.3,33.2,33.2,33.2,33.0,33.1,33.0,32.9,33.0,32.7,32.8,32.6,32.7,32.5,32.6,32.5,32.3,32.3,32.3,32.2,32.2,32.1,32.2,32.0,32.0,32.0,32.0,31.7,31.5,31.5,31.4,31.3,31.1,30.9,31.0,30.8,30.5,30.1,30.0,30.3,30.9,30.8,30.6,30.6,30.2,30.2,30.0,29.8,29.6,29.4,29.1,28.4,27.3,26.2,25.8,25.5,25.3,25.4,25.3,25.2,25.3,25.4,25.3,25.4,25.1,25.3,25.3,25.1,25.1,25.3,25.2,25.4,25.1,25.1,25.2,25.1,25.3,25.2,25.1,25.3,25.1,25.1,25.3,25.1,25.2,25.3,25.2,25.1,25.3,25.0,25.2
66,25.4,25.4,25.2,25.3,25.4,25.4,25.7,25.2,25.4,25.3,25.6,25.4,25.4,25.7,25.6,25.6,25.8,25.7,25.7,25.9,25.7,25.7,26.0,25.8,25.9,26.0,25.8,25.9,26.0,26.0,26.0,26.1,26.2,26.2,26.4,26.4,26.2,26.4,26.4,26.6,26.6,26.6,26.6,26.7,26.9,26.9,27.0,27.1,27.4,27.6,28.3,29.2,30.5,31.3,31.6,31.5,31.6,31.7,31.7,31.8,31.8,31.6,31.7,31.6,31.6,31.5,31.5,31.8,31.6,31.7,32.0,31.9,32.3,32.4,32.4,32.6,32.7,32.8,32.7,32.8,32.8,32.9,32.8,33.0,33.1,33.0,33.1,33.3,33.2,33.1,33.2,33.2,33.2,33.3,33.3,33.3,33.2,33.2,33.4,33.3,33.5,33.4,33.3,33.2,33.0,33.1,33.1,33.2,33.0,32.9,32.9,32.9,32.7,32.7,32.8,32.3,32.5,32.4,32.6,32.4,32.3,32.4,32.2,32.3,32.0,32.0,32.1,31.9,31.9,31.7,31.8,31.7,31.4,31.3,30.8,31.0,30.9,30.4,30.3,30.1,30.4,30.8,30.8,30.7,30.6,30.4,30.1,30.1,30.0,29.8,29.6,29.4,28.6,27.5,26.4,26.0,25.5,25.5,25.4,25.4,25.4,25.1,25.2,25.3,25.2,25.1,25.2,25.4,25.1,25.1,25.3,25.2,25.2,25.4,25.2,25.1,25.1,25.2,25.2,25.1,25.1,25.1,25.2,25.3,25.1,25.1,25.2,25.1,25.2,25.1,25.0,25.2
67,25.4,25.3,25.3,25.3,25.3,25.3,25.3,25.4,25.4,25.6,25.5,25.5,25.6,25.5,25.5,25.6,25.6,25.6,25.7,25.6,25.7,25.7,25.7,25.8,25.8,25.7,26.0,26.0,26.0,25.8,25.8,25.9,26.2,26.1,26.2,26.3,26.2,26.5,26.6,26.4,26.7,26.6,26.7,26.7,26.7,26.9,26.9,27.2,27.5,27.9,28.4,29.3,30.4,31.0,31.3,31.4,31.2,31.3,31.3,31.3,31.4,31.3,31.4,31.2,31.3,31.2,31.2,31.5,31.6,31.5,31.5,31.7,31.9,32.3,32.5,32.8,32.8,32.8,32.7,32.7,32.8,33.0,33.0,33.0,33.2,33.1,33.2,33.2,33.3,33.2,33.3,33.4,33.4,33.2,33.3,33.3,33.4,33.6,33.5,33.6,33.6,33.5,33.4,33.3,33.3,33.2,33.3,33.3,33.0,33.0,33.1,32.9,32.8,32.8,32.8,32.6,32.6,32.5,32.4,32.4,32.3,32.3,32.3,32.1,31.9,32.1,31.9,32.0,31.8,31.9,31.7,31.6,31.7,31.4,30.8,30.9,30.9,30.7,30.4,30.3,30.6,31.0,30.8,30.9,30.5,30.3,30.1,30.2,29.9,29.9,29.6,29.2,28.7,27.6,26.4,25.9,25.4,25.4,25.4,25.3,25.4,25.3,25.3,25.2,25.4,25.1,25.2,25.4,25.3,25.4,25.4,25.3,25.2,25.2,25.3,25.1,25.2,25.3,25.2,25.3,25.2,25.1,25.1,25.2,25.1,25.1,25.0,25.2,25.0,25.1,25.0,25.1
68,25.3,25.2,25.4,25.3,25.4,25.4,25.4,25.4,25.5,25.3,25.6,25.4,25.5,25.6,25.6,25.6,25.7,25.5,25.5,25.8,25.6,25.9,26.0,25.8,25.9,25.8,26.0,26.0,26.0,26.0,26.0,26.2,26.0,26.0,26.3,26.2,26.3,26.5,26.5,26.7,26.5,26.5,26.8,26.9,26.7,27.1,27.2,27.6,27.7,28.2,28.8,29.5,30.3,30.8,30.7,30.9,30.9,30.8,30.8,31.0,30.8,30.7,30.7,30.9,30.8,30.9,30.9,30.8,31.0,31.0,31.1,31.4,31.8,32.1,32.4,32.7,32.8,32.8,32.7,32.8,32.8,33.0,33.0,33.1,33.2,33.2,33.3,33.2,33.4,33.4,33.4,33.4,33.4,33.3,33.6,33.6,33.6,33.7,33.6,33.9,33.8,33.8,33.6,33.5,33.3,33.3,33.2,33.2,33.3,33.1,33.0,33.0,33.0,32.8,32.8,32.7,32.6,32.5,32.5,32.4,32.5,32.3,32.2,32.2,32.1,32.2,32.0,32.0,32.0,31.9,31.8,31.7,31.6,31.5,31.0,30.8,31.0,30.8,30.6,30.6,30.8,30.8,30.8,30.6,30.5,30.3,30.2,30.2,29.9,29.8,29.5,29.3,28.6,27.6,26.5,25.9,25.6,25.4,25.2,25.4,25.3,25.2,25.4,25.2,25.3,25.2,25.2,25.3,25.2,25.3,25.1,25.2,25.2,25.3,25.4,25.0,25.2,25.2,25.1,25.3,25.1,25.2,25.3,25.2,25.3,25.1,25.1,25.2,25.0,25.1,25.1,25.1
69,25.5,25.3,25.2,25.3,25.3,25.2,25.5,25.4,25.4,25.4,25.5,25.6,25.6,25.7,25.7,25.8,25.7,25.8,25.7,25.8,25.6,25.9,25.8,25.9,26.0,26.0,26.0,26.0,26.0,26.0,26.0,26.1,26.1,26.2,26.3,26.3,26.3,26.4,26.6,26.4,26.6,26.7,26.7,26.7,27.1,27.4,27.6,27.9,28.2,28.5,29.2,29.6,30.1,30.4,30.6,30.4,30.4,30.3,30.4,30.3,30.5,30.6,30.5,30.4,30.5,30.4,30.4,30.6,30.6,30.6,31.0,31.1,31.5,32.1,32.5,32.7,32.7,32.9,32.9,32.9,32.9,33.1,32.9,32.9,33.1,33.1,33.2,33.4,33.5,33.5,33.5,33.6,33.5,33.6,33.7,33.7,33.7,33.9,33.9,34.0,34.1,34.0,33.9,33.7,33.6,33.7,33.5,33.4,33.2,33.2,33.0,32.9,33.0,32.9,33.0,32.9,32.6,32.7,32.7,32.6,32.4,32.5,32.3,32.3,32.0,32.2,32.0,31.9,31.9,31.9,31.8,31.8,31.7,31.4,31.2,31.1,30.9,31.0,31.0,30.9,30.9,30.9,30.8,30.7,30.6,30.3,30.2,30.1,29.8,29.7,29.7,29.3,28.7,27.5,26.6,25.9,25.5,25.4,25.4,25.2,25.2,25.2,25.2,25.1,25.4,25.1,25.2,25.2,25.3,25.3,25.3,25.1,25.2,25.1,25.2,25.2,25.1,25.4,25.2,25.1,25.1,25.0,25.1,25.2,25.3,25.3,25.0,25.1,25.1,25.1,25.1,25.0
70,25.3,25.1,25.2,25.2,25.4,25.3,25.4,25.4,25.5,25.2,25.4,25.4,25.5,25.5,25.6,25.7,25.4,25.5,25.7,25.7,25.7,25.9,25.7,25.6,25.9,25.9,25.9,26.0,25.9,25.9,26.0,26.0,26.1,26.0,26.1,26.4,26.4,26.5,26.4,26.7,26.7,26.7,26.9,26.8,27.1,27.5,27.9,28.5,28.7,29.2,29.5,29.8,30.0,30.2,30.2,30.3,30.2,30.2,30.1,30.4,30.0,30.1,30.1,30.1,30.2,30.3,30.2,30.4,30.5,30.4,30.8,31.1,31.6,32.0,32.6,32.7,32.8,33.0,32.9,33.0,33.0,33.0,33.2,33.2,33.2,33.3,33.4,33.6,33.6,33.6,33.6,33.7,33.8,33.6,33.8,33.8,34.0,34.0,34.1,34.1,34.2,34.3,34.1,33.9,33.9,33.8,33.5,33.5,33.3,33.3,33.1,33.3,33.0,33.0,33.1,32.8,32.8,32.7,32.8,32.6,32.5,32.5,32.4,32.4,32.3,32.2,32.0,32.1,32.1,31.8,31.7,31.7,31.6,31.1,31.1,31.0,30.9,30.8,30.8,31.0,30.8,31.0,30.8,30.8,30.6,30.5,30.2,30.1,29.8,29.6,29.6,29.4,28.6,27.5,26.6,26.0,25.6,25.6,25.3,25.3,25.3,25.3,25.1,25.3,25.2,25.1,25.3,25.2,25.1,25.2,25.2,25.2,25.3,25.3,25.1,25.1,25.0,25.1,25.2,25.2,25.2,25.1,25.0,25.1,25.2,25.1,25.0,25.1,25.0,25.0,25.2,25.2
71,25.3,25.3,25.4,25.4,25.2,25.2,25.4,25.4,25.5,25.6,25.6,25.5,25.5,25.6,25.7,25.6,25.7,25.6,25.8,25.6,25.7,25.8,25.7,26.0,25.9,26.0,25.9,26.0,26.0,26.0,26.0,26.2,26.0,26.2,26.2,26.3,26.5,26.4,26.5,26.6,26.5,26.6,26.8,26.9,27.2,27.7,28.3,28.8,29.2,29.5,29.8,30.0,29.9,30.0,30.2,30.1,30.1,30.1,30.0,30.1,30.1,30.2,30.2,30.2,30.3,30.2,30.2,30.3,30.3,30.4,30.8,31.1,31.7,32.2,32.5,32.8,32.8,32.8,32.8,33.1,33.1,33.4,33.2,33.2,33.3,33.4,33.6,33.5,33.7,33.6,33.8,33.8,34.0,33.7,33.9,34.1,34.1,34.1,34.3,34.3,34.3,34.2,34.2,34.3,34.2,34.1,33.9,33.6,33.6,33.6,33.5,33.2,33.3,33.1,33.0,33.0,32.9,32.8,32.6,32.8,32.7,32.7,32.5,32.4,32.3,32.4,32.2,32.3,32.2,32.0,31.9,31.9,31.7,31.3,30.8,31.0,30.7,30.7,30.7,30.8,30.6,30.5,30.8,30.8,30.7,30.5,30.2,30.2,29.9,29.7,29.6,29.3,28.9,27.5,26.7,26.0,25.6,25.5,25.5,25.2,25.3,25.4,25.2,25.3,25.3,25.0,25.1,25.1,25.0,25.2,25.2,25.1,25.1,25.2,25.1,25.0,25.1,25.2,25.1,25.1,25.2,25.0,25.1,25.1,25.2,25.4,25.1,25.1,25.0,25.1,24.9,25.1
72,25.3,25.4,25.4,25.6,25.4,25.4,25.4,25.5,25.4,25.6,25.4,25.5,25.6,25.7,25.9,25.7,25.9,25.8,25.7,25.8,25.9,25.9,25.8,25.8,25.9,25.9,25.9,26.1,26.2,26.1,26.2,26.0,26.3,26.2,26.2,26.2,26.4,26.5,26.5,26.7,26.7,26.7,26.9,27.0,27.3,27.9,28.6,29.1,29.4,29.6,29.7,29.9,29.9,30.2,30.1,30.0,30.1,30.0,30.0,30.1,29.9,30.1,30.1,30.2,30.3,30.2,30.1,30.2,30.3,30.2,30.7,31.3,31.9,32.3,32.7,32.8,32.9,33.1,32.9,33.0,33.2,33.2,33.3,33.3,33.4,33.5,33.4,33.6,33.6,33.7,33.7,33.7,34.0,34.0,34.2,34.1,34.3,34.4,34.3,34.3,34.4,34.3,34.4,34.4,34.4,34.3,34.1,33.9,33.9,33.7,33.5,33.7,33.3,33.3,33.2,33.1,33.1,32.9,32.9,32.8,32.7,32.6,32.5,32.5,32.4,32.3,32.3,32.2,32.1,32.1,31.9,31.9,31.5,31.3,31.1,31.2,31.1,31.0,31.0,30.9,30.7,30.8,30.8,30.8,30.6,30.3,30.2,30.1,29.9,29.6,29.6,29.2,29.0,27.6,26.6,26.1,25.6,25.4,25.3,25.3,25.2,25.3,25.4,25.4,25.3,25.2,25.3,25.3,25.1,25.2,25.3,25.1,25.2,25.4,25.3,25.3,25.0,25.1,25.2,25.0,25.3,25.0,25.1,25.3,25.1,25.2,25.1,25.0,25.1,25.1,25.1,25.1
73,25.4,25.5,25.3,25.3,25.5,25.5,25.3,25.4,25.3,25.7,25.6,25.6,25.6,25.8,25.5,25.6,25.9,25.9,25.8,25.8,25.9,25.8,25.7,25.9,25.8,26.0,25.9,25.9,26.0,26.1,26.1,26.1,26.2,26.0,26.1,26.2,26.3,26.4,26.6,26.7,26.6,26.7,26.9,27.0,27.3,27.9,28.7,29.1,29.3,29.6,29.8,29.8,29.8,30.0,30.0,29.9,30.0,29.9,29.9,29.9,30.0,29.9,29.9,30.1,30.1,30.2,30.1,30.1,30.1,30.3,30.7,31.3,31.8,32.4,32.7,32.9,32.8,33.0,33.1,33.1,33.3,33.2,33.2,33.5,33.5,33.4,33.6,33.6,33.8,33.7,33.8,33.9,34.0,34.1,34.1,34.4,34.5,34.6,34.6,34.6,34.6,34.5,34.6,34.4,34.4,34.4,34.3,34.1,34.0,33.8,33.7,33.6,33.4,33.3,33.2,33.2,33.0,32.9,32.9,32.9,32.8,32.6,32.7,32.5,32.5,32.3,32.3,32.1,32.1,31.9,31.8,32.0,31.6,31.2,30.9,31.1,30.8,30.8,31.0,31.0,30.6,30.6,30.8,30.6,30.6,30.4,30.2,30.0,29.9,29.6,29.4,29.2,28.9,27.7,26.7,26.0,25.5,25.3,25.3,25.1,25.2,25.1,25.2,25.1,25.3,25.1,25.1,25.3,25.2,25.0,25.3,25.0,25.1,25.1,25.1,25.1,25.1,25.3,25.1,25.1,25.0,25.1,25.2,25.1,25.1,25.0,25.2,25.2,25.0,25.0,25.2,25.0
74,25.2,25.2,25.4,25.4,25.4,25.4,25.5,25.4,25.5,25.4,25.4,25.4,25.5,25.7,25.6,25.6,25.7,25.8,25.7,26.0,25.9,25.8,25.9,25.7,25.8,26.0,25.9,26.0,26.1,26.1,26.1,26.4,26.1,26.1,26.3,26.3,26.4,26.6,26.5,26.6,26.7,26.7,26.9,27.0,27.3,28.0,28.6,29.2,29.4,29.6,29.6,29.8,29.9,29.8,29.9,30.1,30.0,30.1,29.9,29.9,30.0,30.0,30.1,30.1,30.2,30.0,30.1,30.3,30.3,30.3,30.6,31.1,31.7,32.4,32.7,32.9,33.0,33.0,33.0,33.0,33.3,33.4,33.3,33.4,33.5,33.8,33.5,33.6,33.8,33.9,34.0,34.1,34.1,34.3,34.6,34.5,34.6,34.5,34.7,34.6,34.7,34.7,34.6,34.7,34.7,34.5,34.5,34.4,34.3,34.2,33.9,33.8,33.5,33.4,33.4,33.3,33.0,33.0,32.9,32.8,32.8,32.7,32.6,32.6,32.3,32.4,32.2,32.3,32.1,32.0,32.0,31.9,31.7,31.5,31.3,31.3,31.1,31.1,31.1,30.9,30.7,30.6,30.8,30.8,30.7,30.4,30.3,30.1,29.8,29.7,29.5,29.4,28.8,27.9,26.7,26.0,25.6,25.4,25.4,25.2,25.4,25.3,25.4,25.4,25.4,25.2,25.1,25.1,25.2,25.1,25.1,25.2,25.3,25.4,25.2,25.1,25.1,25.1,25.0,25.1,25.1,25.1,25.3,25.1,25.2,25.1,25.3,25.1,25.1,25.1,25.1,24.9
75,25.2,25.4,25.4,25.4,25.4,25.4,25.6,25.4,25.5,25.4,25.4,25.5,25.8,25.6,25.7,25.8,25.7,25.8,25.7,25.7,25.9,25.8,25.8,25.8,25.8,26.0,26.1,26.0,26.1,26.2,26.0,26.2,26.4,26.2,26.2,26.3,26.4,26.6,26.5,26.6,26.9,26.7,26.9,27.1,27.5,28.2,28.6,29.3,29.4,29.7,29.8,30.0,30.0,29.9,29.9,29.9,30.0,29.9,29.9,29.9,29.9,30.0,30.1,30.2,30.2,30.2,30.3,30.2,30.4,30.4,30.8,31.1,31.8,32.3,32.6,32.8,33.0,33.0,33.0,33.1,33.5,33.3,33.4,33.4,33.4,33.7,33.7,33.9,33.9,34.0,34.3,34.1,34.4,34.3,34.5,34.7,34.7,34.9,34.8,34.8,34.8,34.8,34.9,34.8,34.8,34.8,34.7,34.8,34.5,34.4,34.2,33.9,33.7,33.7,33.4,33.3,33.2,33.2,33.0,32.9,33.0,32.7,32.7,32.7,32.5,32.2,32.2,32.3,32.2,32.0,32.1,31.8,31.8,31.7,31.4,31.4,31.2,31.1,31.1,31.0,31.0,30.8,30.6,30.6,30.6,30.4,30.3,30.2,29.9,29.6,29.8,29.2,28.9,27.8,26.7,26.0,25.7,25.4,25.4,25.3,25.3,25.3,25.3,25.1,25.4,25.3,25.3,25.2,25.3,25.3,25.3,25.2,25.3,25.1,25.1,25.2,25.1,25.1,25.3,25.1,25.1,25.0,25.0,25.2,25.1,25.1,25.1,25.1,25.1,25.0,25.0,25.0
76,25.2,25.3,25.5,25.4,25.5,25.5,25.4,25.4,25.4,25.5,25.5,25.6,25.6,25.6,25.7,25.7,25.6,25.7,25.6,25.9,25.8,25.9,25.9,26.0,25.9,26.0,25.8,26.0,26.0,26.2,26.1,26.2,26.2,26.2,26.3,26.4,26.4,26.3,26.6,26.6,26.8,26.9,26.9,27.0,27.5,28.0,28.7,29.3,29.5,29.7,29.8,30.0,30.1,30.0,30.1,30.1,30.1,30.0,29.9,30.2,29.9,30.0,29.9,30.2,30.3,30.2,30.2,30.2,30.3,30.5,30.6,31.3,31.9,32.5,32.7,33.0,33.1,33.0,33.3,33.2,33.4,33.5,33.5,33.6,33.8,33.7,33.9,33.9,34.1,34.1,34.3,34.6,34.7,34.7,34.8,34.7,34.9,34.9,34.9,34.9,34.9,34.9,34.9,35.0,34.9,35.0,34.9,34.9,34.6,34.7,34.3,34.1,33.9,33.8,33.7,33.4,33.4,33.2,33.2,33.1,33.1,32.8,32.8,32.6,32.5,32.4,32.4,32.2,32.1,32.0,32.1,31.8,31.9,31.8,31.8,31.4,31.3,31.1,31.1,30.8,30.7,30.7,30.6,30.5,30.6,30.5,30.4,30.2,30.0,29.8,29.8,29.6,29.1,27.9,26.7,26.1,25.7,25.3,25.3,25.3,25.3,25.4,25.4,25.2,25.3,25.2,25.2,25.1,25.2,25.1,25.2,25.3,25.2,25.2,25.1,25.2,25.1,25.3,25.2,25.1,25.1,25.2,25.2,25.2,25.2,25.2,25.1,25.1,25.2,25.1,25.0,25.2
77,25.2,25.4,25.3,25.4,25.5,25.4,25.4,25.4,25.3,25.4,25.5,25.4,25.5,25.6,25.6,25.9,25.8,25.7,25.8,25.7,25.9,26.0,25.9,25.9,25.9,25.9,25.9,26.0,26.0,26.1,26.3,26.4,26.3,26.2,26.4,26.2,26.3,26.3,26.4,26.4,26.7,26.7,26.9,27.1,27.2,27.7,28.4,29.0,29.2,29.5,29.9,29.9,30.2,30.3,30.2,30.1,30.1,30.1,30.3,30.2,30.0,30.2,30.1,30.3,30.3,30.2,30.3,30.4,30.3,30.5,30.8,31.2,31.9,32.4,32.8,33.1,32.9,33.3,33.2,33.2,33.5,33.4,33.4,33.5,33.6,33.8,33.9,33.9,34.1,34.3,34.3,34.6,34.6,34.7,34.8,34.9,34.8,34.9,35.0,34.8,34.7,34.6,34.8,34.9,35.0,34.9,34.9,34.8,34.8,34.8,34.4,34.4,34.1,34.0,33.7,33.6,33.3,33.3,33.1,33.0,33.0,33.0,32.7,32.7,32.6,32.4,32.3,32.3,32.3,32.1,32.1,31.7,31.7,31.8,31.5,31.6,31.4,31.0,30.8,30.6,30.4,30.5,30.4,30.4,30.4,30.4,30.3,30.2,30.0,29.8,29.7,29.4,29.0,28.0,26.8,26.1,25.7,25.4,25.3,25.4,25.2,25.3,25.3,25.3,25.3,25.2,25.3,25.3,25.1,25.1,25.2,25.2,25.2,25.4,25.3,25.0,25.0,25.2,25.2,25.0,25.1,25.1,25.2,25.1,25.1,25.1,25.1,25.1,25.1,25.0,25.1,25.1
78,25.2,25.2,25.4,25.5,25.5,25.5,25.6,25.4,25.6,25.3,25.5,25.7,25.6,25.6,25.6,25.7,25.6,25.8,25.7,25.8,25.7,25.7,25.9,26.0,25.9,25.9,26.0,26.0,26.0,25.9,26.0,26.3,26.4,26.3,26.3,26.3,26.5,26.3,26.4,26.4,26.6,26.7,26.9,27.1,27.1,27.6,28.0,28.5,28.8,29.4,29.9,30.3,30.4,30.3,30.4,30.4,30.5,30.4,30.4,30.4,30.4,30.4,30.5,30.6,30.7,30.6,30.4,30.5,30.3,30.6,31.0,31.2,32.0,32.5,32.7,33.0,33.2,33.3,33.2,33.2,33.4,33.4,33.7,33.7,33.8,33.9,34.0,34.0,34.4,34.6,34.6,34.6,34.8,34.8,34.9,34.9,35.0,34.9,34.9,34.6,34.4,34.4,34.5,34.7,34.9,35.0,35.2,35.1,35.0,34.9,34.8,34.7,34.4,34.1,33.9,33.8,33.5,33.4,33.3,33.3,33.2,33.0,32.8,32.7,32.5,32.5,32.3,32.3,32.2,32.2,32.0,31.9,31.8,31.8,31.8,31.7,31.2,31.0,30.9,30.9,30.7,30.6,30.6,30.3,30.7,30.3,30.3,30.4,30.0,29.8,29.7,29.4,29.1,28.0,26.9,26.2,25.5,25.4,25.4,25.3,25.4,25.4,25.1,25.2,25.2,25.3,25.3,25.4,25.1,25.1,25.1,25.1,25.1,25.2,25.1,25.1,25.1,25.2,25.2,25.0,25.1,25.0,25.0,25.2,25.1,25.2,25.1,25.1,25.0,25.1,25.1,25.1
79,25.1,25.4,25.4,25.4,25.5,25.3,25.6,25.6,25.4,25.4,25.4,25.4,25.6,25.6,25.6,25.7,25.7,25.7,25.7,25.9,25.7,26.0,25.9,25.9,25.9,25.8,25.8,26.0,26.1,26.1,26.1,26.2,26.3,26.2,26.5,26.3,26.5,26.4,26.5,26.5,26.7,26.6,26.9,26.9,26.9,27.3,27.5,27.9,28.3,28.9,29.5,30.0,30.6,30.5,30.7,30.7,30.7,30.8,30.9,30.8,30.9,30.9,30.7,30.8,30.9,30.9,30.7,30.7,30.8,30.9,31.3,31.6,32.0,32.6,32.7,33.0,33.0,33.4,33.2,33.5,33.5,33.6,33.8,33.6,33.9,33.9,34.3,34.1,34.7,34.6,34.7,34.9,34.8,34.9,35.0,35.0,35.1,34.9,34.6,34.1,33.7,33.6,34.0,34.2,34.7,35.1,35.2,35.1,35.0,35.0,34.9,34.9,34.6,34.4,34.2,33.9,33.7,33.5,33.5,33.4,33.3,33.0,32.8,32.7,32.5,32.4,32.3,32.3,32.2,32.2,32.1,32.0,31.9,31.8,31.7,31.5,31.3,31.1,30.9,31.0,31.0,30.8,30.7,30.7,30.4,30.5,30.4,30.2,30.1,29.8,29.8,29.6,29.0,28.0,27.0,26.2,25.6,25.4,25.3,25.2,25.3,25.4,25.3,25.1,25.4,25.0,25.1,25.2,25.2,25.1,25.1,25.3,25.1,25.1,25.2,25.2,25.0,25.2,25.1,25.0,25.1,25.2,25.2,25.1,25.3,25.2,25.2,25.2,25.1,25.2,25.1,25.2
80,25.3,25.4,25.4,25.3,25.5,25.5,25.6,25.4,25.4,25.5,25.6,25.6,25.4,25.6,25.5,25.7,25.5,25.8,25.6,25.7,25.7,25.8,25.6,25.9,25.9,25.9,25.8,25.9,26.1,26.0,26.2,26.3,26.2,26.3,26.3,26.6,26.5,26.6,26.6,26.7,26.7,26.7,26.7,26.8,27.0,27.1,27.1,27.6,27.9,28.3,29.3,30.1,30.6,30.9,31.0,31.0,31.1,31.2,31.3,31.3,31.3,31.3,31.4,31.2,31.3,31.1,31.0,30.8,31.0,31.3,31.5,31.9,32.3,32.7,32.7,32.8,33.2,33.4,33.5,33.6,33.8,33.7,33.8,33.8,33.9,34.0,34.4,34.6,34.7,34.7,34.8,34.9,34.9,35.1,35.0,35.0,34.9,34.6,34.1,33.6,33.2,33.1,33.4,33.9,34.6,34.9,35.2,35.2,35.2,35.1,34.9,34.9,34.7,34.5,34.3,33.9,33.9,33.5,33.4,33.3,33.3,33.2,32.9,32.8,32.7,32.6,32.4,32.3,32.3,32.2,32.0,32.1,31.8,31.6,31.7,31.5,31.2,31.1,31.1,31.1,31.1,31.0,30.7,30.6,30.5,30.3,30.4,30.5,30.2,30.0,29.8,29.6,29.1,28.2,27.0,26.4,25.7,25.6,25.3,25.3,25.3,25.3,25.4,25.0,25.3,25.2,25.3,25.2,25.2,25.3,25.2,25.1,25.1,25.2,25.1,25.0,25.0,25.1,25.1,25.1,25.1,25.1,25.2,25.2,25.1,25.1,25.2,25.1,25.0,25.2,25.0,25.3
81,25.5,25.3,25.4,25.4,25.6,25.1,25.5,25.3,25.4,25.4,25.3,25.4,25.4,25.4,25.6,25.5,25.5,25.6,25.7,25.7,25.6,25.7,25.7,25.7,25.5,25.9,25.8,26.0,26.1,26.0,26.1,26.2,26.2,26.3,26.5,26.3,26.6,26.5,26.6,26.7,26.7,26.7,26.9,27.0,26.8,27.1,27.2,27.4,27.8,28.2,29.1,30.0,30.8,30.9,30.8,31.0,31.3,31.7,31.8,31.8,31.7,31.6,31.9,31.8,31.7,31.5,31.2,31.1,31.1,31.6,32.0,32.1,32.5,32.6,32.8,33.2,33.2,33.3,33.6,33.5,33.5,33.6,33.9,34.0,34.4,34.4,34.6,34.6,34.7,34.9,35.0,35.0,35.1,35.1,35.1,34.9,34.6,34.2,33.6,33.2,33.1,33.2,33.2,33.4,34.1,34.6,34.9,35.1,35.2,35.4,35.1,35.2,35.0,34.8,34.6,34.5,34.0,33.9,33.9,33.5,33.5,33.2,33.0,32.9,32.9,32.6,32.5,32.5,32.4,32.2,32.2,32.0,31.9,31.6,31.5,31.5,31.1,31.0,31.2,31.2,31.2,31.1,30.9,30.7,30.6,30.5,30.4,30.2,30.2,30.0,29.9,29.7,29.4,28.4,27.0,26.4,26.0,25.5,25.4,25.4,25.2,25.3,25.1,25.2,25.1,25.1,25.4,25.2,25.3,25.2,25.3,25.3,25.3,25.2,25.2,25.3,25.1,25.3,25.2,25.1,25.3,25.2,25.2,25.1,25.3,25.1,25.4,25.2,25.1,25.3,25.1,25.1
82,25.4,25.5,25.3,25.4,25.4,25.4,25.4,25.4,25.4,25.3,25.1,25.3,25.1,25.3,25.1,25.3,25.4,25.4,25.3,25.5,25.6,25.5,25.5,25.7,25.9,25.7,25.9,25.9,26.1,26.1,26.0,26.2,26.2,26.4,26.4,26.5,26.6,26.6,26.7,26.7,26.9,26.7,26.9,26.9,26.9,27.1,27.1,27.4,27.7,28.2,29.0,30.0,30.8,31.0,30.6,30.8,31.1,31.8,32.0,31.9,31.9,31.8,31.9,31.9,31.9,31.8,31.5,31.3,31.3,31.6,32.2,32.2,32.5,32.6,32.9,32.9,33.2,33.6,33.5,33.6,33.6,33.8,34.0,34.1,34.3,34.5,34.5,34.7,34.9,34.9,35.0,35.0,35.0,35.0,34.8,34.4,34.1,33.5,33.0,32.9,32.9,33.1,33.3,33.5,33.6,34.0,34.6,35.0,35.3,35.3,35.3,35.2,35.1,35.0,34.7,34.7,34.3,34.1,33.9,33.7,33.5,33.2,33.0,32.9,32.7,32.7,32.4,32.4,32.3,32.3,32.3,32.0,31.9,31.6,31.4,31.1,31.1,31.0,31.1,31.2,31.1,31.1,30.8,30.6,30.5,30.5,30.4,30.4,30.1,30.0,29.9,29.6,29.4,28.3,27.2,26.4,25.7,25.6,25.4,25.4,25.3,25.3,25.4,25.4,25.3,25.1,25.2,25.3,25.2,25.4,25.5,25.1,25.2,25.2,25.1,25.2,25.2,25.3,25.2,25.0,25.1,25.0,25.0,25.1,25.0,25.1,25.2,25.1,25.1,25.2,25.0,25.0
83,25.3,25.3,25.2,25.4,25.3,25.3,25.4,25.2,25.2,25.1,25.2,25.2,25.3,25.2,25.4,25.3,25.3,25.5,25.5,25.6,25.5,25.5,25.5,25.8,25.7,25.9,25.9,26.0,25.9,26.0,26.3,26.4,26.4,26.3,26.6,26.6,26.7,26.8,27.1,27.0,27.0,27.0,27.0,26.9,27.1,27.3,27.3,27.4,27.6,28.4,29.0,29.8,30.8,30.7,30.6,30.7,30.9,31.5,31.6,31.7,31.8,31.8,31.8,31.8,31.8,31.6,31.5,31.5,31.5,31.9,32.3,32.5,32.7,32.7,32.8,33.1,33.3,33.5,33.8,33.8,33.9,34.0,34.2,34.4,34.6,34.6,34.8,34.7,35.0,35.0,35.2,35.1,35.1,34.9,34.5,34.0,33.3,33.0,32.7,32.8,33.0,33.4,33.5,33.5,33.5,33.7,34.1,34.5,34.8,35.3,35.3,35.4,35.2,35.0,34.9,34.6,34.4,34.1,34.0,33.6,33.5,33.3,33.2,33.0,32.9,32.6,32.8,32.3,32.3,32.3,32.2,32.2,31.9,31.7,31.5,31.4,31.1,31.1,31.2,31.0,31.1,30.8,30.8,30.6,30.6,30.4,30.4,30.4,30.2,30.0,29.8,29.6,29.3,28.2,27.2,26.3,25.8,25.5,25.4,25.4,25.3,25.4,25.4,25.3,25.5,25.2,25.3,25.4,25.3,25.2,25.2,25.3,25.4,25.4,25.3,25.2,25.2,25.2,25.2,25.2,25.2,25.4,25.3,25.3,25.2,25.3,25.3,25.1,25.2,25.2,25.1,25.1
84,25.5,25.4,25.4,25.2,25.3,25.3,25.1,25.1,25.1,25.1,25.2,25.1,25.3,25.2,25.2,25.3,25.3,25.4,25.2,25.3,25.5,25.6,25.6,25.7,25.7,25.6,25.9,26.1,26.0,26.0,26.2,26.3,26.4,26.5,26.4,26.7,26.7,26.9,27.1,27.0,27.1,27.1,27.0,26.9,27.1,27.1,27.3,27.5,27.7,28.0,28.6,29.4,29.9,30.3,30.2,30.4,30.6,30.7,30.8,30.9,31.1,31.1,31.0,31.2,31.0,31.1,31.2,31.3,31.7,31.9,32.2,32.3,32.3,32.7,32.8,33.0,33.3,33.6,33.7,33.9,34.0,34.3,34.3,34.4,34.6,34.6,34.7,34.9,34.9,35.0,35.2,35.0,34.9,34.5,33.9,33.3,32.8,32.5,32.5,32.8,33.1,33.5,33.7,33.8,33.7,33.7,33.6,34.1,34.5,34.9,35.2,35.1,35.1,35.2,35.0,34.8,34.6,34.4,34.1,33.9,33.7,33.5,33.3,32.9,32.8,32.8,32.6,32.6,32.1,32.3,32.4,32.0,31.9,31.8,31.3,31.4,31.0,31.1,31.0,30.9,31.0,30.9,30.5,30.5,30.7,30.5,30.6,30.6,30.2,30.0,29.9,29.6,29.2,28.3,27.3,26.4,25.8,25.7,25.5,25.5,25.4,25.4,25.4,25.3,25.4,25.3,25.3,25.4,25.4,25.2,25.3,25.2,25.2,25.3,25.2,25.2,25.2,25.3,25.4,25.2,25.2,25.3,25.1,25.2,25.2,25.1,25.1,25.0,25.1,25.2,24.9,25.1
85,25.1,25.1,25.1,25.1,25.1,25.1,25.1,25.1,25.2,25.1,25.1,25.1,25.2,25.0,25.3,25.4,25.4,25.3,25.3,25.6,25.6,25.6,25.7,25.7,25.7,25.9,25.8,25.9,26.2,26.2,26.2,26.5,26.4,26.6,26.7,26.7,26.8,26.9,27.1,27.3,27.2,27.1,27.2,27.0,27.0,27.2,27.4,27.5,27.6,27.9,28.5,29.1,29.5,29.8,29.8,29.6,29.8,29.9,30.0,30.0,30.4,30.3,30.3,30.5,30.3,30.7,30.9,31.2,31.8,32.2,32.2,32.2,32.5,32.7,32.8,33.0,33.3,33.5,33.6,33.9,34.0,34.3,34.4,34.5,34.5,34.8,34.9,34.9,35.1,35.3,35.1,35.0,34.3,33.9,33.2,32.8,32.5,32.4,32.8,32.9,33.4,33.5,33.5,33.6,33.8,33.6,33.4,33.8,34.3,34.6,34.8,35.2,35.1,35.1,34.9,34.7,34.5,34.5,34.3,34.0,33.8,33.4,33.3,33.0,33.0,32.9,32.6,32.5,32.4,32.4,32.3,32.1,32.1,31.9,31.8,31.6,31.2,31.1,31.0,30.8,30.7,30.6,30.4,30.6,30.7,30.4,30.5,30.4,30.2,29.9,29.8,29.6,29.3,28.4,27.1,26.4,25.8,25.6,25.5,25.4,25.4,25.4,25.2,25.4,25.2,25.3,25.4,25.3,25.3,25.1,25.2,25.3,25.3,25.3,25.1,25.2,25.2,25.3,25.2,25.2,25.2,25.1,25.2,25.2,25.2,25.2,25.2,25.0,25.1,25.3,25.1,25.2
86,25.1,25.0,25.0,25.1,25.1,25.0,25.0,25.0,25.0,25.1,25.1,25.2,25.1,25.1,25.2,25.4,25.3,25.4,25.3,25.6,25.5,25.5,25.6,25.8,25.7,25.8,25.9,26.0,26.1,26.2,26.4,26.4,26.4,26.6,26.8,26.9,26.9,27.0,27.2,27.4,27.5,27.3,27.2,27.2,27.2,27.4,27.5,27.6,27.8,27.9,27.9,28.2,28.7,28.6,28.7,28.7,28.8,28.7,28.9,29.2,29.1,29.4,29.6,29.4,29.5,29.7,30.2,30.8,31.6,32.3,32.5,32.4,32.5,32.6,32.8,33.0,33.4,33.4,33.8,34.0,34.1,34.2,34.3,34.4,34.7,34.7,35.0,35.1,35.3,35.1,34.9,34.6,34.1,33.1,32.7,32.4,32.5,32.7,33.0,33.2,33.5,33.4,33.6,33.7,33.8,33.9,33.6,33.6,33.7,34.1,34.6,34.9,35.1,35.1,35.0,34.9,34.7,34.6,34.4,34.1,33.9,33.7,33.3,33.2,33.0,32.7,32.6,32.5,32.4,32.5,32.2,32.2,32.1,32.0,31.8,31.7,31.3,31.2,31.0,30.7,30.6,30.7,30.6,30.5,30.6,30.5,30.3,30.3,30.2,30.0,29.8,29.6,29.1,28.6,27.2,26.5,25.9,25.6,25.5,25.3,25.4,25.4,25.4,25.3,25.4,25.1,25.3,25.2,25.1,25.2,25.1,25.2,25.2,25.2,25.2,25.3,25.1,25.3,25.1,25.3,25.1,25.3,25.1,25.2,25.2,25.3,25.3,25.2,25.1,25.1,25.2,25.2
87,24.9,24.9,24.9,25.0,25.1,24.9,25.0,24.9,25.0,25.0,25.0,25.1,25.1,25.1,25.2,25.1,25.4,25.3,25.4,25.5,25.5,25.5,25.5,25.6,25.7,25.8,26.0,26.1,26.1,26.2,26.3,26.4,26.6,26.5,26.7,26.8,26.9,27.1,27.1,27.2,27.6,27.3,27.4,27.3,27.4,27.6,27.7,27.7,27.7,27.8,27.8,27.9,27.9,28.1,28.1,28.1,28.1,28.3,28.2,28.4,28.5,28.7,29.1,29.0,29.2,29.4,29.8,30.5,31.4,32.1,32.3,32.5,32.5,32.8,32.9,33.3,33.5,33.7,33.8,33.9,34.1,34.5,34.5,34.6,34.6,34.9,35.2,35.1,35.2,34.9,34.5,34.0,33.3,32.6,32.2,32.3,32.6,32.8,33.0,33.1,33.2,33.5,33.5,33.5,33.7,33.9,33.9,33.7,33.6,33.9,34.0,34.6,34.9,35.1,35.0,34.9,34.8,34.6,34.5,34.2,34.0,33.8,33.5,33.0,32.9,32.8,32.7,32.7,32.5,32.2,32.2,32.0,31.9,32.2,31.9,31.7,31.3,31.3,31.1,30.8,30.5,30.7,30.7,30.8,30.7,30.4,30.3,30.1,30.1,30.0,29.7,29.6,29.2,28.5,27.3,26.5,25.9,25.6,25.6,25.5,25.3,25.3,25.4,25.3,25.4,25.2,25.2,25.3,25.1,25.4,25.2,25.2,25.3,25.4,25.1,25.2,25.2,25.4,25.2,25.2,25.1,25.3,25.1,25.4,25.1,25.3,25.2,25.1,25.1,25.2,25.1,25.1
88,25.2,25.0,25.0,25.1,25.1,25.0,25.1,25.0,25.1,25.1,25.1,25.2,25.2,25.3,25.3,25.3,25.3,25.4,25.4,25.5,25.5,25.8,25.7,25.6,25.9,26.0,26.0,26.1,26.2,26.4,26.4,26.5,26.5,26.6,26.7,26.8,26.9,26.9,27.4,27.4,27.5,27.6,27.6,27.6,27.8,27.6,27.7,27.7,27.7,27.8,27.7,27.8,27.9,27.9,27.9,27.8,27.9,28.0,28.1,28.1,28.4,28.4,28.7,28.7,29.1,29.3,30.0,30.7,31.6,32.0,32.6,32.7,32.8,32.8,33.1,33.2,33.5,33.7,33.9,34.1,34.3,34.3,34.6,34.8,34.8,34.9,35.0,35.0,34.9,34.7,34.1,33.5,32.7,32.2,32.2,32.3,32.5,32.9,33.0,33.0,33.1,33.3,33.5,33.5,33.6,33.8,33.8,34.0,33.8,33.6,33.9,34.4,34.9,35.1,35.1,34.9,34.7,34.4,34.4,34.2,34.2,33.9,33.3,33.2,32.8,32.8,32.7,32.5,32.6,32.4,32.3,32.2,32.0,32.1,31.8,31.9,31.5,31.3,31.2,30.8,30.6,30.7,30.6,30.9,30.8,30.5,30.4,30.3,30.2,29.9,29.7,29.5,29.3,28.3,27.4,26.5,25.9,25.5,25.4,25.4,25.3,25.5,25.3,25.4,25.4,25.3,25.3,25.2,25.4,25.3,25.3,25.4,25.2,25.3,25.2,25.3,25.2,25.3,25.1,25.2,25.2,25.2,25.1,25.2,25.3,25.2,25.2,25.1,25.1,25.2,25.2,25.1
89,25.0,24.9,25.0,24.9,25.0,25.0,24.9,25.0,25.0,25.1,25.0,25.0,25.2,25.1,25.2,25.3,25.3,25.3,25.4,25.4,25.6,25.6,25.6,25.8,25.7,26.0,25.9,26.1,26.2,26.2,26.4,26.4,26.6,26.6,26.7,26.7,26.9,27.1,27.1,27.4,27.6,27.6,27.6,27.7,27.8,27.6,27.8,27.9,27.8,27.8,27.7,27.7,27.8,27.9,27.9,27.9,27.8,28.0,28.1,28.0,28.0,28.2,28.4,28.4,29.1,29.7,30.4,31.0,31.8,32.3,32.5,32.7,32.8,33.0,33.3,33.2,33.4,33.5,33.8,34.1,34.3,34.5,34.7,34.7,34.9,35.1,35.0,34.9,34.7,34.2,33.5,32.8,32.3,32.2,32.1,32.4,32.6,32.9,32.8,32.7,33.0,33.1,33.3,33.5,33.8,33.8,33.8,33.8,33.8,33.6,33.8,34.2,34.7,35.1,35.1,35.0,34.7,34.5,34.4,34.4,33.9,33.7,33.6,33.3,33.0,32.8,32.6,32.7,32.4,32.2,32.2,32.3,32.0,31.8,31.8,31.7,31.5,31.3,31.1,30.8,30.9,30.7,30.8,30.8,30.8,30.6,30.4,30.4,30.3,29.8,29.7,29.6,29.3,28.4,27.2,26.6,26.0,25.5,25.3,25.5,25.4,25.3,25.2,25.3,25.3,25.3,25.1,25.2,25.1,25.2,25.2,25.0,25.2,25.3,25.2,25.3,25.1,25.2,25.2,25.1,25.3,25.2,25.1,25.0,25.1,25.1,25.1,25.1,25.1,25.2,25.1,25.2
90,25.0,25.1,24.9,25.2,25.0,25.1,24.8,25.0,25.1,25.1,25.1,25.1,25.3,25.2,25.3,25.2,25.4,25.5,25.6,25.6,25.7,25.6,25.8,25.8,25.9,25.9,26.1,26.2,26.2,26.4,26.3,26.6,26.6,26.7,26.9,26.9,26.9,27.2,27.4,27.3,27.6,27.7,27.8,27.6,27.7,27.8,27.9,27.8,27.8,27.8,27.9,27.8,27.8,27.9,27.9,27.9,28.0,28.0,27.9,27.8,28.1,28.0,28.3,28.4,29.1,29.9,30.8,31.6,32.1,32.5,32.7,32.7,33.1,33.2,33.2,33.3,33.5,33.7,33.9,34.1,34.3,34.4,34.8,34.7,34.9,35.0,35.0,34.9,34.7,33.8,33.0,32.6,32.2,32.0,32.0,32.6,32.4,32.7,32.6,32.6,32.8,32.8,33.4,33.6,33.6,33.7,33.9,33.6,33.8,33.7,34.0,34.7,35.0,35.3,35.3,35.0,34.8,34.6,34.3,34.3,34.0,33.8,33.6,33.2,33.0,32.8,32.7,32.7,32.5,32.5,32.3,32.2,31.9,31.8,31.6,31.6,31.5,31.2,30.9,30.7,30.8,30.8,30.8,30.9,30.8,30.6,30.4,30.4,30.4,30.0,29.8,29.7,29.4,28.6,27.4,26.6,26.0,25.7,25.5,25.4,25.5,25.6,25.4,25.4,25.5,25.4,25.2,25.1,25.4,25.2,25.2,25.3,25.2,25.4,25.1,25.2,25.3,25.2,25.2,25.0,25.2,25.2,25.3,25.2,25.3,25.2,25.2,25.1,25.2,25.2,25.1,25.1
91,24.9,25.0,25.0,25.0,25.1,25.1,24.9,25.1,25.1,25.1,25.1,25.0,25.2,25.3,25.2,25.3,25.4,25.4,25.5,25.6,25.4,25.7,25.6,25.7,25.8,26.1,25.9,26.2,26.5,26.3,26.5,26.7,26.6,26.7,26.9,26.7,26.9,27.0,27.3,27.4,27.7,27.6,27.7,27.7,27.7,27.8,27.8,27.9,27.8,27.6,27.8,27.6,27.7,27.9,27.9,28.1,28.1,28.0,28.0,28.1,27.9,27.9,28.1,28.4,29.1,30.0,31.0,31.8,32.2,32.4,32.8,32.8,32.9,33.2,33.2,33.5,33.5,33.6,33.8,33.9,34.0,34.4,34.7,34.7,35.0,35.1,35.1,34.9,34.5,33.6,33.1,32.6,32.2,32.1,32.2,32.4,32.6,32.5,32.4,32.3,32.5,32.8,33.3,33.5,33.6,33.6,33.3,33.3,33.5,34.0,34.4,35.2,35.3,35.4,35.1,34.9,34.9,34.5,34.4,34.1,33.9,33.7,33.6,33.2,33.0,32.9,32.7,32.5,32.4,32.4,32.2,32.0,31.7,31.7,31.5,31.6,31.2,31.1,31.1,30.8,30.8,30.5,30.9,30.8,30.7,30.6,30.4,30.5,30.2,29.9,29.9,29.5,29.3,28.6,27.5,26.7,25.9,25.6,25.4,25.5,25.5,25.3,25.4,25.3,25.4,25.3,25.3,25.3,25.3,25.2,25.1,25.3,25.3,25.3,25.2,25.2,25.2,25.4,25.2,25.1,25.0,25.2,25.1,25.0,25.2,25.1,25.2,25.3,25.1,25.3,25.1,25.1
92,25.0,25.0,25.0,25.0,25.0,25.0,25.1,25.1,25.1,25.2,25.1,25.3,25.3,25.3,25.4,25.4,25.4,25.2,25.3,25.4,25.7,25.7,25.8,25.8,26.0,26.0,26.1,26.3,26.4,26.5,26.5,26.5,26.7,26.7,26.8,26.9,26.9,27.2,27.2,27.5,27.6,27.6,27.8,27.8,27.6,27.7,27.9,27.9,27.6,27.7,27.8,27.8,27.6,27.8,27.9,28.1,28.2,28.0,28.1,28.0,27.8,28.0,28.0,28.4,29.3,30.0,31.1,31.8,32.0,32.4,32.7,33.0,33.0,33.2,33.2,33.5,33.5,33.6,33.8,34.0,34.1,34.2,34.6,34.8,35.1,35.1,35.0,35.0,34.8,34.1,33.4,32.8,32.5,32.3,32.2,32.3,32.6,32.6,32.5,32.4,32.7,33.1,33.2,33.5,33.5,33.2,33.2,33.4,33.8,34.6,35.1,35.5,35.5,35.3,35.2,34.9,34.7,34.6,34.3,34.1,33.9,33.6,33.5,33.2,32.9,32.9,32.8,32.4,32.3,32.3,32.0,32.0,31.6,31.3,31.3,31.4,31.0,31.0,31.0,31.0,30.8,30.8,31.0,30.9,30.8,30.7,30.6,30.4,30.3,30.0,29.8,29.6,29.3,28.7,27.5,26.7,26.0,25.7,25.5,25.5,25.6,25.5,25.2,25.3,25.3,25.4,25.4,25.2,25.1,25.3,25.2,25.2,25.3,25.3,25.2,25.3,25.1,25.4,25.2,25.1,25.2,25.1,25.1,25.2,25.1,25.2,25.3,25.1,25.1,25.2,25.2,25.1
93,25.0,25.0,25.0,25.0,25.2,24.9,25.1,25.0,25.0,25.1,25.1,25.3,25.2,25.3,25.2,25.5,25.4,25.4,25.4,25.6,25.5,25.6,25.9,25.7,26.0,26.2,26.2,26.3,26.3,26.5,26.6,26.4,26.8,26.7,26.9,26.9,27.0,27.1,27.3,27.6,27.6,27.7,27.7,27.8,27.8,27.9,27.7,27.7,27.9,27.7,27.6,27.7,27.7,27.8,27.8,28.1,28.1,28.0,28.1,27.9,27.9,27.8,28.0,28.4,29.2,30.0,30.8,31.6,32.0,32.3,32.7,32.9,33.0,33.1,33.5,33.5,33.6,33.7,33.7,33.7,33.9,34.1,34.5,34.6,34.9,35.1,35.2,35.3,35.0,34.5,34.1,33.4,32.7,32.5,32.3,32.3,32.3,32.4,32.3,32.6,33.0,33.2,33.3,33.5,33.2,33.2,33.2,33.8,34.6,35.0,35.5,35.6,35.4,35.3,35.1,34.9,34.6,34.4,34.2,33.9,33.8,33.5,33.3,33.3,33.0,32.9,32.8,32.6,32.3,32.2,32.1,32.1,31.7,31.5,31.1,31.2,31.2,30.9,31.0,31.0,30.8,30.9,30.8,30.8,30.9,30.7,30.6,30.4,30.2,30.0,29.8,29.6,29.2,28.6,27.5,26.7,26.0,25.5,25.6,25.4,25.3,25.3,25.2,25.2,25.5,25.2,25.2,25.2,25.3,25.3,25.1,25.2,25.2,25.3,25.2,25.1,25.1,25.1,25.3,25.2,25.1,25.2,25.0,25.1,25.1,25.3,25.2,25.2,25.1,25.2,25.1,25.2
94,25.0,25.2,25.2,25.1,25.1,25.0,25.2,24.9,25.1,25.1,25.1,25.1,25.2,25.2,25.3,25.3,25.4,25.5,25.6,25.5,25.7,25.7,25.8,25.7,25.8,26.0,26.1,26.3,26.3,26.4,26.5,26.6,26.6,26.8,26.9,26.9,26.9,27.1,27.3,27.5,27.6,27.6,27.7,27.7,27.7,27.7,27.6,27.8,27.8,27.6,27.8,27.5,27.6,27.7,27.8,28.0,27.9,27.9,27.8,27.9,27.9,28.0,28.2,28.4,29.1,29.9,30.8,31.3,31.8,32.2,32.7,32.9,33.0,33.2,33.3,33.4,33.4,33.7,33.8,33.8,33.9,34.1,34.4,34.5,34.8,35.1,35.1,35.2,35.4,34.9,34.7,33.9,33.2,32.7,32.4,32.2,32.3,32.4,32.6,32.8,33.1,33.3,33.4,33.1,33.0,33.2,33.8,34.2,35.1,35.6,35.7,35.6,35.4,35.2,35.0,34.9,34.6,34.1,34.1,33.8,33.7,33.4,33.2,33.0,33.1,32.8,32.7,32.4,32.3,32.2,32.0,31.9,31.7,31.4,31.3,31.3,31.0,31.0,31.3,31.0,30.9,31.0,31.1,30.9,30.8,30.7,30.6,30.5,30.3,30.0,29.9,29.7,29.4,28.6,27.6,26.8,26.1,25.7,25.6,25.4,25.4,25.5,25.4,25.3,25.3,25.2,25.2,25.2,25.3,25.2,25.4,25.2,25.1,25.3,25.1,25.2,25.2,25.3,25.2,25.3,25.2,25.0,25.1,25.1,25.1,25.1,25.1,25.1,25.0,25.1,25.1,25.1
95,25.0,25.0,25.0,25.0,25.1,25.2,25.1,25.1,25.2,25.0,25.2,25.1,25.2,25.3,25.2,25.4,25.3,25.4,25.4,25.5,25.6,25.7,25.8,25.8,25.8,26.1,26.1,26.2,26.3,26.4,26.4,26.5,26.6,26.7,26.9,26.9,27.0,27.1,27.1,27.3,27.6,27.6,27.7,27.5,27.6,27.6,27.7,27.9,27.7,27.7,27.6,27.6,27.8,27.7,27.8,27.8,27.8,27.8,27.9,27.8,27.9,27.9,27.9,28.5,29.1,29.8,30.8,31.4,31.9,32.3,32.8,33.2,33.2,33.3,33.5,33.5,33.5,33.6,33.5,33.6,33.7,34.1,34.1,34.3,34.6,34.9,34.9,35.2,35.1,35.3,35.0,34.4,33.9,33.3,32.8,32.4,32.3,32.5,32.8,33.1,33.2,33.1,33.0,32.9,33.1,33.7,34.2,35.1,35.4,35.5,35.6,35.5,35.3,35.1,34.9,34.6,34.4,34.2,34.0,33.7,33.5,33.5,33.2,33.3,32.9,32.8,32.7,32.4,32.2,32.1,32.0,32.1,31.7,31.5,31.3,31.3,31.1,31.1,31.1,31.1,31.0,30.8,31.0,30.8,31.0,30.7,30.6,30.4,30.1,30.0,29.9,29.7,29.4,28.8,27.6,26.7,26.2,25.6,25.4,25.4,25.3,25.4,25.2,25.2,25.4,25.2,25.1,25.2,25.2,25.1,25.3,25.2,25.2,25.1,25.1,25.1,25.1,25.4,25.4,25.0,25.2,25.0,25.2,25.2,25.2,25.2,25.2,25.3,25.0,25.0,25.2,25.0
96,25.1,25.0,25.0,25.1,25.1,25.2,24.9,25.0,25.1,25.1,25.1,25.1,25.3,25.2,25.1,25.2,25.2,25.3,25.6,25.7,25.6,25.7,25.8,25.9,26.0,26.1,26.0,26.2,26.3,26.5,26.4,26.6,26.7,26.7,26.7,26.9,26.9,27.1,27.2,27.5,27.5,27.6,27.6,27.7,27.7,27.7,27.5,27.8,27.8,27.8,27.9,27.7,27.8,27.8,27.8,27.8,27.7,27.8,27.9,27.7,27.8,27.9,28.0,28.5,29.2,30.0,30.7,31.4,31.8,32.3,33.1,33.2,33.5,33.3,33.3,33.6,33.6,33.6,33.5,33.3,33.6,33.8,34.0,34.4,34.7,34.8,34.9,35.2,35.3,35.5,35.3,35.0,34.4,33.8,33.3,32.8,32.6,32.9,33.2,33.4,33.2,33.1,33.0,33.2,33.6,34.4,35.0,35.5,35.6,35.6,35.4,35.4,35.3,35.1,34.8,34.5,34.2,33.9,33.7,33.6,33.3,33.2,33.1,33.2,32.8,32.7,32.5,32.4,32.3,32.2,32.0,32.0,31.7,31.6,31.4,31.3,31.3,31.1,31.1,31.1,31.1,31.0,30.8,30.9,31.0,30.7,30.6,30.3,30.2,29.9,29.8,29.6,29.3,28.7,27.7,26.7,26.2,25.6,25.6,25.4,25.4,25.4,25.3,25.3,25.3,25.3,25.3,25.3,25.0,25.1,25.2,25.4,25.1,25.2,25.2,25.2,25.1,25.3,25.3,25.1,25.2,25.1,25.1,25.1,25.2,25.2,25.1,25.2,25.2,25.1,25.2,25.2
97,25.1,25.2,25.0,25.0,25.1,25.1,25.0,24.9,25.2,25.1,25.3,25.1,25.2,25.3,25.4,25.4,25.4,25.4,25.7,25.6,25.7,25.7,25.7,26.1,26.0,26.0,26.3,26.3,26.4,26.4,26.3,26.7,26.7,26.8,26.9,26.9,27.0,27.0,27.2,27.4,27.3,27.5,27.7,27.8,27.8,27.8,27.9,27.8,27.7,27.8,27.7,27.8,27.7,27.8,27.8,27.9,27.7,27.8,27.6,27.7,27.8,27.8,28.0,28.4,29.1,29.8,30.5,31.3,31.9,32.6,33.1,33.6,33.4,33.6,33.5,33.5,33.5,33.6,33.5,33.5,33.6,33.8,33.9,34.3,34.5,34.8,35.0,34.9,35.2,35.3,35.2,35.2,34.9,34.6,33.8,33.2,33.1,33.0,33.1,33.2,33.1,32.8,33.3,33.6,34.3,34.9,35.3,35.7,35.5,35.3,35.4,35.4,35.0,34.8,34.5,34.3,33.9,33.7,33.5,33.3,33.3,33.2,33.1,33.0,32.8,32.7,32.7,32.4,32.4,32.2,32.2,32.0,31.6,31.6,31.4,31.5,31.4,31.5,31.2,31.1,31.0,30.8,30.9,30.9,31.0,30.7,30.4,30.5,30.2,30.0,30.0,29.5,29.5,28.9,27.7,26.8,26.1,25.6,25.6,25.5,25.3,25.4,25.3,25.4,25.2,25.1,25.3,25.2,25.3,25.2,25.1,25.3,25.3,25.4,25.2,25.1,25.2,25.1,25.0,25.1,25.1,25.1,25.2,25.1,25.2,25.2,25.1,25.3,25.1,25.2,25.1,25.3
98,25.0,25.1,25.1,25.1,25.1,25.1,25.3,25.0,25.2,25.1,25.2,25.3,25.3,25.4,25.4,25.3,25.4,25.5,25.6,25.7,25.7,25.8,25.9,26.0,26.2,25.9,26.2,26.3,26.3,26.5,26.5,26.7,26.7,26.8,26.8,27.0,26.9,27.1,27.3,27.5,27.5,27.6,27.7,27.8,27.6,27.9,27.9,27.7,27.7,27.7,27.8,27.8,27.7,27.8,27.8,27.6,27.8,27.7,27.8,27.9,27.9,27.9,27.9,28.4,29.1,29.8,30.6,31.4,32.0,32.6,33.4,33.6,33.8,33.7,33.5,33.5,33.5,33.6,33.6,33.5,33.7,33.8,34.0,34.2,34.3,34.6,34.6,34.9,35.2,35.0,35.2,35.2,35.1,35.0,34.3,33.8,33.4,33.2,33.2,33.1,33.3,33.3,33.8,34.3,34.9,35.2,35.4,35.3,35.3,35.2,35.1,34.9,34.9,34.6,34.3,33.9,33.8,33.3,33.1,33.0,32.8,32.9,32.8,32.9,32.8,32.7,32.6,32.5,32.3,32.2,32.2,31.8,31.6,31.3,31.2,31.4,31.4,31.6,31.2,31.0,30.6,30.7,30.6,30.8,30.7,30.7,30.5,30.4,30.2,29.9,29.9,29.5,29.3,28.8,27.7,26.8,26.3,25.8,25.7,25.5,25.4,25.3,25.5,25.2,25.4,25.2,25.1,25.2,25.2,25.2,25.2,25.3,25.2,25.3,25.2,25.2,25.2,25.3,25.2,25.3,25.2,25.3,25.4,25.2,25.3,25.2,25.2,25.0,25.2,25.2,25.3,25.1
99,25.1,25.2,25.1,25.0,25.0,25.0,25.1,24.9,25.0,25.1,25.2,25.1,25.2,25.2,25.2,25.3,25.5,25.4,25.5,25.6,25.7,25.7,25.9,25.9,26.0,25.9,26.2,26.2,26.4,26.5,26.7,26.6,26.7,26.7,26.9,26.9,27.2,27.0,27.3,27.5,27.5,27.6,27.7,27.8,27.6,27.8,27.7,27.9,27.7,27.8,27.8,27.8,27.8,27.7,27.7,27.7,27.7,27.7,27.7,27.7,27.7,27.8,28.1,28.4,28.9,29.8,30.8,31.4,32.0,32.6,33.6,33.8,33.7,33.7,33.5,33.6,33.5,33.6,33.6,33.4,33.5,33.8,33.8,33.9,34.3,34.2,34.5,34.7,34.9,34.9,35.1,35.0,35.2,35.3,34.9,34.2,33.8,33.5,33.0,33.0,33.2,33.7,34.2,34.7,35.0,35.3,35.2,35.2,35.2,35.0,35.0,34.9,34.5,34.3,33.9,33.6,33.3,32.8,32.3,32.2,32.3,32.5,32.7,32.7,32.6,32.5,32.6,32.4,32.2,32.1,32.0,31.8,31.5,31.4,31.1,31.4,31.5,31.3,31.2,30.6,30.3,30.3,30.4,30.6,30.8,30.5,30.4,30.4,30.3,30.0,29.9,29.6,29.4,28.9,27.6,26.8,26.2,25.7,25.6,25.6,25.4,25.4,25.4,25.3,25.4,25.2,25.4,25.4,25.2,25.2,25.1,25.3,25.3,25.3,25.2,25.1,25.3,25.3,25.2,25.2,25.1,25.1,25.2,24.9,25.1,25.1,25.3,25.3,25.2,25.1,25.1,25.0
100,25.1,25.1,25.2,25.2,25.1,25.2,25.1,25.1,25.1,25.1,25.2,25.1,25.3,25.2,25.4,25.3,25.4,25.6,25.4,25.7,25.6,25.9,25.7,25.9,26.0,26.0,26.1,26.4,26.3,26.4,26.5,26.7,26.9,26.9,26.8,26.7,27.0,27.1,27.3,27.4,27.7,27.6,27.7,27.8,27.9,28.0,27.8,27.6,27.7,27.8,27.9,27.9,27.7,27.7,27.8,27.8,27.7,27.6,27.7,27.8,27.8,27.9,28.0,28.4,29.2,29.7,30.7,31.4,32.0,32.6,33.5,33.8,33.7,33.5,33.6,33.5,33.5,33.5,33.5,33.6,33.6,33.8,33.8,34.1,34.0,34.3,34.4,34.5,34.6,34.7,34.9,34.9,35.0,34.9,35.0,34.8,34.3,33.7,33.5,33.4,33.8,34.0,34.7,35.0,35.1,35.1,35.2,35.2,35.1,35.0,34.8,34.7,34.4,34.1,33.8,33.5,33.1,32.3,31.7,31.7,31.8,32.0,32.3,32.6,32.6,32.5,32.5,32.4,32.3,32.2,32.0,31.9,31.7,31.5,31.2,31.6,31.4,31.6,31.2,30.8,30.2,30.2,30.6,30.7,30.7,30.6,30.4,30.2,30.2,30.0,29.9,29.6,29.3,28.8,27.8,26.9,26.2,25.9,25.4,25.6,25.4,25.4,25.3,25.4,25.3,25.4,25.3,25.1,25.1,25.3,25.2,25.2,25.1,25.3,25.2,25.2,25.1,25.2,25.0,25.1,25.2,25.2,25.1,25.2,25.1,25.2,25.2,25.2,25.0,25.1,25.1,25.1
101,25.2,25.0,25.1,25.0,25.1,25.0,25.3,24.9,25.3,25.1,25.2,25.3,25.2,25.4,25.2,25.5,25.4,25.5,25.4,25.6,25.6,25.9,25.9,25.8,26.0,26.0,25.9,26.4,26.4,26.5,26.6,26.6,26.9,26.7,26.9,27.0,27.1,27.2,27.4,27.4,27.6,27.7,27.8,27.8,27.7,27.9,27.7,27.6,27.8,27.8,27.8,27.7,27.9,27.9,27.8,27.8,27.7,27.7,27.7,27.8,27.7,28.0,27.9,28.4,29.1,29.9,30.8,31.4,31.9,32.7,33.5,33.9,33.8,33.7,33.5,33.5,33.4,33.6,33.6,33.6,33.6,33.8,33.8,34.0,34.0,34.1,34.1,34.2,34.5,34.4,34.6,34.8,34.7,34.9,35.0,34.9,34.8,34.4,34.0,34.0,34.2,34.5,34.9,35.0,35.1,35.2,35.0,34.9,34.9,34.7,34.6,34.4,34.0,33.9,33.5,33.2,32.6,31.8,31.0,30.9,31.1,31.7,32.1,32.4,32.3,32.4,32.3,32.2,32.2,32.0,32.0,31.9,31.8,31.8,31.6,31.6,31.5,31.6,31.2,30.8,30.6,30.6,30.8,30.8,31.0,30.7,30.5,30.5,30.1,29.9,29.8,29.5,29.4,28.9,27.9,26.9,26.3,25.8,25.6,25.4,25.4,25.3,25.4,25.4,25.4,25.3,25.3,25.4,25.2,25.3,25.2,25.2,25.2,25.3,25.3,25.3,25.2,25.1,25.1,25.2,25.3,25.2,25.1,25.1,25.3,25.0,25.1,25.1,25.3,25.1,25.3,25.2
102,25.2,25.1,25.1,25.1,25.0,25.1,25.1,25.1,25.1,25.1,25.1,25.1,25.4,25.4,25.4,25.2,25.5,25.5,25.6,25.7,25.7,25.7,25.7,26.0,26.1,26.2,26.2,26.3,26.4,26.6,26.6,26.7,26.7,26.8,26.9,27.0,27.1,27.1,27.4,27.5,27.6,27.6,27.7,27.6,27.6,27.7,27.8,27.8,27.9,27.7,27.7,27.8,27.7,27.8,27.8,28.0,27.7,27.8,27.8,27.8,27.9,27.8,28.0,28.4,29.2,30.0,30.7,31.3,32.0,32.5,33.3,33.6,33.8,33.6,33.5,33.4,33.5,33.5,33.7,33.6,33.6,33.7,33.7,33.9,33.9,34.0,34.1,34.2,34.3,34.0,34.3,34.5,34.6,34.7,34.9,35.0,34.9,34.8,34.6,34.7,34.7,34.9,34.9,34.9,34.9,34.9,34.9,34.9,34.6,34.5,34.3,34.2,33.9,33.8,33.5,33.0,32.4,31.6,30.9,30.7,30.9,31.7,32.0,32.4,32.3,32.2,32.3,32.3,32.2,32.1,32.0,31.9,31.9,31.7,31.6,31.7,31.5,31.6,31.4,31.1,31.0,30.8,30.9,30.9,31.0,30.6,30.4,30.4,30.2,30.0,29.9,29.6,29.3,28.9,27.9,26.9,26.3,25.7,25.5,25.4,25.4,25.4,25.3,25.1,25.4,25.1,25.2,25.2,25.0,25.2,25.1,25.4,25.1,25.2,25.2,25.2,25.1,25.0,25.1,25.2,25.3,25.2,25.2,25.1,25.3,25.2,25.2,25.2,25.1,25.1,25.1,25.2
103,25.0,25.1,25.2,25.1,25.1,25.1,25.2,24.9,25.1,25.2,25.4,25.3,25.0,25.3,25.4,25.2,25.3,25.5,25.6,25.6,25.7,25.7,25.8,25.8,26.0,26.0,26.2,26.1,26.2,26.3,26.6,26.6,26.5,26.7,26.7,26.8,27.1,27.1,27.2,27.5,27.6,27.5,27.6,27.5,27.8,27.6,27.8,27.7,27.7,27.6,27.8,27.6,27.6,27.8,27.8,27.9,27.8,27.9,27.8,27.8,28.0,27.8,28.1,28.4,29.2,29.8,30.6,31.4,31.9,32.5,33.1,33.6,33.8,33.6,33.4,33.4,33.4,33.3,33.5,33.4,33.6,33.6,33.5,33.8,33.9,33.8,33.8,33.9,34.0,34.1,34.1,34.2,34.5,34.4,34.7,34.9,34.9,34.8,34.9,34.8,34.8,34.9,34.9,34.8,34.6,34.7,34.6,34.5,34.4,34.3,34.0,33.9,33.7,33.6,33.5,33.0,32.6,31.7,31.1,31.1,31.1,31.8,32.2,32.4,32.3,32.3,32.2,32.2,32.1,32.1,32.1,31.8,31.8,31.7,31.4,31.4,31.5,31.3,31.5,31.5,31.3,31.3,31.2,31.1,31.0,30.6,30.5,30.4,30.2,29.9,29.9,29.8,29.5,28.8,27.9,26.9,26.2,25.8,25.6,25.5,25.4,25.4,25.3,25.3,25.4,25.1,25.1,25.4,25.1,25.3,25.1,25.2,25.3,25.1,25.2,25.2,25.1,25.1,25.2,25.1,25.1,25.2,25.1,25.1,25.1,25.1,25.1,25.1,25.2,25.1,25.1,24.9
104,25.1,25.1,25.1,25.1,25.1,25.0,25.1,25.1,25.2,25.2,25.1,25.1,25.2,25.3,25.4,25.3,25.6,25.4,25.5,25.6,25.6,25.7,25.9,25.9,25.9,26.0,26.1,26.2,26.2,26.4,26.6,26.6,26.7,26.7,26.9,26.9,27.0,27.3,27.1,27.5,27.6,27.6,27.7,27.6,27.8,27.7,27.7,27.9,27.7,27.9,27.7,27.6,27.9,27.7,27.8,27.7,27.9,27.7,27.8,27.9,28.0,27.8,28.0,28.5,29.2,30.0,30.7,31.3,31.8,32.5,33.2,33.5,33.7,33.5,33.3,33.3,33.3,33.4,33.5,33.3,33.5,33.7,33.7,33.7,33.8,33.7,33.7,33.8,33.8,33.9,34.0,33.9,34.3,34.3,34.6,34.7,34.8,34.7,34.9,34.8,34.9,34.6,34.7,34.7,34.8,34.5,34.6,34.4,34.3,34.1,34.0,33.9,33.6,33.4,33.3,32.9,32.8,32.1,31.8,31.7,31.9,32.3,32.3,32.5,32.4,32.3,32.3,32.3,32.0,31.9,31.9,31.9,31.7,31.7,31.6,31.5,31.5,31.6,31.7,31.6,31.6,31.4,31.3,31.3,31.0,30.6,30.5,30.2,30.0,30.1,30.0,29.7,29.4,29.0,27.8,26.9,26.4,26.0,25.6,25.6,25.3,25.3,25.2,25.4,25.4,25.1,25.2,25.2,25.2,25.3,25.1,25.3,25.4,25.3,25.1,25.0,25.2,25.0,25.1,25.2,25.1,25.0,25.3,25.1,25.1,25.1,25.2,25.3,25.0,25.1,25.1,25.0
105,25.0,25.1,25.0,25.1,25.3,25.1,25.2,25.1,25.0,25.1,25.1,25.2,25.3,25.4,25.4,25.5,25.6,25.4,25.5,25.8,25.7,25.9,25.8,26.1,26.1,26.2,26.1,26.3,26.4,26.5,26.4,26.6,26.7,26.7,26.8,27.0,27.2,27.2,27.4,27.5,27.7,27.6,27.6,27.7,27.8,27.8,27.8,27.8,27.6,27.6,27.8,27.6,27.7,27.7,27.9,28.1,28.1,27.9,28.0,27.7,27.9,28.0,28.1,28.6,29.1,30.0,30.6,31.3,31.9,32.5,33.2,33.6,33.7,33.5,33.3,33.2,33.4,33.3,33.4,33.3,33.5,33.5,33.4,33.5,33.7,33.6,33.6,33.5,33.8,33.8,33.9,33.9,34.0,34.1,34.4,34.5,34.6,34.6,34.8,34.6,34.8,34.7,34.7,34.7,34.6,34.6,34.4,34.5,33.9,34.1,33.8,33.7,33.6,33.3,33.2,33.0,32.8,32.5,32.4,32.3,32.3,32.6,32.5,32.5,32.5,32.4,32.2,32.0,32.0,32.0,32.0,31.8,31.8,31.8,31.6,31.7,31.6,31.7,31.6,31.5,31.5,31.4,31.3,31.2,31.1,30.6,30.4,30.3,30.2,30.0,29.9,29.6,29.6,29.0,27.8,27.1,26.2,25.9,25.6,25.4,25.4,25.3,25.4,25.4,25.4,25.4,25.3,25.3,25.2,25.2,25.1,25.3,25.1,25.2,25.2,25.1,25.2,25.1,25.2,25.3,25.2,25.1,25.2,25.2,25.1,25.2,25.3,25.1,25.1,25.4,25.1,25.1
106,25.1,25.1,25.1,25.2,25.1,25.1,25.1,25.1,25.2,25.2,25.0,25.1,25.4,25.4,25.4,25.4,25.4,25.5,25.5,25.5,25.7,25.7,25.7,25.9,26.0,26.1,26.1,26.2,26.3,26.5,26.5,26.7,26.7,26.8,27.0,27.0,27.1,27.1,27.3,27.5,27.6,27.6,27.8,27.7,27.8,27.9,27.7,27.8,27.5,27.6,27.5,27.6,27.6,27.7,27.9,27.9,28.0,28.0,28.0,27.8,27.8,27.8,28.2,28.5,29.2,29.9,30.8,31.3,31.7,32.3,33.1,33.5,33.6,33.4,33.5,33.2,33.0,33.2,33.3,33.3,33.2,33.4,33.5,33.5,33.5,33.5,33.5,33.5,33.6,33.6,33.8,33.8,33.9,33.9,34.2,34.3,34.5,34.5,34.6,34.4,34.5,34.5,34.5,34.5,34.4,34.2,34.1,34.2,34.0,33.8,33.8,33.6,33.3,33.3,33.2,32.8,32.9,32.8,32.6,32.7,32.5,32.6,32.4,32.5,32.5,32.2,32.3,32.3,32.2,31.9,31.8,31.7,31.7,31.6,31.5,31.7,31.5,31.5,31.5,31.5,31.3,31.5,31.4,31.1,30.9,30.4,30.2,30.3,29.9,29.7,29.8,29.6,29.3,29.0,27.8,27.0,26.3,25.8,25.6,25.4,25.5,25.4,25.3,25.2,25.5,25.3,25.3,25.1,25.1,25.1,25.2,25.2,25.2,25.1,25.3,25.2,25.1,25.1,25.1,25.1,25.2,25.2,25.0,25.2,25.1,25.1,25.1,25.0,25.1,25.2,25.1,25.2
107,25.1,25.1,25.1,25.1,25.0,25.0,25.2,25.0,25.1,25.2,25.3,25.2,25.1,25.3,25.3,25.3,25.4,25.5,25.6,25.7,25.8,25.9,25.8,26.0,25.7,26.0,26.1,26.2,26.5,26.4,26.6,26.7,26.7,26.7,26.9,27.0,27.1,27.0,27.3,27.5,27.3,27.7,27.6,27.5,27.6,27.6,27.8,27.7,27.6,27.5,27.6,27.4,27.4,27.4,27.6,27.7,27.7,27.8,27.8,27.8,27.8,27.7,28.0,28.4,29.1,29.9,30.6,31.1,31.8,32.2,32.9,33.1,33.4,33.2,33.2,33.1,33.1,33.1,32.9,33.2,33.2,33.3,33.3,33.3,33.3,33.4,33.3,33.5,33.6,33.7,33.6,33.7,33.8,33.9,34.0,34.2,34.3,34.3,34.3,34.4,34.3,34.4,34.4,34.3,34.3,34.1,33.9,33.8,33.8,33.6,33.5,33.4,33.3,33.2,33.0,32.8,32.8,32.7,32.7,32.6,32.7,32.6,32.5,32.3,32.2,32.5,32.2,32.2,32.0,31.8,31.9,31.8,31.9,31.6,31.6,31.5,31.5,31.4,31.3,31.3,31.2,31.2,31.3,31.0,30.8,30.4,30.4,30.2,30.1,29.6,29.6,29.6,29.4,29.1,27.8,27.1,26.3,25.7,25.7,25.4,25.5,25.4,25.4,25.2,25.4,25.4,25.2,25.3,25.1,25.2,25.2,25.2,25.1,25.1,25.2,25.2,25.1,25.3,25.0,25.2,25.3,25.2,25.2,25.2,25.2,25.1,25.1,25.1,25.2,25.1,25.1,25.1
108,25.0,25.1,25.3,25.1,25.2,25.3,25.1,25.2,25.2,25.1,25.1,25.3,25.3,25.2,25.4,25.4,25.5,25.5,25.7,25.6,25.6,25.8,25.9,25.9,26.0,26.1,26.3,26.3,26.4,26.5,26.6,26.7,26.9,26.9,27.0,27.1,27.3,27.1,27.3,27.5,27.7,27.7,27.8,27.8,27.7,27.6,27.7,27.6,27.7,27.6,27.7,27.4,27.5,27.3,27.2,27.2,27.1,27.1,27.5,27.6,27.7,27.8,28.0,28.3,28.9,29.4,30.5,31.1,31.8,32.2,32.8,33.1,33.4,33.2,33.2,33.0,32.9,33.1,33.1,33.2,33.2,33.2,33.2,33.2,33.3,33.4,33.4,33.6,33.5,33.5,33.6,33.6,33.6,33.8,34.0,33.9,34.0,34.1,34.3,34.4,34.3,34.3,34.3,34.2,34.1,34.0,33.8,33.9,33.6,33.5,33.3,33.3,33.1,33.0,33.0,32.8,32.9,32.7,32.7,32.6,32.5,32.6,32.5,32.5,32.4,32.2,32.2,32.1,32.0,31.9,31.9,31.7,31.7,31.8,31.5,31.6,31.3,31.1,31.2,31.1,31.1,31.1,31.0,31.0,30.8,30.6,30.3,30.3,30.2,29.8,29.7,29.6,29.3,29.0,27.8,27.0,26.4,25.8,25.4,25.4,25.2,25.4,25.3,25.1,25.3,25.3,25.3,25.3,25.1,25.3,25.3,25.1,25.3,25.0,25.1,25.1,25.3,25.1,25.1,25.1,25.3,25.2,25.1,25.1,25.1,25.0,25.1,25.2,25.1,25.1,25.1,25.1
109,25.3,25.3,25.2,25.0,25.3,25.2,25.2,25.1,25.1,25.4,25.4,25.3,25.3,25.4,25.4,25.5,25.6,25.5,25.7,25.7,25.8,25.9,25.9,25.8,26.1,26.0,26.1,26.3,26.3,26.5,26.4,26.7,26.7,26.8,26.9,27.0,27.0,27.1,27.4,27.3,27.6,27.5,27.7,27.7,27.6,27.6,27.7,27.6,27.6,27.6,27.3,27.2,27.1,26.7,26.7,26.5,26.5,26.7,26.9,27.2,27.7,28.0,28.0,28.2,28.5,29.2,30.0,31.0,31.6,32.0,32.7,32.9,33.1,32.9,33.0,32.9,32.9,33.0,32.9,32.9,32.9,33.0,33.2,33.2,33.2,33.3,33.3,33.6,33.4,33.3,33.6,33.6,33.6,33.6,33.8,33.6,34.0,34.0,34.0,34.1,34.1,34.1,34.0,33.9,33.9,33.6,33.5,33.5,33.6,33.4,33.3,33.2,33.0,33.0,33.0,32.8,32.7,32.5,32.6,32.4,32.5,32.4,32.5,32.4,32.3,32.3,32.2,32.2,32.0,31.8,31.8,31.8,31.8,31.6,31.6,31.5,31.1,31.0,30.9,30.8,31.0,30.9,30.8,31.0,30.7,30.4,30.2,30.1,30.1,29.8,29.7,29.6,29.3,29.1,27.7,27.0,26.2,25.7,25.6,25.6,25.3,25.4,25.1,25.5,25.3,25.2,25.4,25.4,25.2,25.1,25.2,25.1,25.1,25.3,25.2,25.3,25.1,25.3,25.3,25.1,25.2,25.2,25.2,25.1,25.3,25.1,25.2,25.1,25.2,25.1,25.3,25.1
110,25.2,25.3,25.2,25.3,25.2,25.1,25.0,25.3,25.2,25.3,25.3,25.3,25.2,25.4,25.4,25.4,25.6,25.6,25.5,25.7,25.7,25.8,25.9,26.0,25.8,25.9,26.0,26.2,26.2,26.5,26.5,26.6,26.8,26.9,26.9,26.9,27.1,27.1,27.3,27.4,27.6,27.5,27.7,27.8,27.7,27.5,27.5,27.4,27.4,27.4,27.2,27.1,26.7,26.5,26.2,26.0,26.1,26.5,26.6,27.1,27.7,28.2,28.2,28.1,28.4,29.0,29.4,30.5,31.6,32.0,32.4,32.8,32.8,32.7,32.8,32.8,32.8,32.8,32.7,32.9,32.9,33.0,33.0,33.2,33.3,33.3,33.3,33.4,33.4,33.5,33.5,33.6,33.5,33.5,33.7,33.6,33.8,33.9,33.9,33.9,33.9,34.0,33.9,33.8,33.8,33.8,33.6,33.5,33.5,33.3,33.2,33.0,32.9,32.9,32.9,33.0,32.6,32.7,32.5,32.5,32.5,32.5,32.5,32.4,32.3,32.3,32.0,32.0,32.0,32.0,31.8,31.7,31.7,31.7,31.4,31.2,30.8,31.0,30.8,30.4,30.9,30.8,30.7,30.8,30.8,30.4,30.3,30.2,30.0,29.8,29.8,29.5,29.4,29.0,28.1,27.1,26.3,25.9,25.6,25.4,25.5,25.4,25.4,25.3,25.3,25.2,25.3,25.3,25.1,25.2,25.1,25.4,25.3,25.3,25.3,25.2,25.1,25.2,25.5,25.3,25.0,25.2,25.1,25.1,25.1,25.2,25.1,25.1,25.2,25.2,25.1,25.3
111,25.2,25.2,25.2,25.1,25.3,25.2,25.2,25.3,25.2,25.3,25.3,25.2,25.4,25.4,25.4,25.4,25.5,25.6,25.5,25.7,25.6,25.6,25.8,25.9,26.1,25.9,26.1,26.4,26.4,26.6,26.4,26.6,26.7,26.7,26.9,26.9,27.0,27.1,27.2,27.3,27.5,27.5,27.7,27.8,27.6,27.7,27.6,27.5,27.3,27.2,27.2,26.9,26.7,26.6,26.4,26.7,26.6,26.6,27.0,27.5,27.9,28.6,28.6,28.2,28.5,28.7,29.2,30.4,31.5,32.0,32.4,32.5,32.5,32.7,32.6,32.5,32.5,32.5,32.4,32.6,32.8,32.9,33.0,33.1,33.1,33.2,33.2,33.3,33.5,33.3,33.4,33.4,33.5,33.5,33.5,33.6,33.6,33.7,33.8,33.8,33.9,33.7,33.7,33.6,33.7,33.5,33.5,33.4,33.5,33.1,32.9,32.9,32.9,32.8,32.9,32.7,32.7,32.6,32.7,32.5,32.4,32.5,32.4,32.3,32.1,32.2,32.0,31.9,31.9,31.9,31.7,31.7,31.7,31.6,31.5,31.3,31.0,30.9,30.9,30.6,30.7,30.6,30.5,30.8,30.5,30.3,30.2,30.2,30.1,29.7,29.8,29.5,29.4,28.9,27.8,27.0,26.4,25.8,25.5,25.5,25.3,25.4,25.3,25.3,25.4,25.2,25.3,25.4,25.2,25.1,25.2,25.1,25.1,25.2,25.0,25.2,25.3,25.1,25.2,25.1,25.2,25.2,25.1,25.2,25.1,25.1,25.2,25.1,25.1,25.2,25.1,25.2
112,25.1,25.2,25.2,25.2,25.2,25.1,25.2,25.3,25.3,25.1,25.4,25.3,25.2,25.3,25.5,25.6,25.4,25.5,25.6,25.7,25.6,25.9,25.6,25.8,26.0,26.0,26.0,26.1,26.4,26.4,26.4,26.6,26.7,26.6,26.7,27.0,26.9,27.1,27.4,27.5,27.6,27.6,27.5,27.6,27.5,27.6,27.5,27.6,27.4,27.5,27.6,27.7,27.7,27.6,27.7,27.4,27.6,27.6,27.8,28.3,28.4,29.2,29.1,28.7,28.9,29.0,29.5,30.4,31.6,32.0,32.4,32.3,32.4,32.4,32.1,32.2,31.8,31.9,31.9,32.0,32.3,32.5,32.8,33.0,33.0,33.2,33.2,33.2,33.6,33.2,33.3,33.3,33.3,33.2,33.3,33.5,33.5,33.6,33.6,33.6,33.6,33.5,33.5,33.4,33.3,33.3,33.4,33.3,33.2,33.0,32.9,32.9,32.8,32.8,32.8,32.6,32.7,32.7,32.6,32.6,32.4,32.3,32.3,32.3,32.2,32.2,32.1,31.9,31.8,31.8,31.8,31.6,31.6,31.5,31.5,31.2,31.1,31.0,30.8,30.8,30.8,30.6,30.6,30.6,30.6,30.3,30.2,30.2,30.0,29.8,29.8,29.7,29.3,29.0,27.9,27.1,26.4,25.9,25.7,25.5,25.4,25.2,25.3,25.3,25.3,25.2,25.4,25.2,25.1,25.1,25.2,25.1,25.1,25.2,25.1,25.1,25.1,25.1,25.2,25.2,25.0,25.2,25.1,25.2,25.1,25.1,25.2,25.1,25.0,25.2,25.1,25.1
113,25.2,25.3,25.2,25.3,25.2,25.2,25.3,25.3,25.3,25.4,25.4,25.4,25.5,25.6,25.5,25.4,25.5,25.4,25.7,25.7,25.7,25.7,25.7,25.7,25.9,26.1,26.1,26.2,26.2,26.4,26.6,26.6,26.6,26.7,27.1,26.9,27.1,27.0,27.2,27.6,27.4,27.3,27.3,27.4,27.3,27.5,27.4,27.5,27.8,28.0,28.5,28.7,29.0,28.8,28.9,28.8,28.9,29.0,29.2,29.4,29.6,29.6,29.7,29.5,29.6,29.6,30.2,30.8,31.6,31.9,32.3,32.3,32.3,32.0,31.6,31.2,30.7,30.5,30.5,30.9,31.2,31.8,32.4,32.7,32.8,33.0,33.0,33.0,33.2,33.1,33.2,33.2,33.2,33.2,33.3,33.2,33.3,33.4,33.6,33.4,33.5,33.3,33.4,33.4,33.4,33.3,33.4,33.1,33.1,33.1,33.0,33.0,32.8,32.7,32.8,32.7,32.6,32.6,32.5,32.6,32.5,32.4,32.4,32.4,32.2,32.1,31.9,32.0,31.9,31.8,31.8,31.6,31.7,31.5,31.4,31.2,31.2,31.0,31.1,30.6,30.6,30.4,30.3,30.2,30.4,30.2,30.2,30.0,30.0,29.7,29.7,29.5,29.5,29.0,27.9,27.1,26.3,26.0,25.7,25.5,25.6,25.4,25.3,25.2,25.4,25.4,25.4,25.4,25.1,25.2,25.1,25.2,25.2,25.3,25.2,25.1,25.3,25.1,25.2,25.2,25.3,25.1,25.1,25.2,25.3,25.2,25.1,25.3,25.1,25.1,25.0,25.1
114,25.1,25.0,25.2,25.1,25.3,25.3,25.1,25.2,25.3,25.3,25.4,25.2,25.4,25.6,25.5,25.5,25.6,25.5,25.7,25.7,25.7,25.9,25.8,25.9,26.0,25.9,26.0,26.2,26.2,26.3,26.3,26.4,26.7,26.7,26.7,26.9,27.1,26.9,27.1,27.1,27.4,27.3,27.3,27.1,27.1,27.4,27.4,27.6,28.0,28.5,29.0,29.8,30.0,29.9,30.1,30.1,30.0,30.1,30.4,30.2,30.4,30.2,30.2,30.3,30.1,30.2,30.7,31.3,31.8,32.0,32.0,32.2,31.8,31.5,30.6,30.2,29.6,29.1,29.1,29.4,29.8,30.8,31.8,32.3,32.7,32.8,32.8,32.9,33.0,33.0,33.0,33.0,33.0,33.1,33.2,33.1,33.1,33.2,33.1,33.2,33.1,33.1,33.3,33.1,33.2,33.3,33.0,33.1,32.9,32.8,32.8,32.9,32.7,32.8,32.8,32.6,32.6,32.4,32.6,32.4,32.4,32.2,32.2,32.3,32.2,32.0,31.8,31.9,31.7,31.8,31.8,31.6,31.6,31.5,31.4,31.3,31.0,30.9,30.6,30.6,30.2,30.0,30.0,29.8,29.9,29.9,29.9,30.1,29.8,29.8,29.6,29.6,29.4,28.9,27.9,27.0,26.2,25.8,25.6,25.5,25.2,25.4,25.2,25.3,25.4,25.3,25.3,25.3,25.1,25.4,25.1,25.3,25.1,25.2,25.1,25.1,25.1,25.2,25.2,25.1,25.2,25.1,25.2,25.1,25.0,25.1,25.1,25.2,25.0,25.1,25.1,25.1
115,25.3,25.3,25.1,25.3,25.2,25.1,25.4,25.4,25.3,25.3,25.4,25.4,25.4,25.4,25.6,25.5,25.7,25.5,25.5,25.8,25.8,25.7,25.7,25.9,25.7,26.0,26.0,26.1,26.2,26.3,26.5,26.4,26.7,26.7,26.9,26.9,26.9,27.1,27.2,27.4,27.3,27.1,27.1,27.1,27.2,27.3,27.3,27.7,28.3,28.8,29.5,30.6,30.7,30.6,30.9,30.9,30.8,31.0,31.1,31.1,31.1,31.0,31.1,31.0,31.0,31.0,31.2,31.5,31.8,31.9,32.0,32.1,31.7,30.9,29.9,29.2,28.3,28.0,28.0,28.2,29.0,29.5,30.6,31.8,32.4,32.8,32.7,32.8,33.0,32.9,33.0,32.9,32.9,32.9,32.8,32.9,33.0,33.1,33.0,33.2,33.1,33.0,33.1,33.2,33.1,33.1,33.0,33.0,33.1,33.0,32.9,32.8,32.7,32.7,32.7,32.7,32.7,32.6,32.4,32.4,32.3,32.3,32.1,32.1,32.1,32.0,31.9,31.9,31.7,31.6,31.6,31.5,31.6,31.4,31.5,31.3,30.9,30.7,30.5,30.4,30.1,29.9,29.9,29.8,30.0,29.9,30.0,30.0,30.0,29.8,29.7,29.6,29.4,29.1,28.0,27.2,26.4,26.0,25.6,25.6,25.4,25.4,25.3,25.4,25.4,25.1,25.4,25.4,25.3,25.3,25.3,25.4,25.3,25.2,25.1,25.3,25.2,25.3,25.3,25.2,25.2,25.2,25.1,25.1,25.2,25.1,25.1,25.1,25.0,25.1,25.2,25.1
116,25.1,25.2,25.1,25.2,25.4,25.2,25.3,25.3,25.3,25.3,25.2,25.2,25.4,25.4,25.4,25.4,25.6,25.4,25.7,25.9,25.7,25.9,25.7,25.7,26.0,25.9,26.0,26.2,26.2,26.4,26.3,26.5,26.7,26.5,26.8,26.8,26.9,27.1,27.1,27.1,27.0,27.1,27.1,27.2,27.0,27.1,27.3,27.5,28.2,28.9,29.9,30.6,30.9,31.1,31.2,31.2,31.2,31.2,31.3,31.3,31.3,31.3,31.3,31.3,31.3,31.4,31.5,31.7,31.8,32.0,32.0,31.8,31.2,30.4,29.3,28.3,27.7,27.7,27.6,27.8,28.0,28.9,29.9,31.2,32.2,32.7,32.8,32.7,32.8,32.8,32.7,32.8,32.8,32.6,32.9,32.8,32.9,32.8,32.8,32.8,32.9,32.9,33.1,33.0,33.0,32.9,32.8,32.8,32.9,32.8,32.8,32.7,32.5,32.7,32.7,32.5,32.5,32.4,32.4,32.4,32.3,32.2,32.2,32.1,32.1,31.9,31.9,31.8,31.7,31.7,31.6,31.5,31.4,31.3,31.4,31.2,31.0,30.8,30.5,30.3,30.4,30.0,29.8,29.8,29.9,30.0,30.1,30.0,29.8,29.8,29.6,29.5,29.3,28.9,28.1,27.1,26.4,25.8,25.7,25.4,25.5,25.5,25.3,25.3,25.3,25.1,25.4,25.2,25.1,25.3,25.2,25.2,25.1,25.2,25.1,25.2,25.2,25.2,25.1,25.3,25.0,25.3,25.0,25.1,25.3,25.2,25.1,25.3,25.1,25.2,25.0,25.1
117,25.3,25.3,25.4,25.5,25.3,25.3,25.3,25.1,25.4,25.4,25.4,25.2,25.3,25.4,25.4,25.5,25.5,25.7,25.6,25.6,25.7,25.8,25.9,25.9,26.0,26.0,26.1,26.1,26.1,26.2,26.4,26.4,26.6,26.7,26.7,27.0,26.9,26.9,27.0,27.1,27.2,27.1,27.0,27.1,27.0,27.3,27.3,27.5,27.9,29.0,29.9,30.7,31.2,31.2,31.2,31.3,31.4,31.4,31.4,31.4,31.5,31.4,31.5,31.5,31.4,31.3,31.5,31.7,31.9,31.9,32.0,31.7,30.8,30.0,28.9,27.8,27.7,27.9,27.9,27.9,27.7,28.3,29.3,30.6,31.9,32.4,32.7,32.6,32.5,32.7,32.7,32.8,32.6,32.7,32.7,32.7,32.5,32.5,32.5,32.6,32.6,32.9,32.8,32.8,32.7,32.8,32.8,32.7,32.6,32.6,32.5,32.6,32.5,32.3,32.3,32.2,32.4,32.3,32.2,32.1,31.9,32.0,31.9,32.0,31.8,31.7,31.8,31.8,31.6,31.6,31.4,31.4,31.5,31.3,31.2,31.1,30.8,30.7,30.4,30.4,30.4,30.1,30.1,30.0,29.9,29.9,29.8,29.9,29.9,29.6,29.5,29.4,29.4,29.0,28.0,27.1,26.5,25.9,25.8,25.6,25.4,25.3,25.4,25.2,25.4,25.2,25.2,25.3,25.1,25.1,25.2,25.4,25.2,25.2,25.3,25.2,25.2,25.1,25.2,25.1,25.2,25.3,25.1,25.3,25.3,25.2,25.2,25.1,25.0,25.2,25.1,25.2
118,25.1,25.3,25.1,25.3,25.4,25.4,25.2,25.3,25.4,25.2,25.4,25.3,25.3,25.3,25.4,25.4,25.4,25.6,25.5,25.6,25.7,25.7,25.8,25.8,26.0,26.0,25.9,26.2,26.1,26.4,26.4,26.5,26.6,26.7,26.7,26.9,26.9,26.9,26.9,26.9,26.9,27.1,26.9,27.1,27.2,27.1,27.3,27.5,28.1,29.0,29.9,30.8,31.2,31.2,31.1,31.2,31.1,31.3,31.4,31.5,31.4,31.4,31.4,31.5,31.4,31.5,31.5,31.6,31.6,31.8,31.7,31.4,30.6,29.5,28.5,27.7,27.8,28.2,28.0,27.7,27.6,28.1,29.1,30.4,31.8,32.3,32.5,32.5,32.6,32.7,32.6,32.4,32.3,32.2,32.3,32.3,32.2,32.0,32.2,32.3,32.4,32.5,32.6,32.6,32.5,32.5,32.3,32.2,32.2,32.3,32.0,32.1,32.1,32.1,32.2,32.0,31.9,31.8,31.8,31.7,31.6,31.8,31.6,31.6,31.5,31.6,31.6,31.6,31.6,31.5,31.5,31.4,31.2,31.1,31.1,30.9,30.5,30.6,30.5,30.3,30.5,30.4,30.1,30.1,30.0,29.8,29.8,29.8,29.7,29.7,29.4,29.3,29.1,28.6,27.8,27.1,26.4,25.9,25.5,25.5,25.4,25.3,25.2,25.2,25.4,25.2,25.3,25.3,25.1,25.2,25.1,25.1,25.1,25.2,25.0,25.2,25.0,25.0,25.0,25.0,25.1,25.0,25.1,25.0,25.2,25.1,25.1,25.1,25.0,24.9,25.1,25.1
119,25.3,25.3,25.4,25.2,25.6,25.5,25.4,25.5,25.5,25.4,25.5,25.4,25.5,25.5,25.6,25.5,25.6,25.5,25.7,25.9,25.9,25.9,25.9,26.1,26.0,26.1,26.1,26.1,26.2,26.4,26.4,26.4,26.6,26.7,26.8,26.9,26.9,26.9,27.0,26.9,27.0,26.9,27.0,27.1,27.1,27.2,27.4,27.7,28.2,29.1,29.8,30.8,31.1,31.0,31.1,31.1,31.0,30.9,31.0,31.1,31.1,31.1,31.0,31.2,31.3,31.3,31.1,31.2,31.5,31.4,31.6,31.1,30.4,29.6,28.4,27.8,27.9,28.1,28.0,27.9,27.7,28.2,29.2,30.5,31.9,32.4,32.5,32.6,32.5,32.4,32.4,32.3,32.2,31.9,32.0,32.0,31.8,31.8,31.9,32.1,32.3,32.5,32.7,32.6,32.4,32.4,32.2,32.0,32.2,31.9,31.8,31.9,31.9,31.9,31.9,31.6,31.9,31.8,31.7,31.3,31.6,31.3,31.3,31.5,31.3,31.6,31.5,31.6,31.5,31.6,31.4,31.4,31.3,30.9,30.9,30.8,30.7,30.6,30.6,30.4,30.5,30.4,30.2,30.0,30.0,29.9,29.9,29.8,29.8,29.6,29.4,29.3,29.0,28.8,28.0,26.9,26.3,25.8,25.7,25.5,25.3,25.3,25.4,25.4,25.3,25.1,25.2,25.2,25.2,25.4,25.3,25.3,25.1,25.1,25.4,25.2,25.0,25.2,25.0,25.2,25.2,25.1,25.2,25.0,25.1,25.4,25.2,25.0,25.1,25.2,25.1,25.3
120,25.4,25.3,25.3,25.5,25.6,25.2,25.4,25.4,25.4,25.4,25.6,25.6,25.6,25.6,25.7,25.7,25.7,25.8,25.7,25.9,25.7,25.9,25.8,26.0,26.0,26.1,26.0,26.2,26.4,26.3,26.2,26.4,26.5,26.4,26.7,26.7,26.9,26.8,27.0,26.9,27.0,26.9,26.9,27.0,27.0,27.1,27.3,27.6,27.9,28.8,29.7,30.2,30.8,30.4,30.6,30.3,30.4,30.3,30.3,30.3,30.4,30.5,30.3,30.5,30.4,30.5,30.5,30.5,30.6,30.7,31.0,31.1,30.6,29.7,28.7,28.0,27.6,27.9,27.8,27.8,27.7,28.7,29.6,30.8,31.9,32.3,32.5,32.5,32.5,32.6,32.4,32.2,32.1,31.8,31.9,31.8,31.8,31.5,31.4,31.6,32.1,32.4,32.5,32.4,32.0,31.9,31.9,31.8,31.6,31.5,31.6,31.6,31.6,31.6,31.5,31.6,31.5,31.2,31.2,31.1,31.4,31.1,31.1,31.1,31.0,31.4,31.4,31.5,31.3,31.4,31.3,31.2,31.1,31.0,30.6,30.6,30.3,30.4,30.3,30.2,30.5,30.2,30.2,30.0,30.0,29.9,29.8,29.8,29.7,29.5,29.3,29.3,29.0,28.8,27.9,27.2,26.3,25.9,25.6,25.3,25.4,25.2,25.4,25.2,25.2,25.1,25.2,25.1,25.1,25.2,25.1,25.2,25.2,25.1,24.9,25.1,25.1,25.2,25.1,25.1,25.2,25.1,25.0,25.0,25.0,25.1,25.2,25.0,25.1,25.1,25.0,25.1
121,25.5,25.4,25.7,25.5,25.4,25.5,25.7,25.6,25.5,25.7,25.7,25.7,25.7,25.9,25.9,25.8,25.9,25.7,25.8,25.8,25.9,25.9,25.9,26.0,25.9,26.3,26.2,26.3,26.4,26.3,26.2,26.5,26.7,26.7,26.8,26.7,26.8,27.0,27.1,27.0,27.1,26.9,27.2,27.1,27.2,27.1,27.1,27.5,27.9,28.6,29.2,29.8,30.0,30.0,30.0,29.8,29.6,29.6,29.7,29.6,29.6,29.7,29.7,29.8,29.6,29.9,29.7,29.7,30.0,30.2,30.7,30.8,30.7,30.2,29.5,28.6,27.9,27.8,27.9,28.0,28.4,29.1,30.1,31.3,32.1,32.6,32.6,32.5,32.6,32.6,32.3,32.1,31.7,31.7,31.6,31.7,31.6,31.6,31.8,31.8,32.2,32.4,32.4,32.3,31.9,31.8,31.7,31.4,31.4,31.2,31.1,31.3,31.4,31.5,31.5,31.4,31.2,31.3,31.2,31.0,31.0,31.1,31.0,31.1,31.1,31.3,31.4,31.6,31.4,31.6,31.3,31.2,31.1,31.0,30.8,30.7,30.4,30.2,30.2,30.3,30.3,30.3,30.2,29.9,30.1,29.9,29.9,29.8,29.7,29.5,29.4,29.3,29.1,29.0,27.9,27.1,26.4,25.9,25.7,25.5,25.4,25.2,25.3,25.4,25.5,25.2,25.3,25.4,25.2,25.3,25.3,25.1,25.3,25.2,25.2,25.1,25.1,25.1,25.1,25.1,25.2,25.3,25.2,25.2,25.2,25.1,25.0,25.2,25.1,25.1,25.1,25.1
122,25.2,25.4,25.4,25.5,25.5,25.4,25.4,25.6,25.5,25.5,25.6,25.4,25.7,25.8,25.8,25.8,25.7,25.7,25.9,25.8,26.0,26.0,26.0,26.2,26.0,26.2,26.1,26.2,26.2,26.2,26.4,26.3,26.6,26.4,26.9,26.8,26.8,26.9,26.9,27.1,27.0,27.0,27.0,27.0,26.9,27.1,27.3,27.5,27.7,28.0,28.7,29.1,29.1,29.1,29.3,29.0,28.9,29.0,29.1,29.0,28.9,29.0,28.9,29.0,28.9,29.0,29.2,29.1,29.2,29.5,30.0,30.5,31.0,30.7,29.9,29.4,28.9,28.6,28.6,28.7,29.3,29.9,30.7,31.6,32.2,32.4,32.5,32.5,32.6,32.6,32.3,32.1,31.9,31.8,31.8,31.9,31.7,31.7,31.8,31.9,31.9,32.2,32.2,32.2,31.9,31.8,31.5,31.5,31.6,31.1,31.4,31.4,31.3,31.5,31.5,31.5,31.5,31.3,31.1,31.1,31.1,31.0,31.0,31.0,31.2,31.1,31.4,31.5,31.3,31.3,31.1,31.2,31.1,31.0,30.9,30.6,30.3,30.4,30.1,30.2,30.1,30.1,30.0,29.8,29.8,29.7,29.8,29.7,29.6,29.4,29.2,29.1,29.0,28.7,27.8,27.0,26.3,26.0,25.6,25.4,25.3,25.3,25.2,25.3,25.3,25.2,25.4,25.2,25.2,25.1,25.0,25.1,25.1,25.2,25.0,25.2,25.0,25.2,25.1,25.0,25.2,25.1,25.1,25.0,25.0,25.1,25.0,25.1,25.1,25.0,25.1,25.1
123,25.4,25.3,25.5,25.3,25.5,25.7,25.6,25.6,25.5,25.7,25.5,25.7,25.9,25.9,25.8,25.7,25.9,25.9,26.0,25.9,26.0,26.2,26.0,26.0,25.9,26.0,26.2,26.2,26.4,26.3,26.4,26.6,26.6,26.7,26.8,26.9,26.9,26.8,26.9,27.1,27.1,27.2,27.3,27.3,27.3,27.3,27.2,27.4,27.5,28.0,28.0,28.2,28.4,28.6,28.4,28.5,28.4,28.6,28.7,28.5,28.8,28.6,28.6,28.6,28.6,28.6,28.5,28.7,29.0,29.1,29.9,30.6,31.2,31.2,30.7,30.2,29.9,29.6,29.5,29.8,30.0,30.7,31.4,31.8,32.2,32.5,32.5,32.6,32.5,32.4,32.4,32.3,31.9,31.8,31.8,31.5,31.5,31.4,31.3,31.5,31.9,32.1,32.2,32.2,31.7,31.7,31.5,31.5,31.6,31.4,31.6,31.5,31.6,31.6,31.4,31.4,31.5,31.3,31.2,31.1,31.1,31.0,31.1,31.1,31.2,31.4,31.4,31.3,31.3,31.4,31.3,31.1,31.1,31.0,30.9,30.7,30.4,30.4,30.2,30.0,30.0,29.9,29.9,29.8,29.7,29.7,29.8,29.8,29.8,29.3,29.4,29.3,29.0,28.6,27.8,26.8,26.4,25.9,25.6,25.3,25.3,25.4,25.2,25.3,25.1,25.1,25.1,25.4,25.1,25.1,25.1,25.1,25.1,25.2,25.3,25.1,25.1,25.2,25.1,25.0,25.0,25.1,25.3,25.3,25.1,25.2,25.2,25.2,25.0,25.3,25.2,25.2
124,25.4,25.4,25.3,25.6,25.5,25.6,25.6,25.5,25.7,25.6,25.7,25.6,25.7,25.7,25.7,25.7,25.9,25.7,25.9,25.9,25.9,26.0,25.9,26.0,26.0,26.2,26.2,26.2,26.2,26.2,26.5,26.4,26.6,26.5,26.7,26.7,26.7,26.9,27.0,27.0,27.2,27.1,27.2,27.3,27.3,27.4,27.5,27.5,27.7,27.8,27.9,27.8,27.8,27.9,28.1,28.3,28.3,28.4,28.4,28.4,28.5,28.4,28.5,28.5,28.4,28.4,28.4,28.6,28.7,29.2,29.8,30.6,31.2,31.5,31.4,31.3,31.0,31.0,30.8,30.6,30.6,30.9,31.2,31.5,31.9,32.3,32.5,32.5,32.7,32.6,32.4,32.3,32.1,31.9,31.7,31.3,31.3,31.1,31.3,31.3,31.5,31.6,31.9,31.8,31.5,31.2,31.3,31.3,31.5,31.6,31.6,31.6,31.3,31.6,31.5,31.5,31.2,31.1,31.1,31.1,31.1,31.1,31.1,31.2,31.2,31.2,31.4,31.4,31.3,31.3,31.2,31.1,31.1,31.1,30.9,30.7,30.6,30.4,30.0,30.0,29.9,29.7,29.9,29.6,29.7,29.7,29.8,29.8,29.6,29.3,29.3,29.2,28.9,28.8,27.9,27.1,26.3,26.0,25.6,25.5,25.4,25.5,25.4,25.2,25.2,25.2,25.3,25.2,25.1,25.2,25.2,25.2,25.1,25.1,25.3,25.0,25.1,25.3,25.0,25.1,25.1,25.2,25.2,25.0,25.1,25.1,25.2,25.0,25.1,25.1,25.1,25.0
125,25.4,25.5,25.5,25.5,25.4,25.5,25.4,25.6,25.4,25.4,25.6,25.6,25.5,25.7,25.8,25.8,25.9,25.8,25.6,25.9,25.9,26.0,26.1,26.0,26.0,26.1,26.0,26.2,26.3,26.3,26.3,26.5,26.4,26.6,26.6,26.7,26.9,26.9,26.8,27.2,27.2,27.2,27.3,27.1,27.4,27.3,27.5,27.4,27.5,27.7,27.8,27.7,27.8,27.9,27.9,28.1,28.2,28.2,28.3,28.3,28.4,28.4,28.5,28.4,28.4,28.2,28.4,28.2,28.6,29.1,29.9,30.7,31.3,31.8,31.7,31.8,31.7,31.7,31.5,31.0,30.3,29.9,30.0,30.6,31.4,32.2,32.4,32.4,32.6,32.4,32.3,32.3,32.0,31.8,31.3,31.0,30.7,30.6,30.7,30.6,31.0,31.4,31.6,31.3,31.1,30.8,30.7,31.0,31.1,31.3,31.2,31.4,31.1,31.4,31.4,31.2,31.1,30.9,30.8,31.1,31.2,31.2,31.3,31.3,31.4,31.3,31.3,31.4,31.3,31.2,31.2,31.1,31.0,30.8,30.9,30.9,30.6,30.3,30.1,29.8,29.8,29.6,29.6,29.4,29.8,29.8,29.6,29.6,29.6,29.3,29.2,29.1,28.8,28.7,27.9,27.0,26.4,25.9,25.6,25.4,25.4,25.4,25.1,25.3,25.4,25.2,25.1,25.1,25.2,25.2,25.1,25.1,25.4,25.1,25.2,25.1,25.1,25.1,25.0,25.1,25.1,25.0,25.0,25.1,25.1,25.1,25.1,25.1,25.1,25.0,25.2,24.9
126,25.4,25.5,25.4,25.5,25.4,25.6,25.7,25.5,25.6,25.6,25.7,25.7,25.9,25.9,25.9,25.9,25.7,25.9,25.9,26.0,25.8,26.0,26.0,26.1,26.1,26.1,26.0,26.4,26.2,26.2,26.4,26.3,26.6,26.6,26.7,26.7,26.8,26.7,26.9,26.9,27.2,27.2,27.1,27.2,27.4,27.3,27.3,27.4,27.6,27.7,27.9,27.9,28.1,28.0,28.2,28.1,28.4,28.4,28.4,28.4,28.5,28.4,28.4,28.5,28.7,28.6,28.5,28.5,28.8,29.4,29.8,30.6,31.3,31.7,31.9,32.0,32.2,32.1,31.7,30.9,30.1,29.4,29.5,30.1,31.1,32.0,32.3,32.4,32.5,32.5,32.5,32.2,32.2,31.7,31.2,30.7,30.2,29.9,30.1,30.1,30.7,31.1,31.4,31.2,30.7,30.2,30.1,30.6,30.8,30.9,31.0,31.1,31.1,31.4,31.2,31.1,30.8,30.7,30.8,30.9,31.1,31.3,31.4,31.6,31.4,31.4,31.4,31.4,31.3,31.2,31.2,31.3,31.0,31.0,30.9,30.8,30.7,30.3,30.2,29.9,29.8,29.8,29.7,29.8,29.9,29.7,29.7,29.6,29.5,29.4,29.3,29.1,29.0,28.6,27.8,27.0,26.4,25.8,25.6,25.5,25.4,25.3,25.3,25.3,25.2,25.3,25.2,25.2,25.1,25.4,25.3,25.1,25.2,25.1,25.1,25.3,25.1,25.2,25.1,25.2,25.2,25.0,25.2,25.0,25.1,25.2,25.1,25.1,25.0,25.1,25.1,25.1
127,25.6,25.5,25.4,25.4,25.4,25.7,25.5,25.4,25.5,25.7,25.7,25.5,25.6,25.7,25.9,25.7,25.9,25.7,25.9,25.9,26.0,25.9,25.9,25.9,26.0,26.0,26.1,26.2,26.2,26.2,26.6,26.5,26.4,26.5,26.8,26.8,26.8,26.9,26.9,26.9,27.0,27.2,27.1,27.1,27.0,27.2,27.2,27.5,27.7,27.9,28.2,28.4,28.2,28.4,28.5,28.6,28.5,28.4,28.5,28.5,28.4,28.6,28.6,28.8,28.7,28.7,28.8,28.8,28.9,29.3,30.0,30.5,31.3,31.8,31.9,32.1,32.2,32.3,31.8,31.1,30.2,29.6,29.6,30.2,31.1,32.0,32.3,32.3,32.5,32.3,32.3,32.2,31.9,31.4,31.0,30.3,30.0,29.8,29.8,30.0,30.4,30.9,31.1,31.0,30.4,30.2,29.9,30.4,30.5,30.8,30.8,31.0,31.2,31.4,31.2,30.7,30.6,30.4,30.6,30.9,31.1,31.2,31.3,31.4,31.2,31.2,31.1,31.3,31.1,31.1,31.1,31.0,30.9,31.0,31.0,30.9,30.6,30.3,30.2,29.9,29.8,29.8,29.8,29.7,29.7,29.7,29.7,29.6,29.6,29.2,29.1,29.0,28.8,28.4,27.8,27.1,26.7,25.9,25.8,25.4,25.4,25.3,25.3,25.2,25.3,25.2,25.4,25.3,25.1,25.0,25.1,25.1,25.2,25.0,25.2,25.1,25.1,25.1,25.1,25.1,25.2,25.1,24.9,25.1,25.0,25.0,25.1,25.0,25.0,25.1,25.1,25.1
128,25.4,25.6,25.6,25.4,25.4,25.5,25.6,25.5,25.5,25.5,25.6,25.6,25.7,25.8,25.8,25.7,25.8,25.8,25.8,26.0,26.0,25.9,26.0,26.0,26.0,26.1,26.2,26.4,26.4,26.3,26.3,26.4,26.6,26.7,26.6,26.7,26.7,26.9,27.0,27.1,27.2,27.0,27.0,26.9,27.0,27.1,27.0,27.4,27.8,28.1,28.7,29.0,29.1,29.1,29.2,29.1,28.8,28.6,28.5,28.6,28.7,28.6,28.8,29.1,29.1,29.2,29.2,29.1,29.4,29.8,30.0,30.6,31.3,31.9,31.9,32.2,32.5,32.6,32.2,31.8,31.3,30.6,30.6,31.4,31.8,32.3,32.6,32.5,32.5,32.4,32.2,32.1,31.8,31.5,31.0,30.4,29.8,29.7,29.7,29.9,30.2,30.8,31.2,31.1,30.6,30.4,30.3,30.8,31.0,31.2,31.3,31.4,31.5,31.5,31.2,31.1,30.7,30.5,30.8,30.9,31.0,31.2,31.1,31.1,31.2,31.3,31.2,31.3,31.1,31.1,31.1,31.0,30.9,31.0,30.6,30.8,30.6,30.6,30.3,30.2,30.0,30.0,29.9,29.9,29.8,29.8,29.6,29.6,29.4,29.1,29.1,29.0,28.7,28.3,27.8,26.8,26.3,25.8,25.6,25.4,25.3,25.2,25.3,25.2,25.2,25.1,25.2,25.2,25.1,25.3,25.1,25.2,25.3,25.2,25.3,25.2,25.1,25.2,25.2,25.0,25.1,25.1,25.2,25.3,25.0,25.2,25.1,25.2,25.1,25.1,25.1,25.1
129,25.6,25.4,25.3,25.4,25.3,25.4,25.5,25.4,25.7,25.6,25.6,25.7,25.7,25.8,25.7,25.7,25.8,25.8,25.8,25.8,25.9,25.9,25.9,25.9,26.1,26.0,26.1,26.2,26.3,26.4,26.4,26.4,26.7,26.4,26.7,26.7,26.7,26.9,26.8,27.0,27.1,27.0,27.1,27.0,26.9,27.1,27.2,27.6,28.0,28.5,29.2,29.8,29.7,29.9,29.7,29.6,29.2,29.1,28.8,28.9,28.9,29.2,29.3,29.4,29.5,29.7,29.6,29.8,29.9,30.1,30.7,31.0,31.3,31.8,31.9,32.5,32.6,33.0,32.8,32.6,32.3,32.1,32.1,32.5,32.6,32.8,32.7,32.5,32.4,32.4,32.1,32.1,32.0,31.6,31.1,30.4,30.0,29.7,29.8,29.8,30.3,30.8,31.2,31.4,31.2,31.1,31.0,31.2,31.5,31.6,31.6,31.7,31.7,31.9,31.7,31.2,31.1,30.9,31.0,31.0,31.1,31.0,30.9,31.0,31.1,31.1,31.1,31.1,31.0,30.9,31.1,30.9,30.9,30.8,30.8,30.8,30.6,30.4,30.3,30.1,30.0,30.0,30.0,29.9,30.0,29.8,29.5,29.5,29.3,29.1,29.0,28.9,28.6,28.5,27.6,27.0,26.5,26.0,25.6,25.4,25.4,25.3,25.3,25.3,25.3,25.2,25.3,25.3,25.1,25.1,25.3,25.1,25.2,25.1,25.1,25.1,25.1,25.1,25.1,25.0,25.1,25.3,24.9,25.2,25.3,25.1,25.1,25.1,25.2,25.0,25.3,25.0
130,25.6,25.5,25.4,25.3,25.5,25.4,25.5,25.5,25.4,25.4,25.4,25.8,25.7,25.8,25.8,25.7,25.7,25.7,25.7,25.9,25.9,26.0,25.9,25.8,26.0,26.1,26.1,26.3,26.1,26.2,26.4,26.4,26.5,26.6,26.7,26.5,26.9,26.8,26.9,27.1,26.9,26.8,26.9,26.9,26.9,27.0,27.2,27.3,28.1,28.8,29.5,30.1,30.3,30.2,29.9,29.8,29.7,29.3,29.4,29.4,29.5,29.6,29.8,30.0,30.2,30.1,30.2,30.2,30.5,30.6,30.9,31.2,31.3,31.8,32.1,32.5,33.2,33.4,33.6,33.6,33.6,33.8,33.8,33.6,33.6,33.6,33.1,32.7,32.6,32.5,32.3,32.2,31.9,31.5,31.2,30.7,30.2,30.0,30.0,30.1,30.4,30.9,31.5,31.7,31.7,31.4,31.5,31.6,31.9,31.9,31.9,32.0,32.0,32.1,31.9,31.6,31.4,31.3,31.2,31.1,30.8,30.6,30.2,30.4,30.6,30.8,30.8,30.7,30.8,31.0,30.8,30.9,30.7,30.6,30.7,30.5,30.4,30.4,30.1,29.9,30.0,29.9,29.9,30.0,30.0,29.7,29.8,29.6,29.4,29.1,29.2,29.1,29.0,28.8,27.9,27.1,26.4,25.9,25.8,25.5,25.4,25.4,25.2,25.3,25.3,25.1,25.1,25.2,25.2,25.2,25.3,25.2,25.1,25.2,25.0,25.2,25.1,25.2,25.1,24.9,25.1,25.0,25.1,25.0,25.0,25.1,25.1,25.1,25.1,25.1,25.1,25.1
131,25.4,25.4,25.4,25.3,25.6,25.3,25.6,25.6,25.6,25.7,25.6,25.6,25.7,25.6,25.9,25.8,25.9,25.6,25.8,25.8,25.9,25.9,25.8,25.9,26.0,25.9,26.0,26.1,26.2,26.3,26.2,26.3,26.3,26.5,26.6,26.7,26.7,26.7,26.9,27.0,27.0,26.9,26.9,26.8,26.9,26.9,27.1,27.5,28.2,28.9,29.8,30.3,30.3,30.2,29.9,29.6,29.4,29.5,29.5,29.8,29.9,30.0,30.1,30.1,30.2,30.3,30.3,30.4,30.5,30.8,31.0,31.3,31.6,32.2,32.4,33.0,33.5,34.1,34.4,34.8,34.9,35.2,35.2,35.0,34.7,34.1,33.6,33.0,32.7,32.6,32.5,32.0,31.8,31.5,31.3,31.0,30.7,30.5,30.4,30.7,30.8,31.2,31.5,31.8,32.1,32.0,31.9,31.9,31.9,32.1,31.9,32.3,32.0,32.2,32.0,31.8,31.8,31.5,31.3,31.0,30.4,29.9,29.6,29.9,30.0,30.4,30.3,30.6,30.6,30.7,30.7,30.8,30.7,30.7,30.7,30.6,30.6,30.3,30.0,30.0,30.1,30.0,29.9,30.0,30.0,29.6,29.6,29.6,29.6,29.5,29.3,29.3,29.1,28.9,28.0,27.2,26.4,26.0,25.6,25.5,25.4,25.3,25.3,25.3,25.1,25.1,25.2,25.4,25.1,25.1,25.0,25.1,25.1,25.1,25.1,25.0,25.1,25.2,25.0,25.2,25.1,25.1,25.1,25.1,25.0,25.2,25.0,25.0,25.1,25.1,25.0,25.0
132,25.4,25.4,25.5,25.4,25.5,25.5,25.5,25.7,25.7,25.5,25.6,25.7,25.7,25.8,25.7,25.7,25.9,25.8,25.6,26.0,25.9,26.0,26.2,26.1,26.1,26.1,26.2,26.2,26.3,26.2,26.4,26.4,26.4,26.5,26.6,26.7,26.7,26.7,26.8,26.8,27.0,26.8,27.1,26.9,27.0,27.1,27.1,27.5,28.2,28.8,29.6,30.2,30.0,29.7,29.3,29.0,28.9,29.0,29.1,29.8,30.2,30.3,30.3,30.4,30.4,30.5,30.5,30.5,30.7,30.8,31.0,31.4,31.8,32.3,32.9,33.3,33.9,34.6,35.1,35.9,36.2,36.5,36.6,36.2,35.7,34.8,33.9,33.3,32.9,32.6,32.3,32.1,31.9,31.8,31.6,31.3,31.0,31.0,30.9,30.9,31.0,31.4,31.6,32.0,32.2,32.3,32.2,32.2,32.2,32.3,32.1,32.5,32.2,32.2,32.2,32.1,32.0,31.9,31.4,31.0,30.2,29.7,29.2,29.5,29.7,30.1,30.2,30.3,30.5,30.8,30.8,30.7,30.6,30.8,30.7,30.6,30.5,30.4,30.2,29.9,30.1,30.1,29.9,30.0,30.0,29.8,29.6,29.6,29.4,29.4,29.2,29.3,29.4,29.1,28.3,27.3,26.5,25.9,25.6,25.3,25.3,25.4,25.4,25.2,25.3,25.1,25.2,25.3,25.2,25.1,25.1,25.1,25.1,25.3,25.1,25.1,25.1,25.1,25.1,25.2,25.4,25.1,25.1,25.2,25.1,25.2,25.2,25.1,25.3,25.3,25.1,25.2
133,25.4,25.6,25.4,25.5,25.5,25.5,25.6,25.4,25.6,25.5,25.5,25.5,25.6,25.7,25.6,25.9,25.9,25.8,25.9,26.0,25.8,26.0,26.0,25.9,26.2,26.2,26.2,26.1,26.2,26.3,26.3,26.3,26.5,26.4,26.4,26.5,26.7,26.9,26.9,26.7,27.0,26.9,27.0,26.9,27.0,27.0,27.2,27.6,28.2,28.9,29.5,29.8,29.4,28.8,28.4,28.2,28.1,28.1,28.6,29.1,29.7,30.1,30.2,30.2,30.2,30.3,30.3,30.5,30.4,30.6,30.9,31.3,31.9,32.5,33.1,33.7,34.1,34.9,35.8,36.6,37.2,37.6,37.6,37.1,36.4,35.3,34.3,33.5,32.9,32.7,32.2,31.9,31.9,31.7,31.6,31.5,31.3,31.1,30.8,30.8,31.1,31.4,31.8,32.1,32.2,32.3,32.2,32.3,32.3,32.4,32.3,32.5,32.4,32.3,32.2,32.0,31.9,31.8,31.4,30.7,30.0,29.3,29.0,29.2,29.5,29.8,29.9,30.1,30.2,30.3,30.6,30.6,30.6,30.6,30.5,30.6,30.1,30.3,30.1,30.0,30.1,30.0,29.9,29.9,29.8,29.7,29.4,29.1,28.9,28.9,28.9,29.1,29.1,29.1,28.2,27.2,26.4,26.0,25.6,25.3,25.3,25.2,25.1,25.1,25.4,25.1,25.1,25.3,25.2,25.2,25.1,25.1,25.1,25.3,25.0,25.1,25.1,25.2,25.1,25.1,25.0,25.1,25.1,25.0,25.1,25.1,25.1,25.3,25.1,25.1,25.1,25.1
134,25.3,25.5,25.5,25.4,25.5,25.6,25.4,25.5,25.5,25.5,25.6,25.5,25.6,25.6,25.7,25.7,25.8,25.7,25.9,25.8,25.8,25.8,26.0,26.0,26.0,26.1,26.2,26.2,26.2,26.2,26.4,26.3,26.3,26.4,26.4,26.5,26.6,26.7,26.7,26.9,26.8,26.8,26.9,26.9,26.9,26.9,27.0,27.6,28.1,28.8,29.2,29.4,28.8,28.2,27.7,27.5,27.4,27.6,28.0,28.3,29.0,29.8,30.0,30.2,30.1,30.2,30.0,30.2,30.4,30.4,30.9,31.2,31.9,32.5,33.2,33.9,34.7,35.3,36.2,37.1,37.7,38.3,38.1,37.8,36.7,35.6,34.3,33.5,32.9,32.4,32.2,32.1,31.9,31.9,31.9,31.6,31.3,31.0,30.4,30.6,30.9,31.3,31.6,32.1,32.1,32.3,32.5,32.3,32.4,32.5,32.4,32.5,32.4,32.4,32.3,32.0,31.8,31.8,31.2,30.8,30.0,29.4,29.1,29.2,29.4,29.9,30.1,30.2,30.4,30.4,30.6,30.6,30.7,30.7,30.5,30.6,30.3,30.2,30.0,30.0,29.9,29.9,29.9,29.7,29.9,29.2,28.8,28.4,28.3,28.2,28.3,28.6,28.8,28.8,28.2,27.1,26.4,25.9,25.6,25.2,25.3,25.1,25.2,25.1,25.1,25.2,25.2,25.2,25.0,25.3,25.1,25.1,25.2,25.1,25.0,25.0,25.1,25.1,25.1,25.1,25.0,25.2,25.1,25.2,25.1,25.1,25.1,25.0,25.0,25.0,25.1,25.0
135,25.4,25.4,25.5,25.4,25.4,25.5,25.6,25.5,25.3,25.6,25.6,25.6,25.4,25.6,25.7,25.7,25.8,25.7,25.8,25.8,25.8,25.9,26.0,26.0,26.1,26.0,26.2,26.2,26.2,26.3,26.2,26.2,26.3,26.3,26.5,26.6,26.6,26.6,26.7,26.7,26.8,26.7,26.9,26.9,26.8,27.1,27.1,27.6,27.9,28.6,29.0,29.0,28.2,27.5,27.3,27.3,27.4,27.5,27.6,28.1,28.5,29.3,29.8,30.0,30.0,30.0,30.2,30.2,30.3,30.4,30.6,31.3,31.8,32.7,33.3,34.1,34.5,35.4,36.3,37.4,38.0,38.5,38.3,37.9,36.9,35.6,34.3,33.5,33.0,32.6,32.3,32.1,31.9,31.9,31.8,31.4,31.0,30.6,30.1,30.0,30.7,31.1,31.7,32.0,32.2,32.3,32.6,32.7,32.6,32.6,32.6,32.6,32.5,32.5,32.4,32.1,31.8,31.7,31.3,30.8,30.1,29.6,29.5,29.5,29.6,30.0,30.2,30.2,30.4,30.4,30.6,30.6,30.5,30.6,30.3,30.4,30.4,30.2,30.0,29.8,29.8,29.8,29.7,29.7,29.4,28.8,28.3,27.8,27.6,27.5,27.7,27.8,28.5,28.5,28.0,27.1,26.5,25.7,25.3,25.3,25.3,25.2,25.1,25.2,25.2,25.1,25.1,25.1,25.1,25.1,25.0,25.0,25.1,25.2,25.1,25.1,25.1,25.1,25.1,25.0,25.0,25.1,25.1,25.0,25.2,25.0,25.0,25.0,24.9,25.1,25.0,25.2
136,25.3,25.4,25.4,25.4,25.4,25.4,25.1,25.4,25.5,25.4,25.5,25.6,25.5,25.5,25.7,25.8,25.8,25.7,25.6,26.0,25.8,25.7,25.8,26.0,25.9,25.9,26.1,26.2,26.1,26.2,26.2,26.2,26.3,26.3,26.3,26.3,26.3,26.5,26.5,26.7,26.7,26.8,26.9,26.9,26.9,27.0,27.1,27.5,28.0,28.5,28.7,28.7,27.8,27.2,27.2,27.3,27.1,27.3,27.4,27.8,28.2,28.9,29.6,30.1,30.0,30.0,30.1,30.1,30.1,30.3,30.8,31.2,31.9,32.7,33.3,33.9,34.6,35.5,36.1,37.2,37.9,38.4,38.3,37.8,37.0,35.4,34.2,33.5,33.0,32.3,32.2,31.9,32.0,31.9,31.6,31.5,30.9,30.4,29.8,29.7,30.2,30.9,31.5,32.0,32.2,32.3,32.5,32.5,32.7,32.6,32.4,32.6,32.4,32.3,32.2,32.0,31.8,31.7,31.3,30.8,30.2,29.8,29.6,29.6,29.7,30.1,30.3,30.3,30.2,30.4,30.4,30.5,30.4,30.4,30.4,30.2,30.2,30.2,30.0,29.9,29.7,29.8,29.7,29.5,29.1,28.3,27.7,27.3,27.0,26.9,27.1,27.6,27.8,28.3,27.7,27.0,26.4,25.7,25.4,25.2,25.1,25.1,25.2,25.1,25.2,25.2,25.0,25.1,25.1,25.2,25.0,25.1,25.2,25.2,25.0,25.0,25.1,25.2,24.9,25.2,24.9,25.0,25.1,25.2,25.0,25.0,25.1,25.1,25.0,25.0,24.9,25.0
137,25.4,25.5,25.5,25.4,25.6,25.4,25.6,25.7,25.3,25.7,25.5,25.5,25.7,25.6,25.7,25.9,25.7,25.8,25.9,25.9,25.8,25.9,25.8,25.9,26.0,26.0,26.1,26.2,26.2,26.3,26.3,26.4,26.3,26.4,26.4,26.4,26.4,26.5,26.6,26.7,26.9,26.7,26.8,26.9,26.7,26.9,27.0,27.4,28.0,28.3,28.8,28.6,27.8,27.3,27.4,27.3,27.3,27.3,27.3,27.6,28.2,28.8,29.6,29.9,30.0,29.9,30.0,30.0,30.0,30.4,30.6,31.3,31.9,32.5,33.4,33.9,34.5,35.2,35.8,36.7,37.3,37.6,37.5,37.4,36.5,35.2,34.3,33.3,32.9,32.3,32.2,31.9,31.7,31.6,31.4,31.3,30.9,30.6,30.0,30.2,30.5,31.0,31.5,32.0,32.3,32.6,32.5,32.7,32.6,32.7,32.5,32.5,32.5,32.3,32.1,31.9,31.7,31.6,31.1,30.8,30.4,29.9,29.7,29.7,29.9,30.0,30.1,30.2,30.2,30.4,30.3,30.4,30.4,30.2,30.1,30.4,30.2,30.2,29.9,29.8,29.8,29.8,29.6,29.3,28.8,28.4,27.4,27.0,26.8,26.4,26.7,27.2,27.7,28.1,27.6,27.0,26.3,25.7,25.4,25.2,25.3,25.2,25.2,25.3,25.3,25.1,25.1,25.2,25.1,25.1,25.1,25.1,25.2,25.2,25.3,25.1,25.1,25.1,25.1,25.1,25.2,25.1,25.2,25.1,25.1,25.1,25.2,25.0,25.0,25.1,25.1,25.1
138,25.5,25.4,25.4,25.6,25.4,25.6,25.5,25.5,25.5,25.4,25.7,25.7,25.7,25.8,25.7,25.9,25.9,25.9,26.0,25.9,25.9,25.8,25.9,26.0,26.0,26.2,25.9,26.2,26.2,26.2,26.2,26.0,26.2,26.2,26.6,26.5,26.5,26.6,26.5,26.7,26.7,26.7,26.9,26.9,26.9,26.9,27.1,27.4,28.0,28.4,28.8,28.7,27.9,27.3,27.2,27.4,27.3,27.3,27.2,27.7,28.2,28.9,29.6,30.0,29.9,29.9,30.2,30.0,30.1,30.1,30.7,31.1,31.8,32.5,32.9,33.7,34.2,34.8,35.3,35.9,36.4,36.5,36.7,36.2,35.7,34.9,33.9,33.2,32.8,32.2,32.1,31.8,31.4,31.5,31.5,31.4,31.2,31.0,30.6,30.6,30.9,31.2,31.8,31.9,32.3,32.7,32.6,32.6,32.7,32.6,32.6,32.3,32.5,32.3,32.1,32.0,31.7,31.5,31.4,30.8,30.3,30.0,29.8,29.9,29.8,29.9,30.3,30.2,30.2,30.2,30.2,30.1,30.0,30.2,30.2,30.2,30.2,30.0,29.8,29.8,29.8,29.5,29.5,29.1,28.8,28.2,27.4,27.0,26.6,26.4,26.7,27.1,27.5,27.9,27.6,26.9,26.3,25.9,25.5,25.3,25.1,25.1,25.2,25.1,25.3,25.1,25.1,25.1,25.0,25.1,24.9,25.2,25.1,25.1,25.2,25.0,25.1,25.1,25.2,25.2,25.1,25.1,25.0,25.1,25.1,25.1,25.1,25.1,25.1,25.0,24.9,25.1
139,25.6,25.5,25.6,25.6,25.6,25.7,25.7,25.5,25.5,25.8,25.8,25.6,25.7,25.8,25.7,25.8,25.9,25.9,25.9,26.0,26.0,25.9,25.9,25.9,26.2,26.1,26.1,26.2,26.3,26.4,26.2,26.4,26.4,26.4,26.5,26.6,26.4,26.5,26.5,26.7,26.7,26.7,26.9,27.0,27.0,26.9,27.1,27.6,28.1,28.6,29.0,28.9,28.4,27.7,27.4,27.3,27.1,27.2,27.3,27.9,28.5,29.2,29.8,30.0,30.0,30.0,30.1,30.2,30.2,30.4,30.8,31.3,31.6,32.4,32.8,33.4,33.8,34.2,34.6,35.0,35.4,35.5,35.6,35.5,34.9,34.2,33.7,33.2,32.7,32.2,32.1,31.8,31.4,31.5,31.5,31.2,31.4,31.3,31.1,31.1,31.4,31.5,31.9,31.9,32.3,32.5,32.7,32.7,32.7,32.5,32.7,32.6,32.4,32.2,32.1,31.9,31.8,31.6,31.1,30.9,30.4,30.3,30.0,30.1,30.1,30.1,30.2,30.1,30.0,30.2,30.4,30.1,30.0,30.2,30.2,30.2,30.2,29.9,29.7,29.7,29.6,29.5,29.5,29.3,28.9,28.2,27.7,27.0,26.7,26.6,26.8,27.3,27.9,28.1,27.7,27.0,26.4,25.7,25.5,25.4,25.1,25.0,25.2,25.3,25.2,25.1,25.1,25.3,25.2,25.0,25.0,25.2,25.0,25.1,25.2,25.1,25.2,25.2,25.0,25.2,25.1,25.1,25.2,25.2,25.1,25.1,25.0,25.1,25.2,25.1,25.0,25.2
140,25.6,25.4,25.6,25.6,25.4,25.7,25.7,25.6,25.5,25.5,25.7,25.7,25.7,25.8,25.8,25.8,25.8,25.9,25.8,26.0,25.9,25.9,25.9,25.9,26.0,26.0,26.0,26.2,26.3,26.3,26.2,26.4,26.4,26.4,26.5,26.5,26.6,26.5,26.6,26.7,26.5,26.8,26.7,26.8,26.8,26.9,27.0,27.5,28.0,28.7,29.0,29.1,28.9,28.1,27.6,27.3,27.2,27.3,27.8,28.2,28.7,29.3,29.9,30.0,29.9,30.0,30.0,30.3,30.2,30.5,30.6,31.1,31.5,32.0,32.6,33.0,33.3,33.6,34.0,34.3,34.4,34.6,34.6,34.4,34.1,33.6,33.3,32.8,32.3,31.9,31.9,31.5,31.3,31.6,31.4,31.4,31.4,31.4,31.2,31.1,31.3,31.7,31.8,32.0,32.2,32.5,32.6,32.7,32.7,32.7,32.7,32.5,32.2,32.5,32.1,32.0,31.7,31.3,31.3,31.0,30.4,30.2,29.9,30.0,30.2,30.0,30.2,30.2,30.2,30.1,30.3,30.3,30.1,30.1,30.2,30.1,30.0,30.0,29.9,29.8,29.6,29.6,29.7,29.4,29.1,28.6,28.0,27.6,27.2,27.1,27.3,27.6,28.0,28.3,27.7,26.9,26.4,25.8,25.4,25.2,25.2,25.4,25.3,25.1,25.1,25.1,25.1,25.1,25.1,25.1,25.0,25.0,25.3,25.2,25.2,25.1,24.9,25.0,25.1,25.1,25.1,25.0,25.1,25.0,25.2,25.0,25.0,25.1,25.1,25.2,25.1,25.0
141,25.4,25.6,25.4,25.6,25.7,25.5,25.5,25.5,25.6,25.6,25.6,25.6,25.8,25.7,25.6,25.7,25.8,25.7,25.7,25.8,25.8,26.0,25.9,25.9,26.0,26.0,26.2,26.2,26.2,26.2,26.3,26.2,26.4,26.4,26.5,26.5,26.5,26.5,26.5,26.5,26.6,26.9,26.7,27.0,26.7,27.0,27.2,27.6,28.2,28.8,29.3,29.6,29.1,28.7,28.3,28.0,27.6,28.1,28.3,28.8,29.6,29.8,30.0,30.2,30.0,30.0,30.1,30.2,30.3,30.4,30.8,31.0,31.5,32.0,32.3,32.6,32.9,33.1,33.2,33.5,33.6,33.9,33.8,33.6,33.5,33.2,32.8,32.4,32.2,31.9,31.7,31.4,31.4,31.3,31.5,31.4,31.1,31.1,30.7,30.5,31.0,31.3,31.6,31.9,32.2,32.3,32.6,32.7,32.6,32.5,32.5,32.5,32.3,32.3,32.1,31.8,31.5,31.4,31.1,30.6,30.2,30.0,29.9,30.1,30.0,30.1,30.3,30.3,30.2,30.3,30.3,30.3,30.2,30.2,30.1,30.1,29.9,29.9,29.9,29.9,29.8,29.6,29.6,29.4,29.4,28.8,28.4,28.2,27.8,27.6,27.9,28.0,28.5,28.4,27.9,27.0,26.4,25.8,25.4,25.2,25.4,25.1,25.0,25.3,25.1,25.1,25.1,24.9,25.1,25.1,25.1,25.2,25.1,25.2,25.1,25.0,25.2,25.2,25.1,25.0,25.4,25.1,25.1,25.1,25.2,25.1,25.1,25.1,25.1,25.3,25.1,25.1
142,25.5,25.4,25.6,25.5,25.6,25.6,25.4,25.5,25.6,25.7,25.4,25.5,25.7,25.8,25.8,25.9,25.9,25.7,26.0,25.9,25.9,25.9,26.1,26.2,26.0,26.1,26.0,26.2,26.2,26.2,26.2,26.3,26.4,26.3,26.4,26.4,26.3,26.4,26.5,26.6,26.6,26.7,26.8,26.7,26.9,26.9,27.1,27.7,28.0,28.6,29.4,29.7,29.7,29.3,28.8,28.8,28.5,28.7,28.9,29.3,29.9,30.1,30.1,30.0,30.2,30.3,30.3,30.5,30.4,30.6,30.8,31.0,31.5,31.7,32.0,32.3,32.5,32.7,32.8,32.9,33.0,33.1,32.9,33.0,32.8,32.7,32.4,32.2,32.1,31.6,31.4,31.1,30.9,31.1,31.2,31.0,31.0,30.6,30.3,30.2,30.5,31.0,31.4,31.7,32.2,32.3,32.4,32.5,32.7,32.6,32.5,32.4,32.2,32.2,31.9,31.8,31.5,31.3,31.0,30.7,30.2,29.9,29.7,29.8,29.9,30.2,30.3,30.3,30.2,30.2,30.3,30.2,30.2,30.2,30.0,30.1,29.9,29.8,30.0,29.7,29.8,29.7,29.6,29.7,29.5,29.3,29.0,28.7,28.4,28.1,28.2,28.7,28.6,28.5,28.2,27.0,26.4,25.8,25.4,25.3,25.2,25.1,25.2,25.1,25.1,25.1,25.2,25.1,25.1,25.0,25.1,25.2,25.1,25.3,25.2,25.2,25.0,24.9,25.2,25.1,25.1,25.0,25.2,25.1,25.2,25.1,25.2,25.1,25.0,25.2,25.2,25.1
143,25.6,25.5,25.6,25.6,25.5,25.5,25.5,25.6,25.6,25.7,25.7,25.7,25.7,25.9,25.9,25.8,26.0,26.0,26.0,25.9,25.9,26.1,26.0,26.1,26.0,26.1,26.1,26.0,26.2,26.2,26.4,26.3,26.4,26.3,26.3,26.6,26.4,26.5,26.7,26.7,26.6,26.9,26.9,26.9,26.9,26.9,27.1,27.6,28.0,28.8,29.4,29.9,29.8,29.6,29.6,29.3,29.2,29.2,29.6,29.8,29.9,30.0,30.2,30.2,30.1,30.5,30.3,30.5,30.5,30.5,30.8,30.9,31.2,31.4,31.8,31.9,32.0,32.2,32.2,32.4,32.6,32.5,32.3,32.3,32.4,32.2,32.2,31.9,32.0,31.6,31.5,31.1,30.9,30.9,30.9,30.9,30.6,30.3,29.9,29.8,30.1,30.8,31.2,31.7,31.9,32.2,32.4,32.4,32.5,32.4,32.3,32.2,31.9,32.0,31.9,31.6,31.6,31.4,31.0,30.5,30.1,29.7,29.4,29.6,29.8,30.0,30.4,30.2,30.2,30.1,30.0,30.0,30.0,29.9,30.0,30.0,29.9,29.7,29.9,29.6,29.8,29.6,29.6,29.5,29.6,29.3,29.1,29.0,28.8,28.6,28.9,29.0,28.8,28.7,28.0,27.1,26.7,25.9,25.5,25.1,25.1,25.3,25.1,25.0,25.0,25.1,25.0,25.2,25.2,25.0,25.1,25.1,25.1,25.2,25.1,25.1,25.1,25.2,24.9,25.0,25.2,25.0,25.0,25.2,25.2,25.2,25.0,25.2,25.0,25.1,25.2,25.0
144,25.4,25.4,25.4,25.5,25.6,25.6,25.7,25.6,25.7,25.6,25.7,25.6,25.6,25.8,25.8,25.7,25.7,25.8,25.9,26.0,26.0,25.8,26.0,25.9,25.9,26.0,26.1,26.0,26.1,26.1,26.2,26.2,26.2,26.2,26.4,26.6,26.5,26.4,26.6,26.6,26.6,26.7,26.7,26.8,26.9,26.7,26.9,27.5,27.9,28.6,29.4,29.6,29.5,29.4,29.2,29.2,29.1,29.2,29.4,29.4,29.6,29.6,29.6,29.8,29.9,29.9,29.8,30.1,30.2,30.2,30.2,30.4,30.5,30.7,30.8,31.1,31.2,31.3,31.4,31.5,31.6,31.5,31.7,31.7,31.8,31.8,31.7,31.8,31.6,31.4,31.0,30.9,30.6,30.7,30.8,30.6,30.6,30.2,30.0,29.9,30.4,30.6,31.1,31.5,31.8,32.0,32.2,31.9,32.0,32.1,32.0,32.0,31.9,31.9,31.7,31.6,31.4,31.2,31.0,30.5,29.9,29.6,29.5,29.6,29.7,30.1,30.1,30.2,30.1,30.1,29.9,29.9,30.0,30.0,29.9,29.9,29.7,29.6,29.6,29.6,29.6,29.4,29.5,29.3,29.3,29.2,29.0,29.2,29.0,28.8,28.8,28.8,28.9,28.5,28.0,27.3,26.6,25.8,25.5,25.3,25.1,25.1,25.0,25.1,25.0,25.1,25.0,25.2,25.1,25.0,25.1,25.0,25.1,24.9,25.0,25.0,25.1,25.1,25.1,25.1,24.9,25.0,25.0,25.1,25.1,25.1,25.0,25.1,25.1,25.1,25.2,25.2
145,25.6,25.5,25.6,25.5,25.7,25.6,25.7,25.4,25.7,25.5,25.8,25.6,25.7,25.7,25.6,25.9,25.9,25.8,25.9,26.0,26.0,26.0,25.9,26.1,26.1,26.1,26.0,26.2,26.0,26.2,26.2,26.1,26.2,26.3,26.3,26.4,26.3,26.4,26.4,26.7,26.4,26.4,26.7,26.8,26.7,26.7,27.0,27.3,27.8,28.3,28.9,28.9,28.8,28.6,28.6,28.4,28.4,28.5,28.4,28.7,28.8,28.8,28.8,28.9,29.0,29.0,29.2,29.2,29.2,29.4,29.4,29.5,29.6,29.7,29.7,29.9,29.8,30.0,30.0,30.1,30.2,30.3,30.4,30.9,31.1,31.5,31.6,31.5,31.5,31.1,31.0,31.0,30.5,30.7,30.8,30.6,30.4,30.6,30.2,30.3,30.6,30.8,31.1,31.4,31.8,31.6,31.7,31.7,31.7,31.8,31.7,31.8,31.4,31.8,31.5,31.5,31.3,30.9,30.9,30.4,29.9,29.7,29.8,29.7,29.9,30.0,30.0,30.0,29.9,30.0,29.9,29.9,29.8,29.8,29.7,29.7,29.6,29.6,29.3,29.4,29.4,29.4,29.3,29.2,29.2,29.0,28.9,29.2,28.9,29.0,28.9,28.9,28.6,28.4,28.2,27.6,26.7,26.1,25.6,25.3,25.1,25.0,25.0,24.9,25.1,24.9,25.1,25.2,24.9,25.1,25.0,25.2,25.1,25.1,24.9,25.0,25.0,25.1,25.1,25.1,25.1,25.1,25.1,25.1,25.2,25.0,25.1,25.0,25.0,25.0,25.1,25.3
146,25.4,25.6,25.5,25.6,25.5,25.5,25.6,25.6,25.7,25.6,25.8,25.6,25.7,25.9,25.8,25.8,25.8,25.8,25.9,25.8,26.0,26.0,25.9,26.0,25.9,26.0,26.0,26.1,26.1,26.1,26.2,26.1,26.1,26.2,26.4,26.3,26.3,26.3,26.4,26.3,26.5,26.4,26.5,26.5,26.7,26.8,26.9,27.3,27.7,28.0,28.4,28.2,27.9,27.6,27.5,27.4,27.4,27.5,27.7,27.7,27.9,28.1,28.0,28.2,28.2,28.2,28.3,28.2,28.4,28.3,28.5,28.5,28.5,28.4,28.6,28.5,28.5,28.4,28.3,28.5,28.6,28.8,29.1,29.9,30.5,31.1,31.2,31.3,31.2,31.3,31.1,31.0,30.8,30.6,30.7,30.7,30.4,30.5,30.3,30.4,30.4,31.0,31.0,31.0,31.1,31.1,31.2,31.2,31.3,31.3,31.3,31.2,31.2,31.2,31.1,31.0,31.1,30.9,30.7,30.4,29.9,29.9,29.8,29.9,30.0,30.0,30.1,30.1,29.9,29.6,29.8,29.6,29.7,29.5,29.6,29.4,29.5,29.3,29.3,29.4,29.3,29.3,29.2,29.2,29.2,29.0,29.0,29.0,29.0,28.8,28.8,28.7,28.8,28.6,28.0,27.6,26.9,26.1,25.7,25.2,25.1,25.0,24.9,25.0,25.0,25.0,24.9,24.9,25.0,25.0,25.0,25.0,25.2,25.0,25.0,25.0,25.0,24.9,25.0,25.0,25.0,25.1,25.0,25.1,25.0,25.1,25.1,25.1,25.0,25.0,25.1,25.0
147,25.4,25.6,25.5,25.4,25.5,25.5,25.5,25.6,25.6,25.5,25.6,25.5,25.7,25.7,25.7,26.0,25.7,25.8,25.9,25.8,25.8,26.0,25.9,26.1,26.0,25.9,26.0,26.1,26.0,26.1,25.9,26.1,26.2,26.0,26.2,26.4,26.2,26.3,26.4,26.4,26.4,26.4,26.5,26.6,26.7,26.9,26.9,27.2,27.5,27.7,28.1,27.6,27.0,26.5,26.3,26.3,26.5,26.8,26.9,27.3,27.3,27.4,27.6,27.5,27.5,27.5,27.7,27.7,27.6,27.7,27.8,27.8,27.6,27.9,27.7,27.5,27.4,27.4,27.2,27.4,27.3,27.6,28.1,29.1,29.8,30.6,31.0,31.1,31.2,31.1,31.1,31.1,30.8,30.7,30.7,30.7,30.6,30.4,30.3,30.4,30.6,30.7,30.8,30.4,30.1,30.1,30.4,30.7,30.9,31.1,31.0,31.1,31.0,31.0,30.9,30.8,30.9,30.8,30.6,30.5,30.2,30.1,30.0,29.9,30.1,30.1,30.2,30.0,30.0,29.8,29.8,29.7,29.6,29.6,29.6,29.4,29.5,29.4,29.3,29.2,29.2,29.2,29.2,28.9,29.1,29.0,28.9,29.0,28.9,28.7,28.9,28.6,28.7,28.4,28.0,27.3,26.7,26.0,25.6,25.3,25.1,25.1,25.1,24.9,24.8,24.9,25.0,25.0,25.1,25.2,25.1,25.0,25.0,25.0,25.0,25.0,25.1,25.2,25.0,25.0,25.0,25.1,24.9,25.0,25.0,25.1,24.9,25.1,24.9,25.2,25.1,25.0
148,25.5,25.5,25.4,25.4,25.4,25.4,25.5,25.5,25.7,25.5,25.7,25.7,25.6,25.8,25.7,25.9,25.7,25.9,25.8,25.9,25.8,25.9,25.8,25.9,26.0,26.0,25.9,26.0,26.0,26.1,26.2,26.2,26.4,26.2,26.4,26.3,26.4,26.4,26.3,26.4,26.6,26.5,26.6,26.5,26.7,26.6,26.9,27.2,27.5,27.7,27.6,27.4,26.5,26.0,25.8,25.8,26.1,26.3,26.7,26.8,27.0,27.1,27.1,27.2,27.1,27.1,27.4,27.2,27.2,27.1,27.3,27.2,27.1,27.1,26.9,27.0,26.7,26.6,26.3,26.2,26.4,26.7,27.6,28.5,29.4,30.2,30.8,31.0,31.1,31.1,31.0,31.0,30.8,30.7,30.7,30.4,30.5,30.5,30.4,30.5,30.6,30.4,30.2,29.8,29.5,29.4,29.7,30.2,30.4,30.5,30.6,30.5,30.5,30.5,30.6,30.5,30.7,30.5,30.5,30.3,30.2,30.0,29.9,29.9,30.0,30.1,30.0,30.0,29.9,29.8,29.7,29.4,29.5,29.3,29.4,29.5,29.4,29.3,29.2,29.1,29.2,29.3,29.2,29.0,29.0,28.8,29.0,28.8,28.7,28.7,28.9,28.5,28.6,28.4,27.9,27.3,26.5,26.1,25.6,25.3,25.0,25.1,24.9,25.0,24.9,24.9,24.9,25.1,25.1,25.0,24.9,25.0,24.9,25.0,24.9,24.9,24.8,25.0,25.1,25.0,25.0,25.1,25.1,25.1,25.0,25.1,25.0,25.0,25.1,25.1,25.1,25.1
149,25.4,25.5,25.5,25.5,25.6,25.4,25.7,25.6,25.6,25.5,25.7,25.7,25.9,25.8,25.9,25.9,25.7,25.7,25.9,25.9,26.0,25.8,25.9,26.0,25.8,26.0,26.0,25.9,26.1,26.0,26.1,26.1,26.2,26.4,26.2,26.4,26.3,26.5,26.5,26.5,26.5,26.7,26.6,26.5,26.6,26.7,26.9,27.1,27.3,27.5,27.5,27.0,26.2,25.7,25.6,25.6,26.0,26.4,26.6,26.9,26.9,26.9,26.7,27.0,26.9,26.9,27.0,27.0,27.0,27.1,26.9,26.9,27.0,27.0,26.9,26.7,26.5,26.2,25.8,25.5,25.7,26.3,27.2,28.2,29.4,30.3,30.7,30.7,31.0,31.0,31.0,30.8,30.8,30.6,30.6,30.6,30.4,30.3,30.4,30.2,30.3,30.2,29.9,29.4,29.0,28.9,29.0,29.8,29.9,30.2,30.4,30.3,30.0,30.1,30.2,30.4,30.4,30.4,30.4,30.1,30.0,30.0,29.8,29.8,29.9,30.1,30.0,29.9,29.8,29.7,29.7,29.6,29.5,29.6,29.5,29.4,29.2,29.3,29.2,29.4,29.2,29.1,29.0,29.0,29.1,28.9,28.9,28.9,28.6,28.8,28.9,28.7,28.7,28.4,28.0,27.5,26.7,25.9,25.5,25.3,25.2,25.1,24.9,25.1,25.1,24.9,25.0,25.0,24.8,24.9,25.0,24.9,25.0,25.0,25.0,25.0,25.2,25.0,25.1,24.9,25.1,25.0,25.0,25.2,25.1,25.1,24.9,25.0,25.1,25.1,24.9,24.9
150,25.4,25.5,25.5,25.5,25.5,25.6,25.6,25.6,25.6,25.7,25.7,25.6,25.7,25.8,25.8,25.9,25.9,25.9,25.9,25.9,26.0,26.0,26.0,26.0,26.0,26.0,26.0,26.0,26.1,26.1,26.1,26.1,26.1,26.2,26.3,26.3,26.4,26.4,26.5,26.4,26.6,26.5,26.6,26.6,26.5,26.7,26.9,27.1,27.3,27.6,27.6,26.9,26.2,25.8,25.5,25.5,25.9,26.2,26.7,26.9,26.9,26.9,26.8,26.9,26.9,26.9,26.9,26.9,27.0,27.0,26.9,26.9,26.9,26.9,26.9,26.7,26.4,26.1,25.7,25.5,25.8,26.2,27.1,28.2,29.3,30.1,30.5,30.8,30.8,30.9,30.8,30.8,30.6,30.6,30.6,30.4,30.3,30.2,30.2,30.1,30.1,30.0,29.6,29.2,29.0,29.0,29.1,29.6,29.8,29.9,30.0,29.9,29.9,29.9,30.0,30.1,30.2,30.2,30.1,30.0,29.8,29.7,29.6,29.7,29.8,29.8,29.9,29.8,29.8,29.7,29.6,29.6,29.5,29.5,29.4,29.4,29.3,29.3,29.3,29.2,29.1,29.1,29.1,29.1,29.1,28.9,28.9,28.7,28.6,28.6,28.6,28.6,28.4,28.2,28.0,27.3,26.6,25.9,25.5,25.3,25.1,25.1,25.1,25.1,25.1,25.0,25.0,25.0,25.0,24.9,24.9,25.0,25.0,25.0,25.0,25.0,25.0,25.1,25.1,25.1,25.0,25.1,25.1,25.1,25.1,25.1,25.1,25.0,25.1,25.0,25.0,25.0
151,25.5,25.6,25.6,25.6,25.4,25.5,25.6,25.6,25.6,25.9,25.7,25.6,25.6,25.8,25.7,25.9,25.9,25.9,25.9,25.9,26.0,26.0,26.0,26.0,26.0,26.0,26.0,26.1,26.1,26.1,26.0,26.2,26.2,26.1,26.4,26.3,26.5,26.4,26.4,26.4,26.6,26.6,26.6,26.6,26.4,26.6,26.8,27.1,27.3,27.6,27.6,26.9,26.2,25.8,25.5,25.5,25.8,26.1,26.7,26.9,26.9,26.7,26.8,26.7,26.9,26.8,26.8,26.9,26.8,27.0,26.7,26.9,26.9,26.8,26.8,26.7,26.3,26.0,25.6,25.5,25.9,26.2,27.1,28.1,29.2,29.9,30.5,30.5,30.9,30.8,30.8,30.6,30.3,30.6,30.4,30.2,30.1,30.2,30.0,30.0,30.0,29.7,29.4,29.1,28.8,29.0,29.1,29.5,29.6,29.8,29.8,29.8,29.8,29.8,29.9,30.0,30.0,30.1,30.0,29.7,29.7,29.5,29.4,29.4,29.7,29.9,29.8,29.6,29.9,29.7,29.6,29.4,29.4,29.5,29.4,29.4,29.3,29.3,29.3,29.3,29.1,29.1,29.1,29.1,29.1,28.9,28.8,28.6,28.4,28.5,28.5,28.4,28.5,28.0,28.0,27.2,26.5,25.9,25.6,25.3,25.1,25.1,25.1,25.0,25.1,25.1,25.0,25.2,25.0,24.9,25.0,24.9,25.0,25.2,24.9,25.0,24.9,25.1,25.1,25.2,25.1,25.0,25.1,25.1,25.0,25.1,25.0,25.2,25.0,25.0,25.0,25.0
152,25.6,25.5,25.6,25.7,25.6,25.6,25.4,25.5,25.6,25.7,25.7,25.7,25.8,25.8,25.7,25.8,25.9,25.9,25.8,25.9,26.0,26.0,25.8,25.9,25.9,26.0,26.2,26.0,26.1,26.1,26.3,26.2,26.1,26.1,26.1,26.2,26.3,26.4,26.4,26.4,26.5,26.5,26.6,26.7,26.6,26.6,26.7,26.9,27.2,27.5,27.5,27.1,26.4,25.7,25.6,25.6,25.9,26.3,26.6,26.7,26.8,26.7,26.9,26.7,26.9,26.7,26.7,26.7,26.8,26.9,26.9,26.9,26.9,26.9,26.7,26.7,26.3,26.0,25.6,25.5,25.7,26.4,27.1,28.0,29.0,29.9,30.4,30.6,30.7,30.7,30.5,30.4,30.0,29.9,29.8,29.6,29.5,29.5,29.5,29.3,29.2,29.3,28.9,28.8,28.8,28.8,28.8,29.1,29.4,29.5,29.2,29.3,29.4,29.6,29.6,29.7,29.8,29.8,29.5,29.5,29.5,29.6,29.4,29.6,29.6,29.8,29.7,29.6,29.6,29.6,29.5,29.4,29.1,29.3,29.2,29.4,29.2,29.1,29.0,29.1,29.0,29.0,28.9,28.9,29.0,28.8,28.8,28.6,28.6,28.4,28.4,28.4,28.4,28.1,27.7,27.2,26.3,26.1,25.6,25.4,25.1,25.0,25.0,25.0,25.0,25.0,25.1,24.9,24.9,25.0,25.0,24.9,25.1,25.0,25.1,25.1,25.0,25.0,25.2,25.1,25.0,25.1,25.1,25.1,25.1,25.1,25.1,25.1,25.0,25.0,25.1,24.9
153,25.5,25.7,25.4,25.7,25.7,25.5,25.6,25.6,25.6,25.5,25.6,25.7,25.8,25.9,25.9,25.8,25.8,25.8,25.7,25.8,25.9,26.0,25.9,26.0,26.0,26.0,25.9,25.9,26.1,26.2,26.2,26.2,26.2,26.1,26.2,26.1,26.4,26.3,26.5,26.5,26.5,26.6,26.4,26.4,26.4,26.6,26.8,27.1,27.4,27.7,27.6,27.3,26.4,25.8,25.6,25.6,25.9,26.3,26.5,26.7,26.7,26.9,26.7,26.7,26.7,26.9,26.9,26.7,26.9,26.8,26.9,26.8,26.7,26.8,26.7,26.6,26.2,25.9,25.6,25.5,25.5,26.2,27.1,27.9,29.1,29.8,30.3,30.6,30.7,30.6,30.3,30.1,29.7,29.5,29.0,28.9,28.8,28.6,28.8,28.6,28.5,28.6,28.4,28.3,28.3,28.3,28.4,28.4,28.6,28.6,28.7,28.7,28.7,28.8,29.0,28.9,29.0,28.9,28.9,29.1,29.1,29.4,29.5,29.5,29.8,29.6,29.7,29.6,29.4,29.2,29.4,29.2,29.1,29.1,29.0,29.2,28.9,29.0,29.0,29.0,29.0,28.9,28.8,28.7,28.9,28.6,28.6,28.5,28.6,28.2,28.4,28.2,28.2,28.0,27.5,26.9,26.3,25.8,25.5,25.2,25.0,25.0,25.0,24.9,24.9,25.1,25.0,25.0,25.1,25.0,25.0,25.1,25.1,25.0,25.1,25.0,25.0,25.1,24.9,25.0,25.2,25.2,25.0,25.0,25.2,25.0,25.2,25.1,25.2,25.2,25.1,25.1
154,25.4,25.6,25.4,25.6,25.5,25.6,25.4,25.6,25.5,25.6,25.7,25.7,25.8,25.9,25.7,25.9,25.7,25.8,25.9,25.9,25.9,25.9,25.9,25.9,26.0,26.0,26.0,26.2,26.1,26.0,26.0,26.0,26.0,26.0,26.4,26.3,26.3,26.2,26.4,26.3,26.4,26.4,26.6,26.5,26.4,26.5,26.7,27.0,27.3,27.5,27.6,27.1,26.4,25.9,25.7,25.7,25.8,26.2,26.6,26.8,26.8,26.6,26.7,26.7,26.9,26.7,26.7,26.7,26.6,26.7,26.8,26.8,26.7,26.7,26.7,26.7,26.2,25.9,25.6,25.3,25.4,26.0,26.9,27.8,29.0,29.6,30.2,30.3,30.4,30.2,29.9,29.5,29.1,28.7,28.3,28.0,27.8,27.6,27.8,27.7,27.5,27.6,27.5,27.4,27.6,27.4,27.6,27.7,27.7,27.8,27.7,27.7,27.8,27.9,28.2,28.1,28.1,28.2,28.4,28.6,28.8,29.3,29.3,29.4,29.3,29.1,29.1,29.0,29.0,28.9,28.9,28.8,28.7,28.7,28.7,28.7,28.6,28.6,28.6,28.5,28.6,28.6,28.6,28.4,28.3,28.1,28.2,28.2,28.4,28.2,28.3,28.0,27.8,27.8,27.3,26.9,26.3,25.7,25.4,25.1,25.0,24.9,25.0,24.8,25.0,24.9,24.8,25.0,24.9,25.1,24.9,25.0,25.0,24.9,24.9,25.0,24.9,25.0,25.1,25.0,25.1,25.0,25.2,25.0,25.0,25.0,25.1,25.1,25.0,25.1,25.0,25.1
155,25.5,25.5,25.5,25.6,25.7,25.7,25.5,25.6,25.6,25.6,25.7,25.5,25.6,25.9,25.8,25.7,25.7,25.8,25.7,25.8,26.0,25.9,25.8,26.0,25.9,25.9,26.0,26.0,26.0,26.0,26.1,26.1,26.2,26.1,26.2,26.3,26.2,26.2,26.3,26.4,26.4,26.4,26.7,26.5,26.4,26.7,26.7,27.1,27.3,27.5,27.6,27.1,26.5,25.8,25.6,25.7,25.9,26.1,26.7,26.7,26.8,26.5,26.7,26.8,26.7,26.8,26.7,26.7,26.7,26.7,26.9,26.9,26.6,26.7,26.7,26.5,26.0,26.1,25.6,25.4,25.5,26.1,26.8,27.9,28.9,29.8,30.2,30.2,30.3,29.9,29.4,29.2,28.7,28.2,27.6,27.5,27.1,26.7,26.8,26.6,26.4,26.5,26.4,26.5,26.5,26.5,26.6,26.5,26.5,26.5,26.5,26.6,26.7,26.9,27.3,27.4,27.5,27.8,28.0,28.2,28.6,28.8,29.2,29.2,29.0,28.8,28.8,28.8,28.7,28.7,28.5,28.4,28.3,28.4,28.4,28.2,28.4,28.3,28.4,28.3,28.4,28.2,28.1,27.9,28.2,27.9,28.1,28.2,28.0,27.9,27.9,27.9,27.8,27.4,27.3,26.9,26.4,25.7,25.4,25.1,25.0,24.8,24.8,24.9,25.1,24.8,24.9,25.0,24.8,24.9,25.0,25.0,24.8,24.9,25.0,25.0,25.0,25.0,25.1,25.0,24.9,25.0,25.1,25.1,25.0,25.1,25.0,25.0,25.1,25.1,25.1,24.9
156,25.6,25.5,25.4,25.5,25.5,25.6,25.5,25.7,25.6,25.6,25.7,25.7,25.6,25.7,25.8,25.7,25.8,25.7,25.8,25.8,25.8,25.9,25.9,25.8,26.0,25.9,26.0,26.0,26.0,26.1,26.0,26.2,26.0,26.0,26.0,26.2,26.1,26.1,26.2,26.5,26.3,26.4,26.4,26.4,26.4,26.5,26.7,26.9,27.1,27.4,27.6,27.2,26.5,25.8,25.7,25.9,25.9,26.1,26.6,26.7,26.7,26.6,26.6,26.7,26.7,26.6,26.7,26.9,26.7,26.7,26.7,26.7,26.6,26.7,26.6,26.3,26.2,25.9,25.5,25.4,25.5,25.9,26.7,27.8,28.8,29.8,30.2,30.4,30.2,29.6,29.3,28.9,28.3,27.8,27.3,26.9,26.4,26.3,26.0,25.9,25.9,25.7,25.8,25.6,25.7,25.8,25.8,25.7,25.8,25.7,25.7,25.8,25.9,26.3,26.7,27.0,27.4,27.6,27.7,28.0,28.4,28.9,29.0,29.1,28.7,28.7,28.6,28.6,28.4,28.7,28.2,28.1,28.0,28.0,28.0,28.0,27.9,28.1,28.1,28.1,27.9,27.9,27.9,27.9,27.9,28.0,27.9,27.8,27.9,27.7,27.7,27.7,27.6,27.6,27.5,27.1,26.4,25.9,25.6,25.2,25.1,25.0,24.8,24.9,24.9,24.9,24.9,25.0,24.9,24.8,25.0,24.8,24.9,24.9,25.0,25.0,25.0,24.9,25.1,24.9,25.0,25.1,25.0,25.0,25.0,25.1,25.0,25.1,25.1,25.1,25.0,24.9
157,25.6,25.5,25.6,25.7,25.4,25.4,25.7,25.6,25.6,25.5,25.7,25.7,25.7,25.9,25.8,25.7,25.8,25.6,25.9,25.9,25.9,25.9,25.9,25.9,25.9,25.8,25.9,26.0,26.0,26.1,26.1,26.0,26.2,26.0,26.0,26.3,26.2,26.2,26.3,26.2,26.4,26.5,26.4,26.4,26.5,26.5,26.7,27.1,27.3,27.6,27.7,27.4,26.4,26.0,25.6,25.8,26.1,26.2,26.6,26.8,26.7,26.6,26.7,26.7,26.7,26.8,26.7,26.7,26.7,26.9,26.8,26.9,26.7,26.7,26.7,26.6,26.3,26.0,25.5,25.2,25.6,26.1,26.9,27.8,28.7,29.7,30.1,30.1,30.1,29.6,29.4,28.8,28.2,27.8,27.1,26.5,26.0,25.6,25.6,25.4,25.3,25.2,25.3,25.1,25.1,25.3,25.1,25.0,25.1,25.0,25.1,25.1,25.4,26.2,26.6,27.0,27.2,27.3,27.6,27.7,28.4,28.9,29.1,29.0,28.8,28.7,28.5,28.5,28.2,28.2,28.1,27.9,27.7,27.7,27.9,27.7,27.9,27.9,27.9,27.9,28.0,27.8,27.8,27.7,27.7,27.7,27.7,27.8,27.7,27.7,27.9,27.7,27.6,27.5,27.4,27.0,26.4,25.9,25.4,25.3,25.0,25.0,25.0,24.7,24.9,24.9,24.9,24.9,24.9,24.9,24.9,25.1,25.0,25.0,25.0,25.1,25.0,25.1,25.1,25.0,25.1,25.0,25.1,25.2,25.0,25.0,25.0,25.0,25.1,25.0,25.1,25.0
158,25.4,25.6,25.4,25.6,25.6,25.7,25.4,25.5,25.7,25.6,25.5,25.5,25.6,25.7,25.7,25.7,25.7,25.8,25.7,25.8,25.7,25.9,25.8,25.9,25.8,25.9,25.9,26.0,26.0,26.0,26.1,26.0,26.0,25.9,26.1,26.2,26.1,26.2,26.2,26.4,26.4,26.3,26.4,26.6,26.5,26.4,26.6,26.9,27.2,27.4,27.7,27.1,26.6,25.9,25.8,25.8,25.9,26.2,26.6,26.6,26.5,26.7,26.5,26.7,26.7,26.7,26.7,26.7,26.7,26.7,26.8,26.7,26.6,26.9,26.6,26.6,26.1,25.9,25.7,25.5,25.7,26.3,27.0,27.9,28.7,29.6,29.9,30.0,29.9,29.5,29.1,28.7,28.1,27.6,27.1,26.4,25.8,25.5,25.1,25.1,25.0,25.0,24.7,24.7,24.8,24.8,24.6,24.6,24.6,24.6,24.6,24.9,25.1,26.0,26.7,27.1,27.3,27.4,27.5,27.9,28.2,28.8,29.0,28.9,28.7,28.5,28.5,28.3,28.3,28.2,27.9,27.7,27.6,27.5,27.6,27.8,27.5,27.8,27.8,27.8,27.7,27.6,27.7,27.6,27.7,27.7,27.7,27.6,27.6,27.5,27.6,27.6,27.5,27.3,27.3,26.9,26.4,26.2,25.7,25.0,24.9,24.9,24.9,25.0,24.8,24.9,24.9,24.9,24.9,24.9,24.9,25.0,24.9,25.1,24.9,25.0,25.1,25.0,25.0,25.0,25.0,25.0,25.1,25.2,25.1,25.1,25.0,25.1,24.9,25.2,25.1,25.1
159,25.8,25.5,25.5,25.6,25.5,25.6,25.6,25.6,25.6,25.5,25.7,25.5,25.8,25.6,25.6,25.7,25.8,25.8,25.7,25.9,25.7,25.8,25.8,25.8,26.0,25.9,25.7,26.0,26.0,26.0,26.1,26.1,26.1,26.1,26.1,26.0,26.1,26.2,26.2,26.2,26.3,26.4,26.4,26.4,26.5,26.5,26.7,27.0,27.3,27.5,27.7,27.1,26.5,26.0,25.7,25.9,26.0,26.3,26.6,26.6,26.6,26.6,26.5,26.7,26.7,26.6,26.6,26.6,26.7,26.7,26.6,26.7,26.4,26.8,26.5,26.5,26.1,25.9,26.0,26.0,26.2,26.7,27.2,27.8,28.6,29.4,29.8,29.8,29.8,29.6,29.3,28.9,28.4,27.8,27.2,26.3,25.6,25.2,25.0,24.9,24.9,24.8,24.7,24.9,24.7,24.7,24.5,24.4,24.2,24.6,24.4,24.6,25.2,26.1,26.8,27.1,27.4,27.4,27.7,27.9,28.3,28.7,28.8,29.0,28.9,28.9,28.7,28.5,28.3,28.3,28.1,27.8,27.6,27.8,27.6,27.7,27.6,27.7,27.8,27.7,27.8,27.8,27.7,27.7,27.8,27.7,27.6,27.6,27.6,27.6,27.6,27.6,27.7,27.5,27.4,27.1,26.5,25.9,25.7,25.3,25.0,24.9,24.9,24.8,25.0,24.9,25.0,24.9,24.9,24.9,24.9,24.8,25.0,25.1,25.0,25.1,25.1,25.1,25.1,25.0,25.2,25.0,25.1,25.1,24.9,25.1,25.1,25.0,25.1,25.1,25.1,25.1
160,25.5,25.5,25.3,25.7,25.6,25.7,25.5,25.4,25.7,25.6,25.8,25.7,25.8,25.8,25.7,25.8,25.7,25.8,25.9,25.7,25.7,25.8,25.7,25.9,25.8,25.9,25.7,25.9,26.0,25.9,26.1,26.0,26.2,25.9,26.1,26.1,26.2,26.1,26.0,26.3,26.2,26.4,26.3,26.4,26.4,26.4,26.5,26.9,27.2,27.5,27.6,27.2,26.5,26.1,25.9,25.8,26.1,26.1,26.4,26.5,26.6,26.7,26.6,26.5,26.7,26.7,26.7,26.7,26.6,26.6,26.7,26.6,26.7,26.7,26.6,26.4,26.1,26.1,26.1,26.4,26.6,26.9,27.3,27.8,28.7,29.2,29.7,29.8,29.7,29.4,29.4,29.1,28.5,27.8,26.9,26.2,25.6,25.0,25.0,24.9,24.9,24.7,24.7,24.6,24.4,24.4,24.5,24.2,24.1,24.2,24.4,24.8,25.4,26.3,26.9,27.2,27.4,27.5,27.6,27.9,28.4,28.6,28.8,29.1,28.9,29.0,28.9,28.6,28.6,28.4,28.0,27.6,27.6,27.5,27.5,27.7,27.7,27.7,27.7,27.7,27.8,27.6,27.5,27.6,27.7,27.5,27.5,27.7,27.6,27.6,27.4,27.4,27.5,27.6,27.2,27.1,26.5,25.9,25.8,25.1,25.0,24.7,24.8,25.0,24.9,24.9,24.8,24.9,24.8,25.0,24.8,24.9,25.0,24.9,24.9,25.1,24.9,25.0,25.0,25.0,24.9,25.0,25.0,25.0,25.0,24.8,25.1,25.2,25.0,24.9,25.0,25.0
161,25.4,25.5,25.5,25.6,25.5,25.6,25.5,25.6,25.5,25.7,25.7,25.7,25.7,25.6,25.7,25.9,25.9,25.8,25.8,25.6,25.8,25.7,25.7,25.8,26.0,25.8,25.8,25.8,26.0,26.0,26.0,26.0,26.0,25.9,26.2,26.2,26.1,26.1,26.2,26.2,26.2,26.3,26.4,26.2,26.6,26.6,26.6,27.0,27.3,27.4,27.6,27.1,26.7,26.0,25.7,25.9,26.0,26.1,26.5,26.5,26.5,26.6,26.7,26.6,26.8,26.7,26.6,26.7,26.6,26.6,26.7,26.7,26.6,26.5,26.6,26.5,26.2,26.2,26.4,26.6,26.6,27.0,27.4,27.8,28.6,29.0,29.6,29.7,29.6,29.6,29.5,29.1,28.7,27.7,26.9,26.1,25.6,25.1,24.9,24.7,24.7,24.7,24.8,24.8,24.6,24.4,24.3,24.3,24.2,24.2,24.3,24.8,25.6,26.5,27.1,27.4,27.6,27.7,27.7,27.9,28.2,28.7,29.0,29.0,29.1,29.0,29.0,28.9,28.6,28.4,28.2,27.7,27.6,27.6,27.5,27.7,27.6,27.6,27.6,27.6,27.6,27.7,27.5,27.6,27.8,27.4,27.5,27.8,27.5,27.6,27.4,27.5,27.4,27.4,27.3,27.1,26.5,26.0,25.7,25.2,25.1,24.8,24.7,24.9,25.0,25.0,24.9,25.0,25.0,25.0,24.8,24.9,25.0,24.8,24.9,24.9,25.0,24.9,25.0,24.9,25.1,25.0,25.0,25.1,25.1,25.0,25.0,25.1,25.0,25.0,25.0,24.9
162,25.4,25.4,25.4,25.6,25.7,25.6,25.7,25.6,25.5,25.6,25.6,25.5,25.7,25.7,25.7,25.8,25.8,25.9,25.5,25.9,25.9,25.7,25.9,25.9,25.8,25.8,25.9,25.8,26.0,26.0,26.1,26.0,26.0,26.0,26.1,26.2,26.0,26.1,26.2,26.2,26.2,26.0,26.3,26.4,26.5,26.4,26.7,26.9,27.4,27.4,27.6,27.2,26.4,25.9,25.8,25.9,26.0,26.2,26.5,26.5,26.5,26.7,26.5,26.4,26.6,26.7,26.7,26.7,26.7,26.5,26.6,26.5,26.5,26.7,26.6,26.4,26.3,26.6,26.7,26.8,26.9,27.1,27.5,28.0,28.6,29.2,29.6,29.6,29.7,29.6,29.6,29.3,28.7,27.8,26.9,25.9,25.4,25.1,25.0,24.8,24.8,24.6,24.6,24.5,24.6,24.3,24.2,24.3,24.2,24.3,24.5,24.9,26.0,26.9,27.3,27.3,27.4,27.6,27.7,28.0,28.3,28.8,28.8,29.2,29.1,29.0,29.1,29.0,28.8,28.4,28.2,27.8,27.6,27.5,27.5,27.7,27.6,27.6,27.6,27.6,27.5,27.6,27.8,27.5,27.7,27.7,27.6,27.5,27.7,27.4,27.4,27.5,27.5,27.4,27.2,26.9,26.6,26.0,25.5,25.1,24.9,24.9,24.7,24.7,25.0,24.8,25.0,24.9,24.9,25.0,25.0,24.9,25.0,25.0,25.0,25.0,25.0,25.1,25.2,25.0,24.9,25.1,25.1,25.1,25.1,25.1,25.2,25.1,25.1,25.1,25.0,25.1
163,25.5,25.6,25.6,25.4,25.6,25.7,25.7,25.5,25.5,25.3,25.4,25.7,25.6,25.9,25.5,25.7,25.7,25.6,25.7,25.8,25.6,25.7,25.8,25.7,25.8,25.7,26.0,25.9,25.9,26.0,25.9,25.9,26.1,26.0,26.0,26.1,26.2,26.1,26.1,26.2,26.2,26.1,26.3,26.4,26.3,26.4,26.7,26.9,27.2,27.4,27.6,27.1,26.4,25.9,25.9,25.8,25.9,26.2,26.6,26.5,26.5,26.5,26.6,26.6,26.5,26.5,26.6,26.5,26.6,26.6,26.6,26.6,26.5,26.5,26.4,26.4,26.2,26.4,26.4,26.7,26.7,27.2,27.8,27.9,28.6,29.2,29.5,29.6,29.9,29.6,29.4,29.2,28.6,27.7,26.9,25.9,25.5,24.9,24.9,24.7,24.7,24.6,24.9,24.6,24.6,24.4,24.3,24.3,24.1,24.3,24.5,25.1,26.0,27.0,27.3,27.4,27.6,27.5,27.6,27.9,28.3,28.8,29.0,29.1,28.9,29.1,28.9,28.8,28.8,28.7,28.2,27.7,27.6,27.6,27.6,27.7,27.5,27.8,27.6,27.8,27.7,27.7,27.4,27.5,27.6,27.5,27.4,27.5,27.5,27.7,27.6,27.3,27.6,27.5,27.3,27.0,26.5,25.9,25.5,25.2,24.8,24.7,24.7,24.7,24.9,24.7,24.9,24.8,24.9,24.9,24.8,25.0,24.9,25.0,25.0,24.9,25.0,24.9,25.0,25.0,25.1,25.0,25.0,25.0,25.1,25.0,25.0,25.1,25.0,25.1,25.1,25.0
164,25.5,25.4,25.5,25.6,25.5,25.5,25.4,25.6,25.5,25.7,25.6,25.7,25.7,25.7,25.6,25.7,25.6,25.8,25.7,25.7,25.9,25.7,25.7,25.8,25.8,25.9,25.7,25.9,25.9,25.9,25.7,26.0,25.9,26.0,26.1,26.1,26.0,26.1,26.1,26.0,26.1,26.2,26.4,26.2,26.3,26.4,26.5,26.9,27.3,27.4,27.6,27.1,26.3,25.9,25.7,25.7,26.0,26.3,26.4,26.6,26.7,26.6,26.5,26.4,26.5,26.6,26.6,26.5,26.5,26.5,26.6,26.5,26.7,26.6,26.4,26.2,26.3,26.2,26.2,26.6,26.9,27.2,27.7,28.0,28.6,29.2,29.5,29.7,29.8,29.7,29.4,29.1,28.5,27.6,26.7,25.9,25.4,25.0,24.7,24.7,24.6,24.6,24.6,24.5,24.5,24.4,24.4,24.3,24.1,24.2,24.7,25.1,26.3,27.0,27.3,27.5,27.3,27.6,27.5,27.8,28.3,28.6,28.9,29.0,29.0,28.8,28.6,28.8,28.6,28.5,28.1,27.7,27.7,27.6,27.6,27.5,27.5,27.8,27.7,27.6,27.8,27.6,27.6,27.3,27.5,27.3,27.5,27.6,27.5,27.6,27.4,27.4,27.4,27.4,27.4,27.1,26.4,25.8,25.5,25.1,25.0,24.9,24.8,24.9,24.9,24.8,24.8,25.0,24.9,24.8,25.0,25.0,24.9,25.0,25.0,25.0,24.9,25.0,25.0,25.1,24.9,24.9,25.2,24.9,25.1,25.1,25.2,25.0,25.0,24.9,25.1,25.0
165,25.4,25.6,25.5,25.6,25.6,25.4,25.5,25.6,25.5,25.6,25.7,25.5,25.7,25.7,25.7,25.6,25.8,25.5,25.7,26.0,25.9,25.8,25.7,25.9,25.7,25.9,25.7,25.8,25.9,26.0,25.9,25.9,25.9,25.8,25.9,26.1,25.9,26.1,26.2,25.9,26.2,26.3,26.3,26.3,26.5,26.4,26.4,26.7,27.3,27.4,27.6,26.9,26.3,25.8,25.9,25.7,25.9,26.1,26.5,26.6,26.6,26.6,26.7,26.5,26.5,26.5,26.6,26.6,26.6,26.5,26.8,26.7,26.6,26.6,26.5,26.4,26.1,26.0,26.0,26.2,26.6,27.0,27.5,28.0,28.6,29.3,29.8,29.6,29.6,29.4,29.2,28.9,28.2,27.4,26.6,25.9,25.2,24.8,24.7,24.7,24.6,24.5,24.7,24.6,24.4,24.3,24.5,24.2,24.3,24.4,24.6,25.3,26.3,27.1,27.5,27.6,27.6,27.5,27.6,28.0,28.2,28.7,28.9,29.1,28.7,28.6,28.3,28.4,28.4,28.4,28.1,27.8,27.7,27.5,27.4,27.6,27.6,27.7,27.7,27.7,27.6,27.7,27.6,27.6,27.6,27.7,27.6,27.6,27.6,27.4,27.4,27.5,27.6,27.6,27.3,27.1,26.4,26.0,25.4,25.0,25.0,24.9,24.9,24.7,25.0,24.8,25.0,25.1,25.0,24.9,24.9,25.0,25.0,25.1,25.0,24.8,25.0,25.0,24.9,25.0,25.0,25.0,25.0,25.1,25.1,25.0,25.0,25.1,25.1,25.1,25.0,24.8
166,25.6,25.5,25.4,25.4,25.5,25.7,25.5,25.5,25.5,25.6,25.4,25.6,25.6,25.7,25.8,25.7,25.6,25.5,25.8,25.9,25.7,25.8,25.8,25.7,25.8,25.8,25.8,25.8,25.9,26.0,25.9,25.8,26.1,25.9,26.1,26.0,26.3,26.0,26.0,26.1,26.2,26.4,26.3,26.3,26.3,26.3,26.4,26.9,27.1,27.3,27.4,27.0,26.2,25.9,25.8,25.7,26.0,26.2,26.5,26.6,26.6,26.5,26.7,26.7,26.7,26.6,26.5,26.7,26.6,26.5,26.7,26.4,26.6,26.7,26.5,26.4,26.2,25.9,25.8,25.8,26.2,26.7,27.4,27.9,28.6,29.3,29.5,29.6,29.8,29.2,28.9,28.6,28.1,27.4,26.5,25.9,25.3,24.9,24.9,24.7,24.6,24.5,24.6,24.5,24.5,24.5,24.1,24.2,24.1,24.4,24.6,25.6,26.4,27.0,27.3,27.4,27.6,27.6,27.6,27.8,28.3,28.7,28.8,28.7,28.2,28.2,28.0,28.0,28.1,28.3,27.9,27.7,27.5,27.6,27.4,27.8,27.6,27.6,27.6,27.6,27.7,27.6,27.4,27.5,27.8,27.6,27.4,27.6,27.5,27.6,27.6,27.5,27.5,27.6,27.2,27.0,26.2,26.0,25.5,25.2,25.1,24.7,24.8,24.9,24.9,24.9,24.9,24.8,25.0,24.9,24.8,25.0,25.0,25.0,25.1,24.9,25.0,25.1,25.1,25.0,25.1,25.1,25.3,25.1,25.1,25.1,25.2,25.1,25.0,25.0,25.0,25.1
167,25.6,25.4,25.6,25.4,25.5,25.6,25.7,25.5,25.5,25.5,25.7,25.6,25.7,25.7,25.7,25.7,25.6,25.7,25.7,25.7,25.9,25.8,25.7,25.8,25.8,25.7,25.8,25.7,25.7,25.9,25.8,25.7,25.9,25.8,26.0,26.0,26.0,26.0,26.0,26.2,26.1,26.0,26.3,26.0,26.2,26.4,26.5,26.9,27.1,27.4,27.3,26.7,26.2,25.9,25.8,25.7,25.8,26.3,26.4,26.7,26.6,26.5,26.5,26.7,26.5,26.5,26.5,26.6,26.5,26.6,26.7,26.7,26.5,26.4,26.7,26.3,25.9,25.7,25.4,25.4,25.7,26.3,27.0,27.7,28.6,29.1,29.5,29.6,29.4,29.1,28.9,28.1,27.7,27.0,26.4,25.7,25.2,24.8,24.6,24.5,24.5,24.4,24.5,24.4,24.5,24.3,24.1,24.1,24.3,24.3,24.7,25.5,26.5,27.2,27.5,27.4,27.4,27.5,27.6,27.9,28.2,28.6,28.7,28.6,28.2,28.0,27.8,27.9,28.1,28.0,27.9,27.7,27.5,27.5,27.5,27.6,27.6,27.6,27.5,27.6,27.6,27.6,27.6,27.5,27.5,27.6,27.4,27.6,27.6,27.6,27.6,27.3,27.5,27.4,27.4,27.0,26.4,26.0,25.5,25.1,25.0,24.8,24.8,24.7,24.8,24.8,24.9,24.8,24.8,24.9,24.9,24.9,25.0,25.1,24.8,25.0,25.0,25.1,24.9,25.0,25.1,25.0,24.9,24.9,24.9,25.0,25.1,25.0,25.0,25.0,24.9,25.0
168,25.4,25.5,25.4,25.5,25.7,25.7,25.6,25.4,25.4,25.6,25.7,25.6,25.5,25.6,25.7,25.6,25.7,25.6,25.9,25.7,25.7,25.7,25.7,25.7,25.7,25.7,25.7,25.7,25.8,25.8,25.9,25.9,25.9,25.8,26.1,26.0,26.1,26.1,26.1,26.0,26.0,26.1,26.3,26.3,26.1,26.4,26.4,26.8,26.9,27.3,27.5,26.9,26.2,25.8,25.7,25.7,25.9,26.3,26.4,26.5,26.6,26.6,26.6,26.7,26.5,26.5,26.6,26.6,26.7,26.5,26.5,26.6,26.5,26.5,26.3,26.1,26.0,25.7,25.4,25.2,25.4,25.9,26.6,27.6,28.4,29.0,29.6,29.4,29.3,28.9,28.6,28.0,27.5,26.9,26.5,25.4,25.0,24.7,24.6,24.6,24.6,24.4,24.5,24.4,24.5,24.3,24.1,24.1,24.0,24.3,24.6,25.6,26.5,27.3,27.4,27.4,27.5,27.3,27.6,27.9,28.3,28.6,28.6,28.6,28.2,27.9,27.8,27.8,28.0,28.0,27.7,27.3,27.6,27.5,27.4,27.5,27.5,27.5,27.6,27.7,27.7,27.6,27.6,27.5,27.6,27.5,27.6,27.6,27.6,27.3,27.6,27.5,27.4,27.6,27.3,27.0,26.6,25.9,25.3,25.0,24.8,24.8,24.9,24.8,24.8,24.8,24.8,24.9,24.9,24.9,24.8,24.9,24.9,24.9,24.9,25.0,25.1,24.9,24.8,24.9,25.0,25.2,25.1,25.1,25.1,25.1,25.2,25.1,25.0,25.0,25.0,25.1
169,25.3,25.6,25.5,25.5,25.6,25.3,25.6,25.5,25.4,25.7,25.5,25.7,25.7,25.7,25.8,25.6,25.7,25.7,25.7,25.8,25.7,25.6,25.7,25.8,25.7,25.8,25.7,25.8,25.8,25.9,25.7,25.7,25.9,26.0,26.0,26.0,26.0,25.9,26.0,25.9,26.0,26.2,26.2,26.4,26.1,26.2,26.4,26.7,26.9,27.1,27.4,26.7,26.0,25.7,25.6,25.7,25.8,26.2,26.4,26.7,26.4,26.6,26.5,26.4,26.6,26.5,26.5,26.6,26.6,26.6,26.6,26.6,26.6,26.4,26.5,26.2,25.9,25.7,25.3,24.9,25.2,25.6,26.4,27.3,28.2,29.0,29.3,29.4,29.4,29.1,28.7,28.2,27.7,26.9,26.2,25.6,25.1,24.6,24.5,24.6,24.5,24.6,24.5,24.5,24.3,24.3,24.2,24.2,24.2,24.4,24.8,25.7,26.6,27.2,27.6,27.5,27.5,27.6,27.6,27.7,28.2,28.5,28.6,28.5,28.1,28.2,27.9,27.8,28.2,28.1,27.9,27.6,27.6,27.5,27.5,27.5,27.7,27.6,27.6,27.7,27.6,27.6,27.6,27.6,27.8,27.6,27.6,27.6,27.5,27.6,27.6,27.2,27.6,27.5,27.4,27.0,26.5,26.0,25.4,25.3,25.0,24.9,24.8,24.8,24.8,24.7,24.7,24.9,24.8,24.9,24.9,25.0,24.9,24.9,25.0,25.0,25.1,25.0,25.1,25.0,24.9,25.1,25.0,25.0,25.0,25.2,25.1,25.0,25.0,24.9,25.1,25.0
170,25.7,25.6,25.4,25.4,25.5,25.5,25.5,25.6,25.5,25.5,25.7,25.6,25.4,25.6,25.6,25.6,25.7,25.6,25.8,25.7,25.7,25.9,25.8,25.8,25.7,25.8,25.8,25.8,25.9,25.9,25.7,25.8,25.7,25.9,25.9,26.0,25.9,26.0,25.9,26.0,26.0,26.0,26.1,26.2,26.2,26.1,26.5,26.7,26.8,27.1,27.1,26.5,26.1,25.7,25.5,25.6,25.8,26.2,26.2,26.5,26.6,26.5,26.6,26.7,26.5,26.5,26.6,26.6,26.5,26.5,26.6,26.5,26.5,26.5,26.5,26.4,25.9,25.5,25.2,24.9,25.0,25.6,26.2,27.1,28.2,28.9,29.4,29.2,29.1,28.9,28.8,28.3,27.9,27.0,26.4,25.5,25.0,24.6,24.6,24.4,24.5,24.5,24.5,24.4,24.3,24.2,24.3,24.2,24.1,24.3,25.0,26.0,26.7,27.1,27.5,27.6,27.5,27.6,27.5,27.7,28.2,28.5,28.7,28.7,28.5,28.3,28.1,28.1,28.2,28.1,27.9,27.5,27.6,27.6,27.3,27.5,27.6,27.7,27.7,27.6,27.6,27.5,27.6,27.6,27.8,27.7,27.4,27.3,27.5,27.6,27.6,27.5,27.6,27.5,27.4,27.0,26.4,25.9,25.4,25.2,25.0,24.9,24.9,24.9,25.0,24.8,24.8,24.9,24.9,25.0,24.7,24.9,25.0,24.9,25.0,24.9,25.0,24.9,24.9,25.0,24.9,24.9,25.1,24.9,25.0,24.9,24.9,25.0,25.0,25.0,25.0,25.0
171,25.5,25.5,25.4,25.4,25.6,25.5,25.6,25.5,25.6,25.7,25.7,25.4,25.6,25.7,25.5,25.5,25.7,25.8,25.6,25.7,25.7,25.8,25.7,25.7,25.9,25.7,25.6,25.8,25.8,25.7,25.7,25.7,25.7,25.7,25.7,25.9,26.0,26.0,25.9,25.8,26.1,26.0,26.2,26.0,26.1,26.1,26.3,26.6,26.9,26.7,27.1,26.6,26.2,25.7,25.5,25.5,25.8,26.1,26.4,26.4,26.5,26.6,26.6,26.6,26.7,26.5,26.5,26.6,26.4,26.4,26.7,26.6,26.5,26.4,26.4,26.2,25.9,25.6,25.2,25.1,25.0,25.5,26.2,26.9,28.0,28.8,29.0,29.2,29.2,28.9,28.8,28.6,28.0,27.3,26.4,25.7,24.9,24.8,24.5,24.7,24.7,24.5,24.6,24.4,24.6,24.4,24.3,24.2,24.1,24.3,25.1,26.0,26.7,27.3,27.4,27.4,27.6,27.4,27.5,27.8,28.1,28.4,28.8,28.8,28.5,28.6,28.4,28.4,28.4,28.1,28.0,27.5,27.4,27.4,27.3,27.4,27.6,27.7,27.5,27.6,27.6,27.5,27.6,27.8,27.8,27.5,27.4,27.5,27.6,27.4,27.4,27.4,27.4,27.3,27.3,27.0,26.3,25.9,25.4,25.0,24.8,25.0,24.8,24.9,24.9,24.8,24.9,24.9,24.8,25.0,24.8,25.0,24.9,25.0,25.1,24.9,25.0,24.9,24.9,24.9,25.0,25.1,25.0,25.1,25.0,24.9,25.1,25.0,25.0,25.0,25.1,24.9
172,25.6,25.6,25.5,25.7,25.6,25.4,25.5,25.6,25.5,25.4,25.7,25.4,25.5,25.7,25.7,25.7,25.6,25.6,25.6,25.7,25.6,25.7,25.6,25.7,25.7,25.8,25.7,25.8,25.8,25.9,25.8,25.9,25.7,25.7,25.8,25.8,25.7,25.9,26.0,25.7,26.0,25.9,26.2,26.0,26.0,26.1,26.2,26.5,26.9,26.9,26.9,26.6,26.0,25.6,25.3,25.5,25.9,26.3,26.4,26.4,26.6,26.6,26.5,26.6,26.4,26.7,26.5,26.6,26.4,26.5,26.5,26.5,26.4,26.5,26.3,26.0,25.8,25.4,25.1,25.0,24.9,25.4,26.0,27.1,27.9,28.7,28.9,29.2,29.3,29.1,29.0,28.8,28.2,27.1,26.5,25.5,25.1,24.7,24.5,24.6,24.5,24.6,24.5,24.4,24.7,24.3,24.1,24.3,24.4,24.4,25.3,26.3,26.9,27.1,27.5,27.4,27.3,27.6,27.6,27.8,28.2,28.4,28.7,29.0,28.8,28.6,28.7,28.5,28.5,28.3,27.9,27.6,27.5,27.3,27.5,27.5,27.6,27.5,27.5,27.4,27.6,27.6,27.8,27.6,27.7,27.3,27.4,27.5,27.6,27.5,27.6,27.4,27.5,27.5,27.3,27.0,26.4,25.9,25.6,25.1,25.0,24.9,24.8,24.9,24.7,24.6,24.8,25.0,24.9,24.9,24.9,24.9,24.9,24.9,24.9,24.8,24.9,24.9,24.9,24.9,25.1,24.9,25.1,25.1,24.9,25.1,25.0,25.0,24.9,25.2,25.0,25.1
173,25.4,25.4,25.5,25.5,25.6,25.4,25.5,25.5,25.4,25.5,25.6,25.4,25.5,25.7,25.6,25.7,25.8,25.4,25.8,25.6,25.6,25.6,25.6,25.6,25.7,25.7,25.7,25.7,25.7,25.7,25.7,25.9,25.7,25.6,25.7,26.0,25.9,25.9,25.9,25.8,26.0,25.9,26.0,26.0,26.0,26.3,26.2,26.5,26.6,26.8,26.9,26.4,25.8,25.5,25.3,25.6,25.9,26.1,26.2,26.4,26.6,26.4,26.6,26.5,26.6,26.4,26.7,26.4,26.5,26.4,26.6,26.6,26.4,26.4,26.4,26.1,25.8,25.6,25.2,24.8,24.9,25.4,26.1,27.0,28.0,28.7,29.1,29.2,29.1,29.2,29.1,28.7,28.2,27.3,26.3,25.4,25.0,24.7,24.6,24.7,24.6,24.6,24.7,24.6,24.5,24.3,24.3,24.3,24.3,24.6,25.5,26.2,26.8,27.1,27.4,27.4,27.5,27.6,27.5,27.8,28.1,28.4,28.6,28.9,28.9,28.8,28.8,28.7,28.4,28.3,27.9,27.6,27.5,27.6,27.3,27.6,27.5,27.6,27.5,27.5,27.6,27.6,27.6,27.7,27.7,27.4,27.4,27.6,27.4,27.3,27.3,27.4,27.6,27.4,27.2,26.9,26.2,25.9,25.3,25.2,24.9,24.8,24.8,24.8,24.8,24.9,24.8,24.9,24.7,24.8,24.9,24.9,25.0,24.9,24.9,24.9,24.7,25.0,25.0,24.9,24.9,25.0,25.0,25.0,24.9,25.1,24.8,25.0,25.0,25.0,24.8,25.0
174,25.5,25.5,25.5,25.5,25.4,25.5,25.5,25.7,25.6,25.6,25.6,25.5,25.6,25.7,25.7,25.7,25.6,25.7,25.6,25.6,25.7,25.6,25.6,25.7,25.7,25.7,25.7,25.6,25.9,25.7,25.8,25.6,25.9,25.8,25.9,25.9,25.9,25.8,26.0,25.9,25.9,26.0,26.1,26.0,26.1,26.2,26.3,26.5,26.7,26.9,26.9,26.5,26.0,25.6,25.3,25.4,25.9,26.2,26.3,26.4,26.6,26.5,26.4,26.4,26.4,26.7,26.4,26.7,26.5,26.5,26.4,26.6,26.4,26.4,26.4,26.2,25.9,25.6,25.1,24.9,24.8,25.4,26.1,26.9,27.9,28.8,29.0,29.2,29.3,29.4,29.3,28.8,28.3,27.3,26.4,25.5,24.9,24.9,24.6,24.7,24.8,24.7,24.7,24.6,24.4,24.5,24.3,24.3,24.3,24.7,25.3,26.2,26.7,27.0,27.2,27.3,27.4,27.4,27.5,27.7,28.0,28.5,28.7,29.0,28.8,29.0,28.8,28.5,28.4,28.4,27.9,27.4,27.3,27.5,27.5,27.6,27.6,27.3,27.5,27.6,27.5,27.9,27.6,27.4,27.7,27.5,27.5,27.5,27.4,27.6,27.6,27.6,27.4,27.4,27.4,26.9,26.3,25.8,25.3,25.0,25.0,24.9,24.9,24.9,24.8,24.9,24.8,24.9,24.9,25.0,24.9,24.9,24.9,25.1,24.8,25.0,25.0,25.1,25.1,25.0,24.8,24.9,25.0,25.0,25.1,25.1,25.1,25.0,25.2,25.1,24.9,25.0
175,25.7,25.5,25.6,25.3,25.5,25.6,25.4,25.4,25.4,25.4,25.5,25.6,25.6,25.6,25.6,25.5,25.8,25.6,25.5,25.8,25.5,25.6,25.7,25.7,25.7,25.6,25.7,25.6,25.8,25.8,25.7,25.7,25.7,25.7,25.8,25.8,25.9,25.8,26.0,25.8,25.9,25.9,25.9,25.9,25.9,26.3,26.1,26.5,26.7,26.8,26.9,26.5,25.8,25.6,25.4,25.4,25.9,26.1,26.4,26.4,26.5,26.6,26.4,26.5,26.5,26.4,26.4,26.5,26.4,26.4,26.6,26.6,26.3,26.3,26.4,26.1,25.9,25.6,25.0,24.9,24.8,25.2,25.9,26.9,28.0,28.8,29.1,29.2,29.3,29.2,29.0,28.7,28.2,27.2,26.4,25.4,25.0,24.8,24.9,24.7,24.9,24.8,24.8,24.9,24.7,24.6,24.4,24.2,24.4,24.9,25.6,26.3,26.6,26.9,27.1,27.2,27.2,27.4,27.5,27.7,28.2,28.4,28.6,29.1,28.8,28.9,28.7,28.6,28.3,28.1,27.8,27.5,27.3,27.5,27.3,27.4,27.5,27.5,27.6,27.7,27.7,27.7,27.6,27.7,27.6,27.4,27.3,27.5,27.6,27.6,27.5,27.6,27.5,27.3,27.2,26.9,26.3,25.8,25.3,25.0,25.0,24.9,24.8,24.7,24.7,24.8,24.9,25.1,25.0,24.9,24.9,24.9,25.1,25.0,25.0,25.0,24.9,25.1,25.0,24.9,25.0,25.0,25.0,25.0,25.0,25.1,25.1,25.0,25.0,25.1,24.9,25.0
176,25.2,25.6,25.4,25.4,25.6,25.6,25.4,25.6,25.4,25.6,25.6,25.6,25.5,25.7,25.6,25.7,25.7,25.5,25.5,25.7,25.7,25.7,25.7,25.6,25.6,25.8,25.6,25.6,25.9,25.9,25.7,25.7,25.8,25.7,25.9,25.8,25.9,25.7,25.9,25.8,26.0,26.0,25.9,25.9,26.0,26.0,26.3,26.4,26.6,26.8,27.0,26.5,25.8,25.5,25.4,25.6,25.9,26.4,26.5,26.6,26.4,26.6,26.5,26.7,26.7,26.6,26.5,26.5,26.5,26.5,26.6,26.6,26.5,26.5,26.4,26.2,25.9,25.4,25.2,24.9,24.8,25.4,25.9,26.9,27.9,28.6,29.0,29.3,29.4,29.0,29.1,28.8,28.1,27.2,26.3,25.6,25.2,25.0,25.0,25.0,25.0,24.9,25.0,24.8,24.7,24.9,24.6,24.6,25.0,25.3,25.9,26.4,26.7,26.9,27.1,27.1,27.3,27.3,27.4,27.9,28.4,28.5,28.7,29.0,29.0,28.9,28.9,28.5,28.4,28.2,27.8,27.5,27.4,27.3,27.3,27.5,27.5,27.6,27.7,27.5,27.5,27.4,27.7,27.5,27.5,27.3,27.3,27.5,27.4,27.4,27.4,27.2,27.3,27.3,27.4,26.8,26.3,25.9,25.4,24.9,24.7,24.9,24.9,24.9,24.9,24.9,24.9,25.0,24.9,24.9,24.9,24.8,24.9,24.9,25.0,25.0,24.9,25.1,25.0,24.9,24.9,25.0,25.0,25.1,25.1,25.0,25.1,25.0,25.0,25.0,25.0,25.0
177,25.4,25.4,25.4,25.6,25.4,25.5,25.6,25.4,25.6,25.5,25.5,25.4,25.4,25.5,25.6,25.6,25.6,25.5,25.7,25.6,25.7,25.6,25.7,25.7,25.5,25.8,25.6,25.8,25.7,25.8,25.6,25.7,25.7,25.7,25.8,25.9,25.7,25.9,25.8,25.9,25.9,26.0,25.9,25.9,26.1,26.2,26.2,26.5,26.6,26.9,26.9,26.4,26.0,25.6,25.7,25.7,25.8,26.3,26.4,26.5,26.4,26.5,26.5,26.4,26.4,26.5,26.6,26.5,26.6,26.5,26.5,26.4,26.5,26.4,26.4,26.2,26.0,25.4,25.0,24.8,24.8,25.3,25.9,26.9,27.7,28.6,29.0,29.1,29.2,29.1,28.8,28.7,28.0,27.1,26.4,25.6,25.2,25.0,25.0,24.9,24.9,24.9,25.0,24.9,24.9,24.9,24.7,24.9,25.2,25.5,25.9,26.3,26.5,26.8,26.9,27.1,27.1,27.3,27.4,27.6,28.2,28.4,28.6,28.6,28.8,28.8,28.8,28.6,28.2,28.0,27.6,27.3,27.3,27.1,27.1,27.4,27.4,27.6,27.6,27.4,27.5,27.3,27.4,27.3,27.6,27.4,27.1,27.4,27.3,27.4,27.5,27.3,27.2,27.1,27.2,26.9,26.3,25.7,25.4,25.0,24.8,24.9,24.9,24.8,24.9,24.8,24.9,24.9,24.8,24.8,24.9,24.9,24.9,24.8,25.0,25.0,25.1,24.9,25.0,25.0,25.1,25.1,25.1,25.0,25.0,25.0,25.0,25.0,25.0,25.1,25.0,25.0
178,25.6,25.2,25.5,25.5,25.5,25.4,25.4,25.4,25.4,25.7,25.6,25.5,25.7,25.7,25.6,25.4,25.7,25.6,25.7,25.7,25.6,25.6,25.7,25.6,25.6,25.6,25.5,25.9,25.7,25.7,25.7,25.8,25.6,25.7,25.8,25.9,25.7,25.8,25.8,25.9,25.9,26.0,25.9,25.9,26.0,26.0,26.1,26.5,26.4,26.7,26.7,26.4,25.8,25.4,25.6,25.7,25.9,26.2,26.6,26.3,26.4,26.6,26.4,26.4,26.6,26.6,26.5,26.5,26.2,26.6,26.6,26.4,26.4,26.6,26.4,26.2,26.0,25.4,24.9,24.7,24.7,25.2,25.9,26.7,27.8,28.7,29.0,29.2,29.3,29.1,28.9,28.8,28.1,27.2,26.4,25.4,25.1,25.0,25.0,24.9,24.7,24.9,24.9,25.1,24.9,25.0,25.1,25.2,25.3,25.6,26.0,26.4,26.4,26.7,26.9,27.0,27.1,27.1,27.3,27.6,28.0,28.3,28.6,28.9,28.9,28.8,28.6,28.3,28.1,27.9,27.5,27.3,27.2,27.2,27.1,27.4,27.4,27.5,27.6,27.3,27.3,27.3,27.3,27.4,27.6,27.2,27.2,27.3,27.4,27.4,27.4,27.3,27.1,27.1,27.0,26.8,26.1,25.8,25.2,25.0,24.7,24.7,24.8,25.0,24.7,24.9,24.8,24.9,24.9,25.0,24.9,24.9,24.9,24.9,24.9,24.9,24.9,24.9,24.9,25.1,25.0,25.0,25.1,25.0,25.0,25.0,25.0,25.0,25.0,25.2,25.1,25.0
179,25.4,25.4,25.4,25.4,25.3,25.7,25.4,25.6,25.6,25.5,25.5,25.4,25.5,25.7,25.4,25.6,25.5,25.8,25.6,25.7,25.8,25.7,25.7,25.6,25.8,25.6,25.7,25.7,25.6,25.8,25.7,25.8,25.9,25.7,25.7,25.9,25.8,25.7,25.9,25.8,25.9,25.9,25.9,25.9,25.9,26.0,26.0,26.3,26.6,26.5,26.7,26.4,26.0,25.8,25.6,25.6,25.9,26.3,26.4,26.5,26.4,26.5,26.5,26.6,26.4,26.6,26.6,26.4,26.5,26.5,26.5,26.5,26.6,26.4,26.3,26.2,25.9,25.4,24.9,24.7,24.9,25.2,25.9,26.9,27.9,28.6,29.0,29.0,29.4,29.2,29.1,28.7,28.0,27.1,26.2,25.6,25.1,25.0,25.1,25.0,24.8,25.0,25.0,25.0,25.2,25.4,25.4,25.6,25.8,25.9,26.1,26.5,26.6,26.7,26.7,26.7,27.2,27.3,27.5,27.8,28.2,28.4,28.6,28.9,29.0,28.8,28.7,28.4,28.1,27.7,27.6,27.3,27.3,27.3,27.2,27.5,27.5,27.4,27.5,27.3,27.3,27.3,27.4,27.2,27.7,27.2,27.1,27.3,27.3,27.3,27.5,27.2,27.1,27.2,27.0,26.8,26.3,25.7,25.4,24.9,24.9,24.8,24.9,24.9,25.0,24.7,25.0,24.9,24.9,24.9,25.0,24.9,24.9,24.9,25.0,25.0,24.9,25.0,25.0,25.0,25.0,25.0,25.0,25.1,25.0,25.0,25.1,25.0,25.1,25.0,25.0,25.0
180,25.5,25.4,25.5,25.5,25.7,25.5,25.5,25.7,25.4,25.6,25.7,25.4,25.6,25.7,25.5,25.6,25.6,25.7,25.7,25.6,25.7,25.7,25.6,25.6,25.7,25.7,25.6,25.7,25.7,25.8,25.9,25.7,25.8,25.7,25.9,25.9,25.9,25.9,25.9,25.9,25.8,26.0,25.8,26.1,26.0,25.9,26.2,26.3,26.3,26.5,26.5,26.3,25.9,25.7,25.6,25.7,25.9,26.3,26.6,26.6,26.6,26.5,26.7,26.5,26.5,26.6,26.3,26.4,26.6,26.5,26.6,26.5,26.4,26.6,26.3,26.2,25.7,25.5,25.0,24.8,24.9,25.1,26.0,26.8,27.9,28.4,28.9,29.2,29.2,29.2,29.1,28.6,27.8,27.0,26.2,25.7,25.2,25.1,25.1,25.1,25.0,25.1,25.2,25.2,25.4,25.3,25.4,25.6,26.0,26.0,26.2,26.4,26.5,26.5,26.7,26.7,27.0,27.2,27.4,27.7,28.0,28.4,28.5,28.8,28.8,28.7,28.3,28.3,27.9,27.7,27.4,27.3,27.3,27.2,27.2,27.3,27.3,27.5,27.3,27.3,27.2,27.3,27.3,27.3,27.7,27.5,27.0,27.0,27.2,27.4,27.4,27.1,27.2,26.9,26.9,26.7,26.2,25.8,25.3,25.0,25.0,25.0,24.8,24.9,25.0,25.0,24.8,24.9,25.0,24.9,24.9,24.9,25.0,25.0,25.1,24.9,25.0,25.1,25.0,25.0,25.1,25.0,25.1,24.9,25.0,25.0,25.1,25.1,25.0,25.0,25.3,25.1
181,25.4,25.3,25.4,25.4,25.4,25.5,25.6,25.6,25.3,25.3,25.4,25.4,25.5,25.4,25.5,25.4,25.6,25.6,25.4,25.6,25.7,25.6,25.7,25.4,25.5,25.5,25.8,25.6,25.7,25.7,25.7,25.7,25.8,25.8,25.7,25.7,25.8,25.6,25.8,25.8,25.9,25.8,25.9,25.8,25.9,25.9,26.0,26.2,26.2,26.4,26.4,26.3,25.9,25.6,25.6,25.9,26.2,26.2,26.4,26.4,26.6,26.7,26.5,26.6,26.3,26.4,26.4,26.3,26.5,26.6,26.4,26.5,26.5,26.4,26.2,26.3,25.9,25.2,25.1,24.8,24.7,25.1,25.9,26.8,27.6,28.2,28.6,28.8,28.8,28.8,28.6,28.2,27.5,26.9,26.1,25.5,25.3,25.1,25.1,25.1,25.2,25.2,25.4,25.3,25.2,25.3,25.5,25.7,25.9,26.1,26.2,26.3,26.2,26.3,26.6,26.7,27.0,27.3,27.3,27.6,27.8,28.1,28.2,28.3,28.3,28.2,28.0,28.0,27.6,27.5,27.4,27.1,27.3,27.1,26.9,27.1,27.4,27.3,27.3,27.1,27.1,27.3,27.4,27.5,27.5,27.2,27.1,27.2,27.3,27.3,27.0,27.2,26.9,27.1,26.9,26.7,26.1,25.7,25.2,25.0,24.9,24.9,24.6,24.9,24.8,24.9,24.9,25.0,24.9,24.8,25.0,25.0,24.9,25.0,25.0,24.9,24.9,25.1,24.9,25.0,25.0,25.0,24.9,25.0,25.1,24.9,25.1,25.0,25.0,25.0,25.1,25.0
182,25.4,25.5,25.4,25.4,25.4,25.5,25.4,25.5,25.4,25.5,25.6,25.5,25.6,25.4,25.6,25.4,25.6,25.6,25.6,25.5,25.6,25.8,25.5,25.6,25.4,25.7,25.5,25.6,25.8,25.5,25.7,25.8,25.7,25.7,25.9,25.7,25.7,25.7,25.8,25.8,25.8,25.8,26.0,25.9,25.9,25.9,26.0,26.1,26.2,26.3,26.2,26.1,25.9,25.6,25.6,25.8,26.1,26.3,26.3,26.4,26.4,26.5,26.5,26.5,26.6,26.4,26.5,26.4,26.4,26.6,26.6,26.6,26.4,26.4,26.3,26.1,25.6,25.3,24.8,24.6,24.6,24.9,25.7,26.3,27.0,27.5,27.8,28.3,28.0,27.9,27.9,27.6,27.2,26.4,26.0,25.3,25.2,25.4,25.4,25.2,25.3,25.4,25.4,25.4,25.4,25.4,25.4,25.8,26.1,26.3,26.5,26.4,26.3,26.2,26.6,26.7,26.9,26.9,27.1,27.2,27.3,27.4,27.5,27.6,27.5,27.5,27.5,27.2,27.2,27.1,27.1,27.1,27.1,27.1,26.9,27.3,27.1,27.3,27.2,26.9,27.1,27.1,27.2,27.3,27.5,27.3,27.1,27.1,27.0,27.1,27.1,26.8,26.9,27.1,27.1,26.7,26.1,25.6,25.2,24.9,24.9,24.9,24.9,24.9,25.0,24.9,24.9,25.0,25.0,24.8,25.0,24.8,24.9,24.9,24.9,25.1,24.9,25.0,24.9,25.1,25.0,25.0,25.0,25.0,25.0,25.0,25.1,24.9,24.9,25.0,24.8,25.0
183,25.5,25.5,25.6,25.4,25.5,25.7,25.5,25.3,25.4,25.4,25.6,25.5,25.5,25.5,25.5,25.5,25.6,25.5,25.6,25.6,25.5,25.7,25.7,25.6,25.6,25.6,25.7,25.6,25.7,25.6,25.5,25.7,25.9,25.7,25.7,25.9,25.7,25.7,25.7,25.7,25.9,25.8,25.9,25.7,25.9,25.9,25.9,26.0,26.1,26.2,26.3,26.1,25.9,25.6,25.7,25.7,26.1,26.3,26.4,26.6,26.4,26.3,26.5,26.5,26.5,26.6,26.4,26.6,26.5,26.4,26.6,26.4,26.4,26.4,26.4,26.1,25.7,25.2,24.7,24.4,24.7,25.1,25.4,26.1,26.8,27.1,27.2,27.3,27.3,27.3,27.4,27.1,26.9,26.4,25.9,25.4,25.2,25.4,25.7,25.5,25.4,25.5,25.5,25.5,25.4,25.3,25.4,25.9,26.2,26.4,26.4,26.4,26.3,26.3,26.4,26.7,26.9,27.2,27.2,27.1,26.9,26.9,26.8,27.0,27.0,27.0,26.9,26.9,26.9,27.1,27.0,27.0,27.0,27.0,26.9,27.2,26.9,27.2,27.1,27.0,27.1,27.1,27.3,27.3,27.4,27.4,27.1,27.2,27.1,27.1,27.1,26.9,26.9,27.0,26.9,26.8,26.2,25.8,25.3,25.1,24.9,24.8,24.9,25.0,25.0,25.0,25.0,24.9,24.9,24.9,25.1,25.0,25.0,25.1,25.0,24.9,25.0,25.1,25.0,25.0,25.0,25.0,25.2,25.0,25.0,25.1,25.0,25.0,25.1,25.0,24.9,24.9
184,25.5,25.4,25.3,25.3,25.6,25.4,25.4,25.5,25.4,25.4,25.4,25.3,25.5,25.5,25.6,25.5,25.4,25.5,25.5,25.5,25.4,25.7,25.5,25.5,25.7,25.7,25.8,25.9,25.6,25.5,25.7,25.7,25.8,25.7,25.7,25.8,25.9,25.7,25.8,25.9,25.9,25.9,25.9,25.8,25.9,26.0,25.9,26.0,26.0,26.2,26.1,26.1,25.9,25.6,25.7,25.8,26.0,26.4,26.4,26.6,26.5,26.5,26.5,26.6,26.4,26.7,26.6,26.7,26.7,26.4,26.7,26.5,26.5,26.4,26.3,26.0,25.6,25.2,24.9,24.4,24.6,24.9,25.2,25.9,26.4,26.5,26.7,26.7,26.9,26.8,26.7,26.7,26.4,26.2,25.7,25.3,25.2,25.2,25.6,25.4,25.5,25.6,25.4,25.4,25.3,25.5,25.6,25.8,26.0,26.4,26.7,26.2,25.9,26.0,26.1,26.4,26.8,26.9,26.9,26.9,26.6,26.5,26.4,26.5,26.4,26.4,26.4,26.4,26.6,26.5,26.8,26.9,27.1,27.0,26.9,27.0,27.0,27.1,26.9,26.9,27.0,27.1,27.3,27.4,27.4,27.3,27.1,27.1,27.1,26.9,26.8,26.7,27.0,27.1,27.0,26.8,26.1,25.6,25.3,24.9,25.0,24.9,24.8,25.0,25.1,25.0,25.0,25.0,25.0,24.9,24.9,25.0,24.8,25.0,25.1,25.0,25.1,25.1,25.1,25.0,25.1,25.0,25.0,25.1,25.2,25.1,25.2,25.0,25.1,25.1,25.0,25.0
185,25.4,25.4,25.2,25.5,25.5,25.5,25.5,25.3,25.5,25.6,25.5,25.5,25.7,25.6,25.5,25.5,25.6,25.4,25.5,25.6,25.6,25.5,25.7,25.5,25.6,25.5,25.6,25.6,25.7,25.7,25.4,25.6,25.8,25.6,25.8,25.8,25.7,25.7,25.9,25.7,25.9,25.9,26.0,25.8,25.9,26.0,26.0,26.0,26.0,26.2,26.1,26.1,25.8,25.6,25.5,25.8,26.0,26.2,26.4,26.6,26.5,26.6,26.4,26.3,26.4,26.6,26.7,26.6,26.4,26.5,26.5,26.4,26.5,26.6,26.2,26.0,25.6,25.1,24.6,24.4,24.3,24.8,25.2,25.7,25.9,26.2,26.4,26.4,26.4,26.3,26.4,26.4,26.3,25.9,25.5,25.2,25.2,25.2,25.3,25.5,25.4,25.4,25.3,25.4,25.2,25.2,25.4,25.9,25.9,26.3,26.0,26.0,25.9,25.9,26.0,26.3,26.4,26.9,27.0,26.7,26.4,26.1,26.1,26.0,26.1,26.2,26.0,26.1,26.3,26.5,26.7,26.9,26.9,27.0,27.1,26.9,26.7,26.8,26.7,26.8,27.0,27.1,27.2,27.3,27.6,27.3,27.0,26.9,26.7,26.7,26.7,26.6,26.9,26.9,26.8,26.7,26.1,25.5,25.4,25.0,25.0,24.9,24.9,24.9,25.0,25.0,25.0,24.9,24.8,24.9,25.0,25.0,24.9,25.0,24.9,25.1,25.0,25.0,25.0,25.0,25.0,25.0,25.0,25.0,25.0,25.0,24.9,25.0,25.0,25.0,25.1,25.0
186,25.2,25.6,25.4,25.4,25.4,25.4,25.6,25.5,25.4,25.5,25.6,25.4,25.7,25.6,25.4,25.6,25.7,25.7,25.4,25.5,25.5,25.7,25.8,25.7,25.5,25.6,25.6,25.6,25.7,25.6,25.7,25.6,25.6,25.7,25.6,26.0,25.7,25.8,25.7,25.7,26.0,25.8,25.9,25.9,25.9,25.7,26.0,26.0,26.1,26.0,26.0,26.0,25.9,25.6,25.7,25.8,26.0,26.2,26.4,26.6,26.6,26.5,26.5,26.7,26.5,26.6,26.5,26.6,26.5,26.5,26.5,26.5,26.6,26.5,26.2,26.0,25.5,25.0,24.6,24.4,24.5,24.8,25.1,25.4,25.8,25.9,26.0,26.0,26.1,26.0,26.3,26.2,26.0,25.9,25.4,25.2,25.1,25.1,25.4,25.4,25.4,25.2,25.2,25.2,25.1,25.2,25.4,25.5,26.0,26.0,25.8,25.8,25.6,25.5,25.9,26.3,26.5,26.8,26.9,26.5,26.3,26.1,25.9,25.8,25.9,26.0,26.0,26.1,26.1,26.4,26.6,26.9,27.1,27.0,26.9,26.9,26.7,26.7,26.7,26.6,27.0,27.1,27.3,27.5,27.4,27.4,27.2,27.0,26.7,26.6,26.6,26.7,26.9,26.9,26.8,26.7,26.1,25.6,25.3,25.2,25.0,24.8,24.9,24.9,25.0,25.0,24.9,24.8,24.8,25.0,24.9,25.1,24.9,25.0,24.9,25.0,25.0,25.0,25.0,24.9,25.0,25.1,25.1,24.9,25.1,25.1,25.0,24.9,25.1,24.9,25.0,25.0
187,25.4,25.4,25.4,25.4,25.5,25.4,25.6,25.7,25.4,25.5,25.6,25.3,25.5,25.6,25.6,25.5,25.5,25.7,25.7,25.7,25.7,25.6,25.4,25.7,25.4,25.5,25.5,25.5,25.7,25.8,25.6,25.7,25.7,25.7,25.6,25.7,25.6,25.7,25.8,25.7,25.9,25.8,25.8,25.9,25.9,25.9,25.9,25.9,26.0,25.9,26.1,26.0,25.9,25.7,25.7,25.9,26.0,26.0,26.2,26.3,26.5,26.4,26.4,26.5,26.2,26.3,26.4,26.5,26.3,26.4,26.4,26.4,26.5,26.3,26.1,25.9,25.4,25.0,24.6,24.3,24.4,24.8,25.0,25.5,25.9,25.9,25.9,25.8,26.0,25.9,26.1,26.4,26.3,25.8,25.7,25.2,25.3,25.2,25.2,25.4,25.5,25.2,25.2,25.1,25.2,25.2,25.2,25.3,25.8,25.7,25.8,25.7,25.6,25.7,26.0,26.3,26.7,26.7,26.8,26.3,26.2,25.8,25.6,25.6,25.6,25.7,26.0,26.1,26.2,26.4,26.6,26.7,27.0,27.1,27.1,27.0,26.6,26.7,26.6,26.7,26.9,27.2,27.1,27.2,27.5,27.2,27.1,26.9,26.7,26.7,26.7,26.4,26.8,27.0,26.8,26.5,26.0,25.6,25.2,25.1,25.0,24.9,24.8,24.8,24.9,24.8,25.0,25.0,25.0,25.1,25.0,25.0,25.0,25.1,25.1,25.0,25.0,25.1,24.9,25.0,25.0,25.1,25.1,25.1,25.0,25.1,25.1,25.0,25.1,25.1,25.1,25.0
188,25.4,25.4,25.4,25.3,25.6,25.3,25.5,25.6,25.4,25.4,25.7,25.5,25.5,25.5,25.5,25.3,25.4,25.4,25.6,25.6,25.5,25.7,25.5,25.4,25.4,25.7,25.5,25.7,25.6,25.7,25.6,25.7,25.5,25.7,25.7,25.8,25.8,25.8,25.7,25.7,25.8,25.8,25.7,25.8,25.7,25.9,25.7,26.0,25.9,26.1,26.2,26.1,25.9,25.7,25.8,25.9,26.0,26.0,26.2,26.2,26.2,26.2,26.2,26.2,26.3,26.2,26.1,26.2,26.3,26.0,26.4,26.0,26.1,26.1,25.9,25.6,25.2,25.1,24.8,24.6,24.6,24.8,25.1,25.5,25.7,25.8,25.8,25.7,25.9,25.9,26.0,26.2,26.0,26.0,25.9,25.5,25.3,25.4,25.4,25.4,25.4,25.3,25.3,25.2,25.2,25.1,25.3,25.4,25.5,25.7,25.7,25.8,25.7,25.8,26.0,26.2,26.7,26.7,26.5,26.4,26.1,25.8,25.6,25.5,25.5,25.8,25.8,26.0,26.1,26.5,26.3,26.7,26.7,26.9,27.0,26.9,26.7,26.7,26.7,26.8,27.0,27.0,27.2,27.1,27.5,27.1,27.0,26.9,26.8,26.6,26.6,26.7,26.7,26.8,26.6,26.4,26.0,25.6,25.2,25.0,24.9,24.9,24.9,24.9,24.9,25.0,25.1,25.0,25.0,24.9,25.0,25.0,25.0,25.1,25.1,25.0,24.9,25.1,25.0,25.0,25.0,25.1,25.0,25.2,25.0,25.1,25.1,25.0,24.9,25.1,24.9,25.0
189,25.4,25.6,25.6,25.5,25.4,25.3,25.5,25.4,25.4,25.5,25.4,25.4,25.4,25.5,25.6,25.6,25.5,25.5,25.6,25.4,25.6,25.6,25.4,25.6,25.6,25.5,25.5,25.7,25.6,25.5,25.5,25.8,25.6,25.7,25.8,25.7,25.7,25.6,25.8,25.6,26.0,25.8,25.9,25.9,25.6,25.8,25.7,25.8,26.0,26.0,26.0,26.0,26.0,25.9,26.0,26.0,26.2,26.1,26.1,26.0,26.2,26.2,26.1,26.3,26.2,26.2,26.2,26.1,26.2,26.1,26.1,26.0,25.9,26.0,25.7,25.7,25.3,25.1,24.9,25.0,24.9,25.2,25.3,25.5,25.4,25.7,25.5,25.6,25.8,25.9,25.9,26.0,25.9,26.0,25.9,25.7,25.4,25.2,25.2,25.4,25.2,25.1,25.2,25.0,25.2,25.0,25.1,25.4,25.4,25.4,25.5,25.4,25.4,25.6,25.7,26.1,26.3,26.5,26.3,26.2,25.8,25.7,25.7,25.4,25.4,25.4,25.7,25.9,26.0,26.2,26.2,26.2,26.6,26.8,26.7,26.8,26.7,26.5,26.6,26.7,26.7,26.9,26.9,26.9,27.1,26.9,26.9,26.7,26.7,26.6,26.4,26.6,26.5,26.5,26.3,26.0,25.9,25.6,25.2,25.2,24.9,25.1,24.9,24.9,25.0,24.9,25.1,25.0,25.0,24.6,24.9,25.0,24.9,24.9,25.0,24.9,25.0,25.1,25.1,25.1,24.9,25.0,25.2,25.0,25.0,25.1,25.0,25.0,25.0,25.0,25.0,25.0
190,25.4,25.6,25.5,25.5,25.4,25.5,25.5,25.4,25.5,25.5,25.7,25.5,25.7,25.4,25.5,25.6,25.5,25.7,25.4,25.7,25.5,25.6,25.8,25.6,25.5,25.7,25.5,25.5,25.7,25.6,25.6,25.7,25.7,25.5,25.6,25.7,25.8,25.7,25.7,25.8,25.9,25.7,25.8,25.8,25.7,25.7,25.8,25.9,25.9,25.9,26.0,25.9,26.0,25.8,25.9,25.9,25.9,26.0,26.1,26.1,26.1,26.1,26.1,26.1,26.0,26.0,26.0,26.1,26.0,26.1,26.0,25.7,26.0,25.8,25.7,25.6,25.3,25.2,25.2,25.1,25.1,25.4,25.4,25.6,25.6,25.7,25.5,25.6,25.7,25.7,25.8,25.9,26.0,26.0,26.0,25.7,25.3,25.3,25.3,25.2,25.0,25.0,24.8,25.0,25.1,25.2,25.3,25.3,25.4,25.2,25.1,25.1,25.1,25.4,25.6,26.0,26.3,26.4,26.3,26.0,25.7,25.5,25.6,25.3,25.4,25.6,25.4,25.7,25.9,25.7,26.0,26.0,26.2,26.4,26.4,26.4,26.4,26.5,26.3,26.2,26.2,26.4,26.4,26.5,26.6,26.4,26.3,26.4,26.2,26.3,26.1,26.1,26.1,26.2,26.0,25.9,25.7,25.4,25.1,25.1,24.9,25.1,25.0,24.9,25.0,24.9,25.0,25.0,25.0,25.0,25.0,25.1,25.1,25.1,25.1,25.0,25.1,25.2,25.0,24.9,25.0,25.3,25.0,25.1,25.1,25.1,25.0,25.1,25.1,25.0,25.3,24.9
191,25.5,25.5,25.4,25.6,25.4,25.4,25.6,25.4,25.3,25.5,25.6,25.5,25.6,25.6,25.6,25.6,25.4,25.6,25.5,25.6,25.7,25.6,25.5,25.6,25.6,25.7,25.7,25.6,25.5,25.7,25.4,25.6,25.7,25.7,25.6,25.7,25.6,25.6,25.5,25.7,25.7,25.6,25.8,25.7,25.7,25.7,25.7,25.8,25.9,25.8,25.9,26.0,25.8,26.0,25.8,25.9,25.9,25.8,25.9,26.0,26.0,25.9,26.0,26.0,25.9,25.9,26.0,25.9,25.9,25.9,25.9,25.7,25.6,25.6,25.5,25.6,25.6,25.3,25.2,25.4,25.2,25.4,25.4,25.5,25.6,25.5,25.5,25.5,25.5,25.5,25.8,25.8,26.0,26.0,26.0,25.7,25.4,25.2,25.3,25.3,25.0,24.8,24.9,24.9,25.0,25.1,25.0,25.0,25.0,25.1,25.0,25.0,24.8,25.0,25.5,25.8,26.2,26.4,26.1,25.9,25.8,25.3,25.3,25.3,25.4,25.3,25.4,25.5,25.6,25.6,25.7,25.7,25.7,26.0,26.0,26.2,26.0,25.9,25.9,25.8,25.9,25.9,25.8,25.8,26.0,25.8,25.9,25.9,25.9,25.7,25.8,25.8,25.8,25.7,25.5,25.6,25.4,25.2,25.1,25.0,24.9,24.8,24.9,24.8,24.9,25.0,24.8,25.0,25.0,25.0,24.9,25.1,25.0,25.0,25.0,25.0,24.9,25.0,24.9,24.9,25.0,25.0,25.1,25.0,25.1,25.0,25.0,25.0,25.1,25.0,25.0,25.1
192,25.2,25.3,25.3,25.4,25.5,25.3,25.5,25.3,25.3,25.5,25.5,25.4,25.4,25.6,25.5,25.4,25.5,25.4,25.5,25.7,25.5,25.5,25.4,25.6,25.6,25.6,25.4,25.6,25.5,25.6,25.6,25.6,25.6,25.7,25.7,25.7,25.7,25.7,25.6,25.6,25.7,25.7,25.7,25.7,25.8,25.7,25.8,25.6,25.7,25.9,25.9,25.9,26.0,26.0,25.9,26.0,25.9,25.9,26.0,26.1,25.8,25.9,26.0,25.8,26.0,25.8,26.0,25.8,25.9,25.7,25.9,25.9,25.7,25.7,25.6,25.4,25.5,25.5,25.4,25.5,25.4,25.4,25.6,25.5,25.5,25.4,25.4,25.5,25.5,25.5,25.7,25.6,25.7,25.9,25.9,25.7,25.3,25.4,25.1,25.1,25.1,25.0,25.0,24.9,25.1,25.1,25.0,25.0,25.0,25.0,25.1,24.8,24.7,25.0,25.6,25.9,26.3,26.4,26.0,25.7,25.4,25.4,25.3,25.2,25.1,25.3,25.1,25.3,25.4,25.3,25.5,25.5,25.6,25.5,25.6,25.7,25.6,25.7,25.6,25.4,25.7,25.4,25.5,25.5,25.7,25.5,25.4,25.4,25.6,25.4,25.3,25.4,25.4,25.3,25.4,25.2,25.0,25.0,25.0,25.1,24.9,25.1,25.0,24.8,25.1,24.9,24.9,24.9,25.0,24.9,25.0,25.0,24.9,25.1,25.1,25.0,25.0,25.0,25.0,24.9,25.1,24.9,25.0,24.9,25.0,25.0,25.1,25.1,25.0,24.9,25.1,25.1
193,25.5,25.4,25.4,25.5,25.4,25.4,25.3,25.5,25.5,25.4,25.5,25.3,25.5,25.5,25.7,25.4,25.7,25.4,25.4,25.4,25.7,25.5,25.5,25.6,25.6,25.5,25.6,25.5,25.6,25.7,25.6,25.6,25.6,25.7,25.7,25.6,25.6,25.6,25.7,25.7,25.8,25.7,25.9,25.6,25.8,25.8,25.7,25.7,25.8,25.7,25.8,26.0,25.8,25.8,25.9,25.9,25.8,26.0,25.9,25.8,25.8,25.9,25.8,25.8,25.8,25.7,25.7,25.7,25.7,25.8,25.8,25.7,25.7,25.5,25.6,25.5,25.5,25.6,25.4,25.3,25.3,25.5,25.4,25.4,25.4,25.4,25.3,25.5,25.6,25.4,25.4,25.6,25.7,25.8,25.8,25.5,25.2,25.2,25.2,25.3,25.4,25.1,25.2,25.1,25.0,25.0,24.9,25.1,25.0,25.1,25.2,25.3,25.0,25.2,25.5,26.0,26.3,26.3,25.9,25.7,25.4,25.1,25.2,25.1,25.0,25.1,25.0,25.1,25.2,25.2,25.3,25.3,25.1,25.4,25.4,25.4,25.2,25.3,25.3,25.4,25.2,25.2,25.3,25.4,25.4,25.1,25.1,25.1,25.1,25.1,25.2,25.1,25.2,25.1,25.1,25.2,25.1,25.0,25.0,25.0,24.9,25.0,25.0,24.9,25.0,25.0,25.0,24.9,24.9,24.9,25.0,25.1,25.0,25.0,25.0,25.1,25.1,25.1,25.0,24.9,25.0,25.0,24.9,25.1,25.0,24.9,25.0,24.9,24.9,25.1,25.1,25.0
194,25.2,25.4,25.6,25.4,25.6,25.4,25.5,25.4,25.4,25.4,25.5,25.4,25.4,25.5,25.5,25.4,25.6,25.6,25.6,25.4,25.6,25.6,25.6,25.5,25.6,25.7,25.5,25.5,25.6,25.6,25.6,25.5,25.6,25.5,25.6,25.7,25.7,25.7,25.7,25.6,25.7,25.8,25.7,25.8,25.7,25.7,25.7,25.7,25.7,25.8,25.7,25.9,25.9,25.8,26.0,25.9,26.0,25.9,25.8,25.9,26.0,25.8,25.8,25.9,25.9,25.9,25.8,25.7,25.7,25.6,25.6,25.7,25.5,25.7,25.5,25.5,25.5,25.6,25.4,25.3,25.5,25.6,25.6,25.4,25.4,25.2,25.3,25.3,25.4,25.2,25.6,25.4,25.7,25.7,25.7,25.6,25.2,25.3,25.3,25.3,25.5,25.5,25.4,25.1,25.2,25.1,25.1,25.1,25.2,25.3,25.3,25.4,25.1,25.3,25.5,26.0,26.2,26.2,25.9,25.6,25.3,25.2,25.1,25.1,25.1,25.1,25.1,25.0,25.0,25.0,25.1,25.0,25.2,25.1,25.2,25.3,25.1,25.4,25.2,25.1,25.0,25.1,25.0,25.1,25.1,25.0,24.9,25.2,25.1,25.0,25.0,25.0,25.1,25.0,25.0,25.0,24.9,24.8,24.9,24.9,25.0,24.9,25.1,25.0,25.1,25.0,25.1,25.0,25.0,25.0,25.0,25.0,25.1,25.0,25.1,25.1,25.0,25.1,25.0,24.9,25.0,25.1,25.0,25.1,24.9,25.1,25.0,25.1,25.1,25.1,25.0,25.2
195,25.4,25.4,25.3,25.3,25.3,25.6,25.4,25.4,25.2,25.3,25.4,25.5,25.6,25.5,25.4,25.4,25.5,25.6,25.4,25.4,25.4,25.7,25.4,25.6,25.6,25.4,25.5,25.6,25.6,25.5,25.5,25.6,25.6,25.5,25.6,25.6,25.4,25.7,25.6,25.5,25.7,25.7,25.8,25.7,25.7,25.7,25.5,25.7,25.7,25.7,25.7,25.8,25.8,25.7,25.8,25.8,25.8,25.9,25.8,25.8,25.9,25.8,25.8,25.8,25.8,25.7,25.7,25.6,25.7,25.6,25.7,25.5,25.7,25.5,25.5,25.5,25.6,25.6,25.4,25.3,25.2,25.2,25.3,25.3,25.1,25.3,25.3,25.4,25.2,25.3,25.2,25.4,25.5,25.7,25.6,25.4,25.6,25.3,25.5,25.5,25.6,25.4,25.4,25.4,25.2,25.4,25.0,25.1,25.4,25.7,25.6,25.6,25.4,25.5,25.8,26.1,26.2,26.1,25.8,25.5,25.1,25.2,25.0,25.0,25.0,25.1,24.9,25.1,25.0,25.1,25.0,25.0,25.0,25.1,25.0,24.9,24.9,24.9,24.7,25.1,25.0,24.9,24.9,24.8,25.0,24.8,24.8,25.0,24.9,24.9,24.9,24.8,24.8,25.0,24.9,24.9,25.0,24.9,25.1,25.0,25.0,24.9,25.1,24.9,25.1,25.0,25.0,25.0,24.8,25.0,24.9,25.1,24.9,25.1,25.0,25.0,24.9,25.0,25.0,25.1,24.9,25.0,25.0,25.1,25.0,24.9,25.0,25.1,24.9,24.9,25.1,24.9
196,25.3,25.5,25.4,25.4,25.5,25.4,25.4,25.4,25.3,25.3,25.3,25.4,25.4,25.4,25.4,25.6,25.6,25.5,25.5,25.6,25.5,25.7,25.5,25.5,25.4,25.5,25.6,25.7,25.6,25.6,25.7,25.6,25.7,25.5,25.6,25.7,25.6,25.4,25.5,25.7,25.7,25.7,25.6,25.7,25.6,25.7,25.7,25.7,25.7,25.7,25.9,25.8,25.7,25.9,25.6,25.9,25.8,25.8,25.7,25.7,25.8,25.6,25.6,25.6,25.6,25.7,25.8,25.6,25.7,25.8,25.6,25.6,25.4,25.4,25.4,25.5,25.4,25.5,25.4,25.4,25.3,25.2,25.2,25.1,25.4,25.2,25.2,25.2,25.4,25.1,25.1,25.3,25.4,25.7,25.8,25.8,25.9,25.9,25.9,26.0,25.9,25.9,25.8,25.7,25.7,25.4,25.6,25.7,25.8,25.9,25.9,26.0,25.8,25.8,25.9,25.9,26.1,26.0,25.8,25.5,25.1,25.0,25.0,25.1,24.9,25.0,24.9,25.1,24.9,24.9,25.0,25.0,25.0,25.0,24.9,25.0,24.9,25.0,24.9,24.9,25.0,25.1,24.9,25.0,25.0,24.8,24.8,24.9,25.1,24.8,24.8,24.9,24.8,25.0,25.0,25.1,24.7,24.9,24.9,24.9,25.1,25.0,25.0,25.0,25.1,25.0,25.0,25.2,25.0,25.1,25.0,25.0,25.0,24.9,25.1,24.9,25.0,25.1,25.1,25.0,25.1,25.0,24.9,25.0,25.0,25.0,25.0,25.1,25.0,25.1,25.1,25.1
197,25.3,25.4,25.4,25.3,25.4,25.5,25.6,25.5,25.5,25.4,25.6,25.5,25.3,25.5,25.6,25.4,25.6,25.6,25.6,25.5,25.5,25.6,25.7,25.5,25.5,25.5,25.7,25.5,25.7,25.6,25.4,25.5,25.7,25.6,25.6,25.6,25.6,25.6,25.6,25.8,25.6,25.7,25.8,25.7,25.7,25.6,25.7,25.6,25.7,25.8,25.8,25.7,25.7,25.8,25.8,25.7,25.8,25.8,25.9,25.9,25.7,25.8,25.7,25.6,25.7,25.7,25.6,25.6,25.7,25.5,25.6,25.7,25.5,25.4,25.4,25.3,25.5,25.5,25.5,25.3,25.4,25.4,25.2,25.1,25.2,25.3,25.3,25.1,25.1,25.3,25.2,25.2,25.7,25.6,26.0,26.0,26.0,26.1,26.1,26.1,26.2,26.2,26.1,26.0,25.9,25.9,25.9,26.0,26.0,26.0,26.0,26.2,26.1,25.9,26.1,26.1,26.0,25.9,25.7,25.4,25.2,25.0,25.1,24.9,25.0,25.1,24.9,25.0,25.1,24.9,25.0,24.9,25.0,24.9,25.0,25.0,24.9,25.0,25.0,24.9,24.9,24.9,24.9,24.9,24.9,24.9,24.9,25.1,24.9,24.9,25.0,24.8,25.0,25.1,24.8,25.0,25.0,24.8,25.0,25.0,25.0,24.9,25.0,25.0,25.0,25.0,25.1,25.1,25.1,24.9,25.0,24.9,25.0,25.1,24.9,24.9,25.1,25.0,25.0,24.8,25.0,25.0,25.0,25.0,25.1,25.1,25.1,25.1,24.9,24.9,25.0,25.0
198,25.4,25.2,25.2,25.4,25.4,25.4,25.4,25.4,25.4,25.6,25.4,25.5,25.4,25.5,25.5,25.5,25.3,25.6,25.5,25.6,25.3,25.6,25.4,25.6,25.5,25.5,25.5,25.5,25.7,25.6,25.7,25.6,25.7,25.6,25.6,25.6,25.5,25.7,25.6,25.7,25.7,25.6,25.6,25.6,25.6,25.7,25.8,25.7,25.6,25.6,25.7,25.8,25.7,25.6,25.9,25.8,25.7,25.8,25.6,25.7,25.8,25.6,25.6,25.7,25.6,25.7,25.6,25.5,25.6,25.5,25.5,25.5,25.6,25.4,25.3,25.4,25.5,25.4,25.3,25.3,25.3,25.3,25.3,25.2,25.0,25.1,25.2,25.3,25.2,25.1,25.1,25.1,25.4,25.7,26.0,26.1,26.0,26.1,26.0,26.1,26.2,26.3,26.2,26.1,26.1,26.0,26.0,26.0,26.1,26.0,26.2,26.2,26.1,26.0,26.1,26.0,25.9,25.8,25.5,25.1,25.0,25.0,24.9,24.8,24.9,25.0,25.0,25.1,24.9,25.0,25.0,25.0,24.9,24.9,25.0,25.0,24.9,24.9,24.9,24.9,24.9,24.9,25.0,25.0,25.0,24.8,24.8,25.0,24.9,24.9,24.8,24.9,24.9,24.9,25.0,25.0,25.1,24.9,25.0,25.0,24.9,24.9,25.0,24.9,25.1,25.0,25.1,24.9,25.1,24.9,25.0,25.0,25.1,25.1,24.9,25.0,24.9,25.1,25.0,25.1,25.0,25.1,25.1,25.1,25.0,25.0,25.0,25.0,25.0,25.1,24.9,25.1
199,25.4,25.2,25.4,25.5,25.6,25.3,25.3,25.3,25.4,25.4,25.4,25.5,25.2,25.5,25.4,25.6,25.2,25.4,25.5,25.5,25.4,25.6,25.4,25.3,25.5,25.4,25.6,25.5,25.4,25.4,25.7,25.5,25.5,25.6,25.8,25.7,25.6,25.5,25.6,25.7,25.6,25.5,25.6,25.6,25.5,25.5,25.7,25.6,25.6,25.6,25.6,25.7,25.8,25.6,25.7,25.8,25.5,25.7,25.6,25.6,25.7,25.5,25.4,25.6,25.4,25.6,25.6,25.5,25.7,25.5,25.5,25.5,25.4,25.3,25.4,25.3,25.3,25.2,25.2,25.2,25.3,25.2,25.1,25.1,25.2,25.0,25.1,24.9,25.2,25.0,25.2,25.2,25.4,25.7,25.9,26.0,26.0,26.3,26.1,26.1,26.1,26.1,26.2,26.1,26.3,26.1,26.0,26.0,26.2,25.9,26.0,26.2,26.0,25.9,26.0,25.7,25.8,25.5,25.3,25.1,25.0,24.9,24.9,24.9,24.8,25.1,24.9,25.0,25.0,24.8,25.0,25.0,24.9,24.8,25.0,24.9,24.9,25.0,24.9,24.9,24.9,24.8,24.9,24.9,25.0,24.9,24.8,24.8,25.0,24.7,24.9,24.9,25.0,24.9,24.8,25.0,24.8,24.9,24.9,24.9,25.0,25.0,24.9,25.0,25.1,25.1,25.1,25.2,24.9,24.9,25.0,25.0,25.0,25.1,25.0,24.8,25.0,25.0,25.0,25.0,25.2,25.1,25.0,25.0,25.0,25.0,25.0,25.0,25.0,25.0,25.1,24.9
200,25.4,25.5,25.4,25.4,25.5,25.4,25.4,25.3,25.2,25.6,25.3,25.4,25.4,25.6,25.4,25.6,25.6,25.4,25.5,25.4,25.5,25.3,25.5,25.4,25.5,25.6,25.3,25.7,25.6,25.6,25.4,25.5,25.4,25.6,25.7,25.6,25.6,25.5,25.5,25.5,25.6,25.7,25.9,25.6,25.6,25.5,25.7,25.7,25.6,25.7,25.6,25.7,25.6,25.6,25.9,25.7,25.7,25.9,25.6,25.5,25.7,25.6,25.6,25.6,25.6,25.6,25.5,25.4,25.4,25.5,25.5,25.5,25.4,25.3,25.4,25.4,25.3,25.3,25.1,25.2,25.2,25.3,25.2,25.0,25.2,25.3,25.1,25.0,25.1,25.0,25.1,25.2,25.4,25.6,25.8,26.0,26.1,26.0,26.0,26.1,26.0,25.9,26.2,26.0,26.0,26.0,26.1,26.0,26.0,26.0,25.9,25.9,25.9,25.8,25.7,25.7,25.6,25.3,25.2,25.0,25.0,25.1,25.0,25.0,24.8,24.9,25.0,24.9,24.9,24.9,24.9,24.9,24.8,24.8,24.9,24.9,24.9,24.9,24.9,24.9,24.9,24.8,24.9,24.8,25.0,24.9,24.8,25.0,24.9,24.9,24.8,24.9,25.0,25.0,24.8,25.0,24.9,25.0,25.0,24.9,25.0,25.0,25.0,25.0,25.1,25.0,24.9,25.0,24.9,25.0,24.9,24.9,25.2,25.0,25.1,25.0,25.0,25.1,25.1,24.9,25.1,25.0,25.1,25.1,25.0,25.1,25.0,25.2,24.9,25.0,25.1,25.1
201,25.4,25.3,25.5,25.5,25.3,25.4,25.5,25.3,25.3,25.5,25.4,25.3,25.5,25.5,25.4,25.4,25.4,25.3,25.4,25.4,25.5,25.4,25.4,25.4,25.6,25.5,25.6,25.5,25.6,25.4,25.4,25.6,25.6,25.3,25.5,25.6,25.5,25.4,25.6,25.6,25.5,25.6,25.7,25.7,25.6,25.5,25.4,25.7,25.7,25.6,25.7,25.7,25.5,25.6,25.7,25.7,25.7,25.5,25.6,25.5,25.6,25.5,25.6,25.4,25.4,25.5,25.6,25.4,25.4,25.4,25.2,25.5,25.2,25.4,25.1,25.4,25.4,25.3,25.2,25.3,25.2,25.3,25.1,25.1,25.1,25.0,25.2,25.0,25.1,25.1,25.1,25.1,25.4,25.6,25.8,25.9,26.0,26.0,26.0,26.1,26.0,26.0,26.0,26.0,26.0,25.9,25.9,26.0,25.9,25.9,25.9,25.8,25.7,25.7,25.5,25.5,25.5,25.3,25.1,25.0,24.9,24.9,25.0,24.9,24.9,25.0,24.9,25.0,24.8,24.9,25.0,24.9,24.9,25.1,25.0,25.0,24.8,24.9,24.9,25.0,25.0,25.0,24.8,24.8,24.9,24.9,24.9,25.0,24.9,24.9,25.0,25.0,25.1,24.9,24.9,24.8,25.0,24.9,25.0,24.9,25.1,25.0,24.9,25.0,25.0,24.9,24.7,25.1,25.0,24.9,25.0,25.0,24.9,25.0,24.9,25.0,25.1,25.1,24.9,24.9,25.0,24.8,25.0,24.9,25.1,25.1,25.0,25.1,25.0,25.0,24.9,25.0
202,25.4,25.4,25.3,25.2,25.5,25.3,25.5,25.4,25.2,25.4,25.4,25.5,25.4,25.3,25.2,25.4,25.5,25.4,25.4,25.4,25.5,25.4,25.4,25.5,25.5,25.5,25.5,25.4,25.5,25.5,25.5,25.6,25.6,25.5,25.6,25.6,25.5,25.5,25.4,25.6,25.6,25.7,25.8,25.7,25.5,25.6,25.4,25.5,25.5,25.6,25.5,25.6,25.6,25.5,25.7,25.6,25.6,25.7,25.4,25.5,25.6,25.5,25.4,25.5,25.4,25.4,25.4,25.5,25.5,25.4,25.7,25.4,25.3,25.3,25.3,25.3,25.3,25.5,25.3,25.1,25.1,25.0,25.1,24.9,25.0,24.9,24.9,25.0,25.1,24.9,25.0,25.1,25.3,25.4,25.6,25.6,25.9,25.8,25.9,25.8,25.8,25.8,25.8,25.9,25.8,25.7,25.7,25.8,25.4,25.7,25.7,25.6,25.5,25.4,25.4,25.3,25.2,25.0,24.9,24.9,24.8,24.9,24.9,24.8,24.9,24.9,24.9,24.9,24.8,24.7,24.8,24.8,24.7,25.0,24.9,24.9,24.8,24.7,25.0,24.7,24.9,24.9,24.9,24.7,24.9,24.8,24.9,25.0,24.9,24.9,24.9,24.8,25.0,24.9,24.9,24.9,25.0,24.8,25.0,25.0,24.9,24.9,25.0,25.1,25.1,24.9,25.0,24.9,24.9,25.1,25.0,25.0,25.1,24.9,25.0,24.9,24.9,25.0,24.9,25.1,25.0,25.0,25.0,25.0,25.1,24.9,25.0,25.1,25.0,24.9,24.9,25.1
203,25.5,25.4,25.2,25.4,25.3,25.4,25.5,25.2,25.2,25.4,25.4,25.3,25.3,25.6,25.4,25.4,25.5,25.4,25.3,25.5,25.5,25.4,25.4,25.5,25.3,25.4,25.4,25.5,25.5,25.5,25.6,25.4,25.5,25.5,25.2,25.6,25.5,25.6,25.4,25.6,25.5,25.7,25.6,25.4,25.7,25.5,25.4,25.7,25.5,25.6,25.6,25.4,25.4,25.5,25.5,25.6,25.6,25.6,25.6,25.6,25.5,25.5,25.4,25.5,25.5,25.4,25.4,25.4,25.4,25.4,25.3,25.2,25.2,25.2,25.3,25.2,25.2,25.3,25.3,25.1,25.2,25.1,25.1,25.0,25.0,24.9,24.9,25.0,24.9,25.0,25.0,25.0,25.2,25.4,25.6,25.7,25.7,25.7,25.5,25.6,25.7,25.4,25.7,25.7,25.7,25.6,25.6,25.5,25.5,25.4,25.4,25.4,25.1,25.2,25.1,25.3,24.9,25.0,24.9,24.9,24.6,24.8,24.8,25.1,24.7,24.9,24.8,24.9,24.7,24.7,25.0,24.9,24.9,24.9,24.8,25.0,24.8,24.8,24.8,24.9,24.9,24.9,24.8,24.9,25.0,24.9,24.9,24.8,25.0,25.0,24.9,24.9,24.9,24.9,25.0,25.0,24.9,25.0,24.9,24.9,25.0,24.9,24.9,24.9,24.9,25.1,25.0,25.0,24.9,25.0,25.0,25.1,25.0,25.1,24.9,25.0,25.0,25.1,25.0,25.0,25.1,25.0,25.0,25.0,25.0,25.0,25.1,25.1,24.9,24.9,25.0,25.0
204,25.3,25.5,25.4,25.3,25.4,25.3,25.3,25.3,25.5,25.4,25.6,25.3,25.4,25.5,25.4,25.5,25.4,25.4,25.4,25.4,25.4,25.5,25.3,25.3,25.3,25.5,25.3,25.4,25.5,25.5,25.5,25.4,25.5,25.4,25.6,25.6,25.4,25.5,25.5,25.6,25.4,25.4,25.4,25.5,25.4,25.5,25.5,25.7,25.4,25.6,25.7,25.5,25.5,25.7,25.5,25.6,25.7,25.6,25.5,25.5,25.5,25.4,25.4,25.5,25.4,25.5,25.4,25.4,25.5,25.2,25.4,25.4,25.3,25.4,25.1,25.2,25.2,25.2,25.0,25.1,25.0,25.2,24.9,24.9,25.0,25.0,24.9,24.9,25.0,24.9,24.9,25.0,25.1,25.2,25.5,25.4,25.6,25.5,25.7,25.6,25.4,25.6,25.6,25.4,25.4,25.6,25.4,25.5,25.4,25.4,25.3,25.2,25.1,25.1,25.1,24.9,24.8,24.9,24.9,24.8,24.7,24.7,24.9,24.9,24.6,25.0,25.0,24.8,24.8,25.0,24.8,24.8,24.8,24.9,24.9,25.0,24.8,24.9,24.9,24.9,24.9,24.8,24.9,25.0,25.2,24.8,25.0,24.9,24.8,24.8,24.9,24.9,25.0,24.8,24.7,25.0,25.0,25.0,25.0,25.0,25.1,25.0,24.9,25.0,24.9,25.1,25.0,25.0,25.0,25.0,24.9,25.0,25.1,25.0,25.0,25.1,25.0,25.1,25.0,24.9,25.0,25.0,25.0,25.1,24.9,25.1,25.1,25.0,25.0,25.3,25.1,25.0
205,25.4,25.2,25.4,25.4,25.4,25.4,25.3,25.4,25.2,25.3,25.4,25.5,25.2,25.3,25.4,25.5,25.5,25.4,25.4,25.3,25.4,25.4,25.4,25.5,25.5,25.3,25.3,25.6,25.4,25.3,25.3,25.4,25.5,25.4,25.5,25.4,25.5,25.4,25.4,25.5,25.3,25.4,25.4,25.4,25.6,25.4,25.5,25.4,25.5,25.5,25.5,25.7,25.4,25.3,25.4,25.5,25.5,25.5,25.6,25.4,25.5,25.3,25.4,25.3,25.4,25.4,25.2,25.1,25.4,25.3,25.1,25.2,25.4,25.1,25.2,25.1,25.2,25.2,25.1,25.0,25.0,25.0,25.2,25.0,25.2,25.0,24.9,25.0,25.0,24.9,24.9,24.8,25.0,25.1,25.5,25.5,25.4,25.4,25.3,25.3,25.3,25.3,25.2,25.3,25.2,25.2,25.1,25.1,25.2,25.1,25.0,25.0,25.1,25.0,24.9,24.8,24.7,24.7,24.9,24.8,24.6,24.8,24.8,25.0,24.9,24.7,24.9,24.8,24.8,24.7,24.8,24.8,24.8,24.8,24.9,24.9,24.9,24.9,24.9,25.0,25.1,25.0,24.9,24.8,24.9,24.7,24.7,24.9,25.0,24.9,24.8,25.0,24.9,24.9,24.8,24.9,24.9,24.9,25.0,24.9,24.9,25.2,25.0,24.8,25.1,24.9,25.0,25.0,25.0,24.9,24.9,24.9,25.0,25.1,25.1,25.1,25.0,25.0,25.1,24.9,25.0,24.9,24.9,25.0,25.0,24.8,24.9,25.0,24.9,25.0,24.9,25.0
206,25.4,25.3,25.4,25.5,25.3,25.4,25.3,25.5,25.5,25.5,25.4,25.3,25.3,25.5,25.3,25.3,25.4,25.3,25.4,25.4,25.2,25.6,25.3,25.4,25.5,25.4,25.4,25.5,25.4,25.4,25.5,25.4,25.3,25.4,25.6,25.3,25.4,25.5,25.6,25.6,25.4,25.4,25.5,25.6,25.4,25.4,25.5,25.5,25.4,25.4,25.5,25.5,25.4,25.5,25.6,25.4,25.4,25.4,25.6,25.5,25.5,25.4,25.4,25.6,25.2,25.3,25.2,25.3,25.3,25.3,25.2,25.1,25.2,25.3,25.3,25.2,25.2,25.3,25.1,25.0,25.2,25.1,24.9,25.0,25.0,25.0,24.9,24.9,24.9,24.9,24.8,25.0,24.9,24.9,25.4,25.3,25.4,25.3,25.3,25.3,25.1,25.4,25.2,25.2,25.1,25.1,25.1,25.0,24.9,25.1,25.0,24.8,24.8,24.8,24.8,24.7,24.6,24.7,24.4,24.6,24.7,24.7,24.6,24.8,24.8,24.9,24.8,25.0,24.9,24.9,24.8,24.9,25.0,25.0,24.9,24.9,24.8,24.9,24.8,24.8,24.9,24.8,24.7,25.0,25.0,24.9,25.0,25.0,24.7,25.0,24.9,24.8,24.9,24.8,24.9,25.1,25.0,25.0,25.0,25.1,24.9,24.8,24.9,24.9,25.1,24.9,25.0,24.9,24.8,24.9,25.0,24.9,25.1,25.1,25.1,24.9,25.0,25.0,25.2,25.0,24.9,25.0,24.9,24.9,25.0,25.0,25.3,25.0,25.0,25.0,25.2,25.0
207,25.2,25.5,25.2,25.3,25.4,25.3,25.4,25.2,25.1,25.3,25.3,25.1,25.4,25.4,25.4,25.4,25.5,25.3,25.5,25.4,25.5,25.6,25.4,25.4,25.3,25.5,25.5,25.4,25.4,25.4,25.4,25.4,25.4,25.4,25.7,25.5,25.4,25.3,25.4,25.4,25.5,25.5,25.5,25.5,25.4,25.5,25.4,25.5,25.4,25.5,25.5,25.6,25.5,25.4,25.3,25.5,25.4,25.4,25.4,25.3,25.4,25.3,25.3,25.4,25.2,25.5,25.4,25.2,25.2,25.1,25.2,25.1,25.1,25.1,25.1,25.1,25.1,25.0,25.0,25.1,24.9,25.1,25.1,24.9,25.0,24.9,24.9,24.7,24.9,24.6,24.8,24.8,24.7,24.9,25.1,25.0,25.0,25.3,25.0,24.9,25.0,24.9,25.0,24.9,25.0,25.0,25.0,24.9,25.0,25.0,24.7,24.8,24.7,24.6,24.7,24.5,24.6,24.3,24.6,24.7,24.5,24.8,24.7,24.9,24.8,24.8,24.9,24.9,24.8,24.8,24.7,24.7,24.9,24.9,24.9,25.0,24.9,24.7,24.8,24.8,24.9,24.8,25.0,24.8,25.0,24.9,24.8,25.1,24.9,25.1,25.0,24.8,24.8,24.9,24.9,24.8,24.9,25.0,25.0,25.0,24.9,25.0,25.0,25.0,25.1,24.8,24.9,24.9,24.9,24.9,25.0,25.1,24.9,25.0,25.0,25.1,25.1,25.1,25.0,25.0,25.0,25.1,24.9,24.9,25.0,25.0,25.0,25.1,25.0,25.0,25.0,25.0
208,25.4,25.4,25.4,25.3,25.6,25.4,25.4,25.3,25.3,25.2,25.4,25.3,25.4,25.4,25.4,25.4,25.6,25.5,25.3,25.4,25.3,25.4,25.4,25.2,25.4,25.3,25.4,25.6,25.4,25.4,25.5,25.2,25.4,25.5,25.4,25.4,25.5,25.4,25.5,25.4,25.6,25.5,25.6,25.5,25.3,25.4,25.5,25.5,25.4,25.5,25.6,25.4,25.5,25.5,25.4,25.3,25.4,25.5,25.3,25.5,25.4,25.4,25.3,25.4,25.4,25.3,25.3,25.1,25.1,25.2,25.3,25.1,25.1,25.2,25.1,25.1,25.0,25.3,25.1,24.9,24.9,25.0,25.0,24.9,24.9,24.9,24.9,24.8,24.9,24.7,24.8,24.8,24.8,24.9,25.0,25.0,24.9,25.0,25.1,24.9,24.9,25.0,25.1,25.0,24.8,24.8,24.8,24.8,24.7,24.7,24.7,24.6,24.6,24.5,24.4,24.4,24.3,24.3,24.5,24.8,24.8,24.8,24.5,24.8,24.9,24.9,24.9,24.9,24.9,24.8,24.8,24.9,25.0,24.9,24.6,24.8,25.0,25.0,24.9,24.9,25.0,24.9,24.9,24.9,25.0,24.9,24.9,25.0,24.9,25.0,24.9,25.0,24.9,25.0,25.0,24.9,25.0,25.0,25.0,25.0,24.9,25.0,25.0,24.9,25.0,24.9,25.0,24.9,24.9,24.9,25.0,24.9,25.0,25.1,25.0,25.0,24.7,25.0,25.0,24.9,25.0,25.0,25.1,24.9,25.0,24.9,24.8,25.1,25.0,25.0,25.0,25.0
209,25.4,25.3,25.3,25.2,25.3,25.4,25.4,25.3,25.2,25.6,25.2,25.4,25.3,25.4,25.3,25.4,25.6,25.5,25.4,25.3,25.4,25.4,25.4,25.4,25.2,25.4,25.4,25.4,25.3,25.4,25.4,25.4,25.4,25.3,25.4,25.5,25.6,25.5,25.5,25.5,25.4,25.6,25.5,25.4,25.4,25.6,25.5,25.6,25.3,25.6,25.6,25.5,25.4,25.4,25.5,25.3,25.4,25.4,25.4,25.4,25.4,25.4,25.2,25.3,25.4,25.4,25.3,25.3,25.2,25.5,25.1,25.1,25.3,25.2,25.1,25.1,25.1,25.1,25.2,25.0,24.9,24.9,25.0,25.0,24.9,25.0,25.0,24.8,24.8,24.8,24.8,24.6,24.8,24.7,25.0,24.8,24.9,24.9,24.9,25.0,24.8,24.6,24.8,24.7,24.7,24.7,24.8,24.7,24.8,24.6,24.5,24.6,24.5,24.4,24.3,24.4,24.3,24.4,24.6,24.6,24.7,24.5,24.7,24.7,24.8,24.9,24.9,24.8,24.9,24.9,24.9,24.8,24.8,25.1,24.8,25.0,24.8,24.9,24.8,24.9,25.0,24.9,24.9,25.0,25.1,25.0,24.7,25.0,24.9,24.9,24.9,24.9,25.0,25.0,24.9,25.0,25.0,24.9,25.0,25.0,24.9,25.0,25.0,25.0,24.9,24.7,24.9,25.0,25.0,25.1,25.0,24.9,25.0,24.9,24.9,24.9,24.9,25.0,25.0,24.9,25.0,25.0,25.0,24.9,25.1,24.9,25.1,25.1,24.9,25.0,25.0,24.9
210,25.2,25.4,25.2,25.3,25.3,25.3,25.4,25.4,25.2,25.4,25.4,25.2,25.3,25.6,25.2,25.4,25.5,25.4,25.4,25.5,25.3,25.4,25.3,25.2,25.3,25.4,25.3,25.4,25.4,25.5,25.4,25.4,25.4,25.3,25.4,25.6,25.5,25.3,25.5,25.4,25.3,25.4,25.5,25.4,25.4,25.5,25.5,25.4,25.6,25.4,25.4,25.3,25.4,25.4,25.4,25.3,25.4,25.4,25.3,25.4,25.4,25.3,25.4,25.4,25.3,25.3,25.2,25.2,25.2,25.1,25.2,25.2,25.1,25.0,25.1,25.1,25.0,25.1,25.0,25.0,24.9,24.9,24.9,24.8,24.9,24.9,24.9,24.9,24.7,24.7,24.5,24.5,24.6,24.7,24.6,24.7,24.8,24.7,24.8,24.3,24.5,24.6,24.6,24.5,24.7,24.5,24.6,24.5,24.6,24.3,24.3,24.4,24.3,24.3,24.0,24.1,24.0,24.3,24.5,24.5,24.6,24.6,24.7,24.8,24.6,24.7,24.9,24.8,24.8,25.0,24.9,24.9,24.9,25.0,24.8,24.9,24.8,24.9,24.9,24.9,25.0,24.9,25.0,25.0,24.9,24.9,25.0,25.0,25.0,24.9,24.9,25.0,25.0,25.0,24.9,24.9,24.7,24.9,24.7,25.0,24.9,24.9,24.8,24.9,24.9,24.9,25.0,25.0,25.0,24.9,24.9,25.0,24.9,24.8,25.0,25.0,25.0,25.0,24.9,24.9,25.0,24.9,24.9,24.9,24.9,25.0,25.0,25.0,24.9,24.9,25.0,25.0
211,25.2,25.4,25.4,25.3,25.3,25.2,25.1,25.1,25.3,25.2,25.5,25.4,25.2,25.3,25.5,25.4,25.4,25.2,25.4,25.3,25.4,25.6,25.2,25.2,25.3,25.4,25.3,25.4,25.3,25.3,25.3,25.3,25.2,25.3,25.5,25.4,25.4,25.2,25.4,25.3,25.4,25.4,25.3,25.4,25.4,25.2,25.3,25.3,25.3,25.2,25.5,25.2,25.3,25.4,25.3,25.5,25.3,25.4,25.3,25.5,25.3,25.3,25.5,25.4,25.2,25.3,25.2,25.3,25.2,25.5,25.2,25.2,25.1,25.1,25.1,25.0,25.0,25.2,24.9,25.0,25.0,25.0,25.0,24.9,24.9,24.9,24.9,24.6,24.8,24.7,24.6,24.6,24.5,24.6,24.6,24.6,24.6,24.7,24.6,24.4,24.4,24.4,24.5,24.7,24.5,24.7,24.5,24.5,24.2,24.3,24.3,24.1,24.3,24.3,24.3,24.1,23.9,24.1,24.4,24.5,24.6,24.7,24.8,24.8,24.8,24.8,24.8,24.9,24.7,24.7,24.8,24.7,24.9,24.9,24.9,25.0,24.8,24.8,24.9,24.9,24.8,24.9,25.0,24.8,25.0,24.9,24.7,25.0,25.0,25.0,25.0,25.0,25.0,25.0,24.9,25.0,24.9,24.9,25.1,25.1,24.9,24.8,24.9,24.9,25.0,25.0,25.1,25.0,24.9,25.0,24.9,25.1,24.9,24.9,24.9,24.9,25.0,24.9,24.9,24.9,25.0,24.9,25.0,25.1,24.9,25.0,25.1,24.9,25.0,25.1,25.0,25.0
212,25.3,25.4,25.4,25.4,25.4,25.3,25.2,25.3,25.4,25.2,25.3,25.1,25.4,25.4,25.4,25.4,25.6,25.3,25.3,25.4,25.4,25.4,25.2,25.3,25.4,25.3,25.4,25.5,25.4,25.3,25.3,25.5,25.4,25.2,25.5,25.4,25.1,25.4,25.4,25.5,25.4,25.4,25.4,25.4,25.4,25.4,25.4,25.4,25.4,25.3,25.4,25.4,25.2,25.5,25.2,25.4,25.4,25.5,25.2,25.3,25.2,25.3,25.3,25.2,25.2,25.1,25.3,25.2,25.2,25.0,25.0,25.0,25.1,25.1,25.0,25.0,25.0,25.0,25.0,25.0,24.9,25.0,25.0,24.7,24.9,24.9,24.8,24.7,24.7,24.4,24.6,24.6,24.5,24.4,24.7,24.6,24.5,24.6,24.4,24.4,24.5,24.3,24.3,24.2,24.4,24.4,24.2,24.2,24.3,24.3,24.3,24.4,24.3,24.0,24.0,24.0,24.3,24.0,24.4,24.4,24.6,24.7,24.7,24.9,24.7,24.7,24.8,25.0,24.8,24.9,24.9,24.9,24.9,24.9,24.9,25.0,24.8,24.9,24.9,25.0,25.0,25.0,24.9,24.9,25.0,25.0,24.9,25.0,25.0,24.9,25.0,25.0,25.0,24.9,24.8,24.9,24.9,24.8,24.9,24.9,25.0,25.0,25.1,24.8,25.0,24.9,25.0,24.9,24.8,25.0,24.9,24.9,24.9,25.0,25.0,25.1,25.0,25.2,25.0,25.0,25.1,25.1,25.1,25.1,25.0,25.0,25.1,25.0,25.1,25.0,24.9,24.7
213,25.4,25.3,25.3,25.3,25.2,25.1,25.2,25.3,25.3,25.2,25.3,25.3,25.3,25.4,25.5,25.4,25.3,25.2,25.1,25.2,25.3,25.4,25.4,25.3,25.4,25.3,25.4,25.3,25.3,25.1,25.3,25.4,25.4,25.3,25.4,25.3,25.3,25.3,25.6,25.3,25.3,25.3,25.4,25.4,25.3,25.4,25.4,25.3,25.3,25.2,25.2,25.4,25.4,25.3,25.3,25.4,25.2,25.2,25.3,25.3,25.1,25.3,25.1,25.2,25.2,25.1,25.1,25.3,25.1,25.1,25.3,25.0,25.1,25.2,25.0,25.1,25.0,25.1,25.1,25.0,25.0,25.0,24.9,24.9,25.0,24.9,24.7,24.7,24.8,24.6,24.6,24.5,24.4,24.4,24.3,24.3,24.5,24.7,24.4,24.3,24.3,24.3,24.4,24.4,24.4,24.4,24.3,24.3,24.2,24.3,24.3,24.3,24.2,24.1,24.1,24.0,24.1,24.2,24.4,24.5,24.6,24.7,24.8,24.8,24.7,24.7,24.7,24.8,24.9,24.7,24.9,24.8,24.8,24.9,24.9,24.9,25.0,24.7,24.9,24.9,25.0,24.9,25.1,24.9,25.0,25.0,24.7,25.0,25.0,24.8,24.9,24.8,24.8,25.0,25.1,24.9,24.9,25.0,25.0,25.0,24.9,24.9,24.7,24.9,24.9,24.9,24.9,24.9,24.9,24.9,24.8,25.0,25.1,25.0,25.0,24.8,24.9,25.0,25.0,24.8,25.1,24.9,24.8,25.0,24.9,25.0,24.9,25.0,25.2,24.9,25.0,25.1
214,25.3,25.2,25.3,25.1,25.3,25.3,25.4,25.3,25.3,25.4,25.3,25.1,25.4,25.3,25.2,25.4,25.4,25.4,25.3,25.3,25.2,25.3,25.2,25.2,25.4,25.3,25.4,25.4,25.4,25.3,25.3,25.2,25.3,25.3,25.4,25.4,25.4,25.3,25.4,25.5,25.2,25.4,25.3,25.3,25.4,25.4,25.3,25.2,25.2,25.2,25.2,25.3,25.3,25.3,25.3,25.2,25.3,25.3,25.4,25.3,25.0,25.2,25.1,25.1,25.2,25.3,25.2,25.3,25.1,25.1,25.2,25.0,25.1,25.0,25.0,25.1,25.0,25.0,25.0,25.0,25.0,24.9,24.9,24.9,24.9,24.9,24.8,24.8,24.7,24.6,24.4,24.4,24.4,24.4,24.5,24.4,24.3,24.4,24.4,24.3,24.4,24.4,24.2,24.5,24.1,24.3,24.1,24.1,24.2,24.1,24.1,24.1,24.1,24.1,24.2,24.1,24.0,24.2,24.4,24.7,24.7,24.7,24.9,24.7,24.6,24.8,24.8,24.9,24.8,24.9,24.9,24.8,24.9,24.9,24.8,25.1,25.0,24.9,24.9,24.9,24.9,25.0,24.8,25.0,25.2,25.0,25.0,25.1,24.9,25.0,24.9,24.8,25.0,24.9,24.9,24.9,25.0,25.0,24.9,24.9,24.9,25.1,25.0,24.9,25.0,25.0,24.9,25.1,24.9,24.9,24.9,25.0,24.9,24.9,25.0,24.9,25.0,24.9,25.0,25.0,24.9,25.0,24.9,25.1,25.0,25.0,24.9,25.0,25.1,25.0,25.1,25.1
215,25.4,25.3,25.2,25.4,25.4,25.3,25.2,25.4,25.3,25.4,25.4,25.2,25.2,25.3,25.3,25.3,25.5,25.4,25.4,25.4,25.4,25.2,25.3,25.2,25.2,25.3,25.3,25.4,25.4,25.4,25.4,25.2,25.4,25.3,25.4,25.3,25.4,25.3,25.2,25.2,25.5,25.3,25.5,25.3,25.2,25.3,25.3,25.2,25.4,25.4,25.4,25.4,25.3,25.3,25.3,25.2,25.3,25.3,25.2,25.2,25.2,25.1,25.2,25.1,25.1,25.1,25.2,25.0,25.1,25.1,25.1,25.0,24.9,25.1,24.9,25.1,24.9,25.0,25.0,24.9,25.0,24.9,25.0,24.9,24.9,24.9,24.8,24.6,24.5,24.5,24.4,24.5,24.3,24.3,24.5,24.5,24.3,24.4,24.4,24.3,24.3,24.3,24.3,24.2,24.1,24.3,24.1,24.1,24.2,24.2,24.1,24.2,23.9,24.0,24.1,24.0,23.9,24.3,24.4,24.5,24.8,24.8,24.7,24.9,24.8,24.7,24.8,24.8,24.9,24.9,24.7,25.0,25.0,24.9,24.9,25.0,24.9,25.1,25.0,24.8,24.9,25.0,25.0,25.0,25.1,24.7,24.9,25.0,25.0,24.9,25.0,24.9,24.9,24.9,24.9,24.9,24.8,25.1,25.0,24.9,24.9,25.1,24.9,25.0,24.9,25.0,25.0,24.9,24.8,25.0,24.9,24.8,25.1,24.9,25.0,25.1,25.0,25.3,25.0,25.0,25.0,25.1,24.9,25.0,25.0,25.1,25.0,25.0,24.9,25.2,25.0,24.9
216,25.3,25.4,25.3,25.3,25.4,25.3,25.3,25.3,25.3,25.1,25.4,25.3,25.2,25.4,25.3,25.3,25.4,25.4,25.4,25.3,25.2,25.4,25.4,25.4,25.2,25.4,25.3,25.4,25.3,25.4,25.3,25.3,25.3,25.4,25.4,25.4,25.4,25.3,25.3,25.3,25.4,25.4,25.4,25.2,25.4,25.3,25.3,25.3,25.3,25.3,25.4,25.2,25.4,25.0,25.4,25.3,25.3,25.3,25.4,25.2,25.4,25.2,25.2,25.2,25.1,25.1,25.1,25.2,25.2,25.1,25.1,25.0,25.1,25.2,25.1,25.1,25.1,25.1,25.0,25.0,24.9,24.9,25.0,24.9,25.1,24.8,24.9,24.6,24.8,24.4,24.5,24.4,24.4,24.3,24.3,24.4,24.2,24.5,24.2,24.3,24.2,24.2,24.3,24.3,24.3,24.2,24.0,24.1,24.1,24.1,24.0,24.0,23.9,24.0,23.9,23.9,24.1,24.2,24.4,24.6,24.6,24.5,24.8,24.7,24.6,24.8,24.7,24.8,24.8,25.0,24.9,24.9,24.8,25.0,24.9,25.0,24.8,24.9,25.0,24.9,25.0,25.0,25.0,24.9,25.1,25.0,25.1,24.9,24.9,24.9,24.9,24.9,24.8,24.9,25.0,24.9,24.9,24.8,24.9,25.1,24.9,25.0,24.9,24.9,25.1,24.9,24.8,25.1,25.0,25.0,24.9,24.9,25.0,25.0,24.9,24.9,25.0,24.9,24.9,24.9,24.8,24.9,24.9,25.0,25.0,25.0,25.1,25.0,25.0,25.1,25.0,25.1
217,25.3,25.4,25.1,25.2,25.4,25.2,25.3,25.1,25.3,25.1,25.3,25.1,25.5,25.4,25.3,25.3,25.4,25.3,25.2,25.2,25.4,25.3,25.4,25.3,25.3,25.3,25.2,25.3,25.3,25.2,25.2,25.4,25.4,25.3,25.3,25.4,25.2,25.3,25.4,25.4,25.1,25.1,25.2,25.3,25.3,25.1,25.2,25.2,25.2,25.2,25.2,25.3,25.2,25.3,25.2,25.2,25.2,25.1,25.3,25.5,25.1,25.2,25.1,25.1,25.1,25.1,25.2,25.1,25.1,24.9,25.1,25.0,25.1,25.0,25.0,24.9,25.0,24.9,25.0,25.0,24.9,24.9,24.9,24.9,25.0,24.8,24.7,24.6,24.5,24.6,24.5,24.4,24.2,24.1,24.4,24.2,24.3,24.3,24.2,24.2,24.2,24.1,24.1,24.1,24.2,24.4,24.0,24.2,24.0,24.0,24.0,23.9,24.0,23.9,24.0,24.0,24.0,24.1,24.6,24.6,24.6,24.6,24.7,24.7,24.8,24.8,24.9,24.8,24.8,24.8,24.8,24.9,24.9,25.0,25.0,25.0,25.0,25.0,24.8,25.0,24.9,24.9,25.0,24.8,25.0,24.8,25.0,25.0,25.0,24.9,25.1,25.1,25.0,25.0,24.8,25.0,24.9,25.0,24.9,24.9,25.0,25.0,24.9,24.9,24.9,24.9,25.0,25.1,25.0,24.8,24.9,25.0,24.9,25.0,25.0,24.9,24.9,24.9,25.0,24.9,24.9,25.0,24.9,25.0,24.9,25.0,25.0,25.1,25.0,24.9,25.2,24.9
218,25.2,25.4,25.3,25.3,25.4,25.4,25.2,25.3,25.2,25.1,25.2,25.2,25.2,25.2,25.3,25.3,25.3,25.2,25.1,25.3,25.2,25.2,25.1,25.2,25.4,25.4,25.2,25.1,25.3,25.2,25.1,25.3,25.3,25.3,25.3,25.1,25.2,25.3,25.2,25.4,25.2,25.1,25.2,25.2,25.1,25.2,25.2,25.3,25.1,25.3,25.1,25.2,25.1,25.1,25.1,25.2,25.2,25.1,25.1,25.3,25.1,25.2,25.1,25.1,25.1,25.0,25.0,25.2,25.0,25.0,25.0,25.0,24.9,25.0,24.8,25.1,24.9,25.0,24.9,24.9,25.0,25.0,24.9,24.8,24.9,24.8,24.6,24.6,24.5,24.4,24.5,24.3,24.3,24.2,24.2,24.4,24.2,24.4,24.3,24.1,24.2,24.2,24.3,24.3,24.2,24.0,24.1,24.0,24.1,24.1,24.0,23.9,23.9,23.8,24.0,23.9,23.9,24.3,24.5,24.6,24.6,24.9,24.8,24.7,24.8,24.8,24.8,24.8,24.7,24.8,24.7,24.8,24.8,24.8,24.9,25.0,24.8,24.9,24.8,24.9,24.8,24.8,24.9,24.9,25.0,24.9,24.9,25.0,25.0,24.8,24.9,25.0,25.0,25.0,24.7,24.8,24.8,24.9,25.0,24.8,25.0,25.0,24.9,25.0,24.8,25.0,25.1,25.0,24.9,25.0,24.8,24.9,24.9,25.0,24.9,24.9,25.0,25.0,25.0,25.0,25.0,24.7,25.0,25.0,25.1,24.9,25.1,24.9,24.9,25.0,25.0,24.9
219,25.2,25.3,25.2,25.2,25.3,25.1,25.1,25.2,25.3,25.1,25.4,25.2,25.2,25.3,25.1,25.2,25.3,25.4,25.2,25.3,25.3,25.3,25.2,25.4,25.1,25.4,25.1,25.3,25.2,25.2,25.2,25.2,25.3,25.3,25.3,25.3,25.4,25.3,25.3,25.5,25.2,25.1,25.4,25.2,25.3,25.2,25.2,25.3,25.1,25.3,25.2,25.3,25.1,25.1,25.2,25.2,25.1,25.3,25.2,25.1,25.3,25.2,25.2,25.2,25.1,25.1,25.0,25.2,25.0,25.1,25.1,25.1,25.0,24.9,25.1,25.0,25.1,24.9,24.9,24.9,24.7,24.8,24.8,24.9,24.9,24.8,24.7,24.5,24.6,24.6,24.3,24.3,24.2,24.1,24.4,24.3,24.2,24.2,24.3,24.2,24.3,24.3,24.1,24.1,24.1,24.0,24.0,24.0,23.9,24.0,23.8,24.0,24.0,23.9,23.9,23.9,24.1,24.3,24.4,24.7,24.6,24.7,24.8,24.7,24.7,24.8,24.7,24.7,24.8,24.9,24.8,24.7,24.9,25.0,24.7,25.0,24.9,24.9,24.9,24.9,25.0,24.9,25.0,24.9,24.9,25.0,24.8,25.0,24.9,24.8,24.9,24.9,24.9,25.0,24.8,25.0,24.8,24.9,24.9,24.9,24.9,24.9,24.9,24.9,25.0,25.0,25.1,25.0,25.0,24.8,24.9,25.1,24.9,24.9,25.0,24.9,24.9,25.1,24.9,24.8,24.9,24.7,24.9,25.0,25.0,25.0,25.0,24.9,25.0,25.0,25.0,25.1
220,25.5,25.3,25.4,25.2,25.3,25.3,25.3,25.3,25.1,25.1,25.2,25.2,25.2,25.3,25.4,25.2,25.2,25.3,25.2,25.2,25.4,25.1,25.3,25.3,25.3,25.2,25.2,25.1,25.4,25.2,25.3,25.4,25.2,25.3,25.5,25.4,25.1,25.3,25.1,25.3,25.2,25.4,25.4,25.3,25.2,25.2,25.2,25.3,25.2,25.1,25.2,25.2,25.2,25.3,25.2,25.1,25.2,25.3,25.3,25.1,25.2,25.2,25.1,25.3,25.1,25.0,25.1,25.0,25.0,25.1,25.1,25.0,25.1,25.2,25.0,25.0,25.0,25.1,25.0,24.9,24.9,25.0,25.0,24.9,24.8,24.8,24.6,24.5,24.6,24.4,24.3,24.4,24.2,24.1,24.3,24.2,24.3,24.2,24.2,24.0,24.1,24.1,24.1,24.0,24.0,24.0,24.1,24.0,24.1,24.0,23.9,23.9,23.9,23.9,23.8,23.9,24.1,24.3,24.6,24.7,24.7,24.8,24.6,24.9,24.7,24.9,24.7,24.9,24.9,24.9,24.9,24.8,24.8,24.8,24.8,24.9,24.9,24.9,24.9,25.0,25.0,25.0,24.8,25.0,25.1,25.0,25.0,25.0,24.6,24.9,24.9,24.9,25.0,25.0,25.0,24.9,25.0,24.9,24.9,24.9,24.9,25.0,24.9,24.9,24.9,25.0,25.0,25.0,25.0,25.0,24.9,24.9,25.0,25.1,24.9,25.0,24.8,25.1,24.9,25.0,25.0,25.0,25.0,25.1,24.9,24.9,24.9,25.1,24.9,25.1,24.9,24.8
221,25.2,25.3,25.1,25.3,25.3,25.4,25.3,25.2,25.2,25.3,25.3,25.4,25.2,25.3,25.4,25.2,25.4,25.3,25.2,25.3,25.4,25.4,25.6,25.2,25.1,25.3,25.2,25.2,25.2,25.4,25.1,25.3,25.3,25.2,25.2,25.2,25.1,25.4,25.3,25.3,25.2,25.2,25.4,25.0,25.2,25.4,25.3,25.1,25.2,25.3,25.2,25.2,25.1,25.0,25.0,25.1,25.3,25.2,25.1,25.1,25.1,25.1,25.1,25.0,25.1,25.1,25.1,25.0,25.1,25.0,25.3,24.9,25.0,25.0,25.0,25.1,24.9,25.0,24.9,24.9,24.9,25.0,24.9,24.9,24.7,24.8,24.6,24.6,24.7,24.3,24.2,24.4,24.3,24.3,24.3,24.2,24.3,24.2,24.2,24.1,24.0,24.1,24.1,24.1,24.0,24.1,24.3,24.2,24.0,24.0,23.9,23.9,23.7,24.0,23.8,23.7,23.9,24.3,24.6,24.7,24.7,24.8,24.6,24.8,24.7,24.8,24.9,24.7,24.6,24.8,24.9,24.9,24.9,24.9,24.8,25.0,24.9,24.9,24.8,24.9,25.0,24.9,25.0,24.9,25.0,24.9,24.9,25.0,24.9,24.9,25.0,24.8,25.1,24.8,25.0,24.8,24.9,24.9,25.0,25.0,24.9,24.8,24.8,24.8,24.9,25.0,24.9,25.0,24.9,25.0,25.0,24.9,24.8,25.1,24.9,25.0,24.9,25.1,25.0,24.9,24.9,24.9,24.9,25.0,25.0,25.1,25.1,25.1,24.8,24.9,25.0,25.1
222,25.5,25.1,25.2,25.2,25.4,25.2,25.4,25.4,25.1,25.5,25.3,25.3,25.5,25.4,25.3,25.3,25.3,25.1,25.3,25.3,25.3,25.4,25.2,25.4,25.2,25.3,25.1,25.2,25.3,25.4,25.2,25.1,25.3,25.2,25.1,25.2,25.2,25.4,25.4,25.2,25.2,25.3,25.3,25.3,25.2,25.1,25.2,25.2,25.1,25.2,25.2,25.3,25.3,25.2,25.3,25.2,25.3,25.2,25.3,25.1,25.1,25.1,25.3,25.2,25.1,25.1,25.2,25.1,25.2,25.0,25.2,25.0,24.9,25.0,25.0,25.0,24.9,25.3,25.0,24.9,24.9,24.9,24.8,24.8,24.9,24.9,24.8,24.6,24.6,24.6,24.4,24.2,24.3,24.3,24.3,24.3,24.3,24.2,24.1,24.2,23.9,24.0,24.1,24.1,23.9,24.1,23.9,24.0,24.0,24.0,23.9,23.9,23.9,23.9,23.9,23.8,24.1,24.3,24.5,24.8,24.9,24.7,24.9,24.8,24.8,24.8,24.8,24.9,24.9,24.9,24.9,24.8,25.0,24.9,24.9,24.9,24.9,24.9,25.1,24.9,24.9,24.9,24.9,24.9,24.9,24.8,24.8,25.0,24.9,25.0,25.0,24.8,24.9,24.9,24.9,24.9,24.9,24.9,24.9,25.1,24.9,24.9,24.8,24.9,24.9,24.9,24.9,24.9,24.9,25.1,25.0,24.9,25.0,24.9,25.0,24.9,25.0,25.0,25.0,25.0,25.0,24.9,24.9,25.0,25.1,25.1,25.0,25.0,24.9,24.9,25.0,25.0
223,25.4,25.2,25.3,25.3,25.3,25.2,25.2,25.1,25.3,25.3,25.2,25.1,25.3,25.3,25.2,25.3,25.2,25.2,25.1,25.3,25.1,25.3,25.2,25.2,25.2,25.2,25.4,25.3,25.3,25.3,25.2,25.1,25.1,25.2,25.3,25.4,25.1,25.1,25.3,25.4,25.3,25.2,25.2,25.1,25.2,25.1,25.2,25.1,25.2,25.1,25.3,25.0,25.0,25.1,25.1,25.3,25.1,25.5,25.3,25.0,25.2,25.2,25.2,25.1,25.1,25.1,25.0,25.1,25.2,25.0,24.9,25.0,25.0,24.9,24.7,24.9,25.0,25.0,25.0,24.9,24.9,25.0,24.9,24.7,24.8,24.8,24.6,24.6,24.6,24.4,24.5,24.1,24.3,24.3,24.3,24.3,24.2,24.2,24.3,24.1,24.1,24.1,24.1,23.9,23.9,24.2,23.9,24.0,24.0,23.8,23.8,24.0,23.7,23.9,23.9,23.9,24.0,24.5,24.6,24.6,24.7,25.0,24.7,24.8,24.9,24.7,24.8,24.9,24.8,24.8,24.9,25.0,24.9,24.8,24.9,24.8,24.8,25.0,24.8,24.9,24.9,24.9,25.0,24.9,25.0,24.9,24.9,24.8,24.8,25.0,25.0,25.0,25.1,25.0,24.9,25.0,24.9,24.9,25.0,24.9,24.9,25.0,25.0,25.0,25.0,24.8,24.9,24.9,24.9,24.9,24.9,24.9,25.0,25.0,24.8,25.0,25.0,25.2,25.0,24.9,25.0,25.0,24.9,25.1,25.0,25.2,25.1,25.0,25.0,25.0,25.0,25.1
224,25.2,25.3,25.1,25.4,25.3,25.2,25.2,25.2,25.2,25.2,25.3,25.3,25.2,25.4,25.3,25.1,25.3,25.3,25.1,25.2,25.2,25.2,25.2,25.3,25.3,25.3,25.2,25.2,25.3,25.3,25.1,25.1,25.2,25.0,25.4,25.2,25.2,25.2,25.1,25.2,25.2,25.3,25.3,25.2,25.1,25.2,25.2,25.2,25.2,25.1,25.2,25.4,25.2,25.0,25.1,25.2,25.0,25.1,24.9,25.0,25.0,25.0,25.2,25.0,24.9,25.1,25.0,25.3,25.1,25.1,25.1,24.9,25.0,25.0,25.0,25.0,24.9,25.0,24.8,25.0,24.8,24.7,25.0,24.8,24.8,24.6,24.7,24.6,24.6,24.3,24.3,24.1,24.1,24.1,24.2,24.2,24.2,24.2,24.1,24.1,24.2,24.2,24.1,23.9,24.1,24.0,23.9,23.9,23.9,24.0,23.9,23.8,23.7,23.7,23.8,23.9,24.1,24.4,24.7,24.7,24.6,24.7,24.6,24.7,24.6,24.8,24.9,24.7,24.7,24.8,24.8,24.8,24.9,24.9,24.7,25.0,24.7,24.9,24.8,24.9,25.1,24.9,25.0,25.0,25.0,24.9,25.0,24.9,24.9,24.8,24.8,24.7,25.0,25.0,24.7,25.0,24.8,24.8,24.9,25.1,24.9,24.9,24.8,24.8,24.9,24.7,24.9,25.0,25.0,25.0,24.7,24.8,24.9,24.8,24.9,25.0,24.9,25.0,24.7,25.0,25.1,24.9,25.0,25.1,25.0,25.0,25.0,24.9,24.9,25.0,24.9,25.0
225,25.4,25.2,25.2,25.2,25.1,25.3,25.1,25.3,25.2,25.1,25.4,25.3,25.3,25.2,25.2,25.3,25.2,25.1,25.1,25.3,25.3,25.2,25.3,25.2,25.1,25.2,25.2,25.4,25.3,25.3,25.3,25.2,25.4,25.5,25.3,25.2,25.2,25.1,25.1,25.3,25.1,25.1,25.3,25.1,25.3,25.1,25.1,25.0,25.1,25.2,25.1,25.2,25.1,25.1,25.1,25.3,25.2,25.1,25.1,25.2,25.1,25.1,25.0,25.2,25.1,25.1,25.0,25.1,25.0,25.1,25.0,24.9,24.9,24.9,24.9,25.0,24.9,24.9,24.9,24.7,24.9,24.9,24.8,24.9,24.7,24.6,24.8,24.6,24.7,24.5,24.4,24.2,24.2,24.2,24.1,24.2,24.2,24.1,24.1,24.1,24.0,24.1,24.1,23.8,23.9,24.0,24.0,23.8,23.9,24.0,23.7,23.9,23.9,23.7,24.0,24.1,24.3,24.3,24.6,24.6,24.7,24.7,24.6,24.7,24.5,24.8,24.8,24.7,24.8,24.9,24.9,24.9,24.7,24.9,24.8,25.0,24.8,24.8,24.9,24.9,24.9,25.0,24.8,24.8,25.0,24.6,24.8,24.9,25.0,24.8,24.8,24.8,24.9,24.9,24.9,25.0,25.0,24.9,24.8,24.9,25.0,24.8,25.0,24.9,25.0,24.9,24.8,25.0,24.9,25.0,25.0,25.0,24.9,24.9,24.9,24.9,24.8,25.1,24.9,24.9,24.9,24.9,24.9,25.1,25.0,25.0,24.9,24.9,24.9,25.0,24.9,25.0
226,25.4,25.4,25.1,25.2,25.3,25.0,25.1,25.0,25.2,25.1,25.2,25.2,25.1,25.3,25.2,25.4,25.2,25.2,25.2,25.2,25.2,25.2,25.2,25.1,25.3,25.3,25.3,25.1,25.2,25.3,25.3,25.1,25.1,25.1,25.4,25.2,25.1,25.2,25.2,25.3,25.1,25.3,25.2,25.2,25.3,25.2,25.1,25.1,25.2,25.2,25.1,25.2,25.1,25.0,25.1,25.1,25.0,25.2,25.1,25.1,25.1,25.0,25.1,25.0,25.0,25.1,25.2,25.0,25.1,25.0,25.1,24.9,24.9,24.9,25.0,25.1,24.7,25.0,25.0,25.0,24.9,25.0,24.9,24.7,24.8,24.8,24.8,24.9,24.6,24.4,24.5,24.3,24.5,24.3,24.4,24.3,24.3,24.1,24.2,24.0,24.1,24.0,23.9,24.2,24.0,23.9,23.7,24.0,24.0,23.9,24.0,23.9,24.0,23.9,24.0,24.1,24.3,24.6,24.5,24.6,24.6,24.7,24.7,24.8,24.8,24.9,24.7,24.8,24.9,24.6,25.0,24.7,24.9,25.0,24.9,24.9,24.9,24.9,24.9,24.8,24.9,25.0,24.8,24.9,25.0,24.8,24.8,24.9,24.8,24.9,25.0,24.7,24.8,25.0,24.9,24.9,24.9,24.9,24.9,24.9,24.7,24.8,24.9,24.7,25.0,25.0,24.9,25.0,24.6,24.9,24.8,24.9,24.8,24.9,24.9,24.9,24.9,24.9,24.9,24.9,25.0,25.0,24.9,24.9,25.0,25.0,25.0,25.0,25.0,24.9,24.9,25.1
227,25.1,25.4,25.1,25.2,25.3,25.2,25.3,25.4,25.2,25.3,25.4,25.3,25.2,25.4,25.4,25.3,25.3,25.2,25.1,25.2,25.1,25.2,25.1,25.4,25.3,25.1,25.1,25.2,25.1,25.3,25.4,25.2,25.4,25.2,25.3,25.2,25.2,25.1,25.2,25.2,25.2,25.2,25.2,25.1,25.1,25.2,25.1,25.3,25.1,25.1,25.2,25.1,25.0,25.2,25.1,25.1,25.2,25.3,25.1,25.2,25.2,25.1,25.2,25.2,24.9,25.1,25.0,25.2,25.0,24.9,25.1,25.0,25.0,25.0,25.1,24.9,25.0,24.9,24.9,24.9,24.9,24.9,24.7,24.9,24.9,24.7,24.8,24.5,24.7,24.6,24.5,24.4,24.3,24.3,24.4,24.1,24.2,24.1,24.2,24.2,24.1,24.1,24.0,23.9,24.0,23.9,23.8,24.0,24.1,24.1,24.0,24.1,24.2,24.4,24.3,24.3,24.5,24.7,24.7,24.9,24.8,24.6,24.8,24.8,24.7,24.7,24.8,24.6,24.6,24.8,24.9,24.8,24.9,24.7,24.9,24.9,24.9,24.9,24.9,24.8,24.9,25.0,24.8,24.9,25.0,24.9,24.9,24.9,24.9,24.9,24.8,24.9,24.9,24.8,24.6,24.8,24.9,24.8,24.9,25.1,24.9,24.8,24.9,24.7,24.8,24.8,24.8,24.7,24.7,24.8,24.9,24.8,24.9,24.8,24.8,24.9,25.0,24.9,24.8,24.9,25.0,24.9,24.9,25.1,24.9,25.0,25.0,24.9,25.0,25.0,24.9,24.9
228,25.2,25.3,25.1,25.0,25.4,25.2,25.3,25.3,25.3,25.2,25.3,25.1,25.2,25.4,25.3,25.2,25.3,25.2,25.2,25.1,25.2,25.1,25.3,25.2,25.1,25.3,25.3,25.2,25.1,25.3,25.1,25.2,25.3,25.1,25.2,25.3,25.1,25.1,25.3,25.3,25.1,25.2,25.4,25.3,25.2,25.3,25.2,25.4,25.0,25.2,25.1,25.2,25.1,25.0,25.1,25.0,25.1,25.2,25.2,25.2,25.0,25.1,25.0,25.1,25.0,25.0,25.1,24.9,25.2,25.1,25.1,25.1,24.9,25.0,24.9,25.0,24.8,24.9,24.9,24.9,24.8,24.9,24.9,24.6,24.8,24.8,24.7,24.6,24.7,24.5,24.5,24.4,24.4,24.3,24.3,24.3,24.2,24.2,24.1,24.1,24.1,24.1,24.0,24.0,24.0,23.9,24.0,24.0,24.1,24.3,24.2,24.3,24.2,24.3,24.5,24.3,24.5,24.7,24.8,24.6,24.6,24.7,24.6,24.9,24.9,24.7,24.9,24.9,24.9,25.0,24.9,24.9,24.9,24.8,24.9,24.9,24.8,24.8,24.9,24.9,24.7,24.8,24.8,24.9,25.0,24.8,24.8,24.9,24.9,25.0,24.8,24.9,25.0,24.8,24.8,25.0,24.8,24.9,24.8,25.0,24.8,25.0,24.9,25.0,25.0,24.8,25.0,25.0,24.8,24.9,24.7,25.0,25.0,25.0,25.0,24.8,25.0,25.0,25.1,24.8,24.9,24.9,25.0,25.0,25.0,25.1,25.1,25.1,24.8,25.0,24.9,25.0
229,25.2,25.2,25.1,25.2,25.3,25.3,25.2,25.2,25.1,25.3,25.4,25.2,25.3,25.2,25.3,25.3,25.6,25.2,25.1,25.4,25.2,25.3,25.3,25.0,25.2,25.2,25.2,25.2,25.2,25.2,25.2,25.3,25.3,25.1,25.3,25.2,25.2,25.2,25.2,25.2,25.2,25.2,25.2,25.1,25.0,25.1,25.0,25.2,25.1,25.0,25.2,25.1,25.1,25.0,25.1,25.1,25.2,25.0,25.1,25.1,25.0,25.0,25.1,25.0,25.0,24.9,25.1,25.1,24.8,24.9,25.0,25.0,25.0,24.9,24.7,24.9,24.7,25.0,24.9,24.9,24.8,24.8,24.8,24.6,24.7,24.6,24.8,24.9,24.6,24.6,24.6,24.5,24.4,24.5,24.3,24.3,24.2,24.2,24.1,24.1,24.0,24.0,24.0,23.9,23.9,23.9,23.9,24.0,24.3,24.1,24.5,24.4,24.3,24.5,24.6,24.6,24.6,24.6,24.7,24.6,24.7,24.9,24.7,24.7,24.8,24.8,24.7,24.9,24.8,24.9,24.9,24.8,24.7,24.9,24.7,24.8,24.8,24.8,24.9,24.9,25.0,24.7,24.9,24.9,25.0,25.0,25.0,25.0,24.9,24.8,25.0,24.9,24.7,25.0,25.1,25.0,25.0,24.8,24.8,24.9,25.0,24.9,25.0,24.8,25.0,24.8,25.0,25.0,24.8,24.9,24.9,25.0,24.9,24.9,24.9,24.9,24.9,24.8,24.9,24.9,25.0,25.0,24.9,25.0,24.8,25.1,25.1,25.0,25.0,25.1,24.8,25.0
230,25.2,25.2,25.1,25.2,25.2,25.1,25.2,25.1,25.3,25.0,25.1,25.4,25.0,25.2,25.2,25.4,25.4,25.1,25.1,25.2,25.4,25.3,25.0,25.1,25.1,25.3,25.1,25.1,25.0,25.0,25.0,25.1,25.2,25.2,25.1,25.3,25.1,25.2,25.1,25.1,25.2,25.1,25.2,25.1,25.0,25.1,24.9,25.0,25.0,25.2,25.0,25.3,25.1,25.0,25.1,25.0,25.0,25.1,25.1,25.2,25.0,25.1,24.9,25.0,25.0,25.0,24.9,25.0,25.1,24.8,25.0,25.0,25.0,24.8,24.9,24.9,24.9,25.1,24.8,24.9,24.7,24.7,24.8,24.9,24.8,24.7,24.8,24.6,24.6,24.7,24.5,24.5,24.3,24.5,24.4,24.3,24.0,24.0,24.3,24.0,24.0,24.0,23.8,23.9,24.0,23.9,24.0,24.1,24.3,24.3,24.4,24.4,24.4,24.5,24.6,24.5,24.4,24.6,24.6,24.6,24.7,24.6,24.8,24.9,24.7,24.7,24.9,24.7,24.8,24.9,24.8,24.9,24.9,24.9,24.7,24.9,24.8,24.9,24.9,24.8,25.0,25.0,24.9,24.7,25.1,24.9,24.9,25.0,24.9,24.8,24.9,24.7,24.8,24.9,25.0,24.9,24.9,25.0,25.0,24.8,24.8,25.0,24.8,24.9,24.9,24.8,24.8,25.0,24.9,24.9,24.7,24.9,24.9,24.9,24.9,24.9,24.8,24.9,25.0,24.8,24.9,25.0,25.0,25.0,25.0,25.1,24.8,25.1,24.9,25.0,24.9,25.0
231,25.2,25.3,25.1,25.2,25.4,25.1,25.2,25.0,25.1,25.2,25.1,25.1,25.3,25.1,25.3,25.3,25.3,25.4,25.3,25.2,25.3,25.2,25.1,25.3,25.1,25.1,25.2,25.1,25.1,25.3,25.2,25.1,25.2,25.1,25.3,25.4,25.2,25.3,25.2,25.2,25.4,25.1,25.2,25.2,25.0,25.3,25.1,25.2,25.1,25.1,25.1,25.0,25.2,25.0,25.1,25.2,25.1,25.1,25.0,25.1,25.0,25.0,24.9,25.0,25.0,25.1,25.0,25.0,25.0,24.9,25.0,25.0,24.9,24.9,24.9,24.9,24.8,24.9,24.8,24.8,24.7,24.8,24.8,24.8,24.7,24.8,24.8,24.5,24.5,24.7,24.7,24.6,24.7,24.5,24.5,24.3,24.3,24.0,24.2,24.0,24.0,23.9,24.0,24.0,23.9,23.9,24.0,24.2,24.5,24.6,24.5,24.6,24.4,24.5,24.5,24.7,24.6,24.6,24.7,24.8,24.7,24.7,24.6,24.7,24.6,24.9,24.6,24.8,24.8,24.6,24.8,24.7,24.7,24.9,24.7,24.9,24.8,24.9,24.9,24.8,25.0,24.8,24.8,24.9,25.1,24.8,24.8,24.9,24.8,24.8,24.8,24.8,24.8,24.9,24.8,24.8,24.8,24.8,24.9,24.9,24.8,24.9,24.8,24.9,24.9,24.8,24.9,24.9,24.7,24.9,24.8,24.9,25.0,25.0,25.0,24.9,24.8,24.9,25.0,25.0,24.9,25.0,25.0,24.9,24.7,25.0,25.0,25.0,25.1,24.9,24.9,25.0
232,25.2,25.2,25.1,25.2,25.4,25.3,25.1,25.0,25.0,25.1,25.1,25.1,25.2,25.2,25.2,25.1,25.0,25.1,25.3,25.4,25.2,25.1,25.2,25.2,25.3,25.1,25.0,25.0,25.2,25.1,25.1,25.1,25.3,25.0,25.0,25.2,25.3,25.0,25.3,25.3,25.0,25.3,25.2,25.1,25.1,25.2,25.1,25.1,25.1,25.1,25.3,25.0,25.1,25.0,25.2,25.1,25.3,25.1,25.0,25.2,25.0,25.0,24.9,25.1,25.0,25.1,24.9,24.9,25.1,25.0,25.1,24.9,24.9,24.7,24.9,24.9,24.7,24.9,24.7,24.8,24.6,24.6,24.7,24.7,24.6,24.8,24.6,24.6,24.7,24.6,24.6,24.4,24.5,24.6,24.5,24.3,24.1,24.1,24.1,24.1,23.9,24.0,23.9,23.9,23.8,24.0,23.9,24.1,24.5,24.6,24.6,24.5,24.4,24.5,24.6,24.7,24.7,24.7,24.6,24.6,24.9,24.8,24.7,24.7,24.7,24.7,24.9,24.8,24.8,24.7,24.8,24.7,24.8,24.9,24.8,24.8,24.8,24.8,24.9,24.7,24.7,24.9,24.8,24.8,24.9,24.9,24.7,24.9,24.9,24.7,24.8,24.8,24.8,24.9,24.8,24.9,24.9,24.9,24.8,24.7,24.9,24.8,24.8,24.9,24.9,24.8,25.0,24.9,24.8,25.0,24.7,25.0,25.1,24.9,24.9,25.0,25.0,25.0,25.0,24.9,25.0,25.0,25.0,25.0,25.0,24.9,25.0,25.0,24.9,25.0,24.9,25.1
233,25.3,25.2,25.2,25.0,25.4,25.4,25.0,25.0,25.2,25.3,25.2,25.2,25.2,25.2,25.3,25.2,25.2,25.3,25.2,25.1,25.1,25.2,25.2,25.2,25.1,25.2,25.1,25.1,25.2,25.1,25.1,25.3,25.1,25.2,25.2,25.1,25.2,25.1,25.3,25.2,25.3,25.1,25.3,25.1,25.1,25.3,24.9,25.2,25.0,25.2,25.1,25.0,25.1,25.1,25.1,25.1,25.0,25.1,25.0,25.0,25.0,25.0,25.2,25.1,25.1,25.0,24.9,24.9,25.0,24.9,25.0,24.9,24.9,24.9,24.9,25.1,24.9,25.0,24.9,24.8,24.7,24.8,24.7,24.7,24.6,24.8,24.9,24.6,24.8,24.6,24.7,24.5,24.5,24.5,24.5,24.3,24.2,24.2,24.1,24.1,24.0,23.9,24.0,23.8,23.6,23.9,23.9,24.1,24.3,24.5,24.5,24.7,24.4,24.5,24.7,24.6,24.7,24.6,24.6,24.6,24.6,24.8,24.6,24.8,24.8,24.6,24.7,24.7,24.7,24.8,24.8,24.8,24.8,24.8,24.7,24.8,24.7,24.9,24.6,24.9,24.8,24.8,25.0,24.8,25.0,24.7,24.9,24.7,24.9,24.7,24.9,24.9,24.9,24.8,24.7,24.9,24.7,24.8,25.0,24.8,24.9,24.8,24.8,24.8,25.0,24.8,24.9,24.9,25.0,24.9,24.9,24.9,24.9,24.9,24.8,24.8,25.0,25.0,24.9,24.9,25.0,25.0,24.8,24.9,24.9,25.0,25.1,25.0,24.9,25.1,25.0,25.0
234,25.1,25.1,25.1,25.3,25.1,25.2,25.1,25.1,25.1,25.2,25.2,25.2,25.3,25.4,25.2,25.2,25.3,25.3,25.1,25.1,25.1,25.3,25.1,25.1,25.2,25.2,25.2,25.1,25.2,25.2,25.3,24.9,25.1,25.0,25.1,25.1,25.0,25.1,25.1,25.0,25.2,25.1,25.1,25.0,25.0,25.1,25.3,25.1,25.1,25.1,25.0,25.1,25.1,25.1,25.0,25.0,25.0,25.0,25.1,25.0,25.0,25.0,25.0,25.0,25.0,25.0,25.0,25.0,24.9,24.8,24.9,24.9,24.9,25.0,24.8,24.7,24.7,24.9,24.8,24.8,24.6,24.8,24.8,24.8,24.7,24.6,24.6,24.9,24.7,24.5,24.6,24.5,24.4,24.5,24.4,24.4,24.4,23.9,24.0,24.0,24.1,23.9,23.9,23.9,23.9,24.0,24.1,24.3,24.2,24.5,24.4,24.6,24.6,24.6,24.7,24.6,24.6,24.6,24.8,24.8,24.7,24.7,24.7,24.8,24.6,24.7,24.7,25.0,24.7,24.7,24.7,24.8,24.7,24.9,24.7,24.8,24.8,24.9,24.9,24.8,24.9,24.6,24.9,24.6,24.9,24.8,24.8,25.0,24.9,24.8,24.8,24.6,24.8,24.9,24.7,24.8,24.9,24.8,25.0,24.8,24.6,24.8,24.9,24.9,24.8,24.8,24.8,24.8,24.9,24.9,24.8,24.8,24.9,25.1,24.7,24.9,24.8,25.0,25.0,24.7,24.9,24.9,24.9,24.9,25.1,25.0,25.0,24.9,24.9,25.0,25.0,25.0
235,25.2,25.1,25.3,25.2,25.2,25.4,25.2,25.1,25.1,25.2,25.3,25.3,25.4,25.1,25.1,25.2,25.2,25.1,25.3,25.2,25.1,25.3,25.1,25.0,25.0,25.2,25.1,25.2,25.1,25.1,25.1,25.0,25.2,25.0,25.2,25.3,25.1,25.1,25.2,25.3,25.3,25.0,25.2,25.1,25.1,25.0,25.2,25.0,25.0,25.0,25.0,25.0,24.9,25.0,25.1,25.0,25.1,24.9,25.0,25.0,25.0,25.0,24.9,25.0,25.0,24.9,24.9,25.0,24.9,25.0,25.0,24.9,24.9,24.9,24.8,24.9,24.8,24.8,24.8,24.8,24.9,24.7,24.7,24.7,24.6,24.7,24.7,24.6,24.6,24.4,24.5,24.6,24.6,24.6,24.3,24.5,24.3,24.3,24.1,24.0,24.0,23.9,23.9,23.7,23.9,23.9,24.1,24.3,24.4,24.5,24.6,24.6,24.5,24.7,24.6,24.4,24.7,24.8,24.8,24.7,24.7,24.8,24.7,24.8,24.7,24.8,24.6,24.8,24.7,24.7,24.8,24.8,24.9,24.9,24.7,24.8,24.8,25.0,24.7,24.8,24.9,25.0,24.8,24.9,24.9,24.9,24.8,24.8,24.9,24.9,24.9,24.7,24.8,24.7,24.7,25.0,24.7,24.9,24.9,24.7,24.9,24.9,24.9,24.7,25.0,24.7,24.9,24.9,25.0,24.9,24.9,24.8,24.8,25.0,25.0,24.9,24.8,25.2,25.0,24.9,24.9,24.9,25.0,24.9,25.0,25.1,25.0,25.0,25.0,25.0,24.9,25.1
236,25.1,25.2,25.1,25.2,25.3,25.3,25.1,25.1,25.1,25.2,25.1,25.2,25.1,25.2,25.1,25.2,25.1,25.1,25.2,25.2,25.2,25.0,25.1,25.1,25.1,25.0,25.1,25.0,25.1,24.9,25.1,25.2,25.1,25.0,25.1,25.1,25.1,25.1,25.1,25.2,25.0,24.9,25.1,25.0,25.0,25.1,25.0,25.1,25.1,25.0,25.1,25.1,25.0,24.9,25.1,25.0,25.0,25.0,25.0,25.1,24.9,25.0,24.9,25.1,25.1,24.9,24.9,24.9,24.7,24.8,24.8,24.9,24.9,25.0,24.8,24.8,24.7,24.8,24.7,24.6,24.6,24.8,24.7,24.6,24.6,24.6,24.4,24.4,24.6,24.5,24.4,24.3,24.3,24.4,24.4,24.5,24.4,24.1,24.0,24.0,24.0,23.8,24.0,23.7,24.0,24.2,24.3,24.2,24.2,24.3,24.6,24.5,24.5,24.4,24.5,24.6,24.4,24.6,24.6,24.6,24.6,24.6,24.4,24.7,24.7,24.6,24.6,24.7,24.7,24.7,24.8,24.7,24.6,24.8,24.7,24.7,24.7,24.7,24.7,24.9,24.7,24.6,24.6,24.8,24.8,24.8,24.7,24.7,24.6,24.9,24.6,24.8,24.8,24.8,24.8,24.9,24.7,24.7,24.8,24.7,24.9,24.7,24.8,24.7,24.8,24.8,24.7,24.8,24.6,24.8,24.9,24.8,24.8,24.9,24.7,24.8,24.9,25.0,24.8,24.9,24.9,24.9,25.0,24.7,24.9,25.0,24.9,24.9,24.9,24.9,25.0,25.0
237,25.0,25.3,25.1,25.2,25.1,25.3,25.2,25.1,25.1,25.1,25.2,25.1,25.3,25.1,25.1,25.1,25.3,25.0,24.9,25.1,25.3,25.1,25.3,25.0,25.1,25.1,25.1,25.1,25.1,25.1,25.1,25.0,24.9,25.0,25.1,25.1,25.0,25.0,25.2,25.2,25.1,25.1,25.0,25.2,25.1,25.1,25.1,25.1,25.0,25.1,25.0,25.1,24.9,25.0,25.0,25.1,25.2,24.9,25.0,24.9,24.9,24.9,24.9,25.0,25.0,25.0,25.0,24.9,24.7,24.9,24.8,24.8,24.6,24.8,24.7,24.9,24.6,24.8,24.7,24.7,24.6,24.7,24.7,24.6,24.6,24.6,24.7,24.7,24.6,24.6,24.6,24.7,24.3,24.4,24.5,24.3,24.3,24.0,24.1,24.0,24.1,23.9,23.9,24.0,24.2,24.3,24.3,24.3,24.4,24.6,24.6,24.6,24.5,24.4,24.7,24.5,24.5,24.6,24.5,24.7,24.8,24.7,24.7,24.7,24.7,24.7,24.6,24.6,24.6,24.7,24.6,24.5,24.7,24.6,24.6,24.7,24.6,24.8,24.6,24.6,24.7,24.6,24.6,24.6,24.9,24.7,24.7,24.6,24.9,24.6,24.7,24.9,24.7,24.8,24.9,24.8,24.7,24.6,24.7,24.7,24.8,24.8,24.8,24.6,24.9,24.8,24.8,24.9,24.7,24.8,24.7,24.9,25.0,24.9,24.9,24.9,24.9,24.9,24.7,24.9,24.9,24.8,24.9,24.7,24.9,25.0,25.0,24.9,25.0,25.0,24.9,24.9
238,25.2,25.2,25.1,25.1,25.2,25.0,25.2,25.1,25.1,25.1,25.4,25.0,25.1,25.2,25.3,25.2,25.0,25.2,25.0,25.1,25.3,25.1,25.0,25.1,25.2,25.2,25.0,25.1,25.1,25.1,25.1,25.1,25.2,25.1,25.2,25.0,25.1,25.1,25.1,25.0,25.1,25.1,25.1,25.1,24.9,25.1,25.1,25.0,25.0,25.1,25.0,25.0,24.9,24.9,25.0,25.0,25.1,24.9,25.0,25.0,25.0,24.9,24.9,24.9,24.8,25.1,25.0,24.8,24.8,25.0,24.7,24.9,24.8,24.9,24.7,24.7,24.6,24.7,24.6,24.6,24.6,24.6,24.5,24.5,24.6,24.4,24.4,24.4,24.5,24.6,24.6,24.4,24.4,24.6,24.3,24.4,24.3,24.1,24.2,24.1,23.9,23.9,23.9,24.0,24.2,24.3,24.4,24.4,24.4,24.5,24.5,24.4,24.5,24.6,24.7,24.6,24.6,24.6,24.7,24.5,24.6,24.8,24.7,24.6,24.7,24.5,24.6,24.6,24.5,24.7,24.7,24.7,24.7,24.7,24.8,24.8,24.6,24.6,24.7,24.6,24.8,24.7,24.9,24.9,24.9,24.8,24.8,24.9,24.8,24.9,24.7,24.7,24.7,24.7,24.8,25.0,24.7,24.8,24.8,24.7,24.7,24.7,24.7,24.8,24.9,24.7,24.8,24.8,25.0,24.8,24.9,24.7,24.8,25.0,25.1,24.8,24.8,25.0,24.9,24.8,25.0,25.0,24.9,25.1,24.9,24.9,25.0,25.0,25.0,24.8,24.9,25.1
239,25.1,24.9,25.2,25.2,25.0,25.2,25.0,25.2,25.3,25.0,25.2,25.0,25.1,25.2,25.0,25.1,25.3,25.2,25.1,25.0,25.2,25.1,25.0,25.1,25.2,25.1,25.0,25.0,25.1,25.0,25.1,25.0,25.0,25.0,25.0,25.3,25.0,25.0,25.1,25.1,25.1,25.1,25.1,25.2,25.0,25.0,25.1,25.0,25.1,24.9,25.1,25.0,25.0,24.9,25.0,25.2,25.0,24.9,25.0,24.8,24.9,25.0,24.9,24.9,25.0,24.9,24.8,24.7,24.8,24.8,24.7,24.8,24.6,24.7,24.6,24.6,24.7,24.7,24.6,24.6,24.5,24.6,24.6,24.6,24.8,24.6,24.5,24.6,24.4,24.6,24.3,24.5,24.3,24.4,24.4,24.3,24.3,24.3,24.2,24.1,24.0,24.0,24.0,24.0,24.2,24.5,24.3,24.5,24.2,24.4,24.6,24.6,24.5,24.6,24.4,24.4,24.4,24.5,24.5,24.5,24.5,24.8,24.6,24.7,24.5,24.4,24.6,24.6,24.6,24.4,24.6,24.6,24.5,24.6,24.6,24.8,24.6,24.7,24.7,24.6,24.6,24.6,24.6,24.7,24.7,24.6,24.6,24.7,24.6,24.6,24.7,24.7,24.8,24.8,24.6,24.8,24.9,24.6,25.0,24.7,24.7,24.8,24.8,24.8,24.9,24.8,24.9,24.9,24.7,24.8,24.9,24.9,24.9,24.9,24.8,24.7,24.6,24.9,24.8,24.8,24.9,24.9,24.8,25.0,25.0,25.0,24.9,25.0,24.9,25.1,24.9,25.1
240,25.1,25.2,25.2,25.1,25.2,25.2,25.1,25.2,25.0,25.1,25.0,25.0,25.0,25.2,25.2,25.1,25.1,25.0,25.0,25.2,25.2,25.2,25.0,25.1,25.1,25.2,25.1,25.0,25.1,25.0,25.0,25.1,25.0,25.0,25.1,25.1,25.0,25.1,25.0,25.0,25.3,25.1,25.1,25.1,25.1,25.1,25.0,24.9,24.9,24.9,24.9,24.9,24.9,24.9,25.1,25.2,25.0,24.8,24.9,24.9,24.8,25.0,24.9,24.8,24.9,24.8,24.8,24.8,24.8,24.7,24.8,24.6,24.7,24.7,24.7,24.7,24.6,24.7,24.7,24.6,24.7,24.6,24.6,24.5,24.5,24.5,24.3,24.5,24.5,24.3,24.4,24.4,24.3,24.4,24.4,24.3,24.3,24.2,23.9,23.9,24.0,23.9,24.0,24.1,24.1,24.4,24.4,24.4,24.4,24.6,24.6,24.4,24.4,24.6,24.3,24.4,24.3,24.5,24.7,24.5,24.4,24.5,24.6,24.6,24.6,24.5,24.6,24.5,24.6,24.6,24.6,24.6,24.6,24.6,24.6,24.5,24.6,24.6,24.6,24.6,24.6,24.7,24.8,24.6,24.9,24.6,24.6,24.8,24.8,24.5,24.8,24.7,24.7,24.5,24.6,24.8,24.9,24.7,24.7,24.7,24.7,24.8,24.8,24.8,24.7,24.6,24.9,24.8,24.7,24.8,24.9,24.7,24.9,24.8,24.9,25.0,24.8,25.0,24.9,24.9,24.9,24.9,24.8,24.9,24.9,25.0,24.9,24.9,25.0,25.0,24.8,24.9
241,25.1,25.1,25.1,25.1,25.2,25.0,25.0,25.1,25.0,25.0,25.2,25.1,25.1,25.1,25.0,25.0,25.1,25.1,25.1,25.1,25.2,25.3,25.1,25.0,25.0,24.9,25.0,25.1,25.0,25.1,25.0,24.9,25.0,24.8,25.1,25.1,25.0,24.9,25.0,25.0,25.1,25.0,24.9,25.0,24.9,25.0,24.9,24.8,24.7,25.0,24.9,25.0,24.8,25.0,24.9,25.0,24.9,24.9,24.8,24.8,24.9,24.9,24.8,24.8,24.9,24.8,24.6,24.8,24.7,24.7,24.7,24.6,24.8,24.8,24.7,24.9,24.6,24.7,24.5,24.6,24.2,24.6,24.5,24.6,24.4,24.4,24.5,24.4,24.4,24.4,24.3,24.5,24.6,24.2,24.1,24.1,24.1,24.0,24.0,24.0,23.9,23.9,24.1,24.0,24.3,24.3,24.5,24.4,24.5,24.5,24.3,24.5,24.4,24.4,24.6,24.3,24.3,24.4,24.6,24.4,24.6,24.5,24.6,24.6,24.6,24.5,24.6,24.6,24.7,24.4,24.6,24.5,24.5,24.6,24.6,24.5,24.6,24.8,24.7,24.6,24.6,24.6,24.6,24.6,24.8,24.6,24.8,24.7,24.5,24.7,24.8,24.8,24.7,24.7,24.7,24.7,24.7,24.6,24.8,24.7,24.7,24.7,24.6,24.7,24.8,24.7,24.8,24.8,24.8,24.8,24.7,24.7,24.9,24.8,24.8,24.9,24.8,24.9,24.9,24.9,24.9,25.0,24.9,25.1,24.9,24.8,24.9,25.2,25.1,24.9,25.0,25.1
242,25.1,25.2,25.3,25.1,25.0,25.2,25.1,25.1,25.1,25.1,25.1,24.9,25.1,25.2,24.9,25.1,25.1,25.0,25.1,25.1,25.1,25.2,25.1,25.0,25.0,25.1,25.0,25.1,24.9,25.0,25.0,25.0,25.1,24.8,25.0,25.1,25.1,25.0,25.0,24.9,25.0,24.9,25.0,24.9,24.9,25.1,24.9,24.9,24.8,25.0,24.9,25.0,24.7,24.7,24.9,24.9,25.0,24.9,24.9,24.9,24.8,24.9,24.8,24.9,24.8,24.9,24.8,24.7,24.6,24.7,24.7,24.6,24.6,24.8,24.6,24.3,24.5,24.7,24.6,24.6,24.3,24.5,24.5,24.4,24.4,24.4,24.4,24.5,24.5,24.5,24.5,24.6,24.1,24.3,24.3,24.2,24.1,24.0,24.0,23.9,23.9,23.9,23.9,24.1,24.3,24.4,24.4,24.4,24.2,24.3,24.5,24.5,24.3,24.3,24.5,24.5,24.5,24.3,24.6,24.6,24.3,24.6,24.5,24.5,24.5,24.4,24.5,24.6,24.5,24.5,24.6,24.5,24.3,24.5,24.5,24.7,24.4,24.5,24.6,24.7,24.6,24.8,24.7,24.6,24.8,24.7,24.6,24.9,24.7,24.8,24.6,24.6,24.7,24.6,24.6,24.7,24.6,24.5,24.7,24.6,24.7,24.7,24.6,24.6,24.6,24.7,24.7,24.8,24.7,24.8,24.7,24.7,24.8,24.7,24.8,24.7,24.8,24.9,24.7,24.7,24.9,24.9,24.8,25.0,24.9,24.9,24.9,24.9,25.0,24.9,25.0,24.9
243,25.1,25.3,25.2,25.0,25.1,25.1,25.1,25.1,24.9,25.0,25.0,25.0,24.9,25.1,25.1,25.2,25.1,25.1,24.9,25.1,25.2,25.1,25.0,25.1,25.0,25.1,25.0,25.0,25.2,25.0,24.9,25.1,25.0,25.0,25.0,25.0,25.1,24.9,25.1,25.1,25.1,24.9,25.0,25.0,24.9,25.0,25.1,24.9,24.8,24.9,25.0,24.9,24.8,24.7,24.9,24.9,24.9,24.8,24.8,24.8,24.7,24.7,24.9,24.8,24.8,24.8,24.7,24.9,24.7,24.7,24.7,24.6,24.6,24.8,24.6,24.7,24.7,24.6,24.4,24.5,24.5,24.5,24.6,24.5,24.5,24.3,24.3,24.3,24.3,24.3,24.4,24.2,24.4,24.1,24.2,23.9,24.1,24.0,24.0,24.0,23.9,23.9,24.1,24.1,24.2,24.3,24.2,24.3,24.3,24.4,24.5,24.6,24.3,24.4,24.3,24.4,24.5,24.4,24.4,24.3,24.3,24.4,24.3,24.5,24.4,24.5,24.5,24.4,24.5,24.5,24.6,24.4,24.6,24.6,24.4,24.5,24.5,24.6,24.6,24.6,24.5,24.6,24.8,24.6,24.6,24.7,24.6,24.8,24.6,24.6,24.7,24.6,24.7,24.7,24.6,24.9,24.6,24.6,24.7,24.8,24.6,24.7,24.6,24.8,24.7,24.8,24.8,24.8,24.6,24.8,24.8,24.8,24.6,24.9,24.7,24.9,24.7,24.9,25.0,25.0,24.9,24.9,25.0,24.9,24.9,24.9,24.9,24.9,24.8,24.9,24.9,24.9
244,25.1,25.2,25.3,25.2,25.3,25.3,25.0,25.0,25.1,25.0,25.1,24.9,25.0,25.1,25.2,25.1,25.1,25.1,25.1,25.2,25.2,25.1,25.0,25.1,25.0,25.1,25.0,25.1,25.2,25.1,25.0,25.2,25.1,25.0,25.0,25.1,25.1,24.9,25.0,25.1,25.1,25.0,25.1,24.9,24.9,25.0,24.9,24.8,24.9,24.9,24.9,25.0,25.1,24.9,24.9,25.0,24.9,24.7,24.8,24.9,24.9,24.8,24.7,25.0,24.8,24.9,24.8,24.7,24.8,24.7,24.9,24.7,24.6,24.6,24.5,24.5,24.5,24.6,24.5,24.5,24.5,24.6,24.3,24.4,24.4,24.2,24.3,24.4,24.3,24.3,24.3,24.3,24.3,24.2,24.1,24.0,24.1,23.9,23.9,23.7,23.8,23.9,24.0,24.0,24.1,24.2,24.2,24.2,24.3,24.3,24.3,24.2,24.3,24.3,24.4,24.3,24.3,24.2,24.4,24.3,24.4,24.3,24.4,24.6,24.3,24.5,24.4,24.3,24.3,24.5,24.6,24.4,24.5,24.5,24.5,24.6,24.6,24.5,24.6,24.5,24.6,24.5,24.5,24.5,24.8,24.4,24.4,24.6,24.5,24.6,24.6,24.7,24.6,24.8,24.7,24.6,24.6,24.5,24.8,24.7,24.8,24.6,24.6,24.7,24.8,24.8,24.7,24.8,24.9,24.9,24.9,25.0,24.8,24.8,24.8,24.7,24.7,25.0,24.9,24.9,24.8,24.9,24.9,25.0,24.9,24.9,24.9,25.0,25.0,24.9,25.0,24.9
245,25.0,25.0,25.0,25.1,25.0,25.1,25.1,25.1,25.1,25.0,25.1,25.0,25.0,25.1,25.1,25.2,25.1,25.0,25.0,25.0,24.9,25.1,25.1,25.0,24.9,25.1,25.0,25.0,25.0,25.0,25.1,25.1,25.1,24.8,25.0,25.0,24.9,25.0,25.0,25.0,25.0,24.9,25.0,24.9,24.9,24.9,24.9,25.0,24.9,24.9,24.8,24.9,24.8,24.7,24.9,24.9,24.9,25.0,24.8,24.9,24.8,24.8,24.8,24.7,24.9,24.7,24.6,24.8,24.6,24.6,24.6,24.5,24.6,24.7,24.6,24.5,24.6,24.6,24.6,24.4,24.4,24.6,24.5,24.5,24.4,24.4,24.3,24.3,24.3,24.2,24.2,24.2,24.2,24.3,24.0,24.1,24.0,24.0,24.0,23.8,23.9,23.9,24.2,24.0,24.3,24.3,24.4,24.3,24.3,24.3,24.2,24.3,24.4,24.3,24.3,24.4,24.4,24.2,24.3,24.3,24.3,24.5,24.3,24.5,24.3,24.4,24.3,24.5,24.3,24.4,24.6,24.4,24.3,24.5,24.3,24.4,24.5,24.5,24.3,24.3,24.5,24.5,24.5,24.5,24.6,24.4,24.5,24.5,24.6,24.4,24.4,24.6,24.7,24.6,24.5,24.7,24.6,24.6,24.6,24.6,24.6,24.8,24.6,24.5,24.8,24.5,24.6,24.8,24.6,24.6,24.5,24.6,24.8,24.6,24.8,24.7,24.7,24.9,24.9,24.7,24.8,24.9,25.0,24.9,24.8,24.9,24.9,24.8,24.9,24.9,24.9,24.9
246,25.0,25.2,25.1,25.2,25.1,25.2,25.2,25.0,25.3,25.2,25.2,25.1,25.2,25.1,25.1,25.1,25.0,25.2,25.1,25.3,25.0,25.2,25.2,25.1,25.1,25.1,25.0,25.1,25.1,25.1,25.0,25.1,24.9,25.0,25.1,25.0,24.9,25.1,25.1,25.0,24.8,24.9,25.0,25.0,24.8,25.0,25.0,24.9,24.9,24.9,25.0,24.9,24.8,24.9,24.9,24.8,25.0,24.9,24.8,24.7,24.8,24.9,24.6,24.7,24.6,24.8,24.5,24.7,24.6,24.7,24.7,24.4,24.6,24.5,24.5,24.7,24.5,24.5,24.3,24.6,24.4,24.2,24.5,24.5,24.5,24.3,24.2,24.1,24.3,24.1,24.2,24.2,24.1,24.2,24.0,24.0,24.0,23.9,23.9,23.9,23.9,24.0,24.0,24.1,24.1,24.1,24.1,24.2,24.3,24.1,24.3,24.2,24.2,24.5,24.3,24.2,24.3,24.2,24.4,24.3,24.3,24.3,24.3,24.3,24.2,24.4,24.3,24.4,24.2,24.3,24.5,24.2,24.3,24.5,24.4,24.5,24.5,24.4,24.3,24.3,24.4,24.3,24.5,24.4,24.6,24.5,24.4,24.5,24.6,24.6,24.6,24.6,24.7,24.7,24.6,24.7,24.6,24.6,24.6,24.7,24.6,24.6,24.5,24.6,24.7,24.5,24.7,24.7,24.6,24.8,24.8,24.8,24.9,24.7,24.7,24.6,24.7,25.0,24.8,24.8,24.9,24.8,25.0,24.9,25.0,24.9,25.0,24.9,24.9,25.0,24.9,25.0
247,25.0,24.9,25.1,25.1,25.2,25.1,25.2,25.0,25.1,25.1,25.1,25.2,25.1,25.1,25.1,25.0,25.0,25.1,25.0,25.0,24.8,25.0,25.0,24.9,24.9,24.9,25.0,25.0,25.0,24.9,25.0,24.9,25.0,25.0,25.1,25.1,24.9,25.0,24.9,24.9,24.9,24.9,25.0,25.0,24.8,24.9,24.8,25.0,25.0,25.0,24.8,24.8,24.9,24.9,24.9,24.9,24.9,24.9,24.7,25.0,24.8,24.7,24.7,24.8,24.6,24.8,24.7,24.5,24.6,24.8,24.7,24.5,24.4,24.4,24.6,24.5,24.5,24.6,24.3,24.5,24.4,24.3,24.2,24.4,24.3,24.3,24.5,24.2,24.4,24.2,24.2,24.3,24.1,24.2,24.0,24.1,24.0,23.9,23.8,23.8,23.9,23.9,24.2,24.3,24.0,24.3,24.2,24.2,24.2,24.3,24.1,24.3,24.3,24.3,24.3,24.2,24.3,24.3,24.4,24.3,24.3,24.2,24.2,24.4,24.3,24.3,24.4,24.4,24.4,24.4,24.2,24.3,24.2,24.3,24.3,24.4,24.5,24.3,24.5,24.5,24.3,24.6,24.4,24.6,24.5,24.5,24.3,24.6,24.7,24.6,24.5,24.6,24.5,24.6,24.6,24.6,24.6,24.5,24.6,24.6,24.7,24.5,24.6,24.6,24.7,24.7,24.6,24.8,24.6,24.9,24.8,24.7,24.7,24.6,24.9,25.0,24.9,24.8,24.8,24.8,24.8,24.9,24.8,24.8,25.0,24.9,25.0,24.9,25.0,24.9,24.9,24.8
248,25.1,25.0,24.9,25.0,25.1,25.0,25.2,25.1,25.0,25.0,24.9,25.2,25.1,25.0,25.1,25.0,25.1,25.0,25.0,25.0,24.9,25.0,25.0,25.0,25.0,25.0,24.9,25.0,25.1,25.1,25.0,24.9,25.0,25.0,25.0,24.9,24.9,25.0,24.8,24.9,24.8,25.1,25.0,24.8,24.9,24.8,25.0,24.8,24.7,24.8,24.9,24.9,24.7,24.8,24.7,24.9,24.6,24.7,24.7,24.8,24.8,24.8,24.6,24.6,24.8,24.6,24.6,24.5,24.5,24.5,24.6,24.5,24.5,24.5,24.3,24.5,24.3,24.5,24.3,24.4,24.3,24.4,24.4,24.1,24.2,24.1,24.3,24.3,24.3,24.1,24.3,24.0,23.9,24.1,24.0,23.9,24.0,23.8,23.8,23.7,23.9,24.1,24.0,24.4,24.1,24.2,24.1,24.1,24.1,24.5,24.3,24.3,24.3,24.3,24.3,24.4,24.2,24.3,24.2,24.2,24.1,24.4,24.3,24.3,24.3,24.3,24.0,24.3,24.4,24.3,24.4,24.2,24.2,24.3,24.3,24.2,24.3,24.4,24.4,24.2,24.3,24.2,24.3,24.2,24.3,24.5,24.4,24.5,24.3,24.4,24.4,24.5,24.4,24.6,24.4,24.5,24.5,24.5,24.6,24.6,24.7,24.6,24.7,24.5,24.8,24.7,24.8,24.7,24.5,24.7,24.7,24.6,24.6,24.8,24.8,24.9,24.6,24.8,24.6,24.8,24.6,24.9,24.9,24.9,24.9,24.8,24.8,25.0,24.8,24.6,24.9,25.0
249,25.3,25.1,25.0,25.0,25.0,24.9,25.2,25.0,25.1,24.9,24.9,25.0,25.2,25.1,25.2,25.1,25.0,25.1,25.0,24.9,25.0,25.0,24.9,25.2,24.9,24.9,25.0,24.8,24.9,24.9,24.9,24.9,24.9,25.0,25.1,25.0,25.0,24.9,25.0,24.8,24.9,24.9,24.8,24.9,25.0,24.9,24.8,24.9,24.9,24.9,24.8,24.9,24.9,24.7,24.9,24.9,24.8,24.7,24.8,24.8,24.8,24.7,24.6,24.6,24.8,24.6,24.6,24.5,24.5,24.5,24.5,24.6,24.5,24.5,24.4,24.5,24.3,24.6,24.3,24.4,24.2,24.3,24.3,24.2,24.2,24.1,24.2,24.3,24.2,24.2,24.0,24.0,23.9,23.9,24.0,23.9,23.8,24.0,23.8,23.9,24.0,24.0,24.2,24.0,24.1,24.1,24.0,24.3,24.1,24.2,24.3,24.3,24.0,24.2,24.2,24.1,24.3,24.1,24.3,24.1,24.3,24.3,24.3,24.3,24.1,24.2,24.3,24.3,24.2,24.2,24.4,24.3,24.1,24.4,24.1,24.5,24.1,24.2,24.3,24.4,24.2,24.3,24.4,24.2,24.6,24.3,24.3,24.3,24.4,24.4,24.5,24.6,24.5,24.5,24.4,24.3,24.5,24.5,24.5,24.5,24.6,24.4,24.6,24.5,24.7,24.5,24.4,24.4,24.6,24.6,24.7,24.7,24.7,24.7,24.7,24.7,24.7,24.7,24.9,24.8,24.8,24.8,24.9,24.8,24.9,24.8,24.7,24.9,24.9,24.9,24.9,24.9
250,25.0,25.1,25.1,25.1,25.0,25.1,25.1,25.2,24.9,25.1,25.1,25.0,25.0,25.1,25.1,25.0,25.0,25.0,25.0,25.0,25.0,25.1,25.0,25.0,24.8,24.9,24.9,24.9,25.1,24.9,25.1,24.8,25.0,25.0,24.9,25.1,24.9,24.8,24.7,24.9,24.9,24.8,24.9,25.0,24.6,24.9,24.9,24.7,24.8,24.8,24.9,24.9,24.9,24.8,24.8,24.7,24.7,24.6,24.6,24.8,24.6,24.8,24.6,24.6,24.7,24.6,24.4,24.4,24.3,24.3,24.5,24.6,24.4,24.4,24.4,24.4,24.3,24.4,24.3,24.3,24.2,24.4,24.2,24.2,24.1,24.2,24.3,24.2,24.3,24.0,24.1,24.0,24.0,23.9,24.0,23.9,23.7,23.9,23.7,23.9,23.9,24.0,24.0,24.1,24.0,24.2,24.2,24.1,24.2,24.2,24.1,24.3,24.2,24.2,24.4,24.3,24.3,24.2,24.2,24.2,24.1,24.2,24.0,24.3,24.2,24.2,24.3,24.1,24.2,24.3,24.3,24.3,24.1,24.2,24.1,24.3,24.0,24.1,24.1,24.2,24.3,24.3,24.4,24.4,24.5,24.3,24.4,24.3,24.4,24.4,24.5,24.3,24.5,24.3,24.4,24.5,24.6,24.5,24.6,24.5,24.6,24.5,24.6,24.5,24.7,24.6,24.7,24.6,24.6,24.7,24.7,24.6,24.7,24.9,24.7,24.6,24.7,24.8,24.9,24.7,24.9,24.7,24.9,24.8,24.9,24.9,24.8,24.9,25.0,24.9,25.0,24.9
251,25.0,25.2,24.9,25.1,25.0,24.9,25.0,25.0,25.0,25.0,25.2,25.0,25.0,25.1,25.1,25.0,25.1,25.0,25.0,25.0,25.0,25.1,24.9,25.0,25.0,25.1,24.9,24.9,24.8,24.9,25.0,24.9,24.9,24.7,25.0,25.0,24.9,25.0,25.0,25.0,24.8,24.9,24.9,24.9,24.7,24.7,24.7,24.8,24.9,24.7,24.8,24.7,24.6,24.7,24.8,24.7,24.6,24.8,24.7,24.6,24.8,24.7,24.6,24.6,24.7,24.5,24.4,24.7,24.6,24.7,24.4,24.4,24.5,24.5,24.3,24.4,24.2,24.5,24.3,24.3,24.3,24.3,24.3,24.3,24.2,24.3,24.3,24.1,24.1,24.0,24.2,24.1,24.0,23.8,23.9,23.8,23.8,23.7,23.5,23.8,24.0,24.0,24.1,24.2,24.0,24.2,24.0,24.0,24.0,24.2,24.0,24.1,24.0,24.2,24.3,24.3,24.3,24.1,24.1,24.0,24.1,24.3,24.1,24.1,24.1,24.2,24.2,24.0,24.3,24.3,24.3,24.1,24.1,24.3,24.2,24.3,24.0,24.2,24.1,24.2,24.3,24.2,24.3,24.2,24.6,24.2,24.4,24.4,24.4,24.3,24.5,24.3,24.3,24.3,24.5,24.4,24.4,24.4,24.3,24.6,24.6,24.4,24.5,24.6,24.5,24.6,24.6,24.9,24.6,24.4,24.8,24.7,24.7,24.6,24.8,24.6,24.8,24.8,24.8,24.6,24.7,25.0,24.9,24.9,24.9,24.9,24.9,24.9,24.8,25.0,25.0,25.0
252,25.1,24.9,25.1,25.0,25.1,25.1,25.1,25.0,25.0,24.9,25.1,25.2,25.1,25.1,25.1,24.9,25.1,25.0,25.1,24.9,25.0,25.2,25.0,24.9,25.1,24.9,25.1,25.0,24.9,25.0,24.9,24.9,25.0,24.8,24.9,24.9,25.0,25.0,24.9,25.0,24.9,24.8,24.9,24.8,24.8,24.9,24.7,24.8,24.7,24.6,24.7,25.0,24.7,24.6,24.7,24.7,24.8,24.6,24.7,24.6,24.7,24.6,24.6,24.5,24.5,24.6,24.5,24.4,24.7,24.6,24.5,24.3,24.4,24.4,24.5,24.3,24.4,24.5,24.5,24.3,24.2,24.3,24.2,24.3,24.3,24.2,24.2,24.1,24.2,24.1,24.1,24.0,24.0,24.0,23.9,23.7,23.8,23.9,23.7,24.1,24.0,24.0,24.0,24.2,24.3,24.2,24.0,24.3,24.2,24.0,24.1,24.2,24.2,24.0,24.2,24.3,24.2,24.1,24.2,24.2,24.2,24.4,24.1,24.0,24.3,24.2,24.3,24.2,24.4,24.2,24.2,24.3,24.2,24.3,24.3,24.2,24.1,23.9,24.3,24.1,24.4,24.3,24.4,24.2,24.6,24.3,24.4,24.3,24.6,24.3,24.2,24.4,24.3,24.3,24.4,24.5,24.5,24.5,24.5,24.5,24.5,24.6,24.6,24.7,24.6,24.6,24.6,24.6,24.6,24.5,24.7,24.6,24.7,24.7,24.5,24.7,24.6,24.7,24.7,24.7,24.8,24.8,25.0,24.7,25.0,25.0,24.9,24.8,24.9,24.8,24.9,24.9
253,24.9,25.1,25.0,25.0,24.9,24.9,25.0,25.0,24.9,24.9,25.0,25.0,25.1,24.9,25.1,25.1,25.2,24.8,25.0,25.0,24.9,24.9,24.9,24.9,25.0,24.9,24.9,25.0,25.1,25.0,25.0,24.9,24.8,24.8,25.0,25.1,25.0,24.9,24.8,24.8,24.9,24.8,24.8,25.0,24.8,24.8,24.8,24.9,24.7,24.9,24.8,24.9,24.8,24.7,24.7,24.9,24.7,24.6,24.6,24.8,24.7,24.6,24.6,24.6,24.6,24.5,24.6,24.5,24.3,24.4,24.4,24.5,24.4,24.3,24.3,24.4,24.1,24.5,24.3,24.3,24.2,24.2,24.3,24.1,24.3,24.2,24.1,24.0,24.1,24.1,23.9,24.0,23.9,24.0,23.8,23.7,23.7,23.9,23.9,24.2,24.0,24.0,24.2,24.2,24.2,24.1,24.2,24.1,24.1,24.3,24.2,24.0,24.1,24.1,24.3,24.3,24.1,24.1,24.2,24.3,24.3,24.2,24.2,24.2,24.1,24.2,24.1,23.9,24.1,24.2,24.3,24.3,24.2,24.3,24.2,24.3,24.2,24.2,24.2,24.1,24.2,24.0,24.3,24.0,24.3,24.3,24.1,24.3,24.2,24.3,24.4,24.3,24.3,24.4,24.5,24.5,24.3,24.3,24.4,24.4,24.6,24.5,24.7,24.4,24.6,24.7,24.6,24.6,24.6,24.5,24.7,24.7,24.6,24.7,24.7,24.7,24.6,24.8,24.9,24.7,24.8,24.8,24.9,24.8,24.8,24.8,24.7,25.0,24.8,24.9,24.9,24.8
254,25.0,25.0,25.1,25.1,24.9,24.9,24.9,25.0,24.9,25.1,25.1,24.9,24.9,25.0,24.9,25.0,25.0,24.9,24.9,25.1,24.9,24.8,25.0,25.1,25.0,25.0,25.0,24.9,24.9,24.9,25.0,24.8,25.0,24.8,24.8,24.8,24.8,24.9,25.0,24.9,25.0,24.9,24.9,24.8,25.0,24.9,24.7,24.9,24.6,24.7,24.8,24.7,24.8,24.6,24.8,24.8,24.9,24.8,24.8,24.7,24.7,24.6,24.5,24.5,24.6,24.5,24.4,24.4,24.4,24.3,24.6,24.4,24.4,24.3,24.2,24.3,24.2,24.4,24.2,24.2,24.1,24.1,24.1,24.1,24.1,24.0,24.1,24.1,24.3,24.0,23.9,23.9,23.8,23.9,23.7,23.7,23.8,23.6,24.0,23.9,24.2,24.0,24.2,24.2,24.3,24.2,24.1,24.3,24.3,24.2,24.2,24.5,24.0,24.2,24.1,24.0,24.2,24.2,24.2,24.3,24.0,24.0,24.3,24.1,23.9,24.2,24.3,24.1,24.2,24.1,24.1,24.0,24.0,24.3,24.1,24.2,24.0,24.1,24.3,24.2,24.1,24.3,24.1,24.3,24.4,24.2,24.0,24.4,24.2,24.3,24.2,24.3,24.1,24.3,24.3,24.4,24.3,24.3,24.4,24.5,24.3,24.5,24.5,24.6,24.6,24.5,24.5,24.6,24.6,24.6,24.6,24.6,24.8,24.8,24.8,24.6,24.7,24.7,24.7,24.8,24.7,24.9,24.7,24.9,24.8,24.9,24.8,24.7,24.9,24.8,25.0,25.0
255,24.9,24.9,25.1,25.0,25.0,25.0,25.2,24.8,24.9,25.0,25.0,25.0,25.2,25.0,25.0,25.1,24.9,25.1,24.9,25.0,25.1,25.1,25.0,25.0,24.8,25.0,24.9,25.1,24.9,24.9,24.8,24.9,24.9,25.0,25.0,24.9,24.9,25.0,25.1,24.9,24.9,24.9,24.9,24.9,24.8,24.9,24.9,24.8,24.7,24.8,24.8,24.9,24.9,24.8,24.9,24.8,24.6,24.5,24.8,24.7,24.6,24.7,24.7,24.7,24.5,24.7,24.4,24.5,24.5,24.4,24.5,24.4,24.3,24.4,24.4,24.3,24.3,24.4,24.2,24.3,24.2,24.2,24.1,24.2,24.2,24.1,23.9,24.0,24.1,24.0,24.0,23.9,23.8,23.9,23.7,23.8,23.7,23.9,24.0,24.1,24.0,24.2,24.3,24.3,24.3,24.2,24.3,24.1,23.9,24.3,24.2,24.2,24.0,24.3,24.2,24.2,24.3,24.1,24.2,24.3,24.0,24.4,24.0,24.3,24.1,24.1,24.2,23.9,24.0,24.1,24.1,23.9,24.0,24.1,24.2,24.0,24.2,24.3,24.0,24.1,24.1,24.2,24.1,24.2,24.2,24.1,24.1,24.2,24.2,24.3,24.3,24.4,24.3,24.2,24.3,24.3,24.4,24.4,24.7,24.5,24.5,24.3,24.5,24.6,24.5,24.3,24.7,24.5,24.7,24.6,24.5,24.5,24.7,24.6,24.6,24.8,24.7,24.8,24.7,24.8,24.6,24.7,24.9,24.8,24.8,24.9,25.0,24.7,25.0,24.8,24.8,25.0
