文件路径:,C:\Users\23589\Desktop\物理实验竞赛\实验数据（黑胶带版）\case09_树莓派4B裸板_半负载\data\HM20260726161752.csv
源热像文件:,C:\Users\23589\Desktop\物理实验竞赛\实验数据（黑胶带版）\case09_树莓派4B裸板_半负载\photo\HM20260726161752.jpeg

测温单位,摄氏度
图像宽度,192
图像高度,256

全局
统计:,,平均值:,31.8
,,最小值:,24.8
,,最大值:,45.7

坐标Y\X,0,1,2,3,4,5,6,7,8,9,10,11,12,13,14,15,16,17,18,19,20,21,22,23,24,25,26,27,28,29,30,31,32,33,34,35,36,37,38,39,40,41,42,43,44,45,46,47,48,49,50,51,52,53,54,55,56,57,58,59,60,61,62,63,64,65,66,67,68,69,70,71,72,73,74,75,76,77,78,79,80,81,82,83,84,85,86,87,88,89,90,91,92,93,94,95,96,97,98,99,100,101,102,103,104,105,106,107,108,109,110,111,112,113,114,115,116,117,118,119,120,121,122,123,124,125,126,127,128,129,130,131,132,133,134,135,136,137,138,139,140,141,142,143,144,145,146,147,148,149,150,151,152,153,154,155,156,157,158,159,160,161,162,163,164,165,166,167,168,169,170,171,172,173,174,175,176,177,178,179,180,181,182,183,184,185,186,187,188,189,190,191
0,26.0,26.0,26.0,26.2,26.4,26.3,26.1,26.1,26.2,26.3,26.3,26.3,26.2,26.3,26.3,26.5,26.4,26.3,26.4,26.5,26.3,26.3,26.5,26.4,26.4,26.5,26.5,26.5,26.4,26.5,26.5,26.6,26.5,26.6,26.5,26.5,26.7,26.5,26.5,26.6,26.5,26.5,26.5,26.5,26.5,26.5,26.7,26.7,26.7,26.6,26.8,26.8,26.9,26.7,26.7,26.6,26.8,26.9,26.8,26.8,26.8,26.9,26.9,26.9,27.0,26.9,26.9,26.9,27.1,26.9,26.9,26.9,26.9,27.0,26.9,26.8,27.0,26.8,27.0,27.0,27.0,27.0,27.1,27.0,27.1,27.2,27.0,27.1,27.0,26.9,27.1,26.9,27.0,26.8,26.9,27.0,26.9,27.0,27.0,27.0,27.0,27.0,27.0,26.9,26.9,26.9,27.0,26.8,26.9,26.7,26.7,26.8,26.9,26.7,26.8,26.8,26.8,26.8,26.8,26.7,26.9,26.8,26.9,26.7,26.9,26.8,26.8,26.8,26.6,26.6,26.7,26.6,26.7,26.6,26.6,26.7,26.7,26.6,26.4,26.6,26.5,26.4,26.5,26.6,26.3,26.5,26.2,26.3,26.2,26.4,26.4,26.4,26.5,26.4,26.4,26.2,26.2,26.1,26.2,26.2,26.2,26.0,26.0,26.1,26.1,26.0,26.1,26.1,26.0,25.9,26.1,26.1,26.1,25.8,25.9,25.9,25.8,26.0,25.8,26.0,26.1,26.1,26.0,25.8,25.9,26.0,25.8,26.1,26.1,25.8,25.7,25.9
1,26.2,26.3,25.9,26.1,26.1,26.4,26.2,26.1,26.3,26.2,26.2,26.2,26.3,26.3,26.3,26.5,26.3,26.4,26.3,26.5,26.5,26.4,26.3,26.5,26.5,26.6,26.5,26.4,26.6,26.6,26.4,26.6,26.6,26.6,26.5,26.5,26.5,26.5,26.5,26.7,26.5,26.5,26.7,26.6,26.7,26.6,26.6,26.6,26.9,26.8,26.8,26.9,26.9,26.8,26.7,26.7,26.9,26.9,26.9,26.9,27.0,26.9,26.9,27.0,27.0,26.9,27.0,26.9,27.0,27.1,27.1,27.0,27.0,26.9,27.0,26.9,26.9,26.8,26.9,27.0,26.9,27.2,27.2,27.1,27.2,27.1,27.0,27.2,27.1,27.0,27.0,27.0,27.1,26.9,27.0,27.1,26.9,27.1,26.9,26.9,26.9,26.8,26.8,27.1,26.9,26.9,26.9,26.9,26.9,26.7,26.7,26.8,26.9,26.9,26.8,26.8,26.9,26.7,26.6,26.9,26.8,26.9,26.7,26.9,26.6,26.8,26.7,26.7,26.6,26.7,26.6,26.7,26.7,26.6,26.5,26.7,26.6,26.6,26.6,26.6,26.6,26.5,26.4,26.5,26.5,26.6,26.5,26.5,26.3,26.3,26.5,26.4,26.3,26.2,26.4,26.3,26.3,26.2,26.2,26.2,26.1,26.2,26.1,26.2,26.2,26.2,26.1,26.0,26.2,26.1,25.9,26.1,26.0,26.1,26.0,25.9,26.2,26.1,25.9,25.9,26.0,25.9,25.9,25.9,26.0,25.9,25.8,25.9,25.9,25.7,25.8,26.0
2,26.2,26.1,26.0,26.2,26.2,26.2,26.2,26.2,26.2,26.4,26.2,26.3,26.2,26.3,26.5,26.2,26.4,26.3,26.5,26.3,26.4,26.4,26.5,26.4,26.6,26.4,26.5,26.3,26.2,26.6,26.5,26.5,26.7,26.5,26.6,26.7,26.6,26.5,26.6,26.8,26.5,26.6,26.7,26.7,26.5,26.6,26.7,26.8,26.7,26.7,26.9,26.7,26.9,26.8,26.8,26.9,26.9,26.7,26.8,26.9,26.7,26.9,27.0,27.0,26.9,27.1,27.0,27.0,27.0,26.9,27.1,27.0,27.0,27.1,27.1,26.9,27.1,26.9,26.9,27.1,27.0,27.1,27.1,27.1,27.1,27.2,27.2,27.3,27.0,27.0,27.2,27.2,27.2,27.1,27.1,26.8,27.0,27.0,27.1,27.1,26.9,27.0,26.9,27.1,27.1,26.9,27.0,27.0,26.9,26.8,26.9,26.9,26.8,26.8,26.9,26.7,26.8,26.9,26.7,26.9,26.8,26.8,26.8,26.8,27.0,26.9,26.7,26.8,26.7,26.7,26.7,26.6,26.5,26.5,26.5,26.7,26.5,26.6,26.5,26.6,26.7,26.5,26.5,26.6,26.5,26.5,26.4,26.5,26.4,26.2,26.4,26.4,26.4,26.2,26.2,26.4,26.4,26.2,26.2,26.2,26.1,26.2,26.1,26.2,26.1,26.2,26.1,26.2,25.9,26.2,25.9,26.1,25.8,25.9,26.2,25.9,25.9,25.9,25.9,25.9,25.9,26.0,25.9,25.8,25.8,25.8,25.8,25.9,25.9,25.8,25.7,25.7
3,26.3,26.2,26.2,26.2,26.1,26.5,26.2,26.3,26.3,26.3,26.5,26.3,26.3,26.3,26.4,26.3,26.4,26.5,26.4,26.3,26.5,26.5,26.4,26.3,26.5,26.3,26.5,26.6,26.5,26.5,26.5,26.5,26.7,26.5,26.6,26.5,26.7,26.7,26.6,26.5,26.7,26.6,26.6,26.7,26.6,26.7,26.5,26.6,26.8,26.9,26.7,26.8,26.9,27.1,26.8,26.9,26.8,26.9,26.9,27.0,26.9,26.8,26.9,26.9,27.0,27.1,27.0,27.0,27.0,26.9,27.0,27.2,27.1,27.1,27.1,27.1,27.2,27.0,27.1,27.2,27.0,27.2,27.1,27.0,27.3,27.2,27.0,27.1,27.1,27.1,27.1,27.1,27.2,27.1,27.0,27.1,26.9,27.0,27.0,26.9,27.1,27.0,26.9,27.0,27.0,27.0,27.0,27.0,26.9,26.9,26.9,27.0,26.9,26.9,26.9,26.9,26.8,26.9,26.9,27.0,26.7,26.9,26.7,26.8,26.8,26.9,26.7,26.6,26.8,26.7,26.6,26.6,26.7,26.6,26.7,26.3,26.7,26.5,26.6,26.7,26.7,26.7,26.6,26.7,26.4,26.6,26.4,26.5,26.4,26.0,26.3,26.4,26.4,26.5,26.2,26.2,26.2,26.2,26.1,26.2,26.2,26.1,26.1,26.2,26.1,25.9,26.1,26.1,26.0,26.0,25.9,26.1,26.1,26.0,26.0,26.2,26.0,26.0,25.9,26.0,25.9,26.1,25.9,25.8,26.0,25.8,26.0,25.9,25.8,25.8,25.7,25.7
4,26.1,26.2,26.2,26.1,26.0,26.5,26.2,26.2,26.4,26.3,26.5,26.4,26.4,26.4,26.5,26.2,26.3,26.4,26.3,26.5,26.6,26.5,26.5,26.5,26.5,26.6,26.5,26.6,26.5,26.5,26.6,26.7,26.8,26.6,26.6,26.6,26.7,26.6,26.8,26.8,26.6,26.6,26.6,26.8,26.6,26.7,26.7,26.8,26.8,26.9,26.7,26.8,26.8,26.9,26.9,27.0,26.9,27.1,26.9,26.9,26.9,27.1,27.0,27.1,27.1,27.2,27.1,27.0,27.1,26.7,27.1,27.2,27.1,27.3,27.2,27.2,27.2,27.2,27.1,27.2,27.1,27.3,27.2,27.2,27.2,27.2,27.2,27.2,27.2,27.2,27.1,27.3,27.1,27.1,27.4,26.9,27.0,27.2,27.1,27.2,27.1,27.2,27.0,27.0,26.9,26.9,26.9,27.1,27.0,27.1,27.1,27.1,27.0,27.0,26.9,26.9,26.9,26.9,27.0,26.9,26.9,26.9,26.8,26.9,26.8,26.9,26.8,26.9,26.8,26.8,26.8,26.6,26.7,26.8,26.5,26.7,26.7,26.7,26.6,26.7,26.6,26.5,26.7,26.5,26.5,26.5,26.5,26.4,26.3,26.3,26.4,26.5,26.2,26.5,26.3,26.2,26.3,26.4,26.2,26.1,26.1,26.3,26.2,26.2,26.2,26.1,26.2,26.0,26.0,26.1,26.1,26.0,26.1,26.1,26.0,26.0,26.0,26.1,25.8,26.1,25.9,26.0,25.8,25.7,25.8,25.7,25.7,25.9,25.8,25.7,25.7,25.8
5,26.2,26.2,26.2,26.2,26.4,26.2,26.2,26.2,26.3,26.4,26.4,26.3,26.3,26.4,26.2,26.3,26.3,26.4,26.4,26.5,26.5,26.6,26.5,26.5,26.5,26.4,26.4,26.5,26.5,26.6,26.4,26.7,26.7,26.5,26.6,26.7,26.7,26.8,26.9,26.8,26.6,26.9,26.9,26.7,26.8,26.7,26.8,26.8,26.9,26.9,27.0,26.9,27.0,26.9,26.8,27.1,26.9,26.9,26.9,26.9,27.2,27.0,27.1,27.0,27.1,27.1,27.2,27.1,27.2,27.2,27.2,27.2,27.2,27.3,27.2,27.3,27.2,27.2,27.1,27.3,27.4,27.3,27.2,27.2,27.3,27.3,27.2,27.1,27.2,27.2,27.4,27.3,27.3,27.2,27.2,27.2,27.1,27.3,27.1,27.1,27.2,27.2,27.2,27.2,27.1,27.2,26.9,27.2,27.2,27.0,27.1,27.1,26.9,27.0,27.1,26.9,27.1,27.1,27.0,27.1,27.1,26.9,27.0,27.0,26.8,26.8,27.0,27.0,26.8,26.8,26.8,26.8,26.7,26.9,26.7,26.7,26.7,26.7,26.7,26.6,26.7,26.7,26.6,26.6,26.6,26.6,26.5,26.5,26.5,26.5,26.4,26.4,26.4,26.4,26.5,26.3,26.3,26.4,26.2,26.2,26.1,26.3,26.2,26.2,26.3,26.3,26.2,26.2,26.2,26.3,26.1,25.9,26.1,26.2,26.0,26.0,26.1,26.1,26.1,25.8,26.0,25.9,25.9,25.8,25.8,25.9,25.7,26.0,25.9,25.9,25.7,25.8
6,26.2,26.3,26.2,26.2,26.3,26.5,26.2,26.3,26.2,26.3,26.4,26.3,26.5,26.4,26.3,26.3,26.3,26.4,26.4,26.4,26.5,26.4,26.5,26.7,26.6,26.4,26.6,26.6,26.6,26.6,26.5,26.6,26.7,26.7,26.7,26.6,26.6,26.7,26.7,26.7,26.7,26.8,26.9,26.8,26.9,26.8,26.8,26.9,26.9,26.9,27.0,26.9,26.9,27.1,27.1,27.1,27.2,27.1,27.1,27.2,27.0,27.1,27.1,27.0,27.0,27.2,27.2,27.1,27.3,27.3,27.2,27.4,27.1,27.2,27.3,27.3,27.4,27.2,27.3,27.4,27.3,27.3,27.3,27.2,27.3,27.4,27.3,27.4,27.4,27.4,27.5,27.2,27.2,27.4,27.3,27.4,27.3,27.4,27.1,27.2,27.2,27.2,27.1,27.2,27.1,27.3,27.2,27.1,27.3,27.3,27.2,27.1,27.4,27.1,27.2,27.1,27.0,27.1,27.1,27.0,27.1,27.1,27.0,27.0,27.0,27.2,26.9,27.2,27.1,26.9,27.0,26.9,26.9,26.8,26.7,26.7,26.8,26.7,26.9,26.8,26.6,26.7,26.7,26.7,26.6,26.6,26.6,26.6,26.4,26.6,26.3,26.5,26.3,26.5,26.3,26.4,26.3,26.2,26.4,26.2,26.3,26.3,26.2,26.3,26.3,26.2,26.3,26.1,26.1,26.2,26.0,26.2,26.2,26.1,26.1,26.3,26.0,26.0,25.9,26.0,25.8,26.1,26.0,26.0,25.9,25.8,25.8,25.9,25.9,25.8,25.7,25.9
7,26.2,26.3,26.3,26.3,26.2,26.2,26.2,26.2,26.3,26.2,26.4,26.3,26.3,26.5,26.4,26.4,26.5,26.5,26.3,26.4,26.5,26.4,26.5,26.5,26.7,26.5,26.6,26.5,26.5,26.7,26.5,26.5,26.5,26.7,26.7,26.9,26.7,26.5,26.8,26.7,26.8,26.8,26.9,26.8,26.7,26.9,26.8,27.0,26.7,27.0,27.0,27.1,27.0,27.1,27.1,27.0,27.0,27.2,27.0,27.2,27.2,27.2,27.0,27.2,27.2,27.2,27.2,27.2,27.3,27.1,27.3,27.3,27.2,27.2,27.3,27.3,27.4,27.6,27.4,27.6,27.4,27.5,27.4,27.3,27.3,27.4,27.3,27.3,27.4,27.4,27.3,27.4,27.4,27.4,27.4,27.4,27.4,27.4,27.2,27.4,27.2,27.5,27.1,27.3,27.2,27.2,27.1,27.3,27.2,27.0,27.2,27.4,27.3,27.4,27.0,27.1,27.1,27.1,27.2,27.2,27.0,27.2,27.1,27.0,26.9,27.1,27.0,27.2,27.0,27.1,27.0,26.8,26.9,26.9,26.8,26.8,26.9,26.6,26.6,26.6,26.7,26.7,26.7,26.6,26.5,26.7,26.7,26.5,26.5,26.5,26.4,26.4,26.4,26.3,26.3,26.5,26.3,26.2,26.4,26.2,26.4,26.2,26.2,26.2,26.2,26.1,26.1,26.1,26.2,26.2,25.9,26.1,26.0,26.1,26.1,26.0,26.2,25.9,26.1,26.0,26.1,25.9,25.8,26.0,26.0,25.9,26.1,25.9,25.9,25.9,25.7,25.9
8,26.2,26.3,26.1,26.2,26.3,26.2,26.2,26.2,26.3,26.4,26.4,26.3,26.4,26.4,26.4,26.3,26.4,26.3,26.5,26.5,26.6,26.6,26.5,26.5,26.7,26.5,26.6,26.6,26.7,26.7,26.7,26.7,26.6,26.6,26.8,26.7,26.6,26.8,26.8,26.8,26.8,26.7,27.0,26.9,26.9,27.0,26.9,26.8,26.9,27.0,27.0,26.9,27.0,27.2,27.0,26.9,27.1,27.2,27.1,27.2,27.2,27.2,27.3,27.2,27.3,27.4,27.4,27.4,27.2,27.2,27.3,27.3,27.4,27.4,27.4,27.4,27.5,27.4,27.4,27.6,27.4,27.5,27.6,27.3,27.5,27.4,27.4,27.5,27.5,27.4,27.4,27.4,27.6,27.4,27.5,27.4,27.4,27.5,27.5,27.5,27.4,27.5,27.4,27.4,27.2,27.3,27.2,27.3,27.2,27.4,27.2,27.3,27.3,27.2,27.4,27.2,27.0,27.2,27.1,27.1,27.1,27.2,27.1,27.1,27.0,27.0,26.9,27.2,27.1,26.9,27.0,26.9,27.0,26.9,26.9,26.9,26.8,26.8,26.7,26.9,26.8,26.6,26.7,26.8,26.5,26.5,26.6,26.6,26.7,26.7,26.5,26.5,26.2,26.5,26.2,26.5,26.3,26.2,26.4,26.2,26.3,26.2,26.1,26.2,26.3,26.2,26.4,26.1,26.1,26.1,26.0,26.2,26.1,26.2,26.1,26.1,26.2,26.0,26.0,25.8,26.0,26.1,26.1,25.7,26.0,26.0,25.9,25.7,25.9,25.8,25.9,25.8
9,26.2,26.2,26.3,26.3,26.3,26.5,26.3,26.5,26.4,26.2,26.3,26.3,26.4,26.5,26.5,26.4,26.6,26.4,26.4,26.7,26.5,26.5,26.7,26.8,26.6,26.6,26.7,26.7,26.7,26.7,26.7,26.8,26.8,26.8,26.6,26.9,26.9,26.8,26.9,26.8,26.9,26.9,26.7,26.8,27.0,27.2,27.1,26.9,27.1,27.1,27.1,26.9,27.1,27.0,27.0,27.0,27.1,27.1,27.2,27.2,27.3,27.4,27.3,27.3,27.4,27.5,27.4,27.4,27.2,27.2,27.4,27.4,27.4,27.5,27.3,27.3,27.6,27.5,27.5,27.7,27.6,27.6,27.6,27.6,27.6,27.4,27.4,27.6,27.5,27.6,27.6,27.5,27.5,27.6,27.6,27.5,27.5,27.7,27.6,27.4,27.6,27.4,27.5,27.4,27.4,27.3,27.3,27.2,27.4,27.4,27.2,27.3,27.3,27.2,27.4,27.2,27.5,27.4,27.4,27.3,27.2,27.2,27.2,27.0,27.0,27.1,27.1,27.1,27.1,27.1,27.0,27.1,27.0,26.9,27.0,26.8,27.0,26.8,26.9,26.8,26.7,26.7,26.9,26.5,26.8,26.6,26.7,26.6,26.6,26.7,26.6,26.6,26.6,26.6,26.5,26.3,26.5,26.5,26.3,26.3,26.5,26.2,26.3,26.1,26.3,26.1,26.2,26.3,26.2,26.3,26.0,26.2,26.2,26.2,26.0,26.0,26.2,26.0,26.1,25.9,26.2,26.0,26.0,25.7,25.8,25.8,25.7,26.0,25.7,25.7,25.8,25.9
10,26.3,26.5,26.4,26.4,26.2,26.2,26.3,26.5,26.5,26.5,26.5,26.3,26.5,26.5,26.5,26.5,26.5,26.7,26.3,26.6,26.6,26.7,26.5,26.6,26.7,26.7,26.7,26.7,26.8,26.8,26.8,26.7,26.7,26.8,26.7,26.8,26.7,26.8,26.9,26.9,27.0,27.0,26.9,27.0,27.0,27.0,27.2,27.1,27.0,27.0,27.2,27.1,27.1,27.0,27.2,27.2,27.2,27.1,27.3,27.3,27.4,27.2,27.3,27.5,27.5,27.5,27.6,27.6,27.4,27.4,27.6,27.5,27.5,27.5,27.8,27.7,27.6,27.6,27.6,27.7,27.8,27.9,27.8,27.8,27.9,27.7,27.6,27.8,27.8,27.6,27.6,27.6,27.7,27.7,27.6,27.8,27.8,27.6,27.8,27.6,27.5,27.6,27.5,27.5,27.4,27.5,27.3,27.5,27.3,27.6,27.3,27.4,27.4,27.4,27.4,27.4,27.2,27.4,27.4,27.3,27.2,27.2,27.2,27.2,27.1,27.2,27.2,27.2,27.1,27.1,27.2,27.2,27.1,27.1,27.0,26.9,27.0,26.9,27.0,27.0,26.9,26.8,26.9,26.7,26.7,26.8,26.6,26.6,26.7,26.4,26.3,26.6,26.7,26.5,26.5,26.5,26.3,26.3,26.4,26.2,26.4,26.4,26.3,26.3,26.3,26.2,26.3,26.2,26.2,26.3,26.2,26.2,26.2,26.1,26.2,26.1,26.2,26.0,26.0,26.0,25.9,26.0,25.9,25.9,25.9,26.1,26.1,25.8,25.8,25.9,26.0,25.9
11,26.3,26.2,26.1,26.1,26.1,26.3,26.3,26.4,26.4,26.3,26.4,26.5,26.6,26.5,26.6,26.5,26.5,26.4,26.7,26.6,26.6,26.6,26.5,26.5,26.6,26.7,26.8,26.6,26.7,26.7,26.4,26.8,26.7,26.8,26.7,26.8,26.9,26.8,26.9,26.8,26.9,26.9,27.0,27.0,27.0,27.0,27.1,27.2,27.2,27.3,27.2,27.2,27.3,27.3,27.3,27.2,27.1,27.3,27.3,27.4,27.4,27.4,27.4,27.4,27.5,27.6,27.6,27.5,27.5,27.6,27.6,27.6,27.7,27.6,27.7,27.6,27.8,27.6,27.8,27.7,27.8,27.9,27.7,27.7,27.9,27.8,27.8,27.6,27.7,27.7,27.6,27.7,27.7,27.8,27.7,27.6,27.7,27.8,27.8,27.6,27.6,27.6,27.6,27.6,27.6,27.6,27.5,27.5,27.5,27.6,27.5,27.5,27.5,27.5,27.4,27.4,27.4,27.3,27.4,27.5,27.6,27.4,27.4,27.2,27.2,27.2,27.3,27.0,27.1,27.2,26.9,27.1,27.1,27.3,27.1,27.1,26.9,27.1,26.9,26.8,26.8,26.8,26.9,26.7,26.7,26.7,26.7,26.7,26.7,26.5,26.6,26.7,26.6,26.5,26.5,26.5,26.5,26.6,26.6,26.2,26.4,26.3,26.1,26.2,26.2,26.2,26.3,26.2,26.2,26.2,26.0,26.0,26.2,26.3,26.0,26.2,25.9,26.1,26.1,26.0,26.1,25.9,26.0,26.0,26.1,26.0,25.7,25.8,25.8,25.8,25.8,25.9
12,26.5,26.5,26.2,26.2,26.2,26.3,26.4,26.3,26.5,26.2,26.4,26.5,26.5,26.6,26.5,26.6,26.5,26.5,26.4,26.5,26.5,26.6,26.6,26.7,26.7,26.6,26.8,26.8,26.9,26.8,26.8,26.9,26.8,26.8,26.9,26.9,26.9,27.1,27.0,27.0,26.9,27.1,27.2,26.9,27.0,27.2,27.2,27.2,27.3,27.2,27.4,27.3,27.4,27.4,27.2,27.5,27.3,27.4,27.4,27.4,27.5,27.4,27.6,27.4,27.6,27.7,27.7,27.7,27.8,27.6,27.7,27.7,27.6,27.9,27.8,27.8,27.7,27.7,27.7,27.9,27.8,28.0,28.0,28.0,27.9,28.1,27.8,27.9,27.8,27.9,27.8,27.8,27.9,28.0,28.0,27.8,27.9,28.0,27.9,27.8,27.8,27.9,27.6,27.7,27.6,27.6,27.7,27.7,27.5,27.6,27.5,27.6,27.6,27.6,27.4,27.6,27.5,27.6,27.5,27.4,27.5,27.3,27.4,27.4,27.4,27.4,27.2,27.2,27.3,27.3,27.2,27.3,27.2,27.0,27.0,27.0,27.1,27.0,27.1,27.0,26.9,27.0,26.9,26.9,26.8,26.8,26.8,26.7,26.8,26.6,26.7,26.5,26.5,26.6,26.7,26.5,26.6,26.5,26.5,26.4,26.5,26.4,26.3,26.3,26.2,26.3,26.3,26.2,26.4,26.5,26.3,26.2,26.2,26.2,26.2,26.2,26.1,26.0,25.9,26.2,26.1,26.1,25.9,26.0,26.0,26.0,26.0,26.2,25.9,25.9,25.8,25.9
13,26.4,26.4,26.3,26.5,26.3,26.4,26.4,26.4,26.6,26.4,26.4,26.6,26.5,26.6,26.5,26.5,26.5,26.5,26.6,26.7,26.6,26.6,26.9,26.7,26.8,26.9,26.8,26.8,26.8,26.9,26.9,27.0,26.9,26.9,27.0,27.0,27.0,27.1,27.1,26.9,27.2,27.1,27.1,27.3,27.2,27.4,27.2,27.3,27.3,27.5,27.5,27.4,27.3,27.4,27.4,27.4,27.4,27.6,27.4,27.6,27.4,27.6,27.6,27.7,27.7,27.8,27.8,27.7,27.8,27.7,27.9,27.8,27.9,28.0,27.9,28.0,27.9,27.9,27.9,27.9,27.9,28.0,28.0,28.3,28.0,28.2,27.8,28.2,28.0,27.9,28.1,28.0,28.0,28.0,28.0,28.0,27.9,28.0,28.0,27.9,27.8,28.0,28.0,28.0,27.9,27.6,27.7,27.8,27.7,27.6,27.5,27.4,27.8,27.5,27.5,27.5,27.6,27.5,27.6,27.5,27.4,27.5,27.4,27.5,27.4,27.5,27.4,27.3,27.4,27.3,27.1,27.3,27.0,27.2,27.2,27.2,27.3,27.1,27.1,27.1,27.1,26.9,27.0,26.8,26.9,26.9,26.9,26.7,26.9,26.6,26.7,26.8,26.8,26.7,26.5,26.7,26.4,26.5,26.5,26.5,26.5,26.2,26.3,26.4,26.3,26.2,26.5,26.3,26.3,26.4,26.2,26.2,26.4,26.3,26.1,26.1,26.2,26.0,26.0,26.1,25.9,26.1,25.9,25.9,26.0,25.9,26.0,26.0,25.8,25.9,26.0,25.8
14,26.5,26.2,26.3,26.3,26.4,26.5,26.3,26.4,26.4,26.4,26.5,26.7,26.6,26.7,26.8,26.7,26.6,26.7,26.7,26.7,26.8,26.6,26.8,26.9,26.8,26.7,26.9,26.8,27.0,26.7,26.9,27.0,26.9,27.0,27.0,27.0,27.0,27.1,26.9,27.2,27.0,27.2,27.2,27.1,27.2,27.3,27.4,27.3,27.4,27.4,27.5,27.5,27.5,27.4,27.7,27.5,27.6,27.6,27.6,27.6,27.6,27.6,27.6,27.8,27.8,27.8,27.9,27.9,27.9,27.9,28.0,28.1,28.2,28.0,28.1,28.1,28.1,28.1,28.2,28.3,28.2,28.2,28.3,28.4,28.4,28.4,28.2,28.4,28.4,28.3,28.3,28.2,28.4,28.1,28.2,28.1,28.2,28.3,28.2,28.2,28.2,28.2,28.2,28.3,28.1,28.0,28.0,28.0,28.0,28.0,27.8,28.0,27.8,27.7,27.7,27.6,27.8,27.6,27.7,27.8,27.7,27.7,27.6,27.7,27.7,27.6,27.4,27.6,27.4,27.3,27.5,27.4,27.3,27.3,27.3,27.1,27.4,27.2,27.2,27.1,27.1,26.8,27.1,27.1,26.9,26.8,26.9,26.8,26.8,26.8,26.7,26.6,26.8,26.7,26.8,26.6,26.5,26.7,26.5,26.4,26.4,26.3,26.3,26.4,26.4,26.4,26.4,26.4,26.4,26.2,26.3,26.3,26.2,26.5,26.1,26.1,26.1,26.3,26.1,26.1,26.0,26.0,26.2,26.0,26.1,26.1,26.0,26.0,25.9,25.9,26.0,25.8
15,26.5,26.4,26.2,26.4,26.5,26.4,26.5,26.3,26.6,26.5,26.6,26.6,26.4,26.6,26.7,26.6,26.7,26.7,26.7,26.8,26.7,26.7,26.7,26.8,26.8,26.9,26.9,26.9,26.9,26.8,26.8,27.0,27.0,27.1,27.2,27.2,27.2,27.0,27.0,27.2,27.2,27.2,27.4,27.2,27.3,27.4,27.2,27.5,27.4,27.6,27.6,27.5,27.6,27.6,27.5,27.8,27.7,27.8,27.8,27.8,27.7,27.9,27.8,27.9,28.0,27.9,28.0,28.0,28.0,28.1,28.0,28.1,28.1,28.4,28.2,28.1,28.3,28.2,28.5,28.3,28.5,28.5,28.6,28.7,28.5,28.4,28.6,28.5,28.4,28.5,28.5,28.4,28.5,28.5,28.5,28.3,28.3,28.4,28.4,28.3,28.4,28.3,28.3,28.2,28.1,28.2,28.2,28.0,28.0,27.9,28.0,27.9,28.0,27.8,27.9,27.9,27.8,27.8,27.8,27.8,27.8,27.7,27.6,27.7,27.6,27.7,27.7,27.6,27.5,27.5,27.4,27.4,27.4,27.4,27.2,27.3,27.4,27.3,27.2,27.2,27.1,27.2,27.1,27.2,26.9,26.9,26.9,26.7,26.8,26.9,26.8,26.7,26.8,26.5,26.6,26.7,26.6,26.6,26.5,26.5,26.5,26.4,26.5,26.5,26.5,26.3,26.5,26.5,26.3,26.2,26.1,26.4,26.3,26.2,26.2,26.2,26.2,26.2,25.9,26.2,26.1,26.1,26.1,25.9,26.2,26.1,26.0,26.0,26.0,25.9,26.0,25.9
16,26.6,26.6,26.6,26.5,26.4,26.5,26.5,26.4,26.5,26.4,26.5,26.5,26.6,26.6,26.7,26.7,26.6,26.9,26.8,26.8,26.8,26.7,26.8,26.9,26.9,26.8,26.9,26.8,26.9,26.9,26.8,27.2,27.2,27.1,27.0,27.1,27.1,27.2,27.2,27.2,27.1,27.2,27.4,27.3,27.3,27.4,27.4,27.5,27.6,27.5,27.8,27.6,27.8,27.9,27.6,27.8,27.8,27.8,27.8,27.9,27.9,27.9,27.9,28.0,28.1,28.0,28.2,28.2,28.2,28.3,28.3,28.3,28.4,28.5,28.5,28.3,28.4,28.4,28.5,28.6,28.5,28.4,28.5,28.6,28.7,28.7,28.7,28.7,28.7,28.8,28.7,28.7,28.7,28.6,28.7,28.7,28.6,28.5,28.7,28.7,28.5,28.5,28.6,28.3,28.5,28.3,28.2,28.2,28.2,28.3,28.2,28.1,28.1,28.0,28.0,28.0,28.0,27.9,27.8,27.9,27.8,27.8,27.7,27.9,27.8,27.9,27.8,27.8,27.8,27.6,27.6,27.5,27.4,27.4,27.5,27.4,27.3,27.3,27.3,27.2,27.3,27.3,27.2,27.0,26.9,26.9,26.9,26.9,26.8,26.9,26.9,26.7,26.7,26.9,26.7,26.7,26.6,26.7,26.8,26.5,26.4,26.6,26.7,26.5,26.5,26.4,26.5,26.2,26.3,26.4,26.3,26.3,26.3,26.4,26.3,26.2,26.4,26.3,26.1,26.3,26.1,26.3,26.3,26.2,26.0,26.2,26.0,26.2,26.0,26.0,26.0,25.9
17,26.4,26.5,26.5,26.6,26.4,26.5,26.4,26.5,26.6,26.5,26.6,26.7,26.6,26.7,26.6,26.6,26.6,26.6,26.7,26.7,26.8,26.8,26.8,26.9,26.9,26.9,27.0,26.9,26.9,26.9,27.1,27.2,27.3,27.1,27.1,27.2,27.1,27.2,27.3,27.3,27.4,27.3,27.5,27.5,27.5,27.4,27.6,27.7,27.7,27.6,27.7,28.0,27.8,27.7,27.9,28.0,27.9,27.9,27.9,28.0,28.0,28.0,28.0,28.1,28.1,28.1,28.1,28.2,28.3,28.3,28.3,28.5,28.6,28.5,28.6,28.5,28.5,28.7,28.6,28.6,28.8,28.7,28.7,28.7,29.0,29.0,29.1,29.1,29.0,29.0,29.0,29.0,28.9,28.9,28.9,28.8,28.9,28.8,28.8,28.7,28.5,28.7,28.6,28.6,28.6,28.5,28.6,28.6,28.6,28.3,28.4,28.3,28.3,28.2,28.2,28.0,28.1,27.9,28.1,28.0,28.1,28.0,28.2,28.0,27.8,27.9,28.0,27.8,27.8,27.7,27.8,27.6,27.6,27.5,27.6,27.4,27.5,27.4,27.4,27.3,27.3,27.1,27.2,27.3,27.3,27.0,27.0,27.1,27.0,26.9,26.8,26.9,26.7,26.7,26.8,26.7,26.7,26.5,26.5,26.4,26.5,26.5,26.5,26.5,26.4,26.3,26.4,26.4,26.4,26.4,26.1,26.2,26.2,26.3,26.3,26.2,26.3,26.1,26.2,26.2,25.9,26.1,26.0,26.0,25.9,25.9,25.9,25.9,25.9,26.0,26.0,25.9
18,26.5,26.4,26.5,26.7,26.6,26.6,26.5,26.9,26.5,26.5,26.7,26.6,26.7,26.7,26.8,26.7,26.7,26.6,26.7,27.0,26.8,26.8,26.9,27.0,26.9,26.8,27.0,27.1,27.0,27.2,27.1,27.2,27.2,27.2,27.2,27.3,27.4,27.4,27.4,27.4,27.6,27.4,27.6,27.6,27.7,27.7,27.6,27.6,27.8,27.7,27.8,27.9,27.8,27.9,28.0,28.0,28.1,28.2,28.0,28.1,28.2,28.2,28.3,28.2,28.3,28.2,28.3,28.5,28.6,28.5,28.6,28.5,28.6,28.7,28.8,29.0,28.9,29.0,28.9,29.0,29.1,29.1,29.1,29.2,29.1,29.2,29.3,29.2,29.3,29.3,29.3,29.3,29.4,29.2,29.4,29.3,29.2,29.3,29.1,28.9,28.9,29.0,28.9,28.8,28.9,28.7,28.8,28.9,28.7,28.7,28.5,28.7,28.5,28.4,28.4,28.3,28.1,28.3,28.3,28.1,28.2,28.1,28.0,28.0,28.1,28.0,28.0,27.8,27.9,27.9,27.9,27.7,27.8,27.7,27.6,27.6,27.7,27.4,27.5,27.5,27.4,27.2,27.4,27.2,27.3,27.2,27.2,27.1,26.9,26.8,26.9,26.8,26.7,26.8,26.7,26.7,26.7,26.7,26.6,26.4,26.6,26.4,26.5,26.5,26.4,26.5,26.4,26.4,26.2,26.3,26.2,26.2,26.3,26.2,26.1,26.2,26.3,26.1,26.2,26.0,26.0,26.2,25.9,26.0,26.0,26.0,26.0,26.0,26.0,26.1,26.1,26.0
19,26.4,26.6,26.5,26.7,26.7,26.6,26.5,26.6,26.6,26.6,26.6,26.6,26.8,26.7,26.7,26.8,26.8,26.7,26.9,27.0,26.9,26.9,27.0,27.1,26.9,27.1,27.1,27.1,26.9,27.2,27.3,27.3,27.3,27.4,27.3,27.2,27.5,27.3,27.5,27.5,27.7,27.6,27.6,27.6,27.5,27.8,27.7,27.8,28.0,27.9,27.9,27.9,28.0,28.1,28.2,28.2,28.2,28.2,28.4,28.4,28.3,28.4,28.4,28.3,28.5,28.5,28.5,28.6,28.5,28.6,28.7,28.8,28.9,29.1,29.0,29.0,29.2,29.1,29.1,29.3,29.3,29.5,29.5,29.5,29.6,29.5,29.4,29.5,29.7,29.5,29.7,29.8,29.8,29.7,29.6,29.7,29.5,29.6,29.5,29.4,29.4,29.3,29.2,29.2,29.2,29.2,29.0,28.9,28.8,28.9,28.7,28.8,28.9,28.9,28.6,28.6,28.6,28.7,28.4,28.4,28.3,28.3,28.2,28.3,28.3,28.2,28.2,28.0,28.1,27.9,28.0,27.9,27.9,27.8,27.6,27.7,27.8,27.5,27.6,27.6,27.4,27.3,27.4,27.4,27.3,27.5,27.2,27.3,27.1,26.9,27.1,27.0,26.9,26.9,26.8,26.7,26.7,26.8,26.7,26.5,26.7,26.7,26.6,26.5,26.6,26.5,26.5,26.5,26.4,26.4,26.2,26.6,26.3,26.4,26.2,26.3,26.2,26.1,26.1,26.2,26.2,26.1,26.0,26.2,26.1,26.0,26.0,26.1,26.0,26.0,26.0,25.8
20,26.6,26.6,26.7,26.4,26.6,26.6,26.6,26.7,26.6,26.5,26.8,26.7,26.8,26.8,26.6,26.7,26.8,26.9,26.8,26.9,26.9,26.9,27.0,27.0,27.1,27.2,27.0,27.2,27.2,27.1,27.2,27.4,27.2,27.4,27.4,27.2,27.4,27.4,27.6,27.6,27.6,27.8,27.9,27.8,27.9,27.8,27.9,27.8,28.0,27.9,28.0,28.2,28.2,28.2,28.3,28.4,28.4,28.5,28.5,28.7,28.6,28.5,28.6,28.6,28.7,28.7,28.7,28.8,29.0,28.9,29.0,29.0,29.1,29.2,29.3,29.5,29.6,29.6,29.5,29.6,29.8,29.9,29.8,29.9,29.9,29.9,29.9,30.0,30.1,30.1,30.1,30.0,30.1,30.1,30.0,30.1,30.1,30.0,29.8,29.7,29.9,29.7,29.5,29.6,29.4,29.4,29.2,29.3,29.3,29.1,29.0,29.1,28.9,28.8,28.9,28.9,28.7,28.7,28.4,28.5,28.6,28.3,28.4,28.4,28.4,28.3,28.2,28.3,28.3,28.2,28.3,28.2,27.9,27.9,27.9,28.0,27.8,27.7,27.6,27.6,27.4,27.5,27.6,27.4,27.4,27.4,27.2,27.0,27.1,27.1,27.0,26.9,27.0,26.9,26.9,26.9,26.9,26.7,26.7,26.5,26.7,26.7,26.5,26.7,26.5,26.5,26.5,26.4,26.3,26.4,26.3,26.4,26.4,26.3,26.3,26.4,26.3,26.4,26.2,26.1,26.2,26.2,26.1,26.1,26.2,26.1,26.0,26.1,26.0,26.0,25.9,25.9
21,26.7,26.7,26.5,26.7,26.6,26.8,26.7,26.7,26.8,26.6,26.7,26.8,26.7,26.7,26.9,26.8,26.9,26.9,27.0,27.2,27.0,27.0,27.0,27.1,27.1,27.1,27.1,27.2,27.3,27.2,27.3,27.3,27.3,27.4,27.5,27.5,27.6,27.6,27.7,27.9,27.9,27.8,28.1,28.0,27.9,28.0,28.3,28.1,28.1,28.2,28.3,28.4,28.4,28.4,28.4,28.6,28.7,28.8,28.6,28.9,28.9,28.8,29.0,28.9,28.9,29.1,29.2,29.1,29.1,29.3,29.5,29.3,29.4,29.5,29.7,29.8,29.8,29.9,29.9,30.1,30.2,30.4,30.3,30.5,30.5,30.5,30.5,30.6,30.6,30.7,30.7,30.6,30.7,30.7,30.7,30.6,30.5,30.5,30.3,30.3,30.1,30.0,29.9,30.1,29.8,29.7,29.7,29.6,29.7,29.4,29.3,29.3,29.4,29.2,29.2,29.0,29.1,29.1,29.0,28.9,28.8,28.7,28.7,28.6,28.7,28.5,28.5,28.7,28.5,28.6,28.5,28.3,28.1,28.3,28.2,28.0,28.0,28.1,27.8,27.8,27.8,27.6,27.5,27.5,27.5,27.4,27.4,27.4,27.3,27.1,27.3,27.0,27.1,26.9,27.1,26.8,26.9,26.7,26.7,26.6,26.7,26.7,26.5,26.7,26.6,26.5,26.5,26.5,26.4,26.5,26.4,26.5,26.2,26.3,26.2,26.4,26.2,26.2,26.3,26.3,26.2,26.2,26.3,26.1,26.2,26.1,25.8,26.1,25.9,26.0,25.9,26.2
22,26.6,26.6,26.8,26.6,26.8,26.7,26.7,26.6,26.8,26.9,26.9,26.7,26.9,26.9,26.9,26.9,27.0,27.0,26.9,27.0,27.0,27.2,27.2,27.1,27.2,27.2,27.3,27.3,27.4,27.4,27.4,27.5,27.4,27.4,27.6,27.6,27.6,27.8,27.7,27.8,27.8,28.1,27.9,28.2,28.2,28.3,28.3,28.3,28.4,28.5,28.5,28.5,28.5,28.7,28.8,29.0,28.8,29.1,28.9,29.2,29.1,29.1,29.3,29.2,29.3,29.3,29.4,29.4,29.3,29.4,29.5,29.8,29.8,29.8,29.9,29.9,30.2,30.1,30.5,30.6,30.7,30.9,30.8,31.0,31.2,31.2,31.2,31.2,31.3,31.3,31.5,31.4,31.3,31.3,31.2,31.3,31.3,31.3,31.2,31.0,30.8,30.6,30.6,30.4,30.2,30.1,30.1,29.9,29.9,29.8,29.7,29.6,29.7,29.5,29.5,29.5,29.4,29.3,29.1,29.2,29.2,28.9,28.9,29.0,29.0,28.9,29.0,28.8,28.6,28.7,28.7,28.5,28.5,28.5,28.1,28.2,28.0,28.0,28.0,27.9,27.7,27.7,27.7,27.5,27.5,27.5,27.3,27.3,27.2,27.1,27.2,26.9,27.1,26.9,26.8,27.0,26.7,26.7,26.7,26.7,26.6,26.7,26.5,26.7,26.5,26.4,26.4,26.6,26.5,26.5,26.4,26.6,26.3,26.2,26.2,26.3,26.2,26.3,26.3,26.3,26.2,26.3,26.3,26.1,26.3,26.1,26.1,26.1,26.0,26.0,25.8,26.0
23,26.8,26.6,26.8,26.8,26.9,26.9,26.9,26.7,26.9,26.7,26.9,26.8,26.9,26.9,27.0,27.0,27.0,27.2,27.1,27.1,27.0,27.1,27.3,27.2,27.3,27.4,27.4,27.5,27.4,27.5,27.4,27.7,27.5,27.8,27.8,27.8,27.9,27.9,28.0,28.0,28.1,28.1,28.4,28.4,28.3,28.5,28.6,28.7,28.9,28.7,28.9,28.8,29.0,29.0,29.1,29.2,29.2,29.3,29.4,29.5,29.5,29.5,29.5,29.7,29.7,29.6,29.8,29.8,29.8,29.9,30.1,29.9,30.0,30.3,30.4,30.5,30.6,30.8,30.9,31.2,31.3,31.5,31.8,31.7,31.9,31.8,32.1,32.2,32.3,32.1,32.2,32.3,32.3,32.0,32.2,32.1,32.1,31.9,31.8,31.8,31.6,31.5,31.2,31.1,30.9,30.7,30.6,30.4,30.3,30.3,30.0,30.1,30.0,29.8,29.9,29.7,29.9,29.7,29.7,29.7,29.5,29.5,29.4,29.5,29.3,29.2,29.2,29.2,29.0,28.9,28.9,28.8,28.7,28.6,28.5,28.3,28.4,28.4,28.1,28.3,27.8,28.0,27.8,27.6,27.6,27.8,27.6,27.5,27.3,27.4,27.2,27.2,27.1,27.0,27.0,27.0,26.9,26.8,26.8,26.9,26.9,26.9,26.9,26.6,26.7,26.7,26.7,26.6,26.6,26.7,26.5,26.5,26.5,26.4,26.4,26.4,26.4,26.3,26.4,26.2,26.2,26.4,26.1,26.2,26.3,26.1,26.0,26.2,26.2,26.1,26.0,26.0
24,26.6,26.6,26.6,26.7,26.5,26.7,26.8,26.8,26.9,26.7,26.9,27.0,26.9,27.0,26.9,27.0,27.1,27.1,26.9,27.2,27.0,27.3,27.3,27.3,27.5,27.2,27.5,27.4,27.5,27.6,27.6,27.7,27.8,27.6,27.6,27.9,28.0,27.8,28.0,28.2,28.2,28.4,28.6,28.5,28.5,28.8,28.8,28.7,28.9,29.1,29.0,29.1,29.2,29.1,29.3,29.5,29.5,29.5,29.5,29.7,29.6,29.7,29.8,30.1,29.9,30.2,30.2,30.1,30.1,30.3,30.3,30.4,30.7,30.5,30.9,30.8,31.1,31.3,31.4,31.7,31.9,32.3,32.5,32.7,32.8,32.9,33.0,32.9,33.0,33.1,33.2,33.2,33.3,33.2,33.1,33.0,33.1,32.9,32.9,32.6,32.4,32.1,31.9,31.6,31.4,31.3,31.0,30.8,30.7,30.6,30.4,30.3,30.3,30.3,30.2,30.1,30.1,30.0,30.0,30.0,29.8,29.7,29.7,29.7,29.4,29.4,29.3,29.3,29.3,29.2,29.1,29.0,28.9,28.9,28.7,28.7,28.7,28.4,28.3,28.1,28.0,28.1,28.0,28.0,27.7,27.6,27.4,27.5,27.3,27.3,27.2,27.2,27.1,27.2,27.2,27.0,26.9,26.9,26.9,26.7,26.7,26.5,26.5,26.7,26.7,26.6,26.5,26.7,26.5,26.5,26.5,26.4,26.2,26.4,26.3,26.2,26.2,26.3,26.3,26.3,26.2,26.3,26.0,26.0,26.2,26.3,25.9,26.1,26.0,26.1,26.0,25.9
25,26.6,26.6,26.8,26.8,26.7,26.9,26.8,26.9,26.9,26.8,27.1,27.1,27.0,27.2,27.2,27.1,26.9,27.1,27.3,27.2,27.3,27.3,27.3,27.3,27.4,27.4,27.5,27.5,27.6,27.7,27.8,27.9,27.8,27.8,27.9,28.1,28.0,28.3,28.4,28.4,28.4,28.5,28.5,28.7,28.8,28.9,29.0,29.1,29.2,29.3,29.5,29.5,29.6,29.5,29.7,29.9,29.9,30.0,29.9,30.1,30.1,30.2,30.3,30.2,30.5,30.4,30.6,30.5,30.7,30.7,30.9,31.1,31.2,31.3,31.4,31.4,31.6,31.7,32.1,32.4,32.7,33.0,33.4,33.8,34.1,34.2,34.3,34.6,34.6,34.6,34.6,34.5,34.7,34.5,34.7,34.4,34.2,34.4,34.0,33.9,33.5,33.5,32.8,32.4,32.2,31.7,31.4,31.5,31.3,31.1,31.0,31.0,30.9,30.8,30.6,30.7,30.6,30.6,30.4,30.5,30.3,30.2,30.1,30.2,30.0,29.9,29.9,29.7,29.7,29.7,29.4,29.5,29.5,29.3,29.2,29.2,28.9,28.8,28.6,28.5,28.3,28.2,28.2,28.1,27.7,27.9,27.7,27.5,27.6,27.5,27.4,27.3,27.2,27.2,27.2,27.1,27.0,26.9,27.0,26.7,26.7,26.8,26.8,26.6,26.6,26.6,26.7,26.7,26.6,26.4,26.3,26.4,26.3,26.3,26.5,26.4,26.2,26.2,26.1,26.3,26.5,26.1,26.3,26.1,26.1,26.1,26.1,26.1,26.2,26.1,26.0,26.0
26,26.5,26.7,26.6,26.7,26.8,26.8,26.9,26.9,26.9,26.9,27.1,27.1,27.1,27.2,27.0,27.1,27.3,27.2,27.1,27.2,27.2,27.3,27.3,27.5,27.6,27.5,27.7,27.7,27.8,27.7,27.7,27.8,28.0,27.9,28.1,28.2,28.1,28.2,28.5,28.5,28.5,28.6,28.9,28.9,29.1,29.3,29.3,29.5,29.6,29.6,29.8,29.8,30.1,30.0,30.2,30.0,30.3,30.4,30.5,30.5,30.6,30.7,30.9,30.6,31.0,31.0,31.1,31.5,31.3,31.2,31.4,31.5,31.8,31.7,32.0,32.0,32.2,32.7,32.7,33.2,33.4,34.2,34.8,35.2,35.6,36.0,36.0,36.1,36.3,36.3,36.4,36.3,36.2,36.3,36.1,36.2,36.1,36.0,35.8,35.4,35.2,34.6,33.9,33.3,32.8,32.6,32.3,32.1,31.8,31.7,31.5,31.5,31.6,31.4,31.2,31.2,31.3,31.2,31.0,31.0,31.0,30.8,30.8,30.5,30.6,30.5,30.3,30.3,30.1,30.1,30.0,29.9,29.7,29.6,29.5,29.6,29.3,29.1,29.0,28.9,28.7,28.5,28.3,28.1,27.9,27.9,27.6,27.7,27.6,27.4,27.5,27.3,27.3,27.4,27.3,27.0,26.9,27.1,26.9,26.7,26.8,26.7,26.7,26.7,26.7,26.5,26.5,26.7,26.7,26.5,26.5,26.4,26.5,26.4,26.4,26.5,26.3,26.2,26.3,26.3,26.2,26.3,26.2,26.2,26.2,26.1,25.9,26.0,26.1,26.0,26.1,26.0
27,26.8,26.8,26.8,26.7,26.9,27.0,27.0,27.0,26.9,27.1,27.2,27.1,27.2,27.3,27.2,27.3,27.4,27.3,27.4,27.4,27.5,27.4,27.4,27.4,27.6,27.6,27.8,27.9,28.0,27.9,27.9,28.0,28.0,28.3,28.3,28.4,28.4,28.5,28.6,28.7,28.8,29.0,29.1,29.2,29.4,29.5,29.7,30.0,30.0,30.1,30.4,30.3,30.6,30.5,30.7,30.8,31.0,31.0,31.2,31.2,31.3,31.4,31.5,31.5,31.7,31.8,31.9,31.8,32.0,32.0,32.3,32.3,32.4,32.4,32.7,32.8,33.2,33.4,33.7,34.3,34.8,35.6,36.5,37.0,37.5,37.7,37.8,38.0,38.1,38.0,38.1,38.1,38.3,38.2,38.0,37.9,37.8,37.8,37.7,37.5,37.1,36.3,35.4,34.6,33.9,33.5,33.1,32.9,32.8,32.6,32.6,32.3,32.2,32.2,32.1,31.9,31.9,32.0,31.9,31.9,31.8,31.5,31.4,31.4,31.5,31.5,31.2,31.1,30.9,30.7,30.7,30.5,30.4,30.2,30.0,29.8,29.7,29.7,29.3,29.2,28.9,28.7,28.7,28.5,28.2,28.0,27.8,27.7,27.6,27.4,27.4,27.4,27.5,27.4,27.3,27.2,27.2,27.1,27.0,26.8,26.9,26.8,26.9,26.7,26.7,26.8,26.6,26.6,26.6,26.7,26.5,26.6,26.4,26.3,26.4,26.6,26.4,26.3,26.3,26.2,26.2,26.3,26.2,26.2,26.3,26.0,26.2,26.2,26.1,26.2,26.1,26.1
28,26.9,27.0,26.9,27.0,26.8,26.9,27.0,27.0,27.1,27.2,27.4,27.2,27.3,27.3,27.4,27.2,27.5,27.5,27.4,27.6,27.4,27.6,27.6,27.8,27.7,28.0,27.8,27.9,28.3,28.0,28.1,28.3,28.3,28.4,28.4,28.6,28.5,28.7,28.8,29.1,29.3,29.2,29.4,29.8,29.7,30.2,30.1,30.5,30.6,30.7,31.0,31.1,31.2,31.4,31.7,31.7,31.8,31.9,32.0,32.1,32.1,32.3,32.5,32.7,32.7,32.6,32.9,32.8,32.9,33.1,33.3,33.3,33.4,33.8,33.9,34.0,34.3,34.5,34.9,35.6,36.1,37.0,38.1,38.9,39.3,39.6,39.5,39.7,39.9,39.9,40.1,40.1,40.1,40.0,39.9,40.0,39.7,39.6,39.7,39.5,39.2,38.2,36.8,35.9,35.2,34.8,34.4,34.2,34.0,33.6,33.6,33.5,33.5,33.4,33.4,33.3,33.3,33.1,33.0,33.2,32.8,33.0,32.7,32.7,32.5,32.5,32.3,32.2,32.2,32.0,31.8,31.6,31.4,31.3,31.1,30.8,30.4,30.2,29.9,29.7,29.5,29.1,28.9,28.5,28.5,28.3,28.2,28.0,27.8,27.8,27.7,27.6,27.6,27.4,27.3,27.1,27.2,27.2,27.0,27.0,26.9,26.7,26.9,26.8,26.6,26.7,26.9,26.5,26.5,26.7,26.6,26.7,26.5,26.5,26.5,26.4,26.4,26.4,26.3,26.1,26.2,26.3,26.2,26.2,26.2,26.1,26.2,26.2,26.1,26.0,26.1,26.1
29,26.8,26.9,26.8,26.8,26.9,26.9,27.0,27.1,27.1,27.2,27.2,27.3,27.2,27.4,27.4,27.4,27.4,27.6,27.4,27.5,27.7,27.5,27.6,27.7,27.7,27.8,27.8,27.8,28.2,28.0,28.3,28.3,28.5,28.5,28.5,28.5,28.8,29.0,29.0,29.4,29.3,29.5,29.9,30.1,30.6,30.7,30.8,31.3,31.6,31.8,32.2,32.3,32.4,32.5,32.7,33.0,33.2,33.2,33.4,33.7,33.6,33.7,34.0,34.0,34.2,34.5,34.5,34.6,34.6,34.7,34.8,34.7,34.9,35.2,35.3,35.6,35.8,36.1,36.4,36.8,37.5,38.3,39.6,40.3,40.8,40.8,41.0,41.0,41.2,40.9,41.2,41.1,41.2,41.3,41.2,41.1,41.1,41.0,40.8,40.7,40.5,39.7,38.4,37.3,36.6,36.1,35.8,35.4,35.3,35.1,35.0,35.0,35.3,35.3,35.3,35.3,35.1,34.9,34.8,34.8,34.8,34.8,34.7,34.5,34.3,34.3,34.2,34.0,33.9,33.7,33.6,33.4,33.2,32.9,32.7,32.3,31.8,31.3,30.8,30.4,29.9,29.6,29.3,29.1,28.8,28.5,28.3,28.1,27.8,27.8,27.7,27.6,27.5,27.3,27.2,27.1,27.1,27.2,27.2,27.0,27.1,27.0,26.9,26.9,26.8,26.7,26.7,26.7,26.6,26.7,26.5,26.6,26.4,26.5,26.4,26.4,26.4,26.5,26.3,26.3,26.4,26.3,26.1,26.2,26.2,26.2,26.2,26.3,26.2,26.2,26.1,25.9
30,26.7,27.0,26.9,27.1,27.0,27.0,26.9,27.1,27.2,27.2,27.4,27.3,27.4,27.5,27.4,27.5,27.5,27.7,27.5,27.8,27.7,27.6,27.9,27.9,28.0,27.9,28.1,28.1,28.1,28.3,28.3,28.5,28.5,28.8,28.7,28.9,29.0,29.0,29.4,29.7,29.8,30.1,30.5,30.8,31.6,31.7,32.3,32.7,33.2,33.7,33.9,34.1,34.3,34.6,34.8,34.7,35.0,35.2,35.3,35.6,35.8,36.0,35.9,36.0,36.4,36.6,36.7,36.7,36.8,36.4,36.4,36.4,36.5,36.7,36.7,36.9,37.1,37.5,37.7,38.1,38.5,39.4,40.2,40.9,40.8,41.1,41.0,41.3,41.3,41.4,41.4,41.3,41.3,41.3,41.3,41.2,41.2,41.1,41.0,40.7,40.8,40.3,39.2,38.2,37.6,37.3,37.0,36.6,36.4,36.1,36.0,36.3,37.0,37.4,37.8,37.5,37.2,37.0,36.8,36.8,36.8,37.0,36.9,36.7,36.7,36.6,36.5,36.5,36.1,36.0,35.9,35.7,35.3,35.3,34.8,34.1,33.4,32.6,32.2,31.6,31.0,30.3,29.7,29.6,28.9,28.7,28.3,28.1,28.0,27.9,27.6,27.6,27.4,27.6,27.3,27.3,27.2,27.1,27.2,27.0,26.9,27.0,26.8,26.7,26.8,26.7,26.7,26.7,26.5,26.5,26.4,26.7,26.6,26.3,26.3,26.6,26.5,26.3,26.4,26.2,26.3,26.2,26.3,26.4,26.2,26.4,26.0,26.1,26.2,26.1,26.0,26.1
31,27.2,27.1,27.2,27.0,27.0,27.2,27.3,27.3,27.2,27.2,27.5,27.3,27.4,27.5,27.6,27.5,27.7,27.7,27.8,27.7,27.8,27.8,27.9,27.9,28.1,28.1,28.1,28.2,28.4,28.5,28.5,28.7,28.8,28.9,29.1,29.2,29.4,29.6,29.6,30.1,30.4,30.8,31.5,32.2,32.8,33.4,34.0,34.8,35.3,35.9,36.1,36.2,36.3,36.9,37.0,36.8,37.1,37.3,37.6,37.8,38.2,38.1,38.1,38.4,38.9,39.0,39.3,39.3,39.1,38.5,38.3,38.0,38.2,38.3,38.5,38.5,38.9,39.0,39.3,39.5,39.8,40.1,40.7,41.0,41.1,41.3,41.3,41.2,41.4,41.3,41.4,41.2,41.3,41.2,41.2,41.1,41.1,41.1,40.9,40.8,40.8,40.5,39.9,39.2,38.9,38.6,38.4,38.1,37.8,37.6,37.6,37.9,39.2,39.9,40.4,40.1,39.9,39.8,39.5,39.6,39.8,39.7,39.7,39.6,39.5,39.4,39.3,39.2,39.2,39.0,38.8,38.6,38.3,37.8,37.5,36.4,35.5,34.5,33.7,33.0,32.2,31.5,30.7,30.1,29.3,28.9,28.7,28.3,28.2,28.0,27.8,27.8,27.8,27.6,27.5,27.5,27.4,27.4,27.4,27.3,27.1,27.1,27.2,27.0,26.9,26.9,26.8,26.9,26.7,26.8,26.5,26.5,26.4,26.5,26.5,26.4,26.5,26.4,26.4,26.2,26.2,26.2,26.2,26.3,26.3,26.2,26.2,26.4,26.0,26.1,26.2,26.2
32,27.0,27.0,27.0,27.2,27.1,27.3,27.2,27.4,27.4,27.3,27.5,27.6,27.4,27.6,27.7,27.6,27.7,27.6,27.8,28.0,28.0,28.0,28.0,28.0,28.3,28.2,28.4,28.3,28.4,28.6,28.8,28.7,29.0,29.0,29.2,29.5,29.7,29.8,30.1,30.4,31.0,31.6,32.7,33.3,34.3,35.0,36.0,36.8,37.9,38.7,39.1,39.0,39.1,39.5,39.9,39.5,39.4,39.8,39.9,40.4,40.8,40.9,40.7,40.8,41.2,41.5,41.5,41.4,41.0,40.4,39.5,39.2,39.3,39.2,39.5,39.6,39.9,40.1,40.1,40.3,40.4,40.6,40.9,40.8,40.9,41.2,40.9,40.9,41.0,41.0,41.0,40.9,40.8,40.8,40.8,40.8,40.6,40.5,40.5,40.4,40.3,39.9,39.6,39.3,39.1,38.9,38.4,38.1,37.6,37.5,37.4,38.1,40.2,41.7,42.3,42.1,41.7,41.8,41.5,41.5,41.9,41.9,41.9,41.8,41.6,41.8,41.9,41.7,41.6,41.6,41.3,41.2,41.2,40.7,39.7,38.8,37.3,36.4,35.3,34.5,33.4,32.4,31.5,30.7,29.9,29.3,29.0,28.7,28.5,28.3,28.1,27.9,27.6,27.6,27.5,27.4,27.4,27.3,27.3,27.3,27.2,27.0,26.9,27.0,26.8,26.9,26.9,26.7,26.7,26.7,26.5,26.7,26.6,26.4,26.6,26.5,26.5,26.4,26.4,26.3,26.5,26.3,26.3,26.2,26.3,26.4,26.1,26.1,26.2,26.0,26.0,26.2
33,27.3,27.3,27.3,27.4,27.2,27.3,27.2,27.4,27.4,27.4,27.7,27.5,27.8,27.7,27.7,27.8,28.1,28.0,28.0,28.1,28.2,28.0,28.2,28.3,28.4,28.4,28.7,28.5,28.8,28.8,29.0,29.2,29.2,29.2,29.5,29.7,29.9,30.1,30.3,31.1,31.6,32.7,33.6,34.7,35.8,36.7,37.5,38.4,39.6,40.6,41.2,41.1,40.2,40.2,41.0,40.9,40.1,40.1,41.0,41.1,42.1,42.3,41.9,41.2,41.8,41.9,42.1,41.9,41.3,40.5,39.0,38.5,38.4,38.6,39.0,39.3,39.4,39.8,39.8,40.2,40.2,40.4,40.5,40.7,40.6,40.7,40.7,40.7,40.7,40.5,40.6,40.6,40.7,40.5,40.5,40.6,40.2,40.3,40.1,39.9,39.7,39.4,39.3,39.0,38.6,38.3,37.8,37.2,36.6,36.2,36.2,37.3,40.2,42.2,42.7,42.7,42.5,42.3,42.2,42.3,42.5,42.7,42.6,42.6,42.6,42.7,42.6,42.5,42.4,42.1,41.8,41.9,41.9,41.7,40.8,39.6,38.1,37.1,36.2,35.4,34.7,33.7,32.6,31.4,30.4,29.6,29.2,28.7,28.6,28.5,28.3,28.0,27.9,27.9,27.7,27.6,27.5,27.3,27.4,27.1,27.2,27.2,27.2,27.2,27.0,26.9,26.8,26.7,26.8,26.7,26.5,26.8,26.8,26.6,26.4,26.5,26.8,26.5,26.4,26.5,26.3,26.3,26.3,26.2,26.3,26.2,26.3,26.3,26.2,26.1,26.0,26.2
34,27.2,27.3,27.2,27.4,27.4,27.5,27.5,27.6,27.6,27.7,27.7,27.7,27.8,27.9,28.0,27.9,28.1,28.1,28.2,28.3,28.2,28.4,28.4,28.3,28.5,28.8,28.7,28.8,28.8,28.9,29.2,29.2,29.3,29.6,29.7,29.9,30.1,30.4,30.7,31.5,32.7,33.7,35.0,35.9,36.6,37.0,38.0,38.8,40.1,41.0,41.8,41.9,41.0,40.2,40.8,41.1,40.3,40.2,41.1,41.2,42.4,42.8,42.5,41.8,41.9,41.8,41.8,41.8,41.2,40.2,38.8,38.4,38.4,38.7,39.0,39.4,39.8,40.1,40.3,40.5,40.7,40.8,40.9,41.0,41.0,41.2,41.2,41.0,41.2,41.0,41.2,41.0,41.2,41.0,40.9,41.0,40.8,40.8,40.6,40.6,40.4,40.1,39.7,39.5,39.2,38.8,38.0,37.3,36.7,36.3,36.3,37.4,40.5,42.3,42.8,42.7,42.7,42.4,42.3,42.4,42.6,42.8,42.6,42.8,42.7,42.8,42.8,42.8,42.5,41.9,41.5,41.9,42.1,41.8,40.8,39.7,38.0,37.0,36.3,35.7,35.3,34.9,33.9,32.3,31.1,30.1,29.5,29.1,28.9,28.6,28.5,28.0,28.0,27.8,27.8,27.6,27.5,27.5,27.3,27.2,27.2,27.2,27.2,27.2,27.2,27.0,27.0,26.9,26.9,26.7,26.7,26.8,26.7,26.7,26.5,26.6,26.7,26.4,26.4,26.6,26.7,26.3,26.4,26.2,26.3,26.1,26.2,26.3,26.2,26.1,26.0,26.2
35,27.4,27.4,27.4,27.4,27.3,27.5,27.4,27.7,27.8,27.8,27.9,28.0,28.0,27.9,28.1,27.9,28.1,28.2,28.3,28.4,28.3,28.5,28.7,28.6,28.8,29.0,29.0,29.0,29.2,29.1,29.4,29.5,29.7,29.8,30.0,30.2,30.2,30.7,31.2,32.2,33.4,34.7,36.0,36.5,36.8,37.1,37.6,38.5,40.1,41.1,41.9,42.2,41.8,41.0,40.7,41.0,41.0,40.1,40.3,41.5,42.2,42.7,42.7,42.6,42.3,41.7,41.1,41.8,41.2,39.8,39.2,38.9,38.9,39.0,39.6,40.1,40.6,40.9,41.0,41.4,41.4,41.6,41.5,41.7,41.8,41.7,41.8,41.8,42.1,41.9,42.0,41.8,41.9,41.7,41.8,41.7,41.6,41.7,41.7,41.4,41.4,41.2,40.8,40.7,40.2,39.6,39.0,37.9,37.4,37.1,37.3,38.3,40.8,42.4,42.9,42.9,42.6,42.5,42.3,42.5,42.6,42.5,42.9,42.8,42.8,42.8,43.0,42.8,42.2,41.2,41.2,41.6,42.1,41.8,40.8,39.2,37.6,36.5,36.0,35.7,35.8,35.5,34.8,33.3,31.7,30.5,29.6,29.3,29.0,28.7,28.5,28.4,28.1,27.8,27.7,27.7,27.6,27.5,27.2,27.2,27.2,27.1,27.1,26.9,26.9,26.9,27.2,26.9,26.9,26.7,26.5,26.7,26.7,26.3,26.5,26.5,26.4,26.4,26.4,26.4,26.3,26.3,26.5,26.2,26.5,26.2,26.2,26.1,26.2,26.1,26.1,26.2
36,27.4,27.5,27.5,27.4,27.5,27.8,27.7,27.8,27.8,27.8,27.9,28.0,28.0,28.1,28.1,28.3,28.3,28.4,28.4,28.7,28.5,28.7,28.7,28.8,28.8,28.9,29.1,29.2,29.3,29.4,29.4,29.8,29.8,30.0,30.3,30.4,30.7,31.1,31.7,32.6,34.0,35.7,36.7,36.8,36.7,36.7,37.2,38.1,39.5,41.2,42.1,42.4,42.2,41.6,40.6,40.0,41.0,40.1,39.5,40.5,41.9,42.4,42.4,42.5,42.5,42.0,40.8,42.0,41.8,40.0,40.1,39.8,39.6,39.8,40.4,40.9,41.4,41.5,41.6,41.7,41.8,41.9,41.9,42.0,42.1,42.1,42.2,42.2,42.3,42.3,42.3,42.3,42.4,42.2,42.3,42.3,42.2,42.2,42.2,42.0,41.8,41.8,41.4,41.1,41.0,40.6,39.9,39.2,38.6,38.4,38.6,39.5,41.7,42.7,42.9,42.7,42.6,42.5,42.4,42.5,42.8,42.8,42.8,43.0,42.8,43.1,42.9,42.8,42.2,40.1,40.5,42.0,42.4,41.9,40.9,38.9,37.1,36.1,35.7,36.0,36.3,36.3,35.6,34.1,32.1,30.9,30.0,29.6,29.4,28.8,28.6,28.5,28.3,28.1,27.9,27.6,27.7,27.5,27.4,27.4,27.2,27.2,27.2,26.9,27.1,26.9,27.1,27.1,27.0,26.9,26.7,26.7,26.7,26.8,26.7,26.6,26.5,26.5,26.5,26.5,26.5,26.4,26.5,26.5,26.4,26.2,26.3,26.3,26.2,26.0,26.2,26.1
37,27.6,27.5,27.5,27.5,27.7,27.7,27.9,27.8,28.0,28.0,28.0,28.2,28.0,28.4,28.4,28.2,28.6,28.6,28.5,28.6,28.7,28.8,29.0,29.0,29.1,29.3,29.4,29.5,29.5,29.7,29.7,30.0,30.2,30.3,30.6,30.7,31.0,31.4,32.0,33.2,34.7,36.6,37.6,37.6,37.0,36.7,36.7,37.5,39.0,41.0,42.1,42.5,42.5,42.2,40.9,40.6,41.7,41.2,40.2,40.2,41.6,41.9,42.0,42.2,42.7,42.5,42.3,43.0,43.1,42.1,41.6,41.3,41.1,41.1,41.4,41.7,42.2,42.2,42.1,42.3,42.3,42.3,42.5,42.5,42.5,42.6,42.6,42.7,42.7,42.7,42.8,42.7,42.7,42.7,42.7,42.7,42.7,42.7,42.7,42.5,42.4,42.4,42.1,42.0,41.6,41.5,41.1,40.6,40.1,40.0,40.4,41.2,42.5,43.1,43.1,43.1,42.8,42.7,42.7,42.8,42.9,42.9,42.9,42.9,43.0,43.0,43.0,42.8,42.4,41.2,41.4,42.6,42.5,42.0,40.9,38.7,37.1,36.0,35.9,36.8,37.2,37.1,36.6,34.9,32.7,31.3,30.4,29.7,29.4,29.1,28.9,28.5,28.5,28.1,27.9,27.7,27.7,27.5,27.5,27.4,27.3,27.3,27.2,27.2,26.9,27.2,27.1,27.1,26.9,26.9,26.7,26.9,26.8,26.7,26.7,26.7,26.6,26.5,26.5,26.5,26.4,26.4,26.5,26.5,26.4,26.4,26.3,26.4,26.3,26.2,26.2,26.2
38,27.6,27.4,27.5,27.7,27.8,27.9,27.9,28.0,27.8,28.1,28.2,28.3,28.2,28.5,28.4,28.3,28.5,28.7,28.7,28.9,28.9,29.1,29.3,29.2,29.2,29.5,29.4,29.7,29.9,30.0,30.1,30.2,30.3,30.6,30.6,31.0,31.3,31.6,32.4,33.6,35.5,37.2,38.1,38.2,37.6,37.0,37.0,38.0,39.2,41.0,42.2,42.5,42.6,42.6,42.0,42.1,42.9,42.7,41.8,40.9,40.9,41.1,41.6,41.3,42.4,43.3,43.5,44.0,44.1,43.4,43.1,42.7,42.2,42.1,42.4,42.8,42.9,42.6,42.4,42.4,42.5,42.5,42.5,42.8,42.6,42.7,42.7,42.7,42.7,42.7,43.0,42.9,42.9,42.8,42.9,42.7,42.7,42.6,42.7,42.8,42.8,42.7,42.4,42.2,42.0,42.1,42.2,41.9,41.5,41.4,41.8,42.5,42.7,42.8,42.8,42.7,42.7,42.7,42.6,42.6,42.5,42.5,42.6,42.6,42.7,42.8,42.7,42.5,42.2,42.2,42.2,42.6,42.7,42.3,41.1,39.2,37.7,36.9,37.1,37.8,38.4,38.1,37.5,35.7,33.2,31.8,30.6,29.9,29.5,29.2,28.9,28.5,28.4,28.2,28.0,27.8,27.6,27.6,27.4,27.4,27.3,27.2,27.2,27.1,27.1,27.2,26.9,27.1,26.7,26.9,26.7,26.7,26.7,26.6,26.7,26.6,26.4,26.4,26.4,26.4,26.5,26.3,26.4,26.4,26.2,26.3,26.2,26.3,26.3,26.1,26.0,26.2
39,27.8,27.6,27.6,27.8,27.9,28.1,28.1,28.1,28.2,28.1,28.3,28.4,28.4,28.6,28.6,28.8,28.9,28.9,29.3,29.1,29.2,29.3,29.7,29.7,29.9,30.1,30.3,30.2,30.2,30.5,30.5,31.1,31.0,30.9,31.0,31.2,31.5,32.1,32.8,34.2,36.0,37.8,38.7,38.8,38.6,37.8,37.7,38.5,39.6,41.4,42.2,42.5,42.7,42.9,42.8,43.0,43.2,43.1,42.6,41.7,41.5,41.3,41.8,41.7,42.8,43.6,44.1,44.2,44.2,44.0,43.8,43.6,43.4,43.0,43.4,43.7,43.6,43.1,42.7,42.8,42.7,42.8,42.8,42.8,42.8,42.9,42.9,42.9,43.0,42.8,43.0,42.9,42.9,42.8,42.9,42.9,42.9,42.9,42.9,42.9,42.8,42.8,42.6,42.6,42.5,42.7,42.8,42.3,41.8,41.6,41.7,41.8,42.0,41.8,41.8,41.7,41.6,41.7,41.5,41.6,41.6,41.6,41.7,41.6,41.6,41.9,41.7,41.5,41.4,41.5,41.9,42.3,42.5,42.6,41.8,40.3,39.0,38.4,38.5,39.2,39.3,39.0,38.4,36.3,33.9,32.1,30.9,30.3,29.7,29.2,29.0,28.8,28.5,28.4,28.1,28.0,28.1,27.8,27.7,27.5,27.4,27.3,27.3,27.2,27.0,27.2,26.9,27.1,27.1,27.0,26.9,26.9,26.8,26.7,26.8,26.5,26.7,26.6,26.5,26.3,26.5,26.6,26.4,26.3,26.4,26.2,26.4,26.4,26.3,26.4,26.3,26.0
40,27.6,28.0,27.9,28.0,28.0,28.1,28.3,28.4,28.4,28.3,28.7,28.5,28.9,28.9,29.1,29.0,29.2,29.2,29.4,29.6,29.7,29.9,30.3,30.3,30.6,30.7,30.8,31.0,31.2,31.2,31.4,31.5,31.7,31.6,31.2,31.4,31.7,31.8,32.7,33.9,35.7,37.7,38.6,38.7,38.7,38.3,38.1,38.6,39.8,41.0,41.7,42.2,42.5,42.9,43.1,43.2,43.4,43.2,42.9,42.3,41.3,41.2,41.8,41.5,42.6,43.6,44.0,44.3,44.0,43.9,43.8,43.7,43.6,43.7,44.1,44.2,44.1,43.5,42.9,42.9,42.9,42.9,42.9,42.9,42.9,42.8,43.0,42.7,42.9,42.8,43.0,42.7,43.1,42.9,42.8,42.8,42.8,42.9,42.9,42.9,42.9,43.1,42.9,42.9,42.5,43.0,42.7,41.7,40.9,40.5,40.4,40.2,40.1,40.0,39.8,39.9,39.9,39.9,39.8,39.9,40.0,40.0,39.9,39.9,40.1,40.0,39.9,39.9,39.8,40.0,40.7,41.5,42.2,42.6,42.1,41.2,40.2,40.1,40.2,40.3,40.0,39.5,39.1,37.2,34.3,32.3,31.4,30.4,30.0,29.6,29.1,28.7,28.6,28.5,28.5,28.1,27.9,27.8,27.5,27.4,27.3,27.4,27.3,27.2,27.1,26.9,27.0,27.0,26.9,26.9,26.7,26.9,26.7,26.8,26.8,26.7,26.5,26.5,26.5,26.5,26.4,26.4,26.3,26.5,26.4,26.4,26.4,26.2,26.2,26.2,26.2,26.2
41,27.9,28.1,27.8,28.2,28.1,28.4,28.4,28.5,28.6,28.8,28.8,28.9,28.9,29.1,29.3,29.3,29.5,29.8,30.1,30.1,30.6,30.6,30.8,31.2,31.3,31.5,31.7,31.8,31.9,32.0,32.1,32.2,32.3,32.2,31.5,31.3,31.4,31.5,32.0,33.1,34.8,36.5,37.2,37.3,37.4,37.4,37.5,37.8,38.8,40.1,40.8,41.5,42.2,42.7,43.0,43.4,43.5,43.2,43.1,42.9,42.1,41.7,42.3,42.0,42.6,43.5,43.9,44.0,43.8,43.7,43.9,43.9,43.6,43.7,44.2,44.4,44.0,43.8,42.7,43.0,42.8,42.9,42.8,42.9,42.8,42.8,42.9,42.8,43.0,42.7,43.1,42.8,43.1,42.7,43.0,42.8,42.9,42.7,43.0,43.1,43.0,43.1,42.9,42.9,42.6,42.8,42.0,40.2,39.0,38.2,37.9,37.7,37.6,37.5,37.5,37.4,37.6,37.5,37.4,37.5,37.6,37.6,37.5,37.6,37.6,37.6,37.7,37.7,37.6,38.0,39.1,40.5,41.9,42.1,42.0,41.2,40.6,40.8,40.8,40.8,40.0,39.3,39.5,37.7,34.9,32.8,31.5,30.6,30.1,29.6,29.2,28.8,28.8,28.4,28.4,28.2,28.0,27.8,27.6,27.5,27.5,27.4,27.2,27.0,26.9,26.9,27.0,26.8,27.0,26.8,26.8,26.8,26.8,26.7,26.6,26.7,26.5,26.6,26.5,26.5,26.5,26.4,26.4,26.3,26.4,26.4,26.2,26.3,26.2,26.2,26.2,26.0
42,28.3,28.2,28.2,28.4,28.4,28.7,28.6,28.9,29.1,29.1,29.2,29.4,29.6,29.8,29.9,29.9,30.3,30.5,30.4,30.9,31.1,31.2,31.6,31.7,32.2,32.2,32.3,32.6,32.6,32.6,32.5,33.0,32.7,32.5,31.9,31.4,31.4,31.3,31.8,32.1,33.2,34.7,35.2,35.3,35.4,35.3,35.5,35.6,36.7,38.2,39.8,41.0,42.0,42.5,42.9,43.3,43.4,43.4,43.2,43.1,43.0,42.9,43.1,43.0,43.2,43.2,43.5,43.8,43.6,43.5,43.6,44.1,43.5,43.7,44.3,44.3,44.2,43.7,43.0,43.2,43.0,43.2,43.0,43.2,43.1,43.4,43.2,43.2,43.4,43.1,43.5,43.1,43.6,43.2,43.5,43.2,43.5,43.4,43.5,43.3,43.4,43.4,43.4,43.4,43.1,42.8,41.1,38.0,36.0,35.2,34.8,34.6,34.4,34.3,34.4,34.3,34.3,34.4,34.3,34.3,34.4,34.4,34.4,34.3,34.6,34.5,34.5,34.5,34.7,35.2,36.7,39.7,41.5,41.9,41.9,41.5,41.1,41.1,41.0,40.9,40.1,39.7,40.0,38.1,35.2,33.1,31.8,31.1,30.4,29.8,29.5,29.1,28.9,28.6,28.5,28.0,28.2,28.0,27.8,27.7,27.6,27.5,27.4,27.2,27.1,27.3,27.1,27.1,27.1,27.1,26.9,27.0,26.8,26.8,27.0,26.8,26.7,26.7,26.6,26.5,26.6,26.6,26.6,26.4,26.5,26.4,26.5,26.4,26.3,26.2,26.2,26.3
43,28.4,28.5,28.6,28.8,29.0,29.1,29.0,29.2,29.3,29.5,29.5,29.6,29.9,30.0,30.0,30.5,30.4,30.9,30.9,31.3,31.5,31.8,32.0,32.2,32.5,32.5,32.6,32.8,32.8,32.8,32.9,32.9,32.7,32.5,31.8,31.3,31.2,30.7,30.7,30.9,31.2,31.7,32.1,32.0,32.2,32.7,32.8,33.3,34.6,36.2,38.7,39.6,41.1,42.4,42.5,43.0,43.4,43.5,43.5,43.4,43.4,43.6,43.6,43.8,43.6,43.6,43.5,43.4,43.2,43.2,43.7,44.4,44.5,44.4,44.4,44.2,44.0,43.8,43.6,43.9,43.8,43.9,43.8,43.9,43.8,43.9,43.8,44.0,44.1,44.0,44.0,43.9,44.1,44.1,44.0,43.9,44.1,44.1,44.1,44.2,44.1,44.1,44.2,43.9,43.7,43.0,40.6,36.9,34.6,33.6,33.3,33.2,32.9,33.1,33.0,32.9,32.9,32.8,32.9,32.7,32.8,32.7,32.9,32.8,32.9,33.0,33.0,33.0,33.2,33.7,35.4,39.0,41.1,41.6,41.5,41.3,40.9,40.6,40.5,40.4,40.1,39.6,39.4,38.3,35.5,33.5,32.1,31.1,30.5,30.0,29.6,29.3,29.1,28.6,28.5,28.2,28.1,27.9,27.8,27.7,27.6,27.4,27.5,27.3,27.1,27.2,27.1,27.0,26.9,27.0,26.9,26.9,26.9,26.9,26.8,26.7,26.7,26.6,26.6,26.6,26.7,26.4,26.4,26.4,26.4,26.5,26.5,26.4,26.2,26.4,26.3,26.2
44,28.7,28.9,29.0,29.1,29.2,29.4,29.5,29.7,29.6,29.7,30.0,30.1,30.2,30.3,30.7,30.7,30.9,31.2,31.5,31.6,31.9,32.0,32.4,32.7,32.7,33.0,33.0,33.1,33.2,33.1,33.3,33.1,32.8,32.5,31.3,30.8,30.6,30.8,30.5,30.7,30.8,30.8,31.1,31.1,31.5,32.0,32.7,33.3,34.3,36.3,39.1,40.3,41.4,42.4,42.5,43.0,43.3,43.5,43.6,43.9,43.8,43.9,43.9,43.9,44.0,43.9,43.7,43.3,42.6,42.2,43.6,44.4,44.7,44.8,44.5,43.8,43.5,43.6,43.7,44.0,44.1,44.3,44.1,44.1,44.2,44.4,44.2,44.4,44.3,44.2,44.3,44.3,44.3,44.4,44.3,44.3,44.3,44.3,44.4,44.5,44.3,44.3,44.2,44.2,44.1,43.1,40.5,36.7,34.2,33.3,33.0,32.8,32.8,32.7,32.7,32.6,32.6,32.7,32.6,32.8,32.7,32.5,32.5,32.6,32.6,32.8,32.8,32.8,32.8,33.2,35.3,39.0,41.1,41.6,41.6,41.2,41.0,40.7,40.7,40.6,39.9,39.5,39.5,38.5,36.0,33.8,32.3,31.4,30.7,30.2,29.9,29.4,29.1,28.7,28.6,28.4,28.2,28.0,28.0,27.8,27.8,27.6,27.4,27.4,27.4,27.1,27.2,27.1,27.0,26.9,26.9,27.0,26.7,26.9,26.8,26.8,26.7,26.7,26.7,26.5,26.8,26.5,26.6,26.6,26.5,26.5,26.5,26.5,26.4,26.4,26.3,26.4
45,29.0,29.2,29.3,29.4,29.6,29.5,29.7,29.7,30.0,30.0,30.1,30.2,30.4,30.5,30.8,30.8,31.1,31.4,31.6,31.8,31.9,32.2,32.5,32.8,32.8,33.2,33.2,33.2,33.2,33.2,33.3,33.2,32.8,32.4,31.3,30.6,30.6,30.7,30.5,30.7,30.7,30.8,30.9,31.0,31.3,31.7,32.5,33.8,35.0,36.7,39.3,41.2,41.7,42.4,42.6,42.8,43.3,43.4,43.6,43.9,44.0,44.1,44.1,44.2,43.9,43.9,43.8,43.4,42.7,42.3,43.3,44.1,44.2,44.4,44.2,43.3,42.9,42.8,43.3,43.9,44.1,44.2,44.1,44.1,44.1,44.3,44.1,44.4,44.3,44.2,44.3,44.4,44.4,44.4,44.3,44.4,44.3,44.3,44.3,44.3,44.5,44.4,44.3,44.4,43.9,43.2,40.5,36.6,34.2,33.3,32.9,32.7,32.7,32.5,32.6,32.5,32.6,32.4,32.6,32.4,32.5,32.4,32.4,32.4,32.4,32.5,32.5,32.5,32.7,33.3,35.6,39.0,41.2,41.7,41.6,41.2,40.5,40.7,40.8,40.6,40.0,39.3,39.6,38.7,36.1,34.1,32.4,31.6,30.8,30.4,29.9,29.3,29.2,28.9,28.7,28.4,28.1,28.1,27.9,27.8,27.7,27.7,27.5,27.5,27.2,27.3,27.3,27.1,27.0,27.0,26.9,27.0,26.7,26.7,26.7,26.6,27.0,26.9,26.7,26.8,26.6,26.5,26.5,26.3,26.5,26.5,26.4,26.3,26.5,26.4,26.4,26.4
46,29.2,29.1,29.3,29.6,29.6,29.7,29.9,30.0,30.1,30.1,30.2,30.4,30.7,31.0,31.0,31.0,31.3,31.5,31.7,32.0,32.3,32.4,32.7,32.8,33.2,33.4,33.4,33.5,33.5,33.5,33.4,33.3,33.0,32.2,31.2,30.6,30.8,30.8,30.8,30.6,30.6,30.7,30.8,31.0,31.0,31.4,32.2,33.8,35.1,36.8,39.6,41.2,41.8,42.5,42.8,43.0,43.2,43.4,43.7,44.0,44.2,44.3,44.3,44.2,44.2,43.9,43.6,43.2,42.5,42.1,43.0,43.4,43.4,43.7,43.7,43.1,42.1,41.7,42.7,43.8,44.2,44.2,44.2,44.1,44.2,44.3,44.2,44.3,44.3,44.3,44.5,44.3,44.4,44.5,44.4,44.3,44.3,44.6,44.4,44.3,44.4,44.4,44.3,44.3,44.1,43.1,40.4,36.5,34.1,33.1,32.7,32.6,32.6,32.5,32.6,32.5,32.5,32.6,32.3,32.4,32.4,32.4,32.3,32.4,32.5,32.6,32.5,32.5,32.6,33.4,35.4,39.1,41.3,42.0,41.8,41.3,41.1,41.0,41.0,40.9,40.1,39.4,39.9,39.0,36.4,34.2,32.6,31.6,31.0,30.4,30.0,29.6,29.3,28.9,28.7,28.4,28.3,28.1,28.0,27.7,27.8,27.6,27.6,27.6,27.6,27.2,27.3,27.2,27.3,27.0,26.9,27.1,26.9,26.8,26.8,26.8,26.8,26.9,26.7,26.7,26.7,26.5,26.5,26.5,26.6,26.4,26.5,26.4,26.5,26.3,26.3,26.3
47,29.4,29.4,29.7,29.7,30.0,30.0,30.1,30.4,30.3,30.5,30.6,30.6,30.8,31.2,31.2,31.3,31.6,31.8,32.1,32.2,32.4,32.7,32.9,33.2,33.5,33.6,33.7,33.6,33.6,33.8,33.7,33.5,33.0,32.4,31.2,30.9,30.7,30.6,30.7,30.6,30.6,30.8,31.0,30.8,31.1,31.2,31.9,33.2,35.0,36.8,39.6,41.3,41.9,42.4,42.6,42.8,43.1,43.4,43.8,44.1,44.2,44.3,44.3,44.3,44.3,43.8,43.7,43.2,42.7,42.0,42.8,43.1,42.9,43.0,43.3,43.0,41.7,41.5,42.1,43.5,44.2,44.4,44.3,44.2,44.3,44.4,44.3,44.4,44.5,44.3,44.4,44.3,44.6,44.5,44.5,44.5,44.4,44.5,44.5,44.4,44.4,44.5,44.4,44.4,44.1,43.1,40.3,36.6,34.0,33.2,32.8,32.4,32.5,32.4,32.4,32.5,32.2,32.6,32.3,32.4,32.3,32.4,32.3,32.5,32.4,32.5,32.5,32.6,32.6,33.3,35.4,38.9,41.3,41.9,41.9,41.6,41.4,41.2,41.0,40.8,40.6,40.2,40.3,39.0,36.5,34.3,32.8,31.7,31.1,30.5,30.1,29.7,29.4,29.0,28.7,28.4,28.4,28.1,28.0,27.8,27.7,27.6,27.6,27.6,27.4,27.2,27.4,27.2,27.1,27.0,26.9,27.1,26.9,26.9,26.9,26.8,26.8,26.7,26.7,26.7,26.7,26.6,26.5,26.7,26.5,26.5,26.5,26.4,26.4,26.4,26.3,26.3
48,29.6,29.8,29.8,30.0,30.0,30.1,30.2,30.2,30.5,30.5,30.6,31.0,31.1,31.2,31.3,31.4,31.7,32.0,32.1,32.4,32.6,32.9,33.3,33.2,33.6,33.6,33.8,33.8,33.8,33.7,33.7,33.6,33.1,32.3,31.2,30.8,30.8,30.6,30.6,30.4,30.5,30.8,31.0,31.0,31.1,31.2,31.7,32.4,34.2,36.8,39.8,41.2,42.0,42.3,42.6,42.9,43.1,43.4,43.8,44.1,44.2,44.3,44.3,44.3,44.2,43.8,43.6,43.0,42.6,42.3,42.4,42.1,41.3,41.8,43.0,42.8,41.8,41.8,42.6,43.7,44.3,44.5,44.5,44.4,44.4,44.5,44.5,44.4,44.5,44.3,44.5,44.6,44.7,44.6,44.5,44.6,44.5,44.7,44.7,44.6,44.6,44.6,44.5,44.4,44.1,43.1,40.1,36.4,34.0,33.2,32.7,32.5,32.6,32.6,32.4,32.3,32.5,32.4,32.4,32.3,32.4,32.4,32.4,32.5,32.2,32.4,32.3,32.4,32.6,33.3,35.4,38.9,41.3,41.8,41.7,41.7,41.4,41.1,41.1,41.0,40.8,40.1,40.1,39.1,36.7,34.7,32.8,32.0,31.3,30.7,30.3,29.7,29.3,29.3,28.9,28.7,28.5,28.3,28.0,28.0,27.8,27.9,27.7,27.6,27.6,27.3,27.4,27.2,27.2,27.2,27.0,26.8,26.9,26.8,27.0,26.8,26.9,26.8,26.7,26.6,26.7,26.8,26.5,26.7,26.5,26.5,26.5,26.4,26.4,26.4,26.2,26.3
49,29.7,30.0,30.0,30.2,30.1,30.4,30.4,30.5,30.5,30.6,30.9,31.0,31.0,31.3,31.4,31.5,31.8,31.8,32.1,32.4,32.7,32.9,33.3,33.3,33.7,33.7,33.8,34.0,33.8,33.7,33.8,33.8,33.1,32.3,31.2,30.8,30.6,30.6,30.6,30.6,30.6,30.8,30.8,30.9,31.2,31.6,31.8,32.6,34.2,37.0,39.9,41.3,41.8,42.2,42.3,42.8,43.1,43.5,43.6,43.9,44.0,44.2,44.3,44.1,43.9,43.9,43.4,42.7,42.4,42.2,42.1,42.0,41.5,42.2,42.7,42.8,42.4,42.2,43.0,44.0,44.3,44.5,44.4,44.5,44.5,44.5,44.3,44.5,44.5,44.4,44.7,44.6,44.8,44.7,44.6,44.7,44.5,44.7,44.7,44.7,44.6,44.6,44.5,44.4,44.2,43.1,40.2,36.4,34.0,33.1,32.7,32.5,32.6,32.5,32.4,32.3,32.4,32.3,32.4,32.4,32.4,32.4,32.3,32.4,32.3,32.3,32.3,32.4,32.4,32.8,35.2,38.8,41.1,41.9,42.0,41.5,41.2,41.1,41.1,41.1,40.6,40.1,40.0,39.2,36.8,34.6,33.0,32.1,31.3,30.8,30.4,29.8,29.6,29.2,28.9,28.6,28.6,28.3,28.0,27.8,27.9,27.8,27.7,27.6,27.6,27.6,27.3,27.3,27.2,27.2,26.9,26.9,27.0,27.0,26.8,26.7,26.8,26.7,26.6,26.5,26.7,26.7,26.5,26.6,26.5,26.5,26.5,26.5,26.2,26.4,26.2,26.3
50,30.0,30.0,30.1,30.2,30.4,30.5,30.4,30.6,30.8,30.8,31.0,31.2,31.3,31.4,31.5,31.7,32.0,32.2,32.3,32.8,32.8,33.2,33.3,33.5,33.7,33.9,34.0,34.0,34.0,34.0,34.0,33.7,33.2,32.5,31.2,30.7,30.8,30.8,30.6,30.6,30.8,30.7,31.0,31.2,31.3,32.0,32.4,33.1,34.6,37.1,40.0,41.3,41.9,42.3,42.6,42.8,43.2,43.3,43.7,43.9,44.0,43.9,44.2,44.2,44.1,43.9,43.5,43.0,42.3,41.3,42.1,41.6,41.2,42.2,42.8,42.6,42.1,42.1,43.1,43.9,44.4,44.4,44.5,44.6,44.6,44.7,44.5,44.6,44.5,44.5,44.7,44.8,44.8,44.8,44.9,44.8,44.9,45.0,44.8,44.9,44.8,44.8,44.6,44.5,44.3,43.1,40.4,36.3,34.1,33.1,32.6,32.6,32.5,32.7,32.5,32.5,32.3,32.4,32.3,32.2,32.3,32.4,32.4,32.4,32.1,32.4,32.4,32.5,32.5,33.0,35.3,38.9,41.2,41.9,42.0,41.5,40.7,41.2,41.1,41.2,40.7,39.9,40.1,39.3,37.0,35.0,33.3,32.2,31.6,31.0,30.4,29.9,29.7,29.4,29.2,28.7,28.6,28.3,28.1,27.9,28.0,27.8,27.5,27.6,27.5,27.4,27.4,27.2,27.2,27.2,27.2,27.1,27.0,27.1,27.2,27.0,26.8,26.8,26.8,26.7,26.7,26.8,26.7,26.6,26.7,26.6,26.4,26.5,26.4,26.3,26.3,26.2
51,30.2,30.1,30.3,30.3,30.5,30.6,30.8,30.6,30.6,30.8,31.0,31.2,31.3,31.6,31.6,31.7,32.0,32.2,32.3,32.6,32.9,33.3,33.4,33.6,33.9,34.0,34.1,34.0,34.0,34.1,33.9,33.9,33.0,32.3,31.3,31.0,31.0,30.7,30.6,30.8,30.8,30.8,30.8,31.1,31.3,32.1,33.0,33.8,35.1,37.4,40.0,41.4,41.8,42.3,42.4,43.0,43.2,43.2,43.5,43.7,43.9,43.8,43.8,43.8,43.9,44.1,43.8,43.5,42.6,41.7,42.5,42.0,41.2,41.9,42.8,42.4,41.3,41.5,42.3,43.7,44.2,44.3,44.4,44.5,44.6,44.6,44.7,44.7,44.7,44.7,44.7,44.8,44.7,44.8,44.9,44.8,44.8,44.9,44.9,44.8,44.7,44.9,44.6,44.6,44.3,43.1,40.1,36.3,34.0,33.2,32.7,32.6,32.5,32.4,32.5,32.3,32.4,32.5,32.4,32.2,32.4,32.3,32.3,32.2,32.2,32.2,32.4,32.4,32.5,33.0,35.1,38.8,41.2,41.9,42.0,41.7,41.3,41.3,41.3,41.2,40.6,40.0,40.3,39.4,37.1,35.1,33.4,32.2,31.5,31.0,30.4,30.1,29.5,29.3,29.0,28.7,28.4,28.4,28.2,27.9,27.9,27.8,27.6,27.5,27.5,27.4,27.4,27.4,27.2,27.3,27.1,27.1,27.0,26.9,26.9,26.8,26.8,26.6,26.7,26.8,26.6,26.6,26.7,26.6,26.4,26.7,26.6,26.5,26.3,26.4,26.4,26.4
52,30.2,30.1,30.4,30.5,30.5,30.7,30.6,30.8,30.7,31.2,31.2,31.3,31.5,31.6,31.6,32.0,32.1,32.2,32.4,32.7,32.9,33.0,33.4,33.5,33.9,34.0,33.9,34.0,33.9,34.1,34.0,33.9,33.1,32.2,31.4,30.8,30.7,30.7,30.8,30.8,30.9,30.8,30.9,31.0,31.3,32.3,33.3,35.1,36.3,37.8,40.4,41.5,42.0,42.2,42.4,43.1,43.4,43.2,43.1,43.4,43.5,43.6,43.7,43.8,44.1,44.3,44.2,44.1,43.6,43.4,43.5,43.2,42.5,42.4,43.0,42.5,41.3,41.4,42.3,43.6,44.4,44.5,44.4,44.4,44.6,44.7,44.5,44.7,44.7,44.8,45.0,44.9,45.0,45.0,45.0,44.9,45.0,44.9,45.0,44.9,44.8,44.8,44.8,44.6,44.3,43.2,39.9,36.3,34.1,33.1,32.7,32.8,32.4,32.6,32.5,32.5,32.4,32.3,32.4,32.3,32.3,32.4,32.3,32.2,32.3,32.5,32.4,32.3,32.5,33.1,35.0,38.8,41.2,42.0,42.1,41.9,41.6,41.4,41.3,41.2,40.8,40.3,40.2,39.4,37.0,35.1,33.5,32.4,31.7,31.0,30.4,30.0,29.7,29.5,29.1,28.9,28.7,28.5,28.3,28.0,27.9,27.9,27.7,27.6,27.6,27.4,27.3,27.3,27.2,27.4,27.0,27.2,27.0,27.0,26.7,26.9,26.7,26.8,26.7,26.8,26.7,26.6,26.7,26.6,26.6,26.6,26.7,26.6,26.3,26.4,26.3,26.2
53,30.2,30.2,30.3,30.4,30.4,30.7,30.8,31.0,31.1,31.1,31.3,31.4,31.5,31.8,31.9,32.0,32.1,32.2,32.5,32.9,33.0,33.1,33.5,33.6,33.8,34.0,34.0,34.1,34.1,34.1,34.1,34.0,33.4,32.4,31.4,31.0,30.9,30.8,30.9,30.8,30.9,31.0,31.0,31.1,31.5,31.9,33.0,34.8,36.3,38.0,40.4,41.6,42.4,42.6,42.9,43.3,43.4,43.4,43.1,43.0,43.0,43.1,43.3,43.7,43.9,44.4,44.6,44.4,44.3,44.2,44.1,43.8,43.6,43.5,43.4,42.5,41.4,41.6,42.6,43.8,44.3,44.5,44.5,44.5,44.6,44.7,44.8,44.8,44.8,44.9,44.9,44.9,44.9,45.1,44.9,45.0,44.9,45.1,45.0,45.1,45.0,44.8,44.8,44.9,44.4,43.2,40.2,36.3,34.2,33.1,32.8,32.5,32.5,32.5,32.5,32.5,32.4,32.5,32.3,32.4,32.4,32.3,32.4,32.3,32.2,32.3,32.4,32.3,32.5,33.0,35.0,38.8,41.0,41.9,42.2,41.8,41.4,41.3,41.1,41.2,40.7,40.1,40.0,39.5,37.2,35.2,33.5,32.4,31.7,31.0,30.5,30.0,29.7,29.5,29.3,28.9,28.8,28.5,28.3,27.9,27.9,27.8,27.8,27.7,27.6,27.3,27.3,27.4,27.3,27.4,27.0,27.1,27.0,26.9,27.0,27.0,26.8,26.9,26.7,26.7,26.7,26.6,26.5,26.6,26.7,26.6,26.5,26.5,26.7,26.3,26.4,26.5
54,30.2,30.2,30.4,30.5,30.4,30.8,30.9,30.9,31.0,31.2,31.2,31.4,31.4,31.8,31.8,32.1,32.2,32.3,32.6,32.7,32.9,33.1,33.4,33.6,33.8,33.8,34.1,34.1,34.3,34.3,34.2,34.0,33.3,32.5,31.6,31.1,31.1,31.1,31.1,31.3,31.1,31.1,31.3,31.4,31.5,32.0,32.9,34.3,35.9,38.0,40.7,41.9,42.6,43.3,43.7,43.6,43.7,43.3,42.5,42.7,42.9,42.8,43.3,43.6,44.1,44.7,44.7,44.8,44.4,44.3,44.2,44.2,44.0,43.6,43.3,42.5,41.8,42.0,42.8,43.8,44.4,44.5,44.5,44.5,44.7,44.8,44.8,44.9,44.9,44.8,45.0,44.9,44.9,45.0,45.0,45.1,45.0,45.0,45.1,45.0,45.0,45.1,44.9,44.8,44.5,43.3,40.4,36.3,34.0,33.1,32.8,32.6,32.7,32.6,32.5,32.4,32.4,32.6,32.3,32.4,32.2,32.3,32.2,32.4,32.3,32.4,32.2,32.3,32.5,33.1,35.2,38.5,41.0,42.1,42.2,41.8,41.3,41.4,41.1,41.2,40.7,40.1,40.0,39.5,37.5,35.3,33.6,32.5,31.8,31.2,30.6,30.1,29.9,29.6,29.3,28.9,28.7,28.5,28.3,28.2,27.9,27.9,27.8,27.6,27.6,27.4,27.6,27.4,27.5,27.2,27.1,27.2,27.1,27.1,26.9,26.9,26.9,26.8,26.8,26.6,26.7,26.7,26.4,26.5,26.6,26.5,26.7,26.6,26.4,26.5,26.4,26.5
55,30.4,30.4,30.5,30.6,30.5,30.7,31.0,31.0,31.2,31.2,31.2,31.5,31.7,31.8,31.9,32.0,32.2,32.4,32.7,32.9,33.0,33.1,33.5,33.6,33.8,34.0,34.2,34.1,34.3,34.2,34.3,34.2,33.7,32.9,31.8,31.5,31.7,31.7,31.8,31.9,31.9,32.1,32.3,32.4,32.7,32.8,33.3,34.3,35.6,38.0,40.8,41.9,42.9,43.6,44.1,44.1,43.9,43.4,42.7,42.4,42.3,42.6,42.8,43.1,44.0,44.4,44.6,44.6,44.4,44.1,44.2,44.2,44.1,43.9,43.1,41.9,40.7,41.0,42.2,43.6,44.2,44.6,44.5,44.5,44.7,44.9,44.8,44.8,45.0,45.0,45.1,45.0,45.2,45.1,45.1,45.1,45.1,45.1,45.1,45.1,45.2,45.0,45.1,45.0,44.6,43.3,40.2,36.4,34.1,33.1,32.7,32.7,32.6,32.5,32.6,32.4,32.5,32.4,32.5,32.4,32.4,32.4,32.5,32.3,32.2,32.2,32.3,32.4,32.4,33.0,35.0,38.7,41.1,42.0,42.2,41.7,40.9,41.1,41.3,41.1,40.4,39.6,40.0,39.6,37.4,35.4,33.6,32.6,31.7,31.1,30.6,30.2,30.0,29.5,29.3,29.0,28.8,28.6,28.4,28.3,28.0,27.9,27.9,27.8,27.7,27.5,27.5,27.4,27.4,27.2,27.2,27.2,27.1,27.2,26.9,27.1,27.0,26.9,26.9,26.7,26.7,26.7,26.6,26.6,26.7,26.7,26.5,26.6,26.5,26.7,26.4,26.5
56,30.3,30.5,30.5,30.6,30.8,30.8,30.9,31.1,31.2,31.1,31.5,31.5,31.6,31.8,31.9,32.2,32.4,32.4,32.6,32.9,33.1,33.3,33.6,33.7,34.0,34.1,34.2,34.3,34.4,34.6,34.5,34.6,34.5,33.8,33.0,32.7,32.7,32.9,33.1,33.3,33.5,33.9,34.1,34.5,34.6,34.9,35.0,35.3,36.3,38.3,40.8,42.1,42.8,43.4,43.7,43.8,43.9,43.4,42.6,42.0,41.5,42.1,42.0,42.4,43.4,43.8,44.0,43.9,43.9,43.8,44.2,44.1,44.2,44.0,43.5,42.0,40.8,41.1,41.9,43.5,44.3,44.5,44.7,44.6,44.7,44.7,44.9,44.9,45.0,44.8,45.0,45.0,45.0,45.0,45.1,45.1,45.2,45.3,45.2,45.1,45.1,45.1,45.1,44.9,44.6,43.3,40.4,36.7,34.2,33.2,32.8,32.7,32.7,32.7,32.6,32.5,32.5,32.6,32.5,32.3,32.4,32.4,32.4,32.2,32.5,32.4,32.5,32.4,32.6,33.1,35.1,38.5,41.2,42.1,42.2,41.9,41.6,41.4,41.4,41.1,40.6,40.1,40.2,39.5,37.4,35.4,33.8,32.6,31.8,31.1,30.8,30.2,30.0,29.7,29.3,29.0,28.9,28.7,28.4,28.3,28.1,28.1,27.9,27.7,27.7,27.5,27.6,27.4,27.4,27.2,27.1,27.2,27.2,27.1,27.1,27.1,26.9,26.9,26.9,27.0,26.8,26.8,26.7,26.7,26.6,26.6,26.6,26.7,26.6,26.6,26.4,26.6
57,30.4,30.5,30.5,30.7,30.9,30.9,31.0,31.0,31.2,31.2,31.5,31.5,31.8,31.8,32.0,32.2,32.5,32.4,32.7,33.0,33.2,33.2,33.6,33.9,34.0,34.3,34.3,34.4,34.5,34.6,34.7,35.2,35.1,34.8,34.2,34.3,34.3,34.5,34.9,35.2,35.5,35.9,36.6,36.8,37.2,37.5,37.4,37.5,37.9,39.2,41.0,42.0,42.5,43.0,43.2,43.1,43.1,43.0,42.6,42.1,41.7,42.2,42.3,42.3,42.5,42.9,43.0,43.1,42.9,43.1,43.5,44.1,44.1,44.1,43.5,42.6,41.6,41.8,42.5,43.8,44.3,44.5,44.4,44.6,44.6,44.8,44.8,45.0,45.0,45.0,45.2,44.9,45.1,45.1,45.1,45.1,45.2,45.3,45.2,45.1,45.2,45.2,44.9,44.9,44.6,43.3,40.4,36.7,34.2,33.5,33.0,33.0,32.9,32.8,32.9,32.8,32.7,32.7,32.7,32.5,32.6,32.8,32.5,32.5,32.5,32.5,32.5,32.6,32.6,33.1,35.0,38.5,41.1,42.0,42.2,42.0,41.7,41.4,41.0,41.0,40.8,40.1,40.0,39.4,37.4,35.5,33.7,32.5,32.0,31.2,30.8,30.3,29.9,29.7,29.1,29.1,28.7,28.7,28.5,28.3,28.2,28.1,27.8,27.8,27.7,27.4,27.6,27.5,27.2,27.4,27.1,27.1,27.2,27.1,26.9,26.9,27.0,27.0,26.7,26.8,26.9,26.9,26.8,26.6,26.7,26.7,26.5,26.5,26.6,26.4,26.4,26.5
58,30.6,30.6,30.7,31.0,30.8,31.1,30.9,31.3,31.4,31.5,31.7,31.7,31.9,32.0,32.2,32.4,32.4,32.6,32.7,33.2,33.2,33.5,33.8,33.9,34.2,34.2,34.6,34.7,34.9,34.9,35.2,35.4,35.4,35.7,35.5,35.6,35.9,36.5,37.1,37.9,38.6,38.9,39.5,40.1,40.5,40.6,40.6,40.3,40.0,40.3,41.2,41.9,42.5,42.7,43.0,43.0,42.8,42.7,42.7,42.0,41.8,42.3,41.8,41.8,41.9,41.9,42.1,42.1,41.8,42.3,43.3,44.0,44.2,44.3,44.1,43.6,43.1,43.2,43.7,44.4,44.6,44.6,44.5,44.7,44.7,44.9,45.0,45.1,45.0,45.0,45.2,45.1,45.1,45.2,45.1,45.3,45.2,45.4,45.3,45.2,45.2,45.0,45.1,45.1,44.6,43.5,40.8,37.3,35.3,34.3,34.1,34.0,34.0,33.7,33.7,33.6,33.7,33.7,33.6,33.5,33.6,33.7,33.5,33.3,33.2,33.2,33.2,33.3,33.4,33.8,35.7,39.0,41.3,42.2,42.2,41.9,41.5,41.4,41.2,41.0,40.7,39.9,40.0,39.5,37.5,35.6,33.8,32.7,31.9,31.4,30.7,30.4,29.7,29.7,29.3,29.2,29.0,28.7,28.6,28.3,28.2,28.0,28.0,27.8,27.8,27.6,27.5,27.4,27.3,27.4,27.3,27.2,27.1,27.1,27.0,27.0,27.0,27.1,26.9,26.7,26.7,26.8,26.7,26.6,26.7,26.6,26.6,26.8,26.7,26.5,26.4,26.5
59,30.7,30.6,30.9,30.9,30.9,31.1,31.2,31.3,31.5,31.6,31.5,31.8,32.1,32.2,32.2,32.5,32.6,32.8,33.0,33.2,33.4,33.5,33.9,34.3,34.3,34.6,34.7,34.8,34.9,35.1,35.2,35.4,35.6,35.8,35.7,35.8,36.3,36.9,38.2,39.3,40.0,40.2,40.8,41.4,41.9,42.1,41.7,41.4,40.9,40.8,41.2,41.9,42.6,42.8,42.3,42.2,42.1,42.1,42.5,42.5,42.4,42.6,42.2,41.7,41.8,41.2,41.3,41.3,40.7,41.7,42.9,43.9,44.0,44.2,44.4,44.1,44.1,44.3,44.3,44.5,44.5,44.6,44.6,44.6,44.8,44.7,44.8,44.9,44.9,45.0,45.1,45.1,45.0,45.1,45.1,45.2,45.1,45.2,45.2,45.1,45.2,45.2,45.1,45.1,44.7,43.6,41.2,38.5,36.9,36.3,35.9,35.8,35.6,35.5,35.5,35.4,35.5,35.6,35.5,35.6,35.3,35.3,35.1,34.9,34.6,34.7,34.6,34.7,34.8,35.2,36.9,39.7,41.6,42.3,42.2,41.8,41.4,41.3,41.2,41.0,40.4,39.9,39.9,39.5,37.4,35.5,33.9,32.7,32.0,31.2,30.9,30.3,29.9,29.7,29.5,29.2,28.9,28.7,28.5,28.4,28.0,28.0,27.9,27.9,27.7,27.6,27.5,27.6,27.6,27.4,27.4,27.2,27.2,26.9,27.2,27.0,27.0,26.9,26.9,26.8,26.9,26.9,26.8,26.7,26.6,26.5,26.5,26.6,26.7,26.5,26.5,26.6
60,30.8,30.7,30.8,30.9,31.0,31.2,31.3,31.4,31.4,31.6,31.8,32.0,32.1,32.3,32.5,32.5,32.8,32.8,32.8,33.3,33.4,33.7,33.8,34.1,34.4,34.6,34.8,34.9,35.1,35.2,35.4,35.6,35.7,35.9,35.7,35.7,36.3,37.1,38.6,40.0,41.0,41.0,41.4,41.8,42.2,42.3,42.3,42.2,41.9,41.8,42.1,42.5,42.9,43.1,42.8,43.0,43.0,42.7,42.6,43.0,43.3,43.5,43.4,42.8,42.4,41.4,41.9,42.0,41.0,41.6,42.9,43.8,44.2,44.3,44.5,44.3,44.4,44.5,44.5,44.5,44.7,44.8,44.7,44.8,44.8,44.9,44.9,44.9,45.0,45.1,45.1,45.1,45.1,45.1,45.2,45.2,45.1,45.4,45.4,45.3,45.3,45.3,45.3,45.1,44.8,44.0,42.3,40.3,38.9,38.6,38.3,38.3,38.2,38.1,37.8,37.9,37.9,38.0,37.9,37.9,37.7,37.5,37.4,37.1,36.8,36.8,36.9,37.0,36.9,37.1,38.3,40.8,42.0,42.6,42.4,42.0,41.3,41.2,41.3,40.9,40.6,39.6,39.8,39.4,37.5,35.7,33.9,32.8,32.1,31.4,30.8,30.4,30.1,29.9,29.3,29.3,28.9,28.7,28.5,28.3,28.2,28.2,28.0,27.9,27.7,27.6,27.5,27.7,27.4,27.3,27.2,27.2,27.1,27.1,27.1,27.0,26.9,27.0,26.9,26.9,26.8,26.9,26.8,26.7,26.8,26.6,26.6,26.8,26.6,26.5,26.5,26.5
61,30.6,30.8,30.9,31.1,31.2,31.3,31.3,31.3,31.7,31.6,31.9,32.0,32.2,32.3,32.5,32.6,32.7,33.0,33.0,33.2,33.4,33.6,33.7,34.1,34.2,34.5,34.6,34.9,35.0,35.0,35.1,35.5,35.4,35.7,35.4,36.1,36.5,37.4,38.8,40.3,41.5,41.8,42.1,42.3,42.3,42.3,42.3,42.3,42.4,42.5,42.6,42.8,43.0,43.2,43.5,43.6,43.6,43.3,43.3,43.5,43.8,44.2,44.3,44.1,43.3,42.9,43.4,43.2,42.8,42.4,43.4,44.1,44.1,44.3,44.5,44.3,44.5,44.5,44.6,44.6,44.6,44.7,44.7,44.7,44.8,44.8,44.8,44.9,44.9,44.9,45.1,45.0,45.2,45.1,45.1,45.2,45.1,45.2,45.2,45.3,45.3,45.2,45.1,45.2,45.0,44.5,43.2,42.3,41.9,41.8,41.7,41.6,41.4,41.1,41.0,41.1,41.4,41.3,41.4,41.2,40.9,40.8,40.5,40.0,39.9,39.8,39.9,39.9,39.7,39.7,40.4,41.7,42.6,42.7,42.5,42.1,41.7,41.4,41.3,41.1,40.5,40.0,39.8,39.6,37.7,35.6,33.9,32.9,31.9,31.4,30.9,30.3,30.0,29.9,29.3,29.1,28.9,28.7,28.4,28.1,28.3,28.0,27.8,27.9,27.9,27.7,27.5,27.5,27.4,27.3,27.1,27.2,27.2,27.1,27.1,27.0,27.0,26.9,27.0,27.0,26.9,26.7,26.8,26.5,26.7,26.6,26.5,26.6,26.5,26.6,26.4,26.5
62,30.6,30.9,30.9,31.1,31.1,31.4,31.4,31.5,31.7,31.8,31.8,31.9,32.2,32.3,32.5,32.4,32.8,32.8,33.0,33.2,33.2,33.5,33.8,33.9,34.1,34.3,34.4,34.6,34.7,34.9,35.1,35.3,35.3,35.6,35.7,36.0,36.6,37.7,38.9,40.6,41.8,42.1,42.3,42.3,42.4,42.5,42.5,42.6,42.5,42.7,42.8,43.1,43.2,43.5,43.8,43.9,43.8,43.7,43.4,43.6,44.1,44.7,45.0,44.9,44.4,44.4,44.4,44.3,44.0,43.9,44.1,44.3,44.6,44.3,44.5,44.4,44.5,44.6,44.7,44.7,44.6,44.7,44.8,44.7,44.9,44.9,44.9,44.9,45.0,45.0,45.1,45.1,45.3,45.2,45.3,45.2,45.2,45.3,45.5,45.3,45.3,45.3,45.3,45.3,44.9,44.9,44.4,44.0,43.9,44.2,44.0,43.8,43.7,43.4,43.4,43.4,43.8,43.7,43.7,43.6,43.2,43.1,42.6,42.5,42.2,42.1,42.2,42.2,42.1,41.7,42.0,42.4,43.0,42.8,42.5,42.2,41.7,41.5,41.2,41.0,40.6,40.1,39.9,39.5,37.7,35.8,34.0,32.6,32.2,31.5,31.0,30.5,30.2,29.7,29.4,29.1,28.9,28.6,28.5,28.3,28.2,28.1,28.0,27.9,27.8,27.7,27.7,27.4,27.4,27.3,27.2,27.3,27.2,27.1,27.1,26.9,27.1,27.0,27.0,26.9,26.8,26.9,26.8,26.7,26.9,26.5,26.5,26.5,26.5,26.4,26.5,26.5
63,30.6,30.6,30.7,31.0,30.9,31.1,31.2,31.3,31.4,31.5,31.7,31.7,31.9,32.0,32.3,32.3,32.4,32.5,32.7,32.8,33.0,33.2,33.3,33.5,33.6,33.9,34.1,34.3,34.3,34.6,34.8,35.0,35.3,35.4,35.7,36.0,36.8,37.9,39.0,40.8,41.8,42.3,42.3,42.3,42.4,42.5,42.6,42.6,42.7,42.9,42.9,43.1,43.2,43.7,43.9,44.3,44.2,43.8,43.5,43.3,43.8,44.9,45.6,45.5,45.3,45.0,44.6,44.6,44.6,44.4,44.5,44.6,44.7,44.6,44.7,44.4,44.6,44.7,44.7,44.8,44.8,44.8,44.9,44.9,44.9,44.9,44.8,45.0,45.0,45.1,45.2,45.0,45.2,45.1,45.3,45.2,45.2,45.4,45.4,45.3,45.3,45.4,45.3,45.2,45.2,45.1,45.0,44.8,44.9,44.8,44.7,44.7,44.7,44.5,44.6,44.4,44.5,44.5,44.6,44.4,44.2,43.9,43.8,43.6,43.5,43.4,43.2,43.1,42.7,42.7,42.7,42.9,43.0,42.8,42.6,42.1,41.8,41.6,41.3,40.9,40.7,40.1,40.0,39.6,37.8,35.8,34.1,32.9,32.2,31.5,30.9,30.7,30.1,29.9,29.5,29.3,29.0,28.7,28.5,28.3,28.3,28.3,28.0,28.1,27.8,27.8,27.6,27.6,27.6,27.4,27.1,27.3,27.1,27.1,27.1,27.1,27.1,26.9,27.0,26.9,26.9,26.8,26.9,26.6,26.8,26.7,26.6,26.7,26.6,26.6,26.5,26.5
64,30.2,30.3,30.4,30.6,30.8,30.9,31.0,31.1,31.2,31.4,31.4,31.6,31.7,31.8,32.1,32.1,32.3,32.6,32.6,32.8,32.8,32.9,33.3,33.2,33.6,33.7,34.0,34.1,34.4,34.6,34.7,35.0,35.2,35.4,35.6,36.0,36.7,37.8,39.1,40.8,41.8,42.1,42.1,42.2,42.4,42.3,42.4,42.4,42.7,42.7,42.9,43.1,43.5,44.0,44.2,44.7,44.6,44.0,43.4,43.0,43.5,44.8,45.6,45.7,45.3,45.0,44.7,44.6,44.5,44.4,44.5,44.5,44.6,44.7,44.6,44.6,44.6,44.6,44.7,44.7,44.8,44.7,44.9,44.8,44.9,44.8,44.8,44.9,45.0,45.1,45.1,45.0,45.1,45.2,45.1,45.1,45.2,45.2,45.3,45.3,45.3,45.2,45.3,45.2,45.1,45.1,44.9,45.1,44.9,45.0,44.8,44.9,44.8,44.8,44.7,44.8,44.6,44.5,44.7,44.6,44.5,44.2,44.1,43.8,43.8,43.6,43.5,43.2,43.1,43.0,42.9,43.0,42.9,42.8,42.4,42.1,41.4,41.3,41.2,40.9,40.5,39.7,39.9,39.5,37.8,35.8,34.0,32.9,32.2,31.5,30.9,30.6,30.2,29.9,29.5,29.3,28.9,28.7,28.5,28.4,28.4,28.1,28.1,27.9,27.7,27.6,27.7,27.6,27.5,27.4,27.3,27.2,27.3,27.2,27.1,27.0,26.9,27.0,26.8,26.9,26.7,26.9,27.0,26.8,26.7,26.6,26.7,26.6,26.5,26.5,26.5,26.5
65,30.0,30.2,30.2,30.5,30.5,30.6,30.7,31.0,31.0,31.4,31.7,31.7,31.8,32.0,31.9,32.3,32.4,32.7,32.9,32.8,33.0,33.2,33.4,33.6,33.7,34.0,34.1,34.2,34.4,34.6,34.8,35.2,35.3,35.5,35.7,36.2,37.0,37.9,39.3,41.1,41.7,42.2,42.2,42.2,42.3,42.4,42.5,42.5,42.7,42.8,42.9,43.1,43.6,44.4,44.9,45.2,44.9,44.5,43.7,43.3,43.6,44.6,45.3,45.2,45.0,44.6,44.6,44.6,44.5,44.5,44.7,44.6,44.6,44.7,44.6,44.6,44.6,44.6,44.7,44.8,44.8,44.7,44.9,44.9,44.9,44.9,44.9,44.9,44.9,44.7,44.8,44.8,44.9,44.9,44.9,45.1,45.1,45.2,45.2,45.2,45.1,45.2,45.2,45.1,45.0,45.2,45.0,45.0,45.2,44.9,44.9,44.8,44.7,44.6,44.6,44.7,44.7,44.6,44.5,44.6,44.6,44.4,44.2,43.9,43.9,43.7,43.6,43.4,43.1,43.1,43.0,43.1,43.1,42.8,42.4,41.9,41.5,41.4,41.1,41.0,40.6,39.9,39.7,39.4,37.8,35.8,34.2,32.9,32.2,31.4,31.1,30.6,30.3,29.9,29.7,29.3,29.1,28.9,28.6,28.4,28.2,28.1,28.0,27.9,27.8,27.7,27.7,27.7,27.5,27.5,27.3,27.3,27.3,27.1,27.2,27.0,27.0,27.0,26.9,26.9,26.9,26.9,26.8,26.8,26.7,26.7,26.7,26.8,26.6,26.6,26.5,26.5
66,30.1,30.2,30.4,30.4,30.6,30.8,30.9,31.1,31.2,31.6,31.7,31.8,32.0,32.2,32.4,32.6,32.8,32.9,33.0,33.3,33.4,33.6,33.8,34.0,34.1,34.2,34.5,34.6,34.7,34.8,35.1,35.3,35.4,35.8,35.9,36.2,36.8,37.9,39.3,41.1,41.8,42.0,42.1,42.3,42.2,42.3,42.3,42.7,42.6,42.7,42.8,43.1,43.6,44.4,45.4,45.7,45.4,44.7,43.4,42.6,42.8,44.0,44.5,44.3,44.3,44.3,44.3,44.4,44.4,44.4,44.4,44.7,44.6,44.6,44.7,44.5,44.6,44.7,44.7,44.7,44.7,44.8,44.9,44.8,44.9,44.7,44.6,44.6,44.5,44.5,44.4,44.3,44.6,44.4,44.6,44.5,44.5,44.6,44.6,44.5,44.6,44.7,44.6,44.5,44.6,44.6,44.5,44.5,44.6,44.4,44.3,44.3,44.3,44.5,44.5,44.4,44.3,44.4,44.5,44.6,44.5,44.3,44.3,44.0,44.0,43.9,43.7,43.5,43.4,43.3,43.4,43.4,43.1,42.7,42.3,42.0,41.6,41.3,41.1,40.9,40.7,40.1,40.0,39.5,37.7,35.9,34.3,32.7,32.2,31.5,31.0,30.6,30.2,30.0,29.7,29.3,29.0,28.9,28.6,28.5,28.4,28.1,28.1,28.0,27.8,27.6,27.7,27.7,27.5,27.5,27.3,27.4,27.1,27.1,27.1,27.1,26.9,27.0,26.9,26.9,26.8,26.9,26.9,26.8,26.7,26.8,26.6,26.7,26.5,26.5,26.6,26.5
67,30.2,30.3,30.4,30.6,30.7,31.1,31.2,31.3,31.6,31.8,32.1,32.3,32.5,32.7,32.8,33.1,33.2,33.5,33.6,33.7,33.8,34.1,34.3,34.4,34.6,34.9,34.8,35.0,34.9,35.1,35.2,35.5,35.7,35.9,35.9,36.3,37.0,38.1,39.4,40.9,41.7,41.9,42.0,42.2,42.1,42.2,42.5,42.4,42.6,42.8,42.8,43.1,43.3,44.2,45.5,45.7,45.4,44.7,43.6,42.5,42.6,43.5,43.5,43.8,43.5,43.4,43.8,44.2,44.4,44.4,44.6,44.5,44.6,44.6,44.7,44.4,44.6,44.7,44.7,44.7,44.7,44.8,44.8,44.8,44.7,44.3,43.8,43.5,43.3,43.1,43.1,43.1,43.1,43.1,43.2,43.1,43.2,43.3,43.3,43.3,43.3,43.2,43.3,43.4,43.3,43.2,43.1,43.2,43.2,43.1,42.9,43.0,43.4,43.8,44.1,44.3,44.2,44.3,44.4,44.6,44.5,44.4,44.3,44.1,43.9,43.9,43.8,43.8,43.7,43.5,43.5,43.3,43.1,42.7,42.3,41.9,41.7,41.5,41.1,40.8,40.7,40.2,40.0,39.5,37.7,36.0,34.3,33.1,32.4,31.5,31.0,30.6,30.4,30.2,29.7,29.3,29.0,28.9,28.6,28.5,28.3,28.2,28.1,28.1,27.8,27.7,27.8,27.5,27.7,27.5,27.4,27.4,27.4,27.2,27.1,27.1,26.9,27.0,26.9,26.7,26.8,26.9,26.9,26.8,26.8,26.7,26.7,26.7,26.6,26.6,26.7,26.5
68,30.3,30.4,30.7,30.8,31.0,31.3,31.3,31.7,31.8,32.1,32.3,32.5,33.0,33.1,33.4,33.6,33.7,34.0,34.1,34.3,34.6,34.8,34.9,35.0,35.0,35.1,35.2,35.0,34.9,35.1,35.2,35.7,36.1,36.3,36.0,36.2,36.8,37.7,38.9,40.7,41.4,41.5,41.6,41.5,41.6,41.6,41.8,42.1,42.4,42.5,42.8,43.0,43.0,44.1,45.3,45.7,45.3,44.7,43.6,43.0,42.9,43.7,43.6,44.0,43.5,43.2,43.8,44.4,44.4,44.4,44.4,44.5,44.6,44.6,44.5,44.5,44.6,44.6,44.7,44.7,44.8,44.7,44.8,44.6,44.3,43.5,42.3,41.8,41.4,41.2,41.3,41.3,41.4,41.3,41.3,41.2,41.4,41.3,41.4,41.5,41.4,41.5,41.4,41.4,41.5,41.5,41.4,41.5,41.4,41.2,40.9,41.0,41.7,42.5,43.1,43.5,43.7,44.0,44.1,44.3,44.3,44.2,44.1,44.0,43.9,43.8,43.5,43.6,43.6,43.5,43.4,43.3,43.1,42.6,42.3,41.8,41.4,41.2,41.0,40.8,40.5,39.9,39.7,39.4,37.7,35.9,34.2,32.9,32.3,31.5,31.0,30.5,30.1,29.8,29.6,29.4,28.9,28.8,28.7,28.4,28.3,28.1,28.0,27.8,28.0,27.8,27.6,27.6,27.4,27.4,27.2,27.2,27.4,27.2,27.1,26.9,26.9,26.9,26.8,26.8,26.9,26.8,26.7,26.8,26.6,26.6,26.5,26.6,26.5,26.6,26.6,26.5
69,30.6,30.9,30.8,31.3,31.4,31.8,31.9,32.0,32.3,32.6,32.8,33.1,33.2,33.4,33.8,34.0,34.1,34.1,34.4,34.6,34.7,34.9,35.1,35.2,35.3,35.3,35.2,35.2,35.2,35.3,35.5,35.9,36.1,36.2,36.1,35.9,36.2,37.0,38.1,39.5,40.1,40.1,40.2,40.1,40.2,40.4,40.8,41.2,41.8,42.1,42.6,43.0,43.4,44.3,45.0,45.3,45.2,44.5,43.5,42.8,43.2,44.3,44.8,44.9,44.8,44.2,44.3,44.5,44.4,44.5,44.4,44.5,44.6,44.5,44.6,44.6,44.7,44.7,44.7,45.0,44.8,44.8,44.8,44.4,43.8,42.3,40.8,39.4,38.9,38.9,39.2,39.2,39.3,39.4,39.5,39.5,39.4,39.5,39.5,39.4,39.5,39.5,39.5,39.5,39.4,39.6,39.3,39.4,39.0,38.7,38.3,38.6,39.9,41.4,42.6,43.2,43.7,44.0,44.3,44.3,44.3,44.3,44.2,44.1,43.7,43.8,43.6,43.6,43.5,43.4,43.4,43.2,43.1,42.6,42.2,41.7,41.3,41.1,40.9,40.9,40.5,40.0,39.8,39.5,37.8,36.2,34.4,32.9,32.2,31.4,31.0,30.6,30.2,29.9,29.8,29.4,28.9,28.8,28.9,28.4,28.3,28.2,28.1,28.0,27.9,27.8,27.5,27.6,27.6,27.6,27.4,27.4,27.2,27.1,27.2,26.9,27.1,26.9,26.8,26.9,26.7,26.8,26.9,26.7,26.7,26.6,26.5,26.7,26.7,26.5,26.5,26.5
70,30.9,31.0,31.2,31.5,31.6,32.1,32.1,32.5,32.6,32.8,33.0,33.2,33.3,33.6,33.8,34.0,34.3,34.3,34.4,34.7,34.8,34.9,35.2,35.2,35.2,35.2,35.3,35.1,35.2,35.2,35.4,35.8,35.9,36.0,35.4,35.1,35.1,35.5,36.4,37.6,37.8,37.9,38.0,37.9,37.9,38.2,38.8,39.7,40.7,41.5,42.1,42.8,43.4,44.1,44.5,44.9,44.6,44.1,43.3,43.1,43.7,44.7,45.3,45.3,45.2,44.9,44.6,44.4,44.3,44.3,44.5,44.4,44.4,44.6,44.5,44.6,44.7,44.7,44.7,44.7,44.7,44.9,44.7,44.3,43.0,41.1,38.4,36.3,36.0,36.0,36.5,36.7,36.9,36.9,36.8,36.9,36.8,37.1,37.1,37.0,37.0,36.9,37.1,36.9,37.0,36.9,36.8,36.6,36.1,35.4,35.4,35.4,36.8,39.8,41.8,43.1,43.7,44.0,44.2,44.4,44.1,44.2,44.1,43.9,43.7,43.8,43.7,43.5,43.5,43.4,43.3,43.2,43.1,42.6,42.1,41.8,41.2,40.9,41.0,41.0,40.6,39.8,39.7,39.7,37.8,36.0,34.3,33.0,32.2,31.5,31.0,30.7,30.2,29.9,29.8,29.3,29.1,29.0,28.7,28.4,28.3,28.2,28.0,27.9,27.9,27.8,27.7,27.6,27.6,27.5,27.2,27.3,27.3,27.2,27.2,27.1,27.0,26.9,26.8,27.0,26.7,26.8,26.9,26.6,26.6,26.8,26.7,26.6,26.6,26.6,26.4,26.6
71,31.2,31.6,31.7,31.8,32.0,32.2,32.3,32.6,32.8,32.8,33.1,33.3,33.5,33.8,34.1,34.1,34.4,34.5,34.6,34.8,34.9,35.2,35.3,35.3,35.4,35.5,35.3,35.3,35.4,35.4,35.4,35.6,35.5,35.3,34.7,34.1,34.0,34.0,34.2,34.6,34.8,34.9,34.8,34.6,34.6,34.8,35.7,37.1,39.0,40.6,41.6,42.2,43.1,43.7,44.1,44.1,44.2,43.6,43.1,42.8,43.5,44.7,45.3,45.4,45.3,45.0,44.6,44.6,44.4,44.3,44.4,44.4,44.4,44.4,44.6,44.6,44.6,44.7,44.7,44.7,44.8,44.8,44.6,44.2,42.5,39.9,36.5,34.6,34.3,34.8,35.5,35.9,36.1,36.0,36.1,36.2,36.1,36.2,36.2,36.1,36.3,36.1,36.3,36.1,36.1,36.0,36.1,36.0,35.3,34.4,33.9,34.0,35.5,38.6,41.5,43.2,44.1,44.3,44.2,44.2,44.1,44.2,44.0,43.9,43.7,43.7,43.7,43.5,43.5,43.3,43.3,43.2,43.0,42.5,42.2,41.7,41.5,41.3,41.1,40.9,40.7,40.2,39.9,39.7,37.9,36.1,34.4,33.2,32.3,31.5,31.2,30.7,30.2,30.0,29.7,29.3,29.1,28.8,28.8,28.5,28.5,28.2,28.1,28.1,27.9,28.0,27.7,27.6,27.5,27.4,27.4,27.4,27.2,27.3,27.1,27.2,27.1,27.0,26.9,26.9,26.8,26.8,26.8,26.8,26.9,26.7,26.7,26.7,26.6,26.8,26.6,26.4
72,31.4,31.5,31.6,32.0,32.0,32.3,32.3,32.7,32.7,33.0,33.1,33.3,33.8,34.0,33.8,34.2,34.5,34.5,34.7,34.9,35.0,35.1,35.3,35.3,35.4,35.4,35.5,35.3,35.4,35.3,35.4,35.4,35.0,34.5,33.5,32.9,32.7,32.5,32.4,32.4,32.2,32.1,32.2,32.2,32.1,32.5,33.2,35.0,37.5,39.6,41.0,41.9,42.7,43.3,43.6,43.7,43.7,43.5,43.1,42.6,43.2,44.4,45.0,45.0,44.9,44.7,44.5,44.4,44.4,44.3,44.3,44.4,44.4,44.5,44.5,44.5,44.5,44.6,44.6,44.7,44.7,44.8,44.5,43.9,42.0,39.2,35.7,33.8,33.4,34.0,35.0,35.3,35.5,35.6,35.5,35.6,35.7,35.6,35.6,35.6,35.7,35.8,35.5,35.7,35.7,35.7,35.4,35.4,34.8,33.6,32.9,33.2,34.9,38.0,41.2,43.2,44.0,44.3,44.2,44.1,44.1,44.2,43.8,43.8,43.6,43.7,43.6,43.3,43.4,43.3,43.1,43.1,42.9,42.5,42.0,41.7,41.4,41.1,40.8,40.7,40.5,40.0,39.7,39.5,37.8,35.9,34.4,33.1,32.1,31.4,31.1,30.6,30.2,29.8,29.6,29.5,29.2,28.9,28.8,28.5,28.5,28.1,28.1,28.1,27.8,27.8,27.7,27.6,27.5,27.5,27.2,27.3,27.3,27.1,27.3,27.0,27.1,27.0,26.9,26.9,26.8,26.7,26.8,26.7,26.7,26.7,26.7,26.7,26.7,26.5,26.6,26.4
73,31.6,31.6,31.8,32.1,32.1,32.3,32.4,32.8,32.9,33.0,33.4,33.6,33.8,34.0,34.2,34.4,34.5,34.7,34.9,35.1,35.2,35.4,35.4,35.4,35.5,35.4,35.6,35.5,35.4,35.4,35.4,35.3,34.8,34.1,32.7,32.1,32.1,32.7,32.3,32.2,31.7,31.4,31.5,31.5,31.5,31.7,32.3,33.7,36.0,38.9,40.8,41.9,42.7,43.1,43.3,43.5,43.5,43.4,43.2,43.1,43.3,44.0,44.5,44.5,44.5,44.5,44.4,44.2,44.3,44.2,44.5,44.5,44.6,44.5,44.6,44.6,44.6,44.6,44.4,44.7,44.7,44.8,44.7,43.9,41.9,38.9,35.4,33.4,32.6,32.7,33.4,33.5,33.8,33.7,33.7,33.8,33.8,33.8,33.8,33.8,33.9,33.8,34.0,33.7,33.8,33.9,33.8,33.7,33.3,32.6,32.5,33.0,34.8,37.8,41.0,43.1,44.0,44.3,44.2,44.3,44.2,44.0,43.7,43.7,43.7,43.5,43.4,43.3,43.2,43.2,43.3,43.1,43.0,42.5,42.1,41.8,41.2,41.2,40.9,40.7,40.4,39.9,39.6,39.3,37.8,36.0,34.4,33.1,32.3,31.5,31.1,30.6,30.1,29.8,29.7,29.5,29.1,28.9,28.6,28.7,28.5,28.1,28.2,28.1,27.9,27.8,27.8,27.6,27.5,27.6,27.4,27.4,27.3,27.2,27.0,27.1,27.1,27.0,26.9,27.0,26.8,26.9,26.7,26.9,26.8,26.5,26.7,26.7,26.7,26.5,26.5,26.6
74,31.5,31.7,31.8,32.1,32.2,32.5,32.4,32.8,33.0,33.1,33.3,33.5,33.7,34.1,34.1,34.4,34.5,34.8,34.9,35.2,35.3,35.5,35.4,35.6,35.7,35.6,35.7,35.6,35.6,35.5,35.3,35.2,34.6,33.8,32.5,31.6,31.7,32.3,32.2,32.0,31.4,31.2,31.2,31.1,31.1,31.2,31.8,33.0,35.2,37.5,40.0,41.5,42.5,43.0,43.1,43.3,43.5,43.4,43.5,43.5,43.6,44.0,44.1,44.2,44.2,44.3,44.2,44.2,44.3,44.2,44.4,44.3,44.5,44.5,44.5,44.6,44.5,44.6,44.6,44.8,44.7,44.7,44.6,43.8,41.8,38.7,35.3,33.3,32.3,32.3,32.5,32.5,32.6,32.7,32.8,32.6,32.6,32.8,32.6,32.6,32.6,32.8,32.8,32.8,32.7,32.8,32.8,32.9,32.7,32.5,32.5,33.0,34.8,37.7,41.0,43.1,44.1,44.2,44.2,44.2,44.2,44.1,43.8,43.9,43.6,43.5,43.3,43.4,43.3,43.1,43.0,43.1,42.8,42.6,42.1,41.6,41.2,40.9,40.9,40.7,40.4,39.7,39.6,39.4,37.7,36.1,34.4,33.1,32.3,31.7,31.0,30.7,30.3,29.9,29.7,29.4,29.1,28.9,28.9,28.6,28.3,28.3,28.3,28.0,28.0,27.8,27.5,27.6,27.4,27.4,27.3,27.2,27.2,27.2,27.2,27.1,27.0,26.9,26.9,26.9,26.9,26.8,26.8,26.7,26.9,26.8,26.6,26.5,26.6,26.5,26.6,26.5
75,31.7,31.9,32.0,31.9,32.3,32.6,32.6,32.9,33.1,33.3,33.5,33.8,33.8,33.9,34.1,34.3,34.5,34.8,35.1,35.2,35.4,35.5,35.7,35.7,35.7,35.8,35.7,35.6,35.6,35.4,35.3,35.4,34.7,33.5,32.2,31.4,31.5,32.2,32.2,31.8,31.4,31.3,31.2,31.2,31.2,31.3,31.7,32.7,34.7,37.0,39.6,41.2,42.3,42.8,43.2,43.2,43.4,43.5,43.6,43.7,43.8,43.9,44.0,44.1,44.3,44.3,44.2,44.2,44.3,44.2,44.3,44.3,44.5,44.5,44.6,44.6,44.4,44.7,44.5,44.6,44.8,44.7,44.6,43.7,41.6,38.5,35.2,33.1,32.3,32.1,32.4,32.2,32.4,32.2,32.3,32.2,32.4,32.3,32.3,32.2,32.1,32.3,32.2,32.4,32.4,32.4,32.4,32.4,32.3,32.3,32.5,33.2,34.7,37.9,40.8,42.8,43.9,44.2,44.1,44.2,43.9,43.9,43.7,43.8,43.6,43.6,43.4,43.2,43.1,43.0,42.9,42.9,42.8,42.4,42.1,41.7,41.1,40.7,40.8,40.6,40.2,39.5,39.3,39.3,37.6,36.1,34.5,33.0,32.2,31.6,31.1,30.9,30.3,29.9,29.7,29.4,29.1,28.9,28.7,28.7,28.5,28.3,28.3,28.0,27.9,27.6,27.6,27.7,27.6,27.6,27.2,27.3,27.3,27.2,27.2,27.0,27.1,27.0,26.9,27.0,26.9,26.8,27.0,26.6,26.7,26.7,26.5,26.5,26.7,26.5,26.5,26.5
76,31.7,31.8,32.1,32.2,32.3,32.7,32.7,33.0,33.0,33.4,33.4,33.7,33.8,34.0,34.3,34.4,34.6,34.7,34.9,35.2,35.3,35.5,35.5,35.7,35.7,35.6,35.6,35.6,35.6,35.5,35.5,35.2,34.6,33.5,32.1,31.2,31.1,31.5,31.6,31.4,31.1,31.0,31.2,31.0,31.0,31.2,31.8,32.8,34.7,37.0,39.5,40.9,42.1,42.8,42.9,43.2,43.4,43.4,43.6,43.7,43.7,43.7,43.9,43.9,43.9,44.1,44.3,44.2,44.1,44.1,44.2,44.4,44.4,44.4,44.5,44.6,44.4,44.6,44.6,44.6,44.7,44.6,44.5,43.6,41.5,38.5,35.2,33.3,32.5,32.1,32.3,32.2,32.3,32.4,32.3,32.2,32.1,32.2,32.1,32.2,32.1,32.1,32.1,32.1,32.2,32.3,32.2,32.4,32.3,32.2,32.5,33.4,34.7,37.7,40.9,42.9,43.8,44.1,44.1,44.0,43.9,43.8,43.6,43.6,43.5,43.5,43.4,43.1,43.0,42.9,42.9,42.8,42.7,42.3,41.9,41.4,41.2,40.8,40.7,40.4,40.4,39.8,39.5,39.0,37.6,36.1,34.4,33.0,32.2,31.7,31.1,30.6,30.1,29.8,29.8,29.4,29.3,29.0,28.7,28.5,28.3,28.3,28.2,28.0,28.0,27.8,27.7,27.6,27.5,27.4,27.3,27.4,27.2,27.2,27.0,27.0,27.0,27.1,26.9,27.0,26.9,26.9,26.7,26.8,26.8,26.6,26.6,26.7,26.6,26.6,26.6,26.6
77,31.7,31.9,31.9,32.1,32.5,32.7,32.7,32.9,33.0,33.2,33.5,33.7,33.7,34.1,34.3,34.6,34.5,34.9,35.1,35.2,35.4,35.4,35.7,35.6,35.6,35.5,35.7,35.6,35.6,35.6,35.6,35.3,34.5,33.6,32.2,31.4,31.4,31.5,31.4,31.3,31.1,31.1,31.2,31.0,31.2,31.3,31.8,33.0,34.9,37.0,39.6,41.0,42.2,42.9,43.1,43.2,43.4,43.4,43.3,43.5,43.6,43.8,43.9,43.9,43.9,44.2,44.0,44.2,44.2,44.2,44.2,44.2,44.4,44.4,44.5,44.5,44.5,44.6,44.7,44.6,44.5,44.6,44.5,43.6,41.5,38.6,35.4,33.8,32.8,32.6,32.3,32.2,32.2,32.2,32.0,31.9,32.1,32.1,32.0,32.2,32.0,32.2,32.1,32.0,32.2,32.1,32.1,32.2,32.1,32.4,32.6,33.3,34.7,37.8,40.7,42.9,43.6,44.0,44.1,43.9,43.8,43.8,43.8,43.7,43.6,43.4,43.1,42.9,42.9,42.8,42.9,42.8,42.7,42.2,41.8,41.4,41.3,40.8,40.6,40.6,40.1,39.6,39.4,39.3,37.7,36.1,34.5,33.2,32.4,31.6,31.2,30.7,30.4,30.1,29.7,29.4,29.1,28.9,28.7,28.6,28.4,28.3,28.0,28.0,28.0,28.0,27.8,27.7,27.6,27.3,27.4,27.4,27.4,27.2,27.3,27.2,27.1,27.0,26.9,26.9,26.9,26.9,26.9,26.8,26.8,26.7,26.7,26.5,26.5,26.7,26.6,26.7
78,31.7,32.0,32.0,32.2,32.1,32.4,32.7,32.8,33.0,33.2,33.4,33.6,34.0,34.2,34.3,34.4,34.6,34.8,35.0,35.3,35.2,35.4,35.5,35.6,35.6,35.6,35.6,35.5,35.6,35.5,35.5,35.2,34.5,33.7,32.3,31.5,31.8,32.0,31.9,31.5,31.2,31.2,31.2,31.1,31.1,31.6,32.4,33.7,35.5,37.5,39.7,41.0,42.1,42.7,43.1,43.2,43.1,43.3,43.5,43.6,43.6,43.6,43.8,43.9,44.1,44.0,44.1,44.0,44.1,44.1,44.2,44.3,44.2,44.3,44.5,44.4,44.5,44.6,44.5,44.5,44.7,44.6,44.4,43.5,41.6,38.7,36.0,34.3,33.4,33.0,32.4,32.1,32.2,32.0,32.1,32.2,32.0,32.0,32.1,31.9,32.0,32.0,32.2,32.0,32.0,32.0,32.0,32.1,32.1,32.2,32.5,33.0,34.7,37.6,40.8,42.8,43.6,43.8,43.9,43.8,43.9,43.7,43.7,43.5,43.4,43.3,43.0,42.9,42.8,42.8,42.9,42.8,42.6,42.3,41.8,41.3,41.0,40.7,40.6,40.3,40.1,39.5,39.3,39.0,37.8,36.1,34.5,33.3,32.3,31.6,31.2,30.7,30.4,30.1,29.7,29.4,29.1,28.8,28.8,28.5,28.5,28.3,28.3,28.1,27.9,27.7,27.6,27.6,27.6,27.5,27.2,27.4,27.3,27.3,27.3,27.2,27.2,27.1,27.0,26.9,26.9,26.9,26.8,26.9,26.9,26.7,26.5,26.6,26.4,26.5,26.6,26.5
79,31.7,32.0,31.8,32.0,32.2,32.4,32.7,32.8,33.1,33.3,33.4,33.6,33.9,34.1,34.3,34.5,34.7,34.7,35.0,35.1,35.2,35.3,35.6,35.4,35.7,35.5,35.6,35.6,35.3,35.5,35.5,35.1,34.6,33.7,32.4,31.6,32.1,32.4,32.3,32.2,31.4,31.3,31.3,31.2,31.5,32.1,33.1,34.6,36.4,38.3,40.2,41.2,42.2,42.8,42.9,43.2,43.2,43.5,43.3,43.5,43.5,43.7,43.8,43.9,43.8,43.8,43.9,44.2,44.0,44.0,44.1,44.2,44.3,44.4,44.4,44.4,44.6,44.6,44.5,44.5,44.5,44.7,44.6,43.7,41.6,38.8,36.4,34.9,34.0,33.0,32.5,32.2,32.2,32.1,32.1,32.1,32.0,32.0,31.9,32.1,32.1,32.1,32.0,32.0,32.2,32.0,32.1,32.2,32.1,32.1,32.5,33.3,34.6,37.7,40.5,42.7,43.6,43.9,43.9,43.8,43.7,43.8,43.6,43.6,43.5,43.3,43.1,43.0,42.9,42.8,42.9,42.7,42.6,42.3,41.7,41.4,40.9,40.7,40.6,40.4,39.9,39.5,39.3,39.2,37.7,36.2,34.5,33.2,32.4,31.7,31.2,30.7,30.3,30.1,29.6,29.4,29.3,28.9,28.7,28.5,28.4,28.3,28.0,28.0,27.9,27.8,27.8,27.7,27.5,27.4,27.5,27.3,27.4,27.3,27.1,27.1,27.0,26.7,26.9,26.9,26.9,26.8,26.9,26.9,26.9,26.7,26.7,26.6,26.6,26.4,26.6,26.6
80,31.6,31.9,31.9,32.0,32.2,32.4,32.7,32.8,33.1,33.3,33.4,33.6,33.7,34.1,34.2,34.4,34.6,34.7,35.0,35.2,35.2,35.3,35.4,35.4,35.5,35.7,35.5,35.4,35.4,35.4,35.4,35.2,34.7,33.7,32.5,32.0,32.1,32.7,32.5,32.5,32.0,31.9,32.0,31.9,32.2,32.9,34.2,35.6,37.6,39.6,40.8,41.3,42.3,42.8,43.0,43.0,43.2,43.3,43.2,43.5,43.5,43.6,43.7,43.6,43.8,43.9,43.9,44.0,43.9,43.9,44.0,44.2,44.3,44.3,44.4,44.5,44.4,44.3,44.4,44.5,44.5,44.5,44.4,43.6,41.5,38.8,36.5,35.0,34.3,33.5,32.7,32.1,32.3,32.0,32.0,32.1,32.0,31.9,32.0,32.0,31.9,31.8,32.0,32.1,31.8,32.0,32.1,32.0,31.9,32.3,32.4,33.0,34.6,37.6,40.5,42.6,43.5,43.9,43.9,43.8,43.7,43.6,43.6,43.5,43.1,43.2,43.0,42.9,42.8,42.7,42.8,42.7,42.5,42.3,41.8,41.5,40.9,40.5,40.4,40.5,40.0,39.4,39.1,39.1,37.8,36.0,34.6,33.3,32.3,31.7,31.3,30.7,30.4,30.1,29.7,29.5,29.2,28.9,28.7,28.5,28.3,28.2,28.1,28.0,28.0,27.8,27.6,27.6,27.8,27.6,27.5,27.2,27.4,27.1,27.2,27.3,27.1,26.9,26.9,27.0,27.0,26.8,26.7,26.9,26.8,26.7,26.7,26.7,26.6,26.7,26.7,26.5
81,31.7,31.8,31.9,32.1,32.3,32.4,32.5,32.7,32.9,33.2,33.4,33.5,33.8,34.0,34.0,34.3,34.6,34.6,34.7,35.0,35.0,35.3,35.4,35.3,35.5,35.6,35.6,35.4,35.5,35.4,35.6,35.5,35.2,34.4,33.3,32.5,32.9,33.2,33.5,33.4,33.4,33.5,33.6,33.8,34.0,34.6,35.5,36.8,38.8,40.4,41.3,41.8,42.4,42.7,42.8,43.1,43.2,43.2,43.1,43.3,43.2,43.6,43.5,43.6,43.6,43.7,43.8,43.8,43.9,43.8,44.1,44.1,44.1,44.2,44.2,44.3,44.3,44.3,44.3,44.2,44.3,44.3,44.2,43.5,41.5,38.8,36.6,35.1,34.4,33.5,32.6,32.2,32.2,32.0,31.9,32.0,32.0,31.9,32.1,31.9,31.9,32.1,32.1,32.0,32.0,31.9,32.1,32.0,32.0,32.1,32.5,32.8,34.6,37.5,40.5,42.6,43.4,43.8,43.7,43.9,43.7,43.6,43.6,43.5,43.4,43.1,43.1,42.9,42.8,42.6,42.8,42.6,42.2,42.0,41.6,41.4,41.1,40.7,40.6,40.2,40.1,39.5,39.3,39.0,37.9,36.2,34.6,33.3,32.5,31.7,31.3,30.8,30.4,30.2,29.7,29.4,29.4,29.1,28.7,28.6,28.6,28.4,28.2,28.0,27.7,27.8,27.8,27.6,27.7,27.6,27.6,27.4,27.4,27.1,27.2,27.2,27.2,27.0,26.9,26.9,26.9,26.9,26.8,26.9,26.9,26.7,26.8,26.8,26.6,26.5,26.7,26.6
82,31.7,31.9,32.0,32.1,32.2,32.5,32.5,32.7,33.0,33.0,33.2,33.3,33.6,33.8,34.1,34.1,34.4,34.6,34.6,35.0,35.2,35.3,35.4,35.4,35.6,35.6,35.4,35.4,35.4,35.5,35.8,35.9,35.8,35.3,34.2,34.0,33.9,34.4,34.9,35.1,35.4,35.6,35.7,36.1,36.4,36.8,37.2,38.1,39.7,40.9,41.7,42.2,42.5,42.8,42.8,42.9,43.1,43.1,43.1,43.2,43.2,43.3,43.5,43.5,43.5,43.7,43.7,43.8,43.9,43.9,44.1,44.1,44.2,44.3,44.4,44.4,44.3,44.2,44.2,44.1,44.2,44.2,44.3,43.5,41.6,38.9,36.7,35.3,34.6,33.4,32.7,32.4,32.3,32.2,31.9,32.1,32.0,32.1,32.0,32.0,31.9,32.0,31.8,32.0,31.9,32.0,32.0,32.1,32.0,32.1,32.4,32.8,34.4,37.5,40.4,42.6,43.4,43.7,43.7,43.7,43.8,43.6,43.5,43.4,43.2,43.1,43.0,42.8,42.9,42.8,42.7,42.6,42.3,42.0,41.7,41.4,41.1,40.7,40.5,40.2,40.0,39.6,39.4,39.0,37.7,36.1,34.6,33.4,32.6,31.7,31.3,30.8,30.4,30.1,29.8,29.5,29.1,28.9,28.8,28.8,28.5,28.3,28.3,28.1,28.0,27.9,27.8,27.7,27.6,27.5,27.5,27.4,27.4,27.2,27.1,27.0,26.9,27.1,27.0,26.9,27.0,26.9,26.9,27.0,26.7,26.8,26.6,26.7,26.7,26.6,26.6,26.6
83,31.7,31.6,31.9,32.0,32.1,32.4,32.5,32.7,32.9,33.0,33.3,33.4,33.7,33.8,34.0,34.3,34.4,34.6,34.8,34.9,35.0,35.2,35.4,35.4,35.3,35.3,35.3,35.4,35.5,35.6,36.0,36.2,36.5,36.5,36.0,35.7,36.0,36.5,37.2,37.8,38.1,38.3,38.8,38.9,39.4,39.8,39.9,40.2,40.7,41.2,41.8,42.3,42.5,42.6,42.9,42.9,43.0,43.0,43.1,43.2,43.3,43.2,43.4,43.4,43.6,43.6,43.7,43.7,43.8,43.9,43.9,43.9,44.2,44.2,44.3,44.2,44.3,44.4,44.2,44.2,44.3,44.5,44.2,43.4,41.3,38.7,36.6,35.3,34.5,33.5,32.6,32.3,32.2,31.9,32.1,31.9,31.9,32.0,31.9,32.0,32.1,31.9,32.0,32.0,32.0,32.0,32.0,32.0,32.2,32.2,32.3,32.9,34.3,37.3,40.2,42.5,43.3,43.5,43.7,43.7,43.6,43.6,43.4,43.2,43.1,43.1,43.0,42.9,42.8,42.6,42.5,42.5,42.3,42.1,41.6,41.3,40.9,40.8,40.6,40.2,40.1,39.6,39.1,39.0,37.7,36.3,34.7,33.4,32.4,31.7,31.4,30.9,30.4,30.1,29.9,29.6,29.2,29.0,29.0,28.5,28.4,28.2,28.2,27.9,27.9,27.8,27.8,27.7,27.6,27.6,27.4,27.4,27.2,27.3,27.3,27.3,27.2,27.1,26.9,27.1,26.8,26.9,26.7,26.9,26.8,26.6,26.7,26.7,26.8,26.7,26.7,26.7
84,31.7,31.7,31.8,32.0,32.3,32.3,32.5,32.8,32.8,33.0,33.2,33.3,33.7,33.7,34.0,34.1,34.3,34.4,34.7,34.9,35.1,35.2,35.4,35.4,35.4,35.4,35.5,35.6,35.5,35.6,36.0,36.4,36.9,37.0,37.0,37.1,37.7,38.3,39.2,39.9,40.1,40.1,40.4,40.6,41.0,41.3,41.4,41.5,41.3,41.5,41.9,42.3,42.4,42.8,42.8,42.9,43.1,43.1,43.0,43.2,43.1,43.2,43.4,43.5,43.6,43.5,43.6,43.7,43.6,43.8,43.8,43.9,44.0,44.0,44.2,44.2,44.3,44.2,44.3,44.2,44.6,44.5,44.3,43.4,41.3,38.8,36.5,35.3,34.5,33.3,32.7,32.4,32.2,32.1,32.0,32.0,31.9,32.0,31.9,32.1,31.9,32.0,32.0,32.0,31.9,31.8,32.0,32.1,32.1,32.1,32.2,32.9,34.4,37.4,40.2,42.4,43.2,43.6,43.6,43.5,43.5,43.4,43.4,43.2,43.1,43.0,43.0,42.8,42.7,42.6,42.4,42.4,42.2,41.9,41.5,41.2,40.7,40.5,40.4,40.2,40.1,39.4,39.2,39.2,37.8,36.1,34.8,33.4,32.5,31.7,31.1,30.6,30.4,30.0,29.8,29.5,29.2,29.0,28.9,28.6,28.5,28.3,28.2,28.1,28.0,27.8,27.7,27.6,27.5,27.6,27.2,27.4,27.4,27.2,27.3,27.4,27.2,26.9,27.0,26.9,27.0,26.9,26.9,26.9,26.8,26.7,26.7,26.7,26.8,26.6,26.5,26.7
85,31.5,31.7,31.7,31.9,32.0,32.4,32.5,32.6,32.8,32.9,33.2,33.5,33.6,33.8,33.9,34.0,34.3,34.4,34.7,35.0,35.0,35.2,35.2,35.5,35.4,35.6,35.6,35.6,35.5,35.8,36.1,36.5,36.7,37.1,37.1,37.4,38.0,38.9,40.0,40.9,40.9,40.9,40.9,40.6,40.9,41.6,41.8,41.8,41.8,41.8,42.3,42.2,42.5,42.7,42.7,42.9,43.1,43.0,43.0,43.2,42.9,43.2,43.3,43.4,43.4,43.5,43.5,43.6,43.5,43.7,43.8,43.9,44.0,44.0,44.1,44.1,44.1,44.1,44.2,44.3,44.4,44.3,44.2,43.3,41.3,38.8,36.5,35.2,34.4,33.5,32.7,32.3,32.4,32.1,31.9,32.0,31.9,32.0,32.1,32.0,31.9,32.0,32.0,32.1,31.9,32.0,32.0,32.2,32.1,32.2,32.4,32.9,34.5,37.4,40.2,42.2,43.2,43.5,43.6,43.5,43.4,43.2,43.3,43.3,43.1,42.8,42.9,42.8,42.6,42.5,42.4,42.2,42.1,41.7,41.4,41.1,40.7,40.3,40.4,40.3,40.1,39.4,39.0,38.8,37.7,36.1,34.7,33.3,32.5,31.8,31.2,30.7,30.5,30.1,29.5,29.5,29.2,29.1,28.8,28.5,28.6,28.2,28.3,28.1,28.0,27.8,27.8,27.6,27.6,27.5,27.4,27.4,27.3,27.1,27.2,27.1,27.2,27.0,27.0,26.8,26.9,27.0,26.8,26.9,26.7,26.8,26.8,26.8,26.7,26.7,26.8,26.5
86,31.2,31.3,31.5,31.8,32.0,32.2,32.3,32.7,32.7,33.0,33.0,33.2,33.5,33.6,34.0,34.0,34.2,34.5,34.6,34.8,35.0,35.0,35.2,35.4,35.4,35.5,35.7,35.7,35.7,35.9,36.1,36.3,36.7,37.1,37.0,37.5,38.3,39.3,40.4,41.3,41.3,41.4,41.2,40.8,41.3,41.7,41.8,41.9,41.9,41.9,42.1,42.4,42.4,42.6,42.7,42.8,42.9,42.9,43.0,43.1,43.1,43.2,43.3,43.3,43.5,43.4,43.5,43.5,43.6,43.8,43.9,43.9,43.9,43.9,44.3,43.9,44.1,44.0,44.2,44.2,44.2,44.4,44.1,43.2,41.2,38.6,36.4,35.2,34.4,33.3,32.8,32.3,32.3,32.2,32.0,32.1,31.9,31.9,32.0,32.0,32.0,32.0,32.0,32.0,32.0,32.0,32.1,32.0,32.1,32.3,32.4,32.8,34.4,37.5,40.1,42.3,43.3,43.6,43.5,43.4,43.4,43.1,43.1,43.1,43.0,42.8,42.9,42.7,42.6,42.4,42.3,42.2,42.1,41.7,41.4,41.1,40.7,40.5,40.4,40.1,40.1,39.6,39.3,39.2,37.9,36.4,34.8,33.4,32.5,31.8,31.3,30.8,30.4,30.1,29.7,29.6,29.5,29.0,28.8,28.7,28.6,28.3,28.2,28.0,28.0,27.8,27.8,27.5,27.7,27.6,27.4,27.6,27.3,27.3,27.2,27.2,27.1,27.1,26.9,26.9,27.0,26.9,26.9,26.8,26.8,26.8,26.8,26.8,26.7,26.7,26.7,26.7
87,30.8,30.9,31.1,31.5,31.6,31.8,31.9,32.1,32.2,32.5,32.7,33.1,33.3,33.5,33.5,33.8,34.0,34.1,34.3,34.5,34.6,34.7,35.1,35.1,35.4,35.4,35.5,35.5,35.6,35.8,36.0,36.3,36.4,36.8,37.0,37.3,38.3,39.3,40.5,41.3,41.4,41.3,41.5,41.4,41.7,41.8,41.9,41.8,41.7,41.8,42.1,42.2,42.4,42.5,42.7,42.9,42.9,42.9,43.0,43.1,43.1,43.1,43.1,43.3,43.2,43.5,43.5,43.5,43.7,43.6,43.7,43.8,43.9,43.9,44.0,43.9,44.1,44.1,44.3,44.2,44.5,44.3,44.0,43.1,41.0,38.6,36.3,35.1,34.2,33.5,32.8,32.3,32.1,32.2,32.0,32.0,32.1,32.1,31.9,32.1,31.9,31.9,31.9,32.1,32.1,32.1,32.0,32.2,32.1,32.2,32.2,32.9,34.5,37.4,40.2,42.1,43.1,43.4,43.4,43.2,43.2,43.1,43.0,42.9,42.8,42.9,42.7,42.6,42.5,42.5,42.3,42.2,42.0,41.8,41.4,41.1,40.7,40.4,40.4,40.2,40.0,39.6,39.4,38.9,37.9,36.1,34.7,33.4,32.2,31.8,31.3,30.7,30.4,30.1,29.7,29.5,29.1,29.1,28.8,28.7,28.6,28.4,28.2,28.0,27.9,27.8,27.7,27.7,27.7,27.4,27.3,27.5,27.4,27.3,27.4,27.2,27.2,26.9,26.9,27.1,26.9,26.8,26.8,26.9,26.9,26.7,26.6,26.7,26.9,26.5,26.5,26.7
88,30.4,30.4,30.7,30.9,31.1,31.3,31.5,31.8,31.9,32.0,32.2,32.5,32.9,33.0,33.2,33.3,33.5,33.7,33.8,34.2,34.3,34.5,34.6,34.8,35.0,35.0,35.3,35.3,35.3,35.5,35.7,36.1,36.2,36.4,36.6,37.2,38.2,39.1,40.2,41.0,41.2,41.3,41.3,41.4,41.6,41.6,41.8,41.7,41.7,41.6,42.1,42.2,42.3,42.5,42.6,42.9,42.8,42.9,42.8,42.9,42.9,43.0,43.2,43.0,43.2,43.2,43.4,43.6,43.6,43.5,43.6,43.7,43.8,43.9,43.9,43.9,44.1,44.1,44.1,44.3,44.2,44.3,44.0,43.0,40.9,38.5,36.3,34.9,34.3,33.3,32.6,32.3,32.2,32.1,32.0,32.2,31.9,32.1,32.0,32.1,31.9,31.8,32.1,31.9,32.0,32.1,32.0,31.9,32.0,32.0,32.3,32.8,34.4,37.2,40.0,42.1,43.1,43.4,43.2,43.3,43.2,43.0,43.0,42.8,42.8,42.7,42.7,42.4,42.6,42.4,42.3,42.1,42.1,41.6,41.2,41.0,40.6,40.4,40.2,40.1,39.9,39.4,39.3,39.0,37.7,36.2,34.7,33.3,32.3,31.6,31.1,30.8,30.3,30.0,29.7,29.3,29.1,29.0,28.8,28.7,28.5,28.5,28.3,28.1,28.0,27.8,27.7,27.7,27.7,27.5,27.5,27.5,27.3,27.3,27.1,27.2,27.2,27.1,27.1,26.9,26.9,26.9,26.8,26.8,26.9,26.7,26.8,26.6,26.5,26.6,26.5,26.5
89,30.2,30.4,30.4,30.7,30.8,31.0,31.0,31.3,31.6,31.6,31.9,32.0,32.3,32.4,32.4,32.8,33.0,33.1,33.3,33.5,33.6,34.0,34.0,34.2,34.3,34.5,34.7,34.8,34.9,35.2,35.3,35.6,35.9,36.2,36.4,37.1,38.3,39.1,40.3,40.8,41.0,40.9,41.0,41.1,41.3,41.2,41.6,41.7,41.7,41.7,42.1,42.2,42.3,42.5,42.5,42.7,43.0,42.9,42.9,43.0,42.9,43.0,43.1,43.1,43.2,43.3,43.4,43.4,43.5,43.4,43.7,43.7,43.8,43.9,43.7,43.9,44.1,44.1,43.8,44.2,44.2,44.3,43.9,42.9,40.8,38.4,36.1,34.9,34.3,33.2,32.6,32.1,32.2,32.2,32.2,32.2,31.9,32.2,31.9,31.9,32.1,32.0,32.0,31.9,32.0,32.1,32.1,32.0,32.0,32.1,32.2,32.8,34.4,37.3,40.0,42.0,43.0,43.3,43.2,43.4,43.0,43.0,43.0,42.7,42.7,42.6,42.5,42.5,42.4,42.2,42.2,42.0,42.1,41.9,41.2,41.0,40.4,40.4,40.2,40.1,39.7,39.4,39.1,39.0,37.8,36.1,34.6,33.4,32.5,31.7,31.3,30.8,30.4,30.0,29.8,29.5,29.2,28.9,28.8,28.6,28.6,28.3,28.2,28.1,28.0,28.0,27.8,27.8,27.6,27.6,27.3,27.4,27.3,27.2,27.1,27.0,27.2,27.0,27.0,26.9,27.0,27.0,26.8,26.7,26.9,26.8,26.5,26.8,26.7,26.5,26.5,26.6
90,30.2,30.4,30.5,30.4,30.7,30.8,31.0,31.2,31.3,31.4,31.7,32.0,31.8,32.2,32.2,32.3,32.4,32.7,32.8,33.1,33.2,33.5,33.6,33.7,34.1,34.0,34.4,34.6,34.8,35.0,35.2,35.4,35.7,36.0,36.6,37.1,38.2,39.1,40.2,40.7,40.9,40.3,40.6,41.0,41.2,40.7,41.4,41.7,41.8,41.9,42.2,42.2,42.4,42.6,42.7,42.7,42.7,42.8,42.8,43.0,42.9,43.0,43.0,43.1,43.1,43.3,43.3,43.5,43.4,43.4,43.7,43.6,43.8,43.7,43.9,43.9,43.9,44.0,44.1,44.1,44.2,44.2,43.8,42.9,40.6,38.3,35.9,34.7,34.1,33.2,32.7,32.2,32.1,32.0,32.1,31.9,32.0,32.0,32.0,31.9,32.0,32.0,32.0,31.9,32.0,32.0,32.0,32.0,31.8,31.9,32.2,33.0,34.3,37.3,39.9,42.1,42.9,43.5,43.2,43.3,43.2,43.0,42.9,42.9,42.7,42.6,42.8,42.5,42.4,42.2,42.2,42.0,41.9,41.7,41.2,41.0,40.4,40.1,40.0,39.9,39.7,39.2,38.9,38.9,37.8,36.2,34.7,33.5,32.4,31.8,31.4,31.0,30.4,30.1,29.8,29.6,29.2,29.1,28.9,28.7,28.5,28.4,28.2,28.2,28.0,28.1,27.9,27.5,27.7,27.6,27.6,27.4,27.3,27.4,27.1,27.2,27.2,27.3,27.1,27.2,26.9,27.0,27.0,26.8,26.9,26.6,26.7,26.6,26.8,26.7,26.7,26.5
91,29.9,30.1,30.1,30.2,30.5,30.6,30.7,30.8,31.0,31.1,31.3,31.4,31.6,31.9,32.0,32.0,32.3,32.4,32.7,32.7,33.0,33.3,33.3,33.6,33.7,33.8,34.2,34.3,34.5,34.7,34.9,35.2,35.4,35.7,36.3,36.9,38.2,39.0,40.3,40.8,40.8,40.3,40.5,40.9,41.1,40.7,41.2,41.7,41.7,41.8,42.1,42.4,42.5,42.6,42.7,42.8,42.8,42.9,42.8,42.9,42.7,42.9,42.9,42.9,42.9,43.2,43.2,43.2,43.4,43.4,43.5,43.6,43.8,43.7,43.8,43.8,43.9,44.0,44.0,44.2,44.1,44.2,43.7,42.7,40.5,38.3,35.7,34.3,33.8,32.9,32.5,32.2,32.0,32.0,31.8,31.9,31.8,31.9,31.9,31.8,32.0,31.9,31.8,31.6,31.5,31.5,31.8,31.8,31.8,32.1,32.2,32.9,34.4,37.3,39.9,42.1,43.0,43.2,43.3,43.1,43.1,43.0,42.9,42.7,42.5,42.6,42.4,42.4,42.3,42.3,42.1,41.9,41.8,41.6,41.3,40.9,40.6,40.3,40.0,40.0,39.7,39.3,38.9,38.8,37.6,36.3,34.7,33.4,32.5,31.7,31.2,30.7,30.4,30.1,29.7,29.5,29.3,29.1,28.7,28.8,28.7,28.4,28.2,28.3,28.1,28.0,28.0,27.9,27.6,27.7,27.5,27.6,27.4,27.4,27.3,27.3,27.1,27.2,27.1,27.2,26.9,27.1,26.9,26.9,27.0,26.9,26.6,26.8,26.7,26.6,26.8,26.6
92,29.9,30.0,29.9,30.2,30.3,30.2,30.5,30.6,30.7,31.1,31.0,31.2,31.4,31.5,31.7,31.9,32.1,32.2,32.4,32.5,32.6,33.1,33.2,33.3,33.6,33.8,33.8,34.1,34.3,34.6,34.8,35.1,35.2,35.6,36.1,36.9,37.9,39.2,40.4,41.0,40.9,40.8,41.1,41.2,41.3,41.2,41.5,41.6,41.5,41.6,42.1,42.2,42.3,42.4,42.6,42.7,42.9,42.9,42.9,42.8,42.9,42.8,42.9,42.9,42.8,42.9,43.2,43.2,43.2,43.2,43.4,43.4,43.6,43.6,43.8,43.7,43.8,44.0,43.8,44.0,44.1,43.8,43.6,42.4,40.4,37.8,35.5,34.1,33.5,32.6,32.2,32.0,32.1,31.9,31.8,31.8,31.7,31.7,31.7,31.8,31.7,31.8,31.5,31.2,31.0,31.2,31.2,31.6,31.7,32.1,32.2,33.0,34.6,37.2,40.0,41.8,42.8,43.2,43.2,43.2,42.9,42.9,42.8,42.7,42.5,42.4,42.5,42.2,42.3,42.2,42.1,41.9,41.9,41.6,41.2,40.9,40.5,40.1,40.0,39.8,39.5,39.3,38.8,38.8,37.7,36.3,34.7,33.4,32.4,31.8,31.2,30.7,30.4,30.1,29.8,29.4,29.3,29.0,28.6,28.7,28.6,28.3,28.3,28.1,28.1,27.9,27.7,27.9,27.6,27.5,27.4,27.4,27.4,27.4,27.1,27.2,27.1,27.0,27.1,27.0,27.0,27.0,26.9,26.9,26.8,26.6,26.7,26.8,26.9,26.6,26.6,26.4
93,29.8,29.8,30.0,30.1,30.3,30.3,30.5,30.7,30.7,30.9,31.1,31.1,31.2,31.5,31.7,31.6,31.8,32.0,32.2,32.4,32.6,32.7,33.0,33.1,33.5,33.5,33.7,34.1,34.1,34.5,34.7,34.9,35.2,35.5,36.0,36.8,37.9,38.9,40.4,41.1,41.2,41.2,41.3,41.3,41.5,41.6,41.6,41.5,41.5,41.7,42.1,42.3,42.4,42.4,42.5,42.7,42.7,42.8,42.8,42.8,42.7,42.8,42.8,42.9,42.9,43.0,43.1,43.2,43.2,43.3,43.2,43.4,43.4,43.6,43.8,43.6,43.7,43.8,43.9,44.0,43.8,43.8,43.5,42.4,40.4,37.9,35.3,33.8,33.1,32.7,32.4,32.2,32.1,32.0,32.1,31.8,31.9,31.8,31.8,31.9,32.0,31.8,31.7,31.1,31.2,31.2,31.2,31.6,31.8,32.0,32.4,33.0,34.7,37.5,40.0,41.8,42.9,43.2,43.1,43.1,42.9,42.9,42.8,42.7,42.4,42.3,42.2,42.3,42.3,42.1,42.1,42.0,41.8,41.4,41.2,40.7,40.4,40.1,39.9,39.7,39.5,39.3,38.8,38.7,37.6,36.3,34.7,33.3,32.5,31.8,31.2,30.8,30.4,30.1,29.8,29.4,29.1,29.1,28.8,28.7,28.6,28.3,28.3,28.2,28.1,28.0,27.8,27.8,27.8,27.5,27.5,27.5,27.5,27.2,27.3,27.2,27.2,27.3,27.1,27.2,27.0,27.1,26.9,26.9,27.0,26.8,26.7,26.9,26.7,26.8,26.7,26.7
94,29.8,29.8,29.9,30.1,30.2,30.4,30.4,30.4,30.7,30.6,31.0,31.1,31.3,31.4,31.5,31.6,31.9,32.0,32.2,32.2,32.5,32.5,32.8,33.1,33.5,33.5,33.7,34.0,34.3,34.6,34.7,34.9,35.2,35.4,35.8,36.5,37.5,38.6,39.9,40.5,40.9,40.6,40.8,40.8,40.8,41.0,41.3,41.4,41.6,41.9,41.9,42.2,42.2,42.4,42.4,42.7,42.8,42.8,42.8,42.8,42.7,42.8,42.8,42.8,42.8,43.0,43.1,43.0,43.0,43.1,43.3,43.3,43.4,43.5,43.6,43.5,43.6,43.8,43.8,43.9,43.8,43.9,43.7,42.6,40.7,38.4,35.6,34.2,33.6,33.2,32.9,32.9,32.7,32.6,32.7,32.5,32.5,32.5,32.5,32.5,32.6,32.7,32.3,31.8,31.8,31.7,32.0,32.4,32.6,32.6,33.0,33.6,35.2,38.0,40.3,42.2,43.0,43.2,43.0,43.0,42.9,42.7,42.7,42.5,42.3,42.4,42.2,42.2,42.2,42.1,42.0,41.9,41.6,41.5,41.0,40.8,40.3,40.1,39.9,39.7,39.4,38.9,38.9,38.6,37.7,36.1,34.7,33.6,32.6,31.7,31.4,31.0,30.4,30.3,29.9,29.5,29.2,28.9,28.8,28.6,28.4,28.4,28.3,28.3,28.1,28.1,27.9,27.9,27.7,27.7,27.6,27.5,27.5,27.3,27.4,27.3,27.1,27.3,27.1,27.0,27.0,27.1,26.9,26.9,26.9,26.8,26.8,26.7,26.7,26.6,26.7,26.5
95,29.6,29.6,29.7,30.0,30.0,30.2,30.4,30.4,30.5,30.6,30.7,31.0,31.0,31.3,31.5,31.5,31.5,31.8,31.9,32.2,32.4,32.4,32.5,32.8,33.0,33.3,33.6,33.7,34.1,34.3,34.6,34.8,34.8,35.0,35.2,35.7,36.3,37.2,38.4,39.0,39.1,39.2,39.2,39.2,39.4,39.7,40.2,40.8,41.2,41.5,41.7,42.1,42.2,42.4,42.4,42.7,42.8,42.7,42.7,42.8,42.6,42.7,42.7,42.8,42.8,42.8,43.0,42.8,42.9,43.1,43.1,43.2,43.2,43.6,43.5,43.4,43.5,43.7,43.7,43.6,43.6,43.8,43.6,43.0,41.4,39.4,37.1,35.6,35.0,34.6,34.6,34.3,34.4,34.3,34.2,34.1,34.3,34.3,34.2,34.2,34.3,34.2,34.1,33.9,33.5,33.8,33.8,34.0,34.4,34.5,34.8,35.4,36.9,39.0,41.0,42.3,42.8,43.1,43.1,43.0,42.8,42.6,42.5,42.5,42.3,42.3,42.2,42.2,42.1,41.9,41.9,41.9,41.8,41.4,41.0,40.6,40.4,39.9,39.8,39.6,39.4,39.0,38.5,38.8,37.5,36.2,34.7,33.4,32.4,31.8,31.2,30.7,30.5,30.1,29.8,29.6,29.2,29.2,28.9,28.6,28.5,28.4,28.4,28.1,28.0,27.9,27.8,27.8,27.8,27.6,27.4,27.5,27.4,27.4,27.3,27.2,27.3,27.2,27.1,27.1,26.9,26.9,26.9,26.7,27.0,26.8,26.8,26.7,26.8,26.7,26.7,26.7
96,29.8,29.8,29.8,29.8,29.9,30.2,30.1,30.2,30.4,30.5,30.6,31.0,31.2,31.2,31.3,31.4,31.6,31.7,31.9,31.9,32.3,32.4,32.5,32.8,32.9,33.3,33.5,33.7,33.9,34.2,34.4,34.4,34.3,34.3,34.1,34.5,35.1,35.6,36.7,37.0,36.9,36.9,36.8,36.7,37.0,37.7,38.6,39.5,40.3,40.9,41.5,41.8,42.2,42.4,42.4,42.5,42.7,42.7,42.7,42.6,42.6,42.7,42.7,42.7,42.7,42.8,42.9,42.9,43.0,42.9,43.2,43.2,43.4,43.5,43.5,43.4,43.5,43.6,43.7,43.6,43.7,43.8,43.7,43.3,42.4,40.7,39.3,38.0,37.4,37.2,37.1,37.0,37.1,37.0,37.0,37.0,37.0,37.0,37.0,37.0,37.2,37.0,37.0,36.8,36.7,36.8,36.6,36.8,36.8,37.0,37.0,37.7,38.9,40.3,41.8,42.8,42.9,42.9,43.1,43.0,43.0,42.7,42.7,42.5,42.4,42.4,42.2,42.2,41.8,41.8,41.9,41.8,41.6,41.2,41.1,40.6,40.4,40.0,39.9,39.5,39.4,39.0,38.6,38.6,37.6,36.1,34.7,33.4,32.5,31.8,31.2,30.7,30.4,30.1,29.8,29.5,29.3,29.0,28.9,28.7,28.5,28.4,28.3,28.2,28.2,28.0,27.9,27.9,27.8,27.6,27.6,27.7,27.5,27.6,27.4,27.2,27.2,27.1,27.1,27.1,27.0,26.9,26.9,27.0,26.9,27.0,26.8,26.8,26.9,26.8,26.7,26.7
97,29.4,29.7,29.8,29.7,29.9,30.1,30.0,30.2,30.3,30.4,30.5,30.6,30.9,31.0,31.3,31.3,31.3,31.7,31.7,32.0,32.1,32.3,32.5,32.6,32.8,33.2,33.2,33.5,33.7,34.1,34.2,34.1,34.0,33.6,33.2,33.0,33.4,33.8,34.3,34.3,34.4,34.1,33.7,33.5,34.0,34.8,36.0,37.9,39.5,40.6,41.2,41.8,42.1,42.3,42.3,42.6,42.6,42.5,42.4,42.5,42.4,42.6,42.6,42.7,42.7,42.7,42.9,42.9,42.7,42.9,43.0,43.2,43.1,43.3,43.3,43.5,43.3,43.6,43.4,43.6,43.5,43.5,43.7,43.6,43.1,42.5,41.3,40.5,40.2,39.9,39.9,39.8,39.9,39.9,39.9,39.8,39.9,39.7,39.7,39.8,39.8,39.7,39.8,39.6,39.6,39.7,39.6,39.6,39.6,39.6,39.8,40.0,40.7,41.7,42.6,42.9,42.9,42.9,42.9,42.8,42.7,42.6,42.4,42.3,42.3,42.2,42.1,42.0,42.0,41.8,41.9,41.8,41.5,41.2,40.9,40.6,40.2,40.0,39.6,39.7,39.3,39.0,38.8,38.7,37.6,36.2,34.6,33.5,32.5,31.7,31.2,30.8,30.4,30.0,29.9,29.5,29.2,29.0,28.7,28.6,28.5,28.2,28.3,28.3,28.0,28.0,27.8,27.8,27.9,27.9,27.5,27.4,27.5,27.4,27.2,27.1,27.3,27.1,26.9,27.0,27.1,26.9,26.9,26.7,26.8,26.8,26.7,26.8,26.7,26.7,26.4,26.5
98,29.6,29.8,29.6,29.9,29.9,29.9,29.9,30.2,30.5,30.6,30.6,30.7,30.9,31.0,31.1,31.3,31.5,31.6,31.7,31.9,32.2,32.4,32.4,32.7,32.9,33.0,33.4,33.5,33.6,34.0,34.1,33.7,33.5,33.2,32.2,32.2,32.5,32.9,33.5,33.8,33.5,33.1,32.4,31.9,32.4,33.3,34.6,36.6,38.9,40.5,41.2,41.9,42.0,42.4,42.3,42.5,42.4,42.6,42.5,42.5,42.5,42.6,42.5,42.6,42.7,42.8,42.7,42.7,42.8,42.9,43.0,43.0,43.3,43.4,43.4,43.3,43.4,43.3,43.4,43.5,43.6,43.6,43.6,43.7,43.7,43.5,43.0,42.9,42.8,42.6,42.5,42.5,42.5,42.6,42.5,42.5,42.6,42.6,42.5,42.5,42.5,42.5,42.4,42.5,42.3,42.3,42.3,42.3,42.3,42.2,42.3,42.3,42.7,42.8,42.9,43.0,43.0,42.9,42.8,42.8,42.6,42.4,42.3,42.4,42.2,42.2,41.9,42.0,42.0,41.8,41.8,41.6,41.5,41.3,40.9,40.7,40.3,39.9,39.7,39.4,39.3,39.0,38.7,38.7,37.5,36.0,34.8,33.4,32.4,31.7,31.2,30.7,30.4,30.0,29.8,29.5,29.4,29.1,28.9,28.8,28.6,28.4,28.4,28.3,28.2,27.8,28.0,27.7,27.7,27.7,27.5,27.6,27.5,27.4,27.4,27.3,27.3,27.2,27.1,26.9,26.9,26.9,27.0,26.9,27.1,26.9,26.9,26.7,26.8,26.7,26.7,26.7
99,29.5,29.7,29.3,29.8,29.7,29.9,30.1,30.2,30.4,30.4,30.5,30.6,30.9,31.1,31.0,31.1,31.4,31.6,31.7,31.8,32.1,32.2,32.4,32.6,32.7,33.0,33.1,33.4,33.6,33.9,33.9,33.7,33.2,32.5,31.6,31.8,32.4,32.7,33.3,33.2,32.8,32.1,31.7,31.3,31.6,32.3,33.6,35.5,37.6,39.9,40.9,41.4,42.1,42.3,42.3,42.6,42.5,42.5,42.5,42.5,42.4,42.4,42.4,42.6,42.5,42.5,42.6,42.7,42.7,42.8,43.0,43.0,43.2,43.1,43.2,43.2,43.2,43.2,43.3,43.3,43.4,43.5,43.6,43.6,43.8,43.6,43.5,43.5,43.5,43.5,43.5,43.5,43.6,43.5,43.5,43.6,43.6,43.6,43.6,43.5,43.5,43.4,43.6,43.3,43.4,43.4,43.3,43.3,43.1,43.1,43.1,43.0,43.2,43.1,43.0,42.9,42.8,42.7,42.6,42.5,42.5,42.3,42.1,42.3,42.1,42.0,41.9,41.9,41.8,41.7,41.6,41.5,41.4,41.2,40.8,40.5,40.1,40.0,39.7,39.4,39.3,38.9,38.7,38.8,37.5,36.0,34.6,33.3,32.4,31.7,31.2,30.7,30.4,30.1,29.8,29.5,29.3,29.1,28.9,28.6,28.6,28.5,28.3,28.0,27.9,28.0,27.9,27.8,27.8,27.6,27.5,27.5,27.4,27.3,27.3,27.1,27.1,27.0,26.9,27.2,27.1,26.9,26.9,26.9,26.9,26.9,26.8,26.9,26.8,26.7,26.6,26.7
100,29.5,29.6,29.6,29.7,29.8,29.8,29.9,30.1,30.3,30.2,30.4,30.6,30.7,30.9,31.0,31.2,31.4,31.4,31.6,31.8,32.1,32.1,32.4,32.5,32.8,32.8,33.2,33.3,33.6,33.8,33.9,33.4,32.8,32.3,31.5,31.5,31.7,32.2,32.7,32.8,32.5,32.1,31.4,31.2,31.2,31.8,32.9,34.8,36.7,39.0,40.3,41.4,41.9,42.1,42.3,42.4,42.4,42.5,42.5,42.5,42.4,42.3,42.4,42.5,42.6,42.6,42.5,42.7,42.7,42.6,42.9,43.0,43.1,43.0,43.1,43.2,43.0,43.1,43.1,43.3,43.4,43.5,43.5,43.6,43.6,43.7,43.7,43.6,43.7,43.7,43.7,43.8,43.9,43.8,43.8,43.7,43.8,43.7,43.7,43.7,43.7,43.7,43.6,43.6,43.7,43.6,43.5,43.5,43.4,43.4,43.2,43.2,43.3,43.1,43.0,42.8,42.8,42.6,42.3,42.2,42.2,42.1,42.1,42.1,42.0,41.8,41.7,41.7,41.6,41.7,41.6,41.5,41.4,41.0,40.9,40.4,40.0,39.8,39.6,39.5,39.2,38.7,38.5,38.6,37.4,36.1,34.6,33.5,32.4,31.7,31.2,30.6,30.2,30.2,29.9,29.6,29.3,29.1,28.8,28.5,28.6,28.3,28.3,28.2,28.0,27.8,27.8,27.8,27.6,27.6,27.5,27.5,27.4,27.6,27.3,27.4,27.2,27.2,27.3,27.2,27.0,27.1,27.0,26.9,27.0,26.8,26.9,26.8,26.8,26.9,26.7,26.7
101,29.4,29.4,29.5,29.8,29.7,29.9,30.1,30.3,30.2,30.2,30.5,30.6,30.8,31.0,30.9,31.3,31.4,31.4,31.6,31.9,31.8,32.2,32.3,32.5,32.7,32.9,33.0,33.2,33.5,33.8,33.8,33.3,32.9,32.0,31.2,31.3,31.6,32.1,32.6,32.7,32.6,32.2,31.6,31.2,31.2,31.6,32.6,34.3,36.3,38.8,40.2,41.2,41.8,42.1,42.3,42.3,42.4,42.4,42.3,42.4,42.2,42.5,42.4,42.5,42.4,42.5,42.5,42.7,42.7,42.8,42.9,42.9,42.9,43.0,43.1,42.9,43.1,43.1,43.1,43.2,43.1,43.2,43.5,43.6,43.4,43.6,43.5,43.5,43.6,43.7,43.8,43.7,43.8,43.7,43.8,43.6,43.7,43.8,43.6,43.8,43.7,43.5,43.7,43.6,43.5,43.5,43.3,43.5,43.3,43.3,43.2,43.0,43.1,43.2,43.0,42.8,42.6,42.4,42.2,42.0,42.1,42.1,42.1,42.1,42.0,41.9,41.8,41.6,41.8,41.7,41.6,41.4,41.3,41.0,40.7,40.6,40.2,39.8,39.6,39.6,39.2,38.8,38.4,38.5,37.4,35.9,34.8,33.3,32.5,31.6,31.1,30.8,30.4,30.0,29.9,29.6,29.3,29.1,29.0,28.6,28.6,28.4,28.1,28.1,28.0,27.9,27.8,27.8,27.7,27.7,27.4,27.4,27.3,27.3,27.4,27.2,27.4,27.2,27.1,27.0,27.0,27.1,26.9,26.8,26.9,26.8,26.8,26.9,26.8,26.7,26.7,26.7
102,29.5,29.5,29.5,29.7,29.7,29.9,29.9,29.9,30.1,30.3,30.4,30.6,30.8,31.0,31.0,31.2,31.4,31.5,31.6,31.8,31.9,32.0,32.3,32.3,32.7,32.9,33.0,33.2,33.3,33.5,33.5,33.3,32.8,32.0,31.2,31.2,31.5,32.0,32.4,32.5,32.2,31.9,31.2,31.1,31.1,31.6,32.6,34.2,36.1,38.6,40.2,41.3,41.8,42.2,42.1,42.3,42.3,42.4,42.2,42.4,42.3,42.1,42.3,42.3,42.5,42.5,42.5,42.6,42.8,42.7,42.9,43.0,43.0,42.8,43.1,43.0,42.9,43.0,43.0,43.0,43.1,43.3,43.4,43.2,43.3,43.3,43.4,43.4,43.4,43.5,43.6,43.5,43.6,43.6,43.5,43.5,43.6,43.5,43.5,43.4,43.5,43.5,43.5,43.4,43.5,43.6,43.4,43.4,43.1,43.1,43.0,43.2,42.9,43.0,42.9,42.8,42.5,42.4,42.1,41.8,41.9,41.8,41.9,42.0,42.0,41.8,41.8,41.6,41.7,41.6,41.5,41.4,41.2,41.0,40.8,40.4,40.1,39.9,39.7,39.4,39.2,38.9,38.6,38.3,37.5,36.2,34.6,33.4,32.3,31.7,31.2,30.6,30.4,30.1,29.7,29.5,29.3,29.1,28.9,28.6,28.6,28.4,28.3,28.3,28.0,28.0,28.0,27.7,27.7,27.7,27.5,27.5,27.5,27.5,27.3,27.2,27.3,27.2,27.1,27.2,27.2,27.2,27.1,27.0,27.0,26.7,26.8,26.9,26.8,26.8,26.4,26.6
103,29.4,29.5,29.5,29.7,29.8,29.8,30.0,30.0,30.1,30.1,30.3,30.6,30.7,30.9,31.0,31.1,31.3,31.4,31.5,31.7,31.7,32.1,32.3,32.5,32.6,32.8,33.0,33.2,33.3,33.5,33.5,33.3,32.7,32.0,31.3,31.4,31.8,32.0,32.4,32.5,32.3,32.1,31.3,31.1,31.2,31.9,32.9,34.5,36.4,38.7,40.3,41.2,41.8,42.1,42.1,42.2,42.4,42.3,42.3,42.2,42.3,42.4,42.2,42.3,42.5,42.5,42.6,42.6,42.5,42.7,42.8,42.8,42.9,42.8,43.0,43.0,43.1,42.9,43.0,43.1,43.0,43.1,43.2,43.2,43.2,43.2,43.2,43.2,43.4,43.2,43.2,43.3,43.4,43.4,43.4,43.4,43.4,43.4,43.2,43.2,43.1,43.1,43.3,43.1,43.2,43.1,43.0,43.1,43.0,43.0,42.9,42.9,43.0,42.7,42.6,42.7,42.3,42.2,41.8,41.8,41.8,41.9,41.8,41.9,41.8,41.7,41.6,41.6,41.7,41.5,41.4,41.3,41.2,40.9,40.7,40.3,40.2,39.8,39.5,39.4,39.2,38.7,38.5,38.5,37.4,36.1,34.7,33.3,32.3,31.7,31.0,30.7,30.3,30.1,29.7,29.5,29.2,29.1,28.9,28.5,28.7,28.4,28.5,28.2,27.9,27.9,27.8,27.6,27.5,27.6,27.6,27.6,27.5,27.4,27.4,27.4,27.3,27.2,27.3,27.0,27.1,27.1,26.9,26.8,26.9,26.8,26.7,26.7,26.8,26.7,26.7,26.8
104,29.3,29.4,29.5,29.7,29.8,29.9,30.1,30.0,30.2,30.1,30.5,30.5,30.6,31.0,31.0,31.0,31.2,31.4,31.5,31.7,31.8,32.1,32.1,32.3,32.5,32.7,32.9,33.1,33.4,33.5,33.4,33.1,32.5,32.0,31.3,31.3,32.0,32.5,33.0,33.3,32.9,32.2,31.5,31.2,31.5,32.2,33.4,35.0,36.8,38.9,40.2,41.1,41.7,42.0,42.1,42.1,42.2,42.1,42.3,42.2,42.2,42.3,42.3,42.4,42.4,42.4,42.6,42.4,42.5,42.6,42.7,42.7,42.7,42.8,42.9,42.9,42.9,42.9,42.8,42.9,42.9,42.9,43.2,43.2,43.2,43.2,43.0,43.0,43.1,43.0,43.0,43.1,43.1,43.1,43.0,43.1,43.0,43.0,43.0,43.1,42.9,43.0,42.8,42.9,42.8,42.8,42.9,42.9,42.9,42.8,42.8,42.7,42.8,42.7,42.7,42.3,42.4,42.3,41.9,41.7,41.8,41.8,41.7,41.7,41.7,41.7,41.6,41.5,41.6,41.4,41.5,41.4,41.1,41.0,40.6,40.2,40.0,39.6,39.6,39.5,39.1,38.7,38.6,38.5,37.4,36.0,34.6,33.3,32.2,31.7,31.2,30.7,30.4,30.0,29.8,29.5,29.3,29.1,29.1,28.8,28.6,28.5,28.3,28.3,28.4,28.1,27.8,27.8,27.7,27.7,27.6,27.7,27.5,27.4,27.3,27.2,27.3,27.3,27.1,27.2,27.0,27.1,27.1,27.1,27.0,26.9,26.8,26.7,26.8,26.7,26.9,26.6
105,29.5,29.5,29.4,29.7,29.7,29.9,29.8,30.1,30.1,30.2,30.4,30.6,30.6,30.7,30.9,31.1,31.1,31.3,31.5,31.6,31.7,32.0,32.1,32.2,32.5,32.7,33.0,33.0,33.2,33.4,33.3,33.1,32.7,32.0,31.3,31.6,32.2,33.1,33.3,33.5,32.8,32.3,31.7,31.7,31.9,32.8,34.3,35.9,37.7,39.5,40.4,41.1,41.6,41.8,41.9,42.1,42.1,42.1,42.0,42.1,42.2,42.1,42.3,42.3,42.5,42.4,42.5,42.4,42.5,42.5,42.6,42.7,42.8,42.7,42.8,42.8,42.9,42.8,42.8,42.8,42.9,43.1,43.0,43.0,43.1,42.9,43.0,42.8,42.8,43.0,43.0,42.9,43.0,42.9,42.8,42.9,42.9,42.9,42.9,42.8,42.8,42.7,42.8,42.8,42.7,42.8,42.8,42.6,42.6,42.7,42.5,42.6,42.7,42.5,42.4,42.3,42.2,42.1,42.0,42.0,41.9,41.8,41.7,41.7,41.6,41.6,41.5,41.5,41.4,41.4,41.2,41.3,41.1,41.0,40.6,40.3,39.7,39.4,39.4,39.2,39.0,38.4,38.3,38.4,37.2,35.8,34.6,33.2,32.4,31.8,31.1,30.7,30.3,30.1,29.8,29.4,29.3,29.1,28.9,28.6,28.5,28.5,28.3,28.1,28.1,28.0,27.8,27.8,27.8,27.7,27.6,27.5,27.5,27.4,27.4,27.3,27.4,27.2,27.2,27.1,27.0,27.1,26.9,26.9,26.9,26.9,26.7,26.6,26.9,26.7,26.6,26.7
106,29.3,29.5,29.6,29.6,29.6,29.7,29.9,30.1,30.1,30.2,30.4,30.4,30.6,30.7,31.0,31.0,31.2,31.3,31.4,31.5,31.8,31.9,32.0,32.3,32.5,32.5,32.9,33.2,33.2,33.5,33.6,33.2,32.8,32.3,31.7,31.8,32.4,33.0,33.7,34.0,33.6,33.3,32.5,32.5,32.9,34.1,35.1,37.0,38.9,40.1,40.8,41.4,41.5,41.7,41.8,41.9,41.9,42.0,42.1,42.2,42.1,42.1,42.3,42.2,42.4,42.3,42.5,42.4,42.4,42.4,42.6,42.6,42.7,42.6,42.8,42.7,42.8,42.7,42.8,42.7,42.7,42.8,43.1,43.0,43.0,42.9,42.8,42.8,42.9,42.8,42.9,42.8,42.9,42.8,42.8,42.8,42.7,42.8,42.7,42.7,42.6,42.6,42.7,42.5,42.7,42.6,42.6,42.6,42.4,42.5,42.5,42.5,42.5,42.5,42.5,42.3,42.3,42.2,41.9,41.8,41.7,41.8,41.6,41.6,41.6,41.5,41.4,41.5,41.4,41.3,41.3,41.1,40.9,40.8,40.5,40.2,39.8,39.4,39.3,39.2,38.9,38.6,38.3,38.2,37.3,35.9,34.3,33.1,32.3,31.7,31.0,30.7,30.3,30.0,30.0,29.5,29.2,29.1,28.8,28.8,28.5,28.3,28.4,28.2,28.2,27.9,27.8,27.7,27.6,27.6,27.6,27.4,27.4,27.2,27.2,27.4,27.2,27.3,27.2,27.1,27.2,27.0,27.1,27.0,27.0,26.9,26.9,26.8,26.7,26.6,26.7,26.8
107,29.5,29.4,29.3,29.5,29.7,29.8,29.8,30.0,30.1,30.1,30.2,30.4,30.6,30.8,31.0,30.9,31.0,31.3,31.3,31.6,31.5,31.8,32.0,32.1,32.3,32.4,32.7,32.9,33.1,33.4,33.5,33.3,33.2,32.8,32.5,32.6,33.2,33.9,34.7,35.0,35.2,35.0,34.4,34.3,34.7,35.5,36.6,38.3,39.6,40.6,41.0,41.4,41.5,41.6,41.7,41.9,41.9,42.0,42.0,42.0,42.1,42.0,42.0,42.1,42.3,42.3,42.3,42.3,42.3,42.4,42.5,42.4,42.6,42.5,42.7,42.6,42.7,42.6,42.6,42.7,42.7,42.7,42.8,42.9,42.8,42.9,42.9,42.8,42.7,42.9,42.9,42.7,42.8,42.8,42.8,42.7,42.7,42.8,42.6,42.6,42.6,42.7,42.6,42.8,42.6,42.5,42.5,42.6,42.5,42.4,42.4,42.4,42.3,42.5,42.3,42.1,42.0,42.0,41.9,41.9,41.7,41.6,41.5,41.3,41.4,41.3,41.3,41.3,41.3,41.1,41.3,41.1,40.9,40.6,40.4,40.2,39.9,39.7,39.4,39.2,39.0,38.6,38.3,38.3,37.4,35.9,34.4,33.1,32.2,31.4,30.9,30.6,30.2,29.9,29.7,29.4,29.1,28.9,28.6,28.6,28.6,28.4,28.3,28.3,28.2,27.9,27.8,27.8,27.6,27.5,27.2,27.3,27.4,27.3,27.2,27.2,27.2,27.2,27.3,27.0,27.2,27.0,27.0,26.8,26.8,26.9,26.8,26.8,26.9,26.6,26.6,26.6
108,29.5,29.5,29.5,29.7,29.7,29.7,29.9,30.0,30.2,30.2,30.3,30.3,30.7,30.8,30.8,30.9,31.1,31.3,31.4,31.3,31.7,31.6,32.0,32.0,32.4,32.6,32.7,33.0,33.2,33.5,33.5,33.7,33.6,33.5,33.4,33.7,34.3,35.0,35.9,36.5,36.8,37.0,36.9,36.8,37.2,37.6,38.2,39.3,40.2,40.6,41.1,41.5,41.4,41.6,41.6,41.7,41.8,41.7,41.9,42.1,41.8,41.9,42.0,42.0,42.1,42.1,42.1,42.1,42.1,42.2,42.2,42.3,42.3,42.4,42.6,42.6,42.6,42.5,42.6,42.7,42.6,42.6,42.7,42.8,42.7,42.8,42.6,42.9,42.7,42.7,42.7,42.7,42.8,42.7,42.6,42.6,42.6,42.7,42.6,42.6,42.7,42.5,42.5,42.6,42.6,42.6,42.6,42.5,42.5,42.5,42.4,42.2,42.4,42.4,42.2,42.0,41.9,41.9,41.8,41.6,41.7,41.6,41.4,41.4,41.4,41.4,41.4,41.3,41.2,41.2,41.1,40.9,41.0,40.6,40.2,40.0,39.8,39.5,39.4,39.1,39.0,38.7,38.4,38.3,37.2,35.9,34.4,33.2,32.2,31.4,31.0,30.6,30.3,29.9,29.7,29.5,29.2,28.9,29.0,28.5,28.5,28.4,28.4,28.1,28.0,27.8,27.9,27.8,27.8,27.6,27.5,27.4,27.4,27.3,27.2,27.2,27.3,27.2,27.1,27.1,27.2,26.9,26.9,26.8,27.0,26.8,26.7,26.8,26.6,26.7,26.6,26.6
109,29.3,29.5,29.4,29.5,29.6,29.7,29.8,30.0,30.1,30.2,30.3,30.3,30.6,30.6,30.7,30.9,31.0,31.1,31.0,31.5,31.4,31.7,31.9,32.0,32.3,32.4,32.5,32.9,33.2,33.3,33.4,33.9,33.9,34.1,34.3,35.1,35.9,36.7,37.9,38.4,38.7,39.2,39.3,39.1,39.3,39.3,39.6,39.7,40.2,40.5,40.8,41.0,41.1,41.3,41.4,41.4,41.4,41.6,41.5,41.5,41.5,41.5,41.6,41.7,41.6,41.7,41.7,41.7,41.8,41.8,41.8,42.1,42.1,42.3,42.2,42.4,42.5,42.3,42.4,42.6,42.7,42.7,42.7,42.7,42.8,42.7,42.5,42.7,42.7,42.8,42.7,42.8,42.8,42.5,42.7,42.6,42.6,42.8,42.7,42.6,42.4,42.5,42.5,42.6,42.6,42.6,42.5,42.5,42.3,42.3,42.2,42.1,42.3,42.2,42.0,41.9,41.8,41.8,41.7,41.6,41.6,41.6,41.4,41.4,41.3,41.2,41.2,41.1,41.0,41.0,41.0,41.0,40.9,40.6,40.3,40.1,39.6,39.4,39.4,39.1,39.1,38.6,38.3,38.2,37.2,35.7,34.3,33.2,32.2,31.5,31.0,30.6,30.4,29.9,29.8,29.3,29.2,28.8,28.8,28.5,28.5,28.4,28.3,28.3,28.0,27.9,27.8,27.9,27.7,27.6,27.5,27.5,27.5,27.4,27.3,27.1,27.4,27.2,27.1,26.9,27.0,27.0,26.9,26.8,26.9,26.9,26.8,26.7,26.8,26.7,26.7,26.6
110,29.3,29.4,29.3,29.5,29.6,29.8,29.7,29.9,29.9,30.1,30.4,30.4,30.5,30.6,30.5,30.8,31.0,31.2,31.2,31.3,31.5,31.7,32.0,32.2,32.1,32.2,32.6,32.7,32.9,33.4,33.4,33.9,34.2,34.4,35.1,35.8,37.0,38.0,39.1,39.5,39.9,40.0,40.2,40.0,40.0,39.9,39.9,39.8,39.9,40.2,40.3,40.6,40.5,40.6,40.6,40.8,40.8,40.8,40.8,40.9,41.0,40.8,40.9,41.0,40.9,40.9,41.0,40.9,41.1,41.0,41.3,41.3,41.5,41.8,42.0,42.1,42.2,42.3,42.3,42.4,42.4,42.6,42.5,42.6,42.7,42.7,42.5,42.5,42.6,42.6,42.6,42.6,42.8,42.7,42.8,42.6,42.7,42.8,42.6,42.6,42.6,42.6,42.6,42.6,42.7,42.6,42.6,42.4,42.4,42.2,42.1,42.1,42.1,42.0,41.9,41.8,41.7,41.5,41.5,41.6,41.5,41.5,41.4,41.2,41.1,41.1,41.1,41.1,41.1,41.0,40.9,40.9,40.8,40.4,40.1,40.1,39.3,39.3,39.3,39.2,38.8,38.5,38.2,38.3,37.1,35.8,34.4,33.1,32.3,31.5,31.1,30.5,30.2,29.9,29.7,29.5,29.2,29.0,28.9,28.6,28.3,28.3,28.3,28.2,28.1,28.1,27.9,27.7,27.8,27.6,27.5,27.6,27.4,27.2,27.2,27.3,27.2,27.0,27.1,26.9,27.1,26.9,26.9,27.0,26.9,26.9,26.7,26.7,26.7,26.6,26.6,26.7
111,29.4,29.5,29.4,29.7,29.7,29.7,29.9,30.1,30.0,30.1,30.2,30.2,30.4,30.6,30.6,30.8,31.0,31.0,31.2,31.3,31.5,31.5,31.8,32.0,32.1,32.4,32.6,32.8,33.1,33.4,33.7,33.9,34.1,34.6,35.3,36.3,37.3,38.6,39.6,40.1,40.4,40.3,40.5,40.2,39.8,39.6,39.4,39.5,39.5,39.6,39.8,39.6,39.7,39.9,40.0,39.8,40.0,40.0,40.0,40.1,40.1,40.3,40.2,40.1,40.3,40.1,40.3,40.4,40.3,40.2,40.4,40.6,40.8,41.1,41.4,41.5,41.7,41.8,41.9,42.3,42.3,42.5,42.7,42.6,42.7,42.5,42.6,42.6,42.6,42.6,42.6,42.8,42.7,42.8,42.7,42.7,42.6,42.6,42.6,42.6,42.5,42.6,42.5,42.8,42.6,42.6,42.5,42.5,42.2,42.2,42.1,42.0,42.1,42.0,41.7,41.8,41.5,41.7,41.6,41.5,41.3,41.3,41.3,41.2,41.1,41.0,41.1,40.9,40.9,40.9,41.0,40.8,40.7,40.4,40.1,40.0,39.6,39.3,39.2,39.3,39.0,38.5,38.3,38.1,37.2,35.7,34.4,33.2,32.2,31.4,31.0,30.6,30.3,30.0,29.7,29.5,29.2,29.0,28.9,28.6,28.6,28.4,28.4,28.1,28.1,28.1,28.0,27.8,27.9,27.7,27.4,27.4,27.5,27.4,27.3,27.3,27.2,27.1,27.2,26.9,27.0,26.9,26.9,26.8,27.0,26.8,26.9,26.9,26.8,26.7,26.7,26.7
112,29.2,29.3,29.3,29.5,29.5,29.8,29.7,29.8,30.0,30.1,30.2,30.2,30.6,30.5,30.5,30.7,30.8,30.9,31.1,31.2,31.2,31.5,31.7,31.9,32.1,32.3,32.4,32.6,32.9,33.2,33.6,34.0,34.3,34.6,35.3,36.3,37.4,38.5,39.5,39.9,40.1,40.0,39.9,39.8,39.6,39.1,39.0,38.9,39.0,39.0,39.2,39.0,39.3,39.2,39.3,39.1,39.5,39.3,39.4,39.5,39.3,39.5,39.5,39.4,39.4,39.5,39.4,39.6,39.4,39.4,39.5,39.8,39.8,39.9,40.2,40.3,40.5,40.8,41.3,41.9,42.1,42.3,42.5,42.6,42.5,42.5,42.3,42.3,42.5,42.5,42.8,42.7,42.6,42.8,42.6,42.6,42.6,42.6,42.5,42.5,42.7,42.6,42.5,42.6,42.6,42.5,42.5,42.4,42.3,42.1,42.0,42.0,41.9,41.9,41.6,41.6,41.5,41.4,41.4,41.5,41.4,41.3,41.2,41.1,41.1,41.0,41.0,40.9,41.0,40.8,40.7,40.7,40.6,40.4,40.2,40.0,39.7,39.4,39.2,39.2,39.1,38.7,38.4,38.0,37.2,35.8,34.4,33.2,32.2,31.5,30.9,30.6,30.3,29.9,29.9,29.5,29.2,28.9,28.7,28.6,28.5,28.4,28.2,28.1,28.0,27.8,27.8,27.8,27.7,27.7,27.6,27.5,27.5,27.3,27.2,27.3,27.2,27.0,27.0,27.1,26.9,27.1,27.0,26.8,26.9,26.8,26.7,26.8,26.7,26.7,26.6,26.7
113,29.3,29.4,29.3,29.6,29.6,29.5,29.9,29.9,29.9,30.0,30.2,30.4,30.4,30.5,30.6,30.7,31.0,31.1,31.2,31.3,31.5,31.5,31.6,31.9,32.0,32.1,32.4,32.6,32.9,33.3,33.4,33.8,34.4,34.7,35.5,36.4,37.1,38.0,38.9,39.3,39.5,39.8,39.7,39.6,39.3,39.0,39.0,39.0,39.0,39.0,39.2,39.0,38.9,39.2,39.2,39.3,39.2,39.4,39.3,39.4,39.4,39.3,39.4,39.4,39.3,39.6,39.4,39.3,39.1,39.2,39.2,39.2,39.1,39.3,39.2,39.1,39.4,39.8,40.6,41.4,42.1,42.2,42.4,42.5,42.5,42.4,42.4,42.5,42.6,42.4,42.7,42.7,42.7,42.7,42.7,42.7,42.7,42.6,42.6,42.6,42.7,42.5,42.6,42.7,42.6,42.6,42.6,42.3,42.2,42.0,42.1,41.9,41.9,41.7,41.7,41.5,41.4,41.3,41.2,41.3,41.3,41.2,41.2,41.0,41.2,41.0,41.0,40.8,40.7,40.7,40.8,40.7,40.6,40.3,40.1,39.8,39.6,39.4,39.2,39.2,38.9,38.7,38.3,38.1,37.1,35.7,34.3,33.0,32.0,31.5,31.0,30.7,30.1,29.9,29.8,29.4,29.1,28.7,28.8,28.5,28.5,28.4,28.2,28.0,27.9,27.7,27.8,27.8,27.6,27.6,27.6,27.6,27.4,27.2,27.2,27.2,27.1,27.2,27.0,27.0,26.9,27.0,27.0,26.9,26.9,27.0,26.7,26.7,26.8,26.7,26.8,26.6
114,29.3,29.5,29.3,29.5,29.5,29.7,29.7,29.9,29.9,30.1,30.1,30.2,30.4,30.6,30.6,30.7,31.0,31.0,31.1,31.3,31.3,31.5,31.8,31.9,32.1,32.2,32.6,32.7,32.8,33.2,33.5,33.9,34.2,34.8,35.6,36.2,37.1,37.7,38.1,38.5,38.8,39.2,39.3,39.4,39.3,39.3,39.2,39.3,39.4,39.3,39.5,39.3,39.4,39.4,39.3,39.5,39.5,39.4,39.5,39.6,39.5,39.5,39.6,39.6,39.5,39.4,39.4,39.4,39.3,39.1,39.0,38.9,38.8,38.5,38.2,38.0,38.2,38.9,39.9,41.0,42.0,42.3,42.4,42.4,42.4,42.4,42.4,42.4,42.4,42.6,42.5,42.8,42.7,42.6,42.6,42.6,42.7,42.7,42.6,42.6,42.5,42.5,42.6,42.6,42.4,42.4,42.5,42.3,42.1,42.1,41.8,41.8,41.7,41.6,41.5,41.4,41.4,41.3,41.2,41.2,41.2,41.2,41.1,41.1,41.0,40.9,40.8,40.7,40.7,40.7,40.7,40.6,40.5,40.3,39.9,39.9,39.5,39.3,39.2,38.8,38.7,38.5,38.3,38.1,37.1,35.7,34.2,32.9,32.2,31.5,30.9,30.6,30.2,29.9,29.6,29.4,29.1,29.0,28.9,28.6,28.4,28.3,28.4,28.1,27.9,27.9,27.8,27.8,27.7,27.7,27.6,27.6,27.2,27.4,27.4,27.3,27.2,27.1,27.2,26.9,26.9,26.9,26.9,26.9,26.9,26.7,26.7,26.8,26.8,26.7,26.7,26.8
115,29.2,29.4,29.5,29.3,29.5,29.6,29.7,30.1,29.9,29.9,30.2,30.4,30.3,30.6,30.6,30.8,30.9,31.0,31.1,31.3,31.4,31.4,31.6,31.8,32.2,32.2,32.4,32.5,32.9,33.2,33.5,33.8,34.3,34.8,35.6,36.3,36.9,37.4,37.9,38.1,38.2,38.7,39.2,39.3,39.2,39.3,39.5,39.5,39.6,39.5,39.6,39.6,39.5,39.7,39.6,39.6,39.5,39.5,39.6,39.6,39.5,39.6,39.4,39.6,39.4,39.4,39.3,39.3,39.1,38.9,38.8,38.5,38.3,38.0,37.5,37.3,37.7,38.6,39.6,40.8,41.9,42.3,42.3,42.4,42.3,42.4,42.2,42.3,42.4,42.4,42.5,42.6,42.6,42.5,42.6,42.5,42.5,42.5,42.6,42.4,42.5,42.5,42.6,42.7,42.5,42.6,42.5,42.3,42.1,42.0,41.9,41.7,41.8,41.6,41.3,41.2,41.2,41.0,41.0,41.0,41.2,41.0,41.1,40.9,40.9,40.9,40.8,40.8,40.8,40.6,40.7,40.5,40.6,40.2,39.9,39.7,39.3,39.1,39.1,38.8,38.6,38.3,37.9,38.1,37.1,35.5,34.3,33.0,32.2,31.4,30.8,30.4,30.2,29.8,29.7,29.2,29.3,29.0,28.7,28.4,28.3,28.3,28.4,28.0,27.9,27.9,27.8,27.9,27.6,27.5,27.5,27.6,27.5,27.4,27.4,27.3,27.3,27.2,27.0,27.1,27.0,26.8,26.9,26.9,26.9,26.9,26.7,26.7,26.8,26.6,26.7,26.7
116,29.2,29.3,29.4,29.5,29.3,29.6,29.7,29.7,29.7,29.8,30.1,30.1,30.4,30.5,30.4,30.6,30.8,30.8,31.0,31.2,31.4,31.4,31.5,31.9,31.8,32.0,32.2,32.4,32.8,33.0,33.4,33.7,34.3,34.8,35.6,36.1,36.9,37.2,37.6,37.9,38.3,38.5,38.8,39.0,39.2,39.1,39.2,39.3,39.4,39.3,39.4,39.2,39.3,39.4,39.4,39.4,39.4,39.3,39.3,39.3,39.3,39.2,39.4,39.2,39.2,39.1,39.1,39.1,38.8,38.8,38.7,38.5,38.3,38.0,37.6,37.5,37.8,38.7,39.7,40.9,41.9,42.3,42.3,42.4,42.3,42.2,42.2,42.2,42.3,42.4,42.5,42.5,42.6,42.5,42.5,42.5,42.5,42.6,42.6,42.6,42.5,42.6,42.6,42.6,42.5,42.5,42.4,42.2,42.0,41.9,41.8,41.7,41.6,41.3,41.2,40.8,40.5,40.7,40.7,41.0,40.9,40.9,41.0,40.9,40.9,40.8,40.8,40.7,40.7,40.6,40.6,40.7,40.4,40.3,40.0,39.7,39.4,39.0,38.9,38.9,38.5,38.1,37.8,37.9,36.9,35.6,34.4,33.1,32.1,31.4,30.9,30.4,30.2,30.0,29.7,29.5,29.2,29.0,28.9,28.5,28.5,28.3,28.2,28.1,28.0,28.0,27.9,27.8,27.6,27.7,27.5,27.6,27.4,27.4,27.4,27.3,27.3,27.1,26.9,27.1,27.1,27.0,27.1,26.7,26.8,26.7,26.7,26.7,26.8,26.7,26.7,26.7
117,29.3,29.4,29.3,29.5,29.5,29.7,29.8,29.7,29.8,30.0,30.1,30.0,30.2,30.4,30.4,30.6,30.7,31.0,31.0,31.2,31.2,31.4,31.5,31.6,32.0,32.0,32.4,32.4,32.8,33.0,33.3,33.8,34.1,34.8,35.6,36.1,37.3,37.5,38.0,38.5,38.6,38.7,38.8,38.9,38.9,39.0,39.1,39.1,39.1,39.3,39.2,39.3,39.2,39.3,39.1,39.1,39.3,39.2,39.2,39.1,39.1,39.2,39.0,39.1,39.1,39.0,39.0,38.9,38.8,38.7,38.6,38.6,38.6,38.6,38.7,38.6,38.9,39.6,40.3,41.2,41.9,42.2,42.4,42.3,42.3,42.2,42.2,42.2,42.3,42.4,42.5,42.5,42.5,42.4,42.5,42.7,42.4,42.5,42.5,42.5,42.6,42.5,42.5,42.4,42.4,42.4,42.2,42.2,41.9,41.7,41.7,41.5,41.5,41.0,40.5,40.0,39.6,40.0,40.2,40.6,40.9,40.8,40.9,41.0,40.7,40.8,40.8,40.7,40.7,40.7,40.6,40.5,40.4,40.1,39.8,39.8,39.6,39.2,39.0,38.8,38.8,38.3,38.0,37.9,37.0,35.6,34.1,32.8,32.0,31.4,30.9,30.4,30.0,29.9,29.6,29.3,29.0,28.9,28.7,28.6,28.4,28.3,28.1,28.2,28.0,27.9,28.0,27.7,27.8,27.6,27.5,27.6,27.2,27.4,27.3,27.2,27.2,27.1,27.2,27.0,27.1,27.0,26.8,27.0,26.9,26.7,26.8,26.8,26.7,26.7,26.7,26.8
118,29.3,29.3,29.4,29.6,29.5,29.6,29.7,29.7,30.0,29.8,30.1,30.2,30.4,30.3,30.4,30.6,30.6,30.9,31.1,31.2,31.4,31.4,31.6,31.7,31.8,32.0,32.2,32.5,32.7,33.2,33.3,33.8,34.1,34.7,35.4,36.3,37.4,38.1,38.9,39.0,39.2,39.4,39.5,39.3,39.1,39.0,39.3,39.4,39.3,39.3,39.3,39.3,39.1,39.3,39.2,39.2,39.2,39.4,39.1,39.3,39.2,39.2,39.2,39.2,39.1,39.2,39.0,39.1,39.0,39.0,39.1,39.0,39.3,39.6,39.7,39.8,40.2,40.5,40.9,41.7,41.9,42.3,42.3,42.3,42.3,42.2,42.2,42.1,42.3,42.3,42.4,42.5,42.4,42.5,42.5,42.5,42.4,42.4,42.5,42.5,42.4,42.4,42.3,42.3,42.4,42.3,42.0,42.1,41.9,41.8,41.6,41.6,41.3,41.1,40.2,39.5,39.3,39.5,40.0,40.5,40.8,40.9,41.0,40.9,40.8,40.8,40.8,40.5,40.6,40.6,40.5,40.4,40.4,40.1,40.1,39.7,39.5,39.2,39.2,38.9,38.7,38.5,38.1,38.0,36.9,35.6,34.2,33.0,32.1,31.2,30.8,30.5,30.1,29.8,29.5,29.3,29.2,28.7,28.7,28.5,28.3,28.4,28.1,28.0,28.0,27.8,27.9,27.8,27.7,27.7,27.4,27.5,27.4,27.5,27.4,27.2,27.3,27.0,27.1,27.1,27.1,27.1,27.0,27.0,27.0,26.7,26.7,26.9,26.7,26.5,26.7,26.8
119,29.2,29.3,29.2,29.5,29.4,29.5,29.7,29.8,29.9,29.9,29.9,30.1,30.3,30.4,30.2,30.4,30.6,30.7,31.0,31.1,31.2,31.3,31.5,31.7,31.9,32.1,32.3,32.5,32.7,32.9,33.2,33.6,34.0,34.6,35.4,36.4,37.5,38.7,39.5,40.0,40.0,40.1,40.1,39.8,39.5,39.3,39.2,39.3,39.5,39.3,39.4,39.3,39.3,39.4,39.3,39.4,39.3,39.4,39.4,39.5,39.3,39.4,39.2,39.3,39.2,39.4,39.2,39.3,39.2,39.2,39.2,39.6,39.8,40.4,40.7,40.9,41.1,41.3,41.6,42.1,42.1,42.1,42.3,42.2,42.3,42.2,42.2,42.1,42.1,42.2,42.2,42.2,42.4,42.3,42.4,42.4,42.4,42.5,42.5,42.4,42.4,42.3,42.3,42.2,42.2,42.2,42.1,42.0,41.8,41.6,41.4,41.5,41.3,40.9,40.0,39.3,38.8,39.2,39.8,40.2,40.8,40.8,40.8,40.7,40.7,40.6,40.7,40.5,40.5,40.4,40.4,40.4,40.4,40.0,39.6,39.5,39.4,39.0,39.0,38.8,38.6,38.4,38.1,37.8,36.8,35.4,34.4,32.8,31.8,31.3,30.9,30.5,30.1,29.5,29.5,29.3,29.1,28.6,28.7,28.4,28.4,28.4,28.3,28.2,28.0,27.9,27.8,27.8,27.6,27.6,27.4,27.4,27.5,27.3,27.3,27.2,27.3,27.2,27.1,27.1,27.0,26.9,27.1,26.9,26.9,26.9,26.7,26.9,26.8,26.6,26.7,26.7
120,29.2,29.1,29.3,29.5,29.7,29.5,29.7,29.7,29.9,29.9,30.1,30.1,30.2,30.3,30.5,30.7,30.7,30.7,30.9,31.1,31.1,31.3,31.5,31.6,31.8,32.0,32.3,32.4,32.7,33.1,33.2,33.7,34.1,34.7,35.4,36.4,37.6,39.0,39.9,40.3,40.6,40.3,40.3,39.9,39.7,39.4,39.5,39.5,39.4,39.2,39.6,39.6,39.5,39.4,39.5,39.5,39.6,39.5,39.6,39.7,39.4,39.5,39.4,39.5,39.3,39.4,39.4,39.6,39.3,39.4,39.5,40.0,40.3,40.9,41.5,41.6,41.8,41.8,41.9,42.1,42.2,42.2,42.1,42.2,42.1,42.1,42.0,42.0,42.2,42.1,42.1,41.9,42.1,42.1,42.2,42.2,42.2,42.2,42.1,42.2,42.2,42.0,42.0,41.9,41.9,41.9,41.8,41.8,41.7,41.5,41.5,41.5,41.3,40.9,40.2,39.0,38.4,38.8,39.6,40.3,40.7,40.7,40.8,40.6,40.7,40.6,40.5,40.4,40.5,40.5,40.5,40.3,40.4,40.2,39.8,39.6,39.3,39.1,39.1,38.8,38.8,38.2,37.9,37.9,36.9,35.4,34.1,33.0,32.1,31.3,30.8,30.4,30.1,29.8,29.5,29.2,29.0,29.1,28.7,28.5,28.6,28.4,28.3,28.2,28.0,27.9,27.8,27.7,27.7,27.7,27.5,27.5,27.5,27.5,27.3,27.2,27.3,27.2,27.1,27.0,27.0,27.0,26.9,27.0,26.8,26.9,26.8,26.8,26.6,26.7,26.7,26.8
121,29.3,29.2,29.2,29.3,29.5,29.6,29.6,29.7,29.8,29.7,29.9,30.2,30.3,30.3,30.4,30.4,30.4,30.6,30.8,31.0,31.1,31.3,31.5,31.5,31.9,31.9,32.3,32.3,32.7,32.9,33.2,33.5,34.0,34.5,35.2,36.3,37.6,38.9,39.9,40.2,40.3,40.2,40.2,40.0,39.9,39.6,39.7,39.5,39.6,39.6,39.8,39.8,39.8,39.6,39.6,39.6,39.8,39.6,39.8,40.0,39.8,39.9,39.8,39.8,39.7,39.8,39.6,39.9,39.7,39.9,40.0,40.5,40.8,41.3,41.8,41.9,41.9,41.9,42.1,42.2,42.0,42.0,42.2,42.1,42.1,42.2,42.0,42.0,42.0,42.0,41.9,42.0,42.1,42.0,41.9,42.0,41.8,42.1,42.0,41.9,41.9,41.9,41.8,41.8,41.7,41.6,41.6,41.6,41.4,41.4,41.3,41.3,41.1,40.9,40.0,38.9,38.5,38.9,39.5,40.2,40.6,40.8,40.7,40.6,40.6,40.6,40.5,40.4,40.4,40.4,40.2,40.4,40.3,40.1,39.7,39.5,39.1,39.0,39.0,38.9,38.5,38.1,37.9,37.8,36.8,35.4,34.0,32.9,31.8,31.3,30.8,30.3,30.1,29.8,29.5,29.3,29.1,28.9,28.7,28.5,28.5,28.2,28.2,28.3,28.0,27.8,27.7,27.7,27.8,27.6,27.4,27.5,27.4,27.3,27.3,27.3,27.2,27.1,27.1,27.0,26.9,26.9,26.8,26.8,26.8,26.7,26.8,26.6,26.7,26.6,26.7,26.5
122,29.3,29.3,29.3,29.3,29.5,29.5,29.6,29.7,29.6,29.7,29.9,30.1,30.1,30.1,30.4,30.4,30.5,30.7,30.7,30.9,31.1,31.3,31.3,31.6,31.8,31.8,32.0,32.2,32.4,32.8,33.1,33.6,34.0,34.4,35.2,36.1,37.2,38.3,39.3,39.7,39.7,39.9,39.9,39.6,39.7,39.7,39.8,39.7,39.8,39.8,39.7,39.5,39.6,39.6,39.6,39.5,39.6,39.8,40.0,40.2,40.3,40.3,40.3,40.4,40.3,40.4,40.4,40.5,40.4,40.4,40.5,40.9,41.2,41.5,41.8,41.7,42.0,42.1,42.0,42.1,42.1,42.2,42.1,42.2,41.9,42.1,42.1,41.9,42.0,42.0,41.9,41.9,42.0,41.9,41.9,41.8,41.8,41.9,41.8,41.8,42.0,41.8,41.7,41.8,41.6,41.6,41.6,41.5,41.3,41.4,41.2,41.1,41.1,40.9,39.9,39.0,38.7,39.0,39.6,40.2,40.6,40.6,40.5,40.6,40.5,40.5,40.4,40.5,40.3,40.2,40.3,40.3,40.2,40.1,39.7,39.4,39.2,38.9,38.8,38.9,38.5,38.3,37.9,37.7,36.8,35.3,34.1,32.8,32.0,31.2,30.6,30.4,30.1,29.7,29.4,29.1,29.0,28.8,28.7,28.6,28.3,28.3,28.1,28.1,27.9,28.0,27.8,27.8,27.6,27.5,27.3,27.4,27.3,27.3,27.3,27.3,27.2,26.9,27.1,27.1,27.0,26.9,26.9,26.8,26.8,26.8,26.7,26.6,26.6,26.6,26.5,26.7
123,29.1,29.2,29.2,29.3,29.3,29.4,29.5,29.6,29.8,29.8,30.0,29.9,30.0,30.2,30.3,30.4,30.6,30.6,30.6,30.9,31.1,31.2,31.4,31.5,31.7,31.7,32.1,32.4,32.5,33.0,33.2,33.8,34.1,34.6,34.9,35.3,35.9,36.7,37.5,38.1,38.2,38.8,39.0,39.3,39.2,39.3,39.4,39.5,39.6,39.6,39.6,39.6,39.4,39.4,39.3,39.3,39.4,39.5,40.1,40.5,40.8,40.9,40.9,40.9,41.1,40.9,41.0,40.9,41.0,40.9,41.0,41.3,41.5,41.6,41.8,41.8,41.9,41.9,41.8,42.0,42.1,42.1,42.1,42.1,42.2,42.1,42.0,42.0,42.0,41.9,41.9,41.8,41.8,41.8,41.8,41.5,41.6,41.5,41.8,41.6,41.7,41.7,41.7,41.6,41.5,41.3,41.6,41.3,41.3,41.2,41.2,41.2,41.1,40.7,39.9,39.4,38.9,39.4,39.7,40.3,40.6,40.6,40.7,40.6,40.3,40.6,40.4,40.3,40.3,40.1,40.4,40.2,40.3,39.9,39.7,39.4,39.3,38.9,38.9,38.9,38.6,38.3,38.1,37.8,36.7,35.3,33.9,32.8,32.0,31.1,30.5,30.3,30.1,29.7,29.4,29.1,28.9,28.8,28.7,28.6,28.5,28.1,28.2,28.1,27.8,28.0,27.8,27.7,27.7,27.7,27.5,27.5,27.4,27.4,27.3,27.2,27.3,27.2,27.1,27.1,27.0,27.1,27.1,26.8,26.8,26.9,26.8,26.7,26.8,26.6,26.7,26.7
124,29.1,29.4,29.2,29.4,29.4,29.6,29.7,29.7,29.8,29.7,29.9,30.0,30.1,30.2,30.2,30.3,30.5,30.7,30.8,31.0,31.0,31.3,31.3,31.5,31.7,31.8,32.2,32.5,32.9,33.4,33.7,34.4,34.8,34.8,34.8,34.4,34.4,34.6,35.2,35.8,36.5,37.2,38.2,38.6,38.7,38.8,39.0,39.0,39.1,39.1,38.9,38.8,38.5,38.2,38.0,38.1,38.4,39.0,39.6,40.4,40.9,41.3,41.4,41.3,41.3,41.3,41.3,41.2,41.3,41.2,41.3,41.3,41.3,41.4,41.6,41.6,41.8,42.0,42.0,42.2,42.0,42.2,42.2,42.1,42.1,42.1,41.9,42.0,42.1,41.9,41.8,41.4,41.3,41.2,41.3,41.0,40.9,41.1,41.3,41.4,41.8,41.6,41.7,41.6,41.5,41.4,41.4,41.5,41.4,41.3,41.3,41.2,41.2,41.0,40.4,39.9,39.6,39.9,40.1,40.4,40.6,40.7,40.6,40.4,40.5,40.4,40.4,40.2,40.2,40.2,40.3,40.3,40.2,40.0,39.6,39.4,39.1,38.8,38.9,38.5,38.3,38.3,38.0,37.6,36.8,35.4,34.0,32.8,31.9,31.2,30.7,30.3,30.0,29.8,29.5,29.2,29.0,28.8,28.6,28.5,28.5,28.3,28.1,28.0,28.2,27.8,27.8,27.8,27.8,27.6,27.5,27.4,27.4,27.3,27.4,27.2,27.2,27.2,26.9,27.2,27.1,27.1,27.1,26.9,26.9,26.8,26.9,26.7,26.8,26.8,26.7,26.7
125,29.1,29.0,29.2,29.3,29.4,29.4,29.6,29.6,29.5,29.6,29.8,30.0,30.1,30.2,30.1,30.3,30.5,30.5,30.8,30.9,30.8,31.0,31.3,31.4,31.7,31.8,32.0,32.5,33.0,33.6,34.3,35.2,35.5,35.0,34.7,33.8,32.9,32.7,33.3,34.0,35.0,36.0,37.2,38.0,38.3,38.3,38.3,38.5,38.6,38.6,38.4,38.0,37.4,36.8,36.4,36.4,36.9,37.8,38.9,40.0,40.9,41.4,41.3,41.5,41.4,41.4,41.3,41.2,41.2,40.9,41.2,41.2,41.1,40.9,41.0,41.4,41.7,42.0,41.9,42.0,42.1,42.1,42.2,42.0,42.2,42.1,41.9,42.0,42.0,41.8,41.5,41.1,40.7,40.5,40.2,40.1,40.0,40.4,40.7,41.1,41.4,41.5,41.5,41.4,41.4,41.3,41.3,41.3,41.3,41.1,41.1,41.1,41.1,40.9,40.7,40.4,40.1,40.2,40.2,40.6,40.5,40.7,40.5,40.4,40.4,40.3,40.3,40.2,40.1,40.1,40.2,40.1,40.1,39.9,39.6,39.3,39.0,38.8,38.8,38.5,38.3,37.8,37.8,37.5,36.6,35.2,33.8,32.7,31.8,31.2,30.6,30.2,30.0,29.7,29.4,29.1,28.9,28.8,28.6,28.4,28.3,28.2,28.1,27.9,28.0,27.8,27.8,27.6,27.7,27.5,27.4,27.5,27.4,27.2,27.2,27.3,27.1,27.1,27.0,27.2,27.0,27.0,27.0,26.9,26.9,26.8,26.7,26.7,26.7,26.5,26.7,26.6
126,29.2,29.2,29.2,29.2,29.3,29.7,29.5,29.6,29.8,29.8,29.8,30.0,29.9,30.3,30.2,30.2,30.5,30.5,30.6,30.9,30.9,31.1,31.3,31.6,31.6,31.8,32.2,32.7,33.2,34.2,35.2,35.9,35.9,35.4,34.5,33.3,32.0,31.7,32.1,32.9,33.8,35.1,36.4,37.2,37.4,37.8,37.9,38.2,38.3,38.3,38.1,37.7,37.2,36.4,35.7,35.8,36.3,37.1,38.3,39.7,40.9,41.3,41.5,41.3,41.4,41.3,41.4,41.2,41.1,40.9,41.1,41.2,41.0,40.7,41.1,40.9,41.5,41.8,42.0,42.1,42.1,42.1,42.1,42.2,42.1,42.1,41.9,41.8,41.9,41.6,41.4,40.6,40.3,40.1,39.5,39.5,39.7,39.8,40.4,40.9,41.2,41.4,41.5,41.4,41.4,41.3,41.4,41.3,41.2,41.3,41.2,41.0,41.0,40.8,40.8,40.6,40.6,40.6,40.6,40.7,40.7,40.5,40.5,40.5,40.4,40.4,40.3,40.0,40.1,40.0,40.2,40.1,40.2,40.0,39.5,39.4,38.8,38.7,38.7,38.5,38.1,37.8,37.5,37.6,36.6,35.3,34.0,32.8,31.8,31.1,30.6,30.3,30.0,29.7,29.6,29.2,29.0,28.7,28.7,28.5,28.3,28.2,28.2,28.0,28.0,27.8,27.8,27.8,27.7,27.6,27.4,27.4,27.3,27.4,27.3,27.3,27.3,27.1,27.1,27.1,27.2,27.1,27.0,26.9,26.9,26.9,26.9,26.8,26.7,26.8,26.7,26.8
127,29.1,29.1,29.1,29.4,29.3,29.5,29.6,29.5,29.6,29.7,29.9,29.8,30.0,30.2,30.2,30.4,30.5,30.4,30.5,30.7,30.8,31.0,31.2,31.4,31.6,31.8,32.0,32.8,33.4,34.4,35.3,36.1,36.0,35.6,34.4,32.9,31.7,31.3,31.6,32.1,32.9,33.8,34.7,35.1,35.9,36.4,37.1,37.5,37.8,38.0,37.9,37.6,37.0,36.3,35.8,35.9,36.4,37.3,38.3,39.9,40.8,41.3,41.4,41.4,41.4,41.4,41.3,41.2,41.1,40.9,41.0,41.0,40.8,40.7,40.8,41.2,41.5,41.7,42.0,42.1,42.0,42.1,42.2,42.0,42.1,42.0,41.8,41.9,41.7,41.4,41.1,40.7,40.4,40.1,39.5,39.5,39.5,39.9,40.1,40.7,41.2,41.1,41.2,41.1,41.2,41.3,41.2,41.1,41.1,40.9,41.0,40.8,40.7,40.8,40.6,40.7,40.6,40.6,40.6,40.5,40.5,40.5,40.4,40.4,40.3,40.2,40.2,40.2,39.9,39.8,40.1,40.1,40.0,39.6,39.4,39.3,39.1,38.7,38.4,38.5,38.2,38.1,37.6,37.4,36.5,35.2,33.9,32.8,31.7,31.1,30.6,30.2,29.9,29.6,29.4,29.2,28.9,28.8,28.6,28.4,28.3,28.1,28.1,27.9,27.9,27.8,27.8,27.7,27.6,27.6,27.5,27.5,27.3,27.3,27.2,27.1,27.3,27.0,27.0,27.2,27.1,27.2,26.9,26.9,26.8,26.7,26.9,26.9,26.6,26.7,26.7,26.7
128,29.2,29.2,29.1,29.4,29.2,29.6,29.4,29.4,29.5,29.7,29.7,30.0,30.0,30.1,30.2,30.2,30.3,30.4,30.7,30.7,30.9,31.0,31.2,31.3,31.7,31.6,32.3,32.7,33.6,34.6,35.6,36.3,36.1,35.5,34.4,32.9,31.6,31.2,31.3,31.6,31.9,32.4,33.0,33.5,34.0,34.5,35.2,35.9,36.8,37.3,37.5,37.5,37.3,36.8,36.7,36.5,36.7,37.7,38.4,39.6,40.6,41.1,41.3,41.3,41.2,41.2,41.3,41.1,41.2,41.2,41.2,40.8,40.7,40.8,41.0,41.2,41.7,41.8,41.9,41.9,42.0,42.0,42.0,41.9,41.8,41.9,41.8,41.9,41.7,41.4,41.2,40.7,40.6,40.4,40.1,40.1,40.0,40.2,40.4,40.9,41.2,41.1,41.2,41.2,41.1,41.2,41.2,41.0,40.9,41.0,40.8,40.8,40.9,40.8,40.7,40.7,40.5,40.4,40.6,40.6,40.6,40.4,40.4,40.4,40.3,40.2,40.2,40.0,39.9,39.7,39.8,40.1,40.1,39.7,39.4,39.3,39.2,38.8,38.6,38.4,38.2,37.9,37.8,37.6,36.4,35.3,34.0,32.6,31.8,31.1,30.5,30.2,30.0,29.6,29.4,29.1,28.9,28.6,28.6,28.3,28.2,28.1,28.0,27.9,27.8,27.8,27.8,27.6,27.5,27.7,27.6,27.3,27.4,27.3,27.3,27.2,27.0,27.0,27.2,27.0,27.1,26.9,27.0,26.9,26.8,26.8,26.9,26.6,26.6,26.7,26.5,26.6
129,28.9,29.0,29.1,29.4,29.2,29.4,29.5,29.5,29.6,29.7,29.7,29.8,30.0,29.9,30.1,30.1,30.3,30.4,30.6,30.8,30.9,30.9,31.0,31.3,31.5,31.7,32.2,32.8,33.5,34.6,35.7,36.2,36.1,35.4,34.5,33.0,31.5,30.9,30.9,31.0,31.2,31.4,31.7,31.8,32.2,32.7,33.2,34.0,34.9,35.6,36.3,36.6,36.6,36.7,36.9,37.0,37.2,37.8,38.3,39.2,40.1,40.8,41.0,41.1,41.1,41.2,41.2,41.1,41.0,40.9,41.0,40.9,40.9,41.0,41.0,41.2,41.6,41.7,41.8,41.8,41.8,41.8,41.8,41.7,41.6,41.7,41.6,41.7,41.6,41.6,41.4,41.1,41.0,40.8,40.8,40.7,40.4,40.7,40.8,41.1,41.2,41.0,41.2,41.2,41.2,40.9,41.1,41.1,40.9,40.9,40.8,40.7,40.8,40.6,40.6,40.4,40.4,40.3,40.5,40.6,40.3,40.4,40.2,40.2,40.0,40.1,40.0,39.8,39.9,39.8,39.7,39.8,39.8,39.6,39.3,39.3,38.8,38.7,38.5,38.4,38.3,37.9,37.7,37.6,36.5,35.2,33.9,32.6,31.7,31.0,30.4,30.1,29.9,29.6,29.3,29.0,28.8,28.7,28.5,28.4,28.0,28.1,28.0,27.9,27.7,27.7,27.7,27.7,27.5,27.6,27.4,27.4,27.3,27.2,27.2,27.3,27.0,27.1,27.1,27.0,27.0,26.9,26.9,26.8,26.9,26.8,26.7,26.8,26.8,26.5,26.6,26.4
130,29.1,29.2,29.2,29.3,29.3,29.3,29.4,29.3,29.5,29.6,29.7,29.9,29.9,30.0,30.2,30.1,30.3,30.4,30.6,30.8,30.8,30.9,31.1,31.4,31.6,31.8,32.2,32.8,33.6,34.5,35.7,36.3,36.1,35.5,34.5,33.0,31.6,31.1,30.8,31.0,31.0,31.1,31.1,31.3,31.3,31.6,32.2,32.8,33.7,34.3,35.4,35.9,35.9,36.1,36.6,37.1,37.3,37.5,38.0,38.9,39.6,40.3,40.7,40.8,40.9,40.9,40.9,41.0,41.0,41.0,41.0,41.0,40.6,40.7,40.8,41.0,41.5,41.8,41.8,41.8,41.8,41.6,41.5,41.6,41.7,41.7,41.6,41.6,41.7,41.6,41.6,41.4,41.4,41.3,41.3,41.2,41.1,41.0,41.2,41.1,41.2,41.3,41.0,41.2,41.0,41.0,41.0,41.0,41.0,40.8,40.9,40.8,40.6,40.6,40.6,40.5,40.6,40.4,40.5,40.5,40.5,40.2,40.2,40.1,40.1,40.0,39.8,39.8,39.8,39.6,39.8,39.7,39.6,39.4,39.4,39.1,38.9,38.7,38.5,38.3,38.2,37.8,37.5,37.5,36.6,35.1,33.8,32.8,31.7,31.0,30.5,30.1,29.8,29.6,29.2,29.2,28.7,28.7,28.5,28.3,28.2,28.1,27.9,27.9,27.7,27.7,27.6,27.6,27.4,27.5,27.4,27.3,27.3,27.3,27.3,27.2,27.1,27.2,27.1,27.0,26.8,26.9,26.8,26.9,26.8,26.8,26.8,26.8,26.7,26.7,26.6,26.5
131,29.1,29.1,29.1,29.2,29.3,29.4,29.5,29.4,29.6,29.7,29.8,29.8,29.9,30.0,30.2,30.2,30.2,30.5,30.3,30.8,30.7,30.9,31.1,31.3,31.5,31.5,32.1,32.8,33.7,34.6,36.0,36.4,36.3,35.3,34.6,33.1,31.6,31.0,30.9,31.0,30.9,31.0,31.2,31.0,31.2,31.5,32.0,32.6,33.5,34.0,35.3,35.5,35.7,35.9,36.5,37.0,37.1,37.5,38.1,38.8,39.3,40.2,40.6,40.6,40.7,40.6,40.7,40.9,40.9,40.7,40.9,40.8,40.7,40.5,40.8,40.9,41.3,41.6,41.8,41.7,41.8,41.5,41.5,41.5,41.5,41.6,41.5,41.6,41.7,41.6,41.6,41.6,41.5,41.5,41.5,41.3,41.3,41.4,41.2,41.3,41.3,41.1,41.1,41.0,41.1,41.2,40.9,40.9,40.9,40.9,40.7,40.6,40.8,40.6,40.6,40.5,40.4,40.4,40.4,40.3,40.2,40.4,40.2,40.0,40.1,40.0,39.8,39.7,39.7,39.6,39.6,39.8,39.6,39.5,39.3,39.0,38.6,38.4,38.4,38.1,37.9,37.7,37.4,37.4,36.4,35.0,33.7,32.5,31.7,30.9,30.5,30.0,29.7,29.5,29.2,29.0,28.6,28.7,28.5,28.3,28.2,28.0,27.9,27.8,27.8,27.6,27.7,27.6,27.6,27.6,27.4,27.4,27.2,27.2,27.3,27.1,27.2,27.1,27.0,27.1,27.0,26.9,26.9,26.7,26.9,26.8,26.7,26.9,26.8,26.5,26.6,26.6
132,29.0,29.1,29.0,29.3,29.3,29.4,29.5,29.4,29.6,29.6,29.8,29.7,29.9,30.0,30.1,30.2,30.2,30.4,30.4,30.7,30.7,31.0,31.0,31.2,31.4,31.7,32.2,32.6,33.5,34.6,35.8,36.4,36.4,35.7,34.5,33.0,31.7,31.1,31.0,31.0,31.2,31.2,31.4,31.7,32.0,32.3,33.0,33.7,34.6,34.8,35.9,36.2,36.1,36.4,36.6,36.7,37.1,37.5,38.0,39.0,39.6,40.2,40.6,40.4,40.4,40.7,40.7,40.7,40.5,40.4,40.5,40.7,40.9,40.8,40.9,41.0,41.1,41.5,41.6,41.5,41.4,41.4,41.4,41.4,41.4,41.4,41.4,41.5,41.6,41.4,41.6,41.6,41.7,41.5,41.5,41.3,41.4,41.4,41.3,41.2,41.2,41.1,41.1,41.1,40.9,40.9,40.8,40.7,40.7,40.7,40.6,40.8,40.5,40.5,40.6,40.3,40.5,40.3,40.3,40.3,40.1,40.1,40.1,40.0,40.0,40.0,39.7,39.6,39.7,39.8,39.6,39.7,39.6,39.4,39.2,39.0,38.6,38.4,38.5,38.2,38.1,37.7,37.4,37.3,36.4,35.1,33.6,32.5,31.5,30.9,30.5,30.1,29.7,29.5,29.3,29.0,28.8,28.5,28.4,28.3,28.2,28.1,28.0,27.9,27.9,27.7,27.6,27.6,27.5,27.5,27.2,27.4,27.4,27.3,27.2,27.2,27.3,27.0,27.0,27.0,27.0,26.9,27.0,26.8,26.8,26.8,26.7,26.7,26.8,26.7,26.7,26.5
133,28.9,28.9,29.0,29.2,29.1,29.3,29.4,29.3,29.6,29.6,29.7,29.8,29.7,29.9,30.1,30.1,30.2,30.4,30.4,30.5,30.6,30.6,30.9,31.1,31.5,31.5,31.8,32.6,33.4,34.4,35.5,36.2,36.1,35.4,34.6,33.1,31.7,31.2,31.0,31.5,31.8,32.4,32.9,33.2,33.7,34.1,34.6,35.3,35.8,36.3,36.7,36.8,36.7,36.8,36.6,36.3,36.8,37.3,38.1,39.3,39.9,40.3,40.5,40.5,40.3,40.3,40.4,40.6,40.4,40.4,40.2,40.7,40.9,40.9,41.0,41.2,41.4,41.4,41.6,41.5,41.5,41.4,41.5,41.5,41.5,41.4,41.4,41.4,41.5,41.5,41.7,41.6,41.6,41.5,41.5,41.4,41.3,41.3,41.2,41.2,41.1,41.1,41.0,41.1,40.8,40.8,40.6,40.6,40.5,40.5,40.4,40.4,40.3,40.3,40.3,40.4,40.2,40.4,40.2,40.1,40.2,40.1,40.0,40.0,39.8,39.7,39.9,39.6,39.7,39.4,39.5,39.6,39.6,39.5,39.2,39.0,38.9,38.5,38.3,38.3,38.0,37.8,37.5,37.3,36.4,35.1,33.7,32.4,31.5,31.0,30.6,30.0,29.7,29.5,29.2,29.0,28.8,28.6,28.5,28.3,28.3,28.0,28.0,27.8,27.8,27.6,27.7,27.7,27.5,27.7,27.3,27.3,27.3,27.1,27.2,27.2,27.1,27.0,27.0,27.0,27.1,26.9,27.0,26.8,26.7,26.7,26.8,26.8,26.9,26.7,26.7,26.8
134,29.1,29.1,29.2,29.2,29.2,29.4,29.3,29.4,29.5,29.6,29.6,29.7,29.7,30.0,30.0,29.9,30.1,30.2,30.3,30.5,30.6,30.8,30.9,31.2,31.3,31.5,31.9,32.4,33.1,34.1,35.4,36.3,36.1,35.5,34.6,33.1,31.8,31.3,31.6,32.2,32.9,34.0,34.9,35.3,35.8,36.0,36.4,36.7,37.0,37.3,37.5,37.4,37.1,36.8,36.2,36.0,36.0,36.7,38.0,39.4,40.1,40.5,40.6,40.2,40.1,40.2,40.4,40.3,40.3,40.1,40.2,40.7,41.3,41.5,41.5,41.5,41.6,41.6,41.6,41.6,41.7,41.8,41.8,41.7,41.7,41.6,41.6,41.7,41.6,41.7,41.6,41.6,41.7,41.6,41.4,41.4,41.5,41.2,41.3,41.1,41.1,41.0,40.9,40.9,40.8,40.6,40.5,40.6,40.5,40.4,40.4,40.4,40.3,40.3,40.3,40.1,40.1,40.2,40.2,40.1,40.1,39.9,40.0,39.9,39.9,39.7,39.5,39.6,39.5,39.4,39.5,39.6,39.6,39.3,39.0,38.9,38.8,38.5,38.4,38.2,37.9,37.8,37.5,37.3,36.4,34.9,33.4,32.5,31.5,31.0,30.4,30.0,29.6,29.5,29.2,29.0,28.8,28.6,28.3,28.2,28.2,28.0,27.9,27.8,27.7,27.6,27.6,27.6,27.5,27.4,27.2,27.3,27.3,27.3,27.3,27.2,27.2,27.1,27.1,27.1,27.0,26.9,26.8,26.8,26.9,26.7,26.8,26.7,26.8,26.7,26.7,26.7
135,29.0,28.9,29.1,29.3,29.2,29.3,29.3,29.3,29.4,29.6,29.7,29.6,29.8,29.9,30.0,30.1,30.2,30.2,30.5,30.6,30.7,30.7,31.0,31.1,31.2,31.4,31.8,32.3,33.0,33.7,34.9,35.7,35.8,35.5,34.7,33.3,32.0,31.6,32.0,32.9,33.9,35.3,36.6,37.2,37.5,37.7,37.5,37.5,37.5,37.4,37.5,37.4,37.3,36.8,36.3,35.9,36.0,36.8,38.0,39.4,40.2,40.6,40.4,40.2,40.4,40.4,40.5,40.4,40.2,40.2,40.4,40.8,41.5,41.5,41.8,41.7,41.8,41.9,41.9,42.1,42.1,42.2,42.2,42.0,42.2,42.0,42.1,41.9,41.8,41.7,41.8,41.5,41.6,41.5,41.6,41.3,41.2,41.1,41.1,40.9,40.9,40.8,40.8,40.7,40.7,40.7,40.5,40.5,40.5,40.4,40.4,40.3,40.3,40.3,40.2,40.1,40.2,40.3,40.1,39.9,40.1,39.9,39.9,39.7,39.7,39.6,39.6,39.6,39.6,39.5,39.5,39.5,39.6,39.4,39.0,38.9,38.6,38.1,38.1,38.0,37.8,37.5,37.2,37.1,36.1,34.9,33.6,32.5,31.3,30.7,30.2,29.9,29.6,29.4,29.0,28.9,28.8,28.5,28.5,28.3,28.1,28.0,27.9,27.8,27.7,27.6,27.7,27.6,27.6,27.4,27.4,27.3,27.3,27.2,27.2,27.2,27.3,27.0,26.9,26.9,27.2,26.9,26.9,26.8,26.9,26.8,26.8,26.8,26.7,26.5,26.6,26.5
136,29.0,29.0,29.2,29.3,29.2,29.3,29.3,29.4,29.6,29.4,29.7,29.7,29.9,29.9,30.0,30.1,30.1,30.2,30.5,30.5,30.5,30.9,31.0,31.1,31.2,31.3,31.8,32.0,32.8,33.3,34.3,34.9,35.1,34.9,34.5,33.7,32.5,32.5,32.8,33.8,34.9,36.3,37.4,38.0,38.2,38.3,38.0,38.1,37.9,37.7,37.8,37.8,37.5,37.1,36.7,36.5,36.5,37.2,38.4,39.4,40.2,40.6,40.6,40.4,40.2,40.4,40.3,40.3,40.5,40.7,40.8,41.3,41.5,41.8,41.7,41.8,42.3,42.3,42.3,42.7,42.7,42.7,42.7,42.7,42.7,42.6,42.5,42.4,42.2,41.8,41.6,41.5,41.5,41.5,41.4,41.3,41.0,41.0,40.9,40.8,40.7,40.7,40.6,40.6,40.6,40.5,40.7,40.6,40.6,40.6,40.5,40.6,40.5,40.5,40.4,40.1,40.2,40.2,40.0,40.2,40.0,40.0,39.9,39.9,39.6,39.7,39.5,39.5,39.5,39.4,39.4,39.6,39.4,39.1,38.8,38.5,38.3,38.3,37.9,38.0,37.6,37.1,36.9,37.1,36.1,34.8,33.6,32.4,31.3,30.6,30.3,29.9,29.6,29.3,29.3,28.9,28.7,28.5,28.3,28.3,28.2,28.0,28.0,27.8,27.8,27.7,27.8,27.5,27.6,27.4,27.2,27.2,27.3,27.2,27.1,26.9,27.1,27.2,27.1,27.0,27.1,27.0,26.9,26.8,26.9,26.7,26.7,26.7,26.8,26.6,26.4,26.7
137,28.9,29.0,29.1,29.1,29.2,29.3,29.3,29.4,29.5,29.5,29.6,29.7,29.9,29.8,29.9,30.2,30.2,30.2,30.3,30.5,30.5,30.7,30.9,31.1,31.3,31.4,31.7,32.0,32.6,32.9,33.5,34.1,34.3,34.2,34.5,34.3,33.8,34.1,34.6,35.4,36.2,37.1,38.0,38.3,38.5,38.5,38.7,38.4,38.4,38.5,38.5,38.4,38.3,38.1,37.7,37.6,37.5,38.1,38.7,39.5,40.0,40.4,40.5,40.4,40.3,40.3,40.5,40.6,40.6,40.7,41.1,41.4,41.5,41.6,41.8,42.0,42.3,42.5,42.8,42.8,42.9,43.1,43.3,43.2,43.1,43.1,42.8,42.7,42.4,41.9,41.6,41.4,41.4,41.5,41.4,41.2,40.8,40.6,40.4,40.4,40.3,40.4,40.1,40.4,40.5,40.6,40.7,40.7,40.6,40.6,40.5,40.6,40.6,40.4,40.2,40.2,40.1,40.0,40.0,39.9,40.1,40.0,39.7,39.7,39.6,39.6,39.5,39.5,39.3,39.2,39.4,39.4,39.3,39.0,38.8,38.6,38.3,38.0,37.9,37.8,37.5,37.2,36.9,36.9,36.0,34.7,33.3,32.3,31.3,30.6,30.2,29.8,29.6,29.3,29.2,28.8,28.6,28.6,28.4,28.3,28.2,27.9,28.0,27.7,27.9,27.6,27.6,27.6,27.4,27.6,27.2,27.3,27.2,27.1,27.2,27.0,27.2,27.1,27.1,27.0,27.0,26.8,26.9,27.0,26.8,26.7,26.7,26.5,26.8,26.5,26.7,26.6
138,28.9,28.9,28.9,29.1,29.1,29.2,29.2,29.3,29.4,29.4,29.7,29.7,29.7,29.9,29.9,30.0,30.2,30.1,30.2,30.5,30.5,30.8,30.9,31.0,31.1,31.4,31.6,31.8,32.1,32.5,33.0,33.5,33.8,33.9,34.3,34.6,35.0,36.1,36.9,37.3,37.9,38.3,38.8,38.8,39.1,39.2,39.2,39.1,39.2,38.9,39.0,38.8,39.0,38.8,38.4,38.5,38.6,38.9,39.3,39.6,39.9,40.0,40.2,40.5,40.4,40.6,40.5,40.8,40.7,41.0,41.2,41.4,41.6,41.6,41.8,42.1,42.5,42.7,42.9,43.1,43.3,43.2,43.4,43.5,43.6,43.5,43.1,42.8,42.4,42.0,41.6,41.4,41.6,41.5,41.3,40.9,40.5,40.2,39.9,39.6,39.8,40.0,40.0,40.4,40.5,40.5,40.6,40.7,40.8,40.8,40.6,40.7,40.6,40.3,40.2,40.0,39.9,39.9,39.9,39.9,39.9,39.7,39.6,39.6,39.6,39.5,39.5,39.4,39.4,39.3,39.3,39.3,39.3,38.9,38.7,38.3,38.3,38.1,37.9,37.9,37.5,37.2,37.1,37.2,36.0,34.7,33.3,32.3,31.2,30.6,30.0,29.8,29.6,29.1,29.1,28.8,28.8,28.4,28.3,28.2,28.2,27.8,27.9,27.9,27.6,27.6,27.7,27.5,27.3,27.4,27.3,27.3,27.1,27.1,27.1,27.2,27.1,27.0,26.8,26.9,27.0,26.9,26.9,26.9,26.9,26.7,26.7,26.8,26.6,26.5,26.7,26.8
139,28.9,28.9,28.9,29.1,29.1,29.2,29.2,29.3,29.5,29.4,29.5,29.5,29.7,29.8,29.9,30.0,30.1,30.2,30.3,30.4,30.4,30.6,30.8,31.0,31.3,31.4,31.5,31.6,32.0,32.4,32.7,33.0,33.4,33.8,34.4,35.2,36.2,37.4,38.3,38.8,39.0,39.4,39.6,39.6,39.7,39.9,39.8,39.6,39.5,39.4,39.0,38.9,39.0,38.9,38.8,38.8,39.3,39.5,39.6,39.7,39.8,39.9,40.2,40.4,40.5,40.7,40.7,40.8,40.9,41.0,41.2,41.4,41.4,41.7,41.7,42.1,42.4,42.7,43.1,43.3,43.5,43.6,43.7,43.7,43.9,43.7,43.3,42.9,42.5,41.8,41.7,41.3,41.5,41.3,41.2,40.8,40.4,40.3,39.9,39.5,39.9,39.9,40.0,40.1,40.2,40.5,40.6,40.6,40.7,40.7,40.7,40.5,40.5,40.4,40.2,40.1,39.9,39.9,39.8,39.7,39.9,39.6,39.6,39.6,39.5,39.5,39.5,39.4,39.3,39.2,39.2,39.3,39.1,38.9,38.8,38.7,38.4,38.4,38.3,38.1,37.9,37.9,37.8,37.4,36.2,34.7,33.3,32.0,31.2,30.5,30.0,29.7,29.7,29.1,29.1,28.8,28.6,28.4,28.3,28.1,28.0,28.0,27.8,27.8,27.7,27.7,27.6,27.5,27.6,27.4,27.2,27.2,27.2,27.2,27.1,27.1,27.1,26.9,27.0,26.9,26.9,27.0,26.9,26.8,26.9,26.8,26.8,26.7,26.5,26.7,26.6,26.6
140,28.9,28.9,29.0,29.2,29.0,29.1,29.2,29.3,29.3,29.6,29.5,29.5,29.7,29.9,29.9,30.0,30.2,30.2,30.2,30.3,30.4,30.6,30.7,30.9,31.2,31.4,31.4,31.8,31.9,32.2,32.5,32.8,33.2,33.8,34.6,35.6,36.9,38.3,39.2,39.6,39.6,39.8,40.0,40.0,40.1,40.0,40.1,39.7,39.6,39.2,39.0,38.6,38.9,38.9,38.7,38.7,39.1,39.5,39.7,39.9,40.1,39.9,40.1,40.6,40.6,40.6,40.7,40.5,40.6,40.7,41.1,41.3,41.4,41.5,41.7,41.9,42.4,42.9,43.1,43.3,43.6,43.7,43.9,43.9,44.1,43.8,43.4,43.0,42.3,41.7,41.6,41.3,41.4,41.4,41.2,40.8,40.3,40.0,39.6,39.5,39.7,39.9,39.9,40.1,40.2,40.5,40.7,40.9,40.7,40.8,40.8,40.7,40.6,40.5,40.2,40.0,39.9,39.8,39.8,39.9,39.7,39.7,39.3,39.4,39.4,39.2,39.1,38.9,38.9,38.8,39.0,39.0,39.0,38.9,38.9,38.7,38.8,38.7,38.6,38.5,38.3,38.1,38.0,37.6,36.3,34.7,33.3,32.0,31.3,30.6,30.1,29.7,29.5,29.2,28.9,28.7,28.5,28.3,28.2,28.2,28.0,28.0,27.9,27.8,27.8,27.6,27.5,27.8,27.5,27.4,27.2,27.3,27.1,27.1,27.1,27.1,27.0,26.9,27.0,27.0,26.8,26.9,26.9,26.8,26.9,26.8,26.7,26.7,26.8,26.5,26.4,26.6
141,28.8,28.9,29.0,29.1,29.0,29.1,29.1,29.2,29.5,29.4,29.5,29.6,29.5,29.9,29.8,29.9,30.1,30.2,30.2,30.4,30.4,30.6,30.8,30.9,31.1,31.2,31.4,31.7,31.8,32.2,32.5,32.8,33.1,33.8,34.5,35.7,37.0,38.5,39.5,39.8,40.1,39.9,39.9,40.0,40.2,40.3,40.2,39.9,39.5,39.4,39.0,38.8,38.6,38.9,38.9,38.7,39.2,39.8,39.9,40.0,39.9,39.9,40.3,40.4,40.5,40.5,40.3,40.1,40.1,40.0,40.5,40.8,41.1,41.3,41.7,42.0,42.3,42.8,43.2,43.5,43.6,43.8,43.9,44.0,43.9,43.9,43.5,43.1,42.3,41.7,41.4,41.2,41.3,41.3,41.2,40.7,40.4,40.0,39.9,39.5,39.6,39.8,39.9,40.0,40.1,40.4,40.4,40.7,40.7,40.6,40.6,40.7,40.5,40.4,40.1,39.9,39.9,39.8,39.7,39.8,39.6,39.4,39.0,39.0,38.7,38.6,38.5,38.3,38.3,38.1,38.1,38.5,38.6,38.9,39.0,38.9,38.8,38.7,38.6,38.5,38.4,38.4,38.1,37.6,36.4,34.7,33.2,31.9,31.0,30.2,29.9,29.7,29.4,29.2,28.9,28.7,28.7,28.4,28.2,27.9,27.9,27.8,27.8,27.8,27.7,27.6,27.6,27.5,27.4,27.2,27.3,27.2,27.2,27.2,27.0,27.0,27.0,26.9,26.8,27.0,27.0,26.9,26.9,26.8,26.8,26.8,26.7,26.7,26.6,26.7,26.7,26.6
142,29.0,29.0,29.1,29.1,28.9,29.2,29.2,29.3,29.3,29.4,29.5,29.6,29.7,29.7,29.9,29.8,30.1,30.1,30.2,30.4,30.5,30.5,30.8,30.7,31.0,31.3,31.5,31.6,31.9,32.2,32.3,32.8,33.0,33.7,34.5,35.7,37.1,38.4,39.4,39.5,39.7,39.6,39.5,39.4,40.0,40.1,40.1,40.1,39.5,39.0,38.7,38.4,38.4,38.5,38.2,38.3,39.0,39.6,39.9,40.0,40.0,40.1,40.2,40.4,40.3,40.1,39.5,39.0,38.6,38.7,39.4,40.3,40.8,41.2,41.7,42.0,42.5,42.8,43.1,43.5,43.5,43.7,43.9,43.9,43.9,43.8,43.5,42.9,42.3,41.7,41.3,41.1,41.3,41.4,41.4,40.8,40.2,39.9,39.8,39.7,39.7,39.9,40.0,40.0,40.2,40.4,40.4,40.5,40.7,40.7,40.6,40.5,40.5,40.3,40.1,39.9,39.8,39.8,39.8,39.7,39.6,39.1,38.7,38.4,38.2,38.0,37.9,37.8,37.5,37.5,37.6,38.1,38.4,38.7,38.7,38.8,38.6,38.4,38.4,38.1,38.1,38.0,38.0,37.4,36.1,34.6,33.1,31.8,31.0,30.2,29.9,29.6,29.4,29.3,28.9,28.6,28.5,28.4,28.1,28.0,28.0,27.7,27.9,27.7,27.8,27.6,27.6,27.4,27.4,27.4,27.3,27.1,27.1,27.1,27.1,27.1,27.0,26.9,27.1,26.9,26.9,27.0,26.9,26.8,26.9,26.8,26.7,26.7,26.7,26.5,26.5,26.6
143,28.8,28.8,28.7,29.1,29.0,29.3,29.1,29.3,29.4,29.2,29.4,29.5,29.6,29.7,29.8,29.8,30.0,30.1,30.2,30.4,30.3,30.5,30.8,30.8,31.0,31.1,31.4,31.6,31.8,32.2,32.2,32.7,33.2,33.6,34.4,35.5,36.9,38.2,39.0,39.2,39.0,38.8,38.7,38.6,39.0,39.5,39.8,39.7,39.4,39.0,38.4,37.8,38.0,38.3,38.1,37.9,38.5,39.3,39.5,39.5,39.7,40.0,39.8,39.8,39.8,39.3,38.6,37.4,36.8,37.2,38.1,39.3,40.5,40.9,41.4,41.8,42.3,42.8,43.0,43.4,43.5,43.8,43.9,43.9,44.0,43.8,43.4,42.8,42.2,41.5,41.3,41.1,41.2,41.1,40.8,40.5,40.0,39.3,39.2,39.2,39.3,39.5,39.7,39.8,39.9,40.1,40.3,40.5,40.4,40.4,40.4,40.2,40.3,40.2,39.9,39.9,39.7,39.7,39.6,39.5,39.3,38.9,38.4,38.0,37.6,37.4,37.4,37.2,37.0,36.8,36.9,37.6,38.0,38.4,38.4,38.3,38.0,37.6,37.5,37.4,37.5,37.5,37.6,37.1,35.7,34.2,32.9,31.7,30.8,30.2,30.0,29.6,29.2,29.1,28.8,28.5,28.5,28.3,28.2,28.2,27.8,27.8,27.8,27.6,27.6,27.4,27.6,27.5,27.3,27.4,27.0,27.2,27.1,27.2,26.9,27.1,27.2,26.9,26.8,26.9,27.0,26.7,26.7,26.8,26.8,26.7,26.8,26.7,26.7,26.5,26.3,26.6
144,28.8,28.9,28.8,29.1,29.0,29.1,29.1,29.2,29.3,29.3,29.5,29.4,29.6,29.8,30.0,29.9,30.0,30.1,30.2,30.4,30.4,30.4,30.7,30.8,31.0,31.0,31.4,31.7,31.8,32.1,32.4,32.7,33.0,33.4,34.4,35.6,36.7,38.0,38.7,38.7,38.6,38.1,37.8,37.9,38.4,39.0,39.6,39.7,39.3,38.9,38.5,38.0,37.8,38.1,38.3,38.1,38.4,38.9,39.3,39.2,39.5,39.5,39.4,39.4,39.3,38.7,37.9,36.3,35.4,35.9,37.2,38.5,40.2,40.9,41.4,41.8,42.5,42.7,43.0,43.4,43.4,43.7,43.7,43.8,43.9,43.7,43.3,42.7,42.3,41.7,41.2,41.0,41.1,41.1,40.9,40.5,39.7,39.4,38.9,38.8,39.3,39.2,39.5,39.9,39.9,40.1,40.2,40.2,40.2,40.3,40.3,40.1,40.2,40.1,40.0,39.7,39.8,39.6,39.5,39.4,39.2,38.6,38.1,37.6,37.4,37.2,37.0,36.8,36.6,36.6,36.7,37.3,37.7,38.0,38.2,37.8,37.4,36.9,36.5,36.7,36.9,37.0,37.1,36.8,35.4,34.0,32.7,31.6,30.8,30.2,29.9,29.7,29.3,29.0,28.7,28.5,28.4,28.4,28.2,27.9,27.9,27.8,27.8,27.6,27.5,27.5,27.6,27.4,27.4,27.5,27.3,27.2,27.2,27.1,27.1,27.2,26.9,26.9,26.8,26.9,26.9,26.9,27.0,26.7,26.9,26.7,26.7,26.7,26.6,26.5,26.7,26.6
145,28.7,28.9,28.9,29.1,29.1,29.1,29.2,29.3,29.5,29.4,29.5,29.5,29.7,29.7,29.7,29.9,30.1,30.1,30.2,30.4,30.2,30.5,30.6,30.8,31.0,31.1,31.2,31.5,31.7,32.0,32.2,32.7,33.0,33.5,34.3,35.5,36.7,37.7,38.4,38.3,37.9,37.5,37.3,37.4,38.1,38.7,39.3,39.5,39.4,38.9,38.5,38.5,38.3,38.4,38.5,38.5,38.9,39.0,39.4,39.2,39.1,39.5,39.5,39.0,39.0,38.3,37.1,35.4,34.3,34.9,36.5,38.2,40.0,40.7,41.3,41.6,42.3,42.7,43.0,43.0,43.3,43.4,43.5,43.6,43.5,43.2,43.0,42.6,42.1,41.5,41.3,40.9,40.9,41.0,40.7,40.2,39.7,39.4,39.0,39.0,39.2,39.2,39.3,39.6,39.8,39.8,39.9,39.9,39.9,40.0,39.9,39.9,40.0,39.8,39.9,39.7,39.5,39.6,39.5,39.4,39.1,38.5,38.1,37.6,37.2,37.1,36.8,36.6,36.5,36.3,36.7,37.2,37.5,37.7,37.9,37.2,36.7,36.1,35.8,35.8,36.0,36.4,36.6,36.2,35.0,33.7,32.5,31.4,30.4,30.1,29.7,29.5,29.1,29.0,28.7,28.5,28.5,28.3,27.9,28.0,27.9,27.8,27.5,27.7,27.6,27.6,27.4,27.3,27.4,27.2,27.2,27.2,27.1,27.1,27.0,26.9,27.0,27.0,26.7,26.9,26.8,26.8,26.8,26.7,26.8,26.6,26.5,26.8,26.6,26.5,26.5,26.4
146,28.9,28.7,28.8,28.9,28.8,29.1,29.1,29.1,29.3,29.5,29.5,29.5,29.5,29.7,29.9,29.9,30.0,30.1,30.1,30.2,30.3,30.6,30.5,30.9,30.9,31.2,31.3,31.5,31.7,32.1,32.2,32.6,32.8,33.3,34.1,35.4,36.4,37.9,38.5,38.4,38.0,37.5,37.2,37.4,38.1,38.7,39.4,39.5,39.4,39.2,38.8,38.7,38.7,38.8,38.7,38.9,39.0,39.2,39.4,39.3,39.3,39.5,39.5,39.3,38.9,38.2,36.7,35.2,34.1,34.6,36.4,38.1,40.0,40.7,41.0,41.5,42.2,42.5,42.6,42.8,42.9,43.3,43.1,43.2,43.1,43.1,42.9,42.5,41.9,41.4,41.2,40.9,40.9,40.8,40.6,40.0,39.4,39.0,38.8,38.8,38.8,38.8,39.1,39.4,39.6,39.9,39.7,39.7,39.7,39.6,39.7,39.9,39.7,39.8,39.6,39.6,39.5,39.6,39.5,39.3,39.1,38.6,38.0,37.5,37.1,36.9,36.6,36.5,36.4,36.3,36.6,36.9,37.3,37.6,37.4,36.8,36.3,35.7,35.3,35.3,35.8,36.0,36.1,35.9,34.7,33.7,32.5,31.3,30.6,30.0,29.7,29.3,29.3,28.9,28.7,28.5,28.4,28.1,28.0,28.0,27.9,27.8,27.7,27.6,27.6,27.5,27.4,27.4,27.4,27.4,27.2,27.3,27.2,27.0,26.9,27.1,27.1,27.0,27.0,26.9,26.9,26.8,26.8,26.7,26.7,26.7,26.7,26.7,26.7,26.7,26.5,26.7
147,28.7,28.7,28.9,29.0,29.0,29.1,29.0,29.3,29.4,29.5,29.4,29.5,29.7,29.8,29.8,29.9,30.0,29.9,30.2,30.3,30.2,30.6,30.6,30.8,31.1,31.1,31.3,31.4,31.7,31.9,32.3,32.5,32.9,33.4,34.2,35.3,36.5,37.7,38.3,38.5,38.0,38.0,37.7,37.8,38.4,38.9,39.4,39.6,39.6,39.3,39.3,39.1,38.9,39.1,39.0,39.3,39.3,39.3,39.3,39.4,39.3,39.3,39.5,39.4,39.1,38.1,36.8,35.4,34.4,35.0,36.4,38.2,39.9,40.7,41.1,41.5,41.9,42.1,42.4,42.6,42.7,42.7,42.8,42.8,42.6,42.6,42.5,42.2,41.9,41.5,41.2,40.8,41.0,40.9,40.5,40.1,39.3,38.8,38.4,38.3,38.1,38.0,38.5,38.8,39.2,39.5,39.6,39.7,39.9,39.7,39.6,39.6,39.6,39.6,39.5,39.5,39.5,39.6,39.3,39.3,38.8,38.3,38.1,37.3,37.1,36.8,36.6,36.5,36.4,36.3,36.4,36.7,37.2,37.5,37.3,36.7,36.1,35.6,35.2,35.1,35.5,35.9,36.0,35.7,34.6,33.4,32.1,31.3,30.5,30.0,29.5,29.4,29.1,28.9,28.7,28.5,28.3,28.3,28.0,28.0,27.9,27.7,27.7,27.6,27.5,27.3,27.4,27.4,27.4,27.4,27.2,27.3,27.2,27.2,27.1,26.9,26.9,27.0,26.8,26.8,26.9,26.7,26.8,26.8,26.8,26.7,26.8,26.5,26.7,26.6,26.6,26.6
148,28.9,29.0,28.7,28.9,29.1,29.1,29.2,29.3,29.4,29.3,29.5,29.3,29.6,29.8,29.8,29.9,30.1,30.0,30.1,30.2,30.4,30.5,30.6,30.7,31.0,31.0,31.4,31.4,31.7,31.9,32.2,32.5,32.9,33.4,34.2,35.3,36.5,37.6,38.4,38.5,38.5,38.3,38.4,38.6,38.9,39.2,39.5,39.6,39.6,39.4,39.4,39.3,39.2,39.3,39.3,39.3,39.3,39.4,39.4,39.4,39.6,39.5,39.6,39.7,39.1,38.5,37.5,36.5,35.7,36.2,37.3,38.5,40.1,40.8,41.1,41.4,41.7,41.9,42.0,42.1,42.3,42.2,42.3,42.3,42.2,42.2,42.1,42.0,41.7,41.4,41.3,41.0,40.9,40.8,40.4,39.8,39.0,38.6,38.4,38.0,38.2,38.0,38.3,38.6,39.0,39.4,39.7,39.5,39.8,39.5,39.4,39.4,39.5,39.5,39.5,39.5,39.5,39.3,39.2,39.3,38.9,38.1,37.8,37.4,36.8,36.6,36.5,36.3,36.2,36.0,36.2,36.4,36.9,37.2,37.1,37.0,36.3,35.9,35.6,35.7,35.8,35.9,36.0,35.7,34.7,33.2,32.2,31.3,30.4,30.0,29.5,29.3,29.1,28.8,28.7,28.7,28.3,28.1,28.1,27.9,28.0,27.8,27.7,27.6,27.5,27.5,27.5,27.4,27.3,27.3,27.2,27.2,27.2,27.1,26.9,27.1,26.9,26.9,26.9,27.0,26.8,26.9,26.9,26.9,26.6,26.6,26.5,26.7,26.7,26.6,26.5,26.6
149,28.6,28.7,28.7,29.0,29.0,29.1,29.1,29.0,29.1,29.3,29.3,29.4,29.5,29.7,29.6,29.9,30.0,29.9,30.1,30.2,30.3,30.3,30.6,30.7,31.0,31.0,31.2,31.3,31.7,31.8,32.0,32.4,32.8,33.3,34.0,35.1,36.4,37.8,38.5,38.7,38.7,38.7,38.7,38.7,39.0,39.3,39.4,39.4,39.5,39.4,39.4,39.3,39.4,39.3,39.4,39.3,39.4,39.3,39.3,39.3,39.4,39.3,39.5,39.5,39.2,38.8,38.3,37.5,37.0,37.7,38.5,39.2,40.0,40.8,41.1,41.1,41.4,41.4,41.4,41.5,41.5,41.4,41.3,41.4,41.6,41.5,41.3,41.3,41.3,41.1,41.1,40.9,40.9,40.6,40.2,39.8,39.1,39.0,38.5,38.2,38.3,38.4,38.2,38.4,38.8,39.2,39.5,39.7,39.5,39.3,39.3,39.2,39.4,39.4,39.4,39.3,39.2,39.0,39.0,38.9,38.7,38.1,37.8,37.1,36.8,36.8,36.6,36.6,36.1,35.9,35.9,36.4,36.7,37.1,37.2,36.9,36.6,36.2,36.0,36.0,36.0,36.0,36.1,35.8,34.6,33.2,32.2,31.2,30.4,29.7,29.5,29.2,29.0,28.7,28.6,28.4,28.3,28.0,28.1,27.8,27.9,27.7,27.6,27.5,27.6,27.4,27.4,27.4,27.2,27.3,27.2,27.2,27.1,27.1,27.0,27.2,26.9,27.0,26.9,26.7,26.9,26.8,26.7,26.6,26.9,26.8,26.6,26.5,26.6,26.6,26.4,26.6
150,28.6,28.7,28.7,28.9,29.1,29.0,29.1,29.1,29.2,29.3,29.3,29.4,29.5,29.6,29.7,29.8,29.9,30.0,30.0,30.2,30.3,30.4,30.6,30.7,31.0,31.0,31.2,31.3,31.6,31.8,32.0,32.4,32.8,33.2,34.1,35.1,36.4,37.7,38.5,38.7,38.8,38.8,38.7,38.9,39.0,39.0,39.3,39.4,39.3,39.3,39.4,39.4,39.3,39.4,39.3,39.4,39.4,39.4,39.4,39.4,39.4,39.4,39.5,39.5,39.5,39.3,39.0,38.7,38.5,38.8,39.3,39.9,40.2,40.7,40.8,41.0,40.9,41.2,41.1,41.2,41.1,41.1,41.1,41.1,41.1,41.1,41.2,41.2,41.1,41.0,40.8,40.8,40.6,40.6,40.3,40.0,39.6,39.3,39.1,38.8,38.7,38.7,38.8,38.9,39.2,39.3,39.4,39.4,39.4,39.2,39.2,39.1,39.2,39.2,39.2,39.2,39.0,38.9,38.9,38.7,38.6,38.2,37.9,37.6,37.1,36.9,36.8,36.7,36.6,36.3,36.5,36.6,36.8,37.0,36.9,36.9,36.9,36.7,36.4,36.3,36.3,36.1,36.0,35.8,34.6,33.2,32.1,31.0,30.4,29.7,29.4,29.1,29.0,28.7,28.6,28.4,28.3,28.1,28.0,27.9,27.8,27.8,27.6,27.6,27.4,27.4,27.4,27.4,27.2,27.2,27.2,27.2,27.0,27.0,27.1,27.0,27.0,26.9,26.9,26.9,26.8,26.8,26.8,26.6,26.6,26.6,26.6,26.6,26.7,26.4,26.6,26.5
151,28.6,28.7,28.8,28.9,28.9,29.1,29.1,29.2,29.3,29.2,29.3,29.3,29.5,29.6,29.6,29.7,29.9,29.9,30.0,30.2,30.2,30.5,30.5,30.7,31.0,31.0,31.2,31.2,31.5,31.7,31.9,32.5,32.7,33.2,34.2,35.1,36.4,37.7,38.5,38.6,38.8,38.8,38.9,38.9,39.0,39.2,39.0,39.0,39.3,39.2,39.4,39.4,39.4,39.4,39.3,39.3,39.4,39.4,39.4,39.5,39.4,39.5,39.6,39.6,39.5,39.5,39.4,39.3,39.2,39.5,39.9,40.2,40.5,40.6,40.9,40.9,40.9,40.8,40.7,40.9,40.9,40.9,40.9,40.6,40.9,40.9,40.8,41.1,40.9,40.8,40.7,40.6,40.7,40.5,40.4,40.1,39.7,39.5,39.4,39.2,39.0,39.2,39.0,39.2,39.3,39.3,39.3,39.4,39.2,39.2,39.1,39.0,39.1,39.1,39.1,39.0,38.8,38.8,38.7,38.8,38.6,38.2,38.1,37.7,37.4,37.2,37.0,36.9,36.8,36.7,36.6,36.7,36.9,36.9,37.0,36.9,37.0,36.9,36.8,36.6,36.6,36.6,36.3,35.9,34.6,33.3,32.1,30.9,30.3,29.7,29.2,29.0,28.9,28.8,28.5,28.4,28.2,28.2,28.0,27.9,27.8,27.9,27.7,27.4,27.5,27.3,27.5,27.4,27.2,27.2,27.2,27.2,27.0,27.0,26.9,27.1,27.0,27.0,26.9,26.9,26.8,26.7,26.7,26.8,26.6,26.6,26.6,26.7,26.5,26.7,26.5,26.6
152,28.6,28.9,28.7,28.9,28.7,28.9,29.0,29.1,29.3,29.2,29.3,29.3,29.6,29.6,29.6,29.7,29.9,30.0,30.1,30.0,30.2,30.3,30.4,30.6,30.7,31.0,31.2,31.3,31.6,31.6,32.0,32.3,32.6,33.4,34.1,35.1,36.4,37.6,38.3,38.6,38.5,38.6,38.8,38.7,38.9,38.9,38.9,39.0,39.0,39.2,39.2,39.2,39.1,39.4,39.4,39.4,39.6,39.5,39.5,39.5,39.4,39.4,39.5,39.5,39.6,39.6,39.8,39.7,39.8,39.9,40.0,40.2,40.3,40.4,40.5,40.4,40.5,40.5,40.6,40.8,40.7,40.7,40.7,40.6,40.7,40.6,40.6,40.7,40.7,40.6,40.7,40.5,40.5,40.5,40.3,40.0,39.9,39.7,39.4,39.6,39.5,39.3,39.4,39.3,39.2,39.4,39.3,39.3,39.2,39.1,39.0,39.0,39.2,38.9,38.9,38.9,38.7,38.6,38.5,38.7,38.6,38.5,38.2,38.0,37.6,37.5,37.4,37.2,37.1,36.9,36.8,36.9,36.9,36.9,37.0,37.0,37.0,37.1,36.7,36.7,36.7,36.6,36.4,36.0,34.8,33.2,32.1,30.9,30.3,29.7,29.4,29.1,28.9,28.6,28.6,28.2,28.2,28.3,27.8,27.8,27.8,27.6,27.8,27.7,27.5,27.4,27.4,27.3,27.2,27.1,27.1,27.1,27.1,27.0,27.0,27.1,26.9,26.9,26.9,26.7,26.7,26.7,26.7,26.6,26.7,26.6,26.6,26.7,26.5,26.5,26.6,26.5
153,28.7,28.6,28.7,28.8,29.0,28.9,28.9,29.0,29.3,29.1,29.2,29.3,29.6,29.6,29.6,29.5,29.8,29.9,30.0,30.2,30.1,30.2,30.6,30.6,30.7,30.9,31.0,31.2,31.5,31.6,32.0,32.3,32.6,33.2,34.0,35.0,36.4,37.5,38.4,38.6,38.5,38.7,38.8,38.6,38.7,38.7,38.7,38.7,38.7,38.8,39.0,39.0,39.2,39.2,39.2,39.4,39.4,39.4,39.5,39.4,39.3,39.2,39.3,39.4,39.4,39.5,39.6,39.6,39.9,39.9,40.1,40.2,40.2,40.2,40.1,40.2,40.4,40.5,40.5,40.5,40.6,40.6,40.5,40.5,40.5,40.5,40.7,40.6,40.7,40.5,40.5,40.3,40.2,40.2,40.2,40.1,39.8,39.9,39.6,39.5,39.5,39.4,39.3,39.4,39.3,39.4,39.3,39.2,39.2,39.0,38.9,38.9,39.0,38.9,39.0,38.8,38.7,38.7,38.6,38.6,38.5,38.5,38.1,38.0,37.8,37.8,37.6,37.4,37.3,37.3,37.2,37.1,37.0,36.7,36.9,36.9,37.1,36.9,37.0,36.8,36.6,36.5,36.2,35.9,34.5,33.2,31.9,30.9,30.2,29.6,29.2,29.0,28.7,28.7,28.4,28.1,28.0,28.1,28.0,27.6,27.8,27.5,27.6,27.6,27.3,27.4,27.3,27.3,27.2,27.2,27.1,27.0,27.0,26.9,26.9,26.9,26.8,26.8,26.7,26.7,26.7,26.7,26.5,26.5,26.7,26.7,26.5,26.6,26.4,26.6,26.3,26.5
154,28.7,28.6,28.7,28.9,28.9,28.9,29.0,29.1,29.3,29.2,29.3,29.5,29.5,29.7,29.6,29.7,29.9,29.9,30.0,30.1,30.3,30.4,30.4,30.5,30.8,30.9,31.2,31.3,31.5,31.6,32.1,32.2,32.6,33.2,33.8,35.0,36.2,37.4,38.2,38.5,38.5,38.5,38.6,38.6,38.4,38.3,38.2,38.1,38.4,38.4,38.4,38.2,38.4,38.7,39.1,39.3,39.4,39.3,39.3,39.2,38.8,38.5,38.5,38.5,39.0,39.3,39.5,39.8,39.9,39.8,40.1,40.2,40.3,40.3,40.2,40.3,40.4,40.3,40.5,40.7,40.6,40.5,40.6,40.6,40.5,40.3,40.6,40.6,40.6,40.4,40.4,40.2,40.1,39.8,39.8,39.7,39.7,39.6,39.4,39.6,39.4,39.5,39.3,39.1,39.2,39.2,39.0,39.2,39.0,39.0,38.9,39.0,39.0,38.9,38.8,38.8,38.7,38.7,38.6,38.6,38.5,38.2,38.1,38.1,38.0,37.7,37.6,37.6,37.4,37.4,37.3,37.2,37.1,36.9,36.8,36.9,36.9,37.1,36.8,36.8,36.6,36.6,36.2,35.9,34.6,33.1,31.6,30.7,29.9,29.6,29.3,29.1,28.9,28.5,28.3,28.3,28.2,27.9,27.9,27.9,27.6,27.5,27.8,27.6,27.5,27.3,27.5,27.3,27.3,27.3,27.0,27.1,27.0,27.1,27.1,26.8,26.9,27.1,26.9,26.8,26.9,26.9,26.9,26.7,26.9,26.5,26.6,26.7,26.5,26.5,26.4,26.5
155,28.5,28.7,28.9,28.7,28.8,28.9,29.0,29.0,29.1,29.2,29.3,29.4,29.3,29.6,29.5,29.8,29.8,29.9,30.0,30.1,30.2,30.2,30.4,30.6,30.8,30.9,31.1,31.2,31.3,31.5,31.8,32.2,32.5,33.1,33.9,34.9,36.3,37.5,38.2,38.5,38.3,38.3,38.3,38.2,38.3,37.9,38.0,38.0,38.0,37.8,37.9,37.9,37.7,38.3,38.9,39.2,39.3,39.3,38.9,38.8,38.2,37.8,37.5,37.8,38.4,39.3,39.4,39.7,39.6,39.6,39.8,39.8,40.0,40.0,40.1,40.1,40.1,40.4,40.4,40.6,40.5,40.4,40.4,40.5,40.3,40.3,40.1,40.4,40.4,40.1,40.1,39.9,39.7,39.6,39.5,39.4,39.4,39.3,39.4,39.3,39.2,39.3,39.2,39.2,39.2,38.9,38.8,38.8,38.6,38.8,38.8,38.8,38.9,38.8,38.7,38.5,38.5,38.3,38.5,38.4,38.2,38.3,37.9,37.8,37.8,37.6,37.6,37.5,37.5,37.2,37.1,37.1,36.8,36.8,36.7,36.7,37.0,36.8,36.6,36.4,36.4,36.4,36.3,35.8,34.5,33.1,31.8,30.9,30.0,29.5,29.1,28.9,28.8,28.6,28.3,28.1,28.1,28.0,27.9,27.7,27.8,27.5,27.6,27.4,27.5,27.3,27.4,27.4,27.1,27.4,27.1,26.9,27.0,26.9,27.2,26.9,26.8,26.7,26.8,26.9,26.8,26.8,26.7,26.6,26.6,26.6,26.5,26.5,26.6,26.6,26.5,26.5
156,28.7,28.6,28.9,28.7,28.9,28.9,29.1,29.0,29.2,29.2,29.3,29.4,29.4,29.7,29.6,29.8,29.7,29.7,29.9,30.0,30.1,30.4,30.3,30.4,30.6,30.8,31.0,31.2,31.4,31.6,31.9,32.2,32.5,33.0,33.9,34.9,36.0,37.4,38.1,38.2,38.3,38.2,38.4,38.2,38.4,38.1,38.2,38.1,38.1,37.9,37.8,37.5,37.4,38.1,38.8,39.2,39.2,39.0,38.9,38.4,37.8,37.0,37.0,37.6,38.3,39.1,39.4,39.6,39.6,39.7,39.8,39.9,39.7,39.9,39.9,40.0,40.2,40.2,40.3,40.4,40.4,40.4,40.2,40.3,40.1,40.1,40.1,40.2,39.9,40.0,40.0,39.6,39.5,39.0,39.1,39.2,39.3,39.3,39.2,39.0,39.1,39.2,39.0,38.8,39.0,38.9,38.5,38.4,38.5,38.3,38.3,38.3,38.3,38.2,38.2,38.0,37.9,37.8,37.6,37.8,37.7,37.5,37.5,37.3,37.3,37.2,37.1,37.0,36.9,36.8,36.8,36.6,36.4,36.3,36.4,36.3,36.4,36.4,36.3,36.3,36.2,36.1,36.1,35.6,34.5,33.1,31.8,30.7,30.0,29.5,29.1,28.7,28.9,28.5,28.4,28.1,28.0,27.9,27.8,27.6,27.8,27.7,27.6,27.4,27.4,27.2,27.4,27.3,27.3,27.2,27.0,27.1,27.0,27.0,26.9,26.9,27.0,26.8,26.9,26.8,26.7,26.7,26.7,26.6,26.6,26.6,26.5,26.5,26.7,26.6,26.5,26.5
157,28.6,28.6,28.7,28.8,28.9,29.0,28.9,28.9,29.1,29.2,29.3,29.3,29.5,29.6,29.5,29.6,29.8,29.8,29.7,30.1,30.2,30.3,30.4,30.4,30.6,30.7,31.0,31.1,31.4,31.5,31.9,32.2,32.4,33.0,33.6,34.8,35.9,37.2,37.9,38.1,38.1,38.0,38.2,38.3,38.4,38.5,38.5,38.5,38.3,37.9,37.9,37.5,37.6,38.2,38.8,39.2,39.1,39.1,38.8,38.2,37.5,36.8,36.8,37.5,38.3,39.1,39.3,39.3,39.5,39.6,39.6,39.6,39.7,39.6,39.6,39.9,40.0,40.1,40.0,40.1,40.1,40.0,40.1,40.1,39.9,39.6,39.8,39.9,39.9,39.9,39.7,39.4,39.2,39.0,39.0,39.0,39.0,39.3,39.1,39.0,39.1,39.1,38.9,38.9,38.9,38.7,38.5,38.1,37.9,37.7,37.3,37.2,37.1,37.0,36.7,36.9,36.7,36.8,36.6,36.6,36.5,36.5,36.4,36.3,36.2,36.5,36.2,36.1,36.1,35.9,35.7,35.7,35.5,35.3,35.4,35.4,35.5,35.4,35.3,35.3,35.2,35.3,35.4,35.0,34.0,32.9,31.8,30.5,29.9,29.4,29.0,28.8,28.6,28.5,28.4,28.1,28.1,28.0,27.9,27.7,27.6,27.4,27.6,27.5,27.5,27.4,27.5,27.3,27.1,27.2,27.0,26.8,26.9,27.0,26.9,26.8,26.9,26.7,26.8,26.7,26.8,26.7,26.7,26.7,26.8,26.6,26.7,26.4,26.6,26.5,26.4,26.5
158,28.6,28.7,28.6,28.7,28.8,28.9,29.0,29.1,29.1,29.1,29.3,29.5,29.3,29.5,29.8,29.6,29.6,29.8,29.9,29.9,29.9,30.2,30.4,30.4,30.5,30.6,31.0,31.1,31.3,31.5,31.6,32.2,32.3,32.8,33.8,34.9,36.0,37.4,37.8,38.0,38.2,38.0,38.2,38.3,38.4,38.4,38.4,38.5,38.3,38.1,37.9,37.7,37.9,38.4,38.9,39.2,39.3,39.0,38.7,38.2,37.8,37.3,37.3,37.9,38.4,39.1,39.2,39.3,39.4,39.5,39.5,39.5,39.6,39.6,39.6,39.7,39.9,40.0,39.9,39.9,40.1,40.0,40.0,39.8,39.8,39.6,39.8,39.6,39.6,39.4,39.4,39.2,39.0,38.9,38.8,39.0,39.0,39.1,38.9,39.0,39.0,38.9,38.9,38.9,38.7,38.7,38.3,37.9,37.3,36.5,36.1,35.7,35.6,35.3,35.2,35.1,35.0,35.0,34.8,34.8,34.8,34.9,34.7,34.6,34.7,34.5,34.6,34.5,34.4,34.3,34.1,34.0,33.7,33.8,33.6,33.7,33.9,33.9,33.8,33.9,33.7,33.8,34.2,34.2,33.6,32.5,31.5,30.6,30.0,29.5,28.9,28.9,28.6,28.6,28.3,28.1,28.0,27.8,27.8,27.7,27.7,27.4,27.4,27.5,27.5,27.2,27.4,27.3,27.2,27.2,27.0,27.0,26.9,26.8,26.8,26.9,26.8,26.8,26.6,26.8,26.9,26.7,26.6,26.6,26.7,26.7,26.6,26.5,26.4,26.5,26.5,26.5
159,28.5,28.6,28.7,28.8,28.9,28.8,28.9,29.0,29.2,29.1,29.3,29.4,29.3,29.7,29.5,29.7,29.9,29.8,29.9,29.9,30.1,30.2,30.2,30.6,30.5,30.6,30.9,31.1,31.3,31.6,31.8,32.1,32.4,33.0,33.7,34.8,36.0,37.3,37.8,38.0,38.1,38.0,38.1,38.1,38.3,38.0,38.3,38.2,38.2,37.9,38.3,38.3,38.4,38.6,39.1,39.3,39.2,39.1,38.9,38.6,38.3,38.0,38.0,38.5,38.8,39.0,39.4,39.2,39.3,39.4,39.5,39.4,39.5,39.5,39.5,39.5,39.7,39.9,40.0,40.0,39.9,39.8,39.7,39.8,39.7,39.6,39.5,39.5,39.5,39.4,39.4,39.2,39.1,39.0,39.0,39.1,39.1,39.0,39.1,39.0,39.2,39.0,38.8,38.9,38.7,38.6,38.3,37.7,36.8,35.9,35.0,34.3,34.0,33.8,33.5,33.6,33.4,33.3,33.1,33.2,33.1,33.0,33.0,32.9,32.9,32.8,32.8,32.8,32.6,32.4,32.2,32.0,32.0,31.8,32.0,32.1,32.7,32.5,32.5,32.6,32.5,32.5,32.9,33.5,32.8,32.1,31.2,30.3,29.8,29.2,29.1,28.7,28.5,28.5,28.3,28.1,27.8,27.6,27.7,27.5,27.5,27.5,27.4,27.2,27.4,27.4,27.2,27.3,27.1,27.0,27.1,27.0,27.0,27.0,26.7,26.9,26.9,26.7,26.7,26.6,26.7,26.6,26.5,26.7,26.6,26.7,26.5,26.5,26.5,26.6,26.5,26.5
160,28.5,28.5,28.7,28.7,28.8,28.9,28.9,28.9,29.0,29.2,29.2,29.2,29.3,29.5,29.6,29.5,29.7,29.8,29.9,30.1,29.9,30.1,30.4,30.3,30.6,30.6,30.8,31.1,31.2,31.3,31.7,32.0,32.4,33.0,33.5,34.7,35.9,37.2,37.8,38.2,38.1,37.9,38.0,38.1,38.0,37.8,37.6,37.8,37.9,37.8,38.2,38.4,38.5,38.7,38.9,39.1,39.0,39.0,39.0,38.7,38.7,38.5,38.5,38.8,38.9,39.0,39.0,39.2,39.2,39.3,39.3,39.4,39.5,39.5,39.6,39.4,39.7,39.7,39.6,39.9,39.6,39.9,39.7,39.6,39.6,39.4,39.4,39.5,39.5,39.3,39.3,39.1,39.1,38.9,39.0,39.0,39.0,39.1,39.0,39.0,38.9,39.0,38.9,38.8,38.8,38.6,38.4,37.5,36.6,35.3,34.1,33.1,32.6,32.4,32.4,32.1,32.0,31.8,31.7,31.7,31.7,31.6,31.5,31.5,31.4,31.4,31.3,31.2,31.2,31.0,30.7,30.3,30.2,30.2,30.2,30.6,31.4,31.4,31.4,31.3,31.3,31.5,31.9,32.7,32.4,31.8,31.2,30.3,29.7,29.3,29.0,28.9,28.6,28.3,28.0,28.1,27.8,27.9,27.7,27.6,27.5,27.6,27.4,27.5,27.3,27.3,27.2,27.2,27.1,27.2,27.0,27.1,27.0,27.0,26.9,26.7,26.8,26.7,26.9,26.9,26.8,26.6,26.9,26.8,26.6,26.5,26.6,26.4,26.6,26.5,26.3,26.5
161,28.6,28.6,28.6,28.6,28.8,28.9,28.9,28.9,29.1,29.1,29.1,29.1,29.3,29.5,29.7,29.7,29.6,29.8,29.7,29.9,30.0,30.1,30.3,30.4,30.6,30.6,30.9,30.9,31.4,31.4,31.5,32.0,32.2,32.7,33.6,34.6,36.0,37.1,37.8,37.9,37.8,37.8,38.0,37.9,37.9,37.7,37.7,37.6,38.0,38.0,38.2,38.6,38.7,38.7,38.8,39.0,38.9,39.0,38.9,38.9,38.7,38.8,38.8,38.8,38.9,38.9,38.8,38.9,39.1,39.2,39.3,39.4,39.4,39.4,39.5,39.5,39.5,39.5,39.4,39.6,39.6,39.6,39.5,39.6,39.5,39.4,39.4,39.4,39.3,39.3,39.3,39.2,39.1,39.0,39.0,39.0,38.9,39.2,38.9,39.1,38.9,38.9,38.8,38.9,38.7,38.7,38.4,37.6,36.4,34.8,33.6,32.3,31.6,31.5,31.3,31.0,30.8,30.8,30.6,30.6,30.3,30.4,30.6,30.4,30.3,30.2,30.2,30.0,29.7,29.5,29.3,28.9,28.9,28.8,29.1,29.6,30.4,31.0,30.8,30.7,30.7,30.8,31.2,31.9,32.1,31.4,30.9,30.2,29.8,29.1,28.9,28.7,28.5,28.3,28.3,28.2,27.8,27.8,27.6,27.4,27.6,27.5,27.5,27.5,27.1,27.1,27.3,27.2,27.1,27.2,27.0,27.1,27.1,27.1,26.8,26.7,27.0,26.9,26.9,26.8,26.8,26.6,26.7,26.7,26.6,26.7,26.8,26.7,26.6,26.5,26.4,26.4
162,28.5,28.6,28.5,28.7,28.7,28.9,28.8,28.9,29.0,29.1,29.2,29.3,29.3,29.5,29.5,29.5,29.7,29.8,29.7,29.9,29.9,29.9,30.1,30.1,30.4,30.5,30.8,30.8,31.1,31.3,31.7,31.9,32.1,32.8,33.4,34.7,35.8,36.9,37.5,37.4,37.5,37.3,37.5,37.6,38.0,38.0,37.7,37.9,38.2,38.1,38.4,38.5,38.6,38.8,38.7,38.8,38.9,38.8,39.0,38.9,38.7,38.8,38.8,38.7,38.5,38.3,38.2,38.4,38.6,38.9,39.1,39.2,39.3,39.2,39.2,39.3,39.4,39.3,39.3,39.5,39.4,39.5,39.5,39.3,39.4,39.4,39.3,39.1,39.3,39.2,39.0,39.0,39.1,39.1,39.1,38.9,38.9,39.1,38.9,38.8,38.8,38.9,38.7,38.8,38.7,38.5,38.2,37.4,36.2,34.6,33.0,31.7,30.9,30.6,30.4,30.2,29.9,30.1,30.0,29.9,29.7,29.7,29.6,29.8,29.5,29.6,29.3,29.1,28.9,28.4,28.3,28.0,27.9,27.8,28.1,28.7,29.7,30.5,30.7,30.3,30.1,30.1,30.7,31.9,31.7,31.4,30.6,30.1,29.7,29.2,29.0,28.6,28.5,28.2,28.2,28.0,27.8,27.8,27.7,27.5,27.4,27.4,27.3,27.4,27.3,27.2,27.2,27.1,27.1,27.1,27.1,27.1,27.0,27.0,26.7,26.8,26.9,26.7,26.9,26.8,26.7,26.7,26.6,26.7,26.6,26.5,26.7,26.6,26.5,26.5,26.3,26.4
163,28.3,28.5,28.7,28.7,28.9,28.9,28.9,29.0,29.1,29.1,29.2,29.1,29.3,29.5,29.4,29.5,29.6,29.6,29.7,29.8,30.0,30.0,30.3,30.2,30.3,30.4,30.6,30.8,31.0,31.3,31.5,31.9,32.1,32.7,33.5,34.3,35.6,36.6,37.1,37.1,37.2,37.2,37.3,37.6,37.9,37.7,37.9,38.0,38.0,38.3,38.3,38.3,38.4,38.6,38.6,38.7,38.7,38.7,38.8,38.8,38.6,38.5,38.5,38.3,37.9,37.5,37.4,37.4,37.9,38.5,39.0,39.0,38.9,38.9,39.0,39.0,39.1,39.2,39.1,39.2,39.4,39.3,39.4,39.3,39.0,39.0,39.1,38.9,39.0,39.0,39.0,38.9,38.9,38.8,39.0,38.9,39.0,39.0,38.8,38.9,38.8,38.6,38.7,38.6,38.5,38.3,38.3,37.5,36.3,34.6,32.9,31.5,30.7,30.3,30.1,30.0,29.7,29.7,29.5,29.5,29.4,29.4,29.3,29.3,29.2,29.0,28.8,28.5,28.4,28.0,27.8,27.4,27.5,27.6,27.6,28.3,29.3,30.3,30.6,30.2,30.1,30.0,30.7,31.6,31.7,31.3,30.7,30.1,29.5,29.2,28.9,28.5,28.5,28.3,27.9,28.1,27.8,27.9,27.7,27.6,27.6,27.5,27.4,27.4,27.2,27.2,27.0,27.2,26.9,27.1,26.9,27.2,27.0,27.0,26.7,26.9,26.9,26.7,26.6,26.6,26.6,26.7,26.5,26.6,26.6,26.6,26.5,26.5,26.4,26.6,26.3,26.4
164,28.6,28.7,28.6,28.7,28.6,28.8,28.9,29.0,29.1,29.1,29.2,29.3,29.3,29.4,29.5,29.5,29.6,29.7,29.7,29.9,29.9,30.0,30.3,30.2,30.5,30.4,30.8,30.8,31.2,31.3,31.4,31.7,32.2,32.7,33.3,34.1,35.0,36.0,36.7,36.7,37.0,37.0,37.4,37.3,37.5,37.7,37.6,37.6,37.6,37.8,37.9,38.1,38.0,38.1,38.2,38.2,38.4,38.4,38.3,38.3,38.3,38.3,38.1,37.7,37.2,37.0,36.6,36.5,37.0,37.9,38.5,38.7,38.5,38.5,38.7,38.7,38.8,38.8,38.9,38.9,39.0,39.0,39.0,38.8,38.9,38.7,38.8,38.8,38.9,38.8,38.7,38.6,38.7,38.7,38.8,38.7,38.7,38.8,38.6,38.4,38.2,38.1,38.2,38.4,38.4,38.3,38.1,37.6,36.2,34.3,32.7,31.3,30.4,29.9,29.7,29.5,29.3,29.5,29.2,29.1,29.2,29.1,28.9,28.9,28.7,28.8,28.6,28.2,27.9,27.7,27.6,27.2,27.2,27.2,27.6,28.0,29.0,30.1,30.6,30.2,30.0,30.1,30.6,31.8,31.6,31.2,30.6,30.0,29.5,29.2,28.8,28.5,28.3,28.3,28.1,28.0,27.9,27.8,27.6,27.7,27.6,27.5,27.5,27.2,27.2,27.4,27.2,27.0,27.0,27.0,27.0,27.0,27.0,27.0,26.9,26.7,27.0,26.8,26.8,26.7,26.8,26.6,26.6,26.6,26.7,26.7,26.6,26.5,26.6,26.5,26.5,26.5
165,28.7,28.5,28.5,28.5,28.7,28.8,28.9,28.8,28.9,29.2,29.1,29.1,29.4,29.5,29.6,29.5,29.6,29.7,29.8,29.9,29.9,30.0,30.1,30.3,30.3,30.4,30.5,30.9,31.1,31.2,31.5,31.7,32.1,32.5,33.0,33.8,34.5,35.1,35.6,35.8,36.2,36.2,36.7,36.7,36.8,36.6,36.7,36.7,36.8,36.8,37.2,37.2,37.4,37.6,37.6,37.6,37.5,37.5,37.5,37.5,37.5,37.4,37.2,36.8,36.5,36.0,35.9,36.0,36.3,37.2,38.1,38.2,38.1,37.9,37.7,38.0,38.3,38.1,38.3,38.3,38.4,38.3,38.4,38.3,38.2,38.2,38.2,38.2,38.2,38.2,38.1,38.0,38.2,38.2,38.1,38.2,38.1,38.1,38.0,37.8,37.4,37.2,37.4,37.6,37.9,38.3,38.0,37.5,36.1,34.4,32.6,31.0,30.2,29.7,29.4,29.3,29.1,29.2,28.9,29.1,28.9,28.8,28.7,28.5,28.4,28.4,28.3,27.9,27.5,27.3,27.2,27.0,27.1,27.0,27.6,27.9,28.7,29.9,30.5,30.1,29.8,29.9,30.6,31.7,31.5,31.2,30.5,30.1,29.4,28.9,28.8,28.6,28.4,28.2,28.1,27.9,27.9,27.8,27.8,27.5,27.4,27.4,27.4,27.3,27.2,27.1,27.1,27.2,27.0,26.9,26.9,26.9,27.0,27.0,26.9,27.0,26.9,26.7,26.7,26.8,26.7,26.8,26.7,26.6,26.7,26.6,26.6,26.5,26.5,26.7,26.3,26.4
166,28.5,28.6,28.5,28.6,28.7,28.9,28.8,28.9,28.9,28.9,29.1,29.1,29.4,29.4,29.5,29.4,29.5,29.6,29.7,29.7,29.8,29.9,30.2,30.2,30.4,30.4,30.6,30.6,30.9,31.2,31.4,31.7,31.8,32.2,32.5,32.9,33.2,33.6,33.8,34.3,35.0,35.5,35.7,35.8,35.7,35.7,35.3,34.9,35.2,35.5,36.0,36.3,36.4,36.4,36.4,36.2,35.8,35.7,35.7,36.0,36.2,36.3,36.3,35.8,35.6,35.3,35.4,35.6,36.1,36.8,37.7,37.7,37.4,36.8,36.4,36.4,36.7,36.8,36.7,36.8,36.9,36.9,36.9,36.9,36.8,36.9,36.7,36.8,36.9,36.9,36.9,36.8,36.8,36.9,36.8,37.0,36.8,36.9,36.8,36.7,36.4,36.3,36.7,37.2,37.5,37.9,37.8,37.4,35.9,34.2,32.3,30.7,29.7,29.5,29.0,28.9,28.8,28.7,28.7,28.5,28.6,28.6,28.4,28.3,28.1,27.8,27.6,27.7,27.2,27.1,26.9,26.8,26.8,26.9,27.2,27.9,28.7,29.6,30.2,30.1,29.8,30.0,30.6,31.6,31.4,31.0,30.5,29.8,29.3,29.2,28.7,28.5,28.2,28.1,28.1,27.7,27.9,27.7,27.7,27.5,27.4,27.5,27.4,27.2,27.3,27.2,27.2,27.0,27.0,27.2,26.9,26.9,27.0,26.8,27.0,26.9,26.8,26.8,26.9,26.8,26.8,26.8,26.6,26.6,26.5,26.6,26.5,26.6,26.5,26.6,26.5,26.5
167,28.5,28.6,28.5,28.6,28.7,28.6,28.7,28.8,28.9,29.1,29.1,29.1,29.3,29.3,29.5,29.4,29.5,29.7,29.7,29.7,29.8,29.9,29.9,30.0,30.3,30.4,30.4,30.6,30.8,31.1,31.3,31.6,31.6,31.8,32.0,32.0,32.4,32.5,32.9,33.2,33.5,34.1,34.6,34.6,34.4,34.2,34.1,33.7,33.9,34.1,34.7,35.3,35.3,35.3,35.1,34.7,34.3,34.0,34.0,34.0,34.5,35.0,35.3,35.2,34.8,34.9,35.0,35.3,36.1,36.7,37.5,37.1,36.5,35.6,35.1,34.7,34.7,35.0,35.2,35.2,35.0,34.9,35.4,35.4,35.2,35.2,35.0,35.1,35.2,35.1,35.1,35.0,35.0,35.3,35.3,35.2,35.1,35.3,35.3,35.3,35.4,35.6,35.9,36.7,37.1,37.6,37.8,37.2,35.9,34.0,32.0,30.4,29.6,29.2,28.8,28.7,28.7,28.5,28.5,28.3,28.3,28.3,28.0,28.0,27.6,27.4,27.4,27.3,27.0,26.8,26.7,26.7,26.9,26.9,27.1,27.7,28.4,29.4,29.9,30.0,29.9,29.9,30.3,31.4,31.4,31.2,30.4,30.0,29.3,28.8,28.6,28.5,28.3,28.1,28.0,27.8,27.8,27.6,27.6,27.6,27.4,27.3,27.4,27.4,27.2,27.1,27.3,27.0,26.9,26.9,26.9,27.0,26.9,26.9,26.9,26.7,26.7,26.8,26.8,26.6,26.7,26.8,26.5,26.5,26.5,26.6,26.5,26.4,26.4,26.2,26.3,26.4
168,28.5,28.5,28.4,28.5,28.6,28.7,28.8,28.8,29.0,28.9,28.9,29.1,29.2,29.3,29.3,29.2,29.2,29.5,29.6,29.7,29.8,29.9,29.9,30.1,30.1,30.3,30.6,30.6,30.8,31.1,31.2,31.4,31.4,31.5,31.4,31.3,31.3,31.5,31.7,31.9,32.3,32.6,32.8,32.7,32.8,32.8,32.4,32.4,32.6,32.7,33.0,33.5,33.6,33.5,33.3,33.0,32.8,32.5,32.5,32.8,33.3,33.7,34.6,34.9,34.5,34.9,35.0,35.7,36.3,36.8,37.1,36.6,35.3,34.3,33.5,33.2,33.0,33.1,33.0,33.3,33.2,33.2,33.3,33.4,33.1,33.3,33.3,33.3,33.3,33.2,33.2,33.3,33.3,33.3,33.3,33.3,33.5,33.2,33.6,33.7,34.1,34.8,35.4,36.3,37.0,37.4,37.6,37.0,35.6,33.7,32.0,30.3,29.4,28.9,28.7,28.5,28.4,28.3,28.1,28.0,27.8,27.8,27.6,27.5,27.1,27.2,27.0,26.9,26.8,26.8,26.7,26.7,26.9,26.8,27.1,27.6,28.5,29.2,29.8,29.9,29.6,30.0,30.6,31.7,31.4,31.0,30.4,29.7,29.2,28.8,28.4,28.4,28.1,28.0,27.8,27.7,27.8,27.6,27.6,27.4,27.5,27.4,27.4,27.2,27.2,27.0,27.1,27.1,26.9,27.0,26.7,26.9,26.8,26.8,26.9,26.7,26.8,26.8,26.7,26.8,26.6,26.7,26.6,26.6,26.6,26.6,26.4,26.6,26.5,26.5,26.4,26.3
169,28.5,28.6,28.4,28.6,28.6,28.7,28.6,28.9,28.8,28.8,28.8,29.0,29.1,29.3,29.1,29.3,29.3,29.5,29.7,29.5,29.9,29.7,29.9,29.9,30.1,30.3,30.4,30.6,30.8,30.9,31.2,31.3,31.3,31.5,31.0,30.8,30.6,30.9,31.0,31.4,31.4,31.7,31.7,31.7,31.5,31.6,31.3,31.2,31.5,31.7,32.0,32.1,32.2,32.0,32.0,31.7,31.6,31.4,31.5,32.0,32.5,33.0,34.3,34.7,35.0,35.7,35.9,36.3,36.6,37.0,36.9,35.9,34.6,33.2,32.3,31.7,31.7,31.4,31.5,31.5,31.6,31.6,31.7,31.5,31.7,31.7,31.6,31.5,31.6,31.6,31.7,31.6,31.7,31.6,31.7,31.7,31.6,31.9,32.1,32.6,33.3,34.2,35.2,36.1,36.9,37.3,37.4,36.8,35.4,33.5,31.6,30.0,29.1,28.6,28.4,28.1,28.0,27.9,27.7,27.6,27.4,27.4,27.1,27.2,27.0,26.8,26.9,26.8,26.7,26.7,26.7,26.8,26.9,26.9,27.2,27.6,28.1,28.9,29.5,29.6,29.6,29.9,30.6,31.6,31.3,30.9,30.3,29.7,29.0,28.7,28.4,28.5,28.1,28.0,28.0,27.6,27.7,27.7,27.5,27.6,27.4,27.4,27.3,27.4,27.1,27.0,27.1,26.9,26.9,27.0,27.0,26.7,26.8,26.9,26.7,26.8,26.7,26.5,26.7,26.6,26.7,26.7,26.6,26.7,26.6,26.5,26.4,26.4,26.6,26.5,26.2,26.4
170,28.3,28.5,28.3,28.6,28.5,28.5,28.8,28.7,28.9,28.7,29.0,28.9,29.0,29.1,29.4,29.1,29.4,29.4,29.7,29.6,29.7,29.6,29.9,30.0,30.1,30.2,30.4,30.4,30.6,30.8,31.0,31.2,31.2,31.3,30.8,30.7,30.4,30.6,30.5,30.6,30.8,31.0,31.0,30.9,30.9,30.8,30.7,30.7,30.9,31.0,31.2,31.2,31.1,31.1,31.1,30.8,30.4,30.6,30.8,31.4,32.1,32.9,34.3,35.1,35.2,36.1,36.7,36.8,37.1,37.2,36.6,35.7,34.2,32.5,31.3,30.6,30.6,30.3,30.3,30.1,30.4,30.4,30.5,30.3,30.4,30.3,30.4,30.5,30.4,30.3,30.3,30.4,30.2,30.5,30.3,30.4,30.3,30.6,31.1,31.9,32.8,34.0,35.2,36.3,37.0,37.4,37.3,36.6,35.3,33.3,31.5,29.9,29.0,28.3,28.0,27.8,27.6,27.4,27.5,27.2,27.0,27.1,26.9,26.9,26.8,26.8,26.6,26.6,26.7,26.8,26.8,27.1,27.1,27.2,27.2,27.6,28.1,28.6,29.1,29.4,29.5,29.7,30.6,31.5,31.3,30.8,30.2,29.5,29.0,28.7,28.4,28.4,28.0,28.0,27.9,27.8,27.7,27.4,27.5,27.4,27.3,27.4,27.3,27.2,27.2,27.2,26.9,26.9,26.8,26.9,26.8,27.0,26.8,26.8,26.9,26.7,26.6,26.6,26.5,26.5,26.7,26.5,26.5,26.6,26.5,26.3,26.4,26.4,26.4,26.4,26.3,26.5
171,28.4,28.4,28.4,28.5,28.6,28.5,28.6,28.7,28.7,28.9,28.9,29.1,29.2,29.1,29.2,29.2,29.3,29.4,29.4,29.6,29.7,29.7,29.8,29.9,30.0,30.2,30.3,30.4,30.5,30.8,31.0,31.3,31.2,31.0,30.9,30.4,30.3,30.3,30.3,30.4,30.5,30.3,30.6,30.4,30.4,30.4,30.3,30.3,30.3,30.4,30.5,30.6,30.5,30.6,30.5,30.3,30.3,30.4,30.4,31.0,32.0,33.0,34.7,35.7,36.2,36.7,37.2,37.2,37.4,37.4,36.6,35.4,33.8,32.0,30.7,30.1,29.8,29.5,29.8,29.4,29.6,29.6,29.7,29.7,29.6,29.7,29.5,29.8,29.7,29.6,29.6,29.6,29.5,29.6,29.7,29.6,29.5,29.9,30.4,31.2,32.5,34.0,35.4,36.3,37.0,37.4,37.2,36.4,35.1,33.1,31.2,29.7,28.8,28.2,27.8,27.5,27.4,27.3,26.9,27.0,26.8,26.9,26.6,26.5,26.7,26.7,26.7,26.6,26.9,26.9,27.1,27.3,27.2,27.4,27.7,27.6,28.0,28.4,28.9,29.1,29.5,29.7,30.5,31.4,31.4,30.9,30.2,29.6,29.0,28.8,28.3,28.3,28.1,27.9,27.9,27.6,27.6,27.6,27.6,27.3,27.3,27.3,27.2,27.3,27.2,27.1,27.0,27.0,27.0,27.1,26.9,27.0,26.8,26.7,26.7,26.6,26.7,26.6,26.7,26.6,26.6,26.6,26.5,26.6,26.5,26.5,26.7,26.6,26.5,26.3,26.4,26.4
172,28.2,28.4,28.4,28.5,28.5,28.5,28.5,28.6,28.9,28.9,28.9,28.9,28.9,29.1,29.1,29.1,29.3,29.3,29.4,29.5,29.5,29.7,29.7,30.1,29.9,30.1,30.3,30.3,30.5,30.6,31.0,31.0,31.0,31.0,30.8,30.5,30.3,30.2,30.2,30.4,30.2,30.1,30.2,30.2,30.2,30.2,30.2,30.2,30.2,30.3,30.3,30.3,30.2,30.2,30.2,30.2,30.3,30.1,30.3,31.0,31.9,33.1,34.8,36.0,36.6,37.0,37.2,37.5,37.5,37.3,36.5,35.3,33.6,31.7,30.4,29.7,29.5,29.3,29.2,29.2,29.3,29.3,29.2,29.2,29.1,29.1,29.1,29.2,29.1,29.0,29.1,29.1,29.2,29.1,29.0,29.1,29.1,29.3,29.9,31.1,32.4,34.0,35.5,36.6,37.0,37.5,37.1,36.5,35.0,33.0,31.1,29.3,28.5,27.8,27.6,27.5,27.1,27.0,26.9,26.7,26.7,26.8,26.6,26.5,26.6,26.7,26.8,27.0,27.1,27.1,27.2,27.6,27.6,27.7,27.8,27.9,28.1,28.3,28.5,28.8,29.0,29.6,30.4,31.4,31.1,30.7,30.1,29.5,29.0,28.6,28.3,28.2,27.9,27.8,27.8,27.8,27.7,27.4,27.4,27.2,27.3,27.1,27.2,27.3,27.0,27.3,27.0,27.1,26.7,26.9,26.8,26.9,26.9,26.8,26.7,26.8,26.6,26.5,26.5,26.7,26.6,26.7,26.5,26.5,26.6,26.5,26.5,26.3,26.4,26.2,26.3,26.3
173,28.2,28.3,28.3,28.4,28.7,28.6,28.6,28.7,28.7,28.8,28.9,28.9,29.0,29.1,29.1,29.3,29.1,29.3,29.4,29.4,29.4,29.6,29.9,30.0,29.9,30.0,30.1,30.2,30.4,30.6,31.0,31.1,31.1,30.8,30.7,30.5,30.2,30.1,30.1,30.2,30.2,29.9,30.2,29.9,30.1,30.1,29.9,30.0,30.1,29.9,30.2,30.0,30.1,30.1,29.9,30.1,30.0,30.1,30.3,31.1,31.9,33.3,35.0,36.1,36.3,36.5,36.8,37.1,37.3,37.0,36.5,35.2,33.4,31.6,30.3,29.6,29.5,29.2,29.2,29.1,29.1,29.3,29.0,29.0,29.1,28.9,28.9,28.9,28.8,29.1,28.9,29.0,29.1,29.0,29.0,28.9,28.9,29.2,29.8,30.9,32.5,34.3,35.6,36.7,37.2,37.2,37.2,36.5,35.0,32.9,31.0,29.3,28.3,28.0,27.8,27.6,27.4,27.3,27.0,27.0,26.8,26.9,26.7,26.8,26.9,27.0,27.1,27.3,27.5,27.6,27.7,27.7,28.0,28.1,28.0,28.0,28.3,28.4,28.6,28.9,29.1,29.5,30.2,31.5,31.0,30.7,30.1,29.5,29.0,28.7,28.2,28.0,27.9,27.9,27.9,27.6,27.5,27.6,27.4,27.3,27.4,27.2,27.3,27.1,27.1,27.0,27.0,26.9,26.9,26.8,26.9,26.9,26.9,26.9,26.8,26.7,26.8,26.7,26.6,26.7,26.6,26.6,26.5,26.5,26.4,26.5,26.5,26.4,26.4,26.2,26.5,26.3
174,28.3,28.2,28.4,28.5,28.6,28.5,28.4,28.5,28.6,28.7,28.9,28.9,29.0,29.2,29.0,29.1,29.2,29.3,29.4,29.5,29.5,29.7,29.7,29.7,29.8,29.9,30.1,30.4,30.4,30.6,30.9,30.9,30.8,30.8,30.6,30.3,30.2,30.2,30.1,30.1,30.0,29.9,30.0,30.1,30.1,30.1,30.1,30.0,30.1,30.0,29.9,30.1,30.0,30.1,29.9,29.9,30.0,29.9,30.1,31.0,32.0,33.2,34.8,35.5,35.9,35.8,36.0,36.1,36.6,36.7,36.3,35.2,33.6,31.6,30.4,29.7,29.3,29.2,29.2,29.1,29.1,29.0,29.1,28.9,28.9,29.0,28.9,28.9,28.8,28.8,28.9,28.8,29.0,28.8,28.9,28.7,28.8,29.1,29.7,31.0,32.8,34.5,35.9,36.7,37.1,37.2,37.1,36.4,35.1,33.0,30.8,29.2,28.2,27.6,27.6,27.6,27.4,27.2,27.4,27.2,27.2,27.3,27.4,27.3,27.5,27.6,27.7,27.6,27.9,27.9,28.2,28.1,28.2,28.3,28.3,28.4,28.3,28.5,28.6,28.6,29.0,29.3,30.3,31.2,31.1,30.6,29.9,29.5,28.9,28.6,28.4,28.2,28.0,27.7,27.7,27.6,27.5,27.4,27.4,27.1,27.3,27.3,27.2,27.0,27.0,27.1,27.1,27.1,27.1,26.9,26.7,26.7,26.8,26.7,26.7,26.7,26.7,26.6,26.6,26.6,26.6,26.5,26.5,26.6,26.5,26.5,26.3,26.5,26.3,26.2,26.2,26.3
175,28.2,28.3,28.3,28.4,28.4,28.6,28.6,28.6,28.8,28.8,28.7,28.9,28.9,29.1,29.2,29.0,29.3,29.3,29.4,29.4,29.4,29.5,29.6,29.8,29.9,29.9,30.1,30.2,30.4,30.4,30.7,30.8,31.0,30.9,30.7,30.5,30.2,30.2,30.1,30.2,30.1,30.2,30.0,30.1,30.1,30.1,30.1,30.1,30.1,29.9,30.0,30.1,30.0,30.0,30.0,29.9,30.2,30.0,30.4,31.0,32.0,33.1,34.5,35.2,35.2,35.3,35.3,35.4,35.8,36.1,36.1,35.1,33.6,31.7,30.4,29.7,29.3,29.2,29.1,29.2,28.9,29.0,29.1,29.0,29.0,28.8,28.9,28.7,28.9,28.9,28.7,28.9,28.9,28.8,28.8,28.7,28.9,29.2,29.8,31.1,32.7,34.4,35.7,36.5,37.2,37.3,37.1,36.6,35.1,33.0,30.8,29.1,28.0,27.7,27.9,27.6,27.4,27.6,27.4,27.4,27.4,27.5,27.6,27.8,27.9,28.0,28.1,28.1,28.1,28.2,28.4,28.5,28.4,28.3,28.6,28.4,28.4,28.5,28.5,28.7,28.9,29.3,30.2,31.4,31.0,30.5,29.9,29.3,29.0,28.6,28.4,28.2,28.0,28.0,27.6,27.6,27.4,27.4,27.4,27.2,27.4,27.1,27.3,27.0,26.9,27.0,27.0,26.8,27.0,26.9,26.8,26.9,26.9,26.6,26.8,26.6,26.8,26.7,26.7,26.5,26.6,26.4,26.5,26.5,26.4,26.3,26.4,26.5,26.5,26.5,26.3,26.3
176,28.3,28.3,28.4,28.2,28.5,28.6,28.5,28.6,28.6,28.6,28.7,28.7,28.9,29.0,29.1,29.0,29.2,29.3,29.4,29.3,29.4,29.3,29.6,29.7,29.8,29.9,30.2,30.2,30.2,30.6,30.7,30.9,30.8,30.8,30.7,30.5,30.2,30.1,30.1,30.1,30.1,30.1,30.1,30.0,30.1,30.1,30.2,30.1,30.1,30.0,30.0,30.1,30.1,30.1,29.9,29.9,30.0,30.0,30.2,30.8,31.8,32.8,33.9,34.5,34.4,34.3,34.3,34.6,35.3,35.7,36.0,35.1,33.5,31.7,30.4,29.5,29.4,29.3,29.2,29.2,29.1,29.1,29.1,29.2,28.9,28.9,28.8,28.7,28.9,28.8,28.7,28.9,28.8,28.8,28.7,28.7,28.7,29.0,29.7,31.1,32.6,34.0,35.1,36.1,36.8,37.2,37.0,36.5,35.1,33.0,30.8,28.9,27.8,27.6,27.7,27.6,27.5,27.5,27.3,27.4,27.6,27.7,27.8,27.8,28.0,28.2,28.0,28.2,28.1,28.3,28.4,28.3,28.5,28.4,28.4,28.5,28.6,28.5,28.5,28.4,28.9,29.2,30.2,31.4,31.1,30.6,30.0,29.3,28.7,28.5,28.3,28.0,28.0,27.8,27.7,27.6,27.5,27.3,27.4,27.2,27.2,27.2,27.1,27.0,27.0,26.9,26.9,26.8,26.9,26.8,26.7,26.8,26.8,26.8,26.6,26.6,26.7,26.6,26.7,26.5,26.8,26.6,26.5,26.6,26.5,26.6,26.5,26.6,26.4,26.3,26.4,26.3
177,28.2,28.3,28.2,28.5,28.5,28.5,28.5,28.6,28.6,28.6,28.8,28.6,28.8,28.8,28.9,29.1,29.1,29.1,29.1,29.2,29.5,29.5,29.6,29.6,29.7,29.7,30.1,29.9,30.1,30.3,30.6,30.7,30.7,30.8,30.7,30.3,30.1,29.9,30.1,30.0,30.0,30.1,30.1,30.1,30.0,29.9,30.0,30.1,29.9,29.9,29.9,29.9,29.9,30.0,29.9,29.9,30.0,29.9,30.0,30.8,31.6,32.6,33.6,34.0,33.8,33.7,33.8,33.8,34.7,35.3,35.7,34.8,33.5,31.4,30.2,29.5,29.3,29.1,29.0,29.2,29.1,29.1,29.1,29.1,29.2,28.9,28.9,28.7,28.8,28.8,29.1,29.0,29.0,28.8,28.6,28.6,28.7,29.0,29.8,31.0,32.5,34.3,35.0,35.7,36.5,36.8,37.0,36.6,35.1,32.7,30.5,28.8,27.8,27.2,27.4,27.4,27.4,27.5,27.4,27.6,27.6,27.6,27.8,28.0,28.0,28.2,28.3,28.4,28.5,28.3,28.5,28.5,28.4,28.3,28.5,28.5,28.5,28.3,28.3,28.5,28.7,29.1,30.1,31.3,31.2,30.6,29.9,29.2,28.6,28.5,28.2,28.0,27.8,27.9,27.6,27.6,27.4,27.5,27.4,27.1,27.2,27.0,27.1,27.1,27.0,27.0,27.0,26.9,26.9,26.9,26.8,26.8,26.8,26.5,26.7,26.7,26.9,26.7,26.6,26.5,26.6,26.5,26.4,26.4,26.7,26.5,26.4,26.4,26.4,26.4,26.4,26.2
178,28.3,28.3,28.3,28.4,28.4,28.4,28.5,28.5,28.7,28.6,28.7,28.8,28.9,29.1,29.0,29.1,29.0,29.2,29.2,29.3,29.3,29.4,29.5,29.5,29.7,29.7,29.9,29.9,30.1,30.3,30.5,30.6,30.7,30.6,30.6,30.2,30.1,29.9,30.1,30.1,30.1,30.0,30.1,30.0,30.0,30.2,30.0,30.0,30.0,30.0,30.0,29.9,30.0,30.0,29.8,29.9,29.9,29.9,30.0,30.7,31.6,32.4,33.5,34.2,34.0,33.5,33.7,34.1,34.9,35.5,35.7,34.9,33.3,31.6,30.2,29.5,29.3,29.0,28.9,29.1,29.2,29.5,29.2,29.2,29.0,28.9,28.9,28.8,28.9,29.1,29.4,29.2,29.1,28.9,28.8,28.7,28.8,29.1,29.8,31.0,32.5,33.9,34.8,35.5,36.1,36.7,36.8,36.3,35.0,32.9,30.5,28.7,27.6,27.4,27.4,27.4,27.5,27.4,27.3,27.7,27.9,28.0,28.0,28.1,28.2,28.2,28.3,28.1,28.3,28.4,28.5,28.6,28.6,28.4,28.4,28.5,28.5,28.4,28.4,28.3,28.7,29.1,30.2,31.3,31.3,30.6,30.0,29.2,28.9,28.3,28.3,28.0,27.9,27.8,27.5,27.6,27.4,27.3,27.2,27.4,27.0,26.9,27.2,27.1,27.0,27.0,27.1,26.8,26.8,26.8,26.6,26.8,26.9,26.6,26.8,26.7,26.6,26.6,26.6,26.5,26.5,26.4,26.5,26.5,26.4,26.4,26.5,26.4,26.5,26.3,26.5,26.4
179,28.2,28.2,28.1,28.3,28.3,28.4,28.4,28.5,28.5,28.6,28.7,28.7,28.8,29.0,28.9,29.0,29.0,29.1,29.1,29.3,29.3,29.3,29.5,29.6,29.6,29.8,29.9,29.8,30.0,30.4,30.6,30.6,30.5,30.7,30.4,30.3,30.2,30.1,30.1,29.9,29.9,30.1,30.1,29.9,29.9,29.8,30.0,29.9,30.0,30.0,30.0,30.1,30.1,29.8,29.8,30.0,29.8,30.1,30.0,30.7,31.5,32.6,33.9,34.7,34.6,34.4,34.6,34.7,35.6,36.1,35.8,34.8,33.3,31.6,30.2,29.5,29.3,29.0,29.0,29.1,29.3,29.3,29.4,29.3,29.0,29.0,28.9,28.9,29.0,29.1,29.4,29.3,29.1,28.9,28.8,28.8,28.7,28.9,29.7,31.1,32.6,33.8,34.7,35.6,36.1,36.6,36.7,36.4,34.9,32.5,30.4,28.6,27.6,27.3,27.4,27.4,27.5,27.6,27.7,27.9,28.0,28.2,28.1,28.3,28.3,28.4,28.5,28.5,28.4,28.3,28.5,28.5,28.5,28.4,28.4,28.5,28.5,28.5,28.4,28.5,28.6,29.0,30.0,31.3,31.1,30.6,29.8,29.2,28.6,28.4,28.0,28.0,27.9,27.6,27.4,27.4,27.4,27.3,27.2,27.2,27.0,27.1,27.1,26.8,26.9,26.9,26.8,26.7,26.8,26.9,26.6,26.7,26.7,26.7,26.7,26.5,26.6,26.4,26.4,26.4,26.5,26.5,26.3,26.5,26.5,26.5,26.5,26.4,26.3,26.2,26.5,26.4
180,28.1,28.0,28.2,28.2,28.4,28.5,28.5,28.4,28.6,28.5,28.6,28.7,28.8,28.8,28.8,28.9,29.2,29.1,29.2,29.3,29.2,29.3,29.4,29.5,29.6,29.8,29.7,29.8,30.0,30.2,30.2,30.4,30.5,30.8,30.4,30.2,30.0,29.9,30.1,30.0,30.0,30.0,30.0,29.9,30.0,30.0,30.1,30.0,30.0,29.9,29.8,29.9,29.9,29.8,29.7,30.0,29.8,29.9,30.2,30.8,31.8,32.9,34.1,35.1,35.3,35.4,35.6,35.7,36.2,36.3,36.0,34.9,33.3,31.5,30.1,29.5,29.3,29.0,29.1,29.1,29.2,29.3,29.3,29.0,29.1,28.9,28.7,28.8,29.1,29.0,29.2,29.1,29.1,28.9,28.7,28.5,28.5,29.0,29.7,30.8,32.5,33.7,34.6,35.6,36.1,36.7,36.7,36.1,34.8,32.7,30.3,28.6,27.6,27.3,27.3,27.5,27.8,28.0,28.0,28.0,28.1,28.3,28.3,28.2,28.4,28.5,28.4,28.5,28.5,28.5,28.6,28.5,28.5,28.6,28.5,28.5,28.5,28.5,28.4,28.5,28.7,29.2,30.1,31.4,31.0,30.6,29.7,29.0,28.5,28.3,28.0,27.8,27.7,27.6,27.6,27.3,27.4,27.3,27.2,27.1,27.0,27.2,26.9,27.0,26.9,26.9,26.9,26.9,26.8,26.8,26.6,26.8,26.6,26.7,26.5,26.6,26.5,26.5,26.7,26.4,26.5,26.5,26.5,26.3,26.3,26.5,26.5,26.4,26.3,26.3,26.4,26.3
181,28.2,28.0,28.1,28.1,28.1,28.5,28.3,28.3,28.5,28.5,28.6,28.7,28.5,28.7,28.6,28.9,28.9,28.9,29.0,29.2,29.1,29.2,29.3,29.3,29.5,29.5,29.7,30.0,29.9,30.1,30.2,30.4,30.5,30.3,30.4,30.1,30.1,29.8,30.0,29.9,29.9,29.7,30.1,30.0,29.8,29.9,29.9,29.8,29.8,29.9,29.8,30.0,29.9,29.8,29.7,29.8,29.9,30.0,30.1,30.7,31.8,32.8,34.4,35.4,35.9,36.2,36.4,36.5,36.7,36.5,36.1,35.0,33.3,31.5,30.1,29.6,29.3,29.1,29.1,29.1,29.0,29.3,29.2,29.1,28.9,28.8,28.7,28.8,28.8,28.8,29.1,28.9,28.9,28.8,28.5,28.5,28.7,28.9,29.9,31.0,32.5,33.9,35.1,35.7,36.4,36.6,36.8,36.3,34.8,32.6,30.3,28.6,27.8,27.6,27.4,27.7,27.9,28.1,28.1,28.1,28.3,28.3,28.2,28.3,28.2,28.3,28.3,28.5,28.3,28.4,28.4,28.3,28.6,28.4,28.5,28.4,28.4,28.4,28.5,28.5,28.6,29.1,30.1,31.3,31.0,30.4,29.6,28.8,28.3,28.0,27.9,27.9,27.7,27.5,27.5,27.5,27.3,27.3,27.3,27.3,27.1,27.0,27.1,27.0,26.9,26.8,26.8,26.9,26.7,26.7,26.7,26.8,26.8,26.6,26.6,26.5,26.5,26.6,26.5,26.7,26.5,26.5,26.5,26.4,26.4,26.3,26.5,26.3,26.5,26.3,26.2,26.3
182,28.2,28.0,28.2,28.2,28.2,28.3,28.3,28.3,28.5,28.6,28.7,28.6,28.8,28.8,29.0,28.9,29.0,29.0,29.1,29.1,29.2,29.2,29.4,29.4,29.5,29.7,29.7,29.7,29.9,30.1,30.2,30.5,30.5,30.4,30.4,30.2,29.9,29.9,29.8,30.0,29.8,29.9,30.1,29.9,30.0,30.0,29.8,29.7,30.0,29.7,30.0,29.8,29.9,29.8,29.7,29.8,29.9,30.0,30.2,30.7,31.8,33.0,34.7,36.0,36.4,36.8,36.8,36.9,37.2,36.9,36.4,34.9,33.4,31.6,30.2,29.7,29.2,29.1,29.0,28.9,29.1,29.1,29.1,28.9,28.9,28.7,28.6,28.8,28.7,28.7,28.8,28.7,28.8,28.7,28.5,28.6,28.6,29.0,29.7,31.0,32.8,34.4,35.4,36.1,36.5,36.6,36.9,36.4,34.7,32.7,30.5,29.1,28.1,27.7,27.8,27.8,28.2,28.1,28.3,28.3,28.2,28.3,28.2,28.3,28.2,28.3,28.3,28.3,28.5,28.4,28.2,28.4,28.5,28.4,28.3,28.6,28.5,28.5,28.4,28.5,28.7,29.0,30.1,31.3,31.0,30.2,29.5,29.0,28.4,28.1,27.7,27.8,27.7,27.5,27.4,27.5,27.2,27.4,27.2,26.9,27.0,27.0,26.9,26.9,26.9,26.7,26.7,26.9,26.7,26.7,26.6,26.7,26.7,26.8,26.6,26.6,26.4,26.6,26.6,26.5,26.4,26.6,26.5,26.4,26.4,26.4,26.4,26.5,26.4,26.3,26.3,26.2
183,28.0,28.0,28.1,28.2,28.2,28.4,28.2,28.3,28.3,28.5,28.6,28.7,28.7,28.8,28.7,28.8,28.9,28.9,29.0,29.1,29.1,29.2,29.3,29.5,29.6,29.4,29.7,29.7,29.8,30.0,30.1,30.3,30.4,30.5,30.3,30.2,29.8,29.8,30.2,30.0,29.9,30.0,30.2,29.8,29.9,29.9,29.9,29.9,29.9,29.9,29.9,29.9,29.8,29.9,29.9,29.8,29.8,30.0,30.2,30.7,31.8,33.1,34.7,36.0,36.6,36.8,37.2,37.3,37.4,36.9,36.2,34.9,33.3,31.5,30.2,29.5,29.3,29.3,29.1,29.1,28.9,29.0,28.9,28.8,28.7,28.7,28.5,28.7,28.9,28.7,28.8,28.7,28.7,28.7,28.4,28.5,28.6,29.0,29.5,31.1,33.1,34.7,35.7,36.4,36.8,37.1,36.8,36.3,34.6,32.6,30.7,29.3,28.2,28.0,28.1,28.2,28.3,28.3,28.2,28.2,28.4,28.3,28.2,28.2,28.2,28.5,28.4,28.5,28.4,28.4,28.5,28.3,28.5,28.4,28.5,28.4,28.5,28.6,28.5,28.4,28.7,29.2,30.1,31.2,31.0,30.3,29.6,28.9,28.3,28.0,27.8,27.8,27.7,27.5,27.4,27.3,27.1,27.2,27.2,27.1,27.2,27.0,27.0,27.1,26.9,26.6,26.8,26.9,26.8,26.9,26.6,26.8,26.7,26.6,26.7,26.6,26.5,26.5,26.4,26.4,26.5,26.6,26.5,26.3,26.3,26.4,26.5,26.2,26.5,26.4,26.2,26.2
184,28.1,28.2,28.1,28.1,28.3,28.3,28.4,28.3,28.5,28.6,28.6,28.6,28.7,28.7,28.7,28.7,29.1,28.8,29.0,29.0,29.0,29.0,29.3,29.3,29.5,29.5,29.5,29.7,29.7,29.9,30.0,30.2,30.3,30.4,30.3,30.2,30.0,29.9,29.9,30.1,29.9,29.9,29.9,29.9,29.8,29.8,29.9,29.9,30.0,30.0,30.0,30.0,29.8,29.9,29.8,29.9,29.7,29.9,30.0,30.8,31.8,33.0,34.9,35.9,36.4,36.8,37.2,37.4,37.4,37.0,36.2,34.9,33.4,31.4,30.2,29.5,29.4,29.2,28.9,29.0,28.9,29.0,29.0,28.8,28.8,28.8,28.7,28.7,28.6,28.5,28.7,28.5,28.6,28.4,28.3,28.3,28.5,28.7,29.8,31.3,33.3,34.9,36.0,36.6,37.0,36.9,36.8,36.2,34.6,32.8,30.6,29.1,28.5,28.3,28.1,28.2,28.2,28.3,28.2,28.3,28.3,28.3,28.2,28.2,28.1,28.5,28.3,28.4,28.4,28.3,28.4,28.5,28.5,28.3,28.5,28.3,28.7,28.4,28.4,28.3,28.7,29.0,30.1,31.0,30.6,30.0,29.6,28.7,28.3,28.0,27.7,27.7,27.4,27.5,27.3,27.3,27.1,27.2,27.2,27.0,27.0,27.0,26.9,26.8,26.8,26.6,26.7,26.7,26.6,26.7,26.6,26.7,26.6,26.7,26.6,26.5,26.7,26.6,26.5,26.4,26.6,26.5,26.3,26.5,26.5,26.4,26.6,26.5,26.4,26.3,26.3,26.1
185,28.0,28.0,28.0,28.1,28.1,28.4,28.3,28.4,28.4,28.2,28.5,28.6,28.5,28.7,28.7,28.8,28.9,28.8,28.9,29.0,29.1,29.0,29.3,29.1,29.3,29.3,29.6,29.7,29.7,29.8,30.0,30.3,30.3,30.2,30.2,29.9,29.9,29.8,29.9,29.9,30.0,29.8,29.8,29.9,29.9,29.9,29.9,29.8,30.0,29.9,29.9,29.8,29.9,29.9,29.8,29.9,29.8,29.9,29.9,30.7,31.8,33.0,34.6,35.6,36.3,36.4,37.1,37.2,37.3,37.0,36.3,35.1,33.5,31.5,30.1,29.5,29.3,29.1,29.1,29.1,28.9,29.1,28.9,28.8,28.8,28.8,28.6,28.4,28.6,28.5,28.6,28.4,28.7,28.5,28.4,28.4,28.5,29.0,29.9,31.3,33.3,35.0,36.3,36.7,36.9,37.0,36.7,35.9,34.6,32.7,30.6,29.3,28.6,28.2,28.3,28.0,28.1,28.3,28.1,28.1,28.2,28.1,28.2,28.2,28.0,28.3,28.3,28.3,28.2,28.3,28.3,28.4,28.3,28.3,28.4,28.3,28.5,28.4,28.4,28.4,28.6,28.9,29.9,30.9,30.4,29.9,29.4,28.6,28.1,27.8,27.8,27.5,27.5,27.4,27.4,27.3,27.1,27.2,27.1,26.8,27.0,26.9,26.9,27.0,26.9,26.8,26.7,26.7,26.7,26.6,26.5,26.7,26.5,26.6,26.5,26.6,26.5,26.5,26.5,26.4,26.5,26.4,26.5,26.4,26.3,26.2,26.3,26.3,26.2,26.2,26.4,26.3
186,28.0,28.2,28.0,28.2,28.3,28.4,28.3,28.3,28.5,28.5,28.4,28.7,28.6,28.7,28.7,28.7,28.8,28.8,29.0,28.9,29.1,29.1,29.2,29.2,29.4,29.4,29.5,29.6,29.7,29.8,29.9,30.1,30.0,30.3,30.1,29.9,29.9,30.0,30.0,30.2,30.1,29.9,30.0,29.8,30.0,29.9,30.0,29.9,29.9,29.9,29.9,29.9,29.9,29.9,30.0,29.8,29.9,30.0,30.1,30.6,31.7,32.7,34.3,35.3,35.9,36.1,36.8,37.2,37.2,36.9,36.2,35.0,33.3,31.6,30.3,29.7,29.3,29.1,29.0,28.9,28.9,29.0,29.0,29.0,28.8,28.7,28.7,28.5,28.5,28.5,28.5,28.4,28.5,28.4,28.4,28.4,28.6,28.8,29.7,31.3,33.1,34.8,36.2,36.7,36.9,36.9,36.5,35.9,34.5,32.5,30.7,29.3,28.6,28.1,28.0,28.1,28.2,28.1,28.2,28.3,28.2,28.2,28.1,28.0,28.1,28.3,28.1,28.2,28.2,28.1,28.1,28.2,28.2,28.2,28.2,28.3,28.2,28.3,28.3,28.5,28.7,29.2,29.9,30.7,30.1,29.7,28.9,28.5,28.2,27.7,27.6,27.6,27.5,27.4,27.3,27.1,27.1,27.0,27.1,26.9,27.0,26.7,26.9,26.7,26.7,26.7,26.8,26.8,26.7,26.7,26.8,26.6,26.6,26.5,26.6,26.6,26.4,26.4,26.4,26.5,26.4,26.5,26.2,26.4,26.2,26.3,26.4,26.4,26.4,26.2,26.2,26.3
187,28.1,27.9,28.1,28.2,28.0,28.2,28.3,28.4,28.4,28.2,28.4,28.5,28.4,28.7,28.7,28.7,28.8,28.7,28.7,29.0,29.0,28.9,29.0,29.1,29.2,29.3,29.5,29.5,29.8,29.7,30.0,29.9,30.1,30.1,29.9,30.0,30.0,30.1,30.2,30.2,29.8,30.0,29.9,29.9,29.9,29.9,30.0,30.0,30.0,29.9,30.0,30.0,30.0,29.9,29.9,30.0,29.9,30.0,30.1,30.5,31.5,32.5,33.9,34.9,35.7,36.1,36.8,37.1,37.2,37.0,36.3,35.0,33.3,31.6,30.2,29.7,29.3,29.3,29.1,29.1,28.9,28.9,28.9,28.8,28.8,28.8,28.7,28.7,28.7,28.4,28.5,28.6,28.4,28.5,28.3,28.4,28.3,29.0,29.7,31.2,32.8,34.6,35.9,36.6,36.7,36.7,36.6,35.7,34.4,32.4,30.6,29.1,28.4,28.1,28.0,28.0,27.9,28.0,27.9,27.9,28.0,28.2,28.1,28.1,28.0,28.0,28.2,28.1,28.0,28.1,28.0,28.3,28.1,28.2,28.1,28.2,28.1,28.4,28.2,28.4,28.7,29.1,29.7,30.4,29.8,29.5,28.8,28.3,27.9,27.7,27.4,27.5,27.4,27.3,27.3,27.2,27.2,27.1,26.9,26.8,26.9,26.9,26.9,26.8,26.9,26.9,26.7,26.6,26.6,26.7,26.5,26.7,26.4,26.6,26.5,26.4,26.5,26.4,26.3,26.4,26.3,26.4,26.3,26.3,26.2,26.4,26.4,26.5,26.2,26.4,26.3,26.3
188,28.1,28.0,28.0,28.1,28.2,28.3,28.2,28.3,28.5,28.5,28.4,28.5,28.5,28.5,28.7,28.6,28.7,28.8,28.9,28.8,29.0,28.9,29.0,29.2,29.3,29.3,29.4,29.6,29.7,29.7,29.8,29.9,30.0,30.0,30.1,30.1,29.9,30.0,30.1,30.1,29.9,29.9,30.0,29.9,30.0,30.0,30.1,30.0,30.1,30.0,30.1,30.0,30.0,30.0,30.0,29.7,30.1,30.1,30.0,30.4,31.2,32.3,33.6,34.7,35.5,35.9,36.4,36.9,37.0,36.7,36.1,34.9,33.3,31.4,30.4,29.7,29.5,29.4,29.3,29.2,29.1,29.0,28.9,29.1,29.0,29.0,29.0,29.1,28.8,28.8,28.7,28.5,28.5,28.5,28.3,28.3,28.5,28.8,29.5,30.9,32.7,34.4,35.7,36.4,36.5,36.6,36.4,35.7,34.1,32.3,30.5,28.8,28.1,27.8,27.6,27.7,27.8,27.8,27.7,27.8,27.9,28.1,28.0,28.2,28.1,28.0,28.2,28.0,27.9,27.8,27.8,28.0,27.9,28.1,28.1,28.1,28.3,28.4,28.4,28.8,28.9,29.3,29.7,29.8,29.4,29.0,28.5,28.2,27.9,27.5,27.5,27.6,27.4,27.3,27.2,27.2,27.1,27.2,27.1,26.7,27.0,27.0,27.0,26.8,26.8,26.8,26.8,26.8,26.7,26.7,26.7,26.5,26.5,26.7,26.7,26.4,26.5,26.5,26.3,26.6,26.4,26.5,26.3,26.5,26.5,26.4,26.3,26.3,26.3,26.3,26.2,26.4
189,27.9,27.8,28.0,28.0,28.2,28.1,28.2,28.3,28.4,28.5,28.6,28.4,28.5,28.6,28.6,28.7,28.6,28.7,28.8,28.9,28.9,28.9,29.1,29.2,29.3,29.3,29.4,29.5,29.5,29.7,29.9,30.0,29.9,29.9,29.9,29.9,30.0,30.1,30.3,30.2,30.0,30.0,29.9,30.0,30.0,30.3,30.1,29.9,30.1,30.2,30.3,30.2,30.0,29.8,29.9,29.8,30.0,30.0,30.1,30.4,31.2,32.1,33.3,34.3,35.2,35.5,36.1,36.5,36.4,36.5,35.8,34.5,33.0,31.3,30.2,29.8,30.1,29.7,29.2,29.2,29.1,29.2,29.4,29.6,29.6,29.8,29.8,29.8,29.4,29.3,29.0,28.7,28.6,28.4,28.6,28.4,28.7,28.9,29.7,30.7,32.6,34.4,35.6,36.3,36.5,36.5,36.1,35.4,34.0,32.0,30.3,28.6,27.8,27.4,27.5,27.5,27.5,27.8,27.8,27.6,27.8,27.9,28.1,28.2,28.1,28.3,28.1,28.0,27.8,28.0,27.8,28.0,27.9,28.0,28.1,28.1,28.4,28.7,28.9,29.0,29.2,29.3,29.5,29.5,29.3,28.6,28.4,28.1,27.8,27.7,27.6,27.4,27.3,27.4,27.2,27.2,27.1,27.0,26.8,26.7,26.9,26.8,26.9,26.8,26.9,26.7,26.7,26.7,26.7,26.6,26.4,26.5,26.5,26.6,26.4,26.5,26.5,26.6,26.4,26.5,26.4,26.5,26.5,26.4,26.4,26.5,26.4,26.5,26.4,26.4,26.4,26.4
190,27.9,28.2,28.1,28.0,28.0,28.1,28.2,28.2,28.3,28.3,28.5,28.4,28.4,28.3,28.5,28.7,28.7,28.6,28.7,28.6,28.9,28.8,29.1,28.8,29.0,29.2,29.3,29.5,29.4,29.5,29.6,29.9,29.9,29.9,30.0,30.0,30.1,30.1,30.3,30.3,30.1,29.9,30.0,29.8,30.2,30.2,30.2,29.9,30.0,30.2,30.3,30.2,30.0,30.0,29.9,30.0,30.0,30.0,30.2,30.4,30.9,31.7,33.0,33.7,34.4,34.7,35.1,35.4,35.6,35.3,34.7,34.0,32.7,31.4,30.4,30.2,30.2,30.0,29.4,29.3,29.3,29.6,29.9,30.2,30.4,31.0,30.9,30.7,30.1,29.9,29.6,28.9,28.7,28.5,28.5,28.4,28.6,29.0,29.4,30.8,32.5,34.3,35.5,35.8,36.3,36.1,35.8,35.2,33.7,31.9,30.0,28.5,27.6,27.5,27.4,27.4,27.2,27.6,27.6,27.5,27.9,28.0,28.0,28.2,28.2,28.1,28.0,28.2,28.1,28.0,28.1,27.9,28.1,28.1,28.3,28.4,28.7,29.0,29.1,29.3,29.4,29.4,29.4,29.1,28.8,28.5,28.1,27.9,27.6,27.4,27.4,27.2,27.3,27.2,27.2,26.9,27.1,27.2,26.9,26.9,26.7,26.9,26.8,26.8,26.7,26.7,26.9,26.6,26.7,26.7,26.6,26.5,26.5,26.6,26.4,26.5,26.6,26.5,26.3,26.5,26.4,26.5,26.4,26.3,26.4,26.3,26.3,26.5,26.2,26.3,26.4,26.4
191,27.9,27.9,28.0,28.0,28.0,28.1,28.2,28.1,28.4,28.4,28.5,28.4,28.5,28.5,28.6,28.5,28.6,28.7,28.7,28.7,28.7,28.8,28.9,28.8,29.0,28.9,29.1,29.1,29.3,29.4,29.6,29.7,29.5,29.8,29.7,29.9,30.1,30.1,30.1,30.3,30.0,29.9,29.9,30.1,30.0,30.2,30.3,30.0,30.1,30.1,30.2,30.2,30.1,30.0,29.9,29.8,29.9,30.1,30.1,30.3,30.8,31.5,32.5,33.1,33.5,33.5,33.7,33.8,33.9,33.8,33.4,32.7,31.9,31.0,30.4,30.2,30.3,30.3,29.6,29.3,29.3,29.9,30.1,30.7,31.1,31.3,31.0,31.2,30.7,30.1,29.9,29.1,28.7,28.3,28.4,28.7,28.7,28.8,29.4,30.4,32.0,33.5,34.4,34.9,35.1,35.0,34.9,34.3,33.1,31.2,29.6,28.3,27.5,27.1,27.1,27.2,27.1,27.2,27.2,27.4,27.5,27.8,28.1,28.0,28.2,28.3,28.3,28.0,28.0,28.1,28.1,28.0,27.9,28.1,28.4,28.9,29.1,29.2,29.4,29.5,29.3,29.3,29.3,29.0,28.5,28.2,28.0,27.7,27.7,27.5,27.4,27.3,27.3,27.2,27.1,27.2,27.0,26.9,26.9,26.9,27.1,26.8,26.6,26.7,26.7,26.6,26.7,26.7,26.5,26.5,26.5,26.6,26.5,26.5,26.4,26.4,26.5,26.4,26.4,26.2,26.5,26.3,26.3,26.5,26.4,26.2,26.3,26.4,26.4,26.3,26.2,26.2
192,27.8,27.9,27.9,28.0,28.0,28.1,28.1,28.0,28.2,28.2,28.4,28.4,28.4,28.3,28.6,28.5,28.6,28.5,28.9,28.7,28.8,28.8,28.8,28.9,28.8,29.0,29.2,29.2,29.3,29.4,29.5,29.6,29.5,29.6,29.7,29.7,30.0,30.1,30.1,30.2,30.1,30.1,30.2,30.1,30.0,30.3,30.0,30.1,30.2,30.0,30.2,30.2,30.1,30.0,29.9,29.9,29.9,30.1,30.0,30.4,30.5,31.1,32.1,32.5,32.6,32.7,32.7,32.7,32.6,32.7,32.4,32.0,31.3,30.7,30.4,30.3,30.4,30.4,29.7,29.5,29.4,29.9,30.3,31.0,31.5,31.6,31.6,31.4,31.2,30.5,30.1,29.3,28.6,28.4,28.6,28.6,28.7,28.9,29.4,30.3,31.7,32.5,33.3,33.8,33.9,33.9,33.8,33.2,32.2,30.6,29.3,28.0,27.2,26.9,26.9,26.9,27.0,27.1,27.1,27.2,27.4,27.5,27.6,27.8,27.9,27.9,27.9,28.0,27.9,28.0,28.2,28.1,28.4,28.7,28.9,29.1,29.3,29.5,29.5,29.5,29.6,29.4,29.2,28.8,28.4,28.1,27.7,27.6,27.7,27.2,27.2,27.3,27.2,27.0,27.1,26.9,27.0,27.2,26.9,26.7,26.7,26.8,26.9,26.7,26.7,26.7,26.9,26.6,26.5,26.6,26.5,26.6,26.6,26.7,26.6,26.6,26.5,26.6,26.5,26.4,26.4,26.4,26.5,26.3,26.4,26.3,26.4,26.4,26.2,26.4,26.0,26.1
193,27.9,28.0,27.9,28.0,28.1,28.2,28.0,28.1,28.1,28.2,28.3,28.2,28.4,28.5,28.4,28.7,28.5,28.6,28.5,28.6,28.7,28.8,28.8,28.9,28.9,29.0,29.0,29.1,29.1,29.3,29.2,29.4,29.6,29.5,29.4,29.6,29.9,30.0,30.1,30.1,30.2,30.1,30.0,30.1,30.4,30.4,30.1,30.0,30.1,30.2,30.1,30.3,30.3,30.1,30.0,29.9,30.1,30.1,30.1,30.2,30.5,31.0,31.5,32.0,31.9,31.9,31.6,31.6,31.8,31.4,31.6,31.3,30.9,30.5,30.2,30.3,30.4,30.4,29.8,29.4,29.5,29.9,30.4,31.1,31.6,32.0,31.8,31.8,31.5,30.9,30.3,29.5,28.9,28.7,28.8,28.8,28.7,28.8,29.1,30.1,31.2,32.2,32.7,33.0,32.9,33.0,32.8,32.5,31.6,30.1,28.7,27.6,26.9,26.7,26.5,26.7,26.8,26.7,27.0,27.1,27.3,27.3,27.5,27.4,27.5,27.8,28.0,27.8,28.0,28.1,28.3,28.5,28.9,29.0,29.1,29.2,29.5,29.4,29.5,29.4,29.6,29.4,29.0,28.5,28.2,28.0,27.6,27.7,27.4,27.4,27.2,27.2,27.2,27.2,27.1,27.0,26.8,26.8,26.8,26.8,26.9,26.7,26.7,26.7,26.6,26.6,26.6,26.6,26.5,26.7,26.5,26.5,26.6,26.5,26.3,26.4,26.6,26.3,26.2,26.0,26.4,26.3,26.4,26.4,26.3,26.4,26.1,26.2,26.2,26.3,26.1,26.3
194,28.0,27.8,28.0,28.1,28.0,28.1,28.1,28.3,28.3,28.2,28.3,28.3,28.4,28.3,28.6,28.5,28.7,28.5,28.6,28.7,28.6,28.7,28.7,28.7,28.7,28.8,28.9,29.0,29.1,29.1,29.2,29.3,29.2,29.4,29.5,29.7,29.8,29.9,30.1,30.2,30.3,30.2,30.3,30.3,30.5,30.6,30.1,30.1,29.9,30.1,30.0,30.3,30.5,30.2,30.2,30.1,30.2,30.3,30.2,30.2,30.4,30.4,31.2,31.7,31.5,31.4,31.1,30.8,30.9,30.9,31.0,30.6,30.6,30.2,30.4,30.2,30.4,30.5,30.0,29.6,29.6,30.1,30.6,31.2,31.5,31.9,31.8,31.8,31.5,30.8,30.5,29.5,29.0,28.6,28.9,29.0,28.7,28.9,29.3,29.8,30.9,31.6,31.9,32.2,32.0,32.2,32.1,31.8,30.9,29.5,28.1,27.3,26.2,26.2,26.2,26.3,26.5,26.6,26.6,27.0,26.9,27.2,27.4,27.5,27.7,27.8,27.9,28.1,28.5,28.6,28.7,29.0,29.1,29.2,29.3,29.6,29.5,29.4,29.4,29.5,29.4,29.3,28.9,28.3,28.0,27.9,27.5,27.5,27.2,27.2,27.3,27.1,27.2,27.1,27.0,26.9,27.0,26.8,26.7,27.0,26.8,26.6,26.6,26.7,26.7,26.7,26.6,26.6,26.7,26.6,26.6,26.5,26.6,26.5,26.5,26.5,26.3,26.3,26.4,26.3,26.3,26.4,26.1,26.3,26.2,26.3,26.4,26.3,26.2,26.3,26.2,26.2
195,27.8,27.8,27.8,27.8,27.9,28.0,28.0,28.0,28.0,28.0,28.2,28.5,28.2,28.3,28.4,28.4,28.5,28.4,28.4,28.6,28.6,28.5,28.7,28.6,28.6,28.6,28.8,28.8,28.9,29.1,29.0,29.0,29.0,29.4,29.5,29.5,29.6,29.9,30.2,30.3,30.6,30.5,30.4,30.5,30.7,30.9,30.2,30.0,29.9,30.1,30.1,30.3,30.6,30.7,30.3,30.2,30.6,30.6,30.4,30.3,30.2,30.4,31.1,31.4,31.0,30.8,30.6,30.2,30.1,30.3,30.4,30.4,30.3,30.1,30.1,30.0,30.3,30.6,30.3,29.8,29.9,30.3,30.8,31.2,31.3,31.6,31.5,31.6,31.5,30.8,30.4,29.7,29.0,28.9,29.2,29.2,28.9,28.8,29.1,29.6,30.1,31.0,31.2,31.5,31.4,31.3,31.2,31.2,30.4,29.1,27.6,26.7,26.1,25.9,26.0,25.8,26.0,26.2,26.5,26.5,26.7,27.0,27.1,27.3,27.6,28.0,28.2,28.6,28.7,28.9,29.1,29.1,29.2,29.3,29.4,29.5,29.5,29.5,29.4,29.4,29.4,29.2,28.9,28.5,28.0,27.7,27.3,27.4,27.2,27.2,27.0,27.0,27.0,27.1,26.9,26.9,26.9,26.9,26.7,26.6,26.6,26.8,26.6,26.7,26.7,26.4,26.6,26.6,26.5,26.5,26.4,26.5,26.4,26.4,26.4,26.4,26.6,26.3,26.4,26.3,26.1,26.3,26.3,26.2,26.3,26.1,26.2,26.3,26.3,26.1,26.1,26.2
196,27.8,27.8,27.8,27.8,27.9,27.8,27.9,28.2,28.0,28.0,28.1,28.3,28.1,28.3,28.3,28.3,28.5,28.4,28.3,28.5,28.6,28.7,28.6,28.6,28.7,28.8,28.8,28.8,28.8,29.0,28.9,29.0,29.1,29.1,29.2,29.4,29.7,29.9,30.3,30.4,30.5,30.8,30.5,30.6,31.1,31.2,30.4,30.0,29.9,30.1,30.3,30.7,30.6,30.9,30.4,30.5,30.7,30.9,30.4,30.2,30.4,30.4,31.0,31.1,30.9,30.8,30.4,30.2,29.8,30.1,30.1,30.2,30.1,30.1,30.1,30.2,30.5,30.8,30.6,30.3,30.3,30.8,31.2,31.2,31.3,31.4,31.3,31.2,31.3,30.9,30.6,29.9,29.5,29.4,29.6,29.6,29.2,29.0,29.1,29.6,30.2,30.6,31.0,30.9,31.0,30.8,30.8,30.5,29.9,28.9,27.6,26.5,25.8,25.6,25.7,25.5,25.7,25.8,26.0,26.3,26.5,26.7,26.8,27.2,27.8,28.4,28.7,28.8,28.9,29.3,29.3,29.2,29.3,29.3,29.5,29.5,29.5,29.4,29.5,29.4,29.5,29.2,28.8,28.5,28.0,27.7,27.4,27.3,27.0,27.1,27.0,27.0,26.9,26.9,26.8,26.9,26.9,26.7,26.6,26.7,26.8,26.7,26.7,26.5,26.6,26.5,26.7,26.4,26.4,26.6,26.6,26.6,26.5,26.6,26.4,26.6,26.5,26.5,26.3,26.3,26.2,26.3,26.4,26.3,26.3,26.2,26.2,26.3,26.3,26.3,26.2,26.1
197,27.7,27.7,27.9,27.9,27.9,28.0,28.1,28.1,28.2,28.0,28.3,28.1,28.3,28.3,28.3,28.4,28.1,28.6,28.4,28.6,28.5,28.6,28.7,28.7,28.7,28.6,28.7,28.8,28.9,28.8,28.9,28.9,28.9,29.2,29.3,29.3,29.6,30.1,30.2,30.4,30.5,30.9,30.7,30.7,31.0,31.1,30.4,30.1,29.8,30.3,30.3,30.6,30.7,31.0,30.8,30.6,30.9,31.0,30.5,30.2,30.2,30.3,30.8,31.0,31.1,30.8,30.4,30.0,29.6,29.7,29.9,29.9,29.9,29.9,29.9,30.1,30.4,30.8,31.2,30.8,30.9,31.1,31.1,31.2,30.8,30.8,30.9,30.6,30.9,30.8,30.7,30.5,30.3,30.1,30.2,29.9,29.3,28.9,28.9,29.5,30.2,31.0,30.8,30.6,30.6,30.5,30.4,30.2,29.7,28.5,27.2,26.3,25.8,25.6,25.6,25.6,25.4,25.6,25.6,25.9,26.0,26.1,26.5,27.0,27.8,28.5,28.9,29.0,29.1,29.2,29.4,29.4,29.5,29.4,29.5,29.4,29.5,29.5,29.4,29.4,29.3,29.2,28.9,28.4,27.8,27.5,27.5,27.3,27.1,27.0,26.9,27.1,27.1,26.9,26.9,26.7,26.7,26.7,26.8,26.6,26.9,26.6,26.6,26.5,26.5,26.5,26.6,26.6,26.5,26.5,26.4,26.5,26.5,26.3,26.2,26.4,26.5,26.4,26.2,26.4,26.2,26.4,26.3,26.4,26.3,26.3,26.2,26.3,26.0,26.2,26.3,26.2
198,27.7,27.8,27.8,27.9,27.9,27.9,28.0,27.9,28.2,28.2,28.3,28.1,28.3,28.2,28.3,28.4,28.5,28.5,28.2,28.6,28.5,28.5,28.6,28.5,28.6,28.8,28.7,28.8,28.7,28.8,28.9,28.8,29.1,28.9,29.1,29.3,29.8,30.0,30.2,30.3,30.4,30.6,30.9,30.8,30.6,30.7,30.1,29.9,30.1,30.2,30.4,30.6,30.6,30.8,30.7,30.8,31.0,30.8,30.4,30.2,30.1,30.3,30.9,31.2,31.1,31.0,30.4,29.8,29.6,29.3,29.7,29.7,30.0,29.9,29.8,30.2,30.5,31.0,31.3,31.2,31.2,31.3,31.3,30.9,30.4,30.5,30.3,30.1,30.4,30.6,31.0,30.7,30.4,30.5,30.4,30.1,29.4,29.1,28.9,29.6,30.6,31.2,30.9,30.4,30.3,30.4,30.2,29.9,29.3,28.4,27.2,26.5,25.8,25.6,25.5,25.5,25.4,25.5,25.3,25.5,25.7,26.0,26.2,26.6,27.5,28.1,28.7,29.1,29.4,29.3,29.4,29.3,29.4,29.5,29.4,29.4,29.6,29.3,29.4,29.4,29.4,29.3,28.8,28.3,27.8,27.5,27.2,27.2,27.1,26.9,26.9,26.8,26.9,26.9,26.9,26.8,26.7,26.8,26.6,26.6,26.5,26.7,26.7,26.6,26.6,26.6,26.5,26.5,26.5,26.4,26.4,26.5,26.5,26.3,26.5,26.2,26.4,26.3,26.4,26.3,26.4,26.2,26.3,26.3,26.3,26.2,26.3,26.1,26.1,26.2,26.2,26.2
199,27.8,27.9,27.7,27.9,27.9,27.8,27.9,27.9,27.9,27.9,28.2,28.1,28.1,28.2,28.2,28.1,28.3,28.4,28.3,28.4,28.4,28.5,28.5,28.5,28.6,28.5,28.6,28.6,28.7,28.7,28.7,28.9,29.0,29.0,29.1,29.3,29.8,30.0,30.2,30.3,30.5,30.4,30.6,30.4,30.6,30.3,30.0,29.9,29.9,30.2,30.4,30.4,30.4,30.6,30.5,30.6,30.6,30.4,30.2,30.1,30.1,30.3,31.1,31.4,31.6,31.1,30.3,29.5,29.4,29.3,29.6,29.7,30.0,29.8,29.9,30.1,30.6,31.0,31.7,31.9,31.8,31.6,31.2,30.6,29.9,29.7,29.7,29.6,30.1,30.6,31.0,31.1,31.3,31.2,30.8,30.2,29.3,28.9,29.0,29.7,30.6,31.0,30.9,30.3,29.9,29.9,29.7,29.6,29.1,28.1,27.2,26.2,25.6,25.6,25.4,25.5,25.3,25.3,25.3,25.4,25.4,25.6,25.7,26.1,26.6,27.1,27.6,28.5,28.8,29.1,29.3,29.3,29.3,29.3,29.3,29.2,29.4,29.4,29.5,29.5,29.4,29.2,28.6,28.2,27.7,27.4,27.3,27.0,27.1,26.9,26.7,26.8,26.8,26.9,27.0,26.9,26.8,26.7,26.7,26.8,26.7,26.7,26.6,26.5,26.5,26.6,26.5,26.5,26.4,26.5,26.5,26.4,26.5,26.3,26.2,26.3,26.5,26.4,26.2,26.4,26.3,26.3,26.3,26.2,26.3,26.2,26.3,26.2,26.2,26.1,26.2,26.2
200,27.8,27.7,27.7,27.8,27.8,28.0,28.0,27.9,28.0,28.0,28.1,28.1,28.1,28.2,28.3,28.2,28.3,28.2,28.3,28.3,28.3,28.4,28.6,28.4,28.4,28.5,28.6,28.7,28.6,28.6,28.8,28.7,28.9,29.0,29.2,29.5,29.5,29.9,30.0,30.1,30.1,30.3,30.5,30.4,30.3,30.2,29.9,30.0,30.1,30.1,30.2,30.4,30.2,30.3,30.4,30.5,30.3,30.2,30.1,30.0,29.9,30.2,31.0,31.7,31.8,30.9,29.9,29.4,29.1,29.2,29.5,29.9,30.3,30.2,29.9,30.1,30.5,31.1,31.9,32.5,32.4,31.9,31.0,30.4,29.7,29.4,29.3,29.4,29.9,30.4,30.9,31.7,32.0,31.9,31.3,30.2,29.4,28.9,28.8,29.6,30.7,31.3,30.7,30.2,29.9,29.7,29.7,29.5,29.1,28.0,27.3,26.2,25.9,25.5,25.7,25.5,25.3,25.4,25.4,25.4,25.6,25.5,25.5,25.5,26.0,26.3,26.7,27.1,27.6,28.2,28.5,28.8,28.9,29.0,29.1,29.3,29.3,29.3,29.3,29.3,29.2,29.1,28.6,28.0,27.8,27.3,27.1,27.0,27.0,27.0,27.0,26.9,27.1,26.9,26.8,26.6,26.7,26.7,26.7,26.6,26.6,26.7,26.7,26.6,26.5,26.5,26.4,26.4,26.3,26.5,26.3,26.4,26.4,26.5,26.3,26.5,26.5,26.3,26.4,26.2,26.4,26.2,26.2,26.2,26.2,26.3,26.2,26.3,26.2,26.0,26.1,26.1
201,27.7,27.7,27.7,27.8,27.9,27.8,27.9,27.9,28.0,28.0,28.0,28.1,28.0,28.2,28.1,28.3,28.2,28.1,28.3,28.5,28.2,28.2,28.4,28.2,28.4,28.3,28.5,28.5,28.5,28.5,28.7,28.6,28.6,28.8,28.9,29.2,29.5,29.7,29.8,30.0,30.0,30.1,30.3,30.2,30.0,30.1,30.0,30.1,30.0,30.1,29.9,30.2,30.1,30.2,30.1,30.3,30.2,30.1,29.9,29.7,29.9,30.2,31.0,31.4,31.3,30.5,29.8,29.2,28.9,29.2,29.7,30.0,30.1,29.9,30.0,30.1,30.6,31.1,31.6,31.9,31.9,31.5,30.9,30.2,29.5,29.2,29.0,29.2,29.7,30.0,30.8,31.4,32.0,31.9,31.1,30.2,29.4,28.8,28.9,29.7,30.5,31.2,30.8,30.1,29.5,29.4,29.3,29.0,28.7,28.0,27.2,26.3,26.0,25.8,25.7,25.7,25.7,25.5,25.6,25.6,25.7,25.7,25.7,25.7,25.9,26.0,26.3,26.4,26.7,27.0,27.6,28.0,28.2,28.5,28.5,28.7,28.9,28.7,28.9,28.8,28.9,28.6,28.1,27.8,27.4,27.2,27.1,27.1,26.9,26.8,26.9,26.7,26.7,26.7,26.6,26.7,26.5,26.7,26.6,26.6,26.7,26.5,26.7,26.4,26.5,26.4,26.5,26.5,26.4,26.4,26.2,26.5,26.6,26.2,26.4,26.2,26.2,26.4,26.4,26.3,26.4,26.2,26.2,26.2,26.2,26.3,26.2,26.2,26.2,26.1,26.1,26.0
202,27.7,27.8,27.5,27.7,27.8,27.7,27.9,28.0,27.9,27.9,28.0,28.1,28.1,28.0,28.2,28.2,28.3,28.1,28.3,28.2,28.3,28.2,28.3,28.3,28.4,28.3,28.6,28.4,28.6,28.6,28.5,28.6,28.5,28.8,29.0,28.9,29.2,29.5,29.9,30.0,30.0,30.1,30.2,30.0,29.9,30.1,30.1,30.1,30.1,30.1,30.3,30.1,30.1,30.2,30.2,30.2,29.9,30.1,29.9,29.8,29.9,30.2,30.6,30.9,30.9,30.3,29.7,29.1,29.0,29.3,29.5,29.5,29.7,29.6,29.7,30.0,30.4,30.9,31.3,31.4,31.3,31.0,30.5,29.9,29.5,29.1,29.1,29.1,29.4,30.0,30.5,30.9,31.3,31.2,30.6,29.9,29.3,29.1,29.0,29.7,30.3,30.4,30.3,29.7,29.2,29.1,29.0,28.9,28.6,28.0,27.5,27.0,26.7,26.6,26.5,26.3,26.3,26.5,26.4,26.4,26.5,26.3,26.3,26.2,26.3,26.4,26.5,26.6,26.6,27.0,27.4,27.6,27.9,28.0,28.2,28.2,28.4,28.5,28.4,28.3,28.3,28.2,27.9,27.7,27.4,27.2,26.9,27.1,26.9,26.9,27.0,26.8,26.8,26.8,26.7,26.8,26.7,26.5,26.5,26.6,26.6,26.5,26.6,26.6,26.6,26.5,26.7,26.5,26.4,26.3,26.3,26.3,26.5,26.2,26.4,26.4,26.3,26.4,26.3,26.3,26.4,26.3,26.5,26.1,26.2,26.2,26.2,26.2,26.1,26.2,26.3,26.2
203,27.8,27.8,27.5,27.6,27.7,27.7,27.8,27.8,28.1,28.0,28.2,28.0,28.0,28.3,28.1,28.1,28.1,28.3,28.3,28.3,28.3,28.2,28.2,28.3,28.3,28.1,28.5,28.4,28.3,28.3,28.5,28.6,28.5,28.8,28.7,28.8,29.2,29.3,29.7,30.1,30.0,30.1,30.1,29.9,30.0,30.1,30.0,30.1,29.9,30.1,30.3,30.1,30.1,30.0,30.0,30.1,29.9,29.9,29.7,29.6,29.6,30.0,30.6,31.0,30.9,30.4,30.0,29.4,29.1,28.9,29.0,29.2,29.4,29.5,29.5,29.4,29.9,30.2,30.6,30.7,30.7,30.2,30.1,29.5,29.2,28.9,28.9,29.1,29.1,29.5,29.9,30.2,30.4,30.2,30.0,29.5,29.1,28.9,28.8,29.2,29.7,29.7,29.8,29.3,28.8,28.8,28.6,28.7,28.5,28.0,27.8,27.3,27.2,27.0,27.0,27.0,26.8,26.8,26.9,26.8,26.7,26.7,26.6,26.6,26.7,26.8,26.6,26.6,26.7,26.9,26.9,27.1,27.6,27.7,27.8,27.9,27.9,28.0,27.9,27.8,27.7,27.8,27.6,27.6,27.2,27.0,26.9,26.9,26.7,26.8,26.7,26.8,26.7,26.6,26.7,26.7,26.7,26.6,26.5,26.4,26.5,26.4,26.5,26.5,26.5,26.2,26.4,26.4,26.3,26.3,26.3,26.3,26.2,26.3,26.2,26.2,26.2,26.3,26.2,26.3,26.2,26.2,26.2,26.1,26.1,26.2,26.2,26.2,26.0,26.1,26.1,26.1
204,27.7,27.7,27.6,27.8,27.7,27.8,27.7,27.8,27.9,27.8,28.0,27.9,27.8,28.0,28.0,28.1,28.1,28.0,28.0,28.1,28.2,28.1,28.3,28.2,28.3,28.4,28.2,28.3,28.2,28.4,28.3,28.4,28.5,28.6,28.4,28.7,29.1,29.3,29.8,30.2,30.1,30.0,30.0,29.9,29.9,30.0,30.1,30.1,30.1,30.3,30.1,30.1,30.1,30.1,29.9,29.9,29.9,29.9,29.7,29.8,29.7,30.0,30.5,31.0,31.1,30.6,30.2,29.7,29.1,28.9,28.8,29.1,29.1,28.9,29.1,29.2,29.4,29.6,29.7,30.0,29.8,29.7,29.5,29.1,28.9,28.9,28.9,28.8,29.0,29.2,29.6,29.7,29.9,29.7,29.5,29.2,28.7,28.7,28.7,29.1,29.2,29.3,29.1,29.1,28.7,28.7,28.5,28.5,28.3,28.1,27.8,27.6,27.4,27.4,27.4,27.3,27.1,27.3,27.2,27.0,27.3,27.1,27.0,27.0,27.0,27.0,26.9,27.0,26.9,26.8,27.0,27.2,27.4,27.4,27.5,27.5,27.6,27.6,27.5,27.4,27.4,27.3,27.4,27.3,27.1,26.9,26.8,26.9,27.0,26.7,26.7,26.8,26.8,26.5,26.5,26.7,26.7,26.5,26.7,26.5,26.4,26.6,26.7,26.6,26.6,26.5,26.5,26.4,26.4,26.3,26.4,26.3,26.3,26.4,26.3,26.1,26.4,26.2,26.2,26.2,26.3,26.3,26.0,26.2,26.1,26.0,26.3,26.2,26.2,26.1,26.2,26.1
205,27.6,27.6,27.7,27.7,27.6,27.8,27.8,28.0,27.8,27.8,27.8,27.9,28.0,28.0,27.8,28.0,28.1,28.0,28.1,28.2,28.0,28.1,28.3,28.1,28.1,28.3,28.2,28.3,28.4,28.2,28.3,28.4,28.4,28.5,28.5,28.6,29.1,29.6,30.0,30.4,30.1,30.2,30.1,30.0,30.0,30.1,30.0,30.1,30.2,30.3,30.2,30.2,30.0,30.1,29.9,30.0,30.1,30.1,29.9,29.6,29.7,30.0,30.5,31.0,30.9,30.6,30.1,29.6,29.1,28.8,28.7,28.7,28.7,28.8,28.8,28.9,29.1,29.2,29.2,29.4,29.4,29.3,29.0,29.0,28.8,28.7,28.6,28.7,28.8,28.8,28.9,29.2,29.2,29.2,28.9,28.8,28.6,28.5,28.8,28.6,28.9,28.9,28.9,28.8,28.6,28.5,28.3,28.2,28.2,28.0,27.9,27.7,27.8,27.6,27.6,27.5,27.4,27.5,27.4,27.4,27.5,27.3,27.4,27.3,27.3,27.2,27.3,27.2,27.2,27.0,27.2,27.2,27.2,27.1,27.1,27.2,27.4,27.3,27.2,27.2,27.1,27.3,26.9,27.0,26.9,27.0,26.8,26.8,26.7,26.9,26.6,26.7,26.6,26.7,26.6,26.5,26.5,26.6,26.5,26.5,26.6,26.4,26.3,26.4,26.5,26.4,26.4,26.3,26.3,26.4,26.2,26.3,26.4,26.4,26.2,26.4,26.2,26.3,26.2,26.4,26.1,26.3,26.2,26.1,26.2,26.3,26.2,26.2,26.2,26.1,26.2,26.1
206,27.8,27.5,27.6,27.7,27.6,27.6,27.7,27.7,27.7,28.0,27.9,27.9,28.0,28.0,28.0,27.9,28.0,27.9,27.8,28.1,28.0,28.1,28.0,28.1,28.2,28.1,28.2,28.2,28.1,28.2,28.2,28.2,28.4,28.5,28.3,28.7,29.1,29.5,30.1,30.4,30.3,30.2,30.4,30.3,30.3,30.3,30.3,30.3,30.3,30.3,30.5,30.1,30.2,30.2,30.1,30.2,30.1,30.1,29.7,29.9,29.8,29.9,30.7,31.0,30.9,30.6,30.1,29.5,29.0,28.4,28.3,28.3,28.4,28.5,28.4,28.5,28.6,28.6,28.7,28.9,28.8,28.7,28.7,28.6,28.6,28.5,28.3,28.5,28.4,28.6,28.6,28.7,28.9,28.7,28.7,28.5,28.4,28.5,28.3,28.4,28.5,28.5,28.4,28.3,28.2,28.2,28.2,28.2,28.0,28.0,27.8,27.8,27.7,27.6,27.6,27.6,27.5,27.6,27.5,27.5,27.5,27.4,27.4,27.5,27.2,27.3,27.4,27.1,27.3,27.2,27.2,27.1,27.2,27.2,27.0,27.1,27.1,27.0,27.2,26.9,27.1,27.0,27.0,27.0,26.9,26.9,26.7,26.8,26.8,26.7,26.7,26.6,26.6,26.7,26.5,26.6,26.7,26.6,26.5,26.4,26.3,26.3,26.5,26.3,26.5,26.2,26.5,26.5,26.4,26.3,26.2,26.3,26.3,26.3,26.3,26.5,26.2,26.2,26.2,26.2,26.2,26.2,26.3,26.2,26.2,26.1,26.1,26.1,26.1,26.2,26.0,26.1
207,27.5,27.7,27.5,27.6,27.6,27.6,27.5,27.6,27.8,27.8,27.8,27.8,27.9,27.9,27.8,27.8,27.8,28.0,27.9,28.0,28.0,28.0,27.9,28.0,27.9,28.0,28.1,28.0,28.1,28.0,28.3,28.3,28.0,28.3,28.2,28.6,29.1,29.9,30.9,31.1,31.0,31.0,30.9,30.9,30.8,30.9,30.7,30.8,30.9,30.6,30.8,30.6,30.3,30.3,30.4,30.3,30.3,30.4,30.2,30.1,29.9,30.2,30.7,31.0,30.9,30.5,30.1,29.4,28.8,28.1,28.2,28.2,28.2,28.2,28.2,28.3,28.2,28.3,28.3,28.4,28.4,28.4,28.4,28.3,28.3,28.2,28.3,28.2,28.2,28.2,28.3,28.3,28.4,28.3,28.2,28.2,28.3,28.1,28.0,28.0,28.0,28.1,28.1,28.0,28.0,27.9,28.0,27.8,27.8,27.8,27.6,27.6,27.6,27.6,27.5,27.6,27.3,27.4,27.4,27.4,27.4,27.5,27.5,27.3,27.3,27.4,27.4,27.2,27.0,27.2,27.2,27.2,27.1,27.0,27.0,26.9,27.1,27.1,27.1,26.9,27.1,26.8,26.9,26.9,26.8,26.8,26.6,26.7,26.7,26.7,26.5,26.6,26.5,26.5,26.5,26.5,26.6,26.5,26.5,26.3,26.5,26.4,26.3,26.2,26.3,26.2,26.5,26.4,26.2,26.3,26.2,26.3,26.3,26.4,26.2,26.3,26.2,26.1,26.2,26.2,26.3,26.1,26.3,26.1,26.1,26.4,26.0,26.2,26.3,26.0,26.1,26.2
208,27.6,27.5,27.5,27.7,27.7,27.8,27.6,27.6,27.7,27.7,27.9,27.7,27.8,27.8,27.7,27.8,27.9,27.9,27.7,27.9,27.9,27.9,28.1,27.9,28.0,28.0,27.8,28.1,28.0,28.0,28.3,28.1,28.0,28.3,28.3,28.7,29.3,30.4,31.5,32.0,32.0,32.0,31.9,31.8,31.9,31.9,31.8,31.8,31.8,31.6,31.6,31.3,31.4,31.2,31.3,31.2,31.1,31.0,30.7,30.6,30.6,30.7,30.8,30.9,30.9,30.5,29.9,29.5,28.6,28.0,27.9,27.9,27.9,27.9,28.0,28.0,28.0,28.0,28.0,28.1,28.2,28.2,28.3,28.1,28.3,28.0,28.1,28.1,28.2,28.0,28.1,28.0,28.0,28.0,28.3,28.1,27.9,28.0,27.8,28.0,28.0,28.0,27.8,27.8,28.0,27.7,27.8,27.7,27.8,27.7,27.6,27.5,27.6,27.7,27.5,27.6,27.3,27.5,27.3,27.4,27.6,27.2,27.3,27.2,27.1,27.4,27.2,27.2,27.1,27.0,27.2,27.2,27.0,26.9,27.1,27.1,27.0,26.8,26.9,26.8,26.9,26.8,26.8,26.8,26.8,26.8,26.8,26.8,26.6,26.5,26.7,26.6,26.7,26.5,26.6,26.5,26.5,26.4,26.4,26.3,26.4,26.3,26.5,26.3,26.4,26.2,26.4,26.3,26.2,26.4,26.0,26.4,26.1,26.2,26.3,26.3,26.2,26.1,26.1,26.1,26.3,26.2,26.0,26.3,26.2,26.3,26.1,26.0,26.0,26.1,26.0,26.1
209,27.4,27.5,27.5,27.7,27.7,27.5,27.6,27.6,27.7,27.7,27.6,27.8,27.8,27.9,27.7,27.7,27.9,27.9,27.8,27.8,27.9,27.9,28.0,28.0,28.0,28.0,28.0,27.8,28.0,28.1,27.9,28.1,28.1,28.2,28.5,29.0,29.6,30.8,31.8,32.5,32.4,32.4,32.6,32.4,32.7,32.3,32.4,32.4,32.4,32.4,32.3,32.2,32.1,32.0,31.8,31.9,31.8,31.8,31.4,31.3,31.2,31.0,31.1,31.0,30.8,30.5,29.9,29.3,28.5,28.0,27.9,27.7,27.8,27.7,27.9,27.9,27.9,28.1,27.9,28.0,28.0,28.0,28.2,28.0,28.0,28.0,27.9,28.1,28.0,27.9,28.1,28.0,27.9,27.9,28.1,27.9,27.8,28.0,28.0,27.8,27.8,27.9,27.8,27.7,27.7,27.8,27.7,27.7,27.6,27.6,27.4,27.6,27.6,27.7,27.4,27.5,27.4,27.3,27.3,27.2,27.2,27.2,27.4,27.2,27.2,27.3,27.2,27.1,27.0,27.0,27.1,27.0,27.1,27.0,27.0,26.8,27.1,26.9,26.8,26.9,27.1,26.8,26.8,26.7,26.7,26.7,26.6,26.7,26.6,26.7,26.5,26.5,26.5,26.5,26.5,26.5,26.4,26.4,26.5,26.5,26.3,26.3,26.3,26.2,26.3,26.2,26.2,26.3,26.3,26.3,26.2,26.4,26.1,26.2,26.2,26.2,26.3,26.1,26.1,26.3,26.3,26.2,26.2,26.1,26.0,26.2,26.1,26.2,25.9,26.0,26.0,26.1
210,27.3,27.6,27.4,27.5,27.6,27.7,27.7,27.5,27.8,27.7,27.7,27.8,27.8,27.7,27.8,27.7,27.8,27.9,27.9,27.9,27.8,27.9,28.1,27.9,27.9,28.0,27.9,27.9,28.0,28.1,28.0,28.0,28.1,28.2,28.4,29.0,29.7,31.0,32.3,32.7,32.8,32.7,33.0,32.7,32.7,32.8,32.8,32.6,32.7,32.6,32.7,32.4,32.4,32.2,32.3,32.2,32.0,31.9,31.6,31.5,31.2,31.0,31.0,30.8,30.7,30.4,29.9,29.0,28.5,27.8,27.8,27.7,27.6,27.7,27.9,27.9,27.8,27.9,27.9,27.9,28.0,28.1,28.0,27.9,27.9,27.9,28.0,28.0,28.0,27.9,27.8,27.9,27.9,28.0,27.7,28.1,27.8,28.0,27.8,27.7,27.8,27.8,27.8,27.5,27.6,27.8,27.5,27.5,27.5,27.4,27.4,27.5,27.4,27.5,27.4,27.4,27.3,27.3,27.4,27.3,27.2,27.3,27.2,27.1,27.1,27.2,27.2,27.0,27.0,27.0,27.1,27.0,26.9,27.0,27.0,26.9,27.0,26.9,26.9,26.9,26.7,26.8,26.9,26.8,26.7,26.8,26.7,26.7,26.6,26.6,26.6,26.5,26.6,26.5,26.6,26.4,26.4,26.4,26.5,26.5,26.3,26.4,26.3,26.3,26.3,26.4,26.3,26.2,26.3,26.3,26.3,26.3,26.2,26.1,26.1,26.2,26.3,26.2,26.1,26.1,26.1,26.3,26.3,26.1,26.3,26.2,26.1,26.0,26.0,26.1,26.2,26.0
211,27.4,27.4,27.6,27.4,27.6,27.7,27.5,27.7,27.7,27.7,28.0,27.7,27.8,27.7,28.0,27.8,27.7,27.8,27.8,27.8,28.0,27.8,27.8,28.0,28.0,27.9,27.9,27.9,27.9,28.0,28.0,28.0,28.2,28.2,28.4,28.9,29.9,30.9,32.3,32.6,32.8,33.0,33.0,32.7,32.8,33.0,32.9,32.9,32.9,32.8,32.8,32.6,32.4,32.4,32.3,32.1,32.2,31.9,31.7,31.5,31.2,31.0,30.9,30.7,30.3,30.4,29.7,29.0,28.4,27.8,27.7,27.6,27.8,27.7,27.7,27.6,27.9,27.8,27.8,28.0,27.8,28.0,27.9,27.8,27.9,27.7,27.5,27.8,27.9,27.9,27.8,27.8,27.7,27.9,27.7,27.8,27.6,27.7,27.8,27.5,27.6,27.5,27.5,27.4,27.6,27.4,27.4,27.4,27.4,27.4,27.4,27.4,27.3,27.3,27.3,27.3,27.3,27.3,27.1,27.2,27.2,27.1,26.9,27.0,27.0,27.1,27.0,27.0,26.9,27.0,27.0,26.9,26.9,26.9,27.0,26.9,26.9,26.9,26.7,26.7,26.8,26.8,26.7,26.7,26.7,26.7,26.6,26.6,26.5,26.6,26.4,26.5,26.5,26.5,26.6,26.4,26.4,26.4,26.5,26.2,26.4,26.4,26.1,26.2,26.3,26.2,26.4,26.2,26.3,26.2,26.3,26.1,26.2,26.1,26.2,26.1,26.1,26.3,26.2,26.2,26.1,26.2,26.2,26.2,26.1,26.2,26.2,26.2,26.1,26.0,26.1,26.0
212,27.4,27.3,27.4,27.6,27.5,27.5,27.4,27.4,27.6,27.8,27.8,27.6,27.6,27.8,27.6,27.8,27.8,27.8,27.7,27.9,27.7,27.8,27.7,27.7,27.7,27.9,27.8,27.7,27.7,27.9,27.8,28.0,28.1,28.1,28.3,28.9,29.9,30.9,31.9,32.4,32.5,32.6,32.8,32.6,32.7,32.7,32.6,32.6,32.7,32.4,32.7,32.5,32.5,32.4,32.2,32.1,31.9,31.7,31.4,31.2,30.8,30.6,30.5,30.5,30.4,30.2,29.7,29.0,28.1,27.7,27.5,27.5,27.6,27.6,27.7,27.5,27.7,27.5,27.5,27.7,27.8,27.6,27.7,27.7,27.8,27.8,27.6,27.7,27.8,27.6,27.7,27.7,27.8,27.8,27.6,27.6,27.4,27.6,27.5,27.3,27.5,27.5,27.5,27.3,27.4,27.4,27.3,27.4,27.3,27.3,27.2,27.2,27.2,27.2,27.1,27.1,27.1,27.1,27.1,27.2,27.1,27.0,27.0,26.9,26.8,26.9,26.9,26.8,26.8,26.8,26.7,26.7,26.8,26.6,26.7,26.7,26.9,26.7,26.7,26.7,26.7,26.6,26.7,26.5,26.5,26.5,26.6,26.7,26.5,26.3,26.5,26.5,26.5,26.5,26.4,26.2,26.5,26.3,26.4,26.4,26.2,26.4,26.2,26.3,26.3,26.1,26.3,26.3,26.1,26.3,26.4,26.2,26.1,26.2,26.1,26.2,26.2,26.3,26.0,26.2,26.1,26.0,26.2,26.2,26.2,26.1,26.0,26.0,26.1,26.0,26.0,26.1
213,27.5,27.5,27.4,27.4,27.5,27.4,27.4,27.6,27.5,27.5,27.4,27.7,27.6,27.7,27.8,27.6,27.6,27.7,27.7,27.8,27.8,27.8,27.7,27.7,27.8,27.9,28.0,27.8,27.8,27.9,27.8,27.9,28.0,28.1,28.1,28.8,29.6,30.6,31.6,32.1,32.3,32.2,32.4,32.4,32.4,32.4,32.5,32.2,32.3,32.2,32.2,32.2,32.1,32.1,31.8,31.7,31.6,31.5,31.2,30.8,30.6,30.3,30.3,30.3,30.2,30.1,29.5,29.0,28.0,27.5,27.6,27.4,27.3,27.5,27.4,27.5,27.6,27.6,27.4,27.6,27.5,27.6,27.6,27.6,27.6,27.7,27.5,27.6,27.6,27.5,27.6,27.6,27.5,27.5,27.6,27.5,27.5,27.5,27.5,27.4,27.3,27.4,27.4,27.3,27.2,27.3,27.2,27.3,27.2,27.3,27.2,27.3,27.1,27.2,27.0,26.9,27.0,27.1,27.0,27.1,26.9,27.0,26.9,26.9,26.8,26.9,26.8,26.8,26.7,26.8,26.7,26.9,26.7,26.8,26.7,26.9,26.6,26.7,26.6,26.7,26.7,26.7,26.6,26.6,26.3,26.7,26.5,26.4,26.4,26.3,26.3,26.5,26.6,26.4,26.4,26.3,26.4,26.4,26.3,26.3,26.4,26.2,26.3,26.2,26.2,26.3,26.3,26.2,26.2,26.1,26.1,26.2,26.2,26.1,26.3,26.0,26.2,26.2,26.1,26.0,26.2,26.0,26.0,26.0,26.0,26.1,26.2,26.0,26.1,26.0,26.1,26.1
214,27.4,27.4,27.4,27.5,27.5,27.6,27.5,27.6,27.6,27.7,27.7,27.7,27.6,27.8,27.8,27.7,27.8,27.9,27.7,27.9,27.8,27.8,27.8,27.9,27.9,27.7,27.9,27.7,27.8,27.8,27.7,27.9,28.0,28.0,28.1,28.6,29.4,30.2,31.5,31.9,32.0,32.0,32.1,31.9,32.0,32.2,32.0,32.1,32.1,31.8,31.9,31.9,31.8,31.8,31.4,31.3,31.2,31.0,30.8,30.4,30.2,30.1,30.0,30.2,30.2,29.9,29.3,28.7,27.8,27.4,27.4,27.4,27.4,27.4,27.4,27.4,27.4,27.4,27.5,27.4,27.5,27.6,27.6,27.6,27.6,27.6,27.4,27.5,27.6,27.5,27.6,27.5,27.6,27.5,27.4,27.2,27.6,27.6,27.4,27.4,27.4,27.4,27.2,27.3,27.4,27.3,27.3,27.1,27.0,27.2,27.2,27.2,27.1,27.1,27.2,27.0,27.0,27.2,27.0,27.1,27.1,27.0,26.9,26.9,26.7,26.7,26.8,26.7,26.8,26.8,26.8,26.6,26.7,26.6,26.8,26.8,26.7,26.7,26.6,26.7,26.7,26.7,26.6,26.6,26.5,26.7,26.4,26.5,26.5,26.4,26.3,26.4,26.4,26.5,26.5,26.4,26.4,26.3,26.4,26.2,26.4,26.3,26.3,26.2,26.3,26.1,26.1,26.4,26.3,26.3,26.2,26.2,26.2,26.2,26.2,26.3,26.2,26.2,26.1,26.2,26.3,26.3,26.1,26.1,26.2,26.2,26.2,26.0,26.2,26.2,26.1,26.0
215,27.2,27.5,27.4,27.4,27.4,27.6,27.6,27.6,27.4,27.5,27.6,27.6,27.6,27.7,27.7,27.8,27.6,27.6,27.7,27.7,27.8,27.7,27.7,27.7,27.9,27.8,27.6,27.8,27.7,27.8,27.9,28.0,27.7,27.9,27.9,28.5,29.1,30.0,31.1,31.3,31.7,31.7,31.6,31.7,31.5,31.7,31.5,31.5,31.6,31.5,31.5,31.3,31.3,31.0,31.0,31.0,30.6,30.5,30.2,30.0,29.7,29.8,29.9,30.1,30.0,29.6,29.2,28.5,28.0,27.4,27.4,27.3,27.2,27.3,27.5,27.4,27.3,27.5,27.3,27.5,27.4,27.4,27.5,27.5,27.5,27.4,27.4,27.4,27.4,27.5,27.4,27.2,27.3,27.4,27.2,27.2,27.3,27.5,27.3,27.3,27.3,27.1,27.2,27.0,27.1,27.2,27.0,27.2,27.1,27.1,27.0,26.9,27.1,26.9,26.9,26.9,27.0,27.0,26.9,27.0,27.0,26.9,26.8,26.8,26.8,26.8,26.7,26.7,26.7,26.8,26.7,26.7,26.7,26.7,26.7,26.7,26.5,26.5,26.7,26.7,26.7,26.7,26.5,26.7,26.5,26.6,26.7,26.7,26.4,26.5,26.3,26.5,26.4,26.5,26.5,26.4,26.3,26.4,26.4,26.2,26.4,26.2,26.2,26.1,26.2,26.1,26.3,26.2,26.3,26.3,26.1,26.2,25.9,26.2,26.2,26.0,26.1,26.2,26.1,26.3,26.1,26.2,26.3,26.2,26.2,26.2,26.1,25.9,26.2,26.1,26.1,26.2
216,27.4,27.5,27.2,27.4,27.4,27.4,27.5,27.5,27.4,27.6,27.4,27.6,27.6,27.6,27.6,27.7,27.7,27.6,27.7,27.6,27.7,27.5,27.5,27.6,27.8,27.7,27.8,27.7,27.8,27.7,27.6,27.7,27.8,27.9,28.1,28.3,29.0,29.6,30.7,31.1,31.2,31.1,31.4,31.2,31.2,31.3,31.3,31.3,31.1,31.2,31.2,31.2,30.8,30.7,30.6,30.6,30.4,30.2,29.8,29.6,29.5,29.5,29.5,29.7,29.8,29.5,29.1,28.3,27.7,27.3,27.3,27.2,27.1,27.3,27.2,27.2,27.3,27.3,27.3,27.4,27.4,27.2,27.5,27.4,27.5,27.4,27.3,27.5,27.3,27.2,27.5,27.3,27.2,27.3,27.3,27.2,27.1,27.1,27.1,27.3,27.1,27.2,27.2,26.9,27.1,27.1,27.1,27.2,27.0,26.9,26.9,26.9,27.0,26.9,27.0,26.8,26.7,26.8,26.7,26.7,27.0,26.7,26.8,26.8,26.6,26.7,26.9,26.7,26.9,26.7,26.6,26.7,26.7,26.5,26.6,26.6,26.8,26.5,26.6,26.6,26.6,26.6,26.4,26.5,26.4,26.5,26.5,26.3,26.3,26.4,26.3,26.4,26.2,26.3,26.4,26.3,26.3,26.4,26.4,26.3,26.2,26.3,26.2,26.3,26.2,26.3,26.3,26.3,26.2,26.1,26.1,26.2,26.1,26.1,26.2,26.2,26.1,26.1,26.2,26.2,26.1,26.2,26.2,26.2,26.1,26.0,26.2,26.1,26.0,26.2,26.1,26.2
217,27.2,27.4,27.4,27.4,27.3,27.4,27.5,27.4,27.7,27.5,27.5,27.6,27.5,27.6,27.6,27.6,27.6,27.6,27.8,27.7,27.6,27.6,27.8,27.6,27.8,27.7,27.8,27.6,27.6,27.8,27.6,27.9,27.7,27.9,27.9,28.4,28.9,29.5,30.4,30.9,30.9,31.0,31.1,31.0,31.0,31.2,31.1,31.0,31.0,30.8,30.6,30.7,30.6,30.5,30.1,30.1,30.1,29.9,29.5,29.3,29.1,29.2,29.5,29.4,29.6,29.3,28.7,28.2,27.7,27.2,27.2,27.3,27.3,27.1,27.1,27.2,27.2,27.2,27.2,27.2,27.3,27.3,27.4,27.2,27.3,27.3,27.2,27.3,27.4,27.4,27.3,27.2,27.3,27.2,27.3,27.2,27.1,27.2,27.1,27.1,26.9,27.2,27.1,27.1,27.0,27.1,27.1,26.9,26.9,27.0,26.9,26.9,26.7,26.9,26.9,26.9,26.9,26.8,26.8,26.9,26.9,26.8,26.8,26.9,26.7,26.8,26.8,26.7,26.7,26.6,26.6,26.6,26.7,26.5,26.5,26.5,26.6,26.6,26.5,26.5,26.5,26.6,26.7,26.5,26.6,26.5,26.5,26.3,26.4,26.5,26.4,26.5,26.3,26.3,26.3,26.3,26.4,26.3,26.3,26.4,26.2,26.2,26.3,26.3,26.1,26.4,26.2,26.2,26.3,26.2,26.1,26.3,26.3,26.2,26.1,26.1,26.2,26.2,26.2,26.2,26.3,26.1,26.2,26.1,26.1,26.1,25.9,26.2,26.0,26.2,25.9,26.1
218,27.4,27.4,27.2,27.3,27.5,27.6,27.4,27.5,27.5,27.6,27.5,27.7,27.5,27.6,27.8,27.4,27.6,27.7,27.6,27.6,27.6,27.7,27.7,27.7,27.7,27.6,27.6,27.7,27.7,27.6,27.6,27.8,27.7,27.8,27.9,28.1,28.7,29.3,29.9,30.6,30.8,30.8,30.8,30.8,30.9,30.8,30.6,30.7,30.5,30.6,30.5,30.4,30.1,30.0,30.0,29.9,29.6,29.4,29.2,29.1,28.9,28.9,28.9,29.3,29.3,29.0,28.7,28.1,27.6,27.3,27.1,27.0,27.1,27.0,27.2,27.2,27.1,27.2,27.2,27.2,27.2,27.4,27.3,27.2,27.2,27.4,27.2,27.2,27.4,27.2,27.4,27.2,27.3,27.1,27.1,27.2,27.2,27.3,27.1,27.0,27.1,27.1,27.0,27.0,27.2,27.0,26.9,26.9,26.7,26.9,26.8,26.8,26.8,26.8,26.9,26.9,26.7,27.0,26.8,26.9,26.7,26.7,26.8,26.8,26.7,26.7,26.6,26.5,26.6,26.6,26.7,26.6,26.7,26.5,26.5,26.4,26.6,26.5,26.5,26.5,26.4,26.3,26.5,26.6,26.4,26.6,26.4,26.3,26.2,26.2,26.3,26.2,26.4,26.3,26.3,26.3,26.5,26.3,26.3,26.1,26.2,26.4,26.2,26.1,26.1,26.2,26.1,26.2,26.1,26.1,26.1,26.2,26.3,26.2,26.1,26.1,26.2,26.2,26.2,26.2,26.3,26.1,26.2,26.0,26.2,26.2,26.1,26.2,26.0,26.0,26.1,26.1
219,27.2,27.3,27.0,27.3,27.2,27.4,27.4,27.2,27.4,27.3,27.4,27.4,27.4,27.5,27.6,27.6,27.3,27.6,27.5,27.6,27.4,27.5,27.6,27.4,27.6,27.5,27.7,27.5,27.5,27.6,27.6,27.6,27.6,27.6,27.8,27.8,28.6,29.1,29.7,30.1,30.4,30.3,30.4,30.4,30.4,30.4,30.3,30.3,30.1,30.1,30.1,30.0,29.9,29.5,29.6,29.3,29.2,29.2,28.8,28.6,28.7,28.5,28.7,29.0,28.9,28.8,28.3,27.9,27.3,27.0,27.0,27.1,26.9,26.8,27.1,27.0,27.0,27.1,27.2,27.1,27.1,27.3,27.2,27.1,27.1,27.1,27.0,27.2,27.1,27.1,27.0,27.0,27.1,27.0,27.1,26.9,26.9,26.9,26.8,26.9,26.9,26.9,26.9,26.9,26.8,26.9,26.8,26.8,26.7,26.8,26.7,26.7,26.8,26.6,26.7,26.8,26.6,26.7,26.5,26.6,26.7,26.5,26.6,26.7,26.5,26.5,26.4,26.7,26.5,26.6,26.5,26.4,26.4,26.5,26.5,26.4,26.6,26.5,26.4,26.3,26.4,26.4,26.4,26.4,26.4,26.4,26.3,26.3,26.2,26.2,26.3,26.3,26.2,26.3,26.4,26.2,26.2,26.3,26.3,26.2,26.1,26.1,26.1,26.2,26.0,25.9,26.1,26.2,25.9,26.0,26.1,26.1,26.2,26.2,26.1,26.1,26.0,26.0,26.0,26.0,26.1,26.1,26.2,26.0,25.9,25.9,25.9,26.1,26.0,26.0,26.0,25.9
220,27.4,27.4,27.2,27.2,27.2,27.5,27.3,27.4,27.5,27.4,27.5,27.4,27.5,27.5,27.6,27.3,27.6,27.6,27.8,27.5,27.6,27.6,27.5,27.5,27.5,27.5,27.5,27.4,27.4,27.6,27.6,27.7,27.5,27.5,27.7,27.8,28.1,28.7,29.5,30.1,30.2,30.2,30.2,30.2,30.2,30.3,30.2,29.9,30.1,30.0,30.0,29.8,29.7,29.6,29.3,29.2,29.1,28.9,28.6,28.4,28.4,28.3,28.8,28.9,28.9,28.5,28.3,27.8,27.3,26.9,27.0,26.9,26.8,26.9,27.0,27.0,27.0,27.0,27.0,27.0,27.1,27.0,26.9,27.0,27.2,27.1,26.9,27.0,27.1,26.9,27.0,27.0,27.1,27.0,27.2,27.0,27.0,26.9,26.9,26.9,26.8,26.9,26.8,26.8,26.7,26.8,26.9,26.9,26.6,26.7,26.7,26.8,26.7,26.7,26.6,26.6,26.6,26.7,26.6,26.6,26.7,26.5,26.6,26.6,26.5,26.5,26.6,26.6,26.5,26.5,26.5,26.4,26.6,26.4,26.4,26.3,26.5,26.4,26.4,26.4,26.3,26.4,26.5,26.5,26.2,26.5,26.3,26.4,26.2,26.3,26.3,26.3,26.1,26.4,26.3,26.2,26.3,26.1,26.3,26.1,26.2,26.2,26.1,26.2,26.2,26.1,26.2,26.1,26.0,26.2,26.1,26.2,26.1,25.9,26.1,25.9,26.2,26.1,26.0,26.0,26.0,26.0,26.2,26.1,26.0,26.2,25.9,25.9,26.2,26.1,26.0,26.2
221,27.2,27.2,27.2,27.3,27.2,27.3,27.2,27.3,27.5,27.3,27.5,27.4,27.3,27.6,27.5,27.5,27.7,27.6,27.6,27.8,27.5,27.5,27.6,27.6,27.6,27.4,27.6,27.5,27.6,27.5,27.4,27.5,27.4,27.6,27.6,27.6,28.0,28.5,29.2,29.9,30.1,30.0,30.2,30.1,30.2,30.1,30.1,30.0,30.0,29.9,29.8,29.7,29.7,29.6,29.4,29.2,29.2,28.9,28.7,28.6,28.5,28.6,28.7,28.7,28.6,28.5,28.0,27.6,27.2,26.8,26.8,26.8,26.8,26.9,27.0,27.0,26.9,26.9,26.7,27.0,26.9,27.0,27.0,27.0,27.0,26.9,27.0,26.9,26.9,26.9,27.0,26.8,27.1,26.8,26.9,26.9,26.7,26.8,26.7,26.7,26.8,26.8,26.7,26.8,26.7,26.7,26.6,26.8,26.8,26.7,26.6,26.7,26.7,26.7,26.8,26.8,26.6,26.5,26.6,26.5,26.5,26.5,26.5,26.6,26.5,26.4,26.5,26.6,26.5,26.5,26.4,26.5,26.5,26.3,26.3,26.3,26.4,26.5,26.4,26.2,26.4,26.4,26.4,26.3,26.3,26.4,26.2,26.3,26.2,26.2,26.2,26.2,26.3,26.1,26.3,26.2,26.1,26.1,26.0,26.1,26.1,26.1,26.2,26.2,26.1,26.0,26.2,26.2,26.2,26.2,26.0,26.1,26.2,26.0,26.2,25.9,26.1,26.0,26.1,26.1,26.2,25.9,26.0,26.2,26.0,26.2,26.2,26.1,26.0,26.1,25.9,26.1
222,27.3,27.2,27.2,27.2,27.3,27.4,27.4,27.3,27.3,27.3,27.3,27.4,27.2,27.5,27.5,27.5,27.6,27.4,27.4,27.6,27.6,27.6,27.4,27.4,27.4,27.4,27.6,27.5,27.5,27.5,27.6,27.6,27.5,27.5,27.4,27.6,28.1,28.4,29.1,29.8,29.8,30.1,30.1,29.8,29.9,30.1,30.1,30.0,30.0,29.7,29.8,29.8,29.7,29.4,29.5,29.3,29.1,29.0,28.8,28.7,28.6,28.7,28.6,28.6,28.6,28.0,27.8,27.4,27.0,26.6,26.7,26.7,26.8,26.8,27.0,26.8,26.9,26.9,26.9,26.9,26.9,27.1,27.0,26.9,27.1,26.9,26.8,27.0,26.9,26.8,27.1,26.9,27.0,26.8,26.9,26.8,26.9,26.8,26.7,26.7,26.7,26.6,26.8,26.6,26.6,26.6,26.6,26.7,26.7,26.6,26.5,26.6,26.4,26.5,26.5,26.5,26.5,26.6,26.3,26.5,26.5,26.4,26.4,26.4,26.5,26.5,26.5,26.4,26.4,26.4,26.5,26.5,26.3,26.4,26.3,26.2,26.3,26.3,26.2,26.3,26.2,26.2,26.4,26.4,26.4,26.4,26.2,26.1,26.3,26.1,26.3,26.2,26.3,26.2,26.3,26.3,26.3,26.2,26.0,25.9,26.0,26.1,26.1,26.2,26.3,26.0,26.1,26.0,26.0,26.2,25.9,26.0,26.0,26.0,26.2,26.0,26.1,26.2,26.0,25.9,26.1,26.1,26.2,26.0,26.0,26.0,26.1,26.1,26.2,26.0,26.1,26.1
223,27.3,27.2,27.1,27.2,27.2,27.1,27.2,27.3,27.4,27.2,27.2,27.4,27.3,27.4,27.3,27.4,27.5,27.5,27.5,27.4,27.5,27.4,27.5,27.4,27.5,27.5,27.6,27.4,27.2,27.5,27.5,27.4,27.5,27.4,27.4,27.6,27.9,28.2,28.9,29.5,29.7,29.8,30.0,29.7,29.8,29.8,29.9,29.9,29.9,29.9,29.7,29.8,29.5,29.5,29.3,29.3,29.2,29.1,28.8,28.7,28.6,28.6,28.5,28.4,28.1,27.9,27.6,27.5,26.9,26.6,26.7,26.5,26.6,26.8,26.7,26.7,26.7,26.9,26.8,26.7,26.7,27.0,26.8,26.8,26.9,26.9,26.7,26.7,26.7,26.7,26.7,26.5,26.9,26.9,26.8,26.8,26.7,26.8,26.7,26.6,26.8,26.6,26.5,26.7,26.4,26.5,26.6,26.5,26.6,26.5,26.5,26.5,26.5,26.5,26.4,26.4,26.3,26.2,26.5,26.3,26.3,26.3,26.2,26.4,26.3,26.3,26.5,26.2,26.3,26.3,26.2,26.4,26.4,26.3,26.3,26.3,26.3,26.1,26.3,26.3,26.2,26.2,26.3,26.2,26.1,26.3,26.2,26.1,26.0,26.1,26.1,26.2,26.2,26.2,26.2,26.2,26.0,26.2,26.1,26.0,26.1,26.2,26.2,26.0,26.1,26.1,26.2,26.0,25.9,26.1,25.8,26.1,25.9,26.1,26.0,26.1,26.1,26.0,25.9,26.0,26.1,26.0,26.0,26.2,26.1,26.1,26.0,26.0,26.0,25.8,25.9,26.1
224,27.1,27.1,26.9,27.2,27.2,27.3,27.2,27.4,27.3,27.3,27.4,27.4,27.4,27.4,27.3,27.3,27.4,27.4,27.4,27.5,27.6,27.4,27.4,27.4,27.3,27.4,27.4,27.4,27.4,27.4,27.2,27.3,27.3,27.4,27.4,27.4,27.8,28.3,28.8,29.3,29.7,29.7,29.8,29.8,29.7,29.8,29.8,29.9,29.8,29.8,29.7,29.7,29.5,29.6,29.4,29.2,29.2,29.0,28.9,28.9,28.8,28.8,28.5,28.2,28.1,27.8,27.5,27.1,26.9,26.7,26.5,26.7,26.6,26.5,26.9,26.7,26.8,26.7,26.7,26.7,26.8,26.9,26.9,26.8,26.7,26.9,26.7,26.7,26.7,26.5,26.7,26.7,26.8,26.7,26.7,26.6,26.7,26.7,26.7,26.6,26.7,26.5,26.3,26.4,26.6,26.6,26.5,26.5,26.4,26.4,26.4,26.5,26.4,26.5,26.5,26.4,26.3,26.5,26.3,26.2,26.4,26.4,26.3,26.4,26.3,26.4,26.3,26.3,26.3,26.1,26.3,26.5,26.2,26.3,26.1,26.2,26.3,26.2,26.2,26.2,26.2,26.2,26.3,26.4,26.1,26.3,25.9,26.1,26.2,26.1,26.1,26.2,26.1,26.1,26.3,26.0,26.1,26.1,26.2,26.0,26.1,26.0,26.2,25.9,26.0,26.0,25.9,26.0,26.1,25.9,26.0,26.1,26.0,26.1,26.0,26.0,26.0,26.1,25.9,26.1,26.1,26.1,25.8,26.0,26.0,25.9,26.0,26.1,26.1,26.1,26.0,26.0
225,27.2,26.9,27.1,27.1,27.2,27.3,27.1,27.3,27.2,27.3,27.3,27.2,27.2,27.3,27.4,27.3,27.4,27.6,27.4,27.3,27.4,27.6,27.5,27.5,27.4,27.5,27.4,27.4,27.4,27.7,27.5,27.3,27.3,27.3,27.4,27.5,27.6,28.1,28.7,29.2,29.5,29.6,29.6,29.7,29.7,29.6,29.5,29.7,29.8,29.7,29.7,29.7,29.5,29.5,29.4,29.3,29.2,29.1,28.8,28.9,28.6,28.5,28.5,28.3,27.9,27.7,27.4,27.2,26.7,26.5,26.6,26.6,26.6,26.5,26.6,26.8,26.6,26.7,26.6,26.7,26.7,26.6,26.7,26.7,26.7,26.8,26.6,26.7,26.9,26.5,26.8,26.6,26.7,26.7,26.6,26.6,26.7,26.5,26.6,26.4,26.6,26.6,26.3,26.5,26.4,26.4,26.4,26.4,26.2,26.5,26.2,26.5,26.4,26.4,26.4,26.2,26.3,26.4,26.5,26.3,26.4,26.4,26.2,26.2,26.1,26.4,26.3,26.1,26.3,26.2,26.4,26.2,26.2,26.3,26.2,26.2,26.2,26.2,26.2,26.2,26.1,26.1,26.2,26.2,26.2,26.2,26.2,26.2,26.2,26.2,26.1,26.2,26.1,26.2,26.3,26.1,26.2,26.1,26.0,26.1,26.1,26.1,25.9,26.0,26.0,26.2,26.1,25.9,26.1,26.1,26.0,26.3,26.0,26.1,25.9,26.1,26.0,26.0,26.1,26.1,26.3,26.1,26.0,26.1,26.2,26.1,26.2,26.1,25.9,26.1,26.1,26.1
226,26.9,27.0,27.2,27.1,27.1,27.2,27.0,27.1,27.2,27.3,27.2,27.4,27.3,27.3,27.4,27.3,27.3,27.3,27.3,27.4,27.2,27.2,27.3,27.3,27.5,27.4,27.3,27.3,27.4,27.2,27.3,27.2,27.2,27.3,27.3,27.3,27.4,27.9,28.5,29.1,29.4,29.5,29.6,29.5,29.5,29.6,29.4,29.6,29.6,29.6,29.5,29.4,29.5,29.5,29.1,29.0,29.0,28.8,28.8,28.7,28.4,28.3,28.3,28.2,27.7,27.6,27.2,26.9,26.7,26.3,26.5,26.6,26.4,26.5,26.6,26.7,26.6,26.6,26.4,26.6,26.5,26.8,26.7,26.7,26.6,26.7,26.6,26.6,26.6,26.5,26.6,26.6,26.4,26.5,26.4,26.5,26.5,26.6,26.5,26.4,26.4,26.5,26.3,26.3,26.4,26.5,26.1,26.2,26.3,26.2,26.3,26.4,26.2,26.2,26.3,26.2,26.3,26.2,26.0,26.2,26.3,26.1,26.1,26.0,26.2,26.2,26.0,26.3,26.2,26.1,26.2,26.2,26.1,26.2,26.2,26.2,26.0,26.0,26.2,26.0,26.0,26.1,26.1,26.2,26.1,26.2,26.1,26.1,26.0,25.9,26.1,26.0,26.1,26.1,26.1,25.9,25.9,26.1,26.1,26.1,26.0,26.1,25.8,26.0,26.0,25.9,25.9,26.1,25.9,26.0,25.8,26.0,26.1,26.0,26.0,25.9,26.1,26.1,26.1,26.1,26.1,26.1,26.0,26.1,26.1,26.0,26.0,25.9,25.8,26.0,26.0,26.1
227,27.1,27.0,26.9,27.2,27.0,27.4,27.0,27.2,27.3,27.2,27.2,27.4,27.3,27.3,27.4,27.2,27.4,27.4,27.4,27.4,27.4,27.4,27.4,27.3,27.3,27.2,27.3,27.2,27.2,27.3,27.3,27.3,27.3,27.2,27.3,27.3,27.5,27.8,28.3,28.9,29.2,29.2,29.5,29.3,29.3,29.3,29.4,29.5,29.5,29.4,29.5,29.5,29.3,29.2,29.2,29.0,29.1,28.9,28.7,28.6,28.3,28.1,28.0,27.9,27.7,27.5,27.1,27.1,26.6,26.4,26.5,26.5,26.5,26.6,26.5,26.5,26.5,26.7,26.5,26.7,26.7,26.6,26.6,26.5,26.6,26.6,26.5,26.4,26.5,26.4,26.4,26.5,26.4,26.5,26.6,26.5,26.5,26.4,26.5,26.3,26.5,26.4,26.1,26.5,26.3,26.3,26.3,26.3,26.3,26.2,26.1,26.1,26.1,26.2,26.2,26.2,26.0,26.3,26.1,26.0,26.3,26.2,26.3,26.2,26.1,26.1,26.2,26.1,26.1,26.1,26.1,26.1,25.9,26.1,26.2,26.3,26.1,26.3,26.2,26.1,26.2,25.9,26.1,26.2,26.0,26.1,26.1,26.0,26.1,26.0,26.0,26.0,26.2,26.1,26.0,26.1,25.9,26.0,26.1,25.8,25.9,25.9,25.8,26.2,25.9,25.9,25.9,26.1,25.9,26.2,25.9,25.9,25.9,26.0,26.1,26.0,26.0,26.0,25.9,26.0,25.9,26.0,26.0,26.1,26.0,26.0,26.0,25.8,26.0,26.1,26.0,25.9
228,27.1,27.0,26.9,27.0,27.0,27.0,27.2,27.2,27.1,27.0,27.1,27.2,27.3,27.3,27.2,27.4,27.2,27.2,27.3,27.3,27.3,27.4,27.4,27.5,27.3,27.4,27.2,27.2,27.2,27.2,27.4,27.4,27.3,27.3,27.2,27.4,27.4,27.9,28.3,28.8,29.1,29.1,29.3,29.1,29.3,29.3,29.2,29.3,29.3,29.3,29.4,29.2,29.3,29.1,28.9,28.8,28.7,28.7,28.5,28.5,28.3,28.1,27.8,27.7,27.5,27.2,27.1,26.7,26.7,26.4,26.4,26.5,26.6,26.4,26.6,26.5,26.5,26.6,26.4,26.6,26.5,26.5,26.7,26.5,26.5,26.4,26.5,26.6,26.4,26.3,26.5,26.3,26.4,26.3,26.5,26.3,26.4,26.5,26.4,26.2,26.3,26.2,26.2,26.2,26.2,26.2,26.1,26.3,26.1,26.2,26.1,26.3,26.2,26.2,26.1,25.9,26.0,26.1,25.9,26.1,26.0,26.2,26.0,26.1,25.9,26.0,26.2,25.9,25.9,26.0,26.0,26.1,25.9,26.1,25.9,26.0,26.1,26.0,26.0,26.1,25.9,25.9,25.9,26.1,26.0,26.0,25.9,26.1,25.9,26.1,25.9,26.1,26.0,25.9,26.0,25.9,25.9,25.9,25.9,26.0,25.8,25.8,26.0,26.0,25.8,26.0,25.9,25.7,25.8,25.9,26.0,26.0,26.0,26.0,26.1,26.0,26.0,26.0,26.1,26.2,25.8,25.8,26.0,26.1,25.8,25.8,25.9,25.9,25.9,26.2,25.9,26.2
229,27.2,27.2,26.9,27.1,27.2,27.2,27.1,27.1,27.2,27.1,27.1,27.2,27.5,27.4,27.4,27.5,27.3,27.2,27.2,27.4,27.2,27.3,27.4,27.4,27.3,27.2,27.4,27.1,27.2,27.1,27.2,27.4,27.3,27.1,27.1,27.2,27.4,27.7,28.1,28.7,29.1,29.1,29.1,29.1,29.1,29.3,29.2,29.1,29.1,29.1,29.2,29.2,29.1,28.9,28.9,28.6,28.5,28.6,28.4,28.3,28.0,27.9,27.7,27.7,27.4,27.2,27.0,26.6,26.5,26.4,26.5,26.5,26.5,26.6,26.5,26.5,26.5,26.6,26.4,26.6,26.5,26.6,26.7,26.5,26.5,26.5,26.5,26.3,26.3,26.2,26.4,26.2,26.2,26.3,26.3,26.3,26.3,26.3,26.4,26.2,26.4,26.3,26.1,26.1,26.2,26.2,26.2,26.2,26.0,26.1,25.9,26.0,26.1,26.2,26.0,26.0,25.9,26.2,26.0,26.3,26.0,26.2,26.0,26.1,25.9,26.1,26.1,26.1,26.0,25.9,26.1,25.9,26.0,25.9,26.3,26.0,26.0,26.0,26.1,26.2,26.1,26.0,26.0,25.9,26.1,26.2,26.0,25.9,26.1,26.0,26.0,25.8,25.8,25.9,26.0,25.8,26.0,25.9,26.1,25.9,25.9,25.7,25.9,26.0,26.1,25.9,25.9,26.0,26.0,25.8,25.9,26.2,26.1,26.0,25.9,26.0,25.7,25.9,26.0,25.8,26.0,26.0,26.0,25.9,26.1,26.1,25.9,25.9,26.0,26.0,26.1,25.9
230,27.1,27.2,26.9,27.2,26.9,27.2,27.2,27.0,27.1,27.1,27.1,27.2,27.1,27.2,27.2,27.1,27.2,27.3,27.3,27.2,27.4,27.3,27.2,27.3,27.4,27.3,27.2,27.1,27.2,27.1,27.2,27.2,27.0,27.1,27.1,27.2,27.3,27.5,28.1,28.6,28.8,28.7,29.0,28.9,28.9,29.0,29.0,28.9,29.1,28.9,29.1,28.9,28.8,28.9,28.8,28.5,28.6,28.5,28.2,28.1,28.0,28.0,27.7,27.5,27.2,27.2,26.9,26.7,26.5,26.4,26.4,26.5,26.5,26.2,26.5,26.4,26.4,26.4,26.4,26.5,26.4,26.5,26.5,26.5,26.5,26.2,26.4,26.3,26.4,26.2,26.5,26.2,26.3,26.2,26.2,26.2,26.2,26.4,26.2,26.2,26.0,26.3,26.2,26.1,26.2,26.3,26.1,26.1,25.9,25.9,25.9,25.9,25.9,26.0,26.0,26.0,26.1,26.0,25.9,26.0,26.0,26.0,25.9,26.0,26.0,26.0,26.0,26.0,26.1,25.8,25.7,25.9,26.2,25.9,25.9,26.0,26.2,25.9,26.1,25.8,26.0,25.9,26.2,26.2,26.0,26.1,26.1,26.1,25.9,25.9,25.9,26.0,26.0,26.1,25.9,25.9,26.0,25.9,26.0,25.8,26.1,25.9,26.0,25.8,26.0,25.8,26.1,25.9,26.0,26.0,25.8,26.0,25.9,26.0,25.9,26.0,26.0,25.8,26.0,26.1,26.0,26.1,26.0,26.0,26.0,25.9,25.9,26.0,26.2,25.9,26.0,26.2
231,26.9,27.0,27.0,27.1,26.9,27.1,26.9,27.1,27.1,27.1,26.9,27.3,27.1,27.2,27.1,27.2,27.2,27.3,27.4,27.2,27.1,27.3,27.1,27.2,27.4,27.2,27.2,27.2,27.2,27.2,27.0,27.2,27.2,27.2,27.1,27.0,27.1,27.6,27.8,28.3,28.5,28.7,28.8,28.8,28.9,29.0,28.9,28.9,28.8,28.9,29.0,28.8,28.7,28.6,28.3,28.5,28.3,28.3,27.9,28.0,27.7,27.6,27.4,27.3,27.1,26.9,26.8,26.3,26.4,26.3,26.2,26.3,26.4,26.3,26.4,26.4,26.3,26.2,26.4,26.3,26.3,26.4,26.4,26.3,26.4,26.3,26.2,26.3,26.3,26.1,26.3,26.3,26.2,26.2,26.0,26.2,26.1,26.2,26.1,26.0,26.1,26.1,26.0,26.0,26.0,26.0,25.9,25.9,25.8,26.0,25.7,25.8,25.9,25.8,25.9,25.7,25.8,25.8,26.0,25.9,25.8,25.8,25.7,25.9,25.8,25.8,25.6,25.8,25.8,25.7,25.8,25.7,25.8,25.9,25.7,25.7,25.9,25.9,26.1,25.9,25.7,25.9,25.9,26.0,25.9,26.0,25.9,26.0,25.9,25.8,25.8,26.0,26.1,25.9,26.0,25.9,26.0,26.1,26.0,25.8,26.0,25.9,25.9,25.9,25.9,25.8,26.0,26.0,25.9,25.8,25.9,25.9,25.9,26.1,25.7,25.9,25.9,26.0,25.9,25.8,26.0,26.0,25.8,26.1,25.9,25.9,25.9,25.8,26.0,26.0,25.9,25.9
232,26.8,26.9,26.9,26.9,27.0,27.0,27.1,27.0,27.0,27.2,27.2,27.2,27.2,27.1,27.2,27.3,27.1,27.1,27.1,27.2,27.1,27.1,27.2,27.2,27.1,27.0,27.2,27.0,27.0,27.0,27.1,27.1,26.9,27.0,27.0,27.2,27.2,27.3,27.7,28.2,28.3,28.6,28.8,28.6,28.7,28.7,28.8,28.8,28.7,28.7,28.6,28.5,28.5,28.5,28.4,28.3,28.2,28.1,28.0,27.8,27.6,27.6,27.3,27.1,27.1,26.7,26.8,26.2,26.2,26.4,26.3,26.3,26.3,26.2,26.3,26.2,26.3,26.2,26.2,26.3,26.3,26.3,26.3,26.3,26.3,26.3,26.2,26.2,26.2,26.2,26.1,26.1,26.2,26.0,25.9,26.1,26.1,26.1,25.9,26.0,26.0,25.9,26.0,25.7,25.9,25.9,25.8,25.7,25.7,25.7,25.8,26.0,25.8,25.7,25.9,25.8,25.6,25.9,25.7,25.8,25.8,25.7,25.6,25.9,25.7,26.0,25.8,25.8,25.8,25.7,25.7,25.9,25.9,25.7,25.7,25.8,25.7,25.7,25.9,25.7,25.8,25.8,25.7,25.9,25.8,25.9,25.8,25.8,25.8,25.7,25.9,25.8,25.8,25.8,25.9,25.7,25.8,25.8,25.7,25.8,26.0,26.0,25.7,25.7,25.9,25.8,25.8,25.9,25.9,26.1,25.7,26.0,25.7,26.1,25.8,26.0,25.9,25.8,26.0,26.0,25.9,25.9,25.9,25.8,25.9,25.8,25.9,25.9,25.9,25.7,25.7,25.6
233,27.0,27.0,27.0,26.9,27.1,27.0,26.9,27.0,27.1,27.0,27.0,27.1,27.1,27.2,27.1,27.1,27.3,27.0,27.0,27.1,27.2,27.3,27.1,27.1,27.1,27.2,27.1,27.2,27.1,27.0,27.0,27.2,27.1,27.0,26.9,27.1,27.0,27.2,27.6,27.8,28.3,28.4,28.6,28.6,28.6,28.7,28.5,28.6,28.7,28.6,28.6,28.5,28.6,28.4,28.1,28.2,28.0,27.9,27.9,27.7,27.6,27.2,27.4,27.1,26.9,26.7,26.5,26.3,26.4,26.3,26.3,26.4,26.3,26.3,26.4,26.3,26.3,26.3,26.2,26.2,26.0,26.3,26.1,26.2,26.3,26.1,26.2,26.2,26.1,25.9,26.1,26.0,26.1,26.1,26.0,26.0,26.0,26.0,26.1,25.9,26.1,25.8,25.8,25.8,26.0,26.0,25.7,25.9,25.8,25.9,25.7,25.8,25.7,25.7,25.7,25.9,25.8,25.8,25.7,25.8,25.7,25.6,26.0,25.7,25.7,25.9,25.9,26.0,25.6,25.8,25.7,25.7,25.8,25.8,25.7,25.7,25.7,25.7,25.9,25.8,25.9,25.7,25.8,25.8,25.6,26.0,25.8,26.0,25.7,25.6,25.9,25.8,25.8,26.0,25.8,25.7,25.7,25.7,25.8,25.8,25.8,26.0,25.8,25.8,25.8,25.8,25.9,25.8,25.8,25.8,25.7,25.9,25.9,25.8,25.7,25.8,25.9,25.9,25.9,25.8,26.0,25.9,25.8,26.0,25.9,26.0,25.9,25.9,25.9,25.9,25.8,26.0
234,26.9,27.0,26.9,26.9,27.1,27.2,26.9,27.0,27.0,26.9,26.8,26.9,27.1,27.1,27.0,27.2,27.1,27.1,26.9,27.2,27.0,27.2,27.2,27.0,27.0,27.1,26.9,27.1,27.0,27.0,26.9,27.0,26.9,26.9,26.8,26.8,27.1,27.3,27.4,27.8,28.0,28.3,28.4,28.4,28.5,28.5,28.5,28.7,28.5,28.5,28.3,28.3,28.2,28.2,28.2,28.0,27.8,27.9,27.6,27.7,27.4,27.2,27.1,27.0,26.9,26.6,26.3,26.2,26.2,26.3,26.3,26.2,26.3,26.3,26.2,26.2,26.2,26.3,26.2,26.1,26.2,26.1,26.0,26.0,26.2,26.2,26.1,26.1,26.1,26.0,26.0,26.1,25.9,25.9,26.0,26.0,25.9,26.1,25.8,26.1,25.8,25.7,25.8,25.9,25.9,25.8,25.7,25.7,25.7,25.7,25.7,25.6,25.7,25.7,25.6,25.7,25.4,25.5,25.8,25.7,25.6,25.7,25.6,25.5,25.6,25.8,25.8,25.6,25.7,25.6,25.5,25.7,25.7,25.7,25.7,25.7,25.7,25.6,25.7,25.6,25.7,25.7,25.7,25.8,25.7,25.7,25.7,25.8,25.7,25.8,25.6,25.7,25.8,25.8,25.7,25.7,25.7,25.7,25.6,25.7,25.9,25.9,25.7,25.7,25.6,25.8,25.6,25.9,25.8,25.8,25.7,25.6,25.7,25.8,25.9,25.8,26.0,25.7,25.9,25.9,25.9,25.8,25.9,25.8,25.8,25.8,25.7,26.0,25.8,26.0,25.8,25.7
235,27.1,26.9,26.9,27.0,26.9,27.0,27.0,26.9,27.1,27.1,26.9,27.0,26.9,27.0,27.1,27.0,27.2,27.0,26.9,27.2,27.2,27.0,27.0,27.0,27.2,27.1,27.0,26.9,27.2,27.0,26.9,27.0,27.0,27.0,27.0,26.9,26.9,27.2,27.1,27.4,27.6,27.7,28.3,28.2,28.1,28.3,28.2,28.3,28.4,28.2,28.3,28.3,28.2,28.1,28.1,27.9,28.0,27.7,27.5,27.5,27.3,27.1,27.1,26.8,26.6,26.5,26.3,26.1,26.2,26.0,26.2,26.2,26.2,26.3,26.3,26.2,26.2,26.3,26.0,26.2,26.1,26.3,26.1,26.1,26.2,26.1,26.1,26.0,26.0,25.9,26.1,25.8,26.0,25.8,25.8,26.0,25.9,25.9,25.9,25.7,25.8,25.8,26.0,25.7,25.8,25.8,25.8,25.8,25.8,25.7,25.6,25.6,25.7,25.7,25.6,25.5,25.6,25.7,25.7,25.6,25.7,25.6,25.4,25.6,25.4,25.7,25.6,25.9,25.7,25.7,25.6,25.5,25.6,25.7,25.5,25.6,25.7,25.6,25.7,25.6,25.7,25.7,25.6,25.7,25.7,25.9,25.8,25.8,25.8,25.7,25.9,25.8,25.9,25.7,25.7,25.8,25.7,25.8,25.7,25.8,25.7,25.8,25.6,25.7,25.8,25.7,25.9,25.8,25.7,25.7,25.9,25.9,25.8,25.8,25.8,25.8,25.9,25.9,25.7,25.9,25.8,26.0,25.9,26.0,26.1,25.8,25.8,26.1,25.9,25.8,25.8,25.9
236,27.0,27.0,26.9,26.9,26.9,27.0,27.0,26.9,27.0,26.8,26.9,26.9,27.1,27.1,27.0,26.9,27.0,27.1,27.0,26.9,27.1,27.0,26.9,27.1,26.9,27.0,27.1,27.0,26.9,27.0,26.9,27.0,26.9,26.9,26.8,27.0,27.0,27.0,27.2,27.2,27.3,27.4,27.6,27.6,27.9,27.9,27.7,27.7,28.2,28.3,28.3,28.1,28.1,28.2,27.8,27.8,27.9,27.7,27.4,27.2,27.2,27.0,26.8,26.7,26.4,26.5,26.3,26.2,26.1,26.2,26.3,26.2,26.0,26.2,26.3,26.0,26.2,26.2,26.1,26.0,26.1,26.2,26.2,25.9,26.0,26.0,25.9,25.8,26.0,25.9,26.0,25.9,25.9,25.9,25.8,26.0,25.9,25.9,25.7,25.8,25.8,25.7,25.7,25.7,25.7,25.6,25.6,25.8,25.5,25.8,25.7,25.7,25.7,25.7,25.6,25.5,25.7,25.5,25.5,25.5,25.5,25.6,25.6,25.5,25.5,25.5,25.7,25.6,25.5,25.4,25.7,25.6,25.6,25.4,25.5,25.5,25.6,25.7,25.6,25.5,25.6,25.5,25.7,25.7,25.7,25.8,25.7,25.6,25.6,25.6,25.7,25.6,25.8,25.7,25.8,25.8,25.8,25.7,25.7,25.7,25.7,25.7,25.9,25.8,25.8,25.8,25.7,25.8,25.8,25.8,25.8,25.7,25.8,25.7,25.7,25.8,25.8,25.8,25.9,25.8,26.0,25.7,25.9,25.7,26.0,25.9,26.1,26.0,25.9,25.9,25.7,25.9
237,26.8,26.7,26.8,27.0,26.7,26.9,26.9,26.9,26.9,26.9,26.8,26.8,27.0,27.1,27.0,27.1,26.9,27.0,26.7,27.1,27.1,27.1,27.0,26.9,27.0,26.9,27.0,27.0,26.9,26.8,26.8,26.8,26.9,26.9,26.8,26.6,27.0,26.8,26.8,26.9,26.9,27.2,27.3,27.3,27.3,27.5,27.3,27.4,27.6,28.1,28.0,28.0,27.9,27.8,27.7,27.6,27.4,27.4,27.2,27.3,26.8,26.7,26.5,26.4,26.2,26.2,26.2,26.1,25.8,26.2,26.2,26.1,26.1,26.2,26.2,26.2,26.1,26.1,26.0,26.1,25.9,25.9,26.0,25.9,26.0,25.9,26.0,26.0,25.9,25.7,25.9,25.8,26.0,25.8,25.8,25.7,25.7,25.6,25.7,25.8,25.6,25.7,25.7,25.7,25.7,25.6,25.6,25.7,25.5,25.6,25.6,25.6,25.5,25.3,25.5,25.6,25.6,25.5,25.4,25.6,25.5,25.3,25.5,25.5,25.5,25.5,25.4,25.6,25.5,25.5,25.5,25.5,25.6,25.6,25.5,25.4,25.5,25.6,25.3,25.6,25.6,25.4,25.5,25.7,25.5,25.7,25.6,25.6,25.6,25.4,25.7,25.5,25.7,25.6,25.6,25.6,25.7,25.6,25.5,25.7,25.6,25.7,25.6,25.7,25.7,25.5,25.7,25.8,25.9,25.9,25.6,25.7,25.7,25.6,25.9,25.7,25.7,25.8,25.6,25.6,25.8,26.0,25.9,25.7,26.0,25.8,25.8,25.8,25.7,25.9,25.8,25.7
238,26.9,26.9,26.7,27.0,26.8,26.9,26.8,26.8,26.9,26.7,27.0,26.9,26.8,26.9,26.9,27.0,26.8,26.8,26.9,26.9,27.0,27.0,27.0,26.9,26.8,26.9,26.8,26.8,26.9,26.9,26.9,26.9,26.8,26.7,26.7,26.5,26.6,26.7,26.8,26.8,26.9,26.8,26.9,26.8,27.0,27.2,27.1,27.3,27.6,27.8,28.0,27.9,27.8,27.7,27.5,27.6,27.6,27.2,27.1,27.0,26.7,26.5,26.4,26.2,26.1,26.2,26.1,26.2,26.1,26.0,26.1,26.1,26.0,26.1,26.2,26.1,26.1,26.1,25.9,26.1,26.1,25.8,25.9,25.8,25.9,25.8,25.9,25.8,26.0,25.8,26.0,25.8,25.9,26.0,25.8,25.6,25.7,26.0,25.8,25.8,25.6,25.7,25.7,25.4,25.6,25.7,25.6,25.5,25.4,25.5,25.7,25.5,25.7,25.7,25.5,25.4,25.4,25.3,25.6,25.5,25.5,25.4,25.4,25.4,25.2,25.6,25.3,25.4,25.4,25.5,25.5,25.6,25.4,25.6,25.5,25.4,25.5,25.4,25.5,25.5,25.5,25.5,25.5,25.7,25.4,25.6,25.5,25.7,25.7,25.4,25.5,25.5,25.7,25.6,25.8,25.7,25.7,25.5,25.8,25.7,25.6,25.6,25.7,25.7,25.7,25.5,25.7,25.6,25.8,25.8,25.7,25.7,25.6,25.8,25.7,25.8,26.0,25.9,25.7,25.7,25.8,25.9,25.8,25.8,26.0,25.8,25.9,25.8,25.8,26.0,25.7,25.8
239,27.1,26.9,26.7,26.7,26.7,26.9,26.9,26.7,27.0,26.9,26.9,26.9,26.9,27.0,26.9,27.0,27.1,27.0,26.8,26.9,26.8,26.8,27.0,27.0,26.8,26.9,26.9,26.9,26.8,26.8,26.8,26.9,26.7,26.8,26.5,26.6,26.6,26.7,26.7,26.7,26.7,26.7,26.9,26.6,26.6,26.8,26.7,26.9,27.5,27.8,27.9,27.7,27.8,27.6,27.5,27.4,27.5,27.3,27.0,26.8,26.4,26.3,26.1,26.2,26.1,26.2,26.0,26.1,25.7,26.1,26.0,26.1,26.0,26.0,26.2,25.8,26.0,26.2,26.0,26.0,26.0,26.0,25.9,25.8,25.9,25.7,25.7,25.7,25.6,25.7,25.7,25.8,25.9,25.7,25.4,25.6,25.5,25.7,25.7,25.7,25.5,25.6,25.6,25.6,25.4,25.6,25.6,25.4,25.5,25.5,25.4,25.4,25.5,25.4,25.6,25.5,25.4,25.5,25.5,25.5,25.3,25.3,25.5,25.3,25.5,25.4,25.5,25.4,25.5,25.3,25.4,25.5,25.5,25.4,25.4,25.4,25.6,25.5,25.4,25.4,25.4,25.4,25.5,25.4,25.5,25.7,25.5,25.5,25.7,25.4,25.6,25.7,25.7,25.7,25.6,25.7,25.7,25.7,25.7,25.6,25.7,25.7,25.6,25.6,25.6,25.7,25.7,25.7,25.6,25.8,25.7,25.7,25.8,25.8,25.7,25.9,26.0,25.9,25.8,26.0,25.9,25.9,26.0,25.9,25.9,25.7,25.9,25.7,25.9,25.8,25.8,25.9
240,27.0,26.8,26.7,26.9,26.7,26.9,27.0,26.8,26.9,26.9,27.0,26.9,26.9,26.9,26.9,26.8,26.9,26.9,26.9,26.8,26.8,26.9,26.9,26.8,26.8,26.9,26.8,27.0,26.8,26.8,26.9,26.8,26.6,26.7,26.5,26.5,26.5,26.6,26.6,26.6,26.6,26.5,26.7,26.5,26.5,26.7,26.7,26.9,27.5,27.8,27.8,27.9,27.6,27.5,27.4,27.3,27.1,27.0,27.0,26.7,26.2,26.0,26.0,26.0,25.9,25.9,26.0,26.1,26.0,25.9,26.0,25.9,26.0,26.0,25.9,26.1,25.9,26.1,26.0,26.1,26.1,26.1,25.7,25.7,25.9,25.7,25.7,25.7,25.9,25.7,25.6,25.6,25.7,25.8,25.6,25.7,25.7,25.8,25.5,25.6,25.3,25.6,25.5,25.4,25.5,25.4,25.4,25.5,25.3,25.3,25.4,25.4,25.5,25.4,25.5,25.2,25.3,25.4,25.2,25.5,25.2,25.4,25.3,25.1,25.2,25.4,25.5,25.3,25.4,25.4,25.3,25.3,25.3,25.4,25.5,25.5,25.4,25.4,25.5,25.5,25.5,25.3,25.3,25.5,25.4,25.5,25.5,25.3,25.5,25.4,25.5,25.4,25.3,25.6,25.6,25.5,25.7,25.5,25.6,25.5,25.6,25.5,25.7,25.5,25.7,25.6,25.8,25.6,25.7,25.6,25.7,25.7,25.8,25.8,26.0,25.7,25.7,25.7,25.9,25.7,25.8,25.8,25.8,25.8,25.7,25.7,25.8,25.8,25.9,26.0,25.9,25.9
241,26.8,26.9,26.5,26.8,26.8,26.9,26.8,26.8,26.7,26.8,26.9,26.9,26.8,26.9,26.9,26.8,26.9,26.9,26.8,26.9,26.8,26.9,26.9,26.8,26.7,26.9,26.9,26.8,26.7,26.8,26.7,26.8,26.6,26.8,26.8,26.8,26.7,26.5,26.5,26.7,26.6,26.6,26.5,26.5,26.4,26.4,26.5,26.8,27.3,27.6,27.6,27.6,27.4,27.3,27.2,27.1,27.1,27.0,26.7,26.6,26.3,25.8,25.9,25.9,26.0,25.9,26.1,25.8,25.9,25.7,26.0,26.0,26.1,25.9,25.9,25.8,26.0,25.9,26.0,25.9,25.8,26.0,25.9,26.0,25.7,25.7,25.7,25.6,25.7,25.5,25.6,25.7,25.6,25.6,25.5,25.6,25.5,25.6,25.7,25.6,25.6,25.5,25.6,25.5,25.5,25.4,25.6,25.3,25.3,25.4,25.3,25.4,25.5,25.5,25.3,25.4,25.4,25.4,25.5,25.4,25.4,25.2,25.3,25.3,25.2,25.3,25.3,25.3,25.3,25.3,25.4,25.3,25.3,25.1,25.4,25.4,25.4,25.3,25.4,25.3,25.3,25.4,25.3,25.4,25.3,25.3,25.4,25.2,25.2,25.2,25.4,25.7,25.5,25.6,25.4,25.4,25.5,25.5,25.4,25.5,25.5,25.6,25.5,25.6,25.6,25.6,25.7,25.6,25.7,25.7,25.5,25.7,25.7,25.9,25.6,25.8,25.8,25.6,25.8,25.7,25.8,25.8,25.9,25.5,25.9,25.7,25.8,25.7,25.9,25.7,25.8,25.8
242,26.7,26.5,26.7,26.9,26.8,27.0,26.9,26.6,26.9,26.8,26.8,27.0,26.7,26.9,26.8,26.6,26.8,26.8,26.9,26.8,26.8,26.9,26.8,26.7,26.9,26.7,26.8,26.7,26.8,26.8,26.7,26.9,26.7,26.7,26.6,26.4,26.5,26.7,26.4,26.6,26.5,26.3,26.4,26.3,26.4,26.4,26.5,26.7,27.1,27.4,27.5,27.4,27.4,27.3,27.1,27.1,26.9,26.7,26.6,26.3,26.0,25.8,25.9,25.9,25.9,26.0,25.8,25.8,25.9,25.9,25.8,25.8,25.9,25.9,26.0,25.7,25.9,26.0,25.9,26.0,25.7,25.9,25.9,25.8,25.8,25.8,25.9,25.7,25.6,25.7,25.7,25.6,25.6,25.7,25.6,25.6,25.5,25.7,25.6,25.5,25.4,25.6,25.5,25.4,25.3,25.4,25.4,25.5,25.5,25.2,25.3,25.4,25.4,25.5,25.5,25.4,25.3,25.4,25.4,25.5,25.3,25.3,25.2,25.3,25.3,25.2,25.3,25.2,25.2,25.3,25.3,25.4,25.4,25.2,25.2,25.2,25.4,25.3,25.3,25.3,25.3,25.3,25.2,25.3,25.4,25.5,25.5,25.5,25.4,25.3,25.4,25.3,25.5,25.6,25.8,25.5,25.7,25.5,25.6,25.5,25.6,25.6,25.5,25.6,25.8,25.5,25.7,25.5,25.8,25.8,25.7,25.7,25.6,25.9,25.8,25.8,25.7,25.9,25.8,25.7,25.9,25.7,25.9,25.9,25.8,25.8,25.9,26.0,25.9,25.9,25.9,25.8
243,26.9,26.9,26.7,26.8,26.8,26.7,26.7,26.9,26.9,26.7,26.7,27.0,26.9,27.0,26.9,26.9,26.8,26.9,26.7,26.9,26.9,26.7,26.8,26.8,26.8,26.9,26.7,26.7,26.8,26.7,26.7,26.8,26.8,26.6,26.5,26.7,26.4,26.4,26.4,26.2,26.4,26.3,26.3,26.3,26.2,26.3,26.4,26.7,26.9,27.2,27.4,27.4,27.3,27.2,27.3,26.9,26.8,26.8,26.5,26.4,26.1,25.7,26.0,25.9,25.9,25.9,26.0,25.8,26.0,25.8,26.0,25.9,25.8,25.6,25.9,25.8,25.7,25.9,25.7,25.9,25.8,25.7,25.8,25.9,25.9,25.7,25.7,25.7,25.7,25.7,25.7,25.4,25.7,25.5,25.5,25.5,25.6,25.6,25.5,25.5,25.5,25.5,25.5,25.4,25.4,25.5,25.4,25.4,25.3,25.3,25.3,25.3,25.4,25.4,25.2,25.3,25.3,25.4,25.4,25.3,25.5,25.3,25.2,25.3,25.4,25.2,25.3,25.1,25.2,25.1,25.3,25.3,25.2,25.2,25.2,25.2,25.2,25.2,25.1,25.3,25.4,25.4,25.3,25.4,25.2,25.5,25.3,25.3,25.3,25.2,25.4,25.3,25.6,25.5,25.3,25.5,25.5,25.5,25.5,25.5,25.6,25.6,25.6,25.5,25.7,25.4,25.5,25.7,25.6,25.6,25.6,25.6,25.7,25.6,25.8,25.6,25.7,25.7,25.7,25.7,25.8,25.8,25.7,25.7,26.0,25.9,25.9,25.7,25.8,25.8,25.8,25.7
244,26.8,26.7,26.6,26.7,26.6,26.9,26.8,26.8,26.8,26.8,26.7,26.8,26.9,26.8,26.9,26.8,26.8,26.8,26.8,26.7,26.7,26.8,26.7,26.7,26.7,26.7,26.8,26.5,26.7,26.7,26.6,26.7,26.6,26.5,26.5,26.5,26.5,26.4,26.3,26.3,26.2,26.1,26.2,26.1,26.2,26.1,26.2,26.5,26.9,27.1,27.2,27.3,27.2,26.9,26.8,26.9,26.8,26.4,26.3,26.1,25.9,25.7,25.8,25.9,25.7,25.8,25.8,25.9,25.7,25.9,25.8,25.9,25.7,25.7,25.8,25.8,25.7,25.9,25.8,25.9,25.7,25.7,25.7,25.8,25.8,25.6,25.6,25.5,25.5,25.6,25.6,25.5,25.6,25.6,25.5,25.6,25.5,25.5,25.5,25.6,25.6,25.5,25.5,25.6,25.5,25.5,25.5,25.4,25.5,25.4,25.3,25.2,25.3,25.3,25.3,25.2,25.2,25.3,25.3,25.2,25.5,25.4,25.2,25.4,25.1,25.2,25.2,25.2,25.2,25.0,25.1,25.0,25.2,25.3,25.0,25.2,25.3,25.3,25.2,25.1,25.2,25.2,25.2,25.3,25.3,25.2,25.2,25.2,25.3,25.2,25.3,25.4,25.5,25.4,25.4,25.5,25.6,25.4,25.5,25.5,25.5,25.4,25.5,25.7,25.5,25.5,25.7,25.6,25.5,25.6,25.3,25.7,25.7,25.7,25.7,25.5,25.7,25.6,25.7,25.7,25.8,25.7,25.9,25.7,25.7,25.8,25.7,25.9,25.6,25.8,25.8,25.7
245,26.8,26.8,26.5,26.8,26.7,26.7,26.6,26.8,26.7,26.8,26.7,26.8,26.7,26.8,26.7,26.8,26.9,26.9,26.7,26.8,26.7,26.7,26.6,26.8,26.6,26.5,26.4,26.5,26.6,26.6,26.7,26.7,26.5,26.6,26.3,26.2,26.4,26.5,26.2,26.3,26.3,26.2,26.1,26.2,26.0,26.2,26.1,26.2,26.5,26.6,27.0,27.1,27.3,27.1,26.9,26.9,26.7,26.5,26.2,26.1,25.8,25.7,25.7,25.9,25.7,25.7,25.7,25.8,25.9,25.8,25.7,25.7,25.8,25.7,25.8,25.6,25.7,25.8,25.6,25.8,25.8,25.7,25.7,25.7,25.8,25.5,25.5,25.7,25.6,25.4,25.6,25.4,25.5,25.5,25.5,25.5,25.7,25.5,25.4,25.5,25.5,25.5,25.4,25.4,25.2,25.3,25.2,25.7,25.5,25.4,25.2,25.2,25.4,25.1,25.4,25.3,25.3,25.3,25.2,25.3,25.3,25.4,25.2,25.3,25.1,25.3,25.3,25.2,25.1,25.0,25.3,25.3,25.1,25.1,25.0,25.1,25.1,25.1,25.2,25.2,25.1,25.0,25.0,25.4,25.3,25.1,25.1,25.2,25.3,25.3,25.2,25.5,25.3,25.3,25.4,25.4,25.4,25.4,25.5,25.3,25.5,25.3,25.4,25.5,25.5,25.4,25.5,25.5,25.4,25.5,25.5,25.6,25.4,25.6,25.5,25.7,25.6,25.7,25.7,25.6,25.7,25.6,25.7,25.8,25.7,25.7,25.8,25.8,25.5,25.9,25.7,25.8
246,26.8,26.7,26.8,26.7,26.9,26.8,26.7,26.7,26.9,26.6,27.0,26.8,26.7,26.9,26.8,26.8,26.7,26.8,26.6,26.7,26.7,26.9,26.7,26.8,26.6,26.7,26.5,26.5,26.5,26.6,26.4,26.5,26.5,26.4,26.4,26.5,26.4,26.5,26.4,26.3,26.2,26.3,26.3,26.2,26.1,26.1,26.2,26.1,26.5,26.7,26.7,27.1,27.2,27.1,26.9,26.8,26.7,26.6,26.0,26.1,25.7,25.7,25.8,25.6,25.8,25.7,25.8,25.9,25.7,25.8,25.7,26.0,25.9,25.8,25.7,25.8,25.7,25.9,25.7,25.8,25.7,25.7,25.7,25.6,25.7,25.7,25.5,25.6,25.8,25.5,25.6,25.7,25.6,25.6,25.5,25.5,25.6,25.5,25.6,25.7,25.5,25.5,25.6,25.4,25.5,25.5,25.5,25.5,25.4,25.3,25.5,25.2,25.4,25.4,25.2,25.3,25.3,25.2,25.3,25.2,25.4,25.2,25.2,25.2,25.2,25.4,25.2,25.3,25.1,25.2,25.2,25.2,25.1,25.2,25.1,25.2,25.2,25.1,25.2,25.3,25.2,25.2,25.3,25.3,25.2,25.4,25.2,25.1,25.2,25.2,25.1,25.3,25.2,25.4,25.5,25.4,25.5,25.2,25.4,25.3,25.3,25.5,25.4,25.5,25.5,25.6,25.6,25.5,25.5,25.7,25.4,25.6,25.6,25.7,25.7,25.7,25.6,25.7,25.6,25.8,25.7,26.0,26.0,25.7,25.8,25.8,25.8,25.9,25.8,25.5,25.9,25.7
247,26.6,26.6,26.5,26.7,26.7,26.8,26.8,26.7,26.7,26.7,26.7,26.6,26.8,26.9,26.9,26.6,26.8,26.4,26.7,26.8,26.5,26.7,26.7,26.6,26.5,26.6,26.6,26.6,26.4,26.5,26.3,26.5,26.5,26.5,26.3,26.3,26.3,26.4,26.3,26.3,26.2,26.1,26.4,26.1,25.9,26.1,26.3,26.0,26.2,26.4,26.7,27.2,27.2,27.2,26.9,26.7,26.7,26.5,26.2,25.9,25.6,25.6,25.5,25.6,25.7,25.7,25.7,25.7,25.7,25.6,25.8,25.7,25.7,25.5,25.8,25.6,25.7,25.7,25.6,25.9,25.7,25.6,25.8,25.7,25.8,25.7,25.7,25.8,25.7,25.6,25.6,25.7,25.6,25.7,25.6,25.5,25.4,25.6,25.6,25.6,25.5,25.6,25.6,25.6,25.6,25.4,25.4,25.6,25.3,25.5,25.4,25.4,25.3,25.3,25.4,25.3,25.1,25.3,25.3,25.3,25.5,25.3,25.4,25.1,25.3,25.2,25.2,25.3,25.2,25.1,25.2,25.2,25.1,25.1,25.2,25.1,25.0,25.2,25.2,25.0,25.2,25.1,25.2,25.2,25.2,25.3,25.1,25.3,25.2,25.2,25.2,25.3,25.2,25.3,25.2,25.3,25.5,25.4,25.5,25.3,25.4,25.5,25.4,25.4,25.5,25.5,25.6,25.5,25.5,25.5,25.5,25.6,25.4,25.5,25.5,25.8,25.7,25.6,25.6,25.6,25.7,25.5,25.7,25.6,25.6,25.6,25.7,25.8,25.7,25.7,25.7,25.7
248,26.7,26.6,26.7,26.8,26.6,26.7,26.6,26.7,26.7,26.6,26.8,26.8,26.6,26.7,26.7,26.7,26.8,26.6,26.8,26.9,26.7,26.7,26.8,26.5,26.6,26.7,26.6,26.5,26.4,26.4,26.6,26.4,26.5,26.6,26.3,26.3,26.4,26.2,26.3,26.0,26.2,26.2,26.3,26.1,26.1,26.0,25.8,26.0,26.1,26.3,26.7,26.9,27.3,27.2,26.7,26.8,26.6,26.5,26.2,26.0,25.7,25.7,25.7,25.7,25.9,25.7,25.8,25.9,25.7,25.7,25.5,25.7,25.7,25.7,25.7,25.8,25.8,25.7,25.6,25.5,25.6,25.7,25.8,25.7,25.6,25.7,25.7,25.6,25.6,25.5,25.6,25.5,25.6,25.6,25.6,25.5,25.5,25.6,25.5,25.6,25.5,25.7,25.7,25.5,25.6,25.5,25.6,25.5,25.6,25.4,25.4,25.4,25.5,25.4,25.4,25.5,25.2,25.5,25.4,25.3,25.3,25.3,25.4,25.3,25.4,25.2,25.2,25.2,25.2,25.3,25.2,25.0,25.2,25.2,25.2,25.2,25.1,25.2,24.9,24.9,25.1,25.1,25.2,25.3,25.0,25.2,25.1,25.1,25.2,25.2,25.2,25.1,25.3,25.3,25.2,25.3,25.2,25.4,25.3,25.3,25.5,25.3,25.3,25.5,25.3,25.5,25.6,25.6,25.6,25.9,25.5,25.4,25.6,25.8,25.6,25.7,25.7,25.6,25.6,25.6,25.7,25.7,25.7,25.6,25.8,25.7,25.8,25.8,25.7,25.9,25.7,25.9
249,26.6,26.6,26.5,26.6,26.7,26.7,26.6,26.4,26.7,26.5,26.6,26.7,26.6,26.6,26.6,26.7,26.7,26.6,26.5,26.7,26.5,26.6,26.7,26.6,26.4,26.4,26.5,26.4,26.5,26.5,26.5,26.4,26.4,26.3,26.4,26.3,26.2,26.2,26.1,26.0,26.1,26.0,26.0,26.1,25.8,26.0,25.9,26.0,26.1,26.1,26.4,27.1,27.1,27.0,26.9,26.8,26.6,26.4,26.1,25.8,25.7,25.6,25.7,25.6,25.6,25.7,25.6,25.7,25.7,25.7,25.7,25.7,25.7,25.7,25.8,25.7,25.7,25.7,25.8,25.8,25.7,25.8,25.8,25.6,25.6,25.6,25.6,25.7,25.5,25.6,25.6,25.5,25.8,25.6,25.6,25.8,25.7,25.5,25.6,25.7,25.5,25.6,25.5,25.4,25.6,25.5,25.6,25.6,25.5,25.5,25.5,25.4,25.5,25.4,25.5,25.4,25.6,25.3,25.5,25.4,25.4,25.3,25.2,25.3,25.2,25.2,25.4,25.3,25.2,25.1,25.3,25.3,25.1,25.1,25.0,25.0,25.1,25.2,25.2,25.2,25.1,24.9,25.0,24.9,24.9,25.2,25.2,25.2,25.0,25.0,25.1,25.2,25.3,25.1,25.2,25.1,25.0,25.2,25.2,25.2,25.3,25.3,25.4,25.5,25.6,25.5,25.4,25.5,25.3,25.5,25.3,25.5,25.4,25.5,25.5,25.5,25.5,25.5,25.5,25.5,25.7,25.6,25.8,25.5,25.8,25.7,25.6,25.7,25.8,25.9,25.8,25.7
250,26.8,26.6,26.7,26.7,26.6,26.9,26.6,26.9,26.7,26.7,26.6,26.7,26.8,26.6,26.5,26.6,26.6,26.7,26.7,26.7,26.6,26.5,26.4,26.7,26.5,26.3,26.7,26.5,26.5,26.5,26.4,26.4,26.3,26.4,26.2,26.1,26.2,26.0,26.2,26.2,26.2,26.1,26.1,26.0,26.0,25.9,25.9,26.0,26.0,26.1,26.4,26.9,27.0,27.1,26.9,26.8,26.3,26.3,25.9,25.9,25.7,25.6,25.5,25.7,25.5,25.6,25.7,25.5,25.7,25.6,25.6,25.6,25.7,25.7,25.8,25.7,25.6,25.8,25.6,25.7,25.7,25.8,25.9,25.7,25.8,25.6,25.6,25.7,25.6,25.7,25.8,25.6,25.8,25.7,25.6,25.7,25.6,25.5,25.6,25.5,25.6,25.5,25.6,25.5,25.6,25.6,25.7,25.5,25.5,25.6,25.5,25.5,25.5,25.4,25.4,25.3,25.3,25.6,25.5,25.4,25.4,25.4,25.3,25.1,25.4,25.3,25.3,25.4,25.3,25.2,25.4,25.3,25.3,25.2,25.0,24.9,25.0,25.2,25.2,25.1,24.9,25.1,25.1,25.3,25.1,25.3,25.2,25.2,25.0,25.2,25.1,25.2,25.2,25.2,25.3,25.1,25.0,25.2,25.2,25.1,25.2,25.2,25.4,25.4,25.5,25.4,25.5,25.5,25.6,25.4,25.5,25.6,25.5,25.5,25.5,25.5,25.6,25.5,25.5,25.7,25.6,25.6,25.7,25.7,25.7,25.7,25.6,25.7,26.0,25.7,25.6,25.9
251,26.7,26.8,26.5,26.7,26.7,26.5,26.6,26.6,26.6,26.7,26.5,26.5,26.7,26.6,26.6,26.6,26.6,26.5,26.5,26.5,26.5,26.5,26.5,26.6,26.5,26.4,26.6,26.3,26.4,26.5,26.4,26.4,26.3,26.4,26.2,26.4,26.2,26.2,26.2,26.2,26.2,25.9,26.2,25.9,26.0,25.8,25.9,25.8,26.0,26.2,26.4,26.6,26.9,26.9,26.9,26.5,26.6,26.2,26.1,25.7,25.6,25.6,25.5,25.6,25.5,25.5,25.5,25.6,25.5,25.5,25.6,25.6,25.6,25.7,25.9,25.5,25.8,25.6,25.7,25.8,25.8,26.0,25.7,25.8,25.8,25.7,25.6,25.7,25.8,25.7,25.8,25.7,25.8,25.8,25.7,25.7,25.6,25.7,25.7,25.6,25.7,25.8,25.7,25.5,25.6,25.6,25.5,25.6,25.6,25.5,25.5,25.4,25.4,25.5,25.5,25.5,25.5,25.4,25.4,25.5,25.4,25.4,25.3,25.4,25.5,25.2,25.3,25.4,25.2,25.3,25.3,25.2,25.2,25.2,25.2,25.0,25.2,25.1,25.1,25.1,25.2,25.0,25.0,25.1,25.1,25.1,25.1,25.0,25.0,25.0,25.2,25.2,25.2,25.1,25.2,25.2,25.1,25.0,25.1,25.2,25.3,25.2,25.4,25.4,25.5,25.4,25.4,25.4,25.5,25.5,25.4,25.5,25.5,25.5,25.7,25.6,25.7,25.5,25.5,25.7,25.7,25.6,25.6,25.5,25.8,25.7,25.8,25.8,25.8,25.8,25.7,25.8
252,26.7,26.7,26.7,26.6,26.5,26.7,26.7,26.7,26.5,26.7,26.6,26.6,26.7,26.7,26.5,26.7,26.6,26.7,26.7,26.5,26.5,26.4,26.5,26.5,26.5,26.4,26.5,26.5,26.3,26.5,26.3,26.3,26.5,26.3,26.3,26.1,26.2,26.2,26.0,26.1,25.9,25.9,26.1,26.1,25.8,26.0,26.0,25.7,25.9,26.1,26.3,26.6,27.1,26.9,26.7,26.6,26.4,26.2,26.1,25.7,25.7,25.4,25.6,25.6,25.5,25.7,25.5,25.5,25.7,25.6,25.5,25.8,25.7,25.7,25.7,25.7,25.6,25.7,25.6,25.7,25.8,25.6,25.7,25.7,25.7,25.7,25.7,25.7,26.0,25.8,25.8,25.7,25.8,25.8,25.7,25.6,25.8,25.7,25.7,25.7,25.7,25.5,25.7,25.5,25.5,25.3,25.5,25.6,25.6,25.5,25.6,25.5,25.7,25.6,25.5,25.5,25.4,25.5,25.4,25.3,25.5,25.5,25.4,25.5,25.4,25.5,25.4,25.3,25.5,25.2,25.2,25.2,25.2,25.2,25.1,25.1,24.9,25.1,25.0,25.2,25.0,24.9,25.0,25.0,25.0,25.0,25.0,25.1,25.1,25.1,25.2,25.1,25.1,25.3,25.1,25.3,25.3,25.2,25.2,25.2,25.2,25.2,25.2,25.2,25.3,25.2,25.2,25.4,25.5,25.5,25.4,25.5,25.6,25.4,25.5,25.7,25.5,25.7,25.8,25.6,25.7,25.5,25.8,25.7,25.7,25.5,25.9,25.7,25.7,25.8,25.7,26.0
253,26.5,26.6,26.6,26.5,26.5,26.5,26.6,26.5,26.7,26.5,26.5,26.6,26.5,26.6,26.7,26.5,26.5,26.5,26.5,26.5,26.4,26.4,26.5,26.2,26.4,26.4,26.6,26.3,26.2,26.5,26.2,26.4,26.3,26.5,26.3,26.2,26.3,26.2,25.9,26.1,26.2,26.0,26.3,26.0,25.9,26.1,25.9,25.9,25.9,26.1,26.2,26.5,26.7,26.8,26.7,26.6,26.4,26.2,25.9,25.6,25.6,25.6,25.5,25.7,25.7,25.7,25.6,25.6,25.6,25.7,25.6,25.7,25.6,25.6,25.5,25.6,25.6,25.8,25.7,25.8,25.7,25.7,25.8,25.8,25.8,25.7,25.7,25.5,25.8,25.7,25.8,25.7,25.7,25.8,25.7,25.7,25.8,25.8,25.6,25.5,25.6,25.7,25.6,25.6,25.3,25.5,25.6,25.6,25.4,25.5,25.5,25.6,25.6,25.6,25.5,25.6,25.3,25.7,25.5,25.6,25.7,25.6,25.5,25.6,25.5,25.4,25.5,25.3,25.4,25.3,25.5,25.3,25.1,25.1,25.2,25.2,25.2,25.0,25.1,25.0,25.2,25.2,25.0,24.9,25.0,25.0,25.0,25.0,25.0,25.1,25.1,25.2,25.2,25.1,25.2,25.2,25.2,25.1,25.0,25.1,25.1,25.1,25.2,25.4,25.2,25.2,25.3,25.5,25.3,25.5,25.3,25.4,25.5,25.5,25.5,25.5,25.6,25.5,25.6,25.6,25.6,25.5,25.6,25.7,25.8,25.7,25.7,25.7,25.9,25.8,25.6,25.8
254,26.7,26.5,26.5,26.7,26.6,26.5,26.6,26.6,26.7,26.6,26.6,26.6,26.6,26.7,26.5,26.4,26.5,26.5,26.6,26.5,26.5,26.5,26.5,26.3,26.3,26.5,26.4,26.3,26.2,26.1,26.2,26.4,26.3,26.2,26.1,26.2,26.0,26.1,26.1,25.9,26.0,25.9,25.9,25.9,25.9,25.9,25.8,25.9,25.9,25.8,26.2,26.5,26.9,26.8,26.6,26.5,26.3,26.3,25.9,25.6,25.6,25.5,25.5,25.6,25.5,25.5,25.4,25.5,25.6,25.6,25.6,25.7,25.7,25.7,25.6,25.7,25.7,25.8,25.8,25.7,25.7,25.9,25.8,25.7,25.8,25.7,25.8,25.8,25.8,25.7,25.8,25.8,26.1,25.8,25.8,25.8,25.6,25.9,25.6,25.8,25.7,25.6,25.6,25.5,25.4,25.3,25.5,25.5,25.4,25.5,25.5,25.5,25.6,25.5,25.6,25.6,25.4,25.5,25.4,25.6,25.5,25.5,25.6,25.4,25.4,25.5,25.5,25.3,25.4,25.2,25.2,25.2,25.2,25.2,25.2,25.1,25.2,25.2,25.0,25.0,25.1,25.2,25.1,25.0,25.1,25.1,25.1,25.0,25.2,25.2,24.9,25.1,25.0,25.2,25.2,25.0,25.2,25.1,25.1,25.1,25.1,25.2,25.1,25.1,25.1,25.2,25.4,25.3,25.3,25.4,25.3,25.3,25.4,25.4,25.3,25.5,25.5,25.4,25.5,25.6,25.6,25.5,25.6,25.7,25.7,25.5,25.6,25.7,25.6,25.7,25.5,25.7
255,26.6,26.7,26.5,26.6,26.7,26.6,26.7,26.5,26.5,26.6,26.5,26.6,26.6,26.7,26.5,26.5,26.4,26.4,26.4,26.5,26.6,26.3,26.4,26.4,26.3,26.4,26.2,26.2,26.5,26.4,26.2,26.2,26.4,26.1,25.9,26.1,26.2,26.1,26.1,26.1,25.8,25.9,25.9,25.8,26.0,25.8,25.9,25.9,25.8,25.9,26.3,26.5,26.9,26.7,26.5,26.6,26.3,26.3,26.0,25.7,25.5,25.6,25.6,25.5,25.5,25.6,25.6,25.5,25.5,25.5,25.5,25.6,25.6,25.6,25.8,25.7,25.7,25.6,25.7,25.8,25.7,25.7,25.8,25.7,25.7,25.7,25.6,25.7,25.9,25.7,25.7,25.7,25.8,25.7,25.9,25.7,25.7,25.7,25.6,25.7,25.7,25.5,25.5,25.3,25.4,25.2,25.3,25.3,25.5,25.4,25.4,25.5,25.2,25.5,25.4,25.3,25.4,25.5,25.4,25.3,25.5,25.4,25.4,25.4,25.4,25.4,25.4,25.3,25.3,25.2,25.4,25.2,25.2,25.2,25.0,25.1,25.3,25.3,25.1,25.1,25.0,25.1,24.9,25.0,24.9,25.1,25.0,24.9,24.9,24.8,24.9,25.0,25.1,25.0,25.1,25.1,25.0,25.1,25.1,25.2,25.2,25.2,25.2,25.2,25.3,25.2,25.3,25.3,25.3,25.4,25.4,25.4,25.4,25.5,25.7,25.6,25.4,25.6,25.5,25.5,25.5,25.5,25.5,25.8,25.7,25.6,25.8,25.9,25.8,25.7,25.7,25.7
