文件路径:,C:\Users\23589\Desktop\物理实验竞赛\实验数据（黑胶带版）\case13_香橙派5Pro裸板_满负载\data\HM20260727171752.csv
源热像文件:,C:\Users\23589\Desktop\物理实验竞赛\实验数据（黑胶带版）\case13_香橙派5Pro裸板_满负载\photo\HM20260727171752.jpeg

测温单位,摄氏度
图像宽度,192
图像高度,256

全局
统计:,,平均值:,26.7
,,最小值:,25.0
,,最大值:,30.9

坐标Y\X,0,1,2,3,4,5,6,7,8,9,10,11,12,13,14,15,16,17,18,19,20,21,22,23,24,25,26,27,28,29,30,31,32,33,34,35,36,37,38,39,40,41,42,43,44,45,46,47,48,49,50,51,52,53,54,55,56,57,58,59,60,61,62,63,64,65,66,67,68,69,70,71,72,73,74,75,76,77,78,79,80,81,82,83,84,85,86,87,88,89,90,91,92,93,94,95,96,97,98,99,100,101,102,103,104,105,106,107,108,109,110,111,112,113,114,115,116,117,118,119,120,121,122,123,124,125,126,127,128,129,130,131,132,133,134,135,136,137,138,139,140,141,142,143,144,145,146,147,148,149,150,151,152,153,154,155,156,157,158,159,160,161,162,163,164,165,166,167,168,169,170,171,172,173,174,175,176,177,178,179,180,181,182,183,184,185,186,187,188,189,190,191
0,26.8,26.9,26.7,26.7,26.8,26.6,26.7,26.6,26.8,26.8,26.7,26.6,26.9,26.7,26.6,26.6,26.8,26.7,26.7,26.8,26.8,26.7,26.8,26.7,26.8,26.7,26.7,26.8,26.6,26.8,26.8,26.6,26.7,26.9,26.7,26.7,26.8,26.7,26.6,26.8,26.8,26.8,26.6,26.9,26.8,26.8,26.8,26.6,26.6,26.7,26.7,26.7,26.7,26.8,26.7,26.7,26.8,26.7,26.8,26.8,26.8,26.7,26.8,26.7,26.7,26.7,26.8,26.7,26.8,26.8,26.8,26.8,26.8,26.6,26.8,26.8,26.7,26.8,26.8,26.6,26.8,26.8,26.6,26.7,26.8,26.8,26.6,26.8,26.7,26.8,26.8,26.9,26.8,26.8,26.7,26.9,26.6,26.8,26.8,26.8,26.9,26.7,26.8,26.7,26.8,26.9,26.6,26.5,26.7,27.0,26.7,26.8,26.7,26.7,26.8,26.8,26.8,26.8,26.8,26.8,26.8,26.8,26.7,26.6,26.8,26.6,26.7,26.8,26.7,26.7,26.8,26.5,26.8,26.8,26.7,26.8,26.6,26.6,26.6,26.8,26.6,26.6,26.8,26.7,26.7,26.7,26.7,26.5,26.6,26.7,26.6,26.6,26.6,26.8,26.7,26.7,26.7,26.7,26.6,26.7,26.7,26.6,26.8,26.7,26.7,26.6,26.6,26.8,26.8,26.6,26.7,26.6,26.6,26.6,26.9,26.7,26.5,26.7,26.7,26.6,26.7,26.7,26.7,26.6,26.6,26.6,26.5,26.8,26.6,26.7,26.7,26.6
1,26.8,26.6,26.8,26.7,26.8,26.8,26.7,26.7,26.8,26.7,26.8,26.8,26.7,26.7,26.7,26.8,26.8,26.7,26.6,26.7,26.6,26.8,26.8,26.6,26.8,26.9,26.8,26.7,26.8,26.7,26.6,26.8,26.8,26.9,27.0,26.8,26.8,26.8,26.7,26.8,26.9,26.7,26.6,26.7,26.7,26.5,26.7,26.7,26.6,26.7,26.6,26.8,26.6,26.8,26.9,26.8,26.8,26.9,26.8,26.8,26.8,26.8,26.8,26.7,26.8,26.7,26.7,26.7,26.6,26.7,26.7,26.8,26.7,26.7,26.7,26.8,26.7,26.7,26.7,26.8,26.5,26.7,26.8,26.9,26.8,26.7,26.8,26.7,26.8,26.8,26.8,26.8,26.8,26.7,26.8,26.8,26.7,26.6,26.8,26.8,26.9,26.8,26.7,26.8,26.5,26.9,26.6,26.8,26.7,26.8,26.7,26.9,26.6,26.7,26.8,26.8,26.8,26.8,26.9,26.7,26.9,26.7,26.8,26.7,26.8,26.7,26.7,26.7,26.7,27.0,26.8,26.7,26.6,26.8,26.6,26.7,26.6,26.7,26.7,26.6,26.6,26.7,26.7,26.6,26.6,26.8,26.8,26.8,26.8,26.7,26.7,26.8,26.7,26.6,26.8,26.7,26.7,26.6,26.6,26.8,26.5,26.7,26.7,26.7,26.7,26.6,26.7,26.7,26.6,26.7,26.7,26.6,26.7,26.7,26.9,26.5,26.8,26.6,26.7,26.7,26.4,26.7,26.8,26.7,26.6,26.5,26.6,26.8,26.6,26.6,26.6,26.6
2,26.7,26.7,26.6,26.6,26.5,26.7,26.8,26.6,26.7,26.6,27.0,26.8,26.7,26.8,26.7,26.7,26.7,26.8,26.6,26.7,26.7,26.9,26.9,26.8,26.7,26.7,26.8,26.6,26.7,26.7,26.8,26.6,26.6,26.5,26.7,26.9,26.6,26.5,26.7,26.7,26.8,26.8,26.8,26.7,26.8,26.9,26.8,26.6,26.6,26.7,26.8,26.8,26.6,26.9,26.7,26.8,26.6,26.7,26.8,26.8,26.8,26.8,26.8,26.7,26.7,26.8,26.9,27.0,26.7,26.7,26.8,26.7,26.7,26.6,26.8,26.7,26.5,26.8,26.7,26.8,26.6,26.7,26.8,26.8,26.5,26.9,26.7,26.8,26.9,26.8,26.8,26.7,26.6,26.8,26.8,26.8,26.8,26.8,26.9,26.8,26.6,26.8,26.6,26.8,26.9,26.7,26.8,26.6,26.7,26.8,26.7,26.6,26.8,26.9,26.7,26.7,26.8,26.7,26.7,26.7,26.8,26.7,26.8,26.6,26.7,26.7,26.8,26.6,26.7,26.8,26.7,26.8,26.9,26.8,26.5,26.9,26.7,26.7,26.7,26.8,26.8,26.5,26.7,26.8,26.7,26.7,26.8,26.7,26.7,26.8,26.7,26.8,26.7,26.8,26.7,26.7,26.6,26.8,26.8,26.6,26.7,26.6,26.6,26.6,26.6,26.6,26.5,26.7,26.6,26.7,26.6,26.6,26.6,26.5,26.6,26.6,26.6,26.8,26.7,26.6,26.5,26.6,26.7,26.6,26.5,26.8,26.7,26.6,26.8,26.5,26.6,26.6
3,26.8,26.8,26.8,26.7,26.7,26.8,26.7,26.7,26.8,26.6,26.7,26.8,26.8,26.7,26.6,26.7,26.8,26.8,26.6,26.7,26.5,26.7,26.8,26.8,26.8,26.7,26.8,26.4,26.9,26.8,26.8,26.7,26.8,26.8,26.8,26.8,26.6,26.6,26.8,26.6,26.9,26.9,26.7,26.7,26.7,26.8,26.9,26.8,26.8,26.9,26.7,26.7,26.9,26.8,26.8,26.7,26.7,26.7,26.8,26.8,26.8,26.7,26.8,26.7,26.8,26.8,26.8,26.9,26.8,26.6,26.8,26.7,26.9,26.8,26.7,26.9,26.8,26.6,26.7,26.7,26.9,26.8,26.8,26.9,26.6,26.8,26.8,26.6,26.8,26.8,26.8,26.8,26.8,26.8,26.9,26.7,26.7,26.8,26.7,26.8,26.7,26.7,26.8,26.8,26.8,26.8,26.8,26.5,26.9,26.8,26.5,26.7,26.8,26.9,26.7,26.6,26.7,26.7,26.8,26.6,26.8,26.7,26.7,26.7,26.8,26.7,26.7,26.7,26.9,26.6,26.6,26.7,26.7,26.7,26.7,26.8,26.7,26.5,26.8,26.7,26.8,26.7,26.8,26.7,26.8,26.7,26.8,26.6,26.8,26.8,26.7,26.7,26.8,26.8,26.7,26.8,26.7,26.8,26.7,26.7,26.6,26.6,26.7,26.6,26.6,26.6,26.6,26.6,26.8,26.8,26.7,26.6,26.6,26.7,26.6,26.6,26.6,26.6,26.9,26.8,26.6,26.7,26.6,26.8,26.8,26.8,26.7,26.7,26.7,26.6,26.7,26.8
4,26.6,26.7,26.7,26.6,26.7,26.6,26.6,26.6,26.8,26.8,26.5,26.9,26.7,26.8,26.5,26.8,26.7,26.8,26.5,26.9,26.7,26.8,26.8,26.8,26.5,26.8,26.8,26.6,26.6,26.7,26.8,26.7,26.6,26.7,26.8,26.7,26.8,26.7,26.5,26.5,26.7,26.8,26.7,26.6,26.7,26.6,26.5,26.6,26.8,26.8,26.7,26.8,26.8,26.8,26.8,26.7,26.7,26.8,26.8,26.7,26.6,26.8,26.8,26.7,26.6,26.8,26.8,26.6,26.7,26.6,26.8,26.7,26.8,26.7,26.7,26.7,26.6,26.8,26.8,26.6,26.7,26.6,26.7,26.8,26.7,26.7,26.7,26.8,26.7,26.7,26.8,26.7,26.8,26.8,26.6,26.9,26.7,26.7,26.7,26.7,26.6,26.8,26.8,27.0,26.7,26.6,26.7,26.9,26.8,26.7,26.6,26.8,26.7,26.8,26.9,26.6,26.8,26.8,26.6,26.8,26.7,26.8,26.6,26.8,26.7,26.6,26.5,26.7,26.6,26.6,26.7,26.7,26.6,26.8,26.5,26.8,26.6,26.7,26.8,26.6,26.6,26.6,26.5,26.6,26.6,26.7,26.7,26.6,26.7,26.8,26.8,26.6,26.5,26.8,26.8,26.6,26.6,26.5,26.6,26.7,26.6,26.6,26.6,26.6,26.5,26.7,26.8,26.5,26.8,26.5,26.7,26.8,26.5,26.5,26.6,26.6,26.5,26.5,26.5,26.5,26.7,26.8,26.4,26.7,26.7,26.7,26.6,26.6,26.5,26.5,26.6,26.7
5,26.7,26.7,26.7,26.6,26.5,26.7,26.5,26.6,26.6,26.7,26.6,26.7,26.8,26.8,26.6,26.6,26.7,26.6,26.7,26.6,26.7,26.6,26.7,26.7,26.8,26.8,26.7,26.8,26.9,27.0,26.8,26.7,26.7,26.7,26.6,26.8,26.8,26.6,26.8,26.6,26.9,26.8,26.6,26.5,26.8,26.8,26.7,26.7,26.6,26.7,26.7,26.8,26.9,26.7,26.8,26.9,26.8,26.8,26.8,26.8,26.7,26.7,26.7,26.8,26.8,26.7,26.7,26.7,26.8,26.8,26.7,26.7,26.8,26.8,26.8,26.7,26.6,26.7,26.7,26.8,26.7,26.8,26.6,26.6,26.6,26.8,26.8,26.8,26.8,26.5,26.7,26.8,26.8,26.7,26.8,26.7,26.7,26.8,26.9,26.7,26.7,26.7,26.7,26.9,26.6,26.8,26.6,26.6,26.7,26.8,26.7,26.5,26.7,26.7,26.8,26.6,26.8,26.8,26.8,26.8,26.8,26.9,26.8,26.7,26.6,26.8,26.7,26.8,26.6,26.8,26.6,26.8,26.6,26.8,26.8,26.7,26.7,26.5,26.7,26.6,26.6,26.5,26.8,26.6,26.6,26.7,26.7,26.5,26.7,26.6,26.6,26.8,26.6,26.7,26.8,26.6,26.6,26.7,26.5,26.8,26.6,26.7,26.7,26.8,26.5,26.7,26.6,26.6,26.5,26.5,26.6,26.8,26.6,26.7,26.6,26.6,26.6,26.6,26.7,26.8,26.5,26.5,26.6,26.8,26.7,26.6,26.7,26.8,26.6,26.6,26.8,26.5
6,26.7,26.5,26.7,26.5,26.8,26.6,26.5,26.8,26.7,26.8,26.7,26.5,26.7,26.6,26.7,26.8,26.6,26.8,26.7,26.8,26.7,26.6,26.8,26.7,26.8,26.8,26.7,26.8,26.7,26.7,26.6,26.6,26.6,26.7,26.8,26.8,26.7,26.7,26.6,26.5,26.8,26.8,26.8,26.6,26.6,26.7,26.8,26.7,26.8,26.9,26.9,26.6,26.7,26.9,26.6,26.7,26.9,26.7,26.7,26.6,26.8,26.8,26.8,26.8,26.7,26.7,26.8,26.8,26.6,26.8,26.5,26.6,26.7,26.8,26.7,26.8,26.7,26.7,26.6,26.6,26.8,26.9,26.6,26.7,26.7,26.7,26.7,26.8,26.6,26.7,26.7,26.8,26.9,26.7,26.5,26.7,26.7,26.6,26.8,26.7,26.5,26.8,26.6,26.9,26.8,26.8,26.6,26.9,26.8,26.8,26.7,26.6,26.8,26.6,26.7,26.8,26.8,26.8,26.8,26.8,26.7,26.9,26.8,26.7,26.7,26.8,26.6,26.8,26.9,26.9,26.8,26.7,26.7,26.7,26.8,26.8,26.8,26.8,26.8,26.7,26.5,26.7,26.7,26.8,26.7,26.8,26.7,26.7,26.6,26.6,26.7,26.7,26.8,26.7,26.6,26.6,26.6,26.5,26.7,26.8,26.7,26.7,26.7,26.7,26.7,26.7,26.6,26.6,26.6,26.7,26.8,26.8,26.6,26.7,26.8,26.6,26.5,26.6,26.9,26.5,26.5,26.7,26.5,26.6,26.6,26.6,26.8,26.8,26.7,26.6,26.5,26.8
7,26.7,26.9,26.5,26.6,26.7,26.7,26.7,26.8,26.6,26.7,26.8,26.8,26.8,26.8,26.5,26.8,26.7,26.6,26.8,26.6,26.7,26.7,26.7,26.5,26.8,26.7,26.7,26.8,26.8,26.7,26.8,26.6,26.7,26.9,26.6,26.8,26.6,26.7,26.7,26.8,26.9,26.9,26.6,26.8,26.8,26.7,26.7,26.8,26.7,26.7,26.7,26.7,26.6,26.9,26.5,26.7,26.6,26.8,26.8,26.4,26.8,26.8,26.8,26.8,26.6,26.7,26.6,26.7,26.8,26.5,26.8,26.8,26.7,26.7,26.8,26.9,26.8,26.8,26.8,26.8,26.6,26.7,26.9,26.9,26.8,26.8,26.7,26.8,26.8,26.6,26.8,26.8,26.8,26.7,26.7,26.6,26.8,26.8,26.5,26.8,26.7,26.8,26.8,26.8,26.8,26.8,26.7,26.9,26.9,26.8,26.8,26.8,26.8,26.7,26.7,26.7,26.7,26.7,26.8,26.7,26.8,26.8,26.8,26.8,26.8,26.6,26.6,26.7,26.8,26.8,26.7,26.7,26.7,26.7,26.7,26.7,26.7,26.7,26.7,26.7,26.8,26.7,26.7,26.6,26.8,26.8,26.7,26.6,26.6,26.6,26.9,26.6,26.8,26.9,26.7,26.6,26.6,26.6,26.5,26.6,26.8,26.9,26.8,26.5,26.6,26.7,26.6,26.7,26.5,26.6,26.6,26.6,26.7,26.6,26.6,26.7,26.8,26.6,26.5,26.6,26.7,26.5,26.8,26.8,26.7,26.6,26.6,26.7,26.5,26.8,26.6,26.8
8,26.7,26.7,26.6,26.7,26.5,26.5,26.6,26.6,26.4,26.7,26.6,26.7,26.6,26.8,26.5,26.5,26.8,26.7,26.6,26.7,26.8,26.6,26.7,26.6,26.6,26.8,26.7,26.5,26.6,26.8,26.5,26.7,26.8,26.6,26.8,26.8,26.6,26.7,26.6,26.7,26.8,26.7,26.6,26.7,26.6,26.7,26.7,26.6,26.7,26.7,26.8,26.6,26.8,26.8,26.7,26.8,26.6,26.7,26.7,26.8,26.7,26.8,26.7,26.8,26.7,26.7,26.9,26.7,26.7,26.7,26.8,26.7,26.8,26.8,26.7,26.8,26.7,26.8,26.6,26.8,26.6,26.7,26.7,26.6,26.5,26.9,26.7,26.7,26.8,26.6,26.8,26.8,26.8,26.6,26.7,26.6,26.8,27.0,26.8,26.7,26.6,26.8,26.8,26.7,26.7,26.6,26.9,26.8,26.9,26.7,26.7,26.7,26.8,26.7,26.5,26.6,26.8,26.8,26.5,26.8,26.7,26.7,26.6,26.7,26.8,26.6,26.9,26.8,26.7,26.7,26.7,26.7,26.7,26.6,26.7,26.7,26.6,26.7,26.7,26.7,26.8,26.7,26.6,26.4,26.9,26.5,26.4,26.8,26.6,26.7,26.6,26.7,26.6,26.7,26.6,26.7,26.5,26.6,26.8,26.6,26.7,26.5,26.7,26.8,26.7,26.5,26.6,26.6,26.7,26.5,26.6,26.8,26.5,26.5,26.7,26.7,26.5,26.5,26.7,26.6,26.6,26.7,26.6,26.7,26.6,26.8,26.7,26.8,26.6,26.5,26.6,26.6
9,26.6,26.6,26.6,26.8,26.6,26.7,26.7,26.8,26.6,26.5,26.6,26.8,26.6,26.7,26.7,26.7,26.8,26.8,26.5,26.6,26.8,26.5,26.7,26.6,26.7,26.6,26.7,26.8,26.8,26.8,26.6,26.8,26.5,26.7,26.5,26.8,26.8,26.9,26.6,26.5,26.8,26.7,26.6,26.7,26.9,26.7,26.7,26.7,26.5,26.7,26.6,26.6,26.8,26.7,26.7,26.7,26.6,26.8,26.8,26.8,26.8,26.7,26.7,26.7,26.7,26.7,26.8,26.7,26.7,26.5,26.7,26.7,26.8,26.8,26.7,26.9,26.8,26.7,26.6,26.8,26.6,26.7,26.8,26.8,26.5,26.7,26.8,26.8,26.6,26.8,26.7,26.8,26.8,26.6,26.8,26.7,26.7,26.7,26.8,26.6,26.9,26.7,26.7,26.9,26.9,26.8,26.7,26.8,26.7,26.7,26.6,26.8,26.7,26.5,26.7,26.8,26.7,26.8,26.8,26.8,26.7,26.8,26.7,26.6,26.7,26.7,26.5,26.6,26.7,26.9,26.7,26.7,26.8,26.7,26.7,26.7,26.8,26.8,26.7,26.8,26.6,26.7,26.5,26.7,26.6,26.7,26.6,26.5,26.6,26.7,26.7,26.6,26.8,26.7,26.7,26.8,26.8,26.6,26.8,26.7,26.9,26.8,26.8,26.8,26.6,26.6,26.6,26.7,26.7,26.5,26.8,26.7,26.6,26.6,26.8,26.8,26.7,26.8,26.6,26.6,26.6,26.6,26.6,26.7,26.7,26.5,26.5,26.6,26.7,26.6,26.6,26.5
10,26.7,26.8,26.6,26.9,26.6,26.8,26.6,26.8,26.8,26.7,26.7,26.7,26.8,26.6,26.8,26.8,26.8,26.6,26.7,26.8,26.9,26.8,26.7,26.8,26.7,26.7,26.6,26.8,26.8,26.7,26.9,27.0,26.8,26.6,26.6,26.8,26.7,26.7,26.5,26.6,26.8,26.8,26.6,26.7,26.7,26.7,26.8,26.6,26.7,26.7,26.7,26.9,27.0,26.8,26.7,26.7,26.8,26.8,26.7,26.8,26.6,26.7,26.7,26.8,26.6,26.8,26.7,26.8,26.8,26.7,26.8,26.8,26.7,26.8,26.8,26.9,26.7,26.5,26.7,26.7,26.7,26.8,26.8,26.8,26.7,26.9,26.8,26.8,26.8,26.8,26.6,26.8,26.9,26.8,26.8,26.8,26.8,26.8,26.7,26.6,26.8,26.7,26.8,26.7,26.7,26.8,26.7,26.8,26.6,26.8,26.6,26.7,26.7,26.8,26.8,26.7,26.6,26.7,26.6,26.8,26.8,26.6,26.7,26.8,26.8,26.7,26.7,26.7,26.5,26.8,26.7,26.5,26.6,26.7,26.7,26.6,26.8,26.8,26.7,26.7,26.5,26.6,26.7,26.8,26.6,26.9,26.7,26.5,26.9,26.8,26.8,26.6,26.7,26.7,26.7,26.8,26.7,26.7,26.7,26.6,26.9,26.8,26.7,26.7,26.8,26.7,26.5,26.5,26.7,26.5,26.6,26.7,26.6,26.7,26.6,26.8,26.8,26.6,26.7,26.6,26.6,26.7,26.6,26.7,26.5,26.6,26.5,26.7,26.7,26.8,26.7,26.6
11,26.6,26.6,26.7,26.8,26.6,26.8,26.7,26.7,26.7,26.7,26.6,26.7,26.7,26.7,26.8,26.6,26.7,26.8,26.7,26.6,26.7,26.6,26.7,26.7,26.7,26.6,26.7,26.7,26.8,26.8,26.8,26.8,26.8,26.6,26.7,26.8,26.6,26.7,26.7,26.6,26.7,26.8,26.7,26.8,26.8,26.7,26.8,26.7,26.7,26.8,26.8,26.6,26.7,26.7,26.8,26.8,26.6,26.8,26.9,26.7,26.7,26.7,26.6,26.7,26.7,26.7,26.8,26.9,26.7,26.8,26.9,26.6,26.8,26.7,26.6,26.9,26.7,26.9,26.7,26.8,26.7,26.8,26.6,26.8,26.7,26.7,26.7,26.7,26.7,26.6,26.6,26.8,26.8,26.8,26.8,26.7,26.7,26.6,26.8,26.7,26.8,26.7,26.7,26.8,26.8,26.6,26.8,26.8,26.8,26.8,26.8,26.7,26.7,26.8,26.5,26.9,26.6,26.7,26.8,26.8,26.8,26.7,26.7,26.8,26.8,26.8,26.7,26.7,26.7,26.7,26.7,26.7,26.8,26.7,26.6,26.8,26.6,26.6,26.7,26.7,26.6,26.8,26.7,26.8,26.8,26.7,26.7,26.8,26.6,26.6,26.7,26.7,26.7,26.7,26.7,26.7,26.6,26.8,26.8,26.8,26.8,26.7,26.6,26.7,26.7,26.8,26.5,26.5,26.8,26.7,26.5,26.7,26.7,26.8,26.6,26.6,26.8,26.8,26.8,26.7,26.6,26.7,26.6,26.6,26.5,26.5,26.7,26.8,26.7,26.6,26.5,26.7
12,26.6,26.7,26.6,26.8,26.6,26.6,26.6,26.7,26.7,26.7,26.8,26.6,26.7,26.8,26.6,26.6,26.6,26.8,26.7,26.6,26.7,26.7,26.8,26.6,26.7,26.7,26.7,26.7,26.6,26.7,26.9,26.7,26.7,26.8,26.8,26.6,26.7,26.5,26.9,26.7,26.8,26.7,26.6,26.6,26.8,26.8,26.6,26.7,26.8,26.8,26.7,26.8,26.7,26.6,26.8,26.7,26.5,26.7,26.8,26.7,26.8,26.6,26.8,26.8,26.7,26.8,26.8,26.9,26.7,26.8,26.8,26.8,26.7,27.0,26.7,26.8,26.7,26.8,26.7,26.7,26.6,26.8,26.8,26.7,26.8,26.8,26.8,26.8,26.8,26.9,26.7,26.9,26.6,26.9,26.8,26.9,26.8,26.7,26.6,26.6,26.7,26.6,26.8,26.9,26.7,26.8,26.7,26.8,26.9,26.7,26.6,26.8,26.8,26.8,26.8,26.8,26.8,26.6,26.7,26.8,26.7,26.9,26.7,26.8,26.8,26.7,26.7,26.7,26.7,26.8,26.8,26.8,26.8,26.8,26.7,26.8,26.8,26.6,26.8,26.7,26.7,26.6,26.7,26.6,26.6,26.8,26.7,26.7,26.7,26.6,26.8,26.7,26.8,26.8,26.9,26.7,26.6,26.8,26.8,26.6,26.7,26.5,26.6,26.6,26.6,26.7,26.6,26.6,26.5,26.6,26.7,26.7,26.5,26.6,26.7,26.5,26.6,26.6,26.6,26.6,26.5,26.6,26.7,26.9,26.6,26.6,26.6,26.5,26.6,26.6,26.7,26.4
13,26.8,26.8,26.9,26.5,26.7,26.7,26.9,26.7,26.7,26.8,26.6,26.8,26.8,26.6,26.7,26.7,26.7,26.7,26.7,26.7,26.6,26.8,26.7,26.7,26.8,26.6,26.8,26.7,26.7,26.9,26.8,26.7,26.8,26.8,26.7,26.8,26.6,26.8,26.7,26.8,26.8,26.9,26.7,26.6,26.9,26.7,26.8,26.6,26.5,26.7,26.8,26.8,26.8,26.8,26.6,26.8,26.8,26.7,26.8,26.7,26.8,26.8,26.7,26.9,26.8,26.8,26.9,26.8,26.7,26.5,26.9,26.7,26.8,26.8,26.7,26.8,26.5,26.6,26.8,26.7,26.6,26.7,26.6,26.7,26.7,26.8,26.6,26.9,26.8,26.6,26.9,26.9,26.8,26.8,26.8,26.7,26.6,26.7,26.8,26.7,26.7,26.7,26.8,26.9,26.8,26.8,26.8,26.7,26.8,26.7,26.8,26.8,26.8,26.7,26.8,26.6,26.8,26.8,26.8,26.5,26.7,26.8,26.8,26.7,26.7,26.7,26.6,26.9,26.7,26.9,26.7,26.8,26.7,26.7,26.7,26.7,26.6,26.6,26.8,26.6,26.9,26.8,26.7,26.7,26.7,26.6,26.8,26.8,26.6,26.5,26.8,26.8,26.5,26.6,26.7,26.6,26.8,26.8,26.6,26.5,26.6,26.5,26.7,26.7,26.6,26.7,26.9,26.7,26.5,26.6,26.6,26.7,26.8,26.6,26.8,26.7,26.7,26.7,26.6,26.6,26.6,26.7,26.6,26.5,26.7,26.6,26.5,26.6,26.7,26.5,26.5,26.6
14,26.6,26.7,26.5,26.5,26.5,26.8,26.8,26.8,26.9,26.6,26.8,26.6,26.7,26.7,26.7,26.7,26.8,26.7,26.7,26.7,26.6,26.8,26.8,26.8,26.8,26.8,26.8,26.8,26.7,26.8,26.8,26.8,26.8,26.6,26.7,26.8,26.6,26.6,26.6,26.6,26.8,26.7,26.7,26.8,26.6,26.6,26.6,26.7,26.5,26.5,26.5,26.7,26.7,26.7,26.6,26.6,26.6,26.7,26.8,26.6,26.7,26.7,26.9,26.8,26.9,26.7,27.0,26.8,26.7,26.7,26.8,26.8,26.7,26.7,26.7,26.8,26.7,26.8,26.6,26.7,26.7,26.8,26.7,26.6,26.8,26.8,26.6,26.9,26.7,26.8,26.8,26.7,26.5,26.8,26.8,26.8,26.9,26.6,26.7,26.8,26.6,26.7,26.7,26.8,26.6,26.8,26.8,26.8,26.6,26.6,26.6,26.8,26.6,26.6,26.5,26.7,26.6,26.6,26.8,26.7,26.7,26.7,26.6,26.8,26.6,26.5,26.5,26.7,26.8,26.7,26.6,26.8,26.7,26.6,26.8,27.0,26.8,26.5,26.7,26.6,26.8,26.7,26.8,26.6,26.7,26.7,26.7,26.8,26.6,26.8,26.8,26.7,26.7,26.7,26.7,26.8,26.6,26.7,26.6,26.4,26.7,26.5,26.6,26.6,26.8,26.6,26.6,26.6,26.7,26.6,26.5,26.6,26.6,26.6,26.7,26.8,26.6,26.5,26.6,26.7,26.7,26.5,26.7,26.5,26.7,26.8,26.5,26.6,26.7,26.6,26.6,26.6
15,26.6,26.6,26.7,26.7,26.5,26.7,26.7,26.7,26.8,26.6,26.6,26.8,26.8,26.7,26.7,26.7,26.8,26.8,26.6,26.7,26.8,26.9,26.8,26.6,26.7,26.6,26.8,26.7,26.8,26.7,26.8,26.8,26.8,26.8,26.7,26.7,26.9,26.8,26.8,26.8,26.9,26.7,26.8,26.6,26.6,27.0,26.7,26.9,26.7,26.8,26.7,26.7,26.5,26.8,26.7,26.6,26.7,26.7,26.6,26.8,26.8,26.6,26.8,26.7,26.8,26.6,26.8,26.7,26.8,26.7,26.7,26.7,26.8,26.8,26.8,27.0,26.6,26.8,26.7,26.6,26.9,26.7,26.8,26.6,26.8,26.7,27.0,26.7,26.7,26.8,26.8,26.8,26.8,26.8,26.7,26.9,26.8,26.8,26.7,26.7,26.8,26.8,26.8,26.8,26.7,26.8,26.8,26.8,27.0,26.6,26.9,26.8,26.7,26.8,26.8,26.9,26.8,26.8,26.7,26.8,26.9,26.8,26.5,26.7,26.6,26.8,26.9,26.8,26.8,26.7,26.7,26.7,26.8,26.9,26.7,26.8,26.8,26.8,26.8,26.6,26.7,26.7,26.7,26.8,26.7,26.9,26.7,26.6,26.8,26.6,26.8,26.5,26.8,26.7,26.6,26.6,26.6,26.7,26.7,26.7,26.8,26.7,26.6,26.8,26.8,26.8,26.7,26.7,26.8,26.7,26.7,26.6,26.6,26.5,26.7,26.7,26.7,26.8,26.8,26.6,26.7,26.7,26.7,26.7,26.7,26.6,26.6,26.7,26.7,26.9,26.5,26.6
16,26.5,26.6,26.5,26.5,26.4,26.6,26.6,26.7,26.6,26.6,26.6,26.5,26.7,26.6,26.8,26.6,26.8,26.6,26.7,26.9,26.7,26.7,26.8,26.7,26.7,26.7,26.8,26.8,26.8,26.7,26.7,26.6,26.7,26.9,26.8,26.7,26.9,26.7,26.8,26.7,26.8,26.8,26.8,26.7,26.8,26.6,26.9,26.8,26.7,26.6,26.7,26.6,26.7,26.7,26.7,26.6,26.7,26.7,26.8,26.8,26.7,26.7,26.9,26.8,26.9,26.7,26.7,26.8,26.9,26.7,26.8,26.8,26.7,26.7,26.9,26.7,26.7,26.8,26.6,26.7,26.8,26.7,26.9,26.8,26.7,26.8,26.7,26.9,26.6,26.7,26.7,26.7,26.7,26.9,26.7,26.9,26.5,26.7,26.8,26.8,26.8,26.7,26.9,26.8,26.7,26.8,26.8,26.7,26.8,26.8,26.8,26.7,26.8,26.8,26.8,26.7,26.7,26.8,26.7,26.8,26.7,26.8,26.5,26.8,26.8,26.6,26.7,26.7,26.8,26.8,26.7,26.9,26.7,26.8,26.9,26.9,26.7,26.8,26.8,26.8,26.7,26.7,26.8,26.8,26.8,26.7,26.8,26.7,26.6,26.4,26.8,26.8,26.7,26.7,26.7,26.8,26.7,27.0,26.8,26.8,26.7,26.8,26.8,26.7,26.8,26.6,26.7,26.5,26.5,26.7,26.7,26.7,26.6,26.4,26.7,26.7,26.8,26.6,26.8,26.8,26.8,26.6,26.7,26.6,26.6,26.7,26.7,26.6,26.5,26.4,26.5,26.5
17,26.8,26.7,26.7,26.5,26.6,26.6,26.7,26.6,26.8,26.7,26.6,26.7,26.6,26.8,26.7,26.8,26.7,26.7,26.8,26.7,26.9,26.7,26.6,26.7,26.8,26.7,26.7,26.6,26.8,26.7,26.7,26.7,26.8,26.8,26.6,26.8,26.6,26.7,26.7,26.8,26.8,26.8,26.6,26.8,26.8,26.7,26.8,26.7,26.7,26.7,26.6,26.8,26.6,26.7,26.8,26.8,26.7,26.8,26.6,26.7,26.8,26.7,26.6,26.6,26.5,26.8,26.8,26.8,26.5,26.8,26.6,26.6,26.5,26.8,26.8,26.8,26.6,26.7,26.7,26.7,26.7,26.6,26.9,26.8,26.7,26.8,26.8,26.8,26.7,26.6,26.7,26.8,26.8,26.8,26.9,26.7,26.9,26.8,26.7,26.6,26.7,26.9,26.8,26.8,26.6,26.8,26.8,26.7,26.7,26.8,26.7,26.8,26.6,26.8,26.8,26.8,26.8,26.8,26.7,26.6,26.8,26.8,26.8,26.8,26.7,26.7,26.6,26.6,26.8,26.8,26.7,26.7,26.5,26.8,26.8,26.7,26.8,26.8,26.7,26.6,26.7,26.7,26.8,26.7,26.8,26.7,26.8,26.7,26.8,26.9,26.7,26.5,26.7,26.8,26.7,26.7,26.8,26.8,26.7,26.6,26.8,26.6,26.7,26.7,26.6,26.6,26.7,26.8,26.8,26.7,26.7,26.8,26.8,26.7,26.7,26.7,26.6,26.6,26.8,26.8,26.7,26.6,26.7,26.7,26.8,26.8,26.7,26.6,26.6,26.7,26.5,26.7
18,26.8,26.8,26.6,26.7,26.6,26.6,26.6,26.7,26.8,26.7,26.8,26.5,26.6,26.5,26.9,26.7,27.0,26.7,26.7,26.6,26.7,26.6,26.8,26.6,26.7,26.8,26.7,26.8,26.7,26.7,26.8,26.8,26.7,26.6,26.8,26.6,26.7,26.8,26.7,26.8,26.8,26.8,26.6,26.6,26.7,26.6,26.8,26.8,26.7,26.7,26.7,26.8,26.8,26.9,26.8,26.9,26.8,26.8,26.6,26.5,26.9,26.6,26.8,26.7,26.8,26.8,26.7,26.9,26.7,26.8,26.8,26.8,26.8,26.9,26.8,26.9,26.8,26.8,26.7,26.8,26.7,26.6,26.8,26.8,26.9,26.9,26.6,26.9,26.8,26.8,26.9,26.9,26.7,26.7,26.6,26.8,26.8,26.8,26.8,26.7,26.9,26.9,26.8,26.9,26.9,26.7,26.7,26.8,26.8,26.9,26.7,26.8,26.8,26.9,26.9,27.0,26.8,26.9,26.8,26.6,26.6,26.9,26.8,26.7,26.8,26.7,26.6,26.7,26.7,26.8,26.7,26.8,26.8,26.9,26.5,26.9,26.8,26.7,26.8,26.8,26.6,26.7,26.6,26.5,26.8,26.8,26.8,26.8,26.4,26.8,26.8,26.7,26.7,26.6,26.8,26.8,26.8,26.6,26.7,26.7,26.8,26.6,26.8,26.8,26.8,26.7,26.7,26.7,26.8,26.8,26.6,26.6,26.5,26.5,26.8,26.7,26.5,26.7,26.6,26.8,26.8,26.5,26.7,26.5,26.8,26.6,26.5,26.5,26.6,26.7,26.8,26.7
19,26.7,26.8,26.5,26.5,26.6,26.5,26.8,26.8,26.6,26.5,26.5,26.7,26.7,26.7,26.7,26.7,26.8,26.6,26.8,26.6,26.7,26.8,26.6,26.8,26.7,26.6,26.8,26.5,26.8,26.5,26.7,26.8,26.6,26.8,26.7,26.8,26.7,26.7,26.6,26.8,26.8,26.8,26.7,26.5,26.6,26.7,26.8,26.8,26.8,26.7,26.6,26.5,26.9,26.8,26.7,26.8,26.6,26.8,26.8,26.6,26.8,26.8,26.8,26.7,26.9,26.7,26.8,26.7,26.7,26.7,26.6,26.8,26.8,26.8,26.8,26.8,26.7,26.7,26.7,26.6,26.7,26.8,26.8,26.6,26.8,26.9,26.6,26.9,26.8,26.7,26.8,26.7,26.8,26.8,27.0,26.8,26.8,26.9,26.8,26.8,26.8,26.9,26.7,26.9,26.8,26.9,26.7,26.9,26.8,26.7,26.8,26.8,27.0,26.8,26.8,26.8,26.7,26.8,27.0,26.7,26.8,26.8,26.8,26.8,27.0,26.8,26.8,26.7,26.8,26.7,26.8,26.8,26.8,26.8,26.8,26.8,26.9,26.7,26.8,26.8,26.7,26.7,26.9,26.8,26.7,26.7,26.7,26.6,26.8,26.8,26.7,26.6,26.7,26.7,26.5,26.6,26.6,26.7,26.8,26.9,26.7,26.5,26.8,26.6,26.7,26.6,26.8,26.6,26.8,26.6,26.8,26.7,26.6,26.6,26.7,26.5,26.8,26.6,26.6,26.7,26.7,26.7,26.6,26.7,26.7,26.6,26.5,26.7,26.7,26.8,26.7,26.7
20,26.7,26.6,26.6,26.6,26.8,26.8,26.6,26.8,26.8,26.7,26.7,26.6,26.6,26.8,26.5,26.7,26.8,26.8,26.5,26.8,26.8,26.8,26.7,26.7,26.6,26.7,26.7,26.8,26.7,26.6,26.8,26.8,27.0,26.8,26.8,26.8,26.7,26.6,26.8,26.7,26.6,26.7,26.7,26.8,26.9,26.7,26.7,26.8,26.8,26.7,26.8,26.8,26.6,26.8,26.6,26.7,26.8,26.8,26.7,26.7,26.7,26.8,26.7,26.6,26.6,26.6,26.7,26.6,26.6,26.8,26.7,26.8,26.7,26.8,26.9,26.8,26.6,26.7,26.8,26.8,26.8,26.7,26.8,26.9,26.7,26.8,26.8,26.8,26.7,26.8,26.6,26.9,26.6,26.8,26.8,26.7,26.9,26.7,26.8,26.8,26.8,27.0,26.7,26.7,26.8,26.8,26.7,26.8,26.6,26.8,26.7,26.8,26.8,26.5,26.8,26.8,26.7,26.7,26.8,26.9,26.8,26.7,26.9,26.8,26.8,26.9,26.8,27.0,26.7,26.8,26.7,26.8,26.8,26.8,26.8,26.9,26.7,26.7,26.8,26.7,26.8,26.7,26.7,26.9,26.6,26.8,26.8,26.7,26.6,26.7,26.9,26.5,26.6,26.5,26.9,26.7,26.7,26.7,26.7,26.7,26.8,26.6,26.7,26.7,26.7,26.7,26.7,26.7,26.6,26.6,26.7,26.8,26.7,26.7,26.7,26.5,26.7,26.6,26.7,26.5,26.6,26.7,26.7,26.7,26.7,26.6,26.8,26.8,26.7,26.9,26.5,26.8
21,26.8,26.6,26.6,26.8,26.8,26.6,26.7,26.5,26.7,26.6,26.8,26.8,26.9,26.7,26.8,26.8,26.7,26.8,26.7,26.8,26.7,26.8,26.7,26.7,26.8,26.6,26.7,26.6,26.8,26.7,26.7,26.6,26.5,26.6,26.8,26.7,26.9,26.7,26.7,26.9,26.9,26.6,26.6,26.7,26.7,26.7,26.5,26.7,26.6,26.8,26.7,26.7,26.7,26.7,26.8,26.8,26.9,26.6,26.8,26.7,26.7,26.6,26.8,26.8,26.8,26.8,26.8,26.8,27.0,26.8,26.8,26.8,26.7,26.8,26.8,26.8,26.8,26.7,26.9,26.8,26.8,26.8,26.9,26.7,26.7,26.7,26.7,26.9,26.8,26.8,26.9,26.8,26.9,26.9,26.8,26.9,26.8,26.9,26.8,26.6,26.7,26.8,26.8,26.9,26.9,26.9,26.9,26.8,26.8,26.8,26.6,26.8,26.9,26.8,26.8,26.9,26.6,26.9,26.8,26.8,26.8,26.8,26.8,26.7,26.8,26.8,26.8,26.6,26.7,26.8,26.8,26.8,26.8,26.8,26.7,26.8,26.8,26.7,26.7,26.5,26.8,26.8,26.9,26.7,26.7,26.8,26.8,26.7,26.8,26.8,26.9,26.7,26.9,26.7,26.7,26.7,26.7,26.8,26.8,26.8,26.9,26.6,26.8,26.6,26.6,26.7,26.8,26.8,26.8,26.8,26.9,26.8,26.7,26.7,26.6,26.7,26.7,26.8,26.8,26.7,26.7,26.7,26.5,26.6,26.8,26.7,26.9,26.7,26.8,26.8,26.7,26.7
22,26.5,26.6,26.7,26.7,26.7,26.6,26.8,26.6,26.6,26.8,26.7,26.8,26.6,26.7,26.6,26.8,26.8,26.7,26.6,26.7,26.6,26.7,26.7,26.5,26.6,26.7,26.8,26.5,26.7,26.8,26.7,26.5,26.7,26.6,26.7,26.9,26.6,26.6,26.5,26.6,26.6,26.5,26.6,26.7,26.7,26.6,26.8,26.7,26.7,26.8,26.8,26.8,26.7,26.8,26.6,26.6,26.7,26.8,26.9,26.8,26.8,26.7,26.8,26.7,26.8,26.7,26.7,26.7,26.8,26.7,26.9,26.8,26.7,26.8,26.8,26.8,26.7,26.8,26.6,26.7,26.7,26.8,26.7,26.8,26.7,26.8,26.8,26.6,26.8,26.8,26.8,26.9,26.6,26.8,26.8,26.9,26.8,26.9,26.9,26.7,26.8,26.8,26.7,26.8,26.7,26.9,26.9,26.9,26.8,26.9,26.7,26.8,26.8,26.7,26.8,26.8,26.8,26.8,26.9,26.7,26.8,26.8,26.8,26.9,26.8,26.8,26.8,27.0,26.9,26.7,26.7,26.8,26.7,26.8,26.8,26.7,26.8,26.8,26.7,26.8,26.9,26.8,26.8,26.8,26.8,26.8,26.7,26.7,26.6,26.6,26.8,26.8,26.7,26.6,26.8,26.7,26.7,26.7,26.8,26.8,26.6,26.7,26.8,26.6,26.7,26.7,26.8,26.7,26.6,26.7,26.9,26.6,26.8,26.7,26.9,26.6,26.8,26.8,26.5,27.0,26.5,26.8,26.7,26.6,26.7,26.5,26.6,26.6,26.7,26.8,26.6,26.7
23,26.9,26.7,26.8,26.6,26.5,26.8,26.7,26.6,26.6,26.8,26.8,26.6,26.7,26.7,26.6,26.7,26.7,26.7,26.8,26.8,26.8,26.7,26.6,26.7,26.7,26.6,26.7,26.5,26.6,26.8,26.7,26.7,26.7,26.8,26.7,26.8,26.7,26.8,26.7,26.7,26.8,26.7,26.8,26.7,26.6,26.7,26.8,26.7,26.6,26.6,26.7,26.6,26.6,26.7,26.8,26.8,26.8,26.7,26.8,26.7,26.8,26.7,26.9,26.8,26.7,26.8,26.6,26.8,26.6,26.7,26.7,26.7,26.8,26.9,26.8,26.7,26.7,26.8,26.8,26.7,26.7,26.7,26.7,26.8,26.9,26.7,26.5,26.8,26.9,26.8,26.9,27.0,26.9,26.9,26.9,26.8,26.7,26.7,26.8,26.8,26.7,26.7,26.8,27.0,26.8,26.7,26.7,26.8,26.8,26.7,26.8,26.9,26.9,26.8,26.7,26.8,26.8,26.7,26.8,26.9,26.9,26.7,26.8,26.8,26.8,26.8,26.7,26.9,26.8,26.9,26.8,26.8,26.8,26.8,26.7,27.0,26.8,26.8,26.8,26.8,26.7,26.7,26.8,26.7,26.7,26.8,26.7,26.5,26.8,26.7,26.7,26.8,26.6,26.6,26.6,26.6,26.7,26.8,26.8,26.8,26.8,26.7,26.8,26.7,26.6,26.6,26.9,26.5,26.8,26.5,26.7,26.7,26.8,26.6,26.6,26.8,26.8,26.8,26.7,26.8,26.6,26.7,26.8,26.7,26.8,26.7,26.6,26.7,26.6,26.5,26.6,26.7
24,26.7,26.8,26.8,26.6,26.6,26.8,26.8,26.6,26.7,26.7,26.9,26.8,26.6,26.7,26.6,26.8,26.7,26.8,26.8,26.7,26.8,26.7,26.6,26.6,26.6,26.6,26.7,26.7,26.8,26.5,26.8,26.7,26.5,26.8,26.8,26.7,26.6,26.7,26.6,26.7,26.7,26.7,26.8,26.7,26.5,26.8,26.7,26.7,26.7,26.9,26.7,26.8,26.9,26.9,26.7,26.9,26.7,26.7,26.8,26.8,26.7,26.9,26.7,26.7,26.7,26.7,26.8,26.9,26.7,26.7,26.9,26.7,26.6,26.7,26.8,26.7,26.8,26.7,26.9,26.8,26.8,26.7,26.8,26.8,26.8,26.7,26.7,26.8,26.8,26.7,26.8,26.8,26.8,26.8,26.8,26.9,26.7,26.8,26.7,26.7,26.6,26.8,26.8,26.6,26.9,26.8,26.8,26.7,26.8,26.8,26.8,26.8,26.8,26.8,26.8,26.9,26.8,26.8,26.9,26.8,27.0,26.9,26.7,26.7,26.9,26.8,26.8,26.8,26.8,26.7,26.9,26.8,26.8,26.9,26.9,26.9,26.8,26.8,26.6,26.9,26.7,26.9,26.8,26.7,26.7,26.8,26.8,26.7,26.8,26.6,26.7,26.7,26.8,26.9,26.7,26.7,26.8,26.8,26.7,26.8,26.9,26.7,26.8,26.6,26.7,26.6,26.8,26.7,26.8,26.7,26.7,26.7,26.7,26.8,26.7,26.6,26.8,26.6,26.7,26.8,26.7,26.8,26.6,26.5,26.6,26.6,26.7,26.6,26.7,26.6,26.7,26.6
25,26.6,26.8,26.6,26.8,26.6,26.6,26.7,26.7,26.8,26.7,26.7,26.7,26.9,26.6,26.8,26.8,26.7,26.7,26.6,26.7,26.9,26.6,26.7,26.7,26.6,26.7,26.6,26.7,26.7,26.7,26.7,26.8,26.7,26.9,26.7,26.7,26.8,26.7,26.7,26.8,26.7,26.8,26.8,26.8,26.9,26.7,26.7,26.8,26.8,26.7,26.8,26.6,26.7,26.8,26.8,26.6,26.6,26.7,26.7,26.8,26.8,26.8,26.8,26.6,26.9,26.9,26.8,26.8,26.6,26.8,26.8,26.6,26.8,26.7,26.8,26.8,26.8,26.8,26.7,26.8,26.8,26.8,26.6,26.7,26.7,26.9,26.8,26.6,26.7,26.8,26.7,27.0,26.6,26.8,26.6,26.9,26.8,26.8,26.8,26.8,26.7,26.9,26.8,26.8,26.8,26.7,26.6,26.8,26.9,26.9,26.9,26.8,26.9,26.8,26.7,26.8,26.9,26.8,26.9,27.0,26.6,26.8,26.8,26.9,27.0,26.8,26.8,26.8,26.7,26.7,26.7,26.5,26.7,26.7,26.5,26.8,26.6,26.6,26.7,26.8,26.8,26.6,26.7,26.6,26.8,26.8,26.8,26.7,26.8,26.7,26.6,26.8,26.6,26.5,26.7,26.7,26.5,26.6,26.8,26.5,26.8,26.6,26.5,26.6,26.8,26.5,26.8,26.7,26.6,26.8,26.6,26.7,26.7,26.8,26.7,26.7,26.7,26.5,26.7,26.6,26.5,26.6,26.5,26.6,26.7,26.5,26.4,26.7,26.7,26.6,26.5,26.6
26,26.5,26.6,26.7,26.8,26.7,26.7,26.8,26.7,26.7,26.7,26.6,26.6,26.7,26.8,26.9,26.8,26.7,26.8,26.8,26.9,26.8,26.8,26.8,26.8,26.6,26.7,26.8,26.8,26.7,26.7,26.7,26.7,26.7,27.0,26.9,26.7,26.7,26.5,26.8,26.8,26.9,26.8,26.9,26.8,26.8,26.8,26.8,26.8,26.8,26.8,26.8,26.8,26.7,26.6,26.7,26.7,26.7,26.9,26.7,26.8,26.8,26.8,26.8,26.8,26.9,26.7,26.9,26.7,26.8,26.8,26.8,26.8,26.7,26.8,26.8,26.8,26.8,26.8,26.8,26.7,26.7,26.8,26.8,26.7,26.8,26.8,26.7,26.8,26.9,26.7,26.8,26.9,26.8,26.8,26.8,26.9,27.0,26.8,26.9,26.6,27.1,26.8,26.7,27.0,26.7,26.8,26.8,26.9,26.8,26.9,26.9,26.7,26.9,26.9,26.9,27.0,26.8,26.9,26.8,26.9,26.9,26.9,26.9,26.8,27.0,26.7,26.7,26.8,26.7,26.8,26.8,26.7,26.8,26.8,26.8,26.8,27.0,26.9,26.8,26.7,26.9,26.7,26.8,26.6,26.5,26.8,26.7,26.7,26.7,26.7,27.0,26.8,26.8,26.8,26.8,26.6,26.5,26.8,26.8,26.8,26.7,26.7,26.7,26.7,26.8,26.7,26.7,26.7,26.8,26.7,26.7,26.6,26.7,26.6,26.7,26.7,26.7,26.8,26.6,26.6,26.6,26.7,26.5,26.5,26.6,26.7,26.7,26.7,26.5,26.7,26.6,26.6
27,26.8,26.7,26.8,26.6,26.6,26.7,26.5,26.6,26.8,26.8,26.7,26.7,26.8,26.7,26.8,26.7,26.8,26.7,26.7,26.7,26.8,26.8,26.8,26.9,26.8,26.9,26.8,26.7,26.8,26.9,26.5,26.8,26.8,27.0,26.9,26.8,26.8,26.7,26.8,26.6,26.8,26.9,26.8,26.7,26.5,26.6,26.8,26.7,26.8,27.0,26.8,26.7,26.8,26.7,26.7,26.7,26.6,26.8,26.8,26.8,26.9,26.9,26.8,26.5,26.7,26.7,26.9,26.9,26.7,26.7,26.7,26.8,26.9,26.7,26.8,26.7,26.8,27.0,26.6,27.0,26.8,26.9,26.9,26.8,27.0,26.8,26.8,26.8,26.9,26.8,26.7,27.0,26.9,27.0,26.8,26.9,26.8,26.9,26.8,26.9,26.8,26.9,26.8,26.8,26.8,26.8,26.8,26.7,27.0,26.9,26.9,26.8,26.8,27.0,26.8,26.9,26.8,26.8,26.9,26.8,26.8,26.8,26.8,26.9,26.8,26.6,26.9,26.8,26.8,26.7,26.7,26.9,26.8,27.0,26.8,26.7,26.7,26.8,26.8,26.6,26.9,26.9,26.8,26.8,26.8,26.7,26.8,26.8,26.6,26.8,26.8,26.6,26.7,26.7,26.8,26.9,26.7,26.8,26.7,26.8,26.8,26.6,26.6,26.7,26.7,26.7,26.6,26.6,26.7,26.6,26.8,26.7,26.7,26.5,26.6,26.8,26.8,26.8,26.7,26.7,26.7,26.6,26.5,26.8,26.7,26.7,26.8,26.6,26.8,26.7,26.8,26.6
28,26.6,26.5,26.6,26.6,26.7,26.6,26.7,26.8,26.7,26.7,26.4,26.7,26.6,26.5,26.6,26.8,26.8,26.6,26.7,26.8,26.6,26.8,26.8,26.7,27.0,26.7,26.7,26.7,26.6,26.7,26.6,26.6,26.6,26.8,26.7,26.7,26.7,26.7,26.9,26.9,26.9,26.8,26.8,26.7,26.7,26.6,26.8,26.7,26.6,26.6,26.8,26.8,26.8,26.6,26.8,26.7,26.7,26.6,26.6,26.7,26.7,26.7,26.6,26.6,26.6,26.7,26.8,26.8,26.7,26.7,26.7,26.7,26.7,26.7,26.8,26.8,26.8,26.9,26.8,26.7,26.6,26.8,26.8,26.8,26.7,26.8,26.7,26.8,26.8,26.9,26.8,26.8,26.7,26.9,26.8,26.7,26.8,26.7,26.7,26.8,26.8,26.8,26.8,27.0,26.8,26.8,26.8,27.0,26.8,26.8,26.8,27.0,26.9,26.8,27.0,26.9,26.8,26.8,26.9,26.8,26.7,26.8,26.8,26.9,26.9,26.8,26.7,26.8,26.8,27.0,26.7,26.8,26.8,26.9,26.8,26.9,26.8,26.8,27.0,26.7,26.8,26.8,26.9,26.7,26.9,26.7,26.8,26.7,26.7,26.8,26.8,26.9,26.7,26.7,26.8,26.7,26.8,26.7,26.9,26.7,26.7,26.7,26.8,26.7,26.8,26.5,26.5,26.8,26.7,26.7,26.6,26.7,26.7,26.6,26.7,26.7,26.5,26.6,26.8,26.5,26.7,26.6,26.6,26.5,26.6,26.6,26.6,26.7,26.7,26.7,26.6,26.7
29,26.6,26.7,26.6,26.7,26.8,26.7,26.6,26.7,26.7,26.7,26.7,26.7,26.6,26.8,26.8,26.7,26.7,26.6,26.6,26.7,26.6,26.5,26.6,26.6,26.8,26.7,26.7,26.7,26.6,26.6,26.7,26.8,26.9,26.8,26.7,26.7,26.8,26.6,26.5,26.8,26.6,26.7,26.8,26.7,26.7,26.8,26.8,26.6,26.7,26.6,26.8,26.6,26.6,26.7,26.8,26.7,26.7,26.7,26.7,26.7,26.7,26.8,26.6,26.7,26.8,26.8,26.7,26.8,26.8,26.7,26.8,26.8,26.8,26.8,26.6,27.0,26.8,26.8,26.7,26.7,26.6,26.9,26.9,26.8,26.9,26.8,26.8,26.8,26.8,26.8,26.8,26.8,26.9,26.8,26.8,26.8,27.0,26.8,26.9,26.8,26.7,26.7,26.7,26.8,26.8,26.9,26.8,26.8,26.8,26.7,26.7,26.8,26.8,26.8,26.7,26.9,26.9,26.7,26.7,27.0,26.9,26.7,27.0,26.7,26.9,26.8,26.8,26.9,26.8,26.9,26.9,26.8,26.9,26.8,26.9,26.8,26.9,26.7,26.7,26.5,26.9,26.9,26.8,26.7,26.7,26.8,26.9,26.8,26.7,26.7,26.8,26.7,26.7,26.8,26.6,26.7,26.6,26.6,26.5,26.8,26.7,26.6,26.8,26.9,26.8,26.6,26.7,26.8,26.8,26.7,26.8,26.7,26.7,26.6,26.8,26.6,26.7,26.8,26.7,26.6,26.6,26.7,26.6,26.5,26.6,26.5,26.5,26.7,26.8,26.5,26.7,26.6
30,26.9,26.9,26.6,26.7,26.7,26.8,26.8,26.8,26.8,26.8,26.8,26.7,26.8,26.6,26.7,26.7,26.6,26.5,26.8,26.9,26.6,26.8,26.7,26.7,26.6,26.8,26.7,26.7,26.8,26.7,26.8,26.8,26.6,26.8,26.8,26.7,26.7,26.9,26.9,26.7,26.8,26.8,26.8,26.6,26.8,26.9,26.7,26.8,26.8,26.6,26.9,26.7,26.7,26.8,26.8,26.7,26.8,26.8,26.7,26.9,26.8,26.8,26.8,26.8,26.9,26.8,26.9,26.8,26.9,27.0,26.9,26.9,26.8,26.8,26.8,26.9,26.8,26.9,26.7,26.9,26.7,26.9,26.7,26.8,26.9,26.8,26.9,26.9,26.8,26.8,27.0,26.8,26.8,26.9,27.0,26.9,26.9,26.8,26.9,26.7,26.8,26.8,26.8,26.9,26.7,26.8,26.9,26.9,26.8,26.8,26.8,26.8,26.8,26.9,26.8,26.9,27.0,26.7,27.0,26.9,26.8,26.8,26.8,26.8,26.8,26.8,26.8,26.7,26.8,26.8,26.8,26.9,26.8,26.8,27.0,26.8,26.9,26.8,26.8,26.8,26.8,26.9,26.8,26.8,26.8,26.8,26.9,26.9,26.8,26.7,26.8,26.7,26.9,26.8,26.6,26.7,26.8,26.8,26.7,26.6,26.8,26.5,26.9,26.9,26.7,26.7,26.7,26.8,26.8,26.8,26.7,26.8,26.8,26.6,26.8,26.7,26.8,26.8,26.7,26.6,26.7,26.5,26.9,26.8,26.8,26.7,26.8,26.7,26.6,26.5,26.6,26.6
31,26.5,26.6,26.6,26.7,26.7,26.7,26.7,26.7,26.7,26.7,26.7,26.7,26.5,26.7,26.7,26.8,26.8,26.7,26.8,26.6,26.5,26.7,26.8,26.8,26.8,26.7,26.7,26.7,26.8,26.6,26.7,26.8,26.8,26.7,26.7,26.6,26.8,26.8,26.6,26.8,26.6,26.7,26.8,26.7,26.7,26.6,26.8,26.8,26.7,26.8,26.6,26.8,26.7,26.7,26.7,26.8,26.6,26.8,26.8,26.8,26.8,26.8,26.7,26.8,26.8,26.7,26.8,26.7,26.8,26.9,26.8,26.8,26.9,26.7,27.0,26.8,26.9,26.7,26.8,26.8,26.8,26.9,26.9,26.8,26.8,26.9,26.7,26.9,26.8,26.7,26.7,27.0,26.8,26.9,26.8,26.7,26.8,26.7,26.8,26.9,26.8,26.8,26.8,26.9,26.8,26.8,26.8,26.8,26.7,26.8,26.8,26.8,27.0,26.8,26.8,26.8,26.8,26.8,26.8,26.8,26.8,26.9,26.9,26.9,26.8,26.8,26.9,26.8,26.9,26.9,26.8,27.0,26.8,26.9,26.8,26.8,27.0,26.9,26.8,26.9,26.7,27.0,26.6,26.6,26.8,26.9,26.8,26.7,26.8,26.8,26.8,26.9,26.8,26.8,26.8,26.8,26.8,26.8,26.8,26.9,26.7,26.6,26.7,26.7,26.7,26.7,26.6,26.8,26.7,26.7,26.6,26.6,26.9,26.5,26.8,26.6,26.8,26.8,26.6,26.7,26.8,26.6,26.7,26.7,26.5,26.6,26.7,26.7,26.6,26.6,26.6,26.5
32,26.8,26.7,26.8,26.8,26.7,26.9,26.7,26.7,26.7,26.7,26.7,26.8,26.7,26.7,26.7,26.8,26.8,26.8,26.8,26.7,26.7,26.8,26.8,26.8,26.8,26.7,26.8,26.8,26.8,26.8,26.6,26.7,26.6,26.9,26.7,26.8,26.7,26.7,26.9,26.7,26.8,26.7,26.7,26.6,26.7,26.8,26.6,26.8,26.6,26.5,26.8,26.6,26.8,26.8,26.6,27.0,26.7,26.9,26.7,26.7,26.7,26.8,26.9,26.6,26.7,26.8,26.8,26.9,26.9,26.7,26.8,26.7,26.8,26.7,26.7,26.9,26.8,26.8,26.8,26.8,26.8,26.9,26.9,26.8,26.9,26.9,26.9,26.8,26.9,26.8,26.7,26.7,26.9,26.8,26.7,26.8,26.8,26.7,27.0,26.9,26.8,26.7,26.8,26.8,26.9,26.8,26.8,26.9,26.8,26.8,26.7,26.8,26.7,26.7,26.7,26.8,26.8,26.8,26.8,26.9,26.8,26.8,26.9,26.8,26.9,26.8,26.8,26.8,26.6,26.8,26.9,26.8,26.8,26.8,26.8,26.8,27.0,26.7,27.0,26.7,26.7,26.8,26.8,26.7,26.7,26.6,26.8,26.8,26.9,26.8,26.8,26.8,26.8,26.7,26.7,26.8,26.9,26.7,26.6,26.8,26.8,26.8,26.8,26.9,26.7,26.6,26.6,26.8,26.8,26.7,26.7,26.6,26.6,26.8,26.7,26.8,26.6,26.8,26.5,26.7,26.6,26.7,26.5,26.5,26.9,26.7,26.7,26.7,26.7,26.6,26.7,26.5
33,26.6,26.6,26.7,26.5,26.8,26.5,26.8,26.7,26.9,26.6,26.8,26.6,26.5,26.7,26.6,26.7,26.6,26.8,26.6,26.7,26.8,26.7,26.7,26.7,26.6,26.9,26.6,26.7,26.7,26.8,26.7,26.7,26.8,26.6,26.6,26.7,26.8,26.7,26.7,26.7,26.8,26.7,26.6,26.6,26.9,26.6,26.8,26.8,26.5,26.6,26.8,26.7,26.7,26.7,26.8,26.7,26.7,26.8,26.7,26.7,26.8,26.8,26.6,26.8,26.8,26.7,26.7,26.8,26.8,26.8,26.7,26.7,26.7,26.7,26.6,27.0,26.8,26.9,26.8,26.8,26.8,26.7,26.8,26.8,26.8,26.8,26.8,26.7,26.8,26.8,26.8,26.8,26.7,26.8,26.8,26.7,26.7,26.8,26.7,26.7,26.8,26.8,26.7,26.8,26.8,26.8,26.6,26.7,26.8,26.7,26.8,26.8,26.9,26.9,26.9,26.9,26.8,26.8,26.7,26.7,27.0,26.8,26.6,26.8,26.8,26.9,26.8,27.0,27.0,26.9,26.9,26.9,26.7,26.8,26.9,27.0,26.8,26.8,26.9,26.9,26.7,26.8,26.8,26.9,26.9,26.8,26.8,26.8,26.7,26.8,26.9,26.8,26.9,26.7,26.7,26.8,26.9,26.6,26.7,26.7,26.9,26.7,26.8,26.8,26.8,26.6,26.8,26.8,26.8,26.9,26.8,26.8,26.7,26.8,26.8,26.8,26.8,26.7,26.8,26.8,26.5,26.6,26.6,26.5,26.7,26.7,26.5,26.8,26.8,26.7,26.6,26.8
34,26.7,26.7,26.8,26.6,26.8,26.7,26.7,26.8,26.8,26.8,26.8,26.8,26.7,26.9,26.6,26.8,26.8,26.9,26.6,26.8,26.9,26.7,26.7,26.7,26.9,26.6,26.9,26.5,26.7,26.7,26.8,26.7,26.7,26.8,26.8,26.7,26.6,26.7,26.7,26.7,26.8,26.8,26.7,26.6,26.7,26.8,26.8,26.7,26.7,26.8,26.9,26.8,26.8,26.9,26.8,26.7,26.8,26.8,26.8,26.6,26.8,26.8,26.7,26.8,26.7,26.8,26.8,26.9,26.7,26.8,26.7,26.7,26.8,26.8,26.8,26.9,26.9,26.8,27.0,26.8,26.7,27.0,26.8,26.8,26.7,26.8,26.7,26.7,27.0,26.8,26.8,26.9,26.5,26.8,26.6,26.7,26.7,26.7,26.8,26.7,26.9,26.7,26.6,26.8,26.8,26.9,26.8,26.6,26.7,26.7,26.8,26.8,26.9,26.7,26.7,26.8,26.8,26.7,26.7,26.8,26.9,26.8,26.8,26.9,26.9,26.9,26.9,26.9,26.9,26.8,26.8,26.8,26.9,26.9,26.8,26.8,27.0,26.7,26.8,26.9,26.9,26.8,26.8,26.8,26.8,26.9,26.7,27.0,26.6,26.8,26.8,26.9,26.9,26.7,26.8,26.8,26.9,26.8,26.7,26.8,26.7,26.7,26.8,26.9,26.7,26.8,26.8,26.7,26.8,26.8,26.8,26.8,26.8,26.5,26.7,26.7,26.7,26.8,26.8,26.6,26.7,26.8,26.7,26.5,26.6,26.6,26.5,26.7,26.8,26.5,26.7,26.6
35,27.0,26.8,26.7,26.7,26.7,26.6,26.7,26.8,26.7,26.6,26.8,26.7,26.6,26.8,26.6,26.9,26.8,26.9,26.8,26.7,26.7,26.7,26.8,26.8,26.8,26.6,26.9,26.7,26.6,26.7,26.7,26.8,26.6,26.7,26.6,26.6,26.7,26.8,26.7,26.8,26.7,26.6,26.8,26.6,26.7,26.7,26.7,26.7,26.6,26.7,26.9,26.6,26.8,26.8,26.8,26.7,26.8,26.8,26.9,26.8,26.8,26.8,26.7,26.8,26.7,26.8,26.6,26.8,26.9,26.8,26.7,26.7,26.7,26.8,26.8,27.0,26.8,26.7,26.8,26.7,26.7,26.8,26.8,27.0,26.6,26.7,26.7,26.6,26.7,26.6,26.6,26.6,26.9,26.7,26.6,26.6,26.5,26.6,26.5,26.6,26.5,26.6,26.5,26.5,26.5,26.5,26.5,26.7,26.6,26.6,26.5,26.6,26.6,26.6,26.8,26.8,26.8,26.7,26.8,26.8,26.7,26.8,26.7,26.9,26.8,26.8,26.8,26.9,26.8,27.0,26.9,26.8,26.8,26.9,26.8,26.9,26.8,26.8,26.9,26.8,26.8,26.7,26.9,26.8,26.9,26.8,26.9,26.6,26.7,26.8,26.9,26.8,27.0,26.8,26.8,27.0,26.9,26.8,26.7,26.9,26.7,26.6,26.7,26.7,26.6,26.8,26.5,26.9,26.8,26.7,26.7,26.8,26.8,26.6,26.8,26.7,26.6,26.5,26.7,26.7,26.6,26.7,26.8,26.5,26.7,26.6,26.4,26.6,26.7,26.6,26.5,26.7
36,26.7,26.6,26.8,26.6,26.7,26.6,26.6,26.6,26.7,26.5,26.6,26.8,26.6,26.6,26.7,26.7,26.7,26.8,26.6,26.7,26.6,26.6,26.7,26.8,26.7,26.7,26.7,26.7,26.8,26.6,26.6,26.9,27.0,26.7,26.8,27.0,26.7,26.8,26.7,26.8,26.8,26.8,26.8,26.7,26.7,26.8,26.8,26.6,26.9,26.7,26.8,26.7,26.9,26.8,26.7,26.7,26.7,26.8,26.7,26.8,26.8,26.8,26.9,26.8,26.9,26.8,26.6,26.8,26.8,26.6,26.7,26.7,26.8,26.9,26.8,26.8,26.7,26.7,26.8,26.7,26.8,26.8,26.7,26.7,26.5,26.8,26.5,26.7,26.8,26.6,26.7,26.8,26.7,26.6,26.5,26.5,26.2,26.5,26.3,26.3,26.6,26.4,26.3,26.5,26.2,26.4,26.4,26.3,26.4,26.3,26.4,26.3,26.4,26.5,26.7,26.7,26.8,26.7,26.8,26.9,26.8,26.8,27.0,27.0,26.9,26.8,26.7,27.0,26.9,26.8,26.8,26.8,27.0,26.9,26.9,27.1,26.8,26.8,26.9,26.7,26.8,26.9,26.8,26.6,26.7,26.8,26.9,26.6,26.9,26.8,26.8,26.7,26.6,26.8,26.7,26.7,26.8,26.8,26.8,26.8,26.5,26.6,26.8,26.8,26.9,26.6,26.7,26.8,26.8,26.9,26.6,26.8,26.9,26.6,26.8,26.6,26.6,26.8,26.6,26.8,26.8,26.7,26.8,26.7,26.8,26.7,26.6,26.7,26.7,26.5,26.5,26.6
37,26.6,26.6,26.6,26.6,26.7,26.8,26.7,26.8,26.8,26.6,26.7,26.7,26.8,26.6,26.7,26.7,26.7,26.6,26.7,26.5,26.5,26.8,26.7,26.8,26.7,26.8,26.8,26.6,26.8,26.6,26.6,26.8,26.7,26.6,26.8,26.8,26.8,26.8,26.8,26.7,26.8,26.8,26.8,26.7,26.8,26.6,26.7,26.8,26.6,26.9,26.7,26.6,26.7,26.7,26.6,26.8,26.8,26.6,26.9,26.6,26.8,26.8,26.8,26.8,26.7,26.8,26.8,26.7,26.8,26.8,26.9,26.8,26.8,26.9,26.7,26.7,26.7,26.6,26.8,26.7,26.7,26.8,26.7,26.7,26.8,26.9,26.7,26.8,26.9,26.7,26.6,26.8,26.6,26.5,26.4,26.3,26.3,26.2,26.1,26.1,26.1,26.2,26.2,26.1,26.1,26.0,26.0,25.9,26.1,26.2,26.1,26.1,26.2,26.3,26.5,26.6,26.7,26.7,26.7,26.9,26.8,26.9,26.8,26.9,26.8,26.8,26.9,26.8,26.8,26.8,26.8,27.0,26.9,26.8,26.9,26.9,26.8,26.7,26.8,26.8,26.8,26.8,26.9,26.8,26.8,26.8,27.0,26.7,27.0,26.9,26.8,26.9,26.8,26.8,26.8,27.0,26.7,26.9,26.7,27.0,26.8,26.6,26.8,26.7,26.9,26.8,26.8,26.8,26.8,26.8,26.9,26.8,26.8,26.6,26.8,26.7,26.7,26.7,26.7,26.7,26.8,26.7,26.8,26.8,27.0,26.5,26.6,26.7,26.8,26.7,26.7,26.6
38,26.9,26.8,26.6,26.6,26.7,26.8,26.5,26.7,26.7,26.8,26.8,26.8,26.5,26.7,26.5,26.7,26.7,26.8,26.6,26.7,26.6,26.7,26.7,26.7,26.8,26.7,26.8,26.7,26.6,26.6,26.5,26.9,26.8,26.5,26.7,26.8,26.7,26.8,26.7,26.8,26.8,26.5,26.7,26.6,26.5,26.8,26.8,26.7,26.6,26.9,26.8,26.7,26.9,26.9,26.8,26.8,26.7,26.6,26.6,26.7,26.8,26.7,26.8,26.8,26.8,26.8,26.8,26.8,26.7,26.7,26.8,26.8,26.6,26.6,26.8,26.6,26.6,26.5,26.8,26.7,26.6,26.8,26.8,26.8,26.8,26.6,26.7,26.7,26.7,26.6,26.6,26.7,26.5,26.5,26.4,26.0,26.1,26.0,26.0,25.9,26.0,26.1,26.0,26.1,25.7,26.1,25.8,25.8,25.8,25.9,25.9,25.8,26.1,26.1,26.3,26.6,26.6,26.6,26.7,26.8,26.8,26.7,26.8,26.7,26.8,26.7,26.8,26.8,26.7,26.8,26.7,26.8,26.7,26.8,26.9,26.8,26.9,26.8,26.8,26.8,26.8,26.8,26.8,26.9,26.8,26.9,26.9,26.8,26.7,26.8,26.7,26.7,26.8,26.7,26.7,26.7,26.8,26.8,26.8,26.7,26.9,26.8,26.8,26.7,26.9,26.7,26.8,26.8,26.6,26.7,26.6,26.9,26.7,26.5,26.9,26.6,26.6,26.7,26.6,26.7,26.7,26.6,26.6,26.5,26.6,26.5,26.6,26.7,26.7,26.7,26.5,26.8
39,27.0,26.8,26.6,26.7,26.5,26.7,26.6,26.6,26.8,26.6,26.9,26.8,26.8,26.7,26.7,26.7,26.7,26.9,26.5,26.9,26.8,26.7,26.6,26.7,26.7,26.7,26.6,26.8,26.7,26.6,26.7,26.7,26.7,26.8,26.6,26.9,26.7,26.8,26.7,26.6,26.6,26.6,26.5,26.5,26.5,26.7,26.8,26.6,26.5,26.6,26.7,26.7,26.8,26.8,26.6,26.7,26.6,26.8,26.8,26.6,26.7,26.8,26.8,26.7,26.8,26.6,26.6,26.6,26.8,26.8,26.8,26.7,26.7,26.7,26.7,26.7,26.8,26.6,26.6,26.5,26.5,26.7,26.5,26.7,26.6,26.5,26.4,26.7,26.5,26.5,26.5,26.8,26.6,26.5,26.3,26.0,25.9,26.0,25.8,26.0,26.0,25.9,26.0,25.9,25.9,25.9,25.9,25.9,25.9,25.9,25.8,25.9,26.0,26.1,26.3,26.5,26.5,26.6,26.7,26.6,26.6,26.6,26.8,26.9,26.8,26.7,26.7,26.9,26.8,27.0,26.8,26.9,26.9,27.0,26.8,26.9,26.8,26.9,26.9,26.8,26.9,26.8,27.0,26.9,26.8,26.8,26.8,26.8,26.8,26.9,26.9,26.8,26.8,26.8,26.8,26.9,27.0,26.8,26.7,26.8,26.8,26.6,26.8,26.8,26.7,26.8,26.7,26.6,26.7,26.7,26.6,26.6,26.8,26.8,26.9,26.6,26.6,26.8,26.7,26.8,26.8,26.8,26.8,26.8,26.7,26.8,26.6,26.6,26.8,26.7,26.7,26.7
40,26.7,26.8,26.7,26.7,26.8,26.8,26.7,26.9,26.8,26.9,26.7,26.7,26.7,26.7,26.6,26.7,26.8,26.9,26.8,26.8,26.7,26.7,26.7,26.9,26.9,26.9,26.7,26.7,26.8,26.7,26.6,26.8,26.6,26.4,26.7,26.6,26.5,26.8,26.6,26.5,26.5,26.3,26.5,26.3,26.5,26.8,26.8,26.8,26.6,26.6,26.8,26.7,26.7,26.9,26.6,26.7,26.7,26.8,26.6,26.8,26.5,26.8,26.8,26.8,26.7,26.6,26.7,26.5,26.6,26.7,26.5,26.7,26.5,26.5,26.7,26.6,26.6,26.6,26.6,26.6,26.6,26.5,26.6,26.5,26.5,26.6,26.4,26.6,26.6,26.3,26.5,26.6,26.4,26.3,26.2,26.1,26.0,25.9,25.8,26.0,25.9,26.0,25.9,25.9,25.9,26.0,26.0,26.0,26.1,26.3,25.9,26.2,25.8,26.1,26.3,26.5,26.3,26.5,26.6,26.5,26.7,26.7,26.8,26.8,26.8,26.8,26.8,26.8,26.8,26.7,26.8,26.8,26.8,26.8,26.8,26.9,26.9,26.8,26.9,26.8,26.8,26.8,26.7,26.6,26.8,26.8,26.8,26.8,27.0,26.9,26.9,26.8,26.8,26.9,26.8,26.8,27.0,26.7,26.8,26.8,26.7,26.8,26.8,26.9,26.8,26.8,26.9,26.9,26.7,26.8,26.7,26.6,26.6,26.8,26.7,26.8,26.7,26.7,26.8,26.8,26.8,26.8,26.7,26.6,26.7,26.6,26.9,26.7,26.8,26.5,26.7,26.7
41,26.8,26.8,26.5,26.6,26.7,26.7,26.8,26.8,26.7,26.7,26.7,26.8,26.7,26.9,26.6,26.8,26.8,26.8,26.7,26.8,26.8,26.7,26.7,26.8,26.8,26.6,26.7,26.7,26.6,26.5,26.5,26.4,26.4,26.3,26.2,26.5,26.7,26.6,26.6,26.6,26.3,26.0,26.1,26.0,26.3,26.5,26.6,26.5,26.8,26.6,26.7,26.5,26.5,26.6,26.6,26.6,26.6,26.7,26.6,26.5,26.5,26.6,26.6,26.3,26.3,26.6,26.5,26.4,26.5,26.3,26.4,26.4,26.4,26.4,26.5,26.4,26.3,26.5,26.4,26.4,26.3,26.5,26.3,26.4,26.1,26.3,26.3,26.3,26.3,26.2,26.1,26.4,26.2,26.3,26.0,26.0,25.9,26.0,25.9,25.9,26.0,25.8,26.0,26.1,25.9,26.0,26.1,26.2,26.0,26.2,26.1,26.0,26.0,26.2,26.2,26.2,26.3,26.3,26.5,26.5,26.7,26.8,26.8,26.8,26.8,26.8,27.0,26.8,26.7,26.9,26.7,26.7,26.8,26.9,26.8,27.0,26.9,26.9,27.0,26.9,26.7,26.8,26.8,26.8,27.0,26.8,26.8,26.8,26.7,26.7,27.0,26.9,26.9,26.8,26.8,26.8,26.8,26.8,26.8,26.8,26.7,26.7,26.8,26.8,26.9,26.8,26.7,26.8,26.7,26.8,26.7,26.6,26.7,26.6,26.7,26.7,26.7,26.8,26.6,26.8,26.8,26.8,26.8,26.7,26.7,26.8,26.5,26.7,26.7,26.6,26.7,26.4
42,26.7,26.7,26.7,26.7,26.8,26.7,26.8,26.6,26.9,26.8,26.7,26.7,26.8,26.7,26.7,26.7,26.7,26.6,26.7,26.6,26.7,26.8,26.8,26.8,26.6,26.8,26.8,26.6,26.7,26.3,26.2,26.1,26.1,26.1,26.1,26.2,26.3,26.5,26.6,26.5,26.4,26.2,26.0,25.9,26.1,26.2,26.8,26.5,26.5,26.4,26.5,26.4,26.4,26.4,26.4,26.4,26.4,26.5,26.3,26.3,26.5,26.5,26.3,26.3,26.3,26.1,26.3,26.2,26.2,26.2,26.1,26.3,26.2,26.1,26.2,26.3,26.0,26.3,26.1,26.0,26.1,26.1,26.1,26.0,26.0,26.1,26.0,26.0,25.8,26.1,25.9,26.0,26.1,25.9,25.9,26.0,25.8,26.0,25.9,26.0,25.9,25.9,26.0,26.0,25.9,26.0,26.2,26.3,26.4,26.3,26.2,25.9,26.1,26.0,26.2,26.1,26.1,26.1,26.4,26.5,26.9,27.2,27.0,26.9,26.8,27.1,27.0,26.9,26.7,26.8,26.8,26.9,26.8,26.8,26.8,27.0,26.8,26.9,27.0,26.9,26.9,26.8,26.6,26.8,26.9,26.8,27.0,26.9,26.9,26.9,27.0,26.9,26.8,26.6,26.7,26.8,26.7,26.7,26.9,26.8,26.8,26.8,26.7,26.7,26.7,26.7,26.7,26.6,26.9,26.8,26.7,26.5,26.6,26.5,26.8,26.7,26.8,26.8,26.7,26.8,26.6,26.6,26.6,26.6,26.7,26.7,26.6,26.7,26.8,26.7,26.7,26.7
43,26.8,26.7,26.7,26.7,26.6,26.6,26.8,26.7,26.8,26.8,26.7,26.7,26.8,26.8,26.7,26.6,26.8,26.7,26.7,26.8,26.8,26.7,26.8,26.5,26.8,26.8,26.7,26.6,26.4,26.3,26.0,25.8,25.9,25.8,25.9,26.0,26.1,26.2,26.1,26.5,26.3,26.1,26.1,26.0,26.1,26.3,26.5,26.3,26.4,26.5,26.2,26.3,26.2,26.3,26.2,26.3,26.2,26.4,26.1,26.0,26.1,26.1,26.2,25.9,26.1,26.0,26.0,26.2,26.0,25.9,25.9,26.0,25.9,26.1,25.9,25.8,25.8,25.8,25.8,25.8,25.9,25.8,26.0,25.8,25.9,25.7,25.8,25.8,25.8,25.8,25.8,25.9,25.8,25.9,25.7,25.8,26.0,25.9,26.0,26.0,26.0,26.2,26.1,26.3,26.0,26.1,26.4,26.5,26.4,26.5,26.3,26.0,26.0,25.9,26.0,26.0,26.0,26.2,26.5,27.0,27.5,27.9,27.4,27.1,27.1,27.6,27.5,26.9,26.8,26.7,26.6,26.9,26.6,27.0,26.7,26.7,26.8,27.0,27.0,27.0,26.8,26.8,26.8,26.7,26.6,26.7,26.9,26.8,26.8,26.8,26.8,26.9,26.8,26.8,26.8,26.9,26.9,26.7,26.7,26.9,26.8,26.7,26.8,26.8,26.7,26.9,26.8,26.8,26.8,26.7,26.7,26.6,26.7,26.7,26.9,26.8,26.7,26.7,26.8,26.7,26.7,26.8,26.8,26.6,26.7,26.7,26.6,26.7,26.7,26.6,26.5,26.6
44,26.8,26.7,26.6,26.7,26.8,26.9,26.7,26.8,26.8,26.8,26.8,26.7,26.6,26.7,26.5,26.5,26.8,26.5,26.7,26.7,26.8,26.8,26.6,26.7,26.7,26.6,26.6,26.5,26.4,26.1,25.9,25.8,25.8,25.8,26.0,26.0,25.9,26.2,26.1,26.1,26.1,26.0,26.1,26.0,26.0,26.1,26.2,26.3,26.2,26.0,26.3,26.1,26.0,26.1,26.2,26.0,26.1,25.9,26.0,25.9,25.9,26.1,25.9,25.8,26.0,25.8,25.8,26.0,25.8,25.9,25.8,25.8,25.8,25.8,25.9,25.8,25.7,25.7,25.7,25.6,25.8,25.8,25.7,25.9,25.6,25.6,25.7,25.8,25.6,25.7,25.7,25.9,25.9,26.0,25.9,25.9,25.9,25.9,26.1,26.1,26.2,26.1,26.2,26.4,26.2,26.1,26.4,26.6,26.6,26.5,26.3,26.1,26.1,26.0,26.1,26.2,26.1,26.3,26.6,27.1,27.8,28.3,27.3,26.9,27.4,28.2,27.7,27.3,26.7,26.6,26.7,26.6,26.7,26.8,26.7,26.8,26.8,26.9,26.9,26.9,26.8,26.8,26.8,26.8,26.7,26.9,26.8,26.9,26.9,26.7,26.8,26.8,26.9,26.6,26.8,26.8,26.6,27.0,26.7,26.8,26.8,26.7,26.6,26.6,26.8,26.7,26.7,26.7,26.8,26.8,26.8,26.7,26.8,26.7,26.8,26.7,26.9,26.8,26.9,26.7,26.8,26.5,26.8,26.8,26.7,26.7,26.6,26.6,26.8,26.8,26.6,26.5
45,26.9,26.8,26.6,26.6,26.7,26.9,26.8,26.5,26.7,26.7,26.8,26.8,26.8,26.8,26.6,26.7,26.7,26.8,26.7,26.8,26.8,26.8,26.9,26.7,26.5,26.7,26.6,26.5,26.4,25.8,25.9,25.8,25.9,25.8,25.8,25.9,25.9,26.0,25.9,26.0,26.0,25.9,25.8,25.8,25.8,25.9,25.9,26.1,26.2,26.0,26.2,26.1,26.1,26.1,26.1,26.2,26.1,26.0,25.8,26.1,25.9,25.9,26.0,25.8,25.6,25.6,25.6,25.7,25.7,25.5,25.7,25.7,25.8,25.8,25.7,25.7,25.6,25.7,25.7,25.7,25.8,25.7,25.8,25.8,25.8,25.9,25.6,25.7,26.0,25.8,25.7,25.9,25.8,25.9,25.8,25.9,25.8,26.1,26.3,26.1,26.3,26.1,26.3,26.3,26.1,26.3,26.5,26.7,26.6,26.4,26.2,26.1,26.0,26.1,26.1,26.2,26.2,26.4,27.1,27.6,27.9,28.0,27.1,27.0,27.4,28.3,27.8,27.2,26.8,26.7,26.6,26.7,26.8,27.0,26.8,26.9,27.0,26.7,27.0,26.8,26.9,26.9,26.9,26.8,26.7,27.0,26.9,26.8,26.9,26.8,26.9,26.9,27.0,26.8,26.8,26.8,26.9,26.8,27.0,26.8,26.8,26.7,26.9,26.7,26.9,26.6,26.8,26.9,26.7,26.8,26.6,26.7,26.7,26.8,26.8,26.7,26.7,26.7,26.9,26.8,26.9,26.5,26.8,26.7,26.8,26.8,26.8,26.7,26.7,26.6,26.5,26.5
46,26.8,26.5,26.7,26.8,26.8,26.6,26.8,26.7,26.8,26.6,26.7,26.8,26.8,26.8,26.7,26.7,26.7,26.6,26.7,26.8,26.9,26.8,26.7,26.6,26.7,26.7,26.9,26.4,26.2,25.8,25.9,25.8,25.9,25.8,25.8,25.9,25.8,25.9,25.9,25.9,25.9,25.7,25.8,25.7,26.0,25.8,25.9,25.9,26.0,26.2,26.1,26.1,26.0,26.0,26.2,26.2,26.0,25.9,25.8,26.0,26.0,26.0,26.1,25.8,25.9,25.8,25.7,25.8,25.7,25.7,25.8,25.7,25.8,25.8,25.8,25.9,25.8,25.6,25.7,25.7,25.8,25.9,25.9,25.9,25.8,25.7,25.9,25.7,25.8,25.7,25.8,25.9,26.0,26.0,25.9,26.1,26.1,26.0,26.1,26.1,26.3,26.3,26.6,26.3,26.3,26.1,26.2,26.5,26.4,26.2,26.3,26.0,26.2,26.3,26.1,26.1,26.2,26.4,26.8,27.2,27.5,27.6,27.1,27.0,27.3,27.9,27.8,27.2,26.5,26.6,26.5,26.7,26.9,26.8,26.8,26.8,26.7,26.8,26.9,26.7,26.8,26.8,26.8,27.0,26.8,27.0,26.9,26.8,27.0,26.9,26.9,26.7,26.9,26.8,26.9,26.8,26.9,26.8,26.8,26.7,26.7,26.8,26.9,26.9,26.8,26.7,26.9,26.8,26.7,26.6,26.6,26.8,26.7,26.8,26.8,26.8,26.8,26.7,26.8,26.7,26.8,26.8,26.8,26.7,26.8,26.8,26.7,26.9,26.8,26.7,26.6,26.8
47,26.7,26.8,26.8,26.8,26.8,26.8,26.8,26.8,26.7,26.7,26.8,26.7,26.7,26.7,26.6,26.8,26.6,26.8,26.8,26.6,26.8,26.6,26.8,26.8,26.8,26.6,26.7,26.4,26.1,25.9,25.7,25.9,25.7,25.8,25.9,25.8,25.8,25.8,25.9,25.8,25.8,25.7,25.7,25.7,26.0,25.8,25.9,26.0,26.0,26.2,26.1,26.0,26.1,26.1,26.0,26.0,26.0,26.0,26.0,25.9,26.2,26.1,26.0,26.0,25.8,25.7,25.9,25.9,25.8,25.8,25.8,25.8,25.8,25.8,25.9,25.9,25.9,25.8,25.9,25.8,25.7,26.0,25.8,25.8,25.9,25.9,26.1,25.8,25.8,25.9,25.8,25.9,25.8,26.1,26.0,26.1,26.2,26.1,26.2,26.3,26.3,26.4,26.5,26.4,26.2,26.3,26.5,26.2,26.3,26.3,26.3,26.3,26.2,26.3,26.3,26.2,26.2,26.3,26.8,26.8,26.8,27.2,27.2,27.3,27.4,27.5,27.3,26.9,26.4,26.7,26.7,26.7,26.7,26.8,26.8,26.9,26.9,27.0,26.7,26.8,26.8,26.9,26.7,26.8,26.8,26.9,27.0,26.8,26.8,26.8,26.8,26.8,26.7,26.9,26.7,26.6,27.0,26.9,26.8,26.8,26.8,26.9,27.0,26.8,26.8,26.8,26.9,26.7,26.7,27.0,26.7,26.6,26.8,26.6,26.8,26.6,26.9,26.7,26.8,26.7,26.6,26.6,26.7,26.7,26.8,26.8,26.6,26.8,26.7,26.8,26.7,26.6
48,26.8,26.5,26.7,26.7,26.7,26.6,26.7,26.7,26.8,26.7,26.7,26.8,26.7,26.8,26.6,26.8,26.7,26.5,26.6,26.8,26.6,26.7,26.7,26.6,26.8,26.8,26.7,26.5,26.3,26.0,25.8,25.9,25.8,26.0,25.8,25.8,25.7,25.7,25.6,25.8,25.7,25.7,25.7,25.6,25.7,25.8,25.9,25.9,26.1,25.9,25.9,26.0,26.1,25.9,25.9,26.0,26.0,26.1,25.8,26.0,26.0,26.1,26.1,26.1,26.1,25.8,25.7,26.0,25.8,25.9,25.8,25.9,25.9,25.8,25.8,26.0,25.9,26.1,25.9,26.0,25.8,25.8,25.9,25.8,26.0,26.1,26.2,26.1,26.0,25.8,25.9,26.0,25.9,25.8,26.1,26.1,26.3,26.5,26.5,26.5,26.7,26.7,26.8,26.8,26.5,26.8,26.6,26.6,26.9,26.7,26.7,26.7,26.6,26.7,26.4,26.3,26.1,26.3,26.2,26.5,26.6,26.9,27.1,27.2,27.2,27.1,26.6,26.6,26.4,26.5,26.7,26.6,26.8,26.7,26.8,26.8,26.9,26.7,26.8,26.8,26.8,26.8,26.6,26.8,26.7,26.9,26.8,26.8,26.7,26.8,26.9,26.9,26.9,26.9,26.8,26.8,26.8,26.9,26.7,26.9,26.7,26.9,26.7,26.8,26.8,26.8,26.9,26.7,26.8,26.6,26.7,27.0,26.8,26.8,26.8,26.7,26.6,26.8,26.7,26.7,26.6,26.8,26.7,26.6,26.8,26.8,26.6,26.7,26.6,26.5,26.7,26.7
49,26.8,26.5,26.7,26.6,26.8,26.6,26.7,26.8,26.5,26.7,26.6,26.6,26.6,26.7,26.8,26.7,26.7,26.8,26.8,26.7,26.8,26.7,26.7,26.8,26.7,26.7,26.6,26.8,26.4,26.1,26.0,25.8,25.9,26.0,25.9,25.9,25.8,25.6,25.6,25.4,25.7,25.8,25.8,25.6,25.8,25.6,25.8,25.7,26.1,26.0,26.0,26.0,26.1,25.9,25.8,25.9,25.8,25.8,25.8,25.9,26.0,26.0,26.1,25.9,25.9,25.8,25.9,25.9,25.9,25.8,26.0,25.8,26.1,26.0,26.0,25.8,25.8,25.9,26.0,26.0,25.9,25.9,25.8,26.1,26.2,26.5,26.6,26.2,26.2,25.9,26.0,25.8,25.9,25.9,26.1,26.3,26.8,27.0,27.3,27.2,27.3,27.2,27.4,27.5,27.3,27.3,27.5,27.4,27.4,27.4,27.4,27.4,27.4,27.1,26.8,26.5,26.3,26.2,26.3,26.7,27.1,27.3,27.5,27.7,27.5,27.3,27.0,26.7,26.5,26.4,26.6,26.7,26.6,26.7,26.6,26.8,26.8,26.6,26.7,26.7,26.8,26.8,26.8,26.7,26.8,26.8,26.9,26.8,26.9,26.8,26.9,26.9,26.8,27.0,26.8,26.9,26.8,27.0,26.7,26.7,26.9,26.8,26.8,26.8,26.7,26.7,26.8,26.7,26.7,26.8,26.8,26.8,26.8,26.8,26.9,26.6,26.7,26.8,26.8,26.8,26.8,26.7,26.8,26.8,26.7,26.8,26.8,26.8,26.5,26.6,26.8,26.7
50,26.8,26.7,26.6,26.5,26.7,26.8,26.8,26.6,26.9,26.6,26.8,26.8,26.8,26.7,26.6,26.9,26.9,26.7,26.8,26.8,26.8,26.9,26.8,26.7,26.8,26.9,26.8,26.8,26.5,26.1,26.0,25.8,25.9,26.0,26.0,26.0,25.9,25.8,25.8,25.6,26.0,25.7,26.0,25.8,25.8,25.9,25.9,26.0,26.0,26.1,26.3,26.0,26.0,25.9,26.0,25.9,25.9,26.0,26.0,26.0,25.8,26.1,25.9,25.8,26.0,26.1,26.1,26.0,25.9,26.0,25.8,26.0,26.1,25.9,25.9,26.1,25.9,26.1,26.1,26.0,26.1,26.0,26.0,26.1,26.7,27.2,26.9,26.6,26.2,26.1,26.1,25.9,26.1,26.0,26.2,26.9,27.5,28.0,28.1,28.1,28.2,28.4,28.3,28.5,28.5,28.5,28.5,28.5,28.3,28.3,28.3,28.4,28.3,27.9,27.2,26.7,26.5,26.3,26.5,27.2,27.7,28.3,28.2,28.2,28.1,27.7,27.5,27.1,26.6,26.5,26.5,26.7,26.7,26.7,26.8,26.9,26.7,26.8,26.9,26.7,27.0,26.8,26.8,26.9,26.8,26.9,26.8,26.8,26.8,26.8,26.7,26.9,26.9,26.8,26.7,26.7,26.7,26.9,26.9,26.9,26.8,26.9,27.0,26.9,26.8,26.8,26.8,26.7,26.8,26.8,26.7,26.8,26.7,26.8,26.8,26.6,26.8,26.8,26.9,26.9,26.7,26.6,26.8,26.6,26.7,26.8,26.7,26.7,26.6,26.8,26.7,26.6
51,26.8,26.6,26.7,26.6,26.5,26.7,26.7,26.8,26.8,26.7,26.6,26.7,26.6,26.6,26.7,26.8,26.8,26.7,26.8,26.8,26.9,26.6,26.8,26.8,26.7,26.8,26.6,26.4,26.5,26.3,26.1,26.0,26.0,26.0,26.2,26.4,26.2,26.0,26.1,26.0,25.9,25.9,25.7,25.8,26.0,26.0,26.1,26.1,26.3,26.1,26.3,26.0,26.0,25.9,25.9,25.9,26.0,26.1,25.8,25.8,25.9,25.8,26.0,25.9,26.0,25.9,25.8,25.9,25.8,25.9,26.0,25.9,25.9,26.0,25.7,26.0,26.0,25.8,25.8,26.1,26.1,26.0,26.1,26.3,27.1,27.7,27.7,27.0,26.3,26.0,25.9,26.0,26.0,26.2,26.5,27.3,28.3,28.9,29.1,29.1,29.3,29.5,29.4,29.6,29.5,29.6,29.6,29.5,29.5,29.3,29.2,29.2,29.2,28.7,27.8,27.0,26.8,26.6,26.9,27.9,28.7,28.4,27.8,27.9,28.2,28.4,28.1,27.5,26.7,26.7,26.5,26.6,26.8,26.8,26.6,26.8,26.8,26.7,26.9,26.9,26.8,26.8,26.7,26.8,26.8,26.9,26.7,26.8,26.9,26.7,27.0,26.8,26.7,27.0,26.9,26.8,26.8,26.8,26.6,26.8,26.9,26.7,26.7,26.8,26.7,26.7,26.7,26.8,26.8,26.8,26.7,26.8,26.8,26.6,26.7,26.8,26.7,27.0,26.7,26.6,26.7,26.9,26.8,26.8,26.7,26.7,26.8,26.9,26.7,26.7,26.8,26.7
52,26.8,26.7,26.5,26.7,26.6,26.6,26.8,26.8,26.7,26.8,26.7,26.7,26.6,26.7,26.8,26.8,26.8,26.7,26.8,26.7,26.7,26.8,26.8,26.8,26.6,26.8,26.8,26.5,26.7,26.3,26.3,26.3,26.4,26.4,26.5,26.6,26.8,26.7,26.2,26.2,26.0,26.1,26.1,26.2,26.4,26.3,26.4,26.5,26.5,26.6,26.4,26.3,26.0,26.0,25.9,26.1,25.8,25.9,25.8,25.9,25.9,25.9,25.9,25.9,26.0,25.8,26.1,26.0,26.0,25.9,25.9,25.9,26.1,25.8,25.9,25.7,25.9,25.9,26.1,26.3,26.1,26.1,26.3,26.5,27.3,28.1,28.1,27.3,26.6,26.1,25.8,26.0,26.0,26.3,26.9,27.8,29.0,29.6,30.0,30.1,30.3,30.1,30.4,30.3,30.4,30.4,30.2,30.1,30.1,29.9,29.7,29.7,29.7,29.4,28.4,27.5,26.9,26.8,27.2,28.4,28.5,27.7,27.2,26.9,27.4,28.3,28.7,27.9,26.9,26.7,26.6,26.7,26.7,26.9,26.8,26.8,26.8,26.9,26.8,26.7,26.7,27.0,26.8,26.9,26.8,26.9,26.7,27.0,26.9,26.9,26.9,26.7,26.9,26.8,27.0,27.0,26.9,26.9,26.9,26.8,27.0,26.9,26.7,26.8,26.8,26.9,27.0,26.8,26.8,26.7,26.6,26.6,26.8,26.8,26.7,26.9,26.8,26.8,26.6,26.8,26.7,26.5,26.8,26.8,26.8,26.9,26.8,27.0,26.9,26.6,26.7,26.8
53,26.7,26.7,26.7,26.6,26.7,26.5,26.8,26.7,26.7,26.7,26.7,26.8,26.6,26.7,26.7,26.8,26.7,26.6,26.8,26.6,26.7,26.8,26.7,26.6,26.9,26.6,26.6,26.6,26.5,26.6,26.4,26.7,26.8,26.7,26.8,27.1,27.4,27.4,27.0,26.4,26.3,26.2,26.0,26.3,26.6,26.7,26.8,26.6,26.9,27.2,27.1,26.6,26.2,26.0,26.0,25.9,25.8,25.9,25.8,25.8,25.9,26.0,25.9,25.9,25.9,25.9,25.9,26.0,25.9,26.0,26.0,26.1,25.9,25.9,25.8,25.9,26.1,26.0,26.1,26.2,26.3,26.3,26.1,26.4,27.0,27.8,27.8,27.3,26.4,26.0,25.9,26.0,26.1,26.5,27.0,27.9,29.2,29.7,30.3,30.3,30.4,30.5,30.5,30.6,30.5,30.4,30.4,30.4,30.3,30.1,29.6,29.5,29.5,29.6,28.6,27.6,26.9,26.6,27.6,28.4,28.2,27.4,26.9,26.6,27.1,27.9,28.8,27.9,27.0,26.6,26.6,26.5,26.7,26.7,26.8,27.0,26.7,26.6,26.7,26.9,26.8,26.8,26.8,26.6,26.7,26.9,26.8,26.9,26.9,27.0,26.8,26.7,26.8,26.9,26.8,26.8,27.0,26.8,26.9,26.9,26.9,26.7,26.7,26.9,26.6,26.8,26.8,26.8,26.8,26.7,26.9,27.0,26.9,26.7,27.0,26.8,26.6,26.8,26.7,26.6,26.7,26.6,26.8,26.7,26.8,26.8,26.7,26.7,26.8,26.8,26.7,26.5
54,26.6,26.7,26.7,26.7,26.8,26.7,26.7,26.8,26.9,26.7,26.8,26.8,26.8,26.8,26.8,26.7,26.8,26.7,26.8,26.8,27.0,26.8,26.8,26.8,26.8,26.8,26.8,26.5,26.7,26.7,26.8,27.0,27.2,27.2,27.2,27.0,27.4,27.8,27.9,26.9,26.3,26.3,26.5,26.8,27.0,27.2,27.1,26.6,26.9,27.4,27.6,27.0,26.5,26.1,25.9,25.8,26.0,25.8,26.0,26.0,26.1,26.0,26.0,26.0,25.8,26.0,26.1,26.0,25.9,25.8,25.8,25.9,26.0,25.9,26.1,26.2,25.9,25.9,26.0,26.2,26.2,26.2,26.3,26.2,26.6,26.8,27.0,26.7,26.3,25.9,25.8,26.1,26.1,26.4,27.2,27.9,29.2,30.2,30.4,30.5,30.6,30.6,30.7,30.7,30.6,30.6,30.7,30.6,30.4,30.2,29.6,29.2,29.7,29.7,28.8,27.6,26.8,26.7,27.3,28.3,28.0,27.6,27.1,27.1,27.2,28.1,28.7,28.1,26.8,26.6,26.5,26.7,26.7,26.6,26.7,26.7,26.7,26.8,26.6,26.6,26.7,26.9,26.8,26.9,26.7,26.8,26.9,26.8,27.0,26.9,26.9,26.7,26.9,26.8,27.0,26.8,26.7,26.7,26.9,26.8,26.9,26.7,26.8,26.7,26.9,26.8,26.9,26.8,26.9,26.8,26.8,26.8,26.7,26.7,26.8,26.7,26.8,26.8,26.9,26.7,26.6,26.8,26.6,26.7,26.7,26.7,26.8,26.9,26.8,26.8,26.6,26.7
55,26.7,26.7,26.6,26.7,26.6,26.6,26.8,26.8,26.9,26.8,26.9,26.9,26.7,26.7,26.7,26.6,26.7,26.6,26.6,26.7,26.8,26.7,26.9,26.8,26.8,26.8,26.9,26.6,26.7,26.7,26.9,27.3,27.4,27.3,27.0,26.9,27.1,27.6,27.7,27.3,26.5,26.5,26.6,26.7,27.2,27.5,27.1,26.8,26.8,27.2,27.5,27.2,26.7,26.4,26.0,26.0,25.9,26.0,26.1,26.1,25.9,26.0,26.0,26.0,26.1,25.9,26.0,26.1,26.0,25.9,25.9,26.1,26.0,26.0,25.9,25.9,26.0,25.8,25.7,26.1,26.1,26.1,26.3,26.0,26.1,26.2,26.2,26.2,26.1,25.9,25.9,26.0,26.0,26.6,26.9,28.0,29.3,30.1,30.4,30.6,30.5,30.6,30.6,30.6,30.6,30.6,30.5,30.5,30.5,30.2,29.9,29.9,30.2,29.8,28.9,27.7,26.8,26.6,27.0,27.8,28.0,27.5,27.2,27.5,27.6,28.2,28.4,27.6,26.7,26.4,26.4,26.5,26.7,26.8,26.8,26.7,26.9,26.7,27.0,26.8,26.8,26.9,26.8,26.7,26.8,26.9,26.7,26.7,26.9,26.7,26.8,26.8,26.9,26.8,27.0,26.7,26.8,26.7,26.7,26.8,26.9,26.9,26.7,26.9,26.8,26.8,26.8,26.7,26.7,26.9,26.8,26.7,26.7,26.7,26.7,26.8,26.9,26.6,26.8,26.8,26.7,26.9,26.7,26.5,26.6,26.7,26.6,26.8,26.7,26.7,26.7,26.8
56,26.5,26.6,26.6,26.7,26.6,26.6,26.7,26.7,26.7,26.6,26.8,26.8,26.7,26.7,26.5,26.8,26.8,26.8,26.7,26.9,26.8,26.7,26.8,26.8,26.7,26.9,26.6,26.6,26.6,26.7,26.9,27.5,27.6,27.0,26.8,26.8,27.2,27.4,27.7,27.4,26.6,26.4,26.5,26.7,27.1,27.3,27.3,26.8,26.5,26.9,27.0,26.8,26.7,26.2,26.0,25.9,25.9,25.8,25.8,26.0,25.9,26.0,25.9,25.8,25.8,25.8,25.9,26.0,25.9,25.9,26.0,25.9,26.1,25.9,25.9,25.9,25.8,25.9,25.9,25.9,25.8,25.8,25.9,25.9,26.0,26.1,25.9,26.0,26.1,25.9,25.7,26.2,26.2,26.5,27.0,27.9,29.3,30.0,30.5,30.6,30.5,30.5,30.7,30.7,30.5,30.5,30.3,30.5,30.4,30.1,30.3,30.1,30.0,29.8,28.7,27.7,27.0,26.5,26.6,27.2,27.7,27.7,27.4,27.3,27.7,28.2,27.7,26.9,26.4,26.3,26.4,26.6,26.5,26.7,26.7,26.8,26.8,26.6,26.7,26.8,26.8,26.8,26.7,26.7,26.7,26.8,26.8,26.7,26.9,26.8,26.8,26.7,27.1,26.7,26.8,26.9,26.8,26.8,26.8,26.9,26.8,26.8,26.7,26.9,26.8,26.7,26.8,26.7,26.8,26.8,26.6,26.7,26.8,26.7,26.9,26.8,26.7,26.8,26.7,26.6,26.8,26.7,26.8,26.9,26.7,26.6,26.7,26.8,26.5,26.6,26.6,27.0
57,26.7,26.5,26.5,26.8,26.6,26.7,26.8,26.7,27.1,26.8,26.8,26.8,26.6,26.7,26.7,26.8,26.8,26.9,26.8,26.7,26.8,26.8,26.8,26.8,26.8,26.8,26.9,26.9,26.6,26.7,27.0,27.7,27.8,27.3,27.0,27.0,27.1,27.5,27.7,27.5,26.8,26.5,26.2,26.5,26.7,26.8,26.9,26.7,26.6,26.5,26.5,26.4,26.3,26.3,25.9,26.0,25.7,25.8,25.8,25.9,26.0,25.9,25.9,25.9,25.8,25.9,25.9,25.9,25.8,25.9,26.0,25.9,25.9,25.9,25.9,25.9,25.8,25.9,25.8,25.8,25.8,25.9,25.8,26.0,25.9,25.9,25.8,26.0,26.2,26.1,25.8,26.2,26.2,26.3,26.9,27.9,29.2,29.9,30.3,30.5,30.5,30.5,30.5,30.5,30.6,30.4,30.4,30.2,30.2,30.2,30.1,30.1,30.1,29.8,29.0,27.8,27.1,26.4,26.4,26.4,26.7,27.2,26.9,27.2,27.6,27.5,26.8,26.4,26.3,26.3,26.4,26.6,26.5,26.6,26.7,26.6,26.8,26.7,26.8,26.8,26.9,26.8,26.9,26.9,26.8,26.8,26.8,26.7,26.8,26.9,26.9,26.9,26.8,26.9,26.8,26.8,26.8,26.9,26.8,26.8,26.8,26.8,26.8,26.7,27.0,26.8,27.0,26.8,26.8,26.8,26.8,26.6,26.6,26.9,26.9,26.7,26.7,26.6,26.7,26.7,26.8,26.8,26.7,26.7,26.8,26.7,26.8,26.7,26.6,26.8,26.6,26.7
58,26.8,26.6,26.8,26.6,26.6,26.8,26.7,26.8,26.9,26.8,26.8,26.6,26.9,26.8,26.8,26.8,26.8,26.8,26.9,27.0,26.8,27.0,27.0,27.0,27.1,27.1,27.1,27.1,27.1,27.2,27.3,27.9,28.1,27.6,27.3,27.3,27.1,27.5,27.6,27.5,27.0,26.9,26.6,26.5,26.3,26.2,26.4,26.3,26.3,26.2,26.3,26.1,26.1,26.3,26.0,26.0,26.0,25.9,25.9,25.8,25.8,26.0,25.8,25.9,25.9,25.8,26.0,26.0,25.9,25.9,25.9,25.9,26.0,25.8,25.8,25.8,25.7,25.8,25.9,25.8,25.9,25.9,25.9,25.8,25.9,25.9,26.0,26.0,26.0,26.1,25.8,26.0,26.1,26.5,27.2,27.8,29.1,30.0,30.3,30.5,30.4,30.5,30.5,30.6,30.3,30.5,30.3,30.1,30.3,30.4,30.2,30.1,30.3,29.9,29.0,27.7,27.1,26.6,26.4,26.1,26.2,26.3,26.4,26.6,26.5,26.3,26.2,26.3,26.1,26.1,26.4,26.5,26.6,26.6,26.6,26.8,26.7,26.8,26.7,26.7,26.8,26.7,26.9,26.8,26.8,26.9,26.7,26.7,26.8,27.0,26.7,26.8,26.7,26.8,26.9,26.9,27.0,26.8,26.7,26.9,26.9,26.7,26.8,26.7,26.8,26.8,26.7,26.8,26.7,26.8,26.8,26.5,26.8,26.8,26.8,26.9,26.8,26.9,26.7,26.7,26.9,26.7,26.7,26.9,26.7,26.6,26.7,26.7,27.0,26.8,26.8,26.6
59,26.7,26.7,26.9,26.8,26.7,26.8,26.9,26.8,26.9,26.9,26.8,27.0,26.8,26.8,26.8,26.9,27.1,26.8,26.7,26.9,27.1,27.2,27.4,27.3,27.6,27.6,27.5,27.7,27.6,27.6,27.7,28.1,28.3,28.3,28.0,27.8,27.5,27.5,27.7,27.6,27.5,27.5,27.3,26.8,26.2,26.1,26.1,26.0,26.0,25.9,26.0,26.0,26.1,26.1,26.0,25.8,25.9,25.9,26.0,25.9,25.9,25.9,26.0,25.9,25.9,25.9,26.0,25.9,25.8,25.9,25.9,25.9,25.9,25.9,25.9,25.9,25.8,25.8,25.8,25.9,25.8,25.9,25.8,25.9,25.8,25.8,26.1,25.9,25.8,25.8,26.0,26.1,26.1,26.5,27.0,27.9,29.2,30.0,30.3,30.2,30.5,30.4,30.3,30.3,30.4,30.4,30.3,30.2,30.5,30.5,30.3,30.2,30.2,29.9,28.9,27.9,27.1,26.5,26.1,25.9,26.0,25.9,26.0,25.9,26.0,25.9,25.9,26.0,26.1,26.3,26.4,26.5,26.6,26.8,26.7,26.7,26.8,26.5,26.8,26.8,26.8,26.8,26.9,26.8,26.8,26.8,26.9,26.8,26.8,27.1,27.0,26.8,26.9,26.9,26.8,26.8,26.8,26.8,27.0,27.0,27.0,26.7,26.8,26.8,27.0,26.8,26.6,26.8,26.9,26.8,26.8,26.8,27.0,26.6,26.9,26.8,26.9,26.6,26.8,26.9,26.7,26.7,27.0,26.9,26.8,26.7,27.0,26.7,26.8,26.7,26.8,26.7
60,26.8,26.7,26.8,26.6,26.8,26.7,26.8,26.9,26.7,26.9,27.0,26.8,26.9,26.9,26.8,26.9,26.9,26.9,27.0,26.8,27.0,27.4,27.8,27.9,28.0,28.3,28.2,28.3,28.4,28.4,28.4,28.6,28.7,28.7,28.6,28.5,28.0,27.7,27.2,27.4,27.5,27.5,27.5,26.9,26.4,26.0,26.1,26.0,26.0,26.0,26.0,25.9,26.1,26.0,25.9,25.9,26.0,25.9,25.9,25.8,26.0,25.9,25.8,25.8,25.9,25.8,25.8,25.9,25.8,25.7,25.8,25.8,25.7,25.9,25.8,25.8,25.8,25.9,25.6,25.8,25.7,25.9,25.8,26.0,25.9,25.7,25.9,25.8,25.9,25.9,25.9,26.1,26.1,26.7,27.0,27.9,29.0,29.9,30.1,30.3,30.3,30.2,30.2,30.3,30.4,30.4,30.4,30.1,30.3,30.3,30.2,30.2,30.2,29.8,28.9,27.7,26.9,26.5,26.1,25.8,25.8,25.8,25.7,25.7,25.9,25.7,25.7,25.7,25.8,26.1,26.3,26.5,26.5,26.7,26.5,26.6,26.7,26.6,26.9,26.8,26.8,26.7,26.9,26.9,26.8,26.8,26.8,26.8,26.7,27.0,26.8,26.8,26.8,26.8,27.0,26.9,26.8,26.7,26.8,26.8,26.8,26.8,26.9,26.8,26.7,26.7,26.8,26.8,26.8,26.8,26.8,26.7,26.9,26.7,26.7,26.6,26.7,26.8,27.0,26.6,26.7,26.7,26.8,26.9,26.8,26.8,26.6,26.7,26.6,26.8,26.6,26.7
61,26.8,26.7,26.8,26.7,26.8,26.8,26.8,26.9,26.8,26.9,26.8,26.7,26.8,26.8,26.8,26.7,26.9,26.9,26.7,27.0,27.3,27.5,28.0,28.5,28.7,28.7,28.8,28.6,28.8,28.7,28.7,28.8,28.7,28.9,29.1,28.8,28.4,28.0,27.5,27.5,27.3,27.5,27.2,26.6,26.1,26.0,26.1,25.9,25.8,26.0,26.1,25.9,25.9,25.9,26.0,26.0,26.0,26.0,25.9,25.6,25.8,26.1,25.8,25.8,25.9,25.9,25.7,26.1,25.8,25.8,25.8,26.0,25.9,25.9,25.7,25.6,25.9,25.8,25.8,25.8,25.9,25.9,25.9,25.9,25.8,25.8,25.7,25.8,26.0,25.8,25.8,26.1,26.0,26.3,26.8,27.7,29.1,30.0,30.1,30.2,30.2,30.3,30.3,30.4,30.1,30.3,30.3,30.3,30.3,30.3,30.3,30.1,30.0,29.6,28.9,27.7,27.0,26.5,26.2,26.0,25.7,25.8,26.0,26.0,25.9,25.6,25.9,25.8,25.9,26.0,26.4,26.4,26.5,26.5,26.7,26.8,26.7,26.8,26.8,26.7,26.8,26.9,26.8,26.9,26.8,26.8,26.9,26.8,26.9,26.9,26.8,26.8,26.9,26.8,26.8,26.9,26.9,26.8,26.8,26.9,26.9,26.8,26.9,26.9,26.9,27.0,26.8,26.8,26.9,26.9,26.8,26.7,26.8,26.8,27.0,26.8,26.9,26.9,26.8,26.7,26.8,26.8,26.8,26.7,26.8,26.8,26.8,26.7,26.7,26.9,26.7,26.8
62,26.8,26.9,26.7,26.8,26.8,26.8,26.7,26.8,26.8,26.7,26.9,26.8,26.8,26.7,26.8,26.9,26.9,26.9,26.8,27.0,27.2,27.5,28.0,28.7,28.9,28.9,28.8,28.5,28.7,28.4,28.5,28.5,28.6,28.7,28.8,28.9,28.7,28.4,27.9,27.9,27.5,27.2,26.7,26.2,26.0,26.2,26.0,25.8,25.9,25.9,25.9,25.9,25.8,25.9,25.8,25.8,26.1,25.9,25.8,25.9,25.8,26.0,25.8,25.9,25.7,25.9,25.9,25.9,25.9,25.7,25.8,25.8,25.9,25.8,25.7,25.9,25.8,25.8,25.8,25.7,25.7,25.9,25.8,25.8,25.8,25.8,25.9,25.7,25.8,25.8,25.8,26.0,26.1,26.4,26.9,27.8,28.8,29.9,30.1,30.2,30.4,30.3,30.4,30.3,30.2,30.3,30.2,30.3,30.3,30.3,30.4,30.2,30.0,29.8,29.1,27.9,27.0,26.4,26.1,25.8,25.8,25.7,25.9,26.0,25.8,25.6,25.6,25.8,25.9,26.1,26.3,26.6,26.4,26.5,26.5,26.7,26.8,26.6,26.8,26.8,26.7,27.0,26.8,26.8,26.7,26.8,26.8,26.8,26.9,26.8,26.9,26.8,26.8,26.8,26.9,26.9,26.9,27.0,26.8,26.9,26.8,26.8,27.0,26.8,26.9,27.0,26.9,26.9,26.7,26.9,26.8,26.8,26.8,26.7,26.8,26.8,26.8,26.9,26.8,26.8,26.8,26.9,26.6,26.8,26.7,26.7,26.8,26.7,26.9,26.8,26.6,26.6
63,26.8,26.9,26.9,26.8,26.9,26.9,26.9,26.9,26.8,26.8,26.8,27.0,26.9,26.8,27.0,27.0,26.9,26.9,27.0,26.9,27.2,27.7,28.2,28.7,29.1,29.0,28.6,28.4,28.4,28.2,28.1,28.0,28.2,28.3,28.5,28.9,28.9,29.0,28.8,28.5,28.1,27.1,26.5,26.1,26.1,25.9,26.0,25.9,25.8,26.1,26.1,25.9,25.9,25.9,25.9,25.8,26.1,25.9,26.0,25.9,26.0,25.9,26.0,26.1,25.9,25.8,25.8,25.9,25.9,25.8,25.8,25.8,25.8,25.7,25.9,25.8,25.8,25.7,25.8,25.9,25.9,25.8,25.8,25.8,25.8,25.8,25.8,25.8,25.9,25.9,25.9,26.0,26.1,26.5,26.7,27.5,28.8,29.7,30.2,30.3,30.4,30.5,30.4,30.5,30.4,30.4,30.2,30.2,30.3,30.3,30.3,30.0,30.1,30.0,29.1,27.8,27.0,26.4,26.2,25.9,25.7,25.8,25.7,26.0,25.6,25.6,25.6,25.9,25.8,26.1,26.2,26.4,26.5,26.6,26.6,26.7,26.7,26.6,26.8,26.7,26.8,26.8,26.8,26.8,26.8,27.0,26.8,26.9,26.8,27.0,26.9,26.7,26.7,27.0,26.9,26.9,27.0,26.7,26.9,26.9,27.0,26.9,26.9,26.9,27.0,26.9,26.9,26.9,27.0,26.8,26.8,26.8,26.8,26.9,26.9,26.8,26.9,26.8,26.8,26.7,26.7,26.8,26.9,26.6,26.7,26.6,26.6,26.8,26.9,26.6,26.7,26.8
64,26.8,26.8,26.5,26.7,26.8,26.8,26.8,26.9,26.9,26.9,27.0,27.0,27.0,26.8,26.9,26.9,26.9,26.9,26.9,27.1,27.1,27.8,28.1,28.9,29.1,29.0,28.9,28.8,28.6,28.2,28.0,27.7,27.5,27.7,28.1,28.6,29.1,29.0,28.9,28.8,28.1,27.3,26.5,26.0,25.9,25.9,26.0,26.0,25.9,26.1,26.1,26.0,25.8,25.8,26.0,26.0,25.9,26.0,25.9,26.0,26.0,26.1,26.1,26.0,25.9,25.9,25.8,25.9,26.0,25.9,25.8,25.9,25.8,25.8,25.8,25.9,25.8,25.8,25.8,25.8,25.7,25.8,25.7,25.7,25.8,25.9,25.8,25.8,25.9,25.7,25.8,26.0,26.2,26.4,26.7,27.7,28.7,29.8,29.9,30.1,30.2,30.4,30.3,30.5,30.1,30.2,30.3,30.1,30.2,30.2,30.2,30.0,29.9,29.8,28.9,27.9,27.0,26.5,26.1,25.8,25.8,25.7,25.8,25.8,25.6,25.6,25.8,25.7,25.9,26.1,26.4,26.3,26.6,26.6,26.5,26.8,26.7,26.8,26.7,26.8,26.9,26.8,26.8,26.9,26.9,27.0,26.9,26.8,27.0,26.9,27.0,26.9,26.8,26.8,27.0,26.9,26.8,26.9,26.7,26.9,27.0,26.7,26.9,26.7,27.0,26.9,26.9,26.8,27.0,26.8,26.7,26.8,26.9,26.9,26.7,26.8,27.0,26.8,26.7,26.7,26.7,26.7,26.7,26.7,26.7,26.8,26.5,26.9,26.8,26.8,26.6,26.8
65,26.8,26.8,26.7,26.9,26.9,26.8,26.8,26.8,26.8,26.8,26.8,26.9,26.9,26.9,27.0,26.9,27.0,27.0,26.8,27.0,27.4,27.7,28.2,28.7,29.1,29.1,28.8,28.8,28.8,28.8,28.4,28.2,27.9,27.9,28.0,28.6,29.0,29.1,28.9,28.6,28.2,27.5,26.5,26.0,25.9,26.0,26.1,25.9,25.9,26.1,25.9,25.8,25.8,26.1,25.9,25.9,26.1,25.9,26.1,25.9,25.9,25.9,25.9,26.0,25.9,25.9,25.8,25.9,25.8,25.8,25.8,25.8,25.9,25.8,25.9,25.8,25.8,25.7,25.8,25.8,25.7,26.0,25.7,25.7,25.8,25.7,25.8,25.9,25.7,25.7,25.9,26.0,26.1,26.4,26.7,27.6,28.7,29.4,29.9,30.0,30.1,30.3,30.3,30.1,30.2,30.1,30.3,30.2,30.3,30.1,29.9,30.1,30.0,29.8,29.0,27.9,27.0,26.4,26.2,25.8,25.6,25.9,25.8,25.7,25.8,25.6,25.7,25.8,26.0,26.1,26.3,26.4,26.5,26.7,26.5,26.6,26.7,26.8,26.9,26.8,26.6,27.0,27.0,27.0,26.9,27.0,26.9,27.0,26.8,27.0,27.0,27.0,26.8,26.9,26.9,27.0,26.9,26.8,26.9,26.9,26.8,26.8,26.8,26.9,27.0,26.9,26.8,26.8,26.6,26.9,27.1,26.9,26.8,26.9,26.9,27.0,26.9,26.8,26.9,26.7,26.8,26.8,26.8,26.8,26.9,26.8,26.7,26.8,27.0,26.6,26.8,26.6
66,26.9,26.9,26.8,26.8,27.0,27.0,26.9,26.8,26.8,27.0,27.0,26.8,26.9,26.8,26.9,27.1,27.0,27.0,27.0,26.9,27.2,27.7,28.3,28.7,29.1,28.9,28.9,28.8,28.7,28.7,28.7,28.7,28.4,28.1,28.3,28.9,29.0,29.2,29.0,28.7,28.1,27.4,26.5,26.1,26.2,26.1,26.0,26.1,26.0,26.0,26.0,25.8,25.8,26.0,25.9,25.9,25.8,25.9,26.0,25.9,26.0,25.9,25.9,25.9,26.0,26.0,25.9,26.0,25.8,26.1,26.1,25.9,25.8,25.8,25.8,25.9,25.8,25.8,25.8,25.8,26.0,25.9,25.8,25.9,25.8,26.0,25.9,25.8,25.8,25.9,25.9,25.9,26.2,26.4,26.7,27.4,28.4,29.2,29.4,29.8,29.8,29.7,29.9,30.0,29.9,29.9,29.8,29.9,29.8,29.7,29.8,29.8,29.6,29.5,28.9,27.8,26.9,26.4,26.2,26.0,25.7,25.7,25.7,25.9,25.7,25.6,25.8,25.8,25.9,26.1,26.3,26.4,26.6,26.6,26.5,26.8,26.8,26.7,26.8,26.9,26.8,26.9,27.0,26.8,26.9,27.0,26.8,26.8,26.8,27.0,26.9,26.9,26.8,26.9,27.2,26.9,26.8,26.8,26.9,26.8,26.7,26.9,27.0,27.0,27.0,27.0,27.0,26.8,26.9,26.9,26.7,26.9,26.8,26.8,27.0,26.8,26.7,26.7,26.9,26.9,26.9,27.0,26.9,26.9,27.0,26.7,26.7,26.7,26.8,26.8,26.7,26.6
67,26.9,26.8,26.9,26.9,26.9,26.9,26.8,27.0,26.8,27.0,27.0,26.8,27.0,26.9,26.8,26.9,27.0,26.9,27.0,27.0,27.2,27.8,28.3,28.9,29.1,29.1,28.9,28.5,28.4,28.3,28.4,28.5,28.6,28.6,28.8,29.2,29.2,29.1,28.9,28.6,28.1,27.4,26.5,26.2,26.1,26.3,26.1,26.0,25.9,26.0,26.0,25.9,25.7,25.9,25.9,25.9,25.9,26.0,25.8,25.8,25.9,25.8,26.1,25.9,25.9,26.0,25.9,25.8,25.8,25.9,25.8,25.8,25.8,25.8,25.8,25.8,26.0,25.9,25.9,25.9,25.7,25.8,25.8,25.8,25.9,25.9,25.7,25.8,25.8,26.0,25.8,26.1,26.0,26.3,26.5,27.2,27.9,28.5,28.8,28.9,29.1,29.3,29.1,29.3,29.2,29.2,29.0,29.0,29.1,29.0,29.1,29.1,29.1,28.7,28.3,27.3,26.8,26.5,26.1,25.9,25.6,25.7,25.9,25.7,25.7,25.7,25.6,25.8,25.8,25.9,26.3,26.5,26.5,26.6,26.6,26.8,26.8,26.7,26.7,27.0,26.6,26.9,26.8,27.0,27.0,26.8,26.7,26.7,26.9,26.8,27.0,26.8,27.0,26.8,27.0,26.9,26.9,26.9,26.9,26.9,26.8,27.0,26.8,26.9,26.9,26.7,26.7,26.8,26.9,26.8,26.9,26.8,26.9,26.8,26.9,26.7,26.6,26.7,26.9,26.8,26.9,26.8,26.9,26.8,26.8,26.5,26.8,26.8,26.9,26.7,26.7,26.6
68,27.1,26.8,26.8,26.9,26.9,26.9,26.9,26.9,26.9,26.9,26.9,27.1,27.0,26.8,27.0,27.0,27.0,27.1,27.0,27.2,27.5,27.7,28.4,29.0,29.0,29.3,28.9,28.8,28.8,28.9,28.8,29.0,29.0,29.2,29.3,29.0,29.3,29.1,29.1,28.8,28.0,27.3,26.6,26.3,26.3,26.2,26.3,26.0,26.0,25.9,26.0,26.1,25.8,25.9,26.0,25.8,25.9,26.0,26.0,26.0,25.9,26.0,26.0,25.9,25.9,25.9,26.0,25.9,25.9,25.8,25.8,25.9,25.7,25.9,25.8,25.8,25.8,25.8,25.6,25.9,25.8,25.8,25.8,25.9,25.8,25.8,25.8,25.8,26.0,25.8,25.8,25.9,26.1,26.1,26.4,26.8,27.4,27.9,28.1,28.3,28.2,28.3,28.3,28.4,28.3,28.2,28.2,28.3,28.2,28.1,28.1,28.1,28.2,27.8,27.5,27.0,26.5,26.3,26.1,25.8,25.8,25.6,25.7,25.6,25.7,25.6,25.6,25.6,25.8,25.9,26.0,26.4,26.4,26.6,26.6,26.8,26.7,26.7,26.7,26.7,26.9,26.8,27.0,26.7,26.8,27.0,26.9,26.9,27.0,27.0,26.8,27.0,27.2,26.8,26.9,26.9,26.9,26.8,27.0,26.8,27.0,26.8,26.9,26.9,27.0,26.8,26.9,26.8,26.9,26.6,26.7,26.9,26.8,26.7,26.9,26.7,26.8,26.7,26.8,26.7,26.8,26.8,26.8,26.8,26.8,26.7,26.8,26.9,26.8,26.8,26.8,26.8
69,26.8,26.9,26.8,26.7,26.8,27.2,26.9,26.9,26.9,26.9,27.0,26.9,27.0,26.9,26.8,27.2,27.0,27.1,26.9,27.0,27.3,27.7,28.4,28.9,29.2,29.1,29.2,29.1,29.1,29.3,29.1,29.3,29.1,29.0,29.1,29.2,29.2,29.1,28.9,28.7,28.1,27.4,26.6,26.3,26.1,26.2,26.1,26.1,26.0,26.0,26.0,25.8,25.9,26.0,26.0,25.9,25.9,26.0,26.0,25.8,26.0,25.8,25.9,25.8,25.9,26.0,25.9,26.1,25.7,25.8,25.8,25.7,25.8,26.0,25.9,25.9,25.7,25.8,25.8,25.8,25.8,25.8,25.7,25.7,25.9,25.8,25.9,25.9,26.0,25.8,25.9,25.9,26.0,26.1,26.1,26.3,26.8,27.0,27.1,27.0,27.1,27.2,27.1,27.1,27.2,27.1,27.1,27.0,26.9,26.9,26.9,27.0,27.0,26.9,26.7,26.4,26.2,26.1,26.0,25.9,25.8,25.6,25.8,25.8,25.7,25.6,25.7,25.7,25.7,26.1,26.1,26.4,26.4,26.4,26.5,26.6,26.6,26.6,26.8,26.8,26.9,26.9,26.9,26.7,26.9,26.9,26.9,26.9,26.8,26.8,26.9,27.0,26.8,26.9,27.0,27.0,26.9,26.8,27.1,26.8,27.0,26.9,26.9,26.8,27.1,26.9,26.9,27.0,26.8,26.8,26.9,26.9,26.7,26.8,26.9,26.8,26.9,26.8,26.9,26.8,26.8,27.0,26.7,26.8,26.8,26.7,26.8,26.8,26.9,26.7,26.8,26.6
70,26.9,26.7,26.8,26.8,26.8,26.8,26.8,26.9,27.1,27.0,27.0,26.8,26.9,27.0,26.8,27.0,26.9,26.9,26.9,27.0,27.4,27.7,28.4,28.8,29.2,29.3,29.2,29.1,29.3,29.0,29.4,29.2,29.3,29.3,29.2,29.3,29.1,29.1,28.9,28.7,28.1,27.3,26.6,26.3,26.2,26.2,26.2,26.2,25.9,25.8,25.9,26.0,25.8,25.9,26.0,26.0,25.9,25.8,25.8,26.0,25.8,26.0,25.8,25.9,25.8,25.8,26.0,25.9,25.7,25.7,25.8,25.9,25.7,25.8,26.0,25.8,25.8,25.8,25.6,25.6,25.7,25.8,25.8,25.8,25.7,25.7,25.7,25.8,25.9,25.8,25.7,25.9,25.8,25.8,26.1,26.2,26.1,26.5,26.7,26.6,26.6,26.7,26.6,26.6,26.6,26.7,26.5,26.5,26.6,26.4,26.4,26.6,26.5,26.4,26.4,26.2,26.2,26.1,26.1,25.9,25.7,25.6,25.8,25.8,25.7,25.6,25.5,25.8,25.8,25.9,26.1,26.2,26.4,26.5,26.6,26.6,26.6,26.8,26.8,26.7,26.8,26.9,26.8,26.8,26.8,26.9,26.9,27.0,26.8,26.9,26.9,26.8,26.8,26.9,27.0,26.8,26.8,26.9,27.0,27.0,27.1,26.9,26.8,26.8,26.8,26.8,27.0,26.7,26.9,26.9,26.9,26.8,26.8,26.9,26.8,26.8,26.8,26.9,26.8,26.8,26.8,26.7,26.7,26.6,26.9,26.7,26.8,26.8,26.9,26.7,26.7,26.8
71,27.0,26.8,26.9,26.8,26.9,26.9,27.0,27.0,27.0,27.0,27.0,26.9,27.1,26.8,27.0,27.0,27.0,26.9,27.0,27.1,27.5,27.9,28.5,29.0,29.3,29.3,29.3,29.4,29.4,29.2,29.3,29.2,29.3,29.2,29.2,29.1,29.3,29.1,28.9,28.5,28.0,27.4,26.6,26.2,26.3,26.3,26.2,25.8,26.0,25.8,25.9,26.0,26.0,25.7,25.9,26.0,25.7,26.0,25.9,25.9,25.9,25.8,25.8,25.7,25.7,25.9,25.7,25.8,25.9,25.9,25.8,25.8,25.9,25.9,25.9,26.0,25.6,25.9,25.7,25.8,25.8,25.8,25.7,25.8,25.8,25.8,25.8,25.8,25.8,26.0,25.8,25.9,25.8,25.9,25.8,25.9,26.1,26.2,26.5,26.5,26.4,26.5,26.6,26.4,26.3,26.2,26.4,26.4,26.4,26.5,26.3,26.2,26.3,26.1,26.3,26.0,26.1,26.2,26.1,25.8,25.7,25.8,25.8,25.6,25.4,25.6,25.7,25.8,25.8,25.9,26.2,26.2,26.5,26.6,26.7,26.6,26.7,26.7,26.8,26.7,26.9,26.8,26.9,26.8,26.8,27.0,26.9,26.9,26.8,26.9,26.9,27.0,27.0,26.8,26.9,26.9,27.0,26.8,26.8,26.9,26.9,26.9,26.9,26.9,26.8,26.8,26.7,26.9,26.9,26.9,26.8,26.7,26.8,26.8,26.7,26.8,26.8,26.8,27.1,26.9,26.7,26.8,26.8,26.9,26.7,26.7,26.7,26.7,26.9,26.8,26.9,26.7
72,26.8,26.7,26.7,26.9,26.9,26.8,27.0,26.9,26.8,26.9,27.0,27.2,27.0,27.1,26.9,27.0,26.8,27.0,26.9,27.1,27.3,27.9,28.6,28.9,29.1,29.3,29.2,29.3,29.3,29.3,29.3,29.5,29.1,29.3,29.3,29.2,29.1,29.1,29.1,28.7,28.2,27.2,26.6,26.2,26.1,26.3,26.3,26.0,25.9,25.9,25.9,25.9,26.0,25.9,25.9,25.9,25.8,25.8,26.1,26.1,25.8,25.9,25.8,25.8,25.8,25.7,25.8,25.8,25.9,25.8,25.9,25.8,25.9,25.8,25.8,25.8,25.9,25.8,25.9,25.8,25.8,25.8,25.8,25.7,25.6,25.8,25.9,25.8,26.0,25.7,25.8,26.0,25.8,25.9,25.9,25.8,26.0,26.0,26.1,26.3,26.2,26.0,26.0,26.2,26.1,26.4,26.3,26.5,26.4,26.3,26.2,26.1,26.2,26.0,26.1,26.3,26.3,26.2,26.1,26.0,25.7,25.7,25.6,25.7,25.8,25.5,25.4,25.6,25.7,25.8,26.0,26.2,26.3,26.5,26.4,26.7,26.7,26.5,26.8,26.6,26.7,26.9,26.9,26.9,26.9,26.9,26.9,26.8,26.8,26.9,26.9,27.0,26.8,26.9,26.8,26.9,26.9,26.9,26.9,26.9,26.9,26.8,26.9,26.8,27.0,26.8,26.9,26.9,26.9,26.9,26.7,26.6,26.8,26.7,26.8,26.7,26.9,26.8,26.8,26.8,26.9,26.8,26.9,26.7,26.8,26.8,26.8,26.8,26.7,26.7,26.6,26.8
73,26.8,27.0,27.0,27.1,26.9,26.9,27.0,27.0,27.1,26.9,27.0,27.0,27.0,27.1,26.9,27.0,27.1,27.0,27.0,27.1,27.5,27.9,28.4,28.9,29.1,29.2,29.3,29.3,29.3,29.3,29.2,29.2,29.2,29.3,29.2,29.3,29.2,29.0,28.7,28.5,28.1,27.2,26.5,26.4,26.4,26.1,26.1,26.1,25.9,25.8,26.1,25.9,25.7,25.8,25.9,25.9,26.0,25.8,25.9,26.0,25.9,25.8,25.8,25.7,25.8,25.8,25.8,25.8,25.8,25.9,25.8,25.7,25.8,25.7,25.9,25.7,25.8,25.6,25.8,25.7,26.0,25.8,25.7,26.0,25.8,25.9,25.8,25.9,25.8,25.9,25.7,25.9,25.8,25.8,25.8,25.7,25.9,25.9,26.0,26.1,26.1,25.9,26.0,26.2,26.3,26.5,26.6,26.7,26.6,26.5,26.4,26.2,26.0,26.1,26.1,26.2,26.5,26.4,26.3,25.8,25.7,25.6,25.6,25.7,25.7,25.4,25.6,25.7,25.7,25.9,26.1,26.2,26.3,26.5,26.5,26.7,26.6,26.5,26.8,26.8,27.0,26.8,26.7,26.7,27.0,27.0,26.8,26.8,26.9,26.8,26.8,26.7,26.8,26.8,26.9,26.9,26.9,27.1,26.9,26.9,26.9,26.8,26.7,26.9,26.7,27.0,26.8,26.9,26.9,26.9,26.7,26.8,26.9,26.8,26.7,26.7,26.8,27.0,26.8,26.9,26.7,26.8,26.9,26.7,26.8,26.8,26.6,26.7,26.7,26.7,26.8,26.7
74,27.0,27.0,26.9,26.9,26.8,27.0,26.9,27.1,27.0,26.8,27.1,26.9,27.0,27.0,27.1,27.1,26.9,27.0,27.2,27.2,27.5,27.9,28.6,29.0,29.1,29.1,29.1,29.1,29.3,29.1,29.2,29.3,29.3,29.2,29.2,29.1,29.3,29.2,28.9,28.7,28.1,27.2,26.5,26.3,26.3,26.3,26.2,26.0,26.0,25.9,26.0,26.0,26.0,26.0,26.0,26.0,25.8,26.1,25.9,25.8,26.1,25.8,25.8,25.8,25.8,25.8,25.8,25.7,25.8,25.7,25.8,25.9,26.0,25.9,25.9,25.9,25.7,25.7,25.7,25.7,25.8,25.7,25.9,25.8,25.8,25.9,25.8,25.9,25.9,25.8,25.7,26.0,25.8,25.8,25.9,25.7,26.0,25.9,26.0,26.2,26.1,26.0,26.2,26.5,26.8,27.0,27.2,27.2,27.2,27.2,26.8,26.5,26.1,26.1,26.3,26.3,26.5,26.5,26.3,26.1,25.6,25.7,25.8,25.7,25.8,25.8,25.7,25.6,25.9,25.9,26.1,26.3,26.3,26.7,26.4,26.8,26.7,26.7,26.9,26.6,27.0,27.0,26.8,27.0,27.0,27.0,27.0,26.9,26.8,27.0,27.0,27.0,27.0,26.9,27.0,26.9,26.9,26.8,27.0,26.9,27.0,26.9,26.9,26.8,26.9,26.8,26.7,26.8,27.0,27.0,26.9,27.0,26.8,26.8,27.0,26.9,26.9,26.8,26.8,26.8,26.7,26.7,26.8,26.8,26.8,26.8,26.7,26.8,26.8,26.7,26.8,26.8
75,27.0,26.8,26.9,26.8,26.9,27.1,27.0,26.9,27.0,27.1,27.1,27.0,27.0,27.0,27.0,27.1,27.0,27.0,27.1,27.1,27.6,28.0,28.7,29.0,29.1,29.0,29.0,28.9,28.9,28.7,28.7,28.8,29.0,29.1,29.2,29.1,29.0,29.1,29.0,28.7,28.0,27.3,26.5,26.4,26.2,26.2,25.9,26.0,25.9,25.8,25.8,25.8,25.8,25.9,25.8,25.8,25.9,25.8,25.9,26.1,25.9,25.8,26.0,25.8,25.8,25.9,25.7,25.8,25.6,25.7,25.7,25.7,25.8,25.8,25.7,25.8,25.8,25.8,25.7,25.8,25.9,25.8,25.8,25.8,25.7,25.8,25.8,25.8,25.7,25.9,25.7,25.8,25.7,25.8,25.8,25.8,25.8,25.8,25.8,25.8,25.8,26.1,26.2,26.8,27.2,27.5,27.8,27.7,27.8,27.7,27.3,27.0,26.5,26.3,26.3,26.2,26.3,26.4,26.0,25.7,25.7,25.7,25.6,25.8,25.5,25.5,25.5,25.8,25.8,26.0,25.9,26.3,26.5,26.5,26.5,26.5,26.6,26.7,26.6,26.7,26.7,26.8,26.8,26.8,26.9,26.9,26.9,26.9,26.9,26.9,26.8,26.9,27.0,26.8,26.9,27.0,27.0,26.8,27.0,27.0,26.9,26.8,27.0,26.9,27.0,27.0,27.0,27.0,27.0,26.8,26.9,26.6,26.9,26.8,26.8,26.8,26.7,26.9,26.8,26.8,26.8,26.8,26.6,26.8,26.7,26.7,26.7,26.7,26.8,26.8,26.8,26.7
76,26.9,27.0,27.0,27.0,27.1,27.0,27.0,27.2,27.0,27.0,27.0,27.1,26.9,27.1,27.0,26.9,27.2,27.0,27.2,27.3,27.5,27.9,28.7,28.9,29.1,28.8,28.6,28.4,28.4,28.4,28.3,28.2,28.3,28.7,29.0,29.1,29.2,29.1,29.0,28.5,28.1,27.4,26.6,26.4,26.3,26.2,26.1,26.0,25.8,25.8,25.9,26.0,26.0,26.0,25.8,25.8,26.0,26.0,26.0,25.9,26.0,26.0,25.9,25.9,25.7,25.8,25.9,25.9,26.0,25.7,25.8,25.6,25.9,25.8,25.8,25.7,25.8,25.9,25.7,25.8,25.7,25.7,25.8,25.8,25.8,25.8,25.8,25.9,25.8,25.8,25.7,25.9,25.8,26.0,25.9,25.9,26.0,25.7,25.8,25.6,25.9,26.1,26.5,27.1,27.7,28.0,27.8,27.6,27.9,28.1,27.8,27.4,26.9,26.3,26.3,26.3,26.4,26.4,26.1,26.1,25.7,25.6,25.7,25.9,25.6,25.7,25.5,25.8,25.9,25.9,25.9,26.3,26.5,26.6,26.4,26.8,26.6,26.8,26.8,26.7,26.7,26.7,26.8,26.7,26.9,27.0,27.0,26.8,26.8,27.0,26.9,27.0,26.9,26.9,26.8,26.9,26.8,27.0,26.8,26.9,26.9,27.0,27.0,26.7,26.9,26.9,26.9,26.9,26.8,26.9,26.8,26.9,26.9,26.8,27.0,26.8,26.9,26.7,26.8,26.8,26.9,26.8,26.8,26.9,26.8,26.6,26.8,26.7,26.8,26.8,26.7,26.7
77,26.9,27.0,26.9,27.0,27.1,27.0,27.1,27.0,26.9,27.0,27.0,27.2,27.1,27.2,27.0,27.2,27.0,27.1,27.2,27.2,27.7,28.0,28.7,28.9,29.1,29.0,28.7,28.5,28.1,28.1,27.9,27.7,27.8,28.1,28.6,28.9,29.1,29.3,28.9,28.6,28.1,27.4,26.4,26.3,26.3,26.2,26.2,25.9,25.9,25.9,25.9,25.9,25.9,26.0,25.9,25.9,25.9,26.0,25.8,25.9,26.0,25.9,25.9,25.8,25.8,26.0,25.9,25.8,25.8,25.9,25.8,25.9,25.6,25.8,25.7,25.6,25.8,25.7,25.7,25.8,25.8,25.7,25.8,25.9,25.8,25.9,25.9,25.8,25.8,25.9,25.8,25.8,25.8,25.9,25.8,25.9,25.8,25.8,25.9,25.8,26.0,26.2,26.8,27.5,27.9,27.7,27.1,26.9,27.2,27.8,28.1,27.6,26.8,26.4,26.1,26.0,26.0,26.1,25.9,25.8,25.6,25.6,25.6,25.5,25.6,25.6,25.8,25.5,25.7,25.9,26.0,26.2,26.4,26.4,26.6,26.5,26.7,26.6,26.6,26.7,26.7,26.9,26.7,26.9,26.8,27.0,26.9,26.8,27.0,26.9,27.0,27.0,26.8,26.9,27.1,27.0,26.8,27.0,26.9,27.1,26.8,26.9,26.9,26.8,26.9,26.8,27.1,26.8,26.9,26.8,26.9,26.8,26.9,26.8,27.0,26.9,26.7,26.7,27.0,26.7,26.9,26.7,26.8,26.8,26.8,26.9,26.6,26.8,26.8,26.6,26.8,26.7
78,26.8,27.0,26.9,27.0,26.7,26.9,27.0,27.2,27.1,27.1,27.1,27.0,27.0,26.9,27.0,26.9,26.9,27.2,27.1,27.3,27.7,28.1,28.6,29.0,29.1,29.0,29.0,28.7,28.7,28.5,28.1,27.9,27.9,27.8,28.2,28.9,29.1,29.2,28.9,28.5,28.0,27.2,26.6,26.3,26.4,26.3,26.3,26.0,25.9,25.7,25.9,25.8,25.8,26.1,25.9,25.8,25.9,25.9,25.9,26.0,25.9,25.7,25.8,25.8,25.7,25.7,25.8,25.8,25.7,25.8,25.6,25.9,25.9,25.9,25.8,26.0,25.8,25.8,25.8,25.7,25.8,25.7,25.6,25.9,25.7,25.8,25.6,25.8,25.9,25.8,25.9,25.8,25.8,25.7,25.8,25.7,25.8,25.6,25.7,25.9,25.9,26.1,27.1,27.7,27.7,27.3,26.8,26.7,26.8,27.5,28.1,27.9,27.1,26.3,26.1,25.9,25.9,25.9,25.9,25.7,25.7,25.7,25.6,25.7,25.8,25.6,25.8,25.8,25.8,25.9,26.1,26.2,26.4,26.4,26.5,26.7,26.4,26.7,26.8,26.7,26.8,26.8,26.8,26.8,27.0,26.8,26.9,26.8,26.8,26.8,27.0,26.9,27.0,26.8,26.9,26.9,26.8,27.0,27.1,26.9,26.9,26.8,26.9,26.8,26.9,26.6,26.9,26.8,26.8,27.0,26.9,26.8,26.8,26.7,26.8,26.9,26.9,26.8,26.7,26.8,26.8,26.7,26.8,26.9,26.8,26.8,26.8,26.8,26.9,26.6,26.8,26.7
79,27.0,26.9,27.0,26.9,27.1,27.0,27.0,27.0,27.2,27.1,27.0,27.1,26.9,27.0,26.9,27.1,27.0,27.0,27.1,27.3,27.6,28.2,28.5,28.8,29.0,28.9,28.8,28.7,28.5,28.6,28.4,28.3,28.3,28.2,28.5,28.8,29.0,29.1,28.9,28.6,28.1,27.1,26.4,26.1,26.3,26.2,26.1,25.8,26.0,26.0,25.8,26.0,25.8,26.0,25.9,25.9,25.8,25.8,25.8,25.8,25.9,26.0,25.8,25.9,25.8,25.8,25.8,25.9,25.7,25.8,25.8,25.9,25.7,25.7,25.8,25.7,25.7,25.6,25.8,25.8,25.7,25.6,25.8,25.9,25.8,25.8,25.8,25.7,25.8,25.8,25.8,26.0,25.7,25.9,25.7,25.8,25.9,25.7,25.8,25.7,26.1,26.2,26.7,27.6,27.7,27.4,26.8,26.7,26.8,27.5,28.1,27.7,27.1,26.3,25.9,25.8,26.0,25.9,25.6,25.7,25.7,25.7,25.8,25.7,25.6,25.5,25.4,25.7,25.9,25.9,26.1,26.3,26.4,26.5,26.5,26.6,26.7,26.6,26.9,26.7,26.6,26.8,26.8,26.9,26.7,27.0,26.9,26.6,26.8,26.9,26.9,26.9,26.8,26.8,26.7,26.7,26.8,26.9,26.9,26.8,26.8,26.8,26.8,26.8,26.9,26.8,27.0,27.0,26.9,26.8,26.9,26.9,26.8,26.8,26.8,26.6,26.8,26.8,26.7,26.7,26.8,26.8,26.7,26.8,26.9,26.8,26.9,26.7,26.8,26.8,26.7,26.8
80,26.9,27.0,27.0,27.0,27.0,27.1,26.9,26.9,27.2,27.0,27.0,26.9,26.9,27.1,26.8,27.2,27.0,27.0,27.0,27.4,27.6,28.1,28.8,29.0,29.0,28.7,28.7,28.5,28.4,28.2,28.4,28.4,28.4,28.5,28.7,28.7,28.8,28.9,28.7,28.5,28.1,27.3,26.7,26.2,26.2,26.3,26.3,25.9,25.9,25.9,25.8,25.8,25.9,25.9,26.0,25.9,26.0,25.9,25.8,25.8,25.7,26.0,25.7,25.8,25.9,25.8,25.6,25.8,25.8,25.8,25.9,25.7,25.9,25.8,25.9,25.8,25.8,25.8,25.8,25.7,25.7,25.7,25.8,25.8,25.6,25.8,25.7,25.7,25.8,25.8,25.8,25.8,25.9,25.8,25.7,25.7,25.7,25.8,25.9,25.7,25.6,25.9,26.7,27.4,27.8,27.6,27.3,27.2,27.2,27.6,27.8,27.6,26.8,26.3,26.0,26.1,25.7,25.9,25.7,25.8,25.6,25.5,25.7,25.8,25.7,25.6,25.5,25.6,25.8,26.0,26.1,26.1,26.2,26.3,26.4,26.6,26.7,26.7,26.8,26.7,26.8,26.8,26.9,26.7,26.8,26.9,26.8,26.6,26.8,27.0,26.9,26.9,26.8,27.1,26.9,26.8,27.0,26.8,27.0,26.9,26.9,26.8,26.9,26.9,27.0,26.9,26.8,27.0,26.7,26.7,26.9,26.7,26.8,26.8,26.8,26.8,26.9,26.9,26.8,26.7,26.7,26.7,26.7,26.6,26.8,26.7,26.7,26.8,26.7,26.6,26.7,26.7
81,27.0,27.0,27.0,26.9,27.1,26.9,27.0,27.0,27.1,27.1,27.1,27.0,27.0,27.1,27.0,27.2,27.2,26.9,27.0,27.2,27.6,28.2,28.7,28.8,29.0,28.9,28.5,28.6,28.6,28.6,28.7,28.7,28.7,28.9,28.8,28.5,28.6,28.3,28.3,28.3,28.1,27.6,27.1,26.4,26.1,26.1,26.0,25.8,25.8,25.9,25.8,25.8,25.9,25.9,25.8,25.6,25.6,25.9,25.9,25.9,25.9,25.8,25.8,25.8,25.7,25.8,25.7,25.8,25.8,25.8,25.6,25.7,25.8,25.7,25.8,25.8,25.8,25.8,25.7,25.7,25.4,25.7,25.8,25.8,25.7,25.6,25.6,25.8,25.8,25.7,25.7,25.8,25.8,25.6,25.6,25.7,25.6,25.8,25.8,25.8,25.8,25.9,26.4,27.2,27.5,27.5,27.6,27.5,27.7,27.8,27.8,27.3,26.6,26.1,26.0,26.0,26.0,26.0,25.8,25.8,25.6,25.5,25.5,25.6,25.6,25.5,25.5,25.6,25.6,25.9,25.7,26.1,26.3,26.4,26.4,26.6,26.6,26.6,26.7,26.8,26.8,26.7,26.8,26.8,26.9,26.9,26.9,26.9,26.9,27.0,26.9,27.0,26.9,26.9,26.8,26.8,26.8,26.9,26.9,27.0,26.9,26.9,27.0,26.8,26.7,27.0,26.8,26.9,26.8,26.8,26.8,26.8,26.9,26.9,26.8,26.9,26.7,27.0,26.8,26.8,26.8,26.9,26.7,26.6,26.7,26.7,26.7,26.8,26.8,26.8,26.6,26.7
82,27.1,27.0,27.1,27.1,27.0,26.9,27.0,27.0,27.0,27.1,27.1,26.9,27.0,27.0,27.2,27.0,27.1,27.1,27.1,27.4,27.5,28.1,28.6,29.0,29.2,29.1,28.9,28.9,29.1,28.9,28.9,28.8,28.8,29.0,28.7,28.4,28.1,27.8,27.9,28.2,27.9,27.7,27.3,26.7,26.1,25.9,26.1,26.0,25.7,25.9,26.0,26.1,25.9,25.9,25.9,26.0,25.9,25.9,26.0,26.0,25.9,25.8,25.8,25.8,25.8,25.6,25.7,25.7,25.7,25.7,25.8,25.8,25.9,25.8,25.7,25.8,25.7,25.8,25.6,25.6,25.6,25.6,25.5,25.6,25.8,25.6,25.6,25.7,25.7,25.8,25.8,25.7,25.7,25.8,25.6,25.6,25.7,25.8,25.9,25.8,25.7,25.8,26.1,26.4,27.0,27.5,27.6,27.3,27.7,27.7,27.3,27.0,26.3,26.3,26.3,26.4,26.4,26.2,26.1,25.8,25.8,25.6,25.6,25.6,25.6,25.6,25.6,25.5,25.6,25.8,25.9,26.2,26.3,26.5,26.5,26.8,26.7,26.7,26.6,26.8,26.6,26.8,26.8,26.9,26.8,26.8,26.8,27.0,27.0,27.0,27.0,26.8,26.8,26.9,26.9,27.0,27.0,26.9,27.1,26.8,26.9,26.8,26.9,26.9,27.0,27.0,26.9,26.9,26.8,26.7,27.0,26.8,27.0,26.8,26.8,26.8,26.8,26.8,26.8,26.7,26.6,26.8,26.8,26.5,26.8,26.9,26.8,26.6,26.8,26.6,26.7,26.5
83,27.2,27.0,26.9,27.0,27.0,27.1,27.0,27.1,27.1,27.0,27.1,26.8,27.1,27.0,26.9,27.1,27.0,27.3,27.1,27.2,27.5,28.0,28.5,28.9,29.0,29.0,28.9,28.9,29.0,28.9,28.9,28.8,28.8,28.7,28.6,28.3,27.9,27.5,27.4,27.8,27.6,27.6,27.4,26.6,26.1,26.0,26.0,26.0,25.9,25.9,25.8,25.9,25.9,26.0,25.8,25.8,26.1,25.9,25.7,25.8,25.8,26.0,25.8,25.8,26.0,25.9,25.8,25.9,25.9,25.6,25.7,25.7,25.8,25.8,25.7,25.8,25.7,25.7,25.7,25.8,25.7,25.8,25.8,25.6,25.7,25.8,25.8,25.7,25.8,25.9,25.8,25.7,25.8,25.7,25.6,25.8,25.7,25.8,25.8,25.6,25.9,25.9,25.8,26.1,26.3,26.8,27.2,27.2,27.2,27.1,26.8,26.4,26.5,26.4,26.7,27.0,26.8,26.5,26.4,25.9,25.6,25.6,25.5,25.8,25.6,25.6,25.6,25.6,25.8,25.8,26.1,26.3,26.3,26.5,26.5,26.5,26.8,26.7,26.9,26.6,26.8,26.8,26.8,26.7,26.8,26.9,26.8,27.0,26.8,27.0,26.8,27.0,27.0,26.9,26.9,26.9,26.9,27.0,26.8,27.0,26.8,26.8,26.8,27.0,26.9,26.8,26.8,26.8,26.8,26.8,26.8,26.7,26.8,26.8,26.9,27.0,26.8,26.9,27.0,26.8,26.8,26.8,26.8,26.8,26.7,26.6,27.0,26.8,26.8,26.8,26.9,26.7
84,27.0,27.0,27.1,27.2,27.0,27.0,27.0,27.0,27.1,27.1,27.1,27.0,27.0,27.0,27.1,27.1,27.2,27.2,27.1,27.2,27.5,27.9,28.3,28.5,28.7,28.6,28.6,28.5,28.5,28.4,28.4,28.3,28.3,28.1,27.9,28.1,27.7,27.3,27.1,27.2,27.4,27.3,27.1,26.6,26.1,25.9,25.8,25.8,26.0,25.9,26.0,26.0,25.9,25.7,25.9,26.0,25.9,25.9,25.8,26.1,25.8,25.8,25.9,25.8,26.0,26.0,25.8,25.9,25.9,25.8,25.7,25.7,25.8,25.8,25.9,25.8,25.8,25.7,25.9,25.9,25.8,25.8,25.8,25.9,25.8,25.8,25.8,25.8,25.7,25.7,25.8,25.9,25.7,25.8,25.8,25.8,25.7,25.7,25.8,25.7,25.8,25.8,25.8,26.1,25.9,26.2,26.3,26.5,26.3,26.5,26.5,26.3,26.3,26.8,27.2,27.5,27.4,26.9,26.6,26.0,25.8,25.6,25.7,25.8,25.7,25.6,25.6,25.6,25.7,25.8,25.9,26.1,26.3,26.5,26.5,26.5,26.7,26.6,26.6,26.7,26.8,26.9,26.8,26.8,26.8,26.8,26.9,26.8,26.9,26.9,26.9,27.0,26.9,26.9,26.8,27.0,26.9,26.9,27.0,26.9,26.8,26.9,27.0,26.9,27.2,26.9,26.9,26.8,26.8,26.8,26.8,26.8,26.8,26.9,26.8,27.0,26.8,26.8,26.8,26.9,26.8,26.8,26.7,26.6,26.8,26.6,26.7,26.7,26.6,26.8,26.6,26.8
85,27.2,27.0,27.0,27.1,27.0,27.0,26.9,26.9,26.9,27.2,27.0,26.9,27.2,27.0,26.9,27.0,27.2,27.0,27.1,27.1,27.2,27.2,27.6,27.9,27.8,27.8,27.7,27.7,27.6,27.4,27.4,27.3,27.3,27.2,27.1,27.0,26.8,27.0,26.8,26.7,26.7,26.7,26.4,26.2,25.8,25.9,25.9,25.8,25.9,25.9,25.8,26.0,25.8,25.8,25.7,25.9,25.8,25.8,26.1,25.8,25.7,25.8,25.8,25.8,25.9,26.0,25.9,25.9,25.9,25.9,25.6,25.8,25.9,25.8,25.7,25.7,25.8,25.7,25.7,25.7,25.9,25.8,25.8,25.7,25.8,25.8,25.8,25.7,25.7,25.6,25.7,25.7,25.8,25.8,25.6,25.7,25.6,25.8,25.6,25.8,25.6,25.9,25.7,26.0,25.9,25.9,25.9,26.0,26.1,26.1,26.3,26.4,26.6,27.0,27.3,27.7,27.6,27.2,26.5,26.1,25.9,25.6,25.6,25.8,25.7,25.6,25.5,25.6,25.7,25.9,26.1,26.1,26.4,26.5,26.5,26.6,26.5,26.7,26.6,26.8,26.8,26.9,26.8,26.8,26.9,26.9,26.9,26.8,26.8,26.9,26.9,26.7,26.8,26.9,26.9,27.0,26.9,26.8,26.9,26.8,26.8,26.8,26.9,26.9,27.0,27.0,26.9,27.0,26.9,26.6,26.8,26.9,26.8,26.9,26.8,26.8,26.8,26.8,26.8,26.8,26.9,26.9,26.8,26.9,26.9,26.6,26.6,26.8,26.8,26.8,26.8,26.8
86,27.0,27.1,27.0,27.0,26.9,27.0,27.1,27.2,27.2,27.0,27.2,27.0,26.9,27.1,27.0,27.0,27.0,27.1,27.1,27.0,27.1,27.2,27.2,27.2,27.2,27.4,26.9,27.0,26.7,26.6,26.5,26.4,26.3,26.3,26.3,26.3,26.3,26.3,26.5,26.5,26.3,26.1,26.2,26.1,25.7,26.0,25.9,25.9,25.8,25.8,25.9,25.9,25.7,26.0,25.8,25.9,25.9,25.9,26.0,25.9,25.8,26.0,25.8,25.8,25.8,25.9,25.8,26.0,25.8,25.8,25.7,25.8,25.8,25.8,25.8,25.9,25.8,25.8,25.7,25.8,25.7,25.9,25.7,25.8,25.7,25.6,25.7,25.8,25.8,25.6,25.8,25.7,25.8,25.8,25.7,25.8,25.8,25.9,25.7,25.8,25.8,25.8,25.9,26.0,25.6,25.7,25.8,25.8,25.8,26.1,26.2,26.4,26.4,26.8,27.1,27.6,27.5,27.1,26.5,26.1,25.8,25.5,25.7,25.6,25.5,25.7,25.6,25.6,25.8,25.7,26.0,26.1,26.3,26.4,26.5,26.6,26.8,26.5,26.5,26.6,26.8,26.7,26.8,26.8,26.9,26.9,27.1,26.9,27.0,27.0,26.8,26.8,26.8,27.1,27.0,27.0,26.9,26.9,26.9,26.9,26.9,27.0,27.0,26.8,26.9,26.8,26.9,26.7,26.9,26.8,26.7,26.8,26.9,26.7,26.9,26.8,26.8,26.8,27.0,26.9,26.8,26.9,26.5,26.8,26.8,26.7,26.8,26.7,26.6,26.8,26.8,26.6
87,27.1,26.9,26.8,27.0,27.0,27.2,27.1,27.0,27.0,27.2,27.2,27.1,27.0,27.0,27.0,27.1,27.1,27.1,27.0,27.0,27.0,27.1,27.0,27.0,26.9,26.8,26.8,26.4,26.4,26.2,26.2,26.2,26.1,26.1,25.8,25.9,26.1,26.1,26.0,25.9,26.1,26.2,26.1,26.0,26.1,26.0,26.0,25.9,25.8,25.9,25.9,26.0,25.8,25.8,25.8,25.9,25.9,26.0,25.9,25.8,26.0,25.9,25.9,26.0,26.0,25.9,25.8,25.8,25.8,25.8,26.0,25.9,25.8,26.0,25.8,25.8,25.8,26.0,25.8,25.6,25.7,25.9,25.8,25.6,25.8,25.8,25.8,25.8,25.7,25.8,25.7,26.0,25.8,25.7,25.7,25.8,25.8,25.8,25.9,25.8,25.8,25.6,25.8,25.8,25.7,25.8,25.7,25.7,25.8,26.0,26.1,26.5,26.5,26.6,26.9,27.2,27.0,26.8,26.3,26.2,25.7,25.7,25.5,25.7,25.6,25.6,25.6,25.6,25.5,25.8,25.8,26.1,26.4,26.5,26.4,26.5,26.7,26.6,27.0,26.7,26.8,26.8,27.0,26.8,26.8,26.9,26.8,27.0,26.8,26.9,27.1,27.1,27.0,27.0,27.0,27.1,26.8,27.0,26.9,26.9,27.0,26.8,27.0,27.0,26.8,26.8,26.9,26.9,27.0,26.8,27.1,27.0,27.0,26.8,26.8,26.8,27.0,27.0,26.9,26.8,26.9,26.8,26.9,26.8,27.0,26.9,26.6,26.8,26.9,26.8,26.7,26.7
88,27.0,27.0,27.0,27.0,27.1,27.2,27.0,27.2,27.1,27.1,27.2,27.0,27.2,27.0,27.1,27.1,27.0,27.2,26.9,27.1,27.1,26.9,27.1,27.0,26.8,26.9,26.7,26.5,26.4,26.1,25.9,26.2,26.0,25.9,26.1,25.9,25.9,26.1,26.0,26.0,26.1,26.1,26.2,26.1,26.0,25.9,25.9,25.9,25.8,25.8,26.1,25.9,25.9,25.9,25.9,25.9,26.0,26.0,26.0,25.9,25.9,25.9,25.8,25.9,25.9,25.8,25.8,25.9,25.9,25.9,25.8,25.8,25.8,25.8,25.9,25.8,25.8,25.9,25.9,25.8,25.8,25.8,25.7,25.8,25.8,25.8,25.7,25.7,25.7,25.8,25.8,25.9,25.7,25.9,25.7,25.8,25.6,25.7,25.8,25.8,25.8,25.7,25.8,25.9,25.8,25.8,25.6,25.6,26.0,26.0,26.0,26.3,26.4,26.4,26.7,26.7,26.6,26.4,26.2,26.1,25.9,25.6,25.5,25.8,25.7,25.8,25.5,25.6,25.6,25.8,25.8,26.1,26.3,26.3,26.5,26.7,26.8,26.7,26.7,26.7,26.8,26.8,26.9,26.8,26.9,27.0,27.0,27.0,27.0,27.1,26.9,26.9,26.8,27.0,27.0,27.0,26.9,27.0,26.8,26.9,27.0,27.0,26.9,26.8,27.0,26.8,27.0,26.8,27.0,27.0,26.8,27.0,26.8,26.8,26.8,26.7,26.8,26.8,26.9,27.0,26.9,26.8,26.8,26.7,26.9,26.8,26.8,26.7,26.8,26.8,26.8,26.8
89,27.0,27.0,27.1,27.1,26.8,27.1,26.9,27.0,27.2,27.2,27.2,27.1,26.9,27.1,27.1,26.9,27.0,27.0,27.1,27.0,27.1,27.0,26.9,26.8,26.8,26.8,26.7,26.6,26.1,26.1,26.1,26.1,26.0,25.8,26.0,25.9,25.8,26.0,26.0,26.1,26.1,26.1,26.0,26.0,26.0,26.1,26.1,26.0,26.0,25.8,25.9,25.8,25.8,25.8,25.9,25.9,26.1,25.7,25.8,25.8,26.0,25.9,25.9,25.8,25.8,25.9,25.8,26.0,25.8,25.8,25.8,25.9,25.8,25.8,26.0,25.9,25.9,25.8,25.9,25.7,25.9,25.7,25.8,25.6,25.8,25.9,25.8,25.7,25.6,25.9,25.8,25.8,25.9,25.7,25.7,25.8,25.8,25.8,25.7,25.6,25.9,25.7,25.8,25.7,25.9,25.7,25.8,25.7,25.8,25.8,26.1,26.3,26.3,26.3,26.3,26.3,26.3,26.3,26.3,26.1,26.1,25.6,25.8,25.7,25.6,25.5,25.5,25.6,25.6,25.9,26.0,26.1,26.3,26.5,26.5,26.6,26.8,26.9,26.7,26.6,26.8,26.9,26.9,26.7,26.9,26.8,26.9,26.9,27.0,26.9,26.9,26.9,26.9,27.0,27.0,27.1,27.0,27.0,26.9,26.9,26.9,26.8,27.0,26.9,26.9,26.9,26.8,27.0,26.8,26.8,26.8,26.8,26.9,26.9,26.9,27.0,26.9,26.9,26.9,26.9,26.8,26.9,26.8,26.8,26.8,26.8,27.0,26.8,26.8,26.8,26.8,26.7
90,27.1,27.1,27.1,27.0,27.0,27.1,27.0,27.2,27.1,27.0,27.0,27.0,27.1,27.1,26.9,27.0,26.9,27.1,27.0,26.9,27.0,26.9,27.0,26.7,26.8,26.7,26.5,26.4,26.3,26.0,26.1,26.0,26.1,26.1,26.0,26.0,26.1,25.9,25.9,26.0,26.0,26.1,26.0,26.0,26.1,25.9,26.0,26.2,26.0,26.0,25.8,25.8,25.8,25.9,25.8,25.8,26.0,25.8,25.9,26.0,26.1,26.0,25.8,25.8,25.8,25.9,25.8,25.9,25.8,25.9,25.8,25.8,25.8,25.8,25.8,25.8,25.8,25.8,26.0,25.8,25.9,26.0,25.7,25.8,25.8,25.9,25.7,25.9,25.8,25.8,25.9,25.8,25.6,25.8,25.8,25.7,25.8,25.6,25.6,25.6,25.6,25.7,25.8,25.8,25.7,25.8,25.6,25.8,25.8,26.0,26.3,26.5,26.2,26.5,26.4,26.3,26.3,26.3,26.3,26.1,26.0,25.7,25.8,25.6,25.7,25.6,25.6,25.5,25.6,25.9,26.0,25.9,26.3,26.3,26.5,26.5,26.6,26.7,26.6,26.6,26.7,26.7,27.0,26.9,26.9,27.0,26.8,27.0,26.7,26.8,26.9,26.9,26.9,26.8,26.9,26.8,26.7,26.9,27.0,27.0,26.8,27.0,27.0,26.8,26.8,26.7,26.8,27.0,26.8,26.8,26.9,26.9,26.8,26.8,26.9,26.9,26.6,26.8,26.9,26.8,26.8,26.7,26.8,26.7,26.8,26.7,26.8,26.8,26.7,26.7,26.7,26.8
91,27.2,27.2,27.1,26.9,27.0,27.1,27.1,27.1,27.0,27.0,27.1,27.2,27.2,27.1,27.2,27.0,27.0,27.1,27.1,27.0,27.0,27.0,27.0,26.9,26.8,26.8,26.5,26.4,26.2,26.1,26.0,26.1,25.8,26.0,25.9,26.0,26.0,25.9,26.0,26.0,25.8,25.9,25.9,25.9,26.1,25.9,26.1,26.2,26.1,26.1,25.9,25.9,25.9,25.9,26.0,25.9,25.9,26.0,26.0,25.8,25.9,25.8,26.0,25.8,25.7,26.0,26.0,25.9,26.0,25.9,25.8,25.8,25.9,26.1,25.9,25.8,25.8,25.8,25.9,25.8,25.9,25.9,25.8,25.7,25.7,25.9,25.9,25.9,25.8,25.8,26.0,25.9,25.7,25.7,25.8,25.8,25.7,25.7,25.7,25.7,25.8,25.8,25.8,25.7,25.6,25.5,25.7,25.8,25.9,26.2,26.3,26.5,26.3,26.2,26.3,26.2,26.1,26.3,26.4,26.1,26.0,25.6,25.6,25.7,25.6,25.6,25.5,25.5,25.6,25.6,25.8,26.1,26.3,26.3,26.5,26.6,26.6,26.4,26.5,26.7,26.9,26.8,27.0,26.7,26.8,26.8,26.8,27.0,26.8,27.0,26.9,27.0,26.8,26.9,27.0,26.8,27.0,26.9,27.0,26.9,26.8,26.9,26.8,26.8,26.9,26.8,26.9,27.0,26.9,26.8,26.9,26.8,26.8,26.8,26.8,26.8,26.8,26.8,26.8,27.0,26.8,26.8,26.7,26.7,26.9,26.7,26.8,26.8,26.7,26.8,26.7,26.7
92,27.2,27.1,27.1,27.1,27.1,27.2,27.0,27.1,27.0,27.1,27.1,26.9,27.1,27.1,27.0,27.1,27.0,26.9,27.0,26.9,27.0,27.0,26.8,26.6,26.6,26.5,26.3,26.2,26.0,26.0,26.1,26.1,26.1,25.9,25.8,25.8,25.9,25.8,25.9,25.8,25.7,25.8,25.7,25.8,25.8,25.9,26.0,26.0,26.0,26.0,25.9,25.8,25.8,26.1,25.8,26.0,25.8,25.9,25.9,26.0,25.7,25.9,26.0,25.8,26.0,26.0,25.9,25.9,25.8,25.8,26.0,25.8,25.9,25.9,25.7,25.8,25.9,25.8,25.7,25.8,25.7,25.7,25.9,25.9,25.8,25.8,25.8,25.7,25.8,25.8,25.7,25.8,25.7,25.6,25.7,25.7,25.8,25.8,25.8,25.7,25.7,25.7,25.7,25.7,25.6,25.7,25.7,25.7,25.7,26.1,26.1,26.3,26.1,26.2,26.1,26.2,26.1,26.2,26.2,26.1,25.8,25.8,25.6,25.6,25.7,25.7,25.7,25.8,25.8,25.7,25.8,26.1,26.3,26.3,26.5,26.8,26.6,26.8,26.7,26.8,26.7,26.8,26.7,26.8,26.8,26.7,26.9,27.0,27.0,26.8,26.9,26.8,26.8,26.9,27.0,26.9,27.0,26.9,27.0,26.9,26.9,27.0,27.0,26.8,26.8,26.9,26.9,26.9,27.0,27.0,26.8,26.9,26.8,26.8,26.9,26.9,26.8,26.9,26.8,26.8,26.9,26.8,26.8,26.7,26.7,26.9,26.8,26.6,26.7,26.9,26.6,26.8
93,27.2,27.2,26.9,27.2,27.0,27.1,27.1,27.0,27.2,27.1,27.0,27.0,27.1,27.1,27.3,27.0,27.2,27.0,27.0,26.8,27.0,26.8,26.6,26.6,26.7,26.4,26.3,26.2,26.1,25.8,26.0,26.1,26.0,25.9,26.1,25.8,25.8,25.9,25.8,25.9,25.8,25.8,25.6,25.8,25.8,25.8,26.0,25.9,26.0,25.8,25.9,25.9,25.9,25.9,25.8,26.0,25.8,25.9,25.9,26.0,26.1,25.8,25.9,25.7,25.8,26.1,26.0,25.6,25.9,25.9,25.8,25.7,26.1,25.8,25.9,25.9,25.9,25.7,25.8,25.9,25.8,25.7,25.6,25.8,25.8,25.8,25.6,25.7,25.6,25.7,25.7,25.7,25.6,25.7,25.8,25.8,25.6,25.9,25.7,25.6,25.9,25.9,25.8,25.7,25.6,25.7,25.8,25.7,25.8,25.9,26.0,26.3,26.2,26.3,26.3,26.2,26.2,26.1,26.2,26.2,25.9,25.7,25.6,25.7,25.8,25.3,25.6,25.6,25.6,25.8,25.8,26.2,26.3,26.5,26.5,26.7,26.9,26.7,26.8,26.6,26.8,26.9,26.8,26.9,26.8,26.8,26.8,27.0,26.8,27.0,27.0,26.9,27.0,26.9,26.8,26.9,26.8,27.0,26.9,26.9,26.9,26.9,27.0,26.7,27.0,26.8,26.9,27.0,27.0,26.8,26.9,27.0,26.8,26.7,26.8,26.9,26.8,26.9,26.8,26.8,26.8,26.8,26.7,26.8,26.8,26.9,26.8,26.8,26.8,26.8,26.8,26.7
94,27.1,27.1,27.0,27.2,27.0,27.0,27.2,27.2,27.0,27.1,27.1,27.1,27.1,27.1,27.0,27.1,27.0,26.9,27.0,26.9,26.8,26.7,26.4,26.6,26.3,26.3,26.2,26.0,25.8,25.8,26.0,26.0,25.8,25.7,25.8,25.8,25.8,25.8,25.8,25.8,25.7,25.6,25.8,25.6,25.9,25.9,26.1,25.9,25.7,25.9,25.9,25.9,25.9,25.7,25.8,26.0,26.0,26.0,25.7,25.8,25.8,25.8,25.8,26.0,25.8,26.0,25.8,25.8,25.8,25.8,25.8,25.9,25.9,25.9,25.8,25.8,25.7,25.8,25.8,25.9,25.7,25.9,25.7,25.9,25.8,25.8,25.7,25.7,25.6,25.6,25.7,25.7,25.9,25.6,25.6,25.7,25.7,25.8,25.7,25.6,25.8,25.7,25.8,25.7,25.8,25.8,25.9,25.8,25.7,25.8,26.0,26.1,26.1,26.0,26.0,26.1,25.9,26.1,26.1,26.0,25.8,25.6,25.4,25.7,25.9,25.4,25.4,25.6,25.6,25.8,25.8,26.2,26.1,26.5,26.5,26.6,26.5,26.6,26.8,26.7,26.7,26.7,26.9,26.8,26.8,26.8,27.1,26.8,26.9,26.8,26.9,26.9,27.0,26.9,26.9,26.9,26.8,27.0,26.7,27.0,26.9,26.9,27.0,26.9,27.0,26.8,27.1,26.8,27.1,27.0,26.9,26.9,26.8,26.8,26.9,26.9,27.0,26.8,26.9,26.8,27.0,26.8,26.8,26.8,26.8,26.8,26.7,26.9,26.8,26.9,26.8,26.9
95,26.9,26.9,26.9,27.0,27.0,27.1,27.1,27.2,27.0,27.1,27.1,27.2,27.1,27.2,27.0,27.0,27.1,26.9,26.9,26.7,26.8,26.8,26.3,26.3,26.1,26.0,25.9,25.9,25.9,25.6,25.7,25.9,25.8,25.8,25.8,25.8,25.8,25.7,25.7,25.8,25.8,25.6,25.8,25.8,25.9,25.9,25.8,26.0,25.8,25.9,25.7,25.8,25.9,25.8,25.8,25.8,25.9,26.0,26.0,26.0,25.9,25.9,25.8,25.8,25.8,25.9,25.9,25.7,26.0,25.7,25.9,26.0,25.9,26.0,25.8,25.9,25.8,25.7,25.9,25.8,25.7,25.6,25.7,25.7,25.8,25.8,25.7,25.9,25.8,25.7,25.7,25.6,25.6,25.6,25.9,25.6,25.7,25.8,25.8,25.6,25.6,25.7,25.7,25.7,25.6,25.6,25.6,25.7,25.6,25.8,25.9,25.9,25.9,25.9,26.1,25.9,26.1,26.0,26.3,26.1,25.9,25.9,25.8,25.7,25.8,25.7,25.5,25.4,25.6,25.8,25.7,25.9,26.1,26.5,26.6,26.7,26.7,26.6,26.8,26.6,26.6,27.0,26.8,27.0,26.8,27.0,27.0,26.9,27.0,27.0,26.9,27.0,27.0,27.0,27.1,26.8,26.8,26.8,26.8,26.9,26.8,26.9,26.8,26.9,26.8,26.8,26.7,26.9,27.0,26.8,26.9,26.7,26.8,26.7,26.8,26.8,26.8,26.8,26.8,26.9,26.9,26.7,26.9,26.8,26.8,26.6,26.7,26.9,26.9,26.8,26.8,26.8
96,27.0,26.9,27.1,27.0,27.0,27.1,27.0,27.0,27.0,26.9,27.1,27.0,27.0,27.0,27.0,27.0,27.0,27.0,26.8,26.8,26.6,26.4,26.1,26.1,25.9,25.8,26.0,25.9,25.9,25.8,25.9,25.8,25.8,25.8,25.7,25.7,25.6,25.7,25.7,25.9,25.7,25.7,25.7,25.8,25.6,25.8,26.0,25.8,25.7,25.8,25.8,25.7,25.9,25.9,25.9,25.8,25.9,25.9,25.7,25.8,26.0,25.8,26.0,25.8,25.8,25.9,25.8,25.7,25.8,25.9,25.8,25.8,25.9,25.7,26.1,25.8,25.9,25.8,25.9,25.9,25.8,26.0,25.8,25.8,25.8,25.6,25.6,25.6,25.9,25.8,25.6,25.7,25.9,25.8,25.7,25.7,25.6,25.8,25.7,25.8,25.8,25.8,25.7,25.8,25.8,25.7,25.8,25.7,25.7,25.8,25.8,25.7,25.8,25.8,25.8,25.8,26.1,26.1,26.2,26.0,26.1,25.8,25.5,25.7,25.6,25.6,25.5,25.6,25.5,25.8,25.8,26.0,26.3,26.5,26.5,26.7,26.5,26.8,26.7,26.7,26.8,26.8,26.9,26.8,27.0,26.8,27.0,26.9,26.8,26.8,26.9,26.9,27.1,27.0,27.0,26.8,27.0,27.0,26.9,27.0,26.9,26.9,27.0,27.0,26.9,27.0,26.9,26.9,27.0,26.8,27.0,26.8,26.9,26.9,27.0,26.8,26.8,26.9,26.8,27.0,26.8,26.7,26.8,26.8,26.8,26.8,26.8,26.9,26.9,26.8,26.8,26.8
97,27.1,27.0,27.1,27.0,27.0,27.2,27.0,27.0,27.2,27.2,27.0,27.1,26.9,27.0,27.0,27.1,27.0,26.9,26.9,26.8,26.6,26.4,26.1,26.0,25.9,25.8,25.9,25.9,26.0,25.8,25.7,25.8,26.0,25.7,25.9,25.8,25.9,25.8,25.7,25.8,25.7,25.6,25.7,25.8,25.8,25.9,25.9,25.9,25.9,25.9,25.9,25.8,25.8,25.9,25.8,25.8,25.8,25.9,26.0,25.8,25.9,26.0,25.7,25.8,25.9,25.9,25.8,25.9,25.8,25.9,25.8,25.8,25.8,25.8,25.8,25.9,25.9,25.8,25.9,25.8,25.8,26.0,25.9,25.8,25.9,25.9,26.0,25.8,25.8,25.7,25.8,25.9,25.7,25.9,25.8,25.7,25.6,25.8,25.7,25.7,25.8,25.8,25.7,25.8,25.7,26.0,25.6,25.8,25.8,25.9,25.8,25.8,25.6,25.8,25.8,25.8,26.1,26.2,26.3,26.1,25.8,25.7,25.6,25.6,25.7,25.6,25.6,25.6,25.6,25.8,25.8,26.1,26.2,26.4,26.5,26.7,26.6,26.7,26.8,26.7,26.8,26.8,26.7,26.9,26.8,26.9,26.9,27.0,27.0,27.0,27.0,26.8,27.0,26.8,26.8,26.8,27.1,26.8,27.0,26.8,26.8,26.8,26.8,27.0,27.0,26.8,26.9,26.8,26.8,27.0,26.8,26.9,27.0,26.8,26.7,26.8,26.9,26.9,27.0,26.9,26.8,26.9,26.8,26.7,26.9,26.8,26.7,26.7,26.7,26.8,26.8,26.7
98,27.1,27.0,27.0,27.0,27.2,27.1,27.1,27.0,27.1,27.1,27.0,27.0,27.0,27.0,26.9,27.0,26.9,27.0,26.9,26.8,26.6,26.5,26.1,26.1,25.9,25.8,25.8,25.7,26.1,25.9,25.8,25.7,25.8,25.7,25.8,25.8,25.6,25.8,25.7,25.7,25.8,25.7,25.8,25.8,25.7,25.8,25.9,25.8,25.7,25.8,25.8,25.9,25.7,25.9,25.8,25.8,25.8,25.8,25.8,25.9,26.0,25.8,26.0,25.8,25.9,25.8,25.9,25.9,26.0,25.8,26.0,25.9,25.9,25.8,25.8,26.0,26.0,26.0,25.8,25.8,26.0,25.7,25.8,25.8,25.8,25.7,25.8,25.9,25.8,25.8,25.6,25.8,25.8,25.7,25.8,25.7,25.6,25.8,25.7,25.7,25.7,25.6,25.9,25.8,25.7,25.7,25.8,25.7,25.6,25.7,25.5,25.9,25.8,25.8,25.7,25.7,25.9,26.0,26.1,25.9,25.7,25.7,25.6,25.6,25.7,25.6,25.6,25.7,25.5,25.8,25.8,26.0,26.2,26.4,26.5,26.5,26.8,26.7,26.8,26.8,26.8,26.8,26.8,26.7,26.9,26.8,26.9,26.9,26.9,27.0,27.0,26.8,26.7,26.9,27.0,27.0,27.0,27.0,26.7,26.8,27.0,26.8,26.8,26.9,26.9,26.8,26.9,26.8,26.8,26.8,26.9,26.9,26.7,26.8,26.8,26.9,26.8,26.9,26.9,26.8,26.8,26.8,26.6,26.9,26.7,26.8,26.8,26.8,26.8,26.8,26.8,26.7
99,27.0,27.1,26.9,27.0,27.1,27.0,27.0,27.1,27.1,27.0,27.2,27.0,27.0,26.9,27.0,26.9,27.0,26.9,26.8,26.9,26.7,26.3,26.2,26.0,26.0,25.9,26.0,25.8,25.8,25.9,25.8,25.9,25.9,25.8,25.8,25.7,25.8,25.6,25.7,25.8,25.6,25.6,25.8,25.7,25.7,25.7,25.8,25.9,25.8,25.7,25.7,25.8,25.8,25.9,25.8,25.7,25.9,25.8,26.0,25.8,25.9,25.7,25.9,26.0,25.9,25.9,25.8,25.9,25.9,26.0,25.9,25.7,25.9,26.1,25.8,26.0,26.1,25.9,25.9,25.8,25.7,25.8,25.7,25.8,25.8,25.9,25.7,25.7,25.7,25.6,25.7,25.8,25.6,25.5,25.7,25.6,25.6,25.6,25.8,25.8,25.7,25.8,25.8,25.8,25.7,25.6,25.7,25.6,25.7,25.8,25.8,25.8,25.7,25.7,25.7,25.7,25.6,25.8,25.9,25.7,25.7,25.5,25.6,25.7,25.6,25.7,25.8,25.6,25.5,25.8,25.8,26.0,26.3,26.4,26.4,26.6,26.8,26.8,26.7,26.6,26.6,26.7,26.8,26.8,26.8,26.9,26.9,26.8,26.9,27.0,27.0,26.9,26.9,26.9,27.0,26.9,26.9,26.9,26.9,27.0,26.8,27.0,27.0,27.0,26.9,26.8,26.9,26.8,27.0,26.8,26.9,26.8,26.8,26.9,26.9,26.8,26.9,26.9,26.9,27.0,26.8,26.8,26.7,26.8,26.8,26.9,26.8,26.7,26.9,26.9,26.9,26.8
100,27.0,27.0,27.0,27.1,27.0,27.1,27.0,27.0,27.0,27.0,27.0,27.0,27.0,27.0,27.0,26.9,26.9,26.8,27.0,26.8,26.6,26.3,26.2,26.0,25.8,25.9,25.8,25.8,25.9,25.9,25.8,25.8,25.9,25.8,25.8,25.8,25.7,25.7,25.7,25.7,25.7,25.8,25.8,25.8,25.6,25.8,25.8,26.0,25.8,25.7,26.0,25.8,25.9,25.9,25.8,25.8,25.7,25.8,26.1,25.8,25.8,25.8,25.9,25.9,25.7,25.9,25.9,25.9,25.9,25.8,25.8,25.8,26.0,26.0,26.0,26.3,26.2,26.4,26.1,26.1,25.9,25.7,25.8,25.9,25.8,25.8,25.7,25.8,25.8,25.7,25.7,25.8,25.6,25.7,25.3,25.6,25.6,25.7,25.6,25.7,25.8,25.6,25.8,25.8,25.7,25.8,25.6,25.8,25.8,25.8,25.7,26.0,25.8,25.7,25.6,25.7,25.6,25.7,25.6,25.7,25.5,25.6,25.6,25.7,25.6,25.6,25.4,25.6,25.5,25.6,25.7,25.9,26.2,26.4,26.5,26.5,26.6,26.4,26.8,26.6,26.6,26.7,26.8,26.7,26.9,26.9,27.0,26.8,27.0,26.9,27.0,26.9,27.0,27.0,26.8,27.0,26.8,26.9,26.8,27.0,26.8,26.8,26.9,26.8,26.9,26.8,26.9,26.9,27.0,26.8,26.8,26.8,26.6,26.9,27.0,26.8,26.8,27.0,26.7,26.7,26.7,26.8,26.7,26.6,26.9,26.8,26.9,26.7,26.7,26.7,26.6,26.8
101,26.9,26.9,27.0,27.0,27.0,27.1,27.1,27.0,27.1,27.0,27.0,27.0,27.1,27.0,26.9,27.0,27.0,26.8,27.0,26.8,26.8,26.4,26.1,26.0,25.8,25.9,25.7,25.7,25.8,25.8,25.8,25.8,25.8,25.7,25.7,25.7,25.8,25.7,25.8,25.6,25.6,25.8,25.6,25.8,25.8,25.8,25.8,25.9,26.0,25.8,25.7,25.8,25.9,25.8,25.9,25.9,26.0,25.7,25.9,25.7,26.0,26.0,25.9,26.0,25.8,25.9,26.0,25.8,25.9,25.9,25.8,25.7,26.1,26.1,26.1,26.4,26.6,26.7,26.4,26.4,26.0,25.8,25.7,26.0,25.7,25.7,25.6,25.8,25.9,25.7,25.7,25.8,25.7,25.6,25.7,25.6,25.5,25.7,25.8,25.7,25.6,25.6,25.6,25.6,25.6,25.7,25.6,25.6,25.7,25.8,25.9,25.8,25.7,25.9,25.8,25.7,25.7,25.6,25.6,25.7,25.6,25.7,25.6,25.7,25.5,25.7,25.6,25.7,25.6,25.7,25.7,25.9,26.1,26.4,26.5,26.8,26.6,26.8,26.7,26.8,26.7,26.8,26.8,26.7,26.8,27.0,26.9,27.0,27.0,27.0,27.0,27.0,27.0,27.0,27.0,27.0,27.1,27.1,26.8,27.0,27.0,27.0,27.0,26.9,27.0,27.0,27.1,27.0,26.8,27.0,26.9,27.0,27.0,26.8,27.0,26.8,26.8,27.0,26.8,26.8,26.8,26.8,26.8,26.9,26.8,26.7,26.8,26.8,26.8,26.7,26.7,26.7
102,27.1,27.0,27.1,26.9,27.0,27.0,27.1,27.2,26.9,27.0,27.0,26.9,27.0,26.9,27.0,27.1,27.0,27.0,26.9,26.9,26.9,26.6,26.3,26.1,26.0,25.8,25.9,26.0,26.0,25.9,25.8,25.7,25.9,25.8,25.8,25.8,25.8,25.8,25.9,25.8,25.8,25.8,25.9,25.8,25.8,25.7,25.7,25.7,25.6,26.0,25.8,25.8,25.8,25.8,25.9,26.0,25.8,26.0,26.0,25.9,26.1,26.0,26.0,26.0,25.8,26.1,25.8,25.8,26.0,25.9,25.9,26.0,26.1,26.1,26.5,26.7,26.8,27.0,26.8,26.6,26.3,25.9,25.8,25.7,25.7,25.6,25.6,25.7,25.7,25.7,25.6,25.6,25.7,25.6,25.5,25.5,25.7,25.7,25.6,25.7,25.7,25.6,25.8,25.8,25.6,25.7,25.6,25.6,25.8,25.7,25.7,25.9,25.8,25.8,25.6,25.7,25.6,25.5,25.7,25.6,25.6,25.4,25.5,25.6,25.7,25.6,25.6,25.5,25.6,25.7,25.8,25.9,26.0,26.3,26.5,26.5,26.5,26.6,26.7,26.6,26.8,26.9,26.7,26.8,26.6,26.8,26.8,26.9,26.8,27.0,26.9,26.9,26.8,27.0,27.0,27.0,27.0,27.0,26.8,27.0,26.8,27.0,26.7,26.8,26.9,26.9,26.9,26.8,26.9,26.9,26.8,26.8,26.8,26.8,27.0,27.0,26.9,26.8,26.8,26.9,26.8,26.8,26.9,26.6,26.7,26.7,26.8,26.7,26.8,26.8,26.8,26.8
103,27.0,27.0,26.9,26.9,27.0,27.0,27.0,26.9,26.9,26.9,27.1,27.0,27.0,26.8,26.9,26.8,27.0,26.9,26.8,26.8,26.8,26.6,26.4,26.3,26.2,26.1,25.9,26.0,25.9,25.9,25.8,26.0,25.8,25.6,25.9,25.8,25.8,25.6,25.7,25.7,25.6,25.9,26.0,25.8,25.8,25.8,25.8,25.6,25.7,25.7,25.8,25.7,25.7,25.8,25.6,25.9,25.8,25.8,26.0,25.8,25.9,26.0,25.8,25.8,25.9,25.9,25.8,25.9,25.8,25.8,25.8,26.0,26.3,26.4,26.7,26.9,27.1,27.0,26.9,26.3,26.0,25.7,25.7,25.7,25.5,25.6,25.6,25.6,25.7,25.5,25.4,25.6,25.5,25.5,25.6,25.8,25.6,25.7,25.7,25.4,25.7,25.7,25.6,25.7,25.8,25.7,25.7,25.7,25.9,25.8,25.9,26.0,26.1,25.8,25.7,25.8,25.6,25.7,25.6,25.6,25.7,25.6,25.4,25.5,25.6,25.6,25.7,25.5,25.5,25.8,25.6,25.8,26.1,26.3,26.5,26.5,26.5,26.6,26.6,26.6,26.7,26.7,26.8,26.8,26.8,26.9,27.0,26.9,26.7,26.9,27.1,27.0,26.9,26.9,26.9,27.0,26.8,27.0,26.8,26.8,27.0,26.7,27.0,26.9,26.9,27.1,26.8,27.0,26.9,26.7,26.8,27.0,26.8,26.9,26.8,26.9,26.7,26.9,26.9,26.7,26.8,26.7,26.8,26.8,26.8,26.8,26.7,26.7,26.7,26.8,26.9,26.7
104,27.1,26.9,26.9,27.0,26.9,27.1,26.9,27.1,26.9,26.9,27.0,27.0,26.9,27.0,26.9,26.9,27.1,26.9,27.0,27.0,26.9,26.7,26.8,26.5,26.6,26.5,26.1,26.1,26.1,26.2,26.2,26.2,26.0,25.9,25.7,25.8,25.9,25.8,25.7,25.6,25.8,26.0,25.9,26.2,26.3,26.1,25.9,25.9,25.6,25.8,26.0,25.9,26.0,25.7,25.9,26.0,25.9,25.9,25.9,26.0,26.0,26.3,25.8,26.1,26.0,25.8,25.9,25.9,25.9,25.9,26.2,26.4,26.7,26.8,27.1,27.2,27.2,26.9,26.7,26.2,26.0,25.9,25.5,25.6,25.7,25.5,25.5,25.6,25.7,25.6,25.5,25.6,25.6,25.7,25.6,25.7,25.7,25.6,25.5,25.8,25.8,25.7,25.6,25.7,25.7,25.8,25.6,25.8,25.9,25.9,25.9,25.9,25.9,25.9,25.9,25.8,25.8,25.6,25.6,25.8,25.6,25.7,25.7,25.3,25.6,25.7,25.5,25.6,25.8,25.9,25.9,25.8,26.1,26.3,26.4,26.8,26.5,26.7,26.8,26.7,26.7,26.8,26.9,26.8,26.9,27.0,27.1,26.9,26.8,26.9,27.0,26.9,27.0,27.0,27.1,26.9,26.9,26.9,27.0,26.9,26.8,26.9,27.0,26.8,27.0,26.8,27.0,26.9,26.9,26.8,26.9,26.8,26.9,26.7,26.9,26.7,26.8,26.9,26.9,26.8,26.9,26.8,26.6,26.8,26.8,26.8,26.8,26.8,26.9,26.7,26.8,26.8
105,26.8,26.9,26.9,26.8,26.8,26.8,26.9,26.9,26.8,26.7,26.7,26.8,26.7,26.7,26.6,26.8,26.8,26.8,26.6,26.9,26.8,26.7,26.9,26.8,26.6,26.5,26.3,26.3,26.1,26.1,26.1,26.4,26.1,26.0,26.0,25.7,25.8,25.7,25.6,25.7,25.8,25.9,26.1,26.1,26.1,26.1,26.0,25.9,25.9,25.9,25.8,25.7,25.7,25.9,25.9,25.8,25.9,25.9,25.9,25.9,25.8,25.9,26.0,25.8,26.0,25.8,25.9,25.9,25.9,26.0,26.2,26.3,26.6,27.0,27.2,27.2,27.1,26.9,26.8,26.3,26.1,25.9,25.6,25.6,25.6,25.6,25.5,25.5,25.7,25.3,25.5,25.6,25.4,25.5,25.6,25.6,25.6,25.6,25.7,25.6,25.6,25.7,25.7,25.7,25.7,25.7,25.8,25.7,25.6,25.9,25.9,26.0,25.8,25.7,25.8,25.9,25.6,25.8,25.8,25.6,25.6,25.6,25.7,25.6,25.6,25.6,25.6,25.5,25.5,25.7,25.7,25.8,26.0,26.3,26.5,26.7,26.6,26.6,26.6,26.8,26.6,26.8,26.8,26.7,26.7,26.8,27.0,26.8,26.9,26.8,26.9,26.9,27.0,26.8,27.0,27.1,26.8,27.0,26.9,26.9,26.9,27.0,26.9,26.8,26.9,26.8,26.9,27.0,26.8,26.8,26.8,26.8,26.8,26.8,26.7,26.8,26.8,26.8,26.7,26.8,26.7,26.7,26.8,26.7,26.6,26.8,26.7,26.8,26.8,26.8,26.7,26.7
106,26.7,26.7,26.8,26.7,26.5,26.7,26.5,26.7,26.8,26.5,26.6,26.6,26.5,26.5,26.6,26.6,26.8,26.8,26.8,26.8,26.9,26.8,27.0,26.7,26.8,26.6,26.5,26.4,26.3,26.5,26.5,26.7,26.3,26.2,25.9,25.8,25.9,25.8,25.9,25.8,26.0,26.1,26.1,26.2,26.3,26.2,26.0,26.0,25.7,25.8,25.8,25.9,25.7,25.8,25.8,25.8,25.8,25.9,25.7,25.8,25.8,25.9,25.7,26.0,25.9,25.9,25.9,25.9,25.9,26.2,26.3,26.6,26.9,27.4,27.2,27.2,27.2,26.9,26.6,26.2,25.8,25.8,25.6,25.7,25.6,25.3,25.6,25.5,25.6,25.5,25.6,25.8,25.4,25.5,25.5,25.6,25.5,25.6,25.5,25.7,25.6,25.6,25.6,25.8,25.6,25.8,25.6,25.5,25.9,25.8,25.8,25.8,25.6,25.6,25.6,25.7,25.8,25.8,25.9,25.8,25.8,25.7,25.6,25.7,25.6,25.7,25.6,25.5,25.4,25.6,25.8,25.7,26.2,26.2,26.3,26.5,26.7,26.5,26.6,26.9,26.8,26.7,26.8,26.9,26.8,26.9,26.9,26.8,26.8,26.9,27.0,26.9,26.8,26.9,26.8,26.9,26.8,26.8,27.0,26.9,26.8,26.8,26.8,26.7,26.8,26.8,26.7,27.0,26.8,26.9,26.8,26.9,26.8,26.7,26.9,26.9,26.8,26.8,27.0,26.9,26.8,26.7,26.8,26.7,26.8,26.7,26.7,26.7,26.7,26.7,26.6,26.8
107,26.5,26.5,26.3,26.4,26.2,26.2,26.3,26.3,26.3,26.1,26.1,26.0,26.0,26.1,25.9,26.3,26.6,26.6,26.9,26.7,27.0,26.9,27.1,26.9,27.0,26.7,26.7,26.5,26.4,26.6,26.6,26.5,26.8,26.3,26.1,26.1,25.8,26.1,26.0,26.1,26.0,26.2,26.3,26.1,26.4,26.4,26.1,25.9,26.0,25.8,25.8,25.9,25.8,25.9,25.9,25.8,25.9,25.7,25.9,25.9,25.8,25.8,25.9,25.9,25.8,25.9,25.9,26.1,26.2,26.5,26.8,27.0,27.3,27.5,27.3,27.3,27.2,26.9,26.6,26.2,26.0,25.8,25.8,25.7,25.5,25.6,25.8,25.8,25.7,25.6,25.7,25.6,25.5,25.6,25.5,25.5,25.6,25.8,25.7,25.5,25.7,25.7,25.8,25.7,25.6,25.7,25.8,25.8,25.7,25.8,25.8,25.8,25.8,25.7,25.7,25.8,25.8,26.0,26.1,26.1,26.0,25.8,25.8,25.7,25.6,25.5,25.8,25.7,25.6,25.6,25.7,25.8,26.1,26.5,26.4,26.6,26.6,26.6,26.9,26.8,26.7,26.9,26.7,26.6,26.8,27.0,27.0,26.8,26.9,26.8,27.0,26.8,26.8,27.1,27.1,26.8,27.1,26.9,26.9,26.8,26.9,26.7,26.9,26.8,26.8,26.9,26.9,26.8,26.8,26.9,27.0,26.8,26.8,26.8,26.7,26.7,26.7,26.9,26.8,26.8,26.9,26.7,26.8,26.8,27.0,26.8,26.7,26.7,26.8,26.7,26.8,26.8
108,26.0,26.2,25.8,25.8,25.9,25.8,25.8,25.9,25.8,25.7,25.8,25.6,25.7,25.8,25.7,26.1,26.3,26.6,26.8,26.9,27.1,26.8,26.8,26.9,26.9,26.8,26.7,26.6,26.5,26.2,26.4,26.5,26.4,26.3,26.1,26.2,26.2,26.2,26.1,26.1,26.2,26.1,26.2,26.2,26.2,26.2,26.1,26.1,26.1,26.1,25.9,26.0,25.8,25.7,25.9,25.7,25.8,26.0,26.0,26.0,25.8,26.1,25.9,26.0,25.9,25.9,26.1,26.1,26.5,26.7,27.1,27.3,27.3,27.2,27.4,27.2,26.9,26.8,26.5,26.1,26.0,25.9,25.8,25.9,25.7,25.6,25.7,25.7,25.6,25.6,25.5,25.5,25.6,25.7,25.6,25.6,25.6,25.6,25.6,25.6,25.6,25.7,25.6,25.8,25.7,25.7,25.6,25.8,25.8,25.8,26.0,25.6,25.7,25.8,25.7,25.7,26.1,26.2,26.2,26.3,25.8,25.9,25.8,25.7,25.7,25.6,25.7,25.5,25.6,25.7,25.7,25.9,26.1,26.3,26.5,26.6,26.6,26.7,26.8,26.7,26.7,26.8,26.9,26.9,26.8,27.0,26.8,26.9,27.0,26.8,27.0,27.0,26.9,26.9,26.8,26.9,27.0,27.0,26.8,26.9,26.9,27.0,26.9,26.8,27.0,26.8,26.7,26.8,26.9,26.6,26.9,26.9,26.8,26.8,26.8,26.9,26.9,27.0,26.9,26.8,26.8,26.9,26.8,26.8,26.8,26.8,26.8,26.8,26.9,26.8,26.8,26.9
109,25.8,25.7,25.8,25.8,25.7,25.8,25.8,25.8,25.7,25.7,25.7,25.6,25.7,25.8,25.8,26.1,26.2,26.3,26.8,26.8,27.0,27.2,26.9,27.0,26.9,26.9,26.8,26.8,26.7,26.6,26.6,26.6,26.7,26.5,26.5,26.4,26.3,26.5,26.4,26.5,26.5,26.4,26.2,26.2,26.1,26.0,25.9,26.1,26.0,26.0,25.9,25.8,26.0,25.8,25.8,25.8,25.8,25.8,25.8,25.8,25.8,26.0,25.8,25.9,26.0,26.1,26.2,26.5,26.8,26.9,27.4,27.5,27.4,27.5,27.4,27.1,27.0,26.9,26.4,26.1,26.1,25.9,25.9,25.8,25.7,25.7,25.8,25.7,25.4,25.7,25.6,25.7,25.7,25.5,25.7,25.6,25.5,25.5,25.6,25.6,25.7,25.7,25.7,25.8,25.7,25.6,25.6,25.7,25.8,25.8,25.9,25.8,25.7,25.6,25.9,25.8,26.1,26.1,26.3,26.4,26.0,25.9,25.6,25.7,25.8,25.6,25.5,25.6,25.5,25.8,25.8,25.7,26.0,26.3,26.4,26.6,26.4,26.6,26.6,26.8,26.8,26.8,26.8,26.9,26.9,26.9,27.0,27.0,27.0,27.2,26.8,27.0,27.0,27.0,27.0,26.9,26.8,27.0,26.9,26.8,26.8,26.8,26.8,26.9,26.9,26.8,26.9,26.8,26.8,26.7,26.7,26.9,26.8,26.8,27.0,26.8,26.8,26.9,26.9,26.8,26.8,26.8,26.8,26.8,26.8,26.7,26.7,26.8,26.6,26.6,26.8,26.8
110,25.8,25.9,25.7,25.8,25.8,25.6,25.9,25.8,25.9,25.7,25.9,25.6,25.7,25.9,25.8,26.0,26.2,26.4,26.8,26.9,27.2,27.4,27.3,27.4,27.3,27.5,27.4,27.4,27.1,27.0,27.1,27.2,27.2,27.0,26.9,27.0,26.9,27.0,26.9,27.0,27.2,26.9,26.7,26.2,26.1,26.1,25.9,26.0,26.1,25.9,26.1,26.0,25.8,26.0,25.8,25.9,25.9,25.7,25.8,25.9,25.8,26.0,26.0,25.8,26.2,26.2,26.5,26.7,27.0,27.4,27.5,27.3,27.4,27.2,27.3,27.0,27.2,26.9,26.4,26.1,26.1,26.0,25.9,25.7,25.9,25.8,25.7,25.6,25.7,25.5,25.5,25.5,25.6,25.5,25.6,25.5,25.5,25.8,25.5,25.5,25.7,25.7,25.8,25.8,25.7,25.8,25.7,25.8,25.8,25.8,25.8,25.8,25.9,25.9,25.8,26.1,26.1,26.1,26.3,26.1,26.1,26.0,25.8,25.7,25.6,25.6,25.6,25.6,25.3,25.8,25.8,25.8,25.9,26.4,26.3,26.6,26.5,26.6,26.5,26.6,26.8,26.8,26.8,26.9,26.8,26.7,26.8,26.9,26.8,26.9,27.0,26.9,26.9,26.9,26.9,27.0,27.1,27.0,26.9,26.9,26.8,26.8,27.0,27.0,27.0,27.0,27.0,26.8,26.8,26.9,26.8,26.7,26.8,26.8,27.0,26.8,26.9,26.9,26.9,26.9,26.7,26.8,26.9,26.8,26.9,27.0,26.8,26.8,26.8,26.8,26.7,26.7
111,26.0,25.8,25.7,25.7,25.7,25.8,25.8,25.8,25.8,25.6,25.8,25.8,25.8,25.8,25.9,26.1,26.3,26.8,27.1,27.2,27.3,27.7,28.1,27.9,28.1,27.9,28.0,27.9,27.9,28.0,27.9,28.0,28.0,27.9,27.6,27.5,27.3,27.1,27.2,27.2,27.3,27.4,26.9,26.5,26.1,26.0,26.1,25.9,26.1,25.9,26.0,25.7,25.8,25.8,25.8,25.8,26.0,25.8,25.9,25.8,25.8,25.8,25.8,26.0,26.1,26.5,26.6,27.0,27.2,27.5,27.6,27.4,27.3,27.2,27.3,27.2,27.2,27.1,26.6,26.2,26.0,25.9,25.6,25.8,25.8,25.9,25.9,25.6,25.6,25.6,25.5,25.6,25.7,25.5,25.6,25.5,25.3,25.6,25.4,25.7,25.6,25.7,25.6,25.9,25.7,25.6,25.5,25.6,25.6,25.9,26.1,25.8,25.9,26.0,25.9,26.2,26.2,26.3,26.3,26.3,26.0,25.9,25.8,25.6,25.5,25.6,25.7,25.5,25.6,25.6,25.6,25.8,26.0,26.2,26.4,26.5,26.6,26.7,26.7,26.7,26.7,26.7,26.8,26.8,26.8,26.8,26.9,26.8,26.8,26.9,26.9,26.9,26.9,26.9,26.9,27.0,26.9,26.9,26.8,26.8,26.8,27.1,26.8,26.9,26.9,26.8,26.8,26.7,26.9,26.8,27.0,26.8,26.9,27.0,26.9,26.7,26.8,26.8,26.9,26.8,26.8,26.7,26.8,26.7,26.8,26.6,26.8,26.8,26.7,26.6,26.7,26.7
112,25.8,25.7,25.8,25.7,25.7,25.8,25.8,25.7,25.6,25.6,25.7,25.6,25.6,25.9,26.1,26.3,26.8,27.1,27.5,27.8,28.2,28.4,28.5,28.6,28.5,28.5,28.6,28.7,28.7,28.6,28.7,28.6,28.6,28.6,28.3,28.1,27.7,27.4,27.2,27.4,27.5,27.3,27.0,26.5,26.2,26.0,26.0,26.0,26.1,26.0,25.6,25.8,25.8,25.8,25.9,25.9,25.8,25.8,25.8,25.8,25.8,25.8,25.8,26.1,26.3,26.6,26.8,27.2,27.4,27.4,27.6,27.5,27.4,27.2,27.3,27.4,27.2,27.1,26.8,26.3,26.0,25.8,25.8,25.8,25.7,25.6,25.7,25.6,25.6,25.5,25.5,25.5,25.5,25.7,25.5,25.4,25.6,25.5,25.5,25.6,25.6,25.8,25.8,25.8,25.6,25.7,25.8,25.7,25.8,25.9,26.0,25.9,26.0,26.1,26.1,26.1,26.2,26.2,26.2,26.3,26.0,25.9,25.7,25.8,25.6,25.6,25.5,25.6,25.3,25.6,25.6,25.8,25.9,26.2,26.5,26.5,26.5,26.5,26.6,26.7,26.6,26.6,26.9,26.8,26.9,26.8,26.8,26.9,26.8,26.9,27.0,26.8,26.9,27.0,27.0,27.0,26.8,26.9,26.7,26.8,26.8,26.9,26.7,26.8,26.9,26.8,26.7,26.7,26.8,26.9,26.8,26.9,27.0,26.8,26.9,26.8,26.8,26.7,26.8,26.7,26.6,26.8,26.7,26.9,26.8,26.7,26.7,26.8,26.7,26.7,26.7,26.8
113,25.8,25.7,25.7,25.8,25.7,25.7,25.6,25.7,25.8,25.8,25.7,25.7,25.8,25.8,25.8,26.5,27.1,27.7,28.3,28.6,28.7,28.7,28.8,28.9,29.0,29.1,29.0,28.9,28.9,29.1,28.9,28.9,28.8,28.7,28.6,28.4,28.1,27.8,27.7,27.7,27.4,27.3,26.8,26.3,25.9,25.9,26.0,25.8,25.9,25.8,25.8,25.9,25.8,25.7,25.8,25.8,25.9,25.8,25.9,26.0,25.8,25.9,25.8,26.3,26.4,26.9,27.0,27.1,27.3,27.4,27.4,27.5,27.3,27.2,27.3,27.4,27.3,27.0,26.9,26.2,25.9,25.8,25.8,25.8,25.7,25.6,25.8,25.6,25.7,25.6,25.6,25.7,25.5,25.6,25.6,25.4,25.6,25.6,25.6,25.7,25.6,25.6,25.6,25.8,25.8,25.7,25.7,25.7,25.8,26.2,26.1,26.2,26.1,26.1,26.3,26.3,26.1,26.3,26.3,26.3,26.1,25.9,25.7,25.6,25.7,25.6,25.5,25.5,25.6,25.6,25.6,25.7,26.0,26.1,26.3,26.5,26.4,26.4,26.5,26.7,26.7,26.8,26.8,26.6,26.8,26.7,26.9,26.8,27.0,26.9,27.0,26.8,26.8,26.9,27.0,26.9,26.7,26.9,26.8,27.0,26.9,26.8,26.8,26.8,26.8,26.8,26.7,26.8,26.8,26.9,26.8,26.8,26.8,26.8,26.8,26.9,26.7,26.8,26.7,26.8,26.9,26.8,26.7,26.8,26.6,26.7,26.8,26.7,26.8,26.7,26.7,26.6
114,25.9,25.8,25.8,25.8,25.8,25.8,25.8,25.9,25.8,25.6,25.8,25.6,25.8,25.9,26.1,26.7,27.3,28.1,28.6,29.0,29.0,29.1,29.1,29.0,29.0,29.1,28.9,29.0,28.8,28.9,28.8,28.8,28.8,29.0,28.6,28.5,28.4,28.0,28.0,27.7,27.5,27.1,26.4,26.1,25.8,25.8,25.9,25.9,26.0,25.8,25.9,25.9,25.8,25.8,25.9,25.9,25.7,25.8,25.9,26.0,25.8,25.9,25.9,26.2,26.6,26.8,27.2,27.3,27.6,27.4,27.4,27.4,27.4,27.3,27.6,27.4,27.4,27.1,26.9,26.3,26.1,25.8,25.8,25.7,25.7,25.7,25.6,25.6,25.6,25.4,25.5,25.7,25.6,25.5,25.6,25.6,25.6,25.6,25.6,25.6,25.6,25.7,25.6,25.8,25.6,25.8,25.8,25.7,25.9,26.1,26.2,26.3,26.3,26.3,26.2,26.3,26.2,26.3,26.3,26.3,26.1,25.8,25.7,25.7,25.7,25.6,25.6,25.6,25.6,25.7,25.7,25.8,26.0,26.2,26.2,26.4,26.5,26.6,26.6,26.7,26.7,26.7,26.8,26.9,26.7,26.8,26.9,26.8,26.8,26.8,26.8,26.8,26.9,26.9,26.9,26.9,26.8,26.8,27.0,26.9,26.8,26.8,26.9,26.7,26.9,26.9,27.0,26.9,26.9,26.7,26.8,26.9,26.7,26.9,26.7,26.7,26.8,26.7,26.7,26.6,26.7,26.8,26.8,26.7,26.6,26.5,26.8,26.8,26.6,26.7,26.8,26.7
115,25.9,25.9,25.8,25.7,25.9,25.8,25.6,25.9,25.9,25.9,25.7,25.8,25.8,25.8,26.3,26.8,27.6,28.2,28.8,28.9,28.9,29.0,29.0,29.1,29.1,29.0,28.9,29.1,29.0,28.8,28.9,28.8,28.7,28.7,28.6,28.8,28.7,28.7,28.3,27.9,27.4,26.9,26.3,26.0,25.8,25.8,26.0,25.9,25.8,25.9,25.9,25.9,25.8,26.1,25.8,25.8,25.9,26.0,25.9,25.9,25.8,26.1,25.9,26.1,26.4,26.7,27.0,27.2,27.6,27.5,27.6,27.3,27.5,27.2,27.3,27.5,27.3,27.2,26.9,26.5,26.2,26.0,25.9,25.9,25.7,25.7,25.7,25.6,25.6,25.5,25.5,25.6,25.8,25.3,25.6,25.6,25.6,25.6,25.5,25.6,25.7,25.6,25.6,25.8,25.8,25.8,25.8,25.8,25.7,25.9,26.1,26.1,26.4,26.3,26.1,26.3,26.0,26.3,26.2,26.1,26.2,26.0,25.9,25.6,25.5,25.6,25.6,25.6,25.6,25.6,25.8,25.9,26.2,26.2,26.3,26.4,26.5,26.6,26.6,26.5,26.7,26.7,26.8,26.6,27.0,26.8,26.9,26.8,26.8,27.0,26.9,27.0,26.9,26.9,26.9,26.8,27.0,27.0,26.8,27.1,27.0,27.0,27.0,26.9,26.9,26.8,27.1,27.0,26.8,26.8,27.0,26.9,26.9,26.8,26.8,26.8,26.8,27.0,26.9,26.8,26.9,26.8,26.7,26.8,26.8,26.6,26.7,26.7,26.8,26.9,26.9,26.7
116,26.1,26.0,25.8,26.1,25.8,25.9,25.8,25.8,25.6,25.8,25.9,25.7,25.8,26.1,26.4,26.8,27.6,28.2,28.8,28.9,29.2,29.1,29.1,29.1,29.1,29.1,29.1,29.0,28.8,28.8,28.6,28.4,28.5,28.6,28.7,28.9,28.8,29.0,28.5,27.9,27.5,26.8,26.1,26.0,25.8,25.9,25.9,25.8,25.8,25.9,25.9,25.9,26.0,25.8,26.1,25.8,25.9,25.8,25.8,25.8,25.8,25.9,26.0,26.1,26.3,26.6,26.7,27.2,27.4,27.5,27.6,27.6,27.6,27.5,27.5,27.3,27.2,27.1,26.9,26.6,26.1,26.1,25.9,25.9,25.7,25.6,25.6,25.6,25.7,25.5,25.6,25.6,25.6,25.6,25.3,25.5,25.6,25.6,25.6,25.6,25.6,25.6,25.8,25.6,25.6,25.7,25.8,25.9,25.8,25.9,26.2,26.3,26.1,26.1,26.1,26.2,26.2,26.2,26.2,26.2,26.1,25.9,25.8,25.4,25.6,25.7,25.6,25.5,25.6,25.7,25.5,25.8,26.0,26.2,26.4,26.6,26.6,26.5,26.7,26.7,26.6,26.8,26.8,26.8,27.0,27.0,27.0,26.9,26.9,26.9,26.8,27.0,27.0,27.0,27.1,26.9,27.0,26.9,26.8,27.0,26.9,27.0,26.9,26.8,26.9,26.8,27.0,26.8,26.8,26.9,26.9,26.8,26.7,26.9,26.9,26.9,27.0,26.9,27.0,26.9,26.8,26.7,26.9,26.8,26.6,26.6,26.8,26.8,26.8,26.7,26.9,26.8
117,26.0,25.9,25.9,25.9,25.9,26.0,25.8,25.8,25.8,26.0,26.0,26.0,26.0,26.0,26.3,27.0,27.7,28.2,28.9,29.1,29.3,29.2,29.1,29.3,29.3,29.1,29.1,28.9,28.9,28.5,28.5,28.6,28.5,28.4,28.6,28.9,28.9,28.9,28.5,28.1,27.5,26.8,26.2,26.0,26.0,26.0,26.1,26.1,25.8,26.1,25.9,25.8,25.8,25.9,25.9,26.0,25.9,25.9,25.8,26.1,25.9,26.0,26.0,26.1,26.2,26.3,26.5,26.8,27.0,27.3,27.5,27.4,27.5,27.6,27.3,27.3,27.2,27.0,27.0,26.7,26.3,26.0,25.8,25.8,25.6,25.8,25.7,25.8,25.6,25.6,25.5,25.6,25.6,25.6,25.7,25.6,25.7,25.6,25.6,25.6,25.6,25.7,25.8,25.9,25.9,25.8,25.8,25.8,26.0,25.8,26.0,26.2,26.3,26.3,26.1,26.1,26.3,26.1,26.3,26.5,26.3,25.8,25.8,25.6,25.6,25.6,25.6,25.7,25.7,25.6,25.8,25.8,26.0,26.2,26.2,26.5,26.5,26.5,26.8,26.7,26.7,26.7,26.8,26.8,26.9,27.0,27.0,26.9,26.8,27.0,26.9,27.0,26.9,27.0,26.8,26.9,26.9,26.9,26.8,26.9,26.9,26.8,26.8,26.9,26.9,26.8,26.8,26.8,26.9,26.8,26.9,26.8,26.8,26.9,26.9,26.7,26.9,26.9,26.8,26.7,26.8,26.8,26.8,26.7,26.7,26.9,26.8,26.9,26.8,26.8,26.7,26.8
118,25.7,26.1,25.7,25.8,25.9,26.0,25.8,25.9,25.9,25.8,25.7,25.8,26.0,26.1,26.3,26.9,27.4,28.4,28.7,29.0,29.1,28.9,29.2,29.1,29.1,28.9,29.1,28.9,28.8,28.5,28.6,28.7,28.5,28.7,28.8,28.8,28.9,29.0,28.5,28.1,27.6,26.7,26.3,26.2,26.0,26.1,26.1,26.1,25.9,26.1,25.8,25.9,25.8,26.0,25.9,26.0,25.8,25.9,26.0,25.8,26.0,25.9,26.0,25.9,25.9,26.2,26.1,26.4,26.7,27.2,27.2,27.4,27.5,27.4,27.2,27.3,27.1,27.0,27.0,26.9,26.3,26.1,25.8,25.9,25.6,25.6,25.7,25.7,25.8,25.5,25.5,25.7,25.6,25.6,25.7,25.7,25.7,25.6,25.6,25.7,25.6,25.8,25.8,25.8,25.6,25.8,25.8,25.8,25.8,26.0,26.1,26.3,26.1,26.0,26.2,25.9,26.3,26.5,26.7,26.5,26.2,26.1,25.7,25.8,25.6,25.8,25.6,25.6,25.6,25.8,25.8,25.8,26.0,26.3,26.3,26.4,26.5,26.7,26.6,26.6,26.6,26.7,26.8,26.8,26.9,26.8,26.8,26.9,27.0,26.8,26.9,26.9,26.9,27.0,27.0,27.0,27.0,27.0,26.8,27.0,26.8,27.0,26.8,26.9,26.8,26.8,26.8,27.0,26.7,26.8,26.8,26.9,26.8,26.9,26.8,27.0,26.8,27.0,26.7,27.0,26.8,26.9,26.7,26.8,26.7,26.8,26.8,26.7,26.8,26.8,26.7,26.8
119,25.8,26.0,25.8,26.0,25.8,25.8,25.8,25.9,25.9,25.9,26.0,25.8,25.7,26.1,26.4,26.9,27.5,28.3,28.9,29.1,29.2,29.1,29.1,29.0,29.1,29.0,28.8,28.8,28.9,28.7,28.6,28.9,28.9,29.0,29.0,29.1,29.0,28.9,28.5,28.1,27.6,26.7,26.4,26.1,26.1,26.1,26.2,26.0,26.0,25.9,25.9,26.0,25.8,26.0,26.0,25.9,25.9,25.9,25.8,25.8,25.9,25.9,25.8,25.8,25.8,25.9,26.1,26.2,26.4,26.7,26.9,27.2,27.2,27.3,27.1,27.1,27.0,27.0,27.0,26.9,26.2,26.0,26.0,25.8,25.5,25.7,25.7,25.7,25.8,25.6,25.6,25.6,25.7,25.8,25.8,25.8,25.7,25.8,25.6,25.6,25.7,25.7,25.7,25.8,25.7,25.7,25.6,25.6,25.8,26.1,26.1,26.1,26.3,26.1,26.1,26.1,26.4,26.7,27.0,26.8,26.5,26.2,25.9,25.7,25.6,25.7,25.6,25.7,25.7,25.7,25.8,25.8,26.1,26.3,26.3,26.4,26.5,26.6,26.6,26.7,26.7,26.8,26.8,26.9,26.8,27.0,27.1,26.8,27.0,26.9,27.0,27.0,27.0,26.9,26.9,27.0,26.8,26.9,26.9,26.8,26.9,26.8,27.0,26.9,27.0,26.8,26.9,26.8,26.8,26.9,26.8,26.8,26.8,26.9,26.8,26.9,26.7,26.9,26.8,26.8,26.7,26.8,26.8,26.9,26.9,26.9,26.7,26.8,26.8,26.8,27.0,26.9
120,26.0,26.0,25.7,25.9,25.9,25.9,26.0,25.9,25.8,25.9,25.9,26.0,26.0,26.0,26.5,26.9,27.7,28.3,28.9,29.1,29.3,29.2,29.2,29.1,29.4,29.3,29.1,29.0,29.0,29.0,28.9,28.8,29.2,29.0,29.1,29.1,28.9,29.0,28.6,28.1,27.7,26.9,26.5,26.0,26.3,26.2,26.3,26.1,26.1,25.8,26.0,25.9,26.0,25.9,26.1,26.0,26.1,26.1,26.0,25.9,25.9,26.1,25.9,25.8,25.9,25.9,25.9,26.1,26.2,26.4,26.4,26.8,26.9,26.9,27.0,27.0,26.9,26.8,26.8,26.8,26.5,26.1,25.8,25.7,25.6,25.7,25.7,25.7,25.7,25.6,25.5,25.8,25.8,25.8,25.9,26.0,25.9,25.9,25.8,25.7,25.6,25.6,25.8,25.8,25.7,25.8,25.7,25.6,26.0,26.1,26.1,26.1,26.1,26.2,26.0,26.0,26.4,26.8,27.2,27.1,26.6,26.3,25.9,25.6,25.7,25.6,25.6,25.5,25.6,25.6,25.7,25.7,25.9,26.2,26.4,26.5,26.5,26.6,26.6,26.7,26.7,26.8,26.8,26.7,26.9,26.8,26.9,26.9,26.9,27.0,26.8,26.9,27.0,26.8,26.9,27.0,27.0,26.8,27.0,26.8,27.1,26.8,27.0,27.0,26.9,26.8,27.1,27.0,26.8,26.8,26.8,26.8,26.8,26.8,26.8,26.8,26.8,26.8,26.9,26.8,26.8,26.9,26.7,26.8,26.8,26.7,26.8,26.6,26.8,26.7,26.8,26.8
121,26.0,25.8,26.0,25.7,25.9,25.9,25.8,25.8,25.8,25.9,25.8,26.0,25.9,26.0,26.3,27.0,27.4,28.3,28.7,29.1,29.0,29.3,29.2,29.2,29.0,29.0,29.1,29.1,29.2,29.2,29.0,29.1,29.2,29.0,29.3,29.2,29.0,29.1,28.7,28.1,27.6,27.0,26.6,26.3,26.2,26.2,26.3,26.0,26.1,26.0,25.9,25.9,25.9,25.9,25.9,25.9,26.0,26.0,26.0,25.9,25.7,25.8,25.8,25.9,26.0,25.9,26.0,26.0,26.0,26.3,26.3,26.4,26.8,26.8,27.1,27.0,26.9,26.8,26.6,26.3,26.1,26.1,25.7,25.7,25.7,25.7,25.7,25.6,25.7,25.8,25.8,25.8,25.7,25.8,25.9,26.1,26.1,26.0,26.0,25.8,25.7,25.9,25.8,25.8,25.7,25.8,25.7,25.8,25.8,25.8,25.9,26.1,26.1,25.9,25.9,26.1,26.6,27.0,27.1,27.1,26.6,26.1,25.9,25.7,25.6,25.6,25.5,25.5,25.6,25.8,25.8,25.7,26.1,26.2,26.3,26.4,26.5,26.5,26.9,26.7,26.7,26.5,26.7,26.8,26.9,26.7,27.0,26.8,26.9,26.9,26.9,26.9,26.8,26.9,27.0,26.8,26.8,26.9,26.8,26.9,26.9,27.0,26.9,26.8,26.9,26.9,26.8,26.9,26.8,26.6,26.8,26.6,26.9,26.8,26.9,26.8,26.8,26.9,26.9,26.8,27.0,26.8,26.8,26.8,26.8,26.9,26.9,26.8,26.9,26.9,26.8,26.8
122,26.1,25.8,26.0,25.9,25.9,25.8,25.9,25.8,25.8,25.7,25.8,25.8,26.0,26.1,26.4,27.0,27.5,28.4,28.8,29.0,29.2,29.1,29.2,29.1,29.2,29.1,29.2,29.1,29.0,29.2,29.0,29.3,29.2,29.2,29.2,29.4,29.3,29.1,28.7,28.1,27.7,27.0,26.4,26.2,26.2,26.1,26.1,26.0,26.0,26.0,25.8,25.9,25.7,25.9,25.9,26.0,25.9,25.8,25.9,25.7,25.8,25.8,25.8,25.8,25.8,25.8,25.8,25.8,25.8,26.1,26.1,26.1,26.4,26.5,26.5,26.8,26.9,26.7,26.5,26.2,25.9,26.0,26.0,25.8,25.9,25.8,25.6,25.7,25.8,25.8,25.9,25.8,25.7,26.0,26.1,26.4,26.3,26.4,26.1,26.0,26.0,25.9,25.7,25.9,25.7,25.7,25.7,25.6,25.8,25.8,25.8,25.9,26.0,25.8,26.1,26.0,26.5,26.6,26.8,26.8,26.4,26.2,25.8,25.6,25.4,25.6,25.5,25.6,25.6,25.7,25.7,25.9,26.1,26.2,26.3,26.5,26.5,26.6,26.6,26.7,26.7,26.7,26.7,26.8,26.9,26.7,27.0,26.7,26.8,26.9,26.8,26.9,26.8,27.0,27.1,26.9,26.9,26.9,26.9,26.9,27.0,26.9,26.8,26.8,27.0,26.9,26.9,26.8,26.9,26.9,26.8,26.8,26.8,26.8,27.0,26.8,26.8,27.0,26.8,26.8,26.8,27.0,26.8,27.0,26.9,26.9,26.6,26.6,26.8,26.8,26.9,26.7
123,25.9,26.0,25.8,25.8,25.9,25.9,25.8,25.9,25.8,25.7,25.9,25.9,25.9,26.2,26.4,26.8,27.6,28.3,28.8,29.1,29.0,29.1,29.2,29.1,29.1,29.3,29.3,29.2,29.3,29.1,29.1,29.0,29.3,29.1,29.1,29.2,29.1,29.1,28.6,28.1,27.7,27.2,26.6,26.1,26.3,26.2,26.1,25.9,25.9,26.0,25.9,26.0,25.9,25.8,25.9,25.9,25.8,26.0,25.8,25.8,25.9,25.8,25.9,25.9,25.8,26.0,26.0,25.8,25.8,25.9,25.9,26.0,26.2,26.4,26.5,26.4,26.6,26.2,26.3,25.9,25.9,25.8,25.8,25.9,25.6,25.8,25.7,25.7,25.8,25.7,25.6,25.9,25.9,26.3,26.4,26.7,26.6,26.6,26.2,26.1,26.0,25.8,25.8,25.9,25.8,25.7,25.6,25.7,25.7,25.6,25.8,26.0,26.0,25.9,25.8,26.1,26.1,26.3,26.4,26.5,26.1,26.1,25.8,25.6,25.6,25.5,25.6,25.7,25.4,25.7,25.7,25.8,26.0,26.2,26.3,26.4,26.5,26.4,26.7,26.5,26.7,26.8,26.6,26.6,26.7,26.9,26.8,26.9,26.8,26.9,26.7,26.9,26.9,26.8,26.9,26.8,26.9,26.8,26.9,26.9,26.9,26.8,26.8,26.9,27.0,26.8,26.9,26.9,26.9,26.9,26.9,26.8,26.8,26.9,27.0,26.8,26.8,26.9,26.8,26.8,26.8,26.7,26.8,26.8,26.8,26.8,26.7,26.8,26.8,26.7,26.6,26.8
124,25.9,26.0,25.8,25.9,25.8,26.0,25.8,25.8,25.7,25.8,25.8,25.8,26.1,25.9,26.6,27.0,27.5,28.2,28.8,29.0,29.2,29.3,29.1,29.3,29.2,29.2,29.2,29.3,29.2,29.1,29.1,29.3,29.2,29.0,29.0,29.0,29.0,29.1,28.8,28.4,27.7,27.0,26.5,26.3,26.3,26.2,26.2,26.0,25.9,25.9,26.1,25.9,25.9,26.0,25.8,25.9,25.9,26.0,25.8,25.7,25.9,25.8,25.6,26.0,25.6,25.8,26.0,25.9,25.8,25.9,25.9,26.0,26.0,26.1,26.2,26.4,26.3,26.1,26.0,25.9,25.9,25.8,25.8,25.8,25.8,25.8,25.7,25.8,25.8,25.9,25.8,26.0,26.0,26.0,26.4,26.7,26.6,26.7,26.3,26.1,25.9,26.1,25.7,25.8,25.7,25.6,25.6,25.6,25.7,25.6,25.8,25.8,25.8,25.7,26.0,26.0,26.0,26.1,26.2,26.1,26.0,25.9,25.8,25.6,25.6,25.8,25.6,25.6,25.7,25.5,25.6,25.7,26.0,26.2,26.4,26.3,26.5,26.6,26.6,26.7,26.7,26.8,26.8,26.8,26.7,26.8,26.9,26.9,26.9,26.9,27.0,26.8,27.0,26.9,26.8,27.0,27.0,27.0,27.0,26.8,27.0,26.9,27.0,26.9,26.8,27.0,26.8,26.9,27.0,26.8,26.9,26.9,26.8,26.8,26.7,26.7,26.7,26.8,26.9,26.8,26.7,26.8,26.8,26.6,26.8,26.7,26.8,26.8,26.7,26.7,26.7,26.6
125,26.0,25.9,25.7,25.7,25.8,25.8,25.8,25.9,25.7,25.9,25.9,25.8,26.1,26.1,26.3,27.0,27.5,28.3,28.9,29.2,29.1,29.3,29.2,29.1,29.3,29.1,29.1,29.1,29.2,29.2,29.0,29.0,29.1,29.1,29.2,29.1,29.1,29.0,28.7,28.2,27.7,27.2,26.5,26.1,26.2,26.3,26.2,26.0,25.9,25.9,26.1,25.8,25.9,25.9,25.9,26.0,25.8,26.1,25.8,25.8,25.7,25.9,25.7,26.0,25.8,26.0,25.8,25.8,26.0,25.8,25.9,25.9,25.9,25.8,26.0,26.0,26.0,25.9,25.9,25.7,25.6,25.7,25.6,25.7,25.6,25.6,25.8,25.8,25.7,25.8,25.8,25.9,26.0,26.1,26.1,26.4,26.6,26.2,26.3,26.1,25.6,25.8,25.8,25.8,25.7,25.6,25.8,25.7,25.7,25.8,25.6,25.8,25.8,25.8,25.9,25.7,25.9,25.9,25.8,25.9,25.7,25.5,25.6,25.7,25.7,25.6,25.6,25.5,25.6,25.6,25.7,25.7,25.9,26.2,26.2,26.6,26.5,26.4,26.8,26.6,26.7,26.7,26.7,26.8,26.8,26.9,27.0,26.9,26.9,26.9,27.0,26.8,27.0,27.1,27.0,27.0,26.9,26.9,27.0,26.9,26.8,26.8,27.0,26.8,26.9,26.8,26.9,26.9,26.9,26.9,26.8,26.9,26.9,26.7,27.0,26.6,26.7,26.8,26.9,26.9,26.9,27.0,26.9,26.8,26.8,26.8,26.8,26.9,26.8,26.5,26.9,26.6
126,26.1,26.0,26.0,25.9,25.8,26.0,25.8,25.8,25.8,26.1,25.8,26.1,25.8,26.0,26.5,26.9,27.5,28.2,28.9,29.1,29.1,29.1,29.4,29.3,29.3,29.0,29.1,29.2,29.2,29.3,29.2,29.2,29.2,29.2,29.2,29.1,28.9,29.1,28.7,28.3,27.7,27.0,26.6,26.3,26.0,26.4,26.2,26.1,26.0,26.1,26.0,26.0,26.1,25.9,25.9,25.9,25.8,25.8,25.8,25.9,26.0,26.1,26.0,26.0,25.9,26.0,25.9,26.1,25.9,25.8,25.9,25.7,25.8,25.8,25.9,26.0,26.0,25.8,25.7,25.7,25.8,25.7,25.8,25.6,25.6,25.7,25.7,25.6,25.9,25.7,25.7,25.9,26.0,26.0,26.1,26.2,26.3,26.2,25.9,25.8,25.9,25.7,25.7,25.8,25.7,25.5,25.8,25.5,25.7,25.8,25.6,25.7,25.7,25.7,25.7,25.8,25.7,25.8,25.8,25.9,25.7,25.8,25.6,25.6,25.6,25.7,25.6,25.8,25.5,25.6,25.8,25.8,26.0,26.3,26.2,26.6,26.5,26.7,26.7,26.6,26.7,26.7,26.7,26.9,26.9,26.8,26.8,26.7,27.0,27.1,27.1,26.9,27.0,26.8,26.9,27.0,26.9,26.9,26.8,26.8,27.0,26.8,27.0,26.9,27.0,27.0,26.8,26.8,26.9,26.9,26.7,26.8,26.8,26.9,26.9,26.9,26.8,26.9,26.9,26.7,26.9,26.8,26.8,26.8,26.7,26.6,26.7,26.8,26.8,26.9,26.9,26.8
127,26.0,26.0,25.8,26.0,26.0,26.0,26.1,25.8,25.9,26.0,26.0,25.8,25.8,26.2,26.3,26.9,27.4,28.3,28.8,29.1,29.1,29.1,29.3,29.3,29.5,29.2,29.1,29.2,29.2,29.1,29.2,29.2,29.1,29.0,29.1,29.1,29.1,29.0,28.5,28.3,27.8,26.9,26.5,26.2,26.4,26.2,26.1,26.1,26.1,26.0,26.1,26.0,25.9,25.9,25.9,25.8,26.0,25.7,25.9,25.8,26.0,25.9,25.9,26.0,26.0,26.0,25.9,26.0,25.8,25.8,25.6,25.8,25.8,25.8,25.8,25.9,25.8,25.7,25.8,25.8,25.6,25.7,25.6,25.8,25.6,25.7,25.8,25.7,25.8,25.8,25.9,25.9,25.8,25.9,26.1,25.9,25.9,25.9,25.8,25.7,25.7,25.6,25.7,25.6,25.6,25.7,25.6,25.6,25.6,25.5,25.6,25.7,25.8,25.7,25.7,25.9,25.8,25.9,25.8,25.7,25.6,25.8,25.7,25.5,25.5,25.6,25.6,25.6,25.6,25.6,25.8,25.8,25.8,26.1,26.2,26.4,26.5,26.5,26.7,26.6,26.6,26.7,26.9,26.8,26.8,26.8,26.9,27.0,26.9,26.9,26.9,27.0,26.8,26.9,26.9,27.0,26.9,26.9,26.9,26.9,27.0,26.9,26.8,26.8,26.9,26.8,27.0,27.0,26.9,26.9,26.9,26.9,27.0,26.9,26.9,26.7,26.8,26.9,26.8,26.9,26.8,26.8,26.8,26.9,26.8,26.8,26.7,26.8,26.8,26.7,26.8,26.6
128,26.1,25.9,25.9,26.1,25.9,25.8,26.0,25.9,25.9,25.8,25.9,26.0,26.0,26.1,26.3,27.0,27.4,28.1,28.8,29.1,29.1,29.2,29.0,29.4,29.3,29.2,29.1,29.3,29.2,29.0,29.2,29.1,29.2,29.1,29.1,29.1,29.1,29.2,28.8,28.1,27.7,27.0,26.4,26.2,26.1,26.1,26.0,26.1,26.0,26.1,26.2,25.9,25.8,25.8,25.8,25.9,25.8,25.9,25.9,26.0,25.8,26.1,26.0,26.0,25.8,25.9,26.1,25.9,25.8,25.8,25.8,25.7,26.1,25.7,25.8,25.7,25.7,25.7,25.7,25.7,25.7,25.6,25.7,25.7,25.6,25.7,25.8,25.7,25.8,25.6,25.8,25.9,25.8,25.7,25.8,25.7,25.6,25.7,25.8,25.6,25.6,25.7,25.7,25.7,25.7,25.6,25.7,25.6,25.7,25.8,25.6,25.7,25.6,25.7,25.8,25.9,25.7,25.9,25.6,25.6,25.9,25.7,25.6,25.6,25.4,25.8,25.7,25.5,25.6,25.6,25.8,25.7,25.9,26.1,26.3,26.5,26.6,26.6,26.6,26.6,26.7,26.7,26.8,26.8,26.9,27.0,26.8,26.8,26.9,26.8,26.8,27.0,27.0,27.0,27.0,26.9,26.9,26.9,27.2,27.1,27.1,26.9,26.9,26.9,26.8,26.8,26.8,27.0,26.9,27.0,26.9,26.9,26.9,26.8,26.8,26.8,26.8,26.9,26.9,26.8,26.9,26.7,26.8,26.9,26.9,26.7,26.7,27.0,26.8,26.7,26.7,26.8
129,26.1,26.0,25.8,26.2,25.9,25.8,25.9,25.8,25.9,25.9,25.9,25.9,26.0,25.9,26.3,26.8,27.5,28.3,28.9,29.0,29.2,29.2,29.3,29.2,29.2,29.2,29.1,29.1,29.1,29.1,29.1,28.9,29.0,28.9,29.1,29.1,29.0,29.0,28.6,28.3,27.9,26.9,26.5,26.2,26.1,26.2,26.1,26.1,26.0,25.9,26.0,25.9,26.0,25.9,26.0,25.8,25.9,25.9,25.9,25.9,26.0,26.0,26.0,26.0,25.9,25.8,25.8,25.8,25.9,25.9,25.8,25.7,25.6,25.7,25.7,25.6,25.6,25.7,25.6,25.6,25.6,25.8,25.8,25.6,25.7,25.7,25.6,25.7,25.8,25.7,25.9,25.9,25.7,25.7,25.9,25.7,25.8,25.7,25.7,25.8,25.8,25.6,25.6,25.7,25.7,25.7,25.6,25.8,25.6,25.6,25.6,25.6,25.8,25.8,25.9,25.8,25.8,25.9,25.8,25.9,25.8,25.8,25.7,25.6,25.4,25.6,25.6,25.6,25.5,25.7,25.6,25.7,25.8,26.2,26.3,26.3,26.5,26.6,26.6,26.5,26.7,26.7,26.7,26.8,26.9,26.8,27.0,26.8,26.9,26.7,26.9,26.8,27.0,26.9,26.8,27.0,26.9,26.9,26.8,26.9,26.9,27.0,27.0,27.0,26.9,26.8,26.8,26.8,26.8,26.8,26.8,26.9,26.9,27.0,26.8,26.8,26.8,26.9,26.8,26.8,26.6,26.9,26.8,26.9,26.7,26.6,26.8,26.8,26.7,26.6,26.7,26.7
130,26.1,25.8,26.0,26.1,25.8,25.9,25.9,25.9,25.9,25.8,25.9,26.0,26.0,26.0,26.3,26.7,27.5,28.0,28.7,29.1,29.3,29.1,29.2,29.3,29.2,29.3,28.9,29.0,28.9,28.8,28.7,28.8,29.0,28.9,28.9,29.1,29.1,29.0,28.6,28.2,27.7,27.1,26.6,26.2,26.2,26.2,26.1,26.1,25.9,26.0,25.9,26.0,26.0,25.8,25.8,26.0,25.8,25.9,25.9,25.9,25.9,26.0,25.9,26.0,25.8,25.7,25.8,25.8,25.8,25.7,25.8,25.7,25.8,25.7,25.8,25.8,25.7,25.6,25.7,25.7,25.6,25.7,25.8,25.8,25.7,25.8,25.6,25.8,25.6,25.8,25.7,25.8,25.7,25.8,25.8,25.8,25.9,25.8,25.6,25.7,25.7,25.7,25.8,25.7,25.6,25.7,25.6,25.6,25.7,25.7,25.6,25.8,25.7,26.1,25.9,25.9,26.0,26.2,26.0,26.0,25.7,25.8,25.7,25.7,25.7,25.6,25.6,25.6,25.4,25.5,25.5,25.7,26.0,26.0,26.2,26.4,26.5,26.5,26.6,26.6,26.8,26.7,26.8,26.8,26.8,26.9,26.9,26.8,26.8,26.9,26.9,26.8,27.1,26.8,26.9,27.0,26.8,27.0,26.9,26.9,27.0,27.0,26.8,26.8,26.9,27.0,26.9,26.8,26.9,27.0,26.9,26.8,26.9,26.9,26.7,26.7,26.8,26.8,26.8,27.0,26.7,27.0,26.7,26.7,26.8,26.6,26.8,26.9,27.0,26.9,26.7,26.7
131,26.0,26.1,26.0,26.0,26.1,26.0,26.1,25.9,26.1,26.2,26.0,26.1,26.2,26.2,26.3,27.0,27.5,28.2,28.7,29.1,29.2,29.2,29.3,29.2,29.3,29.3,29.1,28.9,28.9,28.7,28.7,28.8,28.8,28.9,29.1,29.1,29.0,28.8,28.7,28.3,28.0,27.1,26.5,26.3,26.2,26.2,26.3,26.1,25.9,26.1,26.1,25.9,25.9,26.1,25.9,26.0,26.0,26.0,25.8,25.9,26.0,26.0,25.9,25.9,25.9,25.8,25.8,25.9,25.8,25.9,25.8,25.9,25.8,25.8,25.8,25.8,25.8,26.0,25.8,25.7,25.6,25.8,25.7,25.7,25.8,25.7,25.7,25.8,25.8,25.8,25.8,25.9,25.9,26.0,25.8,25.7,25.8,25.8,25.8,25.7,25.6,25.6,25.6,25.6,25.6,25.6,25.6,25.7,25.6,25.7,25.7,25.7,25.6,26.0,26.1,26.0,26.3,26.2,26.2,26.2,26.0,25.8,25.8,25.6,25.6,25.6,25.6,25.5,25.6,25.7,25.5,25.7,25.9,26.2,26.2,26.5,26.4,26.6,26.6,26.6,26.7,26.8,26.9,26.8,27.0,26.8,26.9,27.0,26.9,27.0,27.0,26.8,26.9,26.9,27.1,26.9,27.0,26.8,27.0,27.2,27.0,27.0,27.0,27.0,27.0,27.0,27.0,26.9,27.0,26.9,26.9,27.0,26.9,27.0,26.8,26.8,27.0,27.0,26.9,26.7,26.9,26.9,26.8,26.8,26.8,26.8,26.9,26.7,26.6,26.8,26.8,26.8
132,26.1,25.9,25.9,26.0,25.8,25.9,25.8,26.0,26.0,25.9,25.9,26.1,26.1,26.1,26.4,27.0,27.4,28.1,28.8,29.1,29.1,29.1,29.2,29.2,29.3,29.1,29.0,29.1,28.8,28.7,28.7,28.9,28.9,28.9,28.9,29.1,29.1,29.1,28.7,28.3,27.7,27.2,26.5,26.3,26.3,26.1,26.3,25.9,26.0,25.9,25.8,25.9,25.9,25.9,26.0,25.9,26.0,25.8,25.9,25.9,25.9,25.8,25.8,25.9,25.8,25.9,25.8,25.7,25.8,25.6,25.5,25.8,25.8,25.9,25.8,25.8,25.7,25.8,25.7,25.7,25.6,25.8,25.6,25.8,25.6,25.7,25.8,25.8,25.8,25.9,25.8,25.9,25.8,26.0,25.8,25.8,25.8,25.8,25.5,25.7,25.6,25.6,25.7,25.5,25.6,25.9,25.6,25.6,25.6,25.7,25.6,25.6,25.7,25.9,25.9,26.1,26.2,26.2,26.1,26.1,26.0,25.7,25.7,25.7,25.7,25.9,25.6,25.5,25.5,25.6,25.6,25.8,25.8,26.1,26.1,26.4,26.6,26.5,26.8,26.6,26.8,26.7,26.8,26.7,26.9,27.0,27.0,26.8,26.7,26.9,27.0,26.9,26.9,26.8,27.1,27.0,27.0,27.0,26.8,27.0,27.0,27.0,26.9,26.9,26.9,27.0,26.9,26.8,26.9,26.9,26.9,26.9,27.0,27.0,26.8,26.8,26.9,26.8,27.0,27.0,26.7,26.8,26.8,26.9,27.0,26.8,26.8,26.8,26.8,26.8,26.8,26.8
133,26.2,26.0,26.0,26.1,26.0,26.0,26.0,26.1,26.1,25.8,26.0,26.1,26.0,26.1,26.4,26.8,27.3,28.1,28.7,29.0,29.3,29.2,29.1,29.2,29.2,29.1,29.2,29.0,28.9,28.9,28.9,28.9,28.8,29.0,29.0,29.0,29.1,28.9,28.7,28.2,27.9,27.3,26.5,26.3,26.0,26.2,26.1,26.1,26.1,25.8,26.0,26.1,25.8,26.1,26.0,26.0,26.0,25.9,26.0,26.0,25.9,26.1,25.8,25.9,26.0,26.0,25.8,25.9,25.9,25.8,25.6,25.6,25.8,25.9,25.8,25.8,25.8,25.7,25.7,25.8,25.8,25.8,25.7,25.8,25.6,25.7,25.6,25.7,25.8,26.0,25.8,25.8,25.8,26.0,25.8,25.7,25.6,25.8,25.8,25.7,25.6,25.6,25.5,25.6,25.6,25.7,25.7,25.7,25.7,25.6,25.6,25.7,25.7,25.8,26.0,26.0,26.0,26.1,26.1,26.2,26.0,26.0,25.8,25.7,25.7,25.8,25.7,25.6,25.6,25.7,25.7,25.8,25.9,26.0,26.3,26.5,26.5,26.6,26.8,26.7,26.8,26.7,26.9,26.7,26.9,26.9,26.9,26.9,26.8,26.9,27.0,26.9,26.9,27.1,27.0,26.9,27.0,26.9,27.1,26.8,26.9,26.9,27.0,26.9,27.0,26.8,27.0,26.9,26.9,27.0,27.0,26.8,26.9,26.8,26.9,26.9,26.9,27.0,26.8,26.9,26.9,26.8,26.8,26.8,27.0,26.8,26.9,26.8,26.8,26.9,26.7,26.7
134,26.1,26.0,26.1,26.1,25.8,25.9,25.8,25.9,25.9,25.9,25.9,25.9,26.0,26.0,26.2,26.8,27.4,28.1,28.7,29.0,29.2,29.3,29.4,29.1,29.1,29.0,29.0,29.1,29.1,29.1,28.9,29.2,29.0,29.1,29.0,29.0,28.6,28.6,28.3,28.0,27.7,27.3,26.7,26.3,26.1,26.0,25.9,26.1,25.8,25.8,25.9,25.6,25.9,26.0,25.8,25.8,25.9,26.0,25.9,26.0,25.8,25.8,25.8,25.7,25.7,25.8,25.8,25.8,25.8,25.7,25.8,25.8,25.8,25.7,25.8,25.8,25.9,25.6,25.7,25.7,25.7,25.7,25.7,25.6,25.8,25.6,25.8,25.8,25.9,25.7,25.8,25.9,25.8,26.0,25.8,25.7,25.7,25.8,25.6,25.6,25.6,25.7,25.6,25.7,25.6,25.4,25.6,25.5,25.7,25.6,25.6,25.7,25.6,25.8,25.8,26.0,26.0,26.0,26.0,26.2,26.0,26.1,25.8,25.6,25.8,25.6,25.5,25.7,25.6,25.8,25.7,25.8,25.8,26.2,26.1,26.5,26.5,26.5,26.6,26.6,26.6,26.7,26.8,26.8,26.8,26.9,26.7,26.9,26.8,27.0,26.9,26.8,27.0,26.8,27.1,27.0,27.0,26.9,27.0,26.9,27.0,26.9,26.9,26.9,26.8,26.8,26.8,26.9,26.9,26.9,26.9,26.9,26.8,26.9,26.9,26.9,26.9,26.9,27.0,26.9,26.8,26.8,26.7,26.9,26.7,26.9,26.8,26.9,26.9,26.8,26.8,26.9
135,25.9,25.8,25.9,25.9,25.8,25.9,26.0,25.9,25.8,25.9,25.8,25.9,26.1,26.1,26.3,26.5,27.2,27.9,28.6,29.0,29.1,29.1,29.3,29.1,29.3,29.3,29.2,29.1,29.1,29.1,29.1,29.3,29.1,29.1,28.7,28.5,28.4,27.9,27.9,27.9,27.8,27.5,27.2,26.6,26.2,25.9,26.1,26.0,25.9,25.8,26.0,26.0,26.1,26.1,26.0,25.9,26.0,25.9,26.0,25.9,25.9,26.1,25.9,25.9,25.8,25.8,25.9,25.9,25.8,25.8,25.7,25.7,25.6,25.8,25.8,25.7,25.8,25.7,25.8,25.7,25.7,25.8,25.7,25.7,25.9,25.5,25.7,25.9,25.8,25.9,25.7,25.7,25.8,25.7,25.5,25.7,25.7,25.5,25.7,25.6,25.7,25.7,25.6,25.7,25.6,25.6,25.7,25.7,25.7,25.6,25.8,25.6,25.8,25.6,25.6,25.7,25.8,26.1,26.2,26.4,26.3,26.3,26.1,25.8,25.7,25.6,25.5,25.6,25.7,25.6,25.6,25.8,25.9,26.0,26.3,26.6,26.5,26.5,26.7,26.5,26.7,26.9,26.8,26.8,27.0,26.9,26.9,27.0,27.0,26.9,26.9,27.0,26.9,27.0,26.9,26.9,26.8,26.9,27.0,26.9,27.0,27.0,26.8,26.9,27.0,26.9,26.9,26.9,26.8,26.9,26.9,26.9,26.9,26.8,26.9,26.9,26.9,26.8,26.8,26.8,26.8,26.9,26.8,26.8,26.8,26.8,26.8,26.9,26.7,26.8,26.8,26.8
136,25.9,25.9,26.1,26.0,26.0,26.0,26.1,25.8,25.9,25.9,25.8,25.8,26.1,26.0,26.1,26.6,27.2,27.7,28.4,28.8,29.0,29.2,29.2,29.2,29.3,29.2,29.3,29.2,29.0,29.1,29.1,29.2,29.2,28.9,28.7,28.5,28.1,27.6,27.4,27.5,27.6,27.6,27.2,26.8,26.3,25.9,26.0,26.0,25.8,25.8,26.1,26.1,26.0,26.1,26.3,26.2,26.2,26.0,25.9,25.8,26.0,26.1,25.8,25.8,25.8,25.8,25.8,25.8,25.8,25.7,25.7,25.7,25.8,25.7,25.8,25.8,25.6,25.7,25.7,25.7,25.6,25.8,25.7,25.7,25.6,25.6,25.6,25.8,25.8,25.7,25.8,25.9,25.8,25.7,25.7,25.6,25.8,25.7,25.7,25.7,25.5,25.8,25.7,25.7,25.6,25.8,25.7,25.8,25.6,25.6,25.7,25.6,25.7,25.8,25.6,25.7,25.7,26.0,26.2,26.3,26.3,26.1,26.0,25.8,25.7,25.6,25.6,25.7,25.6,25.3,25.7,25.7,25.9,26.1,26.2,26.5,26.4,26.5,26.7,26.7,26.7,26.7,26.8,26.7,26.8,26.8,26.9,27.0,27.0,26.9,26.9,26.9,26.9,27.1,27.0,26.9,26.8,26.8,27.0,27.1,26.9,26.8,27.0,26.9,26.8,26.6,26.8,27.0,26.8,27.0,26.8,26.9,26.7,26.8,26.8,26.7,26.8,26.8,26.8,26.8,26.8,26.7,26.6,26.8,26.7,26.8,26.8,26.7,26.8,26.8,26.7,26.5
137,26.0,26.1,26.0,25.9,26.1,25.9,26.0,26.0,26.1,25.8,26.0,26.0,26.0,26.0,26.1,26.5,26.9,27.4,28.1,28.6,28.9,29.1,29.0,29.0,28.9,29.1,29.0,29.0,28.9,28.8,28.8,28.8,28.7,28.7,28.3,28.3,27.7,27.3,27.1,27.3,27.4,27.3,27.3,26.7,26.1,26.0,26.1,25.9,25.8,25.8,26.1,26.0,26.4,26.5,26.6,26.9,26.7,26.5,26.5,26.2,25.9,26.1,26.1,26.0,26.1,25.8,25.9,25.9,25.8,25.6,25.8,25.7,25.8,25.7,25.8,25.8,25.8,25.9,25.6,25.6,25.8,25.8,25.6,25.8,25.7,25.7,25.6,25.8,25.7,25.8,25.7,25.8,25.9,25.8,25.8,25.7,25.8,25.8,25.7,25.8,25.7,25.8,25.6,25.9,25.8,25.9,25.8,25.6,25.7,25.6,25.7,25.7,25.7,25.6,25.7,25.7,25.8,25.8,26.1,26.2,26.3,26.1,26.1,25.7,25.6,25.6,25.6,25.7,25.5,25.6,25.6,25.7,25.8,26.1,26.3,26.5,26.5,26.5,26.7,26.8,26.7,26.7,26.7,26.7,26.9,26.9,26.9,27.0,26.8,27.0,27.0,26.8,27.0,26.9,27.0,27.0,26.9,27.1,27.0,27.0,26.9,26.9,27.0,27.0,26.9,26.9,26.9,26.8,27.0,26.7,26.9,26.7,26.9,26.7,27.0,26.9,27.0,26.8,26.8,26.8,26.7,26.9,26.8,26.8,26.8,26.8,26.8,26.9,26.9,26.8,26.8,26.8
138,25.9,25.9,26.0,25.9,25.9,25.9,25.9,25.8,26.0,25.8,26.0,25.9,25.9,25.8,26.1,26.1,26.6,27.1,27.5,27.7,28.1,28.2,28.2,28.3,28.4,28.2,28.3,28.2,28.1,28.1,27.9,28.1,27.9,27.7,27.6,27.3,27.1,27.0,27.1,27.1,27.2,27.0,26.8,26.4,26.1,25.9,25.9,25.9,25.9,26.1,26.2,26.5,26.8,27.2,27.3,27.5,27.4,27.2,27.1,26.6,26.2,26.1,25.9,25.8,25.9,25.8,25.8,25.8,25.7,25.6,25.9,25.8,25.8,25.7,25.9,25.8,25.8,25.8,25.8,25.8,25.7,25.8,25.7,25.7,25.8,25.8,25.8,25.7,25.8,25.8,26.0,25.9,25.8,25.9,25.6,25.7,25.7,25.8,25.7,25.7,25.8,25.7,25.8,25.8,25.6,25.7,25.5,25.7,25.6,25.7,25.6,25.6,25.6,25.4,25.8,25.7,25.8,25.8,25.9,26.0,26.0,25.8,25.8,25.6,25.6,25.6,25.6,25.7,25.6,25.7,25.6,25.9,25.8,26.1,26.3,26.5,26.5,26.5,26.8,26.7,26.6,26.6,26.7,26.8,26.9,26.9,26.9,27.0,27.0,27.0,26.9,27.0,26.9,27.2,27.0,27.0,27.0,27.0,27.0,26.9,27.0,27.0,27.0,27.0,27.0,26.9,26.9,26.8,26.9,27.0,27.0,26.9,26.9,26.8,26.9,26.8,26.9,27.0,26.8,27.0,26.9,27.0,26.9,26.8,26.9,26.9,26.8,26.8,26.8,26.8,26.9,26.8
139,26.1,26.1,26.0,26.0,25.9,26.0,25.8,26.0,25.9,25.9,26.0,25.9,26.0,25.9,26.0,26.0,26.5,26.8,26.8,27.2,27.5,27.5,27.6,27.6,27.7,27.5,27.7,27.3,27.2,27.2,27.1,27.0,27.1,27.0,27.0,26.7,26.6,26.7,26.7,26.6,26.8,26.5,26.3,26.1,26.0,25.9,26.1,25.9,25.9,25.9,26.4,26.7,27.3,27.5,27.6,27.6,27.5,27.6,27.4,27.3,26.8,26.3,26.2,25.9,25.9,25.9,25.9,25.9,25.8,25.8,25.7,25.6,25.8,25.8,25.9,25.8,25.8,25.8,25.8,25.8,25.7,25.9,25.7,25.7,25.8,25.8,25.7,25.8,25.8,25.8,25.8,25.9,25.8,25.9,25.8,25.7,25.8,25.7,25.7,25.8,25.8,25.8,25.8,25.9,25.6,25.6,25.6,25.7,25.6,25.6,25.4,25.7,25.8,25.7,25.8,25.7,25.8,25.9,25.8,25.9,25.8,25.8,25.8,25.8,25.8,25.6,25.6,25.7,25.7,25.6,25.6,25.9,25.7,26.1,26.3,26.5,26.5,26.5,26.6,26.7,26.8,26.7,26.7,26.8,26.8,26.8,27.0,27.0,26.9,26.9,27.0,26.9,26.8,26.9,26.9,26.9,27.0,26.9,27.0,26.8,27.0,27.0,26.9,27.0,26.9,26.8,26.8,26.8,26.9,26.9,26.9,26.8,26.9,26.8,26.9,26.8,27.0,26.8,26.8,26.8,26.7,26.9,26.9,27.0,26.8,26.8,26.9,26.8,26.6,26.7,26.8,26.6
140,26.1,26.0,26.0,26.1,25.9,26.0,25.9,25.9,25.9,25.9,26.0,25.9,26.0,25.9,25.8,26.0,26.0,26.3,26.6,26.9,27.1,27.0,27.2,27.2,27.2,26.9,27.0,26.8,26.8,26.6,26.5,26.5,26.6,26.4,26.5,26.4,26.2,26.4,26.3,26.5,26.3,26.2,26.1,26.2,26.0,26.0,25.9,25.9,26.0,26.3,26.5,27.1,27.4,27.6,27.5,27.5,27.6,27.5,27.6,27.9,27.5,26.8,26.0,26.0,26.0,26.1,25.8,25.7,25.7,25.8,25.9,25.9,26.0,25.9,25.9,26.1,26.0,26.0,25.9,25.7,25.7,25.7,25.8,25.9,25.8,25.8,25.8,25.8,25.9,25.9,25.9,25.9,25.8,25.8,25.8,25.9,25.7,25.9,25.8,25.9,25.8,25.9,26.0,25.8,25.7,25.7,25.8,25.7,25.9,25.7,25.8,25.9,25.9,25.7,25.9,25.8,25.9,25.8,25.8,25.9,25.7,25.5,25.6,25.8,25.6,25.6,25.6,25.9,25.5,25.7,25.6,25.7,25.8,26.2,26.3,26.6,26.6,26.6,26.7,26.5,26.8,26.8,26.6,26.9,26.7,27.0,27.0,27.0,26.8,26.9,27.1,27.0,26.9,27.0,27.0,27.0,27.0,26.9,27.0,27.0,26.9,26.9,26.9,27.0,27.0,27.1,26.9,26.9,26.9,26.8,26.9,27.0,27.0,26.8,26.9,26.9,26.9,26.9,27.0,27.0,26.8,26.8,26.7,26.8,27.0,26.8,26.8,26.8,26.8,26.8,26.9,26.7
141,26.1,25.9,25.9,26.0,26.0,25.8,25.9,25.9,25.9,25.9,25.8,26.1,25.8,26.0,25.8,26.0,26.2,26.3,26.7,26.5,27.0,26.9,27.1,26.9,26.9,26.9,26.7,26.5,26.4,26.3,26.2,26.4,26.3,26.4,26.1,26.2,26.3,26.1,26.2,26.0,26.1,26.1,26.1,26.0,26.0,25.9,26.0,26.1,26.1,26.4,26.8,27.4,27.5,27.6,27.2,27.1,27.1,27.5,27.7,27.9,27.9,26.8,26.3,26.3,25.8,25.8,25.8,26.0,25.9,25.9,25.9,25.9,25.9,26.1,26.0,26.3,26.1,25.9,25.9,25.7,25.8,26.0,25.9,26.0,25.9,26.0,26.1,26.0,26.2,26.2,26.1,26.1,26.2,26.3,26.2,26.3,26.1,26.3,26.3,26.1,26.2,26.3,26.0,26.0,25.9,25.6,25.8,25.8,25.7,25.8,25.7,25.9,25.9,25.9,26.1,25.8,25.8,25.9,25.8,25.8,25.6,25.6,25.7,25.6,25.5,25.7,25.5,25.6,25.5,25.7,25.5,25.6,25.8,25.8,26.2,26.2,26.4,26.8,26.6,26.8,26.6,26.6,26.7,26.7,27.0,26.9,26.9,26.9,26.8,26.9,26.9,26.7,27.0,26.8,26.9,27.0,26.9,27.0,26.8,27.0,27.0,27.0,27.0,26.9,27.0,26.8,27.0,26.9,27.0,26.9,26.8,27.0,26.9,26.8,26.9,26.8,26.8,26.8,26.8,27.0,26.8,26.9,26.8,27.0,26.9,26.6,26.9,26.7,27.0,26.9,26.7,26.7
142,26.1,26.0,25.9,26.0,25.9,26.0,26.2,25.9,25.8,25.8,26.0,25.8,26.0,25.8,25.9,26.1,26.2,26.3,26.4,26.7,26.9,26.9,27.0,26.8,27.0,26.7,26.6,26.5,26.3,26.1,26.1,26.1,26.1,26.1,26.1,26.1,25.9,26.1,25.9,25.9,26.0,26.1,26.0,26.0,25.9,25.9,26.0,25.9,26.0,26.6,26.8,27.2,27.7,27.4,27.2,27.1,27.1,27.5,27.7,27.9,27.7,27.0,26.3,26.0,26.0,25.9,25.9,25.9,25.9,26.1,26.0,26.1,26.1,26.1,26.1,26.3,26.0,26.1,25.9,25.8,25.8,25.9,26.1,26.3,26.1,26.1,26.2,26.2,26.1,26.1,26.0,26.3,26.3,26.4,26.4,26.3,26.1,26.2,26.1,26.3,26.1,26.2,26.1,26.1,25.7,25.7,25.7,25.7,25.6,25.6,25.5,25.7,25.8,26.0,25.8,25.8,25.7,25.8,25.8,25.8,25.7,25.7,25.6,25.7,25.6,25.6,25.5,25.6,25.6,25.5,25.6,25.8,25.8,25.9,26.0,26.2,26.5,26.4,26.7,26.7,26.7,26.7,26.6,26.8,26.7,26.8,27.0,26.8,26.9,27.0,26.9,27.0,26.8,26.8,27.0,26.9,26.8,26.9,27.0,26.9,27.0,26.8,27.0,26.9,26.9,26.8,26.9,26.9,26.8,26.8,26.9,26.9,26.8,26.8,26.9,27.0,26.8,26.9,26.9,26.7,26.7,26.9,26.9,26.8,26.8,26.7,26.8,26.8,26.7,26.7,26.6,26.9
143,26.1,26.0,26.1,26.0,26.1,26.1,26.0,26.1,26.1,25.8,26.1,26.1,26.1,26.0,26.0,26.2,26.2,26.3,26.5,26.7,27.1,27.0,27.0,26.9,26.8,27.0,26.7,26.6,26.4,26.2,25.9,26.1,26.2,26.0,25.8,26.1,26.1,26.0,26.0,25.9,25.9,26.0,26.1,25.8,26.0,25.8,26.0,26.0,26.1,26.3,26.9,27.1,27.5,27.4,27.0,27.0,27.1,27.4,27.8,28.0,27.9,27.0,26.3,26.1,26.0,25.9,25.9,25.8,25.9,26.1,26.1,26.1,26.0,26.0,26.2,26.3,26.3,26.2,25.9,26.0,26.0,26.0,26.1,26.1,26.3,26.3,26.4,26.2,26.3,26.1,26.3,26.3,26.3,26.3,26.4,26.4,26.4,26.5,26.5,26.3,26.4,26.3,26.1,25.9,25.8,25.8,25.8,25.8,25.8,25.9,25.7,25.9,26.0,25.8,25.9,25.9,25.8,25.8,25.7,25.9,25.7,25.7,25.5,25.6,25.4,25.5,25.5,25.7,25.6,25.6,25.6,25.7,25.8,25.8,26.2,26.5,26.5,26.5,26.6,26.6,26.6,26.8,26.9,26.7,26.6,26.8,26.8,26.9,27.0,27.0,27.0,26.9,26.9,27.0,27.1,26.9,26.9,27.1,27.1,27.0,26.8,26.7,27.0,26.9,27.0,26.8,26.8,26.8,27.0,27.0,27.0,26.8,26.8,26.8,26.9,27.0,26.9,26.8,26.8,26.8,27.0,26.9,26.8,26.8,26.7,26.7,26.9,26.8,26.7,26.8,26.7,26.8
144,26.3,26.3,26.1,26.3,26.3,26.2,26.2,26.2,26.3,26.2,26.3,26.4,26.2,26.4,26.3,26.3,26.4,26.4,26.6,26.9,27.0,26.8,26.9,26.8,26.8,26.8,26.5,26.5,26.3,26.1,25.9,26.1,26.1,25.9,25.9,26.1,25.9,26.0,25.9,25.8,25.9,25.8,25.8,25.9,26.0,25.8,26.0,26.0,26.1,26.4,26.8,27.0,27.5,27.6,27.4,27.2,27.2,27.6,27.9,27.9,27.7,27.0,26.2,26.0,25.9,25.9,25.9,26.0,25.8,26.1,26.2,26.1,26.1,26.2,26.3,26.4,26.3,26.2,25.9,25.8,25.9,25.9,26.1,26.5,26.5,26.4,26.6,26.5,26.5,26.2,26.3,26.5,26.6,26.6,26.6,26.4,26.5,26.7,26.5,26.5,26.3,26.3,26.3,25.9,25.6,25.9,25.7,25.8,25.7,25.7,25.8,25.7,25.9,25.8,25.7,25.8,25.7,25.6,25.8,26.0,25.6,25.8,25.7,25.6,25.6,25.6,25.6,25.6,25.6,25.8,25.7,25.8,25.6,25.9,26.1,26.4,26.5,26.4,26.7,26.7,26.7,26.8,26.8,26.8,26.6,26.7,27.0,26.8,26.7,26.8,27.0,26.9,27.0,27.0,27.1,27.0,26.8,27.0,26.9,27.0,27.0,27.0,26.8,26.9,26.8,26.8,26.8,26.9,26.9,26.9,26.8,26.7,26.9,26.8,26.9,26.8,26.8,26.9,26.8,26.9,26.9,26.9,26.8,26.8,26.9,26.6,26.9,26.9,26.8,26.8,26.9,26.7
145,26.7,26.8,26.7,26.8,26.6,26.6,26.6,26.6,26.6,26.6,26.8,26.7,26.7,26.6,26.7,26.6,26.9,26.8,27.0,27.1,27.0,27.0,27.0,27.0,26.9,26.8,26.8,26.5,26.3,26.0,26.0,26.1,26.1,26.1,25.9,26.2,26.1,26.0,25.9,25.9,26.0,26.0,26.1,25.8,26.0,26.0,26.1,26.0,26.2,26.3,26.7,27.0,27.2,27.6,27.6,27.7,28.0,27.7,27.8,27.8,27.4,26.6,26.2,26.1,25.9,26.0,26.1,26.1,26.1,26.2,26.0,26.3,26.4,26.3,26.1,26.1,26.3,25.9,26.0,25.9,26.0,26.2,26.4,26.4,26.5,26.4,26.4,26.4,26.3,26.4,26.4,26.5,26.6,26.6,26.7,26.5,26.5,26.3,26.4,26.5,26.4,26.1,26.1,26.1,25.7,25.8,25.7,25.6,25.8,25.8,25.7,25.6,25.7,25.8,25.9,25.8,25.7,25.8,25.7,25.9,25.8,25.8,25.6,25.7,25.7,25.5,25.5,25.5,25.5,25.6,25.7,25.7,25.8,25.8,26.3,26.3,26.4,26.6,26.8,26.7,26.7,26.8,26.7,26.8,26.8,26.8,26.9,26.9,26.9,27.1,26.9,26.9,26.8,27.0,27.0,27.1,27.0,27.2,26.9,26.9,27.1,26.7,26.9,26.8,27.0,26.9,27.0,26.8,26.9,27.0,26.9,26.9,27.0,26.8,27.0,26.9,27.0,27.0,26.9,26.9,26.9,26.8,27.0,26.8,27.0,26.8,26.8,26.8,26.8,26.7,26.9,26.8
146,26.9,27.0,26.7,26.8,26.8,26.8,26.7,26.9,26.8,26.9,26.8,26.8,26.8,26.8,27.0,26.9,26.9,26.9,26.8,26.9,27.0,27.0,26.9,26.9,26.9,26.8,26.9,26.8,26.5,26.4,26.1,26.2,26.2,26.1,26.0,26.0,26.1,25.9,26.0,26.0,26.0,26.1,26.0,25.8,25.9,25.8,25.9,25.8,26.1,26.1,26.5,26.7,27.0,27.1,27.5,27.6,27.6,27.5,27.4,27.3,26.8,26.4,26.1,26.1,26.0,26.0,25.8,26.0,26.1,26.1,26.0,26.1,26.2,26.2,26.1,26.3,26.1,26.1,26.1,26.2,26.1,26.3,26.3,26.3,26.5,26.3,26.3,26.3,26.4,26.5,26.5,26.8,26.6,26.7,26.6,26.6,26.3,26.5,26.5,26.4,26.3,26.1,26.0,25.9,25.7,25.6,25.7,25.7,25.7,25.8,25.8,25.5,25.8,25.6,25.8,25.7,25.6,25.8,26.0,26.0,26.1,26.1,25.9,25.8,25.6,25.7,25.6,25.6,25.7,25.8,25.8,25.6,25.8,26.0,25.9,26.3,26.4,26.5,26.5,26.6,26.8,26.7,26.8,26.7,26.9,26.9,26.9,26.8,26.9,26.8,27.0,26.9,27.1,26.9,26.9,27.0,27.0,26.9,27.0,26.9,26.9,26.8,26.8,26.9,27.0,26.9,26.8,26.8,26.8,27.0,27.0,26.8,27.0,26.9,26.9,27.0,26.8,26.8,26.8,26.8,27.0,26.9,26.8,26.6,26.9,26.8,26.9,26.9,26.9,26.8,26.8,26.8
147,27.0,26.9,27.0,26.9,26.7,27.0,27.0,27.1,26.8,26.9,26.9,26.8,27.0,26.9,26.9,27.0,27.0,26.8,26.9,27.0,27.0,26.8,27.0,27.0,26.9,26.9,26.8,26.7,26.7,26.4,26.2,26.1,26.1,25.9,26.0,26.1,25.9,26.0,25.9,25.9,26.0,25.9,25.9,25.9,25.7,25.9,25.8,25.8,25.8,26.1,26.3,26.5,26.6,26.9,26.9,27.2,27.0,27.2,27.0,27.0,26.7,26.4,26.1,25.9,25.9,26.0,25.9,26.1,25.9,26.1,26.1,26.1,26.1,26.2,26.4,26.2,26.3,26.2,26.0,26.1,26.1,26.3,26.4,26.6,26.5,26.6,26.6,26.4,26.7,26.7,26.7,26.6,26.9,26.9,26.8,26.8,26.7,26.5,26.3,26.3,26.4,26.1,26.0,25.9,25.9,25.8,25.6,25.7,25.8,25.6,25.6,25.8,25.6,25.6,25.7,25.7,25.7,25.9,26.0,26.3,26.3,26.3,26.1,25.8,25.8,25.6,25.6,25.7,25.6,25.6,25.7,25.6,25.8,26.1,26.3,26.4,26.5,26.6,26.5,26.6,26.7,26.6,26.7,26.9,26.8,27.0,26.9,26.8,26.9,27.0,26.9,26.8,27.0,27.0,27.0,26.8,26.8,26.8,26.8,27.0,27.1,26.9,27.0,26.9,27.0,26.9,27.1,26.9,26.9,27.0,27.0,27.0,27.0,26.8,26.9,26.8,27.0,26.8,26.9,26.8,26.9,26.8,26.7,26.9,27.0,26.8,26.7,26.9,26.8,26.8,26.9,26.8
148,27.0,27.1,26.8,27.0,26.9,27.0,26.9,26.9,26.8,27.0,27.1,27.0,27.1,27.0,27.0,27.0,27.0,27.0,27.0,27.1,27.2,27.1,27.2,27.3,27.3,27.2,27.1,27.1,27.0,26.8,26.5,26.3,26.0,25.9,26.0,25.9,25.8,25.8,25.9,25.6,25.8,25.8,25.9,25.7,25.8,25.6,26.0,25.8,25.8,25.9,26.1,26.1,26.5,26.5,26.5,26.7,26.7,26.9,27.0,27.0,26.9,26.6,26.3,26.1,26.0,25.9,25.9,26.1,26.1,25.9,26.0,26.2,26.4,26.4,26.4,26.6,26.4,26.5,26.4,26.2,26.3,26.5,26.7,27.1,27.0,27.0,26.8,26.8,27.1,27.2,26.9,26.9,27.1,27.1,27.3,27.2,27.2,26.6,26.2,26.1,26.1,26.0,26.0,26.0,25.8,25.8,25.8,25.8,25.9,25.8,25.8,25.8,25.6,25.8,25.7,25.8,25.8,25.8,25.9,26.3,26.4,26.2,26.2,26.0,25.9,25.8,25.7,25.7,25.5,25.7,25.7,25.7,25.8,26.1,26.2,26.4,26.5,26.5,26.5,26.8,26.6,26.8,26.8,26.7,26.8,27.0,27.0,26.8,27.0,27.0,26.9,26.9,26.9,26.9,26.9,27.0,27.0,27.0,27.0,26.9,26.9,27.0,26.8,26.9,27.0,26.8,26.9,26.8,27.0,27.0,27.0,26.9,27.0,27.0,26.9,26.8,26.9,27.0,26.9,27.0,26.8,26.8,26.9,26.9,26.9,26.8,26.9,26.8,27.0,26.8,26.8,26.7
149,27.2,27.0,27.1,26.9,27.1,27.0,27.0,27.0,27.0,27.2,27.2,27.1,27.0,27.0,26.8,26.9,27.1,27.1,27.2,27.3,27.8,27.7,27.8,27.8,27.9,27.9,28.1,27.7,27.7,27.4,26.9,26.5,26.2,26.1,25.9,25.9,25.8,25.9,25.9,25.9,25.9,25.8,25.9,25.8,25.9,25.8,25.9,25.8,25.7,25.9,26.1,26.0,26.1,26.2,26.2,26.5,26.7,27.1,27.5,27.7,27.4,27.1,26.5,26.1,26.0,25.9,25.9,26.0,26.0,26.1,26.2,26.3,26.5,26.3,26.6,26.6,26.6,26.4,26.4,26.2,26.3,26.7,26.8,27.4,27.4,27.0,27.0,27.0,27.2,27.3,27.3,27.2,27.4,27.6,27.8,27.7,27.1,26.9,26.5,26.3,26.2,26.0,25.9,26.0,25.8,25.6,25.8,25.7,25.6,25.7,25.7,25.6,25.6,25.6,25.7,25.7,25.7,25.8,26.1,26.2,26.3,26.3,26.1,26.0,25.8,25.7,25.6,25.7,25.6,25.8,25.6,25.9,25.7,25.9,26.1,26.4,26.5,26.6,26.7,26.6,26.6,26.8,26.7,26.8,26.8,26.8,26.9,26.9,26.8,26.8,27.0,27.0,26.9,26.9,26.9,27.0,27.0,26.8,27.0,26.9,27.0,26.9,26.8,26.8,26.9,26.8,27.0,26.9,27.0,26.8,27.0,26.9,26.9,26.8,26.8,26.8,26.7,26.8,26.9,26.7,26.8,26.9,26.9,27.0,26.9,26.9,26.9,26.8,26.8,26.8,26.9,26.8
150,27.1,27.0,27.1,27.1,27.1,27.0,27.0,27.0,27.1,27.1,27.0,27.2,27.0,27.0,27.0,27.0,27.1,27.2,27.3,27.7,27.7,28.1,28.3,28.3,28.3,28.4,28.4,28.3,27.9,27.6,27.1,26.7,26.2,26.1,25.9,25.9,25.8,25.8,25.9,25.9,26.0,25.9,25.8,25.9,25.8,25.9,25.8,25.7,25.7,25.8,25.9,26.0,26.0,26.1,26.3,26.4,26.7,27.2,27.6,27.6,27.5,27.2,26.6,26.2,26.1,26.0,26.0,26.0,26.0,26.1,26.1,26.2,26.5,26.5,26.6,26.8,26.8,26.6,26.4,26.4,26.3,26.7,26.9,27.3,27.3,27.0,27.0,26.9,26.9,27.1,27.3,27.2,27.5,27.6,27.7,27.7,27.2,26.8,26.5,26.3,26.2,26.1,26.0,26.0,25.9,25.8,25.8,25.7,25.7,25.7,25.6,25.7,25.6,25.7,25.6,25.7,25.7,25.9,26.1,26.1,26.2,26.1,26.0,25.9,25.8,25.7,25.7,25.6,25.6,25.6,25.8,25.7,25.9,25.9,26.1,26.3,26.4,26.6,26.6,26.7,26.6,26.7,26.7,26.7,26.8,26.8,26.8,26.9,26.8,26.9,26.9,27.0,27.0,26.9,27.0,27.0,27.0,26.8,27.0,26.9,26.9,27.0,26.8,26.8,26.9,27.0,27.0,27.0,26.9,26.8,26.9,26.8,26.8,26.8,26.9,26.8,26.7,26.7,26.9,26.9,26.9,26.9,26.8,26.9,26.9,26.9,26.8,26.8,26.8,26.8,26.8,26.8
151,27.0,27.1,27.1,27.1,27.1,27.0,27.1,27.2,27.1,27.0,27.1,26.9,27.1,27.2,27.0,27.1,27.1,27.3,27.5,27.9,28.4,28.8,28.7,28.9,28.7,29.0,28.8,28.7,28.5,28.1,27.6,26.8,26.3,26.1,25.9,25.9,25.8,26.1,25.9,25.7,25.8,26.0,25.9,25.8,25.9,25.8,25.9,25.6,25.7,25.7,25.9,25.9,25.9,26.1,26.3,26.4,26.8,27.2,27.7,28.1,27.9,27.3,26.8,26.3,26.2,26.1,26.1,26.3,26.1,26.1,26.3,26.2,26.5,26.7,27.0,26.9,27.0,26.9,26.7,26.3,26.4,26.7,27.0,27.2,27.2,27.1,26.9,26.9,26.9,26.8,26.8,27.2,27.5,28.0,28.2,27.8,27.4,26.8,26.5,26.3,26.1,26.4,26.1,26.0,25.8,25.9,25.8,25.7,25.7,25.7,25.6,25.6,25.7,25.6,25.8,25.6,25.7,26.1,26.1,26.1,26.2,26.1,25.9,25.8,25.6,25.7,25.8,25.7,25.6,25.6,25.7,25.8,25.9,26.0,26.1,26.3,26.4,26.7,26.7,26.5,26.6,26.7,26.8,26.7,26.7,26.8,26.9,26.8,26.9,26.8,27.1,27.0,26.9,27.0,26.9,26.9,27.0,26.8,27.0,26.9,26.8,26.8,27.0,26.8,26.9,27.0,27.0,26.9,26.8,26.9,26.8,26.7,26.8,27.1,27.1,27.0,26.8,27.0,26.8,26.9,26.9,26.9,26.8,26.8,26.9,26.7,26.8,26.8,26.8,26.8,26.9,26.8
152,27.2,26.9,27.0,27.1,26.9,27.1,27.1,27.2,27.1,27.1,27.1,27.1,27.2,27.0,27.0,27.0,27.3,27.5,27.5,28.1,28.6,28.6,28.7,28.8,28.7,28.7,28.8,28.7,28.4,27.9,27.5,27.0,26.3,26.1,26.1,26.0,26.1,26.0,25.9,26.0,25.8,25.9,25.8,25.8,25.8,25.8,25.8,25.7,25.9,25.8,25.9,26.0,26.1,25.9,26.1,26.3,26.6,27.1,27.4,27.4,27.2,27.0,26.5,26.4,26.3,26.3,26.1,26.3,26.3,26.1,26.2,26.4,26.6,26.6,26.8,26.8,27.0,26.8,26.5,26.6,26.3,26.5,26.7,26.7,26.8,26.8,26.6,26.6,26.5,26.8,26.7,26.8,27.2,27.6,27.7,27.5,27.0,26.7,26.6,26.6,26.6,26.5,26.3,26.2,26.1,26.2,26.0,26.0,25.8,25.6,25.7,25.7,25.7,25.6,25.6,25.9,25.9,26.0,25.9,26.0,26.0,26.1,26.0,25.9,25.8,25.6,25.7,25.8,25.8,25.7,25.8,25.9,26.0,26.0,26.3,26.3,26.5,26.4,26.8,26.6,26.8,26.6,26.7,26.7,26.7,26.9,26.9,27.0,26.9,27.0,26.9,26.9,27.0,27.0,27.0,27.0,27.2,27.1,26.9,27.0,27.0,27.0,26.9,27.0,26.9,26.8,27.0,26.8,27.0,27.0,27.0,26.8,27.1,26.7,27.0,26.9,26.8,26.9,27.0,26.8,27.0,26.8,26.8,26.7,26.9,26.8,26.9,26.7,26.8,26.8,26.7,26.8
153,27.2,27.1,27.1,27.2,27.1,27.1,27.1,27.0,27.1,27.2,27.1,27.2,27.2,27.1,27.1,27.2,27.1,27.2,27.4,27.8,28.1,28.3,28.1,28.3,28.2,28.1,28.1,28.0,27.7,27.4,26.9,26.6,26.1,26.1,26.1,26.1,26.2,26.1,26.1,26.0,26.0,25.9,25.6,25.8,26.0,25.9,25.7,25.8,25.8,25.9,26.1,26.0,26.0,26.1,26.1,26.3,26.3,26.8,26.8,26.8,26.7,26.6,26.3,26.3,26.2,26.4,26.3,26.2,26.2,26.3,26.4,26.3,26.6,26.5,26.9,26.8,26.8,26.7,26.6,26.4,26.2,26.3,26.4,26.5,26.5,26.5,26.3,26.2,26.3,26.4,26.4,26.5,26.9,27.0,27.2,27.0,26.7,26.6,26.8,27.0,27.4,26.9,26.7,26.5,26.5,26.2,26.2,25.8,26.0,26.0,25.8,25.7,25.8,25.7,25.8,25.7,25.9,25.9,25.9,25.8,25.9,25.9,25.8,25.9,25.8,25.8,26.0,26.0,26.1,26.0,25.9,25.8,26.0,26.0,26.1,26.4,26.4,26.7,26.6,26.6,26.8,26.7,26.8,26.7,26.8,27.0,27.0,26.8,26.9,26.9,27.0,27.0,27.0,26.8,26.9,26.8,27.0,26.9,27.0,27.0,27.0,27.0,27.0,26.9,26.9,27.0,26.9,26.9,27.0,27.0,27.0,26.8,27.0,26.8,26.9,26.9,26.9,27.0,26.8,26.9,26.8,27.1,26.9,27.0,26.9,26.8,27.0,26.8,27.0,26.8,26.8,26.9
154,27.1,27.2,27.2,27.0,27.0,27.3,27.2,27.1,27.2,27.1,27.0,27.1,27.1,27.0,27.0,27.2,27.3,27.3,27.2,27.5,27.7,27.5,27.8,27.6,27.6,27.6,27.5,27.4,27.1,26.9,26.6,26.3,26.1,26.1,26.2,26.2,26.4,26.3,26.3,26.2,26.0,25.9,25.9,25.9,25.8,25.8,25.7,25.7,25.8,25.7,26.0,26.0,26.0,26.0,26.1,26.2,26.2,26.3,26.5,26.5,26.3,26.2,26.2,26.2,26.3,26.1,26.0,26.1,26.2,26.0,26.1,26.3,26.5,26.5,26.7,26.8,26.7,26.6,26.5,26.3,25.9,26.1,26.2,26.4,26.2,26.1,26.3,26.2,26.3,26.1,26.1,26.3,26.5,26.7,26.5,26.7,26.5,26.8,27.1,27.7,28.0,27.8,27.2,26.9,26.4,26.6,26.2,26.0,25.9,25.8,25.6,25.8,25.8,25.7,25.8,26.0,25.9,26.0,25.9,25.9,25.9,26.0,25.9,25.9,26.1,26.3,26.5,26.6,26.8,26.7,26.3,26.1,26.0,26.0,26.2,26.4,26.5,26.6,26.6,26.6,26.7,26.6,26.7,26.7,26.9,26.9,27.0,26.9,26.9,27.0,26.9,26.9,27.0,26.9,26.9,27.0,27.1,26.9,26.9,27.1,27.0,26.8,27.0,26.9,26.9,26.8,26.9,26.8,26.9,26.8,26.9,26.9,26.9,26.9,26.8,26.9,26.9,26.9,26.8,26.8,26.8,26.8,26.9,27.0,26.9,26.8,27.0,26.9,27.0,26.6,26.9,26.8
155,27.2,27.2,27.2,27.1,27.1,27.1,27.1,27.2,27.2,27.0,27.1,27.2,27.2,27.2,27.1,27.2,27.4,27.2,27.0,27.3,27.3,27.3,27.2,27.3,27.4,27.2,27.1,26.8,26.7,26.4,26.3,26.2,26.1,26.3,26.2,26.3,26.3,26.3,26.1,26.1,26.0,25.8,25.9,25.9,25.6,25.8,25.9,25.8,25.8,25.9,25.7,25.8,26.0,25.9,25.9,26.1,26.0,25.9,26.0,26.2,26.1,26.0,26.3,26.2,26.2,26.2,26.2,26.1,26.1,26.1,26.3,26.2,26.3,26.5,26.5,26.5,26.5,26.5,26.2,26.2,26.0,25.9,26.0,26.0,26.0,25.9,25.9,25.9,26.1,26.0,26.0,25.8,26.0,26.1,26.1,26.3,26.5,27.0,27.8,28.7,29.2,28.8,28.0,27.4,26.8,26.6,26.2,26.1,25.9,25.8,25.6,25.6,25.7,25.7,25.7,25.8,26.0,25.8,25.9,26.0,25.9,25.8,26.0,26.1,26.5,26.8,27.1,27.2,27.1,27.2,26.9,26.7,26.3,26.2,26.2,26.2,26.4,26.5,26.6,26.8,26.6,26.7,26.7,26.7,26.7,26.8,26.7,26.9,26.7,26.9,26.8,26.8,26.8,27.0,26.9,26.8,26.9,26.8,26.9,26.9,26.9,26.8,27.0,26.9,26.9,26.9,26.9,27.0,26.9,26.9,26.9,26.9,27.0,26.8,26.8,26.8,26.8,26.9,26.8,26.8,26.7,27.0,26.8,26.8,27.0,26.9,26.8,26.8,27.1,26.9,26.8,26.8
156,27.2,27.2,27.1,27.1,27.2,27.2,27.2,27.3,27.2,27.1,27.2,27.1,27.2,27.2,27.2,27.3,27.2,27.2,27.2,27.3,27.2,27.1,27.3,27.1,27.0,27.1,26.9,26.8,26.6,26.3,26.3,26.4,26.4,26.7,26.6,26.7,26.5,26.4,26.2,26.1,26.1,26.1,25.8,25.8,25.8,25.8,25.7,25.8,25.9,25.8,25.9,26.0,26.0,26.0,26.0,26.0,26.0,25.9,26.0,25.8,26.1,26.1,26.1,26.1,26.0,26.0,26.2,26.1,26.2,26.2,26.1,26.3,26.3,26.4,26.3,26.4,26.5,26.3,26.3,26.0,25.9,26.0,25.9,26.0,26.0,26.0,25.8,26.0,26.0,26.1,25.9,25.9,26.1,26.0,26.1,26.1,26.5,27.2,28.3,29.1,29.7,29.1,28.4,27.5,26.8,26.5,26.3,26.1,25.9,25.9,25.8,25.8,25.8,25.8,25.7,25.8,25.8,25.9,26.0,26.0,26.1,25.9,26.2,26.6,27.1,27.2,27.3,27.3,27.4,27.4,27.2,27.0,26.6,26.3,26.2,26.5,26.5,26.4,26.8,26.6,26.7,26.7,26.7,26.7,26.8,26.9,26.8,26.8,26.8,27.0,26.9,26.8,27.1,27.0,26.9,27.0,26.8,27.0,27.0,27.1,27.0,27.0,26.8,27.0,26.9,26.9,27.1,26.9,27.0,26.9,26.9,27.1,26.9,26.8,26.9,26.8,26.9,26.8,27.2,26.7,26.8,27.0,27.0,26.8,26.8,26.8,26.6,26.9,26.9,26.8,26.8,26.6
157,27.2,27.2,27.1,27.0,27.3,27.0,27.2,27.2,27.3,27.2,27.2,27.2,27.2,27.1,27.2,27.3,27.3,27.1,27.4,27.2,27.3,27.2,27.1,27.2,27.1,26.9,26.9,26.7,26.4,26.4,26.4,26.5,26.9,27.1,27.4,27.5,27.2,26.9,26.3,26.3,26.1,25.9,25.9,25.7,25.6,25.8,25.7,25.8,25.7,25.7,26.0,25.8,25.9,25.9,26.1,26.0,26.1,26.0,26.0,26.0,25.8,26.0,25.8,26.0,26.1,26.0,26.1,26.1,26.2,26.2,26.1,26.2,26.2,26.3,26.5,26.5,26.5,26.3,26.1,25.9,25.9,26.0,25.9,25.9,25.9,25.8,25.7,25.7,25.9,25.8,25.8,26.1,25.9,25.9,26.1,26.2,26.4,27.2,27.9,28.8,29.2,28.5,28.0,27.2,26.7,26.3,26.0,26.1,25.8,25.8,25.6,25.9,25.8,25.7,25.6,25.9,25.7,26.0,25.9,26.0,25.9,26.0,26.3,26.7,27.1,27.2,27.2,27.2,27.2,27.4,27.4,27.3,26.9,26.7,26.3,26.3,26.5,26.5,26.6,26.4,26.6,26.5,26.7,26.7,26.7,26.9,26.8,26.8,26.9,26.7,26.7,27.0,26.8,27.0,26.9,26.8,26.8,26.8,27.0,27.1,26.8,26.8,26.9,27.0,26.8,26.8,27.0,26.9,27.0,27.0,26.8,26.9,26.9,26.9,27.0,27.0,26.9,27.0,26.8,26.9,27.0,26.8,26.8,26.8,26.7,26.9,26.8,26.8,26.8,26.8,26.9,26.8
158,27.1,27.1,27.2,27.2,27.0,27.0,27.2,27.3,27.2,27.3,27.2,27.1,27.1,27.1,27.1,27.4,27.2,27.2,27.1,27.2,27.2,27.1,27.3,27.1,27.2,26.9,26.9,26.6,26.5,26.5,26.5,27.1,27.5,27.7,27.8,27.7,27.5,27.4,27.1,26.4,26.1,26.2,26.0,25.8,25.6,25.8,25.8,25.7,25.7,25.7,25.8,25.8,25.8,26.0,26.0,25.9,26.0,25.9,26.0,25.8,25.8,26.1,26.0,26.1,26.0,26.1,26.0,26.3,26.1,26.1,26.2,26.1,26.4,26.2,26.4,26.5,26.6,26.5,26.1,26.0,25.8,25.9,25.9,25.8,25.6,25.7,25.6,25.8,25.8,25.8,25.7,25.9,25.8,25.8,25.7,26.2,26.3,26.9,27.5,28.1,28.4,28.0,27.6,27.0,26.7,26.5,26.2,26.1,25.9,25.9,25.8,25.8,25.8,25.6,25.8,25.7,25.8,25.9,26.0,25.7,26.1,26.0,26.4,27.1,27.2,27.2,27.2,27.0,26.8,27.0,27.5,27.5,27.1,26.9,26.6,26.5,26.4,26.5,26.7,26.6,26.5,26.6,26.7,26.7,26.7,26.8,26.5,26.7,27.0,26.8,26.9,26.9,26.8,27.0,26.8,27.0,27.0,26.9,26.8,27.0,26.9,26.9,27.0,27.1,26.9,26.8,26.9,26.8,26.9,26.9,26.8,26.9,26.9,26.8,26.9,26.8,26.9,26.8,26.8,27.0,26.9,26.8,26.7,26.8,26.9,26.8,26.8,26.9,26.8,26.7,26.9,26.9
159,27.2,27.1,27.2,27.2,27.1,27.1,27.1,27.2,27.1,27.2,27.2,27.1,27.2,27.2,27.2,27.4,27.4,27.2,27.1,27.5,27.2,27.1,27.1,27.2,27.3,27.0,26.8,26.6,26.8,26.8,27.0,27.6,27.7,27.9,27.4,27.6,27.5,27.6,27.5,26.8,26.3,26.1,25.9,25.8,25.7,25.8,25.9,25.8,25.6,25.7,25.7,25.9,25.8,26.0,25.9,25.9,25.9,25.8,25.8,25.9,25.9,25.9,25.8,26.0,26.1,26.1,26.1,26.0,26.2,26.2,26.1,26.0,26.2,26.3,26.6,26.8,26.8,26.6,26.3,26.0,25.8,25.9,26.1,25.9,25.7,25.9,25.8,25.8,25.8,25.7,25.7,25.8,25.8,25.9,25.9,26.0,26.3,26.7,27.2,27.8,28.1,27.7,27.3,26.7,26.6,26.4,26.3,26.1,26.0,26.1,26.0,25.9,25.8,25.7,25.8,25.7,25.9,25.8,25.8,25.9,25.8,25.9,26.5,27.1,27.3,27.2,26.7,26.7,26.5,27.0,27.4,27.6,27.2,27.0,26.5,26.4,26.5,26.5,26.5,26.7,26.8,26.6,26.8,26.8,26.7,26.8,26.9,26.7,26.9,26.8,26.8,26.8,26.9,26.9,27.0,26.8,26.9,26.8,27.0,26.8,27.0,26.9,26.9,26.7,26.8,26.9,26.8,26.9,27.0,26.9,26.9,27.0,26.8,26.8,26.8,27.0,27.0,26.8,26.8,26.8,26.8,26.9,26.9,26.8,26.8,26.7,26.8,26.8,26.8,26.9,26.8,26.9
160,27.3,27.3,27.3,27.1,27.2,27.3,27.2,27.1,27.2,27.1,27.2,27.2,27.2,27.2,27.2,27.3,27.1,27.3,27.2,27.2,27.3,27.3,27.3,27.1,27.2,27.0,27.0,26.9,26.8,27.0,27.2,27.8,27.9,27.7,27.5,27.6,27.5,27.4,27.4,27.0,26.5,26.0,26.0,25.8,25.7,25.8,25.9,25.7,25.6,25.7,25.7,25.7,26.0,26.0,25.8,25.8,25.9,25.8,25.7,25.9,25.8,25.9,26.1,26.0,26.0,26.0,26.0,26.0,26.1,26.1,26.0,26.1,26.2,26.2,26.7,26.8,26.8,26.6,26.1,26.2,26.0,26.1,26.1,25.7,25.8,25.6,25.6,25.8,26.0,25.7,25.8,25.9,25.7,25.9,25.9,26.1,26.3,26.8,27.2,27.4,27.5,27.2,27.0,26.8,26.3,26.2,26.2,26.2,26.3,26.1,25.9,26.0,25.8,25.8,25.8,25.9,25.9,26.0,26.0,26.0,26.1,26.2,26.6,27.0,27.5,27.2,27.0,26.8,26.5,26.9,27.5,27.5,27.1,26.7,26.5,26.4,26.5,26.5,26.6,26.6,26.5,26.5,26.8,26.7,26.7,26.7,26.8,26.6,26.9,26.9,26.9,26.9,26.9,26.7,27.0,26.9,26.9,27.0,26.8,27.0,26.8,26.7,27.0,27.0,27.1,27.0,26.9,26.9,26.8,27.0,26.8,26.8,26.8,26.7,26.8,26.8,26.9,27.0,26.9,26.9,26.9,26.9,26.9,26.8,26.7,26.9,26.7,26.7,26.9,26.9,26.8,26.7
161,27.3,27.2,27.3,27.4,27.2,27.2,27.3,27.4,27.5,27.3,27.4,27.1,27.3,27.2,27.2,27.2,27.2,27.1,27.2,27.4,27.2,27.1,27.3,27.0,27.0,27.2,26.8,26.8,26.9,27.1,27.3,27.6,27.7,27.3,27.3,27.3,27.5,27.4,27.4,27.0,26.5,26.1,26.0,25.8,25.8,25.8,25.8,25.7,25.6,25.7,25.7,25.9,25.6,26.0,26.0,26.0,25.9,25.8,25.9,25.9,25.8,25.9,25.8,26.0,26.0,26.0,25.9,26.1,26.1,26.2,26.4,26.2,26.4,26.5,26.5,26.8,26.6,26.4,26.2,26.1,26.1,26.1,25.8,25.8,25.8,25.8,25.8,25.8,25.9,25.7,25.8,25.7,25.8,25.9,25.9,26.1,26.3,26.5,26.8,27.2,27.3,27.0,26.8,26.5,26.3,26.4,26.3,26.1,26.3,25.9,25.7,25.8,25.9,25.8,25.9,25.8,26.0,26.1,26.0,26.0,26.0,26.1,26.3,27.0,27.4,27.4,27.1,27.1,26.9,27.4,27.6,27.4,27.0,26.8,26.5,26.4,26.5,26.4,26.5,26.5,26.5,26.6,26.8,26.8,26.7,26.9,26.9,26.7,26.8,26.8,27.1,27.0,26.9,26.9,27.0,26.9,26.8,26.9,26.9,26.8,26.8,27.0,26.8,26.9,26.9,26.8,26.8,27.0,27.0,26.9,27.0,26.9,26.9,26.9,27.0,26.9,27.0,26.9,27.0,26.9,27.0,26.9,26.9,26.9,26.9,26.7,27.0,26.8,26.8,26.9,26.8,26.7
162,27.4,27.3,27.1,27.3,27.3,27.4,27.2,27.2,27.2,27.3,27.3,27.2,27.2,27.4,27.3,27.2,27.2,27.2,27.1,27.2,27.1,27.2,27.1,27.1,27.2,27.2,26.9,26.9,26.9,27.1,27.3,27.9,27.6,27.3,27.1,27.2,27.4,27.7,27.5,27.2,26.5,26.1,25.8,25.9,25.7,25.8,25.8,25.5,25.7,25.7,25.7,25.9,25.8,25.9,25.8,25.9,25.9,26.0,25.9,26.0,26.0,25.9,26.0,25.8,25.9,25.9,26.1,26.0,26.1,26.1,26.4,26.2,26.2,26.3,26.4,26.4,26.3,26.3,26.1,26.0,25.9,25.9,25.9,25.9,25.7,25.8,25.8,25.7,25.7,25.8,25.7,25.8,25.8,25.9,25.7,25.9,26.0,26.3,26.6,27.0,27.0,27.0,26.6,26.5,26.3,26.3,26.3,26.1,26.1,25.9,25.9,25.9,25.9,25.8,25.9,25.7,26.1,26.0,26.0,26.0,25.9,26.1,26.3,26.8,27.0,27.3,27.4,27.4,27.5,27.5,27.5,27.2,26.7,26.5,26.4,26.5,26.5,26.3,26.5,26.5,26.6,26.6,26.7,26.8,26.8,26.8,26.7,26.8,26.6,26.9,26.9,26.7,26.9,26.8,26.9,26.9,26.9,27.0,26.9,26.9,27.0,26.8,26.9,27.0,27.0,26.7,26.9,26.8,27.0,26.9,27.0,27.0,27.0,26.9,27.0,26.8,26.9,26.8,26.8,26.9,27.0,26.8,27.0,26.9,26.9,26.9,26.9,27.1,26.9,26.7,26.9,26.7
163,27.4,27.4,27.3,27.1,27.2,27.1,27.3,27.4,27.2,27.1,27.2,27.2,27.3,27.2,27.3,27.3,27.2,27.2,27.1,27.3,27.3,27.2,27.4,27.2,27.2,27.2,27.0,26.9,27.0,27.1,27.2,27.6,27.9,27.4,27.2,27.4,27.6,27.8,27.6,27.1,26.5,26.2,25.8,25.8,25.8,25.9,25.9,25.7,25.7,25.7,25.8,25.8,25.8,25.9,25.9,25.8,25.9,25.9,26.0,26.1,26.0,26.0,25.9,25.8,26.0,26.0,26.1,26.2,26.1,26.2,26.2,26.2,26.2,26.1,26.3,26.2,26.2,26.1,26.0,26.0,26.0,25.9,25.9,25.8,26.0,25.9,25.8,25.7,25.8,25.8,25.7,25.8,25.8,25.7,26.0,26.1,26.2,26.4,27.0,27.2,27.5,27.4,27.0,26.5,26.2,26.4,26.2,25.9,26.0,26.0,25.8,25.8,25.6,25.7,25.8,25.9,25.8,26.1,25.9,26.1,26.0,26.1,26.3,26.3,26.7,27.2,27.2,27.4,27.5,27.3,27.0,26.8,26.7,26.3,26.2,26.3,26.4,26.6,26.6,26.5,26.6,26.5,26.8,26.8,26.6,26.7,26.8,26.8,26.8,26.8,26.9,26.8,26.8,26.8,27.0,26.9,26.9,27.0,26.8,26.9,26.9,26.9,27.0,26.8,27.0,26.8,27.0,26.8,27.0,27.0,27.0,26.8,27.0,26.9,27.0,27.0,26.9,27.1,26.9,26.9,26.8,26.9,26.8,26.8,26.9,26.8,26.9,27.0,26.8,26.6,27.0,26.8
164,27.2,27.3,27.2,27.3,27.2,27.1,27.2,27.2,27.3,27.4,27.5,27.3,27.2,27.3,27.2,27.1,27.3,27.2,27.4,27.2,27.3,27.2,27.3,27.3,27.3,27.0,27.1,27.0,26.9,26.9,27.1,27.4,27.8,27.9,27.8,27.9,27.9,27.9,27.4,26.7,26.4,26.1,25.9,25.9,25.8,25.8,25.7,25.8,25.7,25.6,25.7,25.7,25.9,25.8,25.9,26.2,26.0,26.1,25.9,26.0,25.9,25.8,26.0,26.0,25.9,26.0,26.0,26.0,26.1,26.1,26.2,26.2,26.0,26.1,26.2,26.2,26.1,26.0,26.1,26.1,25.9,26.0,25.8,25.9,25.8,25.8,25.7,25.6,25.9,25.8,25.8,25.8,25.9,25.8,25.9,26.0,26.2,26.5,27.2,27.7,28.3,27.8,27.1,26.6,26.2,26.1,26.0,25.9,26.0,25.9,25.8,25.8,25.9,25.7,25.8,25.8,25.8,25.8,25.8,25.9,25.9,26.1,26.1,26.2,26.3,26.8,26.6,26.9,26.8,26.9,26.5,26.3,26.2,26.2,26.1,26.5,26.3,26.3,26.6,26.5,26.5,26.7,26.8,26.7,26.8,26.8,26.8,26.6,26.8,26.8,27.0,26.9,26.9,27.0,26.9,27.0,26.9,27.0,27.1,26.8,26.8,27.0,27.0,27.0,26.7,27.0,26.9,26.7,27.0,27.0,27.0,26.9,26.7,26.9,26.9,26.8,26.7,26.8,27.0,26.9,26.9,26.9,26.9,26.8,26.8,26.7,26.9,26.8,26.8,26.8,26.8,26.8
165,27.3,27.3,27.2,27.2,27.3,27.2,27.2,27.1,27.3,27.3,27.3,27.4,27.2,27.2,27.2,27.2,27.1,27.2,27.2,27.4,27.2,27.2,27.3,27.4,27.1,27.2,27.0,26.8,26.9,26.8,27.0,27.3,27.5,27.8,27.9,28.0,27.9,27.8,27.1,26.4,26.2,25.9,25.8,25.8,25.9,25.8,25.9,25.7,25.8,25.6,25.7,25.8,26.0,26.0,26.0,26.0,25.9,26.1,26.0,25.9,26.0,25.9,26.0,25.9,26.0,26.0,25.9,26.1,26.3,26.2,26.0,26.2,26.2,26.2,26.1,26.3,26.3,26.4,26.5,26.2,26.0,25.9,26.0,25.9,25.8,25.6,25.9,25.7,26.0,25.7,25.9,25.9,25.7,25.7,25.8,25.9,26.2,26.6,27.5,28.1,28.3,27.6,27.2,26.6,26.1,26.0,25.9,25.9,25.8,25.8,25.8,25.7,25.7,25.7,25.6,25.6,25.8,25.8,25.7,25.7,25.8,25.8,25.9,25.8,25.9,26.0,26.2,26.4,26.4,26.4,26.3,26.1,25.9,25.9,26.0,26.2,26.3,26.3,26.5,26.5,26.5,26.7,26.7,26.8,26.8,26.6,26.6,26.8,26.8,26.7,26.8,26.8,26.8,27.0,27.0,27.0,26.8,26.8,27.0,26.9,27.0,27.0,27.1,26.9,26.9,27.0,26.9,26.8,26.9,27.0,27.0,26.9,27.0,26.9,27.0,26.9,26.9,26.9,26.8,26.8,26.8,26.8,26.9,26.8,27.0,26.9,26.9,26.9,27.0,26.8,26.8,26.9
166,27.4,27.4,27.4,27.2,27.3,27.3,27.3,27.4,27.2,27.3,27.4,27.3,27.3,27.3,27.3,27.2,27.3,27.3,27.3,27.2,27.4,27.2,27.3,27.2,27.2,27.2,27.0,27.0,26.8,26.7,26.7,27.0,27.0,27.1,27.4,27.5,27.4,27.0,26.6,26.2,26.1,26.1,25.8,25.7,25.8,25.9,25.8,25.8,25.8,25.7,25.8,25.8,25.9,26.0,25.9,26.0,26.0,25.9,26.0,25.8,26.1,25.9,26.0,26.0,25.9,26.0,26.0,26.1,26.2,26.3,26.5,26.3,26.3,26.1,26.3,26.3,26.3,26.6,26.5,26.4,26.3,26.1,26.2,26.0,25.7,25.8,25.8,25.8,25.8,25.6,25.7,25.8,25.8,25.7,26.0,25.9,26.3,26.6,27.3,27.8,27.9,27.7,27.2,26.7,26.1,26.0,25.8,25.7,25.8,25.9,25.6,25.8,25.8,25.7,25.7,25.6,25.7,25.6,25.8,25.5,25.7,25.7,25.8,25.8,25.8,25.9,25.8,26.1,26.0,26.0,25.9,25.8,25.8,25.9,25.9,26.0,26.3,26.3,26.5,26.6,26.6,26.5,26.7,26.7,26.7,26.8,26.8,27.0,26.6,26.8,26.8,26.8,26.8,26.8,26.8,26.8,27.0,27.0,26.9,26.9,27.0,26.8,26.9,26.8,26.9,26.9,26.8,26.9,26.8,26.8,27.1,26.9,26.9,26.9,26.8,27.0,26.8,26.7,26.8,26.7,26.9,26.8,26.8,26.9,26.8,26.9,26.8,26.8,26.8,27.0,26.9,26.8
167,27.1,27.4,27.2,27.3,27.2,27.3,27.5,27.5,27.5,27.3,27.5,27.4,27.3,27.3,27.2,27.3,27.4,27.4,27.2,27.1,27.2,27.3,27.2,27.3,27.1,27.1,27.0,26.9,26.8,26.6,26.4,26.7,26.8,26.8,27.0,27.0,26.8,26.4,26.2,26.1,26.0,26.0,25.9,25.7,25.8,25.9,25.9,25.8,25.9,25.6,25.9,25.7,25.8,26.1,25.9,26.0,25.9,26.0,25.9,25.9,26.1,26.0,26.1,26.1,25.9,26.0,25.9,26.2,26.2,26.3,26.5,26.2,26.3,26.3,26.3,26.4,26.5,26.6,26.5,26.4,26.1,26.0,26.1,25.9,25.9,25.9,25.9,25.8,25.9,25.8,25.7,26.0,25.8,25.9,25.9,25.9,26.0,26.5,27.1,27.6,27.7,27.5,27.0,26.6,26.1,26.1,25.8,25.7,25.8,25.9,25.8,25.8,25.7,25.8,25.8,25.7,25.8,25.7,25.8,25.6,25.6,25.7,25.7,25.9,25.9,25.8,25.7,25.9,25.8,25.9,25.6,25.8,25.7,25.8,25.8,26.1,26.3,26.4,26.5,26.5,26.6,26.7,26.7,26.6,26.9,26.9,26.8,26.6,26.7,26.8,26.9,26.7,26.9,26.9,27.0,26.9,27.0,27.0,27.0,26.9,27.0,26.8,27.0,27.0,27.0,26.9,26.9,27.0,26.9,27.0,27.0,26.8,27.0,26.9,26.9,26.9,27.0,26.9,26.9,27.0,26.9,26.8,26.8,26.9,27.0,26.7,26.9,26.8,27.1,26.7,26.8,26.8
168,27.2,27.5,27.4,27.4,27.2,27.4,27.2,27.3,27.5,27.4,27.4,27.4,27.3,27.3,27.3,27.3,27.3,27.3,27.3,27.2,27.2,27.3,27.2,27.3,27.2,27.1,27.1,26.8,26.7,26.4,26.3,26.3,26.6,26.7,26.6,26.5,26.4,26.0,26.2,26.0,26.0,26.1,25.8,26.1,25.9,25.8,25.9,25.9,25.8,25.9,26.1,26.0,25.9,25.9,25.9,25.9,25.8,26.1,25.9,26.1,26.0,25.9,26.0,26.1,25.8,26.0,26.0,26.1,26.0,26.2,26.4,26.3,26.3,26.4,26.3,26.2,26.3,26.2,26.1,26.3,26.1,26.0,25.9,25.9,26.1,26.0,25.8,26.1,26.0,26.0,25.9,26.0,25.8,26.0,25.9,25.8,26.1,26.3,26.7,27.0,27.2,27.0,26.5,26.4,25.9,25.7,25.8,25.9,26.0,25.8,25.6,25.8,25.9,25.9,25.7,25.8,25.7,25.6,25.7,25.7,25.7,25.7,25.8,25.7,25.8,25.7,25.6,25.8,25.7,25.9,25.7,25.7,25.7,25.9,25.8,26.3,26.2,26.3,26.5,26.5,26.6,26.5,26.7,26.5,26.7,26.7,26.7,26.7,26.8,26.8,26.8,26.8,27.0,26.8,26.9,26.9,27.0,26.9,27.0,26.9,26.9,26.9,27.1,27.0,26.8,26.9,26.8,26.9,27.0,26.8,27.0,26.8,26.8,26.9,27.0,26.9,26.8,27.0,26.8,26.9,26.8,26.9,26.8,27.0,26.9,26.8,26.8,26.8,26.8,26.7,26.8,26.7
169,27.4,27.2,27.5,27.2,27.2,27.4,27.3,27.5,27.4,27.4,27.4,27.4,27.4,27.3,27.3,27.4,27.3,27.2,27.4,27.2,27.5,27.2,27.3,27.3,27.2,27.2,27.0,27.0,26.7,26.2,26.3,26.2,26.3,26.2,26.2,26.4,26.1,26.1,26.1,26.1,26.0,26.0,26.0,25.8,25.9,25.8,26.0,25.9,25.9,25.8,25.8,25.9,26.0,25.9,25.8,26.0,25.9,26.0,26.0,26.1,26.1,26.0,26.2,26.0,26.1,25.9,26.0,26.1,26.0,26.1,26.2,26.2,26.3,26.2,26.2,26.3,26.3,26.1,26.2,26.0,26.0,26.0,26.0,26.1,26.0,26.2,26.0,26.1,25.9,26.1,26.0,26.1,26.0,25.8,25.8,25.9,26.0,26.1,26.5,26.8,26.8,26.7,26.3,26.2,26.0,25.8,25.8,25.8,26.0,25.9,25.7,25.8,26.0,25.6,25.8,25.6,25.7,25.7,25.6,25.7,25.7,25.7,25.6,25.8,25.7,25.7,25.7,25.6,25.8,25.6,25.6,25.7,25.6,25.8,25.9,26.1,26.2,26.3,26.5,26.4,26.4,26.6,26.7,26.5,26.8,26.6,26.8,26.7,26.7,26.7,26.8,26.8,26.8,26.8,26.8,26.7,26.9,27.0,26.8,27.0,26.8,26.8,26.8,26.9,27.0,26.9,26.8,26.8,26.8,27.0,26.9,26.9,26.9,27.0,26.9,27.1,27.0,26.8,27.0,26.9,26.8,26.8,26.7,26.7,26.9,26.9,26.8,26.9,27.0,26.9,26.6,26.9
170,27.3,27.5,27.4,27.5,27.3,27.3,27.3,27.5,27.3,27.4,27.4,27.6,27.5,27.4,27.4,27.5,27.4,27.5,27.2,27.4,27.4,27.3,27.3,27.2,27.1,27.3,27.2,27.1,26.8,26.5,26.3,26.3,26.2,26.2,26.1,26.3,26.2,26.1,26.1,25.9,26.0,26.3,26.0,25.9,26.0,26.1,26.1,26.1,26.0,26.0,26.1,26.1,26.1,26.2,26.1,26.1,26.2,26.3,26.1,25.9,25.9,26.0,26.0,25.9,25.9,26.1,25.9,26.0,26.1,26.0,26.2,26.1,26.2,26.1,26.2,26.3,26.3,26.2,26.2,25.9,26.0,26.2,26.4,26.3,26.3,26.2,26.2,26.2,26.1,26.1,26.0,26.0,26.1,26.0,25.8,25.8,26.1,26.2,26.2,26.2,26.4,26.4,26.1,25.9,25.7,25.8,25.8,25.7,25.8,25.8,25.6,25.9,25.8,25.8,25.7,25.7,25.7,25.6,25.8,25.7,25.8,25.6,25.7,25.8,25.8,25.6,25.6,25.7,25.6,25.6,25.5,25.6,25.6,25.7,25.8,26.1,26.0,26.3,26.4,26.4,26.6,26.3,26.6,26.6,26.6,26.7,26.8,26.8,26.6,26.7,26.9,26.8,26.8,26.6,26.8,26.9,27.0,26.9,27.0,27.0,27.1,26.8,27.1,26.8,27.0,27.0,27.0,26.9,26.9,26.9,27.0,26.9,26.8,26.9,27.2,26.9,26.9,26.9,26.8,26.8,26.8,26.9,26.8,26.9,26.9,27.0,26.7,26.8,26.9,26.8,26.9,26.8
171,27.4,27.3,27.4,27.4,27.3,27.4,27.4,27.3,27.2,27.3,27.4,27.3,27.4,27.5,27.3,27.3,27.3,27.3,27.3,27.4,27.3,27.2,27.4,27.3,27.2,27.2,27.1,27.0,26.9,26.7,26.7,26.5,26.8,26.7,26.5,26.5,26.5,26.2,26.3,26.4,26.3,26.3,26.4,26.3,26.3,26.3,26.3,26.4,26.3,26.4,26.5,26.5,26.6,26.6,26.6,26.5,26.5,26.6,26.5,26.2,26.2,26.1,25.9,26.0,26.1,26.0,26.0,26.0,26.0,26.0,26.1,26.1,26.3,26.2,26.3,26.1,26.3,26.3,26.2,26.1,26.1,26.3,26.5,26.8,26.7,26.6,26.3,26.3,26.3,26.2,26.2,26.3,26.2,26.1,26.0,26.0,26.0,26.0,26.3,26.3,26.3,26.5,26.2,26.1,25.8,25.8,25.6,25.8,25.7,25.8,25.7,25.8,25.7,25.7,25.9,25.7,25.6,25.5,25.9,25.7,25.8,25.6,25.7,25.7,25.7,25.5,25.7,25.6,25.7,25.8,25.4,25.6,25.5,25.7,25.9,26.1,26.0,26.3,26.3,26.3,26.5,26.4,26.6,26.5,26.6,26.7,26.5,26.7,26.6,26.7,26.7,26.7,26.8,27.0,26.7,26.8,26.9,26.8,26.9,26.8,26.8,26.8,26.8,26.8,27.0,27.0,26.9,27.0,26.8,27.0,27.0,26.8,26.7,26.8,26.9,26.8,26.8,26.8,26.8,26.9,26.8,26.8,26.9,26.9,26.9,26.8,26.7,26.8,26.9,26.8,26.8,26.7
172,27.3,27.4,27.3,27.3,27.5,27.2,27.5,27.5,27.4,27.5,27.4,27.4,27.4,27.3,27.2,27.4,27.3,27.3,27.2,27.4,27.4,27.2,27.3,27.2,27.1,27.2,27.3,27.2,27.3,27.4,27.3,27.4,27.1,27.0,26.8,26.8,26.6,26.4,26.6,26.6,26.5,26.6,26.7,26.5,26.6,26.5,26.6,26.6,26.5,26.6,26.6,26.8,27.0,27.2,27.3,27.4,27.3,27.2,27.1,26.8,26.3,26.1,26.1,26.0,25.8,26.0,26.0,25.9,26.1,25.9,25.9,26.1,26.2,26.1,26.1,26.3,26.2,26.3,26.3,26.2,26.3,26.4,26.8,26.9,26.8,26.9,26.7,26.4,26.5,26.4,26.3,26.3,26.3,26.2,25.9,26.2,26.0,25.9,26.2,26.2,26.4,26.3,26.3,26.1,25.8,25.7,25.7,25.6,25.7,25.8,25.6,25.6,25.7,25.6,25.7,25.6,25.6,25.6,25.7,25.7,25.8,25.6,25.6,25.7,25.6,25.6,25.7,25.7,25.6,25.6,25.5,25.6,25.6,25.8,26.0,25.9,26.2,26.1,26.3,26.3,26.3,26.6,26.5,26.4,26.5,26.5,26.6,26.6,26.6,26.8,26.8,26.8,26.8,26.8,26.7,26.8,26.9,26.8,27.0,26.8,26.8,26.9,27.1,26.8,26.9,26.8,26.8,26.9,26.9,26.6,26.9,26.8,26.8,26.7,26.9,26.8,26.8,26.9,27.0,26.8,26.9,27.0,26.6,26.8,26.8,26.7,26.7,26.8,27.0,26.8,26.9,26.8
173,27.4,27.5,27.4,27.5,27.3,27.3,27.4,27.3,27.4,27.4,27.3,27.4,27.3,27.4,27.3,27.5,27.3,27.1,27.3,27.4,27.2,27.2,27.2,27.2,27.4,27.1,27.5,27.5,27.8,27.9,28.1,27.9,27.7,27.7,27.2,26.7,26.4,26.5,26.3,26.5,26.3,26.4,26.5,26.5,26.5,26.5,26.3,26.4,26.5,26.5,26.7,26.8,27.4,27.5,27.7,27.9,27.9,27.7,27.4,26.9,26.4,26.1,25.9,25.9,26.1,25.8,26.0,25.9,25.8,25.9,25.9,26.0,25.9,26.0,26.2,26.2,26.1,26.2,26.3,26.2,26.3,26.5,26.8,27.0,27.0,26.9,26.6,26.3,26.5,26.4,26.4,26.3,26.5,26.2,26.2,26.2,26.1,26.1,26.2,26.4,26.4,26.3,26.3,25.9,25.8,25.8,25.9,25.6,25.8,25.8,25.7,25.6,25.7,25.8,25.8,25.7,25.4,25.6,25.7,25.7,25.6,25.6,25.6,25.7,25.7,25.6,25.7,25.7,25.5,25.7,25.7,25.7,25.7,25.7,25.9,25.9,26.2,26.3,26.2,26.5,26.4,26.4,26.5,26.6,26.5,26.7,26.6,26.6,26.8,26.7,26.8,26.8,26.8,26.6,26.9,26.8,26.7,26.9,26.8,27.0,26.9,26.9,26.8,26.8,26.8,26.8,26.9,27.0,26.8,26.8,26.8,26.9,26.8,26.8,26.9,26.8,26.8,26.7,26.9,26.8,26.9,26.7,26.8,26.9,26.9,26.9,26.8,26.8,26.8,26.8,26.9,26.9
174,27.4,27.5,27.4,27.4,27.4,27.5,27.3,27.5,27.4,27.5,27.5,27.2,27.4,27.3,27.5,27.5,27.4,27.5,27.5,27.4,27.3,27.2,27.1,27.3,27.3,27.3,27.5,27.6,28.2,28.5,28.5,28.5,28.2,27.5,27.0,26.6,26.3,26.3,26.3,26.2,26.2,26.4,26.2,26.4,26.3,26.2,26.4,26.2,26.3,26.3,26.5,26.8,27.1,27.7,28.3,28.6,28.5,28.2,27.8,27.3,26.6,26.2,26.1,26.0,25.9,26.1,25.8,26.0,25.8,25.7,25.9,26.0,26.0,26.1,26.2,26.2,26.4,26.2,26.3,26.2,26.4,26.5,26.8,26.7,26.7,26.6,26.5,26.3,26.3,26.2,26.3,26.4,26.3,26.2,26.1,26.1,26.0,26.0,26.1,26.2,26.3,26.3,26.1,26.1,25.7,25.8,25.9,25.7,25.6,25.6,25.7,25.8,25.8,25.7,25.7,25.9,25.7,25.8,25.8,25.7,25.7,25.8,25.8,25.7,25.9,25.8,25.7,25.6,25.8,25.7,25.6,25.9,25.8,25.8,25.9,26.0,26.3,26.3,26.2,26.3,26.3,26.4,26.5,26.5,26.7,26.6,26.6,26.5,26.6,26.7,26.8,26.7,26.8,26.7,26.8,27.0,26.8,26.8,26.9,26.7,26.8,26.7,27.1,26.8,26.8,26.9,26.8,26.9,26.9,26.6,26.7,26.8,26.8,26.9,26.9,26.9,26.8,26.9,26.8,26.9,26.8,26.9,26.9,26.9,26.9,26.8,26.8,27.0,26.8,26.8,26.7,26.9
175,27.4,27.5,27.3,27.5,27.3,27.3,27.4,27.5,27.5,27.3,27.5,27.4,27.4,27.5,27.5,27.3,27.3,27.5,27.4,27.4,27.4,27.4,27.4,27.2,27.4,27.4,27.7,28.2,28.4,28.7,28.9,28.6,28.1,27.6,27.0,26.4,26.1,26.2,26.0,26.2,26.1,26.3,26.1,26.1,26.2,26.0,26.2,26.2,26.4,26.3,26.5,26.7,27.1,27.7,28.4,28.7,28.8,28.6,28.0,27.4,26.9,26.2,26.1,26.1,26.1,26.0,26.0,26.1,26.0,26.0,25.9,26.0,25.9,26.0,26.1,26.1,26.1,26.1,26.2,26.2,26.3,26.4,26.4,26.5,26.5,26.4,26.3,26.3,26.2,26.3,26.2,26.4,26.3,26.3,26.1,26.1,25.9,26.0,26.1,26.1,26.1,26.3,26.1,26.1,26.1,25.9,25.9,25.8,25.8,25.9,25.7,25.8,25.7,25.7,25.7,25.9,25.7,25.6,25.8,25.9,25.7,25.9,25.8,26.0,26.0,25.8,25.6,25.7,25.7,26.0,26.3,26.2,26.0,25.9,26.0,26.0,26.1,26.3,26.3,26.3,26.5,26.4,26.6,26.7,26.7,26.7,26.8,26.6,26.6,26.7,26.7,26.8,27.0,26.8,27.0,27.0,26.8,27.0,26.9,26.8,26.9,27.0,26.8,26.9,26.9,27.0,26.9,27.0,27.0,26.8,26.9,26.8,27.0,26.8,27.0,26.9,27.0,26.9,26.9,26.8,26.8,26.8,26.8,26.9,26.8,27.1,26.8,26.8,26.9,26.8,26.8,26.9
176,27.4,27.5,27.3,27.4,27.4,27.5,27.5,27.4,27.4,27.3,27.4,27.4,27.3,27.3,27.4,27.3,27.4,27.4,27.3,27.4,27.4,27.4,27.2,27.2,27.4,27.5,27.9,28.1,28.6,28.8,28.8,28.6,28.3,27.5,26.7,26.2,26.1,26.0,26.0,26.1,26.0,25.9,26.1,26.1,26.1,25.9,26.0,26.1,26.1,26.1,26.3,26.4,27.2,27.6,28.3,28.9,28.9,28.7,28.3,27.5,26.6,26.1,26.1,26.1,26.0,25.8,26.0,25.8,25.9,26.0,25.9,25.8,26.0,25.9,26.1,26.1,26.0,26.1,26.2,26.1,26.1,26.4,26.5,26.3,26.5,26.3,26.3,26.3,26.2,26.2,26.3,26.4,26.4,26.4,26.0,26.1,26.2,26.2,26.3,26.1,26.0,26.1,26.0,26.3,26.4,26.4,26.1,25.9,25.8,25.7,25.7,25.9,25.8,25.8,25.8,25.8,25.5,25.8,26.0,25.8,25.7,25.7,25.7,25.8,25.6,25.8,25.8,25.9,25.9,26.1,26.3,26.4,26.1,26.0,25.9,26.1,26.2,26.3,26.3,26.3,26.4,26.5,26.5,26.5,26.5,26.5,26.7,26.8,26.6,26.8,26.8,26.7,26.8,27.0,26.9,26.9,26.8,26.8,26.8,26.8,26.9,26.8,26.9,26.8,26.8,26.7,26.9,27.0,27.0,27.0,26.9,26.8,26.9,26.9,27.0,26.8,26.9,26.8,26.8,26.9,26.9,26.9,26.8,26.8,27.0,26.9,26.9,26.9,27.0,26.7,26.8,26.8
177,27.5,27.4,27.5,27.4,27.3,27.4,27.5,27.4,27.5,27.5,27.5,27.5,27.4,27.4,27.5,27.4,27.4,27.6,27.4,27.5,27.6,27.2,27.5,27.2,27.5,27.5,27.8,28.1,28.5,29.0,28.9,28.6,28.1,27.4,26.6,26.1,25.9,25.8,25.9,26.0,26.2,26.0,26.1,25.9,25.8,26.0,25.8,26.0,25.9,26.0,26.2,26.6,26.9,27.6,28.3,28.9,29.1,29.1,28.5,27.5,26.9,26.3,26.0,26.0,26.1,25.9,26.0,25.9,26.1,26.1,26.1,26.1,26.2,26.1,26.1,26.1,26.1,26.2,26.2,26.3,26.3,26.3,26.5,26.5,26.6,26.3,26.5,26.4,26.3,26.3,26.4,26.4,26.2,26.3,26.2,26.3,26.2,26.3,26.3,26.1,26.1,26.0,26.1,26.5,26.5,26.5,26.1,26.0,25.9,25.8,25.7,25.8,25.7,25.9,25.7,25.8,25.7,25.8,25.8,25.8,25.9,25.9,26.1,26.1,26.1,25.9,26.1,26.2,26.0,26.3,26.2,26.3,26.3,26.2,26.1,26.1,26.1,26.3,26.3,26.5,26.3,26.3,26.4,26.6,26.5,26.5,26.8,26.7,26.6,26.5,26.6,26.7,26.8,26.7,26.8,26.8,26.7,26.8,26.8,26.8,26.8,26.8,26.8,26.8,26.8,26.7,26.8,26.9,26.9,26.8,27.0,26.8,27.0,26.8,26.9,26.7,26.8,27.0,26.8,26.8,26.9,26.9,26.9,27.0,26.8,26.8,27.0,26.9,26.9,26.8,26.9,26.7
178,27.4,27.4,27.3,27.5,27.3,27.3,27.4,27.5,27.4,27.3,27.5,27.4,27.6,27.5,27.4,27.4,27.4,27.5,27.5,27.3,27.4,27.2,27.3,27.2,27.5,27.5,27.7,28.2,28.5,28.8,28.8,28.6,27.9,27.2,26.5,26.1,26.0,26.0,26.0,25.9,26.0,25.8,25.8,25.8,25.9,25.9,26.0,26.0,26.1,26.0,26.1,26.4,27.0,27.5,28.1,28.9,29.1,28.9,28.3,27.6,26.8,26.2,26.1,26.0,25.9,26.0,26.1,26.2,26.0,26.1,26.4,26.1,26.3,26.3,26.4,26.3,26.3,26.3,26.3,26.3,26.4,26.5,26.5,26.5,26.5,26.3,26.4,26.5,26.5,26.4,26.5,26.6,26.7,26.6,26.3,26.3,26.5,26.4,26.5,26.3,26.1,26.1,26.3,26.6,26.5,26.5,26.5,26.4,26.2,26.0,26.0,26.1,26.0,26.0,26.0,26.1,26.0,25.9,25.9,26.3,26.1,26.2,26.2,26.3,26.3,26.4,26.4,26.3,26.3,26.6,26.6,26.8,26.8,26.7,26.4,26.3,26.4,26.2,26.4,26.3,26.2,26.4,26.4,26.4,26.6,26.5,26.5,26.8,26.6,27.0,26.8,26.8,26.9,27.0,26.8,26.9,26.8,26.8,26.8,26.9,26.8,26.9,27.0,26.8,26.8,26.9,27.0,26.8,26.9,27.0,27.0,26.8,27.0,26.8,26.9,26.9,26.9,26.9,26.9,26.9,26.8,26.9,26.9,26.9,27.0,26.8,26.8,26.9,26.9,26.6,26.9,26.8
179,27.4,27.3,27.3,27.5,27.5,27.4,27.2,27.4,27.5,27.5,27.5,27.5,27.4,27.5,27.6,27.6,27.4,27.5,27.2,27.4,27.5,27.4,27.4,27.3,27.5,27.4,27.7,28.1,28.5,28.9,28.8,28.6,27.9,27.4,26.5,26.1,26.1,26.1,25.7,25.8,26.0,25.8,25.8,25.8,25.9,25.7,26.0,25.9,25.8,26.0,26.1,26.3,26.9,27.4,28.1,29.0,29.4,29.1,28.5,27.7,26.8,26.3,26.0,26.1,25.9,26.0,25.9,26.0,26.2,26.2,26.4,26.5,26.6,26.7,26.8,26.8,26.8,26.6,26.4,26.6,26.6,26.8,27.0,27.0,26.8,26.8,26.8,26.7,26.9,27.0,27.2,27.2,27.0,26.9,26.8,27.0,26.6,26.8,26.6,26.2,26.1,26.0,26.3,26.5,26.6,26.8,26.7,26.6,26.6,26.7,26.5,26.5,26.3,26.3,26.1,26.1,26.0,26.2,26.4,26.5,26.6,26.6,26.7,26.8,27.0,27.0,26.9,27.0,27.1,27.2,27.3,27.3,27.2,26.9,26.6,26.3,26.5,26.4,26.4,26.3,26.3,26.4,26.4,26.4,26.6,26.5,26.6,26.7,26.8,26.8,26.8,26.7,26.8,26.7,26.9,26.8,26.8,26.9,26.8,26.7,26.9,26.9,26.7,26.9,26.8,26.9,27.0,26.9,27.0,26.9,26.8,26.8,27.0,26.8,27.0,27.0,26.8,26.8,26.9,26.9,26.7,26.9,26.8,26.8,26.8,26.9,26.8,26.7,26.7,26.8,26.8,26.7
180,27.2,27.3,27.5,27.4,27.5,27.5,27.3,27.6,27.4,27.4,27.5,27.5,27.5,27.4,27.4,27.4,27.6,27.4,27.2,27.4,27.3,27.3,27.3,27.2,27.4,27.3,27.7,28.1,28.5,28.9,29.0,28.7,28.1,27.4,26.4,26.1,26.0,26.0,25.9,25.9,26.1,26.0,25.9,25.9,26.0,26.0,26.0,26.1,25.8,25.9,26.0,26.4,26.8,27.6,28.3,28.9,29.5,29.2,28.5,27.6,26.9,26.3,26.2,26.0,26.0,26.0,26.1,26.3,26.3,26.7,26.9,27.1,27.2,27.1,27.2,27.2,27.0,27.1,27.1,27.2,27.2,27.5,27.6,27.5,27.6,27.5,27.5,27.5,27.8,28.0,28.1,27.9,27.8,27.6,27.5,27.2,27.0,26.7,26.8,26.4,26.1,26.0,26.1,26.5,26.7,26.9,27.0,27.0,26.9,27.1,27.0,27.0,26.9,26.5,26.5,26.3,26.4,26.5,26.7,26.9,27.0,27.2,27.3,27.8,28.1,27.9,27.9,27.7,27.7,27.9,27.9,27.9,27.7,27.4,27.0,26.6,26.4,26.3,26.4,26.4,26.3,26.4,26.4,26.3,26.4,26.5,26.5,26.8,26.7,26.6,26.6,26.7,26.7,26.9,26.8,26.7,27.0,26.8,26.7,26.8,27.0,26.9,26.8,27.0,27.0,26.8,26.9,27.0,26.9,26.9,26.8,26.8,27.0,26.7,26.8,26.8,26.9,26.8,26.8,26.8,26.8,26.8,26.7,26.8,26.8,26.7,26.9,26.9,26.7,26.7,26.7,26.6
181,27.6,27.5,27.5,27.5,27.5,27.5,27.4,27.4,27.7,27.5,27.4,27.5,27.6,27.4,27.4,27.6,27.4,27.4,27.5,27.5,27.6,27.3,27.5,27.3,27.4,27.5,27.7,28.1,28.6,29.0,29.0,28.6,28.2,27.5,26.6,26.1,26.1,26.0,25.9,26.0,25.9,25.8,26.1,25.9,25.9,26.0,26.1,25.9,26.0,25.9,26.0,26.4,26.9,27.5,28.3,29.2,29.7,29.2,28.5,27.5,26.8,26.3,26.1,26.0,25.8,26.0,26.2,26.2,26.4,26.9,27.2,27.3,27.6,27.3,27.5,27.4,27.3,27.3,27.5,27.5,27.5,27.9,28.1,27.8,27.8,27.8,28.0,28.0,28.2,28.3,28.7,28.5,28.3,28.2,27.8,27.5,27.2,26.7,26.4,26.1,26.0,26.0,26.3,26.4,26.6,26.9,27.2,27.1,27.5,27.5,27.5,27.0,27.0,27.0,26.6,26.5,26.5,26.6,26.8,27.0,27.3,27.7,28.1,28.6,28.9,28.5,28.1,28.3,28.2,28.4,28.4,28.5,28.2,27.7,27.0,26.8,26.4,26.3,26.4,26.3,26.5,26.4,26.4,26.6,26.5,26.6,26.7,26.7,26.7,26.8,26.8,26.7,26.9,26.8,26.9,26.6,26.8,26.8,26.8,26.8,27.0,26.9,26.9,26.9,27.0,26.9,27.0,26.9,26.9,27.0,27.0,26.9,26.8,26.9,26.8,26.7,26.8,26.9,26.8,26.9,26.7,27.0,26.8,26.8,26.7,26.9,26.9,26.8,26.8,26.8,26.9,26.9
182,27.4,27.2,27.4,27.4,27.4,27.5,27.3,27.4,27.6,27.4,27.4,27.6,27.3,27.4,27.5,27.5,27.5,27.4,27.5,27.4,27.5,27.3,27.3,27.4,27.3,27.5,27.4,28.2,28.5,28.8,28.8,28.7,28.0,27.2,26.6,26.1,25.9,25.9,25.9,25.9,25.9,25.8,25.9,25.9,25.8,25.9,26.1,25.8,25.8,26.0,26.1,26.3,26.8,27.5,28.3,29.1,29.9,29.2,28.4,27.5,27.0,26.3,26.2,26.1,25.9,26.1,26.1,26.4,26.6,27.0,27.4,27.5,27.3,27.4,27.7,27.5,27.7,27.6,27.8,27.7,27.7,28.0,28.1,28.2,28.3,28.2,28.3,28.3,28.4,28.7,28.7,28.6,28.4,28.3,27.8,27.5,27.2,26.7,26.4,26.1,25.9,26.0,26.1,26.1,26.5,26.6,27.1,27.4,27.7,27.5,27.3,27.2,27.0,26.8,26.6,26.7,26.5,26.9,26.8,27.1,27.5,27.9,28.6,29.4,29.2,28.8,28.7,28.7,28.5,28.7,28.8,28.8,28.4,27.9,27.3,26.8,26.5,26.3,26.4,26.3,26.2,26.3,26.5,26.3,26.5,26.7,26.7,26.5,26.8,26.7,26.8,26.5,26.8,26.7,26.9,26.9,26.7,26.8,26.7,26.9,26.9,26.9,26.8,26.8,26.8,26.7,26.8,27.0,26.9,26.8,26.8,26.9,26.8,26.9,26.9,26.9,26.8,27.0,26.9,26.8,26.9,26.7,26.7,26.7,26.8,26.9,26.6,27.0,26.8,26.7,26.9,26.9
183,27.4,27.5,27.5,27.5,27.4,27.4,27.4,27.5,27.3,27.5,27.5,27.5,27.3,27.5,27.4,27.6,27.4,27.2,27.3,27.4,27.5,27.5,27.4,27.4,27.3,27.4,27.7,28.1,28.5,29.0,28.9,28.7,27.9,27.3,26.7,26.1,26.1,25.9,26.0,26.0,25.9,25.9,25.7,25.9,26.0,25.8,26.0,25.9,25.8,26.0,26.1,26.3,26.8,27.5,28.4,29.4,29.8,29.1,28.5,27.6,26.9,26.5,26.5,26.3,26.3,26.1,26.2,26.7,26.9,27.2,27.7,27.6,27.4,27.4,27.3,27.5,27.7,27.7,27.8,27.8,28.1,28.1,28.2,28.3,28.3,28.3,28.3,28.4,28.7,28.6,28.8,28.7,28.5,28.3,27.9,27.5,27.0,26.6,26.1,25.9,26.0,26.0,26.1,26.1,26.4,26.6,27.1,27.3,27.6,27.5,27.3,26.9,26.9,26.9,26.8,26.9,26.4,26.7,26.9,27.2,27.6,28.2,28.9,29.7,29.1,29.0,28.9,28.9,29.1,28.9,29.0,28.8,28.7,28.1,27.4,26.9,26.6,26.5,26.3,26.3,26.3,26.3,26.4,26.5,26.6,26.5,26.6,26.4,26.6,26.7,26.7,26.7,26.8,26.6,26.8,26.8,26.8,26.9,26.9,26.8,26.7,26.8,26.8,26.8,27.0,26.7,26.9,26.8,26.8,27.0,26.9,27.0,26.8,26.8,26.8,26.9,26.8,26.8,26.9,27.0,26.8,26.8,27.0,26.8,26.8,26.8,26.8,26.9,26.8,26.8,26.8,26.7
184,27.5,27.5,27.5,27.5,27.4,27.3,27.3,27.5,27.5,27.5,27.5,27.4,27.3,27.5,27.4,27.5,27.5,27.5,27.4,27.5,27.3,27.3,27.5,27.3,27.4,27.6,27.7,28.1,28.4,29.0,28.9,28.7,28.0,27.5,26.8,26.1,25.8,26.1,25.9,25.9,25.9,25.9,25.8,25.8,26.0,26.0,25.8,25.8,26.0,25.9,26.1,26.4,26.7,27.5,28.4,29.5,30.0,29.2,28.3,27.7,27.0,26.6,26.5,26.3,26.4,26.2,26.1,26.5,27.0,27.1,27.7,27.7,27.5,27.2,27.2,27.5,27.5,27.5,27.7,27.8,27.9,28.2,28.3,28.1,28.2,28.4,28.2,28.4,28.4,28.3,28.5,28.5,28.2,28.0,27.6,27.3,27.0,26.4,26.1,26.1,25.8,25.8,25.9,26.0,26.1,26.5,26.8,27.1,27.4,27.4,27.3,26.9,26.8,26.8,26.8,26.6,26.7,26.5,26.8,27.2,27.8,28.7,29.2,29.5,29.3,29.1,29.1,29.2,28.9,29.0,29.0,29.0,28.9,28.1,27.5,26.9,26.6,26.3,26.3,26.4,26.3,26.4,26.6,26.5,26.5,26.5,26.5,26.5,26.5,26.7,26.6,26.9,26.8,26.8,26.7,26.8,26.7,26.8,26.8,26.8,26.7,26.8,26.8,26.8,26.6,26.8,26.8,26.8,26.8,27.0,26.9,26.9,26.9,26.8,26.7,26.9,26.9,26.8,26.8,26.6,26.8,26.9,26.8,26.9,26.8,26.7,26.7,26.8,26.9,27.0,26.6,26.7
185,27.5,27.2,27.4,27.5,27.5,27.4,27.5,27.6,27.4,27.4,27.3,27.6,27.5,27.3,27.3,27.5,27.7,27.4,27.5,27.5,27.4,27.4,27.5,27.3,27.4,27.2,27.8,28.1,28.4,28.9,29.1,28.8,28.2,27.6,26.5,26.1,26.0,25.9,25.8,25.9,25.9,26.0,25.9,25.8,25.8,25.8,26.0,25.8,25.9,26.0,25.9,26.3,26.8,27.5,28.5,29.7,30.3,29.3,28.6,27.7,27.1,26.7,26.5,26.3,26.3,26.2,26.1,26.5,26.9,27.4,27.7,27.7,27.4,27.2,27.3,27.2,27.2,27.5,27.7,27.7,27.8,28.0,28.1,28.2,28.1,28.2,28.2,28.3,28.1,28.3,28.2,28.2,27.9,27.7,27.6,27.1,27.0,26.4,26.1,25.9,25.7,25.8,25.8,25.8,26.1,26.2,26.8,27.1,27.2,27.2,27.1,26.9,26.8,26.6,26.7,26.8,26.7,26.8,26.9,27.5,28.0,28.9,29.5,29.6,29.5,29.2,29.0,29.2,29.1,29.0,29.1,28.9,28.8,28.3,27.4,26.9,26.6,26.2,26.3,26.3,26.4,26.3,26.5,26.3,26.4,26.6,26.5,26.7,26.5,26.6,26.7,26.8,26.7,26.7,27.0,26.8,26.7,26.7,27.0,26.6,26.9,26.9,26.9,26.9,26.7,26.8,27.0,26.8,26.9,26.8,26.8,26.7,26.8,27.0,26.8,26.7,26.8,26.8,27.0,26.8,26.9,26.8,26.8,26.8,26.8,26.8,26.7,26.8,26.8,26.9,26.8,26.8
186,27.5,27.6,27.4,27.5,27.5,27.4,27.4,27.5,27.5,27.5,27.4,27.5,27.5,27.5,27.5,27.5,27.5,27.3,27.5,27.5,27.3,27.4,27.5,27.3,27.4,27.5,27.7,28.1,28.5,28.9,28.9,28.7,28.1,27.5,26.6,26.3,26.0,26.1,25.8,25.8,25.7,25.9,25.9,25.8,26.0,26.0,25.8,26.0,25.9,26.1,26.2,26.2,26.7,27.5,28.5,29.8,30.5,29.5,28.5,27.7,27.0,26.7,26.5,26.2,26.1,26.1,26.3,26.5,26.8,27.3,27.7,27.9,27.5,27.2,27.1,27.4,27.2,27.3,27.2,27.4,27.7,27.9,27.9,27.7,27.8,27.8,28.1,28.0,27.9,27.9,27.8,27.7,27.5,27.4,27.5,27.0,26.8,26.4,26.1,25.8,25.7,25.8,25.8,25.8,26.0,26.3,26.6,27.1,27.2,27.2,26.9,26.8,26.7,26.7,26.8,26.7,26.7,26.8,27.2,27.6,28.2,29.4,29.6,29.6,29.3,29.1,29.2,29.1,29.1,29.2,29.0,29.1,28.7,28.2,27.4,26.9,26.6,26.3,26.3,26.1,26.3,26.3,26.5,26.5,26.5,26.5,26.4,26.6,26.7,26.6,26.6,26.8,26.7,26.7,26.8,26.8,26.8,26.7,26.7,26.8,27.0,26.7,26.8,26.9,26.8,26.7,26.8,26.9,26.8,26.8,26.8,26.7,27.0,26.7,26.8,26.9,26.8,26.9,26.9,26.9,26.8,26.8,26.8,26.9,27.0,26.8,26.8,26.8,27.0,26.9,26.6,26.8
187,27.3,27.4,27.4,27.5,27.4,27.2,27.5,27.5,27.6,27.3,27.7,27.5,27.5,27.5,27.4,27.9,27.5,27.3,27.5,27.4,27.5,27.4,27.4,27.4,27.5,27.5,27.7,28.0,28.4,29.0,29.1,28.9,28.1,27.6,26.6,26.2,26.1,26.1,25.9,25.8,25.9,26.0,26.0,25.9,25.8,25.9,26.0,25.9,26.0,26.0,26.3,26.3,26.8,27.5,28.6,29.9,30.9,29.8,28.6,27.8,27.2,26.5,26.4,26.1,26.1,26.2,26.2,26.4,27.0,27.3,27.9,28.2,27.7,27.4,27.2,27.4,27.3,27.2,27.2,27.3,27.2,27.5,27.6,27.5,27.5,27.6,27.5,27.7,27.5,27.5,27.5,27.3,27.2,27.0,27.1,27.0,26.7,26.5,26.2,25.9,25.6,25.8,25.8,25.9,26.2,26.3,26.9,27.0,27.1,27.2,26.8,26.8,26.9,26.8,26.8,26.8,27.0,27.0,27.4,27.8,28.3,29.5,29.6,29.5,29.3,29.3,29.3,29.1,29.1,29.2,29.1,29.0,28.9,28.2,27.4,26.9,26.6,26.4,26.2,26.3,26.4,26.4,26.5,26.4,26.5,26.3,26.6,26.5,26.5,26.5,26.8,26.7,26.7,26.8,26.6,26.8,26.8,26.8,26.8,26.8,26.8,26.8,26.7,26.8,26.8,26.9,26.9,27.0,26.9,26.8,26.8,26.9,26.7,26.8,26.8,26.8,27.0,26.9,26.8,26.8,26.8,26.8,26.8,26.9,26.7,26.8,26.8,26.8,27.2,26.9,26.9,26.8
188,27.4,27.5,27.5,27.6,27.5,27.5,27.4,27.6,27.7,27.5,27.6,27.7,27.6,27.4,27.6,27.3,27.5,27.5,27.3,27.5,27.5,27.5,27.4,27.4,27.4,27.5,27.8,27.9,28.5,28.7,29.1,28.6,28.1,27.5,26.7,26.1,26.0,26.1,26.0,25.9,26.0,25.9,26.0,25.8,25.8,25.8,25.8,25.9,26.0,26.0,26.1,26.3,26.8,27.5,28.3,29.9,30.7,29.9,28.7,27.8,27.2,26.5,26.2,26.1,26.1,26.0,26.1,26.5,27.0,27.4,27.9,28.3,28.1,27.6,27.5,27.3,27.0,27.1,27.0,27.0,27.1,27.1,27.2,27.1,27.2,27.3,27.2,27.3,27.2,27.1,27.1,27.0,27.0,26.8,27.0,26.9,26.8,26.6,26.2,25.9,25.9,25.7,25.8,26.0,26.3,26.4,26.8,27.0,27.2,27.1,26.8,26.7,26.8,26.8,26.8,27.1,27.3,27.4,27.7,27.9,28.5,29.2,29.5,29.3,29.1,29.2,29.1,29.2,29.1,29.1,29.3,29.1,28.8,28.3,27.5,26.9,26.6,26.4,26.3,26.3,26.5,26.3,26.5,26.5,26.5,26.5,26.7,26.7,26.8,26.6,26.7,26.8,26.7,26.8,26.8,26.8,26.8,26.8,27.0,26.7,26.8,26.8,26.9,26.8,27.0,26.8,26.9,26.9,26.8,26.8,26.8,26.8,26.9,26.9,27.0,26.9,26.8,27.1,27.1,27.0,26.9,26.7,27.0,26.8,26.8,26.7,26.9,26.8,27.0,26.8,26.8,26.6
189,27.5,27.5,27.5,27.5,27.4,27.4,27.4,27.6,27.4,27.4,27.5,27.6,27.4,27.7,27.4,27.5,27.6,27.6,27.4,27.4,27.4,27.5,27.4,27.5,27.4,27.6,27.7,28.1,28.5,28.8,29.1,28.6,28.3,27.7,26.6,26.1,26.0,26.1,26.0,25.9,25.9,26.0,25.8,25.6,25.9,26.0,26.0,26.0,25.8,26.0,26.2,26.1,26.9,27.5,28.7,29.7,30.5,30.3,28.9,27.7,27.1,26.6,26.2,25.9,25.9,26.0,26.4,26.3,26.8,27.3,27.9,28.3,28.2,27.9,27.6,27.6,27.4,27.2,27.1,27.0,27.1,27.2,26.8,27.0,27.0,27.1,27.0,26.9,26.8,26.8,26.8,26.7,26.9,26.7,27.0,27.0,26.8,26.5,26.2,26.0,25.8,25.8,25.8,26.2,26.4,26.7,27.2,27.2,27.2,27.2,26.8,26.8,26.9,27.1,27.2,27.3,27.6,27.7,27.9,28.1,28.7,29.2,29.3,29.2,29.3,29.3,29.1,29.2,29.1,29.3,29.0,29.1,29.0,28.3,27.6,27.0,26.8,26.3,26.3,26.4,26.3,26.5,26.5,26.3,26.6,26.5,26.5,26.6,26.7,26.8,26.7,26.8,26.7,26.8,26.9,26.7,26.9,26.8,26.7,26.8,26.9,26.8,26.8,26.8,26.7,26.8,26.9,26.9,26.8,26.9,27.0,26.9,26.9,26.8,27.1,26.9,26.8,26.9,26.8,26.9,26.8,26.8,26.7,27.0,26.8,27.0,26.7,26.9,26.9,26.8,26.9,26.8
190,27.4,27.3,27.5,27.4,27.3,27.5,27.3,27.5,27.4,27.5,27.4,27.5,27.4,27.4,27.4,27.7,27.5,27.4,27.4,27.4,27.3,27.4,27.5,27.3,27.4,27.4,27.7,28.1,28.2,28.7,28.9,28.9,28.2,27.6,26.9,26.3,26.1,26.0,26.0,26.0,26.1,25.9,25.9,25.8,25.9,25.9,25.9,25.8,25.9,26.1,26.2,26.2,26.8,27.4,28.3,29.5,30.3,30.3,29.2,27.9,27.1,26.4,25.9,26.1,26.0,26.1,26.2,26.5,26.8,27.5,28.0,28.4,28.3,28.1,27.9,27.6,27.3,27.2,26.9,27.1,27.0,27.0,26.9,27.0,26.8,26.7,26.8,26.8,26.7,26.6,26.8,26.6,26.5,26.6,26.8,26.8,26.7,26.6,26.3,26.2,26.0,25.8,25.9,26.1,26.3,26.7,27.0,27.4,27.2,27.2,27.0,27.0,27.1,27.3,27.5,27.4,27.9,27.9,28.2,28.4,28.7,29.2,29.3,29.3,29.2,29.1,28.9,29.2,29.1,29.1,29.1,29.0,28.8,28.4,27.4,27.0,26.6,26.4,26.3,26.3,26.3,26.4,26.2,26.3,26.3,26.5,26.4,26.5,26.6,26.7,26.5,26.6,26.7,26.6,26.7,26.8,26.8,26.9,26.6,26.8,26.7,26.8,26.7,26.9,27.0,26.7,26.8,26.8,26.7,26.8,26.9,26.9,26.8,26.9,26.8,26.9,26.8,26.8,26.8,26.8,26.9,27.0,26.8,26.9,26.7,26.8,26.8,27.0,26.8,26.8,26.8,26.8
191,27.4,27.2,27.3,27.5,27.5,27.5,27.5,27.5,27.4,27.4,27.3,27.5,27.4,27.6,27.5,27.6,27.5,27.4,27.5,27.5,27.5,27.4,27.4,27.5,27.2,27.5,27.7,28.0,28.3,28.7,29.1,28.7,28.3,27.9,26.8,26.4,26.0,25.9,26.0,25.8,25.9,25.9,25.9,25.9,25.8,26.1,26.0,25.9,25.9,26.0,26.1,26.2,26.7,27.4,28.3,29.3,29.9,30.3,29.1,28.1,27.3,26.6,26.1,26.0,26.1,25.9,26.1,26.3,26.9,27.4,28.1,28.6,28.5,28.5,28.3,27.8,27.8,27.3,27.2,27.1,27.1,27.0,27.0,26.8,26.8,26.8,26.6,26.8,26.6,26.5,26.5,26.6,26.5,26.7,26.8,27.1,27.0,26.8,26.5,26.2,26.0,25.8,25.9,26.2,26.4,26.6,27.0,27.2,27.3,27.0,27.0,27.1,27.2,27.7,27.7,27.9,28.1,28.2,28.5,28.5,28.8,29.0,29.3,29.1,29.3,29.1,29.0,29.2,29.1,29.2,29.0,29.0,28.8,28.2,27.5,27.0,26.5,26.3,26.4,26.3,26.5,26.3,26.4,26.5,26.6,26.4,26.5,26.4,26.5,26.6,26.5,26.7,26.9,26.8,26.8,26.8,26.9,26.9,26.9,26.8,26.8,26.8,26.8,26.6,26.8,26.8,26.7,26.8,26.8,26.8,26.8,26.8,26.8,26.8,26.7,26.8,26.7,26.9,26.9,26.8,27.0,26.8,26.8,26.8,26.8,26.7,26.7,27.0,26.7,26.8,26.7,26.6
192,27.5,27.4,27.3,27.4,27.3,27.2,27.4,27.4,27.5,27.5,27.5,27.4,27.5,27.4,27.4,27.3,27.4,27.4,27.4,27.4,27.4,27.4,27.5,27.2,27.3,27.5,27.7,27.9,28.4,28.7,28.9,28.9,28.4,27.6,26.9,26.2,26.0,26.0,25.8,25.7,25.9,25.9,25.9,25.7,26.0,26.1,25.9,26.0,25.8,25.9,26.1,26.2,26.5,27.2,28.2,29.1,29.6,29.9,29.5,28.4,27.3,26.6,26.1,26.1,26.0,26.1,26.2,26.5,27.0,27.6,28.2,28.7,28.8,28.6,28.5,28.1,27.9,27.6,27.4,27.2,27.2,27.0,26.9,27.0,26.9,26.7,26.8,26.8,26.6,26.5,26.7,26.6,26.5,26.7,26.8,27.0,27.0,26.8,26.6,26.3,25.9,25.8,26.1,26.2,26.1,26.4,27.0,27.2,27.4,27.4,27.2,27.4,27.5,27.9,28.0,28.1,28.4,28.6,28.7,29.0,29.2,29.2,29.1,29.1,29.2,29.2,29.1,29.2,29.3,29.3,29.3,29.2,29.0,28.4,27.6,26.9,26.5,26.3,26.3,26.3,26.3,26.2,26.4,26.5,26.5,26.4,26.5,26.5,26.7,26.6,26.8,26.7,26.6,26.7,26.8,26.7,26.7,27.0,26.8,26.8,26.9,26.7,26.9,26.8,26.8,26.8,26.8,26.7,26.9,26.9,26.8,26.8,27.1,26.8,26.8,27.0,26.8,27.0,26.7,26.9,26.8,26.8,26.8,27.0,26.8,26.7,26.8,26.8,26.9,26.7,26.9,26.8
193,27.2,27.4,27.4,27.5,27.4,27.3,27.5,27.6,27.4,27.6,27.6,27.4,27.5,27.7,27.4,27.5,27.5,27.4,27.5,27.5,27.4,27.5,27.5,27.3,27.4,27.5,27.5,27.9,28.3,28.9,28.9,28.9,28.4,27.8,26.8,26.3,25.9,25.9,26.0,25.8,25.8,25.8,25.9,25.9,25.8,25.8,26.0,26.1,25.9,26.1,26.1,26.3,26.8,27.5,28.1,28.9,29.5,29.7,29.3,28.5,27.5,26.8,26.2,25.9,26.1,26.0,26.2,26.4,26.9,27.5,28.2,28.8,28.9,28.9,28.7,28.6,28.4,27.9,27.7,27.5,27.2,27.2,27.1,27.1,26.9,26.9,26.9,26.8,26.6,26.7,26.5,26.5,26.5,26.6,26.9,27.1,27.1,26.9,26.5,26.1,26.0,25.9,25.8,26.1,26.3,26.3,26.8,27.1,27.3,27.5,27.4,27.7,27.9,28.0,28.2,28.5,28.5,28.6,28.8,28.9,28.9,29.0,29.2,29.2,29.3,29.2,29.2,29.3,29.3,29.3,29.2,29.0,29.0,28.4,27.4,27.0,26.5,26.5,26.4,26.3,26.3,26.5,26.4,26.4,26.5,26.4,26.4,26.6,26.6,26.6,26.5,26.7,26.7,26.7,26.7,26.7,26.7,26.8,26.9,26.9,26.7,26.9,26.9,26.7,27.0,26.7,26.9,26.9,26.9,26.7,26.8,26.8,26.9,26.9,27.0,26.9,27.0,26.9,26.8,26.9,26.8,26.9,26.8,26.8,26.9,26.9,27.0,26.9,26.8,26.8,26.7,26.9
194,27.6,27.5,27.2,27.3,27.5,27.3,27.5,27.3,27.5,27.5,27.5,27.5,27.5,27.4,27.5,27.5,27.4,27.4,27.3,27.5,27.5,27.4,27.4,27.3,27.4,27.5,27.5,28.1,28.4,28.7,29.0,28.7,28.4,27.7,27.0,26.1,26.0,26.2,25.9,25.9,26.1,25.8,26.0,25.8,26.0,25.9,26.0,25.8,26.1,26.0,26.1,26.1,26.7,27.3,28.1,28.8,29.4,29.4,29.0,28.7,27.6,26.7,26.1,26.1,26.0,26.2,26.2,26.6,27.0,27.6,28.4,28.9,29.0,29.1,28.9,28.7,28.5,28.3,27.9,27.5,27.5,27.3,27.1,27.2,26.9,26.8,26.7,26.7,26.5,26.6,26.5,26.4,26.5,26.5,26.8,27.0,26.8,26.6,26.4,26.3,26.1,26.0,26.0,26.0,25.8,26.1,26.6,27.0,27.5,27.6,27.7,28.0,28.1,28.2,28.4,28.5,28.7,28.7,29.1,28.9,29.1,29.0,29.2,29.5,29.2,29.3,29.1,29.2,29.2,29.2,29.1,29.3,28.9,28.4,27.4,27.0,26.5,26.3,26.2,26.3,26.3,26.5,26.5,26.5,26.5,26.6,26.7,26.6,26.6,26.5,26.8,26.5,26.6,26.7,26.9,26.6,26.8,26.7,26.8,26.8,26.8,26.8,26.8,26.8,26.9,26.8,26.7,26.8,26.8,26.9,26.9,26.8,27.0,26.8,26.8,26.9,26.8,27.0,26.7,26.7,26.8,26.8,26.8,26.8,26.8,26.8,26.8,26.8,26.7,26.7,27.0,26.8
195,27.5,27.5,27.6,27.3,27.4,27.4,27.4,27.6,27.4,27.4,27.4,27.3,27.5,27.4,27.5,27.6,27.7,27.4,27.5,27.4,27.6,27.4,27.4,27.4,27.4,27.5,27.7,28.0,28.3,28.8,28.9,28.9,28.5,27.9,26.8,26.2,26.1,26.0,26.0,25.8,26.1,25.9,26.1,26.0,26.0,25.9,25.9,26.0,26.0,26.2,26.1,26.2,26.7,27.2,28.1,28.9,29.2,29.5,29.3,28.7,27.7,26.9,26.2,26.1,26.1,26.2,26.5,26.7,27.0,27.6,28.2,29.1,29.0,28.9,29.1,29.0,28.9,28.7,28.1,27.9,27.5,27.4,27.3,27.2,27.1,26.7,26.8,26.7,26.7,26.6,26.7,26.6,26.4,26.7,26.8,27.0,27.2,26.6,26.3,26.1,26.1,26.1,26.0,26.0,25.9,26.1,26.5,27.2,27.6,28.1,27.9,28.2,28.4,28.5,28.7,28.6,28.7,28.9,29.1,29.2,29.3,29.3,29.3,29.3,29.3,29.3,29.3,29.4,29.5,29.2,29.3,29.3,29.2,28.4,27.5,26.9,26.5,26.4,26.4,26.2,26.3,26.3,26.4,26.4,26.5,26.6,26.6,26.6,26.5,26.7,26.7,26.6,26.8,26.8,26.8,26.8,26.8,26.7,26.8,26.8,26.8,26.7,27.0,26.8,27.1,26.8,26.9,26.9,26.8,26.8,26.9,26.9,26.9,26.8,27.0,26.9,26.6,26.8,26.9,26.8,26.8,26.9,26.8,27.0,26.8,26.9,26.7,26.9,26.7,26.8,26.7,26.6
196,27.4,27.5,27.3,27.3,27.3,27.3,27.4,27.6,27.6,27.5,27.4,27.5,27.5,27.5,27.5,27.5,27.6,27.4,27.5,27.4,27.4,27.4,27.5,27.3,27.4,27.5,27.6,27.9,28.2,28.7,28.9,28.8,28.5,27.9,27.0,26.3,26.1,26.1,25.8,26.2,26.1,26.1,25.9,25.9,26.0,26.0,26.1,26.0,26.1,26.0,26.1,26.4,26.6,27.2,28.0,28.7,29.0,29.1,29.0,28.6,27.7,26.8,26.2,26.1,26.2,26.3,26.4,26.7,27.0,27.6,28.5,28.8,29.1,28.9,29.1,29.0,29.1,28.9,28.5,28.2,27.7,27.3,27.3,27.2,27.0,26.8,26.8,26.9,26.6,26.9,26.8,26.8,26.7,27.0,27.3,27.2,26.8,26.7,26.4,26.2,26.2,25.8,26.0,26.0,25.8,26.1,26.6,27.1,27.8,28.1,28.1,28.3,28.4,28.6,28.5,28.8,28.7,29.1,29.1,29.3,29.3,29.3,29.1,29.2,29.5,29.1,29.3,29.4,29.3,29.5,29.5,29.4,29.1,28.6,27.5,26.9,26.6,26.4,26.3,26.4,26.4,26.5,26.4,26.3,26.4,26.6,26.8,26.5,26.6,26.5,26.9,26.7,26.7,26.7,26.7,26.8,26.8,26.7,26.8,26.7,26.9,26.9,26.9,26.9,26.9,26.8,26.6,26.9,26.9,26.8,26.8,26.9,26.8,26.7,27.0,26.7,26.8,26.7,26.8,26.7,26.7,26.9,26.9,26.8,26.8,26.9,26.7,26.8,27.0,26.7,26.9,26.8
197,27.4,27.2,27.5,27.4,27.3,27.4,27.5,27.5,27.5,27.5,27.4,27.4,27.6,27.3,27.6,27.5,27.6,27.5,27.4,27.3,27.5,27.2,27.5,27.2,27.5,27.3,27.5,27.8,28.1,28.6,28.9,28.8,28.3,27.7,27.1,26.4,26.1,25.9,25.8,25.9,25.9,26.1,26.0,26.0,26.1,25.8,26.1,26.0,26.1,25.9,26.2,26.2,26.6,27.2,27.9,28.7,29.1,29.2,28.9,28.3,27.6,26.8,26.3,26.2,26.1,26.1,26.3,26.4,26.9,27.6,28.4,29.0,29.1,29.0,29.2,29.0,29.1,28.9,28.6,28.3,27.9,27.7,27.2,27.2,27.2,27.2,27.1,27.2,27.2,27.2,27.2,27.2,27.4,27.3,27.7,27.3,27.2,26.7,26.3,26.0,26.0,25.8,25.9,26.0,26.0,25.9,26.7,27.3,27.9,28.2,28.1,28.5,28.4,28.5,28.7,28.7,28.9,29.0,29.0,29.3,29.4,29.4,29.4,29.5,29.3,29.3,29.3,29.3,29.3,29.5,29.4,29.3,29.0,28.5,27.4,27.0,26.5,26.3,26.4,26.3,26.3,26.3,26.3,26.4,26.4,26.5,26.7,26.7,26.5,26.7,26.6,26.7,26.8,26.7,26.8,26.8,26.7,26.8,26.7,26.8,26.8,26.8,26.7,26.8,26.6,26.7,26.8,26.8,26.7,26.8,26.8,26.8,26.8,26.8,27.0,26.8,26.7,26.9,26.7,26.9,26.8,26.9,26.8,26.9,26.8,26.7,26.7,26.8,26.8,26.8,26.7,26.8
198,27.5,27.4,27.3,27.4,27.4,27.4,27.5,27.5,27.3,27.3,27.4,27.4,27.7,27.3,27.3,27.3,27.5,27.4,27.5,27.5,27.5,27.4,27.5,27.5,27.4,27.4,27.7,27.7,28.2,28.5,28.8,29.0,28.7,28.0,27.0,26.2,26.1,25.8,26.0,25.8,26.0,26.1,26.0,25.8,26.1,25.6,26.0,25.9,26.0,26.0,26.0,26.0,26.4,27.0,27.8,28.7,29.0,29.1,28.6,28.4,27.6,27.0,26.4,26.2,26.1,26.3,26.3,26.5,26.9,27.4,28.3,29.0,29.1,29.1,29.1,29.1,28.9,28.9,29.0,28.6,28.4,27.7,27.4,27.4,27.5,27.7,27.6,27.7,27.6,27.7,27.6,27.7,27.6,27.8,27.9,27.7,27.4,26.7,26.2,25.9,25.8,26.1,25.9,26.0,25.8,26.1,26.5,27.2,28.1,28.3,28.3,28.3,28.4,28.7,28.5,28.8,28.8,29.1,29.0,29.4,29.4,29.5,29.4,29.3,29.3,29.3,29.1,29.2,29.4,29.4,29.4,29.2,29.0,28.4,27.6,26.9,26.7,26.4,26.3,26.4,26.4,26.4,26.5,26.5,26.3,26.4,26.5,26.5,26.6,26.6,26.6,26.6,26.7,26.8,26.7,26.6,26.8,26.8,26.8,26.8,26.8,26.7,26.9,26.8,26.9,26.8,26.7,27.0,26.8,26.8,26.9,26.9,26.9,26.8,26.9,26.9,26.7,26.7,26.9,26.9,26.7,26.7,26.8,26.7,26.7,26.6,26.6,26.8,26.8,26.8,26.8,26.6
199,27.4,27.2,27.4,27.4,27.3,27.4,27.3,27.4,27.5,27.5,27.4,27.5,27.4,27.3,27.4,27.4,27.5,27.4,27.6,27.5,27.5,27.6,27.4,27.5,27.2,27.2,27.6,27.9,28.1,28.4,28.9,29.0,28.6,28.1,27.1,26.3,26.1,26.0,25.9,25.8,25.9,26.1,26.0,25.9,25.8,26.0,26.0,26.0,26.1,26.0,26.1,26.3,26.5,27.1,27.9,28.6,29.0,29.1,28.7,28.2,27.4,26.8,26.2,26.2,26.1,26.1,26.3,26.4,27.0,27.5,28.3,28.9,29.2,29.0,29.0,29.1,29.1,28.9,28.9,28.8,28.5,28.3,27.9,27.7,27.7,27.9,27.9,27.8,27.6,27.7,27.9,27.7,27.9,27.9,28.0,27.7,27.2,26.7,26.2,26.0,25.8,25.8,25.9,25.9,25.9,26.1,26.6,27.4,27.8,28.3,28.3,28.5,28.5,28.7,28.7,28.7,28.9,29.2,29.1,29.4,29.4,29.6,29.5,29.4,29.3,29.3,29.3,29.6,29.4,29.5,29.1,29.1,29.0,28.4,27.5,27.0,26.7,26.4,26.3,26.3,26.3,26.5,26.5,26.4,26.3,26.4,26.5,26.5,26.6,26.7,26.7,26.8,26.6,26.8,26.9,26.8,26.7,26.8,26.7,26.8,26.9,26.8,26.8,26.8,26.8,26.8,26.9,26.8,26.9,26.8,26.8,26.8,26.8,26.8,26.9,26.9,26.8,26.8,26.8,27.0,26.8,26.8,26.9,26.9,26.8,26.7,26.8,26.8,27.0,26.8,26.7,26.6
200,27.5,27.4,27.4,27.5,27.5,27.4,27.4,27.5,27.5,27.6,27.4,27.5,27.4,27.4,27.4,27.7,27.5,27.5,27.5,27.4,27.5,27.5,27.5,27.6,27.5,27.5,27.5,27.7,28.1,28.5,28.9,29.0,28.7,28.1,27.2,26.5,26.1,26.2,26.1,25.9,26.2,26.1,26.0,26.0,26.1,25.8,26.1,25.9,26.1,26.1,26.3,26.3,26.6,27.2,28.0,28.6,29.1,29.1,28.7,28.4,27.7,27.0,26.4,26.1,26.2,26.2,26.3,26.3,26.8,27.5,28.3,29.1,29.2,29.0,29.0,28.8,28.7,28.7,28.8,28.4,28.6,28.5,28.3,28.1,28.2,27.9,27.9,27.7,27.9,27.7,27.7,27.7,27.8,27.9,28.3,27.7,27.2,26.7,26.1,25.9,25.9,25.9,25.8,25.9,26.1,26.2,26.7,27.2,27.9,28.2,28.5,28.4,28.5,28.6,28.8,28.9,29.1,28.9,29.1,29.2,29.3,29.4,29.5,29.1,29.0,29.2,29.4,29.6,29.4,29.3,28.8,28.9,28.9,28.5,27.7,27.1,26.7,26.5,26.4,26.3,26.6,26.4,26.5,26.4,26.7,26.7,26.5,26.8,26.6,26.8,26.8,26.7,26.9,26.6,26.8,26.7,26.8,27.0,26.9,26.8,26.8,26.8,26.9,26.9,27.0,26.9,26.8,26.9,26.8,26.8,26.9,26.7,27.0,26.8,26.9,26.8,26.9,26.9,26.8,26.9,27.0,26.9,26.8,26.8,27.0,26.8,27.0,26.9,26.8,26.8,26.9,26.9
201,27.3,27.5,27.5,27.5,27.5,27.4,27.6,27.4,27.5,27.5,27.4,27.5,27.5,27.4,27.5,27.5,27.2,27.4,27.5,27.5,27.5,27.4,27.5,27.5,27.5,27.3,27.4,27.7,28.2,28.5,28.7,28.9,28.7,27.9,27.0,26.5,26.2,26.0,26.0,26.0,25.9,25.9,25.8,26.0,26.0,26.0,26.1,26.1,25.9,25.8,26.0,26.1,26.7,27.2,27.8,28.7,29.2,28.9,28.7,28.4,27.5,26.7,26.2,26.2,26.3,26.2,26.2,26.5,27.0,27.5,28.3,28.9,28.9,28.9,28.6,28.4,28.3,28.5,28.3,28.3,28.3,28.6,28.4,28.2,28.3,28.2,28.0,27.7,27.6,27.5,27.7,27.7,27.7,27.9,28.1,27.8,27.2,26.7,26.3,26.0,25.8,25.9,26.0,26.0,26.0,26.1,26.6,27.3,27.9,28.3,28.3,28.1,28.2,28.6,28.7,28.9,28.8,28.7,28.7,29.1,29.2,29.2,29.3,29.1,28.9,29.1,29.3,29.5,29.4,28.9,28.5,28.8,28.8,28.6,27.6,27.0,26.6,26.5,26.4,26.5,26.5,26.4,26.4,26.4,26.6,26.6,26.6,26.6,26.7,26.8,26.8,26.8,26.6,26.8,26.8,26.8,26.7,26.8,26.8,26.7,26.8,26.7,26.8,26.8,27.0,26.7,26.8,26.8,26.9,26.7,26.8,27.0,26.8,26.8,26.8,26.7,26.8,26.7,26.9,26.8,26.8,26.8,26.8,26.8,26.8,26.8,26.7,26.8,26.7,26.8,26.7,26.7
202,27.4,27.5,27.2,27.5,27.3,27.5,27.5,27.5,27.4,27.5,27.6,27.5,27.5,27.5,27.4,27.5,27.5,27.5,27.5,27.5,27.5,27.6,27.4,27.6,27.4,27.5,27.7,27.7,27.9,28.3,28.7,28.9,28.5,28.0,27.2,26.6,26.1,26.0,26.0,26.0,25.9,26.0,25.9,25.9,25.9,26.0,26.0,26.0,26.0,26.1,26.1,26.2,26.7,27.0,27.8,28.6,29.1,29.1,29.0,28.4,27.7,27.0,26.5,26.1,26.1,26.3,26.3,26.3,26.9,27.4,28.3,29.0,29.1,28.8,28.3,28.3,28.2,28.1,28.1,28.0,28.3,28.5,28.3,28.1,28.1,28.0,27.9,27.8,27.7,27.6,27.8,27.8,27.7,27.9,28.1,27.9,27.3,26.8,26.4,25.9,25.7,25.9,26.0,25.9,25.8,26.2,26.6,27.3,27.8,28.2,28.2,27.8,28.2,28.5,28.7,29.1,28.9,28.5,28.6,28.8,29.1,29.4,29.1,28.8,28.8,28.9,29.3,29.2,29.3,28.6,28.5,28.7,28.6,28.4,27.7,27.1,26.5,26.3,26.5,26.3,26.3,26.5,26.4,26.5,26.5,26.7,26.6,26.6,26.7,26.7,26.7,26.9,26.8,26.8,26.8,26.7,26.8,26.8,26.7,26.8,26.8,26.9,26.8,26.8,26.7,26.7,26.9,26.9,26.9,27.0,26.9,26.8,26.8,26.8,26.9,27.0,26.9,26.8,26.9,26.8,26.8,26.9,26.7,26.8,27.0,27.0,26.9,27.0,26.9,27.0,26.8,27.0
203,27.5,27.3,27.3,27.5,27.4,27.4,27.6,27.4,27.6,27.5,27.5,27.6,27.5,27.5,27.4,27.6,27.5,27.4,27.4,27.6,27.6,27.5,27.6,27.5,27.6,27.4,27.4,27.5,28.1,28.3,28.7,29.0,28.5,28.1,27.2,26.5,26.1,26.2,26.0,26.0,26.0,26.0,25.9,26.0,25.9,25.9,26.1,26.0,26.1,26.1,26.1,26.3,26.6,26.9,27.8,28.7,29.0,29.1,29.1,28.5,27.8,26.9,26.3,26.3,26.1,26.2,26.2,26.6,26.9,27.3,28.0,28.7,29.0,28.5,28.2,28.1,28.0,27.8,27.8,27.9,28.2,28.3,28.3,28.2,28.1,28.1,27.8,27.7,27.9,27.7,27.5,27.7,27.9,28.0,28.0,27.9,27.2,26.7,26.1,26.0,26.0,26.1,26.0,25.8,26.0,26.1,26.8,27.2,28.1,28.1,28.0,27.8,28.1,28.7,28.8,28.9,28.7,28.4,28.6,28.9,29.2,29.1,29.2,28.7,28.6,28.7,29.3,29.1,29.0,28.5,28.6,28.7,28.7,28.3,27.7,27.2,26.6,26.6,26.5,26.6,26.5,26.3,26.6,26.4,26.6,26.6,26.5,26.6,26.5,26.7,26.7,26.8,26.8,26.8,26.7,26.6,26.7,26.8,26.8,26.8,26.8,26.8,26.8,26.8,26.8,26.9,26.9,26.8,26.9,26.7,26.8,27.0,26.8,26.9,26.9,26.8,26.9,27.0,26.8,26.9,26.8,26.8,26.9,27.0,27.0,26.7,26.9,26.9,26.9,26.9,26.9,26.8
204,27.3,27.5,27.3,27.6,27.5,27.3,27.5,27.5,27.4,27.5,27.6,27.5,27.5,27.4,27.6,27.5,27.5,27.5,27.4,27.5,27.5,27.5,27.6,27.5,27.4,27.5,27.3,27.7,28.0,28.6,28.8,28.9,28.6,28.3,27.3,26.6,26.1,26.0,25.8,26.0,26.1,25.9,26.0,26.0,26.1,25.9,25.9,26.1,26.0,26.1,26.2,26.1,26.5,26.9,27.7,28.6,28.9,29.3,29.0,28.6,27.9,27.0,26.4,26.4,26.3,26.1,26.1,26.4,26.8,27.5,28.0,28.8,28.8,28.6,28.2,27.9,27.8,27.7,27.7,27.9,28.1,28.3,28.4,28.1,28.0,27.8,27.9,27.7,27.5,27.5,27.7,27.7,27.7,27.9,27.9,27.8,27.2,27.0,26.4,26.2,25.9,26.0,25.9,26.2,26.1,26.3,26.6,27.2,27.8,27.9,27.7,27.7,27.9,28.4,28.7,28.9,28.5,28.2,28.6,28.8,29.0,29.1,29.1,28.8,28.4,28.6,28.9,29.2,28.9,28.3,28.3,28.6,28.7,28.5,27.7,27.0,26.8,26.5,26.4,26.3,26.6,26.3,26.4,26.5,26.8,26.6,26.5,26.6,26.7,26.8,26.7,26.7,26.7,26.7,26.7,26.9,26.8,26.8,26.9,26.9,26.9,26.7,26.8,26.8,26.8,26.7,27.0,27.0,26.9,26.7,26.9,26.8,26.8,26.7,26.8,26.7,26.8,26.8,26.7,26.8,26.8,26.8,26.8,26.9,27.0,26.8,26.9,26.8,26.8,26.8,26.8,26.8
205,27.4,27.3,27.4,27.2,27.4,27.4,27.3,27.5,27.4,27.5,27.5,27.5,27.2,27.5,27.3,27.5,27.5,27.6,27.3,27.4,27.5,27.4,27.4,27.4,27.5,27.5,27.6,27.7,27.9,28.5,28.9,29.2,28.7,28.2,27.5,26.7,26.1,26.1,25.9,25.9,26.1,26.0,26.0,26.0,25.9,25.9,26.1,26.1,25.9,26.0,26.0,26.3,26.4,27.0,27.6,28.8,29.3,29.3,28.9,28.6,27.9,27.2,26.7,26.4,26.3,26.5,26.4,26.6,26.8,27.4,28.2,28.8,28.8,28.5,28.2,28.0,27.7,27.8,27.8,28.1,28.1,28.2,28.1,28.1,28.1,27.9,27.8,27.6,27.5,27.5,27.5,27.5,27.7,28.0,28.1,27.9,27.4,26.8,26.5,26.2,26.1,26.3,26.3,26.1,26.2,26.3,26.7,27.3,27.7,28.0,27.8,27.7,27.9,28.5,28.7,28.6,28.5,28.1,28.4,28.8,29.1,29.2,29.1,28.7,28.3,28.5,28.6,28.9,28.7,28.4,28.3,28.5,28.6,28.4,27.6,27.1,26.7,26.5,26.5,26.5,26.6,26.4,26.4,26.5,26.5,26.7,26.6,26.7,26.6,26.8,26.7,26.7,26.7,26.8,26.8,26.9,26.8,26.8,26.7,26.8,26.8,26.8,26.7,27.0,26.8,26.7,26.7,26.7,26.9,26.8,26.8,26.8,26.8,26.8,26.7,26.8,26.8,26.8,26.9,26.8,26.9,26.8,27.0,27.0,26.9,26.6,26.8,26.8,26.8,26.8,26.9,26.8
206,27.5,27.4,27.4,27.5,27.2,27.5,27.5,27.6,27.7,27.4,27.6,27.3,27.5,27.4,27.3,27.4,27.2,27.5,27.5,27.6,27.6,27.4,27.4,27.4,27.4,27.6,27.6,27.7,27.8,28.3,28.8,29.0,28.7,28.3,27.4,26.7,26.2,26.1,26.0,26.0,26.1,26.1,25.9,25.9,26.0,25.8,26.0,25.9,25.9,26.1,26.1,26.1,26.6,27.0,27.7,28.6,29.0,29.1,29.1,28.6,27.9,27.2,26.6,26.4,26.5,26.4,26.5,26.6,27.0,27.5,28.2,28.7,29.1,28.7,28.2,28.0,27.9,27.9,27.7,27.9,28.2,28.3,28.1,28.1,28.0,27.8,27.8,27.5,27.4,27.4,27.3,27.5,27.7,27.9,28.1,27.7,27.3,26.9,26.5,26.3,26.2,26.1,26.3,26.2,26.2,26.3,26.9,27.3,27.9,27.7,27.8,27.7,27.7,27.9,28.1,28.3,28.0,28.1,28.4,28.9,29.1,29.4,29.2,28.7,28.2,28.2,28.4,28.5,28.5,28.3,28.4,28.6,28.6,28.4,27.8,27.2,26.8,26.7,26.5,26.5,26.5,26.5,26.5,26.7,26.7,26.7,26.7,26.6,26.6,26.8,26.8,26.8,26.8,26.8,27.0,26.7,26.7,26.7,27.1,26.7,26.8,27.0,26.9,26.9,26.8,26.6,26.9,26.8,27.0,26.8,26.9,26.7,26.7,26.7,26.7,26.8,26.7,26.9,26.8,26.8,26.8,26.6,26.9,26.7,26.7,26.7,26.8,26.7,26.8,26.9,26.7,26.8
207,27.4,27.3,27.5,27.3,27.4,27.4,27.5,27.5,27.5,27.5,27.6,27.4,27.5,27.5,27.5,27.4,27.5,27.5,27.5,27.5,27.5,27.5,27.4,27.5,27.5,27.5,27.4,27.4,28.0,28.4,28.7,28.9,28.8,28.3,27.3,26.6,26.2,26.1,25.8,26.1,26.0,25.9,25.9,26.0,26.0,25.9,26.0,26.1,26.0,26.0,26.1,26.1,26.5,27.0,27.6,28.7,29.1,29.1,29.0,28.6,27.9,27.4,26.9,26.5,26.6,26.6,26.5,26.8,27.0,27.5,28.3,28.8,29.0,28.5,28.3,27.9,28.0,27.9,27.9,27.9,28.3,28.4,28.2,28.2,27.9,27.9,27.7,27.3,27.4,27.5,27.6,27.7,27.7,27.8,27.9,27.9,27.4,26.8,26.5,26.5,26.0,26.3,26.3,26.3,26.2,26.5,26.7,27.1,27.7,28.1,27.6,27.4,27.5,27.6,27.9,27.9,27.8,27.7,28.3,28.9,29.1,29.4,29.2,28.7,28.1,28.1,28.1,28.2,28.1,28.0,28.2,28.5,28.7,28.4,27.7,27.1,26.8,26.6,26.5,26.6,26.5,26.7,26.5,26.5,26.4,26.5,26.6,26.7,26.7,26.8,26.8,26.8,26.8,26.9,26.6,26.8,26.8,26.8,26.7,27.0,26.8,26.8,26.7,26.9,26.8,26.6,26.6,26.5,27.0,26.7,26.9,26.9,26.8,26.8,26.8,26.9,26.9,26.9,27.0,26.8,27.0,26.7,26.9,26.8,26.8,26.7,26.8,26.9,26.8,26.6,26.8,26.8
208,27.2,27.3,27.5,27.3,27.4,27.3,27.1,27.2,27.4,27.5,27.6,27.5,27.5,27.5,27.3,27.5,27.4,27.5,27.4,27.6,27.7,27.5,27.5,27.5,27.3,27.3,27.5,27.7,27.9,28.3,28.7,29.0,28.9,28.3,27.7,26.8,26.2,26.1,26.1,26.1,26.0,25.9,25.8,26.1,26.0,25.9,25.9,26.0,26.0,26.0,26.1,26.1,26.4,27.1,27.7,28.5,29.1,29.2,29.0,28.7,28.1,27.4,26.9,26.7,26.7,26.8,26.8,26.7,27.2,27.5,28.2,28.9,29.0,28.7,28.3,27.9,27.8,28.0,27.9,27.8,28.1,28.5,28.3,28.1,27.9,27.6,27.5,27.5,27.3,27.6,27.6,27.4,27.8,27.9,28.2,27.8,27.4,27.0,26.6,26.4,26.3,26.4,26.2,26.4,26.3,26.4,26.8,27.1,27.7,27.8,27.7,27.5,27.3,27.5,27.5,27.7,27.4,27.8,28.3,28.8,29.3,29.3,29.1,28.7,28.0,27.8,27.9,27.9,27.7,27.7,28.2,28.5,28.7,28.4,27.7,27.2,27.0,26.5,26.5,26.5,26.4,26.7,26.5,26.7,26.6,26.8,26.5,26.7,26.7,26.8,26.8,26.7,26.9,26.8,26.8,27.0,26.7,26.8,26.7,26.8,26.9,26.8,26.9,26.9,26.9,26.8,26.7,26.8,26.9,26.9,26.9,26.9,26.9,26.8,27.1,26.8,26.9,26.8,26.8,26.8,26.7,26.9,26.9,26.9,26.9,26.6,26.9,26.9,26.9,26.8,26.8,26.8
209,27.2,27.3,27.3,27.4,27.2,27.5,27.6,27.4,27.4,27.5,27.3,27.2,27.3,27.3,27.3,27.4,27.4,27.5,27.3,27.5,27.5,27.4,27.5,27.4,27.3,27.3,27.4,27.8,27.8,28.3,28.7,29.1,28.9,28.3,27.6,26.7,26.1,26.1,25.9,26.0,26.1,25.8,26.0,25.9,26.0,25.9,26.0,26.0,26.0,26.0,26.0,26.1,26.4,26.8,27.6,28.6,29.0,29.4,29.0,28.7,28.1,27.5,26.8,26.7,26.7,26.8,26.7,27.0,27.2,27.6,28.2,28.9,29.0,28.9,28.3,27.8,27.7,27.8,27.9,27.8,28.2,28.4,28.3,28.0,27.7,27.7,27.5,27.3,27.4,27.2,27.5,27.5,27.7,27.7,27.9,27.7,27.3,26.9,26.5,26.3,26.3,26.5,26.5,26.3,26.4,26.4,26.7,27.1,27.5,27.7,27.6,27.4,27.2,27.2,27.2,27.2,27.1,27.4,28.4,28.9,29.1,29.1,29.2,28.8,27.9,27.5,27.3,27.3,27.2,27.6,28.1,28.5,28.8,28.4,27.8,27.2,26.7,26.5,26.4,26.5,26.5,26.5,26.5,26.5,26.5,26.7,26.5,26.6,26.7,26.6,26.6,26.7,26.8,26.8,26.8,26.6,26.6,26.8,26.8,26.8,27.0,26.7,26.7,26.5,26.8,26.9,26.8,26.9,26.8,26.8,26.7,26.9,26.9,26.9,26.8,26.7,26.7,27.0,26.8,26.8,26.8,26.8,26.8,26.7,26.9,26.8,26.7,27.0,27.0,26.7,26.8,26.8
210,27.3,27.4,27.2,27.3,27.1,27.2,27.3,27.4,27.4,27.3,27.5,27.4,27.2,27.4,27.3,27.4,27.3,27.4,27.3,27.4,27.5,27.5,27.2,27.4,27.3,27.5,27.3,27.5,27.7,28.3,28.7,29.1,28.9,28.3,27.7,26.9,26.4,26.3,26.0,26.0,26.1,26.1,25.9,26.1,26.1,26.0,26.1,26.1,26.1,26.1,26.0,26.1,26.3,27.0,27.7,28.7,29.1,29.4,29.2,28.7,28.3,27.5,26.9,26.7,26.9,26.7,26.9,26.8,27.1,27.6,28.1,28.7,29.0,28.8,28.1,27.8,27.9,27.7,28.1,28.1,28.3,28.4,28.0,28.1,27.7,27.6,27.3,27.4,27.5,27.4,27.6,27.7,27.7,27.7,27.8,27.7,27.3,27.0,26.5,26.3,26.3,26.3,26.2,26.3,26.3,26.3,26.8,27.2,27.5,27.7,27.7,27.3,27.0,26.9,26.8,26.7,26.8,27.6,28.3,28.7,29.1,29.1,29.1,28.8,28.1,27.4,27.1,27.1,26.9,27.3,28.1,28.3,28.7,28.5,27.6,27.2,26.8,26.6,26.5,26.4,26.5,26.6,26.6,26.6,26.6,26.5,26.6,26.8,26.8,26.6,26.7,26.7,26.8,26.8,26.9,26.9,26.8,26.7,26.8,26.6,26.8,27.0,27.0,26.7,26.8,26.8,26.8,26.7,27.1,26.8,26.6,26.8,26.8,26.9,26.8,26.9,26.8,26.8,26.8,26.8,26.7,26.8,26.8,26.7,26.8,26.8,26.8,26.9,27.0,26.9,26.7,26.8
211,27.2,27.4,27.3,27.2,27.2,27.4,27.4,27.4,27.3,27.4,27.4,27.2,27.4,27.5,27.2,27.4,27.4,27.4,27.4,27.5,27.3,27.4,27.5,27.3,27.4,27.3,27.5,27.6,27.8,28.1,28.5,29.0,28.9,28.3,27.8,27.1,26.5,26.3,26.1,26.2,25.9,26.0,26.1,26.1,26.1,26.0,26.1,26.0,26.0,26.1,26.3,26.1,26.3,26.9,27.5,28.8,29.0,29.3,28.9,28.8,28.1,27.5,26.8,26.7,26.4,26.6,26.6,26.6,27.0,27.5,27.8,28.8,29.1,28.5,28.4,28.2,28.0,27.9,27.9,28.3,28.3,28.2,28.1,27.9,27.7,27.5,27.5,27.4,27.7,27.7,27.7,27.8,27.6,27.6,27.7,27.6,27.1,26.8,26.3,26.3,26.3,26.4,26.3,26.4,26.2,26.4,26.7,27.0,27.5,27.9,27.7,27.6,27.1,26.8,26.5,26.7,26.8,27.3,28.3,28.6,28.9,29.1,29.1,28.7,28.3,27.6,27.2,27.2,27.2,27.5,27.9,28.4,28.6,28.0,27.6,27.3,26.6,26.5,26.5,26.4,26.6,26.4,26.7,26.5,26.4,26.6,26.7,26.4,26.5,26.8,26.8,26.8,26.7,26.7,26.7,26.7,26.5,26.6,26.6,26.8,26.8,26.8,26.6,26.6,26.9,26.8,26.7,26.7,26.8,26.7,26.8,26.8,26.7,26.7,26.7,26.7,26.7,26.8,26.9,26.7,27.0,26.8,26.8,26.8,26.6,26.7,26.6,26.7,26.8,26.6,26.7,26.5
212,27.3,27.3,27.2,27.3,27.4,27.4,27.4,27.4,27.4,27.5,27.5,27.4,27.3,27.3,27.4,27.4,27.5,27.4,27.5,27.4,27.4,27.4,27.5,27.3,27.6,27.4,27.5,27.4,27.9,28.1,28.7,29.0,29.0,28.7,28.1,27.7,27.0,26.6,26.4,26.3,26.5,26.3,26.3,26.2,26.1,26.2,26.4,26.2,26.2,26.3,26.3,26.5,26.6,27.2,27.9,28.6,29.1,29.3,29.1,28.7,28.3,27.5,27.0,26.8,26.8,26.7,26.7,26.8,27.0,27.5,27.7,28.5,29.0,28.5,28.3,28.1,27.9,28.0,28.1,28.0,28.1,28.2,28.1,27.9,27.8,27.6,27.4,27.6,27.8,27.8,27.8,27.7,27.7,27.5,27.6,27.6,27.1,26.8,26.3,26.6,26.1,26.3,26.5,26.3,26.2,26.2,26.6,27.0,27.3,27.6,27.7,27.6,27.3,27.1,26.8,26.8,27.2,27.7,28.2,28.5,28.8,28.9,28.9,28.8,28.2,28.0,27.6,27.5,27.5,27.9,28.1,28.2,28.2,27.8,27.5,27.1,26.8,26.5,26.5,26.4,26.5,26.5,26.6,26.5,26.7,26.7,26.7,26.6,26.5,26.8,26.7,26.8,26.5,26.7,26.7,26.7,26.7,26.9,26.8,26.9,26.7,26.9,26.8,26.8,26.8,26.8,26.8,26.8,26.8,26.9,26.8,26.8,26.8,26.8,26.9,26.9,26.9,26.8,26.8,26.8,26.9,26.8,26.8,26.9,27.0,26.7,26.9,26.8,26.9,26.9,26.7,26.8
213,27.4,27.1,27.2,27.4,27.2,27.1,27.3,27.3,27.2,27.2,27.5,27.2,27.3,27.5,27.2,27.4,27.5,27.4,27.3,27.2,27.5,27.5,27.5,27.2,27.4,27.2,27.4,27.5,27.6,28.1,28.5,28.8,28.7,28.4,28.1,27.7,27.3,27.0,26.8,27.0,26.8,26.6,26.8,26.8,26.8,26.9,26.6,26.8,26.6,26.6,26.7,26.8,27.2,27.8,28.3,28.7,29.1,28.9,28.8,28.5,28.0,27.5,26.9,26.6,26.5,26.8,26.7,26.7,26.9,27.1,27.7,28.1,28.4,28.3,28.2,28.1,27.9,27.9,28.0,28.1,27.9,27.9,27.9,27.9,27.6,27.7,27.5,27.7,27.6,27.9,27.6,27.8,27.7,27.5,27.6,27.2,26.9,26.5,26.4,26.3,26.3,26.3,26.2,26.3,26.2,26.3,26.7,26.8,26.9,27.6,27.5,27.5,27.1,27.1,26.9,27.0,27.0,27.4,27.9,28.3,28.5,28.5,28.4,28.2,28.1,27.7,27.5,27.3,27.4,27.6,27.8,27.9,27.9,27.6,27.4,27.2,26.7,26.4,26.6,26.4,26.4,26.7,26.6,26.6,26.6,26.7,26.5,26.5,26.8,26.6,26.8,26.8,26.6,26.7,26.7,26.8,26.7,26.7,26.7,26.8,26.7,26.7,27.0,26.7,26.8,26.8,26.8,26.8,26.7,26.8,26.8,26.8,26.7,26.7,26.8,26.8,26.9,26.8,26.7,26.9,26.7,26.7,26.7,26.9,26.7,26.7,26.8,26.9,26.9,26.9,26.6,26.8
214,27.3,27.4,27.2,27.3,27.2,27.2,27.1,27.3,27.2,27.2,27.2,27.2,27.4,27.2,27.3,27.4,27.1,27.4,27.2,27.4,27.2,27.2,27.4,27.2,27.5,27.4,27.5,27.4,27.7,27.9,28.3,28.4,28.3,28.2,27.9,27.6,27.4,27.4,27.1,27.1,27.0,27.1,27.0,27.2,27.1,27.0,27.0,27.0,27.1,27.0,27.0,27.2,27.2,28.0,28.2,28.4,28.5,28.3,28.3,27.9,27.6,27.2,26.9,26.7,26.6,26.6,26.8,26.7,26.8,27.1,27.3,27.9,28.2,28.4,28.1,28.1,28.0,27.9,27.8,27.9,27.9,28.0,27.8,27.7,27.7,27.5,27.7,27.6,27.7,27.8,27.8,27.8,27.7,27.5,27.3,27.2,26.7,26.5,26.5,26.4,26.3,26.1,26.4,26.4,26.3,26.3,26.5,26.7,27.0,27.0,27.3,27.2,27.1,26.9,26.8,26.7,26.8,27.2,27.5,27.7,27.8,27.9,27.8,27.6,27.6,27.4,27.3,27.2,27.0,27.2,27.3,27.5,27.5,27.4,27.2,26.7,26.7,26.5,26.5,26.4,26.5,26.5,26.6,26.6,26.7,26.6,26.7,26.7,26.7,26.7,27.0,26.8,26.8,26.8,26.6,26.9,26.8,26.7,26.8,26.8,26.8,26.8,26.7,26.8,26.8,26.7,27.0,26.7,26.7,26.8,26.8,26.8,26.8,26.7,26.8,26.8,26.9,26.7,26.8,26.7,26.9,26.8,26.6,26.8,26.8,27.0,26.8,26.7,26.8,26.7,26.8,26.6
215,27.3,27.3,27.2,27.3,27.2,27.3,27.2,27.3,27.3,27.2,27.4,27.3,27.3,27.4,27.3,27.5,27.3,27.2,27.4,27.3,27.2,27.2,27.4,27.3,27.4,27.3,27.5,27.5,27.6,27.8,27.8,28.1,27.9,27.9,27.7,27.7,27.3,27.4,27.3,27.1,27.4,27.2,27.1,26.9,27.0,27.1,27.0,27.0,26.9,27.1,27.0,27.1,27.3,27.5,27.8,27.9,28.0,27.9,27.9,27.6,27.3,27.0,26.8,26.7,26.7,26.6,26.7,26.5,26.7,26.8,27.1,27.7,28.5,28.4,28.2,28.1,28.1,28.1,28.1,28.2,28.3,28.1,28.1,27.9,27.8,27.8,27.8,28.1,28.1,28.1,28.1,27.9,27.8,27.5,27.4,27.4,26.7,26.2,26.3,26.3,26.0,26.3,26.2,26.3,26.1,26.4,26.4,26.4,26.7,27.0,26.9,26.9,27.0,26.7,26.8,26.6,26.5,26.8,27.0,27.3,27.4,27.5,27.4,27.3,27.3,27.1,27.0,26.9,27.0,27.3,27.2,27.0,27.2,26.9,26.8,26.6,26.5,26.6,26.5,26.4,26.7,26.6,26.5,26.4,26.6,26.6,26.8,26.5,26.5,26.8,26.7,26.8,26.7,26.8,26.7,26.8,26.6,26.8,26.9,26.7,26.8,26.7,26.6,26.7,26.5,26.6,26.6,26.8,26.8,26.8,26.8,26.9,26.6,26.8,26.8,26.8,26.8,26.9,26.8,26.8,26.6,26.8,26.7,26.7,26.8,26.7,26.8,26.8,26.9,26.7,26.8,26.6
216,27.3,27.3,27.3,27.2,27.2,27.3,27.2,27.2,27.4,27.3,27.5,27.4,27.5,27.4,27.5,27.2,27.3,27.5,27.4,27.5,27.5,27.4,27.4,27.2,27.4,27.5,27.4,27.3,27.7,27.6,27.5,27.8,27.7,27.7,27.6,27.4,27.5,27.3,27.4,27.1,27.4,27.0,27.2,27.2,27.3,27.1,27.1,27.0,27.2,27.1,26.9,27.2,27.2,27.4,27.4,27.5,27.5,27.6,27.3,27.3,27.2,27.0,26.8,26.7,26.7,26.8,26.6,26.5,26.7,26.6,27.0,27.7,28.3,28.3,28.5,28.2,28.1,28.1,28.3,28.3,28.2,28.2,28.0,27.8,28.0,28.1,28.0,28.1,28.1,28.3,28.1,28.1,28.0,27.8,27.7,27.2,26.8,26.1,26.2,26.2,26.1,26.3,26.3,26.3,26.4,26.3,26.3,26.5,26.5,26.6,26.6,26.8,26.8,26.7,26.6,26.8,26.7,26.6,27.0,26.9,27.0,27.0,27.1,27.2,27.0,26.9,27.0,26.9,26.8,27.0,27.0,26.9,27.0,26.9,26.8,26.8,26.9,26.4,26.7,26.5,26.6,26.6,26.7,26.6,26.7,26.7,26.7,26.7,26.8,26.9,26.8,26.7,26.8,26.8,26.8,26.7,26.9,26.8,26.6,26.8,27.0,26.7,26.9,26.7,26.9,26.8,26.9,26.8,26.8,26.8,26.9,27.0,26.8,26.8,26.8,26.9,26.9,26.8,26.8,26.7,26.7,26.9,26.8,26.7,27.0,26.6,26.8,26.6,26.7,26.7,26.7,26.7
217,27.2,27.2,27.2,27.2,27.2,27.2,27.4,27.3,27.3,27.3,27.3,27.3,27.3,27.4,27.6,27.2,27.3,27.5,27.3,27.3,27.5,27.5,27.3,27.3,27.3,27.4,27.2,27.2,27.4,27.3,27.4,27.7,27.5,27.4,27.5,27.4,27.4,27.3,27.2,27.1,27.2,27.3,27.2,27.2,27.0,27.3,27.2,27.1,27.0,27.0,27.0,27.2,27.2,27.2,27.2,27.3,27.1,27.4,27.1,27.2,26.9,26.8,26.8,26.7,26.6,26.7,26.6,26.6,26.4,26.3,26.9,27.5,28.1,28.2,28.2,28.1,27.9,28.2,28.3,28.2,28.2,28.3,28.1,28.3,28.2,28.1,28.0,28.0,27.9,28.1,28.1,28.2,27.9,27.9,27.7,27.5,26.6,26.1,26.1,26.2,26.2,26.3,26.4,26.3,26.4,26.4,26.5,26.3,26.4,26.4,26.5,26.5,26.5,26.5,26.6,26.3,26.5,26.5,26.6,26.7,26.7,26.6,26.7,26.9,26.8,26.6,26.6,26.4,26.9,26.9,26.6,26.9,26.7,26.7,26.6,26.6,26.6,26.6,26.7,26.6,26.7,26.6,26.8,26.7,26.7,26.6,26.4,26.7,26.9,26.8,26.9,26.8,26.7,26.7,26.7,26.8,26.8,26.7,26.8,26.9,26.8,26.8,26.8,26.8,26.8,26.8,26.8,26.8,26.8,26.8,26.8,26.8,26.9,26.8,26.9,26.8,26.8,26.8,26.7,27.0,26.8,26.8,26.8,26.9,27.0,26.9,26.9,26.8,26.8,26.9,26.8,26.7
218,27.4,27.3,27.1,27.1,27.2,27.2,27.2,27.3,27.2,27.4,27.3,27.2,27.2,27.1,27.4,27.4,27.4,27.1,27.3,27.2,27.3,27.4,27.3,27.1,27.4,27.1,27.4,27.3,27.3,27.4,27.3,27.4,27.3,27.2,27.3,27.4,27.2,27.2,27.1,27.2,27.2,27.2,27.1,27.1,27.3,27.1,27.2,27.2,26.9,26.9,27.0,26.9,26.9,27.0,27.1,26.9,26.9,27.1,26.9,26.8,26.8,26.8,26.7,26.8,26.6,26.6,26.6,26.6,26.3,26.3,26.6,27.4,28.2,27.9,28.2,28.3,28.1,28.0,28.0,28.2,28.3,28.2,28.2,28.1,28.0,28.1,28.0,27.8,27.9,28.1,27.9,28.0,27.8,27.9,27.7,27.2,26.4,26.0,26.0,26.1,26.1,26.3,26.2,26.3,26.2,26.3,26.3,26.2,26.3,26.3,26.3,26.2,26.3,26.3,26.3,26.4,26.4,26.3,26.4,26.6,26.4,26.5,26.4,26.4,26.4,26.4,26.4,26.4,26.3,26.6,26.5,26.6,26.5,26.6,26.5,26.5,26.5,26.5,26.5,26.5,26.4,26.6,26.7,26.7,26.6,26.6,26.7,26.5,26.8,26.8,26.8,26.8,26.9,26.5,26.8,26.7,26.7,26.7,26.7,26.7,26.9,26.8,26.7,26.8,26.8,26.8,26.8,26.8,26.8,26.7,26.8,26.8,26.7,26.6,26.8,26.8,26.9,26.7,26.8,26.8,26.9,26.8,26.7,26.8,27.0,26.7,26.6,26.9,26.8,27.0,26.8,26.8
219,27.1,27.2,27.3,27.5,27.2,27.2,27.4,27.2,27.5,27.1,27.2,27.3,27.2,27.4,27.3,27.3,27.5,27.2,27.4,27.2,27.5,27.4,27.5,27.3,27.3,27.4,27.5,27.3,27.3,27.4,27.5,27.5,27.5,27.5,27.4,27.2,27.2,27.2,27.2,27.0,27.2,27.0,27.1,27.1,27.2,27.1,27.1,27.0,27.1,27.0,26.9,26.9,26.8,26.9,27.0,27.0,26.8,27.0,26.7,26.7,26.8,26.8,26.7,26.8,26.8,26.7,26.4,26.4,26.5,26.2,26.8,27.4,28.1,28.1,28.3,28.3,27.9,28.1,28.2,28.3,28.2,28.2,28.2,28.1,27.9,28.0,28.0,28.1,28.0,28.0,27.9,27.8,27.8,27.8,27.6,27.1,26.5,26.0,26.1,26.1,26.2,26.1,26.1,26.3,26.4,26.3,26.2,26.4,26.3,26.3,26.3,26.3,26.5,26.3,26.3,26.3,26.2,26.2,26.3,26.5,26.5,26.5,26.4,26.5,26.5,26.4,26.4,26.4,26.3,26.5,26.5,26.4,26.4,26.6,26.6,26.6,26.6,26.5,26.6,26.6,26.8,26.6,26.7,26.6,26.6,26.6,26.8,26.7,26.6,26.7,27.0,26.6,26.7,26.7,26.8,26.8,26.7,26.8,26.8,26.7,26.9,26.8,26.8,26.8,26.8,26.8,26.8,26.8,26.7,26.6,26.8,26.8,26.9,26.8,26.8,26.9,26.8,26.9,26.9,26.7,26.8,26.8,26.9,27.0,26.7,26.8,26.8,26.8,26.8,26.8,26.9,26.7
220,27.3,27.2,27.2,27.3,27.3,27.4,27.1,27.5,27.1,27.2,27.3,27.5,27.3,27.3,27.4,27.2,27.3,27.2,27.2,27.4,27.5,27.4,27.3,27.3,27.3,27.3,27.2,27.2,27.4,27.4,27.4,27.3,27.3,27.2,27.3,27.4,27.2,27.3,27.2,27.0,27.2,27.1,27.2,27.2,27.0,27.1,27.0,27.0,26.9,27.1,26.9,26.8,27.0,26.8,26.8,26.8,27.0,27.0,26.8,26.7,26.9,26.8,26.7,26.7,26.6,26.7,26.6,26.5,26.3,26.4,26.6,27.1,27.5,27.6,27.7,27.6,27.5,27.5,27.5,27.7,27.5,27.5,27.5,27.7,27.6,27.5,27.4,27.2,27.5,27.5,27.3,27.3,27.1,27.3,27.0,26.8,26.3,26.2,25.8,26.0,26.2,26.3,26.3,26.3,26.1,26.3,26.4,26.3,26.4,26.3,26.2,26.3,26.3,26.4,26.3,26.5,26.4,26.4,26.5,26.4,26.3,26.4,26.6,26.5,26.5,26.4,26.4,26.5,26.5,26.5,26.5,26.7,26.5,26.7,26.5,26.5,26.6,26.6,26.7,26.6,26.6,26.6,26.7,26.7,26.7,26.6,26.9,26.8,26.8,26.8,26.9,26.7,26.7,26.8,26.8,26.9,26.7,26.9,26.8,26.7,26.7,26.9,26.8,26.7,26.8,26.7,26.8,26.8,26.6,26.7,26.8,26.8,26.8,26.8,26.7,26.8,26.7,26.8,26.8,26.7,26.6,26.7,26.8,26.8,26.7,26.9,26.8,26.7,26.9,26.8,26.8,26.8
221,27.1,27.3,27.1,27.3,27.1,27.2,27.3,27.3,27.2,27.2,27.4,27.3,27.2,27.2,27.3,27.4,27.3,27.3,27.2,27.3,27.2,27.4,27.2,27.3,27.3,27.3,27.3,27.2,27.3,27.2,27.3,27.4,27.3,27.3,27.1,27.3,27.1,27.1,27.2,27.1,27.1,27.2,26.9,27.2,27.0,27.0,27.1,27.0,26.8,26.8,27.0,27.0,26.8,26.9,26.9,26.8,26.8,26.9,26.7,26.7,26.7,26.9,26.7,26.7,26.6,26.6,26.7,26.4,26.2,26.2,26.5,26.6,27.0,27.2,27.1,27.0,27.1,26.9,27.0,26.9,27.0,27.0,27.0,26.9,27.0,26.9,26.8,26.8,27.0,26.8,26.7,26.7,26.7,26.7,26.5,26.3,26.1,25.8,26.0,26.1,26.2,26.2,26.3,26.4,26.2,26.4,26.3,26.3,26.5,26.4,26.3,26.5,26.3,26.3,26.4,26.3,26.5,26.4,26.4,26.3,26.4,26.6,26.5,26.5,26.3,26.5,26.5,26.5,26.7,26.5,26.5,26.6,26.7,26.6,26.5,26.7,26.6,26.7,26.6,26.8,26.6,26.6,26.9,26.7,26.8,26.8,26.7,26.8,26.8,26.7,26.8,26.8,26.8,26.8,26.7,26.9,26.7,26.8,26.8,26.8,26.8,26.8,26.8,26.8,26.7,26.7,26.8,26.6,26.8,26.9,26.7,26.7,26.8,26.8,26.8,26.9,26.8,26.8,26.7,26.8,26.9,26.8,26.7,26.8,26.7,26.8,26.8,26.8,26.7,26.8,26.8,26.7
222,27.3,27.2,27.2,27.3,27.2,27.2,27.2,27.3,27.2,27.3,27.5,27.1,27.1,27.4,27.3,27.4,27.3,27.3,27.3,27.2,27.3,27.3,27.3,27.2,27.3,27.2,27.2,27.2,27.2,27.3,27.3,27.3,27.2,27.2,27.1,27.2,27.2,27.3,27.3,27.1,27.1,27.3,27.1,27.0,27.2,27.1,27.0,27.0,27.1,26.9,27.0,27.0,27.0,26.9,26.9,26.9,26.9,26.8,26.9,26.8,26.8,26.8,26.7,26.7,26.7,26.8,26.4,26.5,26.3,26.0,26.2,26.3,26.5,26.5,26.7,26.6,26.5,26.5,26.5,26.6,26.5,26.7,26.8,26.4,26.6,26.6,26.5,26.5,26.3,26.3,26.5,26.4,26.2,26.2,26.2,26.0,25.7,25.8,26.0,25.9,26.1,26.2,26.1,26.3,26.2,26.3,26.2,26.3,26.3,26.2,26.3,26.1,26.4,26.5,26.3,26.3,26.3,26.4,26.5,26.5,26.3,26.3,26.5,26.5,26.3,26.5,26.5,26.4,26.5,26.7,26.5,26.5,26.6,26.4,26.6,26.6,26.6,26.4,26.6,26.6,26.6,26.6,26.6,26.6,26.7,26.7,26.7,26.7,26.8,26.8,26.7,26.8,26.8,26.8,26.9,26.7,26.7,26.6,26.8,26.8,26.7,26.8,26.7,26.6,26.8,26.8,26.6,26.9,26.7,26.7,26.7,26.6,26.7,26.6,26.9,26.8,26.8,26.9,26.8,26.8,26.8,26.7,26.9,26.8,26.8,26.7,26.8,26.8,26.8,26.8,26.6,26.8
223,27.2,27.2,27.2,27.3,27.2,27.2,27.3,27.3,27.3,27.2,27.3,27.3,27.3,27.5,27.2,27.3,27.3,27.1,27.4,27.2,27.2,27.2,27.3,27.3,27.1,27.2,27.2,27.3,27.2,27.3,27.1,27.1,27.2,27.3,27.3,27.2,27.3,27.1,27.0,27.0,27.2,27.0,27.0,27.0,27.0,27.2,27.0,27.1,26.8,26.8,27.0,27.1,26.9,26.9,26.8,27.0,26.8,26.9,26.8,26.8,26.9,26.8,26.6,26.7,26.5,26.7,26.6,26.3,26.2,26.1,26.2,26.0,26.2,26.1,26.4,26.2,26.1,25.9,26.4,26.2,26.1,26.2,26.1,26.1,26.1,26.1,26.2,26.1,26.0,25.9,26.1,26.1,25.9,25.8,25.8,25.8,25.7,25.8,25.6,25.9,26.1,26.2,26.2,26.2,26.3,26.5,26.3,26.3,26.3,26.4,26.3,26.3,26.4,26.3,26.5,26.3,26.3,26.4,26.5,26.4,26.4,26.4,26.5,26.5,26.4,26.3,26.5,26.5,26.4,26.5,26.5,26.6,26.7,26.5,26.7,26.6,26.8,26.7,26.7,26.7,26.6,26.8,26.5,26.6,26.8,26.7,26.7,26.7,26.7,26.7,26.6,26.7,26.8,26.7,26.8,26.6,26.7,26.7,26.8,26.9,26.5,26.6,26.7,26.9,26.7,26.6,26.6,26.6,26.8,26.8,26.7,26.8,26.7,26.8,26.8,26.8,26.9,26.8,26.8,26.7,26.7,26.6,26.9,26.7,26.8,26.7,26.7,26.7,26.8,26.8,26.6,26.8
224,27.2,27.2,27.2,27.3,27.1,27.3,27.2,27.4,27.2,27.2,27.2,27.3,27.2,27.2,27.2,27.1,27.2,27.2,27.1,27.3,27.2,27.3,27.3,27.3,27.2,27.2,27.3,27.2,27.4,27.0,27.1,27.2,27.2,27.2,27.1,27.0,27.2,27.1,27.0,27.1,27.2,27.0,27.1,27.0,27.0,27.0,27.0,26.9,27.0,26.9,26.7,27.0,27.0,27.0,26.8,26.8,26.8,26.8,26.8,26.7,26.5,26.8,26.7,26.7,26.5,26.4,26.6,26.5,26.1,26.0,25.9,25.8,26.0,26.0,26.0,25.9,26.0,25.8,25.7,26.0,25.7,25.8,25.8,25.8,25.7,25.7,25.8,25.6,25.9,25.7,25.7,25.6,25.8,25.7,25.6,25.6,25.4,25.6,25.7,25.9,26.1,26.1,26.2,26.3,26.2,26.2,26.3,26.2,26.5,26.3,26.3,26.3,26.1,26.4,26.2,26.2,26.4,26.3,26.5,26.6,26.3,26.4,26.3,26.4,26.3,26.3,26.5,26.5,26.5,26.5,26.5,26.5,26.5,26.5,26.6,26.7,26.6,26.7,26.7,26.5,26.5,26.5,26.7,26.5,26.7,26.7,26.6,26.7,26.5,26.5,26.8,26.6,26.7,26.8,26.7,26.7,26.7,26.7,26.6,26.6,26.8,26.7,26.6,26.7,26.5,26.7,26.6,26.8,26.8,26.7,26.8,26.6,26.6,26.6,26.6,26.8,26.7,26.7,26.8,26.7,26.6,26.6,26.6,26.8,26.7,26.8,26.5,26.8,26.6,26.7,26.6,26.8
225,27.1,27.2,27.4,27.2,27.0,27.1,27.2,27.3,27.2,27.2,27.2,27.0,27.2,27.2,27.2,27.4,27.3,27.2,27.3,27.3,27.0,27.2,27.2,27.2,27.4,27.2,27.2,27.1,27.1,27.2,27.0,27.4,27.2,27.3,27.2,27.1,27.1,27.2,27.1,26.9,27.3,27.1,27.1,27.0,27.2,26.8,27.0,26.9,26.9,27.0,26.9,26.8,26.9,26.7,26.8,26.9,26.5,26.9,26.8,26.8,26.7,26.7,26.8,26.6,26.7,26.5,26.5,26.5,26.2,25.9,25.8,25.9,25.8,25.9,25.8,25.7,25.8,25.8,25.7,25.6,25.6,25.7,25.6,25.7,25.8,25.5,25.4,25.5,25.6,25.5,25.6,25.6,25.5,25.5,25.6,25.5,25.3,25.4,25.6,26.1,26.1,26.2,26.1,26.3,26.1,26.3,26.2,26.3,26.5,26.4,26.3,26.3,26.1,26.3,26.3,26.4,26.5,26.4,26.5,26.5,26.4,26.5,26.5,26.5,26.5,26.5,26.5,26.4,26.6,26.5,26.5,26.5,26.4,26.5,26.5,26.7,26.6,26.7,26.7,26.5,26.5,26.7,26.6,26.6,26.8,26.8,26.8,26.7,26.6,26.8,26.8,26.7,26.8,26.7,26.8,26.9,26.8,26.8,26.8,26.5,26.6,26.6,26.6,26.6,26.5,26.7,26.7,26.8,26.8,26.7,26.7,26.7,26.7,26.7,26.8,26.7,26.8,26.8,26.7,26.8,26.7,26.9,26.6,26.9,26.8,26.9,26.8,26.8,26.7,26.8,26.9,26.9
226,27.2,27.3,27.2,27.1,27.4,27.3,27.3,27.4,27.3,27.3,27.2,27.2,27.2,27.2,27.2,27.3,27.5,27.2,27.2,27.3,27.2,27.2,27.2,27.1,27.1,27.2,27.2,27.3,27.2,27.3,27.3,27.3,27.2,27.1,27.2,27.2,27.1,27.0,27.0,27.0,27.3,27.0,27.1,27.0,26.9,27.0,27.1,26.9,27.0,26.9,26.9,26.9,26.9,26.9,26.8,26.9,26.7,26.9,26.8,26.7,26.6,26.7,26.6,26.5,26.7,26.5,26.6,26.3,26.2,26.1,25.8,25.8,25.7,25.6,25.7,25.6,25.7,25.7,25.6,25.6,25.6,25.6,25.6,25.6,25.3,25.5,25.3,25.6,25.7,25.3,25.4,25.5,25.5,25.3,25.3,25.4,25.5,25.7,25.8,26.0,26.1,26.2,26.2,26.3,26.2,26.2,26.1,26.1,26.3,26.4,26.3,26.3,26.5,26.4,26.2,26.4,26.4,26.5,26.5,26.4,26.4,26.4,26.4,26.5,26.3,26.4,26.6,26.5,26.5,26.5,26.4,26.6,26.5,26.6,26.5,26.6,26.6,26.7,26.6,26.5,26.5,26.6,26.5,26.7,26.5,26.9,26.6,26.7,26.6,26.7,26.8,26.7,26.7,26.7,26.8,26.7,26.7,26.8,26.9,26.8,26.8,26.6,26.6,26.7,26.7,26.8,26.7,26.7,26.8,26.5,26.7,26.8,26.7,26.7,26.8,26.8,26.6,26.9,26.7,26.7,26.7,26.8,26.7,26.6,26.7,26.8,26.7,26.8,26.9,26.7,26.6,26.9
227,27.2,27.0,27.1,27.1,27.2,27.3,27.2,27.1,27.2,27.3,27.0,27.1,27.1,27.2,27.1,27.4,27.1,27.1,27.2,27.3,27.2,27.1,27.2,27.3,27.2,27.2,27.3,27.2,27.3,27.2,27.2,27.3,27.2,27.2,27.2,27.0,27.2,27.1,27.0,27.1,27.2,27.2,27.0,26.9,26.9,27.0,27.0,27.0,26.8,27.0,26.9,26.9,26.9,26.9,27.0,26.8,26.6,26.9,26.8,26.6,26.7,26.8,26.8,26.7,26.7,26.5,26.5,26.4,26.3,26.0,25.8,25.7,26.0,25.7,25.7,25.7,25.8,25.7,25.6,25.7,25.5,25.5,25.7,25.6,25.8,25.6,25.4,25.3,25.5,25.5,25.4,25.5,25.5,25.3,25.3,25.4,25.5,25.6,25.9,26.0,26.2,26.4,26.5,26.4,26.2,26.3,26.2,26.4,26.4,26.4,26.4,26.3,26.5,26.5,26.3,26.4,26.4,26.5,26.5,26.5,26.5,26.5,26.5,26.6,26.5,26.3,26.5,26.5,26.6,26.7,26.7,26.6,26.5,26.7,26.6,26.6,26.7,26.8,26.6,26.5,26.7,26.7,26.7,26.7,26.7,26.7,26.7,26.7,26.6,26.8,26.7,26.9,26.6,26.8,26.7,26.5,26.8,26.8,26.8,26.7,26.9,26.6,26.6,26.7,26.9,26.6,26.7,26.7,26.9,26.8,26.8,26.7,26.8,26.7,26.8,26.8,26.8,26.8,26.8,26.8,26.8,26.7,26.8,26.6,26.8,26.5,26.8,26.7,26.7,26.7,26.7,26.7
228,27.1,27.1,27.1,27.2,27.1,27.0,27.1,27.3,27.1,27.2,27.2,27.2,27.2,27.2,27.2,27.3,27.2,27.1,27.1,27.1,27.4,27.2,27.2,27.2,27.2,27.3,27.2,27.1,27.3,27.2,27.1,27.0,27.1,27.0,27.1,27.0,27.2,27.1,27.0,27.1,27.1,27.1,27.2,27.0,26.9,27.0,26.8,26.9,27.0,26.9,27.0,26.9,27.0,26.7,26.9,26.8,26.8,26.8,26.7,26.6,26.7,26.7,26.7,26.7,26.5,26.5,26.7,26.4,26.1,26.0,25.8,25.8,25.8,25.7,25.6,25.7,25.6,25.6,25.5,25.6,25.4,25.4,25.6,25.4,25.6,25.6,25.5,25.5,25.4,25.4,25.4,25.3,25.4,25.1,25.2,25.3,25.4,25.7,25.8,26.1,26.1,26.3,26.1,26.3,26.2,26.3,26.3,26.3,26.4,26.5,26.4,26.3,26.5,26.4,26.5,26.5,26.3,26.5,26.4,26.5,26.5,26.5,26.4,26.5,26.5,26.5,26.5,26.5,26.6,26.6,26.5,26.8,26.5,26.3,26.8,26.6,26.6,26.7,26.7,26.5,26.6,26.5,26.6,26.5,26.6,26.8,26.8,26.7,26.8,26.6,26.6,26.6,26.7,26.5,26.7,26.5,26.6,26.9,26.7,26.8,26.8,26.9,26.7,26.6,26.8,26.8,26.7,26.7,26.7,26.7,26.7,26.7,26.7,26.7,26.8,26.7,26.6,26.8,26.7,26.6,26.7,26.7,26.6,26.8,26.7,26.6,26.7,26.9,26.8,26.6,26.8,26.7
229,27.3,27.2,27.1,27.3,27.2,27.0,27.2,27.2,27.2,27.2,27.2,27.0,27.3,27.3,27.2,27.4,27.3,27.4,27.2,27.2,27.2,27.3,27.2,27.1,27.2,27.1,27.3,27.2,27.2,27.1,27.1,27.2,27.1,27.2,27.2,27.2,27.2,27.2,27.1,27.1,27.0,27.1,26.9,26.9,27.0,27.1,27.0,26.9,26.9,27.0,26.9,26.7,26.8,26.8,26.9,26.8,26.6,26.8,26.6,26.6,26.5,26.7,26.5,26.5,26.5,26.5,26.4,26.4,26.5,25.9,25.6,25.9,25.6,25.8,25.6,25.5,25.6,25.7,25.4,25.3,25.4,25.6,25.5,25.6,25.3,25.5,25.3,25.5,25.6,25.4,25.3,25.3,25.2,25.2,25.3,25.4,25.4,25.6,25.8,25.9,26.1,26.2,26.3,26.4,26.3,26.4,26.4,26.3,26.4,26.3,26.4,26.2,26.4,26.4,26.4,26.4,26.5,26.3,26.5,26.3,26.4,26.6,26.5,26.4,26.5,26.4,26.5,26.4,26.7,26.7,26.5,26.5,26.5,26.6,26.6,26.5,26.9,26.7,26.6,26.5,26.7,26.7,26.6,26.6,26.6,26.5,26.6,26.7,26.5,26.8,26.8,26.7,26.7,26.6,26.6,26.5,26.8,26.6,26.7,26.8,26.9,26.6,26.9,26.7,26.7,26.7,26.8,27.0,26.7,26.8,26.8,26.6,26.8,26.8,26.8,26.8,26.8,26.8,26.9,26.8,26.8,26.8,26.7,26.7,26.8,26.8,26.8,26.7,26.8,26.7,26.6,26.8
230,27.0,27.0,27.2,27.1,27.2,27.2,27.2,27.2,27.2,27.2,27.2,27.2,27.1,27.2,27.2,27.2,27.2,27.1,27.2,27.2,27.2,27.1,27.1,27.1,27.2,27.1,27.3,27.2,27.2,27.3,27.1,27.0,27.1,27.3,27.2,27.1,27.1,27.1,27.1,27.0,27.2,27.0,26.9,26.9,27.0,27.0,27.0,27.2,26.8,27.0,26.9,26.7,27.0,26.8,26.8,26.8,26.8,26.8,26.8,26.7,26.5,26.6,26.7,26.5,26.5,26.5,26.3,26.2,26.0,26.0,25.6,25.8,25.7,25.6,25.6,25.7,25.5,25.5,25.3,25.6,25.3,25.5,25.6,25.5,25.4,25.4,25.5,25.5,25.3,25.1,25.4,25.3,25.3,25.3,25.2,25.1,25.4,25.4,25.8,26.1,26.2,26.1,26.2,26.2,26.3,26.2,26.4,26.3,26.4,26.3,26.3,26.4,26.2,26.4,26.4,26.4,26.4,26.5,26.5,26.7,26.4,26.4,26.7,26.6,26.5,26.5,26.4,26.5,26.5,26.4,26.5,26.5,26.6,26.5,26.4,26.6,26.7,26.7,26.5,26.4,26.5,26.6,26.7,26.5,26.8,26.6,26.7,26.7,26.6,26.6,26.8,26.7,26.6,26.6,26.6,26.5,26.7,26.6,26.6,26.6,26.8,26.5,26.8,26.7,26.8,26.7,26.6,26.6,26.6,26.8,26.7,26.7,26.7,26.7,26.9,26.8,26.8,26.7,26.7,26.9,26.6,26.8,26.8,26.8,26.7,26.5,26.7,26.7,26.8,26.8,26.5,26.8
231,27.1,27.2,27.3,27.3,27.2,27.1,27.1,27.0,27.1,27.2,27.2,27.2,27.2,27.4,27.2,27.3,27.1,27.2,27.2,27.3,27.2,27.2,27.2,27.3,27.3,27.0,27.1,27.2,27.2,27.2,27.0,27.2,27.1,27.1,27.2,27.2,27.0,27.1,27.0,27.2,27.0,27.2,27.1,27.0,27.0,26.9,26.9,27.0,26.8,26.8,26.9,26.8,27.0,26.8,26.8,26.8,26.8,26.8,26.7,26.5,26.7,26.8,26.7,26.7,26.5,26.6,26.6,26.3,26.2,25.9,25.8,25.9,25.7,25.7,25.7,25.3,25.6,25.6,25.4,25.5,25.5,25.4,25.3,25.3,25.2,25.2,25.1,25.2,25.3,25.1,25.2,25.2,25.1,25.1,25.2,25.2,25.4,25.7,25.9,26.0,26.1,26.1,26.2,26.4,26.2,26.3,26.1,26.4,26.3,26.4,26.3,26.2,26.4,26.4,26.4,26.4,26.4,26.5,26.6,26.5,26.5,26.4,26.5,26.6,26.5,26.3,26.5,26.5,26.5,26.5,26.5,26.6,26.5,26.6,26.3,26.5,26.5,26.6,26.7,26.5,26.5,26.5,26.5,26.5,26.6,26.5,26.8,26.6,26.7,26.5,26.8,26.7,26.8,26.5,26.8,26.6,26.7,26.7,26.6,26.8,26.7,26.5,26.6,26.5,26.7,26.6,26.7,26.6,26.7,26.8,26.7,26.7,26.7,26.8,26.8,26.6,26.6,26.8,26.7,26.8,26.6,26.8,26.7,26.6,26.8,26.7,26.8,26.8,26.8,26.8,26.7,26.5
232,27.1,27.2,27.0,27.0,27.1,27.2,27.1,27.2,27.1,27.1,27.0,27.2,27.1,27.1,27.1,27.4,27.1,27.0,27.2,27.2,27.1,27.2,27.1,27.2,27.2,27.1,27.2,27.0,27.1,27.3,27.2,27.2,27.1,27.0,27.2,27.0,27.2,27.0,27.0,27.0,27.2,27.0,27.0,27.0,26.9,27.0,26.9,26.9,26.8,26.8,26.8,26.9,26.8,26.7,27.0,26.6,26.8,26.9,26.6,26.8,26.6,26.6,26.4,26.6,26.5,26.5,26.5,26.3,26.1,25.9,25.6,25.6,25.7,25.6,25.4,25.5,25.4,25.3,25.4,25.5,25.5,25.3,25.4,25.4,25.3,25.4,25.4,25.4,25.2,25.3,25.2,25.3,25.2,25.0,25.0,25.3,25.1,25.5,25.8,26.1,26.1,26.2,26.2,26.3,26.3,26.1,26.3,26.1,26.3,26.5,26.4,26.2,26.3,26.4,26.4,26.5,26.5,26.3,26.5,26.5,26.5,26.5,26.4,26.3,26.5,26.4,26.5,26.5,26.3,26.4,26.5,26.5,26.6,26.6,26.6,26.6,26.4,26.5,26.6,26.5,26.4,26.6,26.6,26.5,26.5,26.7,26.6,26.5,26.5,26.5,26.8,26.6,26.5,26.5,26.7,26.8,26.5,26.7,26.6,26.7,26.7,26.7,26.7,26.7,26.6,26.7,26.8,26.6,26.8,26.5,26.6,26.7,26.7,26.7,26.7,26.7,26.6,26.7,26.8,26.8,26.7,26.8,26.7,26.6,26.8,26.6,26.6,26.7,26.9,26.6,26.7,26.7
233,27.2,27.2,27.0,27.1,27.1,27.1,27.0,27.0,27.3,27.1,27.0,27.3,27.2,27.2,27.3,27.1,27.1,27.2,27.1,27.2,27.2,27.2,27.2,27.2,27.1,27.2,27.2,27.2,27.2,27.2,27.0,27.0,27.2,27.0,27.3,27.1,27.1,26.9,27.0,27.0,27.2,27.0,27.0,26.9,26.8,26.9,26.8,26.9,26.9,26.9,26.8,26.9,26.9,26.8,26.8,26.7,26.7,26.9,26.9,26.6,26.7,26.8,26.6,26.5,26.5,26.5,26.2,26.4,26.2,25.9,25.9,25.7,25.6,25.5,25.5,25.5,25.5,25.5,25.6,25.3,25.5,25.2,25.5,25.5,25.2,25.5,25.4,25.5,25.2,25.2,25.2,25.3,25.2,25.3,25.2,25.3,25.5,25.6,26.0,26.1,26.2,26.3,26.3,26.2,26.2,26.2,26.3,26.2,26.3,26.4,26.3,26.4,26.5,26.3,26.5,26.3,26.3,26.4,26.5,26.5,26.5,26.5,26.3,26.5,26.5,26.5,26.6,26.6,26.5,26.5,26.5,26.5,26.5,26.5,26.5,26.5,26.7,26.6,26.7,26.5,26.5,26.5,26.7,26.7,26.5,26.5,26.5,26.9,26.4,26.7,26.5,26.6,26.7,26.8,26.7,26.7,26.8,26.7,26.5,26.6,26.6,26.6,26.8,26.8,26.8,26.6,26.7,26.8,26.8,26.7,26.8,26.8,26.6,26.6,26.8,26.8,26.7,26.7,26.7,26.8,26.8,26.6,26.8,26.5,26.6,26.8,26.8,26.8,26.8,26.9,26.8,26.7
234,27.2,27.2,27.0,27.0,27.2,27.2,27.0,27.1,27.0,27.3,27.2,27.1,27.1,27.0,27.0,27.2,27.1,27.0,27.2,27.1,27.2,27.2,27.2,27.0,27.1,26.9,27.0,27.1,27.0,27.2,27.2,27.0,27.1,27.0,27.0,27.0,27.0,27.0,26.9,27.0,27.1,27.0,27.0,26.9,26.8,27.0,26.8,27.0,26.9,26.7,26.8,26.6,26.9,26.8,26.6,26.7,26.9,26.7,26.6,26.6,26.5,26.6,26.5,26.6,26.5,26.6,26.4,26.4,26.2,26.0,25.9,25.5,25.8,25.6,25.6,25.6,25.5,25.5,25.4,25.3,25.4,25.4,25.5,25.3,25.6,25.4,25.5,25.3,25.4,25.3,25.3,25.3,25.6,25.1,25.3,25.4,25.2,25.6,25.7,26.0,26.1,26.3,26.1,26.3,26.3,26.4,26.2,26.4,26.3,26.3,26.4,26.3,26.4,26.4,26.4,26.4,26.4,26.5,26.4,26.6,26.6,26.5,26.6,26.5,26.6,26.5,26.4,26.4,26.6,26.5,26.5,26.5,26.5,26.6,26.5,26.6,26.7,26.5,26.6,26.6,26.6,26.8,26.7,26.5,26.7,26.7,26.6,26.6,26.6,26.6,26.6,26.6,26.7,26.7,26.6,26.6,26.6,26.5,26.5,26.8,26.7,26.5,26.7,26.8,26.7,26.7,26.7,26.8,26.8,26.6,26.8,26.7,26.8,26.6,26.7,26.8,26.7,26.8,26.6,26.8,26.6,26.6,26.8,26.7,26.5,26.6,26.7,26.5,26.8,26.6,26.7,26.7
235,27.0,27.2,27.0,27.3,27.0,27.2,27.0,27.2,27.0,27.2,27.2,27.2,27.2,27.2,27.0,27.0,27.1,27.1,27.2,27.1,27.2,27.0,27.0,27.1,27.2,27.0,27.3,27.0,27.1,27.1,27.1,27.2,27.0,27.1,27.1,27.1,26.9,27.1,26.9,26.9,27.0,27.0,27.0,27.1,27.0,26.8,27.2,26.9,26.8,26.8,26.7,26.8,26.8,26.8,26.8,26.8,26.6,26.8,26.6,26.7,26.7,26.7,26.5,26.7,26.4,26.5,26.4,26.3,26.1,26.1,25.8,25.6,25.8,25.8,25.8,25.6,25.6,25.5,25.6,25.6,25.5,25.5,25.6,25.3,25.4,25.4,25.3,25.6,25.3,25.5,25.5,25.4,25.2,25.5,25.5,25.2,25.3,25.7,26.1,26.1,26.1,26.2,26.3,26.4,26.3,26.4,26.5,26.2,26.5,26.5,26.3,26.4,26.5,26.4,26.7,26.4,26.3,26.5,26.5,26.5,26.5,26.5,26.7,26.4,26.6,26.5,26.5,26.3,26.4,26.5,26.5,26.5,26.5,26.7,26.6,26.5,26.5,26.6,26.6,26.4,26.3,26.5,26.8,26.5,26.4,26.5,26.5,26.8,26.5,26.6,26.7,26.5,26.7,26.5,26.7,26.6,26.4,26.7,26.7,26.6,26.7,26.6,26.7,26.7,26.6,26.7,26.8,26.6,26.9,26.9,26.7,26.6,26.8,26.8,26.7,26.7,26.7,26.8,26.7,26.7,26.8,26.7,26.6,26.9,26.7,26.6,26.9,26.6,26.8,26.6,26.8,26.7
236,27.0,27.1,27.1,27.1,27.0,26.9,27.0,27.2,27.0,27.0,27.1,27.0,27.0,27.0,27.3,27.0,27.1,26.9,27.2,27.0,26.9,27.1,27.1,27.1,27.2,27.2,27.1,27.2,27.2,27.0,26.9,27.1,27.2,27.1,27.1,27.2,27.0,27.1,27.2,27.1,27.0,27.0,27.0,27.0,26.9,27.1,27.0,26.9,26.9,26.8,26.8,26.8,26.6,26.8,26.8,26.6,26.7,26.7,26.8,26.7,26.6,26.6,26.8,26.5,26.5,26.4,26.5,26.3,26.3,25.9,25.8,25.8,25.6,25.6,25.8,25.7,25.5,25.6,25.5,25.4,25.4,25.5,25.3,25.5,25.6,25.4,25.6,25.3,25.5,25.6,25.3,25.4,25.4,25.2,25.1,25.3,25.3,25.7,25.7,25.9,26.1,26.1,26.3,26.4,26.3,26.2,26.3,26.2,26.3,26.4,26.3,26.3,26.5,26.5,26.4,26.3,26.3,26.6,26.4,26.5,26.6,26.4,26.6,26.7,26.5,26.5,26.5,26.5,26.4,26.5,26.4,26.5,26.6,26.4,26.5,26.7,26.5,26.4,26.6,26.4,26.5,26.5,26.5,26.3,26.5,26.6,26.6,26.6,26.7,26.6,26.6,26.6,26.7,26.5,26.8,26.6,26.6,26.6,26.6,26.5,26.6,26.7,26.6,26.7,26.7,26.7,26.5,26.6,26.8,26.7,26.7,26.7,26.7,26.5,26.7,26.7,26.6,26.8,26.7,26.6,26.7,26.7,26.8,26.7,26.8,26.9,26.6,27.0,26.8,26.7,26.6,26.7
237,27.2,27.1,27.1,27.0,27.0,27.0,26.9,27.2,27.2,27.0,27.0,27.0,27.2,27.0,27.1,27.1,27.2,26.9,26.9,27.1,27.2,27.0,27.1,27.1,27.1,27.0,27.1,27.0,27.1,27.0,27.0,27.1,26.9,27.1,27.0,27.2,27.1,26.9,27.0,27.0,27.0,27.0,26.9,26.9,27.0,26.8,26.9,26.9,26.8,26.8,27.0,26.5,26.7,26.8,26.7,26.6,26.6,26.8,26.5,26.7,26.4,26.7,26.5,26.5,26.5,26.5,26.4,26.4,26.1,26.0,25.8,25.5,25.7,25.7,25.6,25.9,25.5,25.5,25.6,25.6,25.6,25.7,25.6,25.6,25.6,25.5,25.5,25.4,25.3,25.4,25.5,25.4,25.4,25.4,25.4,25.2,25.3,25.6,26.0,26.0,26.2,26.3,26.3,26.3,26.4,26.2,26.1,26.4,26.4,26.4,26.3,26.5,26.3,26.4,26.3,26.4,26.4,26.4,26.6,26.4,26.5,26.5,26.5,26.3,26.6,26.4,26.4,26.4,26.6,26.5,26.5,26.5,26.7,26.5,26.6,26.6,26.6,26.6,26.5,26.6,26.5,26.5,26.4,26.5,26.7,26.6,26.7,26.6,26.7,26.5,26.7,26.5,26.6,26.5,26.6,26.7,26.4,26.7,26.7,26.6,26.8,26.7,26.8,26.6,26.6,26.8,26.6,26.6,26.7,26.7,26.6,26.7,26.7,26.6,26.8,26.7,26.8,26.8,27.0,26.8,26.8,26.8,26.8,26.8,26.7,26.7,26.8,26.8,26.9,26.7,26.8,26.6
238,27.1,27.0,27.1,27.1,27.0,27.0,27.1,26.9,27.1,27.1,27.1,27.0,27.0,27.2,27.1,27.1,27.1,27.0,27.0,27.2,27.0,27.2,27.2,27.0,27.1,26.9,27.2,26.8,26.9,27.0,27.1,26.9,27.1,27.1,26.9,27.0,26.9,27.0,27.0,26.9,26.9,27.0,26.8,27.0,27.0,26.9,26.9,26.8,26.9,26.8,26.9,26.9,26.8,26.8,26.9,26.6,26.8,26.6,26.5,26.5,26.6,26.6,26.7,26.5,26.6,26.7,26.3,26.3,26.1,25.8,25.8,25.8,25.8,25.8,25.8,25.7,25.4,25.7,25.5,25.6,25.7,25.6,25.5,25.5,25.4,25.4,25.4,25.6,25.4,25.3,25.4,25.3,25.3,25.6,25.4,25.3,25.3,25.6,25.7,25.9,26.1,26.2,26.3,26.3,26.4,26.3,26.4,26.5,26.4,26.5,26.5,26.4,26.5,26.4,26.6,26.2,26.3,26.4,26.3,26.3,26.6,26.5,26.6,26.5,26.5,26.4,26.4,26.5,26.5,26.5,26.5,26.7,26.5,26.6,26.6,26.6,26.6,26.5,26.5,26.5,26.5,26.4,26.6,26.4,26.4,26.5,26.5,26.7,26.5,26.6,26.6,26.6,26.6,26.5,26.6,26.5,26.7,26.5,26.5,26.7,26.7,26.6,26.5,26.6,26.8,26.7,26.5,26.6,26.6,26.5,26.6,26.8,26.6,26.7,26.7,26.5,26.7,26.7,26.8,26.8,26.6,26.6,26.7,26.5,26.7,26.7,26.6,26.7,26.7,26.6,26.7,26.8
239,27.2,26.9,27.0,27.1,27.0,27.1,27.2,27.1,27.1,27.0,27.2,27.0,26.9,27.0,27.0,27.2,27.0,26.9,27.1,27.1,27.1,27.1,27.1,27.0,27.2,27.0,27.0,27.2,27.1,27.1,26.9,27.1,26.8,27.1,26.9,27.1,27.1,27.0,26.9,26.9,26.9,27.0,27.0,26.8,26.8,26.9,27.0,26.8,26.7,26.8,26.8,26.7,26.8,27.0,26.8,26.7,26.7,26.9,26.5,26.5,26.5,26.6,26.5,26.6,26.6,26.5,26.4,26.4,26.2,25.7,25.8,25.8,25.8,25.7,25.7,25.7,25.6,25.7,25.8,25.6,25.6,25.6,25.6,25.5,25.6,25.4,25.5,25.4,25.6,25.4,25.5,25.4,25.4,25.3,25.3,25.2,25.3,25.6,25.8,26.0,26.1,26.2,26.3,26.3,26.2,26.3,26.3,26.2,26.4,26.4,26.1,26.4,26.5,26.3,26.3,26.6,26.3,26.2,26.5,26.5,26.4,26.4,26.4,26.4,26.5,26.4,26.4,26.5,26.5,26.5,26.4,26.4,26.5,26.4,26.5,26.4,26.5,26.5,26.4,26.5,26.5,26.5,26.5,26.5,26.4,26.4,26.5,26.5,26.5,26.4,26.6,26.5,26.4,26.6,26.5,26.5,26.6,26.5,26.5,26.5,26.7,26.5,26.4,26.6,26.7,26.5,26.7,26.7,26.6,26.6,26.7,26.6,26.5,26.6,26.8,26.8,26.6,26.6,26.6,26.6,26.7,26.7,26.5,26.7,26.6,26.8,26.5,26.7,26.6,26.7,26.7,26.6
240,27.0,27.0,27.1,27.2,27.0,27.1,27.2,27.2,27.0,27.0,27.2,27.1,27.0,27.1,27.0,27.0,27.2,27.1,27.1,27.1,27.2,27.1,27.2,27.1,27.2,27.0,27.0,27.2,27.0,26.9,27.0,27.0,27.0,27.0,27.1,26.9,26.8,27.0,27.0,26.9,26.9,27.0,26.9,26.8,27.0,26.7,26.8,26.9,26.7,26.8,26.8,26.7,26.6,26.8,26.7,26.9,26.8,26.6,26.5,26.5,26.6,26.5,26.6,26.5,26.5,26.5,26.3,26.2,26.2,25.9,25.6,25.8,25.6,25.8,25.7,25.7,25.6,25.8,25.5,25.6,25.6,25.7,25.5,25.5,25.4,25.5,25.6,25.5,25.5,25.5,25.5,25.5,25.4,25.5,25.4,25.3,25.4,25.6,25.8,26.0,26.1,26.2,26.1,26.3,26.2,26.3,26.2,26.2,26.3,26.5,26.1,26.4,26.3,26.3,26.3,26.3,26.4,26.3,26.5,26.4,26.3,26.4,26.5,26.5,26.3,26.4,26.3,26.5,26.5,26.5,26.5,26.4,26.4,26.6,26.3,26.5,26.5,26.3,26.5,26.5,26.5,26.5,26.5,26.5,26.5,26.4,26.5,26.6,26.5,26.6,26.6,26.5,26.5,26.6,26.4,26.5,26.6,26.4,26.5,26.7,26.5,26.5,26.7,26.5,26.5,26.6,26.6,26.7,26.6,26.7,26.4,26.5,26.6,26.5,26.6,26.8,26.6,26.5,26.6,26.6,26.6,26.6,26.6,26.6,26.7,26.8,26.7,26.8,26.6,26.7,26.5,26.8
241,27.1,27.1,27.0,27.1,27.0,27.2,27.1,27.3,27.0,27.0,27.2,27.0,27.0,26.9,27.0,27.2,27.2,27.0,27.0,27.0,27.1,27.1,27.0,26.9,27.0,27.2,27.1,26.9,27.0,26.8,27.0,27.1,27.0,27.0,26.9,27.0,26.9,26.9,27.0,26.9,27.0,26.9,26.9,26.9,27.0,26.8,26.7,26.8,26.8,26.9,27.0,26.8,26.8,26.9,26.7,26.7,26.8,26.8,26.6,26.7,26.6,26.7,26.6,26.5,26.6,26.6,26.3,26.3,26.0,26.0,25.9,25.6,25.9,25.8,25.8,25.6,25.6,25.8,25.8,25.6,25.6,25.4,25.7,25.5,25.5,25.6,25.5,25.6,25.6,25.6,25.3,25.6,25.3,25.2,25.3,25.5,25.4,25.6,25.8,26.1,26.2,26.2,26.2,26.3,26.3,26.4,26.3,26.3,26.3,26.3,26.3,26.3,26.4,26.2,26.6,26.4,26.4,26.3,26.4,26.3,26.3,26.6,26.4,26.3,26.3,26.4,26.4,26.5,26.5,26.4,26.3,26.5,26.3,26.3,26.3,26.5,26.4,26.3,26.4,26.3,26.5,26.5,26.5,26.5,26.5,26.5,26.5,26.5,26.5,26.5,26.4,26.3,26.5,26.5,26.5,26.5,26.6,26.5,26.7,26.5,26.5,26.5,26.3,26.5,26.7,26.5,26.6,26.6,26.7,26.7,26.7,26.7,26.5,26.6,26.8,26.6,26.5,26.8,26.7,26.7,26.8,26.6,26.8,26.8,26.6,26.5,26.7,26.7,26.8,26.8,26.8,26.8
242,27.1,27.0,27.2,27.1,27.2,26.8,26.9,27.1,27.0,27.1,27.0,27.0,27.0,27.1,27.0,27.2,27.0,27.1,26.9,26.9,27.0,27.2,26.9,27.2,27.0,27.0,27.2,27.1,27.0,27.1,27.1,27.0,27.0,26.9,27.1,27.1,27.2,27.0,26.9,27.0,27.0,27.0,27.0,26.8,26.9,27.0,26.8,26.7,26.8,26.8,27.0,26.8,26.8,26.8,26.8,26.7,26.7,26.7,26.7,26.6,26.7,26.7,26.6,26.5,26.5,26.6,26.5,26.5,26.1,25.8,25.9,25.8,25.7,25.7,25.6,25.8,25.6,25.7,25.5,25.6,25.6,25.7,25.5,25.5,25.6,25.4,25.5,25.6,25.5,25.6,25.3,25.6,25.3,25.3,25.3,25.3,25.6,25.7,25.9,26.1,26.0,26.2,26.2,26.3,26.3,26.2,26.4,26.1,26.3,26.3,26.4,26.3,26.4,26.3,26.4,26.5,26.4,26.4,26.4,26.3,26.4,26.3,26.3,26.2,26.5,26.3,26.3,26.5,26.4,26.2,26.4,26.5,26.3,26.5,26.6,26.4,26.4,26.3,26.5,26.3,26.4,26.2,26.4,26.4,26.4,26.3,26.4,26.4,26.5,26.5,26.7,26.5,26.3,26.5,26.5,26.5,26.5,26.5,26.7,26.4,26.5,26.7,26.6,26.5,26.5,26.5,26.6,26.6,26.5,26.6,26.5,26.5,26.6,26.8,26.5,26.4,26.7,26.7,26.8,26.7,26.8,26.6,26.7,26.7,26.6,26.6,26.7,27.0,26.8,26.7,26.7,26.7
243,27.2,27.2,27.0,27.1,27.0,27.0,27.0,27.1,27.0,27.1,27.2,27.0,27.0,27.0,26.9,27.0,27.0,26.9,26.9,27.0,27.0,27.1,27.1,27.2,27.0,27.1,27.0,26.9,27.1,27.1,27.0,27.0,27.0,27.0,26.7,27.0,26.9,27.0,26.9,26.9,27.0,26.9,26.8,27.0,26.8,27.0,27.0,26.7,26.7,26.7,26.7,26.9,26.8,26.6,26.8,26.5,26.6,26.7,26.6,26.5,26.4,26.6,26.4,26.6,26.5,26.5,26.4,26.3,26.2,25.8,25.7,25.6,25.7,25.8,25.7,25.8,25.6,25.7,25.3,25.7,25.6,25.7,25.5,25.6,25.3,25.5,25.6,25.4,25.6,25.3,25.3,25.5,25.3,25.3,25.3,25.4,25.3,25.5,26.0,26.1,26.1,26.2,26.3,26.4,26.3,26.3,26.3,26.3,26.3,26.2,26.4,26.3,26.4,26.3,26.3,26.4,26.3,26.3,26.2,26.3,26.1,26.3,26.3,26.4,26.3,26.3,26.3,26.3,26.3,26.4,26.3,26.4,26.4,26.3,26.4,26.4,26.3,26.4,26.4,26.3,26.5,26.4,26.4,26.4,26.5,26.4,26.5,26.3,26.5,26.6,26.3,26.5,26.4,26.6,26.6,26.5,26.4,26.4,26.4,26.6,26.5,26.5,26.5,26.4,26.6,26.5,26.7,26.5,26.5,26.7,26.6,26.4,26.5,26.5,26.6,26.7,26.6,26.6,26.5,26.6,26.5,26.5,26.5,26.8,26.7,26.6,26.6,26.5,26.8,26.7,26.6,26.6
244,27.0,27.0,27.0,26.9,27.0,27.1,27.2,27.1,27.1,27.2,27.1,27.0,27.0,27.0,26.9,27.0,27.0,26.9,26.9,27.1,27.2,27.1,27.1,27.2,27.0,26.8,27.0,27.1,27.1,27.0,26.8,27.0,27.0,27.0,27.1,27.1,27.0,27.0,27.0,27.0,26.8,27.1,27.0,26.8,26.9,27.0,26.8,26.9,26.8,26.8,26.9,26.7,26.8,26.8,26.7,26.7,26.8,26.7,26.5,26.7,26.6,26.7,26.6,26.6,26.6,26.4,26.5,26.3,26.2,26.1,25.9,25.7,25.7,25.7,26.0,25.7,25.8,25.6,25.7,25.7,25.6,25.5,25.6,25.6,25.6,25.6,25.5,25.6,25.3,25.5,25.5,25.3,25.3,25.5,25.5,25.3,25.5,25.6,26.2,26.4,26.2,26.2,26.4,26.3,26.2,26.5,26.3,26.4,26.4,26.5,26.4,26.2,26.4,26.3,26.3,26.3,26.3,26.3,26.3,26.5,26.4,26.5,26.4,26.5,26.3,26.4,26.3,26.4,26.4,26.4,26.2,26.3,26.4,26.5,26.3,26.4,26.5,26.2,26.4,26.3,26.4,26.4,26.4,26.4,26.3,26.4,26.4,26.5,26.5,26.5,26.5,26.3,26.4,26.5,26.5,26.4,26.6,26.5,26.5,26.5,26.6,26.5,26.5,26.5,26.6,26.5,26.8,26.6,26.6,26.6,26.6,26.7,26.6,26.6,26.6,26.5,26.6,26.6,26.5,26.7,26.8,26.6,26.6,26.6,26.7,26.8,26.7,26.7,26.7,26.7,26.8,26.5
245,27.1,27.0,26.9,26.7,27.1,27.0,27.0,27.0,27.0,27.1,27.3,26.9,26.9,27.0,27.0,27.0,27.2,27.1,27.0,27.2,27.0,27.1,26.9,26.9,27.1,27.0,27.1,27.0,26.9,26.9,26.9,27.0,27.1,26.8,26.9,27.0,26.7,26.8,26.8,26.8,27.0,26.9,26.9,27.0,26.7,26.7,26.8,26.9,26.7,26.8,26.9,26.8,26.7,26.7,26.7,26.8,26.6,26.9,26.7,26.7,26.5,26.7,26.5,26.4,26.6,26.4,26.5,26.5,26.3,26.1,25.9,25.8,25.8,26.0,25.8,25.7,25.8,25.6,25.7,25.6,25.6,25.6,25.4,25.6,25.5,25.3,25.4,25.5,25.5,25.5,25.4,25.3,25.5,25.3,25.3,25.4,25.3,25.7,26.0,26.1,26.2,26.1,26.3,26.1,26.3,26.3,26.2,26.2,26.2,26.3,26.3,26.3,26.2,26.3,26.4,26.2,26.3,26.3,26.3,26.4,26.5,26.5,26.4,26.3,26.2,26.3,26.2,26.3,26.3,26.3,26.4,26.4,26.3,26.5,26.5,26.3,26.3,26.3,26.5,26.5,26.5,26.3,26.3,26.4,26.3,26.5,26.4,26.3,26.4,26.5,26.5,26.6,26.6,26.4,26.4,26.5,26.5,26.5,26.5,26.7,26.4,26.4,26.5,26.3,26.5,26.5,26.5,26.5,26.6,26.7,26.5,26.6,26.6,26.6,26.6,26.6,26.7,26.6,26.7,26.8,26.6,26.7,26.5,26.6,26.6,26.6,26.7,26.6,26.7,26.6,26.8,26.8
246,27.0,27.0,27.0,26.9,26.9,27.0,27.0,27.1,27.0,27.1,27.1,27.1,27.0,27.0,27.1,27.0,27.1,27.1,27.0,27.0,27.0,27.2,27.0,27.1,27.2,27.0,27.0,27.1,27.1,27.0,27.1,27.0,27.0,27.1,26.8,27.1,27.0,27.0,26.8,26.8,27.0,26.8,26.9,26.8,26.8,26.9,26.9,26.9,26.8,26.8,26.8,26.7,26.8,26.8,26.8,26.7,26.8,26.8,26.8,26.7,26.7,26.8,26.6,26.6,26.6,26.4,26.5,26.6,26.3,26.2,26.0,25.8,25.9,25.7,25.7,25.9,25.7,25.7,25.6,25.4,25.5,25.6,25.7,25.7,25.5,25.6,25.3,25.6,25.6,25.4,25.6,25.5,25.6,25.3,25.5,25.4,25.5,25.7,26.1,26.3,26.2,26.3,26.2,26.2,26.3,26.1,26.2,26.3,26.2,26.5,26.1,26.3,26.4,26.2,26.3,26.4,26.4,26.2,26.3,26.2,26.3,26.3,26.3,26.3,26.2,26.4,26.2,26.3,26.3,26.4,26.3,26.3,26.3,26.3,26.5,26.2,26.5,26.3,26.3,26.3,26.3,26.2,26.5,26.2,26.3,26.5,26.4,26.4,26.3,26.4,26.4,26.4,26.4,26.4,26.4,26.4,26.5,26.6,26.3,26.5,26.7,26.5,26.5,26.5,26.4,26.5,26.6,26.5,26.6,26.5,26.4,26.5,26.4,26.5,26.6,26.8,26.5,26.7,26.5,26.6,26.5,26.9,26.7,26.7,26.5,26.7,26.8,26.6,26.7,26.8,26.8,26.6
247,26.8,27.1,26.9,26.9,27.0,27.0,27.1,27.0,27.0,26.9,27.2,26.9,26.9,26.9,27.0,26.9,27.2,26.9,26.9,27.0,27.0,27.2,27.0,27.0,26.9,27.0,27.1,27.0,26.9,26.9,26.8,27.0,26.8,26.9,26.9,27.0,26.9,26.9,26.8,26.8,26.8,26.8,26.9,26.9,26.8,26.7,26.8,26.8,26.8,26.7,26.7,26.7,26.8,26.5,26.8,26.5,26.7,26.7,26.7,26.7,26.6,26.6,26.7,26.5,26.3,26.4,26.4,26.4,26.2,26.1,26.0,26.0,25.9,25.8,25.9,25.8,25.6,25.6,25.6,25.6,25.5,25.5,25.6,25.7,25.5,25.2,25.3,25.3,25.6,25.5,25.4,25.3,25.5,25.3,25.5,25.6,25.6,26.0,26.1,26.2,26.2,26.1,26.3,26.3,26.1,26.1,26.1,26.3,26.2,26.4,26.1,26.4,26.1,26.3,26.3,26.1,26.2,26.4,26.3,26.2,26.2,26.2,26.3,26.3,26.4,26.3,26.2,26.2,26.3,26.2,26.3,26.3,26.3,26.4,26.1,26.3,26.3,26.3,26.4,26.3,26.4,26.3,26.3,26.3,26.3,26.4,26.2,26.3,26.3,26.3,26.4,26.5,26.3,26.2,26.5,26.3,26.4,26.4,26.6,26.4,26.7,26.3,26.6,26.3,26.5,26.4,26.4,26.5,26.6,26.5,26.5,26.5,26.6,26.6,26.4,26.6,26.6,26.6,26.6,26.7,26.7,26.6,26.4,26.6,26.6,26.6,26.6,26.6,26.7,26.5,26.6,26.6
248,27.0,27.1,27.0,26.9,27.0,27.0,27.0,27.0,27.0,27.0,26.9,27.2,26.9,27.0,27.1,26.9,27.0,27.0,27.0,27.0,27.0,27.0,26.8,27.1,27.0,27.0,26.8,27.1,26.8,26.8,26.9,27.0,26.8,26.9,27.0,27.0,26.9,26.8,26.9,26.9,26.9,26.9,26.9,26.8,26.8,26.9,26.8,26.7,26.7,26.9,26.8,26.7,26.8,26.6,26.6,26.7,26.7,26.7,26.6,26.7,26.6,26.6,26.5,26.5,26.5,26.3,26.5,26.4,26.3,26.2,26.1,26.0,25.9,26.1,26.0,26.0,25.5,25.6,25.7,25.6,25.8,25.7,25.6,25.6,25.4,25.5,25.5,25.4,25.3,25.3,25.6,25.8,25.6,25.6,25.6,25.6,25.6,25.8,26.1,26.2,26.2,26.2,26.1,26.1,26.1,26.2,26.1,26.2,26.2,26.2,26.1,26.2,26.3,26.2,26.4,26.3,26.4,26.3,26.3,26.2,26.2,26.3,26.3,26.4,26.2,26.2,26.3,26.2,26.4,26.3,26.2,26.3,26.3,26.3,26.1,26.5,26.3,26.3,26.2,26.2,26.3,26.3,26.3,26.4,26.1,26.5,26.3,26.3,26.3,26.4,26.5,26.3,26.4,26.3,26.5,26.5,26.5,26.3,26.6,26.4,26.5,26.5,26.5,26.4,26.5,26.6,26.5,26.6,26.6,26.7,26.5,26.5,26.6,26.5,26.5,26.7,26.5,26.6,26.6,26.7,26.5,26.5,26.6,26.7,26.7,26.6,26.7,26.8,26.7,26.7,26.6,26.5
249,27.1,26.9,27.1,27.1,26.8,27.0,27.2,26.9,27.0,27.0,27.1,26.9,27.0,26.9,27.0,26.9,27.0,26.9,27.0,26.9,27.0,26.9,26.9,27.1,26.8,26.9,27.0,26.9,26.9,27.0,26.9,26.9,26.8,27.1,27.0,27.0,26.9,26.8,26.9,26.8,27.0,26.8,26.9,26.9,26.8,26.7,26.9,26.7,26.8,27.1,26.8,26.9,26.7,26.8,26.7,26.7,26.6,26.8,26.5,26.6,26.7,26.5,26.6,26.5,26.5,26.5,26.5,26.5,26.3,26.3,26.2,26.2,26.2,25.9,26.0,25.9,25.9,25.7,25.7,25.5,25.5,25.6,25.5,25.5,25.3,25.4,25.3,25.3,25.3,25.6,25.6,25.6,25.5,25.6,25.8,25.7,25.8,26.1,26.3,26.2,26.2,26.3,26.2,26.1,26.1,26.1,26.2,26.1,26.1,26.2,26.1,26.2,26.3,26.1,26.2,26.1,26.2,26.1,26.3,26.1,26.3,26.1,26.4,26.1,26.3,26.4,26.3,26.2,26.2,26.2,26.2,26.2,26.3,26.3,26.1,26.1,26.2,26.3,26.5,26.1,26.3,26.3,26.3,26.2,26.3,26.3,26.3,26.2,26.3,26.5,26.3,26.4,26.5,26.4,26.3,26.3,26.5,26.4,26.5,26.5,26.5,26.3,26.4,26.5,26.4,26.5,26.4,26.5,26.3,26.5,26.7,26.5,26.5,26.4,26.5,26.5,26.5,26.6,26.5,26.7,26.5,26.6,26.6,26.5,26.5,26.6,26.7,26.5,26.7,26.6,26.7,26.8
250,27.1,27.0,27.1,27.0,26.9,26.9,26.8,27.2,26.9,26.9,27.1,27.0,26.8,27.0,26.8,27.0,26.8,26.9,26.9,26.8,27.0,26.9,27.0,26.9,26.8,26.6,26.9,26.9,26.9,26.8,26.8,26.8,26.8,26.9,27.0,26.8,26.8,26.9,26.8,26.7,26.7,26.8,26.8,26.8,26.8,26.9,26.9,26.8,26.6,26.7,26.6,26.9,26.7,26.6,26.7,26.7,26.5,26.6,26.6,26.7,26.4,26.4,26.5,26.5,26.3,26.4,26.4,26.3,26.4,26.3,26.0,26.1,26.2,26.0,25.8,26.0,25.9,25.8,25.6,25.5,25.6,25.6,25.4,25.4,25.4,25.1,25.5,25.6,25.5,25.5,25.7,25.7,25.7,25.8,25.7,25.8,25.9,26.2,26.0,26.2,26.1,26.2,26.1,26.3,26.3,26.2,26.2,26.2,26.3,26.3,26.2,26.3,26.2,26.1,26.1,26.4,26.2,26.0,26.1,26.0,26.4,26.3,26.0,26.3,26.2,26.1,26.2,26.2,26.1,26.3,26.1,26.1,26.2,26.3,26.4,26.0,26.1,26.3,26.1,26.3,26.3,26.3,26.1,26.1,26.2,26.2,26.1,26.3,26.2,26.4,26.4,26.5,26.3,26.2,26.4,26.3,26.5,26.3,26.3,26.4,26.5,26.2,26.4,26.5,26.3,26.4,26.3,26.6,26.4,26.3,26.5,26.5,26.4,26.5,26.5,26.5,26.4,26.5,26.4,26.5,26.5,26.5,26.6,26.4,26.6,26.5,26.6,26.5,26.7,26.8,26.5,26.4
251,26.9,27.0,26.9,27.1,26.9,26.8,26.9,27.1,27.0,26.9,27.0,26.9,27.0,27.0,27.0,27.0,27.1,27.0,26.8,27.0,26.9,26.8,27.0,26.9,26.9,26.8,27.0,26.9,26.7,26.8,26.8,27.0,27.1,26.9,26.8,27.0,26.8,26.8,26.8,26.7,26.8,26.8,26.9,26.6,26.7,26.6,26.8,26.7,26.6,26.7,26.5,26.7,26.8,26.6,26.6,26.7,26.7,26.7,26.5,26.6,26.5,26.6,26.6,26.5,26.4,26.3,26.4,26.4,26.4,26.5,26.1,26.3,26.2,25.9,26.0,26.0,26.0,25.6,25.8,25.6,25.6,25.8,25.6,25.6,25.3,25.3,25.3,25.3,25.6,25.7,25.8,25.8,25.8,25.9,25.9,26.0,25.8,26.1,26.0,26.0,26.1,26.1,26.2,26.1,26.3,26.3,26.2,25.9,26.1,26.2,26.1,26.2,26.2,26.0,26.1,26.1,26.1,26.2,26.1,26.1,26.1,26.2,26.3,26.1,26.1,26.1,26.1,26.2,26.3,26.2,26.1,26.2,26.1,26.1,26.1,26.1,26.1,26.2,26.3,26.1,26.1,26.2,26.2,26.2,26.3,26.2,26.2,26.3,26.3,26.3,26.4,26.2,26.3,26.3,26.4,26.3,26.2,26.5,26.4,26.4,26.5,26.4,26.5,26.4,26.4,26.4,26.5,26.6,26.5,26.4,26.5,26.6,26.5,26.6,26.4,26.6,26.6,26.6,26.7,26.5,26.5,26.5,26.5,26.5,26.5,26.5,26.8,26.5,26.7,26.7,26.8,26.6
252,27.1,27.1,27.1,27.1,26.9,27.0,26.9,26.9,27.1,27.0,26.9,27.0,26.9,26.8,26.9,27.0,27.0,26.8,27.0,26.9,27.1,26.9,26.9,27.0,26.9,27.0,27.0,26.9,26.7,26.9,26.8,26.8,26.9,26.8,26.9,26.8,26.9,26.9,26.8,26.8,26.8,27.0,26.9,26.9,26.8,26.6,26.8,26.8,26.7,26.6,26.7,26.7,26.7,26.5,26.6,26.7,26.6,26.5,26.6,26.5,26.7,26.5,26.5,26.5,26.5,26.4,26.3,26.4,26.2,26.4,26.3,26.2,26.3,26.1,26.2,25.9,25.9,25.7,25.6,25.5,25.6,25.6,25.6,25.3,25.3,25.6,25.4,25.4,25.3,25.8,25.9,25.9,26.0,26.0,25.9,25.9,26.1,26.1,26.1,26.1,26.2,26.1,26.1,26.2,26.1,26.3,26.1,26.2,26.2,26.1,26.1,26.1,26.3,26.1,26.1,26.1,26.3,26.1,26.1,26.1,26.1,26.1,26.1,26.1,26.2,26.0,25.9,26.1,26.0,26.2,26.1,26.2,26.2,26.0,26.2,26.1,26.2,26.2,26.2,26.1,26.1,26.0,26.1,26.2,26.2,26.1,26.3,26.1,26.4,26.3,26.4,26.4,26.5,26.3,26.4,26.4,26.4,26.4,26.3,26.5,26.4,26.3,26.4,26.2,26.5,26.5,26.4,26.5,26.5,26.3,26.4,26.4,26.4,26.5,26.5,26.6,26.6,26.4,26.6,26.6,26.5,26.6,26.5,26.7,26.6,26.5,26.6,26.7,26.5,26.6,26.4,26.6
253,27.0,27.0,26.8,27.0,26.8,26.8,26.8,27.0,26.8,26.9,26.8,27.0,26.9,26.9,27.0,27.0,27.0,27.0,26.9,27.0,26.9,26.8,26.9,27.0,26.8,26.8,26.9,26.7,27.0,26.9,26.9,26.7,26.7,26.7,26.8,26.7,26.7,26.8,26.7,26.8,26.8,26.9,26.7,26.8,26.8,26.7,26.8,26.6,26.6,26.8,26.8,26.6,26.6,26.7,26.7,26.6,26.6,26.7,26.4,26.5,26.3,26.5,26.5,26.6,26.2,26.3,26.2,26.2,26.4,26.3,26.1,26.1,26.1,26.1,26.1,26.0,26.0,25.9,25.7,25.7,25.6,25.5,25.6,25.5,25.5,25.2,25.3,25.3,25.5,25.8,25.9,26.2,26.0,26.2,26.0,26.0,25.9,26.1,26.0,26.0,26.0,26.2,26.2,26.1,26.2,26.1,26.2,26.1,26.3,26.1,26.1,26.1,26.1,26.0,26.1,26.0,26.1,26.1,26.1,26.1,26.0,26.1,26.0,26.1,26.2,26.1,26.1,26.0,26.1,26.1,26.0,26.2,26.3,26.0,26.1,26.2,26.2,26.1,26.2,26.3,26.1,26.1,26.1,26.2,26.3,26.2,26.3,26.3,26.3,26.4,26.3,26.2,26.2,26.3,26.2,26.3,26.1,26.3,26.4,26.4,26.4,26.2,26.4,26.2,26.3,26.3,26.3,26.4,26.4,26.5,26.4,26.4,26.3,26.5,26.5,26.5,26.5,26.5,26.5,26.6,26.6,26.6,26.6,26.8,26.5,26.5,26.6,26.7,26.5,26.4,26.6,26.7
254,27.1,27.0,27.0,26.9,26.8,27.0,27.0,27.1,27.1,27.0,27.0,27.0,27.0,26.9,26.8,27.0,26.9,26.9,26.7,26.8,26.9,27.1,26.9,27.0,26.9,27.0,26.9,27.0,27.0,26.8,26.8,27.0,27.0,26.8,26.8,26.8,26.8,26.9,26.8,26.8,27.0,26.9,26.7,26.7,26.9,26.7,27.0,26.7,26.9,26.8,26.8,26.7,26.6,26.7,26.7,26.6,26.6,26.6,26.5,26.6,26.4,26.6,26.4,26.5,26.4,26.3,26.3,26.4,26.3,26.2,26.3,26.2,26.3,26.0,26.1,26.1,25.9,25.9,25.6,25.6,25.5,25.6,25.4,25.5,25.4,25.3,25.1,25.5,25.6,25.8,26.1,26.1,26.1,25.9,26.0,25.9,26.0,26.2,26.1,26.3,26.2,26.0,26.2,26.1,26.1,26.0,26.1,26.1,26.1,26.1,26.2,26.1,26.2,26.0,26.2,26.1,26.1,26.0,26.1,26.2,26.2,26.2,26.1,26.0,26.1,25.9,26.1,26.1,26.0,26.2,26.1,26.0,26.0,26.3,26.1,26.1,26.1,26.1,26.1,25.9,26.3,26.0,26.1,26.0,26.0,25.9,26.2,26.0,26.2,26.2,26.2,26.1,26.1,26.4,26.3,26.1,26.3,26.2,26.5,26.1,26.4,26.4,26.5,26.1,26.3,26.3,26.3,26.5,26.4,26.4,26.3,26.5,26.3,26.5,26.5,26.4,26.5,26.5,26.6,26.5,26.5,26.6,26.7,26.5,26.6,26.7,26.6,26.7,26.5,26.7,26.8,26.5
255,26.9,27.1,27.0,27.0,26.8,27.0,27.0,27.1,27.0,27.0,27.1,27.1,26.9,27.0,27.0,27.0,26.8,26.8,27.0,27.1,27.0,26.9,26.7,27.0,26.9,26.8,26.8,26.9,26.9,26.9,26.9,26.8,26.8,27.0,26.9,26.9,26.8,26.9,26.8,26.7,27.0,26.8,26.8,26.7,26.8,26.7,26.9,26.7,26.7,26.7,26.7,26.8,26.7,26.5,26.6,26.6,26.6,26.4,26.6,26.5,26.5,26.7,26.4,26.5,26.4,26.5,26.2,26.3,26.2,26.3,26.2,26.3,26.3,26.3,26.2,26.1,25.9,25.8,25.8,25.5,25.6,25.6,25.5,25.4,25.5,25.3,25.2,25.6,25.7,25.8,26.0,26.1,26.0,26.0,26.0,26.1,26.0,26.1,26.0,26.1,26.1,25.9,26.0,26.0,26.0,26.0,26.1,25.9,26.3,26.0,26.1,25.9,26.0,26.1,26.1,26.2,26.0,26.1,26.1,26.1,26.1,26.1,26.0,26.1,26.2,26.1,26.0,25.9,25.9,26.1,26.0,26.1,26.0,26.0,26.0,26.0,26.1,26.0,26.2,26.0,26.1,26.0,26.1,26.1,26.1,26.1,26.2,26.1,26.1,26.0,26.3,26.2,26.1,26.3,26.4,26.3,26.2,26.3,26.3,26.2,26.4,26.5,26.4,26.4,26.4,26.3,26.5,26.4,26.3,26.5,26.5,26.5,26.5,26.5,26.5,26.5,26.5,26.6,26.5,26.5,26.8,26.5,26.5,26.6,26.7,26.7,26.7,26.6,26.6,26.8,26.6,26.7
