文件路径:,C:\Users\23589\Desktop\物理实验竞赛\实验数据（黑胶带版）\case13_香橙派5Pro裸板_满负载\data\HM20260727170727.csv
源热像文件:,C:\Users\23589\Desktop\物理实验竞赛\实验数据（黑胶带版）\case13_香橙派5Pro裸板_满负载\photo\HM20260727170727.jpeg

测温单位,摄氏度
图像宽度,192
图像高度,256

全局
统计:,,平均值:,27.0
,,最小值:,25.4
,,最大值:,31.0

坐标Y\X,0,1,2,3,4,5,6,7,8,9,10,11,12,13,14,15,16,17,18,19,20,21,22,23,24,25,26,27,28,29,30,31,32,33,34,35,36,37,38,39,40,41,42,43,44,45,46,47,48,49,50,51,52,53,54,55,56,57,58,59,60,61,62,63,64,65,66,67,68,69,70,71,72,73,74,75,76,77,78,79,80,81,82,83,84,85,86,87,88,89,90,91,92,93,94,95,96,97,98,99,100,101,102,103,104,105,106,107,108,109,110,111,112,113,114,115,116,117,118,119,120,121,122,123,124,125,126,127,128,129,130,131,132,133,134,135,136,137,138,139,140,141,142,143,144,145,146,147,148,149,150,151,152,153,154,155,156,157,158,159,160,161,162,163,164,165,166,167,168,169,170,171,172,173,174,175,176,177,178,179,180,181,182,183,184,185,186,187,188,189,190,191
0,26.7,26.9,26.8,26.8,26.8,26.9,26.7,26.8,26.7,26.8,26.8,26.6,26.8,26.8,26.8,26.8,26.8,26.7,26.7,26.8,26.8,26.7,26.7,26.7,26.8,26.6,26.7,26.9,26.7,26.8,26.8,26.9,26.7,26.9,26.9,26.9,26.7,26.8,26.7,26.6,26.8,26.8,26.8,26.8,26.8,26.7,26.9,26.7,26.8,26.8,26.9,26.9,26.8,27.1,26.9,26.8,26.9,26.9,27.0,26.8,26.8,26.9,26.9,27.0,26.9,26.9,26.7,26.8,26.9,26.8,26.9,26.9,26.8,26.9,26.9,27.1,26.7,26.9,26.8,27.0,26.9,27.0,26.9,26.9,26.9,26.9,27.0,26.9,26.9,26.8,26.6,26.9,26.9,27.1,26.9,26.9,26.8,26.9,26.9,26.9,27.0,26.8,26.9,27.1,26.9,27.1,26.9,26.8,26.9,27.0,26.9,26.8,26.9,26.9,27.0,26.9,26.9,26.9,26.9,26.9,26.8,26.8,26.8,26.9,26.9,26.9,27.0,26.9,26.9,26.8,26.9,26.9,27.0,26.8,26.9,26.9,27.0,26.8,26.8,26.9,26.9,27.0,27.0,26.9,26.9,27.0,27.0,26.9,26.9,26.9,27.1,26.8,27.0,26.9,26.9,26.8,26.9,26.9,26.8,26.9,26.9,26.8,26.9,27.0,26.9,27.0,26.9,26.9,26.9,26.8,26.8,26.8,26.9,26.7,26.7,26.9,26.9,26.8,26.8,26.5,26.7,26.9,26.8,27.0,26.9,26.9,26.8,26.6,26.7,26.8,26.8,27.0
1,26.7,26.8,26.7,26.8,26.6,26.8,26.8,26.7,26.6,26.7,26.8,26.7,26.8,26.7,26.8,26.7,26.7,26.6,26.6,26.7,26.9,26.9,26.7,26.9,26.6,26.8,26.6,26.8,26.8,26.7,26.8,26.8,26.7,26.7,26.8,26.9,26.8,26.9,26.9,26.7,26.8,26.8,26.7,26.6,26.8,26.8,26.9,27.0,26.9,26.8,26.8,26.9,26.6,26.9,26.6,26.8,26.9,26.8,26.8,26.9,26.9,26.7,26.7,27.0,26.9,27.0,26.8,26.8,27.0,26.9,26.9,26.9,26.9,26.9,26.7,26.9,26.9,26.8,26.7,27.1,26.9,26.8,26.6,26.9,26.9,26.9,26.9,26.8,26.8,26.8,26.9,26.7,26.9,26.8,27.0,26.8,27.0,27.1,27.2,26.9,27.1,27.0,26.9,26.9,26.8,26.8,26.9,27.1,26.8,26.8,27.0,26.8,26.9,26.9,26.7,26.9,26.9,27.0,26.9,26.9,26.9,26.9,26.9,27.0,26.8,26.9,26.9,26.9,26.7,26.8,26.8,26.9,26.9,26.9,26.9,26.9,26.9,26.9,26.9,26.8,26.8,26.8,26.9,26.9,26.8,27.0,27.0,27.1,26.9,26.9,26.8,26.9,26.9,27.0,27.0,26.9,26.8,26.7,26.9,27.1,26.8,26.9,26.9,26.8,26.8,26.6,26.8,26.9,26.8,27.1,26.9,26.8,26.9,26.7,26.8,26.9,26.8,26.8,26.8,26.9,26.7,26.8,26.7,26.8,26.7,26.7,26.9,26.8,26.8,26.8,26.8,26.9
2,26.9,26.7,26.6,27.0,26.8,26.9,26.7,26.7,26.8,26.9,26.8,26.7,26.7,26.8,26.9,26.8,26.7,26.8,26.8,26.7,26.8,26.7,26.8,26.8,26.9,26.9,26.8,26.8,26.9,26.6,26.7,27.0,26.6,26.7,26.9,26.8,26.8,26.7,26.7,26.7,26.9,26.7,26.9,26.8,26.7,26.9,26.8,26.9,26.9,26.9,26.9,26.8,26.9,26.9,26.7,26.8,26.9,26.9,26.8,26.9,26.7,26.8,26.7,26.9,26.8,26.9,27.1,26.9,26.9,26.7,26.9,26.9,26.8,26.8,26.7,27.0,26.8,26.9,27.0,26.8,26.8,26.8,26.8,26.9,26.9,26.9,26.9,26.9,27.0,27.0,26.9,26.9,26.9,27.0,27.0,26.9,27.0,26.9,27.0,26.9,26.9,26.9,27.0,26.8,27.1,27.0,27.1,27.0,27.0,26.9,26.9,27.0,27.1,27.0,26.8,27.0,26.8,26.9,26.9,26.9,27.0,26.8,26.8,26.8,26.8,27.0,26.9,26.8,26.9,26.8,26.8,26.8,26.7,26.9,26.8,26.9,26.9,26.9,26.9,26.9,26.8,26.8,26.8,26.9,26.8,27.1,26.8,26.9,26.9,27.0,26.9,26.9,27.0,26.8,26.9,26.9,26.9,26.9,26.9,26.9,26.7,26.9,26.8,26.8,26.8,26.8,26.9,26.9,27.1,26.7,26.8,26.7,26.8,26.7,26.8,26.9,26.9,26.6,26.9,26.9,26.7,26.8,26.9,26.7,26.9,26.8,26.9,26.9,26.6,26.7,26.8,26.8
3,26.8,26.7,26.8,26.8,26.7,26.8,26.8,26.9,26.8,26.8,26.6,26.9,26.8,26.8,26.7,26.8,26.7,26.8,26.7,26.8,26.8,26.6,26.8,26.7,26.9,26.8,26.8,26.8,26.8,26.7,26.9,26.8,26.7,26.7,26.9,26.9,26.9,26.7,26.9,26.7,26.8,26.8,26.8,26.9,26.9,26.8,26.9,26.9,26.8,27.0,26.7,26.7,26.9,27.0,26.8,26.9,26.9,27.0,26.9,26.8,26.8,26.9,26.9,26.9,26.9,26.8,26.8,26.9,26.8,26.9,26.7,27.0,26.9,27.0,27.0,27.1,26.9,27.0,26.8,27.0,26.9,26.8,26.9,26.9,26.9,27.1,26.9,27.0,26.9,26.9,27.0,26.9,26.9,26.9,27.1,27.0,27.0,27.2,26.9,26.9,27.0,26.8,26.8,26.9,26.9,27.0,26.9,26.8,26.8,26.8,27.0,27.0,27.0,26.9,26.7,26.9,26.9,26.9,26.9,26.8,26.9,26.8,27.0,26.9,26.9,26.9,26.9,26.7,26.9,26.9,27.0,26.9,26.8,26.8,26.9,26.8,26.9,26.9,27.0,26.9,26.9,27.0,26.9,26.9,26.8,27.0,26.8,26.9,26.9,26.9,27.0,27.0,26.9,27.0,26.8,26.8,27.0,26.9,26.9,26.9,26.9,27.0,26.9,26.9,27.0,26.8,27.0,26.9,26.9,26.9,26.8,26.8,26.9,26.8,26.9,26.9,26.8,26.7,26.8,26.9,26.8,26.7,26.7,26.8,26.8,26.9,26.8,26.7,26.6,26.7,26.9,26.9
4,27.0,26.9,26.8,26.7,26.7,26.6,26.9,26.7,26.8,26.6,26.9,26.6,26.9,26.8,26.9,26.7,26.7,26.7,26.6,26.8,26.7,26.8,26.7,26.9,26.8,26.9,26.7,26.8,26.7,26.8,26.7,26.6,26.8,26.7,26.8,26.7,26.8,26.7,26.8,26.7,26.9,26.7,26.6,26.6,26.6,26.7,26.6,26.9,26.7,26.6,27.0,26.9,26.8,26.9,26.9,26.7,26.9,27.1,26.8,26.9,26.8,26.9,26.9,26.9,27.0,26.9,26.9,26.9,26.9,26.8,26.9,26.8,26.9,26.8,26.8,26.9,26.9,26.9,26.9,27.0,26.9,26.9,26.8,26.9,26.9,26.9,27.0,26.9,26.9,26.9,26.9,26.9,26.9,26.9,26.9,26.9,26.9,27.0,27.0,26.9,27.1,27.0,26.9,27.0,27.1,26.9,27.0,27.0,26.9,26.9,26.9,26.8,26.9,26.7,27.0,26.9,26.9,27.0,26.9,26.9,27.0,26.9,26.9,26.9,26.9,27.0,26.9,26.9,26.8,26.9,26.6,26.9,26.8,26.6,26.9,27.0,26.8,27.0,26.8,26.9,27.0,26.7,26.9,26.9,27.0,26.9,26.8,26.9,26.9,26.9,27.0,27.0,26.9,27.0,26.7,26.8,27.0,27.0,26.9,26.9,26.9,26.7,26.8,27.0,27.0,26.6,26.8,26.9,26.8,26.9,27.0,27.0,26.9,27.1,27.0,26.8,26.6,26.7,26.8,26.9,26.8,26.9,26.8,26.8,26.8,26.8,26.7,26.7,26.7,26.7,26.7,26.9
5,26.7,26.8,26.6,26.7,26.7,26.7,26.8,26.7,26.8,26.6,26.6,26.8,26.8,26.7,26.6,26.5,26.6,26.9,26.8,26.6,26.8,26.8,26.8,26.9,26.9,26.6,26.8,26.8,26.7,26.7,26.7,26.8,26.8,26.9,26.9,26.9,26.9,26.6,26.8,26.8,27.0,26.8,26.9,26.7,26.8,26.7,26.8,26.7,26.8,26.8,26.8,26.8,26.6,26.8,26.9,26.7,26.7,26.9,26.7,26.7,26.8,26.8,26.7,27.0,26.9,26.9,26.7,26.7,26.8,26.7,26.8,26.8,26.9,26.9,26.8,26.9,26.9,26.8,26.8,26.9,26.9,26.8,27.0,26.9,26.7,26.8,26.8,26.9,26.9,27.0,26.9,26.8,26.9,26.9,26.9,27.0,26.9,26.7,27.0,26.8,27.0,27.0,27.0,26.9,26.9,26.9,26.7,27.0,27.0,26.7,26.8,26.9,26.9,27.0,26.9,27.0,26.8,26.9,27.0,27.1,26.9,27.0,27.0,26.9,27.3,27.1,27.0,27.1,27.0,26.9,26.9,26.9,26.8,26.9,26.8,26.9,26.9,26.8,26.9,26.9,26.9,27.0,26.9,26.8,26.9,26.9,26.9,27.1,27.0,27.1,27.0,27.0,26.9,26.9,26.9,26.9,26.9,26.9,27.0,26.9,26.9,26.9,26.9,26.8,26.9,27.0,26.8,26.9,27.0,26.9,26.6,26.7,26.7,26.9,26.9,26.9,26.8,26.7,26.9,26.9,26.7,26.9,26.9,26.9,26.8,26.8,26.8,26.9,26.6,26.7,26.7,26.9
6,26.7,26.8,26.6,26.8,26.7,26.8,26.7,26.8,26.7,26.7,26.8,26.7,26.8,26.9,26.6,26.9,26.8,26.6,26.5,26.8,26.7,26.9,26.9,26.8,26.8,26.6,26.6,26.8,26.7,26.7,26.7,26.9,26.9,26.7,26.7,26.9,26.9,26.9,26.9,26.8,26.8,26.7,26.9,26.7,27.0,26.8,26.7,26.8,26.7,26.8,26.9,26.9,26.7,26.6,26.9,26.9,26.7,26.8,26.9,26.7,26.8,26.9,26.9,26.8,26.8,26.9,26.8,27.0,26.8,26.8,26.9,26.9,26.8,26.9,26.9,26.8,27.1,26.9,26.9,26.9,26.6,27.0,26.9,27.0,26.9,26.8,26.9,26.9,27.2,27.0,26.9,26.9,26.9,26.9,27.0,26.9,26.8,26.9,26.9,26.9,26.9,27.0,27.0,27.1,26.9,27.2,26.9,26.9,27.0,26.9,27.0,26.8,26.9,26.9,27.0,26.9,26.9,27.0,26.7,27.0,26.9,27.0,26.9,26.9,27.1,27.1,27.0,27.0,26.9,26.9,26.9,26.9,26.8,27.0,26.7,27.1,26.9,27.1,27.0,26.9,26.9,26.9,26.8,26.9,27.1,26.9,26.9,26.9,26.9,26.9,26.8,27.0,26.9,26.9,26.9,26.9,26.8,26.7,26.7,27.0,26.6,26.8,26.9,26.7,27.0,26.8,26.8,26.6,26.9,26.9,26.6,26.8,26.9,27.0,27.0,27.0,26.8,26.8,26.6,26.8,26.9,26.8,26.6,26.7,26.7,26.7,26.9,26.7,26.9,26.8,26.7,26.9
7,26.8,26.8,26.8,26.8,26.6,26.8,26.8,26.6,26.6,26.6,26.9,26.6,26.8,26.8,27.0,26.6,26.8,26.6,26.7,26.7,26.7,26.6,26.8,26.8,26.7,26.6,26.7,26.7,26.8,26.8,26.8,26.8,26.7,26.7,26.6,26.8,26.7,26.9,26.8,26.7,26.7,26.8,26.7,26.9,26.8,26.6,26.9,27.0,26.8,26.9,26.9,26.9,26.9,26.8,26.9,26.8,26.9,26.9,26.8,26.9,26.8,26.7,26.7,26.8,26.9,27.0,26.9,27.0,27.0,26.8,26.8,26.9,27.0,27.0,27.0,26.9,26.9,26.8,26.9,26.8,26.9,26.9,26.9,27.0,26.8,26.9,26.9,27.0,26.9,26.9,26.8,26.8,27.1,27.0,27.0,26.9,27.1,26.9,26.9,27.1,27.1,26.9,26.9,26.8,27.0,27.0,27.0,26.9,26.9,26.9,27.0,26.9,26.8,26.9,26.8,26.8,26.9,27.1,27.1,27.1,26.9,27.0,26.9,26.9,26.9,27.0,26.9,27.0,26.9,26.9,26.8,27.0,26.9,26.9,26.8,27.0,26.8,26.9,27.0,26.9,26.9,26.9,26.9,27.0,26.9,26.8,26.8,26.9,26.9,26.8,27.0,26.8,26.9,26.9,26.9,26.9,26.7,26.9,27.0,26.9,26.9,26.7,26.9,26.8,26.9,26.9,26.8,26.8,26.9,26.8,26.7,26.8,26.9,26.9,27.0,26.7,26.9,26.8,26.9,26.8,26.6,26.9,26.9,26.9,26.8,26.9,26.9,26.8,26.7,26.8,26.7,26.9
8,26.8,26.9,26.7,26.6,26.8,26.9,26.9,26.8,26.8,26.7,26.9,26.6,26.8,26.7,26.8,26.9,26.9,26.7,26.8,26.8,26.9,26.8,26.6,26.7,26.9,26.6,26.7,26.8,26.8,26.8,26.9,26.8,26.8,26.9,26.9,26.8,26.9,26.8,26.8,26.9,26.9,26.9,26.9,26.9,26.9,27.0,26.7,26.8,26.7,26.7,26.9,26.9,26.9,26.9,26.9,26.7,26.8,26.9,27.0,26.9,27.0,26.6,26.9,26.9,26.7,26.9,27.0,26.6,27.0,26.8,26.9,27.0,26.9,27.0,26.8,27.0,26.8,26.9,26.9,26.9,26.8,26.9,26.9,26.9,26.7,26.7,27.0,26.8,26.9,26.9,26.8,26.9,27.0,27.0,27.1,26.9,26.9,27.0,26.9,26.9,27.0,27.1,27.1,26.9,27.0,27.1,27.0,27.1,27.1,26.9,27.0,26.8,26.9,27.1,26.9,26.9,26.9,27.0,27.0,26.9,27.1,27.1,27.1,27.0,26.9,27.0,27.0,27.1,27.2,27.1,26.9,26.8,27.0,26.9,26.8,27.0,26.8,27.1,27.0,27.3,26.9,27.0,26.7,26.9,27.0,26.8,26.9,26.8,26.9,27.0,27.0,26.9,27.1,27.0,27.0,26.8,26.9,26.9,27.0,27.1,26.9,26.9,26.9,26.7,27.0,27.0,26.9,26.8,27.0,26.9,26.9,27.0,26.7,26.9,26.9,26.9,26.8,26.9,26.7,27.1,26.9,26.9,26.8,26.7,26.7,26.9,26.9,27.0,26.9,26.8,26.7,26.9
9,26.8,26.9,26.7,27.0,26.9,26.9,26.7,26.9,26.8,26.7,26.6,26.9,26.8,26.8,26.6,26.7,26.7,26.8,26.6,26.8,26.7,26.8,26.7,26.7,26.8,26.8,26.7,26.9,26.8,26.9,26.9,26.9,26.8,26.7,26.8,26.8,26.8,26.9,26.9,26.6,26.9,26.9,26.8,26.8,26.7,26.8,26.9,26.7,26.9,26.9,26.7,26.8,26.9,26.9,26.8,26.8,26.9,27.0,26.8,26.8,26.8,26.7,26.7,26.9,26.9,27.0,27.0,26.8,26.9,26.9,26.8,26.9,26.8,26.9,26.9,26.9,26.9,27.0,26.7,26.9,26.9,26.8,26.7,27.0,27.0,27.0,26.9,26.9,26.9,27.0,26.9,27.0,26.9,27.2,26.9,26.9,27.0,26.9,27.0,26.8,27.1,26.9,26.9,26.9,27.1,26.9,26.8,27.1,27.1,26.9,27.0,26.9,26.9,26.9,26.9,26.8,27.0,26.9,26.7,27.0,27.0,26.9,26.9,26.9,27.0,26.9,27.1,27.0,27.1,27.0,26.9,26.8,27.0,26.9,26.9,26.9,27.0,26.9,26.9,27.0,26.9,27.2,26.9,26.9,26.9,26.9,26.9,26.9,27.0,26.9,26.9,26.9,26.9,26.9,26.9,26.9,26.9,26.8,26.9,26.9,26.7,26.8,26.8,26.8,26.8,27.0,26.8,26.8,26.8,26.7,26.9,26.9,26.8,26.8,26.8,26.9,26.8,26.9,26.7,26.9,26.8,26.9,26.9,26.8,26.9,26.9,26.8,26.6,26.8,26.8,26.9,26.9
10,26.9,26.7,26.8,26.8,26.7,26.6,26.9,26.7,26.8,26.8,26.7,26.7,26.8,26.7,26.7,26.8,26.8,26.7,26.7,26.9,26.8,26.9,26.6,26.6,26.7,26.7,26.7,26.7,26.6,26.7,26.8,26.9,26.8,26.6,26.9,26.9,27.0,26.9,26.8,26.9,26.9,26.9,27.0,26.6,26.7,26.7,26.7,27.1,26.7,26.6,26.7,26.8,26.8,26.8,26.9,26.8,26.7,26.9,26.9,26.8,26.8,26.8,26.8,27.0,26.9,26.9,26.9,26.7,26.9,27.0,26.9,26.9,26.9,26.8,27.0,26.9,27.0,27.0,26.9,27.1,26.9,26.9,26.9,26.9,26.8,26.9,26.9,26.9,26.9,26.9,26.9,26.8,26.8,26.8,27.1,26.9,27.0,27.0,26.8,27.0,27.1,27.0,27.1,26.9,27.0,27.2,27.0,26.8,26.8,26.9,26.9,27.0,26.9,26.8,26.8,27.0,26.9,27.0,26.9,26.9,26.8,26.9,27.2,27.0,26.9,27.0,26.9,26.9,27.0,26.9,26.9,27.0,27.1,26.9,26.8,27.0,27.0,26.7,26.8,27.1,26.9,26.8,26.8,26.7,26.9,26.8,26.9,26.8,26.9,26.8,26.9,26.8,26.7,27.0,27.0,27.0,26.7,26.9,26.8,27.0,26.9,27.0,26.9,26.9,27.0,26.9,26.9,26.9,27.0,26.9,26.9,26.9,26.8,26.9,26.8,26.7,26.9,26.7,26.9,26.8,26.9,26.9,26.9,26.9,26.6,26.7,26.9,26.9,26.6,26.6,26.8,26.9
11,26.6,26.5,26.9,26.7,26.6,26.8,26.8,26.8,26.9,26.8,26.8,26.9,26.7,26.7,26.7,26.8,26.8,26.9,26.8,26.8,26.7,26.8,26.9,26.9,26.8,26.7,26.7,26.6,26.8,26.8,27.0,26.9,26.9,26.9,27.0,26.8,26.9,26.7,26.9,26.7,26.9,26.7,26.8,26.7,26.9,26.7,26.9,26.8,26.8,26.8,26.9,26.9,26.8,26.7,26.9,26.6,26.9,26.8,27.0,26.9,27.0,26.9,26.9,26.8,27.0,26.8,26.9,26.9,26.9,26.8,26.9,26.9,26.7,27.0,26.8,27.0,26.8,27.0,26.8,26.9,27.0,26.9,27.0,26.9,26.8,26.9,26.9,26.9,26.9,27.0,26.8,26.9,27.0,27.0,27.0,27.0,26.9,27.0,27.0,26.9,27.0,27.0,26.9,27.0,27.1,27.0,26.8,27.1,26.9,27.1,27.0,27.0,26.9,27.1,27.0,27.0,27.1,26.9,26.9,26.8,27.0,27.1,27.1,26.9,27.0,27.0,27.0,26.9,26.9,26.9,27.1,26.9,26.9,27.0,27.0,27.1,27.0,27.1,26.9,26.9,27.0,27.1,27.0,26.9,26.9,26.9,26.8,26.7,27.0,27.0,26.6,26.9,26.9,27.1,27.1,26.9,27.0,26.9,27.0,27.0,26.8,26.8,26.8,26.7,26.7,26.9,26.7,26.8,26.9,26.9,27.0,26.8,26.9,26.7,26.9,26.8,26.8,26.7,26.9,26.9,26.8,26.6,26.7,26.8,26.9,26.9,26.9,26.9,26.8,26.7,26.6,27.0
12,26.7,26.7,26.7,26.8,26.8,26.9,26.8,26.7,26.7,26.8,26.6,26.8,26.9,26.7,26.9,26.6,26.7,26.7,26.7,26.8,26.7,26.8,26.8,26.8,26.8,26.9,26.8,26.8,26.8,26.7,26.6,26.9,26.9,26.9,26.9,26.9,26.9,26.8,26.9,26.6,26.9,26.6,26.8,26.7,26.8,26.8,26.8,26.8,26.8,26.9,26.9,26.9,26.8,26.9,26.8,26.9,27.0,26.8,26.9,26.9,26.8,26.8,26.8,26.9,27.0,26.8,26.9,26.7,27.0,26.9,27.0,27.0,26.9,26.9,26.9,26.9,26.9,26.9,27.0,26.9,26.8,26.9,27.0,27.3,26.8,26.9,26.9,27.1,27.0,27.1,27.0,26.9,27.0,27.1,27.0,27.1,27.2,27.1,26.8,26.9,26.8,26.9,27.0,26.7,27.1,26.9,27.1,27.0,26.8,27.1,26.9,26.9,27.1,26.9,26.9,26.9,26.9,27.0,27.0,26.9,26.9,27.1,27.1,26.9,27.0,27.0,26.9,27.0,27.1,26.8,26.9,26.8,27.0,27.0,27.0,26.9,27.0,26.9,26.9,27.1,27.0,27.1,26.9,27.0,26.9,26.9,27.0,27.0,26.8,26.9,26.7,27.0,27.0,26.8,26.8,26.9,27.0,27.1,26.8,26.8,26.9,26.7,26.8,26.8,26.9,26.9,26.9,26.9,27.0,26.9,26.6,27.0,26.8,26.9,26.8,26.9,27.0,26.9,27.1,26.9,26.8,26.9,26.9,26.8,26.9,26.9,26.9,26.8,26.8,26.8,26.8,27.0
13,26.6,26.9,26.7,26.8,26.6,26.7,26.7,26.6,26.6,26.9,26.7,26.7,26.9,26.8,26.7,26.7,26.7,26.8,26.8,26.8,26.8,26.8,27.0,26.8,26.8,26.8,26.8,26.7,26.5,26.7,26.9,26.9,26.9,26.7,26.9,26.7,26.7,26.6,26.8,26.7,26.7,26.8,26.8,26.9,26.7,26.8,26.9,26.8,26.9,26.8,26.8,26.8,26.8,26.9,26.7,26.8,26.8,26.8,26.9,26.8,26.8,26.9,26.9,26.7,26.8,26.9,26.8,26.9,26.7,26.9,26.9,27.0,26.9,26.7,26.9,27.0,27.0,26.9,26.7,26.9,27.0,26.9,26.9,26.8,27.0,26.9,27.0,27.0,27.0,27.0,26.8,27.0,26.9,26.9,27.0,26.8,27.1,26.9,27.0,27.0,26.9,26.9,26.9,27.0,26.9,27.0,27.0,27.0,26.9,26.9,27.0,26.9,27.1,26.9,26.9,26.8,27.1,27.1,27.0,27.0,27.0,27.0,26.9,26.9,27.0,27.2,27.0,27.0,26.9,27.0,26.9,26.9,26.9,27.1,27.1,26.8,26.9,27.0,26.9,26.9,26.9,27.0,26.9,26.9,27.0,27.0,26.8,26.9,26.9,27.0,26.9,27.0,27.1,27.0,26.8,26.8,27.0,26.9,26.9,27.2,26.9,26.9,27.0,27.0,26.9,26.9,26.8,26.9,26.9,26.9,26.7,27.0,26.8,26.7,26.8,27.0,26.7,26.8,26.9,26.8,26.9,26.8,26.7,26.9,26.9,26.6,26.7,26.9,26.9,26.8,26.8,26.9
14,26.8,26.7,26.9,26.9,26.5,26.7,26.8,26.8,26.9,26.7,26.9,26.9,26.9,26.7,26.7,26.9,26.7,26.9,26.8,26.9,26.8,26.9,26.8,26.8,26.7,26.8,26.7,26.6,26.6,26.7,27.0,27.0,26.8,26.9,26.8,26.9,26.9,26.8,26.9,26.9,26.9,26.7,26.9,26.8,26.9,26.9,26.9,26.7,26.7,26.9,26.8,26.9,26.8,26.9,26.8,26.8,26.9,26.9,26.8,26.8,26.7,26.8,26.8,27.0,27.0,27.0,27.0,26.7,26.9,26.9,27.0,26.9,26.8,26.9,27.0,27.0,26.9,27.0,26.9,27.0,26.9,27.0,27.2,27.1,27.0,26.8,26.9,27.0,27.1,27.1,26.8,27.0,26.9,26.9,26.9,26.9,26.8,27.1,27.0,27.0,27.0,27.0,27.0,27.0,27.0,26.9,27.1,27.0,27.1,27.1,26.9,27.0,27.0,27.0,26.9,27.0,26.8,26.8,27.1,27.0,27.1,27.0,27.0,27.0,26.9,27.1,27.1,27.1,27.2,27.1,27.0,27.0,27.0,27.0,27.1,27.0,27.0,27.0,26.9,27.1,26.9,26.9,26.9,27.0,26.9,26.9,26.8,26.7,27.0,26.8,27.0,27.1,26.9,26.9,26.9,26.9,26.9,26.9,26.8,26.9,26.9,26.9,26.9,26.9,27.0,26.9,26.9,26.9,27.1,26.9,26.7,27.0,26.9,26.9,26.9,26.8,26.8,26.8,26.9,26.8,27.1,26.9,26.8,26.9,26.8,26.9,26.8,26.8,26.9,26.7,26.9,26.9
15,26.8,26.6,26.8,27.0,26.7,26.6,26.8,26.7,26.9,26.7,26.9,26.8,26.9,26.7,26.6,26.7,26.7,26.8,26.9,26.8,26.7,27.0,26.8,26.8,27.0,26.6,27.0,26.8,26.9,26.9,26.7,26.9,26.8,26.9,27.0,26.7,26.8,26.8,26.8,26.9,26.9,27.1,26.9,26.7,26.9,26.9,26.9,26.6,27.0,26.9,26.9,26.8,26.9,26.8,26.8,27.0,26.8,26.9,27.1,26.8,26.8,26.8,26.9,26.8,26.9,27.0,26.9,26.9,26.9,26.9,26.9,26.8,26.9,26.8,27.0,27.0,26.9,26.9,26.9,26.8,26.9,27.0,26.9,26.9,26.9,26.9,27.1,26.8,26.8,26.8,26.9,26.9,26.9,27.0,27.0,26.9,27.0,27.1,27.1,27.0,27.0,27.0,27.2,27.0,27.0,27.0,27.1,27.1,27.0,27.0,27.1,26.9,27.0,27.0,27.0,26.9,27.0,26.9,27.2,27.0,27.1,27.1,27.0,27.1,27.1,27.0,26.9,27.1,27.1,26.9,27.0,27.0,26.9,27.0,27.1,26.9,27.1,27.0,27.1,27.0,27.0,26.9,27.0,27.0,26.9,27.0,27.2,27.2,27.1,27.1,27.0,27.0,26.9,27.1,27.0,27.0,27.1,26.9,26.9,27.0,27.0,26.9,26.9,26.9,27.1,26.9,26.9,26.9,26.9,26.8,26.9,26.7,26.8,26.9,26.8,26.9,26.9,26.9,26.9,26.8,26.7,26.9,26.9,26.8,26.7,26.8,26.9,26.9,26.6,26.9,27.1,26.9
16,26.7,26.7,26.9,26.9,26.9,26.8,26.9,26.8,26.8,26.8,26.8,26.8,27.0,26.8,26.7,26.8,26.8,26.6,26.8,26.7,26.8,26.8,26.9,26.7,26.9,26.9,26.8,26.7,26.9,26.7,26.8,26.9,26.8,26.8,26.7,26.9,26.8,26.7,26.8,26.8,26.8,27.0,26.9,26.8,26.8,26.7,26.8,26.8,26.8,26.7,26.9,26.8,26.9,26.7,26.9,26.9,26.8,26.9,26.9,26.8,26.9,27.0,26.9,27.0,26.8,26.9,26.9,26.9,26.9,27.0,26.8,27.0,26.9,26.9,27.0,27.0,27.1,27.0,27.0,26.9,27.0,26.9,27.1,26.9,27.1,26.9,27.0,26.9,26.8,26.9,27.0,26.9,27.0,27.0,27.0,27.0,26.9,26.9,27.0,27.0,27.1,27.1,27.0,27.0,27.0,27.1,27.0,27.1,27.0,27.0,27.1,27.0,27.1,26.9,26.9,27.0,27.1,27.1,27.1,27.1,27.0,27.0,27.1,27.0,27.0,27.1,27.1,27.0,27.1,27.1,26.9,27.0,27.1,27.0,27.1,27.0,27.0,27.1,27.0,26.9,27.1,26.9,27.1,27.0,27.0,27.1,26.7,27.1,26.9,27.0,27.0,27.1,26.8,27.1,26.9,27.0,26.9,26.9,27.0,26.9,26.9,26.9,26.9,26.7,26.8,26.9,26.9,26.8,27.0,27.0,26.9,27.0,26.9,26.8,26.6,26.9,26.9,27.0,26.8,26.9,26.8,26.9,26.6,27.0,26.8,26.9,26.9,26.9,26.8,26.8,26.9,26.9
17,26.8,26.9,26.8,26.5,26.8,26.6,26.8,26.6,26.9,26.8,26.8,26.9,26.9,26.6,26.8,26.7,26.7,26.8,26.8,26.8,26.7,26.9,26.7,26.9,26.8,26.7,26.8,26.9,26.9,26.8,26.8,26.8,26.8,26.9,26.9,26.9,27.0,26.6,26.8,26.9,26.8,26.9,27.0,26.9,26.7,26.9,27.0,27.0,26.8,26.9,26.9,27.1,26.8,26.8,26.8,26.9,26.8,26.9,26.7,26.8,26.9,26.9,26.8,26.8,26.8,26.9,27.0,26.8,26.9,26.9,27.1,27.0,26.9,26.9,26.9,27.0,27.1,26.9,26.9,27.1,26.9,27.0,27.1,27.1,27.0,26.9,27.0,27.0,26.9,27.0,27.0,26.8,27.1,27.0,27.1,26.9,27.0,26.8,27.0,27.1,27.0,26.8,27.0,26.9,27.0,27.0,27.0,27.0,27.0,26.9,27.0,27.0,26.9,27.0,27.1,27.1,27.0,27.0,27.0,27.0,27.1,27.0,27.0,27.0,27.0,26.9,27.0,27.0,27.1,27.1,27.1,27.0,26.9,27.1,27.0,27.1,26.9,27.1,26.9,27.0,27.1,27.1,26.9,26.9,26.9,27.0,26.9,26.9,27.1,26.9,27.0,26.9,26.9,27.1,27.1,26.8,26.9,27.0,26.9,27.1,27.0,27.0,27.0,26.9,27.1,26.9,26.9,26.9,27.0,26.9,26.9,26.9,26.9,26.7,26.8,26.9,26.7,26.8,26.8,27.0,26.8,26.7,26.7,26.8,27.0,26.9,27.0,26.7,26.7,26.8,27.0,26.9
18,26.6,26.8,26.9,26.7,26.9,26.6,26.9,26.8,26.8,26.7,26.6,26.8,26.7,26.9,26.6,26.9,26.8,26.6,26.9,26.8,26.7,26.9,26.9,26.7,26.7,26.9,26.9,26.8,26.9,26.9,26.9,26.8,26.8,26.8,26.8,27.0,26.9,26.9,26.9,26.9,26.9,26.9,27.0,26.9,26.9,26.9,27.0,27.0,26.9,26.9,26.9,26.7,26.9,26.7,27.0,26.9,26.9,26.9,26.8,26.8,26.8,27.0,26.9,27.0,26.9,27.0,26.9,26.9,26.9,26.9,27.1,26.9,27.0,27.1,27.0,27.0,26.9,26.9,26.8,27.0,27.0,27.0,26.9,27.0,26.9,27.0,26.9,26.9,27.0,27.0,27.0,27.0,26.9,27.0,27.2,26.9,26.9,27.0,27.1,27.1,27.0,27.0,27.0,26.9,27.1,27.1,26.9,27.0,27.0,27.0,26.9,26.9,27.0,27.0,27.1,27.1,27.2,27.0,27.1,26.9,26.9,27.0,27.2,27.1,27.1,27.1,26.9,27.1,27.1,27.1,26.9,27.1,27.0,27.0,26.9,27.0,27.0,26.9,27.1,27.2,27.0,26.9,27.1,26.9,27.1,26.9,27.0,27.0,26.9,26.9,27.0,26.9,26.9,27.1,26.9,26.8,27.1,27.0,27.0,27.0,26.9,26.9,27.1,27.2,27.0,26.8,26.9,27.0,26.9,26.8,26.9,27.0,26.9,26.9,27.1,26.9,27.0,26.9,27.1,27.0,26.7,26.7,27.0,26.9,26.8,26.9,26.7,26.8,26.9,26.8,26.7,26.9
19,26.8,26.9,26.7,26.8,26.8,26.6,26.6,26.8,26.7,26.8,26.8,26.8,26.9,26.7,26.6,26.9,26.8,26.6,26.9,26.7,26.9,26.8,26.8,26.8,26.9,26.7,26.8,26.9,26.8,26.8,26.8,26.9,26.9,26.9,26.8,27.1,26.9,26.8,26.9,27.0,26.8,26.7,26.9,26.9,26.9,26.8,27.0,26.9,26.7,27.0,26.8,26.8,26.8,26.9,26.9,26.8,26.8,26.9,26.9,26.8,26.8,26.9,27.0,26.9,26.9,26.9,27.0,26.9,26.9,26.9,26.7,27.1,27.0,27.0,27.0,27.1,27.0,27.0,27.0,27.1,26.9,27.0,26.9,26.9,27.0,26.9,27.1,27.0,27.1,26.8,26.9,27.0,27.0,27.1,26.9,27.0,26.9,26.9,27.0,27.2,27.0,27.2,26.9,27.1,27.1,27.2,26.9,27.0,27.1,26.9,27.1,26.9,27.0,27.1,26.9,27.1,27.0,27.1,27.1,27.2,27.1,27.0,27.1,26.9,26.9,27.0,26.9,26.9,27.1,27.1,26.8,27.0,26.9,27.0,27.1,26.9,27.0,27.0,27.1,26.9,27.0,27.0,27.0,26.9,27.1,27.0,26.8,27.0,26.9,27.0,26.9,27.0,27.0,27.1,26.9,26.8,26.9,26.9,26.9,27.0,26.6,26.9,26.9,27.0,26.9,27.0,27.0,27.1,26.9,26.9,26.8,26.8,26.9,26.9,26.9,26.8,27.0,26.8,26.9,27.0,26.9,27.0,26.8,27.0,26.9,26.9,27.0,26.8,26.8,26.8,26.8,26.9
20,26.9,26.9,26.8,26.8,26.9,26.9,26.7,26.8,26.7,26.6,26.9,26.7,26.8,26.9,26.8,26.8,26.8,26.9,26.9,26.9,26.7,26.9,26.9,26.8,26.9,26.9,26.8,26.7,27.0,26.8,26.9,26.9,26.9,26.9,27.0,26.9,26.9,27.1,26.9,26.9,27.0,27.0,27.1,26.9,26.8,27.0,26.9,26.9,26.8,27.1,27.0,26.9,26.8,26.9,26.8,26.9,26.7,26.9,27.1,27.0,27.0,26.9,26.9,27.0,27.0,26.9,26.9,27.1,27.1,26.8,26.9,26.9,27.0,26.9,26.9,27.2,26.9,27.1,26.9,26.9,27.0,26.9,26.9,26.9,26.9,26.8,27.1,27.1,26.9,27.0,27.2,27.0,27.1,27.1,27.0,27.0,27.1,27.1,27.1,27.0,27.1,27.1,27.0,27.0,27.1,27.3,27.1,27.0,27.0,27.0,27.0,27.0,27.1,27.0,27.1,27.1,26.9,27.1,27.0,27.1,27.1,26.9,27.0,27.0,27.1,27.0,27.0,27.0,27.1,27.2,27.0,27.0,27.0,27.0,27.0,27.0,27.1,27.1,26.9,27.2,27.0,27.1,27.1,27.1,26.9,26.9,27.0,26.9,27.1,27.1,26.8,26.9,27.0,27.0,27.0,27.0,26.8,26.8,26.8,27.0,27.1,27.1,27.0,26.9,26.9,27.0,27.1,27.0,26.7,26.9,26.9,26.7,27.0,26.9,26.9,26.8,26.9,26.9,27.0,26.9,26.9,27.0,26.9,27.0,27.0,27.0,26.9,27.0,26.8,26.8,26.9,26.8
21,26.9,26.9,26.8,26.8,26.7,26.8,26.8,26.8,26.9,26.6,26.9,26.9,26.9,26.9,26.7,26.8,26.6,26.9,26.9,26.8,26.9,26.9,26.7,26.9,26.9,26.9,26.8,26.9,26.7,26.7,26.9,26.9,26.9,27.0,27.0,26.9,26.9,26.9,27.0,27.0,26.9,26.7,27.1,26.9,26.8,27.1,26.9,26.8,26.7,26.8,26.8,27.0,26.9,27.1,26.8,26.9,27.0,26.9,27.0,27.1,26.9,26.8,27.0,27.1,26.9,27.1,27.0,27.0,26.9,26.9,27.0,27.0,26.9,26.9,26.9,27.0,27.0,27.0,26.9,27.0,27.0,27.1,27.0,27.1,26.9,26.9,27.1,27.0,27.1,27.2,27.0,27.1,27.1,27.1,27.0,27.1,27.2,27.2,27.1,27.0,27.2,27.2,27.0,27.0,27.1,27.1,27.2,27.0,27.2,27.0,27.1,27.2,27.0,26.9,27.2,27.3,27.1,27.1,27.0,27.1,27.2,27.0,27.0,27.1,26.9,27.1,27.0,27.2,27.1,27.2,27.1,26.9,27.1,27.1,27.1,27.0,27.1,27.0,27.2,27.0,27.0,27.1,27.1,26.9,26.9,27.0,27.3,26.9,27.0,27.2,27.1,26.9,27.0,27.1,27.2,27.0,27.0,27.1,27.2,27.0,26.9,27.0,26.9,26.9,27.0,27.0,26.8,26.9,27.0,26.9,26.9,26.9,26.9,27.0,27.0,26.9,27.0,26.8,26.9,26.9,26.9,27.0,26.9,27.0,26.9,27.0,27.0,27.1,26.9,26.7,26.9,27.0
22,26.7,26.8,26.9,26.7,26.8,26.7,26.8,26.7,27.0,26.8,26.9,26.6,26.6,26.8,26.9,26.9,26.8,26.9,26.9,26.9,26.9,26.9,27.0,26.9,26.8,26.7,26.9,26.8,26.9,26.9,26.8,27.1,26.8,26.9,26.9,26.9,27.0,26.9,27.0,26.9,26.9,26.9,26.9,27.1,26.9,26.8,26.9,26.8,26.9,26.8,26.9,27.0,26.7,26.9,26.7,26.8,26.9,26.9,27.0,26.8,27.0,27.0,26.8,27.0,27.0,26.9,27.1,27.0,26.9,26.9,27.0,27.0,26.9,27.1,27.1,27.1,26.9,27.1,27.0,27.1,27.0,27.0,27.0,27.0,27.0,26.9,27.0,27.0,27.0,27.1,27.0,26.9,27.0,27.1,27.1,27.1,27.0,26.8,27.0,27.1,27.1,27.1,27.2,27.1,27.3,27.0,27.2,27.1,27.2,27.1,27.0,27.0,27.2,27.0,27.0,27.0,27.2,27.3,27.1,27.1,27.3,26.9,27.0,27.0,27.1,27.1,27.1,26.9,27.3,27.1,27.2,27.1,27.2,27.2,27.1,27.1,27.1,27.1,26.9,27.1,27.0,26.9,27.1,26.9,27.0,27.1,27.0,27.1,27.0,27.1,27.0,27.1,27.0,27.1,26.9,26.9,26.9,27.0,26.8,27.0,27.0,26.9,26.9,27.0,27.0,26.9,26.9,27.1,27.0,26.9,26.9,26.8,27.0,27.0,26.9,26.9,26.9,26.9,26.9,26.9,26.9,27.0,26.9,26.8,27.0,26.7,26.9,26.8,26.9,26.7,26.9,26.9
23,26.9,26.9,26.8,26.7,27.0,26.7,26.8,26.8,26.7,26.8,27.0,27.0,26.9,26.9,26.8,26.8,26.8,26.7,26.9,27.0,26.9,26.9,26.9,26.9,26.8,26.9,26.8,26.9,26.8,27.0,26.9,26.8,26.7,26.9,26.9,26.9,26.8,26.8,27.0,26.9,26.9,26.8,26.8,26.9,26.9,27.0,26.9,27.0,27.1,27.0,26.9,26.9,26.8,27.0,26.9,26.8,27.1,26.9,27.0,27.1,26.8,26.8,27.0,27.0,26.9,27.0,27.0,26.8,26.9,26.9,27.1,27.1,26.9,27.0,27.0,26.9,27.0,26.9,27.0,27.1,27.0,26.9,27.0,27.0,27.1,27.0,27.2,27.1,27.1,27.1,27.1,27.1,27.2,26.9,27.1,27.1,27.0,27.0,27.0,27.1,27.2,27.2,27.3,27.2,27.2,27.2,26.9,27.1,27.0,27.1,27.2,27.1,27.0,27.2,27.0,27.0,27.2,27.2,27.2,27.1,27.1,27.0,27.0,27.1,27.1,27.0,27.0,27.1,27.3,27.1,27.1,27.1,27.1,27.1,27.2,27.1,27.0,27.2,26.8,27.1,27.0,27.1,26.9,27.1,27.1,27.1,27.1,26.9,27.2,27.0,26.8,26.9,27.1,27.1,26.9,26.9,27.0,27.1,26.9,27.1,27.0,27.0,27.2,26.9,27.0,26.9,27.1,27.0,26.9,27.0,26.9,27.0,26.9,26.9,27.0,27.0,26.8,26.9,26.7,27.0,26.7,26.9,26.9,27.0,27.1,27.0,26.9,26.9,26.9,27.1,26.9,27.0
24,26.7,26.7,26.8,26.6,26.7,26.7,26.7,26.8,26.8,26.8,26.9,27.0,26.9,26.9,26.6,26.9,26.8,26.8,26.8,26.9,26.7,26.9,26.9,26.8,26.8,27.0,26.8,27.0,26.9,26.9,26.9,27.0,27.1,26.9,27.0,26.9,27.0,26.6,26.8,26.9,27.1,26.9,26.9,27.0,27.0,26.9,26.9,26.7,26.9,26.9,26.9,27.0,27.0,26.9,26.8,26.9,27.1,27.0,26.9,26.9,26.9,27.0,27.1,27.2,27.1,26.9,27.1,26.9,26.9,26.9,27.0,27.1,27.0,27.0,27.1,26.9,27.0,27.0,27.0,27.1,27.1,26.9,27.1,27.0,26.9,26.9,27.0,27.1,27.1,27.2,27.2,27.1,27.2,27.1,27.0,27.0,27.0,27.2,27.0,27.1,27.0,27.1,27.1,27.1,27.1,27.1,27.1,27.1,27.1,27.1,27.1,27.1,27.1,27.3,27.0,27.2,27.1,27.3,27.1,27.1,27.1,27.0,27.3,27.1,26.9,27.1,27.0,27.2,27.1,27.2,27.1,27.2,27.2,27.1,27.1,27.1,26.9,27.1,27.0,27.0,26.9,27.1,27.1,27.1,27.1,26.9,27.1,26.9,27.0,27.0,26.9,26.9,27.0,27.1,27.1,27.1,27.0,27.1,26.9,27.0,27.0,26.9,27.0,27.1,27.0,27.0,27.0,26.9,27.0,26.9,26.7,27.0,26.9,27.0,26.8,26.8,27.0,26.8,26.9,26.9,26.9,27.0,26.9,26.9,26.9,27.0,26.9,26.9,27.0,26.8,26.8,26.9
25,26.8,26.7,26.7,26.7,26.7,26.8,26.8,26.9,26.8,26.7,26.9,26.8,26.8,26.9,26.8,26.8,26.9,26.7,26.8,27.0,26.8,26.7,26.8,26.9,26.8,26.9,26.9,26.8,26.8,26.8,26.7,26.8,26.9,26.8,27.0,26.9,26.8,26.8,26.8,26.9,27.0,26.9,26.9,26.9,26.7,26.8,27.0,26.8,26.9,26.9,26.9,26.9,26.9,26.7,26.9,27.0,26.9,26.9,26.8,26.9,26.9,27.0,26.9,27.0,27.0,26.9,26.9,27.0,26.8,27.0,27.1,26.9,27.0,27.0,27.1,27.1,27.1,27.0,27.1,27.0,27.1,27.1,27.2,27.1,27.2,27.1,27.1,27.1,27.1,27.1,26.9,27.1,27.2,27.1,26.9,27.1,27.1,27.1,27.1,26.9,27.1,27.2,27.1,27.1,27.0,27.1,27.1,27.1,27.1,27.2,27.1,26.9,26.9,27.1,27.2,27.4,27.2,27.1,27.3,27.1,27.2,27.1,27.2,27.1,26.9,27.2,26.9,27.1,27.1,27.2,27.1,27.1,27.2,27.1,27.0,27.1,27.1,27.0,27.0,27.1,27.2,27.2,27.0,27.1,27.2,27.0,27.1,27.0,27.0,27.0,27.1,27.1,27.1,27.0,26.9,27.0,27.1,26.8,27.1,27.0,27.0,26.9,27.1,27.0,27.0,27.0,26.9,26.9,27.0,27.0,26.9,27.0,26.9,26.9,27.1,27.0,26.9,26.9,27.1,26.9,26.8,27.1,26.9,26.8,26.8,26.9,26.9,27.0,26.9,26.9,26.7,26.8
26,26.9,26.8,26.9,26.8,26.7,26.9,26.9,27.0,26.7,26.8,26.9,26.7,26.9,26.7,26.8,26.9,26.8,26.8,26.7,26.8,26.9,26.8,26.9,26.9,26.7,26.9,26.7,26.9,26.7,27.0,26.9,27.0,26.8,26.9,27.0,26.9,27.0,26.9,26.8,26.9,27.0,26.8,26.9,26.9,26.9,26.8,27.1,26.8,27.0,26.9,26.9,26.8,26.9,26.9,27.0,27.0,27.1,26.9,26.9,27.0,26.9,27.0,26.9,27.0,27.0,27.0,26.9,27.0,26.9,26.9,27.1,27.0,26.9,27.1,27.1,26.9,27.0,27.0,27.0,27.1,27.1,27.2,27.1,27.1,26.9,26.9,27.1,27.0,26.9,27.2,27.1,27.2,27.1,27.3,27.2,27.1,27.0,27.0,27.1,27.0,27.1,27.0,27.0,27.1,27.0,27.0,27.1,27.0,27.1,27.1,27.2,27.2,27.0,27.2,27.1,27.1,27.1,27.1,27.1,27.2,27.3,27.1,27.1,27.2,27.2,27.1,27.2,27.1,27.1,27.2,27.0,27.1,27.0,27.1,27.0,27.1,27.2,26.9,27.2,27.1,27.1,27.1,27.1,27.0,27.1,27.1,27.2,27.1,27.2,27.0,27.1,26.9,27.0,27.0,27.1,27.1,27.1,27.0,27.0,26.9,27.0,27.1,26.9,27.0,27.0,27.1,27.2,27.0,27.0,26.9,26.9,26.8,26.9,27.0,27.2,27.0,27.1,26.9,26.8,26.9,26.9,26.9,26.9,27.1,27.0,26.9,26.9,26.9,26.9,26.8,26.8,26.9
27,27.0,26.8,26.7,26.9,26.7,26.8,26.9,26.8,26.9,26.7,26.9,26.7,26.8,26.7,27.0,26.7,26.8,26.7,26.9,26.8,26.9,26.9,26.8,26.8,27.0,26.7,26.9,26.9,26.8,27.0,26.9,26.9,27.0,26.9,26.9,27.0,26.9,26.9,26.9,27.0,26.9,27.1,26.9,27.0,26.9,27.0,26.9,26.7,26.9,27.1,26.9,27.0,26.9,27.1,26.9,26.9,27.0,27.1,26.9,27.0,27.0,27.0,26.9,27.1,27.0,26.9,26.9,26.9,26.9,26.9,27.0,27.2,27.2,27.1,27.0,27.0,27.2,27.0,27.2,27.1,27.1,27.1,27.1,27.1,27.1,27.2,27.2,27.1,27.0,27.1,27.2,27.0,27.1,27.2,27.1,27.1,27.1,27.3,27.0,27.1,27.2,27.1,27.2,27.3,27.2,27.2,27.0,27.1,27.2,27.2,27.3,27.0,27.1,27.2,27.1,27.1,27.2,27.0,27.3,27.2,27.2,27.1,27.1,27.2,27.2,27.2,27.3,27.1,27.1,27.1,27.2,27.2,27.2,27.2,27.1,27.2,27.1,27.0,27.1,27.1,27.0,27.1,27.0,27.1,27.1,27.1,27.1,27.0,27.1,27.2,26.9,27.1,27.1,27.2,26.9,26.9,27.1,26.9,27.1,27.3,26.9,27.0,27.0,27.0,26.9,26.9,27.0,27.0,26.9,26.8,26.9,26.9,26.8,26.9,26.9,26.9,26.9,26.9,27.1,27.0,26.9,26.9,26.8,26.9,27.0,26.8,26.8,27.0,26.8,26.7,26.8,27.0
28,26.9,26.9,26.7,27.0,27.0,26.9,26.8,26.8,27.0,26.9,26.8,27.0,27.1,26.7,26.8,26.9,26.8,26.9,27.0,26.9,26.7,26.9,26.9,26.7,27.0,26.8,26.8,26.9,26.9,27.0,26.9,27.0,26.8,26.9,26.9,27.0,27.0,26.8,27.0,27.0,27.1,26.8,26.9,26.9,27.0,27.1,27.0,26.8,26.9,27.1,26.9,27.0,27.1,26.8,27.0,27.0,27.0,27.0,27.0,27.0,27.0,27.1,26.9,26.9,27.0,27.1,26.9,27.0,27.1,27.0,27.0,27.1,27.1,27.1,27.0,27.1,27.0,27.1,27.2,27.2,27.1,27.1,27.1,27.1,27.3,27.1,27.2,27.1,27.1,27.2,27.0,27.1,27.2,27.3,27.2,27.1,27.2,27.2,27.2,27.3,27.2,27.2,27.1,27.1,27.0,27.3,27.2,27.3,27.1,27.1,27.2,27.2,27.1,27.1,27.0,27.2,27.2,27.2,27.2,27.1,27.2,27.1,27.1,27.1,27.1,27.2,27.1,27.1,27.1,27.2,27.1,27.2,27.2,27.1,27.1,27.0,27.1,27.1,27.0,27.1,27.0,27.1,27.1,26.9,27.1,27.1,27.1,27.0,27.2,27.3,27.1,27.0,27.0,27.1,26.9,26.9,27.0,26.9,27.1,27.0,27.0,27.1,26.9,27.0,27.0,27.0,27.0,27.0,27.0,27.0,27.1,27.1,26.9,26.9,26.9,27.0,27.1,26.9,26.9,26.9,26.9,26.9,26.9,26.8,26.9,26.7,27.0,26.9,26.9,26.9,26.9,27.0
29,26.9,26.8,26.9,26.9,26.9,26.7,26.8,26.8,26.6,26.8,26.7,26.9,27.0,26.9,26.8,26.8,26.8,27.0,26.8,26.8,26.9,26.8,27.0,26.8,26.9,26.9,27.0,26.8,26.9,26.7,26.8,26.8,26.9,27.0,26.8,27.0,27.2,27.1,26.9,26.9,26.9,27.1,26.9,26.8,26.9,26.9,27.0,27.0,27.0,27.1,27.0,27.0,27.0,27.0,27.1,27.0,26.9,27.0,27.0,26.9,26.9,27.0,27.0,27.0,27.1,27.0,27.1,26.9,26.9,27.1,26.9,26.9,27.1,27.0,27.0,26.9,27.3,26.9,27.0,26.9,27.2,27.2,27.1,27.2,27.2,26.9,27.2,27.2,27.0,27.3,27.2,27.2,27.2,27.2,27.2,27.1,27.3,27.2,27.2,27.2,27.1,27.2,27.3,27.2,27.1,27.2,27.0,27.3,27.0,27.1,27.2,27.1,27.2,27.1,27.1,27.3,27.2,27.1,27.2,27.2,27.2,27.3,27.3,27.2,27.3,27.2,27.1,27.3,27.1,27.3,27.2,27.2,27.0,27.1,27.1,27.0,27.4,27.1,27.3,27.1,27.1,27.2,27.3,27.1,27.0,27.0,27.1,26.9,27.2,27.2,27.1,27.2,27.0,27.2,27.1,27.0,26.9,27.1,27.1,27.1,27.0,27.1,26.8,27.0,26.9,27.0,27.0,26.9,27.1,27.1,27.1,27.1,27.1,27.0,27.1,26.8,26.9,27.0,26.9,26.8,26.8,26.9,26.9,26.8,26.9,26.9,27.0,26.8,26.8,26.9,26.9,26.9
30,26.7,26.8,26.6,26.9,26.9,26.9,26.9,26.7,26.9,26.9,26.8,26.9,26.8,26.7,26.8,27.0,26.8,26.8,26.8,26.8,26.7,26.8,26.9,26.9,27.1,26.8,26.9,26.9,26.9,27.0,26.9,27.0,27.0,27.0,26.9,26.8,27.0,26.8,26.9,27.0,26.9,27.0,27.0,26.8,27.0,26.9,26.9,26.9,26.9,26.8,26.8,27.0,27.0,27.0,26.8,27.0,27.0,27.0,26.9,27.0,27.1,27.0,27.1,27.0,27.0,27.1,27.0,26.9,27.1,27.1,26.9,27.2,27.0,26.9,26.8,27.1,26.9,27.1,26.9,27.1,27.2,27.0,27.2,27.1,27.2,27.1,27.2,27.1,27.1,27.1,27.0,27.1,27.2,27.2,27.0,27.1,27.3,27.3,27.1,27.2,27.1,26.9,27.3,27.1,27.2,27.1,27.0,27.3,27.3,27.2,27.1,27.2,27.2,27.3,27.1,27.2,27.2,27.1,27.1,27.1,27.2,27.1,27.1,27.2,27.1,27.3,27.0,26.9,27.1,27.2,27.1,27.2,27.2,27.0,27.2,27.3,27.2,27.1,27.1,27.2,27.2,27.0,27.2,27.2,27.1,27.1,27.1,27.0,26.9,27.0,27.0,27.1,27.2,27.1,27.1,26.9,27.1,27.1,27.1,26.9,26.9,27.0,27.0,27.0,27.1,27.0,27.0,27.1,27.2,27.1,27.1,27.1,26.9,26.9,26.9,27.0,26.9,26.8,26.8,26.9,26.9,27.0,26.9,26.8,26.9,26.8,27.0,26.9,26.8,26.9,26.7,26.8
31,26.9,26.8,26.8,27.0,26.7,26.9,26.7,26.9,26.9,26.8,26.9,26.8,26.9,26.8,26.9,26.8,26.8,27.1,26.9,26.8,26.9,27.0,27.1,27.0,26.9,26.8,26.9,26.8,26.9,26.9,26.9,27.1,26.9,27.0,27.0,27.0,27.0,27.0,26.9,26.9,27.1,26.8,26.9,27.0,27.1,27.0,27.0,26.9,26.8,27.0,27.0,27.0,27.1,27.0,27.1,27.0,26.9,27.1,27.0,27.0,26.9,26.9,27.0,27.0,27.0,27.1,26.9,27.2,27.1,27.1,26.9,27.1,27.1,27.0,27.0,27.1,27.2,27.2,27.2,27.1,27.2,27.2,27.0,27.3,27.3,27.3,27.1,27.2,27.1,27.2,27.1,27.1,27.3,27.1,27.3,27.3,27.3,27.2,27.2,27.2,27.2,27.3,27.3,27.2,27.3,27.1,27.2,27.3,27.0,27.1,27.2,27.2,27.2,27.1,27.1,27.3,27.2,27.1,27.2,27.0,27.2,27.3,27.3,27.0,27.0,27.3,27.3,27.3,27.2,27.4,27.2,27.2,27.2,27.1,27.4,27.3,27.3,27.1,27.3,27.1,27.1,27.0,27.2,27.1,27.1,27.1,27.1,27.1,27.2,27.0,27.1,26.9,27.0,27.2,27.1,27.1,27.0,26.9,27.1,26.9,27.1,27.0,27.0,27.1,27.0,27.0,27.1,27.0,27.1,27.0,26.9,26.9,27.1,27.1,27.0,27.0,27.0,27.0,27.0,26.9,26.9,27.1,27.0,26.9,27.0,26.8,26.8,26.8,26.7,26.9,26.9,26.8
32,26.8,26.9,26.8,26.9,26.7,26.8,26.8,26.7,26.9,26.8,26.8,26.8,26.9,26.9,26.8,26.9,26.9,26.9,26.8,27.0,26.8,26.9,27.0,27.0,26.9,26.9,26.9,26.7,26.9,26.8,27.1,26.9,26.9,26.9,26.9,27.0,26.9,27.0,26.9,26.8,27.0,27.0,26.9,26.9,27.0,26.9,26.8,27.0,27.1,26.8,26.9,27.1,26.9,27.0,27.0,27.1,26.9,27.1,27.0,27.2,27.0,27.1,26.7,27.1,27.1,26.9,27.1,27.0,27.0,27.2,27.0,27.1,27.1,27.0,27.0,27.0,27.0,27.2,27.1,27.1,27.1,27.2,27.0,27.2,27.1,27.0,27.3,27.1,27.0,27.3,27.2,27.3,27.2,27.1,27.3,27.1,27.1,27.0,27.0,27.1,27.3,27.1,27.2,27.1,27.3,27.1,27.2,27.1,27.2,27.1,27.1,27.1,27.1,27.0,27.1,27.1,27.1,27.1,27.2,27.1,27.1,27.2,27.1,27.2,27.1,27.2,27.1,27.1,27.1,27.2,27.2,27.3,27.2,27.0,27.1,27.1,27.2,27.2,27.2,27.3,27.0,27.3,27.2,27.0,27.1,27.3,27.1,27.0,27.1,27.2,27.1,27.1,27.0,27.0,27.1,27.0,27.1,26.9,27.1,27.0,27.1,27.2,26.9,27.1,26.9,26.9,27.0,27.0,26.9,26.9,26.9,27.0,26.9,27.0,27.0,27.1,26.7,26.9,26.9,27.0,26.9,26.8,26.9,27.1,26.8,26.9,26.9,26.8,26.9,26.9,26.9,27.0
33,26.8,26.9,26.9,27.0,26.8,26.8,26.7,26.9,26.9,26.8,26.7,26.9,26.9,26.9,27.0,26.8,26.9,26.9,26.9,27.0,26.9,27.0,27.0,26.8,27.0,26.8,27.0,26.9,27.0,26.9,27.0,27.0,26.9,27.1,27.1,26.9,27.1,27.1,27.0,27.1,27.0,27.0,27.0,27.0,26.9,27.0,26.9,27.0,26.9,27.1,26.9,26.9,27.1,27.1,27.0,27.1,27.0,27.1,27.2,26.9,27.1,27.1,27.1,27.1,27.1,27.1,27.1,26.9,27.2,27.1,27.0,27.2,27.0,27.1,27.1,27.0,27.2,27.2,27.2,27.1,27.2,27.0,27.3,27.1,27.2,27.1,27.2,27.1,27.1,27.2,27.0,27.1,27.2,27.2,27.1,27.1,27.2,27.2,27.1,27.0,27.1,27.3,27.1,26.9,27.1,27.1,27.1,27.0,27.2,27.1,27.2,27.4,27.2,27.1,27.1,27.3,27.2,27.1,27.2,27.2,27.1,27.1,27.3,27.4,27.0,27.3,27.2,27.1,27.2,27.4,27.1,27.2,27.1,27.2,27.2,27.0,27.2,27.0,27.1,27.1,27.3,27.2,27.0,27.1,27.2,27.2,27.1,27.1,27.2,27.1,27.3,26.9,27.2,27.0,27.1,26.9,27.0,26.9,27.0,26.9,27.1,26.8,27.0,27.0,27.1,27.2,26.9,27.0,27.1,27.1,27.0,27.1,27.0,27.1,27.0,27.1,26.9,27.0,27.0,27.0,26.9,26.9,26.9,27.0,27.0,26.9,27.1,27.0,26.9,27.0,26.8,27.1
34,26.9,26.9,26.9,26.9,26.8,26.8,26.9,26.8,26.9,26.9,26.8,26.9,26.9,26.8,26.9,26.9,26.9,26.7,26.8,26.9,26.9,26.9,26.9,26.7,26.8,26.7,26.9,26.7,26.9,26.9,26.8,27.0,26.9,26.8,27.0,27.1,26.9,26.9,26.9,26.9,27.1,27.0,27.1,27.1,26.9,27.0,26.9,27.0,26.9,26.9,27.0,26.9,26.9,27.0,26.9,26.9,26.9,27.1,27.1,27.2,27.2,27.0,27.0,27.1,27.0,27.1,27.1,27.0,27.2,26.9,26.9,27.2,27.2,26.9,27.1,27.1,27.1,27.1,27.1,27.0,27.2,27.1,27.0,27.1,27.1,27.1,27.3,27.3,27.2,27.2,27.2,27.0,27.2,27.3,27.1,27.1,27.1,27.0,27.2,27.1,27.1,27.1,27.1,27.1,26.8,27.1,27.0,27.1,27.0,27.1,27.0,27.0,27.1,27.1,27.0,27.2,27.3,27.1,27.1,27.1,27.1,27.1,27.2,27.1,27.1,27.2,27.2,27.3,27.2,27.3,26.9,27.2,27.1,27.2,27.1,27.2,27.2,27.2,27.2,27.1,27.2,27.2,27.2,27.1,27.1,27.2,27.1,27.2,27.0,27.1,27.2,27.2,27.2,27.1,27.1,27.0,27.1,27.1,27.0,27.0,27.0,26.9,27.0,27.1,27.0,27.0,27.1,26.9,27.0,27.0,26.9,26.9,27.0,27.0,27.1,27.0,26.9,26.9,26.9,27.0,26.9,27.0,27.0,26.9,26.9,26.9,26.9,26.8,27.0,26.9,26.9,27.0
35,26.8,26.7,26.7,26.8,26.9,26.8,26.8,26.8,26.8,26.7,26.9,26.9,26.9,26.9,26.9,26.8,27.0,26.9,26.9,26.8,26.8,26.9,27.1,27.0,27.0,26.9,26.9,26.9,26.9,27.0,26.9,27.0,27.0,27.1,27.0,27.0,27.0,27.0,26.9,26.7,27.0,27.0,26.9,26.9,26.8,27.0,27.0,27.1,26.9,26.9,26.9,27.0,26.9,27.1,27.0,26.9,26.9,27.1,27.2,27.0,27.0,27.2,27.1,26.9,26.9,27.1,27.1,27.0,27.2,27.1,27.1,27.0,27.2,27.1,27.2,27.2,27.0,27.1,27.1,27.3,27.1,27.1,27.1,27.1,27.1,27.0,27.1,27.0,27.1,27.2,27.2,27.2,26.9,27.1,27.2,27.0,27.0,27.1,27.0,26.9,27.2,27.0,26.9,26.9,26.9,26.9,26.9,27.1,26.9,26.9,26.9,27.0,26.9,27.1,27.1,27.3,27.0,27.0,27.3,27.3,26.9,27.2,27.1,27.1,27.1,27.1,27.3,27.4,27.4,27.4,27.3,27.1,27.2,27.3,27.2,27.2,27.1,27.0,27.1,27.0,27.2,27.0,27.1,27.1,27.2,27.0,27.1,26.9,27.1,27.1,26.9,27.0,27.1,27.0,27.1,26.9,27.2,27.0,27.0,27.1,26.9,26.9,26.9,27.0,27.0,27.1,27.0,27.0,26.9,26.9,26.9,27.0,26.9,27.0,27.0,26.9,26.9,26.9,26.9,26.9,27.0,26.8,26.9,26.8,26.8,26.8,27.0,26.9,26.9,26.8,26.8,26.9
36,26.9,26.7,26.6,26.9,26.8,26.8,26.9,26.8,26.7,27.0,26.8,27.0,26.9,26.7,26.6,26.9,26.9,26.8,26.9,26.8,26.8,26.9,27.0,27.0,26.9,26.9,26.7,26.7,26.8,26.9,27.1,26.8,26.7,26.9,26.9,27.0,27.1,26.9,27.0,26.9,26.9,26.9,27.0,27.1,26.6,27.0,26.9,26.9,26.9,27.0,26.9,27.1,26.9,27.0,27.1,26.8,27.1,26.9,27.0,27.0,27.3,27.1,26.9,27.1,27.1,27.1,27.0,27.0,27.0,26.9,27.1,27.2,27.0,27.0,27.1,27.0,26.9,27.1,27.1,27.2,27.1,27.3,27.2,27.1,27.1,27.1,27.3,27.0,27.1,27.1,27.0,27.2,27.1,27.2,27.0,27.1,26.9,26.9,26.9,26.7,26.9,26.9,26.9,26.6,26.7,26.8,26.7,26.8,26.7,26.8,26.6,26.9,26.9,26.8,26.9,27.0,27.1,27.3,27.0,27.0,27.1,26.9,27.0,27.0,27.1,27.1,27.2,27.2,27.2,27.3,27.3,27.1,27.2,27.3,27.1,27.1,27.2,27.2,27.4,27.1,27.2,27.1,27.2,27.1,27.0,27.1,27.1,27.0,27.1,27.1,26.9,27.1,27.1,27.1,27.1,27.1,27.3,27.0,27.1,27.0,27.2,27.0,26.9,27.1,26.9,27.1,27.0,26.9,27.1,26.9,27.0,27.0,27.0,27.0,27.1,26.9,26.9,26.9,27.0,26.9,26.7,26.9,26.8,26.8,26.8,27.0,26.9,27.0,26.9,26.9,26.9,27.1
37,26.7,26.8,26.9,26.7,26.8,26.7,26.8,26.8,26.9,26.8,26.8,26.8,26.9,26.9,26.7,26.8,26.9,26.9,26.8,26.9,26.8,27.0,27.0,26.7,26.9,26.8,26.9,27.1,26.8,26.7,27.0,27.1,26.8,26.9,26.9,27.1,26.9,26.9,26.9,26.8,27.0,27.0,26.9,26.9,26.9,26.8,26.9,26.8,26.9,26.9,26.9,27.1,26.9,27.0,27.1,26.9,26.9,26.9,26.9,27.0,27.1,27.0,26.9,26.9,27.0,27.0,27.0,26.9,27.0,27.1,27.2,26.9,26.9,27.0,27.0,27.0,27.1,27.0,27.3,27.0,27.1,27.0,27.2,27.1,27.2,27.1,27.0,27.1,27.2,26.9,27.1,27.0,27.0,27.0,26.6,26.7,26.5,26.6,26.6,26.7,26.6,26.5,26.6,26.5,26.4,26.6,26.5,26.5,26.6,26.4,26.5,26.6,26.6,26.7,26.8,27.1,26.9,27.1,27.2,27.1,27.2,27.1,27.0,27.1,27.1,27.1,27.1,27.1,27.3,27.1,27.1,27.2,27.1,27.1,27.1,27.1,27.1,27.1,27.2,27.2,27.2,26.9,27.2,27.1,27.1,27.1,27.1,27.1,27.1,27.0,27.0,27.1,27.0,26.9,27.1,27.0,27.0,26.9,27.1,26.9,27.1,26.9,27.0,27.0,26.8,26.8,26.9,26.8,26.9,26.9,26.9,27.0,26.8,26.9,27.0,27.0,26.9,26.8,26.8,27.0,26.9,27.1,26.9,26.8,26.8,27.0,27.0,26.8,27.0,26.8,26.9,26.9
38,26.9,27.0,26.9,27.0,26.9,26.9,26.8,26.8,26.8,26.9,27.1,26.9,27.0,26.9,26.8,26.8,26.9,26.9,26.9,26.8,27.0,27.0,26.9,26.9,26.9,26.7,26.9,26.8,26.9,26.8,26.8,26.9,27.0,27.0,27.0,26.9,27.0,26.8,26.9,26.9,27.0,26.8,26.8,27.1,26.8,27.0,26.9,26.8,26.9,26.8,27.1,27.1,27.0,27.1,27.0,26.9,26.9,27.1,27.1,27.0,27.0,27.1,27.0,27.0,27.0,27.0,27.0,27.2,27.0,27.0,27.1,27.0,27.0,26.9,27.1,27.1,27.1,27.0,27.0,27.2,27.0,26.9,27.0,27.1,27.2,27.1,27.2,27.1,27.1,27.0,27.2,27.1,27.1,27.0,26.7,26.5,26.3,26.5,26.5,26.5,26.4,26.5,26.4,26.4,26.4,26.5,26.5,26.5,26.4,26.4,26.3,26.4,26.4,26.5,26.8,27.1,26.9,27.1,27.0,27.0,27.1,27.0,27.0,27.1,27.0,27.1,27.2,27.1,27.1,27.2,27.2,27.1,27.2,27.1,27.2,27.1,27.2,27.2,27.2,27.3,27.3,27.2,27.1,27.1,27.2,27.2,27.0,27.1,27.1,27.3,27.2,27.3,27.0,26.9,26.9,27.0,27.0,27.1,27.1,27.1,27.1,27.0,27.0,27.1,27.1,27.0,27.1,27.0,27.0,27.0,26.9,27.1,26.9,27.0,27.0,27.1,26.9,26.9,26.9,26.8,26.9,26.9,26.9,26.9,26.9,27.0,26.9,26.8,27.0,27.0,26.7,26.8
39,26.8,26.7,26.6,27.0,26.9,26.8,26.8,26.8,26.8,26.8,26.9,26.9,26.9,26.9,26.8,26.7,26.8,26.7,26.9,27.0,26.9,26.7,27.0,26.8,26.9,26.8,26.8,26.8,26.9,27.0,26.9,26.9,26.8,26.9,26.9,27.1,26.9,26.9,26.8,26.8,26.7,26.8,26.8,26.9,26.8,26.9,26.9,26.7,27.0,27.0,26.8,27.1,26.9,27.0,27.1,27.0,27.0,27.1,27.1,26.9,27.1,27.0,26.9,27.0,27.0,27.1,27.1,27.1,27.1,26.9,26.9,27.1,26.9,27.0,27.0,27.0,27.0,27.1,26.9,27.0,27.1,27.1,27.0,27.1,27.0,27.1,26.9,26.9,27.0,27.0,27.0,26.9,27.0,26.7,26.8,26.5,26.4,26.4,26.4,26.2,26.4,26.3,26.3,26.4,26.2,26.4,26.4,26.4,26.4,26.2,26.3,26.4,26.2,26.5,26.7,26.8,26.8,26.9,27.0,27.0,26.9,26.9,27.0,27.2,27.0,27.0,27.1,27.3,27.2,27.1,27.2,27.0,27.2,27.2,27.1,27.3,27.1,27.0,27.1,27.2,27.0,27.1,27.1,27.2,27.3,27.2,27.1,27.0,27.1,27.0,27.1,27.0,27.1,27.1,27.0,27.1,27.0,26.9,27.1,27.3,27.0,26.9,27.0,27.0,26.9,26.9,26.9,27.1,27.0,27.0,27.0,27.0,27.0,27.0,26.8,26.9,26.9,26.9,26.9,26.9,26.9,26.9,26.9,26.9,27.0,26.9,27.0,26.8,26.9,26.9,27.1,26.9
40,26.8,26.7,27.0,26.8,26.9,26.8,26.7,26.8,26.9,26.6,26.8,26.9,26.9,26.7,26.7,26.9,26.9,26.9,26.8,27.0,26.8,26.9,27.0,27.0,27.0,26.9,26.8,26.9,26.9,26.7,26.8,26.6,26.5,26.6,26.8,26.7,26.9,26.9,27.1,27.0,26.6,26.6,26.6,26.6,26.7,27.0,26.9,26.9,26.8,26.8,27.0,26.9,26.8,27.0,26.9,26.9,26.9,26.9,26.9,26.9,26.9,26.8,26.9,27.0,27.0,27.0,26.9,26.9,27.1,27.0,27.1,26.9,26.7,26.9,27.0,27.1,27.1,26.9,26.9,26.9,26.9,27.0,26.9,27.0,27.0,26.9,26.9,27.0,26.9,26.9,27.0,26.8,26.8,26.9,26.6,26.3,26.4,26.3,26.3,26.3,26.2,26.4,26.4,26.6,26.4,26.5,26.4,26.5,26.4,26.4,26.5,26.4,26.4,26.4,26.6,26.8,26.9,26.7,26.8,26.9,27.1,26.9,27.0,27.1,27.0,27.1,27.1,27.1,27.2,27.1,27.2,27.3,27.3,27.1,27.1,27.2,27.2,27.2,27.2,27.1,27.2,27.2,27.1,27.0,27.1,27.2,27.2,27.1,27.3,27.1,27.1,27.1,27.2,27.1,27.1,27.1,27.1,27.1,27.1,27.1,27.2,26.9,27.0,27.1,27.1,27.0,27.1,27.0,27.0,26.9,27.0,26.9,26.8,26.9,26.9,27.0,26.9,27.0,27.1,26.9,26.9,26.9,26.9,26.8,27.0,27.0,26.8,27.0,26.8,26.8,26.9,27.0
41,26.9,26.9,26.7,26.9,26.9,26.7,26.9,27.0,26.8,26.8,27.1,26.9,27.0,26.9,26.9,26.8,26.9,26.9,26.9,26.9,27.0,26.9,27.1,26.8,26.8,26.9,26.9,26.9,26.8,26.7,26.8,26.7,26.6,26.6,26.7,26.6,26.8,26.9,26.9,26.9,26.7,26.4,26.4,26.4,26.5,26.9,27.0,26.8,27.0,26.9,26.8,27.0,26.8,27.0,26.9,27.0,26.7,26.9,26.9,26.9,26.9,26.7,26.9,26.8,27.0,26.9,26.7,26.9,26.8,26.9,26.8,26.9,26.9,26.9,26.7,26.8,26.8,26.7,27.0,26.9,26.9,26.8,26.6,26.8,26.7,26.6,26.5,26.6,26.6,26.7,26.7,26.7,26.7,26.8,26.5,26.5,26.2,26.3,26.3,26.5,26.4,26.5,26.4,26.4,26.4,26.6,26.5,26.5,26.5,26.7,26.6,26.4,26.4,26.6,26.6,26.7,26.6,26.7,26.9,26.9,27.1,27.2,27.3,27.2,27.2,27.1,27.1,27.3,27.1,27.1,27.0,27.1,27.1,27.1,27.2,27.0,27.3,27.1,27.2,27.2,27.1,27.3,27.0,27.1,27.2,27.1,27.1,27.2,27.3,27.0,27.2,27.1,27.1,27.0,27.0,26.9,27.3,27.1,27.3,27.0,27.1,27.0,27.0,27.1,27.0,26.9,26.9,27.1,26.9,26.9,27.0,26.9,27.0,27.0,26.9,27.1,27.0,26.9,27.0,27.0,27.0,26.9,26.9,27.0,26.9,27.0,26.9,26.9,26.9,27.1,27.0,26.9
42,26.9,27.0,27.0,26.9,26.7,26.8,26.6,26.9,26.8,26.9,27.0,26.9,27.0,26.9,26.9,26.9,26.9,26.8,26.8,26.9,26.9,26.9,26.9,27.0,27.0,26.8,26.9,26.8,26.8,26.6,26.5,26.5,26.3,26.4,26.4,26.2,26.6,26.7,26.8,26.9,26.8,26.6,26.4,26.3,26.3,26.7,26.6,26.8,26.7,26.8,26.6,26.9,26.8,26.8,26.7,26.8,26.6,26.9,26.7,26.6,26.7,26.8,26.7,26.7,26.6,26.8,26.7,26.6,26.6,26.7,26.5,26.5,26.6,26.7,26.6,26.5,26.3,26.6,26.7,26.4,26.6,26.5,26.4,26.4,26.5,26.5,26.4,26.6,26.4,26.6,26.4,26.2,26.4,26.3,26.2,26.3,26.2,26.3,26.5,26.5,26.6,26.5,26.5,26.5,26.5,26.4,26.5,26.8,26.9,26.7,26.6,26.6,26.5,26.3,26.6,26.6,26.6,26.7,26.9,26.9,27.3,27.6,27.4,27.2,27.2,27.4,27.4,27.1,27.1,26.9,27.1,27.2,27.2,27.2,27.1,27.2,27.1,27.1,27.2,27.1,27.1,27.0,27.2,27.1,27.2,27.1,27.2,27.2,27.0,27.2,27.0,27.1,27.2,27.1,27.2,27.2,27.1,27.1,27.2,27.0,27.1,27.0,27.0,27.0,27.1,27.1,26.9,26.9,27.0,27.1,27.0,27.0,27.0,26.9,27.1,27.0,27.0,26.8,26.9,27.0,26.8,26.9,27.0,27.0,26.9,26.9,26.9,26.9,26.9,26.8,26.8,26.9
43,26.9,27.0,26.9,26.8,26.9,26.7,26.9,26.9,27.0,26.8,26.9,27.0,27.0,27.0,26.8,26.9,26.9,26.9,26.9,27.0,26.8,27.0,27.0,27.0,27.0,26.9,27.0,26.7,26.8,26.7,26.4,26.4,26.2,26.4,26.2,26.4,26.5,26.7,26.6,26.8,26.7,26.4,26.6,26.4,26.3,26.6,26.6,26.7,26.9,26.6,26.7,26.6,26.6,26.7,26.7,26.6,26.7,26.6,26.6,26.6,26.6,26.4,26.4,26.4,26.4,26.4,26.4,26.4,26.5,26.2,26.4,26.3,26.5,26.4,26.2,26.4,26.4,26.3,26.3,26.4,26.3,26.2,26.3,26.4,26.1,26.2,26.2,26.3,26.1,26.2,26.1,26.2,26.2,26.1,26.1,26.1,26.1,26.4,26.5,26.4,26.6,26.5,26.5,26.4,26.5,26.6,26.6,26.9,26.8,26.8,26.8,26.3,26.4,26.4,26.6,26.6,26.6,26.5,26.9,27.1,27.8,28.0,27.7,27.4,27.4,27.8,27.7,27.3,27.3,27.3,27.1,27.0,27.2,27.2,27.1,27.2,27.2,27.2,27.2,27.2,27.3,27.1,27.1,27.2,27.2,27.3,27.2,27.2,27.1,27.3,27.1,27.1,27.1,27.2,27.1,27.1,27.2,27.0,27.2,27.1,27.1,27.1,27.1,26.9,27.1,27.1,27.1,27.1,27.1,27.1,26.9,27.1,27.1,26.9,27.1,27.1,27.0,27.1,27.1,27.0,26.8,27.0,27.0,26.9,26.8,27.1,26.9,26.9,26.8,26.9,26.8,26.9
44,26.9,26.8,26.9,27.0,26.9,26.9,27.0,26.8,26.9,27.0,26.9,26.7,26.9,27.1,27.0,26.9,26.7,26.9,27.0,27.0,27.0,26.9,27.1,26.9,27.1,26.9,26.9,26.9,26.6,26.5,26.4,26.3,26.4,26.4,26.4,26.4,26.6,26.4,26.6,26.6,26.6,26.5,26.6,26.2,26.4,26.2,26.5,26.8,26.7,26.7,26.6,26.4,26.4,26.7,26.6,26.4,26.5,26.5,26.5,26.5,26.4,26.3,26.5,26.3,26.2,26.3,26.2,26.2,26.4,26.1,26.1,26.2,26.1,26.2,26.2,26.2,26.1,26.2,26.2,26.1,26.3,26.2,26.0,26.4,26.3,26.2,26.2,26.2,26.2,26.2,26.2,26.3,26.3,26.3,26.2,26.4,26.4,26.5,26.5,26.5,26.6,26.8,26.8,26.7,26.5,26.6,26.8,27.1,27.0,26.9,26.6,26.6,26.4,26.7,26.6,26.7,26.6,26.7,27.0,27.5,28.1,28.5,27.6,27.1,27.6,28.5,28.2,27.6,27.1,27.1,27.0,27.1,27.3,27.2,27.1,27.1,27.3,27.2,27.1,27.2,27.1,27.2,27.1,27.1,27.1,27.1,27.3,27.1,27.2,27.2,27.1,27.0,27.2,27.2,27.1,27.1,27.2,27.0,27.1,27.0,27.1,27.1,27.0,27.1,27.1,27.1,26.8,27.0,27.0,27.1,27.1,27.1,27.0,27.2,27.1,27.0,27.0,26.9,26.9,27.0,26.8,26.8,27.0,27.0,26.9,26.9,27.0,27.1,27.0,26.9,27.0,27.0
45,26.8,26.9,26.9,27.1,26.8,26.8,27.0,26.9,26.9,26.8,26.9,26.8,26.9,27.1,26.8,27.0,27.1,27.0,27.0,27.0,26.9,26.9,26.9,26.9,27.0,26.9,26.9,26.6,26.4,26.4,26.5,26.3,26.3,26.4,26.3,26.4,26.4,26.2,26.3,26.4,26.2,26.2,26.3,26.4,26.2,26.3,26.3,26.6,26.5,26.6,26.5,26.3,26.5,26.5,26.6,26.5,26.3,26.4,26.6,26.2,26.4,26.3,26.3,26.3,26.1,26.2,26.2,26.2,26.3,26.2,26.0,26.3,26.2,26.2,26.1,26.2,26.3,26.1,26.1,26.1,26.2,26.1,26.2,26.3,26.2,26.1,26.2,26.2,26.2,26.2,26.1,26.1,26.4,26.3,26.2,26.5,26.3,26.7,26.6,26.6,26.7,26.7,26.7,26.8,26.4,26.7,26.8,27.1,27.0,26.8,26.7,26.6,26.6,26.6,26.6,26.5,26.6,26.7,27.4,27.6,28.1,28.0,27.7,27.2,27.5,28.5,28.3,27.4,27.1,27.1,27.1,27.1,27.1,27.2,27.1,27.2,27.3,27.2,27.3,27.2,27.4,27.2,27.1,27.1,27.3,27.1,27.3,27.3,27.3,27.3,27.3,27.2,27.2,27.1,27.0,27.1,27.1,27.0,27.1,27.1,27.1,27.1,27.0,27.2,27.1,27.0,27.1,27.0,27.1,27.0,27.1,27.1,27.1,27.1,27.0,27.1,26.9,26.9,27.0,26.9,26.8,26.9,26.9,27.1,27.0,26.8,27.0,26.9,26.9,26.9,26.8,27.1
46,27.0,26.7,26.8,27.0,26.9,26.9,27.0,26.8,26.9,26.9,27.1,26.9,26.8,26.8,26.9,26.9,27.0,26.9,27.1,27.1,27.0,26.9,27.1,26.9,27.0,26.8,26.9,26.8,26.5,26.4,26.4,26.3,26.2,26.2,26.4,26.4,26.3,26.2,26.2,26.3,26.3,26.2,26.2,26.2,26.3,26.4,26.2,26.5,26.4,26.6,26.5,26.4,26.3,26.6,26.5,26.6,26.4,26.4,26.3,26.2,26.5,26.4,26.3,26.2,26.2,26.2,26.1,26.1,26.1,26.1,26.1,26.3,26.3,26.1,26.2,26.2,26.2,26.1,26.3,26.2,26.1,26.2,26.3,26.2,26.3,26.2,26.3,26.3,26.4,26.1,26.1,26.5,26.4,26.4,26.5,26.4,26.4,26.5,26.6,26.6,26.7,26.7,26.6,26.8,26.5,26.6,26.7,26.9,26.9,26.6,26.6,26.4,26.5,26.6,26.6,26.7,26.5,26.7,27.2,27.5,27.7,27.8,27.3,27.2,27.5,28.2,28.0,27.4,26.9,27.0,27.0,27.1,27.2,27.2,27.1,27.1,27.1,27.3,27.2,27.2,27.2,27.3,27.1,27.1,27.2,27.2,27.1,27.1,27.2,27.2,27.1,27.2,27.0,27.2,27.1,27.0,27.1,27.0,27.2,27.1,27.0,27.1,27.1,27.2,27.0,27.1,27.1,27.0,26.9,26.9,27.0,27.1,26.8,27.1,26.9,27.0,27.1,27.1,27.1,27.1,27.0,26.8,26.9,27.0,26.8,27.0,27.0,26.9,26.9,26.9,27.0,26.9
47,26.8,26.9,26.9,26.9,27.0,26.9,27.0,26.9,27.0,26.6,26.9,27.0,27.0,27.1,27.0,27.0,27.1,27.0,27.1,27.1,27.0,27.0,27.2,27.0,26.9,27.0,26.9,26.9,26.7,26.4,26.2,26.4,26.3,26.3,26.2,26.4,26.3,26.3,26.3,26.4,26.4,26.2,26.3,26.2,26.1,26.2,26.2,26.3,26.4,26.4,26.6,26.5,26.5,26.5,26.5,26.5,26.5,26.5,26.4,26.4,26.6,26.6,26.4,26.4,26.5,26.2,26.4,26.3,26.2,26.3,26.5,26.4,26.2,26.2,26.3,26.2,26.3,26.2,26.2,26.3,26.4,26.3,26.4,26.3,26.4,26.2,26.3,26.4,26.4,26.3,26.4,26.4,26.5,26.4,26.4,26.5,26.6,26.8,26.7,26.6,26.7,26.7,26.9,26.7,26.7,26.8,26.7,26.9,26.8,26.8,26.7,26.7,26.6,26.6,26.7,26.6,26.4,26.6,26.9,27.2,27.3,27.5,27.5,27.7,27.7,27.9,27.6,27.1,26.9,27.0,26.9,27.0,27.1,27.3,27.1,27.3,27.2,27.1,27.2,27.1,27.2,27.2,27.1,27.2,27.2,27.3,27.1,27.3,27.0,27.3,27.2,27.1,27.2,27.1,27.1,27.2,27.2,26.9,27.2,27.1,27.0,27.2,27.2,27.1,27.1,27.0,27.2,27.2,27.3,27.0,26.9,27.0,27.0,27.1,27.1,27.0,27.1,27.0,27.1,27.1,27.0,27.0,26.8,26.9,26.9,27.1,27.0,27.0,26.9,27.1,26.8,26.9
48,26.9,26.9,27.0,27.0,27.0,26.9,26.8,26.8,26.9,26.9,27.0,26.9,27.0,27.0,26.9,27.0,27.1,27.1,27.1,27.0,27.1,27.1,27.0,26.9,27.0,26.9,27.0,26.8,26.7,26.4,26.4,26.4,26.3,26.2,26.3,26.5,26.4,26.2,26.0,26.2,26.3,26.2,26.4,26.1,26.2,26.2,26.2,26.4,26.5,26.3,26.5,26.5,26.5,26.4,26.4,26.4,26.6,26.4,26.5,26.4,26.5,26.5,26.4,26.5,26.6,26.5,26.5,26.4,26.3,26.3,26.3,26.2,26.2,26.4,26.4,26.3,26.3,26.3,26.3,26.4,26.5,26.4,26.4,26.4,26.6,26.4,26.6,26.4,26.5,26.4,26.4,26.3,26.3,26.5,26.5,26.6,26.7,26.8,26.9,26.9,27.1,27.1,27.3,27.1,27.0,27.1,27.0,27.2,27.1,27.1,27.0,27.0,26.9,27.0,26.8,26.8,26.6,26.7,26.7,26.9,27.1,27.4,27.6,27.5,27.7,27.4,27.1,26.9,26.8,26.9,27.0,27.1,27.0,27.1,27.1,27.3,27.3,27.3,27.2,27.3,27.3,27.4,27.2,27.3,27.2,27.2,27.4,27.0,27.3,27.3,27.2,27.2,27.2,27.1,27.1,27.0,27.2,27.1,27.2,27.2,27.0,27.0,27.1,27.2,27.3,27.2,27.3,27.0,27.1,27.1,27.1,27.0,27.1,27.1,27.1,27.1,27.0,26.9,27.0,27.1,27.0,27.1,26.9,26.9,27.1,26.8,27.1,26.9,27.0,27.0,27.0,27.0
49,26.9,26.9,26.8,27.0,27.0,27.0,26.9,26.9,26.9,27.0,26.9,26.9,27.0,26.9,26.9,26.9,27.0,26.9,27.2,27.0,27.0,27.0,27.2,27.0,27.1,26.9,26.9,26.7,26.7,26.4,26.4,26.4,26.3,26.3,26.4,26.2,26.2,26.2,26.3,26.2,26.3,26.2,26.4,26.1,26.2,26.3,26.1,26.3,26.4,26.4,26.6,26.6,26.6,26.5,26.4,26.2,26.3,26.4,26.3,26.4,26.4,26.5,26.5,26.4,26.5,26.4,26.4,26.3,26.4,26.4,26.4,26.5,26.3,26.4,26.4,26.2,26.4,26.5,26.3,26.4,26.5,26.5,26.3,26.6,26.6,26.8,27.0,26.8,26.4,26.6,26.3,26.3,26.4,26.6,26.6,26.7,27.1,27.3,27.6,27.4,27.6,27.6,27.8,27.6,27.7,27.7,27.6,27.6,27.7,27.6,27.7,27.6,27.7,27.5,27.2,26.8,26.7,26.6,26.9,27.2,27.6,27.7,27.9,27.8,27.8,27.6,27.4,26.9,26.9,26.9,26.9,27.0,27.2,27.0,27.1,27.3,27.2,27.1,27.2,27.4,27.4,27.2,27.1,27.3,27.3,27.1,27.2,27.2,27.3,27.1,27.2,27.1,27.2,27.3,27.1,27.1,27.2,27.1,27.2,27.1,27.1,27.0,27.1,27.2,27.2,27.2,27.1,27.1,27.0,27.1,27.0,27.2,27.1,27.1,26.9,27.0,27.1,27.0,27.1,27.1,27.0,27.1,27.0,26.9,27.0,26.9,27.0,26.9,26.9,26.9,26.9,27.1
50,26.8,26.7,26.9,26.8,26.9,27.0,27.1,27.0,26.9,26.9,27.0,27.0,27.0,26.9,26.9,27.0,27.1,27.0,27.1,27.1,27.1,27.2,27.1,27.1,26.8,26.8,26.9,26.9,26.8,26.7,26.4,26.4,26.4,26.4,26.4,26.3,26.4,26.4,26.3,26.3,26.4,26.3,26.2,26.3,26.2,26.3,26.3,26.3,26.5,26.4,26.6,26.4,26.5,26.5,26.4,26.3,26.4,26.4,26.4,26.4,26.4,26.5,26.4,26.5,26.6,26.4,26.5,26.4,26.6,26.3,26.4,26.4,26.5,26.3,26.4,26.5,26.4,26.5,26.4,26.4,26.5,26.5,26.4,26.8,27.1,27.4,27.3,27.1,26.6,26.4,26.4,26.4,26.4,26.5,26.8,27.1,27.7,28.0,28.2,28.3,28.6,28.5,28.6,28.6,28.6,28.6,28.7,28.6,28.6,28.5,28.5,28.5,28.5,28.1,27.6,27.1,26.7,26.8,27.1,27.5,28.0,28.5,28.4,28.5,28.2,28.1,27.8,27.3,26.9,27.0,26.9,26.9,27.2,27.0,27.0,27.3,27.4,27.3,27.2,27.3,27.1,27.2,27.2,27.2,27.3,27.1,27.2,27.2,27.1,27.1,27.3,27.1,27.1,27.4,27.3,27.0,27.2,27.0,27.1,27.1,27.1,27.0,27.1,27.0,27.1,27.3,27.1,27.2,27.1,27.4,27.3,27.1,26.9,26.9,27.1,27.0,26.9,26.9,27.1,26.9,27.1,27.1,26.9,27.2,27.0,27.0,27.0,26.9,27.0,26.9,26.9,26.9
51,26.9,26.9,27.1,27.1,26.9,27.0,26.9,26.9,27.0,26.9,26.9,27.1,27.0,27.2,27.1,26.9,27.1,26.9,27.1,27.1,27.1,27.0,27.1,27.1,27.1,26.9,26.9,27.0,26.9,26.4,26.5,26.5,26.5,26.6,26.8,26.5,26.6,26.6,26.3,26.5,26.4,26.2,26.4,26.4,26.5,26.6,26.5,26.5,26.8,26.6,26.6,26.5,26.3,26.4,26.4,26.5,26.2,26.5,26.3,26.2,26.4,26.4,26.5,26.3,26.5,26.4,26.5,26.2,26.3,26.3,26.4,26.2,26.4,26.4,26.5,26.4,26.4,26.5,26.6,26.6,26.5,26.6,26.6,26.8,27.4,27.9,27.9,27.5,26.7,26.5,26.6,26.5,26.4,26.7,27.0,27.5,28.6,28.9,29.2,29.2,29.3,29.5,29.5,29.4,29.6,29.6,29.5,29.4,29.7,29.4,29.5,29.3,29.2,28.9,27.9,27.3,26.9,27.0,27.4,28.1,28.8,28.6,28.1,28.0,28.4,28.6,28.4,27.8,27.2,26.9,26.9,27.1,27.1,27.0,27.0,27.1,27.0,27.2,27.4,27.2,27.2,27.2,27.1,27.2,27.2,27.2,27.2,27.1,27.0,27.1,27.0,27.3,27.3,27.1,27.0,27.1,27.2,26.9,27.2,27.1,27.1,27.0,27.1,26.9,27.3,27.1,27.2,27.1,27.2,27.1,27.1,27.0,26.9,26.9,26.9,27.1,27.1,27.1,27.0,27.1,26.9,27.1,26.9,27.1,26.9,26.9,26.8,27.1,26.8,27.1,26.9,26.9
52,26.9,26.9,26.9,27.0,26.9,27.0,26.9,27.0,27.0,27.0,26.9,26.9,26.9,27.0,27.1,27.0,26.8,26.9,27.0,27.1,27.0,27.1,27.1,26.9,27.1,27.0,27.0,26.9,26.8,26.9,26.8,26.8,26.9,26.6,26.9,27.1,27.0,26.9,26.8,26.6,26.6,26.4,26.5,26.6,26.7,26.7,26.7,26.6,27.0,27.1,26.7,26.6,26.4,26.5,26.4,26.4,26.3,26.2,26.4,26.3,26.2,26.5,26.4,26.3,26.5,26.4,26.3,26.3,26.4,26.4,26.4,26.3,26.3,26.4,26.2,26.4,26.5,26.5,26.8,26.7,26.7,26.6,26.7,27.0,27.6,28.2,28.3,27.5,26.6,26.3,26.4,26.4,26.5,26.9,27.0,27.9,29.0,29.7,29.9,30.0,30.1,30.1,30.2,30.2,30.1,30.3,30.2,30.0,30.2,30.1,29.7,29.6,29.7,29.6,28.4,27.5,27.0,26.9,27.6,28.5,28.6,27.9,27.6,27.3,27.5,28.5,28.8,28.0,27.3,27.0,26.8,26.9,27.0,27.1,27.1,27.1,27.2,27.1,27.1,27.3,27.2,27.3,27.2,27.1,27.3,27.1,27.1,27.1,27.2,27.1,27.0,27.2,27.2,27.3,27.2,27.3,27.1,27.1,27.1,27.1,27.2,27.1,27.0,27.1,27.0,27.2,27.0,27.1,27.1,27.1,27.1,27.1,27.0,26.9,27.1,26.9,27.2,27.1,27.1,27.1,27.1,27.1,26.9,27.0,27.1,27.0,26.9,27.0,26.9,27.0,26.9,27.0
53,26.8,26.8,27.1,27.0,26.9,27.0,27.1,26.9,27.0,26.7,27.0,26.9,27.1,26.9,27.0,27.1,27.0,27.1,27.0,27.1,27.2,27.1,27.0,26.9,27.2,27.0,27.0,27.0,27.0,26.9,27.0,27.2,27.1,27.2,27.2,27.2,27.6,27.6,27.1,26.9,26.6,26.6,26.6,26.9,27.1,27.2,27.0,26.8,27.2,27.4,27.5,27.0,26.6,26.4,26.5,26.2,26.3,26.4,26.4,26.5,26.4,26.4,26.4,26.3,26.4,26.5,26.4,26.4,26.6,26.5,26.6,26.4,26.4,26.4,26.6,26.4,26.3,26.6,26.7,26.7,26.8,26.6,26.6,26.9,27.3,28.0,28.0,27.4,26.8,26.6,26.4,26.4,26.5,26.9,27.2,28.0,29.3,30.0,30.3,30.2,30.4,30.6,30.6,30.3,30.5,30.4,30.3,30.4,30.4,30.1,29.8,29.6,29.8,29.7,28.7,27.8,27.2,27.1,27.9,28.6,28.5,27.7,27.1,27.1,27.3,28.4,29.0,28.3,27.5,27.1,27.1,27.0,27.1,27.1,27.2,27.1,27.3,27.0,27.2,27.2,27.1,27.2,27.3,27.3,27.3,27.2,27.1,27.2,27.3,27.2,27.1,27.1,27.0,27.2,27.1,27.0,27.0,27.0,27.1,27.0,27.1,27.1,27.2,27.0,27.1,27.1,27.2,27.1,27.0,27.2,27.2,27.1,27.2,27.1,27.0,27.0,26.9,27.1,27.1,26.9,27.0,27.1,27.0,27.2,27.0,26.8,27.0,27.0,26.9,27.1,27.1,26.9
54,26.9,26.9,26.8,26.9,26.9,26.9,27.1,27.0,27.0,27.0,26.9,26.9,26.9,26.9,26.9,27.1,26.9,26.9,26.9,26.9,27.1,27.2,27.0,27.0,27.3,27.1,27.0,27.0,26.9,26.9,27.1,27.5,27.6,27.5,27.6,27.4,27.9,27.9,27.9,27.2,26.7,26.7,26.8,26.9,27.3,27.4,27.1,27.0,27.0,27.5,27.8,27.5,26.7,26.5,26.4,26.3,26.2,26.2,26.5,26.2,26.3,26.3,26.4,26.4,26.4,26.3,26.5,26.2,26.4,26.2,26.4,26.3,26.4,26.4,26.4,26.4,26.3,26.5,26.5,26.8,26.7,26.9,26.8,26.7,26.8,27.2,27.3,27.1,26.5,26.5,26.4,26.4,26.4,27.0,27.4,28.1,29.3,29.9,30.3,30.3,30.5,30.5,30.4,30.3,30.4,30.4,30.4,30.5,30.4,30.1,29.7,29.4,29.6,29.8,28.8,28.0,27.2,27.1,27.9,28.5,28.3,27.9,27.3,27.3,27.6,28.3,28.9,28.2,27.2,27.1,26.8,27.0,27.1,27.0,26.9,27.1,27.0,27.2,27.3,27.2,27.1,27.1,27.1,27.1,27.3,27.3,27.2,27.3,27.2,27.1,27.1,27.3,27.3,27.3,27.2,27.2,27.1,27.0,27.1,27.1,27.1,26.9,27.1,27.1,27.2,27.2,27.0,27.3,27.2,27.1,26.9,26.9,27.0,27.1,27.0,27.0,27.0,27.0,27.3,27.1,26.9,27.2,26.9,27.1,26.8,27.0,26.9,27.0,27.1,26.9,27.0,26.8
55,26.9,26.8,27.0,26.9,26.9,26.9,26.9,27.0,27.0,27.1,27.1,27.1,27.0,27.1,27.0,27.1,27.0,27.0,27.2,27.1,27.0,27.1,27.2,27.0,27.2,27.1,27.1,27.0,26.9,27.0,27.2,27.6,27.7,27.4,27.2,27.3,27.4,27.9,28.0,27.6,27.1,26.8,26.9,27.1,27.4,27.7,27.4,27.0,27.0,27.5,27.8,27.6,27.1,26.6,26.4,26.3,26.4,26.6,26.5,26.4,26.3,26.4,26.5,26.4,26.4,26.4,26.5,26.3,26.4,26.3,26.4,26.3,26.7,26.4,26.4,26.4,26.4,26.4,26.4,26.6,26.6,26.4,26.5,26.6,26.6,26.6,26.7,26.6,26.4,26.6,26.6,26.4,26.6,26.7,27.4,28.2,29.3,30.0,30.2,30.3,30.4,30.6,30.5,30.5,30.5,30.4,30.4,30.5,30.4,30.3,29.9,29.8,30.1,29.9,28.8,28.0,27.3,27.1,27.3,28.0,28.2,28.0,27.5,27.6,27.7,28.5,28.6,27.7,27.0,26.9,27.0,27.1,27.1,27.2,27.0,27.1,26.9,27.2,27.1,27.2,27.1,27.2,27.2,27.2,27.3,27.2,27.3,27.3,27.3,27.1,27.2,27.2,27.3,27.3,27.1,27.2,27.0,27.2,27.1,27.1,27.2,27.0,27.0,27.0,27.3,27.0,27.2,27.0,27.0,27.1,27.1,27.1,27.1,27.1,27.2,27.1,27.1,27.1,27.1,27.1,27.1,27.1,26.9,27.0,27.0,27.1,27.1,27.1,26.7,27.1,27.1,27.0
56,26.8,27.0,26.8,27.0,27.1,26.9,26.9,26.9,26.9,26.8,26.9,27.1,27.0,26.8,27.0,27.0,27.0,27.0,26.9,27.1,26.9,27.1,27.1,27.1,27.1,26.9,27.2,27.2,27.0,27.0,27.3,27.6,27.7,27.4,27.1,27.1,27.6,27.7,28.0,27.5,27.0,26.7,26.8,27.1,27.4,27.7,27.6,27.1,26.9,27.2,27.4,27.1,27.0,26.7,26.4,26.2,26.5,26.2,26.6,26.4,26.4,26.2,26.2,26.5,26.5,26.4,26.3,26.4,26.4,26.3,26.4,26.4,26.5,26.4,26.3,26.4,26.3,26.4,26.4,26.4,26.4,26.4,26.4,26.4,26.5,26.4,26.6,26.5,26.5,26.5,26.6,26.3,26.6,26.7,27.3,28.2,29.4,30.0,30.4,30.5,30.5,30.6,30.4,30.4,30.4,30.4,30.5,30.4,30.3,30.2,30.1,30.0,30.0,29.8,28.8,27.9,27.1,26.9,26.9,27.5,27.9,27.8,27.5,27.8,27.9,28.3,28.2,27.2,26.7,26.7,26.8,27.1,27.0,27.0,27.1,27.2,27.1,27.1,27.1,27.2,27.1,27.1,27.2,27.2,27.2,27.3,27.3,27.1,27.2,27.2,27.1,27.2,27.1,27.2,27.2,27.0,27.2,27.1,27.2,27.2,27.1,27.1,27.1,27.1,27.0,27.0,27.0,27.0,27.0,27.1,27.1,27.1,27.0,26.9,27.1,27.0,26.9,27.1,27.0,26.9,26.9,26.9,26.9,26.9,26.9,26.9,26.9,26.9,27.0,26.8,26.8,27.0
57,26.8,26.9,26.9,26.9,27.1,26.9,26.9,26.9,27.1,27.1,27.1,27.2,27.1,27.1,27.0,27.1,27.1,27.0,27.1,26.9,27.1,27.1,27.3,27.2,27.3,27.1,27.1,27.1,27.1,27.1,27.4,27.8,28.0,27.4,27.2,27.2,27.5,27.6,27.8,27.6,27.1,26.9,26.8,26.9,27.3,27.4,27.3,27.1,27.0,27.1,27.1,27.0,26.8,26.6,26.5,26.4,26.4,26.5,26.4,26.4,26.5,26.4,26.3,26.5,26.4,26.4,26.4,26.4,26.4,26.4,26.3,26.3,26.5,26.4,26.5,26.3,26.3,26.3,26.4,26.4,26.4,26.2,26.4,26.5,26.4,26.4,26.6,26.5,26.6,26.5,26.4,26.5,26.6,26.9,27.4,28.1,29.1,30.0,30.5,30.3,30.4,30.5,30.5,30.7,30.4,30.4,30.3,30.3,30.3,30.3,30.2,30.1,30.0,29.8,28.9,28.0,27.3,27.0,26.8,26.8,27.4,27.6,27.4,27.6,27.8,27.6,27.4,26.7,26.7,26.8,27.0,27.1,27.2,27.1,27.1,27.1,27.2,27.1,27.3,27.1,27.1,27.1,27.2,27.3,27.1,27.3,27.4,27.2,27.1,27.3,27.2,27.4,27.1,27.3,27.1,27.1,27.2,27.2,27.1,27.2,27.2,27.1,27.2,27.0,27.1,27.1,27.1,27.1,27.1,27.0,27.0,27.1,27.3,27.1,27.0,27.0,27.2,27.1,27.2,27.0,27.1,27.0,26.9,27.2,27.0,27.1,26.9,27.0,26.9,27.0,27.1,27.0
58,27.1,26.9,26.9,27.0,26.9,27.0,26.9,26.9,27.1,26.9,27.1,27.1,27.2,27.1,27.1,27.0,27.0,27.0,27.2,27.2,27.2,27.3,27.3,27.3,27.4,27.4,27.3,27.5,27.3,27.3,27.4,27.9,28.2,27.7,27.6,27.6,27.6,27.8,27.8,27.7,27.2,27.3,27.0,26.9,26.6,26.7,26.7,26.6,26.7,26.6,26.5,26.6,26.6,26.6,26.6,26.4,26.4,26.4,26.3,26.3,26.4,26.3,26.5,26.5,26.6,26.4,26.4,26.5,26.4,26.4,26.4,26.3,26.4,26.3,26.5,26.2,26.4,26.1,26.4,26.3,26.4,26.4,26.2,26.5,26.2,26.3,26.4,26.5,26.4,26.5,26.4,26.5,26.7,26.9,27.3,28.2,29.3,29.8,30.3,30.2,30.3,30.4,30.3,30.3,30.3,30.6,30.2,30.3,30.3,30.2,30.2,30.0,30.0,29.9,29.0,28.2,27.2,26.9,26.6,26.7,26.6,26.7,26.6,26.7,26.8,26.7,26.5,26.4,26.4,26.6,26.8,26.9,27.2,27.3,27.1,27.1,27.1,27.2,27.3,27.1,27.3,27.3,27.2,27.3,27.4,27.3,27.4,27.4,27.2,27.2,27.3,27.2,27.3,27.2,27.1,27.1,27.1,26.9,27.1,27.1,27.1,27.2,27.1,27.1,27.0,27.1,27.0,27.1,27.1,27.1,27.1,27.1,27.1,27.0,26.8,27.1,27.1,27.0,27.0,27.0,27.1,27.0,27.0,27.1,27.0,26.8,26.9,27.0,26.9,26.8,26.7,27.0
59,27.0,27.1,27.0,27.0,26.9,27.1,27.0,27.0,27.1,27.1,27.1,27.1,27.2,27.1,27.0,27.1,27.0,27.2,27.1,27.3,27.2,27.4,27.6,27.6,27.8,27.8,27.9,27.8,27.6,27.9,27.8,28.2,28.2,28.3,28.1,27.9,27.6,27.7,27.8,27.9,27.9,27.6,27.5,27.0,26.6,26.3,26.4,26.2,26.4,26.6,26.3,26.6,26.4,26.4,26.4,26.4,26.3,26.4,26.5,26.3,26.3,26.4,26.3,26.6,26.3,26.4,26.1,26.3,26.3,26.2,26.3,26.3,26.4,26.2,26.4,26.4,26.2,26.5,26.2,26.4,26.5,26.5,26.3,26.3,26.4,26.4,26.4,26.6,26.5,26.5,26.6,26.5,26.6,26.8,27.3,28.0,29.2,29.8,30.2,30.2,30.3,30.2,30.4,30.4,30.2,30.5,30.4,30.3,30.3,30.3,30.3,30.2,30.1,29.9,29.0,28.1,27.4,27.0,26.6,26.5,26.4,26.4,26.3,26.5,26.4,26.3,26.3,26.3,26.3,26.6,26.8,26.9,27.1,27.0,27.1,27.0,27.2,27.0,27.2,27.2,27.3,27.2,27.3,27.2,27.1,27.2,27.3,27.1,27.3,27.3,27.2,27.1,27.4,27.1,27.2,27.0,27.1,27.1,27.2,27.2,27.1,27.1,26.9,27.1,27.3,27.2,27.3,27.2,27.2,27.1,27.1,27.2,27.3,27.1,27.0,27.1,27.0,26.9,27.0,27.1,27.0,27.2,27.0,27.0,27.0,26.9,26.9,26.9,27.0,27.0,27.0,27.0
60,27.1,27.1,27.0,27.1,27.0,27.2,27.1,27.1,27.1,27.0,27.1,27.2,27.2,27.1,26.8,27.2,27.1,27.2,27.1,27.3,27.4,27.6,27.9,28.1,28.1,28.3,28.3,28.2,28.3,28.6,28.5,28.6,28.6,28.7,28.5,28.4,28.2,27.8,27.6,27.6,27.6,27.8,27.8,27.2,26.7,26.6,26.4,26.4,26.5,26.3,26.3,26.5,26.4,26.4,26.3,26.4,26.3,26.1,26.3,26.4,26.4,26.3,26.3,26.3,26.3,26.4,26.3,26.2,26.3,26.4,26.3,26.3,26.3,26.3,26.2,26.2,26.4,26.2,26.4,26.4,26.4,26.4,26.5,26.4,26.3,26.3,26.2,26.4,26.4,26.3,26.2,26.4,26.6,26.9,27.3,28.0,29.2,29.8,30.2,30.0,30.3,30.2,30.2,30.3,30.1,30.3,30.3,30.4,30.3,30.2,30.2,30.2,30.1,29.8,29.0,28.0,27.5,26.8,26.6,26.4,26.4,26.2,26.4,26.4,26.3,26.2,26.2,26.1,26.4,26.6,26.7,26.9,26.9,27.2,27.1,27.1,27.2,27.1,27.2,27.4,27.3,27.4,27.2,27.1,27.1,27.3,27.2,27.2,27.2,27.1,27.3,27.3,27.2,27.4,27.1,27.1,27.1,27.1,27.2,27.2,27.2,27.1,26.9,27.1,27.1,27.2,27.0,27.1,27.2,27.1,27.1,27.1,27.1,27.1,27.1,27.0,27.1,27.1,27.2,27.0,27.1,27.2,26.9,26.9,27.0,26.9,27.1,27.0,26.9,27.0,26.8,27.1
61,27.1,27.0,26.9,27.0,27.0,27.1,27.1,27.2,27.1,27.0,27.1,27.1,27.3,27.1,27.1,27.2,27.1,27.1,27.4,27.3,27.3,27.7,28.3,28.4,28.9,28.8,28.7,28.7,28.7,28.7,28.7,28.8,29.0,28.8,29.0,28.8,28.5,28.2,27.6,27.8,27.5,27.7,27.5,27.2,26.9,26.5,26.5,26.3,26.4,26.6,26.4,26.5,26.5,26.4,26.3,26.3,26.4,26.4,26.4,26.4,26.3,26.3,26.3,26.4,26.2,26.3,26.4,26.2,26.4,26.3,26.3,26.3,26.3,26.4,26.4,26.2,26.2,26.4,26.5,26.5,26.2,26.3,26.4,26.2,26.4,26.4,26.4,26.3,26.3,26.5,26.2,26.4,26.5,26.9,27.2,28.0,29.0,29.9,30.1,30.2,30.2,30.2,30.2,30.2,30.2,30.2,30.2,30.1,30.2,30.3,30.3,30.1,29.9,29.8,29.1,28.1,27.4,27.1,26.6,26.3,26.2,26.2,26.4,26.4,26.1,26.3,26.2,26.4,26.5,26.6,26.8,26.9,26.9,27.2,27.3,27.3,27.1,27.1,27.3,27.2,27.3,27.3,27.3,27.3,27.2,27.3,27.1,27.3,27.3,27.3,27.3,27.1,27.3,27.4,27.3,27.3,27.3,27.1,27.1,27.1,27.2,27.1,27.1,27.2,27.1,27.2,27.2,27.1,27.3,27.2,27.1,27.2,27.3,27.0,27.3,27.1,27.1,27.0,27.1,27.1,27.0,27.1,27.1,27.1,27.2,26.9,27.0,26.9,27.0,26.9,27.1,26.9
62,26.9,27.1,27.1,27.1,26.8,27.0,26.9,27.0,27.2,27.0,27.1,27.1,27.2,27.1,26.9,27.2,27.2,27.2,27.2,27.2,27.3,27.8,28.1,28.6,28.9,28.8,29.0,28.9,28.7,28.6,28.6,28.6,28.6,28.7,28.9,28.9,28.8,28.6,28.1,28.1,27.8,27.6,27.0,26.6,26.6,26.3,26.4,26.4,26.4,26.4,26.4,26.4,26.3,26.4,26.3,26.3,26.3,26.3,26.4,26.3,26.2,26.3,26.5,26.3,26.4,26.4,26.4,26.2,26.3,26.3,26.3,26.2,26.4,26.2,26.4,26.3,26.3,26.3,26.3,26.2,26.3,26.2,26.5,26.4,26.5,26.3,26.3,26.4,26.4,26.4,26.4,26.4,26.8,26.9,27.3,27.9,29.0,30.0,30.1,30.3,30.4,30.3,30.1,30.2,30.2,30.2,30.1,30.1,30.1,30.1,30.1,30.1,30.0,29.8,29.2,28.0,27.3,26.9,26.5,26.2,26.2,26.1,26.2,26.2,26.3,26.2,26.1,26.4,26.5,26.6,26.7,26.8,26.9,26.9,27.1,27.1,27.2,27.1,27.3,27.3,27.3,27.2,27.1,27.2,27.1,27.2,27.3,27.4,27.1,27.2,27.1,27.3,27.2,27.1,27.3,27.2,27.2,27.2,27.1,27.3,27.0,27.2,27.1,27.1,27.0,27.2,27.1,27.1,27.3,27.2,27.1,27.0,27.1,27.1,27.2,27.1,27.2,27.0,27.1,27.1,27.0,27.1,27.0,26.9,27.1,27.1,26.9,26.9,26.9,26.9,27.1,27.1
63,26.9,27.0,27.0,27.0,27.1,27.0,27.1,27.1,27.0,27.2,27.1,27.1,27.2,27.0,27.1,27.1,27.2,27.2,27.1,27.1,27.5,27.9,28.3,28.9,29.1,29.1,28.7,28.7,28.6,28.3,28.1,28.2,28.2,28.4,28.7,28.9,28.9,28.9,28.8,28.6,28.1,27.6,26.7,26.3,26.5,26.4,26.4,26.2,26.3,26.2,26.6,26.3,26.4,26.4,26.3,26.3,26.3,26.3,26.3,26.3,26.4,26.4,26.3,26.1,26.4,26.4,26.4,26.3,26.3,26.2,26.3,26.4,26.3,26.2,26.3,26.1,26.3,26.3,26.3,26.4,26.3,26.3,26.3,26.3,26.2,26.3,26.2,26.3,26.4,26.2,26.2,26.4,26.4,27.0,27.3,27.7,29.0,29.9,30.1,30.3,30.3,30.2,30.2,30.2,30.4,30.4,30.2,30.3,30.3,30.2,30.2,30.3,30.1,29.8,29.0,28.2,27.4,26.9,26.5,26.3,26.2,26.1,26.3,26.4,26.1,26.1,26.0,26.2,26.2,26.4,26.6,26.9,26.9,26.9,27.0,27.1,27.1,27.1,27.2,27.3,27.2,27.2,27.3,27.1,27.2,27.3,27.4,27.2,27.4,27.2,27.2,27.4,27.1,27.2,27.2,27.2,27.1,27.0,27.1,27.2,27.1,27.2,27.2,27.2,27.1,27.1,27.1,26.9,27.1,27.2,27.1,27.1,27.0,27.0,27.1,27.3,27.1,26.9,27.1,27.1,27.1,26.8,27.0,26.9,26.9,27.0,27.0,27.0,27.1,26.9,26.9,27.1
64,27.0,26.9,27.1,27.1,27.0,27.0,27.1,27.0,27.1,27.1,27.2,27.0,27.3,27.2,27.2,27.3,27.1,27.3,27.3,27.2,27.4,28.0,28.2,28.9,29.2,29.1,29.0,28.8,28.5,28.4,28.1,28.0,27.7,27.9,28.2,28.9,29.1,28.9,29.0,28.7,28.2,27.4,26.8,26.4,26.4,26.5,26.4,26.3,26.4,26.3,26.3,26.5,26.5,26.5,26.4,26.4,26.4,26.5,26.5,26.4,26.4,26.4,26.3,26.4,26.4,26.4,26.2,26.3,26.3,26.4,26.3,26.4,26.4,26.4,26.4,26.3,26.2,26.3,26.2,26.3,26.3,26.4,26.4,26.2,26.4,26.3,26.4,26.4,26.2,26.4,26.4,26.4,26.5,26.8,27.1,28.0,28.8,29.6,30.0,30.2,30.5,30.4,30.4,30.2,30.4,30.3,30.2,30.1,30.2,30.1,30.2,30.1,29.8,29.8,29.1,28.1,27.3,26.9,26.5,26.3,26.3,26.2,26.2,26.4,26.1,26.1,26.2,26.2,26.2,26.4,26.5,26.9,26.9,26.9,27.0,27.1,27.1,27.1,27.2,27.3,27.2,27.1,27.2,27.3,27.2,27.3,27.2,27.2,27.2,27.3,27.3,27.3,27.2,27.2,27.2,27.2,27.1,27.1,27.2,27.2,27.0,27.2,27.3,27.1,27.1,27.1,27.1,27.2,27.2,27.1,27.1,27.1,27.2,27.1,27.2,27.0,26.9,27.0,27.0,27.1,27.1,27.0,26.9,27.0,27.1,26.9,27.1,26.9,27.1,27.0,27.1,27.1
65,27.0,27.0,27.1,27.0,27.0,27.1,27.2,27.0,27.1,27.1,27.2,27.1,27.3,27.1,27.2,27.2,27.1,27.4,27.2,27.3,27.5,28.0,28.3,28.8,29.1,29.1,29.0,29.0,28.9,28.6,28.6,28.4,28.1,27.9,28.1,28.5,29.0,29.1,28.9,28.8,28.1,27.6,26.8,26.5,26.3,26.5,26.3,26.4,26.5,26.4,26.4,26.3,26.3,26.3,26.5,26.4,26.5,26.4,26.4,26.2,26.5,26.2,26.4,26.3,26.5,26.3,26.2,26.3,26.3,26.2,26.4,26.2,26.2,26.3,26.3,26.3,26.4,26.2,26.2,26.4,26.4,26.3,26.2,26.3,26.4,26.3,26.4,26.4,26.2,26.3,26.4,26.3,26.4,26.7,27.1,27.8,28.7,29.5,29.9,30.1,30.2,30.2,30.0,30.2,30.1,30.1,30.1,30.1,30.1,30.1,30.2,30.0,30.1,29.9,29.0,28.2,27.4,26.8,26.6,26.4,26.3,26.4,26.3,26.4,26.1,26.2,26.0,26.1,26.2,26.4,26.6,26.7,26.9,27.0,26.8,27.1,27.0,27.2,27.2,27.2,27.2,27.2,27.1,27.2,27.2,27.3,27.2,27.3,27.3,27.2,27.2,27.2,27.4,27.5,27.3,27.2,27.3,27.1,27.1,27.2,27.1,27.2,27.2,27.2,27.4,27.2,27.1,27.1,27.2,27.2,27.1,27.2,27.1,27.1,27.1,27.0,27.2,27.1,27.1,27.1,27.1,27.0,27.0,27.1,27.1,27.0,27.1,27.0,26.8,26.9,26.8,26.9
66,26.9,27.0,27.1,27.1,27.0,27.1,27.1,27.2,27.3,27.1,27.2,27.0,27.4,27.2,27.2,27.3,27.2,27.3,27.3,27.3,27.7,28.0,28.3,28.9,29.0,29.0,28.9,28.8,28.7,28.7,28.5,28.6,28.6,28.3,28.3,28.8,28.9,29.1,28.9,28.7,28.1,27.5,27.0,26.6,26.6,26.6,26.4,26.5,26.6,26.4,26.4,26.4,26.3,26.5,26.3,26.2,26.5,26.2,26.2,26.4,26.2,26.2,26.3,26.4,26.3,26.4,26.4,26.2,26.2,26.2,26.3,26.3,26.4,26.4,26.2,26.3,26.2,26.3,26.3,26.4,26.2,26.4,26.2,26.4,26.4,26.4,26.3,26.3,26.2,26.3,26.3,26.3,26.4,26.8,27.0,27.6,28.5,29.0,29.6,29.5,29.8,29.8,29.8,29.7,29.8,29.7,29.8,29.8,29.8,29.8,29.8,29.6,29.8,29.5,28.8,27.9,27.1,27.0,26.5,26.2,26.3,26.1,26.2,26.3,26.0,26.2,26.1,26.2,26.4,26.5,26.7,26.7,26.9,26.9,27.1,27.1,27.1,27.0,27.3,27.3,27.1,27.1,27.2,27.2,27.1,27.2,27.1,27.3,27.2,27.2,27.2,27.3,27.3,27.2,27.3,27.2,27.3,27.2,27.2,27.2,27.1,27.2,27.2,27.4,27.1,27.2,27.0,27.3,27.1,27.1,27.2,27.1,27.1,27.1,27.2,27.1,27.0,27.0,27.0,27.0,26.8,27.1,27.2,27.1,26.9,26.9,27.1,27.0,27.0,26.9,26.9,27.1
67,27.4,27.1,27.1,27.2,27.2,27.3,27.2,27.0,27.3,27.1,27.2,27.2,27.2,27.3,27.3,27.3,27.2,27.3,27.3,27.5,27.6,28.1,28.6,29.0,29.0,29.0,28.8,28.7,28.6,28.5,28.5,28.7,28.7,28.7,28.8,28.9,29.1,29.0,29.0,28.6,28.3,27.6,26.9,26.6,26.6,26.6,26.5,26.4,26.5,26.4,26.4,26.3,26.5,26.3,26.3,26.4,26.5,26.4,26.5,26.4,26.3,26.5,26.5,26.4,26.2,26.3,26.3,26.4,26.2,26.3,26.4,26.3,26.3,26.4,26.4,26.3,26.2,26.4,26.3,26.4,26.4,26.4,26.3,26.3,26.4,26.4,26.5,26.4,26.3,26.4,26.2,26.4,26.4,26.8,27.1,27.4,28.0,28.6,28.9,29.2,29.2,29.2,29.2,29.3,29.2,29.3,29.4,29.2,29.0,29.0,29.2,29.0,29.0,29.1,28.3,27.7,27.0,26.8,26.5,26.2,26.2,26.2,26.2,26.2,26.2,26.2,26.2,26.2,26.4,26.5,26.5,26.7,26.9,27.0,27.2,27.1,27.1,27.2,27.1,27.3,27.3,27.3,27.1,27.3,27.3,27.3,27.2,27.2,27.3,27.3,27.3,27.5,27.1,27.2,27.3,27.3,27.2,27.2,27.3,27.2,27.2,27.2,27.3,27.2,27.1,27.1,27.1,27.4,27.3,27.2,27.2,27.1,27.2,27.1,27.0,27.2,27.2,27.1,27.0,27.1,27.1,27.1,27.1,27.0,27.1,27.0,26.9,27.0,27.1,26.9,26.9,26.9
68,27.1,27.2,27.0,27.1,27.1,27.1,27.0,27.2,27.2,27.2,27.3,27.3,27.2,27.3,27.3,27.2,27.4,27.5,27.3,27.5,27.8,28.0,28.5,28.9,29.2,29.1,29.0,28.8,28.7,28.7,29.0,29.0,28.9,28.9,29.2,29.1,29.2,29.2,29.1,28.8,28.4,27.4,26.9,26.7,26.6,26.7,26.6,26.4,26.4,26.3,26.5,26.5,26.4,26.4,26.2,26.4,26.4,26.4,26.4,26.4,26.4,26.2,26.4,26.5,26.4,26.4,26.2,26.4,26.3,26.3,26.4,26.3,26.3,26.2,26.2,26.4,26.3,26.3,26.2,26.2,26.3,26.2,26.2,26.2,26.4,26.3,26.3,26.4,26.4,26.3,26.2,26.3,26.4,26.7,26.7,27.2,27.6,28.0,28.0,28.1,28.3,28.3,28.4,28.5,28.3,28.3,28.4,28.3,28.4,28.3,28.4,28.2,28.1,28.3,27.8,27.3,26.9,26.6,26.4,26.2,26.1,26.2,26.2,26.3,26.1,26.1,25.9,25.9,26.2,26.3,26.6,26.8,26.9,27.1,26.9,27.2,27.1,27.1,27.2,27.2,27.4,27.3,27.3,27.1,27.3,27.2,27.2,27.3,27.1,27.2,27.2,27.2,27.3,27.3,27.2,27.2,27.1,27.3,27.4,27.3,27.0,27.2,27.2,27.2,27.2,26.9,27.2,27.3,27.3,27.2,27.2,26.9,27.1,27.1,26.9,27.1,26.9,27.2,27.1,27.1,26.9,27.1,27.0,27.1,27.0,27.0,26.9,26.9,27.0,26.9,26.9,26.9
69,27.1,27.2,27.0,27.1,27.1,27.1,27.2,27.1,27.3,27.4,27.3,27.3,27.2,27.2,27.3,27.3,27.4,27.3,27.4,27.4,27.7,28.0,28.5,28.9,29.3,29.3,29.3,29.2,29.2,29.2,29.2,29.2,29.2,29.3,29.2,29.2,29.1,29.0,29.1,28.9,28.2,27.6,26.9,26.6,26.7,26.8,26.6,26.5,26.6,26.4,26.5,26.2,26.4,26.3,26.3,26.4,26.5,26.6,26.5,26.4,26.5,26.4,26.3,26.3,26.4,26.3,26.3,26.4,26.3,26.3,26.5,26.3,26.3,26.4,26.4,26.3,26.2,26.3,26.2,26.3,26.2,26.4,26.5,26.3,26.3,26.4,26.4,26.3,26.2,26.3,26.3,26.4,26.5,26.3,26.5,26.6,27.0,27.1,27.4,27.3,27.6,27.6,27.6,27.5,27.5,27.4,27.3,27.4,27.3,27.4,27.3,27.4,27.3,27.3,27.0,26.9,26.6,26.7,26.2,26.3,26.2,26.2,26.2,26.2,26.1,26.0,26.2,26.1,26.4,26.4,26.5,26.6,26.9,26.8,27.1,27.1,27.0,27.2,27.2,27.2,27.2,27.2,27.3,27.4,27.2,27.2,27.2,27.1,27.3,27.2,27.2,27.3,27.3,27.3,27.3,27.2,27.3,27.1,27.4,27.2,27.1,27.2,27.2,27.3,27.2,27.2,27.1,27.3,27.3,27.1,27.1,27.1,27.2,27.1,27.1,27.1,27.0,27.0,27.1,27.1,27.2,27.1,27.0,27.1,27.0,26.9,27.1,27.0,27.0,26.8,26.9,27.2
70,27.1,27.1,27.2,27.2,27.1,27.1,27.1,27.2,27.1,27.2,27.5,27.2,27.3,27.2,27.2,27.3,27.3,27.2,27.4,27.5,27.6,28.2,28.4,29.0,29.2,29.1,29.2,29.2,29.1,29.2,29.4,29.3,29.2,29.2,29.2,29.2,29.2,29.0,29.0,28.6,28.2,27.5,27.0,26.7,26.6,26.7,26.6,26.5,26.4,26.4,26.4,26.4,26.2,26.2,26.3,26.3,26.4,26.4,26.3,26.4,26.3,26.3,26.2,26.4,26.3,26.4,26.2,26.0,26.3,26.2,26.2,26.4,26.3,26.2,26.3,26.4,26.4,26.4,26.4,26.4,26.3,26.3,26.2,26.3,26.4,26.4,26.2,26.4,26.4,26.4,26.3,26.3,26.3,26.3,26.3,26.5,26.7,26.9,27.0,27.0,27.2,27.0,27.0,26.9,27.1,27.2,26.9,26.9,27.0,27.0,26.9,26.9,26.8,27.0,26.7,26.6,26.5,26.7,26.4,26.3,26.2,26.2,26.4,26.4,26.1,26.1,26.1,26.2,26.4,26.4,26.5,26.7,26.9,26.9,26.9,27.1,27.0,27.2,27.1,27.3,27.2,27.3,27.1,27.3,27.1,27.4,27.3,27.3,27.3,27.3,27.2,27.1,27.4,27.3,27.3,27.2,27.2,27.2,27.2,27.1,27.2,27.2,27.3,27.2,27.1,27.3,27.4,26.9,27.1,27.0,27.3,27.1,27.0,27.2,27.0,27.2,27.1,27.1,27.1,27.0,27.0,27.1,26.9,27.3,27.0,26.9,27.0,26.9,27.1,27.1,26.9,27.1
71,27.2,27.1,27.1,27.3,27.2,27.1,27.2,27.1,27.2,27.2,27.2,27.3,27.3,27.3,27.3,27.3,27.3,27.2,27.3,27.4,27.6,28.1,28.6,29.0,29.3,29.2,29.3,29.2,29.3,29.2,29.4,29.2,29.2,29.2,29.1,29.2,29.2,29.1,29.1,28.5,28.2,27.5,26.7,26.7,26.6,26.6,26.6,26.5,26.3,26.6,26.4,26.3,26.2,26.4,26.3,26.4,26.2,26.4,26.3,26.4,26.2,26.3,26.2,26.4,26.4,26.3,26.3,26.3,26.4,26.3,26.2,26.4,26.3,26.1,26.2,26.1,26.2,26.4,26.2,26.3,26.3,26.3,26.2,26.4,26.4,26.4,26.3,26.3,26.2,26.4,26.3,26.3,26.4,26.3,26.4,26.2,26.6,26.6,26.7,26.7,26.8,26.9,27.0,26.8,26.6,26.7,26.6,26.6,26.7,26.8,26.6,26.8,26.7,26.6,26.5,26.4,26.8,26.8,26.5,26.3,26.1,26.2,26.0,26.2,26.1,26.1,26.1,26.2,26.3,26.3,26.4,26.5,26.8,26.9,26.9,26.9,27.1,27.3,27.1,27.2,27.1,27.1,27.3,27.4,27.3,27.2,27.1,27.3,27.3,27.1,27.3,27.2,27.1,27.2,27.3,27.2,27.3,27.2,27.2,27.1,27.1,27.1,27.0,27.3,27.2,27.1,27.0,27.2,27.2,27.2,27.1,27.3,27.0,27.1,27.1,27.1,27.3,27.1,27.0,27.0,27.0,27.2,27.0,27.1,27.2,27.0,26.9,26.9,26.9,26.9,27.0,27.1
72,27.1,27.1,27.2,27.1,27.2,27.1,27.1,27.3,27.3,27.2,27.2,27.4,27.3,27.2,27.2,27.3,27.4,27.2,27.5,27.4,27.7,28.1,28.5,28.9,29.1,29.2,29.2,29.3,29.2,29.2,29.1,29.3,29.2,29.2,29.2,29.2,29.1,29.1,29.0,28.6,28.3,27.4,26.7,26.8,26.7,26.7,26.6,26.5,26.4,26.4,26.3,26.6,26.3,26.3,26.3,26.3,26.4,26.3,26.4,26.3,26.2,26.4,26.4,26.3,26.4,26.4,26.2,26.3,26.3,26.4,26.3,26.3,26.4,26.2,26.3,26.3,26.3,26.3,26.3,26.3,26.2,26.4,26.4,26.3,26.5,26.4,26.4,26.4,26.2,26.3,26.4,26.4,26.3,26.3,26.2,26.3,26.5,26.4,26.7,26.6,26.6,26.7,26.5,26.5,26.7,26.6,26.9,26.9,26.6,26.7,26.6,26.6,26.7,26.5,26.6,26.6,26.7,26.6,26.5,26.3,26.0,26.1,26.2,26.1,26.2,26.1,26.0,26.2,26.2,26.3,26.5,26.7,26.9,26.8,26.9,26.9,27.2,27.1,27.0,27.1,27.1,27.1,27.4,27.0,27.2,27.2,27.2,27.3,27.3,27.0,27.0,27.3,27.3,27.3,27.3,27.4,27.2,27.2,27.3,27.2,27.2,27.2,27.2,27.2,27.1,27.1,27.3,27.1,27.4,27.1,27.1,27.1,27.1,27.2,27.1,27.0,27.1,27.1,27.1,26.8,26.9,27.1,27.0,27.1,27.0,27.0,27.1,27.0,27.0,26.8,26.9,26.9
73,27.2,27.3,27.2,27.3,27.2,27.3,27.3,27.3,27.2,27.2,27.3,27.3,27.5,27.3,27.2,27.4,27.2,27.3,27.3,27.6,27.8,28.0,28.6,29.1,29.1,29.1,29.2,29.2,29.2,29.2,29.2,29.3,29.4,29.2,29.1,29.2,29.2,29.2,29.0,28.8,28.1,27.6,27.0,26.9,26.6,26.6,26.6,26.5,26.4,26.3,26.5,26.3,26.3,26.3,26.2,26.2,26.5,26.4,26.4,26.3,26.2,26.2,26.3,26.2,26.3,26.2,26.2,26.3,26.2,26.2,26.2,26.3,26.2,26.2,26.3,26.3,26.1,26.2,26.4,26.2,26.1,26.1,26.1,26.3,26.3,26.3,26.4,26.4,26.4,26.4,26.3,26.3,26.2,26.2,26.3,26.3,26.4,26.4,26.4,26.6,26.6,26.4,26.5,26.7,26.8,27.0,27.0,27.1,27.1,27.0,26.7,26.6,26.4,26.6,26.6,26.7,26.8,26.8,26.7,26.3,26.2,26.0,26.1,26.2,26.0,26.1,26.0,26.0,26.3,26.2,26.4,26.6,26.7,27.0,27.0,27.0,26.9,27.1,27.1,27.1,27.1,27.4,27.2,27.2,27.2,27.1,27.2,27.3,27.2,27.1,27.3,27.3,27.3,27.1,27.3,27.1,27.1,27.1,27.1,27.3,27.3,27.2,27.1,27.1,27.1,27.1,27.3,27.1,27.2,27.3,27.1,27.0,27.0,27.0,26.9,27.1,27.1,27.0,26.9,27.1,26.8,27.0,27.0,27.1,27.1,27.1,26.9,27.1,26.9,27.0,26.8,27.0
74,27.2,27.2,27.3,27.0,27.2,27.1,27.2,27.3,27.4,27.4,27.5,27.3,27.4,27.4,27.4,27.4,27.4,27.5,27.3,27.5,27.7,28.2,28.6,28.9,29.2,29.2,29.1,29.0,29.0,29.2,29.2,29.1,29.1,29.3,29.2,29.0,29.2,29.3,29.0,28.7,28.2,27.5,26.9,26.6,26.6,26.7,26.5,26.5,26.3,26.4,26.4,26.3,26.4,26.6,26.5,26.3,26.4,26.3,26.3,26.2,26.4,26.3,26.3,26.2,26.3,26.3,26.3,26.3,26.2,26.2,26.3,26.3,26.3,26.2,26.2,26.2,26.2,26.2,26.4,26.4,26.4,26.2,26.4,26.4,26.3,26.2,26.4,26.4,26.3,26.2,26.3,26.3,26.4,26.3,26.3,26.2,26.4,26.4,26.4,26.3,26.4,26.5,26.4,26.8,27.1,27.3,27.5,27.6,27.5,27.6,27.3,26.9,26.9,26.7,26.6,26.9,26.9,27.0,26.6,26.3,26.2,26.1,26.1,26.2,26.1,26.0,26.0,26.0,26.3,26.4,26.4,26.7,26.8,27.0,27.0,27.1,27.2,27.1,27.2,27.2,27.2,27.3,27.1,27.2,27.2,27.3,27.3,27.3,27.4,27.4,27.3,27.5,27.2,27.3,27.3,27.3,27.4,27.1,27.3,27.3,27.3,27.2,27.1,27.4,27.1,27.3,27.2,27.3,27.3,27.1,27.2,27.1,27.1,27.0,27.0,26.9,27.2,27.2,27.1,27.1,27.0,27.2,27.1,27.1,27.1,26.9,27.1,27.1,27.0,27.0,27.0,27.0
75,27.1,27.2,27.2,27.2,27.4,27.3,27.1,27.2,27.3,27.2,27.3,27.4,27.5,27.5,27.3,27.2,27.3,27.3,27.4,27.6,27.9,28.2,28.7,28.9,29.1,28.8,29.1,28.6,28.8,28.8,28.8,28.9,28.8,29.2,29.1,29.1,29.2,29.0,28.8,28.6,28.2,27.4,26.9,26.8,26.7,26.6,26.6,26.4,26.4,26.3,26.2,26.3,26.4,26.4,26.4,26.4,26.4,26.5,26.3,26.3,26.4,26.4,26.3,26.3,26.4,26.3,26.4,26.2,26.2,26.3,26.4,26.2,26.2,26.2,26.2,26.2,26.2,26.4,26.3,26.3,26.3,26.2,26.2,26.4,26.2,26.3,26.3,26.4,26.4,26.2,26.4,26.4,26.3,26.6,26.2,26.2,26.3,26.3,26.2,26.4,26.4,26.5,26.7,27.1,27.7,28.0,27.9,28.1,27.9,27.9,27.5,27.2,26.9,26.8,26.6,26.8,26.6,26.8,26.6,26.5,26.2,26.1,26.1,26.3,26.1,26.1,26.0,26.0,26.2,26.3,26.6,26.7,26.8,26.9,26.9,26.9,27.1,27.0,27.1,27.2,27.3,27.2,27.3,27.3,27.1,27.4,27.1,27.2,27.3,27.4,27.3,27.3,27.3,27.2,27.2,27.2,27.2,27.1,27.2,27.3,27.2,27.3,27.3,27.2,27.2,27.1,27.2,27.1,27.3,27.0,27.2,27.1,27.0,27.1,27.1,27.1,27.1,27.1,27.1,27.3,27.1,27.1,27.3,27.0,27.1,27.0,27.0,27.1,27.1,26.9,26.9,27.1
76,27.3,27.3,27.2,27.3,27.1,27.3,27.3,27.4,27.4,27.4,27.3,27.4,27.3,27.5,27.5,27.4,27.5,27.5,27.4,27.5,27.7,28.2,28.8,28.9,28.9,29.0,28.8,28.4,28.5,28.4,28.5,28.4,28.6,28.9,29.0,29.0,29.3,29.2,29.1,28.6,28.1,27.6,26.8,26.9,26.6,26.7,26.5,26.5,26.1,26.4,26.3,26.3,26.4,26.4,26.4,26.3,26.3,26.2,26.4,26.4,26.4,26.2,26.4,26.4,26.2,26.4,26.3,26.4,26.3,26.4,26.2,26.3,26.3,26.3,26.3,26.3,26.4,26.2,26.2,26.3,26.3,26.3,26.3,26.4,26.2,26.3,26.2,26.4,26.4,26.4,26.4,26.4,26.4,26.5,26.4,26.3,26.4,26.5,26.3,26.4,26.5,26.6,27.1,27.8,28.0,28.2,28.2,28.1,28.1,28.1,28.1,27.7,27.1,26.9,26.6,26.6,26.9,27.0,26.6,26.3,26.1,26.2,26.3,26.3,26.1,26.1,26.0,26.2,26.3,26.4,26.5,26.5,26.9,27.1,27.1,27.2,27.2,27.2,27.1,27.3,27.2,27.3,27.3,27.3,27.3,27.5,27.3,27.2,27.4,27.3,27.3,27.2,27.5,27.4,27.3,27.3,27.2,27.3,27.3,27.3,27.2,27.3,27.3,27.3,27.2,27.1,27.3,27.1,27.2,27.2,27.3,27.3,27.3,27.1,27.2,27.2,27.2,27.1,27.1,27.2,27.0,27.2,27.0,27.0,27.0,27.1,27.1,27.1,27.0,27.1,27.0,27.1
77,27.2,27.2,27.3,27.3,27.4,27.5,27.3,27.3,27.3,27.4,27.3,27.4,27.4,27.4,27.4,27.5,27.4,27.6,27.6,27.6,28.0,28.4,28.6,29.1,29.1,28.8,28.5,28.4,28.2,28.2,28.0,27.9,28.0,28.0,28.6,29.0,29.2,29.0,28.9,28.7,28.0,27.5,27.0,26.6,26.7,26.6,26.5,26.3,26.4,26.3,26.4,26.4,26.3,26.4,26.4,26.4,26.5,26.5,26.4,26.4,26.3,26.2,26.3,26.5,26.3,26.4,26.2,26.3,26.3,26.4,26.2,26.4,26.4,26.3,26.4,26.3,26.3,26.3,26.2,26.4,26.4,26.3,26.4,26.4,26.3,26.2,26.4,26.4,26.2,26.3,26.2,26.4,26.4,26.4,26.4,26.4,26.3,26.3,26.4,26.3,26.5,26.7,27.3,27.8,28.2,27.9,27.7,27.4,27.7,28.1,28.3,28.1,27.4,26.9,26.4,26.6,26.5,26.6,26.5,26.2,26.2,26.2,26.2,26.2,26.2,26.1,26.1,26.2,26.1,26.4,26.4,26.6,26.7,27.0,27.0,27.1,27.2,27.2,27.1,27.2,27.1,27.3,27.4,27.1,27.3,27.3,27.2,27.3,27.4,27.3,27.2,27.3,27.5,27.3,27.3,27.3,27.3,27.3,27.3,27.3,27.4,27.1,27.2,27.3,27.3,27.2,27.2,27.1,27.2,27.2,27.1,27.2,27.3,27.3,27.2,27.2,27.1,27.1,27.1,27.3,27.1,27.1,27.0,27.0,27.0,27.0,27.2,27.0,27.0,27.1,27.0,27.1
78,27.1,27.3,27.3,27.3,27.2,27.3,27.4,27.4,27.4,27.3,27.5,27.3,27.3,27.3,27.4,27.3,27.3,27.4,27.3,27.5,27.7,28.1,28.6,29.2,29.2,28.8,28.8,28.7,28.6,28.4,28.3,28.0,28.2,28.0,28.3,29.1,29.1,29.0,28.9,28.7,28.2,27.6,26.9,26.9,26.7,26.6,26.4,26.4,26.4,26.3,26.2,26.3,26.3,26.4,26.4,26.4,26.4,26.4,26.4,26.5,26.4,26.4,26.2,26.4,26.2,26.5,26.3,26.1,26.4,26.1,26.2,26.3,26.3,26.4,26.3,26.2,26.3,26.3,26.2,26.3,26.2,26.2,26.3,26.1,26.2,26.3,26.3,26.3,26.3,26.2,26.3,26.2,26.3,26.4,26.4,26.2,26.2,26.2,26.2,26.4,26.4,26.6,27.3,28.0,28.0,27.6,27.2,27.2,27.5,27.8,28.3,28.0,27.4,26.8,26.6,26.5,26.4,26.5,26.4,26.2,26.1,26.0,26.1,26.1,26.3,26.0,26.1,26.1,26.2,26.3,26.4,26.7,26.8,26.9,27.0,27.1,27.1,26.9,27.3,27.2,27.2,27.2,27.3,27.1,27.3,27.1,27.3,27.3,27.3,27.3,27.3,27.3,27.3,27.3,27.3,27.1,27.3,27.2,27.2,27.3,27.2,27.4,27.2,27.0,27.2,27.2,27.1,27.3,27.3,27.3,27.1,27.2,27.1,27.2,27.1,27.1,27.1,26.9,27.1,27.1,26.9,27.3,26.9,27.0,27.1,27.0,27.0,27.1,26.9,27.1,26.9,27.1
79,27.3,27.3,27.5,27.3,27.4,27.5,27.6,27.3,27.4,27.3,27.4,27.5,27.6,27.5,27.4,27.5,27.5,27.6,27.3,27.5,27.8,28.3,28.8,29.2,29.1,29.1,29.0,28.8,28.7,28.6,28.6,28.5,28.4,28.3,28.7,29.0,29.0,29.0,28.9,28.6,28.3,27.6,27.0,26.9,26.6,26.9,26.5,26.6,26.3,26.5,26.4,26.2,26.3,26.3,26.4,26.5,26.4,26.5,26.4,26.2,26.5,26.4,26.4,26.3,26.3,26.3,26.3,26.2,26.2,26.3,26.4,26.2,26.3,26.3,26.3,26.3,26.4,26.3,26.3,26.4,26.2,26.3,26.3,26.4,26.4,26.3,26.4,26.3,26.3,26.3,26.4,26.3,26.5,26.4,26.3,26.3,26.4,26.4,26.4,26.4,26.5,26.7,27.2,27.9,28.2,27.9,27.4,27.4,27.4,27.8,28.2,28.2,27.4,26.8,26.5,26.4,26.3,26.4,26.4,26.2,26.1,26.0,26.1,26.3,26.2,26.3,26.2,26.3,26.3,26.3,26.5,26.7,26.9,27.1,27.0,27.0,27.1,27.2,27.2,27.2,27.0,27.2,27.1,27.2,27.4,27.2,27.1,27.3,27.3,27.4,27.3,27.2,27.2,27.3,27.4,27.3,27.3,27.3,27.3,27.3,27.1,27.3,27.3,27.2,27.3,27.2,27.1,27.1,27.2,27.3,27.2,27.1,27.2,27.3,27.2,27.3,27.3,27.2,27.2,27.1,27.1,27.0,27.1,27.1,27.1,27.1,27.1,27.1,27.2,27.0,26.9,27.1
80,27.3,27.3,27.3,27.5,27.3,27.3,27.5,27.4,27.4,27.4,27.5,27.4,27.6,27.3,27.3,27.3,27.2,27.3,27.4,27.7,27.9,28.4,28.8,29.1,29.0,28.8,28.8,28.6,28.4,28.5,28.5,28.7,28.4,28.5,28.7,28.9,29.1,28.7,28.7,28.7,28.3,27.9,27.1,26.9,26.7,26.6,26.6,26.4,26.4,26.5,26.4,26.3,26.4,26.4,26.5,26.4,26.3,26.4,26.4,26.4,26.4,26.4,26.3,26.3,26.4,26.2,26.3,26.4,26.2,26.3,26.4,26.2,26.2,26.2,26.4,26.4,26.2,26.2,26.2,26.2,26.3,26.3,26.2,26.3,26.2,26.3,26.3,26.3,26.3,26.2,26.3,26.2,26.3,26.3,26.4,26.3,26.3,26.3,26.1,26.2,26.2,26.5,26.9,27.8,27.9,28.0,27.8,27.6,27.6,28.0,28.2,27.9,27.2,26.7,26.4,26.4,26.5,26.5,26.3,26.2,26.2,26.2,26.0,26.3,26.1,26.1,26.0,26.1,26.3,26.3,26.3,26.8,26.8,26.9,26.9,26.9,27.0,27.1,27.1,27.3,27.2,27.1,27.3,27.3,27.1,27.3,27.3,27.4,27.3,27.3,27.4,27.3,27.3,27.2,27.4,27.5,27.4,27.2,27.4,27.4,27.2,27.2,27.2,27.3,27.3,27.0,27.2,27.2,27.1,27.1,27.1,27.1,27.2,27.1,27.1,27.2,27.2,27.1,27.0,27.1,27.1,27.2,26.9,27.0,27.0,27.1,27.1,26.9,27.1,26.9,27.0,27.2
81,27.3,27.4,27.3,27.3,27.2,27.3,27.3,27.3,27.5,27.4,27.5,27.3,27.4,27.3,27.3,27.5,27.4,27.3,27.5,27.6,27.9,28.2,28.9,29.2,28.9,29.0,28.8,28.5,28.5,28.6,28.8,28.8,28.8,29.0,28.8,28.7,28.7,28.3,28.5,28.6,28.4,28.0,27.3,26.9,26.6,26.5,26.4,26.4,26.3,26.5,26.4,26.3,26.3,26.3,26.4,26.4,26.2,26.4,26.2,26.4,26.4,26.5,26.4,26.2,26.4,26.2,26.2,26.2,26.3,26.4,26.4,26.4,26.3,26.2,26.2,26.4,26.2,26.4,26.2,26.1,26.2,26.3,26.3,26.3,26.2,26.3,26.3,26.4,26.2,26.3,26.1,26.2,26.3,26.2,26.2,26.3,26.3,26.3,26.2,26.4,26.5,26.5,26.8,27.3,27.9,27.9,27.7,27.6,27.8,28.0,28.0,27.6,27.1,26.6,26.6,26.6,26.4,26.3,26.4,26.2,26.2,26.1,26.0,26.2,26.0,25.9,26.1,26.1,26.2,26.2,26.4,26.5,26.6,26.8,27.0,27.1,27.0,27.0,27.2,27.2,26.9,27.2,27.2,27.0,27.3,27.0,27.2,27.3,27.3,27.2,27.2,27.4,27.4,27.3,27.3,27.2,27.2,27.2,27.1,27.3,27.1,27.3,27.2,27.2,27.3,27.1,27.2,27.0,27.1,27.1,27.1,27.2,27.2,27.1,27.0,27.1,27.2,27.0,27.1,27.1,26.9,27.1,27.0,27.0,27.0,27.1,27.1,27.0,26.9,26.9,26.9,27.0
82,27.3,27.2,27.1,27.5,27.1,27.3,27.3,27.4,27.3,27.4,27.4,27.3,27.4,27.2,27.3,27.3,27.2,27.2,27.5,27.7,27.9,28.2,28.8,29.1,29.2,29.0,29.0,29.2,29.1,29.1,29.1,29.1,29.0,28.9,28.8,28.5,28.3,27.9,28.0,28.2,28.2,28.0,27.6,26.9,26.6,26.3,26.3,26.4,26.3,26.4,26.4,26.3,26.2,26.4,26.3,26.4,26.2,26.4,26.2,26.2,26.4,26.2,26.2,26.2,26.2,26.4,26.2,26.3,26.3,26.2,26.2,26.1,26.1,26.2,26.4,26.3,26.1,26.3,26.3,26.2,26.1,26.3,26.2,26.2,26.1,26.2,26.2,26.2,26.2,26.3,26.2,26.3,26.2,26.2,26.0,26.2,26.2,26.1,26.1,26.2,26.3,26.3,26.5,27.0,27.4,27.7,27.9,27.8,28.0,27.7,27.6,27.1,26.7,26.7,26.5,26.8,26.7,26.7,26.5,26.2,26.1,26.0,26.2,26.2,26.1,26.0,26.1,25.9,26.1,26.2,26.2,26.6,26.6,26.8,27.0,26.9,27.1,27.0,27.1,27.2,27.0,27.2,27.2,27.1,27.2,27.1,27.2,27.3,27.3,27.3,27.4,27.4,27.3,27.2,27.1,27.2,27.1,27.3,27.3,27.2,27.1,27.1,27.0,27.3,27.2,27.1,27.1,27.1,27.2,27.2,27.3,26.9,27.1,27.1,27.0,27.1,27.1,27.1,27.1,27.2,27.0,26.9,27.2,26.9,27.1,26.8,26.9,27.1,27.0,26.9,26.9,27.0
83,27.3,27.4,27.4,27.4,27.3,27.3,27.4,27.2,27.3,27.4,27.5,27.5,27.7,27.6,27.4,27.5,27.3,27.4,27.6,27.8,28.0,28.3,28.8,28.9,29.1,29.0,29.0,29.0,29.0,29.0,28.9,28.8,28.8,28.8,28.7,28.5,28.2,27.8,27.9,27.9,27.9,27.9,27.6,27.0,26.6,26.5,26.4,26.3,26.4,26.2,26.4,26.4,26.3,26.3,26.4,26.4,26.3,26.3,26.3,26.2,26.4,26.4,26.2,26.3,26.2,26.3,26.2,26.5,26.2,26.1,26.4,26.3,26.4,26.3,26.3,26.2,26.4,26.2,26.2,26.1,26.3,26.4,26.2,26.3,26.2,26.2,26.3,26.3,26.3,26.4,26.3,26.0,26.1,26.2,26.4,26.4,26.2,26.2,26.4,26.3,26.4,26.2,26.6,26.6,26.8,27.2,27.3,27.6,27.6,27.4,27.2,27.0,26.8,26.9,27.0,27.3,27.3,27.1,26.8,26.5,26.2,26.0,26.1,26.1,26.0,26.2,26.0,26.1,26.1,26.1,26.4,26.5,26.7,26.9,26.9,27.0,27.1,27.3,27.1,27.2,27.2,27.3,27.2,27.2,27.3,27.1,27.2,27.3,27.4,27.5,27.3,27.3,27.3,27.4,27.3,27.2,27.3,27.3,27.3,27.2,27.2,27.3,27.2,27.1,27.3,27.3,27.1,27.1,27.3,27.3,27.3,27.0,27.2,27.1,27.2,27.0,27.2,27.1,27.1,27.2,27.1,27.2,27.1,27.1,27.2,27.0,27.1,27.0,27.0,27.1,27.1,27.1
84,27.3,27.3,27.4,27.3,27.4,27.3,27.5,27.5,27.5,27.5,27.3,27.4,27.6,27.3,27.5,27.4,27.5,27.3,27.3,27.6,27.8,28.0,28.6,28.7,28.8,28.6,28.7,28.6,28.5,28.2,28.5,28.3,28.5,28.2,28.1,27.9,27.8,27.4,27.5,27.5,27.6,27.6,27.4,26.8,26.4,26.3,26.3,26.3,26.3,26.4,26.4,26.3,26.2,26.5,26.2,26.3,26.4,26.5,26.5,26.3,26.3,26.2,26.2,26.4,26.4,26.3,26.2,26.4,26.4,26.4,26.3,26.3,26.2,26.2,26.3,26.3,26.3,26.3,26.2,26.3,26.2,26.4,26.4,26.3,26.3,26.2,26.2,26.3,26.2,26.3,26.2,26.2,26.3,26.2,26.2,26.2,26.2,26.2,26.3,26.4,26.2,26.3,26.4,26.3,26.3,26.5,26.8,27.0,27.0,26.8,26.8,26.7,26.9,26.9,27.3,27.7,27.6,27.3,26.9,26.5,26.2,25.9,26.0,26.2,26.1,26.1,26.0,26.1,26.1,26.4,26.4,26.5,26.8,26.8,26.9,26.9,27.0,27.1,26.9,27.4,27.2,27.3,27.3,27.3,27.1,27.2,27.2,27.2,27.3,27.3,27.3,27.2,27.3,27.2,27.2,27.1,27.4,27.3,27.3,27.3,27.2,27.1,27.3,27.1,27.0,27.2,27.2,27.1,27.3,27.1,27.1,27.1,27.1,27.1,27.2,27.0,27.0,27.0,27.1,27.2,27.1,27.1,27.0,27.1,27.0,27.1,27.0,27.0,27.0,27.0,27.1,27.0
85,27.4,27.4,27.4,27.4,27.3,27.3,27.3,27.4,27.4,27.4,27.3,27.5,27.4,27.4,27.6,27.6,27.5,27.5,27.5,27.5,27.6,27.7,28.0,28.1,28.3,28.0,27.9,27.9,27.8,27.6,27.6,27.9,27.7,27.6,27.5,27.3,27.3,27.2,27.3,27.2,27.3,26.9,26.8,26.6,26.2,26.4,26.3,26.3,26.4,26.3,26.3,26.2,26.4,26.4,26.3,26.3,26.2,26.5,26.3,26.4,26.2,26.4,26.2,26.2,26.4,26.2,26.4,26.3,26.1,26.2,26.3,26.2,26.2,26.4,26.2,26.2,26.2,26.3,26.4,26.3,26.4,26.3,26.2,26.5,26.2,26.2,26.3,26.3,26.2,26.2,26.2,26.2,26.3,26.2,26.0,26.2,26.2,26.2,26.3,26.3,26.3,26.4,26.4,26.3,26.3,26.3,26.4,26.4,26.4,26.6,26.6,26.7,27.0,27.1,27.7,27.8,28.0,27.5,26.9,26.5,26.2,26.1,26.1,26.2,26.2,26.2,26.2,26.1,26.2,26.4,26.4,26.6,26.7,26.9,26.8,27.0,27.1,27.1,27.2,27.1,27.0,27.2,27.2,27.2,27.3,27.1,27.2,27.3,27.2,27.1,27.4,27.4,27.3,27.5,27.3,27.3,27.4,27.3,27.4,27.2,27.3,27.2,27.1,27.3,27.3,27.1,27.1,27.1,27.1,27.1,27.3,27.3,27.3,27.1,27.1,27.1,27.1,27.1,27.1,27.1,27.0,27.2,27.1,27.1,27.0,27.0,27.1,27.1,27.0,26.9,27.0,27.1
86,27.3,27.3,27.3,27.3,27.3,27.3,27.3,27.4,27.4,27.3,27.4,27.3,27.6,27.5,27.4,27.5,27.2,27.4,27.4,27.4,27.5,27.7,27.7,27.7,27.6,27.6,27.4,27.2,27.1,27.0,26.9,26.8,26.8,26.7,26.6,26.6,26.7,26.6,26.8,26.7,26.8,26.8,26.6,26.4,26.4,26.4,26.3,26.2,26.3,26.4,26.3,26.3,26.4,26.4,26.4,26.3,26.3,26.2,26.5,26.4,26.3,26.3,26.4,26.4,26.3,26.3,26.4,26.4,26.2,26.4,26.2,26.2,26.3,26.2,26.2,26.5,26.3,26.4,26.1,26.3,26.2,26.2,26.1,26.2,26.2,26.2,26.2,26.1,26.3,26.2,26.1,26.2,26.2,26.2,26.2,26.2,26.3,26.2,26.3,26.3,26.2,26.4,26.2,26.2,26.2,26.2,26.2,26.3,26.4,26.4,26.6,26.7,26.7,27.1,27.4,27.6,27.8,27.4,27.1,26.6,26.2,26.3,26.2,26.1,26.2,26.0,26.0,26.1,26.2,26.2,26.2,26.5,26.6,26.8,26.9,27.0,27.0,27.1,27.1,27.1,27.3,27.3,27.3,27.2,27.2,27.4,27.3,27.4,27.3,27.3,27.2,27.3,27.3,27.3,27.3,27.3,27.3,27.3,27.2,27.3,27.2,27.3,27.2,27.2,27.3,27.1,27.2,27.3,27.2,27.3,27.2,27.2,27.2,27.1,27.3,27.0,27.2,27.2,27.1,27.1,27.0,27.1,27.0,27.1,27.1,27.1,27.0,26.9,27.1,27.0,27.2,27.1
87,27.2,27.4,27.5,27.6,27.5,27.3,27.4,27.2,27.3,27.3,27.3,27.3,27.7,27.3,27.4,27.3,27.3,27.5,27.4,27.5,27.3,27.5,27.3,27.3,27.3,27.1,27.1,27.0,26.8,26.6,26.5,26.6,26.4,26.5,26.3,26.4,26.4,26.4,26.4,26.5,26.6,26.5,26.6,26.5,26.3,26.4,26.1,26.3,26.4,26.4,26.3,26.3,26.3,26.2,26.2,26.3,26.4,26.5,26.3,26.3,26.4,26.2,26.2,26.4,26.2,26.2,26.4,26.3,26.2,26.4,26.1,26.3,26.2,26.0,26.3,26.2,26.2,26.1,26.2,26.3,26.3,26.2,26.2,26.3,26.2,26.2,26.3,26.3,26.1,26.2,26.2,26.3,26.2,26.3,26.2,26.2,26.2,26.2,26.2,26.1,26.2,26.2,26.3,26.4,26.2,26.3,26.2,26.4,26.4,26.3,26.6,26.7,26.8,26.9,27.3,27.4,27.3,27.1,26.7,26.5,26.2,26.2,26.0,26.2,26.1,26.2,26.1,26.2,26.1,26.2,26.3,26.7,26.8,26.9,26.9,27.0,27.1,27.1,27.1,27.2,27.1,27.2,27.3,27.2,27.2,27.3,27.3,27.3,27.2,27.2,27.2,27.3,27.3,27.3,27.4,27.3,27.3,27.2,27.2,27.3,27.2,27.1,27.1,27.2,27.3,27.2,27.2,27.2,27.3,27.1,27.1,27.1,27.0,27.1,27.2,27.1,27.0,27.1,27.0,27.2,27.0,27.1,27.0,27.1,27.1,27.0,27.1,26.9,27.0,27.1,27.1,27.1
88,27.3,27.4,27.4,27.4,27.2,27.4,27.5,27.3,27.4,27.4,27.4,27.5,27.7,27.4,27.3,27.5,27.4,27.4,27.5,27.5,27.4,27.5,27.6,27.4,27.4,27.3,27.1,27.1,26.7,26.6,26.5,26.5,26.5,26.5,26.4,26.4,26.4,26.4,26.4,26.4,26.7,26.6,26.7,26.6,26.4,26.4,26.4,26.4,26.3,26.5,26.3,26.2,26.4,26.5,26.3,26.5,26.5,26.3,26.3,26.3,26.3,26.2,26.4,26.4,26.4,26.3,26.4,26.4,26.4,26.2,26.3,26.3,26.3,26.3,26.4,26.4,26.3,26.5,26.1,26.4,26.2,26.3,26.3,26.4,26.1,26.3,26.2,26.4,26.3,26.3,26.2,26.2,26.3,26.2,26.2,26.3,26.3,26.2,26.2,26.2,26.3,26.1,26.4,26.3,26.3,26.3,26.2,26.4,26.2,26.4,26.6,26.7,26.7,26.9,26.9,27.0,27.0,26.9,26.8,26.4,26.2,26.0,26.1,26.2,26.1,26.1,26.1,26.0,26.0,26.2,26.2,26.4,26.8,26.8,26.9,26.9,26.9,27.0,27.2,27.1,27.2,27.1,27.1,27.2,27.3,27.4,27.3,27.3,27.3,27.2,27.3,27.3,27.3,27.5,27.3,27.3,27.3,27.2,27.3,27.1,27.0,27.1,27.1,27.2,27.2,27.1,27.2,27.2,27.1,27.1,27.3,27.1,27.1,27.1,27.1,27.0,27.1,27.2,27.1,27.0,27.1,27.2,27.1,27.0,26.9,27.1,26.9,26.9,27.0,27.1,27.1,27.0
89,27.3,27.3,27.3,27.5,27.3,27.3,27.3,27.3,27.4,27.3,27.5,27.3,27.6,27.5,27.5,27.6,27.4,27.4,27.4,27.3,27.4,27.3,27.3,27.3,27.5,27.3,27.2,26.9,26.7,26.6,26.5,26.4,26.5,26.5,26.3,26.6,26.4,26.5,26.4,26.4,26.6,26.7,26.6,26.5,26.4,26.5,26.5,26.4,26.4,26.5,26.3,26.5,26.3,26.2,26.3,26.4,26.3,26.3,26.4,26.4,26.5,26.4,26.4,26.3,26.4,26.5,26.4,26.4,26.3,25.9,26.2,26.3,26.2,26.4,26.4,26.4,26.3,26.4,26.4,26.4,26.3,26.2,26.2,26.2,26.2,26.3,26.3,26.3,26.3,26.3,26.2,26.2,26.0,26.3,26.2,26.3,26.3,26.2,26.2,26.3,26.4,26.3,26.3,26.2,26.3,26.3,26.3,26.1,26.3,26.4,26.7,26.6,26.7,26.9,26.8,26.8,26.7,26.8,26.8,26.4,26.2,26.2,26.2,26.2,26.2,26.1,26.2,26.1,26.3,26.2,26.2,26.4,26.8,26.9,26.9,26.9,27.1,27.1,27.1,27.1,27.3,27.3,27.3,27.2,27.3,27.2,27.1,27.3,27.4,27.2,27.2,27.3,27.2,27.4,27.3,27.3,27.4,27.3,27.4,27.1,27.1,27.2,27.3,27.1,27.3,27.3,27.4,27.3,27.4,27.3,27.1,27.1,27.2,27.2,27.3,27.2,27.1,27.2,27.1,27.2,27.2,27.3,27.0,27.0,27.0,27.0,26.9,27.0,27.1,26.9,27.0,27.2
90,27.3,27.3,27.3,27.2,27.4,27.3,27.4,27.2,27.3,27.4,27.4,27.5,27.3,27.3,27.5,27.5,27.5,27.5,27.6,27.5,27.2,27.4,27.5,27.3,27.4,27.3,27.0,26.9,26.5,26.5,26.5,26.6,26.3,26.3,26.4,26.4,26.4,26.4,26.4,26.4,26.4,26.6,26.4,26.4,26.2,26.4,26.5,26.4,26.4,26.3,26.3,26.4,26.4,26.4,26.4,26.4,26.2,26.3,26.2,26.2,26.3,26.3,26.2,26.2,26.3,26.3,26.3,26.2,26.2,26.3,26.2,26.4,26.3,26.2,26.3,26.3,26.3,26.3,26.4,26.3,26.1,26.2,26.2,26.2,26.4,26.1,26.3,26.3,26.1,26.3,26.1,26.2,26.2,26.1,26.3,26.2,26.3,26.1,26.2,26.2,26.2,26.3,26.2,26.1,26.1,26.2,26.3,26.2,26.1,26.5,26.7,26.5,26.5,26.7,26.6,26.6,26.7,26.7,26.7,26.4,26.3,26.2,26.1,26.0,26.2,26.1,26.0,26.1,26.0,26.2,26.1,26.4,26.6,26.9,26.9,26.9,27.1,26.9,27.2,27.2,27.0,27.1,27.2,27.3,27.3,27.2,27.3,27.3,27.1,27.3,27.3,27.1,27.4,27.2,27.3,27.1,27.2,27.2,27.2,27.3,27.3,27.1,27.1,27.3,27.2,27.2,27.2,27.1,27.2,27.2,27.2,27.2,27.1,27.1,27.2,27.1,27.0,27.2,27.2,27.2,27.0,27.1,27.0,27.1,27.1,26.8,27.1,26.9,26.9,27.0,26.9,27.1
91,27.4,27.5,27.4,27.4,27.3,27.5,27.4,27.4,27.6,27.4,27.5,27.3,27.6,27.5,27.4,27.3,27.5,27.5,27.4,27.4,27.3,27.4,27.3,27.3,27.3,26.9,27.0,26.9,26.6,26.6,26.6,26.5,26.5,26.3,26.4,26.2,26.3,26.4,26.4,26.3,26.4,26.4,26.3,26.3,26.4,26.3,26.4,26.6,26.6,26.4,26.4,26.2,26.2,26.4,26.3,26.4,26.2,26.4,26.2,26.2,26.3,26.2,26.4,26.3,26.2,26.4,26.3,26.4,26.2,26.3,26.3,26.2,26.4,26.3,26.3,26.2,26.2,26.2,26.3,26.3,26.1,26.3,26.4,26.3,26.4,26.1,26.3,26.4,26.3,26.1,26.3,26.4,26.2,26.2,26.3,26.2,26.2,26.2,26.2,26.2,26.2,26.1,26.2,26.3,26.1,26.2,26.3,26.2,26.2,26.5,26.9,26.9,26.8,26.8,26.7,26.8,26.7,26.8,26.9,26.5,26.3,26.2,26.2,26.0,26.0,26.1,26.0,25.9,26.1,26.1,26.2,26.4,26.7,26.9,27.0,26.9,27.0,27.0,27.1,27.1,27.2,27.1,27.1,27.2,27.2,27.3,27.2,27.3,27.3,27.3,27.2,27.2,27.3,27.4,27.3,27.2,27.3,27.3,27.1,27.3,27.1,27.2,27.2,27.3,27.2,27.2,27.2,27.1,27.1,27.1,27.1,27.4,27.2,27.2,27.3,27.1,27.1,27.1,27.0,26.9,27.1,27.1,26.9,27.1,27.1,27.1,27.0,27.0,26.9,27.1,26.9,27.1
92,27.4,27.4,27.5,27.5,27.4,27.3,27.4,27.3,27.4,27.4,27.4,27.5,27.6,27.4,27.3,27.5,27.5,27.4,27.5,27.4,27.3,27.6,27.4,27.3,27.1,27.1,26.9,26.8,26.6,26.5,26.4,26.5,26.5,26.6,26.4,26.2,26.5,26.4,26.3,26.2,26.2,26.4,26.2,26.3,26.4,26.3,26.4,26.4,26.6,26.4,26.4,26.4,26.5,26.4,26.5,26.4,26.4,26.4,26.2,26.2,26.4,26.4,26.3,26.2,26.3,26.4,26.3,26.2,26.3,26.4,26.2,26.2,26.1,26.2,26.2,26.2,26.3,26.4,26.3,26.1,26.3,26.2,26.3,26.3,26.0,26.2,26.4,26.3,26.2,26.2,26.2,26.2,26.1,26.2,26.1,26.3,26.2,26.2,26.2,26.3,26.2,26.4,26.2,26.1,26.2,26.3,26.2,26.2,26.2,26.5,26.6,26.6,26.8,26.7,26.4,26.6,26.6,26.6,26.6,26.4,26.3,26.2,26.2,26.1,26.2,26.1,26.1,25.9,26.0,26.0,26.3,26.4,26.6,26.7,27.1,26.9,27.1,27.0,27.0,27.0,27.1,27.3,27.2,27.2,27.2,27.3,27.4,27.3,27.3,27.2,27.1,27.3,27.4,27.2,27.3,27.4,27.3,27.3,27.4,27.3,27.3,27.2,27.1,27.1,27.2,27.1,27.2,27.4,27.3,27.2,27.1,27.2,27.1,27.3,27.3,27.1,27.1,27.2,27.1,27.1,27.1,27.1,26.9,27.1,27.0,27.0,26.9,27.1,27.1,27.0,26.9,27.0
93,27.3,27.3,27.6,27.4,27.3,27.6,27.5,27.4,27.4,27.5,27.4,27.5,27.4,27.5,27.4,27.3,27.3,27.5,27.4,27.4,27.5,27.4,27.2,27.0,27.0,27.0,26.7,26.5,26.5,26.5,26.6,26.6,26.4,26.4,26.3,26.3,26.3,26.2,26.3,26.2,26.2,26.2,26.3,26.2,26.2,26.1,26.3,26.5,26.4,26.4,26.4,26.2,26.3,26.4,26.3,26.4,26.2,26.3,26.4,26.3,26.5,26.4,26.3,26.3,26.4,26.3,26.2,26.3,26.4,26.3,26.3,26.2,26.3,26.3,26.3,26.3,26.3,26.5,26.4,26.3,26.3,26.2,26.2,26.4,26.3,26.2,26.3,26.2,26.3,26.4,26.2,26.3,26.4,26.3,26.0,26.2,26.2,26.2,26.2,26.3,26.3,26.3,26.2,26.3,26.4,26.3,26.1,26.2,26.3,26.3,26.5,26.7,26.6,26.6,26.6,26.6,26.7,26.7,26.7,26.6,26.3,26.1,26.0,26.1,26.2,26.2,26.2,26.0,26.2,26.3,26.2,26.5,26.6,26.9,27.0,27.1,26.9,27.1,27.2,27.2,27.1,27.2,27.3,27.2,27.3,27.3,27.3,27.2,27.3,27.3,27.2,27.3,27.3,27.3,27.3,27.3,27.2,27.3,27.2,27.2,27.2,27.2,27.2,27.2,27.2,27.1,27.3,27.1,27.2,27.1,27.1,27.1,27.3,27.1,27.2,27.0,27.1,27.2,27.2,27.1,26.9,27.2,27.1,27.1,27.2,27.0,27.2,27.0,27.0,26.9,26.8,27.0
94,27.4,27.5,27.3,27.5,27.5,27.5,27.3,27.2,27.5,27.5,27.5,27.5,27.3,27.6,27.4,27.4,27.4,27.4,27.4,27.3,27.2,27.2,27.1,26.9,26.7,26.8,26.6,26.4,26.3,26.4,26.3,26.5,26.4,26.3,26.3,26.2,26.4,26.2,26.3,26.1,26.3,26.4,26.3,26.3,26.2,26.4,26.3,26.3,26.4,26.4,26.5,26.2,26.4,26.5,26.3,26.2,26.4,26.4,26.3,26.2,26.4,26.1,26.4,26.4,26.3,26.4,26.4,26.1,26.3,26.2,26.1,26.2,26.3,26.4,26.2,26.1,26.3,26.4,26.4,26.4,26.3,26.4,26.3,26.3,26.4,26.3,26.4,26.3,26.2,26.1,26.2,26.4,26.2,26.4,26.2,26.2,26.4,26.2,26.2,26.2,26.3,26.2,26.2,26.3,26.4,26.1,26.2,26.3,26.3,26.3,26.3,26.6,26.5,26.4,26.4,26.6,26.5,26.6,26.6,26.4,26.3,26.3,26.3,26.2,26.2,26.2,26.1,25.9,26.2,26.1,26.2,26.4,26.7,26.7,26.9,27.0,26.9,27.0,27.0,27.1,27.0,27.2,27.2,27.3,27.2,27.3,27.3,27.2,27.3,27.3,27.1,27.4,27.3,27.3,27.2,27.3,27.5,27.2,27.2,27.2,27.3,27.2,27.2,27.1,27.2,27.2,27.2,27.2,27.3,27.1,27.0,27.2,27.1,27.1,27.1,27.2,27.3,27.0,27.2,27.1,26.9,27.1,27.1,27.0,27.2,26.9,27.0,26.8,27.0,26.8,26.9,27.1
95,27.3,27.6,27.3,27.5,27.3,27.5,27.4,27.3,27.3,27.3,27.6,27.4,27.5,27.4,27.4,27.6,27.5,27.3,27.3,27.2,27.0,27.1,26.8,26.4,26.7,26.5,26.4,26.4,26.2,26.4,26.2,26.3,26.5,26.3,26.3,26.3,26.2,26.3,26.3,26.3,26.1,26.4,26.3,26.4,26.2,26.3,26.4,26.3,26.2,26.3,26.3,26.4,26.2,26.3,26.3,26.3,26.5,26.3,26.4,26.2,26.3,26.3,26.3,26.3,26.4,26.4,26.3,26.2,26.3,26.4,26.4,26.3,26.3,26.3,26.3,26.3,26.3,26.3,26.3,26.3,26.1,26.3,26.2,26.2,26.3,26.1,26.3,26.3,26.2,26.2,26.2,26.2,26.1,26.2,26.2,26.1,26.1,26.1,26.2,26.2,26.3,26.3,26.4,26.2,26.2,26.1,26.2,26.2,26.1,26.2,26.3,26.2,26.3,26.3,26.4,26.4,26.4,26.4,26.5,26.5,26.2,26.2,26.0,26.2,26.1,26.1,26.1,25.8,26.1,26.4,26.1,26.4,26.5,26.8,26.9,27.0,27.1,27.0,27.2,27.1,27.2,27.3,27.3,27.2,27.3,27.4,27.1,27.4,27.3,27.2,27.3,27.4,27.2,27.4,27.4,27.2,27.3,27.3,27.3,27.3,27.3,27.2,27.2,27.3,27.3,27.2,27.2,27.3,27.2,27.1,27.1,27.1,27.2,27.1,27.0,27.1,26.9,27.1,27.1,27.2,27.1,27.2,27.1,26.9,27.0,27.0,27.1,27.0,27.0,27.0,27.0,27.1
96,27.4,27.5,27.5,27.5,27.4,27.4,27.2,27.5,27.3,27.5,27.3,27.2,27.5,27.4,27.4,27.3,27.4,27.5,27.4,27.3,27.3,27.0,26.7,26.5,26.5,26.4,26.2,26.4,26.1,26.5,26.4,26.3,26.4,26.4,26.3,26.3,26.3,26.2,26.2,26.3,26.4,26.1,26.2,26.2,26.4,26.3,26.4,26.3,26.3,26.4,26.2,26.2,26.3,26.3,26.4,26.3,26.3,26.3,26.4,26.3,26.3,26.4,26.4,26.3,26.5,26.4,26.4,26.3,26.4,26.3,26.3,26.3,26.2,26.4,26.3,26.2,26.3,26.1,26.3,26.3,26.3,26.3,26.2,26.2,26.2,26.3,26.3,26.2,26.2,26.4,26.2,26.3,26.2,26.2,26.4,26.3,26.1,26.3,26.3,26.2,26.1,26.2,26.1,26.3,26.2,26.2,26.1,26.2,26.0,26.1,26.2,26.2,26.2,26.3,26.3,26.5,26.4,26.5,26.5,26.4,26.4,26.2,26.1,26.2,26.1,26.1,25.8,25.9,25.9,26.0,26.2,26.4,26.6,26.8,27.0,27.1,27.1,27.1,27.2,27.1,27.1,27.1,27.1,27.3,27.2,27.3,27.4,27.3,27.4,27.3,27.3,27.3,27.4,27.3,27.2,27.1,27.4,27.2,27.1,27.2,27.2,27.1,27.3,27.1,27.3,27.2,27.2,27.2,27.1,27.1,27.1,26.9,27.3,27.1,27.2,27.2,27.1,26.9,27.1,27.2,27.1,27.1,27.2,27.0,27.1,26.9,27.1,27.0,27.2,27.2,26.9,26.9
97,27.3,27.4,27.2,27.4,27.4,27.4,27.3,27.3,27.3,27.4,27.4,27.5,27.5,27.6,27.4,27.4,27.5,27.5,27.5,27.4,27.1,27.0,26.6,26.4,26.3,26.4,26.3,26.4,26.4,26.3,26.3,26.4,26.2,26.4,26.3,26.4,26.2,26.1,26.2,26.3,26.2,26.3,26.3,26.2,26.3,26.4,26.4,26.3,26.4,26.3,26.3,26.1,26.1,26.3,26.4,26.2,26.3,26.2,26.3,26.3,26.3,26.3,26.3,26.4,26.3,26.5,26.4,26.2,26.4,26.3,26.1,26.2,26.3,26.3,26.2,26.4,26.3,26.5,26.3,26.3,26.3,26.3,26.2,26.2,26.2,26.2,26.3,26.3,26.1,26.2,26.2,26.2,26.2,26.2,26.2,26.3,26.1,26.2,26.2,26.2,26.3,26.2,26.2,26.2,26.1,26.2,26.1,26.3,26.1,26.1,26.3,26.3,26.3,26.2,26.2,26.4,26.5,26.5,26.7,26.4,26.4,26.2,26.2,26.1,26.3,26.1,26.1,26.1,25.9,26.1,26.0,26.3,26.6,26.7,26.9,27.1,27.2,26.9,27.0,27.0,27.1,27.2,27.1,27.2,27.3,27.1,27.3,27.4,27.3,27.3,27.3,27.4,27.3,27.3,27.3,27.2,27.3,27.3,27.3,27.2,27.2,27.2,27.3,27.2,27.3,27.1,27.4,27.2,27.4,27.1,27.1,27.1,27.3,27.1,27.1,27.1,27.1,27.0,27.1,27.2,26.8,26.9,27.1,27.1,27.1,27.2,27.1,27.1,26.9,27.1,27.1,27.1
98,27.3,27.3,27.3,27.5,27.3,27.4,27.4,27.3,27.4,27.4,27.4,27.5,27.6,27.5,27.5,27.5,27.5,27.5,27.4,27.2,27.1,26.9,26.8,26.4,26.6,26.3,26.3,26.5,26.4,26.3,26.3,26.5,26.2,26.3,26.3,26.2,26.3,26.3,26.4,26.2,26.3,26.3,26.2,26.2,26.3,26.2,26.2,26.4,26.4,26.4,26.2,26.3,26.4,26.4,26.1,26.4,26.3,26.3,26.5,26.2,26.3,26.2,26.4,26.4,26.2,26.3,26.3,26.5,26.1,26.2,26.4,26.2,26.3,26.2,26.4,26.3,26.3,26.4,26.2,26.3,26.4,26.4,26.3,26.2,26.2,26.1,26.3,26.1,26.1,26.2,26.2,26.2,26.1,26.2,26.2,26.2,26.2,26.2,26.2,26.2,26.3,26.1,26.3,26.1,26.2,26.2,26.0,26.2,26.0,26.3,26.2,26.3,26.0,26.2,26.1,26.2,26.2,26.5,26.6,26.4,26.2,26.2,25.9,26.1,26.1,26.1,26.1,26.0,26.1,26.2,26.2,26.6,26.6,26.8,27.0,27.2,27.1,26.9,27.1,27.3,27.3,27.3,27.3,27.3,27.2,27.3,27.4,27.2,27.3,27.3,27.4,27.3,27.4,27.4,27.2,27.4,27.4,27.4,27.3,27.3,27.3,27.2,27.2,27.3,27.3,27.2,27.3,27.2,27.3,27.1,27.1,27.1,27.1,27.1,27.3,27.0,27.0,27.1,27.0,26.9,27.1,27.0,26.8,27.2,27.1,26.9,27.2,27.1,27.1,27.0,26.9,26.9
99,27.2,27.4,27.3,27.4,27.5,27.3,27.5,27.4,27.4,27.3,27.6,27.4,27.5,27.5,27.3,27.6,27.4,27.4,27.2,27.2,27.1,27.0,26.5,26.5,26.4,26.3,26.4,26.4,26.1,26.4,26.5,26.4,26.3,26.4,26.3,26.1,26.2,26.2,26.3,26.2,26.3,26.2,26.2,26.2,26.3,26.3,26.3,26.3,26.4,26.1,26.3,26.4,26.4,26.3,26.3,26.2,26.3,26.2,26.3,26.4,26.3,26.2,26.4,26.4,26.5,26.5,26.2,26.4,26.3,26.3,26.3,26.3,26.4,26.3,26.3,26.3,26.5,26.4,26.4,26.5,26.4,26.3,26.2,26.3,26.3,26.2,26.3,26.2,26.3,26.2,26.2,26.2,26.3,26.1,26.1,26.1,26.2,26.2,26.2,26.0,26.2,26.2,26.1,26.2,26.1,26.2,26.1,26.2,26.3,26.3,26.3,26.2,26.3,26.1,26.0,26.2,26.0,26.2,26.3,26.2,26.2,26.0,26.0,26.1,26.1,26.1,26.2,25.9,26.0,26.0,26.1,26.4,26.5,26.7,26.9,27.0,27.0,27.2,27.3,27.3,27.3,27.3,27.2,27.1,27.3,27.2,27.3,27.3,27.2,27.4,27.3,27.3,27.5,27.3,27.1,27.2,27.4,27.1,27.2,27.2,27.2,27.1,27.3,27.3,27.1,27.3,27.2,27.2,27.0,27.1,27.1,27.3,27.1,27.2,27.1,27.2,27.0,27.2,27.2,27.1,27.1,27.1,27.1,26.9,27.0,26.9,27.0,27.1,27.1,26.7,26.9,26.9
100,27.3,27.3,27.5,27.3,27.4,27.3,27.3,27.5,27.4,27.4,27.4,27.4,27.4,27.3,27.5,27.5,27.6,27.4,27.3,27.3,27.2,27.0,26.7,26.4,26.5,26.4,26.6,26.3,26.3,26.4,26.4,26.5,26.1,26.3,26.4,26.4,26.2,26.2,26.3,26.2,26.3,26.2,26.3,26.3,26.2,26.3,26.4,26.3,26.4,26.2,26.4,26.4,26.2,26.5,26.4,26.3,26.3,26.3,26.2,26.2,26.3,26.4,26.4,26.4,26.4,26.4,26.4,26.3,26.3,26.4,26.3,26.3,26.2,26.4,26.4,26.5,26.6,26.7,26.6,26.5,26.5,26.5,26.4,26.3,26.4,26.4,26.3,26.4,26.2,26.4,26.2,26.2,26.1,26.2,26.3,26.3,26.1,26.2,26.2,26.2,26.2,26.3,26.3,26.4,26.2,26.2,26.3,26.2,26.2,26.2,26.2,26.4,26.2,26.4,26.1,26.2,26.1,26.2,26.1,26.2,26.2,26.0,26.0,26.2,26.0,26.2,26.1,26.0,26.1,26.3,26.3,26.4,26.6,26.6,26.7,27.0,27.1,27.2,27.1,27.2,27.2,27.3,27.3,27.3,27.1,27.4,27.2,27.3,27.4,27.2,27.3,27.3,27.4,27.4,27.4,27.1,27.2,27.3,27.2,27.1,27.2,27.1,27.1,27.2,27.3,27.2,27.4,27.3,27.3,27.2,27.1,27.2,27.2,27.1,27.2,27.1,27.2,27.2,27.2,27.2,27.1,27.1,27.0,27.0,27.2,26.9,27.0,26.9,27.1,27.1,26.9,27.1
101,27.4,27.3,27.2,27.5,27.3,27.4,27.4,27.3,27.4,27.4,27.6,27.5,27.5,27.3,27.4,27.5,27.5,27.5,27.5,27.3,27.2,26.9,26.8,26.6,26.4,26.3,26.3,26.4,26.4,26.4,26.4,26.4,26.4,26.3,26.5,26.3,26.3,26.2,26.2,26.2,26.2,26.3,26.3,26.2,26.2,26.3,26.5,26.4,26.3,26.2,26.4,26.4,26.4,26.3,26.4,26.2,26.3,26.4,26.4,26.4,26.3,26.3,26.2,26.4,26.4,26.4,26.4,26.6,26.4,26.4,26.4,26.4,26.5,26.6,26.7,26.9,26.9,27.1,26.8,26.8,26.6,26.3,26.4,26.4,26.3,26.4,26.2,26.3,26.2,26.2,26.3,26.1,26.3,26.2,26.2,26.2,26.4,26.3,26.2,26.1,26.2,26.2,26.3,26.2,26.3,26.2,26.2,26.2,26.2,26.3,26.3,26.2,26.2,26.3,26.3,26.1,26.2,26.1,26.1,26.0,26.1,26.0,25.9,26.0,26.0,26.1,26.0,26.1,26.1,26.1,26.1,26.3,26.4,26.9,26.9,27.0,27.2,27.0,27.2,27.2,27.1,27.3,27.1,27.2,27.2,27.3,27.3,27.3,27.3,27.3,27.2,27.3,27.3,27.3,27.4,27.4,27.3,27.3,27.3,27.3,27.2,27.2,27.4,27.4,27.4,27.2,27.2,27.2,27.3,27.1,27.1,27.3,27.0,27.3,27.0,27.3,27.3,27.3,27.1,27.3,27.0,27.1,27.1,27.1,27.1,27.0,27.1,26.9,27.0,27.1,26.9,27.1
102,27.4,27.4,27.4,27.4,27.3,27.2,27.3,27.3,27.4,27.4,27.4,27.5,27.4,27.6,27.4,27.6,27.5,27.3,27.5,27.3,27.3,27.1,26.9,26.5,26.8,26.4,26.5,26.3,26.5,26.4,26.4,26.3,26.3,26.5,26.4,26.4,26.4,26.2,26.2,26.3,26.3,26.2,26.4,26.3,26.2,26.2,26.1,26.2,26.3,26.4,26.4,26.4,26.4,26.5,26.4,26.4,26.4,26.4,26.4,26.4,26.5,26.4,26.5,26.4,26.4,26.3,26.4,26.3,26.4,26.3,26.4,26.2,26.4,26.8,26.9,27.1,27.1,27.2,27.1,26.9,26.6,26.4,26.2,26.3,26.1,26.2,26.2,26.2,26.2,26.2,26.2,25.9,26.2,26.2,26.1,26.3,26.2,26.1,26.2,26.2,26.3,26.2,26.1,26.2,26.3,26.2,26.2,26.2,26.4,26.2,26.4,26.4,26.3,26.2,26.3,26.4,26.3,26.2,26.2,26.0,26.0,26.0,26.1,26.2,26.2,26.3,26.0,26.2,26.1,26.2,26.2,26.5,26.7,26.8,27.0,27.0,27.1,27.1,27.2,27.3,27.2,27.3,27.1,27.4,27.1,27.2,27.4,27.2,27.3,27.3,27.2,27.3,27.4,27.2,27.3,27.3,27.4,27.3,27.3,27.1,27.3,27.1,27.3,27.3,27.3,27.1,27.2,27.4,27.3,27.1,27.0,27.1,27.4,27.2,27.1,27.1,27.1,27.2,27.2,27.3,27.1,27.2,27.1,27.1,27.0,27.2,27.1,27.0,27.1,27.0,27.1,27.2
103,27.4,27.3,27.3,27.3,27.2,27.3,27.3,27.4,27.4,27.2,27.3,27.4,27.5,27.5,27.4,27.4,27.3,27.3,27.5,27.4,27.2,27.1,27.1,26.9,26.8,26.7,26.6,26.6,26.5,26.4,26.6,26.5,26.3,26.4,26.3,26.4,26.5,26.2,26.4,26.3,26.4,26.4,26.3,26.5,26.4,26.5,26.4,26.3,26.1,26.3,26.4,26.3,26.4,26.5,26.4,26.4,26.4,26.4,26.4,26.4,26.5,26.3,26.2,26.4,26.4,26.4,26.2,26.2,26.3,26.3,26.5,26.6,26.6,26.9,27.0,27.1,27.3,27.5,27.2,26.9,26.4,26.3,26.2,26.2,26.2,25.9,26.0,26.4,26.0,26.1,26.1,26.1,26.2,26.2,26.1,26.0,26.3,26.1,26.2,26.2,26.1,26.2,26.0,26.4,26.2,26.3,26.2,26.3,26.4,26.3,26.4,26.4,26.4,26.4,26.1,26.3,26.4,26.3,26.2,26.3,26.2,26.0,25.8,25.9,26.1,26.1,26.1,26.2,25.9,26.2,26.1,26.3,26.4,26.7,26.8,26.9,27.1,27.1,27.2,27.2,27.3,27.4,27.3,27.2,27.4,27.3,27.5,27.4,27.3,27.3,27.3,27.4,27.3,27.4,27.3,27.3,27.4,27.2,27.2,27.3,27.2,27.2,27.2,27.3,27.4,27.1,27.2,27.1,27.3,27.2,27.0,27.1,27.2,27.1,27.2,27.2,27.1,27.0,27.2,27.0,26.9,27.4,27.1,26.9,27.0,27.0,27.2,27.2,27.1,27.0,26.9,27.1
104,27.3,27.1,27.5,27.3,27.3,27.4,27.4,27.4,27.3,27.3,27.4,27.4,27.2,27.5,27.2,27.5,27.5,27.5,27.3,27.4,27.4,27.1,27.2,27.2,27.0,27.0,26.7,26.6,26.7,26.5,26.6,26.6,26.5,26.4,26.3,26.3,26.4,26.2,26.3,26.2,26.6,26.5,26.5,26.5,26.7,26.5,26.3,26.2,26.2,26.4,26.4,26.4,26.4,26.4,26.3,26.2,26.3,26.5,26.4,26.4,26.3,26.4,26.4,26.4,26.4,26.5,26.4,26.4,26.3,26.3,26.4,26.7,26.8,27.1,27.3,27.4,27.3,27.3,27.1,26.5,26.3,26.1,26.0,26.0,26.1,26.2,26.0,26.1,26.1,26.2,26.0,26.2,25.9,26.2,26.2,26.0,26.1,26.2,26.0,26.2,26.2,26.2,26.2,26.3,26.4,26.3,26.2,26.2,26.2,26.3,26.4,26.3,26.4,26.3,26.2,26.2,26.1,26.2,26.2,26.2,26.0,26.0,26.0,26.2,25.9,26.1,26.2,26.1,26.1,26.0,26.3,26.2,26.5,26.7,26.9,26.8,27.0,27.1,27.1,27.2,27.2,27.2,27.4,27.3,27.2,27.1,27.3,27.4,27.3,27.4,27.4,27.3,27.4,27.2,27.4,27.3,27.2,27.4,27.3,27.2,27.2,27.3,27.2,27.2,27.2,27.3,27.2,27.1,27.1,27.2,27.1,27.2,27.1,27.0,27.2,27.1,27.1,27.2,27.1,27.3,27.1,27.1,27.1,27.0,27.0,27.0,27.1,26.9,27.0,27.0,26.9,26.9
105,27.4,27.3,27.3,27.2,27.2,27.3,27.2,27.4,27.3,27.2,27.3,27.2,27.2,27.2,27.3,27.4,27.4,27.3,27.4,27.3,27.3,27.4,27.4,27.3,27.3,27.1,27.0,26.9,26.7,26.8,26.8,26.9,26.6,26.4,26.5,26.4,26.5,26.4,26.4,26.3,26.5,26.3,26.5,26.7,26.8,26.6,26.3,26.4,26.4,26.3,26.2,26.4,26.5,26.4,26.4,26.4,26.4,26.4,26.3,26.4,26.4,26.4,26.4,26.3,26.3,26.3,26.4,26.3,26.4,26.3,26.7,26.9,27.3,27.4,27.5,27.6,27.4,27.3,26.9,26.6,26.4,26.2,26.1,26.2,26.1,26.1,26.1,26.2,26.0,26.2,26.0,26.2,26.0,26.0,26.0,26.2,26.2,26.2,26.3,26.2,26.0,26.4,26.1,26.1,26.3,26.2,26.3,26.4,26.3,26.2,26.4,26.4,26.5,26.3,26.2,26.3,26.4,26.3,26.1,26.2,26.1,26.2,25.9,26.1,26.2,26.2,26.1,26.1,26.1,26.0,26.1,26.2,26.5,26.6,26.9,27.0,27.0,27.0,27.1,27.2,27.2,27.3,27.3,27.3,27.2,27.3,27.3,27.2,27.3,27.4,27.3,27.4,27.4,27.3,27.3,27.3,27.3,27.2,27.3,27.3,27.3,27.3,27.3,27.3,27.3,27.2,27.4,27.3,27.2,27.3,27.2,27.3,27.2,27.1,27.1,27.1,26.9,27.1,27.1,27.1,27.1,27.2,27.1,27.2,27.1,26.9,27.1,27.1,26.9,27.0,27.0,27.1
106,27.2,27.2,27.3,27.1,27.2,27.1,27.1,27.1,27.0,27.1,26.9,27.1,26.9,27.2,26.9,27.3,27.5,27.4,27.4,27.5,27.3,27.5,27.5,27.3,27.3,27.3,27.0,27.1,27.0,26.7,27.0,27.0,26.8,26.5,26.3,26.4,26.4,26.2,26.4,26.5,26.5,26.6,26.7,26.8,26.7,26.6,26.5,26.3,26.3,26.3,26.3,26.2,26.2,26.4,26.4,26.3,26.3,26.3,26.4,26.6,26.4,26.6,26.3,26.3,26.4,26.3,26.2,26.3,26.5,26.6,26.8,27.1,27.3,27.4,27.6,27.6,27.5,27.1,26.8,26.6,26.3,26.2,26.2,26.1,26.0,26.1,26.2,26.1,25.9,26.1,26.1,26.2,26.1,26.1,26.0,26.2,26.1,26.1,26.3,26.1,26.2,26.3,26.1,26.2,26.3,26.4,26.3,26.3,26.4,26.4,26.2,26.4,26.2,26.4,26.1,26.2,26.2,26.4,26.4,26.3,26.2,26.1,26.1,26.2,26.2,26.1,26.1,26.0,26.0,25.8,26.2,26.1,26.5,26.7,26.9,26.8,27.0,27.1,27.0,27.2,27.2,27.3,27.3,27.3,27.4,27.3,27.3,27.4,27.3,27.4,27.3,27.3,27.5,27.4,27.3,27.1,27.4,27.4,27.2,27.3,27.2,27.2,27.1,27.3,27.2,27.2,27.1,27.1,27.2,27.2,27.1,27.2,27.1,27.1,27.2,27.1,27.1,27.0,27.1,27.1,27.1,27.3,27.1,27.2,27.0,27.1,27.0,27.1,27.0,27.1,27.0,27.1
107,26.9,26.8,26.9,26.9,26.7,26.7,26.7,26.6,26.6,26.6,26.8,26.7,26.6,26.7,26.6,26.6,27.0,27.2,27.3,27.4,27.2,27.5,27.5,27.4,27.4,27.3,27.3,27.0,26.9,26.8,26.9,27.1,26.9,26.9,26.6,26.4,26.5,26.4,26.4,26.3,26.6,26.5,26.6,26.7,26.8,26.9,26.6,26.5,26.4,26.5,26.4,26.4,26.2,26.4,26.3,26.3,26.3,26.3,26.5,26.3,26.3,26.3,26.4,26.4,26.5,26.3,26.4,26.4,26.6,26.9,27.0,27.3,27.3,27.5,27.4,27.5,27.4,27.2,26.9,26.6,26.4,26.3,26.2,26.1,25.9,25.9,26.1,26.0,26.1,26.0,25.9,26.0,26.1,26.1,25.9,26.0,26.0,26.2,26.2,26.2,26.2,26.2,26.2,26.1,26.2,26.2,26.2,26.3,26.4,26.3,26.3,26.3,26.2,26.1,26.2,26.3,26.4,26.4,26.5,26.5,26.2,26.3,26.2,26.1,26.2,26.0,26.1,26.0,26.1,26.1,26.1,26.3,26.5,26.6,26.9,26.9,27.1,27.0,27.1,27.1,27.3,27.1,27.2,27.4,27.3,27.4,27.5,27.5,27.3,27.3,27.3,27.4,27.3,27.4,27.3,27.3,27.4,27.3,27.3,27.3,27.3,27.3,27.4,27.1,27.4,27.2,27.2,27.2,27.3,27.1,27.2,27.2,27.4,27.0,27.0,27.1,27.1,27.2,27.1,27.1,27.2,27.1,27.1,27.0,27.0,27.1,27.1,27.1,27.1,27.0,27.1,27.2
108,26.6,26.6,26.6,26.6,26.5,26.5,26.4,26.6,26.6,26.4,26.4,26.2,26.4,26.5,26.4,26.5,26.9,27.0,27.4,27.3,27.4,27.5,27.4,27.4,27.4,27.3,27.2,27.2,26.8,26.8,27.0,27.1,26.7,26.7,26.6,26.9,26.7,26.5,26.6,26.6,26.8,26.7,26.6,26.6,26.5,26.6,26.5,26.6,26.6,26.6,26.4,26.5,26.2,26.4,26.3,26.4,26.4,26.5,26.3,26.3,26.4,26.2,26.4,26.4,26.5,26.5,26.3,26.6,26.8,27.0,27.3,27.4,27.5,27.6,27.7,27.6,27.2,27.2,26.9,26.6,26.4,26.4,26.1,26.2,26.1,25.9,26.1,26.1,25.9,26.2,26.1,26.1,26.0,26.1,26.1,26.0,26.1,25.9,26.1,26.3,26.2,26.2,26.3,26.2,26.1,26.2,26.1,26.2,26.3,26.2,26.4,26.1,26.2,26.1,26.2,26.2,26.4,26.6,26.6,26.7,26.3,26.4,26.2,26.2,26.2,26.1,26.1,26.1,26.1,26.1,26.3,26.2,26.6,26.6,26.8,26.8,27.1,27.1,27.1,27.1,27.3,27.3,27.3,27.3,27.4,27.3,27.4,27.5,27.5,27.3,27.3,27.4,27.4,27.3,27.4,27.4,27.4,27.3,27.4,27.3,27.3,27.3,27.1,27.2,27.3,27.3,27.3,27.2,27.4,27.3,27.3,27.1,27.2,27.0,27.1,27.0,27.2,27.1,27.2,27.2,27.0,27.1,26.9,27.2,27.2,27.2,27.1,26.9,27.1,26.9,27.1,26.9
109,26.3,26.4,26.4,26.4,26.3,26.4,26.5,26.3,26.2,26.2,26.4,26.2,26.5,26.5,26.4,26.5,26.7,27.0,27.2,27.3,27.4,27.6,27.6,27.5,27.5,27.4,27.3,27.3,26.9,26.9,26.9,27.0,27.1,27.0,27.0,27.0,26.9,26.8,26.9,26.7,27.0,26.9,26.8,26.6,26.5,26.5,26.5,26.6,26.6,26.5,26.5,26.5,26.2,26.4,26.3,26.4,26.4,26.4,26.5,26.5,26.4,26.3,26.4,26.3,26.4,26.5,26.7,26.8,27.1,27.4,27.6,27.7,27.6,27.5,27.6,27.5,27.3,27.3,26.8,26.5,26.3,26.4,26.2,26.2,26.2,26.0,26.1,26.1,26.0,26.1,26.0,26.1,26.2,26.1,26.0,26.1,26.0,26.1,26.2,26.2,26.2,26.3,26.3,26.2,26.1,26.2,26.3,26.2,26.3,26.3,26.3,26.4,26.2,26.3,26.3,26.4,26.4,26.6,26.6,26.7,26.6,26.4,26.2,26.1,26.2,26.2,26.0,25.8,26.0,26.1,26.1,26.3,26.6,26.6,26.8,26.8,27.0,27.0,27.1,27.3,27.3,27.3,27.1,27.3,27.3,27.3,27.3,27.4,27.3,27.4,27.3,27.3,27.5,27.3,27.3,27.4,27.3,27.3,27.3,27.4,27.4,27.3,27.3,27.2,27.4,27.3,27.2,27.1,27.2,27.2,27.3,27.1,27.1,27.1,27.2,27.1,27.2,27.2,27.1,27.1,27.0,27.2,27.1,27.2,27.2,27.1,27.2,27.1,27.0,27.0,27.1,27.0
110,26.4,26.4,26.5,26.4,26.5,26.4,26.4,26.3,26.4,26.3,26.3,26.3,26.4,26.4,26.3,26.5,26.6,26.9,27.3,27.5,27.5,27.7,27.6,27.6,27.7,27.6,27.4,27.6,27.5,27.3,27.4,27.4,27.4,27.4,27.3,27.3,27.1,27.0,27.2,27.4,27.3,27.2,26.9,26.8,26.4,26.6,26.5,26.4,26.4,26.4,26.6,26.4,26.4,26.4,26.5,26.4,26.3,26.4,26.4,26.2,26.4,26.4,26.4,26.4,26.5,26.5,26.8,27.0,27.1,27.5,27.7,27.6,27.5,27.5,27.4,27.5,27.1,27.2,26.8,26.5,26.4,26.2,26.2,26.4,26.2,26.0,26.0,26.2,26.0,26.1,26.1,26.2,26.0,26.1,26.0,26.1,26.1,26.1,26.1,26.1,26.2,26.1,26.3,26.2,26.2,26.1,26.2,26.1,26.3,26.4,26.2,26.2,26.2,26.4,26.3,26.5,26.4,26.7,26.8,26.6,26.4,26.4,26.1,26.1,26.1,26.1,26.0,26.1,25.8,25.9,26.0,26.1,26.5,26.6,26.7,26.9,27.0,27.0,27.1,27.1,27.1,27.0,27.3,27.2,27.4,27.3,27.2,27.3,27.6,27.4,27.3,27.3,27.3,27.4,27.3,27.4,27.3,27.2,27.2,27.3,27.2,27.2,27.2,27.3,27.1,27.2,27.3,27.1,27.4,27.2,27.1,27.3,27.1,27.2,27.2,27.1,27.1,27.1,27.1,27.1,27.2,27.0,26.9,27.2,27.1,27.1,27.1,27.1,26.9,27.1,27.1,27.2
111,26.6,26.4,26.5,26.4,26.4,26.3,26.2,26.4,26.5,26.4,26.3,26.5,26.4,26.4,26.3,26.5,26.9,27.1,27.5,27.6,27.9,27.9,28.2,28.0,28.4,28.3,28.1,28.2,28.1,28.0,28.2,28.1,28.2,28.0,28.0,27.9,27.6,27.4,27.5,27.7,27.8,27.6,27.3,26.8,26.7,26.7,26.5,26.4,26.4,26.4,26.4,26.5,26.4,26.2,26.2,26.3,26.3,26.4,26.4,26.3,26.2,26.2,26.4,26.5,26.6,26.8,27.1,27.3,27.5,27.5,27.8,27.7,27.6,27.4,27.3,27.5,27.4,27.0,26.9,26.5,26.5,26.4,26.2,26.4,26.2,25.9,26.1,26.1,25.9,25.9,26.1,26.1,26.1,26.0,26.2,26.0,26.1,26.0,26.1,26.2,26.2,26.2,26.1,26.3,26.2,26.2,26.2,26.2,26.2,26.3,26.4,26.4,26.5,26.4,26.2,26.4,26.5,26.6,26.8,26.7,26.6,26.4,26.2,26.1,26.1,26.2,26.1,26.1,25.9,26.1,25.8,26.2,26.5,26.7,26.7,26.8,26.9,27.0,27.0,27.3,27.2,27.3,27.3,27.3,27.1,27.4,27.3,27.4,27.4,27.2,27.3,27.3,27.4,27.3,27.3,27.5,27.4,27.3,27.3,27.3,27.2,27.2,27.4,27.3,27.3,27.1,27.3,27.3,27.3,27.3,27.1,27.1,27.1,27.3,27.2,27.2,27.1,27.1,27.1,27.1,27.2,27.1,27.1,27.1,27.0,27.0,27.2,27.0,27.0,27.1,27.0,27.1
112,26.5,26.5,26.4,26.5,26.5,26.6,26.4,26.4,26.4,26.3,26.4,26.4,26.3,26.4,26.7,26.8,26.9,27.6,28.0,28.1,28.2,28.5,28.6,28.7,28.8,28.7,28.9,28.8,28.9,28.7,28.8,28.8,28.8,28.7,28.5,28.1,28.1,27.6,27.7,27.9,27.7,27.7,27.6,27.2,26.6,26.4,26.5,26.3,26.4,26.6,26.6,26.3,26.3,26.5,26.4,26.2,26.4,26.3,26.4,26.3,26.4,26.4,26.4,26.6,26.7,26.9,27.4,27.5,27.6,27.8,27.7,27.8,27.7,27.6,27.5,27.6,27.5,27.3,27.0,26.4,26.3,26.4,26.2,26.3,26.2,26.2,26.1,26.1,26.1,26.1,26.1,26.1,26.0,26.1,26.2,26.1,26.0,26.1,26.2,26.0,26.2,26.3,26.2,26.2,26.1,26.4,26.3,26.4,26.3,26.5,26.7,26.5,26.6,26.6,26.4,26.5,26.6,26.8,26.8,26.5,26.7,26.4,26.2,26.1,26.1,26.0,26.2,26.1,26.1,26.1,26.2,26.3,26.4,26.8,26.8,27.0,26.9,27.1,27.1,27.2,27.2,27.3,27.3,27.3,27.2,27.5,27.5,27.3,27.3,27.3,27.4,27.3,27.3,27.5,27.2,27.2,27.3,27.4,27.3,27.3,27.3,27.3,27.2,27.2,27.4,27.3,27.2,27.3,27.2,27.3,27.4,27.1,27.2,27.3,27.1,27.2,27.3,27.1,27.1,27.1,27.1,27.2,27.1,27.3,27.0,27.0,27.3,27.1,27.1,27.1,27.0,27.0
113,26.5,26.6,26.3,26.5,26.5,26.4,26.4,26.4,26.5,26.4,26.4,26.5,26.4,26.5,26.6,27.1,27.5,28.1,28.5,28.7,28.7,28.8,29.0,29.0,29.1,29.0,28.9,29.0,29.0,29.0,29.1,28.8,28.8,28.9,28.8,28.3,28.3,27.9,27.8,27.8,27.7,27.5,27.4,26.8,26.7,26.4,26.4,26.4,26.3,26.3,26.4,26.4,26.3,26.4,26.3,26.2,26.4,26.3,26.2,26.4,26.4,26.3,26.6,26.5,26.9,27.1,27.3,27.5,27.7,27.6,27.7,27.5,27.6,27.6,27.6,27.6,27.6,27.5,27.1,26.7,26.4,26.4,26.3,26.2,26.0,26.1,25.9,26.1,26.1,26.3,25.9,26.1,26.1,26.1,26.1,25.9,26.1,26.1,26.0,26.0,26.2,26.2,26.1,26.1,26.2,26.1,26.5,26.5,26.3,26.4,26.7,26.6,26.5,26.7,26.7,26.4,26.6,26.6,26.7,26.7,26.4,26.3,26.3,26.0,26.1,26.1,26.2,26.1,26.1,26.1,26.1,26.2,26.3,26.6,26.9,26.9,27.0,26.9,27.2,27.1,27.2,27.0,27.3,27.1,27.2,27.4,27.3,27.3,27.3,27.5,27.2,27.4,27.5,27.5,27.3,27.3,27.3,27.2,27.3,27.3,27.3,27.4,27.3,27.3,27.3,27.2,27.3,27.3,27.3,27.2,27.2,27.1,27.2,27.3,27.2,27.0,27.1,27.1,27.0,27.1,27.2,27.3,27.3,27.2,27.1,27.0,27.1,27.1,27.3,27.1,27.0,27.1
114,26.4,26.4,26.4,26.6,26.6,26.6,26.4,26.5,26.5,26.2,26.5,26.4,26.4,26.6,26.7,27.2,27.7,28.2,28.7,28.9,29.0,29.1,29.1,29.1,29.0,28.9,28.9,29.1,29.0,29.2,28.9,29.0,29.0,29.0,28.7,28.6,28.4,28.2,28.2,27.9,27.6,27.3,26.9,26.5,26.5,26.3,26.4,26.3,26.4,26.4,26.3,26.5,26.4,26.4,26.4,26.3,26.5,26.4,26.4,26.3,26.3,26.4,26.4,26.7,26.9,27.2,27.5,27.6,27.6,27.6,27.6,27.6,27.5,27.5,27.6,27.6,27.6,27.4,27.1,26.8,26.3,26.4,26.2,26.1,26.0,25.9,26.1,26.1,26.1,26.1,26.1,26.0,26.0,26.1,26.1,26.2,26.2,26.1,26.2,26.0,26.2,26.1,26.2,26.4,26.2,26.2,26.4,26.4,26.3,26.3,26.6,26.8,26.7,26.6,26.6,26.6,26.6,26.6,26.8,26.8,26.6,26.3,26.2,26.0,26.0,26.2,26.0,26.1,26.0,26.2,26.0,26.1,26.5,26.6,26.8,26.9,27.0,27.0,27.1,27.0,27.1,27.1,27.2,27.1,27.2,27.3,27.4,27.4,27.2,27.3,27.4,27.4,27.2,27.3,27.2,27.3,27.3,27.3,27.3,27.5,27.3,27.2,27.2,27.3,27.1,27.2,27.3,27.2,27.2,27.1,27.2,27.1,27.2,27.3,27.1,27.3,27.2,27.1,27.0,27.1,27.2,27.1,27.2,27.0,27.2,27.2,27.1,27.1,27.1,27.0,27.0,27.0
115,26.4,26.6,26.6,26.6,26.5,26.6,26.3,26.5,26.5,26.6,26.4,26.4,26.3,26.4,26.9,27.2,27.9,28.4,28.9,29.0,29.0,29.1,29.2,29.2,29.1,28.9,29.0,29.0,28.9,28.8,28.9,28.8,28.7,28.9,28.9,28.9,28.8,28.6,28.4,28.1,27.9,27.3,26.7,26.3,26.3,26.5,26.4,26.2,26.6,26.4,26.3,26.3,26.2,26.4,26.3,26.2,26.4,26.3,26.4,26.4,26.3,26.3,26.5,26.6,26.7,27.2,27.4,27.6,27.8,27.6,27.8,27.6,27.6,27.7,27.6,27.5,27.7,27.4,27.1,26.8,26.3,26.3,26.3,26.1,26.2,26.1,26.2,26.2,26.1,26.1,26.0,26.1,26.2,26.2,26.2,26.0,26.0,26.2,26.2,26.1,26.3,26.3,26.2,26.2,26.3,26.2,26.2,26.4,26.3,26.3,26.6,26.7,26.8,26.6,26.6,26.6,26.6,26.7,26.7,26.6,26.7,26.4,26.2,26.1,26.0,26.2,26.1,26.1,26.0,26.2,26.1,26.4,26.4,26.7,26.9,27.0,27.0,27.0,27.1,27.2,27.1,27.2,27.3,27.3,27.4,27.4,27.4,27.4,27.2,27.5,27.3,27.3,27.4,27.5,27.3,27.2,27.4,27.4,27.4,27.3,27.3,27.2,27.2,27.4,27.3,27.1,27.3,27.3,27.1,27.2,27.3,27.3,27.1,27.1,27.1,27.1,27.3,27.3,27.2,27.3,27.1,27.1,27.2,27.0,27.1,27.2,27.2,27.2,27.1,27.1,27.0,27.1
116,26.6,26.6,26.6,26.6,26.5,26.5,26.3,26.5,26.6,26.4,26.5,26.6,26.6,26.5,26.9,27.4,27.9,28.6,29.0,29.2,29.1,29.3,29.2,29.1,29.2,29.1,29.0,29.0,28.9,28.9,28.8,28.8,28.7,28.8,28.7,28.8,29.0,28.8,28.7,28.1,27.8,27.2,26.7,26.5,26.5,26.5,26.4,26.5,26.4,26.4,26.4,26.3,26.3,26.4,26.3,26.4,26.5,26.6,26.3,26.4,26.4,26.3,26.6,26.4,26.8,27.1,27.0,27.4,27.7,27.6,27.8,27.7,27.7,27.8,27.8,27.7,27.5,27.4,27.2,27.0,26.6,26.2,26.2,26.2,26.1,26.2,26.2,26.2,26.2,26.1,26.2,26.2,26.1,26.1,26.1,26.1,26.3,26.1,26.2,26.0,26.4,26.3,26.2,26.1,26.3,26.2,26.4,26.4,26.2,26.4,26.8,26.6,26.4,26.6,26.7,26.5,26.7,26.8,26.7,26.6,26.7,26.2,26.1,26.2,26.1,26.1,26.3,26.1,26.0,26.1,26.1,26.3,26.5,26.8,26.9,27.0,27.0,27.0,27.1,27.2,27.3,27.2,27.4,27.2,27.3,27.2,27.4,27.4,27.3,27.5,27.4,27.5,27.4,27.4,27.3,27.3,27.4,27.4,27.3,27.3,27.4,27.2,27.3,27.2,27.3,27.3,27.0,27.3,27.2,27.2,27.1,27.3,27.2,27.3,27.3,27.1,27.2,27.2,27.3,27.1,27.1,27.1,27.0,27.1,27.2,27.2,27.1,27.0,27.0,27.0,27.1,26.9
117,26.7,26.5,26.7,26.7,26.5,26.4,26.5,26.3,26.5,26.4,26.5,26.4,26.6,26.5,26.9,27.2,27.7,28.3,28.8,29.2,29.4,29.1,29.2,29.1,29.2,29.1,29.1,28.7,28.8,28.6,28.6,28.7,28.7,28.7,28.8,29.0,29.0,28.8,28.7,28.1,27.9,27.0,26.7,26.7,26.5,26.6,26.5,26.5,26.4,26.5,26.4,26.4,26.5,26.5,26.4,26.5,26.5,26.4,26.4,26.4,26.4,26.4,26.4,26.4,26.5,26.7,26.8,27.0,27.3,27.5,27.7,27.7,27.8,27.6,27.6,27.6,27.3,27.4,27.3,27.0,26.5,26.5,26.2,26.1,26.2,26.2,26.3,26.2,26.0,26.2,25.9,26.2,26.2,26.2,26.2,26.1,26.3,26.1,26.1,26.2,26.1,26.3,26.2,26.2,26.2,26.4,26.4,26.2,26.2,26.3,26.6,26.6,26.6,26.6,26.5,26.5,26.5,26.6,26.6,26.9,26.5,26.3,26.2,26.2,26.2,26.2,26.2,26.2,26.1,26.0,26.2,26.2,26.4,26.8,26.8,26.9,26.9,27.1,27.0,27.2,27.2,27.1,27.3,27.3,27.2,27.3,27.3,27.3,27.3,27.5,27.3,27.3,27.4,27.3,27.3,27.3,27.4,27.1,27.3,27.2,27.3,27.3,27.1,27.3,27.3,27.3,27.3,27.3,27.3,27.2,27.0,27.1,27.3,27.2,27.3,27.2,27.1,27.1,27.3,27.1,26.9,27.1,27.1,27.2,27.1,27.2,27.1,27.0,27.0,27.0,27.0,27.1
118,26.6,26.6,26.8,26.6,26.5,26.5,26.4,26.4,26.4,26.5,26.6,26.6,26.6,26.6,26.8,27.3,27.9,28.6,29.2,29.2,29.1,29.4,29.3,29.0,29.3,29.0,29.1,29.0,28.7,28.7,28.7,29.0,28.7,28.8,28.9,29.1,29.2,29.1,28.7,28.3,28.0,27.4,26.8,26.6,26.6,26.8,26.7,26.5,26.5,26.5,26.6,26.4,26.4,26.6,26.4,26.2,26.6,26.4,26.3,26.4,26.2,26.4,26.4,26.5,26.4,26.7,26.7,26.8,27.2,27.3,27.6,27.7,27.7,27.7,27.6,27.6,27.6,27.3,27.4,27.2,26.8,26.4,26.3,26.4,26.1,26.1,26.3,26.2,26.2,26.2,26.3,26.2,26.2,26.2,26.2,26.2,26.2,26.2,26.1,26.2,26.3,26.2,26.2,26.2,26.5,26.3,26.2,26.2,26.4,26.4,26.4,26.5,26.6,26.5,26.3,26.6,26.8,26.8,27.1,26.9,26.8,26.5,26.3,26.4,26.3,26.2,26.1,26.1,26.2,26.1,26.3,26.3,26.6,26.8,27.0,27.1,27.3,27.4,27.0,27.2,27.2,27.3,27.3,27.3,27.5,27.5,27.4,27.4,27.3,27.2,27.6,27.4,27.4,27.4,27.3,27.3,27.3,27.2,27.4,27.5,27.4,27.3,27.2,27.3,27.3,27.3,27.2,27.1,27.4,27.3,27.2,27.1,27.3,27.2,27.3,27.1,27.0,27.3,27.2,27.4,27.2,27.3,27.1,27.2,27.0,27.3,27.2,27.2,27.2,27.1,27.0,27.2
119,26.6,26.7,26.7,26.6,26.6,26.5,26.4,26.4,26.4,26.5,26.5,26.5,26.6,26.5,26.9,27.3,28.0,28.6,29.0,29.3,29.0,29.3,29.3,29.2,29.3,29.0,28.9,29.1,28.9,28.8,29.0,29.0,29.0,29.0,28.9,29.1,29.2,28.9,28.8,28.4,27.8,27.3,26.7,26.7,26.5,26.7,26.6,26.6,26.6,26.4,26.4,26.6,26.4,26.5,26.4,26.4,26.5,26.5,26.4,26.4,26.4,26.4,26.5,26.4,26.5,26.4,26.6,26.7,26.9,27.1,27.3,27.4,27.6,27.5,27.3,27.4,27.3,27.3,27.5,27.3,26.8,26.5,26.2,26.2,26.3,26.2,26.2,26.2,26.3,26.2,26.2,26.2,26.3,26.4,26.2,26.4,26.3,26.3,26.4,26.2,26.2,26.2,26.3,26.2,26.2,26.1,26.2,26.2,26.5,26.6,26.4,26.6,26.6,26.5,26.5,26.6,26.8,27.0,27.2,27.1,26.9,26.6,26.2,26.1,26.2,26.4,26.2,26.0,26.1,26.0,26.1,26.2,26.4,26.8,26.9,27.1,27.1,27.1,27.0,27.3,27.2,27.2,27.2,27.4,27.2,27.3,27.4,27.3,27.5,27.5,27.4,27.4,27.4,27.3,27.3,27.4,27.4,27.3,27.3,27.3,27.2,27.5,27.3,27.2,27.2,27.3,27.4,27.3,27.3,27.3,27.2,27.1,27.2,27.1,27.2,27.2,27.2,27.3,27.3,27.3,27.1,27.1,27.0,27.2,27.1,27.1,27.1,27.1,27.0,27.0,27.0,27.2
120,26.7,26.6,26.6,26.6,26.5,26.7,26.6,26.6,26.6,26.5,26.6,26.4,26.6,26.7,26.9,27.3,28.1,28.6,28.8,29.2,29.2,29.3,29.3,29.4,29.3,29.2,29.2,29.3,29.0,29.0,29.2,29.2,29.2,29.2,29.2,29.3,29.2,29.0,28.9,28.4,28.0,27.2,27.0,26.8,26.7,26.7,26.6,26.6,26.6,26.4,26.4,26.4,26.3,26.5,26.5,26.2,26.5,26.4,26.5,26.4,26.3,26.3,26.5,26.4,26.6,26.6,26.6,26.6,26.7,26.6,27.0,27.2,27.5,27.4,27.3,27.3,27.3,27.3,27.2,27.2,26.9,26.6,26.3,26.2,26.2,26.2,26.3,26.2,26.2,26.3,26.2,26.3,26.3,26.4,26.4,26.4,26.5,26.4,26.4,26.2,26.2,26.2,26.4,26.2,26.3,26.3,26.3,26.3,26.3,26.4,26.6,26.6,26.7,26.5,26.5,26.7,26.9,27.2,27.4,27.3,27.0,26.7,26.4,26.2,26.1,26.2,26.2,26.2,26.1,26.1,26.1,26.2,26.4,26.8,26.9,26.9,27.1,27.1,27.1,27.2,27.3,27.2,27.3,27.2,27.1,27.3,27.4,27.4,27.4,27.4,27.3,27.3,27.3,27.4,27.5,27.3,27.5,27.3,27.5,27.3,27.3,27.3,27.4,27.3,27.4,27.3,27.4,27.3,27.2,27.3,27.1,27.0,27.4,27.3,27.2,27.2,27.1,27.3,27.1,27.1,27.1,27.2,27.2,27.1,27.1,27.1,27.2,27.1,27.1,27.1,27.2,27.1
121,26.7,26.4,26.6,26.7,26.6,26.5,26.4,26.4,26.4,26.4,26.4,26.6,26.5,26.6,26.8,27.3,27.7,28.6,28.9,29.2,29.2,29.3,29.2,29.2,29.3,29.2,29.2,29.2,29.0,29.2,29.2,29.2,29.3,29.3,29.3,29.2,29.1,29.0,28.8,28.3,28.1,27.3,26.9,26.7,26.6,26.8,26.8,26.4,26.5,26.4,26.5,26.4,26.4,26.5,26.4,26.4,26.4,26.6,26.6,26.4,26.2,26.4,26.5,26.4,26.6,26.4,26.5,26.5,26.6,26.6,26.8,26.9,27.0,27.2,27.2,27.4,27.3,27.0,27.2,27.1,26.8,26.4,26.4,26.3,26.4,26.1,26.4,26.2,26.2,26.1,26.2,26.4,26.3,26.3,26.4,26.5,26.6,26.5,26.5,26.3,26.3,26.3,26.2,26.4,26.2,26.2,26.2,26.2,26.3,26.5,26.4,26.6,26.6,26.5,26.5,26.6,27.0,27.2,27.4,27.3,27.1,26.5,26.4,26.2,26.1,26.0,26.1,26.1,26.0,26.1,26.1,26.2,26.3,26.6,26.8,26.9,27.1,27.1,27.0,27.0,27.2,27.2,27.4,27.3,27.4,27.2,27.3,27.4,27.5,27.2,27.3,27.3,27.3,27.5,27.4,27.3,27.3,27.4,27.5,27.3,27.3,27.2,27.3,27.3,27.4,27.1,27.3,27.1,27.1,27.2,27.3,27.1,27.1,27.3,27.2,27.1,27.3,27.0,27.3,27.1,26.9,27.1,27.2,27.1,27.1,27.1,27.1,26.9,27.0,27.0,27.0,27.1
122,26.6,26.7,26.7,26.6,26.5,26.5,26.5,26.5,26.5,26.4,26.4,26.5,26.6,26.6,26.9,27.4,27.7,28.4,28.8,29.1,29.3,29.3,29.2,29.2,29.3,29.2,29.2,29.2,29.0,29.2,29.1,29.0,29.1,29.2,29.3,29.2,29.2,29.0,28.7,28.5,27.9,27.2,26.9,26.7,26.7,26.7,26.6,26.6,26.6,26.3,26.5,26.4,26.6,26.4,26.4,26.5,26.4,26.3,26.5,26.5,26.4,26.2,26.3,26.3,26.4,26.5,26.4,26.4,26.5,26.5,26.4,26.6,26.8,27.0,27.1,27.2,27.2,27.1,26.9,26.6,26.6,26.3,26.4,26.4,26.2,26.3,26.2,26.3,26.3,26.2,26.2,26.3,26.5,26.5,26.5,26.8,26.8,26.8,26.8,26.4,26.3,26.2,26.2,26.3,26.3,26.3,26.1,26.4,26.2,26.2,26.4,26.5,26.4,26.4,26.6,26.5,26.7,26.9,27.1,27.1,26.9,26.7,26.3,26.2,26.1,26.1,26.0,26.2,26.0,26.1,26.1,26.2,26.4,26.7,26.6,26.9,27.1,27.0,27.0,27.1,27.3,27.3,27.1,27.3,27.2,27.1,27.4,27.4,27.3,27.4,27.3,27.3,27.5,27.4,27.3,27.4,27.4,27.3,27.3,27.3,27.3,27.4,27.3,27.4,27.3,27.3,27.4,27.2,27.4,27.1,27.3,27.3,27.2,27.1,27.1,27.2,27.0,27.2,27.3,27.2,27.1,27.1,27.1,27.1,27.0,27.1,27.2,27.0,27.1,27.1,27.1,27.0
123,26.5,26.7,26.6,26.6,26.6,26.5,26.7,26.4,26.4,26.4,26.6,26.5,26.6,26.8,26.9,27.2,27.9,28.4,28.9,29.2,29.1,29.3,29.2,29.3,29.3,29.1,29.1,29.3,29.2,29.2,29.1,29.1,29.1,29.1,29.2,29.3,29.3,29.1,28.9,28.5,27.7,27.3,27.0,26.6,26.6,26.6,26.8,26.4,26.5,26.4,26.4,26.4,26.4,26.3,26.4,26.4,26.5,26.5,26.4,26.3,26.5,26.4,26.4,26.3,26.4,26.3,26.4,26.4,26.4,26.3,26.6,26.7,26.6,26.8,27.0,27.0,26.9,26.7,26.7,26.5,26.3,26.4,26.3,26.3,26.4,26.2,26.3,26.3,26.2,26.4,26.3,26.3,26.4,26.6,26.9,26.9,26.9,27.0,26.8,26.6,26.4,26.2,26.4,26.4,26.4,26.3,26.3,26.2,26.4,26.2,26.3,26.3,26.4,26.4,26.3,26.4,26.5,26.6,26.9,26.8,26.6,26.3,26.3,26.4,26.1,26.3,26.1,26.0,26.2,26.0,26.2,26.3,26.4,26.4,26.6,26.9,27.0,27.2,27.1,27.2,27.1,27.2,27.3,27.2,27.3,27.2,27.3,27.2,27.5,27.4,27.3,27.4,27.5,27.3,27.4,27.2,27.3,27.2,27.4,27.4,27.3,27.4,27.3,27.3,27.3,27.3,27.3,27.3,27.4,27.2,27.1,27.3,27.3,27.2,27.3,27.1,27.1,27.2,27.3,27.1,27.2,27.1,27.1,27.1,27.1,27.1,27.1,27.2,27.1,26.9,26.9,27.1
124,26.5,26.6,26.7,26.6,26.7,26.5,26.5,26.5,26.3,26.5,26.7,26.4,26.7,26.6,26.7,27.4,27.8,28.4,29.1,29.3,29.2,29.2,29.4,29.3,29.3,29.2,29.1,29.2,29.3,29.2,29.2,29.2,29.1,29.2,29.2,29.1,29.2,29.0,28.8,28.5,28.1,27.3,26.8,26.9,26.6,26.8,26.6,26.5,26.4,26.5,26.6,26.5,26.4,26.3,26.4,26.4,26.3,26.5,26.4,26.4,26.5,26.3,26.2,26.3,26.4,26.4,26.4,26.3,26.4,26.3,26.2,26.6,26.6,26.6,26.6,26.6,26.6,26.5,26.3,26.4,26.2,26.1,26.3,26.3,26.2,26.1,26.2,26.2,26.2,26.2,26.1,26.2,26.3,26.5,26.7,26.8,27.0,26.8,26.6,26.5,26.5,26.2,26.2,26.4,26.3,26.2,26.3,26.4,26.1,26.1,26.2,26.3,26.4,26.4,26.4,26.5,26.4,26.4,26.4,26.6,26.2,26.2,26.1,26.2,26.2,26.2,25.9,26.0,26.2,26.3,26.1,26.2,26.2,26.7,26.8,27.0,27.1,27.0,27.2,27.1,27.2,27.2,27.2,27.2,27.3,27.3,27.3,27.4,27.3,27.2,27.4,27.3,27.4,27.3,27.4,27.3,27.6,27.2,27.3,27.4,27.3,27.3,27.4,27.3,27.3,27.2,27.2,27.2,27.2,27.2,27.2,27.2,27.1,27.3,27.2,27.2,27.0,27.2,27.2,27.2,27.0,27.3,27.1,27.3,27.0,27.2,27.0,27.1,26.9,27.1,26.9,27.2
125,26.6,26.6,26.7,26.6,26.5,26.7,26.6,26.4,26.6,26.5,26.4,26.6,26.6,26.6,26.7,27.2,27.8,28.5,29.0,29.3,29.2,29.4,29.3,29.4,29.3,29.2,29.1,29.2,29.3,29.1,29.4,29.2,29.2,29.2,29.2,29.0,29.1,29.0,28.8,28.5,28.1,27.5,26.9,26.8,26.8,26.7,26.6,26.6,26.3,26.4,26.4,26.4,26.3,26.4,26.3,26.4,26.3,26.3,26.5,26.4,26.4,26.3,26.4,26.5,26.2,26.4,26.3,26.4,26.4,26.4,26.3,26.4,26.3,26.4,26.4,26.5,26.3,26.3,26.2,26.3,26.2,26.2,26.2,26.2,26.2,26.2,26.3,26.2,26.2,26.2,26.3,26.2,26.4,26.6,26.8,27.0,26.9,26.7,26.5,26.6,26.6,26.4,26.4,26.2,26.3,26.0,26.2,26.3,26.2,26.1,26.4,26.2,26.4,26.4,26.4,26.3,26.4,26.3,26.3,26.4,26.3,26.1,26.1,26.1,26.3,26.2,26.1,26.2,26.2,26.1,26.1,26.2,26.4,26.5,26.8,26.8,27.0,27.1,27.2,27.1,27.1,27.2,27.3,27.2,27.3,27.3,27.3,27.4,27.5,27.5,27.3,27.4,27.6,27.3,27.6,27.4,27.5,27.3,27.4,27.3,27.4,27.3,27.3,27.3,27.3,27.3,27.2,27.3,27.3,27.2,27.3,27.2,27.1,27.3,27.3,27.1,27.2,27.2,27.1,27.1,27.2,27.1,27.3,27.2,27.2,27.1,27.1,27.1,27.2,27.0,26.9,27.0
126,26.8,26.8,26.5,26.6,26.6,26.5,26.5,26.5,26.5,26.6,26.5,26.6,26.7,26.5,26.9,27.3,27.8,28.5,29.0,29.2,29.2,29.3,29.4,29.3,29.4,29.2,29.3,29.4,29.2,29.1,29.3,29.2,29.2,29.2,29.3,29.1,29.2,29.0,28.9,28.5,28.1,27.2,26.9,26.8,26.6,26.7,26.7,26.4,26.5,26.4,26.4,26.5,26.4,26.3,26.3,26.3,26.4,26.3,26.4,26.4,26.3,26.4,26.4,26.3,26.4,26.4,26.5,26.3,26.4,26.4,26.3,26.4,26.4,26.3,26.3,26.4,26.4,26.2,26.2,26.3,26.2,26.3,26.1,26.3,26.1,26.2,26.3,26.3,26.2,26.3,26.2,26.4,26.2,26.5,26.8,26.8,26.5,26.5,26.5,26.2,26.3,26.1,26.2,26.2,26.1,26.0,26.2,26.0,26.1,26.2,26.2,26.3,26.3,26.3,26.4,26.2,26.4,26.2,26.3,26.2,26.0,26.1,26.1,26.2,26.2,26.1,26.1,26.1,26.0,26.0,26.3,26.2,26.6,26.5,26.9,26.9,27.1,27.1,27.2,27.2,27.2,27.3,27.2,27.3,27.3,27.5,27.3,27.4,27.3,27.4,27.2,27.4,27.5,27.4,27.4,27.3,27.5,27.3,27.3,27.4,27.2,27.3,27.3,27.4,27.1,27.2,27.2,27.3,27.3,27.3,27.1,27.1,27.3,27.3,27.0,27.1,27.1,27.1,27.1,27.1,27.0,27.2,27.1,27.2,27.1,27.0,27.2,27.1,27.0,27.1,26.9,27.0
127,26.6,26.6,26.5,26.6,26.5,26.6,26.5,26.6,26.6,26.5,26.6,26.5,26.8,26.5,26.8,27.4,27.8,28.5,28.9,29.2,29.2,29.3,29.4,29.3,29.2,29.1,29.2,29.3,29.2,29.2,29.2,29.2,29.2,29.3,29.3,29.3,29.0,28.8,28.7,28.4,28.0,27.2,27.0,26.6,26.7,26.8,26.6,26.5,26.5,26.4,26.5,26.4,26.4,26.4,26.5,26.4,26.5,26.4,26.4,26.4,26.4,26.4,26.4,26.3,26.4,26.3,26.2,26.4,26.4,26.2,26.2,26.3,26.4,26.2,26.2,26.3,26.3,26.2,26.1,26.2,26.1,26.2,26.2,26.3,26.3,26.1,26.2,26.2,26.2,26.2,26.2,26.2,26.2,26.3,26.5,26.6,26.6,26.4,26.4,26.1,26.2,26.3,26.0,26.2,26.1,26.3,26.2,26.1,26.3,26.2,26.3,26.2,26.1,26.2,26.2,26.3,26.1,26.2,26.3,26.3,26.1,26.2,26.1,26.2,26.1,26.1,26.2,26.0,26.0,26.2,26.1,26.2,26.3,26.6,26.8,27.0,27.1,27.1,27.3,27.3,27.2,27.3,27.4,27.3,27.2,27.1,27.3,27.6,27.4,27.3,27.3,27.4,27.3,27.4,27.6,27.3,27.4,27.3,27.5,27.2,27.4,27.2,27.3,27.3,27.3,27.4,27.2,27.3,27.3,27.2,27.3,27.3,27.2,27.1,27.2,27.1,27.3,27.1,27.1,27.3,27.1,27.2,27.1,27.2,27.0,27.0,27.2,27.0,26.9,27.0,27.1,27.1
128,26.8,26.6,26.6,26.8,26.6,26.6,26.7,26.7,26.5,26.4,26.7,26.4,26.6,26.7,26.9,27.2,27.8,28.4,29.0,29.2,29.4,29.5,29.4,29.3,29.2,29.4,29.1,29.2,29.2,29.2,29.2,29.1,29.1,29.2,29.2,29.3,29.2,29.0,28.8,28.4,28.0,27.4,26.9,26.8,26.6,26.7,26.7,26.6,26.6,26.3,26.6,26.6,26.4,26.5,26.4,26.3,26.4,26.4,26.4,26.5,26.4,26.5,26.5,26.4,26.5,26.5,26.4,26.4,26.4,26.3,26.3,26.1,26.3,26.2,26.3,26.3,26.3,26.2,26.2,26.3,26.2,26.1,26.2,26.1,26.1,26.2,26.3,26.2,26.2,26.1,26.3,26.2,26.3,26.4,26.3,26.3,26.3,26.3,26.4,26.3,26.2,26.2,26.0,26.1,26.1,26.3,26.1,26.1,26.1,26.1,26.2,26.2,26.3,26.4,26.2,26.3,26.2,26.3,26.4,26.3,26.2,26.3,26.2,26.2,26.0,26.2,26.3,26.1,26.2,26.1,26.2,26.4,26.4,26.6,26.7,26.9,27.0,27.0,27.1,27.2,27.3,27.3,27.1,27.3,27.3,27.3,27.4,27.1,27.4,27.5,27.4,27.3,27.4,27.4,27.3,27.4,27.5,27.3,27.2,27.3,27.3,27.3,27.4,27.2,27.3,27.2,27.2,27.2,27.1,27.2,27.2,27.2,27.2,27.2,27.1,27.2,27.1,27.1,27.2,27.1,27.2,27.2,26.9,27.1,27.0,27.1,27.0,27.1,27.0,27.1,27.1,27.1
129,26.7,26.7,26.9,26.7,26.5,26.4,26.5,26.6,26.5,26.5,26.4,26.6,26.6,26.5,26.8,27.3,27.8,28.6,28.9,29.1,29.2,29.2,29.2,29.3,29.1,29.2,29.2,29.2,29.1,29.0,29.2,29.2,29.0,29.1,29.1,29.3,29.2,29.0,28.9,28.3,27.9,27.4,26.8,26.6,26.7,26.7,26.6,26.5,26.4,26.4,26.4,26.6,26.4,26.5,26.4,26.5,26.3,26.5,26.4,26.3,26.4,26.4,26.4,26.5,26.4,26.4,26.4,26.4,26.3,26.3,26.3,26.3,26.4,26.3,26.2,26.2,26.2,26.1,26.2,26.3,26.2,26.2,26.2,26.4,26.1,26.4,26.2,26.3,26.3,26.1,26.2,26.4,26.3,26.4,26.4,26.3,26.2,26.4,26.2,26.2,26.2,26.1,26.1,26.2,26.2,26.1,26.1,26.2,26.2,26.1,26.2,26.1,26.2,26.4,26.4,26.4,26.4,26.4,26.4,26.3,26.3,26.2,26.1,26.1,26.0,26.2,26.1,26.1,26.1,26.2,26.2,26.1,26.4,26.6,26.6,27.0,26.9,27.0,27.1,27.2,27.2,27.3,27.3,27.3,27.2,27.3,27.2,27.5,27.3,27.4,27.2,27.4,27.3,27.2,27.5,27.4,27.4,27.3,27.4,27.3,27.2,27.2,27.2,27.4,27.3,27.2,27.3,27.1,27.4,27.1,27.1,27.3,27.3,27.2,27.1,27.1,27.0,27.0,27.0,27.1,27.1,27.2,27.0,26.9,27.1,26.9,27.1,27.1,27.0,27.0,27.0,27.1
130,26.4,26.6,26.7,26.6,26.5,26.5,26.6,26.6,26.5,26.4,26.6,26.5,26.6,26.7,26.8,27.3,27.7,28.4,29.0,29.1,29.3,29.3,29.3,29.1,29.3,29.2,29.2,29.0,29.0,29.0,29.1,29.0,29.0,29.0,29.1,29.2,29.3,29.0,28.8,28.3,28.0,27.3,26.8,26.6,26.5,26.8,26.5,26.4,26.4,26.4,26.4,26.4,26.4,26.5,26.3,26.3,26.4,26.4,26.5,26.5,26.6,26.3,26.3,26.6,26.5,26.5,26.4,26.4,26.4,26.2,26.3,26.3,26.2,26.4,26.2,26.1,26.2,26.1,26.1,26.2,26.2,26.4,26.2,26.3,26.1,26.1,26.2,26.3,26.3,26.3,26.3,26.1,26.2,26.4,26.3,26.3,26.3,26.3,26.1,26.2,26.1,26.1,26.1,26.1,26.1,26.2,26.1,26.3,26.2,26.3,26.1,26.2,26.4,26.3,26.4,26.5,26.5,26.7,26.5,26.4,26.4,26.3,26.3,26.2,26.1,26.2,26.1,26.0,26.2,26.2,26.0,26.3,26.2,26.6,26.9,26.9,27.1,26.9,27.2,27.3,27.1,27.3,27.3,27.3,27.4,27.3,27.3,27.4,27.5,27.4,27.3,27.3,27.3,27.5,27.4,27.3,27.4,27.4,27.4,27.3,27.3,27.3,27.3,27.3,27.3,27.3,27.3,27.3,27.4,27.1,27.2,27.3,27.1,27.2,27.3,27.2,27.2,27.3,27.2,27.2,27.1,27.2,27.1,27.1,27.1,26.9,27.1,27.1,27.0,27.0,27.1,27.0
131,26.7,26.6,26.8,26.5,26.4,26.6,26.5,26.6,26.6,26.5,26.4,26.4,26.7,26.6,26.6,27.1,27.6,28.5,28.9,29.2,29.0,29.3,29.2,29.0,29.3,29.2,29.2,29.1,29.0,28.8,28.8,29.0,28.9,28.9,29.0,29.0,29.1,29.0,28.8,28.4,27.9,27.3,26.8,26.9,26.6,26.6,26.5,26.4,26.6,26.4,26.4,26.5,26.4,26.4,26.4,26.4,26.5,26.6,26.5,26.4,26.4,26.4,26.4,26.4,26.5,26.5,26.4,26.4,26.4,26.1,26.3,26.3,26.2,26.2,26.2,26.4,26.2,26.2,26.2,26.3,26.2,26.2,26.1,26.2,26.2,26.2,26.3,26.2,26.2,26.3,26.4,26.4,26.5,26.3,26.4,26.3,26.3,26.4,26.2,26.0,26.3,26.1,26.2,26.1,26.1,26.1,26.0,26.0,26.3,26.2,26.1,26.1,26.2,26.5,26.5,26.7,26.6,26.6,26.6,26.6,26.4,26.2,26.1,26.1,26.0,26.2,26.1,26.2,26.0,26.1,26.0,26.2,26.3,26.5,26.6,26.7,27.0,27.0,27.1,27.2,27.2,27.1,27.4,27.1,27.5,27.2,27.3,27.3,27.3,27.4,27.3,27.5,27.4,27.3,27.3,27.2,27.3,27.4,27.3,27.3,27.2,27.3,27.3,27.4,27.2,27.4,27.1,27.3,27.2,27.3,27.2,27.0,27.1,27.2,27.3,27.1,27.1,27.1,27.0,27.2,27.0,27.2,27.1,27.1,27.1,27.1,27.1,27.0,27.0,27.1,27.0,27.1
132,26.7,26.7,26.6,26.7,26.6,26.6,26.6,26.7,26.6,26.5,26.5,26.6,26.5,26.8,26.7,27.3,27.7,28.4,29.0,29.2,29.4,29.4,29.2,29.4,29.2,29.1,29.1,28.8,28.9,28.8,28.8,28.9,28.9,28.9,29.2,29.2,29.0,29.0,28.8,28.3,28.1,27.4,27.1,26.8,26.7,26.8,26.5,26.5,26.4,26.4,26.4,26.4,26.4,26.4,26.3,26.2,26.4,26.4,26.4,26.5,26.4,26.3,26.4,26.3,26.4,26.3,26.4,26.2,26.2,26.3,26.3,26.2,26.2,26.3,26.1,26.2,26.2,26.2,26.2,26.2,26.2,26.2,26.2,26.3,26.3,26.2,26.2,26.2,26.3,26.3,26.3,26.1,26.1,26.3,26.4,26.4,26.3,26.1,26.2,26.2,26.2,26.3,26.1,26.3,26.1,26.0,26.2,26.2,26.2,26.2,26.1,26.0,26.3,26.4,26.4,26.5,26.7,26.8,26.6,26.6,26.4,26.3,26.1,26.0,25.9,26.1,26.0,26.0,26.1,26.0,26.2,26.1,26.3,26.5,26.6,26.9,26.9,27.0,27.0,27.0,27.3,27.1,27.2,27.3,27.3,27.3,27.3,27.3,27.3,27.3,27.3,27.4,27.3,27.4,27.4,27.1,27.5,27.3,27.3,27.3,27.4,27.4,27.3,27.3,27.3,27.1,27.1,27.2,27.2,27.2,27.2,27.1,27.1,27.0,27.3,27.1,27.0,27.1,27.1,27.2,27.1,27.1,27.1,27.2,27.0,26.9,27.2,27.2,27.0,27.3,27.1,27.0
133,26.8,26.8,26.7,26.6,26.7,26.6,26.6,26.6,26.6,26.5,26.5,26.6,26.5,26.6,26.7,27.3,27.6,28.3,28.9,29.1,29.2,29.4,29.4,29.2,29.4,29.2,29.1,29.0,29.0,28.9,28.9,29.0,29.0,29.1,29.0,29.0,29.0,28.8,28.8,28.4,28.0,27.5,27.1,26.8,26.6,26.6,26.5,26.6,26.4,26.5,26.6,26.4,26.3,26.4,26.5,26.4,26.5,26.4,26.6,26.5,26.4,26.3,26.4,26.4,26.4,26.4,26.4,26.3,26.3,26.2,26.3,26.3,26.3,26.2,26.2,26.2,26.3,26.3,26.2,26.4,26.2,26.1,26.2,26.3,26.1,26.2,26.1,26.4,26.4,26.3,26.6,26.3,26.2,26.2,26.4,26.3,26.3,26.2,26.2,26.0,26.2,26.2,26.2,26.3,26.1,26.4,26.2,26.1,26.2,26.2,26.4,26.2,26.1,26.2,26.4,26.4,26.5,26.6,26.5,26.5,26.5,26.4,26.3,26.2,26.3,26.2,26.1,26.2,25.9,26.1,26.1,26.1,26.3,26.6,26.7,26.9,27.1,27.1,27.0,27.1,27.2,27.3,27.2,27.2,27.3,27.5,27.3,27.4,27.4,27.3,27.2,27.3,27.3,27.2,27.3,27.2,27.4,27.3,27.3,27.4,27.3,27.2,27.0,27.2,27.3,27.2,27.2,27.3,27.2,27.3,27.1,27.2,27.1,27.1,27.2,27.3,27.3,27.1,27.1,27.1,27.1,27.2,27.1,27.0,27.2,26.9,27.0,27.1,27.1,27.1,27.0,27.1
134,26.8,26.5,26.7,26.6,26.7,26.6,26.6,26.6,26.5,26.6,26.7,26.5,26.7,26.6,26.7,27.2,27.7,28.3,28.9,29.1,29.1,29.3,29.2,29.1,29.3,29.0,29.0,29.2,29.3,29.0,29.0,29.2,29.0,29.2,29.1,28.8,28.9,28.7,28.6,28.1,28.0,27.5,27.2,26.9,26.5,26.5,26.5,26.4,26.2,26.4,26.4,26.5,26.4,26.4,26.5,26.3,26.4,26.5,26.4,26.6,26.4,26.6,26.5,26.5,26.3,26.3,26.3,26.3,26.3,26.2,26.4,26.3,26.3,26.2,26.2,26.4,26.2,26.2,26.3,26.3,26.3,26.2,26.2,26.2,26.3,26.3,26.3,26.2,26.4,26.4,26.3,26.3,26.2,26.3,26.2,26.3,26.3,26.2,26.2,26.2,26.1,26.1,26.2,26.1,26.0,26.2,26.1,26.1,26.2,26.2,26.1,26.1,26.2,26.3,26.4,26.4,26.3,26.4,26.5,26.7,26.5,26.5,26.4,26.2,26.1,26.3,26.2,26.2,26.3,26.2,26.2,26.2,26.2,26.7,26.6,26.9,26.9,26.9,27.1,27.1,27.1,27.2,27.1,27.3,27.3,27.4,27.1,27.4,27.3,27.3,27.4,27.3,27.4,27.3,27.3,27.4,27.3,27.3,27.3,27.5,27.1,27.2,27.2,27.3,27.3,27.2,27.2,27.1,27.3,27.2,27.3,27.3,27.3,27.3,27.3,27.2,27.3,27.1,27.1,27.2,27.1,27.1,27.0,27.0,27.1,26.9,27.2,27.0,27.1,27.0,27.0,26.9
135,26.6,26.6,26.6,26.7,26.7,26.7,26.7,26.7,26.6,26.5,26.7,26.6,26.5,26.6,26.9,27.2,27.5,28.3,28.6,29.1,29.2,29.2,29.2,29.3,29.3,29.2,29.2,29.1,29.1,29.1,29.0,29.2,29.2,29.3,29.0,28.8,28.7,28.0,28.2,28.1,27.9,27.8,27.4,27.1,26.6,26.4,26.4,26.2,26.2,26.4,26.4,26.5,26.4,26.5,26.4,26.5,26.5,26.4,26.3,26.4,26.4,26.4,26.3,26.4,26.3,26.4,26.4,26.2,26.2,26.2,26.3,26.2,26.2,26.2,26.2,26.3,26.3,26.2,26.2,26.2,26.2,26.2,26.2,26.2,26.3,26.4,26.4,26.4,26.4,26.3,26.6,26.2,26.4,26.4,26.3,26.4,26.2,26.2,26.2,26.1,26.1,26.2,26.2,26.1,26.0,26.3,26.2,26.0,26.1,26.2,26.1,26.0,26.1,26.0,26.4,26.2,26.3,26.4,26.7,26.7,26.8,26.8,26.3,26.4,26.1,26.2,26.1,26.2,26.2,26.1,26.1,26.1,26.3,26.5,26.7,26.9,27.1,27.3,27.1,27.1,27.3,27.2,27.3,27.2,27.2,27.3,27.2,27.2,27.3,27.4,27.5,27.3,27.4,27.3,27.2,27.3,27.3,27.3,27.5,27.4,27.3,27.3,27.2,27.4,27.2,27.2,27.2,27.1,27.2,27.2,27.0,27.2,27.2,27.2,27.2,27.2,27.3,27.0,27.2,27.0,27.0,27.0,27.0,27.1,27.1,27.1,27.1,27.0,27.1,27.0,26.9,27.2
136,26.7,26.6,26.9,26.7,26.6,26.6,26.6,26.5,26.6,26.5,26.5,26.4,26.6,26.5,26.9,27.2,27.5,28.0,28.6,29.1,29.0,29.2,29.2,29.2,29.3,29.2,29.2,29.3,29.2,29.2,29.2,29.2,29.0,29.0,28.9,28.5,28.1,27.8,27.7,27.6,27.8,27.9,27.8,27.1,26.6,26.5,26.3,26.4,26.3,26.3,26.6,26.5,26.4,26.6,26.5,26.7,26.7,26.7,26.7,26.5,26.4,26.5,26.4,26.4,26.3,26.4,26.4,26.4,26.1,26.2,26.3,26.1,26.2,26.5,26.4,26.3,26.4,26.3,26.2,26.4,26.3,26.2,26.3,26.2,26.4,26.2,26.3,26.3,26.3,26.4,26.2,26.3,26.3,26.5,26.3,26.2,26.0,26.3,26.4,26.1,26.4,26.2,26.2,26.3,26.2,26.2,26.2,26.2,26.3,26.0,26.0,26.0,26.2,26.1,26.0,26.2,26.4,26.5,26.7,26.6,26.8,26.6,26.5,26.2,26.1,26.0,26.2,26.0,26.1,26.1,26.0,26.2,26.4,26.6,26.6,26.8,27.0,26.9,27.0,27.1,27.1,27.2,27.5,27.3,27.5,27.3,27.3,27.2,27.4,27.3,27.2,27.3,27.2,27.3,27.3,27.3,27.3,27.3,27.4,27.3,27.2,27.3,27.3,27.3,27.2,27.3,27.2,27.2,27.2,27.3,27.3,27.1,27.2,27.2,27.2,27.2,27.3,27.1,27.2,27.0,27.0,27.1,27.1,27.2,27.2,27.0,27.0,27.1,27.0,27.1,27.1,27.0
137,26.8,26.6,26.6,26.8,26.5,26.7,26.7,26.6,26.5,26.6,26.5,26.6,26.6,26.6,26.6,27.0,27.5,27.8,28.4,28.8,28.9,29.0,29.1,29.0,29.1,29.0,29.0,29.0,29.0,28.9,29.0,28.9,29.0,28.7,28.6,28.0,28.0,27.7,27.6,27.6,27.8,27.6,27.5,27.1,26.5,26.5,26.4,26.3,26.4,26.5,26.4,26.6,26.7,26.9,27.1,27.2,27.2,27.0,27.0,26.6,26.6,26.5,26.4,26.5,26.4,26.4,26.4,26.4,26.3,26.2,26.1,26.4,26.2,26.2,26.3,26.3,26.3,26.3,26.2,26.3,26.2,26.2,26.4,26.4,26.2,26.2,26.3,26.2,26.4,26.2,26.1,26.3,26.3,26.2,26.3,26.2,26.1,26.2,26.2,26.2,26.2,26.3,26.4,26.5,26.2,26.3,26.2,26.2,26.3,26.2,26.2,26.1,26.2,26.2,26.2,26.2,26.3,26.4,26.6,26.6,26.6,26.4,26.5,26.3,26.2,26.2,26.1,26.1,26.2,26.2,26.0,26.1,26.2,26.4,26.8,27.1,27.2,27.0,27.1,27.1,27.2,27.2,27.1,27.3,27.1,27.4,27.3,27.4,27.3,27.3,27.4,27.2,27.3,27.4,27.2,27.3,27.2,27.2,27.2,27.2,27.3,27.2,27.3,27.2,27.3,27.3,27.2,27.2,27.4,27.4,27.2,27.1,27.2,27.1,27.1,27.1,27.2,27.1,27.1,27.1,27.0,27.3,27.0,27.1,27.0,27.1,27.1,27.1,27.1,27.0,27.0,27.1
138,26.6,26.6,26.7,26.7,26.8,26.5,26.4,26.5,26.6,26.6,26.5,26.5,26.5,26.6,26.4,26.9,27.1,27.6,27.9,28.0,28.3,28.4,28.6,28.6,28.6,28.5,28.4,28.3,28.3,28.2,28.2,28.4,28.1,27.8,27.8,27.6,27.5,27.4,27.4,27.6,27.7,27.5,27.2,26.9,26.6,26.5,26.4,26.5,26.4,26.4,26.7,26.8,27.2,27.4,27.8,27.7,27.7,27.8,27.3,27.1,26.6,26.4,26.5,26.5,26.4,26.4,26.2,26.4,26.2,26.2,26.3,26.3,26.2,26.4,26.2,26.1,26.5,26.3,26.3,26.3,26.3,26.4,26.3,26.4,26.4,26.3,26.3,26.3,26.3,26.4,26.3,26.2,26.4,26.3,26.3,26.1,26.2,26.1,26.2,26.2,26.3,26.2,26.2,26.2,26.3,26.3,26.2,26.2,26.2,26.1,26.3,26.1,26.1,26.1,26.0,26.3,26.3,26.1,26.4,26.4,26.4,26.3,26.2,26.2,26.0,26.1,26.2,26.2,26.1,26.0,26.2,26.3,26.2,26.5,26.7,26.9,27.0,27.0,27.1,27.2,27.2,27.2,27.2,27.0,27.1,27.4,27.3,27.5,27.4,27.3,27.3,27.4,27.3,27.3,27.2,27.2,27.5,27.3,27.4,27.3,27.1,27.3,27.2,27.4,27.3,27.1,27.1,27.3,27.4,27.2,27.1,27.2,26.9,27.1,27.1,27.2,27.1,27.1,27.1,27.1,27.1,27.1,26.9,27.0,26.9,27.2,27.1,27.1,27.1,27.1,27.1,27.2
139,26.5,26.8,26.8,26.8,26.6,26.7,26.6,26.6,26.7,26.7,26.6,26.7,26.5,26.4,26.6,26.8,26.9,27.1,27.3,27.7,27.8,28.0,28.0,28.0,28.0,28.0,27.8,27.8,27.7,27.7,27.5,27.5,27.4,27.4,27.3,27.3,27.1,27.0,27.1,27.0,27.0,26.9,26.8,26.8,26.6,26.5,26.4,26.3,26.4,26.6,26.9,27.3,27.6,27.8,28.0,28.0,28.0,28.1,27.8,27.7,27.2,26.8,26.5,26.6,26.4,26.5,26.4,26.2,26.4,26.2,26.3,26.3,26.3,26.3,26.4,26.4,26.4,26.4,26.4,26.3,26.4,26.1,26.4,26.3,26.4,26.3,26.3,26.1,26.3,26.3,26.4,26.3,26.4,26.4,26.3,26.4,26.2,26.4,26.4,26.2,26.3,26.3,26.2,26.4,26.4,26.2,26.3,26.2,26.2,26.3,26.2,26.2,26.2,26.2,26.2,26.2,26.3,26.2,26.3,26.4,26.3,26.2,26.2,26.2,26.1,26.2,26.1,26.4,26.1,26.2,26.2,26.2,26.4,26.7,26.8,27.0,27.1,27.2,27.2,27.2,27.3,27.3,27.3,27.2,27.3,27.3,27.4,27.5,27.4,27.5,27.3,27.2,27.4,27.3,27.3,27.2,27.3,27.3,27.3,27.3,27.3,27.1,27.3,27.4,27.3,27.3,27.3,27.4,27.3,27.3,27.2,27.1,27.2,27.3,27.2,27.1,27.2,27.1,27.1,27.2,27.1,27.3,27.1,27.3,27.2,27.1,27.1,27.1,27.1,27.1,27.1,27.1
140,26.9,26.7,26.7,26.5,26.7,26.6,26.6,26.6,26.7,26.7,26.7,26.7,26.6,26.6,26.5,26.6,26.8,27.0,27.2,27.4,27.6,27.9,27.8,27.6,27.8,27.6,27.4,27.3,27.1,26.8,27.1,27.0,27.0,26.9,26.9,26.9,26.7,26.9,26.9,26.7,26.8,26.8,26.9,26.7,26.5,26.6,26.5,26.6,26.6,26.6,27.0,27.5,27.8,28.2,28.1,27.9,28.0,28.0,27.9,28.2,28.0,27.2,26.9,26.5,26.4,26.4,26.5,26.3,26.4,26.3,26.4,26.3,26.4,26.4,26.4,26.5,26.4,26.4,26.4,26.3,26.2,26.5,26.4,26.2,26.3,26.4,26.4,26.4,26.4,26.6,26.4,26.5,26.5,26.4,26.4,26.4,26.3,26.4,26.2,26.3,26.4,26.4,26.4,26.3,26.2,26.4,26.2,26.3,26.2,26.2,26.3,26.3,26.4,26.4,26.3,26.4,26.3,26.2,26.3,26.2,26.2,26.2,26.2,26.2,26.2,26.3,26.3,26.2,26.0,26.0,26.2,26.0,26.2,26.6,26.6,27.0,26.9,27.1,27.2,27.2,27.2,27.1,27.2,27.3,27.2,27.3,27.3,27.1,27.4,27.3,27.3,27.3,27.4,27.4,27.3,27.3,27.3,27.3,27.4,27.3,27.2,27.3,27.2,27.2,27.3,27.1,27.2,27.3,27.2,27.3,27.2,27.1,27.2,27.1,27.1,27.2,27.2,27.2,27.1,27.1,27.1,27.3,27.0,27.2,27.0,27.1,27.1,27.1,27.2,27.0,27.2,27.1
141,26.6,26.6,26.6,26.7,26.5,26.6,26.6,26.5,26.6,26.5,26.6,26.6,26.6,26.4,26.5,26.5,26.5,26.8,27.0,27.4,27.6,27.6,27.6,27.4,27.6,27.4,27.3,27.0,26.9,26.7,26.6,26.7,26.6,26.8,26.8,26.6,26.5,26.4,26.5,26.7,26.6,26.5,26.6,26.6,26.6,26.5,26.4,26.6,26.5,26.8,27.3,27.7,28.0,27.8,27.8,27.7,27.8,28.0,28.0,28.4,28.1,27.3,26.7,26.5,26.5,26.4,26.4,26.3,26.4,26.3,26.3,26.4,26.4,26.4,26.5,26.5,26.5,26.5,26.4,26.4,26.4,26.3,26.5,26.4,26.4,26.5,26.4,26.4,26.4,26.5,26.5,26.4,26.6,26.6,26.6,26.6,26.7,26.7,26.6,26.6,26.7,26.4,26.4,26.4,26.3,26.1,26.2,26.4,26.1,26.2,26.2,26.3,26.3,26.4,26.2,26.2,26.2,26.1,26.2,26.2,26.1,26.2,26.1,26.1,26.0,26.2,26.1,26.2,26.0,26.2,26.2,26.2,26.3,26.6,26.8,26.8,27.1,27.1,27.3,27.1,27.3,27.2,27.2,27.3,27.3,27.3,27.3,27.3,27.2,27.3,27.3,27.4,27.4,27.4,27.2,27.3,27.3,27.3,27.3,27.3,27.2,27.3,27.2,27.2,27.4,27.1,27.2,27.2,27.3,27.3,27.1,27.1,27.3,27.1,27.2,27.1,27.2,27.1,27.2,27.1,27.0,27.1,26.9,27.0,27.1,27.1,27.1,27.0,26.9,26.9,27.1,27.1
142,26.7,26.6,26.6,26.7,26.6,26.6,26.6,26.6,26.6,26.6,26.5,26.5,26.5,26.4,26.5,26.4,26.5,26.9,27.0,27.4,27.6,27.5,27.6,27.6,27.5,27.3,27.2,27.0,26.9,26.6,26.6,26.7,26.5,26.6,26.4,26.4,26.6,26.4,26.5,26.6,26.5,26.5,26.6,26.5,26.4,26.4,26.3,26.3,26.5,26.9,27.1,27.7,27.9,28.0,27.7,27.6,27.8,28.0,28.1,28.4,28.2,27.3,26.7,26.5,26.6,26.4,26.4,26.3,26.4,26.3,26.4,26.3,26.4,26.6,26.6,26.6,26.5,26.5,26.3,26.5,26.4,26.4,26.5,26.4,26.6,26.7,26.7,26.8,26.5,26.7,26.6,26.8,26.7,26.9,26.9,26.6,26.8,26.8,26.7,26.6,26.6,26.6,26.6,26.3,26.3,26.3,26.2,26.3,26.2,26.4,26.1,26.3,26.3,26.4,26.2,26.2,26.3,26.4,26.3,26.3,26.3,26.1,26.1,26.0,25.9,26.1,26.2,26.1,26.1,26.0,26.0,26.1,26.3,26.5,26.6,26.9,27.0,27.2,27.3,27.1,27.2,27.2,27.3,27.3,27.1,27.3,27.4,27.2,27.4,27.3,27.4,27.4,27.2,27.4,27.3,27.3,27.3,27.2,27.3,27.3,27.1,27.2,27.2,27.3,27.2,27.3,27.3,27.1,27.2,27.3,27.0,27.1,27.2,27.1,27.3,27.1,27.2,27.1,27.0,27.0,27.1,27.2,27.1,27.1,27.1,27.1,27.1,27.1,27.1,27.1,26.9,27.2
143,26.9,26.8,26.8,26.7,26.6,26.7,26.8,26.8,26.6,26.6,26.8,26.6,26.7,26.7,26.6,26.7,26.7,26.8,27.1,27.5,27.5,27.6,27.6,27.6,27.6,27.3,27.4,27.1,26.9,26.8,26.7,26.6,26.7,26.7,26.6,26.5,26.4,26.5,26.6,26.5,26.6,26.5,26.6,26.4,26.3,26.6,26.5,26.5,26.9,26.9,27.3,27.6,27.9,27.9,27.6,27.6,27.8,28.0,28.3,28.4,28.4,27.3,26.7,26.4,26.4,26.4,26.3,26.5,26.6,26.4,26.7,26.5,26.5,26.8,26.6,26.7,26.6,26.5,26.4,26.5,26.5,26.6,26.8,26.7,26.7,26.8,26.9,26.8,26.8,26.7,26.7,26.7,26.7,26.9,26.8,27.0,26.9,26.8,26.7,26.7,26.7,26.7,26.7,26.4,26.4,26.2,26.2,26.1,26.3,26.2,26.2,26.3,26.3,26.5,26.2,26.4,26.1,26.1,26.2,26.3,26.2,26.2,25.9,26.0,26.2,26.1,26.2,26.2,26.0,26.2,25.9,26.4,26.4,26.4,26.6,27.0,27.0,27.0,27.3,27.1,27.1,27.3,27.2,27.1,27.3,27.2,27.3,27.3,27.3,27.3,27.4,27.3,27.3,27.2,27.3,27.5,27.4,27.2,27.3,27.3,27.3,27.3,27.1,27.1,27.2,27.2,27.3,27.3,27.1,27.3,27.1,27.0,27.2,27.2,27.2,27.1,27.2,27.2,27.1,27.0,27.0,27.3,27.1,26.9,27.0,27.1,26.9,27.0,27.2,27.0,27.0,27.1
144,26.9,26.9,26.9,27.1,26.8,27.0,27.0,26.9,27.1,26.9,26.8,27.0,26.9,26.8,26.9,27.0,26.9,27.3,27.3,27.4,27.5,27.5,27.6,27.7,27.6,27.4,27.4,27.1,26.9,26.6,26.8,26.6,26.3,26.6,26.6,26.4,26.5,26.6,26.4,26.4,26.4,26.6,26.5,26.4,26.5,26.4,26.4,26.6,26.7,26.9,27.1,27.6,27.9,27.8,27.7,27.8,27.9,28.1,28.2,28.5,28.1,27.2,26.6,26.6,26.4,26.4,26.5,26.4,26.6,26.4,26.4,26.6,26.5,26.6,26.5,26.6,26.6,26.6,26.4,26.4,26.5,26.5,26.7,26.9,26.9,26.9,27.0,26.7,26.8,26.8,26.7,26.7,26.9,27.0,26.9,27.0,27.0,27.0,26.9,26.9,27.0,26.6,26.6,26.5,26.2,26.3,26.0,26.2,26.3,26.3,26.3,26.3,26.2,26.4,26.3,26.3,26.2,26.3,26.2,26.1,25.9,26.0,26.0,26.2,26.1,26.0,26.1,26.1,25.9,26.1,26.1,26.2,26.3,26.4,26.6,26.9,26.9,27.1,27.0,27.1,27.1,27.1,27.4,27.2,27.2,27.3,27.1,27.3,27.3,27.3,27.3,27.4,27.3,27.2,27.1,27.1,27.3,27.4,27.1,27.3,27.3,27.1,27.3,27.2,27.2,27.3,27.1,27.1,27.2,27.1,27.2,27.2,27.2,27.1,27.1,27.0,27.1,27.0,27.1,27.1,27.1,27.1,27.1,27.1,27.0,27.0,27.1,27.1,27.1,27.0,26.9,27.1
145,27.1,27.1,27.2,27.4,27.2,27.1,27.3,27.2,27.1,27.1,27.1,27.2,27.3,27.2,27.1,27.2,27.3,27.5,27.4,27.6,27.5,27.7,27.6,27.4,27.5,27.3,27.4,27.2,26.8,26.7,26.7,26.7,26.6,26.6,26.6,26.7,26.5,26.5,26.4,26.4,26.6,26.5,26.5,26.3,26.4,26.3,26.3,26.5,26.6,26.8,27.1,27.3,27.6,28.0,28.2,28.1,28.1,28.1,28.2,28.2,27.8,27.1,26.9,26.6,26.4,26.6,26.4,26.5,26.5,26.6,26.5,26.7,26.6,26.7,26.7,26.7,26.7,26.4,26.5,26.4,26.4,26.5,26.6,26.9,27.0,26.7,26.9,26.9,26.7,26.8,26.9,26.9,26.9,26.9,27.0,27.0,27.0,26.8,27.0,26.9,26.7,26.7,26.6,26.5,26.2,26.4,26.3,26.3,26.2,26.2,26.3,26.2,26.5,26.3,26.2,26.4,26.4,26.3,26.3,26.1,26.2,26.4,26.1,26.2,26.0,26.1,26.1,26.1,26.0,26.1,26.2,26.1,26.4,26.4,26.6,26.8,26.9,27.0,27.1,27.1,27.3,27.2,27.2,27.2,27.2,27.2,27.3,27.3,27.2,27.3,27.2,27.3,27.3,27.3,27.4,27.3,27.3,27.3,27.3,27.2,27.1,27.3,27.3,27.3,27.2,27.1,27.2,27.1,27.4,27.2,27.1,27.1,27.1,27.3,27.1,27.1,27.1,27.0,27.1,27.1,26.9,27.0,27.2,27.0,27.3,27.1,27.0,27.2,26.9,26.9,27.1,27.3
146,27.3,27.3,27.3,27.3,27.2,27.3,27.3,27.3,27.5,27.5,27.3,27.3,27.5,27.3,27.5,27.5,27.2,27.5,27.4,27.5,27.5,27.5,27.5,27.4,27.4,27.3,27.3,27.0,26.9,26.6,26.6,26.6,26.5,26.4,26.4,26.5,26.4,26.4,26.3,26.4,26.3,26.4,26.4,26.4,26.3,26.3,26.3,26.4,26.3,26.7,26.9,27.1,27.4,27.7,27.8,28.0,28.0,27.9,28.0,27.6,27.3,26.8,26.8,26.6,26.6,26.4,26.4,26.4,26.4,26.5,26.6,26.6,26.5,26.6,26.7,26.7,26.5,26.6,26.5,26.5,26.6,26.7,26.6,26.9,26.9,26.8,27.0,26.9,26.9,26.9,27.1,27.1,27.1,27.0,26.9,26.9,27.0,27.1,27.0,26.9,26.8,26.7,26.4,26.2,26.3,26.3,26.3,26.1,26.2,26.2,26.2,26.3,26.2,26.1,26.0,26.2,26.3,26.2,26.5,26.2,26.5,26.4,26.2,26.3,26.1,26.0,26.1,26.2,26.1,26.2,26.0,26.2,26.2,26.3,26.7,26.7,27.0,27.1,27.2,27.1,27.0,27.2,27.1,27.2,27.2,27.2,27.2,27.2,27.2,27.3,27.3,27.3,27.3,27.4,27.3,27.2,27.3,27.1,27.2,27.3,27.3,27.1,27.1,27.2,27.2,27.2,27.2,27.2,27.2,27.2,27.1,27.2,27.1,27.1,27.3,27.1,27.4,27.1,27.0,27.1,27.1,27.1,27.1,27.1,27.1,27.1,27.1,27.1,27.0,27.0,27.0,26.9
147,27.5,27.4,27.4,27.3,27.4,27.5,27.4,27.1,27.6,27.3,27.4,27.4,27.5,27.5,27.5,27.6,27.6,27.5,27.6,27.6,27.6,27.5,27.6,27.6,27.6,27.5,27.1,27.2,27.0,26.9,26.6,26.5,26.4,26.4,26.3,26.4,26.3,26.5,26.4,26.4,26.4,26.4,26.3,26.4,26.2,26.2,26.4,26.3,26.5,26.6,26.5,26.9,27.1,27.3,27.2,27.3,27.5,27.6,27.4,27.2,27.2,26.9,26.5,26.6,26.5,26.5,26.4,26.5,26.4,26.4,26.6,26.6,26.6,26.6,26.9,26.7,26.6,26.6,26.5,26.6,26.7,26.7,26.8,27.1,27.0,27.0,26.8,26.9,27.0,27.2,27.1,27.2,27.2,27.3,27.2,27.2,27.1,26.9,26.8,26.6,26.7,26.6,26.5,26.4,26.3,26.4,26.2,26.1,26.2,26.2,26.2,26.2,26.1,26.0,26.2,26.2,26.2,26.2,26.5,26.6,26.6,26.7,26.3,26.3,26.2,26.2,26.0,26.0,26.0,26.1,25.9,26.0,26.2,26.4,26.5,26.7,26.9,27.0,27.0,27.2,27.2,27.3,27.2,27.3,27.1,27.2,27.2,27.3,27.2,27.1,27.3,27.2,27.3,27.1,27.4,27.3,27.2,27.3,27.3,27.3,27.3,27.1,27.1,27.0,27.3,27.1,27.2,27.1,27.1,27.3,27.1,27.3,27.2,27.1,27.1,26.9,27.1,27.1,27.3,27.2,27.1,27.0,26.9,27.3,27.1,26.9,27.2,27.0,27.1,27.1,27.0,26.9
148,27.5,27.5,27.4,27.6,27.5,27.5,27.3,27.5,27.7,27.4,27.7,27.6,27.6,27.5,27.5,27.6,27.5,27.6,27.6,27.7,27.7,27.6,27.6,27.7,27.7,27.5,27.6,27.3,27.4,27.1,27.1,26.7,26.5,26.4,26.3,26.5,26.4,26.4,26.3,26.4,26.3,26.4,26.2,26.3,26.2,26.3,26.4,26.2,26.4,26.4,26.5,26.5,26.7,26.9,27.0,26.9,27.2,27.4,27.1,27.3,27.3,27.1,26.8,26.7,26.6,26.2,26.3,26.3,26.3,26.4,26.6,26.6,26.6,26.8,26.9,26.7,26.9,26.9,26.7,26.6,26.6,26.6,27.1,27.3,27.2,27.3,27.2,27.1,27.4,27.6,27.5,27.4,27.4,27.5,27.8,27.7,27.3,27.1,26.7,26.7,26.5,26.5,26.4,26.3,26.3,26.2,26.2,26.2,26.2,26.2,26.3,26.2,26.3,26.0,26.2,26.2,26.0,26.2,26.4,26.6,26.7,26.7,26.5,26.4,26.1,26.1,26.1,26.1,26.1,26.2,26.1,26.2,26.3,26.3,26.6,26.9,26.8,27.1,26.9,27.1,27.2,27.2,27.2,27.1,27.1,27.1,27.2,27.2,27.1,27.3,27.2,27.1,27.3,27.2,27.3,27.2,27.3,27.1,27.3,27.1,27.1,27.2,27.2,27.2,27.1,27.1,27.1,27.2,27.2,27.1,27.1,27.3,27.1,27.2,27.3,27.1,27.0,26.9,27.1,27.0,27.2,27.1,26.9,27.0,27.1,27.1,27.0,27.1,26.8,26.9,27.0,27.0
149,27.5,27.5,27.5,27.5,27.4,27.4,27.4,27.4,27.4,27.4,27.5,27.6,27.6,27.6,27.7,27.5,27.7,27.5,27.8,27.9,28.0,27.9,28.0,28.1,28.2,28.0,28.1,28.0,27.8,27.6,27.4,27.1,26.2,26.5,26.5,26.4,26.5,26.3,26.4,26.2,26.4,26.3,26.3,26.2,26.2,26.2,26.2,26.2,26.3,26.4,26.4,26.4,26.5,26.8,26.7,26.9,27.0,27.5,27.9,28.2,27.7,27.3,27.0,26.7,26.6,26.5,26.5,26.4,26.4,26.5,26.5,26.6,26.8,26.8,27.0,27.1,26.9,26.9,26.8,26.8,26.7,27.0,27.3,27.7,27.7,27.5,27.5,27.4,27.6,27.7,27.7,27.5,27.7,28.0,28.1,27.8,27.5,27.1,26.9,26.7,26.6,26.4,26.4,26.4,26.4,26.3,26.2,26.2,26.2,26.1,26.1,26.3,26.3,26.2,26.1,26.2,26.3,26.3,26.5,26.8,26.7,26.6,26.6,26.4,26.3,26.3,26.2,26.2,26.2,26.2,26.1,26.2,26.1,26.4,26.5,26.8,26.9,27.0,27.1,27.1,27.2,27.1,27.2,27.2,27.1,27.2,27.1,27.2,27.2,27.2,27.2,27.1,27.2,27.2,27.3,27.3,27.3,27.2,27.2,27.2,27.2,27.1,27.2,27.1,27.0,27.2,27.2,27.1,27.2,27.1,27.1,27.2,27.0,27.0,27.2,27.0,27.2,27.1,27.0,27.2,27.1,27.1,26.9,26.8,27.1,27.0,27.0,27.0,27.0,27.1,26.8,27.0
150,27.5,27.5,27.5,27.5,27.5,27.4,27.4,27.4,27.4,27.5,27.6,27.6,27.6,27.6,27.6,27.7,27.7,27.8,27.8,28.1,28.1,28.3,28.5,28.5,28.5,28.5,28.5,28.3,28.0,27.8,27.6,27.1,26.5,26.4,26.4,26.4,26.3,26.4,26.4,26.4,26.4,26.3,26.2,26.2,26.2,26.2,26.1,26.2,26.3,26.3,26.4,26.4,26.5,26.6,26.7,26.8,27.1,27.6,28.0,28.2,28.0,27.4,27.0,26.6,26.6,26.5,26.5,26.5,26.4,26.5,26.5,26.7,26.8,26.9,27.0,27.1,27.1,26.9,26.9,26.8,26.9,26.9,27.3,27.6,27.5,27.5,27.5,27.3,27.4,27.5,27.4,27.5,27.8,28.0,28.2,28.0,27.5,27.1,26.9,26.7,26.6,26.6,26.4,26.4,26.4,26.3,26.2,26.2,26.2,26.1,26.1,26.2,26.3,26.2,26.2,26.2,26.3,26.3,26.5,26.5,26.6,26.6,26.5,26.4,26.2,26.2,26.2,26.2,26.2,26.0,26.2,26.2,26.2,26.3,26.6,26.7,26.9,27.0,27.1,27.1,27.2,27.2,27.1,27.1,27.2,27.2,27.2,27.2,27.2,27.2,27.1,27.1,27.2,27.2,27.2,27.2,27.2,27.2,27.2,27.2,27.2,27.2,27.1,27.2,27.1,27.2,27.2,27.1,27.1,27.2,27.2,27.1,27.2,27.2,27.2,27.2,27.0,27.1,27.1,27.1,27.0,26.9,27.0,27.0,27.0,27.0,27.0,27.0,27.0,27.0,27.0,26.9
151,27.6,27.6,27.6,27.6,27.5,27.6,27.5,27.6,27.5,27.5,27.6,27.6,27.8,27.8,27.7,27.6,27.8,27.8,28.2,28.3,28.6,28.9,28.9,28.9,29.0,28.9,28.9,28.9,28.5,28.2,27.8,27.2,26.8,26.4,26.4,26.3,26.4,26.4,26.4,26.4,26.5,26.4,26.2,26.2,26.3,26.2,26.1,26.3,26.0,26.3,26.4,26.5,26.4,26.6,26.7,26.8,27.2,27.7,28.1,28.3,28.3,27.6,27.1,26.6,26.6,26.5,26.5,26.6,26.5,26.5,26.5,26.8,26.8,27.0,27.1,27.1,27.3,27.3,26.9,26.8,26.9,26.9,27.3,27.5,27.6,27.5,27.4,27.2,27.3,27.4,27.4,27.4,27.8,28.4,28.5,28.3,27.6,27.1,26.9,26.8,26.5,26.6,26.6,26.4,26.4,26.2,26.3,26.2,26.1,26.2,26.2,26.1,26.3,26.4,26.2,26.3,26.3,26.4,26.5,26.5,26.6,26.5,26.5,26.1,26.1,26.2,26.2,26.1,26.0,26.3,25.9,26.2,26.2,26.3,26.7,26.6,26.9,27.0,27.1,27.1,27.2,27.1,27.1,27.3,27.3,27.2,27.3,27.3,27.3,27.2,27.1,27.2,27.1,27.4,27.4,27.2,27.2,27.3,27.3,27.2,27.1,27.1,27.2,27.1,27.3,27.2,27.1,27.2,27.1,27.1,27.2,27.1,27.1,27.2,27.2,27.1,27.1,26.9,27.1,27.0,26.9,27.0,27.0,27.1,27.0,27.0,26.9,27.0,26.9,26.8,27.0,27.0
152,27.5,27.6,27.7,27.7,27.6,27.5,27.5,27.6,27.5,27.4,27.7,27.6,27.6,27.8,27.6,27.6,27.6,27.7,27.9,28.2,28.5,28.8,28.9,29.0,28.9,28.8,28.7,28.7,28.4,27.9,27.6,27.2,26.5,26.3,26.3,26.3,26.4,26.3,26.4,26.3,26.4,26.3,26.4,26.2,26.2,26.1,26.2,26.2,26.3,26.2,26.4,26.4,26.5,26.5,26.4,26.7,26.9,27.4,27.5,27.8,27.6,27.2,26.9,26.9,26.7,26.6,26.5,26.7,26.4,26.5,26.6,26.6,26.9,27.1,27.0,27.2,27.2,27.1,26.9,26.8,26.8,26.8,27.0,27.1,27.1,27.1,27.1,26.9,27.0,27.1,27.1,27.3,27.6,27.8,28.1,27.8,27.3,27.1,26.8,27.0,26.9,26.9,26.7,26.6,26.6,26.5,26.3,26.4,26.2,26.1,26.2,26.2,26.2,26.2,25.9,26.2,26.4,26.2,26.5,26.4,26.4,26.5,26.2,26.4,26.2,26.2,25.9,26.2,26.4,26.2,26.1,26.3,26.2,26.3,26.5,26.6,26.9,26.8,27.1,27.3,27.1,27.2,27.0,27.2,27.3,27.2,27.2,27.1,27.1,27.1,27.2,27.2,27.3,27.1,27.1,27.3,27.3,27.1,27.1,27.1,27.1,27.1,27.1,27.3,27.2,27.2,27.0,27.1,27.2,27.1,27.1,27.1,27.1,27.1,27.0,27.0,27.1,27.1,27.1,27.0,26.9,26.9,27.0,26.8,27.1,27.1,27.0,27.0,26.9,27.0,26.8,27.0
153,27.6,27.6,27.5,27.7,27.4,27.4,27.6,27.7,27.6,27.7,27.6,27.5,27.8,27.6,27.5,27.6,27.6,27.8,28.0,28.2,28.2,28.4,28.3,28.4,28.4,28.4,28.1,28.2,27.8,27.4,27.1,27.1,26.5,26.5,26.5,26.4,26.4,26.5,26.4,26.5,26.4,26.2,26.3,26.1,26.2,26.2,26.3,26.4,26.3,26.3,26.4,26.3,26.3,26.5,26.8,26.6,26.8,27.1,27.2,27.1,27.1,26.9,26.9,26.8,26.8,26.6,26.4,26.6,26.5,26.6,26.7,26.8,26.8,27.1,27.0,27.2,27.2,27.1,26.9,26.8,26.6,26.7,26.7,26.9,26.8,26.9,26.6,26.7,26.8,26.9,26.6,26.9,27.2,27.4,27.6,27.6,27.2,27.1,27.3,27.3,27.5,27.4,27.3,27.1,26.6,26.6,26.5,26.4,26.2,26.2,26.3,26.2,26.2,26.2,26.1,26.2,26.4,26.3,26.3,26.4,26.3,26.2,26.3,26.3,26.1,26.2,26.5,26.4,26.4,26.5,26.3,26.4,26.1,26.3,26.4,26.7,26.8,26.8,27.0,27.1,26.9,27.1,26.9,27.3,27.1,27.0,27.1,27.2,27.2,27.1,27.2,27.1,27.2,27.1,27.1,27.1,27.3,27.2,27.1,27.1,27.1,27.2,27.1,27.2,27.1,27.0,27.1,27.1,27.1,27.2,27.1,27.1,27.1,27.2,27.2,26.9,26.9,27.0,26.9,27.1,26.9,27.0,26.8,26.9,27.1,27.0,27.0,26.9,27.1,26.8,27.1,27.0
154,27.7,27.7,27.7,27.6,27.5,27.6,27.5,27.7,27.8,27.6,27.7,27.6,27.7,27.5,27.6,27.9,27.7,27.8,27.9,28.0,28.0,28.0,28.0,28.0,28.2,27.9,27.7,27.7,27.6,27.1,26.8,26.7,26.6,26.5,26.6,26.7,26.7,26.7,26.5,26.5,26.5,26.4,26.2,26.4,26.3,26.4,26.3,26.2,26.2,26.4,26.4,26.5,26.3,26.5,26.4,26.4,26.5,26.8,26.8,26.9,26.9,26.6,26.6,26.6,26.7,26.6,26.7,26.6,26.5,26.6,26.8,26.7,26.9,26.9,27.1,27.3,27.1,26.9,26.8,26.8,26.5,26.5,26.5,26.6,26.6,26.7,26.7,26.8,26.7,26.6,26.5,26.8,27.0,27.0,26.9,27.1,27.1,27.2,27.7,28.0,28.4,28.3,27.7,27.3,26.9,26.8,26.5,26.5,26.4,26.2,26.3,26.2,26.3,26.2,26.3,26.3,26.3,26.3,26.4,26.5,26.4,26.4,26.4,26.4,26.4,26.5,26.9,26.9,27.1,27.0,26.6,26.5,26.5,26.4,26.6,26.8,26.9,27.0,27.1,27.1,27.1,27.1,27.1,27.1,27.1,27.2,27.2,27.3,27.2,27.1,27.0,27.0,27.1,27.1,27.3,27.2,27.2,27.1,27.3,27.2,27.1,27.0,27.2,27.3,27.1,27.0,27.0,27.1,27.1,27.0,27.1,27.0,27.0,27.1,27.1,27.0,26.9,27.1,27.0,26.9,27.0,27.0,26.9,27.1,27.1,27.0,27.1,27.1,27.1,27.0,27.0,27.1
155,27.6,27.7,27.6,27.8,27.6,27.6,27.5,27.7,27.6,27.7,27.6,27.6,27.8,27.7,27.7,27.7,27.7,27.8,27.8,27.9,27.7,27.8,27.8,27.7,27.8,27.7,27.6,27.6,27.3,26.8,26.8,26.6,26.6,26.6,26.6,26.9,26.7,26.7,26.7,26.7,26.6,26.3,26.4,26.4,26.2,26.1,26.2,26.3,26.3,26.4,26.4,26.6,26.5,26.6,26.5,26.4,26.7,26.6,26.6,26.7,26.5,26.5,26.6,26.5,26.6,26.6,26.7,26.6,26.7,26.5,26.6,26.6,26.7,26.6,26.8,26.9,27.1,26.8,26.6,26.5,26.6,26.5,26.6,26.4,26.6,26.5,26.6,26.4,26.6,26.5,26.6,26.6,26.6,26.8,26.8,26.8,26.9,27.6,28.4,29.0,29.8,29.2,28.4,27.8,27.2,27.0,26.8,26.6,26.4,26.4,26.3,26.2,26.2,26.2,26.2,26.2,26.4,26.4,26.3,26.5,26.2,26.5,26.3,26.6,26.8,27.1,27.4,27.4,27.3,27.4,27.4,27.0,26.7,26.5,26.6,26.8,26.7,27.1,27.0,26.9,27.0,27.1,27.2,27.3,27.1,27.3,27.2,27.3,27.2,27.3,27.2,27.3,27.2,27.2,27.2,27.1,27.3,27.1,27.3,27.1,27.1,27.1,27.2,27.2,27.3,27.2,27.2,27.1,27.1,27.1,27.1,27.0,27.2,27.1,27.1,27.2,27.1,27.1,27.0,27.1,27.1,27.2,27.2,27.1,27.0,27.0,26.9,27.0,27.1,26.9,27.1,27.0
156,27.5,27.6,27.5,27.6,27.6,27.6,27.6,27.6,27.6,27.6,27.8,27.7,27.8,27.6,27.7,27.6,27.7,27.7,27.8,27.7,27.7,27.7,27.8,27.6,27.6,27.7,27.4,27.1,27.0,26.7,26.6,26.9,26.8,26.9,27.2,27.0,26.9,26.7,26.6,26.6,26.4,26.5,26.2,26.4,26.2,26.3,26.0,26.2,26.2,26.4,26.4,26.4,26.5,26.4,26.4,26.3,26.5,26.4,26.5,26.5,26.3,26.5,26.5,26.6,26.5,26.4,26.6,26.6,26.6,26.5,26.6,26.5,26.6,26.6,26.8,26.7,26.8,26.9,26.7,26.4,26.3,26.3,26.3,26.4,26.4,26.4,26.4,26.3,26.5,26.5,26.3,26.4,26.5,26.5,26.6,26.4,27.1,27.6,28.5,29.6,29.9,29.5,28.7,27.7,27.0,26.9,26.5,26.6,26.4,26.2,26.2,26.3,26.0,26.2,26.0,26.2,26.2,26.5,26.4,26.5,26.4,26.2,26.5,26.7,27.2,27.5,27.4,27.5,27.6,27.6,27.6,27.4,27.1,26.6,26.7,26.7,26.9,26.8,27.1,27.0,27.1,27.0,27.1,27.2,27.1,27.2,27.3,27.1,27.2,27.1,27.1,27.1,27.2,27.2,27.1,27.2,27.2,27.2,27.2,27.3,27.3,27.3,27.1,27.3,27.0,27.1,27.1,27.0,27.3,27.2,27.1,27.2,27.1,27.1,27.0,27.1,27.0,27.2,27.1,27.3,27.2,27.1,26.9,27.1,27.0,27.1,27.0,27.0,27.0,27.0,26.9,27.1
157,27.7,27.8,27.7,27.6,27.6,27.7,27.8,27.6,27.7,27.7,27.7,27.7,27.8,27.7,27.6,27.8,27.6,27.8,27.8,27.8,27.5,27.8,27.7,27.6,27.8,27.7,27.4,27.3,27.1,26.9,26.9,27.1,27.1,27.4,27.7,27.8,27.6,27.1,27.0,26.7,26.6,26.4,26.5,26.2,26.3,26.2,26.2,26.3,26.3,26.3,26.4,26.3,26.5,26.6,26.5,26.4,26.4,26.6,26.5,26.4,26.5,26.5,26.5,26.5,26.6,26.7,26.7,26.7,26.6,26.6,26.8,26.7,26.6,26.8,26.7,26.7,27.0,26.8,26.7,26.5,26.7,26.4,26.5,26.4,26.3,26.4,26.4,26.4,26.2,26.3,26.4,26.4,26.3,26.4,26.5,26.6,27.0,27.7,28.5,29.1,29.5,29.0,28.5,27.7,27.2,26.8,26.7,26.4,26.4,26.4,26.3,26.1,26.2,26.2,26.2,26.3,26.4,26.4,26.4,26.4,26.3,26.4,26.7,27.1,27.5,27.7,27.6,27.6,27.5,27.6,27.8,27.6,27.3,27.0,27.0,26.9,26.9,27.1,27.1,27.0,27.0,27.0,27.1,27.0,27.0,27.2,27.3,27.3,27.3,27.2,27.1,27.2,27.2,27.3,27.3,27.1,27.3,27.2,27.3,27.3,27.0,27.2,27.1,27.2,27.2,27.1,27.2,27.1,27.1,27.3,27.1,27.3,27.1,27.0,27.3,26.9,27.0,27.1,27.1,27.1,27.0,26.9,27.2,27.1,27.0,27.0,27.0,27.2,26.9,27.1,27.0,27.2
158,27.6,27.8,27.7,27.8,27.6,27.7,27.6,27.6,27.7,27.6,27.8,27.6,27.9,27.7,27.8,27.8,27.8,27.7,27.8,27.8,27.8,27.7,28.0,27.7,27.8,27.6,27.5,27.2,27.2,26.8,27.2,27.6,27.8,28.1,28.2,28.0,27.9,27.6,27.3,27.0,26.7,26.7,26.4,26.3,26.4,26.3,26.3,26.3,26.3,26.3,26.4,26.6,26.4,26.4,26.5,26.5,26.4,26.6,26.5,26.4,26.4,26.5,26.6,26.6,26.6,26.7,26.6,26.6,26.6,26.4,26.5,26.6,26.5,26.8,26.8,27.1,27.1,26.8,26.8,26.6,26.6,26.4,26.5,26.4,26.4,26.3,26.4,26.4,26.3,26.3,26.3,26.3,26.4,26.3,26.4,26.6,26.9,27.2,27.8,28.5,29.0,28.5,28.0,27.5,27.0,26.8,26.6,26.5,26.3,26.4,26.4,26.2,26.3,26.3,26.3,26.2,26.1,26.2,26.4,26.3,26.3,26.5,26.9,27.4,27.7,27.6,27.7,27.3,27.3,27.4,27.8,27.7,27.4,27.2,26.8,27.0,27.0,26.8,26.9,27.2,27.0,27.1,27.2,27.0,27.2,27.2,27.1,27.1,27.1,27.3,27.2,27.3,27.3,27.1,27.1,27.1,27.2,27.2,27.2,27.2,27.1,27.3,27.3,27.3,27.2,27.3,27.1,27.0,27.2,27.1,27.1,27.2,27.0,27.2,27.0,27.1,27.1,27.0,27.2,27.1,27.1,27.1,27.0,27.1,27.0,27.0,27.2,26.9,27.0,26.9,27.0,27.0
159,27.6,27.7,27.8,27.5,27.7,27.7,27.6,27.6,27.6,27.7,27.7,27.8,27.9,27.8,27.8,27.8,27.8,27.8,27.7,27.7,27.7,27.8,27.8,27.9,27.8,27.7,27.6,27.3,27.1,27.2,27.3,27.8,28.2,28.2,28.2,28.0,27.9,27.8,27.5,27.2,26.7,26.6,26.6,26.4,26.4,26.2,26.3,26.4,26.2,26.2,26.2,26.3,26.4,26.5,26.4,26.3,26.4,26.5,26.3,26.5,26.4,26.3,26.5,26.5,26.7,26.5,26.5,26.5,26.6,26.6,26.5,26.4,26.6,26.8,26.9,27.1,27.1,26.9,26.7,26.5,26.4,26.4,26.3,26.4,26.2,26.3,26.3,26.2,26.3,26.4,26.2,26.1,26.2,26.4,26.4,26.5,26.8,27.1,27.7,28.1,28.4,28.4,27.7,27.2,27.0,26.9,26.5,26.7,26.6,26.4,26.6,26.4,26.3,26.3,26.2,26.3,26.2,26.3,26.4,26.3,26.2,26.5,27.0,27.3,27.6,27.6,27.4,27.2,27.0,27.2,27.7,27.8,27.6,27.1,26.9,26.9,27.0,27.0,27.0,26.9,27.1,27.0,27.2,27.0,27.2,27.1,27.2,27.2,27.4,27.2,27.1,27.2,27.2,27.3,27.2,27.1,27.2,27.1,27.1,27.2,27.2,27.1,27.1,27.1,27.2,27.2,27.2,27.1,27.1,27.1,27.0,27.2,27.1,27.2,27.1,27.1,26.9,27.1,27.1,27.0,27.0,27.2,27.2,27.0,27.2,27.1,27.1,27.1,27.0,27.0,27.0,26.9
160,27.6,27.8,27.8,27.8,27.8,27.7,27.7,27.8,27.8,27.6,27.7,27.8,27.7,27.7,27.7,27.7,27.7,27.8,27.8,27.9,27.7,27.8,27.5,27.8,27.7,27.6,27.4,27.3,27.3,27.4,27.7,28.2,28.1,28.2,27.9,27.9,27.9,28.0,27.8,27.4,27.0,26.6,26.5,26.3,26.2,26.4,26.4,26.3,26.2,26.2,26.3,26.4,26.4,26.4,26.3,26.3,26.4,26.4,26.4,26.4,26.4,26.3,26.4,26.5,26.5,26.6,26.5,26.5,26.5,26.6,26.4,26.4,26.6,26.8,27.0,27.1,27.0,26.8,26.5,26.6,26.4,26.4,26.3,26.3,26.2,26.1,26.3,26.2,26.3,26.3,26.2,26.2,26.5,26.4,26.5,26.6,26.8,27.0,27.5,27.8,28.0,27.6,27.3,27.0,26.9,26.9,26.8,26.7,26.6,26.4,26.4,26.6,26.3,26.2,26.2,26.3,26.4,26.4,26.3,26.4,26.5,26.7,26.9,27.5,27.7,27.6,27.4,27.1,27.0,27.3,27.6,27.8,27.6,27.0,27.0,26.8,26.8,26.9,27.1,26.9,27.0,27.1,27.1,27.1,27.1,27.1,27.1,27.2,27.1,27.0,27.3,27.2,27.1,27.2,27.3,27.1,27.2,27.2,27.2,27.2,27.3,27.3,27.2,27.1,27.3,27.1,27.1,27.3,27.2,27.0,27.1,27.1,27.2,27.1,27.2,27.0,27.1,27.1,27.1,27.1,27.0,27.1,27.1,27.0,27.0,26.9,26.9,27.1,27.1,27.1,27.2,27.0
161,27.7,27.6,27.8,27.8,27.8,27.8,27.8,27.8,27.7,27.8,27.8,27.9,28.0,27.8,27.7,27.8,27.8,27.7,27.7,27.7,27.7,27.7,27.8,27.8,27.9,27.6,27.4,27.4,27.4,27.6,27.8,28.2,28.1,27.9,27.9,27.8,28.0,28.0,27.9,27.6,27.1,26.6,26.5,26.4,26.5,26.4,26.3,26.3,26.2,26.3,26.2,26.4,26.3,26.4,26.4,26.5,26.4,26.4,26.3,26.2,26.5,26.4,26.5,26.5,26.6,26.6,26.5,26.5,26.5,26.6,26.7,26.6,26.9,26.7,26.9,26.9,27.1,26.9,26.6,26.6,26.4,26.5,26.4,26.5,26.4,26.3,26.3,26.4,26.4,26.3,26.4,26.4,26.2,26.4,26.3,26.4,26.8,26.9,27.3,27.4,27.7,27.4,27.3,27.1,26.9,26.8,26.9,26.7,26.6,26.5,26.5,26.4,26.4,26.3,26.3,26.4,26.4,26.5,26.4,26.4,26.6,26.7,26.9,27.4,27.6,27.7,27.6,27.3,27.4,27.6,27.6,27.8,27.3,27.1,26.8,26.8,26.9,26.9,26.9,26.9,27.0,27.0,27.1,27.0,27.2,27.2,27.2,27.2,27.3,27.1,27.1,27.3,27.3,27.2,27.2,27.1,27.1,27.3,27.3,27.0,27.2,27.2,27.2,27.2,27.1,27.2,27.2,27.1,27.4,27.3,27.2,27.1,27.1,27.2,27.1,27.1,27.0,27.3,27.1,27.0,27.1,27.1,27.1,27.1,27.0,27.1,27.0,27.1,27.1,27.0,26.8,26.9
162,27.6,27.6,27.8,27.7,27.5,27.7,27.6,27.7,27.7,27.7,27.9,27.8,27.9,27.7,27.6,28.0,27.8,27.6,27.7,27.8,27.8,27.8,27.9,27.8,27.9,27.7,27.6,27.4,27.5,27.5,27.6,28.1,28.0,27.8,27.7,27.8,27.9,28.0,28.0,27.6,26.9,26.5,26.3,26.4,26.3,26.2,26.2,26.1,26.2,26.1,26.3,26.4,26.4,26.5,26.4,26.4,26.4,26.4,26.3,26.4,26.5,26.3,26.3,26.6,26.5,26.4,26.7,26.3,26.6,26.5,26.8,26.5,26.6,26.6,26.9,26.9,26.7,26.6,26.6,26.6,26.5,26.4,26.4,26.2,26.4,26.2,26.2,26.4,26.2,26.3,26.2,26.5,26.4,26.4,26.5,26.3,26.6,26.9,27.1,27.3,27.4,27.3,27.2,26.8,26.6,26.9,26.8,26.7,26.6,26.5,26.3,26.3,26.3,26.4,26.2,26.2,26.4,26.3,26.5,26.5,26.7,26.5,26.7,27.1,27.4,27.6,27.5,27.7,27.8,27.7,27.7,27.3,27.0,26.9,26.8,26.7,26.7,27.0,26.9,27.1,26.9,26.9,27.1,27.1,27.1,27.1,27.1,27.1,27.1,27.2,27.1,27.3,27.3,27.2,27.2,27.1,27.2,27.3,27.2,27.1,27.0,27.0,27.1,27.2,27.2,27.3,27.1,27.2,27.0,27.0,27.2,27.1,27.2,27.1,27.2,27.1,26.9,26.9,27.0,27.1,27.1,27.1,26.9,27.1,26.9,27.0,27.1,26.9,27.1,27.0,27.0,26.9
163,27.9,27.8,27.7,27.8,27.6,27.6,27.6,27.7,27.9,27.6,27.7,27.8,27.8,27.7,27.6,27.7,27.8,27.6,27.8,28.0,27.7,27.8,27.7,27.8,27.8,27.6,27.5,27.4,27.3,27.4,27.4,28.0,28.0,27.9,27.7,28.0,28.2,28.0,27.8,27.7,27.0,26.7,26.5,26.5,26.4,26.3,26.2,26.2,26.2,26.2,26.3,26.3,26.2,26.3,26.4,26.4,26.4,26.5,26.3,26.4,26.4,26.4,26.3,26.6,26.5,26.4,26.4,26.5,26.6,26.5,26.6,26.4,26.8,26.6,26.7,26.5,26.4,26.6,26.7,26.4,26.5,26.4,26.3,26.3,26.3,26.2,26.3,26.3,26.3,26.4,26.2,26.4,26.3,26.2,26.3,26.3,26.6,26.9,27.2,27.7,27.9,27.7,27.3,26.7,26.6,26.5,26.4,26.6,26.4,26.2,26.4,26.3,26.2,26.2,26.2,26.3,26.3,26.2,26.4,26.3,26.3,26.6,26.5,26.9,27.1,27.3,27.5,27.7,27.7,27.6,27.3,27.2,26.9,26.7,26.6,26.6,26.7,26.9,26.8,26.9,26.9,26.9,27.0,27.0,27.1,27.1,27.0,27.1,27.3,27.1,27.2,27.3,27.2,27.2,27.3,27.2,27.3,27.0,27.1,27.3,27.1,27.0,27.1,27.1,27.1,27.1,27.1,27.2,27.2,27.2,27.0,27.2,27.1,27.1,27.2,27.1,27.0,27.1,27.1,27.1,26.9,27.0,27.1,27.2,27.1,27.0,27.0,27.1,26.9,27.0,27.1,27.1
164,27.6,27.6,27.7,27.7,27.8,27.7,27.7,27.8,27.8,27.7,27.6,27.8,27.9,27.8,27.9,27.7,27.7,27.8,27.9,27.8,27.9,27.9,27.8,27.9,27.8,27.7,27.6,27.3,27.5,27.4,27.6,27.8,28.1,28.2,28.2,28.2,28.4,28.2,27.8,27.3,26.7,26.8,26.5,26.5,26.4,26.4,26.4,26.3,26.4,26.3,26.2,26.4,26.4,26.4,26.4,26.5,26.4,26.4,26.4,26.4,26.6,26.4,26.5,26.4,26.5,26.7,26.6,26.7,26.8,26.5,26.6,26.7,26.7,26.5,26.5,26.6,26.8,26.6,26.6,26.6,26.6,26.2,26.3,26.3,26.2,26.2,26.4,26.4,26.4,26.3,26.3,26.4,26.4,26.4,26.4,26.2,26.5,27.0,27.5,28.1,28.6,28.2,27.4,26.9,26.6,26.6,26.6,26.6,26.4,26.5,26.5,26.3,26.3,26.3,26.2,26.3,26.3,26.3,26.3,26.3,26.4,26.5,26.6,26.6,26.8,26.7,27.0,27.2,27.1,27.0,26.9,26.7,26.6,26.4,26.5,26.4,26.6,26.8,26.9,27.0,27.1,27.1,27.0,26.9,27.1,27.1,27.0,27.2,27.0,27.2,27.1,27.2,27.2,27.3,27.1,27.2,27.3,27.2,27.0,27.1,27.0,27.2,27.0,27.3,27.1,27.2,27.1,27.1,27.2,27.1,27.2,26.9,27.2,27.2,27.1,27.1,27.1,27.1,27.0,27.0,27.1,27.1,26.9,27.0,27.0,26.9,27.1,27.1,27.1,27.1,27.1,27.1
165,27.7,27.8,27.8,27.8,27.6,27.6,27.7,27.7,27.9,27.8,27.8,27.7,27.8,27.8,27.8,27.7,27.8,28.0,27.8,27.8,27.9,27.7,27.6,27.7,27.7,27.6,27.5,27.4,27.3,27.2,27.3,27.5,27.7,28.2,28.2,28.2,28.2,27.8,27.3,27.1,26.5,26.4,26.5,26.3,26.5,26.4,26.4,26.3,26.2,26.4,26.4,26.4,26.3,26.6,26.4,26.2,26.6,26.5,26.5,26.4,26.5,26.6,26.5,26.4,26.6,26.5,26.5,26.5,26.7,26.6,26.6,26.7,26.7,26.5,26.7,26.6,26.8,26.8,26.8,26.6,26.5,26.4,26.3,26.4,26.2,26.2,26.3,26.3,26.3,26.2,26.2,26.4,26.3,26.3,26.3,26.4,26.6,27.2,27.8,28.4,28.6,28.0,27.4,27.1,26.6,26.4,26.5,26.3,26.2,26.2,26.3,26.2,26.1,26.0,26.2,26.1,26.2,26.2,26.4,26.3,26.2,26.4,26.2,26.4,26.5,26.5,26.5,26.7,26.9,26.8,26.6,26.4,26.4,26.4,26.2,26.4,26.7,26.9,26.8,27.0,26.9,27.1,26.9,27.1,27.0,27.0,27.1,26.9,27.1,27.3,27.1,27.2,27.1,27.1,27.1,27.1,27.1,27.0,27.2,27.3,27.2,27.1,27.3,27.2,27.1,27.1,27.1,27.2,27.1,27.1,27.1,27.1,27.2,26.9,27.2,27.1,27.1,27.0,27.1,27.1,27.0,27.1,27.1,27.0,27.0,27.1,26.9,27.0,27.0,27.2,26.9,27.0
166,27.6,27.7,27.6,27.8,27.6,27.7,27.7,27.9,27.7,27.6,27.7,27.8,27.9,27.8,27.8,27.9,27.8,27.9,27.8,27.8,27.8,27.8,27.8,27.6,27.7,27.7,27.5,27.3,27.2,27.0,27.3,27.3,27.3,27.8,27.7,27.8,27.6,27.3,27.0,26.8,26.7,26.4,26.4,26.4,26.4,26.4,26.3,26.3,26.2,26.4,26.3,26.3,26.4,26.5,26.4,26.3,26.5,26.5,26.5,26.4,26.6,26.5,26.4,26.6,26.5,26.4,26.5,26.5,26.6,26.6,26.8,26.7,26.6,26.6,26.6,26.8,27.0,26.9,26.8,26.8,26.5,26.4,26.4,26.3,26.4,26.3,26.3,26.3,26.2,26.4,26.3,26.3,26.4,26.2,26.4,26.4,26.7,27.1,27.7,28.1,28.4,28.0,27.4,26.9,26.5,26.5,26.2,26.4,26.1,26.0,26.4,26.2,26.1,26.1,26.0,26.2,26.2,26.2,26.3,26.2,26.3,26.3,26.1,26.2,26.1,26.3,26.3,26.5,26.6,26.4,26.3,26.4,26.2,26.3,26.2,26.5,26.5,26.7,26.8,26.8,26.8,27.0,26.9,26.9,27.0,27.1,27.0,27.0,27.2,27.1,27.1,27.1,27.2,27.1,27.2,27.2,27.2,27.0,27.1,27.2,27.1,27.1,27.1,27.2,27.3,27.1,27.2,27.1,27.3,27.1,27.1,27.1,26.9,27.0,27.2,26.9,27.3,27.1,27.1,27.1,27.0,27.2,26.9,27.1,27.1,27.1,27.1,27.1,27.1,27.0,27.1,27.1
167,27.5,27.7,27.8,27.8,27.8,27.9,27.7,27.7,27.9,27.7,27.8,27.9,27.8,28.0,27.8,27.8,27.7,27.9,27.7,27.8,27.8,27.9,27.8,27.6,27.8,27.7,27.5,27.4,27.1,27.1,27.1,27.2,27.3,27.3,27.3,27.2,27.1,27.1,26.9,26.7,26.6,26.5,26.5,26.3,26.5,26.5,26.2,26.5,26.4,26.4,26.3,26.4,26.4,26.6,26.4,26.4,26.5,26.6,26.5,26.6,26.4,26.6,26.4,26.5,26.6,26.5,26.4,26.4,26.5,26.7,26.8,26.7,26.6,26.7,26.7,26.7,26.8,26.9,26.8,26.8,26.8,26.5,26.6,26.3,26.4,26.5,26.5,26.3,26.3,26.4,26.2,26.4,26.4,26.3,26.6,26.4,26.6,26.9,27.4,27.9,28.0,27.8,27.4,26.9,26.6,26.5,26.2,26.4,26.1,26.2,26.2,26.3,26.2,26.0,26.3,26.1,26.2,26.1,26.4,26.1,26.1,26.2,26.3,26.1,26.3,26.2,26.3,26.3,26.3,26.3,26.3,26.2,26.3,26.2,26.3,26.3,26.6,26.6,26.6,26.9,26.9,27.1,27.0,26.8,27.0,26.9,27.0,27.3,27.0,27.2,27.1,27.1,27.0,27.2,27.1,26.9,27.3,27.0,27.1,27.1,27.2,27.1,27.0,27.2,27.1,27.2,27.2,27.0,27.1,27.1,27.2,27.0,27.0,27.1,27.2,27.0,27.1,27.1,27.3,27.1,27.0,27.1,26.9,27.1,27.0,27.0,26.9,27.0,26.9,27.0,27.0,27.2
168,27.5,27.6,27.8,27.9,27.9,27.8,27.7,27.8,27.8,27.8,27.7,27.8,27.8,27.8,27.7,27.8,28.0,27.8,27.8,27.8,27.7,27.8,27.8,27.8,27.8,27.7,27.5,27.3,27.2,26.6,26.9,27.0,26.9,27.0,26.9,26.9,26.7,26.7,26.6,26.5,26.6,26.5,26.6,26.6,26.4,26.5,26.6,26.3,26.4,26.3,26.3,26.4,26.4,26.5,26.5,26.5,26.4,26.3,26.5,26.4,26.6,26.3,26.4,26.5,26.5,26.4,26.5,26.3,26.6,26.6,26.9,26.7,26.8,26.7,26.8,26.7,26.7,26.7,26.7,26.7,26.4,26.3,26.4,26.4,26.4,26.3,26.3,26.4,26.3,26.4,26.3,26.5,26.2,26.4,26.3,26.4,26.5,26.8,27.2,27.4,27.5,27.3,27.1,26.6,26.4,26.2,26.4,26.2,26.2,26.2,26.3,26.2,26.1,26.3,26.2,26.2,26.2,26.2,26.1,26.1,26.2,26.2,26.2,26.3,26.2,26.3,26.1,26.2,26.3,26.1,26.2,25.9,26.0,26.0,26.2,26.4,26.3,26.5,26.6,26.7,26.8,26.9,26.7,27.0,27.0,26.7,27.0,27.0,27.0,27.1,27.1,27.0,27.1,27.1,27.1,27.2,27.2,27.1,27.4,27.2,26.9,27.1,27.0,27.1,27.2,27.1,27.1,27.1,27.1,27.2,27.0,27.1,27.1,27.1,27.1,27.1,27.0,27.1,26.9,27.1,27.1,27.1,27.1,26.9,27.1,27.0,27.0,26.9,27.0,26.9,27.0,27.0
169,27.8,27.9,27.6,27.8,27.8,27.7,27.8,27.8,27.8,27.8,27.9,27.9,27.8,27.8,27.7,28.0,27.7,27.8,27.8,27.9,27.6,27.9,27.8,27.7,27.8,27.6,27.6,27.5,27.1,26.9,26.9,26.7,26.7,26.8,26.7,26.7,26.8,26.6,26.6,26.4,26.6,26.4,26.5,26.6,26.4,26.4,26.6,26.4,26.4,26.3,26.5,26.5,26.5,26.4,26.5,26.5,26.5,26.5,26.6,26.4,26.5,26.4,26.4,26.4,26.6,26.5,26.4,26.6,26.6,26.5,26.7,26.9,26.7,26.8,26.6,26.6,26.6,26.6,26.6,26.6,26.5,26.5,26.5,26.5,26.5,26.5,26.5,26.5,26.4,26.4,26.4,26.3,26.4,26.5,26.3,26.3,26.5,26.7,27.0,27.1,27.4,27.2,26.8,26.6,26.3,26.3,26.3,26.1,26.2,26.2,26.2,26.2,26.2,26.1,26.1,25.9,26.2,26.1,26.2,26.0,26.2,26.2,26.2,26.1,26.1,26.2,26.0,26.2,26.3,26.2,25.9,26.1,26.1,26.1,26.2,26.4,26.5,26.6,26.6,26.9,26.9,27.1,27.0,27.0,27.0,26.9,26.9,26.9,27.0,27.1,27.1,27.0,27.3,27.0,27.1,27.1,27.3,27.0,27.1,27.3,27.1,27.1,27.1,27.2,27.1,27.1,27.1,27.0,27.1,27.2,27.1,27.1,27.1,27.1,27.1,27.1,27.0,27.1,27.0,27.2,27.1,27.1,26.9,27.1,27.0,27.0,27.1,27.1,27.0,27.1,26.8,27.1
170,27.8,27.6,27.7,27.7,27.8,27.6,27.6,27.8,27.7,27.6,27.8,27.7,27.9,27.6,27.7,27.8,27.8,27.8,27.8,27.9,27.8,27.8,27.8,27.9,27.8,27.6,27.7,27.4,27.3,26.9,26.8,26.8,26.9,26.7,26.8,26.6,26.6,26.6,26.6,26.5,26.6,26.5,26.4,26.6,26.4,26.7,26.5,26.4,26.5,26.7,26.6,26.6,26.6,26.5,26.7,26.7,26.6,26.6,26.4,26.6,26.6,26.6,26.6,26.5,26.6,26.5,26.5,26.4,26.5,26.4,26.6,26.5,26.6,26.5,26.7,26.9,26.8,26.6,26.8,26.6,26.6,26.6,26.6,26.7,26.7,26.7,26.7,26.5,26.5,26.6,26.5,26.5,26.4,26.4,26.5,26.3,26.4,26.4,26.6,26.8,26.9,26.7,26.5,26.5,26.4,26.2,26.2,26.3,26.2,26.1,26.3,26.2,26.2,25.9,26.1,26.2,26.2,26.2,26.1,26.2,26.2,26.2,26.0,26.2,26.1,26.1,26.1,26.2,26.1,26.1,26.1,26.1,26.1,26.2,26.0,26.4,26.4,26.4,26.6,26.8,26.9,26.8,26.8,26.8,26.8,26.9,26.9,26.9,27.0,27.1,27.1,26.9,27.1,27.1,27.1,26.9,27.1,27.1,27.1,27.1,27.0,27.0,26.9,27.1,27.1,27.0,27.0,27.1,26.9,27.0,27.0,27.1,26.9,27.0,27.1,27.1,27.0,26.9,27.0,27.0,27.0,27.1,26.9,26.8,26.9,26.9,27.0,27.0,27.1,27.0,26.9,26.9
171,27.8,27.6,27.8,27.7,27.7,27.8,27.8,27.6,27.8,27.7,27.7,27.9,27.7,27.6,27.8,27.7,27.9,27.9,27.7,27.7,27.8,27.8,27.8,27.7,27.7,27.8,27.7,27.4,27.4,27.3,27.1,27.0,27.0,27.0,26.9,26.9,26.7,26.7,26.7,26.9,26.6,26.8,26.8,26.8,26.8,26.6,26.7,26.7,26.8,26.8,26.8,26.8,26.9,27.0,26.9,27.0,27.2,27.0,26.8,26.5,26.6,26.4,26.3,26.4,26.5,26.5,26.4,26.6,26.3,26.4,26.5,26.6,26.6,26.5,26.8,26.7,26.9,26.7,26.6,26.6,26.7,26.8,26.8,26.9,26.9,26.9,26.9,26.7,26.5,26.8,26.6,26.5,26.5,26.6,26.5,26.4,26.5,26.6,26.6,26.8,26.7,26.6,26.7,26.6,26.4,26.4,26.3,26.2,26.1,26.3,26.1,26.2,26.2,26.2,26.2,26.1,26.2,26.2,26.2,26.0,26.0,26.2,26.2,26.0,26.2,26.2,26.0,26.1,26.2,26.2,26.2,26.1,25.9,26.1,26.1,26.2,26.3,26.4,26.6,26.7,26.7,26.8,26.8,27.0,26.9,26.9,26.9,26.9,26.9,27.0,27.0,27.0,26.9,27.0,27.1,27.0,27.2,26.9,27.0,27.1,27.1,27.0,27.1,27.1,27.1,27.0,27.1,26.9,27.1,27.1,27.1,27.1,27.1,26.8,27.1,26.9,26.9,26.9,27.0,27.1,26.9,26.8,26.9,26.9,26.9,26.9,27.0,27.1,26.9,26.8,27.0,27.0
172,27.7,27.7,27.6,27.9,27.8,27.9,27.7,27.6,27.7,27.8,27.7,27.8,27.9,27.7,27.7,27.7,27.9,27.8,27.8,27.9,27.8,27.7,27.9,27.7,27.9,27.8,27.6,27.6,27.7,27.7,27.7,27.6,27.5,27.3,27.3,27.2,27.1,26.9,27.1,26.9,26.9,27.0,27.0,27.0,26.9,26.8,26.9,27.0,26.9,27.2,27.0,27.2,27.3,27.4,27.7,27.6,27.8,27.5,27.4,27.0,26.6,26.6,26.5,26.5,26.4,26.4,26.4,26.4,26.4,26.3,26.4,26.4,26.5,26.6,26.6,26.6,26.6,26.9,26.6,26.6,26.7,27.1,27.1,27.5,27.4,27.2,27.0,26.9,26.7,26.8,26.7,26.6,26.7,26.8,26.6,26.5,26.5,26.7,26.8,26.6,26.8,26.8,26.7,26.5,26.2,26.4,26.1,26.2,26.2,26.2,26.4,26.2,26.1,26.3,26.3,26.1,26.0,26.3,26.2,26.2,26.2,26.1,26.0,26.1,26.2,26.0,26.1,25.9,26.1,26.1,26.2,26.0,26.2,26.1,26.2,26.2,26.4,26.4,26.6,26.6,26.8,26.8,26.8,26.9,26.9,26.9,26.9,26.9,26.9,27.0,27.0,26.9,26.9,27.0,27.0,27.1,27.1,27.0,27.1,27.1,27.0,27.0,27.2,27.1,27.1,27.0,27.1,27.2,27.0,27.1,27.0,27.0,27.0,27.1,27.1,27.1,27.1,27.0,26.9,26.9,26.9,27.0,26.9,26.9,26.9,27.0,27.0,27.1,26.9,26.8,26.9,26.8
173,27.6,27.6,27.7,27.7,27.7,27.7,27.8,27.8,27.8,27.8,27.8,27.9,27.9,27.9,27.9,27.8,27.7,27.8,27.8,27.8,27.8,27.9,28.0,27.9,27.8,27.8,27.8,27.9,28.0,28.3,28.3,28.4,28.1,27.9,27.5,27.2,26.9,26.7,26.9,26.9,27.0,26.7,26.9,26.9,26.8,26.9,26.9,26.8,26.9,27.0,27.1,27.2,27.5,28.0,28.0,28.2,28.2,28.1,27.7,27.4,26.9,26.6,26.4,26.4,26.4,26.4,26.5,26.4,26.4,26.4,26.4,26.6,26.5,26.5,26.6,26.7,26.8,26.8,26.7,26.6,26.8,27.0,27.2,27.5,27.4,27.2,27.0,26.9,26.8,26.7,26.7,26.7,26.7,26.6,26.6,26.4,26.4,26.4,26.6,26.6,26.6,26.8,26.6,26.6,26.2,26.4,26.4,26.3,26.3,26.2,26.3,26.2,26.3,26.2,26.4,26.2,26.1,26.2,26.3,26.2,26.3,26.2,26.3,26.1,26.2,26.3,26.1,26.1,26.1,26.1,26.1,26.1,26.0,26.0,26.1,26.1,26.4,26.6,26.6,26.7,26.6,26.8,26.7,26.7,26.9,26.9,27.0,27.1,27.0,27.1,26.9,26.9,26.9,27.2,27.1,26.9,27.1,27.0,27.2,27.0,27.1,27.1,27.3,27.0,27.0,27.1,26.8,27.0,27.1,27.1,27.1,27.0,27.0,27.0,27.1,27.1,26.9,27.0,26.9,26.9,27.0,26.9,26.8,27.1,26.9,27.0,27.1,26.9,26.9,26.8,27.1,27.2
174,27.7,27.8,27.6,27.8,27.7,27.7,27.8,27.8,27.6,27.7,27.8,27.9,27.8,27.9,27.9,27.7,27.9,27.7,27.6,27.9,27.7,27.8,27.7,27.9,27.6,27.7,28.0,28.1,28.3,28.7,28.8,28.5,28.3,27.9,27.2,27.0,26.9,26.8,26.8,26.7,26.9,26.9,26.8,26.8,26.9,26.7,26.7,26.9,26.7,27.0,27.0,27.2,27.5,27.9,28.4,28.5,28.5,28.3,28.0,27.5,26.9,26.7,26.4,26.5,26.5,26.6,26.4,26.4,26.4,26.4,26.4,26.4,26.5,26.5,26.5,26.6,26.7,26.7,26.6,26.7,26.9,26.9,27.1,27.2,26.9,26.9,26.9,26.9,26.7,26.7,26.9,26.7,26.9,26.9,26.5,26.5,26.4,26.5,26.5,26.6,26.7,26.7,26.6,26.4,26.4,26.2,26.3,26.3,26.2,26.2,26.2,26.1,26.2,26.2,26.1,26.3,26.2,26.1,26.2,26.2,26.4,26.3,26.3,26.2,26.1,26.2,26.2,26.1,26.3,26.2,26.1,26.2,26.1,26.0,26.0,26.3,26.4,26.4,26.6,26.5,26.6,26.7,26.7,26.7,26.8,26.9,26.9,27.0,27.0,26.9,27.0,27.0,27.1,27.1,27.2,26.9,27.1,26.9,27.1,26.9,27.3,27.1,27.0,27.1,27.1,26.9,27.1,27.1,27.2,27.0,27.2,27.0,27.1,26.9,27.0,27.1,27.1,27.1,27.0,26.9,27.0,27.1,26.9,26.9,27.1,27.0,27.1,26.9,26.9,26.9,27.0,27.1
175,27.7,27.6,27.7,27.8,27.8,27.7,27.7,27.8,27.6,27.9,27.7,27.8,27.9,27.9,27.8,27.8,27.9,27.8,27.8,27.9,27.8,27.9,27.8,27.7,27.7,27.9,28.0,28.2,28.7,28.8,28.9,28.8,28.2,27.8,27.2,26.8,26.7,26.6,26.5,26.6,26.7,26.5,26.6,26.6,26.8,26.8,26.5,26.6,26.6,26.8,27.0,27.2,27.5,27.9,28.4,28.7,29.0,28.7,28.2,27.8,27.0,26.5,26.5,26.5,26.5,26.5,26.2,26.4,26.3,26.2,26.4,26.5,26.3,26.4,26.5,26.6,26.6,26.6,26.6,26.6,26.7,26.9,26.9,27.1,26.9,26.9,26.8,26.7,26.7,26.8,26.7,26.6,26.7,26.7,26.7,26.7,26.5,26.5,26.6,26.5,26.7,26.4,26.6,26.5,26.6,26.3,26.2,26.4,26.3,26.2,26.2,26.2,26.2,26.1,26.1,26.3,26.2,26.1,26.1,26.2,26.2,26.1,26.1,26.2,26.2,26.4,26.2,26.2,26.1,26.4,26.4,26.4,26.4,26.3,26.2,26.2,26.3,26.4,26.6,26.5,26.6,26.8,26.6,26.6,26.7,26.8,26.9,27.0,27.0,27.0,26.9,27.0,27.0,27.1,27.0,26.9,27.1,26.9,27.1,27.1,27.1,27.1,27.1,27.2,27.1,27.2,27.0,27.2,27.2,27.1,27.0,27.1,26.9,27.1,26.9,27.1,26.9,27.0,27.0,26.9,26.9,26.9,27.0,26.9,26.9,26.9,26.9,27.0,26.9,26.9,26.8,26.9
176,27.7,27.6,27.8,27.7,27.6,27.7,27.8,27.8,27.7,27.8,27.8,27.9,27.7,27.8,27.8,27.8,27.8,27.9,27.8,27.8,27.7,27.9,27.9,27.8,27.8,27.8,28.0,28.5,28.6,28.9,29.0,28.7,28.3,27.7,27.1,26.8,26.5,26.5,26.4,26.3,26.6,26.7,26.7,26.5,26.5,26.5,26.5,26.4,26.7,26.6,26.6,27.1,27.5,27.8,28.5,28.8,29.0,29.0,28.4,27.8,27.1,26.6,26.6,26.5,26.4,26.3,26.5,26.4,26.3,26.3,26.3,26.4,26.4,26.4,26.4,26.7,26.6,26.5,26.7,26.5,26.6,26.7,26.7,26.9,27.0,26.8,26.7,26.6,26.6,26.8,26.7,26.6,26.7,26.8,26.6,26.6,26.6,26.4,26.5,26.5,26.6,26.5,26.6,26.9,26.8,26.8,26.6,26.3,26.2,26.3,26.3,26.1,26.0,26.1,26.2,26.1,26.1,26.2,26.2,26.2,26.1,26.2,26.2,26.3,26.2,26.2,26.3,26.2,26.3,26.5,26.6,26.6,26.4,26.2,26.4,26.3,26.4,26.6,26.5,26.6,26.6,26.7,26.9,26.8,26.8,26.9,26.9,27.0,27.1,27.2,26.9,27.1,27.0,26.9,27.1,27.1,27.0,26.9,27.1,27.2,27.0,27.1,27.0,27.2,27.3,27.1,27.1,26.9,27.0,27.1,27.0,27.1,27.0,27.0,27.0,27.0,27.1,27.1,27.0,27.1,27.0,26.9,26.9,27.0,27.1,27.0,27.0,27.2,26.9,27.1,26.9,27.0
177,27.7,27.8,27.6,27.8,27.7,27.7,27.6,27.8,27.8,27.8,27.7,27.7,27.7,27.9,27.8,27.9,27.8,27.8,27.9,27.8,27.8,27.8,27.8,27.8,27.7,27.9,28.0,28.1,28.7,28.8,29.0,28.7,28.1,27.5,27.1,26.5,26.6,26.5,26.2,26.5,26.5,26.6,26.6,26.4,26.4,26.5,26.5,26.4,26.5,26.6,26.7,26.9,27.2,27.8,28.5,28.7,29.1,29.0,28.5,27.9,27.1,26.7,26.5,26.6,26.4,26.5,26.4,26.4,26.5,26.4,26.5,26.5,26.6,26.6,26.6,26.6,26.7,26.6,26.4,26.6,26.6,26.8,26.9,26.9,26.8,26.9,26.8,26.7,26.6,26.8,26.7,26.7,26.7,26.7,26.5,26.7,26.8,26.6,26.7,26.6,26.5,26.5,26.5,26.8,26.9,26.9,26.8,26.5,26.4,26.3,26.3,26.3,26.2,26.1,26.3,26.2,26.2,26.4,26.4,26.2,26.3,26.4,26.4,26.2,26.4,26.5,26.5,26.3,26.5,26.7,26.7,26.8,26.6,26.7,26.4,26.5,26.4,26.5,26.4,26.5,26.6,26.8,26.6,26.8,26.8,26.8,27.0,27.0,26.9,26.9,27.0,27.0,27.0,27.1,27.0,26.9,27.2,27.2,27.1,27.2,27.0,27.0,26.9,27.1,27.1,27.1,27.0,27.0,27.0,27.1,27.1,27.0,27.1,27.0,27.2,27.1,26.9,26.9,27.0,27.1,26.9,27.1,26.9,26.9,27.0,26.8,27.1,27.0,27.0,26.9,27.1,27.0
178,27.7,27.6,27.8,27.8,27.7,27.8,27.9,27.7,27.9,27.9,27.8,27.8,27.9,27.9,27.8,27.9,27.8,27.8,27.8,27.9,27.8,27.8,27.7,27.8,27.8,27.8,28.0,28.4,28.7,28.9,29.0,28.8,28.2,27.5,27.2,26.7,26.5,26.4,26.4,26.5,26.4,26.4,26.6,26.4,26.6,26.5,26.4,26.5,26.5,26.6,26.7,26.9,27.2,27.8,28.5,29.0,29.4,29.2,28.6,27.9,27.0,26.7,26.5,26.5,26.4,26.5,26.4,26.6,26.5,26.6,26.6,26.6,26.7,26.7,26.8,26.7,26.7,26.7,26.9,26.8,26.7,26.9,26.8,27.0,26.9,27.0,26.8,26.8,26.9,26.9,26.9,26.8,27.0,27.0,26.7,26.7,26.9,26.9,26.8,26.6,26.6,26.5,26.6,26.8,26.9,27.0,27.1,26.5,26.6,26.6,26.6,26.4,26.4,26.4,26.3,26.4,26.4,26.5,26.6,26.6,26.5,26.6,26.8,26.8,26.9,26.9,26.7,26.8,26.8,26.8,27.1,27.2,27.2,26.9,26.5,26.6,26.4,26.6,26.6,26.5,26.6,26.6,26.7,26.7,26.9,26.9,26.9,27.0,26.8,26.9,27.0,27.0,27.0,27.1,27.1,27.0,27.1,27.0,27.0,27.3,27.0,27.1,27.1,27.1,27.1,27.2,27.0,27.0,27.2,27.2,26.9,27.0,27.0,27.0,27.0,27.0,27.1,27.1,27.2,27.1,26.9,27.1,27.1,27.0,27.0,27.2,27.0,26.9,26.9,26.8,27.0,27.1
179,27.7,27.5,27.8,27.7,27.6,27.7,27.7,27.8,27.9,27.7,27.8,27.8,27.8,27.7,27.9,27.9,28.0,27.9,27.9,27.9,28.0,27.7,28.0,27.8,27.9,27.9,28.0,28.4,28.7,29.0,29.1,28.7,28.3,27.7,26.9,26.5,26.7,26.5,26.5,26.6,26.5,26.5,26.4,26.5,26.4,26.5,26.5,26.5,26.5,26.5,26.5,26.9,27.3,27.6,28.5,29.0,29.4,29.4,28.7,27.9,27.3,26.7,26.6,26.5,26.4,26.6,26.5,26.5,26.5,26.7,26.8,27.1,26.9,27.1,27.1,27.1,27.0,26.9,26.8,27.0,27.1,27.3,27.4,27.3,27.3,27.3,27.1,27.1,27.3,27.4,27.5,27.4,27.4,27.4,27.2,27.0,27.1,27.1,26.9,26.7,26.5,26.5,26.6,26.8,26.9,27.1,27.1,27.1,27.1,26.9,26.9,26.8,26.6,26.5,26.5,26.4,26.5,26.6,26.7,26.9,26.9,27.1,27.0,27.3,27.3,27.3,27.2,27.3,27.4,27.4,27.6,27.7,27.6,27.3,26.9,26.6,26.6,26.5,26.7,26.6,26.6,26.6,26.6,26.6,26.7,26.9,26.9,27.1,27.1,27.0,27.0,27.1,26.9,27.0,27.0,26.9,27.2,27.0,27.1,26.9,26.9,26.9,27.1,27.0,27.0,27.0,27.2,27.0,27.1,27.0,27.1,27.1,27.0,27.0,27.2,27.0,27.1,27.1,27.1,27.0,27.1,26.9,26.9,26.9,27.0,27.1,27.0,26.9,26.9,26.9,26.9,27.0
180,27.7,27.8,27.8,27.7,27.9,27.8,27.7,27.7,27.8,27.9,27.8,27.8,27.8,27.8,27.8,27.9,27.8,27.8,27.9,27.7,27.8,27.9,27.9,27.8,27.8,28.0,28.0,28.5,28.7,28.9,29.3,28.8,28.3,27.6,27.0,26.7,26.6,26.5,26.5,26.6,26.5,26.4,26.5,26.4,26.4,26.4,26.6,26.5,26.4,26.4,26.6,26.6,27.2,27.7,28.4,29.2,29.8,29.4,28.6,27.8,27.4,26.8,26.4,26.3,26.4,26.5,26.6,26.6,26.8,27.1,27.3,27.4,27.3,27.6,27.6,27.5,27.3,27.3,27.3,27.4,27.6,27.6,27.6,27.8,27.8,27.8,27.7,27.9,28.1,28.3,28.4,28.1,28.2,28.0,27.6,27.4,27.3,27.1,27.0,26.7,26.6,26.4,26.5,26.8,27.1,27.1,27.3,27.4,27.4,27.4,27.3,27.1,27.1,26.9,26.9,26.6,26.6,26.9,27.0,27.2,27.3,27.4,27.6,28.0,28.4,28.1,27.9,27.9,28.0,27.8,28.1,28.1,27.9,27.6,26.9,26.9,26.6,26.6,26.5,26.6,26.4,26.6,26.6,26.6,26.7,26.7,26.8,26.9,26.8,27.0,26.9,27.1,26.9,27.1,27.1,27.0,27.0,27.0,27.3,27.1,26.9,27.2,27.1,27.2,26.9,27.0,27.2,27.1,27.0,26.9,27.0,27.0,26.9,27.0,26.9,27.0,26.9,27.1,26.9,27.1,26.9,26.9,27.0,27.0,26.9,26.9,27.1,26.8,26.9,26.8,26.9,26.9
181,27.8,27.8,27.7,27.7,27.9,27.7,27.7,27.9,27.8,28.0,27.8,27.9,27.8,27.9,27.8,28.0,28.0,27.7,27.8,27.8,28.0,27.8,27.9,27.9,27.9,27.8,28.2,28.3,28.6,29.0,29.1,28.7,28.2,27.6,27.0,26.6,26.5,26.5,26.4,26.3,26.4,26.6,26.4,26.6,26.4,26.5,26.4,26.6,26.4,26.6,26.7,26.8,27.2,27.8,28.4,29.3,29.8,29.3,28.5,28.0,27.3,26.7,26.5,26.6,26.4,26.5,26.6,26.7,27.0,27.1,27.5,27.5,27.4,27.5,27.6,27.6,27.6,27.5,27.6,27.7,27.8,28.0,28.1,28.3,28.1,28.1,28.2,28.2,28.3,28.6,28.8,28.6,28.5,28.3,28.0,27.7,27.4,27.1,26.9,26.7,26.6,26.5,26.6,26.9,26.7,27.1,27.3,27.6,27.6,27.7,27.4,27.3,27.2,26.9,26.8,26.6,26.8,26.9,27.0,27.1,27.5,27.8,28.2,28.9,28.9,28.4,28.5,28.2,28.2,28.4,28.6,28.5,28.3,27.8,27.2,26.9,26.6,26.4,26.6,26.8,26.5,26.5,26.7,26.7,26.7,26.8,26.7,26.9,26.9,26.9,26.9,26.9,26.9,27.1,26.9,27.0,26.9,26.9,26.9,26.9,27.1,26.9,27.0,27.1,27.0,27.0,27.0,27.0,27.0,27.0,26.8,26.9,26.9,27.1,27.0,26.9,27.0,26.9,27.0,26.9,26.8,26.9,26.9,27.1,26.9,26.7,27.1,27.0,26.9,27.0,26.8,27.0
182,27.7,27.9,27.8,27.7,27.7,27.6,27.7,27.7,27.7,27.7,27.8,27.7,27.9,27.8,27.7,27.7,27.9,27.8,27.8,27.8,27.6,27.8,27.8,28.0,27.9,27.9,28.0,28.5,28.6,28.9,29.0,28.7,28.3,27.7,26.9,26.6,26.6,26.6,26.6,26.4,26.5,26.4,26.3,26.5,26.4,26.5,26.6,26.5,26.4,26.4,26.5,26.7,27.3,27.6,28.5,29.5,30.0,29.3,28.6,27.9,27.3,26.7,26.6,26.5,26.5,26.6,26.5,26.7,27.0,27.2,27.6,27.6,27.6,27.6,27.7,27.7,27.9,27.9,27.7,28.1,28.1,28.0,28.2,28.4,28.4,28.5,28.5,28.5,28.6,28.9,28.9,28.8,28.7,28.4,28.0,27.6,27.4,27.0,26.9,26.6,26.5,26.5,26.3,26.7,26.9,27.0,27.4,27.6,27.7,27.8,27.5,27.2,27.1,26.9,26.9,26.9,26.7,26.8,27.0,27.2,27.7,28.1,29.0,29.5,29.3,29.0,28.7,28.7,28.7,28.8,28.8,28.8,28.5,28.0,27.4,27.0,26.6,26.4,26.6,26.6,26.6,26.6,26.5,26.6,26.7,26.7,26.8,26.8,26.8,26.8,26.7,26.8,27.0,27.1,27.0,27.1,26.9,27.1,27.0,26.9,26.9,26.9,27.1,27.0,26.9,26.9,26.9,27.0,27.0,27.1,27.0,27.1,26.9,26.9,26.9,27.0,27.0,27.1,27.1,26.9,26.8,26.9,26.9,26.9,26.9,26.9,26.9,26.9,26.7,27.1,26.9,26.9
183,27.6,27.6,27.8,27.7,27.7,27.7,27.7,27.9,27.7,27.6,27.8,27.7,27.7,27.7,27.7,27.8,27.7,27.8,28.0,27.7,27.8,27.8,27.8,27.7,27.8,27.8,28.0,28.4,28.6,29.0,29.2,28.9,28.2,27.7,27.0,26.5,26.4,26.4,26.3,26.3,26.3,26.5,26.5,26.6,26.5,26.5,26.3,26.6,26.4,26.5,26.6,26.8,27.1,27.6,28.5,29.7,30.0,29.4,28.5,27.8,27.3,26.9,26.6,26.7,26.7,26.7,26.6,26.9,27.2,27.4,27.7,27.9,27.6,27.4,27.7,27.8,27.9,27.9,28.1,28.2,28.3,28.3,28.3,28.4,28.6,28.3,28.4,28.6,28.6,28.9,28.8,28.7,28.6,28.3,28.0,27.6,27.1,27.0,26.6,26.4,26.4,26.6,26.5,26.5,26.6,27.0,27.4,27.6,27.8,27.6,27.6,27.3,27.0,27.0,26.9,26.8,26.7,26.8,26.9,27.3,27.9,28.3,29.0,29.7,29.2,29.1,29.1,29.0,28.8,29.0,29.0,28.8,28.7,28.3,27.5,27.0,26.8,26.6,26.5,26.4,26.5,26.6,26.6,26.6,26.6,26.8,26.7,27.0,26.8,26.9,26.9,27.0,26.9,27.1,26.9,26.9,27.1,26.9,27.0,27.1,27.0,27.0,27.1,27.0,27.1,26.9,26.8,27.0,27.0,26.9,26.9,26.9,26.9,27.0,27.0,26.9,26.9,26.9,27.1,27.0,26.9,27.0,26.9,26.9,27.0,27.0,26.9,26.9,26.9,26.9,27.0,27.0
184,27.7,27.9,27.7,27.8,27.7,27.7,27.8,27.8,27.8,27.8,27.8,28.0,28.0,27.9,27.8,27.9,28.0,27.8,27.9,27.8,27.8,27.9,27.9,27.8,27.9,27.8,28.0,28.2,28.8,29.0,28.9,28.7,28.3,27.8,27.1,26.7,26.6,26.4,26.4,26.4,26.5,26.4,26.6,26.5,26.5,26.4,26.6,26.4,26.5,26.5,26.5,26.8,27.1,27.9,28.6,29.9,30.1,29.6,28.7,27.8,27.5,26.9,26.8,26.9,26.7,26.6,26.7,27.1,27.4,27.7,27.7,27.9,27.7,27.5,27.6,27.6,27.7,28.0,28.2,28.3,28.2,28.3,28.4,28.5,28.6,28.4,28.6,28.6,28.5,28.6,28.6,28.6,28.5,28.2,27.9,27.7,27.2,26.7,26.6,26.4,26.4,26.2,26.3,26.5,26.5,26.6,27.2,27.6,27.6,27.5,27.4,27.2,26.9,26.8,26.8,26.8,26.8,26.8,27.1,27.4,28.1,28.7,29.4,30.0,29.6,29.2,29.2,29.1,29.0,29.0,29.2,29.0,28.9,28.2,27.7,27.0,26.8,26.6,26.5,26.5,26.7,26.4,26.7,26.6,26.6,26.8,26.9,26.8,26.9,26.8,26.9,26.9,27.1,27.0,27.0,27.1,27.1,26.9,27.0,27.1,26.9,27.0,27.1,27.0,27.0,27.0,27.1,27.1,26.9,26.9,26.9,26.9,27.0,26.9,26.9,26.9,27.0,27.1,27.0,27.1,27.0,27.0,26.9,27.1,26.9,27.1,26.9,26.9,27.0,26.9,26.8,27.1
185,27.8,27.7,27.7,27.7,27.7,27.7,27.6,27.7,27.9,27.8,27.9,27.8,27.8,27.8,27.8,28.0,27.8,27.9,27.7,27.9,27.8,27.9,28.0,27.8,27.8,27.8,28.0,28.3,28.7,29.0,29.2,28.9,28.3,27.8,27.3,26.6,26.6,26.5,26.6,26.3,26.6,26.6,26.6,26.4,26.7,26.7,26.6,26.4,26.6,26.4,26.6,26.8,27.3,27.9,28.7,30.1,30.4,29.6,28.6,27.9,27.4,27.1,26.9,26.8,26.8,26.7,26.7,26.9,27.4,27.5,27.9,27.8,27.7,27.5,27.6,27.5,27.5,27.6,27.7,28.0,28.0,28.2,28.2,28.2,28.2,28.2,28.3,28.4,28.4,28.4,28.3,28.2,28.2,27.9,27.7,27.4,27.2,26.8,26.6,26.4,26.4,26.3,26.4,26.4,26.6,26.7,27.1,27.4,27.6,27.3,27.2,26.9,27.0,26.9,26.9,27.0,26.9,27.0,27.1,27.6,28.2,29.4,29.7,29.6,29.3,29.3,29.2,29.1,29.1,29.2,29.1,29.1,28.8,28.2,27.5,27.0,26.8,26.6,26.6,26.6,26.6,26.6,26.6,26.6,26.8,26.6,26.8,26.9,26.7,26.9,26.9,27.0,27.0,27.1,27.2,26.9,26.9,27.0,27.0,27.1,27.0,27.0,27.1,27.2,27.1,27.1,27.1,27.0,27.1,27.0,27.1,26.9,27.1,27.0,27.0,27.1,27.1,27.0,26.9,27.0,26.9,27.2,26.9,26.9,27.0,27.0,26.9,27.0,26.9,26.9,26.9,27.0
186,27.6,27.8,27.8,27.8,27.7,27.7,27.8,27.7,27.8,27.9,27.8,27.8,27.8,27.8,27.7,27.8,27.7,27.8,27.9,27.9,27.8,27.8,27.7,27.8,27.8,27.7,28.1,28.3,28.6,29.1,29.0,28.9,28.2,27.8,27.2,26.8,26.6,26.5,26.6,26.5,26.7,26.4,26.6,26.5,26.4,26.4,26.4,26.5,26.5,26.5,26.6,26.9,27.1,27.8,28.9,30.2,30.7,29.7,28.7,27.9,27.4,27.0,26.8,26.6,26.6,26.7,26.7,26.8,27.3,27.6,27.9,28.0,27.7,27.4,27.4,27.3,27.4,27.4,27.4,27.6,27.8,27.9,27.9,28.0,28.1,28.1,28.3,28.1,28.1,28.1,28.0,27.8,27.7,27.4,27.4,27.3,27.0,26.7,26.5,26.4,26.4,26.2,26.2,26.2,26.5,26.6,27.2,27.3,27.4,27.3,27.0,27.1,27.0,26.9,26.8,26.9,26.9,27.1,27.3,27.6,28.5,29.7,29.8,29.4,29.3,29.2,29.2,29.3,29.1,29.2,29.2,29.1,28.8,28.1,27.8,27.0,26.9,26.5,26.5,26.5,26.6,26.6,26.6,26.7,26.7,26.6,26.8,26.9,26.8,26.9,26.9,26.8,27.0,27.0,27.0,27.1,27.0,27.1,27.0,27.0,27.1,27.0,27.1,27.1,27.0,27.0,27.1,27.2,27.1,27.1,27.0,27.0,27.0,27.1,27.2,27.1,26.9,27.0,27.0,27.0,26.9,27.0,27.0,26.9,27.0,26.9,27.0,26.8,27.1,26.9,26.9,27.0
187,27.8,27.7,27.9,27.8,27.6,27.7,27.9,27.6,28.0,27.7,27.7,27.7,27.9,28.0,27.9,27.8,27.7,27.7,27.7,27.7,27.7,27.7,27.9,28.0,27.7,27.8,28.0,28.3,28.6,29.0,28.9,28.7,28.5,28.0,27.2,26.7,26.7,26.4,26.5,26.6,26.6,26.6,26.6,26.6,26.5,26.5,26.5,26.5,26.4,26.6,26.6,26.7,27.3,27.9,28.8,30.2,30.9,29.8,28.8,27.9,27.3,26.9,26.7,26.7,26.7,26.6,26.8,26.9,27.1,27.6,28.0,28.2,27.9,27.4,27.5,27.4,27.1,27.2,27.5,27.5,27.4,27.4,27.8,27.8,27.8,27.6,27.8,27.7,27.7,27.6,27.6,27.6,27.4,27.3,27.3,27.2,27.1,26.7,26.5,26.4,26.3,26.4,26.2,26.3,26.6,26.8,27.1,27.3,27.5,27.3,27.1,27.0,26.9,26.9,26.9,26.9,27.1,27.4,27.4,27.8,28.7,29.6,29.8,29.4,29.2,29.2,29.2,29.1,29.1,29.2,29.1,29.1,28.8,28.3,27.6,27.1,26.7,26.8,26.5,26.7,26.6,26.7,26.8,26.7,26.6,26.8,26.9,26.9,26.9,26.8,26.9,27.1,27.1,26.9,27.0,26.9,27.0,27.0,27.1,27.0,27.1,27.0,27.0,27.1,27.0,27.1,27.0,26.9,27.1,27.1,26.9,26.9,27.0,26.7,27.0,26.9,26.9,27.1,27.0,27.0,26.9,27.0,27.0,26.9,26.9,27.0,26.9,26.9,26.9,26.8,26.7,26.9
188,27.6,27.8,27.6,27.6,27.6,27.7,27.8,27.7,27.7,27.8,27.7,27.7,27.8,27.9,27.8,27.7,27.6,27.7,27.6,27.8,27.9,27.9,28.0,27.7,27.6,27.8,28.0,28.2,28.6,28.8,29.2,28.9,28.3,28.0,27.2,26.9,26.6,26.4,26.4,26.4,26.6,26.5,26.3,26.5,26.4,26.4,26.5,26.6,26.4,26.4,26.5,26.8,27.1,27.8,28.8,30.0,31.0,30.2,28.9,27.8,27.4,27.0,26.7,26.6,26.6,26.5,26.6,26.9,27.4,27.7,28.0,28.4,28.1,27.8,27.6,27.5,27.4,27.3,27.2,27.2,27.3,27.5,27.4,27.5,27.4,27.3,27.5,27.4,27.2,27.2,27.1,27.1,27.1,27.1,27.2,27.1,27.1,26.8,26.7,26.3,26.2,26.3,26.2,26.5,26.6,26.9,27.2,27.5,27.4,27.3,27.1,26.7,26.9,26.9,27.0,27.2,27.3,27.5,27.9,28.1,28.7,29.6,29.6,29.3,29.3,29.2,29.1,29.3,29.2,29.2,29.2,29.2,28.7,28.2,27.5,27.1,26.8,26.5,26.5,26.6,26.6,26.6,26.6,26.6,26.9,26.7,26.9,26.8,26.8,27.0,26.8,27.1,27.0,26.9,26.9,26.9,27.0,26.9,27.1,27.1,26.9,26.8,26.9,27.1,27.1,27.0,27.0,27.0,27.1,26.9,27.0,27.1,27.0,26.9,27.0,27.0,27.0,26.9,27.0,27.1,26.9,26.9,26.9,26.9,27.0,27.1,27.2,26.9,26.8,26.8,27.1,27.0
189,27.6,27.7,27.6,27.7,27.7,27.8,27.7,27.7,27.8,27.6,27.8,27.8,27.8,27.9,27.8,27.8,27.8,27.6,27.6,27.8,27.8,28.0,27.6,27.8,27.6,27.8,28.0,28.3,28.7,29.0,29.0,28.9,28.4,27.9,27.1,26.8,26.6,26.5,26.4,26.5,26.6,26.5,26.4,26.6,26.5,26.6,26.4,26.4,26.6,26.7,26.6,26.9,27.1,27.7,28.6,30.0,30.8,30.4,29.0,28.0,27.4,27.0,26.5,26.5,26.5,26.4,26.6,26.7,27.1,27.7,28.0,28.5,28.1,27.8,27.8,27.6,27.4,27.3,27.3,27.2,27.2,27.2,27.1,27.2,27.2,27.2,27.1,27.3,27.0,27.0,26.9,27.0,26.9,26.9,27.1,27.2,27.1,27.0,26.6,26.5,26.3,26.2,26.4,26.4,26.7,27.1,27.4,27.6,27.7,27.1,27.0,26.9,26.8,26.9,27.1,27.3,27.6,27.9,28.1,28.3,28.7,29.5,29.3,29.2,29.1,29.2,29.1,29.1,29.2,29.1,29.2,29.0,28.8,28.5,27.6,27.0,26.6,26.7,26.6,26.6,26.6,26.6,26.6,26.7,26.8,26.7,26.8,26.7,26.9,26.8,27.0,26.8,26.9,27.0,27.0,27.0,27.1,26.9,27.0,27.1,27.1,27.2,26.9,26.9,27.1,27.0,27.0,27.1,27.0,27.1,27.0,27.0,27.1,27.0,26.8,27.0,27.1,27.1,27.1,27.1,26.9,26.9,26.9,27.1,26.8,27.0,27.0,27.0,27.1,26.8,27.0,26.9
190,27.7,27.6,27.8,27.7,27.6,27.8,27.8,27.5,27.8,27.8,27.8,27.8,27.8,27.9,27.8,27.8,27.9,27.7,27.8,27.9,27.7,27.8,27.8,27.8,28.0,27.8,27.9,28.2,28.5,28.8,29.2,29.0,28.4,28.0,27.2,26.8,26.6,26.6,26.5,26.5,26.5,26.5,26.4,26.6,26.4,26.6,26.5,26.6,26.4,26.5,26.5,26.8,27.2,27.8,28.6,29.8,30.4,30.6,29.3,28.3,27.5,26.9,26.6,26.4,26.4,26.6,26.7,26.9,27.4,27.6,28.3,28.7,28.6,28.3,27.9,27.8,27.4,27.3,27.4,27.4,27.2,27.0,27.3,27.2,27.1,27.1,26.9,26.9,26.8,27.0,26.6,26.8,26.7,26.7,26.9,27.1,27.1,27.1,26.8,26.5,26.5,26.2,26.4,26.6,26.8,27.1,27.4,27.5,27.5,27.1,27.1,27.1,27.1,27.4,27.5,27.7,27.9,28.0,28.5,28.5,28.8,29.3,29.3,29.3,29.1,29.1,29.4,29.3,29.3,29.3,29.1,29.1,28.8,28.2,27.6,27.1,26.6,26.5,26.5,26.6,26.5,26.6,26.6,26.7,26.6,26.9,26.7,26.9,26.8,26.9,26.7,27.0,26.9,26.9,27.1,26.8,27.1,27.0,26.9,27.1,26.9,27.1,27.0,27.0,27.1,27.0,27.1,27.1,27.1,27.0,27.0,26.9,27.0,27.1,27.1,26.9,27.1,27.0,27.1,26.9,26.9,26.9,27.0,27.0,26.9,27.0,26.9,26.9,27.0,26.9,26.9,26.8
191,27.6,27.7,27.7,27.7,27.6,27.6,27.8,27.8,27.8,27.6,27.6,27.7,27.7,27.8,27.8,27.8,27.6,27.8,27.8,27.7,27.8,27.7,27.8,27.8,27.7,27.9,28.0,28.1,28.4,28.8,29.2,28.9,28.6,28.0,27.3,26.8,26.6,26.6,26.4,26.5,26.6,26.5,26.5,26.6,26.5,26.7,26.6,26.4,26.5,26.5,26.5,26.7,27.2,27.7,28.4,29.6,30.4,30.4,29.6,28.5,27.5,26.9,26.6,26.5,26.4,26.3,26.6,26.9,27.3,27.8,28.3,28.8,28.7,28.4,28.2,28.1,27.8,27.6,27.6,27.4,27.4,27.1,27.2,27.2,26.9,26.8,26.9,26.9,26.8,26.6,26.6,26.7,26.7,26.9,27.0,27.2,27.3,27.0,26.9,26.6,26.5,26.4,26.3,26.6,26.7,27.0,27.2,27.4,27.3,27.3,27.2,27.3,27.4,27.5,28.0,28.0,28.1,28.4,28.6,28.8,28.9,29.2,29.3,29.2,29.1,29.4,29.2,29.2,29.2,29.2,29.2,29.0,28.8,28.3,27.7,27.1,26.6,26.5,26.6,26.5,26.5,26.6,26.7,26.6,26.6,26.8,26.8,26.8,26.8,27.0,27.0,26.7,26.9,27.0,26.9,26.8,27.1,26.8,26.9,27.1,27.1,26.9,26.8,27.0,27.0,27.0,27.0,26.8,27.1,27.0,27.0,27.0,26.9,26.8,26.9,27.0,26.9,26.8,26.8,27.0,26.9,27.0,26.7,26.8,26.9,26.8,26.9,27.0,26.6,27.0,26.7,27.0
192,27.7,27.5,27.7,27.9,27.7,27.7,27.7,27.7,27.9,27.8,27.9,27.8,27.9,27.7,27.7,27.8,27.8,27.8,27.8,27.9,27.9,27.7,27.6,27.9,27.8,27.9,28.0,28.2,28.7,28.9,29.3,28.9,28.5,28.0,27.2,26.6,26.6,26.6,26.7,26.4,26.5,26.5,26.4,26.5,26.4,26.5,26.4,26.6,26.6,26.6,26.6,26.7,27.0,27.6,28.5,29.2,30.0,30.3,29.7,28.6,27.6,27.0,26.5,26.3,26.5,26.6,26.6,26.8,27.2,27.7,28.4,28.7,28.9,28.8,28.5,28.2,28.0,27.7,27.7,27.4,27.5,27.1,27.1,27.1,27.0,26.9,27.0,26.9,26.6,26.7,26.6,26.6,26.7,26.7,26.9,27.2,27.2,27.2,26.8,26.5,26.5,26.3,26.3,26.5,26.6,27.0,27.3,27.4,27.4,27.4,27.5,27.3,27.7,27.9,28.0,28.2,28.5,28.6,28.8,29.0,28.9,29.3,29.1,29.3,29.3,29.2,29.2,29.2,29.4,29.2,29.2,29.2,29.0,28.3,27.6,27.1,26.8,26.5,26.6,26.5,26.4,26.7,26.7,26.6,26.7,26.9,26.7,26.9,26.9,26.8,26.9,26.9,26.8,26.8,27.0,27.0,26.9,27.1,27.0,27.1,26.8,26.9,27.0,26.9,26.9,27.1,26.9,27.0,27.0,26.9,27.0,27.0,26.8,27.0,26.9,26.9,26.9,26.9,26.9,27.0,27.0,26.9,26.8,27.0,26.9,26.9,27.1,26.9,26.9,26.8,27.0,27.0
193,27.7,27.7,27.6,27.7,27.6,27.6,27.8,27.6,27.7,27.7,27.6,27.7,27.6,27.7,27.6,27.9,27.9,27.6,27.7,27.8,27.5,27.8,27.6,27.8,27.7,27.8,27.9,28.2,28.3,28.9,29.1,28.9,28.5,28.1,27.3,26.8,26.6,26.6,26.5,26.5,26.4,26.6,26.3,26.5,26.6,26.4,26.5,26.6,26.7,26.4,26.5,26.7,27.1,27.7,28.3,29.1,29.7,29.7,29.5,28.8,27.8,26.9,26.5,26.4,26.5,26.7,26.7,26.9,27.1,27.8,28.4,28.9,29.1,28.9,28.9,28.6,28.3,28.0,27.7,27.6,27.4,27.3,27.2,27.1,26.9,26.9,26.9,26.6,26.7,26.7,26.6,26.6,26.6,26.9,26.9,27.2,27.3,27.0,26.8,26.6,26.5,26.3,26.3,26.2,26.5,26.7,27.0,27.5,27.4,27.4,27.6,27.9,27.9,28.1,28.1,28.5,28.5,28.8,29.0,29.2,29.2,29.3,29.1,29.3,29.2,29.3,29.2,29.2,29.3,29.2,29.0,29.2,29.0,28.6,27.5,27.0,26.6,26.5,26.4,26.4,26.7,26.5,26.7,26.5,26.8,26.9,26.8,26.7,26.9,27.0,27.0,26.9,27.1,26.8,26.9,26.8,27.1,27.0,27.0,27.1,27.0,26.9,27.0,27.1,27.1,26.9,26.9,26.9,26.9,26.9,27.1,26.9,27.0,27.0,27.0,26.9,27.0,27.2,26.9,26.9,26.9,26.9,26.9,27.0,26.9,26.9,27.1,26.9,26.9,27.0,26.9,26.9
194,27.6,27.8,27.9,27.7,27.8,27.8,27.8,27.7,27.7,27.8,27.8,27.7,27.8,27.8,27.8,27.5,28.0,27.8,28.0,27.8,27.9,27.9,27.7,27.8,27.7,27.8,27.9,28.1,28.5,28.8,29.2,29.0,28.6,28.0,27.2,26.9,26.7,26.7,26.6,26.5,26.6,26.6,26.6,26.6,26.5,26.5,26.6,26.5,26.7,26.6,26.7,26.8,27.1,27.8,28.3,29.0,29.6,29.6,29.4,29.1,28.0,27.1,26.7,26.6,26.5,26.8,26.8,27.1,27.4,27.8,28.7,29.0,29.1,29.1,29.0,29.0,28.7,28.4,27.9,27.8,27.6,27.4,27.4,27.3,27.2,27.0,26.9,26.9,26.7,26.9,26.6,26.7,26.9,26.9,27.0,27.3,27.1,27.0,26.8,26.6,26.6,26.5,26.6,26.3,26.6,26.9,27.1,27.4,27.7,27.8,27.8,28.3,28.2,28.4,28.5,28.6,28.7,28.8,28.9,29.2,29.3,29.3,29.3,29.2,29.2,29.2,29.2,29.3,29.4,29.2,29.4,29.3,29.1,28.5,27.7,27.1,26.8,26.6,26.4,26.6,26.6,26.7,26.7,26.8,26.7,26.9,26.7,26.8,26.9,26.9,27.0,26.9,26.9,26.8,27.2,26.9,27.2,26.9,27.0,27.1,27.0,27.1,27.1,27.0,27.2,26.9,26.9,27.0,27.1,27.0,27.0,27.0,26.9,27.0,27.0,27.0,27.1,27.0,26.9,27.1,26.9,27.1,26.8,27.1,26.9,26.9,27.0,26.9,26.9,27.0,26.9,26.9
195,27.6,27.7,27.6,27.6,27.6,27.7,27.7,27.6,27.7,27.6,27.7,27.8,27.9,27.8,27.6,27.8,27.9,27.9,27.8,27.8,27.7,27.8,27.9,27.8,27.8,27.7,27.7,28.3,28.4,28.9,29.1,28.9,28.4,28.0,27.3,26.9,26.6,26.4,26.4,26.4,26.5,26.6,26.4,26.5,26.5,26.5,26.4,26.7,26.5,26.6,26.6,26.8,27.1,27.5,28.2,28.7,29.3,29.5,29.2,28.9,28.0,27.2,26.9,26.4,26.4,26.8,26.7,26.9,27.5,27.8,28.5,29.1,29.0,29.1,29.1,29.2,29.0,28.6,28.3,28.0,27.5,27.3,27.4,27.3,27.0,26.8,26.9,26.9,26.7,26.9,26.6,26.7,26.8,26.7,27.0,27.2,27.3,26.9,26.8,26.6,26.6,26.3,26.5,26.3,26.3,26.5,26.8,27.3,27.7,28.0,28.0,28.2,28.5,28.6,28.7,28.8,28.9,29.1,29.2,29.1,29.2,29.2,29.1,29.4,29.2,29.2,29.3,29.3,29.3,29.3,29.3,29.5,29.0,28.6,27.9,27.3,26.7,26.6,26.5,26.6,26.6,26.6,26.8,26.8,26.6,26.7,26.8,26.9,27.1,26.9,26.7,26.9,26.9,27.0,26.9,27.0,26.8,27.1,27.0,27.0,26.9,27.0,27.0,26.9,27.0,27.0,26.9,26.9,27.0,26.9,26.9,27.0,27.0,26.9,27.0,27.0,27.0,26.8,27.0,27.0,26.9,27.0,26.9,26.9,26.9,26.9,26.9,26.7,27.0,26.7,26.8,26.9
196,27.6,27.6,27.8,27.6,27.6,27.6,27.7,27.6,27.6,27.8,27.8,27.7,27.8,27.7,27.5,27.8,27.7,27.6,27.7,27.9,27.7,27.7,27.8,27.9,27.8,27.8,28.0,28.0,28.3,28.8,29.1,29.1,28.5,28.0,27.4,26.8,26.9,26.6,26.6,26.5,26.6,26.5,26.7,26.3,26.5,26.4,26.5,26.7,26.5,26.8,26.5,26.8,27.1,27.5,28.1,28.7,29.3,29.3,29.1,28.7,27.9,27.1,26.8,26.7,26.6,26.7,26.9,27.0,27.4,27.9,28.5,29.1,29.2,29.1,29.1,29.1,29.2,29.0,28.8,28.4,27.9,27.5,27.5,27.2,27.2,27.1,26.8,26.9,27.0,27.0,27.1,27.0,26.9,27.1,27.4,27.4,27.3,26.9,26.5,26.5,26.5,26.6,26.4,26.3,26.4,26.6,26.9,27.4,27.8,28.1,28.3,28.4,28.6,28.5,28.8,28.8,29.1,29.0,29.2,29.4,29.3,29.2,29.2,29.1,29.2,29.3,29.4,29.2,29.1,29.4,29.3,29.2,29.0,28.4,27.7,27.0,26.8,26.6,26.3,26.5,26.6,26.7,26.8,26.6,26.7,26.7,26.6,26.8,26.8,26.9,26.9,26.8,27.0,27.1,26.9,27.0,26.9,27.0,26.9,27.1,27.0,26.9,27.0,27.1,27.1,27.0,27.0,26.9,27.1,26.9,26.9,26.9,27.0,27.0,27.0,27.0,27.0,27.0,27.0,26.9,26.9,26.8,27.0,26.9,27.0,26.9,27.0,26.9,26.9,26.9,26.9,26.9
197,27.5,27.6,27.8,27.8,27.7,27.7,27.7,27.6,27.8,28.0,27.7,27.7,27.8,27.7,27.5,27.8,27.8,27.9,27.7,27.8,27.8,27.7,27.9,27.8,27.8,27.9,27.8,28.2,28.5,28.7,29.0,29.1,28.6,28.2,27.5,26.9,26.7,26.6,26.6,26.6,26.7,26.5,26.7,26.6,26.4,26.6,26.6,26.4,26.4,26.6,26.8,26.8,27.1,27.5,28.1,28.6,29.1,29.2,29.1,28.7,28.1,27.2,26.7,26.4,26.6,26.6,26.9,27.0,27.3,27.6,28.6,29.2,29.2,29.2,29.2,29.2,29.0,29.1,28.9,28.5,28.2,27.8,27.6,27.5,27.3,27.4,27.4,27.4,27.3,27.6,27.3,27.5,27.5,27.6,27.8,27.6,27.5,27.0,26.7,26.5,26.5,26.4,26.5,26.5,26.4,26.4,26.7,27.4,27.9,28.3,28.4,28.5,28.6,28.7,28.8,28.9,29.1,29.4,29.3,29.5,29.4,29.3,29.3,29.3,29.1,29.2,29.4,29.2,29.3,29.5,29.4,29.3,28.9,28.4,27.6,27.2,26.8,26.4,26.4,26.4,26.4,26.6,26.6,26.6,26.6,26.8,26.7,26.9,26.9,26.9,27.0,27.0,27.0,27.0,27.0,26.8,27.0,27.0,26.9,27.0,26.9,27.0,27.1,27.1,27.0,26.9,26.9,27.0,26.9,27.0,27.0,27.0,26.9,26.9,26.9,27.0,26.9,26.9,27.0,27.0,26.7,26.9,26.9,26.9,26.8,27.0,26.9,26.9,27.0,26.9,26.8,27.0
198,27.5,27.8,27.7,27.8,27.6,27.7,27.8,27.6,27.8,27.7,27.7,27.6,27.9,27.7,27.8,27.8,27.8,27.8,27.8,27.7,27.7,27.7,27.8,27.7,27.6,27.6,27.9,28.0,28.4,28.4,29.0,29.0,28.6,28.1,27.6,26.9,26.7,26.5,26.5,26.5,26.5,26.5,26.7,26.5,26.4,26.4,26.4,26.5,26.4,26.6,26.7,26.7,27.0,27.4,28.2,28.9,29.2,29.2,28.9,28.6,28.0,27.3,26.8,26.7,26.6,26.7,26.8,26.8,27.2,27.8,28.6,29.3,29.5,29.3,29.3,29.2,29.2,29.3,28.9,28.8,28.3,27.9,27.8,27.6,27.7,27.9,27.9,27.8,27.8,27.7,27.6,27.8,27.7,28.0,28.0,27.7,27.5,26.9,26.8,26.6,26.5,26.3,26.5,26.4,26.4,26.6,26.9,27.6,28.1,28.4,28.4,28.6,28.6,28.8,28.9,28.9,29.1,29.2,29.3,29.4,29.6,29.4,29.5,29.2,29.2,29.4,29.4,29.3,29.6,29.6,29.6,29.3,29.1,28.4,27.5,27.3,26.7,26.5,26.6,26.5,26.6,26.6,26.7,26.6,26.7,26.8,26.9,26.9,26.9,26.7,26.9,26.9,26.9,27.0,27.0,26.9,27.1,27.0,27.0,27.0,26.9,27.1,27.0,27.2,27.1,26.9,26.9,26.9,27.0,26.9,27.0,27.0,26.9,27.1,27.0,27.1,27.0,26.8,27.1,27.0,27.0,27.0,27.0,27.0,26.9,26.9,27.0,27.1,27.0,26.8,26.9,26.9
199,27.7,27.8,27.8,27.6,27.8,27.6,27.6,27.7,27.6,27.5,27.7,27.7,27.8,27.7,27.7,27.8,27.8,27.8,27.7,27.8,27.6,27.8,27.7,27.7,27.8,27.8,27.8,28.0,28.4,28.4,28.9,29.1,28.6,28.1,27.4,26.7,26.7,26.5,26.5,26.7,26.7,26.6,26.4,26.5,26.7,26.6,26.4,26.4,26.6,26.5,26.6,26.7,27.1,27.3,28.0,28.8,29.1,29.1,28.8,28.5,28.1,27.2,26.7,26.5,26.5,26.5,26.6,26.9,27.2,27.7,28.4,29.1,29.3,29.4,29.1,29.1,29.1,28.9,29.0,28.8,28.6,28.3,28.1,27.8,28.0,28.1,28.0,27.9,27.8,27.8,27.8,27.7,27.8,28.2,28.1,27.8,27.4,26.9,26.5,26.4,26.4,26.2,26.2,26.3,26.4,26.5,26.9,27.4,28.2,28.3,28.6,28.6,28.6,28.7,28.8,28.9,29.1,29.2,29.1,29.4,29.3,29.6,29.4,29.3,29.3,29.3,29.5,29.3,29.4,29.4,29.2,29.1,29.0,28.5,27.7,27.1,26.7,26.6,26.7,26.6,26.5,26.5,26.6,26.6,26.6,26.7,26.9,26.8,26.9,26.6,26.9,26.8,26.8,27.0,26.9,26.9,27.0,27.0,27.0,27.0,26.8,26.9,26.9,26.9,26.9,26.8,26.8,26.8,27.0,27.0,26.9,26.8,26.9,27.0,27.0,26.9,26.9,26.8,26.8,26.9,26.9,27.0,26.9,27.0,26.8,26.9,26.9,26.9,26.9,26.9,26.9,26.9
200,27.6,27.6,27.6,27.6,27.6,27.6,27.7,27.7,27.8,27.6,27.6,27.6,27.8,27.8,27.8,27.8,27.8,27.8,27.6,27.7,27.7,27.6,27.7,27.7,27.8,27.7,27.8,27.9,28.1,28.5,28.9,29.2,28.7,28.1,27.4,26.9,26.6,26.4,26.4,26.5,26.6,26.6,26.7,26.4,26.5,26.6,26.4,26.5,26.4,26.5,26.6,26.5,26.9,27.3,28.0,28.6,29.2,29.1,28.8,28.4,27.8,27.1,26.8,26.7,26.6,26.7,26.7,26.9,27.2,27.8,28.5,29.1,29.2,29.1,29.1,29.0,28.7,28.8,28.8,28.6,28.6,28.5,28.3,28.2,28.2,28.2,28.0,27.9,27.8,27.9,27.8,27.7,27.8,28.1,28.1,27.8,27.5,27.0,26.6,26.4,26.4,26.5,26.4,26.3,26.4,26.7,27.1,27.6,28.1,28.3,28.5,28.4,28.6,28.7,28.8,29.0,29.1,29.0,29.1,29.2,29.2,29.4,29.4,29.2,29.1,29.2,29.4,29.4,29.3,29.3,28.8,28.8,28.9,28.7,27.5,27.2,26.9,26.6,26.7,26.6,26.6,26.8,26.6,26.7,26.8,26.8,26.6,26.6,26.9,26.8,26.9,26.8,26.9,26.9,26.9,27.0,26.9,26.9,27.1,27.0,27.1,26.9,27.0,27.1,27.1,27.0,26.9,27.0,27.0,26.9,26.8,26.9,27.0,27.1,26.9,27.0,27.1,27.0,27.0,26.9,26.9,27.1,26.9,27.0,27.1,26.8,27.0,26.9,26.7,26.9,26.7,26.9
201,27.6,27.5,27.6,27.5,27.6,27.7,27.6,27.6,27.7,27.5,27.6,27.7,27.8,27.7,27.6,27.8,27.7,27.7,27.7,27.7,27.6,27.8,27.8,27.7,27.8,27.8,27.8,27.9,28.3,28.4,29.0,29.0,28.6,28.2,27.6,27.0,26.6,26.5,26.5,26.5,26.6,26.4,26.6,26.4,26.5,26.5,26.4,26.5,26.5,26.6,26.6,26.7,27.1,27.6,28.1,28.8,29.2,29.2,29.0,28.5,27.9,27.4,26.7,26.8,26.6,26.6,26.6,26.8,27.2,27.7,28.3,29.1,29.4,28.8,28.6,28.7,28.5,28.5,28.5,28.5,28.5,28.6,28.6,28.3,28.4,28.1,28.1,28.0,27.8,27.7,27.7,27.7,27.8,28.1,28.2,28.1,27.6,27.0,26.5,26.5,26.4,26.3,26.4,26.2,26.4,26.6,26.9,27.7,28.1,28.3,28.4,28.0,28.3,28.7,28.8,29.0,29.0,28.7,28.8,29.0,29.3,29.3,29.2,28.9,29.0,29.2,29.4,29.4,29.2,29.1,28.8,28.8,28.7,28.5,27.7,27.3,26.9,26.7,26.6,26.6,26.7,26.5,26.6,26.7,26.6,26.7,26.9,26.8,26.9,26.9,26.9,26.9,26.7,27.0,26.9,26.9,27.0,26.9,26.9,27.0,27.0,26.9,26.9,27.0,27.0,27.1,27.0,26.8,27.1,27.1,27.0,26.9,26.9,26.9,27.0,27.1,26.9,26.9,26.9,26.8,26.9,26.8,26.9,27.1,26.9,26.9,27.0,26.8,26.7,27.0,26.8,26.9
202,27.8,27.6,27.6,27.7,27.5,27.6,27.6,27.6,27.7,27.7,27.6,27.7,27.8,27.7,27.7,27.7,27.6,27.6,27.8,27.6,27.8,27.8,27.9,27.8,27.6,27.8,27.8,27.9,28.1,28.3,28.9,29.2,28.6,28.1,27.8,26.9,26.7,26.5,26.6,26.5,26.4,26.4,26.5,26.6,26.4,26.5,26.5,26.4,26.6,26.5,26.6,26.5,26.9,27.6,27.9,28.7,29.2,29.2,28.9,28.6,27.8,27.3,26.8,26.6,26.5,26.7,26.6,26.8,27.2,27.8,28.5,29.0,29.0,28.9,28.6,28.3,28.2,28.2,28.2,28.0,28.2,28.5,28.4,28.2,28.2,28.2,28.1,28.0,27.7,27.8,27.9,27.8,28.0,28.0,28.2,28.0,27.5,27.0,26.6,26.4,26.4,26.2,26.3,26.2,26.4,26.5,26.9,27.6,28.1,28.2,28.1,28.0,28.1,28.5,28.8,29.1,28.8,28.6,28.7,29.0,29.1,29.4,29.2,29.0,28.8,29.0,29.2,29.3,29.1,28.9,28.7,28.7,28.7,28.7,27.8,27.2,26.8,26.7,26.6,26.8,26.6,26.5,26.6,26.6,26.7,26.7,26.7,26.9,26.9,26.8,26.9,26.8,26.9,27.1,27.0,26.9,27.0,26.9,27.0,27.1,27.0,27.0,27.0,27.0,26.9,27.0,27.0,26.9,27.0,26.9,27.0,26.9,27.1,26.9,26.9,27.0,26.9,27.0,27.0,26.9,27.0,27.0,26.9,27.0,26.8,27.1,27.0,26.8,26.9,26.8,26.8,26.9
203,27.5,27.6,27.5,27.6,27.4,27.6,27.6,27.6,27.6,27.5,27.5,27.8,27.6,27.7,27.5,27.6,27.6,27.6,27.8,27.6,27.7,27.6,27.6,27.8,27.7,27.5,27.8,28.1,28.2,28.5,28.9,29.3,28.7,28.2,27.6,26.9,26.8,26.6,26.4,26.6,26.7,26.6,26.6,26.5,26.6,26.6,26.6,26.4,26.5,26.4,26.6,26.8,26.9,27.5,28.2,28.7,29.2,29.3,29.0,28.5,28.0,27.4,26.8,26.6,26.7,26.8,26.8,26.5,27.1,27.7,28.1,28.9,29.1,28.6,28.3,28.1,27.8,28.0,27.9,28.0,28.2,28.3,28.4,28.3,28.1,28.2,28.1,28.0,27.7,27.7,27.8,27.9,27.8,28.0,28.1,27.9,27.6,27.1,26.6,26.4,26.4,26.4,26.2,26.4,26.4,26.6,26.9,27.4,28.1,28.1,28.1,28.0,28.2,28.5,29.0,28.9,28.8,28.5,28.7,28.8,29.1,29.1,29.2,28.7,28.6,28.9,29.1,29.1,29.1,28.6,28.6,28.8,28.6,28.4,27.7,27.2,26.9,26.6,26.6,26.6,26.7,26.6,26.6,26.5,26.7,26.8,26.7,26.8,26.8,26.9,26.9,26.9,27.0,26.9,27.0,26.9,27.0,26.9,27.0,27.0,26.9,26.8,26.9,26.9,27.0,27.0,26.9,26.8,26.9,27.0,26.9,26.9,27.0,26.9,26.9,26.7,26.9,27.0,26.9,26.8,26.8,26.9,26.8,27.0,26.9,27.0,26.9,26.9,26.8,26.9,26.7,26.9
204,27.4,27.6,27.6,27.6,27.8,27.6,27.6,27.6,27.7,27.7,27.7,27.7,27.8,27.9,27.7,27.7,27.6,27.8,27.7,27.7,27.6,27.9,27.7,27.7,27.8,27.7,27.8,28.0,28.1,28.4,28.8,29.1,28.7,28.3,27.7,27.0,26.5,26.5,26.6,26.5,26.5,26.5,26.5,26.6,26.5,26.4,26.5,26.4,26.5,26.6,26.4,26.6,26.9,27.3,28.0,28.8,29.2,29.2,29.0,28.5,28.0,27.4,26.9,26.9,26.7,26.6,26.6,26.7,27.3,27.6,28.3,28.8,29.0,28.5,28.3,28.0,27.8,27.8,27.8,27.9,28.1,28.3,28.2,28.4,28.2,28.0,28.0,27.9,27.9,27.8,27.7,27.7,27.9,28.2,27.9,28.0,27.6,27.0,26.8,26.5,26.5,26.4,26.4,26.4,26.6,26.5,27.0,27.4,28.1,27.9,27.8,28.0,28.2,28.6,28.7,29.0,28.7,28.5,28.6,28.8,29.0,29.2,29.1,28.7,28.6,28.8,28.8,29.0,29.1,28.5,28.3,28.6,28.7,28.6,27.7,27.2,26.7,26.8,26.8,26.7,26.6,26.7,26.6,26.6,26.8,26.8,26.7,26.9,27.0,26.9,26.9,26.9,26.9,26.9,27.0,26.8,27.0,26.9,27.0,27.0,26.9,26.9,26.9,26.9,27.0,27.0,26.8,26.9,27.0,26.9,26.9,26.9,27.0,27.1,27.1,26.9,26.8,26.9,26.9,26.9,26.8,27.0,26.8,26.8,26.9,26.9,27.0,26.7,26.9,26.8,26.9,27.0
205,27.5,27.4,27.6,27.6,27.5,27.5,27.6,27.6,27.7,27.6,27.8,27.8,27.7,27.7,27.6,27.7,27.7,27.8,27.6,27.8,27.6,27.8,27.7,27.6,27.8,27.7,27.6,27.9,28.2,28.5,28.9,29.1,29.0,28.3,27.8,27.3,26.6,26.5,26.6,26.6,26.5,26.6,26.5,26.4,26.6,26.6,26.5,26.4,26.6,26.6,26.6,26.7,26.9,27.3,28.0,28.8,29.0,29.3,29.1,28.6,28.1,27.5,27.1,26.8,26.6,26.7,26.9,26.9,27.1,27.6,28.5,28.9,28.9,28.7,28.1,28.0,27.8,27.9,27.9,28.1,28.3,28.2,28.4,28.1,28.0,27.9,28.1,27.8,27.7,27.7,27.3,27.6,27.9,28.2,28.0,28.0,27.5,27.1,26.7,26.6,26.6,26.4,26.5,26.5,26.5,26.7,27.0,27.5,27.9,28.1,28.0,27.9,27.9,28.5,28.7,28.8,28.5,28.4,28.4,28.7,29.1,29.4,29.0,28.9,28.4,28.7,28.9,28.9,28.9,28.3,28.4,28.7,28.7,28.5,27.8,27.2,26.9,26.8,26.6,26.8,26.8,26.8,26.8,26.7,26.9,26.8,26.6,26.8,26.8,26.9,26.8,26.8,27.1,27.1,26.9,26.9,26.9,26.9,26.9,27.0,26.9,26.9,26.9,27.1,26.9,26.9,26.9,27.1,27.0,26.9,26.9,27.0,26.9,26.8,26.9,26.9,26.9,26.9,26.9,27.1,26.9,26.9,26.8,27.0,27.0,26.8,27.0,27.0,26.8,26.7,26.8,27.0
206,27.5,27.6,27.5,27.6,27.4,27.6,27.6,27.5,27.5,27.7,27.6,27.7,27.7,27.7,27.6,27.7,27.5,27.6,27.6,27.7,27.6,27.8,27.7,27.6,27.7,27.6,27.7,27.9,28.0,28.4,29.0,29.0,28.7,28.5,27.8,27.1,26.9,26.5,26.6,26.7,26.5,26.5,26.5,26.5,26.5,26.5,26.5,26.6,26.5,26.5,26.6,26.8,26.9,27.4,27.8,28.7,29.2,29.2,29.0,28.6,28.2,27.6,27.1,26.9,26.9,27.0,27.0,27.1,27.2,27.8,28.4,28.9,29.0,28.8,28.2,28.2,28.0,28.0,28.1,28.0,28.1,28.3,28.2,28.1,28.0,27.8,28.0,27.6,27.6,27.6,27.6,27.6,27.8,28.2,28.1,28.0,27.6,27.1,26.6,26.5,26.6,26.5,26.6,26.5,26.5,26.7,26.9,27.4,28.0,27.8,27.9,27.7,27.8,27.8,28.1,28.3,28.0,28.0,28.3,28.7,29.1,29.1,29.2,28.8,28.3,28.3,28.5,28.6,28.4,28.2,28.2,28.5,28.6,28.4,27.8,27.1,26.8,26.6,26.6,26.7,26.8,26.6,26.6,26.6,26.9,26.8,26.7,26.8,26.8,26.6,26.8,26.8,26.9,26.8,26.8,26.8,27.0,27.0,26.9,26.8,27.0,27.0,26.9,26.9,26.9,26.8,27.0,26.8,26.8,27.1,26.7,27.0,26.8,26.9,26.9,27.0,26.9,27.0,27.0,26.9,27.0,26.9,26.9,26.9,27.0,26.9,26.9,26.9,27.0,26.9,27.0,26.9
207,27.4,27.3,27.6,27.6,27.4,27.3,27.4,27.5,27.5,27.4,27.5,27.7,27.5,27.7,27.6,27.5,27.7,27.6,27.6,27.7,27.8,27.7,27.7,27.8,27.8,27.6,27.7,27.7,28.0,28.4,28.8,29.0,28.8,28.4,27.9,27.0,26.7,26.6,26.4,26.5,26.6,26.6,26.6,26.5,26.4,26.6,26.5,26.6,26.4,26.6,26.8,26.7,26.9,27.3,28.0,28.8,29.1,29.2,29.2,28.8,28.2,27.6,27.2,27.3,26.9,27.2,27.0,27.1,27.3,27.8,28.4,29.0,29.2,28.9,28.3,28.1,28.0,27.9,27.9,28.2,28.5,28.4,28.2,28.2,28.2,28.0,27.8,27.6,27.6,27.7,27.5,27.8,27.8,28.1,28.0,27.9,27.6,27.1,26.8,26.7,26.6,26.5,26.6,26.4,26.3,26.8,26.8,27.5,27.9,27.8,27.8,27.6,27.6,27.7,28.0,28.0,27.8,28.0,28.4,28.8,29.0,29.3,29.1,28.6,28.2,28.3,28.4,28.5,28.4,28.0,28.3,28.4,28.6,28.5,27.8,27.3,27.0,26.9,26.6,26.7,26.8,26.7,26.8,26.7,26.7,26.8,26.7,26.8,26.8,26.9,26.8,26.8,26.8,27.0,26.9,27.0,26.9,26.9,27.0,26.9,27.0,26.9,26.8,26.9,26.9,26.7,27.0,27.1,27.0,26.9,26.7,26.8,26.9,27.0,27.0,26.8,26.9,26.9,26.6,26.8,26.9,26.8,26.9,26.8,26.9,26.9,26.9,26.9,26.8,26.7,26.9,26.9
208,27.6,27.5,27.5,27.7,27.6,27.6,27.6,27.5,27.6,27.6,27.6,27.7,27.9,27.7,27.4,27.7,27.7,27.8,27.9,27.7,27.7,27.7,27.8,27.8,27.8,27.7,27.7,27.6,28.1,28.4,28.9,29.1,28.9,28.5,27.8,27.0,26.8,26.6,26.7,26.5,26.6,26.6,26.5,26.6,26.6,26.7,26.5,26.7,26.7,26.5,26.7,26.5,26.8,27.3,27.9,28.6,29.1,29.2,29.1,28.7,28.4,27.8,27.1,27.1,27.2,27.1,27.1,27.0,27.5,27.6,28.6,28.8,28.9,28.7,28.4,28.0,27.9,28.0,28.0,28.0,28.4,28.5,28.3,28.2,28.1,27.7,27.8,27.5,27.7,27.7,27.6,27.8,27.8,28.0,28.3,27.8,27.6,27.5,26.9,26.9,26.8,26.6,26.7,26.6,26.7,26.8,27.1,27.4,27.8,27.9,27.9,27.6,27.6,27.6,27.8,27.8,27.7,27.8,28.5,29.0,29.2,29.3,29.1,28.6,28.1,27.9,28.0,28.0,27.8,27.9,28.1,28.5,28.7,28.6,27.9,27.4,26.8,26.9,26.7,26.7,26.7,26.8,26.8,26.7,26.8,26.8,26.6,27.0,26.9,26.9,26.9,27.0,26.9,27.1,26.9,26.9,27.0,26.9,27.1,26.9,26.8,26.9,27.1,27.0,27.0,26.9,26.9,26.9,26.9,26.9,27.0,26.9,27.0,27.0,26.9,26.9,26.9,26.8,26.9,27.0,26.9,26.9,26.9,27.0,26.9,26.9,26.9,26.8,26.8,26.8,26.9,26.9
209,27.4,27.6,27.6,27.6,27.5,27.5,27.6,27.6,27.6,27.5,27.8,27.7,27.6,27.7,27.7,27.6,27.6,27.6,27.6,27.6,27.8,27.6,27.7,27.8,27.6,27.7,27.6,27.8,28.0,28.6,28.8,29.1,28.8,28.6,28.0,27.0,26.9,26.6,26.6,26.6,26.5,26.4,26.8,26.5,26.4,26.5,26.6,26.6,26.8,26.6,26.6,26.9,26.9,27.3,27.8,28.9,29.4,29.4,29.0,28.8,28.3,27.6,27.3,27.0,27.2,27.1,27.1,27.2,27.4,27.7,28.3,28.8,29.0,28.7,28.5,27.9,28.0,28.0,27.9,28.2,28.3,28.5,28.4,28.1,27.9,27.8,27.7,27.6,27.4,27.6,27.6,27.7,27.8,27.8,28.0,27.8,27.6,27.2,26.9,26.8,26.8,26.7,26.7,26.6,26.6,26.9,26.9,27.6,27.8,27.9,27.7,27.5,27.4,27.3,27.3,27.3,27.4,27.8,28.4,28.9,29.2,29.3,29.0,28.7,28.1,27.8,27.5,27.6,27.6,27.8,28.2,28.5,28.7,28.7,27.8,27.1,26.9,26.8,26.7,26.7,26.8,26.7,26.9,26.8,26.7,27.0,26.8,26.8,26.8,26.8,26.9,26.8,27.0,27.1,26.7,26.9,26.9,27.0,27.1,26.7,26.9,26.9,26.9,26.9,26.8,26.9,26.9,26.9,26.7,26.9,26.9,26.9,26.8,26.9,27.0,26.8,26.9,27.0,26.9,26.9,26.9,27.0,26.9,27.0,26.7,27.0,27.0,26.9,26.8,26.9,26.7,26.9
210,27.4,27.4,27.5,27.6,27.5,27.6,27.4,27.4,27.6,27.6,27.4,27.6,27.7,27.5,27.6,27.6,27.5,27.7,27.6,27.7,27.5,27.7,27.8,27.6,27.6,27.7,27.6,27.8,28.0,28.4,28.7,29.0,28.9,28.5,28.2,27.3,26.8,26.7,26.8,26.6,26.5,26.5,26.7,26.6,26.6,26.7,26.5,26.5,26.5,26.5,26.6,26.7,27.0,27.5,27.8,28.6,29.2,29.2,29.2,28.9,28.4,27.7,27.4,27.1,27.1,27.0,27.2,27.3,27.3,27.8,28.2,29.0,29.0,28.7,28.2,28.1,28.1,27.9,28.0,28.3,28.3,28.5,28.4,28.1,27.8,27.9,27.6,27.5,27.6,27.6,27.7,27.8,27.6,27.8,28.0,27.9,27.6,27.3,26.7,26.7,26.6,26.5,26.7,26.7,26.7,26.6,26.8,27.4,27.8,27.9,27.8,27.6,27.3,27.1,26.8,27.0,26.9,27.7,28.4,28.7,29.1,29.2,29.0,28.7,28.2,27.8,27.2,27.1,27.2,27.6,28.1,28.5,28.8,28.5,27.9,27.4,26.8,26.7,26.7,26.6,26.7,26.7,26.7,26.8,26.8,26.7,26.8,26.8,27.0,26.9,26.8,26.9,26.9,26.8,26.9,27.0,27.1,26.9,26.8,26.9,26.9,26.9,26.9,26.8,26.8,26.9,26.9,27.0,26.9,27.0,26.9,26.8,27.0,26.9,27.0,26.9,26.8,26.8,26.9,27.0,26.8,26.9,26.8,26.9,26.8,27.1,27.0,27.0,26.9,26.8,26.7,27.1
211,27.4,27.5,27.6,27.6,27.4,27.5,27.6,27.7,27.4,27.5,27.6,27.5,27.7,27.8,27.5,27.6,27.6,27.5,27.8,27.6,27.7,27.6,27.6,27.7,27.7,27.6,27.6,27.7,28.0,28.3,28.8,29.2,28.9,28.6,28.0,27.4,27.1,26.8,26.6,26.5,26.6,26.7,26.6,26.6,26.6,26.5,26.6,26.7,26.6,26.6,26.6,26.8,26.9,27.4,27.9,28.8,29.2,29.3,29.3,29.0,28.5,27.7,27.3,27.2,27.1,27.0,27.1,27.2,27.3,27.7,28.3,28.9,28.8,28.7,28.3,28.2,28.3,28.2,28.2,28.5,28.3,28.3,28.1,28.0,27.9,27.6,27.7,27.5,27.8,27.9,27.8,28.0,27.8,27.7,27.8,27.8,27.5,27.2,26.8,26.7,26.6,26.7,26.6,26.6,26.6,26.5,27.0,27.5,27.8,27.9,27.9,27.8,27.3,26.9,26.8,26.9,27.0,27.7,28.3,28.8,29.0,29.1,29.0,28.9,28.3,27.8,27.5,27.2,27.4,27.8,28.1,28.4,28.4,28.2,27.8,27.2,26.9,26.6,26.5,26.8,26.8,26.8,26.6,26.8,26.9,26.7,26.9,26.9,26.9,26.8,26.9,26.9,26.8,26.8,27.0,27.0,26.8,26.9,27.1,26.9,27.0,26.9,26.9,26.9,26.9,26.7,27.0,26.8,27.0,27.0,26.7,26.9,26.9,27.0,26.9,27.0,26.9,27.0,27.0,26.8,26.9,26.9,27.1,27.0,27.0,26.8,26.9,26.9,27.0,26.9,26.8,27.2
212,27.5,27.3,27.5,27.6,27.4,27.5,27.6,27.6,27.4,27.5,27.6,27.7,27.6,27.5,27.5,27.8,27.6,27.4,27.5,27.6,27.5,27.5,27.7,27.5,27.7,27.6,27.7,27.7,27.9,28.2,29.0,29.1,29.0,28.7,28.2,27.7,27.5,26.9,26.9,26.8,26.9,26.8,26.9,26.6,26.8,26.8,26.7,26.7,26.9,26.8,26.7,26.8,27.1,27.6,28.3,28.9,29.2,29.4,29.3,28.7,28.5,27.9,27.3,27.3,27.1,27.1,27.1,27.0,27.4,27.7,28.2,28.7,29.0,28.8,28.4,28.2,28.2,28.1,28.3,28.2,28.4,28.2,28.0,28.1,27.8,27.6,27.7,27.8,27.8,28.1,28.2,28.0,27.9,28.0,27.8,27.7,27.3,27.0,26.7,26.8,26.7,26.6,26.5,26.6,26.4,26.6,26.8,27.3,27.5,27.9,28.0,27.7,27.6,27.2,27.1,27.0,27.2,27.8,28.2,28.6,28.9,29.1,29.0,28.8,28.2,28.2,27.9,27.8,27.8,27.8,28.1,28.3,28.3,27.9,27.4,27.1,26.9,26.7,26.8,26.7,26.7,26.9,26.8,26.8,26.8,26.8,26.7,26.9,26.7,27.0,27.0,26.8,26.9,27.0,27.0,26.9,26.8,27.1,26.9,27.0,26.8,26.9,26.7,26.9,26.9,26.9,26.9,26.9,27.1,26.8,26.9,26.8,26.9,26.9,26.9,26.8,26.9,26.8,26.9,26.8,26.9,27.0,27.0,27.0,26.9,26.8,26.9,27.0,26.9,26.8,26.9,26.9
213,27.6,27.5,27.6,27.4,27.7,27.6,27.5,27.5,27.5,27.6,27.7,27.6,27.7,27.6,27.6,27.6,27.6,27.6,27.6,27.6,27.6,27.7,27.8,27.6,27.7,27.6,27.5,27.9,28.0,28.2,28.7,29.1,28.9,28.6,28.4,28.1,27.8,27.5,27.3,27.4,27.6,27.3,27.3,27.2,27.3,27.1,27.3,27.2,27.2,27.2,27.3,27.5,27.4,27.9,28.5,29.0,28.8,29.2,29.1,28.6,28.4,27.7,27.2,27.3,27.2,27.2,27.1,27.1,27.3,27.6,28.0,28.4,28.8,28.6,28.2,28.1,28.1,28.2,28.2,28.3,28.2,28.3,28.1,28.2,27.7,27.6,27.9,28.0,27.8,27.9,27.9,27.9,27.8,27.8,27.6,27.4,27.3,27.0,26.8,26.6,26.8,26.5,26.7,26.5,26.5,26.7,26.6,27.3,27.2,27.6,27.9,27.7,27.5,27.2,27.1,27.2,27.3,27.7,27.8,28.2,28.5,28.6,28.5,28.5,28.2,28.0,27.8,27.6,27.6,27.8,28.0,28.1,28.0,27.8,27.5,27.2,26.9,26.9,26.8,26.9,26.8,26.8,26.9,26.8,26.9,27.0,26.8,26.9,26.9,27.0,27.1,26.8,26.9,26.8,26.8,26.8,27.0,26.7,26.8,27.1,26.9,27.0,27.0,26.9,26.8,27.0,27.0,26.9,27.0,27.1,26.9,26.8,27.0,27.0,27.1,26.9,27.0,26.9,26.9,26.9,26.8,27.1,26.9,27.1,27.0,27.1,26.8,26.9,26.8,26.9,26.9,26.9
214,27.4,27.4,27.5,27.4,27.5,27.4,27.5,27.4,27.4,27.5,27.7,27.4,27.6,27.6,27.7,27.6,27.7,27.7,27.5,27.7,27.6,27.6,27.6,27.6,27.7,27.5,27.6,27.9,27.9,28.1,28.3,28.6,28.6,28.3,28.2,28.0,27.8,27.6,27.6,27.4,27.3,27.5,27.6,27.4,27.6,27.5,27.4,27.3,27.3,27.5,27.3,27.6,27.6,28.1,28.2,28.6,28.7,28.7,28.5,28.1,27.8,27.5,27.3,27.3,27.1,27.1,27.2,27.1,27.2,27.5,27.6,28.1,28.5,28.5,28.4,28.2,28.1,28.0,28.2,28.3,28.3,28.2,28.1,28.1,27.7,27.7,27.8,28.0,28.0,28.1,28.1,28.0,27.8,27.9,27.6,27.5,27.1,26.8,26.6,26.7,26.5,26.6,26.5,26.5,26.5,26.6,26.9,26.9,27.2,27.4,27.3,27.4,27.3,27.1,26.9,26.9,27.1,27.3,27.6,27.8,28.1,28.1,28.0,28.0,27.7,27.7,27.6,27.2,27.3,27.5,27.6,27.7,27.7,27.5,27.2,26.9,26.9,26.8,26.7,26.8,26.6,26.9,26.7,27.0,26.8,26.9,26.8,26.9,26.9,27.1,26.9,27.1,27.0,27.1,26.9,26.9,27.0,27.0,26.8,27.0,26.9,26.9,27.0,26.9,27.0,26.9,27.0,26.9,27.1,27.0,27.1,26.8,26.9,26.9,27.1,27.1,26.9,26.9,26.9,26.9,26.8,27.1,26.8,26.9,26.9,27.0,26.8,26.9,26.9,26.9,26.9,27.0
215,27.4,27.4,27.5,27.4,27.6,27.5,27.4,27.6,27.4,27.6,27.6,27.5,27.5,27.5,27.3,27.6,27.5,27.6,27.7,27.4,27.7,27.6,27.6,27.5,27.8,27.6,27.6,27.8,27.8,27.8,28.2,28.4,28.3,28.2,28.0,27.9,27.8,27.8,27.5,27.5,27.6,27.5,27.6,27.6,27.4,27.5,27.3,27.3,27.5,27.5,27.5,27.6,27.7,27.9,28.1,28.1,28.3,28.0,28.2,27.9,27.6,27.3,27.2,27.3,27.3,27.0,27.0,27.0,26.9,27.1,27.5,28.0,28.6,28.4,28.5,28.2,28.3,28.2,28.3,28.3,28.3,28.0,28.2,28.1,28.1,27.7,28.0,28.2,28.2,28.2,28.4,28.0,28.1,27.9,27.7,27.5,26.9,26.6,26.7,26.4,26.5,26.6,26.6,26.5,26.6,26.6,26.6,26.8,27.0,27.0,27.3,27.2,27.2,26.9,26.8,27.0,27.0,27.2,27.4,27.3,27.5,27.6,27.6,27.6,27.4,27.3,27.4,27.2,27.1,27.4,27.3,27.4,27.3,27.3,27.0,27.0,26.9,26.8,26.8,26.7,26.8,26.8,26.9,26.8,26.7,26.9,27.0,26.8,27.0,27.1,27.0,26.9,26.9,27.0,27.0,27.0,27.1,26.8,27.1,27.0,26.9,26.8,26.9,26.9,26.9,26.8,26.7,27.1,27.0,26.8,27.0,26.9,27.0,26.9,26.9,26.9,26.9,26.9,27.0,26.9,26.9,26.8,26.8,26.8,27.0,26.8,26.9,26.9,27.0,26.8,26.8,26.9
216,27.5,27.4,27.4,27.6,27.4,27.4,27.6,27.6,27.6,27.5,27.6,27.5,27.5,27.6,27.7,27.5,27.5,27.5,27.5,27.6,27.6,27.6,27.6,27.6,27.6,27.6,27.6,27.6,27.7,27.9,28.0,28.0,28.0,28.0,27.9,27.9,27.6,27.7,27.7,27.6,27.6,27.6,27.7,27.5,27.5,27.5,27.5,27.6,27.6,27.5,27.3,27.5,27.4,27.8,27.8,27.9,28.0,28.0,27.8,27.6,27.4,27.3,27.2,27.2,27.1,27.1,27.1,26.9,27.2,26.9,27.3,27.9,28.4,28.5,28.4,28.3,28.2,28.2,28.3,28.6,28.4,28.4,28.3,28.2,28.1,28.2,28.2,28.2,28.2,28.2,28.2,28.3,27.9,28.0,27.8,27.3,27.0,26.4,26.3,26.5,26.6,26.6,26.6,26.6,26.6,26.7,26.7,26.8,26.7,26.9,26.9,26.8,26.9,26.9,26.8,26.8,26.9,26.9,27.1,27.1,27.3,27.3,27.2,27.1,27.1,27.1,27.1,27.1,27.1,27.3,27.1,27.2,27.2,27.1,27.0,26.9,26.9,26.7,26.9,26.7,26.8,26.8,26.9,26.8,26.8,26.9,26.9,26.8,26.8,27.1,26.8,26.8,26.9,27.0,27.1,27.1,26.9,27.0,26.9,27.0,26.8,27.0,26.9,26.8,26.9,26.9,27.0,26.9,27.1,27.0,26.9,26.9,26.9,27.0,27.0,27.0,27.0,26.7,26.9,27.0,26.9,27.0,27.0,26.9,26.9,26.9,26.9,26.8,27.0,26.8,27.0,27.1
217,27.5,27.3,27.6,27.4,27.5,27.6,27.6,27.6,27.4,27.3,27.5,27.5,27.5,27.6,27.4,27.7,27.5,27.6,27.6,27.2,27.6,27.6,27.4,27.4,27.6,27.5,27.6,27.6,27.8,27.8,27.7,27.8,27.9,27.7,27.6,27.6,27.6,27.5,27.6,27.5,27.5,27.6,27.7,27.5,27.4,27.4,27.4,27.4,27.3,27.4,27.4,27.5,27.3,27.6,27.6,27.6,27.4,27.5,27.5,27.4,27.4,27.2,27.1,27.1,27.1,27.1,26.8,26.9,26.8,26.7,27.1,27.7,28.2,28.2,28.2,28.4,28.2,28.3,28.3,28.4,28.4,28.4,28.3,28.2,28.3,28.2,28.1,28.0,28.1,28.2,28.5,28.2,28.1,28.1,27.9,27.4,26.7,26.4,26.4,26.4,26.6,26.6,26.7,26.6,26.6,26.5,26.6,26.7,26.7,26.8,26.8,26.8,26.8,27.0,26.7,26.8,26.7,26.8,26.8,26.9,27.0,26.9,26.8,26.8,26.9,26.8,26.9,26.9,27.0,27.0,27.0,26.9,26.9,26.9,26.9,26.9,26.9,26.9,26.7,26.8,26.7,26.9,26.9,26.7,26.9,26.9,26.9,26.8,26.9,27.1,26.8,26.9,27.0,27.1,26.9,26.9,26.9,26.9,26.9,27.1,27.0,27.0,26.9,26.9,27.1,27.0,26.8,27.0,26.9,27.0,26.8,26.9,26.9,27.0,26.9,26.9,27.1,27.0,27.0,26.9,26.8,26.9,26.9,26.9,26.7,26.9,26.8,26.9,26.9,26.9,26.8,27.0
218,27.5,27.3,27.5,27.4,27.5,27.3,27.3,27.5,27.5,27.3,27.5,27.5,27.5,27.5,27.6,27.5,27.5,27.5,27.4,27.4,27.3,27.7,27.5,27.4,27.4,27.6,27.6,27.6,27.6,27.6,27.6,27.6,27.6,27.4,27.6,27.5,27.6,27.4,27.5,27.6,27.6,27.4,27.6,27.4,27.3,27.4,27.4,27.3,27.3,27.3,27.3,27.3,27.2,27.4,27.2,27.4,27.3,27.3,27.3,27.2,27.3,26.9,26.9,27.0,27.0,27.0,26.9,26.9,26.7,26.8,27.1,27.5,28.1,28.4,28.2,28.3,28.2,28.2,28.2,28.3,28.3,28.3,28.2,28.2,28.4,28.2,28.2,28.1,28.1,28.0,28.1,28.3,28.0,28.0,27.7,27.4,26.7,26.2,26.4,26.2,26.5,26.5,26.5,26.6,26.6,26.6,26.6,26.5,26.6,26.5,26.6,26.5,26.6,26.6,26.5,26.6,26.7,26.7,26.6,26.9,26.6,26.7,26.7,26.6,26.7,26.8,26.6,26.9,26.9,26.8,26.7,26.9,26.7,26.7,26.8,26.7,26.7,26.7,26.7,26.8,26.8,26.8,26.8,26.9,26.8,26.7,26.8,26.9,27.1,26.8,26.7,26.9,26.8,26.9,27.0,26.9,26.9,26.7,26.8,26.9,26.8,27.0,26.8,26.7,26.9,26.7,26.8,26.8,26.9,26.7,27.0,26.8,26.9,26.9,26.7,26.8,26.9,26.8,26.9,26.9,26.9,26.9,26.8,27.0,27.0,27.0,26.9,26.8,26.8,26.9,26.8,27.0
219,27.4,27.4,27.4,27.4,27.4,27.4,27.5,27.5,27.5,27.4,27.4,27.4,27.6,27.6,27.6,27.5,27.6,27.5,27.5,27.6,27.6,27.7,27.5,27.6,27.5,27.6,27.4,27.5,27.6,27.6,27.8,27.6,27.6,27.6,27.5,27.5,27.5,27.5,27.4,27.4,27.5,27.6,27.4,27.5,27.3,27.4,27.3,27.4,27.3,27.3,27.3,27.3,27.2,27.3,27.3,27.3,27.3,27.4,27.2,27.2,27.2,27.2,27.0,27.1,27.1,27.1,26.8,26.8,26.7,26.7,27.0,27.6,28.0,28.3,28.3,28.1,28.1,28.1,28.1,28.3,28.4,28.3,28.3,28.2,28.3,28.2,28.2,28.1,28.3,28.0,28.2,27.9,27.9,27.9,27.6,27.2,26.6,26.3,26.3,26.4,26.6,26.5,26.6,26.6,26.7,26.8,26.6,26.6,26.5,26.7,26.6,26.4,26.7,26.7,26.7,26.7,26.6,26.6,26.7,26.7,26.7,26.8,26.9,26.7,26.5,26.9,26.7,26.6,26.8,26.9,26.7,26.8,26.8,26.6,26.9,26.8,26.9,27.0,26.9,26.9,26.8,26.8,26.9,26.6,26.9,26.9,26.7,26.8,27.1,27.0,27.0,26.8,26.9,26.9,26.9,26.8,26.9,26.9,26.9,27.0,26.9,27.0,27.0,27.0,27.0,27.0,26.9,26.9,27.1,26.9,27.0,26.9,26.9,27.0,26.9,26.9,26.9,26.8,26.8,27.0,27.1,26.9,26.9,26.9,26.8,26.9,26.9,26.9,26.9,27.0,26.9,27.0
220,27.3,27.4,27.5,27.5,27.2,27.4,27.5,27.3,27.4,27.5,27.3,27.7,27.5,27.4,27.3,27.4,27.5,27.6,27.3,27.5,27.4,27.5,27.6,27.4,27.4,27.5,27.4,27.5,27.6,27.6,27.4,27.5,27.5,27.4,27.5,27.4,27.3,27.6,27.3,27.5,27.5,27.4,27.4,27.2,27.3,27.5,27.5,27.3,27.3,27.3,27.3,27.3,27.2,27.3,27.2,27.2,27.2,27.3,27.2,27.3,27.1,27.1,27.1,27.1,26.9,27.1,26.8,26.9,26.6,26.7,26.8,27.2,27.7,27.8,27.8,27.7,27.6,27.8,27.8,28.0,27.7,27.8,27.8,27.7,27.7,27.5,27.6,27.5,27.6,27.5,27.4,27.6,27.3,27.4,27.0,26.9,26.4,26.2,26.2,26.3,26.6,26.4,26.4,26.6,26.5,26.8,26.6,26.7,26.6,26.6,26.4,26.5,26.4,26.6,26.6,26.6,26.5,26.6,26.8,26.6,26.7,26.6,26.6,26.7,26.6,26.7,26.7,26.7,26.7,26.7,26.7,27.0,26.9,26.8,26.6,26.7,26.8,26.8,26.8,26.7,26.9,26.9,27.0,26.8,26.8,26.6,26.9,27.0,26.9,26.8,26.9,27.0,26.9,26.9,26.8,26.8,27.0,26.8,27.1,26.9,27.1,26.8,26.9,26.9,26.9,26.9,26.9,26.9,26.9,26.9,26.8,26.9,26.9,26.7,26.9,26.9,27.0,26.8,26.9,26.9,26.6,26.9,26.8,27.0,26.9,26.9,26.9,26.7,26.8,27.0,26.9,27.0
221,27.3,27.6,27.4,27.4,27.3,27.4,27.3,27.3,27.5,27.2,27.5,27.4,27.6,27.4,27.4,27.5,27.4,27.5,27.5,27.5,27.4,27.5,27.6,27.5,27.6,27.6,27.6,27.5,27.3,27.4,27.6,27.5,27.4,27.5,27.6,27.4,27.5,27.4,27.5,27.4,27.5,27.3,27.3,27.4,27.4,27.3,27.4,27.2,27.1,27.3,27.3,27.3,27.2,27.2,27.1,27.2,27.1,27.2,27.1,27.1,27.0,26.9,27.0,26.9,27.0,27.0,26.9,26.7,26.6,26.4,26.9,26.9,27.1,27.2,27.2,27.2,27.3,27.2,27.3,27.3,27.3,27.2,27.1,27.3,27.1,27.3,27.2,27.1,27.1,26.9,27.1,26.9,26.9,26.9,26.8,26.5,26.2,26.1,26.2,26.4,26.5,26.7,26.5,26.4,26.5,26.6,26.6,26.6,26.6,26.6,26.7,26.5,26.5,26.5,26.8,26.7,26.6,26.7,26.5,26.7,26.6,26.7,26.6,26.7,26.6,26.6,26.6,26.7,26.7,26.8,26.7,26.8,26.8,26.7,26.8,26.8,26.7,26.9,26.8,27.0,26.7,26.7,26.9,26.8,26.9,26.9,26.6,26.8,26.9,26.9,26.7,26.7,26.8,26.8,26.9,26.8,26.9,26.8,26.9,27.0,26.9,26.8,26.9,26.9,26.9,26.9,26.8,26.8,26.8,26.9,26.8,26.8,26.8,26.8,26.9,26.9,26.9,26.9,27.0,27.0,27.0,26.9,26.9,26.8,26.7,26.9,26.9,26.8,26.9,26.7,26.7,26.9
222,27.3,27.4,27.3,27.4,27.5,27.3,27.3,27.3,27.4,27.4,27.4,27.4,27.3,27.4,27.4,27.5,27.2,27.5,27.5,27.5,27.4,27.6,27.6,27.4,27.4,27.3,27.5,27.5,27.6,27.4,27.6,27.6,27.4,27.3,27.4,27.4,27.5,27.6,27.4,27.4,27.5,27.4,27.3,27.4,27.3,27.5,27.3,27.3,27.3,27.2,27.3,27.3,27.1,27.3,27.1,27.2,27.2,27.1,27.1,27.1,27.1,26.9,27.0,26.9,27.0,27.1,27.0,26.7,26.6,26.4,26.6,26.7,26.9,27.0,26.9,26.9,26.8,26.9,26.8,26.9,27.0,26.9,26.9,26.9,26.9,26.9,26.8,26.8,26.8,26.7,26.5,26.6,26.4,26.6,26.3,26.3,26.1,26.0,26.2,26.4,26.4,26.5,26.4,26.6,26.5,26.6,26.5,26.6,26.6,26.5,26.4,26.5,26.7,26.6,26.6,26.6,26.6,26.7,26.5,26.7,26.7,26.8,26.8,26.7,26.7,26.7,26.7,26.6,26.7,26.6,26.7,26.6,26.7,26.7,26.9,26.7,26.9,26.8,26.9,26.8,26.9,26.9,26.9,26.6,26.8,26.8,26.8,26.7,26.7,26.9,26.8,26.7,26.9,26.8,26.9,26.9,27.0,26.7,26.7,27.0,26.8,26.9,26.9,27.0,27.0,26.8,26.9,26.8,26.9,26.8,26.9,26.8,26.9,26.9,27.0,26.9,26.9,26.9,27.0,27.1,26.8,26.9,26.8,27.0,26.8,26.6,26.9,26.8,26.9,26.9,26.9,26.9
223,27.3,27.3,27.5,27.5,27.3,27.3,27.3,27.5,27.4,27.4,27.4,27.5,27.6,27.4,27.6,27.5,27.5,27.4,27.5,27.5,27.6,27.5,27.4,27.5,27.6,27.6,27.4,27.3,27.6,27.4,27.4,27.6,27.5,27.4,27.4,27.4,27.5,27.6,27.4,27.3,27.5,27.3,27.4,27.4,27.3,27.3,27.3,27.5,27.1,27.3,27.3,27.2,27.3,27.3,27.2,27.1,27.2,27.1,27.1,27.2,27.1,27.0,27.0,27.0,27.0,27.0,27.1,26.7,26.6,26.5,26.5,26.4,26.5,26.8,26.6,26.7,26.5,26.5,26.7,26.7,26.5,26.6,26.5,26.6,26.6,26.4,26.5,26.5,26.3,26.4,26.3,26.1,26.1,26.4,26.1,26.2,25.9,26.0,26.2,26.3,26.4,26.4,26.5,26.6,26.5,26.6,26.5,26.6,26.6,26.5,26.6,26.6,26.5,26.6,26.7,26.6,26.5,26.6,26.6,26.7,26.8,26.7,26.5,26.8,26.6,26.7,26.6,26.7,26.7,26.7,26.7,26.7,26.9,26.8,26.7,26.8,26.9,26.9,26.7,26.7,26.7,26.9,26.8,26.8,26.8,26.8,26.7,27.0,26.8,26.8,26.9,26.9,26.8,27.0,26.8,26.8,26.8,27.1,26.9,26.9,26.9,26.7,26.7,26.9,26.7,26.6,26.8,26.8,27.0,26.9,26.7,26.8,26.7,26.7,27.1,27.0,26.9,26.9,26.9,27.0,26.8,27.0,26.8,26.9,26.8,26.8,26.9,26.7,26.8,26.8,26.8,26.9
224,27.4,27.5,27.4,27.5,27.3,27.3,27.4,27.5,27.3,27.3,27.4,27.2,27.3,27.5,27.3,27.5,27.3,27.3,27.5,27.3,27.4,27.3,27.4,27.6,27.3,27.3,27.4,27.3,27.3,27.5,27.5,27.5,27.3,27.4,27.3,27.3,27.5,27.4,27.4,27.3,27.2,27.4,27.3,27.4,27.2,27.3,27.3,27.3,27.2,27.2,27.3,27.3,27.2,27.3,26.9,27.2,27.1,27.2,27.3,27.0,27.0,27.1,26.9,26.9,26.9,26.8,26.9,26.6,26.5,26.3,26.2,26.4,26.3,26.4,26.2,26.2,26.2,26.1,26.3,26.2,26.1,26.2,26.3,26.3,26.2,26.1,26.3,26.2,26.2,26.2,26.1,26.0,26.0,26.0,25.8,25.7,25.8,25.8,25.8,26.3,26.4,26.4,26.5,26.4,26.4,26.6,26.5,26.7,26.6,26.7,26.6,26.6,26.5,26.6,26.6,26.7,26.7,26.7,26.6,26.6,26.6,26.7,26.4,26.6,26.8,26.7,26.8,26.6,26.7,26.8,26.7,26.5,26.7,26.7,26.8,26.7,26.9,26.9,26.8,26.9,26.9,26.9,26.8,26.9,26.8,26.8,26.8,26.9,26.9,27.0,26.8,26.8,26.9,26.8,27.0,26.8,26.9,26.9,26.8,26.8,26.9,26.9,27.0,26.9,26.9,26.9,26.7,27.0,26.8,26.9,26.7,27.0,26.9,26.8,26.9,26.9,26.9,26.9,26.7,26.9,26.9,26.9,26.8,26.9,26.8,26.8,26.9,26.7,26.7,26.7,26.7,26.9
225,27.4,27.2,27.3,27.1,27.4,27.2,27.4,27.4,27.3,27.4,27.3,27.4,27.4,27.4,27.3,27.3,27.3,27.4,27.4,27.4,27.5,27.4,27.4,27.2,27.3,27.3,27.4,27.5,27.2,27.6,27.3,27.4,27.4,27.3,27.4,27.3,27.4,27.3,27.4,27.3,27.3,27.3,27.4,27.2,27.3,27.2,27.2,27.3,27.3,27.1,27.3,27.2,27.1,27.1,27.1,27.2,27.1,27.1,27.0,27.2,27.1,26.8,27.0,27.0,26.9,27.0,26.9,26.9,26.5,26.4,26.4,26.2,26.0,26.1,26.3,26.1,25.9,26.1,25.9,26.2,26.2,26.1,26.0,26.0,26.1,26.0,26.2,26.1,26.0,26.1,25.9,25.9,26.0,25.9,25.7,25.8,25.7,25.8,25.8,26.2,26.4,26.5,26.4,26.4,26.5,26.6,26.6,26.6,26.6,26.6,26.6,26.5,26.6,26.6,26.6,26.6,26.6,26.8,26.6,26.6,26.6,26.7,26.7,26.6,26.7,26.7,26.7,26.6,26.7,26.5,26.8,26.7,26.8,26.7,26.7,26.6,26.9,26.7,26.8,26.8,26.8,26.9,26.8,26.7,26.8,26.7,26.8,26.8,26.8,26.8,26.7,26.9,26.9,26.9,26.6,26.7,26.9,26.9,27.0,26.8,26.9,26.6,26.7,26.7,26.9,26.8,26.9,26.7,26.9,26.8,26.9,26.9,26.9,26.8,26.7,26.8,26.8,26.8,26.9,26.9,26.7,27.0,26.6,26.9,26.8,26.9,26.8,26.9,26.6,26.8,26.6,26.9
226,27.4,27.3,27.4,27.5,27.3,27.4,27.4,27.3,27.4,27.4,27.3,27.2,27.4,27.5,27.3,27.5,27.3,27.4,27.3,27.5,27.5,27.4,27.4,27.5,27.7,27.6,27.4,27.4,27.5,27.3,27.6,27.5,27.4,27.5,27.4,27.5,27.4,27.4,27.3,27.4,27.4,27.4,27.4,27.3,27.2,27.3,27.2,27.3,27.4,27.1,27.2,27.3,27.1,27.2,27.1,27.1,27.4,27.3,27.0,27.0,27.1,27.0,26.9,27.0,26.9,27.0,26.8,26.7,26.5,26.4,26.2,26.2,26.3,26.2,26.0,25.9,26.2,26.1,25.9,26.2,26.1,26.2,26.0,25.9,25.9,25.8,25.9,26.0,25.9,25.9,25.9,25.7,25.8,25.8,25.7,25.6,25.5,25.8,26.0,26.3,26.5,26.5,26.4,26.5,26.5,26.6,26.6,26.6,26.7,26.7,26.8,26.6,26.7,26.6,26.6,26.4,26.5,26.7,26.7,26.6,26.9,26.7,26.8,26.8,26.5,27.0,26.8,26.8,26.8,26.7,26.8,26.8,26.6,26.7,26.8,26.8,26.9,27.0,26.9,26.9,26.9,26.9,26.9,26.8,26.8,26.9,26.8,26.7,26.9,26.9,26.9,26.9,26.9,26.9,26.8,26.9,27.0,26.8,26.9,26.9,26.9,26.7,26.9,26.8,27.0,26.7,26.9,27.0,26.9,26.8,26.9,26.9,26.7,27.1,27.0,26.8,26.9,26.9,26.7,27.0,26.8,27.0,26.9,26.9,26.8,26.9,26.8,26.8,26.7,26.9,26.8,26.9
227,27.4,27.2,27.4,27.4,27.4,27.5,27.3,27.4,27.3,27.4,27.3,27.6,27.4,27.4,27.3,27.3,27.3,27.4,27.3,27.3,27.4,27.5,27.6,27.3,27.4,27.3,27.4,27.3,27.3,27.4,27.4,27.5,27.4,27.3,27.5,27.3,27.3,27.3,27.3,27.4,27.3,27.3,27.2,27.3,27.2,27.2,27.1,27.3,27.2,27.2,27.2,27.3,27.1,27.1,27.1,27.1,27.2,27.2,27.1,26.9,27.1,26.9,26.8,26.9,27.0,26.9,26.9,26.8,26.5,26.3,26.3,26.1,26.1,26.2,26.0,26.0,26.1,25.9,26.1,26.1,26.0,25.9,25.9,25.9,26.0,25.7,26.1,25.8,25.8,26.0,25.7,25.7,25.7,25.7,25.7,25.7,25.5,25.9,26.1,26.3,26.4,26.3,26.3,26.4,26.5,26.4,26.5,26.6,26.8,26.6,26.6,26.4,26.6,26.5,26.5,26.7,26.6,26.6,26.8,26.7,26.7,26.6,26.7,26.5,26.6,26.7,26.8,26.7,26.8,26.7,26.6,26.8,26.7,26.6,26.7,26.6,26.8,26.7,26.8,26.8,26.9,26.9,27.0,26.9,26.8,26.8,26.9,26.9,26.7,26.9,26.9,26.9,26.6,26.8,26.6,26.9,26.9,26.8,26.9,26.8,26.9,26.7,26.8,26.9,26.8,27.0,26.9,26.9,26.9,26.8,26.8,26.9,26.9,26.7,26.9,26.7,27.0,26.8,26.7,26.9,26.8,27.0,26.9,26.9,26.9,26.9,26.9,26.9,26.8,26.8,26.9,27.0
228,27.3,27.3,27.4,27.4,27.3,27.3,27.3,27.1,27.3,27.4,27.3,27.3,27.3,27.3,27.3,27.3,27.4,27.4,27.3,27.5,27.5,27.4,27.3,27.5,27.3,27.4,27.5,27.3,27.3,27.4,27.3,27.4,27.3,27.4,27.4,27.3,27.3,27.4,27.5,27.3,27.3,27.2,27.3,27.1,27.2,27.3,27.3,27.2,27.3,27.3,27.2,27.2,27.2,27.2,27.2,27.1,27.2,27.1,27.2,27.0,27.0,27.0,27.0,26.9,26.8,27.0,26.8,26.7,26.6,26.4,26.2,26.2,26.1,26.0,25.9,26.0,25.9,25.8,25.9,25.9,25.8,25.9,25.8,26.0,25.8,25.8,25.8,26.0,25.7,25.9,25.7,25.6,25.5,25.6,25.5,25.6,25.6,25.8,26.0,26.3,26.4,26.3,26.5,26.5,26.5,26.6,26.5,26.4,26.6,26.5,26.6,26.7,26.5,26.6,26.4,26.7,26.5,26.6,26.6,26.6,26.5,26.7,26.6,26.6,26.6,26.9,26.6,26.7,26.8,26.7,26.4,26.5,26.7,26.8,26.8,26.7,26.8,26.8,26.6,26.9,26.8,26.8,26.9,26.7,26.6,26.6,26.8,26.7,26.9,26.8,26.8,26.8,27.1,26.9,26.8,26.7,26.9,26.6,26.9,26.8,26.8,26.9,26.8,26.7,26.9,26.9,26.9,26.9,26.9,26.6,26.8,26.9,26.9,26.8,26.8,26.9,26.7,26.9,26.9,27.0,26.6,26.8,26.7,26.9,26.8,26.9,26.7,26.9,26.8,26.9,26.8,26.8
229,27.2,27.2,27.4,27.4,27.4,27.3,27.3,27.3,27.2,27.2,27.4,27.5,27.4,27.4,27.3,27.3,27.2,27.4,27.3,27.4,27.2,27.4,27.4,27.4,27.4,27.3,27.4,27.4,27.3,27.4,27.5,27.2,27.3,27.3,27.2,27.4,27.5,27.3,27.4,27.2,27.2,27.4,27.3,27.3,27.5,27.3,27.2,27.2,27.2,27.1,27.1,27.3,27.1,27.2,27.1,27.3,27.0,27.1,26.9,26.8,27.0,26.8,26.9,26.9,26.9,26.7,26.8,26.7,26.6,26.3,26.3,26.0,26.3,26.1,26.2,25.9,25.9,26.0,25.9,25.8,25.8,25.8,25.8,25.8,25.7,25.8,25.7,25.8,25.8,25.7,25.7,25.7,25.6,25.6,25.6,25.7,25.7,25.8,26.1,26.2,26.3,26.4,26.4,26.6,26.6,26.3,26.5,26.7,26.6,26.7,26.7,26.6,26.6,26.7,26.7,26.6,26.8,26.5,26.6,26.6,26.7,26.6,26.6,26.8,26.8,26.8,26.7,26.7,26.9,26.7,26.7,26.7,26.7,26.9,26.8,26.8,26.7,26.7,26.6,26.9,26.9,26.7,26.7,26.8,26.8,26.8,26.7,26.8,26.8,26.9,26.9,26.8,26.8,27.0,26.8,26.7,26.9,26.8,26.9,27.0,26.8,26.8,26.9,26.6,26.8,26.7,26.8,26.9,26.8,26.9,26.8,26.7,26.7,26.7,26.9,26.7,26.9,26.9,26.8,26.7,26.7,26.7,26.7,26.9,26.9,26.7,27.0,27.0,26.7,26.8,26.8,26.9
230,27.4,27.3,27.2,27.5,27.4,27.4,27.4,27.4,27.4,27.3,27.3,27.5,27.5,27.2,27.3,27.3,27.5,27.2,27.4,27.4,27.3,27.6,27.2,27.2,27.3,27.5,27.3,27.4,27.3,27.4,27.4,27.4,27.3,27.4,27.4,27.2,27.3,27.4,27.3,27.2,27.4,27.3,27.1,27.3,27.3,27.1,27.3,27.1,27.2,27.0,27.3,27.1,27.3,27.0,27.2,27.0,27.1,27.2,27.1,26.8,27.0,26.9,26.9,26.9,26.8,26.8,26.8,26.6,26.6,26.4,26.1,26.2,26.0,26.0,25.8,26.0,25.8,26.1,25.7,25.7,25.9,25.7,26.0,25.8,25.6,25.8,25.7,25.8,25.6,25.6,25.7,25.6,25.6,25.7,25.5,25.5,25.6,25.7,26.0,26.3,26.3,26.5,26.5,26.4,26.4,26.6,26.5,26.6,26.4,26.5,26.5,26.6,26.7,26.6,26.7,26.6,26.6,26.7,26.5,26.7,26.7,26.7,26.8,26.9,26.7,26.8,26.6,26.9,26.7,26.7,26.7,26.8,26.8,26.9,26.7,26.6,26.8,26.6,26.8,26.8,26.8,27.0,26.8,26.9,26.7,26.9,26.7,26.8,26.7,26.7,26.9,26.7,26.7,26.8,26.8,26.7,26.8,26.8,26.7,26.8,26.7,26.8,26.8,26.8,26.9,26.7,26.9,26.7,26.8,26.8,26.8,26.7,26.8,26.8,26.9,26.7,26.9,26.8,26.9,26.9,26.8,26.8,26.8,26.9,26.9,26.9,26.9,26.7,26.8,26.7,26.8,26.9
231,27.3,27.3,27.3,27.4,27.1,27.3,27.2,27.1,27.3,27.3,27.4,27.4,27.5,27.4,27.3,27.3,27.3,27.3,27.3,27.3,27.3,27.4,27.4,27.3,27.4,27.5,27.4,27.4,27.2,27.4,27.3,27.5,27.2,27.3,27.4,27.3,27.4,27.3,27.3,27.4,27.3,27.3,27.4,27.3,27.3,27.1,27.3,27.0,27.3,27.1,27.3,27.1,27.0,27.2,27.1,27.1,27.0,27.1,27.1,27.0,26.9,26.9,26.7,26.8,26.8,26.7,26.8,26.7,26.4,26.2,26.2,26.1,25.9,26.0,25.9,25.9,25.7,25.7,25.9,25.7,25.7,25.7,25.9,25.7,25.7,25.6,25.8,25.6,25.6,25.6,25.5,25.6,25.6,25.5,25.5,25.4,25.7,25.7,26.0,26.4,26.4,26.4,26.4,26.4,26.5,26.5,26.6,26.7,26.5,26.5,26.6,26.5,26.6,26.6,26.5,26.6,26.5,26.6,26.5,26.8,26.9,26.6,26.7,26.6,26.7,26.7,26.9,26.8,26.6,26.8,26.6,26.7,26.7,26.7,26.6,26.6,26.9,26.8,26.7,26.9,26.9,26.8,26.8,26.9,26.8,26.9,26.8,26.7,26.8,26.8,26.8,26.7,26.9,26.9,26.7,27.0,26.9,26.6,26.7,26.8,26.7,26.7,26.7,26.9,26.9,26.7,26.9,27.0,26.9,26.7,26.8,26.9,27.0,26.8,27.0,26.7,26.9,26.8,27.0,26.9,26.8,26.8,26.8,26.9,26.9,26.9,27.1,26.9,26.9,26.9,27.0,26.8
232,27.3,27.4,27.3,27.3,27.3,27.1,27.3,27.3,27.4,27.1,27.2,27.3,27.3,27.1,27.2,27.3,27.3,27.3,27.3,27.4,27.2,27.4,27.4,27.4,27.4,27.3,27.2,27.3,27.4,27.3,27.4,27.4,27.3,27.1,27.3,27.3,27.3,27.3,27.1,27.1,27.3,27.3,27.2,27.1,27.3,27.3,27.2,27.0,27.0,27.1,27.1,27.1,27.1,27.1,27.1,27.0,27.1,27.1,27.1,27.0,27.1,26.9,26.6,26.8,26.7,26.7,26.7,26.6,26.4,26.2,26.3,26.1,26.1,26.0,25.8,25.8,25.8,25.8,25.6,25.7,25.8,25.8,25.7,25.7,25.6,25.6,25.6,25.7,25.7,25.5,25.6,25.5,25.4,25.6,25.4,25.5,25.4,25.6,25.8,26.1,26.5,26.5,26.4,26.4,26.4,26.3,26.5,26.5,26.4,26.4,26.5,26.5,26.6,26.6,26.6,26.6,26.5,26.6,26.6,26.6,26.6,26.6,26.6,26.7,26.7,26.6,26.7,26.6,26.8,26.6,26.6,26.6,26.8,26.7,26.7,26.6,26.9,26.8,26.8,26.9,26.7,26.7,26.9,26.6,26.6,26.7,26.7,26.7,26.7,26.9,26.6,26.9,26.8,26.8,26.8,26.7,26.8,26.9,26.8,26.8,26.5,26.9,26.7,27.0,26.7,26.8,26.6,26.8,26.9,26.7,26.9,26.9,26.7,27.1,27.0,26.8,26.9,26.7,26.9,27.0,26.6,26.8,26.7,26.9,26.9,26.7,26.9,26.8,26.9,26.8,26.9,26.8
233,27.1,27.2,27.1,27.3,27.1,27.2,27.2,27.3,27.0,27.1,27.1,27.3,27.2,27.2,27.2,27.3,27.3,27.3,27.1,27.3,27.3,27.3,27.4,27.3,27.3,27.3,27.3,27.2,27.2,27.5,27.3,27.3,27.3,27.3,27.2,27.4,27.2,27.3,27.2,27.3,27.1,27.3,27.3,27.0,27.1,27.0,27.2,27.1,27.1,27.1,27.1,27.1,26.8,26.9,26.9,27.0,26.9,26.9,26.9,26.8,26.9,26.9,26.9,26.8,26.7,26.8,26.5,26.5,26.3,26.3,25.9,26.3,26.0,25.8,26.0,25.8,25.7,25.8,25.9,25.8,25.6,25.7,25.6,25.7,25.6,25.6,25.9,25.7,25.6,25.5,25.6,25.4,25.5,25.5,25.4,25.5,25.5,25.7,26.0,26.2,26.4,26.5,26.5,26.4,26.5,26.6,26.4,26.6,26.4,26.4,26.6,26.7,26.6,26.7,26.6,26.7,26.6,26.7,26.6,26.6,26.6,26.7,26.6,26.5,26.7,26.6,26.7,26.6,26.7,26.6,26.7,26.6,26.6,26.8,26.7,26.7,26.6,26.6,26.7,26.8,26.8,26.9,26.9,26.8,26.6,26.6,26.6,26.8,26.7,26.8,26.6,26.8,26.8,26.9,26.6,26.6,26.6,26.6,26.8,26.9,26.7,26.7,26.7,26.7,26.8,26.7,26.7,26.8,26.7,26.7,26.6,26.7,26.6,26.7,26.9,26.8,26.6,26.7,26.6,26.9,26.7,26.8,26.9,26.7,26.8,26.7,26.9,26.8,26.8,26.8,26.7,26.8
234,27.2,27.1,27.1,27.1,27.4,27.1,27.1,27.2,27.3,26.9,27.2,27.3,27.2,27.2,27.1,27.1,27.3,27.2,27.3,27.6,27.3,27.3,27.3,27.2,27.3,27.2,27.3,27.1,27.1,27.3,27.2,27.1,27.3,27.3,27.4,27.4,27.4,27.3,27.3,27.2,27.1,27.2,27.1,27.3,26.9,27.1,27.1,27.2,27.1,27.2,27.1,27.0,27.1,27.1,26.9,26.9,27.1,27.0,27.0,26.9,26.7,26.8,26.9,26.7,26.7,26.8,26.7,26.5,26.4,26.2,26.1,26.0,26.1,25.9,25.9,26.0,25.7,26.0,25.8,25.7,25.6,25.7,25.7,25.8,25.7,25.7,25.7,25.7,25.7,25.6,25.7,25.8,25.5,25.5,25.5,25.5,25.7,25.7,26.2,26.2,26.3,26.4,26.5,26.4,26.4,26.5,26.4,26.5,26.4,26.4,26.4,26.6,26.6,26.7,26.6,26.6,26.7,26.6,26.6,26.6,26.6,26.6,26.5,26.8,26.7,26.6,26.7,26.6,26.8,26.7,26.5,26.6,26.6,26.6,26.6,26.6,26.6,26.6,26.5,26.6,26.8,26.6,26.7,26.7,26.5,26.6,26.6,26.6,26.8,26.6,26.6,26.6,26.6,26.7,26.6,26.6,26.7,26.7,26.7,26.8,26.6,26.8,26.6,26.7,26.8,26.8,26.8,26.8,26.8,26.8,26.7,26.6,26.7,26.7,26.8,26.8,26.8,26.8,26.8,26.7,26.7,26.7,26.8,26.8,26.7,26.9,26.8,26.9,26.9,26.8,26.6,26.9
235,27.3,27.1,27.4,27.2,27.2,27.4,27.2,27.3,27.2,27.1,27.2,27.3,27.3,27.2,27.1,27.3,27.2,27.4,27.3,27.2,27.2,27.4,27.1,27.3,27.4,27.3,27.3,27.2,27.1,27.4,27.3,27.4,27.3,27.2,27.5,27.2,27.3,27.1,27.2,27.1,27.2,27.2,27.2,27.2,27.0,27.2,27.1,27.1,27.0,27.2,27.0,27.1,27.0,27.1,27.0,27.1,26.8,26.7,26.8,27.0,27.1,26.7,26.8,26.9,26.7,26.7,26.6,26.5,26.2,26.2,26.2,26.2,25.9,26.1,25.9,25.8,25.9,25.8,25.8,25.9,25.8,25.7,25.9,26.0,25.7,25.8,25.7,25.7,25.6,25.7,25.6,25.6,25.6,25.7,25.7,25.6,25.6,25.9,26.0,26.1,26.3,26.3,26.5,26.4,26.5,26.4,26.5,26.4,26.4,26.6,26.4,26.5,26.4,26.5,26.5,26.5,26.7,26.6,26.5,26.6,26.6,26.6,26.6,26.6,26.6,26.6,26.6,26.6,26.6,26.7,26.7,26.7,26.7,26.8,26.6,26.6,26.6,26.8,26.8,26.8,26.7,26.7,26.7,26.6,26.7,26.8,26.6,26.6,26.7,26.8,26.6,26.8,26.7,26.8,26.7,26.6,26.9,26.7,26.7,26.6,26.7,26.6,26.7,26.9,26.7,26.8,26.8,26.8,26.9,26.8,26.8,26.9,26.9,26.7,26.8,26.8,26.8,26.9,26.6,26.8,26.6,26.6,26.7,26.8,26.8,26.9,27.0,26.8,26.9,27.0,26.7,26.9
236,27.1,27.0,27.2,27.3,27.2,27.2,27.2,27.1,27.4,27.2,27.2,27.5,27.4,27.2,27.2,27.1,27.2,27.3,27.2,27.2,27.2,27.3,27.4,27.1,27.3,27.3,27.5,27.3,27.3,27.2,27.2,27.3,27.3,27.3,27.2,27.2,27.4,27.1,27.3,27.2,27.3,27.3,27.2,27.1,27.1,27.1,26.9,27.1,27.1,27.1,27.1,27.0,26.9,27.1,27.0,27.0,27.0,27.0,26.9,27.0,27.0,26.7,26.9,26.7,27.0,26.9,26.6,26.6,26.6,26.2,26.1,26.2,26.1,26.2,26.0,25.9,26.0,26.0,26.0,26.1,26.1,25.9,25.7,25.9,25.8,25.8,25.9,25.9,25.8,25.8,25.8,25.6,25.8,25.8,25.7,25.6,25.6,25.8,26.1,26.2,26.4,26.4,26.5,26.5,26.4,26.6,26.4,26.4,26.5,26.6,26.7,26.3,26.6,26.4,26.7,26.6,26.4,26.5,26.7,26.7,26.7,26.5,26.6,26.7,26.6,26.6,26.6,26.6,26.6,26.7,26.6,26.4,26.6,26.6,26.6,26.6,26.7,26.8,26.5,26.5,26.6,26.7,26.7,26.5,26.6,26.8,26.7,26.7,26.7,26.6,26.6,26.7,26.6,26.8,26.7,26.5,26.8,26.7,26.7,26.6,26.6,26.8,26.7,26.8,26.7,26.6,26.7,26.6,26.9,26.7,26.7,26.8,26.8,26.6,26.8,26.7,26.7,26.7,26.7,26.8,26.7,26.8,26.7,26.9,26.8,26.7,26.9,26.7,26.8,26.7,26.7,27.0
237,27.3,27.1,27.1,27.2,27.1,27.2,27.3,27.1,27.1,27.3,27.1,27.4,27.3,27.2,27.1,27.1,27.0,27.1,27.1,27.1,27.1,27.2,27.2,27.1,27.1,27.2,27.1,27.1,27.2,27.1,27.3,27.2,26.9,27.3,27.1,27.2,27.1,27.2,27.1,27.2,27.2,27.1,27.0,27.1,27.0,27.1,26.9,27.1,27.0,27.0,27.1,27.1,26.9,27.0,26.9,27.0,26.9,27.0,26.8,26.7,26.8,26.8,26.8,26.8,26.6,26.7,26.7,26.6,26.4,26.1,26.1,26.0,26.2,26.1,25.9,26.1,25.9,26.0,26.0,25.9,25.9,25.8,25.9,26.0,25.8,25.8,25.8,25.9,25.9,25.8,25.6,25.8,25.6,25.7,25.7,25.7,25.6,25.8,26.2,26.1,26.3,26.4,26.4,26.4,26.6,26.5,26.4,26.5,26.6,26.4,26.5,26.6,26.6,26.5,26.5,26.5,26.6,26.7,26.7,26.7,26.6,26.6,26.6,26.8,26.6,26.6,26.5,26.5,26.7,26.6,26.5,26.6,26.6,26.7,26.6,26.6,26.6,26.6,26.7,26.6,26.5,26.7,26.7,26.6,26.8,26.8,26.6,26.7,26.7,26.6,26.8,26.6,26.8,26.7,26.7,26.6,26.9,26.6,26.7,26.6,26.6,26.7,26.6,26.9,26.8,26.9,26.7,26.6,26.8,26.8,26.7,26.7,26.7,26.7,26.8,26.7,26.9,26.8,26.6,26.9,26.7,26.6,26.8,26.8,26.7,26.8,26.8,26.8,26.8,26.6,26.5,26.9
238,27.2,27.1,27.1,27.2,27.2,27.3,27.0,27.3,27.2,27.0,27.2,27.3,27.2,27.3,27.1,27.1,27.1,27.1,27.4,27.3,27.3,27.3,27.1,27.2,27.2,27.1,27.2,27.3,27.2,27.1,27.2,27.1,27.3,27.2,27.3,27.2,27.1,27.3,27.1,27.2,27.2,27.2,27.2,27.2,27.1,27.1,27.1,26.9,27.1,27.1,27.1,26.9,26.9,26.9,26.9,26.9,26.9,27.0,26.9,26.9,26.9,26.9,26.8,26.7,26.8,26.8,26.7,26.4,26.5,26.3,26.2,26.0,25.9,26.1,26.0,26.0,26.1,25.9,26.0,25.8,25.8,25.9,26.1,25.8,25.9,25.8,25.9,25.7,25.9,25.8,25.7,25.6,25.7,25.7,25.6,25.7,25.6,25.7,26.0,26.3,26.4,26.4,26.4,26.4,26.4,26.4,26.6,26.5,26.4,26.4,26.5,26.6,26.4,26.6,26.6,26.6,26.7,26.5,26.6,26.7,26.7,26.7,26.5,26.4,26.6,26.8,26.6,26.6,26.7,26.7,26.5,26.7,26.6,26.7,26.6,26.6,26.7,26.6,26.6,26.6,26.6,26.7,26.6,26.6,26.7,26.6,26.8,26.7,26.6,26.7,26.7,26.7,26.6,26.9,26.6,26.7,26.6,26.6,26.7,26.8,26.7,26.7,26.8,26.8,26.8,26.8,26.8,26.7,26.7,26.7,26.8,26.7,26.8,26.8,26.9,26.7,26.9,26.7,26.8,26.8,26.7,26.7,26.8,26.6,26.9,26.7,26.8,26.8,26.8,26.9,26.8,26.9
239,27.3,27.1,27.1,27.2,27.2,27.1,27.2,27.3,27.2,27.2,27.1,27.4,27.1,27.3,27.3,27.1,27.1,27.3,27.3,27.1,27.2,27.2,27.1,27.2,27.1,27.3,27.1,27.1,27.2,27.3,27.4,27.2,27.1,27.2,27.2,27.1,27.0,27.0,27.1,27.3,27.2,26.9,27.1,27.1,27.0,27.1,27.1,27.1,27.1,27.1,27.0,27.0,27.0,27.0,26.9,26.8,26.8,26.7,26.8,26.9,26.8,26.8,26.7,26.7,26.6,26.8,26.7,26.5,26.3,26.3,26.1,26.2,26.2,26.2,26.2,26.1,26.1,26.0,26.1,25.9,26.1,26.0,25.8,26.0,25.8,25.7,25.9,25.8,25.7,25.8,25.6,25.8,25.8,25.6,25.7,25.6,25.7,25.7,26.1,26.4,26.4,26.3,26.6,26.4,26.6,26.5,26.5,26.6,26.5,26.5,26.5,26.4,26.6,26.6,26.4,26.6,26.4,26.4,26.6,26.7,26.5,26.6,26.7,26.6,26.5,26.5,26.5,26.6,26.6,26.7,26.6,26.5,26.6,26.6,26.7,26.7,26.5,26.5,26.6,26.7,26.6,26.6,26.6,26.7,26.6,26.5,26.7,26.5,26.5,26.6,26.6,26.8,26.7,26.4,26.6,26.6,26.7,26.7,26.6,26.7,26.7,26.7,26.6,26.8,26.6,26.6,26.7,26.6,26.6,26.9,26.7,26.8,26.6,26.7,26.5,26.8,26.6,26.8,26.8,26.9,26.6,26.9,26.9,27.0,26.8,26.6,27.0,26.9,26.9,26.8,26.9,26.8
240,27.2,27.1,27.3,27.2,27.1,27.1,27.3,27.2,27.2,27.1,27.1,27.2,27.4,27.3,27.1,27.3,27.1,27.2,27.1,27.1,27.0,27.4,27.4,27.1,27.1,27.1,27.1,27.1,27.3,27.2,27.2,27.1,27.1,27.1,27.2,27.3,27.1,27.2,27.1,27.3,27.1,27.2,27.2,27.2,27.1,27.1,27.1,27.0,27.1,27.0,27.2,27.0,26.9,27.0,26.9,27.0,26.9,26.9,26.8,26.9,27.0,26.9,26.9,26.8,26.9,26.5,26.7,26.5,26.2,26.2,26.3,26.1,26.2,26.2,26.1,26.1,26.2,26.0,26.1,26.2,26.0,25.8,25.8,25.9,25.9,25.9,25.9,26.0,25.8,25.8,25.9,25.9,25.9,25.6,25.5,25.6,25.6,25.8,26.0,26.3,26.4,26.3,26.4,26.3,26.4,26.3,26.4,26.5,26.6,26.4,26.4,26.5,26.5,26.5,26.4,26.5,26.5,26.5,26.5,26.7,26.6,26.5,26.5,26.4,26.5,26.5,26.5,26.7,26.5,26.6,26.6,26.5,26.6,26.6,26.7,26.6,26.6,26.6,26.7,26.6,26.4,26.6,26.7,26.6,26.6,26.6,26.6,26.6,26.8,26.7,26.6,26.6,26.7,26.6,26.7,26.7,26.7,26.7,26.7,26.7,26.4,26.6,26.6,26.7,26.8,26.5,26.6,26.9,26.6,26.6,26.6,26.6,26.7,26.9,26.6,26.6,26.8,26.9,26.7,26.8,26.8,26.8,26.8,26.9,26.6,26.6,26.7,26.9,26.6,26.7,26.7,27.0
241,27.0,27.2,27.1,27.1,27.1,27.1,27.1,27.0,27.2,27.1,27.2,27.1,27.2,26.9,27.1,27.2,27.2,27.2,26.9,27.1,27.2,27.1,27.3,27.2,27.2,27.1,27.1,27.3,27.1,27.2,27.1,27.1,27.0,27.1,27.1,27.2,27.2,27.1,26.9,27.0,27.1,26.9,27.1,27.0,27.1,26.9,27.1,27.1,26.9,26.9,26.9,26.8,26.8,27.0,27.0,27.0,26.9,26.9,27.0,26.8,26.9,26.7,26.7,26.8,26.7,26.6,26.5,26.6,26.4,26.2,26.2,25.9,26.0,26.2,26.1,26.0,26.1,25.9,25.9,25.9,25.9,26.0,26.1,25.9,25.9,25.6,25.9,25.6,25.9,25.8,25.7,25.6,25.7,25.5,25.7,25.7,25.7,25.7,26.1,26.1,26.3,26.3,26.5,26.4,26.4,26.3,26.4,26.6,26.4,26.5,26.4,26.5,26.3,26.5,26.6,26.5,26.5,26.4,26.6,26.4,26.5,26.4,26.3,26.7,26.4,26.4,26.6,26.5,26.6,26.6,26.6,26.4,26.7,26.6,26.5,26.7,26.6,26.7,26.5,26.7,26.4,26.6,26.4,26.5,26.6,26.5,26.6,26.5,26.5,26.7,26.7,26.6,26.6,26.7,26.6,26.7,26.6,26.4,26.7,26.6,26.7,26.6,26.8,26.6,26.6,26.5,26.4,26.6,26.8,26.7,26.8,26.6,26.7,26.8,26.7,26.7,26.9,26.6,26.9,26.9,26.7,26.7,26.7,26.9,26.8,26.7,26.8,26.7,26.6,26.9,26.6,26.8
242,27.2,27.1,27.2,27.3,27.2,27.2,27.1,27.1,27.1,27.0,27.2,27.1,27.2,27.2,27.1,27.2,27.3,27.1,27.2,27.2,27.1,27.3,27.1,27.1,27.1,27.1,27.0,27.1,27.2,27.2,27.2,27.2,27.1,27.2,27.3,27.1,27.2,27.2,27.1,27.1,27.0,27.2,27.1,27.1,27.1,26.9,27.0,27.0,27.0,27.1,27.0,27.1,26.9,26.9,27.0,26.9,27.0,26.9,26.8,26.9,26.6,26.6,26.8,26.8,26.7,26.5,26.7,26.5,26.5,26.1,26.0,26.1,26.1,25.9,26.0,26.0,25.9,25.9,25.9,26.1,25.9,26.0,25.8,25.9,25.9,25.8,25.8,25.7,25.7,25.9,25.7,25.8,25.8,25.8,25.7,25.6,25.5,25.9,26.2,26.0,26.3,26.3,26.4,26.3,26.2,26.5,26.4,26.4,26.4,26.5,26.5,26.6,26.4,26.5,26.6,26.6,26.6,26.6,26.5,26.6,26.6,26.6,26.6,26.5,26.5,26.6,26.5,26.5,26.5,26.6,26.5,26.5,26.6,26.6,26.6,26.6,26.7,26.5,26.4,26.6,26.6,26.4,26.7,26.5,26.5,26.6,26.6,26.7,26.6,26.7,26.6,26.7,26.6,26.7,26.7,26.6,26.7,26.6,26.7,26.5,26.4,26.6,26.6,26.7,26.6,26.5,26.7,26.6,26.8,26.7,26.6,26.9,26.8,26.8,26.8,26.6,26.7,26.8,26.7,26.9,26.8,26.7,26.9,26.9,26.9,26.8,26.9,26.8,26.6,26.8,26.8,26.7
243,27.1,27.1,27.1,27.0,27.0,27.0,27.1,27.2,27.1,27.2,27.1,27.1,27.1,27.1,27.1,27.1,27.0,27.3,27.2,27.1,27.3,27.2,27.2,27.1,27.3,27.1,27.0,27.1,27.1,27.1,27.1,27.3,27.1,27.1,27.1,27.1,27.1,27.1,27.1,27.1,27.0,27.1,27.1,27.1,27.1,27.2,27.1,26.9,26.9,27.1,26.9,26.9,26.9,27.0,26.9,26.8,26.8,27.0,26.9,26.8,26.7,26.9,26.8,26.9,26.7,26.7,26.8,26.6,26.4,26.3,26.2,26.2,26.1,26.0,26.0,26.1,26.2,26.1,26.0,26.0,26.0,25.9,25.9,25.9,25.8,25.7,25.9,25.8,25.8,25.7,25.8,25.5,25.9,25.9,25.5,25.5,25.7,25.7,25.9,26.2,26.2,26.4,26.3,26.3,26.5,26.4,26.2,26.4,26.4,26.4,26.4,26.3,26.5,26.5,26.5,26.4,26.5,26.4,26.6,26.7,26.6,26.4,26.5,26.6,26.5,26.4,26.6,26.5,26.5,26.6,26.4,26.4,26.6,26.4,26.4,26.6,26.5,26.5,26.6,26.5,26.6,26.6,26.7,26.6,26.4,26.5,26.6,26.6,26.9,26.4,26.5,26.6,26.6,26.6,26.6,26.5,26.7,26.6,26.6,26.5,26.6,26.5,26.6,26.6,26.6,26.6,26.6,26.6,26.8,26.6,26.6,26.6,26.7,26.8,26.8,26.7,26.7,26.6,26.7,26.8,26.6,26.8,26.6,26.7,26.7,26.5,26.7,26.8,26.9,26.7,26.7,26.9
244,27.1,27.2,27.2,27.1,27.1,27.3,27.2,27.0,27.1,27.1,27.2,27.0,27.2,27.3,27.1,27.4,27.2,27.1,27.1,27.1,27.1,27.5,27.1,27.2,27.1,27.1,27.1,27.0,27.1,27.1,27.1,27.2,27.0,27.3,27.0,27.2,27.2,27.0,27.0,27.0,27.3,26.9,27.1,27.1,27.0,27.0,26.9,27.0,27.1,26.8,26.8,27.0,27.1,27.0,26.8,26.9,26.9,26.9,26.9,26.8,26.8,26.6,26.7,26.7,26.6,26.7,26.9,26.5,26.2,26.3,26.1,26.1,26.0,26.1,26.2,26.3,25.9,26.0,25.9,25.9,25.9,25.8,25.8,26.0,25.7,25.7,25.9,25.8,25.7,25.7,25.7,25.7,25.6,25.8,25.6,25.7,25.6,25.7,26.1,26.1,26.3,26.4,26.2,26.4,26.3,26.5,26.4,26.5,26.5,26.4,26.3,26.2,26.4,26.4,26.6,26.4,26.6,26.6,26.4,26.5,26.6,26.5,26.4,26.5,26.4,26.5,26.6,26.6,26.5,26.3,26.5,26.5,26.5,26.4,26.5,26.6,26.5,26.5,26.4,26.6,26.6,26.6,26.6,26.6,26.4,26.4,26.5,26.4,26.5,26.5,26.6,26.7,26.6,26.7,26.7,26.5,26.5,26.5,26.7,26.6,26.5,26.7,26.4,26.7,26.6,26.7,26.6,26.6,26.7,26.6,26.6,26.6,26.6,26.7,26.7,26.7,26.8,26.8,26.7,26.5,26.7,26.8,26.7,26.8,26.6,26.6,26.6,26.7,26.8,26.6,26.9,26.7
245,27.1,27.0,27.1,27.1,27.1,27.0,27.1,27.0,27.2,27.0,27.1,27.3,27.2,26.9,26.9,27.1,27.0,27.1,27.2,27.1,27.2,27.1,27.1,27.0,27.0,27.0,27.1,27.1,27.1,27.1,27.1,27.2,27.0,27.1,27.0,26.9,27.0,27.0,27.1,27.2,27.3,27.0,26.9,26.8,26.9,27.0,27.1,26.9,26.9,27.1,27.0,26.9,26.9,27.0,26.9,27.0,27.0,27.0,27.0,26.8,26.6,26.7,26.9,26.8,26.7,26.6,26.6,26.6,26.5,26.4,26.2,26.2,26.0,26.0,25.9,25.8,26.1,25.9,26.0,26.0,26.0,26.0,25.7,25.9,25.8,25.8,25.8,25.7,25.6,25.8,25.8,25.7,25.6,25.5,25.6,25.5,25.7,25.8,26.0,26.2,26.3,26.3,26.3,26.6,26.3,26.5,26.2,26.5,26.4,26.5,26.3,26.3,26.2,26.4,26.4,26.6,26.4,26.5,26.6,26.4,26.4,26.4,26.5,26.5,26.6,26.6,26.6,26.4,26.4,26.5,26.5,26.3,26.5,26.3,26.4,26.4,26.5,26.6,26.6,26.6,26.4,26.4,26.4,26.3,26.5,26.4,26.5,26.7,26.5,26.6,26.5,26.5,26.6,26.6,26.5,26.6,26.7,26.4,26.6,26.6,26.4,26.6,26.5,26.5,26.5,26.6,26.7,26.6,26.5,26.7,26.4,26.6,26.7,26.6,26.7,26.7,26.8,26.5,26.6,26.8,26.6,26.6,26.6,26.6,26.8,26.7,26.7,26.8,26.8,26.8,26.7,27.0
246,26.9,27.0,27.1,27.3,26.9,27.0,27.2,27.0,27.2,27.2,27.0,27.1,27.0,27.0,27.0,27.2,27.1,27.0,27.0,27.1,27.1,27.0,27.2,26.9,27.1,26.9,26.8,27.3,27.1,27.1,27.0,27.0,27.0,26.8,27.1,27.1,27.0,27.1,26.9,27.0,27.0,26.9,27.0,26.9,26.9,27.1,26.9,26.9,27.1,27.1,27.1,27.0,26.9,26.9,26.9,26.9,27.0,26.7,26.8,26.6,26.7,26.9,26.7,26.6,26.6,26.7,26.8,26.6,26.3,26.3,26.3,26.0,26.1,26.1,26.2,26.1,26.1,26.2,26.1,26.0,25.8,26.1,25.9,25.7,26.0,25.8,25.8,25.9,25.7,25.7,25.5,25.7,25.7,25.6,25.5,25.5,25.6,25.9,26.1,26.2,26.3,26.3,26.4,26.1,26.4,26.3,26.4,26.2,26.4,26.4,26.5,26.3,26.4,26.4,26.4,26.4,26.4,26.4,26.4,26.4,26.4,26.5,26.3,26.6,26.4,26.5,26.5,26.5,26.5,26.5,26.4,26.5,26.5,26.5,26.4,26.4,26.3,26.3,26.3,26.6,26.4,26.6,26.4,26.5,26.3,26.6,26.4,26.5,26.6,26.4,26.5,26.6,26.6,26.5,26.6,26.6,26.6,26.4,26.7,26.6,26.6,26.4,26.5,26.5,26.6,26.6,26.6,26.6,26.6,26.6,26.5,26.6,26.6,26.7,26.6,26.6,26.6,26.6,26.6,26.7,26.6,26.7,26.7,26.7,26.8,26.6,26.7,26.8,26.8,26.7,26.9,26.9
247,27.0,26.9,27.0,27.1,27.0,26.9,27.0,26.9,26.9,27.1,27.2,27.0,27.0,27.0,27.0,27.1,27.1,27.1,27.1,27.2,27.0,27.1,27.0,27.0,27.1,27.0,27.0,27.0,26.9,27.1,27.0,26.9,27.0,27.0,26.9,26.9,26.8,27.0,27.0,27.1,27.0,27.1,26.9,27.0,27.0,26.9,26.9,26.9,26.9,26.9,27.0,26.8,26.8,27.0,26.9,26.8,26.8,27.0,26.9,27.0,26.7,26.7,26.7,26.7,26.9,26.6,26.5,26.4,26.4,26.4,26.1,26.2,26.1,26.0,26.0,26.2,26.1,25.8,25.9,26.1,25.8,25.8,26.0,25.8,25.7,25.6,25.8,25.6,25.7,25.7,25.6,25.5,25.7,25.6,25.6,25.5,25.6,25.9,26.3,26.2,26.3,26.2,26.3,26.2,26.2,26.4,26.2,26.3,26.2,26.4,26.4,26.2,26.3,26.5,26.4,26.3,26.4,26.3,26.4,26.4,26.4,26.5,26.4,26.4,26.4,26.4,26.3,26.4,26.3,26.4,26.3,26.4,26.5,26.2,26.5,26.5,26.2,26.6,26.4,26.4,26.5,26.6,26.4,26.4,26.4,26.5,26.6,26.6,26.4,26.5,26.5,26.4,26.4,26.5,26.5,26.4,26.5,26.6,26.5,26.6,26.4,26.4,26.6,26.6,26.4,26.5,26.6,26.6,26.8,26.6,26.4,26.6,26.5,26.5,26.6,26.8,26.5,26.8,26.6,26.7,26.5,26.6,26.6,26.6,26.7,26.7,26.8,26.8,26.7,26.6,26.7,26.7
248,27.1,27.1,27.0,27.1,27.0,27.1,27.1,27.1,27.1,27.1,27.2,27.1,27.2,27.0,27.1,27.0,27.0,27.1,26.9,27.1,27.0,27.1,27.1,27.0,27.1,26.9,26.8,26.9,27.1,27.1,26.9,26.9,27.2,26.9,27.1,27.0,27.0,27.0,26.9,27.1,27.1,27.0,26.8,26.9,26.9,27.0,26.8,27.0,26.9,27.0,26.9,26.9,26.8,26.9,26.7,26.9,26.8,26.9,27.0,26.6,26.9,26.6,26.7,26.6,26.7,26.6,26.4,26.6,26.5,26.4,26.3,26.4,26.3,26.1,26.2,26.0,26.1,26.0,26.0,25.8,25.9,25.9,25.7,25.6,25.7,25.7,25.7,25.7,25.5,25.7,25.7,25.6,25.8,25.8,25.9,25.8,25.9,26.1,26.4,26.3,26.3,26.4,26.4,26.3,26.3,26.3,26.3,26.3,26.3,26.4,26.4,26.3,26.4,26.4,26.3,26.4,26.4,26.4,26.4,26.4,26.5,26.4,26.4,26.4,26.4,26.4,26.4,26.5,26.4,26.4,26.5,26.4,26.5,26.3,26.3,26.3,26.4,26.4,26.4,26.6,26.4,26.4,26.5,26.5,26.4,26.5,26.3,26.3,26.4,26.5,26.5,26.6,26.6,26.6,26.6,26.6,26.5,26.6,26.5,26.6,26.5,26.6,26.3,26.7,26.4,26.5,26.4,26.6,26.6,26.7,26.7,26.6,26.6,26.5,26.5,26.6,26.8,26.5,26.6,26.8,26.7,26.6,26.6,26.6,26.6,26.8,26.8,26.8,26.6,26.8,26.7,27.0
249,26.9,27.0,27.0,27.2,27.0,27.1,27.1,26.9,27.1,27.0,27.1,27.1,27.0,26.9,27.0,27.0,27.1,27.1,27.1,26.9,27.1,27.0,26.9,27.1,27.0,27.0,27.0,26.9,26.9,26.8,27.1,27.1,26.9,27.0,26.9,27.1,26.9,27.1,26.9,26.8,27.1,27.0,26.9,27.1,26.8,27.0,27.0,26.8,26.8,26.7,26.9,26.9,26.8,26.9,26.9,26.9,26.7,26.6,26.6,26.8,26.8,26.9,26.7,26.6,26.6,26.7,26.6,26.5,26.3,26.4,26.3,26.3,26.1,26.2,26.2,26.2,26.2,26.0,26.0,26.1,26.0,26.0,25.9,26.0,25.7,25.7,25.6,25.6,25.6,25.8,25.7,25.8,25.8,25.8,25.8,26.0,26.0,26.3,26.2,26.2,26.3,26.2,26.4,26.3,26.3,26.4,26.4,26.3,26.3,26.3,26.3,26.3,26.4,26.3,26.4,26.4,26.4,26.3,26.3,26.3,26.2,26.3,26.3,26.2,26.3,26.4,26.4,26.2,26.5,26.3,26.4,26.3,26.2,26.2,26.5,26.3,26.2,26.4,26.1,26.4,26.2,26.3,26.5,26.5,26.5,26.3,26.4,26.3,26.4,26.4,26.4,26.3,26.4,26.5,26.4,26.4,26.4,26.4,26.4,26.6,26.6,26.5,26.4,26.6,26.6,26.6,26.4,26.5,26.7,26.7,26.4,26.7,26.6,26.6,26.4,26.4,26.5,26.6,26.7,26.6,26.7,26.8,26.7,26.5,26.9,26.7,26.8,26.6,26.7,26.7,26.7,26.8
250,27.0,27.1,27.2,27.0,27.1,27.0,27.0,27.0,27.2,27.1,26.8,27.1,27.1,26.9,27.0,27.2,27.0,27.0,27.1,26.9,27.1,27.0,27.1,27.1,27.1,26.8,26.9,27.1,26.9,27.0,27.1,27.0,26.7,27.0,26.9,27.0,26.8,26.8,26.8,27.0,27.0,26.9,27.0,26.7,26.9,26.9,26.9,26.8,26.9,26.7,26.8,26.9,26.8,26.8,27.0,26.6,26.6,26.8,26.7,26.6,26.6,26.7,26.7,26.6,26.6,26.6,26.6,26.5,26.3,26.2,26.3,26.3,26.2,26.3,26.1,26.0,26.2,26.0,26.0,25.9,25.9,25.7,25.9,25.9,25.7,25.8,25.7,25.6,25.7,25.8,25.9,26.0,26.0,26.1,26.0,26.2,26.1,26.2,26.3,26.2,26.4,26.3,26.2,26.3,26.3,26.2,26.4,26.3,26.2,26.2,26.2,26.4,26.2,26.3,26.2,26.3,26.3,26.4,26.4,26.4,26.1,26.3,26.1,26.3,26.3,26.3,26.4,26.2,26.4,26.3,26.2,26.2,26.1,26.4,26.3,26.1,26.5,26.3,26.3,26.4,26.4,26.4,26.4,26.3,26.3,26.4,26.5,26.4,26.6,26.4,26.4,26.4,26.5,26.4,26.4,26.4,26.6,26.5,26.5,26.5,26.3,26.4,26.4,26.5,26.4,26.5,26.6,26.4,26.6,26.3,26.6,26.5,26.6,26.4,26.5,26.5,26.6,26.6,26.7,26.7,26.7,26.8,26.7,26.6,26.7,26.7,26.7,26.7,26.6,26.8,26.7,26.8
251,26.9,27.0,26.9,26.9,26.9,27.1,27.0,27.0,27.0,27.2,27.1,27.1,26.9,27.1,27.0,27.1,26.9,26.9,27.1,27.2,27.2,26.9,27.2,26.9,27.0,26.9,26.9,27.1,27.1,26.9,27.0,27.0,27.1,26.9,27.1,26.8,26.9,26.9,26.9,27.0,27.0,26.7,27.0,27.0,26.9,26.9,26.9,26.8,26.9,26.9,26.7,26.8,26.9,26.9,26.9,26.8,26.7,26.7,26.7,26.6,26.6,26.6,26.5,26.5,26.5,26.6,26.5,26.4,26.6,26.3,26.5,26.4,26.3,26.4,26.1,26.2,26.0,26.2,25.9,25.8,25.9,26.0,25.8,25.8,25.7,25.6,25.7,25.7,25.5,26.0,26.1,25.8,26.1,26.0,25.9,26.0,26.2,26.2,26.0,26.2,26.4,26.2,26.3,26.3,26.2,26.2,26.4,26.2,26.3,26.2,26.4,26.3,26.1,26.4,26.2,26.1,26.2,26.3,26.3,26.1,26.2,26.2,26.3,26.2,26.3,26.2,26.3,26.3,26.3,26.4,26.1,26.3,26.3,26.3,26.2,26.2,26.2,26.4,26.2,26.2,26.4,26.4,26.5,26.2,26.4,26.2,26.3,26.4,26.3,26.3,26.3,26.4,26.4,26.4,26.5,26.4,26.5,26.4,26.5,26.5,26.4,26.2,26.3,26.5,26.6,26.4,26.6,26.3,26.6,26.6,26.6,26.7,26.5,26.7,26.5,26.6,26.6,26.5,26.5,26.6,26.5,26.6,26.3,26.6,26.6,26.4,26.8,26.6,26.6,26.7,26.6,26.8
252,26.9,27.0,27.2,27.1,27.2,27.0,27.1,27.1,27.0,27.1,26.9,26.9,27.1,27.0,27.0,27.0,27.0,27.1,27.0,27.0,26.8,27.0,27.1,26.8,27.1,26.9,27.0,27.0,27.0,26.9,26.9,26.9,26.9,26.9,26.9,26.9,27.0,26.9,26.9,26.9,27.0,26.9,26.9,26.9,26.8,26.9,26.9,26.7,27.0,26.8,26.8,26.9,26.7,26.8,26.7,26.9,26.7,26.7,26.7,26.7,26.6,26.7,26.5,26.6,26.5,26.6,26.3,26.4,26.2,26.3,26.3,26.2,26.2,26.2,26.2,26.2,26.1,26.0,25.9,25.9,25.9,25.8,25.7,25.7,25.7,25.5,25.7,25.5,25.6,25.9,25.7,25.9,25.8,26.0,26.0,25.9,26.1,26.0,26.2,26.1,26.1,26.2,26.2,26.1,26.1,26.2,26.1,26.2,26.2,26.2,26.1,26.2,26.1,26.0,26.2,26.1,26.3,26.1,26.2,26.2,26.2,26.2,26.0,26.2,26.1,26.3,26.0,26.3,26.1,26.1,26.2,26.1,26.2,26.1,26.2,26.1,26.2,26.3,26.0,26.2,26.2,26.3,26.3,26.2,26.0,26.2,26.4,26.3,26.4,26.4,26.4,26.2,26.4,26.4,26.3,26.2,26.5,26.3,26.5,26.4,26.4,26.6,26.6,26.6,26.5,26.4,26.4,26.5,26.5,26.5,26.4,26.5,26.6,26.7,26.7,26.8,26.6,26.7,26.6,26.7,26.5,26.6,26.5,26.6,26.6,26.5,26.6,26.5,26.5,26.7,26.7,26.7
253,26.9,27.1,27.1,27.0,27.0,27.1,26.9,26.9,27.0,27.0,27.1,26.9,27.0,27.1,27.1,27.0,26.9,27.1,26.8,26.9,26.9,26.9,27.0,26.8,26.9,27.0,26.7,26.9,27.0,26.8,26.9,26.8,26.9,26.8,27.0,26.7,26.9,26.9,26.9,26.9,26.9,26.7,26.9,26.9,26.7,26.8,26.7,26.7,26.8,26.8,26.8,26.8,26.7,26.7,26.7,26.7,26.7,26.6,26.6,26.6,26.7,26.6,26.5,26.6,26.3,26.5,26.4,26.4,26.4,26.4,26.1,26.2,26.2,26.2,26.1,26.2,26.1,26.1,25.8,25.8,25.8,25.7,25.8,25.7,25.6,25.7,25.5,25.7,25.5,26.0,26.0,26.0,26.0,25.9,26.2,25.9,26.1,26.2,26.1,26.3,26.1,26.1,26.1,26.0,26.3,26.2,26.1,26.1,26.2,26.2,26.1,26.2,26.2,26.1,26.0,26.1,26.2,26.0,26.2,26.0,26.2,26.2,26.1,26.2,26.2,26.1,26.3,26.1,26.2,26.2,26.2,26.2,26.2,26.2,26.1,26.2,26.1,26.2,26.3,26.2,26.2,26.2,26.2,26.2,26.2,26.3,26.1,26.4,26.4,26.2,26.2,26.3,26.3,26.4,26.3,26.3,26.3,26.4,26.5,26.4,26.4,26.2,26.4,26.4,26.5,26.3,26.4,26.4,26.5,26.5,26.5,26.6,26.6,26.5,26.5,26.6,26.7,26.5,26.5,26.5,26.3,26.6,26.7,26.4,26.7,26.6,26.5,26.8,26.5,26.7,26.6,26.7
254,27.1,27.0,26.9,27.1,27.0,26.9,27.1,27.1,27.1,26.9,26.8,27.1,27.0,26.9,26.9,27.0,26.8,27.0,26.8,27.1,26.7,26.9,26.9,26.8,26.9,26.7,26.9,26.8,26.9,26.9,27.0,26.8,26.8,26.6,27.0,26.9,26.9,26.8,26.8,26.8,26.6,26.7,26.9,26.9,26.8,26.6,26.7,26.8,26.8,26.8,26.7,26.7,26.7,26.7,26.6,26.7,26.6,26.6,26.5,26.8,26.6,26.5,26.4,26.7,26.6,26.4,26.5,26.4,26.2,26.2,26.3,26.4,26.2,26.2,26.2,26.2,26.1,25.9,25.9,26.0,25.8,25.7,25.6,25.7,25.7,25.6,25.7,25.5,25.6,25.7,26.0,25.9,26.1,26.0,26.0,26.1,26.1,26.1,26.0,26.0,26.1,26.2,26.2,26.1,26.4,26.2,26.0,26.2,26.2,26.2,26.2,26.1,26.0,25.9,26.1,26.1,26.1,26.3,26.1,26.0,26.2,26.2,26.2,26.2,26.1,26.3,26.1,26.2,26.1,26.2,26.2,26.1,26.2,26.3,26.2,26.2,26.1,26.3,26.3,26.1,26.1,26.1,26.0,26.1,26.1,26.3,26.2,26.2,26.3,26.2,26.3,26.4,26.3,26.3,26.2,26.4,26.3,26.1,26.4,26.3,26.2,26.3,26.5,26.4,26.4,26.3,26.1,26.3,26.3,26.6,26.4,26.4,26.4,26.7,26.8,26.3,26.5,26.5,26.4,26.6,26.6,26.6,26.5,26.7,26.5,26.6,26.6,26.8,26.6,26.6,26.6,26.7
255,26.8,27.1,27.1,27.0,27.0,27.0,27.1,27.0,26.9,26.8,26.9,26.9,26.9,26.9,26.9,27.1,26.8,27.0,26.8,26.9,26.8,26.9,27.1,26.8,26.8,26.9,26.9,26.9,26.8,26.9,26.6,26.8,26.9,27.0,26.9,26.8,26.9,26.7,26.7,26.9,26.7,26.6,26.8,26.8,26.8,26.7,26.9,26.8,26.7,26.9,26.8,26.8,26.7,26.8,26.9,26.7,26.8,26.7,26.6,26.7,26.6,26.5,26.5,26.5,26.5,26.5,26.3,26.2,26.5,26.2,26.2,26.2,26.2,26.2,26.2,26.1,26.2,25.9,26.2,25.9,25.8,25.8,25.5,25.7,25.6,25.4,25.7,25.6,25.7,26.0,26.0,26.0,26.0,26.1,26.1,26.2,26.2,26.1,25.9,26.2,26.0,26.2,26.3,26.4,26.0,26.3,26.0,26.1,26.2,26.0,26.1,26.0,26.2,26.2,26.2,26.2,26.1,26.2,26.1,26.1,26.3,26.0,26.0,25.9,26.0,26.3,26.2,26.1,26.2,26.2,26.1,26.1,26.2,26.2,26.2,26.0,26.0,26.2,25.9,26.2,26.2,26.3,26.3,26.0,26.3,26.1,26.3,26.3,26.3,26.2,26.4,26.3,26.4,26.3,26.4,26.3,26.3,26.4,26.4,26.3,26.4,26.3,26.3,26.3,26.2,26.5,26.4,26.5,26.5,26.5,26.3,26.5,26.5,26.5,26.5,26.8,26.6,26.7,26.6,26.7,26.4,26.8,26.5,26.6,26.8,26.7,26.7,26.8,26.6,26.6,26.7,26.8
