文件路径:,C:\Users\23589\Desktop\物理实验竞赛\实验数据（黑胶带版）\case13_香橙派5Pro裸板_满负载\data\HM20260727170336.csv
源热像文件:,C:\Users\23589\Desktop\物理实验竞赛\实验数据（黑胶带版）\case13_香橙派5Pro裸板_满负载\photo\HM20260727170336.jpeg

测温单位,摄氏度
图像宽度,192
图像高度,256

全局
统计:,,平均值:,27.4
,,最小值:,25.9
,,最大值:,31.3

坐标Y\X,0,1,2,3,4,5,6,7,8,9,10,11,12,13,14,15,16,17,18,19,20,21,22,23,24,25,26,27,28,29,30,31,32,33,34,35,36,37,38,39,40,41,42,43,44,45,46,47,48,49,50,51,52,53,54,55,56,57,58,59,60,61,62,63,64,65,66,67,68,69,70,71,72,73,74,75,76,77,78,79,80,81,82,83,84,85,86,87,88,89,90,91,92,93,94,95,96,97,98,99,100,101,102,103,104,105,106,107,108,109,110,111,112,113,114,115,116,117,118,119,120,121,122,123,124,125,126,127,128,129,130,131,132,133,134,135,136,137,138,139,140,141,142,143,144,145,146,147,148,149,150,151,152,153,154,155,156,157,158,159,160,161,162,163,164,165,166,167,168,169,170,171,172,173,174,175,176,177,178,179,180,181,182,183,184,185,186,187,188,189,190,191
0,26.8,26.9,27.1,27.0,27.0,27.0,27.1,26.9,26.9,27.1,27.0,27.0,27.1,27.1,27.0,27.1,27.1,26.9,26.9,27.0,26.9,27.0,27.0,27.0,27.0,26.9,27.0,27.1,27.2,27.1,27.0,27.1,27.0,27.2,27.1,27.1,27.1,27.0,27.1,27.1,27.2,27.1,27.1,27.2,27.1,27.1,27.1,27.1,27.0,27.1,27.2,27.2,27.1,27.1,27.2,27.1,27.3,27.0,27.2,27.2,27.1,27.1,27.2,27.1,27.3,27.2,27.2,27.2,27.1,27.2,27.2,27.3,27.1,27.2,27.2,27.2,27.1,27.2,27.2,27.3,27.1,27.3,27.1,27.1,27.2,27.1,27.2,27.1,27.2,27.0,27.1,27.1,27.2,27.3,27.2,27.3,27.2,27.2,27.1,27.2,27.2,27.1,27.1,27.3,27.1,27.1,27.2,27.0,27.2,27.1,27.0,27.0,27.2,27.3,27.1,27.2,27.2,27.3,27.1,27.1,26.9,27.1,27.1,27.3,27.2,27.1,27.2,27.1,27.1,27.2,27.1,27.2,27.1,27.1,27.2,27.1,27.1,26.9,27.0,27.1,27.1,27.0,27.1,27.1,27.1,27.0,27.1,27.2,27.1,27.2,27.2,27.1,27.1,26.9,27.1,27.0,27.1,27.0,27.0,27.2,27.1,27.0,26.9,27.0,27.1,27.1,27.1,26.9,26.9,27.1,27.1,27.1,27.0,27.2,27.0,27.0,27.1,26.9,26.9,27.0,26.9,27.1,27.1,27.0,27.1,26.9,26.9,26.9,26.8,27.1,27.1,27.2
1,26.8,26.9,27.0,26.9,27.0,26.8,26.8,26.9,26.8,26.9,26.9,27.0,26.8,26.9,27.0,26.9,27.1,26.9,26.9,27.0,27.0,26.9,27.0,27.1,27.0,27.2,26.9,27.1,27.0,27.1,26.9,27.0,27.0,27.1,27.1,27.2,27.0,27.2,27.2,27.1,27.1,27.0,27.1,27.1,27.2,27.2,27.2,27.3,27.0,27.1,27.0,27.1,26.9,27.1,26.9,27.0,27.1,27.1,27.1,27.0,27.1,27.1,27.1,27.0,27.1,27.0,27.0,27.2,26.9,27.2,27.0,27.1,27.1,27.0,27.1,27.2,27.1,27.0,27.0,27.3,27.1,27.1,27.2,27.1,27.1,27.0,27.0,27.2,27.1,27.3,27.1,27.1,27.2,27.2,27.1,27.1,27.0,27.3,27.1,27.1,27.2,27.1,27.3,27.0,27.3,27.0,27.2,27.1,27.2,27.1,27.1,27.1,27.1,27.1,27.0,27.1,27.0,27.1,27.3,27.1,27.1,27.1,27.1,27.1,27.0,27.0,27.0,27.1,27.1,27.2,27.1,27.1,27.0,27.0,27.1,27.2,27.1,27.0,27.2,27.0,26.9,27.0,27.1,27.1,27.0,27.0,27.2,27.0,27.0,27.1,27.1,27.1,26.9,27.1,27.1,26.9,27.1,27.1,27.1,27.1,26.9,26.9,27.1,26.9,27.0,27.1,27.2,27.2,26.9,27.2,27.1,27.1,27.1,27.0,27.0,26.9,27.0,26.9,27.1,27.0,27.0,27.0,26.9,27.1,27.0,26.9,27.1,27.1,27.1,26.9,27.3,27.0
2,27.0,26.9,26.9,27.1,26.9,26.9,27.0,27.0,27.0,26.9,27.0,27.0,26.7,26.9,27.0,27.0,26.9,27.1,27.1,27.0,27.0,26.9,27.1,27.0,27.0,27.1,27.0,26.9,27.1,27.1,27.1,27.1,27.1,27.1,27.2,27.2,27.0,27.1,27.1,27.1,27.1,27.1,27.1,27.0,27.1,27.1,27.3,27.1,27.1,27.1,27.1,27.3,27.2,27.2,27.0,27.1,27.1,27.0,27.1,27.2,27.1,27.1,27.1,27.1,27.1,26.9,27.0,27.0,27.2,27.1,27.1,27.1,27.2,27.1,27.1,27.3,27.0,27.3,27.2,27.1,26.9,27.3,27.1,27.0,27.1,27.1,27.2,27.1,27.1,27.3,27.3,27.1,27.2,27.1,27.2,27.2,27.1,27.1,27.3,27.3,27.1,27.2,27.2,27.2,27.1,27.2,27.3,27.0,27.2,27.2,27.1,27.2,27.3,27.1,27.2,27.2,27.1,27.1,27.2,27.2,27.1,27.2,27.3,27.3,27.0,27.1,27.1,27.3,27.0,27.1,27.1,27.3,27.1,27.2,27.1,27.2,27.0,27.2,27.2,27.1,26.9,26.9,27.2,27.2,27.2,27.0,27.0,27.2,27.3,27.1,27.2,27.1,26.9,27.1,27.1,27.1,27.2,27.0,27.3,27.2,27.2,27.0,27.1,27.3,27.1,27.1,27.0,26.9,27.0,27.0,27.0,27.2,27.2,27.1,27.1,27.0,27.2,27.1,27.2,27.1,27.0,27.0,27.3,26.9,27.1,27.1,27.1,27.1,27.0,26.9,27.0,26.9
3,27.0,26.9,26.9,27.0,26.9,27.0,27.1,27.1,26.9,26.9,26.9,26.9,27.0,27.1,27.0,27.2,26.8,27.1,26.9,26.9,27.0,27.0,27.0,27.0,27.2,27.1,27.1,27.3,27.0,26.9,27.1,27.1,27.1,26.9,27.1,27.3,27.2,27.1,27.1,27.1,27.1,27.0,27.1,27.2,27.1,27.1,27.1,27.2,27.1,27.2,27.1,27.1,27.1,27.2,27.1,27.2,27.1,27.1,27.1,27.0,27.1,27.1,27.1,27.1,27.1,27.1,27.2,27.0,27.1,27.2,27.0,27.2,27.2,27.1,27.3,27.2,27.1,27.2,27.2,27.1,27.1,27.1,27.1,27.1,27.2,27.2,27.1,27.1,27.3,27.1,27.1,27.2,27.2,27.2,27.4,27.1,27.2,27.4,27.2,27.0,27.1,27.2,27.1,27.3,27.1,27.2,27.0,27.0,27.1,27.3,27.0,27.1,27.3,27.0,27.1,27.0,27.2,27.1,27.1,27.3,27.1,27.1,27.1,27.3,27.1,27.1,27.1,27.0,27.0,27.2,27.1,27.1,27.0,27.1,27.1,27.1,27.1,27.0,27.2,27.2,27.2,27.0,27.1,27.1,27.0,27.2,27.1,27.2,27.1,27.1,27.0,27.3,27.0,26.9,27.2,27.0,27.1,26.9,27.1,27.1,27.1,27.2,27.1,27.0,27.1,26.9,27.1,27.1,27.1,27.1,27.1,26.9,27.3,27.1,26.9,27.1,27.1,26.9,27.1,27.1,26.9,27.1,27.0,26.9,27.0,27.0,27.0,27.0,27.1,26.7,27.0,27.0
4,26.9,26.9,27.0,26.9,27.0,26.9,26.9,26.9,26.9,26.9,27.1,27.1,27.1,26.9,26.9,27.1,26.8,26.8,27.0,27.0,27.1,27.0,26.9,27.1,27.2,27.3,27.1,27.1,27.1,27.1,27.0,27.0,27.0,27.1,27.0,27.2,27.1,27.0,27.1,27.1,27.3,26.9,27.0,27.1,27.2,27.1,27.1,27.1,26.9,27.2,27.2,27.1,27.1,27.1,27.1,27.1,27.2,27.3,27.1,27.1,27.2,27.2,27.2,27.1,27.2,27.1,27.1,27.1,27.1,27.0,27.2,27.1,27.1,27.2,27.1,27.1,27.1,27.2,27.1,27.2,27.2,27.1,27.1,27.2,27.3,27.2,27.2,27.2,27.2,27.2,27.3,27.3,27.3,27.2,27.2,27.1,27.1,27.2,27.2,27.0,27.2,27.2,27.3,27.2,27.2,27.1,27.2,27.1,27.0,27.3,27.1,27.1,27.1,27.0,27.0,27.1,27.1,27.3,27.0,27.3,27.1,27.2,27.2,27.3,27.1,27.2,27.1,27.2,27.1,27.1,27.1,27.2,27.0,27.2,27.2,27.2,26.9,27.3,27.0,27.0,27.0,26.9,27.1,27.1,27.1,27.1,27.0,27.1,27.0,26.9,27.1,27.0,26.9,27.0,27.1,27.0,27.2,27.1,27.1,27.1,27.0,27.1,27.1,27.1,27.0,27.1,27.0,27.1,26.9,27.1,27.1,27.0,27.1,27.2,27.0,26.9,27.0,26.8,27.1,27.0,26.9,26.9,27.0,26.9,27.1,27.1,26.9,27.0,27.1,26.9,27.1,27.0
5,27.0,26.8,26.9,26.9,27.0,27.1,27.1,26.9,27.0,27.0,26.9,26.9,27.1,27.0,27.1,27.0,27.1,27.0,27.0,27.0,26.9,27.1,26.9,26.9,27.1,27.0,27.1,27.1,26.9,27.2,27.2,27.0,27.1,27.2,27.0,27.2,27.1,27.0,27.0,27.0,27.1,27.0,27.1,27.0,27.1,27.1,27.0,27.2,27.1,27.1,27.2,27.1,27.0,27.1,27.2,27.2,27.1,27.2,27.0,27.1,27.1,26.9,27.1,27.2,27.1,27.1,27.1,27.0,27.1,27.1,27.0,27.3,27.3,27.1,27.1,27.0,27.2,27.2,27.1,27.1,27.2,27.2,27.1,27.1,27.1,27.0,27.0,27.3,27.1,27.2,27.1,27.2,27.3,27.1,27.0,27.1,27.1,27.1,27.2,27.0,27.2,27.2,27.2,27.3,27.1,27.3,27.1,27.2,27.3,27.1,27.0,27.3,27.1,27.2,27.0,27.2,27.1,27.3,27.1,27.2,27.1,27.2,27.1,27.2,27.0,27.2,27.2,27.1,27.1,27.2,26.9,27.1,27.0,27.0,27.1,27.2,27.0,27.0,27.3,27.1,27.3,27.1,27.2,27.1,27.1,27.1,27.1,27.2,27.3,27.0,27.1,27.2,27.1,27.1,26.8,27.0,27.1,27.1,27.1,27.1,27.1,26.9,27.2,27.0,26.9,27.2,26.9,27.1,27.2,26.9,26.9,26.9,26.9,27.1,26.9,26.9,27.1,26.9,27.0,27.1,27.0,27.1,27.0,27.1,27.0,27.0,26.8,26.9,26.8,27.1,26.9,27.0
6,27.0,26.9,26.9,26.9,27.0,27.0,26.8,26.9,26.9,26.9,27.0,27.0,26.9,27.0,26.9,27.0,27.0,27.0,26.9,27.0,26.9,27.0,26.9,27.1,27.0,26.9,27.1,27.1,27.1,27.0,27.1,27.0,27.1,27.0,27.1,27.0,27.1,27.1,27.0,27.0,27.2,27.1,27.1,27.1,27.2,27.1,27.1,27.0,27.1,27.2,27.0,27.1,27.0,26.9,27.2,27.0,27.0,27.1,27.0,27.1,27.2,27.1,27.0,27.1,27.1,27.1,27.1,27.1,27.2,27.0,27.1,27.3,27.1,27.1,27.0,27.2,27.1,27.0,27.0,27.1,27.1,27.1,27.3,27.0,27.3,27.1,27.3,27.3,27.2,27.2,27.3,27.1,27.3,27.3,27.2,27.2,27.3,27.2,27.1,27.2,27.1,27.3,27.1,27.3,27.1,27.3,27.3,27.2,27.1,27.2,27.2,27.2,27.2,27.1,27.2,27.2,27.3,27.0,27.2,27.2,27.2,27.2,27.2,27.1,27.3,27.2,27.1,27.3,27.3,27.1,27.1,27.2,27.3,27.1,27.1,27.1,27.1,27.1,27.1,27.2,27.2,27.2,27.3,27.3,27.1,26.9,27.1,27.1,27.1,27.1,27.3,27.3,27.0,27.1,27.1,27.1,27.1,27.1,27.1,27.1,27.1,27.1,27.1,27.0,27.1,27.0,26.9,27.1,27.1,27.1,27.1,27.1,27.0,27.1,27.1,27.0,27.0,27.0,26.9,26.9,27.0,27.2,27.1,26.9,26.9,26.9,27.1,26.9,27.1,26.9,27.1,27.1
7,26.9,27.1,27.1,26.9,26.9,27.0,27.2,26.8,27.0,26.9,26.9,26.9,26.9,27.0,27.0,27.0,27.1,27.0,26.9,26.8,27.0,26.8,27.0,27.0,27.2,26.9,27.1,27.3,27.0,27.1,26.9,27.1,27.0,27.0,27.2,27.0,27.2,27.2,27.1,26.9,27.1,27.0,27.0,27.0,27.1,27.1,27.1,27.1,27.2,27.1,27.1,27.2,27.1,27.1,27.1,27.0,27.1,27.1,27.0,27.1,27.2,27.2,26.9,27.0,27.1,27.1,27.2,27.1,27.2,27.0,27.1,27.1,27.2,27.2,27.1,27.3,27.1,27.1,27.3,27.3,27.2,27.2,27.1,27.1,26.9,27.2,27.1,27.2,27.1,27.3,27.1,27.2,27.2,27.2,27.1,27.2,27.3,27.1,27.2,27.3,27.1,27.2,27.2,27.1,27.3,27.2,27.3,27.0,27.2,27.1,27.1,27.2,27.1,27.1,27.2,27.1,27.1,27.3,27.2,27.1,27.1,27.3,27.1,27.0,27.3,27.2,27.1,27.1,26.9,27.1,27.1,27.1,27.0,27.0,27.1,27.3,27.1,27.1,27.1,27.1,27.1,27.1,27.3,27.1,27.1,27.1,27.2,27.2,27.1,27.0,27.2,27.1,27.1,27.0,27.0,27.1,27.0,27.3,27.1,27.2,27.1,27.1,27.1,27.3,27.0,27.0,27.0,27.1,27.0,27.0,27.1,26.9,27.1,26.9,27.2,27.0,26.9,26.9,26.9,27.1,26.7,27.0,27.1,27.2,27.1,27.0,27.1,26.9,26.9,27.1,27.1,26.9
8,26.8,27.1,27.1,27.1,27.0,27.0,27.1,27.2,27.0,27.0,26.9,27.0,27.2,27.0,27.0,27.0,27.1,26.9,26.9,27.1,27.1,27.2,26.9,27.0,27.1,27.0,26.9,26.9,27.1,27.1,27.0,27.1,27.0,27.1,27.0,27.1,27.0,27.2,27.1,27.1,27.1,27.3,27.1,27.3,27.2,27.1,27.1,27.0,27.1,27.0,27.1,27.0,27.2,27.0,27.1,27.1,27.1,27.3,27.1,27.2,27.2,27.1,27.2,26.9,26.9,27.2,27.1,27.0,27.2,27.1,27.3,27.2,27.2,27.1,27.1,27.2,27.2,27.1,27.2,27.2,27.4,27.3,27.2,27.2,27.1,27.1,27.1,27.1,27.2,27.1,27.1,27.2,27.2,27.3,27.1,27.1,27.2,27.1,27.1,27.3,27.2,27.2,27.3,27.3,27.1,27.2,27.2,27.2,27.2,27.2,27.2,27.1,27.2,27.1,27.1,27.3,27.0,27.3,27.1,27.3,27.2,27.2,27.2,27.2,27.2,27.0,27.1,27.0,27.2,27.1,27.0,27.1,27.1,27.0,27.1,27.3,27.2,27.1,27.2,27.1,27.1,27.0,27.1,27.1,27.1,26.9,27.1,27.0,27.0,27.2,27.2,27.3,27.1,27.0,27.1,27.0,27.1,27.1,27.2,27.1,27.1,27.0,27.0,26.9,27.1,27.1,27.0,27.0,27.0,27.2,27.1,27.0,26.9,27.0,27.2,26.9,27.1,27.1,27.1,27.2,27.0,26.9,27.0,26.9,26.9,27.1,27.0,27.0,26.9,26.9,27.1,27.0
9,26.9,27.0,26.8,27.1,27.0,27.0,26.9,27.1,27.1,26.9,27.0,27.2,27.1,27.1,26.9,27.0,26.9,27.1,26.9,27.0,26.9,26.9,27.0,27.1,27.0,27.0,27.1,27.1,27.0,27.3,27.1,27.0,27.1,27.1,27.0,27.1,27.1,27.1,27.1,27.2,27.0,27.1,27.0,27.1,27.1,27.1,27.3,27.1,27.1,27.1,27.2,27.2,27.3,27.2,27.0,27.1,27.1,27.1,27.1,27.0,27.1,27.0,27.2,27.0,27.1,27.1,27.2,27.1,27.1,27.3,27.3,27.3,27.0,27.3,27.1,27.3,27.2,27.2,27.1,27.2,27.1,27.3,27.1,27.2,27.3,27.2,27.2,27.2,27.1,27.3,27.1,27.1,27.1,27.2,27.1,27.1,27.1,27.0,27.2,27.2,27.1,27.3,27.2,27.1,27.2,27.2,27.1,27.3,27.2,27.3,27.2,27.1,27.2,27.2,27.2,27.1,27.4,27.2,27.2,27.3,27.2,27.1,27.0,27.1,27.3,27.1,27.1,27.0,27.1,27.2,27.1,27.1,27.1,27.0,27.0,27.1,27.1,27.1,27.1,27.0,27.0,27.0,26.9,27.2,27.1,27.2,27.0,27.1,27.1,27.2,27.0,27.2,27.2,27.1,27.2,27.0,27.2,27.2,27.2,27.2,27.1,27.0,27.2,26.9,27.1,27.0,27.1,27.1,27.1,27.0,27.0,27.1,27.1,27.0,27.2,27.1,27.0,27.0,27.0,27.1,27.0,27.0,27.1,27.0,26.9,27.0,27.0,26.9,26.9,26.8,27.0,26.9
10,26.9,27.2,27.0,26.9,27.0,26.9,27.2,27.3,27.1,27.2,26.9,26.9,27.1,27.1,27.3,27.0,27.2,26.8,27.0,27.0,26.9,27.1,26.9,27.1,27.0,27.0,27.0,27.0,27.0,27.2,26.9,27.1,27.0,27.1,27.1,27.1,27.2,27.0,27.0,27.2,27.1,26.9,27.1,26.9,27.1,27.1,27.1,27.2,27.0,27.1,27.2,27.2,27.0,27.1,27.0,27.1,27.1,27.1,27.1,27.1,27.1,27.1,27.3,27.2,27.3,27.1,27.2,27.0,27.2,27.2,27.1,27.2,27.2,27.1,27.3,27.1,27.2,27.2,27.1,27.4,27.1,27.1,27.1,27.0,27.3,27.2,27.1,27.1,27.2,27.2,27.3,27.3,27.1,27.2,27.1,27.1,27.3,27.1,27.2,27.2,27.2,27.1,27.2,27.2,27.1,27.3,27.2,27.1,27.1,27.3,27.1,27.3,27.1,27.2,27.1,27.3,27.2,27.2,27.1,27.1,27.1,27.2,27.2,27.3,27.2,27.1,27.1,27.2,27.1,27.2,27.2,27.2,27.2,27.3,27.3,27.1,27.1,27.1,27.0,27.3,27.0,27.0,27.1,27.0,27.1,27.1,27.1,27.1,27.1,26.9,27.1,27.0,26.9,27.0,27.1,27.1,27.1,27.0,27.0,27.1,27.1,27.2,27.2,27.0,27.1,27.0,27.0,27.0,27.1,27.2,27.0,27.1,27.0,27.0,26.9,26.9,27.0,27.0,27.1,27.1,27.0,27.0,27.0,27.0,26.9,26.9,27.0,27.2,27.0,26.8,27.0,27.0
11,26.9,26.9,27.1,27.0,27.0,27.1,27.0,26.9,27.0,26.9,27.0,27.1,26.9,27.1,27.1,26.9,27.0,27.3,27.1,27.1,27.0,27.0,27.0,27.1,27.1,27.1,27.1,27.1,27.1,27.2,27.2,26.9,27.2,27.3,27.1,27.2,27.3,27.1,27.1,27.1,27.2,27.1,27.1,27.2,27.2,27.3,27.2,27.1,27.1,27.0,27.2,27.3,27.2,27.0,27.1,27.1,27.1,27.0,27.2,27.1,27.2,27.1,27.1,27.0,27.1,27.2,27.2,27.3,27.2,27.2,27.1,27.2,27.2,27.1,27.2,27.1,27.2,27.2,27.1,27.1,27.2,27.2,27.3,27.2,27.1,27.1,27.1,27.5,27.1,27.2,27.2,27.2,27.3,27.1,27.4,27.1,27.3,27.2,27.3,27.2,27.2,27.4,27.3,27.3,27.1,27.3,27.3,27.1,27.3,27.4,27.2,27.1,27.3,27.1,27.1,27.1,27.3,27.3,27.2,27.2,27.1,27.4,27.2,27.2,27.2,27.3,27.2,27.2,27.3,27.2,27.2,27.2,27.2,27.3,27.2,27.2,27.3,27.1,27.1,27.1,27.2,27.2,27.3,27.1,27.1,27.1,27.0,27.2,27.2,27.1,27.1,27.1,27.1,27.1,27.1,27.2,27.2,27.0,27.2,27.3,27.1,27.0,27.1,27.1,27.1,27.2,27.0,26.9,27.1,27.2,27.0,27.1,27.0,27.1,27.2,27.0,27.2,27.0,27.0,26.9,26.9,26.9,27.1,26.9,27.1,27.0,27.0,26.9,27.1,27.0,27.1,27.2
12,27.0,27.1,27.1,27.1,27.0,27.0,26.9,27.0,26.9,27.0,27.0,27.0,27.1,27.1,27.3,27.1,27.2,27.0,27.1,27.1,27.1,27.0,27.1,27.1,26.9,27.0,27.0,27.1,27.0,27.1,27.1,27.1,27.3,27.1,27.2,27.1,27.1,27.1,27.2,27.1,27.2,27.2,27.2,27.1,27.0,27.1,27.3,27.1,27.2,27.2,27.3,27.1,27.2,27.2,27.1,27.2,27.2,27.0,27.1,27.1,27.2,27.3,27.2,27.2,27.3,27.1,27.1,27.1,27.4,27.1,27.2,27.2,27.3,27.4,27.2,27.3,27.1,27.3,27.4,27.3,27.1,27.2,27.2,27.3,27.3,27.3,27.2,27.3,27.1,27.3,27.4,27.2,27.4,27.3,27.3,27.3,27.4,27.3,27.2,27.3,27.1,27.2,27.3,27.2,27.3,27.3,27.5,27.3,27.2,27.3,27.3,27.2,27.3,27.3,27.2,27.2,27.3,27.2,27.3,27.2,27.2,27.3,27.3,27.3,27.2,27.1,27.4,27.2,27.2,27.2,27.2,27.1,27.1,27.3,27.2,27.1,27.2,27.2,27.1,27.1,27.1,27.2,27.0,27.2,27.1,27.2,27.1,26.9,27.1,27.1,27.1,27.2,27.2,27.0,27.1,27.1,27.3,27.2,27.1,27.1,27.2,27.2,27.1,27.1,27.1,27.1,27.2,27.0,27.1,27.1,26.9,27.1,27.1,27.1,27.0,26.9,27.0,27.0,27.0,27.0,27.0,27.2,27.3,27.1,27.1,26.9,27.0,27.0,26.9,27.0,26.9,26.9
13,26.9,27.0,26.9,27.2,27.0,26.9,26.9,26.9,26.9,27.1,27.1,26.9,26.9,27.0,26.9,26.9,27.0,27.0,27.1,27.0,27.0,27.1,27.1,27.0,27.0,26.9,27.0,27.1,27.0,27.2,27.1,27.2,27.1,27.1,26.9,27.2,27.1,27.1,27.1,27.0,27.1,27.2,27.0,27.1,27.3,27.1,27.3,27.2,27.1,27.1,27.1,27.1,27.1,27.1,26.9,27.1,27.2,27.2,27.1,27.1,27.3,27.3,27.1,27.2,27.2,27.2,27.2,27.2,27.2,27.0,27.3,27.2,27.2,26.9,27.3,27.1,27.2,27.1,27.2,27.2,27.3,27.1,27.2,27.1,27.2,27.3,27.3,27.2,27.3,27.4,27.1,27.3,27.2,27.2,27.2,27.0,27.2,27.2,27.3,27.3,27.2,27.2,27.1,27.2,27.2,27.2,27.3,27.3,27.1,27.3,27.2,27.2,27.3,27.2,27.1,27.1,27.1,27.2,27.2,27.2,27.1,27.3,27.2,27.2,27.1,27.1,27.2,27.2,27.1,27.1,27.1,27.3,27.2,27.2,27.1,27.1,27.1,27.0,27.1,27.1,27.0,27.1,27.2,27.3,27.1,27.2,27.1,27.1,27.0,26.9,27.1,27.1,27.2,26.9,27.1,27.1,27.2,27.1,27.2,27.3,27.1,27.1,27.1,26.9,27.2,27.1,27.1,27.0,27.1,27.1,27.1,27.1,26.9,27.0,27.1,27.0,27.1,27.1,26.9,27.0,27.1,27.0,27.1,27.0,27.0,26.9,27.0,27.1,27.1,26.9,27.1,27.0
14,27.1,27.0,27.1,26.9,26.9,27.1,27.2,27.1,27.0,27.0,26.8,27.1,27.0,27.0,27.1,27.0,27.0,27.1,27.1,27.0,27.0,27.1,26.9,27.0,27.1,27.1,27.2,27.2,27.0,27.1,27.1,27.2,27.1,27.1,27.2,27.2,27.1,27.1,27.1,27.0,27.1,27.2,27.2,27.3,27.2,27.2,27.2,27.1,27.1,27.3,27.1,27.2,27.2,27.2,27.1,27.1,27.0,27.2,27.1,27.1,27.1,27.2,27.2,27.2,27.1,27.2,27.1,27.1,27.3,27.3,27.2,27.1,27.1,27.3,27.3,27.3,27.3,27.4,27.1,27.3,27.1,27.3,27.3,27.2,27.3,27.2,27.3,27.3,27.3,27.2,27.2,27.3,27.3,27.3,27.1,27.3,27.3,27.2,27.4,27.4,27.3,27.3,27.4,27.2,27.3,27.3,27.3,27.4,27.3,27.5,27.3,27.3,27.4,27.3,27.2,27.3,27.2,27.2,27.4,27.3,27.3,27.3,27.2,27.1,27.2,27.2,27.3,27.3,27.2,27.2,27.2,27.2,27.3,27.1,27.3,27.1,27.2,27.2,27.1,27.2,27.3,27.3,27.2,27.3,27.1,27.1,27.1,27.1,27.1,27.0,27.1,27.3,27.1,27.0,27.0,27.1,27.0,27.2,27.1,27.2,27.2,27.1,27.1,26.9,27.2,27.1,27.1,27.0,27.1,27.2,27.0,27.1,27.1,27.2,27.1,26.9,27.1,27.2,27.2,27.1,26.9,27.0,27.2,26.9,27.0,27.1,27.1,26.9,27.2,27.0,27.1,27.0
15,27.1,26.9,26.9,27.1,26.9,27.0,27.1,27.0,26.9,27.1,27.1,27.0,26.9,27.1,27.0,27.1,27.2,27.0,27.1,26.9,27.1,27.1,27.0,27.1,27.0,26.9,27.1,27.2,27.2,27.2,27.2,27.1,27.1,27.2,27.1,27.1,27.1,27.1,27.2,27.1,27.2,27.2,27.2,27.2,27.2,27.1,27.3,27.1,27.3,27.2,27.2,27.2,27.1,27.1,27.2,27.2,27.2,27.1,27.2,27.3,27.3,27.1,27.4,27.0,27.3,27.1,27.2,27.0,27.1,27.1,27.3,27.2,27.2,27.2,27.3,27.2,27.2,27.1,27.1,27.2,27.2,27.3,27.2,27.1,27.3,27.3,27.5,27.1,27.2,27.3,27.3,27.3,27.2,27.3,27.3,27.3,27.2,27.3,27.4,27.2,27.3,27.3,27.2,27.3,27.2,27.3,27.3,27.3,27.3,27.3,27.3,27.3,27.3,27.2,27.3,27.2,27.4,27.4,27.2,27.3,27.4,27.3,27.2,27.4,27.4,27.1,27.2,27.2,27.1,27.1,27.2,27.1,27.1,27.2,27.1,27.3,27.1,27.0,27.2,27.3,27.2,27.1,27.1,27.2,27.1,27.3,27.1,27.2,27.3,26.9,27.0,27.2,27.0,27.1,27.0,27.2,27.1,27.1,27.2,27.2,27.3,27.0,27.1,27.1,27.0,27.0,27.1,27.2,27.1,27.1,27.1,27.1,27.1,27.2,27.1,27.0,27.1,27.0,27.1,27.0,26.9,27.1,27.1,27.1,27.1,26.9,27.0,27.1,26.9,27.2,26.9,26.8
16,26.9,26.9,27.0,27.0,27.0,27.0,27.1,27.0,27.0,27.1,27.0,27.0,27.1,27.1,27.1,27.2,27.0,27.2,27.1,27.2,27.0,27.0,27.0,27.1,27.1,27.1,27.3,27.1,27.2,27.1,27.1,27.2,27.2,27.1,27.2,27.2,27.3,27.2,27.1,27.1,27.2,27.3,27.1,27.2,27.1,27.2,27.2,27.2,27.2,27.3,27.3,27.3,27.1,27.1,27.1,27.2,27.1,27.2,27.3,27.2,27.1,27.1,27.3,27.1,27.1,27.2,27.2,27.3,27.3,27.3,27.2,27.2,27.2,27.2,27.3,27.3,27.2,27.3,27.2,27.3,27.3,27.2,27.2,27.2,27.3,27.3,27.3,27.1,27.0,27.2,27.4,27.2,27.2,27.3,27.2,27.2,27.4,27.3,27.2,27.3,27.2,27.2,27.3,27.3,27.3,27.3,27.3,27.3,27.2,27.3,27.3,27.3,27.2,27.3,27.2,27.3,27.3,27.2,27.5,27.3,27.3,27.2,27.2,27.3,27.2,27.2,27.2,27.3,27.1,27.2,27.2,27.2,27.2,27.1,27.3,27.3,27.2,27.2,27.2,27.3,27.0,27.2,27.1,27.2,27.1,27.0,27.3,27.2,27.1,27.2,27.1,27.2,27.0,27.1,27.3,27.2,27.2,27.2,27.2,27.1,27.1,27.0,27.1,26.9,27.0,27.0,27.1,27.0,27.1,27.1,27.1,27.2,27.1,27.1,27.0,27.1,27.3,27.0,27.2,26.9,27.0,27.0,27.1,27.1,27.0,27.1,27.1,27.1,27.1,26.9,27.1,27.0
17,26.9,27.1,26.8,27.0,27.0,26.7,27.0,27.0,27.1,26.9,27.0,27.2,27.1,26.9,27.2,27.0,27.0,27.1,27.1,27.1,27.1,27.1,27.1,27.1,27.2,27.1,27.1,27.2,27.2,27.1,27.0,27.2,27.2,27.3,27.1,27.1,27.2,27.0,27.1,27.1,27.1,27.2,27.1,27.1,27.1,27.1,27.1,27.2,27.0,27.2,27.3,27.3,27.2,26.9,27.2,27.1,27.0,27.1,27.0,27.2,27.1,27.2,27.0,27.1,27.1,27.0,27.1,27.2,27.2,27.3,27.3,27.2,27.1,27.3,27.2,27.2,27.2,27.1,27.1,27.3,27.3,27.5,27.3,27.3,27.2,27.3,27.1,27.3,27.3,27.3,27.4,27.4,27.4,27.3,27.1,27.3,27.2,27.1,27.3,27.3,27.3,27.3,27.2,27.4,27.3,27.4,27.3,27.3,27.3,27.3,27.2,27.1,27.2,27.1,27.4,27.4,27.2,27.3,27.4,27.3,27.2,27.3,27.1,27.3,27.2,27.3,27.2,27.3,27.3,27.2,27.1,27.3,27.2,27.3,27.3,27.1,27.1,27.2,27.3,27.0,27.3,27.1,27.1,27.0,27.2,27.1,27.2,27.1,27.2,27.1,27.2,27.1,27.1,27.1,27.3,27.0,27.1,27.1,27.3,27.1,27.3,27.2,27.0,27.1,27.1,27.1,27.1,27.2,27.2,27.2,27.0,27.2,27.1,27.1,27.1,27.0,26.9,27.0,27.0,27.0,26.9,26.9,27.0,26.9,27.1,27.1,26.9,27.0,26.9,27.0,27.1,27.0
18,26.9,27.0,27.0,27.0,27.1,27.0,27.0,27.1,27.0,27.0,27.0,26.9,27.1,27.2,26.9,27.1,27.0,27.0,27.1,27.2,27.2,27.1,26.9,27.2,27.2,27.1,27.2,27.1,27.1,27.3,27.3,27.1,27.2,27.1,27.1,27.2,27.2,27.3,27.1,27.2,27.3,27.1,27.2,27.2,27.2,27.2,27.3,27.2,27.1,27.2,27.3,27.3,27.4,27.1,27.2,27.2,27.0,27.2,27.2,27.1,27.1,27.3,27.1,27.2,27.3,27.2,27.2,27.2,27.1,27.1,27.3,27.3,27.3,27.1,27.3,27.1,27.2,27.3,27.2,27.2,27.3,27.2,27.2,27.2,27.3,27.2,27.3,27.3,27.4,27.3,27.3,27.3,27.4,27.3,27.3,27.3,27.3,27.3,27.3,27.4,27.3,27.3,27.3,27.3,27.3,27.5,27.3,27.4,27.3,27.5,27.2,27.2,27.2,27.3,27.4,27.4,27.4,27.3,27.3,27.2,27.3,27.5,27.4,27.3,27.3,27.2,27.1,27.4,27.3,27.3,27.2,27.3,27.1,27.1,27.1,27.2,27.3,27.1,27.3,27.1,27.1,26.9,27.1,27.3,27.3,27.2,27.2,27.1,27.2,27.2,27.1,27.2,27.1,27.1,27.1,27.1,27.3,27.1,27.1,27.1,27.2,27.1,27.2,27.2,27.2,27.1,27.1,27.1,27.1,27.2,27.1,27.2,26.9,27.0,27.1,27.1,27.1,27.3,27.1,27.0,27.1,27.0,27.0,27.0,27.1,27.1,27.0,27.1,27.0,27.1,27.0,27.0
19,27.0,27.0,27.0,27.0,27.1,27.1,26.9,27.1,26.8,26.9,27.1,27.1,27.3,27.0,27.1,27.2,27.0,27.0,27.1,27.2,27.1,27.2,26.9,27.0,27.0,27.1,27.2,27.3,27.3,27.0,27.2,27.3,27.2,27.0,27.1,27.2,27.2,27.2,27.3,27.1,27.1,27.0,27.1,27.2,27.3,27.2,27.2,27.1,27.2,27.3,27.3,27.2,27.2,27.1,27.2,27.1,27.1,27.1,27.0,27.2,27.2,27.2,27.3,27.1,27.2,27.2,27.3,27.1,27.2,27.0,27.1,27.1,27.1,27.3,27.3,27.3,27.2,27.5,27.4,27.3,27.2,27.2,27.1,27.2,27.3,27.2,27.3,27.2,27.3,27.2,27.4,27.3,27.2,27.4,27.2,27.4,27.3,27.3,27.3,27.3,27.2,27.4,27.2,27.5,27.4,27.3,27.3,27.2,27.2,27.3,27.3,27.3,27.4,27.3,27.2,27.3,27.3,27.2,27.2,27.4,27.4,27.3,27.4,27.4,27.4,27.3,27.2,27.1,27.2,27.2,27.2,27.3,27.1,27.3,27.3,27.3,27.3,27.1,27.1,27.2,27.2,27.2,27.1,27.3,27.2,27.2,27.1,27.2,27.1,27.1,27.2,27.2,27.0,27.1,27.1,27.1,27.1,27.3,27.2,27.2,26.9,27.1,27.1,27.1,27.1,27.2,27.0,27.1,27.1,27.0,27.0,27.0,27.1,27.0,27.1,27.0,27.0,27.0,27.1,27.0,27.0,27.2,27.1,27.0,27.0,27.1,27.1,27.0,27.1,26.9,27.0,27.1
20,27.0,27.0,27.0,27.2,27.0,27.1,26.9,27.1,27.2,26.9,27.1,27.0,26.9,27.1,27.1,27.1,27.0,27.1,27.2,27.1,27.1,27.0,27.1,26.9,27.1,27.1,27.0,27.0,27.3,27.2,27.1,27.2,27.3,27.1,27.2,27.2,27.2,27.2,27.2,27.3,27.2,27.4,27.4,27.2,27.2,27.2,27.3,27.1,27.2,27.3,27.3,27.2,27.3,27.2,27.0,27.1,27.1,27.2,27.2,27.1,27.2,27.3,27.3,27.1,27.2,27.2,27.5,27.2,27.3,27.3,27.3,27.2,27.4,27.1,27.2,27.4,27.2,27.4,27.3,27.3,27.4,27.4,27.2,27.3,27.3,27.2,27.5,27.4,27.4,27.3,27.5,27.3,27.3,27.3,27.3,27.3,27.4,27.2,27.5,27.4,27.1,27.4,27.3,27.5,27.3,27.5,27.4,27.2,27.3,27.2,27.3,27.3,27.3,27.1,27.3,27.3,27.2,27.5,27.3,27.3,27.4,27.3,27.4,27.3,27.2,27.4,27.2,27.2,27.3,27.3,27.4,27.3,27.3,27.3,27.3,27.3,27.2,27.3,27.3,27.3,27.4,27.1,27.3,27.3,27.3,27.0,27.3,27.2,27.1,27.2,27.3,27.2,27.2,27.1,27.1,27.3,27.1,27.2,27.2,27.1,27.3,27.4,27.1,27.1,27.2,27.1,27.1,27.0,27.1,27.2,27.1,27.0,27.1,27.3,27.3,27.3,27.1,27.2,27.1,27.2,27.1,27.1,27.1,27.1,27.0,27.1,27.0,27.3,27.0,26.9,27.2,27.1
21,26.9,27.0,27.1,27.2,27.1,27.0,27.1,27.1,27.1,26.9,27.1,27.3,27.1,27.0,27.0,27.1,27.1,27.0,27.0,27.1,27.1,27.1,27.1,26.9,27.2,27.1,27.2,27.3,27.2,26.9,27.1,27.1,27.2,27.2,27.2,27.3,27.2,27.3,27.3,27.3,27.2,27.2,27.2,27.3,27.3,27.2,27.2,27.3,27.0,27.2,27.2,27.2,27.2,27.1,27.1,27.1,27.3,27.1,27.1,27.2,27.3,27.2,27.3,27.2,27.1,27.3,27.2,27.4,27.4,27.3,27.3,27.3,27.1,27.3,27.3,27.4,27.2,27.4,27.2,27.2,27.4,27.3,27.2,27.3,27.3,27.2,27.3,27.3,27.4,27.5,27.4,27.4,27.4,27.5,27.5,27.3,27.4,27.3,27.4,27.2,27.2,27.4,27.4,27.5,27.3,27.4,27.4,27.4,27.4,27.4,27.3,27.3,27.3,27.2,27.3,27.4,27.3,27.4,27.3,27.2,27.3,27.3,27.2,27.1,27.3,27.3,27.1,27.4,27.2,27.3,27.4,27.2,27.3,27.2,27.2,27.2,27.3,27.3,27.1,27.2,27.1,27.3,27.3,27.2,27.2,27.3,27.1,27.0,27.3,27.2,27.2,27.1,27.1,27.1,27.3,27.2,27.1,27.3,27.2,27.3,27.2,27.1,27.2,27.1,27.1,27.1,27.1,27.1,27.1,27.2,27.0,27.1,27.1,27.3,27.2,27.1,27.1,27.0,27.2,27.2,26.9,27.0,27.1,27.3,27.0,27.1,27.1,27.2,27.0,27.1,27.1,27.0
22,27.0,27.0,27.2,26.9,27.1,26.9,27.0,26.9,27.2,27.1,27.1,27.0,26.9,27.1,27.3,27.1,27.1,27.2,27.2,27.1,27.1,27.2,27.2,27.1,27.0,27.1,27.2,27.3,27.1,27.2,27.2,27.4,27.1,27.2,27.3,27.2,27.2,27.2,27.2,27.2,27.3,27.3,27.2,27.5,27.2,27.3,27.4,27.1,27.4,27.2,27.3,27.4,27.2,27.3,27.3,27.3,27.3,27.3,27.3,27.1,27.3,27.1,27.2,27.2,27.2,27.4,27.3,27.3,27.1,27.2,27.4,27.3,27.4,27.3,27.3,27.3,27.2,27.3,27.2,27.3,27.4,27.5,27.2,27.2,27.3,27.2,27.3,27.4,27.3,27.2,27.3,27.4,27.3,27.3,27.3,27.3,27.3,27.2,27.4,27.3,27.3,27.4,27.3,27.4,27.4,27.3,27.3,27.4,27.3,27.6,27.3,27.2,27.4,27.4,27.5,27.1,27.4,27.3,27.4,27.5,27.3,27.3,27.5,27.3,27.5,27.2,27.3,27.3,27.5,27.2,27.4,27.3,27.2,27.3,27.3,27.2,27.3,27.4,27.3,27.3,27.2,27.3,27.3,27.3,27.1,27.1,27.2,27.1,27.1,27.2,27.2,27.1,27.2,27.3,27.3,27.2,27.1,27.3,27.2,27.2,27.3,27.0,27.3,27.1,27.2,27.2,27.2,27.2,27.2,27.1,27.1,27.1,27.1,27.2,27.3,27.1,27.0,27.3,27.1,27.3,27.1,27.1,27.0,27.1,26.9,27.0,27.1,26.9,27.1,26.9,27.1,27.0
23,27.0,27.2,27.1,27.1,27.1,27.0,27.1,27.1,27.1,27.2,27.1,27.1,27.1,27.1,27.1,27.1,27.2,27.1,27.1,27.2,27.1,27.1,27.0,27.1,27.1,27.1,27.1,27.1,27.0,27.2,27.1,27.1,27.2,27.1,27.2,27.2,27.2,27.1,27.2,27.3,27.3,27.1,27.2,27.2,27.3,27.4,27.3,27.2,27.1,27.1,27.3,27.3,27.1,27.2,27.3,27.1,27.3,27.2,27.2,27.3,27.3,27.1,27.2,27.1,27.3,27.2,27.4,27.2,27.3,27.3,27.3,27.3,27.3,27.4,27.2,27.3,27.3,27.3,27.2,27.4,27.4,27.4,27.3,27.4,27.2,27.4,27.3,27.4,27.4,27.2,27.5,27.4,27.3,27.3,27.5,27.5,27.4,27.4,27.4,27.5,27.4,27.5,27.4,27.4,27.4,27.4,27.3,27.3,27.3,27.3,27.5,27.3,27.4,27.3,27.2,27.3,27.3,27.4,27.5,27.4,27.4,27.4,27.3,27.3,27.3,27.3,27.2,27.4,27.6,27.3,27.3,27.4,27.3,27.4,27.3,27.3,27.2,27.3,27.3,27.3,27.3,27.1,27.2,27.3,27.3,27.2,27.2,27.1,27.3,27.2,27.2,27.2,27.1,27.3,27.0,27.3,27.2,27.3,27.1,27.2,27.1,27.2,27.4,27.1,27.2,27.1,27.2,27.3,27.1,27.2,27.1,27.3,27.3,27.2,27.3,27.3,27.1,27.1,27.2,27.0,27.0,27.0,27.1,27.1,27.1,27.1,27.0,27.1,27.0,27.1,27.2,27.1
24,26.9,27.0,26.9,27.1,27.2,26.9,27.1,26.9,27.1,27.1,27.1,27.3,27.2,27.1,27.0,27.2,27.3,27.3,27.0,27.3,27.1,27.1,27.1,27.1,27.2,27.3,27.1,27.2,27.1,27.2,27.2,27.3,27.2,27.2,27.1,27.2,27.2,27.0,27.3,27.1,27.1,27.2,27.1,27.3,27.3,27.1,27.1,27.1,27.1,27.1,27.2,27.3,27.2,27.1,27.2,27.3,27.5,27.2,27.1,27.3,27.2,27.3,27.4,27.2,27.4,27.2,27.4,27.3,27.3,27.2,27.4,27.3,27.3,27.1,27.2,27.3,27.3,27.4,27.3,27.3,27.4,27.3,27.4,27.3,27.3,27.3,27.5,27.3,27.3,27.3,27.6,27.4,27.4,27.5,27.4,27.4,27.3,27.4,27.2,27.3,27.3,27.3,27.4,27.5,27.5,27.3,27.3,27.3,27.5,27.4,27.3,27.4,27.3,27.4,27.3,27.6,27.5,27.3,27.3,27.5,27.4,27.3,27.4,27.3,27.3,27.4,27.3,27.3,27.4,27.5,27.4,27.3,27.3,27.5,27.3,27.3,27.3,27.2,27.3,27.2,27.1,27.2,27.2,27.4,27.3,27.2,27.1,27.3,27.2,27.2,27.2,27.2,27.2,27.0,27.2,27.0,27.3,27.3,27.2,27.4,27.1,27.1,27.2,27.3,27.1,27.1,27.0,27.1,27.3,27.3,27.0,27.1,27.0,27.3,27.1,27.1,27.1,26.9,27.1,27.1,27.2,27.1,27.0,27.1,27.1,27.3,27.0,27.1,27.2,27.1,27.1,27.1
25,26.9,27.1,27.0,26.9,26.9,27.0,27.1,27.2,27.1,27.0,27.0,27.0,27.1,27.1,27.2,27.3,27.1,27.1,27.2,27.2,27.0,27.1,26.9,27.1,27.3,27.2,27.2,27.1,27.2,27.2,27.3,27.3,27.2,27.1,27.1,27.2,27.1,27.3,27.3,27.3,27.4,27.2,27.1,27.3,27.2,27.3,27.3,27.1,27.1,27.3,27.3,27.1,27.2,27.0,27.0,27.2,27.2,27.1,27.3,27.2,27.3,27.4,27.3,27.2,27.4,27.2,27.2,27.2,27.3,27.3,27.3,27.3,27.3,27.5,27.4,27.5,27.4,27.4,27.5,27.2,27.4,27.3,27.4,27.3,27.3,27.3,27.3,27.3,27.4,27.4,27.2,27.4,27.3,27.4,27.2,27.4,27.4,27.6,27.4,27.4,27.3,27.5,27.5,27.5,27.4,27.3,27.3,27.3,27.5,27.4,27.3,27.3,27.4,27.4,27.3,27.3,27.3,27.3,27.5,27.5,27.3,27.4,27.3,27.4,27.2,27.4,27.3,27.3,27.4,27.4,27.2,27.2,27.3,27.3,27.3,27.3,27.3,27.1,27.3,27.2,27.3,27.4,27.2,27.2,27.1,27.4,27.1,27.2,27.1,27.2,27.3,27.2,27.1,27.1,27.2,27.1,27.2,27.1,27.2,27.1,27.1,27.3,27.1,27.2,27.0,27.0,27.3,27.1,27.2,27.2,27.0,27.1,27.2,27.1,27.2,27.1,27.1,27.1,27.2,27.0,27.1,27.1,27.1,27.1,27.1,27.3,26.9,27.2,27.1,27.1,27.2,27.0
26,27.0,27.0,27.1,27.1,27.1,27.0,27.0,27.2,26.9,27.0,27.2,27.1,27.0,27.0,27.1,27.1,27.2,27.1,26.9,27.1,27.1,27.1,27.1,27.3,27.2,27.1,27.1,27.2,27.1,27.1,27.2,27.2,27.2,27.2,27.2,27.2,27.3,27.2,27.2,27.3,27.2,27.1,27.3,27.3,27.5,27.3,27.3,27.3,27.1,27.3,27.3,27.1,27.1,27.1,27.2,27.3,27.2,27.2,27.2,27.2,27.1,27.0,27.4,27.3,27.3,27.4,27.2,27.2,27.3,27.1,27.3,27.4,27.1,27.3,27.2,27.2,27.3,27.3,27.4,27.4,27.3,27.3,27.2,27.3,27.2,27.5,27.4,27.4,27.4,27.4,27.6,27.4,27.5,27.6,27.4,27.4,27.4,27.4,27.5,27.4,27.2,27.5,27.3,27.3,27.4,27.5,27.3,27.4,27.5,27.3,27.5,27.5,27.6,27.5,27.4,27.3,27.3,27.4,27.4,27.4,27.3,27.3,27.3,27.3,27.1,27.3,27.2,27.3,27.3,27.3,27.3,27.2,27.2,27.2,27.2,27.3,27.2,27.3,27.3,27.3,27.2,27.1,27.3,27.1,27.1,27.2,27.4,27.2,27.2,27.1,27.3,27.1,27.1,27.0,27.2,27.2,27.3,27.2,27.1,27.3,27.2,27.3,27.1,27.1,27.2,27.1,27.3,27.2,27.1,27.2,27.1,27.0,27.1,27.2,27.2,27.1,27.1,27.1,27.2,27.1,27.1,27.1,27.2,27.2,27.0,27.0,27.1,27.1,27.0,27.1,27.2,27.0
27,27.3,26.9,26.9,27.0,27.0,27.0,27.1,27.0,27.2,27.0,27.1,27.0,27.0,27.0,27.1,27.0,27.0,27.0,27.0,27.2,27.1,27.2,27.2,27.2,27.2,27.1,27.1,27.1,27.1,27.2,27.1,27.1,27.2,27.1,27.1,27.2,27.2,27.3,27.2,27.3,27.1,27.3,27.2,27.3,27.2,27.2,27.2,27.3,27.1,27.2,27.1,27.1,27.1,27.3,27.3,27.3,27.1,27.4,27.1,27.2,27.3,27.2,27.1,27.4,27.2,27.3,27.3,27.4,27.2,27.4,27.2,27.6,27.3,27.3,27.5,27.2,27.3,27.3,27.3,27.4,27.3,27.5,27.4,27.3,27.4,27.5,27.3,27.4,27.3,27.3,27.3,27.4,27.5,27.6,27.4,27.4,27.3,27.3,27.3,27.5,27.3,27.4,27.3,27.4,27.4,27.6,27.3,27.4,27.3,27.6,27.4,27.3,27.3,27.6,27.4,27.4,27.4,27.4,27.5,27.4,27.3,27.3,27.4,27.4,27.3,27.3,27.4,27.3,27.2,27.3,27.3,27.4,27.3,27.4,27.3,27.4,27.2,27.2,27.4,27.2,27.2,27.2,27.2,27.3,27.2,27.2,27.1,27.0,27.3,27.2,27.2,27.3,27.2,27.2,27.1,27.2,27.3,27.5,27.2,27.2,27.2,27.2,27.2,27.1,27.1,27.2,27.1,27.2,27.2,27.1,27.2,27.1,27.0,26.9,27.1,27.1,27.1,27.1,27.2,27.1,27.1,27.1,27.0,27.0,27.1,27.1,27.0,27.1,27.1,27.3,27.0,27.1
28,27.0,27.0,27.0,27.2,27.1,27.1,27.0,27.0,27.0,27.1,27.1,27.1,27.1,27.1,27.0,27.0,27.1,27.2,27.2,27.2,27.1,27.1,27.2,27.1,27.1,27.2,27.1,27.1,27.3,27.0,27.2,27.2,27.3,27.2,27.2,27.3,27.3,27.3,27.2,27.3,27.2,27.2,27.1,27.2,27.1,27.3,27.1,27.2,27.3,27.2,27.1,27.3,27.2,27.1,27.1,27.3,27.3,27.3,27.2,27.3,27.3,27.3,27.3,27.1,27.3,27.3,27.3,27.3,27.3,27.3,27.3,27.3,27.2,27.4,27.3,27.3,27.2,27.2,27.3,27.3,27.4,27.3,27.5,27.3,27.5,27.5,27.4,27.4,27.3,27.5,27.3,27.4,27.4,27.5,27.3,27.4,27.3,27.3,27.4,27.5,27.5,27.5,27.5,27.4,27.4,27.6,27.6,27.5,27.3,27.4,27.6,27.3,27.4,27.5,27.4,27.4,27.3,27.4,27.4,27.4,27.6,27.5,27.4,27.4,27.4,27.4,27.2,27.3,27.2,27.3,27.3,27.3,27.4,27.3,27.3,27.5,27.2,27.3,27.3,27.2,27.2,27.3,27.3,27.3,27.4,27.4,27.3,27.2,27.3,27.4,27.3,27.4,27.1,27.3,27.3,27.2,27.4,27.2,27.1,27.2,27.1,27.1,27.2,27.3,27.2,27.1,27.3,27.2,27.2,27.3,27.3,27.1,27.1,27.2,27.0,27.1,27.2,27.2,27.3,27.1,27.1,27.1,27.1,27.1,27.2,27.1,27.0,27.0,27.1,27.2,27.1,27.0
29,27.1,27.1,27.2,27.2,27.0,27.0,27.0,27.1,27.3,27.0,27.1,27.2,27.1,27.1,27.1,27.1,27.1,27.2,27.1,27.1,27.1,27.2,27.1,27.0,27.1,27.3,27.1,27.3,27.3,27.2,27.2,27.2,27.2,27.2,27.1,27.3,27.3,27.2,27.2,27.2,27.2,27.2,27.3,27.3,27.2,27.3,27.4,27.1,27.3,27.3,27.2,27.3,27.4,27.3,27.3,27.3,27.3,27.3,27.2,27.2,27.2,27.3,27.3,27.1,27.3,27.3,27.4,27.3,27.3,27.3,27.3,27.2,27.3,27.4,27.4,27.4,27.5,27.5,27.4,27.3,27.3,27.5,27.4,27.4,27.4,27.3,27.6,27.5,27.4,27.7,27.7,27.6,27.4,27.5,27.5,27.4,27.5,27.5,27.5,27.4,27.4,27.4,27.4,27.7,27.3,27.4,27.4,27.3,27.4,27.3,27.4,27.4,27.4,27.5,27.4,27.5,27.5,27.3,27.6,27.5,27.4,27.3,27.5,27.4,27.4,27.3,27.4,27.5,27.6,27.3,27.5,27.4,27.4,27.4,27.4,27.3,27.3,27.3,27.5,27.3,27.3,27.5,27.2,27.3,27.2,27.4,27.6,27.2,27.3,27.3,27.3,27.2,27.2,27.2,27.2,27.1,27.1,27.2,27.1,27.3,27.3,27.2,27.1,27.0,27.2,27.1,27.1,27.1,27.2,27.3,27.2,27.2,27.2,27.3,27.3,27.1,27.2,27.2,27.2,27.0,27.0,27.1,27.1,26.9,27.1,27.2,27.1,27.2,27.0,27.1,27.0,27.0
30,27.0,27.0,27.1,27.1,27.0,27.1,27.1,27.2,27.1,27.1,27.2,27.0,27.1,27.0,27.2,27.2,27.3,27.1,27.0,27.0,27.2,27.1,27.1,27.1,27.2,27.1,27.0,27.2,27.3,27.2,27.2,27.3,27.2,27.3,27.3,27.3,27.1,27.4,27.3,27.2,27.2,27.3,27.3,27.1,27.3,27.3,27.4,27.2,27.3,27.3,27.2,27.4,27.2,27.1,27.2,27.3,27.1,27.3,27.2,27.2,27.2,27.3,27.4,27.1,27.4,27.3,27.3,27.5,27.4,27.2,27.2,27.3,27.5,27.2,27.5,27.6,27.4,27.4,27.4,27.3,27.3,27.5,27.3,27.3,27.6,27.5,27.4,27.4,27.3,27.4,27.4,27.4,27.5,27.4,27.3,27.5,27.4,27.3,27.5,27.4,27.5,27.5,27.6,27.6,27.4,27.4,27.5,27.5,27.3,27.2,27.3,27.4,27.4,27.3,27.3,27.3,27.4,27.4,27.5,27.5,27.4,27.3,27.3,27.3,27.3,27.5,27.2,27.4,27.3,27.4,27.3,27.5,27.4,27.3,27.2,27.3,27.4,27.2,27.3,27.3,27.4,27.0,27.3,27.3,27.2,27.1,27.2,27.2,27.3,27.2,27.3,27.5,27.2,27.2,27.2,27.1,27.2,27.2,27.3,27.3,27.2,27.2,27.3,27.2,27.3,27.3,27.1,27.3,27.0,27.2,27.2,27.1,27.1,27.2,27.3,27.1,27.0,27.1,27.1,27.1,27.1,27.1,27.1,27.0,27.1,27.2,27.2,27.1,27.2,27.0,27.0,27.0
31,27.1,26.9,27.1,27.0,27.0,27.2,27.1,27.0,27.2,26.9,27.1,27.0,27.1,27.2,27.1,27.1,27.2,27.1,27.1,27.1,27.1,27.1,27.1,27.1,27.2,27.2,27.0,27.2,27.1,27.3,27.2,27.3,27.0,27.0,27.3,27.4,27.1,27.3,27.2,27.3,27.3,27.3,27.1,27.3,27.3,27.2,27.3,27.2,27.1,27.2,27.4,27.3,27.3,27.3,27.3,27.2,27.2,27.3,27.3,27.3,27.2,27.3,27.3,27.3,27.3,27.4,27.3,27.3,27.4,27.3,27.3,27.3,27.5,27.4,27.3,27.3,27.5,27.4,27.4,27.4,27.3,27.2,27.4,27.5,27.5,27.5,27.4,27.5,27.5,27.4,27.4,27.5,27.6,27.5,27.6,27.4,27.5,27.4,27.5,27.5,27.4,27.5,27.6,27.5,27.3,27.4,27.3,27.4,27.4,27.3,27.3,27.4,27.5,27.5,27.3,27.4,27.3,27.4,27.4,27.3,27.4,27.5,27.3,27.3,27.4,27.6,27.5,27.5,27.5,27.6,27.4,27.3,27.2,27.3,27.3,27.3,27.5,27.3,27.5,27.3,27.3,27.1,27.3,27.3,27.3,27.2,27.2,27.2,27.2,27.1,27.3,27.3,27.1,27.1,27.3,27.3,27.3,27.3,27.2,27.2,27.1,27.1,27.1,27.1,27.2,27.0,27.1,27.2,27.4,27.3,27.1,27.3,27.3,27.1,27.2,27.1,27.1,27.3,27.3,27.1,27.2,27.1,27.1,27.1,27.1,27.2,27.2,27.1,27.0,27.0,26.9,27.0
32,27.0,27.0,27.1,27.0,27.0,27.1,27.0,27.0,27.2,27.0,27.2,26.9,27.1,27.0,27.1,27.2,27.1,27.1,27.1,27.3,27.1,27.1,27.2,27.1,27.2,27.1,27.2,27.2,27.0,27.4,27.3,27.3,27.2,27.3,27.1,27.3,27.1,27.3,27.2,27.2,27.2,27.2,27.2,27.5,27.4,27.1,27.1,27.3,27.2,27.1,27.1,27.2,27.1,27.2,27.2,27.2,27.2,27.4,27.3,27.5,27.2,27.3,27.2,27.3,27.2,27.2,27.5,27.4,27.3,27.3,27.4,27.5,27.5,27.4,27.5,27.4,27.4,27.4,27.4,27.4,27.4,27.6,27.6,27.4,27.4,27.3,27.4,27.4,27.4,27.7,27.6,27.6,27.5,27.5,27.6,27.3,27.4,27.3,27.3,27.4,27.5,27.4,27.4,27.3,27.6,27.3,27.5,27.4,27.3,27.4,27.4,27.6,27.4,27.3,27.4,27.1,27.3,27.3,27.4,27.5,27.3,27.5,27.2,27.5,27.4,27.3,27.3,27.5,27.3,27.3,27.3,27.3,27.4,27.2,27.3,27.3,27.4,27.4,27.5,27.3,27.3,27.2,27.4,27.3,27.1,27.3,27.3,27.2,27.2,27.4,27.3,27.2,27.3,27.1,27.2,27.2,27.1,27.3,27.2,27.4,27.2,27.3,27.2,27.2,27.1,27.1,27.2,27.3,27.1,27.2,27.1,27.3,27.1,27.3,27.1,27.2,27.1,27.4,27.1,27.0,27.2,27.1,27.1,27.3,27.1,27.0,27.3,27.1,27.2,27.1,27.2,27.1
33,27.1,27.0,27.2,27.2,27.1,27.0,27.0,27.1,27.1,27.1,27.0,27.1,27.1,27.2,27.2,27.0,27.2,27.1,27.1,27.3,27.2,27.1,27.2,27.2,27.2,27.1,27.1,27.2,27.2,27.2,27.3,27.1,27.1,27.1,27.3,27.3,27.1,27.3,27.3,27.2,27.3,27.2,27.3,27.5,27.1,27.2,27.4,27.3,27.2,27.3,27.3,27.3,27.3,27.3,27.2,27.2,27.2,27.2,27.2,27.2,27.3,27.5,27.2,27.4,27.3,27.3,27.2,27.4,27.3,27.3,27.4,27.4,27.3,27.4,27.5,27.3,27.3,27.5,27.4,27.3,27.6,27.5,27.6,27.3,27.4,27.6,27.6,27.6,27.3,27.6,27.6,27.5,27.5,27.6,27.6,27.4,27.4,27.5,27.4,27.4,27.5,27.6,27.5,27.4,27.5,27.3,27.4,27.3,27.3,27.4,27.5,27.5,27.6,27.4,27.5,27.4,27.6,27.4,27.3,27.4,27.4,27.4,27.4,27.4,27.2,27.5,27.4,27.4,27.4,27.4,27.3,27.4,27.3,27.4,27.3,27.3,27.4,27.4,27.4,27.3,27.3,27.2,27.3,27.2,27.4,27.3,27.3,27.4,27.4,27.2,27.3,27.2,27.2,27.3,27.2,27.2,27.1,27.2,27.3,27.4,27.3,27.2,27.2,27.1,27.3,27.2,27.1,27.1,27.1,27.3,27.3,27.2,27.1,27.3,27.2,27.1,27.3,27.0,27.2,27.2,27.0,27.1,27.1,27.1,27.2,27.3,27.3,27.2,27.0,27.1,27.1,27.2
34,27.1,26.9,27.0,27.1,27.1,26.9,27.1,26.9,27.2,27.1,27.2,27.0,27.2,27.2,27.0,27.2,27.2,27.2,27.0,27.2,27.0,27.2,27.1,27.1,27.1,27.3,27.2,27.0,27.1,27.2,27.3,27.1,27.0,27.3,27.2,27.3,27.1,27.3,27.2,27.3,27.1,27.3,27.1,27.3,27.2,27.3,27.3,27.1,27.2,27.3,27.2,27.3,27.3,27.2,27.2,27.3,27.2,27.3,27.2,27.3,27.4,27.4,27.4,27.3,27.3,27.4,27.4,27.3,27.4,27.5,27.2,27.5,27.3,27.4,27.4,27.5,27.2,27.4,27.3,27.3,27.4,27.4,27.4,27.4,27.5,27.4,27.4,27.6,27.5,27.4,27.5,27.5,27.6,27.5,27.3,27.4,27.2,27.4,27.5,27.4,27.3,27.4,27.5,27.6,27.3,27.4,27.3,27.3,27.4,27.4,27.4,27.4,27.5,27.6,27.3,27.5,27.6,27.6,27.6,27.4,27.4,27.4,27.4,27.4,27.3,27.4,27.5,27.6,27.5,27.5,27.3,27.4,27.3,27.3,27.4,27.5,27.3,27.3,27.3,27.3,27.4,27.3,27.3,27.3,27.3,27.3,27.4,27.3,27.3,27.3,27.3,27.4,27.4,27.3,27.1,27.2,27.2,27.4,27.3,27.3,27.1,27.3,27.2,27.3,27.1,27.2,27.2,27.3,27.1,27.2,27.2,27.2,27.2,27.1,27.3,27.1,27.2,27.1,27.1,27.1,27.2,27.1,27.1,27.1,27.1,27.1,27.0,27.1,27.1,27.2,27.2,27.0
35,26.8,27.0,27.0,27.1,27.0,27.0,27.0,27.0,27.0,27.0,27.2,27.1,27.2,27.1,27.1,27.1,27.0,27.2,27.1,27.2,27.2,27.1,27.2,27.2,27.2,27.2,27.1,27.1,27.2,27.2,27.2,27.2,27.3,27.2,27.2,27.4,27.1,27.1,27.1,27.1,27.2,27.3,27.1,27.1,27.3,27.2,27.4,27.2,27.1,27.2,27.2,27.3,27.3,27.2,27.5,27.3,27.2,27.4,27.4,27.3,27.3,27.4,27.5,27.2,27.4,27.3,27.3,27.3,27.3,27.3,27.3,27.3,27.4,27.4,27.5,27.5,27.5,27.4,27.3,27.6,27.3,27.6,27.5,27.4,27.7,27.5,27.6,27.3,27.5,27.6,27.5,27.4,27.5,27.5,27.3,27.6,27.3,27.4,27.5,27.3,27.2,27.4,27.3,27.2,27.2,27.2,27.3,27.4,27.3,27.1,27.3,27.3,27.3,27.4,27.3,27.3,27.3,27.4,27.4,27.6,27.3,27.5,27.4,27.5,27.5,27.5,27.3,27.5,27.6,27.5,27.4,27.4,27.5,27.5,27.4,27.3,27.4,27.3,27.3,27.4,27.3,27.3,27.4,27.4,27.3,27.4,27.4,27.3,27.4,27.2,27.4,27.2,27.3,27.1,27.3,27.2,27.2,27.3,27.2,27.3,27.3,27.1,27.2,27.2,27.3,27.2,27.1,27.1,27.2,27.4,27.3,27.1,27.2,27.1,27.2,27.0,27.0,27.1,27.0,27.0,27.0,27.0,27.2,27.1,27.1,27.0,27.0,27.2,27.0,27.1,27.2,27.0
36,27.2,26.9,26.9,26.9,27.1,26.9,27.1,27.1,27.0,27.1,27.0,27.0,27.1,27.2,27.0,27.0,27.1,27.1,27.1,27.0,27.2,27.1,27.3,27.2,27.3,27.2,27.1,27.1,27.1,27.1,27.4,27.2,27.2,27.2,27.2,27.3,27.2,27.3,27.2,27.2,27.1,27.3,27.2,27.2,27.4,27.2,27.1,27.3,27.2,27.2,27.2,27.2,27.2,27.3,27.3,27.3,27.3,27.3,27.2,27.3,27.5,27.3,27.5,27.3,27.5,27.4,27.4,27.3,27.3,27.4,27.4,27.5,27.3,27.4,27.5,27.4,27.4,27.6,27.5,27.4,27.5,27.5,27.6,27.6,27.5,27.6,27.6,27.5,27.5,27.6,27.5,27.5,27.5,27.5,27.5,27.3,27.1,27.3,27.4,27.2,27.3,27.3,27.4,27.1,27.1,27.1,27.2,27.1,27.1,27.2,27.0,27.2,27.1,27.2,27.3,27.3,27.3,27.4,27.4,27.3,27.4,27.4,27.3,27.3,27.4,27.3,27.4,27.5,27.4,27.5,27.5,27.4,27.3,27.4,27.2,27.6,27.3,27.4,27.5,27.3,27.3,27.4,27.2,27.4,27.4,27.4,27.2,27.3,27.3,27.3,27.1,27.3,27.3,27.2,27.4,27.3,27.3,27.3,27.3,27.4,27.3,27.1,27.2,27.3,27.1,27.1,27.3,27.1,27.0,27.1,27.0,27.1,27.2,27.2,27.2,27.0,27.2,27.3,26.9,27.1,27.1,27.1,27.2,27.3,27.0,27.3,27.1,27.2,27.2,27.0,27.1,27.1
37,26.8,27.1,27.1,27.1,26.9,27.1,27.2,27.0,27.1,27.0,27.1,27.1,27.1,27.1,27.3,27.1,27.1,27.1,27.0,27.2,26.9,27.2,27.2,27.1,27.3,27.3,27.1,27.1,27.2,27.3,27.3,27.3,27.2,27.3,27.2,27.2,27.1,27.2,27.2,27.3,27.3,27.3,27.2,27.2,27.3,27.1,27.1,27.1,27.2,27.3,27.3,27.4,27.3,27.3,27.2,27.5,27.3,27.3,27.4,27.3,27.5,27.3,27.4,27.3,27.4,27.2,27.3,27.3,27.4,27.4,27.3,27.4,27.3,27.4,27.3,27.4,27.6,27.4,27.5,27.4,27.5,27.5,27.7,27.6,27.6,27.6,27.5,27.7,27.6,27.4,27.4,27.5,27.3,27.4,27.2,27.1,27.0,27.2,27.2,27.1,27.0,27.1,27.1,27.1,27.0,27.0,27.0,26.9,27.0,27.0,26.9,27.0,27.1,27.1,27.1,27.1,27.1,27.4,27.4,27.2,27.4,27.5,27.4,27.4,27.4,27.4,27.3,27.4,27.4,27.5,27.4,27.5,27.3,27.4,27.4,27.5,27.3,27.5,27.4,27.4,27.2,27.3,27.4,27.3,27.2,27.4,27.3,27.4,27.3,27.3,27.3,27.3,27.3,27.2,27.2,27.2,27.3,27.3,27.3,27.2,27.3,27.2,27.2,27.3,27.2,27.3,27.1,27.2,27.1,27.2,27.1,27.1,27.0,27.2,27.3,27.2,27.1,27.1,27.1,27.1,27.2,27.0,27.3,27.2,26.9,27.2,27.0,27.1,27.1,26.9,27.0,27.1
38,27.3,27.1,27.1,27.1,27.1,27.1,27.1,27.1,27.0,27.1,27.0,27.2,27.3,27.3,27.1,27.3,27.2,27.2,27.1,27.2,27.2,27.2,27.1,27.2,27.2,27.1,27.2,27.1,27.2,27.3,27.1,27.3,27.1,27.3,27.3,27.3,27.0,27.3,27.3,27.3,27.3,27.2,27.2,27.3,27.3,27.3,27.3,27.3,27.2,27.1,27.3,27.4,27.3,27.2,27.3,27.2,27.3,27.3,27.3,27.3,27.4,27.3,27.4,27.3,27.3,27.2,27.4,27.4,27.5,27.4,27.4,27.4,27.4,27.3,27.6,27.5,27.4,27.4,27.3,27.5,27.4,27.6,27.5,27.5,27.4,27.5,27.5,27.6,27.3,27.5,27.6,27.4,27.4,27.3,27.1,27.0,26.9,27.1,26.9,27.1,26.9,27.1,26.9,27.1,26.9,26.9,26.8,26.9,27.0,26.9,26.9,26.9,26.8,26.9,27.2,27.3,27.3,27.3,27.3,27.4,27.3,27.3,27.4,27.4,27.2,27.3,27.4,27.3,27.4,27.3,27.3,27.3,27.3,27.3,27.4,27.3,27.3,27.2,27.3,27.3,27.4,27.2,27.3,27.3,27.3,27.3,27.3,27.4,27.4,27.5,27.4,27.4,27.2,27.2,27.1,27.2,27.3,27.3,27.2,27.3,27.3,27.3,27.1,27.2,27.3,27.3,27.2,27.1,27.2,27.2,27.1,27.1,27.2,27.3,27.2,27.2,27.2,27.2,27.1,27.2,27.1,27.1,27.1,27.3,27.1,27.0,27.1,27.2,27.1,27.2,27.3,27.0
39,27.0,27.2,27.1,27.1,27.1,27.0,27.2,27.2,27.1,27.1,27.2,27.1,27.2,27.1,27.3,27.3,27.2,27.1,27.1,27.2,27.1,27.2,27.1,27.1,27.1,27.2,27.1,27.2,27.3,27.3,27.3,27.1,27.1,27.3,27.3,27.2,27.2,27.3,27.3,27.2,27.3,26.9,27.1,27.2,27.2,27.2,27.2,27.2,27.3,27.3,27.3,27.3,27.3,27.2,27.3,27.2,27.3,27.4,27.3,27.3,27.5,27.3,27.4,27.1,27.4,27.5,27.3,27.3,27.5,27.3,27.3,27.5,27.3,27.4,27.4,27.5,27.5,27.5,27.5,27.5,27.5,27.6,27.3,27.3,27.5,27.7,27.5,27.5,27.4,27.5,27.4,27.4,27.4,27.3,27.1,27.1,27.0,26.9,26.9,26.9,27.1,26.9,26.8,27.0,26.7,26.8,26.9,26.9,26.8,26.8,26.8,26.9,26.9,27.0,27.2,27.2,27.3,27.4,27.3,27.4,27.2,27.4,27.3,27.3,27.4,27.3,27.3,27.5,27.3,27.5,27.3,27.3,27.3,27.4,27.5,27.5,27.4,27.4,27.4,27.5,27.3,27.3,27.3,27.5,27.3,27.4,27.4,27.3,27.6,27.2,27.4,27.3,27.3,27.1,27.3,27.2,27.3,27.3,27.3,27.3,27.2,27.1,27.2,27.3,27.3,27.3,27.2,27.3,27.3,27.3,27.4,27.2,27.1,27.4,27.2,27.0,27.2,27.3,27.2,27.2,27.2,27.1,27.2,27.1,27.2,27.0,27.2,27.0,27.2,27.2,27.3,27.2
40,27.1,27.0,27.0,27.2,26.9,27.0,26.9,27.1,27.2,26.9,27.1,27.2,27.2,27.0,27.1,27.2,27.0,27.2,27.1,27.2,27.1,27.2,27.3,27.1,27.2,27.1,27.1,27.2,27.2,27.1,27.2,27.1,26.9,27.1,27.0,27.2,27.1,27.2,27.3,27.2,27.1,27.0,27.0,27.0,27.2,27.1,27.2,27.3,27.3,27.3,27.3,27.3,27.3,27.2,27.3,27.4,27.3,27.2,27.1,27.3,27.2,27.3,27.4,27.3,27.4,27.3,27.3,27.4,27.3,27.5,27.4,27.3,27.2,27.3,27.3,27.3,27.3,27.3,27.3,27.3,27.4,27.4,27.4,27.4,27.3,27.4,27.3,27.2,27.3,27.2,27.3,27.3,27.3,27.2,27.2,27.0,26.9,26.9,26.9,26.7,26.9,26.9,26.9,27.1,26.9,26.9,27.1,26.9,26.9,26.9,26.8,26.9,26.8,26.8,27.1,27.1,27.2,27.3,27.3,27.3,27.4,27.3,27.3,27.4,27.3,27.3,27.4,27.3,27.5,27.3,27.4,27.3,27.5,27.3,27.4,27.2,27.6,27.4,27.3,27.3,27.3,27.3,27.2,27.4,27.3,27.4,27.2,27.3,27.3,27.3,27.3,27.3,27.3,27.2,27.4,27.3,27.3,27.3,27.4,27.4,27.2,27.2,27.1,27.3,27.2,27.2,27.3,27.3,27.3,27.3,27.2,27.2,27.2,27.1,27.3,27.2,27.1,27.1,27.3,27.1,26.9,27.2,27.1,27.2,27.1,27.1,27.2,27.2,27.2,27.1,27.2,27.1
41,27.0,27.2,27.0,27.1,27.2,27.0,27.0,27.0,27.2,27.0,27.2,27.1,27.1,27.1,27.0,27.1,27.2,27.2,27.1,27.2,27.3,27.2,27.3,27.2,27.2,27.2,27.3,27.1,27.2,27.3,27.0,27.1,26.9,27.0,27.2,27.1,27.1,27.3,27.1,27.1,27.1,26.8,26.9,26.9,26.9,27.2,27.1,27.3,27.2,27.3,27.3,27.3,27.2,27.3,27.4,27.5,27.3,27.2,27.3,27.3,27.3,27.1,27.2,27.1,27.3,27.3,27.2,27.2,27.3,27.4,27.2,27.2,27.1,27.2,27.1,27.5,27.1,27.3,27.3,27.3,27.4,27.3,27.1,27.2,27.1,27.2,27.3,27.1,27.2,27.3,27.2,27.3,27.1,27.2,26.9,26.9,26.8,27.0,27.0,27.0,27.1,26.9,27.0,27.0,26.9,26.9,27.2,27.2,27.1,27.1,27.0,27.0,27.0,27.1,27.1,27.1,27.2,27.2,27.2,27.3,27.5,27.8,27.5,27.5,27.4,27.4,27.5,27.5,27.3,27.4,27.4,27.4,27.6,27.5,27.5,27.3,27.3,27.5,27.4,27.4,27.3,27.4,27.3,27.5,27.4,27.3,27.4,27.4,27.6,27.3,27.5,27.3,27.4,27.2,27.4,27.1,27.3,27.3,27.2,27.3,27.4,27.2,27.3,27.2,27.3,27.2,27.2,27.3,27.3,27.3,27.3,27.1,27.2,27.2,27.3,27.2,27.1,27.2,27.3,27.3,27.1,27.2,27.2,27.3,27.2,27.3,27.3,27.0,27.1,27.1,27.3,27.1
42,27.0,27.1,27.1,27.2,26.9,27.1,27.2,27.1,27.1,27.1,27.2,27.2,27.2,27.1,27.1,27.3,27.3,27.2,27.2,27.2,27.1,27.1,27.1,27.4,27.3,27.3,27.2,27.2,27.2,27.1,27.1,27.0,26.9,26.7,26.7,26.8,27.1,27.3,27.2,27.1,27.1,26.9,26.7,26.9,27.0,27.1,27.2,27.4,27.2,27.3,27.1,27.2,27.1,27.1,27.2,27.3,27.2,27.2,27.0,27.2,27.3,27.1,27.1,27.0,27.1,27.1,27.0,27.0,27.1,27.1,27.1,27.0,27.0,26.9,27.0,27.0,26.9,26.9,27.1,27.0,26.9,27.0,26.9,27.0,26.9,27.1,26.8,26.9,26.8,27.0,27.0,26.8,27.0,26.7,26.9,26.8,26.9,26.9,27.0,26.9,27.1,27.0,26.9,26.9,27.1,27.0,27.2,27.3,27.3,27.1,27.3,27.1,26.9,27.2,26.9,26.9,27.1,27.1,27.1,27.5,27.6,27.8,27.7,27.4,27.5,27.8,27.5,27.4,27.5,27.3,27.4,27.3,27.3,27.3,27.5,27.5,27.4,27.4,27.4,27.4,27.3,27.3,27.3,27.4,27.4,27.3,27.2,27.3,27.3,27.3,27.3,27.4,27.2,27.1,27.3,27.4,27.2,27.3,27.3,27.3,27.4,27.2,27.3,27.3,27.2,27.2,27.0,27.2,27.1,27.3,27.3,27.3,27.1,27.2,27.2,27.2,27.1,27.3,27.1,27.2,27.0,27.0,27.1,27.2,27.1,27.1,27.1,27.1,27.2,27.2,27.1,27.2
43,26.9,27.1,27.1,27.0,27.1,27.1,27.3,27.0,27.2,27.1,27.1,27.0,27.1,27.2,27.1,27.1,27.1,27.2,27.2,27.1,27.2,27.2,27.1,27.1,27.1,27.2,27.2,27.2,27.1,27.0,27.0,26.9,26.7,27.0,26.8,26.9,26.9,27.0,27.0,27.2,27.1,26.9,27.0,27.1,26.9,27.1,27.2,27.2,27.2,27.2,27.2,27.1,27.1,27.2,27.2,27.3,27.1,27.0,27.1,27.1,27.1,27.0,27.0,26.9,26.9,27.0,27.2,26.9,26.9,26.9,26.9,27.0,26.9,26.9,27.0,26.9,26.7,27.1,26.9,26.8,26.8,26.9,26.8,26.8,26.7,26.8,26.8,26.8,26.7,26.7,26.7,26.8,26.7,26.8,26.7,26.8,26.8,26.9,27.1,27.1,27.0,27.0,27.2,27.1,27.1,27.0,27.2,27.5,27.2,27.3,27.1,27.0,27.1,26.9,27.2,27.2,27.2,27.2,27.5,27.6,28.0,28.4,28.0,27.8,27.9,28.2,28.0,27.8,27.4,27.4,27.2,27.4,27.4,27.4,27.4,27.5,27.5,27.4,27.5,27.5,27.5,27.4,27.5,27.5,27.4,27.7,27.6,27.3,27.5,27.4,27.3,27.5,27.3,27.3,27.3,27.3,27.3,27.3,27.3,27.5,27.3,27.3,27.3,27.1,27.3,27.2,27.2,27.2,27.3,27.2,27.2,27.3,27.2,27.3,27.4,27.2,27.3,27.3,27.3,27.1,27.2,27.2,27.2,27.2,27.2,27.3,27.1,27.2,27.1,27.3,27.1,27.1
44,27.1,27.1,27.1,27.3,27.1,27.3,27.2,27.1,27.2,27.3,27.2,27.1,27.1,27.3,27.2,27.2,27.1,27.3,27.3,27.1,27.2,27.2,27.2,27.2,27.3,27.2,27.2,27.2,27.1,27.0,27.1,26.9,26.9,26.9,26.9,27.0,26.9,27.0,27.0,27.0,27.1,26.9,27.0,27.1,27.1,26.9,27.1,27.3,27.3,27.2,27.2,27.2,27.0,27.1,27.1,27.0,27.1,26.9,27.1,26.9,27.0,27.0,27.0,26.8,26.8,26.8,26.9,26.8,26.9,26.8,26.8,26.8,26.8,26.9,26.9,27.0,26.8,26.7,26.9,26.8,26.7,26.9,26.8,26.9,26.9,26.9,26.9,26.9,26.9,26.9,26.9,26.9,26.8,26.9,26.7,27.1,27.0,27.0,27.3,27.1,27.2,27.3,27.2,27.3,27.1,27.2,27.3,27.4,27.4,27.3,27.3,27.0,27.1,27.1,27.1,27.2,27.1,27.3,27.6,27.9,28.5,28.7,28.1,27.6,28.1,28.8,28.6,28.0,27.4,27.4,27.4,27.5,27.3,27.4,27.5,27.3,27.4,27.6,27.5,27.5,27.3,27.3,27.5,27.5,27.5,27.3,27.5,27.5,27.4,27.3,27.4,27.3,27.5,27.6,27.3,27.4,27.3,27.6,27.4,27.5,27.4,27.3,27.3,27.2,27.3,27.3,27.3,27.1,27.4,27.4,27.3,27.3,27.2,27.3,27.3,27.1,27.2,27.2,27.3,27.2,27.3,27.1,27.1,27.3,27.2,27.1,27.1,27.1,27.4,27.1,27.3,27.1
45,26.9,27.1,27.2,27.3,27.2,27.1,27.0,27.1,27.1,27.1,27.1,27.1,27.3,27.1,27.1,27.2,27.1,27.3,27.2,27.2,27.1,27.1,27.3,27.3,27.2,27.3,27.3,27.1,27.1,27.0,27.1,27.0,26.9,26.9,26.9,27.0,26.9,26.9,27.0,27.1,26.9,27.0,27.0,26.9,26.9,26.9,26.9,27.1,27.1,27.2,27.1,27.1,27.2,27.0,27.2,27.2,26.9,27.0,26.9,26.9,26.9,27.1,27.1,27.0,26.8,27.0,26.8,26.8,26.8,26.9,26.8,27.0,26.8,26.8,26.7,26.7,26.9,26.7,26.7,26.8,26.8,26.8,26.9,26.9,26.9,26.7,26.8,26.9,26.8,27.0,26.7,26.7,26.8,27.0,27.0,27.0,26.9,27.1,27.1,27.2,27.3,27.2,27.2,27.2,27.1,27.1,27.3,27.5,27.2,27.4,27.1,27.1,27.1,27.0,27.1,27.0,27.1,27.3,27.8,28.1,28.6,28.5,28.0,27.6,27.9,28.7,28.5,28.0,27.5,27.5,27.3,27.4,27.3,27.5,27.5,27.3,27.6,27.5,27.6,27.3,27.4,27.4,27.5,27.3,27.5,27.4,27.4,27.4,27.5,27.3,27.5,27.3,27.3,27.3,27.3,27.4,27.3,27.4,27.3,27.3,27.3,27.2,27.2,27.4,27.4,27.2,27.3,27.4,27.0,27.3,27.2,27.2,27.3,27.3,27.4,27.1,27.2,27.1,27.3,27.2,27.1,27.2,27.3,27.1,27.2,27.2,27.1,27.1,27.2,27.2,27.3,27.2
46,27.2,27.2,27.3,27.1,27.1,27.1,27.0,27.2,27.1,27.1,27.3,27.1,27.2,27.3,27.2,27.3,27.2,27.2,27.3,27.3,27.2,27.2,27.1,27.2,27.3,27.3,27.3,27.2,27.1,27.1,26.9,27.0,26.9,26.9,27.0,27.0,26.8,26.9,27.1,26.9,26.9,26.7,26.8,27.0,27.1,27.0,26.9,27.1,27.1,27.3,27.3,27.1,27.1,27.1,27.1,27.4,27.1,26.9,27.1,26.9,27.0,26.9,27.0,26.9,26.8,26.9,26.8,26.9,27.0,27.0,26.9,26.9,26.8,26.9,26.9,26.9,26.9,26.9,26.8,26.9,26.8,27.0,27.0,27.0,26.9,26.9,27.1,26.7,27.0,26.9,26.9,27.1,26.9,27.0,27.0,27.1,27.0,27.1,27.1,27.2,27.2,27.3,27.3,27.3,27.2,27.3,27.4,27.5,27.4,27.2,27.2,27.1,27.1,27.1,27.2,27.2,27.1,27.2,27.7,27.9,28.2,28.3,27.9,27.5,27.8,28.7,28.2,28.0,27.2,27.3,27.3,27.4,27.4,27.6,27.4,27.3,27.4,27.4,27.5,27.5,27.4,27.5,27.7,27.5,27.4,27.5,27.4,27.3,27.5,27.3,27.5,27.4,27.5,27.3,27.3,27.4,27.3,27.3,27.4,27.5,27.4,27.3,27.3,27.3,27.3,27.3,27.3,27.3,27.1,27.3,27.3,27.3,27.3,27.3,27.1,27.1,27.4,27.4,27.3,27.2,27.3,27.3,27.3,27.3,27.1,27.2,27.1,27.1,27.0,27.1,27.2,27.0
47,27.1,27.2,27.0,27.3,27.1,27.1,27.2,27.2,27.3,26.9,27.2,27.2,27.1,27.2,27.2,27.1,27.1,27.1,27.3,27.4,27.3,27.3,27.3,27.2,27.1,27.2,27.1,27.2,27.0,27.0,26.9,27.0,26.9,27.0,26.9,27.0,26.9,26.9,26.8,27.0,26.9,27.0,26.8,26.9,26.9,27.0,27.0,27.1,27.1,27.1,27.1,27.1,27.0,27.0,26.9,27.2,27.0,27.0,26.9,27.1,27.0,27.1,27.2,26.9,27.0,26.7,26.7,26.9,27.0,26.8,26.9,26.9,27.0,26.9,27.0,26.9,27.0,26.9,26.7,26.9,27.1,27.0,26.9,26.9,26.9,26.9,27.0,27.0,27.0,27.0,27.0,27.1,26.9,26.9,27.1,27.1,27.1,27.2,27.2,27.3,27.2,27.4,27.4,27.1,27.1,27.4,27.3,27.4,27.5,27.2,27.2,27.2,27.2,27.2,27.1,27.1,27.1,27.1,27.6,27.6,27.7,27.9,27.9,28.0,28.0,28.2,28.0,27.6,27.1,27.3,27.4,27.3,27.3,27.3,27.3,27.5,27.4,27.4,27.5,27.5,27.4,27.3,27.5,27.7,27.3,27.4,27.4,27.3,27.1,27.3,27.4,27.4,27.3,27.3,27.3,27.4,27.3,27.3,27.4,27.4,27.3,27.3,27.3,27.2,27.3,27.2,27.2,27.3,27.2,27.2,27.1,27.3,27.2,27.3,27.3,27.2,27.3,27.2,27.3,27.1,27.1,27.1,27.1,27.3,27.1,27.3,27.1,27.2,27.1,27.3,27.1,27.1
48,27.2,27.1,27.2,27.1,27.3,27.2,27.1,27.2,27.2,27.2,27.3,27.3,27.3,27.2,27.4,27.2,27.2,27.1,27.4,27.3,27.2,27.3,27.3,27.2,27.2,27.3,27.1,27.1,27.2,27.0,26.9,27.1,27.1,27.0,26.9,26.9,26.9,26.9,26.9,27.0,26.9,26.9,27.0,27.0,26.9,26.9,26.9,27.0,27.3,26.9,27.1,27.3,27.1,27.1,26.9,27.1,27.0,27.2,27.1,27.1,27.2,27.3,27.1,27.1,27.0,27.1,27.2,26.9,26.9,26.9,26.9,26.8,27.1,27.0,27.0,27.0,26.9,27.1,27.0,27.0,27.1,27.3,27.0,26.9,27.2,27.1,27.2,27.1,27.0,27.0,27.0,27.0,26.9,27.1,27.0,27.3,27.1,27.3,27.6,27.5,27.6,27.6,27.6,27.6,27.6,27.7,27.8,27.7,27.6,27.6,27.6,27.5,27.4,27.5,27.4,27.2,27.2,27.2,27.2,27.3,27.7,27.8,27.8,28.0,28.0,27.9,27.6,27.4,27.3,27.2,27.3,27.2,27.3,27.5,27.5,27.3,27.5,27.7,27.3,27.4,27.4,27.3,27.4,27.6,27.4,27.2,27.5,27.5,27.6,27.5,27.5,27.3,27.3,27.4,27.4,27.3,27.3,27.3,27.5,27.4,27.4,27.3,27.4,27.3,27.4,27.3,27.6,27.2,27.2,27.3,27.2,27.2,27.2,27.3,27.2,27.3,27.3,27.3,27.3,27.2,27.1,27.2,27.3,27.3,27.1,27.3,27.2,27.4,27.3,27.1,27.1,27.1
49,27.1,27.2,27.1,27.2,27.2,27.3,27.1,27.2,27.0,27.2,27.3,27.3,27.3,27.3,27.2,27.2,27.3,27.2,27.2,27.2,27.2,27.3,27.3,27.2,27.4,27.4,27.1,27.2,27.3,27.0,26.9,26.9,26.9,26.9,27.0,27.1,27.0,27.0,26.9,26.9,27.0,27.0,26.8,26.9,27.0,26.8,26.9,27.0,27.1,27.1,27.2,27.2,27.1,27.0,27.0,27.0,27.1,26.9,27.0,26.9,27.2,27.2,27.2,27.1,27.0,27.1,27.1,27.1,27.0,27.1,27.1,27.1,27.0,27.1,27.1,27.0,26.9,27.1,27.1,27.2,27.0,27.1,27.1,27.3,27.3,27.7,27.6,27.3,27.1,27.0,27.1,27.1,27.0,27.1,27.1,27.3,27.4,27.8,27.9,28.1,28.0,28.0,28.2,28.0,28.1,28.2,28.2,28.1,28.1,28.2,28.2,28.2,28.1,28.0,27.7,27.3,27.2,27.3,27.4,27.8,27.9,28.0,28.2,28.2,28.2,28.0,27.9,27.4,27.4,27.2,27.3,27.5,27.4,27.4,27.6,27.4,27.5,27.4,27.5,27.5,27.5,27.4,27.3,27.4,27.5,27.3,27.6,27.4,27.5,27.6,27.5,27.5,27.4,27.4,27.5,27.6,27.5,27.5,27.4,27.4,27.4,27.4,27.3,27.4,27.3,27.5,27.4,27.3,27.4,27.3,27.3,27.4,27.3,27.5,27.3,27.1,27.2,27.4,27.3,27.3,27.3,27.2,27.3,27.3,27.2,27.1,27.2,27.3,27.2,27.2,27.2,27.3
50,26.9,27.0,27.1,27.0,27.1,27.2,27.3,27.2,27.3,27.2,27.3,27.3,27.2,27.2,27.3,27.2,27.3,27.2,27.4,27.4,27.3,27.3,27.2,27.3,27.3,27.2,27.2,27.3,27.3,27.1,26.8,27.0,27.1,27.1,27.1,27.0,26.9,26.9,26.9,26.9,26.9,27.0,26.9,27.0,27.1,27.1,27.0,27.1,27.2,27.1,27.2,27.0,27.2,27.1,26.9,27.0,27.0,27.1,27.0,27.0,27.1,27.0,27.1,27.1,27.1,27.1,27.1,27.0,27.1,27.1,27.0,27.1,27.1,27.2,27.1,27.1,27.1,27.3,27.1,27.2,27.0,27.1,27.0,27.3,27.7,27.9,27.9,27.5,27.2,27.0,27.0,26.9,27.0,27.2,27.5,27.7,28.2,28.4,28.6,28.6,28.8,28.9,28.9,28.9,28.8,28.9,28.8,28.8,29.1,28.8,28.7,28.7,28.8,28.5,28.0,27.5,27.3,27.3,27.4,28.1,28.4,28.8,28.8,28.7,28.4,28.5,28.3,27.8,27.3,27.3,27.2,27.1,27.4,27.3,27.4,27.4,27.6,27.5,27.4,27.5,27.4,27.4,27.5,27.6,27.5,27.5,27.4,27.4,27.3,27.4,27.3,27.4,27.3,27.3,27.3,27.3,27.5,27.5,27.4,27.3,27.4,27.3,27.4,27.4,27.3,27.4,27.3,27.5,27.3,27.5,27.4,27.2,27.2,27.2,27.1,27.2,27.3,27.2,27.3,27.2,27.3,27.2,27.2,27.6,27.2,27.3,27.0,27.1,27.1,27.1,27.1,27.2
51,27.1,27.2,27.3,27.1,27.1,27.1,27.2,27.1,27.1,27.1,27.3,27.2,27.2,27.3,27.3,27.3,27.2,27.3,27.3,27.3,27.2,27.3,27.3,27.3,27.3,27.3,27.3,27.4,27.2,27.0,27.1,27.1,27.3,27.3,27.2,27.1,27.2,27.1,27.0,27.1,27.1,26.9,26.9,27.1,27.1,27.2,27.2,27.1,27.3,27.3,27.2,27.2,27.1,27.0,27.0,27.1,27.0,27.0,26.9,27.0,27.0,26.9,27.1,26.9,27.0,27.0,27.1,27.0,26.9,27.0,27.0,27.0,27.0,27.1,26.9,26.9,27.1,27.2,27.1,27.3,27.3,27.2,27.3,27.3,27.9,28.6,28.4,27.8,27.4,27.2,27.0,27.0,27.0,27.4,27.5,28.1,28.8,29.3,29.4,29.5,29.5,29.7,29.8,29.8,29.6,29.9,29.7,29.6,29.9,29.7,29.6,29.5,29.6,29.2,28.4,27.6,27.5,27.5,27.8,28.8,29.0,28.8,28.5,28.4,28.7,28.8,28.6,28.2,27.6,27.3,27.3,27.2,27.4,27.5,27.3,27.4,27.3,27.5,27.5,27.4,27.5,27.4,27.5,27.4,27.5,27.6,27.3,27.4,27.5,27.6,27.3,27.4,27.4,27.4,27.5,27.3,27.4,27.3,27.5,27.4,27.5,27.4,27.5,27.2,27.3,27.3,27.3,27.3,27.3,27.4,27.3,27.3,27.3,27.3,27.3,27.3,27.3,27.3,27.2,27.2,27.2,27.1,27.2,27.3,27.2,27.2,27.1,27.2,27.1,27.2,27.2,27.1
52,27.0,27.0,27.2,27.3,27.2,27.3,27.2,27.2,27.1,27.2,27.3,27.2,27.2,27.3,27.2,27.1,27.3,27.3,27.3,27.2,27.3,27.4,27.3,27.3,27.3,27.2,27.2,27.3,27.2,27.4,27.4,27.3,27.4,27.3,27.4,27.4,27.4,27.6,27.3,27.1,27.0,27.0,27.1,27.4,27.3,27.3,27.3,27.3,27.4,27.4,27.3,27.2,27.1,27.3,27.1,27.2,27.1,27.0,27.1,27.1,27.0,27.0,27.1,27.1,27.0,27.1,26.9,26.9,27.1,27.2,27.0,27.1,27.0,27.0,27.0,27.2,27.1,27.1,27.2,27.5,27.3,27.2,27.3,27.4,28.1,28.7,28.7,28.1,27.4,27.0,27.0,27.2,27.0,27.3,27.6,28.5,29.3,29.8,30.1,30.1,30.2,30.3,30.4,30.4,30.5,30.4,30.4,30.2,30.3,30.3,30.0,29.8,29.9,29.6,28.8,28.0,27.6,27.6,28.1,28.9,29.0,28.2,27.7,27.7,27.9,28.8,29.1,28.5,27.8,27.3,27.3,27.4,27.4,27.5,27.3,27.4,27.6,27.6,27.5,27.5,27.4,27.5,27.6,27.4,27.5,27.5,27.4,27.5,27.6,27.3,27.3,27.5,27.4,27.4,27.5,27.5,27.5,27.5,27.5,27.4,27.1,27.3,27.2,27.2,27.4,27.4,27.2,27.4,27.4,27.3,27.3,27.2,27.1,27.3,27.3,27.1,27.1,27.2,27.3,27.2,27.2,27.3,27.2,27.1,27.2,27.1,27.3,27.1,27.2,27.3,27.2,27.3
53,27.2,27.1,27.2,27.2,27.3,27.2,27.2,27.3,27.1,27.3,27.3,27.3,27.4,27.3,27.3,27.1,27.3,27.3,27.2,27.3,27.3,27.4,27.4,27.2,27.6,27.5,27.4,27.5,27.3,27.4,27.3,27.8,27.6,27.7,27.8,27.8,28.0,28.1,27.8,27.4,27.4,27.2,27.3,27.4,27.8,27.7,27.6,27.5,27.8,28.0,28.0,27.6,27.2,27.1,26.9,26.9,27.0,27.1,27.1,27.0,27.1,27.0,27.1,27.1,27.1,27.0,27.1,27.1,27.2,27.1,26.9,27.0,27.1,27.1,27.1,27.1,27.1,27.2,27.2,27.3,27.3,27.2,27.3,27.3,27.8,28.4,28.5,27.9,27.3,27.3,27.1,27.0,27.2,27.5,27.8,28.6,29.6,30.2,30.4,30.5,30.6,30.7,30.5,30.6,30.7,30.6,30.7,30.6,30.5,30.3,30.0,29.6,30.0,29.8,29.0,28.2,27.8,27.6,28.3,28.9,28.7,28.1,27.6,27.7,27.8,28.8,29.3,28.6,27.7,27.4,27.4,27.3,27.3,27.4,27.3,27.4,27.6,27.4,27.6,27.4,27.3,27.5,27.6,27.6,27.5,27.6,27.4,27.4,27.5,27.5,27.5,27.3,27.6,27.5,27.6,27.2,27.3,27.5,27.4,27.4,27.4,27.4,27.3,27.1,27.4,27.3,27.5,27.5,27.4,27.5,27.4,27.5,27.4,27.3,27.4,27.3,27.3,27.3,27.3,27.1,27.3,27.4,27.3,27.4,27.1,27.2,27.3,27.1,27.3,27.1,27.3,27.1
54,27.1,27.1,27.2,27.2,27.1,27.1,27.4,27.2,27.3,27.2,27.1,27.1,27.3,27.3,27.4,27.3,27.2,27.3,27.3,27.2,27.4,27.3,27.3,27.2,27.3,27.3,27.2,27.5,27.1,27.3,27.6,27.9,28.0,27.8,27.9,27.8,28.1,28.4,28.2,27.7,27.3,27.3,27.3,27.5,27.9,27.9,27.7,27.6,27.5,27.8,28.1,27.8,27.3,27.1,26.8,26.9,26.9,26.9,27.0,27.0,27.0,27.0,27.1,27.1,26.7,26.9,27.0,26.9,27.0,27.0,27.0,27.1,27.1,27.1,27.0,26.9,26.9,27.2,26.9,27.2,27.1,27.3,27.3,27.2,27.3,27.7,27.8,27.5,27.3,27.1,27.0,26.9,27.2,27.3,27.8,28.6,29.6,30.1,30.3,30.5,30.6,30.6,30.6,30.6,30.6,30.5,30.6,30.6,30.5,30.1,29.9,29.6,30.0,29.9,29.0,28.2,27.7,27.4,28.1,28.8,28.7,28.3,27.6,27.8,27.9,28.6,29.2,28.6,27.6,27.3,27.1,27.3,27.2,27.3,27.4,27.3,27.4,27.6,27.4,27.4,27.5,27.4,27.4,27.4,27.4,27.6,27.3,27.5,27.4,27.3,27.4,27.6,27.4,27.4,27.4,27.4,27.3,27.3,27.4,27.4,27.5,27.4,27.5,27.2,27.4,27.2,27.3,27.4,27.3,27.4,27.3,27.3,27.3,27.4,27.3,27.2,27.0,27.1,27.2,27.2,27.3,27.1,27.2,27.1,27.2,27.2,27.2,27.2,27.1,27.0,27.1,27.2
55,27.3,27.0,27.2,27.3,27.3,27.1,27.3,27.1,27.3,27.2,27.3,27.2,27.3,27.3,27.5,27.2,27.3,27.2,27.3,27.4,27.4,27.3,27.4,27.3,27.5,27.5,27.4,27.4,27.3,27.7,27.8,28.0,28.3,27.9,27.7,27.6,27.9,28.2,28.4,28.0,27.4,27.4,27.5,27.6,28.1,28.2,27.9,27.6,27.5,27.8,28.1,28.0,27.7,27.3,27.0,27.0,27.1,27.1,27.0,27.2,27.1,27.1,27.0,27.1,26.9,27.1,27.1,27.1,27.1,27.1,27.0,27.0,27.2,27.0,27.0,27.1,27.0,27.1,27.2,27.3,27.2,27.3,27.1,27.2,27.1,27.1,27.3,27.3,26.9,27.1,27.2,27.1,27.2,27.3,27.9,28.6,29.6,30.0,30.4,30.6,30.7,30.6,30.6,30.6,30.7,30.5,30.6,30.5,30.4,30.4,30.1,30.0,30.2,30.1,29.1,28.3,27.6,27.5,27.9,28.5,28.6,28.2,28.0,27.9,28.2,28.6,29.0,28.3,27.5,27.3,27.3,27.3,27.3,27.4,27.3,27.3,27.4,27.5,27.4,27.5,27.5,27.3,27.6,27.5,27.3,27.6,27.5,27.6,27.5,27.3,27.4,27.5,27.5,27.4,27.3,27.3,27.6,27.4,27.6,27.4,27.4,27.3,27.4,27.3,27.3,27.3,27.3,27.4,27.4,27.4,27.3,27.5,27.3,27.4,27.3,27.1,27.4,27.2,27.2,27.2,27.3,27.2,27.1,27.1,27.2,27.2,27.2,27.2,27.2,27.3,27.3,27.1
56,27.2,27.2,27.1,27.1,27.4,27.3,27.2,27.2,27.3,27.2,27.4,27.3,27.3,27.4,27.2,27.3,27.3,27.3,27.2,27.3,27.3,27.4,27.4,27.5,27.5,27.4,27.3,27.5,27.3,27.6,27.9,28.2,28.3,27.7,27.5,27.6,27.7,28.0,28.4,28.0,27.6,27.3,27.4,27.6,28.0,28.1,28.0,27.6,27.5,27.8,28.0,27.8,27.7,27.3,27.2,27.1,27.1,26.8,27.0,27.0,27.1,27.1,27.0,27.1,27.2,27.2,27.0,27.0,26.9,27.0,26.9,27.0,27.1,27.0,27.1,26.9,27.1,26.9,27.1,26.9,27.0,26.9,27.1,26.9,27.0,27.1,27.2,27.1,27.0,27.1,27.1,27.0,27.1,27.5,27.8,28.5,29.6,30.2,30.5,30.7,30.6,30.6,30.7,30.6,30.5,30.5,30.5,30.5,30.3,30.4,30.3,30.2,30.2,30.1,29.1,28.2,27.8,27.5,27.5,28.0,28.3,28.3,27.9,28.0,28.3,28.6,28.4,27.8,27.3,27.3,27.2,27.3,27.3,27.3,27.4,27.4,27.4,27.4,27.5,27.4,27.3,27.5,27.6,27.6,27.4,27.4,27.6,27.6,27.3,27.4,27.4,27.4,27.5,27.4,27.4,27.2,27.4,27.5,27.5,27.3,27.4,27.5,27.4,27.4,27.4,27.3,27.5,27.4,27.3,27.4,27.4,27.3,27.3,27.3,27.3,27.3,27.2,27.3,27.3,27.0,27.3,27.2,27.2,27.2,27.1,27.0,27.1,27.2,27.1,27.1,27.0,27.0
57,27.1,27.1,27.2,27.3,27.2,27.2,27.2,27.3,27.3,27.2,27.1,27.4,27.3,27.3,27.4,27.4,27.0,27.1,27.4,27.3,27.4,27.3,27.3,27.3,27.5,27.4,27.4,27.3,27.3,27.5,27.8,28.1,28.4,27.8,27.7,27.6,27.8,27.8,28.4,28.1,27.6,27.4,27.3,27.5,27.8,27.7,27.7,27.6,27.6,27.7,27.7,27.6,27.3,27.1,27.1,27.0,26.9,27.0,27.1,27.1,27.1,27.0,26.9,27.0,26.9,27.0,27.0,27.0,26.9,27.0,26.9,26.9,27.0,27.0,27.1,27.0,26.9,27.0,26.9,26.9,27.1,27.0,26.9,26.9,27.0,27.1,27.1,27.1,27.2,27.1,26.9,27.1,27.2,27.6,27.8,28.5,29.4,30.2,30.5,30.5,30.6,30.5,30.4,30.6,30.5,30.5,30.6,30.4,30.3,30.3,30.4,30.3,30.2,30.0,29.2,28.3,27.7,27.6,27.3,27.3,27.8,28.0,27.8,27.8,28.2,27.9,27.6,27.2,27.1,27.0,27.2,27.3,27.2,27.5,27.4,27.3,27.5,27.3,27.3,27.5,27.5,27.4,27.6,27.6,27.3,27.4,27.3,27.4,27.4,27.6,27.4,27.5,27.5,27.3,27.4,27.4,27.4,27.6,27.2,27.5,27.5,27.3,27.4,27.3,27.3,27.3,27.4,27.3,27.4,27.5,27.3,27.4,27.3,27.3,27.3,27.3,27.1,27.3,27.3,27.4,27.2,27.2,27.1,27.2,27.1,27.2,27.1,27.2,27.1,27.1,27.2,27.2
58,27.1,27.1,27.2,27.3,27.1,27.3,27.2,27.3,27.3,27.2,27.2,27.3,27.5,27.3,27.3,27.3,27.3,27.2,27.2,27.3,27.4,27.4,27.5,27.5,27.8,27.7,27.4,27.8,27.6,27.6,27.9,28.4,28.4,28.2,27.9,27.9,27.9,28.0,28.3,27.9,27.6,27.8,27.7,27.5,27.2,27.3,27.2,27.3,27.1,27.2,27.3,27.1,27.1,27.1,27.0,27.1,26.9,26.9,27.1,27.0,27.1,26.9,27.1,27.0,27.0,26.9,26.9,27.1,27.1,26.9,27.0,27.1,26.9,27.1,26.9,26.9,27.0,26.9,27.0,27.0,26.8,27.1,27.0,26.9,26.9,26.9,26.9,27.1,26.9,27.0,27.0,27.1,27.3,27.5,27.8,28.5,29.5,30.1,30.4,30.3,30.5,30.6,30.4,30.6,30.5,30.6,30.5,30.2,30.4,30.4,30.3,30.2,30.3,30.0,29.0,28.5,27.6,27.4,27.1,27.1,27.1,27.1,27.1,27.2,27.4,27.2,27.1,26.9,27.0,27.1,27.2,27.3,27.3,27.4,27.5,27.4,27.4,27.3,27.5,27.5,27.4,27.4,27.6,27.3,27.5,27.5,27.5,27.6,27.3,27.4,27.5,27.4,27.3,27.4,27.3,27.3,27.3,27.3,27.4,27.4,27.4,27.3,27.3,27.3,27.4,27.3,27.3,27.3,27.3,27.2,27.3,27.3,27.2,27.3,27.2,27.3,27.3,27.0,27.2,27.3,27.2,27.2,27.2,27.1,27.1,27.1,27.2,27.3,27.2,27.2,27.1,27.2
59,27.3,27.3,27.1,27.3,27.3,27.5,27.3,27.3,27.3,27.3,27.4,27.3,27.3,27.3,27.4,27.4,27.3,27.2,27.3,27.5,27.5,27.7,27.8,27.9,28.2,28.1,28.2,28.2,28.2,28.2,28.1,28.4,28.8,28.5,28.3,28.2,28.0,28.0,28.1,28.2,28.2,28.1,28.0,27.5,27.3,27.0,27.1,27.1,27.1,27.3,27.2,26.9,27.1,27.1,27.1,27.0,27.1,27.0,27.1,27.0,27.0,27.0,27.0,27.0,26.8,27.1,27.0,27.0,26.9,27.0,26.9,27.1,27.0,27.1,27.0,27.0,26.9,27.0,26.8,27.0,27.0,27.0,27.1,27.0,27.1,27.0,27.0,27.1,27.0,27.0,27.1,27.1,27.3,27.6,27.9,28.4,29.5,30.0,30.4,30.3,30.5,30.3,30.6,30.6,30.5,30.6,30.6,30.5,30.2,30.4,30.5,30.4,30.2,30.0,29.2,28.4,27.7,27.4,27.1,26.9,26.8,26.9,26.9,26.9,26.9,26.9,26.9,26.9,27.0,27.0,27.3,27.2,27.2,27.5,27.3,27.3,27.4,27.3,27.4,27.4,27.4,27.3,27.5,27.5,27.3,27.4,27.5,27.4,27.6,27.5,27.5,27.5,27.6,27.4,27.3,27.5,27.5,27.6,27.4,27.5,27.5,27.4,27.4,27.4,27.4,27.5,27.3,27.4,27.4,27.4,27.2,27.4,27.4,27.2,27.2,27.4,27.2,27.2,27.3,27.3,27.4,27.3,27.3,27.3,27.1,27.1,27.2,27.2,27.3,27.2,27.1,27.2
60,27.3,27.1,27.4,27.2,27.3,27.4,27.2,27.3,27.3,27.1,27.4,27.3,27.3,27.2,27.3,27.6,27.5,27.5,27.6,27.5,27.6,27.9,28.3,28.3,28.4,28.6,28.7,28.6,28.8,28.9,28.8,29.0,28.9,29.0,29.0,28.8,28.3,28.2,27.9,28.1,28.0,28.1,28.0,27.7,27.4,27.3,27.1,27.3,27.1,27.0,27.1,27.0,27.1,27.0,27.0,27.0,26.9,26.9,27.0,27.0,27.0,27.0,26.9,27.0,27.0,26.9,27.0,27.1,27.0,27.0,27.0,27.0,26.9,27.0,26.9,27.1,26.9,27.0,26.8,26.9,26.9,26.9,27.1,26.9,27.1,26.8,26.9,27.1,26.9,27.0,27.0,27.0,27.2,27.5,27.8,28.4,29.3,30.0,30.2,30.2,30.2,30.4,30.4,30.3,30.4,30.4,30.4,30.5,30.4,30.4,30.3,30.2,30.2,30.0,29.2,28.5,28.0,27.3,27.1,27.0,26.9,26.9,26.9,27.0,26.6,26.7,26.6,26.6,26.9,27.0,27.1,27.2,27.2,27.3,27.3,27.3,27.4,27.3,27.5,27.5,27.5,27.4,27.5,27.6,27.4,27.6,27.5,27.6,27.5,27.6,27.6,27.3,27.4,27.3,27.5,27.3,27.4,27.5,27.5,27.4,27.6,27.3,27.4,27.3,27.3,27.4,27.4,27.4,27.3,27.4,27.3,27.4,27.2,27.3,27.3,27.1,27.3,27.2,27.2,27.3,27.3,27.2,27.2,27.1,27.2,27.2,27.3,27.3,27.1,27.2,27.2,27.1
61,27.3,27.2,27.1,27.3,27.3,27.3,27.2,27.4,27.3,27.4,27.5,27.3,27.5,27.3,27.5,27.5,27.4,27.4,27.6,27.4,27.6,28.0,28.4,28.9,29.1,29.1,29.0,28.8,29.1,28.8,29.2,29.0,29.2,29.0,29.2,29.1,29.0,28.6,28.2,28.0,27.9,28.0,27.8,27.6,27.3,27.1,27.0,27.1,27.1,27.1,27.0,27.0,27.1,27.0,27.1,27.0,26.9,27.1,27.0,26.9,26.9,27.0,27.0,27.1,26.8,26.9,26.8,26.9,27.0,26.8,26.9,27.0,26.9,27.1,27.0,26.9,26.8,27.1,26.9,27.0,26.9,27.0,27.0,26.9,27.1,26.7,27.0,27.0,27.0,26.9,27.1,27.0,27.1,27.4,27.6,28.4,29.3,29.9,30.3,30.3,30.3,30.2,30.4,30.3,30.5,30.4,30.4,30.4,30.4,30.4,30.3,30.3,30.1,30.0,29.3,28.4,27.7,27.4,27.0,27.0,26.6,26.8,26.9,26.9,26.7,26.6,26.6,26.9,26.9,27.0,27.2,27.1,27.2,27.3,27.2,27.4,27.4,27.3,27.4,27.4,27.6,27.3,27.5,27.4,27.6,27.5,27.4,27.6,27.5,27.5,27.3,27.5,27.5,27.6,27.5,27.5,27.5,27.4,27.5,27.5,27.6,27.4,27.3,27.3,27.3,27.4,27.4,27.3,27.3,27.3,27.3,27.3,27.4,27.3,27.3,27.3,27.3,27.3,27.3,27.3,27.2,27.2,27.3,27.3,27.3,27.2,27.2,27.1,27.2,27.1,27.4,26.9
62,27.2,27.1,27.2,27.2,27.2,27.1,27.2,27.2,27.3,27.4,27.3,27.3,27.2,27.6,27.4,27.4,27.4,27.4,27.4,27.5,27.6,28.0,28.4,28.8,29.2,29.0,29.1,29.1,28.8,28.9,29.0,28.8,28.6,28.8,29.0,29.2,28.9,28.8,28.5,28.4,28.2,27.9,27.7,27.3,27.2,27.1,27.1,27.1,27.0,27.0,27.1,27.0,27.0,27.0,27.0,27.0,26.9,26.9,27.1,26.9,27.1,26.9,27.1,27.1,26.9,27.0,27.0,26.9,26.9,27.0,26.9,26.9,27.1,26.8,27.0,26.9,26.7,27.0,27.0,26.9,27.0,26.8,27.1,27.1,27.1,27.0,26.9,26.9,27.1,27.0,27.1,27.0,27.2,27.4,27.8,28.5,29.3,29.9,30.2,30.3,30.5,30.4,30.3,30.4,30.3,30.4,30.3,30.4,30.3,30.3,30.4,30.1,30.3,30.1,29.5,28.4,27.9,27.3,27.0,26.9,26.6,26.8,26.8,26.8,26.7,26.7,26.6,26.8,26.9,26.9,27.1,27.4,27.2,27.3,27.3,27.3,27.3,27.3,27.5,27.5,27.3,27.3,27.3,27.4,27.3,27.4,27.6,27.5,27.5,27.5,27.3,27.4,27.4,27.4,27.5,27.4,27.3,27.5,27.6,27.8,27.4,27.3,27.3,27.3,27.3,27.5,27.3,27.3,27.3,27.3,27.4,27.5,27.1,27.3,27.3,27.1,27.3,27.3,27.3,27.1,27.2,27.3,27.1,27.0,27.2,27.1,27.2,27.1,27.0,27.0,27.2,27.1
63,27.2,27.2,27.2,27.2,27.3,27.4,27.3,27.2,27.3,27.4,27.3,27.3,27.3,27.5,27.5,27.6,27.4,27.4,27.4,27.6,27.7,28.1,28.4,28.9,29.3,29.2,29.0,29.2,28.9,28.7,28.6,28.6,28.4,28.6,29.0,29.2,29.1,29.2,28.9,28.7,28.5,28.0,27.2,27.0,27.1,27.0,27.0,27.0,27.1,27.0,27.1,27.1,26.9,27.0,27.1,27.0,26.9,26.9,26.9,26.9,27.0,27.1,27.0,26.9,26.9,27.0,27.0,26.8,27.0,26.9,26.9,27.0,26.9,27.0,26.9,26.8,26.9,26.9,26.8,27.0,26.9,26.9,27.0,27.0,26.9,27.0,26.7,27.0,27.1,26.7,26.8,27.0,26.9,27.4,27.7,28.3,29.3,30.0,30.3,30.5,30.5,30.4,30.4,30.4,30.5,30.3,30.5,30.5,30.4,30.4,30.2,30.3,30.2,30.2,29.3,28.6,27.9,27.4,27.0,26.6,26.8,26.8,26.7,26.9,26.7,26.7,26.6,26.8,26.9,26.9,27.2,27.1,27.3,27.2,27.3,27.3,27.4,27.5,27.3,27.3,27.5,27.5,27.4,27.4,27.6,27.5,27.4,27.6,27.6,27.5,27.5,27.5,27.4,27.5,27.4,27.3,27.5,27.5,27.6,27.4,27.4,27.5,27.4,27.3,27.3,27.3,27.4,27.3,27.3,27.3,27.4,27.5,27.1,27.3,27.3,27.3,27.2,27.1,27.3,27.4,27.2,27.1,27.3,27.3,27.0,27.1,27.1,27.2,27.2,27.1,27.3,27.3
64,27.3,27.4,27.3,27.4,27.4,27.5,27.4,27.2,27.4,27.5,27.6,27.4,27.5,27.5,27.5,27.5,27.4,27.5,27.6,27.7,27.8,28.1,28.6,29.1,29.4,29.4,29.2,29.2,28.8,28.8,28.6,28.4,28.3,28.1,28.3,29.2,29.2,29.1,29.3,28.9,28.6,28.1,27.3,27.1,27.1,27.1,27.0,27.1,27.1,27.1,27.0,27.1,27.1,27.0,27.0,26.9,27.0,27.1,27.0,26.8,27.1,27.1,27.0,27.0,27.1,27.1,26.8,26.9,27.0,26.9,27.0,27.1,27.0,27.1,27.0,26.9,27.0,26.9,27.0,27.0,26.9,27.0,27.0,26.8,27.1,27.0,26.9,26.9,26.8,26.9,26.9,26.9,27.1,27.4,27.6,28.2,29.2,29.8,30.2,30.4,30.4,30.4,30.5,30.3,30.5,30.4,30.3,30.3,30.2,30.1,30.2,30.2,30.1,30.2,29.3,28.4,28.0,27.5,27.2,26.9,26.9,26.8,26.9,26.9,26.7,26.6,26.7,26.8,26.8,26.9,27.1,27.3,27.2,27.4,27.3,27.3,27.6,27.4,27.3,27.5,27.6,27.5,27.5,27.6,27.5,27.5,27.4,27.5,27.7,27.6,27.6,27.4,27.5,27.4,27.4,27.4,27.5,27.3,27.6,27.6,27.5,27.4,27.5,27.3,27.3,27.3,27.3,27.3,27.4,27.4,27.3,27.4,27.3,27.4,27.2,27.3,27.3,27.3,27.2,27.3,27.4,27.3,27.1,27.1,27.1,27.3,27.3,27.1,27.4,27.3,27.3,27.2
65,27.1,27.1,27.5,27.3,27.3,27.4,27.3,27.3,27.3,27.4,27.4,27.2,27.4,27.5,27.6,27.5,27.5,27.6,27.5,27.7,27.6,28.2,28.5,28.9,29.4,29.2,29.1,29.2,29.2,29.0,28.8,28.7,28.6,28.3,28.5,28.9,29.0,29.2,29.2,29.1,28.7,28.0,27.2,27.3,27.0,27.1,27.1,27.1,27.2,27.1,27.0,27.0,27.0,26.9,27.1,27.0,27.0,27.0,26.9,27.1,26.9,27.0,27.2,27.1,27.0,27.0,26.9,26.9,26.9,27.0,26.9,26.9,27.0,26.8,27.0,27.0,27.1,26.9,27.0,27.0,26.9,26.9,26.9,27.1,27.0,26.9,26.9,26.9,26.8,26.9,27.0,27.0,27.0,27.3,27.7,28.3,29.1,29.7,30.2,30.2,30.2,30.5,30.4,30.4,30.2,30.3,30.4,30.3,30.4,30.2,30.2,30.3,30.3,30.1,29.3,28.6,27.8,27.4,27.0,26.8,26.8,26.9,26.7,26.9,26.7,26.8,26.8,26.8,26.8,26.9,27.2,27.3,27.2,27.5,27.2,27.3,27.4,27.6,27.5,27.5,27.4,27.6,27.5,27.4,27.4,27.5,27.6,27.6,27.6,27.6,27.6,27.6,27.5,27.6,27.4,27.5,27.4,27.5,27.3,27.3,27.4,27.5,27.4,27.4,27.5,27.5,27.4,27.3,27.4,27.4,27.3,27.3,27.3,27.3,27.4,27.1,27.4,27.4,27.2,27.2,27.2,27.4,27.3,27.5,27.2,27.4,27.3,27.2,27.2,27.2,27.1,27.2
66,27.3,27.2,27.3,27.4,27.3,27.4,27.6,27.4,27.4,27.4,27.4,27.4,27.5,27.6,27.6,27.5,27.5,27.6,27.6,27.8,27.8,28.3,28.7,29.1,29.2,29.1,29.1,29.1,29.1,29.1,28.9,29.1,28.8,28.6,28.7,29.0,29.3,29.2,29.2,28.9,28.7,28.0,27.6,27.2,27.2,27.2,27.1,27.2,27.2,27.1,27.0,27.1,27.0,27.0,27.0,27.0,27.1,26.9,27.0,27.0,26.9,26.9,27.0,26.9,27.0,27.0,27.1,26.9,27.0,26.8,26.9,27.0,26.9,26.8,26.9,27.1,27.0,27.1,27.0,26.9,26.9,26.9,27.0,27.0,27.0,26.9,26.9,27.0,26.9,27.0,27.0,27.0,27.0,27.4,27.6,28.2,28.7,29.4,29.8,29.7,30.0,30.0,30.0,30.1,30.2,30.1,30.0,30.0,30.0,30.0,30.0,29.8,30.0,29.9,29.1,28.3,27.7,27.5,27.1,26.9,26.8,26.7,26.8,26.9,26.7,26.7,26.8,26.7,26.8,27.0,27.2,27.3,27.1,27.3,27.3,27.4,27.4,27.4,27.5,27.4,27.4,27.3,27.6,27.5,27.5,27.5,27.5,27.6,27.5,27.5,27.6,27.4,27.6,27.4,27.3,27.4,27.6,27.4,27.4,27.6,27.6,27.5,27.6,27.4,27.4,27.4,27.3,27.3,27.5,27.5,27.4,27.2,27.3,27.4,27.3,27.2,27.1,27.3,27.2,27.4,27.2,27.3,27.3,27.3,27.3,27.3,27.3,27.2,27.2,27.0,27.3,27.0
67,27.5,27.3,27.5,27.4,27.3,27.5,27.4,27.4,27.5,27.5,27.5,27.4,27.4,27.5,27.7,27.7,27.8,27.7,27.6,27.8,27.9,28.2,28.8,29.1,29.3,29.3,29.1,29.0,28.9,28.9,29.0,29.0,29.0,28.9,29.2,29.1,29.3,29.2,29.0,29.1,28.6,28.1,27.5,27.1,27.2,27.4,26.9,27.1,27.2,27.1,27.2,27.2,27.1,27.2,27.1,27.1,27.1,27.1,27.0,27.0,27.1,27.0,27.0,27.1,26.9,27.0,27.0,26.9,26.9,27.0,27.0,27.0,27.1,27.0,27.0,27.0,27.1,27.1,27.0,26.8,27.0,26.9,26.9,27.0,26.9,27.0,27.0,26.8,26.9,26.9,27.0,27.0,27.2,27.4,27.5,27.9,28.5,29.1,29.2,29.2,29.4,29.5,29.7,29.6,29.6,29.5,29.5,29.5,29.4,29.4,29.4,29.4,29.5,29.3,28.8,28.0,27.6,27.3,27.1,26.9,26.7,26.8,26.7,26.7,26.9,26.7,26.6,26.8,26.9,26.9,27.0,27.1,27.5,27.3,27.3,27.3,27.3,27.6,27.3,27.5,27.5,27.4,27.6,27.5,27.5,27.5,27.5,27.5,27.5,27.6,27.5,27.4,27.4,27.4,27.6,27.6,27.5,27.6,27.5,27.5,27.5,27.5,27.5,27.6,27.4,27.5,27.3,27.4,27.4,27.3,27.4,27.3,27.3,27.4,27.3,27.2,27.2,27.3,27.4,27.3,27.3,27.4,27.3,27.1,27.2,27.2,27.3,27.1,27.3,27.1,27.2,27.0
68,27.3,27.2,27.3,27.4,27.3,27.4,27.4,27.3,27.2,27.4,27.4,27.5,27.6,27.7,27.4,27.5,27.7,27.6,27.7,27.7,28.0,28.3,28.8,29.1,29.3,29.4,29.2,29.1,29.1,29.2,29.2,29.2,29.3,29.2,29.3,29.4,29.4,29.2,29.2,29.0,28.8,27.9,27.4,27.1,27.1,27.3,27.3,27.1,27.0,27.0,27.1,27.2,27.0,26.9,27.1,26.9,27.1,26.9,26.9,27.0,26.9,27.0,27.1,27.1,26.9,27.1,26.9,27.0,27.0,27.0,26.9,26.9,26.9,26.7,26.8,26.9,26.9,26.9,27.0,26.9,26.8,26.9,27.1,26.9,26.9,26.9,27.0,26.9,26.8,27.1,26.9,27.1,27.0,27.3,27.1,27.5,28.1,28.4,28.5,28.6,28.8,28.8,28.9,28.8,28.9,28.8,29.0,28.6,28.6,28.7,28.6,28.7,28.5,28.6,28.2,27.7,27.4,27.2,27.1,26.9,26.6,26.7,26.6,26.8,26.6,26.6,26.5,26.8,26.9,27.0,27.1,27.1,27.2,27.3,27.1,27.3,27.4,27.2,27.3,27.6,27.6,27.3,27.4,27.6,27.4,27.5,27.4,27.6,27.5,27.5,27.4,27.4,27.4,27.5,27.5,27.3,27.3,27.6,27.5,27.5,27.4,27.5,27.3,27.3,27.3,27.2,27.5,27.5,27.3,27.4,27.4,27.3,27.3,27.4,27.3,27.2,27.3,27.2,27.4,27.3,27.1,27.2,27.2,27.3,27.3,27.1,27.2,27.3,27.2,27.2,27.3,27.1
69,27.2,27.4,27.4,27.2,27.4,27.4,27.5,27.4,27.6,27.6,27.4,27.6,27.6,27.5,27.6,27.6,27.5,27.5,27.5,27.7,28.0,28.1,28.8,29.0,29.4,29.5,29.4,29.4,29.4,29.4,29.4,29.4,29.4,29.4,29.3,29.4,29.2,29.4,29.3,29.1,28.7,28.1,27.3,27.4,27.3,27.4,27.2,27.1,27.2,27.2,27.1,27.1,27.1,27.0,26.9,26.9,27.0,27.3,27.1,27.1,27.0,27.0,26.9,26.8,26.9,26.9,27.0,27.0,26.9,26.9,27.0,26.9,27.1,27.0,26.9,26.9,26.9,26.9,26.9,26.9,26.9,26.9,26.9,26.9,26.9,26.8,26.8,26.8,26.9,26.9,26.9,26.9,27.0,26.9,27.1,27.2,27.4,27.6,27.9,27.9,28.0,28.0,27.9,27.8,27.8,28.0,27.9,27.8,27.8,27.9,27.6,27.8,27.8,27.8,27.5,27.3,27.3,27.1,26.9,26.9,26.6,26.7,26.7,26.8,26.6,26.6,26.6,26.7,26.8,26.9,27.0,27.1,27.2,27.5,27.4,27.2,27.2,27.4,27.5,27.4,27.3,27.4,27.5,27.4,27.6,27.6,27.3,27.4,27.4,27.4,27.6,27.6,27.3,27.3,27.4,27.5,27.6,27.5,27.5,27.5,27.4,27.4,27.4,27.5,27.3,27.5,27.4,27.5,27.6,27.3,27.3,27.4,27.3,27.3,27.3,27.4,27.2,27.3,27.3,27.4,27.2,27.3,27.2,27.3,27.3,27.3,27.3,27.1,27.2,27.1,27.1,27.2
70,27.4,27.1,27.4,27.3,27.3,27.3,27.4,27.5,27.3,27.5,27.5,27.5,27.7,27.7,27.6,27.6,27.7,27.7,27.7,27.7,27.8,28.4,28.7,29.2,29.3,29.5,29.4,29.4,29.3,29.4,29.4,29.4,29.4,29.3,29.4,29.4,29.3,29.2,29.3,29.0,28.5,28.1,27.3,27.2,27.2,27.3,27.0,27.2,27.1,27.0,26.9,27.1,26.9,27.0,27.0,26.9,26.9,27.0,26.8,26.9,27.2,27.0,27.0,26.9,27.1,26.9,26.9,27.0,26.9,27.0,26.8,26.9,27.1,26.8,27.0,27.0,26.8,27.1,27.0,26.9,27.0,26.9,26.9,26.9,26.8,26.9,26.9,26.8,26.9,26.9,26.8,26.9,26.9,26.9,26.9,26.9,27.1,27.3,27.4,27.6,27.5,27.5,27.5,27.5,27.6,27.6,27.5,27.4,27.5,27.5,27.4,27.3,27.3,27.4,27.1,27.1,27.2,27.3,27.0,26.8,26.8,26.8,26.8,26.8,26.7,26.6,26.5,26.8,26.8,26.8,27.0,27.1,27.1,27.3,27.5,27.4,27.3,27.3,27.6,27.6,27.6,27.5,27.5,27.6,27.5,27.5,27.6,27.5,27.5,27.5,27.4,27.4,27.5,27.5,27.4,27.5,27.5,27.5,27.5,27.5,27.4,27.3,27.5,27.3,27.5,27.3,27.5,27.2,27.3,27.4,27.4,27.4,27.4,27.3,27.4,27.3,27.3,27.2,27.3,27.3,27.3,27.1,27.2,27.3,27.4,27.1,27.2,27.2,27.2,27.1,27.2,27.3
71,27.4,27.4,27.1,27.5,27.6,27.4,27.5,27.5,27.4,27.5,27.6,27.4,27.7,27.7,27.6,27.7,27.7,27.6,27.6,28.0,28.0,28.4,28.8,29.2,29.5,29.4,29.4,29.4,29.4,29.5,29.5,29.3,29.4,29.4,29.3,29.4,29.4,29.5,29.2,29.0,28.6,28.1,27.4,27.4,27.3,27.4,27.2,27.1,27.1,27.1,27.1,27.0,26.9,27.1,27.1,27.1,27.0,27.1,27.0,27.1,26.9,27.0,27.0,26.9,27.0,26.9,26.9,27.1,26.9,27.0,27.0,27.0,27.0,27.0,27.0,26.9,27.0,26.9,26.8,26.9,27.0,27.1,27.0,26.9,27.0,26.9,27.0,27.0,26.9,27.0,26.9,26.9,27.0,26.9,26.9,26.9,27.0,27.1,27.3,27.5,27.3,27.3,27.4,27.3,27.3,27.4,27.2,27.4,27.2,27.2,27.2,27.4,27.2,27.2,27.1,27.1,27.3,27.1,27.1,26.8,26.7,26.5,26.6,26.7,26.7,26.6,26.6,26.8,26.9,26.9,26.9,27.1,27.2,27.3,27.2,27.2,27.4,27.3,27.4,27.4,27.3,27.5,27.6,27.6,27.5,27.5,27.5,27.6,27.5,27.5,27.5,27.6,27.6,27.4,27.6,27.5,27.4,27.6,27.3,27.5,27.4,27.5,27.5,27.3,27.5,27.4,27.3,27.3,27.5,27.6,27.5,27.3,27.3,27.3,27.3,27.3,27.3,27.2,27.4,27.3,27.1,27.2,27.2,27.2,27.1,27.2,27.1,27.3,27.2,27.2,27.2,27.2
72,27.3,27.3,27.4,27.4,27.5,27.4,27.5,27.7,27.5,27.6,27.4,27.6,27.7,27.7,27.7,27.8,27.6,27.7,27.8,27.9,28.0,28.2,28.6,29.3,29.4,29.4,29.4,29.6,29.4,29.4,29.4,29.5,29.4,29.4,29.6,29.5,29.4,29.3,29.3,28.9,28.3,28.1,27.3,27.3,27.3,27.3,27.4,27.1,27.1,27.0,26.9,27.1,27.0,27.0,27.0,27.1,26.9,27.0,26.9,27.0,26.9,26.9,26.9,26.9,26.9,26.9,26.9,26.8,27.0,27.1,27.0,26.7,26.9,26.7,26.9,27.1,26.9,26.9,26.8,26.9,27.0,27.1,26.9,26.9,27.1,26.9,26.9,27.0,26.8,26.9,27.0,27.0,26.8,26.9,26.9,27.0,26.9,27.1,27.1,27.1,27.3,27.2,27.2,27.0,27.2,27.3,27.3,27.3,27.2,27.3,27.1,26.9,27.1,26.9,27.1,27.3,27.3,27.1,27.0,26.9,26.9,26.7,26.6,26.7,26.9,26.6,26.4,26.6,26.7,26.9,26.9,27.1,27.2,27.1,27.1,27.4,27.3,27.4,27.4,27.3,27.5,27.3,27.5,27.4,27.4,27.4,27.5,27.5,27.6,27.3,27.4,27.4,27.4,27.6,27.6,27.4,27.5,27.6,27.6,27.7,27.4,27.4,27.3,27.4,27.4,27.3,27.4,27.3,27.6,27.4,27.4,27.3,27.2,27.3,27.3,27.2,27.2,27.2,27.1,27.3,27.2,27.3,27.1,27.3,27.2,27.3,27.2,27.1,27.1,27.2,27.2,27.1
73,27.5,27.5,27.3,27.5,27.5,27.5,27.5,27.5,27.5,27.5,27.6,27.6,27.6,27.6,27.5,27.6,27.6,27.7,27.8,27.8,28.1,28.6,28.7,29.2,29.3,29.5,29.5,29.4,29.4,29.5,29.5,29.6,29.4,29.5,29.4,29.5,29.4,29.3,29.2,28.8,28.6,28.0,27.5,27.4,27.3,27.3,27.2,27.1,27.1,26.9,27.2,26.9,27.1,27.0,27.1,26.9,27.0,27.0,27.1,27.1,27.2,27.0,27.0,26.9,26.9,26.9,26.9,26.9,27.1,27.0,26.8,26.9,26.9,26.9,26.9,26.9,26.9,26.9,26.9,26.9,26.8,26.8,26.9,26.9,26.8,27.0,26.9,27.1,27.0,27.0,27.0,26.9,27.0,26.9,27.0,26.9,26.9,26.9,27.0,27.2,27.3,27.0,27.1,27.3,27.4,27.4,27.8,27.6,27.8,27.4,27.3,27.2,27.1,27.2,27.1,27.4,27.4,27.3,27.2,26.9,26.6,26.8,26.7,26.7,26.6,26.7,26.5,26.6,26.9,26.7,27.0,27.1,27.2,27.1,27.3,27.2,27.3,27.2,27.3,27.5,27.3,27.4,27.5,27.4,27.5,27.6,27.4,27.5,27.6,27.4,27.6,27.5,27.6,27.5,27.6,27.4,27.6,27.6,27.4,27.6,27.6,27.3,27.4,27.4,27.4,27.3,27.3,27.3,27.4,27.5,27.3,27.4,27.3,27.4,27.3,27.3,27.5,27.3,27.3,27.3,27.3,27.3,27.3,27.2,27.2,27.2,27.2,27.3,27.2,27.3,27.1,27.1
74,27.6,27.4,27.4,27.3,27.3,27.4,27.6,27.4,27.5,27.6,27.7,27.5,27.5,27.7,27.6,27.6,27.7,27.7,27.8,28.0,28.0,28.4,29.0,29.2,29.4,29.3,29.4,29.2,29.2,29.4,29.4,29.3,29.4,29.5,29.3,29.3,29.4,29.3,29.2,28.9,28.5,27.9,27.4,27.4,27.3,27.3,27.2,27.1,27.1,27.0,26.8,27.0,26.9,27.0,27.0,26.8,27.1,26.9,26.8,26.9,27.0,26.9,27.0,26.8,27.1,26.9,26.9,26.8,26.9,26.8,26.9,26.8,27.0,26.9,26.9,27.0,26.9,26.9,26.9,26.9,26.9,26.9,26.9,26.9,27.0,26.9,27.0,26.9,26.9,26.9,26.8,27.0,27.1,26.9,26.8,26.9,27.0,26.9,27.1,27.0,26.9,27.1,27.1,27.3,27.6,27.9,28.0,28.1,27.9,27.9,27.6,27.3,27.2,27.3,27.1,27.3,27.3,27.3,27.2,27.0,26.7,26.7,26.7,26.9,26.7,26.6,26.6,26.7,26.8,26.9,27.0,27.3,27.2,27.3,27.3,27.4,27.4,27.4,27.5,27.4,27.5,27.5,27.5,27.6,27.6,27.6,27.4,27.5,27.6,27.5,27.5,27.4,27.4,27.6,27.6,27.5,27.6,27.4,27.5,27.5,27.5,27.4,27.5,27.4,27.5,27.4,27.3,27.5,27.4,27.5,27.4,27.3,27.4,27.2,27.3,27.2,27.2,27.3,27.2,27.3,27.3,27.3,27.2,27.3,27.2,27.3,27.1,27.3,27.2,27.3,27.2,27.2
75,27.4,27.4,27.3,27.5,27.5,27.6,27.6,27.4,27.6,27.5,27.5,27.6,27.8,27.7,27.8,27.7,27.6,27.7,27.8,27.8,28.2,28.4,28.9,29.2,29.2,29.1,29.1,29.0,29.1,28.9,29.1,29.3,29.2,29.4,29.3,29.3,29.3,29.1,29.4,28.9,28.5,27.9,27.4,27.3,27.2,27.3,27.2,26.8,26.9,27.1,27.0,27.1,27.0,27.1,27.2,27.0,27.0,27.0,26.9,27.0,26.9,27.0,27.1,26.9,27.0,26.9,27.0,26.9,26.9,26.8,26.9,27.1,27.0,26.9,27.0,26.9,27.0,27.0,26.9,27.1,26.9,26.9,27.0,27.0,27.1,26.9,26.9,26.9,26.9,26.9,26.9,27.1,26.9,27.1,26.8,26.8,26.9,26.9,26.9,27.0,26.8,27.2,27.2,27.6,28.1,28.4,28.4,28.5,28.5,28.2,27.9,27.7,27.5,27.3,27.0,27.1,27.1,27.3,27.3,27.0,26.7,26.7,26.6,26.9,26.6,26.7,26.6,26.7,26.9,26.8,27.1,27.2,27.1,27.4,27.4,27.2,27.3,27.4,27.4,27.5,27.4,27.3,27.5,27.6,27.5,27.5,27.6,27.7,27.5,27.5,27.7,27.5,27.6,27.6,27.6,27.5,27.5,27.5,27.4,27.6,27.6,27.6,27.7,27.4,27.5,27.4,27.3,27.3,27.4,27.3,27.3,27.3,27.3,27.5,27.4,27.3,27.3,27.2,27.3,27.3,27.3,27.3,27.3,27.2,27.3,27.3,27.1,27.2,27.2,27.0,27.1,27.1
76,27.4,27.3,27.6,27.6,27.5,27.5,27.5,27.8,27.7,27.8,27.5,27.7,27.7,27.8,27.7,27.7,27.7,27.7,27.8,27.9,28.2,28.5,28.9,29.2,29.2,29.2,29.0,28.8,28.8,28.9,28.8,28.8,28.9,29.0,29.2,29.3,29.4,29.4,29.3,28.9,28.5,27.9,27.5,27.4,27.4,27.4,27.3,27.1,27.0,27.0,27.0,27.2,27.1,27.0,27.0,27.0,27.1,27.1,27.0,27.0,27.2,26.9,26.9,26.8,26.9,26.9,27.1,27.0,27.1,27.0,26.8,27.0,27.0,26.9,27.0,27.0,26.8,27.0,26.9,27.0,26.9,26.9,26.9,26.9,26.9,26.9,26.9,27.0,26.8,27.1,27.2,26.9,27.1,27.1,26.9,27.0,26.9,27.0,26.9,26.9,27.0,27.1,27.5,28.0,28.3,28.6,28.5,28.5,28.5,28.6,28.4,28.0,27.7,27.4,27.1,27.1,27.3,27.5,27.1,26.9,26.8,26.8,26.6,26.7,26.6,26.7,26.6,26.6,26.8,27.0,27.0,27.1,27.4,27.4,27.4,27.4,27.5,27.5,27.6,27.6,27.5,27.5,27.6,27.6,27.6,27.5,27.5,27.5,27.7,27.5,27.7,27.5,27.6,27.5,27.6,27.5,27.5,27.7,27.5,27.6,27.6,27.3,27.7,27.5,27.5,27.3,27.4,27.4,27.4,27.5,27.3,27.3,27.5,27.3,27.4,27.3,27.4,27.3,27.3,27.3,27.2,27.2,27.3,27.3,27.2,27.4,27.3,27.1,27.2,27.2,27.2,27.2
77,27.5,27.3,27.5,27.4,27.6,27.5,27.7,27.6,27.6,27.7,27.7,27.7,27.9,27.7,27.7,27.8,27.7,27.8,28.0,28.0,28.3,28.5,29.0,29.3,29.2,29.3,29.0,28.8,28.7,28.7,28.4,28.3,28.6,28.6,28.9,29.2,29.4,29.4,29.1,29.0,28.4,28.1,27.6,27.3,27.3,27.2,27.2,27.0,27.0,27.0,27.0,27.0,27.1,27.0,27.0,27.0,27.0,27.0,26.9,26.9,27.1,26.9,27.2,27.0,26.9,26.9,27.0,27.0,26.8,27.1,27.0,26.9,26.9,26.9,26.9,27.0,26.9,26.9,26.9,27.1,26.9,27.0,27.0,26.9,26.9,26.9,26.9,27.0,26.9,26.8,27.0,27.0,27.0,27.1,27.0,26.9,26.9,27.0,27.0,26.9,27.1,27.3,27.8,28.3,28.7,28.5,28.1,27.9,28.2,28.7,28.7,28.2,27.9,27.3,27.0,27.1,27.2,27.2,26.9,26.8,26.7,26.8,26.6,26.6,26.6,26.5,26.6,26.8,26.8,26.9,26.9,27.1,27.1,27.3,27.3,27.3,27.5,27.3,27.5,27.5,27.2,27.6,27.6,27.5,27.6,27.6,27.5,27.5,27.6,27.5,27.5,27.6,27.5,27.5,27.5,27.6,27.5,27.7,27.6,27.7,27.6,27.5,27.4,27.5,27.4,27.5,27.3,27.3,27.3,27.5,27.4,27.2,27.4,27.5,27.3,27.3,27.3,27.4,27.3,27.3,27.3,27.2,27.3,27.3,27.3,27.2,27.2,27.2,27.2,27.3,27.2,27.2
78,27.6,27.5,27.6,27.7,27.5,27.5,27.5,27.6,27.7,27.6,27.7,27.5,27.7,27.7,27.8,27.7,27.7,27.9,27.7,28.1,28.1,28.6,28.9,29.2,29.3,29.2,29.0,29.0,28.9,28.9,28.4,28.6,28.4,28.3,28.7,29.1,29.3,29.3,29.2,29.0,28.5,28.0,27.4,27.4,27.3,27.2,27.3,27.1,26.9,26.9,26.9,27.0,26.9,27.1,26.9,27.0,27.0,26.9,27.0,26.9,27.1,27.1,27.1,26.9,27.0,27.0,26.9,26.9,27.0,26.9,26.7,27.0,26.9,27.0,27.0,27.0,26.9,27.0,26.8,27.0,27.0,26.9,27.0,26.9,26.9,26.9,26.9,26.8,26.9,26.9,26.9,26.9,27.0,27.0,26.8,26.6,27.0,26.8,26.8,26.9,26.9,27.3,27.7,28.4,28.6,28.2,27.8,27.7,27.8,28.3,28.7,28.4,27.8,27.5,27.1,27.1,26.9,27.0,26.9,26.7,26.6,26.7,26.6,26.7,26.6,26.7,26.5,26.7,26.6,26.8,26.9,27.2,27.2,27.3,27.3,27.3,27.3,27.5,27.5,27.5,27.4,27.3,27.5,27.4,27.5,27.4,27.4,27.4,27.5,27.4,27.5,27.7,27.6,27.5,27.5,27.4,27.4,27.5,27.4,27.5,27.5,27.5,27.3,27.5,27.6,27.5,27.3,27.5,27.3,27.6,27.3,27.4,27.3,27.5,27.3,27.2,27.2,27.3,27.2,27.3,27.3,27.2,27.3,27.1,27.3,27.1,27.1,27.2,27.2,27.2,27.1,27.1
79,27.4,27.3,27.4,27.5,27.6,27.6,27.7,27.7,27.7,27.6,27.8,27.8,27.8,27.6,27.7,27.7,27.8,27.8,27.9,27.9,28.2,28.7,29.0,29.2,29.2,29.0,29.1,29.1,29.0,28.9,28.8,28.6,28.9,28.6,29.0,29.3,29.3,29.3,29.1,28.9,28.7,27.8,27.3,27.4,27.1,27.1,27.1,27.0,27.0,27.1,26.9,27.0,26.9,26.9,26.8,27.0,27.1,27.1,26.9,26.9,27.0,27.1,26.9,26.8,26.8,27.0,26.9,26.9,26.9,27.0,26.8,26.9,27.0,26.9,26.8,26.9,26.9,26.8,26.9,26.9,26.9,27.1,26.9,27.0,26.9,26.9,26.9,26.9,26.8,26.9,26.8,26.9,26.9,26.7,26.9,27.0,26.8,26.9,26.8,26.9,27.0,27.1,27.7,28.3,28.6,28.3,27.9,27.8,27.8,28.2,28.7,28.4,27.8,27.2,26.9,26.9,26.8,26.9,26.9,26.8,26.6,26.6,26.6,26.7,26.6,26.5,26.6,26.7,26.7,26.7,26.9,27.1,27.2,27.3,27.3,27.2,27.3,27.3,27.5,27.3,27.3,27.4,27.4,27.5,27.5,27.4,27.4,27.5,27.6,27.5,27.6,27.6,27.5,27.5,27.6,27.6,27.6,27.6,27.4,27.5,27.5,27.4,27.5,27.5,27.5,27.4,27.3,27.2,27.4,27.4,27.5,27.3,27.3,27.3,27.4,27.3,27.2,27.1,27.2,27.4,27.2,27.2,27.3,27.3,27.2,27.1,27.1,27.2,27.2,27.1,27.1,27.2
80,27.6,27.5,27.7,27.5,27.6,27.5,27.8,27.6,27.6,27.6,27.8,27.7,27.6,27.6,27.7,27.9,27.9,27.6,27.7,27.9,28.2,28.7,29.0,29.2,29.2,29.3,29.1,29.0,28.8,28.9,28.8,29.0,28.8,28.7,29.1,29.2,29.2,29.1,28.9,29.0,28.6,28.3,27.6,27.3,27.2,27.5,27.3,27.1,27.1,27.1,27.1,26.9,27.0,27.0,27.1,26.9,27.0,27.1,26.9,26.9,27.0,27.0,26.9,27.1,26.9,26.9,26.8,27.0,27.0,26.8,26.9,27.0,26.9,26.9,26.9,27.1,26.8,27.0,26.8,26.9,26.8,27.0,26.9,26.9,26.8,26.9,26.8,27.0,26.8,26.8,27.0,26.8,26.9,26.8,26.7,26.7,26.9,26.8,26.8,26.8,26.9,27.1,27.5,28.2,28.2,28.3,28.2,28.1,28.2,28.3,28.5,28.3,27.8,27.3,27.0,27.1,26.9,26.9,26.9,26.8,26.7,26.6,26.6,26.7,26.8,26.7,26.6,26.6,26.8,26.9,26.8,27.2,27.1,27.3,27.1,27.4,27.4,27.3,27.4,27.4,27.4,27.4,27.4,27.6,27.6,27.5,27.6,27.7,27.6,27.5,27.5,27.6,27.6,27.5,27.4,27.6,27.5,27.5,27.6,27.5,27.6,27.4,27.4,27.3,27.4,27.3,27.5,27.4,27.4,27.4,27.4,27.2,27.3,27.4,27.3,27.2,27.4,27.2,27.2,27.4,27.3,27.2,27.1,27.3,27.2,27.1,27.3,27.1,27.2,27.1,27.3,27.2
81,27.5,27.6,27.5,27.6,27.6,27.8,27.7,27.7,27.7,27.6,27.7,27.6,27.9,27.8,27.7,27.9,27.8,28.0,27.8,28.0,28.2,28.7,29.1,29.4,29.3,29.2,29.0,28.9,29.0,29.1,29.1,29.1,29.1,29.1,29.2,29.1,29.0,28.7,28.8,28.8,28.6,28.3,27.8,27.4,27.4,27.3,27.3,27.3,27.0,26.9,27.1,27.1,27.0,27.0,27.1,27.0,26.9,27.0,26.9,26.9,26.9,27.0,27.0,26.9,27.1,27.0,27.1,26.9,27.0,27.0,27.0,27.0,26.9,27.0,27.1,26.9,26.9,26.9,26.9,26.9,26.9,26.9,26.9,26.9,26.9,27.0,26.8,26.9,26.8,26.8,26.9,26.9,27.0,27.0,26.9,26.9,26.9,27.0,26.9,27.0,27.0,27.1,27.3,27.8,28.3,28.4,28.3,28.2,28.4,28.4,28.6,28.1,27.5,27.3,27.1,27.1,27.1,27.1,26.9,26.9,26.8,26.7,26.8,26.8,26.7,26.5,26.6,26.6,26.8,26.9,27.0,27.0,27.1,27.3,27.2,27.2,27.3,27.4,27.5,27.5,27.5,27.5,27.6,27.6,27.4,27.7,27.6,27.6,27.6,27.7,27.6,27.7,27.6,27.6,27.6,27.5,27.6,27.6,27.6,27.6,27.4,27.6,27.3,27.5,27.6,27.4,27.4,27.3,27.5,27.4,27.4,27.3,27.5,27.5,27.4,27.3,27.4,27.3,27.4,27.4,27.2,27.2,27.3,27.1,27.4,27.2,27.3,27.3,27.3,27.2,27.2,27.2
82,27.4,27.3,27.5,27.7,27.5,27.5,27.6,27.8,27.7,27.6,27.7,27.8,27.5,27.7,27.7,27.8,27.7,27.8,27.8,27.9,28.2,28.5,28.8,29.1,29.4,29.3,29.2,29.3,29.2,29.3,29.2,29.2,29.2,29.2,29.0,28.8,28.6,28.3,28.5,28.7,28.6,28.5,28.0,27.4,27.3,27.1,27.0,27.0,26.9,27.1,27.0,27.0,26.8,26.9,27.0,26.9,26.8,26.9,27.0,27.0,27.0,26.8,27.1,26.8,26.7,27.0,26.9,26.9,26.9,27.0,26.9,26.9,26.9,26.9,26.8,27.0,26.7,26.8,26.8,26.9,26.9,26.9,26.8,26.7,26.9,26.9,26.9,26.9,26.7,26.9,26.9,26.8,26.9,26.8,26.8,26.8,26.9,26.8,26.8,26.8,26.8,26.9,27.2,27.4,27.9,28.2,28.4,28.3,28.2,28.5,27.8,27.7,27.2,27.2,27.2,27.4,27.3,27.2,27.0,26.8,26.8,26.6,26.6,26.5,26.8,26.5,26.7,26.6,26.6,26.7,26.7,27.0,27.1,27.3,27.4,27.2,27.3,27.5,27.6,27.5,27.4,27.5,27.4,27.5,27.4,27.6,27.5,27.6,27.5,27.5,27.5,27.6,27.5,27.6,27.4,27.3,27.6,27.4,27.6,27.5,27.5,27.4,27.6,27.4,27.6,27.5,27.4,27.4,27.2,27.4,27.3,27.4,27.4,27.5,27.3,27.3,27.2,27.1,27.1,27.2,27.1,27.1,27.1,27.1,27.3,27.1,27.1,27.2,27.1,27.1,27.3,27.0
83,27.5,27.4,27.5,27.6,27.6,27.7,27.8,27.7,27.6,27.8,27.8,27.8,27.8,27.8,27.8,27.8,27.8,27.9,27.8,28.1,28.3,28.6,29.1,29.3,29.4,29.2,29.2,29.2,29.2,29.2,29.2,29.2,29.2,29.2,28.9,28.8,28.5,28.2,28.4,28.4,28.3,28.3,28.0,27.6,27.1,27.1,27.1,26.9,27.0,27.0,27.1,27.0,27.2,26.9,27.1,27.0,27.0,26.9,26.9,26.9,27.1,27.1,26.9,26.8,27.0,26.9,26.9,26.9,26.8,26.9,26.9,26.9,27.0,26.9,26.8,26.8,26.9,26.8,26.8,26.7,26.9,26.9,26.9,27.0,26.9,26.9,26.9,27.0,26.9,26.8,26.9,26.9,26.8,26.9,26.9,26.9,26.9,26.9,26.8,27.0,26.9,26.9,27.0,27.3,27.3,27.5,27.8,27.9,27.9,27.9,27.7,27.3,27.2,27.2,27.5,27.6,27.8,27.6,27.4,27.0,26.7,26.7,26.6,26.7,26.7,26.7,26.6,26.8,26.6,26.7,26.9,27.1,27.2,27.3,27.2,27.3,27.5,27.5,27.4,27.4,27.5,27.4,27.4,27.6,27.5,27.6,27.5,27.6,27.7,27.7,27.6,27.5,27.6,27.6,27.8,27.4,27.7,27.5,27.6,27.5,27.6,27.5,27.5,27.5,27.3,27.5,27.3,27.3,27.4,27.5,27.5,27.4,27.4,27.5,27.3,27.1,27.3,27.3,27.3,27.4,27.2,27.1,27.2,27.3,27.3,27.1,27.1,27.1,27.1,27.2,27.2,27.1
84,27.6,27.5,27.6,27.6,27.4,27.7,27.7,27.7,27.6,27.7,27.6,27.8,27.8,27.6,27.8,27.7,27.7,27.8,27.8,28.0,28.1,28.3,28.8,28.9,28.8,29.0,29.0,29.0,29.0,28.7,28.7,28.7,28.8,28.6,28.6,28.3,28.2,27.9,27.8,27.9,28.0,28.1,27.8,27.4,27.0,27.0,27.1,27.1,27.0,27.0,26.9,27.0,26.9,27.1,27.0,27.0,26.9,27.0,27.1,27.0,27.0,27.0,27.0,27.1,26.9,26.9,26.8,27.0,27.0,27.0,26.9,26.9,26.8,27.0,27.1,26.9,27.0,26.9,26.9,26.9,26.7,27.0,26.9,27.0,26.8,26.8,26.8,26.9,26.9,26.9,26.8,26.9,27.0,27.0,26.8,26.9,26.9,26.6,26.9,26.9,26.7,27.0,27.0,27.0,26.8,27.1,27.3,27.6,27.4,27.2,27.3,27.1,27.4,27.4,27.6,28.0,28.0,27.9,27.4,27.0,26.8,26.7,26.6,26.7,26.6,26.7,26.6,26.7,26.6,26.7,27.0,26.9,27.0,27.3,27.2,27.2,27.3,27.3,27.3,27.6,27.5,27.3,27.6,27.5,27.5,27.5,27.5,27.6,27.6,27.5,27.6,27.5,27.4,27.6,27.5,27.4,27.6,27.6,27.5,27.4,27.3,27.4,27.3,27.5,27.3,27.4,27.5,27.4,27.5,27.5,27.4,27.3,27.3,27.4,27.3,27.3,27.3,27.3,27.2,27.3,27.3,27.3,27.2,27.2,27.1,27.3,27.1,27.2,27.1,27.1,27.3,27.3
85,27.6,27.6,27.7,27.8,27.8,27.6,27.6,27.6,27.6,27.8,27.7,27.8,27.8,27.7,27.9,27.9,27.7,27.8,27.7,28.0,27.8,28.2,28.5,28.5,28.7,28.6,28.5,28.4,28.0,28.3,28.2,28.2,28.0,28.0,27.9,27.8,27.8,27.7,27.7,27.6,27.8,27.6,27.3,27.2,27.1,27.0,26.8,27.0,26.9,27.0,26.9,26.9,27.0,27.0,26.9,26.9,27.0,26.9,27.0,27.1,26.9,27.1,26.9,26.8,26.9,26.9,27.1,26.9,26.9,27.0,26.9,27.0,27.1,26.8,27.0,27.0,26.7,27.0,26.9,26.9,27.0,26.9,26.9,26.9,26.6,26.9,26.9,27.0,27.0,26.9,26.8,26.9,26.9,27.0,26.9,26.9,26.8,26.9,26.9,26.9,26.8,26.9,27.0,26.9,26.8,27.0,27.1,27.0,26.9,27.1,27.1,27.3,27.5,27.5,28.1,28.3,28.3,28.0,27.7,27.2,26.7,26.7,26.7,26.7,26.9,26.5,26.7,26.8,26.8,26.9,27.0,27.1,27.2,27.3,27.3,27.4,27.3,27.4,27.5,27.4,27.3,27.6,27.4,27.6,27.6,27.6,27.7,27.6,27.6,27.5,27.8,27.6,27.5,27.6,27.6,27.6,27.5,27.6,27.4,27.4,27.6,27.4,27.5,27.4,27.7,27.4,27.6,27.4,27.5,27.4,27.5,27.4,27.3,27.5,27.3,27.3,27.3,27.3,27.3,27.2,27.3,27.3,27.3,27.3,27.3,27.2,27.2,27.3,27.2,27.1,27.3,27.3
86,27.7,27.5,27.5,27.8,27.6,27.6,27.7,27.8,27.7,27.7,27.7,27.6,27.7,27.9,27.8,28.0,27.8,27.9,28.0,28.0,28.0,28.0,28.1,28.1,28.0,28.1,27.9,27.8,27.6,27.5,27.4,27.5,27.3,27.2,27.3,27.3,27.2,27.4,27.3,27.5,27.4,27.3,27.1,27.1,27.2,27.0,27.2,26.9,26.9,27.1,27.1,27.0,27.1,27.1,27.0,27.0,27.1,27.0,27.1,27.0,27.1,27.1,27.0,27.0,27.1,27.0,27.1,27.1,26.9,27.0,27.0,26.9,26.9,26.8,27.0,26.9,26.9,27.0,26.7,27.0,26.9,27.1,26.9,26.9,27.1,26.9,26.9,26.8,27.0,26.9,26.9,26.8,26.9,26.9,26.9,26.9,26.9,26.9,26.8,26.9,26.8,26.9,26.9,26.8,27.1,26.7,27.0,26.8,26.9,27.0,27.2,27.2,27.4,27.7,27.9,28.2,28.2,28.0,27.5,27.1,26.8,26.7,26.7,26.7,26.6,26.9,26.6,26.6,26.6,26.8,27.0,27.1,27.1,27.3,27.1,27.5,27.2,27.4,27.5,27.4,27.5,27.5,27.5,27.5,27.5,27.5,27.6,27.6,27.6,27.6,27.6,27.5,27.6,27.6,27.6,27.6,27.7,27.7,27.6,27.5,27.5,27.7,27.5,27.4,27.6,27.5,27.5,27.4,27.3,27.3,27.4,27.4,27.4,27.4,27.4,27.3,27.5,27.4,27.3,27.3,27.1,27.2,27.3,27.2,27.3,27.3,27.1,27.2,27.1,27.1,27.2,27.2
87,27.6,27.7,27.8,27.7,27.7,27.8,27.7,27.8,27.8,27.7,27.7,27.8,27.8,27.8,27.8,27.9,27.8,27.9,27.8,27.9,28.0,28.0,28.0,27.8,27.9,27.9,27.8,27.6,27.5,27.4,27.3,27.3,27.3,27.1,27.0,27.2,27.0,27.1,27.2,27.2,27.1,27.2,27.2,27.1,27.1,27.1,27.2,27.1,27.1,27.1,27.1,27.0,27.1,27.0,27.0,26.9,27.0,27.0,27.0,27.0,27.0,27.0,27.0,26.9,27.1,26.9,27.0,27.1,26.9,27.1,26.8,27.0,27.0,27.0,27.1,27.0,26.9,26.9,26.8,27.0,26.9,26.9,27.1,26.9,27.1,27.0,26.9,26.9,26.9,26.9,26.9,26.8,26.9,27.1,27.0,26.8,26.8,26.9,26.9,26.8,26.8,26.9,27.0,26.9,26.9,26.9,26.7,26.8,26.9,26.9,27.2,27.1,27.3,27.5,27.6,27.8,27.8,27.5,27.3,27.0,26.8,26.8,26.6,26.7,26.7,26.7,26.5,26.7,26.6,26.7,26.8,27.2,27.1,27.2,27.3,27.3,27.4,27.5,27.4,27.5,27.5,27.4,27.7,27.6,27.6,27.4,27.5,27.5,27.6,27.6,27.5,27.6,27.5,27.6,27.6,27.6,27.5,27.7,27.4,27.5,27.5,27.3,27.5,27.3,27.5,27.4,27.3,27.4,27.5,27.5,27.3,27.4,27.3,27.5,27.3,27.4,27.3,27.2,27.2,27.3,27.2,27.1,27.3,27.4,27.2,27.4,27.3,27.2,27.3,27.3,27.2,27.2
88,27.7,27.4,27.6,27.8,27.6,27.5,27.6,27.6,27.7,27.8,27.7,27.7,27.8,27.9,27.8,27.9,27.9,27.7,27.9,27.9,27.8,27.9,27.8,28.0,27.9,27.8,27.6,27.4,27.3,27.0,27.1,27.2,27.2,27.2,27.0,27.1,27.0,27.1,27.1,27.1,27.2,27.0,27.0,27.3,27.0,27.0,27.1,27.1,27.0,26.9,26.9,27.0,27.1,27.1,27.0,27.0,26.9,27.0,26.9,26.8,27.1,26.9,26.9,26.9,27.1,27.0,27.1,27.1,27.0,27.1,27.0,27.1,27.1,26.9,27.0,27.0,27.1,27.0,27.0,27.0,26.8,26.9,27.0,27.0,26.9,27.0,26.8,27.0,26.9,26.9,26.9,26.9,26.9,26.9,26.9,26.7,26.9,26.9,26.8,26.9,26.7,26.8,26.9,27.0,26.7,26.9,27.0,26.8,26.9,27.0,27.1,27.3,27.3,27.4,27.5,27.4,27.6,27.3,27.3,26.9,26.8,26.8,26.7,26.7,26.9,26.7,26.7,26.8,26.6,26.8,26.8,27.0,27.1,27.2,27.2,27.3,27.3,27.5,27.6,27.5,27.5,27.2,27.5,27.5,27.5,27.6,27.5,27.6,27.6,27.7,27.7,27.6,27.5,27.6,27.6,27.7,27.4,27.5,27.6,27.7,27.5,27.6,27.6,27.4,27.6,27.5,27.5,27.5,27.4,27.5,27.6,27.4,27.3,27.4,27.3,27.2,27.4,27.4,27.4,27.4,27.4,27.2,27.3,27.2,27.2,27.3,27.1,27.1,27.3,27.0,27.1,27.2
89,27.6,27.6,27.6,27.6,27.6,27.6,27.7,27.6,27.7,27.8,27.9,27.7,27.8,27.8,28.0,27.8,27.8,27.9,27.7,27.8,27.8,27.8,27.7,27.8,28.0,27.9,27.8,27.6,27.3,27.3,27.1,27.1,27.3,27.1,27.1,27.2,27.2,27.1,27.1,27.0,27.1,27.3,27.2,27.2,27.2,27.1,27.0,27.0,27.1,27.0,27.0,27.2,26.9,26.9,27.0,27.1,27.0,26.9,27.0,27.0,27.0,26.9,27.0,27.0,26.9,27.0,26.9,26.8,26.9,26.9,27.0,27.0,26.9,27.1,26.9,27.0,26.8,26.9,26.9,26.9,26.9,27.0,26.9,26.8,26.8,26.9,26.9,26.8,26.9,27.0,26.8,27.0,26.7,26.9,26.8,26.9,26.8,26.8,26.9,26.8,26.8,26.9,27.0,26.7,26.8,26.9,26.9,26.8,26.9,26.7,27.2,27.1,27.2,27.2,27.1,27.3,27.5,27.2,27.2,26.8,26.9,26.8,26.7,26.6,26.8,26.6,26.6,26.6,26.6,27.0,26.7,27.0,27.2,27.2,27.3,27.3,27.4,27.4,27.5,27.6,27.7,27.6,27.6,27.6,27.5,27.4,27.6,27.6,27.6,27.6,27.6,27.6,27.5,27.6,27.3,27.6,27.5,27.5,27.6,27.7,27.6,27.6,27.4,27.5,27.3,27.5,27.5,27.6,27.5,27.4,27.3,27.4,27.5,27.6,27.4,27.3,27.3,27.3,27.3,27.4,27.3,27.2,27.2,27.3,27.2,27.4,27.1,27.2,27.1,27.1,27.2,27.1
90,27.6,27.6,27.6,27.7,27.7,27.5,27.8,27.7,27.8,27.8,27.8,27.8,27.8,27.7,28.0,27.9,27.9,28.0,27.9,28.1,27.7,27.8,28.0,27.8,27.9,27.9,27.8,27.6,27.3,27.2,27.1,27.2,27.0,27.1,27.0,27.0,27.1,26.9,27.1,27.1,26.9,27.2,27.0,27.1,27.1,27.2,27.1,27.2,27.1,27.1,27.0,27.1,27.0,26.9,27.0,27.0,26.9,27.1,27.0,27.0,26.9,27.1,26.9,26.8,27.0,27.1,27.0,26.8,26.8,26.9,27.0,26.9,26.9,26.9,27.1,27.0,26.9,26.9,26.9,27.0,26.9,26.9,26.9,26.8,27.0,26.8,26.8,26.8,26.9,27.0,26.9,26.7,26.9,26.7,26.8,26.9,26.9,26.7,26.9,26.7,26.8,26.8,26.9,26.9,26.8,27.1,27.0,26.8,26.8,27.1,27.3,27.2,27.3,27.2,27.2,27.2,27.3,27.2,27.3,27.1,26.9,26.8,26.6,26.6,26.7,26.7,26.6,26.7,26.6,26.7,26.8,26.9,27.0,27.3,27.2,27.3,27.7,27.5,27.6,27.4,27.5,27.4,27.5,27.7,27.6,27.5,27.5,27.6,27.4,27.7,27.6,27.6,27.6,27.5,27.6,27.6,27.5,27.5,27.6,27.7,27.7,27.5,27.4,27.4,27.6,27.5,27.3,27.5,27.5,27.4,27.3,27.3,27.3,27.4,27.5,27.3,27.4,27.4,27.4,27.3,27.2,27.4,27.3,27.1,27.3,27.2,27.3,27.2,27.2,27.3,27.2,27.3
91,27.4,27.5,27.6,27.7,27.7,27.6,27.8,27.8,27.7,27.8,27.8,27.8,27.8,27.9,27.7,27.9,27.8,27.9,28.1,27.9,28.0,27.8,27.7,27.7,27.8,27.7,27.6,27.7,27.2,27.2,27.1,27.2,27.1,26.9,26.9,27.0,27.1,27.1,27.0,26.9,27.1,26.9,26.8,26.9,27.0,26.9,27.1,27.2,27.2,27.0,27.0,27.1,26.9,27.1,27.0,26.9,26.8,26.9,26.9,26.9,26.9,26.8,26.9,26.8,26.9,27.0,26.8,26.9,26.9,27.1,26.8,26.8,26.9,26.9,27.0,26.9,26.8,26.9,26.9,27.0,26.9,27.1,27.0,26.9,26.8,26.8,26.8,26.9,26.9,26.9,26.8,26.9,27.0,26.7,26.8,26.9,26.7,26.9,26.8,26.8,26.7,26.9,26.9,26.7,26.9,26.7,26.8,26.9,26.8,27.0,27.2,27.3,27.4,27.3,27.3,27.2,27.3,27.3,27.3,27.1,26.8,26.8,26.6,26.6,26.5,26.6,26.6,26.4,26.7,26.7,26.6,26.9,27.1,27.3,27.2,27.3,27.3,27.4,27.5,27.4,27.5,27.5,27.6,27.6,27.5,27.5,27.5,27.6,27.6,27.7,27.7,27.4,27.7,27.3,27.5,27.6,27.6,27.5,27.5,27.6,27.4,27.5,27.4,27.4,27.4,27.4,27.3,27.4,27.5,27.5,27.2,27.6,27.5,27.4,27.2,27.3,27.2,27.4,27.3,27.1,27.3,27.4,27.1,27.3,27.3,27.3,27.1,27.1,27.3,27.0,27.1,27.2
92,27.7,27.6,27.8,27.7,27.8,27.5,27.8,27.7,27.6,27.9,27.8,27.8,27.9,27.8,28.0,27.7,27.7,27.7,27.9,27.9,27.8,28.1,27.8,27.7,27.7,27.6,27.5,27.4,27.2,27.1,27.0,27.2,27.2,27.2,27.1,27.0,26.9,26.9,26.9,26.8,26.7,26.9,26.9,26.9,27.0,26.9,27.0,27.0,27.1,27.1,27.0,27.1,27.0,27.1,27.0,27.0,26.9,26.9,26.8,26.9,27.0,26.9,27.0,27.0,26.9,27.0,27.0,26.9,26.9,26.9,27.0,26.8,26.9,26.9,26.9,26.8,26.9,26.9,27.1,26.9,27.1,26.9,26.9,26.8,26.8,26.9,26.9,26.9,27.1,26.9,26.9,26.9,26.8,26.8,26.8,27.0,27.0,26.8,26.9,26.9,26.9,26.7,26.8,26.8,26.8,26.8,26.8,26.9,27.0,27.0,27.0,27.0,27.3,27.2,27.0,26.9,27.1,27.1,27.2,27.1,26.7,26.7,26.6,26.6,26.6,26.6,26.6,26.6,26.6,26.6,26.9,26.8,27.0,27.2,27.3,27.3,27.4,27.3,27.3,27.4,27.5,27.5,27.4,27.5,27.6,27.5,27.6,27.6,27.7,27.6,27.6,27.6,27.4,27.5,27.5,27.5,27.6,27.6,27.6,27.5,27.5,27.3,27.4,27.4,27.6,27.5,27.3,27.5,27.3,27.4,27.4,27.4,27.3,27.3,27.4,27.3,27.4,27.4,27.4,27.3,27.2,27.1,27.2,27.4,27.1,27.3,27.2,27.3,27.1,27.2,27.1,27.2
93,27.6,27.6,27.8,27.8,27.7,27.8,27.8,27.6,27.9,27.7,27.7,27.9,27.7,27.7,27.8,27.8,27.8,27.7,28.0,27.9,27.9,27.7,27.8,27.6,27.5,27.4,27.2,27.1,27.1,27.1,27.1,27.3,27.0,26.9,27.0,26.9,26.9,27.0,26.8,26.8,26.7,26.9,26.9,26.9,26.8,26.9,27.0,27.1,26.9,27.1,27.1,27.1,27.0,27.1,27.1,27.0,26.9,26.9,27.1,27.1,27.0,27.0,26.9,27.0,27.0,26.9,27.0,27.0,26.8,27.0,27.0,27.0,27.0,26.9,26.9,26.9,27.0,26.9,26.8,27.1,26.9,26.8,27.0,26.9,27.0,26.9,26.9,26.9,26.9,26.8,26.9,26.9,27.1,26.9,26.9,26.7,26.7,26.8,26.9,26.9,26.9,26.8,26.9,26.9,26.8,26.9,26.8,26.6,26.9,27.0,27.1,27.2,27.0,27.0,27.1,27.0,27.2,27.3,27.1,27.1,26.8,26.9,26.8,26.6,26.8,26.7,26.7,26.6,26.6,26.8,26.8,26.9,27.1,27.2,27.3,27.4,27.6,27.4,27.4,27.3,27.4,27.5,27.6,27.6,27.6,27.7,27.6,27.5,27.6,27.6,27.6,27.7,27.4,27.6,27.6,27.6,27.6,27.7,27.4,27.4,27.5,27.5,27.4,27.5,27.6,27.5,27.3,27.4,27.3,27.5,27.4,27.4,27.4,27.4,27.3,27.3,27.3,27.3,27.3,27.3,27.3,27.4,27.3,27.1,27.3,27.2,27.3,27.2,27.2,27.1,27.0,27.2
94,27.5,27.6,27.7,27.6,27.6,27.8,27.8,27.8,27.7,27.7,27.9,27.8,27.8,28.0,27.9,28.0,27.9,27.8,27.7,27.8,27.6,27.6,27.7,27.6,27.3,27.2,27.1,27.1,26.9,27.0,26.9,27.0,26.9,26.9,27.0,26.9,26.9,26.9,26.8,26.8,26.8,26.8,27.0,27.0,26.8,26.9,27.0,27.0,27.1,27.0,27.0,26.9,27.0,27.1,26.8,27.0,27.1,27.1,27.1,27.1,26.9,26.9,27.0,26.9,27.1,27.0,27.1,26.8,27.1,27.0,26.9,26.8,26.9,26.8,26.9,26.9,26.9,26.9,26.9,26.9,27.0,26.9,26.9,26.8,26.7,26.8,26.8,26.9,26.9,26.9,26.9,26.9,27.0,27.0,26.8,26.9,26.8,26.8,26.8,26.9,26.7,26.8,26.8,26.8,27.1,26.8,26.8,26.9,26.9,26.8,26.9,27.0,27.1,26.9,27.0,26.9,27.0,27.1,27.1,27.1,26.7,26.8,26.7,26.7,26.6,26.6,26.4,26.7,26.8,26.7,26.7,27.0,27.1,27.3,27.2,27.4,27.3,27.3,27.4,27.4,27.5,27.4,27.5,27.6,27.5,27.5,27.6,27.6,27.6,27.6,27.5,27.7,27.5,27.6,27.5,27.6,27.6,27.6,27.4,27.6,27.5,27.5,27.5,27.5,27.5,27.5,27.4,27.4,27.6,27.5,27.4,27.4,27.3,27.6,27.5,27.3,27.3,27.4,27.3,27.3,27.3,27.3,27.2,27.2,27.3,27.1,27.2,27.1,27.2,27.1,27.2,27.2
95,27.5,27.6,27.6,27.8,27.6,27.8,27.8,27.8,27.8,27.7,28.0,27.8,27.8,27.8,27.8,27.9,27.7,27.7,28.0,27.8,27.5,27.7,27.2,27.0,27.2,27.1,26.9,26.9,26.9,27.1,27.1,27.0,27.1,26.9,26.9,27.0,26.9,26.9,26.9,26.7,26.7,26.8,26.8,26.9,26.9,27.0,26.9,27.0,27.1,26.8,27.0,27.1,27.0,27.0,26.8,26.9,27.1,27.1,27.0,27.0,27.1,27.1,26.9,26.8,27.0,26.7,27.0,27.1,26.9,27.0,26.9,27.0,26.8,27.0,26.9,27.1,26.9,27.1,26.9,26.9,27.0,26.9,27.2,27.0,26.9,26.8,26.8,27.0,26.9,27.0,27.0,26.8,26.9,26.9,26.9,26.8,26.9,26.7,26.9,26.8,26.9,27.0,26.9,26.8,26.7,26.9,26.6,26.8,26.7,26.8,26.9,26.9,26.8,26.8,26.8,26.9,26.9,27.1,27.0,27.0,26.6,26.8,26.4,26.9,26.6,26.7,26.7,26.5,26.4,26.8,26.7,27.0,27.1,27.2,27.2,27.3,27.3,27.5,27.4,27.4,27.4,27.5,27.5,27.6,27.6,27.6,27.5,27.6,27.6,27.7,27.6,27.8,27.6,27.6,27.6,27.5,27.6,27.6,27.6,27.7,27.8,27.4,27.6,27.5,27.5,27.5,27.5,27.4,27.4,27.4,27.5,27.5,27.3,27.3,27.4,27.2,27.3,27.2,27.2,27.4,27.3,27.3,27.2,27.2,27.3,27.1,27.2,27.3,27.2,27.2,27.1,27.3
96,27.6,27.8,27.6,27.9,27.8,27.7,27.9,27.7,27.7,27.8,27.9,27.9,27.9,27.8,27.7,27.9,28.0,27.8,28.0,27.8,27.6,27.5,27.1,27.1,27.0,26.9,26.9,27.1,26.9,27.0,27.0,26.9,26.9,27.0,27.0,26.9,26.7,26.9,26.9,26.8,26.8,26.7,26.9,26.9,26.9,27.1,27.1,27.0,27.0,26.9,27.1,26.9,27.1,26.9,27.1,27.0,27.1,27.0,27.0,26.9,27.1,27.1,27.0,27.0,27.1,26.9,27.1,26.8,27.0,27.1,27.1,26.9,27.0,26.9,27.0,26.8,27.1,27.0,26.9,26.9,27.0,27.1,26.9,26.9,26.9,26.9,26.8,26.9,27.0,27.0,27.1,26.9,26.9,26.9,27.0,26.9,26.8,26.9,26.9,26.9,26.8,26.9,26.9,27.0,26.9,27.0,26.9,26.8,26.9,26.9,26.7,26.9,27.0,27.0,26.8,27.0,27.0,27.3,27.3,27.1,27.0,26.8,26.6,26.9,26.6,26.6,26.5,26.5,26.7,26.6,26.8,27.0,27.0,27.3,27.4,27.4,27.4,27.4,27.5,27.5,27.5,27.6,27.6,27.6,27.6,27.4,27.7,27.6,27.5,27.6,27.6,27.6,27.5,27.5,27.5,27.6,27.5,27.8,27.7,27.7,27.6,27.6,27.6,27.3,27.6,27.4,27.5,27.3,27.3,27.4,27.5,27.3,27.6,27.3,27.4,27.4,27.5,27.3,27.4,27.5,27.4,27.3,27.3,27.1,27.3,27.2,27.3,27.3,27.4,27.2,27.2,27.2
97,27.6,27.7,27.6,27.7,27.6,27.7,27.7,27.8,27.7,27.8,27.9,27.7,28.0,27.9,27.8,27.9,27.9,28.0,27.8,27.9,27.7,27.3,26.9,27.0,26.8,27.0,27.0,27.0,27.0,27.1,26.9,27.0,26.9,26.8,26.9,26.9,26.9,26.9,26.7,26.9,27.0,26.9,26.8,26.9,26.9,26.9,27.0,27.0,26.8,26.9,26.9,27.0,27.0,26.9,26.9,27.0,27.0,27.0,26.9,27.0,27.1,27.0,27.0,26.9,27.0,27.1,27.1,26.9,27.1,27.0,26.9,27.0,26.9,26.9,26.9,27.0,27.0,26.9,26.9,26.7,26.9,26.9,27.0,26.9,26.9,26.9,26.9,26.9,26.8,26.9,26.7,27.0,26.8,26.9,26.8,26.9,26.8,26.9,26.8,26.8,26.9,26.9,27.0,26.7,26.8,26.7,26.8,26.9,26.8,26.8,26.8,26.8,27.0,26.8,26.9,26.8,27.0,27.1,27.4,27.0,26.9,26.9,26.9,26.7,26.8,26.6,26.5,26.8,26.6,26.6,26.7,27.0,27.1,27.3,27.3,27.4,27.5,27.4,27.5,27.6,27.4,27.4,27.6,27.5,27.7,27.5,27.6,27.6,27.7,27.6,27.6,27.7,27.7,27.5,27.6,27.6,27.6,27.7,27.8,27.8,27.6,27.6,27.6,27.5,27.6,27.6,27.6,27.5,27.5,27.6,27.5,27.6,27.5,27.4,27.3,27.4,27.3,27.3,27.3,27.2,27.3,27.3,27.3,27.2,27.3,27.3,27.2,27.3,27.1,27.3,27.1,27.1
98,27.6,27.6,27.8,27.8,27.8,27.6,27.8,27.8,27.8,27.8,27.8,28.0,28.0,27.9,28.0,28.0,27.8,27.8,28.0,27.8,27.6,27.4,27.2,26.9,27.1,27.0,27.1,27.0,27.0,27.0,27.0,27.0,27.0,26.9,26.9,26.9,26.9,27.0,26.9,26.8,26.9,26.9,26.8,26.8,26.9,27.0,27.0,27.1,27.1,27.1,27.0,27.1,27.2,27.1,27.0,27.1,27.0,27.0,27.1,27.0,27.1,27.0,27.0,27.1,27.1,26.8,27.1,27.0,27.0,27.1,27.1,26.9,27.0,27.1,27.0,26.9,27.0,27.1,26.9,27.0,26.9,27.1,27.1,26.9,27.0,26.9,26.9,26.8,26.8,26.9,26.9,26.9,26.8,27.0,26.9,26.8,26.9,26.9,26.9,26.8,26.8,26.9,26.9,26.8,26.8,26.9,26.8,26.9,26.8,26.9,26.9,26.8,27.0,26.7,26.8,26.9,26.9,27.2,27.3,27.2,26.9,26.8,26.7,26.7,26.8,26.6,26.7,26.6,26.6,26.9,26.9,27.0,27.2,27.3,27.3,27.6,27.5,27.6,27.4,27.4,27.6,27.4,27.6,27.7,27.5,27.6,27.7,27.5,27.5,27.8,27.7,27.8,27.6,27.6,27.7,27.7,27.6,27.5,27.8,27.7,27.6,27.7,27.6,27.7,27.6,27.4,27.6,27.5,27.6,27.4,27.4,27.3,27.5,27.4,27.6,27.2,27.4,27.4,27.4,27.3,27.3,27.2,27.1,27.3,27.2,27.2,27.3,27.2,27.2,27.2,27.2,27.1
99,27.6,27.7,27.6,27.6,27.8,27.6,27.8,27.8,27.9,27.9,27.9,27.9,27.8,28.0,27.9,27.9,27.8,27.9,27.9,28.0,27.6,27.5,27.2,27.2,27.0,27.1,27.1,27.0,27.0,27.0,27.0,26.9,27.0,27.0,26.9,26.8,26.9,26.9,26.8,26.9,26.8,26.9,26.9,27.0,26.8,27.1,27.0,27.0,27.0,26.9,27.0,27.1,27.0,27.0,27.0,27.0,27.1,27.0,26.9,26.9,27.2,26.9,27.0,27.0,27.1,27.0,27.0,26.9,27.1,27.0,27.0,27.0,26.9,27.1,27.0,27.1,27.1,27.1,27.2,27.1,27.1,27.0,26.9,26.9,26.9,27.0,26.9,27.1,26.9,26.9,26.9,27.1,27.0,27.0,26.8,26.8,26.7,26.8,26.8,26.9,26.9,27.0,26.7,26.9,26.9,26.9,26.9,26.9,26.8,26.9,26.8,26.9,26.9,27.0,26.8,26.7,26.6,26.9,27.1,26.9,26.8,26.7,26.8,26.6,26.6,26.7,26.8,26.7,26.7,26.8,26.8,27.1,27.1,27.2,27.2,27.5,27.4,27.5,27.5,27.6,27.7,27.7,27.4,27.6,27.6,27.6,27.6,27.6,27.6,27.7,27.8,27.6,27.6,27.6,27.6,27.5,27.6,27.7,27.6,27.6,27.7,27.7,27.7,27.6,27.5,27.6,27.5,27.5,27.3,27.3,27.5,27.4,27.4,27.4,27.6,27.3,27.5,27.3,27.5,27.3,27.4,27.4,27.4,27.1,27.3,27.3,27.1,27.3,27.3,27.1,27.3,27.2
100,27.6,27.6,27.7,27.8,27.8,27.6,27.8,27.8,27.6,27.7,27.8,27.7,27.7,28.0,27.9,27.6,28.0,27.9,27.7,27.7,27.5,27.4,27.2,26.9,27.0,27.0,26.9,27.0,26.9,27.0,27.0,27.0,26.9,26.9,26.8,26.9,26.8,26.8,26.9,26.8,26.9,26.8,26.8,26.9,26.8,27.1,26.8,27.2,26.9,27.0,27.0,27.1,27.0,27.1,27.1,26.9,26.9,27.0,27.0,27.0,27.1,27.0,27.0,26.9,27.0,26.9,27.1,27.1,26.9,27.0,27.0,27.0,27.0,27.1,27.1,27.1,27.2,27.4,27.2,27.2,27.0,27.0,27.0,26.9,27.1,26.9,26.8,27.0,26.8,26.9,27.0,27.0,26.9,26.9,26.7,26.7,26.8,26.8,26.8,26.9,26.9,26.7,26.8,26.9,26.7,26.9,26.9,26.9,26.8,26.7,26.9,26.8,26.9,26.9,26.6,26.8,26.9,26.7,26.6,26.8,26.8,26.8,26.6,26.7,26.6,26.6,26.6,26.6,26.5,26.9,26.7,27.0,27.1,27.3,27.3,27.3,27.6,27.5,27.5,27.5,27.6,27.5,27.5,27.6,27.6,27.7,27.7,27.6,27.6,27.6,27.7,27.6,27.6,27.5,27.7,27.6,27.5,27.6,27.6,27.5,27.7,27.5,27.5,27.5,27.5,27.4,27.5,27.6,27.3,27.6,27.2,27.3,27.4,27.5,27.3,27.3,27.3,27.3,27.4,27.3,27.3,27.2,27.1,27.3,27.4,27.0,27.1,27.3,27.3,27.2,27.1,27.1
101,27.6,27.7,27.7,27.6,27.8,27.7,27.8,27.8,27.9,28.0,28.0,27.8,27.9,27.8,28.0,27.9,28.0,28.0,28.0,27.8,27.6,27.4,27.2,27.1,27.1,27.0,26.9,27.0,26.8,27.0,27.2,27.1,27.0,27.1,27.0,26.8,26.9,26.8,26.9,26.9,27.1,26.9,26.9,26.9,26.9,27.0,27.0,26.9,27.0,27.0,27.1,27.0,27.1,27.0,27.1,27.0,26.9,27.0,26.9,27.0,27.1,27.1,27.0,27.0,27.3,26.9,27.1,27.1,27.1,26.9,27.0,27.0,27.1,27.2,27.4,27.6,27.5,27.6,27.4,27.5,27.1,27.0,26.9,27.0,26.9,26.9,26.9,27.0,26.8,26.9,27.0,26.8,26.9,26.8,26.8,26.8,26.8,26.7,27.0,26.9,26.7,26.9,26.9,26.9,26.9,26.9,26.8,26.7,26.9,27.0,27.0,26.8,26.9,27.0,26.8,26.7,26.9,26.8,26.9,26.8,26.7,26.6,26.6,26.5,26.5,26.6,26.6,26.7,26.7,26.6,26.9,26.8,27.1,27.3,27.3,27.3,27.6,27.4,27.5,27.6,27.4,27.4,27.6,27.6,27.6,27.6,27.7,27.8,27.7,27.7,27.6,27.8,27.6,27.7,27.8,27.6,27.6,27.7,27.6,27.6,27.6,27.6,27.6,27.6,27.5,27.4,27.6,27.6,27.4,27.5,27.5,27.4,27.4,27.5,27.5,27.2,27.5,27.4,27.4,27.4,27.3,27.3,27.3,27.3,27.4,27.3,27.3,27.2,27.1,27.1,27.2,27.3
102,27.8,27.7,27.7,27.8,27.6,27.7,27.8,27.7,27.9,27.8,27.7,27.8,27.8,27.9,27.8,28.1,27.7,27.9,27.9,27.8,27.6,27.6,27.3,27.1,27.1,26.9,26.9,27.0,27.0,27.0,27.0,27.0,27.0,26.9,26.9,26.9,27.0,26.8,26.9,27.0,26.9,26.8,26.9,26.8,27.0,26.9,26.9,26.9,26.7,27.1,27.0,26.8,27.1,26.9,27.0,27.0,27.1,27.0,27.0,27.2,27.2,27.0,27.0,27.0,27.0,26.9,26.9,26.9,27.1,27.0,27.0,27.0,27.1,27.1,27.4,27.5,27.6,27.6,27.5,27.4,27.1,27.0,26.9,26.8,26.9,26.8,26.8,26.8,26.9,26.8,26.9,26.8,26.8,26.9,26.8,26.9,26.7,26.7,26.7,26.8,26.6,26.9,26.8,26.8,26.9,26.8,26.9,26.8,26.8,26.8,26.9,27.1,26.9,26.8,26.9,26.7,26.8,26.9,26.8,26.7,26.6,26.6,26.6,26.7,26.8,26.6,26.5,26.6,26.6,26.8,26.7,26.8,27.0,27.1,27.3,27.4,27.4,27.6,27.4,27.5,27.5,27.4,27.5,27.7,27.6,27.6,27.6,27.6,27.5,27.6,27.7,27.7,27.8,27.5,27.5,27.4,27.7,27.5,27.6,27.5,27.5,27.6,27.4,27.6,27.4,27.6,27.5,27.6,27.6,27.5,27.3,27.5,27.6,27.5,27.3,27.3,27.2,27.3,27.4,27.3,27.2,27.3,27.4,27.2,27.2,27.3,27.2,27.3,27.4,27.3,27.3,27.2
103,27.7,27.7,27.6,27.7,27.5,27.7,27.8,27.7,27.8,27.8,27.9,27.9,27.9,27.8,27.8,27.9,27.8,27.8,28.0,28.1,27.7,27.8,27.5,27.3,27.4,27.3,27.1,27.0,27.1,27.1,27.4,27.1,27.0,27.1,26.9,26.9,27.1,26.9,26.9,26.9,26.9,26.9,26.9,27.1,26.9,26.9,27.0,26.9,26.8,27.0,26.8,27.2,26.9,27.0,27.0,27.0,27.0,27.1,27.0,26.9,27.1,26.9,27.0,27.0,26.9,27.0,27.0,26.8,27.1,27.1,27.0,27.2,27.3,27.4,27.7,27.8,27.8,27.8,27.6,27.1,26.8,26.8,26.7,26.7,26.9,26.7,26.7,26.8,26.8,26.8,26.6,26.8,26.7,26.8,26.6,26.8,26.7,26.8,26.8,26.9,26.7,26.8,26.8,26.9,26.9,26.7,26.8,26.9,26.9,26.9,26.9,26.9,27.1,26.9,26.9,26.7,26.8,26.7,26.7,26.9,26.8,26.7,26.4,26.7,26.6,26.6,26.6,26.6,26.6,26.8,26.6,26.8,27.0,27.3,27.3,27.5,27.3,27.3,27.4,27.6,27.5,27.5,27.6,27.7,27.6,27.6,27.5,27.6,27.6,27.6,27.6,27.6,27.7,27.7,27.6,27.6,27.6,27.6,27.6,27.6,27.6,27.5,27.4,27.6,27.5,27.6,27.5,27.4,27.5,27.5,27.5,27.4,27.4,27.4,27.5,27.2,27.3,27.3,27.2,27.4,27.2,27.4,27.3,27.0,27.2,27.1,27.3,27.3,27.1,27.2,27.1,27.3
104,27.6,27.5,27.7,27.6,27.5,27.7,27.7,27.6,27.6,27.8,27.7,27.9,27.7,27.8,27.9,27.9,27.8,27.8,27.9,28.0,27.7,27.7,27.6,27.7,27.6,27.6,27.4,27.3,27.3,27.2,27.2,27.3,27.2,27.0,27.0,27.0,26.8,27.1,26.8,26.9,27.1,27.1,27.0,27.4,27.2,27.0,27.1,27.0,27.0,26.9,27.0,27.1,27.1,27.1,27.0,27.2,26.9,27.1,27.0,27.2,27.1,27.0,27.0,27.1,27.0,26.9,27.1,27.0,26.9,27.0,27.1,27.2,27.4,27.6,27.7,27.9,27.8,28.0,27.6,27.1,26.8,26.7,26.5,26.6,26.9,26.9,26.7,26.7,26.6,26.7,26.6,26.7,26.6,26.7,26.7,26.7,26.7,26.7,26.8,26.8,26.8,26.9,26.8,26.9,26.8,26.7,26.9,26.7,26.8,26.8,27.0,26.9,27.1,26.8,26.8,26.8,26.8,27.0,26.8,26.7,26.7,26.7,26.6,26.7,26.5,26.7,26.7,26.7,26.6,26.7,26.7,26.9,27.0,27.3,27.3,27.3,27.2,27.3,27.3,27.5,27.5,27.4,27.7,27.5,27.6,27.7,27.6,27.6,27.6,27.4,27.7,27.4,27.6,27.6,27.7,27.7,27.6,27.6,27.6,27.7,27.6,27.6,27.5,27.4,27.6,27.6,27.3,27.5,27.4,27.6,27.3,27.5,27.4,27.3,27.4,27.2,27.2,27.3,27.2,27.4,27.3,27.3,27.2,27.3,27.4,27.2,27.3,27.2,27.1,27.3,27.2,27.1
105,27.7,27.6,27.7,27.7,27.8,27.6,27.8,27.6,27.7,27.7,27.6,27.8,27.8,27.7,27.9,27.8,27.9,27.9,28.0,27.9,27.9,28.0,27.8,27.8,27.8,27.7,27.5,27.4,27.4,27.3,27.4,27.4,27.3,27.1,27.0,27.1,27.1,27.1,27.0,27.1,27.0,27.1,27.2,27.5,27.3,27.2,27.1,27.0,26.9,27.0,26.9,27.1,27.1,27.1,27.0,27.0,27.0,27.1,27.0,27.1,27.1,27.1,27.1,26.9,27.1,27.1,26.9,27.0,27.0,27.1,27.3,27.5,27.6,27.8,27.9,28.1,27.8,27.6,27.4,27.0,26.8,26.6,26.6,26.6,26.6,26.7,26.6,26.8,26.7,26.8,26.7,26.8,26.7,26.6,26.7,26.7,26.7,26.8,26.9,26.7,26.7,26.8,26.8,26.9,26.9,26.9,26.9,26.9,26.9,26.9,27.1,26.9,27.1,27.0,26.8,26.8,26.9,26.9,26.9,26.8,26.8,26.8,26.7,26.6,26.7,26.7,26.5,26.6,26.6,26.6,26.8,27.0,27.0,27.1,27.1,27.4,27.5,27.6,27.5,27.5,27.6,27.5,27.6,27.6,27.6,27.7,27.6,27.6,27.5,27.8,27.7,27.8,27.7,27.6,27.7,27.6,27.7,27.6,27.5,27.6,27.6,27.6,27.6,27.6,27.6,27.5,27.4,27.5,27.5,27.5,27.4,27.4,27.5,27.6,27.4,27.3,27.2,27.2,27.3,27.3,27.3,27.3,27.4,27.3,27.1,27.1,27.3,27.3,27.3,27.3,27.2,27.3
106,27.4,27.5,27.6,27.6,27.4,27.4,27.6,27.6,27.4,27.6,27.4,27.5,27.5,27.5,27.4,27.6,27.8,27.8,27.9,27.9,27.8,27.9,27.9,27.8,27.8,27.9,27.6,27.5,27.4,27.5,27.7,27.6,27.4,27.1,27.1,27.1,27.1,27.0,27.1,27.2,27.1,27.3,27.2,27.4,27.3,27.2,27.2,27.2,26.9,27.1,27.0,26.9,26.9,27.1,26.8,26.9,26.9,26.9,27.2,27.0,27.1,27.1,27.0,27.0,27.1,27.0,27.0,27.0,27.1,27.2,27.3,27.5,27.7,27.8,28.0,28.0,27.9,27.7,27.3,26.9,26.9,26.8,26.7,26.4,26.6,26.6,26.7,26.5,26.8,26.8,26.7,26.6,26.7,26.7,26.7,26.7,26.5,26.7,26.9,26.9,26.9,26.9,26.7,26.9,26.7,27.0,26.9,26.8,27.0,26.9,26.7,26.9,26.9,26.9,26.9,27.0,26.9,27.1,26.9,27.0,26.8,26.8,26.6,26.6,26.6,26.5,26.5,26.6,26.7,26.6,26.8,26.8,27.1,27.2,27.4,27.4,27.5,27.6,27.6,27.5,27.4,27.7,27.7,27.7,27.6,27.6,27.8,27.6,27.7,27.6,27.7,27.7,27.6,27.6,27.6,27.6,27.6,27.8,27.6,27.6,27.5,27.5,27.5,27.3,27.6,27.6,27.6,27.5,27.5,27.5,27.2,27.5,27.5,27.4,27.4,27.3,27.3,27.3,27.4,27.4,27.4,27.3,27.4,27.3,27.4,27.2,27.1,27.3,27.1,27.2,27.3,27.3
107,27.5,27.3,27.3,27.3,27.3,27.3,27.3,27.3,27.2,27.2,27.3,27.2,27.1,27.3,27.1,27.4,27.6,27.8,27.8,28.0,27.9,28.0,28.1,28.1,28.0,28.0,27.8,27.8,27.6,27.5,27.6,27.6,27.6,27.5,27.2,27.3,27.2,27.2,27.1,27.2,27.2,27.3,27.4,27.3,27.6,27.4,27.3,27.1,27.1,27.1,27.1,26.9,27.0,27.1,27.1,27.1,27.0,27.1,26.9,27.0,27.2,27.0,27.1,27.0,27.0,27.0,27.1,27.0,27.3,27.5,27.6,27.9,28.0,28.1,28.1,28.0,27.8,27.8,27.5,27.2,27.0,26.7,26.7,26.7,26.6,26.6,26.7,26.6,26.7,26.7,26.7,26.8,26.7,26.7,26.7,26.8,26.8,26.8,26.8,26.7,26.7,27.0,26.9,26.9,26.9,27.0,26.9,26.8,27.0,27.0,26.9,26.9,26.9,26.8,26.9,26.9,27.0,27.0,26.9,27.0,26.7,27.0,26.7,26.8,26.6,26.6,26.6,26.7,26.7,26.8,26.8,26.9,27.1,27.2,27.3,27.4,27.4,27.5,27.6,27.5,27.6,27.6,27.6,27.8,27.6,27.7,27.6,27.6,27.6,27.6,27.7,27.7,27.5,27.6,27.6,27.7,27.7,27.7,27.6,27.7,27.6,27.6,27.7,27.4,27.7,27.5,27.5,27.7,27.5,27.5,27.5,27.3,27.5,27.4,27.5,27.4,27.5,27.3,27.4,27.3,27.4,27.2,27.3,27.5,27.4,27.3,27.3,27.2,27.3,27.3,27.2,27.2
108,27.2,27.1,27.2,27.1,27.2,26.9,27.1,27.1,27.1,27.1,27.1,26.8,26.9,27.0,27.1,27.3,27.5,27.7,27.8,27.9,28.0,27.9,28.0,27.9,28.0,27.8,27.8,27.6,27.4,27.3,27.6,27.6,27.4,27.3,27.3,27.3,27.1,27.4,27.4,27.3,27.1,27.2,27.4,27.4,27.2,27.3,27.3,27.2,27.3,27.3,27.1,27.2,27.1,27.2,26.9,26.9,27.0,26.9,26.9,27.0,27.2,27.1,27.0,27.0,27.1,27.0,27.1,27.3,27.4,27.7,27.9,27.8,28.1,28.0,28.0,27.9,27.7,27.7,27.3,27.0,26.9,26.7,26.7,26.6,26.6,26.4,26.5,26.7,26.6,26.9,26.8,26.8,26.7,26.8,26.7,26.7,26.7,26.7,26.7,26.7,26.9,26.9,26.8,26.9,26.7,26.7,26.8,26.9,26.9,27.0,27.0,26.9,26.9,26.8,26.9,26.8,26.9,27.2,27.2,27.3,26.9,27.0,26.9,26.8,26.8,26.7,26.8,26.9,26.8,26.8,26.8,27.0,27.1,27.3,27.2,27.4,27.6,27.4,27.6,27.4,27.6,27.6,27.6,27.7,27.6,27.6,27.6,27.6,27.6,27.7,27.6,27.7,27.6,27.6,27.5,27.5,27.6,27.8,27.6,27.6,27.6,27.5,27.6,27.6,27.6,27.5,27.5,27.6,27.5,27.4,27.6,27.5,27.5,27.4,27.5,27.4,27.5,27.2,27.5,27.4,27.4,27.4,27.3,27.3,27.3,27.3,27.3,27.3,27.1,27.3,27.3,27.2
109,27.0,27.0,27.2,27.2,27.2,27.1,27.1,27.0,27.0,27.1,27.1,27.0,27.0,27.0,27.2,27.3,27.3,27.7,27.6,28.0,28.0,27.9,28.0,28.0,27.9,27.9,28.0,28.0,27.6,27.6,27.6,27.7,27.6,27.6,27.6,27.4,27.6,27.4,27.5,27.5,27.4,27.6,27.3,27.5,27.3,27.4,27.3,27.2,27.3,27.2,27.2,27.1,26.9,27.1,27.0,27.1,27.0,27.0,27.2,27.0,27.1,26.9,27.1,27.1,27.0,27.1,27.2,27.3,27.6,27.8,28.2,28.1,28.2,28.0,28.0,27.8,27.8,27.7,27.2,26.8,26.8,26.9,26.8,26.7,26.7,26.6,26.6,26.5,26.5,26.8,26.7,26.7,26.9,26.6,26.5,26.7,26.7,26.6,26.9,26.8,26.8,27.0,26.9,26.9,26.9,26.8,26.8,26.7,26.8,26.9,26.9,26.8,26.7,27.0,26.9,26.8,27.1,27.1,27.2,27.1,27.1,27.0,26.6,26.6,26.6,26.7,26.5,26.6,26.9,26.6,26.7,27.1,27.0,27.1,27.2,27.3,27.4,27.3,27.4,27.5,27.6,27.5,27.6,27.4,27.7,27.6,27.6,27.7,27.6,27.6,27.6,27.7,27.6,27.5,27.5,27.8,27.6,27.8,27.6,27.6,27.7,27.5,27.5,27.5,27.7,27.5,27.5,27.6,27.3,27.4,27.3,27.5,27.6,27.6,27.3,27.5,27.4,27.4,27.5,27.3,27.3,27.3,27.5,27.3,27.3,27.2,27.4,27.2,27.4,27.2,27.2,27.3
110,27.1,27.1,27.1,27.2,27.2,27.1,26.9,27.1,27.2,27.0,26.9,26.9,27.0,27.1,26.9,27.2,27.3,27.5,27.9,28.1,27.9,28.1,28.0,28.2,28.1,28.2,28.2,28.0,28.2,28.1,28.1,27.9,28.1,28.0,27.8,28.0,27.8,27.6,27.7,27.8,27.9,27.8,27.5,27.3,27.4,27.3,27.3,27.3,27.0,27.0,27.1,27.1,27.2,27.0,27.1,27.1,27.2,26.9,27.1,27.0,27.1,27.1,27.2,27.0,27.2,27.1,27.3,27.6,27.8,27.9,28.2,28.1,28.1,27.9,27.9,27.8,27.6,27.6,27.2,27.1,26.7,26.8,26.7,26.8,26.7,26.6,26.6,26.6,26.6,26.8,26.8,26.8,26.8,26.7,26.7,26.7,26.8,26.6,26.6,26.8,26.7,26.7,26.9,27.0,26.9,26.7,26.8,26.9,26.8,26.8,27.0,26.9,26.9,26.8,26.9,27.1,26.9,27.1,27.1,27.2,27.1,26.9,26.8,26.8,26.6,26.7,26.5,26.6,26.5,26.5,26.7,26.8,27.0,27.3,27.2,27.4,27.3,27.7,27.5,27.3,27.4,27.4,27.6,27.7,27.6,27.7,27.5,27.6,27.7,27.6,27.8,27.5,27.7,27.7,27.8,27.6,27.6,27.6,27.4,27.6,27.8,27.6,27.5,27.4,27.4,27.4,27.6,27.5,27.6,27.6,27.5,27.3,27.5,27.6,27.5,27.2,27.5,27.3,27.5,27.3,27.3,27.5,27.2,27.3,27.3,27.3,27.5,27.2,27.3,27.2,27.4,27.3
111,27.3,27.1,27.2,27.1,27.1,27.2,27.1,27.1,27.1,27.1,26.9,27.0,26.9,27.1,27.1,27.3,27.5,27.6,28.0,28.1,28.3,28.4,28.4,28.4,28.6,28.6,28.6,28.7,28.5,28.5,28.7,28.6,28.6,28.5,28.2,28.3,28.1,27.8,27.8,28.0,28.0,28.1,27.9,27.6,27.4,27.2,27.1,27.2,27.3,27.2,27.1,27.2,27.1,27.0,27.1,27.0,27.0,27.0,26.9,26.9,27.1,26.9,27.1,27.1,27.2,27.3,27.5,27.8,28.0,28.1,28.2,28.2,28.1,27.9,27.8,27.9,27.9,27.7,27.3,27.2,26.9,27.0,26.7,26.8,26.7,26.5,26.6,26.5,26.8,26.8,26.7,26.7,26.7,26.5,26.7,26.7,26.6,26.7,26.7,26.7,26.8,26.8,26.9,26.9,27.0,26.9,26.8,26.8,26.9,26.9,27.0,26.9,27.1,26.9,26.9,27.1,27.1,27.2,27.3,27.2,27.0,26.9,26.9,26.8,26.7,26.6,26.6,26.7,26.7,26.5,26.6,26.9,26.9,27.1,27.3,27.3,27.4,27.3,27.4,27.4,27.7,27.4,27.7,27.8,27.6,27.6,27.8,27.6,27.7,27.5,27.6,27.6,27.5,27.6,27.6,27.6,27.6,27.7,27.8,27.8,27.6,27.4,27.6,27.5,27.6,27.4,27.4,27.6,27.6,27.5,27.4,27.3,27.4,27.6,27.4,27.6,27.3,27.3,27.4,27.3,27.3,27.3,27.4,27.4,27.4,27.3,27.3,27.3,27.3,27.3,27.3,27.2
112,27.3,27.1,27.3,27.2,27.2,27.1,27.1,27.1,26.9,27.0,27.1,27.0,26.9,27.1,27.3,27.5,27.7,28.0,28.3,28.4,28.6,28.7,29.0,29.0,29.0,28.9,29.1,28.9,29.1,29.2,29.1,29.0,29.0,29.1,28.6,28.6,28.4,28.2,28.0,28.3,28.2,28.1,28.1,27.7,27.3,27.2,27.2,27.2,27.2,27.4,27.1,27.0,27.1,27.0,27.0,27.0,27.1,27.0,27.0,27.0,27.0,27.0,27.1,27.1,27.3,27.4,27.8,27.9,28.1,28.2,28.3,28.2,28.1,28.0,28.0,27.8,27.9,27.8,27.5,26.9,26.7,26.9,26.8,26.8,26.6,26.6,26.6,26.7,26.8,26.8,26.8,26.6,26.7,26.6,26.8,26.9,26.8,26.8,26.7,26.7,26.9,27.0,27.0,26.8,26.9,26.9,26.9,26.9,26.9,27.0,27.2,27.1,27.2,27.1,27.1,27.0,27.2,27.3,27.2,27.2,27.2,27.0,26.8,26.8,26.7,26.8,26.6,26.5,26.7,26.7,26.5,26.7,26.9,27.2,27.3,27.5,27.3,27.5,27.5,27.5,27.6,27.5,27.6,27.7,27.6,27.6,27.6,27.6,27.6,27.6,27.6,27.6,27.6,27.7,27.7,27.5,27.8,27.7,27.6,27.7,27.6,27.4,27.6,27.6,27.6,27.4,27.6,27.6,27.4,27.5,27.5,27.4,27.4,27.4,27.6,27.3,27.3,27.5,27.5,27.3,27.3,27.3,27.3,27.3,27.3,27.4,27.4,27.3,27.2,27.3,27.2,27.0
113,27.6,27.3,27.2,27.2,27.3,27.1,27.3,27.0,26.9,27.1,27.1,27.1,27.1,27.2,27.3,27.6,28.0,28.4,28.8,29.1,29.1,29.0,29.2,29.2,29.3,29.2,29.4,29.3,29.2,29.3,29.3,29.1,29.2,29.2,29.0,28.8,28.7,28.3,28.3,28.3,28.3,28.0,27.7,27.3,27.2,27.1,27.2,26.9,27.1,27.1,27.1,27.1,27.0,27.1,27.0,27.1,27.0,27.0,27.1,27.1,27.1,27.1,27.1,27.3,27.2,27.7,27.9,28.0,28.2,28.1,28.2,28.3,28.0,28.2,28.1,28.2,28.0,28.1,27.6,27.2,26.9,26.7,26.6,26.7,26.6,26.6,26.4,26.6,26.7,26.9,26.8,26.8,26.7,26.8,26.6,26.7,26.6,26.8,26.8,26.7,26.8,26.9,26.9,26.7,26.9,26.7,27.0,27.0,27.0,27.1,27.3,27.2,27.2,27.2,27.2,27.2,27.1,27.3,27.3,27.1,27.1,27.2,26.8,26.9,26.7,26.8,26.6,26.9,26.7,26.8,26.8,26.9,26.9,27.2,27.3,27.3,27.3,27.3,27.5,27.5,27.4,27.5,27.6,27.6,27.8,27.7,27.5,27.7,27.8,27.6,27.7,27.7,27.6,27.7,27.8,27.7,27.6,27.9,27.8,27.7,27.6,27.6,27.6,27.6,27.5,27.6,27.5,27.6,27.5,27.5,27.5,27.3,27.4,27.5,27.6,27.3,27.4,27.3,27.4,27.3,27.5,27.4,27.5,27.3,27.4,27.4,27.2,27.3,27.3,27.1,27.1,27.3
114,27.3,27.0,27.0,27.3,27.2,27.2,27.2,27.0,27.1,26.9,27.1,27.0,27.1,27.1,27.4,27.7,28.2,28.5,29.0,29.1,29.2,29.3,29.3,29.3,29.4,29.3,29.2,29.3,29.2,29.3,29.3,29.3,29.0,29.1,29.1,28.9,28.8,28.6,28.6,28.4,28.1,28.0,27.3,27.3,27.0,27.1,27.1,27.1,27.2,27.1,27.0,27.3,27.1,27.1,26.9,27.1,26.9,27.2,26.9,27.1,27.2,27.1,27.0,27.3,27.3,27.6,28.0,28.0,28.1,28.1,28.1,28.0,28.3,28.2,28.1,28.1,28.1,27.9,27.7,27.2,26.9,26.8,26.7,26.6,26.6,26.6,26.6,26.7,26.7,26.7,26.7,26.7,26.6,26.8,26.8,26.8,26.8,26.9,26.8,26.8,26.7,27.0,26.8,26.8,26.9,27.1,26.9,26.9,26.9,26.8,27.1,27.4,27.2,27.1,27.0,27.2,27.2,27.2,27.4,27.2,27.1,27.0,26.9,26.7,26.6,26.6,26.6,26.5,26.6,26.7,26.8,26.9,26.9,27.0,27.2,27.2,27.3,27.5,27.3,27.4,27.4,27.4,27.5,27.6,27.6,27.7,27.5,27.6,27.7,27.6,27.6,27.6,27.5,27.6,27.6,27.7,27.6,27.7,27.6,27.7,27.5,27.6,27.4,27.5,27.5,27.5,27.4,27.4,27.3,27.4,27.4,27.3,27.4,27.5,27.4,27.4,27.3,27.1,27.2,27.3,27.4,27.3,27.4,27.0,27.4,27.2,27.4,27.3,27.1,27.1,27.3,27.0
115,27.3,27.2,27.2,27.3,27.3,27.1,27.1,27.1,27.1,27.3,27.1,27.2,27.0,27.2,27.5,27.8,28.2,28.8,29.2,29.3,29.4,29.4,29.3,29.2,29.4,29.4,29.2,29.2,29.1,29.3,29.3,29.3,29.0,29.1,29.1,29.2,29.0,29.1,28.9,28.5,28.2,27.8,27.4,27.1,27.3,27.2,27.1,27.2,27.1,27.1,27.0,27.0,27.1,27.2,27.1,27.0,27.1,27.0,27.0,27.1,27.0,27.0,27.1,27.3,27.5,27.7,27.9,28.0,28.1,28.2,28.2,28.1,28.2,28.2,28.0,28.1,28.0,27.8,27.5,27.3,26.9,26.9,26.6,26.8,26.6,26.7,26.7,26.7,26.8,26.8,26.7,26.8,26.8,26.8,26.8,26.7,26.7,26.9,26.8,26.9,26.9,26.9,26.9,26.9,26.9,26.9,26.8,26.8,26.8,27.0,27.3,27.2,27.4,27.3,27.2,27.1,27.3,27.4,27.3,27.3,27.2,27.1,26.7,26.6,26.9,26.9,26.8,26.8,26.8,26.6,26.6,26.8,27.0,27.0,27.3,27.3,27.4,27.4,27.5,27.5,27.4,27.6,27.8,27.6,27.6,27.6,27.8,27.6,27.6,27.6,27.7,27.6,27.6,27.7,27.6,27.6,27.5,27.7,27.5,27.7,27.6,27.6,27.5,27.5,27.5,27.4,27.6,27.6,27.4,27.5,27.4,27.5,27.4,27.4,27.6,27.5,27.4,27.5,27.3,27.6,27.3,27.3,27.3,27.2,27.1,27.3,27.3,27.3,27.3,27.2,27.2,27.3
116,27.5,27.4,27.5,27.5,27.2,27.3,27.2,27.1,27.1,27.3,27.2,27.1,27.2,27.3,27.4,28.0,28.3,28.9,29.2,29.3,29.3,29.4,29.3,29.3,29.4,29.3,29.4,29.2,29.1,29.0,29.0,29.0,29.0,29.1,29.2,29.3,29.2,29.2,28.9,28.8,28.2,27.7,27.5,27.2,27.3,27.2,27.1,27.2,27.2,27.1,27.0,27.3,27.3,27.1,27.1,27.1,27.1,27.2,27.1,27.0,27.1,27.1,27.1,27.1,27.3,27.4,27.5,27.9,28.2,28.0,28.0,28.2,28.2,28.2,28.1,28.0,28.0,27.9,27.6,27.5,27.1,26.9,26.7,26.8,26.7,26.8,26.7,26.8,26.9,26.9,26.8,26.8,26.8,26.9,26.7,27.0,26.9,26.7,26.9,26.7,26.9,26.8,27.0,26.9,27.0,27.1,27.0,27.0,27.0,27.0,27.3,27.0,27.0,27.3,27.2,27.2,27.1,27.3,27.3,27.0,27.1,27.0,26.8,26.8,26.7,26.7,26.8,26.7,26.6,26.7,26.7,26.9,27.0,27.2,27.2,27.5,27.5,27.4,27.4,27.4,27.6,27.5,27.6,27.5,27.5,27.5,27.6,27.6,27.6,27.7,27.7,27.7,27.6,27.6,27.7,27.7,27.7,27.8,27.7,27.6,27.6,27.6,27.6,27.6,27.5,27.6,27.4,27.5,27.6,27.5,27.5,27.5,27.4,27.6,27.5,27.3,27.5,27.3,27.5,27.3,27.4,27.2,27.4,27.3,27.2,27.4,27.4,27.3,27.3,27.2,27.3,27.3
117,27.3,27.3,27.5,27.4,27.3,27.3,27.4,27.2,27.3,27.1,27.2,27.0,27.2,27.3,27.6,27.8,28.1,28.7,29.1,29.3,29.4,29.4,29.4,29.3,29.4,29.3,29.2,29.1,29.1,29.0,29.0,29.0,29.0,29.0,29.0,29.3,29.0,29.1,28.9,28.6,28.2,27.7,27.3,27.3,27.3,27.2,27.2,27.3,27.1,27.1,27.1,27.1,27.2,27.2,27.0,27.3,27.2,27.1,26.9,27.1,27.1,27.0,27.0,27.0,27.1,27.3,27.6,27.6,27.8,27.9,28.1,28.2,28.1,28.0,28.1,28.1,27.8,27.7,27.8,27.5,27.0,26.8,26.7,26.7,26.8,26.7,26.9,26.6,26.7,26.7,26.7,26.8,26.7,26.8,26.8,26.9,26.7,26.7,26.8,26.9,26.6,26.9,26.8,26.9,26.8,27.0,27.0,26.8,27.0,27.0,27.0,27.1,27.1,27.1,27.1,27.3,27.0,27.3,27.3,27.2,27.1,26.9,26.9,26.7,26.6,26.8,26.6,26.7,26.6,26.7,26.7,27.0,26.9,27.3,27.3,27.3,27.4,27.4,27.3,27.6,27.6,27.5,27.6,27.6,27.6,27.6,27.5,27.5,27.6,27.7,27.7,27.6,27.6,27.5,27.7,27.7,27.7,27.5,27.7,27.6,27.6,27.5,27.5,27.7,27.5,27.5,27.6,27.7,27.4,27.6,27.4,27.3,27.5,27.5,27.5,27.3,27.4,27.3,27.4,27.5,27.5,27.3,27.3,27.4,27.3,27.3,27.4,27.3,27.3,27.2,27.4,27.1
118,27.4,27.4,27.4,27.2,27.3,27.2,27.3,27.2,27.3,27.2,27.2,27.2,27.2,27.3,27.4,28.0,28.3,28.7,29.3,29.2,29.4,29.6,29.3,29.4,29.4,29.4,29.4,29.2,29.0,29.0,29.1,29.0,29.0,29.2,29.1,29.3,29.3,29.2,28.9,28.7,28.3,27.7,27.3,27.2,27.4,27.2,27.4,27.4,27.1,27.1,27.2,27.1,27.1,27.2,27.2,27.1,27.1,27.2,27.1,27.1,27.1,27.0,27.2,27.1,27.2,27.1,27.3,27.5,27.7,27.9,28.0,28.1,28.2,28.3,28.1,28.0,28.0,28.0,27.8,27.6,27.3,26.9,26.8,26.9,26.8,26.8,26.9,26.9,26.8,26.8,26.9,26.9,26.8,26.9,26.8,26.9,26.9,26.9,26.9,26.9,26.9,26.9,27.0,26.9,26.8,26.9,26.9,26.9,27.0,27.0,27.0,27.2,27.3,27.1,27.1,27.1,27.2,27.4,27.5,27.3,27.2,27.1,26.9,26.8,26.8,26.8,26.7,26.7,26.8,26.7,26.7,26.9,27.0,27.3,27.5,27.5,27.4,27.5,27.5,27.6,27.5,27.6,27.6,27.8,27.6,27.6,27.6,27.8,27.8,27.7,27.8,27.8,27.6,27.7,27.7,27.7,27.6,27.7,27.6,27.7,27.7,27.5,27.6,27.5,27.5,27.5,27.7,27.5,27.6,27.5,27.6,27.6,27.5,27.6,27.5,27.3,27.4,27.5,27.4,27.3,27.2,27.3,27.5,27.4,27.2,27.2,27.3,27.3,27.3,27.3,27.3,27.3
119,27.5,27.5,27.5,27.4,27.3,27.4,27.3,27.2,27.0,27.2,27.3,27.1,27.3,27.3,27.4,27.8,28.3,28.8,29.0,29.4,29.4,29.5,29.5,29.2,29.4,29.4,29.2,29.2,29.2,29.2,29.4,29.3,29.3,29.1,29.2,29.2,29.3,29.1,29.1,28.7,28.2,27.8,27.5,27.5,27.4,27.2,27.3,27.2,27.3,27.1,27.2,27.3,27.1,27.1,27.0,27.1,27.0,27.1,27.0,27.0,27.2,26.9,27.1,26.9,27.2,27.0,27.4,27.3,27.5,27.8,27.9,28.0,28.0,28.1,27.9,27.8,28.0,27.8,27.9,27.7,27.3,27.1,27.0,27.0,26.9,27.0,26.9,26.8,27.0,26.9,26.8,26.9,26.8,27.1,27.0,27.0,26.9,26.8,26.9,26.9,26.8,27.0,27.0,26.9,26.9,27.0,26.9,26.9,27.0,27.2,27.1,27.2,27.2,27.1,27.1,27.0,27.4,27.6,27.7,27.7,27.3,27.1,26.9,26.8,26.7,26.8,26.8,26.7,26.6,26.6,26.8,27.0,27.1,27.3,27.3,27.3,27.5,27.5,27.4,27.4,27.4,27.4,27.6,27.6,27.6,27.7,27.8,27.6,27.7,27.7,27.7,27.7,27.7,27.6,27.6,27.7,27.6,27.5,27.7,27.8,27.6,27.6,27.6,27.6,27.6,27.6,27.5,27.4,27.4,27.4,27.3,27.3,27.4,27.4,27.4,27.3,27.4,27.6,27.2,27.4,27.3,27.2,27.2,27.4,27.4,27.2,27.4,27.3,27.0,27.3,27.3,27.5
120,27.5,27.5,27.4,27.4,27.4,27.4,27.3,27.3,27.2,27.4,27.2,27.1,27.1,27.3,27.5,28.0,28.3,28.7,29.2,29.4,29.3,29.6,29.4,29.4,29.5,29.2,29.4,29.2,29.2,29.2,29.4,29.3,29.4,29.5,29.4,29.4,29.3,29.2,29.1,28.6,28.2,27.8,27.4,27.3,27.3,27.4,27.3,27.2,27.2,27.1,27.2,27.1,27.1,27.1,27.1,27.2,27.2,27.0,27.0,27.1,27.0,27.1,27.1,27.1,27.2,27.0,27.3,27.3,27.3,27.4,27.7,27.8,27.8,27.9,27.8,27.7,27.8,27.8,27.7,27.7,27.5,27.2,27.1,26.9,26.9,26.8,26.9,26.8,26.8,26.9,26.9,26.9,26.8,26.9,27.0,27.1,27.0,26.9,27.0,26.9,26.8,26.8,26.8,26.8,26.9,26.8,26.9,26.7,26.9,27.0,26.9,27.2,27.2,27.2,27.1,27.2,27.4,27.8,28.0,27.8,27.4,27.1,26.8,26.9,26.8,26.7,26.7,26.6,26.6,26.6,26.6,26.9,27.1,27.1,27.3,27.3,27.5,27.4,27.5,27.6,27.5,27.7,27.6,27.5,27.6,27.5,27.7,27.6,27.8,27.8,27.7,27.8,27.8,27.6,27.8,27.6,27.7,27.8,27.7,27.7,27.6,27.6,27.7,27.6,27.6,27.6,27.5,27.5,27.3,27.6,27.3,27.4,27.6,27.5,27.5,27.3,27.5,27.3,27.5,27.3,27.4,27.4,27.5,27.3,27.3,27.3,27.3,27.4,27.3,27.5,27.4,27.3
121,27.6,27.5,27.5,27.4,27.3,27.3,27.3,27.3,27.2,27.1,27.2,27.2,27.1,27.3,27.7,27.8,28.2,28.8,29.0,29.4,29.3,29.4,29.4,29.6,29.6,29.7,29.4,29.3,29.3,29.3,29.4,29.3,29.4,29.4,29.5,29.2,29.3,29.3,29.2,28.6,28.4,27.9,27.6,27.3,27.4,27.4,27.4,27.4,27.2,27.2,27.2,27.0,27.1,27.2,27.1,27.1,27.1,27.1,27.1,26.9,26.9,27.1,27.0,27.0,26.9,27.1,27.1,27.1,27.2,27.4,27.3,27.5,27.6,27.6,27.9,27.7,27.6,27.7,27.6,27.6,27.3,27.1,26.9,26.8,26.9,27.0,26.9,26.9,26.7,26.8,26.9,27.1,26.9,27.0,27.0,27.0,27.1,27.1,27.1,27.0,26.9,26.9,26.9,26.9,26.9,26.9,26.8,26.8,26.8,26.9,27.0,27.1,27.1,27.2,27.0,27.1,27.4,27.7,27.8,27.9,27.5,27.1,26.9,26.8,26.6,26.8,26.7,26.6,26.7,26.8,26.6,26.7,26.9,27.1,27.2,27.3,27.4,27.4,27.4,27.6,27.6,27.4,27.7,27.7,27.6,27.6,27.6,27.6,27.9,27.7,27.7,27.7,27.6,27.5,27.7,27.8,27.6,27.8,27.8,27.6,27.6,27.6,27.6,27.6,27.5,27.5,27.6,27.5,27.4,27.5,27.5,27.3,27.5,27.5,27.6,27.3,27.4,27.3,27.4,27.4,27.3,27.2,27.4,27.3,27.2,27.1,27.2,27.3,27.3,27.1,27.1,27.3
122,27.5,27.6,27.4,27.5,27.4,27.5,27.4,27.3,27.2,27.2,27.3,27.2,27.1,27.3,27.6,27.9,28.1,28.8,29.1,29.4,29.5,29.5,29.4,29.4,29.6,29.5,29.4,29.6,29.3,29.6,29.5,29.5,29.4,29.5,29.5,29.4,29.5,29.2,29.2,28.7,28.2,27.9,27.5,27.4,27.4,27.3,27.3,27.3,27.2,27.3,27.2,27.3,27.3,27.1,27.0,27.2,27.0,27.1,27.1,27.2,27.3,27.1,27.3,27.1,27.0,27.1,27.2,27.1,27.3,27.3,27.2,27.3,27.6,27.6,27.6,27.6,27.8,27.5,27.4,27.3,27.1,27.1,26.9,26.9,26.9,27.0,26.9,27.2,26.9,26.8,27.0,26.9,27.2,27.1,27.1,27.3,27.3,27.3,27.2,27.0,26.8,26.9,27.0,26.9,26.8,26.9,26.8,26.9,27.0,27.0,27.0,27.0,27.0,27.3,27.0,27.1,27.3,27.6,27.8,27.6,27.3,27.3,26.9,26.7,26.7,26.6,26.7,26.8,26.7,26.7,26.7,26.8,27.0,27.2,27.3,27.4,27.3,27.4,27.4,27.6,27.6,27.6,27.4,27.6,27.6,27.6,27.6,27.8,27.6,27.7,27.6,27.8,27.6,27.6,27.6,27.6,27.7,27.7,27.6,27.7,27.5,27.6,27.6,27.6,27.6,27.5,27.6,27.5,27.5,27.5,27.6,27.3,27.5,27.5,27.5,27.3,27.4,27.4,27.5,27.3,27.4,27.4,27.6,27.4,27.3,27.3,27.6,27.3,27.3,27.2,27.4,27.3
123,27.3,27.4,27.5,27.2,27.3,27.3,27.4,27.4,27.2,27.1,27.2,27.2,27.3,27.4,27.5,27.9,28.1,28.8,29.0,29.3,29.2,29.4,29.4,29.3,29.4,29.5,29.5,29.4,29.5,29.4,29.4,29.3,29.3,29.3,29.2,29.4,29.4,29.5,29.1,29.0,28.4,27.9,27.5,27.4,27.3,27.3,27.4,27.1,27.1,27.1,27.2,27.1,27.3,27.1,27.1,27.2,27.2,27.3,27.1,27.1,27.1,27.2,27.1,27.0,27.1,27.0,27.0,27.0,27.2,27.1,27.2,27.2,27.3,27.4,27.5,27.5,27.4,27.2,27.3,26.9,27.0,27.1,27.0,26.9,26.9,26.8,27.0,26.9,26.9,27.1,26.9,27.1,27.1,27.1,27.3,27.5,27.4,27.4,27.5,27.1,27.0,26.9,26.7,27.0,26.8,26.8,26.8,26.8,26.9,26.9,26.8,27.0,27.1,26.8,26.9,26.9,27.0,27.3,27.4,27.1,27.2,27.1,26.7,26.8,26.7,26.8,26.6,26.9,26.9,26.8,26.7,26.9,27.0,27.1,27.3,27.4,27.3,27.5,27.5,27.4,27.4,27.5,27.6,27.7,27.6,27.7,27.6,27.6,27.5,27.7,27.6,27.7,27.6,27.8,27.7,27.5,27.7,27.6,27.6,27.6,27.8,27.7,27.5,27.5,27.5,27.6,27.7,27.6,27.4,27.5,27.4,27.5,27.3,27.5,27.3,27.4,27.3,27.5,27.4,27.4,27.3,27.3,27.3,27.3,27.2,27.4,27.3,27.3,27.5,27.3,27.3,27.3
124,27.3,27.5,27.4,27.4,27.5,27.3,27.4,27.5,27.2,27.2,27.2,27.1,27.3,27.3,27.5,28.0,28.2,28.7,29.3,29.3,29.3,29.3,29.5,29.4,29.5,29.4,29.4,29.5,29.4,29.3,29.5,29.4,29.3,29.3,29.4,29.4,29.4,29.3,29.2,28.8,28.4,27.9,27.6,27.6,27.4,27.3,27.5,27.3,27.2,27.2,27.3,27.1,27.1,27.0,27.2,27.1,27.1,27.1,27.2,27.1,27.1,27.0,27.1,27.2,27.1,27.1,27.0,27.1,27.3,26.8,27.1,27.1,27.1,27.2,27.1,27.2,27.3,27.2,26.9,27.1,26.9,26.9,27.1,27.0,26.9,26.8,27.0,27.0,26.9,26.8,26.9,26.9,27.1,27.2,27.4,27.4,27.6,27.3,27.2,27.1,27.0,26.9,26.8,27.0,26.9,27.0,26.9,26.7,26.8,26.8,26.9,26.8,26.9,26.9,26.9,27.1,27.0,27.1,27.1,27.1,27.1,26.9,26.8,26.7,26.7,26.8,26.6,26.8,26.8,26.7,26.7,26.7,26.9,27.2,27.2,27.3,27.5,27.4,27.4,27.5,27.5,27.5,27.5,27.5,27.6,27.4,27.6,27.6,27.7,27.6,27.7,27.6,27.6,27.7,27.6,27.7,27.9,27.6,27.7,27.7,27.5,27.6,27.7,27.6,27.5,27.6,27.5,27.4,27.4,27.4,27.5,27.5,27.3,27.5,27.6,27.3,27.5,27.4,27.3,27.4,27.2,27.3,27.4,27.4,27.2,27.2,27.3,27.3,27.3,27.3,27.2,27.2
125,27.6,27.5,27.6,27.3,27.4,27.3,27.4,27.4,27.3,27.3,27.1,27.2,27.2,27.5,27.5,28.0,28.4,28.8,29.3,29.5,29.5,29.5,29.5,29.5,29.4,29.4,29.4,29.4,29.6,29.4,29.5,29.5,29.4,29.4,29.4,29.3,29.3,29.2,29.2,28.9,28.4,27.9,27.5,27.4,27.5,27.4,27.6,27.4,27.2,27.1,27.1,27.1,27.0,27.2,27.1,27.3,27.1,27.1,27.1,27.2,27.1,27.0,27.2,27.1,26.9,27.0,27.1,27.0,27.1,27.1,27.1,27.1,26.9,27.1,27.2,27.1,26.9,27.1,27.0,27.0,27.1,27.0,27.0,26.9,27.0,27.0,26.9,26.8,27.0,26.9,27.0,26.9,27.0,27.3,27.3,27.3,27.3,27.2,27.2,27.2,26.9,26.9,27.0,26.8,26.9,26.9,26.9,26.8,26.9,26.8,26.7,27.0,26.9,27.0,26.9,26.8,26.9,26.9,26.9,26.9,26.8,26.8,26.7,26.7,26.8,26.7,26.8,26.8,26.7,26.6,26.7,26.9,27.0,27.0,27.3,27.4,27.4,27.5,27.5,27.4,27.4,27.5,27.7,27.6,27.5,27.6,27.6,27.7,27.7,27.6,27.7,27.9,27.8,27.5,27.8,27.8,27.6,27.6,27.6,27.7,27.6,27.6,27.4,27.5,27.7,27.6,27.6,27.6,27.5,27.6,27.6,27.5,27.4,27.6,27.4,27.3,27.2,27.4,27.3,27.2,27.5,27.3,27.4,27.5,27.3,27.4,27.2,27.2,27.2,27.1,27.1,27.3
126,27.5,27.6,27.5,27.5,27.5,27.3,27.5,27.3,27.3,27.4,27.4,27.4,27.3,27.5,27.6,28.1,28.3,28.8,29.2,29.5,29.4,29.5,29.7,29.4,29.5,29.6,29.5,29.6,29.4,29.3,29.4,29.3,29.4,29.4,29.4,29.3,29.4,29.3,29.2,28.9,28.4,27.8,27.6,27.4,27.5,27.4,27.4,27.1,27.3,27.3,27.1,27.3,27.1,27.1,27.1,27.0,27.1,27.1,27.1,27.2,27.1,27.1,27.2,27.1,27.1,27.0,27.1,26.9,27.1,27.1,27.0,27.1,27.0,27.1,27.1,27.0,27.1,26.9,26.8,27.0,27.0,26.9,27.0,26.9,27.0,26.8,27.0,26.9,26.9,26.9,27.0,27.1,27.0,27.0,27.1,27.2,27.0,27.1,27.1,26.8,26.9,26.9,26.9,26.8,26.8,26.7,26.9,26.9,26.7,26.9,26.8,26.8,26.9,27.0,27.0,26.9,26.9,26.9,26.9,27.0,26.7,26.8,26.8,26.9,26.6,26.7,26.6,26.7,26.7,26.7,26.7,26.8,27.0,27.1,27.1,27.4,27.3,27.3,27.6,27.5,27.6,27.4,27.6,27.7,27.5,27.6,27.6,27.6,27.7,27.6,27.7,27.6,27.7,27.6,27.8,27.6,27.8,27.5,27.7,27.8,27.6,27.5,27.6,27.5,27.6,27.5,27.4,27.5,27.5,27.5,27.5,27.3,27.3,27.5,27.6,27.3,27.5,27.3,27.5,27.4,27.3,27.5,27.4,27.3,27.2,27.4,27.4,27.3,27.2,27.2,27.3,27.2
127,27.4,27.6,27.3,27.5,27.5,27.4,27.5,27.4,27.3,27.3,27.4,27.3,27.3,27.3,27.6,28.0,28.3,28.7,29.2,29.3,29.4,29.5,29.4,29.6,29.4,29.4,29.6,29.4,29.3,29.3,29.4,29.5,29.4,29.4,29.4,29.4,29.4,29.1,29.2,28.8,28.4,27.8,27.4,27.3,27.3,27.5,27.4,27.1,27.3,27.2,27.3,27.1,27.2,27.1,27.1,27.1,27.1,27.1,27.1,27.2,27.2,27.1,27.0,27.1,27.1,27.1,26.9,26.9,27.1,27.0,27.0,27.1,27.0,27.0,26.9,26.9,26.9,27.1,26.8,26.9,26.9,26.8,26.9,26.9,26.9,26.9,27.0,26.9,26.8,26.9,26.9,27.0,27.0,27.1,27.1,27.1,27.1,27.1,26.9,26.8,26.7,26.8,26.8,26.9,26.8,26.8,26.6,26.7,26.8,26.7,26.8,26.7,26.9,26.9,26.9,26.8,26.9,26.7,26.9,26.9,26.7,26.7,26.6,26.7,26.8,26.7,26.7,26.6,26.6,26.7,26.7,26.9,27.0,27.1,27.2,27.3,27.3,27.3,27.4,27.6,27.5,27.5,27.7,27.7,27.6,27.5,27.7,27.6,27.5,27.6,27.6,27.8,27.5,27.6,27.8,27.7,27.6,27.9,27.8,27.6,27.7,27.5,27.6,27.5,27.6,27.5,27.5,27.5,27.5,27.6,27.3,27.4,27.4,27.5,27.6,27.3,27.3,27.5,27.5,27.5,27.4,27.5,27.4,27.4,27.4,27.4,27.4,27.3,27.1,27.3,27.4,27.2
128,27.4,27.6,27.5,27.6,27.5,27.3,27.4,27.3,27.3,27.1,27.3,27.3,27.4,27.5,27.5,27.9,28.2,28.8,29.2,29.3,29.5,29.5,29.4,29.4,29.5,29.4,29.5,29.4,29.6,29.6,29.4,29.5,29.6,29.3,29.4,29.6,29.3,29.3,29.2,28.9,28.4,28.0,27.6,27.3,27.4,27.4,27.3,27.2,27.1,27.1,27.3,27.2,27.1,27.2,27.0,27.2,27.1,27.2,26.9,27.2,27.3,27.1,27.2,27.1,27.1,27.1,27.2,27.1,27.2,27.0,26.9,27.0,27.1,26.9,26.9,27.0,27.0,26.9,26.9,26.8,26.8,26.9,27.0,26.9,26.8,26.9,26.8,26.9,26.8,26.9,27.0,26.9,26.8,27.0,27.1,27.1,27.1,26.8,26.8,26.9,26.9,26.8,26.7,26.8,26.8,26.9,26.8,26.8,26.8,26.8,26.6,26.7,27.0,27.0,26.8,26.8,26.8,26.9,26.9,26.9,26.9,26.8,26.7,26.7,26.8,26.9,26.7,26.8,26.9,26.7,26.7,26.8,27.0,27.2,27.3,27.2,27.2,27.4,27.4,27.4,27.5,27.5,27.6,27.8,27.7,27.6,27.8,27.6,27.8,27.8,27.7,27.8,27.7,27.6,27.7,27.7,27.7,27.6,27.7,27.8,27.6,27.7,27.6,27.5,27.6,27.6,27.5,27.4,27.5,27.4,27.4,27.6,27.5,27.5,27.5,27.5,27.4,27.5,27.4,27.3,27.4,27.6,27.2,27.4,27.3,27.4,27.4,27.2,27.3,27.3,27.4,27.3
129,27.6,27.4,27.4,27.7,27.4,27.3,27.3,27.2,27.3,27.1,27.4,27.3,27.3,27.2,27.5,27.8,28.2,28.8,29.3,29.3,29.4,29.4,29.5,29.6,29.5,29.5,29.4,29.4,29.3,29.4,29.4,29.4,29.5,29.3,29.5,29.5,29.4,29.2,29.0,28.7,28.4,27.7,27.4,27.4,27.3,27.5,27.3,27.3,27.3,27.3,27.3,27.1,27.3,27.1,27.0,27.1,27.0,27.3,27.1,27.2,27.3,27.2,27.3,27.1,27.1,27.2,27.1,27.1,27.0,27.1,27.0,27.1,26.9,27.0,27.0,27.1,26.9,26.8,26.8,26.9,26.8,27.1,26.9,26.9,26.9,27.0,26.9,27.1,27.0,26.9,27.0,27.0,27.0,27.0,27.0,27.0,26.8,26.9,26.8,26.9,26.9,26.6,26.9,26.9,26.8,26.9,26.9,26.9,26.9,26.9,26.8,26.7,27.0,26.9,26.9,27.0,26.9,27.0,27.0,26.9,26.9,26.7,26.7,26.6,26.7,26.8,26.6,26.7,26.7,26.8,26.7,26.8,26.7,27.1,27.2,27.3,27.3,27.5,27.6,27.4,27.2,27.5,27.5,27.6,27.6,27.7,27.5,27.7,27.6,27.7,27.6,27.6,27.6,27.6,27.4,27.6,27.7,27.7,27.7,27.8,27.7,27.4,27.5,27.6,27.6,27.4,27.6,27.5,27.5,27.5,27.6,27.4,27.5,27.5,27.6,27.5,27.4,27.5,27.3,27.4,27.5,27.4,27.4,27.2,27.2,27.3,27.4,27.3,27.3,27.3,27.4,27.2
130,27.4,27.5,27.6,27.4,27.3,27.4,27.5,27.3,27.3,27.2,27.3,27.0,27.2,27.5,27.6,27.9,28.3,28.8,29.2,29.6,29.5,29.5,29.6,29.3,29.5,29.6,29.4,29.3,29.3,29.2,29.2,29.1,29.2,29.2,29.3,29.3,29.3,29.2,29.0,28.6,28.5,27.9,27.4,27.4,27.4,27.3,27.3,27.2,27.2,27.1,27.2,27.2,27.1,27.1,27.1,27.2,27.1,27.1,27.2,27.2,27.0,27.2,27.0,27.1,27.2,27.2,27.0,27.1,27.0,27.0,27.0,26.9,26.9,27.0,26.8,26.9,26.8,26.9,26.8,27.0,26.8,27.0,26.9,26.8,27.0,26.9,26.9,27.1,26.9,27.0,27.0,26.9,26.9,27.0,26.9,27.0,26.8,26.9,26.8,26.9,26.6,26.8,26.8,26.6,26.7,26.9,26.8,26.8,26.8,26.8,26.6,26.8,26.8,27.0,27.1,27.1,27.0,27.1,27.0,27.0,26.9,26.8,27.0,26.8,26.8,26.8,26.8,26.8,26.5,26.8,26.7,26.7,26.9,27.1,27.1,27.3,27.3,27.3,27.5,27.5,27.5,27.5,27.6,27.6,27.6,27.7,27.5,27.8,27.8,27.7,27.7,27.7,27.7,27.7,27.4,27.6,27.6,27.6,27.8,27.5,27.6,27.7,27.6,27.6,27.5,27.6,27.6,27.5,27.6,27.4,27.4,27.6,27.4,27.5,27.5,27.2,27.6,27.6,27.3,27.3,27.3,27.4,27.5,27.4,27.3,27.2,27.3,27.2,27.3,27.1,27.3,27.1
131,27.6,27.5,27.6,27.5,27.3,27.4,27.6,27.4,27.3,27.3,27.1,27.3,27.3,27.4,27.5,27.8,28.2,28.8,29.2,29.5,29.3,29.5,29.5,29.5,29.5,29.4,29.3,29.3,29.3,29.0,29.1,29.2,29.1,29.2,29.2,29.3,29.2,29.3,29.0,28.9,28.4,27.7,27.5,27.4,27.5,27.3,27.4,27.1,27.2,27.3,27.1,27.2,27.2,27.1,27.2,27.2,27.1,27.2,27.0,27.1,27.2,27.1,27.2,27.1,27.1,26.9,27.0,27.1,27.1,27.0,27.0,26.9,26.9,27.0,26.9,27.0,26.9,26.8,26.7,27.1,26.9,26.9,26.9,26.9,26.8,26.9,26.9,26.9,26.9,27.1,27.1,27.0,27.0,27.0,27.1,26.9,26.8,26.9,26.8,26.8,26.8,26.8,27.1,26.8,26.7,26.8,26.8,26.8,26.8,26.7,26.8,26.7,26.9,27.1,27.0,27.2,27.1,27.2,27.1,27.1,27.0,26.9,26.9,26.7,26.7,26.8,26.6,26.7,26.7,26.7,26.6,26.9,26.8,27.1,27.1,27.4,27.4,27.3,27.4,27.5,27.5,27.5,27.6,27.5,27.6,27.6,27.7,27.7,27.6,27.7,27.6,27.6,27.6,27.7,27.6,27.5,27.8,27.7,27.8,27.7,27.6,27.7,27.5,27.3,27.5,27.6,27.5,27.5,27.4,27.4,27.4,27.5,27.6,27.5,27.5,27.3,27.3,27.3,27.5,27.4,27.3,27.1,27.3,27.3,27.5,27.3,27.3,27.3,27.3,27.3,27.3,27.4
132,27.5,27.5,27.4,27.5,27.6,27.4,27.4,27.4,27.4,27.3,27.2,27.1,27.2,27.5,27.6,27.9,28.3,28.9,29.1,29.3,29.3,29.5,29.5,29.4,29.4,29.4,29.3,29.1,29.1,29.2,29.1,29.2,29.3,29.1,29.4,29.4,29.3,29.2,29.1,28.7,28.5,28.0,27.5,27.4,27.5,27.5,27.3,27.3,26.9,27.2,27.2,27.1,27.3,27.0,27.0,27.2,27.1,27.0,27.2,27.1,27.1,27.1,27.0,27.1,27.1,27.1,27.1,27.0,27.1,27.0,27.0,27.0,27.1,26.9,26.9,26.9,26.9,26.9,26.8,26.8,26.9,26.9,27.0,26.9,27.0,26.8,26.9,26.9,27.2,26.9,27.1,27.0,26.8,27.0,27.1,27.1,27.0,26.7,26.9,26.8,26.7,26.7,26.7,26.9,26.7,26.7,26.9,26.7,26.8,26.9,26.7,26.6,26.9,27.0,27.0,27.1,27.1,27.2,27.1,27.1,26.9,26.9,26.8,26.7,26.9,26.7,26.6,26.6,26.7,26.8,26.6,26.8,26.8,27.0,27.2,27.2,27.4,27.3,27.7,27.5,27.5,27.5,27.6,27.7,27.6,27.7,27.7,27.6,27.6,27.6,27.6,27.6,27.6,27.5,27.6,27.8,27.7,27.8,27.8,27.8,27.6,27.5,27.5,27.4,27.6,27.5,27.5,27.6,27.5,27.4,27.4,27.4,27.4,27.3,27.6,27.3,27.2,27.4,27.5,27.3,27.3,27.4,27.4,27.3,27.3,27.3,27.2,27.3,27.3,27.3,27.2,27.3
133,27.6,27.6,27.6,27.4,27.6,27.4,27.3,27.3,27.3,27.2,27.4,27.3,27.2,27.3,27.5,27.9,28.1,28.6,29.1,29.4,29.5,29.6,29.3,29.4,29.5,29.4,29.5,29.3,29.2,29.0,29.3,29.2,29.3,29.4,29.4,29.3,29.3,29.2,29.0,28.9,28.5,28.1,27.6,27.5,27.3,27.3,27.3,27.3,27.1,27.3,27.2,27.1,27.1,27.1,27.1,27.0,27.1,27.1,27.2,27.3,27.1,27.1,27.1,27.0,27.0,26.9,27.1,27.2,27.1,27.0,27.0,27.1,26.9,27.0,27.1,26.9,27.0,27.1,26.9,27.0,27.0,27.0,27.0,26.9,26.8,26.9,26.9,27.1,26.9,27.1,27.0,27.1,26.9,27.0,26.7,26.9,26.9,26.9,26.7,26.7,26.9,26.8,26.8,26.9,26.7,27.0,26.8,26.7,26.8,26.8,26.8,26.8,26.9,26.8,26.8,27.0,27.1,27.2,27.0,27.2,27.1,27.1,27.0,26.8,26.8,26.8,26.7,26.8,26.7,26.9,26.6,26.8,27.0,27.1,27.1,27.4,27.4,27.4,27.4,27.3,27.5,27.5,27.6,27.5,27.7,27.8,27.7,27.7,27.7,27.7,27.6,27.6,27.6,27.7,27.7,27.7,27.6,27.7,27.6,27.6,27.8,27.4,27.5,27.6,27.6,27.5,27.5,27.5,27.6,27.6,27.3,27.3,27.3,27.5,27.6,27.5,27.4,27.3,27.5,27.3,27.4,27.4,27.4,27.2,27.2,27.2,27.3,27.3,27.3,27.4,27.3,27.3
134,27.6,27.3,27.4,27.4,27.4,27.6,27.3,27.4,27.3,27.3,27.4,27.3,27.4,27.3,27.6,27.9,28.1,28.6,29.1,29.2,29.3,29.5,29.5,29.4,29.4,29.3,29.4,29.4,29.4,29.3,29.2,29.4,29.2,29.3,29.3,29.2,29.1,29.0,28.8,28.6,28.4,28.1,27.7,27.6,27.2,27.2,27.2,27.1,27.1,27.2,27.0,27.3,27.1,27.1,27.2,27.1,27.1,27.1,27.2,27.2,27.1,27.1,27.1,27.0,27.1,27.0,27.1,27.0,27.0,27.1,27.1,26.9,27.1,26.9,27.1,27.0,26.9,26.9,26.9,27.2,26.9,26.9,27.0,26.9,26.8,27.1,27.0,27.0,27.0,27.0,27.0,27.0,27.1,27.0,26.8,26.8,26.9,26.8,26.8,26.9,26.9,26.9,26.7,26.9,26.8,26.9,26.9,26.6,26.7,26.7,26.8,26.7,26.7,26.8,26.9,26.9,27.0,27.1,27.0,27.1,27.1,27.0,26.9,26.9,26.7,26.7,26.7,26.8,26.8,26.8,26.7,26.9,26.9,27.0,27.0,27.3,27.4,27.4,27.5,27.5,27.3,27.5,27.4,27.4,27.6,27.5,27.8,27.5,27.6,27.4,27.6,27.7,27.6,27.6,27.5,27.5,27.6,27.6,27.6,27.7,27.6,27.5,27.6,27.6,27.5,27.4,27.6,27.6,27.5,27.5,27.6,27.4,27.6,27.7,27.5,27.4,27.4,27.4,27.3,27.3,27.2,27.3,27.3,27.3,27.3,27.0,27.3,27.2,27.2,27.2,27.2,27.2
135,27.4,27.5,27.3,27.5,27.3,27.6,27.5,27.3,27.2,27.2,27.4,27.2,27.1,27.2,27.5,28.0,28.0,28.6,29.1,29.4,29.4,29.2,29.4,29.4,29.4,29.4,29.3,29.4,29.4,29.4,29.3,29.5,29.4,29.4,29.1,29.1,28.9,28.5,28.5,28.5,28.4,28.2,27.9,27.9,27.4,27.1,27.2,27.1,27.1,27.1,27.0,27.2,27.3,27.1,27.2,27.1,27.1,27.1,27.0,27.2,27.3,26.9,27.1,27.2,27.1,27.0,27.0,26.9,26.9,26.9,27.0,27.1,26.9,26.9,26.8,26.9,26.9,26.9,26.9,26.9,26.8,27.0,27.2,26.9,27.0,27.1,27.1,27.1,26.9,27.1,27.0,27.0,27.0,27.1,26.9,27.0,26.9,26.9,27.1,26.7,26.9,26.9,26.8,26.9,26.7,26.9,26.8,26.8,26.7,26.7,26.6,26.7,26.9,26.8,26.8,26.8,26.9,27.0,27.3,27.4,27.2,27.2,27.1,26.9,26.8,26.6,26.9,26.8,26.8,26.8,26.8,26.7,26.8,27.0,27.1,27.4,27.2,27.3,27.5,27.5,27.4,27.5,27.4,27.6,27.5,27.7,27.4,27.7,27.6,27.8,27.7,27.6,27.6,27.6,27.7,27.5,27.4,27.5,27.6,27.6,27.6,27.6,27.6,27.6,27.4,27.6,27.5,27.5,27.6,27.4,27.5,27.5,27.5,27.4,27.5,27.4,27.5,27.3,27.4,27.4,27.3,27.3,27.1,27.3,27.3,27.3,27.3,27.2,27.3,27.1,27.4,27.4
136,27.6,27.6,27.6,27.5,27.5,27.3,27.4,27.4,27.3,27.4,27.5,27.2,27.3,27.4,27.5,27.8,28.0,28.3,29.0,29.4,29.2,29.3,29.5,29.4,29.4,29.4,29.4,29.4,29.4,29.4,29.4,29.5,29.3,29.2,29.2,29.0,28.6,28.4,28.2,28.4,28.3,28.3,28.2,27.7,27.5,27.2,27.2,27.1,27.1,27.1,27.3,27.1,27.1,27.3,27.5,27.4,27.4,27.2,27.3,27.3,27.1,27.1,27.1,27.2,27.0,27.1,27.0,27.1,26.8,26.8,27.0,26.9,26.9,27.0,27.1,27.1,26.9,27.1,27.0,27.1,27.0,26.8,27.1,26.9,26.9,27.0,27.0,26.9,26.9,27.1,27.0,26.9,27.1,27.0,26.9,26.9,26.8,26.9,26.9,26.8,26.9,27.0,26.9,26.7,26.9,26.9,27.0,26.8,26.9,26.6,26.9,26.9,26.8,26.8,26.7,26.9,27.0,27.1,27.4,27.4,27.2,27.3,27.1,27.0,26.8,26.8,26.7,26.7,26.8,26.8,26.7,26.7,26.8,27.1,27.1,27.3,27.3,27.4,27.6,27.4,27.5,27.4,27.6,27.5,27.6,27.6,27.7,27.8,27.8,27.6,27.6,27.5,27.6,27.7,27.6,27.7,27.6,27.6,27.7,27.5,27.6,27.6,27.6,27.6,27.7,27.5,27.5,27.5,27.5,27.5,27.5,27.4,27.4,27.5,27.5,27.6,27.4,27.5,27.4,27.2,27.4,27.4,27.3,27.4,27.3,27.3,27.3,27.2,27.2,27.4,27.4,27.3
137,27.5,27.6,27.4,27.6,27.4,27.4,27.5,27.4,27.2,27.2,27.4,27.2,27.3,27.4,27.5,27.7,28.2,28.2,28.7,29.1,29.2,29.3,29.2,29.4,29.3,29.2,29.3,29.4,29.2,29.2,29.4,29.1,29.1,29.2,28.9,28.5,28.3,28.3,27.9,28.0,28.4,28.2,28.0,27.7,27.2,27.1,27.1,27.2,27.2,27.1,27.1,27.4,27.4,27.6,27.7,27.9,27.8,27.8,27.4,27.2,27.2,27.1,27.1,27.2,27.1,27.2,27.1,27.0,27.1,27.0,27.1,27.1,27.0,27.0,27.0,27.0,27.0,27.0,27.0,27.0,26.9,26.8,27.0,26.8,27.1,27.0,27.0,27.1,27.0,27.1,27.0,27.1,27.0,27.1,27.1,26.9,26.9,26.8,26.8,26.9,26.9,26.9,27.1,26.9,26.9,27.0,27.0,26.9,26.9,26.7,26.8,26.7,26.8,26.8,26.7,27.0,26.9,27.2,27.2,27.4,27.3,27.1,27.1,26.9,26.6,26.6,26.7,26.7,26.8,26.8,26.7,26.7,26.9,27.1,27.4,27.4,27.5,27.3,27.4,27.4,27.4,27.5,27.6,27.5,27.4,27.7,27.7,27.7,27.7,27.6,27.7,27.6,27.7,27.7,27.6,27.6,27.6,27.7,27.7,27.6,27.7,27.7,27.6,27.5,27.8,27.6,27.6,27.5,27.5,27.6,27.5,27.4,27.5,27.6,27.4,27.4,27.3,27.3,27.3,27.4,27.2,27.4,27.5,27.3,27.4,27.3,27.3,27.3,27.4,27.4,27.3,27.3
138,27.5,27.5,27.6,27.5,27.5,27.3,27.3,27.5,27.4,27.4,27.3,27.3,27.3,27.3,27.1,27.6,27.8,28.1,28.4,28.6,28.8,28.8,29.1,29.2,28.9,28.9,28.8,28.8,28.6,28.8,28.6,28.7,28.6,28.5,28.5,28.3,28.0,27.9,27.7,28.1,28.0,28.0,27.7,27.7,27.4,27.2,27.0,27.1,27.2,27.1,27.2,27.6,27.8,27.9,28.1,28.2,28.2,28.2,28.0,27.8,27.5,27.3,27.3,27.2,27.1,27.1,26.9,27.1,27.1,26.9,27.1,27.0,26.9,27.0,26.9,27.0,27.1,27.1,27.1,27.1,27.1,27.1,27.0,27.0,27.0,27.0,26.9,26.9,27.0,27.1,27.0,27.1,27.2,26.9,26.9,26.9,26.9,26.9,26.9,27.0,26.8,27.0,26.9,26.8,26.9,26.9,26.8,26.8,26.9,26.9,26.8,26.9,26.6,26.9,26.7,27.0,26.9,26.8,27.0,27.1,27.1,27.0,26.8,27.0,26.7,26.7,26.8,26.8,26.6,26.6,26.8,26.9,26.9,27.1,27.2,27.3,27.5,27.4,27.6,27.6,27.4,27.3,27.6,27.5,27.4,27.6,27.5,27.8,27.6,27.5,27.6,27.7,27.5,27.5,27.6,27.7,27.6,27.7,27.5,27.7,27.6,27.5,27.4,27.5,27.5,27.5,27.6,27.5,27.5,27.5,27.4,27.3,27.3,27.4,27.5,27.3,27.3,27.4,27.4,27.2,27.2,27.2,27.3,27.3,27.2,27.3,27.2,27.2,27.3,27.2,27.2,27.3
139,27.4,27.5,27.5,27.5,27.6,27.5,27.4,27.4,27.5,27.3,27.3,27.2,27.2,27.2,27.3,27.6,27.4,27.6,28.0,28.2,28.2,28.3,28.5,28.5,28.5,28.6,28.3,28.4,28.0,28.1,28.0,28.0,27.9,28.1,27.8,27.8,27.7,27.7,27.8,27.5,27.6,27.6,27.6,27.4,27.4,27.2,27.3,27.1,27.1,27.2,27.4,27.8,28.1,28.2,28.3,28.4,28.5,28.4,28.4,28.3,27.8,27.6,27.3,27.2,26.9,27.1,27.1,26.8,27.1,27.0,27.0,27.1,26.9,27.0,27.0,27.0,27.0,27.0,26.9,27.1,27.1,27.0,27.1,26.9,27.1,27.0,27.0,27.0,27.1,26.8,27.0,27.2,27.0,27.0,27.0,27.1,26.9,26.8,26.9,26.9,26.9,27.0,26.9,27.0,26.9,27.0,26.9,26.8,26.9,26.8,26.9,26.9,26.9,26.9,26.9,26.8,26.8,26.8,26.9,27.0,26.9,26.9,26.9,26.7,26.8,26.8,26.7,26.7,26.7,26.7,26.7,26.9,26.9,27.1,27.2,27.3,27.3,27.4,27.3,27.4,27.4,27.5,27.6,27.7,27.5,27.7,27.7,27.7,27.7,27.6,27.6,27.6,27.7,27.6,27.6,27.4,27.6,27.7,27.7,27.7,27.7,27.5,27.6,27.5,27.6,27.6,27.5,27.5,27.5,27.6,27.4,27.4,27.3,27.6,27.7,27.4,27.3,27.5,27.4,27.4,27.4,27.3,27.3,27.4,27.3,27.4,27.3,27.4,27.2,27.3,27.2,27.3
140,27.6,27.5,27.4,27.3,27.5,27.3,27.4,27.3,27.2,27.3,27.4,27.3,27.2,27.3,27.2,27.4,27.5,27.6,27.8,28.2,28.1,28.3,28.2,28.3,28.3,28.2,28.1,28.0,27.8,27.7,27.7,27.6,27.6,27.6,27.5,27.6,27.4,27.6,27.6,27.4,27.5,27.5,27.3,27.4,27.2,27.3,27.2,27.2,27.4,27.3,27.6,28.0,28.3,28.7,28.6,28.4,28.4,28.6,28.6,28.9,28.5,27.8,27.5,27.1,27.1,27.1,27.1,27.2,27.1,27.1,26.9,26.9,27.0,27.1,27.1,27.1,27.2,27.0,27.0,27.1,26.9,27.1,27.2,27.0,27.0,27.1,27.1,27.1,27.1,27.3,27.1,27.1,27.1,27.1,27.0,27.1,27.0,27.1,27.0,27.0,27.1,27.0,27.1,27.0,27.0,26.9,27.0,26.9,26.9,26.9,26.9,26.9,27.0,26.9,27.0,27.0,26.9,27.0,27.0,26.9,26.9,27.0,26.7,26.8,26.8,26.9,26.7,26.6,26.7,26.7,26.8,26.7,26.8,26.9,27.3,27.3,27.4,27.3,27.4,27.5,27.6,27.4,27.4,27.7,27.5,27.4,27.7,27.6,27.7,27.7,27.6,27.5,27.7,27.5,27.6,27.7,27.6,27.6,27.7,27.8,27.6,27.5,27.6,27.4,27.7,27.4,27.5,27.6,27.5,27.5,27.3,27.3,27.4,27.6,27.5,27.4,27.3,27.4,27.3,27.4,27.3,27.3,27.3,27.3,27.3,27.3,27.3,27.3,27.3,27.3,27.5,27.3
141,27.5,27.4,27.3,27.6,27.3,27.3,27.3,27.6,27.5,27.3,27.2,27.4,27.2,27.3,27.3,27.2,27.3,27.6,27.8,27.9,28.2,28.0,28.2,28.2,28.1,28.1,27.9,27.8,27.7,27.5,27.4,27.4,27.4,27.6,27.4,27.3,27.2,27.3,27.2,27.4,27.3,27.4,27.2,27.3,27.3,27.3,27.1,27.2,27.2,27.4,27.8,28.1,28.3,28.4,28.4,28.4,28.4,28.6,28.7,29.1,28.8,27.8,27.4,27.2,27.1,27.0,27.0,27.0,27.1,27.0,27.0,27.1,27.0,27.1,27.2,27.3,27.1,27.1,27.0,27.3,27.1,27.2,27.1,27.1,27.0,27.2,27.1,27.2,27.1,27.2,27.2,27.1,27.3,27.3,27.3,27.2,27.3,27.5,27.1,27.1,27.4,27.2,27.2,26.9,27.0,27.0,27.0,26.9,26.9,26.6,26.8,26.9,26.9,27.0,26.8,26.9,27.0,26.9,26.7,26.9,26.9,26.8,26.9,26.7,26.6,26.7,26.7,26.6,26.6,26.9,26.7,26.8,26.8,27.0,27.2,27.2,27.3,27.4,27.5,27.5,27.5,27.3,27.4,27.7,27.6,27.5,27.6,27.6,27.6,27.7,27.5,27.6,27.6,27.6,27.6,27.5,27.5,27.6,27.6,27.6,27.5,27.6,27.5,27.4,27.6,27.5,27.4,27.6,27.6,27.6,27.5,27.3,27.6,27.5,27.4,27.4,27.4,27.4,27.5,27.4,27.3,27.3,27.3,27.4,27.3,27.4,27.2,27.2,27.2,27.1,27.3,27.3
142,27.4,27.4,27.5,27.7,27.3,27.4,27.5,27.4,27.4,27.3,27.3,27.3,27.2,27.3,27.4,27.4,27.5,27.7,27.8,27.9,28.0,28.2,28.2,28.2,28.0,28.1,28.0,27.8,27.7,27.5,27.4,27.4,27.4,27.3,27.2,27.3,27.2,27.3,27.2,27.3,27.2,27.2,27.3,27.2,27.4,27.1,27.2,27.3,27.3,27.6,27.8,28.3,28.5,28.3,28.2,28.2,28.4,28.6,28.7,29.1,29.0,27.8,27.5,27.1,27.3,27.1,27.1,27.1,27.1,27.3,27.2,26.9,27.0,27.3,27.2,27.0,27.2,27.2,27.2,27.2,27.2,27.1,27.1,27.1,27.3,27.3,27.2,27.3,27.2,27.2,27.3,27.2,27.4,27.4,27.4,27.4,27.1,27.3,27.3,27.1,27.2,27.0,27.1,27.1,27.1,26.9,26.9,26.9,27.0,26.9,26.9,26.9,27.2,27.1,26.7,26.8,26.9,27.0,27.1,26.8,26.8,26.8,26.7,26.8,26.5,26.8,26.8,26.7,26.7,26.6,26.7,26.7,26.7,27.1,27.1,27.3,27.5,27.4,27.4,27.5,27.5,27.4,27.6,27.4,27.7,27.7,27.6,27.7,27.6,27.5,27.6,27.6,27.4,27.6,27.6,27.6,27.8,27.8,27.6,27.5,27.5,27.6,27.6,27.4,27.6,27.3,27.6,27.5,27.4,27.5,27.4,27.5,27.5,27.3,27.3,27.6,27.5,27.3,27.3,27.3,27.3,27.5,27.3,27.3,27.3,27.2,27.3,27.1,27.3,27.2,27.1,27.2
143,27.6,27.4,27.6,27.7,27.5,27.5,27.5,27.5,27.4,27.3,27.3,27.3,27.6,27.3,27.5,27.4,27.4,27.6,27.9,28.0,28.1,28.0,28.1,28.1,28.0,28.1,27.9,27.9,27.7,27.5,27.4,27.4,27.4,27.5,27.4,27.4,27.2,27.2,27.4,27.3,27.2,27.3,27.3,27.2,27.3,27.2,27.2,27.4,27.3,27.6,27.8,28.1,28.3,28.3,28.2,28.1,28.3,28.6,28.7,29.0,29.0,28.0,27.5,27.2,27.0,27.0,26.9,27.0,27.2,27.0,27.2,27.1,27.2,27.2,27.3,27.3,27.3,27.2,27.2,27.3,27.1,27.1,27.4,27.3,27.2,27.4,27.4,27.3,27.1,27.4,27.3,27.2,27.5,27.3,27.4,27.5,27.5,27.4,27.4,27.3,27.3,27.1,27.2,26.9,27.2,26.9,27.0,26.8,26.9,26.9,26.9,26.9,27.0,27.0,26.9,26.9,26.8,26.9,26.9,26.9,26.7,26.8,26.7,26.8,26.9,26.8,26.7,27.0,26.8,26.7,26.7,26.9,26.8,26.9,27.1,27.2,27.3,27.3,27.4,27.4,27.4,27.5,27.5,27.5,27.5,27.6,27.6,27.6,27.6,27.5,27.6,27.6,27.6,27.5,27.4,27.6,27.6,27.7,27.5,27.7,27.6,27.6,27.4,27.4,27.6,27.6,27.4,27.6,27.5,27.5,27.3,27.3,27.3,27.4,27.3,27.3,27.3,27.3,27.4,27.2,27.2,27.3,27.2,27.3,27.2,27.5,27.4,27.2,27.1,27.3,27.4,27.3
144,27.7,27.6,27.4,27.6,27.6,27.6,27.5,27.6,27.6,27.4,27.6,27.6,27.5,27.6,27.5,27.4,27.7,27.8,27.8,27.9,28.1,28.1,28.1,28.0,28.1,28.1,27.8,27.7,27.4,27.3,27.3,27.3,27.3,27.3,27.1,27.1,27.2,27.3,27.2,27.1,27.1,27.2,27.2,27.2,27.2,27.2,27.1,27.2,27.3,27.6,27.7,28.2,28.3,28.4,28.4,28.3,28.4,28.6,28.9,29.0,28.8,27.9,27.4,27.2,27.2,27.1,27.2,27.1,27.2,27.2,27.2,27.2,27.2,27.3,27.2,27.2,27.2,27.1,26.9,27.1,27.0,27.1,27.3,27.5,27.4,27.5,27.5,27.6,27.3,27.3,27.4,27.5,27.6,27.7,27.5,27.4,27.5,27.4,27.3,27.4,27.4,27.3,27.2,27.1,26.9,26.8,26.9,26.8,26.8,26.7,26.9,26.9,27.0,26.9,26.9,26.9,26.9,26.8,26.8,26.9,26.7,26.7,26.8,26.8,26.6,26.8,26.8,26.8,26.6,26.7,26.8,26.9,26.7,26.9,27.1,27.3,27.3,27.4,27.5,27.3,27.4,27.4,27.6,27.6,27.5,27.5,27.5,27.6,27.6,27.4,27.6,27.6,27.5,27.6,27.5,27.5,27.6,27.5,27.5,27.5,27.5,27.5,27.8,27.5,27.7,27.4,27.3,27.3,27.5,27.5,27.4,27.5,27.4,27.5,27.6,27.3,27.3,27.3,27.3,27.3,27.5,27.3,27.3,27.3,27.2,27.4,27.3,27.3,27.3,27.3,27.1,27.2
145,27.8,27.6,27.6,27.9,27.7,27.9,28.0,27.8,27.8,27.8,27.8,27.9,27.9,27.8,27.9,27.8,28.0,28.0,28.1,28.1,28.0,28.1,28.1,28.0,28.1,28.0,27.9,27.8,27.6,27.3,27.4,27.4,27.2,27.3,27.2,27.4,27.2,27.3,27.3,27.2,27.1,27.3,27.3,27.1,27.3,27.2,27.2,27.3,27.3,27.5,27.8,27.9,28.2,28.5,28.7,28.6,28.7,28.6,28.9,28.8,28.5,27.8,27.4,27.1,27.2,27.1,27.2,27.2,27.2,27.3,27.3,27.3,27.1,27.4,27.3,27.3,27.3,27.2,27.2,27.1,27.1,27.3,27.3,27.2,27.5,27.6,27.5,27.4,27.3,27.4,27.4,27.5,27.6,27.7,27.6,27.6,27.5,27.5,27.4,27.4,27.3,27.2,27.1,27.1,26.9,27.1,27.0,26.9,26.9,26.8,26.8,26.8,26.7,27.0,26.8,26.9,26.9,26.8,26.9,26.8,27.0,26.9,26.8,26.9,26.6,26.6,26.6,26.6,26.6,26.6,26.6,26.6,26.9,26.9,27.1,27.2,27.3,27.4,27.4,27.6,27.4,27.5,27.6,27.7,27.3,27.6,27.6,27.6,27.7,27.6,27.4,27.6,27.7,27.6,27.6,27.7,27.7,27.6,27.6,27.6,27.6,27.4,27.5,27.4,27.6,27.4,27.4,27.4,27.4,27.6,27.5,27.5,27.4,27.6,27.4,27.4,27.4,27.4,27.5,27.3,27.3,27.2,27.4,27.4,27.2,27.3,27.3,27.3,27.3,27.3,27.3,27.3
146,28.1,27.9,28.0,27.8,27.9,28.0,28.0,28.0,28.0,28.0,28.0,28.0,28.3,28.0,28.2,28.2,28.0,28.0,28.1,28.1,28.0,28.0,28.1,28.1,28.1,28.0,27.9,27.9,27.6,27.4,27.2,27.2,27.2,27.2,27.2,27.2,27.1,27.1,27.0,27.0,27.1,27.1,27.1,27.1,27.1,27.1,27.0,27.1,27.3,27.3,27.5,27.6,28.0,28.0,28.3,28.6,28.5,28.5,28.3,28.3,28.1,27.5,27.3,27.2,27.3,27.1,27.1,27.1,27.1,27.1,27.2,27.1,27.2,27.2,27.3,27.3,27.2,27.2,27.2,27.1,27.3,27.3,27.5,27.3,27.5,27.6,27.5,27.6,27.4,27.7,27.6,27.7,27.7,27.8,27.6,27.7,27.6,27.7,27.7,27.3,27.4,27.3,27.2,27.0,27.1,27.0,27.0,26.9,27.0,26.9,26.8,26.9,26.9,26.9,26.7,26.8,26.9,26.8,27.0,27.0,27.0,27.0,26.9,26.9,26.8,26.8,26.6,26.9,26.8,26.8,26.8,26.9,27.1,27.0,27.1,27.1,27.2,27.5,27.6,27.4,27.4,27.6,27.4,27.7,27.6,27.6,27.6,27.6,27.6,27.7,27.5,27.7,27.6,27.7,27.7,27.6,27.7,27.6,27.6,27.6,27.5,27.6,27.5,27.4,27.4,27.4,27.6,27.5,27.5,27.6,27.5,27.4,27.5,27.4,27.4,27.3,27.6,27.3,27.5,27.3,27.4,27.3,27.3,27.4,27.3,27.4,27.5,27.3,27.2,27.4,27.3,27.3
147,27.9,27.8,27.8,28.0,28.1,28.0,27.9,27.9,28.0,28.0,28.1,28.0,28.2,28.0,28.2,28.0,28.0,28.1,28.0,28.0,28.1,28.1,28.1,28.0,28.2,28.1,27.9,27.9,27.6,27.5,27.3,27.3,27.2,27.2,27.1,27.1,27.0,27.2,27.1,27.0,27.1,27.0,26.9,26.9,27.0,27.1,27.3,27.1,27.2,27.5,27.3,27.4,27.5,27.9,27.9,27.9,27.9,28.1,28.0,28.0,27.9,27.6,27.3,27.2,27.1,27.1,27.0,27.2,27.1,27.1,27.2,27.2,27.3,27.3,27.3,27.4,27.3,27.3,27.2,27.3,27.2,27.4,27.5,27.7,27.6,27.6,27.5,27.6,27.6,27.9,27.6,27.8,27.8,28.0,27.9,27.9,27.8,27.5,27.3,27.2,27.2,27.2,27.1,27.0,26.9,26.8,27.1,26.9,26.9,26.7,26.9,27.1,26.9,26.9,26.8,26.8,26.8,27.0,27.1,27.1,27.4,27.3,27.1,27.0,26.9,26.9,26.6,26.7,26.5,26.7,26.7,26.6,26.7,27.0,26.9,27.3,27.3,27.5,27.3,27.5,27.5,27.5,27.5,27.6,27.5,27.7,27.6,27.6,27.5,27.7,27.7,27.6,27.6,27.5,27.7,27.6,27.5,27.5,27.7,27.6,27.6,27.5,27.4,27.4,27.6,27.5,27.5,27.6,27.5,27.5,27.5,27.4,27.4,27.4,27.6,27.4,27.2,27.4,27.5,27.2,27.2,27.2,27.1,27.5,27.3,27.2,27.3,27.3,27.2,27.2,27.3,27.2
148,27.8,27.9,27.9,28.0,27.9,27.9,28.1,27.9,28.0,28.0,28.0,28.0,28.0,28.1,28.1,28.1,28.1,28.1,28.1,28.1,28.2,28.1,28.2,28.0,28.1,27.9,28.1,27.9,27.7,27.6,27.5,27.4,27.1,27.1,27.0,27.1,26.9,27.1,26.9,27.0,27.1,27.0,26.9,26.9,26.9,27.1,26.9,27.1,27.0,27.1,27.4,27.3,27.5,27.6,27.7,27.6,27.9,27.8,27.8,28.1,28.0,27.6,27.4,27.2,27.1,27.0,27.0,27.1,27.2,27.2,27.2,27.4,27.3,27.4,27.3,27.4,27.4,27.4,27.3,27.2,27.3,27.6,27.6,27.9,27.9,28.0,27.8,27.7,28.1,28.2,28.0,27.8,28.0,28.2,28.3,28.2,27.9,27.6,27.3,27.3,27.1,27.1,27.1,27.0,27.1,27.0,26.9,26.9,26.8,26.9,26.8,26.9,26.8,26.9,26.9,26.7,26.9,26.9,27.0,27.4,27.3,27.2,27.1,26.9,26.7,26.8,26.6,26.7,26.7,26.7,26.8,26.7,26.8,27.0,27.0,27.3,27.3,27.3,27.2,27.5,27.3,27.5,27.4,27.6,27.5,27.5,27.6,27.5,27.6,27.4,27.6,27.4,27.4,27.4,27.4,27.5,27.6,27.6,27.7,27.5,27.6,27.5,27.5,27.5,27.4,27.3,27.3,27.6,27.5,27.4,27.4,27.5,27.3,27.4,27.6,27.2,27.3,27.4,27.4,27.3,27.2,27.2,27.3,27.2,27.3,27.2,27.1,27.4,27.2,27.3,27.2,27.2
149,27.8,27.8,27.9,27.9,28.2,28.1,27.8,28.0,28.0,28.1,28.1,28.1,28.2,28.2,28.2,28.1,28.0,28.1,28.2,28.4,28.5,28.4,28.6,28.5,28.6,28.5,28.4,28.4,28.4,28.1,27.8,27.6,27.1,26.9,27.1,27.0,27.1,26.9,27.0,26.9,27.0,26.9,26.8,26.9,26.9,26.9,27.0,27.0,27.2,27.2,27.1,27.4,27.3,27.4,27.4,27.6,27.7,28.0,28.4,28.6,28.3,27.8,27.5,27.3,27.3,27.0,27.1,27.0,26.9,27.1,27.3,27.3,27.3,27.4,27.5,27.6,27.4,27.4,27.5,27.6,27.3,27.6,28.0,28.2,28.2,28.2,28.0,27.8,28.1,28.4,28.2,28.2,28.4,28.5,28.6,28.4,28.2,27.6,27.4,27.3,27.2,27.1,27.2,27.1,27.1,27.1,26.9,26.7,26.9,26.8,26.8,26.9,26.9,26.9,26.8,26.9,27.0,27.1,27.2,27.3,27.2,27.3,27.2,27.0,26.8,26.9,26.8,26.8,26.8,26.7,26.7,26.9,26.8,26.9,27.1,27.2,27.2,27.4,27.3,27.5,27.3,27.5,27.6,27.6,27.5,27.6,27.6,27.5,27.5,27.5,27.6,27.6,27.5,27.6,27.4,27.6,27.6,27.7,27.6,27.6,27.6,27.6,27.5,27.6,27.4,27.4,27.5,27.4,27.5,27.5,27.5,27.6,27.5,27.5,27.3,27.3,27.2,27.3,27.3,27.3,27.4,27.4,27.2,27.4,27.2,27.3,27.3,27.3,27.3,27.1,27.2,27.3
150,27.8,27.9,27.9,27.9,27.9,28.1,28.0,28.0,28.0,28.0,28.1,28.1,28.2,28.2,28.2,28.1,28.1,28.1,28.3,28.5,28.5,28.7,28.8,28.8,28.8,28.9,28.8,28.6,28.5,28.3,28.0,27.7,27.2,27.0,27.1,27.1,27.1,27.1,26.9,26.9,26.9,26.9,26.9,26.9,26.9,26.9,27.0,27.0,27.0,27.1,27.1,27.3,27.3,27.3,27.4,27.5,27.8,28.1,28.5,28.7,28.5,28.0,27.6,27.3,27.2,27.2,27.1,27.1,27.2,27.2,27.3,27.3,27.4,27.4,27.6,27.7,27.6,27.4,27.4,27.6,27.6,27.5,27.9,28.1,28.2,28.1,28.0,28.1,27.9,28.1,28.1,28.1,28.5,28.6,28.7,28.4,28.2,27.6,27.4,27.3,27.2,27.2,27.1,27.1,27.0,27.1,27.0,26.9,26.9,26.8,26.8,26.9,26.9,26.9,26.9,26.9,27.0,27.1,27.1,27.2,27.2,27.2,27.1,26.8,26.8,26.8,26.9,26.9,26.8,26.7,26.7,26.8,26.9,27.0,27.1,27.2,27.3,27.3,27.3,27.3,27.5,27.6,27.5,27.5,27.6,27.5,27.6,27.6,27.5,27.6,27.5,27.5,27.6,27.5,27.6,27.6,27.7,27.6,27.6,27.6,27.6,27.6,27.5,27.6,27.3,27.4,27.4,27.4,27.4,27.4,27.5,27.5,27.5,27.4,27.3,27.3,27.3,27.3,27.3,27.4,27.4,27.3,27.2,27.2,27.3,27.3,27.3,27.3,27.3,27.2,27.3,27.2
151,27.9,28.0,28.1,27.9,28.0,28.0,28.1,28.0,28.0,28.0,28.2,28.1,28.2,28.2,28.2,28.2,28.3,28.1,28.5,28.6,28.9,29.1,29.2,29.0,29.3,29.2,29.2,29.1,28.8,28.5,28.2,27.9,27.4,27.1,27.0,27.1,27.1,27.0,27.1,26.9,27.1,26.9,26.9,26.9,26.9,27.1,27.0,27.1,26.9,27.1,27.1,27.3,27.2,27.2,27.3,27.5,27.9,28.2,28.6,28.8,28.7,28.2,27.7,27.3,27.2,27.2,27.1,27.3,27.2,27.2,27.3,27.4,27.4,27.5,27.7,27.7,27.7,27.7,27.4,27.6,27.3,27.5,27.9,28.0,28.2,28.0,28.0,28.0,27.8,28.0,28.1,28.1,28.6,28.8,28.9,28.9,28.2,27.6,27.4,27.3,27.2,27.4,27.3,27.1,27.0,27.0,27.1,26.9,27.0,26.9,26.8,26.8,27.0,26.9,26.7,26.9,27.0,27.1,27.1,27.2,27.2,27.1,26.9,26.8,26.8,26.8,26.9,26.9,26.7,26.8,26.6,26.7,26.9,27.1,27.0,27.1,27.3,27.3,27.3,27.4,27.6,27.5,27.4,27.6,27.5,27.6,27.6,27.6,27.6,27.6,27.6,27.5,27.4,27.6,27.6,27.7,27.5,27.5,27.7,27.4,27.6,27.5,27.6,27.3,27.6,27.4,27.4,27.4,27.4,27.4,27.5,27.3,27.4,27.4,27.4,27.3,27.3,27.3,27.4,27.4,27.4,27.2,27.1,27.3,27.4,27.1,27.3,27.2,27.2,27.3,27.1,27.1
152,28.0,28.1,28.0,28.0,28.1,28.2,28.0,28.1,28.0,27.8,28.2,28.1,28.0,28.0,28.1,28.1,28.2,28.3,28.3,28.7,28.8,29.2,29.2,29.1,29.1,29.1,29.1,28.8,28.9,28.4,28.1,27.8,27.1,27.2,27.0,27.0,27.0,27.1,27.1,26.9,27.0,27.1,26.8,27.0,26.9,26.9,27.0,27.0,27.1,27.1,27.1,27.3,27.3,27.2,27.1,27.3,27.8,28.0,28.2,28.4,28.2,27.8,27.6,27.5,27.5,27.3,27.3,27.3,27.3,27.2,27.3,27.2,27.5,27.5,27.6,27.9,27.7,27.6,27.3,27.4,27.4,27.6,27.6,27.8,27.7,27.8,27.8,27.5,27.6,27.6,27.9,28.0,28.1,28.5,28.6,28.5,28.0,27.6,27.7,27.5,27.5,27.4,27.3,27.3,27.2,27.1,27.1,27.0,26.9,27.0,26.8,26.9,26.7,27.1,26.9,27.0,26.7,27.0,27.2,27.1,27.0,27.1,26.9,26.9,26.8,27.0,26.6,26.8,26.9,26.9,26.7,26.9,26.7,27.2,27.1,27.1,27.2,27.3,27.3,27.6,27.4,27.4,27.5,27.5,27.5,27.5,27.4,27.5,27.5,27.4,27.6,27.5,27.5,27.6,27.4,27.6,27.6,27.5,27.5,27.6,27.6,27.5,27.6,27.5,27.6,27.4,27.3,27.5,27.5,27.5,27.5,27.4,27.4,27.3,27.5,27.1,27.4,27.3,27.3,27.2,27.3,27.3,27.3,27.2,27.4,27.2,27.2,27.4,27.1,27.2,27.1,27.2
153,28.0,27.9,28.0,28.2,27.9,28.0,28.0,28.2,28.1,28.1,28.2,28.2,28.2,28.2,28.0,28.1,28.2,28.2,28.5,28.6,28.6,28.6,28.6,28.6,28.7,28.6,28.6,28.6,28.3,28.0,27.8,27.4,27.3,27.0,27.1,27.0,27.1,27.2,27.2,27.1,27.2,26.9,26.9,26.9,27.0,27.0,27.1,27.1,27.0,27.1,27.2,27.1,27.1,27.1,27.3,27.3,27.4,27.8,27.7,27.9,27.7,27.7,27.7,27.3,27.4,27.3,27.2,27.4,27.4,27.3,27.3,27.4,27.4,27.5,27.7,27.7,27.6,27.7,27.6,27.3,27.2,27.4,27.6,27.4,27.5,27.5,27.3,27.5,27.6,27.5,27.4,27.6,28.0,28.0,28.3,28.2,27.8,27.7,27.7,28.0,28.0,28.0,27.8,27.6,27.2,27.3,27.2,27.1,27.0,27.0,26.9,26.9,26.7,26.9,27.0,27.0,27.1,27.0,26.9,26.8,27.0,27.1,26.9,26.9,26.9,26.8,27.0,26.9,27.2,27.1,27.0,26.9,26.8,27.0,27.1,27.3,27.2,27.2,27.5,27.4,27.4,27.3,27.5,27.6,27.5,27.4,27.6,27.5,27.6,27.4,27.6,27.6,27.5,27.6,27.6,27.6,27.6,27.6,27.4,27.7,27.6,27.5,27.4,27.4,27.6,27.4,27.4,27.5,27.3,27.3,27.4,27.4,27.3,27.6,27.5,27.2,27.1,27.4,27.4,27.3,27.1,27.3,27.1,27.1,27.3,27.2,27.3,27.3,27.2,27.2,27.1,27.3
154,28.1,28.0,28.0,28.0,28.0,27.9,28.0,28.0,28.0,28.0,28.0,28.2,28.2,28.1,28.5,28.3,28.2,28.2,28.5,28.4,28.4,28.4,28.6,28.3,28.6,28.3,28.4,28.2,28.1,27.7,27.5,27.2,27.2,27.4,27.3,27.2,27.3,27.3,27.3,27.1,27.3,27.1,27.0,27.1,26.9,27.1,27.0,27.0,27.1,27.1,27.3,27.3,27.2,27.1,27.1,27.2,27.3,27.4,27.5,27.5,27.5,27.3,27.2,27.3,27.3,27.3,27.3,27.3,27.2,27.1,27.2,27.3,27.4,27.4,27.6,27.7,27.6,27.5,27.5,27.4,27.2,27.3,27.2,27.3,27.3,27.4,27.3,27.3,27.3,27.2,27.3,27.4,27.6,27.8,27.6,27.7,27.6,27.7,28.1,28.6,28.8,28.6,28.3,27.9,27.6,27.3,27.3,27.3,27.1,26.9,26.9,26.9,27.0,26.9,27.1,27.0,26.9,26.9,27.1,27.1,27.1,26.9,27.2,27.1,27.1,27.1,27.4,27.5,27.6,27.5,27.3,27.1,27.0,27.1,27.1,27.2,27.4,27.2,27.3,27.4,27.6,27.4,27.5,27.4,27.5,27.5,27.5,27.6,27.6,27.5,27.6,27.5,27.5,27.3,27.6,27.6,27.6,27.4,27.6,27.7,27.6,27.5,27.7,27.5,27.3,27.5,27.5,27.5,27.5,27.4,27.5,27.3,27.3,27.5,27.4,27.4,27.3,27.4,27.3,27.2,27.2,27.5,27.1,27.4,27.2,27.2,27.4,27.3,27.2,27.3,27.3,27.3
155,28.0,28.0,28.1,28.1,28.1,28.0,28.0,28.2,28.1,28.1,28.1,28.2,28.2,28.2,28.3,28.2,28.3,28.2,28.3,28.3,28.2,28.2,28.2,28.2,28.3,28.1,28.3,28.0,28.0,27.6,27.5,27.3,27.4,27.5,27.2,27.6,27.3,27.4,27.3,27.4,27.3,27.1,27.1,27.3,27.0,27.1,27.3,27.1,27.0,27.2,27.1,27.2,27.2,27.3,27.3,27.1,27.3,27.2,27.3,27.3,27.2,27.2,27.2,27.0,27.3,27.1,27.4,27.3,27.3,27.3,27.3,27.4,27.4,27.4,27.5,27.4,27.6,27.4,27.3,27.3,27.3,27.3,27.4,27.2,27.1,27.2,27.1,27.1,27.2,27.3,27.2,27.3,27.2,27.4,27.5,27.4,27.6,28.2,28.9,29.7,30.1,29.8,28.9,28.3,28.0,27.5,27.4,27.2,27.1,26.9,26.9,26.9,26.9,26.9,27.0,26.9,27.0,27.1,27.0,27.0,27.1,27.1,27.1,27.1,27.4,27.6,27.8,27.9,28.0,27.9,27.8,27.6,27.3,27.1,27.0,27.2,27.4,27.3,27.6,27.5,27.4,27.6,27.5,27.5,27.5,27.7,27.6,27.5,27.6,27.5,27.6,27.6,27.5,27.5,27.5,27.6,27.6,27.6,27.6,27.6,27.6,27.5,27.5,27.6,27.5,27.4,27.6,27.5,27.4,27.3,27.4,27.3,27.5,27.4,27.4,27.6,27.4,27.5,27.3,27.2,27.5,27.3,27.3,27.1,27.3,27.2,27.3,27.2,27.3,27.1,27.3,27.2
156,28.0,27.8,28.0,28.1,28.0,28.0,28.1,28.1,28.1,28.1,28.3,28.3,28.2,28.2,28.3,28.3,28.2,28.1,28.2,28.4,28.3,28.2,28.2,28.2,28.3,28.1,28.2,27.9,27.7,27.5,27.3,27.6,27.5,27.7,27.7,27.7,27.7,27.5,27.3,27.2,27.3,27.1,27.1,27.3,27.1,26.9,27.0,27.1,27.1,27.2,27.1,27.2,27.2,27.0,27.1,27.2,27.3,27.3,27.3,27.2,27.2,27.2,27.1,27.3,27.2,27.1,27.3,27.3,27.2,27.1,27.0,27.4,27.2,27.3,27.4,27.3,27.4,27.4,27.2,27.1,26.9,27.1,27.1,27.1,27.0,27.1,27.1,27.1,27.1,27.1,27.1,27.1,27.0,27.2,27.3,27.3,27.7,28.2,29.2,30.0,30.2,29.9,29.3,28.4,27.7,27.5,27.4,27.2,26.8,27.0,26.9,26.9,26.9,26.7,26.8,26.9,27.0,27.0,27.1,27.1,27.0,26.9,27.0,27.4,27.7,27.8,28.0,28.0,28.0,27.9,28.0,27.7,27.5,27.3,27.2,27.2,27.3,27.4,27.4,27.3,27.3,27.4,27.6,27.6,27.6,27.6,27.5,27.5,27.4,27.6,27.6,27.6,27.4,27.5,27.6,27.6,27.6,27.5,27.5,27.6,27.7,27.7,27.5,27.4,27.6,27.3,27.3,27.4,27.4,27.4,27.4,27.5,27.4,27.5,27.4,27.2,27.3,27.3,27.4,27.4,27.4,27.1,27.3,27.1,27.2,27.3,27.2,27.2,27.3,27.3,27.3,27.2
157,28.1,28.2,28.1,28.3,28.0,28.1,28.1,28.0,28.1,28.0,28.4,28.3,28.2,28.1,28.2,28.4,28.2,28.3,28.2,28.3,28.2,28.2,28.3,28.4,28.3,28.1,28.2,27.8,27.8,27.5,27.8,27.7,27.8,28.2,28.3,28.2,28.0,27.8,27.5,27.4,27.4,27.1,27.1,27.3,27.2,27.0,27.0,27.1,27.2,27.1,27.0,27.2,27.1,27.1,27.2,27.3,27.1,27.1,27.3,27.3,27.3,27.2,27.2,27.2,27.3,27.2,27.2,27.2,27.3,27.3,27.3,27.4,27.3,27.3,27.4,27.6,27.4,27.5,27.1,27.1,27.2,27.1,27.1,27.1,27.1,27.1,27.0,27.1,26.9,27.1,27.0,27.2,27.1,27.1,27.1,27.5,27.6,28.1,28.9,29.6,29.9,29.4,29.0,28.3,27.7,27.4,27.1,27.1,27.1,27.1,26.8,26.6,26.8,26.8,26.8,27.0,27.0,27.2,26.9,27.0,26.9,27.1,27.3,27.6,28.1,28.0,27.9,28.0,28.0,28.0,28.1,28.0,27.8,27.3,27.4,27.3,27.3,27.4,27.4,27.4,27.3,27.4,27.4,27.4,27.5,27.6,27.5,27.7,27.6,27.5,27.6,27.6,27.6,27.6,27.6,27.6,27.5,27.7,27.6,27.6,27.4,27.5,27.5,27.4,27.5,27.3,27.6,27.6,27.3,27.6,27.3,27.5,27.5,27.4,27.6,27.3,27.5,27.3,27.3,27.3,27.3,27.4,27.4,27.3,27.2,27.3,27.3,27.2,27.1,27.3,27.2,27.3
158,28.0,28.3,28.1,28.2,28.2,28.3,28.2,28.2,28.3,28.2,28.2,28.2,28.4,28.2,28.3,28.3,28.1,28.3,28.2,28.3,28.3,28.2,28.4,28.2,28.3,28.3,28.1,28.1,27.7,27.5,27.8,28.0,28.3,28.6,28.6,28.6,28.2,28.2,27.9,27.8,27.4,27.5,27.1,27.2,27.3,27.0,27.1,27.2,27.0,27.1,27.3,27.2,27.1,27.2,27.3,27.1,27.1,27.2,27.2,27.2,27.1,27.3,27.3,27.1,27.3,27.4,27.4,27.2,27.3,27.3,27.3,27.3,27.2,27.4,27.6,27.7,27.6,27.3,27.3,27.2,27.2,27.0,27.1,26.9,27.0,26.9,27.0,27.1,27.0,27.1,27.1,27.1,27.1,27.1,27.2,27.4,27.6,28.0,28.5,29.0,29.4,29.0,28.7,28.0,27.7,27.4,27.3,27.1,27.1,27.1,27.1,26.9,26.9,27.1,27.0,27.0,26.8,26.8,27.1,27.0,26.9,27.2,27.5,27.8,28.0,28.1,27.9,27.8,27.8,28.0,28.2,28.4,28.0,27.7,27.5,27.4,27.4,27.5,27.3,27.3,27.4,27.4,27.4,27.4,27.7,27.5,27.6,27.6,27.4,27.4,27.5,27.6,27.6,27.4,27.7,27.5,27.6,27.5,27.7,27.6,27.6,27.4,27.5,27.6,27.7,27.5,27.5,27.4,27.5,27.4,27.5,27.5,27.5,27.6,27.3,27.2,27.4,27.3,27.3,27.4,27.4,27.2,27.2,27.3,27.3,27.4,27.3,27.3,27.4,27.2,27.3,27.2
159,28.0,28.0,28.1,28.2,28.0,28.2,28.0,28.0,28.1,28.1,28.1,28.2,28.2,28.3,28.3,28.3,28.1,28.3,28.2,28.4,28.0,28.4,28.4,28.3,28.3,28.2,28.2,28.0,27.7,27.7,28.0,28.2,28.6,28.6,28.6,28.4,28.4,28.3,28.0,27.8,27.4,27.3,27.1,27.1,27.1,27.0,27.2,26.9,26.9,27.0,27.0,27.2,27.1,27.1,27.1,27.2,27.1,27.3,27.1,27.1,26.9,27.2,27.2,27.3,27.3,27.2,27.2,27.1,27.4,27.3,27.2,27.2,27.2,27.4,27.6,27.6,27.7,27.4,27.2,27.1,27.1,27.1,27.1,27.0,26.9,27.0,26.9,27.0,27.0,26.9,27.1,26.9,27.0,27.1,27.2,27.3,27.4,27.8,28.1,28.5,28.8,28.8,28.3,27.7,27.6,27.5,27.3,27.2,27.1,27.1,27.1,27.2,27.0,27.0,27.0,27.0,26.9,26.9,27.1,27.0,27.1,27.3,27.6,27.8,28.0,28.1,27.8,27.6,27.6,27.7,28.0,28.2,27.8,27.7,27.6,27.3,27.3,27.2,27.4,27.5,27.3,27.3,27.4,27.4,27.5,27.6,27.6,27.6,27.6,27.4,27.6,27.6,27.5,27.6,27.7,27.5,27.4,27.3,27.6,27.7,27.6,27.6,27.6,27.4,27.4,27.5,27.6,27.5,27.4,27.4,27.4,27.4,27.3,27.6,27.5,27.3,27.3,27.2,27.3,27.5,27.3,27.3,27.3,27.2,27.2,27.3,27.3,27.5,27.2,27.3,27.3,27.3
160,28.0,28.0,28.0,28.1,28.2,28.2,28.1,28.0,28.1,28.0,28.2,28.2,28.4,28.3,28.2,28.4,28.3,28.2,28.3,28.2,28.4,28.1,28.2,28.3,28.2,28.1,28.1,28.0,28.1,28.0,28.1,28.6,28.7,28.4,28.5,28.6,28.3,28.5,28.2,27.8,27.6,27.3,27.4,27.1,27.0,27.1,27.1,26.9,27.1,27.1,27.1,27.1,27.2,27.1,27.0,27.2,27.2,27.2,27.1,27.1,27.2,27.2,27.2,27.2,27.2,27.2,27.2,27.1,27.2,27.3,27.2,27.2,27.3,27.3,27.6,27.7,27.6,27.5,27.3,27.3,27.1,27.1,27.2,27.0,27.1,27.1,27.1,27.1,26.9,27.0,27.0,27.0,26.9,27.2,27.2,27.1,27.3,27.6,28.1,28.3,28.4,28.2,28.1,27.6,27.4,27.5,27.4,27.3,27.1,27.0,27.0,27.1,27.1,26.9,26.7,27.0,27.1,27.0,27.1,27.1,27.2,27.3,27.4,27.8,28.1,28.0,27.8,27.6,27.5,27.8,28.0,28.3,27.8,27.5,27.3,27.5,27.3,27.2,27.4,27.4,27.3,27.4,27.4,27.4,27.5,27.4,27.5,27.6,27.4,27.4,27.6,27.7,27.5,27.4,27.6,27.5,27.4,27.4,27.5,27.7,27.5,27.5,27.6,27.5,27.5,27.5,27.5,27.4,27.3,27.6,27.5,27.4,27.3,27.4,27.3,27.3,27.3,27.3,27.4,27.4,27.3,27.4,27.4,27.3,27.4,27.2,27.2,27.2,27.1,27.4,27.3,27.2
161,28.1,28.0,28.3,28.2,28.1,28.3,28.2,28.4,28.4,28.1,28.3,28.2,28.2,28.2,28.3,28.4,28.3,28.2,28.2,28.1,28.2,28.2,28.3,28.4,28.4,28.3,28.0,28.0,28.2,28.0,28.2,28.6,28.4,28.3,28.4,28.4,28.6,28.5,28.5,28.1,27.6,27.3,27.3,27.1,27.1,27.2,27.1,27.0,27.0,27.0,27.1,27.2,27.1,27.3,27.1,27.0,27.2,27.3,27.0,27.1,27.2,27.1,27.2,27.2,27.2,27.3,27.3,27.4,27.3,27.3,27.3,27.3,27.4,27.3,27.5,27.7,27.5,27.6,27.2,27.1,27.1,27.3,27.2,27.1,27.1,26.8,26.9,27.1,26.9,27.1,26.9,27.1,27.0,27.0,27.1,27.1,27.3,27.4,27.8,28.1,28.1,28.0,27.7,27.6,27.5,27.3,27.5,27.3,27.1,27.1,27.1,27.0,27.1,27.0,26.9,26.9,27.1,27.2,27.1,27.1,27.2,27.3,27.4,27.8,28.2,28.1,28.1,27.9,27.9,28.2,28.2,28.2,27.7,27.6,27.3,27.3,27.2,27.3,27.4,27.4,27.4,27.3,27.5,27.3,27.5,27.5,27.7,27.5,27.4,27.4,27.6,27.6,27.4,27.5,27.4,27.4,27.5,27.7,27.5,27.6,27.5,27.4,27.6,27.4,27.6,27.6,27.4,27.4,27.3,27.3,27.5,27.4,27.5,27.5,27.4,27.2,27.4,27.5,27.4,27.3,27.3,27.5,27.4,27.4,27.3,27.5,27.3,27.2,27.4,27.3,27.3,27.2
162,28.1,28.2,28.2,28.0,28.2,28.1,28.0,28.2,28.0,28.1,28.3,28.2,28.3,28.2,28.3,28.3,28.3,28.2,28.2,28.4,28.3,28.3,28.2,28.3,28.3,28.1,28.0,27.9,28.1,28.2,28.2,28.7,28.6,28.4,28.3,28.4,28.5,28.6,28.4,28.2,27.5,27.4,27.0,27.3,27.1,27.0,26.9,27.0,26.9,26.9,27.0,27.1,27.2,27.1,27.1,27.1,27.1,27.2,27.2,27.1,27.2,27.1,27.1,27.3,27.1,27.1,27.3,27.1,27.2,27.4,27.5,27.3,27.2,27.3,27.3,27.4,27.3,27.2,27.3,27.2,27.3,27.1,27.3,27.1,26.9,26.9,26.9,27.1,26.9,26.9,26.9,27.1,27.0,27.2,27.0,27.0,27.3,27.4,27.8,27.9,27.8,27.9,27.8,27.5,27.2,27.4,27.4,27.3,27.1,27.1,27.1,27.0,26.9,27.1,26.8,26.8,27.1,27.1,27.0,27.2,27.1,27.1,27.1,27.6,27.9,28.1,28.1,28.2,28.1,28.0,28.1,27.8,27.6,27.5,27.3,27.2,27.3,27.4,27.3,27.3,27.1,27.4,27.4,27.5,27.3,27.5,27.5,27.5,27.6,27.5,27.5,27.4,27.4,27.5,27.4,27.3,27.5,27.4,27.4,27.5,27.6,27.3,27.4,27.5,27.4,27.5,27.5,27.5,27.3,27.3,27.3,27.5,27.4,27.4,27.5,27.3,27.1,27.3,27.4,27.2,27.4,27.1,27.3,27.3,27.2,27.2,27.4,27.2,27.3,27.1,27.4,27.2
163,27.9,28.0,28.0,28.2,28.1,28.1,28.1,28.2,28.1,28.2,28.2,28.4,28.2,28.1,28.2,28.3,28.2,28.2,28.3,28.3,28.1,28.3,28.2,28.2,28.2,28.2,28.1,28.2,28.0,28.0,28.0,28.3,28.5,28.3,28.4,28.5,28.6,28.5,28.3,28.1,27.4,27.3,27.1,27.2,27.1,27.1,27.0,27.1,26.9,27.0,27.1,27.1,27.1,27.0,27.0,27.0,27.1,27.1,27.2,27.1,27.2,27.0,27.2,27.1,27.1,27.3,27.1,27.2,27.1,27.2,27.4,27.3,27.3,27.3,27.3,27.3,27.0,27.1,27.2,27.1,27.0,27.1,27.2,26.9,27.1,26.9,27.0,27.0,27.1,27.1,27.0,27.1,27.0,27.1,27.0,27.2,27.3,27.6,27.8,28.4,28.4,28.3,27.9,27.4,27.3,27.2,27.1,27.1,27.1,27.0,26.9,26.9,27.0,26.8,26.9,26.9,27.1,27.0,27.1,26.9,27.1,27.2,27.1,27.3,27.6,27.8,28.0,28.0,27.9,27.9,27.8,27.7,27.6,27.3,27.2,27.2,27.1,27.3,27.3,27.3,27.4,27.3,27.3,27.4,27.5,27.6,27.5,27.4,27.5,27.5,27.6,27.6,27.6,27.5,27.5,27.5,27.5,27.5,27.5,27.6,27.5,27.5,27.4,27.3,27.4,27.4,27.5,27.5,27.4,27.6,27.4,27.2,27.5,27.2,27.5,27.4,27.3,27.2,27.3,27.4,27.2,27.2,27.4,27.5,27.3,27.3,27.2,27.3,27.3,27.2,27.2,27.3
164,28.1,28.0,28.0,28.1,28.2,28.0,28.3,28.2,28.2,28.2,28.1,28.2,28.3,28.3,28.3,28.1,28.2,28.2,28.3,28.3,28.3,28.3,28.2,28.1,28.4,28.2,28.1,28.1,28.0,28.0,28.0,28.2,28.6,28.6,28.7,28.7,28.7,28.6,28.3,28.0,27.4,27.3,27.2,27.2,27.2,27.1,27.2,27.1,27.0,27.0,26.9,27.2,27.1,27.3,27.3,27.2,27.2,27.3,27.4,27.1,27.2,27.2,27.2,27.2,27.1,27.2,27.1,27.4,27.3,27.2,27.3,27.3,27.3,27.1,27.2,27.4,27.3,27.2,27.2,27.3,27.2,27.1,27.1,27.0,27.1,26.9,27.0,27.0,27.1,27.0,27.0,27.0,27.1,27.1,27.3,27.1,27.2,27.7,28.2,28.8,28.9,28.9,28.1,27.5,27.3,27.2,27.2,27.1,27.1,26.9,27.0,27.0,27.0,26.9,26.9,26.7,26.9,26.9,27.0,27.1,27.0,27.1,27.1,27.2,27.3,27.4,27.5,27.8,27.7,27.6,27.5,27.4,27.3,27.1,27.2,27.2,27.3,27.2,27.5,27.4,27.5,27.3,27.4,27.4,27.5,27.5,27.4,27.4,27.2,27.5,27.5,27.6,27.4,27.4,27.3,27.5,27.6,27.7,27.4,27.7,27.5,27.3,27.4,27.5,27.4,27.5,27.4,27.6,27.4,27.3,27.3,27.3,27.4,27.4,27.4,27.3,27.4,27.4,27.3,27.3,27.3,27.3,27.3,27.4,27.4,27.4,27.3,27.4,27.5,27.2,27.4,27.1
165,28.0,28.2,28.2,28.1,28.1,28.0,28.1,28.3,28.2,28.1,28.3,28.3,28.1,28.2,28.2,28.2,28.2,28.5,28.3,28.3,28.3,28.4,28.2,28.3,28.3,28.1,28.1,28.1,27.9,27.8,28.0,28.1,28.3,28.4,28.8,28.8,28.4,28.4,27.9,27.7,27.3,27.1,27.2,27.2,27.2,27.1,27.1,27.0,26.9,27.1,27.1,27.1,27.1,27.3,27.2,27.2,27.3,27.2,27.2,27.2,27.2,27.3,27.2,27.1,27.3,27.2,27.3,27.2,27.3,27.2,27.4,27.4,27.3,27.1,27.2,27.3,27.3,27.6,27.3,27.3,27.2,27.2,27.0,27.0,27.1,27.0,26.9,26.9,26.9,27.0,26.9,27.0,27.0,27.1,27.1,26.9,27.2,27.6,28.5,28.9,29.1,28.5,28.1,27.8,27.3,27.1,27.1,27.0,27.0,27.0,26.9,26.8,26.9,26.9,26.8,26.9,27.0,26.9,27.0,26.9,26.9,27.1,26.9,27.0,27.1,27.2,27.2,27.3,27.3,27.4,27.1,27.2,27.0,27.0,27.1,27.2,27.1,27.3,27.4,27.2,27.4,27.3,27.3,27.4,27.3,27.4,27.4,27.5,27.6,27.5,27.5,27.5,27.4,27.4,27.3,27.6,27.3,27.4,27.5,27.6,27.5,27.5,27.6,27.4,27.3,27.3,27.5,27.5,27.4,27.3,27.4,27.2,27.5,27.3,27.4,27.3,27.3,27.3,27.3,27.3,27.3,27.4,27.4,27.2,27.2,27.3,27.3,27.2,27.3,27.3,27.3,27.1
166,28.1,28.1,28.1,28.2,28.1,28.2,28.1,28.3,28.2,28.1,28.3,28.3,28.2,28.3,28.3,28.3,28.4,28.2,28.2,28.3,28.3,28.2,28.2,28.3,28.4,28.4,28.1,28.0,27.8,27.7,27.9,28.1,28.0,28.3,28.3,28.2,28.2,28.0,27.7,27.4,27.5,27.2,27.1,27.0,27.2,27.1,27.3,27.1,27.1,27.1,27.1,27.2,27.1,27.2,27.2,27.1,27.2,27.3,27.1,27.2,27.3,27.2,27.2,27.1,27.2,27.1,27.3,27.2,27.3,27.3,27.4,27.5,27.2,27.3,27.3,27.4,27.5,27.5,27.3,27.4,27.3,27.3,26.9,27.0,27.1,27.0,26.9,26.9,26.9,27.0,27.1,27.0,27.0,27.2,27.0,27.1,27.3,27.8,28.2,28.7,28.9,28.6,28.1,27.5,27.3,27.1,26.9,27.1,26.9,26.8,27.0,26.8,26.9,26.7,26.8,26.7,26.8,26.9,26.9,26.8,26.8,27.0,26.9,26.9,26.8,26.9,27.1,27.1,27.1,27.1,26.8,26.8,26.9,26.8,26.9,26.9,26.9,27.1,27.4,27.3,27.2,27.3,27.4,27.5,27.5,27.3,27.3,27.3,27.6,27.5,27.5,27.4,27.4,27.3,27.5,27.5,27.4,27.4,27.7,27.5,27.5,27.4,27.5,27.5,27.3,27.4,27.5,27.4,27.4,27.4,27.4,27.4,27.2,27.5,27.4,27.2,27.3,27.3,27.4,27.4,27.3,27.3,27.2,27.3,27.5,27.1,27.1,27.3,27.2,27.2,27.3,27.2
167,28.0,28.1,28.2,28.0,28.0,28.2,28.2,28.2,28.2,28.1,28.2,28.2,28.3,28.3,28.3,28.2,28.2,28.3,28.2,28.4,28.3,28.2,28.2,28.2,28.3,28.1,28.1,28.0,27.8,27.6,27.7,27.6,27.9,27.9,27.7,27.8,27.8,27.6,27.5,27.4,27.3,27.2,27.3,27.2,27.2,27.3,27.1,27.3,27.1,27.2,27.0,27.1,27.2,27.3,27.1,27.3,27.2,27.3,27.3,27.2,27.2,27.2,27.1,27.2,27.3,27.1,27.1,27.3,27.3,27.3,27.4,27.2,27.3,27.4,27.2,27.4,27.2,27.5,27.4,27.2,27.3,27.1,27.2,26.8,27.1,27.0,27.0,27.0,26.9,27.0,26.9,27.1,27.1,27.1,27.0,27.1,27.1,27.5,28.1,28.5,28.6,28.4,28.0,27.6,27.1,27.1,27.0,26.9,26.8,27.0,26.8,26.9,26.9,26.9,26.7,26.7,26.9,27.0,26.9,26.9,26.8,26.9,26.8,26.9,26.9,26.9,26.9,27.0,26.9,27.0,26.9,26.9,26.7,26.7,27.1,27.0,27.1,27.2,27.2,27.2,27.3,27.3,27.3,27.3,27.4,27.3,27.5,27.5,27.4,27.3,27.4,27.4,27.5,27.6,27.4,27.4,27.6,27.6,27.6,27.4,27.5,27.3,27.5,27.5,27.4,27.4,27.3,27.5,27.3,27.4,27.4,27.2,27.5,27.4,27.3,27.5,27.3,27.3,27.3,27.4,27.3,27.4,27.3,27.4,27.2,27.3,27.3,27.2,27.3,27.2,27.3,27.2
168,28.2,28.1,27.9,28.2,28.3,28.1,28.1,28.1,28.1,28.1,28.2,28.2,28.2,28.3,28.0,28.3,28.3,28.3,28.2,28.4,28.2,28.2,28.1,28.2,28.2,28.3,28.0,28.1,27.9,27.4,27.6,27.6,27.6,27.7,27.4,27.5,27.3,27.4,27.3,27.3,27.2,27.2,27.3,27.4,27.3,27.2,27.2,27.1,27.0,27.1,26.9,27.3,27.2,27.2,27.1,27.2,27.1,27.1,27.2,27.2,27.3,27.0,27.1,27.2,27.2,27.1,27.1,27.1,27.4,27.3,27.4,27.3,27.4,27.3,27.2,27.2,27.3,27.3,27.3,27.4,27.2,27.1,27.1,26.9,27.2,27.0,27.1,27.1,27.0,27.0,26.9,27.1,26.9,27.0,27.1,27.1,27.1,27.3,27.8,27.8,28.2,27.8,27.7,27.4,27.1,27.0,27.0,27.0,27.0,26.8,26.8,26.8,26.8,27.0,26.7,26.8,26.7,26.9,26.9,26.9,26.8,26.9,26.7,26.9,26.8,26.9,26.9,26.9,26.9,27.0,26.7,26.8,26.7,26.7,26.9,26.9,26.9,27.1,27.2,27.3,27.1,27.5,27.2,27.3,27.3,27.4,27.3,27.4,27.2,27.4,27.4,27.5,27.4,27.3,27.4,27.4,27.5,27.5,27.5,27.6,27.4,27.4,27.3,27.4,27.6,27.4,27.4,27.3,27.4,27.5,27.4,27.4,27.3,27.4,27.3,27.2,27.2,27.2,27.2,27.3,27.4,27.3,27.4,27.3,27.2,27.3,27.2,27.2,27.2,27.1,27.2,27.1
169,28.2,28.2,28.0,28.2,28.1,28.1,28.2,28.4,28.2,28.2,28.2,28.4,28.2,28.2,28.3,28.3,28.2,28.3,28.2,28.2,28.2,28.3,28.3,28.3,28.3,28.3,28.2,28.1,27.8,27.6,27.5,27.5,27.5,27.6,27.6,27.6,27.3,27.4,27.4,27.3,27.3,27.1,27.3,27.4,27.2,27.3,27.3,27.1,27.3,27.1,27.1,27.3,27.2,27.1,27.2,27.3,27.3,27.3,27.3,27.3,27.3,27.1,27.2,27.1,27.3,27.1,27.3,27.3,27.2,27.3,27.5,27.3,27.3,27.4,27.3,27.4,27.2,27.4,27.4,27.3,27.0,27.2,27.2,27.1,27.1,27.1,27.1,27.2,27.1,27.1,27.1,27.1,27.1,27.2,27.1,27.1,27.0,27.4,27.5,27.6,27.8,27.7,27.5,27.4,27.1,27.1,27.1,26.9,27.0,26.9,26.9,26.9,26.7,26.9,26.8,26.8,26.8,26.9,26.9,26.8,26.8,26.8,26.8,26.8,26.7,26.8,26.8,26.9,26.8,27.0,26.7,26.8,26.6,26.8,26.9,27.0,26.9,27.2,27.1,27.2,27.4,27.3,27.5,27.2,27.3,27.2,27.3,27.5,27.4,27.4,27.6,27.3,27.3,27.4,27.5,27.6,27.6,27.4,27.4,27.5,27.4,27.4,27.4,27.5,27.6,27.5,27.4,27.4,27.4,27.5,27.4,27.4,27.5,27.4,27.5,27.3,27.3,27.3,27.3,27.3,27.3,27.4,27.3,27.3,27.2,27.3,27.3,27.3,27.1,27.1,27.1,27.1
170,28.1,28.2,28.2,28.0,28.2,28.1,28.1,28.3,28.0,28.2,28.2,28.1,28.3,28.3,28.3,28.3,28.3,28.2,28.3,28.3,28.3,28.3,28.4,28.3,28.2,28.2,28.2,28.1,27.8,27.6,27.5,27.5,27.6,27.3,27.6,27.4,27.4,27.5,27.4,27.3,27.3,27.1,27.2,27.4,27.4,27.2,27.4,27.3,27.1,27.2,27.2,27.2,27.3,27.3,27.5,27.3,27.3,27.3,27.3,27.2,27.3,27.3,27.3,27.3,27.1,27.2,27.2,27.1,27.3,27.2,27.4,27.3,27.2,27.2,27.3,27.4,27.4,27.4,27.3,27.2,27.3,27.4,27.5,27.4,27.5,27.3,27.2,27.3,27.1,27.3,27.3,27.1,27.1,27.0,27.1,27.0,26.9,27.2,27.3,27.3,27.4,27.5,27.3,27.2,27.1,26.9,26.9,26.9,26.9,27.0,26.9,26.9,26.9,26.8,26.8,26.8,26.9,26.9,27.0,26.8,26.9,26.8,26.8,26.9,26.8,26.8,26.9,26.8,26.8,26.8,26.7,26.8,26.8,26.8,26.8,27.1,27.1,27.1,27.2,27.2,27.2,27.2,27.3,27.4,27.2,27.3,27.4,27.6,27.4,27.3,27.6,27.5,27.5,27.3,27.6,27.3,27.5,27.6,27.5,27.5,27.6,27.4,27.5,27.4,27.6,27.4,27.5,27.4,27.1,27.3,27.4,27.5,27.4,27.3,27.5,27.3,27.3,27.3,27.4,27.3,27.3,27.1,27.3,27.2,27.4,27.3,27.4,27.2,27.3,27.2,27.1,27.1
171,28.2,28.1,28.0,28.2,28.1,28.3,28.2,28.2,28.3,28.2,28.3,28.3,28.5,28.4,28.3,28.3,28.4,28.3,28.3,28.4,28.3,28.4,28.3,28.2,28.3,28.3,28.3,28.1,28.0,27.8,27.7,27.6,27.7,27.6,27.6,27.6,27.5,27.5,27.4,27.5,27.5,27.4,27.5,27.4,27.6,27.3,27.5,27.3,27.6,27.6,27.7,27.6,27.6,27.7,27.8,27.7,27.9,27.6,27.5,27.5,27.2,27.3,27.2,27.2,27.2,27.2,27.1,27.2,27.1,27.1,27.3,27.3,27.1,27.3,27.3,27.3,27.4,27.5,27.2,27.3,27.2,27.5,27.5,27.6,27.6,27.6,27.5,27.4,27.3,27.4,27.4,27.5,27.3,27.3,27.1,27.1,27.0,27.1,27.4,27.4,27.3,27.3,27.3,27.2,27.0,27.1,27.1,26.9,26.9,26.9,26.9,26.7,26.9,26.8,26.8,26.7,26.8,26.7,26.8,26.8,26.8,26.9,26.7,26.9,26.8,26.9,26.8,26.7,26.8,26.7,26.8,26.7,26.7,26.9,26.9,26.9,27.1,27.1,27.0,27.2,27.1,27.2,27.3,27.3,27.2,27.2,27.4,27.1,27.3,27.5,27.4,27.4,27.5,27.3,27.5,27.5,27.5,27.3,27.4,27.6,27.5,27.6,27.4,27.2,27.3,27.3,27.6,27.4,27.5,27.5,27.4,27.5,27.3,27.2,27.5,27.1,27.3,27.3,27.4,27.4,27.2,27.2,27.3,27.3,27.4,27.2,27.4,27.3,27.2,27.1,27.3,27.3
172,28.0,28.0,28.2,28.2,28.2,28.2,28.2,28.3,28.1,28.2,28.3,28.3,28.4,28.4,28.2,28.2,28.1,28.2,28.4,28.4,28.2,28.3,28.4,28.4,28.4,28.2,28.2,28.2,28.3,28.2,28.2,28.2,28.2,28.0,28.1,27.9,27.6,27.7,27.7,27.6,27.7,27.7,27.9,27.8,27.7,27.7,27.8,27.8,27.6,27.8,27.6,27.8,27.7,28.1,28.2,28.1,28.1,28.0,28.1,27.6,27.4,27.3,27.4,27.3,27.1,27.1,27.2,27.3,27.3,27.3,27.2,27.3,27.3,27.3,27.3,27.3,27.3,27.4,27.3,27.5,27.3,27.6,27.8,27.7,27.9,27.9,27.8,27.5,27.3,27.5,27.4,27.4,27.5,27.5,27.2,27.2,27.1,27.3,27.3,27.3,27.2,27.3,27.3,27.3,27.0,27.1,26.9,26.7,26.9,26.9,26.8,26.9,26.8,27.0,26.9,26.9,26.8,27.0,26.9,26.9,26.7,26.7,26.8,26.6,26.8,26.8,26.9,26.8,26.8,27.0,26.8,26.9,26.7,26.8,26.8,26.9,27.0,27.1,27.1,27.0,27.2,27.2,27.3,27.3,27.4,27.5,27.3,27.4,27.5,27.4,27.3,27.3,27.3,27.4,27.4,27.4,27.5,27.4,27.5,27.5,27.5,27.4,27.5,27.3,27.5,27.4,27.5,27.4,27.3,27.4,27.5,27.3,27.4,27.3,27.5,27.3,27.4,27.1,27.2,27.3,27.2,27.0,27.3,27.1,27.1,27.1,27.3,27.3,27.1,27.1,27.1,27.0
173,28.1,28.1,28.2,28.0,28.2,28.2,28.3,28.3,28.3,28.1,28.2,28.3,28.3,28.4,28.3,28.3,28.1,28.4,28.2,28.3,28.3,28.2,28.2,28.3,28.2,28.3,28.3,28.5,28.5,28.7,28.6,28.6,28.6,28.5,28.1,28.0,27.6,27.5,27.5,27.6,27.6,27.6,27.5,27.6,27.8,27.6,27.5,27.6,27.6,27.6,27.6,28.0,28.1,28.3,28.4,28.6,28.6,28.5,28.3,27.9,27.5,27.3,27.2,27.2,27.1,27.2,27.3,27.2,27.2,27.1,27.2,27.2,27.1,27.2,27.2,27.3,27.4,27.5,27.4,27.3,27.3,27.6,27.9,27.9,27.9,27.8,27.6,27.3,27.4,27.4,27.3,27.6,27.3,27.5,27.3,27.3,27.2,27.1,27.3,27.2,27.2,27.4,27.3,27.2,26.9,26.9,26.9,26.9,26.9,26.8,26.9,26.8,26.9,26.9,26.8,26.8,26.9,26.9,27.0,26.9,27.0,26.9,26.8,26.9,26.9,26.8,26.7,26.7,26.9,27.0,26.7,26.9,26.7,26.8,26.9,26.9,27.0,27.0,27.3,27.1,27.1,27.1,27.2,27.2,27.3,27.2,27.4,27.3,27.4,27.3,27.3,27.3,27.3,27.4,27.3,27.4,27.3,27.5,27.5,27.4,27.4,27.4,27.5,27.3,27.3,27.4,27.1,27.4,27.3,27.4,27.5,27.3,27.3,27.3,27.3,27.3,27.2,27.2,27.2,27.5,27.4,27.2,27.3,27.3,27.3,27.1,27.1,27.2,27.2,27.1,27.1,27.3
174,28.0,28.0,28.1,28.2,28.0,28.1,28.2,28.2,28.2,28.2,28.2,28.2,28.2,28.4,28.3,28.2,28.2,28.2,28.2,28.2,28.3,28.3,28.3,28.2,28.2,28.4,28.3,28.6,28.7,29.0,29.0,28.8,28.8,28.5,28.1,27.7,27.5,27.6,27.4,27.5,27.6,27.5,27.6,27.4,27.6,27.4,27.6,27.6,27.4,27.6,27.7,28.0,28.1,28.4,28.6,28.9,28.9,28.8,28.6,28.1,27.6,27.2,27.2,27.3,27.2,27.2,27.2,27.1,27.1,27.1,27.1,27.1,27.2,27.2,27.2,27.3,27.3,27.3,27.3,27.4,27.5,27.5,27.6,27.7,27.8,27.5,27.4,27.6,27.3,27.3,27.3,27.5,27.4,27.5,27.2,27.2,27.2,27.2,27.3,27.1,27.2,27.4,27.4,27.1,27.1,26.9,27.0,26.7,27.0,27.0,26.9,26.8,26.9,26.9,26.9,26.9,26.8,26.9,26.9,26.9,27.0,26.9,26.8,26.9,26.8,26.8,26.9,26.9,26.7,27.0,27.0,27.0,26.8,26.8,26.7,26.9,26.9,27.1,27.2,27.1,27.0,27.1,27.2,27.4,27.2,27.3,27.3,27.4,27.4,27.3,27.4,27.4,27.3,27.2,27.3,27.4,27.4,27.3,27.5,27.5,27.6,27.4,27.4,27.2,27.4,27.3,27.3,27.3,27.3,27.3,27.3,27.3,27.3,27.4,27.6,27.2,27.3,27.3,27.4,27.3,27.3,27.1,27.1,27.1,27.4,27.2,27.3,27.3,27.2,27.1,27.3,27.2
175,28.2,27.9,28.0,28.2,28.1,28.1,28.3,28.1,28.2,28.3,28.3,28.5,28.4,28.2,28.2,28.3,28.2,28.2,28.4,28.3,28.3,28.4,28.4,28.3,28.4,28.4,28.4,28.7,29.0,29.2,29.2,29.2,28.7,28.4,28.0,27.6,27.4,27.4,27.3,27.3,27.4,27.3,27.4,27.3,27.4,27.4,27.4,27.4,27.4,27.5,27.6,27.8,28.1,28.4,28.7,29.0,29.1,28.8,28.7,28.2,27.7,27.4,27.2,27.3,27.1,27.2,27.1,27.2,27.1,27.0,27.0,27.2,27.1,27.1,27.1,27.2,27.3,27.3,27.3,27.2,27.1,27.5,27.5,27.8,27.6,27.5,27.3,27.2,27.2,27.4,27.5,27.3,27.3,27.4,27.3,27.2,27.1,27.1,27.2,27.2,27.2,27.1,27.3,27.1,27.2,27.1,27.1,27.1,26.9,26.8,26.8,26.7,26.9,26.8,26.7,26.8,26.9,26.9,26.8,26.9,26.6,27.0,26.8,26.9,26.7,26.9,26.8,27.0,26.9,26.9,27.1,27.1,26.9,26.9,27.0,26.9,27.0,27.0,27.0,27.1,27.1,27.2,27.1,27.2,27.1,27.3,27.3,27.2,27.1,27.3,27.2,27.3,27.3,27.5,27.4,27.4,27.4,27.4,27.6,27.4,27.5,27.5,27.3,27.4,27.3,27.6,27.4,27.5,27.4,27.4,27.2,27.4,27.4,27.3,27.3,27.3,27.3,27.3,27.2,27.2,27.1,27.2,27.3,27.3,27.2,27.3,27.1,27.1,27.3,27.2,27.2,27.0
176,28.0,28.2,28.2,28.2,28.0,28.3,28.2,28.2,28.3,28.2,28.3,28.5,28.1,28.6,28.3,28.5,28.3,28.3,28.3,28.3,28.3,28.3,28.3,28.3,28.4,28.3,28.6,28.8,29.1,29.3,29.3,29.2,28.8,28.2,27.8,27.5,27.3,27.4,27.3,27.1,27.4,27.5,27.4,27.4,27.3,27.3,27.4,27.3,27.3,27.5,27.6,27.8,28.1,28.5,28.8,29.2,29.3,29.2,28.9,28.3,27.8,27.4,27.4,27.2,27.2,27.2,27.3,27.3,27.1,27.2,27.1,27.1,27.1,27.1,27.1,27.1,27.3,27.3,27.4,27.1,27.3,27.4,27.5,27.5,27.7,27.5,27.3,27.3,27.4,27.4,27.4,27.4,27.5,27.5,27.2,27.3,27.3,27.2,27.1,27.2,27.2,27.2,27.3,27.3,27.4,27.4,27.3,27.1,26.9,27.0,27.0,26.9,26.9,26.7,26.8,26.8,26.9,26.6,26.9,26.9,26.8,27.0,26.9,26.9,26.9,26.9,26.9,27.0,26.9,27.2,27.3,27.3,27.1,26.9,27.1,26.9,27.1,27.1,27.3,27.0,27.1,27.2,27.2,27.1,27.2,27.3,27.3,27.3,27.5,27.5,27.1,27.4,27.6,27.2,27.3,27.5,27.3,27.5,27.5,27.5,27.4,27.5,27.4,27.5,27.5,27.5,27.4,27.2,27.3,27.5,27.2,27.3,27.3,27.3,27.4,27.2,27.3,27.2,27.3,27.6,27.3,27.3,27.3,27.3,27.3,27.3,27.1,27.3,27.1,27.3,27.3,27.2
177,28.0,28.1,28.1,28.2,28.1,28.2,28.1,28.0,28.4,28.2,28.2,28.2,28.2,28.3,28.2,28.5,28.3,28.4,28.2,28.3,28.2,28.5,28.2,28.1,28.3,28.6,28.6,28.7,29.2,29.2,29.3,29.2,28.7,28.2,27.7,27.6,27.3,27.3,27.3,27.3,27.3,27.3,27.3,27.3,27.4,27.3,27.3,27.3,27.2,27.3,27.6,27.6,27.8,28.3,28.8,29.1,29.4,29.4,29.0,28.5,27.8,27.6,27.2,27.1,27.1,27.0,27.1,27.2,27.1,27.2,27.0,27.3,27.3,27.2,27.3,27.1,27.1,27.2,27.2,27.4,27.3,27.5,27.6,27.5,27.5,27.6,27.3,27.3,27.3,27.5,27.3,27.5,27.4,27.5,27.3,27.3,27.4,27.3,27.3,27.3,27.1,27.2,27.2,27.5,27.5,27.6,27.4,27.1,27.0,26.9,26.9,27.0,26.9,26.8,26.9,26.9,26.8,26.9,26.9,26.9,26.9,27.1,27.0,27.1,27.1,27.0,27.0,27.1,27.1,27.2,27.2,27.3,27.1,27.2,27.0,27.1,27.0,27.0,27.1,26.9,27.2,27.2,26.9,27.3,27.2,27.1,27.3,27.5,27.2,27.3,27.3,27.4,27.3,27.3,27.3,27.3,27.4,27.3,27.4,27.6,27.3,27.4,27.5,27.4,27.3,27.4,27.3,27.4,27.3,27.4,27.4,27.3,27.3,27.3,27.4,27.3,27.3,27.2,27.2,27.3,27.3,27.2,27.2,27.1,27.2,27.2,27.2,27.1,27.3,27.1,27.2,27.1
178,28.0,27.9,28.1,28.1,28.0,28.1,28.2,28.3,28.1,28.1,28.3,28.1,28.4,28.3,28.2,28.4,28.2,28.2,28.1,28.2,28.2,28.2,28.2,28.1,28.3,28.4,28.4,28.7,29.1,29.2,29.3,29.2,28.6,28.0,27.7,27.5,27.1,27.4,27.3,27.2,27.1,27.2,27.2,27.4,27.2,27.3,27.3,27.3,27.4,27.3,27.2,27.6,27.9,28.3,28.7,29.4,29.6,29.5,28.9,28.3,27.8,27.4,27.4,27.2,27.1,27.3,27.2,27.2,27.1,27.2,27.3,27.4,27.2,27.3,27.3,27.2,27.1,27.3,27.2,27.3,27.3,27.5,27.6,27.5,27.5,27.4,27.3,27.4,27.4,27.4,27.6,27.4,27.6,27.6,27.3,27.4,27.3,27.3,27.7,27.1,27.1,27.1,27.3,27.5,27.6,27.6,27.4,27.2,27.1,27.2,27.1,26.9,27.0,27.0,26.9,27.0,26.9,27.0,27.1,27.3,27.2,27.3,27.3,27.2,27.6,27.3,27.2,27.4,27.3,27.3,27.5,27.6,27.7,27.4,27.0,27.1,27.1,27.1,27.1,26.9,27.1,27.2,27.0,27.2,27.1,27.2,27.3,27.1,27.3,27.2,27.3,27.3,27.3,27.3,27.6,27.3,27.4,27.4,27.4,27.4,27.4,27.4,27.4,27.4,27.4,27.4,27.2,27.3,27.3,27.4,27.3,27.2,27.3,27.3,27.3,27.2,27.3,27.3,27.2,27.1,27.2,27.3,27.2,27.3,27.3,27.3,27.2,27.2,27.3,27.2,27.3,27.3
179,28.1,28.0,28.2,28.2,28.1,28.1,28.2,28.2,28.2,28.2,28.3,28.3,28.2,28.2,28.4,28.3,28.2,28.3,28.4,28.6,28.1,28.3,28.3,28.3,28.2,28.5,28.6,28.7,28.9,29.3,29.3,29.1,28.9,28.1,27.6,27.4,27.3,27.3,27.4,27.2,27.1,27.3,27.3,27.4,27.3,27.2,27.2,27.2,27.2,27.5,27.3,27.7,27.9,28.2,28.7,29.5,29.7,29.7,29.1,28.3,27.8,27.5,27.3,27.1,27.1,27.2,27.2,27.3,27.2,27.3,27.3,27.7,27.6,27.6,27.7,27.6,27.4,27.5,27.3,27.5,27.5,27.8,28.0,27.8,27.8,27.8,27.7,27.6,27.8,27.9,28.0,28.0,27.9,27.9,27.7,27.7,27.6,27.5,27.6,27.3,27.1,27.1,27.4,27.4,27.5,27.7,27.6,27.4,27.6,27.5,27.4,27.4,27.1,27.2,27.1,27.1,26.9,27.2,27.4,27.6,27.5,27.7,27.5,27.8,27.9,27.8,27.7,27.7,27.7,27.9,28.0,28.2,28.1,27.8,27.4,27.3,27.1,27.1,27.1,27.1,27.1,27.1,27.1,27.1,27.1,27.3,27.3,27.3,27.4,27.3,27.3,27.3,27.1,27.2,27.3,27.2,27.5,27.5,27.5,27.4,27.3,27.3,27.4,27.4,27.3,27.4,27.4,27.4,27.3,27.3,27.3,27.4,27.2,27.3,27.4,27.1,27.2,27.2,27.3,27.4,27.1,27.2,27.2,27.2,27.3,27.2,27.1,27.2,27.1,27.1,27.2,27.1
180,28.1,28.0,28.1,28.2,28.1,28.1,28.1,28.2,28.2,28.1,28.3,28.2,28.3,28.4,28.2,28.3,28.2,28.3,28.4,28.3,28.3,28.3,28.3,28.4,28.2,28.5,28.4,28.8,29.1,29.1,29.4,29.1,28.8,28.2,27.7,27.6,27.3,27.3,27.2,27.4,27.5,27.3,27.4,27.3,27.5,27.4,27.3,27.3,27.5,27.2,27.4,27.6,27.9,28.2,28.9,29.5,30.0,29.6,28.9,28.3,27.9,27.4,27.2,27.2,27.2,27.2,27.3,27.4,27.4,27.6,27.8,28.0,27.8,28.0,28.0,27.9,27.8,27.8,27.8,27.8,27.8,28.0,28.2,28.2,28.3,28.3,28.1,28.3,28.6,28.7,28.9,28.7,28.6,28.5,28.1,27.9,27.8,27.5,27.5,27.2,27.1,27.2,27.2,27.5,27.5,27.7,27.8,27.8,27.9,27.8,27.8,27.6,27.5,27.6,27.3,27.0,27.1,27.3,27.3,27.5,27.7,27.8,28.0,28.5,28.9,28.5,28.3,28.3,28.3,28.6,28.3,28.3,28.3,28.0,27.5,27.3,27.1,27.0,27.0,27.0,27.1,26.9,27.1,27.1,27.2,27.2,27.2,27.3,27.3,27.3,27.3,27.3,27.1,27.2,27.5,27.5,27.3,27.2,27.4,27.4,27.3,27.4,27.4,27.3,27.2,27.3,27.3,27.3,27.3,27.3,27.3,27.3,27.3,27.3,27.3,27.2,27.2,27.2,27.2,27.3,27.3,27.0,27.2,27.2,27.2,27.2,27.3,27.3,27.3,27.3,27.3,27.0
181,28.1,28.0,28.0,28.2,28.1,28.2,28.1,28.2,28.2,28.2,28.2,28.4,28.2,28.3,28.2,28.4,28.2,28.3,28.3,28.3,28.4,28.4,28.3,28.3,28.3,28.3,28.7,28.7,29.0,29.4,29.4,29.2,28.8,28.2,27.7,27.4,27.4,27.3,27.4,27.3,27.4,27.3,27.3,27.3,27.3,27.4,27.3,27.3,27.3,27.5,27.5,27.6,28.0,28.3,28.9,29.7,30.0,29.7,28.9,28.4,27.8,27.5,27.3,27.2,27.3,27.2,27.3,27.3,27.6,27.9,28.0,27.9,27.9,28.0,28.0,28.0,28.0,28.1,28.1,28.2,28.2,28.5,28.5,28.6,28.6,28.6,28.9,28.7,28.9,29.0,29.1,29.1,28.9,28.7,28.3,28.0,28.0,27.6,27.5,27.2,27.1,27.2,27.2,27.4,27.3,27.7,27.9,27.9,28.0,27.8,27.7,27.5,27.5,27.2,27.2,27.1,27.1,27.3,27.4,27.5,27.8,28.3,28.5,29.3,29.4,28.9,28.8,28.5,28.6,28.7,28.9,28.8,28.6,28.2,27.7,27.3,27.2,26.9,27.1,27.1,27.0,27.0,27.2,27.0,27.2,27.3,27.1,27.2,27.2,27.3,27.2,27.3,27.2,27.2,27.2,27.3,27.4,27.3,27.3,27.3,27.3,27.3,27.3,27.3,27.3,27.3,27.4,27.2,27.3,27.3,27.2,27.2,27.2,27.3,27.4,27.1,27.3,27.1,27.2,27.1,27.2,27.2,27.2,27.3,27.3,27.3,27.2,27.2,27.1,27.3,27.1,27.2
182,28.1,28.1,28.0,28.1,28.2,28.1,28.1,28.1,28.3,28.1,28.1,28.1,28.2,28.2,28.1,28.3,28.3,28.3,28.2,28.3,28.3,28.2,28.2,28.2,28.3,28.4,28.5,28.7,28.9,29.2,29.3,29.1,28.9,28.3,27.7,27.3,27.3,27.4,27.3,27.2,27.3,27.2,27.1,27.3,27.3,27.3,27.3,27.3,27.1,27.3,27.3,27.6,27.8,28.3,29.0,29.9,30.2,29.8,29.1,28.3,27.8,27.6,27.5,27.2,27.2,27.3,27.2,27.4,27.6,27.8,27.9,28.1,27.9,28.0,28.0,28.2,28.3,28.2,28.2,28.5,28.4,28.6,28.7,28.7,28.8,29.0,28.8,28.9,29.2,29.2,29.4,29.2,29.1,28.8,28.2,28.1,27.7,27.5,27.4,27.1,27.2,27.1,27.1,27.2,27.3,27.6,27.9,28.0,28.2,28.0,27.7,27.7,27.4,27.2,27.1,27.1,27.0,27.1,27.1,27.8,28.2,28.6,29.0,29.8,29.5,29.1,29.0,29.2,28.9,29.0,29.1,29.0,28.8,28.3,27.9,27.6,27.2,27.0,27.0,26.9,27.0,27.0,27.2,27.3,27.2,27.1,27.3,27.1,27.3,27.2,27.1,27.2,27.3,27.3,27.3,27.3,27.4,27.4,27.4,27.4,27.3,27.3,27.3,27.2,27.4,27.4,27.2,27.4,27.2,27.2,27.3,27.3,27.2,27.2,27.3,27.3,27.3,27.1,27.3,27.2,27.1,27.3,27.3,27.2,27.3,27.3,27.1,27.3,27.1,27.3,27.2,27.1
183,27.8,28.0,28.0,28.2,28.2,28.0,28.1,28.2,28.0,28.0,28.3,28.1,28.2,28.3,28.2,28.2,28.2,28.3,28.3,28.3,28.4,28.2,28.2,28.3,28.4,28.3,28.5,28.7,28.9,29.3,29.4,29.0,28.8,28.3,27.7,27.4,27.3,27.2,27.2,27.3,27.3,27.4,27.2,27.4,27.3,27.3,27.3,27.3,27.3,27.3,27.2,27.5,27.8,28.1,28.9,30.0,30.2,29.7,28.7,28.3,27.8,27.4,27.5,27.3,27.3,27.3,27.2,27.5,28.0,28.0,28.1,28.1,27.8,27.9,27.9,28.0,28.2,28.2,28.4,28.4,28.6,28.7,28.8,28.7,28.8,28.9,28.9,29.0,29.0,29.2,29.1,29.0,28.8,28.7,28.2,28.1,27.7,27.4,27.3,27.1,26.9,27.1,27.0,27.0,27.2,27.3,27.8,28.0,28.1,27.9,27.8,27.4,27.3,27.1,27.1,27.0,27.1,27.1,27.1,27.6,28.2,28.7,29.5,30.0,29.6,29.3,29.3,29.4,29.3,29.2,29.2,29.0,28.9,28.5,27.9,27.3,27.3,27.1,26.9,27.0,26.9,26.9,27.1,27.0,27.1,27.1,27.1,27.3,27.1,27.3,27.4,27.3,27.3,27.2,27.3,27.3,27.3,27.4,27.4,27.3,27.2,27.3,27.4,27.3,27.4,27.2,27.2,27.4,27.1,27.2,27.2,27.3,27.2,27.3,27.3,27.2,27.3,27.2,27.1,27.3,27.3,27.0,27.3,27.1,27.2,27.2,27.2,27.1,27.0,27.1,27.1,27.1
184,28.0,28.0,28.0,28.1,28.2,28.1,28.1,28.2,28.2,28.1,28.3,28.2,28.2,28.3,28.2,28.2,28.4,28.3,28.3,28.3,28.3,28.3,28.1,28.3,28.4,28.3,28.5,28.7,29.0,29.3,29.2,29.2,28.8,28.3,27.7,27.4,27.4,27.3,27.3,27.3,27.3,27.3,27.3,27.3,27.3,27.4,27.3,27.3,27.2,27.4,27.4,27.6,27.8,28.4,29.0,30.2,30.5,29.7,28.8,28.2,28.0,27.4,27.6,27.4,27.3,27.3,27.4,27.4,27.8,27.9,28.1,28.1,28.0,27.6,27.8,28.0,28.0,28.3,28.3,28.5,28.5,28.6,28.8,28.9,28.8,28.9,28.9,28.8,28.8,29.0,28.9,28.9,28.6,28.5,28.1,27.9,27.7,27.4,27.2,26.9,27.0,26.9,26.9,27.1,27.1,27.3,27.8,27.8,27.8,27.8,27.6,27.5,27.1,27.0,27.0,27.1,27.0,27.0,27.2,28.0,28.5,29.1,29.8,30.2,29.6,29.4,29.3,29.2,29.3,29.4,29.4,29.3,29.1,28.4,28.1,27.5,27.1,27.0,26.9,27.0,27.0,27.0,27.0,27.0,27.1,27.0,27.1,27.2,27.3,27.2,27.4,27.2,27.3,27.2,27.3,27.4,27.4,27.3,27.3,27.4,27.2,27.2,27.4,27.3,27.3,27.2,27.4,27.4,27.2,27.3,27.2,27.2,27.2,27.3,27.2,27.2,27.3,27.2,27.1,27.3,27.1,27.1,27.3,27.5,27.2,27.1,27.2,27.2,27.3,27.1,27.2,27.1
185,28.1,28.1,28.1,28.1,28.1,28.0,28.2,28.1,28.0,28.3,28.2,28.1,28.3,28.2,28.3,28.2,28.2,28.2,28.2,28.2,28.1,28.3,28.3,28.2,28.2,28.4,28.4,28.8,29.0,29.3,29.4,29.3,28.9,28.4,27.9,27.3,27.2,27.3,27.3,27.3,27.3,27.3,27.3,27.2,27.4,27.3,27.4,27.3,27.3,27.1,27.4,27.6,28.0,28.4,29.0,30.4,30.6,29.6,29.0,28.2,27.9,27.6,27.4,27.4,27.3,27.3,27.3,27.6,27.8,28.0,28.2,28.3,27.9,27.6,27.7,27.6,27.8,27.9,28.0,28.3,28.3,28.4,28.5,28.6,28.7,28.6,28.7,28.6,28.7,28.8,28.6,28.5,28.4,28.1,27.8,27.8,27.5,27.3,27.1,27.1,27.0,27.0,26.9,27.0,27.1,27.3,27.6,27.8,27.8,27.6,27.4,27.1,27.1,27.0,27.0,27.0,27.1,27.2,27.2,27.9,28.6,29.7,30.0,29.8,29.4,29.4,29.3,29.3,29.3,29.2,29.2,29.4,29.0,28.6,28.1,27.6,27.3,27.1,26.9,27.0,26.8,26.8,27.1,27.0,27.0,27.1,27.0,27.1,27.2,27.2,27.3,27.1,27.3,27.2,27.3,27.3,27.1,27.3,27.4,27.4,27.3,27.2,27.3,27.1,27.2,27.3,27.3,27.4,27.3,27.3,27.3,27.1,27.4,27.3,27.3,27.2,27.1,27.1,27.3,27.2,27.2,27.1,27.1,27.2,27.1,27.1,27.1,27.2,27.1,27.1,27.1,27.3
186,28.0,28.0,27.9,28.0,28.2,28.0,28.1,28.0,28.1,28.1,28.2,28.2,28.3,28.2,28.0,28.2,28.2,28.2,28.4,28.3,28.3,28.3,28.1,28.3,28.2,28.1,28.4,28.6,28.9,29.3,29.3,29.2,28.7,28.2,27.6,27.5,27.2,27.4,27.3,27.4,27.3,27.4,27.4,27.3,27.4,27.3,27.1,27.3,27.3,27.3,27.3,27.5,27.8,28.4,29.0,30.5,30.9,29.8,29.0,28.2,27.9,27.5,27.4,27.3,27.3,27.3,27.3,27.4,27.8,28.0,28.2,28.2,28.0,27.8,27.6,27.6,27.6,27.7,27.7,27.7,28.0,28.0,28.2,28.2,28.2,28.3,28.5,28.2,28.3,28.3,28.2,28.1,28.0,27.8,27.6,27.6,27.4,27.2,26.9,26.8,26.9,26.9,26.9,27.0,26.9,27.3,27.5,27.7,27.6,27.5,27.2,27.1,27.2,27.0,26.9,27.0,27.0,27.2,27.5,27.7,28.7,29.9,30.0,29.7,29.5,29.5,29.4,29.3,29.3,29.4,29.4,29.4,29.0,28.6,28.1,27.5,27.3,27.1,27.1,27.0,27.0,26.8,27.0,27.1,27.1,27.1,27.0,27.1,27.1,27.1,27.2,27.2,27.2,27.3,27.2,27.3,27.4,27.3,27.3,27.2,27.3,27.3,27.2,27.3,27.2,27.3,27.2,27.3,27.3,27.3,27.3,27.3,27.2,27.4,27.1,27.2,27.3,27.1,27.3,27.3,27.1,27.0,27.3,27.3,27.3,27.2,27.2,27.1,27.1,27.0,27.1,26.9
187,28.0,28.1,28.0,28.3,28.2,28.0,28.3,28.2,28.3,28.1,28.2,28.1,28.2,28.2,28.2,28.2,28.2,28.1,28.3,28.2,28.2,28.3,28.2,28.1,28.2,28.3,28.6,28.8,29.0,29.3,29.4,29.2,28.8,28.4,27.8,27.4,27.3,27.4,27.3,27.4,27.3,27.3,27.3,27.4,27.2,27.3,27.4,27.2,27.4,27.2,27.4,27.7,27.8,28.3,29.2,30.5,31.1,30.0,29.0,28.4,27.9,27.6,27.5,27.2,27.3,27.1,27.2,27.4,27.8,28.2,28.3,28.5,28.1,27.9,27.7,27.6,27.5,27.6,27.8,27.7,27.7,27.8,27.9,27.9,28.1,27.9,28.0,27.9,27.8,27.8,27.8,27.7,27.6,27.5,27.5,27.6,27.3,27.1,27.2,26.9,26.7,27.0,26.8,27.0,27.2,27.3,27.6,27.7,27.7,27.4,27.2,27.1,27.2,27.1,26.9,27.1,27.3,27.5,27.8,28.1,28.9,29.9,29.8,29.6,29.3,29.4,29.4,29.4,29.4,29.4,29.2,29.4,29.1,28.6,28.0,27.7,27.3,27.2,26.9,27.0,27.0,26.9,27.1,27.0,27.1,27.1,27.2,27.1,27.3,27.2,27.1,27.4,27.2,27.2,27.1,27.1,27.2,27.3,27.3,27.3,27.4,27.3,27.3,27.3,27.3,27.1,27.2,27.3,27.3,27.4,27.3,27.3,27.2,27.3,27.2,27.2,27.1,27.3,27.4,27.2,27.3,27.1,27.1,27.2,27.1,27.2,27.3,27.1,27.1,27.3,27.1,27.1
188,27.9,28.1,27.9,28.0,28.0,28.1,28.2,28.0,28.1,28.2,28.1,28.2,28.1,28.2,28.4,28.1,28.1,28.2,28.2,28.1,28.2,28.3,28.2,28.2,28.1,28.4,28.6,28.8,29.0,29.2,29.4,29.1,28.9,28.3,27.9,27.7,27.3,27.3,27.5,27.2,27.3,27.2,27.4,27.3,27.3,27.2,27.4,27.5,27.3,27.3,27.4,27.6,27.9,28.3,29.3,30.4,31.2,30.4,29.3,28.6,28.0,27.6,27.4,27.3,27.2,27.3,27.3,27.4,27.9,28.1,28.4,28.7,28.3,28.1,27.8,27.5,27.5,27.6,27.5,27.6,27.5,27.7,27.6,27.7,27.7,27.7,27.7,27.6,27.5,27.6,27.4,27.3,27.3,27.3,27.5,27.3,27.4,27.4,27.2,26.9,26.8,26.9,27.0,27.1,27.2,27.3,27.7,27.8,27.6,27.5,27.3,27.0,27.1,27.1,27.2,27.3,27.5,27.9,28.0,28.3,29.0,29.8,29.7,29.5,29.5,29.6,29.4,29.5,29.5,29.6,29.3,29.4,29.1,28.6,28.1,27.4,27.4,27.1,27.1,27.0,27.2,26.9,27.0,27.1,27.1,27.1,27.1,27.1,27.2,27.2,27.2,27.3,27.3,27.0,27.2,27.2,27.2,27.4,27.4,27.3,27.3,27.3,27.4,27.3,27.4,27.3,27.3,27.3,27.2,27.2,27.2,27.3,27.1,27.3,27.3,27.1,27.4,27.1,27.2,27.3,27.2,27.2,27.3,27.3,27.3,27.3,27.2,27.2,27.1,27.1,27.3,27.1
189,27.9,28.0,28.1,28.0,28.1,28.0,28.2,28.1,28.2,28.0,28.3,28.2,28.2,28.3,28.2,28.3,28.1,28.0,28.3,28.3,28.2,28.2,28.2,28.0,28.1,28.3,28.6,28.7,29.0,29.3,29.3,29.3,28.8,28.6,28.0,27.7,27.3,27.4,27.3,27.2,27.4,27.2,27.3,27.4,27.4,27.4,27.4,27.3,27.4,27.4,27.5,27.6,27.9,28.3,29.1,30.4,31.3,30.6,29.2,28.3,27.9,27.4,27.3,27.2,27.1,27.1,27.3,27.4,27.8,28.2,28.6,28.7,28.6,28.2,28.0,27.8,27.7,27.6,27.5,27.6,27.4,27.3,27.7,27.4,27.4,27.4,27.3,27.3,27.3,27.3,27.2,27.1,27.1,27.3,27.4,27.6,27.4,27.4,27.2,27.1,26.9,27.0,26.9,27.1,27.3,27.5,27.9,27.8,27.7,27.6,27.2,27.1,27.2,27.3,27.6,27.5,27.9,28.3,28.2,28.6,29.2,29.6,29.6,29.6,29.5,29.4,29.4,29.4,29.4,29.6,29.4,29.4,29.2,28.5,28.0,27.4,27.2,27.0,27.0,27.0,27.0,26.8,27.1,26.9,27.0,27.0,27.1,27.2,27.1,27.1,27.3,27.3,27.2,27.3,27.1,27.2,27.1,27.3,27.5,27.4,27.5,27.4,27.3,27.2,27.4,27.2,27.3,27.1,27.2,27.4,27.3,27.3,27.3,27.3,27.1,27.1,27.3,27.2,27.4,27.3,27.2,27.1,27.1,27.3,27.2,27.3,27.2,27.2,27.3,27.3,27.2,27.1
190,28.0,27.9,28.0,28.1,27.9,28.2,28.1,28.1,28.1,28.0,28.1,28.3,28.1,28.3,28.1,28.2,28.1,28.2,28.1,28.2,28.2,28.1,28.3,28.1,28.2,28.3,28.3,28.8,29.0,29.1,29.5,29.2,28.8,28.6,27.8,27.5,27.2,27.3,27.3,27.4,27.2,27.3,27.3,27.3,27.3,27.3,27.5,27.3,27.2,27.4,27.3,27.6,27.7,28.6,29.1,30.1,30.9,30.7,29.7,28.7,27.9,27.6,27.3,27.0,27.2,27.3,27.3,27.5,27.8,28.2,28.8,28.8,28.8,28.5,28.1,28.0,27.8,27.5,27.3,27.5,27.4,27.3,27.3,27.2,27.2,27.1,27.3,27.1,27.0,27.1,26.8,26.9,26.8,27.1,27.2,27.4,27.4,27.5,27.1,27.1,27.1,27.0,26.9,27.1,27.2,27.6,27.7,27.8,27.7,27.4,27.4,27.3,27.2,27.6,27.6,27.9,27.9,28.3,28.6,28.7,29.1,29.5,29.4,29.4,29.4,29.4,29.5,29.2,29.4,29.4,29.3,29.4,29.1,28.6,28.0,27.6,27.0,27.0,27.0,26.9,26.9,26.9,26.9,26.9,27.1,27.1,27.1,27.0,27.2,27.2,27.1,27.1,27.1,27.2,27.3,27.4,27.3,27.3,27.3,27.3,27.2,27.2,27.2,27.2,27.3,27.3,27.3,27.3,27.3,27.3,27.4,27.2,27.3,27.2,27.3,27.1,27.2,27.3,27.3,27.1,27.2,27.1,27.3,27.2,27.2,27.1,27.0,27.1,27.2,27.0,27.3,27.2
191,27.9,28.0,27.9,28.2,28.2,28.0,28.2,28.0,28.2,28.2,28.2,28.1,28.1,28.2,28.3,28.2,28.2,28.2,28.1,28.3,28.1,28.2,28.3,28.0,28.3,28.3,28.3,28.6,28.8,29.4,29.3,29.1,28.8,28.5,27.8,27.5,27.4,27.3,27.4,27.2,27.4,27.2,27.2,27.3,27.5,27.3,27.3,27.2,27.2,27.4,27.3,27.5,27.8,28.2,28.8,29.9,30.6,30.7,29.7,28.8,28.1,27.5,27.3,27.1,27.2,27.1,27.2,27.5,27.9,28.2,28.6,29.0,28.8,28.6,28.5,28.3,27.9,27.8,27.7,27.6,27.5,27.4,27.4,27.4,27.1,27.0,27.0,27.0,27.1,26.9,26.8,26.9,26.9,27.0,27.3,27.5,27.6,27.6,27.2,27.0,27.1,27.1,27.0,27.1,27.1,27.4,27.6,27.8,27.7,27.6,27.6,27.4,27.6,27.8,27.9,28.1,28.4,28.4,28.8,29.0,29.3,29.4,29.4,29.5,29.3,29.4,29.5,29.6,29.6,29.5,29.4,29.5,29.1,28.6,28.1,27.5,27.2,27.1,27.0,26.9,27.1,26.9,26.9,27.2,27.0,27.1,27.1,27.2,27.2,27.2,27.2,27.3,27.0,27.1,27.1,27.3,27.3,27.3,27.3,27.4,27.2,27.2,27.2,27.3,27.3,27.2,27.2,27.1,27.1,27.3,27.3,27.1,27.1,27.2,27.1,27.4,27.2,27.2,27.1,27.3,27.1,27.3,27.2,27.1,27.3,27.3,27.1,27.1,27.1,27.1,27.1,26.9
192,28.1,27.8,28.0,28.3,28.2,27.9,27.9,28.0,28.0,28.2,28.1,28.0,28.1,28.1,28.3,28.1,28.1,28.1,28.2,28.3,28.2,28.2,28.0,28.2,28.2,28.2,28.5,28.7,28.9,29.2,29.4,29.3,28.8,28.6,28.0,27.4,27.6,27.4,27.4,27.2,27.3,27.3,27.3,27.3,27.4,27.2,27.3,27.3,27.3,27.5,27.2,27.5,27.8,28.4,28.8,29.7,30.4,30.5,30.0,28.9,28.1,27.6,27.3,27.1,27.2,27.1,27.4,27.5,28.0,28.3,28.7,29.1,29.2,28.9,28.8,28.5,28.3,28.0,27.8,27.5,27.6,27.4,27.3,27.2,27.3,26.9,27.2,27.1,26.9,27.0,27.0,26.9,26.9,27.1,27.3,27.5,27.7,27.5,27.3,27.2,27.0,27.0,27.0,27.0,27.2,27.5,27.6,27.7,27.8,27.7,27.7,27.8,28.0,28.2,28.4,28.4,28.5,28.8,29.0,29.0,29.2,29.4,29.3,29.5,29.5,29.5,29.4,29.5,29.5,29.4,29.4,29.3,29.2,28.7,28.2,27.6,27.1,27.1,26.9,26.8,26.9,26.8,26.9,27.0,27.1,27.1,27.1,27.2,27.1,27.1,27.2,27.2,27.2,27.1,27.3,27.2,27.1,27.1,27.4,27.4,27.1,27.3,27.2,27.1,27.2,27.4,27.3,27.3,27.2,27.1,27.3,27.2,27.3,27.1,27.2,27.1,27.1,27.0,27.3,27.2,27.1,27.1,27.1,27.2,27.1,27.1,27.2,27.1,27.1,27.1,27.2,27.1
193,28.0,28.1,27.8,28.1,28.0,28.1,28.1,28.2,28.0,28.2,28.1,28.0,28.2,28.0,28.1,28.1,28.3,28.2,28.2,28.2,28.1,28.3,28.2,28.1,28.2,28.4,28.4,28.8,28.9,29.2,29.3,29.3,29.0,28.5,27.9,27.6,27.3,27.4,27.2,27.3,27.2,27.2,27.3,27.4,27.2,27.4,27.6,27.2,27.5,27.3,27.5,27.6,27.7,28.2,28.8,29.3,30.0,30.1,29.9,29.1,28.3,27.8,27.4,27.2,27.2,27.2,27.3,27.5,28.0,28.3,28.8,29.2,29.3,29.1,29.0,28.7,28.4,28.3,28.0,27.8,27.6,27.7,27.4,27.4,27.2,27.2,27.0,27.1,27.0,26.9,26.9,26.9,26.9,27.0,27.2,27.5,27.7,27.6,27.2,27.1,27.1,26.9,26.9,27.0,27.0,27.3,27.5,27.7,27.8,27.9,27.9,28.0,28.0,28.3,28.4,28.7,28.8,28.9,29.2,29.3,29.4,29.3,29.4,29.6,29.3,29.5,29.5,29.5,29.4,29.6,29.3,29.5,29.2,28.9,27.9,27.5,27.2,27.0,27.1,26.9,27.1,26.7,27.1,27.1,27.0,27.2,27.1,27.1,27.0,27.1,27.2,27.1,27.2,27.2,27.2,27.3,27.1,27.1,27.3,27.3,27.1,27.3,27.1,27.3,27.3,27.2,27.3,27.3,27.3,27.2,27.5,27.3,27.3,27.2,27.2,27.2,27.3,27.3,27.1,27.2,27.1,27.3,27.2,27.2,27.2,27.1,27.2,27.2,27.3,27.3,27.2,27.1
194,27.9,27.9,28.0,28.1,27.9,28.1,27.9,28.0,28.3,28.1,28.1,28.1,28.1,28.1,28.1,28.1,28.0,28.2,28.3,28.4,28.2,28.3,28.2,28.3,28.0,28.2,28.4,28.6,29.0,29.2,29.4,29.3,29.0,28.5,27.9,27.6,27.3,27.5,27.2,27.4,27.5,27.4,27.3,27.4,27.6,27.3,27.3,27.3,27.3,27.4,27.3,27.6,27.8,28.2,28.7,29.2,29.8,29.9,29.7,29.4,28.5,27.7,27.3,27.3,27.1,27.4,27.5,27.5,27.8,28.3,28.8,29.3,29.3,29.3,29.3,29.2,28.7,28.6,28.2,27.8,27.7,27.6,27.5,27.4,27.2,27.2,27.1,27.0,26.9,26.9,26.9,27.0,27.0,27.1,27.2,27.5,27.4,27.3,27.4,27.3,27.1,27.1,27.1,26.9,27.1,27.3,27.4,27.8,28.0,28.0,28.0,28.3,28.4,28.6,28.6,28.8,29.0,29.1,29.2,29.3,29.4,29.5,29.5,29.5,29.4,29.5,29.4,29.6,29.4,29.4,29.4,29.4,29.1,28.9,28.1,27.3,27.2,26.9,26.9,26.9,26.9,27.0,27.0,27.1,27.0,27.1,27.1,27.1,27.2,27.2,27.1,27.1,27.1,27.1,27.2,27.1,27.2,27.2,27.2,27.3,27.1,27.3,27.2,27.1,27.3,27.2,27.2,27.2,27.1,27.2,27.3,27.1,27.2,27.3,27.2,27.1,27.0,27.2,27.2,27.2,27.1,27.2,27.0,27.2,27.1,27.2,27.1,27.1,27.1,27.0,27.2,27.1
195,27.8,27.9,28.1,28.1,28.0,27.9,28.0,28.0,28.1,28.0,28.1,28.1,28.3,28.2,28.0,28.2,28.2,28.2,28.2,28.2,28.2,28.2,28.3,28.0,28.2,28.1,28.3,28.6,28.9,29.2,29.3,29.3,29.0,28.5,28.1,27.7,27.4,27.2,27.3,27.3,27.3,27.4,27.3,27.3,27.5,27.4,27.3,27.5,27.3,27.3,27.4,27.5,27.8,28.1,28.7,29.1,29.6,29.8,29.4,29.3,28.5,27.6,27.3,27.2,27.1,27.4,27.6,27.6,28.0,28.3,29.0,29.3,29.4,29.3,29.3,29.4,29.2,29.0,28.5,28.3,27.7,27.7,27.6,27.4,27.3,27.2,27.0,27.1,26.8,27.0,26.9,26.9,27.1,27.1,27.3,27.6,27.6,27.4,27.3,27.3,27.1,26.9,27.1,27.1,27.0,27.2,27.5,27.8,28.0,28.2,28.2,28.5,28.6,28.7,28.8,28.9,29.0,29.4,29.6,29.4,29.4,29.5,29.3,29.6,29.4,29.6,29.6,29.5,29.6,29.5,29.4,29.5,29.2,28.8,28.0,27.5,27.0,26.9,26.8,26.8,26.9,26.7,27.0,27.0,27.0,27.0,27.0,26.9,27.1,27.0,27.1,27.1,27.1,27.2,27.1,27.3,27.2,27.4,27.1,27.3,27.2,27.3,27.3,27.3,27.3,27.3,27.3,27.1,27.3,27.2,27.1,27.3,27.2,27.1,27.3,27.2,27.1,26.9,27.2,27.2,27.1,27.1,27.1,27.2,27.2,27.2,27.1,27.1,27.2,27.0,27.1,27.1
196,27.9,27.9,27.9,28.1,27.9,27.9,28.0,27.9,28.1,28.0,28.0,28.1,28.3,28.0,27.9,28.2,28.0,28.0,28.2,28.2,28.2,28.2,28.2,28.2,27.9,28.2,28.5,28.6,28.6,29.2,29.4,29.3,28.8,28.5,27.9,27.5,27.5,27.4,27.2,27.6,27.4,27.4,27.3,27.3,27.3,27.3,27.4,27.4,27.4,27.4,27.4,27.6,27.6,28.1,28.4,29.1,29.4,29.5,29.2,29.2,28.3,27.8,27.5,27.2,27.3,27.4,27.6,27.6,27.9,28.4,28.8,29.4,29.3,29.3,29.4,29.4,29.3,29.1,28.9,28.5,28.0,27.8,27.7,27.3,27.4,27.4,27.1,27.1,27.2,27.3,27.1,27.1,27.2,27.3,27.6,27.8,27.6,27.4,27.2,27.2,27.1,27.0,27.1,27.0,27.1,27.1,27.4,28.0,28.2,28.4,28.4,28.6,28.7,28.9,28.9,29.0,29.1,29.2,29.4,29.6,29.6,29.4,29.4,29.4,29.3,29.4,29.4,29.4,29.4,29.6,29.4,29.5,29.1,28.7,28.0,27.6,27.2,27.0,26.8,26.7,26.8,26.8,27.0,27.1,26.9,27.0,27.0,27.0,27.1,27.0,27.1,27.1,27.2,27.2,27.3,27.1,27.3,27.3,27.2,27.3,27.2,27.2,27.3,27.2,27.2,27.1,27.2,27.2,27.3,27.2,27.1,27.1,27.2,27.3,27.2,27.2,27.1,27.1,27.3,27.1,27.1,27.0,27.1,27.2,27.1,27.2,27.0,26.9,27.2,27.0,27.1,27.1
197,27.8,27.8,27.9,27.9,28.2,28.1,28.1,28.1,28.0,28.2,28.1,28.1,28.3,28.0,28.0,28.2,28.1,28.2,28.2,28.1,28.2,28.3,28.2,28.1,28.1,28.4,28.4,28.4,28.9,29.2,29.4,29.4,29.1,28.6,28.0,27.6,27.4,27.4,27.3,27.3,27.4,27.4,27.3,27.5,27.3,27.3,27.3,27.6,27.3,27.4,27.5,27.5,27.6,28.2,28.6,29.0,29.4,29.6,29.5,29.1,28.6,27.7,27.4,27.3,27.3,27.3,27.3,27.5,27.9,28.3,28.8,29.3,29.5,29.4,29.4,29.2,29.4,29.4,29.1,28.8,28.3,27.9,27.7,27.7,27.5,27.5,27.5,27.6,27.8,27.7,27.7,27.6,27.6,28.0,27.9,28.0,27.6,27.4,27.3,27.3,27.1,27.2,27.1,26.9,27.1,27.1,27.4,28.0,28.3,28.6,28.7,28.6,28.9,28.7,29.0,29.1,29.2,29.5,29.5,29.4,29.5,29.6,29.6,29.5,29.5,29.5,29.5,29.5,29.6,29.6,29.6,29.6,29.3,28.7,28.2,27.6,27.2,27.0,27.0,26.9,26.7,26.9,27.1,27.1,27.0,27.0,27.1,27.2,27.1,27.1,27.2,27.2,27.1,27.1,27.3,27.1,27.4,27.3,27.3,27.3,27.1,27.3,27.3,27.3,27.2,27.3,27.3,27.3,27.2,27.3,27.2,27.1,27.2,27.3,27.2,27.3,27.3,27.2,27.3,27.1,27.3,27.1,27.1,27.2,27.3,27.2,27.0,27.2,27.1,27.2,27.2,27.1
198,27.9,28.0,28.0,28.1,27.8,28.0,28.1,28.0,28.0,28.1,28.2,28.1,28.3,28.1,28.1,28.1,28.0,28.3,28.1,28.0,28.2,28.1,28.1,28.2,28.2,28.2,28.3,28.3,28.7,29.0,29.4,29.3,29.0,28.7,28.1,27.7,27.5,27.3,27.3,27.4,27.2,27.2,27.4,27.4,27.4,27.5,27.3,27.2,27.4,27.2,27.4,27.5,27.8,28.1,28.6,29.2,29.5,29.4,29.2,28.9,28.5,27.9,27.7,27.3,27.3,27.3,27.5,27.5,27.9,28.2,28.9,29.4,29.4,29.4,29.5,29.4,29.3,29.3,28.9,28.9,28.5,28.1,27.8,27.8,28.0,28.0,27.9,27.9,28.0,27.9,28.0,27.9,28.0,28.2,28.3,28.0,27.8,27.4,27.3,27.2,27.1,27.1,27.0,27.0,27.1,27.0,27.5,27.8,28.4,28.6,28.6,28.8,28.9,29.0,29.0,28.9,29.4,29.5,29.4,29.6,29.6,29.6,29.4,29.4,29.4,29.4,29.5,29.4,29.7,29.8,29.6,29.5,29.2,28.7,27.9,27.5,27.1,26.9,26.9,26.9,26.9,26.9,27.1,27.0,26.9,27.0,27.2,27.2,27.1,27.2,27.2,27.3,27.3,27.0,27.1,27.3,27.2,27.3,27.3,27.3,27.2,27.3,27.2,27.5,27.3,27.3,27.0,27.3,27.4,27.4,27.3,27.1,27.3,27.3,27.1,27.3,27.1,27.1,27.2,27.0,27.2,27.2,27.3,27.2,27.1,27.0,27.1,27.0,26.9,27.1,27.2,27.2
199,27.9,28.0,28.0,28.1,28.0,28.0,28.0,28.1,28.0,28.0,28.0,27.9,28.2,28.0,28.2,28.1,28.0,28.1,28.0,28.1,27.9,28.1,28.2,28.1,28.1,28.1,28.3,28.6,28.8,29.2,29.5,29.4,29.1,28.7,27.9,27.6,27.6,27.4,27.1,27.3,27.3,27.5,27.2,27.4,27.4,27.4,27.2,27.4,27.4,27.3,27.4,27.5,27.7,28.0,28.7,29.1,29.4,29.3,29.1,28.9,28.6,27.8,27.4,27.3,27.3,27.2,27.4,27.4,27.8,28.2,28.8,29.4,29.4,29.4,29.3,29.2,29.4,29.2,29.2,29.0,28.7,28.7,28.2,27.8,28.1,28.5,28.2,27.9,28.0,28.0,27.9,27.9,28.0,28.4,28.5,28.2,28.0,27.6,27.3,27.0,27.0,27.0,26.9,26.9,27.1,27.2,27.6,28.0,28.6,28.6,28.8,28.8,28.9,28.9,29.0,29.0,29.3,29.3,29.3,29.5,29.6,29.7,29.5,29.6,29.5,29.7,29.7,29.7,29.5,29.8,29.4,29.2,29.2,28.7,28.0,27.5,27.0,26.9,26.8,26.9,27.0,26.8,26.9,26.9,27.0,26.9,27.2,27.0,27.0,27.1,27.2,27.2,27.1,27.2,27.3,27.2,27.3,27.2,27.3,27.3,27.2,27.2,27.3,27.1,27.2,27.1,27.3,27.2,27.2,27.4,27.2,27.1,27.2,27.3,27.3,27.3,27.0,27.0,27.1,27.2,27.1,27.4,27.3,27.0,27.1,27.2,27.3,27.1,27.2,27.2,27.1,27.1
200,27.8,28.0,28.0,27.9,28.0,27.9,28.1,28.0,28.1,28.0,28.1,27.9,28.2,28.0,28.1,28.1,28.2,28.1,28.2,28.2,28.2,28.1,28.0,28.0,28.1,28.0,28.2,28.5,28.6,29.0,29.4,29.5,29.3,28.6,28.2,27.5,27.5,27.3,27.4,27.3,27.3,27.4,27.4,27.3,27.5,27.3,27.4,27.3,27.4,27.3,27.5,27.3,27.8,27.9,28.6,29.2,29.4,29.5,29.2,29.0,28.5,27.7,27.4,27.3,27.4,27.3,27.4,27.6,27.8,28.3,28.8,29.5,29.4,29.4,29.3,29.0,29.1,29.0,29.0,29.0,28.7,28.8,28.6,28.3,28.3,28.3,28.2,28.2,28.0,28.0,28.0,28.0,28.1,28.2,28.4,28.3,28.0,27.4,27.1,27.1,26.9,27.1,26.9,27.1,27.0,27.1,27.6,28.0,28.3,28.6,28.6,28.7,28.8,28.8,28.9,29.2,29.3,29.3,29.5,29.5,29.4,29.7,29.5,29.4,29.4,29.5,29.6,29.6,29.7,29.4,29.1,29.2,29.2,28.8,27.9,27.4,27.1,27.0,26.9,26.8,26.9,26.9,26.9,27.0,27.0,27.1,27.0,27.1,27.1,27.1,27.1,27.1,27.1,27.2,27.1,27.2,27.3,27.3,27.3,27.3,27.3,27.2,27.1,27.2,27.3,27.1,27.2,27.3,27.3,27.2,27.2,27.2,27.2,27.4,27.2,27.2,27.1,27.1,27.2,27.0,27.3,27.2,27.3,27.3,27.2,27.2,27.2,26.9,27.1,27.2,27.2,27.1
201,28.1,28.1,27.9,27.9,27.9,27.9,27.9,28.0,27.9,28.0,28.0,28.2,28.2,28.0,28.0,28.1,28.0,28.1,28.1,28.1,28.1,28.2,28.2,28.0,28.2,28.1,28.1,28.2,28.8,28.9,29.4,29.4,29.0,28.7,28.1,27.8,27.5,27.4,27.4,27.3,27.4,27.3,27.3,27.3,27.3,27.4,27.3,27.5,27.4,27.5,27.5,27.5,27.8,28.0,28.6,29.0,29.5,29.3,29.2,28.8,28.4,28.0,27.5,27.4,27.3,27.2,27.4,27.5,27.9,28.4,28.8,29.4,29.5,28.9,28.9,28.8,28.7,28.7,28.7,28.8,28.8,28.8,28.8,28.6,28.6,28.3,28.1,28.1,27.9,27.9,28.0,28.1,28.1,28.3,28.4,28.5,28.0,27.7,27.1,27.0,26.9,27.1,27.2,27.0,27.0,27.0,27.5,28.1,28.4,28.6,28.6,28.4,28.7,28.9,28.9,29.2,29.2,29.0,29.1,29.3,29.5,29.5,29.4,29.3,29.2,29.4,29.5,29.7,29.4,29.4,29.0,29.2,29.2,28.7,28.0,27.6,27.2,26.9,27.0,26.9,26.9,26.8,27.0,27.0,27.0,27.0,26.9,27.1,27.2,27.0,27.1,27.3,27.0,27.1,27.2,27.1,27.2,27.2,27.3,27.1,27.2,27.2,27.2,27.3,27.2,27.3,27.1,27.1,27.2,27.2,27.1,27.1,27.1,27.1,27.2,27.2,27.1,27.0,27.2,27.1,27.1,27.0,26.9,27.2,27.0,27.3,27.1,27.2,27.0,27.2,27.0,27.1
202,28.0,27.7,27.9,27.9,27.8,27.9,27.9,28.0,27.9,28.2,28.1,28.1,28.1,28.0,28.0,28.0,28.0,27.9,28.2,28.0,28.2,28.1,28.1,28.2,28.2,28.1,28.2,28.3,28.6,28.8,29.3,29.4,29.1,28.7,28.2,27.7,27.5,27.3,27.5,27.4,27.1,27.3,27.3,27.5,27.6,27.4,27.4,27.1,27.5,27.4,27.4,27.3,27.7,28.1,28.6,29.0,29.4,29.4,29.2,28.8,28.3,27.9,27.5,27.2,27.3,27.3,27.2,27.6,27.8,28.2,28.8,29.2,29.2,29.1,28.8,28.6,28.4,28.6,28.4,28.4,28.6,28.7,28.6,28.4,28.4,28.3,28.4,28.1,27.9,28.0,28.1,28.0,28.2,28.2,28.4,28.3,28.0,27.5,27.3,27.1,27.1,26.9,27.0,26.8,27.0,27.1,27.5,27.9,28.5,28.4,28.3,28.3,28.5,28.8,28.9,29.3,29.0,28.9,28.9,29.3,29.5,29.6,29.4,29.3,29.2,29.2,29.4,29.5,29.4,29.0,28.9,29.0,28.9,28.9,28.3,27.6,27.3,27.0,27.1,26.9,26.9,26.8,26.9,26.9,26.9,27.1,27.1,27.1,27.2,27.1,27.1,27.1,27.1,27.0,27.1,27.1,27.2,27.3,27.2,27.3,27.2,27.3,27.2,27.2,27.1,27.2,27.2,27.2,27.3,27.3,27.2,27.2,27.1,27.3,27.2,27.2,27.0,27.1,27.3,27.1,27.2,27.1,27.4,27.3,27.2,27.2,27.2,27.1,27.0,27.1,27.2,27.1
203,27.8,27.9,28.0,28.0,27.9,27.9,27.9,28.0,28.0,27.9,27.9,27.9,28.1,27.9,28.0,28.1,28.2,28.0,28.0,28.1,28.0,28.1,28.0,28.0,28.2,28.2,28.3,28.4,28.8,29.0,29.3,29.4,29.2,28.7,28.2,27.8,27.4,27.6,27.5,27.4,27.4,27.3,27.4,27.3,27.3,27.3,27.5,27.4,27.3,27.3,27.4,27.6,27.6,28.1,28.5,29.0,29.5,29.4,29.2,28.8,28.5,27.8,27.6,27.3,27.5,27.4,27.4,27.4,27.7,28.1,28.6,29.2,29.1,29.0,28.6,28.4,28.1,28.2,28.1,28.4,28.5,28.8,28.7,28.4,28.2,28.6,28.2,28.1,27.9,28.0,28.0,28.0,28.1,28.2,28.5,28.2,27.9,27.5,27.0,27.2,26.9,27.0,26.9,26.9,27.0,27.1,27.3,27.9,28.3,28.4,28.2,28.2,28.5,28.8,29.2,29.2,29.0,28.8,29.0,29.2,29.3,29.4,29.4,29.0,29.0,29.1,29.2,29.3,29.3,28.8,28.6,29.1,28.8,28.8,28.0,27.6,27.2,26.9,26.9,27.0,26.9,26.8,26.9,26.9,27.1,27.0,26.9,27.1,27.2,26.9,27.1,27.1,27.0,27.2,27.1,27.1,27.1,27.1,27.2,27.2,27.1,27.2,27.1,27.2,27.2,27.2,27.2,27.3,27.2,27.2,27.1,27.1,27.1,27.3,27.1,27.0,27.3,27.3,27.0,27.2,27.0,27.0,27.1,27.1,27.0,27.1,26.9,27.1,26.9,27.1,27.1,27.1
204,27.9,27.8,27.9,27.9,28.0,27.8,28.1,28.1,28.0,28.0,28.0,28.0,28.0,28.2,28.0,28.1,28.2,28.0,28.0,28.1,28.0,28.2,28.2,27.9,28.0,28.2,28.1,28.4,28.7,28.9,29.2,29.4,29.3,28.8,28.3,28.0,27.4,27.5,27.6,27.6,27.3,27.4,27.3,27.4,27.4,27.3,27.5,27.2,27.3,27.3,27.4,27.6,27.6,28.0,28.5,29.2,29.4,29.4,29.3,29.1,28.5,28.0,27.5,27.4,27.4,27.4,27.3,27.5,27.8,28.2,28.6,29.1,29.2,28.8,28.5,28.2,28.1,27.9,28.1,28.2,28.5,28.6,28.3,28.4,28.2,28.3,28.2,28.1,28.0,27.9,27.8,28.0,28.0,28.3,28.3,28.3,28.1,27.7,27.4,27.1,26.9,27.1,27.2,27.1,27.0,27.3,27.5,28.0,28.2,28.3,28.2,28.1,28.3,28.8,29.0,29.3,28.9,28.9,29.0,29.3,29.3,29.4,29.3,29.0,29.0,28.9,29.2,29.4,29.3,28.8,28.7,29.0,28.9,28.6,28.0,27.5,27.1,27.0,27.0,26.9,26.9,26.9,26.9,27.1,27.0,27.1,27.1,27.1,27.0,27.2,27.2,27.2,27.1,27.3,27.1,27.1,27.4,27.2,27.2,27.2,27.2,27.3,27.1,27.2,27.3,27.3,27.2,27.2,27.4,27.4,27.2,27.3,27.2,27.3,27.1,27.0,27.1,27.1,27.2,27.2,27.1,27.2,27.1,27.2,27.2,27.0,27.0,27.1,27.1,26.9,27.1,27.1
205,27.8,27.7,27.7,27.8,27.8,27.8,27.9,28.0,27.9,28.0,28.0,28.0,28.0,28.0,28.0,28.0,27.8,28.0,28.1,28.0,28.2,27.8,28.0,27.9,28.1,28.2,28.0,28.1,28.4,28.8,29.3,29.2,29.1,28.9,28.3,27.8,27.5,27.4,27.4,27.2,27.4,27.4,27.4,27.4,27.4,27.5,27.3,27.3,27.3,27.4,27.5,27.4,27.5,28.1,28.4,29.1,29.4,29.6,29.2,29.0,28.6,28.2,27.8,27.6,27.3,27.4,27.5,27.5,27.8,28.2,28.6,29.2,29.2,29.0,28.4,28.3,28.0,28.2,28.0,28.3,28.5,28.5,28.5,28.3,28.2,28.3,28.3,27.8,27.9,27.9,27.6,27.8,28.0,28.2,28.3,28.3,27.9,27.6,27.3,27.3,27.1,27.2,27.0,27.2,27.1,27.2,27.5,27.9,28.2,28.2,28.1,28.1,28.3,28.8,28.7,29.0,28.9,28.7,28.7,29.2,29.3,29.6,29.3,29.2,28.7,29.0,29.0,29.1,29.1,28.8,28.6,28.8,28.8,28.7,28.1,27.6,27.2,26.9,27.0,27.0,27.0,27.0,27.0,26.9,27.1,27.1,26.9,27.2,26.9,27.0,27.2,27.3,27.1,27.2,27.3,27.1,27.2,27.3,27.3,27.3,27.1,27.2,27.2,27.3,27.3,27.4,27.3,27.2,27.1,27.4,27.1,27.1,27.2,27.1,27.3,27.2,27.1,27.3,27.2,27.3,27.1,27.2,27.1,27.2,27.1,27.1,27.0,27.3,27.0,27.1,27.0,27.2
206,27.8,28.0,27.9,28.0,27.9,28.0,28.0,27.9,28.0,28.1,28.0,28.2,28.1,28.2,28.2,28.0,28.0,28.1,27.9,28.2,28.0,28.1,28.0,28.1,28.1,28.2,28.2,28.4,28.6,28.8,29.2,29.5,29.1,28.9,28.4,27.8,27.6,27.5,27.2,27.5,27.3,27.5,27.5,27.4,27.6,27.5,27.4,27.3,27.3,27.3,27.5,27.5,27.7,28.0,28.4,29.1,29.4,29.4,29.4,29.2,28.8,28.1,27.7,27.6,27.5,27.6,27.6,27.6,27.9,28.4,28.7,29.1,29.2,28.9,28.7,28.2,28.2,28.2,28.2,28.4,28.5,28.8,28.6,28.3,28.3,28.1,28.2,27.8,28.0,27.8,27.9,27.8,28.0,28.4,28.2,28.3,28.0,27.6,27.4,27.3,27.1,27.2,27.2,27.3,27.1,27.3,27.5,27.8,28.2,28.2,28.2,28.0,28.0,28.1,28.5,28.5,28.5,28.5,28.7,29.1,29.4,29.5,29.4,29.0,28.7,28.6,29.0,28.8,28.8,28.6,28.5,28.9,28.9,28.7,28.2,27.6,27.2,26.9,26.9,27.1,26.9,26.8,26.9,27.0,26.9,27.0,26.9,27.2,27.1,26.9,27.1,27.1,27.2,27.2,27.1,27.1,27.2,27.3,27.1,27.3,27.2,27.1,27.2,27.1,27.1,27.3,27.3,27.2,27.3,27.3,27.2,27.1,27.1,27.1,27.0,27.1,26.9,27.0,27.1,27.0,27.1,27.2,27.1,27.1,27.1,27.0,27.2,26.9,27.3,27.1,27.2,27.0
207,27.8,27.8,27.8,27.8,28.0,27.7,28.0,27.8,28.0,28.0,27.9,28.0,27.9,28.0,28.0,28.2,28.0,27.9,28.1,28.0,27.9,28.1,28.1,28.1,28.0,28.1,28.2,28.1,28.4,28.9,29.2,29.5,29.3,28.8,28.4,27.9,27.5,27.5,27.3,27.4,27.3,27.5,27.4,27.4,27.4,27.4,27.4,27.6,27.2,27.5,27.5,27.5,27.7,28.0,28.6,29.0,29.4,29.6,29.4,29.1,28.6,28.2,27.8,27.5,27.6,27.6,27.7,27.7,27.8,28.3,28.7,29.3,29.3,28.9,28.7,28.4,28.3,28.3,28.3,28.6,28.6,28.8,28.6,28.3,28.2,28.3,28.0,27.9,27.9,28.1,27.9,27.8,28.2,28.4,28.6,28.1,27.9,27.7,27.2,27.3,27.1,27.2,27.0,27.1,27.1,27.3,27.5,27.9,28.2,28.3,28.0,27.9,27.9,28.1,28.2,28.2,28.1,28.4,28.8,29.1,29.3,29.7,29.4,29.0,28.6,28.4,28.7,28.8,28.6,28.4,28.7,29.0,28.9,28.8,28.0,27.5,27.1,27.1,26.9,26.9,26.9,26.9,27.0,27.1,27.1,27.1,27.0,27.2,27.2,27.2,27.2,27.1,26.9,27.1,27.2,27.3,26.9,27.3,27.1,27.3,27.1,27.2,27.2,27.2,27.1,27.3,27.2,27.2,27.3,27.1,27.2,27.1,27.3,27.3,27.3,27.1,27.1,27.1,27.2,27.1,27.1,26.9,27.3,27.1,27.1,27.1,27.1,27.1,27.0,26.9,27.2,27.0
208,27.8,27.9,27.9,27.8,27.8,28.0,27.9,27.8,27.9,27.9,27.9,28.0,28.0,28.2,27.9,28.0,28.0,28.0,28.3,28.1,28.0,28.1,28.0,28.1,28.0,28.0,28.1,28.2,28.4,28.9,29.2,29.4,29.2,28.9,28.4,27.9,27.4,27.5,27.5,27.3,27.4,27.4,27.5,27.6,27.5,27.5,27.5,27.5,27.4,27.3,27.5,27.3,27.7,27.9,28.6,29.2,29.4,29.3,29.4,29.1,28.9,28.1,27.8,27.8,27.7,27.7,27.7,27.5,27.9,28.1,28.8,29.2,29.2,29.1,28.7,28.2,28.2,28.3,28.3,28.5,28.7,28.9,28.6,28.4,28.3,28.0,27.9,27.7,27.9,27.8,28.0,28.1,28.1,28.3,28.4,28.1,27.8,27.7,27.5,27.4,27.3,27.1,27.1,27.1,27.3,27.1,27.5,27.9,28.2,28.1,27.9,27.9,27.8,27.8,27.9,28.0,27.9,28.2,28.7,29.1,29.4,29.5,29.3,29.0,28.6,28.2,28.2,28.4,28.1,28.2,28.6,28.9,28.9,28.8,28.1,27.6,27.1,27.1,27.0,27.0,27.1,26.8,27.1,27.0,27.1,27.2,26.9,27.0,27.1,27.1,27.1,27.1,27.0,27.3,27.1,27.2,27.1,27.1,27.4,27.1,27.2,27.2,27.2,27.3,27.1,27.2,27.1,27.1,27.3,27.2,27.2,27.1,27.3,27.0,27.2,26.9,27.2,27.1,27.1,27.1,27.2,27.3,27.2,27.3,27.2,27.0,27.2,27.3,27.1,27.0,27.1,27.1
209,27.8,27.9,27.9,28.0,27.9,27.8,28.0,28.0,28.0,27.9,28.0,28.1,28.1,28.1,28.1,27.9,28.0,27.9,28.0,28.0,28.0,28.0,28.0,28.0,28.0,28.1,28.1,28.4,28.4,28.7,29.2,29.4,29.2,28.9,28.3,27.8,27.5,27.4,27.4,27.4,27.4,27.5,27.3,27.4,27.3,27.4,27.3,27.5,27.6,27.5,27.4,27.5,27.6,28.2,28.5,29.1,29.4,29.5,29.4,29.0,28.8,28.1,27.9,27.6,27.6,27.7,27.7,27.7,28.0,28.3,28.7,29.2,29.2,29.1,28.7,28.3,28.3,28.3,28.3,28.5,28.6,28.9,28.8,28.3,28.2,28.1,27.8,27.8,27.9,28.0,27.9,27.9,28.0,28.3,28.3,28.0,27.8,27.6,27.3,27.3,27.4,27.2,27.1,27.2,27.2,27.3,27.5,27.9,28.1,28.2,28.1,27.8,27.7,27.6,27.7,27.5,27.8,28.2,28.6,29.3,29.4,29.4,29.2,29.0,28.5,28.0,28.0,27.9,27.9,28.2,28.6,28.8,28.9,28.8,28.1,27.4,27.2,27.2,27.1,27.0,26.9,27.0,27.1,27.1,26.9,27.1,27.1,27.1,27.1,27.1,27.1,27.1,27.1,27.1,27.2,27.3,27.1,27.3,27.2,27.2,27.3,27.1,27.3,27.2,27.1,27.2,27.1,27.1,27.1,27.1,27.1,27.2,27.2,27.1,27.3,27.0,27.1,27.2,27.2,27.1,27.0,27.2,27.0,27.2,27.1,27.1,27.0,27.1,27.0,27.1,27.1,27.1
210,27.7,27.7,28.0,28.0,27.8,27.8,27.8,27.8,27.9,28.0,27.9,28.0,28.0,27.9,28.1,28.1,28.0,28.1,28.0,27.9,27.8,28.1,28.1,28.1,28.0,28.2,28.1,28.3,28.5,28.9,29.0,29.3,29.3,28.9,28.6,27.9,27.5,27.6,27.6,27.4,27.4,27.4,27.5,27.5,27.6,27.3,27.4,27.3,27.5,27.4,27.6,27.5,27.7,28.0,28.3,29.1,29.4,29.4,29.4,29.2,28.8,28.3,27.9,27.7,27.5,27.5,27.7,27.8,27.9,28.2,28.8,29.2,29.5,28.9,28.6,28.4,28.5,28.4,28.5,28.6,28.6,28.7,28.5,28.2,28.0,28.1,27.8,27.9,27.8,28.1,28.0,28.1,28.0,28.2,28.0,28.0,27.9,27.6,27.3,27.3,27.1,27.2,27.1,27.2,27.2,27.2,27.5,27.8,28.0,28.0,28.1,28.1,27.7,27.6,27.4,27.4,27.4,28.1,28.7,29.0,29.1,29.5,29.3,29.2,28.4,28.0,27.7,27.6,27.7,28.0,28.3,28.8,28.9,28.7,28.0,27.5,27.3,26.9,27.2,27.0,27.0,26.9,26.8,27.0,27.1,27.0,27.1,27.0,27.1,27.1,27.2,27.3,27.0,27.1,27.1,27.2,27.3,27.3,27.2,27.1,27.1,27.3,27.3,27.1,27.1,27.1,27.3,27.3,27.2,27.2,27.1,27.1,27.2,27.2,27.2,27.2,27.1,27.1,27.1,27.1,26.9,27.1,27.1,27.1,27.0,27.2,27.2,27.2,27.1,27.0,26.9,27.1
211,27.8,27.9,27.7,27.8,27.9,27.7,28.0,28.0,28.0,27.8,27.8,27.9,27.8,28.0,27.8,27.8,27.8,28.0,28.0,27.9,27.8,27.8,28.0,28.2,28.0,28.0,28.1,28.2,28.5,28.8,29.0,29.4,29.3,28.9,28.5,28.1,27.6,27.6,27.5,27.3,27.4,27.4,27.4,27.4,27.4,27.2,27.4,27.4,27.3,27.4,27.4,27.5,27.6,28.0,28.4,29.0,29.4,29.4,29.4,29.3,28.8,28.1,28.0,27.6,27.6,27.6,27.6,27.6,27.8,28.1,28.7,29.1,29.2,29.1,28.7,28.6,28.4,28.4,28.4,28.6,28.6,28.6,28.5,28.3,28.1,27.8,27.9,28.0,28.0,28.1,28.1,28.3,28.0,28.1,27.9,28.0,27.6,27.5,27.1,27.0,27.0,27.1,27.1,27.0,27.1,27.2,27.6,27.8,28.0,28.2,28.2,27.9,27.8,27.4,27.1,27.4,27.4,28.1,28.5,29.1,29.3,29.3,29.5,29.1,28.6,28.2,27.8,27.7,27.8,28.2,28.4,28.9,28.6,28.5,28.0,27.5,27.2,26.8,27.0,26.9,27.0,26.9,26.9,27.1,27.0,27.0,27.1,27.1,27.0,27.0,27.2,27.2,27.0,27.1,27.1,27.1,27.1,27.2,27.2,27.3,27.2,27.1,27.1,27.0,27.1,27.1,27.2,27.3,27.2,27.4,27.1,27.2,27.1,27.2,27.1,27.1,27.1,27.1,26.9,27.2,27.0,27.1,27.0,27.3,27.0,27.1,27.1,27.1,27.1,27.1,27.1,27.2
212,27.8,27.6,27.8,27.8,27.7,27.8,28.0,27.9,28.0,28.0,27.8,28.0,27.9,28.1,28.0,28.1,27.9,27.9,28.0,27.9,28.0,28.0,28.0,28.0,28.1,28.1,27.9,28.2,28.4,28.6,29.2,29.4,29.2,28.9,29.0,28.5,28.2,27.8,27.6,27.6,27.8,27.5,27.6,27.7,27.7,27.6,27.5,27.6,27.5,27.5,27.6,27.6,27.7,28.1,28.8,29.2,29.4,29.5,29.6,29.0,28.7,28.2,27.9,27.6,27.6,27.6,27.4,27.6,27.8,28.0,28.5,29.0,29.3,28.9,28.7,28.4,28.3,28.4,28.6,28.4,28.6,28.5,28.2,28.4,28.0,27.9,28.0,28.0,28.2,28.4,28.3,28.4,28.2,28.1,28.0,28.0,27.7,27.5,27.2,27.1,27.1,27.1,27.0,27.0,27.1,27.2,27.4,27.6,28.1,28.2,28.1,28.0,27.8,27.6,27.5,27.5,27.6,28.1,28.6,29.0,29.1,29.3,29.2,29.0,28.6,28.4,28.1,28.1,28.0,28.2,28.5,28.8,28.7,28.1,27.8,27.3,27.1,26.9,27.0,27.1,26.9,26.9,27.0,27.0,27.3,27.0,27.1,27.1,27.1,27.1,27.1,27.2,27.0,27.2,27.1,27.2,27.1,27.2,27.3,27.2,27.2,27.2,27.1,27.1,27.1,27.1,27.2,27.2,27.3,27.2,27.3,27.2,27.1,27.2,27.2,27.0,27.0,27.1,27.3,27.1,27.3,27.0,27.0,27.2,27.2,27.1,27.1,27.1,27.0,27.2,27.2,27.1
213,28.0,27.9,27.9,27.9,27.8,27.8,27.9,28.0,27.8,27.9,27.9,27.7,27.9,28.0,28.0,27.9,27.8,28.1,27.9,27.8,28.1,28.2,28.1,27.9,27.9,28.0,27.9,28.3,28.4,28.7,29.2,29.5,29.2,29.0,28.8,28.5,28.3,28.2,27.9,28.0,28.0,27.9,28.0,27.8,28.0,27.8,27.9,27.8,27.9,28.0,27.9,28.0,28.3,28.5,28.9,29.2,29.3,29.4,29.4,29.1,28.8,28.0,27.8,27.6,27.8,27.5,27.7,27.7,27.8,28.1,28.2,28.6,29.1,28.8,28.6,28.6,28.5,28.3,28.5,28.5,28.5,28.6,28.4,28.2,28.0,27.9,27.9,28.1,28.1,28.3,28.2,28.2,28.3,28.0,28.1,27.8,27.6,27.5,27.3,27.2,27.1,27.1,27.2,27.0,27.1,27.2,27.2,27.6,27.7,28.0,28.0,27.8,27.8,27.6,27.4,27.4,27.6,28.0,28.2,28.6,28.9,29.0,28.9,28.8,28.5,28.3,28.0,27.9,27.9,28.0,28.3,28.2,28.2,27.9,27.6,27.5,27.1,27.0,27.1,26.8,27.1,27.1,27.1,27.2,27.0,27.0,27.1,27.0,27.2,27.2,27.3,27.1,27.2,27.1,27.3,27.1,27.2,27.3,27.3,27.3,27.4,27.2,27.3,27.1,27.1,27.4,27.3,27.3,27.2,27.2,27.1,27.2,27.1,27.3,27.3,27.1,27.2,27.2,27.3,27.2,27.2,27.2,27.1,27.1,27.3,27.2,27.1,27.2,27.1,27.0,27.1,27.2
214,27.7,27.7,27.5,27.8,27.8,27.6,27.7,27.7,27.9,27.8,27.8,27.9,28.0,28.0,28.0,27.8,27.9,28.0,27.8,28.1,28.0,27.8,28.1,27.9,28.0,28.0,27.9,28.2,28.2,28.5,28.8,28.9,28.9,28.7,28.6,28.3,28.2,28.3,28.0,28.1,28.0,28.0,28.1,28.0,28.0,28.0,28.1,28.0,27.8,28.1,27.9,28.4,28.1,28.5,28.6,28.9,28.9,29.0,28.8,28.7,28.4,27.8,27.8,27.8,27.5,27.6,27.5,27.6,27.6,27.9,27.9,28.5,28.7,28.8,28.5,28.5,28.4,28.4,28.4,28.6,28.5,28.4,28.6,28.2,28.0,28.1,28.1,28.2,28.4,28.4,28.2,28.3,28.2,28.1,28.0,27.9,27.4,27.2,27.2,27.1,27.3,27.1,26.9,27.2,27.0,27.1,27.4,27.3,27.6,27.8,27.6,27.8,27.6,27.4,27.3,27.2,27.4,27.8,28.0,28.2,28.2,28.3,28.2,28.2,28.0,28.1,27.7,27.4,27.6,27.7,27.8,27.8,27.8,27.5,27.6,27.2,27.0,27.0,27.0,27.0,27.0,27.0,27.0,27.0,26.9,26.9,27.2,27.0,27.1,27.1,27.1,27.2,27.2,27.2,27.1,27.1,27.2,27.4,27.2,27.2,27.2,27.0,27.4,27.2,27.3,27.2,27.2,27.1,27.2,27.2,27.4,27.1,27.1,27.2,27.3,27.3,27.2,27.3,27.0,27.1,27.1,27.3,27.1,27.2,27.1,27.1,27.1,27.1,27.1,27.1,27.0,27.1
215,27.8,27.6,27.7,27.7,27.8,27.9,27.8,27.7,27.8,27.8,28.0,27.7,27.8,27.9,27.8,27.9,27.9,27.8,27.9,27.9,28.0,27.9,28.0,27.8,27.9,27.9,27.9,28.1,28.2,28.3,28.5,28.5,28.4,28.6,28.2,28.2,28.1,28.1,27.9,27.9,28.0,27.9,28.1,28.1,27.9,28.0,27.9,27.9,27.9,28.0,27.9,27.9,28.1,28.3,28.4,28.4,28.5,28.4,28.3,28.3,28.1,27.9,27.7,27.5,27.5,27.4,27.4,27.6,27.6,27.7,27.8,28.2,28.9,28.6,28.6,28.6,28.5,28.5,28.6,28.7,28.6,28.5,28.3,28.2,28.2,28.0,28.2,28.4,28.5,28.4,28.7,28.4,28.2,28.2,27.9,27.8,27.5,27.0,27.1,27.0,27.0,26.9,27.0,27.0,27.1,27.1,26.9,27.2,27.3,27.4,27.5,27.6,27.3,27.2,27.0,27.2,27.2,27.3,27.5,27.7,27.7,27.9,27.7,27.8,27.8,27.6,27.6,27.6,27.5,27.7,27.3,27.6,27.5,27.3,27.1,27.1,27.1,26.8,27.0,27.0,27.1,26.9,27.1,26.9,26.9,27.1,26.9,27.1,27.1,27.1,27.1,27.2,27.2,27.1,27.1,27.2,27.2,27.2,27.2,27.2,27.1,27.1,27.1,27.1,27.2,27.1,27.3,27.1,27.2,27.2,27.2,27.1,27.2,27.2,27.0,27.2,27.1,27.1,27.2,27.2,27.1,27.0,27.1,27.1,27.1,27.1,27.1,27.1,27.1,27.0,27.1,27.1
216,27.7,27.8,27.8,27.8,27.8,27.8,28.0,27.8,27.7,27.8,27.9,27.9,27.9,28.0,27.9,27.9,27.8,27.9,28.0,28.0,27.7,27.8,28.1,27.8,27.9,28.1,27.8,28.1,28.1,28.2,28.3,28.3,28.2,28.4,28.2,28.2,28.1,28.0,28.1,28.0,28.0,28.0,28.0,28.0,28.0,28.0,28.0,27.9,28.1,28.0,28.0,28.0,28.0,28.1,28.2,28.2,28.3,28.2,28.2,28.0,27.9,27.8,27.6,27.5,27.5,27.5,27.5,27.5,27.5,27.5,27.9,28.4,28.7,28.7,28.6,28.6,28.3,28.6,28.6,28.7,28.7,28.6,28.6,28.3,28.4,28.4,28.3,28.4,28.4,28.4,28.5,28.4,28.3,28.3,28.0,27.7,27.4,27.0,27.0,26.9,27.0,26.9,27.0,27.0,26.9,27.0,27.2,27.1,27.2,27.3,27.2,27.3,27.2,27.2,27.2,27.1,27.3,27.3,27.6,27.5,27.5,27.6,27.5,27.3,27.4,27.4,27.4,27.2,27.3,27.3,27.3,27.3,27.3,27.1,27.0,27.1,27.1,27.0,26.9,26.9,26.9,27.0,26.9,27.1,27.0,27.0,27.1,27.3,27.1,27.1,27.1,27.1,27.0,27.2,27.2,27.3,27.3,27.1,27.1,27.3,27.2,27.1,27.1,27.1,27.2,27.1,27.2,27.2,27.2,27.3,27.1,27.0,27.3,27.2,27.1,27.2,27.2,27.0,27.2,27.2,27.2,27.2,27.2,27.3,26.9,27.1,27.2,27.3,27.0,27.1,27.1,27.1
217,27.6,27.7,27.8,27.9,27.8,27.8,28.0,27.8,27.7,27.8,28.0,27.9,27.9,27.9,27.8,27.9,27.8,27.8,28.1,27.8,27.8,28.0,28.0,28.0,28.0,28.0,28.0,28.1,28.0,28.1,28.0,28.1,28.1,28.0,28.1,28.1,28.0,27.9,28.0,27.9,28.1,28.0,28.0,28.0,28.0,28.0,27.9,28.0,27.9,28.0,27.8,28.0,27.9,28.0,27.9,27.9,27.7,27.9,27.8,27.8,27.7,27.7,27.6,27.5,27.5,27.5,27.4,27.4,27.3,27.5,27.8,28.1,28.6,28.6,28.6,28.7,28.6,28.6,28.5,28.6,28.6,28.6,28.7,28.6,28.4,28.5,28.5,28.5,28.4,28.5,28.6,28.6,28.4,28.4,28.2,27.8,27.4,26.9,26.9,27.1,27.0,27.0,27.1,27.0,27.1,26.9,27.0,27.0,27.2,27.2,27.3,27.2,27.1,27.2,27.1,27.2,26.9,27.1,27.0,27.2,27.1,27.2,27.1,27.2,27.2,27.1,27.3,27.2,27.2,27.1,27.3,27.2,27.1,27.3,27.0,27.0,27.1,27.0,27.0,27.0,27.0,26.9,27.0,27.1,27.1,27.2,27.1,27.0,27.1,27.1,27.1,27.1,27.1,27.1,27.1,27.0,27.2,27.1,27.3,27.2,27.3,27.2,27.2,27.0,27.1,27.4,27.1,27.2,27.3,27.2,27.2,27.3,27.2,27.1,27.3,27.0,27.2,27.2,27.1,27.2,27.1,27.1,27.1,27.1,27.2,27.1,27.1,27.2,27.3,27.1,27.2,27.1
218,27.7,27.9,27.9,27.9,27.6,27.9,27.9,27.7,27.8,27.8,27.8,27.8,27.8,27.8,27.8,27.9,27.8,27.9,27.8,27.9,27.9,27.9,27.9,27.8,28.0,28.0,27.9,28.0,28.0,27.8,28.2,27.9,28.0,27.9,27.8,27.8,27.9,27.8,27.9,28.0,28.0,28.0,28.0,27.8,27.8,27.7,27.8,27.8,27.7,27.9,27.8,27.8,27.8,27.9,27.6,27.8,27.7,27.7,27.8,27.8,27.7,27.5,27.4,27.6,27.5,27.5,27.4,27.3,27.2,27.4,27.5,28.0,28.6,28.7,28.5,28.6,28.4,28.6,28.5,28.7,28.6,28.7,28.4,28.6,28.4,28.5,28.5,28.5,28.4,28.5,28.4,28.5,28.3,28.2,28.2,27.9,27.3,27.0,27.0,26.7,26.8,27.0,27.0,27.0,27.1,26.9,27.0,27.0,27.0,26.8,27.1,27.1,26.8,27.1,26.9,27.1,27.0,27.0,27.1,27.0,27.0,27.1,27.0,27.1,27.1,26.9,26.8,27.1,27.0,27.0,26.8,27.1,26.9,27.0,26.9,27.0,26.9,26.9,27.0,27.0,27.0,27.0,27.2,27.0,27.2,26.9,27.1,27.1,27.2,27.1,27.0,27.1,27.1,27.1,27.2,27.2,27.1,27.1,27.0,27.2,27.1,27.1,27.0,27.2,27.1,27.1,27.0,27.0,27.3,27.1,27.3,27.1,27.1,27.1,27.1,27.0,27.0,27.1,27.0,27.2,27.1,27.0,27.3,27.2,27.1,27.1,27.1,27.1,27.2,27.1,27.1,27.0
219,27.9,27.7,27.8,27.8,27.8,27.7,27.9,27.9,27.9,27.7,27.8,27.9,27.8,27.8,27.9,27.8,28.1,27.7,28.1,27.9,27.9,28.0,27.9,28.0,28.0,27.8,28.0,28.0,28.0,27.9,27.9,28.1,27.9,27.8,28.0,27.9,27.8,27.8,27.9,27.8,27.9,27.7,27.8,28.0,27.9,27.8,27.8,27.8,27.7,27.9,27.8,27.8,27.8,27.8,27.8,27.8,27.8,27.7,27.4,27.6,27.7,27.6,27.5,27.7,27.3,27.4,27.3,27.3,27.1,27.2,27.6,27.9,28.5,28.7,28.6,28.4,28.4,28.6,28.4,28.6,28.8,28.5,28.6,28.6,28.4,28.6,28.5,28.4,28.4,28.3,28.2,28.2,28.2,28.1,28.0,27.7,27.2,26.7,26.9,26.9,26.8,27.1,26.9,27.0,27.1,27.1,27.1,27.1,27.0,27.0,27.0,26.8,27.0,27.1,27.1,26.9,26.9,26.9,27.0,26.9,27.0,26.9,27.1,26.9,27.0,26.9,27.0,27.0,26.9,27.1,26.9,27.0,26.9,27.1,26.9,27.0,27.1,27.0,27.1,27.0,27.1,27.1,27.1,27.0,27.0,27.1,26.9,27.2,27.1,27.3,27.3,27.1,27.3,27.2,27.1,27.1,27.2,27.2,27.2,27.2,27.2,27.1,27.2,27.3,27.4,27.2,27.1,27.1,27.3,27.1,27.2,27.2,27.2,27.2,27.1,27.1,27.2,27.2,27.1,27.2,27.1,27.1,27.1,26.9,27.1,27.1,27.3,27.0,27.1,27.1,27.2,27.0
220,27.7,27.9,27.8,27.7,27.7,27.8,27.9,27.8,27.7,27.9,27.9,27.9,27.8,27.8,28.0,27.8,27.8,27.8,27.9,27.9,27.8,27.8,27.8,27.8,27.8,28.0,27.7,27.9,27.8,27.9,27.9,27.8,27.8,27.7,27.9,27.9,27.8,28.0,27.8,27.7,27.8,27.8,27.9,27.8,27.8,27.9,27.9,27.8,27.8,27.7,27.9,27.8,27.6,27.7,27.7,27.6,27.4,27.7,27.6,27.6,27.6,27.5,27.5,27.4,27.4,27.4,27.3,27.3,27.1,27.4,27.3,27.7,28.0,28.2,28.2,28.0,28.1,28.3,28.2,28.3,28.2,28.2,28.1,28.1,28.0,28.0,28.0,28.0,28.0,27.9,27.9,27.8,27.6,27.7,27.6,27.5,27.0,26.8,26.9,26.9,26.9,26.9,27.1,27.0,26.8,27.1,26.9,26.9,26.9,26.8,27.1,26.9,27.0,26.9,26.9,26.9,26.9,26.9,26.9,26.9,27.1,27.0,27.0,27.0,27.0,27.1,27.0,27.0,27.0,26.9,26.9,27.2,26.9,27.0,27.0,27.1,27.1,27.1,27.0,27.0,27.0,26.9,27.1,27.2,27.1,27.0,27.1,27.2,27.1,27.1,27.2,27.1,27.1,27.1,27.1,27.1,27.3,27.2,27.3,27.3,27.3,27.0,27.3,27.1,27.2,27.2,27.1,27.1,27.1,27.1,27.1,27.2,27.3,27.1,27.2,26.9,27.1,27.1,27.3,27.2,27.0,27.1,27.3,27.1,27.3,27.1,27.2,27.0,27.1,27.3,27.1,27.2
221,27.7,27.7,27.7,27.8,27.8,27.8,27.8,27.7,27.8,27.7,27.7,27.7,27.8,27.8,27.7,27.8,27.8,27.7,27.9,28.0,27.9,28.1,27.8,27.7,27.8,28.0,27.9,27.9,27.8,27.8,27.9,27.8,27.7,27.9,27.9,27.9,27.8,28.0,27.7,27.8,27.8,27.7,27.7,27.7,27.8,27.7,27.7,27.8,27.6,27.7,27.6,27.6,27.5,27.5,27.5,27.6,27.8,27.6,27.6,27.5,27.6,27.3,27.5,27.5,27.4,27.4,27.4,27.3,27.2,27.2,27.4,27.5,27.8,27.7,27.8,27.7,27.6,27.8,27.9,27.8,27.7,27.8,27.6,27.7,27.7,27.7,27.6,27.6,27.6,27.6,27.4,27.4,27.3,27.3,27.3,27.0,26.9,26.7,26.6,26.8,26.9,27.0,26.9,26.9,26.9,27.1,27.0,27.0,27.0,27.0,26.9,27.0,27.0,26.8,26.9,27.0,26.8,27.1,27.0,26.9,26.9,27.0,26.7,26.9,26.8,26.9,26.9,26.9,26.9,27.0,26.7,26.9,26.9,26.9,26.9,26.9,27.1,27.1,27.1,27.1,27.0,26.9,27.1,27.1,27.0,27.1,27.0,27.2,27.1,27.2,27.2,27.0,27.1,27.1,27.1,27.1,27.1,27.2,27.2,27.2,27.2,27.2,27.2,27.0,27.2,27.1,27.2,27.1,27.1,27.1,27.1,27.2,27.2,27.0,27.0,27.1,27.1,27.1,27.1,27.1,27.2,27.0,27.1,27.0,27.0,27.3,27.2,26.9,27.1,27.1,27.0,27.1
222,27.8,27.6,27.8,27.7,27.7,27.6,27.6,27.8,27.7,27.7,27.8,27.8,27.7,27.8,27.8,27.6,27.8,27.8,27.7,27.8,27.7,27.9,27.8,28.0,27.8,27.7,27.8,27.9,27.9,27.8,27.8,27.8,27.8,27.8,27.7,27.9,27.7,27.9,27.8,27.8,27.8,27.7,27.8,27.8,27.7,27.7,27.9,27.7,27.8,27.5,27.6,27.6,27.5,27.4,27.7,27.5,27.6,27.3,27.5,27.4,27.6,27.4,27.4,27.1,27.4,27.3,27.4,27.3,27.1,27.1,27.3,27.4,27.4,27.5,27.4,27.4,27.4,27.4,27.4,27.4,27.4,27.5,27.3,27.4,27.3,27.3,27.3,27.2,27.3,27.2,27.1,26.9,27.1,27.1,26.9,26.9,26.7,26.6,26.6,26.7,26.9,26.7,26.7,27.0,26.8,26.9,26.9,27.0,26.7,27.0,26.8,26.9,26.9,26.8,26.8,26.8,26.8,26.9,26.9,27.0,26.8,26.9,26.9,27.0,26.8,26.9,26.9,27.0,27.0,26.9,26.9,26.9,26.9,27.0,26.9,27.0,26.9,26.9,26.9,27.0,27.1,27.1,27.1,27.0,27.2,27.0,27.0,27.1,26.9,27.0,27.3,27.1,27.0,27.0,27.0,27.1,27.1,27.2,27.1,27.4,27.3,27.1,27.3,27.1,27.1,27.0,27.1,27.0,27.2,27.2,27.0,27.1,27.0,27.3,27.1,27.0,27.2,26.9,27.3,27.1,26.9,27.1,27.1,27.1,27.1,27.0,27.1,27.2,27.2,27.1,27.1,27.1
223,27.6,27.7,27.6,27.8,27.6,27.7,27.8,27.9,27.6,27.6,27.6,27.6,27.9,27.8,27.8,27.6,28.0,27.9,27.9,27.8,27.9,27.6,27.8,27.9,27.8,28.0,27.7,27.8,27.9,28.0,27.8,27.8,27.8,27.7,27.8,27.6,27.7,27.8,27.6,27.8,27.9,27.8,27.8,27.9,27.9,27.8,27.9,27.6,27.5,27.6,27.8,27.6,27.6,27.7,27.6,27.4,27.5,27.5,27.5,27.5,27.4,27.4,27.4,27.2,27.3,27.3,27.3,27.2,27.1,27.1,27.1,27.2,27.1,27.3,27.1,27.1,27.1,27.2,27.3,27.0,27.1,27.0,27.1,27.1,27.0,26.9,26.9,26.9,26.9,27.1,26.8,26.9,26.7,26.8,26.7,26.8,26.5,26.6,26.9,26.7,26.6,26.9,27.0,26.9,26.9,26.9,27.0,27.0,26.7,26.9,26.8,26.8,27.0,26.7,26.8,26.8,26.8,26.8,27.0,26.9,26.9,26.7,26.7,26.9,26.9,26.9,26.7,27.0,27.1,26.9,26.9,26.9,27.0,27.1,26.9,26.9,27.1,26.9,26.9,26.9,27.0,27.1,27.0,27.1,26.9,27.2,27.0,27.1,27.0,27.0,27.0,27.1,26.9,27.1,27.0,27.1,27.2,27.3,27.1,27.3,27.3,27.2,27.0,27.1,27.1,27.2,27.1,27.1,27.2,27.1,27.0,27.1,27.0,27.2,27.1,27.1,27.1,27.1,27.1,27.1,27.1,27.1,27.0,27.1,27.1,27.2,27.1,27.2,27.1,27.1,27.1,27.0
224,27.5,27.6,27.6,27.6,27.5,27.4,27.8,27.8,27.6,27.8,27.7,27.7,27.6,27.6,27.7,27.8,27.8,27.7,27.8,27.9,27.8,27.7,27.8,27.8,27.8,27.8,27.8,27.8,27.8,27.8,27.8,27.8,27.7,27.7,27.6,27.7,27.6,27.8,27.7,27.7,27.6,27.8,27.6,27.8,27.6,27.7,27.7,27.5,27.5,27.7,27.6,27.6,27.5,27.5,27.2,27.4,27.3,27.3,27.4,27.4,27.3,27.2,27.3,27.2,27.4,27.3,27.2,27.3,27.1,27.0,27.0,27.0,27.0,26.9,26.9,26.9,26.7,26.7,26.7,26.8,26.6,26.8,26.9,26.8,26.6,26.6,26.8,26.6,26.7,26.6,26.6,26.5,26.4,26.6,26.6,26.4,26.5,26.5,26.5,26.6,26.7,26.6,26.8,26.8,26.9,26.9,26.9,26.9,26.8,27.0,27.0,26.9,26.8,27.1,27.0,26.9,26.8,27.0,26.8,26.9,26.7,26.9,26.7,26.9,26.9,26.8,26.9,26.8,26.8,26.8,26.9,26.9,26.8,26.8,27.1,26.9,27.0,27.0,26.9,27.1,27.1,27.1,27.0,27.1,27.0,27.0,27.0,26.9,27.1,27.3,27.2,27.1,27.1,27.1,27.2,27.1,27.2,27.1,27.1,27.1,27.1,27.1,27.1,27.1,27.1,27.1,27.2,27.1,27.1,27.1,27.0,27.0,27.2,27.1,27.1,27.0,27.0,27.1,27.1,27.1,27.1,27.0,27.0,27.1,27.0,27.0,27.1,27.1,27.1,27.0,27.0,27.2
225,27.7,27.6,27.6,27.5,27.7,27.6,27.8,27.7,27.8,27.8,27.6,27.7,27.7,27.6,27.7,27.6,27.6,27.8,27.8,27.8,27.8,27.9,27.7,27.6,27.7,27.8,27.8,27.9,27.6,27.9,27.8,27.7,27.6,27.6,27.6,27.7,27.8,27.6,27.6,27.7,27.6,27.6,27.7,27.6,27.5,27.5,27.7,27.5,27.5,27.5,27.4,27.6,27.6,27.5,27.5,27.6,27.3,27.4,27.4,27.4,27.3,27.2,27.2,27.2,27.2,27.2,27.3,27.1,27.1,27.0,26.9,27.1,26.8,26.9,26.8,26.7,26.7,26.8,26.6,26.8,26.8,26.7,26.6,26.7,26.7,26.6,26.6,26.6,26.8,26.7,26.5,26.5,26.6,26.4,26.4,26.4,26.4,26.5,26.5,26.6,26.8,26.8,26.9,26.8,26.9,26.7,26.8,26.8,27.0,26.9,26.9,26.7,26.8,26.7,26.8,26.9,26.8,26.9,26.9,26.9,26.8,26.9,26.9,26.8,26.8,26.9,26.8,26.9,26.8,26.8,27.0,27.1,26.9,26.9,26.9,27.0,26.9,27.0,27.0,26.9,26.9,27.0,27.1,27.0,27.0,26.9,26.9,27.0,27.0,26.9,27.1,26.9,26.8,27.0,26.9,27.1,27.0,27.2,27.1,27.1,27.0,27.1,27.0,27.2,26.9,27.0,27.1,27.1,27.1,27.1,27.1,27.1,27.1,27.1,27.0,27.1,27.0,27.1,27.1,27.0,27.1,26.9,27.1,27.1,26.9,27.1,27.0,27.2,26.9,27.0,27.1,27.1
226,27.8,27.5,27.7,27.6,27.7,27.8,27.8,27.7,27.7,27.6,27.7,27.7,27.6,27.7,27.6,27.6,27.8,27.7,27.6,28.0,27.7,27.6,27.7,27.8,27.7,27.9,27.8,27.6,27.6,27.7,27.8,27.8,27.8,27.8,27.8,27.8,27.7,27.7,27.9,27.6,27.8,27.6,27.7,27.5,27.6,27.8,27.6,27.6,27.6,27.6,27.7,27.7,27.5,27.5,27.6,27.6,27.4,27.5,27.3,27.2,27.5,27.3,27.5,27.3,27.3,27.2,27.3,27.2,27.0,27.0,26.9,26.8,26.8,26.8,26.7,26.6,26.7,26.6,26.6,26.7,26.6,26.7,26.7,26.6,26.5,26.5,26.5,26.6,26.4,26.5,26.6,26.3,26.5,26.4,26.4,26.3,26.3,26.6,26.7,26.7,26.8,26.8,26.9,26.9,26.9,26.8,26.9,26.8,26.9,26.9,26.8,26.9,26.9,27.1,26.9,26.9,26.8,26.9,26.8,26.9,26.9,27.0,27.0,26.9,26.9,27.1,26.9,26.9,26.8,26.9,26.9,27.0,26.7,27.0,27.0,27.1,27.1,27.1,27.1,27.0,27.2,27.0,27.0,27.1,26.9,27.0,27.2,26.9,27.2,27.1,27.1,27.2,27.0,27.1,27.0,27.1,27.0,27.1,27.1,27.3,27.0,27.2,26.9,27.0,27.3,27.0,27.0,27.0,27.1,27.1,27.1,27.2,27.0,27.2,27.2,27.1,27.1,27.0,27.0,27.1,26.9,27.1,27.2,27.2,27.1,27.1,27.2,27.1,27.2,27.2,27.0,27.1
227,27.7,27.6,27.7,27.4,27.6,27.6,27.6,27.7,27.8,27.8,27.6,27.8,27.7,27.7,27.7,27.8,27.6,27.7,27.8,27.8,27.6,27.9,27.8,27.8,27.6,27.6,27.8,27.7,27.8,27.8,27.7,27.7,27.5,27.6,27.6,27.8,27.5,27.6,27.7,27.6,27.3,27.6,27.6,27.7,27.6,27.5,27.4,27.7,27.4,27.6,27.6,27.3,27.5,27.6,27.3,27.4,27.4,27.4,27.4,27.2,27.2,27.3,27.2,27.1,27.3,27.0,27.2,27.1,26.9,27.0,26.8,26.8,26.7,26.8,26.7,26.7,26.5,26.5,26.6,26.6,26.3,26.6,26.5,26.4,26.3,26.4,26.4,26.4,26.4,26.3,26.4,26.2,26.2,26.2,26.3,26.4,26.2,26.4,26.5,26.8,26.6,26.7,26.7,27.0,26.8,26.8,26.8,26.8,26.9,26.9,26.9,26.9,27.0,26.8,26.8,26.7,26.9,27.0,26.7,26.8,26.9,27.0,26.9,26.9,26.8,26.8,26.6,26.9,26.9,26.8,26.7,27.0,26.8,27.1,26.9,27.0,27.0,26.9,26.9,27.0,27.1,27.1,27.1,27.1,27.1,27.1,27.1,27.1,27.1,27.1,27.1,27.1,27.1,27.0,27.0,27.2,27.1,27.3,27.1,27.1,26.9,27.2,27.0,27.0,27.2,27.1,27.1,27.1,27.1,27.2,27.1,27.0,27.2,27.0,27.3,27.0,27.1,27.1,26.8,27.1,27.0,27.1,27.1,27.1,26.9,27.1,26.9,27.1,27.0,26.9,27.1,27.1
228,27.5,27.7,27.5,27.7,27.6,27.6,27.5,27.6,27.6,27.6,27.7,27.6,27.6,27.6,27.5,27.7,27.6,27.8,27.8,27.7,27.7,27.7,27.6,27.8,27.8,27.8,27.9,27.8,27.8,27.6,27.8,27.8,27.8,27.9,27.6,27.8,27.8,27.8,27.6,27.7,27.7,27.7,27.5,27.7,27.8,27.6,27.7,27.6,27.6,27.6,27.5,27.6,27.5,27.5,27.4,27.5,27.5,27.4,27.5,27.4,27.3,27.3,27.3,27.3,27.3,27.2,27.3,27.1,26.9,27.2,26.9,26.7,26.8,26.8,26.5,26.6,26.5,26.4,26.6,26.6,26.4,26.5,26.4,26.5,26.4,26.4,26.4,26.6,26.4,26.3,26.4,26.3,26.2,26.2,26.3,26.3,26.2,26.4,26.6,26.7,26.6,26.7,26.8,26.7,27.0,26.8,26.9,26.7,26.8,26.9,27.0,26.9,26.9,26.9,26.9,27.0,26.8,27.0,26.8,26.8,26.7,26.8,26.9,27.0,26.9,26.9,26.9,26.8,26.8,26.9,26.8,27.1,27.1,27.1,27.1,27.0,27.1,27.0,27.0,27.1,27.0,26.9,27.0,27.0,27.0,27.0,27.0,26.9,27.1,26.9,27.0,26.9,26.9,27.1,27.0,27.2,27.1,27.1,27.0,27.1,27.3,27.1,27.2,27.0,27.2,27.1,27.1,27.1,27.1,27.0,26.9,27.0,27.0,27.1,27.1,26.9,27.0,27.0,27.0,27.2,27.1,27.1,26.9,26.9,27.1,27.1,27.0,27.2,27.1,27.1,27.1,27.1
229,27.5,27.5,27.6,27.7,27.5,27.6,27.8,27.6,27.6,27.7,27.6,27.7,27.6,27.7,27.9,27.6,27.6,27.9,27.6,27.7,27.7,27.7,27.6,27.7,27.6,27.5,27.8,27.8,27.7,27.6,27.6,27.6,27.7,27.7,27.8,27.7,27.7,27.7,27.6,27.6,27.6,27.6,27.8,27.8,27.7,27.6,27.5,27.5,27.5,27.5,27.5,27.7,27.5,27.4,27.4,27.4,27.3,27.3,27.3,27.3,27.3,27.1,27.4,27.2,27.1,27.1,27.0,27.1,26.9,26.9,27.0,26.7,26.6,26.6,26.7,26.6,26.4,26.5,26.3,26.4,26.5,26.5,26.4,26.5,26.3,26.3,26.3,26.4,26.4,26.4,26.2,26.3,26.3,26.2,26.3,26.1,26.3,26.3,26.6,26.6,26.6,26.8,26.8,26.9,26.8,26.8,26.9,26.9,26.8,26.8,26.8,26.8,26.7,26.9,26.8,26.8,26.8,27.0,26.9,26.9,26.9,26.9,26.9,26.8,27.0,26.9,27.0,27.0,27.0,27.0,27.1,26.9,27.0,27.0,27.1,27.1,26.9,27.1,27.1,27.0,27.0,27.1,27.0,27.1,27.0,26.8,26.9,26.9,27.0,27.0,27.1,27.1,27.1,27.1,26.9,26.9,27.1,27.1,27.1,27.3,27.1,26.9,27.1,27.0,27.1,27.0,27.0,27.1,27.1,27.1,27.1,27.2,27.0,27.0,27.1,26.9,27.0,26.9,27.2,27.1,27.0,26.9,27.0,27.2,27.1,27.1,27.1,27.1,27.1,27.1,27.1,27.0
230,27.5,27.6,27.6,27.6,27.7,27.6,27.8,27.7,27.5,27.6,27.5,27.6,27.7,27.6,27.7,27.7,27.6,27.8,27.8,27.8,27.8,27.9,27.6,27.6,27.7,27.7,27.6,27.6,27.6,27.7,27.6,27.8,27.7,27.7,27.6,27.6,27.6,27.7,27.5,27.7,27.8,27.5,27.6,27.6,27.5,27.7,27.4,27.5,27.7,27.5,27.6,27.3,27.5,27.4,27.5,27.5,27.4,27.5,27.3,27.2,27.4,27.1,27.4,27.3,27.1,27.1,27.2,27.1,27.1,27.0,26.7,26.7,26.6,26.7,26.6,26.6,26.4,26.5,26.4,26.3,26.4,26.4,26.4,26.3,26.3,26.3,26.2,26.2,26.2,26.4,26.3,26.2,26.2,26.2,26.2,26.2,26.3,26.2,26.5,26.6,26.6,26.7,26.8,26.7,26.7,26.7,26.8,26.9,26.8,26.8,26.8,26.8,26.9,26.9,26.9,26.8,27.0,26.9,26.9,26.7,26.8,26.9,27.0,26.9,27.0,26.8,27.0,26.9,26.9,27.0,26.9,26.9,26.9,27.0,26.9,26.9,27.1,27.0,27.0,27.1,26.9,26.9,27.1,27.1,26.9,27.1,27.2,26.9,26.9,26.8,27.1,27.0,27.1,27.0,27.1,26.9,27.1,27.2,27.1,27.2,27.2,27.0,26.9,27.0,27.1,27.1,27.2,27.1,27.1,27.0,27.1,27.1,27.0,27.1,27.3,26.8,27.1,27.1,27.2,27.1,27.1,27.1,27.1,26.9,27.1,27.1,27.0,27.1,27.0,26.9,27.0,27.1
231,27.5,27.6,27.5,27.6,27.7,27.7,27.6,27.5,27.5,27.3,27.7,27.5,27.6,27.8,27.7,27.6,27.6,27.6,27.6,27.7,27.6,27.5,27.6,27.7,27.7,27.6,27.6,27.7,27.7,27.6,27.8,27.8,27.7,27.5,27.6,27.5,27.6,27.7,27.7,27.7,27.5,27.6,27.5,27.7,27.8,27.5,27.5,27.5,27.5,27.3,27.5,27.3,27.4,27.3,27.3,27.6,27.3,27.3,27.5,27.2,27.2,27.2,27.2,27.2,27.1,27.1,27.0,27.1,26.9,26.9,26.9,26.8,26.8,26.6,26.5,26.4,26.4,26.4,26.4,26.4,26.4,26.4,26.4,26.2,26.2,26.3,26.2,26.2,26.1,26.1,26.2,26.1,26.0,25.9,26.0,26.1,26.2,26.4,26.4,26.6,26.7,26.9,26.8,26.8,26.8,26.9,26.9,26.9,26.8,26.7,27.0,26.8,27.0,26.8,26.7,26.9,26.7,26.8,26.8,27.0,26.8,26.9,26.8,26.9,26.9,26.9,26.9,27.0,27.0,26.9,27.0,26.9,26.9,26.9,27.0,27.0,27.0,26.9,27.2,27.0,27.1,27.0,27.0,27.1,26.9,27.2,26.9,26.9,27.1,27.1,27.1,27.1,26.9,27.3,27.1,27.1,27.0,27.0,27.1,27.2,27.1,27.2,27.3,27.1,27.1,27.1,27.1,27.4,27.1,27.2,27.2,27.1,27.1,27.1,27.2,27.0,27.1,26.9,27.0,26.9,27.1,27.0,27.1,27.1,27.1,27.1,27.1,27.1,27.0,27.2,27.3,27.0
232,27.7,27.6,27.5,27.8,27.4,27.6,27.8,27.7,27.6,27.5,27.7,27.6,27.6,27.6,27.5,27.7,27.5,27.7,27.7,27.6,27.6,27.6,27.7,27.6,27.7,27.6,27.7,27.5,27.8,27.6,27.8,27.8,27.7,27.6,27.7,27.8,27.6,27.5,27.6,27.4,27.6,27.7,27.5,27.5,27.5,27.5,27.4,27.5,27.4,27.4,27.6,27.4,27.4,27.4,27.3,27.4,27.3,27.3,27.1,27.3,27.3,27.2,27.1,27.1,27.2,27.1,27.0,27.0,26.9,26.9,26.8,26.8,26.6,26.5,26.6,26.4,26.3,26.3,26.3,26.2,26.2,26.3,26.2,26.1,26.2,26.4,26.2,26.2,26.1,26.2,26.2,26.4,26.0,26.0,26.0,26.1,26.1,26.3,26.6,26.6,26.6,26.7,26.8,26.7,26.7,26.9,26.8,26.8,26.7,26.8,26.9,26.9,26.8,26.7,26.9,26.8,26.8,26.7,26.8,26.7,26.9,27.0,26.9,26.9,26.8,27.0,26.9,27.0,27.0,26.8,26.9,27.1,26.9,26.9,26.9,26.9,27.0,26.9,27.1,26.9,26.9,27.0,27.0,27.0,27.0,27.1,27.0,27.1,26.9,27.0,27.1,27.1,26.9,26.9,27.0,26.9,27.1,27.2,27.1,27.2,26.9,27.2,27.0,27.0,27.1,26.9,27.0,27.0,27.0,27.1,27.1,27.0,26.9,27.1,27.1,27.2,27.1,27.1,26.9,27.1,26.9,26.9,27.0,27.0,27.1,26.9,27.1,27.1,26.9,27.0,27.0,27.0
233,27.4,27.5,27.5,27.6,27.5,27.4,27.5,27.4,27.5,27.5,27.3,27.5,27.6,27.6,27.6,27.6,27.6,27.6,27.5,27.6,27.6,27.5,27.6,27.6,27.7,27.7,27.5,27.6,27.6,27.5,27.6,27.6,27.8,27.6,27.6,27.6,27.6,27.6,27.5,27.6,27.5,27.6,27.6,27.5,27.6,27.5,27.6,27.5,27.3,27.4,27.5,27.3,27.3,27.4,27.2,27.2,27.3,27.3,27.2,27.2,27.3,27.2,27.3,27.0,27.1,27.0,26.9,27.0,26.9,26.8,26.8,26.8,26.4,26.6,26.6,26.5,26.3,26.3,26.4,26.3,26.3,26.4,26.4,26.2,26.2,26.2,26.2,26.2,26.0,26.1,26.2,26.1,26.2,26.1,26.0,26.3,26.1,26.2,26.4,26.7,26.6,26.7,26.7,26.7,26.8,26.8,26.7,26.8,26.7,26.7,26.8,26.9,26.8,26.8,26.7,27.0,26.9,27.0,26.8,26.8,26.9,27.0,26.9,26.7,26.9,26.8,26.9,26.9,26.9,27.1,26.9,27.1,26.9,26.9,26.8,27.0,26.8,26.8,26.8,26.9,26.9,26.9,27.0,27.0,27.0,26.9,26.9,27.0,27.0,26.9,27.1,27.1,27.0,27.1,27.1,27.0,27.1,27.1,27.1,27.1,27.1,27.0,27.0,27.0,27.0,27.0,27.1,27.0,27.1,26.9,26.9,26.9,27.1,26.9,27.1,27.0,27.0,26.9,27.0,27.2,27.1,26.9,26.9,27.0,26.9,26.9,27.0,27.0,26.9,26.9,27.0,27.0
234,27.6,27.3,27.4,27.5,27.6,27.5,27.6,27.6,27.5,27.7,27.5,27.6,27.6,27.5,27.5,27.7,27.7,27.5,27.6,27.8,27.6,27.6,27.6,27.6,27.7,27.7,27.8,27.6,27.4,27.7,27.6,27.6,27.6,27.6,27.6,27.7,27.6,27.6,27.5,27.7,27.5,27.5,27.6,27.7,27.3,27.5,27.4,27.5,27.3,27.5,27.4,27.4,27.5,27.4,27.5,27.3,27.4,27.4,27.2,27.2,27.3,27.1,27.3,27.1,27.0,27.1,27.1,26.9,26.8,26.8,26.9,26.6,26.6,26.7,26.5,26.5,26.5,26.5,26.4,26.5,26.3,26.3,26.5,26.4,26.4,26.3,26.1,26.2,26.2,26.0,26.2,26.2,25.9,26.1,26.2,26.2,26.2,26.4,26.6,26.5,26.5,26.7,26.9,26.6,26.8,26.9,26.7,26.6,26.8,26.9,26.8,26.9,26.8,26.9,26.7,26.9,26.8,26.9,27.0,26.9,26.9,26.9,26.7,26.9,26.7,26.9,26.9,26.9,26.9,26.9,26.9,26.9,26.9,27.1,26.9,26.9,26.7,26.9,27.0,26.9,27.0,26.9,27.0,26.9,26.9,26.9,27.1,26.9,26.9,26.9,27.2,27.0,26.9,26.7,27.1,27.0,27.2,27.1,27.1,27.1,26.9,26.9,27.1,27.1,27.1,27.1,27.0,26.9,26.9,27.1,26.9,27.0,27.0,27.0,27.0,27.0,26.9,27.1,27.1,27.1,26.9,26.9,27.1,26.9,27.1,27.1,27.1,27.0,26.9,27.1,27.0,27.0
235,27.3,27.3,27.6,27.6,27.6,27.6,27.6,27.6,27.5,27.5,27.6,27.6,27.6,27.6,27.6,27.5,27.4,27.6,27.7,27.6,27.6,27.5,27.5,27.5,27.8,27.6,27.6,27.6,27.6,27.6,27.7,27.7,27.7,27.6,27.7,27.6,27.4,27.7,27.6,27.4,27.5,27.6,27.4,27.5,27.5,27.5,27.4,27.5,27.4,27.5,27.3,27.5,27.4,27.5,27.2,27.3,27.2,27.2,27.2,27.2,27.2,27.2,27.1,27.2,27.0,27.0,27.1,26.9,26.9,26.8,26.7,26.8,26.9,26.7,26.8,26.5,26.5,26.5,26.5,26.4,26.4,26.4,26.5,26.4,26.5,26.3,26.3,26.4,26.2,26.2,26.3,26.3,26.2,26.2,26.2,26.1,26.2,26.3,26.6,26.6,26.7,26.6,26.7,26.9,26.7,26.9,26.8,26.7,26.7,26.8,26.8,26.7,26.8,26.9,26.9,26.8,26.8,26.8,26.9,27.0,26.8,27.1,26.8,26.9,26.8,26.9,26.9,27.0,26.8,27.1,26.7,26.7,27.1,26.9,26.9,26.9,27.0,26.9,26.9,27.0,26.9,26.9,27.0,27.1,26.9,26.9,27.0,26.8,27.0,27.2,26.9,27.1,27.2,27.0,27.1,26.9,27.1,27.0,27.0,27.0,27.0,27.0,27.1,27.0,26.8,27.1,27.1,27.0,26.9,27.0,26.8,26.9,27.1,27.1,27.1,27.1,27.1,27.1,27.1,27.1,27.0,27.1,27.0,27.0,27.1,27.0,27.1,27.1,27.1,27.1,27.1,27.1
236,27.5,27.6,27.5,27.5,27.5,27.5,27.5,27.4,27.6,27.4,27.6,27.7,27.5,27.5,27.7,27.6,27.7,27.6,27.5,27.5,27.6,27.5,27.5,27.4,27.6,27.6,27.8,27.7,27.6,27.5,27.5,27.5,27.6,27.6,27.4,27.6,27.4,27.6,27.5,27.6,27.6,27.4,27.4,27.5,27.4,27.3,27.3,27.4,27.2,27.4,27.3,27.5,27.2,27.3,27.0,27.3,27.3,27.1,27.2,27.1,27.2,27.1,27.0,27.1,27.0,27.0,26.9,27.0,27.0,26.8,26.6,26.7,26.6,26.8,26.6,26.6,26.6,26.6,26.6,26.6,26.5,26.5,26.6,26.4,26.5,26.5,26.4,26.4,26.3,26.4,26.3,26.1,26.3,26.2,26.2,26.3,26.1,26.2,26.6,26.6,26.7,26.9,26.7,26.8,26.6,26.8,26.8,26.7,26.7,26.7,26.7,26.7,26.8,26.8,26.7,26.8,26.8,26.7,26.8,26.9,26.8,26.8,26.9,27.0,26.7,26.9,26.7,26.9,26.8,26.9,26.9,26.7,26.8,26.8,26.9,26.7,27.0,27.0,26.8,26.9,26.9,26.9,27.0,26.9,26.9,27.1,26.9,27.0,26.9,26.9,26.9,27.1,26.7,26.9,26.8,26.9,26.9,26.9,27.0,27.0,26.9,27.1,26.9,27.1,26.9,27.1,27.0,27.0,27.0,26.8,27.0,26.9,27.2,27.1,27.0,26.8,27.1,27.1,26.9,27.0,26.9,27.0,26.9,27.2,27.1,27.0,27.1,27.0,27.0,27.0,26.9,27.1
237,27.4,27.3,27.3,27.7,27.4,27.4,27.5,27.4,27.4,27.4,27.4,27.6,27.6,27.5,27.3,27.5,27.3,27.5,27.5,27.5,27.4,27.6,27.5,27.4,27.5,27.5,27.5,27.5,27.6,27.6,27.4,27.6,27.6,27.4,27.6,27.5,27.6,27.4,27.4,27.4,27.4,27.3,27.6,27.5,27.4,27.2,27.3,27.4,27.1,27.2,27.4,27.3,27.3,27.4,27.1,27.3,27.2,27.1,27.2,27.1,27.0,27.0,27.1,27.1,26.8,27.0,26.9,27.0,26.9,26.9,26.6,26.9,26.7,26.7,26.6,26.7,26.4,26.6,26.7,26.6,26.4,26.6,26.4,26.3,26.4,26.4,26.4,26.5,26.3,26.4,26.4,26.3,26.2,26.2,26.3,26.2,26.1,26.2,26.5,26.4,26.6,26.7,26.8,26.6,26.7,26.7,26.9,26.7,26.9,26.9,26.7,26.8,26.8,26.8,26.6,26.7,26.6,26.9,26.9,26.8,26.8,26.9,26.7,27.1,26.8,26.9,26.8,26.9,26.8,26.9,26.8,26.9,26.8,26.8,26.9,26.8,26.9,26.8,26.9,26.8,26.8,26.8,27.1,26.9,26.9,26.9,26.9,26.7,26.6,26.9,26.9,26.8,27.0,26.8,26.9,27.0,27.0,27.0,26.8,26.9,26.9,26.8,26.9,26.9,27.0,27.0,26.8,26.8,26.9,27.0,27.0,26.9,27.0,27.0,27.0,26.9,26.9,26.9,26.9,27.0,26.9,26.8,27.0,27.1,26.9,26.9,27.0,26.9,26.9,26.8,26.8,27.0
238,27.5,27.3,27.4,27.4,27.4,27.5,27.4,27.7,27.4,27.3,27.5,27.4,27.5,27.5,27.5,27.4,27.6,27.6,27.6,27.6,27.4,27.4,27.4,27.4,27.4,27.4,27.3,27.6,27.5,27.4,27.6,27.5,27.7,27.5,27.5,27.4,27.3,27.5,27.5,27.3,27.5,27.3,27.4,27.5,27.5,27.4,27.4,27.4,27.3,27.5,27.3,27.2,27.1,27.2,27.2,27.2,27.1,27.3,26.9,27.1,27.2,26.9,27.0,26.9,27.0,27.0,26.9,26.9,26.9,27.0,26.7,26.7,26.6,26.5,26.5,26.5,26.6,26.5,26.5,26.7,26.5,26.5,26.4,26.5,26.5,26.4,26.5,26.4,26.3,26.4,26.4,26.1,26.2,26.3,26.0,26.2,26.2,26.1,26.4,26.6,26.6,26.5,26.6,26.7,26.8,26.8,26.8,26.7,26.6,26.7,26.6,26.8,26.6,26.7,26.7,26.8,26.7,26.8,26.6,26.8,26.7,26.8,26.6,26.8,26.7,26.8,26.7,26.8,26.8,26.9,26.9,26.8,26.8,26.9,26.8,26.7,26.7,26.8,26.8,26.8,26.7,26.8,27.0,26.7,26.8,27.0,26.8,26.8,26.9,26.9,26.9,26.8,26.8,26.9,26.9,27.0,26.9,26.9,27.0,27.1,27.0,27.0,26.9,27.0,26.8,27.0,26.9,26.9,26.9,27.0,27.0,27.1,27.0,27.1,27.0,27.0,26.9,27.2,27.0,27.1,27.0,26.9,27.1,27.0,27.2,26.9,27.0,27.1,27.0,27.0,26.9,27.0
239,27.6,27.3,27.5,27.4,27.5,27.5,27.5,27.6,27.6,27.5,27.6,27.5,27.6,27.5,27.4,27.6,27.5,27.6,27.7,27.4,27.4,27.6,27.5,27.7,27.5,27.8,27.6,27.6,27.3,27.6,27.5,27.5,27.7,27.5,27.5,27.5,27.6,27.4,27.4,27.5,27.6,27.3,27.5,27.6,27.4,27.4,27.5,27.3,27.4,27.4,27.4,27.3,27.3,27.3,27.2,27.1,27.3,27.3,27.3,27.1,27.2,26.9,27.1,27.1,27.1,26.9,27.0,27.0,26.8,26.9,26.7,26.8,26.8,26.7,26.7,26.6,26.7,26.6,26.5,26.6,26.6,26.6,26.4,26.5,26.4,26.5,26.5,26.3,26.4,26.4,26.4,26.3,26.3,26.2,26.2,26.2,26.2,26.3,26.4,26.6,26.6,26.7,26.7,26.8,26.6,26.7,26.9,26.8,26.8,26.6,26.8,26.7,26.8,26.9,26.8,26.8,26.7,26.7,26.9,27.0,26.8,26.7,26.9,26.9,26.9,26.8,26.6,26.9,26.9,26.9,26.9,26.9,26.8,26.9,26.9,26.7,26.9,26.9,26.8,26.9,27.1,26.9,26.9,27.1,26.9,26.9,27.0,26.9,26.9,26.9,27.0,27.0,26.9,26.9,27.0,27.0,26.9,26.9,27.1,26.9,27.0,26.9,27.0,26.9,27.0,26.9,27.1,27.0,26.9,26.9,27.0,26.9,27.0,27.0,26.9,26.9,26.9,27.1,27.1,27.0,27.0,26.9,27.1,27.1,27.0,27.0,27.1,27.2,26.9,27.0,27.0,26.9
240,27.4,27.4,27.6,27.4,27.3,27.4,27.7,27.3,27.5,27.6,27.6,27.6,27.5,27.5,27.6,27.3,27.4,27.5,27.4,27.7,27.6,27.5,27.4,27.6,27.5,27.5,27.5,27.6,27.7,27.5,27.7,27.5,27.6,27.5,27.4,27.6,27.3,27.4,27.4,27.3,27.4,27.5,27.2,27.4,27.3,27.3,27.3,27.3,27.4,27.3,27.4,27.4,27.2,27.2,27.1,27.1,27.2,27.2,27.2,27.1,27.1,27.2,27.1,27.1,27.1,27.0,27.1,26.9,26.9,26.7,26.7,26.9,26.7,26.8,26.8,26.6,26.6,26.5,26.6,26.6,26.6,26.6,26.6,26.6,26.4,26.4,26.4,26.5,26.2,26.4,26.5,26.2,26.3,26.1,25.9,26.2,26.0,26.3,26.5,26.7,26.6,26.6,26.6,26.6,26.8,26.7,26.7,26.6,26.9,26.8,26.7,26.7,26.9,26.9,26.6,26.7,26.7,26.9,26.7,26.8,26.6,26.9,26.8,26.9,26.8,26.6,26.8,26.9,26.9,26.8,26.9,26.7,26.7,27.0,26.9,26.6,26.8,26.9,26.7,26.9,26.9,26.8,26.9,26.8,26.8,26.9,26.8,26.9,26.7,26.9,26.8,27.1,26.8,26.8,26.8,27.0,26.8,26.9,27.0,27.0,26.7,26.9,26.8,26.8,26.8,26.9,27.0,26.9,26.9,26.8,26.9,27.0,27.0,27.0,27.0,26.9,27.0,27.0,26.9,27.0,27.0,26.9,27.0,27.1,26.8,26.9,27.0,27.0,26.9,26.9,26.9,27.1
241,27.4,27.4,27.4,27.4,27.5,27.4,27.4,27.3,27.5,27.5,27.5,27.5,27.5,27.4,27.5,27.5,27.6,27.7,27.4,27.5,27.5,27.5,27.5,27.4,27.6,27.6,27.5,27.5,27.6,27.5,27.6,27.5,27.6,27.5,27.4,27.6,27.5,27.4,27.5,27.3,27.3,27.4,27.4,27.3,27.4,27.3,27.4,27.3,27.4,27.2,27.3,27.2,27.1,27.3,27.2,27.3,27.1,27.0,27.1,27.2,27.1,27.1,27.2,27.0,27.0,26.9,27.0,27.0,26.8,26.9,26.7,26.6,26.6,26.7,26.5,26.6,26.6,26.6,26.6,26.6,26.4,26.6,26.6,26.5,26.5,26.4,26.2,26.2,26.5,26.3,26.4,26.2,26.2,26.2,26.3,26.1,26.0,26.2,26.6,26.5,26.6,26.7,26.7,26.7,26.8,26.7,26.8,26.6,26.7,26.8,26.6,26.7,26.6,26.8,26.7,26.9,26.7,26.8,26.9,26.9,26.7,26.8,26.8,26.9,26.7,26.7,26.6,26.7,26.9,26.8,26.9,26.8,26.7,26.9,26.9,26.8,26.8,26.8,26.8,26.7,26.8,26.8,26.8,26.9,26.8,26.9,26.9,26.7,26.9,26.9,26.7,26.8,26.8,26.8,27.0,27.0,26.8,26.9,26.9,27.0,27.0,27.0,27.0,26.8,26.9,26.9,26.9,27.1,26.9,27.2,26.9,26.8,27.0,26.8,26.9,26.8,27.1,27.0,27.0,27.0,26.9,27.0,27.0,27.0,27.0,27.1,27.0,27.1,27.0,27.0,26.9,27.1
242,27.5,27.5,27.5,27.5,27.2,27.4,27.3,27.4,27.4,27.3,27.4,27.6,27.5,27.5,27.6,27.4,27.6,27.4,27.6,27.6,27.5,27.3,27.5,27.4,27.5,27.5,27.5,27.5,27.4,27.6,27.5,27.5,27.5,27.5,27.5,27.3,27.5,27.4,27.4,27.3,27.3,27.4,27.5,27.5,27.3,27.4,27.3,27.3,27.3,27.4,27.3,27.3,27.2,27.3,27.4,27.2,27.3,27.2,27.1,27.2,27.1,27.0,27.0,26.8,26.9,26.9,26.9,27.1,27.1,26.9,26.8,26.7,26.8,26.6,26.6,26.6,26.4,26.7,26.6,26.6,26.4,26.5,26.5,26.5,26.4,26.3,26.3,26.2,26.3,26.4,26.2,26.3,26.4,26.3,26.0,26.1,26.1,26.1,26.4,26.5,26.5,26.7,26.7,26.6,26.7,26.9,26.6,26.7,26.7,26.6,26.6,26.9,26.7,26.7,26.7,26.9,26.8,26.7,26.6,26.9,26.6,26.7,26.7,26.8,26.5,26.8,26.7,26.6,26.7,27.0,26.7,26.8,26.7,26.8,27.0,26.7,26.8,26.7,26.9,26.8,26.7,26.7,26.8,26.9,26.8,26.7,27.0,26.9,26.8,26.9,26.9,27.0,26.9,26.9,26.8,26.9,26.9,27.1,26.9,26.9,27.0,27.1,26.9,26.9,26.9,26.7,26.9,26.9,26.9,26.9,26.9,27.1,27.0,27.1,27.0,26.8,26.9,27.1,27.1,26.9,27.0,27.1,27.0,27.0,26.9,26.9,27.0,26.9,26.8,27.0,27.0,27.0
243,27.4,27.3,27.4,27.4,27.3,27.3,27.4,27.6,27.5,27.3,27.3,27.4,27.3,27.5,27.5,27.5,27.4,27.4,27.5,27.5,27.6,27.4,27.5,27.4,27.6,27.5,27.5,27.5,27.3,27.4,27.4,27.5,27.4,27.4,27.3,27.4,27.4,27.5,27.4,27.5,27.2,27.3,27.4,27.4,27.5,27.4,27.3,27.1,27.3,27.3,27.3,27.3,27.2,27.0,27.2,27.1,27.3,27.0,27.0,27.1,27.2,27.0,27.0,27.0,26.9,27.1,26.9,26.9,26.8,26.8,26.8,26.8,26.6,26.7,26.5,26.6,26.5,26.6,26.6,26.5,26.6,26.6,26.5,26.4,26.5,26.4,26.4,26.4,26.3,26.3,26.4,26.3,26.2,26.3,26.1,26.1,26.1,26.3,26.4,26.6,26.7,26.7,26.7,26.6,26.9,26.6,26.6,26.8,26.7,26.6,26.6,26.6,26.7,26.6,26.7,26.8,26.8,26.8,26.8,26.6,26.7,26.9,26.6,26.9,26.7,26.6,26.6,26.9,26.8,26.9,26.6,26.7,26.7,26.7,26.7,26.7,26.8,26.7,26.8,26.8,26.9,26.7,26.9,27.0,26.6,26.7,26.9,26.8,27.1,26.8,27.0,26.8,26.9,26.7,26.9,26.8,27.0,26.8,26.8,27.0,27.0,26.6,26.7,26.9,26.8,26.9,26.7,27.1,26.8,27.0,27.0,26.9,26.9,27.0,26.9,27.0,27.0,26.9,27.0,27.0,26.9,26.9,26.9,26.9,27.2,26.9,27.0,26.9,26.9,27.1,27.1,26.8
244,27.5,27.4,27.5,27.4,27.4,27.2,27.4,27.5,27.4,27.3,27.6,27.3,27.5,27.4,27.6,27.6,27.4,27.5,27.4,27.4,27.5,27.6,27.4,27.6,27.4,27.5,27.6,27.4,27.5,27.6,27.5,27.6,27.3,27.5,27.6,27.5,27.3,27.4,27.2,27.3,27.5,27.4,27.3,27.5,27.5,27.2,27.3,27.3,27.4,27.3,27.2,27.3,27.2,27.3,27.1,27.1,27.2,27.0,27.1,27.1,27.2,27.0,27.0,26.9,26.9,27.1,27.1,26.9,26.9,26.9,26.7,26.8,26.7,26.6,26.7,26.6,26.5,26.4,26.5,26.6,26.4,26.6,26.6,26.5,26.5,26.4,26.2,26.3,26.3,26.2,26.2,26.0,26.2,26.2,26.0,26.1,26.0,26.1,26.4,26.5,26.5,26.6,26.6,26.7,26.6,26.8,26.6,26.6,26.7,26.8,26.6,26.8,26.8,26.6,26.7,26.8,26.8,26.7,26.8,26.6,26.8,26.6,26.6,26.7,26.6,26.9,26.6,26.7,26.6,26.7,26.8,26.7,26.8,26.9,26.7,26.7,26.6,26.7,26.7,26.7,26.7,26.8,26.7,26.9,26.5,26.7,26.8,26.8,26.6,26.7,26.9,26.9,26.7,26.8,27.0,26.8,26.9,26.9,26.9,26.9,27.0,26.8,26.8,26.9,26.9,27.0,26.9,26.9,26.9,26.9,26.8,26.8,26.9,27.0,26.9,26.9,26.8,26.9,26.8,26.9,26.9,26.9,26.8,26.9,26.8,26.9,27.0,27.0,27.0,27.0,26.9,26.9
245,27.3,27.3,27.4,27.5,27.5,27.3,27.5,27.4,27.5,27.5,27.3,27.5,27.5,27.4,27.5,27.4,27.3,27.4,27.5,27.6,27.4,27.5,27.4,27.4,27.4,27.5,27.4,27.4,27.2,27.4,27.3,27.4,27.5,27.5,27.3,27.4,27.3,27.4,27.4,27.3,27.4,27.2,27.3,27.2,27.3,27.1,27.2,27.3,27.1,27.3,27.2,27.4,27.2,27.1,26.9,27.1,27.0,27.1,27.2,27.1,27.0,27.0,27.0,26.9,27.0,26.8,26.8,26.8,26.9,26.8,26.8,26.7,26.6,26.6,26.6,26.6,26.6,26.5,26.4,26.5,26.5,26.6,26.3,26.6,26.5,26.4,26.4,26.4,26.3,26.2,26.3,26.2,26.1,26.2,26.2,26.1,26.0,26.2,26.5,26.5,26.6,26.6,26.7,26.6,26.5,26.7,26.6,26.5,26.6,26.6,26.6,26.6,26.6,26.6,26.7,26.6,26.6,26.7,26.6,26.7,26.7,26.7,26.7,26.7,26.6,26.7,26.8,26.7,26.7,26.8,26.7,26.6,26.6,26.7,26.6,26.6,26.7,26.7,26.6,26.7,26.7,26.6,26.7,26.7,26.7,26.8,26.8,26.9,26.8,26.7,26.6,26.8,27.0,26.8,26.9,26.8,26.8,26.8,26.9,26.8,26.8,26.9,26.9,26.9,26.9,26.8,26.7,26.9,26.8,26.9,26.7,26.8,26.9,26.9,26.9,26.8,27.0,26.9,26.9,26.9,26.8,26.8,26.8,27.0,27.0,27.0,27.0,27.0,27.1,27.0,27.1,27.0
246,27.2,27.3,27.5,27.4,27.3,27.4,27.4,27.5,27.6,27.4,27.5,27.5,27.4,27.5,27.3,27.5,27.4,27.4,27.4,27.5,27.4,27.6,27.2,27.5,27.5,27.3,27.3,27.9,27.4,27.6,27.4,27.5,27.4,27.3,27.4,27.4,27.5,27.3,27.6,27.3,27.3,27.3,27.3,27.3,27.3,27.2,27.2,27.3,27.3,27.3,27.3,27.2,27.1,27.1,27.1,27.3,27.2,27.1,27.2,26.9,27.1,27.0,27.0,27.0,27.0,26.9,26.8,26.9,26.7,26.8,26.9,26.8,26.6,26.6,26.6,26.7,26.4,26.5,26.4,26.5,26.5,26.5,26.4,26.2,26.4,26.3,26.3,26.4,26.1,26.4,26.2,26.1,26.1,26.1,25.9,26.1,26.0,26.1,26.6,26.6,26.4,26.4,26.7,26.5,26.6,26.6,26.5,26.6,26.6,26.5,26.7,26.5,26.6,26.6,26.5,26.6,26.6,26.5,26.8,26.7,26.6,26.7,26.7,26.6,26.8,26.6,26.7,26.8,26.6,26.7,26.6,26.7,26.6,26.8,26.7,26.6,26.7,26.6,26.7,26.6,26.7,26.7,26.7,26.9,26.6,26.7,26.7,26.7,26.9,26.7,26.8,26.6,26.6,26.7,26.8,26.8,26.9,26.7,26.9,26.9,26.7,26.8,26.8,26.8,26.6,26.9,26.8,26.9,26.9,26.7,26.7,26.6,26.9,26.9,26.9,26.9,26.9,26.9,26.8,26.9,27.0,27.1,26.9,27.0,26.8,26.9,26.9,27.0,27.0,26.8,27.0,27.0
247,27.5,27.3,27.3,27.6,27.4,27.3,27.5,27.3,27.3,27.5,27.6,27.4,27.4,27.3,27.4,27.4,27.4,27.4,27.4,27.6,27.3,27.5,27.5,27.3,27.4,27.4,27.4,27.4,27.5,27.3,27.3,27.3,27.3,27.3,27.4,27.3,27.3,27.4,27.4,27.3,27.3,27.1,27.3,27.4,27.3,27.1,27.1,27.3,27.4,27.2,27.2,27.2,27.1,27.1,27.0,27.1,27.1,27.1,27.1,27.0,27.1,27.0,27.2,26.8,26.9,26.8,27.0,26.8,26.8,26.7,26.7,26.6,26.7,26.7,26.5,26.7,26.6,26.4,26.4,26.5,26.5,26.6,26.4,26.3,26.4,26.2,26.2,26.2,26.1,26.3,26.2,26.1,26.2,26.0,26.0,26.0,26.1,26.2,26.3,26.4,26.4,26.6,26.8,26.4,26.6,26.7,26.7,26.6,26.7,26.8,26.5,26.5,26.6,26.6,26.6,26.5,26.5,26.7,26.6,26.7,26.5,26.6,26.6,26.6,26.6,26.5,26.6,26.8,26.6,26.6,26.7,26.7,26.7,26.7,26.6,26.6,26.6,26.8,26.6,26.5,26.6,26.6,26.6,26.6,26.6,26.6,26.7,26.8,26.7,26.6,26.8,26.7,26.6,26.8,26.7,26.9,26.7,26.7,26.7,26.8,26.9,26.8,26.9,26.8,26.6,26.7,26.8,26.7,26.8,26.9,26.8,26.9,27.0,27.0,27.0,26.9,26.7,27.0,26.9,27.0,26.9,26.9,27.0,27.0,26.9,27.0,27.0,26.7,27.0,26.9,27.0,27.0
248,27.3,27.4,27.5,27.4,27.3,27.4,27.4,27.3,27.6,27.3,27.6,27.5,27.5,27.4,27.4,27.5,27.5,27.5,27.4,27.4,27.3,27.3,27.2,27.3,27.5,27.3,27.5,27.4,27.3,27.2,27.4,27.5,27.5,27.3,27.4,27.5,27.3,27.2,27.3,27.4,27.4,27.3,27.2,27.3,27.4,27.1,27.3,27.1,27.1,27.2,27.1,27.0,27.1,27.1,27.1,27.0,27.0,27.1,27.2,26.9,27.1,26.9,27.1,27.1,26.7,26.9,26.7,27.0,26.9,26.8,26.8,26.8,26.7,26.6,26.8,26.5,26.4,26.4,26.4,26.4,26.5,26.4,26.4,26.3,26.4,26.3,26.3,26.2,26.2,26.3,26.2,26.1,26.2,26.2,26.1,26.2,26.3,26.4,26.6,26.5,26.6,26.5,26.7,26.6,26.6,26.4,26.6,26.6,26.4,26.6,26.6,26.6,26.7,26.6,26.4,26.5,26.6,26.6,26.6,26.7,26.4,26.6,26.6,26.6,26.6,26.6,26.6,26.7,26.5,26.5,26.6,26.6,26.6,26.9,26.5,26.5,26.6,26.6,26.5,26.6,26.6,26.6,26.7,26.9,26.7,26.6,26.6,26.8,26.6,26.7,26.8,26.9,26.7,26.7,26.6,26.6,26.8,26.9,27.0,26.9,26.8,26.7,26.7,26.9,27.0,27.0,26.9,26.8,26.9,27.1,26.9,26.9,26.9,26.9,26.9,26.9,27.1,26.9,26.9,26.9,27.1,26.9,26.9,26.7,27.0,26.9,27.0,26.9,26.9,26.9,26.9,27.0
249,27.3,27.3,27.3,27.5,27.2,27.2,27.4,27.4,27.3,27.4,27.5,27.6,27.5,27.3,27.5,27.4,27.3,27.4,27.3,27.3,27.4,27.5,27.3,27.4,27.4,27.3,27.4,27.3,27.3,27.2,27.4,27.2,27.3,27.3,27.4,27.6,27.3,27.3,27.3,27.3,27.3,27.3,27.3,27.3,27.3,27.1,27.2,27.1,27.1,26.9,27.1,27.1,26.9,27.0,27.2,27.1,26.7,27.0,27.0,26.9,27.0,26.9,27.1,27.0,26.9,26.7,26.8,26.7,26.8,26.9,26.6,26.7,26.6,26.4,26.5,26.6,26.5,26.5,26.5,26.4,26.4,26.4,26.4,26.4,26.2,26.2,26.2,26.2,26.1,26.2,26.2,26.3,26.2,26.1,26.3,26.4,26.3,26.3,26.5,26.4,26.5,26.5,26.3,26.4,26.6,26.5,26.7,26.6,26.4,26.6,26.4,26.6,26.4,26.6,26.6,26.7,26.5,26.6,26.6,26.5,26.4,26.4,26.4,26.5,26.6,26.5,26.5,26.3,26.5,26.6,26.6,26.5,26.5,26.4,26.6,26.4,26.4,26.5,26.6,26.5,26.7,26.5,26.5,26.6,26.7,26.6,26.6,26.6,26.7,26.7,26.7,26.8,26.7,26.6,26.6,26.8,26.5,26.8,26.9,26.9,26.8,26.7,26.8,26.6,26.7,26.6,26.6,26.7,26.8,26.8,26.8,26.8,26.6,26.8,26.7,26.6,26.7,26.9,26.8,26.9,26.9,26.9,26.8,26.8,26.9,26.9,27.0,26.9,27.0,27.0,26.9,27.0
250,27.3,27.5,27.2,27.4,27.4,27.3,27.2,27.4,27.2,27.3,27.4,27.4,27.6,27.4,27.4,27.3,27.4,27.2,27.1,27.3,27.5,27.5,27.4,27.3,27.4,27.2,27.2,27.4,27.2,27.4,27.2,27.5,27.3,27.3,27.3,27.4,27.3,27.1,27.3,27.4,27.2,27.1,27.2,27.2,27.3,27.0,27.3,27.1,27.1,27.0,27.0,27.1,27.1,27.1,27.2,27.0,27.0,26.9,26.9,26.9,26.9,26.9,26.9,26.8,26.7,26.7,26.8,26.9,26.7,26.6,26.8,26.7,26.6,26.6,26.6,26.5,26.4,26.5,26.4,26.5,26.3,26.2,26.4,26.3,26.2,26.2,26.1,26.1,26.0,26.2,26.1,26.2,26.3,26.3,26.3,26.4,26.4,26.4,26.4,26.3,26.6,26.6,26.6,26.7,26.4,26.5,26.4,26.4,26.6,26.3,26.4,26.5,26.6,26.6,26.4,26.5,26.5,26.6,26.4,26.6,26.4,26.5,26.5,26.5,26.4,26.4,26.5,26.5,26.5,26.6,26.4,26.5,26.4,26.5,26.4,26.5,26.7,26.5,26.5,26.6,26.4,26.5,26.6,26.5,26.4,26.4,26.6,26.6,26.7,26.6,26.8,26.7,26.6,26.7,26.6,26.4,26.6,26.7,26.7,26.7,26.6,26.7,26.6,26.6,26.7,26.6,26.9,26.7,26.7,26.8,26.9,27.0,26.9,26.9,26.9,26.7,26.8,26.8,26.9,26.8,26.9,26.7,27.0,26.6,26.8,26.9,27.0,27.0,26.9,27.0,27.1,26.9
251,27.2,27.4,27.2,27.3,27.3,27.5,27.3,27.3,27.3,27.4,27.4,27.3,27.4,27.3,27.4,27.4,27.2,27.4,27.5,27.4,27.5,27.3,27.3,27.4,27.2,27.3,27.4,27.4,27.3,27.5,27.3,27.4,27.4,27.3,27.2,27.3,27.1,27.2,27.2,27.3,27.2,27.2,27.3,27.2,27.2,27.1,27.2,27.2,27.3,27.1,27.0,27.0,27.1,27.1,27.0,27.0,26.9,26.8,26.9,26.9,27.0,26.8,26.9,26.7,26.8,26.7,26.7,26.9,26.8,26.6,26.7,26.6,26.6,26.6,26.4,26.4,26.4,26.6,26.4,26.3,26.2,26.5,26.4,26.3,26.3,26.2,26.0,26.0,26.0,26.1,26.4,26.3,26.2,26.2,26.4,26.5,26.4,26.3,26.4,26.6,26.6,26.4,26.6,26.5,26.3,26.6,26.4,26.5,26.4,26.3,26.5,26.5,26.4,26.6,26.4,26.4,26.4,26.6,26.4,26.4,26.5,26.4,26.4,26.7,26.5,26.4,26.3,26.6,26.3,26.5,26.3,26.5,26.4,26.6,26.4,26.4,26.4,26.5,26.4,26.4,26.7,26.3,26.5,26.5,26.6,26.5,26.6,26.5,26.6,26.5,26.7,26.6,26.6,26.5,26.6,26.7,26.6,26.7,26.7,26.6,26.7,26.5,26.7,26.7,26.7,26.6,26.8,26.6,26.9,26.9,26.6,26.8,26.7,27.1,26.9,26.7,26.7,26.6,26.7,26.8,26.8,26.9,26.8,26.9,26.7,26.7,26.9,26.7,26.9,26.9,26.9,27.0
252,27.5,27.3,27.4,27.4,27.2,27.4,27.3,27.2,27.5,27.3,27.4,27.4,27.3,27.5,27.5,27.5,27.3,27.5,27.3,27.4,27.3,27.3,27.2,27.5,27.5,27.3,27.3,27.4,27.2,27.4,27.4,27.4,27.3,27.4,27.4,27.2,27.2,27.4,27.3,27.3,27.2,27.2,27.2,27.4,27.3,27.1,27.2,27.1,27.1,27.0,27.0,27.2,27.1,27.1,26.9,27.1,27.1,26.8,27.0,27.0,27.1,26.8,26.8,26.8,26.6,26.9,26.8,26.6,26.7,26.6,26.7,26.5,26.6,26.5,26.5,26.4,26.4,26.5,26.4,26.4,26.2,26.4,26.3,26.2,26.3,26.2,26.3,26.1,26.1,26.2,26.4,26.4,26.3,26.4,26.4,26.2,26.4,26.3,26.4,26.4,26.5,26.4,26.5,26.4,26.4,26.5,26.5,26.5,26.4,26.6,26.5,26.4,26.4,26.4,26.4,26.5,26.5,26.4,26.3,26.3,26.4,26.6,26.3,26.4,26.4,26.5,26.5,26.4,26.2,26.4,26.3,26.4,26.5,26.2,26.4,26.4,26.5,26.6,26.5,26.4,26.5,26.5,26.6,26.4,26.6,26.5,26.5,26.5,26.6,26.5,26.6,26.6,26.6,26.6,26.6,26.4,26.7,26.7,26.8,26.9,26.7,26.6,26.7,26.7,26.6,26.7,26.9,26.8,26.6,26.9,26.9,26.9,26.8,26.9,26.9,26.7,26.8,27.0,26.9,26.9,26.9,27.0,26.8,27.0,26.9,26.9,26.9,26.9,26.8,26.8,27.0,26.9
253,27.3,27.2,27.3,27.4,27.4,27.3,27.3,27.3,27.4,27.0,27.3,27.4,27.5,27.4,27.5,27.2,27.3,27.3,27.3,27.3,27.3,27.4,27.3,27.2,27.2,27.4,27.2,27.3,27.3,27.2,27.2,27.2,27.3,27.1,27.3,27.3,27.3,27.3,27.3,27.3,27.2,27.2,27.3,27.1,27.2,27.1,27.3,27.1,27.1,27.1,27.0,27.1,27.0,27.0,26.9,27.0,27.0,26.9,26.9,26.9,26.8,26.9,26.8,26.7,26.8,26.8,26.7,26.7,26.6,26.8,26.7,26.6,26.5,26.7,26.4,26.4,26.4,26.5,26.2,26.5,26.3,26.3,26.4,26.1,26.2,26.2,26.1,26.0,26.1,26.2,26.2,26.4,26.3,26.4,26.2,26.4,26.5,26.5,26.5,26.4,26.4,26.5,26.5,26.4,26.5,26.5,26.6,26.4,26.4,26.5,26.4,26.5,26.4,26.4,26.4,26.5,26.4,26.5,26.4,26.3,26.4,26.4,26.4,26.5,26.4,26.4,26.4,26.6,26.5,26.4,26.4,26.5,26.4,26.6,26.6,26.4,26.4,26.5,26.4,26.5,26.4,26.4,26.5,26.6,26.4,26.5,26.5,26.5,26.5,26.5,26.6,26.6,26.6,26.5,26.6,26.7,26.5,26.6,26.8,26.6,26.6,26.7,26.4,26.6,26.7,26.6,26.7,26.8,26.8,26.9,26.7,26.9,26.9,26.7,26.8,26.8,26.8,26.8,26.8,26.9,26.8,26.7,26.8,26.8,26.9,26.9,26.8,27.0,26.9,27.0,26.9,26.9
254,27.3,27.2,27.4,27.4,27.3,27.3,27.3,27.3,27.3,27.2,27.3,27.2,27.1,27.3,27.3,27.3,27.4,27.4,27.2,27.3,27.2,27.2,27.2,27.2,27.3,27.1,27.3,27.3,27.3,27.3,27.3,27.5,27.3,27.2,27.3,27.4,27.1,27.2,27.4,27.1,27.2,27.1,27.3,27.2,27.1,27.0,27.2,27.1,27.0,27.1,27.0,26.9,27.1,27.0,27.0,27.2,26.8,27.0,26.9,26.9,26.9,26.9,26.7,26.8,26.8,26.7,26.8,26.6,26.6,26.6,26.6,26.7,26.6,26.6,26.4,26.5,26.6,26.5,26.5,26.4,26.3,26.4,26.3,26.2,26.3,26.1,26.1,26.0,26.0,26.3,26.5,26.4,26.6,26.4,26.3,26.4,26.3,26.3,26.4,26.2,26.3,26.4,26.7,26.4,26.5,26.4,26.4,26.5,26.6,26.3,26.4,26.4,26.4,26.4,26.3,26.4,26.2,26.4,26.3,26.3,26.3,26.5,26.5,26.4,26.4,26.4,26.3,26.4,26.2,26.4,26.3,26.4,26.4,26.4,26.4,26.4,26.4,26.4,26.6,26.3,26.3,26.4,26.2,26.4,26.4,26.6,26.3,26.4,26.5,26.5,26.6,26.5,26.4,26.4,26.4,26.5,26.6,26.5,26.6,26.6,26.6,26.5,26.6,26.6,26.4,26.7,26.6,26.7,26.7,26.7,26.6,26.8,26.8,26.9,26.8,26.6,26.6,26.9,26.8,26.9,26.9,26.7,26.8,27.0,26.9,26.6,26.9,26.9,26.9,26.9,27.0,26.9
255,27.2,27.3,27.2,27.3,27.3,27.3,27.5,27.4,27.5,27.3,27.3,27.3,27.0,27.3,27.4,27.4,27.4,27.2,27.5,27.4,27.3,27.2,27.4,27.3,27.3,27.3,27.3,27.3,27.3,27.1,27.3,27.3,27.3,27.2,27.1,27.4,27.3,27.2,27.3,27.3,27.2,27.1,27.3,27.2,27.1,27.2,27.2,27.1,27.0,27.2,27.0,27.1,27.1,27.0,27.1,27.0,26.9,26.9,26.9,27.1,27.0,26.8,26.9,26.8,26.7,26.8,26.6,26.7,26.6,26.6,26.5,26.7,26.6,26.6,26.6,26.6,26.5,26.4,26.3,26.3,26.6,26.4,26.2,26.2,26.2,25.9,26.0,26.2,26.2,26.4,26.3,26.4,26.4,26.4,26.3,26.4,26.4,26.2,26.3,26.3,26.3,26.6,26.6,26.4,26.4,26.4,26.5,26.3,26.5,26.3,26.4,26.5,26.3,26.5,26.4,26.4,26.4,26.4,26.3,26.3,26.3,26.4,26.4,26.4,26.4,26.5,26.3,26.5,26.3,26.5,26.3,26.5,26.4,26.5,26.4,26.2,26.3,26.3,26.4,26.4,26.5,26.4,26.5,26.4,26.4,26.4,26.4,26.6,26.4,26.3,26.6,26.4,26.6,26.4,26.6,26.6,26.5,26.7,26.7,26.7,26.6,26.6,26.6,26.5,26.7,26.8,26.7,26.7,26.7,26.8,26.6,26.9,26.7,27.0,26.9,26.8,26.8,27.0,27.0,26.8,26.8,26.9,26.9,26.9,26.9,26.9,26.9,27.0,27.0,27.1,26.9,27.0
