文件路径:,C:\Users\23589\Desktop\物理实验竞赛\实验数据（黑胶带版）\case13_香橙派5Pro裸板_满负载\data\HM20260727170528.csv
源热像文件:,C:\Users\23589\Desktop\物理实验竞赛\实验数据（黑胶带版）\case13_香橙派5Pro裸板_满负载\photo\HM20260727170528.jpeg

测温单位,摄氏度
图像宽度,192
图像高度,256

全局
统计:,,平均值:,27.0
,,最小值:,25.3
,,最大值:,31.0

坐标Y\X,0,1,2,3,4,5,6,7,8,9,10,11,12,13,14,15,16,17,18,19,20,21,22,23,24,25,26,27,28,29,30,31,32,33,34,35,36,37,38,39,40,41,42,43,44,45,46,47,48,49,50,51,52,53,54,55,56,57,58,59,60,61,62,63,64,65,66,67,68,69,70,71,72,73,74,75,76,77,78,79,80,81,82,83,84,85,86,87,88,89,90,91,92,93,94,95,96,97,98,99,100,101,102,103,104,105,106,107,108,109,110,111,112,113,114,115,116,117,118,119,120,121,122,123,124,125,126,127,128,129,130,131,132,133,134,135,136,137,138,139,140,141,142,143,144,145,146,147,148,149,150,151,152,153,154,155,156,157,158,159,160,161,162,163,164,165,166,167,168,169,170,171,172,173,174,175,176,177,178,179,180,181,182,183,184,185,186,187,188,189,190,191
0,26.7,26.7,26.9,26.7,26.9,26.6,26.7,26.7,26.6,26.9,26.8,26.7,26.7,26.9,26.8,26.8,26.9,26.9,26.7,26.9,26.8,26.9,26.9,27.0,26.8,26.7,26.9,26.8,26.6,26.8,26.6,26.7,27.1,26.9,26.9,26.9,26.9,26.7,26.8,26.8,26.9,26.9,26.8,26.8,26.8,26.9,26.9,26.9,26.8,26.9,26.9,26.9,26.7,26.9,26.9,26.9,27.1,26.8,26.9,26.9,26.8,26.9,26.8,27.0,27.1,26.9,26.9,26.9,26.9,26.9,26.9,27.0,26.9,27.0,26.9,27.1,26.9,27.0,26.9,27.0,26.8,26.9,26.9,26.9,26.9,27.0,27.0,26.9,26.9,26.8,26.7,26.8,26.9,27.0,27.0,27.0,26.9,27.0,27.0,27.0,26.8,26.8,27.0,26.9,26.7,26.9,27.0,26.8,27.0,26.9,26.8,26.9,26.9,26.9,26.9,26.7,26.9,26.9,26.8,26.8,26.8,26.9,26.7,27.1,26.7,26.9,26.9,26.9,26.9,26.8,26.8,26.8,26.8,26.9,26.8,26.9,26.8,26.7,26.8,26.9,26.9,26.9,26.8,27.0,26.8,26.9,26.8,26.9,26.9,26.9,26.9,26.9,26.9,26.7,26.8,26.7,26.9,26.7,26.9,26.9,26.8,26.8,26.9,26.9,26.7,26.8,26.7,26.7,26.8,26.8,26.8,26.6,26.6,26.7,26.6,26.8,26.8,26.6,26.7,26.6,26.5,26.8,26.8,26.8,26.8,26.7,26.7,26.7,26.7,26.8,26.8,27.0
1,26.8,26.7,26.9,26.9,26.7,26.8,26.8,26.9,26.6,26.7,26.9,26.8,26.8,26.8,26.8,26.7,26.9,26.7,26.9,26.8,26.9,26.8,26.8,26.9,26.8,26.9,26.8,26.9,26.8,26.8,26.8,26.7,26.9,26.9,26.8,26.9,26.9,26.9,26.9,26.9,26.9,26.6,26.8,26.8,26.9,26.8,26.8,26.9,26.9,26.9,26.8,26.7,26.7,26.8,26.8,26.8,26.9,26.9,26.8,26.8,26.8,26.9,26.9,26.8,26.9,26.9,26.9,26.9,26.9,26.9,27.1,26.9,26.8,26.8,26.9,26.9,26.8,26.8,26.8,26.8,27.0,26.8,26.8,26.8,26.9,26.9,26.9,26.8,26.8,27.0,26.9,26.7,26.9,26.9,26.9,26.9,26.9,26.9,27.0,26.9,27.0,26.9,27.0,26.8,26.8,26.8,27.0,26.9,27.0,26.7,26.9,26.9,26.9,26.9,26.8,27.0,26.8,26.8,26.9,26.8,26.7,27.0,27.0,26.9,26.7,26.7,26.8,26.7,26.8,26.8,26.8,26.8,26.9,26.8,26.9,26.9,26.9,26.7,26.7,27.0,26.9,26.8,26.8,26.8,27.0,27.1,26.8,26.9,26.9,26.7,26.8,26.9,26.8,26.9,26.9,26.8,26.9,26.6,26.7,26.9,26.7,26.8,26.9,26.8,26.7,26.8,26.8,27.0,26.9,27.0,26.6,26.7,26.9,26.7,26.8,26.9,26.6,26.7,26.7,26.9,26.5,26.9,26.7,26.8,26.7,26.6,26.8,26.7,26.9,26.8,26.9,26.8
2,26.9,26.7,26.6,26.8,26.8,26.8,26.6,26.8,26.8,26.9,26.6,26.7,26.6,26.8,26.8,26.7,26.7,27.0,26.7,26.8,26.9,26.7,26.7,26.9,26.9,26.8,26.9,26.8,26.7,26.9,26.7,26.9,26.9,26.9,26.9,26.7,26.7,26.9,26.9,26.9,26.9,26.8,26.9,26.8,26.9,26.9,26.9,26.9,26.8,26.9,26.7,26.7,26.8,26.9,26.8,26.9,26.9,27.0,26.8,26.9,27.0,26.9,26.6,27.0,26.9,26.8,27.0,26.7,27.1,26.9,27.0,27.0,27.0,27.0,26.9,27.0,26.8,26.9,26.9,26.9,26.9,26.9,26.8,27.0,26.9,26.9,26.9,26.8,26.9,27.1,26.9,26.9,26.9,27.0,26.9,27.1,26.9,27.0,27.0,27.0,26.9,26.8,26.8,26.9,26.9,26.9,27.1,26.8,27.1,26.9,26.9,27.0,26.9,26.9,27.1,27.1,26.7,26.9,26.9,26.8,26.9,26.7,26.8,26.9,26.6,26.9,26.9,26.9,26.9,26.8,26.9,26.8,26.8,26.9,26.8,26.7,27.0,27.0,26.9,26.9,26.7,26.7,26.9,26.9,26.8,26.9,26.8,26.9,26.9,26.8,27.0,27.0,26.9,26.9,26.6,26.9,26.8,26.8,26.9,26.9,26.8,26.7,26.7,26.9,26.9,26.7,26.9,26.9,26.8,26.6,26.7,26.8,26.8,26.8,26.8,26.6,26.8,26.8,26.9,26.9,26.7,26.8,26.9,26.9,26.8,26.6,26.7,26.6,26.7,26.8,26.8,26.7
3,26.9,26.7,26.8,26.7,26.7,26.7,26.9,26.8,26.8,26.9,26.7,27.1,26.8,26.9,26.7,27.0,26.7,26.7,26.8,26.9,26.9,26.8,26.9,27.0,26.9,26.9,26.9,26.8,26.7,26.8,26.8,26.7,26.8,26.8,26.9,26.9,27.1,26.8,26.8,26.8,26.9,26.8,26.8,26.8,26.8,26.9,26.7,26.9,27.0,26.9,26.8,26.7,26.9,26.8,26.9,27.0,26.8,26.9,26.7,26.7,26.8,26.8,26.9,26.9,26.9,26.9,27.1,26.9,26.9,26.9,26.6,26.9,26.9,26.8,26.9,26.9,26.6,26.9,26.9,26.9,26.9,26.9,26.8,26.9,26.9,27.0,26.9,26.9,27.0,26.8,26.9,26.8,27.0,26.8,27.0,26.9,27.0,26.9,27.0,27.0,26.9,26.8,26.9,26.9,27.0,27.1,27.0,26.9,26.6,26.9,26.7,26.9,26.9,26.9,26.9,27.0,26.9,27.0,26.7,27.1,26.9,26.8,26.8,26.9,26.9,26.9,26.9,26.9,26.8,26.8,26.8,26.8,26.9,26.9,26.9,26.9,26.8,26.7,27.0,26.9,26.9,26.9,26.8,26.9,26.9,26.9,26.8,26.9,26.9,26.9,26.9,26.9,27.0,26.8,26.7,26.8,26.6,26.8,26.9,26.9,26.9,26.9,26.7,26.7,26.9,26.6,26.7,26.8,26.9,26.8,26.9,26.7,26.7,26.6,26.6,26.7,26.7,26.7,26.7,26.7,26.6,26.5,26.7,26.8,26.8,26.7,26.6,26.6,26.7,26.6,26.6,26.9
4,26.9,26.6,26.9,26.8,26.8,26.8,26.9,26.8,26.9,26.6,26.8,26.9,26.9,26.7,26.9,26.9,26.8,26.9,26.8,26.8,26.8,26.7,26.8,26.9,26.9,26.8,26.9,26.9,27.0,26.8,27.0,26.8,27.0,26.8,26.8,26.9,26.9,26.8,26.7,26.7,26.9,26.8,26.7,26.8,26.9,26.8,26.7,26.9,26.8,26.9,27.0,26.9,26.9,26.9,26.9,26.8,26.9,27.1,26.8,26.9,26.9,26.9,27.0,26.9,26.9,26.9,26.9,26.8,26.9,26.8,27.1,26.9,26.9,26.9,26.8,26.9,26.9,26.9,26.9,26.9,26.9,26.9,27.0,26.9,27.0,27.0,27.0,27.1,26.9,27.0,27.0,26.9,26.9,27.0,26.9,26.9,26.9,26.9,26.8,26.9,27.0,26.9,26.9,26.9,27.0,27.0,26.8,27.0,26.7,26.9,26.9,26.9,26.9,26.9,26.8,26.7,27.0,27.0,26.9,26.9,26.9,26.8,26.9,27.0,26.8,27.0,26.9,26.8,26.9,26.8,26.7,26.9,26.7,26.9,26.9,27.0,26.7,26.9,26.9,26.9,26.9,26.6,26.9,26.7,26.9,26.7,26.7,26.9,26.8,26.9,26.9,26.9,27.1,26.9,26.8,27.0,26.8,26.9,26.9,26.8,26.6,26.9,26.8,26.7,26.9,26.8,26.7,26.7,26.7,26.7,27.0,26.6,26.7,26.7,26.7,26.7,26.8,26.6,26.8,26.9,26.7,26.9,27.0,26.8,26.6,26.9,26.7,26.7,26.8,26.7,26.7,26.8
5,26.6,26.7,26.7,26.7,26.8,26.7,26.7,26.6,26.8,26.8,26.7,26.7,27.0,26.8,26.9,26.6,26.8,26.9,26.9,27.0,26.7,26.9,26.8,26.8,26.8,26.9,26.8,26.7,26.8,26.9,26.8,26.7,26.9,26.9,26.8,27.0,26.8,26.8,26.8,26.8,27.0,26.9,27.0,26.8,26.8,26.8,26.9,26.7,27.0,27.0,26.9,26.8,26.7,26.8,26.9,26.9,26.9,26.9,26.7,26.7,26.8,26.8,26.9,26.9,27.2,26.8,27.0,26.8,26.9,26.8,26.9,26.9,26.8,26.9,26.9,26.9,26.9,27.1,26.9,27.0,27.0,27.0,27.0,26.9,27.0,27.0,26.8,27.0,27.1,27.0,26.9,26.9,27.0,26.9,26.7,27.1,26.9,26.8,26.9,27.0,26.9,26.9,27.0,26.9,26.9,27.0,26.7,26.9,26.8,26.7,26.9,26.8,26.8,26.9,26.9,27.0,27.0,26.8,26.8,27.0,26.9,26.9,26.9,26.8,26.9,26.9,26.9,26.9,26.8,27.1,26.8,26.9,26.9,26.9,26.8,26.8,26.8,26.9,26.9,26.9,26.9,26.9,26.9,26.8,26.9,26.9,26.8,26.7,26.9,26.9,26.8,27.0,26.9,26.8,26.8,26.8,26.8,26.9,26.9,26.8,26.8,26.7,26.9,26.7,26.9,26.7,26.8,26.7,26.9,26.7,26.8,26.6,26.7,26.9,26.8,26.8,26.8,26.7,26.9,26.8,26.7,26.7,26.8,26.7,26.8,26.6,26.7,26.7,26.7,26.6,26.6,26.7
6,26.8,26.7,26.9,26.8,26.8,26.7,26.6,26.8,26.8,26.7,26.9,26.9,26.9,27.0,26.9,26.8,26.7,26.9,26.9,26.8,26.8,26.8,26.9,26.9,26.9,26.8,26.8,26.9,26.9,26.8,27.0,26.9,26.8,26.9,26.7,26.9,27.0,27.0,27.0,26.8,26.9,26.9,26.8,26.8,27.0,26.8,26.9,26.8,26.8,27.0,27.0,26.8,26.9,26.6,27.0,27.0,26.9,26.8,26.9,26.8,27.0,26.7,26.8,26.9,26.8,26.9,27.0,27.0,27.0,26.9,26.8,27.1,26.9,26.9,26.9,26.9,26.9,26.9,27.0,27.0,26.9,27.1,26.9,26.9,27.1,26.9,26.9,26.9,27.0,27.0,27.1,26.9,27.1,27.0,27.0,26.9,26.9,26.9,26.9,27.0,27.1,27.0,26.7,26.9,27.0,27.1,27.1,27.0,26.9,26.9,26.8,27.0,26.9,26.8,27.0,26.8,27.1,27.1,26.7,26.9,26.8,27.0,26.9,26.8,27.0,27.1,27.0,27.0,27.0,26.9,26.8,26.8,26.9,26.9,26.7,26.9,27.0,27.0,26.9,27.0,26.9,26.9,26.9,27.0,27.0,26.8,26.8,26.8,26.9,26.9,26.9,27.0,26.9,26.9,26.8,27.0,26.7,26.9,26.8,26.9,26.8,26.8,26.8,26.9,26.8,26.8,26.7,26.8,26.9,26.7,26.7,26.8,26.9,27.0,27.0,26.8,26.7,26.8,26.7,26.7,26.7,26.8,26.9,26.9,26.7,26.8,26.7,26.6,26.9,26.7,26.8,26.9
7,26.7,26.8,27.0,26.7,26.7,26.9,26.7,26.6,26.8,26.7,26.6,26.8,26.6,26.7,27.0,26.8,26.8,27.0,26.7,26.8,26.8,26.9,27.0,26.8,26.9,26.7,26.8,27.0,26.8,26.9,26.7,26.8,26.8,26.8,26.8,26.8,26.9,27.0,26.8,26.9,26.9,26.9,26.7,26.8,26.8,26.9,26.8,26.9,26.8,27.1,26.7,26.9,26.6,26.8,26.8,26.9,26.7,26.9,26.8,26.9,26.8,26.9,26.7,26.8,27.0,26.9,27.0,27.0,27.0,26.9,27.0,27.0,27.0,26.9,26.8,26.9,27.1,26.9,27.0,27.1,26.9,27.0,26.9,27.0,27.0,26.9,26.8,26.8,27.0,27.0,26.9,26.9,27.0,26.9,26.9,27.0,27.1,26.8,26.9,27.0,26.9,26.9,26.9,26.9,26.9,27.0,27.1,27.0,26.8,27.0,26.9,26.8,26.9,26.8,26.9,26.8,27.1,26.9,26.8,26.9,26.9,27.0,26.8,26.9,26.9,26.9,26.8,26.9,26.9,27.0,26.8,26.9,26.8,26.9,26.8,26.9,26.8,26.9,27.0,26.9,26.9,26.9,26.9,26.9,26.9,27.0,26.8,27.0,27.1,26.7,27.1,26.8,27.0,26.9,26.8,27.0,26.7,26.9,26.9,26.9,26.9,26.8,26.8,26.9,26.8,26.9,26.8,26.8,27.0,26.9,26.6,26.8,26.8,26.7,27.0,26.8,26.8,26.8,26.9,26.7,26.6,26.7,26.8,27.0,26.7,26.9,26.8,26.8,26.8,26.8,26.8,26.9
8,26.6,26.8,26.9,26.8,26.8,26.8,26.9,26.8,26.8,26.8,26.7,26.7,27.0,26.6,26.8,26.7,26.9,26.8,26.9,26.7,26.9,26.9,26.9,26.7,26.9,26.8,26.9,26.9,26.7,26.8,27.0,26.9,26.8,26.9,26.9,26.7,26.7,26.9,26.9,26.9,26.9,26.8,27.0,26.9,26.8,26.9,26.8,26.9,26.9,26.9,26.8,26.8,26.7,26.7,26.9,26.9,26.8,26.9,27.0,26.9,26.9,26.8,26.9,26.9,26.9,26.9,27.0,26.7,26.9,26.9,26.9,26.9,26.9,26.9,26.9,26.9,26.7,26.9,26.9,26.9,27.0,26.8,27.0,26.8,26.9,26.8,26.8,26.9,27.0,26.9,26.8,27.0,27.1,27.0,26.9,27.0,27.0,27.0,26.9,26.9,27.0,27.0,27.0,27.0,26.9,27.0,27.0,26.9,27.0,26.9,26.7,26.8,26.9,26.9,26.8,26.8,26.8,26.9,26.9,27.0,26.9,27.1,26.9,27.0,26.9,26.7,26.7,26.8,26.9,27.0,26.6,26.8,26.9,26.8,26.8,26.9,26.9,26.8,27.0,26.8,26.8,27.0,26.7,27.0,27.0,26.9,26.7,26.9,27.0,27.0,26.8,26.8,26.9,26.8,26.9,26.8,26.8,26.7,27.0,26.9,26.8,26.7,26.7,26.7,27.2,26.9,26.9,26.8,26.8,26.7,26.8,26.8,26.6,26.6,26.7,26.8,26.7,26.4,26.9,26.8,26.8,26.8,26.8,26.9,26.6,26.8,26.8,26.9,26.8,26.6,26.6,26.8
9,26.8,26.5,26.8,26.8,26.8,26.7,27.0,26.8,26.8,26.7,27.0,26.8,26.7,26.9,26.8,26.8,26.9,27.0,26.9,26.8,26.8,26.9,26.8,27.0,26.9,26.8,27.0,26.9,26.7,27.0,26.7,27.0,27.0,27.0,26.7,26.7,26.9,26.9,26.8,26.8,26.7,26.9,26.8,26.9,26.8,26.8,26.7,26.9,26.8,26.9,26.9,26.7,26.9,26.9,27.0,26.8,26.9,27.0,26.9,26.7,26.9,27.1,26.8,27.0,26.9,26.9,27.0,26.8,27.0,27.0,26.8,27.0,26.8,26.9,26.7,26.9,27.0,27.1,26.8,26.8,26.9,27.0,26.9,27.0,26.9,26.8,27.0,27.0,26.8,26.9,26.9,26.9,26.8,27.0,26.9,26.8,26.8,26.9,26.8,26.8,26.9,27.0,26.8,26.9,26.9,26.9,26.9,27.0,26.9,26.9,27.0,26.9,26.9,26.9,26.9,26.8,26.9,26.9,26.7,27.0,26.9,27.0,26.8,26.9,26.8,26.7,27.0,26.8,26.8,27.0,26.9,26.9,26.8,26.9,26.8,26.9,26.8,26.7,26.8,26.9,26.9,26.8,26.8,27.1,26.9,26.9,26.7,26.9,26.9,26.9,26.9,27.0,27.0,26.9,26.8,26.7,26.9,26.9,26.9,26.8,26.7,26.9,26.8,26.8,26.8,26.9,26.8,27.0,27.0,26.8,27.0,26.9,26.8,26.7,26.9,26.7,26.9,26.7,26.7,26.8,26.6,26.9,26.9,26.9,26.6,26.8,26.8,26.6,26.9,26.7,26.8,26.8
10,26.9,26.9,26.8,26.7,26.6,26.6,27.1,26.6,26.8,26.9,26.8,26.6,26.9,26.7,26.9,26.9,26.8,27.0,26.8,26.9,26.9,26.9,26.9,26.7,26.7,26.8,26.8,26.9,26.8,26.9,26.6,26.8,26.9,26.9,27.0,26.9,26.8,26.9,26.9,27.0,26.9,26.8,26.9,26.9,26.9,26.7,27.0,26.9,26.9,26.8,26.9,26.8,26.8,26.8,26.9,26.9,26.9,27.1,26.9,27.0,26.7,26.8,27.0,27.0,26.8,26.9,26.8,26.9,26.9,26.9,27.1,26.9,26.8,27.0,26.9,26.9,26.9,26.9,26.9,27.0,27.0,27.0,26.9,26.9,26.9,26.8,26.8,26.9,26.9,26.7,26.9,26.9,26.8,26.9,27.0,26.8,26.9,26.9,26.9,27.0,26.9,26.9,26.9,26.9,26.8,27.1,26.9,27.0,26.8,26.9,27.0,26.9,26.9,26.9,26.8,26.9,26.9,26.9,26.9,26.9,27.0,26.9,26.8,26.9,27.0,27.0,26.9,27.0,26.9,26.9,26.9,26.8,27.0,26.9,26.8,26.9,26.9,26.8,26.8,27.0,26.8,26.8,26.7,26.9,26.9,26.8,26.8,26.9,26.9,26.7,26.9,26.9,26.7,26.9,26.8,26.9,26.7,26.7,26.7,26.9,26.8,26.9,26.7,26.8,26.9,26.9,26.8,26.8,26.9,26.9,26.8,26.9,26.8,26.7,26.7,26.8,26.8,26.9,26.6,26.7,26.7,26.8,26.8,26.9,26.7,26.7,26.8,26.9,26.8,26.5,26.9,26.7
11,26.8,26.6,26.9,26.8,26.8,27.0,26.9,26.8,27.0,26.7,26.9,26.9,26.7,26.8,26.8,26.8,26.8,26.8,26.9,26.8,26.8,27.0,26.8,26.9,26.7,26.8,26.8,26.8,26.9,27.0,27.0,26.7,27.0,27.0,26.9,26.9,26.8,26.7,26.8,26.7,26.9,26.9,26.9,26.8,26.8,26.9,26.8,26.9,26.8,26.9,27.0,26.9,26.7,26.8,26.9,26.7,26.9,26.9,27.1,26.9,26.9,27.0,27.0,26.9,27.0,26.9,27.0,27.0,26.9,27.0,26.9,26.9,27.1,26.9,27.0,26.9,26.9,27.0,26.9,26.9,26.9,27.0,27.0,26.9,26.9,26.9,26.9,27.0,26.9,26.9,27.0,26.9,27.1,27.1,27.0,27.1,27.1,26.9,27.0,27.1,26.9,26.9,26.9,26.9,27.0,26.9,27.0,26.9,27.0,27.0,27.0,27.0,26.9,26.9,26.9,26.9,27.1,27.0,27.0,26.9,26.9,26.9,26.9,26.9,26.9,26.9,27.0,27.1,26.9,26.9,27.0,26.8,27.1,26.9,26.8,26.8,26.9,26.8,26.8,26.9,27.0,27.0,27.0,26.7,26.9,27.0,26.7,26.8,26.9,26.8,26.8,27.0,27.0,26.9,26.9,26.8,26.9,26.9,26.9,26.9,26.7,26.8,26.8,26.7,26.7,26.9,26.9,26.7,27.1,26.9,27.0,26.8,26.9,26.6,26.8,26.8,26.7,26.8,26.8,26.7,26.7,26.6,26.8,26.7,26.9,26.7,26.6,26.8,26.7,26.7,26.7,26.7
12,26.9,26.9,26.9,26.9,26.8,26.7,26.8,26.9,26.9,26.7,26.8,26.7,26.9,26.9,26.9,26.8,26.9,26.8,26.9,26.9,26.9,26.9,27.0,26.8,26.9,26.9,26.8,26.9,26.8,26.8,26.7,26.8,26.9,26.8,26.8,27.0,26.9,26.9,26.8,26.9,26.9,26.8,26.9,26.8,26.7,26.7,26.9,26.7,26.7,27.0,26.9,26.8,26.8,27.0,27.0,27.0,27.0,27.0,27.0,26.8,26.8,26.9,27.0,27.1,27.1,26.9,26.9,27.1,27.0,26.9,26.9,27.0,27.1,27.1,26.9,26.9,26.9,26.9,27.1,27.0,26.9,26.9,26.9,27.0,26.9,27.0,26.9,27.0,26.8,27.1,27.1,26.8,27.0,27.1,27.0,26.9,27.1,27.1,26.9,26.9,26.9,26.9,27.1,27.0,27.0,26.9,27.0,27.1,26.8,27.0,27.0,26.9,27.0,27.1,26.8,26.8,26.9,27.0,26.9,27.0,27.1,27.1,26.8,27.0,26.9,27.0,27.1,27.1,26.8,26.8,26.9,26.9,26.9,26.8,27.0,27.0,27.1,27.0,27.1,27.0,26.9,26.9,26.8,26.9,26.9,26.9,26.8,26.8,26.8,26.9,27.0,26.7,26.9,26.9,26.9,26.8,26.8,27.0,26.9,26.8,26.9,26.7,26.9,26.8,26.8,26.9,26.9,26.6,26.9,26.8,26.6,26.8,26.8,26.8,26.7,26.9,26.8,26.9,26.9,26.6,26.9,26.9,27.0,26.9,26.9,26.8,26.8,26.8,26.8,26.9,26.9,26.9
13,26.7,26.9,26.8,26.7,26.7,26.8,26.8,26.8,26.8,27.1,26.9,26.8,26.8,26.7,26.6,26.9,27.0,27.0,26.9,26.7,26.8,27.0,26.9,26.7,27.0,26.9,27.0,26.9,26.8,27.1,26.8,26.9,27.0,26.9,26.7,26.9,26.8,26.8,26.8,26.9,26.7,26.8,26.9,26.9,26.8,27.0,26.9,26.9,27.0,26.9,26.9,26.8,26.9,27.0,26.8,26.9,26.9,27.0,27.0,26.9,26.9,26.9,26.8,26.9,27.1,26.9,26.8,26.9,27.0,26.8,27.0,27.2,27.0,26.8,26.9,26.9,26.9,26.9,26.9,26.9,27.0,27.1,27.0,26.9,26.9,26.9,27.0,27.0,27.0,26.9,26.8,27.0,27.1,26.9,27.0,26.8,27.1,27.0,27.0,27.0,27.0,26.8,26.8,26.9,26.9,27.1,27.0,27.0,26.9,26.9,26.9,26.9,26.9,26.8,26.9,26.9,27.0,27.0,26.9,26.9,26.9,27.0,26.9,26.9,27.1,27.0,27.0,26.8,26.9,26.9,26.9,26.9,27.1,26.9,26.9,26.8,27.1,26.8,26.9,26.9,26.9,26.9,27.0,27.0,26.9,27.0,26.9,26.9,26.9,27.0,26.9,26.9,26.8,26.9,26.9,26.9,27.1,26.9,26.9,27.0,26.9,26.7,27.0,26.8,26.9,26.9,27.1,26.8,26.8,26.8,26.7,26.8,26.9,26.9,26.9,26.8,26.6,26.9,26.9,26.7,26.8,26.9,26.8,26.8,26.8,26.6,26.8,26.9,26.8,26.8,26.9,26.9
14,26.9,26.8,26.9,26.8,26.7,26.8,26.9,26.8,27.0,26.9,27.0,26.9,26.8,26.8,26.9,26.8,26.8,27.0,27.0,26.8,26.9,26.9,26.9,26.8,26.7,26.9,26.9,26.6,26.9,26.9,27.0,26.9,26.9,26.9,27.0,26.9,26.9,26.9,26.7,26.8,26.7,26.9,26.9,26.9,26.9,27.0,26.9,26.8,26.9,27.0,26.9,26.9,26.7,26.7,26.7,26.8,26.9,26.9,26.9,26.8,26.9,26.9,27.1,27.0,26.8,26.9,27.1,26.9,26.8,26.8,27.0,27.0,26.9,27.0,27.0,27.1,26.9,27.1,26.9,27.0,26.9,27.0,27.0,27.1,27.1,27.0,26.9,27.1,27.1,27.1,27.0,27.1,27.0,27.0,26.9,27.0,27.0,27.0,26.9,27.1,26.9,26.9,26.9,27.0,26.9,27.0,27.0,27.1,27.0,27.0,26.9,26.9,26.9,27.1,27.0,27.1,26.9,26.9,27.0,26.9,27.0,26.9,26.9,26.9,26.9,26.9,27.1,27.0,26.9,27.0,26.9,26.9,26.9,26.9,26.9,26.9,26.9,27.0,26.9,26.9,26.9,26.9,26.9,26.9,26.8,26.8,26.9,26.8,26.8,26.9,26.9,27.0,26.9,26.8,26.9,26.8,26.9,26.7,26.9,26.8,26.9,26.9,26.8,26.8,26.9,26.7,27.0,26.9,27.1,26.7,26.7,26.8,26.9,26.8,26.6,26.9,26.8,26.8,26.9,26.7,27.0,26.9,26.9,26.9,26.8,26.8,26.8,26.6,26.8,26.7,26.7,26.9
15,27.0,26.7,26.8,26.9,26.7,26.7,26.7,26.8,26.9,26.9,26.8,26.8,26.8,26.7,26.8,26.8,26.8,26.9,26.8,26.7,26.9,26.9,26.9,26.9,26.8,26.8,27.0,26.9,26.9,26.8,26.8,26.8,26.7,26.8,26.8,26.9,26.9,26.9,26.8,26.8,26.8,26.9,26.7,27.0,27.0,26.9,27.0,27.0,26.9,26.8,27.0,26.7,26.8,26.6,26.8,27.0,26.8,26.9,26.9,27.0,26.9,26.9,26.8,26.8,26.9,27.1,26.9,26.9,26.9,26.9,27.0,26.9,26.9,27.1,26.8,26.9,26.9,26.8,27.0,27.0,27.0,27.0,27.0,26.9,27.0,27.0,27.0,27.0,27.1,27.0,26.9,27.0,27.0,27.0,27.1,27.1,27.0,27.2,27.1,27.0,26.9,26.8,27.1,26.9,26.7,27.0,26.9,27.1,27.1,27.0,27.1,27.1,27.0,27.0,27.0,26.9,27.0,26.9,27.0,27.0,27.0,26.8,27.1,27.1,27.1,27.1,27.0,27.1,27.0,27.0,26.9,26.9,26.9,27.1,26.9,27.0,27.0,26.9,26.9,27.0,26.9,26.8,26.9,26.9,26.9,26.8,26.9,27.0,26.9,26.6,26.9,26.7,26.9,26.9,26.8,26.9,26.9,26.7,26.9,26.9,26.9,26.8,26.9,26.9,26.9,26.8,26.8,26.8,26.8,26.7,26.6,26.9,26.7,26.7,26.6,26.7,26.9,26.6,26.8,26.5,26.7,26.9,26.8,26.8,26.8,26.8,26.7,26.8,26.6,26.9,26.6,26.5
16,26.7,26.8,26.9,26.9,26.9,26.9,26.9,26.7,26.9,27.0,26.7,26.9,26.8,26.8,26.9,26.8,26.9,26.9,26.8,26.9,26.9,27.0,26.8,26.9,26.9,26.9,27.0,26.8,26.8,26.7,26.9,26.8,26.9,27.0,26.9,26.8,26.9,26.9,26.9,26.9,26.9,26.8,26.9,26.9,26.9,27.0,26.9,26.9,26.9,26.9,26.9,26.9,26.7,26.7,26.9,27.0,26.9,27.0,26.9,26.9,26.9,27.0,26.9,27.0,26.9,26.8,26.8,26.9,27.0,27.0,26.9,27.0,27.1,27.2,26.9,27.1,26.9,26.9,27.1,27.1,26.9,27.0,26.9,26.9,27.1,26.9,27.0,27.0,26.8,26.9,26.9,26.9,27.1,26.9,26.9,27.1,27.1,27.0,26.9,27.1,27.0,27.0,26.9,27.1,27.1,27.2,27.2,27.0,26.9,27.0,27.1,27.0,27.0,27.0,27.0,27.1,27.1,27.0,26.9,26.9,27.1,26.9,26.9,27.1,26.9,27.0,26.8,27.0,27.0,26.9,26.8,26.9,26.9,26.9,26.9,26.9,27.0,27.0,27.1,27.1,26.7,26.9,27.0,27.0,26.8,26.9,26.9,26.8,26.9,27.0,26.9,27.2,26.8,27.0,26.9,26.9,27.0,26.8,27.0,26.9,26.9,26.8,26.8,26.7,26.8,26.8,26.9,26.8,27.0,26.8,26.7,26.8,26.9,26.9,26.8,26.8,26.7,27.0,26.7,26.6,26.6,26.7,26.6,26.9,26.8,26.7,27.0,26.8,26.7,26.7,26.9,26.8
17,26.8,26.8,26.6,26.7,26.7,26.7,26.8,26.9,27.0,26.7,26.8,26.7,26.7,26.6,26.9,26.7,26.6,26.8,26.7,26.8,26.9,27.0,26.9,27.0,26.8,26.8,26.9,26.9,26.7,26.9,26.7,26.7,26.9,27.1,27.0,26.9,26.9,26.8,26.7,26.9,26.8,26.7,26.9,26.8,26.9,26.8,27.1,26.9,26.9,27.0,27.0,26.8,26.9,26.6,26.8,26.9,26.9,26.9,26.8,26.9,26.9,26.8,26.8,26.9,26.9,26.9,27.1,27.1,27.0,27.0,27.1,27.0,26.9,27.0,26.9,27.1,27.0,27.0,26.9,26.9,26.9,27.1,27.1,26.9,26.9,27.0,27.0,27.0,27.0,26.9,27.0,27.1,27.1,26.9,27.1,27.0,26.9,26.9,27.1,27.3,27.0,26.9,26.9,27.1,27.0,27.1,27.0,27.0,27.0,27.0,27.0,27.2,27.0,26.9,27.1,27.1,26.9,27.2,27.0,27.0,26.9,26.9,26.9,27.1,26.9,27.1,27.0,26.9,27.0,27.0,27.0,27.0,27.0,27.0,26.8,26.9,26.9,27.0,26.9,26.9,27.1,27.0,26.9,26.9,26.8,26.9,26.8,26.9,26.9,26.9,26.8,27.0,26.9,26.9,27.0,26.9,26.9,27.0,26.9,26.9,26.9,27.0,26.8,26.8,26.9,26.9,27.0,27.1,26.8,27.0,26.9,26.8,26.9,26.8,26.8,26.9,26.9,26.9,26.9,26.9,26.7,26.7,26.8,26.9,26.9,26.7,26.9,26.8,26.6,26.7,26.8,26.8
18,26.8,26.8,26.9,26.6,26.8,26.9,26.9,26.9,26.9,26.8,26.9,26.9,26.7,26.9,26.6,26.9,26.9,26.7,26.9,26.9,26.9,26.9,26.8,26.8,26.7,26.7,26.8,26.8,26.8,26.9,26.7,26.8,26.7,26.7,26.8,26.8,26.9,26.9,26.9,26.9,27.0,26.9,26.9,26.7,26.9,27.0,26.9,26.8,27.0,27.0,26.8,26.8,26.9,26.7,26.9,26.9,26.8,26.9,26.7,26.9,26.8,27.1,26.9,26.9,27.0,26.8,26.9,26.9,27.0,26.9,27.0,27.0,26.9,27.1,26.8,27.1,26.7,26.9,26.8,26.9,27.1,26.9,26.9,27.0,26.9,27.0,27.0,27.1,27.2,26.9,26.8,26.9,26.8,27.0,27.1,27.1,26.9,27.1,27.0,27.1,27.0,27.0,27.0,27.0,26.9,27.1,26.9,27.1,27.1,27.1,26.8,26.9,26.8,27.0,27.0,27.0,27.1,26.9,26.9,27.0,26.8,26.8,26.9,27.2,26.9,26.9,26.9,27.0,27.0,27.0,26.9,27.1,26.9,26.9,26.9,27.0,27.0,27.0,26.9,27.1,26.8,26.8,26.9,26.9,26.9,26.9,26.9,26.9,26.9,26.9,26.8,26.9,26.8,27.0,26.9,26.7,26.8,27.0,26.7,26.7,27.0,26.9,26.8,27.1,27.0,26.8,26.7,26.9,26.8,26.7,26.8,26.6,26.8,26.8,26.8,26.9,26.8,26.7,26.6,26.7,26.7,26.8,26.8,26.9,26.8,26.7,26.7,26.7,26.6,26.6,26.6,26.6
19,26.8,26.8,26.8,26.6,26.8,26.8,26.9,26.8,26.9,26.6,26.8,27.0,26.9,26.7,26.7,26.8,26.9,26.9,27.0,27.0,27.0,26.8,26.9,26.8,26.8,26.9,26.9,26.9,26.9,26.9,26.9,26.8,27.0,26.9,26.9,26.9,26.9,27.0,26.9,26.8,26.9,26.8,26.7,26.9,27.0,26.9,27.0,26.9,26.9,27.1,27.0,26.9,26.9,26.8,27.0,27.0,26.9,26.9,26.9,26.9,27.0,27.0,26.9,26.7,27.1,26.9,26.9,26.8,26.9,26.9,26.9,27.0,27.0,27.2,27.0,27.0,26.8,27.3,27.0,27.0,27.1,27.0,26.9,27.0,27.2,27.1,27.1,27.1,27.1,27.1,27.0,27.1,26.9,27.0,27.1,27.1,27.1,27.0,27.1,27.3,27.1,27.1,27.0,27.2,27.0,27.0,27.1,27.1,27.1,27.0,26.9,27.1,27.0,27.1,27.0,27.0,27.0,27.0,26.9,27.1,27.0,27.0,27.1,26.9,27.0,26.9,27.1,27.0,27.1,26.9,26.8,26.8,26.8,26.9,27.0,26.9,27.1,26.9,26.9,27.0,26.9,27.0,26.9,27.0,27.0,27.0,26.8,26.8,27.0,26.8,26.8,26.9,26.9,26.8,26.9,26.8,26.9,26.9,26.9,27.0,26.7,26.9,26.8,26.9,26.8,26.9,26.8,26.9,26.9,26.7,26.7,26.5,26.9,26.9,26.7,26.8,26.8,26.8,26.8,26.7,26.7,26.9,26.9,26.7,26.7,26.9,26.9,26.9,26.8,26.8,26.9,26.9
20,26.9,26.8,26.7,26.8,26.8,26.8,26.7,26.8,26.9,26.7,26.8,26.8,26.8,26.9,26.9,26.8,26.8,26.7,26.8,26.9,26.9,26.8,26.9,26.7,26.8,26.8,26.9,26.9,26.8,26.8,26.7,26.9,27.0,26.9,26.8,26.9,27.0,27.0,26.8,26.9,26.9,26.8,27.0,26.9,26.8,27.0,27.0,26.9,26.9,27.1,26.9,26.8,26.8,26.7,26.7,26.9,26.9,27.0,26.9,26.8,27.0,27.0,27.1,26.9,27.0,26.9,27.0,27.1,27.1,26.9,27.1,27.0,27.1,26.9,27.0,27.2,27.1,27.1,27.1,27.1,27.1,27.0,27.1,27.0,27.1,27.0,27.1,27.3,27.1,27.1,27.0,27.1,27.1,27.0,26.9,27.1,27.2,27.1,27.1,27.0,27.0,27.0,27.0,27.0,27.0,27.2,27.0,26.9,26.9,26.9,27.1,26.9,27.0,27.2,26.9,26.9,27.0,27.1,27.0,27.0,27.0,27.1,26.9,27.0,26.8,27.0,27.0,26.9,26.9,26.9,26.9,27.1,27.0,26.9,27.0,26.9,26.9,26.9,26.8,27.3,27.0,26.9,27.0,26.9,26.9,26.8,26.9,26.8,26.9,26.9,26.9,27.1,26.9,26.9,26.8,26.8,26.9,26.8,26.9,27.0,26.9,26.9,27.0,26.7,27.1,26.9,26.8,26.8,26.8,26.9,26.6,26.7,26.7,26.7,26.8,26.8,26.8,26.9,26.9,26.7,26.7,26.9,26.9,27.0,26.7,26.9,26.7,27.0,26.7,26.6,26.9,26.7
21,26.9,26.7,26.9,26.8,26.8,26.9,26.9,26.9,26.8,26.9,27.0,26.9,26.9,26.8,26.8,26.8,26.7,26.8,26.9,26.8,26.8,26.9,27.0,26.9,26.8,26.9,26.8,26.8,26.9,26.7,26.8,26.9,26.9,26.9,26.9,26.9,26.8,27.0,26.9,27.0,26.8,26.9,26.9,26.8,27.0,27.0,27.0,27.0,26.8,26.9,26.9,26.9,27.0,26.8,26.8,26.9,26.7,26.9,26.9,26.9,27.0,26.9,27.0,27.0,26.9,27.2,27.1,27.1,27.0,26.8,27.1,27.0,27.0,27.0,27.1,27.0,27.0,27.0,27.1,26.9,27.2,27.1,26.9,27.2,27.2,27.1,27.0,27.1,27.0,27.0,27.1,27.1,27.1,27.1,27.0,27.1,27.1,27.1,27.1,27.1,27.2,27.1,27.1,27.0,27.1,27.2,27.0,27.1,27.0,26.9,27.2,27.1,26.9,26.9,27.0,27.1,27.0,27.0,26.9,26.9,27.2,26.9,26.9,26.9,26.9,26.9,27.0,27.1,26.9,27.2,27.0,27.0,27.0,26.9,26.9,26.9,26.9,27.0,27.0,27.0,26.9,27.0,27.0,27.0,27.0,27.0,26.9,26.8,26.9,26.9,26.8,26.9,27.0,27.0,26.9,26.8,26.9,26.9,26.9,26.9,27.0,26.9,26.8,26.8,26.8,26.9,26.9,26.8,26.8,26.9,26.7,26.8,26.7,26.8,26.7,26.7,26.8,26.8,26.9,26.9,26.7,26.9,26.7,26.9,27.0,26.7,26.6,26.8,26.8,26.7,26.8,26.7
22,26.8,26.7,26.9,26.7,26.8,26.7,26.9,26.7,26.7,26.9,26.8,26.8,26.9,26.9,26.9,26.8,26.9,26.8,27.0,26.8,27.0,26.9,27.0,27.0,26.9,26.8,26.8,26.7,26.9,26.8,26.8,27.0,26.9,26.9,26.8,26.9,26.9,26.9,27.0,26.9,27.0,26.9,26.9,27.1,26.9,27.0,26.9,26.9,26.9,26.9,26.9,27.0,26.9,26.7,27.1,26.9,26.9,26.9,27.0,26.7,26.9,26.8,26.9,27.1,27.1,27.0,27.1,27.1,26.9,26.9,27.2,27.1,26.9,27.0,27.1,27.1,26.9,27.0,26.9,27.1,27.0,27.3,27.1,27.0,27.0,27.0,27.1,27.1,27.0,27.1,27.1,27.0,26.9,27.0,27.1,27.2,27.1,26.9,27.1,27.0,27.0,27.1,27.0,27.0,27.1,27.0,27.0,27.0,27.1,27.0,27.0,26.9,27.1,27.2,27.1,27.0,26.9,27.1,27.0,27.2,27.0,27.0,27.1,27.1,27.1,27.1,27.1,27.0,27.2,27.1,27.0,27.0,27.0,27.1,27.0,26.9,27.0,27.1,26.9,27.1,26.9,27.1,27.0,27.0,26.8,27.0,26.9,27.0,26.9,26.8,26.9,26.9,26.9,26.9,26.9,26.8,26.7,26.9,26.8,26.9,26.7,26.7,27.0,26.7,26.8,26.9,26.8,26.9,26.9,26.9,26.9,26.6,26.9,26.7,26.8,26.9,26.8,26.7,26.7,26.8,26.7,26.7,26.9,26.9,26.9,26.8,26.6,26.7,26.9,26.6,26.9,26.7
23,26.9,26.8,26.9,26.7,26.9,26.8,26.7,26.8,26.7,26.9,27.0,27.0,26.8,26.7,26.6,26.9,26.9,26.8,26.9,27.0,26.9,26.9,26.9,26.8,26.9,27.0,26.8,26.9,26.8,26.8,26.8,26.8,26.8,26.9,26.8,26.8,26.8,26.9,26.9,26.9,26.9,26.8,26.9,27.0,27.0,26.8,26.9,26.9,26.9,27.0,27.0,26.9,27.0,26.9,26.9,26.9,26.9,26.9,26.9,26.9,26.7,26.9,27.0,26.9,27.0,27.0,27.1,27.0,27.0,27.0,27.1,26.8,27.2,26.9,27.0,27.0,27.0,27.0,26.9,27.2,26.9,27.1,27.0,27.1,27.1,27.1,27.0,27.0,27.1,27.1,27.1,27.1,27.1,27.1,27.0,27.1,27.0,27.0,27.3,27.2,27.2,27.2,27.1,27.2,27.1,27.2,27.1,27.2,27.1,27.1,27.1,27.0,27.0,27.2,27.0,27.0,27.0,27.1,27.2,27.0,27.1,27.1,27.1,26.9,27.0,27.1,27.0,27.2,27.1,27.0,26.9,27.0,27.0,26.8,26.9,27.0,27.0,27.0,26.9,27.0,27.0,26.9,27.0,26.9,26.9,26.9,26.9,26.9,26.9,27.0,26.6,27.1,27.0,26.8,27.0,26.9,26.9,27.0,26.9,26.7,26.8,26.9,27.0,26.8,26.9,26.8,27.0,26.9,26.9,27.0,26.8,26.9,26.8,26.6,26.7,26.8,26.7,26.7,26.9,27.0,26.7,26.8,26.8,26.9,26.7,26.9,26.8,26.7,26.8,26.8,26.8,26.6
24,26.8,26.7,26.8,26.8,26.7,26.6,26.8,26.7,26.8,26.9,26.9,26.9,26.9,26.8,26.7,26.7,26.9,26.9,26.9,27.1,26.9,26.9,26.8,26.9,26.8,26.9,26.9,26.8,26.8,26.8,26.9,27.0,27.1,26.9,26.9,26.9,26.9,26.7,26.9,26.9,27.0,26.9,26.8,27.0,26.9,27.0,26.9,26.9,27.0,27.0,26.7,26.9,26.9,26.8,26.8,26.8,27.1,27.0,27.0,26.9,26.9,26.9,26.9,26.9,27.0,27.1,27.1,27.1,27.0,26.9,27.1,27.1,27.0,26.9,27.1,27.0,27.1,27.1,27.0,27.1,27.1,27.2,27.1,26.9,27.0,27.0,27.0,26.9,27.1,27.0,27.1,27.1,27.2,27.3,27.1,27.1,27.1,27.1,26.9,27.1,27.1,26.9,27.1,27.1,27.1,27.1,27.2,27.1,27.1,27.2,27.1,27.1,27.1,27.2,26.9,27.0,27.1,27.1,27.0,27.0,26.9,27.0,26.9,27.1,27.2,27.2,27.0,26.9,27.0,27.1,26.9,27.1,27.1,27.0,27.0,27.2,27.1,27.0,27.0,26.9,27.0,26.9,26.9,27.0,27.0,27.0,27.0,26.9,27.0,26.9,26.7,26.9,26.9,26.9,27.0,26.9,26.9,27.1,26.9,26.8,26.7,27.0,27.1,27.0,26.8,26.9,26.9,26.8,26.8,26.9,26.7,26.7,26.7,26.7,26.8,26.9,26.8,26.7,26.9,26.8,26.7,26.9,26.9,26.8,26.6,26.9,26.7,26.8,26.9,26.8,26.9,26.7
25,26.7,26.9,26.9,26.7,26.7,26.9,26.7,26.9,26.9,26.8,26.9,26.8,26.8,26.8,26.8,26.9,26.9,26.6,26.8,26.8,26.7,26.8,26.7,26.8,26.7,26.9,26.8,26.9,26.8,26.8,26.7,26.9,27.0,26.9,27.0,26.9,26.7,26.9,26.8,27.0,26.9,27.1,26.8,26.8,26.9,26.9,26.9,26.9,27.0,26.9,26.8,26.9,27.0,26.8,26.8,26.9,26.9,26.7,26.9,26.9,26.9,27.0,27.0,26.8,27.1,26.9,26.9,27.0,26.9,27.0,27.1,27.0,27.0,27.1,27.1,27.1,27.1,27.1,26.9,27.0,27.2,27.2,27.0,27.1,27.1,27.2,27.0,27.1,27.1,27.3,26.9,27.0,27.0,27.1,27.0,27.1,27.0,27.2,27.1,27.2,27.1,27.1,27.2,27.1,27.0,27.1,27.1,27.1,26.9,27.1,27.1,27.0,27.0,27.0,27.2,27.1,27.1,27.1,27.1,27.1,27.0,27.0,26.9,27.1,26.9,27.1,26.9,27.0,27.0,27.2,26.9,27.1,27.1,27.0,27.0,26.9,27.0,26.9,26.9,26.9,27.0,26.9,26.9,27.0,27.0,27.0,26.9,27.0,26.9,26.9,26.9,27.0,26.9,26.9,26.9,26.8,26.9,26.8,27.0,26.8,26.9,26.8,26.7,26.7,26.9,26.8,26.9,26.8,26.8,26.8,26.7,26.9,26.7,26.5,26.8,26.8,26.9,26.9,26.8,26.7,26.6,26.9,26.9,26.9,26.7,26.8,26.7,26.9,26.9,26.8,26.7,26.8
26,26.8,26.8,26.9,26.8,26.7,26.8,26.9,26.8,26.9,26.9,27.0,26.9,26.8,26.8,26.7,26.8,26.9,26.9,26.8,26.9,26.8,26.8,26.9,26.9,26.8,26.9,26.8,26.9,26.8,27.0,26.8,26.8,26.9,27.1,27.0,26.9,26.7,26.9,26.7,26.9,27.1,26.8,26.9,26.9,27.1,26.9,26.9,26.9,27.0,27.0,26.9,26.9,26.8,26.9,27.0,27.0,27.0,27.2,27.0,26.9,26.9,27.0,26.9,27.1,27.0,26.9,27.0,27.0,27.0,27.0,27.1,27.1,26.9,27.1,27.1,27.0,27.1,27.0,27.1,27.2,27.1,27.3,27.1,27.1,26.9,27.1,26.9,27.1,27.1,27.1,27.2,27.1,27.1,27.1,27.2,27.1,27.1,27.1,27.1,27.0,27.3,27.1,27.1,27.1,27.1,27.0,27.2,27.2,27.2,27.1,27.2,27.1,27.2,27.1,27.2,27.1,27.0,27.1,27.1,27.1,27.1,27.1,27.1,27.2,27.1,27.1,27.1,27.2,27.0,27.1,27.0,26.9,26.9,27.1,27.0,27.1,27.1,27.0,27.1,27.0,27.0,27.0,27.0,26.9,27.0,27.1,27.0,26.9,27.0,27.0,27.0,27.0,27.0,26.9,26.9,26.9,27.0,27.0,27.0,26.8,26.9,26.9,26.9,26.8,26.9,26.9,26.9,26.9,26.7,26.7,26.9,26.9,26.9,26.8,26.9,26.7,26.8,26.8,26.8,26.8,26.9,26.7,26.7,26.8,26.8,26.7,26.9,26.8,26.8,26.8,26.9,26.9
27,26.9,26.8,26.9,26.8,26.6,26.9,26.9,26.7,26.8,26.6,26.8,26.7,26.8,26.7,26.9,26.7,26.9,26.7,26.8,26.8,26.8,26.8,26.9,26.9,26.9,26.9,26.9,27.1,26.9,26.9,26.8,26.8,26.9,26.8,26.9,26.9,26.9,26.9,26.9,26.9,26.9,26.9,26.8,26.8,27.0,27.0,26.9,26.8,26.9,26.9,26.8,26.9,26.8,26.8,27.0,27.0,26.9,27.0,26.9,27.0,26.9,27.0,26.8,27.1,26.9,26.9,27.1,27.0,27.0,27.0,26.9,27.2,27.1,27.1,27.1,27.0,27.0,27.1,27.1,27.1,27.2,27.1,27.1,27.2,27.1,27.2,27.2,27.1,27.1,27.1,27.0,26.9,27.1,27.2,27.1,27.2,27.1,27.1,27.1,27.2,27.3,27.0,27.2,27.1,27.1,27.1,27.0,27.2,27.1,27.3,27.1,27.0,26.9,27.1,27.1,27.1,27.1,27.1,27.0,27.1,27.1,27.0,27.0,27.2,27.1,27.0,27.1,27.2,27.1,27.0,27.1,27.0,27.1,27.1,27.1,27.0,27.1,26.9,27.1,27.0,27.1,27.1,26.8,27.0,27.0,26.8,27.0,27.0,27.0,27.0,26.9,26.9,27.0,27.0,26.8,26.9,26.9,26.9,26.9,26.8,27.0,26.9,26.9,26.9,26.9,26.9,27.0,26.8,26.8,26.9,26.9,26.9,26.8,26.7,26.6,26.7,26.9,26.8,26.9,26.8,26.8,26.9,26.8,26.9,26.8,26.7,26.6,26.8,26.6,26.8,26.8,26.9
28,26.8,26.6,27.0,26.8,27.0,26.8,26.7,26.7,26.7,26.8,26.9,26.9,27.0,26.8,26.7,26.9,26.9,26.8,27.1,26.9,26.7,26.7,26.9,26.9,26.7,26.7,26.6,26.9,26.9,27.0,26.9,27.0,26.8,26.9,27.0,26.9,26.9,26.8,26.9,27.1,26.9,26.7,26.8,27.0,26.9,27.1,27.1,26.9,26.9,27.1,26.9,27.0,27.1,26.7,27.1,27.1,27.0,26.9,27.0,27.0,26.9,26.8,26.9,26.9,26.9,27.0,27.0,27.1,27.0,27.1,27.1,27.0,26.9,27.1,27.1,27.1,27.0,27.2,27.2,27.1,27.1,27.1,27.2,27.1,27.2,27.1,27.0,27.0,27.2,27.1,27.1,27.1,27.2,27.1,27.1,27.2,27.1,27.1,27.1,27.2,27.2,27.1,27.1,27.0,27.0,27.2,27.2,27.2,27.1,27.1,27.1,27.0,26.9,27.1,27.1,27.0,27.1,27.0,27.1,27.0,27.1,27.1,27.2,27.1,27.1,27.1,27.0,27.1,26.9,27.1,26.9,27.1,27.1,26.9,27.1,27.0,27.2,27.1,27.1,26.9,26.9,26.9,26.9,27.1,27.0,27.1,26.9,27.0,27.0,26.9,27.1,26.9,26.8,27.0,26.9,26.9,27.0,27.0,26.9,26.9,26.9,26.8,26.8,27.0,26.9,26.8,26.9,27.0,26.9,26.9,27.0,26.7,26.9,26.8,26.8,26.8,26.7,26.9,26.7,26.8,26.8,26.9,26.9,26.8,26.9,26.5,26.9,26.8,26.6,26.7,26.9,26.8
29,26.8,26.7,26.8,26.9,26.9,26.9,26.9,26.8,26.8,26.9,26.8,27.0,26.7,26.8,26.9,26.8,26.8,26.8,26.7,26.8,27.0,26.9,27.0,26.8,26.9,26.9,26.9,26.9,27.0,26.9,26.7,26.9,26.9,26.9,26.8,26.9,26.9,26.9,26.8,27.0,26.9,26.9,27.0,26.8,27.1,27.1,26.9,27.0,26.9,27.0,26.9,27.0,26.9,27.1,27.1,26.9,27.1,27.0,27.1,27.0,27.0,27.0,27.1,27.1,27.0,27.1,27.0,27.0,27.1,27.1,27.2,27.1,27.0,27.1,27.0,27.0,27.1,27.0,27.1,27.0,27.1,27.1,27.1,27.1,27.2,27.0,27.3,27.2,27.1,27.3,27.1,27.1,27.1,27.3,27.3,27.1,27.3,27.3,27.2,27.1,27.2,27.1,27.1,27.1,27.1,27.3,27.1,27.2,27.0,27.1,27.2,27.2,27.1,27.0,27.1,27.2,27.2,27.1,27.1,27.1,27.1,27.1,27.2,27.1,27.2,27.1,27.0,27.1,27.1,27.1,27.0,27.0,27.0,27.2,27.2,27.1,27.1,27.1,27.1,27.1,26.9,27.2,27.0,27.1,26.9,27.0,27.1,27.1,27.0,27.0,27.0,27.0,27.0,27.1,26.9,26.9,26.8,26.8,27.0,27.0,26.9,26.9,27.0,26.8,26.9,26.9,26.8,26.8,27.0,26.9,26.8,26.8,27.0,26.8,26.9,26.7,26.7,26.8,26.9,26.8,26.6,26.8,26.7,26.7,26.8,26.7,26.8,26.7,26.7,26.6,26.8,26.7
30,26.8,26.9,26.9,26.8,26.9,26.8,26.8,26.8,27.0,26.9,26.9,26.8,26.7,26.7,26.8,26.9,26.9,26.8,26.9,26.6,26.9,26.9,26.8,26.8,26.7,26.8,26.7,26.9,26.9,27.0,26.8,26.8,27.0,26.9,26.9,26.8,26.9,26.8,26.7,26.9,26.9,26.9,27.0,26.9,27.0,27.0,27.0,27.0,27.0,26.9,26.9,26.9,26.8,26.9,26.9,27.0,26.9,27.0,26.9,27.0,26.8,27.1,27.1,27.1,27.1,27.2,27.1,27.1,27.1,27.1,26.9,27.1,27.0,27.1,27.1,27.1,27.1,27.1,27.1,27.1,27.1,27.3,27.2,27.2,27.2,27.1,27.1,27.3,27.0,27.0,27.0,27.1,27.1,27.1,27.2,27.2,27.3,27.1,27.1,27.2,27.3,27.0,27.2,27.1,27.0,27.2,27.1,27.2,27.1,27.1,27.1,27.2,27.1,27.3,27.0,27.1,27.0,27.1,27.0,27.1,27.0,27.2,27.0,27.0,27.0,27.1,27.1,27.0,27.0,27.1,27.1,27.1,27.2,26.9,27.1,27.2,27.2,27.1,27.0,27.0,27.1,27.0,27.1,26.9,26.9,26.9,26.9,26.9,27.0,26.9,26.9,27.2,27.1,26.9,26.9,26.8,26.9,26.8,26.9,26.8,26.9,26.9,26.9,27.0,26.9,27.0,27.0,26.8,26.9,26.8,26.9,26.8,26.9,26.9,26.8,26.7,26.8,26.8,26.7,26.9,26.8,26.9,26.6,26.8,26.8,26.7,26.9,26.7,26.8,26.7,26.7,26.7
31,26.8,26.7,26.7,26.7,26.8,27.0,26.9,26.7,26.8,26.9,27.0,26.9,26.9,26.7,27.0,26.9,26.9,27.0,26.9,26.9,27.0,26.9,26.8,26.9,26.8,26.8,26.8,27.0,26.8,27.1,27.0,27.0,27.1,26.9,27.1,27.0,26.9,26.9,27.0,26.9,26.9,26.7,26.9,27.0,26.9,27.0,26.9,26.9,27.0,27.0,27.0,27.1,27.0,27.0,27.1,27.0,27.0,27.3,27.1,27.1,27.0,27.0,26.9,27.1,27.1,27.0,27.2,27.1,27.1,27.2,27.1,27.2,27.4,27.1,27.2,27.2,27.3,27.3,27.1,27.2,27.3,27.1,27.1,27.3,27.3,27.3,27.1,27.3,27.1,27.1,27.3,27.3,27.3,27.3,27.2,27.3,27.4,27.2,27.3,27.3,27.2,27.1,27.2,27.1,27.0,27.1,27.1,27.2,27.0,27.1,27.1,27.1,27.3,27.1,27.0,27.1,27.1,27.1,27.2,26.9,27.1,27.1,27.1,27.1,27.2,27.0,27.1,27.0,27.0,27.3,27.0,27.1,27.0,27.1,27.0,27.2,27.3,27.1,27.2,27.1,26.9,26.9,27.0,27.1,26.9,26.9,26.8,27.0,27.0,26.9,27.0,27.0,26.9,27.0,26.9,26.9,27.0,26.9,26.9,26.8,26.9,27.0,26.9,26.9,26.9,26.9,26.9,26.9,26.9,27.1,26.9,26.9,26.9,26.9,26.9,26.9,26.7,27.1,26.9,26.7,26.9,26.7,26.9,26.8,26.8,26.9,26.7,26.7,26.6,26.7,26.8,26.7
32,27.0,26.7,26.7,26.7,26.7,26.6,26.9,26.7,26.6,26.7,26.7,26.8,26.9,26.9,26.8,26.8,26.8,26.8,27.0,26.8,26.9,26.9,27.0,26.8,26.7,26.8,26.9,26.8,26.8,27.0,26.9,26.8,26.8,26.9,26.9,26.9,26.9,26.9,26.9,26.9,26.8,26.8,26.9,26.9,27.0,27.1,26.9,26.8,26.9,27.0,26.9,26.9,26.8,26.9,27.0,27.0,26.9,27.2,27.0,27.1,27.0,26.9,26.9,27.2,27.0,27.1,27.1,27.1,27.3,27.2,27.1,27.1,27.1,27.1,27.1,27.1,27.3,27.1,27.1,27.2,27.1,27.3,27.0,27.2,27.2,27.1,27.2,27.1,27.1,27.2,27.0,27.1,27.3,27.1,27.2,27.2,27.3,26.9,27.1,27.2,27.3,27.1,27.1,26.9,27.1,27.0,27.1,27.1,27.3,27.1,27.1,26.9,27.1,27.0,27.1,27.0,27.0,27.0,27.0,27.0,27.1,27.1,27.1,27.1,26.8,27.2,27.1,27.1,26.9,27.1,27.0,27.1,26.9,26.8,27.0,26.9,26.9,27.2,27.2,27.2,26.9,26.9,26.9,27.1,27.0,27.1,26.9,27.0,27.0,27.1,26.9,27.0,27.0,26.9,26.8,27.1,26.9,26.9,26.9,27.0,27.1,27.1,26.9,26.9,26.8,26.9,26.9,26.9,26.8,26.9,26.8,27.1,26.8,26.7,26.8,26.8,26.7,26.9,26.9,26.7,26.8,26.7,26.8,27.0,26.8,26.9,26.9,26.9,27.0,26.7,26.7,26.7
33,26.7,26.8,26.9,26.8,26.7,26.8,26.8,26.9,26.8,26.8,26.7,26.8,26.8,26.9,26.8,26.8,26.7,26.8,26.9,26.9,26.9,26.9,26.9,26.8,26.8,26.8,26.9,26.9,26.8,26.9,26.9,26.9,26.9,26.9,26.9,26.8,27.0,26.9,26.8,26.9,26.9,26.9,26.9,27.1,27.0,27.0,27.1,27.1,26.9,27.0,27.0,27.1,26.9,27.1,27.1,26.9,26.9,27.2,27.1,27.1,26.9,27.1,26.9,27.1,27.2,27.1,27.1,27.0,27.1,27.1,27.2,27.1,27.2,27.1,27.2,27.1,27.0,27.3,27.1,27.2,27.1,27.0,27.2,27.1,27.1,27.2,27.1,27.3,27.2,27.1,27.1,27.0,27.1,27.2,27.2,27.3,27.2,27.1,27.1,27.2,27.3,27.2,26.9,27.1,27.1,27.2,27.2,26.9,27.0,27.1,27.1,27.1,27.1,26.9,27.1,27.1,27.1,27.2,27.1,27.0,27.1,27.1,27.0,27.2,27.1,27.2,27.1,27.1,27.1,27.1,27.1,27.2,27.1,27.0,27.1,27.1,27.2,27.0,27.1,26.9,27.1,26.9,27.0,27.0,27.0,27.1,27.0,27.2,27.1,26.9,27.1,27.0,27.0,26.8,26.9,26.8,26.9,27.0,27.1,27.0,27.1,26.8,27.1,26.8,27.1,27.0,26.9,27.0,27.0,26.9,27.0,26.7,26.9,26.9,26.7,26.9,27.0,27.1,26.9,26.8,26.9,26.7,26.8,26.7,26.9,26.9,27.0,26.9,26.8,26.9,26.7,27.0
34,27.0,26.9,26.9,26.8,26.8,26.7,27.0,26.6,27.0,26.9,26.9,26.7,26.8,26.8,26.8,26.8,26.8,27.0,26.9,26.9,26.9,26.9,27.1,26.9,26.9,26.8,26.8,26.7,26.9,27.0,26.9,26.9,26.8,27.0,27.1,27.0,26.9,27.0,27.0,27.0,26.9,26.9,26.8,27.0,26.8,27.1,27.1,26.9,27.0,27.1,27.0,27.0,27.1,27.0,27.0,27.1,27.0,27.1,27.1,27.2,27.0,27.2,27.0,27.1,27.0,27.1,27.1,27.1,27.3,27.1,27.1,27.2,27.2,27.3,27.1,27.1,27.0,27.3,27.1,27.1,27.3,27.2,27.1,27.2,27.1,27.3,27.3,27.3,27.3,27.2,27.2,27.1,27.3,27.2,27.2,27.1,27.0,27.2,27.2,27.3,27.0,27.2,26.9,27.1,27.0,27.1,27.1,27.0,27.0,27.1,27.0,27.1,27.1,27.2,27.1,27.1,27.1,27.1,27.1,27.1,27.0,27.0,27.1,27.1,27.3,27.1,27.1,27.0,27.0,27.2,27.1,27.1,27.1,27.0,27.1,27.1,27.0,27.0,27.2,27.0,27.1,27.1,27.2,26.9,26.9,26.9,27.1,27.0,26.9,27.0,27.0,27.2,27.1,26.9,26.9,26.9,26.9,27.1,27.0,27.1,26.9,26.8,27.0,26.9,26.9,26.6,26.8,27.0,26.9,26.9,26.7,26.9,26.8,26.8,26.8,26.8,26.9,26.9,26.9,26.8,26.8,26.7,26.8,26.8,26.8,26.8,26.8,26.7,26.8,26.7,26.7,26.8
35,26.8,26.8,26.7,26.9,26.8,26.6,26.9,26.7,26.8,26.9,26.8,26.8,26.7,26.7,26.8,26.7,26.8,26.9,26.9,26.9,26.9,26.9,27.0,26.9,26.8,26.9,26.8,26.9,27.0,26.9,26.8,27.0,27.0,27.0,27.0,26.9,27.0,27.0,26.9,26.7,26.8,26.9,26.9,26.9,26.9,27.1,27.1,26.9,27.0,26.7,26.9,27.0,26.8,26.9,27.1,27.0,27.0,27.1,27.0,27.1,26.9,27.2,27.1,27.1,27.0,27.2,27.3,27.0,27.0,27.3,27.0,27.1,27.1,27.2,27.1,27.1,27.1,27.2,27.2,27.2,27.3,27.2,27.2,27.2,27.2,27.1,27.2,27.2,27.2,27.2,27.2,27.2,27.3,27.3,27.1,27.1,27.0,27.0,27.1,27.0,27.1,27.1,27.1,26.9,27.0,26.9,26.9,26.9,26.9,26.9,26.9,27.0,27.0,27.0,27.0,27.1,27.0,27.0,27.0,27.2,27.0,27.0,27.1,27.1,27.3,27.2,27.1,27.1,27.3,27.2,27.1,27.1,27.1,27.2,27.1,27.1,27.1,27.1,27.1,27.0,27.1,27.1,27.1,27.2,26.9,27.0,26.9,27.0,27.1,27.0,27.2,27.1,27.0,26.9,26.9,26.9,26.9,26.9,26.9,27.0,26.9,27.0,26.9,26.9,27.0,27.0,27.0,26.8,26.8,26.9,26.9,26.7,26.9,27.0,26.8,26.8,26.7,26.7,26.8,26.7,26.7,26.6,26.7,26.8,26.8,26.6,27.0,26.8,26.6,26.8,26.7,26.6
36,26.7,26.7,26.8,26.8,26.7,26.7,26.8,26.8,26.8,27.0,26.9,26.9,26.9,26.7,26.7,27.1,26.9,26.9,27.0,26.7,26.9,27.0,27.0,26.9,26.9,26.8,26.9,26.9,26.7,26.7,27.0,26.9,26.9,26.9,26.9,27.0,27.0,26.9,27.0,26.9,27.0,26.9,27.0,26.9,26.9,27.0,26.9,26.9,27.0,27.0,26.9,26.9,27.0,26.9,27.0,27.1,27.0,27.1,27.0,27.1,27.2,27.1,27.0,27.2,27.1,27.1,27.1,27.0,27.1,27.1,27.1,27.1,27.1,27.1,27.2,27.1,27.1,27.2,27.2,27.3,27.1,27.1,27.2,27.2,27.1,27.3,27.1,27.2,27.1,27.1,26.9,27.1,27.1,27.1,27.0,27.1,26.9,26.9,27.0,26.6,27.0,26.9,26.9,26.8,26.7,26.8,26.8,26.9,26.8,26.7,26.6,26.7,26.8,26.8,26.9,26.9,27.1,27.2,26.9,27.0,27.0,27.0,26.9,27.0,27.0,27.0,26.9,27.2,27.0,27.1,27.1,27.3,27.0,27.2,26.9,27.2,27.1,27.0,27.1,27.1,27.0,27.1,27.1,27.1,27.1,27.0,27.0,26.9,27.1,26.9,26.9,26.9,27.2,27.1,26.8,27.0,27.0,27.1,27.0,26.8,27.0,26.9,26.9,26.9,26.9,27.0,27.0,26.8,26.8,26.9,26.8,26.8,26.8,26.9,27.0,26.8,26.7,26.8,27.0,26.9,26.8,26.8,26.7,26.9,26.8,26.9,26.8,26.7,26.8,26.9,26.7,26.9
37,26.7,26.8,26.8,26.8,26.6,26.8,26.8,26.9,27.1,26.9,26.7,26.9,26.8,26.9,26.8,26.8,26.9,27.0,26.9,26.8,26.7,26.9,26.9,26.9,27.0,27.0,27.0,27.1,26.9,26.9,26.9,26.9,27.0,27.1,27.0,26.9,27.0,26.9,26.9,27.0,26.9,27.0,26.9,26.9,27.0,27.1,27.0,27.0,27.1,27.0,27.0,27.1,26.9,27.1,27.1,27.0,27.0,27.0,27.3,27.2,27.2,27.0,27.1,27.0,27.0,27.0,27.2,27.1,27.1,27.1,27.3,27.1,27.1,27.1,27.2,27.2,27.1,27.1,27.1,27.1,27.2,27.2,27.3,27.1,27.1,27.2,27.2,27.2,27.3,27.0,27.1,27.1,27.2,27.1,26.8,26.9,26.8,26.6,26.8,26.7,26.6,26.9,26.6,26.6,26.6,26.7,26.7,26.6,26.5,26.5,26.4,26.6,26.6,26.7,26.8,26.9,27.0,27.1,27.0,26.9,27.1,27.1,27.1,27.1,27.1,27.1,27.0,27.1,27.1,27.0,27.1,27.1,27.0,27.1,27.1,27.1,27.1,27.1,27.1,27.0,27.1,27.2,27.0,27.2,26.9,26.9,26.9,27.1,27.1,27.0,27.0,27.1,27.0,27.0,27.2,27.1,27.0,27.0,27.0,26.8,26.8,26.8,27.0,26.9,26.8,26.9,26.7,26.9,26.9,26.9,26.9,26.9,26.8,26.9,26.9,26.9,26.8,27.0,26.8,26.7,26.7,26.8,26.8,26.9,26.9,26.9,26.7,26.7,26.8,26.9,26.8,26.9
38,26.9,26.8,26.9,27.0,26.9,26.8,26.8,26.8,26.7,26.9,26.9,26.8,26.9,26.9,26.8,26.8,26.8,27.0,26.8,26.9,26.7,27.0,26.9,26.9,26.9,26.8,26.9,26.8,27.0,27.0,26.8,27.1,26.9,26.9,27.1,27.0,26.9,26.9,26.9,27.0,26.9,26.9,26.9,27.1,26.9,27.0,26.8,27.1,27.0,26.9,27.0,27.1,26.9,27.1,26.9,26.9,26.9,27.2,27.1,27.1,27.2,27.0,27.0,27.2,27.1,27.0,27.1,27.2,27.2,27.1,27.2,27.1,27.1,27.0,27.3,27.2,27.3,27.2,27.1,27.2,27.2,27.1,27.1,27.3,27.2,27.1,27.2,27.1,27.1,27.1,27.1,27.2,27.0,27.1,26.9,26.7,26.6,26.7,26.6,26.6,26.5,26.5,26.6,26.6,26.5,26.4,26.4,26.5,26.6,26.3,26.4,26.4,26.4,26.6,26.9,26.9,27.0,26.9,26.9,26.8,27.0,27.0,27.0,27.1,27.1,27.0,27.0,27.0,27.0,27.1,27.1,27.0,27.0,27.1,27.0,27.1,26.9,27.1,27.1,26.9,27.0,27.0,26.9,27.1,26.9,27.2,27.0,26.9,27.2,27.1,27.1,27.1,26.9,26.9,26.9,26.9,26.7,27.0,27.1,26.9,26.9,26.9,26.8,26.8,27.1,27.0,27.0,26.9,26.9,26.8,26.6,26.9,26.8,26.9,26.8,26.8,26.9,26.9,26.7,26.8,26.9,26.9,26.9,26.8,26.9,26.8,26.8,26.7,26.9,26.8,26.8,26.6
39,26.7,26.7,26.7,26.8,26.8,26.6,26.8,26.9,26.8,26.8,26.9,26.8,26.8,26.7,26.9,26.9,26.8,26.9,26.8,26.8,26.8,26.8,26.9,26.9,26.9,26.9,26.9,26.9,26.8,26.9,26.8,26.9,26.9,26.7,27.0,27.0,26.8,26.9,26.9,26.9,26.7,26.8,26.8,26.9,27.0,27.1,27.0,26.9,26.9,27.1,27.0,27.1,26.9,27.0,27.0,27.0,27.0,27.1,27.1,27.0,27.1,27.0,27.2,27.0,27.1,27.2,27.1,27.1,27.1,27.0,27.1,27.3,27.0,27.1,27.1,27.0,27.1,27.1,27.2,27.1,27.1,27.1,27.1,27.1,27.1,27.3,26.9,27.1,27.1,27.0,27.0,27.0,27.0,26.9,26.8,26.6,26.6,26.6,26.5,26.5,26.5,26.4,26.4,26.7,26.5,26.5,26.5,26.6,26.4,26.4,26.4,26.5,26.4,26.6,26.7,26.7,26.8,27.0,26.9,27.0,27.0,26.9,27.1,26.9,27.1,27.1,27.0,26.9,27.0,27.1,27.0,27.0,27.1,27.2,27.1,27.0,27.1,27.0,27.1,27.0,26.9,27.1,27.1,27.1,27.1,27.1,27.1,26.9,27.1,26.9,27.1,27.0,26.9,27.1,27.0,27.1,26.9,26.9,26.9,27.0,26.9,26.9,26.8,26.9,26.9,27.0,26.9,26.9,27.0,26.9,26.9,26.8,26.8,26.7,26.6,26.8,26.8,26.9,26.8,26.8,26.9,26.9,26.9,26.9,26.9,26.8,26.8,26.7,26.6,26.8,26.7,26.8
40,26.8,26.8,26.8,26.8,26.7,26.7,26.8,26.9,26.9,26.7,26.9,26.9,26.9,26.7,26.7,26.9,26.9,26.8,26.9,26.9,26.9,27.0,27.0,26.8,26.8,26.9,27.0,26.9,26.9,27.0,26.9,26.8,26.8,26.8,26.8,26.8,27.1,26.9,26.9,27.0,26.8,26.7,26.8,26.8,26.9,27.1,26.9,26.9,27.1,27.0,27.1,26.9,27.0,27.1,27.1,27.0,27.0,27.0,26.9,27.0,26.9,27.0,27.2,27.2,26.9,27.0,27.1,27.1,27.3,27.2,27.2,27.1,27.0,27.1,27.2,27.1,27.2,27.1,27.0,27.2,27.1,27.2,27.0,27.1,27.1,27.1,27.0,27.1,27.0,27.1,27.1,26.9,27.0,26.8,26.8,26.6,26.4,26.6,26.5,26.6,26.6,26.6,26.6,26.7,26.6,26.7,26.6,26.7,26.6,26.6,26.6,26.6,26.6,26.4,26.8,26.7,27.1,26.9,27.0,26.8,27.0,26.9,27.1,27.0,27.2,27.1,27.0,27.1,27.2,27.1,27.2,27.1,27.0,27.1,27.1,27.1,27.2,27.0,27.3,27.1,27.1,27.0,27.1,27.1,27.0,27.2,27.0,27.0,27.1,26.9,27.0,27.0,27.0,27.1,27.1,27.1,27.1,27.1,27.0,26.9,27.0,26.9,27.0,26.9,26.9,26.8,27.0,26.9,26.8,27.0,26.7,26.9,26.8,27.0,26.9,26.9,26.9,27.0,27.0,26.9,26.9,26.8,26.8,26.8,26.9,26.9,26.7,26.8,26.7,26.9,26.9,26.8
41,26.7,26.9,26.8,26.7,26.9,26.8,26.7,27.0,26.9,26.8,26.9,26.9,26.8,27.0,27.0,26.9,26.9,27.0,26.9,26.8,26.9,26.9,26.9,26.8,27.0,27.0,26.9,26.9,26.9,26.9,26.7,26.7,26.6,26.6,26.8,26.7,26.8,27.0,26.9,27.0,26.7,26.5,26.5,26.4,26.6,26.9,27.0,26.9,27.1,27.0,27.0,26.9,27.1,27.0,27.1,27.1,26.9,27.0,27.1,27.0,27.0,26.9,27.0,26.8,27.0,27.0,27.0,26.9,27.1,27.0,26.9,27.0,26.9,27.0,26.8,27.0,26.9,26.9,27.1,26.9,26.8,27.0,26.8,26.7,26.9,26.7,26.8,26.9,26.8,26.6,26.7,26.6,26.7,26.9,26.5,26.4,26.4,26.5,26.5,26.5,26.6,26.6,26.4,26.5,26.6,26.5,26.6,26.8,26.6,26.8,26.8,26.4,26.5,26.6,26.9,26.6,26.7,26.7,26.8,27.0,27.2,27.3,27.4,27.1,27.1,27.1,27.1,27.0,27.0,27.0,27.1,27.2,27.1,27.1,27.1,27.0,27.2,27.1,27.1,27.0,26.9,27.0,27.0,27.1,27.0,27.2,27.1,27.0,27.1,27.1,27.1,27.1,26.9,27.1,27.0,26.9,27.1,27.1,27.1,27.0,27.1,26.9,26.9,26.9,27.1,26.9,26.8,26.9,27.1,27.0,26.9,26.8,26.8,26.9,26.9,26.9,26.8,26.9,26.8,26.9,26.8,26.8,26.8,26.8,26.8,26.9,26.9,26.7,26.7,26.9,26.8,26.9
42,26.7,26.7,27.0,26.9,26.6,26.7,26.6,26.6,26.7,26.9,26.9,26.8,26.8,26.8,26.7,27.0,26.9,27.0,27.0,26.9,26.8,26.9,26.9,26.9,26.8,26.9,26.8,26.8,26.9,26.7,26.7,26.5,26.4,26.4,26.5,26.5,26.7,26.9,26.9,26.9,26.8,26.6,26.4,26.4,26.4,26.7,26.7,27.0,26.8,26.9,26.9,26.7,26.7,26.7,26.9,26.8,26.7,26.9,26.8,26.9,26.9,26.7,26.8,26.6,26.6,26.7,26.8,26.7,26.8,26.7,26.6,26.6,26.7,26.8,26.6,26.8,26.6,26.8,26.6,26.5,26.6,26.6,26.5,26.6,26.7,26.6,26.5,26.6,26.5,26.5,26.6,26.3,26.5,26.4,26.2,26.3,26.3,26.5,26.6,26.5,26.6,26.6,26.6,26.7,26.6,26.6,26.8,27.0,27.0,26.8,26.8,26.5,26.6,26.4,26.6,26.6,26.6,26.8,26.7,26.9,27.2,27.6,27.3,27.3,27.3,27.3,27.4,27.1,27.0,27.0,27.1,27.1,27.1,27.1,27.2,27.1,27.1,27.1,27.1,27.0,26.9,27.0,27.0,27.1,27.1,27.1,27.0,27.0,27.1,27.0,26.9,27.2,27.0,26.9,27.1,26.9,27.1,27.1,27.1,26.9,27.0,26.8,26.9,27.0,26.9,27.0,26.9,27.0,26.8,26.9,26.9,26.9,26.9,26.8,26.7,26.9,26.8,27.0,26.9,26.8,26.6,26.7,26.8,26.9,26.8,26.7,26.6,26.8,26.6,26.7,26.6,26.8
43,26.6,26.8,26.8,26.7,26.7,26.7,26.7,26.8,26.8,26.8,26.8,26.9,26.8,26.9,26.8,27.0,26.9,26.9,26.9,26.8,26.9,26.8,26.9,26.9,26.9,26.8,27.0,26.8,26.9,26.7,26.4,26.5,26.4,26.6,26.5,26.5,26.4,26.7,26.6,26.9,26.7,26.6,26.4,26.5,26.4,26.7,26.7,26.7,26.9,26.7,26.8,26.6,26.7,26.7,26.8,26.9,26.8,26.6,26.7,26.7,26.7,26.5,26.6,26.6,26.5,26.5,26.6,26.4,26.5,26.5,26.6,26.6,26.5,26.5,26.5,26.5,26.5,26.6,26.4,26.6,26.5,26.4,26.5,26.4,26.3,26.4,26.3,26.3,26.2,26.2,26.2,26.3,26.3,26.2,26.3,26.1,26.4,26.6,26.6,26.7,26.8,26.8,26.7,26.7,26.6,26.6,26.9,27.1,26.9,26.8,26.8,26.7,26.5,26.6,26.6,26.8,26.6,26.9,27.0,27.2,27.8,28.0,27.7,27.3,27.5,27.8,27.8,27.2,27.2,27.2,27.0,27.0,27.2,26.9,27.1,27.2,27.3,27.1,27.1,27.0,27.1,26.9,27.0,27.1,27.0,27.1,27.1,27.1,27.0,27.0,27.1,27.2,27.0,27.1,27.0,26.9,27.1,26.9,27.1,27.0,27.1,26.9,27.0,26.8,26.9,27.0,26.9,26.9,26.8,26.9,26.9,26.8,26.9,26.9,26.9,26.9,26.8,27.0,26.9,26.8,26.8,26.8,27.0,26.9,26.8,26.9,26.8,26.9,26.9,26.9,26.8,26.9
44,26.8,26.7,26.9,26.9,26.8,27.0,26.9,26.7,26.9,27.0,26.8,26.7,26.8,27.0,26.9,26.9,26.9,26.9,26.9,26.9,26.9,27.0,27.0,26.8,27.0,26.9,26.8,26.9,26.7,26.6,26.6,26.5,26.6,26.6,26.4,26.4,26.6,26.6,26.6,26.6,26.6,26.5,26.7,26.6,26.7,26.6,26.6,26.9,26.8,26.7,26.9,26.7,26.6,26.7,26.7,26.7,26.8,26.7,26.6,26.7,26.5,26.4,26.5,26.4,26.4,26.2,26.4,26.5,26.4,26.4,26.4,26.3,26.4,26.3,26.4,26.4,26.4,26.5,26.4,26.3,26.2,26.3,26.3,26.5,26.5,26.5,26.3,26.4,26.3,26.4,26.3,26.4,26.2,26.4,26.3,26.4,26.6,26.5,26.7,26.6,26.8,26.9,26.8,26.8,26.8,26.8,26.9,27.2,27.0,26.9,26.8,26.8,26.6,26.8,26.7,26.8,26.9,26.8,27.1,27.6,28.3,28.4,27.7,27.2,27.5,28.4,28.1,27.6,27.0,27.1,27.0,27.0,27.1,27.2,27.1,27.0,27.3,27.1,27.2,27.1,27.0,27.2,27.1,27.2,27.2,27.1,27.1,27.1,27.1,27.0,27.1,26.9,27.1,27.2,26.9,27.1,27.1,27.0,27.0,27.0,27.1,27.0,26.9,26.9,26.9,27.0,26.9,26.9,26.9,26.9,26.9,27.0,26.8,27.0,26.7,26.9,26.8,26.8,26.9,26.9,26.8,26.8,26.8,26.8,26.7,26.8,26.9,26.9,27.1,26.7,26.9,26.7
45,26.7,26.8,26.8,26.8,26.9,26.8,26.9,26.8,26.7,26.8,27.0,26.9,26.9,26.8,26.8,26.9,27.0,27.1,26.9,26.8,26.9,26.9,26.9,27.0,26.7,26.9,27.0,26.8,26.7,26.6,26.5,26.4,26.5,26.6,26.6,26.6,26.6,26.5,26.6,26.6,26.4,26.2,26.4,26.5,26.3,26.5,26.5,26.7,26.6,26.9,26.6,26.4,26.6,26.7,27.0,26.8,26.8,26.6,26.7,26.7,26.5,26.6,26.5,26.5,26.4,26.4,26.3,26.5,26.4,26.4,26.4,26.5,26.4,26.4,26.3,26.3,26.2,26.4,26.4,26.4,26.2,26.3,26.4,26.3,26.4,26.3,26.4,26.4,26.2,26.4,26.3,26.2,26.4,26.4,26.4,26.5,26.5,26.7,26.8,26.9,27.0,26.9,26.9,26.8,26.7,26.8,27.0,27.2,27.1,27.0,26.9,26.7,26.6,26.6,26.8,26.5,26.8,27.0,27.4,27.7,28.2,28.1,27.6,27.2,27.5,28.5,28.1,27.5,27.2,26.9,27.0,27.1,27.1,27.1,27.0,27.1,27.1,27.1,27.2,27.2,27.2,27.1,27.1,26.9,27.1,27.1,27.1,27.1,27.2,27.0,27.2,27.1,27.0,27.1,26.9,27.0,27.0,27.0,27.1,27.0,27.1,26.9,26.9,27.0,27.1,26.9,26.9,26.9,27.0,26.9,26.9,27.0,27.0,26.9,26.9,26.9,26.9,26.9,26.9,26.7,27.0,26.8,26.9,27.0,26.9,26.9,26.9,26.9,26.7,26.9,26.7,26.9
46,26.9,26.9,26.8,26.9,26.9,26.7,26.9,26.8,26.9,26.8,26.9,26.9,26.7,26.8,26.8,26.9,26.8,26.9,27.0,26.9,26.9,26.9,26.8,26.8,27.0,26.8,27.0,26.9,26.6,26.6,26.5,26.5,26.4,26.7,26.6,26.4,26.6,26.5,26.2,26.5,26.4,26.4,26.3,26.5,26.5,26.5,26.4,26.8,26.7,26.8,26.8,26.7,26.6,26.6,26.8,26.9,26.7,26.6,26.6,26.5,26.6,26.5,26.6,26.6,26.3,26.4,26.3,26.5,26.4,26.5,26.4,26.4,26.6,26.4,26.4,26.4,26.4,26.5,26.5,26.5,26.2,26.4,26.3,26.4,26.4,26.5,26.6,26.5,26.5,26.4,26.4,26.4,26.5,26.7,26.7,26.8,26.6,26.6,26.7,26.8,26.7,26.9,26.9,26.8,26.8,26.7,26.9,27.0,27.0,26.8,26.7,26.6,26.7,26.8,26.7,26.9,26.8,26.9,27.2,27.6,27.7,28.0,27.5,27.2,27.6,28.2,27.8,27.5,26.9,27.0,26.9,27.1,27.1,27.1,27.1,27.1,27.1,27.2,27.2,27.2,27.0,27.1,27.1,27.1,26.9,27.2,27.0,27.0,27.1,26.9,27.0,27.2,27.0,27.1,27.0,26.9,26.9,26.9,27.0,27.1,26.9,26.9,27.1,27.0,27.1,27.0,27.0,26.8,26.9,26.9,26.9,26.9,26.7,27.0,26.8,26.8,26.9,27.0,26.8,26.8,26.8,26.9,26.8,26.9,26.9,26.9,26.9,26.9,26.7,26.7,26.8,26.7
47,26.7,26.6,26.8,26.8,27.0,26.9,26.8,26.9,26.9,26.9,26.8,27.0,26.8,27.0,27.0,27.0,26.9,27.0,26.9,27.1,26.9,27.1,27.0,27.0,27.0,27.0,26.9,27.1,26.6,26.6,26.5,26.5,26.6,26.5,26.5,26.4,26.4,26.4,26.4,26.5,26.4,26.5,26.4,26.4,26.4,26.5,26.5,26.4,26.7,26.6,26.9,26.9,26.7,26.8,26.7,26.9,26.6,26.7,26.4,26.6,26.8,26.9,26.7,26.6,26.7,26.4,26.5,26.4,26.3,26.6,26.6,26.5,26.6,26.6,26.4,26.4,26.4,26.5,26.4,26.6,26.6,26.6,26.5,26.4,26.5,26.5,26.5,26.5,26.5,26.4,26.5,26.6,26.6,26.6,26.7,26.7,26.8,26.8,26.8,26.9,26.9,26.8,27.0,26.9,26.8,26.8,26.9,27.1,27.0,26.7,26.8,26.9,26.8,26.9,26.8,26.7,26.6,26.7,27.1,27.2,27.5,27.7,27.6,27.7,27.8,28.0,27.6,27.2,26.8,27.1,26.9,27.0,26.9,27.1,27.0,27.1,27.1,27.1,27.2,27.2,27.0,27.0,27.1,27.1,27.0,27.1,27.0,27.0,26.8,27.0,26.9,27.1,27.1,27.1,26.9,26.9,26.9,26.9,26.9,27.0,26.9,27.0,26.9,26.8,27.0,26.9,26.9,27.0,27.0,26.8,26.9,26.8,26.8,26.9,26.7,26.9,26.8,26.9,26.9,26.9,26.9,26.9,26.9,26.9,26.8,26.9,26.8,26.9,26.7,26.9,26.6,26.6
48,26.8,26.7,27.1,26.8,26.9,26.9,26.9,26.9,26.7,27.0,26.9,27.0,26.9,26.9,27.1,26.9,27.0,27.0,27.0,26.9,26.8,27.0,26.8,27.1,27.0,26.9,26.9,26.9,26.6,26.7,26.5,26.5,26.5,26.5,26.5,26.6,26.5,26.4,26.4,26.6,26.5,26.6,26.4,26.3,26.3,26.3,26.5,26.7,26.8,26.6,26.8,26.6,26.9,26.8,26.6,26.6,26.7,26.8,26.6,26.6,26.8,26.9,26.8,26.7,26.7,26.6,26.6,26.6,26.7,26.5,26.6,26.6,26.6,26.7,26.7,26.6,26.6,26.7,26.6,26.7,26.8,26.6,26.5,26.5,26.9,26.8,26.7,26.6,26.7,26.6,26.6,26.5,26.5,26.8,26.7,26.8,26.9,27.0,27.2,27.0,27.3,27.4,27.4,27.2,27.2,27.2,27.3,27.4,27.3,27.2,27.2,27.1,27.1,27.1,27.1,26.8,26.8,26.8,26.9,26.9,27.2,27.4,27.6,27.7,27.6,27.4,27.2,27.0,27.1,26.9,27.2,26.9,27.1,27.0,26.9,27.2,27.2,27.1,27.0,27.1,27.1,27.1,27.1,27.3,27.1,27.0,27.1,27.1,27.2,27.1,27.0,27.1,27.0,27.1,27.1,27.1,27.0,27.0,27.0,27.0,26.9,26.8,27.0,26.9,27.1,26.9,27.1,26.9,27.0,26.9,27.0,26.7,26.7,26.8,26.9,26.9,27.0,26.8,26.9,26.9,26.8,26.9,26.7,26.9,26.9,26.7,26.9,26.9,26.8,26.8,26.6,26.8
49,26.8,26.7,26.9,26.9,26.8,26.9,26.9,26.9,26.9,26.8,26.8,26.8,26.9,26.8,26.8,26.9,26.9,27.0,26.9,27.0,26.9,26.9,27.1,26.9,27.0,27.0,26.8,26.9,26.8,26.7,26.5,26.6,26.5,26.4,26.6,26.5,26.4,26.6,26.4,26.3,26.4,26.4,26.5,26.4,26.3,26.5,26.2,26.6,26.8,26.8,26.6,26.8,26.8,26.6,26.7,26.6,26.8,26.6,26.6,26.6,26.7,26.9,26.7,26.6,26.8,26.9,26.7,26.7,26.7,26.6,26.7,26.6,26.4,26.7,26.7,26.6,26.6,26.6,26.6,26.6,26.6,26.7,26.6,26.8,27.1,27.1,27.1,26.8,26.8,26.7,26.5,26.5,26.6,26.6,26.8,26.9,27.2,27.5,27.7,27.8,27.7,27.8,27.7,27.7,27.8,27.8,28.0,27.8,27.8,27.9,27.8,27.9,27.9,27.6,27.3,26.9,26.7,26.8,27.1,27.2,27.6,27.7,27.8,28.0,27.7,27.7,27.5,27.0,26.8,26.9,26.8,27.0,27.1,26.9,27.1,27.1,27.1,27.2,27.3,27.2,27.3,27.2,27.1,27.2,27.2,27.0,27.1,27.0,27.0,27.0,27.1,27.1,27.1,27.1,27.1,27.1,27.1,27.1,27.1,26.9,27.0,26.8,26.9,27.0,27.1,27.1,26.9,27.0,27.0,26.8,26.8,26.9,26.9,27.0,27.0,26.9,26.9,27.0,27.0,26.8,26.9,26.9,26.8,26.9,26.7,26.9,26.9,27.0,26.9,26.8,26.9,26.9
50,26.8,26.9,26.7,26.9,27.0,26.8,26.8,26.9,26.9,27.0,27.0,26.9,26.9,26.9,27.0,27.0,27.0,27.0,27.2,27.0,27.0,27.1,27.1,27.1,27.0,26.9,27.2,26.9,27.1,26.7,26.6,26.6,26.6,26.8,26.6,26.6,26.6,26.6,26.7,26.6,26.6,26.6,26.6,26.6,26.5,26.6,26.6,26.6,26.7,26.7,26.8,26.7,26.8,26.6,26.6,26.6,26.6,26.6,26.6,26.7,26.6,26.8,26.5,26.9,26.7,26.8,26.9,26.6,26.8,26.7,26.8,26.6,26.7,26.7,26.6,26.7,26.6,26.8,26.8,26.7,26.7,26.9,26.6,26.9,27.3,27.4,27.5,27.2,26.8,26.6,26.6,26.7,26.6,26.9,27.0,27.5,28.0,28.0,28.3,28.5,28.5,28.6,28.7,28.6,28.7,28.7,28.7,28.9,28.9,28.6,28.5,28.7,28.5,28.2,27.6,27.3,26.9,27.1,27.1,27.7,28.2,28.5,28.4,28.5,28.3,28.1,27.9,27.4,27.0,27.0,26.8,26.9,27.1,27.0,27.0,27.2,27.3,27.3,27.2,27.1,27.1,27.1,27.1,27.1,27.1,27.1,27.1,27.2,27.1,27.0,27.2,27.1,27.0,27.1,27.0,27.0,27.1,27.0,27.0,27.1,27.0,26.9,27.1,27.1,27.1,27.0,27.0,27.1,27.2,27.1,27.0,26.9,26.9,26.7,26.9,26.9,27.0,26.9,27.1,26.8,26.8,26.8,26.9,27.0,26.8,26.8,26.9,26.8,26.9,26.9,26.9,26.8
51,26.8,26.7,26.9,26.7,26.9,27.0,26.8,26.9,27.0,26.9,26.9,26.9,26.9,27.1,27.0,27.1,26.8,26.9,27.1,27.1,26.9,27.0,27.0,27.0,27.0,27.0,27.2,27.1,26.9,26.8,26.8,26.8,27.0,26.8,27.0,26.8,27.0,26.7,26.7,26.7,26.6,26.5,26.6,26.6,26.7,26.9,26.8,26.9,27.1,27.0,26.9,26.8,26.7,26.6,26.6,26.7,26.7,26.7,26.6,26.5,26.6,26.6,26.7,26.7,26.6,26.6,26.8,26.6,26.6,26.6,26.6,26.6,26.7,26.7,26.7,26.5,26.8,26.8,26.7,26.7,26.8,26.7,26.8,26.9,27.7,28.0,28.2,27.6,27.1,26.6,26.7,26.5,26.6,27.0,27.3,27.6,28.6,29.3,29.4,29.3,29.4,29.7,29.6,29.8,29.6,29.7,29.7,29.6,29.7,29.4,29.5,29.4,29.5,29.0,28.2,27.4,27.0,27.2,27.4,28.4,28.8,28.6,28.0,28.1,28.3,28.5,28.4,27.8,27.3,27.0,26.9,26.9,27.2,26.9,27.0,26.9,27.0,27.1,27.3,27.1,27.1,27.2,27.1,27.4,27.1,27.1,27.1,27.1,27.1,27.2,27.1,27.2,27.3,27.2,27.1,27.1,27.1,27.0,27.1,26.9,27.1,26.9,27.1,26.9,27.2,27.0,27.0,27.0,27.0,27.1,26.9,26.8,26.7,26.7,26.9,27.1,26.9,26.9,26.8,27.0,26.9,27.0,26.9,26.9,26.9,26.9,26.8,26.7,26.9,26.7,26.8,26.9
52,26.9,26.9,26.9,26.9,26.9,26.9,27.0,27.0,27.0,26.8,26.9,26.9,26.7,26.9,26.9,27.0,27.0,27.0,27.1,27.0,27.1,27.1,27.1,26.9,27.0,27.2,27.0,27.0,26.9,27.2,26.9,27.0,26.9,26.9,27.1,27.3,27.2,27.3,27.0,26.8,26.8,26.7,26.6,26.9,27.1,27.0,26.9,26.9,27.1,27.1,27.0,26.9,26.6,26.9,26.8,26.8,26.5,26.7,26.7,26.6,26.6,26.8,26.6,26.7,26.8,26.7,26.7,26.7,26.6,26.9,26.6,26.6,26.6,26.6,26.7,26.8,26.9,26.9,26.9,27.1,27.0,26.9,27.0,27.1,27.7,28.4,28.6,27.8,27.0,26.7,26.8,26.6,26.8,27.0,27.4,28.2,29.1,29.8,30.0,30.0,30.2,30.2,30.4,30.3,30.4,30.4,30.3,30.3,30.3,30.2,29.8,29.9,29.7,29.6,28.7,27.8,27.3,27.3,27.7,28.8,28.9,27.9,27.4,27.3,27.8,28.6,29.0,28.1,27.5,27.1,26.8,26.9,27.0,27.1,27.0,27.1,27.3,27.2,27.2,27.2,27.3,27.3,27.2,27.0,27.3,27.0,27.2,27.2,27.1,27.0,27.1,27.2,27.2,27.1,27.1,27.1,26.9,27.1,27.1,27.1,27.0,26.9,27.1,27.0,27.1,27.1,26.9,26.9,26.9,27.0,26.8,26.8,27.0,26.8,27.0,27.1,26.9,26.9,26.9,27.0,26.8,27.1,27.0,26.8,26.9,26.8,26.7,26.7,26.8,26.9,26.8,26.9
53,26.8,26.6,26.8,26.9,26.8,27.0,26.8,26.8,26.9,26.9,26.9,26.8,27.0,26.9,26.9,26.9,27.1,27.0,26.9,27.0,27.2,27.1,27.1,27.1,27.1,27.1,27.0,27.1,26.9,27.1,27.1,27.4,27.3,27.4,27.3,27.4,27.7,27.8,27.3,27.2,26.9,26.8,26.9,27.1,27.3,27.3,27.3,27.2,27.6,27.8,27.6,27.1,26.9,26.6,26.6,26.5,26.6,26.8,26.9,26.9,26.6,26.8,26.6,26.7,26.7,26.6,26.6,26.7,26.8,26.8,26.9,26.6,26.6,26.7,26.8,26.8,26.7,26.9,27.0,26.9,26.9,26.9,26.9,27.1,27.5,28.2,28.3,27.6,27.0,26.9,26.8,26.6,26.7,27.2,27.4,28.3,29.5,29.8,30.4,30.4,30.6,30.5,30.6,30.5,30.5,30.6,30.6,30.7,30.7,30.2,29.9,29.7,29.8,29.7,28.8,27.8,27.4,27.2,27.8,28.7,28.5,27.9,27.2,27.1,27.2,28.3,29.0,28.2,27.3,27.2,27.0,27.0,27.0,27.1,26.9,27.1,27.2,27.1,27.0,27.1,27.1,27.1,27.1,27.3,27.1,27.1,27.0,26.9,27.0,27.1,27.1,27.1,27.1,27.1,27.2,27.1,27.0,26.9,27.1,26.9,27.0,27.1,27.1,26.9,27.1,27.0,27.1,26.8,27.1,27.1,26.9,27.0,27.0,26.8,27.0,27.0,26.8,26.9,26.9,26.8,26.9,26.9,26.8,27.0,26.9,26.7,26.9,26.9,26.9,26.8,27.0,26.7
54,26.7,26.7,26.8,26.7,26.8,26.9,27.0,27.0,27.1,26.9,26.9,26.9,27.0,26.9,27.1,27.1,26.8,26.9,27.0,27.0,27.2,27.1,27.0,26.9,27.2,27.1,27.0,27.1,27.0,27.0,27.3,27.6,27.7,27.6,27.4,27.5,28.0,28.2,28.0,27.4,26.9,26.9,27.0,27.2,27.4,27.6,27.4,27.1,27.3,27.8,27.8,27.6,27.1,26.8,26.6,26.6,26.6,26.7,26.8,26.7,26.6,26.6,26.7,26.6,26.6,26.7,26.7,26.6,26.5,26.7,26.8,26.8,26.8,26.6,26.5,26.6,26.6,26.8,26.8,26.8,26.9,27.0,26.9,26.9,27.1,27.4,27.6,27.1,26.8,26.8,26.7,26.6,26.8,27.1,27.6,28.3,29.4,30.0,30.4,30.5,30.5,30.6,30.5,30.4,30.6,30.6,30.5,30.5,30.5,30.4,29.7,29.5,29.9,29.8,28.9,28.0,27.4,27.2,27.8,28.5,28.5,27.9,27.4,27.2,27.4,28.3,28.8,28.3,27.3,27.0,26.9,26.8,26.9,27.0,27.0,27.0,27.0,27.1,27.0,27.1,27.3,27.0,27.2,27.1,27.1,27.2,27.0,27.3,27.1,27.1,27.1,27.2,27.2,27.3,27.1,26.9,27.0,27.2,27.1,26.9,27.1,27.0,27.2,26.9,27.2,27.1,27.0,27.1,27.1,27.0,26.9,26.9,26.8,26.9,26.9,26.9,26.7,26.9,27.0,26.8,26.8,26.9,26.8,26.9,26.9,26.7,26.9,27.0,26.9,26.7,26.9,26.8
55,26.8,26.7,26.9,26.8,26.7,26.6,26.9,26.9,26.9,27.0,27.1,26.8,26.9,26.9,26.9,27.1,27.0,26.9,27.1,27.0,27.1,27.1,27.0,27.1,27.2,27.1,27.1,27.0,27.1,27.1,27.4,27.8,27.8,27.6,27.4,27.2,27.6,27.9,28.2,27.6,27.2,27.1,27.0,27.2,27.7,27.8,27.6,27.4,27.1,27.5,27.8,27.6,27.2,26.8,26.6,26.6,26.6,26.8,26.7,26.7,26.6,26.8,26.7,26.7,26.6,26.6,26.7,26.7,26.7,26.7,26.8,26.7,26.8,26.6,26.6,26.6,26.6,26.7,26.7,27.0,26.9,26.7,26.8,26.8,26.7,26.8,26.9,26.9,26.6,26.8,26.8,26.6,26.9,26.9,27.6,28.5,29.5,30.1,30.4,30.3,30.4,30.5,30.6,30.4,30.6,30.5,30.4,30.5,30.4,30.4,30.1,29.9,30.1,29.9,28.9,28.0,27.3,27.2,27.5,28.1,28.1,27.9,27.6,27.6,27.7,28.5,28.8,27.9,27.2,26.9,26.9,26.9,26.9,27.0,27.1,27.2,27.1,27.2,27.1,27.1,27.1,27.2,27.2,27.2,27.1,27.1,27.1,27.1,27.1,27.1,27.1,27.2,27.1,27.1,27.0,27.0,27.2,27.0,27.0,27.1,27.1,26.9,26.9,26.9,27.0,27.1,27.1,27.0,27.0,26.9,26.9,27.1,26.8,26.9,26.9,26.9,26.9,26.9,27.0,26.9,26.8,26.8,26.7,26.9,26.9,26.7,26.9,26.9,26.9,26.7,26.6,26.9
56,26.7,26.7,26.9,26.9,26.9,26.7,26.9,26.9,26.9,26.9,26.9,26.9,26.9,26.9,26.9,26.9,26.9,26.9,26.8,27.0,27.0,27.1,27.1,27.2,27.2,27.1,27.1,27.1,27.0,27.3,27.5,27.9,27.9,27.5,27.3,27.1,27.6,27.8,28.0,27.8,27.2,26.9,26.9,27.2,27.5,27.7,27.5,27.3,27.1,27.4,27.5,27.4,27.2,26.9,26.7,26.8,26.6,26.6,26.7,26.6,26.6,26.6,26.6,26.5,26.8,26.7,26.7,26.6,26.7,26.6,26.6,26.5,26.9,26.8,26.6,26.6,26.6,26.6,26.7,26.6,26.7,26.6,26.6,26.7,26.6,26.5,26.7,26.8,26.6,26.7,26.8,26.6,26.8,27.0,27.5,28.3,29.6,30.2,30.4,30.5,30.6,30.4,30.6,30.5,30.5,30.6,30.5,30.5,30.3,30.2,30.1,30.2,30.2,29.8,28.9,28.0,27.2,27.0,27.2,27.4,28.2,27.9,27.5,27.8,28.0,28.4,28.1,27.3,26.8,26.8,26.8,26.9,26.9,27.0,27.0,27.1,27.0,27.0,27.1,27.1,27.1,27.0,27.2,27.3,27.2,27.2,27.1,27.1,27.1,27.1,26.9,27.1,27.0,27.1,27.1,26.9,27.1,27.1,27.1,27.1,27.0,27.0,27.0,27.1,27.0,27.1,26.8,27.0,26.9,27.0,27.1,26.8,26.9,26.8,26.9,26.8,26.9,26.8,26.9,26.8,26.8,26.8,26.8,26.8,26.8,26.7,26.8,26.8,26.8,26.9,26.6,26.8
57,26.8,26.7,26.9,26.7,27.0,26.9,26.9,26.9,27.0,27.1,26.9,27.0,27.0,27.0,26.9,27.1,27.0,26.9,27.1,27.0,27.1,27.1,27.2,27.1,27.3,27.3,27.2,27.2,27.1,27.2,27.6,28.0,28.2,27.7,27.3,27.5,27.6,27.9,28.1,27.8,27.4,27.1,27.0,27.1,27.5,27.6,27.6,27.2,27.1,27.2,27.3,27.2,27.0,26.6,26.9,26.5,26.5,26.6,26.7,26.8,26.7,26.7,26.6,26.6,26.6,26.6,26.7,26.7,26.7,26.7,26.6,26.6,26.5,26.7,26.8,26.5,26.5,26.6,26.6,26.7,26.9,26.7,26.5,26.7,26.6,26.7,26.6,26.7,26.9,26.7,26.7,26.6,26.8,27.1,27.5,28.3,29.4,30.1,30.4,30.4,30.4,30.4,30.5,30.7,30.6,30.6,30.5,30.5,30.4,30.2,30.3,30.2,30.2,29.9,29.1,28.2,27.5,27.2,26.8,26.9,27.4,27.6,27.4,27.5,27.8,27.6,27.1,26.9,26.6,26.7,26.9,26.9,27.0,27.1,26.9,27.0,27.3,26.9,27.3,27.1,27.2,27.1,27.3,27.2,26.9,27.1,27.1,27.1,27.1,27.1,27.1,27.2,27.0,27.2,27.0,27.0,27.1,27.1,26.9,27.0,27.0,26.9,27.1,27.1,26.9,26.9,27.1,26.9,27.0,26.9,26.9,26.9,27.1,26.8,26.9,27.0,26.9,26.9,26.9,26.8,26.9,26.8,26.8,27.1,26.9,26.8,26.9,26.9,27.0,26.9,26.7,26.8
58,26.9,26.9,26.9,26.9,26.9,27.0,26.9,26.9,26.9,27.1,27.1,27.1,27.2,27.0,27.2,26.9,27.0,27.0,27.1,27.1,27.1,27.3,27.3,27.3,27.6,27.5,27.4,27.4,27.5,27.6,27.5,28.1,28.2,28.1,27.6,27.7,27.6,28.0,28.0,27.9,27.4,27.6,27.4,27.1,26.9,26.9,26.8,26.8,26.9,26.9,26.9,26.6,26.8,26.8,26.7,26.6,26.5,26.5,26.6,26.5,26.6,26.4,26.7,26.7,26.6,26.4,26.7,26.7,26.6,26.7,26.5,26.6,26.7,26.6,26.6,26.6,26.7,26.4,26.7,26.5,26.5,26.6,26.5,26.7,26.6,26.5,26.6,26.8,26.7,26.7,26.7,26.7,26.9,26.9,27.6,28.2,29.5,30.0,30.4,30.4,30.2,30.5,30.5,30.5,30.4,30.5,30.2,30.2,30.3,30.4,30.3,30.2,30.2,29.9,29.1,28.0,27.4,27.1,26.7,26.8,26.8,26.8,26.7,27.1,26.9,26.8,26.7,26.6,26.5,26.6,26.7,27.0,27.2,27.0,27.1,27.1,27.0,27.2,27.1,26.9,27.1,27.2,27.2,27.1,27.2,27.3,27.1,27.1,27.1,27.2,27.1,27.1,27.0,27.0,27.0,27.0,27.2,27.1,27.0,27.1,27.0,26.9,26.9,26.9,27.1,27.0,26.9,27.0,27.2,26.9,27.1,27.1,26.9,26.9,26.7,27.0,26.8,26.8,26.9,26.8,26.9,27.1,26.8,26.8,26.8,26.8,26.8,27.0,26.9,26.6,26.7,26.9
59,26.7,26.8,27.0,26.9,27.0,27.1,27.0,27.1,27.0,27.0,27.1,27.1,27.1,27.1,27.1,27.1,27.1,27.1,27.1,27.3,27.3,27.5,27.7,27.8,27.8,27.8,27.9,27.9,27.8,27.9,27.9,28.2,28.5,28.2,28.3,28.0,27.8,27.9,27.8,28.1,27.9,27.8,27.7,27.1,26.9,26.7,26.8,26.7,26.7,26.8,26.7,26.7,26.7,26.5,26.7,26.7,26.7,26.6,26.7,26.6,26.4,26.6,26.6,26.6,26.5,26.7,26.6,26.6,26.4,26.5,26.6,26.8,26.7,26.6,26.5,26.6,26.5,26.6,26.6,26.4,26.6,26.6,26.4,26.5,26.5,26.7,26.6,26.7,26.6,26.7,26.8,26.6,26.9,27.1,27.6,28.3,29.4,29.9,30.4,30.4,30.4,30.4,30.4,30.5,30.4,30.4,30.5,30.4,30.2,30.3,30.3,30.3,30.2,30.0,28.9,28.1,27.5,27.1,26.8,26.6,26.6,26.4,26.4,26.6,26.3,26.4,26.4,26.4,26.5,26.4,26.9,27.1,27.0,27.1,27.1,27.0,27.2,27.0,27.3,27.1,27.1,26.9,27.3,27.2,27.2,27.1,27.2,27.2,27.1,27.2,27.2,27.2,27.2,27.0,27.0,27.0,27.0,27.0,26.9,27.1,27.1,26.9,27.0,27.0,27.2,26.9,27.1,26.9,27.0,27.0,26.9,26.9,27.0,27.0,27.0,27.0,26.8,26.9,26.9,26.8,26.9,27.1,26.9,27.2,26.7,26.8,26.8,27.1,26.9,26.9,26.9,26.9
60,26.9,27.1,26.9,26.9,26.9,27.1,27.0,26.9,27.0,27.1,27.1,27.2,27.1,26.8,27.0,27.1,27.1,27.1,27.2,27.3,27.2,27.7,27.9,28.3,28.2,28.5,28.5,28.3,28.7,28.6,28.7,28.6,28.9,28.7,28.7,28.6,28.4,27.9,27.7,27.8,27.9,27.9,27.8,27.4,26.9,26.8,26.7,26.8,26.8,26.7,26.6,26.6,26.7,26.5,26.6,26.5,26.5,26.7,26.6,26.5,26.5,26.6,26.4,26.7,26.6,26.5,26.5,26.6,26.7,26.6,26.6,26.6,26.5,26.6,26.6,26.5,26.4,26.5,26.4,26.6,26.5,26.4,26.6,26.6,26.6,26.5,26.6,26.7,26.6,26.7,26.4,26.6,26.9,27.1,27.5,28.1,29.3,29.9,30.3,30.4,30.3,30.4,30.3,30.3,30.3,30.5,30.5,30.5,30.3,30.5,30.4,30.4,30.1,29.9,29.1,28.1,27.6,26.9,26.7,26.6,26.4,26.5,26.6,26.5,26.4,26.2,26.2,26.2,26.4,26.6,26.8,26.9,27.1,27.1,27.1,27.2,27.0,27.0,27.1,27.1,27.0,27.2,27.1,27.1,27.2,27.3,27.1,27.2,27.1,27.2,27.2,27.2,27.0,27.2,27.1,27.0,27.1,27.0,27.1,27.0,27.2,26.9,27.0,27.1,27.1,26.9,27.1,27.1,27.0,27.1,27.0,27.0,26.8,26.8,26.9,26.9,26.9,27.0,26.9,27.0,26.9,26.8,26.9,27.0,26.9,26.9,26.9,26.9,26.8,26.8,26.8,26.9
61,27.1,26.9,27.0,26.9,27.0,27.0,27.0,26.8,27.1,26.9,27.1,27.1,27.1,27.1,27.2,27.3,27.1,27.2,27.3,27.3,27.4,27.6,28.1,28.7,28.9,29.0,28.8,28.8,29.0,28.9,29.0,28.9,29.0,29.1,29.1,29.0,28.8,28.3,27.7,28.1,27.7,27.8,27.6,27.4,27.0,26.8,26.9,26.7,26.8,26.9,26.8,26.7,26.6,26.6,26.6,26.8,26.7,26.7,26.7,26.5,26.5,26.7,26.6,26.7,26.5,26.7,26.5,26.7,26.5,26.5,26.6,26.6,26.6,26.7,26.5,26.5,26.6,26.7,26.6,26.6,26.6,26.5,26.5,26.5,26.6,26.5,26.6,26.8,26.6,26.7,26.7,26.6,26.8,27.2,27.4,28.3,29.3,30.0,30.2,30.3,30.2,30.2,30.1,30.3,30.3,30.3,30.3,30.4,30.4,30.4,30.3,30.4,30.1,30.0,29.2,28.2,27.5,27.2,26.8,26.5,26.2,26.4,26.5,26.4,26.3,26.4,26.2,26.5,26.5,26.6,26.9,26.9,27.0,27.2,27.0,27.2,27.1,27.0,27.1,27.1,27.2,27.2,27.3,27.2,27.3,27.2,27.1,27.3,27.3,27.2,27.1,27.1,27.3,27.3,27.1,27.0,27.2,27.1,27.1,27.1,27.1,27.1,27.0,27.1,27.0,27.1,26.9,27.0,26.9,27.1,27.0,26.9,27.1,27.1,27.0,26.8,26.9,27.0,26.9,26.9,26.8,27.0,27.0,27.0,27.1,26.8,26.8,26.9,26.9,26.9,26.9,26.6
62,27.0,26.9,26.9,27.0,26.8,26.8,27.0,26.9,27.0,27.2,27.0,27.0,27.1,27.2,27.1,27.0,27.2,27.3,27.3,27.3,27.5,27.7,28.3,28.8,29.0,28.8,29.0,28.9,28.8,28.6,28.5,28.6,28.7,28.9,29.0,29.0,29.0,28.6,28.3,28.2,28.0,27.6,27.2,26.9,26.7,26.6,26.9,26.6,26.5,26.5,26.7,26.6,26.5,26.5,26.6,26.6,26.5,26.5,26.6,26.6,26.5,26.5,26.6,26.5,26.6,26.6,26.5,26.6,26.6,26.6,26.6,26.6,26.6,26.5,26.5,26.7,26.4,26.5,26.6,26.6,26.7,26.5,26.6,26.7,26.8,26.6,26.6,26.6,26.6,26.6,26.7,26.5,26.8,26.9,27.5,28.1,29.2,29.9,30.3,30.4,30.4,30.3,30.3,30.2,30.2,30.2,30.4,30.4,30.4,30.2,30.3,30.2,30.1,29.9,29.2,28.2,27.6,27.1,26.6,26.3,26.2,26.2,26.4,26.3,26.4,26.3,26.2,26.2,26.5,26.5,26.7,26.7,26.8,27.0,27.0,27.0,27.0,27.0,27.1,27.2,27.3,27.2,27.1,27.1,27.2,27.1,27.2,27.3,27.2,27.2,27.1,27.0,27.1,27.1,27.1,27.0,27.0,27.0,27.1,27.1,26.9,27.1,27.1,27.1,27.0,26.9,27.0,27.0,27.0,26.9,27.1,27.0,26.8,27.1,26.9,26.9,26.8,26.9,26.9,26.9,26.8,26.7,26.9,26.8,26.9,26.9,26.9,26.9,26.8,26.8,26.9,26.8
63,26.8,26.9,27.0,26.9,27.1,26.9,27.1,26.9,27.0,26.9,27.1,27.1,27.1,27.1,27.1,27.3,27.2,27.1,27.1,27.3,27.5,27.9,28.2,28.9,29.2,29.3,28.9,28.9,28.8,28.5,28.3,28.4,28.3,28.5,28.8,29.0,29.1,29.0,28.8,28.6,28.4,27.6,27.0,26.6,26.6,26.7,26.6,26.6,26.7,26.6,26.6,26.5,26.4,26.6,26.7,26.5,26.5,26.6,26.6,26.6,26.6,26.6,26.5,26.6,26.5,26.5,26.6,26.4,26.5,26.5,26.4,26.6,26.6,26.5,26.6,26.4,26.5,26.5,26.4,26.4,26.5,26.6,26.4,26.6,26.5,26.7,26.5,26.6,26.7,26.4,26.6,26.6,26.7,27.1,27.6,27.9,29.1,30.0,30.2,30.3,30.5,30.3,30.5,30.3,30.4,30.3,30.4,30.4,30.4,30.3,30.2,30.3,30.2,30.0,29.3,28.4,27.6,27.1,26.6,26.3,26.4,26.2,26.3,26.2,26.2,26.2,26.2,26.4,26.5,26.5,26.6,26.9,26.9,27.0,27.1,27.0,27.2,27.0,27.1,27.0,27.2,27.2,27.1,27.1,27.2,27.2,27.1,27.2,27.3,27.1,27.1,27.1,27.2,27.1,27.0,27.1,27.0,27.0,26.9,27.1,27.1,27.1,27.0,26.9,27.1,27.0,26.9,27.0,27.1,27.0,27.1,27.0,26.9,26.9,27.0,27.0,26.8,26.8,26.9,26.9,26.9,26.7,26.9,27.0,26.9,26.8,26.9,26.8,26.7,26.7,26.8,26.9
64,27.0,27.1,27.1,27.0,26.8,27.1,27.1,26.7,26.9,27.1,27.1,27.2,27.3,27.2,27.3,27.3,27.3,27.5,27.4,27.4,27.4,28.0,28.4,28.9,29.1,29.2,29.0,28.9,28.8,28.6,28.2,28.1,27.9,28.2,28.3,28.8,29.1,28.9,29.0,28.8,28.4,27.6,27.0,26.7,26.7,26.6,26.7,26.8,26.8,26.7,26.5,26.5,26.6,26.6,26.8,26.6,26.6,26.8,26.7,26.6,26.6,26.8,26.6,26.6,26.6,26.6,26.5,26.6,26.6,26.5,26.6,26.6,26.5,26.5,26.6,26.4,26.5,26.6,26.5,26.6,26.6,26.6,26.7,26.5,26.6,26.6,26.6,26.7,26.4,26.4,26.6,26.4,26.8,27.1,27.2,28.2,29.0,29.8,30.2,30.4,30.4,30.5,30.4,30.3,30.4,30.3,30.4,30.4,30.2,30.3,30.2,30.2,30.0,30.0,29.2,28.3,27.6,27.0,26.7,26.4,26.4,26.2,26.3,26.4,26.2,26.2,26.3,26.2,26.3,26.6,26.6,26.9,26.8,27.0,27.0,26.9,27.2,27.1,27.1,27.1,27.1,27.0,27.1,27.0,27.2,27.2,27.2,27.2,27.3,27.1,27.1,27.3,27.2,27.1,27.1,27.0,26.9,26.9,27.1,27.1,27.2,27.1,27.2,27.0,27.1,27.0,27.0,27.0,27.1,27.0,27.0,27.1,26.9,26.9,27.0,26.9,27.0,27.0,26.9,27.1,27.0,26.9,26.8,27.0,27.0,27.0,26.9,26.8,27.0,27.0,26.8,27.0
65,26.8,26.9,26.9,26.9,26.9,27.0,27.1,27.0,27.1,27.1,27.0,27.3,27.3,27.3,27.1,27.2,27.3,27.3,27.2,27.3,27.5,28.0,28.5,28.8,29.2,29.2,29.0,29.0,29.0,28.8,28.7,28.4,28.2,28.2,28.0,28.6,29.0,29.2,29.0,29.0,28.4,27.7,27.0,26.7,26.6,26.6,26.6,26.6,26.7,26.7,26.6,26.6,26.5,26.6,26.7,26.6,26.6,26.6,26.7,26.5,26.7,26.6,26.6,26.5,26.7,26.5,26.4,26.5,26.6,26.6,26.6,26.5,26.7,26.6,26.5,26.5,26.6,26.5,26.6,26.6,26.6,26.5,26.5,26.4,26.4,26.6,26.6,26.5,26.6,26.6,26.5,26.5,26.7,27.1,27.3,27.9,28.9,29.5,30.0,30.1,30.2,30.3,30.1,30.3,30.2,30.3,30.2,30.2,30.3,30.2,30.1,30.2,30.2,29.8,29.2,28.3,27.4,26.8,26.6,26.4,26.2,26.3,26.2,26.4,26.2,26.2,26.2,26.2,26.2,26.5,26.5,26.7,26.9,27.1,26.9,27.1,27.1,27.1,27.1,27.2,27.1,27.2,27.1,27.3,27.1,27.1,27.1,27.2,27.2,27.3,27.3,27.2,27.2,27.3,27.1,27.0,27.1,27.1,27.1,27.0,27.1,27.0,27.1,27.1,27.3,27.2,27.1,27.1,27.1,27.0,27.0,26.9,26.9,27.1,27.0,27.0,27.1,26.9,26.9,26.8,26.9,27.0,26.8,26.8,26.9,26.9,27.0,26.9,26.8,26.9,26.8,26.8
66,27.0,27.0,26.9,27.1,27.0,27.0,27.1,27.0,27.2,27.1,27.3,27.1,27.2,27.4,27.3,27.3,27.2,27.4,27.3,27.4,27.6,28.2,28.4,29.0,28.9,29.0,29.1,29.0,28.8,28.8,28.7,28.6,28.6,28.5,28.6,28.9,29.2,29.2,29.0,28.9,28.2,27.8,26.9,26.7,26.8,26.9,26.7,26.7,26.7,26.7,26.6,26.6,26.6,26.5,26.5,26.6,26.6,26.5,26.5,26.5,26.5,26.4,26.4,26.5,26.6,26.5,26.4,26.6,26.4,26.5,26.4,26.5,26.5,26.6,26.5,26.6,26.4,26.6,26.6,26.6,26.5,26.5,26.6,26.6,26.5,26.6,26.6,26.7,26.4,26.6,26.7,26.4,26.6,26.9,27.1,27.9,28.6,29.3,29.7,29.8,29.9,29.8,30.0,30.0,29.8,29.9,29.8,30.0,29.9,29.9,30.0,29.8,29.9,29.6,29.0,28.2,27.5,27.1,26.7,26.5,26.4,26.2,26.3,26.4,26.3,26.3,26.3,26.3,26.3,26.5,26.8,26.7,26.9,26.9,26.9,27.0,27.0,27.1,27.1,27.2,27.2,27.1,27.2,27.1,27.1,27.2,27.0,27.1,27.2,27.2,27.3,27.1,27.2,27.2,27.1,27.2,27.1,27.0,27.2,27.0,27.3,27.0,27.1,26.9,27.2,27.0,26.9,27.0,27.2,27.0,27.0,27.1,27.0,27.1,27.0,27.0,26.9,26.9,26.8,26.9,27.0,26.8,26.9,26.9,26.9,27.0,26.7,26.8,26.9,26.9,26.9,26.8
67,27.1,27.0,27.1,27.1,27.1,27.1,27.1,27.1,27.2,27.3,27.2,27.3,27.3,27.3,27.3,27.3,27.2,27.3,27.4,27.5,27.7,28.1,28.6,29.0,29.1,29.2,28.9,28.8,28.7,28.6,28.6,28.6,28.7,28.9,29.1,28.9,29.2,29.1,29.0,28.8,28.4,27.8,27.0,26.8,26.8,26.9,26.8,26.8,26.7,26.8,26.7,26.6,26.6,26.6,26.7,26.6,26.6,26.7,26.6,26.5,26.6,26.7,26.5,26.6,26.5,26.5,26.6,26.6,26.5,26.6,26.5,26.6,26.6,26.5,26.4,26.6,26.6,26.6,26.5,26.5,26.5,26.4,26.5,26.5,26.6,26.6,26.6,26.4,26.5,26.4,26.5,26.4,26.8,26.9,27.1,27.7,28.2,28.9,28.9,29.3,29.2,29.3,29.4,29.4,29.3,29.4,29.3,29.2,29.2,29.1,29.1,29.2,29.3,29.2,28.6,27.6,27.1,26.9,26.6,26.4,26.4,26.2,26.3,26.2,26.2,26.1,26.2,26.3,26.3,26.4,26.6,26.7,27.0,27.0,26.9,27.0,26.9,27.0,26.9,27.2,27.1,27.4,27.2,27.2,27.1,27.3,27.1,27.1,27.1,27.1,27.2,27.2,27.3,27.1,27.2,27.1,27.1,27.1,27.0,27.1,27.2,27.0,27.1,27.2,27.1,27.1,26.9,27.1,27.1,27.1,27.1,26.9,27.0,26.9,26.9,27.1,27.0,27.2,27.1,26.9,27.0,27.0,27.0,27.0,26.9,27.0,26.8,26.8,26.9,26.7,26.9,26.8
68,27.1,27.1,27.1,27.1,27.1,27.1,27.0,27.0,27.2,27.2,27.2,27.2,27.3,27.3,27.4,27.3,27.3,27.6,27.3,27.6,27.7,28.1,28.7,29.0,29.2,29.1,29.0,29.0,29.0,28.9,29.1,29.2,29.1,29.2,29.3,29.2,29.2,29.3,29.2,28.9,28.4,27.7,27.1,27.0,26.8,27.0,26.8,26.7,26.6,26.6,26.9,26.8,26.6,26.7,26.6,26.7,26.7,26.6,26.7,26.6,26.7,26.5,26.7,26.6,26.6,26.6,26.5,26.6,26.6,26.6,26.6,26.7,26.6,26.5,26.6,26.6,26.6,26.5,26.6,26.6,26.4,26.6,26.5,26.5,26.7,26.4,26.6,26.6,26.6,26.6,26.5,26.5,26.6,26.9,26.9,27.3,27.9,28.2,28.4,28.5,28.5,28.6,28.6,28.7,28.5,28.8,28.6,28.4,28.5,28.6,28.4,28.5,28.5,28.3,28.0,27.5,27.3,26.9,26.5,26.3,26.3,26.2,26.1,26.2,26.4,26.2,26.0,26.1,26.2,26.4,26.6,26.6,26.8,27.0,27.0,27.0,27.1,26.9,27.1,27.1,27.2,27.2,27.3,27.1,27.2,27.2,27.2,27.2,27.2,27.2,27.1,27.2,27.1,27.2,27.1,27.0,27.0,27.1,27.1,27.1,27.1,27.1,27.0,27.1,27.1,27.0,27.3,27.1,27.1,27.0,27.1,26.8,26.9,27.0,26.9,26.9,27.0,27.0,27.0,26.9,27.0,26.9,26.8,27.0,27.0,26.9,26.7,26.9,26.8,26.9,27.0,26.9
69,27.0,26.9,27.1,27.0,27.1,27.0,27.2,27.1,27.1,27.1,27.3,27.3,27.1,27.1,27.2,27.4,27.6,27.4,27.4,27.5,27.8,28.1,28.5,29.0,29.3,29.3,29.3,29.3,29.2,29.2,29.2,29.2,29.2,29.3,29.2,29.3,29.2,29.2,29.2,29.0,28.4,27.7,27.1,26.9,26.8,27.0,26.7,26.8,26.7,26.7,26.6,26.4,26.6,26.7,26.6,26.7,26.6,26.7,26.5,26.7,26.4,26.6,26.5,26.4,26.7,26.4,26.6,26.5,26.4,26.5,26.6,26.5,26.6,26.5,26.6,26.4,26.4,26.5,26.5,26.5,26.6,26.4,26.6,26.4,26.5,26.6,26.5,26.5,26.4,26.6,26.6,26.7,26.6,26.6,26.7,27.0,27.3,27.1,27.5,27.7,27.8,27.7,27.6,27.7,27.6,27.6,27.5,27.5,27.4,27.7,27.3,27.4,27.6,27.3,27.1,27.0,26.7,26.6,26.4,26.5,26.3,26.2,26.2,26.4,26.3,26.1,26.2,26.0,26.1,26.4,26.5,26.7,26.9,26.9,27.0,27.1,27.0,27.2,27.1,27.1,27.2,27.3,27.3,27.3,27.3,27.1,27.0,27.1,27.0,27.1,27.1,27.3,27.2,27.2,27.1,27.2,27.2,27.1,27.1,27.1,27.1,27.1,27.0,27.0,27.1,26.9,26.9,27.0,27.0,27.1,26.9,27.0,26.9,26.9,26.9,27.0,26.7,26.9,26.9,27.0,27.0,26.9,27.1,26.9,26.9,26.9,26.9,26.9,26.8,26.7,26.8,26.8
70,27.2,27.0,27.2,27.1,27.2,27.2,27.1,27.3,27.1,27.2,27.3,27.2,27.3,27.3,27.4,27.4,27.4,27.3,27.6,27.5,27.6,28.2,28.6,29.1,29.1,29.4,29.3,29.3,29.1,29.3,29.2,29.3,29.2,29.3,29.3,29.4,29.3,29.2,29.1,28.8,28.3,27.7,27.1,26.9,26.8,26.9,26.8,26.8,26.7,26.6,26.8,26.6,26.5,26.6,26.7,26.6,26.6,26.5,26.4,26.6,26.6,26.5,26.6,26.6,26.5,26.6,26.4,26.5,26.6,26.6,26.5,26.5,26.6,26.6,26.6,26.6,26.6,26.6,26.5,26.6,26.5,26.6,26.5,26.5,26.5,26.5,26.6,26.4,26.5,26.6,26.4,26.4,26.6,26.7,26.6,26.6,26.8,27.1,27.2,27.3,27.2,27.2,27.1,27.1,27.1,27.2,27.1,27.3,27.2,27.1,27.3,26.9,27.0,27.0,26.9,26.9,26.7,26.9,26.6,26.4,26.4,26.4,26.3,26.4,26.2,26.2,26.2,26.2,26.3,26.5,26.6,26.7,26.9,27.0,26.9,26.9,27.1,27.1,27.2,27.1,27.1,27.3,27.2,27.2,27.2,27.2,27.1,27.2,27.3,27.2,27.1,27.3,27.1,27.2,27.1,27.1,27.1,27.1,27.1,27.1,27.2,26.9,27.1,27.1,27.0,27.1,27.1,26.9,27.1,27.0,26.9,26.9,27.0,27.0,27.0,27.0,26.9,26.9,27.1,27.0,26.9,26.8,26.9,27.0,27.0,26.9,26.7,26.9,26.9,27.1,26.7,26.9
71,27.1,27.1,27.1,27.3,27.2,27.3,27.3,27.1,27.3,27.3,27.3,27.2,27.4,27.2,27.5,27.4,27.5,27.5,27.5,27.6,27.8,28.2,28.7,29.2,29.2,29.5,29.3,29.3,29.4,29.3,29.4,29.3,29.2,29.2,29.2,29.2,29.5,29.3,29.0,28.8,28.3,27.8,27.1,26.8,26.8,26.9,27.1,26.6,26.7,26.6,26.7,26.5,26.5,26.7,26.6,26.8,26.8,26.6,26.6,26.6,26.5,26.6,26.6,26.5,26.6,26.7,26.6,26.5,26.6,26.6,26.6,26.6,26.4,26.5,26.6,26.4,26.6,26.5,26.4,26.6,26.7,26.4,26.5,26.6,26.6,26.6,26.6,26.6,26.6,26.5,26.6,26.5,26.7,26.6,26.5,26.6,26.7,26.8,26.9,27.0,26.9,27.1,27.1,26.9,27.0,27.1,27.0,27.0,26.9,26.9,26.9,27.1,26.8,26.9,26.8,26.8,26.9,26.8,26.8,26.4,26.2,26.2,26.2,26.4,26.2,26.2,26.2,26.2,26.4,26.4,26.5,26.7,26.9,26.9,27.0,27.0,26.9,27.0,27.1,27.2,27.1,27.3,27.1,27.1,27.1,27.2,27.1,27.3,27.2,27.1,27.3,27.2,27.3,27.1,27.3,27.1,27.2,27.1,27.0,27.1,27.0,27.1,26.9,27.0,27.0,27.0,27.0,27.1,27.1,27.1,27.1,27.2,27.1,27.0,26.9,27.0,27.0,26.9,27.2,26.9,26.8,27.0,26.9,26.9,27.1,26.9,26.8,27.0,26.8,26.9,26.8,26.9
72,27.1,27.0,27.2,26.9,27.2,27.3,27.0,27.2,27.4,27.3,27.3,27.4,27.3,27.3,27.4,27.5,27.3,27.3,27.6,27.6,27.9,28.2,28.7,29.1,29.2,29.1,29.3,29.3,29.2,29.3,29.3,29.4,29.3,29.4,29.4,29.4,29.3,29.2,29.0,28.8,28.3,27.6,27.0,26.9,26.9,26.9,26.9,26.6,26.7,26.6,26.7,26.6,26.5,26.5,26.6,26.5,26.7,26.7,26.7,26.6,26.6,26.6,26.7,26.7,26.5,26.6,26.7,26.4,26.5,26.6,26.4,26.4,26.6,26.5,26.6,26.6,26.4,26.7,26.4,26.6,26.5,26.7,26.6,26.6,26.7,26.6,26.5,26.5,26.4,26.5,26.6,26.6,26.6,26.6,26.4,26.7,26.8,26.8,27.0,26.9,26.9,26.8,26.9,26.8,26.9,26.9,27.0,27.2,26.9,27.0,26.9,26.8,26.7,26.8,26.9,26.8,26.9,26.7,26.7,26.5,26.2,26.2,26.2,26.2,26.3,26.2,26.2,26.2,26.2,26.4,26.5,26.8,26.9,26.8,26.8,26.9,27.1,27.1,27.0,27.1,27.2,27.2,27.2,27.2,27.2,27.2,27.1,27.3,27.2,27.1,27.1,27.1,27.3,27.1,27.1,27.2,27.1,27.1,27.1,27.1,27.2,27.1,26.9,27.0,27.1,27.0,27.3,27.0,27.3,27.1,27.1,27.1,26.9,27.0,27.0,26.9,27.0,27.0,26.9,26.9,26.9,27.0,26.9,26.9,27.1,26.9,26.9,26.8,26.9,27.0,26.8,26.6
73,27.2,27.1,27.2,27.1,27.0,27.4,27.2,27.3,27.1,27.3,27.2,27.4,27.5,27.4,27.3,27.4,27.3,27.6,27.6,27.6,27.9,28.3,28.6,29.2,29.1,29.2,29.3,29.3,29.2,29.3,29.2,29.4,29.4,29.4,29.2,29.2,29.2,29.2,29.1,28.8,28.3,27.6,27.0,27.0,27.0,26.9,26.9,26.7,26.8,26.7,26.8,26.6,26.4,26.5,26.6,26.4,26.6,26.6,26.6,26.7,26.6,26.6,26.6,26.6,26.6,26.5,26.4,26.4,26.7,26.4,26.6,26.6,26.6,26.7,26.3,26.6,26.4,26.5,26.4,26.7,26.4,26.4,26.6,26.6,26.6,26.6,26.6,26.7,26.5,26.7,26.4,26.5,26.6,26.5,26.6,26.6,26.6,26.5,26.7,26.7,26.7,26.5,26.8,26.9,26.9,27.1,27.4,27.2,27.3,27.1,26.9,26.7,26.7,26.7,26.8,26.8,26.9,27.0,26.8,26.4,26.3,26.3,26.0,26.5,26.2,26.1,26.0,26.1,26.3,26.4,26.6,26.7,26.8,26.9,27.0,26.9,27.0,26.9,27.0,27.0,27.1,27.2,27.1,27.1,27.2,27.1,27.1,27.0,27.1,27.2,27.0,27.3,27.3,27.1,26.9,27.1,27.0,27.1,27.1,27.3,27.1,27.1,27.1,27.1,27.0,27.1,27.1,27.0,26.9,27.1,26.9,27.0,27.0,27.1,26.8,26.9,26.9,26.7,26.9,26.9,26.7,27.0,27.0,27.0,26.9,26.9,26.9,26.8,26.8,26.9,26.6,26.9
74,27.1,27.1,27.2,27.3,27.1,27.3,27.4,27.2,27.3,27.4,27.5,27.3,27.3,27.5,27.3,27.4,27.6,27.5,27.6,27.7,27.8,28.4,28.7,29.0,29.1,29.2,29.4,29.2,29.1,29.2,29.0,29.2,29.2,29.3,29.3,29.2,29.3,29.2,29.0,28.7,28.2,27.6,27.1,27.0,27.0,27.0,26.9,26.7,26.8,26.7,26.6,26.4,26.5,26.5,26.6,26.6,26.6,26.7,26.4,26.5,26.4,26.5,26.6,26.4,26.6,26.5,26.5,26.7,26.6,26.5,26.4,26.4,26.6,26.5,26.4,26.6,26.6,26.5,26.7,26.6,26.5,26.5,26.5,26.5,26.6,26.5,26.6,26.6,26.6,26.6,26.4,26.6,26.6,26.5,26.6,26.5,26.5,26.4,26.6,26.6,26.5,26.5,26.8,27.1,27.3,27.6,27.6,27.8,27.7,27.5,27.2,27.1,26.9,26.8,26.9,27.1,27.0,26.9,26.8,26.6,26.5,26.3,26.2,26.2,26.2,26.2,26.1,26.1,26.2,26.4,26.5,26.7,26.9,26.9,26.9,27.2,27.0,27.0,27.0,27.1,27.1,27.1,27.1,27.1,27.3,27.2,27.1,27.2,27.2,27.1,27.1,27.3,27.1,27.1,27.3,27.2,27.1,27.1,27.1,27.0,27.2,27.1,27.1,27.1,27.1,27.2,27.1,27.1,27.0,27.0,27.1,26.9,26.9,26.8,26.8,26.8,26.9,27.0,26.9,26.9,26.7,27.0,27.0,26.9,26.9,27.0,26.9,26.9,26.9,26.9,26.8,27.0
75,27.3,27.2,27.3,27.1,27.2,27.3,27.3,27.3,27.3,27.3,27.4,27.5,27.5,27.5,27.3,27.5,27.4,27.5,27.6,27.7,27.9,28.2,29.0,29.0,29.2,29.0,29.1,28.8,29.0,29.0,28.9,29.0,29.0,29.2,29.2,29.2,29.2,29.0,28.9,28.7,28.4,27.8,27.1,26.9,26.9,26.8,26.8,26.5,26.7,26.6,26.6,26.6,26.5,26.6,26.7,26.6,26.6,26.7,26.7,26.6,26.5,26.6,26.6,26.6,26.5,26.5,26.6,26.5,26.6,26.6,26.6,26.6,26.4,26.6,26.6,26.5,26.4,26.7,26.6,26.6,26.6,26.5,26.6,26.6,26.5,26.4,26.6,26.5,26.7,26.5,26.6,26.6,26.5,26.8,26.5,26.5,26.5,26.5,26.7,26.7,26.5,26.9,26.9,27.4,27.7,28.0,28.0,28.3,28.1,27.9,27.8,27.3,27.1,27.0,26.7,26.8,26.9,26.9,26.8,26.6,26.4,26.2,26.4,26.4,26.2,26.2,26.1,26.3,26.4,26.4,26.5,26.7,26.9,26.9,27.0,26.9,27.0,26.8,27.2,27.2,27.1,27.1,27.2,27.3,27.2,27.2,27.0,27.2,27.2,27.3,27.1,27.1,27.3,27.2,27.2,27.2,27.1,27.1,27.2,27.2,27.1,27.1,27.1,27.2,27.2,27.0,27.0,27.1,27.1,27.0,27.1,26.9,27.0,27.0,26.8,26.9,26.9,27.0,26.9,27.0,26.8,26.9,27.1,26.9,26.9,26.9,26.8,26.8,26.9,26.8,26.8,26.8
76,27.2,27.1,27.1,27.1,27.3,27.3,27.4,27.4,27.3,27.4,27.3,27.4,27.3,27.6,27.7,27.5,27.5,27.5,27.5,27.6,27.9,28.3,28.6,29.0,29.1,28.8,28.9,28.6,28.6,28.8,28.5,28.7,28.7,29.0,29.0,29.1,29.2,29.3,29.1,28.8,28.3,27.8,27.0,27.0,26.9,27.0,26.8,26.8,26.4,26.6,26.6,26.7,26.7,26.4,26.6,26.6,26.7,26.6,26.7,26.6,26.5,26.4,26.5,26.5,26.6,26.6,26.6,26.6,26.6,26.6,26.3,26.6,26.5,26.4,26.4,26.7,26.6,26.5,26.4,26.6,26.5,26.5,26.5,26.8,26.5,26.5,26.3,26.5,26.6,26.6,26.6,26.4,26.6,26.6,26.5,26.5,26.7,26.5,26.5,26.6,26.7,26.8,27.2,27.6,28.1,28.2,28.2,28.1,28.2,28.2,28.2,27.8,27.3,27.0,26.8,26.6,26.9,27.0,26.6,26.3,26.2,26.2,26.2,26.2,26.2,26.2,26.1,26.0,26.3,26.4,26.3,26.6,26.9,27.1,27.0,27.1,27.1,26.8,27.1,27.0,27.3,27.1,27.0,27.2,27.2,27.2,27.2,27.1,27.3,27.1,27.3,27.2,27.2,27.2,27.3,27.1,27.3,27.2,27.1,27.2,27.1,27.1,27.2,27.1,27.1,27.0,27.0,27.1,27.1,27.0,27.0,27.1,27.0,26.9,26.9,27.0,27.0,27.0,26.9,27.0,27.0,26.9,27.0,27.0,27.1,27.0,26.9,26.9,26.9,27.0,26.9,26.8
77,27.1,27.2,27.2,27.3,27.3,27.2,27.5,27.5,27.4,27.5,27.6,27.4,27.3,27.5,27.6,27.6,27.5,27.6,27.6,27.8,28.1,28.3,28.7,29.2,29.2,29.1,28.8,28.5,28.3,28.4,28.1,28.0,28.2,28.4,28.5,29.0,29.3,29.2,29.0,28.7,28.2,27.8,27.3,26.9,26.9,27.0,26.8,26.6,26.8,26.7,26.6,26.6,26.5,26.6,26.6,26.6,26.6,26.6,26.8,26.6,26.6,26.5,26.6,26.7,26.7,26.7,26.5,26.5,26.5,26.7,26.6,26.4,26.7,26.6,26.6,26.5,26.5,26.5,26.7,26.6,26.5,26.6,26.5,26.5,26.4,26.5,26.5,26.6,26.6,26.5,26.4,26.4,26.6,26.6,26.6,26.4,26.5,26.5,26.4,26.5,26.7,26.9,27.3,28.0,28.3,28.1,27.8,27.6,27.7,28.3,28.4,28.0,27.4,26.9,26.6,26.7,26.6,26.7,26.6,26.4,26.3,26.3,26.4,26.3,26.1,26.2,26.0,26.1,26.2,26.3,26.5,26.6,26.8,26.9,26.9,26.9,27.0,26.8,26.9,27.2,27.1,27.1,27.2,27.2,27.2,27.4,27.2,27.3,27.3,27.1,27.2,27.2,27.2,27.1,27.1,27.1,27.2,27.1,27.1,27.2,27.1,27.1,27.2,27.1,27.1,27.0,27.1,27.0,27.0,27.0,26.9,26.8,27.0,27.0,27.0,27.1,27.0,27.1,27.0,26.9,26.9,26.9,26.9,26.9,26.9,26.8,26.9,26.9,26.9,26.7,26.8,26.9
78,27.3,27.3,27.3,27.4,27.2,27.4,27.3,27.4,27.5,27.4,27.5,27.3,27.4,27.5,27.6,27.4,27.4,27.4,27.5,27.8,27.9,28.3,28.8,29.2,29.1,29.0,29.0,28.9,28.8,28.6,28.2,28.2,28.2,28.1,28.6,29.2,29.1,29.0,28.9,28.7,28.3,27.7,27.0,27.1,26.7,26.9,26.8,26.6,26.6,26.6,26.6,26.5,26.6,26.6,26.7,26.8,26.6,26.7,26.4,26.6,26.4,26.6,26.5,26.5,26.7,26.5,26.5,26.5,26.6,26.5,26.5,26.4,26.6,26.6,26.5,26.5,26.6,26.6,26.5,26.6,26.6,26.4,26.4,26.4,26.6,26.5,26.4,26.5,26.5,26.5,26.4,26.5,26.5,26.6,26.5,26.5,26.5,26.3,26.4,26.5,26.4,26.9,27.4,28.0,28.1,27.8,27.4,27.4,27.4,27.8,28.5,28.1,27.5,27.0,26.7,26.5,26.4,26.7,26.5,26.3,26.3,26.1,26.2,26.2,26.2,26.1,26.2,26.1,26.0,26.2,26.4,26.7,26.6,26.8,26.9,27.1,27.1,27.0,27.1,27.1,27.0,27.1,27.2,27.2,27.1,27.2,27.1,27.3,27.2,27.2,27.3,27.2,27.1,27.1,27.2,27.0,27.0,27.1,27.1,27.2,27.2,27.1,27.0,26.9,26.9,27.1,27.0,27.0,27.1,27.1,27.0,26.9,27.0,27.1,27.1,26.8,27.0,26.9,26.9,27.0,26.8,27.0,26.9,27.0,26.9,26.7,26.7,26.9,26.9,26.8,26.7,26.7
79,27.4,27.2,27.3,27.3,27.4,27.3,27.6,27.5,27.4,27.3,27.5,27.5,27.6,27.4,27.4,27.4,27.6,27.6,27.6,27.8,27.8,28.4,28.8,29.0,29.1,29.1,28.9,28.9,28.9,28.8,28.7,28.6,28.6,28.4,28.7,29.0,29.2,29.1,28.9,28.7,28.4,27.7,27.1,26.9,26.9,27.0,26.9,26.8,26.7,26.7,26.6,26.5,26.6,26.5,26.7,26.7,26.7,26.6,26.7,26.6,26.6,26.7,26.5,26.6,26.6,26.5,26.6,26.5,26.4,26.5,26.6,26.4,26.5,26.7,26.6,26.5,26.5,26.6,26.5,26.8,26.5,26.6,26.4,26.6,26.6,26.4,26.4,26.5,26.4,26.4,26.5,26.4,26.6,26.4,26.6,26.4,26.4,26.4,26.6,26.5,26.8,26.7,27.3,28.1,28.3,27.9,27.6,27.4,27.3,27.8,28.4,28.2,27.4,26.9,26.6,26.5,26.4,26.4,26.4,26.3,26.3,26.3,26.3,26.4,26.2,26.3,26.3,26.2,26.0,26.3,26.5,26.6,26.9,26.9,27.1,26.9,27.1,27.0,27.1,27.0,27.1,27.2,27.0,27.1,27.2,27.1,27.1,27.1,27.2,27.2,27.3,27.2,27.1,27.0,27.2,27.0,27.2,27.1,27.2,27.3,27.1,27.1,27.2,27.1,27.1,27.2,27.1,27.0,27.0,27.1,27.0,27.1,27.1,27.1,26.8,27.1,27.0,26.9,27.1,27.0,26.9,26.9,26.9,27.0,26.9,26.9,26.9,26.9,26.9,26.8,26.7,26.9
80,27.4,27.1,27.4,27.3,27.4,27.3,27.4,27.3,27.3,27.4,27.5,27.6,27.5,27.5,27.4,27.6,27.4,27.5,27.7,27.7,28.1,28.5,28.7,29.1,29.0,29.0,28.9,28.7,28.7,28.6,28.7,28.7,28.5,28.6,28.8,28.9,28.9,28.9,28.9,28.8,28.3,28.0,27.3,27.0,27.0,27.0,26.8,26.6,26.9,26.8,26.5,26.5,26.6,26.5,26.7,26.6,26.6,26.7,26.5,26.6,26.5,26.6,26.5,26.5,26.7,26.4,26.6,26.6,26.5,26.5,26.6,26.7,26.5,26.5,26.6,26.6,26.5,26.5,26.3,26.4,26.4,26.6,26.4,26.5,26.5,26.5,26.4,26.5,26.4,26.4,26.6,26.4,26.4,26.6,26.5,26.5,26.6,26.4,26.4,26.4,26.5,26.6,27.1,28.0,28.0,28.0,27.7,27.8,27.8,28.0,28.3,28.0,27.5,26.9,26.5,26.6,26.4,26.6,26.5,26.4,26.2,26.2,26.1,26.3,26.3,26.4,25.9,26.2,26.2,26.3,26.3,26.6,26.7,26.9,26.9,26.9,27.1,26.9,27.1,27.1,27.2,27.0,27.3,27.2,27.1,27.2,27.3,27.2,27.3,27.2,27.2,27.3,27.3,27.0,27.1,27.1,27.3,27.1,27.1,27.1,27.2,27.1,27.3,27.1,27.1,26.9,27.1,27.1,27.1,27.0,27.1,26.9,26.9,27.2,26.8,27.0,27.0,27.0,26.9,26.9,26.9,27.0,26.9,27.0,26.9,26.9,26.9,26.8,27.0,26.8,26.9,27.0
81,27.2,27.3,27.5,27.4,27.4,27.4,27.6,27.4,27.5,27.6,27.6,27.4,27.7,27.5,27.6,27.7,27.6,27.7,27.8,27.9,28.1,28.4,29.0,29.1,29.1,29.2,28.9,28.8,28.7,28.8,29.0,29.0,29.0,29.0,29.0,28.8,28.8,28.4,28.6,28.6,28.4,28.0,27.6,27.1,26.9,26.9,27.0,26.6,26.7,26.7,26.6,26.6,26.6,26.4,26.7,26.6,26.6,26.8,26.5,26.6,26.6,26.6,26.6,26.5,26.7,26.6,26.6,26.4,26.6,26.6,26.6,26.6,26.5,26.6,26.5,26.6,26.6,26.6,26.5,26.4,26.4,26.4,26.6,26.5,26.6,26.6,26.4,26.5,26.5,26.4,26.4,26.4,26.6,26.4,26.6,26.5,26.5,26.5,26.5,26.6,26.7,26.7,27.0,27.5,28.0,28.0,28.0,27.9,28.0,28.1,28.0,27.8,27.2,26.8,26.7,26.6,26.6,26.6,26.5,26.3,26.3,26.3,26.2,26.3,26.2,26.2,26.2,26.1,26.2,26.3,26.4,26.6,26.9,26.9,26.8,26.9,26.9,27.0,27.0,27.1,27.0,27.2,27.3,27.0,27.2,27.2,27.1,27.1,27.1,27.2,27.2,27.3,27.3,27.3,27.2,27.2,27.1,27.2,27.2,27.2,26.9,27.2,27.2,27.1,27.3,27.0,27.1,27.0,27.0,27.1,27.0,26.9,27.2,27.2,26.9,27.0,27.0,27.0,27.0,26.9,26.9,26.9,27.0,26.9,27.0,26.6,26.9,26.9,26.8,26.9,26.9,26.8
82,27.3,27.2,27.3,27.5,27.3,27.3,27.3,27.4,27.4,27.3,27.6,27.5,27.5,27.5,27.4,27.4,27.4,27.4,27.5,27.7,28.0,28.2,28.8,29.2,29.2,29.0,29.0,29.0,28.9,29.1,29.0,29.1,29.0,29.1,28.8,28.6,28.4,28.1,28.2,28.5,28.2,28.1,27.7,27.2,26.9,26.8,26.7,26.6,26.5,26.8,26.5,26.4,26.4,26.5,26.6,26.5,26.6,26.6,26.6,26.4,26.6,26.4,26.5,26.5,26.4,26.5,26.4,26.4,26.6,26.5,26.5,26.5,26.5,26.4,26.5,26.4,26.3,26.5,26.4,26.5,26.3,26.6,26.5,26.6,26.5,26.4,26.4,26.4,26.4,26.5,26.5,26.4,26.5,26.4,26.4,26.6,26.4,26.2,26.4,26.4,26.5,26.5,26.7,27.1,27.5,27.8,28.0,27.9,28.0,28.1,27.8,27.3,26.9,26.9,26.9,26.9,26.8,26.9,26.5,26.3,26.3,26.2,26.1,26.2,26.1,26.1,26.1,26.0,26.1,26.0,26.3,26.4,26.7,26.7,26.6,26.7,27.0,27.1,27.0,27.2,27.1,27.0,27.2,27.1,27.1,27.2,27.3,27.2,27.2,27.1,27.2,27.3,27.2,27.2,27.1,27.2,27.2,27.2,27.1,27.0,27.1,27.0,27.2,27.1,27.1,27.1,27.1,27.0,27.1,27.1,27.0,26.8,27.0,26.9,26.9,26.8,26.7,26.8,26.9,26.8,26.8,26.7,26.9,26.9,26.9,26.9,26.9,27.0,26.8,26.9,26.9,26.8
83,27.4,27.4,27.3,27.4,27.4,27.6,27.5,27.4,27.4,27.4,27.5,27.5,27.5,27.6,27.5,27.6,27.6,27.6,27.7,27.8,28.2,28.4,28.7,29.0,29.0,29.2,29.2,29.1,29.0,29.0,29.0,29.0,29.0,28.9,28.7,28.5,28.3,27.9,28.0,28.1,28.2,28.0,27.6,27.3,26.8,26.8,26.6,26.4,26.6,26.6,26.6,26.5,26.6,26.5,26.7,26.6,26.6,26.6,26.7,26.5,26.6,26.5,26.4,26.6,26.5,26.4,26.4,26.7,26.6,26.4,26.6,26.3,26.5,26.6,26.5,26.5,26.5,26.5,26.6,26.5,26.5,26.5,26.4,26.4,26.4,26.4,26.3,26.6,26.6,26.5,26.6,26.4,26.4,26.4,26.5,26.5,26.4,26.5,26.5,26.6,26.4,26.4,26.5,26.7,27.1,27.3,27.5,27.7,27.7,27.5,27.3,27.1,26.9,26.9,27.2,27.4,27.3,27.1,26.9,26.6,26.2,26.2,26.1,26.2,26.1,26.0,26.2,26.3,26.2,26.3,26.5,26.6,26.7,26.9,26.7,26.8,27.0,27.1,27.0,27.0,27.0,27.1,27.1,27.2,27.1,27.1,27.1,27.2,27.3,27.3,27.3,27.1,27.2,27.3,27.2,27.1,27.0,27.2,27.1,27.1,27.1,27.2,27.1,27.1,27.2,27.1,27.1,27.1,26.9,27.1,27.1,27.0,26.9,27.0,26.8,26.9,27.1,27.0,26.9,27.0,26.8,26.8,26.9,27.0,26.9,26.9,26.9,26.9,26.8,26.9,27.0,26.9
84,27.3,27.4,27.5,27.3,27.5,27.5,27.6,27.6,27.5,27.5,27.5,27.5,27.7,27.8,27.6,27.6,27.6,27.7,27.6,27.7,28.0,28.0,28.6,28.8,28.9,28.8,28.8,28.8,28.7,28.5,28.5,28.6,28.6,28.4,28.2,28.2,28.1,27.6,27.6,27.7,27.8,27.9,27.6,26.9,26.6,26.8,26.6,26.8,26.6,26.5,26.6,26.5,26.5,26.5,26.6,26.7,26.6,26.7,26.7,26.7,26.6,26.5,26.5,26.5,26.5,26.4,26.5,26.6,26.6,26.6,26.6,26.5,26.6,26.6,26.5,26.5,26.8,26.6,26.6,26.5,26.6,26.5,26.4,26.5,26.5,26.4,26.4,26.5,26.4,26.4,26.4,26.5,26.6,26.6,26.4,26.4,26.5,26.4,26.4,26.6,26.4,26.4,26.6,26.6,26.5,26.6,26.9,27.3,27.1,27.0,26.9,26.9,27.0,27.1,27.4,27.5,27.8,27.6,27.0,26.6,26.3,26.1,26.2,26.3,26.2,26.4,26.2,26.1,26.3,26.2,26.5,26.5,26.8,26.7,26.9,26.9,27.1,27.1,27.1,27.2,27.1,27.0,27.4,27.2,27.1,27.2,27.2,27.1,27.1,27.3,27.3,27.2,27.2,27.3,27.1,27.1,27.2,27.2,27.0,27.1,27.1,27.1,27.2,27.0,27.0,27.1,27.1,26.9,27.2,27.0,27.0,27.0,27.0,26.9,27.1,27.0,26.9,26.9,26.9,26.9,27.0,26.9,26.9,27.1,26.8,27.0,26.9,26.9,26.9,26.8,26.9,27.1
85,27.3,27.3,27.4,27.5,27.5,27.3,27.6,27.6,27.6,27.7,27.6,27.7,27.6,27.6,27.7,27.7,27.3,27.6,27.6,27.8,27.8,27.9,28.2,28.3,28.4,28.2,28.2,28.1,27.9,27.8,27.8,27.9,27.8,27.7,27.5,27.6,27.5,27.4,27.5,27.4,27.3,27.2,27.0,26.9,26.6,26.6,26.6,26.6,26.6,26.6,26.7,26.6,26.4,26.6,26.6,26.6,26.5,26.5,26.5,26.6,26.6,26.5,26.4,26.6,26.6,26.6,26.6,26.4,26.5,26.6,26.6,26.6,26.7,26.5,26.5,26.5,26.4,26.5,26.5,26.6,26.5,26.4,26.5,26.4,26.4,26.5,26.5,26.6,26.4,26.4,26.5,26.5,26.5,26.6,26.4,26.6,26.4,26.5,26.5,26.4,26.4,26.4,26.5,26.4,26.5,26.6,26.6,26.5,26.6,26.7,26.9,27.0,27.0,27.3,27.6,28.0,28.0,27.6,26.9,26.6,26.5,26.2,26.2,26.2,26.3,26.1,26.1,26.2,26.2,26.3,26.4,26.5,26.7,26.8,26.9,26.8,27.0,27.0,27.1,27.1,27.1,27.0,27.1,27.2,27.2,27.1,27.2,27.2,27.1,27.0,27.2,27.4,27.2,27.1,27.1,27.1,27.2,27.1,27.0,27.1,27.0,27.1,27.1,27.1,27.2,27.1,27.0,27.0,27.0,27.0,27.1,26.9,27.1,26.9,27.0,27.1,27.0,26.9,27.0,27.0,26.9,26.9,26.9,26.8,26.7,26.8,26.9,26.9,26.9,26.7,26.9,27.0
86,27.5,27.4,27.4,27.4,27.4,27.6,27.7,27.5,27.7,27.6,27.5,27.5,27.7,27.6,27.6,27.8,27.6,27.6,27.6,27.6,27.7,27.8,27.8,27.7,27.6,27.7,27.7,27.5,27.3,27.1,27.0,27.0,27.1,26.9,26.9,27.0,26.9,26.9,26.9,27.1,27.0,26.9,26.8,26.6,26.6,26.6,26.7,26.5,26.6,26.7,26.8,26.6,26.6,26.6,26.6,26.6,26.6,26.6,26.5,26.7,26.7,26.6,26.4,26.6,26.6,26.5,26.5,26.6,26.4,26.5,26.4,26.5,26.6,26.5,26.6,26.6,26.7,26.6,26.3,26.5,26.6,26.6,26.6,26.5,26.6,26.4,26.4,26.6,26.5,26.5,26.4,26.4,26.5,26.5,26.5,26.5,26.6,26.6,26.5,26.5,26.3,26.6,26.6,26.3,26.5,26.5,26.4,26.4,26.6,26.6,26.9,27.0,26.9,27.3,27.6,27.7,28.0,27.6,27.1,26.6,26.4,26.2,26.2,26.3,26.2,26.2,26.1,26.1,26.2,26.3,26.3,26.4,26.6,26.7,26.8,26.9,26.9,27.1,27.1,27.2,27.1,27.2,27.1,27.2,27.1,27.2,27.1,27.3,27.3,27.4,27.1,27.3,27.2,27.1,27.3,27.3,27.2,27.1,27.1,27.1,27.1,27.0,27.1,27.1,27.0,26.9,27.2,27.0,27.1,27.2,27.1,27.1,26.9,27.0,27.0,26.9,27.0,26.9,27.1,26.9,26.7,27.0,27.0,27.0,27.0,26.9,26.7,26.7,26.7,27.0,26.9,26.9
87,27.3,27.6,27.4,27.5,27.3,27.5,27.5,27.5,27.5,27.5,27.6,27.5,27.6,27.4,27.6,27.5,27.6,27.6,27.5,27.6,27.5,27.6,27.6,27.6,27.5,27.5,27.4,27.3,27.1,27.0,26.8,26.9,26.8,26.8,26.6,26.8,26.7,26.6,26.6,26.8,26.8,26.9,26.7,26.7,26.6,26.7,26.6,26.6,26.6,26.5,26.6,26.5,26.5,26.6,26.7,26.5,26.8,26.6,26.6,26.4,26.6,26.7,26.4,26.6,26.5,26.5,26.6,26.6,26.6,26.6,26.4,26.6,26.5,26.5,26.5,26.5,26.6,26.6,26.5,26.6,26.5,26.5,26.5,26.4,26.6,26.6,26.5,26.5,26.4,26.6,26.6,26.3,26.5,26.4,26.5,26.5,26.5,26.4,26.3,26.4,26.5,26.4,26.6,26.6,26.5,26.4,26.6,26.6,26.6,26.6,26.9,27.0,27.1,27.2,27.5,27.6,27.5,27.3,26.8,26.7,26.3,26.3,26.1,26.3,26.1,26.2,26.1,26.1,26.2,26.1,26.3,26.7,26.7,26.9,26.8,27.0,27.0,27.1,27.1,27.1,27.3,27.1,27.2,27.2,27.2,27.2,27.1,27.2,27.3,27.3,27.2,27.3,27.2,27.3,27.2,27.2,27.1,27.1,27.1,27.1,27.2,27.0,27.1,27.1,27.2,27.2,27.0,27.1,27.1,27.0,27.0,27.1,27.0,27.1,26.9,26.9,27.1,27.1,27.0,27.0,27.0,27.0,27.1,26.9,26.9,26.8,26.8,26.8,27.0,26.9,26.9,26.8
88,27.4,27.3,27.6,27.5,27.6,27.6,27.6,27.6,27.7,27.5,27.6,27.7,27.6,27.5,27.6,27.8,27.6,27.4,27.6,27.4,27.6,27.6,27.5,27.5,27.6,27.6,27.3,27.2,27.0,26.7,26.7,26.9,26.9,26.7,26.7,26.6,26.5,26.6,26.5,26.8,26.9,26.6,26.7,26.9,26.6,26.8,26.7,26.7,26.6,26.8,26.6,26.6,26.5,26.5,26.6,26.6,26.5,26.6,26.6,26.6,26.5,26.6,26.6,26.6,26.6,26.6,26.6,26.6,26.5,26.6,26.4,26.4,26.6,26.4,26.6,26.7,26.7,26.6,26.5,26.5,26.4,26.4,26.4,26.5,26.4,26.5,26.5,26.5,26.6,26.5,26.5,26.5,26.4,26.4,26.4,26.4,26.5,26.5,26.5,26.4,26.4,26.4,26.5,26.6,26.5,26.6,26.4,26.4,26.4,26.6,26.8,27.1,26.9,27.0,27.2,27.1,27.1,27.1,26.9,26.4,26.4,26.2,26.3,26.3,26.2,26.2,26.2,26.1,25.9,26.5,26.4,26.6,26.7,26.9,26.8,27.0,27.0,27.1,27.1,27.0,27.1,27.2,27.2,27.3,27.1,27.2,27.1,27.2,27.2,27.2,27.3,27.3,27.2,27.2,27.2,27.2,27.2,27.2,27.2,27.1,27.0,27.1,27.1,27.0,27.0,27.1,27.1,27.0,27.1,27.2,27.1,27.0,27.2,27.0,27.0,26.9,26.9,27.0,26.9,26.8,27.0,27.1,27.1,27.0,26.8,26.9,26.8,26.9,27.1,26.7,27.0,27.1
89,27.4,27.3,27.5,27.5,27.4,27.6,27.5,27.5,27.6,27.4,27.6,27.6,27.6,27.5,27.6,27.7,27.5,27.6,27.4,27.5,27.6,27.6,27.5,27.5,27.6,27.5,27.3,27.1,26.9,26.8,26.7,26.9,26.8,26.6,26.8,26.7,26.7,26.7,26.5,26.6,26.8,26.9,26.9,26.7,26.7,26.7,26.5,26.8,26.8,26.6,26.6,26.8,26.6,26.5,26.6,26.6,26.5,26.6,26.8,26.6,26.5,26.8,26.5,26.6,26.6,26.5,26.7,26.5,26.7,26.4,26.6,26.7,26.5,26.6,26.6,26.5,26.6,26.6,26.6,26.6,26.5,26.3,26.3,26.5,26.6,26.5,26.6,26.6,26.5,26.6,26.4,26.4,26.4,26.4,26.5,26.4,26.4,26.4,26.4,26.4,26.4,26.5,26.5,26.4,26.4,26.6,26.3,26.3,26.5,26.5,26.8,26.8,26.8,26.9,26.8,27.0,26.9,26.8,26.8,26.4,26.5,26.2,26.1,26.2,26.4,26.2,26.3,26.1,26.2,26.4,26.2,26.4,26.8,26.8,26.8,27.0,26.9,27.1,27.2,26.9,27.1,27.2,27.1,27.2,27.1,27.2,27.1,27.3,27.1,27.2,27.1,27.2,27.1,27.1,27.0,27.3,27.1,27.0,27.2,27.2,26.9,27.0,27.1,27.0,27.1,27.1,27.2,27.2,27.0,27.0,27.1,27.1,26.9,27.0,26.9,27.0,27.1,26.9,26.9,27.0,26.9,27.0,26.9,27.1,26.9,26.9,26.9,26.9,26.8,26.9,26.8,26.9
90,27.4,27.3,27.5,27.4,27.4,27.4,27.5,27.4,27.6,27.5,27.6,27.6,27.6,27.5,27.7,27.6,27.6,27.8,27.6,27.6,27.6,27.6,27.6,27.5,27.5,27.5,27.3,27.2,26.9,26.7,26.6,26.8,26.7,26.6,26.7,26.6,26.7,26.6,26.6,26.7,26.6,26.6,26.6,26.6,26.5,26.7,26.7,26.6,26.8,26.6,26.6,26.6,26.6,26.5,26.6,26.8,26.6,26.6,26.6,26.6,26.6,26.6,26.6,26.5,26.5,26.6,26.5,26.5,26.7,26.7,26.5,26.5,26.5,26.6,26.6,26.5,26.5,26.5,26.4,26.6,26.4,26.6,26.5,26.4,26.5,26.5,26.4,26.6,26.5,26.4,26.5,26.6,26.6,26.5,26.5,26.5,26.6,26.3,26.5,26.4,26.5,26.5,26.4,26.4,26.4,26.5,26.4,26.4,26.4,26.6,26.7,26.8,26.7,26.8,26.8,26.8,26.9,26.9,27.0,26.6,26.5,26.3,26.2,26.1,26.2,26.2,26.1,26.0,26.2,26.3,26.2,26.4,26.7,27.0,26.8,27.0,26.9,26.9,27.2,27.2,27.1,27.1,27.1,27.3,27.1,27.1,27.2,27.2,27.0,27.3,27.1,27.3,27.2,27.3,27.3,26.9,27.1,27.1,27.2,27.2,27.2,27.0,27.1,27.1,27.1,27.1,27.0,27.2,27.1,27.1,27.0,27.0,27.1,27.0,26.9,27.0,26.8,27.0,27.1,26.7,26.8,26.9,26.9,26.9,27.0,26.9,26.9,26.8,26.8,27.0,26.9,26.9
91,27.3,27.4,27.5,27.4,27.6,27.6,27.6,27.7,27.6,27.5,27.6,27.5,27.6,27.6,27.6,27.7,27.4,27.5,27.6,27.5,27.7,27.5,27.6,27.5,27.4,27.2,27.2,27.0,27.0,26.8,26.6,26.7,26.7,26.6,26.7,26.5,26.5,26.6,26.7,26.4,26.4,26.4,26.5,26.5,26.5,26.6,26.7,26.9,26.7,26.5,26.5,26.8,26.5,26.6,26.6,26.6,26.5,26.6,26.5,26.6,26.6,26.5,26.6,26.6,26.6,26.7,26.5,26.6,26.5,26.6,26.4,26.6,26.6,26.5,26.8,26.5,26.4,26.6,26.5,26.5,26.5,26.6,26.6,26.4,26.5,26.4,26.3,26.6,26.4,26.4,26.4,26.3,26.4,26.4,26.2,26.4,26.5,26.3,26.4,26.5,26.4,26.3,26.5,26.4,26.3,26.3,26.4,26.4,26.4,26.5,26.9,26.9,27.0,27.0,26.8,27.0,26.8,26.9,27.0,26.6,26.5,26.2,26.2,26.0,26.1,26.3,25.9,26.0,26.3,26.1,26.0,26.5,26.5,26.7,26.8,26.8,27.0,27.1,27.1,27.0,27.2,26.9,27.2,27.1,27.2,27.3,27.1,27.2,27.2,27.2,27.1,27.1,27.2,27.1,26.9,27.1,27.1,27.1,27.1,27.1,27.1,27.1,27.1,27.1,27.0,27.1,27.0,26.9,27.0,27.1,26.8,27.0,27.2,26.9,26.9,27.0,26.9,26.9,26.8,26.8,26.9,26.9,26.7,26.9,27.0,26.8,26.7,26.9,27.0,26.8,26.9,26.8
92,27.3,27.5,27.7,27.5,27.4,27.5,27.4,27.6,27.5,27.8,27.6,27.7,27.6,27.6,27.7,27.6,27.6,27.6,27.5,27.6,27.5,27.6,27.6,27.4,27.3,27.2,27.1,26.9,26.8,26.7,26.4,26.7,26.6,26.7,26.6,26.4,26.4,26.5,26.5,26.5,26.4,26.4,26.3,26.4,26.4,26.4,26.5,26.5,26.8,26.7,26.6,26.7,26.6,26.5,26.5,26.5,26.6,26.6,26.4,26.5,26.7,26.4,26.6,26.4,26.6,26.5,26.6,26.6,26.5,26.6,26.6,26.5,26.6,26.5,26.4,26.5,26.6,26.5,26.6,26.5,26.4,26.5,26.4,26.5,26.3,26.4,26.5,26.5,26.4,26.5,26.5,26.4,26.4,26.5,26.5,26.6,26.4,26.3,26.4,26.5,26.3,26.3,26.4,26.3,26.3,26.3,26.4,26.4,26.5,26.6,26.8,26.7,26.8,26.8,26.7,26.7,26.8,26.8,26.9,26.6,26.4,26.3,26.2,26.2,26.1,26.2,26.1,26.0,25.8,26.2,26.4,26.5,26.6,26.7,26.9,26.9,27.0,27.1,27.1,27.1,27.0,27.1,27.1,27.3,27.1,27.2,27.1,27.1,27.2,27.3,27.3,27.4,27.2,27.1,27.1,27.2,27.1,27.1,27.2,27.1,27.2,27.1,27.2,27.0,27.1,27.0,27.0,27.1,27.1,27.0,27.0,27.0,27.0,27.0,27.0,26.9,26.8,27.1,26.9,26.9,26.9,26.8,26.9,27.0,27.0,27.0,26.8,26.9,26.9,27.0,26.8,26.9
93,27.3,27.4,27.7,27.5,27.3,27.6,27.6,27.5,27.5,27.6,27.4,27.7,27.6,27.6,27.7,27.5,27.5,27.5,27.6,27.6,27.6,27.5,27.4,27.3,27.1,27.1,26.9,26.7,26.6,26.6,26.4,26.7,26.6,26.4,26.5,26.5,26.5,26.6,26.5,26.3,26.4,26.3,26.3,26.4,26.4,26.4,26.4,26.6,26.7,26.6,26.6,26.5,26.6,26.6,26.6,26.5,26.5,26.6,26.6,26.5,26.5,26.6,26.6,26.6,26.7,26.4,26.5,26.6,26.5,26.6,26.6,26.6,26.5,26.5,26.7,26.5,26.4,26.4,26.7,26.6,26.5,26.4,26.4,26.5,26.6,26.4,26.4,26.4,26.4,26.6,26.5,26.5,26.5,26.5,26.4,26.4,26.5,26.4,26.4,26.5,26.5,26.2,26.4,26.5,26.4,26.5,26.4,26.3,26.4,26.6,26.7,26.9,26.9,26.6,26.7,26.8,26.7,26.8,26.8,26.6,26.5,26.3,26.2,26.2,26.1,26.2,26.1,26.1,26.0,26.2,26.2,26.7,26.6,26.8,26.9,26.8,27.0,26.8,27.0,27.0,27.1,27.2,27.1,27.2,27.2,27.2,27.3,27.1,27.1,27.0,27.1,27.2,27.1,27.2,27.1,27.2,27.1,27.3,27.2,27.0,27.1,27.1,26.9,27.0,27.1,27.0,27.1,27.1,27.1,27.0,27.0,27.2,27.0,27.0,26.9,26.8,26.9,26.9,26.9,27.0,27.0,27.0,27.0,27.0,26.9,27.0,27.0,27.0,26.7,26.7,26.7,26.9
94,27.6,27.4,27.6,27.5,27.5,27.6,27.5,27.5,27.6,27.6,27.5,27.7,27.6,27.5,27.5,27.6,27.6,27.7,27.5,27.5,27.4,27.3,27.2,27.1,26.9,26.9,26.9,26.6,26.6,26.6,26.6,26.6,26.4,26.5,26.5,26.4,26.4,26.4,26.4,26.5,26.5,26.4,26.5,26.4,26.4,26.7,26.6,26.5,26.8,26.6,26.6,26.4,26.7,26.6,26.5,26.6,26.6,26.6,26.6,26.7,26.6,26.6,26.6,26.6,26.5,26.6,26.7,26.6,26.6,26.6,26.6,26.5,26.5,26.5,26.5,26.6,26.7,26.6,26.6,26.6,26.7,26.5,26.6,26.4,26.5,26.5,26.4,26.5,26.4,26.6,26.6,26.5,26.5,26.6,26.3,26.4,26.5,26.5,26.4,26.3,26.3,26.2,26.2,26.4,26.5,26.3,26.4,26.4,26.4,26.5,26.6,26.8,26.6,26.6,26.6,26.7,26.6,26.6,26.8,26.5,26.3,26.3,26.2,26.2,26.2,26.3,26.1,26.1,26.2,26.1,26.2,26.5,26.7,26.7,26.8,27.0,27.0,26.9,26.9,27.1,27.2,27.2,27.1,27.1,27.1,27.2,27.1,27.1,27.3,27.1,27.1,27.3,27.2,27.1,27.0,27.1,27.2,26.9,27.1,27.1,27.0,27.1,27.2,27.1,26.9,27.0,27.0,27.0,27.2,27.1,27.0,27.0,27.2,27.0,27.0,27.1,26.9,27.0,26.9,26.7,26.9,27.0,26.8,27.0,27.1,26.9,26.8,26.7,26.9,26.9,26.8,26.8
95,27.5,27.4,27.5,27.5,27.3,27.7,27.4,27.5,27.6,27.6,27.6,27.6,27.6,27.6,27.5,27.7,27.6,27.4,27.6,27.5,27.3,27.2,26.9,26.6,26.5,26.6,26.7,26.5,26.6,26.5,26.4,26.6,26.5,26.4,26.4,26.4,26.4,26.4,26.2,26.3,26.4,26.5,26.4,26.4,26.4,26.6,26.5,26.4,26.6,26.4,26.4,26.7,26.5,26.5,26.4,26.6,26.6,26.6,26.6,26.6,26.5,26.5,26.6,26.5,26.6,26.6,26.5,26.7,26.5,26.5,26.5,26.6,26.4,26.5,26.5,26.5,26.6,26.5,26.6,26.5,26.6,26.4,26.5,26.6,26.5,26.4,26.4,26.5,26.4,26.6,26.3,26.4,26.5,26.5,26.3,26.4,26.5,26.3,26.5,26.4,26.5,26.4,26.4,26.4,26.2,26.4,26.4,26.4,26.4,26.5,26.4,26.5,26.5,26.4,26.5,26.6,26.5,26.7,26.5,26.5,26.4,26.2,26.1,26.2,26.2,26.1,26.1,25.9,26.1,26.3,26.3,26.5,26.5,26.7,26.8,27.0,26.9,26.9,27.1,27.1,27.0,27.1,27.1,27.2,27.3,27.2,27.1,27.3,27.2,27.1,27.1,27.2,27.1,27.2,27.2,27.1,27.1,27.1,27.1,27.2,27.2,27.1,27.1,27.1,27.1,27.0,26.9,26.9,27.1,27.1,27.1,27.0,26.9,27.0,27.1,26.9,26.9,27.0,27.0,26.9,27.0,26.9,27.0,26.9,26.7,26.8,26.7,26.8,26.8,26.8,26.7,26.9
96,27.6,27.5,27.4,27.4,27.6,27.4,27.6,27.7,27.4,27.7,27.6,27.5,27.8,27.6,27.7,27.7,27.8,27.8,27.5,27.3,27.3,27.1,26.8,26.6,26.7,26.6,26.6,26.5,26.6,26.6,26.5,26.5,26.5,26.5,26.4,26.5,26.6,26.3,26.4,26.2,26.4,26.2,26.3,26.5,26.5,26.6,26.5,26.6,26.6,26.6,26.5,26.4,26.6,26.5,26.4,26.5,26.6,26.5,26.6,26.7,26.6,26.7,26.5,26.4,26.7,26.6,26.5,26.5,26.6,26.7,26.7,26.6,26.6,26.7,26.7,26.6,26.5,26.6,26.6,26.6,26.6,26.6,26.4,26.4,26.4,26.5,26.5,26.6,26.5,26.5,26.6,26.6,26.4,26.6,26.6,26.6,26.4,26.5,26.4,26.4,26.4,26.5,26.4,26.4,26.4,26.4,26.5,26.4,26.4,26.4,26.5,26.4,26.4,26.6,26.3,26.6,26.5,26.7,26.8,26.6,26.5,26.2,26.1,26.3,26.2,26.1,26.2,26.0,25.9,26.1,26.2,26.4,26.7,26.8,26.9,27.0,27.0,27.0,27.0,27.0,27.1,27.2,27.2,27.4,27.1,27.3,27.2,27.4,27.2,27.2,27.1,27.3,27.2,27.2,27.2,27.1,27.1,27.2,27.1,27.3,27.2,27.1,27.2,27.1,27.1,27.0,27.1,27.1,27.0,26.9,27.1,26.9,27.0,27.0,27.0,27.0,27.1,26.9,26.9,27.0,26.9,27.0,27.1,26.9,27.1,26.9,26.9,26.9,26.9,26.9,26.8,26.9
97,27.4,27.4,27.4,27.5,27.6,27.3,27.5,27.6,27.4,27.6,27.6,27.7,27.7,27.6,27.6,27.8,27.8,27.7,27.5,27.5,27.3,26.9,26.7,26.6,26.6,26.6,26.6,26.6,26.5,26.6,26.4,26.6,26.4,26.4,26.6,26.4,26.3,26.4,26.4,26.4,26.5,26.4,26.4,26.4,26.4,26.6,26.5,26.5,26.6,26.6,26.7,26.6,26.5,26.5,26.6,26.6,26.6,26.6,26.7,26.5,26.5,26.4,26.7,26.5,26.5,26.5,26.6,26.5,26.6,26.8,26.5,26.6,26.5,26.4,26.6,26.5,26.5,26.5,26.6,26.6,26.5,26.5,26.6,26.5,26.6,26.4,26.4,26.5,26.4,26.6,26.4,26.4,26.5,26.5,26.3,26.6,26.4,26.4,26.4,26.6,26.4,26.4,26.4,26.2,26.3,26.3,26.2,26.3,26.2,26.3,26.5,26.3,26.4,26.5,26.4,26.4,26.5,26.8,26.8,26.4,26.5,26.4,26.2,26.3,26.2,26.2,26.2,26.1,26.0,26.2,26.2,26.4,26.6,26.8,26.9,26.9,26.9,27.1,27.1,27.0,27.1,27.1,27.0,27.3,27.2,27.2,27.3,27.3,27.3,27.1,27.2,27.5,27.1,27.3,27.3,27.1,27.3,27.2,27.3,27.3,27.3,27.1,27.1,27.1,27.1,27.1,27.1,27.1,27.1,27.1,27.0,27.1,27.1,26.9,27.0,27.0,26.7,26.9,27.2,27.1,27.0,26.9,26.9,27.0,27.1,26.9,26.9,26.8,26.8,26.9,26.9,26.8
98,27.4,27.5,27.4,27.5,27.4,27.5,27.6,27.6,27.6,27.6,27.6,27.6,27.6,27.6,27.6,27.8,27.6,27.6,27.4,27.4,27.2,27.1,27.0,26.6,26.7,26.7,26.6,26.5,26.6,26.5,26.3,26.5,26.6,26.6,26.4,26.4,26.4,26.5,26.4,26.3,26.5,26.3,26.3,26.3,26.3,26.4,26.6,26.5,26.6,26.7,26.6,26.6,26.6,26.6,26.6,26.5,26.7,26.6,26.6,26.6,26.6,26.6,26.5,26.4,26.6,26.6,26.7,26.6,26.6,26.6,26.6,26.6,26.6,26.7,26.6,26.7,26.6,26.6,26.4,26.5,26.6,26.6,26.4,26.5,26.3,26.5,26.3,26.4,26.3,26.6,26.6,26.4,26.4,26.5,26.3,26.5,26.6,26.5,26.4,26.4,26.4,26.4,26.4,26.3,26.4,26.4,26.4,26.6,26.4,26.3,26.3,26.4,26.4,26.3,26.4,26.4,26.4,26.6,26.6,26.6,26.4,26.2,26.1,26.2,26.0,26.2,26.2,26.1,26.2,26.2,26.3,26.4,26.7,26.8,26.9,27.0,27.1,27.1,27.0,27.0,27.2,27.2,27.2,27.3,27.1,27.2,27.2,27.3,27.1,27.3,27.3,27.4,27.2,27.3,27.2,27.3,27.2,27.2,27.1,27.2,27.3,27.2,27.2,27.2,27.1,27.1,27.3,27.1,26.9,27.0,26.9,26.9,27.1,27.0,27.0,26.9,27.0,27.0,26.9,26.9,27.0,27.0,26.8,26.9,26.8,26.8,26.9,26.8,26.9,26.9,26.7,27.0
99,27.4,27.5,27.6,27.5,27.5,27.6,27.6,27.4,27.6,27.7,27.7,27.5,27.5,27.6,27.7,27.7,27.6,27.5,27.4,27.6,27.2,27.2,26.8,26.6,26.6,26.6,26.7,26.7,26.5,26.6,26.6,26.6,26.5,26.6,26.5,26.3,26.4,26.5,26.3,26.4,26.5,26.4,26.4,26.4,26.3,26.5,26.5,26.5,26.6,26.5,26.6,26.6,26.6,26.5,26.5,26.6,26.4,26.6,26.6,26.6,26.7,26.6,26.5,26.6,26.5,26.6,26.5,26.6,26.6,26.6,26.6,26.7,26.6,26.6,26.6,26.6,26.6,26.7,26.8,26.7,26.6,26.4,26.4,26.4,26.4,26.4,26.4,26.5,26.4,26.3,26.3,26.4,26.4,26.7,26.5,26.4,26.5,26.3,26.5,26.4,26.5,26.4,26.4,26.4,26.3,26.4,26.4,26.5,26.4,26.4,26.4,26.5,26.4,26.4,26.3,26.3,26.2,26.5,26.4,26.2,26.2,26.1,26.2,26.2,26.2,26.3,26.2,26.2,26.1,26.2,26.2,26.4,26.6,26.7,26.8,26.9,26.9,27.0,27.1,27.2,27.1,27.1,27.2,27.0,27.1,27.2,27.3,27.2,27.1,27.3,27.2,27.4,27.2,27.2,27.2,27.1,27.3,27.0,27.3,27.1,27.2,27.2,27.1,27.2,27.3,27.1,27.1,27.1,27.1,27.1,27.0,27.0,27.0,26.9,27.1,27.2,27.1,26.9,27.1,26.9,26.9,26.9,26.9,26.9,27.0,26.8,26.8,27.0,27.0,26.9,27.0,26.9
100,27.5,27.3,27.5,27.6,27.6,27.4,27.6,27.5,27.6,27.5,27.6,27.5,27.5,27.5,27.7,27.6,27.6,27.7,27.3,27.3,27.3,26.9,26.8,26.5,26.4,26.5,26.5,26.4,26.5,26.5,26.4,26.5,26.4,26.5,26.6,26.4,26.3,26.4,26.4,26.4,26.3,26.2,26.4,26.4,26.4,26.5,26.5,26.6,26.7,26.5,26.7,26.7,26.6,26.6,26.6,26.6,26.6,26.7,26.7,26.5,26.6,26.6,26.6,26.6,26.6,26.7,26.6,26.6,26.4,26.6,26.6,26.6,26.5,26.6,26.7,26.7,26.8,27.0,26.7,26.7,26.7,26.7,26.5,26.5,26.7,26.5,26.4,26.6,26.5,26.5,26.2,26.5,26.3,26.4,26.4,26.3,26.4,26.4,26.4,26.3,26.5,26.5,26.3,26.4,26.4,26.4,26.4,26.5,26.4,26.3,26.4,26.6,26.6,26.5,26.2,26.5,26.1,26.3,26.2,26.2,26.2,26.1,26.0,26.2,26.1,26.3,26.0,26.2,26.0,26.2,26.2,26.4,26.5,26.7,26.8,26.9,27.0,27.0,26.9,27.0,27.1,27.0,27.2,27.2,27.1,27.3,27.2,27.3,27.2,27.1,27.2,27.3,27.2,27.2,27.2,27.1,27.1,27.1,27.2,27.2,27.2,27.1,27.0,26.9,27.1,27.2,27.2,27.1,27.1,27.1,27.0,27.1,26.9,27.0,26.9,27.1,26.9,26.9,27.1,27.0,26.9,27.0,26.8,26.9,27.0,26.8,27.0,26.9,27.0,27.0,26.8,26.9
101,27.5,27.6,27.4,27.5,27.5,27.5,27.6,27.6,27.6,27.6,27.6,27.6,27.6,27.6,27.6,27.6,27.6,27.8,27.6,27.5,27.3,27.1,26.9,26.7,26.6,26.5,26.7,26.4,26.4,26.6,26.4,26.5,26.5,26.5,26.6,26.5,26.5,26.4,26.4,26.3,26.4,26.4,26.5,26.4,26.4,26.5,26.4,26.5,26.5,26.6,26.6,26.6,26.6,26.7,26.6,26.7,26.6,26.6,26.7,26.6,26.6,26.6,26.6,26.7,26.7,26.7,26.6,26.7,26.7,26.6,26.6,26.7,26.6,26.9,26.9,27.2,27.2,27.2,27.2,27.1,26.7,26.6,26.5,26.6,26.6,26.5,26.6,26.5,26.5,26.5,26.4,26.4,26.5,26.4,26.4,26.5,26.4,26.2,26.5,26.6,26.4,26.4,26.4,26.4,26.5,26.5,26.4,26.3,26.3,26.5,26.6,26.4,26.5,26.5,26.4,26.3,26.4,26.3,26.3,26.2,26.3,26.2,26.1,26.1,26.2,26.0,26.2,26.1,26.0,26.0,26.2,26.3,26.6,26.7,26.9,26.9,27.2,27.1,27.1,27.1,27.1,27.1,27.2,27.1,27.1,27.2,27.3,27.3,27.3,27.4,27.2,27.4,27.3,27.2,27.3,27.4,27.2,27.2,27.3,27.1,27.2,27.2,27.3,27.3,27.2,27.1,27.1,27.1,27.1,27.0,27.1,27.2,26.9,27.0,27.1,27.1,27.0,27.1,27.0,27.0,26.9,27.0,26.9,26.9,27.0,27.0,26.9,26.9,26.8,27.0,26.9,27.0
102,27.6,27.5,27.6,27.7,27.6,27.6,27.5,27.5,27.6,27.6,27.7,27.6,27.5,27.7,27.6,27.8,27.8,27.5,27.5,27.5,27.2,27.3,26.9,26.7,26.6,26.6,26.8,26.5,26.6,26.6,26.4,26.7,26.6,26.5,26.5,26.4,26.4,26.3,26.4,26.4,26.5,26.3,26.4,26.3,26.5,26.4,26.4,26.4,26.4,26.7,26.6,26.4,26.6,26.6,26.6,26.6,26.6,26.7,26.7,26.6,26.6,26.7,26.7,26.6,26.6,26.4,26.6,26.6,26.7,26.6,26.5,26.6,26.7,26.9,27.0,27.2,27.4,27.6,27.3,27.2,26.7,26.6,26.6,26.5,26.5,26.4,26.5,26.4,26.6,26.5,26.4,26.3,26.5,26.4,26.4,26.4,26.5,26.3,26.3,26.4,26.5,26.4,26.4,26.6,26.4,26.5,26.4,26.5,26.5,26.4,26.6,26.7,26.6,26.7,26.5,26.3,26.3,26.3,26.4,26.2,26.1,26.2,26.1,26.2,26.3,26.2,26.1,26.1,26.0,26.2,26.2,26.3,26.6,26.6,26.9,27.0,27.1,27.1,27.1,27.2,27.1,27.2,27.2,27.2,27.2,27.1,27.3,27.3,27.2,27.3,27.2,27.3,27.4,27.2,27.2,27.3,27.1,27.2,27.1,27.1,27.2,27.1,27.1,27.2,27.1,27.2,27.2,27.2,27.1,27.1,27.1,27.0,27.1,27.1,27.0,27.0,26.9,27.0,27.0,27.1,26.9,26.8,26.9,27.0,27.0,26.8,26.9,26.9,26.9,26.8,27.0,27.0
103,27.5,27.6,27.4,27.3,27.4,27.7,27.4,27.6,27.5,27.6,27.6,27.5,27.4,27.7,27.7,27.5,27.6,27.7,27.6,27.6,27.5,27.3,27.1,27.1,26.8,26.9,26.8,26.7,26.6,26.7,26.7,26.5,26.6,26.6,26.6,26.4,26.5,26.5,26.5,26.4,26.3,26.4,26.5,26.5,26.6,26.6,26.5,26.5,26.5,26.6,26.6,26.5,26.6,26.6,26.6,26.6,26.6,26.6,26.8,26.5,26.7,26.6,26.6,26.5,26.7,26.6,26.6,26.6,26.6,26.8,26.7,26.7,26.9,27.1,27.2,27.3,27.5,27.5,27.3,26.9,26.6,26.4,26.3,26.4,26.3,26.3,26.3,26.6,26.2,26.3,26.4,26.4,26.3,26.4,26.4,26.4,26.4,26.4,26.5,26.4,26.4,26.4,26.4,26.4,26.4,26.4,26.5,26.5,26.4,26.5,26.6,26.6,26.6,26.6,26.4,26.3,26.4,26.4,26.2,26.4,26.3,26.2,26.1,26.1,26.1,26.2,26.1,26.1,26.0,26.1,26.1,26.3,26.6,26.8,26.8,26.9,27.1,27.0,27.1,27.2,27.2,27.3,27.1,27.3,27.3,27.3,27.2,27.2,27.3,27.4,27.2,27.4,27.3,27.1,27.3,27.2,27.3,27.2,27.3,27.2,27.3,27.1,27.1,27.4,27.2,27.1,27.1,27.2,27.3,27.1,27.1,26.9,27.1,27.0,27.0,27.0,27.1,27.1,27.0,27.0,27.0,27.1,26.9,27.0,26.8,26.9,26.9,26.9,27.0,26.7,26.9,27.1
104,27.5,27.4,27.6,27.4,27.6,27.6,27.4,27.6,27.6,27.6,27.5,27.8,27.5,27.7,27.5,27.6,27.6,27.5,27.6,27.6,27.5,27.6,27.3,27.5,27.2,27.3,27.1,26.9,26.7,26.7,26.9,26.9,26.8,26.5,26.7,26.5,26.5,26.5,26.5,26.5,26.6,26.6,26.6,26.7,26.8,26.7,26.6,26.5,26.4,26.6,26.7,26.8,26.6,26.6,26.5,26.8,26.6,26.6,26.6,26.8,26.5,26.6,26.5,26.6,26.6,26.6,26.6,26.7,26.6,26.6,26.8,26.7,27.1,27.3,27.5,27.6,27.5,27.6,27.4,26.7,26.6,26.3,26.2,26.4,26.3,26.4,26.2,26.4,26.3,26.2,26.3,26.4,26.4,26.3,26.3,26.3,26.4,26.3,26.4,26.4,26.3,26.4,26.4,26.3,26.3,26.4,26.3,26.5,26.4,26.4,26.4,26.4,26.4,26.3,26.4,26.3,26.4,26.3,26.2,26.2,26.3,26.2,26.0,26.0,26.1,26.3,26.2,26.2,26.0,26.2,26.2,26.3,26.5,26.9,26.9,26.8,26.9,27.2,27.1,27.1,27.2,27.2,27.3,27.3,27.2,27.2,27.2,27.3,27.3,27.3,27.2,27.1,27.1,27.3,27.3,27.1,27.1,27.3,27.3,27.2,27.2,27.1,27.0,27.1,27.3,27.1,27.0,27.1,27.0,27.1,27.1,27.0,27.1,27.0,27.0,26.9,26.9,26.9,27.0,27.1,27.0,26.9,26.9,27.1,27.0,26.9,26.9,27.0,27.0,26.9,26.9,26.8
105,27.4,27.3,27.3,27.5,27.5,27.4,27.3,27.5,27.4,27.3,27.3,27.3,27.3,27.5,27.5,27.6,27.5,27.6,27.5,27.4,27.6,27.7,27.6,27.4,27.4,27.4,27.2,27.0,27.0,27.0,26.8,27.0,26.9,26.7,26.6,26.6,26.7,26.6,26.6,26.7,26.5,26.7,26.7,27.1,26.9,26.8,26.6,26.5,26.6,26.7,26.6,26.6,26.7,26.6,26.6,26.6,26.6,26.8,26.6,26.6,26.6,26.6,26.7,26.6,26.6,26.8,26.7,26.7,26.6,26.6,26.9,27.1,27.3,27.6,27.6,27.7,27.6,27.6,27.3,26.6,26.6,26.4,26.4,26.3,26.3,26.4,26.2,26.4,26.2,26.3,26.3,26.4,26.3,26.3,26.4,26.3,26.3,26.4,26.5,26.4,26.3,26.4,26.5,26.5,26.4,26.4,26.5,26.5,26.5,26.5,26.6,26.5,26.7,26.4,26.5,26.5,26.4,26.4,26.1,26.2,26.2,26.2,26.2,26.2,26.1,26.2,26.1,26.1,26.1,26.1,26.1,26.3,26.6,26.6,26.6,26.9,27.1,27.1,27.1,27.1,27.2,27.1,27.3,27.2,27.2,27.4,27.2,27.3,27.2,27.4,27.4,27.4,27.3,27.1,27.2,27.3,27.2,27.3,27.1,27.2,27.1,27.2,27.2,27.1,27.3,27.1,27.1,27.2,27.1,27.2,26.9,27.1,27.2,26.9,27.1,26.9,27.0,27.0,26.9,27.1,27.0,27.0,27.0,26.9,27.0,26.8,27.0,27.0,26.9,27.0,26.9,26.9
106,27.3,27.3,27.4,27.3,27.4,27.2,27.3,27.2,27.1,27.3,27.2,27.3,27.1,27.2,27.1,27.4,27.6,27.6,27.7,27.6,27.5,27.6,27.6,27.5,27.6,27.4,27.3,27.1,27.1,27.2,27.2,27.2,27.1,26.8,26.7,26.7,26.6,26.5,26.5,26.7,26.6,26.9,26.8,26.9,27.0,27.0,26.7,26.6,26.5,26.6,26.6,26.4,26.6,26.5,26.5,26.5,26.6,26.7,26.7,26.6,26.6,26.8,26.6,26.7,26.6,26.6,26.5,26.7,26.9,27.1,27.2,27.3,27.4,27.8,27.8,27.7,27.7,27.5,27.0,26.8,26.6,26.5,26.4,26.1,26.3,26.4,26.2,26.3,26.3,26.4,26.3,26.4,26.4,26.3,26.2,26.4,26.2,26.3,26.5,26.4,26.3,26.5,26.3,26.5,26.5,26.3,26.5,26.5,26.5,26.5,26.3,26.5,26.5,26.4,26.5,26.4,26.3,26.5,26.6,26.4,26.4,26.3,26.1,26.2,26.2,26.2,26.1,26.2,26.0,26.1,26.3,26.3,26.6,26.5,26.7,26.9,26.9,27.1,27.1,27.3,27.2,27.3,27.4,27.2,27.1,27.3,27.3,27.2,27.2,27.4,27.4,27.1,27.4,27.3,27.3,27.1,27.3,27.3,27.3,27.1,27.3,27.1,27.1,27.0,27.1,27.2,27.1,27.1,27.1,27.0,27.0,26.9,27.1,26.8,27.0,27.1,27.1,26.9,27.1,27.0,27.0,27.1,27.0,27.0,27.0,26.9,26.9,27.0,26.9,26.8,26.9,26.9
107,27.2,27.1,27.1,27.0,27.1,26.9,27.0,27.0,26.8,26.7,26.9,26.9,26.8,26.7,26.8,26.9,27.1,27.5,27.6,27.7,27.6,27.7,27.8,27.7,27.6,27.5,27.3,27.3,27.1,27.1,27.0,27.4,27.2,27.0,26.8,26.8,26.7,26.7,26.6,26.6,26.6,26.7,27.0,26.9,27.1,27.0,26.8,26.7,26.7,26.8,26.6,26.7,26.6,26.6,26.5,26.6,26.6,26.8,26.6,26.5,26.6,26.6,26.6,26.7,26.6,26.5,26.7,26.7,27.0,27.2,27.4,27.7,27.6,27.8,27.7,27.6,27.5,27.4,27.1,26.7,26.6,26.6,26.4,26.4,26.2,26.4,26.1,26.3,26.3,26.2,26.4,26.2,26.3,26.2,26.3,26.3,26.5,26.4,26.4,26.3,26.4,26.4,26.5,26.3,26.3,26.4,26.5,26.5,26.6,26.6,26.4,26.5,26.3,26.3,26.4,26.4,26.5,26.5,26.6,26.5,26.4,26.3,26.2,26.4,26.1,26.1,26.2,26.1,26.1,26.2,26.3,26.3,26.7,26.7,26.8,26.8,27.1,27.1,26.9,27.1,27.1,27.1,27.2,27.3,27.3,27.3,27.1,27.3,27.3,27.2,27.2,27.4,27.3,27.2,27.3,27.2,27.1,27.2,27.3,27.1,27.1,27.1,27.2,27.1,27.3,27.2,27.2,27.1,27.3,27.1,27.1,27.0,27.1,27.0,26.9,27.0,27.0,26.9,27.1,26.9,27.0,27.0,27.0,26.9,26.8,27.1,27.1,26.9,27.0,26.8,27.0,27.0
108,26.8,26.5,26.9,26.9,26.6,26.5,26.6,26.8,26.5,26.5,26.6,26.2,26.4,26.5,26.5,26.9,27.0,27.2,27.5,27.8,27.7,27.8,27.7,27.7,27.6,27.4,27.5,27.4,27.0,27.1,27.1,27.1,27.0,27.1,26.9,27.0,26.7,27.0,26.9,26.9,26.9,26.8,26.8,26.9,26.9,26.8,26.9,26.9,26.9,26.9,26.7,26.7,26.7,26.7,26.8,26.6,26.6,26.5,26.6,26.7,26.6,26.5,26.7,26.7,26.5,26.7,26.8,26.9,27.1,27.3,27.5,27.6,27.7,27.8,27.7,27.7,27.3,27.3,27.1,26.7,26.5,26.5,26.3,26.2,26.2,26.2,26.2,26.3,26.3,26.4,26.4,26.3,26.2,26.4,26.4,26.3,26.4,26.3,26.2,26.4,26.3,26.4,26.5,26.4,26.3,26.4,26.5,26.6,26.4,26.5,26.5,26.4,26.3,26.4,26.3,26.4,26.5,26.8,26.7,26.8,26.4,26.5,26.2,26.2,26.3,26.2,26.2,26.3,26.1,26.2,26.3,26.3,26.7,26.5,26.8,26.9,27.0,27.0,27.1,27.1,27.2,27.1,27.2,27.3,27.1,27.1,27.2,27.3,27.3,27.3,27.3,27.2,27.3,27.3,27.2,27.2,27.1,27.2,27.3,27.1,27.2,27.1,27.1,27.0,27.2,27.1,27.1,27.1,27.1,27.0,27.0,27.1,26.9,27.0,26.9,27.0,27.2,27.0,27.0,26.9,26.9,26.9,26.9,27.0,27.0,27.0,26.9,26.9,26.9,26.9,26.9,26.7
109,26.6,26.5,26.6,26.6,26.6,26.8,26.6,26.6,26.5,26.4,26.6,26.4,26.5,26.4,26.6,26.6,26.9,27.2,27.4,27.6,27.6,27.7,27.8,27.5,27.6,27.6,27.5,27.3,27.2,27.2,27.1,27.1,27.1,27.1,27.2,27.1,27.3,27.2,26.9,27.0,27.1,27.0,27.0,26.9,26.8,26.8,26.7,26.8,27.0,26.8,26.7,26.8,26.5,26.5,26.8,26.8,26.8,26.6,26.7,26.7,26.5,26.6,26.6,26.6,26.7,26.8,27.0,27.2,27.3,27.5,27.8,27.8,27.8,27.8,27.7,27.6,27.3,27.3,26.9,26.6,26.4,26.4,26.4,26.4,26.4,26.3,26.4,26.2,26.2,26.4,26.4,26.3,26.4,26.2,26.3,26.4,26.6,26.4,26.5,26.6,26.4,26.3,26.3,26.4,26.4,26.4,26.5,26.5,26.5,26.4,26.5,26.6,26.4,26.4,26.4,26.6,26.5,26.8,26.8,27.0,26.6,26.4,26.2,26.2,26.2,26.3,26.1,26.0,26.2,26.1,26.3,26.2,26.4,26.6,26.6,26.7,27.1,27.1,27.2,27.1,27.3,27.2,27.2,27.2,27.4,27.3,27.3,27.4,27.2,27.3,27.3,27.4,27.4,27.3,27.3,27.2,27.3,27.3,27.3,27.3,27.3,27.1,27.3,27.2,27.2,27.1,27.2,27.1,27.2,27.0,27.1,27.0,27.2,27.1,27.0,27.0,27.1,27.0,27.0,27.0,27.0,27.0,26.9,27.1,27.1,27.0,27.1,26.9,27.0,26.8,27.1,26.9
110,26.8,26.6,26.6,26.6,26.5,26.5,26.5,26.5,26.6,26.6,26.3,26.2,26.4,26.5,26.5,26.6,26.8,27.1,27.4,27.6,27.7,27.8,27.9,27.8,27.9,27.8,27.8,27.7,27.6,27.6,27.5,27.6,27.6,27.6,27.6,27.5,27.5,27.2,27.3,27.5,27.5,27.3,27.1,27.0,26.6,26.9,26.6,26.8,26.8,26.6,26.8,26.5,26.7,26.6,26.8,26.4,26.6,26.6,26.6,26.6,26.6,26.6,26.6,26.6,26.8,26.8,27.1,27.2,27.5,27.7,27.8,27.8,27.7,27.6,27.6,27.6,27.4,27.2,26.9,26.8,26.5,26.4,26.3,26.4,26.2,26.3,26.2,26.3,26.2,26.2,26.3,26.5,26.4,26.4,26.3,26.2,26.3,26.2,26.2,26.4,26.3,26.2,26.5,26.6,26.5,26.3,26.4,26.5,26.5,26.4,26.5,26.5,26.4,26.4,26.5,26.6,26.6,26.9,26.8,26.7,26.6,26.4,26.2,26.3,26.1,26.4,26.1,26.2,26.0,26.0,26.1,26.4,26.5,26.6,26.6,26.8,26.9,26.9,27.1,27.1,27.2,27.2,27.2,27.1,27.2,27.2,27.3,27.2,27.3,27.1,27.3,27.1,27.1,27.2,27.3,27.1,27.3,27.1,27.1,27.3,27.1,27.1,26.9,27.0,27.1,27.0,27.1,27.1,27.1,27.1,27.0,26.9,27.1,26.9,27.1,27.0,26.9,27.0,27.1,27.0,27.0,27.0,26.9,27.1,27.0,27.1,26.9,26.9,26.7,26.9,27.0,27.0
111,26.7,26.6,26.7,26.4,26.5,26.6,26.6,26.7,26.6,26.5,26.4,26.4,26.4,26.5,26.5,26.8,27.0,27.3,27.6,27.8,28.0,28.2,28.3,28.2,28.2,28.3,28.2,28.4,28.3,28.1,28.3,28.3,28.3,28.1,28.1,28.0,27.9,27.6,27.5,27.8,27.6,27.6,27.5,27.3,27.0,26.8,26.7,26.7,26.9,26.7,26.7,26.8,26.6,26.6,26.6,26.6,26.7,26.8,26.6,26.6,26.6,26.5,26.5,26.7,26.6,27.0,27.3,27.5,27.7,27.8,27.9,27.9,27.8,27.7,27.6,27.6,27.5,27.2,27.1,26.9,26.5,26.6,26.2,26.5,26.5,26.3,26.3,26.1,26.2,26.4,26.4,26.2,26.4,26.2,26.3,26.2,26.3,26.3,26.3,26.3,26.5,26.3,26.4,26.4,26.3,26.5,26.3,26.4,26.5,26.5,26.6,26.6,26.6,26.6,26.5,26.6,26.7,26.8,26.8,26.7,26.7,26.4,26.4,26.4,26.1,26.0,26.1,26.1,25.9,26.1,26.1,26.3,26.5,26.7,26.8,26.7,27.1,27.0,27.0,27.2,27.2,27.1,27.3,27.3,27.2,27.3,27.3,27.2,27.3,27.1,27.1,27.3,27.3,27.2,27.3,27.3,27.3,27.3,27.3,27.1,27.2,27.1,27.1,27.2,27.3,27.0,26.9,27.2,27.1,27.2,27.1,27.0,26.9,27.1,27.1,27.1,27.1,27.0,27.0,26.9,26.9,27.0,27.0,27.1,27.0,26.9,26.8,26.8,26.9,26.9,26.8,26.9
112,26.7,26.6,26.6,26.7,26.6,26.5,26.8,26.6,26.4,26.4,26.6,26.6,26.4,26.4,26.7,27.0,27.1,27.7,28.0,28.2,28.3,28.5,28.7,28.8,28.8,28.9,28.9,28.9,28.9,29.0,28.8,28.9,28.9,28.7,28.6,28.2,28.2,27.8,27.6,28.0,27.8,27.8,27.6,27.1,26.9,26.7,26.6,26.6,26.7,26.9,26.5,26.7,26.4,26.6,26.7,26.5,26.7,26.6,26.6,26.5,26.5,26.5,26.6,26.8,26.9,27.1,27.4,27.8,27.9,27.9,28.0,27.8,27.8,27.7,27.7,27.7,27.6,27.6,27.1,26.6,26.6,26.5,26.4,26.4,26.4,26.2,26.2,26.3,26.4,26.3,26.4,26.4,26.3,26.2,26.2,26.5,26.3,26.3,26.4,26.3,26.4,26.4,26.4,26.4,26.4,26.5,26.5,26.5,26.4,26.5,26.7,26.7,26.7,26.7,26.9,26.6,26.9,26.9,26.9,26.7,26.7,26.5,26.3,26.3,26.2,26.3,26.1,26.2,26.0,26.2,26.2,26.3,26.6,26.8,26.6,26.9,27.0,27.0,27.0,27.3,27.2,27.1,27.3,27.3,27.4,27.3,27.3,27.3,27.2,27.4,27.3,27.3,27.2,27.3,27.2,27.3,27.3,27.3,27.3,27.3,27.2,27.0,27.1,27.1,27.1,27.1,27.1,27.1,27.1,27.2,27.2,27.0,27.1,27.1,26.9,27.1,26.9,26.9,26.9,26.9,27.0,26.9,27.0,27.1,26.8,26.9,27.0,26.8,26.9,26.9,26.8,26.9
113,26.9,26.8,26.6,26.6,26.7,26.7,26.8,26.6,26.6,26.7,26.5,26.6,26.5,26.6,26.8,27.3,27.6,28.2,28.7,28.8,28.9,29.1,29.1,29.1,29.2,29.1,29.1,29.0,29.1,29.1,29.0,29.0,29.1,28.9,28.8,28.6,28.3,28.0,27.9,28.2,28.0,27.7,27.4,26.9,26.9,26.6,26.8,26.7,26.6,26.8,26.7,26.6,26.6,26.6,26.7,26.6,26.7,26.7,26.6,26.6,26.5,26.6,26.6,26.8,26.9,27.3,27.6,27.7,28.0,28.0,27.8,27.9,27.9,27.8,27.8,27.9,27.8,27.8,27.3,26.8,26.5,26.5,26.5,26.2,26.2,26.2,26.3,26.3,26.3,26.4,26.4,26.3,26.3,26.5,26.3,26.4,26.3,26.2,26.3,26.2,26.4,26.3,26.5,26.4,26.4,26.4,26.6,26.6,26.5,26.6,26.8,26.9,26.8,26.9,26.6,26.7,26.7,26.9,26.9,26.7,26.7,26.4,26.4,26.1,26.2,26.3,26.4,26.4,26.2,26.1,26.3,26.1,26.6,26.7,26.8,26.9,26.8,26.9,27.2,27.1,27.0,27.1,27.2,27.1,27.3,27.2,27.3,27.3,27.3,27.1,27.3,27.3,27.5,27.3,27.2,27.2,27.2,27.3,27.2,27.3,27.4,27.3,27.2,27.3,27.2,27.1,27.1,27.0,27.0,27.2,27.1,27.1,27.1,27.0,27.1,26.9,27.1,27.0,26.9,26.9,26.8,27.1,27.1,26.9,27.0,26.9,26.8,26.9,27.0,27.0,27.0,26.8
114,26.7,26.6,26.7,26.8,26.8,26.6,26.7,26.5,26.7,26.4,26.5,26.5,26.4,26.6,26.7,27.2,27.9,28.4,29.0,28.9,29.1,29.2,29.2,29.3,29.1,29.2,29.1,29.2,29.1,29.2,29.2,29.1,29.1,29.0,28.8,28.7,28.6,28.5,28.3,28.2,27.7,27.5,27.1,26.9,26.8,26.6,26.6,26.7,26.7,26.8,26.5,26.6,26.6,26.6,26.7,26.6,26.6,26.6,26.6,26.5,26.7,26.7,26.6,26.9,27.1,27.3,27.6,27.8,27.8,28.0,27.8,27.9,27.7,27.9,27.7,27.9,27.7,27.6,27.5,27.0,26.6,26.5,26.5,26.3,26.3,26.3,26.1,26.4,26.3,26.5,26.2,26.3,26.2,26.5,26.3,26.4,26.5,26.5,26.4,26.4,26.6,26.3,26.4,26.4,26.4,26.6,26.6,26.6,26.5,26.7,26.8,27.0,26.9,26.7,26.8,26.8,26.7,26.8,26.9,26.8,26.6,26.4,26.4,26.2,26.2,26.1,26.1,26.1,26.1,26.2,26.2,26.4,26.5,26.6,26.7,26.7,27.0,26.9,26.9,26.9,27.1,27.1,27.1,27.2,27.2,27.2,27.3,27.3,27.2,27.3,27.1,27.3,27.2,27.3,27.1,27.1,27.2,27.2,27.2,27.3,27.1,27.2,27.1,27.2,27.2,27.1,27.1,27.1,27.1,27.1,27.1,26.9,27.1,27.2,27.1,27.0,26.9,27.0,26.9,26.9,27.0,26.9,27.1,27.0,27.0,27.0,26.9,27.0,26.9,26.8,26.9,26.9
115,26.9,26.8,26.9,26.7,26.8,26.7,26.6,26.5,26.6,26.7,26.6,26.6,26.4,26.6,26.9,27.4,27.9,28.6,29.0,29.0,29.2,29.3,29.3,29.3,29.2,29.2,29.2,29.0,29.0,29.1,29.1,28.9,29.0,29.0,29.0,29.0,28.8,28.7,28.6,28.2,28.0,27.4,26.9,26.7,26.8,26.8,26.7,26.7,26.7,26.8,26.6,26.6,26.6,26.6,26.6,26.6,26.6,26.6,26.6,26.7,26.4,26.6,26.7,26.7,27.0,27.4,27.7,27.8,28.0,27.9,28.0,27.9,27.9,28.0,27.8,27.9,27.9,27.7,27.3,27.1,26.6,26.6,26.4,26.4,26.3,26.3,26.2,26.4,26.5,26.4,26.3,26.4,26.5,26.5,26.3,26.4,26.5,26.4,26.6,26.6,26.4,26.4,26.4,26.5,26.5,26.5,26.5,26.3,26.4,26.5,26.7,26.8,26.8,26.8,26.8,26.6,26.9,26.9,26.8,26.8,26.7,26.5,26.3,26.1,26.3,26.4,26.4,26.2,26.2,26.1,26.3,26.2,26.3,26.7,26.7,26.9,26.9,27.0,26.9,27.0,27.0,27.1,27.3,27.3,27.3,27.3,27.3,27.3,27.3,27.3,27.4,27.2,27.2,27.1,27.1,27.2,27.3,27.4,27.2,27.3,27.3,27.0,27.2,27.3,27.2,27.1,27.1,27.2,27.1,27.1,27.3,27.0,27.2,27.1,27.0,27.2,27.1,27.2,27.0,27.1,27.0,27.2,26.9,27.0,27.1,27.0,27.0,26.9,26.9,27.1,26.9,27.0
116,26.9,26.9,26.9,26.8,26.7,26.8,26.7,26.7,26.8,26.7,26.6,26.7,26.6,26.7,27.1,27.5,28.1,28.8,29.1,29.2,29.3,29.3,29.2,29.3,29.2,29.1,29.3,29.1,29.0,29.1,28.8,28.9,28.8,28.9,28.9,29.1,29.0,28.8,28.7,28.3,28.0,27.4,26.9,26.9,26.7,26.8,26.7,26.7,26.8,26.7,26.6,26.7,26.7,26.6,26.8,26.6,26.6,26.8,26.7,26.6,26.6,26.7,26.7,26.7,27.0,27.1,27.2,27.6,27.9,27.9,28.0,27.8,27.8,27.9,27.9,27.8,27.8,27.6,27.4,27.1,26.9,26.6,26.4,26.4,26.4,26.5,26.4,26.4,26.3,26.4,26.5,26.4,26.4,26.4,26.2,26.5,26.4,26.3,26.3,26.4,26.4,26.4,26.3,26.4,26.4,26.6,26.6,26.6,26.5,26.6,26.8,26.7,26.7,26.8,26.8,26.7,26.8,26.8,26.9,26.7,26.7,26.6,26.4,26.4,26.2,26.2,26.1,26.1,26.2,26.2,26.0,26.2,26.6,26.7,26.7,26.9,27.0,26.9,27.0,27.0,27.1,27.3,27.1,27.3,27.4,27.4,27.3,27.3,27.2,27.3,27.2,27.4,27.3,27.3,27.2,27.2,27.3,27.3,27.1,27.3,27.3,27.2,27.2,27.4,27.2,27.2,27.1,27.1,27.1,27.1,27.1,27.1,27.1,27.0,27.0,27.0,27.1,26.9,27.1,27.0,26.9,26.9,27.1,27.0,27.0,27.0,26.9,26.9,26.9,26.7,27.0,26.9
117,26.8,26.8,27.0,26.9,26.9,26.6,26.8,26.7,26.7,26.5,26.6,26.5,26.6,26.7,27.0,27.3,27.8,28.4,29.0,29.2,29.4,29.2,29.3,29.4,29.3,29.3,29.2,28.9,28.9,28.9,28.6,28.8,28.8,28.8,28.9,28.9,29.1,29.0,28.8,28.2,27.9,27.2,27.0,26.8,26.9,26.9,26.7,26.8,26.8,26.6,26.6,26.7,26.7,26.6,26.6,26.5,26.7,26.6,26.6,26.7,26.5,26.7,26.5,26.6,26.7,26.9,27.1,27.3,27.5,27.6,28.0,28.0,27.8,27.9,27.8,27.8,27.6,27.6,27.5,27.2,26.8,26.5,26.4,26.4,26.4,26.3,26.3,26.3,26.3,26.5,26.2,26.3,26.3,26.5,26.4,26.4,26.4,26.4,26.3,26.5,26.3,26.4,26.4,26.5,26.4,26.4,26.6,26.5,26.6,26.5,26.6,26.8,26.6,26.9,26.6,26.6,26.6,26.7,27.0,27.0,26.7,26.4,26.4,26.2,26.1,26.2,26.2,26.3,26.1,26.1,26.1,26.4,26.5,26.6,26.7,26.9,27.0,26.9,26.9,27.1,27.0,27.1,27.2,27.1,27.2,27.2,27.2,27.1,27.3,27.5,27.3,27.3,27.4,27.2,27.2,27.2,27.1,27.2,27.3,27.3,27.1,27.0,27.0,27.1,27.2,27.1,27.1,27.2,27.1,27.1,26.9,27.0,27.0,27.1,27.1,26.9,27.1,27.1,27.1,27.1,26.8,27.0,27.1,27.0,27.1,27.0,27.0,26.9,27.0,26.9,26.9,26.8
118,26.9,26.9,26.9,26.9,26.9,26.8,26.6,26.6,26.9,26.7,26.7,26.6,26.7,26.9,27.0,27.6,28.0,28.6,29.1,29.2,29.3,29.3,29.3,29.2,29.5,29.3,29.3,29.2,28.8,28.9,28.9,28.9,28.8,29.1,29.1,29.2,29.2,28.9,28.8,28.6,28.2,27.5,27.1,26.8,27.1,26.9,26.8,26.7,26.8,26.8,26.9,26.8,26.7,26.7,26.8,26.7,26.8,26.8,26.8,26.6,26.7,26.7,26.7,26.7,26.7,26.9,27.0,27.3,27.4,27.8,27.9,27.8,27.8,27.9,27.8,27.6,27.7,27.9,27.6,27.3,27.0,26.7,26.5,26.6,26.5,26.4,26.6,26.4,26.5,26.4,26.5,26.5,26.5,26.5,26.4,26.6,26.4,26.3,26.6,26.4,26.6,26.7,26.5,26.5,26.6,26.6,26.4,26.4,26.6,26.7,26.7,26.6,26.8,26.8,26.7,26.7,26.9,27.1,27.2,27.1,26.9,26.5,26.4,26.2,26.3,26.4,26.1,26.1,26.2,26.2,26.2,26.4,26.6,26.8,26.7,26.9,27.1,27.2,26.9,27.1,27.2,27.1,27.2,27.2,27.2,27.3,27.3,27.3,27.3,27.3,27.5,27.4,27.3,27.4,27.4,27.2,27.1,27.3,27.3,27.3,27.3,27.1,27.5,27.4,27.2,27.2,27.3,27.1,27.3,27.1,27.1,27.1,27.2,27.2,27.2,27.1,27.1,27.1,27.1,27.1,27.1,27.0,27.1,27.1,26.8,27.0,27.0,27.0,26.9,27.1,26.9,27.0
119,26.9,27.0,27.0,26.8,26.9,26.8,26.8,26.6,26.7,26.7,26.6,26.7,26.6,26.7,27.0,27.5,27.9,28.7,29.1,29.2,29.3,29.5,29.5,29.5,29.4,29.3,29.3,29.2,29.1,28.9,29.0,29.1,29.2,29.1,29.0,29.2,29.3,29.1,28.9,28.5,28.0,27.5,27.1,27.0,26.9,26.9,26.8,26.9,26.8,26.5,26.8,26.8,26.7,26.7,26.6,26.9,26.7,26.6,26.7,26.7,26.6,26.7,26.6,26.6,26.6,26.7,26.8,27.0,27.1,27.4,27.5,27.6,27.7,27.8,27.5,27.4,27.6,27.4,27.6,27.5,27.0,26.5,26.5,26.5,26.4,26.5,26.5,26.4,26.7,26.6,26.5,26.3,26.5,26.6,26.4,26.6,26.7,26.5,26.5,26.5,26.4,26.3,26.5,26.4,26.5,26.4,26.4,26.6,26.6,26.7,26.7,26.8,26.8,26.7,26.8,26.7,27.0,27.1,27.3,27.1,26.9,26.7,26.4,26.4,26.2,26.3,26.2,26.1,26.1,26.1,26.3,26.3,26.5,26.6,26.8,26.8,27.1,27.0,27.1,27.1,27.1,27.1,27.1,27.3,27.0,27.2,27.5,27.3,27.2,27.3,27.3,27.4,27.4,27.1,27.3,27.3,27.3,27.2,27.3,27.4,27.3,27.4,27.2,27.1,27.3,27.2,27.3,27.1,27.0,27.1,26.9,27.0,27.1,27.0,27.2,27.1,27.1,27.1,27.0,27.0,27.2,26.9,27.0,27.2,27.0,26.9,26.8,27.0,26.9,26.9,26.9,26.9
120,27.0,26.9,26.9,26.9,26.9,26.9,26.8,26.7,26.8,26.8,26.7,26.6,26.7,26.9,27.1,27.6,28.2,28.8,29.0,29.2,29.5,29.2,29.4,29.4,29.4,29.2,29.2,29.2,29.2,29.1,29.1,29.2,29.3,29.4,29.3,29.3,29.3,29.0,28.8,28.5,28.1,27.5,27.1,27.1,27.1,26.9,26.9,26.9,26.9,26.8,26.7,26.8,26.7,26.7,26.7,26.8,26.7,26.9,26.6,26.7,26.6,26.6,26.8,26.7,26.7,26.6,26.8,26.9,26.9,27.1,27.1,27.3,27.4,27.5,27.7,27.3,27.6,27.5,27.5,27.4,27.2,26.7,26.6,26.4,26.6,26.6,26.6,26.5,26.6,26.3,26.4,26.6,26.7,26.6,26.6,26.6,26.6,26.5,26.5,26.6,26.5,26.5,26.6,26.4,26.6,26.4,26.4,26.4,26.5,26.5,26.8,26.8,26.7,26.7,26.8,26.9,27.1,27.4,27.5,27.5,27.3,26.9,26.4,26.5,26.2,26.3,26.3,26.3,26.2,26.2,26.1,26.4,26.6,26.8,26.8,26.9,27.1,27.0,27.1,27.1,27.2,27.4,27.3,27.1,27.1,27.3,27.4,27.3,27.5,27.4,27.5,27.5,27.3,27.3,27.4,27.1,27.3,27.2,27.5,27.3,27.3,27.2,27.2,27.3,27.3,27.2,27.3,27.1,27.2,27.1,27.1,27.0,27.2,27.1,27.1,27.0,27.1,27.2,27.0,27.1,27.0,27.1,27.1,27.1,27.0,27.1,26.9,26.9,26.9,27.1,27.2,27.0
121,26.9,26.8,26.9,26.8,26.8,26.7,26.6,26.7,26.7,26.7,26.6,26.6,26.7,26.7,27.1,27.5,28.0,28.5,29.0,29.2,29.3,29.4,29.4,29.4,29.3,29.4,29.3,29.2,29.3,29.4,29.2,29.2,29.2,29.4,29.4,29.3,29.3,29.0,29.0,28.6,28.2,27.4,27.1,27.1,27.0,27.0,26.9,26.7,26.8,26.8,26.8,26.6,26.6,26.7,26.6,26.8,26.7,26.8,26.6,26.5,26.6,26.6,26.7,26.7,26.8,26.6,26.6,26.6,27.0,26.9,27.1,27.1,27.3,27.5,27.5,27.4,27.4,27.4,27.2,27.3,26.9,26.8,26.5,26.6,26.7,26.6,26.5,26.4,26.4,26.4,26.4,26.5,26.5,26.6,26.6,26.8,26.8,26.6,26.7,26.4,26.5,26.4,26.6,26.4,26.5,26.4,26.4,26.4,26.5,26.6,26.7,26.8,26.8,26.7,26.8,26.6,27.2,27.3,27.5,27.5,27.1,26.6,26.4,26.2,26.1,26.1,26.3,26.2,26.0,26.2,26.1,26.4,26.4,26.5,26.8,26.9,27.1,27.0,27.0,27.1,27.0,27.1,27.3,27.2,27.2,27.3,27.3,27.3,27.5,27.3,27.3,27.2,27.2,27.3,27.4,27.3,27.1,27.2,27.2,27.3,27.2,27.2,27.2,27.2,27.4,27.1,27.2,27.1,27.2,27.2,27.2,27.1,27.2,27.1,27.1,27.1,27.1,26.9,27.0,26.9,27.0,27.0,27.1,27.0,27.0,26.8,27.1,26.9,26.9,27.0,26.9,27.0
122,27.1,27.2,27.0,26.8,26.8,26.9,26.8,26.8,26.9,26.8,26.7,26.8,26.7,26.9,27.1,27.5,28.0,28.6,29.1,29.3,29.3,29.6,29.4,29.3,29.4,29.3,29.3,29.4,29.2,29.3,29.3,29.2,29.3,29.2,29.3,29.4,29.4,29.2,28.9,28.5,28.0,27.5,27.2,27.1,26.9,26.9,27.0,26.8,26.9,26.7,26.7,26.7,26.7,26.7,26.8,26.8,26.7,26.8,26.7,26.8,26.7,26.7,26.7,26.7,26.7,26.8,26.8,26.7,26.7,26.8,26.8,26.9,27.1,27.2,27.3,27.4,27.4,27.5,27.1,27.2,26.8,26.6,26.6,26.6,26.6,26.6,26.4,26.6,26.4,26.5,26.5,26.6,26.7,26.8,26.7,26.9,27.1,26.9,26.8,26.8,26.6,26.4,26.4,26.5,26.5,26.5,26.5,26.4,26.5,26.4,26.4,26.5,26.6,26.8,26.8,26.8,26.9,27.2,27.4,27.1,27.0,26.7,26.4,26.2,26.3,26.3,26.1,26.4,26.0,26.1,26.2,26.2,26.3,26.8,26.6,26.9,26.8,27.1,27.0,27.1,27.2,27.2,27.1,27.3,27.2,27.2,27.3,27.4,27.2,27.3,27.4,27.4,27.3,27.3,27.2,27.2,27.2,27.2,27.3,27.2,27.2,27.2,27.2,27.3,27.1,27.1,27.2,27.3,27.2,27.0,27.1,27.1,27.1,27.1,27.1,27.1,27.0,27.2,27.1,27.0,27.0,27.1,27.2,27.0,27.1,27.0,27.0,27.1,27.0,26.9,27.1,27.0
123,26.9,26.9,27.0,26.9,26.9,26.7,26.9,26.8,26.8,26.7,26.6,26.9,26.8,26.8,27.1,27.5,27.8,28.7,29.1,29.2,29.2,29.4,29.2,29.3,29.4,29.4,29.4,29.4,29.4,29.2,29.1,29.3,29.2,29.2,29.3,29.3,29.3,29.3,29.1,28.6,28.0,27.6,27.1,26.9,26.9,26.9,26.9,26.8,26.8,26.7,26.8,26.7,26.8,26.6,26.7,26.8,26.8,26.9,26.8,26.6,26.7,26.7,26.8,26.6,26.7,26.6,26.8,26.6,26.6,26.7,26.8,26.9,27.0,27.0,27.1,27.3,27.1,27.0,27.0,26.8,26.6,26.7,26.6,26.5,26.7,26.6,26.5,26.4,26.6,26.6,26.6,26.6,26.7,26.8,27.1,27.3,27.3,27.2,27.2,26.8,26.8,26.5,26.3,26.6,26.4,26.6,26.5,26.5,26.4,26.6,26.4,26.7,26.5,26.6,26.6,26.6,26.9,27.0,27.1,26.9,26.8,26.4,26.3,26.4,26.4,26.3,26.2,26.1,26.1,26.3,26.2,26.2,26.5,26.6,26.7,27.0,27.1,27.1,27.1,27.1,27.1,27.2,27.1,27.2,27.2,27.3,27.3,27.1,27.3,27.3,27.2,27.4,27.3,27.3,27.3,27.2,27.2,27.3,27.3,27.3,27.3,27.2,27.3,27.3,27.2,27.0,27.2,27.2,27.1,27.1,27.1,27.2,27.0,27.2,27.2,27.1,27.2,27.0,27.1,27.0,27.1,27.1,27.1,27.2,26.9,27.1,27.1,27.1,27.0,26.9,26.9,26.9
124,26.9,26.9,27.0,26.9,26.9,26.6,26.7,26.8,26.6,26.6,26.8,26.6,26.6,26.8,27.0,27.6,27.9,28.5,29.2,29.2,29.4,29.2,29.3,29.4,29.4,29.2,29.3,29.4,29.2,29.3,29.3,29.3,29.3,29.3,29.3,29.3,29.2,29.2,29.0,28.7,28.1,27.5,27.0,27.1,27.1,26.9,27.0,26.9,26.7,26.9,26.9,26.7,26.6,26.7,26.8,26.8,26.6,26.7,26.7,26.5,26.7,26.8,26.5,26.6,26.7,26.6,26.8,26.7,26.7,26.6,26.6,26.9,26.8,26.8,26.7,26.8,26.9,26.7,26.6,26.8,26.6,26.4,26.5,26.6,26.4,26.5,26.4,26.4,26.6,26.3,26.5,26.4,26.6,26.8,27.0,27.1,27.3,27.0,26.8,26.6,26.5,26.4,26.4,26.5,26.4,26.4,26.4,26.6,26.2,26.4,26.4,26.6,26.4,26.5,26.5,26.7,26.5,26.6,26.5,26.7,26.6,26.5,26.3,26.3,26.2,26.4,26.2,26.2,26.3,26.4,26.2,26.2,26.3,26.6,26.8,26.9,27.0,27.1,27.1,27.3,27.1,27.1,27.3,27.1,27.2,27.2,27.2,27.2,27.3,27.2,27.3,27.3,27.5,27.3,27.4,27.3,27.4,27.3,27.3,27.4,27.2,27.1,27.3,27.3,27.2,27.2,27.1,27.1,27.1,27.2,27.0,27.1,27.1,27.1,27.1,27.0,27.1,27.1,27.0,27.0,27.0,27.0,27.0,27.1,26.9,26.9,27.0,26.9,26.9,26.9,26.9,27.0
125,26.9,26.9,27.0,26.9,26.9,26.7,26.7,26.7,26.8,26.9,26.7,26.7,26.6,26.8,27.0,27.4,28.1,28.6,29.0,29.3,29.3,29.4,29.2,29.4,29.4,29.2,29.4,29.4,29.3,29.4,29.2,29.3,29.2,29.2,29.2,29.2,29.2,29.2,29.0,28.6,28.1,27.6,27.1,26.9,26.9,26.9,27.0,26.9,26.8,26.7,26.7,26.7,26.5,26.8,26.6,26.7,26.6,26.8,26.7,26.7,26.7,26.6,26.8,26.7,26.7,26.7,26.5,26.7,26.7,26.5,26.6,26.5,26.5,26.7,26.6,26.7,26.7,26.6,26.5,26.6,26.6,26.6,26.5,26.4,26.5,26.5,26.5,26.5,26.3,26.5,26.5,26.4,26.5,26.9,27.0,27.1,27.2,27.0,26.9,26.6,26.6,26.5,26.5,26.4,26.4,26.4,26.4,26.4,26.4,26.4,26.4,26.4,26.5,26.6,26.6,26.4,26.6,26.4,26.3,26.5,26.4,26.2,26.3,26.2,26.3,26.3,26.1,26.3,26.2,26.2,26.2,26.3,26.4,26.4,26.6,26.8,27.1,27.0,27.1,27.1,27.2,27.2,27.1,27.3,27.3,27.2,27.2,27.2,27.3,27.3,27.3,27.3,27.4,27.3,27.3,27.4,27.4,27.3,27.4,27.1,27.3,27.1,27.1,27.2,27.3,27.0,27.3,27.2,27.3,27.1,27.1,27.2,27.0,27.1,27.0,27.1,26.9,27.1,27.0,26.9,27.0,27.1,27.0,27.1,26.9,27.0,27.0,27.0,26.9,26.9,26.8,26.9
126,27.1,27.1,26.9,26.9,26.9,26.9,27.0,26.8,26.6,26.9,26.7,26.9,26.8,26.8,26.9,27.5,27.9,28.5,29.2,29.3,29.4,29.3,29.4,29.3,29.3,29.4,29.4,29.4,29.3,29.3,29.3,29.2,29.2,29.4,29.2,29.2,29.3,29.1,28.9,28.6,28.2,27.6,27.2,27.1,27.0,27.2,26.9,26.7,27.0,26.8,26.7,26.7,26.7,26.6,26.6,26.9,26.8,26.8,26.7,26.6,26.5,26.6,26.8,26.8,26.7,26.6,26.7,26.6,26.6,26.7,26.5,26.6,26.8,26.8,26.6,26.6,26.7,26.6,26.6,26.7,26.8,26.6,26.5,26.5,26.5,26.5,26.5,26.7,26.6,26.6,26.4,26.7,26.5,26.6,26.8,26.9,26.8,26.9,26.8,26.6,26.6,26.4,26.5,26.4,26.3,26.5,26.4,26.4,26.4,26.4,26.4,26.4,26.5,26.5,26.4,26.5,26.4,26.4,26.5,26.4,26.5,26.3,26.4,26.2,26.1,26.2,26.1,26.1,26.2,26.2,26.4,26.2,26.4,26.7,26.7,26.9,27.1,27.0,27.1,27.1,27.2,27.2,27.2,27.3,27.2,27.2,27.2,27.3,27.3,27.3,27.1,27.5,27.4,27.4,27.5,27.3,27.4,27.3,27.4,27.3,27.3,27.2,27.2,27.3,27.2,27.3,27.3,27.0,27.2,27.0,27.1,27.1,27.0,27.1,27.2,27.0,27.0,27.1,27.1,27.1,27.1,27.2,27.2,27.2,27.1,27.0,27.1,27.1,26.9,27.0,27.0,26.9
127,27.0,26.9,27.0,27.0,26.9,26.7,26.8,26.7,26.9,26.9,26.8,26.8,26.7,26.7,27.1,27.6,27.8,28.5,29.2,29.2,29.3,29.4,29.3,29.4,29.4,29.2,29.4,29.4,29.3,29.2,29.4,29.5,29.2,29.4,29.3,29.3,29.3,29.1,28.8,28.6,28.2,27.4,27.1,26.9,26.9,27.2,26.9,26.9,26.8,26.8,26.9,26.6,26.7,26.5,26.7,26.7,26.6,26.7,26.6,26.8,26.9,26.7,26.7,26.6,26.7,26.6,26.5,26.7,26.7,26.6,26.5,26.5,26.7,26.5,26.6,26.6,26.6,26.7,26.4,26.4,26.4,26.5,26.4,26.5,26.5,26.4,26.4,26.5,26.6,26.5,26.5,26.5,26.4,26.7,26.7,26.8,26.9,26.8,26.5,26.5,26.5,26.5,26.5,26.4,26.4,26.4,26.4,26.4,26.4,26.3,26.4,26.4,26.3,26.5,26.3,26.5,26.4,26.4,26.4,26.5,26.4,26.3,26.3,26.4,26.2,26.2,26.2,26.3,26.1,26.1,26.3,26.4,26.4,26.7,26.7,26.7,26.9,27.1,27.2,27.1,27.2,27.3,27.4,27.2,27.3,27.2,27.2,27.3,27.3,27.3,27.3,27.5,27.4,27.3,27.5,27.2,27.2,27.3,27.3,27.2,27.4,27.3,27.3,27.2,27.2,27.1,27.2,27.1,27.1,27.3,27.1,27.3,27.1,27.1,27.2,27.1,27.1,27.1,27.1,27.1,27.1,27.2,27.0,27.2,27.1,27.1,27.1,27.0,26.9,26.9,27.0,26.9
128,27.1,27.0,27.1,27.2,26.8,26.9,26.9,26.8,26.8,26.7,26.8,26.7,26.7,27.0,27.1,27.5,28.1,28.6,29.1,29.2,29.2,29.4,29.4,29.2,29.3,29.5,29.3,29.2,29.4,29.2,29.2,29.2,29.4,29.4,29.3,29.2,29.2,29.2,28.9,28.5,28.2,27.7,27.1,27.1,26.9,27.0,26.9,26.8,26.9,26.7,26.7,26.6,26.8,26.7,26.6,26.7,26.5,26.6,26.7,26.8,26.8,26.7,26.8,26.7,26.8,26.7,26.5,26.7,26.7,26.6,26.7,26.5,26.5,26.8,26.6,26.6,26.5,26.5,26.7,26.5,26.7,26.4,26.6,26.5,26.4,26.6,26.5,26.7,26.4,26.5,26.6,26.4,26.6,26.7,26.7,26.6,26.5,26.4,26.7,26.5,26.6,26.6,26.3,26.4,26.4,26.5,26.4,26.4,26.3,26.3,26.4,26.3,26.4,26.5,26.5,26.3,26.4,26.4,26.6,26.4,26.5,26.3,26.3,26.3,26.4,26.4,26.2,26.3,26.3,26.2,26.2,26.2,26.6,26.6,26.7,26.7,27.0,26.9,27.0,27.1,27.2,27.2,27.2,27.5,27.3,27.2,27.3,27.1,27.5,27.5,27.3,27.4,27.2,27.5,27.2,27.4,27.4,27.2,27.2,27.3,27.3,27.3,27.4,27.4,27.2,27.3,27.2,27.2,27.2,27.2,27.2,27.2,27.2,27.1,27.1,26.9,27.0,27.1,27.1,26.9,27.1,27.2,26.9,27.0,27.1,27.1,27.0,27.0,27.0,27.1,26.9,27.0
129,27.0,26.9,27.0,26.9,27.0,26.8,26.8,26.8,26.6,26.8,26.7,26.6,26.8,26.9,26.9,27.4,27.9,28.7,29.0,29.2,29.4,29.4,29.4,29.4,29.3,29.4,29.5,29.3,29.2,29.3,29.2,29.4,29.2,29.2,29.4,29.3,29.2,29.3,28.9,28.6,28.1,27.5,27.0,27.0,26.9,27.1,26.9,26.9,26.8,26.8,26.6,26.8,26.7,26.7,26.7,26.7,26.7,26.7,26.7,26.6,26.7,26.9,26.9,26.7,26.7,26.7,26.7,26.6,26.6,26.7,26.6,26.6,26.5,26.5,26.5,26.5,26.4,26.4,26.4,26.6,26.6,26.6,26.5,26.6,26.4,26.6,26.5,26.5,26.6,26.4,26.5,26.5,26.6,26.6,26.4,26.8,26.5,26.4,26.5,26.4,26.5,26.3,26.4,26.2,26.4,26.4,26.4,26.4,26.4,26.4,26.4,26.4,26.4,26.4,26.5,26.7,26.5,26.5,26.5,26.5,26.6,26.4,26.3,26.3,26.3,26.3,26.3,26.1,26.1,26.3,26.3,26.2,26.4,26.5,26.7,26.8,26.9,27.0,27.0,27.0,27.1,27.1,27.2,27.3,27.2,27.4,27.2,27.3,27.2,27.4,27.2,27.4,27.2,27.3,27.2,27.3,27.4,27.3,27.4,27.3,27.3,27.2,27.3,27.4,27.2,27.1,27.2,27.1,27.3,27.2,27.1,27.1,27.1,27.2,27.1,27.0,27.1,27.1,27.0,27.0,27.1,27.1,26.8,27.0,27.0,27.0,27.0,27.1,27.0,26.9,26.9,26.9
130,26.8,26.9,26.9,26.9,26.9,26.9,26.9,26.9,26.9,26.9,26.6,26.7,26.8,26.9,27.0,27.4,27.8,28.6,29.1,29.3,29.3,29.4,29.2,29.3,29.5,29.2,29.3,29.1,29.0,29.0,29.2,29.1,29.0,29.1,29.2,29.2,29.2,29.1,28.9,28.4,28.2,27.6,27.0,26.9,26.9,26.9,26.9,26.8,26.6,26.9,26.7,26.6,26.6,26.7,26.7,26.6,26.7,26.8,26.7,26.8,26.7,26.6,26.7,26.7,26.8,26.6,26.6,26.6,26.8,26.7,26.4,26.6,26.5,26.5,26.5,26.5,26.5,26.5,26.5,26.4,26.5,26.4,26.6,26.5,26.6,26.5,26.4,26.5,26.4,26.4,26.6,26.3,26.4,26.6,26.6,26.5,26.5,26.6,26.4,26.4,26.3,26.3,26.2,26.5,26.2,26.3,26.4,26.5,26.3,26.3,26.2,26.4,26.5,26.6,26.7,26.6,26.6,26.8,26.6,26.6,26.5,26.3,26.4,26.3,26.2,26.3,26.2,26.2,26.1,26.3,26.1,26.4,26.3,26.6,26.6,26.8,26.8,26.8,27.1,27.1,27.2,27.1,27.3,27.2,27.1,27.3,27.3,27.4,27.3,27.2,27.1,27.4,27.2,27.4,27.2,27.3,27.3,27.3,27.4,27.2,27.3,27.1,27.2,27.1,27.2,27.2,27.3,27.1,27.2,27.0,27.1,27.1,27.0,27.0,27.1,27.1,26.9,27.1,27.1,26.9,26.9,26.9,27.0,26.9,27.0,27.0,27.0,26.9,26.9,26.8,26.9,26.8
131,27.0,26.9,27.0,26.8,26.9,26.9,26.8,26.9,26.8,26.9,26.8,26.7,26.8,26.8,26.7,27.3,28.0,28.3,29.0,29.2,29.1,29.2,29.3,29.4,29.3,29.3,29.1,29.1,29.0,28.9,28.9,29.0,28.9,29.0,29.0,29.2,29.0,29.1,28.8,28.5,28.1,27.4,27.1,27.0,26.9,26.9,26.9,26.7,26.9,26.8,26.7,26.8,26.7,26.7,26.7,26.6,26.6,26.7,26.6,26.7,26.8,26.6,26.7,26.6,26.7,26.6,26.6,26.5,26.5,26.4,26.4,26.5,26.3,26.4,26.6,26.5,26.5,26.5,26.4,26.4,26.6,26.4,26.4,26.4,26.5,26.4,26.5,26.4,26.5,26.6,26.5,26.5,26.5,26.5,26.5,26.5,26.6,26.5,26.4,26.5,26.5,26.4,26.5,26.2,26.3,26.3,26.2,26.5,26.4,26.2,26.4,26.3,26.4,26.5,26.6,26.8,26.7,26.7,26.7,26.8,26.7,26.4,26.3,26.2,26.2,26.2,26.2,26.1,26.2,26.2,26.2,26.1,26.4,26.6,26.7,26.8,26.9,26.9,27.0,27.1,27.1,27.1,27.2,27.3,27.3,27.2,27.3,27.3,27.3,27.3,27.2,27.3,27.3,27.2,27.3,27.1,27.3,27.3,27.4,27.3,27.1,27.3,27.3,27.2,27.2,27.2,27.2,27.3,27.2,27.0,27.0,27.1,27.2,27.0,27.1,27.1,27.1,27.0,26.9,27.0,26.7,26.8,27.1,26.9,26.9,26.9,26.7,26.9,26.8,26.8,26.8,27.0
132,26.9,26.9,26.9,27.0,26.9,26.8,26.9,26.8,26.8,26.6,26.7,26.6,26.6,27.0,27.0,27.4,27.9,28.4,29.0,29.1,29.3,29.4,29.4,29.4,29.4,29.2,29.3,29.0,29.1,28.9,28.8,29.0,29.0,29.1,29.1,29.3,29.2,29.1,28.8,28.4,28.1,27.6,27.2,27.0,27.0,27.0,26.9,26.7,26.7,26.9,26.6,26.6,26.6,26.6,26.6,26.7,26.7,26.7,26.7,26.6,26.8,26.6,26.6,26.6,26.5,26.6,26.6,26.6,26.6,26.5,26.5,26.6,26.6,26.6,26.4,26.6,26.4,26.4,26.5,26.6,26.4,26.4,26.4,26.4,26.6,26.4,26.3,26.7,26.6,26.5,26.6,26.6,26.4,26.6,26.5,26.7,26.6,26.4,26.4,26.4,26.3,26.4,26.4,26.2,26.2,26.3,26.4,26.5,26.3,26.1,26.3,26.2,26.4,26.5,26.6,26.7,26.7,26.9,26.6,26.8,26.4,26.4,26.4,26.2,26.0,26.1,26.1,26.1,26.3,26.1,26.2,26.1,26.3,26.4,26.6,26.8,26.9,26.9,26.9,26.9,27.1,27.2,27.3,27.3,27.3,27.3,27.2,27.4,27.1,27.3,27.2,27.3,27.3,27.3,27.1,27.3,27.3,27.3,27.2,27.3,27.2,27.3,27.2,27.3,27.2,27.1,27.1,26.9,27.1,27.1,27.2,27.1,27.2,26.9,27.1,27.0,26.9,27.0,27.0,26.9,27.1,26.8,26.9,26.9,26.8,27.0,26.8,27.0,27.0,26.9,27.0,26.9
133,26.8,27.1,27.0,26.9,26.9,26.7,26.8,26.8,26.8,26.8,26.8,26.8,26.7,26.8,26.9,27.6,27.7,28.5,29.0,29.2,29.4,29.5,29.2,29.2,29.3,29.3,29.1,29.1,29.1,29.0,28.8,29.1,29.1,29.2,29.0,29.1,29.1,29.0,28.9,28.6,28.1,27.7,27.1,26.9,26.9,26.9,26.9,26.8,26.8,26.7,26.8,26.6,26.7,26.5,26.7,26.6,26.7,26.8,26.8,26.8,26.7,26.6,26.6,26.5,26.7,26.6,26.6,26.5,26.6,26.4,26.6,26.4,26.5,26.6,26.6,26.4,26.4,26.6,26.6,26.6,26.5,26.5,26.4,26.3,26.5,26.5,26.4,26.7,26.4,26.3,26.6,26.5,26.4,26.5,26.6,26.6,26.5,26.6,26.4,26.4,26.4,26.4,26.4,26.3,26.1,26.5,26.4,26.4,26.3,26.4,26.3,26.3,26.4,26.3,26.4,26.6,26.7,26.7,26.6,26.6,26.6,26.5,26.4,26.3,26.2,26.3,26.2,26.2,26.2,26.2,26.1,26.2,26.4,26.4,26.6,26.8,27.1,26.9,26.9,26.9,27.0,27.1,27.2,27.3,27.3,27.2,27.1,27.3,27.2,27.2,27.2,27.3,27.3,27.3,27.3,27.3,27.3,27.1,27.3,27.1,27.2,27.2,27.2,27.1,27.1,27.1,27.1,27.1,27.2,27.2,27.1,27.1,27.1,27.1,27.0,27.1,27.1,27.0,27.0,27.0,26.9,27.0,26.9,27.0,26.9,26.8,26.9,26.9,27.1,27.0,26.9,26.9
134,27.0,26.9,26.9,26.9,27.0,26.9,26.9,26.7,26.7,26.9,26.9,26.6,26.6,26.8,26.9,27.2,27.8,28.3,29.0,29.0,29.2,29.5,29.2,29.3,29.3,29.3,29.2,29.0,29.3,29.0,29.0,29.2,29.1,29.2,29.1,28.8,28.8,28.8,28.6,28.3,28.2,27.8,27.4,27.1,26.8,27.0,26.8,26.6,26.7,26.7,26.6,26.6,26.7,26.6,26.8,26.7,26.6,26.8,26.7,26.7,26.7,26.7,26.7,26.6,26.5,26.7,26.5,26.6,26.6,26.6,26.6,26.4,26.6,26.6,26.4,26.5,26.4,26.6,26.5,26.6,26.4,26.5,26.5,26.6,26.5,26.5,26.5,26.6,26.6,26.5,26.5,26.5,26.6,26.6,26.5,26.6,26.5,26.4,26.4,26.5,26.4,26.3,26.4,26.4,26.4,26.5,26.3,26.3,26.4,26.4,26.3,26.3,26.3,26.4,26.4,26.4,26.4,26.7,26.7,26.8,26.7,26.5,26.4,26.3,26.2,26.3,26.2,26.2,26.2,26.2,26.2,26.3,26.3,26.6,26.5,26.8,26.9,26.8,27.1,27.0,27.0,27.1,27.0,27.1,27.2,27.2,27.3,27.4,27.4,27.3,27.2,27.2,27.3,27.2,27.2,27.2,27.3,27.2,27.3,27.3,27.3,27.3,27.2,27.3,27.2,27.1,27.2,27.2,27.0,27.1,27.2,27.0,27.0,27.1,27.1,27.0,27.2,27.1,27.0,27.0,26.9,27.1,27.1,27.0,27.0,26.9,27.1,26.9,26.9,26.8,26.8,26.9
135,27.0,26.9,26.9,26.9,26.7,26.8,27.0,26.8,26.8,26.8,27.0,26.7,26.7,26.8,27.0,27.3,27.7,28.2,29.0,29.2,29.3,29.3,29.2,29.3,29.3,29.2,29.3,29.3,29.2,29.3,29.2,29.2,29.2,29.3,29.0,28.8,28.6,28.2,28.2,28.1,28.0,27.8,27.6,27.3,26.8,26.6,26.8,26.6,26.6,26.7,26.6,26.6,26.9,26.7,26.8,26.7,26.6,26.8,26.7,26.7,26.7,26.6,26.5,26.6,26.7,26.6,26.7,26.4,26.6,26.5,26.6,26.4,26.6,26.5,26.5,26.4,26.6,26.4,26.6,26.4,26.5,26.4,26.5,26.4,26.6,26.4,26.6,26.5,26.5,26.4,26.6,26.6,26.7,26.6,26.3,26.6,26.5,26.5,26.3,26.4,26.4,26.3,26.4,26.3,26.2,26.5,26.4,26.4,26.2,26.4,26.5,26.3,26.2,26.3,26.3,26.3,26.5,26.6,26.7,26.9,27.0,26.7,26.5,26.4,26.3,26.2,26.3,26.0,26.2,26.1,26.2,26.1,26.4,26.4,26.6,26.9,26.9,27.0,27.0,27.0,27.0,27.1,27.1,27.3,27.2,27.2,27.1,27.3,27.3,27.3,27.2,27.2,27.1,27.2,27.2,27.1,27.2,27.3,27.3,27.2,27.2,27.3,27.2,27.2,27.1,27.1,27.1,27.1,27.1,27.0,27.2,27.2,27.1,27.2,27.1,27.2,27.1,27.1,27.0,27.0,26.9,27.0,26.9,26.9,26.9,27.1,26.9,26.9,26.9,26.9,27.0,26.9
136,26.9,26.8,26.9,26.9,26.9,26.7,26.8,26.8,26.8,26.9,26.7,26.6,26.7,26.7,26.9,27.2,27.6,28.3,28.8,28.9,29.0,29.4,29.2,29.2,29.4,29.2,29.3,29.2,29.3,29.3,29.1,29.1,29.1,29.1,29.0,28.7,28.3,28.0,27.9,27.9,28.0,28.1,27.8,27.3,26.9,26.7,26.6,26.6,26.7,26.6,26.7,26.8,26.6,26.9,26.9,26.7,26.9,26.8,26.9,26.9,26.6,26.7,26.5,26.6,26.5,26.6,26.6,26.6,26.5,26.5,26.4,26.6,26.4,26.6,26.6,26.6,26.7,26.6,26.5,26.6,26.4,26.4,26.5,26.4,26.6,26.7,26.3,26.6,26.6,26.6,26.5,26.6,26.6,26.6,26.5,26.5,26.4,26.5,26.6,26.5,26.4,26.3,26.4,26.4,26.3,26.4,26.4,26.3,26.3,26.1,26.3,26.3,26.3,26.3,26.3,26.3,26.4,26.4,26.8,26.8,26.9,26.7,26.6,26.3,26.2,26.2,26.2,26.2,26.2,26.2,26.2,26.1,26.5,26.5,26.5,26.6,26.9,26.8,26.9,27.1,27.1,27.0,27.1,27.2,27.2,27.1,27.1,27.3,27.3,27.1,27.3,27.3,27.1,27.2,27.2,27.2,27.2,27.3,27.3,27.3,27.2,27.3,27.2,27.2,27.1,27.1,27.1,27.0,27.1,27.0,27.1,27.1,27.1,27.1,27.0,27.1,27.1,27.0,27.1,26.9,27.0,26.9,27.0,27.0,26.8,26.9,26.9,26.9,27.0,26.9,26.9,27.0
137,27.0,27.0,27.0,26.9,26.7,26.9,26.9,26.8,26.7,26.8,26.9,26.7,26.6,26.5,26.8,27.0,27.6,28.0,28.6,28.8,29.0,29.0,29.2,29.2,29.3,29.1,29.2,29.1,29.1,29.0,29.1,28.8,29.0,28.9,28.7,28.3,28.1,27.8,27.7,27.7,27.9,27.8,27.6,27.3,26.9,26.7,26.6,26.7,26.6,26.7,26.7,26.9,26.9,27.2,27.3,27.5,27.3,27.4,26.9,27.0,26.8,26.8,26.8,26.8,26.8,26.5,26.6,26.4,26.6,26.6,26.5,26.6,26.6,26.6,26.5,26.5,26.6,26.6,26.6,26.6,26.5,26.5,26.5,26.5,26.5,26.5,26.6,26.6,26.4,26.4,26.4,26.5,26.6,26.5,26.5,26.5,26.5,26.5,26.6,26.5,26.3,26.4,26.5,26.4,26.4,26.4,26.5,26.4,26.5,26.2,26.4,26.3,26.4,26.4,26.4,26.4,26.4,26.7,26.7,26.6,26.7,26.5,26.5,26.4,26.1,26.2,26.3,26.3,26.2,26.2,26.2,26.1,26.3,26.5,26.7,26.9,27.1,26.9,27.0,26.8,27.2,27.1,27.2,27.2,27.1,27.3,27.4,27.3,27.2,27.2,27.4,27.4,27.3,27.3,27.2,27.3,27.1,27.3,27.2,27.2,27.2,27.3,27.3,27.1,27.3,27.2,27.2,27.1,27.1,27.1,27.1,27.0,27.1,27.1,27.0,27.0,27.1,27.0,27.1,27.0,26.9,27.1,27.1,27.0,27.0,27.0,26.9,26.9,26.9,26.9,26.9,27.1
138,26.9,27.0,27.1,26.8,26.9,26.9,26.8,26.7,26.9,26.6,26.8,26.6,26.8,26.7,26.6,27.0,27.4,27.7,28.1,28.4,28.4,28.5,28.8,28.8,28.7,28.7,28.6,28.6,28.4,28.5,28.3,28.3,28.2,28.1,28.2,27.8,27.8,27.6,27.5,27.7,27.6,27.6,27.2,27.1,26.9,26.7,26.6,26.7,26.6,26.6,26.9,27.1,27.4,27.6,27.8,27.8,27.9,27.8,27.6,27.2,27.0,26.8,26.8,26.7,26.7,26.7,26.6,26.6,26.6,26.5,26.5,26.5,26.4,26.6,26.6,26.6,26.5,26.7,26.6,26.5,26.5,26.5,26.5,26.6,26.6,26.6,26.6,26.5,26.6,26.6,26.6,26.4,26.7,26.4,26.6,26.4,26.5,26.5,26.6,26.7,26.4,26.6,26.4,26.4,26.5,26.4,26.4,26.4,26.4,26.3,26.3,26.4,26.2,26.3,26.2,26.4,26.5,26.4,26.5,26.4,26.4,26.4,26.4,26.4,26.2,26.2,26.2,26.2,26.1,26.0,26.1,26.3,26.4,26.5,26.6,26.7,26.9,27.0,27.1,27.1,27.0,27.0,27.0,27.1,27.2,27.3,27.3,27.4,27.3,27.2,27.3,27.3,27.1,27.2,27.3,27.3,27.3,27.3,27.3,27.3,27.4,27.2,27.3,27.2,27.1,27.1,27.0,27.2,27.1,27.3,27.1,27.1,27.1,27.0,27.0,27.0,27.1,27.0,27.0,26.9,26.9,27.0,27.0,27.1,26.8,27.0,26.9,26.8,26.9,26.9,26.8,26.9
139,26.9,26.9,26.9,27.0,26.8,26.8,26.9,26.7,27.0,26.8,26.7,26.7,26.5,26.6,26.7,26.9,27.0,27.3,27.8,27.9,28.0,28.1,28.1,28.2,28.1,28.1,28.1,28.0,27.8,27.9,27.6,27.6,27.5,27.8,27.4,27.3,27.3,27.1,27.4,27.3,27.3,27.2,27.1,26.9,26.9,26.8,26.8,26.7,26.8,26.9,27.2,27.5,27.6,28.0,28.2,28.1,28.2,28.0,28.1,28.0,27.4,27.0,26.8,26.8,26.6,26.7,26.6,26.4,26.7,26.5,26.6,26.6,26.4,26.4,26.6,26.5,26.6,26.9,26.5,26.6,26.6,26.4,26.5,26.4,26.6,26.5,26.6,26.5,26.6,26.4,26.6,26.6,26.6,26.4,26.6,26.6,26.5,26.5,26.6,26.6,26.5,26.5,26.5,26.4,26.5,26.4,26.6,26.5,26.5,26.4,26.4,26.4,26.4,26.3,26.4,26.5,26.3,26.4,26.5,26.4,26.3,26.3,26.2,26.2,26.1,26.2,26.2,26.2,26.2,26.2,26.2,26.4,26.4,26.5,26.8,27.0,27.0,27.0,27.0,27.1,27.2,27.1,27.3,27.1,27.2,27.2,27.4,27.3,27.3,27.3,27.1,27.4,27.3,27.3,27.1,27.2,27.3,27.1,27.3,27.1,27.2,27.1,27.3,27.1,27.2,27.2,27.2,27.1,27.1,27.1,27.1,27.1,27.1,27.1,27.1,27.0,27.0,27.2,27.0,26.9,27.0,27.0,27.0,27.1,27.0,27.1,26.9,27.0,27.0,27.0,26.9,27.0
140,27.0,26.9,27.1,26.8,26.9,26.9,26.9,26.8,26.8,26.8,26.8,26.7,26.7,26.7,26.8,26.8,26.9,27.1,27.5,27.7,27.7,27.9,28.0,28.0,27.8,28.0,27.7,27.6,27.3,27.1,27.2,27.1,27.2,27.1,27.1,27.1,27.0,27.0,27.1,27.0,27.1,26.9,26.9,26.9,26.7,26.9,26.8,26.7,26.8,27.1,27.4,27.7,27.9,28.3,28.3,28.0,28.1,28.2,28.3,28.5,28.0,27.3,27.0,26.6,26.5,26.7,26.6,26.7,26.6,26.5,26.5,26.5,26.5,26.6,26.7,26.8,26.7,26.7,26.6,26.6,26.5,26.7,26.7,26.6,26.6,26.5,26.5,26.5,26.7,26.7,26.7,26.7,26.7,26.6,26.6,26.6,26.5,26.6,26.6,26.5,26.5,26.6,26.5,26.5,26.3,26.4,26.4,26.4,26.4,26.4,26.3,26.6,26.6,26.4,26.5,26.5,26.6,26.3,26.3,26.4,26.4,26.4,26.1,26.2,26.2,26.4,26.4,26.3,25.9,26.2,26.2,26.0,26.2,26.5,26.7,26.9,26.9,27.0,27.1,27.1,27.0,27.1,27.2,27.1,27.2,27.3,27.3,27.2,27.3,27.3,27.3,27.1,27.3,27.3,27.2,27.3,27.1,27.2,27.3,27.3,27.2,27.2,27.2,27.2,27.2,27.2,27.2,27.2,27.0,27.1,27.0,27.1,27.2,27.1,27.0,27.1,27.0,26.9,27.0,27.1,27.0,27.1,27.0,26.8,27.0,27.0,26.9,26.8,26.9,26.9,26.9,26.9
141,27.0,26.8,26.9,26.9,26.8,26.8,26.8,26.9,26.9,26.7,26.5,26.7,26.7,26.5,26.6,26.6,26.9,27.2,27.2,27.5,27.7,27.8,27.8,28.0,27.8,27.6,27.6,27.3,27.1,27.0,26.9,27.1,27.0,26.9,27.0,26.9,26.8,26.8,26.7,26.9,26.9,26.9,26.7,26.7,26.8,26.8,26.7,26.6,26.7,27.1,27.4,27.8,28.0,28.0,27.9,27.8,27.9,28.0,28.3,28.6,28.2,27.5,27.0,26.8,26.5,26.5,26.7,26.6,26.7,26.6,26.4,26.6,26.5,26.8,26.6,26.8,26.7,26.7,26.6,26.4,26.6,26.6,26.7,26.7,26.6,26.7,26.6,26.8,26.7,26.7,26.7,26.7,26.9,27.0,26.9,27.0,26.9,26.9,26.9,26.8,26.9,26.7,26.6,26.6,26.6,26.4,26.5,26.5,26.4,26.4,26.5,26.4,26.4,26.6,26.6,26.4,26.4,26.4,26.4,26.4,26.3,26.2,26.3,26.2,26.1,26.3,26.2,26.2,26.0,26.3,26.2,26.3,26.4,26.5,26.7,26.7,26.9,27.1,27.2,27.1,27.2,27.0,27.0,27.2,27.2,27.2,27.0,27.3,27.3,27.3,27.3,27.4,27.2,27.4,27.1,27.2,27.3,27.3,27.3,27.1,27.1,27.2,27.2,27.1,27.2,27.1,27.2,27.2,27.3,27.1,27.1,27.1,27.1,27.1,27.0,27.2,27.1,27.2,27.1,26.9,27.0,27.1,27.0,27.1,27.0,26.9,26.9,27.0,26.9,26.8,26.9,27.0
142,26.9,26.8,26.9,27.0,26.7,26.9,26.9,26.8,26.7,26.8,26.8,26.7,26.7,26.8,26.6,26.6,26.8,27.2,27.3,27.5,27.7,27.7,27.7,27.8,27.7,27.7,27.6,27.3,27.2,27.1,26.9,26.9,26.9,26.9,26.9,26.7,26.9,26.7,26.8,26.9,26.8,26.7,26.9,26.8,26.9,26.8,26.7,26.7,27.1,27.3,27.5,27.8,27.8,28.0,27.8,27.8,27.9,28.0,28.5,28.6,28.6,27.4,26.9,26.7,26.9,26.7,26.6,26.6,26.9,26.8,26.7,26.7,26.8,27.0,26.9,26.7,26.7,26.9,26.7,26.8,26.8,26.7,26.7,26.8,27.0,26.9,26.9,27.0,26.9,26.8,26.9,26.9,26.9,27.1,26.9,26.9,27.1,26.9,26.9,26.9,26.9,26.8,26.8,26.6,26.5,26.6,26.4,26.5,26.3,26.5,26.6,26.6,26.6,26.6,26.5,26.4,26.5,26.5,26.5,26.4,26.2,26.3,26.2,26.3,26.1,26.3,26.4,26.4,26.2,26.2,26.2,26.3,26.3,26.5,26.6,26.8,26.9,27.1,27.2,27.0,27.0,27.1,27.3,27.2,27.1,27.3,27.3,27.3,27.3,27.2,27.3,27.4,27.3,27.3,27.2,27.3,27.5,27.3,27.2,27.1,27.2,27.2,27.3,27.2,27.1,27.2,27.3,27.1,27.2,27.3,27.0,27.2,27.2,27.0,26.9,27.1,27.0,27.0,27.0,26.8,27.0,27.0,26.9,27.0,26.9,27.0,26.9,26.9,26.9,26.7,26.9,27.0
143,27.2,27.0,27.0,27.0,26.9,27.0,26.9,27.0,26.9,26.8,26.8,26.8,26.9,26.8,26.9,26.8,26.9,27.1,27.2,27.7,27.8,27.7,27.8,27.6,27.8,27.6,27.6,27.3,27.1,27.0,26.9,26.9,27.0,26.9,26.8,26.8,26.7,26.8,26.8,26.8,26.6,26.8,26.7,26.5,26.7,26.6,26.6,26.6,26.8,27.0,27.4,27.8,28.0,28.0,27.6,27.6,27.9,28.2,28.3,28.5,28.6,27.6,26.9,26.8,26.7,26.4,26.4,26.6,26.7,26.8,26.9,26.8,26.9,26.9,26.7,26.9,26.9,26.6,26.6,26.7,26.6,26.9,26.8,26.8,26.9,27.0,26.9,26.9,27.0,27.0,26.8,26.9,27.0,27.2,27.0,27.0,27.1,27.0,26.9,26.9,26.9,26.7,26.9,26.6,26.6,26.5,26.4,26.4,26.4,26.3,26.4,26.5,26.5,26.5,26.4,26.4,26.3,26.3,26.3,26.4,26.2,26.2,26.1,26.1,26.2,26.2,26.1,26.3,26.2,26.1,25.9,26.4,26.5,26.4,26.6,26.7,27.0,26.9,27.1,26.9,26.9,27.2,27.1,27.1,27.3,27.1,27.3,27.3,27.4,27.3,27.2,27.4,27.3,27.1,27.1,27.3,27.3,27.3,27.2,27.1,27.2,27.3,27.1,27.2,27.2,27.2,27.2,27.2,27.1,27.2,27.0,27.0,27.0,26.9,27.0,27.0,26.9,26.9,27.0,26.9,27.1,27.0,26.9,26.9,27.0,27.1,26.9,26.8,26.9,26.8,26.9,26.9
144,27.1,27.1,27.2,27.0,27.1,27.3,27.2,27.1,27.1,27.1,27.0,27.2,26.9,27.1,27.1,27.0,27.2,27.3,27.4,27.3,27.6,27.7,27.6,27.6,27.7,27.5,27.5,27.1,27.1,26.9,26.8,26.9,26.8,26.7,26.9,26.8,26.8,26.7,26.6,26.7,26.6,26.8,26.9,26.8,26.8,26.6,26.6,26.7,26.7,27.1,27.3,27.7,27.9,28.0,28.0,27.9,28.0,28.2,28.4,28.8,28.3,27.4,26.8,26.7,26.7,26.6,26.8,26.7,26.8,26.7,26.8,26.8,26.7,26.8,26.6,26.9,26.7,26.9,26.6,26.7,26.8,26.8,26.9,27.1,27.2,27.1,27.2,27.1,27.0,27.0,26.9,26.9,27.2,27.1,27.2,27.3,27.2,27.1,27.1,27.0,27.0,26.9,26.9,26.6,26.5,26.5,26.5,26.4,26.3,26.4,26.3,26.6,26.5,26.5,26.4,26.5,26.5,26.3,26.4,26.4,26.4,26.1,26.2,26.3,26.0,26.3,26.3,26.2,26.1,26.1,26.1,26.3,26.3,26.4,26.5,26.8,26.9,26.9,27.0,27.1,27.1,27.1,27.2,27.2,27.1,27.1,27.1,27.2,27.1,27.3,27.2,27.3,27.3,27.3,27.1,27.3,27.3,27.1,27.2,27.2,27.1,27.1,27.3,27.1,27.2,27.3,27.1,27.1,27.1,27.1,27.2,27.0,27.1,27.1,27.1,26.9,27.0,26.9,27.1,26.9,27.0,27.0,26.9,27.0,26.8,27.0,26.8,26.8,27.0,26.7,26.8,26.9
145,27.4,27.4,27.4,27.3,27.3,27.4,27.4,27.3,27.4,27.4,27.4,27.4,27.3,27.4,27.4,27.5,27.5,27.8,27.6,27.7,27.7,27.7,27.8,27.6,27.8,27.6,27.5,27.3,27.1,26.8,27.0,27.0,26.8,26.8,26.7,26.7,26.9,26.9,26.8,26.5,26.6,26.6,26.8,26.7,26.6,26.6,26.6,26.8,26.9,27.1,27.2,27.5,27.7,28.2,28.3,28.3,28.2,28.2,28.4,28.6,28.0,27.2,26.9,26.7,26.7,26.7,26.7,26.9,26.8,26.9,27.0,27.0,26.8,27.1,26.9,26.9,27.1,26.8,26.8,26.7,26.8,26.9,26.8,27.1,27.1,27.1,27.1,27.0,26.8,27.1,27.1,27.0,27.2,27.3,27.1,27.0,27.2,27.0,27.1,27.0,27.0,27.0,26.7,26.8,26.4,26.4,26.7,26.4,26.4,26.3,26.4,26.5,26.4,26.4,26.4,26.4,26.4,26.2,26.4,26.4,26.4,26.4,26.1,26.3,26.1,26.1,26.2,26.2,26.3,26.2,26.1,26.2,26.4,26.5,26.5,26.8,26.8,26.9,27.0,27.1,27.0,27.1,27.3,27.2,27.1,27.2,27.3,27.2,27.4,27.2,27.1,27.1,27.2,27.2,27.3,27.2,27.1,27.1,27.2,27.2,26.9,27.2,27.2,27.2,27.1,27.1,27.1,27.1,27.2,27.3,27.2,27.1,26.9,26.9,26.9,27.1,27.0,27.0,27.2,26.9,26.9,26.9,27.0,26.9,26.8,26.9,26.9,27.0,26.9,26.7,26.9,26.9
146,27.6,27.3,27.5,27.5,27.5,27.6,27.7,27.6,27.5,27.5,27.5,27.7,27.5,27.4,27.7,28.0,27.4,27.6,27.6,27.5,27.6,27.8,27.8,27.8,27.7,27.6,27.6,27.3,27.3,26.9,26.9,26.7,26.7,26.6,26.8,26.6,26.6,26.6,26.6,26.5,26.6,26.5,26.5,26.4,26.6,26.7,26.5,26.7,26.5,26.9,27.2,27.3,27.4,27.8,27.9,28.2,28.1,28.1,27.9,28.0,27.5,27.0,27.2,26.8,26.8,26.6,26.6,26.7,26.8,26.7,26.9,26.8,26.8,26.8,26.9,26.8,26.8,26.8,26.7,26.6,27.0,26.9,26.9,27.0,27.3,27.0,27.0,27.2,27.0,27.2,27.3,27.3,27.4,27.3,27.3,27.2,27.2,27.2,27.2,27.1,27.0,26.8,26.7,26.6,26.6,26.6,26.5,26.5,26.4,26.3,26.4,26.6,26.5,26.4,26.3,26.3,26.4,26.4,26.7,26.5,26.6,26.6,26.5,26.3,26.3,26.2,26.1,26.2,26.2,26.4,26.2,26.4,26.4,26.5,26.6,26.7,27.0,27.1,27.0,27.1,27.1,27.0,27.1,27.1,27.1,27.1,27.1,27.1,27.3,27.3,27.3,27.4,27.4,27.4,27.2,27.3,27.3,27.2,27.3,27.3,27.2,27.1,27.1,27.1,27.1,27.1,27.1,27.2,27.1,27.2,27.1,27.0,27.1,27.0,27.1,26.9,27.1,27.1,27.0,27.1,27.2,26.9,27.1,27.0,26.9,27.0,27.0,26.9,26.8,27.0,26.9,26.8
147,27.7,27.6,27.7,27.6,27.8,27.7,27.5,27.4,27.8,27.6,27.6,27.6,27.7,27.6,27.7,27.7,27.6,27.7,27.7,27.8,27.8,27.9,27.7,27.8,27.8,27.8,27.5,27.4,27.3,27.1,26.9,26.9,26.7,26.6,26.7,26.4,26.5,26.6,26.5,26.5,26.5,26.5,26.4,26.5,26.5,26.5,26.6,26.6,26.6,26.9,26.9,27.2,27.2,27.4,27.4,27.7,27.8,27.9,27.6,27.4,27.4,27.3,26.9,26.7,26.7,26.6,26.6,26.8,26.8,26.7,26.8,26.9,27.0,26.9,26.9,27.0,26.8,26.9,26.9,26.7,26.8,27.0,26.9,27.3,27.3,27.1,27.1,27.1,27.2,27.5,27.3,27.3,27.5,27.6,27.6,27.5,27.3,27.2,27.0,27.1,26.9,26.9,26.6,26.5,26.6,26.6,26.5,26.4,26.4,26.3,26.4,26.4,26.4,26.3,26.5,26.4,26.2,26.5,26.7,26.7,26.8,26.6,26.5,26.4,26.4,26.2,26.3,26.2,26.2,26.1,26.1,26.1,26.4,26.5,26.4,26.7,26.9,26.9,27.0,27.0,27.1,27.1,27.1,27.2,27.1,27.2,27.2,27.2,27.3,27.3,27.3,27.2,27.3,27.1,27.2,27.2,27.3,27.1,27.3,27.1,27.2,27.0,27.2,27.1,27.1,27.0,27.1,27.1,27.3,27.2,27.1,27.1,27.1,27.1,27.0,27.1,27.0,27.0,27.1,27.1,27.0,26.9,27.0,27.2,27.2,27.0,27.0,27.0,27.0,27.1,26.9,27.0
148,27.6,27.7,27.7,27.6,27.5,27.6,27.7,27.6,27.8,27.7,27.7,27.8,27.8,27.8,27.7,27.7,27.8,27.9,27.8,27.8,27.9,27.8,27.8,27.9,27.9,27.8,28.0,27.6,27.6,27.4,27.1,26.6,26.8,26.4,26.3,26.6,26.5,26.5,26.4,26.4,26.4,26.4,26.4,26.3,26.4,26.5,26.3,26.6,26.6,26.6,26.7,26.7,26.9,27.1,27.3,27.3,27.3,27.5,27.4,27.7,27.6,27.2,27.0,26.9,26.8,26.6,26.7,26.6,26.8,26.7,26.9,26.7,27.1,26.9,26.9,27.0,26.9,27.1,26.9,26.9,26.9,27.0,27.3,27.6,27.4,27.5,27.4,27.3,27.5,27.8,27.5,27.5,27.5,27.8,27.9,27.8,27.6,27.2,27.0,26.9,26.7,26.6,26.6,26.6,26.4,26.6,26.5,26.5,26.2,26.4,26.5,26.4,26.2,26.4,26.4,26.2,26.3,26.4,26.6,26.7,26.9,26.7,26.6,26.5,26.3,26.3,25.9,26.2,26.3,26.3,26.1,26.3,26.5,26.5,26.4,26.7,27.0,26.7,26.9,27.1,27.0,27.0,27.2,27.0,27.1,27.3,27.2,27.3,27.2,27.4,27.3,27.1,27.1,27.0,27.1,27.2,27.2,27.3,27.3,27.1,27.2,27.1,27.2,27.1,27.1,27.1,27.1,27.1,27.1,27.0,27.1,27.1,27.0,26.9,27.1,27.1,26.9,27.1,27.1,26.9,26.9,27.1,27.0,27.0,27.0,27.0,26.8,27.1,26.7,26.8,26.8,26.9
149,27.6,27.6,27.6,27.7,27.7,27.6,27.6,27.6,27.6,27.8,27.8,27.6,27.6,27.8,27.9,27.7,27.7,27.8,27.8,28.0,28.1,28.3,28.3,28.5,28.2,28.3,28.2,28.1,28.1,27.6,27.4,27.1,26.6,26.6,26.6,26.5,26.6,26.5,26.4,26.3,26.4,26.4,26.2,26.2,26.3,26.3,26.4,26.4,26.5,26.5,26.6,26.7,26.9,27.0,26.9,27.2,27.3,27.6,28.0,28.3,27.8,27.6,27.1,26.9,26.7,26.7,26.6,26.7,26.8,26.7,26.9,26.9,27.0,27.3,27.1,27.2,27.1,27.1,27.0,27.1,27.0,27.2,27.5,27.8,28.0,27.6,27.7,27.6,27.7,28.0,27.8,27.8,27.9,28.1,28.2,28.0,27.8,27.4,26.9,26.8,26.7,26.8,26.7,26.6,26.6,26.5,26.4,26.5,26.4,26.3,26.4,26.4,26.4,26.4,26.4,26.3,26.5,26.6,26.8,26.8,26.9,26.8,26.7,26.5,26.3,26.3,26.3,26.4,26.3,26.3,26.2,26.2,26.2,26.6,26.6,26.7,26.9,26.9,27.1,27.1,27.1,27.1,27.3,27.1,27.2,27.2,27.1,27.2,27.1,27.1,27.3,27.1,27.1,27.1,27.1,27.2,27.3,27.2,27.3,27.1,27.2,27.0,27.1,26.9,27.1,27.0,27.0,27.0,27.1,27.1,27.2,27.2,27.2,26.9,27.0,26.8,27.1,27.0,26.9,26.9,26.9,27.0,26.9,27.0,27.0,26.9,26.8,26.9,26.8,26.7,26.9,26.8
150,27.6,27.6,27.7,27.7,27.7,27.6,27.6,27.6,27.6,27.7,27.6,27.6,27.6,27.9,27.8,27.9,27.8,27.8,27.9,28.1,28.3,28.4,28.7,28.7,28.7,28.6,28.6,28.4,28.2,27.9,27.5,27.2,26.7,26.5,26.5,26.5,26.4,26.3,26.4,26.4,26.4,26.4,26.2,26.2,26.3,26.3,26.3,26.4,26.4,26.6,26.6,26.7,26.8,26.9,27.0,27.1,27.3,27.8,28.1,28.4,28.0,27.7,27.3,27.0,26.8,26.7,26.7,26.7,26.8,26.7,26.9,27.0,27.1,27.2,27.2,27.1,27.2,27.1,27.0,27.0,27.1,27.2,27.4,27.7,27.6,27.7,27.6,27.6,27.5,27.7,27.7,27.8,28.0,28.2,28.2,28.2,27.8,27.4,27.0,26.9,26.8,26.8,26.7,26.6,26.6,26.5,26.5,26.4,26.4,26.4,26.4,26.4,26.4,26.4,26.4,26.4,26.5,26.6,26.6,26.8,26.7,26.8,26.6,26.4,26.3,26.3,26.3,26.3,26.2,26.2,26.2,26.2,26.2,26.6,26.6,26.7,26.9,26.9,26.9,27.1,27.1,27.1,27.1,27.2,27.1,27.2,27.2,27.2,27.2,27.2,27.2,27.2,27.1,27.1,27.1,27.1,27.2,27.3,27.2,27.1,27.1,27.1,27.0,27.1,27.0,27.0,27.0,27.0,27.0,27.2,27.1,27.1,27.0,27.0,27.0,27.1,26.9,26.9,26.9,26.9,26.9,26.9,26.9,26.9,26.9,26.9,26.9,26.8,26.9,26.9,26.7,26.8
151,27.7,27.7,27.7,27.7,27.7,27.6,27.6,27.7,27.8,27.7,27.7,27.6,27.9,27.6,27.7,27.9,27.9,27.9,28.1,28.4,28.6,28.9,28.9,28.9,29.1,29.0,28.9,28.9,28.7,28.4,27.8,27.3,26.8,26.4,26.5,26.4,26.3,26.6,26.5,26.4,26.4,26.3,26.2,26.1,26.2,26.3,26.3,26.4,26.4,26.6,26.6,26.8,26.8,26.8,27.1,27.0,27.3,28.0,28.3,28.5,28.3,27.8,27.4,27.0,26.9,26.7,26.7,26.9,26.8,26.7,27.0,26.9,27.2,27.2,27.1,27.3,27.5,27.3,27.1,27.0,27.1,27.2,27.4,27.6,27.8,27.8,27.5,27.6,27.5,27.5,27.6,27.8,28.1,28.5,28.7,28.4,27.7,27.3,27.1,27.0,26.9,26.9,26.6,26.6,26.6,26.6,26.6,26.4,26.4,26.4,26.3,26.3,26.4,26.4,26.4,26.4,26.4,26.6,26.6,26.7,26.8,26.6,26.5,26.3,26.4,26.4,26.3,26.2,26.2,26.2,26.1,26.3,26.3,26.5,26.5,26.5,26.8,26.9,26.9,26.9,27.1,27.1,27.1,27.0,27.0,27.2,27.1,27.2,27.2,27.3,27.2,27.3,27.1,27.4,27.1,27.2,27.1,27.3,27.1,27.1,27.1,27.0,27.1,27.0,27.3,27.0,26.9,27.1,27.2,27.0,27.0,27.1,27.0,27.0,27.0,27.0,26.8,26.8,27.0,26.9,26.8,26.9,26.9,26.9,26.9,26.9,26.8,26.8,26.9,26.9,26.8,26.8
152,27.7,27.8,27.7,27.8,27.8,27.7,27.8,27.8,27.7,27.7,27.8,27.7,27.7,27.8,27.8,27.8,28.0,27.8,28.0,28.3,28.7,29.0,28.9,29.1,29.1,29.0,28.8,28.8,28.7,28.1,27.8,27.3,26.7,26.5,26.4,26.4,26.6,26.4,26.5,26.3,26.4,26.3,26.3,26.3,26.3,26.2,26.3,26.4,26.5,26.6,26.6,26.7,26.8,26.8,26.6,26.9,27.4,27.8,27.8,27.9,27.8,27.5,27.2,27.1,27.0,26.9,26.9,26.9,26.9,26.7,26.9,26.9,27.3,27.3,27.4,27.5,27.3,27.2,27.1,27.1,27.1,27.1,27.2,27.6,27.5,27.4,27.3,27.3,27.3,27.3,27.3,27.6,27.8,28.0,28.2,28.0,27.7,27.3,27.2,27.3,27.2,27.2,27.0,26.7,26.8,26.7,26.6,26.7,26.5,26.4,26.2,26.3,26.2,26.5,26.3,26.4,26.5,26.5,26.6,26.7,26.5,26.5,26.5,26.4,26.4,26.4,26.3,26.4,26.4,26.4,26.4,26.3,26.3,26.4,26.5,26.6,26.8,26.9,26.9,27.0,27.1,27.0,27.1,27.2,27.3,27.0,27.1,27.2,27.3,27.3,27.1,27.2,27.1,27.1,27.1,27.1,27.1,27.1,27.1,27.2,27.3,26.9,27.1,27.2,27.2,27.1,27.0,26.9,27.1,27.1,26.9,27.0,26.9,27.0,27.0,26.8,27.0,27.0,26.9,26.9,26.9,26.9,26.9,26.9,26.9,26.9,26.9,27.0,26.8,26.8,26.9,26.7
153,27.6,27.7,27.8,27.8,27.6,27.6,27.6,27.9,27.8,27.8,27.7,27.8,27.8,27.8,27.8,27.7,27.8,28.0,28.2,28.2,28.4,28.6,28.6,28.5,28.5,28.4,28.4,28.2,28.0,27.6,27.3,26.9,26.7,26.6,26.7,26.4,26.8,26.6,26.5,26.4,26.5,26.3,26.4,26.3,26.4,26.2,26.5,26.6,26.6,26.6,26.8,26.4,26.7,26.8,26.9,26.9,27.0,27.3,27.3,27.3,27.3,27.3,27.1,26.9,26.9,26.7,26.8,26.9,26.9,26.9,27.1,27.1,27.1,27.2,27.3,27.2,27.3,27.4,27.2,27.0,26.9,26.9,27.0,27.1,27.3,27.3,26.9,27.0,27.1,27.0,27.0,27.3,27.6,27.5,27.8,27.9,27.5,27.2,27.5,27.7,27.6,27.7,27.5,27.2,26.9,27.0,26.8,26.8,26.5,26.3,26.5,26.3,26.4,26.4,26.3,26.5,26.6,26.7,26.4,26.5,26.6,26.4,26.5,26.3,26.3,26.3,26.4,26.5,26.7,26.8,26.4,26.6,26.4,26.4,26.5,26.7,26.8,26.7,27.0,27.0,26.9,26.9,27.1,27.2,27.2,27.0,27.1,27.2,27.2,27.2,27.2,27.4,27.1,27.2,27.3,27.1,27.2,27.2,27.1,27.1,27.1,27.1,27.2,27.1,27.2,27.0,27.2,27.0,27.1,27.0,27.1,27.1,27.1,26.9,27.0,26.9,26.9,26.9,27.0,26.9,26.9,27.1,26.9,26.9,26.8,26.9,26.9,26.8,26.9,26.8,26.9,26.7
154,27.8,27.7,27.7,27.8,27.8,27.6,27.5,27.6,27.9,27.8,27.7,27.7,27.8,27.7,27.8,27.9,27.8,27.9,28.0,28.0,28.1,28.0,28.2,28.2,28.1,28.0,27.9,27.9,27.6,27.3,27.0,26.8,26.8,26.7,26.7,26.6,26.7,27.0,26.7,26.6,26.6,26.5,26.4,26.4,26.4,26.6,26.4,26.4,26.4,26.4,26.6,26.6,26.6,26.7,26.7,26.6,26.9,27.0,26.9,27.0,27.0,26.8,26.8,26.8,27.0,26.8,26.8,26.8,26.8,26.9,26.9,27.0,27.0,27.2,27.1,27.2,27.3,27.3,27.1,27.1,26.8,26.8,26.8,26.8,26.9,26.8,26.9,27.1,26.9,26.8,27.0,26.9,27.2,27.3,27.3,27.4,27.3,27.4,27.8,28.2,28.5,28.4,28.0,27.6,27.1,27.0,26.9,26.8,26.6,26.4,26.3,26.4,26.4,26.3,26.4,26.4,26.7,26.4,26.5,26.7,26.6,26.5,26.5,26.4,26.6,26.8,26.9,27.0,27.1,27.0,26.7,26.6,26.6,26.6,26.6,26.7,26.8,26.9,27.0,27.1,27.0,27.1,27.1,27.1,27.2,27.1,27.1,27.1,27.2,27.1,27.1,27.2,27.1,27.1,27.0,27.1,27.0,26.9,27.1,27.2,27.1,27.1,27.1,27.0,26.9,26.9,26.9,27.1,27.0,26.9,27.0,26.8,26.9,27.1,27.0,26.8,26.8,27.2,26.9,26.8,26.9,26.9,26.9,27.0,26.8,26.9,26.9,26.9,26.9,26.9,26.9,26.9
155,27.8,27.7,27.8,27.9,27.7,27.6,27.7,27.8,27.8,27.8,27.8,27.8,27.7,27.8,28.0,27.9,28.0,27.9,28.0,27.9,27.8,28.0,27.9,28.0,28.0,27.8,27.9,27.8,27.4,27.1,27.0,26.9,26.8,26.9,26.8,27.0,27.0,26.9,26.9,26.8,26.8,26.6,26.4,26.6,26.5,26.6,26.6,26.5,26.6,26.7,26.7,26.7,26.8,26.6,26.9,26.8,27.0,26.9,26.9,27.0,26.8,26.8,26.9,26.8,27.1,26.8,26.9,26.8,26.9,26.7,26.9,27.0,27.0,27.0,27.0,27.1,27.0,26.9,27.0,26.7,26.7,26.8,26.9,26.7,26.8,26.8,26.6,26.9,26.8,26.8,26.8,26.8,26.9,27.0,27.0,27.1,27.3,27.7,28.5,29.3,29.8,29.4,28.5,27.9,27.3,27.1,26.8,26.9,26.7,26.5,26.4,26.5,26.4,26.5,26.5,26.4,26.5,26.7,26.5,26.7,26.6,26.6,26.5,26.6,26.9,27.3,27.4,27.4,27.4,27.6,27.3,27.1,26.8,26.5,26.5,26.7,26.9,26.7,26.9,26.9,27.0,27.0,27.0,27.1,27.1,27.0,27.1,27.2,27.0,27.3,27.1,27.4,27.1,27.2,26.9,27.0,27.1,27.2,27.2,27.1,27.0,27.0,26.9,27.2,27.0,27.0,27.0,27.1,27.1,27.1,27.0,26.8,27.0,27.1,27.1,26.9,27.1,27.0,27.0,26.9,27.0,26.9,26.8,27.0,26.8,26.9,26.8,27.0,27.0,26.7,26.9,26.8
156,27.7,27.7,27.8,27.7,27.7,27.8,27.8,27.9,28.0,27.8,27.8,27.7,27.9,27.7,27.9,27.8,27.9,27.8,27.9,27.9,27.9,27.8,27.8,28.0,27.9,27.7,27.6,27.6,27.4,27.0,26.9,27.1,27.2,27.4,27.4,27.3,27.3,26.9,26.9,26.9,26.8,26.6,26.6,26.6,26.5,26.5,26.4,26.6,26.5,26.6,26.6,26.6,26.7,26.6,26.8,26.7,26.9,26.9,26.8,26.8,26.6,26.7,26.8,26.9,26.7,26.7,27.0,26.9,26.9,26.7,26.9,26.9,26.9,27.1,26.9,27.1,27.0,27.1,26.9,26.7,26.8,26.7,26.6,26.6,26.7,26.6,26.7,26.7,26.7,26.7,26.6,26.8,26.6,26.8,27.0,26.9,27.3,27.8,28.8,29.7,30.2,29.6,28.8,28.0,27.3,27.1,27.0,26.8,26.5,26.6,26.5,26.4,26.3,26.4,26.5,26.4,26.5,26.6,26.6,26.5,26.6,26.4,26.6,27.0,27.3,27.5,27.6,27.6,27.6,27.6,27.7,27.5,27.0,26.8,26.7,26.7,26.8,26.9,26.9,27.0,26.9,26.9,27.1,27.2,27.0,27.1,27.2,27.1,27.1,27.2,27.2,27.1,27.2,27.1,27.1,27.1,27.1,27.0,27.1,27.0,27.1,27.3,27.2,27.1,27.2,27.1,27.1,27.0,27.3,27.1,27.0,27.1,27.0,26.9,26.9,26.9,27.0,26.9,27.1,26.9,26.9,27.1,26.7,27.0,26.9,26.9,26.8,26.9,26.9,27.0,26.8,26.9
157,27.9,27.8,27.8,27.8,27.7,27.9,27.8,27.7,27.9,27.7,27.9,27.9,27.8,27.9,27.8,27.9,27.8,28.0,27.9,28.0,27.8,28.0,27.8,27.8,27.8,27.8,27.5,27.6,27.3,27.2,27.1,27.2,27.5,27.8,27.8,27.9,27.8,27.5,27.1,26.9,26.8,26.6,26.7,26.6,26.3,26.5,26.3,26.3,26.6,26.4,26.6,26.6,26.6,26.8,26.9,26.8,26.7,26.8,26.7,26.7,26.7,26.7,26.7,26.7,26.7,26.9,26.9,27.0,27.0,26.9,26.8,27.0,26.9,27.0,26.9,27.1,27.1,27.0,27.0,26.8,26.9,26.7,26.8,26.6,26.7,26.6,26.6,26.7,26.5,26.4,26.5,26.6,26.7,26.6,26.7,26.9,27.3,27.8,28.6,29.2,29.7,29.0,28.6,27.9,27.2,27.0,26.9,26.9,26.6,26.5,26.3,26.4,26.4,26.5,26.4,26.6,26.4,26.6,26.5,26.4,26.7,26.6,26.9,27.3,27.5,27.6,27.6,27.5,27.4,27.7,27.8,27.7,27.5,27.0,26.9,26.8,26.8,26.8,27.0,27.0,26.9,27.1,27.0,27.0,27.1,26.9,27.2,27.3,27.2,27.1,27.2,27.4,27.1,27.1,27.3,27.1,27.2,27.1,27.1,27.1,27.2,27.1,27.1,27.1,27.1,27.1,27.1,26.9,27.0,27.2,27.1,27.1,27.2,27.0,27.2,26.9,26.9,27.1,27.0,27.0,26.9,27.0,27.0,27.1,26.9,26.9,27.0,26.9,26.8,26.9,26.9,26.9
158,27.9,27.6,27.8,27.8,27.6,27.9,27.8,27.8,28.0,27.8,27.9,27.9,28.0,27.9,28.0,28.0,27.8,28.0,27.9,27.8,28.0,28.0,28.0,28.0,27.8,27.7,27.8,27.6,27.4,27.2,27.4,27.5,28.0,28.2,28.4,28.2,28.0,28.0,27.5,27.2,27.0,26.8,26.5,26.5,26.7,26.5,26.6,26.3,26.4,26.5,26.5,26.8,26.5,26.9,26.6,26.8,26.6,26.8,26.7,26.6,26.6,26.8,26.7,26.6,26.8,26.9,26.9,27.0,26.9,26.8,26.7,26.9,26.9,27.0,27.0,27.3,27.2,27.0,26.9,26.9,26.9,26.7,26.7,26.6,26.6,26.5,26.5,26.7,26.5,26.5,26.5,26.8,26.6,26.9,26.7,26.9,27.1,27.7,28.2,28.7,29.0,28.6,28.2,27.7,27.3,27.0,26.9,26.8,26.8,26.6,26.6,26.5,26.6,26.4,26.6,26.4,26.4,26.3,26.6,26.5,26.6,26.7,26.9,27.4,27.6,27.6,27.6,27.2,27.1,27.4,27.7,27.8,27.6,27.1,26.7,26.9,26.9,26.8,27.0,26.9,27.0,27.0,27.0,26.9,27.2,27.2,27.0,27.2,27.0,27.2,27.1,27.3,27.3,27.2,27.1,27.1,27.1,27.1,27.3,27.0,27.0,27.2,27.1,27.2,27.2,27.2,26.9,27.1,27.1,27.0,27.1,26.9,27.2,27.1,27.0,27.1,27.0,27.0,26.9,27.0,26.8,27.0,26.9,26.9,27.0,26.8,26.9,26.9,26.8,26.7,26.9,27.0
159,27.8,27.7,27.8,27.8,27.8,27.9,27.7,27.8,27.8,27.9,27.7,27.8,27.8,27.8,27.9,27.8,27.9,28.0,28.0,28.0,28.0,28.0,28.0,27.8,27.9,27.9,27.7,27.6,27.5,27.4,27.6,28.0,28.3,28.3,28.3,28.1,28.1,28.0,27.7,27.5,27.0,26.9,26.6,26.6,26.5,26.5,26.5,26.4,26.4,26.4,26.5,26.6,26.6,26.8,26.7,26.6,26.7,26.9,26.7,26.7,26.6,26.8,26.7,26.6,26.9,26.8,26.7,26.6,26.9,26.8,26.8,26.8,26.9,27.1,27.1,27.3,27.2,27.2,26.9,26.9,26.8,26.7,26.7,26.6,26.5,26.5,26.5,26.6,26.6,26.6,26.6,26.6,26.5,26.5,26.6,26.8,27.1,27.2,27.9,28.3,28.5,28.4,27.9,27.3,27.1,27.0,26.8,26.9,26.8,26.7,26.7,26.8,26.6,26.5,26.5,26.5,26.4,26.4,26.5,26.3,26.5,26.6,27.1,27.4,27.6,27.5,27.5,27.0,27.0,27.1,27.7,27.8,27.6,27.2,27.0,26.8,26.9,26.8,27.1,26.9,27.0,26.9,26.9,27.0,26.8,27.2,27.1,27.0,27.2,27.2,27.0,27.3,27.0,27.1,27.2,27.1,26.9,27.3,27.0,27.1,27.1,27.0,27.2,27.0,27.3,27.1,27.1,26.9,27.1,27.1,27.0,27.1,27.0,27.2,27.0,26.9,27.1,27.0,27.0,27.1,27.1,27.0,27.0,27.0,26.9,26.8,26.9,26.9,27.1,26.8,26.9,26.9
160,27.9,27.8,27.8,27.7,27.9,27.8,27.7,27.7,27.8,28.0,27.7,27.8,27.8,27.9,28.0,27.9,27.8,28.0,28.0,27.9,27.8,27.9,27.8,28.0,27.9,27.7,27.7,27.5,27.8,27.8,27.9,28.3,28.3,28.2,28.0,28.1,28.1,28.1,28.0,27.5,27.1,26.8,26.6,26.6,26.4,26.4,26.4,26.4,26.6,26.4,26.7,26.7,26.6,26.7,26.6,26.8,26.6,26.6,26.7,26.6,26.8,26.7,26.7,26.7,26.8,26.7,26.8,26.7,26.8,26.9,26.9,26.8,26.7,27.0,27.2,27.3,27.3,27.1,27.0,26.8,26.8,26.6,26.7,26.5,26.5,26.6,26.5,26.6,26.5,26.6,26.7,26.6,26.6,26.8,26.9,26.8,27.0,27.2,27.7,28.0,28.0,27.8,27.5,27.1,27.1,27.0,27.0,26.8,26.8,26.5,26.7,26.7,26.6,26.6,26.4,26.5,26.4,26.4,26.7,26.6,26.6,26.7,27.0,27.6,27.8,27.6,27.2,27.1,26.9,27.3,27.6,27.8,27.5,27.1,26.8,26.9,26.9,26.9,26.9,26.9,27.1,27.0,27.1,27.1,27.0,27.2,26.9,27.1,27.1,26.9,27.1,27.1,27.1,26.9,27.2,27.0,27.1,27.0,27.0,27.2,27.1,27.1,26.9,27.1,27.0,27.1,27.1,26.9,26.9,27.1,27.2,26.9,27.0,27.1,26.9,26.9,27.1,27.1,27.0,27.1,27.0,27.1,26.9,27.0,26.9,26.7,26.9,26.8,26.8,27.0,26.9,26.9
161,27.8,27.6,27.8,27.7,27.8,27.8,27.8,27.9,28.0,27.8,27.8,27.7,27.9,27.9,27.9,27.8,27.9,27.9,28.0,27.8,27.9,28.0,28.0,27.9,27.9,27.8,27.8,27.6,27.6,27.8,27.8,28.4,28.3,28.1,28.0,27.9,28.2,28.1,28.0,27.9,27.1,26.8,26.5,26.6,26.6,26.6,26.4,26.4,26.4,26.4,26.6,26.6,26.6,26.6,26.7,26.7,26.6,26.8,26.6,26.6,26.7,26.7,26.5,26.8,26.9,26.6,26.8,26.9,26.9,26.9,27.0,26.9,27.1,27.0,27.2,27.1,27.1,27.2,26.8,26.8,26.6,26.9,26.7,26.6,26.6,26.5,26.5,26.5,26.6,26.6,26.5,26.5,26.6,26.6,26.6,26.8,27.0,27.2,27.6,27.8,27.8,27.6,27.3,27.2,27.0,27.1,27.0,27.0,26.7,26.6,26.6,26.6,26.6,26.5,26.5,26.5,26.7,26.7,26.6,26.8,26.7,26.7,27.0,27.5,27.7,27.7,27.6,27.3,27.3,27.5,27.6,27.6,27.3,27.1,26.9,26.8,26.9,26.8,26.9,26.8,27.0,26.9,27.0,26.8,27.1,26.9,27.0,27.0,27.2,27.1,27.0,27.2,27.1,27.2,27.2,27.0,27.2,27.3,27.1,27.1,27.2,27.0,27.1,27.1,27.1,27.1,27.1,27.0,27.1,27.1,27.1,27.0,27.0,27.0,27.1,26.9,27.1,27.1,27.0,26.9,26.9,27.1,26.9,27.0,26.9,26.9,26.9,26.9,26.9,26.8,26.8,26.7
162,27.7,27.8,27.8,27.7,27.8,27.8,27.8,27.8,27.8,27.7,28.0,28.0,27.9,27.9,28.0,27.9,28.0,27.9,27.9,28.0,28.0,27.9,27.9,27.9,28.0,27.8,27.7,27.6,27.7,27.8,27.9,28.2,28.2,27.9,27.9,28.0,28.1,28.2,28.0,27.8,27.2,26.8,26.6,26.6,26.5,26.6,26.3,26.3,26.3,26.4,26.4,26.7,26.6,26.6,26.6,26.5,26.6,26.8,26.6,26.6,26.7,26.6,26.6,26.7,26.6,26.7,26.9,26.7,26.9,27.0,26.9,26.9,26.9,26.9,27.1,27.1,26.9,26.8,26.9,26.7,26.8,26.7,26.7,26.4,26.6,26.5,26.3,26.6,26.5,26.5,26.5,26.6,26.7,26.6,26.6,26.7,26.9,27.2,27.4,27.6,27.7,27.5,27.5,26.8,26.8,26.9,26.9,26.8,26.8,26.6,26.6,26.5,26.4,26.5,26.4,26.4,26.5,26.6,26.6,26.6,26.7,26.5,26.9,27.1,27.4,27.7,27.8,27.6,27.7,27.6,27.7,27.3,27.0,27.1,26.8,26.6,26.7,26.7,26.8,26.7,26.8,26.9,27.0,26.9,26.9,27.0,26.9,27.0,27.1,27.2,27.0,27.2,27.3,27.1,27.1,27.0,27.1,27.1,27.3,27.2,27.1,27.1,27.0,27.0,27.1,27.1,27.1,27.2,27.0,27.0,27.1,27.1,26.9,27.0,27.1,27.0,26.8,27.0,26.9,27.0,27.0,26.9,27.0,26.9,26.8,26.9,26.8,27.0,26.8,26.8,27.0,27.0
163,27.8,27.8,27.7,27.6,27.7,27.7,27.9,27.9,27.8,27.8,27.9,28.0,27.9,27.8,28.0,27.9,27.9,27.9,27.8,28.0,27.8,28.1,27.9,27.9,28.0,27.8,27.8,27.6,27.6,27.8,27.6,28.0,28.2,28.0,28.0,28.1,28.1,28.2,28.0,27.7,27.1,26.8,26.6,26.6,26.6,26.5,26.4,26.4,26.4,26.5,26.5,26.4,26.7,26.5,26.5,26.7,26.7,26.7,26.5,26.7,26.7,26.7,26.6,26.8,26.7,26.7,26.7,26.8,26.8,26.6,27.0,26.9,27.0,26.8,26.9,26.9,26.8,26.9,26.9,26.7,26.7,26.7,26.8,26.6,26.5,26.5,26.6,26.6,26.4,26.4,26.5,26.6,26.6,26.5,26.6,26.6,27.1,27.1,27.3,27.8,28.1,27.9,27.4,26.9,26.9,26.9,26.7,26.8,26.7,26.6,26.5,26.4,26.4,26.4,26.5,26.4,26.5,26.4,26.5,26.5,26.7,26.7,26.7,26.9,27.2,27.2,27.6,27.7,27.7,27.5,27.5,27.3,27.0,26.9,26.6,26.6,26.6,26.8,26.7,26.8,26.8,26.8,26.6,26.9,27.0,27.0,26.9,27.1,27.2,27.0,27.0,27.1,27.1,27.1,27.0,27.1,27.2,27.1,27.0,27.0,27.1,27.0,27.0,27.0,27.1,27.1,27.1,27.0,27.0,27.1,26.9,26.9,26.9,26.9,26.9,26.9,27.1,27.0,26.9,27.1,27.1,27.0,27.0,27.1,27.0,27.0,26.9,26.9,26.8,26.7,26.9,26.9
164,27.7,27.6,27.8,27.8,27.8,27.7,27.8,27.9,27.8,27.9,28.0,27.9,27.9,28.0,27.9,27.8,27.9,28.0,28.0,27.9,27.9,27.9,27.9,27.8,27.8,27.9,27.7,27.6,27.6,27.5,27.7,27.9,28.2,28.3,28.4,28.2,28.4,28.3,27.9,27.5,27.0,27.0,26.6,26.7,26.5,26.5,26.6,26.4,26.5,26.4,26.6,26.5,26.7,26.6,26.7,26.7,26.7,26.6,26.8,26.8,26.8,26.8,26.9,26.8,26.6,26.8,26.6,26.8,26.8,26.9,26.8,26.9,26.9,26.8,26.8,26.8,27.0,26.9,26.8,26.9,26.7,26.7,26.5,26.6,26.6,26.6,26.6,26.6,26.7,26.6,26.6,26.5,26.7,26.5,26.7,26.6,26.9,27.2,27.8,28.4,28.8,28.4,27.5,27.1,27.0,26.9,26.8,26.8,26.7,26.5,26.6,26.4,26.4,26.5,26.3,26.3,26.6,26.5,26.5,26.6,26.7,26.5,26.6,26.6,26.9,27.0,27.1,27.2,27.2,27.2,27.1,26.9,26.7,26.6,26.5,26.6,26.6,26.6,26.7,26.9,26.9,26.9,27.0,27.0,26.9,27.0,27.0,27.1,27.0,27.0,27.1,27.1,27.1,27.1,26.9,27.1,27.0,27.0,26.9,27.2,27.0,26.9,27.1,27.0,27.1,27.0,26.9,27.1,27.1,26.9,26.9,27.0,27.0,27.0,26.9,26.9,26.8,26.9,27.0,27.0,27.0,26.9,26.8,26.9,26.9,26.9,26.7,26.9,27.0,26.7,26.7,26.9
165,27.9,27.7,27.8,27.9,27.6,27.7,27.9,27.9,27.9,27.8,27.9,27.8,27.9,27.9,27.8,27.9,27.8,28.0,28.0,27.9,28.0,28.0,27.8,27.9,27.9,27.9,27.6,27.6,27.5,27.5,27.4,27.7,27.8,28.2,28.4,28.4,28.3,28.0,27.5,27.3,26.9,26.7,26.6,26.6,26.7,26.6,26.3,26.5,26.1,26.5,26.6,26.5,26.6,26.7,26.6,26.7,26.7,26.6,26.8,26.7,26.6,26.8,26.9,26.7,26.9,26.7,26.9,26.9,27.0,26.9,27.1,26.9,27.0,26.8,27.0,26.8,26.9,27.2,27.0,27.0,26.8,26.7,26.7,26.6,26.6,26.5,26.5,26.5,26.6,26.4,26.4,26.5,26.5,26.7,26.6,26.8,26.9,27.3,28.0,28.6,28.6,28.1,27.6,27.2,26.9,26.7,26.7,26.7,26.5,26.5,26.4,26.4,26.4,26.3,26.4,26.2,26.4,26.4,26.4,26.5,26.6,26.6,26.4,26.4,26.6,26.7,26.8,26.9,26.8,26.8,26.8,26.7,26.5,26.4,26.4,26.6,26.5,26.7,26.8,26.7,26.6,26.8,27.0,26.8,27.1,26.8,26.9,27.0,27.1,27.1,27.0,27.2,27.0,27.0,27.2,27.0,26.9,27.0,27.1,27.1,27.2,26.9,27.0,27.1,27.1,26.9,27.1,27.0,27.0,26.9,26.9,26.9,26.9,26.8,26.9,27.0,26.9,26.9,26.9,27.0,26.9,27.1,27.0,26.9,27.0,26.8,26.7,26.9,26.8,26.8,26.8,26.8
166,27.8,27.8,27.9,27.9,27.8,27.8,27.8,28.0,27.7,27.9,27.9,27.8,27.8,28.1,28.1,27.9,28.0,28.0,28.1,28.0,28.0,27.9,28.0,27.8,28.1,28.0,27.7,27.6,27.4,27.3,27.3,27.5,27.7,28.0,28.0,27.9,27.8,27.5,27.3,27.1,26.7,26.6,26.6,26.6,26.5,26.5,26.5,26.4,26.5,26.5,26.6,26.6,26.6,26.7,26.7,26.6,26.8,26.8,26.7,26.8,26.9,26.7,26.7,26.9,26.8,26.8,26.7,26.8,26.8,26.9,27.2,26.9,26.9,26.9,26.9,27.1,27.0,27.2,27.1,26.9,26.8,26.8,26.6,26.6,26.7,26.6,26.5,26.5,26.4,26.6,26.6,26.5,26.5,26.6,26.7,26.8,26.9,27.4,28.0,28.3,28.6,28.2,27.7,27.1,27.1,26.6,26.5,26.7,26.5,26.4,26.5,26.4,26.3,26.3,26.2,26.3,26.4,26.3,26.4,26.4,26.5,26.4,26.4,26.5,26.3,26.6,26.6,26.5,26.8,26.6,26.4,26.4,26.3,26.3,26.2,26.4,26.6,26.6,26.6,26.7,26.8,26.8,26.8,26.9,26.9,26.9,27.0,26.9,26.9,27.0,27.0,27.1,27.1,27.0,27.0,27.1,27.1,26.9,27.1,27.1,27.0,26.9,27.0,26.9,27.0,27.1,27.0,27.0,27.1,26.9,26.9,26.9,27.0,27.0,27.0,27.0,27.1,27.1,26.9,26.9,26.8,27.1,26.8,26.8,27.0,26.8,26.8,26.9,26.8,26.8,26.8,26.9
167,27.7,27.8,28.0,27.7,27.8,27.9,27.9,27.9,27.8,27.8,27.9,28.0,27.8,27.9,28.0,27.9,27.8,27.9,27.9,28.1,27.8,27.9,27.8,27.9,28.0,27.8,27.8,27.7,27.5,27.3,27.2,27.3,27.6,27.6,27.4,27.4,27.3,27.1,27.0,26.9,26.7,26.6,26.6,26.6,26.7,26.9,26.6,26.6,26.5,26.6,26.7,26.5,26.7,26.8,26.7,26.7,26.8,26.7,26.8,26.8,26.8,26.8,26.7,26.5,26.7,26.8,26.7,26.8,26.8,26.9,27.0,26.8,26.9,26.9,26.9,26.9,27.1,27.1,27.1,26.9,26.9,26.7,26.5,26.7,26.7,26.6,26.5,26.7,26.5,26.6,26.6,26.5,26.7,26.6,26.6,26.7,26.9,27.2,27.7,28.2,28.4,28.0,27.5,27.2,26.8,26.6,26.4,26.5,26.5,26.4,26.4,26.4,26.4,26.4,26.3,26.3,26.4,26.4,26.5,26.4,26.4,26.3,26.3,26.2,26.5,26.3,26.4,26.6,26.6,26.6,26.4,26.2,26.2,26.3,26.2,26.5,26.4,26.6,26.6,26.7,26.6,26.9,26.9,27.0,26.9,26.9,26.9,27.2,27.0,27.1,26.9,27.1,27.1,27.1,27.1,27.0,27.2,27.1,27.2,27.1,27.1,27.0,27.1,27.1,27.1,27.1,27.1,27.0,27.0,27.0,27.1,27.0,26.9,27.1,27.1,27.0,26.9,26.9,27.1,26.9,26.8,27.1,27.0,27.0,27.0,26.9,26.6,26.8,26.8,26.9,26.9,26.9
168,27.7,27.9,27.9,27.9,28.0,27.9,27.8,27.9,28.0,27.9,27.9,27.8,28.0,28.0,28.0,28.0,28.0,28.0,28.0,27.8,27.8,28.0,27.9,28.0,28.0,27.9,27.6,27.6,27.5,27.1,27.1,27.2,27.2,27.3,27.1,27.3,27.0,26.9,26.8,26.8,26.8,26.8,26.7,26.9,26.7,26.8,26.8,26.6,26.8,26.7,26.5,26.7,26.9,26.9,26.8,26.8,26.8,26.8,26.9,26.7,26.9,26.6,26.7,26.7,26.7,26.6,26.9,26.8,27.1,27.0,27.1,27.0,27.1,26.9,27.0,26.9,27.1,26.9,27.0,26.9,26.9,26.7,26.9,26.6,26.8,26.6,26.6,26.8,26.6,26.6,26.5,26.7,26.4,26.9,26.7,26.7,26.8,27.1,27.3,27.6,27.8,27.6,27.3,27.0,26.6,26.6,26.7,26.6,26.6,26.5,26.3,26.4,26.5,26.5,26.3,26.3,26.4,26.3,26.4,26.5,26.4,26.4,26.4,26.4,26.4,26.6,26.4,26.2,26.5,26.4,26.2,26.3,26.3,26.2,26.4,26.5,26.4,26.5,26.7,26.6,26.7,26.9,26.8,26.9,26.9,26.9,26.8,27.0,27.0,27.1,27.0,27.1,27.1,27.1,26.9,27.1,27.1,27.1,27.3,27.1,27.1,26.9,27.0,27.0,27.1,27.1,27.1,27.0,27.1,27.1,26.9,26.9,27.1,27.1,26.9,26.9,26.8,27.0,27.0,27.0,27.0,27.1,26.9,26.9,26.9,26.8,26.9,26.9,27.0,26.8,27.0,26.9
169,27.9,28.0,27.7,28.0,27.9,27.9,28.1,28.0,27.9,27.8,28.0,27.9,27.9,28.0,28.0,28.0,27.9,28.1,28.0,28.0,27.9,28.1,28.1,28.0,28.0,27.7,27.8,27.5,27.4,27.3,27.1,27.0,27.0,27.2,27.1,27.1,27.0,27.1,26.9,26.9,26.9,26.8,26.8,26.7,26.7,26.8,26.6,26.8,26.6,26.7,26.7,26.8,26.7,26.8,26.8,26.9,26.8,26.9,26.8,26.7,26.9,26.6,26.6,26.7,26.8,26.8,26.9,26.9,27.0,27.0,27.0,26.9,26.9,27.0,26.9,26.9,27.0,27.0,26.9,27.0,26.8,26.7,26.7,26.8,26.8,26.7,26.7,26.8,26.6,26.6,26.7,26.6,26.7,26.6,26.8,26.8,26.9,26.9,27.1,27.4,27.4,27.3,27.1,26.9,26.6,26.6,26.5,26.4,26.4,26.4,26.4,26.5,26.5,26.5,26.3,26.3,26.5,26.4,26.5,26.3,26.4,26.2,26.5,26.4,26.2,26.3,26.4,26.3,26.5,26.4,26.4,26.4,26.3,26.3,26.2,26.2,26.5,26.6,26.6,26.6,26.7,26.8,27.0,27.0,27.0,26.9,26.9,27.0,27.1,27.1,27.0,26.9,27.1,27.1,27.1,27.0,27.0,27.1,27.2,27.1,27.1,27.0,27.0,27.1,27.2,27.0,26.9,26.8,27.1,27.2,27.1,27.1,27.1,26.9,26.9,26.9,27.0,26.9,27.0,27.0,26.9,27.2,26.9,27.0,26.9,26.9,27.0,27.0,26.8,27.0,27.0,26.9
170,27.8,27.9,27.8,27.9,27.9,27.8,27.8,27.9,27.8,28.1,28.0,28.0,28.0,28.0,28.0,28.0,28.0,28.0,28.2,28.0,28.0,27.9,27.8,27.9,28.0,27.8,27.9,27.6,27.4,27.0,27.0,27.0,27.1,27.1,26.9,27.1,27.0,27.0,26.8,26.8,26.9,26.8,26.7,26.9,26.9,26.9,26.7,26.9,26.8,26.8,26.9,26.8,26.8,26.9,27.0,26.9,26.9,26.9,26.9,26.8,26.8,26.8,26.6,26.8,26.8,26.6,26.8,26.8,26.9,26.6,26.8,26.8,26.8,26.9,26.8,27.0,27.1,27.1,27.0,26.9,26.8,26.9,26.8,26.9,27.0,27.0,26.9,26.9,26.7,26.7,26.9,26.6,26.7,26.6,26.6,26.6,26.7,26.7,27.0,27.0,26.9,27.1,26.9,26.7,26.5,26.4,26.4,26.5,26.6,26.6,26.4,26.5,26.6,26.3,26.4,26.4,26.3,26.5,26.3,26.4,26.4,26.4,26.3,26.2,26.3,26.3,26.3,26.4,26.2,26.3,26.2,26.4,26.2,26.3,26.2,26.3,26.5,26.4,26.6,26.8,26.7,26.8,26.6,26.9,26.7,26.8,26.7,26.9,27.1,26.9,26.9,27.1,27.1,27.1,27.0,27.1,27.1,27.1,27.1,27.1,27.0,27.1,26.9,27.1,27.1,27.0,27.0,26.9,26.9,27.0,27.1,27.0,27.0,26.9,26.9,27.0,26.9,26.9,27.1,27.1,26.9,26.9,26.8,26.9,26.9,27.0,26.9,26.9,27.0,26.8,26.8,26.7
171,27.8,27.7,27.8,27.8,27.8,27.9,28.0,28.0,27.9,28.0,27.9,27.8,28.0,27.9,27.9,27.9,27.8,27.9,27.9,28.0,28.0,28.1,27.9,27.9,27.8,27.9,27.7,27.6,27.8,27.4,27.3,27.3,27.3,27.3,27.4,27.2,27.1,27.1,27.0,27.1,27.0,27.1,27.0,27.1,27.1,27.0,27.0,27.2,27.0,27.1,27.1,27.1,27.2,27.1,27.3,27.2,27.4,27.2,27.0,26.9,26.7,26.9,26.8,26.7,26.8,26.6,26.7,26.9,26.6,26.7,26.8,26.8,26.9,26.8,27.0,26.9,27.1,26.9,26.9,26.9,26.7,27.1,27.1,27.3,27.3,27.2,26.9,27.0,26.9,27.0,26.9,26.8,26.8,27.0,26.7,26.9,26.8,26.7,27.0,27.2,27.0,26.9,26.9,26.7,26.6,26.5,26.5,26.4,26.5,26.4,26.1,26.4,26.5,26.4,26.5,26.3,26.3,26.4,26.3,26.2,26.3,26.3,26.2,26.4,26.4,26.3,26.4,26.3,26.4,26.2,26.2,26.4,26.2,26.2,26.3,26.2,26.4,26.4,26.4,26.6,26.4,26.7,26.7,26.9,26.7,26.8,26.7,26.8,26.8,27.1,26.9,26.9,27.0,27.1,27.0,26.9,27.1,26.9,27.1,27.0,27.1,26.9,27.0,27.1,26.9,26.9,27.1,26.8,27.0,26.8,27.0,27.0,26.9,26.7,26.9,26.9,26.9,26.9,27.0,26.9,26.8,26.9,26.8,26.8,26.9,26.9,26.9,27.0,26.9,26.7,26.9,26.8
172,27.7,27.8,27.8,28.0,28.0,27.9,27.8,27.7,28.0,27.9,28.1,28.1,28.1,27.9,27.9,27.9,28.0,27.9,28.0,28.0,27.9,28.0,28.0,28.0,27.8,27.8,27.8,27.8,28.1,27.8,27.8,27.8,27.8,27.6,27.5,27.5,27.2,27.3,27.2,27.2,27.2,27.3,27.3,27.3,27.1,27.1,27.2,27.3,27.2,27.1,27.3,27.2,27.3,27.8,27.8,27.8,27.9,27.8,27.7,27.3,26.9,26.8,26.9,26.6,26.6,26.6,26.6,26.7,26.8,26.7,26.7,26.6,26.8,27.0,26.8,26.8,26.9,27.0,26.9,26.9,27.0,27.2,27.4,27.5,27.5,27.6,27.2,27.0,27.0,27.1,27.0,26.9,26.9,27.0,26.9,26.6,26.7,26.8,27.0,27.0,26.8,27.0,26.9,26.7,26.5,26.4,26.4,26.4,26.4,26.3,26.5,26.4,26.3,26.4,26.5,26.2,26.2,26.4,26.5,26.4,26.2,26.4,26.2,26.2,26.3,26.2,26.2,26.3,26.2,26.4,26.4,26.2,26.2,26.3,26.2,26.2,26.4,26.3,26.4,26.4,26.6,26.6,26.6,26.9,26.8,26.7,26.9,26.8,27.0,26.9,26.8,26.8,26.9,27.0,26.8,26.8,27.1,27.0,27.1,26.9,27.1,26.9,26.9,27.0,27.0,27.1,26.9,27.0,26.8,26.8,27.1,26.9,26.9,26.8,26.9,26.9,26.9,26.8,26.8,26.8,26.8,26.9,26.7,26.9,26.8,26.8,26.8,27.1,26.8,26.7,26.9,26.8
173,27.9,27.8,27.9,27.8,27.9,27.8,27.8,27.9,27.9,27.9,28.0,28.0,27.8,28.0,28.1,28.0,27.8,28.0,28.0,27.9,27.9,27.9,27.9,28.0,27.9,28.0,28.0,28.1,28.2,28.3,28.3,28.5,28.2,28.1,27.5,27.6,27.2,27.1,27.1,27.2,27.1,26.9,27.2,27.0,27.2,27.2,27.0,27.1,27.1,27.1,27.2,27.4,27.8,28.0,28.3,28.4,28.4,28.2,27.8,27.5,27.0,26.9,26.7,26.6,26.6,26.8,26.7,26.7,26.7,26.8,26.9,26.7,26.8,27.1,26.9,27.0,27.0,27.1,27.0,27.0,27.0,27.3,27.4,27.6,27.6,27.4,27.4,27.1,27.0,27.0,27.2,27.0,27.0,26.9,26.9,26.8,26.9,26.8,26.9,27.0,26.9,27.0,26.9,26.7,26.8,26.6,26.4,26.5,26.4,26.6,26.6,26.4,26.5,26.5,26.5,26.4,26.5,26.4,26.5,26.4,26.4,26.4,26.4,26.4,26.4,26.4,26.3,26.2,26.2,26.4,26.3,26.2,26.2,26.2,26.1,26.3,26.4,26.4,26.5,26.6,26.6,26.7,26.6,26.8,26.6,26.9,26.9,26.8,26.9,26.9,26.9,27.0,27.0,27.0,26.9,27.0,27.1,27.1,27.1,27.0,26.9,27.2,27.1,27.0,27.0,26.9,26.8,27.0,27.1,27.0,27.1,26.7,27.0,26.9,26.9,27.0,27.1,27.1,26.9,26.9,27.0,26.9,26.9,27.1,26.9,26.8,26.9,27.0,26.9,26.8,26.9,26.7
174,27.8,27.9,27.9,27.9,27.8,27.9,27.9,27.9,27.8,27.9,27.8,28.0,27.9,28.0,28.0,27.9,27.9,27.8,27.9,28.0,28.0,27.8,28.0,28.0,28.0,28.0,28.0,28.4,28.6,28.8,28.8,28.7,28.4,28.1,27.8,27.3,27.1,27.1,26.9,27.0,27.1,27.1,26.9,27.0,27.0,26.9,26.9,26.9,27.1,27.3,27.2,27.4,27.6,28.0,28.6,28.9,28.8,28.5,28.2,27.8,27.1,27.0,26.8,26.7,26.7,26.6,26.8,26.7,26.8,26.8,26.7,26.6,26.7,26.9,26.9,26.9,26.9,26.9,26.9,27.0,27.1,27.1,27.3,27.3,27.4,27.3,27.1,27.2,26.9,27.0,27.0,26.9,27.0,27.1,26.8,26.8,26.8,26.8,26.9,26.9,27.0,27.0,26.8,26.8,26.6,26.6,26.5,26.4,26.4,26.4,26.5,26.3,26.5,26.4,26.4,26.4,26.4,26.3,26.4,26.3,26.5,26.4,26.4,26.4,26.3,26.4,26.5,26.2,26.4,26.5,26.4,26.4,26.3,26.2,26.1,26.3,26.4,26.3,26.4,26.4,26.5,26.7,26.6,26.8,26.9,26.8,26.8,26.9,27.1,26.9,26.9,26.9,27.1,27.0,26.9,26.8,27.0,27.0,27.2,26.9,27.0,27.0,27.0,26.9,27.0,26.9,26.9,26.9,27.1,26.9,26.9,26.9,27.0,27.0,27.1,26.9,26.8,27.0,26.9,26.9,26.9,27.0,26.8,27.0,26.9,26.8,26.9,26.8,26.9,26.9,26.7,26.8
175,27.8,27.7,27.8,28.0,27.8,27.9,27.9,27.9,27.8,28.0,27.8,27.9,27.9,28.0,28.0,28.1,28.0,27.9,28.0,28.0,27.8,28.1,28.0,27.9,28.0,27.9,28.2,28.4,28.8,29.1,29.0,28.9,28.4,28.1,27.4,27.0,26.9,26.9,26.8,26.8,26.8,26.9,27.0,26.8,26.9,26.9,27.0,26.9,26.9,26.9,27.2,27.3,27.7,28.0,28.5,28.8,29.0,28.8,28.5,27.7,27.2,27.0,26.8,26.7,26.7,26.8,26.7,26.8,26.7,26.6,26.7,26.7,26.6,26.8,26.8,26.8,26.9,26.9,26.8,27.0,26.9,27.2,26.9,27.3,27.1,27.0,27.0,26.9,26.9,27.0,27.0,27.0,26.9,27.0,26.7,26.9,26.9,26.6,26.8,26.7,26.8,26.9,26.7,26.7,26.7,26.6,26.6,26.6,26.4,26.4,26.4,26.4,26.5,26.5,26.4,26.4,26.5,26.4,26.3,26.4,26.4,26.4,26.4,26.5,26.4,26.4,26.4,26.5,26.4,26.5,26.6,26.6,26.5,26.2,26.4,26.2,26.4,26.3,26.5,26.4,26.6,26.6,26.7,26.7,26.6,26.8,26.6,26.8,26.9,27.0,26.9,26.9,26.9,27.1,26.9,26.9,26.8,26.9,27.1,27.0,27.2,27.1,26.9,27.0,27.1,27.1,27.0,27.1,27.0,27.0,26.9,27.0,26.9,26.9,26.9,26.9,26.9,26.9,26.9,26.9,26.7,26.8,27.1,26.8,26.9,26.8,26.9,26.9,26.9,27.0,26.8,26.7
176,27.8,27.8,28.0,27.8,27.8,27.9,28.0,27.8,27.9,27.9,28.0,27.8,27.8,28.1,27.9,28.0,28.0,28.0,28.0,28.0,27.9,28.0,28.0,28.0,27.9,28.1,28.1,28.6,28.6,28.9,29.0,28.7,28.5,27.9,27.2,27.0,26.8,26.7,26.8,26.6,26.9,26.8,26.8,26.8,26.8,26.8,26.7,26.7,26.9,26.9,26.8,27.2,27.4,28.1,28.8,29.0,29.1,29.0,28.6,27.9,27.3,27.0,26.7,26.8,26.8,26.8,26.7,26.6,26.7,26.8,26.7,26.5,26.6,26.7,26.8,26.9,27.0,26.9,27.1,26.9,26.9,27.0,27.1,27.1,27.2,27.1,27.1,26.9,27.0,27.0,27.0,27.0,27.1,26.9,26.9,26.9,26.9,26.7,27.0,26.8,26.9,26.6,26.9,26.9,27.1,27.1,26.8,26.6,26.4,26.6,26.4,26.5,26.3,26.2,26.4,26.4,26.4,26.5,26.4,26.4,26.5,26.5,26.5,26.3,26.5,26.5,26.4,26.5,26.5,26.8,26.8,26.7,26.8,26.5,26.4,26.2,26.5,26.6,26.6,26.4,26.6,26.6,26.6,26.6,26.6,26.9,26.8,27.0,27.0,27.0,26.7,27.0,27.0,26.9,26.9,26.9,27.0,27.1,27.1,27.0,27.1,27.1,26.9,26.9,27.1,27.0,27.0,27.0,26.9,27.0,26.9,26.8,26.9,26.8,26.9,26.8,26.9,26.9,26.9,26.9,26.8,26.8,26.8,26.9,27.0,26.9,26.9,27.0,26.8,26.8,27.1,26.9
177,27.7,27.9,27.9,27.6,27.6,27.9,27.7,27.9,28.0,27.9,27.9,27.8,28.1,27.9,28.0,28.0,28.0,28.0,28.0,28.0,28.0,28.1,27.9,27.9,28.0,28.2,28.2,28.4,28.8,29.1,29.0,29.0,28.5,27.9,27.4,26.9,26.9,26.8,26.6,26.8,26.8,26.7,26.8,26.7,26.8,26.9,26.6,26.7,26.8,26.9,26.9,27.1,27.5,28.0,28.6,28.9,29.1,29.3,28.7,28.0,27.4,27.0,26.8,26.9,26.7,26.8,26.8,26.9,26.8,26.8,26.8,26.7,26.8,26.7,26.9,26.7,26.8,27.0,26.9,26.9,26.8,27.1,27.0,27.3,27.1,27.2,26.9,27.0,27.0,26.9,26.9,26.9,27.0,27.1,27.0,26.9,26.9,26.9,26.9,26.7,26.6,26.8,26.8,27.1,27.3,27.2,26.9,26.8,26.6,26.5,26.6,26.4,26.6,26.4,26.4,26.5,26.3,26.4,26.4,26.5,26.3,26.6,26.5,26.7,26.6,26.6,26.7,26.6,26.7,26.8,26.8,26.8,26.8,26.7,26.5,26.5,26.4,26.4,26.4,26.5,26.5,26.7,26.5,26.7,26.9,26.6,26.8,27.1,26.7,27.0,26.9,27.0,26.9,27.0,26.9,26.9,27.1,27.1,27.0,27.0,26.9,26.9,27.1,27.1,27.1,26.9,27.0,27.0,27.0,27.1,27.1,26.9,27.0,27.0,27.0,27.0,27.0,26.9,26.9,26.9,26.8,27.0,26.9,26.8,26.7,26.8,26.8,27.0,26.9,26.8,27.0,26.9
178,27.8,27.9,27.8,27.8,28.0,27.8,28.0,28.0,27.9,27.8,27.9,28.0,28.0,27.9,27.9,27.9,27.9,27.9,28.0,27.9,28.0,27.9,28.0,27.8,27.8,28.1,28.2,28.4,28.8,29.2,29.0,28.9,28.3,27.9,27.1,26.7,26.6,26.9,26.6,26.6,26.6,26.6,26.7,26.6,26.7,26.8,26.6,26.9,26.6,26.9,26.9,27.0,27.3,27.8,28.5,29.0,29.4,29.3,28.7,28.0,27.2,26.9,26.7,26.6,26.9,26.9,26.5,26.8,26.8,26.8,26.9,27.0,27.1,27.1,27.0,26.8,26.8,26.9,27.0,27.0,27.0,27.1,27.1,27.2,27.2,27.2,27.0,27.1,27.1,27.1,27.2,27.1,27.3,27.1,27.0,26.9,27.1,26.9,27.1,26.9,26.8,26.7,26.8,27.0,27.1,27.2,27.2,26.9,26.9,26.6,26.7,26.6,26.6,26.5,26.5,26.4,26.5,26.4,26.7,26.7,26.8,26.8,26.8,26.8,26.9,26.9,26.8,26.8,26.8,27.1,27.1,27.3,27.3,26.9,26.6,26.5,26.3,26.4,26.4,26.4,26.3,26.6,26.4,26.7,26.8,26.7,26.7,27.0,27.0,27.0,27.1,26.9,26.9,26.9,27.0,26.9,26.9,27.1,26.9,27.0,27.1,27.1,27.0,26.8,27.0,26.9,26.9,26.9,26.9,26.9,26.8,26.7,26.8,26.9,26.9,26.8,27.0,27.0,27.1,26.9,26.9,26.9,27.1,26.9,26.8,26.9,26.8,26.8,26.8,26.8,26.9,27.0
179,27.9,27.9,27.9,27.7,27.9,27.9,27.9,27.9,28.0,28.0,28.2,28.0,27.9,28.2,28.2,28.1,28.1,28.0,28.2,28.0,28.0,28.0,28.2,28.2,27.9,28.1,28.2,28.5,28.7,29.1,29.1,28.8,28.5,27.8,27.2,26.9,26.9,26.7,26.8,26.7,26.6,26.8,26.8,26.7,26.6,26.6,26.6,26.7,26.8,26.8,26.8,27.0,27.6,27.9,28.7,29.3,29.6,29.4,28.9,28.1,27.6,26.9,26.9,26.8,26.8,26.8,26.8,26.8,26.9,27.0,27.2,27.1,27.3,27.3,27.4,27.3,27.2,27.2,27.0,27.1,27.4,27.4,27.5,27.5,27.6,27.5,27.3,27.5,27.5,27.6,27.7,27.8,27.7,27.8,27.4,27.2,27.3,27.2,27.3,27.0,26.6,26.9,27.0,27.1,27.2,27.3,27.3,27.3,27.3,27.2,27.2,27.1,26.9,26.9,26.9,26.7,26.8,26.8,27.1,27.1,27.2,27.2,27.2,27.3,27.6,27.4,27.5,27.4,27.4,27.6,27.7,27.8,27.8,27.5,26.9,26.7,26.6,26.4,26.5,26.6,26.6,26.6,26.6,26.6,26.6,26.7,26.7,26.9,26.8,27.0,27.1,26.9,27.0,26.9,27.0,26.8,27.0,27.1,27.2,27.0,27.0,27.0,27.0,26.9,27.1,27.1,27.0,27.0,27.1,27.0,27.0,26.9,26.9,26.9,27.1,27.0,27.0,27.0,27.0,26.8,26.8,26.9,27.0,26.9,27.0,26.9,26.9,26.9,26.7,27.0,26.9,26.9
180,27.9,27.8,27.8,27.8,28.0,27.8,27.8,28.0,27.9,27.9,28.0,27.9,28.0,28.1,27.9,27.9,27.9,28.1,28.1,27.9,27.9,28.0,28.1,27.9,27.9,28.1,28.3,28.5,28.9,29.1,29.2,28.9,28.6,27.8,27.1,26.9,26.6,26.8,26.6,26.8,26.9,26.7,26.7,26.6,26.7,26.7,26.7,26.7,26.7,26.8,26.9,27.0,27.4,27.9,28.6,29.3,29.8,29.4,28.8,28.1,27.5,27.0,26.8,26.7,26.9,26.7,26.8,26.9,27.2,27.2,27.7,27.6,27.6,27.7,27.5,27.6,27.6,27.6,27.6,27.8,27.7,27.7,27.9,27.9,28.1,28.1,27.8,28.1,28.3,28.5,28.6,28.5,28.3,28.2,27.9,27.7,27.4,27.3,27.1,26.9,26.9,26.8,26.9,27.0,27.2,27.3,27.3,27.6,27.6,27.5,27.3,27.4,27.3,27.1,27.0,26.8,26.8,26.9,27.2,27.4,27.6,27.5,27.6,28.0,28.6,28.2,28.0,28.0,28.2,28.1,28.2,28.1,27.8,27.7,27.0,26.7,26.6,26.4,26.3,26.4,26.5,26.5,26.6,26.5,26.6,26.8,26.7,26.7,26.9,26.9,26.9,26.9,27.0,26.9,26.9,26.8,26.9,27.0,27.1,27.0,26.9,27.0,27.1,27.0,26.9,27.0,27.0,26.9,27.0,26.9,27.0,26.9,27.0,26.9,26.9,27.0,26.8,26.9,26.9,27.0,26.9,26.9,26.8,26.7,26.9,26.8,26.9,26.9,27.0,26.8,26.8,26.8
181,27.7,27.8,27.9,27.9,28.0,27.8,27.7,27.9,27.9,28.0,28.0,28.0,27.8,28.1,28.0,28.0,28.0,27.7,28.1,27.9,28.0,27.9,28.0,28.0,28.0,28.0,28.2,28.4,28.7,29.1,29.1,28.8,28.5,27.8,27.1,26.9,26.6,26.9,26.8,26.8,26.6,26.6,26.6,26.6,26.6,26.8,26.8,26.6,26.7,26.6,26.7,26.9,27.5,27.8,28.7,29.4,29.8,29.4,28.8,28.0,27.4,27.1,26.8,26.7,26.7,26.8,27.0,26.9,27.1,27.3,27.6,27.8,27.7,27.8,27.6,27.9,27.8,27.8,27.8,27.9,27.8,28.0,28.2,28.3,28.2,28.3,28.3,28.6,28.6,28.8,29.0,28.8,28.7,28.4,28.0,27.8,27.6,27.2,26.9,26.9,26.8,26.7,26.8,26.7,27.0,27.2,27.7,27.7,27.6,27.6,27.4,27.5,27.3,27.0,26.9,26.7,26.9,26.9,27.1,27.2,27.5,27.7,28.2,29.0,29.1,28.4,28.4,28.3,28.4,28.6,28.5,28.5,28.3,27.8,27.3,26.9,26.7,26.5,26.3,26.5,26.4,26.5,26.4,26.6,26.7,26.7,26.7,26.8,26.8,26.8,26.9,26.9,26.8,26.9,26.9,27.0,26.9,26.9,27.0,26.9,27.0,26.9,26.9,26.9,26.9,27.0,27.0,26.9,27.1,26.9,26.6,26.8,26.9,26.8,26.9,26.6,26.8,26.9,26.9,26.9,27.0,26.8,27.0,26.9,26.9,26.9,26.9,26.9,26.8,26.8,26.8,26.8
182,27.9,27.9,27.9,27.7,27.9,27.8,27.8,27.9,28.0,28.1,27.9,27.9,27.8,27.9,27.9,28.0,28.0,28.0,28.0,27.9,27.9,28.0,28.2,27.9,27.9,28.2,28.0,28.6,28.6,29.0,29.2,28.7,28.6,27.8,27.3,26.7,26.8,26.6,26.6,26.7,26.6,26.6,26.4,26.6,26.7,26.7,26.7,26.7,26.6,26.7,26.8,27.1,27.3,27.8,28.7,29.8,30.0,29.6,28.7,28.0,27.4,27.2,27.0,26.9,26.7,26.9,26.9,27.0,27.3,27.4,27.8,28.0,27.7,27.6,27.8,27.9,27.9,28.0,27.9,28.3,28.2,28.2,28.4,28.7,28.5,28.6,28.7,28.7,29.0,29.0,29.0,29.1,28.9,28.4,28.2,28.0,27.7,27.3,27.0,26.7,26.8,26.6,26.7,26.9,27.0,27.3,27.8,27.8,27.8,27.8,27.6,27.5,27.2,27.1,26.9,26.8,26.9,27.1,27.0,27.4,27.9,28.2,28.8,29.5,29.2,29.0,28.8,28.8,28.7,28.8,28.9,28.8,28.7,27.9,27.4,27.1,26.7,26.4,26.4,26.4,26.5,26.5,26.6,26.7,26.6,26.7,26.7,26.6,26.9,26.9,26.9,26.9,26.9,26.8,27.0,27.0,27.0,27.0,26.9,26.9,27.1,27.1,26.8,27.0,27.0,27.0,26.9,26.9,27.0,26.9,26.9,27.1,26.9,26.7,26.9,27.0,26.9,26.9,26.9,26.9,26.8,26.9,26.9,26.9,26.9,26.9,26.7,26.9,26.9,26.8,27.0,26.8
183,27.7,27.8,27.8,27.8,27.9,27.9,27.9,27.9,27.8,27.8,28.0,27.8,27.9,27.9,27.8,27.9,27.9,28.0,28.0,28.0,28.0,28.0,27.8,27.8,27.9,27.9,28.2,28.5,28.7,29.2,29.2,28.9,28.5,27.9,27.1,26.8,26.6,26.5,26.5,26.6,26.5,26.6,26.6,26.6,26.5,26.6,26.6,26.7,26.9,26.6,26.7,27.0,27.3,27.7,28.5,29.8,30.0,29.4,28.6,27.9,27.5,27.1,27.0,26.8,26.8,26.7,26.7,27.2,27.5,27.7,27.8,27.9,27.6,27.6,27.7,27.8,27.8,27.9,28.2,28.1,28.3,28.4,28.5,28.4,28.7,28.8,28.6,28.8,28.9,29.0,29.0,29.0,28.6,28.6,28.0,27.8,27.5,27.1,26.8,26.6,26.6,26.6,26.7,26.7,26.8,27.0,27.6,27.8,27.9,27.9,27.6,27.2,27.2,27.1,26.8,26.8,26.9,26.9,26.9,27.4,27.9,28.5,29.0,29.7,29.3,29.1,29.1,29.0,29.0,29.1,29.0,28.9,28.8,28.3,27.5,27.0,26.7,26.5,26.5,26.3,26.6,26.4,26.4,26.6,26.5,26.5,26.8,26.8,26.8,26.7,26.8,26.9,26.9,27.0,26.8,26.9,26.9,27.1,26.9,26.9,26.8,26.9,27.0,26.9,27.1,26.8,27.1,26.8,27.1,26.9,26.9,26.9,26.9,26.9,26.9,26.9,26.9,26.9,26.9,27.0,26.9,26.9,26.8,26.9,26.9,26.7,26.9,26.7,26.9,26.7,26.7,26.9
184,27.7,27.8,27.8,27.9,27.8,27.7,27.8,27.9,27.9,27.9,28.0,27.9,27.9,27.9,27.9,28.0,28.0,28.0,27.9,28.0,27.9,28.0,27.9,27.9,28.0,27.9,28.3,28.4,28.9,29.2,29.0,28.9,28.4,28.0,27.3,26.9,26.9,26.6,26.7,26.7,26.7,26.6,26.8,26.9,26.7,26.8,26.6,26.7,26.6,26.8,26.9,27.0,27.4,27.8,28.8,30.0,30.2,29.6,28.7,27.9,27.7,27.5,27.1,27.1,26.8,26.9,27.0,27.1,27.6,27.6,28.0,27.8,27.8,27.4,27.4,27.8,27.6,27.9,28.0,28.3,28.4,28.4,28.4,28.6,28.7,28.7,28.6,28.7,28.7,28.8,28.8,28.8,28.4,28.6,27.9,27.7,27.4,27.1,26.9,26.6,26.7,26.5,26.7,26.6,26.6,26.9,27.4,27.8,27.9,27.6,27.5,27.2,27.0,26.9,26.9,26.8,26.9,26.8,27.1,27.5,28.1,28.8,29.4,30.0,29.5,29.3,29.2,29.1,29.1,29.0,29.2,29.0,28.8,28.1,27.6,26.9,26.8,26.6,26.5,26.4,26.6,26.4,26.6,26.6,26.6,26.7,26.6,26.6,26.7,26.8,26.9,27.0,26.9,26.9,26.9,27.1,26.9,26.9,26.9,27.0,26.9,26.9,27.1,26.9,27.1,26.9,27.1,27.1,27.0,26.9,26.9,26.8,26.9,26.9,26.8,26.8,26.9,27.0,26.8,26.9,26.9,26.9,26.9,27.1,26.8,26.8,26.7,26.8,26.7,26.8,26.8,26.9
185,27.6,27.8,27.9,27.7,27.8,27.8,27.8,28.0,27.8,28.0,27.9,27.9,27.9,27.9,28.0,28.1,28.0,28.1,28.0,28.0,27.8,28.1,27.8,27.9,27.9,28.2,28.2,28.6,28.8,29.1,29.3,28.9,28.6,28.0,27.5,27.0,26.9,26.6,26.7,26.7,26.6,26.7,26.8,26.7,26.9,26.7,26.9,26.7,26.8,26.7,26.9,27.0,27.5,27.9,28.9,30.2,30.6,29.6,28.8,28.0,27.7,27.2,27.1,27.1,27.1,27.0,26.9,27.1,27.6,27.7,28.1,28.1,27.8,27.6,27.5,27.5,27.6,27.7,27.9,28.2,28.2,28.3,28.2,28.4,28.5,28.5,28.5,28.5,28.6,28.6,28.5,28.5,28.4,28.1,27.8,27.6,27.4,27.0,26.8,26.6,26.7,26.5,26.6,26.6,26.6,27.0,27.2,27.6,27.6,27.5,27.4,27.0,27.0,26.9,26.8,26.7,26.9,26.9,27.0,27.6,28.4,29.4,29.7,29.5,29.3,29.3,29.2,29.1,29.2,29.2,29.2,29.1,28.9,28.4,27.6,27.0,26.6,26.5,26.6,26.4,26.4,26.4,26.4,26.7,26.6,26.8,26.5,26.6,26.8,26.9,26.9,27.0,27.0,26.9,27.1,26.9,26.9,26.9,27.1,27.0,26.9,26.9,26.9,26.7,27.0,26.9,27.0,27.0,27.1,26.9,27.1,26.9,27.0,26.8,26.9,27.1,26.7,26.9,26.8,26.9,27.0,27.0,26.8,27.0,26.9,26.9,26.9,26.7,26.9,26.8,26.8,26.8
186,27.6,27.6,27.8,27.7,28.0,27.8,27.8,27.9,27.8,28.0,28.0,28.0,28.0,28.0,28.0,28.1,27.9,28.1,28.0,27.9,28.0,28.0,27.9,28.0,27.8,28.0,28.2,28.3,28.7,29.1,29.1,28.9,28.4,27.9,27.3,26.9,26.7,26.9,26.7,26.8,26.7,26.7,26.8,26.7,26.8,26.7,26.6,26.7,26.7,26.8,26.9,27.1,27.3,27.8,28.9,30.4,30.6,29.6,28.8,28.1,27.6,27.2,27.0,27.0,27.0,26.9,27.0,27.1,27.7,27.8,28.0,28.3,27.9,27.7,27.5,27.6,27.5,27.6,27.6,27.7,27.9,27.9,28.0,28.1,28.3,28.1,28.4,28.2,28.3,28.1,28.0,27.9,27.8,27.7,27.3,27.5,27.2,26.9,26.6,26.6,26.4,26.6,26.4,26.4,26.6,26.8,27.1,27.5,27.5,27.3,27.1,27.2,26.9,27.0,26.8,26.9,26.9,27.1,27.2,27.5,28.6,29.5,29.8,29.4,29.5,29.4,29.2,29.2,29.2,29.2,29.2,29.1,28.9,28.2,27.7,27.1,26.7,26.5,26.4,26.4,26.5,26.4,26.6,26.6,26.7,26.8,26.6,26.9,26.7,26.9,26.9,27.0,26.9,27.0,27.1,27.0,27.2,27.2,26.9,26.8,26.9,26.9,27.1,27.1,27.0,26.9,26.9,27.1,27.1,27.0,26.8,26.8,26.9,27.0,26.9,26.9,26.9,26.9,26.9,26.9,26.9,26.9,26.9,27.1,27.0,26.9,26.9,26.9,27.1,26.7,26.6,26.9
187,27.9,27.9,27.9,27.8,28.0,27.8,28.0,28.0,28.1,27.9,28.0,28.0,28.0,28.1,28.1,28.0,27.9,27.9,28.0,27.9,28.0,27.9,28.1,28.0,27.9,28.0,28.2,28.6,28.7,29.0,29.2,29.0,28.6,28.0,27.3,26.9,26.9,26.7,26.7,26.9,26.7,26.8,26.8,26.8,26.6,26.9,26.7,26.6,26.7,26.8,26.9,27.1,27.4,27.8,29.0,30.2,31.0,29.8,28.9,28.0,27.5,27.0,27.0,26.9,26.9,26.9,26.9,27.0,27.4,27.8,28.2,28.3,28.0,27.6,27.5,27.4,27.5,27.5,27.6,27.6,27.6,27.5,27.7,27.9,27.9,27.8,27.8,28.0,27.8,27.8,27.7,27.5,27.5,27.4,27.5,27.3,27.1,27.1,26.8,26.7,26.6,26.5,26.6,26.5,26.9,27.0,27.3,27.7,27.5,27.3,27.1,27.1,26.9,26.9,27.0,26.8,27.1,27.3,27.6,27.9,28.6,29.6,29.7,29.4,29.2,29.1,29.3,29.1,29.1,29.2,29.1,29.2,28.9,28.2,27.6,27.2,26.8,26.6,26.5,26.4,26.5,26.5,26.7,26.6,26.6,26.8,26.8,26.7,26.9,26.8,26.8,27.1,27.0,26.9,26.8,26.8,27.0,26.9,27.0,27.1,27.0,26.8,27.2,27.1,27.1,26.9,27.0,26.7,27.0,27.0,26.9,27.1,26.9,26.9,26.9,26.7,26.9,26.9,27.0,27.0,27.0,26.9,26.7,26.9,26.9,27.0,26.7,26.8,26.8,26.8,26.9,26.9
188,27.7,27.8,27.7,27.8,27.6,27.9,27.8,27.9,27.9,28.0,27.8,28.0,28.0,28.0,28.2,27.9,27.9,27.8,28.0,27.9,28.0,28.0,28.0,28.0,28.0,28.0,28.2,28.5,28.7,29.0,29.2,29.1,28.6,28.1,27.5,27.1,26.7,26.8,26.6,26.7,26.6,26.6,26.7,26.7,26.7,26.6,26.7,26.8,26.7,26.6,26.8,27.1,27.4,27.8,28.9,30.2,31.0,30.1,28.9,28.2,27.7,27.1,27.0,26.7,26.9,26.8,26.9,27.1,27.5,27.9,28.2,28.5,28.1,28.0,27.5,27.5,27.4,27.3,27.4,27.3,27.4,27.4,27.5,27.6,27.4,27.6,27.5,27.4,27.4,27.3,27.3,27.2,27.2,27.2,27.2,27.2,27.3,27.0,26.8,26.7,26.5,26.5,26.5,26.7,26.9,27.1,27.3,27.4,27.5,27.3,27.1,26.9,26.9,27.0,27.1,27.1,27.3,27.6,27.9,28.0,28.8,29.5,29.4,29.3,29.3,29.3,29.2,29.3,29.3,29.4,29.2,29.2,29.0,28.4,27.8,27.1,26.7,26.5,26.5,26.5,26.6,26.7,26.7,26.7,26.8,26.7,26.7,26.7,27.0,26.8,26.8,27.0,27.0,26.9,26.8,27.0,26.9,26.9,27.0,26.9,26.8,26.9,26.9,26.8,27.0,27.1,27.0,27.0,27.1,26.9,26.9,27.0,26.9,27.0,27.0,27.0,26.9,26.7,26.8,26.9,26.8,26.9,26.9,26.9,26.9,26.8,26.8,26.9,26.9,26.9,26.9,26.8
189,27.7,27.8,27.9,27.8,28.0,27.8,27.9,27.8,27.9,27.8,27.8,28.0,27.9,28.0,28.0,28.0,27.8,27.9,28.0,27.9,27.9,28.0,27.8,27.9,27.8,28.0,28.2,28.5,28.7,29.1,29.0,28.9,28.5,28.1,27.4,27.1,26.8,26.9,26.6,26.6,26.8,26.8,26.7,26.7,26.7,26.6,26.6,26.8,26.8,26.8,26.6,27.0,27.3,28.0,28.8,30.1,31.0,30.4,29.1,28.2,27.5,27.1,26.8,26.8,26.6,26.9,26.9,27.0,27.6,28.0,28.3,28.6,28.2,28.1,27.9,27.5,27.7,27.4,27.3,27.2,27.3,27.3,27.3,27.1,27.2,27.2,27.1,27.3,27.2,27.0,27.1,27.1,27.0,27.1,27.3,27.3,27.4,27.1,26.9,26.7,26.7,26.4,26.7,26.7,27.0,27.3,27.6,27.7,27.6,27.3,27.1,27.0,27.1,27.1,27.3,27.3,27.6,28.0,28.1,28.3,28.8,29.3,29.4,29.3,29.2,29.2,29.2,29.2,29.2,29.3,29.2,29.2,28.9,28.4,27.5,26.9,26.7,26.5,26.5,26.4,26.4,26.6,26.6,26.7,26.6,26.7,26.6,26.7,26.8,26.8,26.9,27.0,26.8,26.9,26.9,27.0,26.9,26.9,27.1,26.9,26.9,26.9,26.9,26.8,27.0,27.0,27.1,26.9,26.9,27.0,27.1,27.0,26.9,27.0,26.7,26.9,27.0,26.9,26.8,26.9,26.9,26.9,26.9,27.1,26.7,27.0,27.0,26.9,27.0,27.0,27.0,26.8
190,27.8,27.7,27.8,27.7,27.8,27.9,27.9,27.7,27.8,27.8,28.0,28.0,28.0,28.0,27.9,27.9,27.9,28.1,28.0,28.0,28.0,28.0,28.1,28.1,27.9,27.9,28.2,28.3,28.6,29.0,29.2,29.0,28.4,28.2,27.3,27.1,26.8,26.8,26.7,27.0,26.7,26.7,26.7,26.6,26.6,26.8,26.8,26.8,26.7,26.7,26.8,27.0,27.3,27.8,28.8,29.9,30.5,30.6,29.4,28.4,27.6,27.1,26.9,26.7,26.7,26.8,26.9,27.1,27.5,27.7,28.5,28.7,28.5,28.3,28.0,27.9,27.6,27.4,27.3,27.4,27.2,27.1,27.2,27.0,27.1,27.2,27.0,27.0,26.9,26.9,26.8,26.8,26.9,27.0,27.0,27.3,27.3,27.2,26.9,26.7,26.7,26.6,26.5,26.7,26.9,27.2,27.5,27.7,27.6,27.3,27.1,27.1,27.1,27.4,27.3,27.8,27.8,28.0,28.3,28.4,29.0,29.2,29.3,29.4,29.2,29.3,29.3,29.2,29.2,29.4,29.3,29.0,29.0,28.4,27.6,27.1,26.6,26.3,26.4,26.4,26.4,26.4,26.5,26.5,26.6,26.7,26.6,26.7,26.6,26.7,26.8,26.9,26.9,27.0,27.0,26.9,26.9,27.0,27.0,27.0,26.8,26.7,26.8,26.8,26.8,26.9,26.9,27.0,26.9,26.9,27.0,26.9,26.9,26.8,27.0,26.8,26.8,26.8,26.8,26.9,26.9,26.9,26.9,26.9,26.8,26.8,26.6,26.8,26.9,26.9,26.8,26.9
191,27.6,27.7,27.8,27.7,27.8,27.9,27.9,27.8,27.8,27.8,27.8,27.9,27.8,27.9,28.0,28.1,28.0,28.1,27.9,28.0,27.9,27.9,28.0,28.0,27.9,28.0,28.1,28.1,28.6,29.1,29.2,29.1,28.6,28.2,27.4,26.7,26.7,26.7,26.7,26.7,26.8,26.7,26.6,26.6,26.8,26.8,26.7,26.7,26.9,26.8,26.8,27.0,27.4,27.7,28.5,29.7,30.4,30.5,29.6,28.6,27.7,27.2,27.1,26.7,26.9,26.7,26.6,27.1,27.6,28.1,28.4,28.8,28.8,28.6,28.4,28.0,27.8,27.8,27.6,27.4,27.3,27.4,27.2,27.0,27.1,27.0,27.0,26.9,27.0,26.8,26.7,26.7,26.6,27.1,26.9,27.3,27.3,27.3,27.0,26.7,26.7,26.5,26.6,26.7,27.0,27.1,27.3,27.5,27.5,27.3,27.2,27.3,27.4,27.6,27.9,28.0,28.4,28.3,28.6,28.8,29.1,29.2,29.2,29.3,29.3,29.2,29.4,29.3,29.4,29.3,29.3,29.0,28.9,28.4,27.6,27.0,26.7,26.4,26.4,26.4,26.5,26.4,26.4,26.7,26.5,26.6,26.7,26.8,26.7,26.7,26.8,26.8,26.9,27.0,26.8,26.9,27.0,27.0,27.0,27.1,26.9,26.8,26.9,26.9,27.0,26.8,26.9,26.9,27.0,26.9,26.9,26.8,26.8,26.9,26.8,26.9,26.9,26.9,27.0,27.0,26.7,26.8,26.9,27.1,27.0,27.1,26.8,26.7,26.9,26.8,26.7,26.9
192,27.7,27.7,27.7,27.9,27.9,27.8,27.8,27.8,27.9,28.0,27.9,27.8,28.0,27.9,27.8,27.9,28.0,28.0,27.9,27.9,28.1,27.8,28.0,28.0,27.9,28.0,28.0,28.4,28.9,28.9,29.3,29.0,28.6,28.2,27.4,27.0,27.0,26.8,26.8,26.6,26.6,26.7,26.8,26.7,26.8,26.6,26.6,26.7,26.7,26.9,26.8,27.1,27.2,27.9,28.5,29.3,30.0,30.2,29.5,28.7,27.8,27.1,26.9,26.8,26.7,26.8,27.0,27.2,27.7,27.8,28.4,28.7,28.9,28.9,28.6,28.3,28.1,28.0,27.6,27.6,27.4,27.3,27.1,27.1,27.1,26.9,27.0,27.0,26.8,26.9,26.8,26.7,26.8,26.9,27.0,27.3,27.3,27.3,26.9,26.6,26.8,26.6,26.6,26.7,26.9,27.2,27.4,27.5,27.5,27.6,27.6,27.7,27.7,27.9,28.2,28.2,28.3,28.6,28.8,29.0,29.0,29.1,29.2,29.3,29.4,29.4,29.3,29.2,29.3,29.3,29.1,29.1,29.0,28.5,27.7,27.0,26.7,26.3,26.4,26.2,26.4,26.6,26.6,26.6,26.6,26.6,26.7,26.9,26.8,26.8,26.8,26.9,26.9,26.9,26.9,27.0,26.8,26.9,27.1,26.9,27.0,26.8,26.8,26.8,27.0,27.1,26.9,27.0,26.8,26.8,26.9,26.9,26.9,26.9,26.9,26.8,26.9,26.8,26.9,26.9,27.0,27.0,26.9,27.0,27.1,27.0,27.0,26.9,26.8,26.9,27.0,26.7
193,27.7,27.7,27.7,27.7,27.7,27.8,27.9,27.8,27.8,27.9,27.8,27.9,27.8,27.7,27.9,27.9,27.8,27.8,27.9,28.0,27.8,28.0,27.9,28.0,27.9,28.0,28.1,28.4,28.5,29.0,29.3,29.0,28.7,28.3,27.3,27.1,26.8,26.9,26.6,26.7,26.6,26.7,26.7,26.7,26.8,26.7,26.6,26.8,26.9,26.9,26.7,27.0,27.3,27.7,28.4,29.2,29.7,29.8,29.6,29.0,27.9,27.5,26.9,26.8,26.8,26.9,26.9,27.2,27.6,28.0,28.6,28.9,29.0,29.0,28.8,28.6,28.5,28.2,27.8,27.5,27.3,27.4,27.3,27.1,27.2,26.9,26.9,26.9,26.7,26.7,26.8,26.7,26.8,27.0,26.9,27.3,27.4,27.3,27.1,26.9,26.8,26.6,26.4,26.6,26.7,26.9,27.1,27.5,27.6,27.6,27.8,27.8,28.0,28.2,28.2,28.5,28.6,28.7,28.9,29.1,29.1,29.2,29.2,29.4,29.2,29.4,29.3,29.2,29.3,29.4,29.2,29.3,29.2,28.5,27.7,27.0,26.7,26.6,26.4,26.4,26.7,26.5,26.6,26.6,26.6,26.8,26.6,26.6,26.8,26.9,26.8,27.1,27.1,26.8,26.9,26.9,26.9,26.9,26.9,27.2,27.0,27.0,26.9,27.1,27.2,26.8,27.1,27.0,26.9,26.9,27.1,27.0,26.9,26.9,26.6,26.9,26.9,27.0,26.9,26.7,26.7,26.8,27.0,27.0,27.0,26.9,26.9,27.0,26.9,26.8,26.9,26.8
194,27.7,27.6,27.9,27.7,27.8,27.9,27.8,27.9,28.0,27.9,27.9,27.9,27.8,27.9,27.9,27.9,27.9,27.9,27.8,28.0,28.0,28.0,28.0,28.0,28.0,28.1,28.1,28.3,28.7,29.0,29.2,29.0,28.8,28.2,27.4,27.1,27.0,26.8,26.7,26.7,26.9,26.7,26.8,26.7,26.7,26.9,26.9,26.9,26.9,26.8,26.8,26.9,27.3,27.8,28.4,29.0,29.5,29.8,29.6,29.1,28.1,27.3,26.9,27.0,27.0,27.0,27.0,27.2,27.5,28.0,28.7,29.1,29.1,29.1,29.2,29.1,28.6,28.4,28.2,27.8,27.6,27.6,27.3,27.4,27.2,27.1,27.0,26.9,26.9,26.9,26.7,26.8,26.8,26.9,27.0,27.3,27.4,27.2,27.1,26.9,26.8,26.7,26.6,26.7,26.6,26.8,27.2,27.6,27.9,27.9,28.0,28.1,28.4,28.3,28.5,28.7,28.8,28.9,29.0,29.0,29.3,29.2,29.4,29.4,29.3,29.3,29.4,29.4,29.5,29.3,29.3,29.4,29.1,28.5,27.6,26.9,26.6,26.4,26.4,26.3,26.3,26.5,26.6,26.6,26.6,26.7,26.7,26.6,26.7,26.6,26.9,26.9,26.9,26.8,27.0,26.9,26.8,26.9,26.9,26.9,26.9,27.1,26.9,26.9,27.0,26.9,27.0,26.9,27.0,26.9,27.0,26.8,26.9,27.0,26.9,27.0,26.8,26.9,26.9,26.9,26.7,26.9,26.8,27.0,26.9,26.8,26.9,27.0,26.9,26.9,26.8,26.9
195,27.6,27.8,27.8,27.7,27.6,27.8,27.6,27.8,27.8,27.8,27.8,27.8,27.9,27.9,27.8,27.9,27.9,28.0,28.1,28.0,27.9,27.9,28.0,27.9,28.0,27.9,28.0,28.2,28.6,29.0,29.2,29.2,28.7,28.2,27.5,27.1,26.8,26.6,26.8,26.7,26.8,26.9,26.6,26.8,26.9,26.9,26.6,26.8,26.6,26.7,26.9,27.0,27.2,27.7,28.4,29.0,29.3,29.7,29.4,29.0,28.1,27.5,26.9,26.8,26.8,27.0,27.1,27.3,27.6,28.1,28.7,29.0,29.2,29.2,29.1,29.2,29.1,28.7,28.3,28.1,27.7,27.5,27.5,27.2,27.2,27.0,26.9,27.0,26.7,26.7,26.7,26.7,26.8,26.8,27.1,27.3,27.3,27.2,27.0,26.9,26.8,26.6,26.7,26.5,26.7,26.9,27.1,27.5,27.9,28.0,28.0,28.4,28.6,28.6,28.7,28.8,29.0,29.1,29.1,29.2,29.3,29.2,29.1,29.4,29.2,29.4,29.2,29.3,29.5,29.3,29.2,29.4,29.0,28.5,27.8,27.0,26.6,26.4,26.4,26.3,26.4,26.3,26.6,26.5,26.6,26.6,26.7,26.8,26.8,26.8,26.8,26.9,26.9,26.8,26.8,26.8,26.9,27.0,26.8,26.9,27.1,26.9,26.8,26.9,26.9,26.7,26.9,26.8,27.0,26.8,26.7,26.9,26.8,26.9,27.0,26.8,26.8,26.6,26.9,26.8,26.8,26.9,26.8,27.0,26.8,26.9,26.7,27.0,26.9,26.9,27.0,26.8
196,27.7,27.8,27.7,27.7,27.7,27.8,27.8,27.9,27.9,27.8,27.8,28.0,27.9,27.9,27.8,27.8,27.8,27.8,27.9,28.0,28.1,27.9,28.0,28.1,27.9,28.0,28.1,28.1,28.3,29.0,29.2,29.0,28.7,28.1,27.6,26.9,26.9,26.9,26.7,26.7,26.9,26.9,26.8,26.8,26.8,26.8,26.9,26.8,26.8,26.8,26.8,26.9,27.2,27.7,28.3,28.9,29.2,29.3,29.2,29.0,28.0,27.3,27.1,26.9,26.8,26.9,27.1,27.0,27.5,28.1,28.7,29.2,29.4,29.3,29.1,29.1,29.2,29.1,28.8,28.5,27.9,27.7,27.4,27.2,27.3,27.2,26.9,27.0,26.9,27.1,26.9,26.9,26.9,27.1,27.5,27.6,27.5,27.2,26.9,26.8,26.7,26.7,26.8,26.6,26.7,26.8,27.1,27.5,28.0,28.2,28.2,28.4,28.4,28.6,28.7,28.9,29.0,29.0,29.3,29.3,29.4,29.4,29.3,29.3,29.4,29.4,29.4,29.2,29.3,29.3,29.2,29.3,29.2,28.5,27.6,27.1,26.8,26.3,26.1,26.3,26.3,26.5,26.4,26.6,26.4,26.6,26.7,26.9,26.9,26.9,26.8,26.8,26.9,26.9,26.7,26.8,26.7,27.1,26.9,27.0,26.9,26.9,26.9,27.0,26.9,26.9,26.8,26.9,27.1,27.0,26.9,26.9,26.9,26.9,26.9,26.8,26.9,26.8,26.9,26.7,26.9,26.8,26.8,26.9,26.9,26.7,26.7,26.7,26.9,26.8,26.8,26.9
197,27.6,27.6,27.6,27.8,27.6,27.8,27.8,27.7,27.8,28.0,28.0,27.9,27.7,28.0,27.8,27.9,27.9,28.0,27.9,28.0,27.9,28.0,28.0,28.0,27.9,28.0,28.0,28.2,28.5,28.9,29.2,29.0,28.8,28.3,27.7,27.0,26.9,26.9,26.7,26.8,26.9,26.9,26.9,26.9,26.6,26.9,26.8,26.7,26.9,26.7,26.9,26.9,27.2,27.6,28.2,28.8,29.2,29.2,29.1,28.9,28.0,27.2,26.9,26.7,26.9,26.9,27.0,27.2,27.6,27.9,28.8,29.1,29.4,29.4,29.4,29.2,29.3,29.1,28.9,28.6,28.3,27.8,27.6,27.4,27.5,27.4,27.5,27.3,27.4,27.6,27.3,27.5,27.4,27.6,27.8,27.9,27.4,27.2,26.9,26.6,26.8,26.7,26.6,26.7,26.5,26.8,27.2,27.7,28.1,28.4,28.6,28.6,28.6,28.6,28.8,28.9,29.0,29.3,29.3,29.4,29.5,29.3,29.4,29.4,29.5,29.5,29.6,29.3,29.4,29.6,29.4,29.4,29.1,28.4,27.8,27.1,26.7,26.6,26.4,26.6,26.4,26.4,26.5,26.6,26.6,26.6,26.9,26.8,26.8,26.9,26.8,26.9,26.9,26.9,26.9,26.9,26.9,27.0,27.0,27.0,26.9,26.9,27.1,27.1,27.1,27.0,26.9,26.9,27.1,26.9,27.0,27.1,26.7,26.9,26.9,27.1,26.9,26.9,27.0,26.8,26.8,26.6,26.9,26.9,26.9,27.0,26.8,26.9,26.9,26.8,27.0,26.8
198,27.7,27.7,27.8,27.8,27.6,27.8,27.9,27.8,27.8,27.9,27.7,28.0,27.9,27.7,27.9,28.0,28.0,27.9,27.9,27.7,27.8,27.8,28.0,28.0,27.9,27.8,28.1,28.2,28.5,28.8,29.0,29.0,28.7,28.3,27.7,27.2,27.0,26.6,26.7,26.8,26.8,26.7,26.6,26.8,26.8,26.9,26.8,26.7,26.7,26.7,26.8,27.0,27.2,27.6,28.3,29.0,29.1,29.2,28.9,28.8,28.0,27.4,27.0,27.1,26.9,26.9,27.1,27.1,27.6,27.9,28.7,29.2,29.4,29.4,29.2,29.1,29.2,29.2,28.9,28.9,28.3,28.2,27.6,27.5,27.8,27.8,27.8,27.9,27.8,27.8,27.8,27.8,27.8,28.0,28.0,28.0,27.6,27.1,26.8,26.8,26.6,26.6,26.6,26.5,26.5,26.8,27.2,27.8,28.2,28.5,28.5,28.7,28.6,28.7,28.9,28.9,29.0,29.3,29.4,29.3,29.5,29.5,29.3,29.3,29.5,29.4,29.4,29.4,29.4,29.5,29.5,29.4,29.0,28.5,27.8,27.1,26.6,26.4,26.4,26.4,26.5,26.6,26.6,26.7,26.6,26.7,26.8,26.8,26.7,26.7,27.0,26.8,26.7,26.7,26.8,26.9,26.9,26.9,26.9,26.9,26.8,27.0,26.8,27.1,27.0,26.9,26.8,26.9,27.0,26.9,26.8,26.8,27.0,26.9,26.9,27.0,26.9,26.8,27.0,26.8,26.9,26.9,26.9,26.9,26.6,27.0,26.8,26.9,26.9,26.7,26.8,26.9
199,27.8,27.8,27.8,27.6,27.8,27.9,27.7,27.8,27.8,27.6,27.7,27.6,27.8,27.7,27.8,28.0,27.9,27.9,27.9,27.9,27.8,27.9,27.8,28.0,27.9,27.9,28.0,28.2,28.5,28.8,29.2,29.2,28.8,28.4,27.6,27.1,26.9,26.8,26.6,26.8,26.8,27.0,26.8,26.7,26.9,26.9,26.7,26.6,26.8,26.8,26.8,26.9,27.1,27.4,28.2,29.0,29.2,29.1,28.9,28.6,28.0,27.4,27.2,26.8,26.9,26.8,27.0,27.0,27.5,28.0,28.6,29.2,29.4,29.4,29.2,29.2,28.9,29.0,29.0,28.9,28.6,28.4,27.9,27.8,28.0,28.2,28.1,27.9,27.8,27.7,27.8,27.7,27.7,28.2,28.2,28.0,27.6,27.2,26.9,26.6,26.6,26.5,26.4,26.4,26.7,26.8,27.2,27.8,28.2,28.4,28.5,28.6,28.7,28.6,28.8,28.8,29.1,29.1,29.2,29.2,29.4,29.6,29.4,29.4,29.4,29.4,29.4,29.5,29.4,29.5,29.4,29.0,29.0,28.5,27.8,27.1,26.6,26.6,26.4,26.3,26.4,26.4,26.5,26.5,26.4,26.6,26.7,26.8,26.6,26.6,26.8,26.7,26.7,26.9,26.9,27.0,26.7,26.9,26.9,26.9,26.8,26.8,26.7,26.7,26.9,26.8,26.9,26.7,26.9,27.1,26.8,26.8,26.9,26.8,26.9,27.0,26.9,26.9,26.8,26.9,27.0,26.9,26.7,26.9,26.9,26.8,27.0,26.8,26.9,26.8,26.9,26.8
200,27.7,27.7,27.8,27.6,27.8,27.8,27.8,27.6,27.7,27.7,27.9,27.8,27.7,27.8,27.8,27.8,27.7,27.6,28.0,28.0,27.8,27.7,27.8,27.8,27.8,27.8,28.0,28.1,28.5,28.7,29.1,29.1,28.8,28.4,27.7,27.0,26.9,26.8,26.9,26.6,26.7,26.7,26.8,26.6,26.8,26.8,26.7,26.9,26.7,26.8,26.8,26.9,27.3,27.5,28.2,28.8,29.2,29.2,29.0,28.6,28.0,27.2,27.1,26.9,27.0,27.1,27.1,27.1,27.5,27.9,28.6,29.2,29.4,29.3,29.1,28.9,28.9,28.9,28.7,28.7,28.6,28.5,28.3,28.3,28.1,28.1,28.1,28.0,27.8,27.8,27.9,27.8,27.8,28.1,28.3,28.0,27.8,27.2,26.9,26.6,26.5,26.6,26.5,26.6,26.6,26.8,27.3,27.7,28.2,28.4,28.5,28.6,28.5,28.7,28.8,29.1,29.2,29.2,29.2,29.0,29.4,29.5,29.4,29.2,29.1,29.3,29.4,29.5,29.4,29.2,28.9,29.0,29.2,28.5,27.6,27.0,26.8,26.5,26.4,26.3,26.6,26.5,26.6,26.5,26.6,26.6,26.6,26.7,26.9,26.9,26.7,26.7,26.8,26.9,26.7,26.8,27.0,26.7,27.0,26.8,27.0,26.8,26.7,26.9,27.2,26.9,26.9,27.0,27.0,27.0,26.7,26.8,27.0,27.1,26.8,27.0,26.9,26.9,26.9,26.8,26.9,27.0,26.9,26.9,26.9,26.8,26.9,26.9,26.8,26.8,26.8,26.9
201,27.7,27.6,27.7,27.6,27.6,27.8,27.8,27.7,27.7,27.7,27.7,28.0,27.7,27.9,27.8,27.9,27.6,27.8,27.9,27.7,27.9,27.9,27.9,27.7,27.8,28.0,28.0,28.0,28.3,28.6,29.0,29.2,28.8,28.3,27.7,27.2,26.9,26.7,26.7,26.8,26.8,26.8,26.8,26.8,26.9,26.8,26.7,26.7,26.8,26.8,26.8,27.0,27.2,27.6,28.2,28.9,29.2,29.3,29.1,28.7,28.1,27.4,27.0,27.0,26.9,26.8,26.9,27.0,27.3,28.0,28.6,29.2,29.2,28.8,28.8,28.6,28.6,28.6,28.5,28.5,28.5,28.6,28.6,28.4,28.4,28.1,28.0,27.9,27.8,27.7,27.7,27.7,27.9,28.0,28.3,28.3,27.7,27.2,26.8,26.6,26.5,26.7,26.5,26.6,26.6,26.7,27.2,27.7,28.2,28.3,28.3,28.2,28.3,28.6,28.9,28.9,29.0,28.8,29.0,29.1,29.4,29.3,29.4,29.2,29.0,29.2,29.4,29.6,29.4,29.0,28.6,28.9,28.9,28.6,27.7,27.3,26.8,26.4,26.6,26.5,26.6,26.4,26.5,26.6,26.6,26.6,26.6,26.8,26.8,26.9,26.7,26.9,26.8,26.9,26.8,26.9,26.9,26.9,27.0,26.7,27.0,26.9,26.9,26.7,27.0,26.9,27.0,26.9,27.0,26.9,26.8,26.8,26.9,26.8,26.8,26.9,26.9,26.8,26.9,26.8,26.8,26.9,26.9,27.0,26.7,26.9,26.9,26.7,26.9,26.9,26.7,26.9
202,27.5,27.6,27.5,27.5,27.6,27.7,27.8,27.8,27.7,27.9,27.9,27.8,28.0,27.7,27.7,27.7,27.8,27.8,28.0,27.9,27.8,27.8,27.9,27.9,27.8,27.9,28.0,28.1,28.3,28.6,29.0,29.1,28.9,28.3,27.9,27.1,26.9,26.9,26.9,26.8,26.6,26.6,26.7,26.8,26.9,26.8,26.8,26.7,26.9,26.8,26.9,26.9,27.1,27.7,28.1,28.8,29.3,29.2,29.0,28.7,28.2,27.5,27.3,26.9,26.9,27.0,27.0,27.0,27.5,27.8,28.6,29.0,29.2,28.9,28.6,28.5,28.5,28.4,28.4,28.3,28.6,28.6,28.5,28.3,28.3,28.3,28.3,28.1,28.0,28.0,27.8,27.7,28.0,28.0,28.3,28.0,27.6,27.3,26.8,26.7,26.7,26.6,26.6,26.4,26.5,26.7,27.1,27.7,28.2,28.3,28.2,28.1,28.2,28.6,28.9,29.1,28.8,28.6,28.9,29.0,29.3,29.3,29.2,29.0,29.0,29.1,29.2,29.4,29.2,28.8,28.7,28.8,28.8,28.6,27.8,27.2,26.9,26.4,26.6,26.6,26.4,26.5,26.6,26.4,26.8,26.6,26.7,26.9,26.8,26.6,26.8,26.9,26.9,26.8,26.9,26.7,26.8,26.8,26.9,27.0,26.8,26.9,26.9,26.9,26.8,26.9,26.9,26.9,26.9,26.9,27.0,26.7,26.9,26.7,27.0,27.0,26.6,26.8,27.0,26.7,26.9,26.9,26.9,26.8,26.8,26.8,26.6,26.8,26.8,26.7,26.8,27.0
203,27.5,27.6,27.8,27.7,27.6,27.6,27.6,27.9,27.8,27.7,27.8,27.8,28.0,27.6,27.8,27.7,27.8,27.8,27.9,27.8,27.7,27.9,27.8,27.8,28.0,27.8,28.2,28.2,28.4,28.6,29.0,29.2,28.9,28.4,27.8,27.1,27.1,26.7,26.7,26.9,26.7,26.7,26.8,26.8,26.7,26.8,26.9,26.9,26.7,26.8,26.8,27.0,27.1,27.6,28.2,28.8,29.4,29.2,29.0,28.7,28.2,27.7,27.1,26.9,26.9,26.8,27.1,27.1,27.4,27.9,28.6,29.0,29.1,28.8,28.5,28.1,28.0,28.0,28.0,28.1,28.3,28.4,28.7,28.3,28.2,28.2,28.0,27.9,27.8,28.0,27.9,27.8,28.0,28.0,28.2,28.0,27.6,27.3,26.7,26.8,26.5,26.6,26.5,26.5,26.6,26.9,27.1,27.8,28.1,28.2,28.1,28.1,28.3,28.7,29.1,29.1,28.8,28.7,28.6,28.8,29.2,29.3,29.2,28.9,28.7,29.0,29.1,29.2,29.1,28.7,28.6,28.8,28.7,28.8,27.6,27.2,26.7,26.6,26.3,26.5,26.6,26.5,26.6,26.6,26.5,26.7,26.6,26.9,26.7,26.8,26.8,26.8,26.8,26.8,26.9,26.9,26.8,26.8,26.9,26.9,26.8,26.9,26.9,27.0,26.9,26.9,26.9,26.9,26.8,26.9,27.1,26.9,26.9,26.9,26.9,26.8,26.9,27.1,26.9,26.9,26.9,27.0,26.8,26.9,26.8,26.9,26.7,26.9,26.8,26.8,26.9,26.8
204,27.6,27.6,27.7,27.6,27.7,27.6,27.7,27.7,27.7,27.8,27.8,27.7,27.8,27.8,27.8,27.9,27.9,27.8,27.9,27.8,27.6,27.8,27.9,27.8,27.8,27.8,27.8,28.0,28.4,28.7,28.9,29.0,28.9,28.5,28.0,27.3,26.8,26.8,26.7,26.7,26.7,26.7,26.8,26.8,26.9,26.8,26.8,26.6,26.9,26.9,26.8,26.9,27.1,27.5,28.2,28.9,29.3,29.4,29.0,28.7,28.0,27.6,27.0,27.0,26.9,26.8,26.9,27.1,27.5,27.8,28.2,29.0,29.0,28.7,28.4,28.0,28.1,27.8,28.0,28.0,28.2,28.4,28.3,28.3,28.1,28.2,28.1,28.0,27.8,27.8,27.8,27.6,28.1,28.1,28.0,28.0,27.7,27.1,26.9,26.7,26.6,26.6,26.6,26.7,26.7,26.8,27.1,27.6,28.1,28.1,28.1,28.0,28.2,28.7,29.0,29.0,28.9,28.6,28.9,29.0,29.3,29.2,29.1,28.7,28.8,28.8,29.0,29.1,28.9,28.6,28.5,28.8,28.8,28.5,27.8,27.2,26.8,26.6,26.6,26.5,26.5,26.5,26.5,26.6,26.7,26.7,26.5,27.0,26.9,26.8,26.8,26.9,26.9,26.9,26.8,26.8,26.9,27.1,26.9,26.9,26.7,27.0,26.9,26.8,27.0,26.9,26.9,27.0,26.9,26.8,26.9,26.9,26.9,26.9,26.9,26.8,26.7,26.9,26.9,27.0,26.7,27.0,26.8,26.8,26.9,26.9,26.7,26.7,26.9,26.8,26.8,26.9
205,27.6,27.6,27.6,27.6,27.7,27.6,27.5,27.8,27.7,27.6,27.8,27.8,27.6,27.7,27.7,27.7,27.7,27.7,27.9,27.9,27.8,27.8,27.9,27.8,27.9,27.9,27.8,28.0,28.2,28.6,29.0,29.1,29.2,28.4,28.0,27.4,26.9,26.8,26.8,26.8,26.8,26.9,26.7,26.7,26.6,26.8,26.6,26.8,26.9,26.6,26.6,27.0,27.2,27.6,28.1,28.9,29.2,29.5,29.3,28.8,28.3,27.7,27.2,27.1,27.0,27.1,27.0,27.0,27.4,27.9,28.6,28.9,29.0,28.9,28.2,28.0,28.1,28.1,28.0,28.2,28.4,28.4,28.4,28.2,28.2,28.2,28.2,28.0,27.8,27.6,27.5,27.6,27.9,28.2,28.2,28.2,27.6,27.2,26.9,26.8,26.6,26.6,26.6,26.7,26.7,26.7,27.1,27.7,28.0,28.3,28.1,28.0,28.2,28.4,28.8,28.7,28.6,28.6,28.6,28.8,29.2,29.4,29.1,28.9,28.5,28.8,29.0,29.0,28.8,28.6,28.6,28.6,28.8,28.5,27.7,27.2,26.9,26.6,26.6,26.6,26.8,26.6,26.6,26.8,26.6,26.8,26.5,26.9,26.7,26.8,26.8,26.9,26.9,26.9,26.9,26.8,26.9,26.8,26.9,26.9,26.9,26.8,26.9,26.8,26.9,26.9,26.9,26.9,27.0,26.8,26.7,26.8,26.9,26.9,26.8,26.9,26.7,26.8,26.8,26.8,26.9,26.9,26.9,26.9,26.9,26.9,26.7,27.0,26.6,26.7,26.9,27.0
206,27.6,27.6,27.6,27.6,27.6,27.6,27.6,27.7,27.6,27.9,27.7,27.8,27.7,27.6,27.8,27.7,27.6,27.8,27.7,27.8,27.9,27.8,27.8,27.8,27.8,27.8,28.0,28.0,28.2,28.6,28.8,29.1,28.9,28.5,27.9,27.3,26.9,26.8,26.9,26.7,26.7,26.7,26.8,26.9,26.9,27.0,26.9,26.6,26.8,26.7,27.0,26.9,27.1,27.5,28.1,28.9,29.2,29.3,29.2,28.8,28.3,27.6,27.4,27.2,27.1,27.3,27.3,27.1,27.6,28.0,28.6,29.0,29.2,28.8,28.3,28.1,28.1,28.2,28.2,28.2,28.4,28.6,28.3,28.2,28.1,28.0,28.0,27.8,27.8,27.7,27.6,27.7,28.0,28.3,28.1,28.2,27.8,27.1,26.9,26.7,26.7,26.7,26.6,26.5,26.5,26.8,27.0,27.6,28.0,28.1,27.8,27.8,27.8,28.0,28.3,28.3,28.2,28.2,28.7,28.8,29.2,29.4,29.2,28.9,28.5,28.3,28.6,28.7,28.5,28.4,28.4,28.6,28.8,28.4,27.7,27.1,26.8,26.5,26.5,26.6,26.6,26.6,26.6,26.8,26.7,26.6,26.6,26.9,26.7,26.6,26.6,26.9,27.0,27.0,26.9,26.9,26.9,27.0,27.0,27.0,26.8,26.9,26.9,26.9,26.8,26.9,26.8,26.8,27.0,26.7,26.8,26.7,27.0,26.9,26.7,26.8,26.8,26.9,26.9,26.8,26.8,26.8,26.6,26.9,26.9,26.7,26.7,26.8,26.8,26.8,26.9,26.7
207,27.4,27.7,27.8,27.5,27.7,27.4,27.4,27.4,27.6,27.7,27.6,27.8,27.6,27.6,27.6,27.7,27.8,27.7,27.8,27.7,27.8,27.8,27.8,27.8,27.7,27.8,27.9,28.0,28.3,28.5,28.8,29.2,29.0,28.6,28.1,27.3,26.9,27.0,26.6,26.6,26.9,26.9,26.6,26.6,26.9,26.9,26.8,26.9,26.6,26.9,27.0,27.0,27.1,27.6,28.3,28.8,29.2,29.4,29.2,28.9,28.4,27.8,27.3,27.1,27.1,27.3,27.3,27.3,27.6,28.0,28.5,29.1,29.1,29.1,28.4,28.2,28.1,28.1,28.0,28.3,28.5,28.6,28.3,28.3,28.2,28.0,27.8,27.7,27.8,27.7,27.8,27.7,27.9,28.2,28.2,28.1,27.6,27.3,27.0,26.9,26.8,26.6,26.6,26.5,26.5,26.7,27.1,27.7,28.0,28.1,27.8,27.7,27.8,27.8,28.0,28.0,28.0,28.0,28.4,28.9,29.1,29.3,29.2,28.7,28.2,28.3,28.3,28.6,28.4,28.1,28.5,28.6,28.7,28.5,27.8,27.2,26.9,26.6,26.7,26.6,26.6,26.6,26.7,26.8,26.7,26.7,26.7,26.8,27.0,26.7,26.8,27.0,26.9,27.0,26.8,27.0,26.8,27.0,26.8,26.8,26.9,27.0,27.0,26.9,27.0,26.8,26.9,26.9,27.0,26.9,26.8,26.8,26.9,26.9,26.9,26.9,26.8,26.8,26.8,26.7,26.9,26.8,26.9,26.9,26.9,26.9,26.9,26.8,27.0,26.8,26.8,26.8
208,27.6,27.7,27.6,27.6,27.7,27.5,27.6,27.5,27.6,27.6,27.6,27.7,27.6,27.7,27.8,27.8,27.7,27.8,27.7,27.8,27.8,27.8,27.8,27.8,27.8,27.6,27.9,28.0,28.2,28.6,28.9,29.3,29.1,28.5,28.0,27.4,27.1,26.9,26.8,26.8,26.8,26.7,26.7,26.7,26.8,26.9,27.0,26.9,26.8,26.9,27.0,27.0,27.0,27.5,28.0,28.8,29.2,29.2,29.3,28.9,28.4,27.9,27.3,27.2,27.3,27.3,27.3,27.5,27.5,27.9,28.6,29.0,29.0,29.1,28.3,28.1,28.0,28.2,28.2,28.2,28.4,28.5,28.3,28.2,28.2,27.7,27.7,27.6,27.7,27.7,27.7,27.9,28.0,28.1,28.2,27.9,27.7,27.4,27.0,26.8,26.6,26.7,26.7,26.6,26.6,26.9,27.1,27.6,28.0,28.0,27.9,27.8,27.6,27.6,27.8,27.8,27.7,28.0,28.4,29.0,29.3,29.4,29.1,28.7,28.3,28.2,28.0,28.0,28.0,27.9,28.3,28.6,28.7,28.5,27.7,27.3,26.9,26.9,26.6,26.7,26.7,26.7,26.7,26.6,26.8,26.7,26.6,26.6,26.8,26.9,26.8,26.8,26.9,27.0,26.7,26.9,26.9,26.7,26.9,26.9,26.9,26.8,26.9,26.9,26.8,26.8,26.9,26.9,26.9,26.8,26.9,26.9,26.9,26.8,26.9,26.8,26.7,26.9,26.7,26.7,26.7,26.8,26.9,27.0,27.0,26.8,26.6,26.9,26.8,26.8,26.9,26.9
209,27.6,27.6,27.6,27.5,27.6,27.4,27.7,27.7,27.5,27.5,27.7,27.6,27.6,27.8,27.7,27.6,27.7,27.6,27.8,27.7,27.8,27.7,27.9,27.8,27.7,27.8,27.8,28.0,28.4,28.6,28.9,29.3,29.0,28.7,28.1,27.3,27.0,27.0,26.6,26.9,26.7,26.8,26.8,26.9,26.6,26.8,26.8,27.0,27.0,26.9,26.8,27.1,27.0,27.6,28.1,28.9,29.5,29.6,29.2,28.8,28.5,27.8,27.5,27.2,27.1,27.5,27.2,27.4,27.5,27.9,28.3,29.0,29.2,28.9,28.5,28.0,28.1,27.9,28.2,28.3,28.4,28.5,28.4,28.1,27.9,27.8,27.6,27.6,27.6,27.7,27.5,27.8,27.8,27.8,28.1,27.9,27.6,27.3,26.9,26.7,26.6,26.8,26.5,26.4,26.4,26.7,27.0,27.6,27.9,28.0,27.9,27.7,27.5,27.6,27.6,27.5,27.4,27.8,28.2,29.0,29.2,29.2,29.0,28.9,28.3,27.9,27.7,27.7,27.6,27.7,28.3,28.6,28.8,28.4,27.8,27.1,26.8,26.7,26.5,26.6,26.6,26.6,26.6,26.8,26.7,26.7,26.7,26.7,26.9,26.7,26.8,26.9,26.9,26.8,26.9,27.0,26.9,27.1,26.9,26.8,27.0,26.7,26.8,26.7,26.7,26.9,26.7,26.9,26.8,26.9,26.9,26.8,26.9,26.8,26.9,26.8,26.8,26.9,27.0,26.8,26.8,27.0,26.8,26.9,26.9,26.8,26.8,26.8,26.9,26.8,26.8,26.8
210,27.5,27.3,27.5,27.6,27.5,27.5,27.4,27.7,27.7,27.6,27.5,27.6,27.5,27.5,27.8,27.7,27.7,27.7,27.7,27.7,27.7,27.8,27.7,27.7,27.7,27.7,27.8,27.8,28.1,28.6,28.7,29.2,29.0,28.6,28.3,27.5,27.1,26.9,26.9,26.7,26.8,26.7,26.9,26.8,27.0,26.8,26.7,26.9,26.9,26.8,26.8,26.8,27.2,27.6,27.9,28.8,29.3,29.3,29.2,28.9,28.5,28.0,27.5,27.3,27.1,27.2,27.3,27.3,27.5,28.0,28.5,29.2,29.2,28.9,28.5,28.3,28.1,28.1,28.2,28.4,28.5,28.6,28.4,28.1,28.0,27.8,27.5,27.7,27.6,27.6,27.8,28.0,27.9,27.9,28.1,27.8,27.6,27.2,26.7,26.8,26.6,26.5,26.6,26.5,26.6,26.7,26.9,27.5,27.8,27.8,27.9,27.7,27.4,27.2,27.0,27.1,27.2,27.8,28.5,28.8,29.0,29.4,29.3,29.0,28.2,27.8,27.3,27.4,27.3,27.8,28.0,28.6,28.9,28.5,27.9,27.3,26.8,26.7,26.7,26.7,26.7,26.7,26.7,26.8,26.7,26.6,26.6,26.8,26.8,26.8,26.7,26.8,26.9,26.7,26.8,27.0,27.0,26.9,26.8,26.8,26.9,26.9,26.8,26.9,26.7,26.9,26.9,26.9,27.0,27.0,27.0,26.8,26.9,26.8,26.7,26.9,26.7,26.9,26.9,26.9,26.8,26.7,26.9,27.0,26.9,26.8,26.9,26.9,26.8,26.6,26.9,26.8
211,27.7,27.6,27.6,27.5,27.5,27.7,27.6,27.6,27.6,27.6,27.6,27.6,27.6,27.7,27.8,27.6,27.6,27.7,27.8,27.7,27.7,27.7,27.8,27.9,27.7,27.7,27.8,27.8,28.1,28.4,28.9,29.2,29.2,28.7,28.3,27.6,27.2,26.9,26.9,26.8,26.8,26.8,26.6,26.8,26.8,26.8,26.7,26.9,26.7,26.9,26.9,26.9,27.1,27.6,28.1,28.8,29.3,29.3,29.2,29.2,28.4,28.0,27.5,27.4,27.3,27.2,27.2,27.3,27.5,27.9,28.6,29.0,29.1,28.8,28.5,28.3,28.3,28.3,28.6,28.4,28.4,28.5,28.3,28.0,28.0,27.7,27.7,27.8,27.8,28.0,27.9,28.1,27.9,27.8,27.7,27.8,27.7,26.9,26.7,26.7,26.5,26.7,26.6,26.5,26.5,26.6,27.1,27.5,27.9,27.9,27.9,27.7,27.4,27.2,26.9,27.0,27.2,27.9,28.4,29.0,29.2,29.1,29.2,28.8,28.4,27.8,27.6,27.5,27.5,27.8,28.2,28.6,28.6,28.3,27.7,27.2,26.8,26.6,26.6,26.6,26.8,26.7,26.6,26.7,26.8,26.6,26.8,26.7,26.8,26.7,26.9,26.9,26.8,26.9,27.0,26.8,26.9,26.9,27.0,26.8,26.8,26.8,26.7,26.8,26.9,26.8,27.0,26.8,27.0,27.1,26.9,26.8,27.0,26.9,26.9,26.8,26.7,27.0,26.8,26.9,26.8,26.9,26.9,27.0,26.8,26.9,26.9,26.7,26.8,26.8,26.9,26.8
212,27.5,27.4,27.5,27.6,27.6,27.5,27.8,27.7,27.6,27.7,27.6,27.8,27.6,27.6,27.7,27.7,27.8,27.8,27.7,27.5,27.7,27.7,27.7,27.7,27.7,27.9,27.7,27.9,28.2,28.6,28.9,29.1,29.2,28.8,28.6,28.0,27.8,27.3,27.0,27.1,27.2,27.0,27.1,27.0,27.1,27.0,27.0,27.0,27.1,27.1,26.9,27.1,27.3,27.8,28.4,28.9,29.3,29.4,29.2,28.8,28.5,27.9,27.6,27.2,27.1,27.1,27.1,27.1,27.5,27.7,28.2,28.8,29.1,28.8,28.5,28.2,28.2,28.3,28.5,28.2,28.5,28.4,28.2,28.2,27.7,27.8,27.6,27.8,27.9,28.3,28.2,28.1,28.0,28.0,27.7,27.8,27.5,27.1,26.8,26.8,26.5,26.5,26.6,26.6,26.6,26.8,26.9,27.4,27.7,27.9,27.9,27.9,27.6,27.3,27.1,27.2,27.3,27.9,28.4,28.6,29.0,29.1,28.9,28.8,28.5,28.3,28.0,27.9,27.7,27.9,28.3,28.2,28.5,28.0,27.7,27.1,26.8,26.8,26.6,26.5,26.6,26.8,26.7,26.6,26.8,26.9,26.8,26.8,26.9,26.8,27.0,26.9,26.7,26.9,27.0,26.7,26.8,26.9,26.9,26.8,26.8,26.9,26.8,26.9,27.1,26.8,26.8,26.9,26.9,26.9,26.9,26.9,27.0,27.0,26.9,26.8,26.7,26.8,27.0,26.8,26.8,26.8,26.8,26.9,26.9,26.8,26.8,26.9,26.7,26.8,26.8,27.0
213,27.8,27.5,27.8,27.7,27.7,27.5,27.7,27.6,27.5,27.5,27.5,27.4,27.6,27.6,28.0,27.8,27.6,27.6,27.6,27.6,27.7,27.7,27.6,27.7,27.8,27.8,27.7,28.0,28.2,28.2,28.9,29.1,29.0,28.8,28.6,28.4,28.1,27.8,27.6,27.5,27.5,27.5,27.4,27.3,27.5,27.4,27.5,27.2,27.5,27.5,27.5,27.5,27.7,28.0,28.9,29.0,29.1,29.3,29.2,28.8,28.4,27.8,27.6,27.3,27.4,27.4,27.2,27.3,27.4,27.9,28.0,28.6,28.9,28.7,28.4,28.4,28.3,28.1,28.3,28.5,28.5,28.4,28.1,28.2,27.8,27.8,27.9,27.9,28.0,28.1,28.1,28.0,27.9,27.9,27.8,27.6,27.3,27.1,26.9,26.6,26.8,26.6,26.5,26.5,26.6,26.6,27.0,27.1,27.4,27.7,27.9,27.8,27.6,27.4,27.1,27.1,27.4,27.8,27.9,28.3,28.6,28.8,28.7,28.6,28.4,28.0,27.9,27.5,27.8,27.7,28.0,28.1,28.1,27.8,27.3,27.2,26.9,26.8,26.7,26.7,26.6,26.7,26.9,26.9,26.7,26.9,26.9,26.9,26.9,26.9,26.9,26.9,26.9,26.8,26.8,26.8,27.0,26.9,26.8,26.8,26.9,26.9,26.9,26.8,26.9,26.9,26.9,26.9,27.1,26.9,26.9,26.9,26.9,26.9,27.0,26.8,26.9,26.9,27.0,27.0,26.8,26.9,26.8,26.9,26.8,26.8,26.9,26.9,26.8,26.9,26.9,26.9
214,27.4,27.6,27.5,27.7,27.5,27.4,27.5,27.4,27.6,27.5,27.6,27.7,27.6,27.5,27.7,27.5,27.6,27.6,27.5,27.9,27.8,27.7,27.6,27.7,27.6,27.7,27.8,28.0,28.1,28.3,28.5,28.6,28.7,28.4,28.4,28.0,27.8,27.9,27.8,27.6,27.7,27.7,27.6,27.6,27.6,27.7,27.7,27.4,27.6,27.8,27.6,27.9,27.8,28.2,28.5,28.6,28.6,28.6,28.6,28.3,27.9,27.7,27.5,27.3,27.1,27.3,27.3,27.2,27.2,27.7,27.7,28.2,28.6,28.5,28.3,28.3,28.4,28.4,28.3,28.4,28.2,28.3,28.2,28.0,27.9,27.8,27.9,28.1,28.0,28.1,28.0,28.0,28.0,27.8,27.7,27.6,27.2,26.7,26.8,26.6,26.4,26.6,26.6,26.5,26.4,26.7,26.8,26.9,27.2,27.4,27.4,27.4,27.3,27.3,27.0,27.0,27.2,27.3,27.7,27.8,27.9,27.9,27.9,27.9,27.8,27.7,27.6,27.3,27.2,27.4,27.6,27.6,27.6,27.3,27.1,27.0,26.7,26.7,26.6,26.8,26.7,26.8,26.7,26.7,26.7,26.6,26.9,27.0,26.7,27.0,26.8,27.0,27.0,27.0,26.8,26.8,26.9,27.0,26.8,26.7,27.0,26.7,27.0,26.9,27.0,26.9,26.9,26.8,27.0,26.7,26.9,26.8,26.9,26.8,26.9,27.0,26.9,26.7,26.9,26.9,26.8,26.7,26.8,26.8,26.7,26.9,26.8,26.7,26.7,26.7,26.8,26.8
215,27.4,27.4,27.7,27.4,27.5,27.8,27.5,27.5,27.6,27.6,27.5,27.6,27.6,27.6,27.6,27.7,27.8,27.7,27.5,27.6,27.7,27.6,27.6,27.7,27.7,27.7,27.9,27.7,28.0,28.2,28.3,28.4,28.5,28.3,28.0,27.9,27.9,27.9,27.6,27.7,27.8,27.6,27.7,27.7,27.6,27.7,27.5,27.5,27.6,27.5,27.7,27.7,27.8,28.0,28.2,28.0,28.3,28.2,28.0,28.0,27.9,27.5,27.3,27.1,27.2,27.1,27.2,27.1,27.2,27.3,27.8,28.0,28.6,28.8,28.4,28.5,28.4,28.5,28.5,28.4,28.6,28.3,28.2,28.1,28.2,27.8,28.1,28.2,28.3,28.3,28.4,28.2,28.1,28.0,27.8,27.6,27.1,26.8,26.6,26.5,26.5,26.6,26.6,26.4,26.5,26.5,26.6,26.8,26.8,27.1,27.0,27.0,27.1,27.0,26.8,26.8,26.8,27.0,27.3,27.2,27.5,27.5,27.4,27.5,27.3,27.3,27.3,27.2,27.1,27.1,27.3,27.3,27.3,27.1,26.8,26.9,26.9,26.5,26.7,26.7,26.7,26.6,26.9,26.7,26.7,26.8,26.7,26.7,26.8,27.0,26.9,27.0,26.8,26.9,26.9,26.8,26.8,26.9,26.8,27.0,26.9,26.8,26.9,26.8,26.9,26.9,26.8,27.0,26.9,27.0,26.9,26.9,26.9,26.7,26.7,26.9,27.0,27.0,26.9,26.9,26.8,26.9,26.8,27.0,26.7,26.7,26.9,26.7,26.9,26.9,26.9,26.9
216,27.3,27.6,27.5,27.6,27.6,27.6,27.6,27.5,27.6,27.6,27.6,27.6,27.6,27.6,27.8,27.6,27.6,27.6,27.6,27.6,27.7,27.7,27.6,27.8,27.7,27.7,27.7,27.6,27.8,27.9,28.0,28.1,28.0,28.1,27.9,27.9,27.9,27.6,27.7,27.9,27.7,27.7,27.7,27.8,27.5,27.5,27.6,27.7,27.8,27.7,27.6,27.5,27.6,27.8,27.9,27.9,28.0,27.9,27.8,27.6,27.5,27.4,27.3,27.3,27.2,27.0,27.1,26.9,27.0,27.1,27.4,27.9,28.5,28.5,28.6,28.3,28.4,28.7,28.5,28.6,28.6,28.3,28.4,28.1,28.1,28.2,28.2,28.3,28.2,28.3,28.4,28.3,28.1,28.0,27.9,27.4,27.1,26.6,26.4,26.4,26.4,26.5,26.5,26.5,26.4,26.6,26.6,26.7,26.7,26.7,26.6,26.9,26.9,26.8,26.7,26.8,26.7,26.9,27.0,27.0,27.1,27.1,27.1,27.1,27.0,27.0,27.0,26.9,27.0,27.0,27.1,27.1,27.2,26.9,26.9,26.8,26.8,26.6,26.5,26.6,26.6,26.7,26.8,26.8,26.7,26.7,26.8,26.8,26.8,26.9,26.8,26.8,26.7,26.9,26.8,26.8,26.8,26.8,26.7,26.9,26.9,26.8,26.8,26.8,26.9,26.8,26.7,26.9,26.9,26.8,26.8,26.9,26.6,26.7,26.9,26.7,26.8,26.8,27.0,26.9,26.8,26.8,26.8,26.9,26.9,26.8,26.7,26.9,26.7,26.8,26.8,26.9
217,27.4,27.6,27.6,27.6,27.8,27.8,27.7,27.6,27.6,27.5,27.6,27.5,27.6,27.6,27.5,27.7,27.6,27.6,27.8,27.6,27.6,27.7,27.6,27.8,27.8,27.7,27.8,27.7,27.8,27.8,27.8,28.0,28.1,27.9,27.8,27.8,27.8,27.6,27.7,27.9,27.5,27.6,27.7,27.8,27.7,27.7,27.6,27.6,27.6,27.7,27.4,27.6,27.6,27.6,27.6,27.9,27.6,27.7,27.4,27.5,27.4,27.4,27.1,27.2,27.1,27.1,26.9,26.9,26.9,27.1,27.2,27.8,28.4,28.5,28.3,28.3,28.3,28.4,28.3,28.6,28.7,28.5,28.5,28.2,28.5,28.4,28.3,28.3,28.2,28.2,28.5,28.3,28.2,28.2,28.1,27.5,27.1,26.5,26.4,26.4,26.6,26.4,26.7,26.4,26.5,26.6,26.6,26.6,26.6,26.6,26.6,26.8,26.5,26.7,26.6,26.4,26.4,26.7,26.6,26.9,26.7,26.7,26.8,26.6,26.8,26.9,26.7,26.8,26.8,27.0,26.8,26.7,26.9,26.8,26.6,26.7,26.8,26.5,26.7,26.8,26.6,26.8,26.9,26.7,26.7,26.8,26.7,26.9,26.9,26.7,26.9,27.1,26.9,26.9,26.6,26.8,26.9,26.8,26.8,26.9,26.9,26.9,26.8,26.7,27.0,26.8,26.9,26.8,26.9,27.0,26.8,26.9,26.8,26.9,27.0,26.7,26.9,26.9,27.0,26.8,26.7,26.8,26.7,26.8,26.8,26.8,26.7,26.8,26.9,26.9,26.9,27.0
218,27.5,27.6,27.6,27.6,27.5,27.5,27.6,27.6,27.5,27.5,27.6,27.5,27.6,27.5,27.6,27.5,27.6,27.6,27.7,27.6,27.6,27.6,27.6,27.6,27.9,27.9,27.8,27.6,27.8,27.6,27.7,27.7,27.8,27.7,27.5,27.7,27.6,27.5,27.7,27.6,27.8,27.6,27.6,27.7,27.7,27.5,27.4,27.5,27.5,27.7,27.5,27.4,27.4,27.5,27.3,27.5,27.4,27.3,27.5,27.2,27.3,27.1,27.0,27.1,27.0,27.2,27.1,27.1,26.9,27.1,27.2,27.6,28.3,28.4,28.4,28.2,28.4,28.4,28.5,28.4,28.4,28.6,28.5,28.5,28.5,28.4,28.4,28.3,28.3,28.3,28.3,28.2,28.2,28.2,27.9,27.7,27.0,26.3,26.4,26.4,26.4,26.4,26.5,26.7,26.5,26.6,26.5,26.4,26.5,26.5,26.5,26.5,26.5,26.5,26.5,26.5,26.5,26.5,26.6,26.6,26.7,26.5,26.5,26.6,26.6,26.8,26.6,26.7,26.5,26.7,26.7,26.7,26.6,26.9,26.6,26.8,26.7,26.6,26.9,26.6,26.6,26.6,26.7,26.9,26.9,26.8,26.7,27.0,26.9,26.9,26.9,26.9,26.8,26.8,26.9,26.9,27.0,27.0,26.8,26.9,26.9,26.9,26.8,26.9,26.9,26.9,26.9,27.0,26.9,26.8,27.0,26.9,26.9,26.9,26.7,26.7,27.0,27.0,26.9,26.8,26.8,26.8,26.9,26.9,26.8,26.8,26.7,26.7,26.8,26.8,26.9,26.9
219,27.4,27.5,27.6,27.6,27.6,27.5,27.7,27.7,27.5,27.5,27.3,27.6,27.5,27.7,27.7,27.5,27.7,27.6,27.8,27.6,27.6,27.6,27.6,27.8,27.6,27.7,27.8,27.8,27.6,27.7,27.8,27.8,27.8,27.6,27.7,27.6,27.8,27.5,27.5,27.6,27.6,27.6,27.6,27.6,27.6,27.7,27.7,27.6,27.5,27.5,27.4,27.3,27.4,27.3,27.4,27.4,27.3,27.5,27.1,27.2,27.3,27.3,27.2,27.2,27.0,27.1,27.0,27.0,26.9,27.0,27.1,27.8,28.1,28.4,28.3,28.3,28.2,28.5,28.4,28.4,28.6,28.2,28.2,28.3,28.5,28.2,28.2,28.2,28.3,28.2,28.2,28.1,27.9,27.8,28.0,27.3,26.9,26.1,26.2,26.4,26.2,26.5,26.5,26.5,26.5,26.7,26.4,26.5,26.4,26.5,26.4,26.4,26.5,26.6,26.4,26.5,26.4,26.4,26.6,26.6,26.7,26.5,26.7,26.7,26.6,26.6,26.6,26.5,26.6,26.8,26.5,26.6,26.6,26.7,26.8,26.8,27.0,26.9,26.8,26.7,26.8,26.7,26.9,26.8,26.7,26.8,26.7,26.9,26.9,26.9,26.9,26.9,27.0,27.0,26.9,26.7,26.8,26.9,26.9,26.8,27.0,26.9,27.0,26.9,27.0,27.0,26.9,26.9,27.0,26.8,26.9,26.8,26.8,26.9,26.8,26.9,26.8,26.8,26.9,26.9,26.9,26.9,26.9,26.9,26.9,26.9,26.8,26.7,26.8,26.9,26.8,26.7
220,27.4,27.6,27.4,27.5,27.6,27.6,27.5,27.5,27.4,27.6,27.5,27.6,27.6,27.4,27.6,27.3,27.5,27.5,27.5,27.6,27.5,27.6,27.6,27.5,27.6,27.6,27.5,27.6,27.8,27.8,27.5,27.8,27.6,27.5,27.7,27.8,27.5,27.7,27.6,27.6,27.5,27.4,27.6,27.5,27.4,27.6,27.5,27.5,27.4,27.4,27.5,27.2,27.4,27.3,27.5,27.3,27.3,27.3,27.3,27.3,27.2,27.1,27.1,27.0,27.1,27.1,26.9,26.9,26.8,26.9,27.2,27.5,27.9,28.1,28.0,27.9,27.9,28.0,28.1,28.0,28.0,27.9,28.0,27.9,27.9,27.8,27.7,27.8,27.8,27.8,27.7,27.5,27.6,27.6,27.3,27.1,26.6,26.2,26.4,26.3,26.4,26.5,26.6,26.6,26.5,26.6,26.4,26.6,26.4,26.5,26.5,26.5,26.4,26.4,26.6,26.5,26.4,26.5,26.6,26.4,26.7,26.6,26.7,26.5,26.5,26.6,26.6,26.6,26.6,26.6,26.7,26.9,26.9,26.8,26.7,26.7,26.8,26.7,26.7,26.7,26.8,26.9,26.8,26.8,26.9,26.6,26.9,26.9,26.8,26.9,26.8,26.9,26.9,26.9,26.8,26.8,26.9,26.9,27.0,26.9,26.9,26.8,26.9,27.0,26.8,26.9,26.9,27.0,26.8,26.9,26.7,26.8,26.9,26.8,26.9,26.8,27.0,26.9,26.9,26.8,26.8,26.9,26.7,26.9,26.9,26.9,26.8,26.8,26.7,26.7,26.8,27.0
221,27.5,27.6,27.3,27.4,27.3,27.5,27.4,27.4,27.5,27.3,27.4,27.6,27.5,27.5,27.5,27.5,27.6,27.5,27.5,27.5,27.6,27.6,27.6,27.6,27.6,27.6,27.7,27.5,27.6,27.6,27.7,27.6,27.5,27.6,27.6,27.7,27.6,27.6,27.5,27.5,27.6,27.6,27.4,27.5,27.4,27.4,27.4,27.5,27.4,27.3,27.5,27.3,27.2,27.3,27.2,27.2,27.3,27.1,27.3,27.1,27.1,27.1,27.0,27.0,27.1,27.1,26.9,26.9,26.8,26.7,27.0,27.1,27.3,27.4,27.3,27.4,27.2,27.3,27.3,27.5,27.3,27.3,27.3,27.3,27.3,27.3,27.3,27.1,27.3,27.1,27.1,27.1,27.1,27.1,27.0,26.6,26.4,26.2,26.2,26.5,26.5,26.5,26.4,26.5,26.4,26.6,26.6,26.4,26.5,26.4,26.5,26.4,26.6,26.4,26.5,26.4,26.5,26.5,26.4,26.6,26.6,26.7,26.4,26.6,26.6,26.6,26.5,26.5,26.5,26.6,26.5,26.7,26.6,26.7,26.6,26.6,26.7,26.9,26.9,26.7,26.9,26.8,26.9,26.8,26.8,26.9,26.6,26.8,26.8,26.7,26.9,26.9,26.8,26.9,26.9,26.7,26.9,26.8,27.0,26.9,26.9,26.7,26.8,26.9,27.0,26.9,26.9,26.8,27.0,26.9,26.9,26.8,26.7,26.8,26.9,26.6,26.8,26.9,26.8,26.8,26.8,26.8,26.6,26.8,26.7,26.9,26.8,26.6,26.9,26.6,26.6,26.9
222,27.5,27.4,27.5,27.5,27.4,27.5,27.4,27.5,27.4,27.4,27.5,27.5,27.6,27.6,27.5,27.5,27.3,27.6,27.4,27.6,27.5,27.6,27.6,27.6,27.6,27.6,27.6,27.6,27.6,27.5,27.6,27.5,27.6,27.6,27.6,27.6,27.5,27.5,27.6,27.6,27.6,27.3,27.5,27.3,27.6,27.5,27.4,27.3,27.3,27.3,27.4,27.5,27.3,27.2,27.4,27.2,27.1,27.1,27.1,27.1,27.1,27.0,27.1,26.9,27.1,27.1,26.9,26.7,26.7,26.8,26.9,26.9,27.1,27.2,27.2,27.1,27.0,27.1,27.1,27.1,27.1,27.1,27.0,27.0,27.0,27.0,27.1,26.9,26.9,26.8,26.7,26.6,26.6,26.6,26.5,26.4,26.1,26.0,26.1,26.2,26.2,26.3,26.4,26.3,26.3,26.5,26.3,26.5,26.3,26.3,26.3,26.3,26.4,26.4,26.5,26.4,26.6,26.6,26.5,26.6,26.6,26.6,26.6,26.7,26.4,26.6,26.6,26.5,26.8,26.6,26.6,26.5,26.7,26.7,26.7,26.8,26.9,26.7,26.8,26.9,26.8,26.9,26.8,26.7,26.8,26.8,26.8,26.9,26.9,26.8,26.8,27.0,26.8,26.7,26.9,26.7,26.8,26.9,26.7,27.0,26.8,27.0,26.8,26.9,27.0,26.8,26.8,26.9,26.8,27.0,26.8,26.8,26.8,26.8,26.9,26.7,27.0,26.9,26.8,26.8,26.6,26.9,26.9,26.8,26.8,26.8,27.0,26.9,26.9,26.8,26.7,26.7
223,27.4,27.2,27.4,27.4,27.3,27.3,27.3,27.5,27.3,27.4,27.4,27.3,27.7,27.5,27.6,27.5,27.5,27.6,27.5,27.4,27.5,27.6,27.5,27.4,27.6,27.5,27.5,27.4,27.6,27.7,27.4,27.6,27.7,27.5,27.5,27.5,27.6,27.4,27.3,27.4,27.6,27.6,27.5,27.4,27.6,27.3,27.4,27.4,27.6,27.3,27.4,27.3,27.3,27.3,27.3,27.2,27.1,27.3,27.0,27.1,27.1,27.1,27.0,27.0,27.0,26.8,26.9,26.9,26.9,26.7,26.7,26.7,26.5,26.8,26.6,26.7,26.7,26.5,26.6,26.6,26.8,26.9,26.8,26.6,26.6,26.7,26.6,26.5,26.4,26.5,26.5,26.2,26.3,26.2,26.2,26.1,25.8,26.0,26.3,26.1,26.1,26.4,26.5,26.3,26.4,26.6,26.4,26.6,26.5,26.3,26.7,26.4,26.3,26.4,26.6,26.3,26.4,26.4,26.6,26.6,26.6,26.5,26.4,26.7,26.5,26.7,26.5,26.6,26.7,26.6,26.7,26.7,26.8,26.8,26.6,26.9,26.9,26.8,26.9,26.8,26.6,26.8,26.7,26.8,26.9,26.7,26.8,27.0,26.7,26.7,26.7,26.9,26.9,26.8,26.6,26.9,26.8,26.8,26.7,27.0,26.8,26.8,26.7,26.9,26.8,26.8,26.9,26.8,26.8,26.6,26.7,26.7,26.6,26.9,27.0,26.8,26.9,27.0,26.9,26.9,26.8,26.9,26.7,26.9,26.7,26.8,26.8,26.9,26.7,26.7,26.8,26.8
224,27.3,27.4,27.3,27.2,27.4,27.3,27.3,27.4,27.4,27.5,27.3,27.5,27.3,27.3,27.5,27.5,27.4,27.5,27.7,27.6,27.5,27.5,27.5,27.4,27.6,27.4,27.5,27.4,27.5,27.5,27.5,27.4,27.6,27.5,27.5,27.4,27.4,27.5,27.5,27.5,27.5,27.3,27.4,27.2,27.4,27.4,27.3,27.4,27.4,27.3,27.4,27.2,27.2,27.4,27.3,27.2,27.0,27.1,27.1,27.2,27.2,27.1,27.0,26.9,26.9,26.9,26.9,26.8,26.6,26.5,26.7,26.6,26.5,26.6,26.4,26.5,26.3,26.3,26.5,26.5,26.4,26.5,26.4,26.4,26.2,26.4,26.4,26.3,26.4,26.3,26.2,26.1,26.2,26.1,26.0,26.0,25.9,25.6,25.9,26.1,26.3,26.2,26.3,26.3,26.4,26.4,26.3,26.5,26.4,26.6,26.4,26.5,26.2,26.5,26.6,26.5,26.4,26.6,26.4,26.5,26.4,26.6,26.4,26.5,26.6,26.6,26.6,26.6,26.6,26.6,26.5,26.5,26.6,26.6,26.7,26.7,26.8,26.6,26.7,26.7,26.7,26.9,26.6,26.7,26.6,26.6,26.7,26.7,26.9,26.8,26.8,26.9,26.9,26.9,26.7,26.8,26.7,26.8,26.8,26.7,26.7,26.8,26.6,26.7,27.0,26.8,26.8,26.5,26.8,26.8,26.5,26.8,26.7,26.6,26.6,26.7,26.6,26.7,26.9,26.7,26.8,26.7,26.7,26.7,26.8,26.7,26.7,26.8,26.7,26.7,26.6,26.7
225,27.4,27.2,27.3,27.2,27.2,27.3,27.4,27.3,27.3,27.3,27.3,27.4,27.2,27.3,27.4,27.5,27.3,27.3,27.5,27.3,27.4,27.5,27.5,27.2,27.4,27.4,27.5,27.4,27.6,27.5,27.5,27.6,27.4,27.4,27.3,27.5,27.4,27.3,27.5,27.4,27.3,27.5,27.3,27.2,27.2,27.4,27.4,27.3,27.4,27.3,27.3,27.2,27.1,27.2,27.3,27.2,27.0,27.0,27.1,27.1,26.9,27.0,26.8,27.0,26.7,26.9,26.9,26.8,26.7,26.5,26.5,26.5,26.3,26.3,26.4,26.2,26.3,26.4,26.2,26.3,26.5,26.4,26.2,26.2,26.3,26.2,26.0,26.2,26.1,25.8,25.9,26.0,25.9,25.8,25.9,25.7,25.9,25.7,25.9,26.1,26.3,26.2,26.2,26.4,26.4,26.5,26.5,26.5,26.5,26.4,26.4,26.4,26.5,26.4,26.5,26.5,26.5,26.6,26.5,26.6,26.6,26.6,26.6,26.6,26.4,26.7,26.6,26.6,26.5,26.5,26.7,26.7,26.8,26.7,26.6,26.8,26.8,26.6,26.7,26.8,26.7,26.6,26.8,26.8,26.8,26.8,26.8,26.8,26.8,26.7,26.9,26.7,26.9,26.8,26.8,26.8,26.8,26.9,26.8,26.8,26.7,26.8,26.8,26.7,26.6,26.9,26.7,26.7,26.7,26.8,26.7,26.7,26.6,26.7,26.6,26.6,26.6,26.7,26.8,26.7,26.7,26.7,26.7,26.8,26.8,26.9,26.7,26.9,26.6,26.5,26.7,26.8
226,27.5,27.3,27.3,27.3,27.4,27.5,27.5,27.3,27.5,27.3,27.6,27.5,27.2,27.5,27.4,27.4,27.4,27.5,27.5,27.5,27.4,27.5,27.3,27.5,27.6,27.6,27.4,27.4,27.5,27.5,27.5,27.4,27.6,27.5,27.6,27.6,27.4,27.5,27.4,27.4,27.3,27.3,27.5,27.3,27.3,27.4,27.3,27.4,27.5,27.1,27.4,27.3,27.1,27.3,27.3,27.2,27.1,27.1,27.1,26.9,27.0,27.0,27.0,26.9,26.9,26.9,26.9,26.8,26.5,26.4,26.5,26.5,26.3,26.5,26.3,26.2,26.3,26.2,26.0,26.3,26.2,26.4,26.2,26.1,26.0,26.1,26.0,26.2,26.1,26.0,26.0,25.7,25.9,25.8,25.7,25.6,25.8,25.9,26.0,26.1,26.3,26.4,26.4,26.4,26.4,26.6,26.4,26.4,26.6,26.6,26.6,26.6,26.6,26.5,26.5,26.5,26.5,26.6,26.6,26.5,26.6,26.7,26.6,26.7,26.7,26.6,26.8,26.6,26.5,26.8,26.6,26.6,26.6,26.7,26.8,26.8,26.9,26.9,26.7,26.8,26.8,26.7,26.7,26.8,26.7,26.7,26.8,26.8,26.7,26.9,26.8,27.0,26.8,26.9,26.9,26.8,26.9,26.7,26.9,26.8,26.9,26.8,26.7,26.8,26.9,26.8,26.9,26.8,26.9,26.7,26.6,26.8,26.8,26.7,26.9,26.6,26.7,26.9,26.7,26.9,26.7,26.8,26.8,26.8,26.6,26.8,26.7,26.7,26.6,26.8,26.6,26.9
227,27.5,27.2,27.4,27.2,27.3,27.3,27.4,27.5,27.3,27.4,27.4,27.7,27.3,27.2,27.4,27.4,27.3,27.3,27.4,27.5,27.4,27.4,27.4,27.3,27.5,27.4,27.5,27.5,27.5,27.6,27.3,27.4,27.6,27.6,27.5,27.5,27.3,27.5,27.4,27.3,27.4,27.3,27.4,27.5,27.3,27.4,27.3,27.3,27.3,27.3,27.3,27.1,27.2,27.2,27.2,27.2,27.2,27.1,27.2,27.0,27.0,26.9,27.0,26.9,26.9,26.8,26.8,26.9,26.8,26.6,26.3,26.5,26.4,26.3,26.3,26.2,26.2,26.3,26.2,26.2,26.1,26.2,26.1,26.0,26.0,26.0,26.2,26.1,26.2,25.9,25.9,25.7,25.8,25.7,25.7,25.7,25.7,25.8,26.0,26.4,26.4,26.4,26.3,26.3,26.4,26.4,26.4,26.7,26.4,26.6,26.5,26.5,26.6,26.5,26.5,26.4,26.4,26.4,26.6,26.5,26.4,26.7,26.4,26.6,26.4,26.7,26.6,26.7,26.5,26.7,26.7,26.6,26.6,26.8,26.7,26.9,26.9,26.8,26.7,26.8,26.8,26.9,26.9,26.7,26.9,26.9,26.9,26.9,26.9,26.8,26.8,26.8,26.8,26.9,26.7,26.9,26.8,26.7,26.9,26.6,26.9,26.6,26.7,26.6,26.9,26.8,26.9,26.9,26.8,26.8,26.8,26.9,26.7,26.7,26.8,26.6,26.7,26.9,26.7,26.7,26.7,26.9,26.9,26.9,26.7,26.8,26.7,26.7,26.6,26.6,26.8,26.6
228,27.4,27.3,27.3,27.3,27.2,27.3,27.3,27.4,27.3,27.3,27.3,27.4,27.4,27.3,27.3,27.3,27.5,27.4,27.6,27.5,27.5,27.3,27.3,27.5,27.3,27.4,27.5,27.3,27.4,27.4,27.5,27.3,27.6,27.4,27.4,27.5,27.4,27.4,27.3,27.4,27.5,27.4,27.4,27.2,27.4,27.2,27.4,27.3,27.2,27.2,27.1,27.2,27.1,27.2,27.2,27.1,27.3,27.2,27.0,27.0,27.1,26.9,26.9,26.9,26.9,26.9,26.8,26.7,26.7,26.6,26.4,26.2,26.3,26.2,26.1,26.2,26.2,26.2,26.1,26.1,26.0,26.1,26.1,26.2,26.1,26.1,26.1,26.2,25.8,25.9,25.8,25.7,25.7,25.8,25.6,25.7,25.6,25.7,26.1,26.2,26.4,26.4,26.4,26.2,26.4,26.5,26.5,26.5,26.4,26.4,26.6,26.6,26.4,26.5,26.6,26.7,26.6,26.6,26.5,26.5,26.6,26.6,26.6,26.8,26.6,26.8,26.6,26.8,26.7,26.6,26.6,26.7,26.8,26.8,26.7,26.8,26.8,26.6,26.7,26.8,26.7,26.8,26.8,26.6,26.7,26.8,26.7,26.8,26.7,26.7,26.7,26.7,26.8,26.7,26.8,26.7,26.9,26.8,26.7,26.8,26.9,26.8,26.8,26.8,26.9,26.9,26.7,26.8,26.9,26.6,26.6,26.7,26.8,26.6,26.6,26.6,26.6,26.7,26.6,26.6,26.6,26.7,26.6,26.9,26.9,26.7,26.8,26.8,26.7,26.8,26.7,26.7
229,27.3,27.3,27.4,27.2,27.1,27.3,27.3,27.4,27.3,27.4,27.2,27.4,27.3,27.4,27.5,27.3,27.2,27.5,27.4,27.4,27.3,27.3,27.3,27.3,27.2,27.3,27.4,27.3,27.3,27.4,27.3,27.3,27.3,27.5,27.4,27.6,27.3,27.4,27.5,27.4,27.2,27.3,27.4,27.4,27.2,27.4,27.4,27.3,27.2,27.3,27.1,27.2,27.1,26.9,27.1,27.3,27.1,27.1,27.0,26.9,27.0,26.9,26.8,27.0,26.8,26.6,26.7,26.6,26.6,26.5,26.5,26.4,26.3,26.2,26.2,26.0,26.1,26.2,26.1,26.1,26.1,25.8,25.9,26.0,26.0,26.0,25.8,25.8,25.9,25.8,25.6,25.6,25.7,25.7,25.5,25.5,25.7,25.7,25.9,26.2,26.3,26.4,26.4,26.3,26.5,26.4,26.4,26.4,26.6,26.5,26.6,26.6,26.5,26.6,26.5,26.5,26.5,26.6,26.5,26.5,26.7,26.6,26.7,26.5,26.6,26.7,26.7,26.5,26.6,26.7,26.8,26.7,26.7,26.9,26.8,26.7,26.7,26.6,26.7,26.7,26.6,26.6,26.9,26.8,26.6,26.6,26.6,26.9,26.8,26.8,26.9,26.9,26.6,26.9,26.7,26.6,26.9,26.8,26.7,26.7,26.8,26.7,26.8,26.7,26.9,26.6,26.6,26.7,26.8,26.9,26.8,26.7,26.7,26.9,26.8,26.7,26.7,26.8,26.8,26.7,26.7,26.7,26.9,26.9,26.6,26.7,26.9,26.8,26.6,26.6,26.8,26.7
230,27.3,27.4,27.3,27.4,27.3,27.3,27.4,27.4,27.4,27.4,27.4,27.3,27.3,27.2,27.4,27.3,27.3,27.3,27.4,27.6,27.5,27.6,27.4,27.3,27.3,27.4,27.4,27.3,27.3,27.6,27.4,27.4,27.4,27.3,27.5,27.4,27.4,27.5,27.4,27.3,27.3,27.4,27.2,27.1,27.2,27.3,27.3,27.2,27.3,27.3,27.2,27.2,27.2,27.1,27.1,27.1,27.3,27.2,27.0,26.9,26.9,26.8,26.9,26.8,26.7,26.6,26.8,26.8,26.7,26.6,26.3,26.4,26.3,26.1,26.2,26.1,25.9,26.3,26.0,25.8,26.0,25.9,26.0,26.0,26.0,25.8,26.0,25.9,25.8,25.9,25.6,25.6,25.6,25.7,25.6,25.5,25.7,25.7,26.1,26.3,26.3,26.4,26.4,26.4,26.4,26.4,26.5,26.7,26.5,26.4,26.5,26.5,26.6,26.6,26.6,26.4,26.5,26.6,26.6,26.5,26.7,26.7,26.8,26.6,26.6,26.7,26.6,26.7,26.8,26.6,26.6,26.7,26.9,26.7,26.6,26.7,26.7,26.7,26.9,26.9,26.8,26.6,26.9,26.7,26.8,26.8,26.8,26.8,26.6,26.8,26.8,26.8,26.7,26.8,26.8,26.7,26.9,26.9,26.8,26.9,26.8,26.8,26.9,26.8,26.8,26.6,26.9,26.9,26.7,26.8,26.8,26.7,26.6,26.7,26.7,26.7,26.8,26.8,26.9,26.6,26.8,26.7,26.8,26.8,26.8,26.9,26.9,27.0,26.6,26.6,26.6,26.6
231,27.2,27.3,27.3,27.3,27.2,27.2,27.3,27.2,27.2,27.1,27.3,27.3,27.4,27.2,27.3,27.3,27.4,27.3,27.3,27.5,27.4,27.5,27.5,27.5,27.4,27.3,27.4,27.4,27.4,27.5,27.4,27.5,27.4,27.4,27.3,27.4,27.4,27.4,27.3,27.3,27.2,27.3,27.2,27.4,27.4,27.3,27.3,27.0,27.1,27.3,27.3,27.1,27.2,27.0,27.2,27.2,26.9,27.0,27.1,27.0,27.0,26.9,26.9,26.8,26.9,26.8,26.8,26.6,26.6,26.4,26.6,26.4,26.3,26.4,26.0,26.1,26.0,25.9,26.1,25.8,25.9,25.9,26.0,25.9,25.9,25.8,25.8,25.8,25.7,25.8,25.7,25.7,25.7,25.5,25.4,25.5,25.5,25.8,25.9,26.3,26.2,26.4,26.4,26.2,26.7,26.4,26.4,26.6,26.5,26.6,26.5,26.4,26.6,26.6,26.7,26.6,26.6,26.7,26.7,26.6,26.7,26.6,26.4,26.7,26.6,26.7,26.5,26.7,26.6,26.5,26.6,26.5,26.7,26.7,26.6,26.6,26.7,26.7,26.8,26.7,26.5,26.7,26.7,26.9,26.7,26.8,26.6,26.7,26.7,26.6,26.9,26.7,26.7,26.9,26.7,26.7,26.7,26.7,26.7,26.7,26.8,26.7,26.8,26.7,26.6,26.7,26.7,26.9,26.7,26.6,26.6,26.7,26.8,26.6,26.8,26.6,26.6,26.7,26.7,26.7,26.7,26.7,26.6,26.8,26.8,26.8,26.7,26.7,26.6,26.9,26.8,26.6
232,27.5,27.2,27.3,27.2,27.3,27.2,27.3,27.2,27.3,27.3,27.1,27.2,27.1,27.3,27.2,27.4,27.4,27.3,27.2,27.3,27.2,27.3,27.3,27.5,27.5,27.2,27.3,27.3,27.3,27.3,27.5,27.3,27.3,27.3,27.4,27.5,27.4,27.4,27.3,27.1,27.4,27.3,27.3,27.2,27.2,27.4,27.2,27.2,27.2,27.1,27.2,27.2,27.1,27.0,27.2,27.1,27.1,27.1,26.9,26.9,26.9,26.9,26.7,26.9,26.7,26.8,26.7,26.8,26.6,26.5,26.3,26.3,26.0,26.1,26.3,26.1,26.0,26.0,25.8,25.9,25.8,25.9,25.6,25.8,25.8,25.7,25.7,25.8,25.8,25.6,25.7,25.7,25.3,25.5,25.4,25.5,25.5,25.8,25.8,26.3,26.3,26.4,26.4,26.5,26.4,26.4,26.6,26.5,26.5,26.4,26.5,26.6,26.4,26.5,26.5,26.5,26.6,26.5,26.5,26.5,26.7,26.6,26.6,26.7,26.5,26.7,26.7,26.7,26.7,26.6,26.6,26.6,26.6,26.5,26.6,26.7,26.7,26.6,26.7,26.6,26.7,26.7,26.7,26.8,26.8,26.7,26.6,26.7,26.6,26.7,26.7,26.9,26.8,26.6,26.8,26.6,26.7,26.8,26.8,26.8,26.6,26.7,26.6,26.7,26.8,26.6,26.8,26.7,26.9,26.8,26.7,26.6,26.7,26.7,26.7,26.6,26.8,26.7,26.7,26.6,26.6,26.8,26.7,26.8,26.9,26.7,26.8,26.8,26.6,26.7,26.7,26.7
233,27.2,27.2,27.3,27.2,27.2,27.3,27.3,27.2,27.3,27.2,27.1,27.4,27.3,27.4,27.2,27.3,27.4,27.3,27.3,27.3,27.5,27.3,27.4,27.2,27.3,27.5,27.5,27.2,27.3,27.6,27.3,27.5,27.3,27.3,27.4,27.4,27.3,27.4,27.3,27.2,27.1,27.4,27.3,27.1,27.1,27.2,27.4,27.2,27.1,27.2,27.2,26.9,27.0,27.0,26.9,27.1,27.0,27.0,26.8,26.9,26.9,26.9,27.0,26.7,26.8,26.7,26.6,26.6,26.5,26.4,26.3,26.4,26.2,26.1,26.1,26.0,26.0,26.1,25.9,25.9,25.8,25.8,25.9,25.9,25.7,25.8,25.7,25.7,25.7,25.5,25.7,25.6,25.5,25.5,25.4,25.6,25.5,25.7,25.9,26.2,26.3,26.2,26.6,26.5,26.5,26.5,26.3,26.5,26.4,26.4,26.5,26.6,26.4,26.5,26.5,26.6,26.6,26.8,26.6,26.5,26.5,26.6,26.4,26.6,26.6,26.6,26.7,26.6,26.6,26.8,26.6,26.6,26.7,26.7,26.7,26.8,26.6,26.6,26.7,26.6,26.6,26.6,26.6,26.6,26.6,26.7,26.6,26.6,26.6,26.5,26.6,26.7,26.8,26.5,26.7,26.7,26.7,26.8,26.9,26.7,26.7,26.6,26.7,26.6,26.7,26.6,26.6,26.8,26.7,26.6,26.5,26.7,26.8,26.5,26.9,26.7,26.7,26.6,26.7,26.6,26.8,26.6,26.7,26.8,26.7,26.8,26.7,26.8,26.7,26.9,26.7,26.6
234,27.3,27.3,27.3,27.3,27.4,27.2,27.1,27.3,27.2,27.2,27.2,27.2,27.2,27.3,27.4,27.4,27.3,27.2,27.4,27.5,27.4,27.3,27.4,27.3,27.4,27.2,27.4,27.1,27.5,27.5,27.2,27.2,27.3,27.5,27.5,27.4,27.4,27.2,27.2,27.1,27.3,27.4,27.2,27.4,27.2,27.3,27.1,27.2,27.1,27.1,27.1,27.0,27.2,27.0,27.1,27.0,27.3,27.0,26.8,26.9,27.1,26.7,26.9,26.7,26.6,26.7,26.7,26.6,26.4,26.4,26.3,26.2,26.0,26.4,26.1,26.2,25.9,26.2,26.0,26.1,25.8,26.0,25.9,26.1,26.1,26.0,25.8,25.9,25.8,25.8,25.7,25.6,25.5,25.7,25.5,25.7,25.7,25.9,26.0,26.2,26.2,26.4,26.6,26.4,26.3,26.4,26.5,26.4,26.6,26.4,26.5,26.6,26.6,26.6,26.5,26.5,26.7,26.6,26.6,26.6,26.6,26.7,26.6,26.6,26.6,26.5,26.5,26.6,26.6,26.8,26.5,26.4,26.6,26.6,26.5,26.6,26.6,26.5,26.6,26.6,26.8,26.4,26.7,26.7,26.6,26.6,26.6,26.6,26.7,26.8,26.7,26.9,26.6,26.6,26.7,26.6,26.8,26.7,26.7,26.7,26.7,26.7,26.5,26.6,26.9,26.8,26.8,26.6,26.7,26.7,26.5,26.6,26.6,26.5,26.7,26.7,26.6,26.8,26.6,26.6,26.7,26.6,26.9,26.6,26.8,26.8,26.8,26.7,26.6,26.6,26.6,26.7
235,27.2,27.1,27.4,27.2,27.2,27.3,27.1,27.3,27.2,27.1,27.2,27.2,27.2,27.3,27.3,27.3,27.2,27.2,27.3,27.2,27.3,27.3,27.1,27.3,27.4,27.2,27.4,27.2,27.4,27.4,27.5,27.4,27.4,27.3,27.5,27.3,27.4,27.3,27.4,27.2,27.2,27.2,27.3,27.2,27.1,27.2,27.2,27.2,27.3,27.2,27.0,27.1,27.1,27.1,27.0,27.0,26.9,27.1,27.0,26.9,26.9,26.7,26.9,26.7,26.8,26.7,26.8,26.6,26.4,26.3,26.4,26.3,26.2,26.3,26.3,26.2,26.0,26.2,26.2,26.0,25.9,26.1,25.9,26.1,26.1,25.8,25.8,25.8,25.8,25.7,25.8,25.6,25.7,25.8,25.7,25.8,25.7,25.8,26.0,26.2,26.4,26.4,26.5,26.4,26.3,26.4,26.4,26.6,26.5,26.4,26.4,26.3,26.6,26.6,26.7,26.5,26.4,26.6,26.5,26.6,26.5,26.6,26.6,26.7,26.7,26.7,26.6,26.5,26.5,26.7,26.6,26.6,26.8,26.7,26.6,26.6,26.7,26.6,26.6,26.8,26.7,26.6,26.6,26.6,26.7,26.7,26.7,26.6,26.6,26.8,26.7,26.7,26.8,26.8,26.6,26.6,26.6,26.6,26.7,26.6,26.6,26.5,26.7,26.8,26.7,26.7,26.6,26.8,26.7,26.8,26.7,26.6,26.7,26.6,26.7,26.7,26.7,26.7,26.7,26.9,26.7,26.6,26.6,26.7,26.8,26.7,26.8,26.5,26.7,26.9,26.8,26.6
236,27.2,27.2,27.1,27.2,27.2,27.2,27.1,27.3,27.2,27.3,27.3,27.3,27.1,27.2,27.3,27.3,27.2,27.1,27.3,27.2,27.4,27.1,27.4,27.2,27.3,27.4,27.4,27.3,27.3,27.4,27.1,27.3,27.2,27.2,27.3,27.1,27.4,27.2,27.3,27.3,27.1,27.3,27.2,27.1,27.2,27.1,27.2,27.1,27.2,27.3,27.1,27.1,27.0,26.9,26.9,26.9,26.9,26.9,26.9,26.9,26.8,26.9,26.8,26.8,26.8,26.8,26.6,26.6,26.6,26.4,26.4,26.3,26.2,26.3,26.3,26.2,26.1,26.1,26.2,25.9,26.3,25.9,26.2,25.9,25.9,25.8,25.8,26.0,26.0,26.0,25.7,25.7,25.8,26.0,25.7,25.6,25.7,25.7,26.0,26.3,26.5,26.4,26.3,26.5,26.4,26.6,26.4,26.5,26.5,26.6,26.5,26.6,26.7,26.5,26.4,26.4,26.3,26.5,26.5,26.5,26.5,26.5,26.6,26.4,26.4,26.7,26.6,26.7,26.5,26.6,26.6,26.5,26.6,26.6,26.6,26.5,26.7,26.6,26.5,26.5,26.6,26.6,26.7,26.6,26.8,26.7,26.5,26.6,26.6,26.6,26.6,26.7,26.5,26.6,26.6,26.6,26.6,26.6,26.6,26.5,26.7,26.7,26.5,26.6,26.8,26.6,26.7,26.6,26.8,26.6,26.7,26.5,26.7,26.7,26.6,26.7,26.6,26.6,26.6,26.6,26.5,26.7,26.6,26.7,26.6,26.7,26.6,26.6,26.6,26.6,26.5,26.8
237,27.2,27.2,27.2,27.2,27.2,27.1,27.3,27.2,27.1,27.3,27.2,27.4,27.2,27.3,27.3,27.3,27.2,27.3,27.3,27.3,27.2,27.3,27.3,27.3,27.1,27.3,27.3,27.1,27.3,27.3,27.3,27.3,27.1,27.3,27.3,27.4,27.1,27.3,27.2,27.2,27.3,27.0,27.1,27.2,27.1,27.2,26.9,27.1,27.2,27.1,27.0,27.0,27.0,27.0,26.8,27.0,27.0,26.9,26.9,26.9,26.8,26.8,26.7,26.8,26.6,26.7,26.6,26.6,26.7,26.4,26.3,26.4,26.4,26.4,26.2,26.2,26.2,26.4,26.1,26.1,26.2,26.2,26.1,26.1,25.9,25.9,25.7,26.0,25.9,26.1,25.8,26.0,25.7,25.9,25.8,25.8,25.7,25.7,26.2,26.2,26.2,26.4,26.5,26.3,26.4,26.5,26.5,26.5,26.5,26.3,26.5,26.5,26.4,26.4,26.4,26.4,26.5,26.6,26.6,26.4,26.6,26.4,26.5,26.6,26.5,26.5,26.6,26.6,26.6,26.4,26.4,26.4,26.6,26.6,26.8,26.6,26.7,26.5,26.6,26.5,26.5,26.6,26.6,26.6,26.6,26.7,26.6,26.6,26.6,26.7,26.5,26.5,26.6,26.4,26.7,26.6,26.6,26.7,26.6,26.5,26.6,26.5,26.5,26.7,26.7,26.6,26.6,26.6,26.6,26.6,26.6,26.6,26.6,26.5,26.7,26.6,26.7,26.8,26.6,26.6,26.6,26.6,26.6,26.7,26.8,26.7,26.7,26.7,26.8,26.4,26.7,26.6
238,27.3,27.1,27.2,27.1,27.0,27.3,27.2,27.2,27.2,27.0,27.3,27.2,27.0,27.3,27.1,27.2,27.2,27.2,27.3,27.2,27.5,27.2,27.2,27.3,27.3,27.2,27.3,27.3,27.1,27.2,27.2,27.3,27.3,27.2,27.2,27.2,27.1,27.2,27.1,27.2,27.2,27.1,27.1,27.3,27.1,27.2,27.1,26.9,27.1,27.1,27.0,26.9,26.9,27.0,27.0,27.0,26.9,27.0,26.9,26.9,27.1,26.9,26.8,26.7,26.8,26.7,26.7,26.5,26.5,26.4,26.3,26.4,26.2,26.3,26.2,26.2,26.2,26.1,26.1,26.1,26.2,26.2,26.1,26.2,26.2,26.0,26.0,26.0,26.0,26.1,25.9,25.8,25.9,25.7,25.8,25.7,25.7,25.7,26.1,26.3,26.3,26.4,26.4,26.5,26.5,26.5,26.5,26.5,26.4,26.4,26.4,26.4,26.6,26.4,26.4,26.5,26.6,26.4,26.4,26.6,26.6,26.6,26.6,26.5,26.6,26.5,26.5,26.5,26.6,26.6,26.5,26.5,26.5,26.6,26.5,26.5,26.6,26.6,26.5,26.4,26.6,26.5,26.6,26.5,26.7,26.8,26.6,26.6,26.8,26.9,26.6,26.8,26.5,26.8,26.6,26.5,26.6,26.7,26.7,26.7,26.6,26.7,26.6,26.6,26.7,26.6,26.6,26.6,26.7,26.6,26.7,26.7,26.8,26.6,26.6,26.7,26.7,26.7,26.7,26.5,26.6,26.6,26.7,26.9,26.6,26.6,26.8,26.6,26.6,26.8,26.6,26.7
239,27.2,27.1,27.3,27.2,27.2,27.3,27.2,27.3,27.3,27.1,27.1,27.2,27.2,27.2,27.3,27.3,27.5,27.3,27.3,27.2,27.0,27.1,27.2,27.3,27.2,27.4,27.2,27.3,27.2,27.1,27.3,27.3,27.4,27.2,27.0,27.2,27.0,27.1,27.1,27.3,27.2,26.9,27.2,27.2,27.2,27.2,27.2,27.0,27.1,27.2,27.1,27.1,26.9,27.0,26.8,26.7,26.8,26.9,26.9,26.9,26.7,26.9,26.8,26.9,26.9,26.6,26.6,26.6,26.5,26.4,26.3,26.4,26.4,26.4,26.2,26.2,26.2,26.2,26.0,26.2,26.1,26.3,26.1,26.0,26.1,26.2,26.2,25.9,26.0,26.0,25.9,25.9,25.7,25.7,25.7,25.7,25.7,25.7,26.0,26.3,26.3,26.2,26.6,26.5,26.4,26.4,26.5,26.6,26.5,26.5,26.4,26.4,26.6,26.5,26.6,26.4,26.4,26.6,26.4,26.4,26.5,26.5,26.5,26.5,26.5,26.5,26.4,26.5,26.4,26.6,26.5,26.6,26.6,26.5,26.5,26.4,26.6,26.5,26.6,26.6,26.6,26.6,26.5,26.6,26.6,26.6,26.7,26.5,26.5,26.6,26.5,26.7,26.5,26.5,26.5,26.7,26.6,26.6,26.6,26.4,26.6,26.5,26.5,26.6,26.5,26.5,26.5,26.7,26.6,26.6,26.6,26.6,26.6,26.6,26.6,26.6,26.4,26.9,26.6,26.7,26.6,26.9,26.7,26.8,26.6,26.6,26.6,26.8,26.6,26.8,26.8,26.6
240,27.2,27.3,27.4,27.1,27.1,27.2,27.2,27.1,27.4,27.1,27.1,27.2,27.3,27.2,27.2,27.3,27.2,27.3,27.2,27.2,27.3,27.5,27.3,27.2,27.2,27.3,27.2,27.2,27.4,27.2,27.3,27.3,27.3,27.1,27.2,27.3,27.2,27.3,27.1,27.2,27.1,27.1,27.2,27.1,27.1,27.1,27.1,26.9,27.1,27.2,27.1,27.1,26.9,27.0,27.1,26.9,27.0,26.9,26.9,26.8,26.9,26.9,26.7,26.9,26.8,26.7,26.7,26.6,26.6,26.5,26.4,26.4,26.4,26.3,26.3,26.4,26.3,26.3,26.2,26.0,26.2,26.2,26.2,26.1,26.2,26.0,26.1,26.2,26.1,26.0,25.9,25.8,26.0,25.8,25.7,25.8,25.8,25.7,26.1,26.4,26.3,26.3,26.4,26.2,26.5,26.5,26.4,26.4,26.4,26.6,26.4,26.5,26.4,26.5,26.4,26.4,26.4,26.6,26.4,26.7,26.6,26.6,26.6,26.5,26.5,26.6,26.5,26.7,26.6,26.5,26.6,26.4,26.6,26.4,26.6,26.6,26.5,26.5,26.4,26.6,26.4,26.6,26.4,26.4,26.6,26.6,26.5,26.6,26.5,26.5,26.5,26.9,26.6,26.7,26.6,26.6,26.7,26.6,26.6,26.6,26.5,26.5,26.5,26.6,26.7,26.5,26.6,26.7,26.7,26.6,26.5,26.7,26.7,26.6,26.6,26.5,26.8,26.9,26.6,26.7,26.6,26.7,26.6,26.6,26.6,26.6,26.6,26.5,26.4,26.6,26.4,26.6
241,27.3,27.2,27.2,27.1,27.2,27.1,27.4,27.1,27.2,27.1,27.2,27.3,27.2,27.1,27.1,27.2,27.3,27.1,27.2,27.3,27.1,27.2,27.2,27.2,27.2,27.2,26.9,27.2,27.3,27.2,27.1,27.1,27.1,27.3,27.2,27.1,27.1,27.1,27.1,27.0,27.1,26.9,27.1,27.0,27.0,27.0,27.2,27.1,27.1,27.2,26.9,26.9,27.0,27.0,27.0,26.9,26.9,27.1,27.0,26.7,26.9,26.8,26.8,26.8,26.7,26.6,26.5,26.7,26.6,26.4,26.3,26.2,26.4,26.4,26.1,26.2,26.1,26.2,26.2,26.2,26.0,26.2,26.2,26.3,26.2,26.0,26.0,25.9,25.9,25.8,26.0,25.7,26.0,25.9,25.8,25.8,25.6,25.9,26.1,26.2,26.4,26.4,26.5,26.3,26.4,26.4,26.4,26.5,26.5,26.4,26.6,26.6,26.4,26.4,26.5,26.6,26.5,26.4,26.6,26.5,26.6,26.6,26.5,26.4,26.4,26.6,26.4,26.5,26.5,26.4,26.5,26.5,26.5,26.4,26.5,26.6,26.5,26.6,26.6,26.6,26.5,26.5,26.5,26.5,26.5,26.5,26.6,26.4,26.5,26.6,26.5,26.6,26.7,26.5,26.6,26.5,26.6,26.6,26.6,26.4,26.5,26.7,26.5,26.6,26.5,26.5,26.6,26.8,26.8,26.7,26.7,26.4,26.7,26.6,26.5,26.5,26.6,26.7,26.6,26.7,26.6,26.4,26.6,26.6,26.5,26.7,26.6,26.6,26.6,26.6,26.6,26.8
242,27.0,27.2,27.5,27.1,27.1,27.3,27.1,27.3,27.2,27.1,27.1,27.2,27.2,27.1,27.2,27.1,27.3,27.2,27.0,27.2,27.2,27.1,27.3,27.0,27.2,27.3,27.2,27.1,27.3,27.1,26.9,27.2,27.2,27.1,27.4,27.2,27.2,27.1,27.2,27.1,27.2,27.2,27.0,27.2,27.1,27.0,27.0,27.0,26.9,27.2,27.0,27.0,26.9,26.9,27.1,27.0,27.0,26.7,26.9,26.9,26.8,26.7,26.9,26.8,26.8,26.7,26.7,26.6,26.7,26.4,26.2,26.2,26.3,26.3,26.2,26.1,26.1,26.3,26.1,26.1,26.1,26.2,26.1,26.2,26.2,26.1,25.9,26.0,26.0,25.8,25.8,26.0,25.9,25.9,25.8,25.7,25.8,25.8,26.0,26.2,26.2,26.4,26.3,26.2,26.4,26.6,26.4,26.4,26.3,26.5,26.4,26.5,26.3,26.5,26.5,26.5,26.5,26.5,26.4,26.5,26.6,26.4,26.6,26.4,26.5,26.6,26.4,26.4,26.4,26.6,26.4,26.5,26.6,26.5,26.5,26.5,26.5,26.5,26.4,26.4,26.4,26.3,26.4,26.6,26.5,26.5,26.6,26.6,26.6,26.6,26.5,26.7,26.6,26.6,26.4,26.5,26.5,26.6,26.5,26.6,26.5,26.5,26.4,26.6,26.6,26.6,26.6,26.6,26.7,26.6,26.7,26.5,26.8,26.6,26.6,26.7,26.4,26.6,26.6,26.8,26.8,26.6,26.6,26.8,26.5,26.6,26.8,26.7,26.8,26.7,26.8,26.6
243,27.2,27.2,27.3,27.1,27.2,27.1,27.0,27.2,27.3,27.1,27.0,27.2,27.1,27.1,27.3,27.3,27.1,27.3,27.3,27.1,27.3,27.2,27.3,27.1,27.2,27.2,27.0,27.1,27.2,27.1,27.1,27.1,27.1,27.3,27.1,27.1,27.1,27.0,27.0,27.2,27.0,27.1,27.0,27.2,27.2,27.1,27.1,27.0,27.0,27.1,26.9,26.9,26.9,26.8,26.9,26.8,26.9,26.9,26.9,26.8,26.8,26.9,26.7,26.6,26.6,26.7,26.7,26.6,26.6,26.4,26.3,26.2,26.3,26.2,26.1,26.2,26.2,26.2,26.2,26.1,26.2,26.1,26.1,26.0,25.9,26.0,25.9,26.2,25.8,25.9,26.0,25.8,26.0,25.9,25.6,25.7,25.7,25.7,25.9,26.4,26.2,26.4,26.5,26.3,26.5,26.4,26.4,26.5,26.5,26.3,26.4,26.4,26.5,26.5,26.3,26.5,26.5,26.5,26.5,26.5,26.4,26.4,26.5,26.5,26.6,26.5,26.5,26.5,26.5,26.4,26.4,26.4,26.5,26.3,26.3,26.4,26.4,26.4,26.7,26.4,26.4,26.4,26.5,26.4,26.3,26.4,26.4,26.6,26.6,26.5,26.6,26.5,26.5,26.5,26.4,26.6,26.7,26.6,26.4,26.4,26.5,26.4,26.5,26.6,26.6,26.4,26.7,26.6,26.6,26.6,26.6,26.6,26.6,26.5,26.6,26.7,26.6,26.7,26.6,26.7,26.6,26.6,26.7,26.7,26.6,26.5,26.6,26.8,26.7,26.7,26.7,26.6
244,27.1,27.1,27.1,27.1,27.2,27.3,27.1,27.1,27.1,27.3,27.2,27.2,27.1,27.1,27.3,27.3,27.2,27.2,27.2,27.1,27.1,27.2,27.1,27.1,27.0,27.0,27.2,27.1,27.3,27.2,27.3,27.1,27.0,27.3,27.2,27.2,27.3,27.1,27.1,27.3,27.3,27.1,27.1,27.1,27.3,27.1,27.2,27.1,27.1,27.0,26.9,26.9,26.9,26.9,27.1,26.9,27.1,26.7,26.9,26.8,26.9,26.9,26.8,26.7,26.6,26.9,26.7,26.6,26.5,26.5,26.4,26.3,26.3,26.3,26.2,26.2,26.3,26.2,26.2,26.2,26.1,26.0,26.1,26.2,26.0,25.8,25.9,26.0,25.9,25.9,25.9,25.7,25.8,26.0,25.7,25.8,25.7,25.7,26.1,26.2,26.2,26.2,26.4,26.4,26.4,26.5,26.4,26.4,26.4,26.4,26.4,26.5,26.4,26.3,26.5,26.2,26.6,26.5,26.4,26.3,26.6,26.3,26.3,26.6,26.4,26.4,26.2,26.4,26.3,26.4,26.4,26.4,26.5,26.5,26.4,26.4,26.4,26.4,26.4,26.4,26.6,26.4,26.4,26.3,26.3,26.4,26.4,26.4,26.4,26.6,26.5,26.5,26.5,26.6,26.5,26.6,26.5,26.5,26.6,26.4,26.6,26.6,26.4,26.5,26.6,26.4,26.6,26.5,26.6,26.5,26.5,26.6,26.6,26.6,26.6,26.6,26.7,26.6,26.5,26.6,26.6,26.6,26.6,26.6,26.6,26.6,26.5,26.6,26.7,26.5,26.8,26.5
245,27.1,27.2,27.3,27.2,27.0,27.2,27.1,27.2,27.2,27.2,27.1,27.2,27.3,27.2,27.3,27.3,27.1,27.1,27.3,27.2,27.3,27.2,27.1,27.3,27.1,27.1,27.2,27.1,27.3,27.2,27.2,27.2,27.1,27.2,27.2,27.0,27.0,27.3,27.0,27.2,27.1,27.0,26.9,26.9,27.1,26.9,26.9,27.0,27.1,27.0,26.9,26.9,26.9,26.8,27.0,26.8,26.9,27.0,26.9,26.7,26.8,26.8,26.7,26.7,26.8,26.7,26.6,26.5,26.6,26.7,26.4,26.4,26.3,26.3,26.3,26.1,26.3,26.2,26.2,26.2,26.1,26.2,25.9,26.1,26.0,26.0,25.9,26.0,26.1,25.7,26.0,25.6,25.7,25.6,25.6,25.7,25.5,25.7,26.2,26.2,26.3,26.3,26.4,26.2,26.3,26.5,26.5,26.4,26.5,26.5,26.4,26.4,26.4,26.3,26.3,26.3,26.4,26.3,26.4,26.4,26.3,26.4,26.5,26.4,26.5,26.3,26.4,26.4,26.3,26.3,26.4,26.6,26.2,26.3,26.4,26.4,26.5,26.4,26.5,26.5,26.4,26.5,26.4,26.2,26.4,26.3,26.4,26.6,26.4,26.4,26.5,26.4,26.5,26.6,26.7,26.4,26.6,26.6,26.6,26.4,26.4,26.5,26.5,26.5,26.5,26.5,26.5,26.6,26.6,26.5,26.6,26.5,26.6,26.5,26.6,26.4,26.6,26.7,26.6,26.6,26.5,26.6,26.5,26.7,26.6,26.5,26.6,26.6,26.8,26.6,26.6,26.6
246,27.0,27.2,27.3,27.1,27.1,27.3,27.1,27.0,27.2,27.2,26.9,27.1,27.1,27.1,27.1,27.3,27.1,27.1,27.1,27.2,27.0,27.3,27.2,27.1,27.2,27.0,27.1,27.4,27.2,27.3,27.1,27.0,27.1,26.9,27.0,27.1,27.0,27.1,27.1,27.1,26.9,27.0,26.9,27.0,27.0,27.0,26.9,26.9,27.1,27.0,27.0,27.0,26.9,26.9,26.8,26.9,26.9,26.7,26.6,26.9,26.8,26.9,26.6,26.6,26.6,26.6,26.8,26.7,26.4,26.4,26.2,26.2,26.2,26.2,26.3,26.2,26.2,26.4,26.2,26.1,26.0,26.3,26.2,26.1,26.1,25.8,25.8,26.1,25.9,26.0,25.8,25.8,25.6,25.5,25.5,25.6,25.6,25.8,26.1,26.2,26.3,26.3,26.4,26.2,26.2,26.3,26.3,26.3,26.4,26.2,26.2,26.2,26.2,26.3,26.2,26.3,26.5,26.4,26.2,26.3,26.3,26.4,26.3,26.4,26.3,26.3,26.4,26.5,26.2,26.4,26.3,26.2,26.3,26.4,26.4,26.3,26.4,26.3,26.3,26.3,26.4,26.3,26.5,26.4,26.3,26.4,26.4,26.5,26.5,26.4,26.4,26.6,26.5,26.4,26.5,26.5,26.5,26.6,26.7,26.4,26.6,26.3,26.6,26.5,26.4,26.5,26.6,26.5,26.5,26.6,26.5,26.5,26.4,26.5,26.6,26.6,26.6,26.5,26.5,26.7,26.6,26.6,26.6,26.8,26.7,26.7,26.7,26.7,26.6,26.5,26.7,26.6
247,27.1,27.0,27.2,27.2,27.1,27.1,27.1,27.0,27.1,27.1,27.1,27.2,27.1,27.1,27.1,27.1,26.9,27.2,27.2,27.2,27.0,27.1,27.0,27.2,27.3,27.2,27.3,27.0,27.1,27.2,26.9,27.2,27.0,27.1,27.0,27.1,27.0,27.1,27.0,26.9,27.0,27.0,27.1,27.1,27.1,27.0,27.1,26.9,27.0,27.1,27.1,26.8,26.9,26.9,27.0,26.8,26.8,26.9,26.7,26.8,26.8,26.7,26.7,26.8,26.7,26.7,26.7,26.5,26.5,26.5,26.5,26.3,26.4,26.2,26.1,26.2,26.3,26.2,26.0,26.2,26.2,26.0,26.0,26.0,25.9,25.9,25.9,25.7,25.7,25.8,25.8,25.7,25.6,25.6,25.6,25.7,25.7,26.0,26.2,26.2,26.3,26.3,26.4,26.2,26.3,26.4,26.2,26.2,26.3,26.3,26.4,26.2,26.3,26.3,26.4,26.2,26.3,26.2,26.3,26.4,26.4,26.3,26.3,26.4,26.4,26.5,26.4,26.3,26.4,26.3,26.3,26.4,26.3,26.2,26.4,26.4,26.4,26.5,26.4,26.2,26.3,26.5,26.4,26.4,26.4,26.4,26.4,26.4,26.5,26.4,26.3,26.4,26.3,26.4,26.4,26.5,26.4,26.4,26.4,26.5,26.5,26.6,26.5,26.6,26.4,26.5,26.5,26.5,26.7,26.6,26.7,26.4,26.5,26.6,26.4,26.6,26.6,26.7,26.7,26.6,26.7,26.7,26.5,26.6,26.9,26.6,26.8,26.7,26.7,26.6,26.6,26.9
248,27.2,27.1,27.1,27.0,27.1,27.2,27.3,27.1,27.0,27.2,27.0,27.2,27.1,27.0,27.1,27.1,27.2,27.1,27.1,27.1,27.2,27.3,27.1,27.2,27.1,27.1,27.2,27.1,27.1,27.1,27.0,26.9,27.1,27.1,26.9,27.1,26.8,27.0,26.9,27.1,27.0,26.9,26.9,26.9,27.0,26.8,26.9,27.1,26.9,26.9,26.9,26.8,26.9,26.8,26.8,26.9,26.9,27.0,26.8,26.7,26.9,26.6,26.8,26.7,26.7,26.7,26.5,26.5,26.5,26.5,26.4,26.3,26.4,26.4,26.2,26.2,26.1,26.1,26.2,26.0,26.4,26.1,25.9,26.1,26.0,25.9,25.9,25.8,25.8,25.7,25.8,25.7,25.9,25.7,25.8,25.9,25.9,26.0,26.2,26.2,26.2,26.2,26.3,26.3,26.3,26.2,26.3,26.2,26.3,26.4,26.3,26.4,26.4,26.1,26.3,26.3,26.2,26.3,26.4,26.2,26.4,26.1,26.2,26.1,26.2,26.3,26.2,26.2,26.2,26.2,26.2,26.3,26.4,26.2,26.2,26.3,26.4,26.3,26.2,26.3,26.4,26.3,26.3,26.4,26.3,26.4,26.2,26.4,26.2,26.5,26.3,26.4,26.4,26.3,26.4,26.5,26.4,26.5,26.5,26.6,26.4,26.3,26.5,26.4,26.5,26.4,26.2,26.5,26.4,26.6,26.4,26.4,26.5,26.6,26.4,26.5,26.7,26.5,26.6,26.6,26.5,26.6,26.6,26.7,26.4,26.7,26.5,26.5,26.5,26.6,26.8,26.7
249,27.2,27.1,27.1,27.0,26.9,27.0,27.1,27.2,27.1,27.2,27.2,27.2,27.2,27.2,27.1,27.0,26.9,27.1,27.2,27.0,27.1,27.1,27.1,27.1,27.2,27.1,27.0,26.9,27.0,27.0,26.9,27.0,27.0,27.1,27.0,27.2,27.1,26.9,26.9,27.1,27.0,26.9,26.8,26.9,26.9,26.9,26.9,26.9,26.8,27.0,26.9,26.6,26.8,26.6,26.9,27.0,26.7,26.7,26.7,26.7,26.6,26.8,26.9,26.8,26.5,26.6,26.5,26.6,26.5,26.4,26.4,26.4,26.3,26.4,26.2,26.3,26.2,26.2,26.2,26.1,26.1,26.1,25.9,25.9,25.9,25.8,25.7,25.9,25.7,25.7,25.7,25.8,25.8,25.7,25.9,26.0,25.8,26.1,26.2,26.3,26.2,25.9,26.1,26.2,26.3,26.2,26.3,26.3,26.2,26.2,26.1,26.3,26.2,26.2,26.3,26.3,26.2,26.2,26.3,26.2,26.0,26.2,26.3,26.3,26.2,26.3,26.3,26.2,26.2,26.2,26.2,26.3,26.1,26.0,26.2,26.1,26.2,26.4,26.2,26.3,26.4,26.2,26.3,26.3,26.2,26.3,26.2,26.3,26.2,26.3,26.3,26.2,26.4,26.4,26.3,26.2,26.3,26.4,26.5,26.5,26.4,26.4,26.4,26.4,26.4,26.5,26.3,26.4,26.3,26.6,26.4,26.6,26.4,26.5,26.2,26.5,26.5,26.5,26.5,26.4,26.5,26.6,26.6,26.6,26.7,26.6,26.7,26.5,26.6,26.5,26.5,26.8
250,27.0,27.1,27.3,26.9,27.0,27.1,27.1,27.1,27.2,27.1,26.9,27.1,27.1,26.9,26.9,27.0,27.1,26.9,27.0,27.0,27.0,27.1,27.1,27.0,27.0,27.0,26.9,27.0,26.9,27.1,27.0,27.0,27.0,27.0,26.9,27.0,27.0,27.0,26.8,26.9,26.9,26.9,26.9,26.8,26.9,27.1,26.9,26.8,27.0,26.6,26.9,26.7,26.9,26.8,26.9,26.7,26.7,26.7,26.7,26.7,26.7,26.8,26.4,26.6,26.6,26.6,26.7,26.5,26.4,26.3,26.4,26.2,26.4,26.4,26.2,26.2,26.2,26.3,26.1,26.2,26.1,26.1,26.0,26.0,25.9,25.7,25.7,25.8,25.8,25.9,25.9,25.9,25.9,25.8,26.0,26.0,26.2,26.2,26.1,26.1,26.3,26.1,26.1,26.3,26.3,26.2,26.2,26.3,26.2,26.2,26.3,26.3,26.1,26.3,26.0,26.2,26.1,26.3,26.3,26.3,26.2,26.1,26.0,26.2,26.1,26.2,26.2,26.2,26.2,26.2,26.1,26.1,26.2,26.1,26.1,26.1,26.2,26.2,26.1,26.3,26.2,26.2,26.3,26.3,26.5,26.2,26.4,26.2,26.3,26.2,26.3,26.5,26.4,26.2,26.3,26.2,26.5,26.3,26.6,26.3,26.3,26.5,26.5,26.4,26.5,26.3,26.5,26.4,26.4,26.4,26.5,26.5,26.4,26.4,26.3,26.4,26.6,26.3,26.4,26.5,26.6,26.5,26.7,26.4,26.5,26.6,26.5,26.6,26.5,26.7,26.5,26.7
251,27.1,27.0,27.1,27.0,27.1,27.2,27.0,27.0,27.0,27.0,27.1,27.1,26.9,27.1,27.0,27.1,26.8,27.1,27.1,26.9,27.0,26.9,27.0,26.9,27.1,27.0,26.9,26.9,27.0,27.0,26.9,26.9,27.1,27.0,27.0,26.9,27.0,27.0,26.8,26.9,26.8,26.9,26.9,27.0,26.9,26.9,26.8,26.7,26.8,26.9,26.8,26.8,26.9,26.7,27.0,26.9,26.6,26.6,26.6,26.7,26.6,26.5,26.5,26.5,26.5,26.5,26.4,26.6,26.5,26.4,26.3,26.5,26.2,26.4,26.1,26.1,26.2,26.3,26.0,26.0,25.9,25.9,25.9,25.9,25.8,25.7,25.5,25.7,25.6,25.8,26.0,25.9,25.8,26.0,25.9,26.1,26.0,26.2,26.0,26.1,26.0,26.3,26.2,26.3,26.2,26.1,26.2,26.1,26.1,26.0,26.2,26.1,26.1,26.1,26.1,26.2,25.9,26.1,26.2,26.2,26.2,26.2,26.0,26.2,26.1,26.1,26.3,26.3,26.0,26.2,26.0,26.2,26.2,26.2,26.1,25.9,26.2,26.2,26.1,26.2,26.4,26.0,26.2,26.2,26.2,26.2,26.2,26.1,26.2,26.3,26.0,26.2,26.2,26.2,26.3,26.3,26.4,26.4,26.3,26.3,26.3,26.2,26.4,26.4,26.4,26.3,26.4,26.5,26.5,26.4,26.3,26.5,26.3,26.4,26.4,26.5,26.4,26.3,26.5,26.4,26.4,26.6,26.4,26.6,26.4,26.4,26.5,26.5,26.5,26.5,26.3,26.5
252,27.1,27.1,27.1,27.0,27.1,27.1,26.9,27.1,27.0,27.1,27.1,27.1,27.1,27.1,27.1,27.0,26.9,27.0,27.0,27.1,26.9,26.9,27.0,26.9,27.1,27.0,27.0,27.1,27.1,26.9,26.9,26.9,26.9,27.0,27.0,26.7,26.9,27.1,26.8,27.1,27.1,27.0,26.8,26.9,26.9,27.0,27.0,26.9,26.9,26.8,26.7,26.8,26.7,26.7,26.5,26.8,26.6,26.8,26.6,26.7,26.8,26.6,26.5,26.5,26.5,26.5,26.4,26.3,26.3,26.3,26.5,26.4,26.3,26.3,26.2,26.2,26.3,26.4,26.0,25.9,26.0,26.1,25.7,25.8,25.8,25.7,25.6,25.4,25.6,25.9,26.0,25.9,26.1,25.9,25.9,26.1,25.9,26.2,26.3,26.2,26.2,26.0,26.2,26.2,26.2,26.2,26.3,26.2,26.2,26.1,26.1,26.2,26.0,26.1,26.0,25.9,26.2,26.2,26.1,26.0,26.1,26.0,25.8,26.1,26.1,26.1,26.1,26.0,26.0,26.0,26.0,26.0,26.1,26.0,26.1,26.0,26.2,26.1,26.1,26.2,26.2,26.1,26.2,26.0,25.9,26.0,26.3,26.3,26.2,26.3,26.2,26.3,26.2,26.4,26.2,26.1,26.2,26.3,26.4,26.4,26.2,26.3,26.5,26.5,26.2,26.2,26.4,26.4,26.2,26.4,26.5,26.2,26.3,26.3,26.5,26.5,26.6,26.5,26.4,26.4,26.5,26.6,26.4,26.6,26.5,26.6,26.5,26.7,26.5,26.5,26.5,26.5
253,27.1,27.0,27.1,26.9,27.0,27.1,27.0,27.1,27.1,26.8,27.1,27.1,27.0,27.2,27.1,27.0,26.9,27.1,27.0,26.9,26.9,27.1,27.0,27.1,27.1,26.9,26.8,26.9,26.9,26.9,26.9,26.9,27.0,26.9,27.1,26.9,26.9,26.9,27.0,27.0,26.8,26.9,26.9,27.0,26.8,26.9,26.9,26.7,26.6,26.9,26.6,26.8,26.7,26.7,26.8,26.7,26.9,26.9,26.7,26.6,26.6,26.8,26.6,26.6,26.5,26.4,26.4,26.4,26.4,26.4,26.4,26.4,26.3,26.3,26.4,26.1,26.1,26.2,26.0,25.9,26.0,25.8,25.8,25.7,25.8,25.7,25.6,25.7,25.8,25.9,25.9,26.0,26.0,26.0,26.0,26.1,26.1,26.0,26.1,26.2,26.1,26.2,26.2,26.2,26.1,26.1,26.1,26.2,26.2,26.2,26.0,26.1,26.2,26.1,25.8,26.1,26.0,26.1,26.0,25.9,26.2,26.4,26.0,26.2,26.0,26.0,26.0,26.2,26.0,26.0,26.1,26.1,26.1,26.2,26.1,25.8,26.2,26.1,26.0,26.1,26.0,26.2,26.3,26.2,26.3,26.2,26.2,26.2,26.4,26.2,26.3,26.2,26.3,26.4,26.2,26.2,26.3,26.4,26.4,26.3,26.5,26.1,26.3,26.4,26.4,26.4,26.4,26.4,26.4,26.6,26.4,26.6,26.4,26.5,26.4,26.6,26.6,26.6,26.4,26.4,26.5,26.4,26.7,26.6,26.7,26.6,26.5,26.8,26.5,26.7,26.6,26.6
254,27.0,27.1,27.0,27.1,27.0,26.8,27.1,27.1,26.9,27.0,27.1,26.9,27.0,26.9,27.0,27.0,26.9,27.0,26.9,26.9,26.8,26.9,27.0,26.7,26.7,26.9,26.9,27.0,26.9,26.9,26.9,26.9,26.8,26.8,26.9,26.9,26.9,27.0,26.8,26.8,26.9,26.7,26.9,26.9,27.1,26.9,26.9,26.8,26.9,26.9,26.9,26.8,26.7,26.6,26.8,26.8,26.7,26.7,26.5,26.8,26.6,26.7,26.5,26.5,26.5,26.5,26.6,26.2,26.4,26.2,26.2,26.4,26.4,26.3,26.3,26.2,26.2,26.2,26.1,26.1,26.0,26.0,25.8,25.7,25.7,25.7,25.5,25.6,25.7,25.8,26.0,26.1,25.8,25.9,25.9,26.2,26.2,26.1,26.1,26.1,26.1,26.2,26.2,25.9,26.1,25.9,25.8,26.1,26.0,26.1,26.1,26.2,26.2,26.0,26.0,25.9,25.9,26.0,26.2,26.1,26.2,26.0,25.9,26.0,25.9,26.1,25.9,25.9,26.0,26.1,26.0,26.0,26.2,26.0,26.1,26.0,26.0,26.2,26.1,25.9,26.1,25.9,26.0,26.3,26.1,26.1,26.0,25.9,26.2,26.2,26.2,26.4,26.2,26.1,26.2,26.4,26.2,26.2,26.3,26.2,26.4,26.2,26.2,26.3,26.2,26.2,26.3,26.2,26.3,26.5,26.5,26.4,26.4,26.5,26.5,26.3,26.4,26.4,26.3,26.3,26.4,26.3,26.3,26.6,26.5,26.6,26.6,26.4,26.6,26.5,26.5,26.6
255,27.1,27.2,26.9,26.9,26.9,27.0,26.9,27.2,27.0,27.1,27.0,27.0,26.9,26.9,27.0,27.1,26.9,26.8,26.9,27.0,27.0,27.0,27.0,26.9,26.9,26.9,26.9,27.1,26.9,26.9,26.9,27.0,26.9,26.9,27.0,26.9,27.0,26.9,26.6,26.9,26.8,26.9,26.9,26.9,26.9,26.9,26.8,26.8,26.8,26.9,26.8,27.0,26.7,26.7,26.8,26.6,26.9,26.9,26.6,26.7,26.7,26.5,26.6,26.3,26.6,26.4,26.6,26.4,26.5,26.3,26.2,26.1,26.2,26.3,26.3,26.1,26.2,26.0,26.2,26.2,26.0,25.9,25.9,25.7,25.5,25.5,25.4,25.6,25.7,26.0,26.1,26.1,26.1,26.0,26.1,26.0,26.2,26.0,25.9,26.3,26.1,26.2,26.1,26.1,26.1,26.2,26.1,26.2,26.0,26.0,25.9,25.9,26.2,26.0,26.0,25.9,26.1,26.0,26.0,25.9,26.1,25.9,26.0,25.8,25.8,26.2,25.9,25.9,26.0,25.8,26.2,26.1,26.0,26.1,26.2,26.1,26.0,26.1,26.0,26.0,26.0,26.2,26.2,26.0,26.0,26.2,26.1,26.2,26.3,26.2,26.2,26.2,26.2,26.3,26.0,26.2,26.3,26.3,26.2,26.2,26.2,26.2,26.3,26.2,26.4,26.4,26.4,26.4,26.4,26.4,26.2,26.4,26.5,26.4,26.6,26.5,26.5,26.6,26.6,26.5,26.5,26.6,26.6,26.7,26.7,26.5,26.6,26.4,26.5,26.5,26.6,26.7
