文件路径:,C:\Users\23589\Desktop\物理实验竞赛\实验数据（黑胶带版）\case13_香橙派5Pro裸板_满负载\data\HM20260727170746.csv
源热像文件:,C:\Users\23589\Desktop\物理实验竞赛\实验数据（黑胶带版）\case13_香橙派5Pro裸板_满负载\photo\HM20260727170746.jpeg

测温单位,摄氏度
图像宽度,192
图像高度,256

全局
统计:,,平均值:,26.9
,,最小值:,25.3
,,最大值:,30.9

坐标Y\X,0,1,2,3,4,5,6,7,8,9,10,11,12,13,14,15,16,17,18,19,20,21,22,23,24,25,26,27,28,29,30,31,32,33,34,35,36,37,38,39,40,41,42,43,44,45,46,47,48,49,50,51,52,53,54,55,56,57,58,59,60,61,62,63,64,65,66,67,68,69,70,71,72,73,74,75,76,77,78,79,80,81,82,83,84,85,86,87,88,89,90,91,92,93,94,95,96,97,98,99,100,101,102,103,104,105,106,107,108,109,110,111,112,113,114,115,116,117,118,119,120,121,122,123,124,125,126,127,128,129,130,131,132,133,134,135,136,137,138,139,140,141,142,143,144,145,146,147,148,149,150,151,152,153,154,155,156,157,158,159,160,161,162,163,164,165,166,167,168,169,170,171,172,173,174,175,176,177,178,179,180,181,182,183,184,185,186,187,188,189,190,191
0,26.6,26.6,26.8,26.7,26.7,26.6,26.6,26.6,26.5,26.6,26.7,26.7,26.6,26.7,26.9,26.8,26.6,26.6,26.6,26.8,26.7,26.7,26.9,26.6,26.6,26.6,26.6,26.9,26.6,26.6,26.7,26.7,26.8,26.8,26.7,26.9,26.7,26.9,26.7,26.5,26.8,26.8,26.6,26.8,26.7,26.6,26.8,26.8,26.6,26.7,26.8,26.9,26.8,26.8,26.7,26.7,26.8,26.6,26.9,27.1,26.7,26.8,26.7,26.8,26.8,26.7,26.8,26.8,26.8,26.7,26.9,26.9,26.9,26.9,26.8,26.8,26.7,26.8,26.8,26.9,26.6,26.8,26.9,26.7,26.8,26.6,26.7,26.8,26.9,26.7,26.6,26.7,26.8,26.8,26.8,26.9,26.8,26.9,26.8,26.9,26.8,26.7,26.8,27.0,26.8,26.7,26.8,26.7,27.1,26.7,26.9,26.7,26.8,26.8,26.9,26.7,26.8,26.7,26.7,26.8,26.8,26.9,26.8,27.0,26.8,26.7,27.0,26.8,26.8,26.9,26.8,26.9,26.8,26.8,26.9,26.9,26.9,26.6,26.9,26.6,26.8,26.9,26.9,27.0,26.9,26.8,27.0,26.9,26.8,26.9,26.9,26.8,26.9,26.6,26.8,26.7,26.6,26.8,26.9,26.8,26.8,26.8,26.9,27.0,26.8,26.8,26.9,26.7,26.8,26.9,26.8,26.6,26.9,26.6,26.7,26.7,26.8,26.6,26.7,26.9,26.7,26.7,26.9,26.7,26.8,26.7,26.7,26.8,26.8,26.8,26.7,26.9
1,26.8,26.5,26.9,26.7,26.6,26.5,26.8,26.6,26.6,26.6,26.8,26.6,26.7,26.6,26.9,26.7,26.7,26.7,26.7,26.7,26.8,26.6,26.6,26.9,26.6,26.9,26.7,26.6,26.6,26.7,26.8,26.9,26.8,26.9,26.6,26.9,26.8,26.6,26.7,26.6,26.9,26.8,26.7,26.8,26.7,26.7,26.8,26.7,26.9,26.7,26.7,26.8,26.7,26.8,26.6,26.9,26.9,26.8,26.7,26.8,26.7,26.8,26.8,26.8,26.8,26.6,26.7,26.7,26.7,26.8,26.9,26.9,26.9,26.8,26.8,26.7,26.9,26.7,26.8,26.8,26.8,26.8,26.8,26.7,26.8,26.7,27.0,26.7,26.8,26.8,26.8,26.7,26.9,26.7,26.9,26.8,26.6,26.9,26.9,26.7,26.9,26.8,26.8,26.9,26.8,26.7,26.9,26.8,26.8,26.9,26.8,26.9,26.8,26.7,26.6,27.0,26.9,26.9,26.9,26.8,26.8,26.9,26.8,26.8,26.7,26.7,26.7,26.7,26.7,26.8,26.7,26.8,26.9,26.9,26.8,27.0,26.9,26.7,26.7,26.9,26.8,26.8,26.8,26.9,26.8,27.0,26.9,26.9,26.7,26.6,26.8,26.7,26.9,26.9,26.8,26.7,26.7,26.6,26.8,26.8,26.7,26.8,26.9,26.6,26.6,26.7,26.9,26.8,26.6,26.8,26.7,26.9,26.7,26.8,26.5,26.7,26.8,26.8,26.7,26.9,26.6,26.6,26.7,26.8,26.7,26.4,26.7,26.8,26.8,26.9,26.8,26.7
2,26.8,26.7,26.8,26.9,26.8,26.8,26.8,26.8,26.8,26.8,26.6,26.6,26.6,26.7,26.8,26.8,26.5,26.6,26.8,26.6,26.8,26.5,26.8,26.9,26.8,26.8,26.7,26.7,26.7,26.7,26.7,26.8,26.6,26.7,26.9,26.9,26.6,26.9,26.8,26.7,26.8,26.6,26.8,26.7,26.8,26.7,26.8,26.7,26.9,26.9,26.8,26.8,26.7,26.8,26.6,26.9,26.8,27.0,26.8,26.8,26.7,26.8,26.8,26.7,26.9,26.8,26.8,26.7,26.7,26.9,26.9,26.9,26.8,26.8,27.0,26.9,26.9,26.9,26.9,26.7,26.8,26.8,26.9,26.9,26.8,26.7,27.0,26.7,27.0,26.9,26.7,26.8,26.7,27.0,26.9,26.8,26.8,26.7,26.9,26.9,26.9,26.8,26.9,27.0,26.9,26.9,26.9,26.9,26.8,26.9,26.6,26.7,27.0,27.0,26.8,26.8,26.7,26.8,26.9,26.9,26.9,26.9,27.0,26.9,26.8,26.9,26.8,26.8,26.9,26.7,26.8,26.7,26.8,26.8,26.7,26.8,26.8,27.1,27.0,26.9,26.8,26.8,27.0,26.9,26.9,26.8,26.8,27.1,26.6,26.9,26.8,26.8,26.8,26.9,26.7,26.7,26.8,26.9,26.9,26.8,26.8,26.5,26.8,26.9,26.8,26.8,26.8,26.6,27.0,26.7,26.7,26.7,26.8,26.9,26.8,26.7,26.9,26.7,26.9,26.8,26.8,26.7,26.7,27.1,26.8,26.8,26.8,26.7,26.8,26.7,26.6,26.6
3,26.8,26.6,26.8,26.7,26.7,26.8,26.6,26.9,26.8,26.8,26.7,26.8,26.7,26.7,26.8,26.7,26.6,26.4,26.6,26.7,26.7,26.7,26.6,26.8,26.7,26.7,26.8,26.7,26.8,26.8,26.8,26.9,26.6,26.6,26.9,26.7,26.7,26.6,26.6,26.7,26.7,26.9,26.8,26.7,26.8,26.8,26.7,26.7,26.7,26.6,26.7,26.8,26.8,26.8,26.7,26.9,26.8,26.7,26.7,26.6,26.7,26.8,26.8,26.8,26.9,26.6,26.7,26.8,26.6,26.7,26.7,26.9,27.0,26.9,26.8,26.7,26.8,26.9,26.8,26.8,26.8,26.7,26.7,26.8,26.9,26.9,26.8,26.8,26.8,26.9,26.9,26.8,26.7,26.8,27.0,26.9,26.9,26.7,26.9,26.8,26.9,26.6,26.8,26.7,26.8,26.7,26.8,26.9,26.8,26.8,26.9,26.9,26.9,26.8,26.8,26.7,26.8,26.8,26.8,26.9,26.8,26.8,26.8,26.8,26.7,26.7,26.8,26.7,26.8,27.0,26.9,26.9,26.8,26.8,26.8,26.9,26.8,26.8,26.9,26.8,26.9,26.9,26.8,26.8,26.8,26.8,26.8,26.9,26.9,26.9,27.0,26.8,26.9,26.8,26.8,26.9,26.8,27.0,26.8,26.8,26.8,26.9,26.7,26.6,26.8,26.8,26.7,26.6,26.7,26.6,26.9,26.8,26.9,26.7,26.8,26.8,26.8,26.7,26.7,26.7,26.6,26.6,26.8,26.7,26.9,26.7,26.8,26.7,26.7,26.9,26.6,26.8
4,27.0,26.8,26.7,26.7,26.7,26.6,26.8,26.8,26.7,26.8,26.7,26.8,26.9,26.6,26.9,26.8,26.7,26.7,26.8,26.6,26.7,26.7,26.7,27.0,26.9,26.8,26.7,26.7,26.9,26.8,26.7,26.7,26.7,26.9,26.6,26.8,26.6,26.6,26.7,26.7,27.0,26.6,26.9,26.7,26.7,26.8,26.8,26.7,26.7,26.9,26.8,26.9,26.8,26.7,26.9,26.7,26.8,26.9,26.8,26.6,26.8,26.6,26.8,26.9,26.8,26.8,26.7,26.9,26.8,26.8,26.9,26.7,26.7,27.0,26.7,26.8,27.0,26.9,26.6,26.9,27.0,26.9,26.8,27.0,26.9,26.6,26.8,26.9,26.9,26.9,26.9,26.8,26.9,26.9,26.9,26.9,26.8,26.8,26.9,26.8,27.0,26.9,26.9,26.9,27.0,26.9,26.8,27.0,26.7,26.9,26.9,26.7,26.9,26.9,26.8,26.7,26.9,27.0,26.9,27.1,26.9,26.7,26.8,26.9,26.8,26.9,26.9,26.8,26.7,27.1,26.9,26.9,26.9,26.9,26.9,26.9,26.6,26.9,26.7,26.7,26.9,26.7,26.8,26.8,27.0,26.7,26.8,26.9,26.9,26.9,26.8,26.7,26.7,26.9,26.7,26.8,26.7,26.8,26.9,26.9,26.7,26.8,26.8,26.6,26.8,26.6,26.8,26.8,26.8,26.9,26.9,26.9,26.8,26.8,26.7,26.6,26.8,26.7,26.8,26.8,26.7,27.0,26.7,26.6,26.7,26.8,26.8,26.4,26.8,26.8,26.8,26.8
5,26.6,26.6,26.7,26.7,26.8,26.8,26.7,26.8,26.6,26.7,26.8,26.7,26.8,26.6,26.8,26.6,26.7,26.7,26.6,26.7,26.7,26.7,26.8,26.7,26.7,26.8,26.7,26.7,26.7,26.8,26.7,26.7,26.9,26.9,26.8,26.8,26.7,26.9,26.7,26.8,26.7,26.8,26.9,26.6,26.7,26.9,26.8,26.7,26.7,26.7,26.6,26.9,26.8,26.6,26.8,26.8,26.8,26.8,26.7,26.9,26.8,26.8,26.8,26.9,26.8,26.9,26.7,26.7,26.8,26.9,26.7,26.9,26.8,26.9,26.9,26.8,26.9,26.9,26.7,26.9,26.8,26.9,27.1,26.8,26.8,26.9,26.7,26.9,26.9,26.9,27.0,26.9,26.8,26.8,26.8,26.8,26.9,26.8,26.9,26.8,26.8,26.9,26.8,26.9,26.9,26.9,26.7,26.9,26.9,26.9,26.9,26.9,26.9,26.9,26.7,26.9,26.9,26.9,26.9,27.0,26.8,26.9,26.9,26.7,26.9,27.0,26.8,27.0,27.0,27.1,26.9,26.9,26.9,26.9,26.9,26.8,26.9,26.9,26.8,26.9,26.8,26.9,26.8,26.8,27.0,26.7,26.9,26.8,26.8,26.8,26.9,27.1,26.9,26.8,26.9,27.0,26.8,26.6,26.9,26.7,26.8,26.7,26.9,26.6,26.8,26.7,26.9,26.7,26.9,26.9,26.7,26.7,26.8,26.8,26.7,26.8,26.8,26.9,26.9,26.7,26.4,26.8,26.8,26.7,26.6,26.8,26.6,26.8,26.7,26.8,26.6,26.8
6,26.9,26.7,26.7,26.9,26.6,26.6,26.6,26.8,26.7,26.5,26.8,26.7,26.7,26.7,26.8,26.7,26.7,26.6,26.6,26.8,26.6,26.6,26.7,26.7,26.6,26.6,26.6,26.6,26.9,26.7,26.7,26.7,26.7,26.7,26.8,26.8,26.7,26.7,26.5,26.6,26.8,26.8,26.8,26.7,26.7,26.6,26.8,26.8,26.8,26.7,26.8,26.8,26.8,26.6,26.9,26.8,26.8,26.8,26.8,26.8,26.9,26.6,26.8,26.8,26.9,26.8,26.8,26.8,26.9,26.9,26.9,26.8,26.8,27.0,26.9,26.9,27.1,27.0,26.9,26.9,26.8,26.9,26.9,26.9,26.9,26.8,26.9,26.8,27.0,27.0,26.8,27.0,27.0,26.9,26.8,26.8,26.9,27.0,26.8,26.8,26.9,26.9,26.9,26.8,26.8,27.0,26.9,26.9,26.9,26.9,26.9,26.9,27.0,26.8,27.0,27.0,26.8,26.9,26.8,26.9,26.9,27.0,26.9,26.9,26.8,26.9,26.9,27.0,26.8,26.8,26.8,26.9,26.9,26.8,26.9,26.9,26.9,26.9,27.0,26.9,26.7,26.9,26.9,26.9,26.8,26.9,26.9,26.8,26.7,26.8,26.9,27.0,26.8,26.7,26.7,26.8,26.9,26.7,26.7,26.8,26.7,26.9,26.7,26.7,26.6,26.8,26.7,26.6,26.9,26.9,26.7,26.9,26.7,26.9,26.7,26.9,26.8,26.8,26.6,26.6,26.9,26.7,26.7,26.8,26.8,26.7,26.6,26.6,27.0,26.7,26.8,26.8
7,26.7,26.6,26.8,26.7,26.6,26.8,26.9,26.4,26.7,26.6,26.7,26.6,26.6,26.7,26.9,26.6,26.7,27.0,26.5,26.7,26.8,26.5,26.9,26.6,26.8,26.6,26.9,26.8,26.6,26.7,26.8,26.7,26.9,26.7,26.7,26.8,26.9,26.9,26.7,26.7,26.7,26.7,26.7,26.8,26.8,26.8,26.7,26.7,26.8,26.9,26.7,26.7,26.8,26.8,26.8,26.7,26.8,27.0,26.8,27.0,26.8,26.9,26.7,26.8,26.9,26.9,26.8,26.9,26.9,26.8,26.6,26.9,27.0,26.9,27.0,26.9,26.8,27.1,26.8,26.9,26.9,26.9,26.9,26.9,26.9,26.7,26.7,27.0,26.7,26.9,26.9,26.9,26.9,26.9,26.9,26.8,26.9,26.6,26.8,26.9,26.9,26.8,26.9,26.9,26.9,26.8,26.9,26.9,26.7,26.9,26.9,26.9,26.9,26.9,26.9,26.8,26.9,27.0,27.1,26.8,26.7,26.9,26.8,26.8,26.9,26.8,26.7,26.9,27.0,26.9,26.7,26.8,26.8,26.9,27.0,27.0,26.8,26.8,26.9,26.9,26.8,26.9,26.9,26.9,26.9,26.9,26.9,26.9,26.9,26.8,26.9,26.8,26.9,26.9,26.7,26.9,26.7,27.0,26.9,26.9,26.9,26.8,26.8,26.8,26.8,26.8,26.8,26.7,27.0,26.7,26.7,26.8,26.8,26.9,26.8,26.6,26.7,26.8,26.6,26.9,26.6,26.9,26.5,26.7,26.8,26.8,26.8,26.5,26.9,26.9,26.7,26.8
8,26.6,26.8,26.6,26.6,26.8,26.8,26.6,26.7,26.6,26.8,26.7,26.5,26.8,26.5,26.7,26.8,26.8,26.6,26.7,26.6,26.8,26.7,26.6,26.7,26.9,26.6,26.8,26.8,26.9,26.5,26.7,26.8,26.4,26.9,26.9,26.9,26.8,26.9,26.6,26.8,26.9,26.8,26.9,26.8,26.9,26.9,26.6,26.8,26.7,26.6,26.8,26.6,26.7,26.4,26.7,26.9,26.8,26.9,26.9,26.9,26.9,26.6,27.0,26.8,26.6,26.9,26.8,26.7,26.9,26.9,26.8,26.9,26.8,26.8,26.8,26.9,26.8,26.8,26.8,26.8,26.9,26.6,26.9,27.0,26.7,26.8,26.8,26.7,26.9,27.1,26.8,26.9,27.0,26.9,26.9,26.8,26.8,26.7,26.9,26.9,26.9,26.9,26.8,26.9,26.8,26.9,27.0,26.9,27.0,26.9,26.9,26.9,26.8,26.8,26.8,26.6,26.8,26.8,26.9,26.9,26.9,26.9,27.1,26.9,26.9,26.8,26.8,26.9,26.9,26.8,26.8,26.8,26.8,26.6,26.8,27.0,27.0,26.9,26.9,26.9,26.8,26.9,26.9,26.8,26.9,26.8,27.0,26.9,26.8,27.0,26.8,26.8,26.9,27.0,26.8,26.9,26.8,26.7,26.8,26.8,27.0,26.8,26.7,26.7,26.9,26.9,26.6,26.7,26.8,26.7,26.8,26.8,26.7,26.8,26.7,26.9,26.9,26.8,26.6,26.8,26.8,26.9,26.8,26.7,26.6,26.7,26.8,26.8,26.6,26.7,26.8,26.9
9,26.7,26.8,26.7,26.8,27.0,26.8,26.7,27.0,26.8,26.8,26.9,26.7,26.9,26.6,26.8,26.8,26.8,26.8,26.7,26.8,26.6,26.7,26.6,26.7,26.7,26.8,26.9,26.8,26.7,26.8,26.6,26.8,26.9,27.0,26.6,26.8,26.7,26.6,26.6,26.7,26.8,26.8,26.8,26.7,26.8,26.9,26.8,26.8,26.9,26.7,26.7,26.9,26.8,27.0,26.8,26.8,27.0,27.0,27.0,26.7,26.7,26.7,26.9,26.7,27.0,27.0,26.9,26.8,26.8,26.9,27.0,26.9,26.9,26.9,26.9,26.9,27.0,26.9,26.8,26.8,27.0,26.8,26.9,26.9,26.9,26.9,27.0,26.8,26.8,26.9,26.9,26.9,26.9,26.9,26.9,26.9,26.9,26.8,26.8,26.8,26.9,27.0,26.8,26.9,27.0,26.9,26.9,26.9,26.9,26.9,26.9,26.9,26.7,26.9,26.9,26.8,26.8,26.9,26.8,27.0,26.9,26.9,26.8,26.8,26.9,26.7,26.7,26.8,26.9,26.9,26.9,26.8,26.7,26.8,26.6,26.9,26.8,26.7,26.8,26.9,26.7,26.8,26.8,26.9,26.8,27.0,26.9,26.9,26.9,26.9,26.8,26.7,26.7,26.9,26.9,26.7,26.9,26.8,26.9,26.8,26.8,27.0,26.8,26.8,26.7,26.8,26.7,26.7,26.8,26.8,26.9,26.8,26.8,26.9,26.7,26.8,26.7,26.8,26.7,26.7,26.8,26.6,26.7,26.8,26.6,26.8,26.8,26.6,26.8,26.5,26.8,26.7
10,26.8,26.6,26.8,26.6,26.6,26.6,26.8,26.6,26.9,26.6,26.7,26.6,26.6,26.6,26.9,26.7,26.7,26.6,26.4,26.7,26.8,26.9,26.7,26.6,26.6,26.5,26.6,26.7,26.6,26.7,26.6,26.7,26.8,26.8,26.8,26.9,26.9,26.8,26.7,26.9,27.0,26.7,26.8,26.7,26.7,26.7,26.8,26.8,26.7,26.7,26.8,26.9,26.7,26.8,26.9,26.8,26.7,26.8,27.0,26.8,26.7,26.9,26.7,26.9,26.7,26.7,26.8,26.8,26.7,26.7,26.7,26.8,26.9,26.8,26.9,26.8,26.9,26.9,26.8,27.0,26.9,26.9,26.9,26.9,26.9,26.9,26.8,26.9,26.9,27.0,26.7,26.8,26.8,26.8,26.9,26.7,26.8,26.8,26.9,27.0,26.9,26.9,26.9,26.9,26.7,27.0,26.9,26.8,26.8,26.8,26.8,26.9,26.9,26.8,26.9,26.9,26.9,27.1,26.8,26.8,26.9,26.7,26.8,26.9,26.9,26.9,26.7,26.8,26.7,26.8,26.9,26.9,27.1,26.9,26.7,26.9,26.9,26.8,26.7,27.0,26.8,26.7,26.8,26.8,26.8,26.8,26.9,26.8,26.8,26.7,26.8,26.9,26.6,26.8,26.8,26.8,26.6,26.7,26.8,26.8,26.9,26.8,26.8,26.7,26.8,26.6,26.7,26.8,26.8,26.7,26.8,26.6,26.7,26.8,26.6,26.6,26.8,26.7,27.0,26.7,26.7,26.8,26.8,26.8,26.6,26.9,26.9,26.8,26.6,26.8,26.9,26.7
11,26.5,26.6,26.9,26.7,26.7,26.9,26.8,26.8,26.9,26.5,26.6,26.8,26.6,26.8,26.8,26.6,26.7,26.6,26.8,26.6,26.8,26.9,26.8,26.8,26.8,26.7,26.6,26.6,26.8,26.8,26.9,26.7,26.9,26.8,26.8,26.8,26.9,26.6,26.8,26.7,26.8,26.7,26.8,26.9,26.7,26.9,26.9,26.8,26.6,26.8,26.7,26.9,26.6,26.5,26.8,26.8,27.0,26.8,26.9,26.9,26.9,26.9,26.9,26.7,26.9,26.7,26.9,26.9,26.9,26.8,26.9,27.0,26.9,27.0,26.9,26.9,26.8,26.9,26.9,26.9,26.9,26.9,27.0,26.9,26.9,26.9,26.8,27.0,26.9,26.9,26.8,26.9,27.1,26.9,26.9,27.0,26.8,26.8,27.0,26.9,26.9,26.9,26.9,26.8,27.0,27.0,26.9,26.9,27.0,27.1,27.0,27.0,27.0,26.9,26.9,26.8,26.9,26.9,26.9,26.9,26.8,27.0,27.0,26.7,26.9,26.9,26.9,26.9,27.0,26.9,27.0,26.9,26.9,26.9,26.9,26.9,26.9,26.9,26.9,26.9,26.9,27.0,27.0,26.7,26.8,27.0,26.9,26.9,26.8,26.8,26.8,27.1,26.8,26.8,26.8,26.7,26.9,26.9,26.7,26.8,26.9,26.8,27.0,26.8,26.7,26.8,26.8,26.6,26.8,26.7,27.0,26.6,26.8,26.8,26.8,26.7,26.7,26.7,26.7,26.7,26.9,26.8,26.8,26.6,26.8,26.7,26.7,26.9,26.8,26.7,26.8,26.8
12,26.6,26.7,26.7,26.7,26.6,26.7,26.8,26.8,26.4,26.6,26.6,26.6,26.8,26.8,26.8,26.5,26.6,26.8,26.8,26.7,26.8,27.0,26.8,26.7,26.6,26.8,26.7,26.9,26.7,26.6,26.7,26.7,26.8,26.9,26.8,26.9,26.7,26.8,26.8,26.7,26.9,26.8,26.8,26.6,26.6,26.9,26.7,26.6,26.8,26.7,26.9,26.8,26.9,27.0,26.9,26.9,27.0,26.7,27.0,26.8,26.9,26.7,26.8,26.9,26.9,26.9,26.7,26.8,26.9,26.7,27.1,27.1,26.9,27.0,26.9,26.9,26.9,26.9,27.0,27.1,26.9,26.7,26.8,27.1,26.9,26.9,26.9,26.9,26.8,27.1,26.9,26.9,26.9,26.9,26.9,27.0,27.2,27.0,27.1,26.9,26.9,26.8,26.9,26.8,27.0,26.8,27.0,27.0,26.8,27.1,26.9,26.9,27.1,26.9,26.9,26.7,27.0,27.0,27.1,27.1,26.9,26.8,27.0,27.0,26.9,26.8,26.9,27.0,26.9,26.9,26.9,26.9,26.9,26.9,26.9,27.0,27.1,26.8,27.0,26.9,26.9,26.9,26.9,26.9,27.0,26.8,26.9,26.8,26.8,26.9,26.7,26.8,27.0,26.7,26.9,26.8,27.0,27.0,26.8,26.7,26.9,26.8,26.9,26.9,26.7,26.8,26.9,26.9,26.9,26.8,26.6,26.6,26.9,26.9,26.7,26.6,26.8,26.7,26.8,26.9,26.7,26.7,26.8,26.9,26.8,26.7,26.7,26.9,26.7,26.7,26.7,26.8
13,26.4,26.7,26.6,26.7,26.5,26.7,26.6,26.6,26.6,26.9,26.8,26.6,26.6,26.7,26.7,26.7,26.8,26.9,26.7,26.7,26.9,26.6,26.8,26.6,26.8,26.7,26.7,26.8,26.8,26.8,26.8,26.8,26.8,26.8,26.8,26.9,26.7,26.6,26.7,26.6,26.7,26.8,26.7,27.0,26.8,26.8,26.9,26.8,26.9,26.7,26.8,26.8,26.7,26.8,26.9,26.8,26.8,26.9,26.9,27.0,26.8,27.0,27.0,26.9,26.7,26.9,26.9,26.9,26.9,27.0,27.1,27.0,27.0,26.7,27.1,26.9,26.9,26.9,26.8,26.9,26.9,26.9,26.8,26.9,26.9,26.9,26.9,27.0,27.0,26.9,27.0,27.0,26.9,26.9,27.0,26.9,26.9,26.9,26.9,26.9,26.9,26.9,26.9,27.0,27.0,26.9,26.9,27.0,26.9,26.9,26.9,26.8,27.0,26.9,26.8,26.8,26.8,27.0,26.9,26.9,26.9,26.9,26.9,26.8,26.9,27.0,26.9,26.8,26.9,27.1,27.0,26.9,26.8,26.9,27.1,26.6,26.9,26.8,26.9,26.8,26.8,26.9,26.9,27.0,26.9,27.1,26.9,26.9,26.9,26.8,26.6,26.9,26.8,26.9,26.8,26.9,26.7,26.9,26.9,27.1,26.9,26.8,26.9,26.8,26.8,26.8,26.8,26.7,26.9,26.8,26.9,26.9,26.8,26.8,26.8,26.9,26.9,26.8,26.9,26.8,26.7,26.7,26.8,26.8,26.7,26.6,26.7,26.7,26.7,26.8,26.9,26.9
14,26.9,26.5,26.7,26.6,26.5,26.6,26.8,26.8,26.9,26.6,26.6,26.6,26.7,26.7,26.7,26.6,26.6,26.7,26.8,26.7,26.7,26.6,26.6,26.6,26.7,26.7,26.7,26.8,26.6,26.8,26.9,26.8,26.8,26.9,26.7,26.8,26.7,26.8,26.6,26.9,26.8,26.9,26.8,26.9,26.8,27.0,26.9,26.8,26.9,26.9,26.9,26.8,26.8,26.7,26.8,26.6,26.8,26.9,26.9,26.8,26.6,26.7,26.9,26.9,26.8,26.8,26.9,26.8,26.9,26.9,26.9,27.0,26.8,26.9,27.1,27.0,27.0,27.0,26.8,26.7,26.8,27.0,27.0,27.1,26.9,26.9,26.9,27.0,27.1,26.9,26.8,26.9,27.0,26.8,26.8,26.9,27.0,26.9,27.0,26.9,26.9,26.9,26.8,26.9,26.9,26.8,26.9,26.9,26.9,27.1,26.9,26.8,26.9,26.9,27.0,26.9,26.8,26.8,27.0,26.9,26.9,26.9,27.0,26.7,26.9,27.1,26.9,27.0,26.9,26.9,26.9,26.9,26.9,26.8,26.9,26.9,27.0,26.9,26.9,26.8,26.9,26.9,26.8,26.9,26.9,26.9,26.7,26.7,26.7,26.9,26.9,26.8,27.0,26.8,26.7,26.9,26.9,26.9,26.8,26.8,26.9,26.8,26.8,26.7,26.9,26.6,26.9,26.8,26.7,26.7,26.8,26.9,26.9,26.7,26.6,26.7,26.8,26.8,26.9,26.8,26.9,26.8,26.8,26.7,26.7,27.0,26.8,26.7,26.7,26.8,26.7,26.8
15,26.9,26.5,26.8,26.9,26.5,26.6,26.8,26.7,26.8,26.9,26.8,26.6,26.8,26.6,26.6,26.6,26.8,26.8,26.8,26.6,26.8,26.8,26.7,26.8,26.7,26.8,26.8,26.6,26.7,27.0,26.8,26.8,26.7,26.6,26.8,26.6,26.9,26.7,26.7,26.7,26.7,26.9,26.8,26.9,26.9,26.8,26.8,26.7,26.9,26.8,26.9,26.9,26.9,26.8,26.8,26.9,26.9,26.9,27.0,27.0,26.9,26.8,26.8,27.0,26.9,26.9,26.9,26.7,26.8,26.9,26.9,26.9,26.8,27.1,26.9,26.9,26.9,26.8,26.8,26.9,27.1,26.8,26.9,26.9,26.9,26.8,27.1,27.0,26.9,27.0,26.8,26.9,26.8,26.9,26.9,26.9,26.9,26.8,27.0,26.9,27.0,26.9,26.8,26.9,26.9,27.0,27.0,27.1,26.9,26.9,27.0,26.8,27.0,27.0,27.0,26.9,26.9,27.0,26.9,26.9,27.0,27.0,26.9,27.0,27.1,26.8,26.9,27.1,26.9,26.9,26.9,26.9,26.9,26.9,26.8,26.8,27.0,26.9,26.9,26.9,27.0,26.9,26.9,27.0,26.9,26.8,27.1,26.9,27.0,26.8,26.9,26.9,27.0,27.1,26.8,26.9,27.0,26.8,27.0,26.9,27.0,26.8,26.9,26.8,26.7,26.8,26.8,26.9,26.9,26.9,26.6,26.8,26.9,26.8,26.7,26.8,26.7,26.7,26.9,26.9,26.7,26.7,26.9,26.8,26.9,26.7,26.7,26.9,26.6,26.8,26.8,26.6
16,26.7,26.6,26.8,26.6,26.7,26.7,26.7,26.6,26.8,26.6,26.8,26.8,26.8,26.9,26.7,26.9,26.6,26.6,26.7,26.9,26.6,26.7,26.7,26.9,26.7,26.8,26.8,26.9,26.9,26.7,26.8,26.8,26.9,26.9,26.8,26.6,26.9,26.8,26.9,26.9,26.7,27.1,27.0,26.9,26.9,26.8,26.8,26.7,26.9,26.9,26.9,26.8,26.8,26.7,26.7,26.9,26.8,27.0,27.0,26.9,26.9,26.9,26.9,27.0,26.9,26.9,26.9,26.9,26.9,26.9,26.9,26.9,26.9,26.9,26.9,26.9,26.9,26.9,27.0,26.9,27.0,26.7,27.0,26.7,27.0,27.1,26.9,26.9,26.7,26.9,26.9,26.9,27.0,27.0,27.0,26.9,27.0,27.0,27.0,26.9,26.9,27.1,26.9,26.9,27.0,27.1,26.9,27.1,26.9,27.0,27.0,26.9,27.3,26.9,26.9,27.1,27.0,27.0,26.9,26.9,27.0,26.9,26.9,26.9,26.9,27.0,26.9,27.0,26.8,27.1,27.0,27.1,26.9,27.0,26.9,27.0,26.8,26.9,26.9,26.9,26.7,26.9,26.8,26.9,26.9,27.0,26.9,27.0,27.0,26.8,26.9,27.0,26.9,27.0,26.9,27.0,26.8,26.9,27.0,26.9,26.9,26.9,26.8,26.7,26.8,26.9,26.8,26.7,27.0,26.9,26.8,27.0,26.9,26.7,26.8,26.9,26.7,26.8,26.7,26.8,26.7,26.8,26.7,26.8,26.8,26.8,26.9,26.9,26.8,26.8,26.7,26.7
17,26.7,26.6,26.7,26.6,26.6,26.7,26.7,26.7,26.8,26.9,26.7,26.7,26.8,26.6,26.6,26.8,26.6,26.6,26.7,26.9,26.9,26.7,26.7,26.9,26.6,26.7,26.8,26.9,26.8,26.8,26.6,26.7,26.6,26.8,26.7,26.9,26.9,26.7,26.7,26.7,26.7,27.0,26.9,26.6,26.9,26.8,26.8,26.7,26.8,26.8,26.9,26.9,26.7,26.8,26.8,26.8,26.7,26.8,26.6,26.7,26.9,26.8,26.7,26.7,26.9,26.7,26.9,26.9,26.8,27.0,27.0,26.9,26.9,27.0,26.8,27.0,27.0,26.8,26.9,27.0,26.9,26.9,27.0,27.1,26.9,26.9,26.9,26.9,26.9,26.9,26.9,26.9,27.0,26.9,26.9,26.9,26.9,26.8,26.8,26.9,26.9,26.9,26.9,26.9,27.1,26.9,26.9,26.9,26.9,26.9,26.9,27.0,26.9,26.9,27.0,27.0,26.9,26.9,27.1,27.0,27.0,26.9,26.9,26.9,26.9,27.0,26.9,26.8,26.9,27.0,27.0,26.9,27.0,26.9,27.0,26.9,26.9,27.0,26.9,26.9,26.9,26.8,26.9,26.8,26.8,26.7,26.9,26.9,26.9,26.7,26.8,26.8,27.0,26.9,27.0,26.8,26.9,26.9,26.9,27.0,26.9,27.1,26.8,26.8,26.9,26.8,27.0,26.8,26.9,26.9,26.8,26.8,27.0,26.8,26.9,26.9,27.0,26.9,26.7,26.9,26.7,26.6,26.7,26.9,26.9,26.8,26.6,26.7,26.8,26.8,26.8,26.8
18,26.6,26.7,26.8,26.6,26.7,26.5,26.7,26.6,26.7,26.6,26.6,26.6,26.7,26.8,26.9,26.7,26.8,26.8,26.7,26.8,26.9,26.9,26.8,26.8,26.8,26.8,26.7,26.8,26.9,26.7,26.8,26.7,26.9,26.7,26.8,26.9,26.7,26.9,26.9,27.0,26.9,26.9,26.9,26.9,27.0,26.9,26.9,27.0,26.9,26.8,27.0,26.7,26.9,26.9,26.9,26.7,26.8,26.8,26.9,26.9,26.8,27.1,26.8,26.9,27.0,26.9,27.0,26.9,27.1,26.9,26.9,27.0,26.9,27.0,26.8,27.1,27.0,27.0,26.7,26.9,26.9,26.8,26.9,26.9,26.9,26.9,27.0,26.9,27.1,26.9,26.9,26.9,26.9,26.9,27.0,26.9,26.8,27.0,26.9,27.1,26.9,27.0,27.1,27.0,26.9,27.1,27.0,27.0,26.9,27.0,27.1,27.0,27.0,27.0,27.0,27.0,26.9,26.9,27.0,27.0,26.9,27.1,27.0,26.9,27.1,27.1,27.0,26.9,26.8,27.1,26.9,27.1,26.9,26.9,27.0,26.9,26.8,26.8,26.9,27.0,26.9,26.7,26.9,26.9,26.9,26.8,27.0,26.8,26.8,26.9,26.9,26.9,26.8,26.9,26.8,26.8,26.9,26.9,27.1,27.0,26.9,27.1,26.9,26.9,26.8,26.8,26.6,27.0,26.7,26.7,26.9,26.7,26.9,26.7,26.9,26.8,26.9,26.9,26.8,26.8,26.6,26.7,26.8,26.7,26.9,26.9,26.8,26.7,26.7,26.8,26.7,26.7
19,26.7,26.6,26.7,26.6,26.7,26.8,26.7,26.8,26.7,26.7,26.7,26.7,26.9,26.7,26.7,26.8,26.7,26.7,26.7,26.8,26.9,26.9,26.8,26.8,27.0,26.7,26.8,26.8,26.8,26.8,26.9,26.8,26.8,26.8,26.7,27.0,26.9,26.9,26.9,26.7,26.9,26.7,26.7,26.9,27.0,26.8,26.8,26.9,26.8,26.9,26.9,27.0,26.9,26.8,26.9,26.8,26.9,26.8,26.8,26.9,26.8,26.8,27.0,26.8,26.9,26.9,26.8,26.9,26.8,26.9,26.9,26.8,26.9,26.9,26.9,26.9,26.8,27.0,26.9,26.7,26.9,27.0,27.1,26.9,27.0,26.9,26.9,26.9,27.0,26.9,27.0,27.0,26.8,27.0,26.9,27.1,26.9,26.9,26.9,27.1,26.9,27.1,26.8,27.1,27.0,26.9,26.9,26.9,27.0,27.1,27.1,27.0,27.1,27.0,27.0,26.9,27.0,27.0,27.1,27.0,26.9,26.9,27.0,27.0,26.8,26.8,26.9,27.1,26.9,27.0,26.8,26.9,26.8,26.9,26.9,27.0,26.9,27.0,27.0,26.9,26.8,27.0,27.0,27.1,27.0,27.0,27.0,27.0,26.9,27.0,27.0,27.0,27.0,26.9,27.0,26.8,26.8,26.9,26.8,26.9,26.7,26.9,26.9,26.8,26.8,27.1,26.9,26.8,26.9,26.9,26.8,26.7,27.0,26.8,26.8,26.8,27.0,26.7,26.8,26.9,26.8,26.8,26.9,26.8,26.9,27.0,26.7,26.8,26.6,26.8,26.7,26.7
20,26.8,26.8,26.9,26.9,26.7,26.9,26.6,26.7,26.7,26.7,26.9,26.7,26.6,26.9,26.8,26.7,26.6,26.8,26.9,26.8,26.7,26.6,26.9,26.6,26.9,26.9,26.7,26.7,26.9,26.7,26.8,26.9,26.8,26.7,26.9,26.8,26.9,27.0,26.8,26.8,26.9,26.8,26.9,26.9,26.9,26.8,26.8,26.8,26.8,27.0,26.8,26.7,26.9,26.7,26.7,26.9,26.8,26.9,27.0,26.9,26.9,27.0,26.9,26.8,26.9,26.8,27.0,26.9,27.0,27.0,26.9,26.8,26.8,27.0,26.9,27.0,27.0,27.0,26.9,27.0,26.9,27.1,26.9,26.9,26.9,27.0,27.1,26.9,27.0,26.9,27.0,27.0,27.0,26.9,27.0,26.9,27.0,27.1,27.1,27.0,26.9,27.0,27.1,27.2,27.1,27.0,27.0,27.0,26.9,27.1,26.9,27.0,27.0,26.9,27.0,27.1,27.0,26.9,26.9,26.9,26.9,27.1,27.1,26.9,27.1,27.0,26.9,26.8,27.0,27.0,27.0,26.9,26.9,27.0,26.9,26.8,27.0,26.9,27.1,27.1,27.1,27.0,27.1,26.8,26.9,27.0,27.1,26.9,27.0,26.9,26.8,26.9,27.0,26.9,27.1,27.0,26.9,26.9,26.9,26.9,27.0,27.0,26.9,26.8,26.9,26.9,26.8,26.8,26.8,26.9,26.8,26.7,26.7,26.9,26.8,26.9,26.9,26.9,27.0,26.8,26.6,27.0,26.9,27.0,26.8,26.8,26.7,26.9,26.9,26.9,26.9,26.8
21,26.6,26.6,26.8,26.6,26.5,26.8,26.9,26.7,26.6,26.5,26.7,26.6,26.9,26.7,26.7,26.8,26.7,26.6,26.7,26.7,26.7,26.6,26.6,26.7,26.8,26.9,26.6,26.8,26.9,26.8,26.8,26.7,26.8,26.9,26.7,26.8,26.7,26.9,26.8,26.8,26.8,26.7,26.9,26.9,26.7,27.0,26.9,26.7,26.9,26.8,26.8,26.8,26.9,26.9,26.8,26.8,26.9,26.9,26.8,27.0,26.8,26.8,26.8,26.9,26.8,26.9,26.8,27.0,27.0,26.9,27.0,26.9,26.8,26.9,26.9,27.0,26.8,27.0,26.8,27.0,26.9,27.0,26.8,26.9,27.1,27.1,26.9,26.9,27.0,27.0,26.9,27.0,26.9,26.9,26.8,26.9,27.0,27.0,27.0,27.1,27.1,27.1,26.9,27.1,26.9,26.8,27.0,27.1,27.1,27.0,27.1,27.1,26.9,26.9,27.0,27.1,27.0,26.8,26.8,27.0,27.0,26.9,26.9,26.9,27.0,26.9,26.9,26.9,26.9,26.9,26.9,27.0,26.9,27.1,26.9,26.8,26.8,27.0,26.9,26.9,26.9,26.9,26.9,27.0,26.9,26.9,26.9,26.8,26.9,26.9,26.9,26.9,26.9,27.0,26.9,26.9,27.0,26.8,27.2,27.0,27.0,26.9,26.7,26.8,26.7,26.9,26.8,26.8,26.8,26.8,26.9,26.9,26.8,26.8,26.9,26.7,26.8,26.8,26.9,27.1,26.6,26.7,26.8,26.9,26.9,26.8,26.8,26.8,26.6,26.7,26.9,26.9
22,26.8,26.6,26.9,26.6,26.6,26.7,26.9,26.6,26.6,26.6,26.7,26.6,26.6,26.7,26.9,26.8,26.7,26.7,26.9,26.8,26.9,26.9,26.7,26.9,26.6,26.7,26.7,26.8,26.8,26.7,26.7,26.9,26.9,26.9,26.8,26.9,26.8,26.9,26.8,26.9,26.9,26.9,26.7,27.1,26.8,26.9,26.8,26.8,26.9,26.9,26.8,26.9,26.8,26.9,26.9,26.9,26.9,27.0,26.8,26.7,26.9,26.8,26.7,26.9,27.0,26.8,27.1,26.9,26.9,26.8,26.7,27.0,26.9,26.9,27.0,26.9,26.9,26.8,26.8,27.0,26.9,27.0,26.9,27.0,26.9,26.9,27.0,26.9,27.0,27.0,27.0,27.0,26.9,27.0,27.1,27.1,27.0,26.7,26.9,27.0,26.9,27.1,26.9,27.0,27.1,26.9,27.1,27.1,27.0,27.1,27.0,26.9,27.0,27.1,27.1,27.0,27.0,27.1,26.9,27.1,27.1,26.9,27.1,26.9,27.0,26.9,27.1,27.0,27.0,27.2,27.1,26.9,27.0,27.0,26.9,27.0,26.9,27.0,26.9,26.9,26.7,26.9,26.9,26.9,27.0,26.9,27.0,27.0,26.8,26.9,26.9,26.9,26.9,27.0,27.1,26.9,26.9,26.8,26.8,27.0,26.8,26.9,26.7,26.7,26.7,26.8,26.9,26.9,27.0,26.8,26.9,26.7,26.9,27.0,27.0,26.8,26.9,27.0,26.8,26.8,26.8,26.8,26.7,26.9,26.8,26.8,27.0,26.6,26.9,26.7,26.8,26.7
23,26.7,26.7,26.9,26.8,26.6,26.8,26.7,26.7,26.6,26.8,26.9,26.9,26.6,26.7,26.8,26.8,26.7,26.8,26.6,26.9,26.8,26.7,26.7,26.8,26.8,26.9,26.8,26.8,26.8,26.8,26.7,26.8,26.7,26.9,26.7,27.1,26.7,26.6,26.9,27.0,26.9,26.8,26.8,26.9,27.1,27.0,26.8,26.9,27.0,26.9,26.6,26.8,26.8,26.8,26.9,26.9,26.9,26.7,27.0,27.0,26.9,26.9,26.9,26.8,26.9,26.8,26.9,27.0,26.8,26.9,27.0,26.8,27.0,27.0,26.9,27.0,26.9,27.0,27.0,27.0,26.9,27.0,26.9,27.0,26.9,26.9,26.9,27.1,27.0,26.9,27.0,27.0,27.0,26.9,27.1,27.1,27.0,26.9,26.9,27.1,27.1,26.9,27.0,27.1,27.0,27.2,26.9,27.1,27.0,26.9,27.0,27.0,27.0,27.1,26.8,27.0,26.9,26.9,27.0,27.1,27.1,27.1,27.0,26.9,27.1,26.9,26.7,27.0,27.1,27.2,27.1,27.0,27.0,26.9,27.0,27.1,26.7,27.0,27.0,26.9,27.0,26.9,26.9,27.1,26.9,27.0,27.0,26.9,27.0,27.0,26.9,26.9,27.0,27.0,26.9,26.8,26.9,27.0,26.9,26.8,26.9,26.9,26.9,26.8,26.9,26.8,26.8,26.9,26.8,27.0,26.7,26.9,26.8,26.6,26.9,26.8,26.9,26.8,26.6,26.8,26.6,26.8,26.8,26.8,26.8,26.7,26.8,26.9,26.7,26.9,26.9,26.9
24,26.6,26.6,26.7,26.7,26.6,26.6,26.7,26.7,26.8,26.8,26.9,26.8,26.8,26.8,26.9,26.8,26.9,26.7,26.8,27.0,26.7,26.8,27.0,26.9,26.9,26.8,26.6,26.9,26.9,26.9,26.8,27.0,27.0,26.6,26.9,27.0,26.9,26.8,26.9,26.8,26.9,26.8,26.9,27.0,27.0,26.9,26.8,26.9,26.9,26.9,26.8,26.9,27.0,27.0,26.9,26.7,27.0,26.9,26.9,26.9,26.9,26.9,26.9,26.9,27.0,26.8,27.0,26.9,26.9,26.8,27.0,26.9,26.9,26.9,26.9,26.9,26.9,27.0,26.9,26.9,27.0,26.9,27.0,27.0,26.9,26.7,27.1,26.9,27.0,27.1,27.1,27.1,26.9,27.0,27.0,27.0,27.0,27.2,27.0,26.8,27.1,27.0,26.9,27.0,27.0,26.9,27.1,27.0,26.9,27.1,27.0,27.1,27.2,27.2,27.0,27.0,27.1,27.0,27.0,27.0,27.0,27.0,26.9,27.0,27.0,26.9,27.0,27.1,27.1,27.1,26.9,27.1,27.1,26.9,27.0,27.1,27.0,26.9,27.0,26.8,26.9,27.1,27.0,27.0,27.0,26.9,26.9,26.9,26.9,26.9,26.9,27.0,26.9,26.9,26.9,26.8,26.9,26.9,27.0,26.8,26.9,27.0,27.0,27.0,26.9,26.9,26.9,26.8,26.9,26.9,26.7,26.7,26.8,26.8,26.6,26.8,26.9,26.7,26.8,26.9,26.7,26.9,26.8,26.8,26.6,26.8,26.7,26.7,26.9,26.8,26.7,26.8
25,26.7,26.7,26.7,26.6,26.7,26.6,26.6,26.7,26.8,26.6,26.5,26.7,26.8,26.8,26.8,26.9,26.8,26.8,26.8,26.7,26.8,26.8,26.6,26.7,26.9,26.8,26.6,26.8,26.9,26.9,26.7,26.9,26.7,26.8,26.9,26.9,26.9,26.9,26.9,26.8,26.8,26.7,26.9,26.7,26.9,26.9,27.0,26.8,27.0,26.9,26.8,26.9,27.0,26.9,26.9,26.9,27.0,26.9,26.9,26.9,26.9,27.0,27.0,26.9,27.1,26.8,26.9,26.9,27.1,27.0,27.0,27.2,27.0,27.1,27.0,27.2,27.2,27.0,27.0,26.9,27.1,27.0,27.1,26.9,27.1,26.9,27.0,27.0,27.0,27.2,26.9,27.1,27.0,27.0,26.9,27.1,27.1,27.1,27.3,26.9,27.1,27.1,27.1,26.9,27.0,27.0,27.0,27.1,26.9,27.1,26.9,27.0,27.1,27.1,27.1,27.1,27.1,27.1,27.1,27.0,27.1,27.1,27.1,27.0,26.9,27.1,26.9,27.1,26.9,27.1,26.9,27.0,27.0,26.9,27.1,27.1,26.9,27.1,26.8,26.9,27.0,27.0,27.1,27.1,27.0,26.9,26.9,26.9,26.8,27.0,27.0,27.0,27.0,26.9,26.8,26.8,26.9,26.7,27.0,26.8,26.8,27.1,26.8,26.8,26.8,26.9,27.0,26.9,26.8,26.9,26.9,26.9,26.9,26.9,26.9,26.8,27.0,27.0,26.8,26.8,26.6,26.9,26.9,26.8,26.8,26.9,26.7,26.9,26.8,26.7,26.7,26.7
26,26.7,26.8,26.7,26.8,26.7,26.8,26.7,26.8,26.6,26.9,26.9,26.7,26.8,26.8,26.8,26.8,26.6,26.6,26.8,26.6,26.8,26.7,26.9,26.9,26.9,26.8,26.6,26.7,26.8,26.8,26.6,26.9,26.7,26.9,27.0,26.8,26.8,26.8,26.8,26.8,26.8,26.9,26.9,27.1,27.0,26.9,26.9,26.9,26.7,26.9,26.8,26.9,26.9,26.8,27.0,27.0,26.9,26.9,26.9,27.1,26.8,26.8,26.9,26.9,27.0,27.0,27.0,26.9,26.9,26.9,27.0,27.0,26.9,26.9,27.0,27.0,26.9,27.0,27.1,26.9,27.0,27.1,26.9,27.0,26.9,27.0,27.0,27.1,26.9,26.9,27.2,27.0,27.1,27.2,27.2,27.1,27.0,27.0,26.9,27.0,26.9,27.0,27.0,27.1,26.9,26.9,27.0,27.0,27.0,26.9,27.1,27.1,27.0,27.0,27.1,27.1,27.1,27.1,27.0,27.0,27.2,27.1,27.1,27.1,27.1,27.0,27.1,27.1,27.1,27.1,26.9,27.0,26.8,26.9,27.1,27.0,26.9,26.9,27.0,27.0,26.9,27.0,27.0,27.0,27.0,26.9,27.1,27.0,27.0,26.8,27.0,26.9,26.9,26.9,26.9,26.9,27.0,27.0,27.1,26.9,26.9,27.0,27.0,26.8,26.9,26.9,27.0,26.9,26.9,26.9,27.0,26.9,26.8,26.9,26.9,26.9,26.9,26.8,26.8,26.8,26.8,26.8,26.7,26.9,26.8,26.7,26.7,26.7,26.7,26.8,26.8,26.8
27,26.8,26.6,26.8,26.6,26.6,26.8,26.9,26.7,26.8,26.6,26.8,26.6,26.7,26.7,26.9,26.7,26.8,26.8,26.7,26.8,26.9,26.8,26.9,26.9,26.8,26.9,26.8,27.0,26.9,26.8,26.9,26.8,26.9,26.9,26.9,26.9,27.0,26.9,26.9,27.0,26.8,26.7,27.0,27.0,26.9,26.9,26.9,26.8,26.9,26.9,26.9,26.8,26.9,27.0,26.8,26.9,26.9,27.0,27.1,26.9,27.0,26.9,26.9,27.0,27.0,26.9,27.1,27.0,26.9,26.9,26.8,27.2,27.0,27.1,27.1,26.9,26.9,26.9,27.1,27.0,27.0,27.0,26.9,27.0,27.1,26.9,26.9,27.1,27.0,27.0,27.0,27.0,27.3,27.1,27.1,27.1,27.1,26.9,27.0,27.0,27.2,26.9,27.1,27.1,27.1,27.2,26.9,27.1,27.0,27.3,27.1,27.1,27.0,27.1,27.1,27.1,27.1,27.0,27.1,27.0,27.2,27.1,27.1,27.1,27.0,27.0,27.1,27.0,27.0,27.1,27.1,27.1,27.1,27.1,27.0,27.1,26.9,27.1,27.0,26.9,27.1,27.0,26.9,27.1,27.1,26.9,27.0,26.9,27.1,27.1,27.0,27.1,27.0,27.0,26.9,26.9,26.9,26.9,26.9,27.1,27.0,27.0,26.9,26.9,26.8,27.0,26.8,26.8,26.9,26.9,26.9,26.8,26.8,26.7,26.7,26.9,26.9,26.8,26.9,26.9,26.9,26.8,26.8,26.9,26.8,26.8,26.8,26.9,26.7,26.9,26.6,26.7
28,26.9,26.7,26.8,26.8,26.8,26.8,26.6,26.6,26.8,26.8,26.8,26.9,26.9,26.7,26.8,26.9,26.8,26.8,26.9,26.9,26.8,26.9,26.9,26.8,26.6,26.8,26.6,26.9,26.8,26.9,26.9,26.9,26.9,26.9,26.9,26.9,27.1,26.8,26.9,27.0,26.9,26.7,26.9,27.0,27.0,27.1,26.9,26.9,27.0,26.9,26.6,27.0,27.0,26.7,27.1,27.0,27.0,26.9,26.9,27.0,26.9,27.0,26.9,26.9,26.9,27.0,27.1,27.1,27.1,26.9,27.0,26.9,26.9,27.0,26.9,27.0,27.0,27.1,27.1,27.0,26.8,27.0,27.1,27.0,27.2,27.2,27.2,27.0,27.1,27.2,27.1,27.0,27.2,27.2,27.1,27.2,27.1,27.1,27.0,27.1,27.2,27.3,27.1,27.2,27.1,27.0,27.2,27.1,26.9,27.1,27.0,27.1,27.0,27.1,27.0,27.0,27.1,27.1,27.1,27.1,27.1,27.1,27.2,27.1,27.1,27.2,26.9,27.2,26.9,27.0,27.0,27.2,27.1,27.1,27.0,26.9,27.1,27.0,27.0,27.1,27.1,26.9,26.9,27.1,27.0,27.0,27.1,27.0,27.2,27.1,27.1,26.9,27.0,27.1,27.1,26.8,27.1,27.1,26.9,27.0,27.0,27.0,26.9,26.9,26.9,26.9,27.0,27.0,26.9,27.1,26.9,26.9,26.9,27.0,26.9,26.9,26.9,27.0,27.0,26.9,26.8,27.0,26.9,26.9,27.1,26.6,27.0,26.9,26.9,26.8,26.9,26.9
29,26.8,26.7,26.9,26.8,26.9,26.8,26.8,26.8,26.7,26.7,26.8,26.7,26.7,26.9,26.9,26.8,26.7,26.7,26.9,26.8,26.8,26.6,26.9,26.8,26.7,27.0,26.8,26.8,26.8,26.8,26.7,26.9,26.8,27.0,26.9,27.0,26.9,26.9,27.0,27.0,26.9,26.8,27.0,26.6,26.9,26.9,26.9,27.0,27.0,27.1,26.8,27.0,27.0,27.1,27.0,26.8,27.1,27.0,27.1,27.0,26.9,27.1,27.1,26.9,26.9,26.9,26.9,27.1,26.9,27.1,27.0,27.0,26.8,27.0,27.1,27.0,27.2,27.2,26.9,27.0,27.1,27.1,27.0,27.1,27.2,27.1,27.1,27.1,26.9,27.3,27.1,27.2,27.1,27.1,27.1,27.0,27.2,27.1,27.1,27.1,26.9,26.9,27.1,27.1,27.0,27.1,27.1,27.2,27.0,27.2,27.2,27.1,27.0,27.0,27.2,26.9,26.9,27.0,27.0,27.0,26.9,27.1,27.1,27.0,27.1,27.1,27.1,27.1,27.0,27.1,27.0,27.0,27.0,26.9,27.1,27.0,27.1,27.1,27.2,27.0,27.0,27.1,26.9,26.9,26.9,27.0,27.1,26.9,27.0,27.1,27.0,27.1,26.9,27.0,26.9,26.9,26.8,26.9,27.0,26.9,27.0,26.9,26.8,27.0,26.7,26.9,26.7,26.9,27.0,27.0,27.0,27.0,26.9,26.9,26.8,27.0,26.7,26.8,26.8,26.8,26.8,26.8,26.8,26.7,26.6,26.9,26.9,26.8,26.7,26.8,26.8,26.9
30,26.6,26.7,26.7,26.9,26.9,26.8,26.7,26.8,26.8,26.7,26.6,26.7,26.7,26.7,26.8,26.9,26.7,26.9,26.9,26.8,26.8,26.8,26.7,26.9,26.9,27.0,26.8,27.0,27.0,26.9,27.0,26.8,26.8,26.9,27.0,26.9,26.9,26.8,26.6,26.7,27.1,27.0,27.1,26.8,26.9,26.9,26.9,26.9,27.1,26.8,26.9,27.1,26.8,27.1,26.9,27.0,27.0,27.0,26.9,26.9,26.9,27.1,27.1,27.1,27.1,27.0,26.9,27.0,27.1,26.9,26.9,27.1,27.1,27.0,26.8,27.2,27.1,27.1,27.0,27.2,27.1,27.1,27.1,27.0,27.2,27.1,27.1,27.1,27.1,27.0,27.1,27.0,27.1,27.1,27.0,27.1,27.1,27.0,27.1,27.1,27.1,27.2,27.2,27.2,27.0,27.1,27.0,27.1,27.3,27.1,27.1,27.1,27.2,27.2,27.0,27.1,27.0,27.2,27.1,27.1,26.9,27.1,27.1,27.1,27.1,27.2,27.1,27.1,27.0,27.1,27.2,27.1,27.3,27.1,26.9,27.2,27.1,27.0,26.9,27.0,27.0,26.9,27.0,27.1,27.1,26.9,27.1,27.0,27.1,27.0,27.0,27.0,26.9,27.0,26.9,26.9,27.0,26.9,27.0,27.0,26.9,26.9,27.0,26.9,27.0,26.9,27.0,26.9,26.9,26.9,27.0,26.8,26.9,26.9,26.8,26.9,26.8,26.7,26.7,26.9,26.8,27.0,26.8,26.8,26.8,26.8,26.9,26.9,26.8,26.6,26.7,26.8
31,26.8,26.8,26.9,26.8,26.8,26.9,26.7,26.7,26.9,26.8,26.8,26.9,26.9,26.7,27.1,26.9,26.9,26.9,26.9,27.0,26.9,26.9,26.9,26.9,26.8,27.0,26.9,27.0,26.7,26.9,26.9,26.9,27.0,26.8,27.1,27.0,27.0,26.8,26.8,26.9,26.9,26.8,26.9,27.0,26.9,27.0,26.9,26.9,26.9,27.0,27.0,27.0,27.0,27.0,26.9,26.9,26.9,27.1,27.0,27.1,27.0,27.0,27.0,27.0,27.1,27.1,27.0,27.0,27.1,27.1,27.0,27.1,27.1,27.1,27.1,27.1,27.1,26.9,27.0,27.0,27.2,27.1,26.9,27.1,27.1,27.1,27.1,27.2,27.2,27.1,27.1,27.0,27.1,27.1,27.2,27.0,27.2,27.2,27.0,27.1,27.0,27.1,27.1,27.1,27.1,27.0,27.1,27.3,27.0,27.1,27.1,27.1,27.0,27.0,26.9,27.1,27.0,27.1,27.2,26.9,26.9,27.0,27.2,27.0,27.1,27.1,27.0,27.1,26.9,27.3,27.0,27.1,27.0,27.1,27.2,27.3,27.2,27.1,27.2,27.2,27.2,27.0,27.0,27.1,27.1,27.1,26.9,27.0,26.9,26.8,26.9,27.0,27.0,27.1,26.9,26.9,27.1,26.9,27.2,27.1,27.0,26.9,27.1,26.8,26.9,27.1,27.0,26.9,26.9,26.9,26.9,26.9,26.9,26.9,27.0,26.9,26.9,27.0,27.1,27.0,26.8,26.9,27.0,27.0,26.9,27.0,26.8,26.9,26.7,26.9,26.9,27.0
32,26.9,26.8,26.8,26.8,26.7,26.9,26.8,26.8,26.8,26.7,26.7,26.8,26.7,26.9,26.8,27.0,26.9,27.0,26.9,26.8,26.9,26.9,27.1,26.9,27.0,26.9,26.9,26.9,26.9,26.9,27.1,27.0,26.9,27.0,26.9,27.0,27.0,27.0,26.9,26.9,27.0,27.0,26.9,26.9,27.0,27.0,26.7,26.8,27.1,26.9,26.9,27.0,26.8,27.0,27.0,27.1,27.1,27.1,27.0,27.2,26.9,27.1,27.0,26.9,27.1,27.0,26.9,27.0,27.2,27.2,27.1,27.1,27.1,27.1,27.1,27.0,27.2,27.0,27.1,26.9,27.1,27.0,27.2,27.0,27.1,27.0,27.2,27.0,27.1,27.1,27.0,27.3,27.1,26.9,27.2,27.1,27.1,27.1,27.1,27.0,27.1,27.0,27.1,27.1,27.1,27.0,27.2,27.1,26.9,27.1,27.1,27.0,27.1,27.0,27.0,27.0,27.1,26.9,27.2,27.0,26.9,27.1,27.2,27.1,26.9,27.2,27.1,27.2,26.9,27.1,27.0,27.1,27.1,27.1,27.1,27.1,26.9,27.1,27.1,27.2,27.1,27.1,27.2,26.9,27.1,27.1,27.1,27.1,26.9,27.2,27.1,27.1,27.2,27.0,27.1,27.0,27.1,27.0,27.0,27.1,27.0,27.0,27.0,26.8,27.0,26.9,27.0,26.9,26.9,26.9,27.0,26.9,26.9,27.0,26.9,26.9,26.9,27.0,26.9,27.0,26.8,26.9,26.9,27.0,26.8,27.1,26.8,26.9,26.9,26.9,27.0,26.9
33,26.8,26.9,27.0,26.9,26.7,26.9,26.9,26.7,26.9,26.9,26.8,26.7,26.7,26.9,26.9,26.8,26.9,26.9,27.0,26.9,26.9,26.9,26.9,26.8,26.9,26.9,27.1,26.9,26.9,26.9,26.8,26.9,26.9,26.8,27.0,27.0,26.9,26.9,26.9,26.9,27.0,26.9,26.9,27.0,26.9,27.0,26.9,27.1,26.9,27.0,27.1,27.0,27.0,26.9,26.9,27.0,26.9,27.1,27.0,26.9,27.0,27.1,26.9,27.1,27.1,27.0,27.1,26.9,27.1,27.0,27.0,27.1,26.9,27.0,27.0,26.9,27.0,27.3,27.2,27.1,27.2,27.0,27.3,27.0,27.0,27.1,27.1,27.2,27.0,27.1,27.2,27.0,27.1,27.1,27.1,27.0,27.1,27.2,27.0,27.1,27.2,27.2,26.9,26.9,27.1,27.1,27.0,27.1,27.1,27.1,27.0,27.0,27.0,27.0,27.0,27.1,27.2,27.0,27.1,27.1,27.1,27.1,27.1,27.2,27.1,27.2,27.1,27.2,27.0,27.3,27.1,27.1,27.1,27.0,27.1,27.1,27.1,27.1,27.2,27.1,27.1,27.2,26.9,27.1,27.1,27.1,27.2,27.1,27.1,27.1,27.3,27.0,27.0,27.1,27.1,26.8,26.9,27.0,27.0,27.0,27.0,27.0,27.0,26.9,27.1,27.0,26.9,26.9,27.0,27.2,26.9,26.9,26.9,27.0,26.9,27.0,27.0,26.9,26.9,26.9,26.9,26.9,26.9,26.9,27.0,27.1,27.0,26.9,26.9,26.9,26.8,27.0
34,26.7,26.7,26.9,26.7,26.8,26.8,27.0,26.7,26.8,26.8,26.9,26.8,26.8,26.9,26.9,26.9,26.9,26.7,26.8,27.0,26.9,27.0,27.0,26.8,26.9,27.1,26.8,26.7,26.8,26.7,26.8,26.9,26.7,26.9,26.9,27.0,26.9,26.9,27.0,27.0,26.9,26.9,26.9,26.9,26.9,27.0,26.9,27.0,27.0,26.9,26.9,27.0,27.1,27.2,26.9,27.1,26.9,27.0,27.0,27.2,27.0,27.0,26.9,26.9,26.8,27.0,27.0,26.9,27.1,26.9,27.0,27.0,27.3,27.2,27.1,27.0,27.1,27.1,27.0,27.0,26.9,27.1,27.0,27.1,27.1,27.1,27.3,27.1,27.1,27.0,27.1,27.1,27.3,27.1,27.0,27.1,26.9,27.0,27.1,27.1,27.0,27.0,27.0,27.1,27.0,27.1,26.9,27.0,27.0,27.1,27.0,27.0,26.9,27.1,27.1,27.0,27.3,27.1,27.2,27.2,27.1,27.1,27.1,27.0,27.1,27.2,27.0,27.1,27.2,27.1,27.1,27.0,27.2,27.1,27.0,27.1,27.1,27.2,27.1,27.0,27.1,27.1,27.0,27.0,27.1,27.1,27.0,27.0,27.0,27.1,27.2,27.1,27.1,27.0,27.1,26.9,26.9,27.0,27.1,27.0,26.9,27.0,27.1,26.9,27.0,26.9,26.9,27.0,27.0,26.9,27.0,27.1,26.8,26.7,27.0,26.9,27.0,26.8,27.0,26.9,26.9,26.7,26.8,26.8,27.0,26.9,26.8,26.9,26.7,26.8,27.0,26.9
35,26.8,26.6,26.9,26.7,26.7,26.8,26.9,27.0,26.8,26.9,26.9,26.9,26.8,26.9,26.9,26.8,26.9,26.9,26.8,26.9,26.8,26.7,27.0,26.9,26.8,26.9,26.8,26.9,26.9,26.9,27.0,26.9,26.8,27.1,26.9,27.0,26.9,26.8,26.7,26.9,26.9,27.0,27.0,26.9,26.9,27.1,26.9,26.9,26.9,26.8,26.8,27.0,27.1,26.9,26.9,26.9,27.0,27.0,27.1,27.0,26.9,27.2,27.1,26.9,27.0,27.0,27.0,27.1,27.0,27.1,27.0,27.1,26.9,26.9,27.0,26.9,27.1,26.9,27.0,27.1,27.1,27.0,27.2,26.9,27.1,27.0,27.1,27.0,27.0,27.3,27.1,27.1,27.0,27.1,26.9,27.0,26.8,26.9,26.9,27.0,26.9,26.8,26.9,26.8,26.8,26.7,26.9,26.9,26.8,26.9,26.9,27.2,27.0,27.0,27.1,26.9,26.9,26.9,27.1,27.1,27.1,26.9,27.1,27.0,27.1,27.1,27.0,27.2,27.1,27.3,27.1,27.3,27.2,27.3,27.1,27.1,27.0,27.1,27.2,27.0,27.1,27.1,27.1,27.2,27.1,26.9,27.2,27.0,27.0,27.1,27.0,26.9,26.9,26.9,27.0,27.0,27.1,27.0,27.0,27.0,26.8,27.0,26.9,27.0,27.0,26.8,27.0,26.9,27.0,27.0,27.0,26.9,26.9,26.9,26.8,26.9,26.9,26.7,26.7,26.9,26.8,26.8,26.9,26.8,26.8,26.8,27.0,27.0,26.8,26.9,27.0,27.0
36,26.8,26.6,26.7,26.7,26.8,26.7,26.7,26.8,26.8,26.8,26.9,26.8,26.8,26.8,26.8,26.9,26.8,26.9,26.8,26.7,26.9,26.7,26.9,26.8,26.9,26.9,26.7,26.8,26.7,26.8,26.9,26.9,26.7,26.8,26.9,27.1,26.9,26.9,27.1,26.8,27.0,26.8,26.9,26.8,26.9,26.9,26.9,26.8,26.8,26.9,26.8,27.0,27.0,26.9,27.0,26.9,27.0,27.0,26.8,26.9,27.1,27.0,27.0,26.9,26.9,26.9,27.1,26.9,26.9,27.0,27.1,27.1,26.9,27.0,27.0,27.0,26.9,27.1,27.1,27.1,27.0,27.0,27.1,27.1,26.9,27.0,27.0,27.1,26.9,27.1,26.9,27.1,27.1,27.2,27.0,26.9,26.7,26.8,26.9,26.8,26.8,26.7,26.7,26.6,26.7,26.7,26.7,26.8,26.5,26.8,26.6,26.8,26.8,26.6,26.9,27.0,27.0,27.1,27.1,27.0,27.1,27.0,27.0,27.1,27.3,27.1,27.1,27.0,27.1,27.2,27.0,27.2,27.1,27.1,27.0,27.1,27.1,27.3,27.2,27.1,27.1,27.1,27.0,27.2,27.2,27.1,27.0,27.0,27.1,27.0,26.8,27.1,27.1,27.1,27.1,27.0,26.9,27.0,27.0,27.0,26.9,27.0,26.9,26.9,26.9,26.8,26.9,26.8,26.9,26.9,26.9,26.9,26.8,27.1,27.1,26.9,26.9,26.9,26.8,26.9,26.8,26.9,26.9,26.9,26.9,26.9,26.9,27.0,26.9,26.9,26.8,26.8
37,26.6,26.7,26.9,26.8,26.7,26.6,26.7,26.7,26.6,26.9,26.8,26.8,26.6,27.0,26.7,26.8,26.9,26.9,26.9,26.8,26.8,27.0,26.9,26.8,27.0,26.9,26.9,26.9,26.7,26.8,26.8,26.9,26.8,26.8,27.0,26.9,26.9,26.8,26.8,26.8,26.9,26.9,26.9,26.9,26.9,26.9,26.8,26.9,26.9,26.9,26.8,27.0,26.9,26.9,26.9,26.9,27.0,27.0,26.9,26.9,27.1,26.9,26.9,26.8,27.0,26.8,27.0,26.9,26.9,26.9,27.1,27.0,26.9,27.0,27.0,27.0,27.0,27.1,27.1,27.1,27.0,27.1,26.9,27.1,27.1,27.1,26.9,26.9,27.1,27.0,26.9,27.0,26.7,26.8,26.8,26.6,26.5,26.5,26.6,26.6,26.4,26.4,26.4,26.6,26.5,26.4,26.5,26.5,26.5,26.5,26.5,26.4,26.6,26.6,26.8,26.7,26.8,27.0,26.9,26.9,27.0,27.2,27.1,27.0,27.1,27.0,27.1,27.1,27.2,27.0,27.1,27.1,27.1,27.0,27.1,27.1,26.8,27.1,27.2,27.1,27.1,27.0,27.1,27.1,26.9,27.1,27.0,27.1,27.1,27.0,27.0,27.1,27.1,27.1,27.1,26.8,26.9,27.0,26.9,26.8,27.0,27.0,27.0,27.0,26.9,27.0,26.9,26.9,27.0,26.8,26.7,26.9,26.9,26.9,26.9,27.0,26.8,26.9,26.9,27.0,26.8,26.8,27.0,26.9,26.9,26.9,26.7,26.7,26.9,26.6,26.9,26.7
38,26.8,26.8,26.9,26.9,27.0,26.9,26.7,26.8,26.7,26.7,26.9,26.9,26.9,27.0,26.7,26.7,26.9,27.0,26.8,26.8,26.9,26.9,27.0,26.9,26.9,26.8,26.6,26.8,26.8,26.9,26.6,26.9,26.6,26.9,27.0,26.9,26.7,26.8,27.1,26.9,26.9,26.9,26.8,26.8,26.9,26.9,26.9,26.9,26.8,26.8,27.1,27.1,27.0,26.9,26.8,26.9,26.9,26.9,27.0,27.0,26.8,26.8,27.1,26.8,27.1,26.8,27.1,27.0,26.9,26.9,26.9,27.0,27.1,27.0,27.0,27.2,27.0,27.0,27.0,27.0,27.0,26.9,27.0,27.0,27.0,27.0,27.1,26.9,26.8,26.9,27.1,27.0,26.9,26.8,26.8,26.5,26.3,26.5,26.3,26.3,26.4,26.3,26.3,26.5,26.4,26.3,26.3,26.5,26.4,26.2,26.5,26.4,26.3,26.4,26.8,27.0,26.8,26.9,27.0,26.9,27.0,27.0,27.0,27.0,27.0,26.9,27.0,27.1,27.0,27.2,27.1,27.1,27.1,27.0,27.1,27.1,26.9,27.3,27.1,27.0,27.1,27.1,27.1,27.1,27.1,27.0,27.0,27.0,27.1,27.1,27.0,27.1,27.1,26.9,26.9,27.1,27.0,27.0,27.1,27.1,27.0,27.0,26.9,26.9,26.9,26.9,27.0,26.8,27.1,26.9,26.9,27.0,26.9,26.9,26.9,26.9,27.0,27.0,26.9,26.9,26.9,26.9,26.9,26.9,26.8,26.9,26.9,26.6,26.8,27.0,26.8,26.8
39,26.6,26.6,26.9,26.8,26.8,26.7,26.8,26.7,26.8,26.8,26.9,26.9,26.8,26.9,26.8,26.9,26.7,26.8,26.8,27.0,26.8,27.0,26.9,26.8,26.8,26.9,26.7,26.9,27.0,26.8,27.0,26.8,26.8,26.9,27.0,26.9,26.9,26.9,26.8,26.7,26.6,26.6,26.6,26.8,26.9,27.0,26.9,27.0,27.0,27.0,26.9,27.1,27.0,26.9,26.8,26.9,26.8,27.0,27.0,26.9,27.0,27.0,27.0,26.9,26.9,26.9,26.9,26.8,27.1,26.9,27.0,27.0,26.8,27.0,26.9,26.8,27.0,26.9,27.0,26.9,27.0,26.9,26.8,27.0,27.0,27.0,26.9,27.0,27.0,26.9,26.9,27.0,27.0,26.8,26.7,26.5,26.5,26.2,26.4,26.3,26.3,26.3,26.2,26.4,26.3,26.2,26.4,26.4,26.3,26.1,26.2,26.3,26.4,26.3,26.8,26.8,26.9,26.9,26.9,26.9,27.0,26.9,27.0,27.0,27.1,27.0,27.1,27.0,27.1,27.1,27.1,27.3,27.0,27.2,27.1,27.2,27.1,27.0,27.1,27.1,27.0,27.2,27.1,27.1,27.0,27.2,27.2,27.0,27.1,27.0,27.1,27.0,27.0,27.1,26.9,27.0,27.1,27.0,27.0,27.1,27.0,27.1,26.9,26.9,26.9,27.0,27.0,27.0,27.0,27.0,27.0,26.9,27.0,26.9,26.8,27.1,26.9,26.9,26.9,26.9,26.9,26.9,26.9,26.9,27.0,26.9,27.0,26.7,26.9,26.8,27.0,26.9
40,26.9,26.9,26.9,26.9,26.9,26.8,26.8,26.9,27.0,26.9,27.0,26.9,26.7,27.0,26.8,26.8,26.9,26.9,26.8,27.1,26.8,26.9,26.8,26.8,26.9,26.6,26.8,26.8,26.8,26.9,26.8,26.7,26.6,26.7,26.7,26.7,26.9,26.8,26.9,26.8,26.6,26.6,26.5,26.5,26.7,26.9,26.8,26.9,26.8,26.9,26.9,27.0,26.9,27.0,27.0,26.9,26.8,26.9,26.9,27.0,26.9,26.8,27.0,26.8,26.9,26.9,26.8,26.8,26.9,27.0,26.9,26.8,26.7,26.9,26.8,26.8,27.0,26.7,26.8,26.9,26.9,26.9,26.8,26.9,26.9,26.8,26.7,26.8,26.7,26.9,26.9,26.7,26.6,26.8,26.7,26.4,26.3,26.3,26.2,26.2,26.1,26.3,26.3,26.4,26.3,26.3,26.3,26.3,26.3,26.4,26.4,26.4,26.5,26.4,26.5,26.6,26.8,26.6,26.8,26.8,26.9,27.0,27.0,26.9,27.2,27.0,26.9,26.9,27.0,27.1,27.1,27.1,27.2,27.1,27.0,27.1,27.1,27.1,27.1,27.1,27.1,27.2,27.2,27.3,27.1,27.1,27.1,27.1,27.0,27.1,27.1,27.0,27.2,27.1,27.0,27.1,27.0,27.1,27.2,27.0,27.0,27.0,27.0,27.0,27.0,27.0,27.1,27.0,27.0,26.9,26.8,26.9,26.9,27.0,26.9,26.9,27.0,27.0,27.0,26.8,26.8,27.0,27.0,27.0,26.9,26.9,26.8,26.9,26.9,26.8,26.9,27.0
41,26.8,26.8,27.0,26.8,26.9,26.8,26.8,27.0,26.8,26.7,26.9,26.8,26.8,26.9,26.9,26.9,26.8,27.1,26.8,26.9,26.9,26.8,27.0,26.7,26.9,26.9,26.9,26.8,26.8,26.7,26.6,26.6,26.5,26.7,26.7,26.6,26.7,26.9,26.9,26.7,26.6,26.4,26.4,26.4,26.4,26.8,26.8,27.0,27.0,26.8,26.8,26.9,26.8,26.9,27.0,26.8,26.9,26.9,26.9,26.8,26.6,26.7,26.7,26.6,26.9,26.7,26.7,26.6,26.8,26.8,26.7,26.8,26.8,26.8,26.6,26.6,26.6,26.6,26.7,26.8,26.7,26.6,26.4,26.7,26.7,26.6,26.6,26.6,26.6,26.6,26.6,26.7,26.6,26.6,26.6,26.4,26.3,26.3,26.4,26.4,26.4,26.4,26.4,26.4,26.2,26.4,26.4,26.4,26.4,26.5,26.5,26.4,26.3,26.4,26.6,26.6,26.6,26.6,26.9,26.9,27.0,27.1,27.3,27.1,27.2,27.1,27.1,27.1,27.1,27.1,27.1,27.2,27.2,27.1,27.2,27.0,27.3,27.2,27.1,27.2,27.1,27.1,27.2,27.1,27.2,27.1,27.1,27.1,27.2,27.1,27.2,27.1,27.0,27.2,27.2,27.0,27.0,27.1,27.0,27.1,27.0,27.0,27.0,26.9,26.9,26.9,27.1,26.9,27.1,26.9,26.9,26.7,27.1,26.9,26.9,27.0,26.9,26.9,27.1,27.1,26.9,27.0,26.9,27.1,26.8,26.9,26.9,26.9,26.8,26.9,27.0,26.8
42,26.8,26.8,27.0,26.7,26.8,26.8,26.7,26.8,26.9,26.9,26.8,26.8,26.7,26.8,26.8,26.8,26.8,26.9,26.9,26.9,26.9,26.8,26.9,26.9,26.9,26.7,26.7,26.8,26.7,26.6,26.5,26.3,26.2,26.2,26.1,26.2,26.5,26.6,26.7,26.7,26.6,26.2,26.2,26.1,26.2,26.6,26.6,26.8,26.6,26.7,26.6,26.8,26.6,26.6,26.7,26.4,26.6,26.7,26.7,26.6,26.6,26.6,26.4,26.5,26.6,26.5,26.5,26.5,26.4,26.4,26.5,26.4,26.5,26.5,26.4,26.4,26.4,26.5,26.5,26.4,26.6,26.4,26.4,26.2,26.4,26.3,26.3,26.4,26.4,26.4,26.6,26.2,26.3,26.3,26.2,26.2,26.0,26.2,26.4,26.3,26.3,26.2,26.4,26.4,26.4,26.4,26.5,26.6,26.6,26.6,26.6,26.4,26.4,26.4,26.5,26.5,26.5,26.5,26.6,27.0,27.0,27.4,27.3,27.0,27.1,27.5,27.4,27.1,27.0,27.1,27.0,27.0,27.0,27.1,27.1,27.2,27.1,27.1,27.0,27.1,27.1,27.2,27.1,27.1,27.2,27.1,27.1,27.3,27.1,27.0,27.0,27.1,27.0,27.0,26.9,27.1,27.1,27.0,27.1,27.1,27.2,27.0,26.9,26.9,27.1,27.1,26.9,27.1,26.8,26.9,26.9,27.1,27.1,26.9,26.9,27.0,26.9,26.9,26.9,27.1,26.7,26.9,27.0,26.9,26.9,26.8,26.9,26.9,26.8,26.8,26.9,26.9
43,26.7,26.7,27.1,26.8,26.8,26.6,26.8,26.8,26.9,26.8,26.8,27.0,26.8,27.0,26.8,26.8,26.9,27.1,27.0,26.9,27.0,26.9,26.9,26.9,26.9,26.9,26.9,26.7,26.7,26.7,26.4,26.3,26.1,26.4,26.2,26.2,26.2,26.5,26.7,26.7,26.6,26.4,26.3,26.2,26.4,26.4,26.6,26.6,26.6,26.6,26.5,26.6,26.6,26.6,26.5,26.6,26.4,26.4,26.5,26.4,26.4,26.3,26.4,26.3,26.3,26.4,26.4,26.4,26.4,26.4,26.3,26.4,26.3,26.4,26.2,26.2,26.3,26.4,26.2,26.2,26.2,26.2,26.1,26.2,26.2,26.2,26.2,26.0,26.1,26.2,26.1,26.1,26.1,26.1,26.2,26.1,26.1,26.2,26.3,26.3,26.5,26.5,26.4,26.3,26.4,26.5,26.6,26.9,26.7,26.7,26.7,26.4,26.4,26.5,26.4,26.5,26.6,26.6,26.9,27.0,27.7,27.8,27.6,27.2,27.5,27.8,27.9,27.3,26.9,27.0,26.9,27.1,27.2,27.0,27.1,27.0,27.3,27.1,27.1,27.3,27.5,27.2,27.1,27.2,27.1,27.3,27.2,27.0,27.1,27.1,27.2,27.1,27.0,27.2,27.0,27.1,27.1,27.0,27.1,27.1,27.0,27.2,27.2,27.0,27.0,26.9,27.1,26.9,26.9,26.9,26.9,26.9,27.1,27.0,27.0,27.0,27.0,27.1,26.9,27.0,26.9,26.9,26.9,26.8,26.9,26.9,26.7,27.1,26.8,27.1,26.9,26.8
44,26.6,26.7,26.8,26.9,26.7,27.0,26.6,26.8,26.9,26.9,26.8,26.8,26.7,26.9,26.8,26.9,26.7,27.0,27.0,26.8,26.8,26.9,26.9,27.0,26.8,27.0,26.7,26.7,26.7,26.4,26.3,26.3,26.2,26.2,26.1,26.3,26.3,26.3,26.4,26.4,26.4,26.2,26.3,26.3,26.4,26.2,26.3,26.6,26.6,26.5,26.4,26.3,26.5,26.4,26.5,26.3,26.5,26.4,26.4,26.3,26.2,26.2,26.2,26.1,26.2,26.2,26.3,26.1,26.1,26.1,26.2,26.3,26.1,26.2,26.1,26.2,26.1,26.2,26.0,26.2,26.2,26.2,26.0,26.2,26.1,26.0,26.2,26.2,26.1,26.2,26.2,26.2,26.1,26.3,26.2,26.3,26.3,26.4,26.7,26.5,26.6,26.6,26.6,26.6,26.4,26.4,26.7,27.0,26.9,26.7,26.7,26.5,26.3,26.5,26.6,26.5,26.5,26.6,27.0,27.5,28.1,28.3,27.6,27.0,27.6,28.3,28.0,27.4,27.0,27.1,26.8,27.0,27.1,27.1,27.1,27.1,26.9,27.1,27.1,27.1,27.1,27.2,27.1,27.1,27.1,27.1,27.1,27.1,27.2,27.1,27.0,27.0,27.1,27.3,27.0,27.0,27.0,27.1,26.9,27.0,27.0,27.0,27.0,27.0,26.9,27.0,26.9,26.9,26.8,27.1,26.9,27.1,27.0,26.9,26.9,26.9,27.0,26.9,26.7,26.9,26.9,26.9,26.9,27.0,27.0,26.8,26.8,26.9,26.9,26.9,26.9,26.8
45,26.6,26.6,26.8,26.8,26.9,26.9,26.9,26.6,26.8,27.0,27.0,26.8,26.9,26.9,26.8,27.1,26.9,27.0,26.8,26.9,26.9,26.7,26.8,26.9,26.8,27.0,26.9,26.6,26.5,26.3,26.4,26.2,26.1,26.2,26.2,26.3,26.2,26.1,26.2,26.3,26.1,26.2,26.3,26.2,26.1,26.2,26.2,26.4,26.5,26.4,26.5,26.2,26.4,26.4,26.6,26.3,26.4,26.4,26.1,26.2,26.2,26.4,26.3,26.2,26.1,26.1,26.0,26.2,26.1,26.2,26.1,26.3,26.1,26.2,26.0,26.3,26.2,26.1,26.1,26.1,26.3,26.1,26.1,26.2,26.2,26.1,26.2,26.2,26.1,26.1,26.1,26.1,26.2,26.3,26.3,26.4,26.3,26.5,26.5,26.5,26.7,26.7,26.5,26.5,26.4,26.6,26.9,26.8,26.8,26.6,26.6,26.4,26.4,26.5,26.5,26.4,26.5,26.6,27.2,27.6,28.1,28.1,27.3,27.1,27.5,28.3,28.0,27.6,26.9,27.1,27.0,27.0,27.0,27.1,27.2,27.1,27.2,27.2,27.3,27.1,27.2,27.1,27.2,27.1,27.2,27.1,27.2,27.0,27.0,27.0,27.1,27.0,27.2,27.0,27.1,27.0,27.0,27.0,26.9,27.0,26.9,27.0,26.9,27.0,27.1,26.8,27.0,26.9,26.8,26.9,27.0,27.1,27.1,26.9,27.0,26.9,27.0,26.9,26.9,26.9,26.8,26.6,26.9,26.9,26.8,26.8,26.7,27.0,26.9,26.9,26.7,26.9
46,26.8,26.9,26.9,26.7,26.8,26.9,27.0,26.9,26.8,26.8,26.9,26.9,26.7,26.9,26.8,26.9,26.9,26.9,27.0,26.9,26.9,26.9,26.9,26.8,26.9,26.7,26.9,26.7,26.5,26.4,26.3,26.2,26.0,26.2,26.2,26.1,26.3,26.1,26.2,26.1,26.2,26.1,26.1,26.3,26.2,26.2,26.2,26.3,26.3,26.6,26.5,26.5,26.4,26.4,26.5,26.6,26.4,26.4,26.2,26.4,26.4,26.5,26.3,26.2,26.1,26.3,26.2,26.0,26.1,26.3,26.1,26.3,26.3,26.2,26.2,26.2,26.2,26.2,26.2,26.2,26.2,26.2,26.3,26.1,26.2,26.3,26.4,26.3,26.2,26.2,26.1,26.4,26.2,26.4,26.4,26.4,26.4,26.6,26.6,26.5,26.4,26.5,26.6,26.7,26.4,26.6,26.6,26.8,26.8,26.6,26.5,26.3,26.5,26.4,26.5,26.4,26.4,26.6,27.3,27.6,27.8,27.9,27.3,27.2,27.4,28.1,27.8,27.4,26.7,27.1,26.9,27.0,27.0,27.1,27.3,27.1,27.0,27.2,27.2,27.1,27.2,27.1,27.2,27.0,27.0,27.2,27.1,26.9,27.1,27.1,27.1,27.1,27.1,27.0,27.0,27.0,27.0,27.0,27.0,27.0,26.9,26.9,27.0,26.9,27.1,27.1,27.0,27.1,26.9,26.9,27.0,27.1,26.9,27.0,26.9,26.9,27.1,26.9,26.8,27.0,26.9,26.7,26.8,26.9,26.9,26.8,26.9,26.8,26.8,26.8,26.9,26.9
47,26.7,26.8,26.9,26.9,26.9,26.9,26.9,26.8,27.0,26.6,26.9,26.8,26.7,26.9,27.0,26.9,26.9,27.0,26.9,26.9,26.9,27.0,26.9,26.8,26.9,26.9,26.7,26.7,26.5,26.3,26.3,26.2,26.2,26.2,26.3,26.3,26.2,26.2,26.1,26.2,26.2,26.2,26.3,26.1,26.2,26.2,26.1,26.3,26.3,26.5,26.4,26.4,26.4,26.4,26.4,26.6,26.4,26.3,26.2,26.3,26.4,26.4,26.5,26.3,26.2,26.2,26.3,26.2,26.4,26.3,26.1,26.3,26.3,26.3,26.2,26.1,26.1,26.2,26.2,26.3,26.3,26.3,26.3,26.2,26.4,26.3,26.4,26.3,26.3,26.3,26.3,26.4,26.3,26.4,26.5,26.4,26.5,26.6,26.6,26.6,26.7,26.7,26.8,26.9,26.7,26.7,26.6,26.9,26.9,26.6,26.7,26.6,26.6,26.6,26.7,26.5,26.4,26.5,27.0,27.0,27.1,27.5,27.6,27.6,27.6,27.9,27.4,27.0,26.8,27.0,26.9,26.9,26.9,27.2,26.9,27.1,27.0,27.2,27.2,27.2,27.0,27.1,27.1,27.2,27.0,27.2,27.1,27.1,27.0,27.0,26.9,27.0,27.1,27.0,26.9,27.0,27.0,26.9,27.2,27.0,26.9,26.9,27.0,26.9,27.0,26.9,27.0,27.0,27.1,26.9,26.9,26.9,27.1,27.1,27.1,27.0,27.0,26.8,26.9,26.8,26.9,27.0,26.9,26.9,26.8,26.9,26.8,27.1,26.7,26.8,26.7,26.7
48,26.7,26.8,26.9,26.9,26.8,26.7,26.9,26.9,26.9,26.9,26.8,26.8,26.9,26.8,26.9,26.9,26.9,26.9,26.9,27.0,26.9,26.9,27.0,26.7,26.9,26.9,26.7,26.6,26.6,26.3,26.3,26.2,26.3,26.2,26.4,26.3,26.2,26.3,26.1,26.2,26.1,26.1,26.2,26.2,26.2,26.2,26.1,26.1,26.5,26.2,26.4,26.4,26.5,26.4,26.2,26.4,26.4,26.5,26.4,26.5,26.4,26.4,26.4,26.4,26.4,26.3,26.2,26.5,26.4,26.4,26.2,26.2,26.3,26.3,26.3,26.1,26.2,26.4,26.4,26.2,26.3,26.3,26.2,26.3,26.5,26.4,26.4,26.4,26.4,26.4,26.2,26.4,26.3,26.3,26.4,26.7,26.6,26.7,26.9,26.8,27.0,26.9,27.0,27.0,27.0,27.1,27.0,27.1,27.1,26.9,27.0,26.9,26.9,27.0,26.9,26.4,26.4,26.5,26.9,26.6,27.1,27.3,27.4,27.5,27.6,27.2,27.1,26.8,26.7,26.8,26.9,26.9,27.0,27.1,27.0,27.2,27.1,27.0,26.9,27.2,27.0,27.2,27.3,27.3,27.0,27.1,27.2,27.0,27.1,27.1,27.0,27.1,26.9,27.1,26.8,27.2,27.0,27.1,27.2,27.0,26.9,27.0,26.9,27.1,27.0,27.1,27.1,27.0,27.0,27.0,26.9,26.9,27.0,27.1,27.0,26.9,27.0,26.8,27.0,26.9,26.9,26.9,26.9,26.8,27.0,26.9,26.9,26.8,26.9,26.9,26.9,26.9
49,26.7,26.8,26.8,26.8,26.7,26.9,26.8,26.8,26.7,26.9,26.8,26.8,27.0,26.9,27.0,26.8,26.9,27.1,26.9,27.0,26.8,26.9,26.9,26.7,27.1,26.9,26.9,26.7,26.6,26.4,26.4,26.4,26.4,26.3,26.3,26.1,26.2,26.1,26.3,26.2,26.2,26.1,26.1,26.1,26.1,26.3,26.0,26.4,26.5,26.4,26.5,26.3,26.5,26.4,26.3,26.2,26.4,26.4,26.3,26.3,26.3,26.4,26.4,26.4,26.4,26.3,26.2,26.2,26.3,26.3,26.4,26.4,26.2,26.2,26.2,26.2,26.4,26.4,26.2,26.3,26.4,26.3,26.3,26.5,26.6,26.9,26.9,26.6,26.4,26.4,26.2,26.4,26.4,26.4,26.4,26.7,26.9,27.3,27.5,27.5,27.6,27.6,27.6,27.6,27.7,27.7,27.9,27.6,27.5,27.6,27.5,27.7,27.7,27.5,27.2,26.8,26.5,26.7,26.7,27.1,27.4,27.6,27.8,27.7,27.6,27.6,27.4,26.9,26.7,26.9,26.8,27.0,27.1,26.9,27.1,27.2,27.1,26.9,27.2,27.1,27.2,27.1,27.0,27.2,27.1,27.1,27.2,26.9,27.0,27.1,27.0,27.0,27.2,27.1,27.0,27.1,27.1,27.0,27.1,27.1,27.0,26.9,27.1,27.0,26.9,27.1,26.9,27.0,26.9,26.9,26.9,26.8,26.9,27.0,27.1,26.9,26.8,26.9,27.0,26.8,26.8,27.0,26.9,27.1,26.9,26.9,26.9,26.9,26.9,26.9,26.8,26.9
50,26.8,26.7,26.9,26.8,26.9,26.9,26.9,26.9,26.8,26.9,26.9,26.9,26.8,26.9,26.8,26.9,27.0,26.9,26.9,27.1,27.1,26.9,26.8,26.9,26.9,26.9,26.9,26.9,26.6,26.5,26.2,26.1,26.5,26.4,26.2,26.4,26.4,26.4,26.3,26.3,26.4,26.2,26.2,26.2,26.2,26.3,26.2,26.3,26.5,26.4,26.4,26.3,26.4,26.4,26.3,26.2,26.4,26.3,26.4,26.4,26.3,26.5,26.3,26.3,26.4,26.4,26.4,26.3,26.4,26.5,26.4,26.4,26.4,26.3,26.4,26.4,26.4,26.6,26.4,26.5,26.5,26.5,26.4,26.6,27.2,27.3,27.3,26.9,26.5,26.3,26.2,26.3,26.4,26.5,26.7,27.3,27.8,28.0,28.2,28.3,28.4,28.4,28.6,28.6,28.6,28.4,28.6,28.6,28.6,28.6,28.5,28.6,28.3,28.1,27.6,27.0,26.8,26.6,27.1,27.4,28.1,28.4,28.6,28.5,28.3,28.0,27.9,27.2,26.9,26.8,26.8,26.9,26.9,27.1,27.1,27.1,27.1,27.0,27.1,27.1,27.1,27.1,27.1,27.2,27.2,27.1,27.0,27.1,27.0,27.1,27.1,27.1,26.9,27.0,27.0,26.9,27.2,27.1,27.1,27.1,27.1,27.0,27.1,27.0,26.9,27.0,27.1,26.9,26.8,27.1,27.0,27.1,26.9,26.7,27.0,27.1,27.0,27.0,27.0,27.0,26.9,26.7,26.9,27.1,26.9,26.9,26.8,26.7,26.9,26.8,26.9,26.9
51,26.9,26.9,26.9,26.7,26.8,26.9,26.9,27.0,26.8,26.7,26.9,27.0,26.9,27.0,27.0,27.0,27.0,26.8,26.9,26.9,26.9,27.0,26.9,26.8,26.9,27.0,26.9,26.9,26.8,26.6,26.4,26.4,26.5,26.6,26.6,26.4,26.6,26.4,26.4,26.3,26.4,26.1,26.2,26.4,26.4,26.4,26.5,26.5,26.8,26.6,26.6,26.5,26.4,26.3,26.3,26.3,26.4,26.3,26.4,26.3,26.2,26.3,26.4,26.3,26.3,26.3,26.4,26.2,26.3,26.4,26.3,26.3,26.3,26.4,26.3,26.1,26.4,26.5,26.5,26.5,26.4,26.5,26.6,26.7,27.4,28.0,28.0,27.3,26.8,26.5,26.5,26.3,26.3,26.6,26.8,27.6,28.4,29.2,29.2,29.3,29.4,29.6,29.6,29.5,29.6,29.5,29.6,29.7,29.6,29.5,29.3,29.3,29.3,28.9,27.9,27.3,26.7,26.9,27.3,28.2,28.7,28.6,28.0,28.1,28.5,28.4,28.3,27.5,27.1,26.9,27.0,26.9,27.1,26.9,26.9,27.1,27.0,27.1,27.2,27.1,27.1,27.2,27.1,27.1,27.0,27.2,27.2,27.1,27.0,27.2,27.0,27.1,27.3,27.0,27.1,26.9,27.1,26.9,27.2,27.1,27.0,27.1,27.0,26.9,27.1,27.1,27.0,26.9,27.2,27.0,26.9,26.9,27.0,26.9,26.9,26.9,27.0,26.9,26.9,26.9,26.7,27.0,27.1,26.9,27.0,26.9,26.9,26.8,26.8,26.9,26.9,26.9
52,26.8,26.7,26.9,26.8,26.9,26.9,26.8,26.9,26.9,26.8,26.9,26.9,27.0,26.9,27.0,26.9,26.9,26.9,27.0,26.9,27.0,27.1,27.0,26.8,26.9,26.9,26.8,26.7,26.7,26.6,26.6,26.8,26.7,26.6,26.7,27.0,26.9,26.8,26.6,26.5,26.3,26.4,26.3,26.6,26.7,26.8,26.7,26.7,26.9,26.9,26.8,26.5,26.3,26.4,26.4,26.2,26.4,26.2,26.3,26.3,26.2,26.2,26.4,26.3,26.3,26.3,26.3,26.4,26.4,26.4,26.3,26.3,26.3,26.3,26.4,26.4,26.4,26.6,26.6,26.8,26.7,26.7,26.6,26.9,27.7,28.3,28.4,27.5,26.7,26.3,26.3,26.4,26.4,26.8,27.0,28.0,29.0,29.8,29.8,30.1,30.0,30.2,30.2,30.2,30.0,30.1,30.2,30.2,30.3,30.2,29.9,29.6,29.6,29.5,28.5,27.6,27.1,27.0,27.4,28.5,28.8,28.0,27.5,27.3,27.6,28.5,28.8,28.0,27.3,27.0,26.9,26.9,26.9,27.0,27.0,27.1,27.1,27.2,27.1,27.3,27.2,27.1,27.0,27.1,27.2,27.1,27.1,27.1,27.2,27.0,27.0,27.1,27.0,27.1,27.1,27.0,26.9,27.0,27.0,27.1,27.0,27.0,26.9,27.0,26.9,27.1,26.9,27.1,27.0,26.9,26.8,27.0,26.9,26.9,26.9,26.9,26.9,26.9,26.9,26.9,26.9,27.1,26.9,26.9,26.9,26.8,26.9,26.8,26.8,26.9,26.9,26.9
53,26.8,26.7,26.9,27.0,27.0,26.9,27.0,27.0,26.9,26.9,27.0,26.9,26.9,26.9,26.9,27.0,26.9,27.1,26.9,27.0,27.2,26.9,27.0,26.9,27.0,27.0,26.9,27.0,26.9,26.9,26.8,27.1,27.1,27.1,27.1,27.1,27.5,27.7,27.2,26.8,26.6,26.5,26.6,26.9,27.3,27.2,27.1,26.9,27.3,27.5,27.5,26.9,26.6,26.5,26.3,26.2,26.4,26.5,26.4,26.4,26.4,26.4,26.3,26.3,26.4,26.2,26.2,26.4,26.4,26.4,26.4,26.3,26.3,26.3,26.5,26.4,26.2,26.5,26.6,26.7,26.6,26.6,26.7,26.9,27.3,27.9,28.0,27.5,26.9,26.5,26.3,26.3,26.5,27.0,27.2,28.0,29.4,30.0,30.2,30.4,30.2,30.5,30.6,30.5,30.4,30.4,30.5,30.4,30.3,30.1,29.7,29.7,29.8,29.6,28.8,27.8,27.2,27.1,27.8,28.7,28.4,27.6,27.2,27.0,27.2,28.1,28.9,28.3,27.3,27.1,26.8,27.1,26.9,27.0,27.2,27.1,27.1,27.1,27.1,27.2,27.1,27.3,27.3,27.3,27.1,27.2,27.2,27.0,27.2,27.1,27.0,27.2,27.2,27.3,27.1,26.9,26.9,26.9,27.0,26.9,27.0,27.0,27.2,26.9,26.9,27.2,27.0,26.9,26.9,27.0,27.3,27.0,27.0,26.9,26.9,27.0,26.9,26.9,26.8,27.0,26.8,26.8,27.1,27.0,26.9,26.8,26.9,26.8,26.9,26.9,26.9,26.8
54,26.8,26.7,26.9,26.8,26.8,26.9,26.9,26.9,26.9,26.9,26.9,26.8,26.8,26.9,26.9,26.9,26.9,26.9,26.9,27.0,27.1,27.0,26.9,26.8,27.0,27.0,26.7,26.9,26.8,26.7,27.0,27.3,27.4,27.6,27.2,27.3,27.7,28.0,27.8,27.2,26.7,26.6,26.7,26.9,27.2,27.5,27.2,27.0,27.0,27.3,27.7,27.2,26.8,26.4,26.2,26.2,26.2,26.4,26.4,26.2,26.3,26.1,26.5,26.2,26.3,26.3,26.4,26.2,26.2,26.2,26.4,26.4,26.5,26.4,26.2,26.3,26.4,26.5,26.4,26.6,26.5,26.6,26.7,26.5,26.6,27.2,27.3,26.9,26.4,26.4,26.4,26.4,26.5,26.9,27.3,28.1,29.4,29.9,30.3,30.4,30.6,30.5,30.4,30.4,30.5,30.4,30.5,30.4,30.3,30.3,29.7,29.4,29.8,29.8,28.8,27.8,27.2,26.9,27.6,28.5,28.2,27.8,27.3,27.3,27.4,28.2,29.0,28.2,27.1,26.9,26.9,27.0,26.9,27.0,26.9,27.1,26.9,27.0,27.1,27.0,27.1,27.1,27.0,27.1,27.2,27.2,27.1,27.2,27.1,27.1,26.8,27.1,27.1,27.3,26.9,27.0,27.0,26.9,26.9,27.0,27.0,26.8,27.0,26.9,26.9,26.9,26.9,27.0,26.8,27.0,26.9,26.8,26.9,27.0,26.9,27.0,27.0,26.9,27.0,26.9,26.9,26.9,26.9,26.9,26.9,26.9,26.7,26.9,26.9,26.7,26.7,26.8
55,26.9,26.9,26.9,26.9,26.9,26.8,27.1,26.9,26.8,26.9,26.9,26.8,26.9,26.9,27.1,27.0,26.9,27.0,26.9,27.1,27.0,27.0,27.0,27.0,27.0,27.0,26.8,26.7,26.8,26.9,27.4,27.6,27.6,27.3,27.2,27.0,27.3,27.8,27.9,27.6,26.9,26.7,26.8,27.0,27.4,27.8,27.3,27.1,27.1,27.4,27.8,27.4,27.1,26.5,26.4,26.3,26.3,26.4,26.4,26.3,26.4,26.3,26.4,26.3,26.3,26.4,26.3,26.2,26.4,26.4,26.4,26.2,26.5,26.5,26.3,26.4,26.3,26.6,26.4,26.6,26.6,26.3,26.5,26.5,26.4,26.5,26.7,26.6,26.4,26.4,26.5,26.4,26.5,26.7,27.4,28.1,29.2,30.0,30.2,30.5,30.6,30.6,30.6,30.6,30.5,30.5,30.5,30.4,30.3,30.4,30.0,29.9,30.1,29.9,28.9,28.0,27.2,26.8,27.3,28.1,28.1,27.8,27.6,27.5,27.8,28.5,28.7,27.8,27.0,26.9,26.9,27.0,26.9,26.9,26.9,27.0,27.0,27.3,27.2,27.1,27.2,27.1,27.1,27.1,27.3,27.2,27.2,27.1,27.1,27.1,27.1,27.1,27.3,27.2,27.0,27.1,27.2,27.1,27.0,27.1,27.1,26.9,27.0,26.9,27.0,27.2,27.1,27.1,27.1,27.1,27.1,27.1,27.0,27.0,26.9,27.0,26.9,26.8,26.9,27.1,26.9,26.9,26.9,27.0,26.9,26.8,27.0,27.0,26.9,26.8,26.8,26.9
56,26.8,26.8,26.8,26.8,26.9,26.8,26.8,27.0,26.9,26.9,27.0,26.9,26.9,26.8,27.0,27.1,26.8,26.8,26.9,26.8,27.1,26.9,26.9,27.0,27.1,26.9,26.9,27.0,26.7,26.9,27.1,27.7,27.6,27.1,27.1,27.2,27.3,27.6,27.9,27.6,27.0,26.6,26.9,27.0,27.4,27.6,27.5,27.1,26.9,27.3,27.4,27.2,26.9,26.8,26.4,26.4,26.4,26.3,26.5,26.3,26.4,26.4,26.4,26.2,26.4,26.3,26.2,26.3,26.2,26.2,26.2,26.3,26.6,26.3,26.2,26.2,26.4,26.4,26.4,26.4,26.4,26.5,26.3,26.2,26.3,26.4,26.5,26.4,26.5,26.4,26.6,26.3,26.5,26.7,27.2,28.0,29.3,30.1,30.3,30.6,30.6,30.5,30.5,30.5,30.6,30.5,30.5,30.4,30.4,30.4,30.3,30.2,30.2,29.7,29.0,27.8,27.3,26.9,26.9,27.4,27.9,27.8,27.5,27.6,27.8,28.3,28.0,27.2,26.7,26.8,26.6,27.0,27.0,26.9,26.9,27.1,27.0,26.9,27.1,27.2,26.9,27.1,27.0,27.3,27.1,27.1,27.2,27.1,27.1,27.1,27.1,27.2,26.9,27.3,27.2,27.0,27.1,27.0,27.1,27.0,27.1,27.1,27.1,27.0,27.0,27.1,27.0,27.0,27.0,27.1,27.1,27.1,27.3,26.9,26.9,26.8,27.0,27.0,26.9,26.8,26.8,26.8,27.0,27.0,26.9,26.9,26.9,26.8,26.8,26.8,26.8,26.8
57,26.6,26.9,26.9,26.7,26.9,26.8,26.9,26.9,26.8,27.0,26.8,27.1,26.9,27.0,26.9,26.9,26.9,27.0,27.0,26.9,27.1,27.1,27.0,27.0,26.9,27.0,27.0,26.9,26.9,26.9,27.4,28.0,28.0,27.5,27.2,27.2,27.5,27.6,28.0,27.8,27.3,26.8,26.8,26.9,27.1,27.3,27.3,26.9,27.0,27.2,27.1,26.9,26.9,26.5,26.4,26.3,26.3,26.5,26.4,26.4,26.4,26.4,26.2,26.3,26.3,26.2,26.2,26.3,26.4,26.3,26.2,26.3,26.4,26.4,26.4,26.2,26.3,26.3,26.3,26.3,26.5,26.2,26.3,26.3,26.3,26.3,26.6,26.3,26.4,26.5,26.3,26.5,26.4,26.8,27.3,28.1,29.2,30.1,30.4,30.3,30.5,30.4,30.5,30.6,30.6,30.5,30.4,30.3,30.1,30.2,30.2,30.2,30.1,29.8,28.8,27.9,27.1,26.9,26.6,26.7,27.2,27.4,27.2,27.4,27.8,27.4,27.1,26.6,26.6,26.6,26.8,26.8,26.9,27.0,26.9,27.0,27.1,27.1,27.1,27.1,27.1,27.1,27.0,27.1,27.1,27.1,27.1,27.2,27.0,27.1,27.3,27.2,27.1,27.2,26.9,27.0,27.0,27.2,27.0,27.0,27.0,27.0,27.1,27.0,27.0,27.1,26.9,26.9,27.0,26.9,27.0,26.8,27.1,26.9,26.9,26.8,27.0,26.9,26.9,26.7,26.9,26.9,26.8,27.1,27.0,27.0,26.6,27.0,26.9,26.7,26.9,26.9
58,26.9,26.9,26.8,26.9,26.7,26.8,26.9,27.0,26.9,27.0,27.0,26.9,27.1,27.0,27.0,26.9,26.9,26.8,26.9,27.0,27.1,27.2,27.2,27.0,27.2,27.3,27.1,27.4,27.2,27.2,27.3,27.9,28.1,27.7,27.5,27.4,27.4,27.6,27.8,27.6,27.3,27.3,26.9,26.9,26.7,26.8,26.6,26.5,26.6,26.4,26.4,26.4,26.4,26.4,26.3,26.5,26.2,26.4,26.4,26.2,26.4,26.2,26.2,26.1,26.6,26.3,26.1,26.3,26.4,26.2,26.3,26.3,26.4,26.3,26.3,26.3,26.3,26.1,26.4,26.3,26.2,26.3,26.2,26.4,26.4,26.3,26.2,26.4,26.3,26.5,26.3,26.4,26.6,26.9,27.4,28.1,29.2,29.9,30.2,30.3,30.2,30.3,30.2,30.4,30.5,30.3,30.3,30.2,30.3,30.4,30.3,30.1,30.0,29.8,28.8,28.0,27.2,26.7,26.5,26.6,26.4,26.6,26.5,26.7,26.7,26.6,26.4,26.4,26.4,26.5,26.7,26.8,27.1,27.0,27.1,27.0,27.1,27.1,27.1,27.0,27.0,27.2,27.1,27.2,27.1,27.2,27.3,27.1,27.2,27.1,27.1,27.1,27.1,27.0,26.9,27.0,27.1,27.0,27.1,27.1,26.9,26.9,27.0,26.9,27.0,27.2,27.0,27.0,27.0,27.1,27.2,27.0,27.1,27.1,26.8,27.1,27.1,27.0,26.8,26.9,27.0,26.9,27.0,26.9,27.1,26.9,26.8,27.0,26.8,26.8,26.9,26.7
59,26.8,26.9,26.9,26.9,26.9,27.0,26.9,26.9,26.8,26.9,27.0,26.9,27.0,27.0,26.9,27.0,26.9,27.0,26.9,27.1,27.1,27.1,27.4,27.4,27.6,27.6,27.7,27.7,27.6,27.7,27.8,28.0,28.2,28.1,27.9,27.9,27.7,27.6,27.6,27.8,27.7,27.5,27.4,26.9,26.8,26.4,26.4,26.2,26.3,26.3,26.4,26.3,26.4,26.5,26.4,26.3,26.3,26.3,26.4,26.3,26.3,26.3,26.3,26.3,26.1,26.2,26.1,26.2,26.2,26.2,26.3,26.4,26.2,26.3,26.3,26.3,26.1,26.3,26.3,26.2,26.3,26.2,26.2,26.1,26.3,26.2,26.2,26.4,26.4,26.3,26.4,26.4,26.7,26.8,27.5,27.9,29.2,30.0,30.3,30.4,30.2,30.3,30.4,30.3,30.4,30.4,30.4,30.4,30.2,30.2,30.2,30.3,30.0,29.8,29.1,28.0,27.2,26.7,26.7,26.3,26.2,26.2,26.2,26.1,26.2,26.1,26.2,26.2,26.2,26.3,26.6,26.9,26.8,26.8,27.0,26.9,27.0,27.0,26.9,27.0,27.1,27.0,27.2,27.0,27.0,27.0,27.2,27.1,27.1,27.1,27.1,27.0,27.1,27.0,27.1,27.0,27.1,27.0,27.0,27.1,27.0,27.0,26.9,27.0,27.2,27.1,27.1,27.0,26.9,26.9,26.8,26.9,27.1,27.0,26.9,26.9,26.9,27.0,27.0,27.0,27.0,26.9,27.0,26.9,26.8,26.9,26.7,26.9,26.9,26.9,26.9,27.0
60,27.0,26.9,27.1,27.0,26.9,27.1,26.9,26.9,27.0,27.0,27.1,27.0,27.0,27.0,26.9,27.2,27.1,26.9,27.0,27.0,27.1,27.5,27.9,28.0,28.2,28.4,28.3,28.3,28.6,28.4,28.5,28.5,28.6,28.6,28.6,28.5,28.1,27.9,27.6,27.6,27.7,27.8,27.6,27.3,26.7,26.4,26.4,26.4,26.5,26.3,26.3,26.3,26.4,26.4,26.3,26.3,26.3,26.1,26.4,26.2,26.2,26.3,26.3,26.3,26.5,26.4,26.2,26.2,26.2,26.4,26.4,26.4,26.4,26.4,26.2,26.3,26.2,26.2,26.2,26.2,26.2,26.3,26.4,26.3,26.4,26.2,26.3,26.5,26.3,26.4,26.3,26.4,26.5,26.8,27.4,28.0,29.3,30.0,30.2,30.1,30.3,30.2,30.4,30.3,30.3,30.3,30.3,30.5,30.3,30.3,30.4,30.3,30.2,29.8,29.0,27.9,27.3,26.8,26.5,26.1,26.1,26.2,26.5,26.2,26.3,26.1,26.1,26.3,26.3,26.5,26.6,26.7,27.0,27.0,26.8,27.1,27.1,27.1,27.1,27.2,27.1,27.2,27.0,27.1,27.1,27.2,27.1,27.3,27.1,27.3,27.1,27.2,27.1,27.2,27.2,27.0,27.0,27.1,27.2,27.0,27.3,27.2,27.0,27.0,27.1,27.0,27.0,27.1,27.0,27.3,27.0,27.0,27.0,26.9,26.9,26.9,27.0,27.1,27.1,26.9,26.9,26.9,27.0,27.0,26.9,26.9,27.0,27.0,26.9,26.9,26.9,26.9
61,26.9,26.7,26.8,26.7,27.0,26.9,26.9,27.0,27.0,27.0,27.0,26.9,27.1,26.9,27.0,27.0,26.9,26.9,27.2,27.1,27.2,27.5,28.0,28.5,28.8,28.9,28.7,28.7,28.8,28.5,28.8,28.7,28.8,29.0,28.9,28.8,28.5,28.2,27.7,27.7,27.6,27.6,27.5,27.1,26.6,26.6,26.4,26.3,26.5,26.6,26.4,26.4,26.3,26.5,26.2,26.4,26.4,26.4,26.2,26.2,26.4,26.4,26.2,26.3,26.2,26.2,26.2,26.3,26.2,26.3,26.3,26.3,26.1,26.2,26.2,26.2,26.2,26.2,26.1,26.3,26.2,26.4,26.3,26.3,26.3,26.2,26.3,26.3,26.4,26.4,26.2,26.6,26.4,26.9,27.3,28.0,29.1,29.8,30.1,30.4,30.2,30.2,30.1,30.2,30.2,30.1,30.3,30.2,30.2,30.3,30.4,30.2,30.1,29.8,29.2,28.1,27.4,26.9,26.5,26.2,26.1,26.1,26.4,26.2,26.1,26.1,26.0,26.2,26.3,26.6,26.7,26.9,26.9,26.9,27.0,27.1,27.1,27.1,27.1,27.1,27.1,27.1,27.1,27.1,27.2,27.1,27.1,27.1,27.3,27.1,27.1,27.1,27.1,27.3,27.3,27.1,27.2,26.9,27.1,27.2,27.1,27.0,27.2,27.1,27.0,27.1,27.1,27.1,27.1,27.0,27.0,27.0,27.1,27.1,26.9,26.9,27.1,26.9,27.0,27.0,26.9,27.1,27.0,27.0,27.0,27.0,26.7,26.9,26.9,26.8,26.9,26.6
62,26.9,26.9,27.0,26.9,26.9,26.8,26.9,26.8,26.9,27.1,27.0,26.9,26.9,27.1,26.9,26.9,27.1,27.0,27.1,27.1,27.3,27.5,28.2,28.6,28.9,28.8,28.7,28.8,28.6,28.6,28.6,28.4,28.6,28.6,28.8,28.8,28.8,28.6,28.1,28.2,27.8,27.3,27.1,26.7,26.4,26.3,26.6,26.4,26.2,26.4,26.3,26.3,26.2,26.4,26.4,26.5,26.2,26.4,26.2,26.3,25.9,26.3,26.3,26.2,26.2,26.3,26.2,26.0,26.2,26.4,26.1,26.2,26.4,26.2,26.3,26.2,26.1,26.4,26.2,26.4,26.5,26.1,26.3,26.3,26.3,26.2,26.2,26.2,26.6,26.4,26.3,26.4,26.4,26.9,27.2,27.9,29.0,30.0,30.2,30.3,30.4,30.5,30.2,30.2,30.3,30.2,30.1,30.4,30.2,30.2,30.3,30.1,30.1,29.8,29.2,28.0,27.3,26.8,26.5,26.1,26.0,26.1,26.2,26.2,26.1,26.1,26.0,26.2,26.2,26.5,26.5,26.7,26.9,27.0,26.9,27.0,27.0,26.9,26.9,27.1,27.1,27.1,27.0,27.1,27.2,27.2,27.2,27.2,27.1,27.1,27.2,27.1,27.2,27.1,27.1,26.9,27.0,27.0,27.0,27.1,26.9,27.0,26.9,27.0,27.0,27.0,26.9,26.9,27.1,27.0,26.9,27.1,26.9,26.9,26.9,26.9,26.9,26.9,27.0,26.8,26.9,27.0,27.0,26.8,26.9,26.9,26.9,26.9,26.7,26.9,27.0,26.9
63,26.8,26.9,27.0,26.8,27.0,26.9,26.9,26.9,26.9,27.1,27.0,27.0,27.1,26.9,27.1,27.1,27.0,27.1,27.1,27.1,27.4,27.6,28.0,28.8,28.9,29.0,28.7,28.8,28.4,28.3,28.2,28.3,28.1,28.2,28.7,29.0,28.8,29.0,28.8,28.5,28.1,27.5,26.9,26.4,26.4,26.4,26.3,26.4,26.4,26.3,26.4,26.2,26.2,26.3,26.3,26.3,26.4,26.3,26.3,26.4,26.3,26.2,26.4,26.1,26.2,26.2,26.3,26.3,26.2,26.2,26.2,26.2,26.2,26.3,26.3,26.2,26.2,26.3,26.2,26.4,26.3,26.2,26.1,26.2,26.1,26.4,26.2,26.4,26.4,26.3,26.3,26.3,26.3,26.8,27.3,28.0,29.1,29.8,30.2,30.3,30.4,30.3,30.3,30.4,30.4,30.3,30.3,30.4,30.3,30.3,30.3,30.2,30.2,29.9,29.2,28.1,27.3,26.8,26.4,26.1,26.0,26.1,26.3,26.2,25.9,26.0,25.9,26.1,26.2,26.3,26.7,26.7,26.9,26.9,27.2,27.1,27.1,27.1,27.1,27.0,27.0,27.1,27.2,27.1,27.1,27.2,27.2,27.1,27.1,27.1,27.1,27.2,27.3,27.1,27.1,27.1,27.1,27.1,27.2,27.1,27.1,27.1,27.0,27.0,27.1,27.2,27.1,27.0,26.9,27.1,27.1,27.1,26.9,26.8,27.0,27.0,26.9,26.9,27.0,27.0,26.9,26.9,27.0,27.0,26.9,26.9,26.9,26.9,27.0,26.7,26.6,27.0
64,27.1,26.9,27.0,26.9,26.9,26.9,27.0,26.9,27.1,27.1,27.1,27.0,27.1,27.2,27.2,27.2,27.1,27.2,27.0,27.2,27.5,27.8,28.2,28.8,29.0,29.0,29.0,28.7,28.5,28.4,28.1,27.8,27.6,28.0,28.0,29.0,29.0,28.8,28.9,28.6,28.3,27.3,26.8,26.4,26.4,26.4,26.3,26.3,26.4,26.4,26.3,26.4,26.4,26.4,26.3,26.3,26.3,26.4,26.3,26.4,26.2,26.3,26.3,26.2,26.4,26.2,26.2,26.1,26.2,26.3,26.3,26.3,26.2,26.2,26.2,26.2,26.2,26.4,26.3,26.2,26.4,26.0,26.4,26.2,26.3,26.2,26.2,26.2,26.1,26.4,26.3,26.3,26.5,26.7,27.1,27.8,28.8,29.6,30.1,30.3,30.5,30.3,30.4,30.4,30.3,30.2,30.1,30.3,30.2,30.2,30.2,30.2,29.9,29.9,29.1,28.0,27.4,26.6,26.4,26.2,26.2,26.0,26.2,26.1,26.0,25.9,26.1,26.2,26.2,26.5,26.5,26.8,26.9,26.9,27.1,27.1,27.1,27.0,27.1,27.1,27.1,27.1,27.2,27.2,27.1,27.2,27.2,27.0,27.1,27.1,27.2,27.3,27.0,27.1,27.0,26.9,26.9,27.0,27.2,27.1,27.1,27.1,27.2,27.0,27.0,27.1,27.1,27.0,27.2,27.0,27.0,27.1,27.1,27.1,27.0,27.1,27.1,27.0,26.8,27.1,26.9,27.0,26.9,27.0,26.7,26.8,26.9,26.9,27.2,27.0,26.9,27.0
65,26.8,26.8,26.9,26.8,26.9,26.9,27.0,26.8,27.0,26.9,27.2,26.9,27.1,27.1,27.0,27.0,27.2,27.0,26.9,27.2,27.4,27.8,28.2,28.7,29.1,29.1,28.8,28.8,28.8,28.8,28.6,28.3,28.2,27.9,28.0,28.8,29.0,29.0,28.9,28.9,28.4,27.5,26.8,26.5,26.4,26.3,26.3,26.3,26.6,26.3,26.2,26.4,26.2,26.2,26.3,26.3,26.3,26.5,26.3,26.2,26.3,26.2,26.4,26.2,26.4,26.2,26.3,26.2,26.1,26.3,26.3,26.2,26.3,26.3,26.4,26.2,26.4,26.2,26.4,26.4,26.2,26.3,26.2,26.3,26.2,26.2,26.3,26.3,26.4,26.3,26.3,26.4,26.6,26.7,27.3,27.8,28.8,29.5,30.0,30.1,30.1,30.3,30.0,30.2,30.1,30.2,30.2,30.2,30.2,30.2,30.2,30.0,30.0,29.8,29.1,28.2,27.4,26.8,26.4,26.3,26.0,26.1,26.2,26.2,26.0,26.2,26.0,26.1,26.3,26.4,26.4,26.7,26.9,27.0,26.9,27.0,27.0,27.1,27.2,27.2,27.1,27.3,27.0,27.1,27.1,27.1,27.3,27.2,27.1,27.1,27.1,27.3,27.2,27.2,27.1,27.0,27.0,27.1,27.1,27.2,27.1,27.1,27.0,27.1,27.2,27.1,27.1,27.1,27.2,27.0,26.9,27.1,27.0,26.9,27.1,26.8,27.2,27.0,26.9,26.9,26.9,27.0,27.1,26.7,26.9,27.0,27.1,26.8,26.8,27.0,26.8,26.8
66,26.9,26.8,27.0,27.0,26.9,26.9,26.9,27.1,27.0,27.0,27.1,27.0,27.1,27.2,27.1,27.1,27.1,27.2,27.3,27.2,27.4,27.9,28.3,28.9,28.8,29.0,28.8,28.8,28.8,28.7,28.5,28.5,28.5,28.0,28.4,28.8,29.1,29.0,29.0,28.6,28.2,27.6,26.7,26.4,26.3,26.4,26.4,26.2,26.5,26.4,26.4,26.3,26.3,26.3,26.2,26.2,26.4,26.2,26.3,26.2,26.0,26.2,26.4,26.1,26.2,26.2,26.3,26.2,26.1,26.1,26.2,26.3,26.3,26.2,26.1,26.2,26.2,26.2,26.3,26.3,26.2,26.3,26.3,26.3,26.3,26.3,26.2,26.2,26.2,26.3,26.2,26.3,26.3,26.7,26.9,27.6,28.4,29.1,29.6,29.7,29.8,29.8,29.9,29.9,29.9,29.9,29.9,29.8,29.8,29.7,29.9,29.5,29.9,29.5,28.9,28.0,27.2,26.9,26.4,26.2,26.1,26.2,26.2,26.2,26.1,26.1,26.0,26.1,26.3,26.5,26.6,26.6,26.7,26.9,26.8,26.8,26.9,27.1,27.2,27.1,27.0,27.0,27.2,27.3,27.2,27.2,27.3,27.2,27.1,27.3,27.2,27.1,27.2,27.2,27.0,27.2,27.2,27.1,27.1,27.1,27.1,27.1,27.0,27.1,27.1,27.2,26.9,27.0,27.1,27.1,26.8,27.0,27.0,27.1,27.1,27.0,26.9,27.1,26.9,27.0,27.0,26.8,27.1,27.1,26.9,26.9,26.8,26.9,26.9,26.9,26.9,26.9
67,27.1,26.9,27.1,26.9,27.0,27.1,27.0,27.0,27.1,27.1,27.0,27.0,27.0,26.9,27.2,27.3,27.1,27.2,27.2,27.3,27.4,27.9,28.5,28.9,29.0,29.1,28.8,28.6,28.6,28.5,28.7,28.6,28.6,28.8,28.7,29.0,29.0,29.1,28.9,28.8,28.5,27.6,26.9,26.4,26.6,26.5,26.4,26.5,26.4,26.4,26.4,26.2,26.3,26.3,26.3,26.4,26.4,26.4,26.3,26.2,26.2,26.3,26.3,26.4,26.3,26.3,26.2,26.2,26.2,26.2,26.2,26.2,26.3,26.4,26.2,26.2,26.2,26.4,26.3,26.4,26.3,26.3,26.2,26.3,26.2,26.2,26.2,26.2,26.2,26.2,26.1,26.4,26.4,26.7,27.0,27.4,27.9,28.7,28.9,29.0,29.1,29.2,29.4,29.4,29.2,29.1,29.2,29.3,29.0,29.1,29.2,29.2,29.1,28.9,28.3,27.5,27.1,26.7,26.4,26.2,26.1,26.0,26.1,26.1,26.1,26.1,26.1,26.1,26.3,26.5,26.5,26.6,26.8,26.9,27.1,26.9,27.0,27.1,27.0,27.1,27.1,27.1,27.2,27.2,27.3,27.2,27.2,27.2,27.1,27.2,27.1,27.1,27.1,27.0,27.2,27.2,27.1,27.1,27.0,27.1,27.2,27.0,27.1,27.0,26.9,27.0,27.1,27.1,27.0,27.1,27.1,26.9,27.1,26.9,26.9,27.0,27.1,27.1,27.1,26.9,26.9,27.0,26.9,26.9,26.8,26.9,26.9,26.9,26.8,26.8,26.9,26.8
68,27.0,26.9,27.1,26.9,27.0,27.1,26.8,27.0,27.0,27.0,27.0,27.0,27.2,27.1,27.3,27.2,27.2,27.3,27.2,27.2,27.5,27.9,28.4,28.9,29.1,29.2,28.8,28.8,28.8,28.8,29.0,29.0,28.9,29.0,29.2,29.1,29.2,29.1,29.0,28.6,28.2,27.5,26.8,26.5,26.5,26.7,26.6,26.4,26.4,26.2,26.4,26.5,26.4,26.3,26.1,26.2,26.4,26.4,26.3,26.4,26.3,26.2,26.3,26.4,26.2,26.1,26.3,26.1,26.1,26.2,26.4,26.3,26.2,26.1,26.3,26.2,26.1,26.1,26.3,26.2,26.3,26.3,26.2,26.2,26.4,26.2,26.1,26.2,26.2,26.3,26.2,26.4,26.3,26.6,26.7,27.1,27.6,27.8,28.1,28.0,28.4,28.3,28.4,28.5,28.5,28.3,28.5,28.1,28.2,28.4,28.4,28.2,28.2,28.2,27.8,27.1,26.9,26.4,26.4,26.1,26.0,26.1,26.0,26.2,25.9,26.1,25.9,25.9,26.2,26.3,26.3,26.7,26.6,26.9,26.9,27.0,27.0,26.9,26.9,27.1,27.3,27.2,27.1,27.2,27.2,27.0,27.1,27.3,27.1,27.2,27.3,27.1,27.2,27.1,27.1,27.2,27.0,27.2,27.1,27.2,27.1,27.1,27.2,27.1,27.1,27.1,27.2,27.1,27.0,27.1,27.1,26.9,27.1,27.1,26.9,26.9,27.1,27.0,26.9,26.9,26.9,27.1,26.9,27.0,27.0,26.9,26.7,26.9,26.9,26.9,27.0,26.8
69,26.9,26.8,27.0,27.0,26.9,26.9,27.1,27.0,27.2,27.1,27.1,27.0,26.9,26.8,27.1,27.2,27.1,27.2,27.1,27.3,27.5,27.8,28.2,28.7,29.4,29.3,29.2,29.2,29.2,29.0,29.1,29.2,29.3,29.1,29.2,29.3,29.1,29.2,29.1,28.8,28.2,27.5,26.6,26.6,26.4,26.6,26.5,26.5,26.4,26.3,26.3,26.3,26.3,26.3,26.4,26.3,26.4,26.5,26.3,26.4,26.3,26.2,26.2,26.1,26.2,26.1,26.2,26.2,26.2,26.2,26.4,26.2,26.2,26.2,26.2,26.1,26.2,26.2,26.3,26.1,26.2,26.2,26.1,26.3,26.1,26.2,26.2,26.1,26.1,26.3,26.2,26.3,26.3,26.4,26.6,26.6,27.0,27.1,27.2,27.3,27.4,27.5,27.4,27.3,27.4,27.3,27.3,27.4,27.2,27.4,27.2,27.4,27.3,27.1,27.1,26.8,26.6,26.4,26.1,26.3,25.9,26.2,26.1,26.1,26.0,25.7,25.9,26.0,26.2,26.3,26.6,26.5,26.7,26.9,26.9,26.9,27.0,27.1,27.1,27.1,27.1,27.2,27.0,27.1,27.2,27.3,27.1,27.1,27.1,27.1,27.2,27.2,27.0,27.1,27.1,27.1,27.2,27.1,27.1,27.1,27.1,27.1,27.1,27.1,27.0,27.0,27.0,27.1,27.1,27.1,27.1,27.0,26.9,27.1,26.9,27.0,27.0,27.0,26.8,27.0,27.0,26.9,27.0,27.0,27.0,26.9,26.9,27.0,26.8,26.7,26.9,27.0
70,26.9,26.9,27.1,26.9,26.9,27.1,27.1,27.1,27.0,27.1,27.1,27.0,27.0,27.1,27.0,27.2,27.1,27.2,27.2,27.2,27.4,28.0,28.5,28.9,29.0,29.2,29.1,29.1,29.0,29.0,29.1,29.1,29.1,29.1,29.2,29.2,29.0,29.1,29.1,28.7,28.1,27.6,26.7,26.7,26.6,26.5,26.4,26.5,26.3,26.3,26.3,26.4,26.2,26.4,26.3,26.2,26.4,26.3,26.3,26.4,26.3,26.2,26.2,26.2,26.3,26.2,26.1,26.2,26.2,26.3,26.2,26.2,26.2,26.2,26.1,26.3,26.2,26.3,26.2,26.2,26.1,26.2,26.2,26.2,26.2,26.3,26.2,26.1,26.2,26.3,26.2,26.3,26.3,26.3,26.3,26.4,26.6,26.7,26.9,27.0,26.9,26.9,26.8,26.9,26.9,27.1,26.8,27.0,26.8,26.9,26.8,26.7,26.9,26.8,26.6,26.5,26.5,26.5,26.4,26.2,26.0,26.0,26.4,26.2,26.0,26.2,26.0,26.1,26.2,26.3,26.6,26.6,26.9,26.7,26.9,26.9,26.8,27.1,27.0,27.1,27.0,27.1,27.1,27.3,27.0,27.3,27.2,27.2,27.2,27.1,27.2,27.1,27.1,27.1,27.1,27.0,27.1,27.1,27.1,27.1,27.1,27.2,27.0,27.1,27.0,27.1,27.1,26.9,27.0,27.0,27.1,27.0,27.0,27.0,26.9,27.0,27.1,26.9,27.0,27.0,27.0,27.0,26.8,26.9,27.0,27.0,26.8,26.9,26.8,26.8,26.8,26.9
71,27.1,27.1,27.1,27.2,27.1,27.1,27.0,27.1,27.1,27.1,27.1,27.1,27.3,27.1,26.9,27.2,27.2,27.3,27.2,27.4,27.6,27.9,28.5,28.9,29.2,29.3,29.1,29.2,29.1,29.2,29.3,29.1,29.2,29.1,29.2,29.2,29.3,29.1,29.0,28.7,28.2,27.6,26.7,26.7,26.6,26.7,26.6,26.4,26.4,26.3,26.2,26.4,26.4,26.4,26.2,26.3,26.3,26.4,26.3,26.3,26.1,26.1,26.3,26.2,26.4,26.3,26.2,26.1,26.3,26.2,26.2,26.2,26.2,26.2,26.2,26.2,26.2,26.2,26.1,26.3,26.4,26.2,26.3,26.2,26.4,26.3,26.3,26.2,26.2,26.3,26.3,26.3,26.3,26.3,26.3,26.4,26.5,26.7,26.7,26.7,26.8,26.7,26.8,26.8,26.7,26.7,26.7,26.9,26.6,26.6,26.5,26.7,26.6,26.9,26.6,26.6,26.7,26.7,26.4,26.2,26.1,25.9,26.0,26.1,26.1,26.0,25.9,26.1,26.3,26.3,26.3,26.6,26.9,26.9,26.8,26.8,26.9,27.0,27.2,27.2,27.2,27.1,27.1,27.1,27.2,27.1,27.1,27.3,27.3,27.2,27.1,27.2,27.1,27.0,27.3,27.1,27.1,27.3,27.1,27.1,27.1,27.2,27.1,27.1,27.1,27.1,27.0,27.0,27.1,27.1,27.2,27.1,27.1,27.0,27.0,27.0,27.1,27.0,26.9,26.9,26.9,27.0,27.0,27.0,27.1,26.9,26.8,27.0,26.8,26.9,26.8,26.9
72,27.1,26.8,27.1,26.9,27.1,27.0,26.9,27.1,27.2,27.0,27.1,27.2,27.1,27.1,27.1,27.3,27.1,27.2,27.2,27.4,27.8,27.9,28.4,28.8,29.1,29.2,29.2,29.3,29.2,29.1,29.1,29.1,29.2,29.4,29.4,29.3,29.2,29.2,29.1,28.7,28.1,27.5,26.6,26.8,26.6,26.7,26.6,26.4,26.4,26.4,26.3,26.3,26.3,26.3,26.3,26.2,26.4,26.2,26.4,26.4,26.1,26.2,26.2,26.2,26.2,26.3,26.2,26.0,26.1,26.2,26.2,26.2,26.4,26.3,26.2,26.2,26.1,26.3,26.2,26.2,26.2,26.3,26.4,26.2,26.4,26.3,26.2,26.2,26.2,26.1,26.3,26.2,26.2,26.2,26.3,26.4,26.3,26.5,26.6,26.6,26.6,26.7,26.8,26.5,26.7,26.7,26.9,26.9,26.5,26.8,26.5,26.5,26.6,26.6,26.5,26.6,26.6,26.6,26.3,26.4,26.0,25.9,25.9,26.0,26.1,25.8,26.0,25.8,26.1,26.3,26.3,26.7,26.8,26.9,26.8,26.9,27.0,27.2,27.0,27.1,27.1,27.0,27.1,27.0,27.2,27.2,27.1,27.1,27.1,27.0,27.0,27.1,27.2,27.2,27.0,27.1,27.3,27.1,27.0,27.1,27.2,27.1,27.0,27.0,27.0,27.0,27.1,27.0,27.2,27.1,27.1,26.9,27.0,27.0,27.0,26.9,26.9,27.1,26.8,27.1,26.9,26.9,26.9,26.9,27.0,27.0,27.0,26.9,26.7,26.8,26.7,26.7
73,27.0,27.1,27.1,26.9,27.0,27.0,27.1,27.3,27.1,27.1,27.2,27.1,27.1,27.1,27.2,27.2,27.2,27.3,27.1,27.4,27.8,27.9,28.4,29.0,29.1,29.2,29.2,29.2,29.0,29.2,29.3,29.2,29.2,29.2,29.3,29.4,29.3,29.2,28.9,28.7,28.2,27.3,26.7,26.7,26.5,26.6,26.6,26.4,26.3,26.3,26.4,26.2,26.2,26.2,26.2,26.1,26.3,26.4,26.3,26.4,26.2,26.2,26.2,26.2,26.3,26.2,26.1,26.2,26.1,26.2,26.1,26.1,26.0,26.2,25.9,26.1,25.9,26.2,26.1,26.2,26.2,26.1,26.3,26.2,26.1,26.2,26.2,26.3,26.2,26.3,26.3,26.2,26.4,26.1,26.1,26.2,26.2,26.3,26.4,26.4,26.5,26.3,26.4,26.4,26.6,26.9,27.0,27.1,26.9,26.9,26.7,26.4,26.4,26.4,26.6,26.4,26.9,26.7,26.6,26.3,26.0,26.1,26.1,26.0,26.0,26.0,25.8,26.1,26.0,26.2,26.5,26.5,26.6,26.8,26.9,26.9,26.9,27.1,27.0,27.1,27.0,27.2,27.0,27.2,27.4,27.0,27.2,27.1,27.1,27.1,27.1,27.2,27.2,27.1,27.1,27.1,27.1,27.2,27.1,27.3,27.1,27.1,26.9,27.1,27.1,27.1,27.0,27.0,26.9,27.2,27.1,27.0,27.0,26.9,26.9,26.9,26.9,27.1,27.1,27.1,26.8,26.8,27.0,26.9,27.0,27.0,27.0,26.9,26.8,26.9,26.9,26.9
74,27.0,27.0,27.1,27.0,27.1,27.0,27.2,27.1,27.0,27.2,27.3,27.0,27.1,27.0,27.1,27.2,27.1,27.3,27.4,27.5,27.6,28.1,28.6,28.8,29.0,29.1,29.0,29.0,29.1,29.0,29.1,29.1,29.0,29.4,29.1,29.0,29.1,29.3,29.0,28.6,28.1,27.5,26.8,26.6,26.5,26.6,26.5,26.3,26.4,26.3,26.3,26.3,26.4,26.3,26.4,26.2,26.3,26.3,26.1,26.2,26.2,26.2,26.2,26.3,26.2,26.2,26.3,26.1,26.1,26.3,26.2,26.3,26.2,26.3,26.1,26.1,26.3,26.1,26.2,26.2,26.1,26.1,26.3,26.2,26.3,26.1,26.2,26.2,26.1,26.2,26.1,26.4,26.3,26.2,26.1,26.2,26.3,26.1,26.2,26.4,26.3,26.4,26.5,26.9,27.1,27.3,27.5,27.5,27.4,27.3,27.2,26.7,26.5,26.6,26.6,26.8,26.9,26.7,26.5,26.3,26.1,26.1,26.0,26.1,26.2,25.9,26.0,26.0,26.0,26.2,26.5,26.7,26.7,26.9,26.9,27.0,26.9,27.0,26.8,27.0,27.2,27.1,27.0,27.2,27.2,27.1,27.1,27.2,27.2,27.1,27.1,27.2,27.1,27.2,27.1,27.0,27.1,27.0,27.1,27.1,27.0,27.1,27.1,27.1,27.2,27.1,27.0,27.0,27.0,27.1,27.0,27.0,27.1,26.9,26.9,26.9,27.0,27.1,27.0,26.9,26.9,26.9,27.0,27.1,26.9,26.9,26.8,27.1,26.7,26.9,26.9,26.9
75,27.2,27.1,27.1,27.1,27.2,27.2,27.2,27.1,27.2,27.1,26.9,27.3,27.2,27.2,27.4,27.2,27.2,27.2,27.3,27.5,27.8,28.0,28.7,28.9,29.0,28.9,28.9,28.7,28.7,28.8,28.8,29.0,28.8,29.2,29.2,29.1,29.3,28.9,28.8,28.7,28.2,27.3,26.6,26.6,26.5,26.6,26.5,26.3,26.2,26.3,26.3,26.3,26.4,26.4,26.3,26.4,26.3,26.4,26.3,26.3,26.2,26.1,26.3,26.3,26.5,26.2,26.3,26.0,26.2,26.1,26.4,26.2,26.2,26.2,26.2,26.3,26.1,26.3,26.2,26.3,26.3,26.2,26.4,26.3,26.2,26.1,26.1,26.1,26.2,26.1,26.4,26.2,26.2,26.4,26.0,26.3,26.1,26.2,26.2,26.4,26.4,26.5,26.5,27.1,27.5,27.8,27.9,28.1,28.0,27.9,27.6,27.2,26.7,26.6,26.6,26.5,26.7,26.8,26.5,26.2,26.0,26.1,26.2,26.2,26.0,25.9,25.9,26.0,26.2,26.2,26.4,26.7,26.8,26.8,26.9,26.9,27.0,27.0,26.9,27.0,27.1,27.0,27.1,27.4,27.1,27.3,27.1,27.3,27.3,27.2,27.1,27.2,27.3,27.1,27.1,27.1,27.0,27.1,27.1,27.2,27.2,27.2,27.1,27.3,27.2,27.1,27.1,27.1,27.1,26.9,27.1,27.2,27.1,27.1,26.9,26.9,27.0,27.1,27.0,27.2,27.1,26.9,27.2,26.9,27.1,26.9,26.8,26.9,27.0,27.1,26.9,27.0
76,27.1,27.0,27.0,27.2,27.1,27.2,27.1,27.3,27.1,27.1,27.0,27.2,27.1,27.4,27.3,27.2,27.3,27.2,27.2,27.3,27.8,28.1,28.5,28.9,28.9,28.8,28.8,28.4,28.5,28.4,28.3,28.4,28.6,28.8,29.0,29.1,29.2,29.1,29.1,28.8,28.0,27.4,26.9,26.7,26.6,26.7,26.4,26.5,26.3,26.3,26.3,26.3,26.2,26.2,26.4,26.4,26.4,26.3,26.3,26.4,26.2,26.0,26.2,26.2,26.3,26.2,26.1,26.1,26.1,26.3,26.0,26.1,26.3,26.1,26.2,26.4,26.3,26.0,26.2,26.3,26.1,26.3,26.3,26.3,26.1,26.2,26.1,26.3,26.2,26.3,26.2,26.2,26.3,26.3,26.1,26.1,26.2,26.2,26.2,26.2,26.3,26.4,26.9,27.4,27.9,28.1,28.0,27.8,27.9,28.1,28.0,27.7,27.1,26.8,26.4,26.4,26.7,26.7,26.4,26.1,25.9,26.0,26.1,26.0,26.1,25.9,25.8,26.0,26.1,26.4,26.5,26.5,26.6,27.0,26.9,26.9,27.0,27.0,27.0,26.9,27.1,27.1,27.1,27.3,27.1,27.2,27.2,27.1,27.2,27.1,27.3,27.1,27.1,27.2,27.2,27.2,27.0,27.0,27.1,27.0,27.1,27.1,27.1,27.0,27.1,26.9,27.1,27.1,27.0,27.0,27.1,27.2,26.9,26.9,26.9,26.9,27.1,27.0,26.8,26.9,26.9,26.9,26.9,26.9,26.9,27.0,26.9,26.9,27.0,27.0,26.8,27.0
77,26.8,27.0,27.3,27.1,27.2,27.2,27.2,27.2,27.1,27.2,27.2,27.1,27.3,27.4,27.3,27.2,27.2,27.4,27.3,27.5,28.0,28.0,28.6,29.1,29.1,29.0,28.7,28.5,28.2,28.1,28.0,28.0,28.0,28.1,28.6,29.1,29.2,29.0,28.9,28.7,28.1,27.5,26.9,26.7,26.5,26.6,26.6,26.2,26.4,26.3,26.3,26.2,26.3,26.4,26.3,26.4,26.4,26.3,26.4,26.2,26.2,26.2,26.4,26.2,26.2,26.3,26.2,26.1,26.3,26.3,26.2,26.1,26.2,26.3,26.2,26.3,26.4,26.3,26.2,26.2,26.3,26.2,26.3,26.2,26.0,26.1,26.1,26.3,26.2,26.1,26.2,26.2,26.2,26.4,26.3,26.2,26.2,26.1,26.2,26.2,26.4,26.5,27.1,27.9,28.3,27.9,27.6,27.4,27.6,28.0,28.2,27.7,27.3,26.6,26.4,26.3,26.4,26.5,26.4,26.0,26.0,25.8,26.0,26.1,26.0,25.9,25.8,26.1,25.9,26.4,26.5,26.6,26.9,27.0,26.8,26.9,26.9,26.9,27.1,27.1,27.1,27.0,27.1,27.1,27.2,27.1,27.2,27.1,27.1,27.0,27.0,27.2,27.2,27.1,27.1,27.1,27.1,27.2,27.0,27.2,27.0,26.9,27.2,27.1,27.1,27.3,27.0,27.0,27.0,26.9,27.1,27.0,27.1,27.1,27.0,26.9,26.9,27.1,26.9,26.9,26.9,27.1,26.9,27.0,27.0,26.9,26.9,26.9,26.8,26.9,27.0,26.8
78,27.1,27.1,27.1,27.3,27.2,27.2,27.2,27.1,27.1,27.1,27.2,27.1,27.1,27.5,27.3,27.3,27.3,27.3,27.3,27.4,27.6,28.2,28.5,29.0,29.1,29.1,28.9,28.8,28.8,28.6,28.3,28.0,28.1,28.0,28.4,28.9,29.0,29.0,29.0,28.8,28.1,27.4,26.9,26.8,26.5,26.6,26.5,26.4,26.4,26.4,26.2,26.3,26.2,26.4,26.2,26.3,26.4,26.4,26.3,26.3,26.3,26.3,26.3,26.2,26.2,26.0,26.1,26.2,26.3,26.3,26.2,26.4,26.1,26.4,26.2,26.2,26.3,26.1,26.2,26.3,26.1,26.3,26.3,26.1,26.2,26.1,26.2,26.1,26.2,26.2,26.2,26.2,26.2,26.3,26.2,26.2,26.2,26.0,26.2,26.2,26.3,26.7,27.2,28.1,28.2,27.7,27.1,27.2,27.2,27.7,28.4,28.0,27.4,26.7,26.5,26.3,26.2,26.4,26.2,26.1,26.0,26.0,25.9,26.0,26.0,26.0,26.1,26.1,25.9,26.1,26.2,26.7,26.7,26.9,26.9,27.1,27.0,27.1,27.2,27.0,27.1,27.1,27.2,27.2,27.3,27.1,27.1,27.2,27.1,27.1,27.1,27.1,27.2,27.2,27.1,27.0,27.1,27.2,27.1,27.1,27.2,27.1,27.0,27.0,27.1,27.2,27.1,27.1,27.1,27.0,27.1,27.0,27.2,27.0,27.0,26.9,27.0,27.0,27.0,27.0,26.8,27.0,26.9,27.1,26.7,26.9,26.9,26.8,26.9,26.9,26.9,27.0
79,27.0,27.1,27.3,27.1,27.1,27.1,27.3,27.1,27.3,27.2,27.3,27.2,27.2,27.3,27.4,27.3,27.4,27.4,27.3,27.5,27.7,28.1,28.8,29.0,29.1,29.0,28.8,28.8,28.7,28.5,28.6,28.5,28.4,28.3,28.6,29.0,29.0,29.0,29.0,28.6,28.2,27.5,26.9,26.7,26.6,26.6,26.5,26.5,26.3,26.4,26.2,26.2,26.3,26.2,26.3,26.3,26.5,26.4,26.4,26.2,26.2,26.4,26.3,26.2,26.3,26.1,26.1,26.0,26.1,26.3,26.1,26.1,26.2,26.4,26.3,26.2,26.3,26.2,26.3,26.3,26.1,26.3,26.2,26.3,26.3,26.0,26.2,26.2,26.0,26.2,26.2,26.1,26.2,26.3,26.3,26.2,26.3,26.1,26.2,26.2,26.5,26.6,27.2,28.0,28.1,27.7,27.4,27.3,27.3,27.7,28.3,28.0,27.3,26.6,26.6,26.2,26.2,26.3,26.2,26.1,26.0,26.0,26.1,26.1,26.1,25.9,26.2,26.2,26.0,26.2,26.3,26.4,26.8,26.8,27.0,27.0,27.0,27.1,27.1,27.1,27.1,27.2,26.8,27.2,27.2,27.2,27.2,27.1,27.2,27.3,27.2,27.2,27.1,27.3,27.2,27.1,27.1,27.2,27.0,27.2,27.1,27.1,27.2,27.1,27.2,27.2,27.2,27.0,27.0,27.1,27.1,27.1,27.1,27.0,27.1,27.0,27.1,27.0,26.9,27.0,27.0,26.9,26.9,27.1,27.0,27.0,27.1,26.9,27.0,26.9,26.9,26.9
80,27.3,26.9,27.3,27.4,27.0,27.1,27.3,27.2,27.2,27.2,27.3,27.3,27.3,27.2,27.4,27.3,27.1,27.1,27.3,27.4,27.7,28.2,28.5,29.1,29.0,28.9,28.7,28.7,28.6,28.4,28.5,28.6,28.3,28.5,28.6,29.0,28.9,28.7,28.8,28.6,28.3,27.8,26.9,26.8,26.5,26.7,26.4,26.2,26.3,26.3,26.2,26.3,26.3,26.4,26.4,26.2,26.4,26.4,26.2,26.2,26.1,26.4,26.3,26.2,26.3,26.2,26.2,26.3,26.2,26.3,26.2,26.2,26.2,26.2,26.2,26.4,26.1,26.1,26.1,26.2,26.1,26.2,26.2,26.2,26.2,26.2,26.2,26.2,26.2,26.1,26.2,26.2,26.3,26.1,26.3,26.3,26.3,26.3,26.2,26.2,26.3,26.5,27.0,27.7,27.8,27.8,27.6,27.6,27.5,28.0,28.2,27.8,27.0,26.7,26.4,26.3,26.3,26.4,26.2,26.0,25.9,26.0,26.0,26.2,26.0,25.9,25.8,26.0,26.2,26.2,26.2,26.6,26.8,26.8,26.7,26.8,26.9,27.1,27.0,27.3,27.1,27.1,27.1,27.2,27.0,27.0,27.2,27.1,27.2,27.1,27.2,27.3,27.3,27.1,27.2,27.2,27.2,27.1,27.1,27.3,27.1,27.2,27.2,27.1,27.1,26.9,27.2,27.2,27.2,27.1,27.1,27.0,27.1,27.1,26.9,27.1,27.1,27.1,27.0,27.1,27.0,27.1,26.9,27.0,26.9,26.9,26.9,26.8,27.0,26.9,26.9,27.0
81,27.0,27.1,27.2,27.1,27.1,27.1,27.1,27.2,27.2,27.2,27.3,27.4,27.2,27.2,27.4,27.4,27.3,27.4,27.4,27.5,27.8,28.0,28.9,28.8,29.0,28.9,28.6,28.5,28.6,28.5,28.8,28.9,28.8,28.9,28.9,28.7,28.6,28.2,28.5,28.6,28.2,27.9,27.3,26.9,26.6,26.7,26.5,26.4,26.5,26.4,26.2,26.2,26.2,26.2,26.4,26.3,26.2,26.3,26.2,26.2,26.2,26.3,26.3,26.2,26.3,26.2,26.3,26.2,26.2,26.3,26.2,26.4,26.4,26.4,26.2,26.3,26.2,26.3,26.2,26.2,26.2,26.2,26.2,26.2,26.1,26.2,26.2,26.1,26.2,26.2,26.3,26.2,26.3,26.2,26.2,26.3,26.2,26.3,26.1,26.3,26.3,26.3,26.9,27.3,27.8,27.9,27.7,27.9,27.8,27.9,28.0,27.6,26.8,26.6,26.6,26.4,26.3,26.4,26.2,25.9,26.1,26.0,26.0,25.9,26.1,25.7,25.9,26.0,26.1,26.3,26.4,26.6,26.6,26.9,26.9,27.0,27.0,27.1,27.1,27.1,27.1,27.2,27.2,27.1,27.3,27.1,27.2,27.2,27.3,27.2,27.2,27.3,27.2,27.1,27.2,26.9,27.2,27.2,27.3,27.1,27.1,27.1,27.1,27.1,27.1,27.1,27.1,26.9,27.1,27.0,27.1,27.1,27.2,27.1,27.1,27.0,27.3,27.0,26.9,27.1,26.9,27.1,26.9,27.0,27.0,26.9,26.9,27.0,26.9,26.9,26.8,26.9
82,27.1,27.1,27.2,27.3,27.3,27.1,27.2,27.3,27.1,27.3,27.3,27.2,27.3,27.3,27.3,27.3,27.2,27.3,27.3,27.5,27.9,28.2,28.8,29.2,29.2,29.2,29.0,29.0,28.9,29.1,29.0,29.1,29.0,28.8,28.8,28.5,28.2,28.0,28.0,28.3,28.1,28.1,27.6,26.9,26.6,26.4,26.4,26.2,26.3,26.3,26.2,26.3,26.1,26.4,26.3,26.4,26.4,26.3,26.2,26.3,26.3,26.2,26.4,26.2,26.3,26.3,26.4,26.2,26.3,26.3,26.2,26.1,26.2,26.2,26.3,26.2,26.0,26.2,26.3,26.2,26.2,26.1,26.4,26.2,26.1,26.2,26.2,26.1,26.1,26.3,26.2,26.2,26.1,26.1,26.2,26.2,26.3,26.1,26.2,26.2,26.3,26.2,26.5,26.8,27.4,27.7,27.9,27.9,27.9,27.9,27.6,27.1,26.6,26.7,26.6,26.9,26.9,26.7,26.4,26.2,26.2,26.1,26.0,26.0,26.1,26.0,26.1,26.0,26.0,26.0,26.3,26.7,26.7,26.9,26.9,26.8,27.1,26.9,27.0,27.0,27.0,27.1,27.2,27.1,27.1,27.3,27.2,27.3,27.1,27.2,27.1,27.3,27.3,27.1,27.1,27.1,27.1,27.2,27.3,27.1,27.1,27.1,27.1,27.0,27.1,27.2,27.2,27.0,27.1,27.2,27.0,27.0,27.3,27.1,27.1,26.9,27.1,27.0,27.0,26.9,27.1,27.0,26.9,26.9,26.9,26.8,26.9,27.0,27.1,26.9,26.9,27.0
83,27.3,27.1,27.2,27.3,27.2,27.2,27.4,27.1,27.3,27.3,27.4,27.3,27.3,27.5,27.2,27.2,27.2,27.3,27.5,27.6,28.0,28.1,28.6,28.9,29.2,29.0,29.0,28.9,28.8,28.8,28.7,28.8,28.7,28.8,28.6,28.3,28.0,27.7,27.9,27.8,27.9,27.9,27.4,27.0,26.4,26.6,26.1,26.3,26.2,26.2,26.2,26.3,26.2,26.2,26.3,26.2,26.3,26.3,26.3,26.3,26.2,26.2,26.2,26.2,26.2,26.4,26.2,26.2,26.2,26.1,26.3,26.2,26.3,26.1,26.2,26.2,26.3,26.2,26.2,26.1,26.1,26.3,26.1,26.1,26.3,26.1,26.1,26.1,26.2,26.3,26.2,26.0,26.0,26.1,26.2,26.2,26.2,26.3,26.4,26.2,26.2,26.2,26.2,26.4,26.7,27.0,27.2,27.5,27.5,27.2,27.1,26.8,26.7,26.7,26.9,27.1,27.2,27.0,26.6,26.2,26.1,26.0,26.0,26.0,25.9,26.1,26.0,26.0,26.0,26.2,26.4,26.6,26.6,26.9,26.7,26.9,27.1,27.0,27.1,27.1,27.0,27.2,27.1,27.2,27.1,27.0,27.2,27.2,27.2,27.3,27.2,27.1,27.3,27.2,27.2,26.9,27.2,27.1,27.3,27.0,27.1,27.1,27.2,27.1,27.2,27.2,26.9,27.0,27.1,27.1,27.1,27.0,27.1,27.0,27.1,26.9,27.0,27.1,26.9,27.1,26.9,26.9,27.0,27.0,27.1,27.0,26.9,26.9,26.9,26.9,26.9,27.0
84,27.2,27.1,27.3,27.2,27.3,27.3,27.3,27.3,27.4,27.3,27.2,27.4,27.3,27.2,27.4,27.2,27.2,27.2,27.3,27.5,27.8,27.9,28.4,28.6,28.8,28.8,28.5,28.6,28.5,28.3,28.3,28.3,28.3,28.2,28.0,28.1,27.8,27.3,27.4,27.3,27.4,27.6,27.3,26.6,26.5,26.3,26.2,26.3,26.3,26.3,26.2,26.3,26.2,26.5,26.1,26.3,26.4,26.3,26.4,26.4,26.4,26.2,26.4,26.3,26.3,26.2,26.3,26.2,26.2,26.3,26.3,26.3,26.3,26.3,26.3,26.4,26.3,26.2,26.1,26.2,26.2,26.1,26.3,26.2,26.2,26.1,26.2,26.2,26.1,26.1,26.2,26.2,26.2,26.3,26.1,26.3,26.2,26.2,26.0,26.2,26.1,26.2,26.2,26.2,26.2,26.4,26.7,26.9,26.8,26.7,26.7,26.6,26.6,27.0,27.3,27.6,27.8,27.3,26.8,26.4,26.1,25.9,25.9,26.1,26.0,26.1,25.8,25.9,26.2,26.2,26.3,26.5,26.6,26.7,26.8,26.9,26.8,27.0,27.0,27.1,27.2,27.1,27.2,27.2,27.0,27.2,27.2,27.3,27.1,27.2,27.1,27.2,27.2,27.3,27.1,27.1,27.1,27.1,27.2,27.1,27.0,27.0,27.3,27.1,27.0,27.0,27.1,27.1,27.2,27.1,27.2,27.0,27.2,27.0,27.1,27.1,27.0,27.0,27.0,27.0,27.0,26.9,26.9,27.0,26.9,27.0,27.0,26.9,26.9,26.8,27.0,26.8
85,27.2,27.1,27.1,27.3,27.2,27.0,27.4,27.2,27.3,27.3,27.3,27.3,27.3,27.3,27.4,27.5,27.3,27.4,27.3,27.5,27.6,27.7,28.0,28.1,28.2,28.1,27.8,27.9,27.6,27.7,27.6,27.7,27.6,27.6,27.3,27.3,27.3,27.1,27.2,27.1,27.1,26.8,26.8,26.6,26.2,26.4,26.4,26.3,26.3,26.2,26.2,26.2,26.3,26.4,26.2,26.3,26.2,26.4,26.3,26.3,26.4,26.3,26.0,26.2,26.3,26.2,26.2,26.4,26.2,26.3,26.2,26.2,26.3,26.2,26.2,26.3,26.1,26.3,26.2,26.2,26.1,26.2,26.2,26.2,26.3,26.2,26.1,26.3,26.1,26.2,26.3,26.1,26.1,26.3,26.0,26.2,26.2,26.2,26.2,26.2,26.1,26.1,26.3,26.2,26.2,26.2,26.2,26.4,26.3,26.6,26.6,26.6,26.9,26.9,27.5,27.8,28.0,27.3,26.9,26.3,26.1,25.7,26.0,26.1,26.0,25.9,26.0,26.1,26.1,26.2,26.3,26.5,26.6,26.8,26.8,26.9,26.9,26.9,27.3,27.3,27.0,27.1,27.1,27.2,27.2,27.1,27.2,27.2,27.2,27.0,27.3,27.2,27.3,27.2,27.2,27.2,27.1,27.1,27.1,27.0,27.1,27.1,27.1,27.2,27.2,27.0,27.1,26.9,26.9,27.2,27.2,27.2,27.1,26.9,27.2,26.9,27.1,26.9,26.9,26.9,27.0,27.0,27.1,27.0,26.9,27.0,26.9,27.0,26.9,26.9,27.0,27.0
86,27.1,27.2,27.2,27.3,27.3,27.2,27.2,27.3,27.3,27.3,27.3,27.2,27.3,27.3,27.3,27.5,27.3,27.2,27.4,27.4,27.5,27.4,27.6,27.4,27.6,27.5,27.4,27.1,27.1,26.9,26.7,26.8,26.8,26.7,26.5,26.7,26.7,26.8,26.6,26.8,26.7,26.7,26.5,26.4,26.6,26.3,26.3,26.1,26.2,26.4,26.2,26.4,26.3,26.3,26.4,26.1,26.3,26.3,26.2,26.4,26.2,26.3,26.4,26.2,26.2,26.2,26.3,26.3,26.3,26.3,26.0,26.3,26.3,26.3,26.2,26.2,26.3,26.2,26.0,26.3,26.2,26.1,26.0,26.3,26.4,26.0,26.2,26.2,26.3,26.2,26.1,26.1,26.1,26.1,26.2,26.2,26.2,26.2,26.2,26.4,26.0,26.2,26.2,26.0,26.2,26.0,26.1,26.3,26.1,26.2,26.6,26.7,26.7,27.1,27.3,27.6,27.8,27.5,26.9,26.4,26.2,26.1,26.1,26.0,26.0,26.0,25.8,25.8,26.0,26.0,26.3,26.6,26.7,26.6,26.9,26.9,26.8,27.2,27.0,27.1,27.1,27.3,27.1,27.3,27.3,27.3,27.2,27.2,27.2,27.3,27.1,27.2,27.2,27.2,27.3,27.3,27.2,27.2,27.1,27.1,27.2,27.1,27.1,27.1,27.2,27.1,27.1,27.1,27.1,27.1,26.8,27.1,27.1,27.0,27.0,27.0,27.0,27.1,27.0,27.1,26.7,27.0,27.1,27.0,27.1,27.0,27.0,26.8,26.8,26.9,27.0,26.9
87,27.3,27.2,27.4,27.3,27.3,27.2,27.3,27.4,27.3,27.3,27.3,27.3,27.5,27.4,27.5,27.4,27.3,27.3,27.4,27.5,27.4,27.4,27.3,27.3,27.3,27.5,27.1,27.0,26.9,26.7,26.5,26.5,26.5,26.5,26.2,26.6,26.4,26.4,26.2,26.5,26.6,26.6,26.4,26.4,26.4,26.4,26.2,26.3,26.4,26.3,26.4,26.2,26.4,26.2,26.2,26.2,26.3,26.3,26.2,26.3,26.2,26.2,26.1,26.4,26.3,26.2,26.2,26.2,26.1,26.3,26.1,26.3,26.3,26.2,26.2,26.3,26.3,26.1,26.2,26.2,26.2,26.2,26.3,26.2,26.2,26.2,26.2,26.3,26.1,26.2,26.2,26.2,26.3,26.2,26.3,26.2,26.2,26.2,26.2,26.1,26.1,26.1,26.1,26.2,26.1,26.0,26.2,26.1,26.3,26.3,26.5,26.7,26.7,27.0,27.3,27.2,27.4,27.2,26.7,26.4,26.2,26.0,26.0,26.0,26.0,26.1,25.9,26.0,25.9,26.2,26.2,26.6,26.4,26.8,26.8,26.9,27.1,27.1,27.1,27.0,27.0,27.2,27.1,27.2,27.1,27.1,27.3,27.2,27.0,27.3,27.2,27.1,27.3,27.3,27.3,27.2,27.3,27.0,27.1,27.1,27.1,27.1,27.1,27.1,27.3,27.2,27.3,27.2,27.2,27.2,26.9,27.1,26.9,26.9,27.0,27.1,27.1,27.1,27.0,27.1,26.9,27.0,27.0,26.9,26.9,26.9,26.7,26.9,26.9,27.1,27.0,26.8
88,27.3,27.1,27.3,27.4,27.2,27.1,27.4,27.3,27.2,27.5,27.3,27.2,27.3,27.3,27.4,27.5,27.3,27.3,27.5,27.3,27.3,27.4,27.2,27.3,27.4,27.1,27.1,26.9,26.6,26.4,26.4,26.5,26.4,26.3,26.3,26.3,26.2,26.3,26.3,26.5,26.5,26.5,26.5,26.4,26.4,26.4,26.3,26.4,26.4,26.3,26.4,26.3,26.4,26.3,26.2,26.3,26.3,26.2,26.3,26.2,26.2,26.2,26.4,26.3,26.1,26.2,26.3,26.2,26.3,26.2,26.2,26.2,26.4,26.2,26.2,26.3,26.3,26.2,26.2,26.1,26.1,26.3,26.4,26.2,26.2,26.2,26.2,26.4,26.2,26.1,26.3,26.2,26.2,26.2,26.1,26.1,26.2,26.1,26.2,26.1,26.2,26.2,26.2,26.2,26.2,26.1,26.2,26.2,26.2,26.3,26.5,26.7,26.7,26.9,27.0,27.0,26.9,26.8,26.6,26.3,26.2,25.9,26.1,25.9,26.0,26.0,26.0,26.1,26.0,26.3,26.1,26.3,26.6,26.9,26.8,27.1,27.0,27.0,27.0,27.1,27.0,27.1,27.3,27.3,27.2,27.2,27.1,27.1,27.2,27.2,27.2,27.3,27.1,27.3,27.1,27.2,27.1,27.0,27.0,27.2,27.1,27.2,27.1,27.0,27.1,27.1,27.3,27.0,27.0,27.0,27.1,27.1,27.2,27.1,26.9,27.0,27.1,27.2,26.9,27.0,27.1,27.0,27.1,27.0,27.0,27.0,26.8,27.1,26.9,26.9,26.9,26.9
89,27.1,27.2,27.3,27.3,27.3,27.3,27.5,27.3,27.3,27.4,27.3,27.2,27.3,27.3,27.5,27.4,27.3,27.4,27.2,27.4,27.4,27.2,27.4,27.3,27.4,27.2,27.0,26.9,26.6,26.5,26.4,26.4,26.5,26.3,26.3,26.4,26.5,26.3,26.3,26.4,26.4,26.4,26.6,26.6,26.4,26.5,26.3,26.3,26.6,26.4,26.2,26.4,26.3,26.2,26.4,26.4,26.2,26.2,26.2,26.4,26.2,26.4,26.3,26.3,26.3,26.3,26.3,26.1,26.2,26.1,26.2,26.3,26.3,26.2,26.4,26.2,26.1,26.3,26.5,26.2,26.2,26.2,26.3,26.3,26.2,26.2,26.2,26.2,26.2,26.3,26.1,26.3,26.0,26.2,26.3,26.3,26.2,26.1,26.2,26.3,26.3,26.2,26.2,26.2,26.2,26.3,26.2,26.1,26.3,26.4,26.4,26.7,26.7,26.7,26.7,26.5,26.7,26.8,26.6,26.4,26.3,26.1,26.0,26.1,26.2,25.9,26.1,25.9,26.0,26.3,26.2,26.4,26.6,26.7,26.9,26.9,26.9,27.2,27.2,27.0,27.1,27.3,27.2,27.3,27.1,27.2,27.2,27.2,27.1,27.2,27.3,27.2,27.3,27.3,27.1,27.2,27.3,27.2,27.3,27.1,27.0,27.3,27.1,27.1,27.1,27.1,27.3,27.2,27.1,27.1,27.0,27.1,27.2,27.2,27.1,27.0,27.0,27.0,26.9,27.0,27.0,27.1,27.1,27.0,27.1,27.1,27.1,26.9,26.9,26.9,26.9,26.9
90,27.3,27.2,27.3,27.3,27.2,27.2,27.4,27.2,27.3,27.3,27.5,27.4,27.5,27.3,27.5,27.3,27.4,27.4,27.4,27.5,27.4,27.4,27.3,27.2,27.3,27.2,27.1,26.9,26.5,26.6,26.4,26.4,26.3,26.4,26.5,26.3,26.5,26.4,26.4,26.4,26.3,26.6,26.4,26.4,26.3,26.4,26.4,26.4,26.4,26.3,26.2,26.3,26.3,26.4,26.3,26.3,26.4,26.4,26.3,26.4,26.1,26.4,26.3,26.1,26.4,26.4,26.4,26.3,26.3,26.3,26.2,26.2,26.3,26.2,26.4,26.2,26.2,26.2,26.3,26.2,26.1,26.3,26.3,26.1,26.4,26.2,26.2,26.3,26.1,26.2,26.2,26.2,26.2,26.0,26.1,26.2,26.1,26.0,26.2,26.1,26.1,26.1,26.0,26.0,26.1,26.3,26.1,26.3,26.3,26.5,26.6,26.6,26.6,26.7,26.8,26.7,26.7,26.8,26.8,26.4,26.2,26.1,25.8,26.1,26.2,26.2,25.9,26.0,26.0,26.2,26.1,26.4,26.6,26.9,26.8,27.0,26.9,26.9,27.1,27.2,27.1,27.0,27.2,27.2,27.0,27.1,27.3,27.2,27.1,27.2,27.2,27.2,27.1,27.2,27.3,27.2,27.3,27.2,27.2,27.1,27.3,27.2,27.0,27.2,27.0,27.0,27.1,27.1,27.1,27.0,27.1,27.1,27.1,27.0,27.0,27.0,26.8,27.1,27.1,27.0,27.0,26.9,27.1,27.1,26.9,27.1,26.9,26.9,26.8,26.9,26.9,27.1
91,27.2,27.3,27.4,27.3,27.4,27.3,27.4,27.4,27.4,27.3,27.2,27.3,27.4,27.3,27.3,27.4,27.2,27.3,27.3,27.3,27.2,27.2,27.2,27.2,27.1,27.1,26.9,26.8,26.7,26.5,26.6,26.4,26.4,26.2,26.2,26.3,26.2,26.3,26.3,26.3,26.3,26.3,26.2,26.3,26.3,26.3,26.3,26.3,26.4,26.3,26.2,26.3,26.2,26.3,26.0,26.2,26.2,26.1,26.2,26.2,26.2,26.1,26.4,26.1,26.2,26.3,26.3,26.2,26.2,26.3,26.0,26.3,26.3,26.2,26.3,26.1,26.1,26.2,26.1,26.2,26.1,26.2,26.2,26.3,26.1,26.2,26.1,26.3,26.2,26.1,26.0,26.2,26.3,26.0,26.1,26.1,26.0,26.1,26.1,25.9,26.1,26.0,26.1,26.2,25.8,26.0,26.0,26.2,26.1,26.2,26.8,26.9,26.7,26.8,26.7,26.7,26.6,26.7,26.6,26.5,26.1,26.1,26.0,25.9,25.9,25.9,25.9,25.6,26.0,26.1,26.0,26.4,26.6,26.6,26.8,26.8,27.0,27.0,27.0,27.0,27.0,27.1,27.0,27.1,27.1,27.3,27.3,27.2,27.1,27.1,27.1,26.9,27.0,27.1,27.1,27.0,27.1,27.1,27.1,27.1,27.0,27.0,27.2,27.2,27.0,27.0,27.1,27.0,27.0,27.1,27.0,27.2,27.3,27.0,27.1,27.0,27.0,27.0,26.9,26.9,27.1,27.0,26.9,27.0,27.0,26.9,26.9,26.9,27.0,26.9,26.8,26.9
92,27.3,27.3,27.3,27.2,27.3,27.2,27.4,27.3,27.4,27.5,27.4,27.4,27.3,27.5,27.4,27.4,27.6,27.3,27.3,27.3,27.3,27.4,27.3,27.3,27.2,26.9,26.7,26.7,26.4,26.4,26.4,26.4,26.5,26.6,26.3,26.2,26.3,26.1,26.2,26.1,26.2,26.2,26.1,26.1,26.2,26.2,26.3,26.3,26.5,26.3,26.4,26.4,26.3,26.3,26.2,26.2,26.3,26.3,26.2,26.3,26.3,26.2,26.4,26.3,26.2,26.3,26.4,26.3,26.3,26.4,26.2,26.1,26.3,26.3,26.3,26.1,26.3,26.3,26.2,26.1,26.3,26.3,26.2,26.2,26.2,26.2,26.3,26.1,26.2,26.3,26.2,26.1,26.1,26.2,26.1,26.3,26.4,26.1,26.2,26.2,26.0,26.1,26.2,26.1,26.3,26.2,26.2,26.3,26.3,26.4,26.5,26.5,26.7,26.6,26.5,26.5,26.6,26.6,26.6,26.4,26.3,26.2,26.0,26.0,26.0,25.9,26.1,26.0,25.9,26.1,26.2,26.4,26.6,26.7,26.9,27.1,27.0,27.0,27.2,27.2,27.1,27.2,27.1,27.2,27.1,27.1,27.3,27.2,27.2,27.1,27.1,27.3,27.3,27.3,27.2,27.1,27.2,27.3,27.2,27.1,27.1,27.1,27.1,27.0,27.1,27.0,27.2,27.2,27.0,27.0,27.2,27.1,26.9,27.0,27.1,27.1,26.9,27.0,26.9,27.1,27.0,27.0,26.8,27.0,26.9,26.7,26.9,26.9,27.0,26.9,26.9,26.9
93,27.1,27.3,27.5,27.3,27.3,27.3,27.3,27.3,27.4,27.4,27.3,27.5,27.3,27.1,27.5,27.4,27.2,27.4,27.4,27.4,27.4,27.1,27.1,27.1,26.9,26.9,26.5,26.4,26.5,26.4,26.4,26.5,26.3,26.3,26.2,26.3,26.2,26.2,26.1,26.1,26.0,26.1,26.2,26.2,26.2,25.9,26.1,26.3,26.3,26.4,26.4,26.4,26.4,26.4,26.4,26.3,26.2,26.3,26.3,26.3,26.3,26.3,26.2,26.2,26.3,26.2,26.3,26.2,26.3,26.2,26.2,26.2,26.2,26.3,26.2,26.3,26.2,26.3,26.2,26.2,26.3,26.2,26.0,26.3,26.2,26.2,26.2,26.2,26.1,26.2,26.1,26.2,26.2,26.2,26.1,26.1,26.1,26.0,26.1,26.1,26.2,26.1,26.1,26.2,26.2,26.2,26.0,26.1,26.2,26.2,26.4,26.6,26.6,26.5,26.5,26.5,26.6,26.5,26.4,26.4,26.0,26.0,25.9,25.9,25.9,25.8,25.9,25.7,25.9,26.1,26.2,26.5,26.5,26.7,26.8,26.8,26.9,26.9,27.0,27.0,27.0,27.1,27.1,27.2,27.1,27.1,27.2,27.1,27.2,27.2,27.0,27.2,27.2,27.1,27.3,27.2,27.1,27.2,27.2,27.0,27.0,27.0,27.1,27.1,27.1,27.1,27.1,27.2,27.1,27.1,27.1,27.1,27.1,27.1,27.0,27.0,27.1,26.9,26.9,27.0,26.9,27.1,27.1,27.1,27.0,26.9,26.9,26.9,26.9,26.8,26.8,26.8
94,27.3,27.3,27.4,27.4,27.2,27.4,27.3,27.3,27.3,27.4,27.4,27.3,27.3,27.3,27.3,27.5,27.4,27.3,27.3,27.1,27.2,27.1,26.9,26.6,26.6,26.6,26.3,26.4,26.4,26.4,26.3,26.4,26.3,26.3,26.3,26.4,26.2,26.2,26.3,26.1,26.1,26.2,26.1,26.1,26.1,26.3,26.3,26.3,26.4,26.3,26.4,26.2,26.4,26.3,26.2,26.2,26.3,26.3,26.3,26.4,26.2,26.2,26.2,26.5,26.3,26.4,26.2,26.2,26.2,26.1,26.1,26.2,26.2,26.3,26.2,26.2,26.3,26.2,26.2,26.3,26.3,26.3,26.4,26.2,26.2,26.3,26.3,26.1,26.1,26.2,26.2,26.2,26.2,26.3,26.1,26.2,26.3,26.0,26.1,26.2,26.0,26.1,26.0,26.0,26.2,25.9,26.2,26.1,26.1,26.2,26.3,26.5,26.4,26.3,26.4,26.3,26.4,26.5,26.5,26.4,26.1,26.1,25.9,25.8,26.0,26.0,25.9,25.7,26.1,26.1,25.9,26.6,26.7,26.8,26.8,26.9,27.0,26.9,27.0,27.1,26.9,27.2,27.1,27.1,27.1,27.1,27.2,27.1,27.2,27.3,27.1,27.2,27.3,27.3,27.1,27.3,27.2,27.1,27.1,27.0,27.0,27.2,27.1,27.1,27.2,27.3,27.0,27.1,27.1,27.0,26.9,27.1,27.2,26.9,27.1,27.1,27.1,27.0,27.0,26.9,26.9,27.1,26.9,26.9,27.1,26.9,26.8,26.6,26.9,26.9,26.9,26.9
95,27.3,27.4,27.4,27.2,27.3,27.3,27.3,27.3,27.3,27.4,27.5,27.4,27.3,27.3,27.3,27.4,27.4,27.4,27.3,27.4,27.1,26.9,26.6,26.4,26.5,26.4,26.3,26.3,26.2,26.3,26.3,26.3,26.2,26.3,26.3,26.3,26.3,26.1,26.0,26.0,25.9,26.2,26.1,26.1,26.2,26.4,26.4,26.3,26.3,26.3,26.1,26.3,26.2,26.2,26.1,26.3,26.4,26.4,26.2,26.2,26.4,26.2,26.4,26.3,26.4,26.2,26.2,26.2,26.1,26.3,26.1,26.1,26.4,26.1,26.2,26.3,26.4,26.4,26.2,26.3,26.2,26.3,26.2,26.2,26.1,26.1,26.2,26.1,26.1,26.2,26.2,26.2,26.1,26.2,26.2,26.2,26.1,26.0,26.1,26.2,26.3,26.2,26.1,26.2,26.2,26.1,26.0,26.2,26.2,26.2,26.1,26.2,26.3,26.3,26.2,26.2,26.2,26.5,26.5,26.4,26.2,26.2,25.8,26.0,25.9,26.0,25.8,26.0,26.0,26.2,26.2,26.5,26.5,26.7,26.7,27.0,26.9,27.1,27.0,26.9,27.1,27.1,27.1,27.1,27.1,27.4,27.1,27.3,27.3,27.3,27.3,27.4,27.1,27.2,27.1,27.2,27.1,27.1,27.3,27.2,27.3,27.2,27.2,27.1,27.2,27.1,27.1,27.1,27.0,27.1,27.1,27.2,27.2,27.0,27.1,27.1,27.0,27.1,27.1,27.2,27.0,26.9,27.2,26.8,27.0,27.1,27.0,26.9,26.9,26.8,27.0,26.9
96,27.3,27.5,27.3,27.3,27.3,27.3,27.3,27.3,27.3,27.5,27.3,27.3,27.3,27.4,27.6,27.4,27.5,27.3,27.3,27.3,27.1,26.9,26.5,26.5,26.3,26.2,26.1,26.4,26.2,26.2,26.3,26.2,26.2,26.2,26.1,26.2,26.0,26.2,26.3,26.2,26.2,26.2,26.2,26.2,26.3,26.2,26.3,26.3,26.4,26.4,26.1,26.2,26.3,26.3,26.2,26.2,26.2,26.4,26.4,26.2,26.3,26.2,26.1,26.2,26.4,26.3,26.2,26.1,26.4,26.2,26.3,26.2,26.3,26.4,26.3,26.3,26.2,26.2,26.1,26.4,26.2,26.3,26.2,26.2,26.1,26.1,26.2,26.2,26.0,26.2,26.2,26.3,26.0,26.1,26.3,26.3,26.1,26.1,26.2,26.1,26.2,26.2,26.3,26.2,26.1,26.1,26.2,26.1,26.2,26.1,26.0,26.2,26.0,26.2,26.3,26.3,26.3,26.5,26.6,26.4,26.3,26.1,26.1,25.9,26.1,26.0,26.1,26.0,25.8,26.0,26.1,26.3,26.6,26.8,26.8,27.0,26.9,26.9,27.1,26.9,27.1,27.2,27.1,27.2,27.2,27.3,27.3,27.2,27.1,27.2,27.2,27.2,27.1,27.2,27.1,27.1,27.1,27.1,27.2,27.2,27.2,27.2,27.1,27.1,27.3,27.1,27.2,27.2,27.1,27.0,27.1,26.9,27.3,27.1,27.0,27.1,27.1,27.0,27.0,27.0,26.9,27.1,27.1,27.0,27.0,26.8,26.8,26.9,26.8,26.8,26.9,26.9
97,27.3,27.2,27.5,27.3,27.2,27.2,27.3,27.4,27.2,27.2,27.3,27.3,27.5,27.4,27.3,27.3,27.4,27.2,27.3,27.4,27.0,26.8,26.6,26.3,26.3,26.2,26.2,26.2,26.3,26.2,26.1,26.2,26.1,26.1,26.1,26.2,26.1,26.1,26.2,26.2,26.1,26.2,26.2,26.1,26.3,26.2,26.1,26.1,26.3,26.2,26.2,26.2,26.1,26.2,26.3,26.3,26.3,26.3,26.2,26.2,26.2,26.2,26.3,26.4,26.2,26.4,26.3,26.1,26.4,26.3,26.1,26.2,26.2,26.3,26.3,26.3,26.2,26.3,26.2,26.1,26.2,26.0,26.2,26.2,26.2,26.2,26.2,26.0,26.1,26.2,26.0,26.1,25.9,26.0,26.2,26.1,26.0,26.1,26.1,26.2,26.0,26.0,25.9,26.0,26.0,26.0,26.0,26.2,26.1,26.1,26.2,26.2,26.2,26.0,26.2,26.2,26.4,26.6,26.7,26.3,26.2,26.0,26.0,26.0,25.9,26.0,25.8,25.9,25.8,26.0,26.1,26.3,26.6,26.7,26.7,26.9,27.0,26.9,27.2,27.0,27.1,27.2,27.0,27.2,27.2,27.1,27.1,27.2,27.1,27.2,27.2,27.2,27.3,27.1,27.2,27.1,27.1,27.2,27.1,27.2,27.1,27.2,27.0,27.1,27.2,27.1,27.2,27.1,27.1,27.0,27.1,27.1,27.3,27.0,26.9,27.0,27.0,26.9,26.9,27.0,27.1,26.9,26.9,27.0,27.1,26.9,26.9,26.9,26.9,26.9,27.0,27.0
98,27.1,27.2,27.3,27.3,27.3,27.3,27.3,27.4,27.4,27.3,27.5,27.5,27.4,27.3,27.3,27.5,27.3,27.3,27.3,27.2,27.1,26.6,26.6,26.4,26.3,26.4,26.3,26.4,26.3,26.2,26.2,26.3,26.2,26.2,26.3,26.1,26.0,26.3,26.0,26.2,26.2,26.1,25.9,26.2,26.1,26.0,26.2,26.3,26.3,26.2,26.2,26.2,26.3,26.2,26.2,26.3,26.3,26.1,26.4,26.3,26.4,26.2,26.2,26.1,26.2,26.2,26.3,26.2,26.2,26.2,26.2,26.3,26.3,26.3,26.3,26.2,26.2,26.3,26.3,26.2,26.4,26.2,26.3,26.2,26.1,26.2,26.1,25.9,26.1,26.1,26.1,26.2,26.2,26.2,26.1,26.0,26.3,26.0,26.3,26.2,26.1,26.3,26.1,26.1,26.1,26.0,26.1,26.2,26.1,26.3,26.1,26.2,26.1,26.2,26.2,26.1,26.2,26.4,26.5,26.4,26.2,25.9,25.8,26.1,26.0,26.0,25.9,25.9,26.0,26.2,26.1,26.4,26.5,26.7,26.9,26.9,27.0,26.9,27.1,27.0,27.2,27.1,27.2,27.2,27.2,27.3,27.2,27.1,27.1,27.1,27.3,27.1,27.2,27.2,27.1,27.4,27.3,27.2,27.1,27.1,27.3,27.1,27.1,27.1,27.2,27.0,27.2,27.0,27.0,27.1,27.0,26.9,27.0,27.0,27.1,26.9,26.9,27.0,26.8,26.9,27.0,26.9,26.9,27.1,27.1,26.8,26.9,27.0,27.0,26.9,26.7,26.8
99,27.3,27.3,27.4,27.3,27.3,27.3,27.5,27.3,27.5,27.3,27.5,27.3,27.3,27.4,27.4,27.5,27.5,27.2,27.2,27.4,27.1,26.9,26.5,26.4,26.2,26.4,26.5,26.4,26.3,26.3,26.3,26.2,26.4,26.2,26.2,26.1,26.2,26.0,26.1,26.1,26.2,26.1,26.2,26.2,26.1,26.3,26.3,26.4,26.3,26.2,26.3,26.3,26.3,26.3,26.2,26.3,26.3,26.2,26.3,26.2,26.2,26.0,26.2,26.3,26.2,26.2,26.2,26.2,26.2,26.2,26.3,26.3,26.3,26.4,26.2,26.4,26.5,26.5,26.2,26.5,26.3,26.3,26.2,26.2,26.2,26.1,26.2,26.3,26.0,26.2,26.2,26.1,26.2,26.2,26.1,26.0,26.0,26.0,26.1,26.1,26.2,26.1,26.1,26.2,26.0,26.2,26.2,26.2,26.1,26.2,26.2,26.2,26.2,26.2,26.1,26.0,25.9,26.2,26.2,26.2,26.1,26.0,26.1,25.9,25.9,26.1,26.1,26.1,26.1,26.1,26.1,26.4,26.6,26.6,26.7,26.9,27.0,26.9,27.2,27.2,27.2,27.1,27.3,27.2,27.3,27.1,27.3,27.2,27.2,27.3,27.3,27.3,27.1,27.2,27.2,27.2,27.3,27.0,27.2,27.2,27.2,27.1,27.3,27.3,27.3,27.1,27.3,27.1,27.1,27.1,27.0,27.1,27.1,27.2,27.3,27.0,26.9,27.1,27.0,27.0,27.0,26.9,27.1,26.8,27.3,27.0,26.9,27.0,27.1,26.9,26.9,26.9
100,27.2,27.2,27.4,27.3,27.3,27.3,27.2,27.3,27.3,27.3,27.4,27.5,27.2,27.5,27.4,27.3,27.5,27.5,27.1,27.2,27.2,26.8,26.6,26.4,26.3,26.2,26.2,26.3,26.3,26.1,26.3,26.2,26.1,26.2,26.2,26.2,26.3,26.1,26.0,26.1,26.0,26.0,26.1,26.2,26.1,26.4,26.2,26.3,26.4,26.2,26.2,26.3,26.2,26.3,26.4,26.2,26.4,26.3,26.2,26.3,26.2,26.3,26.3,26.1,26.3,26.2,26.3,26.2,26.3,26.4,26.3,26.3,26.3,26.5,26.3,26.6,26.7,26.6,26.5,26.4,26.3,26.2,26.1,26.1,26.3,26.0,26.1,26.2,26.0,26.1,26.1,26.2,26.1,26.1,26.1,26.0,26.1,26.0,26.0,26.1,26.2,26.0,26.2,26.2,26.2,26.1,26.2,26.1,26.2,26.1,26.1,26.2,26.2,26.2,26.2,26.1,26.2,26.0,26.0,26.1,26.0,25.9,25.9,25.9,25.9,26.2,26.0,25.9,25.9,26.1,26.1,26.3,26.6,26.5,26.8,27.0,27.0,27.0,27.1,27.0,27.1,27.1,27.1,27.3,27.1,27.3,27.2,27.3,27.3,27.2,27.3,27.2,27.2,27.3,27.2,27.1,27.1,27.2,27.1,27.2,27.2,27.1,27.0,27.0,27.1,27.2,27.3,27.0,27.1,27.1,27.1,27.1,27.0,26.9,27.0,27.0,27.1,27.1,27.1,27.1,27.1,27.0,26.8,26.9,27.1,26.8,27.0,26.7,26.8,27.0,26.8,26.9
101,27.2,27.1,27.3,27.3,27.2,27.5,27.2,27.4,27.3,27.5,27.4,27.4,27.3,27.4,27.5,27.5,27.3,27.4,27.4,27.1,27.2,26.8,26.7,26.4,26.4,26.3,26.3,26.1,26.4,26.3,26.3,26.3,26.2,26.2,26.3,26.3,26.2,26.2,26.2,26.2,26.2,26.2,26.3,26.1,26.2,26.2,26.2,26.2,26.2,26.2,26.2,26.3,26.4,26.3,26.4,26.2,26.3,26.3,26.2,26.3,26.0,26.2,26.3,26.3,26.3,26.2,26.2,26.4,26.3,26.2,26.1,26.3,26.4,26.4,26.5,26.7,26.8,27.0,26.8,26.9,26.4,26.1,26.1,26.3,26.2,26.2,26.0,26.1,26.1,26.0,26.2,26.0,26.2,26.0,26.1,26.1,26.2,26.0,26.2,26.2,26.2,26.2,26.2,26.2,26.1,26.0,26.1,26.0,26.0,26.2,26.3,26.2,26.2,26.2,26.3,26.1,26.3,25.9,26.1,26.1,26.0,26.0,25.8,25.8,26.0,26.0,25.9,26.0,26.0,26.1,26.1,26.3,26.5,26.8,26.9,26.9,27.0,26.9,27.1,27.2,27.3,27.3,27.1,27.1,27.3,27.1,27.3,27.2,27.3,27.3,27.2,27.2,27.3,27.4,27.3,27.3,27.3,27.1,27.3,27.1,27.1,27.1,27.2,27.3,27.3,27.2,27.2,27.1,27.2,27.1,27.0,27.2,26.9,27.0,27.1,27.0,27.0,27.1,27.1,27.1,27.1,26.9,26.9,26.9,26.9,27.1,27.1,26.8,26.9,27.0,26.9,26.9
102,27.2,27.3,27.5,27.4,27.2,27.3,27.2,27.4,27.2,27.3,27.4,27.3,27.2,27.4,27.3,27.4,27.2,27.3,27.3,27.3,27.0,26.9,26.7,26.4,26.5,26.3,26.4,26.3,26.3,26.3,26.3,26.2,26.2,26.2,26.3,26.2,26.2,26.1,26.1,26.2,26.2,26.0,26.2,26.2,26.2,26.1,26.0,26.0,26.1,26.3,26.2,26.3,26.2,26.3,26.2,26.3,26.4,26.3,26.3,26.3,26.4,26.3,26.5,26.3,26.4,26.2,26.2,26.3,26.3,26.2,26.4,26.3,26.4,26.7,26.8,27.0,27.2,27.1,27.1,26.8,26.4,26.2,26.1,26.2,26.2,26.1,26.1,26.1,26.2,26.1,26.0,25.9,26.1,26.1,26.1,26.1,26.1,25.9,26.1,26.0,26.1,26.1,26.1,26.2,26.2,26.1,26.1,26.2,26.2,26.2,26.3,26.4,26.4,26.2,26.2,26.1,26.0,26.1,26.1,25.9,25.9,25.9,25.9,26.0,26.2,25.9,25.7,26.0,25.9,26.2,26.1,26.4,26.4,26.7,26.9,26.7,26.9,27.0,27.1,27.1,27.1,27.1,27.2,27.1,27.0,27.2,27.3,27.2,27.2,27.2,27.1,27.3,27.2,27.3,27.1,27.1,27.1,27.1,27.1,27.1,27.1,27.1,27.1,27.2,27.1,27.1,27.2,27.2,27.1,27.1,27.0,27.1,27.1,27.1,26.9,27.1,26.9,27.2,27.0,27.0,27.0,27.0,27.0,26.9,26.9,26.8,27.0,26.9,26.9,27.0,27.0,27.0
103,27.4,27.2,27.1,27.1,27.1,27.3,27.3,27.2,27.3,27.2,27.3,27.3,27.3,27.4,27.3,27.3,27.3,27.1,27.3,27.4,27.2,27.1,26.9,26.7,26.8,26.5,26.5,26.4,26.2,26.3,26.5,26.4,26.2,26.3,26.3,26.1,26.2,26.3,26.3,26.2,26.2,26.2,26.2,26.3,26.3,26.2,26.1,26.1,26.2,26.2,26.2,26.3,26.2,26.3,26.2,26.2,26.2,26.3,26.3,26.3,26.4,26.1,26.2,26.2,26.1,26.2,26.2,26.1,26.3,26.3,26.5,26.5,26.4,26.8,27.1,27.1,27.3,27.3,27.1,26.7,26.3,26.1,26.1,26.1,26.0,26.0,25.7,26.2,25.9,25.8,26.1,25.9,25.8,25.9,26.1,26.0,26.1,26.1,26.1,26.1,26.0,26.1,25.9,26.1,26.1,25.9,26.0,26.2,26.2,26.3,26.2,26.4,26.1,26.3,26.2,26.2,26.1,26.0,26.1,26.0,25.9,25.8,25.9,25.8,26.0,25.9,25.9,26.0,26.0,26.1,26.0,26.3,26.4,26.7,26.6,26.9,26.8,26.9,26.9,27.1,27.1,27.2,27.2,27.2,27.2,27.1,27.1,27.3,27.2,27.2,27.3,27.2,27.1,27.3,27.2,27.2,27.4,27.3,27.1,27.2,27.1,27.1,27.1,27.2,27.3,27.2,27.3,27.1,27.2,27.1,27.1,26.9,26.9,26.9,27.2,26.9,26.9,26.9,26.9,27.1,26.9,27.0,27.0,26.9,26.9,26.9,26.9,26.9,26.9,26.8,26.8,27.0
104,27.3,27.2,27.4,27.3,27.2,27.3,27.2,27.3,27.1,27.3,27.3,27.4,27.1,27.4,27.2,27.3,27.3,27.3,27.4,27.3,27.2,27.2,27.0,27.0,26.9,27.0,26.7,26.6,26.4,26.4,26.5,26.5,26.4,26.2,26.3,26.3,26.2,26.3,26.3,26.3,26.4,26.3,26.4,26.5,26.3,26.5,26.2,26.2,26.1,26.2,26.3,26.3,26.2,26.3,26.2,26.3,26.4,26.4,26.2,26.4,26.2,26.2,26.3,26.4,26.3,26.2,26.3,26.3,26.4,26.5,26.4,26.7,26.9,27.1,27.3,27.5,27.3,27.3,27.0,26.5,26.3,26.2,25.9,26.1,26.1,26.1,26.0,25.9,25.9,25.9,25.9,25.9,25.9,26.0,26.0,26.0,25.8,26.0,26.0,26.0,26.0,26.1,26.1,26.3,26.0,26.0,26.0,26.2,26.1,26.2,26.3,26.3,26.6,26.1,26.2,26.2,26.1,26.2,26.1,26.0,25.9,25.9,25.9,25.8,26.0,26.0,26.1,26.0,25.8,26.1,26.0,26.3,26.5,26.5,26.8,27.1,26.9,27.0,26.9,27.0,27.2,27.1,27.3,27.1,27.3,27.2,27.1,27.2,27.1,27.2,27.2,27.2,27.2,27.3,27.3,27.1,27.2,27.2,27.1,27.2,27.2,27.1,27.1,27.1,27.2,27.1,27.1,27.0,27.0,27.1,27.2,27.1,27.2,27.1,27.1,26.9,27.1,26.9,27.0,26.9,26.9,26.9,27.2,27.0,27.0,26.9,27.0,26.9,26.8,27.1,26.9,27.0
105,27.2,27.3,27.3,27.2,27.2,27.2,27.2,27.2,27.1,27.1,27.2,27.3,27.1,27.1,27.4,27.3,27.3,27.1,27.3,27.3,27.2,27.3,27.3,27.1,27.2,27.1,27.0,26.7,26.7,26.5,26.8,26.8,26.6,26.4,26.3,26.3,26.4,26.4,26.4,26.2,26.4,26.5,26.6,26.8,26.6,26.6,26.4,26.2,26.2,26.2,26.2,26.4,26.2,26.3,26.4,26.3,26.4,26.4,26.3,26.4,26.4,26.2,26.4,26.3,26.2,26.2,26.4,26.2,26.4,26.4,26.5,26.8,27.3,27.3,27.5,27.4,27.5,27.3,27.0,26.5,26.2,26.2,26.0,26.0,26.2,26.0,25.9,25.9,26.1,26.1,26.0,26.0,26.0,25.8,26.0,26.1,26.0,26.1,26.3,26.1,26.0,26.1,26.1,26.2,26.1,25.9,26.2,26.3,26.2,26.2,26.4,26.4,26.4,26.4,26.2,26.0,26.2,26.3,26.1,26.1,26.1,26.1,26.1,25.9,26.0,26.1,26.0,25.7,26.1,26.1,26.0,26.2,26.5,26.6,26.8,26.8,27.0,27.0,27.1,27.1,27.3,27.2,27.2,27.2,27.3,27.3,27.3,27.1,27.3,27.3,27.4,27.3,27.2,27.2,27.2,27.3,27.3,27.3,27.3,27.3,27.2,27.1,27.3,27.2,27.2,27.1,27.1,27.1,27.1,27.2,27.0,27.2,27.1,27.1,27.1,27.0,27.0,27.0,27.1,27.1,26.9,27.0,27.1,27.0,27.1,27.0,27.1,26.9,27.1,27.2,26.8,27.0
106,27.1,26.9,27.2,27.1,27.2,26.9,27.2,27.1,26.8,27.1,26.7,26.9,26.9,27.1,27.1,27.1,27.2,27.1,27.3,27.4,27.3,27.3,27.4,27.1,27.3,27.3,27.1,27.0,26.9,26.7,27.0,27.1,26.9,26.6,26.4,26.4,26.4,26.2,26.3,26.6,26.5,26.6,26.6,26.8,26.8,26.7,26.4,26.4,26.3,26.2,26.4,26.1,26.4,26.4,26.3,26.3,26.4,26.2,26.5,26.4,26.4,26.3,26.4,26.3,26.2,26.4,26.2,26.4,26.6,26.7,26.8,27.0,27.3,27.5,27.5,27.7,27.5,27.1,26.7,26.5,26.4,26.1,26.1,26.0,26.1,26.0,26.0,26.1,26.2,25.9,26.0,26.2,26.0,26.0,26.0,26.0,26.1,25.9,26.1,26.1,26.0,26.0,26.0,26.2,26.2,26.1,26.0,26.2,26.2,26.3,26.2,26.2,26.1,26.2,26.2,26.0,26.4,26.3,26.3,26.3,26.2,26.1,25.9,25.8,26.1,26.0,26.0,26.0,26.0,25.9,26.2,26.1,26.3,26.6,26.9,26.8,26.9,26.9,27.1,27.1,27.1,27.2,27.3,27.3,27.1,27.2,27.3,27.3,27.1,27.3,27.5,27.2,27.2,27.1,27.3,27.1,27.2,27.2,27.0,27.2,27.2,27.2,27.1,27.0,27.0,27.1,27.2,27.0,27.1,27.0,26.9,27.1,27.2,27.0,27.0,26.9,27.1,27.0,27.1,27.1,26.9,27.0,27.1,27.0,27.2,26.9,26.8,27.0,26.9,27.0,27.0,26.9
107,26.8,26.8,26.6,26.7,26.5,26.6,26.8,26.7,26.5,26.3,26.5,26.4,26.5,26.5,26.7,26.7,26.8,27.1,27.2,27.5,27.4,27.3,27.5,27.4,27.3,27.3,27.0,26.9,26.8,26.7,26.9,27.0,26.9,26.6,26.4,26.5,26.3,26.4,26.3,26.3,26.4,26.6,26.6,26.6,26.7,26.8,26.5,26.4,26.4,26.5,26.3,26.2,26.4,26.2,26.3,26.2,26.3,26.4,26.3,26.2,26.4,26.2,26.2,26.4,26.3,26.3,26.4,26.5,26.6,27.0,27.1,27.5,27.4,27.4,27.5,27.6,27.4,27.2,26.9,26.4,26.3,26.2,26.1,26.1,26.0,26.1,26.0,25.9,26.1,25.9,26.0,26.1,25.9,25.9,26.0,25.9,26.0,26.2,26.0,26.1,26.1,26.2,26.1,25.9,26.1,26.1,26.1,26.2,26.4,26.4,26.2,26.2,26.0,26.0,26.2,26.2,26.3,26.2,26.4,26.3,26.0,26.2,26.1,26.1,25.9,26.0,25.9,25.8,25.8,25.9,26.0,26.3,26.5,26.7,26.8,26.7,26.9,27.0,27.1,27.1,27.0,27.2,27.2,27.4,27.2,27.2,27.3,27.2,27.4,27.4,27.2,27.3,27.1,27.2,27.3,27.2,27.3,27.3,27.3,27.3,27.1,27.2,27.3,27.2,27.2,27.1,27.1,27.1,27.2,27.2,27.0,26.9,27.2,27.2,27.1,27.2,27.2,27.0,27.1,27.1,27.1,26.9,27.0,27.0,27.0,27.1,27.0,27.0,27.0,26.9,27.1,27.0
108,26.3,26.4,26.4,26.4,26.4,26.3,26.3,26.4,26.2,26.3,26.2,26.1,26.2,26.4,26.4,26.5,26.7,27.0,27.3,27.3,27.5,27.4,27.4,27.4,27.3,27.3,27.0,27.0,26.8,26.7,27.0,26.9,26.7,26.8,26.6,26.7,26.4,26.5,26.5,26.5,26.7,26.6,26.6,26.8,26.6,26.6,26.5,26.4,26.6,26.3,26.3,26.4,26.2,26.4,26.3,26.3,26.4,26.3,26.2,26.5,26.2,26.3,26.3,26.2,26.4,26.4,26.4,26.5,26.9,27.0,27.3,27.6,27.5,27.6,27.6,27.4,27.1,27.2,26.9,26.4,26.4,26.3,26.1,26.1,26.1,25.9,25.9,25.9,25.9,26.1,25.9,26.0,25.8,25.9,25.8,25.9,26.1,25.9,25.8,26.2,26.2,26.2,26.2,26.0,26.0,26.0,26.0,26.3,26.1,26.2,26.2,26.2,26.1,26.0,26.1,26.3,26.3,26.5,26.6,26.7,26.3,26.3,26.1,26.0,26.2,26.1,25.9,26.1,26.0,26.1,26.1,26.3,26.5,26.5,26.8,26.9,27.0,27.0,27.1,27.0,27.2,27.2,27.1,27.3,27.2,27.3,27.3,27.2,27.2,27.3,27.2,27.4,27.2,27.3,27.2,27.3,27.2,27.3,27.3,27.2,27.1,27.3,27.1,27.2,27.1,27.1,27.4,27.3,27.2,27.2,27.1,27.1,27.1,27.0,27.1,27.1,27.1,27.1,27.1,27.1,27.1,27.0,27.0,27.0,26.9,27.1,27.0,27.0,27.0,26.9,27.0,26.7
109,26.2,26.2,26.3,26.3,26.4,26.3,26.3,26.2,26.1,26.2,26.2,26.1,26.2,26.3,26.5,26.4,26.5,26.8,27.1,27.3,27.3,27.3,27.6,27.3,27.3,27.3,27.2,27.2,27.0,26.8,26.9,26.9,26.9,27.0,26.9,26.8,26.9,26.8,26.8,26.7,26.9,26.7,26.7,26.7,26.6,26.7,26.4,26.3,26.4,26.4,26.3,26.4,26.2,26.4,26.4,26.4,26.4,26.3,26.4,26.3,26.4,26.4,26.2,26.2,26.3,26.4,26.6,26.7,27.1,27.3,27.6,27.6,27.6,27.5,27.4,27.4,27.2,27.1,26.8,26.4,26.2,26.4,26.1,26.2,26.1,25.9,26.1,25.8,26.0,25.9,25.8,26.0,26.0,26.0,25.9,25.9,25.9,26.1,26.0,26.1,26.0,26.1,26.1,26.1,26.1,26.0,26.1,26.1,26.3,26.1,26.1,26.1,26.2,26.3,26.2,26.2,26.2,26.4,26.8,26.7,26.3,26.1,26.1,26.0,26.1,26.0,25.9,25.7,26.1,26.0,26.0,26.2,26.4,26.5,26.8,26.7,26.8,26.9,27.0,27.0,27.1,27.1,27.1,27.1,27.2,27.2,27.2,27.3,27.2,27.2,27.4,27.2,27.1,27.2,27.2,27.3,27.2,27.4,27.2,27.3,27.3,27.1,27.3,27.1,27.3,27.1,27.2,27.2,27.1,27.1,27.1,27.0,27.0,27.2,27.0,27.1,27.2,27.0,27.1,27.1,27.1,26.9,27.1,27.1,27.1,27.1,27.1,26.9,27.0,26.9,27.0,27.0
110,26.2,26.1,26.4,26.3,26.4,26.2,26.1,26.2,26.2,26.1,26.0,26.0,26.2,26.1,26.2,26.3,26.6,26.8,27.3,27.3,27.5,27.5,27.6,27.7,27.7,27.7,27.5,27.4,27.6,27.3,27.3,27.4,27.2,27.4,27.3,27.1,27.1,27.0,27.1,27.3,27.1,27.1,26.8,26.6,26.6,26.5,26.4,26.4,26.4,26.3,26.5,26.3,26.4,26.4,26.3,26.3,26.5,26.3,26.3,26.3,26.3,26.3,26.4,26.2,26.4,26.5,26.8,26.8,27.2,27.5,27.6,27.6,27.7,27.7,27.4,27.4,27.2,27.1,26.6,26.6,26.3,26.3,26.2,26.3,26.1,26.0,25.9,25.9,25.9,26.0,25.9,26.0,26.1,25.9,26.0,26.0,26.1,25.9,25.9,26.0,26.0,26.1,26.2,26.1,26.1,26.2,25.9,26.1,26.1,26.2,26.2,26.1,26.1,26.2,26.4,26.2,26.2,26.4,26.6,26.5,26.3,26.2,26.0,26.0,25.9,26.1,26.0,25.9,25.9,25.8,26.0,26.2,26.4,26.6,26.7,26.9,26.9,27.1,27.0,27.0,27.3,27.0,27.1,27.2,27.2,27.3,27.1,27.2,27.3,27.2,27.2,27.2,27.3,27.3,27.3,27.2,27.3,27.1,27.2,27.2,27.1,27.2,27.1,27.2,27.1,27.1,27.2,27.1,27.2,27.1,27.2,27.2,27.1,27.2,27.2,27.1,27.1,27.0,27.1,27.1,27.1,26.9,26.9,27.2,27.1,27.0,27.1,27.3,26.9,27.0,27.1,27.1
111,26.5,26.3,26.3,26.3,26.3,26.1,26.3,26.3,26.2,26.2,26.2,26.1,26.0,26.2,26.4,26.5,26.8,27.0,27.3,27.5,27.8,27.8,28.1,28.0,28.1,28.4,28.0,28.2,28.2,28.0,28.1,28.1,28.1,28.1,28.0,27.8,27.5,27.4,27.3,27.6,27.5,27.3,27.2,27.0,26.5,26.5,26.4,26.3,26.4,26.4,26.4,26.4,26.3,26.2,26.2,26.3,26.4,26.5,26.4,26.2,26.5,26.3,26.4,26.5,26.4,26.7,26.9,27.1,27.6,27.7,27.6,27.8,27.6,27.5,27.3,27.5,27.3,27.0,26.8,26.5,26.3,26.4,26.1,26.3,26.2,26.1,26.0,25.9,26.1,26.0,26.0,25.8,26.0,25.8,26.1,25.8,25.9,25.9,25.9,25.9,26.2,26.1,26.0,26.0,26.1,26.1,26.1,26.2,26.1,26.3,26.4,26.2,26.4,26.3,26.3,26.5,26.5,26.5,26.6,26.6,26.4,26.2,26.2,26.0,25.9,26.1,25.9,25.9,25.9,26.1,26.0,26.1,26.4,26.4,26.8,26.8,26.8,26.9,26.9,27.1,27.0,27.1,27.1,27.2,27.2,27.3,27.4,27.1,27.2,27.2,27.3,27.1,27.2,27.3,27.2,27.3,27.1,27.2,27.3,27.2,27.3,27.2,27.3,27.1,27.3,27.0,27.2,27.3,27.2,27.2,27.1,27.0,27.1,27.1,27.1,27.1,27.1,26.9,27.0,27.0,27.1,27.0,27.1,26.9,26.9,26.9,26.9,26.8,26.8,27.1,27.0,27.0
112,26.4,26.0,26.2,26.2,26.4,26.4,26.3,26.2,26.2,26.2,26.1,26.1,26.1,26.2,26.6,26.6,26.9,27.4,27.8,27.9,28.2,28.4,28.5,28.6,28.6,28.7,28.7,28.7,28.8,28.7,28.8,28.6,28.8,28.6,28.4,28.0,28.1,27.5,27.6,27.7,27.7,27.7,27.4,26.9,26.4,26.4,26.4,26.4,26.4,26.5,26.2,26.2,26.4,26.2,26.2,26.4,26.3,26.4,26.4,26.3,26.2,26.2,26.4,26.4,26.7,26.8,27.3,27.5,27.5,27.8,27.8,27.8,27.7,27.5,27.4,27.4,27.5,27.3,27.0,26.4,26.4,26.2,26.2,26.2,26.2,26.1,25.9,26.0,26.0,26.0,26.1,26.0,25.8,25.9,26.1,25.9,26.1,25.9,26.1,25.9,25.9,26.2,26.1,26.2,26.1,26.0,26.2,26.2,26.1,26.3,26.4,26.3,26.5,26.6,26.6,26.4,26.5,26.6,26.5,26.4,26.4,26.3,26.0,26.0,25.9,26.0,26.0,25.9,25.9,25.9,26.1,26.1,26.4,26.6,26.6,26.8,26.7,27.0,27.1,27.0,27.1,27.1,27.1,27.2,27.3,27.2,27.2,27.1,27.3,27.1,27.5,27.2,27.3,27.3,27.1,27.2,27.3,27.2,27.1,27.2,27.4,27.2,27.2,27.0,27.2,27.1,27.2,27.1,27.0,27.1,27.3,27.1,27.2,27.1,27.1,27.1,27.1,27.1,27.0,27.2,26.9,27.1,27.0,27.1,26.9,26.9,27.0,26.9,26.9,27.0,26.9,26.9
113,26.4,26.3,26.4,26.3,26.3,26.4,26.4,26.2,26.3,26.3,26.3,26.3,26.4,26.5,26.6,26.9,27.4,28.0,28.5,28.6,28.9,28.9,29.0,29.0,29.1,29.0,28.9,29.1,29.0,29.1,29.1,29.0,29.0,28.8,28.7,28.2,28.2,27.8,27.8,27.8,27.8,27.4,27.3,26.7,26.5,26.4,26.4,26.4,26.2,26.3,26.3,26.2,26.3,26.3,26.4,26.3,26.2,26.2,26.2,26.4,26.3,26.3,26.6,26.6,26.8,27.0,27.3,27.4,27.6,27.7,27.7,27.6,27.5,27.7,27.6,27.6,27.6,27.5,26.9,26.6,26.2,26.0,26.1,26.0,25.9,26.1,26.0,25.7,26.0,26.1,26.1,25.9,25.8,26.0,26.0,25.9,26.0,26.0,26.0,26.0,26.1,26.0,26.2,26.2,26.1,26.0,26.3,26.1,26.1,26.4,26.7,26.6,26.6,26.7,26.6,26.5,26.5,26.6,26.7,26.4,26.4,26.4,26.1,26.1,26.0,26.0,26.1,26.0,25.9,26.1,26.1,26.2,26.3,26.6,26.6,26.8,26.8,26.9,27.1,27.0,26.9,27.1,27.2,27.1,27.3,27.2,27.2,27.2,27.3,27.2,27.2,27.3,27.5,27.2,27.0,27.2,27.2,27.1,27.1,27.1,27.3,27.1,27.2,27.3,27.1,27.0,27.1,27.1,27.1,27.1,27.1,27.1,27.3,27.1,27.1,26.9,27.2,27.0,27.0,27.1,27.0,27.0,27.1,27.0,27.0,26.7,26.8,26.9,27.1,26.9,27.0,27.0
114,26.4,26.4,26.2,26.4,26.4,26.2,26.4,26.2,26.4,26.1,26.3,26.2,26.2,26.4,26.7,27.1,27.6,28.2,28.7,28.9,29.0,29.0,29.0,29.1,28.9,29.2,28.9,29.2,28.9,28.9,29.0,29.0,28.8,28.9,28.8,28.7,28.3,28.2,28.2,28.1,27.6,27.2,26.9,26.4,26.4,26.2,26.3,26.3,26.3,26.4,26.2,26.4,26.3,26.3,26.3,26.2,26.4,26.4,26.2,26.4,26.1,26.3,26.5,26.7,26.9,27.1,27.4,27.5,27.6,27.8,27.6,27.6,27.6,27.6,27.6,27.7,27.6,27.4,27.0,26.7,26.2,26.3,26.1,26.1,26.0,26.1,25.9,26.1,26.0,26.0,26.0,26.0,25.9,25.9,26.0,25.8,26.0,26.1,26.0,26.1,26.0,26.1,26.1,26.2,26.1,26.2,26.2,26.0,26.4,26.2,26.5,26.7,26.6,26.5,26.6,26.6,26.5,26.5,26.7,26.6,26.4,26.2,26.1,26.0,26.0,25.9,25.9,25.9,25.8,25.9,25.9,26.1,26.4,26.6,26.6,26.7,26.8,26.9,27.0,27.0,27.1,27.0,27.0,27.2,27.1,27.3,27.3,27.1,27.1,27.3,27.2,27.2,27.2,27.2,27.1,27.1,27.2,27.1,27.1,27.3,27.0,27.1,27.1,27.3,27.0,27.1,27.2,26.9,27.0,27.3,27.0,27.0,27.0,27.2,27.0,27.0,27.0,26.9,26.9,26.9,27.1,26.8,27.0,27.0,27.0,27.0,26.9,27.0,26.8,26.8,26.8,26.9
115,26.3,26.4,26.5,26.4,26.3,26.3,26.4,26.3,26.4,26.2,26.2,26.2,26.2,26.3,26.7,27.2,27.7,28.2,28.8,29.1,29.0,29.1,29.2,29.2,29.2,28.9,29.0,29.0,28.9,28.8,28.9,28.8,28.7,29.0,28.8,28.8,28.7,28.6,28.5,28.2,27.7,27.1,26.6,26.2,26.3,26.5,26.4,26.4,26.3,26.3,26.3,26.3,26.2,26.3,26.3,26.3,26.5,26.2,26.3,26.4,26.4,26.3,26.4,26.6,26.7,26.9,27.2,27.5,27.7,27.7,27.6,27.5,27.6,27.7,27.5,27.6,27.6,27.5,27.1,26.8,26.4,26.3,26.0,26.0,26.2,26.2,26.1,26.1,26.0,25.9,26.0,25.8,25.9,25.9,25.9,25.9,25.9,26.0,26.1,26.0,26.0,26.2,26.0,26.1,26.2,26.1,26.1,26.1,26.0,26.3,26.6,26.6,26.6,26.7,26.6,26.5,26.5,26.6,26.6,26.4,26.4,26.4,26.1,25.8,26.0,26.1,25.9,26.0,25.9,26.1,25.9,26.0,26.4,26.4,26.7,26.8,26.9,26.9,26.9,27.0,27.1,27.1,27.1,27.3,27.3,27.3,27.3,27.3,27.2,27.3,27.2,27.1,27.3,27.1,27.0,27.1,27.2,27.4,27.1,27.1,27.2,27.2,27.0,27.1,27.1,27.1,27.1,27.2,27.1,27.0,27.1,27.1,27.2,27.0,27.2,27.2,27.1,27.2,27.0,27.1,27.1,27.0,27.0,26.9,26.9,27.0,27.0,27.0,27.0,26.9,26.9,27.0
116,26.5,26.5,26.6,26.4,26.3,26.4,26.4,26.4,26.2,26.4,26.2,26.4,26.3,26.4,26.6,27.2,27.7,28.3,28.9,29.1,29.0,29.1,29.1,29.1,29.1,29.1,28.8,28.9,28.8,28.8,28.6,28.8,28.5,28.7,28.7,28.9,28.9,28.7,28.7,28.1,27.7,27.1,26.6,26.4,26.5,26.4,26.4,26.4,26.3,26.3,26.2,26.2,26.1,26.5,26.3,26.3,26.3,26.4,26.5,26.3,26.4,26.4,26.4,26.4,26.6,26.8,26.8,27.3,27.6,27.5,27.6,27.6,27.7,27.7,27.6,27.6,27.6,27.3,26.9,26.8,26.4,26.2,26.1,26.1,26.0,26.1,26.1,26.2,26.1,26.1,25.8,25.9,26.0,26.0,25.9,26.2,25.9,25.9,26.0,26.1,26.1,26.1,26.2,26.1,26.2,26.1,26.2,26.2,26.1,26.5,26.5,26.5,26.4,26.5,26.5,26.4,26.4,26.5,26.8,26.5,26.4,26.2,26.0,25.9,26.0,26.0,25.9,26.0,25.8,25.9,25.9,26.1,26.3,26.6,26.9,26.9,26.8,26.8,27.1,26.9,27.0,27.1,27.1,27.2,27.1,27.2,27.1,27.3,27.1,27.2,27.3,27.3,27.2,27.1,27.2,27.2,27.4,27.3,27.1,27.2,27.2,27.3,27.3,27.1,27.1,27.1,26.9,27.2,27.1,27.2,27.1,27.2,27.1,27.0,27.0,26.9,27.2,27.1,27.1,27.1,27.0,27.0,27.1,27.0,27.1,27.0,27.0,26.9,26.9,26.9,26.9,26.9
117,26.6,26.4,26.6,26.4,26.5,26.4,26.5,26.3,26.4,26.2,26.3,26.3,26.2,26.4,26.9,27.2,27.6,28.4,28.9,29.1,29.2,29.3,29.3,29.2,29.1,29.2,29.0,28.8,28.7,28.6,28.7,28.5,28.6,28.7,28.6,28.9,28.8,28.6,28.7,28.2,27.7,27.0,26.5,26.6,26.4,26.4,26.4,26.5,26.2,26.4,26.4,26.2,26.5,26.4,26.2,26.3,26.4,26.4,26.3,26.4,26.2,26.4,26.2,26.3,26.5,26.6,26.9,27.0,27.2,27.5,27.6,27.7,27.6,27.8,27.5,27.5,27.4,27.3,27.3,26.9,26.5,26.4,26.2,26.0,26.1,26.1,26.0,25.9,25.9,26.1,25.9,25.8,26.0,26.0,25.9,26.0,26.1,26.0,25.9,26.1,26.0,26.2,26.1,26.1,26.1,26.1,26.1,26.2,26.1,26.2,26.3,26.6,26.5,26.5,26.3,26.5,26.4,26.5,26.7,26.6,26.5,26.2,26.0,26.2,26.1,25.9,26.2,25.9,25.8,26.0,25.9,26.2,26.3,26.5,26.7,26.9,26.9,26.9,26.8,27.0,27.1,27.1,27.3,27.2,27.2,27.3,27.3,27.1,27.3,27.3,27.3,27.2,27.3,27.1,27.1,27.2,27.1,27.1,27.2,27.1,27.2,27.1,27.0,27.2,27.1,27.1,27.3,27.2,27.1,27.1,26.9,27.1,27.2,27.1,27.1,26.9,27.1,26.9,26.9,26.9,26.9,26.9,27.1,27.1,27.0,26.8,27.0,26.9,26.8,26.9,27.0,26.9
118,26.4,26.4,26.6,26.4,26.5,26.3,26.4,26.2,26.3,26.4,26.4,26.2,26.4,26.5,26.8,27.3,27.8,28.2,28.9,29.1,29.1,29.3,29.1,29.1,29.2,29.0,28.9,28.9,28.7,28.6,28.8,28.8,28.6,28.6,28.8,29.0,29.0,29.0,28.6,28.2,27.9,27.2,26.6,26.6,26.6,26.7,26.5,26.4,26.2,26.4,26.4,26.2,26.3,26.4,26.3,26.2,26.5,26.4,26.4,26.3,26.4,26.4,26.5,26.5,26.4,26.4,26.7,26.9,27.0,27.3,27.5,27.5,27.6,27.7,27.5,27.4,27.2,27.3,27.3,27.1,26.7,26.3,26.2,26.2,25.9,26.0,26.3,26.0,26.0,26.2,26.1,26.0,26.0,26.1,26.1,26.1,26.1,26.1,26.3,26.0,26.2,26.2,26.2,26.1,26.3,26.1,26.1,26.1,26.4,26.3,26.4,26.4,26.6,26.4,26.4,26.4,26.5,26.8,26.9,26.9,26.6,26.3,26.2,26.0,26.2,26.0,25.8,25.9,25.8,26.2,26.0,26.2,26.4,26.6,26.7,26.9,27.0,27.1,27.1,27.1,27.0,27.2,27.2,27.2,27.3,27.3,27.3,27.2,27.2,27.4,27.4,27.3,27.3,27.3,27.3,27.2,27.1,27.3,27.3,27.2,27.3,27.3,26.9,27.2,27.2,27.1,27.1,27.1,27.1,27.2,27.1,27.1,27.2,27.1,27.2,27.0,27.1,27.0,27.0,27.1,27.1,27.0,27.1,27.1,27.0,27.0,27.1,27.0,26.9,27.0,26.9,27.0
119,26.4,26.6,26.6,26.4,26.4,26.4,26.4,26.3,26.4,26.5,26.4,26.3,26.4,26.5,26.9,27.2,28.0,28.4,28.8,29.2,29.1,29.2,29.3,29.2,29.2,29.0,29.0,29.0,28.9,28.7,28.8,28.9,28.9,29.0,28.9,29.0,29.0,28.9,28.6,28.3,27.8,27.1,26.7,26.7,26.5,26.7,26.6,26.6,26.6,26.3,26.4,26.4,26.4,26.5,26.4,26.2,26.4,26.3,26.4,26.5,26.4,26.2,26.3,26.3,26.4,26.4,26.6,26.6,26.7,27.0,27.2,27.5,27.5,27.5,27.4,27.3,27.3,27.2,27.3,27.1,26.7,26.3,26.1,26.2,26.1,26.2,26.0,26.1,26.1,26.2,26.1,26.2,26.0,26.0,26.1,26.3,26.1,26.2,26.3,26.1,26.0,26.2,26.0,26.2,26.2,26.1,26.0,26.2,26.3,26.4,26.5,26.5,26.5,26.4,26.4,26.3,26.8,26.9,27.2,27.1,26.8,26.2,26.0,26.0,26.1,26.1,26.0,26.0,26.0,26.1,26.1,26.0,26.5,26.5,26.9,26.9,26.9,26.9,26.9,27.1,27.0,27.2,27.1,27.3,27.1,27.2,27.4,27.3,27.2,27.3,27.1,27.2,27.4,27.1,27.1,27.3,27.3,27.1,27.2,27.2,27.3,27.2,27.1,27.1,27.2,27.3,27.1,27.1,27.1,27.1,26.9,27.2,27.0,27.1,27.1,26.8,27.1,27.1,27.0,27.1,27.1,27.0,26.9,27.0,27.0,27.0,27.0,27.0,26.9,27.0,27.0,26.9
120,26.4,26.5,26.4,26.4,26.5,26.4,26.4,26.4,26.5,26.2,26.4,26.4,26.4,26.5,26.9,27.3,27.9,28.3,28.9,29.1,29.2,29.3,29.4,29.3,29.3,29.1,29.1,29.2,28.8,29.0,28.9,29.1,29.2,29.2,29.1,29.2,29.1,29.0,28.8,28.4,27.9,27.1,26.6,26.6,26.6,26.6,26.4,26.5,26.6,26.3,26.3,26.3,26.2,26.4,26.5,26.4,26.5,26.4,26.4,26.4,26.4,26.3,26.4,26.2,26.6,26.4,26.4,26.4,26.7,26.7,26.9,27.1,27.1,27.3,27.2,27.3,27.1,27.1,27.1,26.9,26.8,26.4,26.3,26.0,26.1,26.1,26.1,25.9,26.1,26.1,26.2,26.2,26.2,26.3,26.4,26.4,26.2,26.2,26.1,26.2,26.1,26.3,26.1,26.2,26.2,26.0,26.2,26.0,26.2,26.3,26.4,26.6,26.5,26.4,26.4,26.4,26.8,27.2,27.3,27.3,26.9,26.4,26.2,26.2,26.0,26.1,26.0,26.1,25.9,26.1,25.9,26.1,26.2,26.5,26.6,26.9,27.0,26.9,27.0,27.1,27.1,27.3,27.2,27.1,27.1,27.2,27.5,27.3,27.4,27.3,27.3,27.3,27.3,27.3,27.3,27.2,27.2,27.3,27.3,27.3,27.3,27.2,27.1,27.2,27.2,27.2,27.3,27.1,27.1,27.1,27.1,27.3,27.1,26.9,27.1,27.0,27.1,27.1,27.0,27.0,26.9,27.1,27.1,27.0,26.9,27.0,26.9,26.9,27.0,26.9,27.0,27.0
121,26.4,26.4,26.5,26.4,26.4,26.5,26.4,26.4,26.3,26.3,26.3,26.2,26.3,26.5,26.7,27.2,27.6,28.5,28.8,29.2,29.1,29.3,29.3,29.2,29.1,29.2,29.1,29.0,29.1,29.1,29.0,29.0,29.2,29.3,29.2,29.3,29.0,28.9,28.6,28.5,27.9,27.1,26.8,26.7,26.6,26.6,26.5,26.4,26.4,26.4,26.4,26.4,26.3,26.4,26.3,26.2,26.4,26.4,26.4,26.4,26.1,26.3,26.5,26.3,26.4,26.2,26.2,26.2,26.6,26.6,26.7,26.9,27.1,27.2,27.1,27.2,27.1,27.1,26.9,26.9,26.7,26.5,26.1,26.2,26.3,26.1,26.2,26.0,26.0,26.1,26.1,26.2,26.1,26.4,26.4,26.4,26.3,26.4,26.3,26.1,26.2,26.1,26.3,26.1,26.1,26.1,26.2,26.1,26.2,26.2,26.4,26.4,26.5,26.4,26.4,26.6,26.7,27.0,27.2,27.2,27.0,26.4,26.4,26.0,25.9,25.8,26.1,26.1,26.1,26.1,26.0,26.1,26.2,26.4,26.8,26.7,26.9,26.9,26.9,27.1,27.1,27.1,27.2,27.2,27.1,27.0,27.1,27.2,27.3,27.1,27.2,27.3,27.2,27.1,27.4,27.3,27.2,27.3,27.3,27.1,27.1,27.1,27.2,27.0,27.2,27.3,27.3,27.2,27.0,27.1,27.1,27.1,27.1,27.2,26.9,27.0,27.1,27.0,26.9,27.0,27.0,27.1,27.1,27.0,27.0,26.9,27.1,26.9,27.0,27.0,27.0,26.9
122,26.5,26.6,26.6,26.5,26.5,26.4,26.6,26.6,26.5,26.4,26.4,26.5,26.2,26.5,26.9,27.2,27.7,28.4,28.8,29.2,29.3,29.3,29.2,29.2,29.2,29.3,29.2,29.3,29.1,29.2,29.1,28.9,29.0,29.1,29.2,29.3,29.2,28.9,28.8,28.4,27.8,27.2,26.9,26.8,26.6,26.5,26.6,26.5,26.4,26.4,26.4,26.5,26.4,26.3,26.3,26.3,26.4,26.4,26.5,26.5,26.4,26.2,26.5,26.3,26.4,26.3,26.4,26.4,26.5,26.4,26.4,26.6,26.8,27.0,27.1,27.1,27.0,26.9,26.8,26.6,26.4,26.3,26.2,26.3,26.3,26.2,26.3,26.2,26.1,26.2,26.1,26.3,26.4,26.4,26.6,26.7,26.8,26.6,26.5,26.3,26.2,26.1,26.2,26.2,26.1,26.1,26.0,26.3,26.3,26.1,26.4,26.2,26.4,26.4,26.5,26.5,26.7,26.9,27.1,26.9,26.5,26.6,26.2,26.1,26.1,25.8,25.8,26.1,25.8,26.0,25.9,26.1,26.3,26.5,26.6,27.0,26.9,26.8,27.1,27.1,27.3,27.2,26.9,27.3,27.1,27.2,27.3,27.3,27.2,27.3,27.2,27.2,27.3,27.2,27.2,27.0,27.3,27.2,27.3,27.2,27.3,27.2,27.2,27.2,27.1,27.1,27.2,27.1,27.2,27.0,27.2,27.2,27.0,27.1,27.1,27.0,27.1,27.0,27.0,27.1,27.0,27.0,27.1,27.1,26.9,26.9,27.0,27.0,26.9,27.0,26.8,26.9
123,26.5,26.6,26.6,26.5,26.5,26.4,26.4,26.5,26.4,26.3,26.5,26.5,26.6,26.6,26.8,27.2,27.7,28.4,28.9,29.2,29.2,29.1,29.2,29.1,29.3,29.2,29.2,29.2,29.1,29.2,29.1,29.2,29.1,29.1,29.1,29.3,29.2,29.2,28.8,28.6,27.8,27.3,26.8,26.6,26.7,26.7,26.5,26.4,26.3,26.4,26.4,26.4,26.4,26.3,26.3,26.4,26.4,26.4,26.4,26.2,26.3,26.3,26.3,26.2,26.3,26.2,26.3,26.4,26.4,26.4,26.5,26.5,26.7,26.8,26.9,26.9,26.9,26.8,26.6,26.4,26.3,26.5,26.4,26.2,26.1,26.0,26.3,26.2,26.3,26.4,26.1,26.2,26.4,26.4,26.8,26.9,27.0,26.8,26.7,26.4,26.5,26.3,26.2,26.2,26.0,26.1,26.1,26.2,26.3,26.3,26.2,26.3,26.4,26.3,26.3,26.3,26.6,26.6,26.8,26.7,26.6,26.3,26.2,26.3,26.1,26.2,26.1,26.2,25.9,26.0,26.2,26.2,26.4,26.4,26.7,26.9,26.8,27.1,27.0,26.9,27.1,27.1,27.2,27.3,27.3,27.3,27.3,27.1,27.1,27.2,27.3,27.3,27.4,27.3,27.3,27.2,27.2,27.2,27.2,27.3,27.2,27.2,27.3,27.2,27.1,27.2,27.2,27.3,27.2,27.1,27.3,27.3,27.2,27.1,27.1,27.0,27.1,27.1,27.1,27.1,27.1,27.1,27.1,27.1,27.0,27.0,27.1,27.1,26.9,27.1,27.1,27.0
124,26.4,26.4,26.5,26.5,26.5,26.3,26.4,26.7,26.3,26.3,26.4,26.3,26.4,26.5,26.9,27.3,27.7,28.3,29.0,29.0,29.4,29.1,29.3,29.2,29.3,29.1,29.1,29.2,29.0,29.2,29.1,29.2,29.0,29.2,29.1,29.0,29.2,29.1,28.8,28.4,28.0,27.1,26.7,26.8,26.6,26.7,26.6,26.4,26.4,26.5,26.4,26.3,26.3,26.3,26.4,26.5,26.3,26.5,26.4,26.4,26.3,26.2,26.3,26.3,26.4,26.3,26.3,26.2,26.4,26.2,26.2,26.6,26.4,26.6,26.6,26.6,26.6,26.4,26.3,26.3,26.1,26.1,26.3,26.3,26.1,26.1,26.2,26.1,26.0,26.2,26.1,26.1,26.4,26.4,26.6,26.9,26.9,26.7,26.7,26.4,26.4,26.3,26.1,26.3,26.2,26.2,26.0,26.1,26.0,26.1,26.3,26.3,26.2,26.2,26.5,26.3,26.2,26.3,26.4,26.5,26.3,26.1,26.0,26.1,26.1,26.0,25.9,25.9,25.9,26.0,26.0,26.0,26.2,26.4,26.7,27.0,26.9,27.1,27.0,27.1,27.1,27.1,27.1,27.1,27.1,27.3,27.3,27.3,27.2,27.3,27.3,27.2,27.3,27.3,27.3,27.2,27.3,27.2,27.1,27.2,27.3,27.3,27.2,27.3,27.2,27.2,27.1,27.1,27.1,27.1,27.1,27.3,27.1,27.0,27.1,27.0,27.0,27.1,27.0,27.1,27.1,27.0,27.1,27.1,26.8,27.0,27.0,26.9,26.9,26.9,26.8,26.9
125,26.4,26.4,26.5,26.6,26.5,26.3,26.4,26.5,26.4,26.5,26.3,26.4,26.4,26.5,26.8,27.2,27.8,28.4,29.0,29.2,29.3,29.2,29.1,29.3,29.2,29.2,29.1,29.4,29.4,29.1,29.2,29.3,29.1,29.0,29.1,29.2,29.0,28.9,28.8,28.6,28.0,27.4,26.8,26.6,26.6,26.6,26.5,26.6,26.3,26.4,26.4,26.4,26.4,26.3,26.3,26.2,26.4,26.4,26.4,26.4,26.2,26.3,26.4,26.3,26.3,26.4,26.3,26.3,26.2,26.4,26.4,26.4,26.2,26.4,26.4,26.5,26.3,26.4,26.4,26.2,26.2,26.2,26.3,26.0,26.2,26.3,26.2,26.0,26.2,26.3,26.2,26.2,26.3,26.5,26.5,26.9,26.7,26.8,26.4,26.4,26.2,26.3,26.1,26.1,26.1,26.1,26.1,26.1,26.2,26.2,26.1,26.3,26.2,26.3,26.3,26.1,26.1,26.0,26.2,26.2,26.1,26.0,25.9,26.1,26.1,25.9,26.1,26.2,26.0,26.0,26.0,26.1,26.4,26.5,26.6,26.7,27.0,27.0,27.1,26.9,27.2,27.2,27.2,27.2,27.2,27.2,27.1,27.2,27.3,27.2,27.2,27.5,27.4,27.3,27.3,27.3,27.2,27.3,27.3,27.2,27.2,27.2,27.2,27.1,27.1,27.2,27.2,27.1,27.1,27.2,27.1,27.1,27.1,27.2,27.0,26.9,27.1,27.1,26.9,27.0,26.9,26.9,27.1,27.1,27.0,26.9,27.0,26.9,27.0,27.0,26.8,27.0
126,26.6,26.6,26.6,26.6,26.6,26.6,26.5,26.5,26.5,26.5,26.3,26.6,26.6,26.6,26.9,27.3,27.7,28.4,29.1,29.1,29.2,29.1,29.3,29.2,29.1,29.2,29.4,29.2,29.1,29.2,29.1,29.2,29.2,29.0,29.2,29.2,29.2,29.1,28.9,28.5,28.0,27.3,26.9,26.8,26.7,26.8,26.7,26.4,26.6,26.3,26.4,26.3,26.4,26.4,26.4,26.2,26.5,26.2,26.4,26.4,26.3,26.5,26.4,26.6,26.5,26.3,26.4,26.3,26.4,26.5,26.3,26.2,26.3,26.4,26.2,26.4,26.3,26.4,26.2,26.3,26.3,26.3,26.2,26.2,26.3,26.1,26.2,26.3,26.2,26.3,26.2,26.3,26.2,26.4,26.5,26.6,26.5,26.5,26.3,26.2,26.2,26.1,26.2,26.2,26.2,26.0,26.0,26.1,26.1,26.3,26.2,26.2,26.2,26.2,26.3,26.2,26.2,26.2,26.2,26.0,26.0,26.1,26.2,26.1,26.0,25.9,26.0,26.0,25.8,26.0,26.2,26.2,26.4,26.4,26.9,27.0,27.0,26.9,27.1,27.0,27.3,27.2,27.2,27.2,27.3,27.1,27.1,27.3,27.4,27.3,27.3,27.3,27.4,27.3,27.4,27.3,27.3,27.3,27.3,27.3,27.2,27.2,27.4,27.2,27.3,27.3,27.2,27.2,27.1,27.2,27.1,27.1,27.1,27.1,27.1,27.1,27.0,26.9,27.0,27.0,27.1,27.0,27.1,27.1,27.1,26.9,27.1,27.1,26.9,27.0,27.1,26.9
127,26.6,26.5,26.5,26.5,26.5,26.4,26.5,26.4,26.4,26.5,26.4,26.4,26.5,26.4,26.9,27.2,27.6,28.4,28.8,29.1,29.2,29.2,29.4,29.3,29.2,29.1,29.2,29.2,29.2,29.2,29.1,29.2,29.2,29.2,29.1,29.3,29.2,29.0,28.7,28.4,28.0,27.2,26.7,26.7,26.6,26.6,26.6,26.5,26.5,26.4,26.5,26.4,26.3,26.4,26.3,26.4,26.4,26.3,26.3,26.4,26.4,26.4,26.4,26.4,26.4,26.2,26.2,26.3,26.3,26.2,26.2,26.5,26.3,26.1,26.2,26.2,26.1,26.2,26.1,26.2,26.2,26.1,26.1,26.1,26.2,26.1,26.1,26.2,26.2,26.2,26.1,26.3,26.2,26.4,26.3,26.5,26.4,26.3,26.2,26.1,26.1,26.3,26.0,26.0,25.9,26.0,26.2,26.2,26.1,26.1,25.9,26.2,26.1,26.2,26.2,26.1,26.0,26.0,26.1,26.0,26.2,25.9,26.1,26.0,25.9,25.9,25.9,26.0,25.9,26.1,26.0,26.2,26.1,26.4,26.7,26.8,26.8,26.9,27.0,27.0,27.2,27.1,27.3,27.3,27.2,27.0,27.3,27.3,27.3,27.1,27.3,27.3,27.2,27.1,27.3,27.2,27.1,27.2,27.3,27.3,27.3,27.2,27.2,27.1,27.1,27.3,27.2,27.1,27.1,27.2,27.2,27.2,27.0,27.0,27.1,27.1,27.1,26.9,27.1,27.2,27.1,27.1,27.1,27.1,27.1,27.3,27.0,27.1,27.0,27.1,27.1,26.9
128,26.6,26.5,26.7,26.7,26.4,26.5,26.4,26.5,26.5,26.4,26.4,26.5,26.5,26.6,26.9,27.2,27.8,28.4,28.9,29.2,29.2,29.3,29.2,29.3,29.1,29.3,29.0,29.1,29.3,29.1,29.2,29.2,29.1,29.2,29.3,29.2,29.0,29.0,28.8,28.4,28.0,27.4,26.9,26.6,26.7,26.6,26.7,26.4,26.4,26.5,26.5,26.4,26.4,26.5,26.2,26.3,26.4,26.2,26.3,26.6,26.4,26.4,26.4,26.3,26.5,26.3,26.3,26.3,26.3,26.3,26.3,26.3,26.4,26.4,26.3,26.2,26.2,26.2,26.2,26.2,26.2,26.2,26.2,26.1,26.1,26.0,26.1,26.1,26.3,26.1,26.2,26.2,26.3,26.3,26.4,26.3,26.2,26.2,26.1,26.1,26.2,26.1,26.0,25.9,26.1,26.2,26.0,26.0,26.0,26.0,26.0,26.2,26.2,26.3,26.2,26.2,26.2,26.3,26.1,26.2,26.1,26.0,26.0,26.2,26.0,26.2,26.0,26.1,26.0,26.0,26.0,26.0,26.2,26.4,26.5,26.6,26.7,26.8,27.1,27.0,27.1,27.1,27.2,27.3,27.2,27.1,27.3,27.1,27.3,27.4,27.1,27.2,27.3,27.3,27.3,27.3,27.1,27.1,27.2,27.3,27.1,27.3,27.4,27.3,27.1,27.3,27.3,27.1,27.1,27.1,27.0,27.2,27.2,27.1,27.2,27.0,26.9,27.2,27.0,27.1,27.0,27.2,27.1,27.0,26.9,27.0,26.9,27.1,26.8,27.0,27.0,26.8
129,26.6,26.6,26.7,26.5,26.5,26.4,26.4,26.4,26.3,26.4,26.3,26.4,26.5,26.4,26.8,27.2,27.5,28.6,28.8,29.0,29.2,29.2,29.2,29.4,29.0,29.2,29.2,29.1,29.0,29.1,29.2,29.2,29.0,29.2,29.1,29.3,29.2,29.2,28.9,28.4,27.8,27.2,26.8,26.6,26.7,26.6,26.6,26.6,26.4,26.3,26.4,26.6,26.4,26.5,26.3,26.4,26.3,26.4,26.4,26.4,26.3,26.3,26.3,26.6,26.4,26.3,26.4,26.3,26.3,26.3,26.2,26.3,26.0,26.4,26.2,26.2,26.1,26.2,26.0,26.3,26.2,26.0,26.0,26.2,26.1,26.2,26.2,26.1,26.2,26.0,26.1,26.2,26.2,26.2,26.2,26.4,26.1,26.2,26.1,25.9,26.1,25.9,25.9,26.0,26.1,26.1,26.1,26.1,26.1,26.1,26.1,26.2,26.1,26.3,26.5,26.3,26.2,26.2,26.4,26.2,26.2,26.1,26.1,25.9,25.9,26.1,26.0,25.7,25.9,26.0,26.0,26.0,26.2,26.5,26.7,26.7,26.8,27.0,27.0,27.1,27.0,27.1,27.1,27.2,27.1,27.2,27.2,27.3,27.2,27.5,27.3,27.3,27.3,27.2,27.3,27.1,27.3,27.3,27.3,27.2,27.1,27.1,27.1,27.2,27.2,27.1,27.1,27.1,27.2,27.1,27.2,27.1,27.1,27.0,26.9,27.2,27.0,26.9,27.0,27.1,27.1,27.0,26.9,27.0,27.1,26.9,27.0,27.0,27.0,26.9,26.9,26.9
130,26.6,26.6,26.7,26.4,26.4,26.5,26.6,26.5,26.4,26.5,26.5,26.4,26.4,26.6,26.8,27.2,27.8,28.4,28.9,29.1,29.2,29.2,29.2,29.2,29.4,29.1,29.1,29.2,29.0,29.0,28.9,28.9,29.0,29.1,29.2,29.3,29.1,29.1,28.8,28.3,28.0,27.3,26.9,26.6,26.6,26.6,26.4,26.5,26.3,26.4,26.3,26.4,26.4,26.5,26.4,26.4,26.3,26.4,26.4,26.4,26.3,26.5,26.4,26.2,26.5,26.1,26.2,26.4,26.4,26.3,26.3,26.1,26.2,26.2,26.2,26.0,26.1,26.0,26.0,26.2,26.1,26.2,26.2,26.2,26.2,26.1,26.1,26.2,26.3,26.2,26.2,26.3,26.2,26.3,26.3,26.2,26.1,26.1,26.2,26.0,26.2,26.0,26.0,26.0,26.1,26.1,25.9,26.2,26.1,26.0,26.0,26.1,26.2,26.3,26.3,26.4,26.5,26.5,26.6,26.3,26.3,26.1,26.2,26.0,26.1,26.1,26.1,26.0,26.0,25.9,26.0,26.1,26.2,26.5,26.6,26.8,26.9,26.9,27.0,27.1,27.1,27.3,27.3,27.2,27.3,27.2,27.3,27.3,27.3,27.1,27.2,27.3,27.3,27.3,27.3,27.3,27.4,27.4,27.2,27.1,27.3,27.2,27.3,27.2,27.2,27.2,27.1,27.2,27.3,27.0,27.2,27.2,27.1,27.1,27.0,27.0,27.1,26.9,27.0,27.0,27.0,26.9,27.0,27.0,27.1,26.9,27.0,26.9,26.8,26.8,26.9,26.9
131,26.7,26.6,26.6,26.5,26.4,26.5,26.5,26.5,26.6,26.4,26.3,26.4,26.4,26.5,26.6,27.1,27.7,28.4,28.9,29.2,29.1,29.3,29.1,29.1,29.2,29.1,29.1,29.1,28.9,28.9,28.8,29.0,28.8,28.9,28.9,29.2,29.0,29.0,28.8,28.4,27.8,27.1,26.7,26.7,26.6,26.6,26.5,26.5,26.5,26.4,26.4,26.4,26.4,26.4,26.2,26.4,26.4,26.4,26.4,26.3,26.4,26.4,26.3,26.5,26.4,26.3,26.2,26.4,26.4,26.2,26.3,26.2,26.2,26.2,26.2,26.3,26.2,26.2,26.1,26.1,26.3,26.2,26.2,26.2,26.1,26.2,26.1,26.0,26.2,26.3,26.3,26.2,26.3,26.1,26.3,26.1,26.2,26.0,26.0,26.1,26.1,26.1,26.1,26.1,25.9,26.0,26.0,26.1,26.1,26.1,26.1,25.8,26.1,26.3,26.5,26.6,26.5,26.5,26.5,26.4,26.4,26.1,26.2,26.0,25.9,26.1,26.0,25.9,25.8,26.0,25.9,26.2,26.2,26.4,26.6,26.6,26.9,26.9,27.0,27.0,27.2,27.1,27.3,27.0,27.1,27.2,27.3,27.2,27.3,27.3,27.1,27.2,27.1,27.3,27.1,27.1,27.2,27.3,27.2,27.3,27.2,27.2,27.2,27.1,27.1,27.2,27.3,27.1,27.1,27.2,27.1,27.1,27.3,27.1,27.2,27.2,27.1,27.0,27.1,27.1,26.9,27.0,27.0,27.0,27.1,27.0,26.9,26.9,26.9,26.9,27.1,27.1
132,26.4,26.4,26.4,26.5,26.4,26.5,26.4,26.6,26.4,26.3,26.3,26.2,26.4,26.5,26.8,27.1,27.7,28.2,28.8,29.2,29.2,29.2,29.1,29.1,29.1,29.1,29.0,28.8,28.8,28.8,28.6,28.9,28.8,28.9,29.0,29.1,29.0,29.0,28.8,28.3,28.0,27.3,26.9,26.6,26.6,26.7,26.5,26.5,26.3,26.3,26.4,26.3,26.4,26.4,26.3,26.2,26.3,26.3,26.6,26.4,26.2,26.2,26.4,26.4,26.2,26.3,26.2,26.1,26.3,26.2,26.2,26.3,26.4,26.4,25.9,26.2,26.2,26.1,26.1,26.3,26.1,26.2,26.1,26.2,26.2,26.2,26.1,26.2,26.2,26.4,26.2,26.2,26.1,26.2,26.3,26.3,26.3,26.0,26.1,26.0,26.1,26.2,25.8,25.9,26.0,26.0,26.1,26.0,25.9,26.1,26.0,26.0,26.2,26.3,26.3,26.5,26.4,26.7,26.3,26.5,26.2,26.2,26.2,25.9,26.1,26.0,25.8,25.9,26.0,25.8,25.9,26.0,26.1,26.4,26.5,26.8,26.9,26.8,27.0,27.0,27.1,27.1,27.2,27.1,27.3,27.1,27.3,27.3,27.2,27.3,27.2,27.3,27.4,27.2,27.3,27.2,27.2,27.4,27.2,27.1,27.3,27.3,27.1,27.1,27.1,27.1,27.1,27.2,27.1,27.1,27.1,27.1,27.2,27.0,27.1,26.9,27.0,27.0,27.1,27.0,26.9,27.0,26.9,27.0,27.0,27.0,27.0,27.1,26.9,26.9,27.0,27.0
133,26.6,26.6,26.6,26.5,26.5,26.4,26.5,26.5,26.4,26.4,26.5,26.5,26.5,26.5,26.8,27.3,27.5,28.2,28.8,29.1,29.1,29.2,29.3,29.0,29.0,29.1,29.1,29.0,29.0,28.8,28.9,28.8,29.0,29.2,29.0,28.8,28.9,28.9,28.8,28.4,28.0,27.2,27.0,26.8,26.5,26.6,26.4,26.5,26.3,26.2,26.4,26.3,26.4,26.3,26.2,26.3,26.4,26.3,26.5,26.5,26.4,26.3,26.3,26.4,26.3,26.2,26.4,26.2,26.2,26.3,26.2,26.3,26.1,26.3,26.3,26.0,26.1,26.2,26.0,26.3,26.1,26.2,26.2,26.2,26.2,26.2,26.1,26.3,26.2,26.3,26.3,26.2,26.2,26.4,26.3,26.1,26.2,26.2,26.1,26.1,26.0,26.1,26.0,26.2,25.9,26.1,26.1,26.1,25.8,26.0,26.1,26.1,26.1,26.1,26.3,26.4,26.5,26.4,26.5,26.4,26.2,26.4,26.2,26.0,26.0,26.2,25.9,26.0,25.9,26.0,25.8,26.2,26.4,26.4,26.6,26.7,26.9,27.0,26.9,27.0,27.2,27.2,26.9,27.2,27.2,27.4,27.2,27.2,27.2,27.3,27.2,27.1,27.2,27.3,27.4,27.2,27.3,27.3,27.3,27.1,27.3,27.3,27.1,27.2,27.1,27.2,27.1,27.1,27.4,27.2,27.1,27.2,27.1,27.1,27.2,27.1,27.2,27.1,27.3,27.0,27.0,27.1,27.2,26.9,27.0,26.9,27.0,27.1,27.0,27.0,26.9,27.0
134,26.6,26.5,26.5,26.7,26.6,26.6,26.4,26.5,26.3,26.5,26.4,26.3,26.5,26.4,26.7,27.2,27.5,28.1,28.7,29.1,29.1,29.2,29.2,29.0,29.1,29.1,29.0,29.2,29.2,29.0,28.9,29.1,28.9,29.1,28.9,28.8,28.7,28.6,28.4,28.2,28.0,27.4,27.1,26.7,26.5,26.5,26.4,26.2,26.3,26.2,26.1,26.4,26.2,26.4,26.3,26.3,26.3,26.3,26.2,26.3,26.4,26.3,26.3,26.4,26.2,26.3,26.2,26.3,26.2,26.2,26.2,26.2,26.2,26.2,26.2,26.2,26.1,26.2,26.2,26.2,26.2,26.1,26.3,26.0,26.2,26.2,26.2,26.3,26.3,26.1,26.3,26.0,26.3,26.1,26.0,26.1,26.2,26.1,26.0,26.3,25.9,26.0,26.0,26.0,25.9,25.9,25.9,26.0,25.9,26.1,25.9,25.9,26.1,26.0,26.2,26.2,26.1,26.2,26.6,26.4,26.5,26.2,26.2,26.0,25.9,26.0,25.9,26.0,25.9,26.1,25.9,26.0,26.0,26.4,26.5,26.7,26.8,26.8,27.0,26.9,26.8,26.9,27.0,27.3,27.1,27.2,27.3,27.2,27.3,27.1,27.3,27.2,27.4,27.1,27.2,27.2,27.1,27.2,27.1,27.3,27.1,27.1,27.2,27.2,27.1,27.1,27.1,27.2,27.1,27.2,27.1,27.1,27.1,27.2,27.1,26.9,27.1,27.0,26.9,27.1,26.9,26.9,26.9,26.9,26.9,26.9,26.9,26.8,27.0,26.9,26.9,26.8
135,26.5,26.6,26.6,26.5,26.5,26.6,26.7,26.5,26.4,26.4,26.5,26.3,26.4,26.4,26.8,27.1,27.5,28.2,28.6,29.0,29.2,29.2,29.2,29.4,29.1,29.3,29.2,29.2,29.2,29.0,28.9,29.2,29.1,29.2,28.9,28.8,28.6,28.1,28.2,28.1,27.9,27.8,27.5,27.0,26.5,26.4,26.4,26.3,26.2,26.4,26.3,26.4,26.5,26.4,26.3,26.4,26.5,26.3,26.3,26.4,26.2,26.2,26.3,26.3,26.4,26.2,26.2,26.2,26.2,26.2,26.2,26.3,26.2,26.4,26.1,26.2,26.2,26.1,26.0,26.3,26.0,26.1,26.2,26.1,26.3,26.0,26.2,26.2,26.1,26.2,26.3,26.0,26.2,26.3,26.2,26.4,26.1,26.0,26.1,26.1,26.1,26.1,26.1,26.0,26.1,26.1,26.1,26.0,26.0,26.1,26.0,26.0,26.0,26.0,26.2,26.2,26.1,26.2,26.6,26.7,26.5,26.6,26.2,26.0,26.1,26.1,26.1,26.0,26.0,26.1,26.0,25.9,26.2,26.3,26.4,26.6,26.9,27.0,26.9,26.9,27.1,27.1,27.1,27.1,27.1,27.2,27.2,27.3,27.3,27.3,27.2,27.2,27.1,27.3,27.1,27.0,27.2,27.3,27.1,27.3,27.1,27.1,27.1,27.2,27.1,27.1,27.3,27.1,27.1,26.9,27.2,27.2,27.1,27.1,27.0,27.1,27.1,27.2,26.9,27.1,27.0,26.9,26.9,27.0,27.0,27.1,26.9,27.0,26.9,26.8,27.0,27.0
136,26.5,26.4,26.4,26.4,26.6,26.4,26.4,26.6,26.4,26.4,26.4,26.4,26.4,26.4,26.6,27.0,27.4,27.9,28.6,29.0,29.0,29.0,29.2,29.1,29.1,29.0,28.9,29.3,29.2,29.0,29.1,29.2,29.0,29.0,28.8,28.5,28.1,27.8,27.7,27.7,27.7,27.7,27.6,27.2,26.5,26.4,26.4,26.3,26.3,26.3,26.4,26.4,26.3,26.5,26.6,26.4,26.7,26.6,26.5,26.4,26.4,26.4,26.3,26.3,26.1,26.1,26.3,26.2,26.2,26.1,26.2,26.2,26.2,26.2,26.3,26.3,26.2,26.2,26.2,26.2,26.1,26.1,26.1,25.9,26.4,26.1,26.2,26.2,26.1,26.3,26.2,26.3,26.3,26.4,26.1,26.1,25.9,26.1,26.2,26.2,26.2,26.0,25.9,26.2,25.8,26.1,26.1,26.1,26.1,25.8,26.1,26.0,26.0,26.0,26.0,26.2,26.1,26.4,26.5,26.6,26.7,26.4,26.4,26.1,25.9,26.0,25.9,25.8,26.0,26.0,25.9,26.1,26.2,26.5,26.4,26.8,26.8,26.9,26.9,27.0,27.0,27.0,27.1,27.2,27.1,27.1,27.2,27.2,27.2,27.1,27.4,27.1,27.2,27.1,27.2,27.2,27.1,27.2,27.1,27.1,27.2,27.3,27.1,27.1,26.9,27.0,27.1,27.1,27.1,26.9,27.1,27.1,27.0,27.1,27.2,27.1,27.0,27.0,27.0,26.9,27.1,26.9,26.9,27.0,27.0,26.9,26.9,26.9,27.0,26.9,26.9,26.9
137,26.5,26.5,26.6,26.6,26.5,26.6,26.5,26.4,26.2,26.4,26.5,26.3,26.3,26.4,26.5,26.8,27.3,27.7,28.4,28.7,28.8,28.9,28.8,29.0,29.0,29.0,29.0,29.0,29.1,28.9,29.0,28.8,28.8,28.8,28.4,28.1,27.9,27.7,27.5,27.4,27.7,27.6,27.5,26.9,26.6,26.5,26.4,26.4,26.3,26.3,26.4,26.5,26.7,26.9,27.1,27.2,27.1,26.9,26.8,26.6,26.4,26.4,26.4,26.4,26.4,26.2,26.2,26.2,26.1,26.2,26.1,26.4,26.2,26.2,26.1,26.0,26.2,26.3,26.2,26.2,26.1,26.1,26.2,26.2,26.3,26.2,26.3,26.1,26.4,26.1,26.2,26.2,26.3,26.1,26.2,26.2,26.1,26.1,26.1,26.1,26.0,26.1,26.2,26.1,26.2,26.1,26.2,26.2,25.9,26.1,25.9,25.8,26.0,26.2,26.1,26.1,26.2,26.3,26.4,26.5,26.5,26.4,26.4,26.1,25.9,26.0,26.1,26.1,25.8,25.9,26.0,25.9,26.1,26.4,26.7,26.9,26.9,26.9,26.9,27.0,27.0,27.2,27.0,27.1,27.0,27.3,27.3,27.1,27.3,27.1,27.3,27.3,27.2,27.3,27.2,27.2,27.3,27.2,27.2,27.1,27.2,27.2,27.2,27.1,27.2,27.2,27.1,27.0,27.3,27.2,27.0,27.2,27.3,26.9,27.1,27.1,27.1,26.9,27.0,27.1,27.0,27.0,27.1,27.2,27.1,27.1,26.9,26.9,26.9,27.0,26.9,27.0
138,26.6,26.5,26.7,26.6,26.6,26.4,26.3,26.4,26.6,26.6,26.4,26.4,26.4,26.5,26.4,26.6,26.9,27.3,27.7,28.0,28.2,28.5,28.6,28.6,28.6,28.5,28.3,28.2,28.2,28.4,28.2,28.0,28.1,28.0,27.7,27.6,27.4,27.3,27.1,27.4,27.4,27.3,27.1,26.8,26.5,26.4,26.3,26.4,26.4,26.2,26.5,26.8,27.2,27.3,27.6,27.6,27.7,27.6,27.3,26.9,26.8,26.2,26.5,26.4,26.4,26.3,26.2,26.3,26.2,26.2,26.3,26.2,26.2,26.2,26.1,26.2,26.3,26.3,26.4,26.2,26.3,26.2,26.1,26.3,26.2,26.2,26.3,26.2,26.3,26.2,26.1,26.2,26.2,26.2,26.2,26.1,26.0,26.0,26.0,26.2,26.2,26.1,26.2,26.1,26.2,26.1,26.2,26.1,26.0,26.1,26.1,26.0,25.9,26.1,26.1,26.2,26.3,26.2,26.2,26.4,26.4,26.2,26.3,26.1,25.9,26.0,25.9,26.0,26.1,25.9,25.9,26.1,26.2,26.4,26.5,26.6,26.9,26.8,27.0,27.1,27.0,27.0,27.1,27.0,27.1,27.3,27.1,27.3,27.1,27.2,27.2,27.2,27.2,27.1,27.1,27.1,27.3,27.2,27.3,27.2,27.2,27.3,27.2,27.2,27.1,27.1,27.1,27.0,27.1,27.2,27.0,27.1,27.0,27.0,27.1,27.0,27.2,27.0,27.1,27.1,26.9,27.0,27.0,27.0,26.9,27.1,27.0,26.9,26.9,26.9,26.9,26.9
139,26.6,26.5,26.6,26.5,26.5,26.7,26.4,26.6,26.4,26.4,26.4,26.5,26.4,26.3,26.5,26.6,26.7,27.1,27.3,27.8,27.7,27.9,27.8,27.9,27.9,28.0,27.8,27.9,27.6,27.5,27.5,27.5,27.2,27.3,27.1,26.9,27.1,26.9,27.0,27.1,27.1,27.1,26.9,26.6,26.6,26.5,26.4,26.3,26.4,26.6,26.8,27.1,27.6,27.9,27.9,27.8,28.0,27.8,28.0,27.7,27.3,26.8,26.6,26.5,26.4,26.2,26.3,26.1,26.4,26.4,26.3,26.2,26.3,26.3,26.2,26.4,26.2,26.3,26.3,26.3,26.6,26.2,26.1,26.2,26.1,26.2,26.2,26.3,26.3,26.2,26.3,26.3,26.3,26.2,26.2,26.3,26.2,26.2,26.2,26.2,26.1,26.1,26.1,26.3,26.1,26.2,26.1,26.1,26.2,26.2,26.3,26.1,26.2,26.3,26.2,26.2,26.2,26.0,26.2,26.2,26.3,26.1,26.2,26.1,26.0,26.1,26.2,26.1,26.0,26.1,25.9,26.2,26.1,26.4,26.6,26.7,26.9,27.0,26.9,26.9,27.1,27.0,27.1,27.3,27.2,27.3,27.3,27.3,27.3,27.3,27.3,27.3,27.3,27.3,27.3,27.1,27.2,27.2,27.1,27.3,27.3,27.2,27.3,27.1,27.2,27.1,27.1,27.0,27.3,27.3,27.2,27.0,27.1,27.2,27.1,27.0,27.2,27.2,27.0,27.1,27.0,27.0,27.0,27.2,27.2,27.1,27.0,27.0,27.0,27.0,27.0,26.9
140,26.8,26.5,26.6,26.6,26.5,26.6,26.6,26.5,26.4,26.6,26.4,26.5,26.4,26.5,26.6,26.5,26.4,26.9,27.0,27.4,27.6,27.7,27.7,27.7,27.7,27.6,27.5,27.4,27.3,26.9,26.9,26.9,26.9,26.8,26.9,26.8,26.7,26.7,26.9,26.8,26.8,26.6,26.7,26.6,26.5,26.6,26.5,26.6,26.5,26.6,26.8,27.4,27.8,28.2,27.9,27.7,27.8,28.0,28.0,28.2,27.8,27.1,26.7,26.5,26.3,26.4,26.3,26.3,26.2,26.3,26.3,26.2,26.4,26.3,26.4,26.4,26.3,26.4,26.2,26.3,26.2,26.4,26.1,26.2,26.3,26.3,26.2,26.4,26.4,26.5,26.4,26.4,26.4,26.4,26.5,26.4,26.2,26.3,26.4,26.2,26.3,26.3,26.3,26.2,26.0,26.1,26.1,26.0,26.1,26.1,26.2,26.3,26.2,26.3,26.2,26.2,26.2,26.1,26.1,26.1,26.2,26.1,26.0,26.0,26.1,26.0,26.2,26.0,25.9,26.1,26.1,26.0,26.2,26.5,26.6,26.9,26.9,27.1,26.9,27.0,27.1,27.2,27.1,27.2,27.2,27.3,27.4,27.2,27.3,27.3,27.3,27.0,27.3,27.3,27.2,27.2,27.2,27.2,27.2,27.1,27.2,27.2,27.3,27.1,27.2,27.1,27.1,27.2,27.1,27.2,27.1,27.1,27.1,27.2,27.1,27.1,27.1,27.0,27.1,27.2,27.2,27.1,27.1,27.2,27.1,27.1,27.0,27.1,27.0,26.9,27.1,27.1
141,26.6,26.5,26.6,26.6,26.6,26.3,26.6,26.5,26.4,26.4,26.5,26.4,26.4,26.4,26.4,26.4,26.5,26.6,26.9,27.2,27.5,27.5,27.4,27.5,27.5,27.4,27.3,27.0,27.0,26.6,26.6,26.8,26.5,26.8,26.6,26.5,26.6,26.5,26.4,26.6,26.5,26.4,26.5,26.5,26.5,26.6,26.4,26.5,26.4,26.7,27.1,27.6,27.8,27.9,27.8,27.7,27.7,27.8,28.1,28.4,28.0,27.2,26.6,26.4,26.4,26.2,26.4,26.3,26.4,26.3,26.2,26.4,26.5,26.4,26.5,26.6,26.6,26.4,26.3,26.2,26.4,26.4,26.5,26.2,26.4,26.4,26.4,26.4,26.4,26.3,26.4,26.4,26.4,26.6,26.6,26.6,26.5,26.6,26.4,26.5,26.7,26.6,26.5,26.3,26.3,26.0,26.1,26.2,26.0,26.1,26.2,26.2,26.3,26.3,26.3,26.2,26.1,25.9,26.2,26.1,26.0,26.1,26.1,26.0,25.9,26.1,26.0,26.0,26.0,26.1,26.0,26.2,26.2,26.3,26.5,26.7,26.9,26.9,27.1,26.9,27.1,27.1,26.9,27.1,27.2,27.2,27.3,27.2,27.3,27.3,27.3,27.3,27.3,27.3,27.2,27.3,27.2,27.3,27.2,27.2,27.2,27.3,27.2,27.1,27.2,27.2,27.2,27.1,27.3,27.3,27.1,27.1,27.3,27.1,27.1,27.1,27.1,27.3,27.3,27.0,27.0,27.2,27.1,27.0,27.1,26.9,26.9,27.0,27.0,26.9,26.9,27.0
142,26.6,26.5,26.8,26.7,26.4,26.5,26.3,26.6,26.4,26.5,26.6,26.4,26.4,26.5,26.5,26.5,26.5,26.9,27.0,27.2,27.3,27.4,27.4,27.5,27.6,27.4,27.2,27.0,26.9,26.6,26.7,26.6,26.6,26.6,26.5,26.4,26.5,26.5,26.4,26.4,26.5,26.4,26.7,26.6,26.4,26.5,26.2,26.4,26.6,26.8,27.1,27.6,28.0,27.6,27.6,27.6,27.8,28.0,28.1,28.4,28.3,27.0,26.6,26.4,26.6,26.4,26.3,26.3,26.4,26.3,26.3,26.4,26.4,26.6,26.5,26.6,26.4,26.6,26.4,26.4,26.4,26.5,26.6,26.6,26.7,26.7,26.6,26.7,26.5,26.5,26.6,26.5,26.5,26.8,26.7,26.7,26.8,26.6,26.7,26.6,26.4,26.5,26.5,26.3,26.2,26.2,26.1,26.3,26.2,26.3,26.2,26.2,26.4,26.3,26.2,26.2,26.1,26.2,26.2,26.1,26.1,26.1,26.1,25.9,25.8,26.0,26.0,26.0,26.0,25.9,25.8,25.9,26.1,26.4,26.5,26.7,26.8,26.9,27.1,26.9,27.2,27.1,27.1,27.1,27.2,27.3,27.2,27.1,27.3,27.3,27.3,27.3,27.1,27.2,27.3,27.2,27.2,27.2,27.2,27.3,27.1,27.2,27.1,27.3,27.1,27.2,27.2,27.2,27.0,27.2,27.2,27.2,27.2,26.9,27.0,27.0,27.1,27.0,27.0,27.0,27.0,27.1,27.0,27.0,27.0,26.9,26.9,27.0,27.1,27.0,26.8,26.9
143,26.6,26.6,26.6,26.6,26.4,26.6,26.6,26.7,26.5,26.4,26.5,26.5,26.6,26.6,26.6,26.7,26.6,26.8,27.1,27.3,27.3,27.3,27.5,27.4,27.4,27.2,27.3,27.1,26.9,26.7,26.6,26.6,26.6,26.6,26.7,26.5,26.5,26.4,26.5,26.4,26.4,26.4,26.5,26.4,26.4,26.5,26.4,26.5,26.6,26.8,27.3,27.6,27.7,27.8,27.5,27.7,27.7,28.0,28.3,28.5,28.3,27.2,26.6,26.6,26.4,26.2,26.2,26.3,26.4,26.5,26.5,26.6,26.4,26.5,26.4,26.7,26.5,26.4,26.4,26.4,26.6,26.6,26.4,26.5,26.6,26.7,26.6,26.6,26.6,26.7,26.6,26.7,26.7,26.8,26.8,26.9,26.9,26.6,26.6,26.7,26.6,26.6,26.5,26.3,26.2,26.1,26.2,26.2,26.2,26.2,26.0,26.2,26.4,26.4,26.2,26.1,26.2,26.0,26.2,26.2,26.2,25.9,25.9,26.0,25.9,26.0,26.0,26.0,25.8,26.0,25.8,26.4,26.3,26.4,26.5,26.8,26.8,26.9,27.0,27.0,27.0,27.2,27.3,27.1,27.1,27.2,27.4,27.1,27.3,27.2,27.3,27.2,27.2,27.1,27.3,27.3,27.3,27.2,27.2,27.2,27.2,27.2,27.1,27.1,27.2,27.2,27.2,27.1,27.0,27.2,27.0,27.2,27.1,27.1,27.0,27.1,27.0,27.0,27.1,26.9,27.0,27.0,27.0,27.2,27.1,27.1,26.8,26.9,26.9,26.9,27.0,26.9
144,26.9,26.8,26.7,26.8,26.8,26.8,26.9,26.8,26.8,26.7,26.7,26.9,26.8,26.8,26.9,26.9,26.9,27.1,27.1,27.2,27.4,27.6,27.4,27.5,27.4,27.5,27.2,26.9,26.9,26.6,26.7,26.4,26.4,26.3,26.6,26.6,26.4,26.6,26.4,26.4,26.4,26.3,26.4,26.5,26.4,26.4,26.4,26.5,26.6,27.0,27.1,27.5,27.8,27.8,27.8,27.7,27.9,28.0,28.1,28.5,28.0,27.1,26.6,26.6,26.4,26.2,26.4,26.4,26.4,26.5,26.4,26.6,26.6,26.6,26.6,26.7,26.6,26.4,26.3,26.4,26.5,26.5,26.7,26.8,27.0,26.7,27.0,26.7,26.7,26.8,26.8,26.6,26.9,27.0,26.9,27.0,27.0,26.9,26.8,26.9,26.7,26.6,26.6,26.2,26.3,26.1,26.0,26.1,26.1,26.2,26.2,26.0,26.2,26.3,26.2,26.1,26.3,26.0,26.1,26.0,25.9,26.1,26.1,26.0,26.0,26.1,26.1,26.1,25.9,26.1,26.1,26.1,26.0,26.3,26.5,26.8,26.8,27.0,26.9,27.0,27.0,27.1,27.1,27.3,27.2,27.2,27.1,27.2,27.2,27.3,27.4,27.3,27.2,27.2,27.1,27.3,27.3,27.1,27.2,27.2,27.1,27.1,27.3,27.1,27.2,27.1,27.1,27.1,26.9,27.1,27.0,27.2,27.1,27.1,27.2,26.8,27.0,27.0,27.0,27.1,26.9,27.1,27.1,27.1,27.0,27.1,27.1,26.9,27.2,26.9,26.9,26.9
145,27.1,27.1,27.1,27.1,27.0,27.2,27.2,27.1,27.1,27.1,27.1,27.0,27.2,27.1,27.1,27.2,27.1,27.2,27.3,27.4,27.3,27.3,27.5,27.3,27.3,27.4,27.3,26.9,26.8,26.5,26.6,26.5,26.4,26.4,26.4,26.5,26.4,26.4,26.4,26.3,26.4,26.4,26.4,26.4,26.3,26.4,26.4,26.3,26.4,26.8,27.0,27.2,27.5,28.0,28.1,28.0,28.0,27.9,28.2,28.2,27.8,27.1,26.7,26.5,26.4,26.4,26.2,26.3,26.4,26.6,26.6,26.6,26.7,26.5,26.6,26.6,26.6,26.4,26.4,26.5,26.4,26.6,26.7,26.7,26.8,26.8,26.8,26.9,26.6,26.6,26.7,26.6,26.9,26.9,26.7,26.9,26.9,26.8,26.8,26.7,26.7,26.8,26.5,26.4,26.2,26.1,26.2,26.1,26.1,26.3,26.2,26.1,26.3,26.2,26.1,26.2,26.1,26.0,26.0,26.1,26.2,26.3,26.1,26.1,26.0,26.0,26.0,25.8,25.9,26.0,26.0,26.0,26.2,26.3,26.4,26.6,26.7,26.9,27.0,27.0,27.2,27.1,27.2,27.2,27.1,27.1,27.2,27.3,27.3,27.2,27.2,27.3,27.2,27.2,27.2,27.1,27.2,27.2,27.3,27.3,27.2,27.1,27.1,27.1,27.1,27.1,27.1,27.1,27.1,27.2,27.0,27.1,27.1,27.2,27.0,27.1,27.2,27.2,27.1,26.9,26.9,27.0,27.1,27.0,27.1,27.0,26.9,27.1,26.9,26.9,26.9,27.0
146,27.3,27.1,27.3,27.2,27.3,27.3,27.2,27.3,27.3,27.2,27.2,27.3,27.4,27.3,27.5,27.5,27.1,27.2,27.5,27.3,27.3,27.5,27.5,27.4,27.4,27.2,27.2,27.0,26.9,26.5,26.5,26.5,26.3,26.3,26.4,26.5,26.4,26.4,26.3,26.4,26.2,26.2,26.2,26.3,26.4,26.2,26.3,26.4,26.4,26.6,26.7,27.1,27.3,27.6,27.7,27.9,28.1,27.8,27.7,27.6,27.3,26.8,26.8,26.4,26.5,26.2,26.2,26.5,26.5,26.4,26.5,26.6,26.5,26.6,26.6,26.7,26.4,26.6,26.4,26.5,26.6,26.6,26.7,26.6,26.9,26.6,26.7,26.8,26.7,26.9,26.9,27.1,27.0,26.9,26.9,26.8,26.9,26.9,26.9,26.8,26.6,26.6,26.3,26.2,26.2,26.4,26.1,26.1,26.2,26.1,26.1,26.2,26.2,26.1,26.0,26.1,26.2,26.1,26.4,26.4,26.5,26.4,26.5,26.2,26.1,25.8,25.8,26.1,26.1,26.1,25.8,26.0,26.1,26.2,26.5,26.6,26.8,26.9,27.2,27.0,27.0,27.0,27.1,27.0,27.2,27.1,27.1,27.1,27.2,27.1,27.3,27.3,27.3,27.3,27.2,27.1,27.2,27.2,27.2,27.2,27.1,27.2,27.1,27.1,27.1,27.1,27.3,27.2,27.1,27.0,27.1,27.1,27.2,27.1,27.1,27.1,27.2,27.1,27.0,27.1,27.1,27.0,27.0,27.1,27.1,26.9,26.9,26.9,26.9,27.1,26.9,27.0
147,27.5,27.2,27.2,27.3,27.4,27.3,27.3,27.3,27.5,27.4,27.4,27.4,27.5,27.5,27.4,27.4,27.3,27.5,27.4,27.4,27.6,27.4,27.5,27.6,27.6,27.4,27.2,27.3,27.0,26.6,26.6,26.6,26.4,26.4,26.4,26.4,26.2,26.4,26.4,26.3,26.2,26.3,26.1,26.2,26.2,26.3,26.3,26.3,26.4,26.5,26.5,26.8,27.0,27.1,27.2,27.3,27.5,27.6,27.3,27.3,27.2,26.9,26.6,26.4,26.5,26.4,26.2,26.4,26.3,26.3,26.5,26.5,26.6,26.6,26.6,26.6,26.5,26.8,26.5,26.6,26.6,26.7,26.9,27.1,26.9,26.9,26.8,26.8,26.9,27.1,27.0,27.1,27.1,27.3,27.2,27.2,27.0,26.8,26.8,26.6,26.7,26.6,26.5,26.4,26.3,26.2,26.2,26.1,26.3,26.0,26.2,26.0,26.1,26.2,26.2,26.0,26.1,26.2,26.4,26.4,26.7,26.6,26.3,26.3,26.0,25.9,25.9,26.0,25.9,26.0,25.9,26.0,26.1,26.3,26.4,26.8,26.8,26.8,27.1,27.1,27.1,27.0,27.0,27.2,27.2,27.1,27.2,27.2,27.2,27.2,27.4,27.2,27.3,27.2,27.3,27.3,27.1,27.1,27.2,27.3,27.1,27.2,27.2,27.1,27.2,27.1,27.1,27.0,27.0,27.3,27.1,27.0,27.0,27.0,27.1,26.9,27.1,27.2,27.2,27.0,27.0,27.1,27.1,27.1,27.0,26.9,27.1,27.0,27.1,27.0,27.0,26.9
148,27.3,27.3,27.4,27.5,27.5,27.4,27.5,27.4,27.4,27.4,27.4,27.3,27.6,27.4,27.6,27.4,27.4,27.6,27.5,27.5,27.6,27.4,27.6,27.7,27.6,27.5,27.5,27.3,27.2,27.0,27.0,26.5,26.5,26.3,26.2,26.3,26.3,26.3,26.3,26.3,26.3,26.3,26.2,26.2,26.2,26.4,26.3,26.3,26.2,26.3,26.6,26.5,26.7,26.9,27.0,27.2,27.2,27.2,27.4,27.4,27.2,27.0,26.8,26.6,26.4,26.3,26.4,26.2,26.4,26.4,26.5,26.6,26.6,26.7,26.7,26.7,26.8,26.8,26.6,26.7,26.6,26.6,27.0,27.3,27.2,27.4,27.2,27.1,27.2,27.6,27.3,27.2,27.4,27.6,27.7,27.5,27.2,26.9,26.6,26.6,26.4,26.4,26.3,26.1,26.4,26.2,26.2,26.1,26.0,26.1,26.1,26.0,26.1,26.2,26.1,26.3,26.1,26.2,26.4,26.6,26.8,26.6,26.5,26.1,26.0,26.0,26.0,26.1,25.9,26.2,25.8,26.1,26.3,26.2,26.5,26.7,26.8,26.7,26.8,27.0,27.0,27.2,27.1,27.1,27.1,27.1,27.1,27.2,27.2,27.3,27.2,27.1,27.2,27.3,27.2,27.2,27.2,27.1,27.2,27.1,27.1,27.2,27.2,27.1,27.0,27.1,27.2,27.0,27.1,27.1,27.1,27.2,27.1,27.1,27.2,27.1,26.9,27.1,26.9,26.9,26.9,27.0,27.1,26.9,27.0,26.9,26.8,27.1,26.9,27.0,27.0,26.9
149,27.3,27.3,27.6,27.4,27.4,27.5,27.3,27.3,27.4,27.3,27.3,27.5,27.4,27.3,27.6,27.5,27.4,27.5,27.6,27.7,27.8,28.0,27.9,28.0,28.2,28.1,27.9,27.9,27.9,27.6,27.1,26.9,26.2,26.4,26.2,26.2,26.4,26.1,26.3,26.2,26.3,26.2,26.1,26.2,26.1,26.2,26.1,26.1,26.3,26.4,26.3,26.4,26.3,26.7,26.5,26.9,27.1,27.5,27.7,28.1,27.7,27.3,26.9,26.6,26.4,26.3,26.3,26.3,26.4,26.5,26.6,26.6,26.6,26.8,26.9,27.1,27.1,26.9,26.7,26.7,26.7,27.0,27.3,27.6,27.8,27.6,27.3,27.4,27.6,27.6,27.6,27.5,27.6,27.9,28.2,28.0,27.7,27.1,26.8,26.7,26.5,26.4,26.3,26.3,26.4,26.1,26.0,26.2,26.2,25.9,26.0,26.1,26.2,26.2,26.4,26.1,26.2,26.2,26.5,26.5,26.7,26.5,26.6,26.2,26.2,25.9,26.1,26.1,26.1,26.1,26.1,26.1,25.9,26.4,26.4,26.6,26.7,26.8,27.0,27.0,27.0,27.2,27.2,27.1,27.1,27.3,27.2,27.2,27.1,27.2,27.2,27.1,27.3,27.1,27.3,27.3,27.3,27.1,27.2,27.1,27.3,27.2,27.1,27.1,27.1,27.0,27.1,27.1,27.0,27.1,27.1,27.2,27.1,27.1,27.1,26.9,27.1,27.0,27.0,27.0,27.0,27.1,27.0,27.1,27.0,27.0,26.8,26.9,26.9,27.0,26.9,27.0
150,27.4,27.5,27.5,27.5,27.5,27.5,27.3,27.4,27.3,27.3,27.4,27.4,27.4,27.6,27.6,27.5,27.5,27.6,27.7,27.8,28.0,28.2,28.4,28.5,28.6,28.5,28.4,28.2,28.0,27.7,27.3,27.0,26.4,26.2,26.4,26.2,26.3,26.1,26.3,26.3,26.2,26.2,26.2,26.2,26.2,26.1,26.1,26.1,26.2,26.3,26.4,26.4,26.3,26.7,26.7,26.8,27.1,27.5,27.9,28.2,27.9,27.5,26.9,26.6,26.5,26.4,26.4,26.5,26.5,26.5,26.6,26.6,26.8,26.8,26.9,27.0,27.0,27.0,26.8,26.8,26.8,26.9,27.2,27.5,27.5,27.5,27.3,27.3,27.3,27.5,27.5,27.5,27.7,28.1,28.2,28.2,27.6,27.1,26.8,26.6,26.5,26.4,26.4,26.4,26.2,26.1,26.2,26.1,26.2,26.2,25.9,26.2,26.2,26.2,26.2,26.2,26.2,26.2,26.5,26.4,26.4,26.4,26.3,26.2,26.0,26.2,26.1,26.0,26.1,26.1,26.1,26.1,26.0,26.3,26.4,26.6,26.7,26.9,27.0,27.0,27.0,27.0,27.1,27.1,27.1,27.2,27.3,27.2,27.2,27.1,27.1,27.1,27.1,27.2,27.2,27.2,27.2,27.2,27.1,27.2,27.1,27.1,27.1,27.0,27.1,27.1,27.1,27.0,27.1,27.1,27.1,27.1,27.0,27.1,27.1,27.1,27.1,27.0,27.0,27.0,27.1,27.0,27.0,27.0,27.0,27.0,27.0,26.8,27.0,27.0,26.9,26.9
151,27.5,27.3,27.5,27.6,27.5,27.5,27.4,27.3,27.3,27.4,27.5,27.4,27.6,27.6,27.5,27.5,27.6,27.7,27.9,28.0,28.5,28.8,28.8,29.0,29.0,29.0,28.8,28.8,28.5,28.1,27.6,27.1,26.5,26.4,26.2,26.4,26.2,26.1,26.3,26.3,26.2,26.2,26.2,26.2,26.2,26.2,26.1,26.2,26.1,26.2,26.4,26.4,26.4,26.6,26.6,26.8,27.1,27.6,28.1,28.4,28.1,27.6,27.0,26.7,26.7,26.5,26.5,26.5,26.4,26.4,26.6,26.7,26.8,27.0,27.0,27.0,27.3,27.1,26.8,26.8,26.9,26.9,27.2,27.4,27.6,27.5,27.3,27.2,27.2,27.3,27.4,27.3,27.8,28.2,28.4,28.4,27.5,27.0,26.8,26.6,26.5,26.6,26.4,26.4,26.3,26.2,26.1,26.0,26.1,26.2,26.2,25.9,26.2,26.3,26.2,26.3,26.2,26.2,26.5,26.4,26.4,26.3,26.2,26.0,26.0,26.1,26.2,26.0,26.0,26.1,25.9,26.1,26.0,26.2,26.5,26.7,26.8,26.9,27.0,27.0,27.1,27.0,27.1,27.1,27.1,27.1,27.0,27.3,27.3,27.3,27.0,27.1,27.1,27.2,27.2,27.1,27.0,27.2,27.2,27.1,27.1,27.1,27.0,26.9,27.2,27.2,27.1,27.0,27.2,27.3,27.1,27.0,27.3,27.1,27.1,27.0,27.1,27.0,27.0,27.1,26.9,26.9,27.1,27.0,27.0,26.9,27.0,27.0,26.8,27.0,26.9,26.8
152,27.5,27.5,27.6,27.5,27.6,27.5,27.5,27.5,27.5,27.4,27.7,27.4,27.5,27.6,27.7,27.6,27.7,27.6,28.0,28.1,28.4,28.8,28.7,29.0,28.8,28.8,28.8,28.6,28.4,27.9,27.6,27.0,26.4,26.4,26.3,26.2,26.3,26.2,26.3,26.3,26.2,26.4,26.2,26.1,26.1,26.1,26.2,26.2,26.3,26.1,26.3,26.3,26.4,26.5,26.5,26.6,27.2,27.4,27.4,27.7,27.5,27.2,26.9,26.8,26.7,26.4,26.4,26.6,26.5,26.6,26.6,26.7,26.7,26.9,27.1,27.1,27.0,27.1,26.8,26.8,26.5,26.8,27.0,27.0,27.1,26.9,27.0,27.1,26.7,26.9,26.9,27.2,27.6,27.7,27.9,27.9,27.5,27.1,26.7,26.9,26.9,26.7,26.6,26.5,26.5,26.4,26.2,26.2,26.2,26.2,26.2,26.1,26.0,26.2,26.0,26.0,26.2,26.4,26.3,26.4,26.2,26.3,26.2,26.2,26.1,26.1,25.9,26.2,26.1,26.2,26.1,26.2,26.0,26.1,26.5,26.7,26.7,26.7,27.0,27.0,26.9,27.1,26.9,27.0,27.1,27.1,27.2,27.1,27.0,27.2,27.1,27.1,27.1,27.1,27.2,27.2,27.2,27.1,27.0,27.2,27.1,27.3,27.2,27.1,27.2,27.1,27.0,27.0,27.1,27.1,26.8,26.9,27.0,27.0,27.0,27.0,27.1,26.9,26.9,27.0,26.8,27.0,27.0,26.9,27.0,26.9,26.9,26.9,26.9,27.0,26.9,27.0
153,27.5,27.4,27.6,27.5,27.4,27.6,27.4,27.6,27.4,27.5,27.4,27.6,27.5,27.7,27.5,27.5,27.5,27.6,27.8,28.1,28.2,28.3,28.4,28.2,28.5,28.4,28.2,28.2,27.8,27.4,27.0,26.9,26.3,26.4,26.4,26.5,26.3,26.4,26.5,26.4,26.3,26.2,26.2,26.3,26.2,26.1,26.2,26.2,26.3,26.2,26.3,26.2,26.4,26.4,26.6,26.6,26.7,27.1,27.2,27.2,26.9,27.0,26.6,26.4,26.6,26.4,26.6,26.5,26.5,26.6,26.7,26.8,26.8,26.9,27.1,27.0,27.2,27.2,26.9,26.7,26.6,26.6,26.7,26.8,26.9,26.8,26.7,26.7,26.8,26.7,26.6,26.8,27.1,27.4,27.6,27.6,27.1,26.9,27.2,27.3,27.4,27.3,27.1,26.9,26.6,26.5,26.4,26.2,26.2,26.0,26.1,26.1,26.2,26.2,26.2,26.1,26.4,26.3,26.3,26.3,26.2,26.2,26.3,26.2,26.3,26.2,26.3,26.4,26.4,26.4,26.3,26.3,26.1,26.3,26.4,26.6,26.7,26.7,26.9,27.0,26.9,27.0,27.1,27.2,27.0,27.0,27.3,27.1,27.2,27.1,27.1,27.1,27.1,27.2,27.2,27.2,27.1,27.2,27.1,27.1,27.1,27.1,27.1,27.0,27.1,27.1,27.2,27.1,27.0,27.1,27.0,27.0,27.1,27.1,27.0,26.9,26.9,27.0,27.0,27.1,27.1,27.0,26.9,27.0,27.0,27.0,26.9,26.9,26.9,27.0,26.9,26.9
154,27.6,27.4,27.5,27.6,27.4,27.3,27.4,27.5,27.6,27.5,27.6,27.7,27.6,27.5,27.6,27.6,27.8,27.6,27.7,27.9,28.0,27.9,27.9,27.9,28.0,27.9,27.8,27.7,27.4,27.0,26.7,26.7,26.4,26.4,26.5,26.6,26.6,26.6,26.5,26.4,26.4,26.3,26.3,26.3,26.2,26.2,26.1,26.3,26.2,26.3,26.4,26.4,26.3,26.4,26.4,26.3,26.6,26.6,26.9,26.8,26.6,26.6,26.5,26.4,26.5,26.4,26.5,26.5,26.5,26.6,26.7,26.6,26.9,26.9,26.9,27.0,27.0,26.9,26.8,26.6,26.4,26.5,26.5,26.5,26.6,26.6,26.8,26.6,26.5,26.4,26.5,26.7,26.9,27.0,26.9,27.2,26.8,27.0,27.6,28.0,28.2,28.2,27.6,27.2,26.9,26.7,26.5,26.4,26.2,26.2,26.2,26.2,26.2,26.1,26.2,26.3,26.3,26.1,26.3,26.3,26.3,26.3,26.4,26.3,26.2,26.5,26.8,27.0,26.9,26.9,26.6,26.5,26.3,26.2,26.4,26.7,26.8,27.0,27.0,27.0,27.1,27.0,27.1,27.1,27.0,27.1,27.1,27.1,27.1,27.2,27.1,27.0,27.2,27.1,27.1,27.1,27.1,27.1,27.3,27.3,27.1,27.1,27.2,27.1,27.1,27.1,27.1,27.1,27.0,27.1,26.9,27.0,26.9,27.2,26.9,27.0,26.9,27.1,26.9,26.9,26.8,27.0,27.1,26.9,27.0,27.0,27.0,27.0,26.9,26.9,26.8,27.1
155,27.6,27.6,27.7,27.5,27.6,27.6,27.5,27.6,27.6,27.7,27.6,27.5,27.7,27.8,27.8,27.5,27.6,27.6,27.7,27.8,27.7,27.7,27.7,27.6,27.8,27.5,27.7,27.4,27.2,26.8,26.8,26.6,26.6,26.6,26.6,26.9,26.7,26.6,26.7,26.6,26.5,26.2,26.4,26.4,26.3,26.4,26.2,26.4,26.4,26.4,26.4,26.5,26.5,26.4,26.5,26.4,26.6,26.7,26.6,26.7,26.4,26.6,26.6,26.4,26.6,26.5,26.6,26.4,26.6,26.6,26.7,26.8,26.7,26.8,26.7,26.9,26.9,26.6,26.7,26.7,26.4,26.5,26.5,26.3,26.6,26.4,26.4,26.5,26.5,26.4,26.5,26.5,26.4,26.7,26.5,26.6,27.0,27.3,28.2,29.1,29.7,29.1,28.3,27.8,27.0,26.9,26.7,26.5,26.4,26.2,26.2,26.2,26.0,26.2,26.3,26.2,26.4,26.2,26.3,26.3,26.3,26.4,26.3,26.5,26.7,27.0,27.4,27.3,27.4,27.6,27.3,26.8,26.8,26.5,26.6,26.8,26.6,27.0,27.2,27.1,27.1,27.2,27.1,27.1,27.1,27.3,27.1,27.2,27.3,27.3,27.3,27.3,27.2,27.1,27.2,27.2,27.2,27.2,27.1,27.1,27.2,27.1,27.2,27.2,27.1,27.1,27.3,27.2,27.2,27.2,27.2,27.1,27.1,27.2,27.1,27.2,27.1,27.0,26.9,27.2,27.1,27.0,27.1,27.1,27.0,27.0,27.0,27.0,26.9,26.9,27.1,26.9
156,27.6,27.5,27.5,27.5,27.5,27.4,27.4,27.5,27.6,27.6,27.6,27.5,27.6,27.6,27.7,27.5,27.6,27.6,27.7,27.7,27.7,27.6,27.7,27.6,27.6,27.6,27.4,27.3,27.1,26.6,26.5,26.7,26.7,27.0,27.2,27.1,26.9,26.6,26.6,26.5,26.5,26.2,26.2,26.4,26.2,26.2,26.2,26.3,26.2,26.2,26.4,26.5,26.4,26.4,26.3,26.4,26.6,26.5,26.7,26.4,26.2,26.5,26.4,26.5,26.5,26.5,26.6,26.6,26.7,26.4,26.6,26.6,26.5,26.8,26.7,26.7,26.8,26.9,26.5,26.5,26.5,26.3,26.3,26.3,26.3,26.4,26.3,26.4,26.5,26.4,26.3,26.4,26.3,26.3,26.6,26.6,26.8,27.5,28.5,29.7,29.9,29.4,28.6,27.7,27.1,27.0,26.6,26.4,26.1,26.2,26.2,26.2,26.2,26.2,26.0,26.2,26.2,26.2,26.3,26.3,26.5,26.2,26.4,26.7,27.3,27.3,27.4,27.6,27.5,27.6,27.6,27.4,26.8,26.8,26.7,26.7,26.8,26.9,26.9,27.1,27.1,27.1,27.1,27.2,27.2,27.2,27.2,27.1,27.1,27.1,27.4,27.2,27.2,27.2,27.3,27.3,27.2,27.2,27.2,27.2,27.3,27.3,27.3,27.2,27.2,27.0,27.1,27.1,27.2,27.1,27.1,27.2,27.1,27.0,27.0,26.9,27.1,27.0,26.9,27.1,27.1,27.1,27.0,27.1,27.0,27.1,27.0,27.0,27.0,27.0,27.1,26.9
157,27.6,27.6,27.8,27.5,27.6,27.8,27.6,27.6,27.6,27.7,27.6,27.4,27.6,27.6,27.6,27.7,27.6,27.6,27.6,27.7,27.7,27.9,27.6,27.6,27.5,27.4,27.4,27.3,27.0,26.7,26.9,27.1,27.1,27.5,27.7,27.9,27.6,27.1,26.9,26.6,26.5,26.4,26.5,26.4,26.3,26.2,26.2,26.2,26.3,26.1,26.3,26.3,26.5,26.4,26.4,26.5,26.4,26.4,26.5,26.4,26.4,26.3,26.5,26.5,26.5,26.5,26.6,26.6,26.6,26.5,26.7,26.8,26.7,26.8,26.8,26.9,26.8,26.8,26.6,26.5,26.5,26.4,26.4,26.3,26.4,26.3,26.3,26.3,26.2,26.2,26.1,26.3,26.3,26.3,26.4,26.6,26.9,27.6,28.4,29.1,29.3,29.0,28.4,27.7,26.9,26.6,26.5,26.4,26.4,26.3,26.2,26.2,26.1,26.1,26.3,26.2,26.2,26.3,26.2,26.3,26.2,26.4,26.5,27.3,27.4,27.5,27.4,27.4,27.4,27.8,27.7,27.6,27.1,26.9,26.7,26.8,26.9,26.9,27.1,26.9,27.0,27.1,27.1,27.1,27.1,27.1,27.2,27.2,27.2,27.1,27.3,27.3,27.3,27.1,27.1,27.2,27.1,27.1,27.2,27.2,27.2,27.2,27.1,27.1,27.1,27.1,27.3,27.2,27.0,27.3,27.1,27.3,27.2,27.1,27.2,27.2,27.2,27.1,27.0,27.0,27.0,27.0,27.2,27.2,27.0,27.1,26.9,27.0,26.8,26.9,27.0,27.1
158,27.6,27.6,27.7,27.5,27.5,27.6,27.5,27.5,27.6,27.6,27.6,27.6,27.7,27.7,27.7,27.6,27.4,27.8,27.6,27.7,27.8,27.7,27.7,27.8,27.8,27.6,27.3,27.3,27.0,26.8,27.0,27.3,27.6,28.1,28.1,28.0,27.8,27.8,27.2,26.9,26.6,26.6,26.2,26.3,26.4,26.3,26.4,26.1,26.1,26.2,26.2,26.3,26.3,26.4,26.4,26.4,26.4,26.4,26.4,26.2,26.2,26.3,26.4,26.4,26.4,26.5,26.6,26.6,26.6,26.4,26.4,26.6,26.6,26.8,26.7,26.9,27.1,26.9,26.6,26.5,26.4,26.4,26.4,26.2,26.2,26.3,26.2,26.4,26.2,26.4,26.2,26.4,26.4,26.2,26.5,26.4,26.7,27.2,27.8,28.3,28.8,28.3,28.0,27.4,27.0,26.7,26.6,26.6,26.3,26.5,26.4,26.2,26.2,26.1,26.4,26.3,26.1,26.0,26.2,26.2,26.2,26.6,26.8,27.2,27.3,27.5,27.5,27.3,27.2,27.5,27.7,27.7,27.5,27.1,26.8,26.9,26.9,26.9,27.0,27.0,27.0,27.0,27.1,27.1,27.1,27.1,27.1,27.1,27.1,27.3,27.3,27.2,27.2,27.1,27.3,27.3,27.1,27.2,27.2,27.3,27.1,27.1,27.2,27.1,27.1,27.2,27.1,27.1,27.1,27.1,27.2,27.2,27.3,27.1,27.0,27.0,27.2,27.3,27.0,27.2,27.1,27.2,27.1,27.1,27.0,26.9,27.0,27.0,26.8,27.0,27.0,26.9
159,27.6,27.5,27.6,27.4,27.6,27.6,27.6,27.6,27.6,27.7,27.6,27.7,27.7,27.7,27.7,27.8,27.7,27.9,27.7,27.8,27.6,27.8,27.9,27.7,27.6,27.6,27.4,27.3,27.2,27.1,27.3,27.6,28.0,28.0,28.0,28.0,27.9,27.8,27.5,27.2,26.7,26.6,26.3,26.3,26.2,26.2,26.2,26.1,26.2,26.2,26.2,26.3,26.3,26.4,26.4,26.5,26.6,26.4,26.4,26.3,26.3,26.4,26.4,26.5,26.6,26.5,26.4,26.4,26.5,26.5,26.4,26.5,26.7,26.7,26.8,27.1,27.1,26.9,26.5,26.4,26.6,26.4,26.4,26.3,26.2,26.3,26.1,26.2,26.2,26.2,26.3,26.2,26.1,26.2,26.5,26.6,26.8,27.0,27.7,28.2,28.2,28.1,27.7,27.2,27.1,26.8,26.5,26.5,26.4,26.4,26.5,26.4,26.2,26.2,26.4,26.2,26.2,26.2,26.4,26.1,26.3,26.5,26.8,27.3,27.6,27.4,27.4,27.1,27.0,27.3,27.7,27.8,27.4,27.0,26.9,26.9,26.9,26.9,27.0,26.9,27.1,26.9,27.1,27.1,27.0,27.2,27.1,27.2,27.2,27.2,27.3,27.2,27.2,27.1,27.2,27.1,27.1,27.1,27.2,27.2,27.1,27.3,27.1,27.0,27.1,27.1,27.1,27.1,27.1,27.1,27.1,27.1,27.0,27.1,27.1,27.1,27.0,26.9,27.1,27.0,27.2,27.2,27.0,27.1,27.1,27.0,27.0,27.0,27.1,26.9,27.0,27.1
160,27.8,27.7,27.6,27.7,27.7,27.6,27.7,27.7,27.6,27.7,27.6,27.7,27.7,27.8,27.7,27.6,27.7,27.7,27.8,27.8,27.8,27.7,27.5,27.6,27.8,27.5,27.4,27.4,27.4,27.5,27.7,28.0,28.2,28.0,27.9,27.9,27.8,28.0,27.8,27.3,26.9,26.6,26.4,26.3,26.4,26.4,26.1,26.2,26.2,26.2,26.3,26.4,26.4,26.4,26.2,26.4,26.4,26.4,26.3,26.4,26.3,26.3,26.4,26.2,26.4,26.6,26.3,26.3,26.4,26.4,26.5,26.5,26.6,26.8,27.0,27.0,27.0,26.9,26.7,26.5,26.4,26.5,26.3,26.3,26.2,26.2,26.3,26.2,26.3,26.2,26.3,26.3,26.2,26.3,26.5,26.4,26.7,26.9,27.3,27.9,27.9,27.6,27.3,26.9,26.7,26.6,26.9,26.7,26.6,26.4,26.4,26.4,26.3,26.1,26.2,26.2,26.2,26.2,26.4,26.3,26.4,26.7,26.7,27.2,27.6,27.5,27.4,27.0,26.9,27.4,27.6,27.8,27.5,27.0,26.8,26.9,26.7,26.9,27.0,26.9,26.9,27.0,27.1,27.1,27.0,27.1,27.2,27.2,27.0,27.1,27.2,27.2,27.1,27.1,27.1,27.1,27.1,27.1,27.2,27.2,27.1,27.1,27.2,27.1,27.1,27.1,27.2,27.1,27.1,27.1,27.1,27.1,27.2,27.0,27.0,27.1,26.9,27.1,27.1,27.3,27.0,27.0,27.0,26.9,26.9,26.8,26.8,27.0,26.9,27.1,26.8,26.9
161,27.6,27.5,27.6,27.6,27.7,27.6,27.8,27.9,27.7,27.7,27.6,27.7,27.8,27.7,27.8,27.6,27.7,27.7,27.6,27.6,27.7,27.8,27.6,27.7,27.7,27.5,27.5,27.5,27.3,27.3,27.5,28.1,28.0,27.8,27.8,27.7,27.9,28.0,27.8,27.7,26.9,26.6,26.4,26.3,26.5,26.3,26.1,26.0,26.2,26.0,26.2,26.2,26.2,26.3,26.4,26.3,26.4,26.4,26.1,26.3,26.4,26.2,26.4,26.3,26.4,26.4,26.4,26.4,26.5,26.6,26.8,26.7,26.7,26.6,26.9,26.8,27.0,26.7,26.5,26.4,26.4,26.4,26.3,26.3,26.3,26.2,26.2,26.1,26.3,26.2,26.0,26.4,26.2,26.2,26.3,26.5,26.7,26.9,27.2,27.5,27.6,27.3,27.1,26.9,26.8,26.7,26.7,26.6,26.4,26.4,26.5,26.3,26.4,26.3,26.4,26.2,26.2,26.4,26.3,26.4,26.5,26.5,26.9,27.3,27.4,27.5,27.6,27.3,27.4,27.6,27.7,27.6,27.1,27.0,26.8,26.7,26.6,26.8,27.0,26.9,27.0,27.0,27.0,26.9,27.1,27.2,27.3,27.1,27.2,27.1,27.1,27.0,27.2,27.2,27.1,27.2,27.1,27.2,27.1,27.1,27.2,27.2,27.1,27.1,27.1,27.1,27.0,27.1,27.1,27.1,26.9,27.1,27.2,27.1,27.1,27.0,27.1,27.1,27.0,27.0,27.0,27.2,26.9,27.1,27.1,27.1,27.0,27.1,27.1,26.9,27.0,27.0
162,27.6,27.5,27.7,27.6,27.7,27.7,27.5,27.6,27.7,27.6,27.8,27.8,27.6,27.7,27.9,27.7,27.7,27.9,27.6,27.7,27.8,27.7,27.8,27.7,27.8,27.6,27.6,27.3,27.3,27.5,27.6,28.1,28.1,27.8,27.9,27.8,27.9,28.0,28.0,27.7,26.9,26.4,26.2,26.3,26.3,26.3,26.0,26.1,26.3,26.1,26.2,26.3,26.4,26.5,26.5,26.4,26.4,26.6,26.5,26.5,26.4,26.3,26.4,26.4,26.5,26.3,26.5,26.3,26.5,26.4,26.7,26.7,26.7,26.7,26.7,26.8,26.6,26.5,26.4,26.6,26.4,26.5,26.5,26.2,26.2,26.1,26.2,26.3,26.2,26.2,26.1,26.5,26.3,26.4,26.4,26.3,26.6,26.8,27.1,27.3,27.6,27.1,27.1,26.8,26.7,26.8,26.7,26.7,26.6,26.4,26.2,26.2,26.2,26.2,26.2,26.1,26.3,26.2,26.4,26.4,26.5,26.4,26.8,26.8,27.4,27.6,27.6,27.7,27.7,27.8,27.6,27.3,27.0,26.9,26.7,26.8,26.8,26.8,27.0,26.9,26.8,27.1,26.9,27.1,27.0,27.1,27.1,27.0,27.1,27.1,27.1,27.2,27.1,27.2,27.1,27.1,27.0,27.1,27.2,27.2,26.9,27.1,27.1,27.1,27.2,27.1,27.1,27.1,27.0,26.9,27.1,27.1,26.9,27.1,27.0,27.1,27.0,26.9,27.1,27.1,27.0,26.9,27.1,27.1,27.0,27.1,27.1,26.8,26.9,27.0,27.0,26.9
163,27.6,27.7,27.6,27.6,27.6,27.6,27.6,27.7,27.8,27.6,27.5,27.7,27.6,27.6,27.8,27.8,27.7,27.8,27.8,27.8,27.7,27.8,27.8,27.6,27.6,27.7,27.5,27.3,27.4,27.3,27.3,27.8,28.1,27.9,27.7,27.9,28.0,27.9,27.9,27.5,26.9,26.5,26.4,26.4,26.2,26.4,26.2,26.2,26.0,26.0,26.3,26.2,26.4,26.3,26.1,26.3,26.3,26.6,26.4,26.2,26.3,26.3,26.6,26.5,26.4,26.3,26.3,26.4,26.7,26.4,26.7,26.5,26.6,26.6,26.5,26.5,26.5,26.5,26.5,26.4,26.3,26.4,26.4,26.3,26.2,26.2,26.2,26.2,26.2,26.2,26.3,26.2,26.3,26.2,26.2,26.3,26.5,26.9,27.1,27.7,28.0,27.6,27.3,26.8,26.6,26.5,26.6,26.3,26.4,26.4,26.4,26.3,26.1,26.1,26.2,26.1,26.2,26.1,26.3,26.1,26.4,26.4,26.5,26.7,27.0,27.2,27.3,27.5,27.4,27.5,27.2,27.1,26.9,26.6,26.5,26.7,26.8,26.7,26.9,26.8,26.9,27.0,27.1,27.1,27.2,27.1,27.0,27.0,27.0,27.0,27.0,27.1,27.1,27.2,27.2,27.1,27.3,27.1,27.2,27.2,27.2,27.1,27.0,27.2,27.1,27.1,27.1,27.2,26.9,27.2,27.0,26.9,27.1,27.1,27.0,27.2,27.0,27.0,27.1,27.1,27.0,27.1,27.0,27.2,27.1,27.0,26.9,26.9,27.0,26.9,27.0,27.0
164,27.7,27.5,27.6,27.5,27.6,27.6,27.8,27.6,27.6,27.7,27.6,27.8,27.8,27.7,27.8,27.7,27.6,27.7,27.7,27.7,27.9,27.7,27.8,27.7,27.7,27.6,27.4,27.3,27.3,27.3,27.5,27.7,28.1,28.0,28.1,28.1,28.2,28.2,27.7,27.1,26.6,26.6,26.4,26.3,26.2,26.4,26.3,26.1,26.2,26.2,26.1,26.3,26.3,26.4,26.2,26.3,26.4,26.4,26.4,26.6,26.4,26.4,26.4,26.5,26.5,26.6,26.3,26.5,26.6,26.4,26.5,26.6,26.5,26.5,26.3,26.5,26.5,26.6,26.4,26.4,26.3,26.3,26.3,26.2,26.2,26.2,26.2,26.3,26.3,26.2,26.2,26.2,26.2,26.2,26.3,26.3,26.4,27.0,27.4,28.1,28.5,28.2,27.4,26.8,26.7,26.5,26.3,26.4,26.1,26.4,26.4,26.2,26.0,26.2,26.2,26.0,26.3,26.0,26.3,26.2,26.2,26.3,26.5,26.3,26.7,26.8,27.1,27.1,27.2,26.9,26.8,26.7,26.5,26.4,26.5,26.5,26.7,26.7,26.9,27.0,26.9,27.0,26.9,27.1,27.0,27.1,26.9,27.0,26.9,27.1,27.1,27.1,27.2,27.1,27.1,27.2,27.2,27.2,27.0,27.2,27.1,27.0,27.0,27.2,27.0,27.0,27.1,27.1,27.1,27.0,26.9,27.1,27.1,27.0,27.1,26.9,27.0,27.0,26.9,27.0,26.9,27.0,26.9,26.9,27.1,27.0,27.0,27.0,27.1,26.9,26.9,26.9
165,27.5,27.6,27.7,27.5,27.5,27.5,27.5,27.6,27.7,27.7,27.6,27.7,27.6,27.8,27.7,27.8,27.7,27.7,27.7,27.7,27.8,27.8,27.5,27.6,27.6,27.4,27.4,27.5,27.1,27.1,27.3,27.4,27.5,27.9,28.2,28.0,27.9,27.7,27.3,27.0,26.4,26.3,26.4,26.3,26.2,26.3,26.2,26.4,26.0,26.2,26.1,26.1,26.3,26.3,26.3,26.2,26.5,26.3,26.4,26.4,26.3,26.4,26.2,26.3,26.5,26.3,26.3,26.4,26.6,26.6,26.6,26.7,26.6,26.4,26.4,26.6,26.7,26.7,26.5,26.6,26.5,26.3,26.3,26.2,26.2,26.3,26.2,26.1,26.1,26.2,26.2,26.1,26.1,26.2,26.2,26.2,26.5,27.0,27.6,28.2,28.6,28.0,27.4,26.9,26.5,26.3,26.4,26.2,26.1,26.2,26.1,26.0,26.0,26.1,26.1,26.0,26.1,26.1,26.1,26.2,26.1,26.2,26.2,26.3,26.4,26.5,26.5,26.6,26.7,26.6,26.5,26.3,26.3,26.2,26.2,26.4,26.5,26.8,26.8,26.9,26.8,27.0,26.8,26.9,27.0,27.0,27.2,26.8,27.2,27.1,27.1,27.1,27.0,27.0,27.1,27.1,27.1,27.0,27.1,27.2,27.2,27.2,27.1,27.1,27.1,27.0,27.2,27.1,27.0,27.1,27.1,27.1,27.1,27.1,26.9,27.0,27.1,27.0,27.1,27.1,26.9,27.1,27.2,27.0,26.9,27.1,26.9,27.1,26.9,27.0,27.0,26.9
166,27.5,27.5,27.6,27.7,27.6,27.6,27.6,27.6,27.5,27.6,27.7,27.7,27.6,27.8,27.8,27.7,27.7,27.7,27.8,27.8,27.7,27.6,27.8,27.6,27.6,27.8,27.4,27.3,27.0,27.0,27.1,27.3,27.3,27.7,27.7,27.6,27.5,27.3,26.8,26.8,26.5,26.3,26.2,26.3,26.2,26.4,26.3,26.2,26.1,26.3,26.3,26.3,26.4,26.4,26.2,26.3,26.5,26.4,26.4,26.3,26.5,26.5,26.4,26.4,26.4,26.3,26.3,26.5,26.6,26.8,26.8,26.7,26.6,26.6,26.4,26.8,26.7,26.9,26.6,26.8,26.6,26.3,26.4,26.2,26.4,26.2,26.3,26.2,26.2,26.1,26.2,26.3,26.3,26.3,26.4,26.4,26.7,27.0,27.6,28.2,28.3,28.0,27.4,26.9,26.6,26.2,26.2,26.2,26.0,26.2,26.1,26.0,25.9,26.2,26.0,26.1,26.1,26.1,26.2,26.0,26.1,26.2,26.2,26.1,26.1,26.0,26.2,26.4,26.4,26.3,26.1,26.2,26.3,26.0,26.2,26.5,26.7,26.8,26.7,26.8,26.9,27.0,27.0,26.9,26.9,27.1,27.0,27.0,27.2,27.0,27.1,27.2,27.2,27.1,27.2,27.1,27.0,27.0,27.0,27.2,27.2,27.0,27.1,27.1,27.0,27.0,27.2,27.1,27.2,27.1,27.1,27.1,26.9,27.0,27.0,26.9,27.3,27.0,27.1,27.1,26.9,26.9,27.0,27.0,27.1,26.9,27.0,27.1,27.0,26.9,26.9,26.9
167,27.7,27.6,27.6,27.7,27.7,27.6,27.7,27.8,27.8,27.6,27.8,27.7,27.6,27.7,27.7,27.5,27.7,27.8,27.7,27.7,27.7,27.8,27.7,27.5,27.8,27.6,27.4,27.2,27.2,27.1,26.9,27.0,27.1,27.1,27.1,27.2,27.1,27.0,26.7,26.6,26.5,26.4,26.4,26.2,26.4,26.3,26.1,26.4,26.1,26.2,26.3,26.2,26.4,26.4,26.2,26.4,26.5,26.2,26.5,26.5,26.4,26.4,26.4,26.4,26.5,26.4,26.4,26.4,26.5,26.7,26.7,26.7,26.6,26.7,26.5,26.7,26.8,26.9,26.7,26.7,26.6,26.4,26.3,26.2,26.4,26.3,26.5,26.2,26.2,26.4,26.2,26.1,26.3,26.2,26.2,26.3,26.5,26.7,27.3,27.9,28.0,27.7,27.3,26.8,26.4,26.3,26.2,26.2,26.0,26.2,26.0,26.1,26.1,26.2,26.1,26.2,25.9,26.1,26.2,26.1,26.1,26.0,26.0,26.2,26.1,26.2,26.0,26.3,26.2,26.3,26.2,25.9,26.1,26.0,26.3,26.4,26.5,26.6,26.7,26.8,26.8,26.9,27.0,26.9,26.7,26.9,27.0,27.2,26.9,27.1,27.1,27.1,27.2,27.1,27.1,26.9,27.0,27.1,27.1,27.1,27.2,27.1,27.1,27.1,27.0,27.0,27.1,26.9,27.0,26.9,27.1,27.0,27.0,27.1,27.0,27.1,27.2,27.1,27.1,27.1,27.0,27.1,27.1,26.8,26.9,27.0,26.9,27.1,26.9,27.0,26.9,27.0
168,27.5,27.6,27.5,27.8,27.7,27.6,27.6,27.6,27.8,27.6,27.8,27.6,27.6,27.8,27.6,27.8,27.8,27.7,27.6,27.7,27.5,27.6,27.6,27.8,27.6,27.6,27.2,27.3,27.2,26.7,26.9,26.8,26.8,27.0,26.9,26.8,26.5,26.6,26.6,26.3,26.5,26.4,26.4,26.6,26.4,26.3,26.2,26.1,26.2,26.3,26.2,26.3,26.4,26.5,26.4,26.4,26.4,26.3,26.4,26.3,26.3,26.4,26.4,26.5,26.4,26.3,26.4,26.3,26.7,26.6,26.8,26.7,26.7,26.5,26.5,26.5,26.6,26.7,26.6,26.6,26.4,26.5,26.4,26.3,26.3,26.2,26.2,26.3,26.2,26.1,26.2,26.4,26.2,26.2,26.2,26.4,26.4,26.7,27.0,27.3,27.4,27.3,27.0,26.6,26.4,26.1,26.4,26.1,26.2,26.1,26.1,26.1,26.2,26.1,26.2,26.1,25.8,26.1,26.0,26.1,25.9,26.0,26.1,26.1,26.1,25.9,26.0,26.0,26.1,26.1,26.0,26.0,26.0,26.1,26.2,26.2,26.4,26.6,26.7,26.7,26.8,26.9,26.7,26.9,26.9,26.9,27.1,27.0,26.9,27.0,27.0,27.1,27.1,27.0,27.1,27.1,27.1,27.2,27.3,27.1,27.0,27.1,27.0,27.0,27.0,27.0,27.1,26.9,27.0,27.1,27.0,27.0,27.1,26.9,27.1,27.1,27.1,27.0,27.1,27.1,26.9,27.0,27.1,26.9,27.1,26.9,27.0,26.9,26.9,26.8,26.9,26.9
169,27.7,27.6,27.6,27.8,27.7,27.8,27.8,27.8,27.8,27.8,27.8,27.8,27.7,27.8,27.7,27.8,27.5,27.8,27.8,27.6,27.6,27.7,27.6,27.8,27.6,27.7,27.5,27.3,27.2,26.8,26.8,26.8,26.7,26.7,26.6,26.5,26.6,26.5,26.5,26.4,26.4,26.3,26.4,26.4,26.3,26.4,26.3,26.4,26.3,26.3,26.3,26.3,26.4,26.4,26.3,26.3,26.5,26.4,26.4,26.4,26.6,26.4,26.4,26.3,26.4,26.5,26.4,26.4,26.6,26.6,26.7,26.5,26.4,26.7,26.6,26.6,26.6,26.6,26.6,26.5,26.5,26.3,26.4,26.4,26.5,26.3,26.4,26.4,26.3,26.3,26.2,26.3,26.3,26.3,26.3,26.2,26.4,26.7,26.9,26.9,27.2,26.8,26.7,26.6,26.2,26.2,26.2,26.1,26.0,26.1,26.1,26.2,26.1,26.1,26.1,25.9,26.1,25.9,26.0,25.9,26.1,26.0,26.2,26.1,25.8,25.9,26.0,26.1,26.2,26.1,25.9,26.0,26.0,26.0,26.0,26.3,26.3,26.4,26.5,26.9,26.8,26.9,26.9,27.0,26.9,26.9,26.9,27.1,27.0,27.0,27.0,27.0,27.2,27.0,27.2,27.1,27.1,27.2,27.0,27.1,27.1,26.9,27.1,27.2,27.3,27.1,27.0,27.0,27.1,27.1,27.0,27.0,27.2,26.9,27.1,26.9,27.1,27.0,27.0,27.2,27.0,27.2,26.9,27.0,26.9,27.0,26.8,27.0,26.9,26.9,26.9,26.9
170,27.6,27.6,27.8,27.5,27.7,27.7,27.7,27.7,27.7,27.7,27.8,27.6,27.8,27.7,27.8,27.9,27.7,27.7,27.8,27.6,27.8,27.6,27.6,27.7,27.7,27.6,27.5,27.3,27.2,26.9,26.6,26.8,26.8,26.6,26.6,26.6,26.5,26.6,26.6,26.4,26.4,26.3,26.4,26.4,26.5,26.5,26.5,26.4,26.3,26.4,26.4,26.5,26.5,26.5,26.5,26.5,26.6,26.5,26.5,26.5,26.3,26.6,26.3,26.3,26.3,26.2,26.5,26.4,26.4,26.3,26.6,26.6,26.5,26.5,26.5,26.7,26.6,26.6,26.7,26.6,26.5,26.6,26.6,26.6,26.7,26.5,26.5,26.4,26.4,26.5,26.5,26.3,26.4,26.2,26.4,26.3,26.4,26.4,26.5,26.7,26.8,26.8,26.4,26.4,26.3,26.1,26.2,26.1,26.0,26.1,26.2,26.2,26.3,26.1,26.1,26.0,26.1,26.0,26.0,26.1,26.1,25.9,25.8,26.1,26.1,26.1,26.0,26.0,26.0,26.0,26.0,26.0,25.9,26.0,26.0,26.1,26.4,26.4,26.7,26.8,26.8,26.8,26.8,26.9,26.9,26.9,27.0,27.1,27.0,27.0,27.1,27.0,27.1,27.1,27.1,27.0,27.1,27.2,27.1,27.1,27.1,27.0,26.9,27.0,27.0,27.1,27.1,26.9,27.0,27.0,27.1,27.1,26.9,26.9,27.1,26.9,27.0,26.9,27.1,26.9,27.0,26.9,26.9,26.9,26.9,26.9,27.0,26.9,27.0,26.8,26.9,26.9
171,27.7,27.6,27.7,27.6,27.8,27.7,27.8,27.7,27.7,27.7,27.5,27.8,27.8,27.7,27.6,27.7,27.8,27.8,27.8,27.7,27.7,27.9,27.6,27.7,27.7,27.8,27.5,27.3,27.3,27.1,26.9,26.9,26.9,26.9,27.0,26.7,26.9,26.8,26.7,26.9,26.6,26.6,26.6,26.7,26.6,26.5,26.5,26.8,26.6,26.7,26.8,26.7,26.9,26.8,26.9,26.9,27.0,27.0,26.6,26.6,26.4,26.4,26.3,26.3,26.4,26.4,26.3,26.3,26.1,26.4,26.4,26.4,26.5,26.6,26.6,26.6,26.7,26.6,26.5,26.6,26.6,26.8,26.7,26.9,27.1,26.7,26.7,26.6,26.5,26.6,26.5,26.5,26.5,26.4,26.4,26.4,26.4,26.5,26.6,26.7,26.7,26.6,26.7,26.4,26.3,26.2,26.2,26.0,26.0,26.1,26.0,25.9,26.1,26.0,26.1,25.8,25.9,26.0,25.8,25.9,26.0,26.0,26.0,25.9,26.1,26.1,26.0,26.0,26.0,26.1,26.0,26.0,26.0,26.1,26.2,26.3,26.4,26.6,26.6,26.8,26.6,26.9,26.9,27.0,26.9,26.9,26.9,26.9,26.9,27.0,27.0,27.0,27.1,27.0,27.1,27.0,27.1,27.0,26.9,27.1,27.2,27.1,27.1,26.9,26.9,27.0,27.0,26.9,27.0,27.1,27.0,27.1,27.0,27.0,27.1,26.9,27.1,27.0,27.0,26.9,26.8,27.0,26.9,27.0,27.0,26.9,26.9,27.0,26.8,26.8,26.9,26.9
172,27.6,27.5,27.6,27.6,27.8,27.7,27.8,27.8,27.8,27.8,27.7,27.8,27.8,27.8,27.8,27.7,27.8,27.7,28.0,27.7,27.6,27.7,27.8,27.7,27.8,27.6,27.6,27.6,27.6,27.6,27.5,27.6,27.5,27.5,27.3,27.2,26.8,26.9,26.9,26.9,26.8,26.8,27.0,27.1,26.9,26.9,27.0,27.0,26.9,26.9,27.0,27.1,27.3,27.4,27.6,27.5,27.8,27.5,27.3,26.9,26.5,26.5,26.4,26.4,26.5,26.3,26.4,26.4,26.6,26.4,26.5,26.4,26.5,26.4,26.4,26.5,26.6,26.5,26.5,26.7,26.6,26.9,27.1,27.4,27.4,27.1,27.0,26.7,26.6,26.9,26.7,26.7,26.8,26.7,26.7,26.4,26.3,26.5,26.5,26.6,26.9,26.7,26.6,26.4,26.2,26.2,26.1,26.2,26.0,26.1,26.0,26.1,26.0,26.1,26.2,26.0,26.1,26.1,26.2,26.1,25.8,26.1,26.1,25.9,26.0,25.8,25.9,25.9,26.0,26.0,26.0,25.9,26.0,26.1,26.2,26.2,26.4,26.4,26.6,26.6,26.9,26.8,26.6,27.0,26.9,27.0,27.0,26.9,27.2,27.0,26.9,27.0,27.0,27.0,26.9,27.1,27.2,27.1,27.1,27.1,27.0,26.9,27.1,27.0,27.0,27.1,26.9,27.0,26.9,27.1,27.0,27.0,27.1,26.9,27.1,26.9,27.1,26.8,26.7,27.1,27.0,26.9,27.0,26.9,26.9,26.9,26.9,27.0,26.7,26.7,27.0,26.9
173,27.7,27.6,27.6,27.6,27.7,27.7,27.7,27.5,27.5,27.7,27.6,27.7,27.8,27.7,27.8,27.7,27.6,27.8,27.7,27.8,27.6,27.6,27.6,27.7,27.7,27.5,27.8,27.9,27.8,28.2,28.2,28.2,27.9,27.7,27.3,27.2,26.7,26.7,26.6,26.7,26.7,26.6,26.8,26.8,26.9,26.9,26.8,26.6,26.8,26.9,26.8,27.1,27.4,27.9,28.0,28.1,28.1,27.8,27.7,27.4,26.6,26.5,26.3,26.2,26.2,26.3,26.3,26.4,26.2,26.3,26.3,26.4,26.4,26.6,26.5,26.7,26.7,26.7,26.5,26.6,26.7,26.9,27.2,27.4,27.4,26.9,26.9,26.6,26.7,26.8,26.7,26.8,26.5,26.4,26.5,26.4,26.3,26.5,26.4,26.6,26.6,26.5,26.5,26.5,26.3,26.2,26.2,26.3,26.2,26.0,26.2,25.9,26.2,26.0,26.1,26.1,26.1,26.0,26.2,26.0,26.1,26.1,26.2,26.1,26.1,26.2,25.9,25.9,25.9,26.2,26.1,26.0,26.0,26.0,26.1,26.3,26.3,26.6,26.6,26.5,26.7,26.9,26.6,26.8,26.8,26.9,26.9,26.8,27.0,26.9,26.9,27.1,26.9,27.1,27.3,26.9,27.0,27.1,27.1,26.9,27.0,27.2,27.1,27.0,27.0,27.0,26.8,27.0,26.9,27.1,27.1,26.9,27.0,27.0,27.0,26.9,26.9,27.2,26.9,26.9,26.9,26.9,26.9,27.0,26.8,26.9,26.9,27.0,26.9,26.9,27.0,27.0
174,27.6,27.7,27.6,27.6,27.8,27.8,27.6,27.7,27.7,27.8,27.6,27.7,27.8,27.9,27.9,27.8,27.7,27.6,27.8,27.8,27.7,27.6,27.7,27.8,27.6,27.6,27.8,28.2,28.2,28.6,28.6,28.3,28.1,27.9,27.3,26.9,26.7,26.7,26.6,26.8,26.6,26.6,26.6,26.6,26.7,26.7,26.7,26.6,26.6,26.6,26.8,27.2,27.3,27.8,28.2,28.5,28.6,28.3,28.1,27.5,26.7,26.6,26.3,26.3,26.4,26.2,26.2,26.2,26.3,26.4,26.3,26.3,26.4,26.4,26.3,26.5,26.5,26.6,26.6,26.7,26.8,26.7,27.1,27.2,26.9,26.8,26.8,26.8,26.6,26.6,26.7,26.5,26.7,26.5,26.4,26.4,26.3,26.4,26.5,26.6,26.5,26.6,26.5,26.3,26.1,26.1,26.2,26.2,26.1,26.1,26.1,26.1,26.1,26.0,26.1,26.2,26.1,25.8,26.0,26.1,26.2,26.1,25.9,26.0,25.9,26.1,26.1,25.9,26.0,26.1,25.9,26.1,26.0,26.0,26.0,26.2,26.2,26.4,26.6,26.6,26.7,26.6,26.8,26.8,26.7,27.0,26.7,26.9,27.0,26.9,27.0,27.0,26.9,27.1,27.0,26.9,27.0,26.8,27.0,27.0,27.0,27.1,27.1,26.8,27.0,27.0,26.9,27.0,27.1,27.0,27.2,27.0,27.0,27.1,27.2,27.1,27.1,27.1,26.9,26.9,27.0,27.1,26.9,27.0,26.9,26.9,27.0,26.8,26.9,26.9,26.8,26.8
175,27.8,27.6,27.7,27.9,27.7,27.7,27.6,27.8,27.7,27.9,27.6,27.8,27.8,27.8,27.8,27.6,27.7,27.7,27.7,27.8,27.8,27.6,27.7,27.7,27.7,28.0,28.0,28.3,28.6,28.8,28.8,28.8,28.1,27.7,27.0,26.7,26.5,26.5,26.5,26.5,26.4,26.4,26.5,26.6,26.8,26.7,26.4,26.5,26.5,26.6,26.9,27.1,27.3,27.9,28.3,28.8,29.0,28.7,28.3,27.7,26.9,26.5,26.5,26.4,26.3,26.3,26.3,26.4,26.2,26.3,26.2,26.4,26.3,26.5,26.4,26.4,26.3,26.4,26.5,26.5,26.6,26.7,26.8,26.9,26.9,26.8,26.9,26.8,26.6,26.6,26.6,26.4,26.7,26.6,26.5,26.4,26.4,26.3,26.4,26.4,26.5,26.4,26.3,26.4,26.5,26.3,26.2,26.3,26.0,26.1,26.0,26.1,26.1,26.1,26.1,26.0,26.2,26.0,26.0,26.1,26.1,26.2,26.0,26.2,26.1,26.1,25.8,26.2,26.1,26.3,26.6,26.3,26.4,26.3,26.3,26.3,26.4,26.6,26.6,26.5,26.6,26.6,26.8,26.8,26.8,26.7,27.0,26.9,26.8,27.0,27.0,26.8,27.1,27.1,27.0,27.0,27.0,27.0,26.9,26.9,27.2,27.1,27.0,27.1,27.1,27.0,27.1,27.0,27.3,27.1,27.0,27.0,27.0,27.0,26.9,27.0,27.0,27.1,27.2,27.0,26.9,27.0,27.0,26.8,27.0,26.9,26.9,26.9,26.9,26.9,26.9,26.9
176,27.7,27.6,27.9,27.6,27.7,27.7,27.9,27.7,27.8,27.6,27.7,27.6,27.6,27.9,27.8,27.8,27.7,27.7,27.8,27.8,27.6,27.8,27.8,27.7,27.5,27.9,27.9,28.5,28.7,28.9,29.0,28.8,28.3,27.7,27.1,26.6,26.5,26.6,26.6,26.2,26.5,26.5,26.4,26.4,26.4,26.4,26.3,26.6,26.4,26.6,26.5,27.0,27.4,27.9,28.5,28.8,29.0,28.9,28.5,27.8,27.0,26.6,26.3,26.3,26.4,26.3,26.4,26.2,26.3,26.3,26.2,26.2,26.4,26.4,26.4,26.6,26.5,26.5,26.5,26.6,26.6,26.6,26.8,26.8,26.8,26.9,26.5,26.5,26.7,26.6,26.7,26.5,26.7,26.7,26.7,26.5,26.4,26.5,26.5,26.5,26.5,26.3,26.4,26.6,26.8,26.7,26.4,26.3,26.0,26.4,26.2,26.1,26.1,25.9,26.2,26.1,26.0,25.9,26.0,26.1,26.0,26.0,26.2,26.2,26.1,26.1,26.2,26.2,26.2,26.4,26.5,26.6,26.5,26.4,26.4,26.3,26.4,26.6,26.5,26.6,26.6,26.8,26.7,26.8,26.9,27.0,26.9,26.9,27.0,27.1,26.9,27.0,27.0,26.9,27.0,27.1,27.1,27.0,27.0,27.1,27.1,27.2,27.0,27.0,27.1,27.1,27.0,27.1,27.0,27.1,26.9,27.1,27.0,26.9,27.0,27.0,27.1,26.9,26.9,27.1,27.0,26.9,26.8,27.1,27.0,26.9,27.0,27.1,26.9,27.0,26.9,26.9
177,27.8,27.8,27.7,27.8,27.8,27.8,27.7,27.8,27.8,27.8,27.8,27.7,27.9,27.8,27.9,27.9,28.0,27.8,27.7,27.7,27.8,28.0,27.8,27.8,27.6,28.0,28.0,28.2,28.6,28.9,28.9,28.6,28.1,27.7,26.9,26.7,26.5,26.4,26.4,26.4,26.4,26.4,26.3,26.4,26.5,26.5,26.3,26.3,26.4,26.5,26.6,26.8,27.2,27.7,28.3,28.9,29.1,29.0,28.4,27.8,27.1,26.4,26.4,26.5,26.3,26.4,26.4,26.4,26.3,26.5,26.3,26.4,26.5,26.5,26.7,26.6,26.6,26.6,26.4,26.7,26.6,26.6,26.7,26.9,26.9,26.6,26.6,26.6,26.5,26.6,26.6,26.6,26.8,26.8,26.5,26.6,26.6,26.5,26.6,26.5,26.4,26.4,26.4,26.7,26.9,26.8,26.7,26.4,26.2,26.2,26.3,26.1,26.0,26.1,26.1,26.1,26.2,26.2,26.2,26.2,26.2,26.3,26.2,26.3,26.4,26.5,26.2,26.4,26.4,26.6,26.7,26.8,26.6,26.6,26.4,26.4,26.4,26.6,26.6,26.7,26.7,26.7,26.5,26.8,26.9,27.0,26.8,27.0,26.8,26.9,27.0,27.0,26.8,27.0,26.9,26.9,27.0,27.1,27.0,27.2,26.9,26.8,27.0,27.0,27.1,26.9,27.1,27.0,27.0,26.9,27.1,26.9,27.1,27.0,26.9,27.0,26.9,27.1,27.0,27.0,26.9,27.0,26.9,26.9,26.9,26.8,27.0,26.9,27.0,26.8,26.9,27.0
178,27.6,27.5,27.7,27.8,27.8,27.6,28.0,27.7,27.7,27.8,27.8,27.7,27.8,27.8,27.7,27.9,27.8,27.9,27.7,27.7,27.8,27.7,27.7,27.7,27.7,27.8,27.8,28.4,28.6,29.1,28.9,28.7,28.0,27.6,27.0,26.5,26.3,26.4,26.4,26.3,26.4,26.3,26.4,26.4,26.4,26.5,26.2,26.4,26.5,26.4,26.4,26.9,27.2,27.8,28.4,29.0,29.4,29.1,28.6,27.8,27.1,26.6,26.5,26.4,26.4,26.4,26.2,26.4,26.4,26.5,26.5,26.6,26.7,26.7,26.6,26.7,26.7,26.6,26.7,26.7,26.6,26.8,26.7,27.1,26.9,26.9,26.6,26.7,26.6,26.8,26.8,26.8,27.0,26.7,26.8,26.8,26.8,26.8,26.8,26.6,26.6,26.4,26.5,26.7,26.8,26.9,26.9,26.6,26.5,26.5,26.4,26.3,26.4,26.3,26.2,26.2,26.2,26.3,26.5,26.5,26.5,26.6,26.6,26.5,26.8,26.8,26.7,26.8,26.6,26.9,27.0,27.1,27.1,26.8,26.5,26.6,26.4,26.5,26.5,26.4,26.4,26.8,26.6,26.7,26.9,26.9,27.0,27.0,26.9,26.9,26.9,26.9,26.9,27.0,27.3,26.9,27.0,27.0,26.9,27.1,26.9,27.0,27.1,26.9,26.9,27.0,27.0,27.0,27.1,27.1,26.9,26.9,27.1,27.0,27.0,27.0,27.1,26.9,27.0,26.9,26.9,26.9,27.0,27.0,26.9,27.1,26.9,27.0,27.0,26.9,27.0,26.9
179,27.6,27.5,27.7,27.8,27.6,27.7,27.6,27.7,27.8,27.8,27.7,27.8,27.6,27.7,27.8,27.8,27.8,27.7,27.8,27.8,27.9,27.7,27.9,27.9,27.8,27.8,28.0,28.3,28.7,28.9,29.0,28.8,28.2,27.6,26.8,26.4,26.4,26.2,26.4,26.4,26.4,26.3,26.3,26.4,26.2,26.4,26.3,26.2,26.5,26.4,26.5,26.8,27.2,27.7,28.5,28.9,29.5,29.2,28.7,27.7,27.0,26.7,26.4,26.3,26.3,26.3,26.4,26.3,26.6,26.7,26.8,26.9,27.0,27.1,26.9,27.1,27.1,26.9,26.8,26.8,27.0,27.1,27.3,27.1,27.2,27.2,27.0,26.9,27.1,27.3,27.4,27.5,27.4,27.4,27.1,27.1,27.1,27.0,26.9,26.7,26.3,26.4,26.7,26.8,27.0,27.1,27.1,27.1,27.0,27.1,26.8,26.8,26.7,26.5,26.6,26.4,26.5,26.6,26.8,26.9,26.9,27.0,27.0,27.0,27.4,27.2,27.1,27.3,27.2,27.3,27.6,27.6,27.5,27.3,26.8,26.7,26.5,26.6,26.7,26.6,26.6,26.8,26.6,26.8,26.7,26.9,26.8,27.0,26.9,27.0,27.1,26.9,27.0,27.0,27.0,26.9,27.0,27.0,27.1,27.1,27.0,27.1,27.1,27.0,27.0,27.0,27.1,27.1,27.1,27.0,27.0,27.1,27.0,27.1,27.1,27.1,27.1,27.0,26.9,27.0,26.9,26.9,27.0,26.9,27.0,27.1,26.9,26.9,26.9,27.0,27.0,27.0
180,27.7,27.8,27.7,27.9,27.8,27.8,27.7,27.8,27.8,27.8,27.8,27.8,27.6,27.8,27.8,27.7,27.7,27.8,27.8,27.7,27.8,27.7,27.7,27.8,27.8,27.9,28.0,28.3,28.6,28.9,29.0,28.6,28.2,27.5,26.9,26.8,26.4,26.3,26.3,26.4,26.4,26.3,26.3,26.4,26.3,26.4,26.4,26.4,26.4,26.4,26.4,26.7,27.3,27.7,28.4,29.1,29.7,29.4,28.6,27.7,27.2,26.6,26.5,26.4,26.4,26.3,26.2,26.5,26.7,27.0,27.3,27.3,27.3,27.6,27.3,27.4,27.3,27.3,27.1,27.2,27.5,27.6,27.5,27.7,27.7,27.8,27.6,27.8,28.0,28.1,28.3,28.2,28.1,27.8,27.5,27.3,27.1,27.1,26.9,26.6,26.5,26.4,26.5,26.6,27.0,26.9,27.1,27.2,27.4,27.5,27.3,27.2,27.1,26.8,26.6,26.6,26.7,26.7,26.8,27.0,27.3,27.2,27.6,27.9,28.3,28.0,28.0,27.9,28.0,27.9,28.0,28.1,27.8,27.6,26.9,26.7,26.6,26.5,26.4,26.4,26.6,26.7,26.6,26.8,26.8,26.8,26.9,26.9,26.9,27.1,27.1,27.0,26.9,27.0,26.9,26.8,26.9,27.0,27.1,27.1,27.0,27.0,27.0,27.1,27.1,27.0,27.3,27.0,27.0,27.0,27.1,27.1,27.1,27.0,26.9,27.1,27.1,27.0,27.0,27.1,27.0,26.8,26.9,26.9,26.9,26.9,27.1,27.0,27.1,27.0,27.1,26.8
181,27.9,27.7,27.8,27.6,27.8,27.7,27.8,27.8,27.6,27.8,27.7,27.8,27.7,27.8,27.8,27.8,27.7,27.7,27.8,27.9,27.9,27.8,27.8,27.8,27.8,27.9,27.8,28.3,28.6,29.0,29.0,28.7,28.2,27.6,27.0,26.5,26.3,26.4,26.3,26.3,26.3,26.4,26.4,26.5,26.4,26.4,26.3,26.4,26.4,26.5,26.4,26.7,27.2,27.6,28.5,29.3,29.8,29.3,28.6,27.8,27.2,26.7,26.5,26.5,26.4,26.3,26.5,26.7,26.8,27.1,27.6,27.6,27.6,27.6,27.6,27.7,27.8,27.6,27.6,27.8,27.8,28.1,28.1,28.0,28.0,28.1,28.2,28.2,28.4,28.6,28.7,28.8,28.6,28.2,28.0,27.6,27.5,27.0,26.9,26.6,26.4,26.5,26.6,26.6,26.6,27.1,27.4,27.6,27.6,27.5,27.4,27.3,27.3,27.1,27.0,26.7,26.7,26.8,26.9,27.2,27.5,27.8,28.2,28.8,29.0,28.4,28.2,28.1,28.5,28.5,28.5,28.5,28.4,27.8,27.2,26.9,26.7,26.6,26.6,26.6,26.5,26.6,26.6,26.7,26.7,26.9,26.8,26.8,27.0,26.9,26.9,26.9,27.0,26.9,27.1,27.1,27.0,26.9,27.1,26.9,27.1,27.0,27.0,27.0,27.1,27.0,27.0,27.0,26.9,27.0,26.8,27.0,27.0,27.1,26.9,26.8,27.0,27.0,27.0,27.0,26.9,26.9,27.0,27.0,26.9,26.9,27.0,27.0,27.1,26.9,26.8,26.9
182,27.6,27.8,27.7,27.7,27.7,27.6,27.6,27.7,27.6,27.8,27.7,27.7,27.9,27.8,27.7,27.7,28.0,27.9,27.8,27.8,27.7,27.8,27.7,27.8,27.7,27.8,27.9,28.3,28.6,28.8,29.0,28.6,28.4,27.6,26.9,26.6,26.4,26.5,26.4,26.4,26.4,26.3,26.2,26.3,26.4,26.4,26.3,26.4,26.3,26.3,26.4,26.6,27.2,27.6,28.5,29.4,30.0,29.3,28.6,27.8,27.1,26.8,26.5,26.4,26.4,26.4,26.4,26.6,27.0,27.2,27.5,27.6,27.6,27.6,27.6,27.8,27.8,28.0,27.7,27.9,28.0,28.0,28.1,28.4,28.3,28.3,28.3,28.2,28.6,28.7,28.9,28.6,28.6,28.2,27.9,27.8,27.4,26.8,26.6,26.5,26.5,26.5,26.4,26.7,26.6,27.0,27.3,27.6,27.7,27.6,27.6,27.2,27.1,26.9,26.9,26.6,26.6,26.8,26.9,27.2,27.6,28.0,28.7,29.4,29.2,29.0,28.8,28.7,28.7,28.8,28.8,28.8,28.5,28.0,27.2,27.1,26.8,26.5,26.4,26.5,26.5,26.8,26.7,26.8,26.6,26.7,26.7,26.7,26.9,26.9,26.9,26.9,26.8,26.9,27.0,27.0,26.9,27.1,26.9,26.9,26.9,26.9,26.9,26.9,26.9,27.0,26.9,26.9,26.9,27.0,26.8,27.0,26.9,26.8,26.9,26.9,27.1,26.9,26.9,26.9,26.9,26.8,27.0,26.9,26.9,26.9,26.9,27.0,26.8,26.9,26.9,26.9
183,27.6,27.6,27.8,27.8,27.8,27.7,27.8,28.0,27.6,27.8,27.9,27.8,27.7,27.8,27.7,27.9,27.7,27.8,27.8,27.8,27.8,27.6,27.8,27.7,27.7,27.7,28.1,28.3,28.6,29.1,29.0,28.7,28.3,27.8,26.9,26.5,26.3,26.4,26.2,26.5,26.5,26.3,26.3,26.4,26.3,26.3,26.2,26.4,26.5,26.4,26.4,26.6,27.0,27.6,28.5,29.7,29.9,29.3,28.5,27.9,27.2,26.7,26.8,26.7,26.6,26.4,26.6,26.7,27.2,27.4,27.7,27.8,27.6,27.4,27.7,27.8,27.7,27.9,27.9,28.1,28.2,28.3,28.4,28.3,28.5,28.5,28.4,28.5,28.6,28.7,28.8,28.6,28.5,28.4,27.9,27.5,27.1,26.9,26.5,26.3,26.2,26.2,26.4,26.4,26.6,26.8,27.3,27.7,27.7,27.7,27.5,27.3,27.0,26.9,26.9,26.8,26.7,26.7,26.9,27.2,27.7,28.3,28.9,29.7,29.3,29.0,29.0,28.9,29.0,29.0,28.9,28.9,28.6,28.2,27.5,27.0,26.8,26.6,26.6,26.4,26.7,26.5,26.6,26.6,26.6,26.9,26.7,26.9,26.8,26.8,26.8,26.9,26.9,26.9,26.9,27.0,27.0,26.9,26.8,26.9,26.9,26.9,27.1,27.1,27.1,26.9,26.9,26.9,26.9,27.1,26.9,27.0,26.9,26.9,26.9,26.9,26.9,26.9,27.0,27.0,26.9,26.9,27.1,26.9,27.1,26.9,26.8,26.9,26.8,26.9,27.0,27.0
184,27.7,27.6,27.8,27.7,27.9,27.6,27.9,27.7,27.7,27.8,27.9,27.8,27.9,27.9,27.9,27.8,27.9,27.8,27.8,27.9,27.9,27.8,27.8,27.8,27.8,27.8,28.0,28.2,28.8,29.0,29.0,28.9,28.4,27.8,27.1,26.7,26.5,26.4,26.4,26.5,26.5,26.4,26.6,26.5,26.5,26.5,26.5,26.5,26.4,26.5,26.6,26.7,27.1,27.8,28.6,29.8,30.2,29.5,28.4,27.8,27.3,26.9,26.7,26.8,26.7,26.6,26.7,26.9,27.2,27.6,27.8,27.9,27.7,27.4,27.5,27.6,27.7,27.9,27.9,28.2,28.3,28.2,28.3,28.2,28.5,28.6,28.4,28.6,28.6,28.6,28.6,28.6,28.3,28.1,27.9,27.6,27.2,26.7,26.6,26.3,26.3,26.2,26.2,26.5,26.4,26.7,27.2,27.6,27.6,27.6,27.3,27.1,27.0,27.0,26.9,26.8,26.9,26.7,26.9,27.3,28.0,28.7,29.4,29.9,29.6,29.1,29.1,29.0,29.2,29.1,29.2,29.2,28.7,28.2,27.6,27.0,26.7,26.6,26.4,26.5,26.6,26.5,26.8,26.8,26.8,26.8,27.0,26.9,26.9,26.9,27.0,26.9,27.1,26.9,26.9,27.0,26.9,27.1,26.8,27.1,27.0,27.0,27.2,27.0,26.9,26.9,27.0,26.9,27.1,27.1,27.0,26.9,27.0,27.0,27.0,27.1,27.0,26.9,26.7,27.0,26.9,26.9,27.0,27.2,26.9,27.0,26.9,27.0,26.9,26.9,26.7,27.1
185,27.6,27.8,27.9,27.6,28.0,27.7,27.7,27.7,27.8,27.8,28.0,27.8,27.8,27.8,27.9,27.8,27.8,28.0,27.8,27.9,27.8,27.9,27.9,27.7,27.6,27.9,28.2,28.5,28.6,28.9,29.2,28.8,28.3,27.9,27.2,26.6,26.6,26.5,26.4,26.4,26.4,26.6,26.4,26.3,26.5,26.4,26.6,26.4,26.4,26.3,26.4,26.8,27.3,27.7,28.7,30.0,30.2,29.4,28.6,27.9,27.4,27.0,26.9,26.7,26.7,26.6,26.5,27.0,27.3,27.7,27.9,28.0,27.7,27.5,27.4,27.3,27.3,27.6,27.8,28.0,28.0,28.1,28.2,28.2,28.2,28.3,28.2,28.3,28.6,28.4,28.2,28.2,28.1,27.9,27.7,27.5,27.1,26.7,26.2,26.2,26.3,26.2,26.4,26.2,26.4,26.6,27.0,27.4,27.5,27.2,27.2,27.0,27.0,27.0,26.9,26.7,26.8,26.9,26.9,27.5,28.2,29.2,29.7,29.7,29.4,29.1,29.1,29.1,29.2,29.3,29.1,29.3,28.8,28.2,27.6,27.0,26.8,26.6,26.5,26.6,26.7,26.5,26.5,26.8,26.6,26.6,26.9,26.7,26.9,26.8,27.1,26.8,26.9,27.0,26.9,27.0,27.0,27.1,26.9,27.1,27.0,27.2,27.0,27.2,27.0,27.1,27.0,27.0,27.0,26.9,27.1,27.0,27.0,26.9,27.1,27.3,27.0,27.0,27.0,27.1,27.0,26.9,27.0,27.0,26.9,27.0,27.0,27.1,26.9,27.0,27.0,26.9
186,27.5,27.7,27.8,27.7,27.8,27.7,27.9,27.7,27.8,27.8,27.9,27.7,27.7,27.8,27.7,27.9,27.8,27.8,27.9,27.7,27.9,27.8,27.7,27.8,27.7,27.8,27.9,28.2,28.6,29.0,29.1,28.9,28.3,27.7,27.1,26.6,26.4,26.4,26.6,26.3,26.5,26.4,26.4,26.4,26.3,26.4,26.4,26.5,26.5,26.5,26.5,26.8,27.0,27.8,28.7,30.1,30.6,29.5,28.6,27.9,27.4,26.9,26.7,26.6,26.7,26.5,26.6,26.8,27.4,27.6,28.0,28.1,27.6,27.5,27.3,27.3,27.3,27.3,27.4,27.6,27.6,27.6,27.8,28.1,28.0,28.0,28.1,28.0,28.0,28.1,27.9,27.8,27.6,27.5,27.4,27.2,27.0,26.8,26.4,26.4,26.2,26.3,26.2,26.3,26.6,26.7,27.2,27.4,27.6,27.4,27.1,26.9,26.9,26.9,26.9,26.9,26.9,27.1,27.2,27.6,28.4,29.7,29.7,29.6,29.3,29.3,29.2,29.3,29.0,29.2,29.1,29.1,28.7,28.2,27.8,27.1,26.7,26.6,26.6,26.5,26.7,26.7,26.7,26.8,26.7,26.8,26.8,26.6,26.7,26.9,26.9,26.9,27.0,27.0,27.0,27.1,27.0,27.1,26.9,27.0,27.1,26.9,27.0,27.0,27.0,27.1,27.1,27.1,27.1,27.0,26.9,27.0,27.1,27.1,27.0,27.0,27.1,27.0,26.9,27.0,26.9,26.9,27.0,27.1,27.0,27.0,27.0,26.9,27.1,26.9,26.9,26.9
187,27.8,27.6,27.7,27.8,27.6,27.6,27.8,27.8,27.9,27.8,27.8,27.7,27.7,27.9,27.7,27.8,27.8,27.7,27.7,27.8,27.7,27.7,27.8,27.7,27.9,27.8,28.0,28.4,28.7,28.8,29.1,28.9,28.3,27.9,27.1,26.7,26.4,26.5,26.3,26.4,26.4,26.5,26.4,26.5,26.3,26.4,26.5,26.4,26.4,26.4,26.6,26.8,27.2,27.8,28.8,30.1,30.8,29.8,28.7,27.9,27.2,26.7,26.7,26.6,26.5,26.6,26.6,26.9,27.1,27.5,28.0,28.2,27.9,27.4,27.3,27.2,27.2,27.1,27.3,27.2,27.5,27.3,27.5,27.5,27.6,27.4,27.7,27.6,27.5,27.4,27.5,27.4,27.3,27.3,27.3,27.2,26.8,26.6,26.4,26.3,26.2,26.1,26.3,26.2,26.4,26.6,27.0,27.3,27.3,27.3,26.9,26.9,26.7,26.8,26.9,26.8,26.9,27.2,27.4,27.7,28.5,29.4,29.8,29.4,29.3,29.2,29.1,29.1,29.2,29.2,29.2,29.3,28.9,28.3,27.6,27.3,26.7,26.6,26.5,26.4,26.4,26.6,26.7,26.4,26.7,26.9,26.9,26.7,26.9,26.9,26.9,26.9,26.9,27.0,26.9,27.1,26.9,26.9,26.9,27.1,27.1,26.9,27.1,26.9,27.0,27.0,27.1,26.9,26.9,27.2,26.9,27.0,26.9,26.8,27.0,27.1,26.9,26.9,27.0,26.9,26.9,27.0,27.0,26.9,27.1,26.9,26.9,26.8,26.9,27.0,26.8,26.8
188,27.7,27.8,27.6,27.7,27.8,27.6,27.9,27.6,27.7,27.8,27.7,27.7,27.8,27.8,27.9,27.7,27.7,27.6,27.8,27.6,27.9,27.8,27.8,27.9,27.6,27.9,28.0,28.2,28.5,29.0,29.0,28.8,28.3,27.8,27.2,26.7,26.4,26.2,26.4,26.3,26.4,26.4,26.4,26.4,26.4,26.3,26.4,26.4,26.4,26.5,26.5,26.7,27.1,27.6,28.9,30.1,30.8,30.2,28.9,28.0,27.3,26.9,26.6,26.5,26.4,26.5,26.4,26.8,27.2,27.6,28.0,28.4,28.1,27.7,27.6,27.3,27.3,27.4,27.2,27.2,27.1,27.3,27.4,27.3,27.4,27.1,27.3,27.3,27.2,27.2,27.1,27.0,27.0,27.0,27.1,27.1,27.0,26.8,26.6,26.4,26.2,26.1,26.2,26.4,26.7,26.9,27.3,27.3,27.2,27.3,26.9,26.8,26.9,26.9,27.1,27.2,27.3,27.5,27.8,28.2,28.8,29.6,29.5,29.2,29.3,29.3,29.1,29.3,29.3,29.1,29.0,29.2,28.8,28.3,27.7,27.2,26.6,26.5,26.5,26.6,26.6,26.6,26.6,26.8,26.7,26.7,26.8,26.8,27.0,27.0,27.0,27.1,27.0,26.9,26.9,27.0,27.0,26.9,27.0,27.1,27.0,27.0,26.9,27.0,27.0,27.1,26.9,27.1,27.0,26.9,27.0,27.0,26.9,27.0,27.0,27.0,27.0,26.9,26.9,27.0,26.8,27.0,26.9,26.9,26.9,26.9,27.1,26.9,26.7,26.9,27.0,26.8
189,27.8,27.5,27.7,27.6,27.8,27.8,27.8,27.8,27.8,27.7,27.8,27.8,27.7,27.8,27.9,27.7,27.7,27.8,27.8,27.8,27.9,27.7,27.7,27.9,27.6,27.7,28.0,28.2,28.6,29.0,28.9,28.9,28.3,27.8,27.1,26.6,26.5,26.4,26.4,26.4,26.4,26.3,26.4,26.6,26.4,26.5,26.4,26.4,26.4,26.3,26.5,26.6,27.1,27.8,28.7,29.9,30.9,30.2,29.1,28.0,27.4,26.7,26.5,26.5,26.3,26.4,26.5,26.9,27.1,27.6,28.2,28.4,28.2,27.9,27.6,27.4,27.3,27.3,27.1,27.2,27.2,27.1,27.0,27.0,27.1,27.1,27.0,27.1,26.9,26.7,26.9,26.9,26.7,26.8,27.1,27.1,27.0,26.7,26.5,26.4,26.2,26.2,26.2,26.4,26.7,27.0,27.3,27.5,27.3,27.2,27.0,26.9,26.9,27.0,27.3,27.3,27.6,27.8,28.0,28.2,28.6,29.3,29.4,29.3,29.2,29.2,29.3,29.0,29.2,29.3,29.3,29.1,28.8,28.2,27.6,26.9,26.6,26.5,26.6,26.4,26.5,26.6,26.7,26.7,26.6,26.7,26.8,26.7,26.9,26.8,26.8,26.8,26.9,26.9,27.0,26.8,27.0,27.0,27.0,27.0,26.9,27.2,27.0,26.9,27.1,26.8,26.9,26.8,27.0,27.1,27.0,26.9,27.0,27.0,26.8,26.9,27.1,26.9,27.1,27.0,27.0,26.9,26.9,26.9,26.9,27.0,27.1,26.9,27.0,27.0,26.9,26.7
190,27.8,27.6,27.8,27.7,27.6,27.8,27.8,27.8,27.8,27.8,27.8,27.7,27.9,27.9,27.8,27.8,27.7,27.8,27.6,27.8,27.8,27.7,27.7,27.7,27.6,27.7,28.0,28.1,28.6,29.0,29.2,28.9,28.3,28.0,27.1,26.7,26.4,26.6,26.3,26.5,26.5,26.2,26.4,26.2,26.5,26.7,26.4,26.4,26.4,26.4,26.6,26.7,27.2,27.8,28.5,29.8,30.6,30.4,29.3,28.1,27.4,26.9,26.6,26.4,26.3,26.3,26.5,26.8,27.3,27.8,28.2,28.7,28.4,28.1,27.8,27.8,27.5,27.3,27.2,27.4,27.1,27.0,27.1,27.0,27.0,27.1,26.8,26.8,26.7,26.9,26.7,26.8,26.6,26.8,26.8,27.1,27.0,26.9,26.8,26.4,26.4,26.2,26.3,26.5,26.6,27.0,27.4,27.4,27.3,27.1,27.2,26.9,27.1,27.3,27.4,27.7,27.9,28.1,28.4,28.4,29.0,29.2,29.2,29.1,29.2,29.2,29.3,29.1,29.2,29.3,29.2,29.1,29.0,28.3,27.5,27.1,26.6,26.6,26.4,26.6,26.4,26.5,26.5,26.8,26.6,26.7,26.8,26.7,26.7,26.9,26.9,26.9,27.0,26.9,27.0,26.9,26.8,26.9,27.0,27.0,26.9,27.0,27.0,26.9,27.0,27.0,27.1,27.0,27.1,27.1,27.0,27.1,27.0,27.0,27.1,26.9,26.9,27.0,26.8,26.9,26.9,27.0,27.0,26.9,27.0,26.9,26.8,26.9,27.0,26.9,26.9,26.8
191,27.6,27.6,27.7,27.7,27.8,27.7,27.8,27.8,27.8,27.8,27.7,27.7,27.6,27.7,27.8,27.8,27.6,27.8,27.7,27.7,27.9,27.7,27.8,27.8,27.5,27.8,27.9,28.1,28.4,28.8,29.2,28.8,28.4,27.9,27.0,26.5,26.4,26.5,26.4,26.3,26.4,26.4,26.4,26.4,26.4,26.2,26.4,26.4,26.3,26.4,26.5,26.6,27.1,27.6,28.3,29.4,30.2,30.2,29.4,28.3,27.4,26.9,26.5,26.2,26.4,26.3,26.5,26.7,27.2,27.8,28.2,28.7,28.8,28.4,28.2,28.1,27.7,27.5,27.4,27.2,27.1,27.2,27.0,27.1,26.9,26.9,26.8,26.9,26.6,26.7,26.6,26.7,26.6,26.8,27.1,26.9,27.1,27.0,26.9,26.4,26.3,26.3,26.3,26.5,26.8,26.9,27.2,27.4,27.3,27.2,27.1,27.2,27.4,27.6,27.8,27.9,28.2,28.3,28.5,28.5,29.0,29.2,29.2,29.2,29.1,29.1,29.2,29.2,29.0,29.1,29.2,29.2,28.8,28.2,27.7,27.1,26.5,26.5,26.5,26.4,26.6,26.6,26.6,26.8,26.5,26.7,26.9,26.6,26.8,26.9,26.7,26.7,26.8,26.9,26.9,26.8,26.9,26.9,26.8,27.0,26.7,26.8,26.8,26.7,27.0,26.9,26.9,26.8,26.9,26.9,26.9,26.8,27.0,26.9,26.9,27.0,27.0,26.9,26.8,27.1,26.7,26.9,26.9,27.0,27.0,27.0,26.8,26.9,26.8,26.9,26.9,26.9
192,27.7,27.6,27.7,27.8,27.6,27.7,27.7,27.7,27.8,27.8,27.7,27.8,27.8,27.8,27.8,27.8,27.7,27.8,28.0,27.8,27.7,27.7,27.8,27.8,27.6,27.8,27.9,28.0,28.7,28.7,29.0,29.0,28.4,28.1,27.2,26.6,26.7,26.5,26.5,26.4,26.5,26.4,26.5,26.4,26.6,26.5,26.4,26.6,26.5,26.6,26.5,26.7,27.0,27.6,28.4,29.2,30.0,30.1,29.6,28.6,27.6,27.0,26.5,26.4,26.4,26.5,26.6,26.7,27.3,27.6,28.4,28.8,28.9,28.8,28.6,28.3,28.1,27.8,27.6,27.4,27.4,27.1,27.2,27.0,26.9,26.9,26.9,26.6,26.6,26.6,26.6,26.6,26.5,26.7,26.9,27.1,27.1,27.1,26.7,26.4,26.4,26.2,26.3,26.3,26.6,26.9,27.1,27.3,27.3,27.3,27.3,27.5,27.7,27.8,28.1,28.2,28.4,28.5,28.8,28.8,28.9,29.2,29.2,29.2,29.3,29.3,29.2,29.2,29.3,29.2,29.2,29.1,28.9,28.4,27.8,27.1,26.6,26.6,26.5,26.4,26.4,26.6,26.6,26.6,26.8,26.8,26.9,26.7,26.7,26.9,26.9,27.0,26.9,26.8,27.0,27.0,26.9,26.9,26.9,27.1,27.0,26.9,26.9,26.9,27.0,27.0,26.9,27.0,26.9,26.9,26.9,27.0,26.8,26.8,26.9,26.8,26.8,26.7,26.8,27.0,26.9,27.0,26.9,26.9,26.9,26.8,26.9,26.8,26.9,26.7,26.9,26.9
193,27.6,27.7,27.7,27.7,27.8,27.6,27.9,27.6,27.6,27.9,27.6,27.8,27.7,27.6,27.8,27.8,27.8,27.8,27.7,27.8,27.7,27.6,27.7,27.7,27.6,27.8,27.9,28.2,28.5,29.0,29.1,29.0,28.4,28.0,27.1,26.8,26.5,26.5,26.4,26.4,26.4,26.3,26.5,26.5,26.4,26.3,26.4,26.5,26.5,26.4,26.6,26.6,27.0,27.6,28.3,29.0,29.8,29.7,29.5,28.7,27.8,27.0,26.6,26.5,26.5,26.4,26.6,26.7,27.3,27.8,28.4,28.9,28.9,29.0,28.7,28.6,28.4,28.0,27.7,27.6,27.4,27.3,27.4,27.1,27.1,26.9,26.8,26.8,26.7,26.8,26.8,26.5,26.7,26.8,27.0,27.3,27.2,27.1,26.8,26.6,26.4,26.1,26.2,26.3,26.5,26.6,27.0,27.3,27.5,27.6,27.6,27.8,28.0,28.2,28.2,28.4,28.5,28.9,28.9,29.1,29.2,29.3,29.2,29.3,29.2,29.2,29.2,29.3,29.2,29.4,29.1,29.1,29.1,28.4,27.6,27.0,26.7,26.6,26.3,26.4,26.6,26.6,26.5,26.6,26.7,26.8,26.8,26.6,26.6,26.9,26.9,26.8,26.9,26.9,26.8,26.9,26.9,26.8,26.8,27.0,26.8,27.0,27.1,26.8,27.1,27.0,27.0,27.0,26.8,26.9,27.1,26.9,27.1,26.9,26.9,27.0,27.1,27.1,26.8,26.9,26.9,26.9,27.0,26.9,27.0,27.0,26.9,26.9,26.9,27.1,26.9,26.8
194,27.5,27.6,27.8,27.8,27.8,27.7,27.7,27.8,27.8,27.7,27.9,27.6,27.7,27.8,27.7,27.7,27.6,27.7,27.8,27.8,27.8,27.8,27.8,27.7,27.7,27.8,27.8,28.1,28.5,28.8,29.0,28.9,28.4,28.1,27.2,26.7,26.5,26.4,26.5,26.4,26.3,26.4,26.3,26.4,26.6,26.5,26.3,26.4,26.4,26.4,26.4,26.8,26.9,27.4,28.2,28.8,29.4,29.4,29.4,29.0,27.8,27.1,26.6,26.4,26.4,26.6,26.7,26.9,27.2,27.8,28.4,29.0,29.0,29.0,29.0,28.9,28.4,28.5,27.9,27.6,27.6,27.3,27.3,27.2,27.1,27.0,26.9,26.7,26.6,26.9,26.4,26.6,26.6,26.7,26.9,27.2,27.1,26.8,26.9,26.6,26.3,26.3,26.2,26.5,26.4,26.6,26.9,27.3,27.5,27.8,27.9,28.0,28.0,28.2,28.3,28.7,28.7,28.7,28.8,29.0,29.2,29.1,29.2,29.2,29.1,29.2,29.2,29.3,29.4,29.2,29.2,29.4,29.0,28.6,27.5,26.9,26.6,26.4,26.4,26.4,26.4,26.5,26.4,26.6,26.6,26.6,26.7,26.8,26.7,26.9,26.8,27.0,26.9,26.7,26.9,26.9,27.0,26.9,27.0,26.9,27.0,27.1,26.9,26.8,27.0,27.1,26.9,26.9,26.9,26.9,26.9,26.9,26.9,26.9,26.9,26.9,26.7,26.9,26.8,26.9,26.8,27.0,26.8,27.0,26.9,26.8,26.8,26.8,26.8,27.0,26.8,26.7
195,27.4,27.7,27.6,27.8,27.5,27.6,27.6,27.6,27.7,27.7,27.6,27.7,27.7,27.9,27.8,27.8,27.6,27.7,27.8,27.8,27.8,27.6,27.9,27.7,27.8,27.8,27.7,28.1,28.3,28.8,29.0,28.9,28.5,27.9,27.3,26.8,26.4,26.4,26.4,26.4,26.4,26.5,26.3,26.4,26.4,26.4,26.3,26.5,26.4,26.4,26.6,26.6,26.9,27.5,28.1,28.7,29.2,29.5,29.2,28.8,27.8,27.2,26.8,26.3,26.4,26.6,26.6,26.9,27.4,27.8,28.5,29.0,29.1,29.1,29.1,29.1,29.0,28.6,28.2,28.0,27.5,27.3,27.5,27.2,27.1,26.9,26.6,26.9,26.6,26.7,26.6,26.6,26.7,26.7,27.0,27.2,27.1,27.0,26.6,26.5,26.5,26.2,26.5,26.1,26.2,26.4,26.8,27.3,27.7,27.8,28.0,28.2,28.4,28.6,28.6,28.7,28.8,29.0,29.0,29.2,29.2,29.0,29.2,29.2,29.2,29.2,29.2,29.1,29.2,29.4,29.4,29.3,29.1,28.5,27.8,27.1,26.7,26.4,26.4,26.4,26.5,26.5,26.6,26.7,26.6,26.6,26.8,26.6,26.8,26.7,26.9,26.7,26.8,26.9,26.9,26.9,26.9,26.9,27.0,26.9,27.0,27.0,26.9,27.0,27.0,26.9,26.9,27.0,27.1,26.8,26.9,27.0,27.1,26.8,27.1,26.9,26.9,26.8,26.9,27.1,27.0,26.9,27.0,26.8,26.9,26.9,26.9,26.9,26.9,26.9,27.0,26.9
196,27.6,27.4,27.7,27.6,27.5,27.6,27.8,27.7,27.7,27.7,27.8,27.8,27.7,27.7,27.6,27.8,27.7,27.7,27.8,27.8,27.8,27.7,27.7,27.8,27.6,27.7,28.0,28.0,28.4,28.8,29.1,28.9,28.5,28.0,27.3,26.6,26.6,26.5,26.5,26.5,26.5,26.5,26.5,26.4,26.5,26.4,26.3,26.5,26.4,26.5,26.4,26.8,26.9,27.5,28.0,28.6,29.2,29.2,29.0,28.7,27.7,27.1,26.9,26.5,26.5,26.6,26.8,26.8,27.4,28.0,28.6,29.2,29.3,29.2,29.1,29.2,29.1,29.0,28.7,28.2,27.9,27.6,27.3,27.1,27.2,27.2,27.0,27.0,26.8,27.0,26.9,26.8,26.8,27.0,27.3,27.3,27.2,26.9,26.6,26.4,26.3,26.5,26.3,26.2,26.3,26.4,26.8,27.5,27.7,28.0,28.3,28.4,28.5,28.6,28.7,28.8,29.0,29.0,29.2,29.3,29.4,29.3,29.2,29.1,29.3,29.2,29.4,29.4,29.3,29.3,29.4,29.3,29.0,28.6,27.6,27.1,26.7,26.6,26.5,26.3,26.4,26.6,26.5,26.6,26.6,26.6,26.7,26.7,26.8,26.8,26.9,26.8,26.9,27.0,26.9,26.9,26.9,26.9,27.0,27.0,26.8,27.0,27.1,27.1,26.9,26.9,27.0,27.0,27.0,26.9,26.9,26.9,27.3,26.9,26.9,27.0,27.0,26.8,26.9,27.0,26.9,26.9,26.8,26.9,26.9,26.9,26.9,26.9,26.8,27.0,26.7,26.9
197,27.5,27.5,27.8,27.7,27.8,27.6,27.6,27.6,27.6,27.7,27.6,27.6,27.8,27.7,27.7,27.8,27.7,27.7,27.6,27.7,27.8,27.7,27.6,27.7,27.6,27.8,27.7,28.0,28.4,28.8,29.0,28.9,28.5,28.0,27.4,26.8,26.6,26.6,26.4,26.4,26.5,26.4,26.3,26.6,26.2,26.4,26.4,26.5,26.4,26.5,26.5,26.8,27.0,27.5,28.1,28.8,29.0,29.2,29.1,28.7,27.9,26.9,26.7,26.4,26.5,26.6,26.7,26.8,27.3,27.7,28.5,29.1,29.1,29.3,29.0,29.1,29.1,29.1,28.8,28.6,28.3,27.6,27.5,27.4,27.2,27.3,27.3,27.3,27.3,27.3,27.4,27.5,27.4,27.4,27.7,27.6,27.2,26.9,26.5,26.4,26.4,26.2,26.4,26.2,26.2,26.4,26.9,27.4,27.8,28.3,28.3,28.5,28.5,28.5,28.8,28.8,28.9,29.3,29.2,29.3,29.3,29.2,29.4,29.4,29.2,29.4,29.4,29.1,29.3,29.4,29.3,29.3,29.0,28.3,27.6,27.1,26.6,26.6,26.4,26.5,26.4,26.6,26.6,26.6,26.7,26.6,26.8,26.6,26.7,26.8,26.8,27.0,26.8,27.0,26.8,26.9,26.9,26.9,26.9,27.0,26.9,27.1,27.0,26.9,26.9,26.9,26.8,26.9,26.9,26.9,27.0,27.0,26.9,26.8,26.9,27.0,26.9,26.8,27.0,26.8,26.7,26.9,26.9,26.9,27.0,27.1,26.8,27.0,26.9,27.0,26.9,26.9
198,27.7,27.6,27.8,27.8,27.6,27.7,27.6,27.7,27.7,27.6,27.7,27.7,27.8,27.7,27.8,27.9,27.8,27.8,27.6,27.6,27.7,27.7,27.6,27.9,27.8,27.7,27.9,28.1,28.3,28.4,28.9,28.9,28.6,28.0,27.2,26.7,26.4,26.4,26.5,26.4,26.3,26.4,26.4,26.4,26.5,26.4,26.3,26.4,26.3,26.3,26.4,26.6,26.9,27.4,27.9,28.8,29.1,29.1,28.9,28.6,27.7,27.1,26.6,26.6,26.6,26.6,26.7,26.8,27.2,27.8,28.5,29.0,29.2,29.3,29.1,29.2,29.2,29.1,28.7,28.7,28.3,27.8,27.5,27.4,27.6,27.8,27.7,27.6,27.7,27.7,27.6,27.7,27.5,27.9,27.9,27.6,27.3,26.8,26.5,26.5,26.2,26.4,26.2,26.2,26.1,26.4,26.9,27.5,28.1,28.3,28.3,28.6,28.5,28.9,28.8,28.9,29.1,29.2,29.3,29.3,29.4,29.5,29.3,29.2,29.2,29.2,29.2,29.4,29.4,29.5,29.5,29.3,29.0,28.4,27.7,27.2,26.6,26.4,26.6,26.3,26.4,26.6,26.7,26.6,26.6,26.8,26.9,26.9,26.8,26.9,26.8,26.9,26.8,26.7,26.7,26.9,27.0,27.0,26.9,27.1,26.9,27.0,26.9,27.0,27.0,27.0,26.9,26.9,27.1,26.9,26.8,26.9,27.0,26.8,26.9,27.0,27.0,26.9,26.9,27.0,26.9,26.8,27.0,26.9,26.8,27.1,26.9,27.0,26.8,26.9,26.9,26.9
199,27.7,27.8,27.8,27.8,27.7,27.8,27.6,27.8,27.6,27.6,27.8,27.7,27.7,27.8,27.8,27.7,27.7,27.7,27.7,27.8,27.7,27.7,27.8,27.8,27.8,27.8,27.8,28.0,28.3,28.7,29.0,29.0,28.7,28.0,27.3,26.7,26.5,26.4,26.2,26.4,26.5,26.5,26.5,26.5,26.6,26.5,26.4,26.4,26.4,26.6,26.5,26.6,26.9,27.4,28.0,28.6,29.1,29.1,28.8,28.6,28.0,27.1,26.7,26.6,26.6,26.5,26.5,26.8,27.2,27.8,28.6,29.1,29.3,29.2,29.1,29.0,28.9,28.9,28.9,28.8,28.6,28.3,27.9,27.7,27.9,28.1,27.8,27.8,27.7,27.6,27.6,27.6,27.8,28.1,28.1,27.9,27.5,26.9,26.5,26.3,26.4,26.2,26.2,26.3,26.2,26.4,26.9,27.3,28.2,28.3,28.5,28.7,28.7,28.7,28.7,28.9,29.2,29.2,29.2,29.3,29.4,29.6,29.4,29.4,29.4,29.3,29.4,29.4,29.3,29.3,29.2,29.1,28.9,28.4,27.6,27.1,26.7,26.4,26.6,26.5,26.4,26.5,26.5,26.6,26.6,26.7,26.9,26.6,26.7,26.7,26.9,26.7,26.8,27.1,26.9,26.8,27.0,26.9,26.8,26.9,26.8,26.9,26.9,26.6,26.9,26.9,27.0,27.0,27.0,27.0,26.9,27.0,27.0,26.9,26.8,27.0,26.9,26.8,26.8,26.9,27.0,27.0,26.8,26.9,26.9,26.8,26.9,26.9,26.9,26.8,27.0,26.9
200,27.8,27.6,27.7,27.6,27.7,27.7,27.7,27.8,27.8,27.7,27.6,27.6,27.6,27.8,27.9,27.8,27.7,27.8,27.7,27.8,27.7,27.8,27.9,27.7,27.8,27.7,27.6,28.0,28.3,28.5,29.1,29.1,28.7,28.1,27.4,26.7,26.5,26.4,26.4,26.4,26.6,26.5,26.6,26.4,26.5,26.5,26.4,26.6,26.4,26.5,26.4,26.5,27.0,27.5,27.9,28.8,29.1,29.2,28.9,28.5,27.7,26.9,26.7,26.5,26.6,26.5,26.6,26.8,27.1,27.8,28.6,29.1,29.2,29.2,28.9,28.9,28.8,28.8,28.7,28.6,28.5,28.4,28.2,28.1,28.2,28.1,28.0,27.9,27.8,27.8,27.9,27.7,27.7,28.0,28.1,27.9,27.5,26.9,26.6,26.4,26.4,26.3,26.3,26.2,26.5,26.6,27.0,27.6,28.0,28.4,28.5,28.4,28.4,28.6,28.8,29.0,29.1,29.0,29.0,29.0,29.2,29.4,29.3,29.4,29.1,29.2,29.4,29.5,29.2,29.2,28.8,28.9,29.0,28.7,27.7,27.1,26.7,26.7,26.7,26.4,26.7,26.7,26.5,26.6,26.5,26.6,26.8,26.9,26.8,26.8,26.9,26.8,26.8,26.9,26.9,26.7,26.9,26.9,27.0,26.9,27.1,26.9,26.9,27.0,27.1,26.9,26.9,27.0,26.9,27.0,26.9,26.9,27.1,27.1,26.9,27.1,27.0,26.9,27.0,27.0,26.9,27.0,26.9,26.9,27.0,26.8,26.8,26.8,26.8,26.9,26.8,26.9
201,27.8,27.5,27.7,27.5,27.6,27.7,27.6,27.8,27.6,27.5,27.6,27.6,27.7,27.7,27.9,27.7,27.6,27.7,27.7,27.8,27.8,27.8,27.8,27.6,27.7,27.8,27.7,28.0,28.2,28.4,28.8,29.0,28.5,28.2,27.5,26.9,26.4,26.3,26.4,26.4,26.4,26.4,26.4,26.4,26.6,26.4,26.4,26.5,26.6,26.6,26.6,26.6,27.0,27.4,28.0,28.7,29.1,29.0,28.9,28.5,27.8,27.3,26.7,26.6,26.4,26.4,26.6,26.9,27.1,27.7,28.3,29.1,29.2,28.9,28.7,28.5,28.6,28.5,28.5,28.5,28.4,28.5,28.5,28.3,28.3,28.1,28.1,27.8,27.8,27.6,27.7,27.8,27.8,27.9,28.1,27.9,27.5,27.0,26.5,26.5,26.2,26.3,26.2,26.2,26.3,26.4,26.9,27.5,28.0,28.2,28.4,28.2,28.3,28.6,28.8,29.0,29.0,28.7,28.8,29.0,29.3,29.4,29.3,29.0,28.9,29.1,29.3,29.5,29.2,29.0,28.6,28.8,28.8,28.5,27.8,27.3,26.8,26.6,26.5,26.5,26.5,26.4,26.7,26.7,26.6,26.6,26.8,26.8,26.8,26.9,26.6,26.9,26.8,26.9,26.8,26.8,26.9,26.9,26.9,26.8,27.1,26.7,26.9,27.0,26.9,27.0,26.9,26.9,27.2,26.9,26.8,26.9,27.0,26.8,27.0,26.9,27.1,26.9,27.0,26.9,26.9,26.9,26.7,27.0,26.9,27.0,26.9,26.9,26.7,26.9,26.7,26.8
202,27.7,27.6,27.7,27.6,27.6,27.6,27.7,27.7,27.5,27.8,27.7,27.6,27.6,27.8,27.9,27.6,27.8,27.7,27.8,27.7,27.7,27.8,27.8,28.0,27.8,27.8,27.8,28.0,28.2,28.4,29.0,29.0,28.7,28.2,27.6,26.9,26.5,26.4,26.5,26.5,26.6,26.4,26.4,26.5,26.5,26.5,26.6,26.5,26.5,26.5,26.6,26.3,26.9,27.4,27.8,28.6,29.2,29.1,28.9,28.7,27.9,27.3,26.9,26.6,26.6,26.5,26.5,26.8,27.3,27.6,28.4,29.0,29.1,29.0,28.6,28.4,28.4,28.1,28.2,28.3,28.5,28.5,28.6,28.3,28.2,28.3,28.1,27.8,27.8,27.8,27.8,27.8,27.8,27.9,28.2,28.0,27.6,27.0,26.5,26.5,26.4,26.4,26.2,26.4,26.4,26.4,26.8,27.6,28.0,28.3,28.2,27.9,28.1,28.6,28.9,29.1,28.9,28.6,28.7,29.0,29.2,29.2,29.1,29.0,28.8,29.0,29.2,29.3,29.1,28.7,28.6,28.9,28.7,28.5,27.8,27.2,26.8,26.5,26.6,26.5,26.6,26.5,26.6,26.6,26.6,26.8,26.8,26.9,26.9,26.8,26.9,26.8,26.9,26.9,26.9,26.8,27.0,26.9,27.0,27.0,26.9,27.0,27.0,26.9,26.9,26.9,26.9,27.0,26.9,26.9,26.9,26.8,27.0,26.9,26.9,27.0,26.9,26.9,27.0,26.8,26.9,26.8,26.8,27.0,26.9,27.0,26.7,26.9,26.9,26.7,26.9,27.0
203,27.6,27.6,27.7,27.6,27.6,27.5,27.6,27.8,27.8,27.6,27.6,27.7,27.8,27.7,27.7,27.9,27.7,27.8,27.8,27.7,27.7,27.7,27.9,27.7,27.8,27.8,27.8,28.0,28.2,28.5,29.0,29.2,28.8,28.2,27.6,26.9,26.5,26.6,26.5,26.5,26.5,26.4,26.5,26.4,26.4,26.5,26.6,26.5,26.4,26.4,26.5,26.7,26.9,27.3,28.0,28.8,29.2,29.2,29.1,28.5,28.1,27.3,26.8,26.7,26.8,26.6,26.8,26.6,27.1,27.7,28.4,29.0,28.8,28.7,28.2,28.1,27.9,27.9,27.9,28.2,28.2,28.3,28.3,28.2,28.2,28.1,27.9,27.9,27.8,27.7,27.8,27.6,27.9,27.9,28.2,27.9,27.5,26.9,26.4,26.4,26.4,26.4,26.2,26.2,26.3,26.5,26.9,27.5,27.9,28.0,28.0,28.0,28.2,28.6,29.0,29.0,28.8,28.4,28.6,28.7,29.0,29.1,29.2,28.8,28.6,28.8,29.0,29.1,29.2,28.6,28.6,28.7,28.7,28.4,27.5,27.1,26.8,26.6,26.4,26.5,26.5,26.5,26.6,26.6,26.6,26.7,26.7,26.8,26.8,26.7,26.9,26.9,26.9,26.9,27.0,26.8,26.9,26.8,26.9,26.7,26.8,26.8,26.9,26.9,26.9,26.9,27.1,26.7,26.9,26.9,26.8,26.8,27.0,26.9,27.1,26.9,27.0,27.0,27.0,27.0,26.8,26.9,26.9,27.1,26.9,26.9,26.8,26.9,26.7,26.9,26.7,26.9
204,27.5,27.6,27.5,27.6,27.7,27.6,27.7,27.6,27.8,27.6,27.7,27.7,27.6,27.9,27.8,27.8,27.8,27.8,27.6,27.8,27.7,27.7,27.7,27.7,27.7,27.6,27.8,28.0,28.2,28.5,28.8,29.1,29.0,28.4,27.7,27.0,26.5,26.5,26.3,26.5,26.4,26.5,26.4,26.4,26.5,26.4,26.4,26.4,26.4,26.6,26.5,26.6,26.9,27.3,27.9,28.8,29.2,29.2,29.0,28.6,27.8,27.3,26.7,26.8,26.6,26.6,26.4,26.8,27.1,27.6,28.2,28.9,28.8,28.6,28.2,28.0,27.8,27.7,27.8,27.9,28.1,28.2,28.1,28.2,28.2,28.0,27.9,27.7,27.6,27.7,27.4,27.5,27.6,27.9,27.9,27.8,27.5,26.9,26.8,26.4,26.3,26.4,26.4,26.5,26.5,26.5,27.0,27.5,27.9,28.0,28.0,27.9,28.1,28.5,29.0,29.1,28.7,28.7,28.6,28.8,29.0,29.2,29.1,28.7,28.7,28.7,28.9,29.1,29.0,28.6,28.3,28.7,28.6,28.5,27.7,27.3,26.8,26.6,26.7,26.6,26.6,26.6,26.7,26.7,26.7,26.8,26.9,26.9,26.7,26.9,26.9,27.0,26.9,27.0,26.9,26.8,26.9,27.0,26.9,27.1,26.8,26.9,27.0,26.9,27.1,27.0,26.9,26.9,26.9,26.9,26.9,27.0,27.1,27.0,27.0,26.9,27.0,26.8,26.9,26.9,26.9,27.1,26.8,26.9,26.9,26.9,26.9,26.9,26.9,26.9,26.8,27.0
205,27.6,27.5,27.6,27.6,27.7,27.6,27.6,27.7,27.6,27.6,27.9,27.9,27.6,27.6,27.5,27.6,27.5,27.6,27.6,27.8,27.7,27.6,27.8,27.7,27.7,27.8,27.7,27.7,28.2,28.3,28.9,29.2,28.8,28.4,27.8,26.9,26.6,26.4,26.4,26.4,26.4,26.6,26.4,26.6,26.4,26.5,26.4,26.4,26.4,26.6,26.4,26.6,26.7,27.5,27.9,28.8,28.9,29.3,29.1,28.6,28.1,27.3,27.0,26.6,26.7,26.8,26.8,26.9,27.2,27.7,28.3,29.0,29.0,28.7,28.0,28.0,28.0,27.8,27.9,27.9,28.3,28.2,28.2,28.0,27.9,28.0,28.0,27.6,27.5,27.5,27.4,27.5,27.8,28.0,28.1,27.9,27.5,27.0,26.6,26.6,26.5,26.5,26.4,26.6,26.5,26.6,26.9,27.4,27.9,28.0,27.9,27.8,28.0,28.3,28.7,28.8,28.4,28.3,28.5,28.8,29.1,29.3,29.1,28.9,28.4,28.8,28.8,28.9,28.8,28.2,28.4,28.6,28.6,28.4,27.7,27.3,27.0,26.5,26.6,26.5,26.8,26.7,26.6,26.5,26.8,26.7,26.6,26.9,26.8,26.8,27.0,26.8,26.9,26.9,26.9,26.9,27.0,27.0,26.9,26.9,26.9,26.8,27.0,26.9,26.9,27.0,26.9,26.8,27.1,27.0,26.9,27.1,27.0,26.9,26.9,26.9,26.9,26.9,26.9,26.9,27.1,26.7,26.9,26.9,27.1,26.8,26.8,27.1,26.8,26.8,26.9,26.9
206,27.6,27.6,27.6,27.6,27.4,27.6,27.6,27.5,27.6,27.7,27.6,27.7,27.7,27.8,27.7,27.7,27.6,27.7,27.7,27.6,27.6,27.6,27.6,27.7,27.6,27.8,27.8,27.9,28.2,28.4,28.9,29.1,28.7,28.4,27.7,26.9,26.7,26.4,26.5,26.5,26.4,26.4,26.4,26.4,26.3,26.6,26.4,26.5,26.5,26.4,26.6,26.8,26.8,27.3,27.8,28.6,29.1,29.3,29.1,28.8,28.2,27.3,27.0,26.8,26.8,26.9,26.9,27.0,27.3,27.9,28.2,28.8,29.1,28.7,28.2,28.0,28.0,28.0,28.0,28.1,28.2,28.2,28.0,28.2,28.0,28.0,28.0,27.5,27.5,27.4,27.6,27.5,27.8,28.0,28.0,27.9,27.5,27.1,26.7,26.6,26.6,26.5,26.7,26.4,26.5,26.6,26.9,27.6,27.9,27.8,27.9,27.6,27.8,27.9,28.3,28.2,28.2,27.8,28.5,28.8,29.2,29.2,29.3,28.7,28.2,28.3,28.5,28.6,28.4,28.1,28.2,28.6,28.7,28.4,27.7,27.2,26.9,26.7,26.6,26.6,26.6,26.6,26.6,26.6,26.8,26.7,26.6,26.6,26.7,26.7,26.7,26.8,27.0,26.8,26.9,26.9,26.9,26.7,26.7,26.9,26.9,27.1,26.8,27.0,26.8,26.8,26.9,27.0,26.8,26.9,26.9,27.0,26.8,26.9,26.9,26.9,26.9,26.8,26.9,26.9,26.9,26.8,26.7,26.8,27.0,26.9,26.8,26.9,26.9,27.0,26.8,26.8
207,27.6,27.4,27.7,27.6,27.6,27.4,27.5,27.4,27.6,27.4,27.7,27.7,27.6,27.7,27.6,27.6,27.7,27.6,27.7,27.8,27.5,27.7,27.8,27.9,27.7,27.7,27.8,27.9,28.2,28.5,28.9,29.0,28.8,28.4,27.9,27.0,26.4,26.4,26.4,26.5,26.5,26.4,26.5,26.4,26.4,26.6,26.6,26.5,26.4,26.7,26.7,26.5,26.8,27.3,28.1,28.6,29.1,29.3,29.2,28.9,28.2,27.6,27.1,26.9,27.0,27.1,27.1,27.1,27.3,27.8,28.5,28.9,29.1,28.8,28.2,28.0,28.1,28.1,28.0,28.1,28.4,28.5,28.3,28.2,28.0,27.8,27.7,27.5,27.6,27.6,27.5,27.7,27.8,28.1,28.1,28.0,27.6,27.1,26.9,26.9,26.6,26.6,26.6,26.5,26.6,26.7,26.9,27.5,27.8,27.8,27.8,27.5,27.5,27.6,27.8,28.0,27.8,28.0,28.5,28.8,29.0,29.2,29.2,28.7,28.3,28.1,28.2,28.5,28.3,28.0,28.2,28.5,28.7,28.4,27.7,27.2,26.9,26.6,26.6,26.5,26.6,26.6,26.6,26.8,26.7,26.8,26.7,26.9,27.0,26.9,26.8,27.0,26.9,26.9,26.8,27.1,26.8,26.9,26.9,26.8,27.0,27.0,26.9,26.9,27.0,27.0,26.8,27.0,27.1,26.9,26.8,26.8,27.0,26.9,27.1,26.9,26.9,26.7,26.7,26.9,26.9,27.0,27.0,26.9,26.9,27.0,26.8,26.8,26.9,26.9,26.8,26.9
208,27.5,27.6,27.6,27.7,27.5,27.6,27.6,27.4,27.7,27.7,27.6,27.6,27.6,27.8,27.7,27.8,27.6,27.6,27.8,27.8,27.7,27.6,27.7,27.7,27.7,27.6,27.8,27.9,28.1,28.5,28.8,29.1,28.9,28.3,27.9,27.2,26.7,26.6,26.6,26.5,26.6,26.5,26.4,26.6,26.4,26.6,26.4,26.6,26.4,26.5,26.7,26.7,26.8,27.2,27.9,28.6,29.2,29.3,29.2,28.9,28.5,27.7,27.3,27.1,27.1,27.1,27.1,27.1,27.3,27.7,28.3,28.9,28.9,29.0,28.4,28.0,27.9,28.1,28.0,28.2,28.3,28.6,28.2,28.0,28.0,27.7,27.6,27.5,27.4,27.7,27.5,27.8,27.8,27.9,28.0,27.9,27.5,27.2,26.9,27.0,26.6,26.6,26.7,26.7,26.6,26.7,27.0,27.5,27.8,27.8,27.7,27.5,27.4,27.6,27.7,27.7,27.6,27.8,28.3,28.8,29.2,29.2,29.2,28.8,28.3,27.9,28.0,27.9,27.8,27.7,28.1,28.5,28.6,28.3,27.8,27.3,26.9,26.8,26.8,26.7,26.6,26.6,26.6,26.7,26.7,26.8,26.8,26.9,26.9,26.8,26.8,26.7,26.9,27.0,26.8,26.6,27.0,26.9,27.1,27.0,27.1,26.9,27.0,26.9,26.9,26.9,27.0,26.9,27.0,26.9,27.0,27.0,27.1,26.8,27.0,26.8,26.8,26.8,26.9,27.0,26.9,26.9,26.8,27.0,27.0,27.0,26.8,27.0,26.8,26.9,26.9,26.9
209,27.6,27.4,27.5,27.6,27.6,27.6,27.7,27.6,27.6,27.4,27.9,27.6,27.5,27.7,27.7,27.7,27.6,27.6,27.6,27.6,27.8,27.6,27.8,27.7,27.6,27.7,27.6,27.8,28.0,28.3,28.8,29.2,28.8,28.6,27.9,27.2,26.8,26.7,26.5,26.5,26.5,26.4,26.5,26.5,26.5,26.5,26.5,26.6,26.6,26.6,26.5,26.6,26.8,27.4,27.8,28.7,29.4,29.4,29.1,28.8,28.4,27.7,27.5,27.1,27.0,27.1,26.9,27.1,27.4,27.8,28.3,28.9,29.0,28.8,28.5,28.0,27.9,27.9,27.9,28.2,28.4,28.5,28.5,28.1,28.0,27.7,27.7,27.3,27.5,27.6,27.5,27.7,27.6,27.9,28.0,27.9,27.5,27.0,26.9,26.9,26.7,26.7,26.6,26.6,26.5,26.8,26.8,27.5,27.8,28.0,27.8,27.4,27.3,27.3,27.5,27.3,27.3,27.8,28.4,29.0,29.1,29.2,28.9,28.8,28.2,27.9,27.6,27.4,27.5,27.8,28.2,28.6,28.6,28.6,27.7,27.1,26.7,26.6,26.7,26.6,26.6,26.6,26.7,26.9,26.7,26.9,26.9,26.8,26.9,26.8,26.8,26.9,27.0,26.8,26.9,26.8,27.0,27.0,26.9,26.8,27.0,26.9,26.8,26.9,26.9,27.1,27.0,26.8,26.7,26.9,26.9,27.0,27.1,26.9,26.9,26.9,26.8,26.8,27.0,27.1,26.9,26.9,27.1,27.0,26.8,26.7,26.9,26.9,26.8,26.9,26.9,26.9
210,27.6,27.5,27.6,27.5,27.7,27.6,27.6,27.6,27.5,27.7,27.4,27.5,27.5,27.8,27.6,27.7,27.4,27.6,27.7,27.6,27.6,27.7,27.7,27.6,27.6,27.6,27.6,27.8,28.0,28.4,28.6,29.1,29.0,28.5,28.0,27.1,26.4,26.6,26.6,26.4,26.5,26.4,26.5,26.6,26.5,26.5,26.4,26.4,26.6,26.6,26.6,26.6,26.9,27.5,27.7,28.8,29.2,29.2,29.3,29.0,28.3,27.8,27.3,27.1,27.1,27.0,27.3,27.1,27.4,27.9,28.3,29.0,29.2,28.8,28.2,28.2,28.1,28.0,28.0,28.3,28.2,28.6,28.4,28.1,27.8,27.7,27.3,27.4,27.5,27.6,27.7,27.8,27.6,27.7,27.9,27.8,27.4,27.1,26.6,26.8,26.6,26.7,26.6,26.5,26.6,26.7,26.9,27.5,27.7,27.8,27.8,27.7,27.4,27.1,26.9,26.8,27.1,27.8,28.3,28.7,29.0,29.1,29.1,28.7,28.2,27.6,27.3,27.1,27.2,27.6,28.0,28.5,28.8,28.4,27.8,27.2,26.9,26.7,26.9,26.8,26.6,26.7,26.6,26.8,26.9,26.6,26.7,26.9,26.9,26.8,27.0,26.9,26.9,27.0,26.7,26.9,26.9,26.9,26.9,26.9,26.7,27.0,26.9,26.7,26.8,27.0,26.9,26.9,26.9,27.0,26.8,26.8,27.0,26.9,26.8,26.9,26.8,26.7,26.9,27.0,26.9,26.7,26.9,26.8,26.9,26.9,27.0,26.8,26.7,26.9,27.0,26.9
211,27.6,27.5,27.6,27.5,27.6,27.6,27.6,27.6,27.6,27.5,27.3,27.5,27.6,27.6,27.6,27.6,27.6,27.6,27.7,27.5,27.6,27.4,27.6,27.8,27.6,27.7,27.6,27.8,28.0,28.2,28.7,29.1,29.1,28.6,28.1,27.6,26.9,26.8,26.7,26.6,26.5,26.6,26.6,26.5,26.5,26.5,26.6,26.5,26.5,26.4,26.5,26.7,26.8,27.3,28.0,28.7,29.2,29.4,29.1,28.9,28.4,27.7,27.3,27.0,27.2,27.1,27.1,27.1,27.3,27.7,28.2,28.9,28.9,28.8,28.5,28.1,28.2,28.2,28.2,28.6,28.4,28.3,28.2,28.0,27.8,27.5,27.8,27.5,27.6,27.9,27.8,27.8,27.8,27.7,27.9,27.5,27.4,27.0,26.8,26.7,26.5,26.6,26.5,26.6,26.6,26.6,26.8,27.4,27.6,27.8,27.9,27.6,27.1,26.9,26.8,26.9,26.9,27.6,28.2,28.8,29.0,29.0,29.0,28.8,28.2,27.7,27.4,27.4,27.4,27.8,28.1,28.6,28.5,28.2,27.7,27.1,26.8,26.7,26.5,26.6,26.7,26.8,26.6,26.9,26.7,26.7,27.1,26.9,26.8,26.8,26.9,26.7,26.9,27.1,26.9,26.9,26.8,26.9,26.8,26.8,26.6,26.9,26.8,26.9,26.9,26.9,26.9,26.9,26.9,27.0,26.8,26.9,27.0,26.8,26.9,26.7,26.8,26.9,26.8,26.9,26.8,26.9,26.9,26.9,26.8,27.0,26.9,26.9,26.9,26.8,26.9,27.0
212,27.6,27.6,27.5,27.6,27.5,27.7,27.6,27.5,27.5,27.6,27.7,27.6,27.6,27.6,27.5,27.8,27.5,27.4,27.6,27.6,27.6,27.6,27.6,27.5,27.6,27.7,27.6,27.8,27.9,28.3,28.9,29.0,28.9,28.8,28.2,27.8,27.3,26.9,26.8,26.7,26.7,26.6,26.9,26.8,26.7,26.8,26.7,26.6,26.8,26.8,26.6,26.6,27.0,27.4,28.2,28.8,29.3,29.3,29.3,28.8,28.2,27.8,27.3,27.2,27.0,27.0,26.9,27.1,27.2,27.7,28.1,28.8,29.0,28.7,28.3,28.2,28.0,28.1,28.1,28.3,28.3,28.4,28.0,28.1,27.8,27.6,27.8,27.6,27.7,28.0,28.0,28.1,27.9,27.7,27.7,27.7,27.3,26.8,26.8,26.6,26.6,26.7,26.7,26.6,26.6,26.6,26.7,27.2,27.6,27.8,27.8,27.6,27.3,27.2,26.8,26.9,27.3,27.7,28.2,28.6,28.9,29.0,28.9,28.7,28.4,28.1,27.8,27.7,27.7,27.9,28.0,28.4,28.2,27.8,27.4,27.1,26.7,26.6,26.6,26.7,26.6,26.7,26.7,26.7,26.7,26.7,26.7,26.9,26.7,26.8,26.9,26.9,26.9,26.9,26.9,26.9,26.8,26.9,27.0,26.8,27.0,26.9,26.7,26.9,26.9,27.0,26.9,26.9,26.8,26.8,26.9,26.9,26.9,26.9,26.9,26.9,26.9,27.0,26.9,26.9,26.9,26.9,26.9,26.9,26.9,26.8,26.8,26.8,26.8,26.6,26.9,26.9
213,27.7,27.4,27.6,27.5,27.6,27.6,27.4,27.5,27.4,27.6,27.5,27.4,27.4,27.6,27.6,27.6,27.6,27.4,27.6,27.7,27.6,27.6,27.7,27.6,27.5,27.6,27.4,27.8,27.9,28.1,28.7,28.9,28.9,28.7,28.3,28.0,27.7,27.3,27.3,27.4,27.2,27.1,27.3,27.1,27.2,27.2,27.2,27.1,27.1,27.2,27.1,27.1,27.6,28.0,28.4,28.9,28.9,29.2,29.1,28.8,28.3,27.6,27.2,27.2,27.2,27.2,27.0,27.1,27.3,27.5,27.8,28.4,28.8,28.7,28.2,28.1,28.1,28.1,28.1,28.2,28.2,28.2,28.2,27.8,27.8,27.5,27.6,27.8,27.7,27.9,27.8,27.8,27.7,27.7,27.6,27.4,27.2,26.9,26.9,26.7,26.6,26.5,26.6,26.7,26.5,26.7,26.7,27.4,27.3,27.7,28.0,27.5,27.5,27.2,27.2,27.1,27.4,27.6,27.8,28.2,28.4,28.6,28.7,28.5,28.2,28.0,27.7,27.6,27.5,27.6,27.9,28.0,27.9,27.8,27.3,27.0,26.8,26.7,26.8,26.5,26.8,26.8,26.7,26.8,26.9,26.7,26.9,26.7,26.9,26.9,26.9,26.8,27.0,26.8,26.8,26.9,26.9,26.9,26.9,27.1,27.0,27.0,26.9,26.9,26.7,27.0,26.9,26.9,27.0,27.0,26.9,27.0,26.9,27.0,26.9,26.8,27.0,26.7,26.9,27.0,26.8,26.7,26.9,26.9,26.7,26.9,26.8,26.9,26.8,26.8,26.8,26.7
214,27.6,27.4,27.6,27.6,27.5,27.3,27.6,27.5,27.4,27.5,27.4,27.4,27.5,27.6,27.7,27.5,27.5,27.6,27.5,27.7,27.8,27.6,27.6,27.6,27.8,27.8,27.6,27.8,28.0,28.2,28.4,28.7,28.5,28.1,28.1,27.9,27.7,27.7,27.5,27.4,27.3,27.3,27.6,27.3,27.3,27.3,27.5,27.3,27.3,27.4,27.6,27.5,27.5,27.9,28.2,28.3,28.5,28.5,28.5,28.2,27.8,27.4,27.3,27.3,27.2,27.1,27.1,27.0,27.1,27.4,27.6,28.2,28.5,28.3,28.0,28.1,28.0,28.2,28.0,28.1,28.1,28.1,28.1,28.0,27.7,27.8,27.6,27.9,28.0,28.0,27.9,28.0,27.9,27.6,27.6,27.6,27.0,26.7,26.5,26.8,26.5,26.6,26.4,26.6,26.6,26.7,26.6,27.0,27.0,27.3,27.3,27.3,27.3,27.0,27.0,26.8,27.0,27.2,27.6,27.8,27.8,27.9,28.0,27.8,27.9,27.6,27.6,27.2,27.2,27.4,27.4,27.6,27.5,27.3,27.1,26.9,26.7,26.6,26.6,26.8,26.7,26.7,26.8,26.8,26.7,26.8,26.8,26.8,26.9,27.0,26.6,26.9,26.9,27.0,26.9,26.8,26.8,27.1,26.8,26.8,27.0,26.9,26.9,26.8,27.0,26.9,26.8,26.8,27.0,26.8,26.9,27.0,26.9,26.7,26.9,27.0,26.9,27.0,26.9,26.8,26.9,26.9,26.8,26.9,26.8,26.9,26.7,26.9,26.8,26.6,26.8,26.7
215,27.5,27.4,27.6,27.4,27.4,27.5,27.6,27.6,27.5,27.6,27.5,27.5,27.5,27.6,27.5,27.6,27.6,27.6,27.6,27.5,27.6,27.5,27.5,27.6,27.6,27.5,27.8,27.7,27.8,28.0,28.1,28.4,28.2,28.2,28.0,27.8,27.7,27.6,27.6,27.4,27.5,27.4,27.6,27.4,27.5,27.3,27.4,27.3,27.3,27.5,27.4,27.4,27.7,28.0,28.0,28.1,28.1,28.1,28.1,27.9,27.6,27.4,27.3,27.2,27.2,27.0,27.0,27.1,27.1,27.1,27.3,27.9,28.7,28.5,28.5,28.3,28.0,28.2,28.4,28.3,28.3,28.0,28.1,28.0,28.0,27.8,28.0,28.0,28.1,28.1,28.2,28.1,28.1,27.8,27.6,27.4,27.1,26.7,26.6,26.6,26.5,26.4,26.7,26.5,26.5,26.6,26.5,26.6,26.9,27.0,27.2,27.2,27.1,26.8,26.7,26.8,26.9,27.0,27.2,27.4,27.4,27.5,27.5,27.6,27.4,27.3,27.3,27.2,27.1,27.2,27.2,27.3,27.4,27.2,27.0,27.0,26.8,26.6,26.7,26.6,26.7,26.8,26.8,26.8,26.7,26.9,26.9,26.8,26.8,27.0,26.9,26.9,26.9,27.0,26.9,27.0,26.9,27.0,26.9,27.0,26.8,26.8,26.9,26.9,26.9,27.0,26.9,26.9,26.9,26.9,26.9,27.0,27.0,26.9,26.9,26.7,27.0,26.9,26.9,26.9,26.9,26.8,26.8,26.8,26.8,26.9,26.9,26.8,26.9,26.8,26.6,26.7
216,27.4,27.4,27.5,27.6,27.3,27.5,27.5,27.7,27.3,27.5,27.5,27.6,27.5,27.6,27.7,27.5,27.6,27.6,27.5,27.6,27.6,27.5,27.6,27.5,27.5,27.5,27.4,27.6,27.7,27.9,28.0,27.9,27.8,27.8,27.8,27.7,27.7,27.6,27.6,27.5,27.6,27.5,27.6,27.4,27.4,27.3,27.6,27.5,27.5,27.5,27.4,27.4,27.5,27.8,27.8,27.8,27.9,27.9,27.6,27.6,27.3,27.3,27.1,27.1,27.1,26.9,26.9,26.9,26.9,26.7,27.2,27.8,28.4,28.3,28.4,28.2,28.2,28.2,28.3,28.4,28.3,28.2,28.2,28.1,27.9,28.0,28.0,28.1,28.1,28.0,28.3,28.1,27.9,28.0,27.8,27.4,26.9,26.6,26.4,26.4,26.4,26.5,26.5,26.5,26.4,26.5,26.6,26.7,26.7,26.8,26.6,26.8,26.8,26.7,26.7,26.6,26.7,26.9,27.0,26.9,27.2,27.2,27.0,27.1,27.1,26.9,26.9,26.9,26.9,27.0,27.0,27.0,26.8,26.9,26.7,26.7,26.6,26.4,26.8,26.6,26.7,26.8,26.6,26.7,26.7,26.8,26.9,26.8,26.5,27.0,26.8,26.9,26.8,26.8,26.9,27.0,26.8,26.9,26.7,26.9,26.9,26.8,26.9,26.8,27.0,26.7,26.9,26.9,26.9,26.9,26.9,26.8,26.8,26.8,26.9,27.0,26.8,26.7,27.0,26.9,27.0,26.9,26.9,26.9,26.9,26.9,27.0,26.8,26.9,26.9,26.9,26.7
217,27.4,27.3,27.6,27.5,27.5,27.6,27.6,27.4,27.5,27.6,27.5,27.5,27.6,27.6,27.4,27.6,27.5,27.4,27.7,27.6,27.5,27.5,27.4,27.5,27.6,27.6,27.5,27.7,27.6,27.7,27.6,27.7,27.7,27.6,27.6,27.6,27.6,27.6,27.5,27.5,27.5,27.6,27.6,27.4,27.4,27.3,27.3,27.5,27.2,27.5,27.3,27.5,27.3,27.5,27.6,27.5,27.6,27.6,27.4,27.4,27.2,27.0,26.9,27.1,27.2,27.0,26.8,26.9,26.9,26.9,27.0,27.5,28.3,28.5,28.2,28.4,28.0,28.2,28.2,28.4,28.4,28.3,28.2,28.1,28.1,28.2,28.0,28.0,28.1,28.1,28.2,28.0,28.2,28.0,27.8,27.3,26.8,26.4,26.4,26.5,26.5,26.6,26.7,26.5,26.6,26.4,26.6,26.6,26.4,26.6,26.7,26.8,26.6,26.7,26.5,26.6,26.5,26.5,26.5,26.7,26.7,26.8,26.9,26.7,26.8,26.8,26.8,26.8,26.7,26.8,27.0,26.8,26.7,26.8,26.6,26.7,26.7,26.6,26.6,26.8,26.7,26.8,26.8,26.8,26.9,26.9,26.9,26.8,26.9,26.8,26.9,26.8,26.9,26.9,26.9,26.8,26.9,26.9,27.0,26.9,27.0,27.0,26.9,26.9,26.9,27.0,26.8,26.8,26.9,26.8,27.1,26.9,27.0,26.8,26.8,26.7,27.0,27.0,26.9,26.9,26.9,26.8,26.8,26.8,26.9,26.9,26.7,26.9,26.9,27.0,26.9,26.9
218,27.6,27.4,27.6,27.5,27.7,27.3,27.6,27.5,27.5,27.4,27.4,27.3,27.4,27.5,27.7,27.6,27.4,27.5,27.5,27.5,27.4,27.5,27.6,27.5,27.4,27.6,27.4,27.5,27.6,27.4,27.6,27.6,27.5,27.6,27.3,27.5,27.5,27.4,27.4,27.5,27.3,27.2,27.2,27.2,27.4,27.3,27.4,27.3,27.3,27.2,27.3,27.3,27.2,27.3,27.1,27.2,27.3,27.3,27.2,27.2,27.1,27.0,27.0,27.0,27.0,26.9,26.8,26.6,26.5,26.8,26.9,27.4,28.1,28.2,28.3,28.0,28.2,28.2,28.1,28.3,28.2,28.2,28.4,28.1,28.2,28.2,28.2,28.0,28.0,28.0,28.2,28.0,28.0,27.9,27.8,27.5,26.8,26.3,26.4,26.5,26.4,26.4,26.4,26.6,26.5,26.4,26.5,26.5,26.6,26.5,26.5,26.5,26.4,26.5,26.5,26.7,26.4,26.5,26.6,26.6,26.6,26.5,26.5,26.5,26.6,26.6,26.5,26.6,26.4,26.7,26.7,26.6,26.8,26.8,26.7,26.8,26.6,26.6,26.8,26.7,26.7,26.6,26.9,26.8,26.7,26.6,26.8,26.8,26.9,26.9,26.9,26.8,27.0,26.7,27.1,26.9,26.8,26.9,26.7,26.7,26.9,26.9,26.6,26.8,26.6,26.9,26.8,26.8,26.8,26.9,26.8,27.0,26.8,26.8,26.8,26.7,26.9,26.9,26.9,26.9,26.9,26.6,26.8,26.9,27.0,27.0,26.8,26.9,26.7,26.7,26.8,26.9
219,27.3,27.3,27.5,27.6,27.6,27.4,27.4,27.6,27.4,27.4,27.3,27.5,27.3,27.6,27.6,27.4,27.6,27.5,27.6,27.6,27.5,27.4,27.5,27.7,27.6,27.6,27.5,27.5,27.4,27.4,27.7,27.6,27.4,27.5,27.4,27.6,27.5,27.4,27.3,27.4,27.5,27.4,27.4,27.3,27.4,27.3,27.3,27.3,27.4,27.3,27.4,27.3,27.3,27.3,27.0,27.1,27.4,27.1,27.1,27.1,27.2,27.1,27.1,27.0,26.9,27.0,27.0,26.8,26.5,26.9,27.0,27.5,28.1,28.5,28.2,28.2,28.1,28.1,28.1,28.2,28.5,28.0,28.1,28.1,28.3,28.3,28.2,28.1,28.2,28.0,28.1,27.9,27.7,27.7,27.6,27.3,26.6,26.3,26.0,26.5,26.3,26.6,26.4,26.4,26.4,26.5,26.5,26.6,26.5,26.5,26.5,26.3,26.4,26.5,26.4,26.6,26.6,26.4,26.5,26.5,26.4,26.5,26.7,26.5,26.6,26.7,26.6,26.6,26.6,26.8,26.6,26.5,26.7,26.7,26.7,26.7,26.8,26.9,26.7,26.7,26.8,26.8,26.7,26.6,26.9,26.8,26.7,26.9,27.0,27.1,26.9,26.9,26.9,27.0,26.7,26.8,26.8,26.9,26.8,26.9,26.9,27.0,26.9,26.9,26.9,26.9,26.8,27.0,26.8,26.7,26.6,26.8,26.9,27.1,26.6,26.8,26.8,26.9,26.8,27.1,26.9,26.9,26.9,26.7,27.0,26.9,26.8,26.8,26.9,26.9,26.8,26.8
220,27.3,27.3,27.3,27.4,27.5,27.4,27.4,27.4,27.4,27.6,27.6,27.5,27.5,27.2,27.6,27.5,27.4,27.5,27.4,27.5,27.5,27.5,27.6,27.4,27.4,27.6,27.4,27.6,27.6,27.5,27.4,27.6,27.6,27.4,27.6,27.5,27.4,27.4,27.5,27.3,27.5,27.2,27.4,27.3,27.4,27.3,27.3,27.2,27.1,27.3,27.4,27.2,27.2,27.3,27.1,27.1,27.1,27.1,27.2,27.2,26.9,26.9,27.1,27.0,26.9,26.9,26.7,26.8,26.7,26.5,26.8,27.3,27.8,27.9,27.8,27.6,27.7,27.8,27.8,27.8,27.9,27.8,27.8,27.6,27.6,27.5,27.6,27.5,27.6,27.6,27.4,27.4,27.3,27.3,27.1,26.9,26.4,26.2,26.2,26.3,26.4,26.4,26.6,26.6,26.4,26.5,26.3,26.6,26.4,26.5,26.5,26.4,26.4,26.5,26.4,26.5,26.3,26.5,26.5,26.4,26.4,26.5,26.6,26.6,26.6,26.6,26.5,26.6,26.4,26.6,26.6,26.8,26.8,26.7,26.6,26.8,26.8,26.7,26.9,26.7,26.8,26.8,26.6,26.8,26.9,26.7,26.9,26.8,27.0,26.9,26.9,27.0,26.9,26.9,26.8,26.9,26.8,27.0,26.9,26.8,26.9,26.7,26.9,27.0,26.8,26.9,26.7,26.8,26.8,26.9,26.9,26.9,27.1,26.7,26.9,26.7,27.1,26.8,26.9,26.9,26.9,26.9,26.9,26.9,27.0,26.7,26.9,26.9,26.8,26.9,26.9,26.9
221,27.5,27.4,27.6,27.4,27.4,27.5,27.5,27.5,27.4,27.3,27.4,27.5,27.4,27.6,27.4,27.5,27.4,27.3,27.4,27.6,27.6,27.4,27.6,27.5,27.6,27.6,27.7,27.3,27.4,27.5,27.4,27.5,27.4,27.5,27.6,27.5,27.4,27.5,27.5,27.4,27.2,27.2,27.2,27.5,27.4,27.3,27.3,27.3,27.1,27.3,27.1,27.2,27.2,27.2,27.0,27.2,27.0,27.2,27.0,27.2,26.9,27.1,26.9,26.9,27.1,26.9,26.9,26.6,26.6,26.5,26.7,26.9,27.1,27.2,27.3,27.1,27.2,27.1,27.3,27.3,27.2,27.1,27.1,27.1,27.0,27.1,27.0,27.1,27.1,27.0,26.9,26.9,26.8,26.7,27.0,26.4,26.2,26.1,26.1,26.3,26.5,26.4,26.5,26.3,26.5,26.5,26.4,26.4,26.4,26.6,26.6,26.5,26.5,26.4,26.6,26.4,26.4,26.5,26.4,26.5,26.6,26.7,26.4,26.4,26.6,26.5,26.5,26.6,26.5,26.6,26.6,26.7,26.6,26.6,26.7,26.7,26.7,26.8,26.7,26.6,26.7,26.8,26.7,26.9,26.8,26.9,26.7,26.8,26.9,27.0,26.9,26.8,26.8,26.9,26.8,26.7,26.7,26.9,26.8,26.9,27.0,27.1,26.8,27.0,26.9,26.9,26.8,26.9,26.9,26.9,26.8,27.1,26.9,26.8,26.8,26.9,26.7,26.9,26.9,26.9,26.9,26.9,26.7,26.8,26.7,27.0,26.7,26.8,26.7,26.8,26.7,26.9
222,27.2,27.3,27.6,27.4,27.4,27.4,27.4,27.5,27.3,27.3,27.3,27.5,27.3,27.4,27.3,27.5,27.4,27.5,27.4,27.3,27.6,27.5,27.6,27.6,27.5,27.6,27.6,27.5,27.5,27.6,27.5,27.5,27.4,27.4,27.5,27.4,27.5,27.5,27.5,27.2,27.6,27.2,27.4,27.3,27.4,27.4,27.2,27.5,27.2,27.2,27.2,27.2,27.3,27.1,27.1,27.2,27.2,27.1,27.1,27.0,27.1,27.0,27.0,26.9,26.9,26.9,26.8,26.5,26.5,26.5,26.6,26.7,26.7,27.0,26.8,27.0,27.0,26.8,26.9,26.8,26.9,26.9,26.8,26.9,26.8,26.6,26.8,26.8,26.7,26.6,26.6,26.6,26.5,26.4,26.4,26.2,26.1,26.0,26.2,26.2,26.3,26.4,26.4,26.4,26.4,26.4,26.5,26.5,26.6,26.5,26.3,26.5,26.5,26.6,26.6,26.5,26.4,26.5,26.5,26.6,26.5,26.5,26.6,26.6,26.6,26.5,26.5,26.5,26.7,26.5,26.6,26.7,26.7,26.6,26.7,26.8,26.7,26.6,26.6,26.9,26.9,26.9,26.8,26.8,26.6,26.7,26.7,26.7,26.8,26.8,26.8,26.8,26.8,26.8,26.8,26.8,26.8,26.7,26.8,27.0,26.9,26.8,26.8,26.8,26.9,26.7,26.8,26.9,26.8,26.8,26.9,26.8,26.9,26.9,27.0,26.7,27.1,26.7,26.8,26.8,26.6,26.8,26.7,27.0,26.9,26.8,26.9,26.9,26.9,26.9,26.9,26.8
223,27.4,27.3,27.4,27.5,27.2,27.3,27.4,27.5,27.3,27.3,27.3,27.4,27.5,27.3,27.3,27.4,27.3,27.3,27.4,27.6,27.5,27.4,27.5,27.4,27.4,27.5,27.4,27.3,27.5,27.5,27.3,27.6,27.5,27.3,27.2,27.5,27.3,27.4,27.2,27.3,27.6,27.3,27.4,27.3,27.3,27.2,27.2,27.2,27.0,27.2,27.2,27.1,27.2,27.1,26.9,26.9,27.1,27.0,27.1,27.1,26.9,27.1,26.8,26.9,26.9,26.7,26.7,26.7,26.7,26.4,26.4,26.4,26.4,26.8,26.4,26.6,26.5,26.5,26.5,26.4,26.5,26.3,26.6,26.2,26.4,26.3,26.4,26.4,26.3,26.2,26.2,26.1,26.0,26.0,26.1,25.9,25.8,26.0,26.0,26.3,26.3,26.4,26.5,26.4,26.5,26.4,26.3,26.5,26.5,26.4,26.7,26.4,26.4,26.4,26.6,26.5,26.4,26.4,26.5,26.5,26.4,26.5,26.5,26.5,26.5,26.6,26.4,26.6,26.6,26.7,26.7,26.5,26.6,26.8,26.6,26.8,26.6,26.7,26.6,26.7,26.7,26.8,26.8,26.9,26.8,26.8,26.9,26.8,26.7,26.8,26.7,26.8,26.8,26.8,26.8,26.9,26.8,26.8,26.8,27.0,26.9,26.7,26.6,26.8,26.6,26.5,26.8,26.7,26.9,26.7,26.8,26.7,26.8,26.7,26.8,26.8,26.9,26.9,26.9,26.9,26.8,26.8,26.9,26.9,26.9,26.8,26.9,27.0,26.9,26.8,26.8,26.8
224,27.3,27.3,27.4,27.3,27.3,27.3,27.3,27.5,27.4,27.2,27.5,27.3,27.4,27.4,27.4,27.4,27.3,27.4,27.3,27.3,27.4,27.5,27.4,27.5,27.4,27.3,27.4,27.4,27.4,27.5,27.4,27.4,27.3,27.5,27.5,27.4,27.3,27.3,27.4,27.1,27.2,27.3,27.3,27.3,27.1,27.3,27.3,27.2,27.3,27.2,27.1,27.0,27.0,27.2,26.9,26.9,27.1,27.0,26.9,27.0,26.9,26.9,26.7,26.7,26.9,26.9,26.7,26.6,26.6,26.2,26.4,26.2,26.3,26.3,26.2,26.2,26.2,26.2,26.1,26.1,26.1,26.2,26.3,26.2,26.1,26.0,26.2,26.0,26.2,26.2,25.9,25.9,25.9,26.0,25.9,25.9,25.8,25.8,25.9,26.2,26.3,26.3,26.5,26.5,26.5,26.4,26.4,26.5,26.4,26.5,26.5,26.5,26.6,26.6,26.6,26.5,26.5,26.6,26.6,26.4,26.6,26.6,26.4,26.6,26.9,26.6,26.6,26.5,26.7,26.7,26.6,26.7,26.5,26.6,26.8,26.8,26.7,26.7,26.8,26.9,26.8,26.9,26.6,26.9,26.6,26.7,26.7,26.8,26.9,26.9,26.9,26.8,26.9,26.8,26.9,26.9,26.9,26.9,26.7,26.9,26.8,26.9,26.8,26.7,26.9,26.9,26.8,26.9,26.9,26.7,26.7,27.0,26.8,26.9,27.0,26.8,26.9,26.8,26.9,26.9,26.7,26.9,26.8,26.8,26.9,26.8,26.9,26.9,26.9,26.9,26.7,26.6
225,27.3,27.2,27.4,27.3,27.2,27.3,27.2,27.4,27.4,27.4,27.3,27.3,27.5,27.2,27.4,27.4,27.4,27.4,27.4,27.4,27.5,27.5,27.3,27.3,27.4,27.4,27.2,27.5,27.4,27.4,27.3,27.3,27.2,27.4,27.3,27.4,27.3,27.3,27.3,27.4,27.3,27.4,27.3,27.2,27.2,27.2,27.1,27.2,27.2,27.1,27.0,27.2,27.1,27.2,26.9,27.0,27.1,26.9,26.9,27.0,26.9,26.9,26.9,26.9,26.8,26.6,26.8,26.6,26.4,26.3,26.2,26.3,26.2,26.1,26.1,26.0,25.9,26.0,25.9,26.2,26.1,25.9,25.8,26.0,26.1,25.9,26.1,26.0,26.0,25.9,25.7,25.8,25.6,25.7,25.8,25.6,25.7,25.8,26.1,26.3,26.2,26.4,26.6,26.3,26.6,26.5,26.5,26.4,26.4,26.5,26.5,26.4,26.5,26.5,26.4,26.5,26.6,26.6,26.4,26.5,26.6,26.5,26.8,26.6,26.5,26.7,26.5,26.6,26.6,26.6,26.6,26.8,26.7,26.6,26.6,26.8,26.7,26.7,26.8,26.7,26.9,26.8,26.9,26.7,26.8,26.8,26.7,26.7,26.8,26.6,26.8,26.7,26.7,26.7,26.6,26.9,26.8,26.9,26.8,26.9,26.8,26.8,26.7,26.8,26.7,26.9,26.7,26.6,26.9,26.8,26.6,26.9,26.9,26.8,26.8,26.8,26.8,26.8,26.8,27.0,26.6,27.0,26.9,26.9,26.8,27.0,26.8,27.0,26.6,26.9,26.9,27.0
226,27.5,27.2,27.4,27.5,27.4,27.3,27.5,27.4,27.4,27.3,27.3,27.3,27.3,27.5,27.3,27.3,27.3,27.5,27.3,27.4,27.4,27.4,27.3,27.6,27.5,27.6,27.4,27.5,27.3,27.2,27.3,27.5,27.5,27.4,27.4,27.4,27.4,27.3,27.4,27.4,27.3,27.3,27.3,27.2,27.2,27.3,27.1,27.2,27.2,27.0,27.2,27.2,27.2,27.3,27.0,27.0,27.1,27.0,26.9,26.8,26.9,26.9,26.9,26.9,26.8,26.8,26.8,26.6,26.5,26.3,26.1,26.2,26.0,26.2,25.9,25.9,26.0,25.9,25.9,26.1,26.0,26.0,26.0,25.7,25.8,25.6,25.9,25.8,25.8,25.8,25.8,25.7,25.8,25.6,25.7,25.7,25.6,26.0,26.0,26.2,26.3,26.5,26.5,26.5,26.4,26.4,26.5,26.4,26.5,26.6,26.8,26.6,26.6,26.6,26.6,26.5,26.5,26.5,26.5,26.4,26.7,26.6,26.7,26.5,26.5,26.6,26.5,26.6,26.7,26.6,26.6,26.7,26.5,26.6,26.7,26.7,26.7,26.7,26.9,26.6,26.9,26.7,26.8,26.9,26.6,26.8,26.8,26.8,26.9,26.8,26.8,26.9,26.8,26.9,26.8,26.9,26.9,26.9,26.8,26.9,26.9,26.9,26.6,26.9,26.8,26.8,26.7,26.7,26.9,26.8,26.8,27.0,26.8,26.8,26.9,26.7,26.7,26.7,26.7,26.9,26.9,26.7,26.9,27.0,26.8,26.8,26.6,26.8,26.8,27.0,26.7,26.8
227,27.3,27.3,27.4,27.3,27.4,27.2,27.4,27.6,27.5,27.4,27.5,27.5,27.3,27.3,27.5,27.5,27.2,27.4,27.4,27.4,27.3,27.4,27.4,27.5,27.2,27.4,27.3,27.3,27.3,27.4,27.4,27.4,27.4,27.3,27.5,27.4,27.1,27.1,27.3,27.3,27.4,27.1,27.2,27.3,27.1,27.1,26.9,27.1,27.1,27.1,27.2,27.1,27.0,27.1,26.9,26.9,27.1,27.1,27.1,26.9,26.9,26.8,26.7,26.8,26.9,26.8,26.7,26.6,26.6,26.3,26.1,26.1,26.2,26.2,25.8,26.0,26.0,25.8,25.9,26.0,25.8,25.8,25.8,25.8,25.9,25.9,26.0,25.7,26.1,25.8,25.7,25.7,25.6,25.7,25.7,25.7,25.6,26.0,26.1,26.3,26.2,26.4,26.3,26.4,26.4,26.4,26.5,26.4,26.4,26.6,26.4,26.5,26.5,26.6,26.5,26.4,26.4,26.6,26.6,26.6,26.5,26.6,26.7,26.5,26.5,26.6,26.6,26.7,26.5,26.6,26.6,26.6,26.7,26.5,26.9,26.9,26.9,26.7,26.9,26.7,26.7,26.9,26.8,26.7,26.8,26.9,26.9,26.8,26.7,26.8,26.8,26.7,26.7,26.7,26.8,26.9,26.7,26.6,26.8,26.9,26.9,26.9,26.9,26.8,26.8,26.8,26.9,27.1,26.7,26.9,26.8,26.8,26.7,26.7,27.0,26.7,27.0,26.8,26.8,26.7,26.7,26.9,26.7,26.9,26.9,26.9,26.7,26.7,26.7,26.8,26.8,26.7
228,27.3,27.1,27.4,27.2,27.3,27.3,27.4,27.3,27.3,27.4,27.3,27.3,27.2,27.3,27.3,27.4,27.2,27.3,27.6,27.3,27.4,27.4,27.3,27.5,27.3,27.4,27.4,27.3,27.5,27.3,27.4,27.4,27.3,27.2,27.3,27.5,27.3,27.4,27.4,27.3,27.3,27.3,27.2,27.1,27.3,27.2,27.1,27.0,27.1,27.1,27.1,27.0,27.0,27.1,26.9,27.0,27.2,27.0,27.0,26.9,26.9,26.9,26.8,26.8,26.6,26.7,26.7,26.6,26.5,26.4,26.1,26.1,25.9,26.0,25.8,26.0,25.8,26.0,25.8,25.9,25.8,25.8,25.8,25.8,25.7,25.8,26.0,25.8,25.7,25.7,25.7,25.6,25.6,25.7,25.6,25.7,25.5,25.8,26.0,26.3,26.2,26.3,26.3,26.4,26.5,26.5,26.4,26.4,26.5,26.5,26.6,26.7,26.5,26.5,26.6,26.6,26.6,26.7,26.5,26.4,26.5,26.6,26.8,26.6,26.6,26.7,26.6,26.7,26.6,26.7,26.7,26.8,26.6,26.8,26.8,26.9,26.7,26.8,26.7,26.9,26.6,26.7,27.0,26.7,26.7,26.9,26.9,26.6,26.8,26.7,26.7,26.6,26.8,26.8,27.0,26.8,26.7,26.8,26.8,26.7,26.9,26.9,26.7,26.7,26.9,26.8,26.9,26.9,26.7,26.7,26.7,26.7,26.8,26.7,26.6,26.8,26.9,26.7,26.7,26.8,26.8,26.8,26.7,26.9,26.9,26.7,26.7,26.8,26.7,26.8,26.7,26.7
229,27.5,27.2,27.3,27.2,27.3,27.4,27.3,27.5,27.2,27.3,27.3,27.4,27.4,27.4,27.5,27.2,27.3,27.4,27.4,27.4,27.3,27.3,27.3,27.3,27.3,27.3,27.2,27.3,27.3,27.2,27.2,27.3,27.3,27.4,27.1,27.5,27.3,27.3,27.4,27.3,27.0,27.2,27.4,27.1,27.3,27.3,27.2,27.2,27.1,27.0,27.0,27.1,27.1,27.1,27.0,27.0,27.0,27.0,27.0,26.9,26.8,26.9,26.9,26.8,27.0,26.7,26.7,26.6,26.5,26.3,26.4,26.0,26.1,26.0,26.0,25.8,26.0,25.7,25.9,25.7,25.9,25.7,25.8,25.9,25.7,25.7,25.5,25.7,25.9,25.7,25.7,25.6,25.7,25.6,25.6,25.7,25.8,25.7,26.0,26.2,26.4,26.2,26.3,26.4,26.6,26.4,26.4,26.5,26.5,26.7,26.7,26.5,26.4,26.5,26.6,26.6,26.6,26.6,26.6,26.6,26.7,26.4,26.6,26.6,26.9,26.7,26.6,26.6,26.7,26.7,26.7,26.5,26.8,26.8,26.8,26.9,26.8,26.8,26.8,26.7,26.8,26.8,26.8,26.8,26.7,26.7,26.7,26.8,26.8,26.8,26.9,26.8,26.7,26.8,26.7,26.8,26.7,26.7,26.7,26.7,26.7,26.8,26.8,26.7,26.9,27.0,26.9,26.8,26.8,27.0,26.9,27.0,26.7,26.7,26.8,26.7,26.8,26.7,26.8,26.6,26.9,26.9,26.9,26.8,26.8,26.7,26.8,26.8,26.9,26.8,27.0,26.8
230,27.3,27.3,27.4,27.3,27.4,27.3,27.3,27.5,27.4,27.4,27.1,27.5,27.4,27.4,27.4,27.3,27.3,27.3,27.3,27.5,27.5,27.3,27.2,27.3,27.3,27.5,27.3,27.3,27.4,27.4,27.4,27.3,27.3,27.5,27.4,27.2,27.3,27.4,27.3,27.2,27.4,27.2,27.1,27.1,27.3,27.2,27.1,27.2,27.0,27.1,27.0,27.0,27.1,27.0,26.9,26.9,27.0,27.0,27.0,26.8,26.8,26.8,26.8,26.8,26.6,26.6,26.6,26.5,26.4,26.4,26.1,26.1,25.8,25.9,25.8,26.0,25.9,25.9,25.7,25.7,25.9,25.8,25.8,25.5,25.7,25.7,25.6,25.7,25.6,25.6,25.6,25.5,25.4,25.6,25.5,25.7,25.6,25.7,26.1,26.2,26.2,26.4,26.6,26.4,26.3,26.6,26.6,26.7,26.5,26.6,26.6,26.4,26.8,26.6,26.5,26.5,26.6,26.6,26.6,26.6,26.6,26.6,26.6,26.6,26.7,26.7,26.7,26.7,26.7,26.7,26.6,26.8,26.6,26.9,26.7,26.6,26.6,26.8,26.8,26.9,26.8,26.8,26.8,26.8,26.8,26.9,26.8,26.8,26.9,26.8,26.8,26.8,26.7,27.0,26.6,26.8,26.8,26.8,26.7,26.9,26.8,26.9,26.9,26.7,26.7,26.7,26.9,26.7,26.9,26.6,26.8,26.7,26.9,26.7,26.8,26.8,26.6,26.9,27.0,26.9,26.8,26.8,26.9,26.7,26.9,26.8,26.6,26.7,26.8,26.6,26.7,26.6
231,27.3,27.3,27.2,27.3,27.3,27.3,27.3,27.1,27.1,27.4,27.4,27.5,27.3,27.3,27.5,27.2,27.3,27.2,27.2,27.4,27.4,27.3,27.3,27.6,27.3,27.3,27.3,27.3,27.3,27.2,27.3,27.5,27.2,27.3,27.2,27.1,27.5,27.4,27.1,27.3,27.2,27.1,27.2,27.3,27.3,27.1,27.0,26.8,27.1,27.1,27.0,26.9,27.0,27.0,27.0,27.1,26.9,26.9,26.9,26.9,26.7,26.7,26.8,26.7,26.7,26.6,26.5,26.6,26.4,26.0,26.2,26.1,26.0,25.9,26.0,25.7,25.6,25.7,25.7,25.7,25.7,25.6,25.7,25.6,25.7,25.7,25.7,25.6,25.7,25.6,25.4,25.6,25.6,25.5,25.4,25.5,25.7,25.6,26.0,26.2,26.1,26.5,26.3,26.3,26.4,26.4,26.6,26.4,26.4,26.5,26.5,26.5,26.6,26.6,26.7,26.7,26.5,26.6,26.5,26.6,26.7,26.7,26.6,26.5,26.6,26.6,26.6,26.7,26.5,26.6,26.6,26.6,26.9,26.8,26.7,26.6,26.6,26.6,26.7,26.6,26.7,26.8,26.7,26.8,26.6,26.9,26.7,26.8,26.7,26.9,26.8,26.7,26.8,26.8,26.6,26.7,26.6,26.7,26.8,26.9,26.8,26.9,26.8,26.8,26.7,26.9,26.7,26.8,26.8,26.7,26.8,26.9,26.9,26.7,26.8,26.6,26.9,26.9,26.8,26.9,26.7,26.9,26.9,26.8,27.0,26.7,26.9,26.8,26.8,26.8,26.9,26.8
232,27.3,27.1,27.3,27.4,27.4,27.0,27.3,27.3,27.3,27.3,27.3,27.2,27.2,27.3,27.3,27.3,27.1,27.3,27.1,27.3,27.1,27.2,27.3,27.2,27.3,27.3,27.3,27.3,27.4,27.3,27.2,27.3,27.3,27.1,27.2,27.2,27.3,27.1,27.1,26.9,27.3,27.1,27.0,27.1,27.3,27.1,27.0,27.1,26.9,26.9,26.9,27.0,26.9,26.8,26.8,27.0,26.8,26.9,26.9,26.8,26.6,26.9,26.5,26.8,26.6,26.7,26.6,26.6,26.4,26.2,26.2,26.0,25.9,25.8,25.9,25.8,25.8,25.7,25.7,25.7,25.5,25.8,25.5,25.5,25.5,25.6,25.5,25.7,25.6,25.5,25.5,25.6,25.4,25.4,25.4,25.4,25.4,25.6,26.0,26.2,26.3,26.4,26.4,26.4,26.4,26.5,26.4,26.5,26.4,26.3,26.4,26.5,26.4,26.5,26.5,26.6,26.5,26.4,26.5,26.4,26.5,26.6,26.7,26.6,26.7,26.6,26.5,26.6,26.7,26.6,26.4,26.6,26.6,26.6,26.7,26.7,26.7,26.6,26.8,26.6,26.8,26.6,26.6,26.6,26.6,26.6,26.7,26.7,26.6,26.6,26.7,26.6,26.9,26.6,26.8,26.6,26.8,26.8,26.7,26.7,26.6,26.8,26.6,26.8,26.7,26.6,26.6,26.7,26.8,26.9,26.8,26.9,26.6,26.8,26.7,26.7,26.8,26.8,26.6,26.7,26.5,26.6,26.7,26.8,26.8,26.7,26.7,26.8,26.8,26.9,26.9,26.7
233,27.3,27.2,27.3,27.2,27.3,27.2,27.2,27.2,27.3,27.2,27.1,27.3,27.2,27.2,27.3,27.4,27.3,27.3,27.3,27.4,27.3,27.3,27.2,27.1,27.4,27.2,27.1,27.2,27.1,27.3,27.1,27.3,27.2,27.1,27.3,27.3,27.1,27.3,27.3,27.2,27.1,27.2,27.1,27.1,26.9,27.2,27.1,27.0,27.0,27.2,26.9,27.1,26.9,27.0,26.7,26.9,26.9,26.9,26.8,26.8,26.7,26.6,26.7,26.6,26.7,26.6,26.4,26.4,26.3,26.1,25.9,26.0,26.0,25.9,25.8,25.8,25.8,25.7,25.7,25.7,25.7,25.5,25.8,25.6,25.6,25.5,25.6,25.6,25.6,25.5,25.6,25.5,25.5,25.5,25.5,25.5,25.5,25.6,26.0,26.2,26.4,26.3,26.4,26.5,26.4,26.5,26.3,26.6,26.4,26.4,26.4,26.5,26.5,26.5,26.4,26.5,26.5,26.5,26.7,26.5,26.5,26.7,26.6,26.5,26.6,26.6,26.5,26.6,26.5,26.9,26.8,26.6,26.6,26.6,26.7,26.8,26.6,26.8,26.8,26.4,26.7,26.6,26.6,26.6,26.9,26.6,26.6,26.6,26.6,26.7,26.8,26.9,27.0,26.8,26.9,26.7,26.6,26.7,26.7,26.8,26.7,26.7,26.5,26.8,26.9,26.7,26.7,26.6,26.8,26.8,26.6,26.7,26.9,26.7,26.8,26.7,26.9,26.6,26.6,26.8,26.7,26.7,26.8,26.9,26.7,26.8,26.8,26.9,26.7,26.6,26.9,26.9
234,27.3,27.2,27.3,27.1,27.2,27.2,27.3,27.2,27.2,27.3,27.2,27.2,27.1,27.3,27.2,27.4,27.4,27.2,27.3,27.5,27.3,27.3,27.3,27.2,27.3,27.2,27.1,27.0,27.1,27.2,27.1,27.1,27.2,27.2,27.2,27.1,27.3,27.1,27.2,27.1,27.1,27.2,26.9,27.2,26.9,26.9,27.0,27.1,27.0,27.1,26.9,26.9,27.0,27.0,26.9,26.8,26.9,26.8,26.7,26.8,26.8,26.7,26.6,26.6,26.7,26.6,26.6,26.4,26.4,26.2,26.1,26.0,26.0,26.0,25.7,26.0,25.7,25.8,25.7,25.7,25.7,25.8,25.7,25.8,25.9,25.7,25.5,25.7,25.6,25.5,25.8,25.7,25.4,25.4,25.4,25.7,25.5,25.6,26.2,26.2,26.2,26.4,26.4,26.3,26.3,26.5,26.4,26.4,26.4,26.5,26.4,26.6,26.6,26.6,26.4,26.4,26.5,26.5,26.7,26.6,26.6,26.5,26.6,26.6,26.6,26.6,26.6,26.6,26.7,26.6,26.6,26.5,26.6,26.6,26.6,26.6,26.6,26.6,26.6,26.6,26.6,26.6,26.7,26.7,26.7,26.5,26.6,26.7,26.6,26.5,26.6,26.6,26.5,26.6,26.8,26.6,26.6,26.7,26.7,26.7,26.6,26.4,26.6,26.6,26.6,26.8,26.7,26.8,26.7,26.9,26.7,26.7,26.7,26.7,26.8,26.7,26.7,26.7,26.6,26.8,26.9,26.7,27.0,26.8,26.9,26.9,26.9,26.9,26.8,26.6,26.6,26.7
235,27.3,27.1,27.2,27.3,27.2,27.3,27.3,27.3,27.3,27.1,27.3,27.3,27.2,27.2,27.2,27.3,27.2,27.2,27.3,27.1,27.3,27.2,27.1,27.2,27.3,27.3,27.1,27.1,27.1,27.3,27.2,27.2,27.2,27.2,27.4,27.0,27.1,27.1,27.2,26.9,27.1,26.9,27.1,27.1,26.9,27.1,26.9,27.1,26.9,26.9,26.9,26.9,27.1,27.0,27.0,27.0,26.8,26.9,26.8,26.7,26.8,26.5,26.7,26.8,26.6,26.5,26.5,26.4,26.4,26.0,26.1,26.0,25.9,26.1,25.8,25.7,25.6,25.9,25.8,25.7,25.9,25.7,25.8,25.8,25.6,25.7,25.8,25.6,25.6,25.7,25.7,25.7,25.6,25.6,25.5,25.7,25.6,25.6,26.0,26.2,26.2,26.2,26.3,26.4,26.3,26.4,26.3,26.4,26.2,26.4,26.4,26.5,26.4,26.5,26.4,26.5,26.4,26.5,26.4,26.4,26.4,26.6,26.5,26.4,26.6,26.6,26.5,26.6,26.6,26.6,26.4,26.6,26.5,26.6,26.5,26.5,26.6,26.6,26.7,26.7,26.6,26.5,26.6,26.6,26.5,26.6,26.7,26.7,26.7,26.7,26.7,26.6,26.7,26.7,26.7,26.6,26.5,26.6,26.6,26.6,26.6,26.4,26.6,26.7,26.6,26.8,26.8,26.6,26.8,26.6,26.7,26.9,26.9,26.7,26.7,26.7,26.7,26.7,26.8,26.9,26.6,26.7,26.8,26.9,26.7,26.7,26.6,26.7,26.8,26.9,26.7,26.9
236,27.3,27.0,27.2,27.2,27.3,27.2,27.2,27.1,27.3,27.2,27.3,27.3,27.1,27.1,27.2,27.2,27.2,27.3,27.3,27.3,27.1,27.1,27.1,27.2,27.3,27.1,27.2,27.1,27.1,27.2,27.1,27.1,27.2,27.1,27.1,27.2,27.1,27.1,27.1,27.1,27.1,27.2,27.1,27.0,27.1,27.0,26.8,27.0,26.9,27.1,27.0,26.9,26.8,26.9,26.6,26.9,26.9,26.8,26.7,26.9,26.7,26.6,26.6,26.7,26.8,26.7,26.5,26.5,26.5,26.2,26.1,26.1,25.9,26.1,26.0,26.1,25.9,25.9,25.7,25.9,25.9,25.7,25.8,25.7,25.6,25.8,25.8,25.8,25.7,25.9,25.7,25.6,25.6,25.5,25.5,25.4,25.6,25.7,25.9,26.1,26.4,26.3,26.4,26.6,26.3,26.4,26.3,26.5,26.4,26.4,26.4,26.5,26.4,26.4,26.5,26.6,26.4,26.3,26.5,26.3,26.4,26.5,26.6,26.5,26.5,26.5,26.4,26.6,26.5,26.5,26.4,26.4,26.5,26.4,26.4,26.5,26.7,26.6,26.4,26.5,26.5,26.6,26.7,26.5,26.6,26.6,26.5,26.6,26.5,26.7,26.4,26.7,26.4,26.6,26.7,26.6,26.7,26.6,26.7,26.6,26.6,26.6,26.7,26.7,26.7,26.6,26.7,26.7,26.8,26.6,26.7,26.6,26.7,26.7,26.8,26.6,26.9,26.8,26.6,26.9,26.7,26.8,26.7,26.9,26.9,26.6,26.6,26.7,26.8,26.7,26.6,26.9
237,27.3,27.1,27.4,27.3,27.1,27.3,27.4,27.2,27.0,27.4,27.2,27.2,27.1,27.1,27.3,27.1,27.1,27.1,27.2,27.1,27.1,27.2,27.2,27.2,27.0,27.2,27.1,27.2,27.2,27.2,27.2,27.1,27.1,27.3,27.3,27.2,27.1,27.1,27.2,27.1,27.0,26.9,27.0,27.1,27.0,27.0,26.9,27.0,26.9,26.9,27.0,26.8,26.8,27.1,26.7,26.9,26.9,26.9,26.8,26.8,26.6,26.6,26.7,26.5,26.6,26.7,26.6,26.4,26.4,26.2,26.1,26.1,26.2,26.0,26.0,26.0,26.0,26.0,26.0,25.8,25.9,25.8,25.8,25.9,25.9,25.7,25.7,25.9,25.8,25.9,25.8,25.8,25.6,25.6,25.6,25.6,25.6,25.8,26.1,26.1,26.3,26.3,26.4,26.4,26.3,26.4,26.5,26.4,26.6,26.4,26.5,26.4,26.5,26.5,26.5,26.4,26.4,26.5,26.5,26.5,26.5,26.5,26.5,26.6,26.5,26.5,26.6,26.5,26.6,26.6,26.6,26.4,26.6,26.6,26.6,26.5,26.6,26.6,26.7,26.5,26.6,26.6,26.4,26.7,26.6,26.5,26.6,26.6,26.5,26.6,26.7,26.6,26.9,26.6,26.8,26.7,26.6,26.7,26.6,26.6,26.8,26.6,26.7,26.9,26.8,26.6,26.6,26.5,26.6,26.7,26.5,26.8,26.8,26.8,26.8,26.7,26.8,26.7,26.7,26.7,26.8,26.8,27.0,26.9,26.7,26.8,26.7,26.9,26.8,26.7,26.5,26.8
238,27.2,27.1,27.1,27.1,27.2,27.3,27.2,27.2,27.3,27.1,27.2,27.2,27.1,27.2,27.1,27.1,27.3,27.0,27.1,27.3,27.4,27.1,27.0,27.2,27.1,27.1,27.0,27.1,27.1,27.0,27.2,27.2,27.3,27.2,27.0,27.0,26.8,27.1,27.0,27.0,27.0,27.0,27.0,26.9,26.9,26.9,27.0,26.9,26.9,26.9,26.9,26.9,26.8,26.9,26.9,26.7,26.7,27.0,26.9,26.9,26.8,26.9,26.7,26.5,26.6,26.5,26.6,26.5,26.4,26.3,26.2,26.2,26.1,26.0,25.9,26.0,25.9,25.8,25.9,25.8,25.8,25.9,25.9,25.8,25.8,25.7,25.8,25.6,25.7,25.7,25.6,25.6,25.5,25.7,25.6,25.7,25.7,25.6,26.1,26.2,26.3,26.3,26.3,26.4,26.4,26.4,26.3,26.4,26.4,26.4,26.4,26.4,26.4,26.4,26.4,26.3,26.6,26.4,26.4,26.4,26.5,26.6,26.6,26.4,26.6,26.6,26.5,26.5,26.4,26.5,26.4,26.5,26.6,26.6,26.4,26.6,26.5,26.6,26.4,26.6,26.5,26.7,26.5,26.6,26.6,26.8,26.7,26.5,26.6,26.6,26.6,26.6,26.5,26.6,26.7,26.6,26.7,26.5,26.6,26.7,26.7,26.6,26.7,26.6,26.6,26.7,26.9,26.5,26.7,26.6,26.7,26.8,26.8,26.6,26.9,26.9,26.7,26.7,26.7,26.7,26.7,26.8,26.8,26.7,26.8,26.7,26.7,26.7,26.7,26.8,26.8,26.9
239,27.3,27.2,27.1,27.2,27.2,27.3,27.2,27.3,27.2,27.1,27.1,27.1,27.2,27.2,27.1,27.1,27.2,27.3,27.4,27.2,27.2,27.1,27.0,27.2,27.1,27.2,27.1,27.1,27.3,27.1,27.3,27.3,27.0,27.2,27.1,27.0,27.1,27.1,26.9,27.2,27.1,26.9,27.1,27.1,27.1,26.9,26.9,27.0,26.9,26.9,26.9,26.8,26.8,26.9,26.9,26.6,26.7,26.8,26.7,26.8,26.7,26.7,26.7,26.7,26.6,26.6,26.5,26.5,26.4,26.2,26.1,26.1,26.1,26.1,26.0,26.0,26.1,25.9,25.9,26.0,25.9,26.0,25.8,25.7,25.8,25.7,25.9,25.6,25.6,25.7,25.8,25.7,25.8,25.7,25.7,25.5,25.7,25.7,26.0,26.3,26.4,26.3,26.4,26.3,26.6,26.4,26.4,26.6,26.4,26.4,26.5,26.5,26.4,26.4,26.5,26.5,26.4,26.3,26.4,26.5,26.4,26.4,26.6,26.4,26.5,26.4,26.3,26.5,26.4,26.6,26.5,26.7,26.4,26.5,26.6,26.7,26.7,26.5,26.5,26.6,26.6,26.6,26.6,26.7,26.6,26.5,26.6,26.5,26.5,26.6,26.6,26.6,26.6,26.6,26.6,26.8,26.7,26.6,26.6,26.7,26.6,26.4,26.7,26.6,26.6,26.7,26.7,26.7,26.6,26.9,26.6,26.7,26.7,26.7,26.7,26.8,26.7,26.7,26.6,26.8,26.8,26.9,26.8,26.8,26.7,26.6,26.9,26.9,26.8,26.8,26.8,26.7
240,27.2,27.2,27.3,27.1,27.3,27.1,27.3,27.0,27.2,27.1,27.3,27.1,27.2,27.3,27.3,27.3,27.1,27.2,27.2,27.1,27.0,27.0,27.3,27.1,27.1,27.3,27.1,27.2,27.3,27.1,27.2,27.2,27.1,27.1,27.2,27.0,27.2,27.1,27.1,27.1,27.1,27.0,26.9,27.0,27.0,26.9,26.9,27.0,26.9,26.9,27.0,27.1,26.8,27.1,26.7,26.7,26.9,26.7,26.9,26.6,26.7,26.6,26.7,26.6,26.5,26.6,26.6,26.5,26.3,26.2,26.1,26.1,26.2,26.0,25.9,26.0,26.2,26.0,26.0,25.9,25.9,25.8,25.9,26.0,25.9,25.8,25.8,26.0,25.8,25.9,25.7,25.9,25.8,25.5,25.6,25.6,25.6,25.8,26.2,26.2,26.4,26.2,26.2,26.2,26.3,26.3,26.3,26.4,26.4,26.5,26.4,26.5,26.4,26.5,26.5,26.3,26.5,26.4,26.5,26.5,26.4,26.5,26.5,26.4,26.5,26.5,26.5,26.5,26.5,26.4,26.4,26.3,26.6,26.4,26.5,26.6,26.5,26.6,26.6,26.6,26.5,26.6,26.4,26.5,26.5,26.5,26.5,26.4,26.7,26.6,26.6,26.6,26.6,26.6,26.8,26.6,26.6,26.5,26.6,26.6,26.6,26.5,26.5,26.5,26.6,26.4,26.6,26.7,26.6,26.6,26.7,26.8,26.9,26.7,26.7,26.6,26.7,26.8,26.6,26.9,26.7,26.7,26.8,26.8,26.6,26.7,26.8,26.6,26.7,26.6,26.8,26.6
241,27.1,27.3,27.2,27.2,27.2,27.1,27.1,27.1,27.3,27.2,27.1,27.1,27.1,27.2,27.1,27.1,27.1,27.1,27.1,27.1,27.1,27.1,27.1,27.1,27.2,27.2,26.9,27.1,27.3,27.1,27.0,26.9,27.0,27.2,27.0,27.1,26.9,27.0,26.9,26.8,26.9,26.9,26.8,26.8,27.0,27.0,26.9,26.9,26.9,26.9,26.8,26.7,26.8,26.8,26.7,26.7,26.7,26.9,26.8,26.8,26.8,26.6,26.6,26.6,26.6,26.6,26.4,26.5,26.4,26.2,26.2,26.0,26.1,26.0,25.9,26.1,25.8,25.9,25.9,26.0,25.9,25.7,25.8,25.9,25.7,25.7,25.8,25.7,25.7,25.7,25.7,25.6,25.6,25.5,25.5,25.7,25.5,25.7,26.1,26.2,26.2,26.3,26.4,26.2,26.4,26.3,26.3,26.4,26.3,26.3,26.4,26.4,26.4,26.4,26.3,26.4,26.3,26.4,26.4,26.5,26.6,26.3,26.5,26.6,26.5,26.3,26.3,26.5,26.6,26.5,26.4,26.3,26.5,26.4,26.4,26.4,26.4,26.5,26.5,26.6,26.5,26.7,26.4,26.3,26.6,26.5,26.5,26.5,26.4,26.6,26.6,26.6,26.6,26.6,26.7,26.7,26.7,26.5,26.6,26.5,26.6,26.7,26.6,26.7,26.4,26.6,26.6,26.6,26.8,26.8,26.8,26.6,26.7,26.6,26.5,26.7,26.9,26.7,26.6,26.8,26.7,26.7,26.7,26.8,26.6,26.9,26.7,26.7,26.8,26.8,26.6,26.8
242,27.1,27.1,27.3,27.4,27.2,27.3,27.1,27.3,27.2,27.0,27.2,27.1,27.1,27.1,27.1,27.2,27.2,27.0,27.1,27.3,27.1,26.9,27.1,27.1,26.9,27.1,27.1,27.1,27.1,27.1,26.9,26.9,27.0,27.2,27.1,27.1,27.0,27.1,27.0,26.8,27.1,27.0,27.0,27.0,26.9,27.0,26.8,26.8,26.7,26.9,26.9,26.9,26.6,26.8,26.8,26.7,26.9,26.7,26.8,26.7,26.6,26.7,26.6,26.8,26.5,26.6,26.5,26.4,26.5,26.2,26.2,26.1,26.2,26.0,26.0,25.9,25.8,25.9,25.9,26.0,25.9,25.9,25.8,25.8,25.9,25.7,25.7,25.6,25.8,25.6,25.8,25.8,25.7,25.7,25.8,25.5,25.4,25.7,26.2,26.2,26.0,26.3,26.3,26.3,26.4,26.4,26.3,26.5,26.2,26.4,26.5,26.3,26.4,26.3,26.5,26.4,26.3,26.5,26.3,26.4,26.5,26.3,26.4,26.4,26.4,26.5,26.5,26.3,26.4,26.4,26.3,26.5,26.4,26.5,26.3,26.5,26.5,26.4,26.4,26.6,26.2,26.5,26.4,26.5,26.5,26.4,26.6,26.5,26.4,26.5,26.6,26.6,26.6,26.6,26.6,26.5,26.4,26.5,26.6,26.6,26.5,26.5,26.4,26.6,26.5,26.5,26.7,26.5,26.7,26.6,26.7,26.8,26.8,26.7,26.7,26.7,26.8,26.6,26.7,26.6,26.7,26.6,26.8,26.7,26.6,26.6,26.8,26.7,26.6,26.7,26.8,26.4
243,27.3,27.1,27.3,27.1,27.2,27.0,27.2,27.3,27.1,27.1,26.9,27.2,27.0,27.2,27.1,26.9,27.0,27.0,27.1,27.2,27.1,26.9,27.1,27.1,27.1,27.2,26.9,27.0,27.0,27.0,26.9,27.2,26.9,26.9,26.9,27.0,27.0,27.0,26.9,26.9,27.0,26.9,26.9,26.9,26.9,26.8,26.6,26.8,26.7,26.9,26.7,26.8,26.7,26.8,26.9,26.7,26.8,26.7,26.8,26.7,26.6,26.9,26.6,26.7,26.6,26.6,26.5,26.4,26.2,26.2,26.1,26.0,25.9,26.0,25.8,25.9,25.9,25.9,25.8,25.9,25.9,25.8,25.8,25.8,25.8,25.7,25.7,25.9,25.5,25.6,25.6,25.6,25.6,25.7,25.6,25.4,25.5,25.5,25.9,26.2,26.2,26.1,26.2,26.3,26.4,26.4,26.4,26.3,26.2,26.3,26.4,26.3,26.2,26.4,26.4,26.4,26.4,26.2,26.4,26.3,26.4,26.3,26.2,26.4,26.4,26.4,26.3,26.4,26.5,26.4,26.3,26.3,26.6,26.4,26.2,26.6,26.6,26.5,26.4,26.3,26.4,26.5,26.5,26.5,26.3,26.4,26.6,26.4,26.6,26.5,26.5,26.5,26.6,26.6,26.3,26.4,26.4,26.6,26.6,26.5,26.6,26.4,26.4,26.6,26.6,26.5,26.7,26.6,26.5,26.6,26.7,26.6,26.6,26.6,26.7,26.7,26.7,26.7,26.7,26.7,26.7,26.7,26.7,26.7,26.7,26.6,26.6,26.8,26.8,26.7,26.8,26.7
244,27.1,27.0,27.3,27.0,27.3,27.3,27.1,27.1,27.1,27.1,27.2,27.1,27.1,27.3,27.3,27.1,27.2,27.0,27.2,27.0,27.1,27.3,27.0,27.0,27.1,27.0,27.1,27.0,27.1,27.0,27.2,27.1,26.9,27.2,26.9,27.1,27.0,26.9,26.9,27.1,27.0,26.9,27.2,27.0,26.9,26.9,26.8,26.8,26.9,26.8,26.6,26.6,26.8,26.9,26.8,26.8,26.9,26.8,26.8,26.8,26.8,26.6,26.6,26.7,26.6,26.6,26.5,26.4,26.2,26.4,26.0,26.2,26.0,26.0,26.0,26.0,25.8,25.9,25.9,25.8,25.9,25.8,25.8,25.9,25.7,25.5,25.8,25.8,25.6,25.6,25.7,25.5,25.5,25.7,25.5,25.6,25.7,25.6,26.1,26.1,26.3,26.2,26.3,26.4,26.2,26.5,26.2,26.4,26.2,26.4,26.3,26.3,26.3,26.2,26.3,26.2,26.3,26.3,26.4,26.3,26.4,26.3,26.2,26.3,26.2,26.3,26.4,26.4,26.4,26.4,26.3,26.5,26.4,26.3,26.3,26.3,26.2,26.4,26.3,26.4,26.4,26.5,26.5,26.4,26.3,26.4,26.6,26.4,26.4,26.4,26.6,26.5,26.4,26.7,26.6,26.5,26.5,26.4,26.6,26.5,26.7,26.5,26.4,26.6,26.5,26.5,26.6,26.6,26.6,26.6,26.4,26.6,26.6,26.8,26.6,26.5,26.8,26.6,26.6,26.5,26.6,26.7,26.7,26.7,26.6,26.6,26.7,26.7,26.7,26.6,26.7,26.7
245,27.0,27.2,27.3,27.2,27.3,27.0,27.1,27.2,27.1,27.2,27.2,27.1,27.1,27.1,26.9,27.1,27.1,27.0,27.3,27.2,27.1,27.2,27.1,27.0,27.1,27.2,27.1,27.1,27.0,27.1,27.0,27.0,27.1,27.0,27.2,26.9,26.9,27.1,27.1,27.1,26.9,26.8,26.7,26.7,26.8,26.9,26.7,26.9,26.8,26.9,26.9,26.8,26.7,26.7,26.9,26.6,26.9,26.7,26.8,26.6,26.6,26.8,26.8,26.4,26.7,26.5,26.5,26.3,26.6,26.2,26.2,26.1,26.0,26.1,26.0,25.9,26.1,26.1,26.0,26.0,26.1,26.0,25.9,25.9,25.7,25.8,25.8,25.8,25.7,25.6,25.7,25.7,25.4,25.5,25.6,25.7,25.6,25.6,26.0,26.0,26.1,26.4,26.4,26.3,26.1,26.3,26.3,26.4,26.3,26.2,26.2,26.2,26.4,26.4,26.4,26.4,26.4,26.5,26.4,26.4,26.4,26.5,26.4,26.3,26.3,26.4,26.4,26.3,26.2,26.3,26.4,26.4,26.3,26.2,26.4,26.3,26.5,26.4,26.4,26.4,26.4,26.4,26.4,26.4,26.4,26.4,26.7,26.6,26.4,26.5,26.4,26.5,26.5,26.4,26.6,26.6,26.6,26.4,26.5,26.4,26.5,26.6,26.5,26.6,26.5,26.6,26.6,26.7,26.8,26.8,26.6,26.4,26.8,26.6,26.7,26.6,26.7,26.6,26.7,26.6,26.6,26.6,26.7,26.8,26.7,26.8,26.9,26.8,26.8,26.6,26.6,26.9
246,27.1,27.1,27.2,27.2,27.1,27.2,27.1,27.2,27.2,27.1,27.2,27.1,27.0,27.1,27.2,27.2,27.1,27.1,27.1,27.1,27.0,26.9,27.1,27.1,27.2,27.0,26.9,27.1,27.2,27.0,26.9,26.9,27.1,26.8,27.0,27.0,27.0,27.0,27.0,27.0,26.9,26.8,26.8,26.9,26.9,26.9,26.9,26.8,26.7,26.9,26.7,26.8,26.8,26.8,26.8,26.7,26.9,26.7,26.8,26.7,26.6,26.5,26.6,26.7,26.6,26.6,26.6,26.4,26.4,26.4,26.2,26.1,26.1,26.1,26.0,26.0,25.7,26.1,26.0,26.0,25.8,25.9,25.8,25.7,25.9,25.7,25.7,25.6,25.8,25.9,25.6,25.7,25.4,25.5,25.6,25.5,25.6,25.7,26.1,26.2,26.1,26.2,26.3,26.2,26.2,26.0,26.3,26.4,26.3,26.3,26.4,26.1,26.4,26.2,26.3,26.3,26.3,26.1,26.3,26.2,26.3,26.4,26.2,26.2,26.2,26.2,26.2,26.3,26.4,26.3,26.1,26.2,26.4,26.3,26.3,26.4,26.2,26.4,26.3,26.2,26.4,26.6,26.3,26.4,26.1,26.6,26.4,26.5,26.4,26.3,26.4,26.5,26.5,26.4,26.5,26.5,26.5,26.4,26.7,26.5,26.4,26.3,26.5,26.5,26.4,26.6,26.7,26.6,26.5,26.6,26.6,26.6,26.7,26.6,26.6,26.5,26.7,26.6,26.5,26.7,26.8,26.6,26.6,26.7,26.8,26.6,26.7,26.5,26.7,26.6,26.9,26.7
247,26.9,27.0,26.9,27.1,27.0,27.0,27.2,27.1,26.9,27.0,27.1,27.2,26.9,27.0,27.0,27.2,27.1,27.2,26.9,27.1,27.1,27.0,27.1,26.9,27.0,27.3,27.0,26.8,27.0,27.1,26.9,26.9,26.9,26.9,26.8,26.9,26.8,26.9,26.8,27.1,26.9,26.9,26.8,26.8,26.9,26.8,26.8,26.8,26.7,26.6,26.9,26.9,26.8,26.8,26.7,26.8,26.7,26.9,26.7,26.8,26.6,26.8,26.7,26.6,26.7,26.5,26.5,26.2,26.3,26.2,26.2,26.2,26.2,26.0,25.9,26.2,25.9,26.0,25.8,25.8,25.9,25.7,25.9,25.7,25.8,25.5,25.7,25.8,25.7,25.6,25.7,25.6,25.6,25.6,25.5,25.6,25.5,25.8,26.1,26.1,26.1,26.3,26.2,26.2,26.2,26.2,26.2,26.3,26.2,26.2,26.4,26.2,26.3,26.2,26.2,26.2,26.2,26.3,26.3,26.2,26.1,26.3,26.2,26.1,26.4,26.2,26.2,26.3,26.4,26.3,26.3,26.4,26.3,26.4,26.2,26.2,26.1,26.5,26.3,26.2,26.4,26.4,26.3,26.3,26.3,26.3,26.4,26.4,26.4,26.5,26.5,26.4,26.3,26.4,26.4,26.4,26.4,26.6,26.6,26.5,26.6,26.6,26.4,26.5,26.5,26.5,26.4,26.4,26.6,26.6,26.5,26.6,26.7,26.6,26.4,26.6,26.6,26.7,26.8,26.6,26.7,26.5,26.8,26.8,26.7,26.8,26.8,26.7,26.8,26.5,26.6,26.7
248,26.9,27.0,27.3,27.1,27.2,27.1,27.1,27.2,27.1,27.0,27.2,27.1,27.2,27.1,27.1,27.1,27.2,26.9,27.1,27.1,26.9,27.0,27.1,27.0,27.0,27.0,26.9,27.0,27.1,26.9,26.9,27.1,27.1,27.0,27.1,26.9,27.0,26.9,27.0,26.9,27.1,27.0,26.9,26.8,26.8,26.8,26.8,27.0,26.9,26.9,26.8,26.6,26.8,26.7,26.5,26.7,26.8,26.8,26.9,26.7,26.7,26.5,26.6,26.6,26.6,26.5,26.5,26.4,26.5,26.4,26.2,26.3,26.2,26.2,26.0,26.1,26.0,26.0,26.0,25.9,26.2,25.9,25.8,25.6,25.7,25.7,25.7,25.6,25.7,25.6,25.7,25.6,25.7,25.6,25.6,25.9,25.8,25.9,26.3,26.3,26.1,26.2,26.3,26.2,26.2,26.1,26.1,26.2,26.0,26.2,26.4,26.1,26.2,26.3,26.2,26.2,26.3,26.3,26.4,26.3,26.2,26.2,26.2,26.1,26.4,26.2,26.1,26.3,26.3,26.3,26.3,26.1,26.3,26.2,26.1,26.1,26.3,26.3,26.3,26.2,26.3,26.3,26.4,26.5,26.3,26.4,26.3,26.4,26.3,26.4,26.4,26.4,26.4,26.5,26.4,26.4,26.4,26.4,26.5,26.5,26.3,26.4,26.4,26.6,26.4,26.6,26.5,26.6,26.5,26.7,26.5,26.6,26.6,26.6,26.6,26.5,26.8,26.6,26.7,26.6,26.7,26.6,26.6,26.8,26.8,26.7,26.5,26.7,26.6,26.8,26.8,26.8
249,27.1,27.1,27.1,27.2,26.8,27.0,27.1,27.1,27.1,27.1,27.2,27.0,27.1,26.9,27.1,27.0,27.0,27.1,27.1,27.2,27.0,27.0,27.0,26.9,27.0,26.9,27.0,27.0,27.1,26.9,26.9,27.0,26.9,27.0,26.9,27.1,26.9,26.9,26.9,27.0,26.8,26.8,26.7,26.9,26.8,26.9,26.9,26.7,26.7,26.6,26.9,26.7,26.8,26.8,26.7,26.7,26.6,26.6,26.6,26.8,26.7,26.6,26.7,26.6,26.5,26.4,26.4,26.4,26.3,26.3,26.3,26.2,26.2,26.1,25.9,26.4,26.0,26.0,25.7,26.0,25.8,25.8,25.8,25.7,25.7,25.8,25.7,25.7,25.7,25.6,25.7,25.8,25.8,25.7,25.8,26.0,25.9,25.9,26.1,26.2,26.1,25.9,26.2,26.3,26.2,26.1,26.2,26.3,26.2,26.1,26.1,26.2,26.2,26.2,26.1,26.1,26.3,26.0,26.0,26.2,26.1,25.9,26.2,26.1,26.2,26.1,26.1,26.3,26.2,26.2,26.1,26.2,26.3,26.0,26.2,26.1,26.1,26.3,26.0,26.2,26.2,26.3,26.1,26.2,26.4,26.4,26.4,26.2,26.3,26.4,26.3,26.4,26.4,26.4,26.3,26.4,26.2,26.3,26.4,26.4,26.4,26.3,26.6,26.4,26.4,26.4,26.4,26.4,26.4,26.7,26.4,26.6,26.5,26.5,26.6,26.4,26.6,26.6,26.5,26.6,26.6,26.6,26.6,26.5,26.8,26.7,26.7,26.8,26.7,26.9,26.8,26.6
250,27.0,27.0,27.1,27.0,27.1,27.1,27.0,27.2,27.2,27.0,27.0,27.1,27.2,27.1,27.2,27.1,26.9,26.9,27.0,27.0,26.9,26.9,27.0,27.0,27.1,26.9,26.9,27.0,26.9,26.9,26.9,27.1,26.9,26.9,27.0,26.9,26.9,26.8,26.9,26.9,26.9,26.8,26.9,26.7,26.7,26.9,26.6,26.9,26.6,26.6,26.7,26.8,26.8,26.7,26.8,26.7,26.6,26.8,26.8,26.7,26.7,26.5,26.6,26.6,26.6,26.5,26.4,26.4,26.4,26.2,26.3,26.3,26.2,26.2,25.9,26.1,26.0,25.9,25.8,25.8,25.8,25.7,25.7,25.7,25.7,25.5,25.5,25.5,25.7,25.7,25.7,25.9,25.9,25.8,25.7,25.9,25.9,25.8,26.1,25.9,26.2,26.1,26.0,26.2,26.1,25.9,26.1,26.2,26.1,26.0,26.1,26.1,26.2,26.1,26.0,26.0,26.2,26.2,26.2,26.2,26.1,26.1,26.0,26.2,26.1,25.9,26.2,26.0,26.0,26.1,26.0,26.2,26.0,26.2,26.1,26.1,26.2,26.3,26.1,26.2,26.2,26.2,26.2,26.2,26.2,26.3,26.1,26.2,26.1,26.3,26.3,26.2,26.3,26.3,26.4,26.2,26.1,26.2,26.4,26.4,26.3,26.3,26.4,26.3,26.2,26.3,26.5,26.4,26.5,26.5,26.5,26.5,26.5,26.6,26.5,26.5,26.8,26.7,26.5,26.6,26.6,26.6,26.8,26.6,26.7,26.6,26.5,26.8,26.6,26.7,26.5,26.6
251,26.9,27.0,27.0,27.0,27.0,27.0,27.0,27.0,27.1,27.1,27.1,27.0,27.1,27.1,27.1,27.0,26.8,26.9,27.0,26.9,26.8,27.0,27.0,26.9,26.9,26.8,26.8,26.8,27.0,27.0,27.0,27.0,27.0,26.9,26.8,26.9,26.9,27.0,26.8,27.0,27.0,26.6,26.8,26.7,26.8,26.8,26.7,26.6,26.7,26.6,26.7,26.6,26.9,26.6,26.7,26.6,26.5,26.6,26.6,26.6,26.5,26.6,26.5,26.5,26.5,26.5,26.2,26.4,26.3,26.4,26.2,26.2,26.2,26.2,26.0,26.1,26.2,26.1,25.7,25.7,25.7,25.8,25.8,25.7,25.5,25.6,25.6,25.5,25.7,25.9,25.8,25.8,25.9,25.7,25.8,25.8,25.9,25.9,25.8,26.0,26.2,26.1,26.2,26.2,26.1,25.9,26.1,25.9,26.0,25.9,25.9,25.8,26.0,26.1,26.1,26.0,26.1,26.0,26.0,25.9,26.1,25.9,25.9,26.0,26.1,26.1,26.2,26.1,25.9,26.0,25.9,26.2,26.1,26.0,26.1,26.1,26.0,26.0,26.1,26.1,26.2,26.2,26.2,26.3,26.3,26.1,26.2,26.0,26.1,26.1,26.1,26.3,26.3,26.2,26.3,26.3,26.3,26.3,26.3,26.3,26.4,26.4,26.3,26.5,26.4,26.4,26.3,26.5,26.5,26.6,26.4,26.6,26.6,26.7,26.5,26.6,26.4,26.6,26.5,26.6,26.4,26.5,26.4,26.6,26.7,26.3,26.7,26.6,26.6,26.6,26.5,26.7
252,27.0,26.9,27.3,27.0,27.1,27.1,27.0,27.0,27.1,26.9,27.0,27.0,26.9,26.9,27.1,27.1,27.0,26.9,27.1,26.9,27.0,26.9,26.9,27.0,27.1,27.1,26.9,27.0,27.0,26.8,26.9,27.0,26.9,27.0,26.9,26.8,26.8,26.9,26.8,26.7,27.0,26.7,26.8,26.9,26.7,26.7,26.7,26.6,26.6,26.8,26.6,26.7,26.8,26.8,26.7,26.7,26.6,26.7,26.6,26.7,26.6,26.6,26.6,26.3,26.4,26.5,26.3,26.2,26.2,26.3,26.2,26.2,26.2,26.1,26.2,26.2,26.2,26.2,25.7,25.7,25.9,25.7,25.6,25.7,25.7,25.7,25.9,25.5,25.5,25.8,25.9,25.9,25.7,25.8,25.7,25.8,26.0,25.9,26.0,26.1,26.0,26.1,26.1,26.1,26.0,26.0,26.1,26.2,26.2,26.0,26.0,25.8,25.9,26.0,25.9,26.2,26.1,26.0,26.1,25.9,25.9,26.1,26.1,26.0,25.9,26.1,26.0,26.0,26.0,26.0,26.0,26.1,26.0,25.8,26.1,26.0,26.2,26.1,26.0,25.9,26.1,26.1,26.1,25.8,26.2,26.0,26.2,26.1,26.1,26.4,26.3,26.2,26.2,26.2,26.0,26.4,26.2,26.2,26.4,26.4,26.2,26.3,26.4,26.4,26.3,26.3,26.4,26.5,26.2,26.4,26.4,26.4,26.4,26.3,26.5,26.4,26.6,26.6,26.4,26.5,26.5,26.4,26.6,26.7,26.6,26.6,26.6,26.7,26.6,26.7,26.6,26.7
253,27.0,27.1,26.9,26.9,26.9,27.2,27.1,27.0,27.1,26.7,27.0,26.9,27.0,27.1,27.1,26.9,27.1,27.0,27.0,27.0,27.0,26.9,26.9,27.0,26.9,27.0,26.7,27.0,27.1,26.8,26.9,26.9,26.9,26.7,26.9,26.8,26.9,26.9,26.9,26.7,26.8,26.6,26.8,26.6,26.6,26.8,26.6,26.6,26.9,26.8,26.6,26.7,26.8,26.8,26.6,26.6,26.7,26.5,26.6,26.6,26.8,26.6,26.4,26.5,26.3,26.3,26.3,26.5,26.2,26.5,26.1,26.4,26.0,26.2,26.1,26.2,25.9,26.0,25.7,25.9,25.8,25.7,25.8,25.7,25.7,25.5,25.3,25.6,25.7,25.8,25.8,25.7,25.9,25.8,26.1,26.0,25.9,26.1,26.1,26.0,25.9,25.9,25.9,25.9,26.0,25.9,26.0,26.0,26.0,26.1,25.9,26.0,25.9,26.0,25.8,25.8,25.9,25.8,26.0,25.9,25.8,25.7,25.7,26.0,26.0,25.9,25.8,26.0,26.1,26.0,26.0,25.9,26.0,26.0,26.1,25.8,26.0,26.0,26.0,25.9,25.9,26.1,26.2,26.1,26.3,26.2,26.2,26.2,26.2,26.2,26.0,26.0,26.2,26.2,26.1,26.2,26.3,26.2,26.2,26.4,26.3,26.3,26.3,26.4,26.4,26.3,26.4,26.4,26.2,26.4,26.3,26.6,26.4,26.4,26.4,26.4,26.6,26.5,26.5,26.5,26.5,26.6,26.7,26.7,26.4,26.5,26.4,26.5,26.6,26.9,26.7,26.7
254,27.1,27.0,27.0,27.1,27.0,26.9,27.1,27.0,27.1,26.9,26.8,27.0,26.9,26.9,27.0,27.0,26.9,27.1,26.7,26.9,26.8,26.7,26.9,26.8,26.7,26.7,26.8,26.7,26.9,26.9,26.9,27.0,26.8,26.9,26.8,26.8,26.9,26.8,26.7,26.8,26.8,26.7,26.7,26.7,26.6,26.7,26.7,26.8,26.9,26.6,26.7,26.6,26.6,26.7,26.6,26.6,26.6,26.5,26.4,26.7,26.5,26.4,26.2,26.5,26.6,26.3,26.3,26.2,26.2,26.2,26.2,26.4,26.2,26.3,26.0,26.1,26.1,25.7,25.9,25.9,25.8,25.9,25.9,25.7,25.7,25.4,25.6,25.4,25.6,25.8,25.9,25.9,26.1,25.9,25.8,26.1,25.9,25.9,25.9,25.9,25.8,25.8,26.1,25.9,26.1,25.8,25.9,26.0,25.7,26.0,26.0,26.0,26.0,25.9,26.0,25.9,25.8,25.9,26.0,25.9,25.9,25.9,26.0,25.9,25.7,25.9,25.7,26.0,25.9,26.0,25.9,25.9,25.8,26.0,26.0,25.9,25.9,25.9,26.0,25.9,26.0,26.2,26.1,26.2,26.2,26.0,26.2,26.1,25.8,26.1,25.8,26.3,26.1,26.0,26.1,26.2,26.1,26.2,26.1,26.1,26.3,26.2,26.2,26.2,26.3,26.4,26.3,26.3,26.3,26.5,26.4,26.4,26.5,26.4,26.5,26.4,26.4,26.6,26.6,26.4,26.4,26.3,26.6,26.6,26.4,26.6,26.5,26.5,26.6,26.4,26.6,26.8
255,27.1,26.9,27.1,26.9,27.0,27.0,27.0,27.0,27.0,27.0,27.0,27.1,26.9,27.1,26.9,27.1,27.0,26.9,27.0,27.0,26.9,27.0,27.1,26.9,26.7,27.0,26.9,26.9,26.8,26.9,26.9,26.9,27.1,26.8,26.7,26.9,26.9,26.9,26.7,26.7,26.9,26.8,26.7,26.8,26.7,26.7,26.8,26.8,26.7,26.6,26.7,26.6,26.6,26.7,26.6,26.6,26.7,26.7,26.6,26.6,26.6,26.4,26.4,26.3,26.4,26.2,26.2,26.2,26.2,26.2,26.1,26.1,26.2,26.3,26.0,26.0,26.0,25.8,25.7,25.8,25.7,25.7,25.5,25.7,25.4,25.4,25.4,25.4,25.6,25.7,25.7,25.7,26.0,25.9,25.7,25.8,25.9,25.7,25.7,26.0,25.7,26.1,26.0,26.0,25.9,25.9,25.9,25.9,26.0,26.0,25.7,25.8,26.0,26.0,25.7,25.9,25.9,25.8,25.9,25.7,25.8,25.8,25.8,25.8,25.8,25.9,25.8,25.8,25.8,25.8,25.9,26.0,25.8,26.0,25.8,25.9,25.9,25.9,25.9,26.1,26.0,26.2,26.2,25.9,26.1,26.2,26.3,26.2,26.0,26.0,26.0,26.1,26.3,26.2,26.2,26.2,26.2,26.3,26.1,26.2,26.1,26.2,26.3,26.1,26.3,26.3,26.3,26.4,26.4,26.4,26.3,26.5,26.6,26.5,26.5,26.6,26.4,26.4,26.4,26.5,26.3,26.6,26.5,26.7,26.6,26.5,26.5,26.6,26.4,26.6,26.6,26.8
