文件路径:,C:\Users\23589\Desktop\物理实验竞赛\实验数据（黑胶带版）\case13_香橙派5Pro裸板_满负载\data\HM20260727171041.csv
源热像文件:,C:\Users\23589\Desktop\物理实验竞赛\实验数据（黑胶带版）\case13_香橙派5Pro裸板_满负载\photo\HM20260727171041.jpeg

测温单位,摄氏度
图像宽度,192
图像高度,256

全局
统计:,,平均值:,27.0
,,最小值:,25.4
,,最大值:,31.1

坐标Y\X,0,1,2,3,4,5,6,7,8,9,10,11,12,13,14,15,16,17,18,19,20,21,22,23,24,25,26,27,28,29,30,31,32,33,34,35,36,37,38,39,40,41,42,43,44,45,46,47,48,49,50,51,52,53,54,55,56,57,58,59,60,61,62,63,64,65,66,67,68,69,70,71,72,73,74,75,76,77,78,79,80,81,82,83,84,85,86,87,88,89,90,91,92,93,94,95,96,97,98,99,100,101,102,103,104,105,106,107,108,109,110,111,112,113,114,115,116,117,118,119,120,121,122,123,124,125,126,127,128,129,130,131,132,133,134,135,136,137,138,139,140,141,142,143,144,145,146,147,148,149,150,151,152,153,154,155,156,157,158,159,160,161,162,163,164,165,166,167,168,169,170,171,172,173,174,175,176,177,178,179,180,181,182,183,184,185,186,187,188,189,190,191
0,26.9,26.6,27.0,26.8,26.7,26.9,26.9,26.8,27.0,26.8,26.9,26.9,26.9,26.7,26.7,26.9,27.0,26.9,26.7,26.9,26.8,26.8,26.8,26.8,26.9,26.9,26.9,26.9,26.9,26.9,26.7,26.9,27.0,26.8,26.9,26.9,27.0,26.7,26.8,26.9,26.9,26.8,26.9,27.0,26.9,26.9,26.9,26.9,26.9,26.8,26.9,26.8,27.0,27.0,27.0,26.9,27.0,27.0,27.0,26.9,27.0,26.9,26.9,26.9,27.1,27.0,26.8,26.9,26.9,26.9,26.9,27.0,27.0,27.0,26.9,27.0,27.1,26.9,27.1,27.0,26.9,26.9,26.9,26.9,27.0,26.9,27.0,27.1,26.9,26.9,26.9,26.9,26.9,27.0,26.9,27.1,26.9,27.0,27.0,27.0,27.1,27.0,27.0,26.9,27.0,26.9,26.9,26.9,26.9,27.0,27.2,27.0,26.9,27.0,26.9,26.9,26.8,26.9,26.9,27.0,27.0,26.9,26.9,27.0,27.1,26.9,26.9,27.0,26.8,26.8,27.1,26.9,27.1,27.1,27.0,26.9,26.9,26.9,26.9,27.0,26.9,27.0,26.9,26.9,27.0,27.0,27.0,27.0,26.9,27.0,26.9,26.9,26.9,27.0,27.0,26.9,27.0,26.9,27.0,26.9,26.9,26.9,26.9,26.9,27.1,27.0,26.8,26.9,26.8,27.0,27.0,26.8,26.9,26.9,27.0,27.0,26.9,27.0,26.9,27.0,26.9,26.9,26.9,27.1,26.8,26.9,26.9,26.8,26.7,26.8,26.9,26.8
1,26.9,26.8,26.9,26.8,26.9,26.7,26.9,26.8,26.7,26.8,26.9,26.9,26.7,26.7,26.8,26.7,26.9,26.9,26.7,26.8,26.8,26.9,26.9,26.9,27.0,26.8,26.8,26.8,27.0,26.8,26.7,26.8,27.0,27.0,26.8,26.7,26.8,27.0,26.9,26.9,26.9,26.8,26.8,26.8,26.9,26.9,26.9,27.0,26.9,26.9,26.9,26.9,26.9,27.0,26.8,27.1,26.9,26.9,26.9,26.9,27.0,26.9,27.0,26.9,26.8,26.9,26.9,26.8,26.9,27.0,26.8,26.9,26.9,27.0,26.8,27.0,27.0,26.8,27.0,27.1,26.9,27.0,27.0,26.9,27.1,26.9,27.1,27.1,27.0,27.0,26.9,27.0,27.0,27.0,26.9,27.0,27.0,27.0,27.0,27.1,26.9,26.9,26.9,27.1,26.9,27.1,26.8,27.0,26.9,26.8,26.9,27.1,26.9,26.9,26.9,27.0,26.9,26.9,27.0,26.9,26.9,26.9,26.9,27.0,26.8,26.9,27.0,27.0,26.9,27.1,26.8,27.0,26.9,26.9,27.1,26.9,26.9,27.0,26.9,26.9,26.9,27.0,26.9,27.0,27.0,27.0,27.1,27.0,27.0,26.9,26.9,27.0,27.1,27.0,27.0,27.1,27.0,26.9,26.9,27.0,26.9,26.9,26.8,26.8,27.0,26.9,26.9,27.0,26.9,26.9,26.9,26.8,26.9,26.7,26.9,27.1,27.1,26.9,26.9,26.9,27.1,26.9,26.9,26.9,26.8,26.8,26.9,26.8,26.9,27.1,26.9,26.9
2,26.6,26.9,26.9,26.8,26.8,26.9,27.0,26.9,26.8,26.8,27.0,26.9,26.9,26.8,27.0,26.8,26.8,26.9,26.7,26.7,26.9,26.6,26.9,27.0,27.0,26.8,26.9,26.9,26.9,27.0,26.9,26.9,26.9,26.9,26.9,27.1,26.8,26.8,26.9,26.9,26.9,26.9,27.0,26.8,27.0,27.0,27.1,26.9,26.8,26.9,26.9,26.9,27.2,27.1,27.0,27.0,26.9,26.8,26.9,27.0,27.1,26.9,26.9,27.0,26.9,27.0,26.8,26.9,27.0,26.9,27.1,27.1,27.0,27.0,27.0,26.9,26.7,27.0,27.0,27.0,26.9,26.9,26.9,27.0,27.0,27.0,27.0,26.9,27.0,26.9,27.0,27.1,26.9,26.9,26.8,26.9,26.9,27.0,27.1,27.0,26.8,26.9,27.0,27.1,27.1,26.8,27.1,27.0,26.9,26.9,27.0,27.1,27.0,27.0,27.0,27.0,26.9,27.0,27.0,26.9,27.1,27.1,26.9,27.0,26.8,26.9,27.0,27.0,27.0,27.0,26.9,27.0,27.1,27.0,26.8,26.9,26.9,26.9,27.1,26.9,26.9,26.8,26.9,27.1,26.9,27.0,26.9,26.9,27.1,26.9,26.9,27.0,27.0,27.1,26.9,27.0,26.9,26.8,26.9,26.9,26.9,26.8,26.8,26.9,26.9,26.8,26.9,26.9,26.8,27.0,26.8,27.0,26.9,26.8,27.0,26.9,26.9,26.7,26.9,26.9,26.9,26.7,26.9,26.9,26.8,27.0,26.6,26.9,27.1,26.8,26.9,26.7
3,26.8,26.9,26.9,26.9,26.8,26.9,26.9,26.9,26.9,26.7,26.7,26.9,26.8,27.0,26.8,26.8,27.0,26.8,26.7,26.8,26.9,26.9,26.9,27.1,26.9,26.7,26.9,26.8,26.9,26.9,26.9,27.0,27.0,26.9,27.1,27.0,27.1,27.0,27.0,26.9,26.9,26.9,26.8,26.9,26.9,26.9,27.0,27.0,27.0,27.1,26.9,27.0,27.2,27.0,26.9,26.9,26.9,27.0,27.0,27.1,27.0,26.9,27.0,26.9,26.9,27.1,26.8,27.1,27.1,26.8,27.0,26.9,27.0,27.1,26.9,27.1,26.9,26.8,27.0,26.9,26.9,26.9,26.8,27.0,26.9,27.0,26.9,26.9,27.0,26.8,27.0,27.0,27.1,26.9,27.1,26.8,27.1,27.1,26.9,27.0,26.9,26.8,27.0,26.9,27.1,26.9,26.8,26.9,27.0,26.9,26.9,26.9,26.9,27.1,26.9,26.8,27.1,26.8,27.1,27.0,27.0,26.9,26.8,26.9,26.9,27.1,26.9,27.0,27.0,26.8,26.9,27.0,26.8,27.0,26.9,26.9,27.0,26.9,27.1,26.8,27.0,27.0,26.9,27.1,27.0,27.0,26.9,26.9,26.9,26.9,26.9,26.9,27.1,27.0,26.8,26.9,26.9,27.0,27.0,27.1,27.0,26.9,26.8,26.9,26.9,26.8,26.9,26.9,27.0,26.9,27.0,27.0,26.9,26.8,27.0,26.9,26.9,26.9,27.1,27.0,26.8,26.8,26.9,26.9,27.0,26.9,27.0,27.0,26.9,26.9,27.0,27.0
4,26.7,26.9,26.8,26.7,26.9,26.9,26.9,26.7,26.9,26.9,26.9,26.8,26.9,26.9,26.8,26.9,26.8,26.9,26.7,26.7,26.9,26.9,26.9,26.9,26.8,26.8,26.9,26.9,26.8,27.0,27.0,26.9,26.8,26.9,27.0,27.0,26.8,26.8,26.9,27.0,26.9,27.1,26.8,26.9,27.0,27.0,26.9,27.1,26.9,26.8,27.1,26.9,26.8,27.1,27.0,26.9,26.9,27.1,27.0,27.0,27.1,27.1,27.1,27.0,26.9,27.0,26.9,27.0,27.0,27.1,26.9,26.9,26.9,27.0,26.9,26.9,27.0,26.9,27.1,27.0,27.0,27.1,26.9,26.9,27.0,26.9,26.9,26.9,27.1,27.0,27.0,26.9,27.1,26.9,26.9,27.1,27.0,26.9,27.1,26.9,27.0,26.9,26.9,27.1,27.1,27.1,27.0,27.1,26.9,27.0,26.9,27.0,26.9,27.1,26.9,26.9,26.9,27.1,26.9,27.0,27.0,26.9,26.9,26.9,27.0,26.9,26.9,26.9,27.0,26.9,26.9,27.0,27.0,27.0,27.0,27.0,27.0,27.0,27.0,26.9,26.9,27.0,26.9,26.9,26.9,27.0,26.9,27.0,27.0,26.9,26.9,27.0,26.9,26.9,27.0,26.8,26.9,27.0,26.9,26.9,26.9,26.8,27.0,26.9,27.1,27.1,27.1,26.9,27.1,26.8,26.9,27.0,26.9,26.8,26.9,27.0,27.0,26.9,26.9,26.9,26.8,26.9,26.9,26.9,27.1,27.0,27.0,26.9,26.8,26.8,26.9,27.1
5,26.7,26.7,26.7,26.9,26.8,26.9,26.8,26.9,27.0,26.9,26.7,27.0,26.9,27.0,27.0,26.8,26.7,27.0,26.9,26.7,26.9,26.9,26.9,26.8,27.0,26.7,27.1,27.0,27.0,26.8,26.8,27.0,27.0,26.9,27.0,26.9,27.1,26.8,26.9,26.9,26.9,26.9,26.9,26.8,26.8,26.9,27.1,26.9,27.1,26.9,27.0,27.1,26.9,27.0,26.9,27.1,27.0,26.9,27.0,27.0,27.1,26.9,27.0,26.9,27.0,27.1,26.9,26.9,27.0,26.9,27.0,27.1,26.9,26.9,26.9,27.0,27.0,26.9,26.8,27.1,27.0,27.0,26.9,27.0,26.9,26.9,26.9,27.1,26.9,26.9,27.0,27.0,27.0,27.0,26.9,26.9,26.9,26.8,27.0,27.0,27.0,27.0,26.9,26.9,27.0,26.9,27.0,27.0,27.0,27.1,26.9,26.8,26.9,27.0,27.0,26.9,27.1,26.9,27.1,26.9,26.8,27.1,26.9,26.9,27.1,26.9,26.9,27.2,26.9,26.9,27.0,26.9,26.9,27.0,26.9,27.1,27.0,27.0,27.0,26.8,26.9,26.9,27.0,27.1,27.0,26.8,26.9,27.0,27.0,27.0,27.1,27.1,27.1,27.0,27.0,26.9,26.8,26.9,26.9,27.0,26.9,26.7,26.9,26.8,26.8,27.0,26.7,26.9,26.7,26.8,26.9,26.9,26.9,27.0,26.9,26.8,27.1,26.9,26.9,27.0,26.9,26.8,27.0,26.9,27.0,26.9,26.8,26.9,26.6,26.8,26.9,26.9
6,26.8,26.8,26.8,26.8,27.0,26.8,26.9,26.9,26.9,26.8,26.8,26.9,26.8,26.7,26.8,26.7,26.8,26.9,26.9,26.9,26.9,26.9,26.9,26.8,27.0,26.7,26.8,27.0,27.0,26.9,26.7,27.0,26.8,26.9,26.9,27.0,27.0,27.0,26.8,26.8,27.0,26.9,26.9,26.9,27.0,26.9,27.1,27.0,27.0,26.9,26.9,26.8,27.1,26.9,26.9,27.0,26.9,26.9,26.9,27.1,27.0,27.1,27.1,27.0,26.9,27.0,27.0,27.1,27.0,27.0,27.0,26.9,26.9,27.0,26.9,27.0,26.9,26.9,27.1,27.0,27.0,26.9,26.9,27.0,27.1,26.8,27.2,26.9,27.0,26.7,26.9,26.9,27.1,27.1,27.0,26.9,26.9,27.0,27.1,27.0,27.0,26.9,26.9,27.0,27.0,27.1,26.9,27.2,27.0,27.0,26.9,26.8,27.0,27.0,27.1,26.9,27.1,26.9,27.0,26.9,27.0,27.0,27.0,26.9,27.1,27.0,26.9,26.9,26.9,27.0,27.1,26.8,27.0,27.0,27.0,27.1,27.1,27.0,26.9,26.9,27.0,27.1,26.9,27.2,27.0,27.0,27.0,27.1,26.8,26.8,27.0,26.9,26.8,27.2,26.9,27.1,26.8,26.9,26.9,26.9,27.1,27.1,26.9,26.8,26.8,26.9,26.9,26.9,26.9,27.0,27.0,27.1,26.9,26.9,27.0,26.9,26.9,26.9,27.1,26.9,26.9,26.9,26.9,27.0,26.8,26.9,26.9,27.1,27.0,26.9,26.8,27.3
7,26.8,27.0,26.9,26.9,26.8,26.9,26.9,26.8,26.8,26.8,26.9,26.9,26.9,26.9,26.9,26.9,26.7,26.8,26.9,26.8,26.9,26.7,26.8,26.9,26.9,26.7,26.9,27.0,26.9,26.9,26.9,26.9,26.9,27.1,26.8,26.8,26.9,26.9,26.9,26.9,27.0,26.9,27.0,26.9,26.8,26.8,26.9,26.8,27.0,26.9,26.8,26.8,27.0,27.0,26.9,26.9,26.8,26.9,27.1,27.0,27.0,27.0,26.8,27.1,27.0,27.0,26.9,26.8,26.9,26.8,26.9,26.9,26.8,27.0,27.0,27.0,27.0,27.0,27.0,26.9,26.9,26.9,27.0,27.1,27.1,27.0,26.9,26.9,26.9,27.0,26.9,27.1,27.0,27.0,27.0,27.1,27.0,27.2,27.0,27.1,27.0,27.0,26.9,27.0,27.2,26.9,26.9,27.1,27.0,27.1,27.0,27.0,27.0,26.9,27.0,27.0,27.1,26.9,26.9,26.8,27.0,27.0,26.9,26.9,27.1,26.7,26.9,26.8,27.0,27.0,26.9,27.0,26.9,26.8,27.0,27.1,26.9,27.1,27.0,27.1,27.0,27.0,26.9,26.9,26.8,26.9,26.9,27.0,26.9,27.1,26.9,26.9,27.0,27.0,27.1,26.9,26.9,26.9,26.9,26.9,26.9,26.9,27.0,26.8,27.0,26.8,26.9,26.9,27.1,26.8,27.0,26.9,26.9,27.1,26.8,26.8,27.1,27.0,27.0,26.9,26.9,26.9,26.9,26.9,27.0,27.1,26.8,26.9,26.8,26.8,26.8,26.9
8,26.8,26.7,26.8,26.9,26.8,26.9,27.0,26.8,26.8,26.7,26.9,26.7,26.9,26.7,26.8,27.1,26.9,26.9,26.6,26.8,26.9,26.7,26.9,26.9,26.8,27.0,26.9,26.9,26.8,27.0,26.9,26.9,27.0,26.9,26.9,27.0,26.8,26.9,26.9,26.9,27.0,26.9,26.9,27.0,26.9,26.8,27.1,27.0,27.0,27.0,26.9,27.0,27.0,27.1,27.1,26.8,26.9,26.8,27.0,27.1,27.0,27.0,27.0,27.1,27.1,27.0,27.0,27.0,27.0,26.9,26.9,27.0,27.0,27.1,26.9,27.0,27.1,26.9,26.9,26.9,26.9,26.9,26.8,27.0,27.1,27.0,27.0,26.9,26.9,26.9,27.1,27.1,27.1,27.1,27.0,26.9,26.9,27.1,27.0,27.0,27.1,27.0,27.2,26.9,26.9,27.0,27.0,27.1,26.9,26.9,26.9,27.0,27.1,27.0,26.9,26.9,26.9,27.0,27.1,27.0,26.9,27.0,27.0,26.9,26.9,27.0,27.1,27.1,27.2,27.0,26.9,26.9,26.9,26.9,27.0,27.1,26.9,26.9,27.0,27.0,27.0,27.0,26.9,27.0,26.8,26.9,27.0,27.0,27.0,26.9,26.9,27.0,27.0,27.0,26.9,26.9,26.9,26.8,27.0,27.0,26.9,26.9,27.0,26.8,26.9,27.0,26.8,26.9,26.9,26.9,26.9,26.9,26.9,26.9,26.8,26.9,27.0,26.8,26.9,26.9,27.0,26.9,27.0,27.0,26.9,26.8,26.8,26.9,26.8,26.7,26.8,26.9
9,26.8,26.7,26.9,27.0,26.6,26.9,26.8,26.9,26.9,26.9,26.9,26.9,26.8,26.9,27.0,26.8,26.8,26.9,26.8,26.9,26.8,26.7,27.0,26.9,27.0,27.0,26.9,26.9,26.9,27.1,26.8,27.0,27.0,26.8,26.8,26.9,26.9,27.0,26.9,26.9,27.0,27.1,26.9,26.9,27.1,26.8,26.9,27.0,26.8,27.0,26.9,27.0,27.0,26.9,27.0,27.0,27.1,27.0,27.0,27.1,26.9,27.1,26.9,26.9,27.0,27.0,27.0,26.9,26.9,26.8,27.0,26.9,27.0,27.0,27.0,27.0,27.0,26.8,27.0,27.0,27.1,27.1,26.8,27.0,26.9,27.1,26.9,26.9,27.1,27.1,27.0,27.1,27.1,27.0,27.1,27.0,26.9,27.1,27.1,27.1,27.0,27.1,26.9,27.1,27.2,27.0,27.1,27.0,27.1,27.2,26.9,27.1,26.8,27.1,26.9,27.0,27.1,27.1,27.1,27.1,26.9,27.1,27.1,27.0,27.0,27.0,27.0,26.8,27.1,27.1,27.0,27.0,27.0,27.0,27.0,27.0,27.0,27.0,27.0,27.0,26.9,27.0,27.0,26.9,26.9,27.0,27.0,27.0,27.1,26.9,27.1,27.1,27.1,27.1,26.9,26.9,27.0,26.9,27.0,26.8,27.1,27.0,27.0,27.0,26.9,26.9,26.9,26.9,27.1,27.0,27.1,26.8,27.0,27.0,26.9,27.1,26.9,26.9,27.0,26.8,27.1,26.8,27.1,27.0,27.1,26.8,26.9,26.9,27.1,26.9,27.0,26.9
10,26.7,26.9,26.9,26.9,26.8,26.9,26.8,26.7,27.0,26.9,26.8,27.0,26.7,26.9,27.0,26.9,27.0,26.9,26.9,26.9,26.9,26.9,26.7,26.9,26.9,26.9,26.9,27.0,27.0,26.9,27.0,27.1,26.9,27.0,27.1,27.0,27.0,26.9,26.9,26.9,27.0,27.0,26.8,27.0,26.9,26.9,27.1,26.9,26.9,27.0,26.9,27.0,27.1,27.1,27.0,27.0,27.1,27.0,27.0,26.9,27.1,27.1,27.0,27.0,27.1,27.0,27.1,27.0,27.0,27.1,27.0,27.0,27.0,27.0,27.1,27.1,27.2,27.1,27.0,27.0,27.1,26.9,27.0,27.0,27.1,27.1,27.0,26.9,26.9,27.0,27.0,27.0,27.1,27.0,27.0,26.9,27.1,27.1,26.9,26.9,27.1,27.1,27.1,26.9,27.1,27.1,27.1,27.1,27.0,27.1,26.9,26.9,26.9,27.1,27.1,27.0,27.1,27.0,27.1,27.0,27.1,27.0,27.0,27.1,27.1,26.9,27.0,27.1,27.0,27.0,27.0,26.8,26.9,27.0,27.1,27.2,27.0,26.9,26.8,26.9,27.1,27.0,27.0,27.0,27.1,27.2,26.8,26.7,26.9,27.0,26.9,26.9,27.0,26.9,27.1,27.0,26.9,26.9,26.9,26.9,27.0,26.8,26.9,27.0,26.9,26.9,27.0,27.0,26.9,26.7,26.9,26.9,26.9,26.8,26.7,26.8,26.9,26.9,26.9,26.8,26.9,26.8,26.9,27.0,26.9,27.0,26.9,27.0,26.9,26.9,26.8,27.0
11,26.8,26.9,26.7,26.7,26.9,26.9,26.9,26.9,26.8,26.8,26.8,26.8,26.6,26.7,26.9,26.7,27.0,26.9,26.7,26.7,26.9,26.9,26.8,26.9,26.9,26.8,26.9,26.8,26.9,26.9,26.8,26.9,27.0,26.8,26.9,26.9,26.8,27.0,27.0,26.8,26.9,26.9,26.9,27.1,27.0,26.9,27.0,26.9,26.8,26.9,26.9,26.8,27.0,27.0,26.9,27.0,27.0,26.9,27.0,27.0,26.8,27.0,26.9,26.9,27.0,26.9,27.0,27.0,27.1,26.9,27.1,27.0,26.9,26.8,26.9,26.8,27.0,27.1,26.9,27.0,27.1,27.0,26.9,27.1,26.9,27.0,27.0,27.0,27.0,26.8,27.0,27.0,27.0,26.9,27.0,27.0,27.0,26.9,27.1,27.1,27.0,26.9,26.9,27.0,27.0,26.9,27.1,27.0,26.9,27.0,26.8,27.0,27.0,27.0,27.0,27.1,27.1,27.0,27.1,27.1,27.0,26.9,26.9,27.1,27.0,27.1,26.9,26.9,27.1,27.0,27.1,26.9,27.1,27.1,27.0,27.0,27.1,26.8,27.1,27.1,26.7,26.9,27.0,27.1,26.9,27.0,26.9,27.0,27.0,27.0,26.9,26.9,26.8,27.0,26.9,27.1,26.9,27.0,27.0,26.9,26.9,26.8,26.8,26.9,26.9,26.9,26.8,27.0,27.1,26.7,26.9,27.0,26.9,26.9,26.8,27.0,26.9,27.0,27.0,26.7,26.8,27.0,26.9,26.9,27.0,26.9,26.9,26.9,27.0,26.9,27.0,26.9
12,26.8,26.9,27.0,26.9,26.8,26.8,27.0,26.8,27.0,26.9,26.8,26.7,26.7,26.9,26.7,26.6,26.9,26.9,26.8,26.9,26.8,26.9,26.9,26.9,27.0,26.9,26.9,26.8,26.9,27.1,26.9,27.0,26.9,26.8,26.9,27.0,26.9,27.0,27.0,26.9,26.9,27.0,27.0,27.0,26.9,27.0,26.9,26.9,26.9,27.1,26.9,26.9,26.9,27.0,27.0,27.0,26.9,27.1,26.9,27.0,27.1,27.0,27.0,26.9,26.9,26.9,26.9,27.1,27.0,27.0,26.9,27.0,27.1,27.1,27.2,27.0,26.9,27.0,27.1,27.1,27.0,27.0,27.0,26.9,26.9,27.1,27.1,27.1,27.1,27.0,27.1,27.2,26.9,26.9,27.1,27.0,27.1,27.0,27.1,27.0,27.0,26.9,27.1,27.1,27.1,27.2,26.9,27.1,27.2,27.1,27.1,27.1,26.9,27.0,27.0,27.0,27.0,26.9,27.0,27.0,27.1,27.1,27.1,27.1,27.0,27.1,26.9,27.0,26.9,27.0,27.0,27.0,26.9,26.9,27.0,27.1,27.0,27.0,27.1,27.0,26.9,27.0,26.9,26.9,27.2,27.0,27.1,27.1,27.1,27.1,27.1,27.0,26.9,27.3,27.3,26.9,26.9,27.0,26.9,26.9,27.1,26.9,27.0,26.9,27.0,27.0,26.9,26.9,26.8,26.9,26.9,27.1,26.9,26.8,26.8,26.8,26.9,27.0,27.0,26.8,26.7,26.8,27.0,26.9,26.9,26.9,26.9,27.0,27.0,26.8,26.8,26.8
13,26.8,26.9,26.9,26.9,26.6,26.9,27.0,26.6,26.9,26.9,26.9,26.8,27.0,26.8,26.8,26.9,26.9,26.8,26.8,26.9,27.0,26.9,26.8,26.9,27.0,26.9,26.9,26.9,27.0,26.9,26.9,27.1,26.9,27.1,27.0,27.0,26.9,26.9,27.1,26.8,27.0,26.9,26.9,27.0,26.9,27.0,27.1,26.8,27.0,26.8,27.0,27.1,27.1,27.0,27.0,27.0,27.1,27.1,27.0,27.1,27.0,27.1,27.0,26.9,27.1,27.0,27.1,26.8,26.9,26.9,27.0,27.0,27.0,27.1,27.0,27.0,27.0,26.9,27.0,27.0,26.9,27.1,27.0,26.9,27.0,26.9,26.9,27.1,26.9,26.9,27.3,27.1,27.0,27.0,27.2,26.9,27.0,27.2,27.1,27.0,27.0,27.1,27.0,27.2,27.0,27.1,26.9,27.1,27.2,27.1,27.0,27.2,27.2,27.1,27.1,27.1,27.0,27.1,27.0,26.9,27.1,27.2,27.0,27.1,27.0,27.1,26.9,27.2,27.1,27.0,27.0,27.1,27.1,27.1,27.0,27.1,27.0,27.0,27.1,27.0,27.1,27.0,27.0,27.0,27.1,26.9,27.0,27.1,27.0,27.1,27.1,27.1,27.1,27.0,26.9,26.9,26.9,26.9,26.9,27.0,26.8,26.9,26.9,26.9,26.9,27.1,26.9,26.8,27.0,26.9,26.9,27.0,26.9,27.0,26.8,27.1,26.9,27.0,26.9,26.9,26.8,27.0,27.0,26.9,26.9,26.9,26.9,27.0,26.9,26.9,26.9,26.8
14,26.9,26.9,26.8,26.8,26.8,27.0,26.9,26.8,27.0,26.9,26.8,26.8,26.9,26.8,27.0,26.9,26.8,26.9,26.8,27.0,26.9,27.0,26.9,27.0,26.8,26.9,26.9,26.9,27.0,27.1,27.1,27.1,27.0,26.9,26.9,26.9,26.9,27.0,26.9,26.9,27.0,27.0,27.0,26.9,27.0,26.9,26.9,26.8,26.9,26.8,26.7,27.1,27.0,26.9,27.0,27.0,26.9,26.9,27.1,27.0,27.1,27.0,26.9,27.0,26.9,27.1,27.1,26.9,27.1,26.8,26.9,27.1,26.9,27.0,27.1,27.1,26.9,27.1,27.0,27.1,27.1,27.0,27.1,26.8,27.0,27.0,27.1,27.1,27.1,27.1,27.0,26.9,27.0,27.1,27.0,27.1,27.1,27.1,27.1,27.2,27.0,27.0,26.8,27.1,27.0,27.0,27.2,27.1,27.1,27.1,27.1,27.1,27.1,26.9,27.1,27.0,26.9,27.1,27.1,27.0,27.0,27.1,27.0,27.0,27.1,27.0,27.1,27.1,27.1,27.1,27.0,27.0,27.0,27.1,26.9,27.1,27.0,27.0,27.0,26.9,27.1,27.1,27.1,27.0,26.9,27.1,27.0,27.1,26.9,27.1,26.9,27.1,26.9,26.9,27.0,27.1,26.8,27.0,27.0,27.0,27.2,27.0,26.9,27.0,27.0,27.1,26.9,26.9,26.8,27.0,27.0,27.0,26.9,26.9,27.0,27.0,27.0,27.0,26.8,26.9,26.8,27.0,27.0,26.9,26.9,26.9,26.9,26.9,27.0,26.7,27.0,27.1
15,26.9,26.8,26.9,26.9,26.8,26.8,26.8,26.9,26.9,26.9,26.9,26.8,26.8,26.8,26.9,26.9,26.8,26.9,27.1,26.8,26.9,26.9,26.9,26.8,26.9,26.9,26.9,26.8,27.1,27.0,27.0,27.0,26.9,26.9,27.0,26.9,26.9,27.1,26.9,26.9,26.9,27.0,27.1,26.9,27.0,27.0,27.0,26.9,26.9,27.0,26.9,26.9,26.8,27.1,27.1,27.0,27.0,27.0,27.0,27.2,27.1,27.1,27.1,27.1,27.2,27.0,27.0,26.9,27.1,26.9,27.1,27.0,27.0,27.2,27.0,27.3,27.0,27.1,27.1,27.2,27.1,26.9,27.1,26.9,27.0,27.1,27.2,27.1,27.1,27.1,27.0,27.0,26.9,27.2,27.2,27.1,27.0,27.1,27.1,27.1,27.1,27.1,27.0,27.1,27.1,27.0,27.3,27.1,27.1,27.1,27.1,27.2,27.1,27.1,27.1,27.1,27.1,27.0,27.1,27.1,27.0,27.0,26.9,27.0,26.9,27.0,27.0,27.2,27.1,27.0,27.1,27.1,27.0,27.0,27.0,27.0,27.1,27.0,27.1,27.0,27.0,27.2,27.0,27.2,27.0,27.1,27.1,27.1,26.9,27.1,26.9,26.9,27.0,27.2,26.9,26.9,26.9,27.0,27.0,27.0,26.9,26.9,26.9,26.9,27.0,26.9,27.0,27.0,27.0,26.9,26.8,26.9,27.1,26.9,26.9,27.1,26.9,27.0,26.9,27.0,26.9,27.1,27.0,26.9,27.1,26.8,26.9,27.0,27.1,26.9,26.9,27.0
16,26.9,26.8,27.0,26.9,26.7,27.1,26.9,27.1,26.9,26.9,26.8,27.0,26.9,26.9,26.8,27.0,26.9,26.9,26.7,26.9,26.9,26.9,26.9,26.9,26.8,26.9,26.9,26.9,27.1,26.9,26.9,26.9,26.9,27.1,26.9,27.0,27.0,26.9,26.9,26.9,26.9,27.0,26.9,27.1,27.1,26.9,27.0,27.0,26.9,26.9,26.9,27.0,27.1,26.9,26.9,27.0,27.1,26.9,27.1,27.0,27.0,26.9,27.1,27.1,27.2,27.1,27.1,27.0,27.0,27.0,27.1,27.1,26.8,27.1,26.9,27.0,27.2,27.0,27.0,27.1,27.1,27.0,27.0,26.9,26.9,27.1,27.0,27.0,27.2,27.0,27.1,26.9,27.1,27.1,27.1,27.1,26.9,27.0,27.2,27.1,27.2,26.9,27.0,27.0,27.2,27.1,27.1,26.9,27.1,27.2,27.0,27.0,27.1,27.0,27.1,27.0,27.0,26.9,27.1,26.9,27.1,27.0,27.0,27.1,27.0,27.0,26.9,26.9,27.1,27.2,27.0,27.1,26.8,26.9,27.1,27.1,27.0,27.0,27.3,27.1,27.0,27.0,26.9,27.3,27.2,26.9,27.1,27.1,27.1,27.1,27.1,27.1,27.1,27.0,27.1,26.9,26.9,27.1,27.0,27.0,27.1,26.9,27.1,27.0,27.2,27.1,26.9,26.9,26.9,27.1,27.0,27.0,27.0,26.9,27.0,27.2,27.0,26.8,27.1,27.0,27.1,26.9,27.1,26.9,27.1,27.0,26.9,26.9,27.0,27.0,27.1,26.9
17,26.9,26.8,26.9,26.9,26.9,26.8,26.7,27.0,27.0,27.1,26.9,27.0,26.8,26.9,26.8,26.9,26.9,26.8,27.0,27.1,26.8,26.9,27.0,26.9,27.0,27.0,26.8,27.0,27.1,26.9,26.8,26.9,27.1,27.0,27.0,26.9,26.9,26.9,27.0,26.9,27.0,27.1,26.9,27.0,27.0,27.0,27.0,26.9,27.0,26.9,26.9,26.9,27.0,27.1,27.1,26.9,27.0,26.9,26.9,27.1,27.1,26.9,26.9,27.1,27.0,27.0,26.9,27.0,27.0,27.0,27.0,26.9,26.9,27.1,27.0,27.0,26.9,27.1,27.0,26.9,27.1,27.0,27.0,27.1,27.1,27.0,27.0,27.0,27.1,26.9,27.0,27.1,27.1,27.3,27.1,27.1,27.1,26.9,27.0,27.1,27.2,27.1,27.0,27.0,27.1,27.1,27.0,27.0,27.1,26.9,27.1,27.0,27.1,27.0,27.0,27.0,27.1,27.0,26.9,27.1,27.2,27.1,27.0,27.2,26.9,26.9,27.1,27.0,27.1,27.2,27.0,27.1,27.1,27.1,27.1,27.1,27.3,27.1,27.0,27.1,27.0,27.0,27.1,27.1,27.1,27.1,27.1,27.0,27.1,27.2,27.2,27.0,27.0,27.1,27.0,27.0,27.0,27.1,26.9,27.1,27.0,27.0,27.1,27.0,27.1,26.9,26.9,27.0,27.2,26.9,26.8,27.0,26.9,27.0,26.9,27.0,27.0,26.9,27.0,26.9,27.1,26.9,26.9,26.9,27.0,26.9,27.0,27.1,26.9,26.9,27.1,27.1
18,27.0,26.8,26.9,26.8,26.8,26.9,26.9,27.1,27.0,26.9,27.2,26.7,26.9,26.8,26.9,26.9,26.9,26.8,26.8,26.8,26.9,26.8,27.0,26.8,27.0,26.9,26.8,27.0,27.0,27.0,27.0,27.0,26.9,27.1,27.0,26.9,27.0,27.0,26.9,26.9,26.9,27.0,26.9,26.9,27.1,27.0,26.9,26.9,26.9,26.9,27.1,27.0,27.1,27.1,27.2,27.1,27.0,27.0,27.0,26.9,27.3,27.0,27.1,26.9,27.2,27.1,27.1,27.0,27.0,27.1,27.1,27.1,27.0,27.1,27.0,26.9,26.9,27.0,26.9,27.1,27.0,27.1,27.0,27.1,27.0,27.0,27.1,27.2,27.1,27.1,27.1,27.3,26.9,27.0,27.2,27.1,27.0,27.0,27.1,27.1,27.1,27.2,27.2,27.1,27.1,27.1,27.1,27.0,27.1,27.1,27.2,27.0,27.1,27.0,27.2,27.2,27.0,27.0,27.1,27.1,27.0,27.1,27.1,27.0,27.1,26.9,27.0,27.0,27.1,26.9,27.1,27.1,27.1,27.1,27.1,27.2,27.1,27.0,27.2,27.1,27.0,27.1,26.9,27.1,27.0,27.2,27.1,27.1,26.9,27.1,27.1,27.1,27.1,27.1,27.1,27.1,26.8,27.0,27.0,26.9,27.0,27.0,26.9,27.0,27.2,26.9,27.1,26.9,26.9,27.2,27.0,27.1,26.9,27.0,27.0,26.8,26.9,27.0,27.0,27.0,27.1,26.8,27.1,26.9,26.9,26.9,27.0,26.8,26.9,26.9,27.1,27.1
19,26.9,26.9,26.8,26.9,26.9,26.9,26.7,26.9,27.0,26.8,26.9,27.0,26.9,26.9,26.9,26.9,26.9,27.0,27.0,26.9,26.9,27.0,26.9,26.9,27.0,26.7,26.8,26.9,26.9,26.9,27.0,27.0,26.9,27.0,26.9,27.0,26.9,27.0,26.9,26.9,26.9,27.0,26.9,27.0,27.0,26.9,26.9,26.9,27.0,27.1,27.0,26.9,26.9,27.0,27.1,27.0,26.9,27.1,27.1,27.1,27.0,27.1,26.9,27.0,27.1,27.1,27.0,27.0,27.1,27.1,26.9,27.1,27.0,27.0,27.0,27.0,27.0,27.1,27.1,27.0,26.9,27.0,27.0,27.0,26.9,27.2,27.0,27.1,27.1,27.0,27.0,27.0,27.1,27.0,27.1,27.1,27.1,27.1,27.1,26.9,27.2,27.2,27.1,27.1,27.1,27.1,27.1,27.1,27.1,27.1,27.2,26.8,27.1,27.1,26.9,27.0,27.0,27.0,27.1,27.0,27.1,27.0,27.0,27.0,26.9,26.9,27.1,26.9,27.3,27.1,27.1,27.1,27.1,27.0,27.0,27.1,27.1,27.0,27.1,27.1,27.1,26.9,27.1,27.1,27.0,27.0,27.1,27.1,27.1,27.0,27.1,27.1,26.9,27.1,27.1,27.0,27.1,27.0,27.0,27.2,27.1,27.1,27.1,26.9,27.2,27.0,27.1,26.9,26.8,27.0,26.9,27.0,27.0,27.1,27.0,26.9,27.1,26.8,27.1,26.9,26.9,26.9,27.0,27.0,27.1,27.0,26.8,27.0,27.0,27.0,27.0,27.0
20,26.7,26.9,26.8,26.8,26.7,26.8,26.8,27.0,26.9,26.7,26.9,27.0,26.9,26.9,26.8,26.8,26.8,26.9,26.9,26.9,26.9,26.7,26.9,27.0,27.0,26.9,26.9,26.9,27.0,26.8,27.0,26.9,27.0,26.9,26.9,26.9,27.1,27.1,27.1,27.1,27.1,26.9,27.1,27.1,27.1,26.9,27.0,27.1,26.9,26.8,27.0,27.0,27.0,26.9,27.0,26.9,26.8,27.2,26.9,27.2,27.0,27.1,26.9,26.9,27.0,26.9,26.9,27.0,26.9,27.1,27.0,27.2,26.9,27.1,27.0,27.0,27.1,27.0,27.0,27.1,27.1,26.9,27.0,27.0,27.1,27.0,26.9,27.1,27.0,27.1,27.0,27.2,27.0,27.1,26.9,27.1,27.2,27.0,27.1,27.1,27.1,27.3,27.2,27.0,27.1,27.1,27.1,27.1,27.1,27.0,27.0,27.1,27.1,27.2,27.0,27.1,27.0,27.1,27.3,27.3,27.0,27.0,27.2,27.1,27.1,27.1,27.1,27.2,27.1,27.0,27.1,27.1,27.1,27.1,27.2,27.1,27.0,27.0,27.2,27.1,27.1,27.1,27.0,27.1,27.0,27.1,27.1,27.1,27.1,27.0,27.1,27.0,26.9,27.1,27.1,27.0,27.1,26.8,26.9,27.0,27.0,27.0,27.1,27.0,27.2,26.9,26.9,26.9,27.0,27.1,27.1,26.9,27.0,27.0,26.9,26.9,27.0,26.9,26.9,26.8,26.9,26.9,26.9,26.9,26.9,26.9,26.8,26.9,27.0,27.1,27.1,27.0
21,26.7,26.9,26.8,26.9,26.8,26.9,26.9,26.8,26.9,26.9,26.9,27.0,26.9,26.9,26.9,26.9,26.9,26.9,26.9,26.9,26.9,27.0,26.9,26.9,26.9,27.0,26.9,26.9,27.1,27.0,27.0,26.9,26.9,27.0,27.0,27.0,27.0,27.0,26.9,26.9,27.1,26.9,26.9,26.9,26.9,26.8,26.9,27.0,26.9,26.8,27.0,27.0,27.1,27.0,26.9,27.0,27.0,27.1,26.9,27.1,27.1,27.1,27.2,26.9,27.1,27.2,27.0,27.0,27.2,27.1,27.2,27.2,27.1,27.1,27.1,27.0,27.2,27.1,27.1,27.2,27.1,26.9,27.0,27.1,27.0,26.9,27.0,27.0,26.9,27.1,27.0,27.1,27.1,27.1,27.1,27.3,26.9,27.2,27.1,27.1,27.0,27.1,27.1,27.1,27.2,27.1,27.0,27.1,27.1,27.1,27.1,27.1,27.1,27.1,27.1,27.2,27.1,27.2,27.1,27.2,27.1,27.0,27.0,26.9,27.3,27.1,27.3,27.1,27.2,26.9,27.2,26.9,27.2,27.1,27.1,27.1,27.2,27.1,27.3,27.0,27.1,27.1,26.9,27.1,26.9,27.0,27.0,27.0,27.0,27.2,27.0,27.0,27.1,27.0,26.9,27.1,26.9,27.0,26.9,27.1,27.1,27.0,27.0,26.9,27.1,27.0,27.1,27.0,27.0,26.9,27.1,27.1,26.9,26.9,27.2,27.0,26.9,27.1,26.9,26.9,26.9,27.1,27.0,27.1,26.9,27.1,27.0,27.0,27.0,27.0,27.0,26.9
22,26.6,26.9,26.9,26.7,27.0,26.9,26.9,26.8,27.1,27.0,26.9,26.8,26.8,26.7,26.8,27.0,27.0,26.9,26.8,26.9,26.7,26.9,26.9,26.9,26.9,26.9,26.9,27.0,27.1,27.0,27.1,27.0,27.0,27.0,27.0,27.1,26.7,26.9,26.7,27.0,27.0,26.9,26.9,27.1,27.0,26.9,27.1,27.0,27.1,26.9,26.9,26.9,27.0,27.1,27.0,27.0,27.0,27.1,27.1,27.0,26.9,27.0,27.0,27.0,27.1,27.2,27.0,27.1,27.1,27.1,27.1,27.0,26.9,27.1,26.9,27.0,27.1,27.0,27.0,27.1,27.2,27.0,27.0,27.1,27.0,27.0,27.1,27.1,27.1,27.0,27.3,27.3,27.1,27.1,27.0,27.2,27.2,27.0,27.2,27.0,27.1,27.1,26.9,27.2,27.1,27.2,27.1,27.3,27.1,27.1,27.0,27.2,27.2,27.0,27.1,27.2,27.0,27.1,27.1,27.1,27.1,27.1,27.0,27.1,27.2,27.0,27.2,27.1,27.3,27.2,27.2,27.1,27.2,27.1,27.2,27.0,27.1,27.2,27.0,26.9,27.3,27.1,27.0,27.2,27.1,27.0,27.0,27.0,27.1,27.0,27.0,27.0,27.0,27.0,26.9,27.1,26.9,27.2,26.9,27.1,26.9,27.1,26.9,26.9,27.0,26.9,26.9,26.9,26.9,27.0,26.9,27.0,27.0,27.1,26.9,26.8,27.0,27.0,26.9,27.0,26.8,26.8,27.0,26.9,27.1,26.9,26.9,27.0,27.0,27.0,26.9,27.0
23,26.8,26.9,26.8,27.0,26.9,27.0,27.0,26.8,26.8,26.9,26.9,27.0,26.9,26.9,27.0,26.9,26.9,27.0,26.9,26.9,27.0,27.0,27.0,27.0,26.9,27.0,26.8,26.9,26.9,27.1,27.0,27.0,26.9,27.0,27.0,27.1,27.0,27.0,27.0,27.0,27.0,27.0,27.1,26.9,27.1,27.1,27.1,26.9,27.1,26.9,26.7,26.9,27.0,26.9,27.1,27.0,27.0,27.1,27.1,27.0,26.9,27.1,27.1,27.2,27.0,27.1,27.0,27.1,27.0,26.9,27.1,27.1,27.1,27.2,27.0,27.1,27.0,27.2,27.1,27.1,27.1,27.1,27.1,27.1,27.1,27.0,27.1,27.1,27.0,27.1,27.1,27.1,27.1,27.2,27.2,27.1,27.1,27.2,27.1,27.1,27.2,27.1,27.0,27.2,27.2,27.1,27.2,27.2,27.2,27.0,27.2,27.1,27.0,27.2,27.1,27.1,27.1,27.0,27.2,27.1,27.1,27.2,27.1,27.2,27.1,27.1,27.0,27.1,27.2,27.2,27.1,27.1,27.1,27.1,27.2,27.2,27.1,27.0,27.1,27.1,26.9,27.1,27.0,27.1,27.0,27.3,27.1,27.1,27.1,27.0,26.9,27.1,26.9,27.1,27.1,27.0,27.3,27.1,27.1,27.2,27.2,26.9,26.9,27.1,27.0,26.8,26.9,26.9,27.1,26.9,27.0,27.0,27.0,26.9,26.9,26.9,27.1,26.9,27.0,26.9,27.0,26.9,27.0,27.0,27.0,27.0,27.0,26.9,26.9,26.9,27.0,26.9
24,26.9,27.0,26.8,26.9,26.8,26.9,26.9,26.9,27.0,26.9,26.9,26.9,26.8,27.0,26.7,27.1,27.0,27.0,27.0,26.9,27.0,26.9,26.9,27.0,26.9,27.0,26.9,26.9,27.0,27.0,27.0,27.1,26.9,27.0,27.0,27.1,27.1,27.0,27.1,26.9,27.0,27.1,26.9,27.1,27.0,27.0,26.9,27.1,26.8,27.2,26.9,26.9,27.1,27.2,27.0,27.0,27.0,27.1,27.0,27.0,26.9,27.1,27.1,27.2,27.0,27.1,27.2,27.0,26.9,27.1,27.1,27.3,27.0,27.1,27.1,27.1,27.1,27.1,27.2,27.1,27.0,27.0,27.2,27.1,27.0,26.9,27.1,27.1,27.3,27.1,27.2,27.0,27.2,27.0,27.2,27.1,27.1,27.2,27.2,27.2,27.0,27.1,27.1,27.0,27.1,27.1,27.2,27.1,27.1,27.2,27.0,27.2,27.2,27.1,27.1,27.1,27.1,27.0,27.1,27.0,27.1,27.2,27.2,27.0,27.2,27.1,27.1,27.2,27.3,27.1,27.2,27.0,27.2,27.1,27.2,27.2,27.1,27.1,27.2,27.1,27.1,27.1,27.2,27.3,27.0,27.1,27.1,27.0,26.9,27.0,27.0,26.9,27.1,27.3,26.9,27.1,27.2,26.9,27.1,27.0,27.1,27.1,27.0,26.9,26.9,27.0,27.0,26.9,27.0,27.0,26.9,27.0,27.0,27.0,26.9,26.9,27.2,27.0,27.1,26.9,27.0,27.0,27.0,27.1,27.1,26.9,26.9,27.0,27.0,26.9,26.9,26.9
25,26.9,26.9,26.9,26.9,26.9,26.9,27.0,26.9,27.1,26.8,26.9,27.0,26.9,27.0,26.8,27.1,26.9,27.2,26.9,26.9,26.9,26.9,27.0,27.0,26.9,26.9,27.0,26.8,27.1,27.0,26.9,26.9,27.1,26.8,26.9,27.1,26.9,27.0,26.9,27.0,27.1,27.0,27.0,27.0,26.9,27.1,27.1,27.0,27.1,27.0,27.2,26.9,27.1,27.0,26.9,26.9,27.0,27.2,27.1,27.0,27.1,27.0,27.1,27.0,27.2,26.9,27.0,27.0,26.9,26.9,27.1,27.0,27.1,27.2,27.0,27.3,27.0,27.1,27.3,27.2,27.1,27.1,26.9,27.0,26.9,27.0,27.0,27.1,27.1,27.1,27.1,27.2,27.1,27.1,27.2,27.2,27.1,27.1,27.1,27.2,27.2,27.0,27.2,27.1,27.3,27.1,27.1,27.1,27.2,27.1,27.1,27.2,27.2,27.2,26.9,27.1,27.1,27.0,27.1,27.3,27.2,27.0,27.0,27.3,27.2,27.0,27.0,27.2,27.1,27.0,27.2,27.0,27.2,27.2,27.1,27.1,27.1,27.0,27.1,27.1,27.1,27.1,27.1,27.1,26.9,27.2,27.0,27.1,26.9,27.2,27.0,27.1,27.0,27.1,27.0,27.2,27.0,27.1,26.9,27.0,26.9,27.0,26.9,26.9,27.1,27.0,27.0,27.1,27.1,27.0,27.1,27.1,26.9,26.9,27.1,27.1,27.0,27.0,26.9,26.9,26.8,26.9,26.8,27.1,27.1,27.0,26.9,27.0,27.0,26.9,27.0,26.9
26,26.8,26.9,26.9,27.0,26.8,26.9,26.9,26.9,26.9,26.8,27.0,26.9,27.0,26.9,27.1,27.0,27.0,26.9,26.9,27.0,26.9,26.9,26.8,26.9,27.1,26.9,27.0,26.8,27.1,26.9,27.0,27.0,27.1,26.9,26.9,26.9,27.0,26.8,26.9,26.9,27.1,26.9,27.0,26.9,27.0,27.1,27.0,27.1,27.1,27.1,26.9,27.0,27.0,26.9,27.0,27.0,26.8,27.1,27.0,27.0,26.9,27.0,27.0,27.0,27.1,27.1,26.9,27.0,27.1,27.0,27.1,27.1,27.1,27.1,27.0,27.1,27.0,27.1,27.2,27.1,27.0,27.0,27.2,27.0,27.1,27.1,27.2,27.1,27.1,27.1,27.2,27.1,27.3,27.1,27.1,27.2,27.3,27.1,27.2,27.2,27.2,27.1,27.1,27.1,27.1,27.0,27.2,27.1,27.2,27.3,27.1,27.0,27.3,27.1,27.2,27.1,27.1,27.1,27.2,27.2,27.0,27.2,27.1,27.1,27.1,27.1,27.1,27.1,27.1,27.1,27.2,27.3,27.2,27.2,27.2,27.1,27.1,27.1,27.2,27.1,27.3,27.2,27.2,27.1,27.0,27.1,27.1,27.0,27.0,27.1,27.0,27.1,27.0,27.2,27.0,27.0,26.8,26.9,26.9,27.1,27.1,26.9,26.9,27.0,27.1,27.1,27.0,26.7,27.0,27.0,26.9,27.1,26.9,26.9,27.0,27.1,26.9,27.1,26.9,27.0,27.1,26.9,27.1,26.9,27.1,27.0,26.9,27.0,26.9,27.1,27.0,27.0
27,26.9,26.8,26.9,27.1,26.9,26.8,26.8,26.8,26.9,26.9,27.0,26.9,26.7,27.0,26.8,26.9,26.9,26.8,26.8,27.0,26.8,26.8,26.9,27.0,27.0,27.1,26.9,27.0,27.0,27.1,26.9,26.9,27.1,27.0,26.9,27.0,26.9,27.0,26.9,26.9,27.3,27.1,27.0,27.0,27.0,27.0,27.2,27.0,26.9,27.1,27.1,27.1,27.1,26.9,27.0,27.1,26.9,26.9,27.0,27.0,27.1,27.1,27.0,26.9,27.1,26.9,27.0,27.0,27.1,27.1,27.2,27.2,27.0,27.0,27.0,27.2,27.1,27.2,27.1,27.1,27.2,27.2,27.1,27.1,27.2,27.1,27.2,27.1,27.2,27.0,27.1,27.1,27.2,27.3,27.1,27.2,27.1,27.1,27.2,27.1,27.1,27.1,27.2,27.1,27.4,27.2,27.1,27.2,27.3,27.1,27.2,27.2,27.3,27.2,27.3,27.3,27.2,27.0,27.3,27.1,27.1,27.2,27.1,27.0,27.2,27.1,27.1,27.1,27.1,27.1,27.1,27.3,27.3,27.3,27.1,27.0,26.9,27.2,27.1,27.1,27.2,27.1,27.1,27.1,27.1,27.1,27.1,27.1,27.1,27.1,27.1,27.1,27.1,27.2,27.2,27.2,27.0,27.1,27.0,27.1,27.1,27.1,27.0,27.0,27.1,27.2,27.1,27.0,27.0,26.9,27.2,27.0,27.0,27.0,26.9,27.1,27.1,27.1,27.1,27.1,27.0,26.8,27.2,27.1,27.0,27.0,26.9,26.9,26.9,26.9,27.0,26.9
28,26.7,26.9,26.9,26.9,26.9,26.8,27.0,26.9,27.0,26.9,26.8,27.0,26.9,26.8,26.9,26.9,26.9,27.0,26.9,27.1,27.0,26.9,27.0,27.1,27.1,27.1,26.9,26.9,27.0,26.9,26.9,27.0,26.9,27.0,27.0,27.0,27.1,26.9,27.2,27.0,27.0,27.1,27.1,27.0,27.0,27.1,27.0,27.0,26.9,26.8,27.0,27.1,27.1,27.0,27.1,27.1,27.1,27.1,27.1,27.1,27.0,27.1,27.0,27.0,27.1,27.1,27.2,27.1,27.2,27.0,27.1,27.1,27.0,27.0,27.1,27.2,27.0,27.2,27.1,27.1,27.1,26.9,27.0,27.1,27.1,27.1,27.1,27.2,27.1,27.1,27.2,27.0,27.1,27.3,27.2,27.2,27.2,27.1,27.2,27.1,27.2,27.2,27.1,27.2,27.4,27.2,27.2,27.3,27.1,27.0,27.3,27.2,27.1,27.2,27.1,27.1,27.1,27.1,27.2,27.1,27.1,27.1,27.0,27.1,27.1,27.1,27.2,27.1,27.2,27.2,27.1,27.2,27.1,27.1,27.1,27.2,27.1,27.3,27.3,27.2,27.0,27.0,27.1,27.0,27.1,27.2,27.1,27.1,27.0,27.2,27.1,27.2,26.9,27.0,27.2,27.1,27.2,27.1,27.2,27.1,27.0,27.0,27.0,27.0,27.1,27.1,26.9,27.0,26.9,27.0,26.9,27.0,27.1,27.1,26.9,26.9,27.1,27.1,27.2,26.9,26.9,27.1,26.9,27.0,26.9,27.0,26.9,27.0,27.0,26.9,27.1,26.9
29,26.9,26.9,26.8,26.8,27.0,27.0,27.0,26.8,26.9,26.9,26.9,27.0,26.9,26.8,26.9,26.9,27.0,26.9,26.9,27.0,27.0,26.9,27.0,27.0,27.1,26.8,26.8,27.0,26.9,27.0,27.1,26.9,27.0,26.9,27.1,27.1,26.9,27.1,26.9,27.0,26.9,27.1,27.0,27.0,27.0,27.0,27.1,26.9,26.9,27.0,26.9,26.9,27.1,27.0,27.2,26.8,27.2,26.9,26.9,27.0,27.0,27.0,27.1,27.1,27.1,27.2,27.2,27.1,27.0,27.2,27.1,27.2,27.0,27.1,27.1,27.1,27.0,27.1,27.0,27.0,27.1,27.1,27.0,27.1,27.1,27.1,27.1,27.1,27.1,27.1,27.0,27.1,27.2,27.1,27.1,27.1,27.2,27.2,27.1,27.1,27.2,27.1,27.1,27.2,27.2,27.0,27.2,27.2,27.0,27.1,27.1,27.1,27.1,27.1,27.2,27.2,27.2,27.1,27.0,27.3,27.2,27.2,27.1,27.1,27.0,27.1,27.1,27.1,27.2,27.2,27.2,27.1,27.1,27.1,27.0,27.1,27.2,27.2,27.2,27.1,27.2,26.9,27.1,27.3,27.2,27.1,27.2,27.2,27.0,27.1,27.2,27.2,27.1,27.1,26.9,26.9,27.1,27.0,27.1,27.1,27.1,27.0,27.1,27.0,27.2,27.1,27.1,27.2,27.1,27.1,27.0,26.9,27.0,26.9,27.1,27.1,27.0,26.9,26.9,27.1,27.1,27.0,26.9,26.9,26.9,27.1,27.0,27.0,27.1,26.9,27.0,26.9
30,27.0,26.9,26.7,26.9,26.9,26.9,26.8,26.9,26.9,26.9,26.8,26.9,26.6,26.9,27.0,27.0,27.1,27.0,26.9,26.9,26.9,27.0,27.0,26.9,27.0,26.9,27.0,27.1,27.0,26.9,27.0,27.1,26.9,27.0,27.0,27.2,27.1,27.1,27.1,27.1,27.0,27.0,27.1,27.0,27.0,27.0,27.2,27.1,27.1,27.0,26.9,27.0,27.0,27.0,27.0,27.1,27.1,27.0,27.0,27.2,27.0,27.1,27.0,27.1,27.1,27.1,27.2,26.9,27.1,27.1,27.0,27.1,27.2,27.2,27.1,27.1,27.1,27.0,27.1,27.0,27.1,27.1,26.9,27.1,27.1,27.1,27.1,27.2,27.1,27.0,27.2,27.2,27.1,27.2,27.1,27.2,27.2,27.2,27.1,27.1,27.2,27.2,27.2,27.2,27.3,27.0,27.3,27.1,27.1,27.1,27.3,27.1,27.2,27.2,27.3,27.3,27.3,27.1,27.2,27.2,27.2,27.1,27.2,27.2,27.1,27.2,27.0,27.2,27.2,27.2,27.1,27.2,27.1,27.2,27.3,27.1,27.3,27.2,27.3,26.9,27.1,27.2,27.2,27.1,27.2,27.2,27.1,27.2,27.2,27.1,27.3,27.0,27.1,27.0,27.0,27.2,27.1,27.1,27.0,27.1,27.2,27.1,27.0,27.0,27.1,26.8,27.1,26.9,27.1,27.0,27.1,26.9,27.0,26.9,27.0,27.0,27.0,27.0,27.0,27.0,26.9,26.9,27.2,27.0,27.0,27.0,27.0,27.0,26.9,26.8,27.0,26.9
31,26.8,26.8,26.9,26.9,26.9,26.9,26.9,26.8,26.9,26.9,27.0,27.1,26.7,26.9,26.9,26.9,27.0,27.0,26.9,26.8,26.9,26.9,27.1,27.0,26.9,26.8,26.9,27.0,26.9,27.0,27.0,27.1,27.1,26.9,27.0,27.0,27.0,26.8,26.9,26.9,27.0,27.0,27.1,27.0,27.0,27.0,27.1,27.1,26.8,27.0,27.0,27.2,27.0,26.9,27.1,27.2,27.0,27.1,27.1,27.1,27.1,27.1,27.0,26.9,27.2,27.1,27.0,27.1,27.0,26.9,27.3,27.2,27.1,26.9,27.1,27.1,27.1,27.2,27.2,27.3,27.3,27.0,27.2,27.1,27.2,27.2,27.2,27.1,27.1,27.3,27.1,27.2,27.2,27.2,27.2,27.1,27.2,27.1,27.3,27.2,27.3,27.2,27.2,27.1,27.2,27.3,27.0,27.2,27.1,27.2,27.2,27.1,27.2,27.3,27.3,27.2,27.2,27.1,27.3,27.2,27.2,27.1,27.2,27.1,27.2,27.0,27.2,27.1,27.2,27.4,27.1,27.3,27.1,27.2,27.1,27.2,27.3,27.2,27.3,27.2,27.1,27.3,27.2,27.1,27.1,27.1,27.1,27.2,27.1,27.2,27.2,27.1,27.1,27.1,26.9,27.1,27.0,27.1,27.1,27.2,27.1,27.0,27.1,27.1,27.1,27.1,27.0,27.1,27.0,27.3,27.1,27.0,27.0,27.0,26.9,26.9,27.0,27.1,27.0,27.0,27.0,27.1,27.0,27.0,26.9,26.9,26.9,27.0,26.8,26.9,26.9,26.8
32,26.9,26.9,26.9,27.0,26.8,26.8,26.9,26.8,27.0,26.9,27.0,26.9,26.9,26.9,26.9,27.0,27.0,27.0,27.0,26.9,27.0,27.0,26.9,26.9,26.9,26.9,27.0,27.0,27.0,26.9,26.9,26.9,26.9,27.1,27.1,27.1,26.8,27.0,27.0,26.9,27.2,27.0,26.8,27.0,26.9,27.0,26.9,27.0,27.0,26.9,27.1,27.0,27.1,27.1,27.0,27.0,27.0,27.0,26.9,27.1,27.1,27.1,27.0,27.0,27.0,27.3,27.1,27.0,27.1,27.0,27.0,27.2,27.0,27.0,26.9,26.9,27.0,27.1,27.1,27.1,27.1,27.1,27.2,27.1,27.1,27.1,27.1,27.1,27.3,27.1,27.1,27.1,27.1,27.1,27.1,27.3,27.1,27.1,27.4,27.2,27.2,27.1,27.0,27.1,27.3,27.2,27.1,27.2,27.2,27.0,27.2,27.1,27.0,27.1,27.1,27.3,27.1,27.0,27.1,27.1,27.1,27.2,27.1,27.2,27.3,27.1,27.1,27.2,27.2,27.3,27.3,27.3,27.1,27.2,27.1,27.2,27.3,27.1,27.2,27.2,27.1,27.2,27.1,27.2,27.0,27.1,27.2,27.2,27.1,27.1,27.1,27.1,27.2,27.2,27.1,27.1,27.1,27.0,27.1,27.2,27.2,27.0,27.1,27.3,27.1,27.0,27.1,27.0,27.0,27.1,27.1,27.0,27.0,27.0,27.0,27.0,26.8,27.1,27.1,27.1,26.9,27.1,26.8,26.9,27.1,27.1,26.9,26.9,26.9,26.8,26.9,26.9
33,26.9,26.8,26.8,26.9,26.9,26.8,27.0,26.8,27.0,26.9,26.9,26.8,26.9,26.9,26.9,27.0,26.9,27.0,27.0,27.0,26.9,26.9,27.1,26.9,27.1,26.9,26.9,27.1,27.2,27.1,27.0,27.1,27.1,27.1,27.0,27.0,27.0,27.1,27.0,27.1,27.1,27.1,27.0,27.0,27.1,27.1,27.1,27.1,27.1,26.9,27.2,27.0,27.1,27.1,27.1,27.2,27.1,27.1,27.2,27.0,27.2,26.9,27.1,27.2,26.9,27.1,27.1,27.1,27.3,27.0,27.0,27.1,27.1,27.1,27.0,27.2,27.1,27.2,27.1,27.1,27.2,27.1,27.1,27.0,27.3,27.1,27.3,27.2,27.1,27.0,27.1,27.1,27.2,27.2,27.1,27.2,27.1,27.1,27.1,27.0,27.1,27.1,27.1,27.2,27.2,27.1,27.2,27.3,27.1,27.2,27.2,27.1,27.1,27.0,27.1,27.2,27.3,27.1,27.2,27.1,27.2,27.1,27.0,27.2,26.8,27.1,27.1,27.3,27.3,27.2,27.3,27.2,27.2,27.1,27.3,27.3,27.4,27.2,27.1,27.2,27.1,27.3,27.2,27.3,27.1,27.2,27.2,27.2,27.1,27.0,27.1,27.1,27.1,27.2,27.1,27.0,27.1,27.1,27.1,27.1,27.2,27.1,27.1,27.0,27.2,27.0,27.1,27.0,27.1,27.1,26.8,27.0,27.1,27.1,27.0,27.1,27.0,26.9,27.1,26.9,26.9,26.9,27.1,27.0,26.9,27.1,27.0,26.9,27.0,26.7,27.0,27.1
34,26.9,27.0,27.0,26.9,26.9,27.0,27.0,27.0,27.1,27.1,26.9,26.9,27.1,26.9,26.9,27.0,27.1,26.9,27.0,26.9,27.0,27.0,27.0,26.9,27.1,26.9,27.0,26.9,27.1,26.9,27.0,27.1,27.0,27.2,27.2,27.0,26.9,27.0,27.0,27.0,27.1,27.0,27.1,27.0,27.1,27.1,26.9,27.2,27.1,27.1,27.0,27.1,27.0,27.1,27.2,27.2,27.0,27.1,27.2,27.0,27.3,27.1,27.1,27.0,27.0,27.2,27.1,27.1,27.1,27.2,27.1,27.1,27.1,27.0,27.0,27.2,27.0,27.3,27.3,27.1,27.1,27.0,27.3,27.1,27.0,27.2,27.0,27.2,27.2,27.1,27.1,27.3,27.0,27.1,27.1,27.1,27.1,27.1,27.3,27.2,27.1,27.1,27.1,27.1,27.2,27.1,27.1,27.1,27.2,27.0,27.1,27.2,27.2,27.1,27.1,27.1,27.2,27.1,27.1,27.1,27.2,27.1,27.1,27.3,27.1,27.1,27.1,27.3,27.1,27.2,27.4,27.1,27.2,27.1,27.1,27.1,27.4,27.3,27.1,27.2,27.1,27.3,27.2,27.2,27.0,27.2,27.1,27.2,27.1,27.1,27.2,27.1,27.1,27.0,27.1,27.1,27.3,27.1,27.2,27.2,27.2,27.0,27.2,27.1,27.1,27.1,27.1,27.1,27.0,27.1,27.1,27.0,27.0,26.9,27.1,27.0,26.9,27.1,27.0,26.9,26.9,27.1,27.0,26.9,27.0,27.1,27.0,27.0,27.0,27.0,26.9,27.0
35,26.9,26.9,26.8,26.9,26.9,26.9,26.9,27.0,27.0,26.8,26.9,26.8,26.9,26.9,26.8,26.8,26.9,27.1,27.0,26.9,26.9,26.9,27.1,26.9,27.1,26.9,27.0,27.0,27.0,26.9,26.9,27.0,26.9,27.0,27.0,26.9,26.9,27.0,27.0,26.9,27.1,26.9,27.0,27.0,26.9,27.1,27.1,27.0,26.8,27.0,26.9,27.0,27.2,27.1,26.9,27.0,27.1,27.1,27.0,27.1,27.0,27.1,27.2,27.1,27.0,27.1,26.9,27.1,27.0,27.1,27.0,27.0,27.0,27.0,27.0,27.2,27.1,27.0,27.1,27.1,26.9,27.2,27.1,27.1,27.2,27.1,27.1,27.1,27.1,27.1,27.1,27.1,27.0,27.1,27.0,27.1,26.9,26.9,27.0,26.8,26.9,27.0,26.9,27.0,26.9,26.8,26.9,27.0,26.9,26.9,27.1,27.0,26.7,27.0,27.1,27.1,27.2,27.1,27.3,27.2,27.1,27.2,27.1,27.1,27.2,27.2,27.3,27.1,27.1,27.1,27.2,27.3,27.2,27.1,27.1,27.2,27.3,27.1,27.2,27.0,27.1,27.2,27.2,27.3,27.2,27.1,27.2,27.0,26.9,27.1,27.2,27.0,27.2,27.2,27.1,27.1,27.0,26.9,27.1,27.2,27.1,26.9,27.0,27.0,27.0,27.1,27.1,27.1,27.2,27.0,26.9,27.2,27.0,27.1,27.2,27.0,27.1,26.9,27.1,26.9,27.0,26.9,27.0,27.0,26.9,27.0,26.8,27.0,27.0,26.9,27.0,27.1
36,26.8,26.8,26.9,26.8,26.9,26.9,26.7,26.9,26.9,26.9,26.9,26.8,26.9,27.0,27.1,27.1,26.8,27.0,26.9,26.9,27.0,26.9,26.9,27.1,27.1,27.0,26.9,27.1,27.1,27.1,27.0,27.0,27.1,27.1,27.0,27.1,27.1,27.0,27.0,26.9,27.1,27.1,27.2,27.0,26.9,27.1,27.1,27.1,27.0,27.0,27.0,27.1,27.0,27.1,27.0,27.2,27.1,27.1,27.0,27.0,27.1,27.2,27.0,27.1,27.2,27.1,27.0,27.1,27.1,26.9,27.0,27.0,27.1,27.0,27.1,27.1,27.2,27.1,27.0,27.1,27.3,27.1,27.1,27.2,27.1,27.2,27.0,27.1,27.1,27.0,27.1,27.1,27.2,27.1,26.8,26.9,26.6,26.9,26.7,26.7,26.8,26.6,26.8,26.7,26.7,26.7,26.8,26.8,26.7,26.7,26.8,26.7,26.9,27.0,27.1,27.0,27.1,27.1,27.2,27.1,27.1,27.0,27.3,27.3,27.1,26.9,27.0,27.2,27.1,27.1,27.1,27.3,27.2,27.2,27.3,27.1,27.2,27.1,27.2,27.1,27.2,27.2,27.1,27.1,27.1,27.2,27.1,27.1,27.1,27.1,27.1,27.1,27.2,27.1,27.1,27.1,27.1,27.2,27.1,27.1,27.0,27.2,27.1,27.1,27.1,26.9,27.1,27.0,27.1,27.0,27.0,27.1,27.1,27.0,26.9,27.0,26.9,27.0,27.1,26.9,27.0,26.9,26.8,27.1,26.9,27.0,27.0,27.0,26.9,26.8,27.1,27.0
37,26.8,26.9,27.0,27.0,26.7,27.1,26.9,26.9,26.9,26.8,26.9,27.0,26.9,27.0,27.0,26.8,26.8,26.8,26.9,27.0,26.9,26.9,27.0,27.1,27.1,27.0,26.9,27.0,26.9,26.9,26.9,26.9,27.0,27.0,27.0,27.1,26.9,27.1,26.9,26.9,27.1,26.9,27.0,27.0,26.9,26.9,27.1,27.1,27.0,27.1,27.0,26.9,27.1,27.1,27.0,27.1,27.0,27.1,27.1,27.0,27.0,27.2,26.9,27.0,27.2,27.1,26.9,27.0,27.1,27.1,27.1,27.1,27.1,27.1,27.0,27.1,27.0,27.1,27.0,27.1,27.1,27.0,27.0,27.1,27.1,27.1,27.2,27.1,27.2,27.1,27.1,27.2,27.1,27.0,26.9,26.7,26.6,26.6,26.5,26.6,26.7,26.5,26.5,26.7,26.6,26.5,26.5,26.6,26.5,26.6,26.6,26.6,26.6,26.8,26.9,27.1,26.9,27.0,27.1,27.0,27.0,27.1,27.0,27.1,27.2,27.1,27.2,27.2,27.1,27.1,27.3,27.1,27.3,27.2,27.1,27.3,27.1,27.1,27.1,27.3,27.2,27.3,27.2,27.2,27.2,27.2,27.2,27.3,27.3,27.2,27.1,27.2,27.3,27.3,27.2,27.2,27.1,27.1,27.3,27.2,27.2,27.1,27.0,27.0,27.2,27.1,27.1,26.8,27.1,27.2,27.1,27.1,27.1,27.1,27.1,26.9,27.1,26.9,27.1,27.2,27.0,27.1,27.0,27.0,27.1,26.9,27.1,27.0,27.1,27.0,27.0,27.0
38,26.9,26.9,26.9,26.9,26.9,27.0,26.9,27.0,27.0,27.0,26.9,27.0,26.9,26.9,26.8,27.0,26.9,27.1,27.0,26.9,27.1,27.0,27.0,26.9,27.1,27.0,27.1,27.1,27.1,27.1,27.0,27.1,27.1,27.0,27.0,26.9,26.8,27.0,26.9,26.9,27.0,26.9,26.9,26.9,27.1,26.9,27.0,27.2,27.0,27.1,26.9,27.1,27.2,27.1,27.0,27.1,27.0,27.0,27.0,26.9,27.2,27.1,27.1,27.1,27.1,27.2,27.1,27.1,26.9,26.9,27.0,27.1,27.0,27.1,27.1,27.1,27.1,27.0,27.2,27.1,27.1,27.0,27.0,27.1,27.3,27.0,27.1,27.1,27.1,26.9,27.1,27.0,27.1,27.0,26.8,26.4,26.4,26.4,26.3,26.4,26.4,26.4,26.3,26.3,26.4,26.4,26.4,26.4,26.3,26.2,26.5,26.3,26.3,26.5,26.8,26.9,27.0,26.9,27.1,27.1,27.0,26.9,27.2,27.1,27.0,27.0,27.1,27.2,27.1,27.2,27.2,27.1,27.1,27.2,27.2,27.1,27.2,27.2,27.1,27.1,27.1,27.1,27.1,27.2,27.1,27.1,27.1,27.1,27.1,27.2,26.9,27.2,27.1,27.2,27.2,27.1,27.0,27.2,27.1,27.2,27.1,27.1,27.2,27.1,27.2,27.1,27.2,27.0,27.1,27.1,27.0,27.1,27.0,26.9,27.1,27.1,27.1,27.1,27.3,27.2,27.0,26.9,27.1,26.9,27.1,26.9,27.2,27.0,27.1,26.9,27.0,27.1
39,26.9,26.9,26.9,27.0,26.9,27.0,27.1,27.0,26.9,26.8,26.9,26.9,26.9,27.0,27.1,27.0,27.0,27.0,26.8,26.9,27.0,27.1,26.9,27.0,27.1,26.9,26.9,27.1,26.9,27.0,27.0,26.9,26.9,27.0,26.9,27.1,26.9,26.9,27.0,27.0,26.9,27.0,26.7,26.7,26.9,26.9,27.1,26.9,26.9,26.9,27.0,27.1,27.1,27.1,26.9,27.1,26.9,27.0,27.1,27.1,27.1,27.0,27.1,27.0,27.0,27.1,26.9,26.9,27.0,26.9,27.0,26.9,26.9,27.0,27.0,26.9,27.1,27.1,27.0,27.1,26.9,27.2,27.0,27.0,27.0,27.0,27.0,27.0,26.9,27.0,27.0,27.0,27.0,27.0,26.8,26.5,26.5,26.2,26.3,26.2,26.2,26.4,26.2,26.3,26.3,26.3,26.2,26.4,26.2,26.4,26.4,26.4,26.4,26.4,26.7,26.9,26.9,27.0,27.0,27.0,27.0,26.9,26.9,27.1,26.9,27.0,27.1,27.1,27.1,27.1,27.2,27.1,27.2,27.3,27.0,27.2,27.1,27.2,27.3,27.2,27.3,27.1,27.2,27.4,27.2,27.2,27.1,27.0,27.2,27.1,27.3,27.3,27.2,27.3,27.1,27.2,27.2,27.1,27.1,27.2,27.1,27.0,27.2,27.2,27.1,27.2,27.2,27.1,27.1,27.1,27.2,27.0,27.3,27.0,26.9,26.9,27.1,27.0,27.2,27.0,27.1,26.9,27.2,27.0,27.0,26.9,27.0,27.0,27.0,27.0,26.9,27.1
40,27.1,27.0,27.0,27.0,26.9,27.0,27.1,27.0,27.0,26.9,27.0,27.0,27.0,27.0,27.0,27.0,26.9,27.0,27.1,27.0,27.0,27.0,27.0,26.9,27.0,27.2,26.9,26.9,27.0,26.9,26.9,27.0,26.6,26.9,26.9,26.9,26.8,26.9,26.9,26.9,26.8,26.7,26.7,26.7,26.9,27.0,27.1,27.0,27.1,26.9,27.0,27.0,27.2,27.1,26.9,27.0,27.1,27.0,27.0,27.0,27.0,26.9,27.1,27.1,27.1,26.9,27.1,26.8,26.8,26.9,27.1,27.1,26.8,27.0,26.9,26.9,26.9,26.9,27.1,27.1,27.0,26.8,27.0,26.8,27.0,27.0,26.9,27.0,26.9,26.9,26.8,27.1,26.9,26.9,26.7,26.4,26.3,26.2,26.4,26.4,26.4,26.3,26.3,26.3,26.5,26.3,26.5,26.3,26.4,26.6,26.5,26.3,26.4,26.5,26.7,26.9,26.7,26.8,27.0,27.1,26.9,27.1,27.2,26.9,27.1,27.1,27.1,27.1,27.2,27.0,27.1,27.1,27.1,27.2,27.2,27.1,27.3,27.2,27.3,27.2,27.2,27.2,27.4,27.3,27.3,27.3,27.3,27.2,27.3,27.3,27.3,27.1,27.2,27.2,27.1,27.1,27.0,27.1,27.2,27.1,27.1,27.1,27.1,27.3,27.2,27.3,27.1,27.0,27.1,27.0,27.0,27.0,27.2,27.2,27.0,27.2,27.1,27.2,27.2,27.0,27.0,27.0,27.1,27.1,27.1,27.2,27.1,27.0,26.9,27.0,27.0,27.1
41,26.9,26.9,27.0,27.0,26.9,27.0,26.9,27.0,26.9,27.0,27.1,27.0,26.9,26.9,27.0,26.9,26.9,26.9,26.9,27.0,27.0,27.0,27.1,27.0,27.0,26.9,27.0,26.8,26.9,26.8,26.7,26.7,26.6,26.6,26.5,26.8,26.9,26.9,26.9,26.9,26.6,26.4,26.2,26.4,26.6,26.8,26.9,26.9,27.0,27.1,26.8,26.8,27.0,27.0,27.0,26.9,26.8,26.9,26.8,26.9,26.8,26.9,26.9,26.7,26.7,26.8,26.9,26.8,26.8,26.9,26.7,26.9,26.8,26.6,26.8,26.7,26.8,26.7,26.6,26.9,26.8,26.7,26.7,26.8,26.7,26.8,26.7,26.8,26.7,26.7,26.6,26.7,26.6,26.7,26.5,26.4,26.3,26.4,26.4,26.4,26.4,26.2,26.2,26.4,26.3,26.5,26.3,26.6,26.5,26.6,26.4,26.3,26.3,26.5,26.5,26.6,26.6,26.7,26.8,26.8,27.1,27.3,27.2,27.2,27.1,27.0,27.2,27.0,27.0,27.1,27.2,27.1,27.3,27.1,27.1,27.2,27.2,27.1,27.2,27.3,27.1,27.4,27.1,27.2,27.1,27.2,27.2,27.2,27.1,27.2,27.1,27.2,27.2,27.3,27.1,27.0,27.1,27.1,27.3,27.0,27.1,27.0,27.1,27.0,27.1,27.1,26.9,27.1,27.2,27.0,27.0,27.1,26.9,26.9,27.0,27.1,27.2,27.1,27.2,27.0,26.9,27.1,27.2,26.9,27.1,27.0,26.8,27.2,27.1,26.9,26.9,27.0
42,26.9,26.8,26.9,26.8,26.9,26.9,26.9,26.7,27.0,26.9,27.0,26.9,26.9,26.9,27.0,27.0,26.9,27.0,27.0,26.8,26.8,27.0,27.0,26.9,26.9,26.9,26.9,26.9,26.9,26.6,26.7,26.2,26.4,26.4,26.3,26.3,26.7,26.8,27.0,26.8,26.9,26.4,26.3,26.4,26.4,26.6,27.0,26.9,26.7,26.8,26.9,26.9,26.8,26.9,26.8,26.8,26.6,26.8,26.7,26.7,26.6,26.6,26.8,26.6,26.6,26.7,26.5,26.6,26.6,26.4,26.5,26.5,26.5,26.5,26.5,26.6,26.4,26.5,26.5,26.4,26.5,26.5,26.4,26.4,26.3,26.4,26.4,26.3,26.3,26.3,26.5,26.5,26.4,26.5,26.4,26.3,26.2,26.4,26.3,26.3,26.5,26.3,26.4,26.3,26.5,26.3,26.4,26.5,26.7,26.6,26.4,26.4,26.3,26.2,26.4,26.4,26.4,26.6,26.7,26.8,27.2,27.3,27.3,27.0,27.2,27.2,27.3,27.1,26.9,27.1,27.0,27.2,27.1,27.3,27.3,27.3,27.4,27.2,27.3,27.2,27.2,27.2,27.1,27.1,27.2,27.3,27.2,27.3,27.3,27.2,27.1,27.3,26.9,27.1,27.1,27.3,27.2,27.1,27.1,27.1,27.2,27.0,27.1,27.1,27.1,27.1,27.0,27.1,27.0,27.2,27.0,27.0,27.2,26.8,27.0,27.0,27.1,26.9,27.0,27.0,27.0,27.0,27.1,27.1,27.1,27.1,26.9,26.9,27.1,26.9,26.8,27.2
43,26.9,27.1,26.9,26.9,26.9,26.9,26.9,26.9,27.0,26.9,26.9,27.0,26.9,27.1,26.9,26.9,27.0,27.0,27.1,27.0,27.1,27.0,27.1,27.0,27.1,26.9,27.0,26.7,26.9,26.5,26.4,26.1,26.3,26.3,26.2,26.3,26.4,26.6,26.6,26.7,26.5,26.4,26.4,26.2,26.6,26.6,26.7,26.7,26.7,26.6,26.5,26.4,26.7,26.9,26.8,26.4,26.5,26.6,26.4,26.4,26.4,26.5,26.4,26.3,26.4,26.4,26.3,26.3,26.3,26.2,26.4,26.3,26.3,26.3,26.2,26.4,26.1,26.3,26.2,26.3,26.3,26.1,26.2,26.3,26.4,26.1,26.1,26.2,26.3,26.1,26.2,26.2,26.3,26.3,26.2,26.2,26.2,26.2,26.3,26.3,26.3,26.5,26.3,26.3,26.4,26.5,26.6,26.9,26.8,26.8,26.6,26.4,26.2,26.2,26.2,26.4,26.6,26.6,26.7,27.1,27.8,28.0,27.7,27.2,27.5,27.8,27.7,27.3,26.9,27.0,27.1,27.1,27.0,27.3,27.0,27.2,27.2,27.3,27.2,27.2,27.1,27.3,27.1,27.2,27.2,27.3,27.2,27.1,27.1,27.2,27.3,27.2,27.1,27.2,27.2,27.1,27.1,27.2,26.9,27.2,27.1,27.1,27.1,27.0,27.1,27.1,27.1,27.1,27.2,27.1,27.1,27.2,27.1,27.1,27.1,27.1,27.0,27.0,27.0,27.1,27.1,27.1,27.1,27.0,27.2,27.1,26.9,26.9,27.1,26.9,26.9,27.0
44,26.9,26.9,26.9,27.1,26.8,27.0,26.8,26.8,26.9,27.0,27.1,26.9,26.8,26.9,27.0,26.9,27.0,26.9,27.1,26.9,27.1,27.1,26.9,26.9,27.0,27.0,26.8,26.7,26.7,26.5,26.2,26.2,26.1,26.2,26.1,26.2,26.4,26.3,26.4,26.5,26.7,26.4,26.5,26.3,26.4,26.3,26.9,26.6,26.5,26.3,26.4,26.5,26.4,26.4,26.6,26.5,26.4,26.3,26.3,26.3,26.4,26.3,26.3,26.2,26.4,26.3,26.3,26.3,26.2,26.2,26.2,26.2,26.2,26.1,26.2,26.3,26.1,26.0,26.2,26.2,26.2,26.2,26.1,26.1,26.2,26.2,26.2,26.1,26.1,25.9,26.0,26.3,26.3,26.2,26.2,26.4,26.2,26.5,26.5,26.5,26.6,26.4,26.5,26.5,26.4,26.4,26.6,26.9,26.8,26.7,26.4,26.5,26.3,26.2,26.3,26.6,26.6,26.6,27.0,27.3,28.0,28.5,27.8,27.3,27.6,28.5,28.1,27.5,26.9,27.0,27.2,27.0,27.1,27.2,27.1,27.1,27.2,27.1,27.2,27.1,27.2,27.1,27.2,27.3,27.2,27.3,27.2,27.1,27.2,27.1,27.2,27.1,27.1,27.2,27.2,27.1,27.0,27.3,27.1,27.1,27.0,27.0,27.1,27.1,27.1,27.0,27.1,27.0,27.1,27.1,27.0,27.0,27.1,27.2,27.1,27.1,27.1,27.2,27.1,26.9,27.0,27.1,27.0,27.0,27.1,27.0,27.1,27.1,27.0,27.0,27.0,26.9
45,27.0,27.1,26.9,26.9,27.0,27.0,27.0,26.6,27.0,27.0,26.9,27.1,27.0,26.9,26.9,27.1,27.1,26.9,27.2,27.0,27.1,27.0,27.0,27.1,26.8,27.0,26.8,26.8,26.6,26.4,26.3,26.1,26.2,26.2,26.2,26.2,26.2,26.4,26.1,26.2,26.3,26.3,26.3,26.2,26.1,26.2,26.3,26.5,26.4,26.4,26.4,26.4,26.3,26.3,26.6,26.5,26.4,26.3,26.1,26.3,26.2,26.4,26.3,26.2,26.2,26.2,26.1,26.1,26.2,26.1,26.3,26.1,26.0,26.1,26.2,26.2,26.0,26.1,26.1,26.3,26.2,26.2,26.1,26.2,26.3,26.1,26.2,26.3,26.2,26.1,26.2,26.2,26.2,26.3,26.4,26.2,26.4,26.4,26.5,26.5,26.4,26.6,26.6,26.6,26.5,26.5,26.7,27.0,26.9,26.6,26.5,26.4,26.3,26.2,26.5,26.4,26.5,26.6,27.2,27.7,28.1,28.2,27.4,27.1,27.6,28.5,28.1,27.4,27.0,26.9,27.0,27.0,27.1,27.1,27.3,27.2,27.4,27.1,27.3,27.1,27.2,27.2,27.2,27.3,27.1,27.3,27.2,27.3,27.2,27.3,27.3,27.3,27.1,27.2,27.2,27.2,27.2,27.1,27.1,27.1,27.0,27.1,27.1,27.0,27.1,27.0,27.1,27.1,27.1,27.1,27.1,27.1,27.0,27.0,27.0,27.1,27.0,27.0,27.1,27.1,27.0,27.1,27.2,27.1,27.1,26.9,27.1,27.0,27.1,26.9,27.0,27.0
46,27.0,26.8,27.0,26.8,27.0,27.0,26.9,27.1,27.1,27.0,26.9,27.0,26.9,27.0,26.9,27.0,26.9,26.9,27.0,26.8,27.0,26.9,27.1,26.9,27.0,27.2,27.0,26.8,26.4,26.3,26.3,26.3,26.3,26.0,26.1,26.2,26.3,26.2,26.4,26.2,26.3,26.1,26.2,26.2,26.4,26.2,26.3,26.3,26.3,26.5,26.6,26.5,26.4,26.3,26.4,26.6,26.4,26.3,26.3,26.3,26.4,26.5,26.2,26.2,26.2,26.1,26.2,26.2,26.1,26.0,26.2,26.2,26.0,26.0,26.1,26.2,26.0,26.2,26.2,26.3,26.2,26.0,26.1,26.3,26.2,26.3,26.1,26.1,26.1,26.3,26.0,26.2,26.4,26.3,26.2,26.4,26.4,26.5,26.5,26.5,26.5,26.5,26.8,26.6,26.5,26.6,26.5,26.9,26.8,26.6,26.6,26.4,26.5,26.5,26.4,26.4,26.5,26.6,27.2,27.6,27.8,27.8,27.2,27.3,27.6,28.0,27.9,27.5,26.9,26.8,26.9,27.0,27.1,27.0,27.1,27.0,27.1,27.1,27.1,27.0,27.0,27.1,27.1,27.2,27.1,27.3,27.1,27.3,27.1,27.3,27.3,27.2,27.1,27.1,27.2,27.2,27.1,27.0,27.1,27.3,27.2,27.2,27.2,26.9,27.1,27.1,27.1,27.0,26.9,27.1,26.9,27.0,27.1,27.0,27.1,26.9,27.0,27.0,27.0,27.1,27.0,27.1,27.1,27.0,27.1,27.1,26.9,26.9,26.8,26.9,27.0,27.0
47,26.8,26.9,26.9,27.0,27.0,26.9,26.8,26.9,27.1,27.0,27.0,27.1,26.9,26.9,26.8,26.8,27.0,27.0,27.0,27.0,27.0,26.8,27.0,27.0,26.8,27.1,27.0,26.6,26.5,26.4,26.2,26.3,26.1,26.2,26.3,26.0,26.1,26.2,26.3,26.2,26.2,26.1,26.1,26.2,26.1,26.1,26.2,26.3,26.2,26.5,26.6,26.4,26.4,26.4,26.3,26.5,26.1,26.3,26.3,26.3,26.3,26.5,26.4,26.1,26.3,26.2,26.1,26.2,26.2,26.1,26.2,26.2,26.3,26.2,26.1,26.3,26.1,26.2,26.3,26.2,26.1,26.1,26.2,26.1,26.2,26.2,26.4,26.2,26.3,26.2,26.1,26.2,26.2,26.3,26.4,26.5,26.4,26.6,26.6,26.6,26.7,26.8,27.0,26.6,26.6,26.6,26.7,26.6,26.6,26.7,26.6,26.6,26.6,26.6,26.7,26.5,26.4,26.6,26.9,27.0,27.0,27.5,27.5,27.4,27.8,27.8,27.5,27.1,26.7,26.9,27.0,27.1,27.1,27.0,27.1,27.1,27.1,27.2,27.2,27.1,27.3,27.3,27.2,27.2,27.2,27.3,27.3,27.2,27.3,27.2,27.1,27.3,27.1,27.1,27.1,27.1,27.2,27.1,27.0,27.2,27.1,27.3,27.1,27.1,27.2,27.1,27.2,27.1,27.0,27.1,27.0,27.0,27.1,26.9,27.0,26.9,27.1,26.9,27.1,27.1,27.1,27.1,27.1,26.9,26.9,27.1,27.0,27.2,27.0,27.0,26.9,27.0
48,26.7,27.0,26.8,26.9,27.0,26.9,26.9,27.0,27.1,26.9,26.8,26.9,26.9,27.0,26.9,27.0,27.1,27.1,27.0,26.9,26.9,26.9,27.0,26.9,27.1,26.9,26.9,26.8,26.6,26.5,26.3,26.2,26.2,26.2,26.1,26.3,26.0,26.1,26.0,26.2,26.1,25.9,26.2,26.1,26.1,25.9,26.2,26.2,26.3,26.5,26.2,26.4,26.5,26.2,26.3,26.4,26.4,26.1,26.3,26.3,26.4,26.6,26.4,26.3,26.4,26.2,26.2,26.2,26.3,26.5,26.2,26.2,26.2,26.3,26.2,26.2,26.2,26.3,26.2,26.4,26.4,26.2,26.4,26.2,26.4,26.4,26.6,26.3,26.3,26.2,26.1,26.3,26.4,26.3,26.4,26.5,26.6,26.9,26.9,26.9,27.1,27.1,27.1,27.1,27.1,26.8,27.1,27.1,26.9,26.9,27.0,26.9,26.9,26.8,26.6,26.6,26.5,26.5,26.6,26.7,27.0,27.1,27.4,27.5,27.5,27.3,27.1,26.9,26.7,26.7,27.0,27.1,27.0,27.0,27.0,27.0,27.3,27.2,27.1,27.2,27.2,27.2,27.1,27.2,27.2,27.3,27.2,27.2,27.2,27.1,27.2,27.2,27.3,27.3,27.1,27.2,27.2,27.2,27.1,27.0,27.1,27.1,27.0,27.1,27.0,27.2,27.2,26.9,27.1,26.9,27.1,27.0,27.1,27.0,27.0,27.0,27.1,27.1,27.0,27.0,27.1,26.9,26.9,26.8,27.1,27.0,27.0,27.2,27.0,26.9,27.0,27.1
49,26.8,27.1,27.1,26.9,27.0,27.0,26.9,27.1,26.9,27.0,26.9,27.0,27.0,27.0,27.0,27.0,27.0,27.0,27.1,27.0,27.0,27.0,26.8,27.0,27.1,26.8,27.0,26.9,26.8,26.6,26.3,26.2,26.2,26.2,26.3,26.3,26.0,26.2,26.0,25.9,26.2,26.1,26.2,26.1,26.2,26.1,26.2,26.2,26.3,26.4,26.5,26.3,26.4,26.4,26.3,26.3,26.2,26.4,26.4,26.3,26.4,26.6,26.5,26.3,26.4,26.4,26.4,26.3,26.3,26.2,26.4,26.2,26.3,26.4,26.3,26.3,26.2,26.3,26.4,26.6,26.3,26.3,26.3,26.6,26.7,26.8,26.9,26.5,26.5,26.4,26.3,26.3,26.4,26.4,26.6,26.7,27.2,27.4,27.4,27.5,27.6,27.6,27.5,27.6,27.8,27.7,27.7,27.8,27.7,27.7,27.7,27.7,27.7,27.6,27.1,26.8,26.5,26.6,26.6,27.1,27.6,27.9,27.8,27.8,27.8,27.6,27.4,27.1,26.8,26.8,27.0,26.9,27.0,27.0,27.0,27.2,27.3,27.1,27.1,27.1,27.1,27.3,27.3,27.2,27.3,27.3,27.2,27.2,27.2,27.3,27.3,27.4,27.3,27.3,27.2,27.3,27.1,27.2,27.1,27.2,27.3,27.1,27.2,27.2,27.2,27.1,27.1,27.1,27.2,27.2,27.0,27.1,27.1,27.1,27.1,27.1,27.2,27.1,27.1,27.1,27.0,27.1,27.1,27.1,26.9,27.1,27.1,27.0,26.9,27.0,27.0,26.9
50,27.1,26.9,26.9,27.1,27.0,27.0,27.0,26.9,27.1,27.0,26.9,27.1,26.9,26.9,26.8,26.9,26.9,26.9,26.9,26.8,26.9,27.0,27.0,26.9,27.0,27.0,26.9,26.9,26.6,26.5,26.2,26.2,26.2,26.3,26.4,26.3,26.3,26.1,26.2,26.1,26.3,26.0,26.1,26.2,26.2,26.2,26.2,26.3,26.4,26.3,26.4,26.3,26.4,26.4,26.4,26.2,26.2,26.3,26.2,26.3,26.3,26.3,26.4,26.3,26.2,26.4,26.3,26.4,26.4,26.3,26.3,26.2,26.4,26.1,26.2,26.3,26.3,26.3,26.5,26.4,26.5,26.3,26.4,26.6,27.1,27.3,27.2,26.9,26.5,26.3,26.3,26.3,26.2,26.5,26.7,27.1,27.7,28.1,28.2,28.3,28.2,28.3,28.6,28.5,28.7,28.8,28.7,28.7,28.6,28.6,28.4,28.4,28.3,28.2,27.5,27.1,26.6,26.6,27.0,27.4,28.1,28.4,28.5,28.4,28.4,28.1,27.7,27.3,26.9,27.0,26.8,27.0,26.9,27.1,27.0,27.1,27.2,27.1,27.1,27.2,27.2,27.2,27.2,27.1,27.2,27.2,27.2,27.2,27.2,27.1,27.1,27.3,27.2,27.1,27.1,27.1,27.1,27.1,27.1,27.1,27.1,27.2,27.1,27.1,27.1,27.1,27.2,27.0,27.0,26.9,27.0,27.1,27.1,27.0,27.0,27.0,27.1,27.0,27.2,27.0,26.9,26.9,27.1,27.0,27.2,27.0,27.1,27.0,27.0,26.8,27.0,27.1
51,26.8,27.0,27.1,26.9,26.8,27.1,27.0,26.9,27.0,27.0,26.9,26.9,27.0,26.9,27.0,27.0,27.0,27.0,26.9,27.0,27.0,27.0,26.9,27.0,27.0,27.0,26.9,26.8,26.7,26.6,26.3,26.4,26.5,26.4,26.4,26.6,26.4,26.5,26.3,26.3,26.3,26.2,26.3,26.4,26.2,26.4,26.3,26.4,26.6,26.5,26.4,26.4,26.3,26.3,26.2,26.3,26.2,26.4,26.3,26.3,26.2,26.3,26.4,26.3,26.4,26.2,26.2,26.3,26.2,26.3,26.3,26.2,26.2,26.2,26.1,26.2,26.2,26.3,26.4,26.6,26.6,26.3,26.6,26.7,27.3,28.1,27.9,27.3,26.6,26.3,26.4,26.3,26.3,26.6,26.8,27.6,28.3,29.0,29.2,29.3,29.4,29.5,29.6,29.5,29.7,29.7,29.8,29.6,29.6,29.6,29.4,29.3,29.3,29.0,28.0,27.2,26.9,26.8,27.3,28.1,28.7,28.6,28.0,28.1,28.5,28.7,28.3,27.8,27.0,26.9,27.0,27.0,27.1,27.0,26.9,27.1,27.3,27.0,27.2,27.2,27.2,27.3,27.2,27.2,27.1,27.3,27.1,27.2,27.2,27.2,27.2,27.3,27.2,27.3,27.2,27.3,27.2,27.1,27.1,27.1,27.1,27.0,27.2,27.0,27.1,27.1,27.1,27.1,27.3,27.3,27.1,27.1,27.1,26.9,27.1,27.0,27.1,27.2,27.2,26.9,26.9,27.0,27.1,27.0,27.0,26.9,26.9,27.0,26.9,27.0,27.1,27.0
52,26.9,27.0,26.9,26.9,26.9,27.0,27.1,26.9,26.9,26.9,27.1,27.0,27.1,27.1,26.9,27.1,27.1,27.0,27.0,26.9,27.1,27.0,27.0,26.9,27.1,27.1,26.9,26.7,26.7,26.7,26.6,26.6,26.7,26.7,26.8,26.9,27.0,26.9,26.7,26.5,26.4,26.4,26.4,26.6,26.8,26.6,26.7,26.6,27.0,26.9,26.7,26.4,26.5,26.3,26.2,26.2,26.3,26.4,26.3,26.2,26.1,26.2,26.3,26.2,26.4,26.3,26.2,26.3,26.3,26.3,26.3,26.2,26.4,26.1,26.3,26.2,26.2,26.3,26.6,26.6,26.4,26.5,26.6,26.7,27.5,28.2,28.3,27.4,26.9,26.5,26.2,26.2,26.4,26.7,27.1,28.0,29.1,29.7,30.1,30.1,30.2,30.2,30.3,30.2,30.4,30.5,30.2,30.3,30.2,30.0,29.8,29.7,29.8,29.7,28.5,27.5,27.2,26.9,27.6,28.7,28.6,27.8,27.5,27.3,27.8,28.5,28.9,28.0,27.0,27.0,26.9,26.9,26.9,27.1,27.1,27.0,27.1,27.1,27.2,27.1,27.2,27.2,27.1,27.2,27.3,27.3,27.2,27.3,27.3,27.1,27.3,27.2,27.1,27.2,27.3,27.3,27.2,27.1,27.1,27.2,27.2,27.1,26.9,27.0,27.0,27.1,27.2,27.0,26.9,27.0,26.9,27.1,27.0,27.1,27.1,27.0,27.1,27.0,27.1,27.1,26.9,26.9,27.1,26.6,27.0,26.9,26.9,27.0,26.9,26.8,27.0,27.0
53,26.9,27.0,27.1,27.0,26.9,27.0,27.0,27.0,27.1,27.0,26.9,27.0,26.9,27.1,27.0,26.9,27.2,27.1,27.2,26.9,26.9,27.0,26.8,27.0,27.1,27.1,26.9,26.8,26.8,26.9,26.9,27.1,27.1,27.1,27.0,27.3,27.5,27.7,27.2,26.7,26.5,26.4,26.4,26.7,27.0,27.1,27.1,26.9,27.1,27.4,27.5,27.0,26.6,26.3,26.1,26.3,26.1,26.4,26.2,26.3,26.3,26.4,26.3,26.3,26.4,26.4,26.3,26.3,26.4,26.2,26.4,26.3,26.1,26.3,26.1,26.2,26.3,26.3,26.6,26.6,26.7,26.6,26.6,26.7,27.3,27.9,28.0,27.4,26.7,26.4,26.2,26.3,26.4,26.8,27.4,28.0,29.4,30.2,30.2,30.5,30.5,30.6,30.5,30.4,30.5,30.4,30.5,30.7,30.5,30.2,29.8,29.5,29.8,29.7,28.6,27.7,27.2,27.0,27.7,28.6,28.2,27.7,27.2,27.3,27.3,28.3,29.0,28.3,27.2,26.9,26.9,26.9,27.0,27.2,27.1,27.2,27.2,27.1,27.1,27.3,27.3,27.2,27.2,27.1,27.3,27.2,27.2,27.2,27.1,27.2,27.1,27.1,27.1,27.2,27.2,27.2,27.2,27.1,27.1,27.3,27.1,27.1,27.1,27.3,27.0,27.2,27.3,27.1,27.1,27.1,27.2,27.2,27.1,26.9,27.1,27.1,27.1,27.1,27.2,27.1,27.0,26.9,27.1,27.0,27.0,27.1,27.0,27.0,27.1,26.9,26.8,26.9
54,26.9,27.0,26.9,26.9,27.1,27.1,27.2,27.0,27.1,26.9,27.0,27.1,27.0,26.9,27.0,26.9,27.0,27.0,27.0,27.1,27.1,27.0,27.0,27.0,27.1,27.1,27.0,27.0,26.9,26.9,27.2,27.3,27.6,27.6,27.3,27.3,27.6,28.2,28.0,27.2,26.6,26.6,26.8,27.0,27.2,27.5,27.5,27.0,27.2,27.5,27.7,27.2,26.9,26.5,26.2,26.2,26.1,26.3,26.3,26.4,26.2,26.2,26.3,26.4,26.4,26.2,26.3,26.2,26.3,26.3,26.2,26.2,26.2,26.3,26.5,26.4,26.2,26.2,26.5,26.5,26.6,26.6,26.7,26.5,26.8,27.1,27.3,26.9,26.6,26.3,26.2,26.4,26.4,26.6,27.4,28.2,29.4,30.2,30.4,30.6,30.6,30.7,30.5,30.5,30.6,30.5,30.6,30.5,30.5,30.2,29.6,29.4,29.9,29.7,28.9,27.8,27.2,27.0,27.7,28.3,28.2,27.8,27.5,27.3,27.5,28.3,28.9,28.1,27.3,26.9,26.9,26.9,26.9,27.0,27.0,27.1,27.1,27.1,27.1,27.1,27.1,27.2,27.1,27.2,27.1,27.1,27.3,27.3,27.1,27.2,27.3,27.2,27.1,27.1,27.2,27.1,27.2,27.2,27.2,27.1,27.1,27.1,27.2,27.1,27.2,27.1,27.1,27.0,27.0,27.0,27.1,26.9,26.9,27.0,27.2,26.9,26.9,27.0,27.0,27.0,27.0,27.0,27.2,27.0,26.9,26.9,26.9,27.0,27.0,26.9,27.0,26.9
55,26.9,27.0,27.0,27.0,26.9,26.8,26.9,26.9,27.2,27.0,27.0,27.0,26.9,27.1,26.9,27.0,27.1,27.2,26.9,27.0,27.2,27.1,27.0,27.0,27.1,27.1,27.0,26.9,26.8,27.1,27.2,27.5,27.7,27.6,27.1,27.1,27.4,27.8,28.0,27.4,26.9,26.8,26.8,27.1,27.5,27.8,27.3,27.2,27.1,27.4,27.6,27.4,27.1,26.6,26.3,26.3,26.2,26.2,26.3,26.3,26.3,26.3,26.3,26.2,26.3,26.2,26.3,26.1,26.2,26.2,26.2,26.3,26.4,26.3,26.3,26.3,26.2,26.3,26.4,26.4,26.5,26.4,26.5,26.4,26.5,26.6,26.5,26.4,26.5,26.3,26.4,26.3,26.4,26.9,27.1,28.2,29.2,30.2,30.6,30.6,30.5,30.6,30.5,30.4,30.7,30.6,30.6,30.6,30.5,30.2,30.0,30.0,30.1,29.7,28.9,28.0,27.2,26.8,27.4,28.1,28.4,27.8,27.6,27.5,27.8,28.6,28.5,27.9,26.9,26.8,26.9,26.9,27.1,26.9,27.1,27.0,27.1,27.1,27.0,27.1,27.0,27.3,27.1,27.1,27.0,27.2,27.1,27.3,27.1,27.3,27.3,27.2,27.0,27.2,27.3,27.0,27.1,27.2,27.1,27.2,27.2,27.1,27.0,27.1,27.0,27.2,27.2,27.1,27.0,27.1,26.9,27.0,27.0,27.0,27.0,26.9,27.0,27.1,27.0,27.1,27.1,27.0,27.1,26.8,27.0,27.0,26.8,26.9,26.9,26.9,26.8,27.0
56,26.8,26.9,26.9,27.0,27.0,26.9,26.9,27.0,27.0,27.0,27.0,27.0,26.9,27.1,27.1,27.0,27.1,26.9,27.0,27.1,26.9,27.0,27.1,26.9,27.2,27.0,26.9,26.9,27.0,26.9,27.4,27.7,27.8,27.4,27.0,27.2,27.4,27.6,27.9,27.4,26.9,26.7,26.7,26.9,27.3,27.7,27.5,27.0,26.9,27.1,27.3,27.2,27.0,26.6,26.4,26.2,26.3,26.2,26.1,26.3,26.3,26.2,26.2,26.3,26.2,26.3,26.4,26.2,26.2,26.3,26.2,26.3,26.3,26.2,26.3,26.3,26.2,26.2,26.3,26.3,26.4,26.3,26.2,26.2,26.4,26.3,26.3,26.4,26.3,26.4,26.3,26.4,26.6,27.0,27.3,28.1,29.4,30.2,30.4,30.6,30.6,30.6,30.6,30.6,30.5,30.6,30.5,30.4,30.4,30.2,30.2,30.3,30.1,29.9,28.9,27.9,27.3,26.6,26.8,27.5,28.1,27.8,27.7,27.8,27.9,28.3,28.0,27.1,26.7,26.8,26.8,26.9,27.0,26.9,27.0,27.2,27.1,27.0,27.1,27.0,27.2,27.2,27.2,27.1,27.1,27.3,27.2,27.3,27.1,27.1,27.3,27.3,27.2,27.1,27.1,27.1,27.3,27.1,27.0,27.2,27.1,27.0,27.0,27.2,27.3,26.9,27.1,27.1,27.1,27.3,26.9,27.0,27.0,27.1,27.1,27.2,26.9,27.0,27.0,26.9,26.9,27.1,27.2,27.0,27.0,27.0,26.7,27.0,26.9,26.9,26.9,27.0
57,26.8,26.8,26.9,26.9,27.0,27.1,26.9,26.9,27.1,27.1,26.9,27.1,27.1,27.1,27.1,27.1,27.1,27.1,27.1,26.9,27.0,26.9,27.1,27.1,27.1,27.2,27.0,27.1,27.1,27.1,27.4,27.9,27.9,27.5,27.1,27.1,27.5,27.7,27.8,27.6,27.1,26.8,26.7,26.9,27.0,27.2,27.2,26.9,26.8,26.9,26.9,26.8,26.8,26.4,26.2,26.2,26.2,26.3,26.2,26.3,26.1,26.2,26.1,26.3,26.1,26.3,26.3,26.3,26.2,26.2,26.2,26.3,26.1,26.2,26.1,26.3,26.2,26.2,26.1,26.2,26.3,26.3,26.2,26.4,26.4,26.4,26.1,26.4,26.3,26.3,26.3,26.5,26.5,26.8,27.2,28.1,29.3,30.0,30.4,30.5,30.5,30.5,30.5,30.6,30.6,30.5,30.4,30.2,30.3,30.2,30.3,30.1,30.2,29.9,29.0,28.0,27.3,26.9,26.7,26.7,27.0,27.5,27.3,27.4,27.8,27.5,27.1,26.9,26.5,26.5,26.6,27.0,26.8,26.9,27.0,26.9,27.1,27.1,27.1,27.1,27.1,27.1,27.2,27.1,27.0,27.1,27.1,27.1,27.0,27.3,27.2,27.2,27.1,27.1,27.2,27.2,27.1,27.2,27.3,27.1,27.1,27.1,27.0,27.1,27.1,27.1,27.1,27.1,27.0,27.1,27.0,27.0,26.8,27.1,27.1,27.0,26.9,27.0,26.9,26.9,27.0,26.9,27.1,27.0,27.0,27.1,27.0,27.0,26.9,26.8,26.9,27.1
58,26.9,26.9,27.1,27.1,27.0,27.1,27.0,26.9,27.0,27.1,27.1,27.0,27.1,27.2,26.9,27.0,27.0,27.0,27.1,27.0,27.0,27.1,27.1,27.3,27.4,27.2,27.2,27.2,27.1,27.4,27.5,28.1,28.3,27.8,27.7,27.6,27.5,27.8,28.0,27.6,27.4,27.3,26.9,26.8,26.6,26.6,26.8,26.5,26.5,26.6,26.6,26.4,26.5,26.6,26.5,26.4,26.3,26.3,26.3,26.4,26.4,26.2,26.2,26.3,26.2,26.2,26.3,26.2,26.2,26.2,26.3,26.3,26.2,26.3,26.2,26.2,26.1,26.2,26.2,26.3,26.4,26.3,26.2,26.3,26.3,26.3,26.4,26.2,26.3,26.4,26.3,26.3,26.5,26.9,27.3,28.2,29.4,30.0,30.3,30.5,30.3,30.5,30.4,30.6,30.5,30.6,30.4,30.4,30.3,30.2,30.4,30.2,30.2,30.1,29.0,27.8,27.3,26.7,26.7,26.5,26.6,26.5,26.6,26.7,26.7,26.8,26.5,26.4,26.4,26.5,26.6,26.8,27.0,26.7,27.0,27.0,27.0,27.1,27.2,27.1,27.1,27.1,27.1,27.2,27.2,27.2,27.2,27.3,27.1,27.3,27.0,27.1,27.2,27.2,27.1,27.2,27.1,27.1,27.2,27.2,27.0,27.1,27.1,27.0,27.1,27.2,27.2,27.1,27.3,27.0,27.0,26.9,27.3,27.1,26.9,27.1,27.1,27.1,27.1,26.9,27.1,27.1,27.1,27.1,27.0,27.0,27.0,26.7,27.1,26.8,27.1,26.9
59,27.0,26.9,26.9,27.0,26.9,27.1,27.1,27.0,27.2,27.0,27.1,27.3,27.0,27.1,26.9,27.1,27.2,27.0,26.9,27.1,27.2,27.3,27.6,27.6,27.8,27.7,27.8,27.8,27.7,27.9,27.8,28.2,28.4,28.2,28.2,27.8,27.8,27.6,27.8,27.8,27.8,27.6,27.4,26.9,26.5,26.4,26.3,26.3,26.4,26.2,26.3,26.4,26.5,26.4,26.4,26.3,26.3,26.2,26.3,26.3,26.3,26.3,26.2,26.1,26.3,26.2,26.2,26.2,26.1,26.2,26.2,26.2,26.4,26.2,26.2,26.3,26.2,26.1,26.2,26.2,26.3,26.2,26.2,26.2,26.2,26.2,26.2,26.3,26.2,26.3,26.4,26.4,26.5,26.9,27.5,28.0,29.5,30.0,30.5,30.3,30.4,30.3,30.4,30.4,30.6,30.3,30.4,30.4,30.2,30.5,30.3,30.2,30.2,30.1,29.0,27.9,27.2,26.9,26.4,26.2,26.2,26.4,26.3,26.4,26.3,26.2,26.0,26.1,26.2,26.4,26.8,26.8,26.9,26.9,26.9,26.9,27.1,26.9,27.0,26.9,27.0,27.1,27.1,27.2,27.1,27.3,27.3,27.2,27.2,27.2,27.3,27.1,27.3,27.1,27.1,27.1,27.0,27.2,27.2,27.1,27.2,27.2,27.2,27.1,27.2,27.1,27.1,27.2,27.2,27.3,27.0,27.0,27.2,26.9,26.9,27.1,27.1,27.1,27.0,27.0,27.0,27.1,27.1,27.0,27.1,26.9,27.0,27.0,26.9,26.9,27.1,27.0
60,27.1,26.9,27.1,27.0,27.0,27.1,27.1,27.1,27.1,27.2,27.0,27.2,27.1,27.3,27.0,26.9,27.1,27.1,27.1,27.0,27.2,27.7,27.7,28.1,28.2,28.4,28.5,28.3,28.5,28.6,28.5,28.8,28.7,28.7,28.8,28.7,28.2,27.9,27.5,27.6,27.7,27.7,27.8,27.1,26.6,26.4,26.3,26.3,26.3,26.4,26.4,26.3,26.4,26.4,26.4,26.3,26.5,26.1,26.2,26.3,26.4,26.3,26.2,26.2,26.3,26.1,26.2,26.2,26.2,26.2,26.1,26.2,26.2,26.2,26.1,26.2,26.1,26.1,26.0,26.3,26.2,26.2,26.2,26.2,26.2,26.1,26.3,26.2,26.2,26.1,26.4,26.4,26.6,26.9,27.2,28.1,29.1,30.0,30.2,30.2,30.4,30.3,30.4,30.2,30.4,30.4,30.3,30.4,30.4,30.3,30.3,30.3,30.2,29.9,29.1,27.9,27.3,26.7,26.2,26.2,26.2,26.3,26.0,26.0,26.2,26.0,26.2,26.2,26.3,26.5,26.6,26.9,26.9,26.9,27.0,27.1,27.0,27.0,27.2,27.1,27.1,27.3,27.2,27.2,27.2,27.2,27.2,27.2,27.3,27.3,27.2,27.2,27.3,27.2,27.3,27.0,27.2,27.2,27.1,27.2,27.1,27.0,27.1,27.2,27.1,27.2,27.1,27.0,27.0,27.1,27.1,27.0,27.1,27.0,27.1,26.9,27.1,27.0,27.0,27.0,27.0,27.1,27.1,26.9,27.2,26.9,26.8,26.9,27.0,26.9,26.9,27.0
61,27.1,26.9,27.1,26.9,27.0,27.1,27.0,27.0,27.1,27.2,27.2,27.1,27.1,27.1,27.0,27.0,27.0,27.2,26.9,27.1,27.5,27.7,28.2,28.4,28.8,28.9,28.7,28.8,28.9,28.8,28.8,28.9,28.8,28.9,29.0,29.0,28.6,28.3,27.8,27.8,27.5,27.6,27.5,27.1,26.8,26.4,26.4,26.1,26.4,26.2,26.4,26.4,26.5,26.3,26.2,26.2,26.3,26.3,26.3,26.2,26.0,26.3,26.3,26.0,26.2,26.3,26.3,26.2,26.2,26.2,26.1,26.3,26.3,26.2,26.0,26.2,26.1,26.2,26.2,26.1,26.3,26.4,26.2,26.2,26.3,26.2,26.2,26.2,26.2,26.2,26.4,26.3,26.4,26.7,27.1,28.0,29.0,30.0,30.2,30.3,30.2,30.4,30.4,30.4,30.4,30.3,30.4,30.5,30.3,30.4,30.4,30.3,30.1,30.0,29.1,28.0,27.3,26.8,26.4,26.3,26.2,26.0,26.4,26.2,26.0,26.0,26.1,26.2,26.4,26.4,26.8,26.8,26.8,27.0,27.1,27.1,27.0,27.1,27.0,27.2,27.1,27.2,27.1,27.2,27.1,27.2,27.2,27.2,27.3,27.2,27.2,27.3,27.4,27.2,27.2,27.1,27.1,27.1,27.3,27.2,27.2,27.3,27.2,27.2,27.1,27.1,27.1,27.1,27.1,27.1,27.0,27.1,27.1,27.1,27.1,27.1,27.1,27.2,27.0,27.1,27.0,27.0,27.0,26.8,27.1,27.1,27.0,27.2,27.0,26.9,27.1,27.1
62,27.1,27.1,27.0,27.1,27.1,27.1,27.0,27.1,27.0,27.1,27.0,27.1,26.9,27.1,27.1,27.0,26.9,27.1,27.0,27.3,27.3,27.8,28.4,28.8,29.0,28.8,28.8,28.7,28.8,28.6,28.6,28.6,28.6,28.8,28.8,28.9,28.9,28.7,28.1,28.1,27.8,27.6,27.0,26.5,26.4,26.3,26.4,26.1,26.2,26.0,26.3,26.2,26.3,26.3,26.2,26.3,26.2,26.2,26.1,26.2,26.2,26.3,26.1,26.2,26.2,26.2,26.2,26.2,26.2,26.2,26.2,26.2,26.3,26.3,26.1,26.1,26.2,26.2,26.3,26.2,26.1,26.3,26.2,26.2,26.2,26.2,26.2,26.2,26.2,26.2,26.2,26.4,26.5,26.8,27.1,28.0,29.1,30.0,30.2,30.4,30.3,30.3,30.3,30.4,30.4,30.2,30.3,30.3,30.4,30.2,30.4,30.3,30.1,30.0,29.2,28.0,27.4,26.7,26.5,26.2,26.1,26.1,26.2,26.1,26.2,26.0,26.0,26.2,26.3,26.3,26.5,26.9,26.9,27.0,27.1,27.1,27.0,27.1,26.9,27.1,27.0,27.1,27.1,27.1,27.0,27.1,27.1,27.1,27.2,27.1,27.3,27.1,27.2,27.4,27.1,27.2,27.2,27.2,27.2,27.2,27.1,27.0,27.2,27.1,27.2,27.1,27.1,27.1,27.1,27.1,27.2,27.1,27.2,27.0,27.1,27.0,27.0,27.1,27.1,27.0,26.9,27.1,27.1,27.0,26.9,27.0,27.0,26.9,26.9,26.9,26.9,26.9
63,26.9,26.9,27.2,26.9,27.0,27.2,27.0,27.1,27.1,27.0,27.1,27.2,27.1,27.1,27.3,27.0,27.1,27.0,27.1,27.2,27.4,27.8,28.1,28.8,29.0,29.1,28.9,28.5,28.6,28.5,28.3,28.2,28.3,28.3,28.8,29.0,29.1,28.9,29.0,28.6,28.1,27.5,26.6,26.4,26.4,26.3,26.3,26.3,26.1,26.1,26.2,26.3,26.2,26.2,26.2,26.2,26.4,26.2,26.2,26.2,26.2,26.4,26.4,26.4,26.5,26.2,26.3,26.3,26.3,26.2,26.2,26.3,26.3,26.1,26.2,26.2,26.2,26.2,26.3,26.3,26.1,26.2,26.4,26.2,26.3,26.2,26.2,26.0,26.3,26.1,26.3,26.5,26.5,26.8,27.3,27.8,28.8,29.9,30.3,30.2,30.5,30.4,30.4,30.4,30.4,30.4,30.4,30.3,30.3,30.3,30.3,30.2,30.3,30.1,29.1,28.0,27.4,26.7,26.4,26.2,26.1,26.0,25.9,26.2,26.2,26.1,25.9,26.1,26.2,26.5,26.7,26.8,26.9,26.9,27.0,26.9,27.1,27.0,27.1,27.1,27.1,27.2,27.1,27.2,27.2,27.3,27.3,27.2,27.1,27.4,27.3,27.0,27.2,27.3,27.3,27.3,27.1,27.2,27.1,27.2,27.2,27.3,27.0,27.3,27.1,27.0,27.2,27.2,27.1,27.1,27.0,27.1,27.0,27.0,27.0,27.1,27.2,27.3,27.0,27.1,27.0,26.9,27.1,27.1,27.0,27.0,27.1,27.1,27.1,26.9,27.0,27.1
64,27.1,27.1,26.9,26.9,27.0,27.1,27.1,26.9,27.1,27.2,27.2,27.3,27.0,27.0,27.2,27.3,27.1,27.2,27.1,27.3,27.3,27.8,28.2,28.9,29.1,29.0,29.0,28.8,28.5,28.5,28.1,27.8,27.7,27.8,28.2,28.7,29.0,29.0,28.9,28.7,28.1,27.4,26.5,26.3,26.3,26.2,26.3,26.3,26.2,26.3,26.3,26.3,26.2,26.2,26.1,26.2,26.3,26.4,26.2,26.4,26.2,26.2,26.3,26.2,26.3,26.2,26.2,26.2,26.2,26.3,26.2,26.2,26.2,26.1,26.2,26.2,26.2,26.1,26.3,26.2,26.2,26.2,26.2,26.2,26.3,26.2,26.3,26.2,26.1,26.3,26.2,26.4,26.4,26.9,27.0,27.8,28.9,29.8,29.9,30.2,30.3,30.4,30.4,30.3,30.3,30.2,30.3,30.3,30.2,30.1,30.1,30.0,30.0,29.9,29.3,28.2,27.4,26.8,26.5,26.3,25.9,26.0,26.0,26.2,26.0,26.0,25.9,26.0,26.2,26.3,26.6,26.7,26.6,26.9,26.9,27.1,26.9,27.1,27.0,27.1,27.2,27.2,27.0,27.2,27.1,27.1,27.1,27.3,27.2,27.1,27.2,27.2,27.2,27.2,27.2,27.3,27.1,27.1,27.1,27.2,27.1,27.1,27.1,27.1,27.3,27.2,27.1,27.0,27.0,27.1,27.0,26.9,27.1,27.2,27.0,27.1,27.2,27.0,26.9,27.0,27.0,27.0,26.9,27.0,27.1,27.0,26.7,27.1,27.1,27.1,27.0,27.0
65,27.0,27.0,27.1,27.0,27.0,27.2,27.1,27.1,27.2,27.1,27.1,27.0,27.1,27.1,27.1,27.0,27.1,27.2,27.3,27.2,27.8,27.8,28.2,28.7,29.2,29.1,28.9,28.9,28.9,28.7,28.4,28.3,28.2,28.0,28.2,28.7,29.1,29.1,29.0,28.9,28.4,27.7,26.6,26.2,26.3,26.2,26.3,26.2,26.3,26.2,26.2,26.3,26.3,26.4,26.2,26.1,26.2,26.4,26.3,26.3,26.3,26.2,26.3,26.3,26.3,26.2,26.2,26.2,26.2,26.2,26.2,26.3,26.1,26.2,26.1,26.3,26.4,26.1,26.2,26.2,26.0,26.2,26.1,26.2,26.2,26.2,26.2,26.2,26.2,26.2,26.3,26.3,26.4,26.6,27.1,27.9,28.8,29.6,30.1,30.2,30.2,30.5,30.4,30.3,30.2,30.3,30.2,30.2,30.2,30.3,30.1,30.0,30.1,29.9,29.2,28.0,27.4,26.7,26.4,26.2,26.0,26.2,26.2,26.2,26.2,26.0,25.9,26.2,26.4,26.4,26.7,26.9,26.9,26.8,26.9,27.0,27.1,27.1,27.1,26.9,27.0,27.3,27.1,27.3,27.0,27.2,27.2,27.3,27.2,27.3,27.1,27.3,27.1,27.1,27.1,27.2,27.3,26.9,27.1,27.1,27.2,27.1,27.1,27.2,27.1,27.2,27.0,27.1,27.1,27.1,27.0,27.1,27.1,26.9,27.2,27.2,27.1,27.0,27.3,27.0,27.0,27.0,27.1,27.0,27.1,27.1,27.0,27.0,26.9,26.8,27.1,27.0
66,27.1,26.9,27.0,27.1,27.1,27.1,27.1,27.0,27.1,27.1,27.0,27.2,27.0,27.1,27.3,27.3,27.2,27.3,27.3,27.2,27.4,27.8,28.3,28.8,29.0,29.0,28.8,28.9,28.8,28.8,28.6,28.8,28.6,28.2,28.6,28.7,29.0,29.3,29.2,28.8,28.2,27.5,26.8,26.2,26.6,26.5,26.4,26.3,26.2,26.3,26.4,26.2,26.3,26.3,26.4,26.4,26.2,26.2,26.3,26.3,26.3,26.2,26.2,26.2,26.3,26.3,26.1,26.2,26.2,26.2,26.2,26.2,26.2,26.2,26.2,26.2,26.1,26.1,26.2,26.2,26.2,26.2,26.2,26.2,26.2,26.2,26.2,26.1,26.1,26.1,26.3,26.2,26.6,26.6,27.0,27.6,28.6,29.2,29.6,30.0,29.9,30.0,30.1,30.0,29.9,30.0,30.0,30.0,30.0,29.8,29.8,29.8,29.8,29.6,29.0,28.0,27.3,26.8,26.4,26.1,26.0,26.1,26.1,26.2,26.0,25.8,26.1,26.0,26.3,26.3,26.5,26.7,26.9,26.9,26.9,27.0,27.1,27.1,27.2,27.1,27.0,27.1,27.1,27.1,27.1,27.2,27.1,27.2,27.2,27.3,27.1,27.2,27.2,27.2,27.2,27.2,27.1,27.1,27.2,27.1,27.1,26.9,27.3,27.1,27.1,27.1,27.2,27.2,27.0,27.1,27.0,27.1,27.1,27.0,27.1,27.0,27.1,27.2,27.0,27.1,27.0,27.1,27.1,27.2,27.0,27.0,26.9,27.0,27.2,27.0,27.0,26.9
67,27.4,27.0,27.1,27.2,27.1,27.3,27.2,27.1,27.1,27.1,27.2,27.2,27.0,27.2,27.1,27.2,27.3,27.1,27.1,27.4,27.7,28.0,28.5,29.0,29.1,29.2,28.9,28.7,28.6,28.7,28.6,28.7,28.8,28.8,28.8,29.1,29.1,29.2,29.1,28.8,28.2,27.6,26.9,26.4,26.4,26.7,26.4,26.4,26.3,26.4,26.4,26.3,26.2,26.4,26.3,26.4,26.4,26.3,26.2,26.4,26.3,26.2,26.3,26.2,26.2,26.4,26.3,26.0,26.2,26.2,26.2,26.2,26.2,26.1,26.1,26.3,26.3,26.2,26.2,26.2,26.1,26.2,26.2,26.1,26.3,26.4,26.1,26.0,26.2,26.3,26.2,26.3,26.5,26.7,26.8,27.3,28.0,28.8,29.0,29.2,29.2,29.2,29.2,29.3,29.3,29.3,29.3,29.2,29.4,29.2,29.3,29.2,29.1,29.1,28.4,27.6,27.1,26.8,26.4,26.2,26.1,26.0,26.2,26.2,26.0,26.1,26.0,26.1,26.2,26.3,26.6,26.7,26.8,26.9,26.9,27.1,27.1,27.1,27.1,27.1,27.1,27.2,27.1,27.2,27.2,27.3,27.2,27.2,27.2,27.3,27.3,27.2,27.1,27.3,27.2,27.3,27.3,27.3,27.1,27.1,27.2,27.2,27.3,27.2,27.1,27.1,27.0,27.1,27.0,27.1,27.1,27.1,27.0,27.0,27.1,27.0,27.1,27.2,27.0,26.9,27.1,27.1,27.0,27.1,27.1,27.0,27.0,26.9,27.1,27.0,26.9,27.0
68,27.2,27.0,27.1,27.0,27.2,27.2,27.2,27.1,27.2,27.3,27.1,27.4,27.1,27.2,27.2,27.2,27.1,27.3,27.3,27.4,27.6,28.1,28.5,29.1,29.2,29.2,29.0,29.0,28.9,28.9,29.0,29.2,29.0,29.2,29.1,29.3,29.2,29.2,28.9,28.8,28.2,27.6,26.8,26.7,26.5,26.6,26.6,26.3,26.3,26.3,26.2,26.2,26.2,26.4,26.2,26.2,26.3,26.3,26.2,26.4,26.2,26.2,26.4,26.3,26.2,26.3,26.3,26.3,26.3,26.1,26.2,26.2,26.1,26.2,26.3,26.2,26.1,26.2,26.3,26.2,26.2,26.2,26.2,26.3,26.1,26.3,26.1,26.1,26.1,26.3,26.2,26.3,26.2,26.5,26.7,27.1,27.4,28.1,28.3,28.3,28.4,28.5,28.5,28.5,28.6,28.4,28.5,28.5,28.3,28.3,28.2,28.3,28.4,28.2,27.8,27.3,26.9,26.5,26.4,26.2,26.2,25.9,26.0,25.9,26.1,26.0,25.9,25.9,26.2,26.2,26.5,26.6,26.8,27.0,27.0,27.1,27.0,27.1,27.1,27.1,27.1,27.2,27.3,27.0,27.2,27.1,27.3,27.2,27.3,27.3,27.3,27.1,27.2,27.2,27.1,27.1,27.1,27.1,27.2,26.9,27.3,27.1,27.2,27.2,27.2,27.1,27.2,27.0,27.2,27.0,27.0,27.2,27.1,27.1,27.0,27.0,27.1,27.1,27.0,27.0,27.2,27.0,27.1,27.0,26.9,26.9,26.9,27.0,27.0,26.9,27.0,26.9
69,27.0,27.0,26.9,27.1,27.2,27.2,27.2,27.1,27.2,27.0,27.1,27.1,27.2,27.0,27.2,27.2,27.2,27.1,27.2,27.3,27.6,28.0,28.5,29.1,29.2,29.1,29.2,29.2,29.2,29.3,29.2,29.4,29.3,29.2,29.2,29.2,29.2,29.3,29.0,28.9,28.1,27.6,26.7,26.6,26.4,26.5,26.5,26.4,26.3,26.2,26.4,26.3,26.4,26.5,26.4,26.4,26.2,26.2,26.4,26.2,26.2,26.2,26.2,26.2,26.2,26.2,26.2,26.3,26.2,26.1,26.2,26.0,26.1,26.0,26.0,26.2,26.0,26.1,26.0,26.2,26.1,26.0,26.1,26.1,26.1,26.0,26.2,26.2,26.2,26.2,26.2,26.2,26.3,26.2,26.3,26.6,26.9,27.3,27.4,27.3,27.4,27.5,27.4,27.3,27.2,27.3,27.3,27.1,27.3,27.1,27.1,27.3,27.2,27.2,26.9,26.6,26.5,26.5,26.3,26.0,25.9,26.0,26.0,26.1,26.1,25.8,25.9,26.0,26.1,26.4,26.4,26.4,26.6,26.6,26.9,26.9,26.9,27.0,27.0,27.1,27.1,27.2,27.3,27.2,27.3,27.1,27.2,27.0,27.1,27.1,27.2,27.2,27.1,27.1,27.1,27.2,27.0,27.3,27.1,27.2,27.1,27.2,27.2,27.0,27.1,27.0,27.2,27.1,27.1,27.1,26.9,27.0,27.0,27.0,27.0,27.0,26.9,26.9,27.2,27.0,26.9,27.0,27.0,27.1,27.0,26.9,26.8,26.9,26.9,26.9,27.0,27.3
70,27.1,27.0,27.2,27.0,26.9,27.2,27.2,27.2,27.3,27.2,27.1,27.2,27.1,27.3,27.1,27.2,27.2,27.2,27.3,27.2,27.6,28.0,28.6,29.0,29.3,29.3,29.2,29.5,29.4,29.3,29.3,29.4,29.4,29.3,29.4,29.2,29.3,29.1,29.1,28.8,28.2,27.5,26.9,26.7,26.6,26.6,26.6,26.4,26.3,26.2,26.4,26.4,26.2,26.3,26.2,26.3,26.3,26.3,26.1,26.1,26.2,26.3,26.2,26.2,26.2,26.3,26.2,26.1,26.4,26.2,26.1,26.2,26.0,26.2,26.2,26.3,26.0,26.1,26.2,26.1,26.2,26.2,26.1,26.0,26.2,26.2,26.2,26.2,26.0,26.1,26.0,26.1,26.2,26.2,26.3,26.3,26.5,26.6,26.9,27.0,27.0,26.9,26.9,26.9,26.8,26.9,26.9,26.8,26.8,26.9,26.9,26.8,26.8,26.7,26.6,26.5,26.5,26.5,26.5,26.1,26.0,26.1,26.0,26.2,26.1,25.9,26.0,26.1,26.2,26.2,26.6,26.6,26.9,26.8,26.8,26.9,26.9,27.0,27.1,27.0,27.1,27.3,27.2,27.2,27.2,27.2,27.1,27.2,27.1,27.1,27.2,27.1,27.3,27.1,27.2,27.1,27.1,27.3,27.1,27.2,27.2,27.1,27.1,27.0,27.1,27.1,27.1,27.1,27.2,27.1,27.0,27.1,27.1,27.1,27.1,26.9,27.0,27.0,27.2,27.1,27.0,27.0,26.9,27.0,27.0,26.9,26.9,27.1,26.9,26.9,27.1,27.1
71,27.0,27.1,27.2,27.0,27.1,27.3,27.2,27.2,27.3,27.3,27.2,27.2,27.3,27.3,27.3,27.2,27.3,27.3,27.3,27.4,27.8,28.2,28.6,29.1,29.5,29.3,29.5,29.2,29.4,29.5,29.4,29.4,29.3,29.4,29.3,29.3,29.2,29.3,29.1,28.8,28.3,27.7,26.9,26.6,26.6,26.6,26.7,26.3,26.3,26.3,26.4,26.3,26.3,26.4,26.3,26.3,26.3,26.4,26.2,26.3,26.3,26.3,26.2,26.2,26.3,26.3,26.2,26.1,26.3,26.2,26.2,26.2,26.3,26.3,26.2,26.3,26.2,26.1,26.2,26.3,26.2,26.2,26.1,26.2,26.2,26.1,26.3,26.2,26.1,26.2,26.2,26.1,26.3,26.2,26.3,26.3,26.4,26.7,26.8,26.7,26.7,26.9,26.8,26.8,26.7,26.8,26.7,26.9,26.7,26.7,26.5,26.7,26.7,26.6,26.7,26.5,26.6,26.6,26.4,26.3,26.1,26.1,26.2,26.0,26.0,26.0,26.0,26.0,26.2,26.3,26.6,26.7,26.8,26.9,27.0,27.0,26.7,27.1,27.0,27.0,27.1,27.2,27.3,27.2,27.0,27.3,27.2,27.3,27.2,27.3,27.3,27.2,27.2,27.2,27.2,27.3,27.2,27.1,27.1,27.1,27.2,27.2,27.0,27.2,27.1,27.1,27.1,27.1,27.3,27.0,27.1,26.9,27.1,27.1,27.0,27.0,27.1,27.2,27.1,27.2,27.0,27.0,27.1,27.1,27.0,26.9,27.0,27.0,26.9,27.0,27.1,27.0
72,27.0,27.0,27.2,27.1,27.1,27.3,27.2,27.2,27.1,27.3,27.3,27.2,27.3,27.3,27.3,27.3,27.3,27.2,27.3,27.3,27.6,28.1,28.5,29.1,29.2,29.4,29.2,29.3,29.2,29.4,29.4,29.5,29.4,29.3,29.4,29.3,29.2,29.2,29.2,28.8,28.2,27.4,26.9,26.7,26.6,26.6,26.5,26.4,26.4,26.4,26.3,26.3,26.2,26.3,26.3,26.4,26.3,26.4,26.2,26.3,26.3,26.3,26.2,26.1,26.3,26.1,26.3,26.2,26.2,26.1,26.2,26.4,26.3,26.1,26.0,26.2,26.1,26.1,26.2,26.2,26.2,26.3,26.2,26.0,26.4,26.2,26.3,26.3,26.4,26.1,26.1,26.2,26.4,26.2,26.2,26.3,26.2,26.4,26.5,26.6,26.5,26.4,26.4,26.6,26.6,26.8,26.7,26.8,26.6,26.6,26.5,26.5,26.5,26.4,26.5,26.6,26.6,26.5,26.5,26.3,26.1,25.9,26.1,26.0,25.9,25.9,25.9,25.9,26.0,26.2,26.5,26.6,26.8,26.9,26.9,27.0,26.9,27.0,27.1,27.0,27.1,27.2,27.0,27.2,27.2,27.3,27.2,27.1,27.1,27.2,27.1,27.2,27.1,27.2,27.4,27.3,27.2,27.2,27.2,27.1,27.2,27.2,27.0,27.1,27.2,27.1,27.1,27.0,27.3,27.2,27.0,27.1,27.0,27.0,27.0,27.1,27.1,27.3,26.9,27.0,27.1,27.1,27.2,27.1,27.1,27.0,27.0,26.8,27.0,26.9,27.1,27.1
73,27.2,27.2,27.1,27.3,27.0,27.3,27.2,27.3,27.2,27.2,27.1,27.2,27.2,27.3,27.1,27.3,27.2,27.3,27.3,27.4,27.8,28.1,28.6,29.1,29.2,29.1,29.2,29.4,29.3,29.2,29.3,29.3,29.3,29.3,29.2,29.3,29.2,29.3,29.0,28.7,28.2,27.6,26.8,26.6,26.6,26.6,26.5,26.4,26.3,26.4,26.1,26.3,26.3,26.3,26.3,26.2,26.3,26.3,26.3,26.4,26.1,26.3,26.0,26.2,26.2,26.3,26.2,26.2,26.3,26.1,26.1,26.1,26.2,26.1,26.0,26.2,26.1,26.2,26.2,26.3,26.2,26.2,26.1,26.1,26.2,26.2,26.2,26.2,26.2,26.2,26.3,26.4,26.0,26.2,26.2,26.3,26.4,26.2,26.5,26.6,26.4,26.3,26.3,26.6,26.7,26.9,27.0,27.0,27.0,26.9,26.7,26.6,26.4,26.5,26.6,26.6,26.9,26.9,26.6,26.2,26.0,26.1,25.8,26.1,25.9,25.8,26.1,26.0,26.1,26.2,26.5,26.6,26.7,26.8,27.0,26.9,26.9,27.0,27.1,27.1,27.1,27.1,27.1,27.1,27.3,27.2,27.3,27.1,27.2,27.3,27.2,27.2,27.2,27.2,27.3,27.2,27.2,27.2,27.1,27.3,27.2,27.1,27.1,27.2,27.1,27.1,27.1,27.1,27.0,27.2,27.0,27.1,27.2,27.2,27.1,27.0,27.1,27.2,27.2,27.0,27.0,27.1,27.2,27.0,27.0,27.1,27.0,27.0,26.9,26.9,27.1,27.0
74,27.1,27.2,27.2,27.1,27.2,27.1,27.3,27.2,27.1,27.2,27.3,27.4,27.3,27.4,27.3,27.3,27.3,27.3,27.2,27.5,27.6,28.1,28.7,29.2,29.3,29.2,29.2,29.2,29.2,29.2,29.3,29.2,29.1,29.2,29.2,29.3,29.3,29.1,29.0,28.8,28.2,27.6,26.8,26.7,26.6,26.5,26.4,26.5,26.3,26.2,26.2,26.2,26.3,26.3,26.2,26.2,26.2,26.4,26.3,26.2,26.3,26.2,26.3,26.1,26.2,26.2,26.2,25.9,26.2,26.1,26.0,26.2,26.2,26.2,26.1,26.2,26.2,26.1,26.1,26.1,26.2,26.1,26.1,26.0,26.2,26.0,26.1,26.2,26.2,26.1,26.1,26.2,26.2,26.3,26.2,26.2,26.2,26.2,26.1,26.3,26.4,26.3,26.3,26.8,27.1,27.3,27.5,27.5,27.4,27.4,27.1,26.7,26.4,26.4,26.5,26.6,26.7,26.7,26.6,26.4,26.0,26.0,26.0,25.9,26.0,25.9,25.8,25.9,26.0,26.2,26.4,26.6,26.9,26.8,26.8,26.9,27.0,26.9,27.1,26.9,27.0,27.2,27.1,27.1,27.1,27.3,27.1,27.3,27.2,27.3,27.3,27.2,27.1,27.2,27.1,27.1,27.2,27.1,27.3,27.2,27.2,27.1,27.3,27.2,27.2,26.9,27.2,27.1,27.2,27.1,27.2,27.1,27.1,27.0,26.9,27.0,27.1,27.0,27.0,27.0,27.0,26.9,27.0,27.1,27.1,27.1,27.1,26.8,27.0,27.0,27.1,27.1
75,27.2,27.1,27.3,27.1,27.1,27.2,27.1,27.3,27.3,27.4,27.4,27.3,27.3,27.4,27.3,27.3,27.3,27.4,27.3,27.6,27.8,28.4,28.8,29.0,29.1,29.0,29.0,29.0,29.1,28.8,29.0,28.9,29.0,29.1,29.2,29.2,29.3,29.4,29.2,28.8,28.2,27.5,26.9,26.6,26.4,26.5,26.4,26.3,26.2,26.1,26.2,26.3,26.3,26.3,26.3,26.3,26.2,26.3,26.1,26.2,26.4,26.2,26.3,26.2,26.3,26.2,26.3,26.1,26.2,26.1,26.0,26.2,26.1,26.2,26.2,26.1,26.2,26.2,26.2,26.1,26.3,26.1,26.1,26.2,26.1,26.2,26.1,26.1,26.0,26.2,26.2,26.2,26.2,26.3,26.2,26.3,26.2,26.2,26.2,26.2,26.1,26.4,26.6,27.1,27.5,27.9,28.0,27.9,28.1,28.1,27.8,27.3,26.8,26.7,26.7,26.6,26.8,26.8,26.4,26.2,26.2,26.0,26.0,26.0,26.1,25.9,26.0,26.1,26.3,26.2,26.5,26.7,26.8,26.7,26.9,26.8,26.9,27.1,26.9,27.1,27.1,27.3,27.1,27.2,27.0,27.3,27.3,27.3,27.3,27.2,27.3,27.3,27.2,27.3,27.3,27.4,27.2,27.4,27.2,27.1,27.3,27.2,27.1,27.1,27.4,27.1,27.2,27.1,27.0,27.2,27.1,27.1,27.1,27.1,27.1,27.2,27.0,27.1,27.1,27.1,27.0,27.1,26.9,27.0,27.1,27.1,27.0,27.0,26.9,26.9,26.9,27.0
76,27.1,27.0,27.3,27.1,27.1,27.3,27.5,27.3,27.2,27.3,27.3,27.2,27.3,27.3,27.3,27.3,27.4,27.5,27.3,27.6,27.8,28.2,28.6,29.1,29.3,28.9,28.8,28.6,28.6,28.6,28.4,28.4,28.6,28.9,29.0,29.3,29.1,29.2,29.0,28.7,28.2,27.5,26.9,26.7,26.6,26.6,26.4,26.2,26.2,26.1,26.2,26.2,26.3,26.3,26.2,26.2,26.4,26.2,26.3,26.3,26.3,26.2,26.3,26.1,26.0,26.3,26.2,26.2,26.2,26.3,26.2,26.1,25.9,26.4,26.1,26.2,26.1,26.3,26.1,26.4,26.2,26.2,26.3,25.9,26.4,26.2,26.1,26.2,26.2,26.2,26.2,26.1,26.2,26.2,26.2,26.3,26.2,26.3,26.2,26.2,26.2,26.5,27.0,27.5,28.0,28.3,28.0,28.0,28.1,28.4,28.2,27.6,27.1,26.6,26.5,26.4,26.5,26.6,26.6,26.3,25.9,25.9,25.9,26.2,26.1,25.9,25.8,25.9,26.1,26.3,26.4,26.6,26.7,26.7,27.0,26.9,26.8,27.0,27.1,26.9,27.0,27.2,27.0,27.2,27.2,27.3,27.2,27.3,27.3,27.1,27.2,27.3,27.3,27.1,27.3,27.0,27.1,27.3,27.2,27.2,27.1,27.2,27.2,27.2,27.1,27.3,27.2,27.2,27.1,27.2,27.0,27.0,27.2,27.2,27.0,27.0,27.1,27.3,27.0,27.0,27.1,27.1,27.0,27.1,27.1,27.0,26.9,27.0,27.1,26.9,26.9,26.9
77,27.1,27.3,27.4,27.4,27.2,27.3,27.5,27.3,27.3,27.5,27.4,27.3,27.3,27.3,27.3,27.3,27.4,27.4,27.5,27.5,27.8,28.3,28.8,29.2,29.2,29.1,28.8,28.6,28.6,28.4,28.2,28.0,28.1,28.2,28.8,29.2,29.3,29.4,29.1,28.8,28.2,27.6,26.9,26.8,26.7,26.6,26.6,26.3,26.2,26.2,26.4,26.4,26.3,26.4,26.4,26.4,26.2,26.5,26.3,26.4,26.4,26.4,26.2,26.3,26.2,26.4,26.3,26.2,26.3,26.2,26.2,26.3,26.2,26.2,26.2,26.1,26.1,26.1,26.2,26.2,26.2,26.2,26.1,25.9,26.1,26.2,26.2,26.2,26.2,26.2,26.2,26.2,26.3,26.2,26.2,26.2,26.1,26.4,26.1,26.2,26.4,26.5,27.1,27.8,28.3,28.0,27.6,27.5,27.7,28.2,28.4,27.9,27.2,26.7,26.4,26.4,26.3,26.4,26.2,26.3,26.0,25.9,25.9,26.1,26.0,26.2,26.0,25.7,26.1,26.2,26.4,26.6,26.6,26.8,26.9,26.8,27.1,26.9,27.1,27.0,27.0,27.2,27.0,27.2,27.0,27.2,27.2,27.2,27.3,27.2,27.1,27.3,27.1,27.2,27.2,27.1,27.3,27.3,27.2,27.2,27.3,27.1,27.2,27.1,27.3,27.0,27.3,27.0,27.2,27.2,27.1,27.1,27.3,27.0,27.0,27.1,27.1,27.1,27.2,27.1,27.1,26.9,27.0,27.1,27.2,27.1,26.9,27.0,26.9,26.9,27.0,27.1
78,27.0,27.2,27.2,27.3,27.1,27.2,27.1,27.2,27.5,27.3,27.4,27.4,27.4,27.3,27.2,27.2,27.3,27.4,27.5,27.5,28.0,28.4,28.8,29.2,29.3,29.1,29.0,28.9,28.8,28.7,28.3,28.2,27.9,28.1,28.4,29.0,29.1,29.2,29.0,28.6,28.1,27.5,26.8,26.6,26.7,26.6,26.6,26.3,26.3,26.2,26.2,26.2,26.2,26.3,26.2,26.4,26.2,26.3,26.2,26.3,26.3,26.2,26.0,26.3,26.3,26.3,26.2,26.2,26.2,26.0,26.1,26.1,26.1,26.0,26.1,26.2,26.1,26.2,26.0,26.1,26.1,26.1,26.2,26.0,26.3,26.1,26.2,26.1,26.2,26.2,26.2,26.0,26.1,26.1,26.1,26.2,26.1,26.1,26.1,26.3,26.3,26.5,27.2,27.9,28.2,27.7,27.2,27.2,27.3,27.8,28.4,28.1,27.2,26.6,26.4,26.4,26.3,26.2,26.2,25.9,26.0,25.8,25.9,26.0,26.0,25.9,25.9,26.0,26.1,26.2,26.3,26.5,26.9,26.8,27.0,27.0,26.9,27.1,27.2,26.9,27.0,26.9,27.2,27.2,27.1,27.2,27.2,27.2,27.2,27.1,27.2,27.1,27.1,27.2,27.3,27.1,27.1,27.3,27.2,27.1,27.1,27.1,27.2,27.3,27.2,27.1,27.2,27.1,27.1,27.1,27.1,27.2,27.0,27.1,27.2,27.0,27.0,27.2,27.1,27.0,27.1,27.0,27.1,27.1,27.0,27.1,27.1,27.0,27.1,26.8,27.0,26.7
79,27.2,27.3,27.3,27.4,27.3,27.4,27.2,27.3,27.3,27.4,27.2,27.3,27.2,27.2,27.3,27.4,27.4,27.3,27.4,27.6,27.9,28.2,28.7,29.1,29.1,29.0,28.8,28.8,28.7,28.6,28.5,28.5,28.3,28.3,28.6,28.9,29.1,29.1,29.0,28.7,28.0,27.5,26.8,26.6,26.7,26.5,26.5,26.3,26.3,26.4,26.4,26.4,26.4,26.3,26.3,26.4,26.2,26.3,26.2,26.2,26.1,26.4,26.2,26.2,26.2,26.3,26.1,26.2,26.1,26.3,26.1,26.3,26.1,26.1,26.1,26.0,26.2,26.1,26.1,26.2,26.2,26.0,26.2,26.3,26.2,26.1,26.2,26.2,26.1,26.2,26.1,26.1,26.1,26.1,26.3,26.2,26.1,26.2,26.4,26.3,26.4,26.6,27.3,27.8,28.1,27.8,27.3,27.3,27.2,27.8,28.3,28.0,27.3,26.8,26.2,26.3,26.1,26.1,26.1,26.2,26.1,26.0,26.0,26.1,26.2,25.8,25.8,25.9,26.2,26.2,26.4,26.6,26.6,26.9,26.8,26.9,27.0,26.9,27.1,27.0,27.0,27.1,26.9,27.2,27.1,27.2,27.2,27.2,27.3,27.2,27.2,27.2,27.3,27.2,27.3,27.2,27.1,27.1,27.2,27.0,27.2,27.1,27.2,27.1,27.1,27.1,27.3,27.0,27.2,27.0,27.1,27.1,27.2,27.1,27.1,27.0,27.1,26.9,27.0,26.9,27.1,26.9,27.1,27.1,27.0,27.1,26.9,27.1,27.1,27.0,27.0,27.1
80,27.2,27.2,27.4,27.3,27.2,27.4,27.3,27.1,27.5,27.4,27.3,27.4,27.3,27.4,27.3,27.5,27.3,27.5,27.4,27.8,28.0,28.4,28.8,29.2,29.2,28.9,28.7,28.8,28.4,28.5,28.8,28.5,28.6,28.6,28.9,28.9,28.8,29.0,29.0,28.7,28.3,27.7,27.3,26.5,26.6,26.6,26.5,26.1,26.2,26.3,26.2,26.3,26.3,26.3,26.4,26.3,26.4,26.3,26.2,26.2,26.2,26.2,26.2,26.2,26.3,26.3,26.3,26.2,26.2,26.3,26.2,26.2,26.2,26.2,26.2,26.2,26.1,26.0,26.2,26.2,26.2,26.0,26.1,26.2,26.3,26.2,26.2,26.2,26.1,26.0,26.2,26.2,26.2,26.3,26.1,26.2,26.1,26.2,26.2,26.0,26.1,26.4,27.0,27.8,28.2,27.9,27.6,27.6,27.8,28.0,28.0,27.9,27.1,26.5,26.4,26.4,26.2,26.2,26.4,26.1,26.0,25.9,26.0,26.0,25.9,25.9,26.1,26.0,26.1,26.3,26.4,26.5,26.7,26.6,26.7,27.0,26.9,27.1,27.1,27.0,27.1,27.4,27.2,27.1,27.3,27.3,27.2,27.1,27.3,27.3,27.1,27.2,27.3,27.3,27.3,27.2,27.1,27.2,27.2,27.1,27.3,27.1,27.2,27.2,27.2,27.2,27.2,27.0,27.1,27.1,27.1,27.2,27.2,27.1,27.0,27.1,27.2,27.0,27.0,27.1,27.0,27.1,27.0,27.0,27.0,27.0,27.0,27.1,26.9,26.9,26.9,27.0
81,27.3,27.2,27.3,27.3,27.2,27.5,27.2,27.3,27.3,27.4,27.3,27.2,27.2,27.3,27.3,27.4,27.6,27.3,27.5,27.6,27.8,28.4,28.8,29.2,29.2,29.1,28.8,28.8,28.7,28.8,28.9,29.1,29.1,28.9,29.0,28.7,28.8,28.6,28.6,28.8,28.2,28.1,27.4,26.9,26.7,26.4,26.4,26.3,26.3,26.4,26.3,26.2,26.3,26.4,26.2,26.2,26.3,26.3,26.2,26.3,26.1,26.3,26.4,26.4,26.3,26.3,26.2,26.1,26.3,26.2,26.2,26.2,26.2,26.3,26.2,26.2,26.1,26.2,26.0,26.2,26.1,26.2,26.2,26.0,26.3,26.2,26.2,26.1,26.3,26.0,26.1,26.2,26.2,26.1,26.2,26.3,26.2,26.3,26.3,26.4,26.2,26.4,26.8,27.3,28.0,27.8,27.9,27.9,28.0,27.9,28.0,27.5,26.9,26.5,26.4,26.4,26.3,26.4,26.3,26.2,25.9,26.0,26.0,26.1,26.1,25.9,25.9,25.8,26.0,26.0,26.2,26.6,26.8,26.8,26.9,26.9,27.1,27.0,27.1,27.1,27.2,27.1,27.0,27.2,27.2,27.3,27.2,27.2,27.1,27.3,27.2,27.2,27.3,27.2,27.2,27.2,27.1,27.2,27.3,27.1,27.2,27.1,27.3,27.2,27.1,27.3,27.2,27.1,27.1,27.2,27.1,27.1,27.2,27.2,27.0,27.1,27.1,27.1,27.1,27.1,27.1,27.1,27.1,27.1,27.1,27.1,27.1,27.2,27.0,26.9,27.0,26.9
82,27.2,27.3,27.3,27.2,27.3,27.3,27.4,27.4,27.3,27.3,27.3,27.3,27.3,27.3,27.3,27.4,27.4,27.4,27.3,27.6,27.8,28.2,28.6,29.1,29.2,29.1,29.0,29.1,29.1,29.2,29.1,29.1,29.1,29.1,28.8,28.5,28.4,28.0,28.0,28.3,28.2,28.0,27.6,26.9,26.4,26.3,26.3,26.3,26.1,26.3,26.2,26.3,26.2,26.4,26.3,26.2,26.2,26.3,26.4,26.2,26.1,26.0,26.1,26.2,26.2,26.1,26.2,26.1,26.0,26.2,26.3,26.1,26.2,26.1,26.1,26.1,26.2,26.1,26.0,26.2,26.2,26.1,26.1,26.0,26.2,25.9,26.2,26.1,26.2,26.1,26.1,26.0,26.1,26.2,26.0,26.1,26.1,26.0,26.2,26.0,26.1,26.2,26.3,26.7,27.3,27.7,27.7,27.7,27.9,27.8,27.6,27.3,26.6,26.5,26.7,26.6,26.6,26.5,26.2,26.2,25.9,26.0,26.0,25.9,25.8,25.9,25.8,25.8,25.9,26.1,26.4,26.5,26.6,26.8,26.9,27.0,27.1,27.0,26.9,27.2,27.0,26.9,27.1,27.2,27.1,27.2,27.2,27.2,27.4,27.1,27.2,27.3,27.2,27.3,27.1,27.2,27.1,27.1,27.1,27.1,27.1,27.2,27.2,27.1,27.1,27.2,27.2,27.1,27.1,27.1,27.1,27.0,27.2,27.0,27.1,26.9,27.2,27.1,27.2,27.0,27.1,27.0,27.0,27.0,27.0,27.0,26.9,26.9,27.1,26.8,26.9,27.0
83,27.5,27.4,27.3,27.1,27.4,27.4,27.3,27.4,27.3,27.3,27.3,27.3,27.3,27.4,27.4,27.5,27.6,27.5,27.4,27.6,27.9,28.3,28.6,29.1,29.2,29.0,29.0,29.2,29.2,29.0,28.9,29.0,29.0,28.8,28.8,28.5,28.2,27.8,27.8,27.9,28.1,27.8,27.6,27.0,26.4,26.4,26.4,26.3,26.2,26.3,26.3,26.3,26.2,26.3,26.4,26.3,26.3,26.3,26.2,26.2,26.3,26.4,26.2,26.2,26.2,26.3,26.2,26.2,26.0,26.1,26.2,26.2,26.1,26.2,26.0,26.2,26.0,26.1,26.3,26.2,26.2,26.2,25.9,26.2,26.0,26.1,26.1,26.2,26.2,26.0,26.3,26.3,26.1,26.1,26.1,26.2,26.0,26.1,26.0,26.2,26.2,26.1,26.2,26.3,26.8,27.1,27.3,27.5,27.6,27.2,27.2,26.9,26.6,26.7,27.0,27.1,27.2,27.0,26.7,26.5,26.0,26.0,25.9,25.9,26.0,26.0,25.9,25.8,26.1,26.1,26.4,26.5,26.7,26.7,26.9,26.8,27.0,27.1,27.2,27.0,27.3,27.3,27.1,27.1,27.2,27.1,27.1,27.3,27.1,27.3,27.2,27.2,27.1,27.2,27.2,27.1,27.1,27.3,27.2,27.2,27.2,27.1,27.2,27.3,27.1,27.2,27.1,27.1,27.2,27.3,27.1,27.1,27.1,27.1,27.2,27.2,27.0,27.1,27.1,27.1,27.0,27.1,27.2,27.1,27.0,27.1,27.1,27.1,27.1,27.0,27.2,27.1
84,27.4,27.4,27.2,27.3,27.3,27.4,27.4,27.3,27.4,27.5,27.4,27.3,27.3,27.5,27.4,27.4,27.4,27.5,27.4,27.6,27.8,28.0,28.5,28.7,28.8,28.8,28.8,28.6,28.5,28.4,28.6,28.6,28.6,28.1,28.3,28.1,27.9,27.6,27.4,27.7,27.6,27.4,27.4,26.8,26.4,26.4,26.2,26.4,26.3,26.2,26.4,26.3,26.4,26.2,26.2,26.5,26.2,26.3,26.4,26.2,26.2,26.2,26.3,26.1,26.2,26.3,26.2,26.1,26.4,26.3,26.2,26.3,26.2,26.2,26.1,26.4,26.2,26.0,26.2,26.3,26.1,26.0,26.1,26.0,26.2,26.2,26.2,26.1,26.1,26.1,26.3,26.1,26.1,26.3,26.1,26.2,26.2,26.1,26.0,26.0,26.1,26.2,26.2,26.2,26.5,26.5,26.6,26.7,26.8,26.7,26.8,26.7,26.7,26.9,27.3,27.7,27.6,27.3,27.0,26.3,26.2,26.0,25.9,26.1,26.0,26.0,25.7,25.9,26.1,26.0,26.3,26.5,26.7,26.7,26.9,26.9,26.9,26.9,27.0,27.1,27.0,27.2,27.2,27.2,27.2,27.3,27.1,27.2,27.2,27.3,27.3,27.3,27.3,27.3,27.3,27.3,27.2,27.2,27.4,27.2,27.3,27.3,27.2,27.2,27.3,27.2,27.2,27.2,27.1,27.2,27.1,27.2,27.3,27.1,27.1,27.1,27.0,27.2,27.0,27.1,27.0,27.0,27.1,27.1,27.0,26.9,27.0,27.1,26.9,26.9,27.0,26.9
85,27.3,27.3,27.4,27.3,27.3,27.3,27.2,27.2,27.4,27.4,27.5,27.4,27.3,27.3,27.4,27.5,27.2,27.4,27.5,27.5,27.6,27.7,27.8,28.3,28.2,28.1,28.0,28.0,27.9,27.7,27.6,27.7,27.4,27.4,27.5,27.4,27.3,27.2,27.1,27.2,27.1,27.1,26.8,26.6,26.4,26.3,26.4,26.3,26.2,26.2,26.2,26.3,26.3,26.3,26.2,26.5,26.3,26.3,26.4,26.3,26.3,26.2,26.3,26.3,26.2,26.2,26.3,26.0,26.2,26.3,26.2,26.3,26.2,26.2,26.1,26.1,26.2,26.1,26.1,26.2,26.2,26.0,26.0,26.2,26.2,26.1,26.3,26.2,26.2,26.2,26.1,26.2,26.2,26.2,26.1,26.0,26.1,26.1,26.0,26.1,26.1,26.2,26.1,26.1,26.3,26.4,26.4,26.4,26.3,26.4,26.7,26.7,26.9,27.2,27.6,27.8,27.9,27.5,27.0,26.4,26.2,25.9,25.9,26.1,26.1,26.0,26.1,26.1,26.1,26.2,26.2,26.6,26.6,26.9,26.9,26.9,27.0,27.0,27.1,27.0,27.1,27.3,27.2,27.2,27.1,27.3,27.1,27.1,27.1,27.1,27.2,27.2,27.2,27.3,27.3,27.3,27.3,27.2,27.2,27.2,27.1,27.2,27.2,27.0,27.2,27.1,27.2,27.2,27.1,27.2,27.1,27.1,27.3,27.0,27.1,27.0,27.2,27.1,27.2,27.0,27.1,27.1,27.1,27.1,27.1,27.1,27.0,27.1,27.0,27.0,27.1,27.1
86,27.4,27.3,27.5,27.4,27.3,27.4,27.3,27.5,27.6,27.3,27.5,27.5,27.3,27.4,27.3,27.4,27.3,27.6,27.5,27.5,27.5,27.6,27.6,27.6,27.6,27.7,27.4,27.1,27.0,26.9,26.8,26.9,26.6,26.5,26.5,26.6,26.7,26.6,26.8,26.7,26.7,26.7,26.6,26.4,26.2,26.3,26.5,26.2,26.2,26.3,26.2,26.1,26.2,26.4,26.3,26.3,26.4,26.3,26.4,26.5,26.2,26.2,26.4,26.2,26.2,26.3,26.1,26.3,26.0,26.4,26.2,26.3,26.1,26.2,26.2,26.2,26.3,26.2,26.1,26.1,26.2,26.3,26.0,26.0,26.1,26.0,26.1,26.1,26.2,26.2,26.1,26.1,26.1,26.2,26.2,26.3,26.2,26.2,26.2,26.1,26.0,26.2,26.0,26.1,26.1,26.2,26.0,26.3,26.3,26.3,26.6,26.8,26.8,27.1,27.3,27.8,27.7,27.2,26.9,26.5,26.1,26.0,26.0,26.0,26.0,25.8,25.9,26.0,26.0,26.1,26.2,26.5,26.7,26.8,26.9,26.8,26.9,27.1,27.1,27.1,27.2,27.2,27.2,27.1,27.1,27.2,27.4,27.2,27.3,27.3,27.4,27.2,27.3,27.4,27.1,27.2,27.3,27.2,27.3,27.1,27.3,27.3,27.1,27.2,27.3,27.2,27.1,27.2,27.3,27.2,26.9,27.1,27.1,27.1,27.1,27.1,27.1,27.1,27.1,27.0,27.0,27.1,27.1,27.0,27.2,27.0,27.0,27.0,27.0,27.0,27.1,27.2
87,27.4,27.2,27.3,27.3,27.3,27.5,27.3,27.3,27.5,27.4,27.4,27.4,27.4,27.4,27.5,27.3,27.7,27.4,27.6,27.5,27.4,27.6,27.2,27.3,27.2,27.0,27.1,26.8,26.8,26.5,26.6,26.6,26.4,26.4,26.3,26.3,26.3,26.4,26.4,26.4,26.4,26.7,26.5,26.4,26.4,26.4,26.2,26.3,26.2,26.2,26.1,26.3,26.2,26.3,26.4,26.3,26.3,26.3,26.2,26.2,26.1,26.3,26.2,26.3,26.3,26.4,26.2,26.1,26.3,26.1,26.3,26.2,26.1,26.2,26.1,26.2,26.2,26.2,26.2,26.2,26.1,26.2,26.1,26.2,26.3,26.2,26.3,26.1,26.2,26.0,26.2,26.2,26.2,26.0,26.2,26.2,26.1,26.1,26.2,26.2,26.1,26.2,26.1,26.2,26.1,26.1,26.2,26.2,26.3,26.2,26.4,26.6,26.6,26.9,27.3,27.5,27.3,27.1,26.7,26.5,26.1,26.1,26.0,25.9,25.9,25.8,25.9,25.8,25.9,26.0,26.3,26.6,26.7,26.9,26.9,26.9,27.1,27.0,27.2,27.1,27.0,27.2,27.2,27.1,27.3,27.2,27.2,27.1,27.2,27.4,27.4,27.2,27.3,27.4,27.2,27.4,27.2,27.4,27.2,27.2,27.1,27.1,27.3,27.2,27.3,27.1,27.2,27.2,27.1,27.1,27.2,27.1,27.2,27.0,27.1,27.2,27.2,27.2,26.9,27.0,27.0,27.2,27.2,27.1,27.1,27.2,26.9,27.1,27.1,26.9,27.1,27.1
88,27.1,27.3,27.3,27.3,27.3,27.5,27.4,27.5,27.4,27.4,27.5,27.4,27.4,27.3,27.3,27.3,27.4,27.6,27.4,27.5,27.4,27.4,27.6,27.3,27.4,27.3,27.1,26.8,26.6,26.6,26.4,26.4,26.3,26.4,26.3,26.3,26.3,26.5,26.3,26.3,26.4,26.5,26.5,26.4,26.2,26.3,26.4,26.3,26.3,26.2,26.4,26.1,26.3,26.4,26.3,26.3,26.4,26.3,26.4,26.3,26.3,26.3,26.2,26.2,26.2,26.2,26.3,26.2,26.3,26.2,26.3,26.3,26.2,26.2,26.1,26.1,26.1,26.2,26.3,26.2,26.1,26.2,26.2,26.1,26.2,26.1,26.1,26.2,26.2,26.1,26.3,26.2,26.1,26.2,26.2,26.1,26.0,26.2,26.2,26.2,26.2,26.1,26.2,26.2,26.1,26.3,26.0,26.0,26.2,26.3,26.4,26.6,26.8,26.9,26.9,27.1,27.0,26.8,26.7,26.4,26.0,26.1,25.9,26.2,26.0,25.9,25.7,25.9,26.1,26.2,26.3,26.4,26.6,26.9,27.0,26.9,27.0,27.0,26.9,27.1,27.0,27.2,27.2,27.3,27.2,27.3,27.1,27.2,27.3,27.2,27.1,27.3,27.3,27.3,27.3,27.3,27.3,27.3,27.1,27.1,27.2,27.1,27.2,27.0,27.2,27.2,27.2,27.2,27.2,27.3,27.2,27.3,27.2,27.2,27.1,27.1,27.0,27.1,27.2,27.2,27.1,27.1,27.1,27.0,27.0,27.1,27.0,27.1,27.0,27.1,27.1,27.2
89,27.3,27.3,27.5,27.3,27.3,27.4,27.3,27.4,27.5,27.4,27.4,27.4,27.6,27.3,27.4,27.5,27.4,27.5,27.4,27.5,27.4,27.3,27.3,27.4,27.4,27.1,27.1,26.9,26.6,26.4,26.4,26.5,26.4,26.3,26.3,26.3,26.3,26.4,26.3,26.4,26.5,26.5,26.5,26.3,26.3,26.4,26.4,26.4,26.2,26.2,26.3,26.4,26.3,26.1,26.3,26.3,26.3,26.3,26.3,26.2,26.2,26.1,26.2,26.3,26.1,26.3,26.3,26.2,26.2,26.2,26.2,26.3,26.1,26.2,26.2,26.2,26.4,26.1,26.0,26.1,26.1,26.3,26.1,26.1,26.3,26.2,26.2,26.0,26.1,26.2,26.2,26.2,26.3,26.1,26.0,26.1,26.1,26.1,26.1,25.9,26.1,26.1,26.0,26.1,26.2,26.2,26.1,26.2,26.2,26.2,26.5,26.5,26.6,26.5,26.8,26.5,26.7,26.6,26.7,26.4,26.2,26.0,26.0,26.0,26.1,25.9,25.9,26.1,26.0,26.1,26.3,26.4,26.7,26.7,26.9,26.9,27.0,27.0,27.1,27.1,27.1,27.1,27.2,27.1,27.3,27.2,27.2,27.1,27.2,27.1,27.2,27.2,27.2,27.4,27.2,27.3,27.0,27.3,27.1,27.3,27.1,27.1,27.2,27.1,27.2,27.1,27.2,27.2,27.2,27.2,27.2,27.1,27.0,27.2,27.2,27.2,26.9,27.0,27.0,27.0,27.1,27.2,27.2,27.0,27.1,27.0,27.2,27.2,27.0,27.0,27.0,27.0
90,27.3,27.5,27.5,27.3,27.2,27.5,27.3,27.4,27.4,27.6,27.4,27.5,27.4,27.3,27.3,27.3,27.4,27.5,27.5,27.5,27.5,27.4,27.5,27.3,27.2,27.0,27.0,27.0,26.7,26.3,26.5,26.3,26.5,26.4,26.3,26.2,26.3,26.3,26.4,26.2,26.4,26.5,26.4,26.4,26.3,26.4,26.3,26.4,26.4,26.4,26.3,26.2,26.3,26.3,26.2,26.4,26.3,26.2,26.3,26.4,26.4,26.3,26.3,26.2,26.3,26.2,26.2,26.3,26.2,26.1,26.3,26.2,26.3,26.1,26.4,26.2,26.2,26.2,26.2,26.3,26.2,26.2,26.2,26.1,26.1,26.1,26.1,25.9,26.2,26.2,26.3,26.2,26.1,26.2,26.3,26.3,26.1,26.2,25.9,26.2,25.9,26.1,26.0,26.1,26.2,26.2,26.1,26.1,26.0,26.4,26.7,26.6,26.6,26.8,26.6,26.6,26.7,26.8,26.7,26.4,26.2,26.1,25.9,25.8,26.0,25.9,26.0,25.9,26.0,26.2,26.2,26.5,26.5,26.6,26.8,27.0,27.1,27.0,27.0,26.9,27.1,27.2,27.3,27.3,27.2,27.3,27.1,27.2,27.2,27.3,27.2,27.3,27.4,27.3,27.2,27.2,27.1,27.3,27.3,27.3,27.3,27.2,27.2,27.2,27.3,27.3,27.1,27.2,27.2,27.2,27.1,27.0,27.2,27.2,27.1,27.1,27.1,27.1,27.1,27.2,27.1,27.1,26.9,27.0,27.1,27.1,27.0,27.0,27.1,27.0,27.0,27.0
91,27.3,27.4,27.3,27.3,27.3,27.4,27.5,27.3,27.3,27.4,27.4,27.5,27.4,27.5,27.4,27.3,27.5,27.4,27.3,27.3,27.5,27.3,27.2,27.4,27.2,27.0,27.0,26.9,26.5,26.4,26.5,26.4,26.4,26.4,26.2,26.2,26.4,26.2,26.3,26.2,26.2,26.3,26.1,26.0,26.3,26.3,26.5,26.4,26.5,26.3,26.2,26.3,26.2,26.2,26.2,26.2,26.2,26.2,26.4,26.4,26.2,26.1,26.2,26.2,26.1,26.3,26.1,26.1,26.2,26.2,26.1,26.2,26.3,26.2,26.3,26.1,26.2,26.1,26.2,26.2,26.3,26.2,26.1,26.1,26.1,26.1,26.2,26.3,26.1,26.0,26.1,26.1,26.2,26.1,26.1,26.0,26.1,26.1,26.1,26.0,26.1,26.1,25.9,26.1,26.1,26.0,26.0,26.3,26.1,26.4,26.6,26.7,26.8,26.7,26.6,26.5,26.5,26.8,26.8,26.6,26.2,26.1,25.9,26.0,26.0,25.9,25.9,25.8,25.8,26.1,26.1,26.5,26.6,26.6,26.9,26.9,27.0,26.8,27.1,26.9,27.0,27.3,27.3,27.2,27.1,27.1,27.1,27.4,27.2,27.2,27.2,27.2,27.1,27.2,27.4,27.3,27.3,27.2,27.4,27.2,27.2,27.3,27.3,27.1,27.2,27.2,27.3,27.0,27.1,27.1,27.1,27.1,27.2,27.2,27.1,27.2,27.1,27.1,27.0,27.2,27.0,27.1,27.0,27.0,26.9,27.1,27.0,27.0,27.0,27.0,27.0,27.1
92,27.3,27.3,27.3,27.3,27.3,27.5,27.3,27.5,27.6,27.4,27.4,27.4,27.4,27.5,27.4,27.4,27.3,27.5,27.4,27.4,27.4,27.2,27.3,27.0,27.1,26.9,26.7,26.6,26.4,26.5,26.4,26.4,26.4,26.2,26.2,26.1,26.4,26.2,26.2,26.2,26.2,26.2,26.1,26.0,26.0,26.3,26.4,26.4,26.5,26.3,26.4,26.2,26.3,26.4,26.4,26.3,26.3,26.2,26.1,26.3,26.2,26.2,26.1,26.2,26.2,26.2,26.3,26.2,26.0,26.1,26.2,26.2,26.3,26.2,26.2,26.2,26.2,26.2,26.2,26.3,26.2,26.2,26.0,26.2,26.2,25.9,26.2,26.1,26.2,26.1,26.2,26.1,26.2,26.2,26.1,26.1,26.1,26.1,26.3,26.2,25.9,26.2,26.2,26.1,25.9,26.1,26.1,26.1,26.2,26.4,26.5,26.5,26.7,26.7,26.6,26.4,26.6,26.5,26.6,26.5,26.2,26.0,26.0,26.1,25.9,26.1,26.0,26.0,26.0,25.9,26.2,26.4,26.6,26.8,27.0,26.9,27.2,27.1,27.1,27.1,27.1,27.3,27.2,27.3,27.1,27.3,27.3,27.5,27.3,27.3,27.2,27.3,27.1,27.4,27.2,27.2,27.2,27.2,27.2,27.1,27.3,27.2,27.2,27.2,27.2,27.1,27.1,27.3,27.3,27.3,27.0,27.3,27.2,27.1,27.2,27.2,27.1,27.3,27.1,27.0,27.1,27.1,27.0,27.0,27.0,26.9,27.0,27.1,27.0,27.0,27.1,27.1
93,27.2,27.3,27.2,27.4,27.3,27.3,27.2,27.3,27.5,27.3,27.4,27.4,27.6,27.4,27.4,27.4,27.4,27.4,27.4,27.4,27.3,27.3,27.1,27.2,27.0,26.6,26.5,26.4,26.4,26.2,26.4,26.4,26.4,26.2,26.2,26.1,26.1,26.2,26.1,26.1,26.2,26.1,26.1,26.1,26.2,26.1,26.4,26.2,26.4,26.3,26.4,26.1,26.2,26.3,26.2,26.4,26.2,26.2,26.2,26.4,26.3,26.2,26.3,26.2,26.1,26.4,26.2,26.2,26.3,26.2,26.2,26.2,26.2,26.2,26.2,26.2,26.3,26.0,26.1,26.2,26.1,26.1,26.1,26.2,26.1,25.9,26.0,26.2,26.2,26.2,26.1,26.2,26.2,26.2,26.2,26.1,26.1,26.1,26.1,26.2,26.1,26.3,26.1,26.0,26.1,26.1,26.0,26.1,26.2,26.4,26.5,26.6,26.3,26.6,26.7,26.5,26.6,26.7,26.5,26.4,26.3,26.1,26.1,26.0,25.9,25.8,26.0,25.9,26.1,26.1,26.2,26.5,26.6,26.8,26.9,27.0,27.1,27.0,27.1,27.0,27.2,27.1,27.3,27.3,27.2,27.1,27.2,27.4,27.4,27.2,27.3,27.4,27.1,27.3,27.2,27.2,27.2,27.4,27.2,27.2,27.2,27.3,27.1,27.3,27.2,27.2,27.1,27.2,27.3,27.2,27.2,27.3,27.2,27.0,27.1,27.1,27.0,27.0,27.2,27.0,27.1,27.0,27.1,27.2,27.1,27.1,27.0,27.1,27.0,27.0,27.0,27.1
94,27.4,27.5,27.4,27.4,27.2,27.5,27.5,27.5,27.4,27.5,27.5,27.5,27.5,27.3,27.5,27.5,27.3,27.3,27.6,27.3,27.2,27.1,27.0,26.9,26.7,26.8,26.5,26.4,26.2,26.3,26.1,26.3,26.2,26.2,26.2,26.1,26.1,26.2,26.0,26.1,26.2,26.0,26.2,26.0,26.2,26.1,26.2,26.3,26.2,26.2,26.2,26.3,26.3,26.2,26.3,26.3,26.4,26.3,26.3,26.3,26.3,26.2,26.2,26.3,26.3,26.3,26.3,26.2,26.3,26.2,26.2,26.2,26.2,26.3,26.2,26.3,26.1,26.2,26.3,26.2,26.2,26.1,26.1,26.2,26.1,26.2,25.9,26.1,26.1,26.1,26.2,26.1,26.2,26.2,26.1,26.1,26.3,26.1,26.2,26.2,26.2,26.0,26.0,26.0,26.2,26.1,26.0,26.2,26.2,26.0,26.4,26.5,26.4,26.4,26.4,26.4,26.3,26.4,26.5,26.4,26.3,26.1,26.1,26.1,26.1,26.0,26.0,25.7,26.0,26.1,26.1,26.6,26.6,26.7,26.8,26.8,27.0,26.9,27.1,27.1,27.1,27.1,27.2,27.2,27.1,27.3,27.2,27.2,27.1,27.2,27.3,27.3,27.2,27.3,27.2,27.2,27.2,27.3,27.2,27.3,27.2,27.1,27.1,27.2,27.2,27.2,27.3,27.2,27.2,27.1,27.1,27.1,27.1,27.1,27.1,27.1,27.0,27.1,27.2,27.2,27.2,27.0,27.1,27.2,26.9,27.1,27.1,27.0,27.3,27.1,27.1,27.0
95,27.3,27.3,27.2,27.3,27.3,27.7,27.4,27.4,27.4,27.5,27.5,27.6,27.6,27.4,27.3,27.3,27.4,27.4,27.3,27.2,27.2,27.0,26.6,26.6,26.5,26.4,26.4,26.3,26.3,26.3,26.2,26.1,26.1,26.2,26.2,26.1,26.2,26.1,26.2,26.0,26.2,26.0,26.1,26.2,26.2,26.3,26.3,26.3,26.2,26.3,26.2,26.3,26.3,26.2,26.2,26.3,26.3,26.2,26.3,26.2,26.3,26.4,26.4,26.2,26.2,26.2,26.1,26.4,26.2,26.2,26.2,26.2,26.2,26.2,26.2,26.2,26.3,26.2,26.1,26.1,26.1,26.1,26.1,25.9,26.3,26.1,26.1,26.1,26.1,26.0,26.0,26.0,26.2,26.1,26.3,26.2,26.0,26.0,26.2,26.0,26.2,26.1,26.0,26.1,26.2,26.1,26.2,26.3,26.0,26.1,26.4,26.3,26.2,26.2,26.1,26.4,26.4,26.4,26.5,26.5,26.2,26.3,26.0,26.0,26.1,26.1,26.0,25.8,26.0,26.1,26.2,26.4,26.7,26.8,27.0,27.1,27.0,27.1,27.0,27.1,27.1,27.3,27.3,27.3,27.3,27.3,27.3,27.3,27.3,27.4,27.3,27.2,27.3,27.3,27.4,27.2,27.2,27.3,27.1,27.3,27.1,27.3,27.2,27.2,27.2,27.1,27.1,27.2,27.2,27.1,27.1,27.2,27.2,27.0,27.2,27.1,27.1,27.2,27.1,27.1,27.2,27.0,27.2,27.0,27.1,27.1,27.0,27.3,27.1,27.0,27.1,27.0
96,27.4,27.2,27.5,27.4,27.4,27.4,27.3,27.4,27.3,27.6,27.5,27.4,27.3,27.4,27.4,27.4,27.4,27.3,27.1,27.3,27.0,27.0,26.5,26.4,26.3,26.1,26.3,26.3,26.3,26.4,26.3,26.3,26.1,26.2,26.2,26.1,26.2,26.0,26.0,26.3,26.2,26.2,26.1,26.5,26.1,26.3,26.4,26.3,26.2,26.3,26.2,26.2,26.4,26.4,26.2,26.4,26.2,26.2,26.2,26.2,26.3,26.2,26.4,26.3,26.2,26.2,26.2,26.2,26.2,26.4,26.3,26.4,26.2,26.2,26.3,26.2,26.1,26.3,26.2,26.2,26.2,26.3,26.2,26.2,26.2,26.1,26.4,26.1,26.1,26.1,26.1,26.1,26.0,26.1,26.2,26.1,26.1,26.1,26.1,26.2,26.1,26.2,26.2,26.2,26.2,26.2,26.0,26.1,26.0,26.2,26.3,26.2,26.2,26.2,26.2,26.2,26.3,26.5,26.6,26.4,26.3,26.2,26.0,25.9,26.0,25.9,25.9,25.8,25.9,26.1,26.2,26.4,26.5,26.7,27.0,27.1,26.9,27.2,27.2,27.0,27.1,27.1,27.2,27.2,27.4,27.4,27.3,27.3,27.1,27.4,27.3,27.3,27.3,27.3,27.5,27.3,27.2,27.3,27.3,27.3,27.3,27.1,27.4,27.3,27.3,27.1,27.2,26.9,27.2,27.1,27.2,27.3,27.2,27.3,27.3,27.2,27.2,27.2,27.1,27.1,27.1,27.0,27.1,27.1,27.2,27.0,27.2,27.0,27.1,26.9,27.1,27.0
97,27.4,27.4,27.5,27.4,27.4,27.5,27.4,27.6,27.6,27.5,27.5,27.5,27.3,27.4,27.5,27.5,27.4,27.4,27.4,27.3,27.1,27.0,26.4,26.4,26.3,26.3,26.2,26.4,26.5,26.2,26.2,26.2,26.3,26.2,26.2,26.1,26.2,26.3,26.1,26.1,26.3,26.1,26.1,26.2,26.1,26.3,26.4,26.4,26.2,26.2,26.2,26.2,26.4,26.2,26.4,26.2,26.1,26.4,26.1,26.3,26.4,26.2,26.2,26.2,26.3,26.3,26.3,26.2,26.2,26.2,26.1,26.4,26.3,26.1,26.2,26.2,26.3,26.3,26.3,26.2,26.3,26.2,26.2,26.3,26.2,26.2,26.2,26.0,26.2,26.2,26.1,26.2,26.1,26.2,26.0,26.2,26.1,26.0,26.0,26.2,26.3,26.3,26.2,26.1,26.3,26.1,26.1,26.1,26.1,26.1,26.2,26.1,26.2,26.1,26.2,26.2,26.5,26.4,26.7,26.5,26.3,26.0,26.0,25.9,25.9,26.0,25.8,26.0,26.0,26.0,26.1,26.4,26.5,26.8,26.9,27.1,27.0,26.9,27.3,27.0,27.1,27.1,27.1,27.3,27.3,27.3,27.4,27.3,27.3,27.2,27.3,27.5,27.3,27.3,27.3,27.3,27.2,27.2,27.3,27.3,27.4,27.1,27.0,27.3,27.2,27.0,27.3,27.2,27.2,27.1,27.3,27.3,27.1,27.1,27.1,27.3,27.1,27.3,27.2,27.1,27.1,27.2,27.3,27.0,27.3,27.1,27.1,27.1,27.1,27.0,27.2,27.1
98,27.3,27.2,27.4,27.3,27.3,27.5,27.4,27.5,27.6,27.3,27.4,27.6,27.6,27.4,27.4,27.4,27.4,27.5,27.2,27.1,27.0,26.8,26.6,26.3,26.3,26.3,26.3,26.2,26.3,26.3,26.2,26.1,26.2,26.2,26.2,26.2,26.0,26.2,26.2,26.1,26.2,26.1,26.0,26.1,26.2,26.2,26.2,26.2,26.2,26.3,26.2,26.3,26.2,26.3,26.3,26.2,26.2,26.4,26.2,26.1,26.3,26.2,26.2,26.2,26.3,26.2,26.3,26.2,26.2,26.3,26.3,26.3,26.3,26.2,26.2,26.3,26.3,26.3,26.3,26.5,26.3,26.2,26.2,26.1,26.2,26.2,26.3,26.2,26.3,26.1,26.2,26.1,26.2,26.2,26.0,26.3,26.2,26.1,26.1,25.9,26.2,26.2,26.1,26.2,26.2,26.1,26.2,26.1,26.0,26.2,26.1,26.1,26.2,26.1,26.2,26.1,26.2,26.4,26.4,26.4,26.2,26.2,26.0,26.0,26.0,25.9,26.1,26.0,25.9,26.1,26.2,26.3,26.7,26.8,27.0,27.0,27.2,27.2,27.1,27.1,27.2,27.3,27.3,27.3,27.4,27.3,27.3,27.4,27.3,27.4,27.2,27.4,27.3,27.3,27.3,27.4,27.3,27.3,27.3,27.3,27.3,27.2,27.2,27.1,27.3,27.3,27.3,27.3,27.3,27.3,27.4,27.2,27.4,27.1,27.2,27.3,27.2,27.1,27.2,27.1,27.1,27.1,27.1,27.1,27.1,26.9,27.1,27.1,27.1,26.9,27.0,27.1
99,27.2,27.4,27.4,27.5,27.3,27.4,27.4,27.3,27.4,27.5,27.5,27.4,27.5,27.3,27.4,27.3,27.3,27.3,27.4,27.3,27.1,26.9,26.5,26.5,26.3,26.2,26.2,26.2,26.2,26.2,26.2,26.2,26.3,26.1,26.3,26.2,26.3,26.2,26.2,26.2,26.2,26.3,26.0,26.1,26.1,26.1,26.2,26.3,26.1,26.3,26.1,26.3,26.2,26.1,26.3,26.4,26.2,26.4,26.2,26.4,26.3,26.4,26.3,26.1,26.3,26.2,26.3,26.1,26.3,26.2,26.2,26.3,26.3,26.3,26.2,26.3,26.3,26.4,26.3,26.2,26.3,26.2,26.2,26.0,26.3,26.1,26.3,26.2,26.2,26.1,26.1,26.0,26.2,26.1,26.1,26.1,26.1,25.9,26.3,26.1,26.1,26.1,26.0,26.0,26.0,26.1,26.1,26.1,25.9,26.1,26.2,26.2,26.1,26.1,26.1,26.1,26.0,26.2,26.2,26.1,26.1,26.0,25.9,26.0,26.0,25.8,26.2,26.0,26.0,26.0,26.2,26.3,26.6,26.8,26.9,27.0,27.2,27.0,27.1,27.1,27.0,27.3,27.2,27.3,27.2,27.2,27.1,27.3,27.3,27.3,27.5,27.3,27.3,27.3,27.3,27.3,27.3,27.3,27.3,27.4,27.3,27.3,27.2,27.2,27.3,27.3,27.3,27.1,27.3,27.3,27.2,27.1,27.3,27.2,27.2,27.2,27.3,27.1,27.2,27.1,27.0,27.1,27.1,27.1,27.1,27.0,27.1,27.1,27.3,27.1,27.1,27.2
100,27.4,27.3,27.2,27.4,27.3,27.3,27.4,27.4,27.4,27.4,27.5,27.5,27.3,27.5,27.4,27.5,27.4,27.3,27.4,27.1,27.2,26.9,26.6,26.4,26.3,26.2,26.2,26.3,26.4,26.2,26.1,26.2,26.2,26.4,26.3,26.2,26.2,26.2,26.1,26.2,26.2,26.2,26.2,26.0,26.2,26.2,26.3,26.4,26.3,26.3,26.4,26.1,26.3,26.3,26.2,26.3,26.3,26.3,26.2,26.4,26.4,26.3,26.3,26.4,26.4,26.2,26.2,26.3,26.2,26.3,26.2,26.3,26.3,26.4,26.3,26.7,26.6,26.6,26.6,26.5,26.4,26.3,26.2,26.2,26.3,26.1,26.2,26.3,26.2,26.2,26.1,26.1,26.1,26.2,26.2,26.0,26.1,26.1,25.9,26.1,26.2,26.0,26.2,26.2,26.1,26.1,26.2,26.1,26.2,26.2,26.1,26.2,26.2,26.2,26.0,26.0,26.1,26.0,26.1,26.1,26.1,26.0,26.0,26.1,26.1,26.0,26.0,25.9,26.1,26.1,26.1,26.2,26.7,26.9,26.9,26.9,27.0,27.0,27.1,27.1,27.2,27.3,27.3,27.3,27.3,27.5,27.3,27.2,27.3,27.2,27.4,27.3,27.3,27.3,27.2,27.2,27.2,27.3,27.1,27.3,27.2,27.1,27.3,27.3,27.3,27.1,27.1,27.2,27.2,27.1,27.2,27.1,27.1,27.1,27.2,27.1,27.2,27.2,27.1,27.1,27.0,27.2,27.1,26.9,27.1,27.1,27.0,27.3,27.1,27.1,27.0,27.0
101,27.2,27.2,27.3,27.3,27.2,27.2,27.4,27.4,27.6,27.4,27.4,27.3,27.3,27.5,27.4,27.3,27.3,27.4,27.3,27.3,27.1,26.8,26.6,26.3,26.4,26.3,26.3,26.2,26.2,26.3,26.3,26.2,26.4,26.2,26.2,26.1,26.2,26.2,26.3,26.0,26.2,26.1,26.2,26.2,26.2,26.1,26.4,26.0,26.3,26.3,26.2,26.3,26.2,26.2,26.2,26.4,26.4,26.3,26.3,26.2,26.2,26.4,26.2,26.4,26.3,26.2,26.2,26.2,26.3,26.2,26.4,26.2,26.4,26.3,26.6,26.8,26.9,27.1,26.9,26.7,26.5,26.1,26.2,26.2,26.1,26.0,26.2,26.2,26.2,26.1,26.0,26.3,26.1,26.3,26.1,26.1,26.0,26.1,26.0,26.0,26.0,26.1,26.0,26.1,26.1,26.2,26.0,26.2,26.1,26.1,26.2,26.2,26.2,26.2,26.2,26.1,26.1,26.0,26.1,26.1,25.8,26.0,26.0,25.8,26.0,25.9,26.1,26.0,25.8,26.0,26.0,26.4,26.4,26.7,26.7,26.9,27.1,27.0,27.0,27.2,27.3,27.3,27.1,27.2,27.2,27.4,27.2,27.5,27.3,27.2,27.3,27.3,27.1,27.3,27.3,27.3,27.2,27.3,27.2,27.2,27.2,27.2,27.2,27.1,27.4,27.2,27.2,27.3,27.2,27.1,27.2,27.2,27.3,26.9,27.3,27.2,27.1,27.3,27.1,26.9,27.1,27.3,27.2,27.0,27.0,27.1,27.1,27.0,27.1,26.9,27.1,27.1
102,27.3,27.2,27.3,27.3,27.2,27.3,27.5,27.3,27.3,27.5,27.3,27.4,27.3,27.4,27.4,27.2,27.3,27.3,27.3,27.1,27.1,26.9,26.8,26.6,26.3,26.4,26.2,26.3,26.2,26.3,26.2,26.2,26.3,26.3,26.2,26.1,26.2,26.1,26.2,26.2,26.1,26.2,26.0,26.2,26.3,26.2,26.2,26.2,26.0,26.2,26.3,26.1,26.2,26.4,26.1,26.4,26.3,26.4,26.4,26.5,26.3,26.4,26.4,26.2,26.2,26.3,26.2,26.2,26.2,26.2,26.2,26.3,26.4,26.5,26.9,26.9,27.2,27.3,27.2,26.9,26.6,26.3,26.2,26.0,26.0,26.0,25.9,26.1,25.9,26.0,25.9,26.0,26.0,26.2,26.0,26.0,26.0,26.0,26.2,26.1,26.0,26.0,26.0,26.2,26.2,26.0,26.0,25.9,26.2,26.2,26.2,26.2,26.1,26.2,26.1,26.2,26.0,26.2,25.8,25.9,26.0,26.0,25.8,26.1,26.0,25.9,26.1,26.0,25.9,25.9,26.0,26.3,26.4,26.7,26.9,26.9,26.9,27.1,27.1,27.1,27.0,27.3,27.0,27.1,27.3,27.3,27.3,27.3,27.3,27.3,27.3,27.3,27.3,27.3,27.3,27.3,27.2,27.1,27.1,27.1,27.2,27.2,27.1,27.3,27.2,27.3,27.2,27.2,27.1,27.2,27.1,27.1,27.1,27.1,27.1,27.2,27.2,27.1,27.1,27.1,27.0,27.1,27.0,26.9,27.1,27.1,27.2,27.0,27.0,27.0,27.0,27.1
103,27.3,27.3,27.3,27.3,27.3,27.4,27.5,27.3,27.3,27.3,27.3,27.4,27.3,27.2,27.3,27.4,27.4,27.3,27.2,27.4,27.3,27.1,26.9,26.8,26.5,26.6,26.5,26.3,26.4,26.4,26.4,26.5,26.4,26.1,26.2,26.2,26.2,26.1,26.2,26.1,26.2,26.2,26.3,26.3,26.3,26.2,26.2,26.1,26.2,26.1,26.1,26.2,26.3,26.3,26.1,26.4,26.3,26.2,26.3,26.3,26.2,26.4,26.2,26.2,26.4,26.2,26.4,26.2,26.2,26.3,26.3,26.5,26.4,26.8,27.0,27.2,27.3,27.4,27.1,26.7,26.4,26.3,26.0,25.9,25.9,26.1,26.0,25.8,25.9,25.9,25.9,26.0,25.9,26.0,26.1,26.0,25.9,26.0,25.8,26.0,26.1,26.0,26.1,26.0,26.1,26.2,26.1,26.1,26.1,26.3,26.2,26.4,26.5,26.3,26.1,26.3,26.2,26.1,26.1,26.2,25.9,26.1,25.9,25.8,25.9,25.9,25.9,26.0,26.0,26.0,26.1,26.2,26.5,26.5,26.9,26.8,26.9,26.9,27.1,27.1,27.2,27.2,27.3,27.2,27.3,27.2,27.3,27.2,27.3,27.2,27.3,27.2,27.2,27.3,27.4,27.2,27.2,27.2,27.3,27.1,27.3,27.2,27.3,27.3,27.1,27.2,27.3,27.2,27.1,27.2,27.2,27.2,27.2,27.2,27.2,27.1,27.0,27.1,27.2,27.0,27.1,27.0,27.1,27.1,27.1,27.0,27.1,27.0,27.0,26.8,26.9,27.1
104,27.3,27.2,27.3,27.3,27.2,27.3,27.3,27.3,27.4,27.3,27.2,27.5,27.1,27.3,27.3,27.3,27.5,27.4,27.3,27.3,27.2,27.2,27.0,27.0,27.0,26.8,26.5,26.4,26.4,26.6,26.6,26.5,26.3,26.2,26.3,26.2,26.2,26.2,26.1,26.2,26.2,26.4,26.2,26.4,26.5,26.2,26.4,26.2,26.1,26.1,26.2,26.3,26.3,26.2,26.1,26.3,26.2,26.3,26.2,26.3,26.4,26.4,26.2,26.1,26.3,26.3,26.2,26.2,26.2,26.1,26.5,26.6,26.8,27.2,27.1,27.5,27.5,27.2,27.1,26.6,26.3,26.1,25.9,26.1,26.0,25.8,25.9,25.9,26.1,25.9,25.8,25.8,26.0,26.1,25.9,26.1,25.9,26.0,26.0,26.0,26.1,26.2,25.9,26.2,26.0,26.0,26.0,26.2,26.2,26.1,26.3,26.3,26.1,26.1,26.2,26.2,26.2,26.0,26.0,26.1,26.0,25.9,25.8,25.9,26.0,26.0,26.1,25.9,25.9,26.2,26.2,26.3,26.4,26.6,26.8,26.9,27.1,27.0,27.1,27.1,27.2,27.1,27.2,27.2,27.2,27.2,27.3,27.3,27.3,27.3,27.3,27.3,27.1,27.3,27.4,27.4,27.3,27.4,27.2,27.1,27.2,27.3,27.1,27.2,27.4,27.1,27.3,27.0,27.2,27.1,27.1,27.2,27.2,27.0,27.2,27.1,27.2,27.2,27.1,27.1,27.1,27.1,27.1,26.9,26.9,27.1,27.2,27.0,26.9,27.0,27.0,26.9
105,27.1,27.2,27.2,27.0,27.3,27.3,27.3,27.3,27.2,27.1,27.2,27.3,27.2,27.1,27.3,27.1,27.2,27.2,27.3,27.3,27.5,27.3,27.3,27.2,27.1,26.9,26.8,26.7,26.6,26.5,26.5,26.6,26.5,26.3,26.2,26.2,26.1,26.1,26.0,26.1,26.1,26.5,26.5,26.6,26.7,26.5,26.4,26.2,26.2,26.1,26.1,26.3,26.4,26.3,26.3,26.3,26.2,26.4,26.2,26.2,26.2,26.4,26.1,26.2,26.3,26.1,26.3,26.1,26.3,26.3,26.6,26.8,27.0,27.3,27.5,27.3,27.4,27.3,27.0,26.6,26.4,26.1,25.9,26.0,25.9,25.8,26.0,25.9,26.1,25.9,26.0,26.0,25.9,25.9,26.0,26.0,26.1,26.1,26.0,26.0,25.9,26.0,26.0,25.8,26.1,26.2,26.1,26.1,26.2,26.2,26.2,26.2,26.2,26.2,26.1,26.0,26.0,26.0,26.2,26.2,25.9,26.1,25.9,25.9,25.9,25.9,26.0,25.9,25.9,26.1,25.9,26.3,26.3,26.6,26.9,26.9,27.0,26.9,27.1,26.9,27.1,27.3,27.2,27.3,27.3,27.2,27.3,27.4,27.3,27.3,27.4,27.3,27.3,27.3,27.5,27.4,27.3,27.2,27.3,27.3,27.1,27.2,27.2,27.4,27.3,27.3,27.2,27.3,27.2,27.2,27.2,27.3,27.1,27.2,27.0,27.0,27.0,27.1,27.2,27.1,27.0,27.1,27.0,27.1,27.1,27.1,27.0,27.3,27.0,27.0,27.1,27.0
106,27.1,27.1,27.2,27.1,26.9,27.0,26.9,27.0,26.9,27.0,26.9,27.0,26.9,26.8,26.9,26.9,27.2,27.1,27.3,27.3,27.3,27.3,27.3,27.2,27.3,27.0,27.0,26.8,26.7,26.8,26.8,26.9,26.9,26.5,26.2,26.2,26.0,26.2,26.3,26.2,26.4,26.4,26.4,26.7,26.6,26.5,26.4,26.4,26.3,26.2,26.2,26.2,26.3,26.3,26.3,26.2,26.2,26.1,26.2,26.2,26.2,26.4,26.1,26.3,26.2,26.3,26.4,26.2,26.3,26.4,26.8,27.0,27.2,27.5,27.5,27.6,27.4,27.2,27.0,26.6,26.3,26.2,26.0,25.9,26.0,25.9,26.0,25.9,26.0,25.7,25.8,26.0,25.9,26.0,25.9,26.1,25.9,26.0,25.9,26.0,26.1,26.0,26.0,26.1,26.2,26.1,26.1,25.9,26.2,26.1,26.4,26.1,26.0,26.2,26.1,26.0,26.2,26.2,26.4,26.2,26.1,26.0,25.9,26.0,26.0,26.0,26.0,25.7,25.8,25.9,26.0,26.1,26.5,26.6,26.8,26.9,26.9,27.0,27.1,27.2,27.0,27.2,27.1,27.1,27.2,27.3,27.3,27.1,27.3,27.1,27.3,27.3,27.5,27.4,27.3,27.3,27.2,27.2,27.3,27.3,27.3,27.2,27.1,27.1,27.4,27.3,27.3,27.3,27.3,27.1,27.2,27.1,27.2,27.1,27.2,27.3,27.2,27.1,27.1,27.1,27.1,27.0,27.1,26.9,27.1,27.2,26.9,27.1,27.1,26.9,27.1,27.0
107,26.6,26.7,26.7,26.6,26.6,26.8,26.7,26.6,26.6,26.5,26.3,26.5,26.4,26.5,26.5,26.7,26.9,27.1,27.1,27.1,27.5,27.3,27.2,27.2,27.3,27.1,27.1,26.9,26.9,26.8,26.8,26.8,26.9,26.4,26.4,26.4,26.4,26.4,26.3,26.4,26.4,26.4,26.5,26.7,26.7,26.8,26.5,26.5,26.3,26.3,26.3,26.4,26.3,26.3,26.3,26.2,26.3,26.2,26.3,26.3,26.2,26.2,26.2,26.3,26.3,26.4,26.3,26.4,26.6,26.7,27.1,27.3,27.5,27.7,27.5,27.4,27.3,27.2,26.9,26.5,26.4,26.2,26.1,26.2,26.1,25.9,26.1,26.1,25.9,25.9,25.9,26.0,25.9,25.9,25.9,26.0,26.0,25.9,25.9,26.0,26.0,26.0,26.0,26.2,26.0,26.1,26.1,26.1,26.1,26.2,26.2,26.0,25.9,25.9,26.2,26.2,26.4,26.4,26.6,26.4,26.2,26.2,26.1,25.8,25.9,25.7,26.1,25.8,25.8,26.0,26.0,26.2,26.5,26.5,26.8,26.9,27.0,27.1,27.2,27.0,27.0,27.4,27.1,27.3,27.2,27.3,27.2,27.3,27.3,27.2,27.3,27.3,27.3,27.3,27.3,27.3,27.4,27.3,27.2,27.2,27.4,27.2,27.3,27.3,27.2,27.2,27.2,27.2,27.0,27.1,27.3,27.1,27.3,27.1,27.1,27.1,27.1,27.1,27.1,27.2,27.1,27.0,27.1,27.1,27.2,27.2,27.3,27.0,27.1,26.9,27.1,26.9
108,26.3,26.6,26.4,26.4,26.3,26.2,26.1,26.4,26.2,26.3,26.1,26.1,26.2,26.1,26.2,26.3,26.6,27.0,27.1,27.3,27.4,27.2,27.3,27.4,27.3,27.3,26.9,27.0,26.9,26.6,26.8,26.9,26.8,26.6,26.6,26.5,26.4,26.4,26.5,26.6,26.6,26.4,26.5,26.6,26.7,26.5,26.4,26.4,26.5,26.5,26.3,26.3,26.2,26.2,26.2,26.1,26.1,26.3,26.4,26.3,26.4,26.4,26.2,26.2,26.4,26.4,26.4,26.6,26.7,27.0,27.4,27.4,27.7,27.7,27.8,27.5,27.3,27.3,26.9,26.5,26.3,26.2,26.2,26.1,26.0,25.9,26.0,26.1,26.0,25.9,26.0,25.9,25.9,25.9,26.0,26.0,25.8,25.9,25.9,26.1,26.0,25.9,26.0,26.0,26.0,26.1,26.1,26.1,26.3,26.1,26.3,26.0,26.1,25.9,26.0,26.1,26.2,26.6,26.5,26.5,26.1,26.2,26.1,26.0,26.0,25.9,26.0,26.0,26.0,26.0,25.9,26.2,26.4,26.7,26.9,26.8,26.9,27.0,27.0,27.0,27.1,27.3,27.2,27.2,27.3,27.3,27.3,27.2,27.2,27.2,27.3,27.3,27.3,27.3,27.3,27.2,27.4,27.3,27.3,27.4,27.3,27.3,27.3,27.3,27.2,27.1,27.2,27.2,27.2,27.0,27.4,27.2,27.1,27.1,27.0,27.1,27.0,27.2,27.1,27.1,27.1,27.1,27.1,27.0,27.0,27.1,27.2,27.1,27.1,27.0,27.1,26.9
109,26.3,26.3,26.2,26.1,26.1,26.3,26.2,26.3,26.4,26.1,26.3,26.3,26.1,26.2,26.3,26.3,26.6,26.6,27.1,27.2,27.3,27.3,27.5,27.3,27.5,27.3,27.3,27.1,27.0,26.8,26.8,27.0,26.7,26.6,27.0,26.7,26.6,26.7,26.8,26.8,26.8,26.8,26.7,26.6,26.5,26.4,26.4,26.4,26.4,26.3,26.2,26.4,26.4,26.3,26.2,26.2,26.3,26.4,26.3,26.2,26.1,26.4,26.1,26.3,26.5,26.3,26.6,26.9,27.1,27.2,27.6,27.6,27.6,27.6,27.5,27.2,27.3,27.2,26.9,26.6,26.3,26.2,26.3,26.1,26.1,26.0,26.0,26.0,26.0,25.9,25.9,26.0,25.9,26.0,25.8,25.9,26.0,26.0,26.1,25.9,26.1,25.9,26.0,26.0,26.1,26.0,26.1,26.1,26.1,26.0,26.2,26.1,26.2,26.2,26.4,26.1,26.4,26.4,26.6,26.7,26.4,26.3,25.8,26.0,26.1,25.9,26.0,25.9,25.9,26.1,26.2,26.3,26.4,26.6,26.8,26.9,27.0,27.0,27.2,27.2,27.1,27.2,27.1,27.3,27.3,27.4,27.3,27.4,27.4,27.4,27.3,27.4,27.3,27.5,27.6,27.3,27.4,27.2,27.5,27.3,27.3,27.3,27.1,27.1,27.2,27.3,27.3,27.2,27.3,27.1,27.3,27.2,27.3,27.1,27.2,27.1,27.2,27.1,27.2,27.1,27.3,27.1,27.2,27.1,27.1,27.2,27.3,27.1,27.0,26.9,27.1,27.1
110,26.3,26.2,26.3,26.1,26.2,26.1,26.2,26.2,26.2,26.2,26.1,26.0,26.1,26.0,26.1,26.2,26.5,26.7,27.0,27.5,27.5,27.7,27.6,27.6,27.7,27.7,27.5,27.6,27.3,27.3,27.3,27.4,27.5,27.2,27.2,27.2,27.1,26.9,27.2,27.3,27.3,27.1,26.9,26.8,26.5,26.5,26.3,26.4,26.4,26.3,26.3,26.2,26.4,26.3,26.2,26.3,26.3,26.2,26.2,26.2,26.1,26.1,26.3,26.3,26.4,26.5,26.8,26.9,27.2,27.7,27.7,27.6,27.5,27.4,27.4,27.3,27.3,27.1,26.8,26.4,26.3,26.2,26.1,26.1,26.0,26.1,26.0,25.9,25.9,25.8,26.0,26.0,25.8,25.8,25.8,25.9,25.9,26.0,25.9,26.1,26.2,26.1,26.1,26.0,26.0,26.1,26.0,26.1,26.2,26.1,26.3,26.2,26.1,26.3,26.0,26.3,26.3,26.4,26.7,26.5,26.3,26.1,25.9,26.1,26.1,26.0,26.1,25.8,25.9,26.0,26.0,26.4,26.4,26.5,26.6,26.8,26.9,26.9,27.1,27.1,27.2,27.2,27.2,27.2,27.1,27.2,27.3,27.2,27.2,27.3,27.4,27.3,27.3,27.3,27.3,27.4,27.3,27.3,27.2,27.2,27.3,27.2,27.3,27.2,27.3,27.2,27.2,27.1,27.2,27.0,27.3,27.1,27.3,27.1,27.2,27.2,27.1,27.2,27.1,27.2,27.1,27.1,27.2,27.0,27.1,27.2,27.1,27.0,27.1,27.0,27.0,27.1
111,26.2,26.2,26.2,26.3,26.3,26.2,26.1,26.2,26.2,26.2,26.1,26.2,26.1,26.1,26.2,26.4,26.6,27.0,27.3,27.6,27.9,28.0,28.3,28.1,28.4,28.2,28.0,28.2,28.1,28.2,28.2,28.0,28.2,28.0,28.0,27.8,27.6,27.4,27.5,27.5,27.6,27.8,27.2,26.8,26.4,26.3,26.4,26.3,26.4,26.3,26.3,26.2,26.3,26.3,26.2,26.3,26.4,26.2,26.3,26.2,26.2,26.3,26.2,26.3,26.6,26.7,26.9,27.3,27.4,27.6,27.8,27.8,27.8,27.5,27.5,27.5,27.4,27.1,26.8,26.5,26.3,26.4,26.1,26.0,26.1,26.2,26.0,26.1,25.9,25.9,25.9,26.0,26.0,26.0,25.8,26.0,25.7,25.8,25.9,25.9,25.9,26.0,25.9,26.1,26.2,26.1,26.0,26.0,25.9,26.2,26.4,26.4,26.2,26.4,26.2,26.3,26.3,26.5,26.6,26.7,26.5,26.2,26.0,26.0,25.9,25.7,25.9,26.0,25.9,25.9,26.0,26.2,26.4,26.5,26.8,26.9,27.0,26.9,26.9,27.0,26.9,27.1,27.2,27.3,27.3,27.2,27.3,27.3,27.3,27.3,27.2,27.3,27.3,27.3,27.3,27.3,27.3,27.3,27.0,27.3,27.3,27.3,27.1,27.1,27.1,27.2,27.1,27.1,27.2,27.2,27.1,27.2,27.1,27.1,27.1,27.1,27.1,27.0,27.1,27.1,26.9,26.9,27.1,27.0,26.9,26.8,27.1,27.1,26.9,26.9,27.0,27.0
112,26.2,26.1,26.2,26.2,26.3,26.1,26.1,26.3,26.0,26.3,26.1,26.0,26.1,26.2,26.4,26.6,27.0,27.4,27.7,28.0,28.3,28.3,28.8,28.6,28.9,28.8,28.7,28.8,28.6,28.7,28.7,28.8,28.8,28.5,28.5,28.1,28.0,27.7,27.4,27.7,27.8,27.6,27.3,26.9,26.4,26.4,26.4,26.4,26.4,26.3,26.2,26.2,26.2,26.2,26.2,26.1,26.1,26.1,26.2,26.2,26.3,26.3,26.4,26.4,26.7,26.9,27.2,27.4,27.6,27.5,27.8,27.7,27.6,27.6,27.6,27.6,27.4,27.2,27.1,26.6,26.5,26.3,26.3,26.1,26.2,26.1,26.0,25.9,26.0,25.8,26.0,25.9,26.0,26.1,25.9,26.0,25.8,25.9,26.1,26.0,26.0,26.2,26.0,26.0,26.1,26.0,26.0,26.2,26.3,26.2,26.4,26.5,26.5,26.5,26.6,26.6,26.4,26.6,26.6,26.7,26.4,26.2,26.1,26.0,25.9,26.0,25.9,25.9,26.0,26.0,26.0,26.2,26.3,26.7,26.9,27.0,27.0,27.0,26.9,27.1,27.1,27.1,27.2,27.2,27.2,27.2,27.3,27.4,27.3,27.2,27.4,27.3,27.3,27.5,27.4,27.3,27.3,27.4,27.4,27.3,27.3,27.3,27.2,27.3,27.2,27.1,27.1,27.1,27.3,27.1,27.2,27.2,27.3,27.1,27.1,27.1,27.2,26.9,26.9,26.9,27.0,27.1,27.1,27.1,27.0,27.1,27.0,27.1,27.2,26.9,26.9,27.0
113,26.4,26.2,26.2,26.3,26.2,26.4,26.3,26.2,26.2,26.2,26.2,26.1,26.2,26.3,26.5,27.0,27.3,28.0,28.5,28.7,28.8,28.9,29.0,29.2,29.2,29.1,29.1,29.2,28.9,29.1,29.2,29.1,29.0,28.8,28.9,28.5,28.3,28.0,27.9,28.0,27.6,27.6,27.1,26.8,26.5,26.2,26.4,26.3,26.3,26.2,26.3,26.3,26.4,26.2,26.2,26.2,26.2,26.0,26.3,26.4,26.2,26.4,26.2,26.6,26.7,27.2,27.4,27.6,27.4,27.7,27.8,27.6,27.7,27.5,27.7,27.6,27.5,27.4,27.0,26.6,26.2,26.2,26.2,26.1,26.2,26.0,25.9,26.0,26.1,25.9,26.0,25.9,25.9,25.8,25.8,25.8,25.8,26.1,25.9,26.0,26.0,26.1,26.1,26.2,26.2,26.0,26.0,26.1,26.3,26.3,26.3,26.6,26.5,26.5,26.6,26.5,26.5,26.5,26.7,26.4,26.4,26.2,26.1,25.9,26.1,25.9,26.0,26.0,25.9,26.0,26.0,26.0,26.5,26.6,26.7,26.9,27.0,26.9,27.0,27.0,27.1,27.1,27.2,27.1,27.3,27.3,27.2,27.2,27.3,27.4,27.4,27.3,27.3,27.3,27.5,27.4,27.2,27.3,27.3,27.3,27.3,27.3,27.2,27.2,27.2,27.2,27.1,27.2,27.1,27.1,27.2,27.1,27.1,27.2,27.1,27.2,27.1,27.1,27.0,27.1,27.1,27.2,27.1,27.1,27.1,27.1,27.0,27.1,27.1,27.1,27.1,26.9
114,26.3,26.3,26.2,26.4,26.5,26.5,26.4,26.4,26.2,26.3,26.2,26.3,26.4,26.5,26.6,27.0,27.6,28.2,28.8,29.1,29.2,29.1,29.3,29.3,29.3,29.0,29.1,29.3,29.1,29.0,29.0,29.1,29.0,29.1,28.9,28.7,28.6,28.5,28.1,28.2,27.8,27.3,26.9,26.4,26.2,26.2,26.3,26.3,26.3,26.2,26.3,26.2,26.2,26.2,26.3,26.4,26.1,26.3,26.2,26.2,26.2,26.2,26.2,26.6,26.9,26.9,27.5,27.6,27.8,27.7,27.7,27.7,27.5,27.6,27.8,27.6,27.6,27.6,27.4,26.8,26.4,26.3,26.3,26.1,26.1,26.0,26.2,26.0,26.0,25.9,25.9,26.0,26.0,25.9,26.0,25.8,26.1,25.9,25.9,26.1,26.2,26.0,26.1,26.1,26.1,26.2,26.2,26.0,26.2,26.2,26.5,26.6,26.5,26.5,26.5,26.5,26.5,26.6,26.7,26.5,26.3,26.1,26.0,26.0,26.1,25.9,25.9,26.1,26.0,25.9,26.1,26.2,26.5,26.6,26.6,26.7,26.9,26.9,27.0,27.0,27.1,27.1,27.1,27.2,27.3,27.1,27.3,27.4,27.3,27.1,27.2,27.3,27.3,27.3,27.3,27.3,27.3,27.3,27.3,27.3,27.2,27.3,27.1,27.3,27.3,27.2,27.1,27.1,27.2,27.1,27.1,27.1,27.1,27.2,27.0,27.3,27.0,27.1,27.0,27.0,27.1,27.1,27.1,27.0,27.0,27.0,27.0,27.0,27.0,26.9,27.1,27.0
115,26.4,26.4,26.4,26.2,26.3,26.3,26.2,26.3,26.3,26.2,26.2,26.2,26.2,26.3,26.7,27.2,27.9,28.5,29.0,29.2,29.3,29.2,29.2,29.3,29.3,29.3,29.0,28.9,29.0,29.0,29.0,29.0,28.8,28.9,28.8,29.0,29.0,28.9,28.5,28.2,27.8,27.1,26.6,26.4,26.1,26.3,26.4,26.4,26.3,26.2,26.3,26.3,26.3,26.2,26.2,26.4,26.2,26.2,26.2,26.3,26.4,26.2,26.3,26.6,26.6,27.0,27.2,27.5,27.8,27.8,27.6,27.7,27.6,27.6,27.7,27.8,27.6,27.3,27.2,26.7,26.5,26.2,26.2,26.1,26.2,26.0,26.0,26.0,26.1,25.9,25.9,25.8,26.0,26.0,26.1,26.1,25.9,26.1,26.0,26.0,26.1,26.0,26.0,26.1,26.2,26.2,26.1,26.2,26.3,26.3,26.6,26.5,26.6,26.7,26.6,26.6,26.3,26.7,26.7,26.6,26.4,26.2,26.1,25.8,26.0,25.9,26.1,26.0,26.1,25.9,26.2,26.2,26.5,26.6,26.7,26.9,26.9,27.1,27.0,27.1,27.1,27.1,27.1,27.1,27.3,27.1,27.3,27.2,27.3,27.4,27.2,27.3,27.4,27.2,27.4,27.3,27.3,27.1,27.3,27.3,27.3,27.2,27.3,27.4,27.1,27.3,27.2,27.1,27.2,27.1,27.3,27.3,27.1,27.1,27.1,27.2,27.3,27.2,27.1,27.2,27.2,27.1,27.2,27.1,27.3,27.0,26.9,27.1,27.0,27.0,27.0,27.0
116,26.4,26.3,26.5,26.3,26.1,26.4,26.3,26.1,26.3,26.3,26.4,26.2,26.2,26.3,26.8,27.1,27.6,28.5,28.9,29.0,29.3,29.4,29.4,29.2,29.3,29.2,29.2,29.1,29.0,29.0,28.9,28.9,28.8,28.8,28.8,29.1,29.0,29.0,28.7,28.3,27.8,27.1,26.5,26.4,26.2,26.4,26.4,26.4,26.4,26.2,26.3,26.2,26.4,26.3,26.3,26.2,26.1,26.3,26.2,26.2,26.4,26.3,26.3,26.4,26.6,26.6,27.1,27.3,27.6,27.7,27.7,27.7,27.8,27.5,27.7,27.6,27.5,27.3,27.2,27.1,26.4,26.3,26.2,26.1,26.2,25.9,26.0,26.0,26.0,25.9,26.2,25.9,25.9,26.0,25.9,25.9,25.8,26.0,25.8,26.1,26.2,25.9,26.1,26.1,26.1,26.1,26.1,25.9,26.2,26.3,26.4,26.5,26.4,26.6,26.4,26.6,26.4,26.6,26.5,26.4,26.3,26.2,26.0,26.0,25.9,26.0,25.9,25.9,25.8,25.9,26.1,26.1,26.5,26.4,26.7,26.9,27.1,26.9,27.1,27.0,27.1,27.1,27.1,27.3,27.3,27.4,27.4,27.2,27.3,27.3,27.4,27.3,27.4,27.4,27.4,27.3,27.3,27.3,27.3,27.3,27.2,27.2,27.3,27.3,27.3,27.2,27.2,27.2,27.2,27.2,27.3,27.1,27.3,27.1,27.3,27.3,27.2,27.1,27.1,27.3,27.0,27.1,27.0,27.2,27.0,27.2,27.1,27.1,26.9,26.9,27.1,27.0
117,26.4,26.2,26.4,26.4,26.3,26.4,26.3,26.1,26.2,26.3,26.4,26.1,26.2,26.6,26.5,27.2,27.8,28.4,28.9,29.2,29.3,29.3,29.3,29.3,29.3,29.0,29.2,29.1,28.8,28.6,28.8,28.7,28.8,28.8,28.8,29.1,29.0,29.0,28.6,28.2,27.8,27.0,26.4,26.5,26.4,26.4,26.4,26.3,26.2,26.3,26.3,26.1,26.2,26.3,26.3,26.3,26.1,26.3,26.4,26.3,26.2,26.2,26.3,26.3,26.3,26.5,26.8,27.0,27.3,27.5,27.6,27.8,27.7,27.7,27.6,27.5,27.5,27.3,27.4,27.1,26.6,26.2,26.1,26.0,25.9,26.1,26.0,25.9,25.9,25.9,25.9,25.9,26.1,26.0,26.0,26.1,25.9,26.0,26.0,26.0,26.0,26.0,26.1,26.0,26.1,26.2,26.0,26.2,26.2,26.2,26.4,26.4,26.5,26.4,26.4,26.3,26.4,26.5,26.6,26.5,26.5,26.2,25.9,26.0,25.8,25.9,26.0,26.0,25.8,25.9,25.9,26.0,26.4,26.5,26.6,27.0,27.0,26.9,27.0,27.1,27.1,27.1,27.0,27.2,27.2,27.2,27.3,27.3,27.1,27.3,27.3,27.3,27.2,27.2,27.3,27.3,27.2,27.2,27.2,27.2,27.2,27.1,27.3,27.3,27.3,27.1,27.2,27.1,27.2,27.2,27.1,27.3,27.1,27.1,27.0,27.1,27.3,27.1,27.1,27.1,27.0,27.1,27.2,27.0,27.2,27.1,27.0,27.1,27.0,27.1,27.1,26.9
118,26.2,26.2,26.4,26.4,26.4,26.4,26.5,26.2,26.4,26.2,26.2,26.2,26.3,26.4,26.6,27.1,27.6,28.4,28.9,29.2,29.1,29.3,29.2,29.3,29.1,29.0,29.0,29.0,28.9,28.7,28.8,29.0,28.6,28.8,29.0,29.0,29.1,29.0,28.7,28.2,27.8,27.1,26.7,26.4,26.4,26.4,26.4,26.3,26.3,26.2,26.2,26.3,26.2,26.3,26.2,26.2,26.1,26.3,26.1,26.1,26.3,26.2,26.3,26.2,26.3,26.4,26.6,26.6,27.2,27.3,27.4,27.5,27.6,27.5,27.3,27.4,27.2,27.2,27.3,27.1,26.8,26.3,26.1,26.0,25.8,26.1,25.9,26.1,26.0,26.0,25.9,25.8,25.9,26.0,26.1,26.1,26.0,25.9,26.0,26.1,26.0,26.1,26.1,26.1,26.1,26.2,26.1,26.1,26.2,26.3,26.4,26.6,26.5,26.4,26.4,26.4,26.5,26.7,26.9,26.8,26.4,26.3,25.9,26.1,26.1,26.0,25.8,26.1,26.1,26.0,26.0,26.1,26.3,26.7,26.7,26.8,26.9,27.0,27.1,27.1,27.1,27.2,27.1,27.2,27.3,27.2,27.3,27.2,27.1,27.3,27.3,27.3,27.3,27.3,27.5,27.1,27.3,27.3,27.2,27.2,27.2,27.3,27.2,27.3,27.1,27.2,27.2,27.3,27.2,27.3,27.2,27.3,27.3,27.0,27.2,27.2,27.1,27.2,27.1,27.3,27.2,27.2,27.1,27.0,27.1,27.1,27.1,27.1,27.0,27.1,26.9,27.1
119,26.2,26.4,26.4,26.6,26.3,26.3,26.4,26.4,26.4,26.2,26.2,26.3,26.3,26.3,26.6,27.2,28.0,28.4,29.0,29.2,29.3,29.4,29.4,29.2,29.4,29.1,28.9,28.8,29.1,29.0,28.9,28.9,29.0,28.8,29.2,29.2,29.2,29.1,28.7,28.3,27.8,27.3,26.7,26.6,26.4,26.5,26.6,26.2,26.4,26.2,26.2,26.3,26.2,26.4,26.2,26.2,26.3,26.4,26.1,26.4,26.2,26.5,26.2,26.1,26.3,26.3,26.5,26.5,26.7,27.0,27.2,27.5,27.5,27.5,27.3,27.2,27.2,27.3,27.5,27.3,26.6,26.4,26.3,25.9,26.0,26.1,25.9,26.0,26.0,25.9,25.9,26.0,26.1,26.2,26.0,26.0,26.1,26.0,25.9,25.9,26.2,26.0,26.0,26.1,26.0,26.0,26.0,26.2,26.3,26.4,26.4,26.6,26.3,26.4,26.4,26.5,26.6,27.0,27.1,27.0,26.6,26.5,26.2,26.0,26.0,26.0,25.9,25.8,26.0,26.0,26.2,26.2,26.3,26.6,26.6,26.9,27.0,26.9,27.1,27.2,27.0,27.1,26.9,27.2,27.2,27.1,27.3,27.3,27.1,27.2,27.3,27.4,27.3,27.2,27.3,27.2,27.5,27.3,27.2,27.3,27.3,27.3,27.2,27.3,27.2,27.1,27.3,27.1,27.1,27.2,27.2,27.1,27.1,27.1,27.3,27.1,27.1,27.2,27.2,27.1,27.2,27.1,27.0,27.3,27.0,27.2,27.1,27.1,27.0,27.0,27.1,27.0
120,26.3,26.4,26.3,26.4,26.3,26.3,26.3,26.2,26.4,26.1,26.4,26.4,26.3,26.4,26.9,27.2,27.7,28.5,29.0,29.1,29.3,29.2,29.3,29.3,29.2,29.2,29.2,29.1,29.2,29.2,29.1,29.1,29.2,29.3,29.3,29.2,29.1,29.1,28.9,28.4,27.8,27.2,26.8,26.5,26.6,26.6,26.7,26.4,26.3,26.2,26.4,26.3,26.2,26.4,26.4,26.3,26.2,26.3,26.3,26.2,26.2,26.2,26.2,26.3,26.3,26.3,26.3,26.3,26.6,26.7,26.9,27.2,27.2,27.2,27.2,27.1,27.2,27.1,27.0,27.2,26.7,26.5,26.1,26.0,26.1,26.1,26.1,26.0,26.0,26.0,25.9,26.1,26.2,26.1,26.3,26.3,26.2,26.2,26.2,26.1,26.1,26.1,26.2,26.1,26.2,26.0,26.1,26.1,26.2,26.3,26.4,26.5,26.4,26.4,26.3,26.5,26.7,27.0,27.3,27.3,27.0,26.5,26.3,26.0,25.8,26.1,26.0,26.0,25.9,26.1,26.1,26.2,26.3,26.5,26.8,26.9,26.9,27.0,27.0,27.2,27.0,27.3,27.1,27.1,27.3,27.3,27.2,27.2,27.3,27.4,27.2,27.3,27.3,27.3,27.3,27.4,27.5,27.2,27.2,27.2,27.4,27.2,27.3,27.3,27.3,27.1,27.3,27.2,27.2,27.1,27.1,27.2,27.2,27.2,27.2,27.2,27.1,27.2,27.2,27.1,27.1,27.2,27.0,27.0,27.0,27.1,27.1,27.0,27.0,27.2,27.0,27.1
121,26.4,26.5,26.5,26.3,26.3,26.4,26.3,26.2,26.0,26.4,26.2,26.2,26.4,26.4,26.6,27.2,27.6,28.4,29.0,29.1,29.3,29.3,29.4,29.3,29.2,29.3,29.2,29.3,29.2,29.3,29.1,29.2,29.3,29.1,29.4,29.2,29.2,29.1,28.8,28.5,27.8,27.3,26.8,26.4,26.6,26.5,26.6,26.2,26.4,26.3,26.2,26.2,26.3,26.3,26.3,26.4,26.3,26.3,26.4,26.3,26.2,26.1,26.2,26.0,26.4,26.3,26.2,26.2,26.4,26.6,26.5,26.9,27.0,27.3,27.1,27.2,27.1,27.0,27.0,26.8,26.4,26.5,26.1,26.3,26.1,26.1,26.1,25.8,26.2,25.9,26.0,26.1,26.2,26.2,26.4,26.4,26.4,26.5,26.3,26.2,26.2,26.0,25.9,26.0,26.1,25.9,26.2,26.0,26.2,26.2,26.3,26.4,26.4,26.4,26.4,26.5,26.8,27.2,27.5,27.4,26.9,26.5,26.1,26.1,25.7,26.0,25.9,25.9,25.8,25.9,26.2,26.1,26.3,26.4,26.7,26.9,26.9,27.1,27.0,27.1,27.0,27.1,27.1,27.2,27.3,27.1,27.2,27.3,27.3,27.4,27.3,27.3,27.3,27.3,27.2,27.3,27.3,27.2,27.3,27.1,27.4,27.1,27.1,27.2,27.3,27.2,27.3,27.1,27.1,27.3,27.1,27.1,27.3,27.1,27.2,27.1,27.1,27.3,27.1,27.1,27.1,27.3,27.1,27.2,27.1,27.1,27.1,26.9,27.0,27.1,27.0,27.1
122,26.3,26.2,26.4,26.4,26.4,26.3,26.3,26.2,26.4,26.2,26.3,26.3,26.4,26.5,26.7,27.2,27.9,28.5,28.9,29.1,29.2,29.3,29.3,29.2,29.4,29.2,29.2,29.2,29.3,29.3,29.1,29.3,29.4,29.4,29.2,29.3,29.3,29.1,29.0,28.3,28.0,27.3,26.7,26.5,26.6,26.5,26.6,26.4,26.3,26.4,26.3,26.4,26.3,26.3,26.3,26.2,26.2,26.3,26.3,26.3,26.3,26.2,26.2,26.2,26.3,26.3,26.3,26.3,26.3,26.2,26.4,26.6,26.8,26.9,27.1,27.2,27.2,26.9,26.8,26.8,26.4,26.4,26.2,26.0,26.2,26.2,26.2,26.0,26.2,26.0,26.2,26.1,26.2,26.3,26.5,26.7,26.9,26.7,26.5,26.3,26.2,26.1,26.0,26.2,26.1,26.1,26.2,25.9,26.1,26.2,26.3,26.2,26.4,26.2,26.3,26.4,26.7,26.9,27.1,27.1,26.6,26.6,26.0,25.9,26.1,25.8,25.9,26.0,25.8,25.9,26.0,26.1,26.2,26.5,26.6,26.7,27.0,26.9,27.2,27.1,27.1,27.2,27.1,27.3,27.2,27.2,27.3,27.3,27.4,27.3,27.2,27.3,27.3,27.3,27.6,27.6,27.4,27.3,27.3,27.3,27.3,27.3,27.1,27.2,27.4,27.3,27.0,27.1,27.1,27.1,27.1,27.2,27.2,27.1,27.1,27.1,27.2,27.3,27.1,27.0,27.1,27.1,27.0,27.1,27.1,27.1,27.1,27.0,27.1,27.0,27.0,27.0
123,26.4,26.4,26.4,26.4,26.3,26.3,26.5,26.4,26.3,26.3,26.1,26.2,26.2,26.5,26.7,27.1,27.8,28.6,28.9,29.4,29.3,29.3,29.4,29.4,29.4,29.4,29.4,29.2,29.4,29.4,29.2,29.3,29.3,29.2,29.2,29.3,29.3,29.2,28.9,28.4,28.1,27.4,26.8,26.5,26.6,26.5,26.5,26.4,26.3,26.4,26.2,26.4,26.1,26.4,26.2,26.3,26.4,26.4,26.2,26.2,26.1,26.2,26.3,26.2,26.2,26.2,26.3,26.2,26.2,26.2,26.1,26.3,26.5,26.8,26.8,27.0,26.9,26.8,26.6,26.4,26.4,26.2,26.2,26.1,26.1,26.1,26.3,26.0,26.1,26.1,26.2,26.2,26.3,26.5,26.7,27.0,27.1,26.8,26.7,26.4,26.2,26.2,26.2,26.1,26.1,26.1,25.9,26.0,26.0,26.0,26.2,26.3,26.2,26.1,26.2,26.4,26.6,26.5,26.8,26.7,26.4,26.3,26.0,25.9,25.9,25.9,25.8,26.1,26.0,26.1,26.1,26.1,26.3,26.5,26.6,26.7,27.0,27.0,27.1,27.0,27.1,27.2,27.2,27.1,27.1,27.2,27.3,27.4,27.2,27.3,27.3,27.3,27.4,27.3,27.4,27.4,27.3,27.3,27.3,27.5,27.3,27.2,27.4,27.3,27.3,27.3,27.3,27.3,27.1,27.3,27.1,27.1,27.1,27.2,27.2,27.1,27.1,27.1,27.1,27.1,27.1,27.1,27.2,27.1,27.0,27.2,27.2,27.2,27.2,27.0,27.1,27.1
124,26.6,26.4,26.2,26.4,26.3,26.6,26.2,26.3,26.2,26.2,26.2,26.3,26.4,26.5,26.7,27.4,27.9,28.4,29.0,29.2,29.4,29.4,29.4,29.4,29.3,29.5,29.2,29.3,29.3,29.4,29.2,29.3,29.2,29.2,29.3,29.2,29.2,29.2,28.9,28.6,28.0,27.2,26.7,26.5,26.6,26.4,26.6,26.4,26.4,26.3,26.4,26.3,26.3,26.4,26.2,26.3,26.2,26.3,26.2,26.2,26.3,26.1,26.3,26.4,26.2,26.2,26.3,26.3,26.3,26.3,26.2,26.4,26.3,26.5,26.6,26.6,26.4,26.4,26.3,26.3,26.2,26.1,26.1,26.1,26.2,25.9,26.1,26.0,26.1,26.1,26.0,26.2,26.3,26.6,26.7,26.8,26.9,27.0,26.6,26.6,26.3,26.1,26.1,26.1,26.0,26.0,26.0,26.1,26.1,26.1,26.1,26.1,26.1,26.2,26.3,26.1,26.3,26.3,26.4,26.3,26.3,26.0,26.0,26.0,26.1,26.0,26.0,25.9,26.1,26.0,26.0,26.2,26.4,26.5,26.6,26.8,27.0,26.9,27.0,27.0,27.0,27.2,27.0,27.3,27.3,27.3,27.2,27.2,27.3,27.3,27.2,27.1,27.5,27.3,27.4,27.2,27.4,27.3,27.2,27.3,27.4,27.3,27.3,27.3,27.2,27.3,27.2,27.2,27.3,27.1,27.1,27.1,27.2,27.0,27.2,27.1,27.2,26.9,27.3,27.2,27.0,27.0,27.2,27.1,27.3,27.0,27.1,27.1,27.1,27.1,27.0,27.0
125,26.5,26.4,26.3,26.4,26.2,26.4,26.3,26.3,26.4,26.2,26.2,26.2,26.3,26.5,26.8,27.2,27.8,28.4,28.9,29.2,29.3,29.4,29.4,29.3,29.3,29.3,29.2,29.3,29.4,29.2,29.1,29.2,29.4,29.2,29.2,29.2,29.1,29.3,28.8,28.5,28.1,27.5,26.9,26.6,26.6,26.5,26.5,26.3,26.2,26.4,26.4,26.5,26.2,26.3,26.2,26.3,26.2,26.3,26.3,26.3,26.0,26.2,26.2,26.3,26.2,26.3,26.2,26.1,26.3,26.2,26.3,26.2,26.3,26.2,26.2,26.3,26.4,26.2,26.2,26.1,26.1,26.1,26.1,26.2,26.1,26.0,26.1,26.1,26.2,26.0,26.1,26.1,26.3,26.5,26.7,26.8,26.8,26.8,26.5,26.4,26.1,26.1,26.1,26.1,26.1,26.1,26.1,26.0,26.0,26.0,26.2,26.1,26.2,26.2,26.4,26.2,26.2,26.2,26.3,26.3,26.2,26.2,25.9,26.0,26.1,26.0,26.0,25.8,26.1,25.7,26.2,26.1,26.4,26.4,26.7,26.9,27.1,27.0,27.0,27.1,27.0,27.1,27.1,27.3,27.3,27.4,27.3,27.3,27.3,27.3,27.2,27.2,27.5,27.4,27.3,27.3,27.3,27.3,27.2,27.3,27.2,27.2,27.3,27.2,27.3,27.1,27.3,27.3,27.3,27.3,27.3,27.1,27.3,27.1,27.1,27.2,27.2,27.2,27.0,27.2,27.1,27.1,27.2,27.1,27.1,27.1,27.0,27.2,27.1,26.9,27.1,27.1
126,26.3,26.4,26.4,26.3,26.3,26.2,26.3,26.2,26.4,26.4,26.2,26.4,26.4,26.4,26.6,27.2,27.8,28.4,29.0,29.3,29.3,29.4,29.6,29.4,29.4,29.4,29.3,29.4,29.3,29.4,29.3,29.2,29.4,29.2,29.2,29.2,29.2,29.1,28.8,28.3,28.0,27.3,26.9,26.6,26.5,26.6,26.6,26.3,26.3,26.4,26.2,26.4,26.3,26.3,26.3,26.3,26.1,26.2,26.2,26.3,26.2,26.4,26.4,26.3,26.4,26.2,26.2,26.3,26.1,26.2,26.2,26.0,26.3,26.0,26.2,26.3,26.4,26.1,26.0,26.1,26.2,26.0,26.2,26.2,25.9,26.1,26.1,26.0,26.3,26.1,26.2,26.2,26.3,26.4,26.5,26.6,26.6,26.4,26.3,26.1,26.2,26.1,26.0,26.0,26.1,26.1,26.1,26.0,26.1,26.2,26.1,26.1,26.1,26.1,26.2,26.2,26.1,26.1,26.0,26.1,26.1,26.1,26.0,26.0,26.0,26.0,25.9,25.9,25.9,25.9,25.9,26.1,26.3,26.4,26.6,26.9,26.9,27.0,27.1,26.9,27.1,27.1,27.2,27.3,27.1,27.3,27.2,27.2,27.4,27.3,27.3,27.3,27.3,27.3,27.6,27.2,27.2,27.1,27.4,27.3,27.4,27.3,27.1,27.4,27.3,27.3,27.2,27.2,27.2,27.1,27.2,27.3,27.3,27.2,27.2,27.3,27.1,27.1,27.1,27.1,27.3,27.1,27.1,27.2,27.2,27.1,27.1,27.2,27.0,27.0,27.1,27.0
127,26.3,26.3,26.4,26.2,26.4,26.5,26.2,26.2,26.4,26.3,26.3,26.3,26.2,26.5,26.8,27.2,28.0,28.5,29.0,29.2,29.4,29.3,29.3,29.4,29.4,29.4,29.4,29.4,29.3,29.3,29.3,29.2,29.4,29.2,29.2,29.2,29.4,29.0,28.6,28.3,27.9,27.3,26.7,26.8,26.6,26.6,26.5,26.4,26.4,26.4,26.4,26.4,26.2,26.3,26.3,26.3,26.2,26.3,26.3,26.3,26.4,26.3,26.3,26.3,26.4,26.2,26.2,26.3,26.2,26.1,26.1,26.2,26.1,26.0,26.1,26.2,26.1,26.1,26.0,26.2,26.1,25.9,26.0,26.1,26.2,26.0,26.2,26.1,26.1,26.2,26.2,26.3,26.3,26.1,26.3,26.4,26.3,26.4,26.3,26.1,25.9,26.0,26.1,26.1,26.1,26.0,25.9,26.1,26.0,26.0,26.0,26.0,26.1,26.2,26.2,26.3,26.1,26.1,26.2,26.0,26.0,26.0,26.1,25.9,25.9,26.0,26.0,25.9,25.9,25.8,25.9,26.1,26.2,26.4,26.6,26.9,27.0,27.0,27.0,27.0,27.0,27.3,27.1,27.2,27.2,27.3,27.3,27.3,27.2,27.3,27.2,27.3,27.4,27.3,27.3,27.1,27.2,27.3,27.4,27.2,27.3,27.3,27.2,27.1,27.4,27.2,27.1,27.3,27.3,27.3,27.2,27.3,27.2,27.2,27.1,27.1,27.1,27.2,27.1,27.1,27.1,27.2,27.1,27.1,27.1,27.2,27.0,27.1,27.1,26.9,27.1,27.0
128,26.5,26.2,26.4,26.4,26.4,26.4,26.3,26.4,26.5,26.4,26.4,26.4,26.3,26.6,26.7,27.0,27.8,28.3,28.8,29.3,29.5,29.3,29.4,29.4,29.4,29.3,29.3,29.2,29.3,29.4,29.2,29.1,29.4,29.2,29.3,29.2,29.2,29.2,28.8,28.4,28.0,27.3,26.8,26.6,26.6,26.5,26.5,26.5,26.3,26.4,26.4,26.4,26.2,26.4,26.2,26.3,26.4,26.4,26.3,26.3,26.4,26.4,26.4,26.3,26.4,26.4,26.3,26.3,26.3,26.1,26.3,26.0,26.2,26.2,26.0,26.2,26.0,26.0,26.1,26.2,26.2,26.0,26.1,26.1,26.1,26.1,26.2,26.1,26.2,26.2,26.2,26.1,26.2,26.2,26.2,26.2,26.2,26.2,26.0,26.0,26.0,26.1,26.1,26.0,26.2,26.1,26.1,25.9,26.1,26.1,26.0,26.1,26.0,26.1,26.0,26.1,26.1,26.2,26.0,26.2,26.2,26.2,25.9,26.1,25.9,26.0,25.8,26.0,26.1,26.1,26.1,26.2,26.3,26.5,26.7,26.9,26.9,26.9,27.1,27.0,26.9,27.2,27.1,27.4,27.4,27.3,27.5,27.3,27.3,27.3,27.4,27.4,27.5,27.6,27.3,27.3,27.4,27.3,27.3,27.4,27.6,27.3,27.5,27.5,27.3,27.2,27.4,27.1,27.2,27.2,27.2,27.3,27.3,27.1,27.1,27.1,27.1,27.2,27.1,27.1,26.9,27.1,27.3,27.3,27.1,27.2,27.0,27.1,27.1,27.0,27.0,27.1
129,26.5,26.3,26.4,26.5,26.3,26.3,26.3,26.3,26.4,26.4,26.7,26.4,26.3,26.6,26.7,27.1,27.8,28.6,29.0,29.0,29.2,29.4,29.3,29.5,29.3,29.3,29.3,29.2,29.2,29.2,29.2,29.1,29.2,29.1,29.2,29.2,29.2,29.2,28.8,28.5,27.9,27.3,26.8,26.7,26.6,26.6,26.5,26.4,26.4,26.4,26.4,26.4,26.4,26.4,26.4,26.4,26.2,26.4,26.2,26.3,26.2,26.2,26.3,26.5,26.3,26.4,26.2,26.3,26.3,26.2,26.0,26.2,26.1,26.1,26.1,26.1,26.1,26.2,26.2,26.0,26.2,26.1,26.1,25.9,26.1,26.2,26.2,26.0,26.2,25.9,26.2,26.2,26.2,26.3,26.3,26.2,26.1,26.2,26.1,26.1,26.1,25.8,26.0,26.1,26.0,26.0,26.0,26.2,26.1,26.0,25.9,25.9,25.9,26.2,26.2,26.2,26.2,26.1,26.1,26.2,26.0,26.0,25.9,26.0,25.9,26.1,25.9,25.9,25.8,26.2,26.0,26.2,26.2,26.6,26.6,26.8,26.8,27.0,27.0,26.9,27.1,27.3,27.2,27.2,27.3,27.4,27.5,27.3,27.3,27.3,27.3,27.3,27.4,27.4,27.3,27.5,27.2,27.3,27.3,27.3,27.3,27.3,27.5,27.4,27.3,27.4,27.3,27.2,27.1,27.3,27.3,27.3,27.3,27.1,27.0,27.1,27.2,27.2,27.1,27.1,27.1,27.3,27.1,27.2,27.1,27.2,27.1,27.3,27.0,27.1,27.0,27.2
130,26.4,26.3,26.4,26.4,26.4,26.4,26.4,26.2,26.3,26.1,26.3,26.5,26.3,26.4,26.8,27.1,27.7,28.3,28.8,29.1,29.3,29.2,29.3,29.3,29.4,29.2,29.1,29.1,29.1,28.9,29.1,28.9,29.1,29.0,29.2,29.2,29.2,29.2,28.8,28.4,28.0,27.3,26.6,26.6,26.6,26.5,26.5,26.4,26.3,26.2,26.3,26.5,26.4,26.3,26.3,26.4,26.1,26.3,26.2,26.2,26.3,26.4,26.5,26.2,26.3,26.1,26.3,26.1,26.1,25.8,26.1,26.2,26.0,26.1,25.9,26.2,26.0,26.2,26.0,26.2,26.1,26.0,26.1,26.1,26.0,25.9,25.9,26.0,26.1,26.1,26.0,26.0,26.1,26.2,26.2,26.1,26.2,26.2,26.1,26.1,25.9,26.1,26.1,26.1,25.9,25.9,25.9,26.0,26.0,26.0,25.9,26.0,26.0,26.2,26.3,26.3,26.4,26.4,26.5,26.3,26.2,26.1,26.1,26.0,26.0,25.9,26.0,26.0,25.8,25.9,25.9,26.1,26.4,26.5,26.6,26.9,27.0,26.9,27.0,27.2,27.1,27.2,27.1,27.3,27.3,27.4,27.2,27.3,27.3,27.3,27.2,27.2,27.3,27.2,27.4,27.3,27.1,27.2,27.4,27.3,27.3,27.3,27.2,27.1,27.2,27.3,27.1,27.1,27.1,27.3,27.1,27.3,27.1,27.1,27.3,27.2,27.2,27.1,27.1,27.2,26.8,27.0,27.1,27.0,27.1,27.0,27.2,27.3,27.0,27.0,27.0,27.1
131,26.4,26.3,26.5,26.5,26.3,26.3,26.4,26.4,26.5,26.4,26.5,26.5,26.3,26.5,26.8,27.2,27.8,28.4,28.8,29.2,29.3,29.4,29.4,29.4,29.4,29.3,29.1,29.2,29.0,28.8,28.9,29.0,29.0,29.0,29.3,29.2,29.3,28.9,28.8,28.5,28.0,27.3,26.8,26.6,26.6,26.4,26.5,26.3,26.3,26.3,26.4,26.4,26.3,26.3,26.3,26.3,26.2,26.2,26.1,26.3,26.2,26.3,26.2,26.3,26.2,26.2,26.1,26.3,26.1,26.1,26.2,26.1,26.1,26.2,26.1,26.0,26.0,26.1,26.2,26.0,25.9,25.9,26.2,26.2,26.3,26.1,25.9,26.1,26.1,26.1,26.1,26.1,26.3,26.2,26.2,26.2,26.0,26.2,26.0,25.9,26.0,25.9,26.0,26.0,26.1,25.8,26.0,25.9,26.0,26.2,25.9,26.1,25.9,26.1,26.4,26.3,26.5,26.5,26.4,26.5,26.2,26.2,26.0,26.1,26.0,25.9,26.1,26.0,25.8,26.0,25.8,26.0,26.0,26.4,26.4,26.9,26.9,26.9,26.9,27.0,26.9,27.1,27.1,27.2,27.3,27.3,27.3,27.2,27.2,27.2,27.4,27.2,27.2,27.4,27.4,27.2,27.4,27.3,27.3,27.3,27.3,27.2,27.3,27.4,27.3,27.2,27.1,27.1,27.3,27.2,27.1,27.2,27.3,27.2,27.1,27.2,27.2,27.1,27.1,27.0,27.0,27.1,27.1,27.2,26.9,27.2,26.9,27.1,27.0,27.0,27.2,27.0
132,26.4,26.4,26.5,26.4,26.4,26.4,26.3,26.4,26.4,26.3,26.4,26.4,26.3,26.4,26.6,27.0,27.5,28.4,28.8,29.2,29.2,29.2,29.3,29.2,29.3,29.2,29.2,29.0,28.9,28.8,28.9,28.9,29.0,29.0,29.1,29.2,29.1,29.3,28.8,28.5,28.0,27.4,26.9,26.7,26.4,26.5,26.6,26.4,26.4,26.2,26.1,26.2,26.4,26.4,26.2,26.4,26.2,26.1,26.2,26.2,26.2,26.2,26.3,26.2,26.2,26.2,26.2,26.2,26.2,26.1,26.2,26.1,26.0,26.2,26.1,26.0,26.2,26.1,26.0,26.1,26.1,26.1,26.1,26.1,26.0,26.0,26.2,26.3,26.2,26.1,26.2,26.3,26.2,26.1,26.2,26.2,26.0,25.9,25.9,26.0,26.0,25.9,26.0,25.9,26.1,26.1,26.1,26.0,25.9,26.0,26.0,26.0,25.9,26.2,26.4,26.4,26.5,26.4,26.4,26.3,26.4,26.1,26.0,26.0,26.0,25.9,26.0,25.8,25.8,25.9,25.8,26.0,26.1,26.5,26.4,26.8,27.0,26.9,27.2,27.0,27.3,27.1,27.0,27.3,27.3,27.3,27.2,27.3,27.2,27.5,27.3,27.4,27.2,27.6,27.6,27.1,27.4,27.3,27.3,27.5,27.5,27.1,27.3,27.2,27.3,27.3,27.1,27.1,27.1,27.3,27.2,27.3,27.3,27.2,27.3,27.2,27.1,27.0,27.1,27.2,27.2,27.0,27.3,27.1,27.3,27.2,27.1,27.2,27.1,27.0,26.9,27.3
133,26.5,26.5,26.5,26.6,26.3,26.4,26.2,26.4,26.5,26.3,26.4,26.4,26.2,26.5,26.8,27.1,27.7,28.2,28.9,29.2,29.2,29.0,29.4,29.2,29.3,29.3,29.2,29.2,29.0,29.0,29.0,29.1,29.1,29.0,29.1,29.2,29.1,29.0,29.0,28.6,28.1,27.5,26.9,26.6,26.4,26.5,26.5,26.2,26.4,26.3,26.4,26.4,26.5,26.4,26.3,26.4,26.3,26.4,26.4,26.5,26.2,26.3,26.3,26.1,26.4,26.2,26.3,26.2,26.3,26.1,25.9,26.1,26.1,26.3,26.1,26.2,26.1,26.0,26.0,26.2,26.1,26.2,26.1,26.0,26.2,26.2,26.3,26.0,26.2,26.2,26.2,26.1,26.3,26.2,26.2,26.1,26.1,26.1,26.1,26.1,26.0,25.9,26.0,25.9,25.9,26.0,25.9,25.9,26.1,25.9,26.1,26.1,26.0,26.3,26.4,26.2,26.4,26.4,26.4,26.4,26.3,26.2,26.2,26.1,25.9,25.9,25.9,26.1,26.1,26.0,26.0,26.0,26.2,26.5,26.8,26.9,27.0,27.0,27.1,27.0,27.0,27.3,27.2,27.2,27.4,27.3,27.2,27.5,27.2,27.4,27.2,27.4,27.3,27.5,27.3,27.3,27.3,27.4,27.4,27.3,27.3,27.3,27.4,27.3,27.3,27.1,27.3,27.2,27.3,27.2,27.2,27.3,27.1,27.2,27.3,27.2,27.1,27.2,27.2,27.1,27.1,27.1,27.2,27.1,27.1,27.2,27.0,27.0,27.0,26.9,26.9,27.1
134,26.5,26.5,26.3,26.5,26.4,26.4,26.4,26.2,26.3,26.2,26.3,26.4,26.4,26.4,26.6,27.0,27.5,28.2,28.6,29.0,29.2,29.3,29.4,29.3,29.4,29.1,29.2,29.0,29.2,29.2,29.1,29.3,29.0,29.2,29.2,29.0,28.8,28.7,28.4,28.3,28.0,27.6,27.0,26.7,26.6,26.3,26.3,26.4,26.2,26.3,26.1,26.4,26.3,26.4,26.2,26.3,26.2,26.3,26.3,26.3,26.3,26.3,26.2,26.2,26.3,26.3,26.2,26.2,26.1,26.1,26.0,26.2,26.1,26.2,26.1,26.1,26.2,26.2,26.0,26.1,26.2,26.2,26.1,26.1,26.1,26.0,26.2,26.1,26.2,26.3,26.3,26.2,26.3,26.2,26.2,26.1,26.1,26.2,26.0,26.1,26.2,26.0,25.9,25.9,26.2,26.0,25.8,25.9,25.9,25.9,26.0,26.1,26.0,26.1,26.2,26.2,26.3,26.3,26.3,26.4,26.4,26.3,26.2,26.0,26.0,26.0,25.9,25.8,25.9,26.0,26.0,26.0,26.4,26.4,26.6,26.9,27.1,26.8,27.0,27.2,27.0,27.1,27.3,27.2,27.2,27.3,27.3,27.4,27.2,27.3,27.2,27.3,27.4,27.2,27.4,27.3,27.4,27.3,27.6,27.3,27.3,27.3,27.3,27.2,27.1,27.3,27.1,27.1,27.3,27.3,27.4,27.2,27.1,27.1,27.1,27.2,27.2,27.1,27.2,27.0,26.9,27.2,27.2,27.2,27.2,27.1,27.1,27.1,27.2,27.1,27.0,27.1
135,26.3,26.5,26.4,26.4,26.5,26.4,26.4,26.4,26.3,26.4,26.3,26.4,26.3,26.5,26.6,26.9,27.5,28.0,28.9,29.1,29.2,29.3,29.2,29.4,29.3,29.3,29.4,29.4,29.2,29.2,29.2,29.4,29.3,29.2,29.0,28.7,28.6,28.2,28.1,28.1,27.9,27.8,27.4,27.0,26.6,26.3,26.4,26.3,26.1,26.2,26.4,26.4,26.4,26.4,26.3,26.3,26.5,26.3,26.4,26.3,26.0,26.3,26.2,26.1,26.1,26.2,26.2,26.2,26.1,26.2,26.1,26.1,26.1,26.3,26.2,26.2,26.1,26.1,26.1,26.1,26.2,26.0,26.1,26.2,26.2,26.1,26.2,26.3,26.3,26.2,26.1,26.3,26.2,26.2,26.1,26.1,26.1,26.1,26.0,26.1,26.1,25.9,25.9,26.0,26.1,25.9,25.9,25.9,26.0,26.0,26.0,25.9,26.0,26.1,25.9,26.1,26.3,26.4,26.7,26.6,26.6,26.5,26.4,26.2,25.9,25.9,26.0,25.9,25.8,26.0,25.7,25.9,26.2,26.6,26.6,26.8,26.9,26.9,27.1,27.0,27.1,27.1,27.2,27.3,27.3,27.4,27.2,27.5,27.3,27.4,27.2,27.3,27.3,27.5,27.3,27.3,27.3,27.3,27.3,27.3,27.4,27.4,27.3,27.5,27.4,27.3,27.3,27.2,27.2,27.1,27.2,27.1,27.1,27.2,27.2,27.1,27.3,27.1,27.2,27.1,27.2,27.2,27.1,27.1,27.1,27.0,27.1,27.1,27.2,27.1,26.9,27.0
136,26.5,26.5,26.4,26.4,26.4,26.4,26.5,26.2,26.3,26.3,26.3,26.3,26.4,26.4,26.6,26.8,27.4,28.1,28.7,29.0,29.2,29.3,29.4,29.2,29.3,29.3,29.2,29.3,29.3,29.3,29.3,29.2,29.3,29.2,28.8,28.6,28.3,27.9,27.8,27.7,27.7,27.9,27.6,27.3,26.6,26.3,26.3,26.4,26.3,26.2,26.3,26.5,26.5,26.5,26.6,26.6,26.5,26.6,26.4,26.4,26.3,26.5,26.4,26.3,26.2,26.2,26.2,26.1,26.3,26.2,26.2,26.1,26.0,26.3,26.3,26.1,26.0,26.1,26.2,26.2,26.2,26.1,26.0,26.1,26.0,26.2,26.1,26.2,26.2,26.1,26.2,26.3,26.3,26.2,26.2,26.0,26.0,26.0,26.1,26.0,26.1,26.1,26.0,26.1,26.0,26.1,26.1,26.0,26.1,25.9,26.1,26.1,26.0,26.0,25.9,26.1,26.2,26.4,26.5,26.6,26.6,26.5,26.4,26.3,26.0,26.0,25.9,26.0,25.9,25.9,26.0,26.1,26.2,26.4,26.6,26.9,26.9,27.2,27.1,27.1,27.1,27.1,27.2,27.2,27.2,27.3,27.3,27.4,27.4,27.4,27.2,27.3,27.3,27.3,27.4,27.3,27.3,27.3,27.4,27.2,27.3,27.4,27.2,27.3,27.2,27.2,27.2,27.2,27.1,27.1,27.2,27.2,27.1,27.1,27.3,27.2,27.2,27.1,27.1,27.2,27.1,27.0,27.1,27.1,27.0,27.1,27.1,27.1,27.0,27.1,27.1,26.9
137,26.4,26.5,26.5,26.5,26.5,26.5,26.5,26.4,26.3,26.4,26.4,26.3,26.4,26.5,26.5,26.8,27.1,27.9,28.5,28.8,28.9,29.1,29.1,29.1,29.2,29.0,29.1,29.1,29.1,29.0,28.9,29.0,28.9,28.9,28.6,28.3,27.8,27.4,27.5,27.6,27.6,27.7,27.5,27.1,26.5,26.4,26.3,26.3,26.2,26.4,26.3,26.5,26.6,26.9,27.1,27.3,27.1,27.0,26.8,26.5,26.5,26.5,26.3,26.3,26.2,26.2,26.2,26.1,26.2,26.1,26.2,26.1,26.1,26.1,26.2,26.3,26.2,26.2,26.2,26.2,26.1,26.2,26.0,26.2,26.2,26.2,26.1,26.2,26.3,26.1,26.3,26.1,26.3,26.4,26.2,26.1,26.1,26.2,26.2,26.1,26.2,26.2,26.0,26.1,26.1,26.1,26.0,26.0,26.1,26.0,26.2,26.1,25.9,26.1,26.2,26.0,26.1,26.3,26.5,26.5,26.6,26.4,26.4,26.1,26.1,25.8,26.1,25.9,25.9,26.0,26.0,26.0,26.3,26.4,26.6,26.7,27.1,27.0,27.2,27.0,27.1,27.3,27.2,27.3,27.2,27.2,27.2,27.2,27.3,27.5,27.4,27.3,27.4,27.4,27.5,27.5,27.2,27.2,27.2,27.2,27.4,27.3,27.5,27.4,27.3,27.3,27.3,27.2,27.3,27.1,27.3,27.2,27.2,27.1,27.3,27.2,27.3,27.1,27.2,27.1,27.1,27.1,27.2,27.2,27.2,27.1,27.0,27.1,27.0,27.0,27.1,27.1
138,26.3,26.4,26.5,26.5,26.5,26.4,26.3,26.3,26.3,26.4,26.4,26.3,26.3,26.1,26.4,26.5,27.0,27.4,27.8,28.1,28.3,28.5,28.6,28.6,28.6,28.5,28.4,28.5,28.4,28.2,28.2,28.2,28.2,28.0,27.9,27.7,27.4,27.3,27.4,27.5,27.3,27.3,27.2,26.7,26.4,26.3,26.2,26.3,26.2,26.3,26.5,26.8,27.1,27.6,27.8,27.6,27.6,27.5,27.2,26.9,26.5,26.6,26.4,26.2,26.2,26.2,26.2,26.2,26.2,26.0,26.2,26.1,26.1,26.1,26.1,26.2,26.1,26.3,26.0,26.2,26.2,26.1,26.1,26.0,26.1,26.0,26.3,26.2,26.2,26.1,26.2,26.1,26.2,26.3,26.2,26.0,26.0,25.9,26.2,26.2,26.1,25.9,26.0,26.1,25.9,26.0,26.0,26.2,26.0,26.0,25.9,26.1,25.9,25.9,26.0,26.0,26.0,26.1,26.4,26.4,26.2,26.2,26.1,26.0,26.1,26.0,25.9,25.8,26.0,25.9,26.0,26.1,26.3,26.5,26.6,26.8,26.9,26.9,27.0,27.1,27.1,27.1,27.1,27.1,27.3,27.1,27.3,27.4,27.4,27.3,27.3,27.3,27.2,27.3,27.2,27.3,27.4,27.1,27.2,27.3,27.3,27.3,27.2,27.3,27.3,27.2,27.3,27.0,27.2,27.2,27.3,27.1,27.2,27.2,27.3,27.3,27.2,27.1,27.2,27.2,27.1,27.2,27.3,27.1,27.1,27.0,27.0,27.0,27.0,27.1,27.1,27.0
139,26.4,26.5,26.4,26.5,26.4,26.4,26.4,26.5,26.4,26.3,26.4,26.3,26.3,26.5,26.2,26.4,26.9,27.1,27.3,27.5,27.9,27.9,27.9,27.9,28.0,27.9,27.8,27.6,27.5,27.6,27.4,27.3,27.5,27.3,27.5,27.1,27.0,27.1,26.9,26.9,27.0,26.9,26.7,26.5,26.5,26.4,26.4,26.3,26.4,26.4,26.6,27.2,27.5,27.9,27.8,28.0,27.9,28.0,27.6,27.7,27.2,26.6,26.4,26.4,26.4,26.3,26.1,26.2,26.2,26.1,26.1,26.2,26.2,26.2,26.2,26.2,26.1,26.0,26.3,26.2,26.0,26.3,26.0,26.1,26.3,26.2,26.2,26.2,26.2,26.2,26.2,26.1,26.2,26.2,26.2,26.3,26.1,26.2,26.2,26.1,26.1,26.2,26.0,26.2,26.2,25.9,26.2,26.0,26.1,26.1,26.0,25.9,26.1,26.1,26.1,26.1,26.1,26.2,26.3,26.2,26.2,26.0,26.0,26.0,26.0,25.8,26.0,26.0,25.9,25.9,26.1,26.1,26.3,26.4,26.6,26.8,27.0,27.0,27.0,27.1,27.1,27.1,27.2,27.3,27.2,27.3,27.4,27.3,27.3,27.3,27.3,27.5,27.4,27.3,27.4,27.1,27.5,27.3,27.3,27.3,27.3,27.3,27.3,27.4,27.3,27.3,27.2,27.2,27.2,27.2,27.0,27.1,27.3,27.1,27.1,27.1,27.2,27.1,27.1,27.2,27.1,27.1,27.1,27.0,27.1,27.1,27.1,27.2,27.0,27.1,27.2,27.0
140,26.4,26.5,26.4,26.6,26.4,26.6,26.4,26.3,26.4,26.4,26.3,26.4,26.4,26.2,26.4,26.3,26.6,26.5,27.0,27.4,27.6,27.5,27.6,27.6,27.6,27.5,27.2,27.1,27.1,26.8,26.9,27.0,27.0,26.8,26.8,26.7,26.7,26.8,26.7,26.8,26.8,26.6,26.7,26.5,26.4,26.5,26.3,26.3,26.3,26.5,26.9,27.3,27.8,28.0,27.9,27.9,27.9,27.9,28.1,28.2,27.8,27.0,26.5,26.4,26.3,26.3,26.1,26.1,26.1,26.2,26.2,26.1,26.1,26.2,26.2,26.2,26.3,26.3,26.2,26.3,26.3,26.1,26.2,26.3,26.2,26.2,26.3,26.2,26.3,26.3,26.3,26.3,26.4,26.3,26.2,26.2,26.2,26.2,26.2,26.4,26.2,26.3,26.2,26.2,26.2,25.9,26.2,26.2,26.1,26.1,26.0,26.3,26.2,26.2,26.3,26.3,26.2,26.1,26.1,26.1,26.0,26.0,26.0,25.8,25.9,25.9,25.9,26.2,25.9,25.9,26.0,26.2,26.1,26.4,26.7,26.9,27.1,27.1,27.1,27.0,27.1,27.1,26.9,27.1,27.2,27.4,27.2,27.4,27.2,27.3,27.3,27.3,27.3,27.4,27.4,27.3,27.3,27.3,27.2,27.3,27.3,27.3,27.1,27.3,27.4,27.3,27.2,27.1,27.4,27.2,27.3,27.1,27.2,27.2,27.1,27.3,27.2,27.2,27.2,27.2,27.1,27.0,27.0,27.1,27.2,27.1,27.0,27.1,27.2,27.1,27.2,26.9
141,26.5,26.4,26.5,26.6,26.3,26.4,26.4,26.3,26.5,26.0,26.4,26.3,26.3,26.3,26.4,26.4,26.7,26.7,27.1,27.0,27.3,27.4,27.5,27.3,27.4,27.1,27.2,27.0,27.0,26.6,26.6,26.6,26.6,26.5,26.6,26.5,26.6,26.4,26.4,26.3,26.5,26.3,26.4,26.4,26.5,26.4,26.4,26.3,26.4,26.7,27.1,27.6,27.8,28.0,27.5,27.6,27.8,27.8,27.9,28.3,28.1,27.0,26.6,26.4,26.3,26.4,26.3,26.1,26.4,26.2,26.2,26.3,26.2,26.4,26.5,26.5,26.4,26.3,26.3,26.3,26.2,26.3,26.3,26.3,26.4,26.4,26.4,26.5,26.6,26.6,26.5,26.5,26.4,26.6,26.5,26.6,26.5,26.5,26.5,26.6,26.7,26.5,26.4,26.3,26.2,26.1,26.2,26.0,26.0,26.1,26.1,26.2,26.5,26.2,26.2,26.2,26.1,26.2,26.2,26.2,26.1,26.0,26.1,25.9,25.9,26.0,26.0,26.0,26.0,25.8,26.0,26.0,26.2,26.3,26.6,26.8,27.1,27.0,27.0,27.1,27.1,27.3,27.3,27.3,27.4,27.3,27.3,27.3,27.2,27.4,27.4,27.2,27.3,27.4,27.4,27.3,27.4,27.3,27.3,27.3,27.3,27.2,27.3,27.3,27.1,27.3,27.3,27.3,27.3,27.3,27.2,27.2,27.1,27.2,27.3,27.1,27.1,27.1,27.2,27.2,27.0,27.3,27.2,27.2,27.2,27.0,27.1,27.1,27.1,27.0,27.0,27.2
142,26.5,26.6,26.5,26.6,26.3,26.2,26.5,26.4,26.4,26.5,26.4,26.2,26.3,26.3,26.2,26.5,26.7,26.7,27.0,27.2,27.4,27.4,27.4,27.4,27.4,27.2,27.0,26.9,26.8,26.6,26.5,26.6,26.6,26.5,26.4,26.5,26.5,26.5,26.3,26.4,26.2,26.4,26.3,26.2,26.3,26.4,26.4,26.2,26.5,26.7,27.1,27.7,28.0,27.8,27.3,27.5,27.6,27.9,28.0,28.4,28.2,27.1,26.6,26.4,26.4,26.3,26.2,26.2,26.3,26.5,26.3,26.4,26.4,26.5,26.4,26.6,26.5,26.3,26.4,26.2,26.3,26.3,26.5,26.6,26.5,26.3,26.6,26.6,26.6,26.5,26.6,26.7,26.7,26.7,26.7,26.7,26.6,26.5,26.6,26.6,26.5,26.4,26.4,26.2,26.0,26.0,26.0,25.9,26.1,26.0,26.0,26.1,26.3,26.3,26.2,26.2,26.2,26.0,26.2,26.1,26.0,26.0,25.8,25.9,25.9,25.7,26.1,25.8,25.8,25.8,26.0,26.0,26.2,26.3,26.6,26.7,26.9,27.0,27.1,27.0,26.9,27.2,27.0,27.1,27.2,27.2,27.4,27.4,27.3,27.3,27.2,27.3,27.3,27.3,27.3,27.3,27.2,27.4,27.3,27.2,27.3,27.3,27.3,27.2,27.3,27.2,27.2,27.3,27.1,27.2,27.2,27.2,27.2,27.3,27.2,27.3,27.2,27.3,27.1,27.1,27.0,27.1,27.3,27.2,27.1,27.3,27.1,27.2,27.1,27.0,27.0,27.0
143,26.6,26.4,26.5,26.5,26.5,26.5,26.6,26.4,26.6,26.5,26.5,26.6,26.5,26.7,26.5,26.5,26.7,26.9,26.9,27.3,27.3,27.4,27.4,27.3,27.5,27.3,27.0,26.9,26.9,26.6,26.4,26.4,26.6,26.4,26.4,26.4,26.4,26.4,26.4,26.4,26.4,26.3,26.3,26.3,26.3,26.3,26.4,26.4,26.6,26.8,27.2,27.6,28.0,27.8,27.6,27.4,27.5,27.8,28.1,28.6,28.2,27.3,26.6,26.5,26.4,26.3,26.2,26.2,26.4,26.5,26.6,26.6,26.4,26.6,26.5,26.6,26.6,26.4,26.4,26.4,26.4,26.5,26.4,26.5,26.8,26.6,26.8,26.8,26.7,26.6,26.6,26.6,26.8,26.7,26.9,26.9,26.7,26.7,26.7,26.5,26.7,26.5,26.3,26.3,26.3,26.1,26.1,26.1,25.9,26.1,26.0,26.1,26.2,26.3,26.3,26.4,26.3,26.0,26.2,26.2,26.2,26.0,26.0,26.0,25.8,26.0,26.0,26.0,26.0,25.9,26.1,26.1,26.2,26.4,26.5,26.7,26.9,27.0,27.2,27.1,27.0,27.1,27.1,27.2,27.2,27.4,27.4,27.5,27.3,27.2,27.4,27.4,27.2,27.3,27.4,27.3,27.3,27.4,27.3,27.3,27.3,27.1,27.3,27.2,27.5,27.4,27.2,27.2,27.2,27.2,27.1,27.1,27.2,27.2,27.1,27.3,27.3,27.2,27.1,27.2,27.1,27.3,27.1,27.0,27.1,27.1,27.1,27.1,27.1,27.1,27.0,27.1
144,26.7,26.7,26.7,26.7,26.8,26.8,26.8,26.8,26.8,26.6,26.9,26.6,26.6,26.6,26.6,26.8,26.9,27.0,27.1,27.4,27.3,27.2,27.3,27.2,27.4,27.1,27.1,26.9,26.6,26.6,26.4,26.4,26.3,26.3,26.3,26.2,26.3,26.4,26.3,26.4,26.4,26.4,26.3,26.3,26.5,26.4,26.4,26.3,26.6,26.8,27.0,27.3,27.9,27.9,27.8,27.6,27.9,28.0,28.2,28.4,28.0,27.3,26.6,26.4,26.3,26.4,26.3,26.1,26.3,26.3,26.4,26.4,26.6,26.5,26.6,26.6,26.6,26.4,26.2,26.4,26.3,26.5,26.6,26.7,26.9,26.6,26.8,26.9,26.9,26.8,26.7,26.8,26.8,26.9,27.1,26.9,26.9,26.9,26.8,26.8,26.6,26.6,26.6,26.2,26.0,26.1,26.1,26.0,26.0,26.0,26.1,26.1,26.1,26.2,26.2,26.1,25.9,25.9,26.0,26.0,26.1,25.9,25.7,26.0,26.0,25.9,25.9,26.0,25.9,26.0,26.1,26.1,26.1,26.4,26.4,26.7,26.9,26.9,27.0,27.0,27.0,27.0,27.1,27.1,27.3,27.3,27.3,27.3,27.1,27.3,27.3,27.4,27.5,27.3,27.3,27.3,27.4,27.1,27.3,27.3,27.5,27.3,27.3,27.4,27.2,27.3,27.2,27.2,27.3,27.2,27.1,27.1,27.2,27.2,27.1,27.1,27.0,27.2,27.1,27.1,27.1,27.0,27.2,27.1,27.1,27.0,26.9,27.2,27.0,27.0,26.9,27.1
145,27.1,27.0,27.2,27.1,27.1,27.3,27.0,27.0,27.1,27.1,27.1,27.1,27.1,27.1,27.1,27.1,27.1,27.2,27.4,27.3,27.4,27.4,27.4,27.5,27.4,27.3,27.2,26.9,26.7,26.6,26.5,26.5,26.4,26.4,26.2,26.4,26.4,26.4,26.3,26.3,26.4,26.4,26.4,26.3,26.3,26.3,26.2,26.3,26.3,26.6,26.9,27.2,27.6,28.0,28.1,28.0,28.0,28.1,28.1,28.3,27.8,26.9,26.7,26.4,26.2,26.3,26.4,26.5,26.4,26.7,26.6,26.5,26.4,26.5,26.4,26.6,26.6,26.2,26.4,26.5,26.5,26.6,26.5,26.8,26.9,26.7,26.9,26.7,26.7,26.9,26.7,26.8,26.9,27.0,27.0,26.9,26.8,26.9,26.8,26.8,26.6,26.6,26.4,26.2,26.2,26.2,26.4,26.0,26.1,25.9,26.2,26.1,26.2,26.2,26.2,26.2,26.0,26.2,26.1,26.1,26.2,26.1,26.0,26.2,26.1,25.8,26.0,25.9,26.0,26.0,26.0,26.2,26.1,26.2,26.6,26.7,26.7,26.8,27.2,27.0,27.1,27.1,27.1,27.2,27.1,27.2,27.3,27.3,27.3,27.3,27.4,27.3,27.3,27.5,27.3,27.4,27.3,27.4,27.3,27.2,27.2,27.2,27.1,27.1,27.3,27.3,27.1,27.2,27.3,27.3,27.2,27.1,27.3,27.1,27.1,27.2,27.2,27.3,27.1,27.1,27.2,27.1,27.3,27.1,27.1,27.3,27.1,27.1,27.2,27.0,27.0,27.0
146,27.3,27.4,27.2,27.3,27.1,27.3,27.2,27.3,27.1,27.1,27.3,27.4,27.4,27.3,27.2,27.2,27.3,27.2,27.5,27.3,27.3,27.3,27.4,27.4,27.3,27.2,27.1,27.1,26.9,26.7,26.4,26.3,26.5,26.4,26.2,26.3,26.3,26.4,26.4,26.2,26.3,26.3,26.3,26.2,26.4,26.3,26.3,26.3,26.4,26.5,26.8,27.1,27.2,27.6,27.7,27.8,28.0,27.8,27.7,27.7,27.3,26.8,26.5,26.3,26.4,26.3,26.2,26.3,26.4,26.2,26.4,26.5,26.4,26.5,26.4,26.5,26.4,26.4,26.2,26.4,26.5,26.6,26.4,26.8,26.8,26.7,26.8,26.7,26.7,26.8,26.9,27.1,27.0,27.0,27.0,27.0,26.9,26.8,26.9,26.7,26.6,26.4,26.4,26.3,26.1,26.0,26.1,26.1,26.1,26.0,26.1,26.0,26.1,26.2,26.1,26.3,26.0,26.0,26.4,26.4,26.4,26.4,26.4,26.3,26.0,26.0,26.0,26.0,26.1,26.1,26.1,26.1,26.2,26.4,26.5,26.7,26.9,27.0,27.0,27.0,27.2,27.1,27.4,27.2,27.3,27.3,27.2,27.4,27.3,27.2,27.3,27.3,27.3,27.4,27.3,27.4,27.4,27.3,27.4,27.3,27.2,27.3,27.3,27.2,27.3,27.1,27.1,27.2,27.3,27.2,27.2,27.2,27.3,27.3,27.2,27.2,27.2,27.1,27.1,27.3,27.1,27.1,27.1,27.0,27.1,27.1,27.1,27.1,27.2,27.2,27.1,26.9
147,27.2,27.3,27.4,27.5,27.4,27.4,27.3,27.3,27.5,27.2,27.3,27.4,27.6,27.5,27.3,27.4,27.4,27.4,27.5,27.4,27.3,27.4,27.6,27.4,27.4,27.3,27.4,27.1,26.9,26.7,26.6,26.6,26.3,26.2,26.4,26.2,26.2,26.4,26.3,26.2,26.4,26.2,26.2,26.3,26.2,26.2,26.2,26.4,26.2,26.5,26.5,26.8,26.9,27.3,27.2,27.5,27.4,27.4,27.3,27.3,27.0,26.7,26.5,26.3,26.4,26.2,26.2,26.2,26.3,26.4,26.5,26.4,26.4,26.4,26.6,26.6,26.6,26.6,26.5,26.3,26.4,26.6,26.8,26.9,27.0,26.9,26.9,26.9,27.0,27.2,27.1,27.2,27.1,27.3,27.4,27.1,27.0,26.9,26.8,26.6,26.6,26.5,26.2,26.3,26.2,26.0,26.0,26.1,26.2,26.1,26.0,26.1,26.0,26.1,25.9,26.0,26.1,25.9,26.5,26.5,26.6,26.6,26.3,26.2,25.9,25.8,25.9,25.9,26.0,25.9,25.8,26.0,26.1,26.2,26.4,26.6,27.1,26.9,27.0,27.2,27.2,27.1,27.1,27.3,27.2,27.3,27.2,27.2,27.2,27.2,27.2,27.4,27.5,27.4,27.3,27.3,27.3,27.2,27.3,27.4,27.2,27.3,27.1,27.1,27.3,27.3,27.4,27.2,27.2,27.2,27.2,27.3,27.2,27.1,27.2,27.3,27.3,27.2,27.1,27.2,27.1,27.1,27.2,27.1,27.1,27.1,27.0,27.2,27.1,27.1,27.2,27.3
148,27.3,27.4,27.3,27.5,27.3,27.5,27.3,27.3,27.3,27.3,27.4,27.4,27.5,27.3,27.5,27.4,27.5,27.5,27.4,27.5,27.5,27.5,27.6,27.6,27.6,27.5,27.4,27.3,27.3,27.1,26.8,26.6,26.4,26.4,26.2,26.2,26.2,26.2,26.2,26.2,26.2,26.2,26.2,26.1,26.3,26.1,26.2,26.1,26.1,26.3,26.4,26.5,26.7,26.9,27.0,27.0,27.1,27.3,27.3,27.3,27.2,26.9,26.6,26.4,26.2,26.2,26.2,26.2,26.2,26.4,26.4,26.6,26.6,26.8,26.7,26.8,26.7,26.8,26.5,26.6,26.7,26.6,27.0,27.3,27.3,27.3,27.3,27.2,27.4,27.6,27.3,27.4,27.3,27.6,27.6,27.5,27.3,27.1,26.6,26.5,26.4,26.4,26.2,26.3,26.2,26.1,26.1,26.2,26.1,26.1,26.0,26.0,25.9,26.0,26.0,26.0,26.1,26.1,26.4,26.6,26.7,26.5,26.4,26.3,26.1,26.0,25.9,26.1,25.9,25.9,26.1,26.1,26.2,26.1,26.6,26.7,26.7,26.9,27.0,27.1,27.0,27.1,27.1,27.1,27.1,27.2,27.2,27.2,27.2,27.2,27.4,27.4,27.3,27.2,27.4,27.2,27.4,27.2,27.3,27.1,27.2,27.2,27.1,27.1,27.4,27.2,27.2,27.1,27.3,27.4,27.1,27.1,27.0,27.2,27.1,27.2,27.1,27.1,27.1,27.2,27.1,27.1,27.1,27.1,26.9,27.2,27.1,27.2,27.1,26.9,27.1,27.1
149,27.3,27.4,27.4,27.4,27.6,27.5,27.5,27.4,27.4,27.6,27.5,27.4,27.3,27.4,27.4,27.3,27.4,27.5,27.6,27.6,28.0,27.9,28.1,28.2,28.2,28.1,28.0,27.9,27.9,27.6,27.3,26.7,26.5,26.2,26.2,26.2,26.2,26.4,26.2,26.2,26.2,26.2,26.1,26.2,26.2,26.1,26.2,26.2,26.1,26.1,26.2,26.4,26.5,26.6,26.6,26.7,27.0,27.3,27.7,28.0,27.8,27.1,26.8,26.5,26.4,26.3,26.2,26.3,26.3,26.3,26.4,26.4,26.6,26.7,26.8,26.9,26.8,26.7,26.7,26.6,26.8,26.9,27.3,27.7,27.7,27.3,27.4,27.3,27.4,27.9,27.6,27.5,27.6,28.0,28.0,27.8,27.3,27.0,26.8,26.5,26.4,26.2,26.3,26.1,26.3,26.1,26.0,26.0,26.0,25.8,26.0,26.1,25.9,26.0,26.1,26.0,26.1,26.1,26.4,26.5,26.6,26.7,26.4,26.0,26.2,26.0,26.0,26.0,25.9,26.1,25.9,26.1,26.1,26.3,26.6,26.8,26.8,26.9,27.1,26.9,27.1,27.1,27.1,27.3,27.3,27.3,27.3,27.3,27.2,27.2,27.4,27.3,27.4,27.4,27.2,27.3,27.3,27.1,27.3,27.4,27.3,27.3,27.2,27.2,27.3,27.2,27.3,27.2,27.2,27.2,27.2,27.3,27.3,27.1,27.1,27.0,27.1,27.2,27.0,27.2,27.0,27.1,27.0,27.3,27.1,27.1,27.1,27.0,27.1,26.8,27.1,27.1
150,27.3,27.3,27.4,27.4,27.4,27.5,27.4,27.4,27.6,27.5,27.4,27.5,27.4,27.4,27.5,27.5,27.6,27.6,27.6,27.9,28.0,28.3,28.6,28.6,28.7,28.6,28.5,28.4,28.1,27.8,27.4,26.9,26.5,26.2,26.2,26.2,26.2,26.2,26.2,26.1,26.2,26.2,26.2,26.2,26.2,26.2,26.2,26.1,26.1,26.2,26.2,26.2,26.4,26.5,26.6,26.8,26.9,27.5,27.8,27.8,28.0,27.3,26.8,26.5,26.4,26.4,26.4,26.4,26.4,26.4,26.4,26.6,26.7,26.8,26.9,27.0,26.9,26.9,26.6,26.7,26.8,26.9,27.2,27.6,27.6,27.3,27.2,27.2,27.2,27.3,27.5,27.5,27.8,27.9,28.1,27.9,27.5,27.1,26.8,26.6,26.4,26.3,26.2,26.3,26.2,26.2,26.1,25.9,26.0,26.0,26.0,25.9,26.0,25.9,26.0,26.0,26.0,26.2,26.4,26.3,26.4,26.3,26.3,26.0,26.0,26.0,26.0,26.0,26.0,26.0,26.0,25.9,26.0,26.3,26.5,26.8,26.8,26.9,26.9,26.9,27.1,27.1,27.1,27.1,27.3,27.3,27.3,27.3,27.2,27.1,27.3,27.3,27.3,27.3,27.3,27.3,27.3,27.2,27.2,27.3,27.3,27.3,27.1,27.2,27.2,27.3,27.2,27.2,27.2,27.2,27.2,27.2,27.2,27.1,27.1,27.1,27.2,27.1,27.2,27.2,27.2,27.1,27.1,27.1,27.1,27.1,27.0,27.0,27.1,27.1,27.1,27.1
151,27.3,27.3,27.4,27.3,27.4,27.5,27.4,27.6,27.5,27.4,27.6,27.3,27.5,27.5,27.6,27.7,27.6,27.6,27.9,28.1,28.6,28.9,28.9,29.1,29.1,29.1,28.9,28.9,28.7,28.2,27.7,27.1,26.5,26.2,26.3,26.1,26.2,26.2,26.1,26.1,26.3,26.2,26.0,26.2,26.1,26.1,26.2,26.0,26.1,26.2,26.2,26.3,26.2,26.4,26.7,26.8,26.9,27.7,27.9,28.3,28.2,27.6,26.9,26.5,26.7,26.4,26.4,26.6,26.5,26.4,26.6,26.7,26.8,26.9,27.1,27.1,27.3,27.0,27.0,26.6,26.7,26.9,27.1,27.6,27.6,27.4,27.1,27.2,27.1,27.2,27.3,27.6,27.9,28.3,28.4,28.2,27.6,27.1,26.7,26.7,26.5,26.8,26.3,26.2,26.4,26.3,26.1,26.1,25.9,26.0,26.0,26.0,25.9,26.0,25.9,26.0,25.9,26.2,26.4,26.4,26.3,26.3,26.3,25.9,26.0,26.1,26.1,26.0,26.1,26.0,26.0,25.8,26.0,26.3,26.4,26.8,26.8,26.9,27.0,26.9,27.0,27.2,27.1,27.1,27.2,27.3,27.1,27.3,27.3,27.1,27.3,27.3,27.1,27.3,27.2,27.2,27.3,27.1,27.2,27.3,27.3,27.1,27.3,27.2,27.2,27.3,27.3,27.2,27.2,27.1,27.1,27.2,27.2,27.1,27.2,27.2,27.1,27.2,27.1,27.2,27.1,27.1,27.1,27.1,27.0,26.9,27.0,27.2,27.0,27.1,27.1,27.1
152,27.4,27.6,27.5,27.6,27.5,27.5,27.5,27.5,27.6,27.5,27.6,27.7,27.6,27.6,27.4,27.6,27.7,27.8,27.8,28.2,28.5,28.9,28.9,29.0,29.0,28.9,28.6,28.7,28.6,28.2,27.7,27.2,26.5,26.3,26.3,26.3,26.3,26.2,26.2,26.3,26.2,26.2,26.1,26.0,26.2,26.2,26.1,26.2,26.2,26.3,26.1,26.4,26.4,26.3,26.3,26.6,27.0,27.3,27.7,27.6,27.4,27.2,26.9,26.6,26.6,26.6,26.4,26.5,26.5,26.4,26.6,26.7,26.9,26.9,27.1,27.1,27.1,26.9,26.9,26.8,26.6,26.8,26.9,27.0,27.2,27.1,27.0,26.9,27.0,26.9,27.0,27.3,27.6,27.9,28.0,28.0,27.4,26.9,26.9,26.9,26.9,26.8,26.6,26.5,26.4,26.4,26.2,26.2,26.2,26.0,26.1,26.0,26.2,26.1,26.0,26.3,26.2,26.4,26.3,26.3,26.3,26.2,26.1,26.0,26.0,25.8,26.0,26.0,26.2,26.0,26.0,26.1,26.3,26.3,26.6,26.8,26.8,26.9,27.1,26.9,27.2,27.1,27.3,27.1,27.0,27.2,27.2,27.3,27.3,27.3,27.4,27.3,27.2,27.5,27.4,27.3,27.4,27.3,27.1,27.4,27.3,27.0,27.2,27.3,27.3,27.1,27.2,27.3,27.2,27.1,27.1,27.0,27.2,27.2,27.1,27.0,27.1,27.1,27.1,27.0,27.1,27.0,27.1,27.1,27.1,27.1,27.1,26.9,27.0,26.9,27.1,27.0
153,27.5,27.5,27.5,27.4,27.5,27.6,27.6,27.6,27.6,27.5,27.6,27.3,27.6,27.6,27.6,27.6,27.5,27.7,28.0,28.1,28.3,28.4,28.5,28.6,28.5,28.4,28.4,28.2,28.0,27.6,27.3,26.9,26.5,26.6,26.3,26.4,26.4,26.4,26.4,26.3,26.3,26.2,26.1,26.2,26.2,26.3,26.3,26.1,26.2,26.2,26.3,26.2,26.4,26.4,26.4,26.6,26.9,27.0,27.2,27.2,27.1,26.9,26.6,26.6,26.6,26.7,26.7,26.7,26.6,26.5,26.6,26.7,26.9,27.1,27.1,27.2,27.1,27.1,27.0,26.7,26.6,26.6,26.8,26.9,26.9,26.8,26.6,26.7,26.7,26.7,26.9,27.0,27.2,27.6,27.6,27.5,27.1,27.1,27.1,27.3,27.6,27.4,27.2,26.7,26.7,26.5,26.6,26.2,26.3,26.2,26.2,26.1,26.1,26.1,25.9,26.2,26.2,26.2,26.2,26.3,26.2,26.3,26.2,26.2,26.2,26.1,26.4,26.5,26.5,26.3,26.3,26.2,26.2,26.4,26.4,26.6,26.8,26.9,27.1,27.1,27.1,27.1,27.1,27.2,27.2,27.3,27.2,27.1,27.4,27.3,27.4,27.3,27.3,27.2,27.3,27.4,27.3,27.1,27.3,27.2,27.3,27.4,27.4,27.2,27.2,27.1,27.4,27.1,27.3,27.3,27.1,27.2,27.2,27.3,27.2,27.2,27.2,27.2,27.1,27.2,27.1,27.1,27.2,27.1,27.1,27.1,27.1,27.3,27.1,27.0,27.1,27.1
154,27.6,27.5,27.7,27.6,27.6,27.7,27.6,27.6,27.6,27.6,27.7,27.6,27.6,27.6,27.6,27.6,27.7,27.7,27.7,27.9,28.1,28.1,28.0,28.0,28.0,28.0,27.9,27.9,27.3,27.3,26.7,26.6,26.6,26.4,26.4,26.5,26.5,26.6,26.5,26.5,26.4,26.3,26.4,26.3,26.2,26.2,26.3,26.3,26.1,26.3,26.3,26.4,26.4,26.4,26.4,26.5,26.6,26.7,26.8,26.8,26.7,26.6,26.7,26.5,26.7,26.6,26.4,26.3,26.6,26.5,26.7,26.7,26.6,26.9,26.8,27.1,27.1,26.8,26.9,26.7,26.4,26.5,26.5,26.7,26.6,26.5,26.6,26.5,26.6,26.4,26.5,26.7,26.8,27.0,27.1,27.0,27.0,27.2,27.5,28.1,28.5,28.3,27.6,27.3,26.9,26.9,26.4,26.4,26.2,26.1,26.0,26.0,26.1,26.1,26.2,26.2,26.2,26.3,26.2,26.2,26.3,26.2,26.2,26.2,26.3,26.4,26.7,26.9,26.9,26.9,26.6,26.5,26.4,26.4,26.6,26.7,26.9,26.9,27.0,27.1,27.2,27.1,27.1,27.4,27.2,27.3,27.4,27.3,27.3,27.3,27.1,27.3,27.4,27.2,27.2,27.3,27.3,27.1,27.2,27.3,27.4,27.2,27.2,27.1,27.2,27.3,27.4,27.2,27.2,27.2,27.2,27.3,27.3,27.2,27.3,27.1,27.1,27.2,27.1,27.1,27.1,27.1,27.0,27.1,27.1,27.1,27.2,27.1,27.2,26.9,27.2,27.1
155,27.6,27.5,27.6,27.5,27.5,27.6,27.5,27.7,27.5,27.6,27.5,27.6,27.6,27.7,27.6,27.6,27.6,27.7,27.6,27.8,27.7,27.7,27.7,27.7,27.8,27.6,27.5,27.2,27.3,26.9,26.6,26.4,26.6,26.5,26.5,26.7,26.7,26.7,26.5,26.5,26.4,26.3,26.1,26.3,26.2,26.1,26.2,26.1,26.2,26.4,26.4,26.3,26.4,26.4,26.2,26.4,26.3,26.4,26.5,26.4,26.6,26.5,26.4,26.5,26.6,26.5,26.5,26.4,26.6,26.4,26.6,26.6,26.7,26.7,26.9,27.0,26.7,26.6,26.6,26.6,26.5,26.3,26.4,26.2,26.4,26.2,26.4,26.4,26.4,26.3,26.5,26.3,26.4,26.7,26.4,26.7,26.9,27.2,28.0,29.0,29.5,29.2,28.3,27.6,27.1,26.8,26.6,26.4,26.2,26.1,26.2,26.0,26.1,26.1,26.1,26.2,26.0,26.1,26.3,26.2,26.4,26.3,26.1,26.4,26.8,27.1,27.3,27.4,27.5,27.4,27.3,26.9,26.7,26.5,26.7,26.6,26.8,27.0,26.9,26.9,26.9,27.1,27.2,27.2,27.2,27.4,27.2,27.3,27.3,27.3,27.3,27.3,27.2,27.4,27.3,27.2,27.2,27.1,27.3,27.1,27.2,27.2,27.3,27.4,27.3,27.3,27.1,27.4,27.3,27.2,27.1,27.0,27.2,27.0,27.1,27.1,27.1,27.1,27.1,27.3,27.1,27.1,27.1,27.1,27.2,27.1,27.1,27.2,27.1,27.1,27.0,27.1
156,27.4,27.5,27.8,27.4,27.6,27.7,27.5,27.5,27.6,27.7,27.5,27.7,27.5,27.5,27.6,27.6,27.6,27.7,27.6,27.7,27.8,27.7,27.7,27.6,27.7,27.4,27.2,27.1,27.1,26.8,26.7,26.5,26.8,27.0,26.8,26.9,26.9,26.6,26.6,26.5,26.3,26.2,26.1,26.0,26.2,26.0,26.1,26.2,26.2,26.2,26.3,26.3,26.4,26.3,26.2,26.3,26.5,26.4,26.4,26.4,26.3,26.3,26.4,26.3,26.4,26.3,26.5,26.5,26.4,26.4,26.3,26.7,26.6,26.7,26.6,26.6,26.7,26.6,26.5,26.5,26.2,26.3,26.2,26.2,26.3,26.1,26.2,26.3,26.4,26.2,26.4,26.3,26.5,26.3,26.5,26.6,26.6,27.4,28.4,29.6,30.1,29.4,28.7,27.8,27.1,26.7,26.6,26.4,26.3,26.1,26.2,26.1,26.2,26.1,26.0,26.1,25.9,26.3,26.4,26.4,26.2,26.3,26.4,26.7,27.1,27.3,27.4,27.6,27.6,27.6,27.7,27.4,26.9,26.6,26.6,26.9,26.8,26.9,27.0,26.9,27.1,27.2,27.0,27.1,27.2,27.3,27.1,27.2,27.1,27.3,27.3,27.3,27.3,27.2,27.2,27.3,27.1,27.4,27.1,27.3,27.1,27.4,27.3,27.2,27.3,27.1,27.3,27.1,27.3,27.1,27.3,27.3,27.3,27.1,27.3,27.1,27.2,27.1,27.3,27.1,27.2,27.3,27.1,27.1,27.1,27.1,27.0,27.1,27.2,27.0,27.2,27.1
157,27.4,27.5,27.7,27.5,27.8,27.6,27.5,27.7,27.7,27.6,27.7,27.6,27.5,27.6,27.8,27.7,27.6,27.5,27.6,27.6,27.8,27.6,27.7,27.5,27.7,27.4,27.4,27.1,26.9,26.8,26.8,27.0,27.2,27.5,27.6,27.6,27.6,27.2,26.8,26.5,26.4,26.3,26.2,26.3,26.2,26.1,26.1,26.2,25.9,26.1,26.1,26.4,26.3,26.3,26.4,26.4,26.2,26.3,26.2,26.2,26.4,26.4,26.3,26.4,26.4,26.5,26.4,26.4,26.5,26.6,26.5,26.5,26.6,26.6,26.8,26.9,26.7,26.7,26.6,26.5,26.4,26.3,26.2,26.1,26.3,26.1,26.3,26.2,26.2,26.1,26.1,26.2,26.2,26.3,26.4,26.5,26.7,27.5,28.3,29.0,29.4,28.8,28.1,27.6,27.0,26.7,26.5,26.3,26.3,26.0,26.0,26.2,25.9,26.0,26.0,26.2,25.9,26.3,26.3,26.3,26.3,26.4,26.4,27.0,27.5,27.5,27.5,27.5,27.6,27.6,27.8,27.6,27.3,26.8,26.8,26.7,26.9,26.9,27.0,26.9,27.0,27.1,27.0,27.3,27.0,27.1,27.1,27.2,27.3,27.3,27.2,27.3,27.3,27.4,27.3,27.1,27.3,27.2,27.3,27.3,27.3,27.2,27.3,27.3,27.3,27.1,27.3,27.2,27.3,27.2,27.2,27.2,27.3,27.1,27.2,27.1,27.1,27.0,27.1,27.2,27.1,27.1,27.1,27.1,27.1,27.2,27.1,27.0,26.9,26.9,27.0,27.0
158,27.5,27.6,27.7,27.7,27.5,27.4,27.6,27.7,27.6,27.6,27.5,27.7,27.6,27.6,27.6,27.9,27.6,27.5,27.5,27.5,27.6,27.6,27.6,27.5,27.7,27.4,27.2,27.2,27.1,26.9,27.1,27.3,27.9,28.0,28.0,28.0,28.0,27.8,27.3,26.7,26.6,26.4,26.3,26.2,26.2,26.2,26.4,26.1,26.0,26.2,26.3,26.3,26.3,26.4,26.3,26.2,26.2,26.3,26.4,26.2,26.3,26.4,26.3,26.4,26.4,26.4,26.4,26.5,26.5,26.3,26.6,26.5,26.5,26.8,26.9,26.9,27.0,26.9,26.6,26.5,26.2,26.2,26.2,26.2,26.3,26.1,26.2,26.3,26.2,26.2,26.2,26.2,26.3,26.3,26.4,26.5,26.7,27.1,28.0,28.6,28.8,28.4,27.9,27.3,26.9,26.7,26.6,26.5,26.2,26.3,26.3,26.1,26.2,26.1,26.2,26.2,26.3,26.1,26.2,26.2,26.2,26.4,26.7,27.3,27.7,27.6,27.5,27.2,27.3,27.3,27.8,27.8,27.4,27.2,26.8,26.8,27.0,26.9,27.0,27.0,27.0,27.1,27.2,27.2,27.2,27.3,27.3,27.4,27.3,27.3,27.3,27.3,27.3,27.3,27.5,27.3,27.2,27.3,27.4,27.5,27.3,27.2,27.2,27.3,27.2,27.1,27.2,27.1,27.2,27.4,27.2,27.2,27.3,27.3,27.1,27.1,27.2,27.2,27.1,27.2,27.2,27.0,27.2,27.1,27.1,27.1,27.0,27.2,27.2,27.1,27.1,27.1
159,27.5,27.6,27.5,27.7,27.6,27.6,27.5,27.7,27.7,27.6,27.7,27.6,27.8,27.6,27.5,27.6,27.7,27.6,27.5,27.7,27.8,27.5,27.5,27.6,27.6,27.5,27.5,27.2,27.1,27.1,27.3,27.8,28.1,28.0,28.0,27.9,27.8,27.8,27.8,27.1,26.6,26.5,26.3,26.1,26.1,26.4,26.2,26.1,26.1,26.2,26.1,26.2,26.2,26.4,26.3,26.3,26.4,26.4,26.2,26.3,26.2,26.3,26.2,26.5,26.4,26.6,26.5,26.3,26.4,26.5,26.4,26.3,26.5,26.6,26.9,27.0,27.2,26.9,26.6,26.6,26.4,26.2,26.2,26.2,26.1,26.2,26.1,26.2,26.0,26.0,26.1,26.1,26.1,26.2,26.2,26.4,26.6,27.0,27.6,28.1,28.3,28.0,27.6,27.0,26.9,26.7,26.6,26.4,26.3,26.2,26.3,26.2,26.1,26.2,26.1,26.1,26.0,26.1,26.3,26.2,26.5,26.4,26.8,27.4,27.6,27.5,27.4,27.2,27.0,27.2,27.8,27.9,27.5,27.1,27.0,26.9,26.9,26.8,26.8,26.9,27.2,27.1,27.0,27.2,27.0,27.2,27.1,27.2,27.1,27.3,27.2,27.4,27.2,27.2,27.2,27.2,27.1,27.2,27.3,27.3,27.3,27.2,27.3,27.2,27.1,27.3,27.3,27.2,27.1,27.1,27.2,27.2,27.1,27.1,27.0,27.3,27.1,27.1,27.3,27.3,27.1,27.1,27.0,27.1,27.0,27.1,27.0,27.1,27.0,27.1,27.1,27.0
160,27.7,27.6,27.8,27.7,27.5,27.6,27.7,27.6,27.6,27.8,27.6,27.7,27.6,27.6,27.7,27.8,27.9,27.6,27.8,27.6,27.8,27.5,27.6,27.7,27.6,27.5,27.5,27.1,27.2,27.3,27.6,28.0,28.0,27.8,27.9,28.0,27.8,27.8,27.7,27.3,26.9,26.3,26.2,26.2,26.2,26.2,26.2,26.0,26.1,26.1,26.2,26.2,26.4,26.3,26.2,26.2,26.2,26.4,26.2,26.2,26.4,26.3,26.4,26.2,26.3,26.4,26.5,26.3,26.4,26.4,26.4,26.5,26.4,26.6,27.0,27.1,27.0,26.9,26.5,26.5,26.3,26.4,26.3,26.2,26.1,26.1,26.2,26.2,26.1,26.1,26.2,26.1,26.3,26.2,26.4,26.5,26.6,26.9,27.3,27.7,27.8,27.6,27.2,26.9,26.9,26.6,26.6,26.5,26.3,26.2,26.4,26.3,26.2,26.2,26.1,26.2,26.2,26.2,26.2,26.3,26.5,26.5,26.9,27.4,27.6,27.7,27.4,27.1,26.9,27.1,27.7,27.8,27.4,27.1,26.9,26.8,26.9,26.9,27.1,27.0,26.9,27.1,27.1,27.1,27.2,27.2,27.1,27.1,27.1,27.3,27.3,27.2,27.3,27.2,27.3,27.3,27.2,27.3,27.2,27.3,27.2,27.1,27.3,27.3,27.3,27.3,27.1,27.3,27.1,27.3,27.3,27.2,27.2,27.1,27.2,27.1,27.2,27.0,27.1,27.2,27.2,27.1,27.2,27.1,27.1,27.2,27.1,27.1,27.1,26.9,27.1,27.1
161,27.6,27.6,27.6,27.6,27.7,27.6,27.6,27.7,27.8,27.6,27.7,27.6,27.6,27.6,27.6,27.6,27.7,27.7,27.7,27.6,27.6,27.6,27.6,27.6,27.6,27.4,27.3,27.3,27.5,27.4,27.7,28.0,28.1,27.8,27.7,27.7,27.8,27.8,27.8,27.6,26.8,26.5,26.3,26.2,26.2,26.1,26.2,26.0,26.1,26.1,26.0,26.4,26.2,26.3,26.4,26.3,26.3,26.3,26.2,26.4,26.2,26.4,26.2,26.3,26.4,26.3,26.3,26.4,26.6,26.6,26.6,26.6,26.5,26.8,27.0,27.0,27.0,26.7,26.4,26.4,26.3,26.4,26.2,26.2,26.2,26.2,26.2,26.1,26.0,26.0,26.1,26.2,26.3,26.3,26.2,26.5,26.8,26.8,27.2,27.4,27.6,27.4,27.0,27.1,26.7,26.6,26.5,26.6,26.5,26.4,26.2,26.2,26.3,26.4,26.2,26.2,26.4,26.4,26.4,26.4,26.5,26.4,26.6,27.3,27.5,27.6,27.6,27.6,27.4,27.6,27.8,27.6,27.2,26.9,26.8,26.6,26.8,26.9,26.9,26.9,26.9,27.1,27.1,27.1,27.2,27.1,27.3,27.2,27.0,27.2,27.2,27.2,27.2,27.3,27.3,27.3,27.1,27.3,27.2,27.3,27.2,27.2,27.1,27.1,27.1,27.2,27.1,27.1,27.3,27.2,27.3,27.2,27.1,27.1,27.0,27.2,27.1,27.1,27.1,27.1,27.1,27.1,27.3,27.0,27.0,27.2,27.2,27.1,27.2,27.1,27.1,27.1
162,27.6,27.6,27.7,27.7,27.8,27.8,27.6,27.8,27.7,27.9,27.7,27.6,27.7,27.7,27.8,27.7,27.6,27.7,27.5,27.6,27.5,27.8,27.5,27.5,27.6,27.6,27.2,27.3,27.4,27.5,27.6,28.1,28.0,27.7,27.5,27.8,27.9,28.0,27.8,27.5,27.0,26.5,26.4,26.4,26.1,26.2,26.2,26.1,26.0,26.0,26.2,26.4,26.2,26.3,26.3,26.3,26.2,26.5,26.3,26.3,26.4,26.2,26.5,26.3,26.5,26.4,26.4,26.4,26.5,26.6,26.7,26.5,26.6,26.7,26.7,26.7,26.8,26.5,26.5,26.4,26.3,26.3,26.1,26.1,26.1,26.2,26.1,26.2,26.1,26.2,26.2,26.2,26.3,26.2,26.2,26.4,26.7,26.7,27.1,27.5,27.6,27.4,27.1,26.8,26.9,26.6,26.5,26.5,26.4,26.2,26.3,26.2,26.3,26.2,26.2,26.2,26.3,26.2,26.3,26.3,26.3,26.5,26.6,27.1,27.4,27.7,27.9,27.8,27.8,27.8,27.8,27.4,27.1,26.9,26.7,26.7,26.8,26.8,27.0,26.8,27.0,27.0,27.1,27.3,27.4,27.1,27.1,27.1,27.1,27.3,27.3,27.3,27.2,27.2,27.4,27.2,27.2,27.2,27.3,27.3,27.1,27.3,27.1,27.3,27.3,27.1,27.1,27.1,27.3,27.2,27.1,27.2,27.1,27.2,27.2,27.1,27.2,27.2,27.1,27.2,27.2,27.1,27.3,27.2,27.2,27.1,27.1,27.2,27.3,27.1,27.3,27.1
163,27.8,27.6,27.7,27.7,27.5,27.6,27.8,27.8,27.8,27.7,27.7,27.7,27.6,27.5,27.8,27.8,27.7,27.7,27.8,27.8,27.7,27.6,27.7,27.6,27.7,27.5,27.4,27.5,27.3,27.4,27.6,27.8,28.2,27.9,27.8,27.9,28.0,28.1,27.9,27.4,26.9,26.5,26.3,26.2,26.3,26.3,26.3,26.1,26.1,26.1,26.2,26.2,26.4,26.3,26.2,26.4,26.5,26.4,26.4,26.5,26.4,26.3,26.2,26.4,26.2,26.3,26.4,26.6,26.6,26.6,26.8,26.5,26.5,26.6,26.6,26.7,26.5,26.5,26.4,26.5,26.5,26.2,26.4,26.1,26.3,26.2,26.2,26.0,26.2,26.1,26.1,26.3,26.2,26.1,26.3,26.4,26.6,26.7,27.3,27.6,27.7,27.6,27.0,26.8,26.6,26.6,26.4,26.3,26.3,26.3,26.2,26.2,26.0,26.0,25.9,26.2,26.3,26.3,26.4,26.3,26.4,26.4,26.5,26.6,27.1,27.3,27.4,27.7,27.6,27.6,27.5,27.1,26.9,26.7,26.6,26.7,26.8,26.9,26.9,26.9,27.0,27.0,27.1,27.2,26.9,26.9,27.2,27.1,27.2,27.3,27.2,27.2,27.2,27.2,27.4,27.3,27.3,27.3,27.3,27.3,27.5,27.2,27.2,27.2,27.2,27.2,27.3,27.1,27.2,27.2,27.2,27.1,27.3,27.1,27.1,27.1,27.3,27.1,27.2,27.2,27.1,27.1,27.1,27.1,27.2,27.2,27.1,27.1,27.0,26.9,27.1,27.0
164,27.6,27.6,27.7,27.8,27.5,27.8,27.9,27.5,27.8,27.8,27.7,27.8,27.6,27.7,27.6,27.7,27.6,27.6,27.7,27.7,27.7,27.6,27.7,27.7,27.7,27.4,27.4,27.3,27.4,27.3,27.3,27.8,28.2,28.1,28.0,28.0,28.1,28.0,27.7,27.2,26.6,26.6,26.5,26.3,26.3,26.1,26.2,26.0,26.1,26.0,26.0,26.2,26.2,26.3,26.3,26.4,26.2,26.4,26.3,26.4,26.3,26.3,26.3,26.4,26.4,26.5,26.4,26.5,26.5,26.6,26.6,26.5,26.3,26.6,26.4,26.5,26.5,26.3,26.5,26.4,26.4,26.2,26.3,26.1,26.1,26.2,26.2,26.0,26.1,26.1,26.1,26.2,26.2,26.2,26.2,26.4,26.6,26.8,27.5,28.2,28.3,28.2,27.3,26.9,26.5,26.4,26.6,26.3,26.2,26.2,26.1,26.1,26.0,26.1,26.1,26.2,26.0,26.1,26.3,26.2,26.4,26.2,26.3,26.5,26.6,27.0,27.1,27.2,27.1,27.2,26.9,26.8,26.7,26.4,26.5,26.7,26.9,26.8,27.0,27.0,27.2,27.0,26.9,26.9,27.2,27.1,27.2,27.1,27.2,27.1,27.3,27.2,27.2,27.4,27.1,27.3,27.2,27.2,27.1,27.2,27.1,27.1,27.3,27.2,27.1,27.2,27.3,27.2,27.3,27.3,27.2,27.2,27.1,27.2,27.1,27.1,27.2,27.3,27.1,27.2,27.1,27.1,27.1,27.2,27.1,27.1,27.2,27.1,27.0,26.9,27.0,27.2
165,27.7,27.7,27.7,27.7,27.7,27.7,27.7,27.8,27.6,27.7,27.7,27.8,27.7,27.7,27.6,27.6,27.8,27.5,27.8,27.7,27.6,27.6,27.6,27.8,27.6,27.6,27.5,27.3,27.3,27.2,27.3,27.6,27.7,28.1,28.4,28.2,28.1,27.9,27.3,26.9,26.6,26.5,26.2,26.3,26.2,26.2,26.4,26.2,26.2,26.1,26.2,26.2,26.3,26.2,26.3,26.4,26.5,26.4,26.2,26.4,26.5,26.4,26.3,26.4,26.4,26.5,26.2,26.3,26.6,26.6,26.6,26.6,26.4,26.5,26.5,26.6,26.7,26.7,26.8,26.6,26.4,26.3,26.3,26.3,26.3,26.2,26.2,26.2,26.4,26.1,26.3,26.3,26.2,26.1,26.2,26.3,26.5,27.0,27.6,28.5,28.6,28.0,27.5,26.8,26.6,26.3,26.3,26.2,26.2,26.1,26.0,26.2,26.0,26.1,26.0,26.2,26.1,26.0,26.2,26.2,26.1,26.1,26.2,26.3,26.4,26.4,26.6,26.6,26.6,26.7,26.6,26.5,26.4,26.2,26.4,26.5,26.6,27.0,27.0,26.9,26.8,27.2,26.8,27.1,27.1,27.2,27.1,27.1,27.1,27.1,27.1,27.3,27.2,27.2,27.2,27.2,27.1,27.2,27.3,27.2,27.2,27.2,27.3,27.3,27.2,27.3,27.4,27.3,27.2,27.2,27.1,27.0,27.2,27.1,27.1,27.2,27.3,27.2,27.1,27.2,27.2,27.1,27.2,27.1,27.2,27.2,27.1,27.0,27.3,27.1,27.1,26.9
166,27.6,27.7,27.6,27.7,27.7,27.8,27.6,27.7,27.6,27.7,27.6,27.7,27.6,27.6,27.7,27.6,27.7,27.8,27.7,27.8,27.7,27.5,27.8,27.6,27.8,27.7,27.4,27.3,27.2,27.1,27.0,27.2,27.3,27.6,27.6,27.6,27.6,27.3,27.0,26.6,26.5,26.4,26.2,26.3,26.2,26.3,26.1,26.3,26.2,26.2,26.2,26.2,26.2,26.2,26.4,26.3,26.3,26.4,26.2,26.5,26.6,26.3,26.2,26.2,26.4,26.4,26.4,26.5,26.4,26.5,26.7,26.6,26.5,26.6,26.5,26.6,26.6,27.0,26.8,26.6,26.4,26.5,26.3,26.1,26.2,26.2,26.2,26.1,26.1,26.0,26.1,26.0,26.2,26.2,26.4,26.4,26.4,27.0,27.5,28.2,28.3,28.0,27.4,27.0,26.5,26.2,26.1,26.2,26.1,26.1,26.0,26.0,26.1,26.2,26.1,26.0,26.0,26.0,26.1,26.0,26.1,26.1,26.0,26.1,26.1,26.2,26.2,26.4,26.4,26.4,26.4,26.2,26.1,26.2,26.3,26.5,26.6,26.7,26.8,27.0,27.1,27.0,27.0,27.1,27.1,27.1,27.1,27.2,27.1,27.1,27.1,27.2,27.2,27.3,27.2,27.3,27.1,27.2,27.1,27.2,27.2,27.2,27.3,27.2,27.2,27.1,27.2,27.3,27.2,27.2,27.1,27.2,27.2,27.2,27.1,27.2,27.1,27.1,27.1,27.2,27.1,27.0,27.0,27.0,27.1,27.0,27.0,27.1,27.2,27.2,27.3,27.1
167,27.8,27.7,27.8,27.7,27.6,27.7,27.8,27.8,27.8,27.8,27.8,27.7,27.7,27.8,27.8,27.7,27.8,27.7,27.8,27.6,27.5,27.6,27.7,27.7,27.7,27.5,27.5,27.2,27.1,26.7,26.8,27.1,27.1,27.1,27.3,27.1,27.0,26.8,26.7,26.6,26.4,26.3,26.3,26.3,26.3,26.2,26.2,26.2,26.2,26.2,26.3,26.2,26.4,26.4,26.2,26.4,26.3,26.4,26.4,26.5,26.4,26.4,26.4,26.5,26.3,26.4,26.2,26.4,26.6,26.5,26.7,26.5,26.5,26.6,26.7,26.6,26.8,26.9,27.0,26.6,26.5,26.4,26.2,26.2,26.2,26.1,26.3,26.3,26.2,26.2,26.3,26.2,26.2,26.3,26.5,26.3,26.5,26.9,27.5,27.7,28.0,27.9,27.2,26.9,26.4,26.4,26.2,26.3,26.2,26.2,26.2,26.2,26.2,26.1,26.0,25.9,26.1,26.0,26.1,26.1,26.1,26.1,25.9,26.2,26.2,26.2,26.1,26.2,26.2,26.1,26.1,26.2,26.2,26.2,26.2,26.6,26.5,26.9,27.0,26.8,26.9,27.0,27.0,27.0,27.1,27.2,27.2,27.1,27.2,27.0,27.2,27.3,27.2,27.3,27.4,27.2,27.1,27.0,27.2,27.2,27.3,27.1,27.3,27.2,27.2,27.2,27.1,27.3,27.1,27.2,27.2,27.3,27.2,27.1,27.3,27.2,27.2,27.2,27.2,27.2,27.1,27.3,27.2,27.2,27.2,27.1,27.0,27.1,27.1,27.0,27.1,27.2
168,27.8,27.6,27.8,27.8,27.8,27.8,27.8,27.8,27.8,27.8,27.8,27.7,27.8,27.8,27.8,27.7,27.6,27.7,27.7,27.6,27.6,27.8,27.6,27.6,27.8,27.7,27.6,27.3,27.0,26.9,26.7,26.8,26.7,26.9,26.8,26.9,26.9,26.6,26.5,26.5,26.4,26.4,26.3,26.4,26.3,26.3,26.1,26.2,26.3,26.3,26.4,26.4,26.3,26.3,26.3,26.4,26.3,26.3,26.3,26.4,26.4,26.4,26.3,26.3,26.5,26.4,26.4,26.5,26.5,26.6,26.7,26.6,26.6,26.7,26.6,26.6,26.6,26.6,26.6,26.7,26.4,26.3,26.2,26.2,26.4,26.5,26.4,26.3,26.3,26.3,26.2,26.4,26.3,26.3,26.4,26.2,26.4,26.7,27.1,27.5,27.6,27.3,27.1,26.6,26.5,26.2,26.1,26.2,26.1,26.1,26.1,26.3,26.2,26.2,26.1,26.0,26.0,26.0,26.2,26.2,26.2,26.0,26.2,26.1,26.1,26.2,26.0,26.1,26.2,26.2,26.2,26.1,26.2,26.2,26.3,26.5,26.8,26.6,26.9,26.7,27.1,27.1,26.9,27.1,27.1,27.1,27.2,27.2,27.3,27.3,27.2,27.4,27.3,27.2,27.3,27.3,27.2,27.3,27.2,27.3,27.3,27.1,27.3,27.4,27.4,27.3,27.1,27.1,27.3,27.2,27.2,27.1,27.2,27.2,27.2,27.1,27.2,27.1,27.1,27.2,27.1,27.1,26.9,27.3,27.1,27.2,27.1,27.1,27.1,27.0,27.1,27.1
169,27.8,27.6,27.7,27.9,27.8,27.6,27.7,27.7,27.8,27.8,27.9,27.8,27.8,27.6,27.8,27.6,27.7,27.8,27.7,27.7,27.8,27.7,27.6,27.7,27.6,27.6,27.4,27.3,27.2,26.9,26.6,26.7,26.7,26.8,26.7,26.7,26.6,26.5,26.3,26.4,26.5,26.3,26.4,26.4,26.4,26.4,26.4,26.3,26.3,26.2,26.4,26.4,26.3,26.6,26.2,26.4,26.3,26.3,26.4,26.4,26.4,26.4,26.4,26.4,26.2,26.2,26.4,26.5,26.5,26.5,26.6,26.5,26.4,26.6,26.5,26.6,26.6,26.6,26.7,26.6,26.4,26.2,26.4,26.5,26.4,26.3,26.4,26.4,26.3,26.4,26.3,26.4,26.4,26.2,26.3,26.4,26.4,26.4,26.9,27.1,27.2,26.9,26.6,26.4,26.5,26.2,26.1,26.1,26.0,26.1,26.2,26.0,26.2,25.9,26.0,26.0,25.9,26.1,26.0,26.1,26.1,26.0,26.0,26.1,26.0,26.0,26.0,25.9,26.2,26.0,26.1,26.1,26.1,25.9,26.2,26.3,26.5,26.7,26.7,26.7,26.9,27.1,27.1,27.0,27.1,27.1,27.0,27.1,27.1,27.2,27.2,27.2,27.2,27.3,27.3,27.2,27.3,27.3,27.3,27.2,27.3,27.1,27.2,27.2,27.3,27.1,27.1,27.2,27.1,27.2,27.1,27.1,27.2,27.2,27.1,27.3,27.2,27.2,27.2,27.1,27.2,27.0,27.1,27.2,27.1,27.1,27.4,27.3,27.1,27.1,27.1,27.0
170,27.8,27.6,27.8,28.0,27.9,27.8,27.8,27.7,27.8,27.6,27.8,27.9,27.7,27.8,27.9,27.8,27.9,27.8,27.8,27.8,27.6,27.8,27.8,27.6,27.7,27.6,27.4,27.3,27.1,26.9,26.7,26.8,26.6,26.7,26.6,26.6,26.7,26.5,26.4,26.4,26.6,26.5,26.4,26.4,26.3,26.3,26.3,26.4,26.4,26.3,26.4,26.4,26.4,26.6,26.5,26.4,26.6,26.5,26.5,26.6,26.4,26.4,26.5,26.4,26.4,26.3,26.4,26.4,26.4,26.4,26.6,26.5,26.5,26.5,26.6,26.7,26.8,26.6,26.7,26.4,26.4,26.5,26.6,26.7,26.7,26.5,26.5,26.6,26.4,26.4,26.4,26.4,26.4,26.4,26.3,26.3,26.4,26.4,26.6,26.8,26.9,26.9,26.5,26.5,26.3,26.2,26.0,26.2,26.2,26.0,26.1,26.2,26.1,26.2,26.1,26.0,26.2,26.0,26.1,26.0,26.1,25.9,26.0,26.4,26.3,26.0,26.1,26.0,26.0,26.1,26.0,26.1,26.2,25.9,26.2,26.5,26.7,26.6,26.8,26.8,26.9,27.0,27.0,27.1,27.1,27.0,27.1,27.2,27.1,27.2,27.2,27.1,27.1,27.2,27.1,27.2,27.2,27.2,27.3,27.2,27.3,27.1,27.2,27.3,27.2,27.2,27.2,27.2,27.3,27.3,27.1,27.3,27.1,27.1,27.1,27.1,27.3,27.1,27.1,27.1,27.1,27.1,27.1,27.0,27.2,27.3,27.1,27.1,27.1,27.0,26.9,27.1
171,27.6,27.7,27.8,27.8,27.8,27.8,27.7,27.7,27.7,27.9,27.8,27.8,27.7,27.7,27.8,27.9,27.9,27.8,27.8,27.8,27.8,27.7,27.7,27.8,27.6,27.6,27.4,27.4,27.3,27.1,26.9,27.1,27.0,26.9,26.8,26.8,26.7,26.6,26.6,26.6,26.7,26.6,26.8,26.6,26.6,26.7,26.8,26.5,26.7,26.8,26.9,26.8,26.9,27.1,26.8,27.1,27.1,26.9,26.9,26.6,26.6,26.5,26.5,26.4,26.3,26.5,26.3,26.2,26.4,26.4,26.4,26.6,26.6,26.6,26.7,26.6,26.7,26.7,26.6,26.6,26.5,26.6,26.7,27.1,27.1,26.8,26.7,26.6,26.8,26.5,26.6,26.6,26.5,26.4,26.5,26.3,26.3,26.4,26.6,26.7,26.6,26.7,26.6,26.3,26.4,26.1,26.1,26.1,26.0,26.0,26.0,25.9,25.9,25.9,26.0,26.1,26.0,26.0,26.0,26.1,25.8,26.0,26.1,26.1,26.1,25.9,26.0,26.0,26.0,25.9,25.9,25.9,26.0,26.2,26.3,26.5,26.5,26.6,26.7,26.7,26.9,26.9,27.0,27.1,27.1,27.0,27.1,27.1,27.1,27.2,27.1,27.1,27.3,27.3,27.2,27.1,27.1,27.2,27.3,27.1,27.0,27.2,27.1,27.1,27.1,27.2,27.1,27.2,27.2,27.1,27.3,27.1,27.1,27.1,27.1,27.2,27.1,27.1,27.1,27.1,27.0,27.1,27.2,27.1,27.1,26.9,26.9,27.2,27.1,26.9,27.0,26.9
172,27.7,27.6,27.5,27.6,27.7,27.6,27.8,27.7,27.8,27.7,27.9,27.8,27.7,27.8,27.8,27.8,27.6,27.7,27.7,27.6,27.7,27.8,27.5,27.6,27.5,27.7,27.6,27.6,27.6,27.8,27.6,27.6,27.5,27.5,27.3,27.1,27.1,27.0,26.8,26.9,26.9,26.9,26.9,26.8,26.9,26.9,26.9,26.9,26.9,26.9,27.1,27.1,27.4,27.4,27.4,27.8,27.7,27.6,27.3,27.1,26.6,26.4,26.4,26.3,26.4,26.4,26.3,26.4,26.3,26.4,26.3,26.5,26.4,26.3,26.5,26.6,26.5,26.4,26.4,26.6,26.7,26.8,27.0,27.3,27.4,27.1,27.1,26.8,26.6,26.7,26.8,26.9,26.7,26.7,26.3,26.6,26.3,26.5,26.5,26.8,26.6,26.5,26.6,26.4,26.3,26.1,26.0,26.0,26.2,26.1,25.9,26.0,26.0,26.0,26.0,25.9,26.0,25.9,26.1,26.2,26.0,26.2,25.9,26.1,26.1,25.9,26.0,25.9,26.1,25.9,25.9,25.8,25.9,26.0,26.2,26.3,26.5,26.5,26.6,26.7,26.9,26.9,26.8,26.9,26.9,26.8,26.9,26.9,27.0,27.0,27.1,27.2,27.1,27.1,27.1,27.2,27.2,27.2,27.3,27.1,27.2,27.3,27.2,27.1,27.1,27.2,27.1,27.1,27.2,27.1,27.0,27.2,27.0,27.0,27.1,27.1,27.3,27.1,27.2,27.1,27.1,27.1,27.2,27.1,27.2,27.1,27.1,27.2,27.1,27.1,27.0,27.0
173,27.8,27.8,27.7,27.7,27.7,27.6,27.6,27.8,27.8,27.9,27.7,27.8,27.8,27.7,27.8,27.8,27.9,27.6,27.6,27.8,27.6,27.6,27.7,27.7,27.6,27.5,27.8,27.8,28.1,28.3,28.3,28.2,28.1,27.9,27.6,27.2,26.8,26.9,26.7,26.9,26.9,26.8,26.7,26.8,26.9,26.8,26.6,26.7,26.7,26.9,27.0,27.2,27.4,27.8,28.2,28.2,28.1,28.1,27.6,27.4,26.7,26.4,26.4,26.3,26.4,26.2,26.4,26.2,26.4,26.4,26.3,26.2,26.4,26.5,26.5,26.6,26.6,26.6,26.7,26.6,26.8,26.9,27.2,27.4,27.4,27.1,26.9,27.0,26.9,26.6,26.8,26.9,26.8,26.8,26.5,26.4,26.4,26.3,26.4,26.7,26.8,26.7,26.5,26.3,26.3,26.2,26.2,26.1,26.1,26.1,25.9,26.0,25.9,26.2,26.1,26.1,25.8,26.0,26.0,26.1,26.1,26.0,25.9,26.1,26.0,26.0,26.0,26.0,25.9,25.9,26.1,26.2,25.9,26.1,26.1,26.3,26.6,26.6,26.8,26.9,26.8,26.9,26.8,26.8,26.8,27.0,27.0,27.2,27.1,27.1,27.2,27.2,27.1,27.2,27.1,27.1,27.1,27.1,27.1,27.2,27.2,27.2,27.2,27.3,27.3,27.1,27.0,27.1,27.1,27.1,27.1,27.2,27.1,27.1,27.2,27.1,27.0,27.1,27.0,27.2,27.2,26.9,27.1,27.1,27.1,27.1,27.0,27.2,27.1,26.9,27.0,27.1
174,27.7,27.8,27.7,27.8,27.6,27.8,27.7,27.8,27.8,27.7,27.7,27.6,27.8,27.8,27.7,27.6,27.8,27.8,27.7,27.8,27.9,27.7,27.6,27.6,27.9,27.8,27.9,28.2,28.3,28.8,28.7,28.8,28.3,27.9,27.4,27.0,26.7,26.6,26.6,26.6,26.6,26.6,26.7,26.8,26.8,26.7,26.8,26.7,26.6,26.9,26.9,27.3,27.4,28.1,28.5,28.8,28.7,28.5,28.0,27.6,26.9,26.6,26.4,26.3,26.2,26.3,26.3,26.3,26.2,26.2,26.4,26.2,26.4,26.4,26.4,26.5,26.6,26.6,26.5,26.6,26.8,26.9,26.9,27.0,27.2,27.0,26.7,26.7,26.7,26.6,26.6,26.7,26.8,26.6,26.4,26.6,26.4,26.4,26.5,26.6,26.6,26.7,26.6,26.4,26.4,26.1,26.0,26.2,26.0,26.1,25.9,26.1,26.1,26.1,26.1,26.0,25.9,25.9,26.1,25.9,26.0,26.1,26.1,26.1,26.1,26.0,25.9,25.8,26.1,26.0,26.0,26.2,26.0,26.1,26.1,26.4,26.6,26.5,26.6,26.8,26.7,26.7,26.9,27.0,27.1,26.9,27.0,27.0,26.9,27.0,27.0,27.1,27.1,27.0,27.2,27.1,27.1,27.1,27.1,27.1,27.1,27.1,27.3,27.2,27.1,27.1,27.2,27.2,27.1,27.2,26.9,27.1,27.0,27.2,27.2,27.2,27.1,27.2,27.1,27.3,27.1,27.0,27.0,27.0,27.2,27.1,27.1,27.1,27.1,26.9,27.0,26.9
175,27.8,27.8,27.7,27.8,27.7,27.7,27.8,27.7,27.9,27.8,27.9,27.9,27.8,27.9,27.9,27.9,27.7,27.9,27.9,27.8,27.8,27.8,27.8,27.6,27.7,27.8,28.0,28.5,28.6,29.0,29.2,28.9,28.5,27.9,27.1,26.6,26.4,26.5,26.3,26.6,26.5,26.5,26.4,26.5,26.5,26.5,26.5,26.5,26.4,26.7,26.6,27.2,27.4,28.0,28.6,28.8,28.8,28.7,28.3,27.7,26.9,26.5,26.3,26.4,26.4,26.4,26.4,26.2,26.3,26.2,26.2,26.4,26.2,26.3,26.3,26.4,26.4,26.4,26.6,26.5,26.6,26.7,26.9,26.8,26.8,26.9,26.7,26.6,26.6,26.5,26.5,26.6,26.6,26.8,26.5,26.6,26.4,26.5,26.5,26.4,26.5,26.5,26.4,26.4,26.3,26.3,26.1,26.2,26.0,26.0,26.1,26.1,26.0,26.1,26.1,26.1,26.0,25.9,26.1,26.0,25.9,26.2,26.0,26.1,26.2,26.0,26.0,26.0,26.2,26.2,26.6,26.5,26.3,26.2,26.3,26.3,26.3,26.6,26.8,26.7,26.9,26.9,26.9,26.9,26.9,26.9,27.1,27.1,27.1,27.1,27.1,27.1,27.1,27.1,27.2,27.1,27.1,27.1,27.2,27.2,27.3,27.1,27.2,27.3,27.3,27.1,27.2,27.1,27.2,27.1,27.1,27.1,27.1,27.0,27.2,27.2,27.0,27.1,27.1,27.1,27.1,27.1,27.0,27.2,27.2,27.2,27.2,27.0,27.1,27.0,27.1,27.0
176,27.7,27.8,27.8,27.7,27.6,27.8,27.9,27.8,27.9,27.7,27.8,27.8,27.7,27.8,27.8,27.8,27.8,27.9,27.8,27.9,27.9,27.7,27.8,27.8,27.8,28.0,28.0,28.4,28.9,29.0,29.2,28.9,28.5,27.8,27.1,26.7,26.4,26.4,26.4,26.3,26.4,26.4,26.4,26.5,26.3,26.5,26.4,26.4,26.4,26.5,26.8,26.9,27.3,27.9,28.6,29.0,29.2,28.8,28.6,27.8,27.0,26.7,26.5,26.4,26.3,26.2,26.2,26.2,26.4,26.4,26.2,26.4,26.3,26.3,26.4,26.4,26.4,26.5,26.4,26.6,26.6,26.6,26.8,26.8,26.8,26.7,26.6,26.5,26.5,26.5,26.6,26.6,26.7,26.7,26.5,26.6,26.5,26.4,26.6,26.5,26.4,26.5,26.4,26.6,26.7,26.7,26.5,26.2,26.2,25.9,26.1,26.2,26.1,26.2,26.1,25.9,26.0,26.0,26.2,26.2,26.0,26.0,26.1,26.1,26.1,26.2,26.2,26.2,26.2,26.3,26.6,26.7,26.5,26.4,26.2,26.4,26.8,26.5,26.7,26.7,26.8,26.9,26.9,27.0,26.9,26.9,26.9,27.0,27.1,27.1,27.1,27.1,27.1,27.3,27.3,27.1,27.3,27.0,27.1,27.2,27.1,27.1,27.2,27.1,27.1,27.1,27.1,27.0,27.1,27.1,27.2,27.1,27.1,27.1,27.3,27.1,27.3,27.1,27.3,27.2,27.0,27.1,27.1,27.0,27.2,27.1,27.1,27.2,27.1,27.0,27.2,27.1
177,27.8,27.8,27.6,27.6,27.8,27.8,27.8,27.7,28.0,27.8,27.8,27.9,27.9,27.7,28.0,27.7,27.9,28.0,27.8,27.9,27.9,27.7,27.8,27.7,27.8,27.8,28.0,28.4,28.8,29.0,29.1,28.9,28.3,27.7,26.8,26.6,26.3,26.4,26.4,26.4,26.3,26.3,26.3,26.2,26.2,26.5,26.3,26.4,26.2,26.4,26.4,26.8,27.3,28.0,28.6,29.1,29.2,29.1,28.5,27.8,27.2,26.7,26.3,26.3,26.4,26.2,26.2,26.3,26.2,26.3,26.3,26.4,26.4,26.5,26.6,26.6,26.4,26.4,26.5,26.6,26.6,26.8,26.7,26.8,26.9,26.6,26.6,26.8,26.7,26.6,26.6,26.7,26.7,26.6,26.7,26.7,26.5,26.6,26.5,26.6,26.4,26.4,26.4,26.8,26.9,26.7,26.6,26.3,26.4,26.2,26.1,26.2,26.0,26.2,26.0,26.1,26.2,26.1,26.1,26.2,26.0,26.4,26.3,26.4,26.3,26.4,26.5,26.3,26.3,26.5,26.7,26.5,26.7,26.6,26.4,26.4,26.6,26.6,26.6,26.7,26.8,26.8,26.7,27.0,26.8,26.9,27.1,27.1,26.9,27.2,27.1,27.2,27.2,27.1,27.1,27.2,27.0,27.2,27.2,27.0,27.1,27.1,27.2,27.2,27.2,27.2,27.1,27.1,27.2,27.1,27.2,27.0,27.3,27.1,27.1,27.1,27.2,27.3,27.0,27.1,27.1,27.2,27.1,27.1,27.1,27.2,27.2,27.1,27.2,26.9,27.0,27.0
178,27.8,27.7,27.8,27.8,27.7,27.7,27.8,27.9,27.8,27.6,27.7,27.8,27.9,27.9,27.9,27.8,27.9,27.9,27.8,27.7,27.8,27.8,27.7,27.6,27.8,27.9,28.0,28.4,28.7,29.1,29.0,28.9,28.2,27.6,26.9,26.5,26.4,26.3,26.4,26.3,26.2,26.2,26.3,26.2,26.2,26.3,26.4,26.3,26.3,26.4,26.6,26.8,27.4,27.8,28.6,28.9,29.3,29.2,28.7,28.0,27.1,26.6,26.4,26.2,26.4,26.3,26.4,26.3,26.3,26.5,26.7,26.6,26.7,26.6,26.5,26.7,26.6,26.7,26.6,26.8,26.7,26.8,26.8,26.9,26.9,26.6,26.8,26.9,26.6,26.8,26.9,27.0,26.9,27.0,26.7,26.7,26.8,26.7,26.9,26.6,26.5,26.4,26.5,26.8,27.0,26.8,26.8,26.8,26.4,26.4,26.4,26.5,26.3,26.3,26.3,26.4,26.2,26.2,26.4,26.6,26.5,26.6,26.5,26.7,26.7,26.7,26.9,26.8,26.7,26.9,27.1,27.2,27.1,26.8,26.7,26.7,26.7,26.6,26.6,26.6,26.6,26.8,26.8,26.8,26.9,26.9,26.9,27.0,27.0,27.2,27.0,27.1,27.0,27.2,27.2,27.2,27.1,27.0,27.0,27.2,27.2,27.1,27.0,27.2,27.1,27.1,27.2,27.1,27.1,27.2,27.3,27.1,27.2,27.1,27.1,27.1,27.1,27.2,27.2,27.2,27.1,27.0,27.0,27.2,27.1,27.0,27.1,27.1,27.2,27.2,27.0,27.1
179,27.7,27.6,27.8,27.8,27.8,27.7,27.6,27.6,27.7,27.8,27.8,27.9,27.6,27.7,27.6,27.7,27.8,27.8,27.8,27.7,27.8,27.8,27.6,27.6,27.7,27.9,27.9,28.3,28.8,29.2,28.9,28.6,28.1,27.6,27.0,26.4,26.4,26.4,26.2,26.3,26.2,26.4,26.3,26.3,26.3,26.1,26.2,26.3,26.3,26.3,26.5,26.6,27.0,27.7,28.4,29.1,29.5,29.4,28.7,28.0,27.2,26.6,26.4,26.3,26.2,26.4,26.3,26.4,26.4,26.7,26.7,26.7,26.8,27.0,27.1,26.9,26.9,26.9,26.8,26.7,27.1,27.1,27.3,27.3,27.3,27.0,27.1,27.0,27.3,27.3,27.6,27.5,27.3,27.3,27.2,27.2,27.0,26.9,26.8,26.6,26.3,26.2,26.5,26.9,26.9,26.9,26.9,26.8,26.8,26.7,26.9,26.8,26.8,26.4,26.4,26.4,26.4,26.4,26.7,26.8,26.9,27.0,26.9,27.0,27.3,27.4,27.2,27.1,27.3,27.3,27.6,27.6,27.5,27.1,26.8,26.6,26.7,26.6,26.8,26.7,26.9,26.6,26.9,26.9,26.9,26.9,26.9,27.1,26.9,27.1,27.2,26.9,27.1,27.1,27.1,27.0,27.1,27.2,27.1,26.9,27.2,27.1,27.1,27.1,27.1,27.1,27.3,27.0,27.0,27.1,27.1,27.3,27.1,27.1,27.1,27.2,27.0,27.1,27.1,27.2,26.9,27.0,27.0,27.1,27.1,26.9,27.0,27.0,27.0,26.9,27.1,27.0
180,27.6,27.6,27.8,27.7,27.6,27.8,27.7,27.7,27.7,27.7,27.8,27.8,27.9,27.7,27.7,27.7,27.9,27.8,27.7,27.8,27.9,27.8,27.8,27.6,27.8,27.7,28.0,28.3,28.6,29.1,29.0,28.7,28.2,27.5,26.8,26.4,26.4,26.4,26.2,26.2,26.4,26.3,26.2,26.3,26.3,26.4,26.4,26.4,26.3,26.3,26.4,26.7,27.1,27.7,28.4,29.3,29.8,29.4,28.8,27.9,27.2,26.5,26.6,26.4,26.2,26.2,26.3,26.5,26.7,26.9,27.2,27.3,27.4,27.3,27.3,27.5,27.2,27.3,27.4,27.4,27.6,27.7,27.6,27.8,27.8,27.8,27.7,27.7,28.1,28.2,28.3,28.2,28.2,28.0,27.7,27.4,27.3,26.9,27.0,26.6,26.5,26.4,26.5,26.9,27.0,27.0,27.1,27.4,27.3,27.3,27.5,27.2,27.0,26.9,26.6,26.6,26.7,26.7,26.9,27.2,27.2,27.5,27.6,27.9,28.2,28.3,28.0,27.8,28.1,28.0,28.1,28.0,27.9,27.5,27.1,26.9,26.8,26.7,26.7,26.6,26.7,26.8,26.8,26.8,26.8,26.9,26.7,26.8,26.9,27.0,26.9,27.0,27.1,27.2,27.2,27.2,27.2,26.9,27.2,27.2,27.2,27.1,27.2,27.2,27.3,27.1,27.1,27.1,27.1,27.1,27.1,27.0,27.2,27.3,27.0,27.1,27.1,27.1,26.9,27.1,27.1,27.1,27.0,27.0,27.2,27.1,27.0,27.1,27.1,27.1,27.1,27.0
181,27.6,27.8,27.7,27.7,27.7,27.8,27.8,27.7,27.8,27.6,27.9,27.8,27.8,27.8,27.8,27.9,28.0,27.8,27.8,27.7,27.8,27.7,27.7,27.7,27.8,27.8,28.0,28.5,28.7,29.1,29.1,28.8,28.3,27.6,26.9,26.4,26.3,26.3,26.2,26.4,26.3,26.4,26.3,26.3,26.4,26.4,26.4,26.4,26.3,26.4,26.5,26.6,27.3,27.8,28.4,29.3,29.9,29.6,28.6,27.8,27.1,26.6,26.5,26.4,26.3,26.5,26.6,26.7,26.9,27.1,27.6,27.7,27.6,27.5,27.7,27.7,27.7,27.6,27.8,27.9,27.7,28.0,28.0,28.0,28.3,28.1,28.2,28.3,28.4,28.4,28.8,28.8,28.6,28.2,28.1,27.7,27.4,27.0,26.7,26.6,26.4,26.4,26.4,26.6,27.1,27.2,27.4,27.5,27.6,27.8,27.8,27.4,27.3,27.1,26.9,26.8,26.8,26.8,27.1,27.2,27.4,27.8,28.1,28.8,29.1,28.6,28.4,28.3,28.4,28.6,28.6,28.5,28.4,27.9,27.3,27.1,26.8,26.6,26.9,26.6,26.8,26.8,26.6,26.8,27.0,26.9,26.8,26.9,27.0,27.1,27.1,27.1,27.1,27.1,27.2,27.0,27.0,27.1,27.2,27.1,27.2,27.0,27.1,27.1,27.2,27.2,27.3,27.3,27.2,27.2,27.1,27.1,27.1,27.1,27.0,27.1,27.1,27.0,27.0,27.2,27.1,27.1,27.1,27.1,27.2,27.2,27.1,27.1,27.1,27.0,27.1,27.1
182,27.6,27.7,27.8,27.6,27.8,28.0,27.7,27.7,28.0,27.8,27.7,27.9,27.7,27.8,27.8,27.9,27.8,27.8,27.8,27.8,27.7,27.8,27.8,27.8,27.9,27.9,28.0,28.4,28.7,29.1,29.1,28.9,28.3,27.7,26.9,26.4,26.4,26.4,26.3,26.4,26.3,26.3,26.2,26.4,26.3,26.3,26.4,26.4,26.4,26.3,26.5,26.8,27.3,27.7,28.5,29.6,30.2,29.5,28.7,27.8,27.2,26.9,26.5,26.4,26.5,26.5,26.6,26.6,27.1,27.2,27.7,27.7,27.6,27.6,27.9,27.9,27.8,27.8,27.9,28.1,28.1,28.2,28.3,28.5,28.4,28.4,28.6,28.7,28.7,29.0,29.0,28.8,28.9,28.6,28.1,27.7,27.5,26.9,26.7,26.4,26.4,26.2,26.4,26.6,26.8,27.1,27.3,27.7,27.7,27.8,27.7,27.4,27.1,27.1,26.9,26.9,26.7,27.0,27.1,27.4,27.7,28.2,28.7,29.6,29.2,29.0,28.9,28.9,28.9,29.0,28.9,28.8,28.6,28.0,27.6,27.0,27.0,26.6,26.7,26.7,26.8,26.8,26.7,26.9,26.8,26.9,26.9,26.9,27.0,27.0,27.2,26.9,27.0,27.0,27.1,27.1,27.0,27.0,27.1,27.1,27.1,27.2,27.1,27.2,27.1,27.1,27.3,26.9,27.3,27.1,27.1,27.1,27.2,27.0,27.1,26.9,26.9,27.1,27.0,27.2,27.2,27.1,26.9,27.1,27.1,27.1,27.2,27.2,27.1,27.1,27.1,27.1
183,27.7,27.7,27.7,27.8,27.6,27.8,27.6,27.9,27.7,27.6,27.8,27.9,27.8,27.8,27.7,27.8,27.9,27.7,27.8,27.7,27.8,27.9,27.7,27.7,27.8,27.7,28.0,28.4,28.7,29.1,29.1,28.9,28.3,27.6,26.9,26.5,26.4,26.2,26.1,26.3,26.4,26.2,26.3,26.2,26.2,26.3,26.4,26.4,26.3,26.4,26.3,26.6,27.1,27.8,28.6,29.7,30.1,29.4,28.5,27.8,27.3,26.9,26.6,26.5,26.5,26.5,26.5,26.8,27.2,27.3,27.8,27.8,27.7,27.5,27.6,27.8,27.9,27.7,28.0,28.1,28.2,28.4,28.4,28.5,28.5,28.6,28.6,28.7,28.8,29.0,28.9,28.8,28.7,28.4,28.1,27.7,27.4,26.8,26.5,26.4,26.2,26.2,26.2,26.4,26.6,27.0,27.4,27.7,27.8,27.6,27.5,27.2,27.0,27.1,26.9,27.1,26.8,26.9,27.2,27.3,28.1,28.5,29.1,29.7,29.5,29.3,29.2,29.2,29.1,29.1,29.0,29.0,28.8,28.2,27.6,27.1,26.8,26.7,26.6,26.6,26.8,26.6,26.6,26.9,26.9,26.7,26.9,26.9,26.8,27.0,27.0,27.0,27.0,27.1,27.1,27.1,27.2,27.2,27.1,27.2,27.2,26.9,27.0,27.1,27.1,27.0,27.1,27.0,27.1,27.1,27.1,27.0,27.1,27.2,27.1,27.1,27.1,27.0,27.0,27.0,27.0,27.0,27.1,27.0,27.0,27.2,27.1,27.0,27.0,27.0,27.0,27.0
184,27.8,27.7,27.7,27.6,27.7,27.7,27.8,27.8,27.9,27.9,27.9,27.9,27.6,27.9,27.9,27.8,27.7,27.9,27.9,27.9,27.8,27.6,27.8,27.7,27.9,27.9,28.0,28.3,28.8,29.1,29.2,28.9,28.3,27.8,27.1,26.5,26.4,26.5,26.3,26.3,26.3,26.2,26.4,26.4,26.3,26.4,26.3,26.4,26.4,26.5,26.5,26.6,27.2,27.9,28.6,29.9,30.2,29.5,28.5,28.0,27.3,27.0,26.6,26.6,26.7,26.5,26.5,26.7,27.3,27.5,27.8,27.8,27.6,27.6,27.5,27.6,27.8,28.0,28.2,28.1,28.1,28.3,28.5,28.5,28.6,28.5,28.5,28.6,28.7,28.6,28.8,28.8,28.5,28.3,28.0,27.6,27.3,26.9,26.6,26.2,26.3,26.2,26.1,26.4,26.5,26.9,27.1,27.4,27.6,27.7,27.6,27.3,26.9,27.1,27.0,26.8,26.8,26.9,27.1,27.4,28.0,29.0,29.4,29.9,29.6,29.3,29.4,29.3,29.2,29.3,29.3,29.1,28.8,28.3,27.7,27.1,27.0,26.7,26.8,26.8,26.7,26.8,26.8,26.9,26.8,26.7,26.8,26.9,26.9,26.9,26.9,26.9,26.9,27.2,27.0,27.2,27.0,27.1,27.1,27.1,27.0,27.1,27.3,27.1,27.0,27.2,27.2,27.1,27.0,27.1,27.1,27.1,27.1,27.0,27.0,27.1,27.1,27.1,26.9,27.1,27.1,27.1,27.2,27.1,27.1,27.1,27.1,27.0,27.1,27.0,27.3,27.1
185,27.6,27.7,27.7,27.8,27.8,27.8,27.7,27.7,27.9,27.8,27.8,27.8,27.7,27.9,27.9,27.8,27.6,27.8,27.8,27.6,27.7,27.8,27.8,27.8,27.8,27.8,28.1,28.2,28.6,29.2,29.2,29.0,28.3,27.7,27.1,26.6,26.4,26.3,26.2,26.2,26.3,26.5,26.3,26.2,26.2,26.2,26.4,26.4,26.3,26.5,26.3,26.6,27.3,27.7,28.8,30.1,30.5,29.7,28.6,27.8,27.3,27.0,26.9,26.7,26.6,26.6,26.4,26.9,27.2,27.5,28.0,27.9,27.6,27.7,27.5,27.6,27.5,27.5,27.8,28.1,28.3,28.3,28.2,28.3,28.3,28.3,28.5,28.6,28.6,28.6,28.5,28.4,28.1,28.0,27.8,27.5,27.1,26.8,26.4,26.3,26.1,26.2,26.2,26.0,26.3,26.6,27.2,27.5,27.6,27.6,27.2,27.3,27.1,27.0,26.9,26.9,26.9,27.1,27.2,27.6,28.4,29.1,29.7,29.8,29.6,29.4,29.3,29.3,29.3,29.2,29.3,29.0,29.0,28.6,27.8,27.3,26.9,26.8,26.9,26.7,26.8,26.8,26.8,26.9,26.9,26.9,26.8,27.0,26.9,27.1,26.9,27.1,27.1,27.2,27.2,27.0,27.1,27.1,27.1,27.0,27.1,27.1,27.1,27.2,27.1,27.2,27.1,27.1,27.1,27.2,27.0,27.2,27.1,27.1,27.1,27.1,27.0,27.2,27.2,27.1,27.2,27.3,27.3,27.1,27.1,26.9,26.9,27.1,27.1,27.0,27.1,27.2
186,27.6,27.8,27.7,27.7,27.8,27.9,27.7,28.0,28.0,27.9,27.8,28.0,27.8,27.9,27.8,28.0,27.8,27.8,27.8,27.9,27.8,27.9,27.9,27.6,27.9,27.9,28.0,28.5,28.7,29.2,29.4,29.0,28.5,27.8,27.0,26.5,26.3,26.5,26.4,26.4,26.3,26.4,26.4,26.4,26.3,26.3,26.3,26.4,26.5,26.4,26.5,26.7,27.2,27.8,28.6,30.3,31.0,29.7,28.8,28.1,27.3,27.2,26.7,26.5,26.7,26.4,26.6,26.8,27.1,27.6,28.0,28.1,27.9,27.6,27.5,27.5,27.6,27.6,27.6,27.6,27.8,28.2,28.1,27.9,28.2,28.1,28.3,28.2,28.2,28.1,28.0,28.0,27.7,27.6,27.7,27.3,27.1,26.6,26.4,26.2,26.2,26.2,26.1,26.2,26.4,26.7,27.1,27.4,27.4,27.2,27.2,27.0,26.9,26.9,26.9,26.9,27.0,27.1,27.4,27.9,28.5,29.4,29.8,29.8,29.5,29.4,29.2,29.4,29.3,29.2,29.3,29.2,29.0,28.4,27.6,27.2,26.8,26.7,26.6,26.5,26.7,26.8,26.7,26.8,26.6,26.8,26.7,27.0,26.9,27.0,26.8,27.0,27.0,27.1,27.0,27.3,27.3,27.2,27.0,27.1,27.2,27.1,27.1,27.0,27.1,27.1,27.1,27.3,27.0,27.1,27.1,27.1,27.2,27.0,27.1,27.0,27.1,27.1,27.0,27.1,27.2,27.1,27.2,27.1,27.1,27.2,27.0,27.2,27.2,27.1,27.1,27.1
187,27.7,27.7,27.8,27.8,27.8,27.7,27.8,27.9,27.8,27.7,27.9,27.9,27.8,27.8,27.7,27.8,27.7,27.8,27.8,27.8,27.8,27.8,27.8,28.0,27.8,27.8,27.9,28.3,28.7,29.2,29.3,29.1,28.3,28.0,27.0,26.6,26.3,26.4,26.4,26.1,26.3,26.3,26.4,26.2,26.3,26.4,26.5,26.3,26.4,26.3,26.5,26.7,27.2,28.0,28.7,30.2,31.1,30.0,28.8,27.9,27.4,26.9,26.6,26.5,26.4,26.5,26.6,26.7,27.3,27.5,28.0,28.2,27.9,27.7,27.5,27.5,27.5,27.3,27.5,27.6,27.6,27.6,27.8,27.6,28.0,27.9,27.9,28.0,27.7,27.7,27.6,27.6,27.5,27.4,27.3,27.3,26.9,26.9,26.5,26.3,26.2,26.2,26.2,26.3,26.6,26.7,27.1,27.3,27.3,27.4,27.2,27.1,26.9,26.9,26.9,27.1,27.1,27.1,27.6,28.0,28.6,29.6,29.8,29.4,29.4,29.2,29.4,29.4,29.3,29.3,29.3,29.2,29.0,28.4,27.8,27.1,27.0,26.6,26.7,26.6,26.8,26.9,26.7,26.8,26.9,26.9,27.0,26.9,26.9,26.9,26.9,27.0,26.9,27.1,26.9,27.0,27.0,27.1,27.0,27.1,27.1,27.0,27.1,27.1,27.2,27.1,27.0,27.1,26.9,27.0,26.9,27.0,26.9,27.2,27.1,27.1,27.1,27.2,27.1,27.0,27.2,27.1,27.3,27.1,27.3,27.1,27.1,27.1,27.1,26.9,27.1,27.1
188,27.7,27.8,27.8,27.8,27.8,27.7,27.8,27.7,28.0,28.0,27.9,28.0,27.9,27.8,28.0,27.8,27.9,27.7,27.8,27.8,27.8,27.9,27.8,27.8,27.9,28.0,28.0,28.3,28.6,29.0,29.3,28.9,28.5,27.8,27.2,26.7,26.4,26.4,26.4,26.3,26.5,26.3,26.3,26.4,26.4,26.2,26.4,26.3,26.4,26.3,26.4,26.6,27.3,27.8,28.8,30.2,31.0,30.3,29.0,28.2,27.5,26.9,26.6,26.4,26.3,26.4,26.6,26.9,27.2,27.7,28.1,28.3,28.2,27.9,27.6,27.5,27.4,27.3,27.4,27.5,27.3,27.2,27.5,27.4,27.6,27.6,27.4,27.4,27.5,27.4,27.2,27.3,27.3,27.3,27.3,27.2,27.1,26.9,26.6,26.4,26.4,26.0,26.1,26.4,26.7,26.8,27.1,27.3,27.6,27.3,27.1,27.2,27.0,27.1,27.3,27.4,27.6,27.7,27.9,28.4,28.7,29.5,29.7,29.5,29.4,29.4,29.5,29.3,29.3,29.1,29.3,29.2,29.1,28.7,27.7,27.1,27.0,26.9,26.8,26.6,26.7,26.7,26.6,26.9,26.8,26.9,26.9,27.0,26.9,26.9,27.0,27.0,27.1,27.1,27.1,27.1,27.1,27.1,27.1,27.2,27.0,27.1,27.1,27.1,27.2,27.0,27.2,27.2,27.1,27.1,27.0,27.3,27.1,27.3,27.2,27.1,27.2,27.3,27.1,27.1,27.2,27.2,27.1,27.1,27.1,27.1,27.1,27.0,27.1,27.0,27.1,27.0
189,27.8,27.9,27.6,27.8,27.6,27.9,27.7,27.8,27.9,27.6,27.8,27.8,27.9,27.7,27.9,27.8,27.9,27.8,27.9,27.8,27.8,27.9,27.7,27.9,27.8,27.8,28.0,28.3,28.6,29.1,29.2,29.0,28.4,27.9,27.1,26.6,26.4,26.5,26.4,26.2,26.4,26.5,26.2,26.2,26.4,26.4,26.4,26.5,26.4,26.3,26.5,26.7,27.2,27.7,28.8,30.1,30.7,30.6,29.1,28.2,27.4,26.9,26.5,26.4,26.5,26.4,26.6,26.8,27.2,27.8,28.2,28.6,28.4,28.2,27.8,27.7,27.6,27.5,27.3,27.4,27.3,27.3,27.1,27.3,27.2,27.2,27.2,27.3,27.1,27.1,27.1,27.1,27.1,27.1,27.2,27.3,27.1,26.9,26.6,26.3,26.2,26.4,26.2,26.5,26.8,27.1,27.3,27.4,27.4,27.3,27.1,27.0,26.9,27.3,27.2,27.7,27.7,28.1,28.3,28.3,28.7,29.4,29.6,29.5,29.2,29.3,29.4,29.3,29.3,29.3,29.2,29.3,29.1,28.6,27.8,27.1,26.9,26.7,26.7,26.8,26.7,26.8,26.8,26.8,26.9,26.9,26.9,26.8,26.8,27.1,27.0,27.1,27.0,27.2,27.1,27.1,27.1,27.1,27.1,27.2,27.1,27.2,26.9,27.0,27.0,27.1,27.1,27.1,27.2,27.1,27.2,27.2,27.0,27.1,27.1,27.1,27.2,27.0,27.1,27.3,27.1,27.2,27.1,27.3,27.1,27.1,27.0,27.1,27.0,27.2,27.1,27.0
190,27.7,27.6,27.8,27.7,27.8,27.8,27.7,27.8,27.8,27.9,27.9,27.8,27.8,27.8,27.8,27.9,27.8,27.7,27.8,27.7,27.8,27.8,27.7,27.8,27.8,27.9,28.1,28.2,28.6,29.1,29.1,29.1,28.5,28.0,27.3,26.5,26.5,26.4,26.4,26.3,26.4,26.4,26.3,26.4,26.3,26.3,26.4,26.3,26.3,26.3,26.6,26.8,27.2,27.6,28.7,29.7,30.6,30.5,29.5,28.3,27.3,26.8,26.4,26.5,26.3,26.4,26.6,26.7,27.3,27.8,28.3,28.6,28.4,28.2,28.2,27.9,27.6,27.6,27.3,27.5,27.3,27.1,27.0,27.1,27.2,26.9,27.1,27.1,27.0,27.0,27.0,26.7,26.9,26.9,27.3,27.3,27.2,27.0,26.8,26.4,26.1,26.2,26.2,26.4,26.7,27.1,27.3,27.6,27.5,27.3,27.2,27.2,27.1,27.6,27.6,27.7,28.0,28.4,28.6,28.8,29.0,29.4,29.5,29.4,29.6,29.4,29.2,29.6,29.2,29.2,29.3,29.3,29.0,28.6,27.8,27.2,27.0,26.7,26.7,26.7,26.6,26.8,26.6,26.8,26.8,27.0,26.9,26.9,27.0,27.1,26.9,27.1,27.0,26.9,27.0,27.0,27.0,27.1,26.9,27.1,27.0,26.9,27.1,27.1,27.1,27.0,27.1,26.9,27.0,27.1,27.1,27.0,27.1,27.2,26.9,27.0,27.0,27.1,27.1,27.0,27.2,27.1,27.1,27.3,27.1,27.0,27.1,27.2,27.1,27.1,27.0,27.2
191,27.7,27.6,27.8,27.8,27.8,27.7,27.8,27.6,27.9,27.9,28.0,27.9,27.6,27.9,27.8,27.7,27.9,27.8,27.8,27.8,27.8,27.9,27.8,27.9,27.9,27.8,28.0,28.3,28.5,29.1,29.1,28.8,28.6,28.0,27.2,26.7,26.4,26.4,26.5,26.3,26.4,26.4,26.3,26.4,26.4,26.4,26.4,26.4,26.4,26.3,26.5,26.7,27.1,27.8,28.6,29.7,30.2,30.5,29.6,28.3,27.6,26.9,26.5,26.3,26.4,26.3,26.6,26.7,27.2,27.8,28.5,29.0,28.7,28.7,28.5,28.2,28.0,27.8,27.6,27.4,27.6,27.4,27.2,27.0,27.2,27.2,27.1,26.9,26.9,26.9,26.9,26.8,26.9,27.1,27.1,27.2,27.3,27.1,26.9,26.5,26.1,26.3,26.3,26.5,26.8,26.9,27.2,27.5,27.6,27.2,27.3,27.4,27.5,27.7,27.8,28.1,28.2,28.4,28.6,28.8,29.0,29.4,29.5,29.4,29.3,29.4,29.3,29.4,29.3,29.2,29.3,29.2,28.9,28.3,27.6,27.3,26.8,26.6,26.6,26.6,26.7,26.8,26.7,26.7,26.9,26.9,26.9,26.8,26.7,26.8,27.1,26.9,26.8,27.0,27.1,27.1,27.2,27.1,27.1,27.1,27.2,27.0,27.0,27.1,27.2,27.0,27.2,27.0,27.1,27.1,27.2,27.0,27.0,27.0,27.2,27.1,27.0,27.2,27.2,27.0,27.1,27.0,27.1,27.1,27.1,27.0,27.1,27.2,27.0,27.1,27.0,27.0
192,27.8,27.7,27.5,27.8,27.8,27.8,27.6,27.8,27.8,27.9,27.8,27.8,27.6,27.8,27.7,27.8,27.7,27.8,27.6,27.8,27.9,27.8,27.8,27.8,27.8,27.8,28.0,28.1,28.5,29.1,29.3,29.1,28.6,28.1,27.1,26.6,26.5,26.3,26.5,26.4,26.4,26.4,26.4,26.2,26.5,26.4,26.4,26.4,26.4,26.5,26.4,26.6,27.1,27.7,28.4,29.2,29.8,30.0,29.8,28.6,27.8,26.9,26.5,26.4,26.4,26.5,26.5,26.6,27.2,27.8,28.4,29.0,29.0,29.0,28.6,28.4,28.2,27.8,27.7,27.6,27.4,27.4,27.2,27.2,27.1,27.0,27.1,27.0,26.9,26.9,27.0,26.7,26.9,26.9,27.1,27.3,27.4,27.1,26.8,26.5,26.3,26.1,26.3,26.4,26.7,26.8,27.1,27.5,27.6,27.3,27.4,27.7,27.8,27.9,28.2,28.3,28.5,28.7,28.9,29.1,29.3,29.3,29.3,29.3,29.5,29.4,29.4,29.5,29.4,29.3,29.5,29.3,29.1,28.5,27.8,27.2,26.9,26.6,26.7,26.6,26.7,26.8,26.8,26.8,26.8,26.9,26.9,26.8,26.9,27.1,27.1,27.0,26.8,27.1,27.0,27.1,27.0,27.0,27.0,27.2,27.3,27.0,27.1,27.1,27.0,27.3,27.1,27.1,27.2,27.1,27.0,27.1,27.1,27.1,27.1,27.1,27.1,27.1,27.1,27.1,27.1,27.1,27.1,27.1,27.1,27.0,27.0,27.1,27.1,27.0,27.3,27.0
193,27.6,27.8,27.8,27.6,27.7,27.7,27.8,27.8,27.8,27.9,27.9,27.8,27.8,27.8,27.8,27.7,27.9,27.8,28.0,27.8,27.8,27.8,28.0,27.8,27.8,27.8,28.0,28.1,28.5,29.0,29.2,29.0,28.5,28.0,27.3,26.6,26.4,26.5,26.5,26.3,26.3,26.4,26.4,26.4,26.3,26.2,26.6,26.3,26.5,26.4,26.4,26.6,27.1,27.6,28.3,29.3,29.8,29.9,29.6,28.9,27.8,27.2,26.7,26.5,26.4,26.3,26.4,26.8,27.2,27.8,28.5,29.0,29.0,29.1,29.0,28.9,28.5,28.2,28.0,27.7,27.6,27.5,27.4,27.3,27.3,27.1,27.1,26.9,27.1,26.9,26.6,26.7,26.6,26.9,27.0,27.4,27.3,27.1,26.8,26.5,26.4,26.4,26.2,26.2,26.5,26.6,27.1,27.4,27.5,27.6,27.7,27.9,28.2,28.3,28.5,28.6,28.8,28.9,29.2,29.2,29.2,29.4,29.4,29.3,29.5,29.3,29.4,29.2,29.5,29.4,29.4,29.3,29.2,28.7,27.9,27.2,26.8,26.6,26.7,26.6,26.6,26.7,26.7,26.9,26.9,26.8,26.8,26.9,26.9,27.0,27.0,27.1,27.0,27.0,27.2,27.1,27.1,27.0,27.2,27.2,27.1,27.1,27.1,27.0,27.2,27.0,27.1,27.1,27.1,27.0,27.2,27.1,27.1,27.1,27.1,27.0,27.1,27.1,26.9,27.1,27.0,26.9,27.2,27.1,27.1,27.2,27.1,27.1,27.1,27.0,27.0,27.1
194,27.8,27.7,27.8,27.6,27.8,27.8,27.7,27.5,27.8,27.8,27.8,27.9,27.8,27.8,27.9,27.8,27.8,27.8,27.9,27.8,27.8,27.8,27.8,27.7,28.0,27.7,27.9,28.3,28.6,29.0,29.3,29.2,28.5,27.9,27.3,26.7,26.5,26.4,26.3,26.5,26.3,26.4,26.3,26.2,26.6,26.4,26.4,26.2,26.4,26.4,26.4,26.7,27.0,27.5,28.2,29.2,29.6,29.7,29.3,29.1,27.8,27.1,26.6,26.3,26.3,26.6,26.7,26.9,27.4,27.9,28.6,29.0,29.2,29.1,29.2,29.1,29.0,28.5,28.2,27.9,27.7,27.5,27.3,27.3,27.2,27.1,27.1,27.0,26.9,26.6,26.7,26.6,26.7,26.9,27.0,27.3,27.3,26.9,26.7,26.6,26.6,26.4,26.3,26.2,26.3,26.5,27.1,27.3,27.6,27.9,28.0,28.0,28.2,28.5,28.6,28.8,28.9,29.0,29.3,29.3,29.1,29.4,29.5,29.4,29.3,29.4,29.3,29.2,29.3,29.4,29.3,29.4,29.1,28.8,27.8,27.3,26.7,26.7,26.5,26.6,26.6,26.9,26.7,26.9,26.8,26.9,26.8,27.1,26.8,26.9,26.9,26.9,27.0,27.1,27.1,27.1,27.0,26.9,27.1,26.9,27.1,27.1,27.2,27.3,27.1,27.1,27.0,27.1,27.1,27.2,27.2,27.0,27.2,27.1,27.1,27.2,27.1,27.0,27.1,27.2,27.0,27.0,27.2,26.9,27.1,27.1,27.0,27.1,27.1,27.0,27.1,27.2
195,27.5,27.7,27.7,27.6,27.8,27.7,27.7,27.9,27.8,27.8,27.9,27.6,27.7,27.8,27.7,27.9,27.8,27.8,27.8,27.8,27.7,27.9,27.7,27.8,27.9,27.8,27.8,28.2,28.4,29.1,29.1,29.0,28.6,28.1,27.3,26.6,26.5,26.4,26.4,26.3,26.4,26.3,26.5,26.4,26.4,26.3,26.4,26.4,26.5,26.4,26.2,26.6,27.0,27.4,28.1,28.8,29.3,29.7,29.4,29.0,27.9,27.1,26.6,26.4,26.5,26.5,26.8,26.9,27.4,27.8,28.7,29.1,29.1,29.3,29.2,29.2,29.1,28.9,28.5,28.2,27.7,27.5,27.4,27.3,27.3,27.0,27.0,26.8,26.9,26.7,26.9,26.9,26.7,26.8,27.0,27.4,27.2,27.0,26.7,26.6,26.4,26.4,26.4,26.2,26.3,26.4,26.9,27.4,27.7,28.2,28.3,28.5,28.6,28.6,28.8,29.0,29.0,29.0,29.4,29.5,29.2,29.5,29.4,29.3,29.4,29.2,29.5,29.5,29.4,29.5,29.4,29.5,29.3,28.6,27.9,27.1,26.9,26.6,26.6,26.6,26.7,26.6,26.8,26.8,26.8,26.9,26.8,27.1,26.8,27.0,27.0,26.9,27.1,27.1,27.1,27.1,27.0,27.0,26.9,27.1,27.1,27.0,27.2,27.1,27.1,27.0,27.3,27.2,27.0,27.3,27.0,27.2,27.0,27.1,27.1,27.0,27.0,27.0,27.2,27.2,27.1,27.0,27.1,26.9,27.0,27.1,27.0,27.1,26.9,27.0,27.1,27.2
196,27.5,27.7,27.9,27.7,27.7,27.7,27.7,27.8,27.8,27.8,27.8,27.8,27.8,27.7,27.8,27.8,27.8,27.8,27.8,27.8,27.8,27.8,27.9,27.8,27.8,27.8,28.0,28.2,28.5,28.8,29.2,29.0,28.6,28.0,27.2,26.7,26.4,26.4,26.4,26.4,26.2,26.4,26.3,26.4,26.2,26.2,26.4,26.3,26.4,26.6,26.5,26.8,27.0,27.6,28.2,28.8,29.3,29.3,29.1,28.8,28.1,27.1,26.7,26.6,26.6,26.7,26.8,26.9,27.3,27.8,28.6,29.1,29.3,29.5,29.4,29.5,29.2,29.1,28.8,28.6,28.1,27.6,27.6,27.4,27.2,27.1,27.2,27.1,26.9,27.1,27.2,27.0,27.0,27.2,27.6,27.6,27.2,26.9,26.7,26.5,26.4,26.2,26.3,26.3,26.5,26.4,26.7,27.5,28.1,28.2,28.4,28.5,28.7,28.8,28.8,28.9,28.9,29.3,29.4,29.5,29.4,29.4,29.4,29.2,29.6,29.3,29.4,29.4,29.5,29.5,29.6,29.4,29.0,28.6,27.7,27.3,26.9,26.7,26.6,26.8,26.7,26.8,26.8,26.8,26.8,26.9,27.0,26.9,26.8,27.1,27.0,26.9,27.0,27.2,27.0,27.1,27.1,27.1,27.0,27.0,27.1,27.1,27.1,27.1,27.2,27.2,27.1,27.1,27.1,27.0,27.1,27.1,27.0,26.9,27.1,27.3,27.1,27.1,27.1,26.9,27.0,27.1,27.1,27.2,27.1,27.1,26.8,27.0,27.2,26.9,27.1,27.0
197,27.6,27.8,27.7,27.9,27.8,27.8,27.7,27.8,27.8,27.9,27.8,27.8,27.9,27.8,27.7,27.7,27.8,27.7,27.8,27.7,27.9,27.8,27.8,27.9,27.9,27.8,27.9,28.1,28.3,29.0,29.1,29.0,28.7,28.1,27.4,26.8,26.5,26.6,26.4,26.3,26.4,26.5,26.5,26.4,26.4,26.4,26.6,26.2,26.4,26.3,26.5,26.6,26.9,27.7,28.2,28.9,29.2,29.2,29.1,28.7,28.0,27.1,26.8,26.4,26.5,26.5,26.6,26.8,27.3,27.8,28.7,29.2,29.5,29.4,29.4,29.3,29.2,29.2,29.0,28.6,28.2,27.9,27.4,27.5,27.4,27.3,27.4,27.5,27.5,27.5,27.5,27.6,27.6,27.6,28.0,27.6,27.6,26.9,26.5,26.4,26.3,26.3,26.1,26.2,26.4,26.4,27.0,27.4,28.0,28.5,28.5,28.6,28.7,28.7,28.8,28.9,29.2,29.2,29.3,29.4,29.7,29.4,29.5,29.5,29.4,29.4,29.3,29.5,29.4,29.6,29.6,29.4,29.1,28.6,27.8,27.1,26.9,26.6,26.7,26.6,26.6,26.7,26.7,26.7,26.7,26.9,27.0,27.1,26.9,26.9,27.0,26.9,27.0,27.0,27.1,27.0,27.0,27.0,26.9,27.1,27.1,27.1,26.9,27.1,27.0,27.0,27.0,27.1,27.1,27.1,26.9,27.1,27.0,26.9,26.9,27.1,27.0,27.1,26.9,27.0,27.0,26.9,27.1,27.1,27.0,27.1,27.0,27.1,27.0,26.9,27.0,27.0
198,27.6,27.6,27.7,27.6,27.6,27.8,27.6,27.6,27.8,27.7,27.7,27.8,27.7,27.8,27.6,27.7,27.8,27.8,27.7,27.9,27.8,27.8,27.7,27.8,27.7,27.8,27.9,28.2,28.4,28.5,29.0,29.1,28.8,28.2,27.5,26.7,26.4,26.2,26.4,26.3,26.2,26.4,26.3,26.3,26.3,26.3,26.3,26.3,26.3,26.5,26.6,26.5,27.0,27.4,28.0,28.9,29.1,29.3,29.0,28.5,27.8,27.2,26.7,26.5,26.6,26.5,26.7,26.8,27.2,27.7,28.5,29.3,29.2,29.3,29.4,29.3,29.2,29.2,29.2,28.9,28.5,27.9,27.8,27.6,27.8,27.9,27.9,28.0,28.0,27.8,27.9,27.9,27.9,28.0,28.0,27.8,27.3,27.1,26.4,26.5,26.3,26.3,26.2,26.2,26.4,26.4,26.9,27.6,28.0,28.4,28.6,28.5,28.8,28.8,28.9,29.0,29.2,29.4,29.4,29.5,29.6,29.6,29.5,29.5,29.6,29.4,29.4,29.5,29.6,29.6,29.5,29.4,29.0,28.5,27.8,27.2,27.0,26.7,26.7,26.6,26.6,26.7,26.7,27.0,26.8,26.9,26.8,26.9,26.9,26.9,26.9,27.1,26.9,27.1,27.0,27.0,26.9,27.2,27.0,27.1,27.2,27.3,27.2,26.9,27.1,27.1,27.0,27.1,27.1,26.9,27.2,27.1,27.2,27.0,27.2,27.1,27.1,27.0,27.1,27.3,27.2,27.0,27.1,27.1,27.1,27.0,27.1,27.1,27.0,27.0,27.1,27.2
199,27.6,27.6,27.6,27.6,27.5,27.7,27.7,27.6,27.8,27.6,27.9,27.8,27.6,27.7,27.7,27.7,27.7,27.8,27.8,27.8,27.8,27.8,27.7,27.7,27.8,27.6,27.8,28.2,28.4,28.8,29.0,29.2,28.6,28.3,27.3,26.7,26.5,26.5,26.4,26.2,26.4,26.4,26.3,26.4,26.4,26.4,26.5,26.5,26.4,26.5,26.4,26.6,27.0,27.3,28.1,28.9,29.3,29.1,28.8,28.3,28.0,27.2,26.6,26.5,26.6,26.5,26.6,26.8,27.1,27.8,28.4,29.2,29.3,29.4,29.3,29.2,29.1,29.2,29.1,29.0,28.6,28.4,28.2,27.8,28.0,28.0,28.1,27.8,27.9,27.9,27.9,27.9,28.0,28.1,28.3,27.9,27.5,27.0,26.6,26.3,26.2,26.2,26.2,26.2,26.4,26.5,26.9,27.5,28.0,28.4,28.6,28.6,28.7,28.8,28.9,29.0,29.1,29.2,29.4,29.3,29.5,29.7,29.6,29.4,29.5,29.4,29.4,29.6,29.7,29.6,29.4,29.1,29.0,28.6,27.8,27.4,26.9,26.6,26.6,26.7,26.8,26.8,26.8,26.7,26.7,26.7,26.9,26.8,26.9,27.0,26.9,27.0,26.9,26.9,26.8,27.1,26.9,27.1,27.0,27.0,27.0,26.9,27.0,27.1,27.1,27.1,27.1,27.1,27.1,27.1,27.1,27.1,27.0,27.0,26.9,27.1,26.8,27.1,27.2,27.0,27.0,26.9,27.2,27.1,27.1,27.2,27.1,27.1,27.1,27.1,27.1,27.1
200,27.8,27.7,27.7,27.8,27.7,27.8,27.9,27.8,27.9,27.8,27.8,27.8,27.6,27.7,27.8,27.8,27.7,27.9,27.6,27.8,28.0,27.9,27.7,27.7,27.8,27.8,27.9,27.8,28.3,28.6,29.2,29.2,28.8,28.2,27.5,26.8,26.6,26.5,26.5,26.3,26.5,26.3,26.4,26.4,26.4,26.4,26.6,26.5,26.4,26.5,26.4,26.7,26.9,27.5,28.1,28.9,29.3,29.3,28.9,28.6,27.9,27.1,26.9,26.5,26.6,26.6,26.5,26.6,27.1,27.8,28.6,29.3,29.3,29.1,29.2,29.1,28.9,28.8,28.8,28.8,28.7,28.6,28.5,28.4,28.6,28.2,28.0,27.9,27.9,27.9,27.8,28.0,28.0,28.2,28.5,28.0,27.6,26.9,26.4,26.4,26.3,26.3,26.2,26.2,26.4,26.5,27.1,27.5,28.1,28.5,28.5,28.6,28.5,28.9,28.9,29.1,29.3,29.2,29.2,29.4,29.4,29.6,29.6,29.3,29.3,29.2,29.6,29.8,29.5,29.4,29.0,29.0,29.1,28.6,27.9,27.3,27.0,26.7,26.8,26.6,26.7,26.9,26.9,26.8,26.9,26.9,26.9,27.0,27.0,27.1,27.1,27.1,27.2,27.1,27.1,27.0,27.0,27.2,27.1,27.1,27.2,27.1,27.1,27.1,27.2,27.2,27.0,27.2,27.1,27.2,27.2,27.0,27.3,27.1,27.1,27.0,27.1,27.0,27.0,27.1,27.0,27.0,27.0,27.0,27.1,27.0,27.2,27.2,27.2,27.0,27.1,27.1
201,27.6,27.7,27.8,27.7,27.8,27.7,27.8,27.6,27.7,27.9,27.8,27.8,27.9,27.7,27.8,27.9,27.8,27.7,27.7,27.8,27.7,27.8,27.7,27.8,27.8,27.8,27.8,27.9,28.5,28.6,28.9,29.3,28.8,28.4,27.6,26.6,26.5,26.4,26.4,26.4,26.4,26.4,26.4,26.3,26.3,26.3,26.6,26.5,26.4,26.4,26.5,26.6,27.0,27.4,28.0,29.1,29.1,29.3,29.0,28.7,27.8,27.2,26.8,26.6,26.6,26.5,26.7,26.7,27.2,27.7,28.6,29.2,29.3,29.1,28.9,28.6,28.6,28.6,28.6,28.5,28.5,28.7,28.6,28.4,28.5,28.2,28.1,28.0,28.0,27.7,27.9,28.0,28.1,28.0,28.4,28.2,27.5,27.0,26.7,26.4,26.4,26.2,26.2,26.3,26.3,26.5,26.9,27.6,28.1,28.5,28.4,28.2,28.5,28.8,29.0,29.1,29.1,28.9,29.0,29.2,29.3,29.5,29.5,29.1,29.0,29.2,29.5,29.4,29.4,29.0,28.7,29.0,28.9,28.6,28.0,27.2,26.9,26.8,26.7,26.6,26.6,26.7,26.7,26.6,26.8,26.9,26.8,26.9,26.8,27.0,27.0,27.1,26.9,27.0,27.0,27.0,26.9,27.0,27.0,27.1,27.0,26.9,27.1,27.1,27.1,27.0,27.1,26.9,27.2,27.0,27.1,27.2,27.2,27.0,27.1,27.0,27.0,27.0,27.1,27.1,27.1,27.0,27.0,27.1,27.1,27.0,27.0,27.0,27.0,26.9,27.0,27.1
202,27.6,27.5,27.7,27.8,27.4,27.6,27.7,27.7,27.8,27.8,27.8,27.9,27.8,27.8,27.7,27.7,27.7,27.8,27.7,27.8,27.9,27.9,27.8,27.7,27.9,27.7,28.0,28.1,28.4,28.6,29.0,29.1,28.8,28.2,27.6,26.8,26.4,26.4,26.4,26.4,26.4,26.4,26.3,26.4,26.3,26.4,26.3,26.5,26.6,26.4,26.5,26.7,27.0,27.4,28.0,28.8,29.3,29.4,29.1,28.7,27.9,27.3,26.6,26.6,26.5,26.4,26.6,26.6,27.1,27.6,28.5,29.0,29.2,29.0,28.5,28.5,28.3,28.3,28.3,28.3,28.6,28.7,28.6,28.2,28.3,28.3,28.0,27.9,27.9,27.8,27.9,28.0,28.0,28.1,28.2,27.9,27.5,27.0,26.4,26.3,26.2,26.1,26.2,26.2,26.2,26.4,26.8,27.5,28.1,28.5,28.3,28.1,28.4,28.7,28.8,29.1,29.0,28.7,28.9,29.0,29.3,29.4,29.4,28.9,28.9,29.2,29.4,29.5,29.4,28.7,28.6,28.9,28.8,28.6,27.8,27.4,27.0,26.7,26.8,26.7,26.6,26.8,26.8,26.8,26.9,27.0,27.0,27.1,26.9,27.0,27.0,27.0,27.1,27.1,27.1,26.9,27.0,27.0,27.1,27.0,27.1,27.0,26.9,27.1,27.2,27.0,27.0,27.0,27.0,26.9,26.9,27.0,27.1,27.2,27.1,27.1,26.9,27.1,27.1,27.0,27.2,27.1,27.1,27.0,27.1,27.2,27.0,27.0,27.1,26.9,27.0,27.1
203,27.8,27.7,27.7,27.8,27.6,27.7,27.7,27.8,27.8,27.6,27.8,27.8,27.8,27.8,27.7,27.7,27.9,27.7,27.7,27.8,27.8,27.8,27.8,27.8,27.9,27.9,27.8,27.9,28.2,28.7,29.0,29.3,28.8,28.2,27.6,26.9,26.5,26.4,26.4,26.4,26.5,26.4,26.4,26.4,26.4,26.4,26.5,26.4,26.4,26.4,26.5,26.7,26.9,27.4,28.1,28.9,29.1,29.2,29.2,28.8,28.1,27.4,26.7,26.5,26.5,26.4,26.7,26.8,27.2,27.6,28.3,29.2,29.1,28.8,28.4,28.2,28.1,28.0,28.1,28.2,28.3,28.5,28.4,28.3,28.2,28.4,28.2,28.0,28.0,27.9,27.9,27.8,28.0,28.3,28.2,28.1,27.7,27.2,26.6,26.4,26.4,26.3,26.3,26.2,26.3,26.5,26.9,27.6,28.1,28.0,28.3,28.2,28.1,28.7,29.0,29.1,29.0,28.6,28.8,29.1,29.3,29.3,29.3,28.8,28.8,28.9,29.2,29.3,29.4,28.6,28.7,28.7,28.8,28.5,27.8,27.3,26.9,26.9,26.7,26.6,26.9,26.7,26.7,26.8,26.7,26.8,26.8,27.1,26.9,27.1,26.9,26.9,27.0,27.0,27.0,27.1,26.9,27.1,27.1,27.0,27.2,27.1,27.0,27.1,27.2,27.1,27.3,27.0,27.1,27.0,27.1,27.1,27.2,27.0,27.0,27.1,27.1,27.1,27.1,27.1,26.9,27.1,27.1,27.2,27.1,27.0,27.1,27.1,27.1,27.0,27.2,27.1
204,27.5,27.6,27.6,27.6,27.8,27.8,27.8,27.8,27.7,27.7,27.7,27.6,27.8,27.8,27.9,27.8,27.8,27.8,27.8,27.8,27.8,27.9,27.8,27.7,27.9,27.8,27.7,28.1,28.2,28.6,28.9,29.2,28.9,28.3,27.7,26.8,26.5,26.4,26.4,26.5,26.4,26.4,26.4,26.4,26.5,26.4,26.4,26.4,26.4,26.3,26.5,26.6,27.0,27.4,28.0,29.0,29.2,29.3,29.2,28.8,28.2,27.2,26.8,26.6,26.6,26.6,26.9,26.6,27.1,27.8,28.4,29.0,29.1,28.9,28.4,28.2,28.0,28.0,28.2,28.2,28.5,28.4,28.5,28.3,28.2,28.2,28.1,27.9,27.8,27.7,27.8,27.8,28.2,28.1,28.1,28.1,27.7,27.1,26.6,26.4,26.4,26.4,26.4,26.4,26.4,26.6,26.9,27.7,28.2,28.0,28.2,28.0,28.2,28.6,29.0,29.2,28.8,28.4,28.8,29.0,29.2,29.4,29.2,28.8,28.7,28.8,29.0,29.3,29.2,28.6,28.7,28.8,28.9,28.6,28.0,27.6,27.0,26.9,26.7,26.8,26.9,26.7,26.8,26.9,26.9,26.8,26.9,26.9,27.0,27.1,27.0,27.0,27.1,26.9,27.1,27.1,27.0,27.1,27.1,27.0,27.1,27.0,27.1,27.1,27.2,27.2,27.0,27.2,27.3,27.0,27.2,27.0,27.1,27.1,27.1,27.1,27.1,27.3,26.9,26.9,27.1,27.1,27.0,27.2,27.2,27.2,27.1,27.1,27.1,27.1,26.9,27.1
205,27.6,27.5,27.7,27.5,27.7,27.8,27.6,27.8,27.7,27.8,27.9,27.8,27.7,27.6,27.8,27.9,27.8,28.0,27.8,27.8,27.9,27.8,27.9,27.9,27.8,27.9,27.8,28.1,28.4,28.6,29.1,29.4,28.9,28.4,27.8,26.9,26.5,26.4,26.3,26.4,26.3,26.4,26.5,26.4,26.5,26.5,26.5,26.5,26.5,26.4,26.6,26.6,27.0,27.3,28.0,28.8,29.4,29.3,29.2,28.8,28.3,27.3,27.0,26.8,26.8,26.9,26.7,26.9,27.2,27.8,28.5,29.0,29.0,28.8,28.4,28.2,28.1,28.0,28.1,28.3,28.3,28.5,28.3,28.3,28.3,28.1,28.0,28.0,27.8,27.8,27.6,27.7,28.0,28.1,28.2,28.1,27.5,27.3,26.8,26.6,26.6,26.7,26.5,26.5,26.5,26.7,26.9,27.6,28.1,28.0,27.9,28.0,28.2,28.4,28.9,29.0,28.6,28.3,28.7,28.8,29.2,29.5,29.3,28.8,28.6,28.6,28.8,29.2,28.9,28.7,28.4,28.7,28.8,28.6,28.0,27.3,27.1,26.7,26.7,26.9,26.7,26.8,26.9,26.9,26.8,27.0,26.9,26.9,26.9,27.1,27.0,27.1,26.9,27.1,27.1,27.1,27.0,27.1,27.1,27.2,27.3,27.1,27.1,27.1,27.3,27.1,27.0,27.2,27.0,27.0,27.0,27.0,27.1,27.1,27.0,27.0,27.1,27.1,27.1,27.1,27.1,27.1,27.1,27.2,27.1,26.8,27.1,27.1,27.1,26.9,27.1,27.2
206,27.7,27.6,27.7,27.7,27.5,27.9,27.6,27.7,27.8,27.7,27.9,27.9,27.6,27.8,27.8,27.7,27.8,27.8,27.8,27.8,27.9,27.9,27.8,27.8,27.9,27.7,28.0,28.2,28.4,28.5,28.9,29.2,29.0,28.5,27.7,26.9,26.6,26.5,26.3,26.4,26.3,26.4,26.5,26.4,26.4,26.5,26.6,26.3,26.4,26.7,26.5,26.6,27.0,27.4,27.9,28.8,29.4,29.3,29.3,28.8,28.3,27.5,27.0,26.8,27.0,26.9,26.9,27.0,27.3,27.9,28.5,29.0,29.1,28.7,28.5,28.0,28.1,28.1,28.2,28.2,28.6,28.5,28.5,28.2,28.2,28.1,28.0,27.8,27.7,27.7,27.6,27.8,28.1,28.2,28.4,28.1,27.7,27.1,26.8,26.8,26.6,26.7,26.6,26.5,26.9,26.8,27.1,27.6,28.1,28.2,28.1,27.9,27.8,28.1,28.2,28.4,28.2,28.1,28.6,29.0,29.2,29.5,29.4,29.0,28.3,28.4,28.6,28.9,28.6,28.3,28.4,28.8,28.8,28.7,28.0,27.4,27.2,27.1,26.9,26.7,26.6,26.9,26.9,26.9,26.9,27.0,26.9,27.0,26.8,27.1,27.2,27.1,27.0,27.0,27.1,27.0,27.1,26.9,27.1,26.9,27.0,27.3,27.3,27.1,27.1,27.0,27.1,27.1,27.1,27.2,27.0,27.1,27.0,27.0,27.2,27.0,27.1,27.0,27.0,27.1,27.1,26.8,27.1,27.1,27.1,27.0,27.2,27.0,27.1,27.1,27.1,27.0
207,27.7,27.5,27.6,27.6,27.5,27.7,27.6,27.6,27.6,27.6,27.8,27.8,27.7,27.7,27.7,27.7,27.7,27.6,27.6,27.7,27.6,27.7,27.8,27.7,27.8,27.7,27.7,28.0,28.1,28.4,28.9,29.2,29.1,28.3,27.7,27.1,26.5,26.6,26.4,26.4,26.4,26.5,26.3,26.5,26.4,26.4,26.3,26.4,26.4,26.3,26.5,26.4,26.9,27.3,27.9,28.9,29.2,29.3,29.2,28.8,28.2,27.6,27.3,26.9,27.0,26.9,27.0,27.1,27.5,27.8,28.5,29.0,29.2,28.9,28.4,28.1,28.1,28.1,28.1,28.4,28.5,28.6,28.3,28.2,28.2,28.1,28.0,27.5,27.7,27.6,27.6,27.8,28.1,28.2,28.3,28.1,27.5,27.1,26.8,26.9,26.6,26.6,26.5,26.6,26.7,26.9,27.0,27.6,27.9,28.0,28.0,27.8,27.6,27.7,28.0,28.1,27.8,28.0,28.5,29.0,29.4,29.4,29.3,28.8,28.3,28.2,28.3,28.5,28.4,28.2,28.5,28.6,28.8,28.6,27.8,27.4,26.9,26.9,26.9,26.8,26.8,26.9,26.9,26.8,26.9,27.0,26.9,27.1,26.9,27.0,27.0,27.1,27.1,27.1,27.1,27.0,27.1,27.1,27.0,27.2,27.1,27.1,27.0,27.1,27.1,27.1,27.0,26.9,27.1,27.1,27.0,27.1,27.3,27.0,27.0,27.0,27.1,27.0,27.1,27.0,27.1,27.0,27.1,27.0,27.1,27.0,27.1,27.1,26.9,26.8,27.1,27.0
208,27.6,27.8,27.7,27.7,27.7,27.7,27.6,27.7,27.8,27.8,27.8,27.6,27.7,27.7,27.7,27.7,27.7,27.9,27.6,27.8,27.8,27.7,27.8,27.8,27.7,27.7,27.8,27.9,28.1,28.5,28.9,29.2,29.0,28.7,27.8,27.0,26.6,26.5,26.6,26.3,26.3,26.4,26.3,26.4,26.3,26.3,26.6,26.4,26.4,26.5,26.4,26.6,26.7,27.3,27.9,28.7,29.3,29.4,29.1,28.8,28.5,27.7,27.2,27.0,27.1,27.1,27.1,27.1,27.4,28.0,28.5,29.3,29.0,29.0,28.6,28.2,28.2,28.1,28.1,28.2,28.4,28.6,28.4,28.3,28.1,27.8,27.7,27.6,27.6,27.7,27.9,28.0,28.1,28.2,28.2,28.0,27.7,27.1,26.9,26.8,26.7,26.6,26.6,26.7,26.8,26.7,27.0,27.6,27.8,28.1,27.9,27.6,27.5,27.6,27.7,27.9,27.7,28.1,28.6,29.0,29.3,29.5,29.3,28.9,28.2,28.0,28.0,28.1,28.0,27.9,28.4,28.7,28.8,28.5,27.9,27.5,27.1,26.7,26.8,26.9,26.9,27.0,27.0,27.2,27.0,27.0,27.0,26.9,26.9,27.0,27.0,26.9,27.1,27.1,27.2,27.2,26.9,27.1,27.2,27.1,27.1,27.2,27.1,27.2,27.1,27.1,26.9,27.0,27.0,27.2,27.1,27.1,27.1,27.0,27.1,27.1,27.1,27.1,26.9,27.2,27.0,27.1,27.1,27.1,27.1,27.0,27.1,27.1,27.1,27.1,27.2,27.2
209,27.6,27.6,27.8,27.6,27.6,27.6,27.6,27.6,27.6,27.6,27.6,27.7,27.6,27.7,27.7,27.8,27.7,27.7,27.7,27.7,27.7,27.7,27.8,27.9,27.8,27.7,27.8,27.8,28.1,28.5,28.8,29.3,28.9,28.6,27.9,27.0,26.6,26.5,26.4,26.3,26.6,26.4,26.5,26.3,26.3,26.5,26.5,26.4,26.5,26.6,26.4,26.6,26.8,27.3,27.8,28.8,29.3,29.4,29.3,28.8,28.3,27.7,27.2,27.0,27.2,27.0,27.1,27.3,27.4,27.9,28.5,29.0,29.2,29.0,28.3,28.2,28.0,28.2,28.1,28.2,28.5,28.7,28.3,28.2,28.0,27.8,27.8,27.5,27.5,27.6,27.8,27.9,27.8,28.1,28.0,27.9,27.6,27.2,26.9,26.8,26.7,26.9,26.6,26.7,26.8,26.7,27.0,27.5,27.8,27.9,28.0,27.6,27.4,27.4,27.3,27.3,27.3,27.9,28.6,29.1,29.3,29.3,29.2,28.9,28.2,27.7,27.6,27.6,27.5,27.8,28.2,28.6,28.8,28.6,27.9,27.4,27.2,26.8,26.7,26.7,26.8,26.9,26.9,26.9,26.8,26.9,27.0,27.0,26.9,26.8,27.0,27.0,27.0,27.0,26.9,27.0,27.0,27.1,27.0,27.1,27.1,27.1,26.9,27.1,27.1,27.2,27.0,27.1,27.1,27.1,27.0,27.1,27.2,26.9,27.3,27.0,27.1,27.2,27.0,27.1,27.0,27.1,27.2,27.0,26.9,27.1,27.1,27.1,27.0,27.0,27.0,27.0
210,27.6,27.6,27.8,27.7,27.6,27.7,27.8,27.6,27.7,27.6,27.8,27.8,27.6,27.8,27.8,27.5,27.7,27.7,27.8,27.8,27.7,27.8,27.8,27.6,27.8,27.8,27.7,27.8,28.2,28.7,28.8,29.3,28.9,28.6,28.1,27.3,26.6,26.5,26.4,26.4,26.4,26.5,26.4,26.4,26.4,26.4,26.5,26.4,26.4,26.6,26.7,26.6,26.9,27.3,27.8,29.0,29.3,29.6,29.3,29.0,28.5,27.8,27.4,27.1,27.2,27.0,27.1,27.2,27.3,27.9,28.6,28.9,29.1,28.8,28.6,28.0,28.1,28.0,28.2,28.1,28.5,28.5,28.4,28.4,28.0,27.7,27.8,27.6,27.7,27.6,27.8,28.0,27.8,28.0,27.8,28.0,27.6,27.2,26.8,26.7,26.9,26.8,26.5,26.5,26.7,26.8,26.7,27.6,28.0,27.9,27.9,27.5,27.3,27.2,27.1,27.0,27.0,27.7,28.4,28.8,29.2,29.3,29.2,28.8,28.4,27.7,27.2,27.2,27.3,27.6,28.3,28.7,28.8,28.7,28.0,27.3,27.1,27.1,26.8,26.7,26.8,26.9,26.9,26.9,26.9,27.1,26.9,26.9,26.9,26.9,27.0,27.0,27.0,27.0,27.2,27.0,27.0,27.0,26.9,27.0,27.1,27.1,27.1,26.9,27.1,27.2,27.1,27.1,27.2,27.1,27.1,27.0,27.1,27.0,27.1,27.1,27.0,27.1,27.1,27.1,27.0,27.1,27.1,26.9,27.1,27.0,27.1,27.2,27.1,27.1,27.1,27.0
211,27.5,27.6,27.7,27.5,27.4,27.7,27.6,27.6,27.7,27.6,27.7,27.6,27.8,27.6,27.8,27.5,27.7,27.6,27.6,27.8,27.6,27.8,27.7,27.6,27.7,27.7,27.7,27.8,28.0,28.2,28.9,29.1,29.0,28.6,28.2,27.4,26.9,26.7,26.5,26.4,26.4,26.5,26.3,26.5,26.4,26.5,26.4,26.4,26.5,26.2,26.6,26.5,26.8,27.4,27.9,28.9,29.2,29.5,29.2,28.9,28.4,27.9,27.4,27.2,27.1,27.0,27.1,27.1,27.3,27.7,28.2,28.8,29.2,28.8,28.4,28.4,28.2,28.3,28.4,28.4,28.6,28.4,28.4,28.2,27.9,27.8,27.8,27.7,28.0,27.9,27.9,28.1,27.9,27.8,27.8,27.7,27.4,27.1,26.7,26.5,26.6,26.6,26.6,26.7,26.8,26.8,26.9,27.5,27.8,27.9,27.8,27.8,27.3,27.0,26.9,27.0,27.1,27.7,28.4,28.9,29.0,29.3,29.1,29.0,28.3,27.8,27.5,27.4,27.5,27.7,28.0,28.6,28.8,28.3,27.7,27.5,27.0,26.9,26.9,26.8,26.9,26.8,26.9,27.0,26.8,26.9,27.1,26.9,26.8,27.0,26.9,27.0,27.1,26.9,26.9,27.0,26.9,27.1,27.0,27.0,27.1,27.0,26.9,27.1,27.1,27.1,27.0,26.9,27.0,27.1,27.0,27.1,27.0,27.0,27.2,27.1,27.0,26.9,27.0,27.0,27.0,26.8,26.9,27.1,26.8,27.0,26.9,27.0,27.1,26.9,27.1,27.1
212,27.6,27.6,27.6,27.6,27.7,27.8,27.7,27.6,27.7,27.5,27.7,27.7,27.6,27.6,27.7,27.7,28.0,27.9,27.8,27.8,27.7,27.8,27.8,27.5,27.8,27.6,27.6,28.0,28.2,28.4,28.9,29.2,29.1,28.7,28.4,27.7,27.3,26.9,26.7,26.6,26.9,26.7,26.6,26.6,26.7,26.8,26.8,26.7,26.7,26.7,26.7,26.9,27.1,27.6,28.2,29.0,29.2,29.4,29.3,28.8,28.4,27.8,27.4,27.1,27.2,27.2,27.1,27.1,27.4,27.7,28.1,28.6,29.2,28.8,28.6,28.2,28.2,28.1,28.4,28.4,28.4,28.6,28.3,28.1,28.0,27.8,27.8,28.0,28.0,28.2,28.2,28.1,27.9,28.0,28.1,27.8,27.4,27.1,26.9,26.9,26.8,26.8,26.6,26.6,26.8,26.6,27.0,27.4,27.6,28.1,27.9,27.7,27.6,27.2,27.1,27.0,27.3,27.7,28.4,28.8,29.1,29.1,29.2,29.0,28.3,28.1,27.9,27.8,27.8,28.0,28.2,28.5,28.6,28.1,27.8,27.4,27.0,26.9,26.9,26.8,26.7,27.0,26.8,26.9,26.9,27.1,26.9,26.9,26.9,27.2,27.0,27.0,26.9,27.0,27.2,27.0,27.0,27.1,27.0,27.2,27.1,27.1,27.0,27.2,27.1,27.1,27.0,27.0,27.1,27.1,27.2,26.9,27.2,27.0,27.1,27.2,27.0,27.1,27.2,27.1,27.1,26.9,27.2,27.1,27.2,27.0,27.1,27.0,27.0,27.0,27.0,27.0
213,27.5,27.5,27.7,27.6,27.7,27.5,27.6,27.6,27.8,27.5,27.9,27.7,27.6,27.7,27.6,27.6,27.6,27.8,27.6,27.7,27.6,27.6,27.6,27.8,27.7,27.7,27.8,27.7,28.2,28.5,28.9,29.0,29.0,28.8,28.4,28.0,27.7,27.5,27.4,27.2,27.2,27.1,27.1,27.1,27.1,27.2,27.1,27.2,27.1,27.1,27.2,27.1,27.6,28.2,28.5,29.0,29.2,29.3,29.0,28.7,28.3,27.6,27.4,27.0,27.2,27.1,27.1,27.1,27.1,27.6,27.8,28.4,28.7,28.8,28.5,28.3,28.2,28.1,28.2,28.4,28.3,28.2,28.0,28.1,28.0,27.9,28.0,27.8,27.9,28.1,28.0,28.0,28.0,27.8,27.8,27.7,27.2,27.0,26.8,26.8,26.8,26.6,26.6,26.6,26.5,26.7,26.9,27.2,27.3,27.7,27.8,27.9,27.5,27.3,27.1,27.1,27.3,27.7,27.9,28.4,28.8,28.7,28.4,28.5,28.3,28.0,27.8,27.7,27.7,27.8,28.0,28.2,28.2,27.8,27.6,27.1,26.9,26.7,26.7,26.7,26.7,26.9,26.9,26.9,26.9,26.9,26.9,27.1,27.0,27.0,27.0,27.1,27.1,27.1,27.0,27.0,27.0,27.0,27.0,27.1,27.2,27.0,27.0,27.0,27.0,27.2,26.9,26.8,27.0,27.0,27.0,27.0,27.1,27.1,27.1,27.1,27.0,27.0,26.9,27.3,26.8,27.0,27.1,27.0,27.1,27.0,26.8,27.2,26.9,27.0,27.1,27.1
214,27.5,27.6,27.6,27.6,27.6,27.6,27.6,27.6,27.6,27.5,27.6,27.6,27.7,27.6,27.6,27.7,27.7,27.7,27.6,27.5,27.6,27.7,27.6,27.7,27.7,27.5,27.7,27.8,28.0,28.2,28.5,28.7,28.5,28.3,28.1,27.8,27.8,27.6,27.5,27.6,27.4,27.3,27.6,27.5,27.5,27.3,27.4,27.5,27.5,27.4,27.3,27.5,27.6,28.0,28.4,28.6,28.8,28.8,28.6,28.3,27.9,27.5,27.2,27.0,27.1,27.2,27.1,26.9,27.1,27.5,27.6,28.1,28.7,28.6,28.4,28.4,28.1,28.2,28.3,28.2,28.3,28.2,28.0,28.0,28.0,27.9,27.8,28.0,28.2,28.1,28.1,28.0,27.8,28.0,27.7,27.6,27.2,26.8,26.6,26.7,26.7,26.6,26.7,26.6,26.6,26.7,26.8,27.1,27.1,27.3,27.4,27.6,27.3,27.1,27.1,27.1,27.1,27.1,27.6,27.8,28.1,28.0,28.2,28.0,27.8,27.6,27.4,27.6,27.4,27.5,27.7,27.7,27.7,27.4,27.3,27.0,26.9,26.9,27.0,26.8,26.9,26.9,26.8,26.9,26.8,26.9,27.0,27.0,27.1,26.9,26.9,27.1,26.9,27.1,26.9,27.1,27.0,26.9,27.0,27.1,26.9,27.0,26.9,27.1,27.1,27.2,27.0,27.1,27.0,26.9,26.9,27.1,27.0,26.9,27.1,27.0,27.1,27.1,26.9,27.1,27.0,26.9,27.2,27.0,27.0,26.9,27.1,27.0,26.9,26.9,26.9,27.0
215,27.5,27.6,27.5,27.7,27.6,27.4,27.6,27.7,27.5,27.6,27.7,27.6,27.6,27.7,27.8,27.5,27.6,27.7,27.6,27.6,27.6,27.8,27.7,27.6,27.7,27.6,27.7,27.8,27.9,28.2,28.2,28.3,28.3,28.2,28.1,27.8,27.9,27.6,27.6,27.5,27.4,27.4,27.3,27.4,27.4,27.3,27.4,27.4,27.3,27.4,27.4,27.5,27.8,27.7,28.2,28.3,28.2,28.2,28.0,27.8,27.5,27.6,27.2,27.1,27.1,27.1,27.1,26.8,27.1,27.1,27.4,27.8,28.5,28.5,28.2,28.4,28.2,28.3,28.2,28.5,28.4,28.3,28.3,28.0,28.2,28.0,28.0,28.3,28.3,28.2,28.1,28.1,28.2,28.0,27.8,27.6,27.1,26.7,26.5,26.5,26.6,26.6,26.6,26.7,26.6,26.6,26.7,26.8,27.1,27.1,27.2,27.3,27.1,26.9,26.9,26.9,27.0,27.1,27.3,27.5,27.6,27.7,27.7,27.6,27.6,27.6,27.2,27.3,27.4,27.3,27.6,27.3,27.3,27.3,27.1,27.0,26.9,26.9,26.8,26.7,26.9,26.8,26.8,26.9,26.9,27.0,27.1,27.0,27.0,26.9,27.1,27.0,26.9,27.1,27.0,27.0,27.1,27.0,27.1,27.0,27.1,27.1,27.1,27.1,27.1,26.9,27.1,27.0,27.1,27.1,27.2,27.1,27.0,27.1,26.7,27.1,26.9,27.2,27.0,27.2,26.9,27.0,27.1,27.0,27.1,27.0,27.0,27.0,27.0,27.1,27.1,27.1
216,27.7,27.5,27.8,27.5,27.7,27.7,27.6,27.4,27.7,27.5,27.7,27.6,27.5,27.6,27.7,27.7,27.6,27.6,27.5,27.8,27.8,27.7,27.6,27.6,27.8,27.6,27.6,27.7,27.9,27.9,27.9,28.1,28.0,27.9,28.1,27.6,27.7,27.6,27.6,27.7,27.6,27.6,27.3,27.6,27.6,27.5,27.4,27.3,27.3,27.5,27.3,27.6,27.6,27.7,27.9,27.8,27.9,27.8,27.8,27.6,27.6,27.3,27.3,27.0,27.0,27.0,27.1,26.9,26.9,26.9,27.3,27.9,28.4,28.6,28.6,28.2,28.5,28.6,28.6,28.7,28.6,28.5,28.4,28.1,28.2,28.2,28.2,28.2,28.4,28.4,28.4,28.4,28.3,28.2,28.0,27.6,27.0,26.6,26.4,26.6,26.6,26.6,26.6,26.6,26.6,26.5,26.7,26.8,26.9,26.9,27.0,26.9,26.9,26.9,27.0,26.9,26.8,27.1,27.1,27.2,27.3,27.2,27.4,27.2,27.1,27.1,27.1,27.1,27.0,27.1,27.2,27.1,27.1,27.1,27.0,27.0,26.9,26.9,26.9,26.8,26.9,26.8,27.0,26.9,27.0,27.1,26.9,27.0,27.1,26.9,27.0,26.9,27.1,27.1,27.1,27.0,27.1,27.0,27.0,27.2,27.3,27.1,27.0,27.0,27.1,27.1,27.1,27.1,27.1,27.0,27.1,27.2,27.1,27.0,27.1,27.0,27.0,27.1,27.1,27.0,27.0,27.1,27.2,27.1,27.1,27.0,27.0,27.1,27.0,26.8,27.1,27.0
217,27.6,27.8,27.4,27.7,27.6,27.6,27.5,27.6,27.8,27.6,27.7,27.6,27.6,27.6,27.6,27.7,27.7,27.7,27.6,27.6,27.7,27.8,27.7,27.7,27.8,27.7,27.6,27.7,27.8,27.7,27.8,27.9,27.9,27.8,27.7,27.7,27.6,27.8,27.6,27.6,27.6,27.7,27.6,27.6,27.5,27.6,27.6,27.5,27.4,27.6,27.4,27.4,27.6,27.6,27.6,27.7,27.5,27.6,27.4,27.4,27.3,27.3,27.1,27.0,27.0,27.3,27.0,26.8,26.9,26.9,27.1,27.6,28.4,28.5,28.4,28.4,28.2,28.4,28.5,28.5,28.6,28.5,28.4,28.2,28.5,28.2,28.2,28.2,28.3,28.2,28.3,28.5,28.4,28.1,28.1,27.6,27.0,26.6,26.4,26.6,26.6,26.7,26.7,26.5,26.8,26.6,26.6,26.6,26.8,26.6,26.9,26.8,26.6,26.8,26.8,26.9,26.8,26.7,27.0,27.1,26.9,27.0,27.0,26.9,27.0,26.7,26.8,26.9,26.9,27.0,26.9,27.1,26.9,27.0,27.0,26.8,26.9,26.9,26.9,26.9,26.7,26.9,26.9,26.9,27.0,26.9,26.9,27.1,27.0,27.1,27.1,27.1,26.9,27.1,27.2,27.1,27.1,27.0,27.0,27.0,27.1,27.0,27.3,27.0,27.1,27.0,27.1,27.1,27.0,27.0,27.0,27.1,27.1,27.1,27.1,27.0,26.8,27.0,27.1,27.0,27.0,26.9,27.1,27.0,27.1,27.0,26.8,27.0,27.0,27.1,26.9,27.0
218,27.6,27.6,27.5,27.6,27.6,27.7,27.5,27.6,27.7,27.7,27.7,27.6,27.4,27.5,27.7,27.6,27.8,27.6,27.6,27.6,27.6,27.6,27.8,27.6,27.7,27.6,27.8,27.6,27.8,27.8,27.7,27.7,27.7,27.7,27.6,27.7,27.6,27.6,27.6,27.4,27.6,27.6,27.5,27.5,27.7,27.4,27.6,27.4,27.3,27.4,27.3,27.3,27.3,27.4,27.5,27.3,27.5,27.4,27.5,27.3,27.1,27.2,27.1,27.1,27.0,27.2,27.0,26.9,26.8,26.8,27.0,27.8,28.2,28.2,28.4,28.5,28.4,28.3,28.3,28.6,28.4,28.5,28.4,28.3,28.4,28.4,28.3,28.2,28.3,28.4,28.3,28.4,28.2,28.1,27.9,27.5,26.8,26.4,26.4,26.3,26.6,26.6,26.7,26.5,26.8,26.6,26.6,26.6,26.5,26.6,26.6,26.5,26.6,26.7,26.7,26.7,26.9,26.7,27.0,26.7,26.9,26.9,27.0,26.8,26.8,26.7,26.8,26.7,26.7,26.9,26.9,27.0,26.9,27.0,26.9,26.9,26.9,26.9,26.9,27.0,26.9,27.0,27.0,27.0,27.1,27.0,26.9,27.0,27.1,26.8,26.9,26.9,26.9,27.1,27.0,27.1,27.0,27.1,27.0,27.0,27.1,27.0,26.9,27.1,27.0,26.9,27.0,27.0,27.1,27.0,27.0,27.0,27.0,27.0,27.1,27.1,26.9,26.9,27.1,27.0,27.1,27.1,27.1,27.0,27.1,27.1,27.1,27.0,27.0,27.0,27.0,27.2
219,27.5,27.7,27.6,27.7,27.6,27.7,27.6,27.4,27.7,27.6,27.6,27.6,27.5,27.6,27.6,27.6,27.6,27.7,27.7,27.6,27.8,27.5,27.8,27.8,27.8,27.8,27.6,27.6,27.8,27.6,27.8,27.6,27.7,27.7,27.7,27.5,27.6,27.5,27.6,27.4,27.5,27.6,27.5,27.4,27.6,27.5,27.6,27.3,27.4,27.2,27.3,27.4,27.4,27.5,27.3,27.3,27.2,27.4,27.2,27.3,27.2,27.1,27.1,27.1,27.1,26.9,26.9,26.9,26.8,26.6,26.9,27.6,28.2,28.3,28.4,28.4,28.2,28.2,28.5,28.5,28.5,28.4,28.5,28.2,28.4,28.3,28.2,28.3,28.3,28.2,28.0,28.2,28.0,28.0,27.9,27.3,26.7,26.4,26.5,26.5,26.5,26.5,26.5,26.5,26.8,26.7,26.6,26.8,26.7,26.6,26.7,26.6,26.6,26.6,26.7,26.6,26.6,26.7,26.9,26.7,26.8,26.8,26.8,26.8,26.7,26.7,26.7,26.9,26.9,26.9,26.9,26.9,26.8,26.9,26.9,26.9,27.1,26.7,27.0,27.0,26.8,27.1,26.9,27.1,27.0,27.0,26.9,27.2,27.1,27.1,27.0,27.2,27.0,27.0,27.2,27.1,27.1,27.1,27.1,27.1,27.0,27.1,27.1,27.1,27.2,27.0,27.1,27.0,27.1,27.1,27.1,26.9,27.1,27.0,27.1,27.0,27.1,27.1,27.0,27.2,27.2,27.1,27.1,27.1,27.2,27.1,27.1,27.1,27.1,27.0,27.1,27.1
220,27.5,27.6,27.4,27.6,27.6,27.6,27.6,27.6,27.6,27.7,27.6,27.7,27.6,27.8,27.6,27.6,27.6,27.7,27.5,27.7,27.8,27.6,27.6,27.6,27.6,27.6,27.7,27.6,27.6,27.6,27.5,27.6,27.7,27.7,27.5,27.6,27.6,27.5,27.5,27.4,27.5,27.5,27.5,27.4,27.3,27.4,27.4,27.3,27.3,27.3,27.3,27.2,27.3,27.4,27.2,27.3,27.3,27.3,27.2,27.1,27.1,27.1,27.2,27.0,27.0,27.1,26.9,26.6,26.6,26.7,27.1,27.5,27.6,27.9,27.7,27.8,27.8,27.9,27.9,27.9,28.0,27.9,27.9,27.9,27.8,27.8,27.7,27.8,27.7,27.7,27.6,27.5,27.4,27.5,27.4,26.8,26.6,26.2,26.3,26.5,26.4,26.7,26.4,26.7,26.7,26.5,26.8,26.8,26.7,26.6,26.6,26.6,26.5,26.6,26.6,26.6,26.7,26.7,26.7,26.7,26.8,26.7,26.7,26.8,26.7,26.6,26.6,26.8,26.8,26.8,26.9,26.9,26.8,26.9,26.9,26.9,26.9,27.0,27.1,27.0,26.9,26.9,26.9,27.0,27.0,27.1,27.0,27.0,26.9,27.0,27.1,27.2,26.9,27.1,27.0,27.1,27.1,27.1,27.1,27.1,27.0,26.9,27.1,27.3,27.1,27.1,27.0,27.0,27.0,27.0,27.2,27.0,27.2,27.1,26.9,27.1,27.1,27.0,27.1,26.9,27.1,27.0,27.1,27.0,27.0,27.1,27.1,27.0,27.0,26.9,27.1,27.0
221,27.5,27.6,27.8,27.6,27.6,27.6,27.5,27.5,27.8,27.6,27.7,27.5,27.5,27.7,27.5,27.6,27.7,27.7,27.6,27.6,27.6,27.6,27.6,27.7,27.8,27.6,27.5,27.6,27.6,27.8,27.6,27.6,27.5,27.5,27.6,27.6,27.6,27.7,27.4,27.4,27.5,27.5,27.5,27.6,27.5,27.4,27.5,27.1,27.3,27.3,27.2,27.5,27.3,27.4,27.2,27.0,27.2,27.2,27.1,27.3,27.0,27.1,27.1,27.1,27.2,27.0,27.0,26.8,26.6,26.6,26.9,27.1,27.3,27.5,27.4,27.3,27.3,27.2,27.3,27.2,27.3,27.4,27.3,27.2,27.3,27.2,27.2,27.3,27.3,27.1,27.0,27.1,27.1,27.0,27.0,26.5,26.3,26.2,26.3,26.4,26.4,26.6,26.4,26.6,26.7,26.6,26.7,26.7,26.7,26.7,26.6,26.8,26.5,26.6,26.7,26.6,26.8,26.7,26.8,26.7,26.7,26.8,26.8,26.7,26.7,26.8,26.7,26.7,26.8,26.8,26.7,26.7,26.9,27.0,26.7,26.8,27.0,26.9,26.8,26.8,27.0,27.1,27.1,27.0,27.1,27.1,26.9,27.1,27.2,27.0,27.0,26.9,27.0,27.1,27.2,27.1,27.2,27.0,27.0,27.1,27.3,27.1,27.1,27.0,27.1,27.1,27.0,26.9,27.1,27.2,27.1,27.1,27.2,27.1,27.0,27.1,27.1,27.1,27.1,27.1,27.1,27.0,27.1,27.0,27.0,27.1,27.3,27.1,27.1,27.1,27.1,27.1
222,27.5,27.6,27.4,27.5,27.4,27.6,27.5,27.5,27.6,27.6,27.6,27.6,27.5,27.5,27.8,27.7,27.6,27.6,27.5,27.6,27.6,27.6,27.6,27.8,27.8,27.5,27.7,27.6,27.6,27.8,27.6,27.6,27.5,27.7,27.4,27.6,27.4,27.4,27.6,27.5,27.6,27.6,27.7,27.5,27.5,27.5,27.5,27.3,27.5,27.3,27.4,27.3,27.3,27.3,27.3,27.3,27.1,27.0,27.2,27.2,27.0,27.1,27.1,27.0,27.1,27.0,26.9,26.6,26.6,26.4,26.5,26.6,26.7,27.0,26.9,27.0,26.7,26.8,26.7,26.8,26.9,26.9,26.9,26.7,27.0,26.9,26.6,26.8,26.6,26.6,26.6,26.6,26.6,26.6,26.4,26.4,26.2,26.0,26.2,26.4,26.6,26.6,26.6,26.6,26.6,26.6,26.6,26.7,26.7,26.6,26.8,26.4,26.6,26.7,26.6,26.6,26.7,26.7,26.7,26.7,26.7,26.6,26.8,26.8,26.8,26.6,26.7,26.7,26.8,26.9,26.8,26.7,26.9,27.1,26.9,26.9,27.1,26.8,26.9,26.9,27.0,27.1,27.0,26.9,27.0,27.1,27.0,27.1,27.1,27.1,27.1,27.1,27.1,27.0,27.0,27.0,27.0,27.2,27.1,27.1,27.1,27.0,27.1,27.0,27.0,27.0,27.1,27.0,27.1,27.1,27.1,27.0,27.0,27.0,27.0,27.0,27.1,27.1,27.1,27.0,27.1,27.0,27.1,27.1,27.1,27.1,27.1,27.1,27.1,27.0,27.1,27.1
223,27.4,27.5,27.5,27.5,27.4,27.4,27.4,27.7,27.5,27.6,27.6,27.5,27.5,27.6,27.6,27.5,27.6,27.7,27.6,27.6,27.6,27.7,27.6,27.7,27.7,27.6,27.5,27.8,27.6,27.6,27.4,27.4,27.6,27.6,27.5,27.5,27.7,27.5,27.3,27.4,27.5,27.4,27.3,27.4,27.4,27.4,27.4,27.3,27.3,27.4,27.2,27.3,27.3,27.4,27.2,27.2,27.3,27.1,27.0,27.1,27.2,27.1,27.1,27.1,27.1,27.0,27.0,26.9,26.6,26.4,26.4,26.5,26.5,26.4,26.5,26.5,26.4,26.5,26.5,26.6,26.3,26.5,26.3,26.6,26.4,26.4,26.5,26.5,26.4,26.4,26.3,26.3,26.3,26.2,26.2,26.1,26.1,26.2,26.0,26.2,26.5,26.5,26.5,26.6,26.5,26.7,26.6,26.6,26.7,26.5,26.6,26.6,26.6,26.5,26.6,26.6,26.6,26.8,26.8,26.7,26.8,26.6,26.8,26.6,26.6,26.9,26.8,26.9,26.7,26.7,26.9,26.8,26.9,26.8,26.8,27.0,26.9,26.8,27.0,26.9,26.9,26.9,26.9,27.1,27.1,27.1,27.0,27.1,26.9,27.1,26.8,27.0,27.1,27.1,27.2,26.9,27.0,26.9,27.1,27.1,26.9,26.9,27.1,27.0,27.0,27.0,27.1,26.8,27.1,27.0,27.0,27.1,27.1,27.0,27.1,27.0,27.1,27.1,27.1,27.0,27.0,26.9,27.2,27.1,27.1,27.1,27.1,26.9,27.3,27.1,27.0,27.2
224,27.6,27.6,27.6,27.5,27.6,27.6,27.4,27.6,27.7,27.5,27.6,27.6,27.7,27.5,27.6,27.6,27.6,27.7,27.4,27.6,27.6,27.5,27.6,27.6,27.6,27.5,27.8,27.6,27.5,27.6,27.5,27.4,27.5,27.5,27.4,27.4,27.7,27.3,27.4,27.4,27.5,27.5,27.4,27.4,27.5,27.5,27.4,27.3,27.2,27.5,27.3,27.4,27.2,27.3,27.3,27.4,27.1,27.1,27.2,27.2,27.0,27.0,27.1,26.9,26.8,27.0,26.8,26.7,26.4,26.4,26.4,26.2,26.2,26.4,26.1,26.2,26.4,26.2,26.1,26.2,26.2,26.1,26.2,26.2,26.2,25.9,26.0,26.1,26.0,25.9,26.1,25.8,26.0,26.0,25.9,25.9,25.9,25.9,26.1,26.2,26.4,26.5,26.4,26.5,26.6,26.6,26.6,26.5,26.7,26.8,26.5,26.5,26.6,26.7,26.6,26.6,26.7,26.6,26.8,26.7,26.8,26.8,26.8,26.7,26.8,26.6,26.9,26.8,26.8,26.8,26.7,26.8,26.9,26.7,27.0,26.9,26.9,26.9,27.2,26.9,27.0,26.9,26.8,27.1,27.0,27.1,27.1,27.2,26.9,27.0,27.0,27.0,27.1,27.0,27.1,27.0,27.1,27.1,27.0,26.9,27.2,26.9,26.9,27.0,27.0,26.9,26.9,27.0,27.1,27.0,26.9,26.9,27.0,26.9,27.0,27.0,27.0,26.9,26.9,27.1,26.9,26.9,27.0,27.2,27.1,27.1,27.1,27.1,26.9,26.9,26.9,27.1
225,27.4,27.5,27.5,27.6,27.5,27.5,27.5,27.6,27.4,27.4,27.6,27.5,27.5,27.6,27.6,27.5,27.6,27.4,27.6,27.5,27.6,27.5,27.5,27.5,27.5,27.5,27.6,27.5,27.6,27.4,27.6,27.5,27.6,27.4,27.4,27.5,27.5,27.6,27.5,27.3,27.6,27.4,27.5,27.3,27.2,27.3,27.2,27.4,27.3,27.3,27.3,27.1,27.2,27.2,27.1,27.2,27.1,27.1,27.1,27.2,27.1,27.0,27.0,26.9,27.0,26.9,26.9,26.8,26.4,26.3,26.2,26.2,26.1,26.2,26.1,26.0,25.9,26.0,26.1,25.9,26.1,26.0,26.1,26.2,26.0,25.9,25.8,26.0,26.0,25.9,25.9,25.8,25.8,25.8,25.9,25.7,25.8,25.8,26.0,26.4,26.3,26.5,26.5,26.4,26.4,26.6,26.5,26.4,26.6,26.7,26.6,26.6,26.7,26.6,26.6,26.8,26.7,26.7,26.8,26.7,26.6,26.9,26.8,26.8,26.8,26.8,26.8,26.7,26.8,26.6,26.9,26.9,26.8,26.7,26.9,26.7,26.9,26.9,26.9,27.0,26.9,27.1,27.0,26.9,27.0,27.1,27.0,27.0,27.0,27.0,27.0,26.9,27.1,26.9,27.1,27.0,26.9,26.9,27.1,27.0,27.1,26.9,27.0,27.1,27.0,27.1,27.0,27.1,27.1,27.0,27.0,27.2,27.0,27.0,26.8,27.1,27.0,27.1,27.2,27.1,27.1,27.1,27.1,27.0,27.2,27.1,26.9,27.0,26.9,26.8,27.1,27.0
226,27.5,27.4,27.3,27.3,27.6,27.6,27.5,27.5,27.6,27.6,27.6,27.6,27.4,27.5,27.5,27.5,27.6,27.4,27.6,27.6,27.3,27.4,27.5,27.4,27.5,27.5,27.4,27.5,27.5,27.5,27.4,27.5,27.5,27.4,27.4,27.4,27.4,27.6,27.3,27.3,27.4,27.3,27.2,27.4,27.3,27.3,27.5,27.1,27.3,27.3,27.2,27.2,27.3,27.2,27.1,27.3,27.1,27.1,27.1,27.0,26.9,27.0,27.1,26.9,27.0,26.9,26.9,26.7,26.6,26.1,26.2,26.2,26.1,25.9,26.1,26.0,26.1,25.9,26.0,26.0,25.8,25.8,26.0,26.0,25.9,25.8,25.8,26.0,25.8,25.8,25.7,25.7,25.9,25.6,25.7,25.8,25.8,25.8,26.2,26.3,26.5,26.5,26.5,26.5,26.6,26.7,26.6,26.6,26.6,26.6,26.4,26.7,26.7,26.7,26.6,26.7,26.6,26.6,26.7,26.7,26.8,26.7,26.6,26.7,26.8,26.9,26.7,26.8,26.8,27.0,26.9,26.9,26.8,26.7,26.9,27.2,26.9,27.0,26.9,26.9,26.8,26.9,27.0,27.0,26.9,27.0,26.8,27.1,27.0,26.9,27.0,27.1,26.9,27.1,27.1,26.8,26.9,27.0,26.9,27.0,26.9,27.1,26.9,27.0,26.9,27.1,26.9,26.9,27.0,26.8,26.9,27.0,27.0,27.0,27.0,27.0,26.9,27.1,27.1,27.0,26.8,27.0,27.1,27.1,27.1,27.1,26.9,27.2,27.0,27.1,27.0,27.1
227,27.5,27.5,27.4,27.5,27.4,27.5,27.4,27.5,27.3,27.7,27.6,27.5,27.5,27.5,27.5,27.3,27.6,27.4,27.6,27.6,27.5,27.4,27.6,27.5,27.5,27.3,27.5,27.6,27.6,27.4,27.4,27.4,27.4,27.4,27.5,27.5,27.3,27.5,27.4,27.4,27.6,27.5,27.3,27.3,27.4,27.5,27.4,27.4,27.3,27.3,27.1,27.2,27.2,27.1,27.2,27.2,27.1,27.1,27.0,27.1,27.0,26.9,27.0,27.1,27.1,26.9,26.7,26.6,26.6,26.2,26.2,26.1,26.1,26.0,25.9,26.2,26.0,25.8,25.8,25.8,26.0,25.9,26.0,26.0,25.8,25.8,25.8,25.9,25.8,25.7,25.7,25.7,25.7,25.6,25.7,25.7,25.7,25.8,26.1,26.3,26.4,26.6,26.6,26.6,26.6,26.8,26.6,26.6,26.6,26.5,26.6,26.6,26.6,26.8,26.6,26.6,26.8,26.8,26.9,26.8,26.8,26.6,26.8,26.8,26.7,26.6,26.7,26.7,26.8,26.7,26.9,26.8,26.7,26.9,26.9,26.8,26.9,26.9,26.9,26.9,26.9,27.0,26.9,26.9,26.9,26.8,26.9,26.9,26.9,27.0,27.0,27.1,27.1,27.1,27.0,27.1,27.0,27.1,26.9,27.0,26.9,27.0,26.8,27.0,27.0,26.9,27.1,27.1,26.9,26.9,27.1,26.9,27.1,27.0,26.8,27.0,27.1,27.0,26.9,27.0,26.8,26.9,27.0,27.0,26.8,26.9,26.9,26.9,27.0,27.0,27.0,26.8
228,27.5,27.5,27.4,27.3,27.3,27.4,27.5,27.4,27.6,27.5,27.4,27.6,27.4,27.6,27.4,27.5,27.4,27.4,27.3,27.6,27.4,27.5,27.5,27.5,27.6,27.4,27.4,27.5,27.6,27.4,27.5,27.5,27.1,27.3,27.3,27.4,27.5,27.3,27.3,27.3,27.4,27.3,27.3,27.2,27.2,27.1,27.3,27.2,27.1,27.2,27.2,27.1,27.2,27.1,27.1,27.1,27.1,27.1,27.1,27.1,27.1,26.9,27.0,26.9,26.9,26.9,26.8,26.6,26.5,26.3,26.1,26.1,26.0,26.0,26.0,25.8,25.8,25.8,25.8,25.7,25.7,25.6,25.8,25.7,26.0,25.7,25.9,25.7,25.8,25.5,25.6,25.7,25.6,25.5,25.4,25.7,25.7,25.9,26.0,26.3,26.4,26.4,26.4,26.5,26.7,26.6,26.5,26.6,26.6,26.7,26.8,26.9,26.8,26.9,26.6,26.9,26.7,26.8,26.9,26.9,26.7,26.8,26.8,26.9,26.8,26.8,26.9,26.8,26.9,26.8,26.8,27.0,26.8,26.8,26.8,26.8,26.8,27.0,26.8,26.9,26.9,26.9,26.8,27.0,26.9,26.9,27.1,26.9,26.9,26.9,27.0,26.9,26.8,26.8,27.0,26.9,26.8,27.1,26.8,27.0,27.0,27.0,27.0,26.9,27.0,26.9,27.0,26.9,27.0,27.0,27.0,26.9,26.9,26.9,27.0,27.1,27.0,26.9,27.0,26.9,26.9,26.7,26.9,26.9,27.0,26.9,26.8,27.1,27.0,26.7,26.9,27.0
229,27.6,27.4,27.6,27.4,27.6,27.4,27.3,27.5,27.7,27.6,27.5,27.6,27.4,27.6,27.6,27.4,27.5,27.6,27.4,27.4,27.4,27.4,27.4,27.4,27.5,27.3,27.3,27.6,27.4,27.4,27.4,27.5,27.3,27.3,27.5,27.4,27.5,27.4,27.6,27.3,27.7,27.3,27.3,27.4,27.4,27.3,27.5,27.2,27.2,27.1,27.2,27.4,27.2,27.2,27.2,27.2,27.1,27.1,26.9,27.0,27.0,27.0,26.9,26.8,26.9,27.0,26.9,26.7,26.5,26.2,26.3,26.1,25.9,26.3,26.1,25.8,25.8,25.9,25.7,25.8,25.8,25.7,25.8,25.9,25.8,25.7,25.7,25.6,25.7,25.7,25.8,25.7,25.6,25.7,25.6,25.7,25.7,25.7,26.2,26.3,26.4,26.4,26.4,26.6,26.6,26.7,26.6,26.6,26.5,26.6,26.6,26.7,26.6,26.7,26.7,26.8,26.8,26.8,26.8,26.7,26.7,26.8,26.8,26.9,26.9,26.7,26.7,26.8,26.8,26.9,27.0,26.7,26.8,26.8,26.9,26.9,26.9,27.0,26.9,26.8,26.9,26.9,26.9,26.9,26.9,27.1,27.0,27.0,27.0,27.0,26.9,27.0,27.0,27.0,27.1,26.8,26.8,26.9,27.0,27.0,27.0,27.1,27.0,27.0,26.9,26.9,26.9,27.0,26.9,26.9,27.1,27.0,26.9,27.0,27.0,27.1,26.9,27.1,27.0,27.1,26.8,27.1,27.1,27.0,27.0,27.0,27.1,27.0,26.9,26.8,27.0,27.1
230,27.2,27.6,27.5,27.4,27.4,27.6,27.4,27.5,27.5,27.4,27.5,27.4,27.3,27.3,27.6,27.4,27.6,27.6,27.4,27.5,27.5,27.3,27.4,27.5,27.6,27.3,27.5,27.4,27.4,27.4,27.4,27.4,27.5,27.5,27.5,27.3,27.3,27.3,27.3,27.4,27.5,27.3,27.4,27.3,27.2,27.3,27.3,27.4,27.3,27.3,27.2,27.1,27.4,27.1,27.1,27.1,27.0,27.0,27.0,27.1,26.9,26.9,26.9,26.8,26.8,26.7,26.7,26.6,26.6,26.3,26.2,26.0,26.0,26.0,26.1,25.7,25.8,25.8,25.8,25.8,25.4,25.8,25.7,25.5,25.6,25.7,25.7,25.7,25.5,25.6,25.7,25.6,25.5,25.6,25.6,25.6,25.7,25.8,26.1,26.2,26.4,26.5,26.5,26.5,26.8,26.5,26.6,26.7,26.6,26.7,26.6,26.7,26.7,26.6,26.9,26.7,26.8,26.8,26.8,26.8,26.7,26.7,26.9,26.9,26.9,26.8,26.9,26.9,26.9,26.8,26.9,27.0,26.9,26.9,26.8,26.9,26.9,26.9,26.9,26.8,27.0,26.9,26.9,27.0,27.1,26.9,26.9,26.9,26.9,27.0,27.0,27.0,27.1,27.1,27.1,27.0,26.9,26.9,26.8,26.9,27.1,26.9,27.1,26.9,26.9,27.1,26.9,26.9,27.0,27.1,27.0,27.0,27.0,27.0,26.9,26.9,27.0,26.9,27.1,26.9,26.9,26.9,27.1,26.9,27.1,26.9,27.0,26.9,27.1,26.9,27.0,27.1
231,27.3,27.4,27.3,27.5,27.5,27.6,27.6,27.3,27.5,27.5,27.5,27.6,27.3,27.7,27.6,27.5,27.5,27.3,27.5,27.6,27.3,27.3,27.5,27.6,27.3,27.6,27.3,27.5,27.4,27.5,27.3,27.5,27.3,27.3,27.5,27.3,27.5,27.3,27.3,27.4,27.4,27.3,27.3,27.3,27.2,27.3,27.4,27.1,27.2,27.2,27.2,27.1,27.0,27.1,27.1,27.2,27.0,27.1,27.2,27.0,26.9,27.1,26.9,26.8,26.7,26.9,26.8,26.5,26.6,26.2,26.1,26.1,26.0,26.0,25.9,25.7,25.9,25.9,25.7,25.7,25.6,25.7,25.6,25.7,25.9,25.7,25.5,25.6,25.6,25.6,25.5,25.6,25.5,25.5,25.5,25.4,25.6,26.1,26.2,26.2,26.4,26.5,26.6,26.5,26.6,26.6,26.5,26.6,26.5,26.5,26.7,26.7,26.6,26.8,26.8,26.7,26.6,26.7,26.9,27.0,26.9,26.7,26.8,26.8,26.7,26.9,26.9,26.8,26.9,26.9,26.8,26.9,27.0,27.0,26.9,26.9,26.8,27.0,26.9,26.9,26.9,27.1,26.9,27.0,27.1,27.0,26.9,26.9,27.1,26.8,27.0,27.1,27.0,26.9,27.1,27.0,26.9,26.9,27.0,27.2,27.1,27.1,27.1,27.0,26.9,27.0,27.1,27.0,27.1,27.0,27.0,27.0,27.1,27.2,27.1,27.1,27.1,27.1,27.1,26.9,26.8,27.1,26.9,27.1,27.2,26.9,27.2,27.1,27.0,27.0,27.1,26.9
232,27.3,27.3,27.4,27.5,27.2,27.5,27.4,27.4,27.5,27.6,27.4,27.4,27.6,27.4,27.5,27.5,27.5,27.5,27.4,27.6,27.3,27.4,27.3,27.6,27.6,27.5,27.4,27.4,27.5,27.5,27.4,27.5,27.3,27.5,27.4,27.3,27.4,27.3,27.3,27.4,27.5,27.3,27.3,27.2,27.4,27.3,27.1,27.2,27.1,27.1,27.1,27.2,27.0,27.1,27.1,27.0,27.0,27.1,27.0,26.8,26.9,27.0,26.8,26.9,26.9,26.8,26.9,26.6,26.5,26.2,26.1,26.0,26.0,25.9,25.8,26.0,25.6,25.7,25.7,25.7,25.9,25.6,25.7,25.7,25.7,25.7,25.5,25.6,25.6,25.5,25.7,25.6,25.5,25.7,25.4,25.6,25.7,26.0,26.1,26.3,26.3,26.4,26.5,26.6,26.6,26.6,26.6,26.5,26.6,26.6,26.7,26.7,26.6,26.7,26.7,26.8,26.8,26.6,26.9,26.8,26.8,26.6,26.6,26.7,26.7,26.8,26.8,26.8,26.8,26.8,26.8,26.8,26.8,26.8,26.8,26.9,26.9,26.9,27.0,26.9,27.0,26.9,26.9,26.9,26.8,27.0,26.8,27.0,27.1,26.9,26.9,27.0,26.9,27.1,27.0,27.0,26.9,26.9,27.1,27.0,26.9,26.9,27.0,27.2,27.0,26.9,27.0,26.9,27.1,27.0,27.1,27.1,26.9,26.8,27.1,26.9,26.8,26.9,26.9,27.1,27.0,27.0,27.2,26.9,27.0,27.1,26.9,27.1,27.0,26.9,26.9,26.9
233,27.4,27.5,27.4,27.4,27.3,27.4,27.4,27.5,27.5,27.3,27.4,27.5,27.4,27.4,27.6,27.6,27.5,27.4,27.3,27.5,27.4,27.4,27.5,27.5,27.4,27.5,27.3,27.5,27.5,27.4,27.3,27.3,27.5,27.4,27.5,27.4,27.4,27.4,27.4,27.4,27.4,27.1,27.3,27.2,27.2,27.4,27.2,27.4,27.3,27.1,27.2,27.2,27.1,27.1,27.0,27.0,27.0,27.1,27.1,26.9,27.0,27.0,27.0,26.9,26.9,26.8,26.8,26.7,26.6,26.1,26.1,26.1,25.7,26.0,25.9,25.8,25.9,25.7,25.8,25.7,25.8,25.7,25.5,25.7,25.7,25.7,25.7,25.7,25.6,25.5,25.6,25.5,25.6,25.4,25.6,25.6,25.6,25.9,26.1,26.3,26.5,26.4,26.5,26.5,26.5,26.4,26.5,26.5,26.7,26.4,26.6,26.7,26.6,26.7,26.8,26.6,26.6,26.6,26.6,26.9,26.7,26.7,26.8,26.7,26.8,26.7,26.8,26.7,26.7,27.1,26.9,26.8,26.9,26.7,26.9,26.8,26.9,26.9,26.9,26.9,26.9,26.8,26.9,27.0,26.8,26.9,26.9,27.0,26.8,26.8,27.1,26.9,27.0,26.9,26.9,27.0,26.9,26.8,26.8,26.8,27.0,26.8,26.9,26.9,26.9,26.9,26.8,26.9,27.0,26.9,27.1,26.9,27.0,26.9,26.9,27.0,27.1,27.0,26.9,27.0,27.1,26.9,27.0,26.9,27.0,27.0,27.1,26.9,27.1,27.0,27.0,27.1
234,27.4,27.3,27.3,27.5,27.5,27.5,27.2,27.3,27.4,27.5,27.5,27.3,27.4,27.5,27.3,27.4,27.3,27.3,27.3,27.3,27.4,27.3,27.4,27.3,27.5,27.3,27.3,27.3,27.3,27.3,27.5,27.4,27.4,27.3,27.2,27.3,27.3,27.3,27.3,27.3,27.4,27.3,27.2,27.1,27.3,27.2,27.3,27.3,27.1,27.1,27.1,27.1,27.2,27.2,27.0,27.1,26.9,27.0,27.0,26.9,27.0,27.1,26.8,26.8,26.7,26.9,26.5,26.7,26.4,26.3,26.0,26.0,26.1,26.0,25.9,26.0,25.7,25.9,25.7,25.7,25.9,25.7,25.7,25.8,25.9,26.0,25.7,25.7,25.7,25.7,25.6,25.6,25.6,25.6,25.5,25.7,25.7,25.7,26.0,26.3,26.4,26.4,26.6,26.5,26.6,26.6,26.5,26.5,26.6,26.6,26.6,26.7,26.5,26.8,26.7,26.7,26.7,26.7,26.8,26.7,26.7,26.9,26.8,26.8,26.9,26.8,26.6,26.7,26.8,26.8,26.9,26.7,26.8,26.9,26.9,26.9,27.0,26.9,26.8,26.9,26.9,26.9,26.8,26.9,26.9,26.9,26.9,27.0,26.9,27.0,27.0,27.0,26.9,27.0,27.0,26.9,26.8,26.8,26.9,27.0,26.9,26.8,26.8,26.9,27.1,26.9,26.9,27.0,26.9,26.8,27.0,26.9,26.9,26.8,26.7,26.9,26.9,27.0,26.9,27.0,27.0,26.9,27.0,27.0,26.9,27.0,26.9,26.9,27.1,26.9,27.1,26.9
235,27.3,27.3,27.5,27.4,27.4,27.3,27.3,27.4,27.4,27.4,27.5,27.3,27.4,27.5,27.4,27.3,27.4,27.4,27.4,27.3,27.5,27.3,27.3,27.4,27.4,27.4,27.4,27.4,27.5,27.3,27.4,27.4,27.4,27.4,27.3,27.3,27.2,27.4,27.3,27.3,27.3,27.5,27.3,27.3,27.3,27.2,27.2,27.1,27.1,27.3,27.1,27.1,27.0,27.2,27.0,27.1,26.9,27.1,27.1,26.9,27.1,27.1,27.0,26.9,26.9,26.8,26.7,26.6,26.4,26.1,26.2,26.1,26.0,26.0,25.9,25.9,25.8,25.9,25.8,25.8,25.8,25.8,25.7,25.7,25.9,25.7,25.7,26.0,25.6,25.7,25.8,25.6,25.5,25.9,25.8,25.5,25.7,25.8,26.2,26.3,26.5,26.3,26.6,26.6,26.6,26.7,26.6,26.6,26.6,26.7,26.6,26.6,26.7,26.7,26.9,26.7,26.7,26.8,26.8,26.8,26.8,26.8,26.8,26.8,26.8,26.8,26.7,26.8,26.9,26.9,26.8,26.7,26.9,26.9,27.0,26.8,27.0,26.8,27.0,26.8,26.9,26.9,27.0,26.9,26.8,27.0,27.0,27.0,27.0,27.0,27.0,26.7,26.8,26.9,27.0,27.1,26.8,27.0,27.1,26.9,27.0,27.0,26.9,27.0,26.9,27.0,27.0,26.9,26.9,27.1,27.0,26.9,27.1,27.1,27.0,27.0,27.0,27.1,27.0,27.0,26.9,27.1,27.1,27.1,27.0,27.1,27.2,27.0,27.1,27.0,27.0,26.9
236,27.4,27.3,27.6,27.3,27.3,27.5,27.3,27.4,27.4,27.5,27.4,27.4,27.3,27.6,27.4,27.3,27.4,27.2,27.5,27.3,27.3,27.3,27.4,27.4,27.6,27.5,27.3,27.5,27.5,27.3,27.3,27.6,27.3,27.3,27.4,27.5,27.4,27.2,27.3,27.2,27.3,27.2,27.4,27.3,27.1,27.2,27.2,27.1,27.1,27.1,27.3,27.0,27.1,27.1,27.1,27.1,26.9,26.9,27.0,26.9,27.0,26.9,26.9,26.8,26.7,26.9,26.8,26.6,26.6,26.4,26.2,26.2,26.1,26.0,25.8,26.0,25.9,26.0,25.9,25.9,25.8,25.9,25.8,25.7,25.8,25.9,25.7,25.6,25.6,25.8,25.6,25.6,25.7,25.6,25.7,25.7,25.6,25.9,26.1,26.3,26.4,26.6,26.4,26.5,26.6,26.6,26.6,26.4,26.6,26.6,26.7,26.7,26.6,26.8,26.8,26.6,26.8,26.6,26.9,26.5,26.7,26.8,26.7,26.7,26.8,26.9,26.8,26.8,26.8,26.9,26.7,26.8,26.9,26.7,26.8,26.9,26.8,26.8,26.8,26.8,26.9,26.8,26.8,26.9,26.9,27.0,27.0,27.0,26.9,26.8,27.0,27.1,27.0,26.9,27.1,27.0,26.9,26.9,26.9,26.9,27.0,27.0,26.8,27.1,27.1,26.9,26.9,27.0,27.1,27.0,26.9,27.1,26.9,27.0,27.1,26.9,27.1,27.0,27.0,26.9,26.9,26.9,27.0,26.9,27.1,27.1,27.0,27.0,26.9,27.0,27.1,27.1
237,27.4,27.4,27.4,27.3,27.4,27.4,27.4,27.4,27.5,27.2,27.3,27.5,27.3,27.3,27.4,27.4,27.5,27.2,27.4,27.3,27.3,27.5,27.2,27.4,27.3,27.3,27.4,27.4,27.4,27.3,27.3,27.3,27.3,27.3,27.3,27.2,27.5,27.3,27.3,27.4,27.2,27.2,27.2,27.0,27.2,27.1,27.2,27.1,27.1,27.2,27.2,27.1,27.2,27.1,27.0,26.9,26.9,26.9,26.8,26.9,27.0,26.9,26.9,26.7,27.0,26.7,26.6,26.4,26.6,26.2,26.4,26.1,25.9,25.9,25.9,26.0,25.9,25.8,25.9,26.1,25.8,25.9,25.9,25.8,25.8,25.9,25.7,25.8,25.8,25.7,25.8,25.7,25.8,25.4,25.6,25.5,25.4,26.0,26.1,26.4,26.4,26.5,26.4,26.5,26.7,26.4,26.5,26.5,26.5,26.7,26.8,26.6,26.6,26.8,26.6,26.7,26.6,26.6,26.7,26.6,26.8,26.7,26.7,26.6,26.6,26.7,26.6,26.7,26.7,26.8,26.7,26.6,26.8,26.7,26.8,26.8,26.9,26.9,26.8,26.9,26.8,26.9,26.8,26.7,27.0,26.8,26.9,27.0,26.8,26.8,26.9,26.8,26.8,26.9,26.9,27.0,26.9,26.9,26.9,26.8,26.9,26.8,26.9,26.9,27.1,26.9,26.8,26.7,26.9,26.8,26.9,26.9,26.9,26.7,27.0,27.0,27.0,26.9,26.9,27.0,26.9,26.9,26.9,27.0,27.1,26.9,27.0,27.0,27.1,26.9,27.1,26.9
238,27.3,27.3,27.3,27.3,27.4,27.4,27.4,27.2,27.5,27.5,27.3,27.3,27.2,27.5,27.4,27.1,27.3,27.4,27.3,27.3,27.5,27.5,27.5,27.3,27.3,27.3,27.3,27.3,27.3,27.4,27.2,27.3,27.4,27.1,27.4,27.3,27.2,27.3,27.2,27.3,27.3,27.3,27.0,27.1,27.3,27.1,27.2,27.1,27.1,27.1,27.2,27.1,27.0,27.0,27.1,27.1,27.0,27.0,26.9,26.9,26.9,26.8,26.8,26.6,26.8,26.9,26.7,26.6,26.4,26.2,26.3,26.1,26.0,26.0,26.0,25.9,25.9,25.9,25.9,26.0,26.1,25.7,25.7,25.8,25.7,25.7,25.9,25.8,25.6,25.7,25.7,25.7,25.7,25.7,25.5,25.7,25.7,25.8,26.0,26.5,26.4,26.5,26.6,26.6,26.4,26.5,26.5,26.7,26.4,26.6,26.7,26.4,26.7,26.8,26.8,26.6,26.6,26.6,26.6,26.8,26.7,26.6,26.9,26.7,26.6,26.6,26.7,26.8,26.7,26.5,26.7,26.9,26.7,26.7,26.9,26.8,26.8,26.8,26.9,26.6,26.8,26.8,26.7,26.9,26.9,26.7,26.9,26.8,26.9,26.8,26.7,26.8,26.9,26.8,27.0,26.9,26.9,26.8,26.7,26.9,27.0,26.8,26.8,26.8,27.1,26.9,26.8,26.8,26.9,26.9,26.9,26.8,26.9,26.8,27.0,26.9,27.0,26.9,27.0,26.9,26.9,26.8,27.0,27.0,27.0,27.0,26.8,27.0,26.9,26.9,27.0,27.1
239,27.3,27.2,27.3,27.4,27.3,27.4,27.3,27.3,27.3,27.3,27.5,27.3,27.2,27.2,27.3,27.3,27.3,27.3,27.3,27.3,27.3,27.4,27.3,27.2,27.3,27.3,27.5,27.3,27.4,27.4,27.4,27.3,27.3,27.1,27.3,27.3,27.2,27.2,27.2,27.1,27.2,27.3,27.3,27.2,27.2,27.2,27.1,27.1,27.2,27.0,27.2,27.1,27.1,27.1,27.1,26.9,27.1,27.1,26.9,26.9,26.9,27.0,26.9,26.9,26.9,26.8,26.8,26.5,26.4,26.2,26.2,26.2,26.1,25.9,25.8,25.9,25.9,26.0,26.2,25.8,26.0,25.9,25.8,25.8,25.9,25.8,25.8,25.7,25.8,25.6,25.7,25.5,25.7,25.6,25.7,25.4,25.6,25.7,26.0,26.4,26.4,26.4,26.5,26.5,26.5,26.6,26.5,26.6,26.6,26.6,26.7,26.5,26.7,26.6,26.7,26.7,26.6,26.8,26.8,26.8,26.7,26.8,26.6,26.7,26.6,26.7,26.7,26.9,26.7,26.7,26.8,26.7,26.7,26.6,26.6,26.7,26.7,26.9,26.8,26.8,26.7,26.8,26.8,26.8,26.8,26.7,26.9,26.7,26.8,26.8,26.9,26.7,26.7,26.7,26.7,27.0,26.9,26.8,26.8,26.9,27.0,26.8,26.6,26.9,27.0,27.1,26.9,26.8,26.9,26.8,27.0,26.8,26.9,26.9,27.1,27.0,27.0,27.0,27.1,26.9,27.1,26.9,27.1,26.9,26.9,27.0,26.9,27.0,27.0,26.9,27.0,26.9
240,27.5,27.3,27.5,27.3,27.2,27.4,27.5,27.4,27.3,27.2,27.4,27.3,27.3,27.4,27.4,27.3,27.3,27.4,27.3,27.3,27.3,27.3,27.3,27.3,27.5,27.3,27.2,27.4,27.3,27.3,27.2,27.3,27.3,27.3,27.4,27.2,27.2,27.4,27.2,27.1,27.3,27.2,27.2,27.1,27.3,27.2,27.4,27.2,26.9,26.9,27.0,27.1,27.1,27.0,27.2,27.0,27.1,27.0,26.9,26.9,26.8,26.9,26.8,26.8,26.9,26.8,26.8,26.5,26.4,26.2,26.2,26.2,26.2,26.1,26.1,26.1,26.0,26.0,26.0,25.9,26.0,25.9,25.7,25.9,25.9,25.6,25.8,25.8,25.7,25.6,25.6,25.7,25.8,25.7,25.7,25.6,25.6,26.0,26.0,26.3,26.4,26.6,26.3,26.5,26.6,26.4,26.6,26.5,26.7,26.6,26.6,26.5,26.4,26.6,26.6,26.7,26.6,26.7,26.8,26.6,26.7,26.6,26.8,26.8,26.6,26.5,26.7,26.6,26.9,26.7,26.6,26.7,26.6,26.7,26.6,26.7,26.7,26.6,26.8,26.7,26.8,26.8,26.7,26.8,26.9,26.8,26.8,26.8,26.8,26.9,26.9,27.1,26.9,26.9,26.8,26.9,26.9,26.7,26.8,26.8,26.8,26.8,26.8,26.9,26.8,27.0,26.8,26.9,26.8,26.9,26.9,27.0,27.0,26.8,26.9,27.1,27.0,26.9,27.1,26.9,27.0,26.9,26.9,26.8,27.0,26.9,27.0,27.0,26.9,27.0,26.9,27.0
241,27.3,27.4,27.1,27.4,27.4,27.5,27.5,27.2,27.2,27.3,27.4,27.3,27.2,27.3,27.1,27.2,27.2,27.3,27.4,27.4,27.2,27.5,27.3,27.3,27.4,27.3,27.4,27.2,27.2,27.3,27.4,27.1,27.3,27.2,27.3,27.2,27.2,27.2,27.3,27.0,27.3,27.0,27.1,27.2,27.3,27.1,27.2,27.1,27.2,27.1,27.1,27.1,27.2,27.1,27.0,27.1,27.1,27.0,27.1,27.1,27.1,26.9,26.9,26.8,26.9,26.8,26.6,26.6,26.4,26.3,26.0,26.1,26.0,25.9,26.0,25.9,25.9,25.9,26.1,25.9,25.9,25.9,25.7,25.8,25.8,25.7,25.8,25.6,25.7,25.7,25.6,25.7,25.7,25.7,25.6,25.6,25.7,25.9,26.1,26.2,26.5,26.4,26.4,26.5,26.6,26.6,26.6,26.6,26.6,26.5,26.6,26.6,26.7,26.5,26.6,26.7,26.6,26.8,26.6,26.8,26.5,26.7,26.7,26.6,26.8,26.6,26.5,26.7,26.6,26.6,26.7,26.6,26.7,26.7,26.7,26.7,26.8,26.8,26.8,26.7,26.8,26.9,26.6,26.6,26.7,26.8,26.8,27.0,26.6,26.8,26.8,26.7,26.8,26.9,26.9,26.9,26.8,26.7,26.8,26.9,26.8,26.9,26.8,26.9,27.1,26.8,26.9,26.8,26.8,26.8,26.8,26.9,26.9,26.9,26.9,27.0,26.9,27.0,27.1,27.0,26.9,27.0,27.0,27.1,26.9,26.9,26.9,26.9,27.0,26.9,26.9,26.9
242,27.1,27.3,27.2,27.3,27.3,27.4,27.2,27.3,27.4,27.3,27.3,27.4,27.4,27.3,27.2,27.3,27.2,27.3,27.1,27.3,27.4,27.3,27.2,27.3,27.3,27.2,27.3,27.2,27.3,27.3,27.2,27.4,27.3,27.3,27.3,27.2,27.1,27.1,27.2,27.1,27.2,27.0,27.2,27.1,27.0,27.0,27.1,26.9,27.1,27.1,27.1,27.0,27.1,27.0,27.0,26.8,27.0,26.9,27.0,26.8,26.7,26.9,26.9,26.7,27.0,26.9,26.8,26.5,26.6,26.3,26.2,26.3,25.9,25.9,26.0,26.0,26.0,26.2,25.9,25.9,25.9,25.9,25.9,25.8,25.8,25.7,25.8,25.8,25.7,25.7,25.6,25.8,25.6,25.7,25.6,25.5,25.5,25.8,26.1,26.5,26.4,26.5,26.5,26.6,26.5,26.5,26.5,26.6,26.6,26.6,26.6,26.6,26.5,26.4,26.8,26.7,26.5,26.6,26.5,26.7,26.6,26.5,26.7,26.5,26.7,26.6,26.6,26.7,26.7,26.6,26.8,26.8,26.6,26.7,26.6,26.7,26.8,26.6,26.7,26.8,26.6,26.7,26.6,26.6,26.7,26.8,26.7,26.7,26.9,26.9,26.8,26.6,26.8,26.9,26.8,26.7,26.7,27.0,26.8,26.9,26.6,26.8,26.8,26.9,26.8,26.8,26.6,26.9,26.7,26.9,26.7,26.9,26.8,26.9,26.7,26.9,26.8,26.9,27.0,26.9,26.9,26.9,27.0,26.9,26.9,26.9,26.9,27.0,27.0,27.0,26.9,26.8
243,27.2,27.2,27.2,27.2,27.4,27.4,27.3,27.3,27.3,27.4,27.3,27.2,27.1,27.3,27.4,27.3,27.1,27.3,27.3,27.2,27.3,27.3,27.2,27.2,27.3,27.3,27.2,27.1,27.2,27.3,27.4,27.4,27.1,27.2,27.2,27.4,27.1,27.3,27.1,27.1,27.3,27.2,27.3,27.1,27.2,27.1,27.0,27.1,27.0,26.9,27.1,27.2,27.0,26.9,26.8,27.0,27.0,26.9,26.8,27.0,26.9,26.7,26.8,26.9,26.8,26.8,26.6,26.5,26.5,26.1,26.1,26.1,26.0,26.1,26.1,26.0,25.8,26.0,25.9,26.0,26.0,25.9,25.8,25.9,25.8,25.9,25.8,25.6,25.7,25.5,25.5,25.7,25.6,25.8,25.7,25.6,25.6,25.8,26.2,26.5,26.3,26.4,26.5,26.6,26.5,26.5,26.6,26.6,26.5,26.5,26.7,26.5,26.5,26.6,26.4,26.6,26.6,26.6,26.6,26.6,26.4,26.6,26.5,26.6,26.7,26.6,26.6,26.6,26.6,26.5,26.5,26.6,26.7,26.6,26.8,26.8,26.6,26.6,26.6,26.6,26.6,26.7,26.7,26.9,26.7,26.7,26.7,26.6,26.8,26.8,26.9,26.8,26.6,26.9,26.8,26.8,26.7,26.8,26.6,26.8,26.8,26.8,26.8,26.8,26.9,26.9,26.9,26.9,27.0,26.9,26.9,26.8,26.9,27.0,26.9,26.9,26.9,26.9,26.8,26.7,26.8,26.8,26.8,27.0,26.9,26.9,26.8,26.8,26.9,26.9,26.9,26.9
244,27.3,27.3,27.2,27.3,27.2,27.4,27.1,27.2,27.3,27.3,27.3,27.3,27.3,27.3,27.4,27.3,27.3,27.2,27.1,27.3,27.2,27.1,27.3,27.3,27.3,27.2,27.3,27.3,27.4,27.2,27.1,27.3,27.1,27.1,27.2,27.2,27.2,27.3,27.2,27.2,27.2,27.1,27.2,27.1,27.1,27.0,27.1,27.1,27.0,27.0,27.1,27.2,27.1,26.9,26.8,27.1,26.8,27.0,26.8,27.1,26.9,26.9,26.7,26.7,26.7,26.8,26.8,26.6,26.3,26.2,26.0,26.1,26.2,26.0,26.1,26.0,25.9,25.9,26.0,25.9,25.7,25.8,25.7,25.8,25.7,25.7,25.7,25.8,25.6,25.7,25.5,25.7,25.6,25.4,25.6,25.7,25.7,25.9,26.4,26.4,26.4,26.5,26.4,26.5,26.5,26.7,26.5,26.4,26.6,26.5,26.4,26.6,26.5,26.4,26.5,26.6,26.5,26.5,26.5,26.7,26.5,26.5,26.5,26.6,26.5,26.4,26.4,26.6,26.5,26.6,26.5,26.6,26.8,26.7,26.7,26.6,26.8,26.6,26.6,26.5,26.7,26.8,26.5,26.6,26.6,26.8,26.5,26.6,26.7,26.8,26.7,26.7,26.6,26.7,26.7,26.6,26.6,26.6,26.6,26.8,26.9,26.6,26.8,26.9,26.9,26.7,26.9,26.7,27.0,26.9,26.9,26.9,26.9,26.9,26.9,26.8,26.9,26.9,27.0,27.0,26.9,26.9,26.9,26.9,26.9,26.9,26.9,27.0,26.8,26.9,26.9,26.9
245,27.2,27.3,27.4,27.3,27.4,27.3,27.1,27.2,27.4,27.3,27.3,27.3,27.3,27.2,27.2,27.2,27.4,27.3,27.2,27.4,27.4,27.2,27.3,27.2,27.3,27.2,27.3,27.3,27.2,27.3,27.2,27.3,27.3,27.1,27.2,27.1,27.1,27.3,27.0,27.2,27.1,27.4,27.0,27.2,27.0,27.1,27.1,27.1,26.9,27.1,27.1,27.2,27.1,27.1,26.9,27.0,26.9,27.1,27.1,26.9,26.9,26.8,26.8,26.9,26.9,26.7,26.8,26.6,26.6,26.5,26.2,26.1,26.1,26.2,25.9,26.0,26.1,25.9,26.1,26.0,25.8,25.9,25.7,25.8,25.6,25.7,25.8,25.6,25.7,25.6,25.6,25.6,25.9,25.6,25.6,25.6,25.5,25.9,26.2,26.3,26.5,26.2,26.6,26.4,26.4,26.6,26.4,26.5,26.5,26.5,26.5,26.6,26.5,26.5,26.4,26.6,26.4,26.4,26.6,26.6,26.4,26.5,26.6,26.6,26.5,26.4,26.6,26.5,26.6,26.4,26.6,26.6,26.5,26.7,26.5,26.7,26.5,26.7,26.7,26.6,26.6,26.6,26.8,26.6,26.5,26.8,26.7,26.7,26.6,26.6,26.6,26.5,26.8,26.6,26.5,26.7,26.6,26.9,26.8,26.7,26.7,26.8,26.6,26.7,26.7,26.7,26.8,26.7,26.5,26.7,26.9,26.9,26.9,27.0,27.1,26.9,26.9,26.8,26.9,26.9,26.8,26.9,26.9,26.8,26.9,26.9,26.9,26.8,26.9,26.8,26.8,26.9
246,27.2,27.2,27.4,27.3,27.2,27.3,27.3,27.3,27.1,27.3,27.4,27.3,27.2,27.3,27.4,27.3,27.4,27.2,27.3,27.1,27.3,27.3,27.2,27.3,27.5,27.2,27.1,27.1,27.2,27.1,27.3,27.2,27.3,27.0,27.0,27.3,27.3,27.3,27.1,27.1,27.3,27.1,27.1,27.1,27.1,27.1,27.2,26.9,27.0,26.9,27.0,27.1,27.1,27.3,27.0,26.9,27.0,27.0,27.1,27.0,27.0,26.9,26.8,26.7,26.7,26.7,26.6,26.6,26.5,26.4,26.2,26.2,26.1,26.0,25.9,26.1,26.1,25.9,25.9,26.0,25.8,25.8,25.9,25.7,25.7,25.8,25.8,25.7,25.7,25.6,25.7,25.7,25.7,25.6,25.4,25.7,25.7,26.0,26.3,26.5,26.4,26.4,26.4,26.4,26.5,26.5,26.5,26.5,26.4,26.7,26.5,26.5,26.4,26.6,26.5,26.4,26.6,26.4,26.5,26.5,26.5,26.4,26.4,26.5,26.6,26.6,26.6,26.5,26.5,26.5,26.4,26.6,26.5,26.7,26.6,26.6,26.8,26.6,26.7,26.6,26.6,26.7,26.6,26.7,26.7,26.6,26.7,26.7,26.7,26.7,26.5,26.6,26.6,26.9,26.7,26.7,26.6,26.7,26.7,26.7,26.8,26.7,26.8,26.7,26.7,26.6,26.8,26.6,26.8,26.9,26.6,26.7,26.6,27.0,26.8,26.8,26.8,26.9,26.9,26.8,26.9,26.8,26.8,26.8,26.8,26.8,26.9,26.8,26.9,26.9,26.9,27.0
247,27.1,27.4,27.2,27.3,27.2,27.1,27.2,27.3,27.1,27.1,27.1,27.3,27.1,27.2,27.3,27.2,27.2,27.1,27.3,27.3,27.1,27.3,27.2,27.2,27.1,27.1,27.2,27.4,27.1,27.1,27.2,27.2,27.2,27.3,27.3,27.3,27.1,27.1,27.1,27.1,27.2,27.1,27.1,27.0,27.1,26.9,26.9,27.1,27.1,26.9,26.9,27.1,27.0,27.1,26.9,26.9,26.9,26.9,26.9,27.0,26.9,27.0,26.9,26.7,26.8,26.8,26.7,26.6,26.4,26.4,26.4,26.3,26.2,26.2,26.0,26.1,26.0,25.9,25.9,25.8,25.9,25.8,25.9,25.9,25.7,25.7,25.6,25.6,25.7,25.5,25.7,25.6,25.7,25.7,25.7,25.7,25.8,26.1,26.3,26.5,26.4,26.5,26.3,26.4,26.5,26.3,26.3,26.4,26.4,26.6,26.5,26.6,26.4,26.3,26.5,26.4,26.5,26.4,26.6,26.4,26.3,26.4,26.6,26.4,26.6,26.5,26.4,26.6,26.5,26.6,26.6,26.6,26.6,26.6,26.5,26.6,26.5,26.6,26.8,26.4,26.5,26.5,26.7,26.6,26.6,26.6,26.5,26.6,26.5,26.6,26.6,26.5,26.6,26.6,26.7,26.7,26.7,26.6,26.6,26.6,26.8,26.6,26.7,26.5,26.9,26.7,26.7,26.7,26.8,26.9,26.6,26.8,26.8,26.7,26.7,27.0,26.9,26.7,27.0,26.6,26.7,26.9,26.9,26.8,26.8,26.7,27.0,26.9,26.9,26.8,26.8,26.8
248,27.0,27.1,27.3,27.2,27.1,27.1,27.3,27.3,27.4,27.1,27.1,27.3,27.2,27.3,27.2,27.2,27.3,27.1,27.1,27.1,27.1,27.0,27.0,27.3,27.2,27.2,27.1,27.2,27.2,27.1,27.2,27.1,27.2,27.1,27.0,27.0,27.2,27.1,27.0,27.1,27.1,27.0,27.0,27.1,27.0,26.9,27.0,27.0,26.9,27.0,27.0,27.1,27.1,27.0,26.8,27.1,27.1,26.8,26.9,26.9,27.0,26.8,26.7,26.7,26.7,26.6,26.7,26.6,26.4,26.3,26.3,26.4,26.1,26.2,26.2,26.1,25.9,26.0,25.8,25.6,25.8,25.7,25.8,25.7,25.6,25.7,25.8,25.6,25.5,25.7,25.8,25.6,25.7,25.8,25.8,25.9,26.0,26.1,26.3,26.3,26.4,26.4,26.4,26.3,26.3,26.4,26.4,26.4,26.5,26.4,26.3,26.4,26.4,26.4,26.6,26.5,26.6,26.5,26.4,26.6,26.4,26.4,26.4,26.4,26.5,26.4,26.5,26.5,26.4,26.4,26.4,26.4,26.5,26.6,26.4,26.5,26.6,26.5,26.4,26.6,26.5,26.6,26.4,26.7,26.4,26.7,26.4,26.6,26.4,26.6,26.6,26.5,26.5,26.7,26.6,26.7,26.6,26.6,26.6,26.7,26.6,26.6,26.7,26.7,26.6,26.8,26.7,26.7,26.7,26.8,26.6,26.9,26.9,26.6,26.7,26.9,26.9,26.8,26.7,27.0,26.7,26.8,26.9,26.9,26.9,26.9,26.7,26.8,26.7,26.8,26.6,27.0
249,27.2,27.1,27.1,27.2,27.1,27.2,27.2,27.1,27.3,27.0,27.2,27.0,27.1,27.2,27.3,27.3,27.1,27.0,27.1,27.2,27.1,27.1,27.1,27.2,27.1,27.3,27.1,27.0,27.2,27.1,27.2,27.2,27.0,27.1,27.1,27.0,27.0,27.1,27.1,27.0,27.1,27.1,27.1,27.2,27.0,27.1,27.0,26.9,27.0,27.1,27.1,27.1,27.1,27.0,26.9,27.0,27.0,26.9,26.8,26.8,26.7,26.8,26.7,26.8,26.7,26.8,26.7,26.6,26.6,26.5,26.4,26.5,26.2,26.3,26.3,26.3,26.1,25.9,25.9,25.9,25.7,26.0,25.7,25.7,25.7,25.6,25.6,25.8,25.6,25.8,25.8,25.9,25.8,25.9,26.1,26.0,26.0,26.2,26.4,26.3,26.6,26.3,26.3,26.2,26.4,26.4,26.4,26.3,26.2,26.5,26.4,26.3,26.4,26.4,26.4,26.4,26.4,26.4,26.5,26.4,26.3,26.4,26.4,26.3,26.5,26.4,26.6,26.6,26.4,26.4,26.4,26.4,26.4,26.5,26.3,26.3,26.4,26.4,26.6,26.4,26.5,26.5,26.6,26.6,26.5,26.5,26.6,26.5,26.5,26.6,26.6,26.6,26.4,26.7,26.5,26.8,26.7,26.6,26.6,26.7,26.6,26.6,26.5,26.7,26.6,26.6,26.7,26.6,26.7,26.7,26.7,26.9,26.7,26.9,26.7,26.8,26.8,26.8,26.9,26.7,26.6,27.0,27.0,26.8,26.7,26.9,26.9,26.7,26.8,26.7,26.9,27.0
250,27.1,27.1,27.3,27.2,27.2,27.2,27.1,27.1,27.2,27.2,27.3,27.4,27.1,27.3,27.1,27.2,27.2,27.1,27.1,27.1,27.2,27.0,27.2,27.1,27.1,27.1,27.2,27.0,27.2,27.1,27.0,27.1,27.2,27.1,27.1,27.1,26.9,27.1,27.1,27.1,27.0,27.2,27.1,27.0,27.0,26.9,27.1,27.2,27.0,26.8,26.9,27.1,26.9,26.9,26.8,26.9,26.9,26.9,26.9,26.9,26.8,26.9,26.8,26.6,26.6,26.6,26.5,26.6,26.6,26.5,26.4,26.5,26.4,26.2,26.2,26.4,26.2,26.0,25.9,26.0,25.7,25.7,25.6,25.7,25.7,25.5,25.7,25.6,25.6,25.7,25.9,26.0,26.1,25.9,26.0,26.1,26.2,26.2,26.2,26.4,26.3,26.2,26.4,26.3,26.3,26.3,26.4,26.2,26.4,26.3,26.4,26.4,26.4,26.4,26.4,26.4,26.3,26.3,26.4,26.3,26.3,26.4,26.4,26.3,26.4,26.2,26.4,26.4,26.3,26.4,26.4,26.5,26.3,26.4,26.5,26.4,26.3,26.4,26.5,26.4,26.4,26.6,26.4,26.4,26.6,26.5,26.3,26.6,26.6,26.6,26.6,26.6,26.6,26.7,26.6,26.4,26.5,26.8,26.7,26.7,26.7,26.5,26.6,26.7,26.5,26.6,26.6,26.7,26.6,26.8,26.9,26.9,26.7,26.8,26.7,26.7,26.7,26.7,26.9,26.7,27.0,26.8,26.8,26.7,26.8,26.9,26.9,26.9,26.9,26.8,26.9,26.9
251,27.1,27.2,27.2,27.3,27.0,27.1,27.1,27.2,27.3,27.2,27.2,27.2,27.3,27.1,27.2,27.2,27.3,27.1,27.2,27.1,27.1,27.1,27.1,27.2,27.1,27.2,27.2,27.0,27.0,27.2,27.2,27.1,27.3,27.2,27.1,27.2,27.1,27.2,27.0,27.1,27.2,26.9,27.0,27.1,27.1,26.9,27.1,26.9,26.8,26.8,26.8,26.9,26.9,27.0,27.1,26.9,26.9,26.8,26.9,26.9,26.7,26.8,26.7,26.6,26.8,26.8,26.6,26.6,26.6,26.6,26.6,26.4,26.6,26.3,26.2,26.2,26.2,26.1,26.1,26.0,25.9,25.9,25.8,25.7,25.7,25.4,25.6,25.5,25.8,26.0,26.0,26.0,26.1,26.2,26.2,26.2,26.2,26.3,26.4,26.3,26.3,26.4,26.4,26.3,26.4,26.2,26.5,26.2,26.3,26.4,26.4,26.3,26.4,26.4,26.3,26.3,26.4,26.2,26.5,26.2,26.3,26.5,26.2,26.2,26.4,26.2,26.2,26.3,26.5,26.2,26.4,26.4,26.4,26.3,26.4,26.4,26.3,26.3,26.6,26.4,26.5,26.3,26.3,26.4,26.2,26.6,26.3,26.5,26.6,26.4,26.6,26.4,26.5,26.4,26.6,26.5,26.5,26.5,26.5,26.7,26.6,26.6,26.6,26.6,26.6,26.7,26.6,26.8,26.6,26.7,26.6,26.8,26.8,26.7,26.5,26.6,26.9,26.9,26.9,26.9,26.8,26.8,26.7,26.7,26.7,26.8,26.8,26.8,26.8,26.9,27.0,27.1
252,27.1,27.1,27.2,27.1,27.1,27.3,27.1,27.2,27.3,27.3,27.4,27.3,27.2,27.0,27.2,27.1,27.3,27.2,27.1,27.2,27.2,27.2,27.1,27.3,27.3,27.1,27.2,27.1,27.0,27.1,27.1,27.3,27.1,27.3,27.2,27.1,27.1,27.1,27.0,26.9,27.0,27.1,27.1,27.2,26.9,26.8,27.0,26.9,27.0,27.0,27.0,27.0,27.0,27.0,26.9,26.9,26.7,26.8,26.9,26.8,26.8,26.8,26.7,26.7,26.7,26.6,26.6,26.4,26.6,26.6,26.4,26.4,26.4,26.5,26.4,26.3,26.1,25.9,26.0,25.8,26.0,25.7,25.8,25.6,25.7,25.8,25.7,25.7,25.7,25.9,26.0,26.3,26.1,26.1,26.2,26.2,26.4,26.2,26.2,26.4,26.5,26.2,26.4,26.3,26.5,26.4,26.3,26.2,26.4,26.3,26.4,26.2,26.4,26.4,26.3,26.4,26.4,26.2,26.3,26.2,26.3,26.4,26.3,26.4,26.3,26.2,26.5,26.4,26.2,26.4,26.4,26.4,26.5,26.3,26.2,26.3,26.3,26.3,26.4,26.2,26.3,26.4,26.3,26.4,26.3,26.4,26.4,26.5,26.6,26.4,26.5,26.5,26.5,26.6,26.6,26.7,26.6,26.7,26.5,26.6,26.6,26.6,26.7,26.5,26.6,26.7,26.7,26.8,26.7,26.5,26.7,26.7,26.8,26.6,26.7,26.8,26.8,26.7,26.8,26.9,26.9,26.8,27.0,26.7,26.8,26.9,27.0,26.9,26.9,26.8,26.8,26.9
253,27.3,27.2,27.2,27.1,27.1,27.1,27.1,27.1,27.3,27.2,27.1,27.2,27.0,27.3,27.1,27.0,27.4,27.1,27.2,27.1,27.1,27.1,27.1,27.1,27.2,27.0,27.1,27.0,27.0,27.1,27.1,27.0,27.1,27.1,27.0,27.0,26.8,27.1,27.0,27.0,27.1,27.0,27.0,27.1,27.0,27.1,27.1,26.8,27.0,26.9,26.9,26.9,27.0,26.8,26.9,27.0,26.9,26.9,26.9,26.8,26.8,26.9,26.8,26.8,26.6,26.5,26.6,26.4,26.6,26.5,26.5,26.4,26.4,26.3,26.4,26.3,26.2,26.1,25.7,25.9,25.8,25.6,25.8,25.8,25.8,25.6,25.6,25.7,25.7,25.9,26.1,26.3,26.3,26.4,26.2,26.2,26.2,26.3,26.3,26.2,26.4,26.2,26.4,26.2,26.4,26.3,26.3,26.3,26.3,26.4,26.2,26.3,26.1,26.3,26.4,26.3,26.2,26.2,26.4,26.3,26.3,26.2,26.3,26.4,26.3,26.4,26.3,26.2,26.4,26.4,26.3,26.2,26.4,26.2,26.3,26.3,26.4,26.4,26.4,26.4,26.4,26.4,26.4,26.5,26.4,26.4,26.6,26.4,26.4,26.5,26.5,26.6,26.4,26.5,26.6,26.6,26.4,26.5,26.5,26.5,26.6,26.6,26.6,26.6,26.4,26.5,26.5,26.7,26.7,26.6,26.6,26.7,26.6,26.7,26.8,26.7,26.7,26.8,26.8,26.8,26.7,26.6,26.8,27.0,26.8,26.9,26.8,26.9,26.9,27.0,26.8,26.9
254,27.1,27.3,27.2,27.4,27.2,27.3,27.2,27.1,27.2,27.3,27.1,27.2,27.2,27.1,27.1,27.0,27.2,27.1,27.1,27.0,27.1,27.1,27.1,27.0,27.2,27.2,27.0,27.3,27.2,27.1,27.0,27.1,27.1,27.1,27.1,27.0,27.1,27.0,27.0,27.1,27.3,27.2,26.9,27.0,27.1,27.1,27.0,26.9,26.9,27.0,27.0,26.9,27.0,26.9,27.0,26.7,26.7,26.9,26.7,26.8,26.7,26.9,26.8,26.7,26.8,26.5,26.5,26.5,26.6,26.4,26.5,26.5,26.6,26.4,26.3,26.4,26.2,26.2,25.9,26.1,25.8,25.8,25.7,25.7,25.7,25.5,25.4,25.6,25.8,25.9,26.2,26.2,26.2,26.4,26.2,26.2,26.3,26.2,26.4,26.1,26.3,26.2,26.3,26.4,26.3,26.2,26.1,26.2,26.3,26.4,26.2,26.2,26.3,26.5,26.2,26.3,26.2,26.2,26.4,26.4,26.2,26.3,26.3,26.1,26.2,26.2,26.2,26.2,26.2,26.3,26.3,26.3,26.3,26.4,26.2,26.2,26.3,26.3,26.4,26.2,26.4,26.4,26.3,26.3,26.2,26.4,26.5,26.3,26.4,26.4,26.3,26.4,26.6,26.5,26.6,26.4,26.4,26.6,26.5,26.5,26.6,26.5,26.6,26.6,26.9,26.5,26.8,26.7,26.8,26.9,26.8,26.9,26.8,26.6,26.7,26.7,26.7,26.7,26.8,26.9,26.8,26.8,26.8,26.9,27.0,26.8,26.8,26.8,27.1,26.9,27.1,27.0
255,27.1,27.3,27.1,27.1,27.3,27.4,27.2,27.2,27.1,27.1,27.1,27.2,27.1,27.3,27.1,27.3,27.2,27.2,27.0,27.2,27.1,27.1,27.1,27.1,27.2,27.0,27.1,27.1,26.9,27.1,26.9,27.0,27.1,27.1,27.2,27.1,27.1,27.1,27.0,26.9,27.1,27.2,26.9,27.0,26.8,27.0,27.2,26.9,27.0,26.9,26.9,26.9,26.9,26.8,26.8,26.8,26.9,26.8,26.8,26.8,26.8,26.7,26.7,26.6,26.7,26.7,26.5,26.4,26.5,26.4,26.5,26.6,26.5,26.4,26.3,26.4,26.2,26.2,25.9,25.8,25.8,25.9,25.7,25.6,25.6,25.6,25.7,25.5,25.7,25.9,26.1,26.2,26.2,26.2,26.2,26.2,26.2,26.2,26.2,26.2,26.4,26.2,26.2,26.4,26.2,26.2,26.2,26.2,26.2,26.1,26.2,26.2,26.0,26.3,26.1,26.2,26.2,26.1,26.4,26.2,26.2,26.1,26.2,26.2,26.2,26.1,26.0,26.2,26.2,26.2,26.2,26.4,26.4,26.2,26.3,26.2,26.4,26.3,26.3,26.3,26.4,26.3,26.2,26.4,26.4,26.4,26.4,26.4,26.4,26.4,26.5,26.3,26.4,26.5,26.5,26.5,26.5,26.4,26.4,26.5,26.6,26.4,26.5,26.6,26.5,26.6,26.8,26.6,26.7,26.6,26.7,26.8,26.8,26.5,26.6,26.9,26.8,26.7,26.7,26.7,26.8,26.6,26.6,26.9,26.8,26.9,26.9,26.9,26.9,26.9,26.8,26.9
