文件路径:,C:\Users\23589\Desktop\物理实验竞赛\实验数据（黑胶带版）\case13_香橙派5Pro裸板_满负载\data\HM20260727170258.csv
源热像文件:,C:\Users\23589\Desktop\物理实验竞赛\实验数据（黑胶带版）\case13_香橙派5Pro裸板_满负载\photo\HM20260727170258.jpeg

测温单位,摄氏度
图像宽度,192
图像高度,256

全局
统计:,,平均值:,27.3
,,最小值:,25.7
,,最大值:,31.2

坐标Y\X,0,1,2,3,4,5,6,7,8,9,10,11,12,13,14,15,16,17,18,19,20,21,22,23,24,25,26,27,28,29,30,31,32,33,34,35,36,37,38,39,40,41,42,43,44,45,46,47,48,49,50,51,52,53,54,55,56,57,58,59,60,61,62,63,64,65,66,67,68,69,70,71,72,73,74,75,76,77,78,79,80,81,82,83,84,85,86,87,88,89,90,91,92,93,94,95,96,97,98,99,100,101,102,103,104,105,106,107,108,109,110,111,112,113,114,115,116,117,118,119,120,121,122,123,124,125,126,127,128,129,130,131,132,133,134,135,136,137,138,139,140,141,142,143,144,145,146,147,148,149,150,151,152,153,154,155,156,157,158,159,160,161,162,163,164,165,166,167,168,169,170,171,172,173,174,175,176,177,178,179,180,181,182,183,184,185,186,187,188,189,190,191
0,26.9,26.8,26.9,26.7,27.0,26.9,26.8,26.8,26.8,26.9,26.9,26.9,26.8,26.9,26.9,27.0,27.1,26.9,26.7,27.0,26.7,26.8,26.9,27.0,27.0,26.9,27.1,27.0,26.9,27.1,26.6,26.9,26.9,27.0,27.0,27.0,27.0,27.1,26.8,26.9,26.9,26.9,26.9,26.9,26.9,27.0,26.9,26.9,26.9,26.7,27.1,27.1,27.0,27.1,27.0,26.9,27.1,26.9,27.0,26.9,27.1,27.1,27.0,27.0,27.0,27.0,26.9,27.0,26.8,26.9,27.0,27.0,26.9,27.0,26.9,27.1,27.0,27.0,26.8,27.1,26.9,27.0,27.1,27.1,26.9,27.0,26.9,27.0,27.2,26.9,27.0,26.9,27.0,27.1,27.1,27.1,27.0,27.2,26.9,27.1,27.0,27.0,27.0,27.1,27.0,27.0,27.1,26.9,27.1,27.1,27.0,27.0,27.1,27.2,27.1,27.2,27.0,27.1,27.0,27.0,26.9,27.0,27.0,27.1,27.1,26.9,27.0,27.3,27.1,26.9,27.0,27.1,26.9,27.1,26.9,27.1,27.0,26.8,27.0,26.9,26.9,26.9,27.0,27.1,27.0,27.0,27.1,26.9,26.9,26.9,27.2,27.1,27.0,26.8,26.9,27.0,27.1,27.0,26.9,26.9,26.9,26.9,27.0,27.0,27.0,27.0,26.8,26.9,26.9,27.0,27.0,27.0,26.7,27.0,26.7,26.9,26.9,26.8,27.0,27.0,26.9,26.8,27.1,26.9,26.9,26.9,26.9,26.8,27.1,27.0,26.8,27.0
1,26.8,26.9,27.0,26.9,26.9,26.8,26.9,26.9,26.8,26.7,27.0,26.9,26.9,27.0,27.1,27.0,27.1,26.9,27.0,27.0,27.0,26.8,27.1,27.1,26.9,27.1,26.9,27.1,27.0,27.0,27.0,27.0,27.0,27.0,27.0,27.1,27.0,27.0,26.9,26.9,27.0,26.9,27.0,27.0,27.0,27.2,27.0,27.0,26.9,27.0,26.9,26.9,26.8,26.9,26.8,26.8,27.1,26.9,26.9,27.0,27.2,26.9,27.0,27.1,27.0,27.1,27.1,26.9,27.1,27.1,27.0,27.0,27.1,27.0,27.0,27.0,27.0,26.9,27.0,26.8,26.9,27.0,27.0,27.0,26.9,27.1,27.1,26.9,27.0,27.1,27.1,26.9,27.1,27.0,27.1,27.0,27.0,27.0,26.9,26.9,27.0,27.1,27.1,26.9,26.9,26.9,27.1,27.3,27.2,27.2,27.1,27.0,27.1,27.1,27.0,27.1,27.0,27.1,27.2,26.9,27.1,27.0,27.1,27.0,26.9,27.0,26.9,27.1,27.0,27.1,27.0,27.0,26.9,26.9,27.0,27.1,27.0,26.9,27.1,27.0,26.9,27.1,27.1,26.9,27.0,27.2,27.1,27.0,27.0,27.0,27.0,27.1,27.1,27.0,27.1,26.9,27.1,27.0,27.1,27.1,26.9,26.9,26.9,26.9,26.9,27.1,26.9,26.9,26.9,27.1,27.0,26.9,26.9,27.0,26.9,26.8,26.9,26.9,26.9,27.0,26.9,26.9,26.8,26.9,27.0,26.8,27.0,26.9,26.9,26.9,26.8,26.9
2,27.0,26.8,27.0,26.8,27.0,27.0,26.8,26.8,26.9,26.7,26.8,26.8,26.8,27.1,26.8,26.9,27.1,27.0,26.9,26.9,27.0,27.0,26.9,27.0,26.9,26.9,26.9,27.0,26.8,27.0,26.9,27.0,26.9,26.9,27.1,27.1,27.0,27.0,26.9,26.8,27.1,26.9,26.9,27.0,26.9,27.0,27.0,27.0,27.0,27.0,27.0,27.0,26.9,27.0,26.9,27.1,27.0,27.0,26.9,27.1,27.0,27.0,26.9,27.0,26.9,27.0,26.9,26.9,27.1,27.1,27.0,26.9,27.0,27.0,26.9,27.1,26.9,27.1,27.1,27.0,26.8,27.1,27.0,27.0,27.2,27.0,27.0,27.0,27.1,27.3,27.1,27.1,26.9,27.1,27.2,27.1,27.1,27.0,27.1,27.1,27.2,27.2,27.1,27.1,27.1,26.9,27.3,27.0,27.0,27.2,27.0,27.2,27.0,27.1,27.1,27.1,27.0,27.1,27.1,27.0,27.0,27.1,27.1,27.0,26.9,26.9,27.0,27.0,26.9,27.1,27.1,27.0,27.1,27.2,27.0,27.0,27.0,27.1,27.2,27.0,26.8,26.9,27.1,27.1,27.1,26.9,27.0,27.0,27.1,27.0,27.0,27.0,27.0,27.0,27.0,27.0,27.1,27.0,27.0,27.0,26.9,27.1,26.9,27.1,27.1,26.9,26.9,26.9,27.0,26.9,26.9,26.9,27.0,27.0,26.9,26.9,27.0,26.7,27.2,27.0,26.9,26.9,26.9,27.0,26.9,26.7,26.9,27.0,26.9,26.9,26.8,26.9
3,26.9,26.8,27.0,26.8,26.9,26.9,27.1,26.9,26.7,26.9,26.9,27.1,26.9,26.9,26.9,27.0,26.9,27.0,27.1,27.0,27.1,26.9,27.1,26.8,27.0,27.1,27.1,27.0,26.9,26.9,27.0,26.9,27.1,27.0,27.1,27.1,27.0,27.0,27.1,26.9,27.1,26.9,27.0,26.9,27.1,27.0,27.0,27.2,26.9,27.0,27.0,27.1,27.1,27.0,27.2,27.0,27.0,27.2,26.9,26.9,27.1,27.1,27.1,27.0,27.0,27.1,27.1,26.9,27.1,27.1,26.9,27.1,27.2,27.2,27.1,27.0,26.9,26.9,27.0,27.1,27.0,27.1,27.1,26.9,27.3,27.1,27.0,27.1,27.1,26.9,27.0,27.1,27.1,27.2,27.1,27.1,27.2,27.2,27.1,27.1,27.1,27.2,27.1,27.0,27.0,27.0,27.2,27.1,27.1,27.1,27.1,27.0,27.1,26.9,27.1,27.0,27.2,27.0,27.1,27.1,27.0,27.1,27.1,27.2,27.0,27.1,27.0,27.0,27.0,27.2,27.1,27.0,27.1,27.0,27.1,26.9,27.1,27.1,27.2,27.0,26.9,27.2,27.1,27.1,27.1,27.1,27.0,26.9,27.1,26.9,27.1,27.2,27.2,27.0,26.9,27.1,27.2,27.1,27.0,27.0,27.0,27.1,26.9,27.0,27.1,26.9,27.0,27.1,27.0,26.9,26.9,27.0,27.1,27.1,26.9,26.9,26.9,26.9,27.0,27.0,26.9,26.9,26.9,26.9,27.1,26.9,26.9,26.9,26.9,27.0,26.9,26.9
4,27.1,26.9,27.1,26.9,26.8,27.1,27.0,26.9,26.9,26.9,26.9,27.0,27.0,27.0,27.1,27.1,26.9,26.9,26.8,26.8,27.0,26.9,26.9,27.1,27.1,27.1,26.9,27.1,26.9,26.9,27.0,26.9,27.0,26.9,27.0,27.1,27.1,27.1,27.1,26.8,27.1,27.0,26.9,26.7,27.1,26.9,26.8,27.0,26.9,27.1,27.0,27.0,26.9,27.1,27.0,26.8,26.8,27.1,26.9,26.9,27.0,27.0,27.1,27.0,27.1,27.0,26.9,26.9,27.0,27.1,27.0,26.9,27.0,27.1,26.9,26.9,27.1,27.1,27.0,27.1,26.9,27.1,27.2,27.1,27.0,27.0,27.1,27.2,27.1,27.0,27.0,27.1,27.1,27.1,27.0,27.2,27.2,27.2,27.1,27.1,27.0,27.1,27.0,26.9,27.2,27.0,27.0,27.3,27.1,27.1,26.9,27.0,27.0,27.1,27.1,27.1,27.1,27.1,27.2,27.2,27.1,27.2,27.0,27.1,27.1,27.1,27.1,27.1,27.0,27.1,27.1,27.0,26.9,27.0,27.1,27.2,27.0,27.1,27.0,27.1,26.9,27.0,27.0,27.1,27.0,26.8,27.1,26.8,27.1,26.9,27.0,27.0,27.0,26.9,27.0,27.0,27.1,26.9,27.0,27.0,26.9,26.9,26.9,26.9,27.2,26.9,26.9,26.9,26.8,27.0,26.9,27.0,27.0,26.9,26.8,27.0,27.0,26.8,27.0,26.9,27.0,26.9,26.9,26.9,27.0,26.9,26.9,26.8,27.0,27.0,27.0,26.9
5,27.0,27.0,27.0,26.9,26.9,27.0,26.8,26.9,26.9,26.9,26.9,27.1,27.1,26.9,27.0,27.1,26.9,27.1,26.8,27.1,27.0,26.9,26.9,27.0,26.9,26.9,27.0,26.8,26.9,27.2,27.1,26.9,27.1,27.1,27.0,26.9,26.9,26.9,27.0,27.0,27.1,27.0,26.9,26.8,27.1,26.8,27.0,27.1,27.0,26.9,27.0,27.0,26.9,27.0,27.0,26.9,27.0,27.1,26.8,26.9,27.0,26.9,27.0,27.0,27.1,27.1,27.1,27.0,27.1,26.9,26.9,27.1,27.1,27.1,27.1,26.8,26.9,27.1,27.0,27.0,27.0,27.0,27.3,27.1,26.9,27.0,26.9,27.1,27.2,27.1,27.0,27.1,27.0,27.1,27.2,27.1,27.0,27.1,27.0,27.1,27.1,27.1,26.9,27.2,27.1,27.1,27.0,27.1,27.2,27.1,27.1,27.1,27.1,27.2,27.2,27.1,27.0,27.3,27.1,27.0,27.1,27.0,27.0,27.0,27.3,27.1,27.1,27.1,27.2,27.1,26.9,27.0,27.0,27.1,27.0,27.1,26.9,27.1,27.0,27.0,27.0,27.3,26.9,27.0,27.1,27.1,27.1,27.0,27.1,27.1,27.1,27.2,27.1,27.1,27.0,27.1,27.1,26.9,26.9,27.1,26.9,27.0,27.0,26.9,26.9,27.0,27.0,27.1,27.1,27.1,26.9,26.8,26.9,27.0,26.9,26.8,26.9,27.0,27.0,26.8,26.9,26.9,26.9,26.9,26.8,26.9,27.0,27.0,27.1,26.9,26.7,27.0
6,27.0,26.9,27.1,26.7,26.9,26.7,26.8,27.0,26.9,26.8,27.0,27.0,27.0,26.9,26.8,27.0,27.1,26.9,26.8,26.9,26.9,26.8,27.1,26.9,26.9,26.8,27.0,26.8,26.9,26.9,27.0,27.0,26.9,26.9,26.8,27.0,27.1,27.1,27.0,27.0,27.1,27.1,27.0,27.1,27.0,26.9,27.0,27.0,27.1,26.9,27.0,27.0,27.0,26.8,27.0,27.0,27.0,27.0,26.9,27.1,27.1,27.1,27.1,27.0,27.0,27.0,27.1,27.1,27.2,27.1,27.1,27.1,27.0,27.1,27.0,27.0,27.0,27.2,27.0,27.0,27.0,27.1,27.1,27.0,27.0,27.1,27.1,26.9,27.2,27.2,27.1,27.1,27.2,27.1,27.1,27.0,27.1,27.0,27.0,27.1,27.0,27.2,27.1,27.3,26.9,27.2,27.3,27.2,27.1,27.0,27.2,27.1,27.2,27.0,27.2,27.2,27.1,27.2,26.9,27.1,27.0,27.2,27.1,27.1,27.1,27.0,27.0,27.2,27.2,27.0,27.0,27.1,27.1,27.0,27.1,27.1,27.1,27.1,27.1,27.1,26.9,27.3,27.0,27.1,27.1,26.9,27.2,27.0,27.1,27.0,27.1,27.1,27.0,27.1,27.0,27.0,27.0,26.9,27.1,26.9,26.9,27.1,27.0,26.9,26.9,26.9,26.8,26.9,26.9,27.0,27.0,27.1,26.9,27.2,27.1,26.9,27.1,27.0,26.8,27.0,26.8,26.9,26.9,26.9,26.9,26.8,26.8,26.8,27.0,26.9,27.0,27.1
7,26.9,26.9,27.0,26.8,26.8,27.0,26.9,26.7,27.0,26.8,26.8,26.9,27.0,26.8,26.9,26.9,26.9,26.9,27.0,27.0,27.0,26.8,27.0,26.9,27.0,27.0,27.0,26.9,26.9,27.1,27.0,27.0,27.0,26.9,26.9,26.9,27.1,27.1,26.9,27.0,26.9,27.0,26.9,27.0,26.9,27.0,26.7,27.1,27.0,27.0,27.0,27.0,27.0,26.8,27.0,27.0,27.0,27.1,27.0,26.9,26.9,27.2,26.8,27.1,26.9,27.1,27.1,27.3,27.3,26.9,26.8,27.1,27.1,27.1,27.1,26.9,27.0,27.1,27.1,27.0,27.1,27.0,27.0,27.2,27.1,27.0,27.1,27.1,27.3,27.1,27.3,27.2,27.1,27.1,27.1,27.0,27.2,27.0,27.0,27.2,27.1,27.0,27.1,27.1,27.2,26.9,27.2,27.1,27.2,27.1,27.1,27.0,27.1,27.0,27.2,27.0,27.1,27.1,27.1,27.2,27.0,27.1,27.0,27.0,27.1,27.1,27.1,27.2,27.2,27.2,27.1,27.1,27.1,26.9,27.0,27.0,27.1,27.2,27.1,27.1,27.1,27.0,27.0,27.0,27.1,27.1,27.1,27.0,27.1,27.1,27.0,26.9,27.0,27.0,26.9,27.0,26.9,27.2,27.1,27.0,27.1,27.0,26.9,27.1,27.0,27.0,27.0,27.1,26.9,27.0,27.0,27.1,27.1,26.8,26.9,26.9,26.9,26.9,26.9,26.9,26.9,26.9,27.0,27.0,26.8,26.9,26.9,26.9,26.8,26.9,26.8,27.0
8,26.8,27.0,27.1,26.9,26.9,26.9,26.9,26.9,26.9,27.0,27.0,27.0,27.0,26.8,26.9,27.0,27.0,27.0,26.9,27.0,27.1,27.0,26.9,26.8,27.1,27.0,26.9,27.0,27.0,26.9,27.0,26.9,26.9,26.9,26.9,27.1,26.8,27.0,27.0,26.8,27.1,27.0,27.0,27.1,27.1,26.9,26.9,26.8,27.1,27.0,26.9,26.9,27.0,27.0,27.0,27.0,26.9,27.0,27.1,27.1,26.9,27.1,27.1,27.1,26.9,27.1,27.0,26.9,27.1,27.0,27.0,27.2,27.0,27.1,27.0,27.0,27.0,27.1,27.1,27.1,27.1,27.1,27.1,27.2,27.1,26.9,27.1,27.0,27.1,27.0,27.1,27.1,27.1,27.1,27.2,27.0,27.1,27.1,27.2,27.1,27.1,27.2,27.2,27.2,27.0,27.3,27.1,27.1,27.2,27.1,27.2,27.1,27.0,27.1,27.1,27.1,27.2,27.2,27.1,27.1,27.0,27.1,27.1,27.2,27.3,27.1,27.0,26.9,27.1,27.1,27.1,26.9,27.1,27.1,27.0,27.1,27.1,27.1,27.1,27.2,26.9,27.0,26.9,27.0,27.0,27.1,27.1,26.9,27.0,27.0,27.1,27.1,27.1,27.0,27.1,27.0,26.9,27.0,27.1,27.1,26.9,26.9,27.0,26.8,27.1,27.0,26.9,26.9,27.0,27.1,26.9,27.1,26.8,26.8,26.8,26.9,27.0,26.9,27.1,27.1,26.9,26.9,26.9,26.9,26.9,26.9,26.8,27.0,27.0,26.9,26.8,27.0
9,26.9,26.9,26.9,26.9,27.0,26.7,27.0,26.9,26.9,26.8,26.9,27.0,27.0,27.0,26.9,26.9,26.9,26.9,26.9,26.9,27.0,26.9,26.8,27.0,26.9,27.0,27.1,26.9,26.8,27.0,27.1,26.9,26.9,26.9,26.9,26.9,26.9,27.1,27.0,26.9,27.1,27.2,26.9,26.8,27.0,27.0,27.0,27.1,26.9,26.8,26.9,27.0,27.1,27.0,27.1,27.0,27.1,27.1,27.1,26.9,26.9,27.1,27.1,27.1,27.2,27.1,27.0,27.0,26.9,27.0,27.0,27.0,27.0,27.1,27.0,27.1,27.1,27.0,27.0,27.1,27.2,27.1,27.0,27.1,27.1,27.1,27.2,27.2,27.1,27.2,26.9,27.0,27.0,27.1,27.1,26.9,27.1,27.1,27.0,27.0,27.2,27.1,27.0,27.1,27.0,27.1,27.1,27.1,27.3,27.2,27.2,27.2,27.1,27.0,27.3,27.0,27.0,27.2,27.2,27.1,27.2,27.3,27.1,27.1,27.3,27.0,27.2,27.1,27.1,27.1,27.1,27.2,27.1,27.1,27.0,27.0,27.1,26.9,27.1,27.1,27.1,27.1,27.0,27.2,27.0,27.1,27.1,27.1,27.0,27.1,27.1,27.1,27.0,27.1,26.9,27.0,27.1,26.9,27.2,26.9,27.0,26.9,27.1,27.1,27.1,27.1,27.0,27.1,27.1,27.0,27.0,27.1,27.2,26.9,26.9,26.9,27.0,26.9,26.9,26.9,26.9,26.9,27.0,26.9,26.9,27.0,27.0,27.0,27.0,26.9,27.0,27.0
10,26.9,27.1,26.9,26.9,26.9,26.8,26.9,26.9,26.9,26.8,27.0,26.9,26.9,26.9,26.9,27.0,27.0,26.7,26.9,27.1,26.9,27.0,26.9,27.1,27.0,26.9,26.7,27.0,26.8,27.0,26.9,26.9,26.9,26.8,27.1,27.0,27.1,26.9,27.0,27.1,26.9,26.9,27.0,26.9,27.0,27.0,26.9,27.0,26.9,27.0,27.0,26.9,26.9,27.0,27.0,26.9,26.9,26.9,27.0,27.2,27.0,27.3,27.1,27.0,27.1,27.0,27.0,27.2,27.0,26.9,27.1,27.1,27.2,26.9,27.0,27.0,27.1,27.1,26.9,27.2,27.1,27.1,27.1,27.1,27.0,27.2,27.1,27.2,27.1,27.2,27.1,27.1,26.9,27.1,27.1,27.1,27.1,27.0,27.0,27.3,27.0,27.0,27.1,27.1,27.0,27.1,27.3,27.1,27.1,27.1,27.0,27.1,27.1,27.0,27.1,27.1,27.0,27.2,27.1,27.0,27.1,27.1,27.0,27.2,27.1,27.0,27.1,27.2,27.1,27.0,27.0,27.0,27.2,27.0,27.1,27.1,27.1,27.0,27.0,27.1,27.0,27.1,27.0,26.9,27.0,27.0,27.1,27.0,27.1,26.9,27.0,27.1,26.9,27.1,26.9,27.1,26.9,26.9,26.9,27.0,27.1,27.0,26.9,26.9,27.0,26.8,26.9,26.8,26.9,27.1,27.0,27.0,27.0,27.0,26.9,26.9,26.9,26.7,26.9,26.8,26.9,27.0,26.9,26.9,26.8,26.9,26.9,26.9,27.0,26.8,26.8,26.9
11,27.0,26.8,27.0,27.0,27.0,27.1,26.9,27.0,27.0,27.0,27.1,27.1,26.9,26.9,26.9,26.9,27.0,27.1,26.9,26.9,27.0,27.1,27.2,27.1,26.9,27.0,27.0,26.9,27.0,27.0,27.0,26.9,26.9,27.0,27.0,27.0,27.1,27.0,27.0,27.0,27.0,27.0,27.0,27.2,27.1,27.0,27.0,26.9,27.0,27.0,27.1,27.2,27.1,26.9,27.1,27.0,27.2,26.9,27.1,27.1,27.1,27.1,27.1,27.1,27.1,27.2,27.2,27.1,27.2,27.1,27.0,27.2,27.2,27.1,27.1,27.1,27.2,27.1,27.1,27.1,27.1,27.1,27.3,27.3,27.1,27.1,27.2,27.4,27.1,27.2,27.0,27.2,27.1,27.1,27.2,27.2,27.1,27.1,27.3,27.3,27.0,27.1,27.2,27.2,27.1,27.2,27.2,27.2,27.1,27.3,27.1,27.1,27.2,27.2,27.1,27.1,27.2,27.2,27.2,27.0,27.2,27.1,27.3,27.1,27.2,27.1,27.2,27.1,27.0,27.2,27.2,27.3,27.1,27.3,27.1,27.0,27.1,27.2,27.2,27.1,27.2,27.1,27.1,27.0,27.0,27.1,27.0,27.0,27.0,27.1,27.1,27.1,27.0,27.1,27.0,27.2,27.1,26.9,27.1,27.1,26.9,27.0,27.0,27.0,27.0,27.1,27.0,26.9,26.9,27.1,27.1,26.9,26.9,27.1,27.0,27.1,26.9,27.0,27.0,26.9,26.9,26.9,27.0,27.0,27.0,27.0,26.9,27.0,26.9,26.9,26.9,27.0
12,27.0,26.9,26.9,27.0,27.0,27.0,27.0,27.0,26.9,26.9,27.0,27.1,27.0,27.0,27.0,27.0,27.0,26.9,26.9,26.9,27.0,27.0,26.9,26.8,26.9,27.0,27.0,27.1,27.2,27.1,26.9,27.0,27.0,27.0,27.0,27.1,26.9,27.1,27.0,26.9,27.2,27.0,27.0,26.9,26.9,27.0,27.1,27.0,27.0,26.9,27.2,27.0,27.0,27.0,26.8,27.0,27.0,27.0,27.1,27.1,27.1,27.1,27.1,27.1,27.2,27.0,27.0,27.0,27.2,27.0,27.1,27.2,27.1,27.2,27.1,27.2,27.2,27.2,27.3,27.2,27.0,27.1,27.1,27.1,27.1,27.2,27.2,27.3,27.2,27.3,27.3,27.1,27.1,27.2,27.1,27.3,27.3,27.3,27.2,27.0,27.0,27.2,27.3,27.2,27.1,27.3,27.3,27.3,27.1,27.2,27.2,27.1,27.1,27.2,27.0,27.1,27.1,27.1,27.3,27.2,27.2,27.2,27.2,27.2,27.2,27.2,27.1,27.2,27.1,27.1,27.2,27.2,27.0,27.1,27.2,27.2,27.2,27.1,27.1,27.1,27.1,27.1,27.1,27.1,27.1,27.1,27.1,26.8,26.9,27.0,27.0,27.0,27.2,27.0,27.1,27.1,27.1,27.1,27.0,27.1,26.9,27.1,27.1,26.9,27.1,27.0,26.9,27.0,27.0,27.0,26.9,27.1,26.9,27.0,26.9,27.1,27.0,26.9,27.0,26.9,27.1,27.0,27.0,27.0,27.0,26.9,26.9,27.0,26.9,26.9,26.9,27.0
13,26.9,26.9,26.9,27.0,26.9,26.9,26.9,27.0,26.9,27.1,26.7,26.9,26.8,26.9,26.7,27.0,27.1,27.0,26.9,26.9,27.0,27.0,27.1,26.9,27.0,27.1,27.0,27.1,26.9,27.0,26.9,27.0,27.1,26.9,27.0,27.2,27.0,26.9,26.9,26.9,26.9,27.1,27.1,27.1,27.0,27.2,27.0,27.0,27.2,27.1,27.1,27.1,27.0,27.2,26.9,27.1,27.1,27.2,27.1,27.0,27.1,27.2,27.2,27.1,27.1,27.2,27.1,27.1,27.2,27.1,27.2,27.2,27.2,27.1,27.2,27.2,27.3,27.1,27.1,27.2,27.2,27.1,27.1,27.2,27.1,27.2,27.1,27.3,27.2,27.1,27.1,27.1,27.1,27.3,27.3,27.1,27.1,27.1,27.2,27.3,27.2,27.1,27.1,27.2,27.2,27.2,27.3,27.1,27.3,27.3,27.2,27.0,27.3,27.0,27.1,27.2,27.2,27.3,27.3,27.2,27.1,27.2,27.3,27.3,27.3,27.1,27.1,27.3,27.1,27.3,27.2,27.1,27.2,27.3,27.3,27.1,27.2,27.1,27.2,27.1,27.1,27.1,27.1,27.2,27.0,27.1,27.2,27.2,27.0,26.9,27.0,27.1,27.2,27.1,27.1,27.1,27.1,27.1,27.2,27.1,27.2,26.9,27.1,27.0,27.0,27.0,27.0,27.1,27.1,27.0,27.0,27.2,27.0,27.0,27.1,27.1,27.0,27.1,27.0,26.9,26.9,27.0,26.9,26.8,26.9,26.8,26.9,27.0,27.0,26.9,26.9,27.2
14,27.1,26.8,27.0,26.9,26.9,26.9,27.0,26.9,27.0,27.0,26.8,27.1,26.9,26.7,26.8,26.9,26.9,27.0,27.1,27.0,26.9,27.0,26.9,26.9,27.0,27.0,26.8,27.1,26.9,27.1,27.1,27.1,27.0,26.9,27.0,27.0,26.9,27.0,26.9,27.0,27.0,26.9,27.0,27.1,27.0,27.1,26.9,27.0,26.9,27.0,27.0,27.0,27.0,26.9,26.9,27.0,27.0,27.0,27.0,27.0,27.1,27.0,27.1,27.0,27.1,27.1,27.1,27.1,27.1,27.0,27.1,27.1,27.2,27.2,27.1,27.2,27.2,27.1,27.0,27.3,27.1,27.2,27.2,27.1,27.2,27.1,27.1,27.1,27.4,27.0,27.1,27.2,27.2,27.1,27.0,27.1,27.1,27.1,27.2,27.3,27.1,27.2,27.2,27.3,27.0,27.2,27.2,27.2,27.1,27.2,27.0,27.1,27.1,27.2,27.3,27.2,26.9,27.1,27.2,27.3,27.3,27.2,27.1,26.9,27.2,27.2,27.3,27.3,27.2,27.2,27.2,27.2,27.1,27.1,27.0,27.1,27.1,27.0,27.2,27.0,27.1,27.0,27.2,27.1,27.1,27.1,27.1,26.9,26.9,27.1,27.0,27.1,27.1,27.1,27.2,27.2,27.0,27.0,27.1,26.9,26.9,27.0,27.0,27.1,27.1,27.1,26.9,26.9,26.9,27.0,27.0,26.9,26.9,26.8,27.0,26.9,27.1,27.0,27.3,27.1,27.0,27.1,27.1,26.9,26.9,27.1,26.9,26.9,26.8,26.9,26.9,26.8
15,27.1,27.0,27.0,26.9,26.9,27.0,26.9,26.7,26.9,26.9,27.0,27.0,27.0,27.0,27.0,27.0,27.0,26.9,27.0,26.9,27.0,26.9,26.9,26.9,27.0,27.1,27.2,26.9,26.9,27.1,27.1,27.1,27.0,27.0,27.0,27.1,27.0,27.1,27.2,26.9,27.0,27.1,27.1,27.2,27.3,27.1,27.1,27.0,27.1,27.1,27.1,26.9,27.1,26.8,27.0,27.1,27.1,26.9,27.2,27.1,27.2,27.1,27.1,26.9,27.1,27.2,27.1,27.0,27.2,27.1,27.2,27.1,27.1,27.2,27.1,27.1,27.1,27.1,27.0,27.1,27.3,27.2,27.3,27.1,27.3,27.1,27.3,27.2,27.1,27.1,27.2,27.2,27.1,27.2,27.1,27.3,27.1,27.3,27.3,27.2,27.1,27.0,27.2,27.3,27.1,27.1,27.3,27.1,27.2,27.2,27.3,27.2,27.1,27.2,27.2,27.2,27.3,27.4,27.2,27.4,27.2,27.1,27.1,27.3,27.3,27.2,27.2,27.4,27.2,27.0,27.1,27.2,27.2,27.1,27.2,27.2,27.1,27.1,27.2,27.1,27.1,27.3,27.0,27.1,27.1,27.1,27.3,27.1,27.2,26.9,27.1,26.9,27.1,27.1,27.1,27.2,27.0,26.9,27.0,27.0,27.1,26.9,27.0,27.0,27.0,27.1,27.1,27.0,26.9,27.0,27.0,26.9,26.9,26.9,27.0,26.9,27.0,26.9,27.0,27.0,26.8,27.1,26.9,27.1,26.9,26.9,27.0,27.0,26.9,26.9,27.0,27.0
16,27.1,26.9,27.0,27.1,26.8,26.9,27.1,26.9,26.9,26.9,26.9,27.0,27.0,27.0,27.0,27.1,27.1,27.1,26.9,27.1,27.1,27.0,27.0,26.9,26.9,27.1,27.1,27.2,27.1,27.0,27.2,27.1,26.9,27.1,26.8,27.0,27.2,27.1,27.1,27.0,27.0,27.1,27.0,27.1,27.1,27.1,26.9,27.0,27.1,27.0,27.0,27.1,27.1,27.0,26.9,27.2,26.9,27.2,27.1,27.0,27.2,27.2,27.1,27.2,27.0,27.3,27.1,27.1,27.2,27.1,27.0,27.2,27.2,27.2,27.1,27.1,27.1,27.3,27.0,27.3,27.2,27.1,27.3,27.1,27.3,27.2,27.2,27.3,27.1,27.1,27.3,27.1,27.1,27.3,27.1,27.0,27.2,27.2,27.1,27.3,27.2,27.1,27.2,27.2,27.2,27.2,27.3,27.3,27.2,27.4,27.4,27.2,27.2,27.2,27.1,27.2,27.2,27.3,27.2,27.3,27.2,27.1,27.2,27.2,27.1,27.1,27.1,27.3,27.2,27.2,27.2,27.2,27.1,27.2,27.2,27.2,27.0,27.0,27.1,27.0,27.0,27.1,27.3,27.2,27.1,27.1,27.2,27.0,27.0,27.0,27.1,27.2,26.9,27.2,27.1,27.1,27.1,27.2,27.2,27.0,27.1,26.9,26.9,26.9,27.0,27.0,27.1,26.9,27.1,27.1,27.1,27.2,27.0,26.9,27.1,27.0,27.1,27.1,27.1,26.9,26.9,27.1,26.9,27.1,27.0,27.1,27.1,27.0,27.0,26.9,26.9,27.0
17,27.0,27.0,26.9,26.8,26.9,26.9,26.9,27.0,27.0,27.0,26.7,27.0,27.0,26.9,26.9,26.9,26.8,27.0,26.8,27.0,27.1,27.1,26.9,27.1,27.0,27.1,26.9,27.0,27.1,27.1,26.9,27.0,26.9,27.0,27.1,27.2,27.1,27.0,27.1,27.0,27.0,26.9,27.0,27.1,27.1,26.9,27.0,27.0,26.9,27.1,27.0,27.0,27.1,26.9,27.0,27.1,26.8,27.0,27.0,27.1,27.2,27.1,27.1,27.1,27.0,27.1,27.0,27.1,27.1,27.0,27.2,27.0,27.1,27.3,27.1,27.0,27.2,27.1,27.1,27.1,27.2,27.3,27.2,27.2,27.2,27.0,27.2,27.1,27.3,27.2,27.3,27.2,27.3,27.1,27.2,27.1,27.1,27.2,27.2,27.2,27.3,27.1,27.1,27.3,27.1,27.1,27.4,27.3,27.1,27.1,27.2,27.2,27.1,27.1,27.3,27.3,27.2,27.3,27.3,27.3,27.1,27.1,27.1,27.3,27.2,27.2,27.1,27.2,27.3,27.2,27.2,27.2,27.0,27.1,27.2,27.2,27.1,27.2,27.1,27.1,27.3,27.1,27.1,27.0,27.0,27.1,27.2,26.9,27.1,27.1,27.0,27.1,27.1,27.0,27.1,27.1,27.1,27.2,27.1,27.1,27.1,27.2,27.0,27.1,27.0,26.9,27.0,27.1,27.0,27.0,27.1,27.1,27.1,26.9,26.9,27.2,27.1,27.1,26.8,26.9,26.8,26.8,26.9,27.0,26.9,26.8,27.0,26.9,26.8,27.1,26.8,26.9
18,27.0,27.0,27.1,26.9,27.0,26.9,26.9,27.0,26.9,26.8,26.9,27.0,27.0,27.1,26.9,27.1,26.9,27.0,26.9,27.1,27.0,27.0,27.1,27.0,27.0,27.1,27.1,27.1,27.1,27.1,27.1,26.9,27.0,27.1,26.9,27.0,27.0,27.0,27.2,27.1,27.0,27.1,27.0,27.1,27.2,27.1,27.0,27.0,27.0,27.2,27.1,27.2,27.1,27.1,27.1,27.0,27.0,27.1,27.0,27.0,27.0,27.3,27.1,27.1,27.3,27.1,27.2,27.1,27.1,27.1,27.2,27.2,27.2,27.4,27.1,27.3,27.2,27.2,27.3,27.1,27.3,27.3,27.2,27.2,27.1,27.4,27.2,27.2,27.3,27.3,27.2,27.3,27.3,27.4,27.2,27.1,27.1,27.2,27.4,27.2,27.2,27.2,27.3,27.3,27.1,27.2,27.3,27.1,27.3,27.3,27.1,27.1,27.3,27.2,27.3,27.2,27.1,27.2,27.3,27.1,27.2,27.3,27.2,27.1,27.3,27.1,27.1,27.1,27.2,27.2,27.2,27.1,27.3,27.1,27.0,27.0,27.1,27.1,27.2,27.2,27.2,27.1,27.1,27.1,27.2,27.1,27.1,27.0,27.2,27.1,27.1,27.1,27.1,27.1,27.0,27.0,27.1,27.2,27.1,27.1,27.1,27.2,27.2,27.1,27.1,26.8,27.0,27.2,27.0,27.1,27.0,27.0,27.0,27.0,27.1,27.2,27.0,27.1,26.9,27.1,27.1,26.9,27.1,27.1,27.0,26.9,26.9,26.9,26.9,26.8,26.9,26.9
19,26.9,27.0,26.9,26.7,26.8,26.9,27.0,26.9,26.8,26.8,26.9,26.9,27.1,27.0,27.0,27.1,26.9,27.1,27.0,27.0,27.1,27.0,26.9,27.0,27.1,27.1,26.9,27.1,27.0,26.8,27.1,27.2,27.0,27.0,27.0,27.1,27.0,27.0,27.1,27.0,27.0,27.0,26.9,27.0,27.2,27.1,27.2,27.1,26.9,27.1,27.1,27.1,27.0,26.9,27.2,27.1,27.0,27.1,26.9,27.1,27.2,27.1,27.0,27.0,27.2,27.1,27.0,27.1,27.0,27.1,27.0,27.2,27.1,27.3,27.3,27.1,27.3,27.4,27.3,27.2,27.2,27.1,27.2,27.2,27.3,27.3,27.2,27.1,27.1,27.2,27.3,27.3,27.2,27.3,27.1,27.3,27.4,27.1,27.2,27.3,27.2,27.2,27.1,27.3,27.3,27.1,27.3,27.2,27.2,27.3,27.3,27.3,27.3,27.3,27.3,27.3,27.1,27.2,27.2,27.3,27.3,27.1,27.2,27.2,27.1,26.9,27.1,27.2,27.1,27.3,27.1,27.3,27.1,27.2,27.2,27.1,27.3,27.1,27.3,27.1,27.1,27.1,27.2,27.1,27.2,27.1,27.0,27.1,27.0,27.2,27.1,27.2,27.0,27.1,27.1,27.1,27.1,27.2,27.1,27.1,26.9,27.1,27.2,27.2,27.0,27.1,27.1,27.1,27.0,27.0,26.9,26.8,27.1,27.0,26.9,26.9,27.0,26.9,26.9,26.9,26.8,27.0,26.9,27.0,26.9,27.0,27.1,27.1,27.1,27.1,27.0,27.1
20,27.0,27.1,27.0,27.0,27.1,26.9,26.9,26.9,26.9,26.9,27.0,27.1,27.0,27.0,26.8,27.0,27.0,27.1,27.0,27.1,26.9,27.0,27.0,26.9,27.0,27.0,27.0,27.0,27.0,27.1,27.0,27.0,26.9,26.9,26.9,27.0,27.1,27.2,27.1,27.0,27.2,27.2,27.2,27.0,27.1,27.1,26.9,27.0,27.1,27.1,27.1,27.1,27.2,27.0,26.9,27.2,27.3,27.0,27.3,27.2,27.1,27.1,27.3,27.2,27.3,27.2,27.3,27.2,27.1,27.2,27.3,27.2,27.1,27.2,27.1,27.2,27.3,27.3,27.1,27.2,27.2,27.2,27.1,27.2,27.3,27.2,27.3,27.3,27.3,27.1,27.3,27.2,27.1,27.2,27.3,27.3,27.4,27.1,27.3,27.3,27.3,27.2,27.2,27.3,27.1,27.3,27.2,27.1,27.3,27.3,27.4,27.2,27.3,27.2,27.2,27.4,27.3,27.4,27.3,27.3,27.3,27.3,27.2,27.2,27.3,27.2,27.2,27.3,27.2,27.2,27.2,27.2,27.2,27.2,27.3,27.0,27.2,27.1,27.1,27.1,27.2,27.1,27.3,27.2,27.0,27.0,27.2,27.1,27.2,27.2,27.2,27.2,26.9,27.2,27.1,27.1,27.1,27.1,27.2,27.0,27.1,27.1,27.0,26.9,27.1,27.0,27.0,27.0,27.0,26.9,27.0,26.9,27.1,27.0,27.0,27.1,27.0,27.1,27.0,27.0,27.0,27.1,26.9,27.1,26.9,26.9,26.9,27.0,27.1,27.0,27.0,26.9
21,26.9,27.0,26.9,26.9,26.9,26.9,27.0,26.9,26.8,26.9,26.9,27.0,27.0,26.9,26.8,27.0,26.9,27.0,26.9,26.8,26.9,27.0,26.9,27.0,27.2,27.1,26.9,27.0,27.0,26.9,27.1,27.0,26.9,26.9,26.9,27.1,26.9,27.0,26.9,27.2,27.1,27.1,27.1,27.1,27.1,27.1,27.0,27.1,27.1,27.0,27.0,27.1,27.1,27.1,27.0,27.1,27.2,27.1,27.1,27.3,27.3,27.2,27.1,27.2,27.0,27.4,27.1,27.2,27.3,27.2,27.2,27.2,27.1,27.3,27.1,27.4,27.2,27.3,27.1,27.2,27.1,27.2,27.3,27.2,27.3,27.2,27.3,27.2,27.3,27.3,27.1,27.3,27.1,27.3,27.1,27.2,27.3,27.1,27.3,27.2,27.3,27.5,27.3,27.3,27.3,27.4,27.3,27.4,27.3,27.2,27.4,27.1,27.2,27.1,27.3,27.2,27.3,27.3,27.3,27.3,27.3,27.2,27.3,27.3,27.3,27.2,27.1,27.2,27.2,27.2,27.3,27.2,27.3,27.2,27.2,27.2,27.2,27.2,27.3,27.1,27.1,27.2,27.2,27.1,27.2,27.2,27.3,26.7,27.1,27.3,27.1,27.2,27.0,27.1,27.2,27.1,27.1,27.1,27.1,27.0,27.0,27.1,27.0,26.9,26.9,27.0,26.8,27.0,27.0,27.0,27.1,26.9,27.0,27.0,27.1,27.0,26.9,27.0,26.9,27.0,26.9,27.1,27.0,27.1,27.1,27.0,27.0,27.0,26.9,27.0,27.1,26.9
22,27.1,27.0,27.0,26.9,27.0,26.9,27.0,26.9,26.9,27.0,27.1,27.0,26.9,27.0,27.1,26.9,27.1,27.0,27.1,27.0,27.1,27.2,27.0,27.1,26.9,27.1,26.9,27.1,26.9,26.9,27.0,27.1,27.1,27.1,27.2,27.1,27.1,27.1,27.1,27.0,27.1,27.0,26.9,27.2,27.1,27.1,27.0,27.2,27.1,27.1,27.1,27.1,27.3,27.0,27.0,27.1,27.1,27.2,27.3,26.9,27.1,27.1,27.1,27.2,27.1,27.1,27.3,27.2,27.2,27.2,27.4,27.1,27.3,27.3,27.3,27.2,27.2,27.2,27.0,27.4,27.4,27.4,27.4,27.3,27.3,27.1,27.3,27.4,27.2,27.2,27.2,27.3,27.2,27.3,27.4,27.3,27.4,27.3,27.3,27.1,27.2,27.3,27.2,27.3,27.2,27.3,27.3,27.3,27.4,27.3,27.2,27.2,27.3,27.2,27.3,27.2,27.2,27.5,27.3,27.3,27.5,27.3,27.3,27.2,27.3,27.2,27.2,27.1,27.3,27.2,27.3,27.1,27.3,27.3,27.2,27.2,27.1,27.3,27.1,27.1,27.0,27.1,27.1,27.2,27.2,27.1,27.1,27.3,27.0,26.9,27.2,27.1,26.9,27.1,27.1,27.2,26.9,27.1,27.2,27.0,27.1,27.0,27.1,27.2,27.0,27.1,27.0,27.0,26.9,26.9,27.0,26.9,27.0,26.9,27.0,27.1,26.9,27.0,27.0,27.0,26.9,26.8,26.9,27.0,26.8,26.9,27.1,27.0,27.0,26.8,26.9,26.9
23,26.9,27.0,27.3,27.1,27.0,27.0,27.1,26.9,27.0,27.0,27.0,27.0,27.1,26.9,26.8,27.1,26.9,26.9,27.0,27.1,27.1,27.0,27.1,27.0,26.9,26.9,27.0,27.0,27.0,27.0,27.1,27.0,27.0,27.0,27.1,27.1,27.1,27.1,27.0,27.2,27.1,26.9,26.9,27.2,27.2,27.1,27.1,27.0,27.2,27.1,27.2,27.0,27.1,27.1,27.0,27.0,27.1,27.0,27.1,27.1,27.2,27.2,27.1,27.1,27.2,27.2,27.1,27.3,27.2,27.2,27.2,27.3,27.2,27.1,27.1,27.2,27.1,27.2,27.1,27.3,27.2,27.3,27.3,27.4,27.2,27.3,27.2,27.4,27.2,27.3,27.3,27.2,27.2,27.3,27.3,27.3,27.3,27.3,27.3,27.2,27.4,27.3,27.4,27.3,27.3,27.3,27.4,27.3,27.3,27.3,27.4,27.3,27.3,27.3,27.2,27.2,27.3,27.2,27.4,27.2,27.3,27.3,27.3,27.3,27.4,27.2,27.2,27.4,27.4,27.4,27.1,27.3,27.2,27.3,27.2,27.3,27.0,27.1,27.2,27.2,27.1,27.2,27.1,27.1,27.1,27.1,27.1,27.0,27.1,27.1,26.9,27.0,27.1,26.9,27.2,27.1,27.0,27.1,27.0,26.9,27.1,27.2,27.2,27.1,27.1,27.1,27.1,27.2,27.0,27.1,27.2,27.1,27.0,26.9,27.1,27.1,27.1,27.0,27.0,27.0,26.9,26.9,26.9,26.9,26.9,27.1,26.9,27.0,26.9,26.9,26.9,26.9
24,26.9,27.1,27.0,26.9,26.9,26.7,27.0,26.9,27.0,27.0,27.0,27.2,27.1,27.0,27.1,27.1,27.0,26.9,26.9,27.2,27.0,26.9,27.1,27.1,27.1,27.0,27.0,27.0,26.9,26.9,27.0,27.3,27.2,27.0,27.1,27.1,27.2,27.0,27.0,27.1,27.2,27.2,27.1,27.1,27.1,27.2,27.1,27.1,27.3,27.1,27.1,27.0,27.1,27.2,27.0,27.1,27.3,27.3,27.2,27.1,27.1,27.3,27.3,27.2,27.2,27.3,27.3,27.2,27.3,27.1,27.2,27.2,27.2,27.1,27.3,27.2,27.2,27.3,27.2,27.2,27.3,27.3,27.3,27.2,27.1,27.3,27.3,27.2,27.3,27.3,27.3,27.3,27.4,27.6,27.4,27.3,27.3,27.3,27.3,27.2,27.4,27.3,27.2,27.3,27.3,27.4,27.3,27.3,27.2,27.5,27.4,27.5,27.4,27.3,27.4,27.3,27.3,27.2,27.2,27.2,27.1,27.3,27.1,27.3,27.2,27.3,27.2,27.5,27.1,27.3,27.2,27.3,27.3,27.3,27.3,27.2,27.0,27.2,27.1,27.1,27.2,27.2,27.3,27.3,27.2,27.0,27.2,27.3,27.1,27.3,27.1,27.1,27.2,27.4,27.1,27.1,27.1,27.1,27.0,27.1,27.1,27.1,27.1,27.1,27.1,27.1,27.0,27.0,27.1,27.0,27.0,27.0,27.1,27.2,27.1,27.0,27.2,27.1,27.0,26.9,27.0,27.1,27.0,27.0,27.0,27.1,26.9,27.1,27.1,26.9,27.0,26.9
25,26.9,27.1,27.0,27.0,26.7,26.9,26.8,27.0,27.0,27.0,27.0,27.1,27.0,27.0,27.0,27.1,27.1,27.1,27.0,27.1,27.1,27.1,26.9,27.0,27.1,27.2,27.0,27.2,27.1,27.1,26.9,27.1,27.1,26.9,26.9,27.0,27.1,27.1,27.2,27.1,27.2,27.2,27.1,27.2,27.2,27.1,27.2,27.2,27.3,27.1,27.3,27.1,27.2,27.1,27.0,27.2,27.1,27.1,27.2,27.1,27.3,27.4,27.2,27.1,27.3,27.2,27.2,27.2,27.2,27.3,27.4,27.3,27.3,27.4,27.3,27.5,27.3,27.3,27.3,27.2,27.2,27.3,27.4,27.3,27.4,27.3,27.3,27.3,27.4,27.3,27.2,27.1,27.3,27.4,27.2,27.2,27.2,27.4,27.3,27.3,27.3,27.4,27.5,27.3,27.3,27.3,27.3,27.3,27.4,27.3,27.3,27.2,27.4,27.2,27.4,27.3,27.2,27.2,27.3,27.3,27.3,27.4,27.3,27.2,27.3,27.3,27.2,27.2,27.2,27.4,27.1,27.3,27.3,27.3,27.1,27.3,27.3,27.2,27.2,27.2,27.2,27.3,27.1,27.3,27.2,27.3,27.2,27.1,27.1,27.0,27.3,27.2,27.0,27.1,27.0,27.0,27.1,26.9,27.2,27.1,27.0,27.0,27.1,27.0,27.1,27.1,27.2,27.0,26.9,27.1,27.1,27.1,26.9,26.9,27.2,27.1,26.9,26.9,26.9,27.0,26.9,27.1,26.9,26.9,26.9,27.1,26.9,27.1,27.1,27.1,27.0,27.0
26,26.9,26.8,26.9,26.7,26.8,26.9,26.8,27.1,26.8,26.8,27.1,27.0,27.0,26.9,26.9,27.1,27.1,26.9,27.0,26.9,27.0,27.0,26.9,27.1,26.9,26.9,27.0,27.0,27.0,27.1,27.0,27.1,27.2,27.0,27.1,27.0,27.1,27.0,27.1,27.1,27.1,27.0,27.2,27.1,27.3,27.1,27.1,27.1,27.2,27.0,27.1,27.2,27.1,27.2,27.2,27.1,27.2,27.2,27.2,27.1,27.1,27.2,27.0,27.3,27.2,27.2,27.1,27.2,27.3,27.1,27.5,27.3,27.1,27.3,27.2,27.2,27.2,27.2,27.2,27.4,27.3,27.3,27.1,27.3,27.1,27.3,27.2,27.4,27.3,27.2,27.4,27.2,27.2,27.3,27.5,27.3,27.4,27.3,27.2,27.4,27.2,27.4,27.1,27.2,27.1,27.1,27.4,27.2,27.2,27.2,27.4,27.4,27.2,27.2,27.4,27.4,27.2,27.2,27.2,27.1,27.3,27.2,27.3,27.2,27.2,27.1,27.3,27.3,27.2,27.2,27.2,27.3,27.3,27.1,27.2,27.1,27.2,27.3,27.2,27.1,27.1,27.1,27.2,27.1,27.1,27.2,27.2,27.0,27.2,26.9,27.2,27.1,27.0,27.2,27.1,27.2,27.1,27.2,27.2,27.0,27.1,27.3,27.1,27.1,27.1,26.9,27.0,26.9,27.0,27.0,27.0,27.0,27.0,26.8,27.1,27.0,27.0,26.9,27.1,27.1,27.0,27.0,26.9,27.0,26.9,26.8,26.9,26.9,27.0,26.9,26.9,26.9
27,27.1,26.9,26.9,26.8,27.0,26.9,27.1,27.1,27.1,27.0,27.1,27.0,26.9,27.0,27.0,27.1,27.1,27.0,27.0,26.9,27.0,27.1,27.0,27.1,27.1,27.0,27.2,27.1,26.9,27.0,27.0,27.1,27.1,26.9,27.1,27.2,27.1,27.1,27.1,27.1,27.2,27.1,27.0,27.1,27.0,27.1,27.1,27.1,27.2,27.1,27.0,27.2,27.2,27.1,27.1,27.2,27.1,27.3,27.0,27.3,27.2,27.2,27.3,27.3,27.2,27.2,27.3,27.4,27.3,27.3,27.3,27.5,27.4,27.3,27.3,27.3,27.3,27.2,27.2,27.4,27.2,27.3,27.2,27.3,27.3,27.3,27.3,27.5,27.3,27.2,27.3,27.3,27.4,27.4,27.5,27.4,27.2,27.3,27.3,27.3,27.3,27.3,27.4,27.3,27.4,27.3,27.3,27.4,27.3,27.5,27.3,27.4,27.3,27.3,27.3,27.2,27.4,27.3,27.3,27.3,27.3,27.4,27.2,27.3,27.3,27.2,27.4,27.2,27.3,27.2,27.3,27.4,27.3,27.5,27.3,27.2,27.3,27.2,27.3,27.1,27.1,27.2,27.2,27.2,27.1,27.1,27.3,27.1,27.2,27.1,27.2,27.1,27.1,27.2,27.0,27.2,27.0,27.1,27.2,27.3,27.0,27.1,27.1,27.1,26.9,27.2,27.1,27.1,27.0,27.0,27.1,27.0,27.0,27.0,26.9,27.1,26.9,27.0,27.0,27.1,27.0,27.0,27.1,27.1,27.1,27.0,26.8,27.1,27.1,27.1,27.0,26.9
28,27.0,26.9,27.1,26.9,27.1,27.0,27.0,27.0,26.9,27.0,27.1,26.9,27.1,27.1,27.1,27.0,27.0,27.3,27.1,27.0,27.0,27.1,27.3,27.0,27.1,27.1,27.0,27.1,26.9,27.0,27.0,27.1,27.1,27.0,27.1,27.1,27.1,27.0,27.0,27.1,27.1,27.0,27.1,27.1,27.2,27.2,27.0,27.1,27.1,27.1,27.2,27.3,27.2,27.0,27.1,27.2,27.2,27.2,27.3,27.2,27.2,27.3,27.2,27.2,27.2,27.2,27.3,27.2,27.2,27.3,27.3,27.2,27.3,27.4,27.3,27.3,27.2,27.3,27.3,27.4,27.3,27.2,27.5,27.3,27.5,27.4,27.3,27.4,27.4,27.3,27.4,27.3,27.3,27.4,27.6,27.3,27.3,27.3,27.4,27.3,27.5,27.3,27.3,27.4,27.3,27.5,27.5,27.5,27.2,27.4,27.2,27.3,27.3,27.3,27.3,27.3,27.4,27.5,27.3,27.4,27.3,27.4,27.3,27.2,27.3,27.3,27.2,27.2,27.3,27.3,27.2,27.3,27.3,27.3,27.3,27.4,27.3,27.3,27.2,27.3,27.1,27.1,27.2,27.1,27.2,27.3,27.2,27.3,27.3,27.3,27.2,27.2,27.1,27.1,27.1,27.1,27.3,27.3,27.1,27.2,27.1,27.0,27.0,27.1,27.0,27.1,27.1,27.3,27.1,27.1,27.1,27.1,27.1,27.2,27.0,27.1,27.1,27.0,27.1,26.9,27.0,27.1,27.0,26.9,27.1,26.9,27.1,27.0,26.9,27.0,27.0,27.1
29,27.0,27.1,27.0,27.0,27.1,26.9,27.1,27.1,27.1,27.0,27.0,27.2,27.1,27.1,27.2,26.9,26.9,27.3,26.9,27.1,27.1,27.1,27.1,26.9,27.1,27.0,27.1,27.2,27.1,27.1,27.0,27.1,26.9,27.0,27.1,27.2,27.3,27.2,27.2,27.0,27.1,27.2,27.1,27.1,27.2,27.3,27.1,27.1,27.2,27.4,27.2,27.3,27.3,27.3,27.3,27.1,27.3,27.3,27.2,27.1,27.3,27.3,27.0,27.3,27.2,27.2,27.4,27.3,27.2,27.4,27.2,27.4,27.3,27.4,27.2,27.2,27.3,27.4,27.3,27.3,27.3,27.3,27.4,27.5,27.5,27.4,27.5,27.3,27.3,27.3,27.2,27.4,27.3,27.4,27.4,27.4,27.5,27.5,27.5,27.4,27.3,27.3,27.3,27.3,27.4,27.5,27.3,27.4,27.2,27.5,27.4,27.2,27.4,27.2,27.4,27.3,27.2,27.3,27.3,27.3,27.3,27.4,27.3,27.3,27.5,27.3,27.1,27.3,27.3,27.3,27.3,27.4,27.2,27.2,27.4,27.3,27.5,27.3,27.3,27.2,27.3,27.2,27.1,27.3,27.1,27.3,27.3,27.1,27.2,27.2,27.3,27.3,27.1,27.3,27.2,27.0,26.9,27.1,27.0,27.2,27.2,27.2,26.9,27.1,27.1,27.0,27.0,27.0,27.2,27.2,27.1,27.1,27.0,27.1,27.1,27.0,27.0,27.0,27.1,26.9,27.1,26.9,26.9,26.8,26.9,26.9,27.0,26.9,27.0,27.0,27.0,26.9
30,27.0,26.9,27.0,27.1,26.9,27.0,27.1,27.0,27.0,27.0,27.0,27.1,27.1,26.9,27.1,27.1,27.1,27.1,26.9,26.9,27.2,27.1,27.1,27.1,27.1,27.1,26.9,27.1,27.2,27.1,27.1,27.3,27.0,27.1,27.2,26.9,27.2,27.1,27.0,27.2,27.0,27.2,27.3,27.2,27.2,27.2,27.2,27.1,27.3,27.1,27.3,27.2,27.1,27.2,27.2,27.3,27.3,27.2,27.1,27.2,27.3,27.3,27.3,27.2,27.4,27.3,27.2,27.3,27.3,27.3,27.3,27.4,27.4,27.3,27.3,27.3,27.5,27.3,27.2,27.3,27.4,27.6,27.4,27.6,27.7,27.3,27.4,27.5,27.4,27.4,27.3,27.3,27.4,27.4,27.3,27.4,27.5,27.3,27.3,27.3,27.4,27.4,27.4,27.3,27.3,27.3,27.3,27.6,27.5,27.3,27.3,27.5,27.4,27.3,27.3,27.5,27.2,27.3,27.4,27.4,27.3,27.4,27.3,27.1,27.3,27.4,27.3,27.1,27.3,27.3,27.3,27.3,27.4,27.3,27.1,27.2,27.3,27.3,27.2,27.2,27.1,27.4,27.3,27.1,27.1,27.3,27.3,27.1,27.4,27.1,27.3,27.2,27.2,27.1,27.1,27.2,27.2,27.2,27.2,27.1,27.3,27.1,27.0,27.2,27.2,27.1,27.0,27.1,26.7,27.1,27.1,27.1,27.0,27.2,27.1,27.1,27.2,27.1,27.1,27.0,27.0,27.1,27.0,27.1,27.0,26.9,27.1,27.1,27.0,26.9,27.0,26.9
31,26.9,26.9,27.0,26.9,26.9,27.1,27.0,26.9,27.1,27.0,27.0,27.1,27.1,27.1,27.2,27.0,27.1,27.2,27.1,27.1,27.1,27.1,27.1,27.0,27.1,27.0,27.1,27.1,27.0,27.2,27.1,27.1,27.1,27.0,27.0,27.2,27.1,27.1,27.1,27.1,27.0,27.1,27.1,27.1,27.2,27.2,27.1,27.1,27.1,27.1,27.3,27.2,27.2,27.2,27.3,27.1,27.3,27.2,27.3,27.2,27.2,27.3,27.2,27.3,27.3,27.3,27.3,27.3,27.3,27.4,27.3,27.5,27.4,27.3,27.3,27.2,27.4,27.3,27.3,27.4,27.3,27.4,27.3,27.5,27.4,27.5,27.3,27.4,27.4,27.5,27.3,27.4,27.3,27.3,27.5,27.4,27.6,27.4,27.3,27.2,27.4,27.4,27.4,27.3,27.2,27.3,27.3,27.4,27.4,27.4,27.3,27.2,27.3,27.3,27.3,27.5,27.3,27.4,27.3,27.4,27.2,27.4,27.5,27.4,27.3,27.4,27.2,27.3,27.2,27.3,27.2,27.3,27.4,27.3,27.3,27.2,27.4,27.4,27.3,27.2,27.2,27.1,27.3,27.3,27.1,27.3,27.2,27.1,27.1,27.0,27.1,27.3,27.2,27.3,27.1,27.1,26.9,27.1,27.0,27.2,27.1,27.1,27.0,27.1,27.1,27.0,27.0,27.0,27.2,27.1,27.0,27.1,26.9,27.0,27.0,27.1,27.0,27.1,27.1,27.0,27.1,27.1,27.1,27.0,27.1,27.0,27.0,27.1,26.8,26.9,26.9,27.0
32,26.8,27.0,26.9,26.9,27.0,27.1,27.0,27.1,27.0,26.8,27.0,27.1,27.0,26.9,27.1,27.1,27.0,27.1,27.0,26.9,26.9,27.1,27.0,27.0,27.0,27.0,27.1,26.9,27.0,27.2,27.2,27.1,27.1,27.1,27.2,27.1,27.1,27.2,27.3,27.1,27.1,27.1,27.0,27.1,27.3,27.2,27.1,27.2,27.3,27.2,27.1,27.2,27.1,27.2,27.2,27.3,27.1,27.3,27.1,27.4,27.4,27.3,27.2,27.3,27.2,27.2,27.4,27.3,27.3,27.4,27.3,27.5,27.5,27.3,27.2,27.4,27.2,27.4,27.4,27.3,27.3,27.4,27.4,27.4,27.3,27.4,27.4,27.4,27.6,27.6,27.3,27.5,27.3,27.4,27.5,27.4,27.4,27.3,27.3,27.4,27.3,27.2,27.3,27.2,27.4,27.3,27.4,27.4,27.4,27.4,27.5,27.4,27.3,27.2,27.3,27.2,27.3,27.2,27.4,27.3,27.2,27.4,27.1,27.2,27.1,27.3,27.3,27.3,27.3,27.5,27.3,27.4,27.3,27.2,27.4,27.2,27.3,27.4,27.3,27.3,27.3,27.2,27.3,27.2,27.1,27.1,27.2,27.2,27.1,27.2,27.2,27.1,27.3,27.3,27.1,27.3,27.1,27.0,27.2,27.1,27.2,27.3,27.0,27.2,27.2,27.0,27.2,26.9,26.9,27.0,27.0,27.2,26.9,26.9,27.0,26.9,26.8,27.1,26.9,27.1,26.9,27.0,27.0,27.1,27.1,26.9,27.1,26.8,26.9,27.0,27.1,26.9
33,27.0,27.0,27.1,27.0,27.1,27.1,27.0,26.9,27.0,26.9,26.9,27.1,27.0,27.0,26.9,27.1,27.0,27.2,26.9,27.1,27.2,27.1,27.1,26.9,26.9,27.3,27.1,27.0,27.2,27.1,27.2,27.2,27.1,27.0,27.1,27.1,27.0,27.0,27.2,27.1,27.3,27.2,27.2,27.2,27.4,27.2,27.2,27.3,27.1,27.3,27.3,27.3,27.3,27.1,27.3,27.3,27.2,27.4,27.4,27.4,27.3,27.4,27.3,27.5,27.2,27.3,27.3,27.3,27.3,27.3,27.2,27.3,27.3,27.4,27.4,27.3,27.5,27.6,27.4,27.4,27.4,27.3,27.5,27.4,27.3,27.4,27.6,27.5,27.5,27.4,27.5,27.3,27.4,27.6,27.4,27.4,27.4,27.3,27.3,27.4,27.3,27.3,27.5,27.3,27.3,27.4,27.4,27.3,27.4,27.4,27.3,27.3,27.4,27.4,27.3,27.4,27.4,27.4,27.4,27.3,27.3,27.3,27.2,27.3,27.3,27.2,27.3,27.4,27.3,27.3,27.3,27.4,27.3,27.2,27.2,27.3,27.4,27.1,27.3,27.1,27.4,27.3,27.2,27.2,27.3,27.3,27.3,27.3,27.3,27.3,27.3,27.0,27.3,27.1,27.2,27.0,27.0,27.1,27.2,27.0,27.3,27.0,27.1,27.0,27.3,27.2,27.0,27.1,27.0,27.1,27.1,27.1,27.0,27.1,27.1,27.0,27.0,26.9,27.0,27.0,27.0,27.0,27.0,26.9,27.0,27.1,27.1,27.3,26.9,27.1,26.9,27.3
34,27.1,27.0,27.0,27.0,27.0,27.1,26.9,27.0,27.1,27.1,27.1,27.0,26.9,27.2,27.1,27.0,27.0,27.0,27.0,27.1,27.1,27.1,27.1,26.9,27.1,27.2,27.0,27.1,27.0,27.1,27.0,27.2,27.0,27.0,27.2,27.2,27.2,27.4,27.0,27.2,27.1,27.3,27.1,27.1,27.2,27.3,27.1,27.2,27.2,27.2,27.2,27.2,27.3,27.3,27.2,27.3,27.3,27.2,27.3,27.2,27.4,27.4,27.3,27.4,27.2,27.3,27.3,27.3,27.5,27.4,27.3,27.4,27.4,27.4,27.3,27.5,27.5,27.2,27.3,27.3,27.5,27.4,27.3,27.5,27.4,27.4,27.4,27.6,27.5,27.3,27.3,27.6,27.3,27.5,27.2,27.2,27.3,27.2,27.5,27.3,27.3,27.3,27.3,27.3,27.2,27.3,27.3,27.4,27.4,27.2,27.3,27.4,27.3,27.2,27.4,27.3,27.4,27.3,27.4,27.3,27.4,27.4,27.2,27.2,27.3,27.4,27.3,27.4,27.4,27.2,27.2,27.3,27.3,27.3,27.5,27.3,27.2,27.2,27.3,27.1,27.3,27.3,27.3,27.3,27.2,27.1,27.3,27.2,27.1,27.3,27.3,27.3,27.2,27.2,27.1,27.1,27.2,27.1,27.2,27.1,27.0,27.1,27.1,27.1,27.1,26.9,27.0,27.0,27.0,27.1,26.9,27.1,27.1,27.0,27.0,27.0,27.2,26.9,26.9,26.9,27.1,26.9,26.9,26.9,27.0,26.9,26.9,26.9,27.1,27.0,27.0,27.0
35,26.9,27.1,26.9,27.0,26.8,26.8,26.9,27.0,27.0,26.8,26.9,27.2,27.1,27.0,27.0,27.1,26.9,27.2,27.1,27.1,27.0,27.0,27.2,27.0,27.1,27.0,27.2,27.0,27.2,27.1,27.1,27.3,27.2,27.1,27.1,27.0,27.1,27.1,27.0,27.0,27.1,27.3,27.0,27.3,27.2,27.3,27.2,27.1,27.3,27.0,27.1,27.2,27.3,27.1,27.3,27.2,27.2,27.4,27.3,27.2,27.3,27.2,27.3,27.3,27.3,27.5,27.3,27.3,27.5,27.4,27.3,27.3,27.3,27.4,27.3,27.4,27.5,27.4,27.3,27.5,27.4,27.4,27.6,27.4,27.5,27.4,27.6,27.5,27.4,27.5,27.5,27.3,27.3,27.5,27.4,27.5,27.4,27.3,27.3,27.3,27.4,27.3,27.3,27.3,27.2,27.2,27.1,27.3,27.1,27.1,27.2,27.3,27.2,27.4,27.4,27.4,27.2,27.5,27.2,27.5,27.3,27.5,27.4,27.4,27.5,27.3,27.4,27.4,27.5,27.5,27.4,27.3,27.4,27.4,27.3,27.2,27.3,27.2,27.3,27.3,27.0,27.2,27.3,27.3,27.2,27.2,27.3,27.1,27.3,27.2,27.2,27.2,27.2,27.3,27.3,27.1,27.3,27.0,27.1,27.1,27.1,27.0,27.0,27.1,27.2,27.1,27.0,27.0,27.0,27.1,27.1,27.1,27.1,27.2,27.1,27.2,27.0,26.9,26.9,26.8,27.0,26.9,27.1,27.1,27.0,27.1,27.0,27.0,27.0,27.0,27.0,27.1
36,27.0,26.9,26.9,26.8,26.9,26.9,26.9,27.1,27.0,27.1,27.0,27.1,27.1,27.0,27.0,27.1,27.0,27.1,27.1,27.1,27.1,27.0,27.2,26.9,27.1,27.0,27.1,27.1,26.9,27.0,27.3,27.3,27.1,27.1,27.1,27.3,27.1,27.3,27.2,27.1,27.1,27.2,27.1,27.1,27.2,27.2,27.0,27.1,27.1,27.2,27.3,27.2,27.4,27.3,27.1,27.3,27.3,27.3,27.2,27.3,27.4,27.5,27.3,27.3,27.3,27.5,27.3,27.3,27.4,27.4,27.4,27.3,27.3,27.4,27.3,27.4,27.4,27.4,27.4,27.4,27.4,27.5,27.5,27.4,27.5,27.6,27.5,27.3,27.5,27.5,27.3,27.5,27.4,27.5,27.3,27.3,27.1,27.1,27.3,27.2,27.3,27.2,27.2,27.0,27.0,27.1,27.2,27.1,27.1,26.9,27.1,27.2,27.1,27.0,27.3,27.2,27.3,27.3,27.4,27.3,27.2,27.2,27.3,27.3,27.2,27.2,27.2,27.4,27.2,27.5,27.2,27.3,27.2,27.4,27.2,27.3,27.5,27.1,27.3,27.1,27.2,27.3,27.1,27.3,27.2,27.2,27.2,27.1,27.2,27.2,27.0,27.0,27.2,27.1,27.1,27.2,27.3,27.1,27.1,27.1,27.2,27.1,27.1,27.2,27.0,27.1,27.0,27.0,27.1,27.1,27.1,27.1,27.0,27.1,27.1,27.1,27.0,27.1,27.0,26.9,26.9,26.9,26.9,27.0,26.8,27.1,27.1,26.9,26.9,26.9,27.1,27.0
37,26.8,27.0,27.0,27.0,26.9,26.9,27.0,27.1,26.9,26.9,26.9,26.9,27.0,27.2,27.0,27.0,27.0,27.0,27.0,27.2,27.0,27.3,27.2,27.1,27.1,27.1,27.2,27.1,27.1,27.0,27.1,27.0,27.2,27.2,27.3,27.1,27.2,27.2,27.0,27.1,27.3,27.3,27.1,27.1,27.3,27.4,27.3,27.2,27.1,27.3,27.3,27.2,27.2,27.3,27.2,27.2,27.3,27.2,27.4,27.2,27.4,27.3,27.4,27.3,27.3,27.2,27.3,27.1,27.4,27.3,27.5,27.4,27.4,27.5,27.4,27.4,27.5,27.4,27.4,27.5,27.4,27.4,27.4,27.5,27.3,27.5,27.5,27.5,27.5,27.3,27.4,27.4,27.3,27.4,27.1,27.2,27.0,27.1,27.0,27.1,26.9,27.1,27.0,27.1,27.0,27.1,27.0,26.9,27.0,27.0,27.1,26.9,27.0,27.0,27.3,27.3,27.3,27.3,27.3,27.3,27.3,27.5,27.3,27.3,27.3,27.3,27.3,27.4,27.2,27.3,27.3,27.4,27.3,27.3,27.3,27.3,27.2,27.3,27.3,27.2,27.4,27.3,27.2,27.3,27.4,27.1,27.3,27.3,27.3,27.3,27.2,27.2,27.2,27.1,27.2,27.2,27.2,27.3,27.2,27.0,27.3,27.2,26.9,27.1,27.1,27.2,27.0,27.1,26.9,27.1,27.0,27.0,27.0,27.1,27.0,27.1,27.0,27.1,27.1,27.1,26.9,27.1,26.9,26.9,26.9,27.0,27.0,26.9,26.9,26.9,26.9,27.1
38,27.0,26.9,27.0,26.9,27.0,26.9,26.9,26.9,26.9,26.9,27.1,27.1,27.1,27.0,27.0,27.0,27.1,27.2,26.9,27.0,26.9,27.0,27.0,27.0,27.0,26.9,27.0,27.0,27.1,27.1,27.1,27.1,27.1,27.2,27.2,27.3,27.1,27.1,27.1,27.2,27.1,27.0,27.1,27.3,27.1,27.3,27.2,27.2,27.2,27.1,27.4,27.3,27.3,27.2,27.3,27.3,27.3,27.4,27.2,27.3,27.2,27.2,27.2,27.2,27.3,27.3,27.4,27.5,27.3,27.3,27.3,27.3,27.3,27.3,27.5,27.4,27.3,27.3,27.3,27.3,27.5,27.3,27.6,27.3,27.4,27.3,27.3,27.5,27.2,27.3,27.4,27.4,27.3,27.3,27.1,27.0,26.7,27.0,26.8,26.9,26.8,27.0,26.9,26.9,26.7,26.9,26.9,26.9,26.9,26.8,26.7,26.7,26.7,26.9,27.1,27.2,27.1,27.2,27.3,27.2,27.1,27.2,27.1,27.3,27.1,27.3,27.3,27.3,27.2,27.3,27.3,27.1,27.2,27.3,27.1,27.2,27.3,27.3,27.3,27.1,27.3,27.3,27.1,27.2,27.2,27.3,27.3,27.1,27.2,27.1,27.3,27.4,27.2,27.1,27.2,27.1,27.1,27.2,27.2,27.2,27.1,27.0,27.1,27.2,27.1,27.2,27.0,27.1,27.1,27.0,27.0,27.1,26.9,27.0,27.0,27.1,27.1,27.0,27.0,27.0,27.0,27.1,27.1,26.9,26.9,27.0,27.1,27.1,26.9,27.0,26.9,26.9
39,26.9,26.8,26.9,26.9,26.9,27.0,27.1,27.0,26.9,27.0,27.0,27.0,27.0,27.1,27.1,27.2,26.9,27.1,27.0,27.0,26.9,27.1,27.1,27.1,27.0,27.1,27.0,27.1,27.1,27.1,27.2,27.1,27.0,27.1,27.1,27.1,27.1,27.2,27.1,27.1,26.9,26.9,26.9,27.1,27.2,27.2,27.1,27.1,27.2,27.2,27.2,27.3,27.3,27.1,27.1,27.2,27.4,27.3,27.3,27.3,27.3,27.3,27.4,27.3,27.3,27.3,27.3,27.4,27.3,27.3,27.3,27.4,27.3,27.5,27.4,27.4,27.2,27.4,27.5,27.3,27.3,27.5,27.3,27.4,27.4,27.4,27.3,27.4,27.3,27.4,27.5,27.4,27.3,27.1,27.0,27.0,26.9,26.9,26.9,26.9,26.9,26.8,26.8,26.9,26.8,26.9,26.7,26.8,26.8,26.7,26.8,26.8,26.9,26.9,26.9,27.3,27.0,27.4,27.3,27.2,27.2,27.2,27.3,27.2,27.4,27.2,27.2,27.5,27.4,27.2,27.3,27.3,27.3,27.4,27.4,27.3,27.1,27.3,27.2,27.3,27.3,27.2,27.3,27.3,27.4,27.2,27.3,27.1,27.5,27.2,27.3,27.2,27.3,27.2,27.1,27.1,27.4,27.3,27.3,27.2,27.1,27.1,27.0,27.2,27.1,27.2,27.1,27.1,27.2,27.1,27.3,27.0,26.9,27.1,27.1,27.0,26.9,27.2,27.0,27.0,27.1,27.1,26.8,26.8,26.9,27.0,27.1,26.9,26.8,26.9,27.0,26.9
40,27.0,27.0,26.9,27.0,26.8,27.0,27.0,27.1,27.1,26.9,27.0,27.0,26.8,26.9,27.0,27.0,27.1,27.1,27.1,27.1,27.1,27.2,27.2,26.9,27.1,27.1,27.3,27.1,27.0,27.0,27.1,27.2,27.0,27.1,27.0,27.2,27.1,27.1,27.1,27.3,27.1,27.0,26.8,27.0,27.1,27.1,27.2,27.1,27.4,27.2,27.3,27.3,27.2,27.3,27.3,27.4,27.3,27.2,27.3,27.2,27.3,27.3,27.3,27.3,27.2,27.5,27.1,27.2,27.3,27.4,27.4,27.3,27.3,27.4,27.4,27.3,27.3,27.4,27.4,27.3,27.4,27.3,27.3,27.4,27.3,27.3,27.4,27.2,27.2,27.3,27.1,27.3,27.2,27.3,27.1,26.8,26.9,26.8,26.9,26.8,26.6,26.7,26.9,26.8,26.9,27.0,26.8,26.9,26.8,27.0,26.9,26.9,26.9,26.8,27.2,27.0,27.2,27.3,27.3,27.3,27.3,27.3,27.4,27.2,27.2,27.4,27.3,27.4,27.4,27.3,27.4,27.4,27.3,27.4,27.4,27.3,27.5,27.3,27.4,27.1,27.2,27.2,27.3,27.2,27.4,27.3,27.3,27.2,27.3,27.3,27.3,27.2,27.3,27.2,27.3,27.3,27.3,27.2,27.2,27.2,27.2,27.2,27.1,27.2,27.1,27.2,27.1,27.0,27.2,27.2,27.0,27.1,27.0,27.1,27.3,27.2,27.1,27.1,27.1,27.0,27.1,27.0,27.0,27.1,26.9,27.0,26.9,26.9,27.1,26.9,27.0,26.9
41,26.8,27.1,27.0,27.0,27.0,26.9,27.0,26.9,27.0,27.0,27.1,27.1,27.0,27.0,27.1,27.2,27.1,27.3,26.9,27.2,27.1,26.9,27.1,27.0,27.1,27.2,27.1,27.0,27.0,27.1,27.1,27.0,27.1,26.9,27.1,27.1,27.1,27.0,27.2,27.1,27.0,27.0,26.9,26.8,27.1,27.2,27.1,27.1,27.3,27.2,27.3,27.1,27.3,27.2,27.3,27.3,27.3,27.2,27.1,27.2,27.3,27.3,27.3,27.2,27.3,27.1,27.2,27.2,27.3,27.4,27.3,27.3,27.3,27.2,27.1,27.2,27.1,27.0,27.1,27.2,27.2,27.2,27.2,27.0,27.2,27.1,26.9,27.1,27.0,27.2,27.1,27.1,27.0,27.0,26.9,26.8,26.7,26.9,26.9,27.1,26.9,26.9,27.0,26.9,27.0,26.9,27.0,27.0,26.9,27.1,27.0,26.9,26.9,27.0,27.0,27.1,27.1,27.1,27.3,27.2,27.4,27.7,27.6,27.4,27.3,27.3,27.6,27.3,27.1,27.3,27.3,27.2,27.5,27.3,27.3,27.2,27.4,27.3,27.3,27.3,27.2,27.3,27.1,27.2,27.4,27.2,27.3,27.1,27.3,27.2,27.3,27.2,27.2,27.2,27.2,27.0,27.1,27.3,27.2,27.2,27.2,27.2,27.1,27.1,27.2,27.1,27.0,27.1,27.2,27.1,27.1,26.9,26.8,27.0,27.1,27.3,26.9,27.1,27.1,27.1,27.0,27.0,27.1,26.9,26.8,27.0,27.1,26.9,27.1,27.0,26.9,27.0
42,26.9,27.0,26.9,27.1,26.9,27.0,27.0,26.9,27.0,26.9,27.0,27.1,27.0,27.0,27.1,27.1,27.0,27.0,27.0,27.1,27.1,27.1,27.1,27.1,27.1,27.1,27.0,27.1,27.2,27.0,26.9,26.9,26.9,26.9,26.8,26.8,27.0,27.2,27.2,27.1,27.0,26.9,26.8,26.7,26.8,27.1,27.1,27.2,27.2,27.2,27.2,27.1,27.1,27.1,27.1,27.2,27.1,27.0,27.1,27.2,27.2,26.9,27.1,27.1,27.0,27.1,27.0,27.0,27.2,27.1,26.9,27.0,27.1,27.1,26.9,27.1,27.0,27.0,27.0,26.8,27.0,26.8,27.0,26.9,26.9,26.9,26.9,26.9,27.0,26.9,26.9,26.9,26.9,26.9,26.7,26.7,26.9,26.8,27.1,27.1,26.9,26.9,26.8,27.0,27.0,27.0,27.1,27.2,27.2,27.1,27.1,27.1,27.1,26.9,27.2,26.9,26.9,27.2,27.1,27.4,27.5,27.9,27.6,27.4,27.4,27.5,27.7,27.4,27.2,27.3,27.5,27.3,27.3,27.4,27.3,27.4,27.2,27.3,27.2,27.3,27.3,27.4,27.1,27.2,27.3,27.1,27.3,27.1,27.3,27.3,27.2,27.2,27.1,27.1,27.3,27.2,27.2,27.1,27.1,27.1,27.2,27.0,27.0,27.2,27.0,27.2,27.1,27.1,27.0,27.2,27.1,27.1,27.0,27.0,27.0,27.0,27.1,27.1,27.0,27.1,26.8,26.9,26.9,26.9,27.0,26.9,27.0,27.0,26.9,27.0,26.8,27.1
43,26.9,27.0,27.1,26.9,26.9,26.9,27.0,27.1,26.9,26.9,27.0,27.1,27.0,27.2,27.1,27.2,27.1,27.1,27.1,26.9,27.1,27.1,27.1,27.1,27.1,27.1,27.1,27.1,27.0,27.0,27.0,26.8,26.8,27.1,26.9,27.0,26.9,27.2,27.0,27.3,27.2,27.0,26.9,26.9,26.9,27.2,27.1,27.3,27.3,27.2,27.3,27.2,27.1,27.2,27.3,27.1,27.1,27.0,27.0,27.0,27.0,27.1,27.1,27.1,26.9,27.0,27.1,26.9,27.0,26.9,27.0,26.9,26.9,26.9,27.0,26.8,26.8,26.8,26.9,26.9,26.9,27.0,26.8,26.9,26.8,26.8,26.8,26.8,26.7,26.7,26.8,26.7,26.6,26.7,26.7,26.7,26.7,26.9,27.0,27.2,27.1,27.1,27.2,27.1,27.1,27.1,27.2,27.3,27.2,27.3,27.3,27.1,26.9,26.9,26.9,27.1,27.1,27.2,27.2,27.4,28.0,28.1,27.9,27.6,27.8,28.0,28.0,27.7,27.2,27.2,27.3,27.3,27.5,27.4,27.4,27.3,27.4,27.2,27.4,27.3,27.5,27.3,27.3,27.3,27.3,27.3,27.6,27.3,27.3,27.2,27.4,27.2,27.3,27.3,27.2,27.1,27.3,27.4,27.3,27.2,27.3,27.1,27.2,27.1,27.3,27.1,27.2,27.1,27.1,27.1,27.1,27.1,27.1,27.1,27.3,27.0,27.1,27.2,27.1,27.0,27.1,26.9,27.0,27.0,27.1,27.1,26.9,27.2,27.1,27.0,27.0,26.9
44,27.0,27.0,27.1,27.2,27.1,27.1,27.2,27.0,27.0,27.2,27.1,27.0,27.0,27.2,27.1,27.1,26.9,27.3,27.3,27.1,27.3,27.2,27.2,27.1,27.4,27.2,27.0,27.1,26.9,27.0,27.0,27.0,26.9,26.9,26.8,27.0,27.0,27.0,26.9,27.1,27.0,26.9,27.0,26.9,27.0,26.9,27.1,27.1,27.2,27.2,27.1,27.1,27.0,27.1,27.2,27.1,27.1,27.0,27.1,26.9,27.0,26.8,27.0,26.9,26.8,27.0,26.8,26.8,26.8,26.8,26.7,26.8,26.9,26.8,26.7,26.7,26.7,26.9,26.7,26.9,26.7,26.9,26.7,26.9,26.7,26.7,26.9,26.7,26.7,26.9,26.8,26.7,26.7,26.8,26.8,26.8,26.9,27.0,27.1,27.0,27.1,27.3,27.2,27.2,27.0,27.2,27.3,27.5,27.4,27.3,27.3,27.2,27.1,27.1,27.0,27.1,27.0,27.2,27.5,27.8,28.4,28.7,28.1,27.6,28.0,28.7,28.4,27.9,27.4,27.4,27.4,27.5,27.4,27.4,27.4,27.3,27.4,27.4,27.3,27.3,27.3,27.4,27.4,27.5,27.3,27.3,27.3,27.3,27.3,27.4,27.3,27.3,27.6,27.5,27.2,27.3,27.3,27.3,27.0,27.3,27.3,27.3,27.2,27.2,27.2,27.2,27.0,27.1,27.2,27.2,27.2,27.3,27.2,27.1,27.2,27.0,27.1,27.2,27.1,27.0,27.1,27.1,27.1,27.1,27.1,27.0,27.1,27.0,27.1,27.0,27.0,27.1
45,27.0,27.1,27.1,27.2,27.1,27.0,27.1,26.9,26.9,27.1,27.1,27.0,27.1,27.1,27.0,27.1,27.2,27.1,27.0,27.1,27.2,27.1,27.0,27.1,27.2,27.0,27.1,27.0,27.0,26.9,27.0,26.9,26.9,26.8,26.9,26.9,26.9,26.9,26.9,26.9,26.8,26.7,26.9,26.9,26.9,27.0,27.0,27.0,27.2,27.1,26.9,27.0,27.1,27.1,27.3,27.1,26.9,27.1,27.0,27.0,27.0,27.1,27.0,27.0,26.9,27.0,26.8,26.8,26.9,26.9,26.8,26.9,26.9,27.0,26.7,26.7,26.8,26.7,26.8,26.8,26.9,26.7,26.9,26.8,26.8,26.7,26.8,26.7,26.8,26.8,26.7,26.7,26.8,26.8,26.8,26.8,26.9,27.1,27.1,27.1,27.2,27.1,27.2,27.1,26.9,27.3,27.3,27.5,27.4,27.2,27.3,27.2,26.9,27.0,27.1,26.9,27.2,27.1,27.8,28.0,28.2,28.3,27.8,27.6,27.8,28.7,28.5,27.7,27.4,27.3,27.2,27.3,27.3,27.3,27.3,27.3,27.5,27.4,27.6,27.4,27.5,27.5,27.5,27.3,27.5,27.2,27.3,27.3,27.4,27.3,27.3,27.2,27.3,27.3,27.2,27.3,27.2,27.3,27.1,27.2,27.2,27.3,27.0,27.1,27.3,27.0,27.2,27.1,27.1,27.3,27.1,27.1,27.1,27.2,27.1,27.1,27.2,26.8,27.0,27.0,26.9,26.9,27.1,27.0,26.9,27.1,27.0,27.1,27.1,27.1,26.9,27.1
46,27.1,27.1,27.0,27.2,27.1,27.1,27.0,27.2,27.0,27.0,27.2,27.1,27.1,27.0,27.1,27.1,27.1,27.1,27.0,27.2,27.2,27.1,27.1,27.1,27.1,27.1,27.3,27.2,27.1,26.9,26.9,26.9,26.7,26.8,27.0,27.0,26.9,26.9,26.9,26.9,26.9,26.8,26.9,26.8,27.0,27.0,26.9,27.1,27.1,27.1,27.1,27.0,27.2,27.1,27.1,27.1,27.0,26.9,26.9,26.9,27.1,27.1,26.9,27.0,26.9,26.9,26.8,26.7,26.8,26.8,26.8,26.9,26.9,26.8,26.8,26.8,26.8,26.9,26.8,26.8,26.8,26.9,26.9,26.9,26.9,26.9,27.0,26.9,26.9,26.8,26.9,27.1,26.7,26.9,27.0,27.1,26.8,27.1,27.1,27.1,27.1,27.3,27.2,27.2,27.1,27.1,27.3,27.3,27.2,27.1,27.1,27.0,27.1,27.0,27.1,27.0,27.0,27.3,27.5,28.0,28.2,28.1,27.7,27.6,27.8,28.4,28.1,27.7,27.3,27.2,27.2,27.2,27.3,27.3,27.2,27.3,27.4,27.4,27.5,27.3,27.4,27.4,27.5,27.4,27.2,27.2,27.3,27.3,27.4,27.2,27.2,27.3,27.2,27.2,27.3,27.1,27.1,27.2,27.2,27.2,27.2,27.1,27.3,27.3,27.1,27.3,27.0,26.9,27.1,27.0,27.2,27.1,27.0,27.1,26.9,27.0,27.2,27.1,27.0,27.1,27.0,27.0,26.9,27.0,27.0,27.1,26.9,27.0,27.1,26.9,27.1,26.9
47,26.9,26.9,27.2,27.1,27.1,27.0,27.0,27.1,27.2,27.0,27.2,27.2,27.1,27.0,27.2,27.2,27.1,27.3,27.2,27.3,27.1,27.2,27.2,27.0,27.3,27.3,27.2,27.2,27.1,27.0,27.0,26.9,26.9,26.9,26.9,27.0,27.0,26.8,26.8,26.9,26.9,26.9,26.8,26.9,27.1,26.8,26.9,27.0,27.1,27.1,27.3,27.2,27.2,27.1,26.9,27.2,27.1,27.0,26.9,27.1,27.2,27.1,27.1,27.0,27.0,26.9,26.9,26.9,26.8,26.9,27.0,27.0,27.0,27.0,26.9,26.9,26.8,26.8,26.9,26.8,26.9,26.9,26.9,26.8,27.0,26.8,26.9,27.1,27.0,27.0,27.0,27.0,26.9,27.0,27.0,27.0,27.0,27.2,27.1,27.2,27.3,27.4,27.4,27.3,27.1,27.2,27.1,27.2,27.4,27.2,27.2,27.3,27.1,27.2,27.2,27.1,27.2,27.2,27.5,27.5,27.6,28.0,27.8,27.8,28.0,28.2,27.9,27.6,27.3,27.3,27.3,27.2,27.2,27.5,27.4,27.4,27.5,27.3,27.4,27.4,27.4,27.2,27.3,27.4,27.3,27.4,27.3,27.6,27.3,27.3,27.3,27.2,27.3,27.3,27.3,27.3,27.3,27.1,27.1,27.2,27.1,27.3,27.1,27.2,27.2,27.2,27.3,27.3,27.3,27.0,27.1,27.1,27.1,27.2,27.2,27.1,27.2,27.2,27.1,27.0,27.1,27.1,27.0,27.0,27.0,27.1,27.0,27.2,27.1,27.1,26.9,27.1
48,27.1,27.0,27.1,27.0,27.1,27.1,27.1,27.0,27.0,27.0,27.1,27.1,27.1,27.1,27.1,27.1,27.2,27.1,27.0,27.1,27.1,27.2,27.2,27.0,27.2,27.4,27.1,27.1,27.2,27.0,26.9,26.9,26.8,26.9,26.9,27.0,26.9,26.9,26.9,26.7,26.8,26.8,26.9,26.8,26.9,26.9,26.9,26.9,27.2,27.0,27.1,27.1,27.2,27.2,27.1,27.1,27.1,27.0,26.9,27.0,27.2,27.2,27.1,27.1,26.9,27.0,27.0,27.0,27.0,27.0,27.0,27.1,27.0,27.1,27.0,26.9,26.9,27.0,26.9,27.0,27.0,26.9,26.9,26.9,27.2,27.1,27.1,27.0,26.9,26.9,26.9,26.9,26.8,27.0,26.9,27.3,27.2,27.2,27.6,27.3,27.5,27.6,27.5,27.6,27.5,27.6,27.6,27.7,27.7,27.5,27.5,27.5,27.4,27.4,27.3,27.1,27.1,27.1,27.2,27.3,27.5,27.8,27.7,27.9,27.9,27.6,27.5,27.3,27.1,27.2,27.3,27.3,27.2,27.3,27.3,27.3,27.5,27.4,27.3,27.3,27.3,27.3,27.3,27.3,27.2,27.2,27.3,27.3,27.3,27.3,27.4,27.4,27.2,27.2,27.2,27.2,27.2,27.2,27.2,27.3,27.3,27.1,27.1,27.1,27.3,27.2,27.4,27.0,27.0,27.2,27.3,27.2,27.1,27.1,27.0,27.1,27.1,27.1,27.1,27.1,26.9,27.1,27.0,27.1,27.0,27.0,27.0,27.0,27.1,27.0,27.0,26.9
49,26.9,27.0,27.1,27.1,27.1,26.9,27.0,26.9,26.8,27.0,26.9,27.1,27.1,27.1,27.0,27.2,27.3,27.1,27.2,27.2,27.1,27.2,27.1,27.1,27.1,27.1,27.2,27.1,27.1,26.9,26.9,27.0,26.9,26.8,26.9,26.9,26.7,26.9,26.9,26.8,26.8,26.8,26.8,26.9,26.7,27.0,26.8,27.0,27.1,27.0,27.2,27.2,27.1,27.0,27.0,27.0,27.0,27.0,26.9,27.0,27.1,27.2,27.0,27.0,27.0,27.0,27.1,27.0,26.9,27.0,27.1,27.0,26.9,27.0,27.0,26.9,26.9,27.1,26.9,26.9,27.0,27.1,27.0,27.0,27.3,27.4,27.4,27.1,27.3,26.9,26.9,26.9,26.8,27.1,27.1,27.2,27.5,27.7,27.8,27.8,27.8,27.9,28.0,28.0,28.1,28.0,28.1,27.9,28.1,28.1,28.0,28.1,28.0,27.8,27.6,27.3,27.1,27.2,27.3,27.6,27.6,28.0,28.1,28.2,28.0,27.9,27.7,27.3,27.3,27.1,27.1,27.2,27.3,27.2,27.2,27.3,27.2,27.2,27.3,27.4,27.3,27.5,27.1,27.3,27.3,27.1,27.2,27.1,27.3,27.4,27.3,27.3,27.3,27.3,27.2,27.2,27.3,27.3,27.3,27.2,27.2,27.1,27.2,27.3,27.1,27.4,27.1,27.1,27.1,27.1,27.1,27.2,27.0,26.9,27.0,27.1,27.1,27.1,27.1,27.0,27.3,27.1,27.0,27.0,26.9,27.0,27.0,27.0,26.9,26.9,27.0,27.0
50,26.9,27.0,27.0,27.1,26.9,27.0,27.1,27.1,27.0,27.1,27.0,27.2,27.2,27.1,27.0,27.1,27.2,27.1,27.3,27.1,27.2,27.3,27.2,27.3,27.3,27.3,27.3,27.3,27.1,26.9,27.0,26.7,26.9,26.9,27.0,27.0,27.0,27.0,27.1,26.9,26.9,26.9,26.8,26.9,27.0,27.1,26.9,27.1,27.1,27.1,27.0,27.1,27.1,27.1,26.9,27.0,27.1,27.0,26.9,27.0,27.0,27.0,27.0,27.1,27.0,27.2,27.1,26.9,27.0,27.1,27.1,26.9,27.0,27.1,27.0,27.1,26.9,27.1,27.0,27.2,27.1,27.1,27.2,27.3,27.8,27.6,27.8,27.5,27.2,27.0,26.9,26.8,27.0,27.1,27.3,27.6,28.2,28.4,28.6,28.6,28.8,28.8,28.9,28.8,28.9,28.8,28.8,28.8,28.9,28.6,28.7,28.7,28.8,28.3,27.8,27.5,27.1,27.2,27.4,27.9,28.3,28.6,28.6,28.6,28.5,28.3,28.1,27.6,27.3,27.3,27.3,27.1,27.2,27.3,27.1,27.3,27.4,27.4,27.3,27.5,27.3,27.3,27.3,27.4,27.2,27.3,27.3,27.2,27.1,27.3,27.3,27.3,27.2,27.3,27.1,27.3,27.3,27.3,27.4,27.1,27.1,27.2,27.2,27.3,27.3,27.3,27.3,27.2,27.3,27.2,27.2,27.3,27.0,27.1,27.2,27.0,27.2,27.0,27.1,27.0,27.1,27.0,26.9,27.2,27.0,27.0,27.3,27.1,27.1,27.0,26.9,27.1
51,26.9,27.2,27.1,27.1,27.1,27.1,27.1,27.0,26.9,26.9,27.3,27.1,27.0,27.3,27.3,27.3,27.2,27.3,27.2,27.3,27.3,27.2,27.3,27.3,27.5,27.3,27.1,27.2,27.1,27.0,27.0,27.1,27.1,27.1,27.4,27.0,27.2,27.1,27.1,26.9,26.9,26.9,26.9,27.0,27.1,27.1,27.1,27.1,27.4,27.3,27.2,27.2,27.2,27.1,27.0,27.0,27.1,26.9,26.9,26.9,27.2,27.1,27.0,27.0,27.1,27.1,27.3,26.9,27.1,27.1,26.8,27.1,27.1,27.0,27.0,26.9,27.1,27.1,27.0,27.2,27.1,27.0,27.1,27.3,27.9,28.4,28.5,28.0,27.4,27.1,27.1,27.0,26.9,27.3,27.5,27.9,28.6,29.4,29.3,29.3,29.3,29.7,29.6,29.6,29.6,29.6,29.6,29.4,29.7,29.6,29.6,29.4,29.4,29.0,28.4,27.6,27.2,27.4,27.7,28.5,28.9,28.8,28.3,28.2,28.6,28.7,28.5,28.0,27.5,27.3,27.4,27.1,27.4,27.2,27.2,27.2,27.3,27.2,27.6,27.3,27.3,27.4,27.3,27.4,27.3,27.3,27.3,27.2,27.2,27.3,27.3,27.3,27.4,27.3,27.3,27.1,27.2,27.3,27.3,27.1,27.3,27.1,27.4,27.2,27.3,27.2,27.2,27.1,27.2,27.2,27.1,27.1,27.0,27.1,27.0,27.1,27.2,27.2,27.1,27.0,27.1,27.1,27.1,27.3,26.9,27.0,27.1,26.9,27.1,27.1,27.0,27.1
52,27.0,26.9,27.1,27.1,27.2,27.1,27.1,27.0,27.0,27.0,27.1,27.1,27.2,27.2,27.1,27.0,27.0,27.0,27.1,27.1,27.1,27.3,27.3,27.1,27.2,27.3,27.1,27.2,27.2,27.3,27.2,27.3,27.1,27.1,27.3,27.4,27.4,27.4,27.2,27.1,27.1,27.0,27.1,27.2,27.3,27.3,27.3,27.2,27.5,27.5,27.2,27.2,27.1,27.1,27.0,27.1,27.1,27.0,27.0,27.0,27.0,26.9,26.9,26.9,27.1,27.3,26.9,26.9,27.0,27.1,27.0,27.0,27.0,27.0,26.9,27.0,27.0,27.1,27.2,27.2,27.3,27.2,27.2,27.5,28.0,28.7,28.7,28.1,27.3,26.8,26.9,27.0,27.1,27.2,27.6,28.4,29.2,29.8,29.9,29.9,30.1,30.1,30.2,30.2,30.2,30.1,30.4,30.2,30.3,30.0,29.8,29.7,29.7,29.5,28.7,27.8,27.3,27.5,27.9,28.8,28.9,28.1,27.6,27.6,27.8,28.6,28.8,28.3,27.8,27.3,27.1,27.1,27.2,27.2,27.3,27.2,27.4,27.4,27.3,27.3,27.3,27.4,27.3,27.4,27.4,27.3,27.2,27.2,27.3,27.3,27.2,27.3,27.2,27.2,27.4,27.2,27.1,27.2,27.4,27.2,27.2,27.1,27.1,27.2,27.1,27.1,27.1,27.2,27.2,27.1,27.1,27.1,27.1,27.2,27.2,27.0,27.1,27.2,27.1,27.1,27.1,27.1,27.1,27.1,26.9,26.9,27.1,27.1,27.0,27.1,27.0,26.9
53,27.1,27.0,27.1,27.1,27.2,27.2,27.1,27.1,27.1,27.0,27.1,27.2,27.1,27.1,27.2,27.1,27.3,27.3,27.2,27.3,27.3,27.2,27.1,27.1,27.3,27.3,27.2,27.2,27.3,27.4,27.3,27.6,27.5,27.6,27.6,27.6,28.0,28.2,27.8,27.3,27.2,27.2,27.2,27.4,27.6,27.6,27.5,27.4,27.7,27.8,27.9,27.4,27.2,27.1,27.0,27.0,27.1,26.9,26.9,27.1,27.1,27.0,26.9,27.2,27.0,27.0,26.9,27.1,27.1,27.1,27.1,27.2,27.0,27.0,27.0,26.9,27.0,27.1,27.1,27.3,27.2,27.1,27.2,27.3,27.8,28.3,28.3,28.0,27.3,27.2,26.9,27.0,27.1,27.3,27.7,28.3,29.5,30.0,30.2,30.3,30.4,30.4,30.6,30.2,30.4,30.4,30.4,30.4,30.4,30.2,29.7,29.7,29.7,29.6,29.0,28.0,27.7,27.6,28.1,28.9,28.6,27.9,27.4,27.3,27.6,28.5,29.0,28.6,27.7,27.3,27.3,27.1,27.2,27.3,27.3,27.3,27.5,27.3,27.4,27.2,27.2,27.4,27.4,27.4,27.3,27.2,27.3,27.2,27.2,27.4,27.1,27.2,27.1,27.3,27.3,27.3,27.3,27.1,27.3,27.3,27.2,27.2,27.3,27.1,27.2,27.3,27.2,27.1,27.1,27.2,27.3,27.2,27.1,27.0,27.2,27.0,27.0,27.0,27.1,26.9,27.1,27.1,27.0,27.1,27.1,26.9,27.0,26.9,27.0,27.0,27.1,26.9
54,27.1,26.9,27.1,27.1,27.0,27.1,27.1,27.1,27.1,27.1,27.1,27.2,27.1,27.2,27.3,27.2,27.1,27.3,27.1,27.1,27.3,27.3,27.3,27.2,27.4,27.3,27.2,27.3,27.3,27.5,27.5,27.9,28.0,28.0,27.8,27.5,28.0,28.3,28.2,27.6,27.3,27.4,27.2,27.5,28.0,27.9,27.6,27.5,27.5,27.8,28.1,27.8,27.3,27.1,26.9,26.9,27.0,27.0,27.1,27.0,27.1,27.1,27.1,27.0,27.0,27.0,27.1,27.0,27.0,27.0,26.9,27.1,27.0,27.1,26.8,26.9,26.9,27.1,27.0,27.2,27.2,27.4,27.3,27.3,27.3,27.7,28.0,27.6,27.1,27.1,27.0,27.0,27.1,27.2,27.8,28.3,29.5,30.1,30.2,30.3,30.4,30.4,30.4,30.6,30.4,30.4,30.4,30.5,30.5,30.0,29.7,29.6,29.9,29.9,29.0,28.2,27.6,27.6,28.0,28.7,28.5,28.2,27.6,27.5,27.7,28.3,29.0,28.6,27.7,27.2,27.0,27.2,27.2,27.2,27.3,27.2,27.3,27.3,27.6,27.4,27.4,27.4,27.4,27.2,27.3,27.3,27.3,27.5,27.3,27.3,27.3,27.4,27.3,27.4,27.2,27.2,27.3,27.2,27.2,27.2,27.2,27.2,27.3,27.1,27.2,27.2,27.3,27.3,27.2,27.4,27.1,27.1,27.1,27.1,27.1,27.1,26.9,27.1,27.1,27.1,27.0,27.0,27.1,27.1,27.0,27.1,27.0,27.0,27.1,27.0,26.9,26.9
55,27.0,27.0,27.1,27.1,27.3,26.9,27.2,27.1,27.1,27.1,27.3,27.1,27.3,27.3,27.3,27.3,27.1,27.2,27.2,27.3,27.0,27.4,27.2,27.3,27.3,27.3,27.2,27.3,27.2,27.3,27.7,27.9,28.0,27.9,27.7,27.6,27.8,28.1,28.3,27.9,27.4,27.3,27.4,27.7,28.0,28.2,27.8,27.5,27.6,27.8,27.9,28.0,27.5,27.3,27.1,27.1,27.1,27.1,27.1,27.1,27.0,27.1,27.0,27.1,26.9,27.1,27.1,27.0,27.1,27.1,27.1,27.1,27.2,27.0,27.0,26.9,27.0,27.1,27.0,27.1,27.2,27.0,27.1,27.2,27.1,27.1,27.3,27.3,27.1,27.3,27.1,27.1,27.1,27.3,27.9,28.5,29.5,30.1,30.3,30.3,30.4,30.5,30.6,30.5,30.6,30.5,30.4,30.3,30.3,30.4,30.1,29.9,30.1,29.7,29.0,28.3,27.6,27.5,27.7,28.3,28.3,28.1,27.9,27.8,28.1,28.6,28.9,28.0,27.4,27.3,27.2,27.2,27.3,27.4,27.3,27.3,27.2,27.4,27.5,27.3,27.2,27.5,27.3,27.4,27.4,27.4,27.3,27.3,27.2,27.3,27.3,27.3,27.4,27.3,27.1,27.2,27.2,27.1,27.2,27.3,27.4,27.1,27.2,27.2,27.3,27.2,27.2,27.0,27.3,27.1,27.1,27.2,27.0,27.0,27.2,27.2,27.2,27.0,27.1,27.1,27.2,26.9,26.9,27.1,27.2,26.9,27.1,27.1,27.1,27.1,27.0,27.1
56,27.0,27.1,27.2,27.0,27.1,27.1,27.2,27.1,27.2,27.1,27.1,27.2,27.4,27.3,27.2,27.1,27.2,27.2,27.1,27.2,27.2,27.3,27.2,27.3,27.3,27.2,27.4,27.4,27.2,27.4,27.6,28.1,28.1,27.7,27.5,27.5,27.7,27.9,28.2,28.1,27.5,27.3,27.4,27.5,28.0,28.1,27.8,27.7,27.5,27.7,27.9,27.7,27.5,27.4,27.1,27.1,27.2,27.0,27.0,26.9,27.0,27.0,27.2,27.1,27.1,27.2,27.0,27.0,27.0,27.0,26.9,27.0,27.2,27.0,27.1,26.9,27.0,27.0,26.9,27.1,27.2,26.9,27.1,27.0,27.1,27.1,27.2,27.3,27.1,26.9,27.1,27.1,27.1,27.5,27.8,28.3,29.5,30.2,30.4,30.4,30.4,30.5,30.5,30.4,30.4,30.6,30.5,30.4,30.4,30.3,30.2,30.2,30.2,29.7,29.1,28.2,27.6,27.3,27.3,27.8,28.3,28.1,27.8,27.9,28.2,28.4,28.3,27.6,27.2,27.2,27.2,27.2,27.2,27.2,27.3,27.3,27.3,27.3,27.4,27.3,27.3,27.5,27.4,27.4,27.4,27.2,27.4,27.3,27.4,27.2,27.4,27.3,27.3,27.3,27.3,27.2,27.3,27.2,27.3,27.3,27.3,27.1,27.1,27.2,27.2,27.4,27.1,27.2,27.2,27.3,27.3,27.2,27.0,27.1,27.2,27.2,27.1,27.1,27.1,27.0,27.2,26.9,27.1,27.0,27.0,26.9,26.9,26.9,26.9,27.1,26.9,26.9
57,27.1,27.1,27.1,27.2,27.2,27.2,27.1,27.0,27.1,27.0,27.0,27.5,27.3,27.2,27.2,27.4,27.1,27.3,27.2,27.2,27.3,27.3,27.4,27.4,27.5,27.4,27.3,27.3,27.4,27.4,27.8,28.1,28.4,27.8,27.6,27.7,27.8,28.0,28.2,28.2,27.8,27.5,27.5,27.4,27.6,27.8,27.8,27.6,27.8,27.7,27.6,27.5,27.3,27.2,27.1,27.0,27.0,27.0,26.9,27.0,27.1,27.1,26.9,27.1,27.0,26.9,27.0,27.0,27.1,27.1,27.0,27.1,27.1,27.1,27.1,27.0,27.1,27.0,27.0,27.0,27.1,27.1,27.1,27.1,27.1,27.1,27.1,27.2,27.2,27.1,26.9,27.0,27.1,27.4,27.7,28.4,29.3,30.2,30.4,30.3,30.3,30.3,30.4,30.4,30.5,30.4,30.3,30.3,30.2,30.2,30.3,30.2,30.1,29.9,29.2,28.1,27.6,27.4,27.3,27.2,27.6,27.8,27.6,27.8,28.0,27.9,27.6,27.2,27.0,27.3,27.2,27.1,27.2,27.3,27.3,27.4,27.3,27.4,27.3,27.4,27.4,27.3,27.4,27.4,27.3,27.4,27.4,27.4,27.3,27.5,27.3,27.4,27.3,27.3,27.2,27.3,27.3,27.2,27.2,27.3,27.3,27.3,27.3,26.9,27.2,27.3,27.2,27.1,27.3,27.1,27.2,27.2,27.1,27.2,27.2,27.1,27.1,27.2,27.3,27.1,27.2,27.1,27.1,27.2,27.1,26.9,27.0,27.1,27.1,27.0,27.0,27.0
58,27.0,27.0,27.3,27.3,27.1,27.3,27.2,27.1,27.1,27.2,27.1,27.3,27.3,27.1,27.2,27.2,27.1,27.1,27.3,27.3,27.4,27.6,27.5,27.4,27.7,27.4,27.5,27.6,27.6,27.7,27.8,28.2,28.5,28.2,27.9,27.9,27.6,28.0,28.2,28.1,27.6,27.8,27.5,27.3,27.3,27.5,27.3,27.3,27.2,27.2,27.2,27.2,27.1,27.2,26.9,26.9,27.0,27.0,26.9,27.0,27.0,26.9,27.0,27.0,27.0,27.0,27.1,27.0,26.9,27.1,26.9,27.1,27.2,27.1,27.0,26.9,27.1,27.0,27.0,26.9,26.8,27.0,26.9,27.1,27.1,27.0,27.0,27.1,27.0,27.1,27.0,27.0,27.1,27.4,27.8,28.3,29.5,30.1,30.4,30.2,30.2,30.4,30.4,30.3,30.2,30.5,30.3,30.3,30.3,30.2,30.3,30.2,30.1,29.9,29.2,28.3,27.7,27.3,27.2,27.2,27.1,27.1,27.1,27.3,27.3,27.1,26.9,26.9,26.9,27.1,27.0,27.1,27.3,27.2,27.3,27.3,27.3,27.3,27.4,27.3,27.3,27.3,27.5,27.3,27.5,27.4,27.4,27.5,27.4,27.4,27.3,27.3,27.3,27.3,27.3,27.2,27.3,27.1,27.2,27.3,27.2,27.3,27.3,27.2,27.3,27.2,27.1,27.2,27.1,27.2,27.3,27.3,27.1,27.2,27.1,27.1,27.1,27.1,27.1,27.1,27.1,27.1,27.1,27.0,27.0,27.0,27.0,27.1,27.1,27.0,27.0,26.9
59,27.1,27.1,27.1,27.2,27.3,27.3,27.3,27.2,27.1,27.2,27.2,27.4,27.4,27.3,27.3,27.4,27.3,27.5,27.3,27.4,27.5,27.7,27.9,27.9,28.1,28.0,28.1,28.0,28.0,28.2,28.1,28.3,28.6,28.4,28.3,28.2,28.0,28.0,28.1,28.2,28.1,28.1,27.9,27.5,27.4,27.1,27.1,27.0,27.2,27.2,27.2,27.0,27.1,27.1,27.1,26.8,27.0,27.1,27.1,27.1,26.9,27.1,27.0,27.1,26.9,27.0,27.0,26.9,26.8,26.9,26.9,26.9,27.1,26.9,27.0,27.0,27.0,26.9,27.1,27.0,27.0,27.0,27.1,27.0,27.0,27.0,27.0,27.1,27.1,27.1,27.1,27.1,27.3,27.5,27.7,28.3,29.5,30.0,30.3,30.3,30.4,30.3,30.3,30.4,30.3,30.3,30.4,30.4,30.3,30.3,30.2,30.1,30.2,30.0,29.1,28.3,27.8,27.4,27.2,27.0,26.9,26.9,26.9,26.9,26.7,26.8,26.8,26.8,27.0,26.8,27.1,27.0,27.2,27.3,27.2,27.2,27.2,27.2,27.4,27.4,27.3,27.2,27.4,27.4,27.4,27.2,27.4,27.4,27.3,27.4,27.3,27.2,27.4,27.4,27.3,27.3,27.2,27.2,27.2,27.3,27.2,27.3,27.2,27.2,27.4,27.3,27.3,27.1,27.2,27.1,27.1,27.2,27.1,27.0,27.1,27.1,27.1,27.1,27.1,27.0,27.1,27.2,27.2,27.3,26.8,26.9,27.1,27.2,27.0,27.1,27.0,27.1
60,27.2,27.3,27.3,27.1,27.3,27.3,27.1,27.3,27.3,27.1,27.3,27.4,27.2,27.2,27.3,27.3,27.2,27.4,27.3,27.5,27.6,27.8,28.1,28.2,28.3,28.6,28.5,28.6,28.6,28.7,28.6,28.8,28.9,28.8,28.8,28.7,28.4,28.2,27.9,28.1,28.0,28.2,28.1,27.6,27.4,27.2,27.1,27.1,27.2,27.0,27.1,27.1,27.1,26.9,27.1,26.9,27.1,26.9,27.0,26.9,27.0,27.0,26.9,26.9,27.1,27.1,27.0,26.9,26.9,27.1,27.0,27.1,26.9,27.1,26.9,27.0,26.9,27.0,26.8,26.9,26.9,26.9,27.1,26.9,27.1,27.0,26.9,27.1,27.0,26.8,26.8,27.1,27.1,27.3,27.7,28.3,29.4,29.9,30.1,30.2,30.2,30.4,30.3,30.3,30.2,30.2,30.4,30.4,30.2,30.4,30.1,30.2,30.0,29.8,29.1,28.4,27.7,27.2,27.1,26.9,26.8,26.8,26.9,26.8,26.7,26.6,26.4,26.7,26.9,27.2,27.1,27.1,27.2,27.3,27.1,27.3,27.4,27.2,27.4,27.3,27.3,27.4,27.3,27.3,27.4,27.4,27.2,27.4,27.3,27.4,27.4,27.2,27.3,27.3,27.3,27.2,27.3,27.2,27.3,27.2,27.3,27.2,27.2,27.3,27.1,27.2,27.3,27.3,27.1,27.2,27.1,27.1,26.9,27.1,27.2,27.0,27.1,27.2,27.1,27.1,27.1,27.2,27.1,27.1,27.1,27.0,27.1,27.1,27.0,27.1,27.0,27.1
61,27.1,27.1,27.2,27.1,27.3,27.2,27.3,27.3,27.3,27.2,27.3,27.4,27.3,27.4,27.4,27.4,27.3,27.5,27.6,27.5,27.5,27.8,28.3,28.7,29.0,29.0,28.8,28.9,29.1,29.0,29.0,28.9,29.0,29.1,29.1,29.0,28.7,28.5,28.0,28.1,28.0,28.0,27.8,27.6,27.3,27.3,27.1,27.0,27.2,27.2,27.1,27.1,27.1,27.1,27.1,27.0,27.3,27.1,27.1,26.9,27.0,27.1,26.9,26.9,27.0,27.1,27.0,26.9,27.2,26.9,27.0,26.9,26.9,27.1,26.8,26.9,27.0,27.1,27.1,26.9,26.9,27.0,27.0,27.0,27.0,27.0,27.0,26.9,27.0,27.1,27.0,27.0,27.1,27.4,27.6,28.5,29.3,29.9,30.1,30.2,30.2,30.2,30.2,30.2,30.2,30.2,30.0,30.2,30.3,30.3,30.3,30.3,30.1,29.9,29.2,28.3,27.7,27.3,27.1,27.0,26.6,26.9,26.8,26.8,26.8,26.9,26.6,26.9,26.8,27.0,27.2,27.1,27.3,27.2,27.2,27.4,27.3,27.3,27.4,27.3,27.4,27.5,27.5,27.3,27.4,27.3,27.3,27.3,27.4,27.4,27.3,27.3,27.5,27.4,27.3,27.3,27.4,27.4,27.4,27.2,27.4,27.3,27.3,27.2,27.4,27.2,27.1,27.3,27.3,27.3,27.3,27.1,27.2,27.3,27.3,27.1,27.1,27.2,27.1,27.2,27.1,27.3,27.2,27.2,27.1,27.1,27.0,26.9,27.1,27.0,27.0,26.9
62,27.3,27.2,27.2,27.1,27.1,27.1,27.1,27.3,27.3,27.3,27.3,27.2,27.2,27.3,27.3,27.4,27.4,27.5,27.5,27.5,27.4,27.9,28.4,28.8,29.0,29.0,29.1,28.8,28.8,28.8,28.8,28.6,28.8,28.8,29.0,29.0,29.0,28.7,28.4,28.5,28.1,27.9,27.5,27.2,27.2,27.1,27.2,27.1,27.1,27.1,27.1,27.0,27.1,27.1,27.1,26.9,27.0,26.9,27.1,27.0,27.0,27.0,27.1,27.1,27.2,27.1,27.1,26.9,27.0,27.0,26.9,27.1,27.0,26.9,26.9,26.9,26.9,27.1,27.1,27.0,27.0,26.9,27.0,27.1,27.1,26.9,26.8,27.1,27.0,27.0,27.1,27.1,27.1,27.3,27.9,28.3,29.2,29.8,30.1,30.2,30.4,30.3,30.2,30.3,30.0,30.2,30.2,30.4,30.3,30.1,30.2,30.0,30.1,29.8,29.5,28.3,27.8,27.3,27.0,26.7,26.7,26.6,26.7,26.7,26.7,26.7,26.6,26.7,26.8,26.7,27.1,27.1,27.0,27.4,27.2,27.3,27.3,27.2,27.4,27.4,27.4,27.3,27.3,27.3,27.3,27.4,27.5,27.5,27.4,27.4,27.5,27.4,27.4,27.3,27.3,27.2,27.3,27.2,27.2,27.3,27.2,27.3,27.3,27.2,27.1,27.2,27.1,27.2,27.3,27.2,27.3,27.3,27.1,27.1,27.1,27.2,27.1,27.1,27.2,27.1,27.1,27.2,27.0,26.9,27.0,27.1,27.1,26.9,26.9,27.1,26.9,27.1
63,27.1,27.2,27.2,27.0,27.3,27.3,27.2,27.2,27.1,27.3,27.4,27.3,27.4,27.3,27.3,27.6,27.3,27.5,27.2,27.4,27.7,27.9,28.4,28.9,29.3,29.1,28.9,28.9,28.8,28.6,28.5,28.6,28.5,28.6,29.0,29.1,29.1,29.1,28.9,28.8,28.5,28.0,27.3,27.1,27.1,27.1,27.2,27.0,27.1,27.0,27.2,27.1,26.9,27.0,27.0,26.9,27.1,26.9,27.0,27.1,27.0,26.9,26.9,26.9,26.9,26.9,27.1,26.9,26.9,26.8,26.8,27.0,27.0,27.0,27.0,26.8,26.9,26.9,26.9,27.0,27.0,26.9,27.0,27.0,26.9,27.0,26.9,27.0,27.1,26.9,26.9,26.9,26.9,27.3,27.8,28.3,29.1,30.0,30.2,30.2,30.4,30.3,30.3,30.3,30.3,30.3,30.3,30.2,30.2,30.2,30.2,30.2,30.1,29.9,29.3,28.3,27.7,27.4,27.0,26.6,26.8,26.7,26.7,26.8,26.5,26.7,26.6,26.7,26.7,26.9,26.9,27.0,27.1,27.2,27.2,27.3,27.3,27.3,27.4,27.3,27.3,27.3,27.5,27.3,27.5,27.4,27.3,27.5,27.5,27.3,27.3,27.4,27.3,27.4,27.3,27.3,27.3,27.2,27.4,27.3,27.4,27.2,27.3,27.3,27.4,27.3,27.3,27.1,27.2,27.2,27.5,27.2,27.1,27.2,27.3,27.1,27.0,27.0,27.0,27.1,27.3,27.1,27.1,27.2,27.0,27.0,27.1,27.2,27.0,26.9,26.9,27.1
64,27.3,27.3,27.2,27.3,27.2,27.3,27.3,27.2,27.3,27.3,27.4,27.4,27.3,27.4,27.5,27.6,27.6,27.6,27.5,27.6,27.8,28.1,28.6,29.0,29.3,29.3,29.0,29.0,28.8,28.6,28.4,28.3,28.1,28.3,28.4,29.0,29.1,29.1,29.2,29.0,28.5,27.9,27.3,27.1,27.1,27.0,27.1,27.1,27.1,27.1,27.0,27.0,27.1,27.1,27.0,27.0,26.9,27.1,26.9,26.9,27.0,27.0,27.0,27.1,27.1,27.0,26.9,26.9,27.0,26.9,27.0,27.1,27.0,27.1,26.9,26.9,26.8,27.1,27.0,26.9,27.0,26.9,27.1,26.9,27.0,27.1,26.8,27.0,26.8,27.0,26.9,27.0,27.1,27.3,27.6,28.3,29.0,29.7,30.2,30.3,30.4,30.3,30.3,30.2,30.3,30.3,30.2,30.1,30.2,30.1,30.1,30.0,29.9,29.8,29.3,28.6,27.8,27.3,27.3,26.8,26.7,26.6,26.7,26.7,26.6,26.4,26.7,26.8,26.5,27.0,27.1,27.1,27.3,27.1,27.3,27.2,27.4,27.3,27.5,27.3,27.2,27.3,27.4,27.3,27.6,27.5,27.4,27.3,27.4,27.5,27.4,27.5,27.3,27.4,27.3,27.3,27.4,27.3,27.3,27.3,27.3,27.4,27.2,27.2,27.3,27.1,27.2,27.2,27.3,27.4,27.3,27.3,27.2,27.3,27.2,27.2,27.0,27.1,27.1,27.3,27.1,27.0,27.0,27.1,27.1,27.1,27.1,27.1,27.1,27.2,27.1,27.1
65,27.3,27.1,27.2,27.2,27.1,27.3,27.3,27.4,27.3,27.2,27.3,27.3,27.6,27.4,27.5,27.6,27.5,27.6,27.5,27.6,27.8,28.2,28.6,28.8,29.3,29.2,29.1,29.0,29.1,29.0,28.7,28.6,28.5,28.4,28.3,28.8,29.2,29.2,29.3,29.0,28.6,28.0,27.2,27.2,27.0,27.1,27.0,27.1,27.1,27.0,27.0,27.0,27.0,27.0,27.0,27.1,27.1,27.2,27.0,27.0,27.1,26.9,27.0,27.1,27.1,27.0,26.9,26.9,26.9,27.0,27.0,27.1,27.0,27.0,27.1,26.8,26.9,27.0,26.9,27.0,26.9,27.0,26.9,27.1,27.0,26.9,27.0,27.0,26.9,26.9,27.1,27.0,26.9,27.4,27.6,28.2,29.0,29.6,30.0,30.2,30.3,30.2,30.2,30.3,30.1,30.1,30.3,30.2,30.2,30.0,30.0,30.2,30.1,29.8,29.3,28.5,27.7,27.3,27.2,26.8,26.9,26.9,26.9,26.9,26.7,26.6,26.8,26.6,26.8,26.9,26.9,27.1,27.2,27.3,27.2,27.3,27.1,27.5,27.6,27.4,27.3,27.5,27.3,27.5,27.3,27.2,27.4,27.4,27.5,27.6,27.5,27.2,27.3,27.5,27.4,27.2,27.3,27.3,27.3,27.3,27.4,27.3,27.3,27.3,27.5,27.4,27.3,27.2,27.2,27.3,27.3,27.3,27.2,27.3,27.2,27.2,27.2,27.3,27.1,27.1,27.3,27.2,27.0,27.1,27.1,27.1,27.2,27.1,27.1,27.1,27.0,27.1
66,27.2,27.2,27.3,27.1,27.3,27.2,27.3,27.4,27.3,27.2,27.3,27.4,27.5,27.4,27.4,27.5,27.5,27.6,27.5,27.7,27.8,28.1,28.6,29.0,29.1,29.2,29.0,29.1,28.9,28.9,28.9,28.9,28.9,28.7,28.6,28.8,29.2,29.3,29.1,29.0,28.6,28.1,27.4,27.3,27.2,27.3,27.1,27.0,27.1,27.1,27.1,27.0,26.9,26.9,27.0,27.0,27.1,27.0,27.0,27.1,26.9,27.1,27.0,27.0,26.9,27.0,26.9,27.0,27.0,26.9,26.9,27.0,26.8,26.8,26.9,26.9,26.9,27.0,27.0,26.9,26.8,27.0,27.0,27.1,27.0,26.9,27.0,26.9,27.0,27.0,26.8,26.9,27.0,27.3,27.5,28.0,28.7,29.3,29.7,29.7,30.0,29.9,30.1,30.0,30.0,29.9,29.9,30.0,29.9,29.9,29.7,29.9,30.0,29.7,29.1,28.2,27.5,27.5,27.1,26.7,26.7,26.7,26.8,26.8,26.6,26.6,26.5,26.6,26.8,26.8,27.0,27.0,27.1,27.1,27.1,27.2,27.3,27.3,27.4,27.4,27.3,27.3,27.5,27.5,27.4,27.3,27.3,27.4,27.4,27.5,27.3,27.4,27.4,27.4,27.2,27.4,27.2,27.4,27.3,27.2,27.3,27.1,27.3,27.1,27.3,27.4,27.3,27.2,27.3,27.3,27.3,27.2,27.2,27.2,27.1,27.1,27.3,27.2,27.0,27.0,27.2,27.0,27.1,27.2,27.0,27.0,27.1,27.0,27.2,27.0,26.9,27.0
67,27.3,27.3,27.3,27.3,27.2,27.4,27.3,27.3,27.4,27.5,27.4,27.5,27.5,27.5,27.5,27.6,27.6,27.6,27.6,27.7,27.8,28.2,28.6,29.1,29.2,29.2,29.1,28.9,28.8,28.8,28.8,28.8,29.0,28.9,29.0,29.0,29.2,29.2,29.2,29.0,28.6,27.9,27.5,27.1,27.2,27.3,27.1,27.1,27.1,27.1,27.2,27.1,27.0,27.0,27.0,27.0,27.0,27.0,26.9,26.9,27.2,27.2,27.1,27.0,27.0,27.2,27.0,27.0,27.1,26.9,26.9,26.9,27.1,27.0,26.7,26.9,27.0,27.0,26.9,27.1,27.0,27.0,26.9,27.1,26.9,27.0,26.9,26.9,27.0,26.9,26.7,27.1,27.0,27.1,27.6,28.0,28.3,28.8,29.0,29.2,29.3,29.4,29.4,29.5,29.3,29.4,29.4,29.2,29.3,29.4,29.3,29.3,29.2,29.1,28.7,28.0,27.6,27.2,27.1,26.8,26.7,26.7,26.7,26.7,26.6,26.6,26.8,26.7,26.8,26.7,26.9,27.0,27.2,27.3,27.1,27.3,27.4,27.3,27.3,27.4,27.3,27.4,27.4,27.5,27.4,27.5,27.4,27.3,27.4,27.4,27.5,27.4,27.3,27.3,27.5,27.4,27.5,27.3,27.3,27.3,27.4,27.2,27.3,27.3,27.3,27.2,27.3,27.3,27.4,27.2,27.1,27.2,27.1,27.1,27.2,27.1,27.1,27.2,27.3,26.9,27.1,27.1,27.2,27.1,27.1,27.0,27.1,27.1,27.2,27.1,27.0,26.9
68,27.2,27.3,27.2,27.4,27.4,27.3,27.3,27.3,27.4,27.4,27.3,27.5,27.6,27.6,27.4,27.5,27.7,27.6,27.6,27.6,27.9,28.2,28.6,28.9,29.3,29.4,29.0,29.0,29.0,29.0,29.3,29.3,29.2,29.2,29.3,29.4,29.4,29.3,29.2,29.0,28.8,27.9,27.5,27.3,27.2,27.3,27.3,27.3,27.0,27.0,27.1,27.2,27.1,27.1,27.0,27.1,27.1,27.1,27.1,27.2,27.2,27.1,27.0,27.2,27.1,27.0,27.0,27.0,27.1,27.1,27.0,26.9,26.9,27.1,27.0,27.0,26.9,26.9,27.1,26.9,26.9,27.0,27.0,27.0,27.1,27.0,27.1,26.9,27.1,27.0,26.9,26.9,26.9,27.2,27.3,27.6,28.0,28.4,28.7,28.6,28.7,28.7,28.7,28.7,28.8,28.7,28.8,28.6,28.7,28.7,28.6,28.7,28.5,28.6,28.2,27.7,27.3,27.3,27.0,26.8,26.7,26.7,26.6,26.7,26.6,26.4,26.5,26.5,26.6,26.7,26.9,27.1,27.1,27.3,27.2,27.2,27.3,27.1,27.4,27.5,27.5,27.5,27.3,27.4,27.5,27.3,27.4,27.4,27.5,27.4,27.5,27.4,27.4,27.4,27.3,27.4,27.2,27.4,27.4,27.3,27.4,27.5,27.4,27.3,27.2,27.3,27.4,27.3,27.3,27.3,27.2,27.1,27.1,27.2,27.2,27.1,27.2,27.2,27.1,27.3,27.1,27.3,27.1,27.2,27.2,26.9,27.1,27.2,27.1,27.0,27.3,27.0
69,27.2,27.3,27.3,27.3,27.4,27.3,27.4,27.5,27.4,27.3,27.4,27.5,27.5,27.4,27.6,27.7,27.4,27.7,27.6,27.6,28.0,28.1,28.8,29.1,29.4,29.4,29.3,29.2,29.1,29.2,29.3,29.2,29.2,29.2,29.2,29.3,29.1,29.4,29.2,28.9,28.6,28.0,27.4,27.3,27.3,27.4,27.2,27.1,27.2,27.1,27.1,26.9,27.2,27.0,27.0,27.0,27.0,27.1,27.0,27.1,27.1,27.0,27.0,26.9,26.9,26.9,26.9,26.9,26.9,26.9,26.8,26.9,26.9,27.0,27.0,26.9,26.8,26.9,26.9,26.8,26.9,26.9,27.0,26.9,26.9,26.9,26.9,26.9,26.8,26.9,26.9,27.0,26.9,27.1,27.1,27.2,27.5,27.6,27.7,27.8,27.8,27.8,27.9,27.8,27.8,27.7,27.8,27.8,27.6,27.8,27.6,27.9,27.8,27.6,27.6,27.3,27.1,27.0,26.7,27.0,26.6,26.7,26.6,26.6,26.6,26.5,26.5,26.4,26.7,26.7,26.9,27.0,27.2,27.1,27.0,27.2,27.3,27.2,27.3,27.3,27.3,27.4,27.6,27.4,27.5,27.5,27.3,27.5,27.3,27.5,27.5,27.5,27.4,27.2,27.3,27.3,27.3,27.3,27.4,27.4,27.2,27.3,27.3,27.5,27.2,27.3,27.2,27.2,27.3,27.3,27.2,27.2,27.0,27.2,27.3,27.1,27.1,27.1,27.0,27.1,27.3,27.2,27.0,27.1,27.1,27.1,27.1,27.1,27.1,26.9,26.9,27.0
70,27.3,27.1,27.5,27.2,27.2,27.3,27.2,27.4,27.4,27.4,27.5,27.4,27.6,27.5,27.6,27.6,27.6,27.6,27.6,27.7,27.9,28.4,28.8,29.1,29.2,29.4,29.3,29.2,29.2,29.2,29.4,29.4,29.2,29.2,29.2,29.3,29.2,29.2,29.2,28.9,28.5,28.0,27.2,27.2,27.1,27.3,27.1,27.1,27.1,27.1,26.9,26.9,26.9,27.1,27.0,26.9,27.1,26.9,27.1,27.1,27.1,27.1,27.0,27.0,27.0,27.1,27.0,27.1,26.8,27.0,26.9,26.9,27.0,26.9,27.1,26.9,26.8,27.0,27.0,27.0,27.0,27.1,27.0,26.9,26.9,26.8,26.8,26.8,27.0,26.9,26.9,27.1,26.9,27.0,26.9,27.0,27.1,27.3,27.3,27.4,27.5,27.4,27.4,27.5,27.4,27.5,27.4,27.5,27.4,27.4,27.5,27.3,27.4,27.3,27.2,27.2,27.1,27.1,27.0,26.7,26.7,26.7,26.7,26.7,26.6,26.7,26.5,26.6,26.9,27.0,27.0,27.1,27.1,27.2,27.2,27.1,27.3,27.3,27.4,27.5,27.4,27.3,27.6,27.6,27.4,27.5,27.3,27.4,27.5,27.4,27.5,27.4,27.3,27.4,27.2,27.3,27.3,27.3,27.4,27.3,27.3,27.3,27.2,27.3,27.3,27.3,27.5,27.2,27.2,27.2,27.2,27.3,27.0,27.2,27.2,27.1,27.1,27.2,27.1,27.0,27.1,27.2,27.0,27.1,27.1,26.9,27.0,27.1,27.3,27.1,26.9,27.1
71,27.2,27.3,27.4,27.5,27.4,27.5,27.3,27.4,27.5,27.5,27.5,27.4,27.6,27.5,27.6,27.6,27.7,27.6,27.6,27.9,28.1,28.4,28.9,29.1,29.5,29.3,29.2,29.3,29.4,29.3,29.4,29.3,29.2,29.2,29.2,29.4,29.4,29.3,29.2,28.9,28.3,28.0,27.3,27.2,27.3,27.3,27.4,27.1,27.1,27.0,27.0,27.0,27.0,27.1,27.0,27.1,27.1,27.0,27.1,27.1,27.0,27.1,27.0,27.0,26.9,27.0,26.9,27.0,27.0,26.9,27.0,27.0,26.9,27.0,27.0,26.8,27.0,26.8,26.9,26.8,26.9,27.1,26.9,26.9,27.1,27.0,26.9,27.0,26.9,26.9,26.9,26.8,26.9,27.0,26.9,26.9,27.2,27.1,27.2,27.3,27.3,27.3,27.4,27.3,27.3,27.2,27.3,27.3,27.1,27.3,27.1,27.3,27.3,27.3,27.1,27.1,27.2,27.2,27.0,26.8,26.5,26.6,26.7,26.6,26.8,26.7,26.5,26.8,26.9,26.8,27.0,27.0,27.2,27.2,27.2,27.2,27.3,27.3,27.5,27.4,27.5,27.5,27.4,27.4,27.6,27.4,27.5,27.3,27.6,27.4,27.5,27.5,27.3,27.4,27.5,27.3,27.3,27.4,27.3,27.3,27.3,27.4,27.2,27.3,27.3,27.4,27.2,27.3,27.3,27.3,27.5,27.2,27.1,27.1,27.1,27.2,27.3,27.2,27.2,27.1,27.1,27.2,27.0,27.1,27.1,27.1,27.2,27.1,27.2,27.1,27.2,27.1
72,27.3,27.1,27.3,27.3,27.4,27.5,27.4,27.4,27.5,27.5,27.4,27.6,27.6,27.6,27.6,27.8,27.5,27.6,27.8,27.8,28.0,28.2,28.7,29.1,29.3,29.2,29.4,29.4,29.2,29.3,29.4,29.4,29.2,29.3,29.3,29.3,29.3,29.3,29.2,28.9,28.4,27.9,27.3,27.4,27.3,27.2,27.2,27.1,27.1,26.9,27.1,27.0,27.0,27.0,27.0,27.1,27.1,26.9,27.0,27.1,26.9,27.0,27.1,27.1,26.9,27.1,26.9,26.8,27.1,27.1,26.9,26.9,27.1,26.9,27.0,27.0,27.1,26.8,26.9,26.9,27.0,27.0,26.9,27.0,26.9,27.0,27.0,27.0,26.9,26.9,26.9,27.0,26.7,27.0,26.9,27.0,27.1,27.0,27.2,27.1,27.2,27.1,27.0,27.1,27.1,27.3,27.4,27.3,27.2,27.2,27.1,27.2,27.1,27.0,27.1,27.1,27.2,27.1,27.1,26.9,26.5,26.5,26.6,26.7,26.7,26.6,26.4,26.5,26.7,26.6,26.9,27.0,27.1,26.9,27.1,27.2,27.1,27.3,27.3,27.3,27.4,27.4,27.5,27.4,27.4,27.4,27.3,27.3,27.5,27.2,27.3,27.4,27.3,27.4,27.3,27.5,27.4,27.3,27.4,27.5,27.2,27.3,27.4,27.2,27.5,27.3,27.4,27.2,27.3,27.2,27.2,27.2,27.2,27.1,27.2,27.1,27.2,27.2,27.0,27.1,27.1,27.1,27.1,27.1,27.1,27.2,27.2,27.1,27.0,26.9,26.9,27.0
73,27.5,27.6,27.4,27.4,27.5,27.5,27.4,27.5,27.5,27.5,27.4,27.5,27.6,27.6,27.5,27.7,27.7,27.8,27.6,27.8,28.1,28.4,28.6,29.1,29.2,29.3,29.2,29.2,29.3,29.5,29.3,29.4,29.5,29.3,29.3,29.2,29.4,29.2,29.1,28.9,28.5,28.0,27.4,27.3,27.4,27.3,27.2,27.1,27.2,27.1,27.1,27.0,27.1,26.9,27.3,26.8,27.0,27.1,27.0,27.0,27.2,27.0,27.0,27.0,27.0,27.1,26.9,26.9,27.0,26.8,26.9,26.9,27.0,27.0,26.8,26.9,26.9,27.1,26.9,26.9,26.9,26.9,27.0,27.0,26.8,26.9,27.0,27.1,26.9,26.9,27.0,27.0,26.8,26.8,26.9,27.1,26.8,26.9,27.0,27.1,27.0,27.0,26.9,27.1,27.3,27.4,27.6,27.5,27.6,27.4,27.3,27.2,27.0,27.0,27.1,27.2,27.4,27.4,27.2,26.8,26.7,26.7,26.7,26.7,26.6,26.6,26.3,26.5,26.7,26.9,27.1,27.0,27.0,27.3,27.3,27.1,27.3,27.2,27.3,27.3,27.3,27.5,27.5,27.5,27.5,27.3,27.5,27.3,27.6,27.4,27.5,27.4,27.4,27.4,27.4,27.5,27.5,27.3,27.4,27.4,27.3,27.3,27.4,27.4,27.5,27.4,27.3,27.3,27.3,27.3,27.3,27.3,27.2,27.3,27.2,27.1,27.2,27.2,27.2,27.1,27.3,27.2,27.1,27.1,27.1,27.2,27.0,27.1,27.2,27.1,27.0,27.2
74,27.4,27.4,27.4,27.3,27.4,27.3,27.5,27.6,27.4,27.4,27.6,27.5,27.5,27.5,27.5,27.7,27.7,27.7,27.7,28.0,28.0,28.4,28.7,29.0,29.2,29.3,29.2,29.2,29.2,29.3,29.3,29.2,29.3,29.3,29.2,29.4,29.4,29.4,29.1,29.0,28.6,27.8,27.5,27.3,27.3,27.3,27.1,27.0,27.1,27.0,26.9,27.0,26.9,27.1,27.0,27.1,27.1,26.9,26.9,26.9,27.1,27.0,26.9,26.9,26.9,26.9,27.0,26.9,27.1,27.0,26.8,27.0,26.9,26.9,27.0,26.9,27.0,27.0,26.9,26.9,26.8,27.1,27.1,27.0,26.9,27.0,27.0,26.9,26.9,26.9,26.9,26.9,27.1,26.8,26.9,26.7,26.9,26.9,27.0,27.0,26.8,27.1,26.9,27.3,27.5,27.7,28.0,28.0,27.9,27.8,27.7,27.3,27.1,26.9,27.1,27.3,27.3,27.4,27.1,26.9,26.7,26.6,26.7,26.7,26.7,26.4,26.5,26.5,26.7,26.8,27.0,27.1,27.1,27.1,27.3,27.3,27.3,27.2,27.3,27.3,27.4,27.4,27.4,27.4,27.5,27.5,27.5,27.4,27.5,27.5,27.4,27.4,27.3,27.3,27.3,27.3,27.4,27.3,27.3,27.3,27.4,27.4,27.2,27.5,27.3,27.4,27.2,27.4,27.3,27.3,27.3,27.1,27.1,27.3,27.2,27.1,27.3,27.3,27.1,27.2,27.2,27.2,27.1,27.3,27.0,27.3,26.9,27.0,27.1,27.1,27.1,27.1
75,27.3,27.6,27.5,27.3,27.6,27.4,27.4,27.4,27.6,27.5,27.4,27.6,27.6,27.7,27.6,27.7,27.5,27.7,27.7,27.9,28.1,28.5,29.0,29.0,29.3,28.9,29.1,29.0,29.2,29.0,29.0,29.2,29.2,29.2,29.2,29.2,29.2,29.2,29.0,29.0,28.5,28.0,27.5,27.3,27.3,27.2,27.2,26.9,27.0,27.1,27.0,27.0,27.1,26.9,27.1,27.1,27.2,27.1,27.0,26.9,26.9,27.1,27.1,26.9,27.2,26.8,27.0,26.9,26.9,27.0,26.9,27.1,26.9,26.9,27.0,26.9,27.0,26.9,26.8,27.0,26.9,26.9,27.0,27.1,26.9,27.0,26.9,26.8,27.0,26.9,27.0,27.0,26.9,27.1,26.8,26.9,26.9,26.9,27.0,26.8,27.0,27.0,27.3,27.8,28.0,28.4,28.2,28.4,28.3,28.2,27.9,27.5,27.4,27.3,27.1,27.0,27.1,27.1,27.0,26.9,26.6,26.6,26.7,26.7,26.5,26.5,26.5,26.8,26.7,26.7,26.9,27.1,27.0,27.1,27.2,27.1,27.3,27.2,27.4,27.2,27.4,27.5,27.4,27.4,27.4,27.5,27.3,27.5,27.6,27.6,27.6,27.3,27.5,27.4,27.4,27.3,27.3,27.3,27.3,27.3,27.4,27.3,27.3,27.4,27.4,27.3,27.3,27.1,27.3,27.4,27.2,27.1,27.2,27.3,27.0,27.3,27.1,27.1,27.3,27.4,27.1,27.2,27.1,26.9,27.1,27.0,27.1,27.1,27.1,27.0,27.0,27.1
76,27.5,27.4,27.6,27.5,27.4,27.4,27.5,27.7,27.5,27.6,27.4,27.6,27.6,27.8,27.7,27.8,27.7,27.7,27.7,27.8,28.2,28.3,28.8,29.0,29.0,29.1,29.0,28.7,28.8,28.7,28.6,28.6,28.7,28.8,29.2,29.2,29.3,29.3,29.1,28.9,28.4,28.1,27.4,27.3,27.3,27.3,27.3,27.1,27.0,27.0,27.1,27.0,27.1,27.1,27.2,27.0,27.1,27.0,27.1,27.1,27.0,26.9,27.0,27.0,27.0,27.0,27.1,26.9,27.1,27.0,26.8,26.9,26.9,27.0,26.7,27.0,27.1,26.9,26.8,27.0,26.7,26.9,27.0,27.0,26.9,26.8,26.9,27.0,27.0,27.0,27.0,26.8,27.0,27.0,26.9,26.9,26.8,26.9,26.8,26.9,27.0,27.0,27.5,28.0,28.3,28.4,28.5,28.2,28.5,28.7,28.5,28.0,27.5,27.3,27.1,27.1,27.1,27.3,27.1,26.9,26.8,26.6,26.6,26.7,26.4,26.6,26.4,26.6,26.7,26.8,26.9,26.9,27.2,27.4,27.1,27.3,27.3,27.4,27.4,27.2,27.3,27.5,27.5,27.4,27.4,27.4,27.4,27.3,27.5,27.4,27.5,27.3,27.4,27.4,27.5,27.4,27.6,27.3,27.3,27.3,27.3,27.3,27.4,27.4,27.3,27.2,27.3,27.2,27.3,27.4,27.3,27.3,27.2,27.2,27.2,27.3,27.3,27.2,26.9,27.1,27.1,27.1,27.1,27.0,27.1,27.1,27.1,27.1,27.0,27.0,27.0,27.1
77,27.3,27.3,27.5,27.5,27.4,27.6,27.4,27.5,27.6,27.5,27.6,27.6,27.7,27.6,27.7,27.7,27.6,27.8,28.0,28.0,28.3,28.4,29.0,29.2,29.2,29.2,28.9,28.8,28.5,28.6,28.2,28.2,28.4,28.5,28.9,29.2,29.4,29.2,29.1,28.9,28.6,28.0,27.6,27.3,27.3,27.4,27.1,27.1,27.0,27.0,27.0,26.9,27.0,27.1,27.1,27.1,27.1,27.0,27.1,26.9,27.2,27.1,26.9,27.0,27.0,27.1,27.0,26.9,26.8,27.0,27.0,26.8,27.1,27.0,26.9,26.9,27.0,26.9,27.0,27.0,26.9,26.9,27.0,26.8,26.9,26.8,26.9,26.9,26.9,26.9,26.8,27.1,26.9,26.9,26.9,26.9,26.8,26.9,26.9,26.9,26.9,27.2,27.7,28.0,28.6,28.4,28.0,27.9,28.0,28.5,28.5,28.2,27.7,27.2,27.0,27.1,27.0,26.9,27.0,26.8,26.7,26.7,26.5,26.7,26.6,26.5,26.4,26.5,26.5,26.7,26.9,26.9,27.2,27.3,27.3,27.3,27.3,27.1,27.4,27.4,27.3,27.5,27.4,27.3,27.3,27.5,27.4,27.4,27.4,27.3,27.3,27.5,27.4,27.3,27.4,27.3,27.4,27.4,27.3,27.5,27.3,27.2,27.3,27.4,27.5,27.4,27.3,27.2,27.2,27.3,27.4,27.2,27.3,27.2,27.1,27.2,27.1,27.1,27.2,27.2,27.2,27.1,27.0,27.3,27.1,27.1,27.2,27.1,27.1,27.0,27.1,27.1
78,27.4,27.4,27.6,27.6,27.4,27.6,27.5,27.5,27.7,27.5,27.5,27.7,27.6,27.7,27.8,27.8,27.8,27.6,27.6,28.0,28.0,28.4,28.9,29.2,29.4,29.0,29.0,28.9,28.8,28.6,28.4,28.4,28.3,28.4,28.8,29.0,29.2,29.2,29.1,28.8,28.7,28.0,27.5,27.5,27.3,27.2,27.1,27.1,27.1,27.1,26.9,26.9,27.0,27.1,27.1,27.1,27.1,27.1,26.9,27.0,27.0,27.0,26.9,27.0,27.0,27.1,26.9,26.9,26.9,26.9,26.9,27.0,26.9,27.0,27.0,27.0,26.9,26.9,26.8,26.9,26.9,26.9,26.9,26.9,26.9,26.9,26.9,27.0,27.0,26.8,27.0,26.9,26.9,26.9,26.9,26.9,26.9,26.9,26.9,26.9,26.9,27.1,27.6,28.3,28.4,28.2,27.8,27.7,27.7,28.2,28.6,28.4,27.9,27.3,26.9,27.0,26.7,27.0,26.9,26.7,26.6,26.6,26.6,26.7,26.5,26.5,26.7,26.6,26.6,26.7,26.7,27.1,27.0,27.2,27.2,27.2,27.2,27.4,27.4,27.3,27.2,27.3,27.5,27.2,27.4,27.4,27.5,27.4,27.4,27.3,27.5,27.4,27.3,27.5,27.4,27.3,27.4,27.4,27.3,27.3,27.4,27.4,27.2,27.3,27.3,27.4,27.3,27.4,27.3,27.3,27.3,27.2,27.2,27.1,27.3,27.1,27.3,27.2,27.1,27.1,27.0,27.3,27.1,27.0,27.2,26.9,27.2,27.0,27.0,27.1,27.0,27.0
79,27.5,27.3,27.5,27.5,27.5,27.4,27.6,27.6,27.6,27.6,27.6,27.7,27.8,27.5,27.8,27.7,27.8,27.9,27.7,27.9,28.1,28.5,28.8,29.1,29.1,29.1,29.1,28.8,28.9,28.9,28.7,28.5,28.6,28.5,28.9,29.2,29.2,29.0,29.0,28.9,28.5,28.0,27.6,27.3,27.3,27.2,27.2,27.2,27.0,27.0,27.0,27.1,27.1,26.9,27.0,27.0,27.1,27.1,27.0,27.0,27.1,27.0,27.0,26.9,26.9,26.9,27.1,26.8,26.9,26.9,27.1,26.8,26.9,27.0,26.9,26.9,26.9,26.8,26.9,27.0,26.8,26.9,26.9,26.8,27.0,26.8,26.9,26.9,26.9,26.9,27.0,27.0,27.0,26.8,26.9,26.9,26.8,26.8,26.8,26.7,27.0,27.1,27.7,28.2,28.5,28.0,27.8,27.9,27.8,27.9,28.5,28.5,27.8,27.2,27.0,26.9,26.7,26.8,26.8,26.6,26.6,26.6,26.6,26.7,26.7,26.5,26.4,26.6,26.5,26.7,26.8,26.9,27.2,27.2,27.3,27.2,27.2,27.3,27.4,27.3,27.3,27.3,27.4,27.5,27.4,27.4,27.3,27.3,27.6,27.3,27.6,27.4,27.3,27.4,27.6,27.3,27.6,27.4,27.3,27.4,27.3,27.3,27.4,27.3,27.5,27.3,27.3,27.2,27.2,27.2,27.2,27.3,27.3,27.3,27.2,27.4,27.1,27.1,27.3,27.3,27.2,27.2,27.1,27.1,27.1,27.1,27.1,27.1,27.2,27.1,27.1,27.1
80,27.4,27.5,27.6,27.4,27.6,27.6,27.6,27.4,27.7,27.5,27.6,27.7,27.6,27.8,27.8,27.8,27.8,27.8,27.9,27.9,28.1,28.6,28.9,29.1,29.1,28.9,29.1,29.1,28.8,28.8,28.8,28.7,28.7,28.7,28.9,29.1,29.0,28.9,29.0,28.9,28.6,28.0,27.6,27.3,27.3,27.2,27.2,27.1,27.1,27.1,27.1,27.1,27.0,27.0,27.1,27.0,27.1,27.0,27.0,27.0,27.0,27.1,27.0,27.1,27.0,26.9,26.9,26.9,26.9,26.9,26.9,26.8,26.7,26.8,27.0,27.0,26.8,26.9,26.9,26.9,26.9,26.9,26.9,26.9,26.8,26.9,26.9,27.0,26.9,26.8,26.9,26.8,26.9,26.7,26.9,26.8,26.9,26.9,26.8,26.9,26.8,26.9,27.5,28.1,28.2,28.3,28.1,28.0,28.1,28.3,28.7,28.1,27.5,27.1,27.0,26.9,26.8,26.9,26.7,26.8,26.5,26.4,26.5,26.7,26.7,26.6,26.6,26.5,26.6,26.9,26.8,27.0,27.1,27.1,27.0,27.2,27.2,27.3,27.4,27.5,27.5,27.3,27.5,27.4,27.4,27.4,27.5,27.4,27.4,27.5,27.4,27.5,27.3,27.3,27.4,27.4,27.6,27.3,27.2,27.5,27.4,27.3,27.4,27.1,27.3,27.2,27.2,27.2,27.2,27.3,27.2,27.3,27.3,27.2,27.2,27.1,27.2,27.1,27.1,27.2,27.2,27.3,26.9,27.1,27.0,27.2,27.0,27.0,27.1,27.1,27.0,27.1
81,27.4,27.4,27.5,27.4,27.6,27.6,27.7,27.7,27.7,27.7,27.6,27.6,27.6,27.7,27.8,28.0,27.8,28.0,27.8,28.1,28.3,28.4,29.1,29.2,29.2,29.0,28.9,28.9,28.7,28.9,28.8,29.1,29.0,29.0,29.0,29.0,28.9,28.6,28.7,28.8,28.7,28.3,27.8,27.5,27.3,27.3,27.3,27.2,27.1,27.2,27.1,27.0,27.1,27.0,27.1,27.1,27.0,27.0,26.9,26.9,27.0,27.0,27.0,26.8,26.9,26.9,27.1,26.7,27.1,26.9,26.8,27.0,27.0,26.9,26.9,26.9,26.9,26.9,26.8,26.7,26.9,26.9,26.9,26.9,26.9,26.9,26.8,27.0,26.9,26.9,26.8,26.9,26.9,26.9,26.9,27.0,26.8,26.9,26.7,26.9,27.1,27.0,27.2,27.8,28.3,28.2,28.2,28.2,28.2,28.2,28.3,27.9,27.3,27.1,27.0,26.9,26.8,26.9,26.8,26.7,26.7,26.7,26.7,26.6,26.6,26.6,26.4,26.7,26.6,26.7,27.0,26.8,27.1,27.1,27.1,27.3,27.3,27.3,27.5,27.3,27.3,27.5,27.5,27.3,27.4,27.6,27.4,27.5,27.5,27.4,27.5,27.4,27.4,27.5,27.5,27.2,27.4,27.5,27.3,27.5,27.4,27.5,27.4,27.3,27.4,27.5,27.3,27.2,27.2,27.3,27.3,27.4,27.3,27.3,27.2,27.2,27.2,27.2,27.1,27.3,27.1,27.1,27.4,27.1,27.2,27.1,27.1,27.3,27.0,27.1,27.1,26.9
82,27.4,27.4,27.7,27.6,27.6,27.6,27.6,27.6,27.6,27.8,27.8,27.8,27.8,27.7,27.7,27.8,27.8,28.0,27.8,28.0,28.3,28.5,29.1,29.3,29.4,29.2,29.0,29.3,29.0,29.2,29.1,29.1,29.1,29.0,29.0,28.8,28.6,28.5,28.4,28.6,28.7,28.4,28.0,27.6,27.4,27.0,27.1,27.1,27.0,27.2,27.1,27.0,26.8,27.1,27.1,27.0,27.1,27.0,27.0,27.1,27.1,26.9,26.9,27.0,26.8,27.1,27.0,26.9,27.0,27.0,26.8,27.0,27.0,26.8,26.9,26.9,26.8,26.8,26.9,27.0,26.9,27.0,27.1,27.0,26.9,27.0,27.0,26.9,26.9,26.9,26.9,26.8,26.9,26.8,26.9,26.9,26.9,26.7,27.0,26.9,26.8,26.9,27.1,27.3,27.8,28.0,28.3,28.2,28.2,28.3,28.0,27.6,27.3,27.1,27.1,27.2,27.3,27.2,27.1,26.8,26.6,26.7,26.5,26.7,26.7,26.6,26.7,26.5,26.4,26.6,26.7,26.9,27.0,27.2,27.1,27.3,27.3,27.3,27.4,27.4,27.4,27.4,27.6,27.4,27.5,27.5,27.7,27.5,27.6,27.6,27.5,27.5,27.4,27.5,27.4,27.3,27.3,27.5,27.6,27.3,27.3,27.4,27.3,27.5,27.3,27.3,27.3,27.1,27.3,27.3,27.3,27.2,27.2,27.1,27.3,27.1,27.2,27.1,27.2,27.2,27.2,27.0,27.1,27.1,27.1,27.1,27.1,27.2,27.2,27.0,27.0,27.1
83,27.6,27.4,27.6,27.6,27.6,27.6,27.6,27.6,27.6,27.7,27.8,27.8,27.8,27.8,27.8,27.7,27.9,28.0,27.9,28.0,28.4,28.7,29.0,29.1,29.3,29.0,29.3,29.2,29.1,29.2,29.0,29.2,28.8,29.0,28.7,28.6,28.4,28.3,28.2,28.4,28.3,28.5,27.9,27.6,27.1,27.1,27.3,27.0,27.1,27.0,27.1,27.1,27.1,27.0,27.0,27.0,27.1,26.9,27.1,27.0,27.1,27.0,27.0,27.1,27.0,26.9,27.0,27.0,27.0,26.9,26.9,26.9,27.1,27.0,26.9,27.0,27.0,26.9,26.8,26.9,26.9,27.0,26.9,26.8,26.9,26.8,27.0,26.9,26.8,26.9,26.9,26.9,26.8,26.9,26.9,26.8,26.8,26.9,27.0,26.9,26.9,26.9,27.1,27.2,27.5,27.6,27.6,28.0,27.9,27.8,27.5,27.3,27.3,27.3,27.4,27.6,27.6,27.5,27.3,26.9,26.7,26.6,26.7,26.6,26.6,26.5,26.5,26.7,26.5,26.7,26.9,27.0,27.1,27.1,27.1,27.2,27.3,27.3,27.3,27.3,27.3,27.4,27.4,27.5,27.4,27.3,27.4,27.3,27.5,27.6,27.6,27.4,27.4,27.4,27.3,27.2,27.5,27.5,27.6,27.3,27.4,27.5,27.3,27.2,27.5,27.4,27.2,27.3,27.3,27.4,27.5,27.1,27.1,27.2,27.1,27.1,27.3,27.2,27.1,27.3,27.1,27.1,27.3,27.1,27.1,27.2,27.0,27.2,27.0,27.0,27.0,27.1
84,27.5,27.6,27.6,27.6,27.6,27.7,27.7,27.8,27.6,27.6,27.7,27.7,27.9,27.8,27.8,27.8,27.7,27.8,27.8,28.1,28.2,28.3,28.8,29.1,29.0,28.9,28.9,28.8,28.8,28.7,28.8,28.7,28.6,28.5,28.5,28.5,28.2,28.0,27.9,27.9,28.1,28.1,27.8,27.3,27.1,27.0,27.0,27.0,27.0,27.0,27.1,27.1,27.0,27.0,27.1,27.1,27.1,27.1,27.1,27.0,27.0,27.0,26.9,27.1,27.0,27.0,26.9,27.0,27.0,27.0,26.9,26.9,26.9,27.0,26.9,26.9,26.9,26.9,26.8,26.9,27.0,26.9,26.9,26.9,26.6,26.8,26.9,27.0,27.0,26.9,26.9,26.9,26.8,26.9,26.8,26.9,26.8,26.9,26.8,26.9,26.7,26.9,26.9,26.8,26.9,27.0,27.3,27.4,27.3,27.3,27.2,27.1,27.3,27.3,27.7,27.9,28.0,27.8,27.4,27.0,26.7,26.6,26.7,26.7,26.7,26.6,26.5,26.7,26.7,26.7,26.9,26.9,27.1,27.0,27.0,27.2,27.4,27.3,27.3,27.6,27.5,27.4,27.6,27.3,27.3,27.4,27.6,27.6,27.5,27.5,27.6,27.4,27.4,27.6,27.4,27.3,27.4,27.5,27.3,27.5,27.3,27.6,27.4,27.3,27.3,27.4,27.4,27.1,27.3,27.2,27.2,27.2,27.1,27.3,27.2,27.2,27.1,27.1,27.1,27.1,27.2,27.2,27.1,27.3,27.0,26.9,27.1,27.1,27.2,27.0,27.1,27.1
85,27.7,27.4,27.8,27.7,27.6,27.8,27.8,27.7,27.8,27.6,27.8,27.7,27.7,27.7,28.0,28.1,27.8,27.9,27.9,28.1,28.0,28.0,28.6,28.6,28.6,28.6,28.4,28.3,28.1,28.2,28.2,28.0,28.0,28.0,27.9,27.9,27.8,27.8,27.7,27.6,27.6,27.7,27.4,27.2,27.1,27.1,27.1,27.1,27.2,27.0,27.1,27.0,27.1,27.1,27.0,27.1,27.1,27.0,27.0,27.2,27.0,27.1,27.0,26.9,26.9,27.1,27.0,27.1,27.0,27.0,26.9,27.0,27.0,27.0,27.0,26.8,26.8,27.2,27.0,26.9,27.0,27.0,26.9,26.9,26.9,26.9,27.0,27.0,26.9,26.9,27.0,27.0,26.9,27.0,26.9,27.0,26.8,27.0,26.8,26.9,26.7,26.9,27.0,26.9,26.7,26.9,27.0,26.9,27.2,27.0,27.1,27.2,27.4,27.5,28.0,28.2,28.4,27.9,27.4,27.0,26.7,26.6,26.7,26.7,26.7,26.5,26.5,26.8,26.7,26.7,26.8,26.9,26.9,27.3,27.2,27.3,27.3,27.3,27.4,27.4,27.3,27.3,27.5,27.5,27.5,27.4,27.5,27.4,27.5,27.4,27.5,27.4,27.5,27.6,27.4,27.3,27.4,27.4,27.4,27.6,27.5,27.2,27.4,27.5,27.5,27.3,27.3,27.3,27.2,27.3,27.3,27.3,27.3,27.4,27.1,27.3,27.3,27.2,27.2,27.1,27.3,27.4,27.2,27.1,27.0,27.3,27.1,27.1,27.1,27.0,27.2,27.3
86,27.6,27.6,27.6,27.6,27.6,27.7,27.6,27.8,27.6,27.7,27.8,27.8,27.8,27.8,27.8,27.9,28.0,28.0,27.9,27.9,27.9,28.0,28.0,28.0,28.1,28.1,27.8,27.8,27.7,27.4,27.4,27.3,27.5,27.3,27.3,27.3,27.4,27.6,27.5,27.5,27.4,27.4,27.2,27.3,27.3,27.0,27.1,26.8,27.1,27.1,27.0,27.0,27.1,27.2,27.2,27.0,27.1,27.1,27.1,27.1,27.2,27.1,27.1,27.1,27.0,27.1,27.1,26.9,27.0,27.1,27.0,26.9,26.9,27.0,27.0,27.0,26.9,27.0,26.9,26.9,27.0,26.9,27.0,27.0,27.0,26.9,26.9,26.9,27.0,26.8,26.9,26.7,26.8,26.8,26.9,26.9,27.0,27.1,26.9,26.8,26.9,26.9,26.8,26.8,26.9,26.8,26.9,26.9,26.8,27.0,27.2,27.3,27.2,27.7,27.8,28.2,28.1,27.8,27.3,27.1,26.7,26.7,26.7,26.7,26.7,26.5,26.7,26.4,26.6,26.7,26.9,27.0,27.1,27.1,27.0,27.2,27.3,27.4,27.4,27.4,27.3,27.3,27.3,27.5,27.5,27.7,27.6,27.7,27.4,27.5,27.5,27.5,27.5,27.5,27.6,27.6,27.6,27.4,27.5,27.4,27.4,27.5,27.4,27.4,27.4,27.2,27.3,27.2,27.3,27.4,27.2,27.2,27.2,27.2,27.2,27.2,27.1,27.2,27.2,27.0,27.0,27.2,27.1,27.1,27.1,27.2,27.0,27.1,26.9,27.0,27.1,27.1
87,27.5,27.7,27.7,27.7,27.5,27.5,27.7,27.7,27.8,27.6,27.7,27.7,27.8,27.8,27.8,27.9,27.7,27.9,27.8,27.9,27.9,27.9,27.9,27.8,27.8,27.9,27.7,27.7,27.4,27.2,27.3,27.2,27.2,27.1,27.1,27.1,27.1,27.1,27.1,27.3,27.2,27.2,27.0,27.1,27.2,27.2,27.1,27.1,27.1,27.0,27.1,27.1,27.0,27.0,26.9,26.9,27.0,27.0,26.9,27.1,27.0,27.1,26.9,27.1,27.0,27.0,27.0,27.0,26.9,27.1,26.9,27.0,27.1,26.9,26.9,27.0,27.0,26.9,26.9,27.0,27.0,26.8,26.9,26.9,27.1,26.9,27.1,26.7,26.9,26.9,26.9,26.8,26.8,26.9,26.8,26.8,26.8,26.8,26.9,26.9,27.0,26.9,27.0,26.9,26.9,26.8,26.9,26.9,26.9,26.9,27.0,27.3,27.3,27.5,27.7,27.6,27.7,27.6,27.2,27.1,26.8,26.7,26.8,26.7,26.5,26.5,26.5,26.7,26.7,26.9,26.9,27.1,26.9,27.2,27.3,27.2,27.3,27.3,27.6,27.3,27.4,27.3,27.5,27.5,27.4,27.4,27.5,27.4,27.5,27.5,27.6,27.6,27.5,27.5,27.5,27.5,27.5,27.5,27.4,27.3,27.4,27.3,27.3,27.3,27.5,27.4,27.2,27.3,27.5,27.4,27.3,27.2,27.4,27.3,27.2,27.2,27.4,27.1,27.1,27.3,27.3,27.2,27.3,27.2,26.9,27.2,27.1,27.2,27.2,27.1,27.0,27.0
88,27.6,27.6,27.7,27.6,27.7,27.6,27.6,27.8,27.8,27.9,27.8,27.9,27.8,27.9,27.8,28.1,27.9,28.0,27.9,27.9,28.1,28.0,27.9,27.8,27.8,27.9,27.6,27.5,27.3,27.2,27.1,27.2,27.2,27.3,27.1,27.0,26.9,27.2,27.1,27.3,27.4,27.1,27.1,27.1,27.1,27.1,27.1,27.0,27.1,27.1,27.0,27.1,27.0,27.1,27.0,27.0,27.0,27.0,27.1,26.9,27.0,27.0,27.0,27.0,27.0,26.9,27.1,27.0,27.0,26.9,26.8,27.0,27.1,26.9,27.0,27.0,27.0,26.9,26.9,26.9,26.8,26.8,27.0,26.9,26.7,26.9,26.9,27.1,26.9,27.0,27.0,26.7,26.7,26.8,26.9,26.7,27.0,27.0,26.8,26.7,26.7,26.8,26.8,26.9,26.9,26.8,26.8,26.9,26.6,26.9,27.0,27.3,27.2,27.2,27.4,27.5,27.4,27.3,27.2,26.9,26.7,26.6,26.7,26.6,26.7,26.6,26.6,26.6,26.6,26.7,26.9,27.0,27.1,27.2,27.4,27.3,27.5,27.4,27.3,27.4,27.4,27.4,27.5,27.5,27.4,27.5,27.4,27.6,27.5,27.5,27.4,27.4,27.6,27.4,27.3,27.3,27.3,27.6,27.3,27.4,27.3,27.3,27.4,27.5,27.3,27.3,27.4,27.2,27.4,27.3,27.2,27.1,27.2,27.1,27.2,27.1,27.2,27.2,27.3,27.2,27.2,27.4,27.3,27.1,27.0,27.0,27.1,27.2,27.1,27.2,26.9,27.1
89,27.6,27.5,27.7,27.7,27.7,27.6,27.6,27.8,27.8,27.7,27.7,27.7,27.8,27.8,27.8,27.8,28.0,27.9,27.8,28.0,27.8,27.9,27.8,27.9,27.9,27.8,27.8,27.6,27.3,27.3,27.1,27.2,27.1,27.1,27.1,27.1,27.2,27.1,27.1,27.1,27.3,27.3,27.2,27.3,27.1,27.2,27.0,27.1,27.3,27.0,27.1,27.1,27.0,26.9,27.1,27.2,27.0,27.0,27.1,27.0,27.1,27.0,26.9,27.2,26.8,27.1,27.0,26.9,27.1,26.9,27.1,26.9,27.0,27.1,27.1,26.9,26.9,27.0,27.1,26.9,27.1,26.9,27.1,26.8,27.0,27.1,26.9,27.0,26.9,26.9,26.9,27.0,26.9,26.9,27.0,26.9,26.9,26.9,26.8,26.6,26.8,26.9,26.9,26.7,26.8,26.9,26.8,26.7,26.9,26.9,27.2,27.3,27.4,27.2,27.2,27.3,27.2,27.3,27.1,26.9,26.9,26.7,26.7,26.7,26.7,26.7,26.6,26.7,26.6,26.8,26.8,26.9,27.2,27.2,27.1,27.1,27.2,27.4,27.6,27.3,27.6,27.4,27.5,27.5,27.4,27.5,27.6,27.4,27.5,27.4,27.6,27.6,27.4,27.7,27.4,27.6,27.4,27.4,27.4,27.4,27.4,27.5,27.4,27.5,27.4,27.4,27.2,27.4,27.4,27.3,27.2,27.3,27.3,27.2,27.2,27.3,27.3,27.2,27.1,27.3,27.3,27.2,27.1,27.3,27.2,27.1,27.1,27.1,27.1,27.0,27.0,27.1
90,27.6,27.6,27.7,27.6,27.7,27.7,27.8,27.7,27.8,27.6,27.8,27.9,27.8,27.7,27.8,27.8,27.9,28.0,27.8,28.0,27.8,27.9,27.9,27.8,28.0,27.8,27.8,27.5,27.3,27.0,27.1,27.1,27.2,27.0,27.0,27.1,27.1,27.2,27.1,27.1,27.1,27.2,27.0,27.0,27.1,27.2,27.1,27.1,27.2,27.1,27.1,27.0,27.1,27.1,26.9,27.2,27.1,27.1,27.1,27.1,27.2,27.1,27.0,27.1,26.9,27.1,27.1,27.0,27.1,26.9,26.9,27.0,27.0,27.0,27.0,27.0,27.0,26.9,26.7,26.8,26.9,26.7,26.9,26.9,27.0,26.9,26.8,26.8,27.0,26.8,26.8,26.8,26.9,26.9,26.8,26.9,26.9,26.7,26.9,26.8,26.9,26.8,26.7,26.7,26.8,26.8,26.8,26.7,26.8,27.0,27.2,27.1,27.1,27.1,27.2,27.2,27.1,27.2,27.2,27.0,26.8,26.6,26.6,26.5,26.7,26.6,26.4,26.6,26.5,26.8,26.7,26.8,27.0,27.2,27.2,27.1,27.4,27.2,27.5,27.4,27.4,27.4,27.5,27.5,27.5,27.3,27.6,27.3,27.3,27.5,27.3,27.4,27.4,27.3,27.3,27.3,27.4,27.5,27.4,27.4,27.5,27.3,27.2,27.3,27.5,27.5,27.2,27.3,27.3,27.4,27.4,27.4,27.3,27.1,27.2,27.2,27.1,27.3,27.5,27.1,27.0,27.1,27.2,27.1,27.1,27.1,27.3,27.1,27.1,27.1,27.0,27.2
91,27.6,27.6,27.7,27.6,27.8,27.8,27.7,27.7,27.8,27.9,27.8,27.8,27.8,27.9,27.8,27.8,27.9,28.0,28.0,27.8,27.9,27.9,27.9,27.7,27.8,27.7,27.3,27.5,27.3,27.3,27.1,27.0,27.0,26.9,27.0,27.0,27.0,27.1,27.1,27.0,27.0,27.0,26.9,26.9,27.1,26.9,27.1,27.3,27.2,26.9,27.1,27.0,26.9,27.1,27.0,27.1,27.0,26.9,27.0,27.1,27.0,27.2,27.2,27.1,26.8,27.1,27.1,26.9,26.9,27.1,26.9,27.0,27.1,26.9,27.0,26.9,26.9,26.9,26.9,27.0,26.9,26.9,27.0,27.1,27.1,26.7,26.9,27.0,26.9,26.8,26.9,26.8,26.9,26.7,26.9,26.7,26.7,26.7,26.8,26.7,26.8,26.6,26.8,26.8,26.7,26.7,26.7,26.8,26.8,27.0,27.1,27.4,27.1,27.1,27.3,27.1,27.2,27.3,27.2,27.0,26.7,26.8,26.6,26.5,26.6,26.6,26.5,26.5,26.5,26.5,26.7,26.8,27.0,27.1,27.3,27.2,27.3,27.2,27.5,27.3,27.4,27.4,27.5,27.4,27.6,27.5,27.4,27.4,27.4,27.4,27.6,27.4,27.5,27.5,27.5,27.3,27.3,27.3,27.3,27.4,27.4,27.4,27.4,27.4,27.3,27.3,27.4,27.3,27.3,27.3,27.2,27.3,27.3,27.3,27.3,27.4,27.0,27.3,27.1,27.0,27.2,27.1,27.0,27.2,27.1,27.2,27.1,27.2,27.0,26.9,27.1,27.1
92,27.6,27.7,27.7,27.7,27.7,27.7,27.9,27.7,27.7,28.0,27.8,27.8,27.8,27.8,27.9,28.1,28.0,28.0,27.8,27.8,27.8,27.8,27.8,27.8,27.9,27.7,27.6,27.4,27.2,27.2,27.1,27.3,27.2,27.2,26.9,27.0,27.1,26.9,26.9,26.9,26.8,27.0,26.9,26.8,26.9,26.9,27.0,27.1,27.2,27.1,26.9,27.1,27.2,27.1,27.1,27.1,27.1,27.0,27.1,27.0,26.9,27.1,27.1,26.9,27.0,27.1,27.1,27.1,27.1,27.2,27.0,26.9,27.1,26.9,27.0,26.9,26.9,27.1,27.1,26.9,26.9,26.9,27.1,27.1,26.9,26.8,26.8,27.1,26.8,26.9,26.9,27.0,26.9,27.0,26.8,26.9,26.7,27.0,26.8,26.8,26.9,26.8,26.7,26.7,26.9,26.9,26.9,26.8,27.0,26.9,27.1,27.2,27.2,27.1,27.0,27.1,27.1,27.2,27.2,27.0,26.7,26.7,26.7,26.7,26.6,26.7,26.6,26.4,26.4,26.5,26.7,26.7,27.0,27.1,27.2,27.3,27.3,27.2,27.4,27.3,27.5,27.3,27.6,27.6,27.4,27.6,27.5,27.5,27.7,27.5,27.6,27.5,27.6,27.4,27.5,27.4,27.4,27.4,27.5,27.3,27.3,27.3,27.3,27.4,27.2,27.3,27.1,27.4,27.3,27.3,27.3,27.4,27.2,27.1,27.3,27.1,27.0,27.3,27.1,27.2,27.3,27.1,27.1,27.2,27.1,27.1,27.1,27.1,27.1,27.1,27.1,27.2
93,27.6,27.7,27.8,27.7,27.8,27.7,27.7,27.8,27.9,27.8,27.7,27.8,27.9,27.8,28.0,27.8,27.8,28.0,27.8,27.9,27.8,27.9,27.7,27.5,27.5,27.5,27.4,27.0,27.2,27.1,27.0,27.0,27.0,27.0,26.8,26.9,26.9,26.9,26.7,26.7,26.7,26.8,26.7,26.9,26.7,26.9,26.9,27.1,26.9,26.9,27.1,26.9,27.0,27.1,27.1,27.1,27.0,26.9,27.1,27.0,27.0,27.1,27.1,27.0,26.9,26.9,26.9,26.9,27.0,26.9,27.0,27.1,27.0,26.9,27.0,26.9,26.8,26.9,26.7,27.0,26.9,26.9,27.0,27.0,26.9,26.9,26.9,27.0,27.0,26.8,27.0,26.8,27.0,26.9,26.8,26.9,26.7,26.7,26.9,26.8,26.9,26.8,26.8,26.9,26.9,26.9,26.8,26.6,26.7,26.9,27.0,27.1,27.0,27.1,27.1,27.0,27.0,27.1,27.0,27.1,26.8,26.8,26.7,26.7,26.7,26.6,26.4,26.4,26.6,26.6,26.7,27.0,26.9,27.1,27.2,27.3,27.2,27.2,27.4,27.4,27.3,27.4,27.4,27.4,27.4,27.4,27.5,27.3,27.5,27.3,27.3,27.6,27.5,27.4,27.3,27.5,27.4,27.5,27.4,27.2,27.5,27.3,27.3,27.3,27.4,27.2,27.2,27.3,27.2,27.3,27.3,27.5,27.2,27.2,27.3,27.2,27.2,27.3,27.2,27.2,27.2,27.1,27.1,27.1,27.1,27.1,27.2,27.1,27.0,27.1,27.0,27.0
94,27.6,27.7,27.8,27.7,27.7,27.8,27.8,27.8,27.8,27.8,27.9,28.0,27.8,28.0,27.9,27.9,27.9,27.9,27.8,27.9,27.7,27.7,27.6,27.5,27.4,27.3,27.2,27.3,27.0,26.9,26.9,26.9,26.8,26.9,26.8,26.9,26.9,26.9,26.7,26.7,26.8,26.7,26.8,26.9,26.9,27.1,27.0,27.1,27.1,26.9,27.1,27.0,27.1,27.1,26.9,27.0,27.1,27.1,27.0,27.0,26.9,27.0,26.9,27.1,27.1,27.0,27.1,27.0,27.0,27.0,26.9,27.0,26.9,27.1,26.9,26.9,26.9,27.1,26.9,26.9,27.1,27.0,26.9,26.9,27.1,26.9,26.9,26.8,27.0,26.9,26.9,26.9,26.8,26.9,26.7,26.8,26.8,26.9,26.7,26.8,26.8,26.8,26.7,26.9,26.8,26.8,26.8,26.9,27.0,26.7,26.9,27.0,27.0,27.0,27.0,27.0,27.1,27.2,27.0,27.0,26.7,26.8,26.7,26.7,26.6,26.7,26.6,26.4,26.6,26.6,26.7,26.9,27.1,27.1,27.2,27.2,27.1,27.2,27.4,27.4,27.3,27.3,27.5,27.4,27.4,27.5,27.4,27.4,27.6,27.5,27.5,27.6,27.3,27.4,27.4,27.5,27.5,27.4,27.3,27.3,27.3,27.3,27.3,27.3,27.4,27.5,27.2,27.2,27.4,27.2,27.3,27.4,27.2,27.3,27.4,27.2,27.2,27.1,27.1,27.1,27.2,27.1,27.0,27.3,27.1,27.1,27.1,26.9,27.0,26.9,27.1,27.0
95,27.6,27.8,27.7,27.6,27.8,27.8,27.7,27.9,27.8,27.8,27.7,27.9,28.0,27.8,27.9,28.0,27.9,27.9,27.9,27.8,27.6,27.4,27.4,27.0,27.1,26.9,26.9,26.8,27.0,26.9,26.9,27.0,26.9,26.7,26.8,26.9,27.0,26.8,26.8,26.6,26.7,26.8,26.7,26.8,27.0,27.1,26.8,26.9,27.0,26.9,26.9,27.0,27.1,26.9,26.9,27.0,27.2,27.1,27.2,27.1,26.9,27.3,26.9,27.1,27.1,27.1,27.1,27.1,27.0,27.0,26.9,27.0,26.9,27.0,26.9,27.0,26.9,26.9,26.9,26.8,26.9,26.9,27.2,27.0,27.0,26.8,26.9,26.9,26.9,26.9,26.9,26.9,26.8,26.9,26.9,26.9,26.9,26.4,26.8,26.7,26.9,26.9,26.8,26.7,26.7,26.7,26.8,26.9,26.7,26.9,26.7,26.8,26.8,26.8,26.8,26.9,26.9,27.1,27.0,27.1,26.6,26.7,26.6,26.6,26.6,26.5,26.6,26.5,26.6,26.8,26.6,26.9,27.0,27.1,27.3,27.2,27.4,27.4,27.2,27.4,27.3,27.4,27.5,27.6,27.6,27.5,27.3,27.7,27.6,27.6,27.5,27.6,27.4,27.5,27.5,27.3,27.3,27.4,27.4,27.4,27.6,27.4,27.4,27.2,27.4,27.2,27.3,27.3,27.3,27.4,27.4,27.3,27.2,27.3,27.2,27.3,27.0,27.2,27.1,27.2,27.1,27.1,27.2,27.1,27.3,27.1,27.2,27.2,27.1,27.1,26.9,27.0
96,27.7,27.9,27.6,27.6,27.6,27.8,27.9,27.8,27.7,27.7,27.8,27.8,28.0,27.7,27.8,28.0,28.0,28.1,27.9,27.8,27.6,27.4,27.3,27.1,27.1,27.0,27.0,27.0,26.9,27.0,27.1,26.8,26.8,26.8,26.9,26.9,26.8,26.8,26.7,26.7,26.9,26.7,26.9,27.0,26.8,26.8,27.0,27.1,27.0,26.9,27.0,26.9,26.9,27.0,27.0,27.0,27.1,27.0,27.1,27.1,27.0,27.1,27.1,27.0,26.9,27.0,27.0,27.1,27.0,26.9,27.1,27.1,27.1,27.0,26.9,26.9,26.9,26.8,27.1,27.0,26.9,27.1,26.9,27.0,26.9,27.0,26.9,26.9,27.0,27.0,26.9,27.0,26.9,26.9,26.9,26.9,27.0,26.9,26.9,26.7,26.9,26.9,26.8,26.9,26.7,27.0,26.7,26.8,26.9,26.7,26.9,26.9,26.8,26.7,26.9,26.9,26.9,27.1,27.1,26.9,26.9,26.7,26.7,26.6,26.7,26.6,26.6,26.4,26.5,26.6,26.8,26.8,27.1,27.3,27.4,27.4,27.3,27.3,27.3,27.4,27.4,27.6,27.4,27.6,27.6,27.5,27.6,27.5,27.5,27.5,27.6,27.6,27.6,27.7,27.5,27.5,27.6,27.6,27.3,27.4,27.5,27.3,27.3,27.4,27.5,27.3,27.4,27.3,27.2,27.4,27.3,27.2,27.4,27.2,27.4,27.3,27.2,27.2,27.3,27.3,27.1,27.3,27.1,27.0,27.1,27.2,27.1,27.1,27.1,27.0,27.1,27.1
97,27.6,27.5,27.7,27.7,27.8,27.8,27.8,27.8,27.7,27.8,27.9,27.9,27.8,28.0,27.9,28.0,28.0,28.0,27.9,27.8,27.7,27.4,27.2,27.1,27.1,27.0,26.9,26.9,27.0,26.9,26.9,26.9,26.8,26.9,26.7,27.0,26.7,26.8,26.9,26.8,26.8,26.9,26.7,26.8,26.9,26.9,26.9,27.0,26.9,26.9,27.1,27.1,27.0,27.0,27.0,27.1,27.0,27.1,27.1,27.0,27.1,27.1,27.0,27.0,27.0,27.1,27.1,27.0,27.0,27.1,26.9,27.0,27.0,26.9,27.0,27.0,26.9,26.9,27.0,26.9,26.9,26.8,27.0,26.9,27.0,26.9,26.9,27.0,27.0,27.0,26.8,26.8,26.8,26.8,26.8,26.9,26.8,26.9,26.9,26.8,26.9,26.7,26.9,26.8,26.7,26.9,26.7,26.9,26.9,26.8,26.8,26.8,26.9,26.7,26.8,26.9,26.9,27.1,27.3,27.1,26.9,26.8,26.7,26.8,26.7,26.5,26.6,26.6,26.5,26.6,26.7,26.9,26.9,27.1,27.3,27.2,27.3,27.3,27.4,27.4,27.4,27.6,27.4,27.5,27.5,27.5,27.5,27.5,27.5,27.4,27.6,27.6,27.5,27.5,27.6,27.4,27.5,27.4,27.4,27.5,27.3,27.5,27.6,27.4,27.5,27.4,27.3,27.3,27.4,27.2,27.4,27.4,27.3,27.1,27.4,27.2,27.0,27.3,27.2,27.2,27.3,27.2,27.2,27.1,27.1,27.0,27.2,27.2,27.2,27.0,27.1,27.1
98,27.7,27.6,27.7,27.8,27.8,27.8,27.7,27.8,27.8,27.8,27.8,27.8,27.8,27.8,28.0,28.1,27.9,28.0,27.7,27.7,27.7,27.5,27.3,27.0,27.0,27.0,26.9,27.1,27.0,26.9,26.8,27.0,26.9,26.9,26.8,26.9,26.9,26.9,26.8,26.9,26.9,26.7,26.7,26.9,26.8,26.9,27.0,27.1,27.1,27.0,27.0,27.1,27.1,27.1,27.0,27.0,27.0,26.8,27.2,27.1,27.1,26.9,26.9,27.0,27.1,26.9,27.0,27.0,26.9,27.0,26.8,27.2,27.1,27.0,26.9,27.0,27.1,27.1,26.9,27.0,27.1,27.0,27.0,27.1,26.9,26.9,26.9,26.9,26.7,26.7,26.8,26.8,26.8,26.9,26.9,26.8,26.8,26.8,26.9,26.7,26.6,26.9,26.7,26.8,26.7,26.8,26.7,26.8,26.7,26.7,26.8,26.8,26.7,26.7,26.8,26.8,26.9,27.0,27.1,27.0,26.7,26.6,26.5,26.7,26.6,26.5,26.8,26.5,26.6,26.7,26.8,26.9,26.9,27.2,27.2,27.3,27.3,27.4,27.3,27.4,27.4,27.5,27.6,27.4,27.4,27.5,27.6,27.4,27.5,27.6,27.7,27.6,27.6,27.6,27.4,27.4,27.4,27.4,27.5,27.5,27.6,27.4,27.5,27.5,27.4,27.3,27.5,27.3,27.3,27.2,27.3,27.2,27.2,27.3,27.2,27.1,27.3,27.3,27.2,27.2,27.2,27.2,27.1,27.3,27.1,27.2,27.2,27.1,27.3,27.1,27.1,27.1
99,27.6,27.8,27.8,27.7,27.7,27.7,27.9,27.8,27.8,27.8,27.9,27.7,27.8,28.0,27.9,28.0,27.8,28.0,27.8,27.9,27.6,27.4,27.2,27.1,26.9,26.8,27.1,27.0,26.9,27.0,27.0,26.9,27.0,27.0,26.8,26.8,26.9,26.9,26.8,26.9,26.8,26.7,26.7,26.9,26.9,26.9,27.0,27.1,27.0,27.0,27.0,27.1,27.1,27.0,27.0,27.1,27.2,27.0,27.1,27.0,27.1,27.0,27.1,27.0,27.0,27.1,27.0,27.0,27.0,26.9,27.0,27.0,27.0,27.1,27.1,27.0,27.1,27.1,27.2,27.2,27.0,26.9,26.8,26.9,26.9,27.0,26.9,27.0,27.0,26.8,26.9,26.9,26.8,26.8,26.9,26.8,26.7,26.7,26.8,26.7,26.8,26.8,26.8,26.9,26.7,26.7,26.8,26.9,26.8,26.9,26.9,26.7,26.7,26.7,26.7,26.7,26.7,26.9,26.8,26.9,26.7,26.7,26.6,26.5,26.7,26.6,26.7,26.5,26.6,26.7,26.8,26.9,27.1,27.1,27.2,27.4,27.4,27.4,27.4,27.4,27.5,27.5,27.7,27.4,27.4,27.5,27.4,27.6,27.6,27.6,27.5,27.6,27.7,27.5,27.3,27.4,27.5,27.4,27.4,27.6,27.4,27.5,27.5,27.4,27.4,27.5,27.4,27.4,27.3,27.2,27.5,27.4,27.2,27.3,27.3,27.3,27.2,27.2,27.4,27.2,27.3,27.1,27.1,27.1,27.1,27.1,27.1,27.2,27.1,27.0,27.0,27.1
100,27.7,27.7,27.8,27.7,27.8,27.9,27.7,27.8,27.8,27.8,27.9,27.8,27.9,28.0,27.8,28.1,28.0,28.0,27.7,27.8,27.7,27.4,27.2,27.0,27.0,27.1,26.9,27.0,27.0,26.8,27.0,27.1,26.9,26.8,26.9,26.9,26.9,26.7,26.8,26.8,26.7,26.8,26.8,26.9,27.0,27.1,26.9,27.0,27.1,27.0,27.1,27.2,26.7,27.0,27.0,27.1,27.2,27.0,27.0,27.1,27.1,27.2,27.1,27.0,27.0,27.1,27.1,27.0,26.9,27.0,26.9,26.9,26.9,27.1,27.2,27.1,27.2,27.5,27.2,27.2,27.0,27.0,27.1,26.9,27.2,26.9,26.8,26.9,26.9,26.7,26.8,26.8,26.7,27.0,26.9,26.8,26.8,26.9,26.7,27.0,26.9,26.9,26.9,26.7,26.8,26.9,26.9,26.8,26.8,26.7,27.0,27.0,26.9,26.8,26.7,26.8,26.5,26.6,26.7,26.7,26.6,26.5,26.6,26.6,26.8,26.7,26.5,26.6,26.5,26.7,26.9,27.0,26.9,27.1,27.3,27.3,27.4,27.3,27.5,27.3,27.6,27.5,27.5,27.5,27.5,27.6,27.5,27.6,27.6,27.5,27.6,27.5,27.4,27.5,27.6,27.5,27.5,27.5,27.4,27.5,27.5,27.5,27.2,27.4,27.3,27.4,27.4,27.3,27.2,27.2,27.2,27.4,27.2,27.1,27.4,27.2,27.2,27.1,27.2,27.2,27.1,27.1,27.1,27.0,27.2,27.1,27.1,27.1,27.3,27.2,27.0,27.2
101,27.6,27.6,27.8,27.7,27.7,27.8,27.8,27.7,27.8,27.8,27.9,28.0,28.0,27.9,27.9,28.0,27.8,28.0,27.8,27.7,27.7,27.6,27.3,27.0,26.9,27.0,26.9,26.8,26.9,26.9,27.0,26.9,27.0,26.9,27.1,26.7,26.9,27.0,26.9,26.8,27.0,26.8,26.7,26.8,26.8,26.9,26.8,27.0,27.1,26.9,27.0,27.1,27.0,27.2,27.1,27.0,27.3,27.1,27.0,27.0,27.0,27.1,27.0,27.1,27.0,27.1,27.0,27.0,27.1,26.8,27.0,27.1,27.0,27.1,27.2,27.5,27.5,27.6,27.4,27.4,27.2,27.0,27.0,27.1,27.1,27.0,26.9,27.0,26.9,26.9,26.9,26.7,26.9,26.7,27.0,26.8,26.7,26.8,26.9,26.8,26.7,26.8,26.9,26.9,26.9,26.8,26.9,26.8,26.9,26.9,27.1,26.9,27.0,26.9,26.9,26.7,26.9,26.7,26.8,26.8,26.7,26.7,26.5,26.6,26.7,26.7,26.6,26.6,26.5,26.6,26.8,26.9,27.0,27.1,27.2,27.3,27.6,27.3,27.4,27.6,27.4,27.6,27.5,27.5,27.5,27.5,27.6,27.6,27.6,27.6,27.6,27.5,27.6,27.6,27.6,27.5,27.4,27.4,27.5,27.4,27.5,27.4,27.5,27.5,27.6,27.3,27.4,27.3,27.5,27.5,27.6,27.5,27.2,27.3,27.2,27.2,27.3,27.4,27.1,27.3,27.3,27.2,27.2,27.2,27.0,27.2,27.0,27.1,27.2,27.2,27.1,27.2
102,27.9,27.8,27.7,27.7,27.7,27.8,27.7,27.6,27.8,27.7,27.8,27.9,27.7,28.0,27.8,28.0,27.9,27.8,27.8,27.7,27.7,27.6,27.4,27.1,27.1,26.9,27.1,27.1,26.9,26.9,26.9,27.1,26.9,27.0,27.0,26.9,26.9,26.9,26.9,26.9,26.9,26.9,26.9,26.9,26.8,26.8,26.8,26.9,26.8,27.1,27.0,27.0,27.1,27.0,27.1,27.0,27.0,27.1,27.1,27.1,27.2,27.0,27.1,27.0,27.1,27.1,27.1,27.0,27.2,27.1,27.1,27.2,27.2,27.3,27.4,27.6,27.6,27.6,27.6,27.5,27.1,26.9,27.1,26.9,26.9,26.9,26.8,26.9,26.9,26.6,26.7,26.8,26.8,26.9,26.9,26.8,26.9,26.7,26.7,26.9,26.9,26.9,26.8,26.9,26.9,26.8,26.9,26.9,26.9,26.9,26.9,27.1,26.9,26.9,26.9,26.7,26.8,26.8,26.7,26.7,26.7,26.7,26.7,26.7,26.7,26.6,26.4,26.5,26.4,26.7,26.6,26.9,27.0,26.9,27.3,27.1,27.5,27.4,27.5,27.4,27.4,27.6,27.5,27.5,27.3,27.6,27.6,27.5,27.6,27.5,27.5,27.6,27.6,27.6,27.4,27.4,27.5,27.4,27.4,27.4,27.3,27.4,27.3,27.4,27.4,27.4,27.4,27.4,27.2,27.3,27.2,27.3,27.5,27.3,27.3,27.2,27.1,27.4,27.4,27.2,27.1,27.1,27.1,27.3,27.2,27.2,27.1,27.2,27.1,27.1,27.2,27.1
103,27.7,27.9,27.8,27.7,27.6,27.9,27.8,27.7,27.8,27.7,27.9,27.9,28.0,27.9,27.8,27.9,27.9,27.9,27.7,28.1,27.8,27.6,27.6,27.3,27.3,27.4,27.1,27.1,27.0,27.2,27.1,27.0,27.0,27.0,27.0,26.9,27.0,26.9,27.0,27.0,27.0,27.0,26.9,26.9,27.0,27.1,26.8,27.0,27.0,27.0,27.0,27.1,27.1,27.2,27.2,27.1,27.0,27.2,27.1,27.0,27.2,26.9,27.1,27.1,27.0,27.0,26.9,26.9,27.1,27.2,26.9,27.2,27.3,27.4,27.6,27.6,27.7,27.8,27.5,27.1,26.8,26.8,26.6,26.7,26.7,26.8,26.7,26.9,26.8,26.8,26.6,26.7,26.6,26.7,26.5,26.9,26.9,26.8,26.8,26.9,26.9,26.7,26.7,26.8,26.9,26.9,26.7,26.8,26.9,26.9,27.0,27.0,26.9,26.9,26.9,26.9,26.8,26.7,26.7,26.8,26.7,26.7,26.5,26.5,26.7,26.6,26.6,26.6,26.6,26.8,26.7,26.7,27.0,27.1,27.1,27.1,27.2,27.4,27.5,27.4,27.5,27.4,27.6,27.5,27.5,27.4,27.6,27.5,27.6,27.6,27.5,27.4,27.5,27.5,27.5,27.4,27.5,27.5,27.5,27.2,27.4,27.5,27.5,27.5,27.5,27.3,27.4,27.3,27.3,27.3,27.3,27.2,27.1,27.3,27.4,27.2,27.2,27.2,27.3,27.2,27.2,27.1,27.1,27.1,27.2,27.2,27.1,27.1,27.2,26.9,27.1,27.1
104,27.8,27.8,27.8,27.7,27.7,27.8,27.7,27.7,27.7,27.7,28.0,27.8,27.7,27.9,27.9,27.9,27.8,27.9,27.9,28.0,27.7,27.8,27.8,27.7,27.6,27.6,27.4,27.3,27.2,27.2,27.2,27.1,27.2,27.1,27.0,27.0,26.8,27.1,26.9,26.9,27.1,27.2,27.1,27.1,27.1,27.1,27.0,26.9,26.9,26.8,27.1,27.2,27.1,27.0,27.1,27.1,27.0,27.0,26.9,27.2,27.1,27.1,27.1,27.1,27.1,27.2,27.0,27.1,27.1,26.9,27.1,27.3,27.5,27.6,27.8,27.8,27.8,27.7,27.5,26.9,26.7,26.6,26.5,26.6,26.7,26.8,26.7,26.7,26.7,26.7,26.7,26.7,26.5,26.7,26.8,26.6,26.9,26.8,26.9,26.7,26.8,26.9,26.9,26.9,26.8,26.8,26.8,26.9,26.8,27.0,26.9,27.0,27.0,26.9,26.9,26.9,26.7,26.8,26.7,26.7,26.7,26.8,26.5,26.5,26.6,26.6,26.5,26.7,26.6,26.8,26.8,26.8,27.1,27.2,27.2,27.3,27.1,27.5,27.4,27.5,27.4,27.5,27.8,27.5,27.5,27.5,27.6,27.6,27.5,27.6,27.6,27.3,27.5,27.5,27.7,27.5,27.6,27.5,27.5,27.4,27.4,27.4,27.3,27.2,27.5,27.4,27.4,27.2,27.2,27.5,27.3,27.5,27.3,27.3,27.2,27.3,27.3,27.1,27.1,27.2,27.2,27.3,27.3,27.3,27.2,27.2,27.2,27.2,27.1,27.0,26.9,27.0
105,27.8,27.8,27.7,27.6,27.6,27.7,27.8,27.7,27.6,27.6,27.8,27.8,27.8,27.7,27.8,27.8,27.9,27.7,27.8,27.8,28.1,28.0,27.8,27.9,28.0,27.8,27.6,27.5,27.3,27.4,27.3,27.5,27.3,27.1,27.1,27.1,27.1,27.2,27.0,27.0,27.0,27.0,27.1,27.4,27.3,27.2,27.2,27.1,26.9,27.1,27.0,27.1,27.0,27.1,27.0,27.1,26.9,27.0,26.9,27.1,27.2,27.1,27.2,27.0,27.0,27.1,27.2,27.0,27.1,27.2,27.3,27.4,27.6,27.9,27.9,27.9,27.8,27.6,27.4,27.0,26.8,26.6,26.7,26.6,26.7,26.7,26.6,26.7,26.8,26.6,26.7,26.9,26.7,26.8,26.9,26.7,26.8,26.7,26.9,26.9,26.8,26.9,26.8,26.9,26.8,26.9,26.7,26.9,26.8,26.9,27.1,27.0,27.0,26.8,26.9,26.7,26.8,26.8,26.7,26.7,26.7,26.9,26.7,26.7,26.7,26.7,26.6,26.5,26.6,26.7,26.7,27.0,26.8,27.1,27.1,27.2,27.4,27.3,27.4,27.4,27.5,27.5,27.6,27.5,27.4,27.5,27.5,27.4,27.6,27.6,27.7,27.6,27.6,27.3,27.5,27.4,27.5,27.6,27.5,27.4,27.3,27.4,27.4,27.4,27.5,27.3,27.4,27.4,27.3,27.4,27.2,27.3,27.3,27.3,27.3,27.2,27.2,27.2,27.2,27.2,27.3,27.2,27.3,27.2,27.1,27.0,27.3,27.1,27.1,27.1,27.1,27.2
106,27.5,27.5,27.7,27.6,27.7,27.4,27.6,27.5,27.4,27.6,27.5,27.6,27.5,27.6,27.4,27.6,27.8,28.0,28.0,28.1,28.1,28.0,28.0,27.9,27.9,27.9,27.6,27.6,27.4,27.6,27.7,27.7,27.5,27.2,27.2,27.1,27.0,26.9,27.0,27.2,27.3,27.2,27.2,27.2,27.5,27.3,27.1,27.0,27.0,27.0,27.1,27.0,26.9,27.1,26.9,26.9,27.0,26.9,27.2,27.1,27.1,27.2,27.1,27.0,27.0,27.1,27.0,27.1,27.2,27.4,27.4,27.6,27.8,27.8,28.0,27.9,27.8,27.6,27.2,27.0,26.7,26.7,26.6,26.6,26.5,26.6,26.8,26.7,26.8,26.7,26.6,26.8,26.7,26.7,26.6,26.8,26.7,26.5,26.9,26.8,26.8,26.7,26.7,26.9,26.9,26.9,26.7,26.8,26.9,26.8,26.8,26.9,26.8,26.8,26.8,26.9,26.9,26.9,27.0,27.0,26.8,26.7,26.6,26.6,26.6,26.6,26.5,26.6,26.5,26.4,26.7,26.7,26.9,27.1,27.3,27.2,27.2,27.4,27.4,27.5,27.6,27.5,27.5,27.5,27.6,27.5,27.7,27.5,27.6,27.7,27.7,27.7,27.5,27.4,27.5,27.4,27.7,27.5,27.4,27.5,27.3,27.4,27.4,27.3,27.4,27.4,27.3,27.3,27.4,27.4,27.3,27.2,27.3,27.2,27.4,27.2,27.2,27.3,27.3,27.3,27.4,27.3,27.3,27.1,27.1,27.3,27.2,27.1,27.1,27.0,27.1,27.0
107,27.3,27.4,27.4,27.3,27.2,27.2,27.4,27.3,27.3,27.1,27.2,27.2,27.1,27.0,27.3,27.3,27.5,27.8,27.8,28.0,27.9,27.9,28.1,28.1,27.9,27.9,27.8,27.6,27.5,27.4,27.5,27.8,27.5,27.4,27.3,27.1,27.3,27.2,27.2,27.2,27.2,27.3,27.3,27.4,27.5,27.5,27.3,27.3,27.3,27.2,27.2,27.1,27.1,27.1,27.0,27.0,27.0,27.0,27.0,27.0,27.0,27.1,26.9,27.1,26.9,27.0,27.0,27.2,27.3,27.5,27.5,27.8,27.9,28.0,28.1,27.9,27.8,27.5,27.3,27.0,26.8,26.7,26.6,26.7,26.5,26.5,26.7,26.8,26.8,26.7,26.7,26.7,26.6,26.7,26.7,26.7,26.8,26.8,26.7,26.7,26.9,26.8,26.8,26.8,26.9,26.8,26.9,27.0,26.9,26.9,26.9,26.8,26.8,26.8,26.9,26.8,26.9,26.9,27.1,27.0,26.8,26.9,26.7,26.6,26.6,26.4,26.5,26.5,26.5,26.6,26.7,26.8,27.0,27.1,27.3,27.2,27.2,27.4,27.4,27.5,27.4,27.5,27.5,27.7,27.6,27.6,27.5,27.4,27.5,27.6,27.6,27.6,27.4,27.7,27.5,27.5,27.6,27.5,27.5,27.5,27.4,27.6,27.4,27.3,27.6,27.4,27.6,27.3,27.3,27.4,27.4,27.3,27.4,27.2,27.3,27.2,27.2,27.2,27.3,27.1,27.2,27.2,27.1,27.1,27.1,27.2,27.3,27.2,27.2,27.1,27.2,27.1
108,27.2,27.2,27.3,27.2,27.3,27.0,27.0,27.1,27.0,27.0,26.9,26.8,26.8,26.9,27.1,27.2,27.4,27.7,27.9,28.0,28.0,28.1,28.0,28.0,28.1,27.9,27.8,27.7,27.6,27.3,27.5,27.5,27.4,27.3,27.3,27.4,27.3,27.5,27.3,27.4,27.5,27.4,27.4,27.4,27.4,27.3,27.3,27.3,27.3,27.3,27.2,27.2,27.0,27.2,27.0,27.0,27.2,26.9,27.1,27.3,27.2,27.1,27.2,27.1,27.2,27.3,27.3,27.3,27.5,27.7,27.9,27.9,28.0,27.9,28.0,28.0,27.8,27.6,27.3,26.9,26.7,26.7,26.7,26.7,26.5,26.5,26.7,26.7,26.8,26.8,26.8,26.6,26.7,26.7,26.7,26.8,26.9,26.7,26.7,26.7,26.7,26.8,26.9,26.8,26.8,26.9,26.9,26.9,26.8,26.9,27.1,26.9,26.7,26.7,26.8,26.8,27.0,27.1,27.1,27.1,26.8,27.0,26.7,26.8,26.9,26.7,26.6,26.7,26.5,26.7,27.0,26.8,27.0,27.1,27.1,27.3,27.4,27.4,27.4,27.4,27.6,27.7,27.6,27.7,27.6,27.6,27.6,27.6,27.5,27.7,27.8,27.5,27.6,27.6,27.6,27.6,27.6,27.6,27.5,27.4,27.5,27.5,27.4,27.3,27.4,27.4,27.5,27.3,27.3,27.4,27.4,27.3,27.3,27.3,27.3,27.3,27.2,27.3,27.3,27.2,27.1,27.2,27.3,27.0,27.3,27.2,27.2,27.2,27.1,27.1,27.1,27.1
109,27.0,27.2,27.1,27.1,27.1,27.1,27.1,27.0,26.9,26.9,27.0,26.7,26.8,26.9,27.1,27.1,27.3,27.7,27.7,28.0,28.0,28.0,28.0,28.0,28.1,27.8,28.0,27.8,27.6,27.5,27.6,27.6,27.6,27.5,27.6,27.5,27.6,27.5,27.5,27.5,27.5,27.5,27.3,27.4,27.3,27.4,27.3,27.3,27.4,27.3,27.1,27.3,27.2,27.1,27.1,27.1,27.2,26.9,27.2,27.1,27.2,27.2,27.2,27.1,27.0,27.1,27.2,27.5,27.8,27.8,28.0,28.0,28.0,28.0,27.9,27.8,27.7,27.6,27.3,27.0,26.8,26.8,26.9,26.8,26.8,26.6,26.5,26.5,26.6,26.7,26.7,26.7,26.8,26.7,26.8,26.6,26.8,26.7,26.8,26.8,26.7,27.1,26.7,26.9,26.8,26.9,26.9,26.9,26.8,26.9,26.9,26.8,26.9,26.9,27.0,27.0,27.0,27.1,27.3,27.3,26.9,27.0,26.8,26.6,26.7,26.7,26.5,26.6,26.6,26.5,26.7,26.8,26.9,27.0,27.1,27.2,27.3,27.3,27.4,27.4,27.6,27.4,27.6,27.5,27.7,27.6,27.7,27.7,27.5,27.7,27.6,27.6,27.6,27.6,27.5,27.7,27.6,27.6,27.6,27.5,27.6,27.4,27.5,27.5,27.7,27.3,27.6,27.3,27.3,27.5,27.4,27.3,27.3,27.3,27.1,27.3,27.3,27.3,27.3,27.2,27.2,27.3,27.3,27.3,27.2,27.1,27.2,27.3,27.2,27.1,27.1,27.2
110,27.1,27.0,27.0,27.1,27.1,27.1,27.0,27.1,26.9,26.9,26.9,26.8,27.0,27.0,26.8,27.2,27.5,27.6,27.8,27.9,28.0,28.2,28.1,28.1,28.2,28.2,28.0,27.9,28.0,28.0,27.8,27.9,27.9,27.8,27.7,27.7,27.7,27.6,27.8,27.9,27.9,27.7,27.5,27.3,27.3,27.3,27.3,27.2,27.3,27.2,27.3,27.1,27.1,27.3,27.2,27.1,27.1,26.9,27.1,27.1,27.2,27.1,27.1,27.1,27.1,27.2,27.4,27.5,27.8,28.1,28.0,28.0,28.1,28.1,27.8,27.8,27.7,27.7,27.2,27.0,26.9,26.9,26.8,26.9,26.6,26.5,26.6,26.5,26.7,26.7,26.7,26.7,26.7,26.7,26.7,26.7,26.6,26.8,26.8,26.8,26.8,26.7,26.9,26.8,26.8,26.8,26.9,26.9,26.8,26.7,26.7,26.9,26.9,26.9,27.0,27.1,26.9,27.0,27.1,27.1,27.0,27.0,26.7,26.6,26.7,26.6,26.5,26.5,26.5,26.6,26.7,26.8,27.0,27.1,27.3,27.3,27.3,27.6,27.6,27.2,27.6,27.4,27.6,27.6,27.5,27.6,27.5,27.5,27.8,27.5,27.6,27.6,27.6,27.6,27.6,27.6,27.5,27.6,27.4,27.6,27.5,27.5,27.5,27.4,27.4,27.4,27.5,27.4,27.4,27.4,27.5,27.3,27.4,27.3,27.4,27.4,27.2,27.2,27.2,27.3,27.3,27.3,27.1,27.3,27.2,27.2,27.3,27.1,27.0,27.3,27.2,27.3
111,27.3,27.3,27.2,27.0,27.2,26.9,27.1,27.0,26.9,27.0,27.0,26.9,26.8,26.9,27.0,27.3,27.5,27.6,28.0,28.1,28.2,28.3,28.5,28.4,28.5,28.6,28.6,28.6,28.4,28.4,28.4,28.6,28.6,28.3,28.4,28.0,27.9,27.8,27.9,28.1,28.1,28.0,27.7,27.5,27.4,27.1,27.1,27.2,27.2,27.1,27.2,27.1,27.1,27.1,26.9,27.1,27.2,27.0,27.1,27.1,27.1,27.2,27.0,27.1,27.2,27.5,27.6,27.7,28.1,28.1,28.1,28.1,28.1,28.0,27.9,27.8,27.8,27.4,27.1,27.0,26.7,26.8,26.7,26.9,26.8,26.7,26.6,26.6,26.8,26.6,26.7,26.6,26.7,26.8,26.7,26.6,26.7,26.8,26.7,26.8,26.8,26.9,26.7,26.9,26.9,26.9,26.7,26.9,26.9,27.0,27.0,27.0,26.9,26.9,27.0,27.1,26.9,27.2,27.2,27.1,27.1,26.8,26.9,26.7,26.6,26.7,26.8,26.7,26.4,26.5,26.5,26.7,26.9,26.9,27.2,27.3,27.3,27.3,27.3,27.4,27.5,27.5,27.4,27.4,27.6,27.6,27.7,27.5,27.6,27.4,27.5,27.6,27.5,27.5,27.5,27.7,27.6,27.6,27.6,27.5,27.4,27.5,27.5,27.5,27.4,27.2,27.5,27.6,27.4,27.5,27.4,27.3,27.4,27.5,27.4,27.5,27.2,27.3,27.3,27.2,27.3,27.2,27.4,27.3,27.1,27.1,27.3,27.0,27.1,27.2,27.1,27.3
112,27.3,27.1,27.2,27.1,27.2,27.2,27.0,27.1,26.9,26.8,27.1,26.9,27.0,27.0,27.2,27.4,27.5,28.1,28.3,28.5,28.5,28.7,28.9,28.9,28.9,28.9,29.0,28.9,28.9,29.0,29.0,28.9,28.9,29.0,28.6,28.6,28.4,28.0,27.9,28.2,28.0,28.1,28.0,27.6,27.3,27.3,27.2,27.1,27.1,27.3,27.1,27.2,27.1,27.0,27.1,27.1,27.1,26.9,27.1,27.1,27.1,27.0,27.2,27.0,27.3,27.6,27.7,28.0,27.9,28.1,28.1,28.2,28.0,28.0,27.8,28.0,27.8,27.8,27.5,27.0,26.7,26.7,26.7,26.7,26.7,26.5,26.5,26.5,26.7,26.7,26.9,26.7,26.8,26.8,26.8,26.6,26.7,26.9,26.7,26.8,26.7,26.9,26.8,26.8,26.9,26.9,26.8,26.8,26.8,27.1,27.1,27.1,27.2,27.1,27.2,27.1,27.1,27.2,27.3,26.9,27.2,26.9,26.8,26.6,26.6,26.5,26.5,26.5,26.5,26.5,26.5,26.7,26.8,27.2,27.1,27.2,27.3,27.3,27.3,27.4,27.4,27.5,27.5,27.4,27.7,27.6,27.6,27.6,27.6,27.6,27.7,27.5,27.4,27.7,27.3,27.5,27.5,27.5,27.5,27.5,27.6,27.4,27.4,27.3,27.4,27.4,27.4,27.3,27.3,27.5,27.4,27.3,27.3,27.3,27.3,27.2,27.3,27.3,27.3,27.3,27.2,27.2,27.2,27.2,27.1,27.3,27.1,27.1,27.0,27.1,27.1,27.2
113,27.5,27.2,27.3,27.2,27.3,27.3,27.3,27.0,27.1,27.2,27.1,27.1,27.0,27.1,27.3,27.6,27.9,28.4,28.8,28.9,29.1,29.1,29.2,29.2,29.3,29.2,29.1,29.2,29.2,29.2,29.0,29.2,29.0,29.0,28.9,28.8,28.5,28.2,28.2,28.3,28.2,28.0,27.8,27.3,27.3,27.1,27.3,27.1,27.1,27.0,27.2,27.3,26.9,27.1,27.1,27.1,27.1,26.9,27.1,27.1,27.2,27.2,27.1,27.3,27.4,27.7,27.8,28.0,28.1,28.1,28.0,28.1,28.1,28.0,28.0,28.1,28.0,28.0,27.5,27.1,26.9,26.7,26.6,26.7,26.6,26.6,26.6,26.6,26.7,26.8,26.8,26.7,26.8,26.8,26.9,26.7,26.7,26.8,26.8,26.8,26.9,26.9,26.8,26.9,26.8,26.7,27.0,27.0,26.9,27.1,27.2,27.2,27.1,27.3,27.2,27.1,27.2,27.1,27.2,27.1,27.1,27.0,26.7,26.7,26.7,26.7,26.6,26.7,26.7,26.7,26.7,26.9,26.9,26.9,27.2,27.3,27.2,27.2,27.5,27.5,27.3,27.6,27.7,27.4,27.6,27.5,27.5,27.6,27.6,27.5,27.4,27.5,27.6,27.7,27.5,27.4,27.5,27.6,27.4,27.5,27.6,27.5,27.5,27.6,27.5,27.6,27.3,27.5,27.3,27.3,27.4,27.2,27.4,27.3,27.2,27.2,27.3,27.2,27.4,27.2,27.4,27.3,27.2,27.2,27.2,27.2,27.1,27.2,27.1,27.1,27.1,27.1
114,27.3,27.3,27.3,27.1,27.2,27.2,27.1,27.1,27.1,27.0,27.0,27.0,27.1,27.0,27.3,27.5,28.1,28.6,28.8,29.0,29.2,29.2,29.4,29.1,29.2,29.3,29.2,29.0,29.2,29.2,29.2,29.0,29.2,29.0,29.1,28.9,28.5,28.7,28.5,28.3,28.0,28.0,27.4,27.3,27.3,27.1,27.2,27.2,27.2,27.1,27.0,27.2,27.1,27.1,26.9,27.1,27.1,27.0,27.0,27.2,27.1,27.2,27.3,27.4,27.4,27.7,27.9,27.9,28.0,28.1,28.0,28.1,28.1,28.0,27.9,27.9,28.0,27.7,27.7,27.3,26.9,26.8,26.8,26.7,26.7,26.6,26.7,26.7,26.8,26.7,26.9,26.7,26.8,26.8,26.8,26.9,27.0,27.0,26.7,26.8,26.9,26.8,27.0,26.8,26.9,26.9,27.0,27.0,26.9,26.9,27.1,27.3,27.2,27.0,27.1,27.2,27.0,27.1,27.4,27.3,27.2,26.9,26.9,26.7,26.7,26.7,26.5,26.6,26.6,26.7,26.7,26.8,26.9,27.1,26.9,27.2,27.4,27.2,27.4,27.4,27.4,27.5,27.6,27.4,27.7,27.5,27.5,27.5,27.5,27.5,27.4,27.6,27.4,27.5,27.3,27.5,27.5,27.3,27.5,27.4,27.3,27.5,27.4,27.4,27.5,27.4,27.5,27.3,27.4,27.3,27.4,27.3,27.2,27.5,27.3,27.3,27.2,27.3,27.3,27.1,27.3,27.2,27.3,27.3,27.2,27.3,27.3,27.2,27.3,27.1,27.2,27.1
115,27.4,27.4,27.5,27.2,27.2,27.2,27.1,27.2,27.2,27.2,27.1,27.2,27.1,27.2,27.4,27.8,28.2,28.8,29.1,29.2,29.3,29.3,29.2,29.2,29.2,29.4,29.1,29.2,29.1,28.9,29.1,29.1,29.0,29.1,29.1,29.0,29.0,28.8,29.0,28.6,28.3,27.8,27.4,27.0,27.3,27.2,27.1,27.1,27.3,27.1,27.2,27.1,26.9,27.2,27.1,27.0,27.2,27.2,27.0,27.2,27.0,27.1,27.1,27.3,27.5,27.6,27.9,28.1,28.2,28.0,28.1,28.1,28.0,28.1,28.1,28.1,28.0,27.9,27.6,27.3,26.9,26.8,26.7,26.7,26.7,26.7,26.8,26.8,26.8,26.7,26.7,26.7,26.8,26.9,26.7,26.8,26.8,26.8,26.8,26.8,27.0,26.9,26.8,26.9,27.0,26.9,26.9,27.0,26.8,27.1,27.2,27.2,27.3,27.2,27.1,27.1,27.2,27.3,27.2,27.1,27.1,26.9,26.8,26.6,26.6,26.8,26.7,26.6,26.5,26.7,26.7,26.8,26.8,27.0,27.1,27.2,27.2,27.4,27.3,27.3,27.3,27.4,27.5,27.6,27.6,27.5,27.6,27.6,27.7,27.6,27.6,27.5,27.4,27.6,27.5,27.7,27.6,27.6,27.4,27.5,27.5,27.5,27.4,27.3,27.4,27.3,27.4,27.4,27.3,27.3,27.4,27.3,27.3,27.1,27.3,27.4,27.2,27.4,27.3,27.2,27.1,27.3,27.2,27.3,27.3,27.1,27.2,27.2,27.2,27.1,27.3,27.1
116,27.5,27.4,27.4,27.3,27.2,27.2,27.1,27.1,27.1,27.1,27.2,27.2,27.1,27.1,27.4,28.0,28.4,28.9,29.1,29.2,29.2,29.3,29.2,29.1,29.2,29.2,29.1,29.1,29.0,29.1,28.9,29.1,28.8,28.7,28.9,29.1,29.2,29.1,28.8,28.4,28.2,27.8,27.4,27.3,27.2,27.2,27.2,27.3,27.3,27.2,27.1,27.2,27.3,27.1,27.1,27.0,27.2,27.0,27.2,27.0,27.2,27.2,27.1,27.1,27.2,27.5,27.5,27.8,28.0,28.1,28.0,28.0,28.0,28.1,28.2,27.9,28.0,27.8,27.6,27.4,27.1,26.8,26.5,26.6,26.8,26.9,26.7,26.9,26.7,26.8,26.8,26.8,26.7,26.7,26.7,26.7,26.7,26.9,26.8,26.8,26.8,26.9,26.9,26.8,26.9,27.0,27.1,27.0,26.9,27.1,27.2,27.1,27.1,27.2,27.1,27.0,27.0,27.3,27.2,27.1,27.1,26.9,26.7,26.8,26.7,26.6,26.5,26.7,26.5,26.7,26.6,26.9,27.0,27.1,27.2,27.3,27.4,27.3,27.3,27.5,27.5,27.6,27.5,27.4,27.5,27.6,27.6,27.6,27.6,27.6,27.6,27.6,27.5,27.6,27.5,27.4,27.6,27.5,27.6,27.5,27.5,27.6,27.5,27.5,27.5,27.4,27.3,27.2,27.5,27.3,27.2,27.3,27.3,27.3,27.4,27.1,27.3,27.2,27.3,27.2,27.3,27.2,27.3,27.2,27.1,27.2,27.1,27.1,27.3,27.1,27.1,27.2
117,27.5,27.5,27.6,27.4,27.5,27.3,27.2,27.2,27.2,27.0,27.2,27.1,27.2,27.2,27.4,27.8,28.2,28.8,29.0,29.2,29.3,29.2,29.4,29.3,29.3,29.4,29.2,29.1,28.8,28.9,28.8,28.8,29.0,28.8,28.9,29.0,29.1,29.1,28.9,28.6,28.1,27.7,27.5,27.3,27.2,27.3,27.2,27.3,27.1,27.2,27.2,27.3,27.1,27.0,27.0,27.1,27.2,27.1,27.1,27.1,27.2,27.1,27.0,27.1,27.1,27.3,27.6,27.7,27.8,28.0,28.2,28.1,28.1,28.0,28.1,28.0,27.7,27.9,27.7,27.4,27.1,26.7,26.7,26.7,26.7,26.8,26.9,26.8,26.7,26.7,26.7,26.8,26.7,26.9,26.8,26.7,26.8,26.8,26.6,26.7,26.8,26.9,26.8,26.8,26.9,26.9,26.9,27.0,26.9,26.9,27.0,27.3,27.2,27.0,27.1,27.2,26.9,27.3,27.1,27.4,27.0,26.9,26.7,26.6,26.6,26.6,26.6,26.7,26.5,26.7,26.6,26.9,26.9,27.1,27.2,27.2,27.3,27.3,27.3,27.4,27.4,27.5,27.6,27.4,27.5,27.5,27.5,27.4,27.7,27.6,27.7,27.6,27.5,27.5,27.6,27.6,27.5,27.4,27.5,27.4,27.5,27.4,27.3,27.5,27.6,27.5,27.4,27.5,27.3,27.4,27.2,27.3,27.3,27.3,27.4,27.2,27.2,27.3,27.3,27.3,27.1,27.1,27.2,27.1,27.3,27.1,27.3,27.2,27.2,27.1,27.2,27.2
118,27.6,27.5,27.6,27.5,27.5,27.4,27.3,27.2,27.3,27.4,27.3,27.2,27.2,27.2,27.4,27.9,28.2,28.7,29.0,29.2,29.4,29.3,29.3,29.2,29.4,29.3,29.2,29.1,29.0,28.9,28.8,29.1,28.9,29.0,29.2,29.2,29.1,29.0,28.9,28.5,28.2,27.9,27.4,27.5,27.5,27.4,27.2,27.3,27.2,27.1,27.2,27.1,27.1,27.4,27.1,27.1,27.3,27.1,27.1,27.1,27.1,27.1,27.3,27.0,27.2,27.2,27.3,27.4,27.6,28.0,28.0,28.1,28.1,28.1,27.9,27.9,28.0,27.9,27.8,27.5,27.1,26.9,26.9,26.9,26.9,26.8,26.9,26.8,26.8,26.9,27.0,27.0,26.8,26.8,26.9,26.9,26.8,26.8,26.8,26.9,26.9,27.0,26.9,26.9,26.9,26.9,26.9,26.8,26.8,26.9,27.1,27.1,27.2,27.1,27.1,26.9,27.2,27.3,27.6,27.4,27.3,27.1,26.9,26.7,26.8,26.6,26.7,26.7,26.6,26.8,26.7,26.8,26.9,27.2,27.3,27.4,27.3,27.4,27.6,27.6,27.5,27.5,27.6,27.6,27.5,27.8,27.6,27.7,27.7,27.7,27.7,27.6,27.6,27.6,27.6,27.6,27.5,27.4,27.5,27.5,27.4,27.4,27.4,27.4,27.4,27.5,27.5,27.3,27.5,27.4,27.2,27.4,27.3,27.3,27.5,27.2,27.2,27.4,27.2,27.3,27.1,27.3,27.2,27.2,27.0,27.2,27.3,27.2,27.3,27.3,27.0,27.3
119,27.6,27.5,27.5,27.4,27.4,27.3,27.1,27.1,27.1,27.3,27.3,27.1,27.3,27.2,27.5,27.9,28.4,28.8,29.0,29.3,29.4,29.4,29.5,29.2,29.3,29.2,29.4,29.3,29.2,29.0,29.0,29.2,29.2,29.0,29.2,29.2,29.2,29.0,28.9,28.7,28.3,27.8,27.6,27.3,27.4,27.4,27.3,27.4,27.3,27.1,27.4,27.3,27.2,27.2,27.3,27.1,27.1,27.1,27.2,27.2,27.1,27.1,27.2,27.2,27.2,27.2,27.3,27.4,27.4,27.6,27.7,27.9,28.0,28.0,27.8,27.8,27.8,27.7,27.9,27.7,27.1,26.8,27.0,27.0,26.9,26.9,26.9,26.9,27.0,26.8,26.8,26.7,26.9,27.1,26.9,26.9,26.9,26.7,26.9,26.9,26.8,26.9,26.9,27.0,26.9,26.7,26.8,26.9,26.9,27.0,27.1,27.1,27.0,27.0,27.0,27.1,27.4,27.5,27.8,27.6,27.4,27.0,26.9,26.7,26.6,26.6,26.7,26.6,26.5,26.5,26.6,26.8,26.8,27.0,27.2,27.4,27.3,27.4,27.3,27.4,27.3,27.6,27.4,27.5,27.5,27.5,27.7,27.5,27.6,27.6,27.6,27.6,27.7,27.5,27.5,27.3,27.6,27.5,27.5,27.6,27.5,27.4,27.5,27.4,27.6,27.4,27.4,27.4,27.2,27.4,27.4,27.3,27.2,27.4,27.3,27.3,27.3,27.4,27.3,27.4,27.1,27.2,27.2,27.3,27.3,27.2,27.3,27.2,27.1,27.3,27.2,27.2
120,27.6,27.6,27.5,27.3,27.6,27.3,27.4,27.2,27.2,27.2,27.2,26.9,27.2,27.3,27.4,27.9,28.4,28.8,29.0,29.3,29.5,29.4,29.3,29.3,29.4,29.1,29.2,29.2,29.3,29.2,29.1,29.2,29.3,29.5,29.3,29.3,29.2,29.2,29.1,28.7,28.4,27.8,27.4,27.6,27.4,27.4,27.3,27.4,27.3,27.0,27.2,27.2,27.0,27.1,27.2,27.1,27.2,27.1,27.0,27.0,27.1,27.0,27.3,27.1,27.2,27.1,27.3,27.3,27.3,27.3,27.7,27.6,27.7,27.8,27.8,27.7,27.8,27.8,27.6,27.7,27.3,27.1,26.9,27.0,26.8,26.9,27.0,26.9,26.9,26.7,26.8,26.8,26.8,26.9,27.2,27.0,27.1,26.9,26.9,26.9,26.8,26.9,26.8,26.9,26.9,26.8,26.8,26.9,27.1,26.8,27.1,27.1,27.2,26.9,26.9,27.1,27.3,27.6,27.8,27.8,27.4,27.2,26.7,26.8,26.6,26.8,26.7,26.7,26.6,26.7,26.5,26.9,27.1,27.1,27.3,27.1,27.3,27.4,27.4,27.5,27.4,27.6,27.6,27.6,27.4,27.5,27.6,27.4,27.7,27.6,27.7,27.6,27.6,27.7,27.7,27.5,27.5,27.6,27.6,27.6,27.4,27.5,27.3,27.4,27.6,27.3,27.3,27.3,27.2,27.3,27.3,27.4,27.3,27.4,27.4,27.3,27.3,27.2,27.3,27.3,27.1,27.2,27.3,27.3,27.1,27.3,27.1,27.1,27.1,27.1,27.3,27.2
121,27.6,27.5,27.6,27.4,27.4,27.4,27.3,27.3,27.3,27.1,27.1,27.2,27.3,27.4,27.5,27.8,28.2,28.8,29.1,29.3,29.3,29.4,29.4,29.4,29.3,29.5,29.5,29.4,29.2,29.2,29.2,29.2,29.5,29.2,29.3,29.1,29.3,29.3,29.0,28.6,28.3,27.9,27.4,27.3,27.4,27.4,27.3,27.2,27.3,27.2,27.2,27.2,27.2,27.2,27.0,27.1,27.2,27.1,27.1,27.0,27.2,27.0,27.1,27.1,27.0,27.1,27.2,27.1,27.2,27.3,27.2,27.5,27.6,27.6,27.8,27.6,27.6,27.5,27.6,27.5,27.3,27.1,26.9,26.9,26.9,26.9,27.0,26.9,26.7,26.8,26.9,27.0,26.9,26.9,27.0,27.1,27.0,27.1,27.0,26.9,27.0,27.0,26.9,26.7,26.7,26.8,26.7,26.8,26.9,26.9,27.0,27.1,27.0,26.9,27.1,27.1,27.4,27.6,27.7,27.7,27.5,27.1,27.0,26.5,26.7,26.6,26.7,26.6,26.5,26.7,26.5,26.6,26.8,27.0,27.1,27.3,27.3,27.3,27.3,27.6,27.3,27.5,27.6,27.6,27.5,27.6,27.6,27.6,27.8,27.6,27.6,27.6,27.5,27.6,27.8,27.4,27.5,27.6,27.6,27.5,27.5,27.6,27.4,27.5,27.5,27.3,27.6,27.3,27.3,27.3,27.5,27.3,27.3,27.4,27.3,27.2,27.3,27.3,27.2,27.3,27.1,27.1,27.1,27.2,27.2,27.0,27.2,27.1,27.2,27.1,26.9,27.1
122,27.7,27.7,27.6,27.4,27.3,27.3,27.2,27.2,27.3,27.3,27.2,27.2,27.2,27.3,27.5,27.8,28.1,28.8,29.1,29.3,29.4,29.5,29.3,29.4,29.5,29.3,29.3,29.4,29.2,29.4,29.1,29.3,29.4,29.1,29.4,29.3,29.3,29.2,29.1,28.6,28.2,27.8,27.6,27.3,27.4,27.3,27.3,27.3,27.3,27.3,27.1,27.3,27.1,27.3,27.2,27.0,27.1,27.1,27.1,27.1,27.1,27.0,27.2,27.2,27.1,27.2,27.2,27.1,27.1,27.1,27.2,27.3,27.6,27.5,27.6,27.7,27.6,27.5,27.3,27.3,27.1,27.0,27.1,27.0,26.9,26.9,26.9,27.0,27.1,26.8,26.9,26.9,26.9,26.8,27.1,27.2,27.2,27.2,27.2,26.9,26.8,26.8,26.9,26.7,26.8,26.9,26.7,26.8,26.9,26.9,26.9,26.9,27.0,27.0,27.0,27.1,27.3,27.6,27.5,27.4,27.1,27.2,26.8,26.7,26.6,26.5,26.6,26.8,26.5,26.6,26.7,26.7,26.9,27.1,27.1,27.3,27.3,27.2,27.4,27.3,27.5,27.5,27.4,27.5,27.4,27.5,27.5,27.7,27.6,27.6,27.4,27.6,27.4,27.6,27.5,27.3,27.5,27.5,27.4,27.4,27.3,27.4,27.4,27.4,27.4,27.4,27.4,27.4,27.3,27.3,27.4,27.3,27.2,27.3,27.3,27.2,27.1,27.3,27.3,27.2,27.2,27.3,27.2,27.2,27.1,27.2,27.2,27.2,27.1,27.1,27.2,27.2
123,27.7,27.6,27.6,27.3,27.4,27.4,27.5,27.2,27.2,27.1,27.2,27.3,27.3,27.2,27.4,27.8,28.2,28.7,29.1,29.2,29.3,29.5,29.3,29.2,29.4,29.5,29.4,29.3,29.3,29.4,29.3,29.3,29.3,29.4,29.3,29.3,29.3,29.4,29.1,28.8,28.5,28.0,27.5,27.4,27.3,27.4,27.4,27.3,27.2,27.1,27.3,27.3,27.1,27.1,27.1,27.2,27.3,27.2,27.1,27.2,27.3,27.2,27.1,27.1,27.0,27.0,27.1,27.1,27.3,27.1,27.1,27.2,27.3,27.2,27.5,27.5,27.4,27.3,27.3,27.1,27.0,27.1,27.1,26.9,26.9,26.9,27.1,26.9,26.8,26.9,26.9,27.0,27.1,27.1,27.2,27.4,27.4,27.3,27.3,27.2,27.0,26.8,26.8,26.9,26.8,26.8,26.7,26.8,26.9,26.9,26.8,27.0,27.1,27.0,26.9,26.9,27.1,27.3,27.5,27.3,27.1,27.0,26.7,26.9,26.7,26.8,26.6,26.6,26.5,26.7,26.8,26.6,26.9,26.9,27.1,27.2,27.4,27.4,27.4,27.3,27.4,27.5,27.6,27.6,27.6,27.6,27.6,27.3,27.6,27.6,27.6,27.7,27.6,27.6,27.6,27.5,27.5,27.6,27.6,27.6,27.5,27.5,27.5,27.6,27.3,27.5,27.7,27.4,27.4,27.3,27.2,27.6,27.3,27.3,27.4,27.4,27.1,27.2,27.2,27.2,27.3,27.2,27.3,27.3,27.3,27.2,27.1,27.3,27.2,27.2,27.1,27.1
124,27.5,27.6,27.5,27.6,27.5,27.3,27.3,27.4,27.2,27.3,27.2,27.2,27.3,27.3,27.6,28.0,28.3,28.8,29.1,29.3,29.2,29.4,29.5,29.4,29.4,29.4,29.2,29.4,29.3,29.4,29.2,29.4,29.2,29.2,29.1,29.3,29.3,29.3,29.2,28.6,28.3,27.9,27.5,27.4,27.4,27.4,27.3,27.2,27.2,27.3,27.2,27.3,27.2,27.0,27.2,27.2,27.1,27.2,27.2,27.0,27.1,27.1,27.0,27.2,27.1,27.0,27.2,27.0,27.2,27.1,27.0,27.1,27.2,27.2,27.1,27.1,27.2,27.1,27.0,27.0,26.9,26.8,27.0,27.0,26.9,26.9,26.9,26.9,27.0,26.7,26.9,26.9,26.9,27.2,27.2,27.3,27.4,27.3,27.1,27.1,27.0,26.9,26.8,27.0,26.8,26.7,26.8,26.7,26.7,26.9,26.7,27.0,27.0,26.9,27.0,26.9,26.8,27.1,27.0,27.2,27.0,26.6,26.6,26.7,26.5,26.7,26.7,26.7,26.7,26.7,26.4,26.6,26.9,27.1,27.1,27.2,27.3,27.1,27.4,27.5,27.4,27.3,27.4,27.5,27.5,27.4,27.6,27.5,27.5,27.6,27.6,27.5,27.7,27.7,27.5,27.5,27.6,27.5,27.6,27.4,27.5,27.4,27.5,27.5,27.4,27.5,27.3,27.3,27.3,27.4,27.3,27.3,27.1,27.2,27.3,27.1,27.1,27.3,27.4,27.3,27.1,27.3,27.1,27.3,27.0,27.1,27.2,27.1,27.2,27.2,27.0,27.3
125,27.6,27.6,27.5,27.4,27.5,27.1,27.3,27.4,27.3,27.4,27.2,27.4,27.3,27.3,27.5,27.9,28.2,28.6,29.1,29.4,29.4,29.5,29.4,29.4,29.4,29.5,29.2,29.4,29.3,29.2,29.4,29.5,29.3,29.2,29.2,29.2,29.2,29.2,29.0,28.8,28.3,27.9,27.5,27.5,27.4,27.4,27.4,27.3,27.1,27.1,27.2,27.1,27.1,27.2,27.0,27.1,27.1,27.1,27.2,27.1,27.1,27.0,27.1,27.1,27.1,27.1,27.1,27.0,27.0,27.1,27.1,27.1,27.0,27.0,26.9,27.1,27.1,27.1,26.9,27.1,27.0,27.0,26.8,27.0,26.9,27.0,26.9,27.0,26.9,26.9,26.9,26.8,27.0,27.1,27.2,27.3,27.4,27.2,27.1,27.0,27.0,26.8,26.9,26.7,26.8,26.9,26.9,26.9,26.8,26.8,26.9,27.0,26.9,26.9,26.9,26.8,26.8,26.9,26.9,27.0,26.8,26.6,26.5,26.7,26.7,26.6,26.6,26.7,26.6,26.6,26.7,26.7,26.9,27.1,27.2,27.3,27.3,27.3,27.5,27.4,27.4,27.5,27.6,27.4,27.4,27.5,27.6,27.5,27.6,27.6,27.7,27.7,27.7,27.6,27.8,27.6,27.5,27.5,27.5,27.4,27.6,27.4,27.4,27.3,27.5,27.2,27.4,27.4,27.3,27.6,27.4,27.5,27.2,27.3,27.3,27.3,27.1,27.2,27.3,27.1,27.1,27.2,27.3,27.2,26.9,27.2,27.2,27.3,27.2,27.1,27.0,27.1
126,27.6,27.6,27.6,27.5,27.6,27.4,27.6,27.4,27.4,27.3,27.3,27.4,27.4,27.2,27.6,27.9,28.3,28.7,29.2,29.2,29.5,29.4,29.4,29.2,29.4,29.4,29.4,29.5,29.2,29.2,29.3,29.4,29.3,29.4,29.2,29.2,29.3,29.3,29.0,28.6,28.3,27.9,27.5,27.5,27.5,27.6,27.4,27.2,27.3,27.2,27.3,27.2,27.2,27.1,27.2,27.0,27.1,27.1,27.1,27.2,27.2,27.3,27.2,27.2,27.1,27.1,27.1,27.0,27.1,27.1,27.0,27.2,27.0,27.1,26.9,26.9,27.1,26.9,27.0,27.1,27.1,26.9,27.1,27.0,26.9,26.9,27.0,27.0,27.0,26.9,26.8,27.1,26.9,26.9,27.3,27.2,27.2,27.1,27.0,26.9,26.9,26.8,26.9,26.8,26.9,26.7,26.7,26.8,26.8,26.6,26.8,26.8,26.9,26.8,26.9,26.9,26.8,26.9,27.0,26.8,26.8,26.8,26.7,26.7,26.5,26.7,26.7,26.6,26.7,26.7,26.7,26.7,26.9,27.0,27.1,27.4,27.5,27.3,27.4,27.4,27.4,27.6,27.6,27.7,27.6,27.5,27.5,27.6,27.6,27.6,27.4,27.6,27.7,27.7,27.5,27.4,27.6,27.7,27.7,27.4,27.6,27.5,27.6,27.6,27.5,27.5,27.5,27.4,27.5,27.4,27.3,27.4,27.4,27.4,27.3,27.3,27.4,27.3,27.4,27.4,27.3,27.3,27.4,27.1,27.1,27.3,27.4,27.1,27.1,27.3,27.0,27.1
127,27.5,27.6,27.6,27.6,27.4,27.4,27.5,27.3,27.3,27.4,27.2,27.4,27.3,27.2,27.6,28.0,28.2,28.8,29.0,29.2,29.3,29.4,29.5,29.3,29.5,29.3,29.4,29.4,29.2,29.2,29.3,29.4,29.2,29.2,29.4,29.4,29.1,29.2,28.9,28.8,28.4,27.8,27.4,27.4,27.4,27.4,27.3,27.3,27.1,27.1,27.3,27.1,27.1,27.1,27.2,27.0,27.1,27.0,27.1,27.1,27.2,27.1,27.0,27.2,27.0,27.0,27.2,26.9,27.1,26.8,26.9,27.0,27.0,26.9,26.7,27.0,26.8,26.9,26.8,26.9,26.9,26.8,26.9,26.9,27.1,26.8,27.1,27.1,27.0,27.0,27.0,27.0,27.0,27.1,27.0,27.2,26.9,27.1,26.9,26.8,26.8,27.0,26.8,26.9,26.7,26.8,26.7,26.8,26.9,26.7,26.9,26.7,26.9,26.9,27.0,26.7,26.7,26.7,26.7,26.9,26.8,26.7,26.8,26.7,26.7,26.7,26.7,26.6,26.7,26.7,26.8,26.8,26.7,26.9,27.2,27.1,27.3,27.2,27.3,27.3,27.4,27.5,27.5,27.6,27.6,27.3,27.5,27.6,27.6,27.6,27.5,27.6,27.5,27.6,27.7,27.6,27.3,27.6,27.6,27.4,27.5,27.4,27.5,27.4,27.5,27.6,27.5,27.4,27.4,27.5,27.5,27.4,27.5,27.3,27.3,27.4,27.4,27.2,27.2,27.3,27.2,27.4,27.2,27.3,27.2,27.2,27.2,27.3,26.9,27.2,27.3,27.0
128,27.6,27.6,27.5,27.6,27.5,27.2,27.6,27.3,27.2,27.2,27.3,27.4,27.3,27.4,27.4,27.9,28.2,28.7,29.1,29.3,29.2,29.3,29.4,29.3,29.3,29.5,29.4,29.3,29.3,29.3,29.4,29.4,29.3,29.3,29.2,29.4,29.1,29.3,29.0,28.9,28.4,28.1,27.4,27.5,27.3,27.6,27.4,27.2,27.2,27.3,27.2,27.3,27.1,27.2,26.9,27.1,27.0,27.2,27.0,27.6,27.3,27.3,27.2,27.0,27.1,27.1,27.3,27.1,27.1,27.0,27.1,27.0,27.1,27.1,26.9,27.1,26.9,27.0,26.9,26.8,26.9,26.9,27.0,26.9,26.9,27.0,27.0,27.0,26.9,26.9,27.1,26.9,26.9,26.9,26.9,26.9,27.0,26.9,26.9,26.9,26.8,26.7,26.9,26.7,26.7,26.9,26.9,26.8,26.7,26.8,26.8,26.7,26.8,26.9,26.9,26.8,26.8,26.9,26.9,27.0,26.9,26.9,26.8,26.6,26.7,26.6,26.7,26.8,26.8,26.7,26.9,26.7,26.9,27.1,27.1,27.1,27.2,27.4,27.4,27.5,27.4,27.5,27.4,27.6,27.5,27.5,27.6,27.4,27.7,27.7,27.7,27.5,27.5,27.5,27.5,27.6,27.4,27.5,27.5,27.6,27.4,27.4,27.3,27.4,27.5,27.3,27.4,27.3,27.4,27.3,27.3,27.3,27.3,27.3,27.3,27.2,27.2,27.3,27.3,27.2,27.3,27.3,27.2,27.2,27.1,27.2,27.3,27.2,27.1,27.4,27.1,27.2
129,27.7,27.6,27.6,27.6,27.6,27.6,27.4,27.6,27.3,27.3,27.2,27.2,27.4,27.3,27.4,27.8,28.4,28.8,29.2,29.3,29.3,29.3,29.5,29.4,29.5,29.4,29.4,29.4,29.2,29.2,29.2,29.3,29.2,29.4,29.2,29.3,29.2,29.3,29.0,28.6,28.4,27.8,27.6,27.5,27.5,27.3,27.2,27.2,27.2,27.2,27.2,27.2,27.1,27.3,27.1,27.1,27.2,27.2,27.1,27.0,27.3,27.3,27.1,27.3,27.3,27.4,27.1,27.1,27.1,27.1,27.0,27.1,27.0,27.0,27.0,27.1,26.9,26.8,26.9,26.9,26.9,27.0,27.1,27.1,26.9,26.9,26.9,26.9,27.0,26.9,27.0,26.9,26.8,27.1,26.9,27.0,26.8,27.0,26.9,26.8,26.8,26.9,26.7,26.8,26.8,26.8,26.9,26.8,26.8,26.7,26.7,26.9,26.8,26.8,27.1,26.9,26.8,27.0,26.9,26.9,26.8,26.7,26.8,26.7,26.7,26.6,26.8,26.6,26.7,26.7,26.8,26.7,26.8,27.0,26.9,27.3,27.3,27.3,27.5,27.4,27.4,27.4,27.5,27.4,27.6,27.4,27.5,27.6,27.5,27.6,27.6,27.5,27.6,27.4,27.5,27.4,27.5,27.5,27.6,27.7,27.4,27.4,27.5,27.5,27.5,27.3,27.4,27.3,27.5,27.4,27.6,27.4,27.2,27.4,27.5,27.4,27.3,27.2,27.2,27.3,27.2,27.4,27.1,27.0,27.3,27.1,27.3,27.1,27.2,27.2,27.1,27.1
130,27.6,27.7,27.6,27.5,27.4,27.5,27.6,27.3,27.3,27.2,27.3,27.3,27.2,27.4,27.6,27.8,28.2,28.7,29.1,29.2,29.3,29.3,29.4,29.3,29.4,29.4,29.3,29.2,29.1,29.1,29.2,29.1,29.2,29.2,29.4,29.2,29.0,29.3,29.0,28.7,28.5,27.9,27.5,27.5,27.5,27.3,27.3,27.2,27.2,27.1,27.3,27.3,27.1,27.3,27.2,27.0,27.3,27.1,27.3,27.1,27.2,27.2,27.1,27.1,27.3,27.1,27.1,27.2,27.1,27.0,27.1,27.0,26.9,27.0,27.0,26.9,27.0,26.9,26.9,27.0,26.8,27.0,27.0,26.9,27.0,26.9,27.0,27.0,26.9,27.1,26.9,26.9,26.8,27.1,26.9,27.0,26.9,26.9,26.9,27.0,26.8,26.8,26.8,26.9,26.8,26.8,26.8,26.8,26.8,26.8,26.7,26.8,26.9,26.9,27.1,27.0,26.9,27.1,27.1,27.1,26.9,26.9,26.8,26.7,26.7,26.7,26.7,26.7,26.6,26.6,26.6,26.7,26.8,27.0,27.1,27.2,27.1,27.3,27.4,27.4,27.6,27.7,27.6,27.6,27.5,27.6,27.5,27.6,27.8,27.7,27.5,27.7,27.5,27.5,27.4,27.6,27.6,27.5,27.6,27.7,27.6,27.4,27.4,27.3,27.5,27.4,27.3,27.5,27.5,27.4,27.2,27.3,27.3,27.3,27.2,27.2,27.1,27.3,27.3,27.2,27.3,27.3,27.3,27.2,27.0,27.1,27.2,27.1,27.2,27.2,27.1,27.2
131,27.8,27.6,27.7,27.6,27.4,27.5,27.4,27.5,27.4,27.4,27.2,27.4,27.5,27.4,27.5,27.8,28.2,28.8,29.1,29.4,29.3,29.5,29.6,29.4,29.5,29.3,29.2,29.2,29.2,29.0,28.9,29.0,29.0,29.2,29.2,29.3,29.2,29.2,29.0,28.6,28.3,27.9,27.4,27.5,27.6,27.3,27.2,27.2,27.2,27.3,27.2,27.1,27.3,27.2,27.2,27.2,27.2,27.1,27.1,27.1,27.2,27.1,27.1,27.2,27.1,27.0,27.2,27.0,27.1,27.0,26.9,26.9,26.9,27.0,26.9,26.9,26.9,26.8,26.9,26.9,26.9,26.9,26.9,26.9,27.0,27.0,27.0,26.9,26.9,27.0,27.0,27.0,27.1,26.9,26.9,26.9,26.9,27.0,26.9,26.7,26.7,26.9,26.8,26.7,26.6,26.7,26.8,26.8,26.7,26.8,26.9,26.6,26.8,26.9,27.0,27.0,27.3,27.2,27.1,27.1,27.0,26.7,26.9,26.5,26.8,26.6,26.5,26.6,26.6,26.7,26.6,26.8,26.8,26.9,27.1,27.3,27.3,27.1,27.5,27.4,27.4,27.5,27.7,27.4,27.6,27.5,27.6,27.5,27.6,27.6,27.6,27.6,27.6,27.6,27.5,27.4,27.6,27.4,27.5,27.5,27.4,27.4,27.4,27.5,27.3,27.4,27.4,27.4,27.3,27.3,27.3,27.2,27.5,27.3,27.2,27.2,27.3,27.3,27.3,27.3,27.1,27.2,27.2,27.3,27.3,27.2,27.2,27.1,27.2,27.1,27.0,27.2
132,27.6,27.6,27.5,27.6,27.5,27.4,27.3,27.4,27.3,27.2,27.2,27.4,27.3,27.4,27.3,27.8,28.1,28.7,29.0,29.2,29.3,29.3,29.3,29.3,29.4,29.3,29.3,29.0,29.2,29.0,29.0,29.1,29.1,29.0,29.1,29.2,29.3,29.2,29.0,28.7,28.6,27.9,27.5,27.4,27.4,27.4,27.3,27.3,27.1,27.1,27.2,27.2,27.1,27.1,27.2,27.1,27.1,27.1,27.2,27.1,27.1,27.2,27.2,27.1,27.1,27.1,27.1,27.0,26.9,27.0,27.1,27.0,27.1,27.2,26.8,27.1,26.9,26.9,26.8,26.9,26.9,27.0,26.9,27.0,27.0,26.8,27.0,27.1,27.0,26.9,27.1,26.9,26.7,27.0,27.1,27.1,26.9,26.8,26.8,26.7,26.8,26.9,26.7,26.9,26.6,26.7,26.8,26.7,26.7,26.8,26.7,26.6,26.7,26.9,26.9,27.0,27.1,27.2,27.0,27.1,26.9,26.9,26.8,26.6,26.7,26.6,26.5,26.5,26.7,26.6,26.6,26.6,26.8,27.0,27.1,27.1,27.3,27.3,27.5,27.3,27.5,27.6,27.6,27.6,27.6,27.8,27.6,27.5,27.6,27.5,27.6,27.6,27.5,27.5,27.4,27.5,27.6,27.6,27.5,27.5,27.4,27.5,27.4,27.3,27.4,27.4,27.3,27.4,27.3,27.4,27.3,27.3,27.3,27.3,27.3,27.2,27.1,27.2,27.2,27.3,27.1,27.1,27.2,27.2,27.3,27.1,27.1,27.2,27.1,27.3,27.1,27.2
133,27.7,27.6,27.6,27.3,27.5,27.6,27.5,27.4,27.3,27.3,27.3,27.4,27.2,27.3,27.5,27.9,28.1,28.7,29.0,29.2,29.4,29.5,29.2,29.2,29.5,29.2,29.3,29.1,29.1,29.1,29.1,29.1,29.1,29.3,29.3,29.3,29.2,29.3,29.0,28.8,28.5,28.2,27.7,27.4,27.3,27.2,27.3,27.4,27.2,27.3,27.1,27.2,27.1,27.3,27.2,27.1,27.2,27.1,27.3,27.2,27.1,27.2,27.1,27.0,27.1,27.1,27.1,26.9,27.0,27.2,27.0,27.0,27.0,26.9,27.1,26.9,27.0,27.1,26.9,27.0,27.0,26.9,26.9,27.0,27.0,27.0,27.0,27.0,27.0,26.9,27.1,27.0,26.8,27.1,26.9,26.9,26.9,26.9,26.8,26.8,26.8,26.8,26.8,26.8,26.7,26.9,26.8,26.7,26.9,26.7,26.8,26.9,26.9,26.9,27.0,27.1,27.1,27.1,27.1,27.2,27.1,26.9,26.8,26.7,26.9,26.7,26.5,26.6,26.6,26.8,26.5,26.7,26.9,26.9,27.0,27.1,27.4,27.3,27.4,27.3,27.3,27.5,27.6,27.6,27.4,27.6,27.7,27.5,27.6,27.5,27.6,27.6,27.6,27.5,27.5,27.6,27.5,27.4,27.7,27.4,27.4,27.5,27.3,27.4,27.4,27.4,27.3,27.4,27.4,27.4,27.3,27.4,27.4,27.4,27.4,27.2,27.2,27.2,27.4,27.3,27.2,27.3,27.2,27.1,27.2,27.0,27.1,27.3,27.3,27.3,27.1,27.3
134,27.8,27.5,27.6,27.5,27.5,27.6,27.5,27.2,27.2,27.3,27.4,27.3,27.3,27.4,27.4,27.7,28.1,28.7,29.0,29.2,29.4,29.3,29.5,29.5,29.3,29.3,29.1,29.2,29.3,29.1,29.3,29.3,29.2,29.1,29.1,28.9,29.0,29.0,28.7,28.5,28.4,28.0,27.8,27.6,27.5,27.2,27.3,27.1,27.1,27.3,27.2,27.2,27.1,27.2,27.2,27.2,27.1,27.1,27.1,27.1,27.1,27.2,27.1,27.1,27.1,27.1,27.0,27.0,27.0,27.1,27.0,27.0,27.0,27.1,27.0,27.0,26.9,27.0,26.9,27.1,26.9,26.8,26.9,27.0,27.0,27.0,26.9,26.9,27.1,27.0,27.1,26.9,27.1,26.9,26.8,26.9,26.9,26.8,26.9,26.7,26.9,26.7,26.8,26.7,26.7,26.7,26.7,26.8,26.7,26.7,26.8,26.7,26.7,26.7,27.0,27.0,27.0,27.0,27.1,27.1,27.0,27.0,26.9,26.7,26.7,26.7,26.6,26.7,26.8,26.8,26.7,26.7,26.9,26.9,27.1,27.3,27.1,27.4,27.3,27.3,27.3,27.3,27.5,27.6,27.4,27.6,27.6,27.6,27.6,27.6,27.6,27.6,27.5,27.5,27.5,27.3,27.5,27.3,27.6,27.6,27.5,27.4,27.5,27.4,27.4,27.2,27.4,27.5,27.4,27.4,27.6,27.4,27.3,27.2,27.3,27.2,27.5,27.1,27.2,27.1,27.3,27.2,27.2,27.2,27.2,27.2,27.1,27.1,27.1,27.0,27.1,27.1
135,27.6,27.7,27.7,27.6,27.6,27.4,27.8,27.6,27.4,27.3,27.2,27.3,27.3,27.4,27.5,27.8,28.1,28.6,28.9,29.2,29.4,29.2,29.4,29.2,29.4,29.4,29.3,29.6,29.4,29.4,29.3,29.4,29.3,29.2,29.0,29.1,28.9,28.6,28.5,28.5,28.5,28.4,28.0,27.6,27.3,27.3,27.3,27.1,27.2,27.2,27.2,27.2,27.3,27.2,27.3,27.3,27.2,27.2,27.2,27.1,27.3,27.1,27.1,27.1,27.1,27.2,27.1,27.1,26.9,26.9,27.0,27.1,27.0,27.0,26.9,26.9,26.9,26.9,27.0,27.0,27.0,27.0,27.0,27.0,27.1,27.0,27.2,27.0,26.9,27.1,27.0,26.9,27.0,27.1,27.0,26.9,26.9,26.8,27.0,26.8,26.9,26.7,26.7,26.9,26.7,26.8,26.8,26.7,26.7,26.8,26.8,26.7,26.6,26.6,26.8,26.9,26.9,27.2,27.1,27.3,27.2,27.1,26.8,26.8,26.8,26.6,26.8,26.7,26.7,26.7,26.8,26.8,26.9,27.0,27.0,27.3,27.3,27.2,27.6,27.3,27.6,27.6,27.4,27.4,27.6,27.5,27.4,27.6,27.6,27.6,27.6,27.6,27.6,27.6,27.5,27.5,27.4,27.5,27.6,27.4,27.3,27.5,27.5,27.6,27.3,27.4,27.3,27.3,27.4,27.4,27.4,27.5,27.4,27.3,27.3,27.4,27.2,27.3,27.1,27.2,27.3,27.1,27.1,27.0,27.1,27.1,27.2,27.2,27.2,27.1,27.3,27.2
136,27.6,27.6,27.4,27.7,27.6,27.4,27.6,27.3,27.4,27.3,27.4,27.3,27.3,27.3,27.4,27.8,28.0,28.4,29.0,29.2,29.4,29.4,29.4,29.2,29.4,29.3,29.2,29.3,29.3,29.2,29.2,29.3,29.3,29.1,29.0,28.9,28.5,28.3,28.1,28.2,28.3,28.3,28.1,27.8,27.4,27.3,27.0,27.1,27.2,27.1,27.3,27.2,27.1,27.3,27.2,27.4,27.4,27.2,27.2,27.3,27.4,27.2,27.1,27.1,26.9,27.1,27.1,27.1,27.1,26.9,26.8,27.0,27.1,27.1,27.1,26.9,27.0,26.9,27.0,27.0,27.0,26.8,27.1,26.8,26.9,27.0,27.0,26.9,27.0,27.0,26.9,27.0,26.9,27.1,26.9,26.9,26.8,27.0,27.0,27.0,26.9,26.9,26.9,26.9,26.7,27.0,26.8,26.8,26.7,26.7,26.7,26.9,26.7,26.7,26.7,26.9,26.9,27.0,27.2,27.1,27.2,27.1,27.0,26.8,26.8,26.7,26.6,26.6,26.5,26.7,26.7,26.7,26.9,27.1,26.9,27.2,27.2,27.3,27.2,27.4,27.3,27.5,27.5,27.4,27.5,27.6,27.7,27.4,27.7,27.6,27.6,27.6,27.5,27.6,27.5,27.5,27.5,27.6,27.5,27.6,27.4,27.6,27.4,27.4,27.4,27.5,27.2,27.3,27.3,27.5,27.3,27.4,27.2,27.3,27.4,27.2,27.4,27.2,27.3,27.3,27.3,27.3,27.1,27.3,27.3,27.2,27.2,27.3,27.1,27.1,27.2,27.1
137,27.6,27.6,27.6,27.5,27.4,27.4,27.4,27.4,27.3,27.3,27.4,27.3,27.4,27.3,27.4,27.6,27.9,28.2,28.8,29.0,29.1,29.0,29.2,29.4,29.3,29.2,29.3,29.2,29.1,29.1,29.3,29.1,29.1,29.0,28.8,28.6,28.2,28.2,28.0,28.2,28.4,28.3,28.0,27.7,27.3,27.2,27.3,27.3,27.1,27.1,27.3,27.3,27.5,27.6,27.8,27.9,27.8,27.8,27.6,27.4,27.2,27.1,27.3,27.2,27.2,27.2,27.0,27.1,27.0,27.0,26.9,27.1,27.2,27.0,27.1,26.9,27.1,27.0,27.0,27.1,27.1,26.9,27.1,26.9,27.1,26.8,27.1,27.1,27.1,26.9,27.1,26.9,27.0,27.0,27.1,27.0,26.9,27.0,26.9,26.9,26.9,26.9,26.9,26.9,27.0,26.7,27.0,26.8,26.8,26.7,26.9,26.7,26.6,26.7,26.8,26.9,26.7,27.0,27.1,27.1,27.2,27.0,26.9,26.9,26.8,26.7,26.6,26.7,26.7,26.7,26.7,26.7,26.9,27.0,27.2,27.3,27.4,27.3,27.5,27.3,27.4,27.6,27.6,27.5,27.4,27.5,27.6,27.7,27.5,27.6,27.6,27.6,27.5,27.6,27.5,27.6,27.6,27.6,27.3,27.5,27.5,27.6,27.6,27.6,27.5,27.4,27.3,27.5,27.3,27.3,27.4,27.3,27.4,27.1,27.2,27.2,27.3,27.3,27.4,27.3,27.1,27.4,27.4,27.2,27.1,27.2,27.3,27.1,27.0,27.3,27.3,27.3
138,27.5,27.6,27.6,27.6,27.6,27.3,27.5,27.4,27.3,27.3,27.4,27.3,27.3,27.2,27.3,27.5,27.8,28.0,28.2,28.7,28.6,28.8,29.0,28.9,29.0,28.8,28.8,28.8,28.8,28.6,28.6,28.5,28.5,28.4,28.4,28.3,28.0,28.0,27.8,28.2,28.0,27.8,27.8,27.8,27.3,27.2,27.0,27.1,27.2,27.3,27.3,27.5,27.8,27.9,28.1,28.1,28.2,28.2,28.1,27.8,27.6,27.3,27.3,27.1,27.2,27.3,27.0,27.0,27.1,27.0,27.0,26.9,26.9,27.1,27.1,27.0,27.0,27.0,27.1,27.1,27.1,27.2,27.0,27.2,27.1,27.1,27.1,26.9,27.0,27.0,27.1,26.9,27.0,26.8,27.0,26.9,27.0,27.0,26.8,27.1,26.9,26.9,26.9,26.8,27.0,26.9,26.8,26.9,26.9,26.7,26.8,26.8,26.7,26.6,26.8,26.9,27.0,26.9,26.9,27.1,27.1,26.9,26.9,26.8,26.7,26.7,26.6,26.7,26.7,26.5,26.9,26.9,26.7,27.0,27.3,27.3,27.3,27.4,27.5,27.5,27.5,27.3,27.4,27.4,27.5,27.7,27.5,27.6,27.5,27.4,27.7,27.6,27.5,27.5,27.5,27.5,27.5,27.6,27.5,27.5,27.5,27.5,27.2,27.5,27.3,27.5,27.3,27.4,27.5,27.4,27.4,27.2,27.1,27.2,27.3,27.3,27.3,27.4,27.2,27.3,27.3,27.3,27.1,27.2,27.1,27.3,27.1,27.1,27.1,27.1,27.1,27.1
139,27.5,27.6,27.6,27.6,27.4,27.3,27.5,27.3,27.3,27.3,27.3,27.3,27.3,27.3,27.2,27.4,27.6,27.8,28.0,28.2,28.3,28.4,28.6,28.4,28.5,28.5,28.4,28.3,28.1,28.1,27.9,28.1,27.8,27.8,27.8,27.7,27.6,27.8,27.6,27.6,27.7,27.7,27.6,27.5,27.4,27.3,27.3,27.2,27.2,27.3,27.6,27.8,28.1,28.3,28.4,28.4,28.4,28.4,28.3,28.3,27.9,27.6,27.4,27.4,27.2,27.1,27.1,27.0,27.2,27.0,27.1,27.1,27.1,26.9,27.1,27.1,26.9,27.0,27.0,26.9,27.1,26.8,27.2,27.0,26.9,27.0,27.2,27.0,27.1,26.8,27.0,27.0,26.9,26.9,27.0,26.9,26.9,27.0,26.9,27.0,26.9,26.9,26.9,26.9,26.8,26.9,26.9,26.8,26.8,26.9,26.9,26.7,26.8,26.9,26.9,26.8,26.8,26.8,26.9,26.9,27.0,26.8,26.9,26.6,26.7,26.8,26.6,26.7,26.5,26.6,26.7,26.9,26.8,27.0,27.1,27.2,27.3,27.3,27.3,27.3,27.5,27.5,27.4,27.4,27.4,27.6,27.6,27.6,27.5,27.5,27.5,27.5,27.5,27.5,27.4,27.4,27.5,27.5,27.5,27.6,27.5,27.4,27.6,27.5,27.4,27.3,27.4,27.4,27.3,27.3,27.3,27.3,27.1,27.3,27.3,27.2,27.3,27.3,27.1,27.2,27.2,27.2,27.1,27.3,27.2,27.2,27.3,27.3,27.1,27.1,27.1,27.2
140,27.8,27.6,27.6,27.7,27.5,27.5,27.5,27.3,27.3,27.4,27.2,27.3,27.2,27.4,27.3,27.2,27.5,27.8,27.7,28.1,28.2,28.3,28.3,28.3,28.4,28.2,28.0,27.9,27.8,27.6,27.6,27.6,27.7,27.6,27.4,27.4,27.5,27.8,27.6,27.6,27.6,27.5,27.4,27.4,27.4,27.4,27.2,27.2,27.5,27.4,27.7,28.0,28.4,28.6,28.5,28.5,28.5,28.4,28.6,28.7,28.5,27.9,27.5,27.2,27.2,27.1,27.1,27.0,27.1,27.0,27.1,27.0,27.1,26.9,27.2,27.2,27.2,27.2,27.2,27.0,26.9,27.0,27.0,26.9,27.1,26.9,27.1,27.1,27.0,27.2,26.9,27.0,27.1,27.2,27.3,27.1,27.1,27.1,27.0,27.0,26.9,27.0,26.9,26.9,26.9,27.0,26.9,26.9,26.9,26.8,26.7,26.9,26.9,26.9,26.9,26.8,26.7,26.8,26.7,26.8,26.9,26.9,26.7,26.7,26.8,26.9,26.7,26.5,26.6,26.7,26.7,26.7,26.7,27.1,27.0,27.3,27.3,27.5,27.5,27.4,27.4,27.5,27.6,27.6,27.5,27.5,27.6,27.6,27.6,27.5,27.6,27.5,27.5,27.6,27.5,27.5,27.6,27.6,27.5,27.5,27.4,27.5,27.6,27.3,27.5,27.5,27.4,27.4,27.4,27.4,27.2,27.3,27.4,27.3,27.4,27.3,27.2,27.3,27.3,27.3,27.2,27.3,27.2,27.3,27.2,27.2,27.3,27.2,27.3,27.3,27.3,27.2
141,27.6,27.6,27.4,27.6,27.4,27.6,27.4,27.4,27.3,27.4,27.3,27.4,27.2,27.3,27.2,27.3,27.3,27.7,27.7,27.9,28.2,28.1,28.3,28.0,28.2,28.0,28.0,27.7,27.6,27.6,27.5,27.4,27.3,27.3,27.3,27.4,27.2,27.5,27.3,27.4,27.3,27.3,27.3,27.3,27.4,27.3,27.1,27.2,27.3,27.5,27.8,28.1,28.3,28.3,28.3,28.2,28.3,28.6,28.7,28.9,28.8,27.9,27.4,27.3,27.1,27.1,27.1,27.1,27.1,27.1,27.0,27.3,27.2,27.2,27.2,27.3,27.1,27.0,26.9,27.2,27.1,27.2,27.2,27.0,27.0,27.1,27.3,27.1,27.3,27.2,27.2,27.1,27.1,27.2,27.3,27.2,27.3,27.2,27.3,27.2,27.1,27.0,27.0,26.9,26.9,26.7,27.0,26.9,26.8,26.8,26.8,26.9,26.9,26.9,26.9,26.9,26.9,26.8,26.9,26.9,26.7,26.7,26.7,26.7,26.6,26.7,26.6,26.7,26.5,26.6,26.7,26.7,26.8,26.8,27.0,27.1,27.3,27.2,27.4,27.5,27.4,27.2,27.4,27.4,27.4,27.5,27.4,27.5,27.5,27.5,27.6,27.5,27.6,27.5,27.5,27.3,27.6,27.4,27.4,27.3,27.6,27.4,27.4,27.3,27.6,27.5,27.4,27.2,27.4,27.3,27.4,27.3,27.3,27.3,27.3,27.2,27.3,27.0,27.3,27.1,27.3,27.3,27.3,27.2,27.1,27.1,27.1,27.2,27.2,27.2,27.1,27.2
142,27.5,27.5,27.5,27.5,27.5,27.3,27.5,27.3,27.4,27.3,27.3,27.3,27.2,27.3,27.4,27.4,27.5,27.8,27.8,27.9,28.1,28.1,28.1,28.0,28.1,28.2,27.9,27.7,27.7,27.5,27.4,27.5,27.4,27.4,27.3,27.3,27.4,27.3,27.3,27.3,27.3,27.2,27.3,27.4,27.3,27.3,27.0,27.1,27.3,27.7,27.7,28.2,28.4,28.4,28.1,28.1,28.3,28.4,28.8,29.0,29.0,27.8,27.6,27.2,27.4,27.2,27.0,27.1,27.3,27.3,27.1,27.1,27.2,27.3,27.1,27.3,27.2,27.2,27.0,27.2,27.1,27.0,27.3,27.3,27.2,27.3,27.3,27.3,27.1,27.0,27.3,27.2,27.3,27.6,27.4,27.2,27.2,27.3,27.2,27.3,27.2,27.1,27.2,26.9,26.9,27.0,26.9,26.9,26.7,26.9,26.9,26.9,26.9,27.0,26.9,26.8,26.9,26.9,26.8,27.0,26.7,26.8,26.8,26.5,26.6,26.7,26.6,26.6,26.5,26.5,26.7,26.7,26.8,27.0,27.0,27.2,27.3,27.3,27.5,27.3,27.3,27.3,27.5,27.4,27.4,27.4,27.6,27.5,27.6,27.6,27.6,27.6,27.4,27.6,27.4,27.5,27.6,27.5,27.6,27.5,27.4,27.4,27.3,27.5,27.5,27.3,27.3,27.3,27.3,27.5,27.3,27.6,27.3,27.2,27.3,27.3,27.3,27.2,27.3,27.3,27.2,27.3,27.1,27.3,27.2,27.0,27.2,27.2,27.3,27.1,27.1,27.1
143,27.7,27.7,27.6,27.5,27.5,27.4,27.6,27.5,27.4,27.3,27.3,27.6,27.5,27.4,27.5,27.3,27.6,27.8,27.8,28.0,28.1,28.0,28.2,28.0,28.2,28.1,28.1,27.8,27.7,27.4,27.4,27.2,27.3,27.3,27.1,27.3,27.3,27.3,27.2,27.3,27.2,27.3,27.2,27.2,27.2,27.1,27.2,27.2,27.5,27.6,28.0,28.2,28.4,28.3,28.2,28.1,28.3,28.6,28.8,29.0,29.0,28.0,27.4,27.3,27.1,27.2,27.1,27.2,27.1,27.1,27.3,27.1,27.2,27.3,27.2,27.2,27.2,27.1,27.1,27.1,27.2,27.2,27.3,27.3,27.2,27.5,27.3,27.2,27.3,27.2,27.3,27.3,27.5,27.4,27.3,27.4,27.6,27.4,27.3,27.2,27.3,27.3,27.1,27.0,27.1,26.9,26.8,26.8,26.9,26.9,26.9,27.0,26.9,27.0,27.0,27.0,26.9,26.9,26.8,26.8,26.7,26.7,26.6,26.7,26.5,26.6,26.7,26.7,26.7,26.4,26.5,26.8,26.7,26.8,27.0,27.0,27.3,27.4,27.3,27.3,27.2,27.4,27.5,27.4,27.4,27.4,27.4,27.5,27.4,27.6,27.6,27.5,27.5,27.3,27.5,27.5,27.6,27.5,27.4,27.5,27.4,27.5,27.3,27.4,27.3,27.5,27.4,27.4,27.4,27.2,27.3,27.3,27.3,27.3,27.1,27.3,27.3,27.3,27.3,27.3,27.2,27.3,27.2,27.3,27.2,27.2,27.1,27.2,27.2,27.2,27.2,27.1
144,27.8,27.7,27.6,27.7,27.8,27.6,27.7,27.6,27.8,27.6,27.6,27.7,27.6,27.6,27.7,27.6,27.7,27.9,27.8,28.0,28.1,28.0,28.2,27.9,28.2,28.2,28.1,27.9,27.4,27.4,27.4,27.3,27.2,27.4,27.3,27.3,27.2,27.2,27.2,27.2,27.1,27.3,27.3,27.2,27.3,27.2,27.0,27.3,27.3,27.6,27.8,28.1,28.3,28.2,28.4,28.2,28.3,28.6,28.7,29.2,28.7,27.9,27.3,27.1,27.2,27.1,27.3,27.2,27.4,27.3,27.1,27.2,27.3,27.3,27.2,27.3,27.3,27.3,27.1,27.1,27.3,27.2,27.4,27.6,27.6,27.4,27.6,27.4,27.5,27.4,27.4,27.4,27.5,27.6,27.5,27.6,27.8,27.4,27.5,27.5,27.4,27.2,27.2,26.9,27.1,26.9,26.7,26.9,26.7,26.9,26.8,26.8,26.9,26.9,26.9,26.8,26.9,26.8,26.7,26.8,26.7,26.7,26.7,26.8,26.7,26.7,26.7,26.7,26.6,26.8,26.7,26.6,26.7,26.9,27.1,27.1,27.3,27.3,27.4,27.3,27.5,27.5,27.4,27.6,27.5,27.5,27.5,27.6,27.5,27.6,27.5,27.6,27.6,27.5,27.5,27.4,27.4,27.5,27.5,27.4,27.4,27.5,27.5,27.4,27.4,27.4,27.2,27.3,27.5,27.3,27.3,27.3,27.3,27.3,27.3,27.3,27.3,27.2,27.3,27.2,27.3,27.3,27.1,27.2,27.1,27.1,27.1,27.1,27.1,27.1,27.2,27.2
145,27.8,27.8,28.0,27.7,27.7,28.0,27.9,27.7,27.8,27.7,27.9,27.8,27.9,27.8,28.0,27.9,28.0,28.1,28.0,28.1,28.1,28.2,28.2,28.0,28.1,27.9,27.9,27.8,27.5,27.5,27.5,27.3,27.3,27.2,27.3,27.3,27.4,27.3,27.2,27.3,27.2,27.2,27.3,27.3,27.3,27.2,27.2,27.3,27.3,27.5,27.6,27.9,28.2,28.4,28.5,28.7,28.6,28.6,28.8,29.0,28.4,27.9,27.5,27.5,27.2,27.3,27.1,27.1,27.2,27.3,27.3,27.3,27.3,27.4,27.3,27.2,27.4,27.1,27.1,27.1,27.1,27.3,27.4,27.4,27.6,27.4,27.5,27.3,27.4,27.3,27.4,27.5,27.6,27.7,27.6,27.5,27.6,27.2,27.4,27.3,27.2,27.3,27.3,27.1,27.0,26.9,27.1,27.0,26.9,26.9,26.7,26.7,26.9,26.9,26.8,26.7,26.8,26.8,26.8,26.9,26.8,26.9,26.9,26.8,26.8,26.6,26.7,26.8,26.7,26.8,26.7,26.7,26.7,27.0,26.9,27.2,27.2,27.3,27.6,27.3,27.4,27.5,27.5,27.6,27.5,27.5,27.6,27.5,27.7,27.5,27.5,27.5,27.6,27.4,27.6,27.6,27.5,27.4,27.5,27.5,27.3,27.5,27.4,27.5,27.6,27.4,27.3,27.4,27.4,27.5,27.5,27.4,27.3,27.4,27.4,27.3,27.3,27.3,27.3,27.3,27.2,27.2,27.1,27.2,27.2,27.2,27.3,27.2,27.2,27.2,27.1,27.3
146,27.9,27.9,28.1,27.9,27.9,28.0,28.0,28.0,28.0,27.9,27.9,28.0,28.1,28.0,28.1,28.3,27.9,28.1,28.0,28.1,28.0,28.0,28.2,28.0,28.0,28.1,27.9,27.8,27.7,27.2,27.2,27.3,27.2,27.1,27.2,27.2,27.2,27.3,27.2,27.0,27.0,27.2,27.1,27.1,27.0,27.2,27.0,27.1,27.3,27.4,27.6,27.8,27.9,28.1,28.2,28.4,28.6,28.3,28.2,28.4,28.0,27.6,27.6,27.3,27.2,27.2,27.1,27.1,27.2,27.2,27.0,27.1,27.2,27.3,27.3,27.4,27.2,27.3,27.1,27.3,27.3,27.3,27.4,27.5,27.6,27.6,27.5,27.6,27.4,27.6,27.6,27.7,27.7,27.7,27.5,27.5,27.6,27.6,27.7,27.5,27.3,27.3,27.1,26.9,27.0,26.9,27.1,26.9,27.0,26.9,27.0,27.0,26.9,26.8,26.8,26.8,26.9,26.8,27.1,26.9,26.9,27.1,27.0,26.8,26.7,26.6,26.6,26.7,26.6,26.5,26.6,26.6,26.9,26.9,27.0,27.1,27.3,27.3,27.5,27.5,27.3,27.4,27.5,27.6,27.4,27.5,27.5,27.5,27.5,27.6,27.5,27.6,27.6,27.6,27.5,27.5,27.6,27.6,27.4,27.5,27.5,27.4,27.3,27.4,27.4,27.4,27.4,27.4,27.4,27.3,27.3,27.3,27.3,27.2,27.3,27.3,27.3,27.3,27.3,27.3,27.3,27.2,27.1,27.2,27.2,27.2,27.3,27.2,27.2,27.2,27.0,27.1
147,28.0,28.0,28.1,27.8,28.0,28.0,27.9,27.8,28.2,28.0,28.1,28.2,28.0,28.2,28.1,28.2,28.0,28.0,28.1,28.1,28.2,28.0,28.1,28.1,28.2,28.0,27.7,27.9,27.7,27.6,27.3,27.4,27.2,27.1,27.2,27.1,27.1,27.2,27.2,27.1,27.0,27.1,27.0,27.0,27.1,27.0,27.0,27.1,27.2,27.4,27.3,27.6,27.7,28.0,27.8,28.0,28.0,28.1,28.0,27.9,27.8,27.8,27.3,27.2,27.1,27.1,27.0,27.2,27.1,27.1,27.1,27.3,27.2,27.3,27.3,27.3,27.3,27.3,27.1,27.3,27.2,27.3,27.4,27.5,27.6,27.6,27.5,27.5,27.6,27.8,27.6,27.8,27.8,27.8,27.9,27.9,27.8,27.6,27.4,27.3,27.2,27.2,27.1,27.0,27.0,26.9,26.9,27.0,27.0,26.8,27.0,26.7,26.7,26.8,26.9,26.9,26.7,27.1,27.2,27.1,27.3,27.2,26.9,26.9,26.8,26.8,26.6,26.7,26.4,26.6,26.7,26.7,26.8,26.9,27.0,27.2,27.2,27.2,27.3,27.3,27.3,27.3,27.5,27.6,27.5,27.6,27.5,27.6,27.6,27.5,27.7,27.6,27.6,27.5,27.5,27.6,27.4,27.5,27.5,27.5,27.4,27.4,27.3,27.2,27.4,27.3,27.3,27.3,27.3,27.4,27.4,27.4,27.2,27.3,27.4,27.1,27.3,27.5,27.3,27.3,27.2,27.0,27.1,27.3,27.2,27.1,27.2,27.2,27.2,27.1,27.0,27.2
148,28.0,28.1,28.1,28.2,28.1,28.0,27.9,27.9,28.1,28.2,28.0,28.2,28.2,28.2,28.2,28.2,28.0,28.2,28.1,28.1,28.2,28.1,28.0,28.1,28.2,27.9,28.0,27.9,27.8,27.7,27.5,27.4,27.3,27.1,27.1,27.1,27.0,27.2,27.0,27.1,27.0,26.9,27.0,26.9,27.0,26.9,27.0,27.1,27.0,27.2,27.4,27.2,27.5,27.5,27.6,27.8,27.9,27.8,28.0,27.9,28.0,27.7,27.6,27.3,27.3,27.2,27.0,27.1,27.1,27.2,27.2,27.3,27.4,27.5,27.4,27.5,27.4,27.4,27.3,27.4,27.3,27.6,27.8,27.8,27.8,28.0,27.8,27.8,28.0,28.2,28.0,27.8,28.0,28.2,28.4,28.2,27.9,27.7,27.6,27.3,27.1,27.1,27.1,27.1,27.0,26.9,26.9,26.8,26.9,27.0,26.8,26.7,26.7,26.8,26.9,26.9,26.8,27.0,26.9,27.2,27.3,27.2,27.2,26.9,26.8,26.7,26.7,26.7,26.6,26.9,26.7,26.8,26.9,26.9,27.1,27.1,27.2,27.3,27.2,27.5,27.4,27.5,27.5,27.3,27.4,27.5,27.6,27.5,27.6,27.6,27.6,27.5,27.5,27.5,27.4,27.4,27.6,27.4,27.4,27.3,27.4,27.4,27.4,27.4,27.4,27.4,27.4,27.4,27.4,27.3,27.3,27.4,27.2,27.4,27.3,27.2,27.1,27.3,27.4,27.1,27.3,27.3,27.2,27.3,27.2,27.1,27.1,27.3,27.0,27.2,27.1,27.3
149,27.8,28.2,28.0,27.9,28.0,28.1,27.9,28.0,27.8,27.9,28.0,28.1,28.1,28.2,28.3,28.1,28.1,28.2,28.1,28.1,28.2,28.5,28.5,28.6,28.4,28.3,28.4,28.3,28.2,28.0,27.8,27.4,27.1,27.0,27.0,27.0,27.1,27.1,26.9,27.0,27.0,27.0,26.9,26.9,26.9,26.9,26.9,27.0,27.1,27.2,27.1,27.3,27.2,27.4,27.4,27.5,27.8,28.1,28.4,28.8,28.3,27.8,27.6,27.3,27.2,27.2,27.1,27.2,27.2,27.2,27.3,27.3,27.3,27.4,27.5,27.6,27.5,27.5,27.5,27.4,27.3,27.5,28.0,28.1,28.3,28.1,28.0,28.0,28.4,28.3,28.1,28.3,28.2,28.3,28.7,28.4,28.1,27.6,27.6,27.3,27.3,27.1,27.1,27.1,27.0,26.9,26.8,27.0,27.0,26.8,26.8,27.0,26.8,27.0,26.8,26.8,26.9,26.9,27.2,27.3,27.2,27.1,27.0,26.9,26.8,26.8,26.7,26.7,26.7,26.7,26.8,26.8,26.7,27.0,27.1,27.2,27.2,27.3,27.5,27.4,27.4,27.4,27.5,27.4,27.5,27.5,27.5,27.5,27.5,27.6,27.4,27.6,27.4,27.5,27.5,27.5,27.5,27.5,27.4,27.5,27.4,27.4,27.5,27.3,27.3,27.3,27.4,27.2,27.3,27.4,27.4,27.4,27.3,27.2,27.4,27.4,27.2,27.2,27.3,27.2,27.3,27.2,27.2,27.3,27.1,27.1,27.2,27.1,27.2,27.1,27.1,27.2
150,27.9,28.0,28.0,28.0,28.0,28.0,28.0,28.0,28.0,28.0,28.0,28.1,28.1,28.1,28.2,28.2,28.2,28.2,28.2,28.3,28.5,28.7,28.8,28.8,28.8,28.7,28.7,28.6,28.4,28.2,27.9,27.6,27.3,27.1,26.9,26.9,27.0,26.9,27.0,26.9,27.0,27.0,26.9,26.9,26.9,26.9,26.9,27.0,27.0,27.1,27.2,27.2,27.2,27.3,27.4,27.5,27.8,28.2,28.5,28.8,28.5,28.0,27.7,27.4,27.2,27.2,27.2,27.2,27.2,27.3,27.3,27.3,27.4,27.4,27.6,27.6,27.5,27.5,27.5,27.5,27.4,27.4,27.9,28.1,28.1,28.1,28.1,28.0,28.0,28.1,28.2,28.2,28.2,28.5,28.8,28.6,28.2,27.6,27.6,27.4,27.3,27.3,27.1,27.1,27.1,26.9,26.9,26.9,26.9,26.8,26.7,26.7,26.8,26.8,26.8,26.8,27.0,27.1,27.1,27.2,27.2,27.1,26.9,26.9,26.8,26.8,26.7,26.7,26.7,26.7,26.7,26.7,26.8,27.0,27.1,27.1,27.2,27.3,27.3,27.4,27.4,27.4,27.4,27.5,27.4,27.5,27.5,27.5,27.5,27.5,27.6,27.5,27.5,27.5,27.5,27.4,27.4,27.5,27.5,27.4,27.4,27.4,27.3,27.3,27.3,27.4,27.3,27.3,27.3,27.3,27.3,27.3,27.3,27.3,27.4,27.3,27.2,27.2,27.3,27.3,27.2,27.2,27.2,27.1,27.1,27.1,27.1,27.2,27.2,27.1,27.0,27.1
151,28.0,28.0,28.1,27.9,28.1,27.8,28.1,28.0,28.1,28.0,28.1,28.0,28.1,28.3,28.1,28.2,28.3,28.2,28.4,28.5,28.9,29.0,29.1,29.2,29.1,29.1,29.2,29.1,28.8,28.5,28.2,27.7,27.3,27.1,26.9,26.9,26.9,27.0,27.2,26.9,27.1,27.1,26.9,26.8,27.1,26.9,27.0,27.0,27.0,27.1,27.3,27.2,27.3,27.2,27.4,27.5,27.8,28.3,28.6,28.8,28.6,28.2,27.8,27.4,27.3,27.3,27.3,27.2,27.3,27.3,27.4,27.4,27.4,27.6,27.8,27.5,27.6,27.7,27.5,27.6,27.5,27.4,27.9,28.1,28.2,28.1,28.1,27.9,28.0,27.9,28.3,28.1,28.3,28.8,28.9,28.8,28.3,27.6,27.5,27.5,27.3,27.3,27.2,27.1,27.0,27.1,26.9,26.9,26.9,26.8,26.9,26.7,26.7,26.9,26.8,26.8,27.0,27.2,27.1,27.1,27.2,26.9,27.0,26.9,26.8,26.8,26.7,26.9,26.7,26.7,26.7,26.7,26.8,26.9,27.1,27.1,27.1,27.3,27.4,27.4,27.4,27.3,27.4,27.5,27.5,27.4,27.5,27.5,27.5,27.6,27.7,27.4,27.5,27.5,27.6,27.4,27.4,27.6,27.5,27.3,27.4,27.4,27.3,27.3,27.4,27.3,27.2,27.3,27.3,27.3,27.3,27.2,27.2,27.4,27.3,27.3,27.2,27.1,27.3,27.3,27.1,27.3,27.1,27.2,27.1,27.1,27.1,27.2,27.2,27.1,26.9,27.0
152,27.9,28.0,28.0,28.1,28.0,28.2,27.9,28.0,28.0,28.2,28.2,28.1,28.1,28.0,28.3,28.2,28.3,28.4,28.4,28.6,28.7,29.0,29.0,29.2,28.9,29.0,29.0,28.8,28.7,28.3,28.1,27.6,27.3,27.0,27.0,27.1,26.9,27.1,27.1,27.0,26.9,27.0,26.8,26.8,27.1,26.9,26.9,27.1,27.1,27.0,27.2,27.3,27.4,27.3,27.3,27.5,27.8,28.2,28.4,28.3,28.1,27.9,27.6,27.5,27.4,27.4,27.2,27.3,27.2,27.3,27.3,27.4,27.4,27.6,27.6,27.7,27.6,27.6,27.5,27.3,27.4,27.6,27.7,27.7,27.7,27.8,27.9,27.6,27.6,27.7,27.7,27.9,28.2,28.4,28.6,28.3,28.0,27.7,27.5,27.6,27.5,27.4,27.2,27.1,27.0,27.0,27.0,26.9,26.9,26.9,26.8,26.8,26.9,26.9,26.8,26.8,26.9,26.9,27.0,27.1,27.0,27.1,27.0,26.9,26.8,26.6,26.7,26.9,26.9,26.9,26.8,26.8,26.7,26.9,27.0,27.1,27.1,27.3,27.3,27.4,27.3,27.4,27.4,27.4,27.4,27.4,27.3,27.5,27.4,27.5,27.5,27.5,27.5,27.5,27.3,27.5,27.5,27.4,27.3,27.4,27.4,27.2,27.3,27.4,27.5,27.3,27.2,27.3,27.3,27.2,27.2,27.1,27.2,27.2,27.3,27.1,27.3,27.1,27.3,27.2,27.1,27.2,27.1,27.1,27.2,27.0,27.1,27.3,27.2,27.2,27.1,27.2
153,28.1,28.0,28.2,28.1,28.0,28.1,27.9,28.2,28.2,28.1,28.1,28.1,28.1,28.2,28.1,28.1,28.1,28.2,28.4,28.7,28.5,28.6,28.8,28.6,28.7,28.6,28.6,28.6,28.2,28.0,27.7,27.5,27.2,27.1,27.2,27.2,27.1,27.1,27.1,27.1,27.2,27.1,27.1,27.0,27.0,27.0,27.0,27.2,27.1,27.1,27.2,27.1,27.2,27.2,27.4,27.5,27.4,27.7,27.8,27.8,27.6,27.7,27.4,27.3,27.4,27.3,27.2,27.4,27.4,27.5,27.4,27.3,27.5,27.6,27.5,27.6,27.7,27.6,27.7,27.6,27.3,27.4,27.6,27.5,27.7,27.6,27.6,27.4,27.6,27.5,27.4,27.6,27.9,28.2,28.2,28.2,27.8,27.7,27.8,27.9,28.2,28.0,27.6,27.7,27.3,27.2,27.4,27.1,26.8,26.9,26.9,26.9,26.8,26.9,26.7,26.9,27.1,27.0,27.0,27.0,27.1,26.7,26.9,26.8,26.8,26.9,26.8,27.1,27.1,27.1,26.9,27.0,26.8,27.1,27.0,27.3,27.2,27.2,27.3,27.4,27.3,27.3,27.4,27.4,27.6,27.5,27.6,27.4,27.5,27.3,27.4,27.5,27.3,27.5,27.4,27.4,27.5,27.4,27.2,27.3,27.3,27.3,27.4,27.4,27.3,27.2,27.4,27.1,27.2,27.3,27.5,27.4,27.2,27.4,27.3,27.2,27.1,27.3,27.2,27.1,27.1,27.2,27.1,27.1,27.2,27.1,27.1,27.3,27.3,27.3,27.2,27.1
154,28.2,27.9,28.1,28.2,28.0,28.0,28.1,28.0,28.2,28.1,28.0,28.3,28.2,27.9,28.3,28.2,28.3,28.3,28.2,28.3,28.4,28.4,28.4,28.3,28.4,28.4,28.4,28.2,27.9,27.8,27.5,27.4,27.2,27.1,27.2,27.3,27.3,27.3,27.3,27.1,27.1,26.9,27.0,26.9,27.1,27.0,27.0,27.0,27.1,27.1,27.1,27.2,27.2,27.2,27.2,27.1,27.3,27.4,27.4,27.6,27.5,27.3,27.3,27.3,27.4,27.2,27.4,27.1,27.3,27.1,27.3,27.3,27.4,27.5,27.6,27.6,27.6,27.7,27.4,27.3,27.2,27.2,27.2,27.3,27.3,27.5,27.4,27.4,27.4,27.0,27.3,27.4,27.5,27.8,27.7,27.7,27.7,27.7,28.1,28.7,29.0,28.7,28.3,28.0,27.5,27.4,27.3,27.1,27.0,26.9,26.9,26.9,26.9,26.8,27.0,26.9,26.9,27.0,27.0,27.1,27.1,26.9,27.0,26.8,27.1,27.1,27.4,27.5,27.4,27.3,27.2,27.2,27.1,27.0,27.0,27.1,27.3,27.2,27.3,27.3,27.3,27.4,27.4,27.4,27.4,27.6,27.4,27.5,27.6,27.5,27.4,27.5,27.5,27.3,27.5,27.4,27.6,27.4,27.5,27.3,27.3,27.3,27.6,27.4,27.3,27.3,27.4,27.4,27.3,27.3,27.3,27.2,27.2,27.2,27.2,27.3,27.3,27.3,27.2,27.1,27.2,27.3,27.3,27.2,27.1,27.2,27.2,27.1,27.2,27.0,27.2,27.2
155,28.0,28.0,28.1,28.1,28.2,28.0,28.1,28.1,28.0,28.2,28.0,28.2,28.2,28.2,28.2,28.2,28.3,28.2,28.4,28.4,28.1,28.4,28.2,28.2,28.3,28.1,28.2,27.9,27.8,27.5,27.4,27.5,27.3,27.2,27.3,27.5,27.4,27.4,27.3,27.3,27.2,27.2,27.1,27.2,27.2,27.1,27.1,27.1,27.1,27.3,27.2,27.3,27.2,27.3,27.5,27.3,27.3,27.3,27.3,27.3,27.3,27.5,27.3,27.1,27.4,27.3,27.4,27.4,27.3,27.3,27.3,27.3,27.3,27.4,27.6,27.3,27.5,27.4,27.3,27.1,27.3,27.2,27.3,27.2,27.3,27.3,27.3,27.3,27.2,27.1,27.2,27.2,27.3,27.4,27.4,27.5,27.5,28.0,28.9,29.6,30.2,29.8,28.9,28.3,27.8,27.5,27.3,27.1,27.1,26.9,26.9,26.9,26.7,26.9,26.9,26.9,27.1,27.0,26.9,26.9,27.1,27.1,27.0,27.1,27.4,27.7,27.7,28.0,27.8,28.0,27.9,27.5,27.3,27.2,27.1,27.1,27.2,27.3,27.4,27.3,27.3,27.4,27.5,27.5,27.3,27.5,27.4,27.5,27.5,27.4,27.5,27.4,27.4,27.3,27.4,27.5,27.4,27.6,27.6,27.3,27.4,27.3,27.3,27.4,27.4,27.4,27.3,27.2,27.4,27.3,27.2,27.2,27.3,27.4,27.3,27.3,27.2,27.2,27.2,27.3,27.3,27.3,27.3,27.2,27.1,27.1,27.1,27.3,27.1,27.1,27.3,27.1
156,28.1,28.1,28.0,28.0,28.2,28.1,28.2,28.2,28.1,28.2,28.3,28.1,28.2,28.1,28.1,28.3,28.3,28.3,28.0,28.3,28.1,28.3,28.2,28.2,28.3,28.2,28.2,27.9,27.7,27.6,27.4,27.6,27.5,27.7,27.7,27.7,27.6,27.4,27.5,27.5,27.4,27.3,26.9,27.2,26.8,27.1,27.0,27.1,27.1,27.0,27.2,27.1,27.2,26.9,27.3,27.2,27.3,27.3,27.4,27.4,27.2,27.3,27.3,27.3,27.2,27.2,27.3,27.3,27.4,27.3,27.1,27.3,27.4,27.4,27.4,27.4,27.5,27.5,27.3,27.1,27.0,27.1,27.0,27.3,27.2,27.2,27.1,27.1,27.2,27.1,27.0,27.0,27.0,27.1,27.4,27.3,27.5,28.1,29.2,30.1,30.3,30.0,29.2,28.4,27.8,27.5,27.3,27.1,26.9,27.0,27.0,26.9,26.8,27.0,26.9,26.8,26.9,27.1,27.2,27.1,27.1,26.9,27.2,27.4,27.7,27.8,27.9,27.9,27.9,27.9,28.0,27.8,27.6,27.3,27.1,27.2,27.3,27.3,27.3,27.5,27.5,27.5,27.4,27.5,27.6,27.4,27.7,27.5,27.4,27.5,27.6,27.6,27.6,27.5,27.5,27.4,27.5,27.3,27.6,27.2,27.5,27.5,27.4,27.4,27.3,27.4,27.2,27.2,27.5,27.4,27.3,27.5,27.3,27.3,27.3,27.2,27.2,27.2,27.3,27.3,27.2,27.1,27.3,27.2,27.2,27.3,27.3,27.3,27.2,27.2,27.3,27.2
157,28.2,28.1,28.1,28.1,28.1,28.2,28.2,28.2,28.2,28.2,28.2,28.3,28.3,28.2,28.2,28.4,28.2,28.1,28.1,28.2,28.2,28.5,28.2,28.2,28.3,28.0,28.0,28.0,27.6,27.5,27.6,27.7,27.8,28.0,28.1,28.3,28.0,27.9,27.5,27.3,27.4,27.1,27.1,27.0,27.1,27.0,27.0,26.9,27.2,27.0,27.2,27.1,27.4,27.3,27.3,27.2,27.3,27.3,27.1,27.3,27.1,27.1,27.2,27.3,27.3,27.3,27.2,27.4,27.4,27.2,27.2,27.5,27.3,27.3,27.3,27.4,27.3,27.4,27.2,27.2,27.2,27.3,27.1,27.2,27.1,27.0,27.1,27.1,27.1,27.0,26.9,27.1,27.0,27.1,27.1,27.3,27.7,28.2,28.9,29.6,29.8,29.4,29.0,28.2,27.6,27.4,27.1,27.1,27.0,27.1,26.8,26.9,26.9,26.8,26.9,26.8,26.7,27.0,27.1,26.9,26.8,27.1,27.1,27.7,27.9,27.8,27.8,27.9,28.0,28.0,28.1,28.0,27.8,27.3,27.3,27.3,27.2,27.3,27.3,27.3,27.3,27.3,27.4,27.5,27.4,27.5,27.4,27.6,27.6,27.3,27.6,27.7,27.4,27.6,27.6,27.5,27.5,27.3,27.4,27.6,27.3,27.3,27.3,27.2,27.4,27.3,27.4,27.4,27.3,27.5,27.2,27.4,27.3,27.2,27.3,27.3,27.2,27.1,27.2,27.0,27.2,27.2,27.2,27.2,27.3,27.1,27.3,27.2,27.2,27.1,27.1,27.0
158,28.3,28.1,28.3,28.0,28.1,28.2,28.2,28.2,28.2,28.2,28.2,28.2,28.4,28.3,28.4,28.4,28.3,28.2,28.2,28.0,28.2,28.3,28.4,28.3,28.2,28.2,28.2,27.9,27.8,27.7,27.9,28.0,28.2,28.6,28.5,28.6,28.4,28.4,28.1,27.7,27.4,27.3,27.3,27.1,27.3,27.1,27.2,27.1,27.1,27.2,27.2,27.2,27.1,27.3,27.1,27.3,27.3,27.4,27.1,27.2,27.3,27.2,27.3,27.2,27.4,27.3,27.4,27.4,27.4,27.3,27.1,27.4,27.3,27.6,27.6,27.6,27.7,27.3,27.4,27.3,27.1,27.0,27.3,27.1,27.0,27.1,27.0,27.2,27.1,27.0,26.9,27.1,27.1,27.1,27.2,27.4,27.5,28.0,28.4,29.0,29.3,28.9,28.6,28.0,27.5,27.4,27.3,27.3,27.1,27.0,27.1,27.0,26.9,26.9,26.9,26.9,27.0,26.8,27.0,27.0,27.0,27.2,27.4,27.6,27.8,28.0,27.8,27.6,27.7,27.8,28.0,28.0,27.9,27.7,27.2,27.3,27.2,27.1,27.3,27.3,27.4,27.3,27.4,27.4,27.4,27.5,27.3,27.5,27.5,27.5,27.4,27.6,27.5,27.4,27.4,27.6,27.5,27.4,27.4,27.4,27.3,27.3,27.5,27.5,27.3,27.3,27.4,27.2,27.2,27.3,27.4,27.3,27.3,27.3,27.1,27.2,27.2,27.2,27.2,27.1,27.2,27.1,27.2,27.3,27.2,27.1,27.2,27.2,27.1,27.1,27.0,27.2
159,28.2,28.1,28.2,28.0,28.2,28.2,28.0,28.1,28.2,28.2,28.2,28.3,28.4,28.2,28.2,28.3,28.3,28.3,28.2,28.2,28.2,28.2,28.2,28.2,28.2,28.3,28.1,28.0,27.7,27.8,28.0,28.2,28.6,28.6,28.7,28.4,28.3,28.4,28.1,27.9,27.6,27.5,27.1,27.1,27.1,27.1,27.1,27.0,27.0,27.0,27.1,27.0,27.2,27.2,27.2,27.3,27.2,27.2,27.2,27.3,27.3,27.2,27.3,27.4,27.4,27.2,27.2,27.1,27.3,27.4,27.2,27.2,27.3,27.5,27.5,27.6,27.6,27.6,27.2,27.2,27.2,27.1,27.1,27.1,26.9,27.1,27.0,27.2,27.1,27.1,27.0,26.9,26.9,27.1,27.3,27.2,27.4,27.7,28.1,28.6,28.9,28.8,28.2,27.7,27.6,27.4,27.2,27.3,27.1,27.1,27.1,27.1,27.1,27.1,27.0,26.9,26.9,26.8,27.0,26.9,27.1,27.3,27.5,27.9,28.0,27.9,27.8,27.5,27.4,27.6,28.0,28.1,28.0,27.6,27.4,27.2,27.5,27.3,27.2,27.4,27.3,27.3,27.5,27.3,27.4,27.5,27.4,27.4,27.6,27.4,27.5,27.4,27.4,27.6,27.4,27.4,27.3,27.5,27.4,27.4,27.3,27.4,27.4,27.4,27.3,27.3,27.3,27.3,27.4,27.5,27.2,27.3,27.2,27.5,27.3,27.4,27.2,27.3,27.3,27.5,27.3,27.2,27.3,27.1,27.1,27.2,27.2,27.2,27.1,27.3,27.1,27.1
160,28.2,28.2,28.2,28.2,28.2,28.2,28.1,28.1,28.1,28.2,28.3,28.2,28.3,28.2,28.3,28.3,28.2,28.1,28.3,28.3,28.3,28.2,28.1,28.3,28.4,28.1,28.0,28.1,28.1,28.1,28.1,28.6,28.8,28.3,28.6,28.5,28.3,28.4,28.3,28.0,27.6,27.3,27.2,27.0,27.2,27.0,26.9,26.9,27.1,27.0,27.1,27.2,27.2,27.1,27.0,27.2,27.2,27.3,27.1,27.1,27.3,27.3,27.2,27.3,27.3,27.2,27.3,27.1,27.2,27.3,27.3,27.3,27.3,27.4,27.5,27.4,27.5,27.3,27.1,27.1,27.1,27.1,27.2,27.1,27.3,26.9,27.1,27.1,27.1,27.0,27.1,27.1,26.9,27.1,27.1,27.2,27.3,27.6,27.9,28.3,28.3,28.1,27.9,27.7,27.3,27.2,27.3,27.2,27.2,27.1,26.9,27.1,27.0,26.8,26.8,26.9,26.9,26.9,27.0,27.0,27.1,27.2,27.3,27.8,28.0,27.9,27.7,27.6,27.4,27.5,27.8,28.1,27.9,27.5,27.2,27.3,27.2,27.3,27.3,27.3,27.3,27.3,27.3,27.3,27.3,27.4,27.3,27.3,27.4,27.3,27.3,27.5,27.3,27.3,27.5,27.4,27.4,27.3,27.4,27.3,27.3,27.2,27.2,27.4,27.5,27.3,27.3,27.1,27.3,27.4,27.3,27.3,27.5,27.1,27.1,27.2,27.3,27.4,27.2,27.3,27.3,27.2,27.2,27.2,27.1,27.2,27.1,27.3,27.2,27.3,27.0,27.1
161,28.0,28.0,28.3,28.1,28.1,28.2,28.2,28.3,28.1,28.2,28.3,28.2,28.3,28.2,28.2,28.3,28.3,28.2,28.2,28.2,28.3,28.3,28.3,28.2,28.3,28.1,28.0,28.1,27.9,28.0,28.2,28.4,28.4,28.3,28.3,28.4,28.4,28.5,28.3,28.1,27.5,27.4,27.1,27.1,27.1,27.3,27.1,26.9,26.9,26.9,27.1,27.1,27.1,27.2,27.1,27.3,27.2,27.1,27.1,27.2,27.4,27.2,27.2,27.3,27.3,27.3,27.2,27.3,27.3,27.3,27.3,27.3,27.4,27.3,27.5,27.6,27.5,27.4,27.1,27.2,27.2,27.2,27.1,26.9,27.1,27.0,27.1,27.1,27.0,26.9,27.0,27.0,26.9,27.0,27.2,27.2,27.3,27.6,27.9,28.0,28.1,27.8,27.6,27.5,27.4,27.3,27.2,27.3,27.1,26.9,27.2,27.1,26.9,27.0,26.9,27.0,27.0,27.2,26.9,27.0,27.1,27.2,27.4,27.8,27.9,28.0,27.9,27.6,27.8,28.0,28.1,28.1,27.6,27.5,27.3,27.1,27.2,27.3,27.3,27.2,27.5,27.2,27.3,27.2,27.4,27.4,27.4,27.3,27.4,27.5,27.4,27.4,27.5,27.3,27.3,27.4,27.3,27.3,27.3,27.4,27.4,27.3,27.3,27.3,27.4,27.4,27.3,27.3,27.2,27.3,27.4,27.2,27.2,27.4,27.3,27.2,27.2,27.3,27.3,27.0,27.2,27.2,27.1,27.3,27.1,27.3,27.1,27.2,27.3,27.2,27.1,27.1
162,28.0,27.9,28.2,28.1,28.2,28.3,28.1,28.4,28.2,28.0,28.3,28.2,28.1,28.2,28.3,28.4,28.3,28.2,28.1,28.2,28.2,28.3,28.3,28.2,28.5,28.2,28.2,28.1,28.0,28.0,28.2,28.6,28.5,28.3,28.3,28.5,28.5,28.5,28.4,28.1,27.6,27.4,27.2,27.1,27.1,27.1,26.8,27.0,27.1,26.9,27.1,27.3,27.2,27.3,27.3,27.2,27.3,27.3,27.2,27.2,27.3,27.3,27.2,27.3,27.3,27.1,27.3,27.2,27.3,27.5,27.5,27.4,27.3,27.4,27.3,27.3,27.2,27.1,27.2,27.3,27.2,27.1,27.1,27.0,27.0,26.9,27.1,27.0,27.1,26.9,26.9,27.0,27.0,27.0,27.1,27.1,27.2,27.5,27.7,27.9,27.9,27.8,27.6,27.5,27.3,27.4,27.3,27.3,27.2,27.0,27.1,26.9,27.0,26.9,27.0,26.9,26.9,27.1,27.2,27.2,27.1,27.1,27.3,27.5,27.9,28.0,28.0,28.0,28.0,28.0,28.1,27.6,27.4,27.4,27.2,27.1,27.1,27.2,27.2,27.3,27.3,27.3,27.3,27.3,27.3,27.4,27.3,27.5,27.4,27.4,27.4,27.4,27.4,27.4,27.4,27.2,27.3,27.4,27.3,27.3,27.4,27.2,27.3,27.3,27.5,27.3,27.3,27.2,27.4,27.2,27.4,27.3,27.2,27.2,27.1,27.2,27.2,27.1,27.1,27.2,27.3,27.2,27.3,27.2,27.0,27.0,27.1,27.1,27.1,27.0,27.2,27.1
163,28.1,28.1,28.2,28.2,28.1,28.2,28.1,28.3,28.2,28.1,28.1,28.2,28.1,28.3,28.2,28.3,28.3,28.2,28.1,28.2,28.2,28.1,28.2,28.2,28.1,28.3,28.0,28.0,28.0,28.0,27.9,28.3,28.6,28.3,28.3,28.4,28.4,28.5,28.2,28.1,27.6,27.3,27.1,27.2,27.1,27.0,27.1,27.1,27.0,26.9,27.0,27.2,27.1,27.1,27.1,27.1,27.1,27.1,27.2,27.2,27.3,27.3,27.3,27.3,27.1,27.2,27.3,27.2,27.4,27.3,27.4,27.3,27.4,27.3,27.4,27.1,27.2,27.2,27.2,27.2,27.1,27.1,27.1,27.1,27.1,26.9,27.0,27.0,27.1,27.0,27.0,27.1,27.0,27.1,27.0,27.1,27.4,27.6,27.9,28.1,28.4,28.3,27.8,27.4,27.4,27.1,27.1,27.1,27.1,27.0,27.0,27.1,26.9,26.8,26.9,26.8,27.0,26.9,27.0,27.1,27.1,27.2,27.1,27.3,27.6,27.7,27.7,27.9,27.9,27.8,27.7,27.5,27.4,27.3,27.2,27.1,27.1,27.0,27.2,27.3,27.3,27.2,27.2,27.3,27.2,27.5,27.3,27.4,27.4,27.3,27.3,27.4,27.4,27.5,27.4,27.3,27.4,27.3,27.2,27.3,27.3,27.2,27.3,27.3,27.3,27.3,27.3,27.3,27.2,27.4,27.2,27.2,27.2,27.1,27.2,27.1,27.2,27.3,27.2,27.3,27.0,27.1,27.2,27.2,27.1,27.0,27.1,27.1,27.1,27.2,27.2,27.1
164,28.0,28.2,28.0,28.0,28.1,28.2,28.3,28.1,28.1,28.2,28.2,28.1,28.3,28.2,28.3,28.2,28.2,28.3,28.2,28.2,28.2,28.2,28.2,28.2,28.3,28.3,28.2,28.0,28.0,27.9,28.1,28.2,28.6,28.5,28.7,28.6,28.8,28.6,28.3,27.9,27.5,27.3,27.2,27.1,27.2,27.2,27.1,26.9,27.0,27.1,27.0,27.2,27.1,27.2,27.1,27.3,27.2,27.1,27.4,27.1,27.2,27.3,27.2,27.3,27.1,27.3,27.2,27.2,27.3,27.2,27.3,27.2,27.3,27.2,27.1,27.2,27.2,27.3,27.2,27.2,27.2,27.1,27.2,27.1,26.9,27.0,27.0,27.1,27.0,26.9,27.1,27.0,27.1,27.0,27.1,27.1,27.2,27.6,28.1,28.6,28.9,28.8,27.9,27.6,27.3,27.2,27.0,27.2,27.0,26.9,26.9,26.8,26.9,26.9,26.9,26.8,26.9,26.9,26.9,27.0,27.0,27.0,27.2,27.0,27.5,27.2,27.3,27.7,27.7,27.4,27.6,27.3,27.3,26.9,27.0,27.1,27.0,27.1,27.0,27.1,27.3,27.3,27.3,27.3,27.3,27.4,27.3,27.4,27.3,27.5,27.3,27.4,27.3,27.4,27.3,27.4,27.4,27.3,27.3,27.3,27.2,27.2,27.3,27.4,27.3,27.4,27.2,27.3,27.3,27.2,27.3,27.1,27.2,27.1,27.2,27.2,27.2,27.2,27.2,27.2,27.2,27.1,27.1,27.1,27.3,27.1,27.3,27.3,27.2,27.1,27.0,27.1
165,28.2,28.1,28.3,28.2,28.1,28.0,28.3,28.2,28.3,28.1,28.3,28.2,28.2,28.2,28.2,28.2,28.3,28.5,28.1,28.3,28.3,28.3,28.3,28.3,28.4,28.1,28.1,28.2,28.1,27.9,28.0,28.0,28.3,28.5,28.7,28.8,28.6,28.5,28.0,27.8,27.3,27.3,27.2,27.1,27.2,27.1,27.1,27.0,27.1,27.1,27.1,27.2,27.1,27.2,27.3,27.2,27.3,27.2,27.2,27.3,27.3,27.4,27.3,27.1,27.3,27.3,27.4,27.3,27.4,27.4,27.4,27.5,27.4,27.4,27.3,27.4,27.4,27.4,27.3,27.4,27.3,27.2,27.1,27.1,27.1,27.1,26.9,27.0,26.9,27.0,27.1,26.9,26.8,27.1,27.1,27.1,27.3,27.6,28.4,28.9,29.0,28.7,28.0,27.7,27.3,27.2,27.2,27.0,27.1,26.9,27.0,26.9,26.9,26.9,26.8,26.8,26.9,27.0,26.9,26.9,26.9,27.0,26.9,27.1,27.0,27.1,27.1,27.3,27.3,27.3,27.1,27.2,26.9,27.0,26.9,26.9,27.2,27.3,27.1,27.1,27.1,27.3,27.2,27.3,27.3,27.3,27.5,27.2,27.6,27.3,27.4,27.4,27.4,27.3,27.5,27.3,27.3,27.3,27.5,27.5,27.3,27.3,27.3,27.4,27.3,27.2,27.3,27.3,27.3,27.3,27.2,27.3,27.2,27.4,27.3,27.1,27.2,27.3,27.2,27.1,27.3,27.2,27.3,27.1,27.2,27.2,27.0,27.1,27.0,27.1,27.1,27.1
166,28.2,28.0,28.1,28.1,28.2,28.1,28.2,28.1,28.0,28.0,28.2,28.3,28.2,28.3,28.2,28.3,28.2,28.3,28.3,28.3,28.2,28.2,28.3,28.2,28.3,28.2,28.1,28.0,27.8,27.6,27.9,28.0,27.9,28.2,28.2,28.2,28.1,27.9,27.6,27.5,27.4,27.2,27.2,27.2,27.1,27.0,27.1,27.1,27.0,27.1,27.1,27.3,27.1,27.1,27.2,27.2,27.3,27.3,27.3,27.3,27.3,27.2,27.2,27.3,27.2,27.2,27.2,27.1,27.3,27.5,27.6,27.3,27.3,27.3,27.3,27.3,27.4,27.5,27.5,27.3,27.1,27.1,27.1,26.9,27.0,26.9,26.9,26.9,27.0,27.1,27.1,27.0,27.1,27.1,27.0,27.2,27.3,27.7,28.0,28.6,28.8,28.5,28.0,27.5,27.2,27.1,27.1,26.9,26.9,26.7,26.7,26.8,26.8,26.7,26.8,26.7,26.7,26.7,26.9,26.8,26.8,26.9,26.8,26.9,26.8,27.0,27.0,26.9,27.1,27.0,26.9,26.9,26.8,26.7,26.9,26.9,27.0,26.9,27.3,27.0,27.1,27.1,27.2,27.2,27.2,27.2,27.2,27.2,27.3,27.4,27.4,27.4,27.4,27.3,27.3,27.4,27.3,27.2,27.3,27.4,27.4,27.2,27.3,27.3,27.3,27.3,27.3,27.1,27.3,27.3,27.2,27.2,27.0,27.2,27.3,27.2,27.3,27.2,27.1,27.2,27.1,27.3,27.1,27.3,27.2,27.0,27.1,27.2,27.1,27.2,27.2,27.1
167,27.9,28.2,28.1,28.1,28.1,28.4,28.0,28.3,28.2,28.2,28.2,28.1,28.2,28.4,28.2,28.3,28.0,28.4,28.2,28.3,28.3,28.2,28.3,28.2,28.3,28.2,28.1,28.0,27.9,27.7,27.7,27.6,27.8,27.9,27.8,27.9,27.8,27.6,27.6,27.3,27.3,27.3,27.2,27.2,27.3,27.3,27.1,27.3,27.2,27.2,27.1,27.2,27.2,27.3,27.1,27.2,27.3,27.4,27.3,27.3,27.2,27.1,27.2,27.3,27.3,27.2,27.1,27.2,27.2,27.4,27.5,27.3,27.3,27.3,27.2,27.3,27.3,27.6,27.4,27.4,27.3,27.1,27.1,27.0,27.2,27.1,27.1,27.0,27.0,27.0,27.0,27.0,27.0,27.1,27.1,27.1,27.1,27.5,28.0,28.5,28.6,28.2,27.9,27.4,27.1,27.1,26.9,26.8,27.0,27.0,26.7,26.9,26.8,26.7,26.8,26.7,26.9,26.9,26.8,26.9,26.8,26.7,26.9,26.9,26.9,26.9,26.9,27.1,26.9,27.0,26.8,26.9,26.9,26.8,26.9,27.1,26.9,27.0,27.2,27.0,27.1,27.3,27.2,27.3,27.3,27.4,27.3,27.4,27.3,27.5,27.4,27.3,27.2,27.4,27.3,27.4,27.3,27.3,27.4,27.3,27.4,27.3,27.3,27.4,27.3,27.2,27.4,27.3,27.2,27.3,27.2,27.2,27.1,27.3,27.2,27.3,27.2,27.1,27.2,27.1,27.2,27.1,27.2,27.2,27.1,27.1,27.1,27.1,27.1,27.2,27.0,27.2
168,28.2,28.1,28.1,28.2,28.2,28.1,28.2,28.2,28.2,28.3,28.1,28.2,28.3,28.2,28.2,28.2,28.5,28.4,28.1,28.2,28.3,28.2,28.2,28.2,28.3,28.2,28.1,27.9,28.0,27.5,27.8,27.6,27.6,27.7,27.6,27.6,27.6,27.5,27.3,27.3,27.2,27.3,27.4,27.3,27.3,27.3,27.2,27.3,27.3,27.1,27.1,27.2,27.2,27.2,27.3,27.3,27.2,27.3,27.3,27.2,27.5,27.1,27.4,27.2,27.1,27.3,27.3,27.2,27.3,27.4,27.5,27.5,27.5,27.3,27.3,27.3,27.2,27.3,27.2,27.4,27.1,27.2,27.2,27.1,27.2,27.2,27.1,27.1,27.2,27.1,27.0,27.2,27.1,27.1,27.2,27.2,27.2,27.3,27.6,27.9,28.0,27.9,27.6,27.4,27.1,27.0,26.9,26.9,27.0,27.0,27.0,26.8,26.9,26.9,26.9,26.9,26.7,26.9,26.9,26.9,26.8,26.9,26.8,26.9,26.9,26.9,26.8,26.8,26.7,26.8,26.8,26.8,26.8,26.7,26.8,27.0,27.0,26.9,27.1,27.0,27.1,27.2,27.1,27.2,27.4,27.1,27.3,27.2,27.4,27.4,27.3,27.4,27.3,27.3,27.3,27.3,27.4,27.3,27.5,27.4,27.3,27.3,27.2,27.4,27.4,27.3,27.2,27.3,27.2,27.2,27.1,27.2,27.3,27.1,27.1,27.1,27.2,27.1,27.2,27.2,27.3,27.3,27.3,27.1,27.2,27.3,27.3,27.1,27.2,27.3,27.1,27.3
169,28.0,28.2,28.0,28.2,28.2,28.0,28.2,28.4,28.2,28.2,28.4,28.3,28.3,28.2,28.3,28.4,28.2,28.5,28.4,28.2,28.3,28.2,28.2,28.3,28.2,28.3,28.2,28.2,27.9,27.7,27.6,27.6,27.5,27.7,27.5,27.6,27.4,27.4,27.4,27.4,27.5,27.2,27.4,27.4,27.4,27.2,27.4,27.3,27.4,27.1,27.2,27.3,27.3,27.3,27.3,27.2,27.3,27.3,27.4,27.3,27.4,27.2,27.3,27.3,27.3,27.2,27.3,27.2,27.3,27.3,27.5,27.3,27.3,27.4,27.3,27.2,27.3,27.2,27.3,27.3,27.3,27.1,27.1,27.1,27.2,27.1,27.2,27.2,27.2,27.1,27.2,26.9,27.2,27.2,27.1,27.1,27.2,27.3,27.5,27.7,27.7,27.7,27.4,27.4,27.1,27.0,27.0,26.7,26.9,27.1,26.9,27.0,26.8,26.8,26.9,26.8,26.9,26.8,26.8,26.8,26.9,26.9,26.9,26.9,26.7,26.6,26.8,26.8,26.9,26.9,26.6,26.7,26.7,26.7,26.7,26.9,27.0,27.0,27.0,27.1,27.4,27.2,27.4,27.3,27.3,27.3,27.2,27.3,27.4,27.4,27.5,27.3,27.3,27.5,27.4,27.3,27.4,27.4,27.3,27.4,27.3,27.3,27.2,27.3,27.4,27.3,27.3,27.3,27.3,27.3,27.2,27.3,27.3,27.2,27.3,27.3,27.3,27.3,27.2,27.2,27.3,27.2,27.2,27.1,27.1,27.3,27.2,27.2,27.1,27.2,27.2,27.1
170,28.2,28.1,28.1,28.1,28.1,28.2,28.1,28.2,28.1,28.2,28.2,28.2,28.2,28.2,28.3,28.3,28.2,28.2,28.3,28.3,28.4,28.2,28.3,28.4,28.1,28.2,28.2,28.0,27.8,27.7,27.6,27.7,27.6,27.5,27.6,27.5,27.4,27.5,27.5,27.5,27.4,27.3,27.3,27.3,27.4,27.3,27.2,27.3,27.3,27.3,27.3,27.3,27.3,27.5,27.5,27.5,27.4,27.4,27.3,27.2,27.3,27.4,27.4,27.2,27.2,27.2,27.3,27.2,27.2,27.2,27.3,27.3,27.4,27.4,27.4,27.3,27.3,27.3,27.4,27.3,27.3,27.2,27.3,27.5,27.5,27.3,27.3,27.2,27.3,27.1,27.2,27.2,27.1,27.1,27.2,27.0,27.1,27.1,27.2,27.4,27.5,27.3,27.3,27.1,26.9,27.0,27.0,27.1,26.9,26.9,26.9,26.9,26.8,26.7,26.8,26.8,26.7,26.9,26.9,26.9,26.9,26.9,26.7,26.8,26.7,26.7,26.7,26.8,26.6,26.8,26.8,26.8,26.6,26.7,26.7,26.9,26.9,26.9,26.9,26.9,27.3,27.2,27.0,27.3,27.2,27.3,27.3,27.3,27.3,27.2,27.4,27.4,27.4,27.3,27.4,27.2,27.3,27.3,27.2,27.5,27.3,27.3,27.2,27.3,27.4,27.3,27.2,27.2,27.1,27.3,27.3,27.2,27.3,27.1,27.4,27.1,27.0,27.2,27.4,27.4,27.1,27.1,27.2,27.1,27.1,27.1,27.3,27.1,27.2,27.1,27.0,27.2
171,28.1,28.1,28.1,28.1,28.2,28.4,28.1,28.2,28.3,28.2,28.1,28.2,28.4,28.4,28.2,28.2,28.4,28.4,28.3,28.3,28.5,28.3,28.4,28.2,28.2,28.3,28.3,28.0,28.0,27.8,27.8,27.7,27.8,27.7,27.7,27.7,27.6,27.6,27.6,27.7,27.6,27.6,27.5,27.4,27.6,27.5,27.4,27.6,27.6,27.7,27.6,27.8,27.8,27.6,27.7,27.8,27.9,27.6,27.5,27.4,27.3,27.3,27.3,27.4,27.3,27.1,27.2,27.4,27.1,27.1,27.2,27.3,27.4,27.4,27.3,27.3,27.4,27.3,27.3,27.3,27.2,27.3,27.5,27.5,27.6,27.6,27.5,27.4,27.3,27.4,27.3,27.2,27.1,27.4,27.1,27.2,27.1,27.3,27.3,27.4,27.3,27.2,27.3,27.2,27.0,26.9,27.0,27.0,27.0,26.8,26.8,26.8,26.9,26.7,26.7,26.7,26.8,26.8,26.9,26.8,26.8,26.8,26.8,26.7,26.9,26.9,26.7,26.8,26.8,26.8,26.8,26.7,26.6,26.7,26.7,26.8,27.0,26.9,27.0,27.0,26.9,27.1,27.1,27.2,27.2,27.2,27.2,27.1,27.4,27.3,27.2,27.3,27.2,27.3,27.4,27.4,27.5,27.3,27.3,27.3,27.4,27.4,27.1,27.2,27.3,27.2,27.3,27.2,27.3,27.3,27.2,27.3,27.3,27.3,27.3,27.1,27.1,27.2,27.3,27.2,27.1,27.2,27.1,27.2,27.1,27.1,27.2,27.1,27.3,27.1,27.2,27.2
172,28.1,28.0,28.2,28.2,28.2,28.3,28.2,28.1,28.1,28.2,28.2,28.2,28.3,28.2,28.2,28.2,28.3,28.3,28.3,28.3,28.2,28.2,28.3,28.2,28.3,28.2,28.2,28.2,28.1,28.1,28.2,28.1,28.0,27.9,27.8,27.9,27.7,27.7,27.7,27.6,27.8,27.5,27.6,27.8,27.7,27.7,27.7,27.6,27.7,27.6,27.8,27.8,27.8,28.0,28.1,28.1,28.2,27.9,28.0,27.6,27.5,27.4,27.4,27.4,27.1,27.2,27.1,27.1,27.2,27.2,27.1,27.2,27.2,27.3,27.3,27.2,27.3,27.3,27.3,27.4,27.3,27.5,27.8,27.9,28.0,27.7,27.5,27.4,27.3,27.4,27.3,27.2,27.5,27.4,27.3,27.3,27.1,27.1,27.3,27.2,27.3,27.3,27.2,27.3,26.9,26.9,26.8,26.9,27.0,26.9,26.8,27.0,26.8,26.9,26.8,26.8,26.7,26.9,27.0,26.8,26.6,26.7,26.9,26.8,26.9,26.7,26.8,26.7,26.9,26.9,26.7,26.6,26.7,26.7,26.7,26.8,26.9,27.0,27.1,27.0,27.2,27.1,27.2,27.1,27.2,27.2,27.3,27.3,27.3,27.2,27.3,27.2,27.3,27.1,27.2,27.3,27.2,27.3,27.3,27.2,27.3,27.3,27.2,27.3,27.2,27.3,27.3,27.3,27.2,27.3,27.3,27.2,27.2,27.2,27.3,27.2,27.3,27.0,27.1,27.1,27.1,27.1,27.2,27.1,27.0,27.0,27.3,27.3,27.0,27.0,27.1,27.1
173,28.1,28.1,28.2,28.2,28.0,28.1,28.1,28.1,28.2,28.1,28.3,28.2,28.2,28.4,28.4,28.3,28.1,28.2,28.2,28.3,28.2,28.3,28.2,28.3,28.1,28.3,28.1,28.4,28.4,28.5,28.6,28.8,28.5,28.4,27.9,27.8,27.6,27.7,27.6,27.6,27.6,27.6,27.7,27.6,27.6,27.6,27.6,27.6,27.6,27.7,27.7,27.9,28.1,28.2,28.5,28.5,28.4,28.4,28.2,27.9,27.4,27.3,27.2,27.0,27.2,27.2,27.2,27.1,27.3,27.3,27.3,27.2,27.2,27.2,27.3,27.4,27.4,27.3,27.5,27.3,27.3,27.5,27.8,28.0,27.9,27.8,27.6,27.5,27.5,27.4,27.4,27.4,27.3,27.3,27.1,27.4,27.1,27.2,27.2,27.3,27.2,27.3,27.3,27.2,27.0,27.0,26.9,27.0,27.0,26.9,26.9,26.8,26.9,26.8,26.9,26.8,26.9,26.8,26.9,26.9,26.8,26.7,26.9,26.8,26.8,26.9,26.7,26.7,26.7,26.8,26.8,26.8,26.7,26.7,26.8,26.9,26.9,26.9,27.0,26.9,27.0,27.0,27.0,26.9,27.2,27.2,27.2,27.2,27.3,27.1,27.2,27.2,27.2,27.2,27.3,27.2,27.1,27.3,27.4,27.3,27.1,27.2,27.3,27.2,27.2,27.2,27.0,27.2,27.1,27.2,27.3,27.1,27.1,27.2,27.2,27.1,27.1,27.1,27.1,27.1,27.4,27.2,27.0,27.3,27.3,27.2,27.1,27.2,27.0,27.1,27.2,27.0
174,28.0,28.2,28.1,28.2,28.1,28.1,28.1,28.1,28.1,28.1,28.1,28.3,28.2,28.1,28.2,28.2,28.3,28.1,28.2,28.3,28.2,28.2,28.2,28.1,28.2,28.2,28.2,28.6,28.6,29.0,28.9,28.8,28.6,28.3,28.0,27.8,27.6,27.7,27.4,27.6,27.5,27.5,27.5,27.6,27.8,27.4,27.5,27.5,27.5,27.6,27.6,28.0,28.2,28.4,28.5,28.8,28.9,28.6,28.4,28.1,27.5,27.2,27.3,27.3,27.3,27.2,27.2,27.1,27.2,27.1,27.1,27.3,27.2,27.3,27.2,27.3,27.3,27.3,27.4,27.3,27.4,27.3,27.6,27.7,27.5,27.5,27.4,27.5,27.4,27.3,27.4,27.4,27.4,27.4,27.2,27.1,27.1,27.1,27.4,27.1,27.2,27.3,27.2,27.0,27.1,26.9,27.0,27.0,27.0,26.9,27.0,26.7,26.9,26.9,26.9,26.9,26.6,26.9,26.9,26.9,26.9,26.9,26.8,26.8,26.7,26.7,26.8,26.8,26.8,26.9,26.8,26.9,26.7,26.8,26.6,26.8,26.9,26.8,26.9,26.9,27.0,27.1,27.1,27.2,27.1,27.1,27.2,27.1,27.4,27.2,27.2,27.1,27.4,27.2,27.3,27.2,27.1,27.2,27.3,27.3,27.3,27.2,27.1,27.1,27.3,27.1,27.2,27.0,27.2,27.3,27.3,27.3,27.2,27.1,27.3,27.2,27.1,27.3,27.1,27.1,27.1,27.2,26.9,27.0,27.1,27.0,27.1,27.0,27.0,27.0,27.1,27.2
175,28.1,28.1,28.0,28.3,28.2,28.3,28.2,28.2,28.1,28.3,28.2,28.2,28.3,28.3,28.3,28.4,28.2,28.2,28.1,28.2,28.2,28.3,28.2,28.2,28.3,28.4,28.5,28.7,28.8,29.1,29.2,29.0,28.7,28.5,27.9,27.5,27.5,27.4,27.3,27.5,27.3,27.5,27.4,27.4,27.6,27.5,27.4,27.5,27.5,27.6,27.7,27.9,28.1,28.4,28.7,29.0,29.2,29.0,28.6,28.1,27.8,27.4,27.3,27.3,27.3,27.4,27.2,27.2,27.3,27.1,27.1,27.1,27.2,27.3,27.2,27.1,27.2,27.2,27.3,27.3,27.4,27.4,27.6,27.6,27.6,27.3,27.6,27.6,27.3,27.3,27.4,27.5,27.4,27.4,27.4,27.3,27.3,27.1,27.2,27.2,27.3,27.1,27.1,27.0,27.2,27.1,26.9,27.0,26.9,26.8,26.9,26.7,27.0,26.8,26.8,26.8,26.9,26.9,26.9,26.9,26.8,26.9,26.9,27.1,27.0,26.9,26.8,26.8,27.0,26.9,27.1,27.1,26.9,26.9,26.9,26.9,27.0,27.0,27.1,26.9,27.1,27.0,27.1,27.0,27.1,27.1,27.3,27.1,27.3,27.3,27.3,27.3,27.4,27.5,27.3,27.2,27.3,27.3,27.3,27.3,27.3,27.4,27.3,27.3,27.2,27.2,27.2,27.4,27.3,27.3,27.3,27.2,27.3,27.2,27.1,27.1,27.1,27.1,27.2,27.2,27.3,27.0,27.3,27.0,27.1,27.2,27.1,27.2,27.1,27.1,27.0,27.2
176,28.0,28.0,28.2,28.1,28.1,28.2,28.3,28.2,28.2,28.2,28.0,28.2,28.2,28.3,28.3,28.3,28.2,28.4,28.3,28.3,28.1,28.3,28.3,28.2,28.2,28.4,28.6,28.7,28.9,29.0,29.0,29.1,28.8,28.3,27.8,27.5,27.3,27.3,27.5,27.3,27.3,27.3,27.4,27.5,27.4,27.4,27.3,27.5,27.3,27.4,27.6,27.8,27.9,28.4,28.8,29.3,29.2,29.1,28.9,28.2,27.7,27.5,27.3,27.2,27.3,27.1,27.1,27.2,27.0,27.1,27.1,27.2,27.2,27.2,27.2,27.4,27.4,27.3,27.2,27.3,27.2,27.4,27.4,27.6,27.6,27.5,27.3,27.2,27.4,27.4,27.5,27.3,27.3,27.4,27.2,27.3,27.0,27.1,27.3,27.1,27.2,27.2,27.2,27.3,27.6,27.4,27.2,27.0,26.9,26.9,26.8,26.9,26.9,26.8,26.9,26.9,26.9,26.7,26.8,26.9,27.0,26.9,27.0,27.0,26.8,26.8,26.8,26.9,26.9,27.2,27.3,27.1,27.1,26.9,27.0,26.8,26.9,27.0,27.0,27.0,27.0,27.1,27.1,27.2,27.1,27.2,27.1,27.2,27.2,27.3,27.2,27.2,27.4,27.3,27.3,27.3,27.2,27.3,27.4,27.2,27.3,27.4,27.3,27.3,27.4,27.3,27.2,27.3,27.2,27.3,27.3,27.3,27.1,27.3,27.2,27.2,27.2,27.1,27.3,27.2,27.2,27.1,27.0,27.2,27.2,27.1,27.1,27.3,27.0,27.3,27.1,27.0
177,28.0,28.1,28.3,28.2,28.2,28.2,28.2,28.2,28.3,28.2,28.2,28.2,28.2,28.3,28.4,28.4,28.4,28.4,28.2,28.3,28.3,28.2,28.2,28.2,28.3,28.5,28.6,28.8,29.0,29.2,29.2,29.2,28.8,28.2,27.8,27.4,27.5,27.4,27.3,27.4,27.6,27.4,27.4,27.3,27.3,27.4,27.4,27.4,27.4,27.4,27.5,27.8,27.9,28.6,28.8,29.2,29.6,29.3,28.9,28.3,28.0,27.7,27.4,27.4,27.2,27.1,27.2,27.2,27.3,27.4,27.1,27.3,27.3,27.4,27.3,27.2,27.3,27.1,27.4,27.3,27.2,27.5,27.5,27.8,27.5,27.5,27.3,27.4,27.4,27.4,27.5,27.5,27.5,27.5,27.3,27.3,27.3,27.3,27.4,27.1,27.2,27.2,27.1,27.3,27.4,27.6,27.4,27.1,27.1,26.9,27.0,27.0,26.9,26.8,26.9,26.8,26.9,26.9,26.9,26.9,26.9,27.2,27.0,27.0,27.1,27.1,27.1,27.1,27.2,27.1,27.3,27.3,27.1,27.2,27.1,27.1,26.9,27.0,27.0,26.8,26.9,27.2,27.0,27.1,27.2,27.2,27.3,27.3,27.2,27.3,27.5,27.2,27.3,27.3,27.4,27.2,27.4,27.3,27.3,27.5,27.3,27.3,27.4,27.3,27.4,27.2,27.1,27.2,27.3,27.3,27.3,27.2,27.2,27.3,27.1,27.3,27.1,27.3,27.2,27.2,27.1,27.4,27.2,27.2,27.1,27.3,27.2,27.3,27.3,27.1,27.1,27.2
178,28.0,28.1,28.2,28.0,28.1,28.1,28.3,28.2,28.2,28.1,28.2,28.4,28.2,28.3,28.4,28.4,28.1,28.4,28.1,28.2,28.2,28.2,28.2,28.2,28.3,28.5,28.5,28.6,29.0,29.2,29.3,29.2,28.7,28.3,27.7,27.5,27.4,27.6,27.4,27.4,27.3,27.3,27.3,27.3,27.4,27.5,27.5,27.5,27.3,27.5,27.6,27.6,28.1,28.4,28.6,29.3,29.5,29.5,29.0,28.4,27.9,27.5,27.3,27.3,27.3,27.1,27.2,27.3,27.3,27.2,27.4,27.5,27.4,27.6,27.3,27.1,27.4,27.3,27.3,27.3,27.4,27.5,27.6,27.5,27.5,27.5,27.5,27.4,27.6,27.4,27.6,27.5,27.6,27.8,27.5,27.4,27.6,27.4,27.4,27.1,27.1,27.1,27.3,27.5,27.4,27.5,27.6,27.3,27.3,26.9,27.2,27.1,26.9,26.8,27.0,26.9,27.0,27.1,27.1,27.1,27.1,27.2,27.3,27.3,27.4,27.3,27.2,27.5,27.2,27.4,27.5,27.6,27.5,27.3,27.1,27.0,26.9,27.0,27.0,27.0,27.0,27.2,26.9,27.1,27.1,27.2,27.2,27.1,27.1,27.3,27.3,27.2,27.2,27.3,27.5,27.2,27.4,27.3,27.3,27.2,27.3,27.2,27.3,27.1,27.4,27.2,27.1,27.3,27.3,27.4,27.2,27.2,27.2,27.2,27.2,27.1,27.3,27.1,27.2,27.0,27.1,27.1,27.2,27.2,27.0,27.2,27.1,27.1,27.1,27.1,27.2,27.2
179,28.0,28.2,28.1,28.2,27.9,28.1,28.0,28.1,28.2,28.2,28.2,28.3,28.2,28.3,28.3,28.3,28.2,28.2,28.3,28.1,28.4,28.2,28.3,28.3,28.4,28.4,28.7,28.7,28.8,29.2,29.0,29.0,28.6,28.1,27.8,27.4,27.4,27.4,27.4,27.2,27.3,27.5,27.4,27.4,27.3,27.5,27.2,27.3,27.6,27.4,27.5,27.7,27.8,28.2,28.7,29.4,29.7,29.8,29.0,28.3,27.8,27.4,27.2,27.3,27.1,27.4,27.1,27.2,27.3,27.3,27.4,27.6,27.6,27.7,27.5,27.6,27.4,27.4,27.5,27.5,27.5,27.6,27.8,27.7,27.8,27.8,27.6,27.5,27.8,27.9,27.9,27.9,28.0,28.0,27.7,27.6,27.5,27.5,27.4,27.2,27.0,27.1,27.3,27.5,27.5,27.6,27.7,27.6,27.6,27.6,27.5,27.4,27.1,27.0,27.1,27.1,26.9,27.3,27.3,27.5,27.6,27.4,27.7,27.8,27.9,27.9,27.7,27.8,27.8,27.8,28.0,28.0,28.0,27.6,27.4,27.2,27.0,26.9,27.0,26.9,26.9,27.0,27.2,27.1,27.1,27.2,27.1,27.2,27.1,27.2,27.3,27.1,27.2,27.2,27.4,27.2,27.3,27.3,27.4,27.2,27.3,27.3,27.3,27.3,27.4,27.3,27.2,27.3,27.2,27.2,27.1,27.3,27.2,27.2,27.3,27.3,27.4,27.2,27.1,27.2,27.2,27.1,27.3,27.2,27.2,27.1,27.2,27.2,27.1,26.9,27.0,27.0
180,28.2,28.1,28.0,28.1,28.3,28.1,28.1,28.4,28.3,28.2,28.1,28.0,28.2,28.3,28.2,28.4,28.2,28.2,28.2,28.1,28.2,28.2,28.2,28.2,28.2,28.4,28.4,28.8,29.0,29.0,29.2,29.0,28.7,28.1,27.7,27.6,27.3,27.3,27.3,27.3,27.1,27.5,27.4,27.3,27.4,27.5,27.5,27.3,27.3,27.3,27.4,27.6,28.0,28.3,28.7,29.4,29.8,29.4,28.8,28.2,27.8,27.5,27.3,27.4,27.3,27.3,27.2,27.3,27.6,27.6,27.8,27.8,27.8,27.7,27.8,27.7,27.7,27.8,27.8,27.9,27.8,27.9,28.0,28.3,28.2,28.2,28.1,28.4,28.4,28.7,28.7,28.5,28.6,28.4,28.1,27.8,27.7,27.6,27.4,27.3,27.0,27.1,27.1,27.4,27.6,27.7,27.8,27.9,27.8,27.8,27.8,27.6,27.6,27.6,27.1,26.9,27.1,27.2,27.3,27.6,27.8,27.9,28.1,28.3,28.7,28.4,28.3,28.3,28.2,28.4,28.4,28.2,28.2,27.9,27.6,27.2,27.1,26.9,26.9,26.9,26.9,27.0,26.9,27.0,27.1,27.2,27.2,27.0,27.2,27.3,27.1,27.3,27.1,27.2,27.3,27.3,27.2,27.1,27.2,27.2,27.2,27.3,27.3,27.3,27.2,27.2,27.2,27.3,27.2,27.3,27.3,27.2,27.3,27.2,27.2,27.1,27.3,27.3,27.2,27.1,27.2,27.0,27.1,27.2,27.3,27.0,27.2,27.0,27.1,27.0,27.1,27.1
181,28.1,28.1,28.1,28.3,28.2,28.0,28.1,28.0,28.1,28.0,28.2,28.3,28.1,28.2,28.3,28.3,28.3,28.1,28.1,28.1,28.3,28.3,28.2,28.2,28.2,28.4,28.5,28.8,28.9,29.2,29.2,29.0,28.8,28.2,27.6,27.5,27.3,27.5,27.3,27.4,27.4,27.3,27.4,27.4,27.5,27.4,27.3,27.3,27.4,27.4,27.5,27.7,27.9,28.3,28.8,29.6,29.8,29.5,28.9,28.4,27.9,27.5,27.4,27.3,27.3,27.3,27.3,27.4,27.6,27.7,27.9,27.9,27.9,28.0,27.9,27.9,28.0,28.0,28.1,28.2,28.2,28.4,28.5,28.8,28.5,28.3,28.6,28.7,28.9,28.9,29.1,29.0,28.8,28.7,28.2,28.1,27.9,27.6,27.3,27.2,27.3,27.2,27.2,27.3,27.5,27.5,27.8,27.8,28.0,27.8,27.9,27.5,27.4,27.3,27.1,27.1,27.2,27.2,27.3,27.4,27.8,28.2,28.6,29.2,29.2,28.6,28.6,28.5,28.7,28.6,28.8,28.6,28.6,28.1,27.5,27.4,26.9,26.9,27.0,27.1,27.0,27.0,26.9,27.0,27.1,27.1,27.1,27.0,27.1,27.1,27.3,27.3,27.2,27.1,27.3,27.3,27.2,27.2,27.2,27.3,27.3,27.2,27.2,27.3,27.2,27.2,27.3,27.2,27.2,27.3,27.0,27.2,27.3,27.1,27.3,27.0,27.3,27.0,27.3,27.1,27.2,27.2,27.2,27.0,27.1,27.2,27.0,27.1,27.1,27.0,26.9,27.1
182,28.0,28.2,28.0,28.1,28.1,28.0,28.1,27.9,28.3,28.3,28.2,28.0,28.2,28.3,28.1,28.3,28.5,28.3,28.4,28.2,28.2,28.2,28.2,28.2,28.1,28.4,28.4,28.8,28.9,29.0,29.1,28.9,28.9,28.3,27.7,27.5,27.3,27.6,27.4,27.3,27.4,27.4,27.4,27.4,27.6,27.4,27.4,27.3,27.2,27.3,27.4,27.5,27.8,28.3,28.9,29.8,30.1,29.6,28.9,28.5,27.9,27.6,27.5,27.4,27.3,27.3,27.3,27.4,27.6,27.7,27.9,28.0,27.8,27.8,28.0,28.0,28.1,28.2,28.0,28.3,28.4,28.3,28.5,28.7,28.6,28.7,28.7,28.8,29.1,29.0,29.3,29.1,28.9,28.7,28.2,28.0,27.9,27.4,27.3,27.1,27.1,27.2,27.2,27.2,27.3,27.5,27.8,27.9,28.0,28.0,27.7,27.5,27.3,27.2,27.1,27.2,26.9,27.2,27.0,27.6,28.1,28.5,29.1,29.6,29.3,29.1,29.0,29.0,28.9,29.0,28.8,29.0,28.8,28.2,27.8,27.4,27.1,26.9,27.0,26.9,26.9,27.0,27.0,27.0,27.0,27.0,27.1,27.1,27.2,27.1,27.3,27.2,27.1,27.1,27.2,27.3,27.2,27.3,27.1,27.1,27.2,27.2,27.2,27.3,27.2,27.2,27.1,27.2,27.2,27.2,27.3,27.2,27.1,27.0,27.1,27.1,27.1,27.1,27.1,27.1,27.0,27.1,27.1,27.2,27.1,27.1,27.0,27.2,27.1,27.2,27.1,27.1
183,28.0,27.9,28.1,28.0,28.2,28.1,28.1,28.2,28.1,28.1,28.2,28.1,28.1,28.4,28.2,28.2,28.3,28.2,28.2,28.1,28.3,28.2,28.2,28.0,28.3,28.1,28.6,28.7,28.9,29.2,29.2,29.0,28.8,28.3,27.6,27.4,27.3,27.3,27.4,27.3,27.5,27.3,27.4,27.5,27.4,27.4,27.2,27.5,27.5,27.2,27.4,27.6,27.8,28.1,28.8,29.9,30.2,29.6,28.7,28.3,27.8,27.6,27.6,27.3,27.3,27.4,27.4,27.4,27.9,27.9,28.0,28.0,27.8,27.6,27.9,28.0,28.0,28.2,28.1,28.4,28.6,28.7,28.6,28.8,28.7,28.7,28.8,28.8,29.0,29.1,29.1,29.0,28.7,28.6,28.2,28.0,27.7,27.6,27.2,27.0,26.9,27.2,27.2,27.1,27.2,27.3,27.9,28.1,28.1,27.8,27.6,27.3,27.3,27.1,26.9,27.1,27.0,26.9,27.1,27.6,28.2,28.8,29.4,30.0,29.6,29.3,29.2,29.2,29.1,29.2,29.2,29.0,29.0,28.3,27.9,27.2,27.1,26.9,26.8,26.8,27.0,26.8,27.0,27.0,27.0,26.9,27.1,27.1,27.1,27.1,27.1,27.1,27.2,27.3,27.3,27.2,27.2,27.3,27.2,27.3,27.2,27.2,27.3,27.2,27.5,27.2,27.2,27.1,27.3,27.3,27.1,27.2,27.1,27.1,27.3,27.1,27.1,27.1,27.1,27.2,27.1,27.1,27.1,26.9,27.0,27.1,27.1,27.1,27.0,26.9,27.0,27.1
184,27.9,28.0,28.0,28.0,28.2,28.0,28.0,28.2,28.2,28.0,28.3,28.2,28.1,28.2,28.3,28.2,28.3,28.3,28.2,28.4,28.3,28.3,28.1,28.2,28.4,28.2,28.5,28.6,29.0,29.1,29.3,29.2,28.8,28.1,27.9,27.6,27.4,27.3,27.5,27.4,27.4,27.3,27.3,27.4,27.5,27.6,27.4,27.3,27.4,27.4,27.4,27.7,28.0,28.3,29.0,30.2,30.4,29.6,28.8,28.1,27.9,27.7,27.5,27.5,27.4,27.4,27.4,27.6,27.7,28.0,28.2,28.1,28.0,27.6,27.6,27.8,27.9,28.1,28.3,28.4,28.4,28.4,28.7,28.7,28.7,28.7,28.8,28.8,28.8,28.9,28.8,28.7,28.5,28.5,28.2,27.9,27.6,27.4,27.3,27.0,26.9,26.8,26.9,27.1,27.1,27.1,27.7,27.9,27.8,27.9,27.6,27.4,27.1,27.0,26.9,26.9,26.9,26.9,27.2,27.7,28.6,29.1,29.6,30.0,29.5,29.3,29.4,29.4,29.3,29.3,29.4,29.2,29.0,28.3,27.8,27.5,27.1,26.9,26.8,26.8,26.9,26.8,27.1,27.0,26.9,26.9,27.0,27.1,27.2,27.1,27.3,27.0,27.3,27.2,27.2,27.3,27.4,27.2,27.2,27.2,27.1,27.3,27.2,27.2,27.3,27.1,27.2,27.5,27.2,27.3,27.2,27.2,27.1,27.1,27.1,27.2,27.0,27.0,27.2,27.2,27.1,27.2,27.1,27.2,27.1,26.9,27.0,27.1,26.9,27.0,27.0,27.3
185,28.2,28.0,28.1,28.0,28.0,28.0,28.0,28.0,28.1,28.1,28.0,28.1,28.1,28.3,28.3,28.2,28.2,28.3,28.3,28.2,28.2,28.2,28.4,28.0,28.3,28.3,28.3,28.8,28.9,29.1,29.4,29.1,28.8,28.5,27.8,27.6,27.3,27.4,27.4,27.4,27.3,27.5,27.5,27.4,27.4,27.6,27.5,27.3,27.5,27.3,27.3,27.8,27.9,28.3,28.9,30.3,30.5,29.6,29.0,28.4,28.0,27.8,27.5,27.5,27.5,27.2,27.3,27.6,27.9,28.0,28.2,28.2,27.9,27.6,27.6,27.6,27.6,27.7,28.0,28.2,28.2,28.2,28.4,28.6,28.6,28.5,28.6,28.6,28.6,28.4,28.5,28.4,28.4,28.1,27.9,27.8,27.5,27.3,26.9,27.1,27.0,27.0,27.0,27.0,27.1,27.2,27.6,27.8,27.9,27.6,27.3,27.1,27.0,27.1,26.9,27.1,27.0,27.2,27.2,27.6,28.6,29.6,30.0,29.8,29.6,29.5,29.4,29.3,29.2,29.3,29.2,29.2,29.0,28.6,27.9,27.4,27.2,27.0,27.1,26.9,27.0,26.8,27.0,26.9,27.0,26.9,27.0,27.0,27.2,27.1,27.3,27.1,27.2,27.2,27.2,27.2,27.2,27.3,27.3,27.2,27.2,27.3,27.2,27.2,27.1,27.2,27.2,27.1,27.3,27.3,27.2,27.1,27.2,27.1,27.3,27.2,27.2,27.0,27.2,27.3,27.1,27.1,27.1,27.1,27.1,27.2,27.0,27.1,27.1,27.0,27.0,27.2
186,28.1,28.0,28.2,28.1,28.2,28.0,28.1,28.1,28.1,28.1,28.2,28.3,28.3,28.2,28.2,28.4,28.1,28.2,28.3,28.1,28.3,28.2,28.1,28.3,28.0,28.3,28.5,28.6,28.8,29.2,29.1,29.2,28.6,28.2,27.8,27.6,27.4,27.5,27.4,27.4,27.3,27.3,27.5,27.5,27.6,27.3,27.5,27.5,27.4,27.5,27.5,27.6,27.8,28.3,29.1,30.6,30.9,29.7,28.9,28.3,27.9,27.5,27.5,27.4,27.4,27.3,27.3,27.6,28.0,28.1,28.3,28.4,27.9,27.8,27.6,27.4,27.5,27.7,27.7,27.8,28.0,27.9,28.1,28.2,28.3,28.3,28.4,28.2,28.5,28.3,28.2,28.2,28.0,27.8,27.5,27.7,27.5,27.3,27.1,27.1,26.9,27.1,26.9,27.0,27.2,27.2,27.6,27.8,27.8,27.6,27.3,27.1,27.1,27.1,27.1,27.0,27.0,27.2,27.4,27.7,28.6,29.8,30.0,29.6,29.6,29.2,29.5,29.4,29.3,29.4,29.3,29.4,29.0,28.4,28.0,27.5,27.1,27.0,26.9,26.8,26.9,26.9,27.1,26.9,27.0,27.0,27.1,27.0,27.1,27.1,27.1,27.0,27.2,27.2,27.2,27.3,27.3,27.4,27.3,27.3,27.5,27.2,27.3,27.2,27.3,27.2,27.2,27.3,27.2,27.2,27.2,27.2,27.3,27.1,27.2,27.1,27.2,27.1,27.3,27.0,27.1,27.1,27.1,27.1,27.1,27.0,27.2,27.1,27.2,27.0,27.1,26.9
187,27.9,28.0,28.1,28.0,28.0,28.0,28.2,28.1,28.2,28.1,28.2,28.3,28.2,28.0,28.2,28.3,28.2,28.2,28.2,28.1,28.2,28.3,28.2,28.1,28.3,28.3,28.4,28.9,28.8,29.1,29.3,29.1,28.9,28.5,27.9,27.4,27.3,27.3,27.5,27.6,27.4,27.4,27.5,27.3,27.6,27.3,27.4,27.3,27.3,27.3,27.6,27.8,27.9,28.3,29.2,30.5,31.0,29.9,28.9,28.3,27.8,27.6,27.5,27.3,27.3,27.3,27.3,27.5,27.8,28.1,28.3,28.3,28.0,27.7,27.6,27.5,27.3,27.5,27.6,27.5,27.5,27.5,27.6,27.8,28.0,27.8,27.7,27.8,28.0,27.7,27.8,27.5,27.4,27.4,27.5,27.5,27.5,27.3,27.1,27.0,27.0,27.0,26.9,27.0,27.1,27.3,27.6,27.7,27.6,27.5,27.3,27.1,27.0,26.8,27.0,27.0,27.1,27.4,27.6,28.0,28.8,29.8,29.8,29.4,29.4,29.3,29.4,29.3,29.4,29.4,29.4,29.2,29.1,28.6,27.8,27.6,27.0,27.1,26.9,27.1,26.8,26.9,27.0,27.1,26.9,27.1,27.1,27.0,27.3,27.1,27.0,27.1,27.2,27.3,27.2,27.2,27.1,27.3,27.2,27.4,27.3,27.2,27.2,27.2,27.4,27.0,27.2,27.2,27.2,27.2,27.1,27.3,27.2,27.2,27.1,27.1,27.0,27.1,27.1,27.1,27.2,27.1,27.1,27.1,27.1,27.0,27.0,27.0,27.0,26.9,26.9,27.0
188,27.9,28.2,28.0,28.0,28.3,28.2,28.3,28.1,28.2,28.1,28.0,28.1,28.0,28.2,28.3,28.1,28.3,28.3,28.1,28.1,28.2,28.3,28.2,28.2,28.2,28.3,28.5,28.7,28.9,29.1,29.4,29.1,28.8,28.4,28.0,27.6,27.3,27.5,27.5,27.3,27.4,27.4,27.4,27.4,27.4,27.4,27.5,27.6,27.4,27.3,27.4,27.7,27.8,28.3,29.2,30.3,31.2,30.3,29.1,28.4,28.0,27.5,27.5,27.3,27.2,27.3,27.3,27.5,27.9,28.0,28.5,28.6,28.3,27.9,27.7,27.4,27.5,27.6,27.5,27.4,27.4,27.5,27.4,27.5,27.5,27.5,27.7,27.6,27.4,27.3,27.2,27.3,27.1,27.2,27.4,27.4,27.5,27.3,27.3,27.1,27.0,27.0,26.8,27.1,27.1,27.3,27.6,27.7,27.7,27.3,27.1,27.0,27.0,26.9,27.1,27.4,27.3,27.8,27.8,28.3,28.8,29.7,29.6,29.5,29.4,29.4,29.3,29.4,29.4,29.3,29.3,29.3,29.1,28.5,28.0,27.5,27.1,27.0,26.8,26.9,27.0,26.9,26.9,27.0,27.0,27.1,27.1,27.0,27.2,27.1,27.2,27.3,27.2,27.0,27.2,27.2,27.2,27.1,27.2,27.3,27.1,27.3,27.1,27.1,27.2,27.1,27.2,27.1,27.3,27.1,27.1,27.1,27.1,27.1,27.2,27.2,27.3,27.1,27.1,27.2,27.0,27.2,27.1,27.0,26.9,27.0,27.1,27.0,26.9,27.0,27.1,27.0
189,28.1,27.9,28.0,28.0,28.1,28.1,28.0,28.2,28.1,28.0,28.2,28.1,28.2,28.3,28.2,28.2,28.0,28.2,28.2,28.2,28.2,28.2,28.1,28.2,28.2,28.2,28.5,28.7,28.8,29.3,29.2,28.9,28.9,28.3,28.0,27.7,27.4,27.4,27.4,27.3,27.5,27.5,27.3,27.5,27.4,27.4,27.4,27.4,27.4,27.3,27.5,27.7,27.8,28.3,29.1,30.2,31.0,30.3,29.3,28.3,27.9,27.5,27.2,27.3,27.2,27.3,27.2,27.5,27.8,28.2,28.5,28.6,28.3,28.1,28.0,27.6,27.6,27.5,27.3,27.3,27.2,27.1,27.2,27.3,27.3,27.3,27.3,27.2,27.1,26.9,27.0,27.0,26.9,27.0,27.2,27.4,27.3,27.3,27.2,27.0,26.9,26.8,26.9,26.9,27.2,27.5,27.7,27.8,27.8,27.3,27.1,27.0,27.1,27.3,27.4,27.5,27.8,28.0,28.1,28.4,28.9,29.5,29.6,29.4,29.3,29.4,29.3,29.3,29.2,29.3,29.3,29.3,29.0,28.5,27.9,27.3,27.1,26.9,26.9,26.8,26.9,26.7,27.0,26.9,27.1,26.9,27.1,27.1,27.0,27.1,27.1,27.2,27.1,27.2,27.1,27.2,27.1,27.1,27.3,27.1,27.1,27.2,27.0,27.2,27.3,27.1,27.2,27.1,27.2,27.2,27.4,27.2,27.2,27.2,27.0,27.1,27.3,27.1,27.2,27.1,27.1,27.1,27.1,27.1,26.9,27.2,27.2,27.2,27.0,27.1,27.1,27.1
190,28.1,27.9,28.1,28.0,28.0,28.0,28.1,28.0,28.2,28.1,27.9,28.2,28.2,28.2,28.1,28.2,28.1,28.3,28.2,28.2,28.2,28.1,28.3,28.2,28.3,28.2,28.4,28.7,28.8,29.2,29.4,29.1,28.8,28.6,28.0,27.7,27.3,27.5,27.5,27.5,27.5,27.4,27.3,27.3,27.5,27.4,27.4,27.4,27.1,27.4,27.3,27.6,27.9,28.5,29.0,30.1,30.8,30.6,29.5,28.8,28.0,27.5,27.4,27.3,27.2,27.4,27.3,27.4,27.9,28.2,28.5,28.9,28.7,28.4,28.1,27.8,27.6,27.5,27.3,27.3,27.2,27.3,27.4,27.2,27.2,27.0,27.1,26.9,27.0,26.9,26.8,27.0,26.7,27.0,27.1,27.2,27.4,27.3,27.1,27.1,27.0,26.9,27.0,27.2,27.2,27.5,27.6,27.9,27.6,27.3,27.2,27.1,27.2,27.5,27.6,27.9,27.9,28.3,28.5,28.6,29.1,29.4,29.4,29.2,29.5,29.3,29.4,29.4,29.3,29.4,29.2,29.4,29.1,28.6,28.0,27.5,26.9,26.8,26.8,26.8,26.7,26.8,26.8,26.9,26.9,26.8,26.9,26.9,27.0,27.2,27.1,27.1,27.1,27.1,27.3,27.2,27.0,27.3,27.2,27.2,27.3,27.1,27.0,27.1,27.2,27.2,27.1,27.1,27.1,27.3,27.3,27.3,27.3,27.1,27.1,27.1,27.1,27.1,27.2,27.2,27.2,27.2,27.1,27.1,27.0,27.1,26.9,27.0,27.1,27.1,27.1,26.9
191,28.0,27.9,27.9,28.1,28.1,28.0,28.2,28.1,28.1,28.0,28.0,28.1,28.2,28.1,28.3,28.4,28.1,28.2,28.2,28.2,28.3,28.1,28.5,28.1,28.2,28.1,28.3,28.5,28.8,29.1,29.2,29.0,28.9,28.5,28.0,27.7,27.3,27.4,27.6,27.3,27.5,27.4,27.4,27.4,27.6,27.3,27.3,27.3,27.4,27.4,27.4,27.6,27.9,28.3,28.8,29.8,30.5,30.6,29.7,28.7,28.0,27.5,27.3,27.1,27.2,27.2,27.4,27.5,28.0,28.3,28.6,28.9,28.8,28.6,28.4,28.2,27.9,27.7,27.6,27.5,27.3,27.3,27.1,27.1,27.0,27.1,27.0,27.1,27.0,26.6,26.8,26.7,26.8,27.0,27.2,27.5,27.6,27.3,27.3,27.1,27.1,27.0,27.2,27.1,27.1,27.3,27.8,27.7,27.6,27.4,27.4,27.4,27.6,27.9,28.0,28.1,28.3,28.5,28.7,29.0,29.2,29.3,29.4,29.4,29.4,29.5,29.4,29.3,29.5,29.3,29.4,29.3,29.0,28.7,28.0,27.5,27.1,26.9,26.9,26.9,26.9,27.0,26.8,26.9,26.7,26.9,27.1,27.0,27.1,27.1,27.3,27.0,27.1,27.2,27.2,27.0,27.2,27.2,27.1,27.3,27.1,27.2,27.1,27.1,27.2,27.1,27.2,27.1,27.2,27.2,27.3,27.1,27.1,27.2,27.1,27.2,27.0,27.3,27.1,27.2,27.1,27.2,27.1,27.1,27.1,27.1,27.1,27.1,26.9,27.0,26.9,27.1
192,27.8,27.8,28.1,28.2,28.1,28.0,28.1,27.9,28.1,28.1,28.2,28.3,28.1,28.1,28.2,28.1,28.0,28.2,28.2,28.2,28.2,28.2,28.1,28.1,28.0,28.2,28.4,28.5,28.9,29.1,29.4,29.3,29.0,28.7,28.0,27.6,27.6,27.5,27.6,27.5,27.4,27.5,27.4,27.3,27.4,27.4,27.4,27.3,27.4,27.6,27.5,27.7,27.8,28.4,28.8,29.5,30.4,30.4,30.0,29.0,28.2,27.7,27.4,27.3,27.3,27.3,27.5,27.7,27.9,28.2,28.8,29.1,29.0,28.9,28.9,28.3,28.0,28.0,27.6,27.5,27.5,27.5,27.2,27.2,27.3,27.1,27.1,27.1,26.8,26.8,26.9,26.8,26.8,26.8,27.1,27.5,27.5,27.5,27.2,27.1,26.9,26.9,26.9,27.1,27.2,27.5,27.7,27.8,27.6,27.6,27.6,27.8,27.8,27.9,28.3,28.2,28.5,28.7,28.9,28.9,28.9,29.4,29.3,29.4,29.6,29.3,29.4,29.4,29.6,29.4,29.3,29.4,29.1,28.7,28.0,27.5,27.1,26.9,26.8,26.7,26.7,26.8,26.9,26.8,26.9,27.0,27.1,26.9,27.0,27.0,27.1,26.9,27.1,27.1,27.1,27.1,27.1,27.2,27.0,27.2,27.1,27.2,27.1,27.2,27.1,27.3,27.1,27.3,27.1,27.2,27.3,27.3,27.2,27.1,27.1,27.1,27.1,27.0,27.0,27.1,27.2,27.2,27.0,27.1,27.0,26.9,27.1,27.0,27.1,26.9,27.1,26.9
193,27.8,28.0,27.9,28.0,28.0,28.0,28.0,28.1,28.1,28.1,28.0,28.2,28.1,28.0,27.9,28.0,28.2,28.1,28.0,28.2,28.2,28.2,28.1,28.2,28.2,28.4,28.3,28.6,28.8,29.1,29.2,29.3,28.9,28.5,28.0,27.8,27.4,27.5,27.3,27.4,27.3,27.3,27.4,27.6,27.5,27.4,27.5,27.3,27.5,27.5,27.4,27.7,27.9,28.1,28.6,29.3,29.9,30.0,29.8,29.2,28.3,27.7,27.5,27.3,27.2,27.3,27.5,27.5,28.1,28.1,28.8,29.2,29.1,29.0,28.8,28.7,28.4,28.1,27.7,27.6,27.5,27.3,27.3,27.3,27.2,27.0,26.8,27.0,26.7,26.8,26.7,26.7,26.7,26.9,27.1,27.4,27.6,27.3,27.4,27.2,27.1,26.9,26.9,26.9,27.1,27.1,27.6,27.8,27.8,27.7,28.0,27.9,28.1,28.2,28.5,28.8,28.8,29.0,29.2,29.2,29.2,29.3,29.2,29.4,29.3,29.4,29.4,29.3,29.4,29.4,29.3,29.2,29.2,28.6,27.9,27.3,27.1,26.9,26.8,26.7,26.9,26.7,26.9,27.0,26.9,26.9,27.0,27.0,27.1,27.1,27.2,27.1,27.2,27.2,27.0,27.3,27.2,27.1,27.1,27.2,27.1,27.1,27.1,27.2,27.4,27.2,27.1,27.2,27.1,27.1,27.2,27.1,27.1,27.2,27.0,27.0,27.1,27.1,27.1,27.1,27.1,27.1,27.1,27.1,27.1,27.1,27.0,27.2,27.1,27.0,26.9,27.0
194,27.9,27.9,28.0,27.8,28.1,28.0,27.9,27.9,27.9,28.2,28.1,28.1,28.1,28.1,28.1,28.0,28.0,28.1,28.1,28.2,28.2,28.2,28.2,28.2,28.2,28.2,28.2,28.6,28.8,29.1,29.3,29.0,28.9,28.5,28.0,27.7,27.5,27.6,27.4,27.6,27.4,27.5,27.3,27.4,27.6,27.4,27.3,27.4,27.4,27.5,27.6,27.6,27.7,28.3,28.6,29.2,29.6,29.7,29.8,29.4,28.4,27.5,27.4,27.2,27.2,27.4,27.5,27.4,27.7,28.2,28.7,29.2,29.0,29.1,29.2,29.1,28.7,28.6,28.2,27.9,27.6,27.3,27.4,27.1,27.2,27.1,27.1,26.9,26.8,26.9,26.7,26.7,26.9,26.9,27.2,27.4,27.6,27.4,27.4,27.2,27.1,27.1,27.0,27.1,27.0,27.3,27.3,27.8,27.9,28.0,28.0,28.2,28.2,28.4,28.6,28.7,28.8,29.1,29.1,29.3,29.2,29.5,29.5,29.4,29.2,29.3,29.4,29.6,29.5,29.2,29.2,29.4,29.2,28.7,27.9,27.4,27.0,26.9,26.9,26.8,26.7,27.0,26.8,26.9,26.9,27.0,27.1,26.9,27.1,27.1,27.1,27.0,27.1,27.1,27.2,27.2,27.3,27.2,27.3,27.2,27.1,27.3,27.2,27.1,27.1,27.1,27.0,27.2,27.1,27.1,27.1,27.0,27.1,27.1,27.0,27.2,26.9,27.1,27.3,27.2,27.1,27.0,27.1,27.0,27.1,27.0,27.1,27.1,27.1,27.1,27.1,27.0
195,27.9,28.0,28.1,27.9,28.1,28.1,27.8,27.9,28.0,28.0,28.0,28.0,28.3,28.2,28.1,28.2,28.3,28.4,28.1,28.1,28.2,28.1,28.2,28.1,28.2,28.2,28.3,28.6,28.8,29.2,29.4,29.4,28.9,28.6,28.2,27.7,27.6,27.4,27.3,27.5,27.5,27.5,27.4,27.4,27.6,27.6,27.5,27.5,27.4,27.4,27.4,27.6,27.8,28.2,28.7,29.1,29.4,29.8,29.6,29.1,28.4,27.8,27.5,27.3,27.3,27.4,27.6,27.6,28.0,28.4,29.0,29.2,29.4,29.3,29.4,29.3,29.0,28.7,28.4,28.0,27.6,27.4,27.3,27.5,27.2,27.1,27.1,26.9,26.9,26.8,26.9,26.8,26.8,26.9,27.1,27.5,27.5,27.5,27.3,27.2,27.1,26.9,27.1,26.8,27.1,27.1,27.4,27.8,28.0,28.2,28.2,28.4,28.6,28.8,28.8,28.8,29.0,29.2,29.4,29.3,29.4,29.5,29.5,29.4,29.3,29.6,29.4,29.4,29.5,29.5,29.4,29.4,29.2,28.9,28.0,27.5,27.0,26.9,26.9,26.8,26.9,26.7,27.0,26.8,27.0,27.0,27.0,26.9,27.2,27.0,27.1,27.1,27.2,27.1,27.1,27.2,27.2,27.2,27.1,27.2,27.3,27.1,27.2,27.2,27.2,27.1,27.2,27.0,27.3,27.2,27.2,27.2,27.1,27.1,27.1,27.2,27.1,27.0,27.2,27.1,27.1,27.1,27.1,27.0,27.0,27.0,27.1,27.1,27.2,26.9,27.0,27.1
196,27.9,28.0,28.1,28.0,28.0,28.0,28.1,28.0,28.1,28.0,28.1,28.1,28.2,28.2,28.1,28.3,28.2,28.1,28.0,28.2,28.3,28.0,28.1,28.2,28.2,28.3,28.3,28.4,28.7,29.2,29.2,29.4,28.8,28.4,28.0,27.6,27.3,27.4,27.3,27.3,27.4,27.6,27.4,27.4,27.5,27.4,27.5,27.6,27.4,27.4,27.6,27.7,27.7,28.1,28.4,29.0,29.4,29.5,29.3,29.2,28.5,27.8,27.4,27.3,27.3,27.3,27.7,27.5,27.8,28.4,28.8,29.4,29.2,29.4,29.3,29.3,29.2,29.1,28.8,28.5,28.0,27.7,27.6,27.3,27.3,27.4,27.1,27.0,27.0,27.1,27.0,26.9,26.9,27.1,27.6,27.7,27.6,27.3,27.2,27.1,26.9,26.9,27.0,26.9,27.0,27.1,27.4,27.8,28.2,28.5,28.5,28.7,28.8,28.7,28.8,28.9,29.0,29.0,29.5,29.4,29.5,29.3,29.4,29.3,29.6,29.3,29.4,29.5,29.3,29.5,29.5,29.4,29.2,28.6,27.9,27.3,27.3,27.0,26.7,26.7,26.7,27.1,26.7,27.0,27.0,27.0,26.9,27.0,27.0,27.0,27.2,27.1,27.1,27.2,27.2,27.1,27.2,27.2,27.0,27.2,26.9,27.1,27.2,27.3,27.2,27.1,27.1,27.0,27.3,27.1,27.1,27.1,27.1,27.1,27.1,27.0,27.1,27.0,27.1,26.9,27.1,26.9,27.0,27.1,27.0,27.0,26.9,26.9,27.0,26.9,27.0,27.0
197,27.8,27.8,27.9,27.8,28.1,28.0,28.0,28.1,28.1,28.1,28.0,28.1,28.1,28.1,28.0,28.2,28.1,28.3,28.0,28.1,28.2,28.0,28.2,28.2,28.1,28.3,28.3,28.6,28.7,29.1,29.3,29.3,28.8,28.7,28.0,27.6,27.5,27.4,27.4,27.4,27.4,27.4,27.4,27.6,27.4,27.4,27.5,27.5,27.4,27.3,27.5,27.6,27.7,28.1,28.7,29.0,29.3,29.5,29.3,29.1,28.5,27.9,27.6,27.3,27.4,27.4,27.4,27.6,27.8,28.3,28.9,29.2,29.4,29.6,29.2,29.2,29.3,29.2,28.9,28.7,28.1,27.8,27.5,27.6,27.6,27.5,27.3,27.4,27.6,27.4,27.5,27.4,27.4,27.6,28.0,27.9,27.6,27.5,27.2,27.1,27.1,27.1,27.1,27.1,27.0,27.1,27.4,27.8,28.2,28.6,28.6,28.6,28.7,28.8,28.9,29.0,29.1,29.3,29.5,29.6,29.5,29.4,29.4,29.5,29.4,29.5,29.4,29.4,29.4,29.6,29.7,29.5,29.3,28.6,28.0,27.5,27.0,26.9,26.6,26.7,26.8,26.7,26.9,26.8,26.9,26.9,27.0,27.1,26.9,27.1,27.3,27.1,27.1,27.0,27.1,27.1,27.2,27.1,27.2,27.2,27.2,27.1,27.1,27.1,27.2,27.1,27.1,27.1,27.0,27.1,27.3,27.0,27.0,27.0,26.9,27.1,27.1,27.1,27.1,27.1,26.9,27.1,27.0,26.9,27.0,27.0,27.0,27.0,27.0,27.1,27.1,26.9
198,27.9,28.0,28.1,27.9,27.8,27.9,28.2,27.9,27.8,28.0,27.9,28.0,28.2,28.0,27.9,28.2,28.1,28.1,28.0,28.1,28.0,28.0,27.9,28.1,28.1,28.1,28.2,28.5,28.7,28.9,29.3,29.1,29.0,28.5,28.1,27.7,27.4,27.4,27.5,27.3,27.4,27.4,27.5,27.3,27.5,27.5,27.3,27.4,27.4,27.4,27.4,27.6,27.8,28.1,28.5,29.1,29.4,29.3,29.0,29.0,28.4,27.8,27.7,27.5,27.3,27.5,27.6,27.5,27.8,28.2,28.8,29.3,29.4,29.4,29.3,29.4,29.2,29.4,28.9,28.8,28.4,28.0,27.6,27.8,27.7,27.9,27.9,27.8,27.9,27.8,27.8,27.7,27.8,28.0,28.2,27.9,27.8,27.6,27.3,27.1,27.1,27.1,27.0,26.9,26.8,27.1,27.5,27.8,28.3,28.6,28.6,28.7,28.8,28.8,29.0,29.0,29.2,29.3,29.4,29.5,29.6,29.6,29.5,29.3,29.5,29.4,29.5,29.5,29.6,29.8,29.5,29.4,29.3,28.6,27.9,27.5,27.1,26.9,27.0,26.7,26.9,26.9,26.8,27.0,26.9,27.0,27.0,27.1,27.2,27.0,27.1,27.0,27.0,27.0,27.0,27.1,27.3,27.0,27.1,27.1,27.2,27.1,27.2,27.3,27.2,27.1,26.9,27.1,27.2,27.2,27.1,27.1,27.0,27.1,27.0,27.1,27.0,27.1,27.1,27.0,26.9,27.0,27.1,27.0,27.2,27.0,26.9,27.0,26.9,26.9,27.0,27.0
199,28.0,28.0,28.0,27.9,28.0,28.0,28.0,28.0,28.0,27.9,27.8,27.9,28.0,28.2,28.1,28.1,28.0,28.1,27.9,27.9,28.0,28.2,28.1,28.2,28.2,28.1,28.2,28.4,28.5,29.0,29.3,29.4,29.2,28.6,28.0,27.7,27.6,27.6,27.2,27.3,27.5,27.4,27.3,27.4,27.6,27.5,27.4,27.4,27.5,27.5,27.5,27.5,27.8,28.0,28.5,29.0,29.3,29.1,29.0,28.7,28.4,27.8,27.5,27.3,27.4,27.3,27.6,27.6,27.7,28.2,28.9,29.3,29.4,29.3,29.2,29.2,29.1,29.2,29.0,28.9,28.6,28.3,28.0,27.7,28.0,28.0,28.0,27.9,28.0,27.9,27.9,27.8,27.8,28.3,28.3,28.2,27.8,27.6,27.3,27.0,27.0,27.0,27.0,27.0,27.0,27.1,27.4,28.0,28.3,28.5,28.7,28.8,29.0,28.8,28.9,29.0,29.2,29.3,29.4,29.6,29.6,29.7,29.6,29.5,29.4,29.3,29.4,29.6,29.5,29.4,29.4,29.3,29.2,28.7,27.9,27.4,26.9,26.8,26.7,26.7,26.8,26.9,26.9,26.8,26.8,26.7,27.1,27.1,27.0,27.0,27.1,27.0,27.1,27.1,27.1,27.1,27.1,27.2,27.3,27.0,27.0,27.1,27.1,27.0,27.1,27.1,27.1,27.1,27.2,27.2,27.1,27.1,27.1,26.9,27.2,27.0,26.9,27.1,26.9,27.1,27.1,27.1,27.0,27.2,27.0,27.1,27.1,26.9,26.9,27.1,27.1,27.1
200,28.0,27.8,28.0,27.8,28.0,27.9,27.9,28.0,28.0,27.8,28.0,27.8,27.8,28.0,28.0,28.1,28.0,28.1,27.9,28.1,28.0,28.0,27.8,28.0,28.1,27.9,28.0,28.2,28.6,28.8,29.2,29.5,29.1,28.7,28.0,27.6,27.6,27.6,27.5,27.4,27.4,27.5,27.6,27.1,27.4,27.6,27.4,27.4,27.3,27.3,27.5,27.4,27.8,28.0,28.6,29.0,29.2,29.4,29.1,28.8,28.4,27.9,27.4,27.5,27.5,27.3,27.4,27.4,27.8,28.2,28.9,29.3,29.3,29.2,29.1,29.0,28.8,28.8,28.8,28.7,28.6,28.6,28.4,28.2,28.2,28.2,28.3,28.2,27.9,28.0,27.8,27.8,27.8,28.1,28.4,28.1,28.0,27.4,27.1,27.0,27.1,27.0,26.9,26.9,26.9,27.0,27.4,28.0,28.2,28.5,28.7,28.7,28.6,28.7,28.9,29.2,29.1,29.2,29.3,29.2,29.6,29.6,29.5,29.2,29.3,29.3,29.5,29.7,29.5,29.4,29.1,29.2,29.2,28.7,27.9,27.4,27.1,26.9,26.8,26.7,26.9,26.8,26.8,26.9,26.8,26.9,26.8,26.9,26.9,27.0,27.1,27.1,27.0,27.1,27.1,27.1,27.2,27.1,27.2,27.1,27.2,27.0,27.2,27.0,27.3,27.0,27.0,27.1,27.0,27.2,27.1,27.1,27.2,27.2,26.9,27.0,27.0,27.0,27.1,27.0,27.1,27.1,26.9,27.1,27.0,27.0,27.1,27.1,27.0,27.0,26.8,27.1
201,27.9,27.8,27.8,27.7,27.8,27.8,27.9,27.9,27.9,28.0,27.9,27.9,27.9,28.2,28.1,28.0,27.8,28.2,28.0,28.0,28.0,28.1,28.0,28.0,28.1,28.1,28.0,28.2,28.5,28.7,29.2,29.3,29.0,28.6,28.1,27.8,27.5,27.5,27.4,27.5,27.5,27.5,27.4,27.4,27.3,27.3,27.3,27.4,27.4,27.5,27.5,27.5,27.8,28.1,28.6,28.8,29.4,29.4,29.2,29.0,28.2,28.1,27.5,27.4,27.3,27.4,27.5,27.3,27.8,28.3,28.8,29.4,29.3,29.0,28.8,28.7,28.5,28.6,28.6,28.6,28.6,28.7,28.6,28.5,28.6,28.2,28.2,28.0,27.8,27.7,27.8,27.8,27.7,28.1,28.3,28.2,28.0,27.6,27.2,26.9,27.0,27.0,26.9,27.0,27.0,27.1,27.5,27.9,28.5,28.6,28.6,28.4,28.6,28.7,29.0,29.1,29.1,28.9,29.1,29.2,29.4,29.6,29.4,29.2,29.2,29.3,29.4,29.6,29.5,29.3,29.0,29.0,29.0,28.6,27.9,27.6,27.1,26.8,26.8,26.8,26.8,26.8,27.0,26.9,26.9,26.9,27.0,27.0,27.1,27.1,27.1,27.1,27.0,27.0,27.1,27.2,27.2,27.1,27.2,27.1,27.1,27.2,27.0,27.1,27.2,27.1,27.0,27.1,27.3,27.1,27.2,27.0,27.0,27.1,27.1,27.2,27.1,27.1,27.0,27.1,26.9,26.9,27.0,27.2,27.0,27.0,27.1,27.2,26.9,27.1,27.1,27.0
202,27.9,27.9,27.9,27.8,27.8,27.7,27.8,27.9,27.9,28.1,28.0,28.0,28.0,28.0,27.9,28.0,28.0,28.0,28.1,27.9,28.2,28.0,28.0,28.0,28.1,28.1,28.3,28.3,28.6,28.7,29.1,29.4,28.9,28.6,28.3,27.7,27.5,27.3,27.5,27.4,27.4,27.3,27.4,27.5,27.3,27.5,27.5,27.5,27.6,27.3,27.5,27.5,27.6,27.9,28.4,29.1,29.3,29.3,29.2,28.8,28.4,27.8,27.5,27.3,27.3,27.6,27.3,27.5,28.0,28.2,28.8,29.1,29.3,29.1,28.8,28.4,28.4,28.4,28.5,28.4,28.5,28.7,28.5,28.2,28.3,28.3,28.2,28.1,28.1,27.8,27.9,28.0,28.0,28.2,28.4,28.3,27.8,27.5,27.1,27.0,27.1,27.0,27.0,26.9,27.2,27.1,27.5,27.9,28.4,28.5,28.3,28.3,28.4,28.8,29.0,29.2,29.0,28.9,29.0,29.3,29.3,29.5,29.4,29.0,29.1,29.2,29.3,29.4,29.5,29.1,28.9,29.1,28.9,28.7,28.1,27.5,27.1,26.9,26.8,26.7,26.6,26.9,26.9,26.8,26.9,26.9,27.1,27.0,27.1,27.0,27.0,26.9,27.1,27.1,27.1,27.2,27.1,27.1,27.1,27.1,27.2,27.2,27.2,27.0,27.1,27.2,27.2,27.0,27.2,27.2,27.3,27.1,27.2,27.1,27.1,27.1,27.0,27.1,27.1,27.1,27.2,27.0,27.1,27.1,27.0,27.0,26.9,27.0,27.0,26.9,27.0,27.1
203,27.9,27.8,28.0,27.8,27.8,27.7,27.8,27.9,27.9,27.8,27.9,27.9,28.1,27.8,28.0,27.9,28.0,28.0,27.8,27.9,28.0,27.9,27.9,28.0,28.2,28.0,28.2,28.3,28.6,28.8,29.2,29.4,29.0,28.7,28.1,27.8,27.5,27.7,27.5,27.5,27.5,27.3,27.3,27.3,27.4,27.4,27.6,27.3,27.5,27.5,27.5,27.7,27.8,28.1,28.6,29.0,29.4,29.4,29.4,28.9,28.6,27.9,27.5,27.4,27.3,27.5,27.5,27.4,27.7,28.3,28.6,29.1,29.1,28.9,28.3,28.3,28.0,28.0,28.0,28.2,28.4,28.5,28.6,28.6,28.1,28.3,28.1,27.9,27.9,28.0,28.0,27.9,28.0,28.1,28.3,28.2,27.9,27.6,27.1,27.0,27.0,26.9,26.9,26.9,27.0,27.1,27.4,28.0,28.3,28.3,28.2,28.1,28.4,28.7,29.1,29.2,28.8,28.8,29.1,28.9,29.3,29.2,29.3,29.0,29.0,29.1,29.2,29.2,29.4,28.9,28.8,29.0,29.0,28.6,28.0,27.4,27.2,26.9,26.8,26.8,27.0,26.8,26.9,26.9,26.9,26.9,26.8,27.1,27.0,26.9,26.9,27.0,27.1,27.2,27.2,26.9,26.9,26.9,27.1,27.1,26.9,27.1,27.1,27.1,27.1,27.1,27.0,27.1,27.1,27.1,27.1,27.1,27.1,27.1,27.0,27.1,27.0,27.1,27.0,27.0,26.9,27.0,27.0,27.0,27.0,26.9,27.0,27.0,26.9,27.0,27.0,27.0
204,27.8,27.8,27.8,27.6,27.8,28.0,27.8,27.9,27.8,28.0,28.1,28.0,28.0,28.0,28.0,28.2,28.0,28.0,27.9,28.1,27.9,28.0,28.1,28.0,28.0,28.0,28.1,28.3,28.6,28.8,29.1,29.4,29.2,28.8,28.3,27.8,27.5,27.4,27.4,27.5,27.4,27.5,27.4,27.5,27.6,27.5,27.6,27.3,27.3,27.5,27.4,27.6,27.8,28.1,28.6,28.9,29.3,29.4,29.3,28.9,28.6,27.8,27.6,27.5,27.3,27.3,27.4,27.5,27.7,28.2,28.6,29.2,29.0,28.7,28.4,28.0,27.9,28.0,27.9,28.0,28.3,28.5,28.2,28.4,28.3,28.1,28.0,28.0,27.8,27.8,27.9,27.7,27.8,28.3,28.1,28.2,27.8,27.6,27.3,27.0,26.9,27.0,27.0,27.0,27.1,27.2,27.5,27.8,28.3,28.3,28.2,28.2,28.3,28.8,29.0,29.2,28.9,28.9,28.9,29.0,29.3,29.4,29.3,29.0,29.0,29.0,29.2,29.3,29.3,28.8,28.7,28.8,28.9,28.7,28.0,27.4,27.1,27.0,26.9,26.9,26.7,26.8,26.8,27.0,26.8,26.9,27.1,27.0,26.9,27.2,27.3,27.2,27.2,27.1,27.2,27.1,27.2,27.1,27.0,27.1,27.0,27.2,27.1,27.1,27.2,27.1,27.0,27.1,27.2,27.3,27.3,27.0,27.1,27.2,27.0,27.0,26.8,27.0,27.0,27.1,27.0,27.1,27.2,27.0,27.0,27.1,26.9,27.0,27.1,27.0,26.9,27.1
205,27.8,27.6,27.7,27.6,27.7,27.8,27.7,27.9,27.8,27.8,27.8,27.9,27.8,27.9,27.8,27.9,27.9,28.0,27.9,28.0,28.1,28.0,28.0,28.0,28.0,28.0,28.0,28.1,28.4,28.7,29.2,29.3,29.0,28.8,28.3,27.9,27.6,27.6,27.4,27.4,27.5,27.3,27.4,27.5,27.4,27.4,27.5,27.3,27.4,27.5,27.4,27.5,27.5,28.1,28.5,29.0,29.3,29.4,29.2,29.0,28.5,28.1,27.6,27.5,27.3,27.5,27.3,27.5,27.7,28.2,28.6,29.1,29.0,28.8,28.2,28.2,28.0,28.0,28.0,28.1,28.4,28.4,28.5,28.4,28.1,28.1,28.2,27.8,27.8,27.7,27.6,27.6,27.7,28.0,28.2,28.3,27.9,27.5,27.3,27.2,27.1,27.1,26.9,27.1,27.0,27.1,27.4,27.8,28.2,28.1,28.2,28.1,28.3,28.6,28.8,28.8,28.6,28.7,28.8,28.9,29.2,29.5,29.3,29.0,28.8,28.7,28.9,29.1,29.0,28.5,28.6,28.7,28.8,28.4,28.0,27.3,27.1,26.8,26.8,26.9,26.8,27.0,26.9,26.8,27.1,26.9,26.9,26.9,26.9,27.0,27.0,27.1,27.0,27.2,27.0,27.1,27.0,27.1,27.1,27.0,27.1,27.1,27.0,27.1,27.4,27.0,27.1,27.1,27.1,27.1,27.0,27.2,27.0,27.0,27.1,27.0,27.0,27.1,27.1,27.1,27.1,26.9,26.9,27.0,27.1,27.1,27.1,27.1,26.9,26.9,27.0,27.2
206,27.9,27.8,27.8,27.9,27.6,27.9,28.0,27.9,27.9,28.0,27.9,28.0,28.0,27.8,28.0,27.9,27.9,28.1,27.9,28.1,28.2,28.1,28.0,27.8,28.1,28.2,28.0,28.3,28.5,28.7,29.1,29.3,29.2,28.8,28.4,27.8,27.6,27.6,27.6,27.5,27.5,27.3,27.5,27.4,27.4,27.6,27.4,27.3,27.3,27.5,27.5,27.5,27.7,28.0,28.6,29.0,29.4,29.3,29.3,29.0,28.6,28.1,27.7,27.7,27.6,27.5,27.6,27.6,27.9,28.2,28.6,29.1,29.2,29.1,28.5,28.2,28.2,28.2,28.3,28.3,28.6,28.5,28.5,28.2,28.2,28.0,28.0,28.0,27.8,27.8,27.7,27.7,27.8,28.2,28.3,28.2,27.8,27.5,27.2,27.0,27.1,27.1,27.2,27.0,26.9,27.0,27.4,27.8,28.2,28.2,28.2,28.1,28.1,28.2,28.4,28.4,28.4,28.3,28.8,29.0,29.3,29.4,29.3,28.9,28.6,28.5,28.8,29.0,28.8,28.6,28.5,28.8,29.1,28.7,28.0,27.4,27.0,26.8,26.8,27.0,26.9,27.0,26.8,26.9,27.0,26.9,27.1,26.9,26.9,26.9,27.1,27.0,27.1,27.1,27.0,27.1,27.2,27.2,27.1,27.1,27.2,27.2,27.0,27.0,27.1,26.9,27.2,27.0,27.0,27.1,27.1,27.0,27.1,27.1,27.0,27.1,27.1,27.1,27.2,27.0,27.1,27.0,27.0,27.0,27.0,27.0,27.0,27.0,27.2,27.3,27.1,26.9
207,27.6,28.0,28.0,27.8,27.8,27.8,27.8,27.6,27.8,27.9,27.8,27.9,27.8,27.8,27.9,27.9,27.9,28.0,27.8,27.9,28.0,28.0,28.1,27.9,28.0,28.0,28.0,28.2,28.2,28.7,29.1,29.2,29.1,28.8,28.5,27.7,27.4,27.5,27.4,27.4,27.5,27.5,27.4,27.4,27.6,27.4,27.4,27.4,27.3,27.6,27.6,27.6,27.7,28.1,28.6,29.0,29.3,29.4,29.4,29.1,28.7,28.1,27.8,27.5,27.5,27.8,27.6,27.7,27.8,28.2,28.7,29.1,29.2,29.0,28.4,28.1,28.2,28.2,28.1,28.6,28.4,28.8,28.5,28.4,28.2,28.1,28.0,27.8,27.8,27.8,27.8,27.8,27.9,28.2,28.3,28.1,27.8,27.4,27.2,26.9,27.1,27.0,26.9,27.1,26.9,27.2,27.3,27.8,28.1,28.2,28.1,27.9,27.9,27.9,28.1,28.1,28.2,28.3,28.7,29.2,29.3,29.4,29.3,28.9,28.6,28.3,28.4,28.8,28.5,28.3,28.6,28.6,28.7,28.7,27.9,27.6,26.9,26.9,26.9,27.0,26.8,27.0,26.9,26.9,26.8,26.9,27.1,27.1,26.9,27.1,27.2,27.1,27.1,27.1,27.0,26.9,27.0,27.1,27.1,26.9,27.0,27.1,27.2,26.9,27.2,27.1,27.1,27.1,27.2,27.2,27.0,27.1,27.1,27.1,27.2,27.1,27.1,27.1,26.9,26.9,27.0,27.1,27.1,27.0,27.0,26.9,27.1,26.9,27.1,27.0,26.9,27.1
208,27.8,27.8,27.7,28.0,28.0,27.8,27.9,27.7,27.8,27.9,27.8,27.8,28.0,27.9,28.0,28.1,28.0,28.0,28.0,28.0,27.9,27.9,28.0,28.0,28.2,28.0,28.1,28.2,28.5,28.8,29.2,29.3,29.3,28.8,28.4,28.0,27.6,27.6,27.6,27.2,27.5,27.4,27.4,27.4,27.5,27.4,27.6,27.5,27.4,27.5,27.6,27.6,27.7,27.9,28.5,29.1,29.4,29.4,29.4,29.0,28.8,28.4,27.8,27.6,27.6,27.5,27.6,27.5,27.8,28.0,28.5,29.2,29.1,29.0,28.5,28.2,28.2,28.2,28.3,28.4,28.3,28.7,28.4,28.5,28.2,28.0,27.9,27.6,27.8,27.8,27.9,28.0,28.1,28.2,28.2,28.0,27.7,27.6,27.3,27.2,26.9,26.9,27.1,27.1,27.0,27.0,27.4,27.8,27.9,28.1,28.0,27.7,27.8,27.9,27.9,28.0,27.9,28.2,28.6,29.2,29.3,29.4,29.3,28.9,28.5,28.4,28.2,28.4,28.1,28.2,28.6,28.8,28.9,28.6,28.2,27.4,27.2,26.9,27.0,26.9,27.1,26.8,26.8,27.0,26.9,27.0,27.1,27.0,27.0,27.1,27.2,27.1,27.1,27.2,27.0,27.1,27.1,27.1,27.2,27.0,27.1,27.1,27.1,27.1,27.1,27.0,27.0,27.1,27.0,27.1,27.1,27.1,27.1,27.0,27.1,27.0,27.1,27.0,27.0,27.1,27.3,27.1,27.1,27.1,27.1,27.0,27.0,27.1,27.0,26.9,26.9,27.0
209,27.9,27.8,27.9,27.8,27.7,27.7,28.0,27.8,27.9,27.8,27.9,28.1,27.8,28.0,27.9,28.0,27.9,27.9,27.9,27.8,27.8,27.8,28.0,27.9,28.0,28.0,27.9,28.2,28.3,28.8,29.1,29.3,29.0,28.8,28.5,27.9,27.4,27.5,27.3,27.4,27.6,27.4,27.6,27.5,27.4,27.6,27.4,27.7,27.5,27.4,27.3,27.7,27.6,28.2,28.4,29.0,29.4,29.5,29.4,29.0,28.7,28.1,27.7,27.7,27.5,27.6,27.5,27.7,27.7,28.1,28.6,29.2,29.2,29.0,28.7,28.2,28.2,28.2,28.2,28.3,28.5,28.7,28.6,28.2,28.2,28.0,27.8,27.7,27.7,27.9,27.8,27.9,27.9,28.0,28.3,27.8,27.8,27.4,27.1,27.1,27.0,27.1,26.8,26.9,26.9,27.2,27.4,27.7,27.9,28.1,28.1,27.7,27.5,27.6,27.7,27.4,27.5,28.1,28.5,29.2,29.2,29.4,29.2,28.9,28.5,28.0,27.9,27.9,27.8,28.0,28.4,28.6,28.9,28.5,28.0,27.4,27.2,27.2,27.0,26.9,27.0,27.0,27.0,26.9,26.9,27.0,27.1,26.9,27.0,27.0,27.1,27.1,27.0,27.1,27.1,27.0,27.1,27.1,27.1,27.1,27.1,27.0,27.1,27.1,27.0,27.1,27.0,27.1,26.9,27.0,27.2,27.1,27.2,27.0,27.1,26.9,26.9,27.1,27.1,27.0,27.0,27.1,27.1,27.1,26.9,27.1,27.1,27.0,27.0,27.1,26.9,26.9
210,27.7,27.7,27.7,27.8,27.7,27.8,27.7,27.8,27.8,28.0,27.9,27.9,27.9,28.0,27.8,28.0,27.8,28.0,27.9,27.8,27.9,27.9,27.9,27.9,27.9,27.9,28.1,28.1,28.3,28.8,28.9,29.2,29.2,28.9,28.6,28.0,27.6,27.6,27.7,27.6,27.4,27.4,27.6,27.4,27.6,27.4,27.4,27.4,27.5,27.3,27.5,27.6,27.6,28.1,28.2,28.9,29.4,29.3,29.4,29.1,28.7,28.2,27.9,27.6,27.6,27.4,27.6,27.6,27.7,28.2,28.5,29.1,29.3,28.8,28.3,28.3,28.2,28.2,28.3,28.5,28.5,28.6,28.5,28.3,28.0,28.0,27.8,27.9,27.8,27.9,27.8,28.0,27.8,27.9,28.0,28.0,27.9,27.4,27.1,27.2,27.0,26.9,27.0,26.9,26.9,27.0,27.1,27.7,28.0,28.1,28.0,27.9,27.7,27.5,27.3,27.2,27.3,28.0,28.6,29.0,29.2,29.4,29.2,28.8,28.5,28.0,27.6,27.6,27.6,28.0,28.2,28.6,28.8,28.6,28.0,27.6,27.1,26.9,27.0,26.9,27.1,26.8,26.7,27.0,26.9,26.9,26.8,26.9,26.9,27.1,27.2,27.1,27.1,27.0,26.8,27.1,27.1,27.1,26.9,27.0,27.0,27.2,26.9,27.2,27.1,27.0,27.1,27.1,27.1,27.1,27.0,27.1,27.1,27.0,26.9,27.1,27.0,27.1,27.0,26.9,26.9,26.9,26.9,27.0,26.9,27.2,27.1,27.2,27.0,27.0,27.0,27.0
211,27.7,27.8,27.8,27.8,27.6,27.7,27.8,27.8,27.6,27.8,27.6,27.7,27.8,28.0,27.6,27.8,27.9,28.0,27.9,27.9,28.0,27.9,28.0,28.0,27.8,27.9,28.0,28.2,28.4,28.7,29.0,29.3,29.2,28.9,28.6,28.0,27.8,27.6,27.6,27.8,27.4,27.4,27.5,27.6,27.6,27.6,27.5,27.4,27.4,27.3,27.6,27.5,27.8,28.0,28.5,29.2,29.4,29.5,29.4,29.2,28.8,28.1,27.7,27.6,27.5,27.5,27.5,27.5,27.8,28.2,28.6,29.3,29.1,29.0,28.6,28.3,28.4,28.4,28.3,28.6,28.5,28.4,28.4,28.2,27.9,27.8,27.9,28.0,27.9,28.0,28.2,28.0,28.0,27.8,27.8,27.9,27.8,27.5,27.3,27.1,27.0,27.1,26.7,26.8,27.0,27.1,27.3,27.8,28.0,28.0,28.1,27.9,27.6,27.4,27.3,27.2,27.4,28.0,28.4,29.2,29.3,29.2,29.3,29.1,28.6,28.1,27.8,27.7,27.8,28.1,28.6,28.9,28.6,28.3,28.0,27.6,27.1,27.0,27.0,27.0,26.9,27.0,26.9,26.9,26.9,27.0,27.0,26.9,26.9,27.1,27.2,27.0,26.9,27.0,27.1,27.1,26.9,27.1,27.0,27.2,27.0,27.0,26.9,26.9,27.2,26.9,27.1,27.1,27.1,27.0,27.1,26.9,27.1,27.1,27.1,27.0,27.1,27.1,27.0,27.1,27.1,27.0,27.0,27.2,27.1,27.1,27.0,27.1,27.0,26.9,27.0,27.1
212,27.7,27.6,27.8,27.7,27.8,27.6,28.0,27.8,27.7,27.8,27.8,27.8,27.9,27.8,27.8,27.9,27.8,27.8,27.8,27.9,27.8,28.1,27.9,27.9,27.9,28.0,27.8,28.2,28.2,28.6,29.2,29.2,29.2,28.9,28.8,28.5,28.2,27.9,27.6,27.6,27.7,27.6,27.6,27.8,27.8,27.7,27.5,27.8,27.7,27.6,27.6,27.8,27.9,28.3,28.7,29.1,29.4,29.5,29.4,29.1,28.7,28.4,27.8,27.6,27.5,27.6,27.5,27.4,27.9,28.1,28.4,28.8,29.1,28.8,28.7,28.5,28.4,28.3,28.6,28.5,28.6,28.6,28.4,28.2,28.0,28.0,28.0,27.9,28.0,28.1,28.4,28.2,28.2,28.0,27.9,27.8,27.8,27.3,27.1,27.1,27.0,27.0,26.9,26.8,27.0,27.1,27.3,27.4,27.9,28.1,28.0,28.0,27.8,27.6,27.4,27.4,27.6,28.1,28.7,28.9,29.1,29.2,29.2,28.9,28.8,28.2,28.0,28.1,28.0,28.2,28.4,28.6,28.6,28.1,27.7,27.4,27.0,27.0,26.9,27.0,26.9,27.1,27.0,26.9,27.0,26.9,27.1,27.0,27.1,27.1,27.0,27.0,27.0,27.1,27.1,27.0,27.0,27.2,27.1,27.1,27.1,27.1,27.0,27.1,27.1,27.0,27.0,27.1,27.2,27.1,27.0,27.1,27.1,27.1,27.1,26.9,26.9,27.1,27.2,26.8,26.9,27.0,27.0,27.1,26.9,26.9,27.0,27.0,27.1,27.0,27.1,27.0
213,28.0,27.6,27.9,27.8,27.8,27.8,27.8,27.9,27.8,27.8,27.8,27.6,27.7,27.8,27.9,27.9,27.9,27.9,28.0,27.9,27.9,27.9,28.0,27.8,28.2,28.0,28.0,28.1,28.3,28.6,28.9,29.2,29.1,28.9,28.8,28.4,28.3,28.2,28.1,28.1,28.1,28.0,27.9,27.8,28.1,28.0,27.9,27.8,28.0,28.0,28.0,28.1,28.2,28.4,29.0,29.2,29.2,29.5,29.2,29.0,28.7,28.2,27.8,27.6,27.7,27.6,27.6,27.6,27.7,27.9,28.3,28.8,29.1,28.8,28.6,28.5,28.2,28.4,28.4,28.5,28.4,28.5,28.3,28.2,28.0,27.8,28.1,28.1,28.1,28.3,28.3,28.3,28.0,27.9,28.0,27.7,27.5,27.3,27.1,27.0,27.0,26.9,27.0,26.9,26.9,27.0,27.2,27.6,27.6,27.9,28.0,28.0,27.7,27.5,27.5,27.4,27.6,27.9,28.4,28.6,28.6,28.9,28.9,28.6,28.5,28.2,28.0,27.9,27.8,28.1,28.2,28.2,28.2,27.9,27.5,27.4,27.0,26.9,27.1,26.8,27.0,26.9,27.0,27.0,27.1,26.9,27.0,26.9,27.1,27.2,27.1,27.0,27.1,27.1,27.2,26.8,27.0,27.0,26.9,27.1,27.2,27.1,27.1,27.1,27.0,27.1,27.0,26.9,27.3,27.0,27.1,27.0,26.9,27.1,27.1,27.1,27.1,27.1,27.1,27.0,26.9,27.0,27.1,27.0,27.0,26.9,26.9,27.0,26.9,26.9,26.9,27.0
214,27.6,27.8,27.7,27.7,27.6,27.6,27.7,27.7,27.6,27.6,27.6,27.8,28.0,27.9,27.7,28.0,27.9,28.0,27.6,27.9,27.8,27.9,27.8,27.8,28.0,27.9,28.0,28.1,28.0,28.3,28.6,28.8,28.8,28.6,28.5,28.3,28.2,28.3,28.1,28.0,28.1,28.1,28.2,28.0,28.2,28.0,28.1,27.9,27.9,28.1,28.1,28.1,28.0,28.5,28.6,28.8,28.8,28.8,28.8,28.5,28.2,27.9,27.8,27.6,27.5,27.5,27.5,27.5,27.7,27.9,28.1,28.5,28.7,28.6,28.4,28.5,28.6,28.4,28.3,28.5,28.3,28.3,28.2,28.1,27.9,28.0,27.9,28.0,28.3,28.2,28.1,28.1,28.2,28.0,27.8,27.7,27.1,27.1,26.9,27.0,26.8,26.9,26.8,26.9,26.9,26.9,27.0,27.3,27.4,27.6,27.6,27.7,27.4,27.3,27.2,27.2,27.2,27.7,27.8,28.0,28.2,28.2,28.3,28.1,28.1,27.9,27.7,27.6,27.6,27.7,27.8,27.8,27.9,27.6,27.5,27.2,27.0,27.0,27.0,27.0,27.0,27.1,26.9,26.9,26.9,27.0,27.1,27.1,27.0,27.2,27.0,27.1,27.2,27.1,26.9,27.0,27.0,27.0,27.0,27.1,27.1,27.0,27.3,27.0,27.1,27.0,27.0,27.0,27.0,27.0,27.2,27.2,27.0,27.1,27.0,27.1,27.2,27.0,27.1,27.1,27.0,27.2,27.1,27.0,26.9,27.1,26.9,27.0,26.8,26.9,26.9,26.9
215,27.6,27.7,27.7,27.7,27.8,27.7,27.7,27.7,27.7,27.8,27.8,27.7,27.8,27.8,27.9,28.0,27.8,27.9,27.9,27.8,27.8,27.7,27.9,27.7,28.0,27.7,28.1,28.0,28.1,28.2,28.4,28.6,28.6,28.6,28.2,28.2,28.0,28.0,28.0,28.1,28.0,27.9,28.0,27.9,28.0,28.0,27.9,27.9,27.9,28.0,28.0,27.9,28.1,28.3,28.3,28.4,28.6,28.3,28.5,28.1,28.2,27.8,27.7,27.6,27.4,27.5,27.5,27.4,27.6,27.6,27.9,28.2,28.8,28.7,28.6,28.4,28.3,28.6,28.7,28.6,28.5,28.3,28.4,28.3,28.1,27.9,28.3,28.4,28.5,28.3,28.4,28.2,28.2,28.1,27.9,27.8,27.3,27.1,27.0,26.7,26.8,26.8,26.8,26.8,26.8,26.9,26.9,27.1,27.3,27.3,27.3,27.3,27.2,27.0,27.1,27.2,27.1,27.3,27.4,27.5,27.8,27.8,27.6,27.7,27.7,27.5,27.5,27.5,27.2,27.6,27.4,27.5,27.6,27.3,27.1,27.2,27.1,26.9,27.0,26.8,26.9,27.0,26.9,27.0,26.9,27.0,27.0,27.0,27.0,27.1,27.1,26.9,27.2,27.1,27.1,27.0,27.0,27.1,27.1,27.1,27.0,26.9,27.0,27.1,27.1,27.1,27.0,27.0,27.0,27.1,27.1,27.1,27.1,27.0,26.9,27.1,27.0,27.0,27.1,27.1,26.8,27.1,26.8,27.1,26.8,27.0,27.0,27.1,27.1,27.0,26.9,27.1
216,27.6,27.7,27.6,27.7,27.7,27.6,27.7,27.7,27.7,27.6,27.7,27.7,27.8,27.8,27.8,27.9,27.8,27.7,27.8,28.0,27.9,27.8,27.8,27.7,27.8,27.9,27.9,28.0,27.9,28.1,28.1,28.0,28.2,28.1,28.0,28.2,28.1,28.0,28.0,28.0,28.0,27.9,27.7,27.9,27.8,27.9,27.9,27.8,28.0,28.0,27.8,27.9,27.9,28.1,28.2,28.1,28.3,28.1,28.1,28.0,27.8,27.7,27.4,27.6,27.5,27.4,27.3,27.4,27.5,27.5,27.7,28.4,28.7,28.5,28.7,28.4,28.4,28.6,28.5,28.6,28.7,28.4,28.4,28.4,28.2,28.2,28.3,28.4,28.5,28.3,28.4,28.4,28.2,28.4,28.2,27.7,27.3,26.8,26.7,26.7,26.8,26.7,26.8,26.7,26.8,26.8,26.9,27.0,27.1,26.9,27.1,27.1,27.0,27.0,27.1,27.0,27.1,27.2,27.2,27.3,27.3,27.5,27.4,27.3,27.1,27.1,27.3,27.2,27.2,27.2,27.2,27.3,27.4,27.1,27.1,27.1,27.0,26.7,26.9,26.8,26.9,27.0,27.0,27.0,26.8,26.9,27.0,27.0,26.9,27.0,26.9,27.0,26.9,27.1,27.1,27.1,27.1,27.0,27.0,27.0,26.9,27.0,27.1,27.0,27.0,27.1,27.0,27.0,27.1,27.1,26.9,27.2,26.9,26.9,26.9,27.1,27.0,26.9,26.9,27.0,27.0,27.1,27.3,26.9,26.8,27.0,27.1,27.0,26.9,27.0,27.1,26.9
217,27.5,27.5,27.7,27.6,27.7,27.8,27.8,27.7,27.7,27.6,27.7,27.6,27.7,27.8,27.7,28.0,27.7,27.7,27.7,27.5,27.8,27.8,27.7,27.7,27.9,27.6,27.7,27.9,28.0,28.0,27.9,28.0,28.1,27.8,27.9,28.1,28.0,27.8,28.0,27.9,27.8,27.9,27.9,28.0,28.0,27.8,27.7,27.8,27.7,27.9,27.7,27.9,27.9,28.0,27.9,28.0,27.8,27.7,27.9,27.7,27.8,27.5,27.4,27.5,27.4,27.4,27.2,27.1,27.4,27.6,27.5,28.1,28.7,28.6,28.4,28.6,28.4,28.5,28.6,28.5,28.6,28.5,28.6,28.5,28.4,28.5,28.3,28.5,28.4,28.3,28.4,28.2,28.4,28.5,28.2,27.8,27.2,26.8,26.7,26.5,26.7,26.7,26.7,26.7,27.0,26.7,27.0,26.9,26.9,26.9,26.9,27.0,26.9,26.9,27.0,26.8,26.7,26.9,27.2,26.9,26.9,27.0,27.0,27.0,27.1,27.1,27.1,27.1,27.1,27.1,27.2,27.0,26.9,27.0,26.9,26.9,27.0,27.0,27.1,26.9,26.9,27.0,27.0,27.1,27.0,27.1,27.0,26.9,27.0,26.9,27.1,27.1,27.0,27.1,27.0,27.0,27.0,27.0,26.9,27.1,27.0,27.1,26.8,27.1,27.1,27.1,27.0,27.1,27.1,27.0,27.1,27.0,26.9,26.9,27.1,27.1,27.1,27.1,27.2,27.1,26.8,27.1,27.0,27.1,26.9,26.8,26.8,27.0,27.1,27.0,26.9,27.1
218,27.6,27.7,27.8,27.8,27.8,27.8,27.8,27.6,27.7,27.6,27.7,27.6,27.7,27.6,27.9,27.7,27.8,27.8,27.5,27.9,27.7,27.8,27.7,27.8,28.0,27.8,27.8,27.9,27.8,27.8,27.7,27.9,27.9,27.8,27.8,27.8,27.8,27.8,27.8,27.7,27.8,27.8,27.7,27.6,27.6,27.7,27.7,27.7,27.7,27.5,27.7,27.6,27.7,27.7,27.6,27.6,27.6,27.7,27.6,27.4,27.5,27.4,27.4,27.4,27.2,27.4,27.4,27.4,27.2,27.3,27.5,27.9,28.6,28.5,28.5,28.4,28.5,28.4,28.5,28.5,28.5,28.5,28.5,28.3,28.5,28.6,28.4,28.5,28.5,28.4,28.3,28.3,28.3,28.2,28.0,27.8,27.1,26.7,26.9,26.7,26.7,26.8,26.7,26.9,26.6,26.9,26.8,26.7,27.0,26.7,26.9,26.9,26.8,26.8,26.9,27.0,26.8,27.0,26.9,27.0,27.0,27.1,26.9,26.8,26.9,26.9,26.8,27.0,27.0,27.0,26.9,26.9,27.0,27.0,27.2,26.9,26.8,26.9,27.0,26.9,27.1,27.0,27.0,26.9,27.0,27.1,27.0,27.1,27.1,27.1,27.1,27.0,27.1,26.9,27.1,27.0,27.2,27.0,27.1,26.8,27.1,27.1,27.0,27.0,27.1,27.2,27.0,26.9,27.1,27.1,27.1,26.9,27.1,26.9,26.9,27.1,26.9,27.1,27.1,27.0,27.0,27.1,26.9,27.1,27.0,27.1,26.9,27.0,27.0,27.0,26.9,27.0
219,27.7,27.6,27.8,27.6,27.8,27.6,27.7,27.8,27.7,27.5,27.8,27.7,27.7,27.7,27.8,27.8,27.8,27.8,27.6,27.9,27.8,27.8,27.8,27.8,27.9,27.7,27.8,27.8,27.9,27.9,27.9,27.8,27.9,27.9,27.8,27.8,27.9,27.8,27.8,27.8,27.8,27.9,27.8,27.9,27.9,28.0,27.7,27.7,27.6,27.7,27.8,27.9,27.7,27.7,27.7,27.6,27.6,27.6,27.5,27.5,27.5,27.7,27.3,27.4,27.4,27.4,27.3,27.4,27.1,27.4,27.5,28.0,28.5,28.6,28.7,28.6,28.5,28.5,28.5,28.5,28.6,28.5,28.5,28.5,28.6,28.6,28.4,28.5,28.4,28.1,28.4,28.0,28.2,28.1,28.0,27.4,27.3,26.7,26.6,26.7,26.7,26.7,26.7,26.8,26.9,26.9,26.9,26.9,26.8,26.7,26.9,26.7,26.9,26.8,26.8,26.7,26.7,26.8,26.9,26.8,26.9,27.0,27.1,27.0,26.8,26.9,26.9,26.9,26.9,27.1,26.9,26.9,26.9,27.0,27.1,27.1,27.1,27.1,27.0,26.9,27.0,27.1,27.0,27.0,27.0,27.1,27.1,26.9,27.0,27.1,27.0,26.9,27.2,27.1,27.1,26.7,27.1,27.1,27.0,27.1,27.3,27.1,27.0,27.2,27.2,27.2,26.9,27.1,27.1,27.1,27.1,27.1,26.9,27.0,27.1,27.0,27.1,27.1,27.1,27.1,27.1,27.1,27.1,27.1,26.9,26.9,27.1,27.0,26.9,27.1,27.0,26.9
220,27.6,27.7,27.6,27.5,27.6,27.6,27.8,27.6,27.6,27.6,27.7,27.9,27.7,27.5,27.8,27.8,27.8,27.8,27.8,27.7,27.8,27.9,27.7,27.8,27.8,28.0,27.7,27.9,27.7,27.8,27.6,27.9,27.7,27.8,27.7,27.9,27.8,27.9,28.0,27.7,27.8,27.8,27.8,27.6,27.7,27.8,27.8,27.7,27.5,27.7,27.7,27.7,27.6,27.6,27.6,27.4,27.6,27.5,27.6,27.4,27.4,27.3,27.5,27.3,27.4,27.4,27.3,27.3,27.1,27.4,27.4,27.8,28.2,28.3,28.1,27.9,27.9,28.1,28.2,28.2,28.0,28.0,28.1,28.2,28.1,27.9,28.0,27.8,27.9,27.9,27.7,27.7,27.6,27.6,27.5,27.3,26.9,26.6,26.7,26.5,26.9,26.8,26.7,26.7,26.7,26.9,26.8,26.7,26.7,26.8,26.7,26.7,26.8,26.8,26.8,26.7,26.6,26.7,26.9,26.8,26.7,26.8,26.9,27.0,26.9,26.9,26.8,26.7,26.9,26.9,27.0,26.9,27.1,27.0,26.9,26.9,27.0,26.9,26.9,27.0,26.9,27.0,27.0,26.9,27.0,26.9,27.1,27.1,27.1,27.1,27.1,27.2,27.1,27.1,27.1,27.1,27.1,27.0,27.1,27.0,27.1,27.1,27.0,27.1,27.2,27.1,27.1,26.8,27.0,27.1,27.2,27.1,27.1,26.9,27.1,27.1,27.1,27.0,27.1,27.0,27.0,27.0,27.1,27.0,27.1,27.1,27.1,27.0,26.9,27.0,26.9,27.0
221,27.6,27.7,27.6,27.6,27.5,27.5,27.8,27.6,27.7,27.6,27.5,27.7,27.8,27.6,27.7,27.7,27.7,27.7,27.7,27.8,27.9,27.7,27.6,27.6,27.7,28.0,27.8,27.6,27.7,27.7,27.8,27.9,27.6,27.7,27.8,27.8,27.7,27.8,27.7,27.8,27.8,27.8,27.6,27.8,27.6,27.7,27.7,27.7,27.6,27.5,27.7,27.8,27.5,27.6,27.3,27.6,27.6,27.5,27.5,27.5,27.4,27.4,27.2,27.3,27.3,27.2,27.2,27.2,27.1,27.2,27.4,27.5,27.7,27.8,27.7,27.6,27.7,27.7,27.6,27.7,27.5,27.7,27.5,27.7,27.6,27.7,27.6,27.6,27.6,27.3,27.3,27.3,27.3,27.4,27.2,26.8,26.7,26.7,26.5,26.7,26.6,26.9,26.8,26.6,26.7,26.7,26.7,26.7,26.8,26.9,26.6,26.9,26.7,26.7,26.9,26.9,26.8,26.8,26.8,27.0,26.8,27.0,26.7,26.8,26.8,26.9,26.8,27.0,26.7,26.9,26.8,27.0,26.9,26.9,26.9,26.9,27.0,27.0,26.9,26.9,26.9,27.0,27.0,26.9,27.0,27.0,27.0,27.0,27.1,26.9,27.0,27.1,26.9,27.2,26.9,26.9,26.9,27.1,27.1,27.0,27.1,27.0,26.9,27.0,27.1,26.9,27.1,26.9,27.1,27.1,27.0,27.1,27.1,26.9,26.9,27.1,27.1,27.0,26.9,26.9,27.1,27.0,26.9,26.8,26.9,27.1,27.1,26.9,27.0,27.0,26.8,27.0
222,27.5,27.7,27.7,27.6,27.6,27.7,27.6,27.7,27.5,27.7,27.7,27.6,27.8,27.7,27.7,27.8,27.7,27.6,27.6,27.7,27.6,27.7,27.6,27.7,27.9,27.7,27.8,27.9,27.8,27.8,27.8,27.8,27.7,27.7,27.7,27.7,27.8,27.8,27.7,27.6,27.9,27.8,27.8,27.7,27.7,27.7,27.6,27.6,27.7,27.6,27.6,27.6,27.5,27.5,27.6,27.6,27.5,27.4,27.3,27.4,27.5,27.3,27.3,27.3,27.3,27.2,27.2,27.2,27.0,27.1,27.2,27.2,27.5,27.5,27.3,27.3,27.4,27.4,27.4,27.4,27.3,27.3,27.3,27.4,27.3,27.3,27.3,27.4,27.3,27.2,27.1,27.0,27.0,26.9,27.0,26.8,26.6,26.5,26.6,26.6,26.6,26.8,26.8,26.8,26.6,26.6,26.7,26.7,26.7,26.8,26.7,26.8,26.7,26.8,26.8,26.7,26.7,26.9,26.7,26.9,26.9,26.7,27.1,26.9,26.9,26.9,26.8,26.9,26.8,26.9,26.9,26.8,26.9,26.9,26.9,27.0,27.1,26.9,27.0,27.0,27.1,26.9,27.1,26.8,27.1,27.1,27.1,26.9,26.9,27.1,27.1,26.9,26.9,27.0,27.0,27.0,27.0,27.1,26.9,27.1,27.0,27.1,27.0,27.1,26.9,27.0,27.0,26.9,26.9,27.1,27.0,26.9,27.1,27.0,26.9,26.9,27.1,27.0,26.9,27.0,26.9,27.0,26.9,27.0,27.0,26.9,26.9,27.0,26.9,27.1,26.9,27.1
223,27.5,27.5,27.5,27.6,27.4,27.6,27.5,27.6,27.3,27.4,27.6,27.6,27.5,27.6,27.5,27.9,27.6,27.7,27.7,27.8,27.9,27.7,27.7,27.8,27.9,27.6,27.6,27.7,27.8,27.7,27.6,27.8,27.7,27.6,27.6,27.6,27.7,27.8,27.7,27.7,27.7,27.8,27.5,27.5,27.7,27.6,27.6,27.7,27.5,27.7,27.6,27.4,27.6,27.4,27.4,27.5,27.4,27.3,27.3,27.4,27.3,27.4,27.2,27.3,27.3,27.2,27.2,27.0,27.2,26.9,27.1,27.1,27.2,27.4,27.1,27.1,27.2,26.9,27.0,27.1,27.1,27.1,27.1,26.9,27.0,26.9,27.1,27.1,26.9,26.9,26.9,26.7,26.6,26.5,26.6,26.7,26.4,26.5,26.6,26.6,26.6,26.8,26.7,26.9,26.9,26.9,26.7,26.7,26.8,26.8,26.8,26.9,26.7,26.7,26.7,26.8,26.7,26.8,26.8,26.9,26.9,26.8,26.7,26.8,27.0,26.8,26.8,27.0,26.9,26.9,26.9,26.8,27.0,27.0,26.8,27.0,27.0,26.9,26.9,26.9,26.9,27.0,27.0,27.1,26.9,27.0,26.9,27.1,27.1,27.0,26.9,27.1,27.0,27.1,26.9,27.1,26.9,27.2,26.9,27.1,27.1,27.1,26.8,27.1,26.9,27.1,27.0,26.9,27.0,26.9,26.9,27.1,26.7,27.1,27.0,27.0,26.9,27.0,27.0,26.9,27.0,27.1,26.9,26.9,27.1,26.9,26.9,27.0,26.9,27.0,26.9,27.1
224,27.5,27.5,27.6,27.6,27.6,27.6,27.5,27.8,27.6,27.5,27.7,27.7,27.6,27.6,27.7,27.9,27.7,27.6,27.7,27.7,27.6,27.6,27.6,27.8,27.7,27.7,27.6,27.8,27.8,27.5,27.7,27.8,27.7,27.6,27.7,27.7,27.7,27.7,27.7,27.7,27.7,27.6,27.6,27.7,27.8,27.6,27.6,27.5,27.6,27.5,27.6,27.6,27.5,27.5,27.3,27.4,27.4,27.4,27.3,27.4,27.5,27.3,27.2,27.1,27.3,27.1,27.2,27.1,27.1,27.0,27.0,27.0,26.9,27.0,26.9,26.9,26.9,26.9,26.8,26.8,26.8,26.8,27.0,26.8,26.8,26.5,26.8,26.7,26.6,26.6,26.4,26.4,26.3,26.5,26.4,26.4,26.4,26.5,26.5,26.4,26.6,26.6,26.7,26.8,26.6,26.7,26.7,26.8,26.6,26.8,26.8,26.7,26.8,26.9,26.9,26.8,26.7,26.8,26.9,26.9,26.9,26.9,26.8,26.7,27.0,26.7,26.9,27.0,26.8,26.8,26.9,26.9,26.7,26.8,27.0,26.9,27.0,27.0,26.9,26.9,27.0,27.0,26.9,27.0,27.0,26.9,27.0,27.0,27.1,27.1,26.9,26.9,27.0,27.1,27.0,27.0,27.0,27.1,27.1,27.0,26.9,27.0,26.9,27.1,26.9,26.9,27.1,27.0,26.9,26.8,27.0,27.0,26.9,27.0,27.0,26.9,26.9,27.0,27.0,27.0,26.9,27.0,27.0,26.9,27.0,27.0,26.9,27.0,26.9,26.9,26.8,26.9
225,27.6,27.6,27.6,27.4,27.6,27.5,27.7,27.5,27.5,27.5,27.6,27.6,27.7,27.5,27.6,27.7,27.6,27.7,27.7,27.6,27.7,27.8,27.7,27.6,27.8,27.8,27.7,27.8,27.6,27.8,27.7,27.6,27.7,27.6,27.7,27.7,27.7,27.6,27.7,27.7,27.4,27.8,27.6,27.5,27.7,27.7,27.4,27.5,27.5,27.4,27.5,27.4,27.7,27.3,27.5,27.4,27.4,27.4,27.4,27.4,27.3,27.3,27.0,27.1,26.9,27.1,27.2,27.1,26.9,27.0,26.8,26.9,26.9,27.0,26.8,26.6,26.7,26.7,26.6,26.7,26.7,26.7,26.6,26.7,26.8,26.6,26.6,26.6,26.6,26.5,26.4,26.3,26.2,26.3,26.3,26.1,26.3,26.2,26.5,26.6,26.7,26.6,26.7,26.7,26.7,26.7,26.7,26.7,26.7,26.7,26.8,26.7,26.8,26.7,26.9,26.9,26.7,26.8,26.8,26.8,26.9,26.9,26.8,26.7,26.8,26.9,26.9,26.8,26.8,26.8,26.9,26.8,26.9,27.0,26.9,27.0,26.9,27.0,26.8,26.9,26.9,27.0,27.0,27.0,27.0,26.9,26.9,26.9,27.0,26.8,27.1,27.1,26.9,26.9,26.9,26.9,26.9,26.9,27.0,26.9,27.0,27.0,27.0,27.1,26.9,27.0,27.1,26.6,26.9,27.1,27.0,26.9,27.1,26.9,26.9,27.1,26.8,26.9,27.2,27.2,27.0,27.1,26.9,27.1,26.8,27.1,27.0,27.0,26.7,27.1,26.9,26.8
226,27.6,27.4,27.7,27.5,27.7,27.6,27.7,27.6,27.5,27.5,27.6,27.7,27.6,27.6,27.5,27.5,27.7,27.8,27.5,27.6,27.7,27.4,27.5,27.7,27.6,27.8,27.6,27.7,27.6,27.6,27.8,27.7,27.6,27.7,27.6,27.8,27.6,27.7,27.8,27.6,27.7,27.6,27.6,27.6,27.5,27.7,27.6,27.5,27.7,27.5,27.5,27.5,27.4,27.4,27.5,27.3,27.2,27.4,27.3,27.2,27.3,27.6,27.1,27.2,27.1,27.2,27.2,27.1,27.0,26.9,26.9,26.9,26.7,26.9,26.7,26.7,26.7,26.5,26.7,26.7,26.6,26.7,26.6,26.6,26.4,26.5,26.6,26.5,26.5,26.3,26.4,26.2,26.4,26.3,26.1,26.2,26.3,26.4,26.5,26.5,26.6,26.7,26.9,26.6,26.6,26.8,26.7,26.8,26.8,26.8,26.8,26.9,26.7,26.7,26.8,26.8,26.6,26.8,27.0,26.8,26.9,26.9,26.9,26.8,26.8,26.8,26.9,26.9,26.8,27.0,26.8,26.9,26.9,27.0,26.9,27.0,27.0,26.9,27.1,26.9,27.1,27.0,26.9,27.0,26.9,27.0,27.0,26.9,27.1,27.1,27.0,27.0,26.9,27.0,27.0,27.2,27.0,27.0,27.0,27.0,26.9,26.9,26.9,27.0,27.1,26.9,26.9,26.8,27.0,26.9,27.0,27.1,26.8,26.9,26.9,26.9,27.0,26.9,26.9,27.1,26.9,27.1,27.1,27.0,26.7,26.9,26.9,27.0,26.9,26.9,26.9,27.1
227,27.6,27.6,27.5,27.5,27.6,27.6,27.5,27.5,27.6,27.6,27.5,27.7,27.5,27.5,27.4,27.7,27.4,27.7,27.5,27.7,27.6,27.7,27.8,27.5,27.6,27.6,27.8,27.7,27.7,27.6,27.7,27.6,27.6,27.7,27.7,27.7,27.5,27.6,27.4,27.5,27.6,27.7,27.5,27.5,27.6,27.6,27.4,27.5,27.4,27.5,27.5,27.4,27.4,27.4,27.4,27.3,27.3,27.2,27.3,27.1,27.1,27.3,27.3,27.2,27.2,27.1,26.9,27.0,27.0,27.0,26.9,26.9,26.8,26.8,26.7,26.5,26.5,26.5,26.6,26.6,26.4,26.6,26.6,26.4,26.4,26.4,26.4,26.4,26.5,26.2,26.2,26.0,25.9,26.1,25.9,25.9,26.2,26.1,26.5,26.5,26.5,26.6,26.6,26.7,26.7,26.6,26.6,26.8,26.7,27.0,26.6,26.7,26.7,26.8,26.9,26.9,26.6,26.9,26.9,26.8,26.7,26.9,26.8,26.8,26.8,26.7,26.9,26.9,27.0,26.8,26.9,26.9,26.9,27.0,26.9,27.0,27.0,26.9,26.8,26.9,27.0,27.0,27.0,26.9,27.1,26.9,26.9,27.0,26.9,26.9,27.0,26.9,27.0,27.0,26.9,27.0,27.0,26.9,27.0,26.9,27.0,27.0,26.9,26.9,27.0,26.9,27.0,27.1,27.0,27.2,26.9,26.9,26.9,26.8,27.0,26.9,26.9,26.9,27.0,27.1,26.9,27.0,27.1,27.0,26.9,26.9,26.8,26.9,27.0,27.1,26.9,26.9
228,27.5,27.4,27.6,27.5,27.3,27.4,27.3,27.5,27.5,27.6,27.6,27.5,27.5,27.4,27.5,27.7,27.6,27.6,27.6,27.6,27.6,27.6,27.6,27.5,27.6,27.8,27.6,27.6,27.5,27.4,27.5,27.7,27.6,27.6,27.4,27.7,27.7,27.6,27.5,27.5,27.6,27.6,27.5,27.5,27.7,27.5,27.7,27.5,27.4,27.6,27.4,27.4,27.4,27.4,27.3,27.3,27.2,27.4,27.3,27.3,27.3,27.3,27.1,27.2,27.1,27.1,27.0,27.1,27.0,27.1,27.0,26.8,26.8,26.7,26.4,26.4,26.5,26.5,26.6,26.6,26.4,26.4,26.5,26.5,26.4,26.4,26.3,26.5,26.3,26.2,26.3,26.0,26.2,25.9,25.9,26.1,25.9,26.2,26.3,26.6,26.4,26.6,26.6,26.8,26.7,26.6,26.7,26.7,26.7,26.8,26.9,26.8,26.7,26.7,26.7,26.9,26.7,26.8,26.8,26.8,26.6,26.8,26.9,26.8,26.8,26.8,26.7,26.9,26.8,26.9,26.9,26.9,27.0,26.8,26.9,26.9,26.8,26.9,26.8,26.8,26.8,27.0,26.9,26.9,26.9,26.9,26.9,26.9,26.9,26.8,26.9,26.9,27.1,26.9,27.1,26.9,26.9,26.9,26.9,26.8,26.9,26.9,27.0,26.9,27.1,27.1,26.9,26.9,26.9,27.0,27.0,27.1,26.9,27.0,27.0,26.8,26.8,27.0,26.9,26.9,26.9,27.0,26.9,27.0,26.9,26.9,26.9,27.0,26.9,27.0,26.9,26.8
229,27.5,27.4,27.6,27.4,27.6,27.4,27.5,27.6,27.5,27.6,27.6,27.7,27.4,27.5,27.6,27.5,27.5,27.6,27.6,27.4,27.6,27.6,27.6,27.7,27.6,27.6,27.6,27.8,27.6,27.7,27.6,27.5,27.6,27.7,27.6,27.7,27.4,27.7,27.7,27.5,27.3,27.5,27.6,27.5,27.6,27.6,27.5,27.5,27.3,27.4,27.4,27.5,27.3,27.2,27.2,27.4,27.3,27.3,27.1,27.3,27.3,27.1,27.0,27.3,27.1,27.0,27.1,27.0,27.0,26.9,26.8,26.8,26.7,26.7,26.7,26.4,26.5,26.5,26.4,26.4,26.4,26.4,26.4,26.4,26.4,26.2,26.2,26.3,26.3,26.1,26.1,26.1,26.0,25.9,25.8,25.9,26.2,26.2,26.2,26.4,26.4,26.7,26.6,26.5,26.6,26.7,26.7,26.8,26.6,26.8,26.8,26.7,26.5,26.7,26.8,26.9,26.7,26.7,26.9,26.8,26.7,26.9,26.8,26.7,27.0,26.7,27.1,26.8,26.8,26.8,26.9,26.9,26.9,26.8,26.9,26.9,26.9,26.9,27.0,26.7,26.9,26.9,26.9,27.0,26.8,26.8,27.0,26.7,26.9,26.9,26.9,27.0,27.1,27.1,26.9,26.9,27.0,26.9,26.9,26.9,26.9,26.9,27.0,26.9,27.0,26.9,26.9,27.0,26.9,26.9,27.1,26.9,26.8,26.9,26.9,26.9,26.9,26.9,27.0,27.0,26.8,26.9,26.8,26.9,27.0,26.8,27.0,26.9,27.0,26.8,26.9,27.0
230,27.4,27.5,27.6,27.5,27.6,27.4,27.6,27.6,27.5,27.5,27.4,27.7,27.4,27.6,27.6,27.6,27.6,27.7,27.5,27.7,27.6,27.7,27.6,27.6,27.4,27.7,27.6,27.6,27.6,27.5,27.5,27.7,27.6,27.5,27.7,27.7,27.5,27.6,27.7,27.7,27.5,27.5,27.5,27.4,27.5,27.5,27.4,27.3,27.4,27.2,27.4,27.3,27.4,27.3,27.5,27.3,27.5,27.1,27.2,27.1,27.2,27.2,27.2,27.0,26.9,27.1,27.0,26.9,27.0,27.0,26.9,26.8,26.6,26.8,26.4,26.6,26.5,26.5,26.2,26.4,26.3,26.3,26.3,26.3,26.1,26.4,26.3,26.2,26.2,26.0,26.0,25.9,25.8,26.0,26.0,25.9,26.1,26.2,26.3,26.6,26.6,26.6,26.5,26.6,26.7,26.6,26.7,26.9,26.7,26.7,26.8,26.8,26.7,26.8,27.0,26.7,26.8,26.9,26.8,26.9,26.9,26.8,26.8,26.9,26.9,26.8,26.8,26.9,26.8,26.7,27.0,26.9,26.8,27.1,26.9,26.9,27.0,26.9,27.1,27.0,26.9,26.9,27.1,26.9,26.9,27.1,27.1,27.1,26.9,27.1,26.9,27.1,27.1,27.0,26.9,26.9,27.0,26.9,26.9,27.0,27.0,27.1,26.9,26.9,27.1,26.9,27.2,27.0,27.0,26.9,26.9,26.9,27.1,26.9,26.9,26.8,26.9,26.9,26.9,26.9,27.0,27.1,27.0,26.9,27.1,27.0,26.9,27.0,26.9,26.9,27.0,26.9
231,27.4,27.5,27.6,27.6,27.7,27.4,27.6,27.5,27.4,27.5,27.6,27.4,27.6,27.4,27.6,27.6,27.3,27.6,27.5,27.8,27.7,27.5,27.6,27.5,27.6,27.7,27.6,27.6,27.6,27.6,27.6,27.6,27.5,27.5,27.6,27.5,27.5,27.7,27.5,27.4,27.6,27.5,27.5,27.5,27.6,27.5,27.4,27.3,27.5,27.3,27.5,27.5,27.3,27.3,27.5,27.3,27.2,27.3,27.3,27.1,27.1,27.1,27.2,27.2,27.0,27.0,27.0,27.1,26.9,26.7,26.8,26.8,26.5,26.7,26.4,26.3,26.5,26.2,26.4,26.2,26.3,26.4,26.3,26.2,26.1,26.3,26.2,26.2,26.2,26.1,26.0,25.9,25.9,25.7,25.9,25.8,26.1,26.1,26.3,26.4,26.5,26.7,26.6,26.7,26.8,26.7,26.7,26.9,26.7,26.7,26.9,26.7,26.9,26.8,26.8,26.7,26.5,26.9,26.7,26.9,26.9,26.7,27.0,26.9,27.0,26.9,26.9,26.9,26.7,26.9,26.9,26.9,26.9,26.8,26.8,26.7,26.9,26.8,27.0,26.9,26.9,27.0,27.0,27.0,26.9,27.0,27.0,26.9,26.9,26.9,26.8,26.8,26.9,27.1,26.9,27.1,26.8,26.8,26.8,26.8,26.9,27.0,26.9,27.0,26.9,26.8,26.9,27.1,27.0,26.9,27.0,27.0,26.9,26.9,26.9,26.8,26.9,26.9,26.9,26.9,27.1,26.8,27.0,27.1,26.9,27.0,27.0,26.8,27.0,26.9,27.0,27.0
232,27.6,27.6,27.6,27.6,27.4,27.4,27.6,27.5,27.5,27.7,27.5,27.5,27.5,27.5,27.4,27.5,27.4,27.4,27.5,27.6,27.3,27.5,27.5,27.5,27.6,27.5,27.5,27.6,27.7,27.5,27.5,27.5,27.6,27.5,27.5,27.6,27.5,27.5,27.5,27.3,27.7,27.5,27.4,27.4,27.5,27.5,27.3,27.4,27.4,27.3,27.5,27.3,27.4,27.2,27.3,27.1,27.3,27.3,27.1,27.1,27.1,27.1,27.1,27.0,27.1,27.1,26.9,26.9,26.9,26.9,26.8,26.7,26.6,26.6,26.5,26.4,26.2,26.4,26.2,26.0,26.2,26.3,26.2,26.1,26.3,26.1,26.0,26.2,26.1,25.8,25.9,25.9,25.8,25.9,25.8,25.8,25.9,26.2,26.3,26.5,26.6,26.6,26.7,26.7,26.7,26.6,26.7,26.8,26.8,26.7,26.8,26.7,26.6,26.8,26.8,26.9,26.9,26.7,26.9,26.8,26.7,26.9,26.7,27.0,26.9,26.8,26.9,26.9,26.9,26.8,26.9,26.9,26.8,26.8,26.8,26.8,26.9,26.9,26.8,27.0,26.9,26.9,26.9,26.8,26.8,26.9,27.0,26.9,26.9,26.9,27.0,26.9,26.8,26.8,26.9,26.8,27.0,27.1,26.9,26.8,26.9,26.9,26.8,27.2,26.9,26.7,26.8,26.8,26.8,27.0,26.9,27.0,27.0,26.9,27.1,27.1,26.9,27.1,27.1,26.9,26.8,26.8,26.9,27.1,26.8,26.9,27.0,27.1,26.9,26.9,27.1,26.9
233,27.5,27.5,27.5,27.6,27.4,27.5,27.4,27.4,27.4,27.5,27.3,27.5,27.4,27.6,27.5,27.5,27.5,27.6,27.5,27.4,27.6,27.5,27.7,27.4,27.6,27.7,27.6,27.6,27.5,27.7,27.5,27.6,27.6,27.5,27.5,27.5,27.4,27.6,27.5,27.5,27.4,27.5,27.5,27.3,27.4,27.5,27.6,27.3,27.1,27.3,27.5,27.3,27.2,27.4,27.1,27.2,27.2,27.2,27.2,27.0,27.4,27.1,27.2,27.0,26.9,27.0,26.7,26.8,27.0,26.9,26.6,26.7,26.6,26.7,26.6,26.5,26.4,26.2,26.3,26.4,26.3,26.4,26.4,26.4,26.3,26.2,26.2,26.2,26.0,25.9,26.2,26.1,25.9,25.8,25.8,25.7,25.9,26.2,26.4,26.5,26.7,26.7,26.7,26.7,26.7,26.8,26.7,26.7,26.8,26.8,26.9,26.8,26.8,26.8,26.9,26.8,26.6,26.9,26.9,26.8,26.9,27.0,26.9,26.9,26.9,26.9,26.8,26.7,26.8,27.0,26.8,27.0,26.7,26.9,26.7,26.8,26.9,26.9,26.9,26.8,26.8,26.8,26.9,27.0,26.9,26.8,26.9,26.7,26.9,26.9,27.0,27.0,26.9,27.0,26.9,27.0,26.9,26.9,26.9,26.9,27.0,26.7,26.9,27.0,26.9,26.8,27.0,26.9,27.0,26.9,26.6,26.9,26.8,26.8,26.9,26.9,27.0,26.8,26.9,26.8,26.9,26.8,26.8,26.9,26.9,26.8,26.9,26.9,27.0,26.9,26.9,26.9
234,27.5,27.4,27.5,27.3,27.5,27.4,27.4,27.4,27.4,27.4,27.3,27.5,27.4,27.3,27.5,27.6,27.6,27.3,27.4,27.6,27.6,27.3,27.5,27.4,27.5,27.5,27.6,27.4,27.4,27.6,27.6,27.3,27.5,27.5,27.5,27.3,27.6,27.6,27.3,27.7,27.3,27.5,27.4,27.4,27.6,27.4,27.2,27.3,27.4,27.3,27.3,27.2,27.1,27.3,27.2,27.2,27.2,27.1,27.1,27.2,27.2,26.9,27.1,27.0,26.9,27.1,26.9,26.9,26.9,26.8,26.8,26.6,26.7,26.6,26.5,26.6,26.4,26.4,26.5,26.5,26.2,26.5,26.3,26.5,26.2,26.4,26.3,26.3,26.3,25.9,26.2,26.1,25.7,25.9,26.0,26.0,26.0,26.0,26.5,26.5,26.4,26.5,26.7,26.5,26.7,26.5,26.7,26.7,26.6,26.7,26.6,26.8,26.6,26.8,26.7,26.8,26.7,26.8,26.9,26.9,26.8,26.9,26.7,26.7,26.8,26.6,26.7,26.8,26.8,26.9,26.8,26.6,26.7,26.7,26.7,26.8,26.8,26.8,26.9,26.7,26.8,26.7,26.9,26.8,26.8,26.8,26.9,26.8,26.8,26.8,26.8,26.9,26.9,26.9,26.9,26.8,27.0,26.9,26.9,26.8,26.7,26.7,26.8,26.9,27.0,26.8,27.0,26.9,26.9,27.0,26.8,26.9,26.8,26.8,26.9,27.0,26.7,26.9,27.0,26.9,26.9,26.9,26.9,26.7,26.9,27.1,27.0,27.0,27.0,26.9,26.8,26.9
235,27.3,27.3,27.5,27.4,27.4,27.3,27.5,27.3,27.3,27.3,27.3,27.5,27.5,27.6,27.4,27.5,27.4,27.6,27.4,27.4,27.5,27.6,27.3,27.5,27.6,27.6,27.6,27.5,27.4,27.6,27.6,27.6,27.4,27.5,27.6,27.5,27.5,27.5,27.5,27.3,27.5,27.4,27.3,27.4,27.5,27.3,27.2,27.4,27.3,27.3,27.2,27.2,27.2,27.2,27.0,27.2,27.1,27.3,27.1,27.0,27.1,27.0,27.1,27.0,27.0,27.0,26.9,26.8,26.8,26.7,26.7,26.7,26.8,26.6,26.5,26.5,26.4,26.4,26.4,26.4,26.4,26.5,26.5,26.4,26.3,26.3,26.4,26.4,26.2,26.3,26.4,26.0,25.9,26.0,26.0,26.1,26.2,26.1,26.4,26.4,26.6,26.7,26.7,26.8,26.6,26.8,26.7,26.7,26.6,26.8,26.7,26.8,26.7,26.5,26.7,26.7,26.6,26.7,26.6,26.9,26.8,26.9,26.7,26.7,26.7,26.8,26.7,26.7,26.8,26.8,26.9,26.7,27.0,26.8,26.7,26.7,26.8,26.8,26.7,26.8,26.7,26.7,26.9,26.7,26.9,26.9,26.8,26.7,26.9,26.9,26.9,26.9,26.8,26.8,26.7,26.8,26.9,26.8,26.8,26.9,26.7,26.8,26.8,26.9,26.8,27.0,26.8,26.7,26.9,26.8,26.8,26.9,26.8,27.0,26.8,26.9,27.0,26.9,26.9,27.0,26.9,26.9,26.8,26.9,26.7,26.9,26.8,26.8,26.8,26.9,26.8,26.9
236,27.3,27.4,27.4,27.3,27.3,27.5,27.4,27.4,27.4,27.3,27.4,27.4,27.4,27.3,27.4,27.6,27.4,27.4,27.3,27.4,27.5,27.3,27.6,27.4,27.5,27.3,27.5,27.6,27.2,27.6,27.4,27.5,27.5,27.5,27.4,27.5,27.5,27.5,27.5,27.6,27.4,27.4,27.4,27.3,27.4,27.3,27.2,27.2,27.2,27.2,27.1,27.4,27.2,27.1,27.1,27.2,27.3,27.1,27.0,27.2,27.1,27.1,27.0,27.1,27.0,27.1,26.9,26.8,26.9,26.9,26.6,26.7,26.7,26.8,26.7,26.6,26.6,26.5,26.3,26.4,26.4,26.4,26.5,26.4,26.2,26.4,26.4,26.3,26.4,26.4,26.2,26.1,26.1,26.1,26.0,26.1,26.2,26.1,26.3,26.6,26.6,26.7,26.5,26.7,26.7,26.7,26.7,26.6,26.6,26.6,26.8,26.7,26.7,26.8,26.8,26.7,26.6,26.7,26.7,26.8,26.6,26.5,27.0,26.7,26.7,26.9,26.8,26.7,26.7,26.7,26.7,26.7,26.7,26.8,26.9,26.7,26.8,26.9,26.9,26.7,26.8,26.9,26.9,26.8,27.1,26.7,26.8,26.7,26.8,26.7,26.8,27.0,26.7,26.9,26.8,26.8,26.7,26.7,26.8,26.9,26.8,26.9,26.7,26.9,26.8,26.9,27.0,26.9,26.9,26.8,26.9,26.7,26.9,26.7,27.0,26.9,26.8,26.8,26.8,26.9,26.8,27.0,26.8,26.9,27.1,26.9,26.9,26.9,26.8,26.7,26.8,27.0
237,27.4,27.3,27.4,27.3,27.2,27.4,27.4,27.4,27.4,27.4,27.5,27.5,27.4,27.3,27.4,27.4,27.3,27.6,27.4,27.5,27.5,27.6,27.5,27.4,27.6,27.5,27.5,27.6,27.6,27.5,27.4,27.5,27.2,27.5,27.4,27.4,27.5,27.4,27.5,27.5,27.6,27.3,27.2,27.2,27.3,27.4,27.2,27.4,27.2,27.3,27.3,27.3,27.1,27.3,27.1,27.2,27.2,27.2,27.1,27.0,27.0,27.3,27.1,27.1,26.9,27.0,27.0,26.8,26.9,26.8,26.8,26.8,26.8,26.7,26.7,26.5,26.4,26.7,26.6,26.7,26.4,26.6,26.5,26.4,26.4,26.3,26.5,26.5,26.4,26.4,26.2,26.3,26.0,26.1,26.3,26.1,26.1,26.1,26.4,26.4,26.4,26.7,26.5,26.5,26.6,26.5,26.7,26.6,26.7,26.8,26.7,26.8,26.7,26.7,26.7,26.7,26.5,26.7,26.8,26.7,26.8,26.8,26.7,26.9,26.8,26.7,26.8,26.7,26.9,26.9,26.7,26.5,26.9,26.8,26.8,26.7,26.7,26.8,26.9,26.7,26.7,26.8,26.9,26.9,26.9,26.9,26.7,26.7,26.9,26.7,26.9,26.9,27.0,26.7,26.8,27.0,26.7,26.8,26.9,26.8,27.0,26.8,26.8,27.0,26.9,26.8,26.9,26.8,26.8,26.9,26.9,26.8,26.8,26.9,26.9,26.8,27.0,26.9,27.0,26.9,27.0,26.9,26.9,27.0,26.9,26.8,27.1,26.9,26.8,26.8,26.9,26.9
238,27.5,27.4,27.4,27.3,27.3,27.3,27.2,27.7,27.3,27.4,27.3,27.4,27.6,27.4,27.4,27.3,27.3,27.4,27.4,27.3,27.3,27.3,27.4,27.3,27.4,27.3,27.6,27.5,27.4,27.3,27.3,27.6,27.5,27.5,27.3,27.3,27.5,27.5,27.5,27.3,27.4,27.3,27.4,27.4,27.5,27.4,27.2,27.0,27.4,27.3,27.1,27.0,27.1,27.2,27.2,27.2,27.2,27.1,27.1,27.1,27.0,27.1,27.1,26.9,26.9,27.0,26.8,26.7,26.8,26.9,27.0,26.8,26.8,26.7,26.6,26.6,26.5,26.4,26.4,26.6,26.7,26.5,26.6,26.4,26.5,26.5,26.5,26.4,26.4,26.4,26.3,26.2,26.2,26.3,26.3,26.1,26.1,26.1,26.3,26.5,26.6,26.6,26.6,26.7,26.5,26.7,26.6,26.9,26.6,26.7,26.6,26.7,26.6,26.7,26.7,26.7,26.7,26.7,26.7,26.8,26.7,26.9,26.6,26.7,26.7,26.7,26.7,26.7,26.9,26.9,26.8,26.8,26.9,26.9,26.8,26.8,26.7,26.7,26.7,26.9,26.8,26.7,26.7,26.7,26.8,26.7,26.9,26.9,26.9,26.9,26.8,26.8,26.9,26.8,26.8,26.8,26.8,26.7,26.8,27.0,26.8,26.9,26.8,26.8,27.0,26.9,27.0,26.7,26.8,26.9,26.8,27.0,26.8,26.8,26.9,26.8,26.8,26.9,26.9,26.8,26.8,27.0,26.9,26.8,26.9,26.9,26.8,26.9,27.0,27.1,26.9,27.0
239,27.5,27.3,27.5,27.3,27.3,27.5,27.3,27.5,27.3,27.5,27.3,27.5,27.4,27.4,27.5,27.4,27.5,27.5,27.4,27.5,27.3,27.4,27.4,27.4,27.3,27.4,27.5,27.4,27.4,27.4,27.4,27.3,27.5,27.4,27.3,27.3,27.3,27.3,27.3,27.4,27.3,27.3,27.3,27.3,27.2,27.3,27.3,27.3,27.3,27.2,27.2,27.3,27.1,27.2,27.1,27.0,27.1,27.0,27.2,27.0,27.1,27.1,26.9,27.1,27.0,26.9,26.9,26.9,26.7,26.7,26.7,26.8,26.7,26.7,26.7,26.6,26.7,26.6,26.5,26.7,26.5,26.5,26.5,26.4,26.4,26.6,26.4,26.4,26.3,26.3,26.4,26.3,26.2,26.3,26.2,26.1,26.0,26.2,26.2,26.6,26.4,26.7,26.6,26.7,26.6,26.6,26.8,26.7,26.7,26.6,26.6,26.7,26.7,26.7,26.6,26.8,26.6,26.6,26.8,26.9,26.8,26.7,26.9,26.7,26.7,26.7,26.6,26.8,26.8,26.8,26.7,26.8,26.7,26.8,26.7,26.7,26.9,26.8,26.8,26.8,26.7,26.8,26.7,26.8,26.9,26.7,26.7,26.7,26.8,26.8,26.6,26.9,26.7,26.7,26.7,26.9,26.7,26.7,26.9,26.7,26.8,26.8,26.9,26.8,26.8,26.9,26.9,26.8,26.8,26.9,26.9,26.9,26.7,26.7,26.9,26.9,26.8,26.9,26.9,26.9,27.0,26.9,26.9,26.9,26.8,26.6,27.0,27.0,26.7,26.9,26.8,26.9
240,27.4,27.5,27.4,27.4,27.3,27.3,27.5,27.3,27.4,27.4,27.4,27.3,27.4,27.5,27.5,27.5,27.3,27.6,27.4,27.6,27.4,27.5,27.5,27.4,27.4,27.3,27.3,27.5,27.6,27.6,27.5,27.4,27.5,27.3,27.3,27.4,27.3,27.4,27.2,27.3,27.3,27.5,27.3,27.4,27.4,27.5,27.3,27.2,27.1,27.3,27.3,27.4,27.1,27.2,27.1,27.1,27.2,26.9,27.0,27.1,27.0,26.9,26.9,27.0,26.9,26.9,27.0,26.8,26.8,26.8,26.6,26.8,26.7,26.7,26.9,26.7,26.6,26.7,26.6,26.7,26.5,26.4,26.4,26.5,26.4,26.4,26.4,26.6,26.3,26.2,26.3,26.3,26.1,26.1,26.0,25.9,25.9,26.2,26.3,26.4,26.4,26.6,26.4,26.7,26.4,26.7,26.6,26.7,26.8,26.7,26.7,26.6,26.7,26.6,26.7,26.6,26.7,26.6,26.6,26.7,26.7,26.8,26.7,26.6,26.7,26.6,26.8,26.9,26.7,26.7,27.0,26.8,26.8,26.7,26.7,26.7,26.8,26.8,26.7,26.7,26.6,26.9,26.8,26.7,26.9,26.6,26.8,26.8,26.8,26.9,26.8,26.9,26.7,26.8,27.0,27.0,26.8,26.6,26.9,26.7,26.8,26.7,26.7,26.9,26.9,26.9,26.8,26.9,26.9,26.9,26.9,26.7,26.8,26.8,27.0,26.9,26.7,26.9,26.7,26.8,26.9,26.9,26.9,27.0,26.9,26.7,27.0,26.9,26.8,26.7,26.7,27.0
241,27.4,27.3,27.4,27.4,27.3,27.3,27.3,27.3,27.5,27.5,27.5,27.6,27.3,27.4,27.3,27.4,27.4,27.6,27.2,27.5,27.3,27.5,27.3,27.4,27.5,27.6,27.3,27.5,27.4,27.4,27.4,27.3,27.4,27.4,27.3,27.3,27.2,27.3,27.3,27.3,27.1,27.2,27.3,27.3,27.5,27.2,27.1,27.2,27.3,27.0,27.1,27.1,27.1,27.2,27.0,27.2,27.1,27.1,27.2,26.9,26.9,27.0,26.9,26.9,26.9,27.0,26.9,26.9,26.6,26.8,26.8,26.6,26.6,26.7,26.5,26.6,26.5,26.7,26.6,26.4,26.5,26.5,26.5,26.5,26.5,26.2,26.4,26.3,26.3,26.2,26.2,26.2,26.2,26.0,25.9,26.0,25.9,26.2,26.3,26.5,26.6,26.6,26.7,26.5,26.6,26.6,26.7,26.5,26.6,26.7,26.7,26.7,26.6,26.6,26.7,26.7,26.6,26.8,26.8,26.8,26.7,26.8,26.7,26.6,26.6,26.7,26.7,26.6,26.7,26.7,26.8,26.7,26.7,26.6,26.8,26.8,26.9,26.7,26.8,26.8,26.6,26.7,26.8,26.8,26.7,26.8,26.7,26.7,26.7,26.7,26.8,26.6,26.7,26.7,26.8,26.8,26.9,26.7,26.8,26.8,26.8,26.8,26.8,26.7,26.7,26.7,26.5,26.7,26.9,26.9,26.9,26.9,26.9,27.0,26.7,26.8,26.8,26.9,26.8,26.9,26.7,26.8,26.9,27.0,26.8,27.0,26.9,26.8,26.9,26.9,26.8,27.1
242,27.5,27.3,27.5,27.4,27.4,27.3,27.3,27.5,27.3,27.3,27.3,27.4,27.3,27.3,27.3,27.3,27.4,27.3,27.4,27.3,27.2,27.3,27.5,27.3,27.3,27.4,27.3,27.3,27.3,27.4,27.3,27.4,27.4,27.3,27.5,27.3,27.3,27.3,27.3,27.3,27.4,27.3,27.2,27.3,27.3,27.3,27.2,27.1,27.1,27.2,27.1,27.1,27.2,27.0,27.2,27.1,27.2,27.1,27.1,26.9,27.0,26.9,27.1,26.9,26.8,26.9,27.0,26.9,26.9,26.7,26.7,26.7,26.8,26.6,26.6,26.6,26.6,26.5,26.4,26.6,26.4,26.5,26.5,26.5,26.5,26.4,26.4,26.2,26.6,26.3,26.3,26.2,26.2,26.1,26.0,26.0,26.0,26.1,26.3,26.5,26.5,26.6,26.6,26.4,26.5,26.5,26.5,26.4,26.5,26.5,26.6,26.7,26.6,26.7,26.7,26.7,26.7,26.9,26.6,26.7,26.7,26.7,26.8,26.6,26.7,26.8,26.7,26.7,26.7,26.7,26.8,26.8,26.7,26.8,26.7,26.6,26.8,26.7,26.7,26.6,26.4,26.6,26.7,26.8,26.6,26.7,26.9,26.6,26.8,26.8,26.7,26.7,26.7,26.9,26.7,26.7,26.8,26.8,26.8,26.8,26.7,26.8,26.7,26.7,26.9,26.7,26.8,26.9,27.0,26.7,26.7,26.8,26.9,26.9,27.1,26.9,26.8,27.0,26.9,26.8,26.9,26.8,26.6,27.0,26.9,26.8,26.9,26.9,26.8,26.9,27.1,26.8
243,27.3,27.2,27.4,27.2,27.2,27.2,27.3,27.3,27.3,27.4,27.3,27.3,27.3,27.4,27.5,27.5,27.4,27.4,27.2,27.2,27.4,27.2,27.6,27.4,27.3,27.4,27.3,27.3,27.5,27.3,27.3,27.4,27.3,27.3,27.1,27.3,27.1,27.4,27.2,27.3,27.2,27.2,27.2,27.4,27.3,27.2,27.1,27.0,27.2,27.3,27.1,27.0,27.0,26.9,26.9,27.0,27.1,26.9,27.2,27.1,26.9,26.9,26.9,26.9,26.8,26.9,26.7,26.8,26.7,26.7,26.6,26.6,26.5,26.7,26.5,26.6,26.5,26.5,26.6,26.5,26.5,26.3,26.4,26.4,26.4,26.4,26.2,26.3,26.3,26.1,26.2,26.2,26.2,26.2,26.1,25.9,25.8,26.0,26.2,26.4,26.3,26.4,26.6,26.6,26.7,26.4,26.5,26.5,26.5,26.5,26.5,26.6,26.5,26.6,26.7,26.7,26.5,26.6,26.6,26.7,26.6,26.5,26.6,26.7,26.8,26.6,26.5,26.6,26.6,26.7,26.5,26.7,26.7,26.5,26.5,26.7,26.7,26.5,26.6,26.5,26.7,26.7,26.6,26.7,26.4,26.8,26.6,26.7,26.8,26.7,26.6,26.7,26.7,26.8,26.7,26.7,26.7,26.7,26.7,26.9,26.6,26.6,26.6,26.7,26.7,26.8,26.7,26.7,26.8,26.8,26.8,26.7,26.9,26.9,26.8,26.7,26.8,26.8,26.7,26.8,26.8,26.7,26.7,26.9,26.8,26.7,26.8,26.9,26.9,26.9,26.8,26.7
244,27.6,27.4,27.3,27.3,27.3,27.5,27.4,27.4,27.2,27.3,27.4,27.4,27.4,27.3,27.3,27.5,27.5,27.4,27.3,27.4,27.3,27.3,27.3,27.2,27.3,27.3,27.4,27.4,27.5,27.3,27.4,27.4,27.3,27.5,27.3,27.4,27.2,27.3,27.3,27.2,27.4,27.3,27.3,27.3,27.3,27.3,27.3,27.1,27.2,27.1,27.0,27.2,27.1,27.2,27.1,27.1,27.1,27.0,27.0,27.1,27.0,27.0,27.0,26.9,26.8,26.9,27.0,26.7,26.7,26.8,26.6,26.8,26.7,26.7,26.7,26.6,26.5,26.5,26.5,26.7,26.4,26.6,26.6,26.3,26.5,26.4,26.3,26.3,26.3,26.2,26.1,25.9,26.1,26.2,26.0,26.0,26.0,26.1,26.5,26.3,26.5,26.4,26.5,26.7,26.7,26.6,26.5,26.6,26.5,26.6,26.6,26.6,26.5,26.4,26.6,26.6,26.6,26.6,26.6,26.7,26.7,26.7,26.7,26.6,26.6,26.6,26.6,26.5,26.4,26.6,26.7,26.5,26.6,26.7,26.6,26.6,26.5,26.4,26.5,26.4,26.6,26.7,26.7,26.7,26.6,26.8,26.5,26.5,26.7,26.5,26.9,26.7,26.7,26.7,26.7,26.6,26.6,26.7,26.7,26.7,26.8,26.7,26.6,26.8,26.6,26.8,26.6,26.7,26.7,26.8,26.7,26.7,26.7,26.8,27.0,26.7,26.8,26.8,26.7,26.8,26.8,26.9,26.8,26.8,26.9,26.7,26.7,26.7,26.9,26.7,26.9,26.8
245,27.3,27.4,27.4,27.3,27.4,27.3,27.3,27.2,27.4,27.3,27.3,27.4,27.3,27.3,27.4,27.3,27.3,27.5,27.3,27.3,27.4,27.3,27.3,27.5,27.3,27.4,27.4,27.5,27.4,27.3,27.5,27.3,27.2,27.3,27.4,27.3,27.4,27.3,27.4,27.3,27.3,27.4,27.2,27.1,27.3,27.3,27.1,27.2,27.1,27.1,27.1,27.2,27.1,27.1,27.1,27.0,27.2,27.2,27.1,26.9,26.9,27.1,27.1,26.9,26.8,27.0,26.9,26.7,26.8,27.0,26.7,26.8,26.7,26.7,26.5,26.5,26.7,26.6,26.6,26.5,26.7,26.6,26.5,26.6,26.4,26.4,26.3,26.2,26.3,26.2,26.3,26.1,26.1,26.1,26.1,26.1,26.0,26.0,26.4,26.3,26.5,26.5,26.5,26.6,26.4,26.6,26.6,26.6,26.6,26.6,26.5,26.5,26.5,26.6,26.7,26.7,26.4,26.7,26.6,26.6,26.5,26.8,26.6,26.5,26.7,26.5,26.7,26.7,26.6,26.9,26.6,26.7,26.4,26.6,26.5,26.6,26.6,26.7,26.7,26.6,26.5,26.7,26.5,26.6,26.6,26.7,26.7,26.6,26.6,26.5,26.7,26.7,26.8,26.7,26.7,26.6,26.8,26.8,26.8,26.6,26.7,26.5,26.9,26.7,26.8,26.9,26.7,26.9,26.7,26.8,26.8,26.8,26.8,26.7,26.9,26.8,26.9,26.9,27.0,26.8,26.8,26.8,26.8,26.8,26.9,26.7,26.9,26.8,26.9,27.0,26.9,26.8
246,27.3,27.3,27.3,27.4,27.3,27.3,27.4,27.2,27.3,27.1,27.4,27.3,27.3,27.2,27.3,27.5,27.6,27.3,27.4,27.3,27.3,27.2,27.3,27.4,27.3,27.3,27.2,27.7,27.3,27.3,27.2,27.3,27.3,27.1,27.2,27.3,27.1,27.2,27.3,27.2,27.3,27.2,27.0,27.1,27.2,27.3,27.2,26.9,27.1,27.3,27.2,27.1,27.0,27.1,27.0,27.0,27.1,26.9,26.9,27.0,27.0,27.1,26.8,26.9,26.9,26.9,26.8,26.8,26.7,26.7,26.5,26.7,26.5,26.6,26.5,26.5,26.5,26.7,26.5,26.4,26.4,26.3,26.4,26.3,26.3,26.2,26.2,26.2,26.2,26.2,26.1,26.0,25.9,26.2,25.9,25.9,25.9,26.2,26.5,26.5,26.4,26.5,26.5,26.5,26.4,26.5,26.6,26.5,26.4,26.4,26.4,26.5,26.5,26.5,26.5,26.5,26.6,26.5,26.5,26.4,26.6,26.6,26.7,26.7,26.7,26.4,26.4,26.6,26.4,26.6,26.4,26.5,26.5,26.6,26.5,26.5,26.5,26.5,26.5,26.5,26.5,26.6,26.8,26.6,26.4,26.7,26.7,26.5,26.7,26.6,26.7,26.7,26.6,26.7,26.6,26.7,26.8,26.7,26.8,26.6,26.7,26.5,26.8,26.7,26.6,26.8,26.7,26.6,26.7,26.6,26.5,26.7,26.8,26.7,26.8,26.8,26.9,26.7,26.5,26.7,26.9,26.7,26.6,26.8,26.9,26.7,26.7,26.8,26.9,26.7,26.9,26.9
247,27.3,27.2,27.3,27.5,27.3,27.3,27.2,27.2,27.1,27.2,27.3,27.2,27.5,27.2,27.1,27.1,27.3,27.3,27.1,27.4,27.3,27.1,27.3,27.4,27.4,27.4,27.3,27.3,27.3,27.2,27.3,27.1,27.2,27.3,27.2,27.0,27.3,27.2,27.1,27.3,27.2,27.2,27.3,27.1,27.2,27.0,27.0,27.1,27.2,27.1,27.1,27.1,27.0,27.0,27.1,26.8,27.1,27.1,27.1,27.0,27.0,26.9,26.9,26.9,26.8,26.7,26.9,26.7,26.7,26.6,26.7,26.8,26.6,26.5,26.6,26.5,26.7,26.4,26.3,26.4,26.4,26.4,26.4,26.5,26.4,26.2,26.3,26.3,26.2,26.4,26.2,26.0,26.0,25.9,25.9,25.9,26.2,26.1,26.3,26.4,26.3,26.4,26.6,26.4,26.6,26.4,26.4,26.5,26.4,26.5,26.5,26.5,26.4,26.5,26.6,26.6,26.5,26.6,26.5,26.7,26.3,26.6,26.4,26.4,26.6,26.5,26.4,26.6,26.5,26.4,26.8,26.6,26.5,26.5,26.7,26.6,26.5,26.7,26.7,26.4,26.6,26.7,26.5,26.4,26.4,26.6,26.7,26.5,26.6,26.6,26.6,26.4,26.6,26.6,26.6,26.6,26.7,26.6,26.7,26.7,26.8,26.7,26.7,26.8,26.7,26.7,26.8,26.8,26.7,26.8,26.7,26.7,26.8,26.8,26.8,26.7,26.7,26.9,26.9,26.7,26.9,26.9,26.8,26.8,26.6,26.9,26.9,26.9,26.8,26.7,26.9,27.1
248,27.3,27.3,27.3,27.2,27.4,27.4,27.2,27.2,27.3,27.3,27.4,27.2,27.3,27.3,27.4,27.4,27.3,27.3,27.2,27.3,27.2,27.3,27.3,27.4,27.2,27.3,27.2,27.3,27.3,27.1,27.3,27.3,27.3,27.1,27.3,27.3,27.3,27.1,27.1,27.3,27.2,27.3,27.1,27.1,27.1,27.1,27.1,27.2,27.3,27.1,27.2,27.0,27.0,26.9,26.8,26.9,27.0,26.9,26.9,26.9,27.0,26.8,27.0,26.9,26.8,26.8,26.8,26.7,26.8,26.7,26.7,26.8,26.5,26.4,26.5,26.4,26.4,26.4,26.4,26.4,26.4,26.4,26.4,26.3,26.2,26.2,26.4,26.2,26.1,25.9,26.0,26.0,26.2,25.9,26.1,26.0,26.2,26.3,26.5,26.5,26.4,26.4,26.6,26.6,26.4,26.4,26.3,26.4,26.3,26.6,26.5,26.4,26.7,26.3,26.5,26.6,26.3,26.7,26.4,26.5,26.5,26.4,26.5,26.5,26.4,26.4,26.5,26.5,26.3,26.5,26.5,26.6,26.5,26.5,26.3,26.4,26.7,26.5,26.4,26.4,26.6,26.5,26.6,26.6,26.4,26.5,26.3,26.5,26.5,26.6,26.7,26.8,26.7,26.6,26.5,26.5,26.5,26.5,26.7,26.7,26.6,26.7,26.6,26.7,26.6,26.6,26.5,26.7,26.7,26.9,26.7,26.7,26.8,26.7,26.7,26.6,26.6,26.7,26.8,26.7,26.8,26.7,26.7,26.9,26.7,26.7,26.9,26.6,26.8,26.7,26.8,26.8
249,27.4,27.3,27.3,27.3,27.3,27.3,27.4,27.4,27.2,27.4,27.3,27.6,27.5,27.2,27.5,27.5,27.3,27.4,27.2,27.1,27.4,27.2,27.2,27.3,27.4,27.3,27.4,27.2,27.2,27.4,27.4,27.2,27.3,27.1,27.1,27.3,27.3,27.2,27.3,27.3,27.3,27.2,27.1,27.2,27.3,27.1,27.2,27.1,27.1,27.0,27.0,27.1,26.9,27.1,27.1,27.0,26.9,26.8,27.1,27.0,26.9,27.0,27.1,26.9,26.9,26.7,26.7,26.7,26.7,26.9,26.7,26.6,26.5,26.5,26.5,26.6,26.6,26.4,26.5,26.5,26.4,26.3,26.4,26.6,26.4,26.3,26.2,26.2,26.1,26.3,26.2,26.1,26.1,26.2,26.2,26.4,26.2,26.2,26.5,26.4,26.4,26.4,26.4,26.5,26.5,26.5,26.5,26.4,26.6,26.6,26.4,26.4,26.5,26.4,26.4,26.5,26.5,26.4,26.5,26.4,26.4,26.6,26.6,26.4,26.4,26.5,26.5,26.4,26.5,26.5,26.4,26.4,26.5,26.5,26.5,26.5,26.4,26.4,26.6,26.5,26.4,26.4,26.4,26.4,26.5,26.4,26.6,26.5,26.5,26.4,26.6,26.8,26.6,26.4,26.5,26.6,26.6,26.6,26.7,26.8,26.7,26.6,26.5,26.6,26.7,26.7,26.4,26.7,26.6,26.6,26.6,26.7,26.7,26.8,26.7,26.7,26.6,26.8,26.6,26.6,26.7,26.8,26.7,26.7,26.8,26.8,26.8,27.1,26.8,26.8,26.9,26.8
250,27.2,27.4,27.4,27.4,27.5,27.4,27.2,27.5,27.4,27.3,27.3,27.2,27.3,27.3,27.2,27.4,27.4,27.3,27.3,27.2,27.2,27.3,27.0,27.2,27.1,27.2,27.1,27.3,27.1,27.4,27.3,27.3,27.0,27.3,27.1,27.2,27.2,27.3,27.1,27.2,27.2,27.1,27.2,27.1,27.2,27.0,27.2,26.9,27.1,26.9,27.0,27.1,26.9,26.9,27.1,27.0,26.9,26.8,26.9,26.9,27.0,26.8,26.9,26.7,26.7,26.7,26.6,26.6,26.6,26.5,26.6,26.6,26.6,26.5,26.4,26.6,26.5,26.4,26.4,26.5,26.2,26.3,26.4,26.2,26.2,26.0,26.2,26.2,26.1,26.0,26.1,26.2,26.1,26.2,26.3,26.2,26.3,26.4,26.3,26.2,26.4,26.4,26.4,26.5,26.4,26.5,26.5,26.3,26.5,26.4,26.4,26.5,26.4,26.5,26.3,26.2,26.3,26.4,26.5,26.4,26.3,26.5,26.2,26.4,26.4,26.2,26.5,26.5,26.4,26.6,26.3,26.5,26.3,26.5,26.4,26.3,26.4,26.4,26.4,26.6,26.3,26.4,26.5,26.5,26.4,26.3,26.4,26.6,26.5,26.5,26.6,26.4,26.5,26.5,26.4,26.4,26.5,26.5,26.6,26.4,26.5,26.6,26.6,26.6,26.6,26.5,26.6,26.6,26.7,26.6,26.7,26.7,26.7,26.7,26.7,26.5,26.6,26.6,26.9,26.6,26.8,26.6,26.8,26.9,26.7,26.7,26.7,26.9,26.8,26.9,26.8,26.8
251,27.2,27.3,27.4,27.3,27.3,27.3,27.3,27.1,27.1,27.3,27.3,27.3,27.4,27.2,27.1,27.3,27.3,27.3,27.3,27.2,27.4,27.2,27.3,27.1,27.3,27.3,27.3,27.3,27.3,27.1,27.3,27.3,27.3,27.1,27.1,27.1,27.2,27.2,27.2,27.2,27.2,27.2,27.2,27.1,27.1,27.1,27.0,27.1,27.1,27.0,27.0,27.1,27.0,27.1,26.9,26.9,26.8,26.8,26.9,26.9,26.8,27.0,26.7,26.7,26.7,26.7,26.7,26.6,26.6,26.6,26.7,26.6,26.4,26.8,26.3,26.4,26.5,26.5,26.4,26.3,26.2,26.4,26.4,26.4,25.9,26.3,25.9,26.2,26.1,26.3,26.2,26.1,26.2,26.3,26.4,26.3,26.4,26.3,26.3,26.4,26.4,26.4,26.4,26.5,26.5,26.4,26.5,26.4,26.4,26.3,26.6,26.2,26.3,26.3,26.4,26.4,26.4,26.3,26.3,26.4,26.4,26.4,26.3,26.4,26.5,26.4,26.4,26.6,26.3,26.6,26.3,26.4,26.4,26.4,26.3,26.4,26.3,26.3,26.3,26.4,26.5,26.3,26.5,26.3,26.5,26.4,26.4,26.4,26.4,26.5,26.4,26.6,26.5,26.4,26.6,26.3,26.5,26.7,26.5,26.7,26.5,26.4,26.7,26.6,26.7,26.4,26.8,26.6,26.7,26.6,26.8,26.8,26.7,26.7,26.6,26.7,26.7,26.6,26.7,26.7,26.8,26.7,26.6,26.7,26.8,26.8,26.9,26.8,26.9,26.9,26.9,26.7
252,27.3,27.3,27.3,27.1,27.2,27.1,27.1,27.2,27.1,27.2,27.2,27.1,27.2,27.2,27.4,27.2,27.2,27.3,27.3,27.2,27.2,27.1,27.2,27.2,27.3,27.1,27.2,27.3,27.1,27.1,27.2,27.3,27.1,27.2,27.2,27.1,27.1,27.1,27.2,27.2,27.1,27.2,27.2,27.2,27.1,27.0,27.1,27.1,27.1,26.9,26.9,27.0,26.9,27.0,26.8,27.0,26.9,26.9,27.0,26.9,27.0,26.8,26.8,26.8,26.7,26.9,26.6,26.5,26.7,26.5,26.5,26.5,26.5,26.6,26.4,26.3,26.5,26.5,26.2,26.5,26.2,26.2,26.2,26.2,26.1,25.9,26.0,25.9,26.1,26.2,26.1,26.3,26.2,26.2,26.2,26.3,26.3,26.2,26.4,26.3,26.4,26.3,26.5,26.3,26.2,26.2,26.4,26.4,26.4,26.2,26.2,26.5,26.1,26.2,26.3,26.2,26.3,26.2,26.4,26.3,26.4,26.3,26.2,26.3,26.2,26.3,26.3,26.2,26.3,26.3,26.4,26.4,26.3,26.4,26.4,26.5,26.3,26.4,26.4,26.3,26.3,26.6,26.4,26.2,26.6,26.3,26.4,26.4,26.3,26.5,26.4,26.4,26.5,26.5,26.3,26.5,26.5,26.4,26.4,26.5,26.5,26.6,26.4,26.6,26.5,26.6,26.6,26.7,26.6,26.5,26.7,26.7,26.6,26.6,26.7,26.7,26.7,26.8,26.7,26.7,26.7,26.8,26.6,26.8,26.7,26.5,26.7,26.7,26.8,26.9,26.8,26.8
253,27.3,27.3,27.4,27.1,27.3,27.3,27.1,27.2,27.4,27.1,27.3,27.2,27.2,27.3,27.2,27.2,27.2,27.3,27.3,27.1,27.1,27.2,27.1,27.1,27.3,27.3,27.1,27.2,27.2,27.3,27.3,27.0,27.2,27.0,27.2,27.2,27.1,27.2,27.2,27.0,27.1,27.2,27.1,27.1,27.1,27.0,27.0,26.9,27.0,27.1,26.9,26.9,27.0,26.9,27.0,26.8,26.9,26.8,26.9,26.9,26.9,27.0,26.7,26.7,26.7,26.8,26.7,26.5,26.5,26.6,26.5,26.6,26.3,26.4,26.4,26.5,26.2,26.6,26.2,26.3,26.2,26.2,26.3,26.0,26.1,26.1,26.1,26.1,26.1,26.2,26.3,26.3,26.2,26.3,26.2,26.3,26.2,26.4,26.3,26.4,26.4,26.4,26.3,26.3,26.5,26.4,26.3,26.3,26.4,26.4,26.4,26.4,26.2,26.3,26.3,26.2,26.2,26.2,26.4,26.2,26.4,26.5,26.3,26.3,26.4,26.2,26.4,26.3,26.3,26.3,26.4,26.4,26.3,26.3,26.4,26.2,26.2,26.3,26.4,26.4,26.3,26.4,26.4,26.4,26.4,26.5,26.4,26.4,26.5,26.3,26.2,26.4,26.5,26.5,26.7,26.5,26.4,26.5,26.6,26.6,26.6,26.4,26.4,26.6,26.7,26.5,26.5,26.6,26.7,26.7,26.7,26.6,26.7,26.4,26.5,26.7,26.7,26.7,26.8,26.7,26.7,26.8,26.6,26.7,26.7,26.8,26.7,26.8,26.8,26.7,26.8,26.8
254,27.4,27.3,27.3,27.3,27.4,27.1,27.3,27.3,27.2,27.3,27.2,27.1,27.1,27.2,27.2,27.4,27.3,27.3,27.1,27.2,27.1,27.1,27.3,27.0,27.2,27.1,27.1,27.3,27.0,27.1,27.1,27.1,27.0,27.0,27.1,27.2,27.1,27.1,27.2,27.0,27.0,26.9,27.0,27.1,27.0,27.0,26.9,26.9,27.0,26.9,27.0,27.0,27.0,27.0,26.9,26.8,26.8,26.8,26.8,26.8,26.9,26.8,26.7,26.7,26.8,26.7,26.7,26.4,26.6,26.4,26.5,26.6,26.3,26.4,26.5,26.3,26.5,26.3,26.4,26.4,26.2,26.2,26.2,26.2,26.0,26.1,25.9,25.9,25.8,26.2,26.4,26.2,26.2,26.2,26.1,26.2,26.2,26.2,26.2,26.2,26.2,26.2,26.4,26.2,26.2,26.2,26.1,26.3,26.3,26.4,26.4,26.3,26.2,26.2,26.2,26.2,26.2,26.4,26.2,26.3,26.2,26.3,26.3,26.2,26.3,26.2,26.1,26.2,26.2,26.3,26.4,26.4,26.4,26.2,26.2,26.2,26.2,26.4,26.4,26.2,26.2,26.3,26.2,26.2,26.2,26.2,26.3,26.3,26.3,26.3,26.4,26.4,26.3,26.3,26.4,26.4,26.4,26.5,26.4,26.4,26.4,26.4,26.4,26.5,26.5,26.5,26.6,26.5,26.5,26.8,26.5,26.8,26.5,26.7,26.7,26.7,26.7,26.7,26.6,26.6,26.7,26.7,26.8,26.7,26.7,26.7,26.6,26.8,26.8,26.8,26.8,27.0
255,27.3,27.4,27.3,27.3,27.2,27.2,27.2,27.2,27.3,27.1,27.2,27.3,27.2,27.1,27.0,27.3,27.2,27.2,27.0,27.2,27.2,27.3,27.3,27.1,27.1,27.3,27.2,27.1,27.0,27.2,27.1,27.1,27.0,26.9,27.3,27.1,27.0,27.2,27.1,27.1,27.0,27.2,27.1,27.0,27.0,26.9,26.9,26.9,27.0,27.0,26.9,26.9,26.8,26.8,26.8,27.0,26.9,26.7,26.8,26.8,27.0,26.6,26.9,26.8,26.6,26.7,26.7,26.4,26.5,26.4,26.3,26.5,26.5,26.5,26.4,26.3,26.4,26.3,26.3,26.3,26.2,26.2,26.1,26.1,26.0,25.8,25.8,25.9,25.8,26.2,26.3,26.3,26.2,26.3,26.4,26.3,26.2,26.2,26.4,26.3,26.3,26.4,26.3,26.5,26.1,26.3,26.3,26.4,26.2,26.2,26.1,26.4,26.1,26.4,26.1,26.3,26.3,26.2,26.4,26.4,26.3,26.2,26.2,26.2,26.2,26.2,26.1,26.3,26.3,26.3,26.4,26.3,26.2,26.1,26.2,26.2,26.2,26.2,26.1,26.3,26.2,26.3,26.4,26.3,26.3,26.3,26.3,26.3,26.5,26.3,26.5,26.4,26.4,26.4,26.5,26.4,26.5,26.4,26.4,26.4,26.4,26.5,26.6,26.5,26.4,26.6,26.4,26.6,26.5,26.5,26.6,26.8,26.7,26.7,26.6,26.8,26.7,26.6,26.8,26.6,26.5,26.8,26.6,26.9,26.7,26.6,26.9,26.7,26.6,26.7,26.9,26.7
