文件路径:,C:\Users\23589\Desktop\物理实验竞赛\实验数据（黑胶带版）\case15_香橙派5Pro黑胶带_满负载\data\HM20260727204807.csv
源热像文件:,C:\Users\23589\Desktop\物理实验竞赛\实验数据（黑胶带版）\case15_香橙派5Pro黑胶带_满负载\photo\HM20260727204807.jpeg

测温单位,摄氏度
图像宽度,192
图像高度,256

全局
统计:,,平均值:,27.5
,,最小值:,25.9
,,最大值:,29.5

坐标Y\X,0,1,2,3,4,5,6,7,8,9,10,11,12,13,14,15,16,17,18,19,20,21,22,23,24,25,26,27,28,29,30,31,32,33,34,35,36,37,38,39,40,41,42,43,44,45,46,47,48,49,50,51,52,53,54,55,56,57,58,59,60,61,62,63,64,65,66,67,68,69,70,71,72,73,74,75,76,77,78,79,80,81,82,83,84,85,86,87,88,89,90,91,92,93,94,95,96,97,98,99,100,101,102,103,104,105,106,107,108,109,110,111,112,113,114,115,116,117,118,119,120,121,122,123,124,125,126,127,128,129,130,131,132,133,134,135,136,137,138,139,140,141,142,143,144,145,146,147,148,149,150,151,152,153,154,155,156,157,158,159,160,161,162,163,164,165,166,167,168,169,170,171,172,173,174,175,176,177,178,179,180,181,182,183,184,185,186,187,188,189,190,191
0,27.3,27.3,27.3,27.2,27.3,27.2,27.3,27.1,27.1,27.2,27.3,27.3,27.3,27.2,27.3,27.4,27.3,27.2,27.1,27.1,27.3,27.2,27.4,27.2,27.4,27.1,27.3,27.3,27.3,27.3,27.4,27.3,27.3,27.3,27.2,27.2,27.3,27.3,27.2,27.3,27.3,27.7,27.3,27.3,27.3,27.3,27.3,27.2,27.5,27.3,27.4,27.4,27.4,27.4,27.3,27.3,27.3,27.4,27.5,27.4,27.4,27.5,27.4,27.4,27.5,27.5,27.7,27.5,27.6,27.5,27.5,27.5,27.5,27.4,27.6,27.6,27.3,27.5,27.4,27.4,27.3,27.3,27.5,27.4,27.4,27.6,27.5,27.5,27.5,27.6,27.7,27.4,27.4,27.3,27.3,27.5,27.4,27.4,27.5,27.5,27.5,27.4,27.5,27.6,27.2,27.3,27.4,27.5,27.4,27.3,27.3,27.4,27.3,27.4,27.5,27.3,27.4,27.5,27.4,27.5,27.3,27.6,27.6,27.4,27.4,27.5,27.5,27.5,27.5,27.5,27.7,27.2,27.3,27.6,27.3,27.5,27.3,27.4,27.4,27.5,27.5,27.4,27.3,27.3,27.3,27.2,27.4,27.4,27.5,27.4,27.5,27.4,27.5,27.5,27.6,27.4,27.3,27.5,27.3,27.5,27.6,27.4,27.5,27.5,27.5,27.4,27.4,27.4,27.3,27.4,27.3,27.4,27.4,27.2,27.3,27.3,27.1,27.0,27.3,27.4,27.4,27.3,27.2,27.2,27.3,27.2,27.3,27.5,27.3,27.3,27.5,27.3
1,27.2,27.4,27.3,27.5,27.4,27.3,27.3,27.3,27.2,27.4,27.4,27.2,27.3,27.4,27.4,27.3,27.4,27.3,27.2,27.3,27.3,27.5,27.2,27.2,27.3,27.3,27.4,27.5,27.3,27.4,27.5,27.5,27.4,27.3,27.3,27.3,27.3,27.4,27.3,27.5,27.3,27.4,27.4,27.5,27.3,27.5,27.4,27.4,27.4,27.5,27.5,27.4,27.4,27.4,27.4,27.4,27.3,27.3,27.5,27.4,27.4,27.4,27.5,27.4,27.5,27.5,27.5,27.5,27.5,27.5,27.6,27.4,27.4,27.5,27.4,27.5,27.4,27.3,27.5,27.5,27.4,27.7,27.5,27.5,27.3,27.5,27.6,27.5,27.5,27.4,27.3,27.3,27.4,27.5,27.6,27.4,27.4,27.6,27.5,27.5,27.6,27.4,27.5,27.5,27.4,27.5,27.5,27.4,27.4,27.5,27.5,27.5,27.3,27.5,27.5,27.4,27.5,27.4,27.3,27.5,27.3,27.5,27.4,27.5,27.5,27.5,27.5,27.5,27.4,27.6,27.4,27.6,27.5,27.5,27.5,27.4,27.4,27.5,27.5,27.6,27.4,27.5,27.4,27.5,27.5,27.3,27.4,27.5,27.6,27.4,27.5,27.4,27.7,27.6,27.3,27.5,27.3,27.3,27.5,27.3,27.5,27.4,27.3,27.5,27.5,27.4,27.3,27.2,27.6,27.4,27.4,27.4,27.4,27.4,27.3,27.2,27.5,27.3,27.5,27.4,27.4,27.4,27.3,27.2,27.4,27.2,27.4,27.3,27.5,27.3,27.3,27.3
2,27.5,27.2,27.1,27.3,27.3,27.3,27.4,27.2,27.3,27.2,27.3,27.4,27.4,27.3,27.5,27.3,27.4,27.3,27.3,27.2,27.4,27.3,27.4,27.5,27.1,27.4,27.3,27.3,27.4,27.4,27.3,27.2,27.3,27.3,27.5,27.3,27.2,27.3,27.4,27.3,27.4,27.3,27.5,27.3,27.2,27.3,27.5,27.3,27.3,27.3,27.5,27.4,27.3,27.4,27.5,27.4,27.3,27.4,27.4,27.4,27.5,27.5,27.5,27.5,27.5,27.5,27.4,27.5,27.5,27.5,27.5,27.6,27.5,27.5,27.4,27.5,27.5,27.4,27.6,27.5,27.6,27.5,27.5,27.5,27.6,27.6,27.3,27.4,27.4,27.4,27.5,27.4,27.6,27.5,27.6,27.4,27.5,27.5,27.4,27.5,27.5,27.4,27.6,27.5,27.3,27.5,27.4,27.3,27.4,27.5,27.5,27.5,27.5,27.4,27.5,27.3,27.4,27.3,27.6,27.5,27.5,27.5,27.5,27.4,27.4,27.3,27.6,27.3,27.6,27.4,27.5,27.5,27.4,27.4,27.5,27.5,27.3,27.5,27.4,27.6,27.4,27.5,27.3,27.3,27.4,27.5,27.3,27.4,27.4,27.3,27.5,27.5,27.5,27.4,27.5,27.4,27.4,27.3,27.5,27.5,27.5,27.4,27.3,27.4,27.4,27.4,27.3,27.4,27.3,27.6,27.3,27.1,27.3,27.4,27.3,27.3,27.3,27.4,27.3,27.3,27.2,27.5,27.4,27.3,27.2,27.2,27.3,27.3,27.3,27.3,27.2,27.3
3,27.2,27.4,27.3,27.4,27.5,27.4,27.3,27.3,27.3,27.5,27.3,27.4,27.3,27.3,27.3,27.3,27.5,27.3,27.5,27.4,27.3,27.4,27.5,27.4,27.5,27.3,27.4,27.3,27.3,27.2,27.4,27.3,27.2,27.3,27.4,27.4,27.4,27.3,27.4,27.3,27.5,27.4,27.5,27.4,27.5,27.3,27.4,27.5,27.3,27.4,27.3,27.3,27.5,27.5,27.5,27.6,27.4,27.4,27.4,27.2,27.5,27.3,27.5,27.6,27.6,27.5,27.4,27.5,27.5,27.3,27.5,27.5,27.3,27.5,27.4,27.5,27.5,27.4,27.3,27.3,27.4,27.7,27.4,27.6,27.5,27.5,27.5,27.5,27.6,27.4,27.5,27.4,27.5,27.5,27.6,27.4,27.5,27.5,27.5,27.5,27.4,27.5,27.5,27.7,27.5,27.5,27.5,27.3,27.6,27.5,27.5,27.4,27.5,27.5,27.6,27.3,27.5,27.5,27.5,27.6,27.5,27.5,27.4,27.5,27.5,27.5,27.5,27.5,27.5,27.5,27.4,27.5,27.5,27.5,27.6,27.6,27.4,27.5,27.6,27.5,27.3,27.4,27.4,27.6,27.4,27.4,27.5,27.5,27.4,27.4,27.5,27.4,27.3,27.3,27.4,27.4,27.3,27.5,27.4,27.4,27.5,27.3,27.3,27.5,27.6,27.4,27.5,27.4,27.3,27.5,27.4,27.3,27.4,27.4,27.3,27.3,27.3,27.3,27.3,27.4,27.3,27.3,27.3,27.3,27.5,27.3,27.4,27.4,27.4,27.2,27.3,27.4
4,27.3,27.5,27.1,27.3,27.3,27.4,27.1,27.3,27.2,27.2,27.3,27.3,27.5,27.4,27.3,27.3,27.2,27.3,27.3,27.4,27.4,27.3,27.3,27.3,27.4,27.4,27.1,27.2,27.4,27.5,27.5,27.3,27.3,27.3,27.5,27.4,27.3,27.3,27.5,27.5,27.3,27.3,27.5,27.3,27.3,27.3,27.4,27.5,27.5,27.3,27.5,27.3,27.4,27.3,27.4,27.5,27.3,27.4,27.5,27.4,27.4,27.4,27.5,27.5,27.5,27.5,27.6,27.3,27.5,27.5,27.7,27.4,27.5,27.6,27.5,27.6,27.5,27.5,27.6,27.3,27.5,27.7,27.6,27.6,27.5,27.5,27.5,27.5,27.6,27.5,27.5,27.4,27.6,27.5,27.5,27.4,27.4,27.5,27.5,27.6,27.4,27.5,27.5,27.5,27.5,27.5,27.5,27.3,27.5,27.4,27.4,27.5,27.4,27.5,27.4,27.5,27.6,27.5,27.5,27.4,27.7,27.4,27.6,27.5,27.3,27.4,27.4,27.4,27.4,27.3,27.5,27.3,27.3,27.5,27.7,27.4,27.5,27.5,27.5,27.3,27.3,27.4,27.4,27.4,27.5,27.5,27.5,27.6,27.4,27.4,27.5,27.5,27.4,27.5,27.4,27.3,27.3,27.4,27.4,27.5,27.3,27.4,27.5,27.3,27.3,27.5,27.1,27.4,27.4,27.4,27.4,27.2,27.3,27.4,27.3,27.3,27.3,27.3,27.3,27.4,27.1,27.3,27.5,27.3,27.4,27.4,27.4,27.3,27.4,27.3,27.4,27.3
5,27.2,27.3,27.3,27.2,27.3,27.3,27.4,27.3,27.5,27.5,27.4,27.4,27.3,27.5,27.2,27.4,27.3,27.3,27.2,27.3,27.4,27.2,27.4,27.4,27.5,27.4,27.3,27.5,27.2,27.4,27.4,27.2,27.3,27.2,27.1,27.3,27.3,27.1,27.2,27.3,27.4,27.6,27.3,27.4,27.5,27.5,27.5,27.5,27.4,27.4,27.4,27.4,27.3,27.5,27.4,27.5,27.4,27.3,27.5,27.5,27.5,27.5,27.5,27.6,27.5,27.4,27.5,27.5,27.6,27.5,27.4,27.5,27.6,27.4,27.6,27.5,27.4,27.6,27.5,27.5,27.5,27.5,27.6,27.6,27.5,27.6,27.6,27.5,27.5,27.5,27.5,27.5,27.6,27.5,27.6,27.4,27.6,27.6,27.5,27.5,27.6,27.6,27.5,27.5,27.5,27.7,27.5,27.4,27.4,27.5,27.6,27.5,27.6,27.5,27.4,27.4,27.5,27.4,27.4,27.6,27.5,27.6,27.4,27.5,27.7,27.5,27.5,27.5,27.6,27.4,27.5,27.5,27.5,27.6,27.6,27.4,27.5,27.4,27.5,27.5,27.7,27.6,27.5,27.5,27.4,27.5,27.4,27.4,27.6,27.3,27.6,27.6,27.5,27.4,27.6,27.5,27.4,27.6,27.5,27.3,27.5,27.5,27.4,27.5,27.4,27.3,27.5,27.5,27.6,27.4,27.3,27.4,27.4,27.3,27.3,27.3,27.3,27.5,27.3,27.3,27.2,27.3,27.3,27.3,27.6,27.5,27.3,27.4,27.3,27.0,27.4,27.3
6,27.3,27.2,27.3,27.4,27.4,27.2,27.4,27.4,27.2,27.4,27.4,27.3,27.3,27.3,27.3,27.2,27.2,27.2,27.5,27.4,27.6,27.3,27.6,27.2,27.3,27.2,27.4,27.3,27.5,27.5,27.3,27.4,27.4,27.5,27.3,27.5,27.3,27.4,27.3,27.5,27.5,27.5,27.4,27.3,27.3,27.4,27.5,27.5,27.3,27.4,27.3,27.4,27.5,27.4,27.4,27.5,27.4,27.3,27.5,27.5,27.6,27.6,27.4,27.5,27.5,27.7,27.5,27.5,27.3,27.3,27.6,27.6,27.4,27.6,27.5,27.5,27.5,27.5,27.2,27.4,27.5,27.5,27.5,27.6,27.6,27.5,27.5,27.5,27.5,27.7,27.5,27.5,27.6,27.5,27.6,27.5,27.6,27.7,27.4,27.7,27.4,27.4,27.6,27.4,27.5,27.5,27.3,27.4,27.5,27.5,27.4,27.5,27.3,27.5,27.4,27.5,27.4,27.5,27.3,27.5,27.4,27.6,27.5,27.5,27.5,27.5,27.5,27.6,27.5,27.3,27.5,27.5,27.4,27.5,27.5,27.5,27.5,27.4,27.5,27.5,27.5,27.5,27.3,27.5,27.4,27.4,27.5,27.6,27.4,27.5,27.3,27.3,27.4,27.4,27.4,27.5,27.6,27.4,27.5,27.4,27.5,27.4,27.5,27.4,27.5,27.3,27.5,27.5,27.4,27.4,27.4,27.2,27.4,27.2,27.3,27.5,27.3,27.4,27.5,27.3,27.2,27.3,27.1,27.4,27.3,27.4,27.3,27.3,27.2,27.3,27.3,27.4
7,27.4,27.4,27.3,27.2,27.3,27.3,27.3,27.2,27.3,27.3,27.2,27.4,27.2,27.4,27.3,27.3,27.3,27.2,27.4,27.4,27.5,27.3,27.4,27.4,27.3,27.3,27.3,27.2,27.3,27.4,27.6,27.4,27.3,27.2,27.3,27.4,27.2,27.2,27.4,27.4,27.5,27.5,27.3,27.3,27.5,27.4,27.4,27.6,27.3,27.3,27.5,27.3,27.3,27.3,27.5,27.4,27.4,27.6,27.5,27.6,27.6,27.5,27.5,27.6,27.5,27.5,27.3,27.5,27.5,27.4,27.5,27.5,27.5,27.6,27.4,27.5,27.4,27.4,27.4,27.5,27.5,27.5,27.4,27.5,27.7,27.5,27.6,27.5,27.4,27.7,27.4,27.5,27.5,27.5,27.5,27.6,27.4,27.5,27.5,27.5,27.7,27.7,27.6,27.5,27.4,27.4,27.5,27.4,27.4,27.6,27.5,27.4,27.5,27.5,27.5,27.4,27.6,27.5,27.4,27.7,27.6,27.6,27.5,27.3,27.5,27.7,27.5,27.6,27.6,27.4,27.6,27.5,27.4,27.6,27.3,27.6,27.4,27.5,27.6,27.5,27.5,27.7,27.4,27.4,27.4,27.5,27.5,27.5,27.6,27.5,27.5,27.4,27.3,27.3,27.5,27.5,27.4,27.5,27.3,27.5,27.4,27.5,27.5,27.3,27.5,27.4,27.3,27.3,27.3,27.3,27.4,27.3,27.3,27.4,27.4,27.3,27.2,27.2,27.1,27.3,27.3,27.3,27.3,27.3,27.3,27.3,27.2,27.3,27.2,27.2,27.3,27.3
8,27.4,27.4,27.2,27.4,27.2,27.4,27.3,27.3,27.4,27.4,27.4,27.4,27.3,27.4,27.4,27.5,27.5,27.3,27.5,27.4,27.5,27.1,27.3,27.5,27.2,27.2,27.3,27.2,27.3,27.4,27.5,27.5,27.3,27.5,27.5,27.4,27.2,27.5,27.3,27.3,27.4,27.4,27.3,27.3,27.5,27.5,27.4,27.5,27.3,27.4,27.3,27.4,27.6,27.4,27.3,27.6,27.2,27.4,27.5,27.5,27.5,27.5,27.5,27.5,27.5,27.6,27.4,27.5,27.5,27.6,27.6,27.4,27.7,27.6,27.4,27.7,27.6,27.5,27.5,27.5,27.5,27.5,27.5,27.4,27.8,27.5,27.6,27.5,27.6,27.6,27.5,27.4,27.4,27.6,27.5,27.5,27.5,27.5,27.5,27.5,27.5,27.5,27.5,27.6,27.5,27.6,27.5,27.5,27.5,27.6,27.4,27.6,27.5,27.5,27.4,27.5,27.5,27.6,27.5,27.4,27.5,27.4,27.5,27.5,27.4,27.4,27.5,27.6,27.5,27.6,27.5,27.4,27.5,27.4,27.4,27.5,27.5,27.5,27.6,27.5,27.5,27.4,27.4,27.4,27.3,27.4,27.4,27.4,27.5,27.5,27.4,27.4,27.4,27.5,27.4,27.2,27.4,27.6,27.5,27.3,27.3,27.5,27.3,27.4,27.6,27.5,27.6,27.2,27.5,27.3,27.4,27.5,27.4,27.2,27.5,27.4,27.4,27.3,27.3,27.2,27.3,27.6,27.4,27.3,27.4,27.4,27.4,27.3,27.3,27.1,27.3,27.5
9,27.3,27.3,27.3,27.4,27.3,27.4,27.4,27.3,27.3,27.4,27.3,27.3,27.3,27.3,27.3,27.5,27.3,27.3,27.4,27.3,27.3,27.3,27.4,27.3,27.3,27.3,27.3,27.3,27.5,27.3,27.3,27.3,27.5,27.3,27.4,27.5,27.4,27.4,27.5,27.3,27.3,27.4,27.3,27.6,27.4,27.4,27.5,27.4,27.4,27.2,27.4,27.4,27.3,27.6,27.5,27.4,27.3,27.5,27.5,27.5,27.7,27.5,27.5,27.5,27.6,27.4,27.5,27.5,27.5,27.5,27.5,27.3,27.7,27.6,27.6,27.5,27.5,27.5,27.4,27.6,27.6,27.4,27.5,27.5,27.5,27.6,27.6,27.6,27.7,27.5,27.5,27.4,27.5,27.5,27.5,27.6,27.5,27.5,27.6,27.7,27.5,27.6,27.5,27.6,27.6,27.6,27.6,27.6,27.6,27.5,27.6,27.6,27.7,27.5,27.6,27.6,27.6,27.6,27.7,27.4,27.5,27.6,27.7,27.5,27.5,27.6,27.5,27.5,27.6,27.5,27.5,27.5,27.4,27.6,27.4,27.5,27.6,27.3,27.6,27.6,27.5,27.5,27.4,27.6,27.5,27.5,27.5,27.5,27.6,27.5,27.5,27.5,27.5,27.5,27.4,27.7,27.4,27.7,27.5,27.5,27.5,27.4,27.5,27.5,27.3,27.4,27.4,27.3,27.3,27.3,27.3,27.4,27.4,27.2,27.3,27.0,27.2,27.4,27.3,27.2,27.5,27.4,27.3,27.3,27.4,27.4,27.3,27.3,27.7,27.3,27.3,27.5
10,27.2,27.2,27.3,27.3,27.3,27.3,27.2,27.3,27.3,27.2,27.3,27.3,27.3,27.3,27.3,27.3,27.2,27.1,27.3,27.3,27.4,27.5,27.5,27.3,27.3,27.4,27.3,27.3,27.1,27.3,27.3,27.2,27.4,27.5,27.4,27.4,27.3,27.2,27.4,27.5,27.5,27.5,27.4,27.5,27.4,27.5,27.5,27.4,27.4,27.3,27.4,27.4,27.4,27.4,27.5,27.5,27.5,27.3,27.4,27.5,27.6,27.3,27.6,27.4,27.6,27.6,27.7,27.3,27.6,27.3,27.5,27.5,27.4,27.5,27.7,27.7,27.4,27.3,27.8,27.5,27.4,27.5,27.4,27.4,27.6,27.5,27.7,27.5,27.5,27.5,27.6,27.5,27.4,27.5,27.5,27.6,27.5,27.7,27.5,27.5,27.5,27.7,27.5,27.5,27.4,27.5,27.5,27.5,27.5,27.5,27.5,27.4,27.5,27.5,27.6,27.5,27.5,27.6,27.5,27.5,27.5,27.6,27.5,27.5,27.5,27.5,27.5,27.4,27.5,27.5,27.5,27.4,27.5,27.5,27.6,27.6,27.6,27.5,27.6,27.3,27.4,27.4,27.3,27.5,27.5,27.5,27.4,27.4,27.5,27.5,27.5,27.5,27.5,27.5,27.5,27.4,27.4,27.4,27.6,27.4,27.7,27.4,27.5,27.4,27.5,27.4,27.4,27.4,27.6,27.3,27.3,27.2,27.2,27.4,27.5,27.4,27.2,27.4,27.3,27.4,27.4,27.2,27.3,27.3,27.3,27.3,27.2,27.3,27.3,27.2,27.4,27.4
11,27.3,27.3,27.1,27.3,27.4,27.2,27.2,27.4,27.2,27.3,27.3,27.2,27.3,27.4,27.3,27.3,27.3,27.3,27.2,27.4,27.4,27.3,27.3,27.2,27.3,27.3,27.4,27.3,27.4,27.2,27.2,27.5,27.2,27.5,27.4,27.3,27.4,27.4,27.4,27.2,27.2,27.3,27.3,27.5,27.3,27.4,27.3,27.5,27.4,27.3,27.4,27.3,27.4,27.3,27.3,27.5,27.2,27.3,27.5,27.4,27.4,27.6,27.5,27.5,27.7,27.5,27.7,27.6,27.6,27.5,27.5,27.3,27.5,27.4,27.6,27.5,27.7,27.5,27.5,27.7,27.5,27.5,27.6,27.7,27.5,27.6,27.5,27.6,27.7,27.6,27.4,27.4,27.5,27.7,27.7,27.5,27.4,27.6,27.6,27.6,27.4,27.7,27.5,27.5,27.5,27.5,27.5,27.5,27.5,27.5,27.5,27.3,27.5,27.6,27.5,27.6,27.6,27.6,27.5,27.7,27.5,27.7,27.5,27.5,27.8,27.4,27.6,27.6,27.4,27.5,27.6,27.5,27.6,27.7,27.5,27.6,27.5,27.5,27.6,27.4,27.4,27.5,27.5,27.5,27.5,27.4,27.4,27.4,27.3,27.5,27.5,27.3,27.4,27.5,27.6,27.5,27.3,27.5,27.6,27.4,27.5,27.5,27.4,27.4,27.6,27.4,27.5,27.3,27.4,27.3,27.3,27.3,27.2,27.3,27.3,27.3,27.4,27.1,27.3,27.3,27.2,27.3,27.2,27.5,27.4,27.2,27.3,27.2,27.4,27.3,27.2,27.3
12,27.3,27.4,27.1,27.3,27.2,27.3,27.3,27.2,27.4,27.3,27.2,27.2,27.2,27.4,27.2,27.3,27.3,27.3,27.3,27.4,27.5,27.3,27.2,27.4,27.3,27.4,27.3,27.5,27.3,27.4,27.2,27.4,27.4,27.3,27.3,27.5,27.4,27.3,27.3,27.4,27.4,27.5,27.5,27.5,27.4,27.6,27.4,27.4,27.4,27.5,27.5,27.4,27.4,27.5,27.6,27.5,27.6,27.4,27.5,27.5,27.6,27.5,27.6,27.5,27.5,27.6,27.5,27.5,27.5,27.6,27.5,27.4,27.5,27.6,27.4,27.3,27.5,27.7,27.5,27.4,27.5,27.5,27.5,27.6,27.4,27.5,27.5,27.6,27.3,27.5,27.5,27.4,27.6,27.5,27.5,27.5,27.5,27.6,27.5,27.6,27.6,27.5,27.5,27.6,27.4,27.5,27.5,27.4,27.6,27.5,27.7,27.5,27.6,27.5,27.5,27.5,27.5,27.6,27.5,27.5,27.6,27.6,27.5,27.4,27.5,27.5,27.5,27.7,27.6,27.5,27.5,27.4,27.5,27.4,27.5,27.5,27.5,27.4,27.5,27.5,27.4,27.5,27.6,27.5,27.4,27.4,27.3,27.4,27.4,27.5,27.4,27.5,27.4,27.4,27.4,27.3,27.5,27.5,27.4,27.5,27.5,27.4,27.5,27.3,27.4,27.4,27.3,27.2,27.3,27.3,27.5,27.5,27.3,27.4,27.3,27.4,27.3,27.3,27.2,27.4,27.3,27.4,27.2,27.5,27.2,27.3,27.5,27.3,27.3,27.3,27.3,27.4
13,27.3,27.4,27.3,27.3,27.3,27.5,27.2,27.2,27.3,27.3,27.3,27.1,27.4,27.2,27.3,27.4,27.4,27.2,27.3,27.3,27.4,27.3,27.2,27.2,27.3,27.3,27.3,27.2,27.4,27.3,27.5,27.2,27.3,27.4,27.5,27.4,27.3,27.3,27.3,27.5,27.3,27.5,27.5,27.4,27.5,27.3,27.6,27.4,27.4,27.5,27.4,27.5,27.6,27.4,27.4,27.5,27.5,27.5,27.4,27.5,27.5,27.6,27.5,27.6,27.5,27.5,27.5,27.5,27.5,27.5,27.4,27.5,27.6,27.4,27.5,27.5,27.5,27.3,27.4,27.4,27.4,27.6,27.5,27.4,27.5,27.4,27.4,27.5,27.5,27.6,27.6,27.5,27.5,27.6,27.7,27.7,27.7,27.5,27.4,27.4,27.6,27.5,27.6,27.6,27.7,27.6,27.4,27.5,27.5,27.5,27.6,27.4,27.5,27.6,27.4,27.5,27.7,27.5,27.6,27.5,27.5,27.5,27.7,27.6,27.5,27.5,27.5,27.7,27.5,27.5,27.6,27.5,27.5,27.5,27.5,27.6,27.4,27.4,27.6,27.5,27.6,27.7,27.5,27.5,27.4,27.5,27.4,27.6,27.6,27.3,27.5,27.4,27.3,27.5,27.6,27.4,27.4,27.5,27.3,27.4,27.5,27.4,27.3,27.3,27.4,27.4,27.2,27.4,27.4,27.3,27.4,27.4,27.3,27.5,27.3,27.5,27.4,27.3,27.3,27.3,27.2,27.3,27.3,27.4,27.3,27.3,27.4,27.4,27.3,27.1,27.3,27.5
14,27.4,27.4,27.1,27.4,27.3,27.3,27.4,27.2,27.3,27.3,27.3,27.4,27.3,27.4,27.3,27.3,27.2,27.2,27.2,27.3,27.3,27.4,27.3,27.4,27.4,27.4,27.3,27.4,27.4,27.4,27.5,27.3,27.5,27.3,27.4,27.4,27.2,27.3,27.3,27.5,27.3,27.4,27.4,27.4,27.3,27.4,27.4,27.5,27.3,27.5,27.5,27.5,27.5,27.3,27.5,27.5,27.4,27.5,27.3,27.4,27.4,27.4,27.3,27.6,27.5,27.6,27.5,27.4,27.5,27.5,27.4,27.5,27.5,27.5,27.6,27.5,27.5,27.6,27.4,27.6,27.3,27.5,27.5,27.6,27.5,27.5,27.7,27.5,27.6,27.4,27.6,27.4,27.4,27.5,27.6,27.6,27.5,27.6,27.4,27.4,27.6,27.5,27.5,27.7,27.6,27.5,27.7,27.4,27.3,27.6,27.4,27.5,27.5,27.3,27.5,27.6,27.6,27.5,27.5,27.5,27.4,27.5,27.5,27.7,27.6,27.5,27.5,27.6,27.5,27.7,27.5,27.6,27.5,27.6,27.5,27.5,27.5,27.5,27.4,27.3,27.4,27.5,27.5,27.6,27.3,27.5,27.4,27.5,27.5,27.5,27.6,27.6,27.5,27.5,27.5,27.5,27.4,27.3,27.4,27.6,27.5,27.3,27.4,27.4,27.5,27.5,27.5,27.5,27.5,27.3,27.6,27.5,27.3,27.4,27.3,27.3,27.3,27.3,27.5,27.3,27.3,27.3,27.5,27.3,27.3,27.3,27.3,27.4,27.2,27.3,27.3,27.3
15,27.3,27.5,27.2,27.2,27.1,27.2,27.2,27.3,27.3,27.3,27.2,27.3,27.3,27.3,27.2,27.3,27.2,27.3,27.5,27.3,27.4,27.2,27.3,27.3,27.4,27.3,27.4,27.3,27.3,27.2,27.6,27.2,27.4,27.4,27.4,27.4,27.3,27.4,27.5,27.5,27.4,27.3,27.5,27.5,27.5,27.3,27.4,27.4,27.4,27.4,27.3,27.5,27.4,27.3,27.5,27.5,27.5,27.5,27.3,27.4,27.5,27.5,27.6,27.3,27.6,27.5,27.3,27.5,27.7,27.4,27.5,27.4,27.5,27.5,27.5,27.4,27.5,27.4,27.7,27.5,27.5,27.5,27.6,27.5,27.6,27.3,27.5,27.6,27.4,27.5,27.5,27.6,27.7,27.5,27.6,27.4,27.7,27.5,27.5,27.5,27.6,27.5,27.6,27.7,27.5,27.5,27.5,27.6,27.5,27.6,27.5,27.3,27.5,27.5,27.4,27.5,27.5,27.5,27.6,27.6,27.6,27.5,27.5,27.4,27.6,27.5,27.4,27.5,27.7,27.5,27.7,27.6,27.6,27.5,27.6,27.6,27.4,27.5,27.5,27.6,27.5,27.6,27.5,27.5,27.5,27.6,27.5,27.6,27.5,27.5,27.5,27.3,27.4,27.4,27.3,27.4,27.5,27.5,27.6,27.4,27.6,27.3,27.5,27.5,27.5,27.4,27.4,27.3,27.4,27.3,27.4,27.3,27.5,27.4,27.2,27.3,27.3,27.3,27.4,27.3,27.3,27.3,27.5,27.5,27.4,27.3,27.3,27.2,27.3,27.0,27.2,27.5
16,27.3,27.4,27.3,27.3,27.3,27.2,27.3,27.0,27.4,27.3,27.3,27.3,27.3,27.2,27.5,27.3,27.3,27.4,27.4,27.3,27.3,27.4,27.3,27.3,27.3,27.3,27.4,27.2,27.1,27.4,27.3,27.3,27.3,27.3,27.4,27.3,27.4,27.3,27.5,27.3,27.4,27.3,27.4,27.4,27.4,27.3,27.5,27.4,27.4,27.4,27.3,27.2,27.4,27.5,27.5,27.5,27.5,27.6,27.5,27.4,27.5,27.5,27.5,27.5,27.4,27.6,27.6,27.6,27.6,27.5,27.8,27.6,27.6,27.6,27.5,27.5,27.3,27.6,27.4,27.5,27.6,27.6,27.7,27.6,27.8,27.5,27.5,27.6,27.5,27.4,27.5,27.5,27.8,27.5,27.7,27.7,27.5,27.5,27.6,27.3,27.6,27.5,27.6,27.7,27.6,27.5,27.6,27.5,27.6,27.5,27.5,27.4,27.6,27.6,27.4,27.5,27.7,27.5,27.6,27.6,27.5,27.4,27.5,27.4,27.4,27.5,27.7,27.7,27.6,27.5,27.7,27.7,27.5,27.6,27.7,27.6,27.5,27.6,27.6,27.6,27.6,27.5,27.4,27.5,27.5,27.4,27.4,27.5,27.6,27.5,27.5,27.5,27.5,27.3,27.4,27.6,27.5,27.4,27.5,27.4,27.4,27.4,27.4,27.5,27.2,27.3,27.4,27.4,27.5,27.6,27.3,27.5,27.2,27.5,27.2,27.4,27.4,27.5,27.5,27.4,27.3,27.4,27.2,27.3,27.4,27.2,27.5,27.7,27.3,27.0,27.4,27.3
17,27.3,27.1,27.3,27.3,27.2,27.3,27.0,27.2,27.3,27.3,27.3,27.3,27.3,27.3,27.3,27.2,27.2,27.2,27.3,27.2,27.2,27.3,27.2,27.4,27.3,27.4,27.2,27.4,27.4,27.3,27.4,27.3,27.3,27.4,27.3,27.4,27.3,27.3,27.4,27.4,27.4,27.4,27.5,27.5,27.5,27.5,27.4,27.5,27.4,27.4,27.4,27.5,27.5,27.4,27.5,27.5,27.5,27.4,27.5,27.5,27.6,27.5,27.5,27.5,27.5,27.5,27.6,27.5,27.6,27.7,27.5,27.6,27.5,27.5,27.5,27.5,27.5,27.6,27.7,27.6,27.7,27.6,27.6,27.6,27.7,27.6,27.6,27.5,27.5,27.4,27.5,27.5,27.8,27.5,27.8,27.5,27.6,27.7,27.6,27.6,27.5,27.5,27.6,27.5,27.6,27.6,27.5,27.4,27.7,27.7,27.5,27.5,27.5,27.7,27.5,27.5,27.6,27.6,27.6,27.4,27.6,27.5,27.5,27.6,27.7,27.6,27.6,27.7,27.5,27.5,27.6,27.5,27.4,27.6,27.6,27.8,27.5,27.5,27.4,27.5,27.4,27.5,27.4,27.6,27.5,27.4,27.4,27.5,27.5,27.5,27.5,27.5,27.6,27.4,27.3,27.5,27.5,27.5,27.5,27.4,27.5,27.3,27.3,27.5,27.4,27.5,27.4,27.6,27.5,27.4,27.3,27.3,27.3,27.3,27.4,27.3,27.3,27.3,27.2,27.4,27.3,27.3,27.4,27.3,27.3,27.3,27.4,27.3,27.3,27.3,27.2,27.3
18,27.4,27.3,27.2,27.3,27.3,27.3,27.4,27.3,27.2,27.3,27.2,27.2,27.4,27.3,27.3,27.4,27.1,27.3,27.3,27.4,27.4,27.5,27.4,27.3,27.4,27.3,27.4,27.5,27.4,27.3,27.4,27.3,27.3,27.3,27.3,27.3,27.4,27.5,27.3,27.5,27.4,27.5,27.5,27.4,27.5,27.4,27.7,27.5,27.3,27.5,27.6,27.5,27.5,27.5,27.6,27.5,27.5,27.3,27.7,27.4,27.5,27.3,27.5,27.7,27.5,27.5,27.6,27.5,27.6,27.5,27.5,27.5,27.5,27.4,27.6,27.7,27.6,27.5,27.5,27.5,27.5,27.6,27.5,27.6,27.7,27.5,27.5,27.6,27.5,27.6,27.4,27.5,27.7,27.5,27.7,27.5,27.5,27.5,27.6,27.5,27.5,27.6,27.6,27.7,27.6,27.6,27.6,27.8,27.6,27.6,27.6,27.5,27.6,27.5,27.8,27.5,27.4,27.5,27.5,27.5,27.7,27.4,27.8,27.7,27.7,27.6,27.7,27.6,27.7,27.6,27.7,27.5,27.5,27.8,27.5,27.7,27.4,27.6,27.7,27.6,27.7,27.4,27.5,27.4,27.8,27.6,27.4,27.5,27.5,27.6,27.6,27.5,27.5,27.5,27.4,27.4,27.3,27.5,27.5,27.5,27.4,27.5,27.3,27.7,27.5,27.6,27.4,27.4,27.4,27.4,27.5,27.2,27.4,27.5,27.4,27.4,27.4,27.3,27.3,27.2,27.3,27.5,27.3,27.3,27.3,27.3,27.2,27.4,27.3,27.4,27.2,27.3
19,27.2,27.3,27.3,27.2,27.3,27.3,27.1,27.3,27.3,27.3,27.2,27.2,27.4,27.3,27.3,27.3,27.3,27.3,27.3,27.2,27.5,27.3,27.4,27.3,27.5,27.4,27.4,27.3,27.4,27.3,27.3,27.4,27.3,27.2,27.3,27.4,27.4,27.4,27.4,27.3,27.4,27.4,27.5,27.4,27.5,27.4,27.6,27.3,27.3,27.5,27.6,27.6,27.6,27.5,27.5,27.6,27.5,27.6,27.6,27.4,27.6,27.4,27.5,27.5,27.6,27.6,27.4,27.6,27.6,27.5,27.6,27.5,27.6,27.6,27.7,27.6,27.6,27.5,27.5,27.5,27.5,27.7,27.6,27.5,27.8,27.7,27.8,27.6,27.6,27.5,27.5,27.6,27.8,27.7,27.7,27.6,27.5,27.5,27.5,27.6,27.5,27.5,27.6,27.7,27.6,27.5,27.5,27.6,27.6,27.6,27.7,27.7,27.5,27.6,27.7,27.7,27.4,27.5,27.6,27.7,27.6,27.6,27.6,27.6,27.5,27.6,27.7,27.6,27.4,27.6,27.5,27.6,27.6,27.7,27.5,27.5,27.6,27.6,27.6,27.5,27.6,27.6,27.6,27.5,27.6,27.5,27.6,27.6,27.4,27.6,27.6,27.5,27.5,27.4,27.3,27.7,27.5,27.4,27.4,27.6,27.5,27.6,27.4,27.5,27.5,27.4,27.4,27.3,27.5,27.5,27.4,27.4,27.3,27.5,27.2,27.4,27.4,27.4,27.3,27.3,27.3,27.4,27.4,27.3,27.4,27.3,27.4,27.3,27.4,27.2,27.4,27.3
20,27.3,27.2,27.2,27.4,27.3,27.3,27.3,27.3,27.2,27.3,27.2,27.4,27.4,27.3,27.3,27.4,27.3,27.3,27.2,27.3,27.4,27.5,27.2,27.5,27.3,27.4,27.5,27.3,27.4,27.4,27.5,27.3,27.3,27.5,27.4,27.4,27.5,27.4,27.4,27.4,27.5,27.5,27.5,27.5,27.5,27.4,27.6,27.4,27.6,27.5,27.5,27.4,27.6,27.5,27.6,27.6,27.5,27.5,27.3,27.5,27.5,27.5,27.5,27.3,27.4,27.6,27.7,27.5,27.5,27.6,27.4,27.5,27.7,27.5,27.6,27.6,27.6,27.5,27.7,27.6,27.7,27.5,27.8,27.6,27.7,27.4,27.5,27.8,27.5,27.5,27.7,27.5,27.7,27.8,27.7,27.7,27.8,27.7,27.7,27.6,27.6,27.4,27.6,27.5,27.6,27.5,27.7,27.6,27.8,27.8,27.8,27.8,27.6,27.6,27.5,27.8,27.6,27.5,27.5,27.7,27.6,27.7,27.5,27.6,27.8,27.6,27.6,27.5,27.5,27.7,27.5,27.5,27.6,27.6,27.7,27.6,27.6,27.6,27.5,27.5,27.5,27.6,27.4,27.4,27.5,27.5,27.5,27.5,27.4,27.6,27.6,27.5,27.5,27.4,27.5,27.5,27.7,27.5,27.4,27.5,27.6,27.6,27.5,27.5,27.4,27.4,27.4,27.5,27.3,27.5,27.3,27.7,27.5,27.4,27.4,27.4,27.2,27.3,27.3,27.4,27.3,27.3,27.3,27.5,27.3,27.2,27.3,27.5,27.5,27.4,27.2,27.3
21,27.3,27.4,27.2,27.3,27.3,27.3,27.3,27.5,27.3,27.3,27.2,27.4,27.3,27.4,27.3,27.2,27.4,27.3,27.3,27.2,27.4,27.4,27.3,27.5,27.4,27.5,27.4,27.4,27.4,27.5,27.6,27.5,27.4,27.5,27.5,27.5,27.4,27.3,27.5,27.5,27.5,27.5,27.6,27.5,27.6,27.3,27.4,27.4,27.5,27.3,27.3,27.4,27.3,27.5,27.6,27.7,27.5,27.4,27.5,27.5,27.6,27.5,27.4,27.7,27.6,27.4,27.6,27.6,27.7,27.5,27.7,27.6,27.6,27.6,27.7,27.7,27.4,27.6,27.4,27.5,27.7,27.6,27.5,27.6,27.6,27.7,27.5,27.7,27.7,27.5,27.5,27.6,27.7,27.6,27.5,27.5,27.6,27.5,27.6,27.6,27.4,27.6,27.5,27.5,27.5,27.7,27.5,27.6,27.6,27.6,27.6,27.7,27.8,27.6,27.6,27.5,27.5,27.6,27.5,27.5,27.5,27.6,27.5,27.6,27.5,27.6,27.6,27.5,27.5,27.6,27.5,27.5,27.3,27.6,27.7,27.5,27.5,27.5,27.7,27.6,27.6,27.7,27.5,27.7,27.4,27.4,27.4,27.6,27.6,27.7,27.5,27.5,27.6,27.5,27.5,27.4,27.6,27.4,27.5,27.3,27.5,27.5,27.3,27.2,27.4,27.4,27.4,27.4,27.2,27.4,27.5,27.4,27.3,27.4,27.3,27.3,27.5,27.3,27.3,27.3,27.2,27.2,27.3,27.2,27.3,27.2,27.5,27.5,27.4,27.3,27.1,27.4
22,27.2,27.1,27.2,27.2,27.2,27.3,27.3,27.3,27.5,27.1,27.3,27.2,27.3,27.3,27.3,27.4,27.5,27.3,27.4,27.4,27.3,27.5,27.2,27.4,27.2,27.3,27.3,27.2,27.4,27.4,27.6,27.5,27.4,27.4,27.4,27.5,27.4,27.5,27.4,27.5,27.5,27.5,27.5,27.5,27.4,27.4,27.6,27.3,27.5,27.4,27.6,27.5,27.5,27.5,27.7,27.4,27.5,27.5,27.5,27.5,27.4,27.6,27.7,27.7,27.6,27.5,27.5,27.7,27.7,27.4,27.7,27.6,27.5,27.7,27.7,27.6,27.5,27.5,27.7,27.5,27.6,27.6,27.6,27.7,27.8,27.5,27.6,27.6,27.5,27.7,27.7,27.6,27.6,27.5,27.6,27.8,27.7,27.7,27.5,27.6,27.7,27.7,27.8,27.5,27.7,27.8,27.6,27.6,27.6,27.6,27.8,27.5,27.7,27.5,27.7,27.7,27.7,27.5,27.6,27.7,27.7,27.6,27.5,27.4,27.6,27.5,27.7,27.5,27.6,27.6,27.7,27.7,27.8,27.5,27.6,27.5,27.5,27.4,27.6,27.5,27.5,27.5,27.4,27.5,27.5,27.4,27.5,27.5,27.7,27.5,27.6,27.5,27.5,27.5,27.5,27.5,27.5,27.4,27.4,27.4,27.5,27.6,27.4,27.6,27.5,27.5,27.4,27.5,27.3,27.3,27.4,27.5,27.3,27.7,27.3,27.2,27.3,27.5,27.3,27.5,27.3,27.3,27.4,27.2,27.2,27.3,27.2,27.3,27.3,27.2,27.3,27.3
23,27.1,27.4,27.3,27.4,27.3,27.5,27.3,27.2,27.2,27.4,27.3,27.3,27.3,27.3,27.2,27.4,27.4,27.3,27.3,27.3,27.4,27.2,27.4,27.4,27.3,27.4,27.3,27.4,27.4,27.3,27.3,27.5,27.4,27.4,27.5,27.3,27.3,27.5,27.4,27.5,27.4,27.6,27.4,27.6,27.6,27.6,27.3,27.5,27.5,27.5,27.5,27.6,27.4,27.5,27.6,27.6,27.5,27.6,27.5,27.5,27.5,27.6,27.5,27.5,27.6,27.6,27.5,27.5,27.4,27.7,27.7,27.5,27.6,27.7,27.6,27.6,27.5,27.6,27.5,27.5,27.7,27.5,27.5,27.6,27.6,27.6,27.7,27.8,27.5,27.8,27.7,27.7,27.6,27.7,27.5,27.7,27.6,27.5,27.9,27.7,27.8,27.8,27.6,27.8,27.7,27.5,27.6,27.5,27.7,27.6,27.5,27.7,27.6,27.6,27.7,27.7,27.7,27.5,27.7,27.5,27.7,27.7,27.7,27.8,27.7,27.6,27.6,27.6,27.6,27.6,27.7,27.6,27.5,27.6,27.5,27.5,27.6,27.7,27.7,27.6,27.6,27.6,27.6,27.6,27.6,27.7,27.6,27.5,27.4,27.5,27.5,27.7,27.7,27.5,27.6,27.4,27.5,27.6,27.5,27.5,27.4,27.4,27.5,27.5,27.5,27.5,27.5,27.5,27.6,27.4,27.4,27.3,27.5,27.3,27.5,27.5,27.3,27.3,27.3,27.4,27.2,27.3,27.3,27.3,27.4,27.2,27.3,27.3,27.4,27.2,27.3,27.3
24,27.3,27.3,27.3,27.4,27.4,27.2,27.5,27.3,27.4,27.3,27.1,27.2,27.3,27.3,27.2,27.1,27.2,27.4,27.3,27.4,27.3,27.3,27.3,27.2,27.3,27.3,27.5,27.4,27.4,27.4,27.5,27.4,27.4,27.3,27.5,27.5,27.7,27.6,27.4,27.5,27.5,27.6,27.5,27.6,27.6,27.5,27.6,27.6,27.5,27.5,27.5,27.4,27.5,27.6,27.5,27.5,27.5,27.5,27.6,27.5,27.5,27.7,27.5,27.6,27.3,27.5,27.6,27.5,27.6,27.6,27.6,27.8,27.6,27.6,27.5,27.7,27.5,27.6,27.8,27.5,27.6,27.6,27.8,27.6,27.8,27.6,27.8,27.8,27.7,27.6,27.7,27.5,27.6,27.7,27.7,27.8,27.6,27.6,27.6,27.6,27.6,27.6,27.7,27.7,27.7,27.7,27.6,27.7,27.6,27.7,27.7,27.7,27.6,27.7,27.9,27.6,27.8,27.7,27.5,27.8,27.7,27.8,27.8,27.7,27.5,27.6,27.8,27.6,27.7,27.8,27.8,27.8,27.7,27.7,27.7,27.6,27.9,27.7,27.7,27.5,27.6,27.6,27.6,27.6,27.5,27.5,27.6,27.5,27.8,27.6,27.5,27.5,27.6,27.4,27.5,27.5,27.6,27.2,27.8,27.5,27.5,27.5,27.4,27.5,27.6,27.5,27.4,27.6,27.5,27.3,27.4,27.4,27.4,27.3,27.3,27.4,27.4,27.4,27.4,27.6,27.3,27.3,27.4,27.3,27.4,27.3,27.5,27.3,27.4,27.3,27.4,27.4
25,27.2,27.2,27.4,27.3,27.2,27.4,27.2,27.3,27.4,27.3,27.1,27.3,27.2,27.3,27.3,27.1,27.3,27.3,27.4,27.3,27.3,27.3,27.3,27.4,27.3,27.4,27.4,27.4,27.3,27.3,27.4,27.5,27.2,27.5,27.3,27.3,27.4,27.3,27.5,27.5,27.4,27.3,27.3,27.4,27.5,27.5,27.5,27.5,27.5,27.5,27.6,27.7,27.5,27.6,27.6,27.6,27.6,27.6,27.6,27.5,27.7,27.6,27.6,27.5,27.5,27.4,27.3,27.7,27.6,27.5,27.6,27.5,27.4,27.5,27.6,27.7,27.6,27.6,27.8,27.5,27.7,27.7,27.7,27.7,27.8,27.7,27.6,27.7,27.7,27.7,27.6,27.7,27.6,27.7,27.7,27.5,27.5,27.5,27.8,27.6,27.6,27.7,27.7,27.6,27.7,27.6,27.5,27.7,27.5,27.7,27.6,27.6,27.5,27.7,27.6,27.7,27.8,27.7,27.8,27.7,27.7,27.7,27.6,27.6,27.5,27.6,27.6,27.5,27.6,27.6,27.7,27.5,27.6,27.5,27.5,27.6,27.6,27.6,27.6,27.6,27.5,27.5,27.6,27.6,27.5,27.5,27.5,27.5,27.5,27.5,27.5,27.4,27.5,27.5,27.7,27.5,27.4,27.5,27.4,27.6,27.4,27.4,27.6,27.5,27.4,27.3,27.4,27.5,27.4,27.4,27.4,27.5,27.4,27.4,27.5,27.3,27.3,27.4,27.4,27.5,27.3,27.5,27.3,27.3,27.4,27.3,27.3,27.3,27.3,27.3,27.2,27.4
26,27.3,27.2,27.1,27.3,27.4,27.2,27.2,27.2,27.2,27.1,27.3,27.3,27.1,27.3,27.3,27.2,27.1,27.3,27.3,27.3,27.4,27.4,27.5,27.3,27.3,27.2,27.4,27.3,27.3,27.4,27.5,27.4,27.5,27.4,27.3,27.6,27.3,27.6,27.5,27.4,27.4,27.5,27.5,27.6,27.3,27.5,27.6,27.6,27.6,27.4,27.5,27.4,27.5,27.5,27.6,27.5,27.5,27.5,27.6,27.5,27.6,27.6,27.7,27.5,27.5,27.7,27.6,27.6,27.5,27.6,27.6,27.7,27.7,27.5,27.5,27.6,27.7,27.5,27.7,27.7,27.6,27.6,27.6,27.5,27.7,27.7,27.8,27.6,27.7,27.8,27.8,27.6,27.8,27.8,27.9,27.6,27.7,27.8,27.8,27.7,27.7,27.8,27.6,27.8,27.8,27.6,27.6,27.5,27.7,27.8,27.7,27.7,27.7,27.7,27.6,27.8,27.7,27.6,27.5,27.6,27.7,27.7,27.6,27.7,27.6,27.6,27.7,27.7,27.7,27.5,27.7,27.8,27.8,27.6,27.6,27.6,27.6,27.6,27.6,27.5,27.7,27.6,27.7,27.8,27.7,27.5,27.6,27.6,27.8,27.6,27.7,27.5,27.7,27.4,27.5,27.6,27.7,27.6,27.6,27.6,27.4,27.4,27.5,27.3,27.6,27.4,27.5,27.5,27.5,27.4,27.5,27.4,27.3,27.3,27.5,27.4,27.4,27.3,27.3,27.5,27.6,27.5,27.5,27.5,27.3,27.4,27.3,27.5,27.3,27.3,27.3,27.5
27,27.3,27.3,27.3,27.3,27.3,27.2,27.3,27.5,27.3,27.3,27.3,27.3,27.3,27.1,27.3,27.3,27.3,27.3,27.4,27.4,27.4,27.2,27.4,27.4,27.4,27.5,27.3,27.6,27.4,27.5,27.5,27.3,27.4,27.4,27.5,27.4,27.4,27.4,27.5,27.4,27.5,27.4,27.5,27.5,27.4,27.4,27.4,27.5,27.4,27.5,27.5,27.7,27.4,27.3,27.5,27.5,27.5,27.6,27.5,27.6,27.4,27.6,27.6,27.7,27.6,27.5,27.6,27.7,27.6,27.5,27.7,27.5,27.8,27.5,27.5,27.7,27.6,27.7,27.6,27.7,27.6,27.6,27.7,27.6,27.6,27.7,27.7,27.6,27.6,27.6,27.7,27.7,27.7,27.7,27.6,27.8,27.7,27.7,27.6,27.8,27.7,27.8,27.6,27.7,27.7,27.7,27.8,27.7,27.7,27.6,27.7,27.6,27.6,27.8,27.6,27.7,27.8,27.8,27.8,27.8,27.7,27.7,27.6,27.6,27.6,27.8,27.7,27.7,27.6,27.6,27.8,27.7,27.6,27.8,27.7,27.6,27.6,27.7,27.7,27.7,27.6,27.6,27.7,27.7,27.7,27.7,27.5,27.7,27.6,27.6,27.6,27.5,27.5,27.6,27.4,27.6,27.5,27.7,27.6,27.5,27.5,27.5,27.4,27.5,27.6,27.3,27.4,27.5,27.6,27.3,27.4,27.2,27.4,27.5,27.5,27.3,27.5,27.5,27.5,27.3,27.4,27.5,27.4,27.5,27.3,27.3,27.1,27.3,27.3,27.3,27.5,27.5
28,27.2,27.3,27.0,27.2,27.4,27.2,27.1,27.3,27.3,27.1,27.1,27.3,27.2,27.4,27.3,27.2,27.3,27.2,27.4,27.2,27.4,27.4,27.4,27.4,27.3,27.4,27.3,27.3,27.4,27.5,27.5,27.3,27.4,27.4,27.4,27.3,27.4,27.3,27.6,27.3,27.5,27.5,27.5,27.6,27.5,27.4,27.5,27.5,27.5,27.5,27.5,27.6,27.4,27.4,27.5,27.6,27.4,27.5,27.5,27.5,27.6,27.7,27.6,27.6,27.6,27.6,27.4,27.5,27.7,27.4,27.7,27.7,27.5,27.5,27.6,27.8,27.7,27.8,27.7,27.7,27.7,27.7,27.7,27.7,27.8,27.7,27.6,27.7,27.7,27.8,27.7,27.8,27.7,27.8,27.8,27.7,27.6,27.5,27.8,27.8,27.6,27.9,27.7,27.7,27.8,27.8,27.8,27.6,27.6,27.7,27.4,27.8,27.6,27.8,27.6,27.6,27.9,27.8,27.7,27.8,27.8,27.7,27.6,27.7,27.7,27.5,27.6,27.7,27.6,27.8,27.8,27.7,27.7,27.8,27.7,27.8,27.8,27.6,27.8,27.8,27.7,27.5,27.6,27.8,27.6,27.6,27.5,27.6,27.7,27.5,27.7,27.5,27.5,27.5,27.5,27.6,27.7,27.5,27.6,27.5,27.6,27.5,27.5,27.4,27.5,27.6,27.6,27.6,27.4,27.5,27.4,27.2,27.4,27.5,27.4,27.5,27.4,27.5,27.4,27.2,27.3,27.3,27.4,27.2,27.3,27.3,27.1,27.3,27.4,27.2,27.3,27.4
29,27.3,27.3,27.3,27.1,27.3,27.2,27.4,27.3,27.3,27.2,27.3,27.2,27.4,27.1,27.3,27.3,27.3,27.3,27.3,27.3,27.3,27.3,27.3,27.3,27.3,27.3,27.2,27.4,27.5,27.4,27.5,27.3,27.3,27.4,27.5,27.5,27.5,27.6,27.4,27.4,27.6,27.5,27.5,27.6,27.4,27.5,27.5,27.4,27.3,27.6,27.6,27.5,27.5,27.6,27.5,27.6,27.5,27.4,27.5,27.6,27.5,27.6,27.7,27.6,27.5,27.6,27.6,27.5,27.5,27.6,27.5,27.4,27.6,27.7,27.6,27.6,27.8,27.8,27.7,27.8,27.6,27.6,27.9,27.6,27.9,27.8,27.8,27.7,27.6,27.7,27.7,27.7,27.9,27.7,27.7,27.8,27.8,27.7,27.6,27.7,27.7,27.8,27.7,27.8,27.7,27.8,27.7,27.8,27.7,27.8,27.8,27.7,27.7,27.6,27.7,27.8,28.0,27.7,27.8,27.8,27.6,27.7,27.6,27.6,27.8,27.6,27.8,27.6,27.6,27.6,27.8,27.5,27.8,27.8,27.8,27.7,27.7,27.6,27.8,27.5,27.5,27.8,27.6,27.7,27.7,27.6,27.5,27.7,27.6,27.5,27.6,27.6,27.5,27.4,27.5,27.5,27.7,27.7,27.5,27.7,27.6,27.4,27.5,27.6,27.4,27.5,27.5,27.5,27.6,27.2,27.2,27.3,27.4,27.5,27.3,27.4,27.5,27.5,27.3,27.4,27.5,27.5,27.1,27.4,27.3,27.3,27.5,27.5,27.4,27.4,27.3,27.3
30,27.4,27.4,27.1,27.1,27.3,27.2,27.3,27.2,27.3,27.5,27.4,27.5,27.3,27.4,27.3,27.4,27.3,27.2,27.5,27.3,27.5,27.3,27.5,27.4,27.3,27.5,27.4,27.4,27.5,27.5,27.5,27.5,27.4,27.4,27.3,27.2,27.4,27.5,27.6,27.5,27.4,27.5,27.4,27.7,27.7,27.5,27.8,27.6,27.6,27.4,27.5,27.6,27.5,27.6,27.5,27.6,27.5,27.5,27.5,27.5,27.5,27.6,27.8,27.5,27.6,27.8,27.8,27.8,27.8,27.5,27.6,27.5,27.5,27.7,27.8,27.7,27.7,27.7,27.6,27.7,27.7,27.7,27.8,27.7,27.8,27.7,27.6,27.9,27.7,27.7,27.7,27.8,27.7,27.8,27.7,27.7,27.7,27.8,27.7,27.7,27.7,27.8,27.9,27.8,27.8,27.8,27.9,27.7,27.8,27.5,27.8,27.9,27.7,27.7,27.6,27.7,27.8,27.8,27.7,27.9,27.8,27.8,27.8,27.6,27.7,27.6,27.6,27.6,27.6,27.6,27.7,27.6,27.5,27.8,27.8,27.8,27.7,27.8,27.7,27.7,27.6,27.7,27.8,27.8,27.7,27.7,27.5,27.6,27.7,27.7,27.5,27.7,27.6,27.7,27.6,27.5,27.4,27.6,27.5,27.5,27.7,27.5,27.4,27.5,27.5,27.5,27.5,27.3,27.5,27.5,27.5,27.5,27.3,27.5,27.6,27.4,27.3,27.5,27.4,27.4,27.3,27.4,27.3,27.4,27.3,27.3,27.3,27.4,27.2,27.4,27.3,27.3
31,27.2,27.2,27.3,27.2,27.3,27.2,27.4,27.3,27.4,27.5,27.2,27.4,27.5,27.4,27.3,27.4,27.3,27.3,27.4,27.3,27.4,27.4,27.5,27.4,27.3,27.4,27.6,27.5,27.4,27.5,27.3,27.5,27.5,27.4,27.5,27.6,27.5,27.6,27.5,27.6,27.6,27.6,27.5,27.5,27.3,27.3,27.6,27.5,27.6,27.6,27.6,27.6,27.6,27.4,27.6,27.6,27.4,27.5,27.5,27.5,27.7,27.6,27.5,27.6,27.5,27.5,27.5,27.5,27.5,27.4,27.5,27.5,27.6,27.6,27.8,27.5,27.6,27.9,27.7,27.7,27.7,27.6,27.7,27.8,27.7,27.8,27.8,27.8,27.7,27.8,27.7,27.7,27.9,27.8,27.7,27.7,27.8,27.7,27.8,27.7,27.7,27.7,27.9,27.7,27.9,27.8,27.8,27.6,27.8,27.6,27.6,27.8,27.7,27.9,27.7,27.6,27.9,27.6,27.8,27.8,27.7,27.7,27.6,27.8,27.7,27.7,27.8,27.6,27.6,27.8,27.8,27.7,27.7,27.7,27.8,27.8,27.6,27.7,27.7,27.6,27.7,27.7,27.6,27.7,27.8,27.5,27.5,27.7,27.6,27.6,27.6,27.5,27.6,27.6,27.5,27.5,27.7,27.7,27.6,27.5,27.7,27.5,27.6,27.7,27.7,27.5,27.4,27.5,27.3,27.5,27.5,27.3,27.4,27.5,27.4,27.3,27.4,27.5,27.3,27.5,27.3,27.3,27.5,27.5,27.6,27.3,27.5,27.3,27.5,27.2,27.3,27.3
32,27.2,27.4,27.2,27.2,27.2,27.2,27.3,27.3,27.2,27.3,27.3,27.3,27.4,27.3,27.5,27.3,27.3,27.4,27.4,27.4,27.4,27.3,27.3,27.5,27.6,27.5,27.4,27.4,27.5,27.4,27.4,27.3,27.2,27.3,27.4,27.6,27.4,27.6,27.4,27.7,27.5,27.6,27.7,27.5,27.6,27.5,27.5,27.4,27.3,27.5,27.5,27.7,27.6,27.3,27.6,27.6,27.5,27.5,27.5,27.6,27.5,27.6,27.8,27.6,27.8,27.5,27.7,27.5,27.8,27.5,27.7,27.5,27.5,27.6,27.6,27.8,27.6,27.6,27.6,27.8,27.5,27.7,27.8,27.8,27.7,27.6,27.5,27.8,27.6,27.7,27.6,27.8,27.7,27.8,27.7,27.8,27.8,27.8,27.8,27.7,27.7,27.8,27.8,27.8,27.8,27.6,27.7,27.6,27.7,27.7,27.8,27.7,27.5,27.6,27.7,27.6,27.4,27.8,27.8,27.6,27.5,27.7,27.9,27.8,27.7,27.6,27.7,27.6,27.6,27.7,27.8,27.6,27.6,27.5,27.7,27.6,27.6,27.7,27.8,27.8,27.5,27.6,27.4,27.7,27.5,27.7,27.5,27.7,27.5,27.5,27.5,27.5,27.5,27.4,27.5,27.6,27.5,27.5,27.6,27.5,27.6,27.6,27.6,27.5,27.4,27.5,27.5,27.6,27.5,27.5,27.2,27.4,27.4,27.4,27.4,27.3,27.3,27.3,27.3,27.3,27.4,27.4,27.4,27.4,27.4,27.4,27.5,27.5,27.4,27.4,27.5,27.5
33,27.2,27.3,27.2,27.3,27.2,27.2,27.3,27.1,27.1,27.3,27.2,27.3,27.3,27.3,27.4,27.3,27.4,27.3,27.4,27.4,27.4,27.3,27.2,27.2,27.6,27.4,27.3,27.4,27.3,27.4,27.5,27.4,27.2,27.3,27.4,27.4,27.3,27.3,27.5,27.6,27.5,27.5,27.6,27.5,27.5,27.4,27.3,27.5,27.5,27.5,27.4,27.4,27.5,27.5,27.4,27.6,27.5,27.5,27.4,27.6,27.5,27.5,27.4,27.5,27.6,27.4,27.6,27.6,27.7,27.5,27.6,27.6,27.6,27.5,27.5,27.6,27.5,27.6,27.7,27.8,27.9,27.7,27.8,27.8,27.7,27.7,27.7,27.7,27.6,27.7,27.7,27.7,27.6,27.7,27.8,27.8,27.8,27.8,27.6,27.6,27.7,27.8,27.6,27.8,27.7,27.8,27.7,27.8,27.8,27.7,27.8,27.7,27.7,27.8,27.7,27.6,27.7,27.6,27.7,27.7,27.8,27.8,27.6,27.5,27.6,27.6,27.5,27.5,27.7,27.5,27.5,27.6,27.8,27.4,27.7,27.8,27.5,27.6,27.7,27.7,27.6,27.6,27.7,27.6,27.5,27.5,27.5,27.6,27.5,27.6,27.6,27.5,27.5,27.7,27.6,27.6,27.6,27.4,27.3,27.5,27.6,27.5,27.5,27.4,27.4,27.4,27.4,27.4,27.3,27.2,27.5,27.4,27.4,27.5,27.4,27.3,27.5,27.3,27.5,27.4,27.2,27.4,27.4,27.4,27.5,27.3,27.5,27.2,27.4,27.3,27.3,27.4
34,27.3,27.4,27.3,27.2,27.4,27.3,27.1,27.2,27.2,27.3,27.1,27.3,27.4,27.4,27.3,27.3,27.4,27.3,27.3,27.3,27.5,27.4,27.4,27.5,27.3,27.5,27.4,27.4,27.4,27.6,27.5,27.5,27.5,27.4,27.4,27.4,27.5,27.4,27.4,27.6,27.4,27.7,27.4,27.5,27.5,27.5,27.4,27.6,27.5,27.4,27.5,27.6,27.6,27.5,27.7,27.7,27.4,27.5,27.5,27.6,27.5,27.6,27.5,27.6,27.5,27.5,27.5,27.7,27.7,27.5,27.5,27.5,27.7,27.5,27.7,27.6,27.7,27.6,27.7,27.8,27.6,27.6,27.7,27.6,27.8,27.7,27.7,27.5,27.8,27.6,27.7,27.7,27.8,27.8,27.8,27.9,27.9,27.8,27.8,27.9,27.7,27.5,27.7,27.8,27.7,27.9,27.6,27.6,27.8,27.7,27.8,27.7,27.7,27.5,27.6,27.5,27.6,27.6,27.6,27.7,27.5,27.7,27.6,27.6,27.6,27.6,27.7,27.6,27.5,27.5,27.7,27.7,27.7,27.8,27.7,27.8,27.8,27.8,27.6,27.5,27.6,27.8,27.6,27.7,27.7,27.7,27.5,27.6,27.6,27.8,27.7,27.6,27.7,27.4,27.5,27.6,27.6,27.7,27.7,27.5,27.7,27.6,27.6,27.6,27.6,27.4,27.5,27.5,27.4,27.5,27.4,27.4,27.3,27.5,27.4,27.4,27.5,27.6,27.3,27.4,27.4,27.3,27.4,27.5,27.5,27.3,27.3,27.3,27.4,27.4,27.5,27.5
35,27.3,27.3,26.9,27.1,27.3,27.2,27.2,27.2,27.2,27.3,27.2,27.3,27.3,27.4,27.3,27.2,27.4,27.3,27.4,27.4,27.3,27.5,27.3,27.3,27.4,27.5,27.4,27.3,27.3,27.4,27.3,27.4,27.4,27.4,27.4,27.5,27.3,27.4,27.5,27.5,27.5,27.6,27.4,27.4,27.5,27.5,27.6,27.4,27.4,27.4,27.4,27.5,27.4,27.5,27.7,27.5,27.4,27.3,27.4,27.3,27.1,27.3,27.5,27.5,27.7,27.6,27.6,27.7,27.6,27.8,27.6,27.6,27.6,27.7,27.6,27.6,27.5,27.5,27.7,27.7,27.7,27.7,27.8,27.8,27.8,27.7,27.7,27.6,27.8,27.7,27.7,27.7,27.7,27.8,27.7,27.8,27.9,27.9,27.8,27.8,27.9,27.8,27.8,27.8,27.8,27.8,27.7,27.7,27.7,27.8,27.8,27.8,27.5,27.6,27.3,27.6,27.4,27.4,27.4,27.7,27.4,27.4,27.5,27.4,27.5,27.7,27.4,27.7,27.5,27.3,27.5,27.6,27.5,27.7,27.8,27.7,27.6,27.7,27.8,27.5,27.7,27.7,27.7,27.6,27.7,27.7,27.9,27.6,27.5,27.7,27.6,27.7,27.7,27.6,27.6,27.5,27.5,27.6,27.6,27.6,27.6,27.6,27.5,27.5,27.4,27.6,27.5,27.4,27.5,27.5,27.4,27.3,27.4,27.5,27.5,27.4,27.4,27.3,27.4,27.4,27.3,27.4,27.5,27.4,27.6,27.5,27.2,27.5,27.3,27.3,27.5,27.3
36,27.3,27.2,27.2,27.2,27.2,27.2,27.2,27.3,27.3,27.1,27.1,27.5,27.3,27.5,27.3,27.4,27.3,27.1,27.3,27.2,27.4,27.4,27.4,27.1,27.5,27.4,27.4,27.5,27.4,27.4,27.4,27.2,27.3,27.5,27.4,27.5,27.3,27.5,27.7,27.5,27.5,27.4,27.5,27.4,27.5,27.2,27.5,27.3,27.2,27.3,27.2,27.3,27.3,27.4,27.4,27.6,27.4,27.3,27.2,27.3,26.9,27.3,27.3,27.6,27.5,27.6,27.5,27.5,27.5,27.5,27.7,27.6,27.6,27.6,27.6,27.7,27.7,27.6,27.8,27.7,27.6,27.8,27.6,27.8,27.7,27.8,27.8,27.5,27.6,27.7,27.7,27.8,27.7,27.7,27.6,27.8,27.8,27.7,27.7,27.8,27.7,27.8,27.8,27.6,27.7,27.7,27.8,27.7,27.6,27.8,27.6,27.6,27.7,27.3,27.4,27.4,27.3,27.4,27.3,27.5,27.3,27.3,27.4,27.4,27.3,27.5,27.3,27.5,27.4,27.4,27.4,27.5,27.6,27.6,27.5,27.6,27.6,27.5,27.9,27.7,27.6,27.5,27.7,27.5,27.5,27.6,27.6,27.5,27.6,27.6,27.6,27.6,27.6,27.5,27.5,27.7,27.8,27.5,27.7,27.7,27.5,27.6,27.5,27.6,27.5,27.6,27.6,27.6,27.5,27.5,27.4,27.5,27.5,27.5,27.5,27.5,27.3,27.5,27.6,27.3,27.5,27.4,27.3,27.4,27.4,27.3,27.4,27.5,27.3,27.4,27.4,27.2
37,27.5,27.2,27.2,27.2,27.4,27.3,27.2,27.2,27.2,27.5,27.1,27.3,27.4,27.3,27.3,27.2,27.2,27.2,27.3,27.3,27.4,27.4,27.3,27.3,27.3,27.3,27.5,27.5,27.3,27.5,27.4,27.4,27.3,27.4,27.4,27.4,27.5,27.3,27.3,27.5,27.5,27.7,27.6,27.6,27.5,27.5,27.5,27.4,27.2,27.1,27.3,27.3,27.2,27.4,27.6,27.6,27.4,27.3,27.2,27.2,27.0,27.0,27.4,27.5,27.7,27.4,27.6,27.5,27.6,27.7,27.7,27.6,27.6,27.5,27.6,27.5,27.5,27.6,27.6,27.6,27.4,27.8,27.6,27.7,27.6,27.7,27.8,27.7,27.7,27.7,27.7,27.6,27.7,27.8,27.7,27.9,27.7,27.6,27.8,27.8,27.9,27.7,27.8,27.7,27.8,27.8,27.5,27.6,27.6,27.8,27.7,27.8,27.5,27.2,27.3,27.4,27.3,27.2,27.1,27.2,27.4,27.3,27.1,27.2,27.3,27.2,27.4,27.3,27.1,27.3,27.3,27.5,27.6,27.5,27.4,27.5,27.5,27.5,27.7,27.6,27.8,27.5,27.5,27.6,27.7,27.6,27.5,27.7,27.6,27.7,27.5,27.6,27.6,27.7,27.7,27.5,27.6,27.4,27.6,27.5,27.5,27.5,27.4,27.6,27.5,27.7,27.5,27.5,27.3,27.4,27.5,27.4,27.4,27.4,27.5,27.3,27.4,27.3,27.4,27.6,27.2,27.5,27.6,27.1,27.3,27.3,27.5,27.5,27.5,27.3,27.3,27.4
38,27.3,27.3,27.2,27.4,27.3,27.3,27.3,27.3,27.2,27.3,27.2,27.2,27.3,27.3,27.4,27.2,27.3,27.2,27.3,27.4,27.3,27.6,27.3,27.4,27.3,27.4,27.5,27.4,27.5,27.5,27.4,27.4,27.4,27.4,27.3,27.5,27.5,27.4,27.4,27.5,27.5,27.4,27.6,27.5,27.5,27.3,27.3,27.2,27.2,27.0,27.2,27.0,27.0,27.1,27.4,27.5,27.5,27.4,27.2,27.2,26.9,26.9,27.2,27.4,27.5,27.5,27.5,27.4,27.6,27.6,27.6,27.6,27.5,27.6,27.6,27.6,27.4,27.5,27.6,27.3,27.5,27.6,27.5,27.6,27.6,27.5,27.8,27.7,27.5,27.6,27.5,27.5,27.5,27.7,27.5,27.6,27.8,27.6,27.8,27.9,27.7,27.6,27.7,27.7,27.7,27.7,27.7,27.5,27.7,27.8,27.7,27.7,27.3,27.3,27.3,27.2,27.1,27.1,27.1,27.3,27.2,27.2,27.3,27.2,27.2,27.1,27.3,27.1,27.1,27.1,27.1,27.3,27.3,27.6,27.6,27.6,27.4,27.6,27.5,27.6,27.8,27.6,27.8,27.7,27.7,27.7,27.6,27.7,27.6,27.5,27.6,27.8,27.5,27.7,27.6,27.7,27.6,27.5,27.5,27.5,27.6,27.6,27.6,27.5,27.4,27.6,27.5,27.4,27.5,27.4,27.4,27.5,27.4,27.5,27.4,27.5,27.7,27.4,27.3,27.3,27.4,27.5,27.4,27.5,27.3,27.3,27.3,27.5,27.4,27.3,27.3,27.2
39,27.5,27.4,27.3,27.2,27.5,27.3,27.3,27.5,27.2,27.3,27.3,27.3,27.3,27.4,27.4,27.5,27.4,27.5,27.4,27.4,27.5,27.3,27.4,27.4,27.4,27.4,27.5,27.4,27.3,27.5,27.4,27.4,27.5,27.5,27.5,27.5,27.5,27.5,27.6,27.4,27.4,27.6,27.6,27.7,27.6,27.3,27.4,27.1,27.3,27.2,27.3,27.3,26.9,27.2,27.3,27.3,27.3,27.3,27.3,27.1,27.1,27.3,27.2,27.4,27.6,27.5,27.5,27.6,27.5,27.5,27.7,27.6,27.5,27.5,27.4,27.3,27.5,27.4,27.6,27.4,27.4,27.5,27.5,27.5,27.6,27.5,27.5,27.6,27.4,27.5,27.5,27.4,27.5,27.5,27.4,27.7,27.6,27.5,27.5,27.5,27.5,27.7,27.5,27.6,27.5,27.6,27.6,27.4,27.4,27.5,27.5,27.4,27.4,27.2,27.1,27.1,27.2,27.3,27.4,27.3,27.1,27.2,27.2,27.3,27.3,27.0,27.3,27.3,27.3,27.2,27.2,27.3,27.4,27.5,27.5,27.6,27.3,27.6,27.6,27.6,27.5,27.5,27.6,27.7,27.7,27.6,27.6,27.6,27.7,27.8,27.8,27.5,27.6,27.6,27.9,27.5,27.6,27.7,27.6,27.7,27.6,27.6,27.6,27.6,27.6,27.6,27.5,27.6,27.5,27.6,27.5,27.5,27.6,27.5,27.3,27.5,27.4,27.5,27.4,27.4,27.4,27.6,27.5,27.3,27.5,27.4,27.4,27.5,27.6,27.3,27.3,27.5
40,27.3,27.2,27.3,27.4,27.4,27.5,27.3,27.4,27.5,27.3,27.4,27.5,27.1,27.4,27.5,27.5,27.5,27.3,27.5,27.5,27.5,27.5,27.3,27.6,27.3,27.4,27.6,27.5,27.5,27.4,27.7,27.5,27.5,27.5,27.5,27.5,27.4,27.5,27.5,27.5,27.8,27.7,27.5,27.5,27.7,27.4,27.5,27.3,27.1,27.2,27.2,27.3,27.3,27.3,27.3,27.3,27.4,27.1,27.2,27.2,27.3,27.1,27.3,27.2,27.5,27.6,27.5,27.4,27.7,27.4,27.4,27.6,27.5,27.5,27.4,27.4,27.4,27.3,27.2,27.3,27.3,27.3,27.3,27.2,27.5,27.3,27.2,27.3,27.4,27.3,27.2,27.4,27.2,27.1,27.4,27.4,27.3,27.3,27.3,27.5,27.3,27.3,27.4,27.4,27.4,27.4,27.3,27.3,27.3,27.3,27.4,27.3,27.2,27.1,27.1,27.1,27.2,27.3,27.4,27.3,27.2,27.3,27.3,27.2,27.3,27.3,27.0,27.4,27.4,27.3,27.3,27.4,27.4,27.5,27.4,27.5,27.5,27.6,27.6,27.6,27.7,27.7,27.5,27.6,27.9,27.5,27.6,27.7,27.6,27.6,27.7,27.7,27.5,27.5,27.7,27.7,27.6,27.7,27.7,27.7,27.7,27.6,27.6,27.7,27.5,27.7,27.6,27.5,27.6,27.6,27.5,27.5,27.6,27.5,27.4,27.3,27.5,27.5,27.5,27.5,27.5,27.3,27.6,27.3,27.5,27.5,27.4,27.5,27.5,27.4,27.5,27.5
41,27.4,27.4,27.3,27.3,27.3,27.2,27.4,27.4,27.4,27.3,27.3,27.3,27.5,27.4,27.3,27.4,27.4,27.4,27.5,27.5,27.5,27.3,27.4,27.4,27.4,27.3,27.5,27.5,27.5,27.6,27.5,27.5,27.5,27.7,27.5,27.4,27.4,27.5,27.5,27.6,27.6,27.6,27.6,27.5,27.5,27.4,27.2,27.1,27.3,27.2,27.3,27.2,27.2,27.2,27.1,27.3,27.1,27.0,27.1,27.2,27.1,27.2,27.2,27.2,27.4,27.4,27.5,27.3,27.5,27.1,27.3,27.3,27.4,27.5,27.4,27.4,27.0,27.1,27.0,27.2,27.1,27.2,27.1,27.1,27.2,27.3,27.2,27.3,27.2,27.2,27.2,27.1,27.2,27.1,27.0,27.1,27.2,27.0,27.1,26.9,27.1,27.3,26.8,27.2,27.2,27.1,27.0,26.9,27.0,27.0,27.0,27.0,27.0,27.1,26.9,27.3,27.2,27.2,27.5,27.5,27.4,27.3,27.3,27.2,27.5,27.4,27.3,27.5,27.2,27.1,27.2,27.2,27.5,27.6,27.5,27.4,27.4,27.5,27.6,27.8,27.8,27.9,27.8,27.7,27.5,27.5,27.5,27.8,27.6,27.6,27.5,27.8,27.6,27.7,27.6,27.8,27.7,27.6,27.7,27.6,27.7,27.6,27.4,27.5,27.6,27.4,27.6,27.5,27.5,27.4,27.6,27.3,27.6,27.4,27.4,27.4,27.4,27.5,27.2,27.5,27.4,27.6,27.7,27.4,27.5,27.5,27.4,27.5,27.3,27.5,27.3,27.4
42,27.3,27.3,27.1,27.1,27.2,27.3,27.3,27.4,27.4,27.2,27.3,27.3,27.3,27.3,27.4,27.4,27.3,27.3,27.4,27.4,27.6,27.5,27.3,27.4,27.4,27.5,27.5,27.4,27.5,27.6,27.5,27.4,27.5,27.6,27.5,27.5,27.6,27.6,27.6,27.5,27.6,27.6,27.5,27.5,27.6,27.4,27.4,27.3,27.3,27.1,27.2,27.3,27.2,27.1,27.1,27.2,27.3,27.3,27.0,27.0,27.1,27.0,27.2,27.3,27.3,27.5,27.4,27.5,27.7,27.5,27.4,27.3,27.6,27.4,27.2,27.4,27.4,27.3,27.2,27.1,27.2,27.0,27.3,27.2,27.2,27.1,27.1,27.2,27.0,27.0,27.0,26.9,27.1,27.2,27.2,27.1,27.1,26.9,27.1,27.2,27.1,27.0,27.0,27.2,27.1,27.1,27.1,27.0,26.9,26.8,27.1,27.0,26.9,26.8,26.9,27.3,27.3,27.3,27.4,27.5,27.3,27.5,27.3,27.5,27.5,27.3,27.5,27.3,27.5,27.2,27.3,27.3,27.3,27.3,27.5,27.6,27.3,27.5,27.9,28.0,27.9,27.9,27.7,28.0,27.5,27.6,27.7,27.6,27.7,27.6,27.6,27.7,27.7,27.8,27.7,27.8,27.8,27.7,27.7,27.6,27.7,27.6,27.6,27.6,27.5,27.7,27.6,27.7,27.4,27.5,27.6,27.5,27.4,27.5,27.5,27.5,27.3,27.4,27.5,27.5,27.6,27.5,27.5,27.5,27.3,27.4,27.4,27.5,27.5,27.5,27.4,27.4
43,27.4,27.4,27.3,27.2,27.4,27.5,27.2,27.2,27.2,27.1,27.3,27.2,27.4,27.3,27.3,27.3,27.3,27.3,27.3,27.5,27.4,27.5,27.5,27.5,27.6,27.4,27.5,27.4,27.3,27.7,27.6,27.6,27.6,27.5,27.3,27.6,27.7,27.6,27.6,27.6,27.8,27.5,27.5,27.6,27.6,27.5,27.2,27.1,27.3,27.1,27.2,27.4,27.2,27.1,27.2,27.2,27.2,27.1,27.0,27.1,27.1,27.2,27.1,27.3,27.1,27.5,27.4,27.3,27.6,27.5,27.5,27.6,27.5,27.4,27.3,27.3,27.2,27.3,27.5,27.3,27.3,27.3,27.2,27.0,27.1,27.2,27.3,27.2,27.1,27.3,27.2,27.3,27.4,27.2,27.1,27.2,27.0,27.1,26.9,27.0,27.0,27.0,27.0,27.0,27.2,27.1,27.0,27.0,27.0,26.8,27.0,27.0,26.9,26.8,27.2,27.3,27.4,27.3,27.4,27.4,27.3,27.7,27.5,27.5,27.5,27.5,27.5,27.5,27.4,27.3,27.3,27.4,27.3,27.4,27.4,27.5,27.4,27.8,28.2,28.3,28.1,27.8,27.7,28.0,27.9,27.8,27.5,27.6,27.5,27.7,27.7,27.5,27.7,27.6,27.5,27.7,27.6,27.5,27.7,27.7,27.7,27.5,27.8,27.6,27.7,27.6,27.5,27.8,27.5,27.5,27.6,27.4,27.6,27.3,27.5,27.6,27.5,27.4,27.4,27.7,27.6,27.6,27.5,27.4,27.5,27.5,27.6,27.6,27.5,27.4,27.3,27.5
44,27.3,27.2,27.3,27.3,27.3,27.3,27.3,27.3,27.6,27.3,27.4,27.4,27.3,27.4,27.2,27.4,27.3,27.4,27.3,27.5,27.4,27.6,27.6,27.5,27.5,27.5,27.5,27.4,27.6,27.6,27.5,27.5,27.4,27.7,27.6,27.6,27.7,27.5,27.6,27.5,27.6,27.6,27.7,27.5,27.6,27.5,27.5,27.3,27.2,27.2,27.4,27.3,27.2,27.1,27.3,27.1,27.1,26.9,27.2,27.3,27.2,27.3,27.3,27.3,27.5,27.5,27.6,27.5,27.5,27.4,27.5,27.5,27.6,27.4,27.5,27.4,27.4,27.4,27.5,27.5,27.5,27.4,27.4,27.3,27.4,27.2,27.3,27.2,27.3,27.3,27.2,27.3,27.4,27.3,27.3,27.2,27.3,27.2,27.1,27.2,27.3,27.1,27.3,27.3,27.0,27.2,27.2,27.2,27.0,27.0,27.1,26.9,27.0,27.0,27.0,27.5,27.3,27.5,27.4,27.4,27.5,27.5,27.4,27.4,27.8,27.6,27.6,27.7,27.5,27.3,27.3,27.3,27.5,27.5,27.4,27.5,27.6,28.0,28.8,28.9,28.4,28.0,28.3,28.6,28.1,27.9,27.5,27.6,27.8,27.6,27.7,27.7,27.6,27.5,27.6,27.8,27.8,27.8,27.7,27.7,27.8,27.7,27.5,27.5,27.7,27.6,27.7,27.6,27.6,27.5,27.8,27.7,27.5,27.5,27.7,27.6,27.5,27.5,27.6,27.4,27.4,27.6,27.4,27.6,27.6,27.4,27.5,27.5,27.5,27.6,27.4,27.6
45,27.3,27.3,27.2,27.3,27.2,27.2,27.4,27.3,27.3,27.3,27.2,27.4,27.3,27.3,27.4,27.4,27.3,27.4,27.4,27.4,27.4,27.6,27.5,27.5,27.5,27.5,27.5,27.4,27.5,27.6,27.5,27.5,27.5,27.6,27.5,27.5,27.5,27.7,27.5,27.7,27.5,27.6,27.6,27.6,27.5,27.3,27.4,27.2,27.4,27.1,27.3,27.3,27.3,27.3,27.4,27.3,27.3,27.2,27.0,27.2,27.1,27.2,27.1,27.0,27.3,27.3,27.4,27.4,27.5,27.3,27.4,27.4,27.4,27.4,27.3,27.4,27.2,27.3,27.5,27.5,27.4,27.4,27.3,27.3,27.4,27.3,27.3,27.4,27.2,27.3,27.3,27.3,27.2,27.3,27.0,27.3,27.3,27.1,27.2,27.3,27.0,27.4,27.3,27.1,27.1,27.1,27.1,27.2,27.0,27.1,27.3,27.1,27.1,27.1,27.0,27.2,27.2,27.4,27.3,27.5,27.5,27.4,27.3,27.3,27.7,27.6,27.6,27.4,27.3,27.3,27.3,27.4,27.3,27.3,27.4,27.6,27.9,28.4,29.0,28.6,28.0,27.7,28.4,29.0,28.3,27.8,27.6,27.5,27.6,27.6,27.6,27.6,27.6,27.6,27.8,27.8,27.7,27.5,27.7,27.6,27.6,27.6,27.6,27.6,27.5,27.6,27.7,27.6,27.6,27.5,27.4,27.6,27.5,27.5,27.5,27.6,27.5,27.5,27.5,27.4,27.5,27.4,27.5,27.4,27.5,27.4,27.3,27.5,27.3,27.3,27.4,27.5
46,27.3,27.3,27.3,27.3,27.2,27.1,27.1,27.2,27.2,27.4,27.3,27.4,27.4,27.3,27.4,27.4,27.3,27.3,27.5,27.5,27.4,27.5,27.5,27.5,27.5,27.6,27.5,27.5,27.4,27.6,27.4,27.5,27.5,27.5,27.6,27.6,27.5,27.6,27.5,27.5,27.5,27.5,27.6,27.5,27.5,27.6,27.3,27.5,27.2,27.3,27.3,27.5,27.3,27.5,27.4,27.4,27.0,27.1,27.2,27.1,27.2,27.1,27.3,27.5,27.5,27.5,27.5,27.3,27.5,27.3,27.5,27.3,27.4,27.2,27.2,27.3,27.2,27.4,27.4,27.3,27.6,27.3,27.4,27.3,27.4,27.4,27.4,27.4,27.3,27.3,27.3,27.6,27.4,27.4,27.3,27.3,27.3,27.2,27.3,27.3,27.3,27.2,27.4,27.4,27.4,27.3,27.3,27.0,27.0,27.2,27.0,27.0,27.0,27.1,27.3,27.3,27.4,27.2,27.1,27.5,27.2,27.3,27.3,27.3,27.3,27.5,27.3,27.2,27.4,27.2,27.3,27.1,27.3,27.5,27.3,27.4,28.1,28.2,28.6,28.4,27.8,27.8,28.3,28.8,28.4,27.7,27.7,27.4,27.5,27.8,27.5,27.6,27.5,27.5,27.6,27.6,27.7,27.5,27.5,27.6,27.6,27.5,27.6,27.5,27.7,27.8,27.6,27.6,27.5,27.5,27.5,27.4,27.5,27.4,27.7,27.6,27.5,27.6,27.4,27.4,27.6,27.6,27.5,27.5,27.5,27.4,27.7,27.4,27.4,27.4,27.5,27.4
47,27.4,27.3,27.3,27.3,27.2,27.1,27.3,27.3,27.3,27.6,27.3,27.4,27.4,27.4,27.3,27.5,27.4,27.4,27.5,27.3,27.5,27.6,27.5,27.6,27.6,27.6,27.6,27.6,27.5,27.6,27.5,27.4,27.5,27.4,27.6,27.7,27.5,27.6,27.7,27.6,27.6,27.7,27.7,27.7,27.7,27.6,27.4,27.5,27.4,27.7,27.6,27.8,27.8,27.8,27.7,27.7,27.4,27.5,27.4,27.2,27.5,27.3,27.5,27.5,27.4,27.6,27.5,27.5,27.6,27.4,27.7,27.3,27.5,27.5,27.4,27.3,27.3,27.3,27.5,27.5,27.5,27.3,27.5,27.6,27.4,27.5,27.5,27.4,27.3,27.6,27.5,27.2,27.5,27.4,27.5,27.3,27.4,27.4,27.5,27.4,27.3,27.4,27.7,27.8,27.6,27.4,27.4,27.3,27.1,27.1,27.0,27.0,27.0,27.0,27.3,27.2,27.2,27.1,27.1,27.4,27.3,27.1,27.0,27.1,27.2,27.1,27.3,27.3,27.3,27.3,27.2,27.2,27.3,27.3,27.3,27.4,27.8,28.1,28.3,28.4,27.9,28.0,28.5,28.8,28.2,27.7,27.6,27.7,27.6,27.7,27.6,27.7,27.6,27.6,27.6,27.6,27.6,27.7,27.7,27.7,27.7,27.8,27.8,27.7,27.5,27.7,27.5,27.7,27.5,27.7,27.8,27.5,27.6,27.6,27.5,27.6,27.4,27.5,27.5,27.6,27.2,27.6,27.6,27.4,27.5,27.5,27.7,27.5,27.4,27.5,27.3,27.5
48,27.3,27.3,27.3,27.3,27.3,27.4,27.2,27.3,27.3,27.6,27.4,27.4,27.3,27.3,27.5,27.4,27.3,27.3,27.5,27.4,27.4,27.6,27.6,27.6,27.5,27.6,27.5,27.6,27.5,27.6,27.7,27.4,27.8,27.8,27.7,27.6,27.7,27.5,27.6,27.7,27.6,27.5,27.8,27.7,27.6,27.6,27.5,27.7,27.9,27.9,27.9,27.9,27.9,28.2,28.1,27.9,27.4,27.5,27.3,27.3,27.4,27.5,27.7,27.6,27.6,27.5,27.9,27.7,27.5,27.5,27.3,27.5,27.5,27.4,27.3,27.3,27.3,27.2,27.4,27.5,27.5,27.3,27.4,27.5,27.6,27.5,27.5,27.4,27.4,27.4,27.5,27.4,27.5,27.4,27.4,27.5,27.4,27.6,27.4,27.4,27.6,27.6,28.0,28.4,28.0,27.6,27.5,27.2,27.3,27.0,26.9,26.9,26.9,26.8,27.1,27.1,27.1,27.0,27.3,27.1,27.2,26.9,27.1,27.0,27.0,27.2,27.2,26.9,27.1,27.1,27.2,27.3,27.3,27.2,27.1,27.4,27.5,27.4,28.0,28.1,28.1,28.2,28.2,28.1,27.8,27.4,27.4,27.5,27.6,27.7,27.8,27.5,27.8,27.6,27.5,27.6,27.8,27.8,27.6,27.8,27.8,27.8,27.6,27.5,27.5,27.7,27.6,27.4,27.5,27.7,27.5,27.5,27.6,27.5,27.5,27.6,27.7,27.5,27.6,27.6,27.3,27.5,27.4,27.5,27.6,27.3,27.5,27.4,27.5,27.4,27.3,27.5
49,27.2,27.3,27.3,27.4,27.3,27.3,27.3,27.4,27.4,27.3,27.4,27.5,27.4,27.4,27.3,27.3,27.4,27.3,27.5,27.5,27.4,27.4,27.4,27.6,27.6,27.5,27.7,27.6,27.8,27.5,27.7,27.5,27.6,27.4,27.7,27.7,27.5,27.5,27.7,27.5,27.7,27.7,27.6,27.6,27.4,27.6,27.8,27.9,28.0,28.2,28.1,27.9,28.1,28.5,28.4,28.2,27.8,27.7,27.6,27.5,27.7,27.9,28.0,27.7,27.8,27.9,28.0,28.0,27.9,27.5,27.5,27.4,27.3,27.4,27.4,27.4,27.2,27.3,27.3,27.4,27.4,27.4,27.4,27.5,27.5,27.5,27.5,27.5,27.5,27.5,27.6,27.3,27.4,27.5,27.6,27.5,27.5,27.8,27.5,27.5,27.8,27.9,28.5,28.7,28.5,28.1,27.5,27.3,27.1,27.0,27.0,26.8,26.9,26.9,26.9,27.2,27.1,27.1,27.2,27.3,26.9,27.1,27.1,26.9,27.0,26.8,27.0,26.8,27.1,26.9,27.1,27.1,27.0,26.9,26.8,27.1,27.3,27.7,28.0,28.2,28.3,28.2,28.2,27.9,27.7,27.6,27.4,27.5,27.7,27.5,27.5,27.8,27.7,27.6,27.6,27.7,27.5,27.8,27.7,27.6,27.7,27.6,27.8,27.6,27.8,27.6,27.5,27.6,27.7,27.7,27.6,27.5,27.5,27.6,27.5,27.5,27.5,27.6,27.5,27.3,27.3,27.5,27.4,27.4,27.5,27.3,27.5,27.4,27.5,27.3,27.6,27.5
50,27.3,27.4,27.3,27.4,27.3,27.3,27.3,27.3,27.2,27.4,27.5,27.4,27.5,27.3,27.5,27.4,27.5,27.4,27.5,27.5,27.6,27.6,27.5,27.5,27.5,27.6,27.5,27.7,27.7,27.5,27.5,27.5,27.6,27.7,27.7,27.5,27.7,27.6,27.7,27.6,27.7,27.7,27.7,27.6,27.7,27.7,27.8,28.1,28.4,28.2,28.3,28.0,27.9,28.4,28.6,28.6,27.9,27.7,27.4,27.7,27.8,28.1,28.1,28.0,27.7,27.8,28.1,28.4,28.2,27.6,27.5,27.4,27.4,27.5,27.3,27.4,27.3,27.2,27.3,27.3,27.3,27.6,27.5,27.4,27.4,27.3,27.5,27.5,27.6,27.7,27.3,27.5,27.5,27.5,27.6,27.7,27.8,27.7,27.5,27.5,27.6,28.0,28.7,29.4,28.9,28.2,27.5,27.2,27.3,27.0,26.9,26.9,27.1,27.1,27.1,27.1,27.2,27.1,27.1,27.1,27.1,26.9,26.9,27.0,27.1,27.0,27.1,27.0,27.0,27.0,27.0,26.9,26.9,26.7,26.8,27.0,27.4,28.0,28.7,28.8,28.7,28.5,28.4,28.4,28.0,27.7,27.4,27.6,27.8,27.7,27.6,27.6,27.5,27.7,27.7,27.7,27.7,27.7,27.7,27.6,27.7,27.8,27.8,27.9,27.8,27.6,27.6,27.8,27.5,27.5,27.5,27.6,27.5,27.6,27.6,27.7,27.5,27.5,27.5,27.6,27.5,27.5,27.5,27.5,27.5,27.5,27.4,27.4,27.4,27.4,27.5,27.5
51,27.4,27.2,27.3,27.3,27.2,27.2,27.4,27.2,27.3,27.5,27.3,27.3,27.3,27.4,27.3,27.4,27.3,27.2,27.6,27.5,27.5,27.6,27.5,27.6,27.5,27.7,27.7,27.5,27.6,27.7,27.6,27.6,27.6,27.5,27.7,27.6,27.6,27.7,27.7,27.7,27.6,27.6,27.6,27.6,27.7,27.6,27.8,28.2,28.4,28.4,27.9,27.8,27.7,28.0,28.4,28.6,28.0,27.5,27.6,27.6,27.9,28.4,28.4,28.0,27.8,27.8,28.1,28.5,28.2,27.9,27.8,27.5,27.2,27.3,27.3,27.3,27.2,27.3,27.2,27.3,27.6,27.4,27.4,27.5,27.5,27.5,27.5,27.4,27.6,27.7,27.4,27.5,27.5,27.6,27.5,27.8,27.6,27.8,27.6,27.7,27.5,28.0,28.7,29.2,28.9,28.0,27.6,27.4,27.3,27.1,27.1,27.1,27.2,27.0,27.1,27.0,27.2,27.1,27.2,27.2,27.3,27.4,27.2,27.1,27.1,26.9,27.0,27.1,27.0,27.0,27.1,26.9,26.7,26.6,26.5,26.9,27.7,28.7,29.2,29.2,29.2,29.0,28.8,28.6,28.1,27.8,27.4,27.4,27.4,27.5,27.7,27.7,27.6,27.6,27.6,27.5,27.7,27.8,27.8,27.6,27.8,27.8,27.6,27.6,27.8,27.7,27.5,27.6,27.6,27.6,27.6,27.5,27.6,27.7,27.5,27.5,27.6,27.4,27.6,27.6,27.3,27.4,27.5,27.6,27.7,27.5,27.4,27.6,27.4,27.5,27.3,27.4
52,27.4,27.4,27.2,27.5,27.4,27.5,27.3,27.4,27.5,27.4,27.6,27.3,27.4,27.7,27.6,27.5,27.5,27.4,27.5,27.5,27.6,27.7,27.5,27.6,27.7,27.6,27.7,27.7,27.7,27.7,27.7,27.5,27.5,27.6,27.7,27.5,27.8,27.8,27.7,27.7,27.7,27.7,27.8,27.7,27.5,27.7,27.7,28.2,28.5,28.1,27.8,27.8,27.7,28.0,28.2,28.4,28.0,27.5,27.4,27.8,28.0,28.1,28.3,28.2,27.7,27.8,27.8,28.4,28.0,27.8,27.5,27.3,27.4,27.4,27.3,27.3,27.1,27.2,27.2,27.3,27.5,27.5,27.4,27.5,27.5,27.4,27.5,27.6,27.4,27.5,27.6,27.4,27.5,27.6,27.5,27.5,27.6,27.7,27.6,27.7,27.8,27.9,28.5,28.8,28.5,27.8,27.5,27.3,27.2,27.3,27.1,27.2,27.1,27.1,27.3,27.2,27.2,27.1,26.9,27.2,27.1,27.2,27.2,27.2,27.2,27.0,27.1,27.2,27.0,27.0,27.1,27.0,26.9,26.5,26.6,27.0,28.2,29.1,28.9,28.5,28.4,28.7,28.9,28.9,28.4,27.9,27.5,27.5,27.5,27.5,27.6,27.7,27.6,27.6,27.6,27.6,27.7,27.6,27.7,27.6,27.9,27.7,27.6,27.8,27.7,27.8,27.6,27.5,27.5,27.4,27.6,27.5,27.5,27.7,27.3,27.6,27.8,27.7,27.7,27.6,27.5,27.6,27.4,27.5,27.5,27.4,27.6,27.4,27.6,27.4,27.4,27.5
53,27.2,27.3,27.4,27.4,27.3,27.2,27.3,27.3,27.3,27.4,27.4,27.4,27.4,27.5,27.5,27.5,27.5,27.5,27.7,27.4,27.5,27.6,27.5,27.7,27.7,27.6,27.7,27.7,27.7,27.7,27.7,27.6,27.6,27.6,27.5,27.6,27.7,27.5,27.6,27.6,27.6,27.6,27.6,27.7,27.7,27.7,27.7,28.0,28.2,28.3,27.8,27.7,27.8,27.9,28.1,28.1,27.7,27.6,27.4,27.5,27.8,28.0,28.1,28.0,27.8,27.8,28.0,27.9,28.1,27.7,27.6,27.4,27.5,27.5,27.4,27.5,27.3,27.2,27.3,27.3,27.5,27.5,27.5,27.6,27.6,27.4,27.5,27.4,27.5,27.5,27.5,27.5,27.5,27.5,27.6,27.4,27.6,27.8,27.6,27.6,27.5,27.7,27.8,27.8,27.8,27.6,27.5,27.3,27.3,27.1,26.9,27.1,27.2,27.1,27.4,27.3,27.3,27.3,27.3,27.1,27.1,27.2,27.2,27.1,27.1,27.2,27.3,27.1,27.2,27.1,27.2,27.2,26.9,26.7,26.7,27.2,28.5,28.9,28.6,28.0,27.8,27.9,28.7,29.4,28.9,28.3,27.7,27.4,27.3,27.6,27.6,27.7,27.8,27.7,27.6,27.7,27.6,27.6,27.6,27.7,27.8,27.6,27.7,27.6,27.7,27.8,27.6,27.8,27.7,27.5,27.7,27.5,27.4,27.6,27.6,27.5,27.5,27.7,27.5,27.7,27.5,27.5,27.5,27.5,27.6,27.5,27.5,27.4,27.5,27.4,27.5,27.5
54,27.3,27.3,27.4,27.1,27.3,27.4,27.3,27.4,27.5,27.5,27.5,27.4,27.3,27.7,27.6,27.5,27.5,27.5,27.6,27.5,27.7,27.8,27.5,27.7,27.8,27.7,27.7,27.7,27.5,27.7,27.7,27.7,27.8,27.8,27.8,27.8,27.6,27.8,27.7,27.7,27.5,27.5,27.6,27.5,27.6,27.4,27.4,27.7,27.9,27.9,27.7,27.5,27.5,27.7,27.9,27.9,27.6,27.4,27.5,27.4,27.6,27.5,27.5,27.6,27.6,27.5,27.6,27.6,27.6,27.4,27.7,27.3,27.3,27.4,27.3,27.3,27.4,27.4,27.3,27.1,27.4,27.5,27.5,27.4,27.5,27.5,27.6,27.5,27.4,27.5,27.2,27.4,27.5,27.5,27.6,27.5,27.7,27.6,27.5,27.3,27.4,27.4,27.6,27.7,27.5,27.5,27.3,27.2,27.1,27.0,27.2,27.0,27.1,27.2,27.0,27.1,27.2,27.0,27.1,27.3,27.0,27.1,27.1,27.1,27.2,27.1,27.2,27.2,27.2,27.1,27.2,27.0,26.9,26.7,26.8,27.5,28.5,28.9,28.4,27.9,27.8,27.8,28.4,29.5,29.2,28.1,27.8,27.6,27.6,27.4,27.7,27.6,27.6,27.6,27.6,27.6,27.6,27.6,27.7,27.7,27.6,27.5,27.6,27.8,27.5,27.7,27.8,27.7,27.8,27.7,27.5,27.6,27.6,27.6,27.6,27.5,27.5,27.6,27.5,27.5,27.7,27.6,27.5,27.4,27.5,27.4,27.3,27.7,27.5,27.6,27.6,27.5
55,27.3,27.5,27.3,27.3,27.4,27.3,27.5,27.3,27.3,27.5,27.2,27.5,27.6,27.5,27.6,27.5,27.5,27.6,27.6,27.5,27.5,27.5,27.6,27.5,27.6,27.7,27.7,27.8,27.5,27.7,27.8,27.7,27.6,27.7,27.6,27.8,27.6,27.8,27.6,27.5,27.4,27.2,27.3,27.3,27.4,27.4,27.2,27.5,27.6,27.6,27.4,27.3,27.5,27.3,27.4,27.4,27.5,27.1,27.3,27.4,27.5,27.5,27.4,27.6,27.4,27.3,27.4,27.4,27.5,27.4,27.4,27.5,27.4,27.4,27.5,27.4,27.5,27.2,27.2,27.4,27.3,27.4,27.4,27.3,27.5,27.4,27.5,27.5,27.4,27.4,27.4,27.3,27.5,27.4,27.5,27.4,27.3,27.5,27.4,27.4,27.3,27.3,27.4,27.5,27.4,27.2,27.4,27.1,27.2,27.2,27.0,27.1,27.2,27.3,27.1,27.2,27.1,27.1,27.2,27.3,27.1,27.3,27.3,26.9,27.2,27.3,27.0,27.1,27.2,27.1,27.2,27.0,27.0,26.7,26.8,27.3,28.3,28.8,28.5,28.2,28.0,27.8,28.6,29.4,29.0,28.0,27.5,27.4,27.5,27.6,27.5,27.7,27.5,27.7,27.6,27.7,27.6,27.6,27.8,27.7,27.9,27.8,27.7,27.8,27.8,27.8,27.8,27.7,27.7,27.7,27.8,27.6,27.7,27.5,27.5,27.5,27.7,27.6,27.5,27.5,27.5,27.6,27.8,27.6,27.5,27.3,27.5,27.5,27.5,27.3,27.4,27.4
56,27.4,27.4,27.4,27.5,27.5,27.5,27.4,27.5,27.4,27.4,27.4,27.5,27.5,27.5,27.7,27.5,27.5,27.5,27.7,27.5,27.5,27.5,27.4,27.6,27.7,27.9,27.6,27.6,27.6,27.8,27.8,27.8,27.6,27.7,27.8,27.5,27.6,27.6,27.7,27.2,27.5,27.3,27.2,27.2,27.3,27.4,27.3,27.3,27.4,27.5,27.5,27.3,27.4,27.4,27.3,27.3,27.1,27.3,27.1,27.2,27.6,27.3,27.3,27.2,27.3,27.3,27.3,27.2,27.3,27.4,27.4,27.4,27.4,27.3,27.5,27.4,27.4,27.4,27.4,27.3,27.1,27.3,27.4,27.5,27.3,27.4,27.5,27.3,27.3,27.4,27.3,27.3,27.3,27.4,27.3,27.3,27.2,27.4,27.2,27.3,27.4,27.4,27.3,27.3,27.3,27.3,27.4,27.1,26.9,27.2,26.9,27.2,27.0,27.1,27.1,27.0,27.3,27.0,27.2,27.2,27.1,27.2,27.2,27.1,27.1,27.1,27.1,27.1,27.1,27.1,27.1,27.1,26.9,26.9,26.9,27.0,28.2,28.6,28.4,28.3,28.1,28.1,28.8,29.1,28.5,27.8,27.5,27.5,27.5,27.7,27.5,27.6,27.5,27.6,27.7,27.7,27.5,27.9,27.9,27.8,27.7,27.7,27.9,27.8,27.6,27.7,27.5,27.8,27.6,27.7,27.6,27.7,27.7,27.7,27.8,27.5,27.5,27.6,27.5,27.6,27.5,27.5,27.4,27.6,27.5,27.4,27.4,27.4,27.6,27.4,27.5,27.5
57,27.3,27.4,27.4,27.5,27.3,27.5,27.5,27.5,27.5,27.5,27.3,27.3,27.4,27.5,27.5,27.5,27.5,27.6,27.7,27.6,27.6,27.5,27.4,27.7,27.7,27.7,27.7,27.8,27.7,27.8,27.8,27.7,27.7,27.7,27.8,27.7,27.8,27.7,27.5,27.4,27.4,27.3,27.1,27.4,27.3,27.3,27.2,27.2,27.3,27.4,27.3,27.3,27.4,27.4,27.3,27.3,27.1,27.3,27.2,27.1,27.4,27.4,27.2,27.3,27.3,27.2,27.2,27.1,27.2,27.0,27.4,27.4,27.4,27.3,27.2,27.4,27.2,27.1,27.3,27.3,27.1,27.1,27.2,27.4,27.4,27.4,27.1,27.4,27.2,27.3,27.3,27.4,27.2,27.2,27.1,27.3,27.1,27.4,27.1,27.2,27.1,27.2,27.3,27.3,27.2,27.2,27.2,27.1,27.0,27.2,27.1,27.2,27.2,27.1,27.2,27.0,26.9,27.1,27.1,27.1,27.0,27.3,27.1,27.1,27.3,27.1,27.2,27.2,27.2,27.1,27.3,27.1,27.0,26.9,26.9,27.2,27.6,28.4,28.5,28.1,28.1,28.3,28.7,28.6,27.9,27.3,27.4,27.3,27.3,27.5,27.5,27.6,27.5,27.5,27.6,27.8,27.7,27.9,27.7,27.7,27.6,27.7,27.8,27.8,27.8,27.8,27.7,27.7,27.6,27.5,27.6,27.5,27.6,27.7,27.5,27.4,27.5,27.5,27.4,27.5,27.5,27.6,27.7,27.6,27.5,27.4,27.6,27.5,27.5,27.3,27.4,27.4
58,27.3,27.5,27.5,27.3,27.4,27.3,27.4,27.3,27.5,27.4,27.5,27.5,27.4,27.6,27.5,27.5,27.6,27.5,27.6,27.6,27.6,27.5,27.7,27.6,27.5,27.6,27.6,27.6,27.8,27.8,27.8,27.9,27.8,27.7,27.7,27.6,27.8,27.6,27.5,27.3,27.3,27.1,27.3,27.2,27.3,27.3,27.1,27.3,27.4,27.3,27.3,27.2,27.3,27.3,27.3,27.3,27.3,27.2,27.1,27.1,27.0,27.2,27.3,27.2,27.3,27.3,27.3,27.3,27.2,27.3,27.3,27.4,27.3,27.2,27.4,27.0,27.2,27.2,27.4,27.5,27.2,27.3,27.3,27.1,27.3,27.2,27.3,27.3,27.2,27.3,27.2,27.2,27.4,27.4,27.2,27.3,27.2,27.2,27.1,27.3,27.3,27.3,27.3,27.3,27.1,27.3,27.2,27.1,27.0,27.0,27.0,27.0,27.1,27.3,27.1,27.2,27.3,27.2,27.1,27.2,27.2,27.2,27.0,27.2,27.3,27.0,27.0,27.0,27.1,27.1,27.0,27.0,27.2,26.8,26.9,26.9,27.2,27.5,27.8,27.7,27.7,28.0,27.9,27.8,27.4,27.3,27.1,27.3,27.3,27.5,27.5,27.5,27.5,27.6,27.7,27.6,27.7,27.8,27.7,27.8,27.9,27.6,27.5,27.7,27.8,27.7,27.7,27.8,27.8,27.7,27.5,27.5,27.8,27.8,27.6,27.6,27.5,27.5,27.6,27.5,27.6,27.5,27.4,27.6,27.5,27.5,27.5,27.5,27.7,27.5,27.3,27.8
59,27.3,27.4,27.4,27.2,27.3,27.3,27.5,27.5,27.4,27.5,27.3,27.6,27.5,27.5,27.5,27.5,27.6,27.6,27.8,27.5,27.7,27.6,27.6,27.7,27.6,27.7,27.6,27.6,27.7,27.9,27.8,27.8,27.8,27.8,27.8,27.8,27.7,27.7,27.5,27.6,27.5,27.4,27.3,27.0,27.3,27.2,27.3,27.1,27.3,27.1,27.1,27.2,27.2,27.1,27.3,27.2,27.3,27.2,26.9,27.0,27.3,27.2,27.1,27.2,27.3,27.1,27.2,27.1,27.1,27.2,27.3,27.5,27.4,27.3,27.4,27.3,27.3,27.0,27.3,27.2,27.2,27.2,27.3,27.3,27.1,27.3,27.4,27.3,27.3,27.3,27.4,27.4,27.3,27.3,27.3,27.2,27.2,27.3,27.1,27.3,27.2,27.1,27.3,27.2,27.1,27.3,27.2,27.0,27.0,27.1,27.1,27.0,27.0,27.1,27.2,27.1,27.1,27.0,27.0,27.1,27.0,27.0,27.0,27.1,27.0,27.0,27.0,27.0,27.1,27.2,27.2,26.9,27.1,27.0,26.9,26.9,27.1,27.1,27.2,27.1,27.2,27.3,27.3,27.2,27.3,27.1,27.2,27.3,27.5,27.5,27.6,27.8,27.5,27.6,27.6,27.8,27.6,27.7,27.8,27.8,27.8,27.6,27.8,27.7,27.7,27.5,27.5,27.7,27.8,27.8,27.7,27.7,27.7,27.8,27.6,27.5,27.5,27.5,27.5,27.5,27.5,27.4,27.5,27.5,27.4,27.5,27.7,27.5,27.4,27.2,27.3,27.5
60,27.4,27.5,27.5,27.2,27.3,27.4,27.4,27.4,27.3,27.5,27.5,27.5,27.5,27.3,27.5,27.6,27.7,27.4,27.7,27.4,27.7,27.6,27.6,27.7,27.7,27.5,27.6,27.7,27.6,28.0,27.7,27.8,27.7,27.8,27.9,27.9,27.7,27.7,27.3,27.4,27.3,27.4,27.4,27.3,27.3,27.2,27.5,27.1,27.1,27.0,27.1,27.1,27.2,27.2,27.4,27.4,27.1,27.3,26.9,27.1,27.3,27.3,27.3,27.1,27.2,27.1,27.2,27.3,27.2,27.3,27.2,27.2,27.3,27.2,27.2,27.2,27.3,27.3,27.2,27.3,27.2,27.2,27.1,27.1,27.2,27.2,27.3,27.2,27.3,27.2,27.3,27.2,27.2,27.3,27.3,27.3,27.2,27.2,27.3,27.2,27.3,27.3,27.3,27.2,27.3,27.2,27.2,27.1,26.9,27.1,27.0,27.0,27.1,27.0,26.8,27.0,27.1,27.0,27.0,27.1,27.0,27.0,27.2,27.0,27.1,26.9,27.0,26.9,27.0,27.1,27.2,27.0,27.0,27.0,27.0,26.9,27.0,27.0,26.9,27.0,27.1,26.9,26.9,26.9,26.9,26.8,27.1,27.2,27.4,27.5,27.5,27.5,27.6,27.5,27.6,27.8,27.6,27.7,27.8,27.6,27.7,27.8,27.6,27.7,27.7,27.7,27.5,27.5,27.8,27.9,27.7,27.7,27.8,27.7,27.7,27.4,27.5,27.7,27.6,27.6,27.5,27.5,27.5,27.6,27.6,27.5,27.4,27.6,27.6,27.5,27.4,27.5
61,27.3,27.2,27.4,27.5,27.4,27.5,27.5,27.5,27.4,27.5,27.4,27.4,27.5,27.5,27.5,27.4,27.6,27.7,27.6,27.6,27.7,27.7,27.7,27.8,27.7,27.7,27.7,27.6,27.8,27.8,27.8,27.8,27.8,27.8,27.9,27.9,27.7,27.6,27.6,27.4,27.2,27.3,27.3,27.3,27.3,27.1,27.2,27.1,27.3,27.2,27.3,27.3,27.3,27.1,27.3,27.3,27.2,27.2,27.0,27.0,27.1,27.1,27.1,27.0,27.0,27.2,27.2,27.3,27.3,27.2,27.3,27.3,27.3,27.3,27.3,27.3,27.3,27.3,27.3,27.2,27.3,27.2,27.2,27.3,27.1,27.3,27.2,27.3,27.2,27.2,27.4,27.1,27.3,27.5,27.3,27.3,27.3,27.2,27.2,27.2,27.4,27.3,27.3,27.3,27.3,27.3,27.1,27.1,27.1,27.3,27.2,27.0,27.1,26.9,27.0,27.2,27.2,27.0,27.0,27.2,27.3,27.2,27.0,27.2,27.3,27.1,27.1,27.1,27.1,27.1,27.2,26.9,26.8,26.9,27.0,27.0,26.9,26.9,26.9,26.8,27.0,26.8,26.9,26.8,26.8,26.9,27.0,27.3,27.5,27.6,27.5,27.5,27.6,27.6,27.5,27.7,27.6,27.7,27.7,27.7,27.8,27.7,27.6,27.8,27.8,27.7,27.8,27.8,27.6,27.8,27.7,27.7,27.8,27.6,27.6,27.7,27.5,27.5,27.5,27.6,27.5,27.5,27.5,27.5,27.7,27.4,27.6,27.6,27.6,27.4,27.5,27.4
62,27.6,27.5,27.4,27.5,27.5,27.5,27.6,27.6,27.6,27.8,27.7,27.5,27.6,27.5,27.7,27.5,27.6,27.7,27.8,27.8,27.8,27.6,27.8,27.8,27.6,27.9,27.8,27.8,27.8,27.7,27.9,27.9,27.8,27.8,27.9,27.7,27.8,27.7,27.5,27.4,27.4,27.3,27.3,27.4,27.3,27.1,27.5,27.3,27.2,27.3,27.1,27.4,27.2,27.3,27.5,27.3,27.3,27.2,27.0,27.0,27.3,27.3,27.0,27.1,27.3,27.2,27.3,27.2,27.3,27.1,27.5,27.3,27.3,27.4,27.4,27.3,27.3,27.1,27.2,27.3,27.3,27.3,27.5,27.3,27.3,27.4,27.4,27.3,27.2,27.4,27.3,27.2,27.3,27.3,27.3,27.0,27.4,27.3,27.4,27.5,27.2,27.4,27.3,27.3,27.1,27.3,27.2,27.1,27.1,27.0,27.0,27.1,27.2,27.1,27.1,27.1,27.1,27.3,27.2,27.2,27.1,27.2,27.0,27.1,27.1,27.1,27.1,26.9,27.3,27.0,27.3,27.1,27.2,27.0,27.0,27.0,26.8,26.9,26.8,26.9,27.1,27.0,26.9,26.6,26.9,26.9,27.0,27.3,27.6,27.6,27.4,27.5,27.6,27.5,27.5,27.5,27.8,27.7,27.7,27.6,27.9,27.7,27.8,27.8,27.8,27.8,27.9,27.7,27.8,27.7,27.7,27.7,27.5,27.5,27.6,27.5,27.6,27.5,27.6,27.5,27.5,27.8,27.6,27.6,27.7,27.6,27.6,27.7,27.6,27.6,27.5,27.4
63,27.5,27.4,27.4,27.5,27.2,27.5,27.4,27.6,27.5,27.4,27.5,27.5,27.7,27.6,27.5,27.6,27.5,27.6,27.8,27.7,27.8,27.8,27.8,27.9,27.7,27.9,27.8,27.8,27.9,27.8,27.8,27.9,28.0,27.9,27.9,27.8,27.8,27.5,27.5,27.2,27.4,27.3,27.2,27.1,27.2,27.1,27.2,27.1,27.2,27.3,27.3,27.2,27.2,27.2,27.2,27.2,27.3,27.2,27.0,27.1,27.1,27.2,27.2,27.3,27.2,27.2,27.2,27.3,27.2,27.2,27.4,27.3,27.2,27.2,27.3,27.3,27.3,27.2,27.2,27.3,27.1,27.1,27.3,27.2,27.4,27.3,27.4,27.1,27.3,27.2,27.3,27.3,27.2,27.2,27.3,27.2,27.2,27.3,27.4,27.4,27.1,27.3,27.4,27.3,27.3,27.2,27.2,27.0,27.1,27.0,27.2,27.0,26.9,27.1,27.0,27.0,27.3,27.2,27.2,27.3,27.0,27.2,27.1,27.3,27.3,27.1,26.9,27.1,27.1,27.1,27.1,27.0,27.2,27.0,26.8,26.9,26.8,26.8,27.0,26.9,26.8,26.7,26.8,26.6,26.9,27.1,26.9,27.3,27.1,27.6,27.5,27.4,27.5,27.6,27.5,27.7,27.5,27.6,27.7,27.6,27.8,27.8,27.8,27.8,27.7,27.8,27.7,27.7,27.8,27.8,27.8,27.6,27.7,27.6,27.6,27.6,27.5,27.6,27.5,27.4,27.4,27.5,27.6,27.5,27.5,27.5,27.5,27.6,27.4,27.4,27.5,27.6
64,27.5,27.5,27.3,27.3,27.4,27.5,27.5,27.5,27.5,27.5,27.5,27.5,27.4,27.5,27.6,27.8,27.5,27.4,27.7,27.5,27.6,27.9,27.9,27.7,27.7,27.7,27.8,27.8,28.0,27.9,27.8,27.8,27.9,27.9,28.0,28.0,27.7,27.6,27.3,27.4,27.3,27.3,27.4,27.2,27.2,27.2,27.3,27.3,27.3,27.2,27.2,27.3,27.2,27.1,27.1,27.1,27.2,27.0,26.9,27.0,27.1,27.2,26.9,27.1,27.0,27.2,27.3,27.4,27.3,27.3,27.3,27.3,27.3,27.2,27.3,27.3,27.4,27.4,27.3,27.3,27.2,27.1,27.3,27.2,27.2,27.3,27.2,27.4,27.2,27.2,27.3,27.2,27.3,27.1,27.2,27.1,27.1,27.2,27.3,27.2,27.2,27.2,27.3,27.3,27.0,27.1,27.2,27.0,27.0,27.2,27.0,27.1,26.9,27.0,26.9,27.0,27.1,27.2,27.1,27.1,27.0,27.2,27.1,27.2,27.1,27.1,27.2,27.1,27.1,27.1,27.3,27.1,26.9,26.9,27.1,27.0,26.9,26.8,26.8,26.8,26.9,27.1,26.8,26.8,26.7,26.8,27.1,27.3,27.3,27.4,27.4,27.5,27.4,27.5,27.8,27.5,27.5,27.6,27.7,27.7,27.8,27.8,27.8,27.7,27.6,27.7,27.7,27.6,27.5,27.6,27.5,27.5,27.6,27.6,27.6,27.5,27.4,27.4,27.6,27.6,27.6,27.4,27.5,27.5,27.6,27.6,27.5,27.5,27.5,27.4,27.5,27.4
65,27.5,27.5,27.4,27.4,27.5,27.5,27.5,27.6,27.6,27.6,27.6,27.6,27.6,27.5,27.5,27.6,27.6,27.7,27.6,27.7,27.8,27.8,27.8,27.8,27.8,27.8,27.7,27.8,27.8,27.9,27.9,27.7,28.1,28.0,28.0,28.1,28.0,27.7,27.6,27.2,27.3,27.1,27.1,27.3,27.3,27.3,27.3,27.3,27.2,27.3,27.1,27.2,27.2,27.2,27.2,27.3,27.1,27.1,26.7,26.9,27.1,27.4,27.1,27.2,27.0,27.0,27.2,27.1,27.4,27.2,27.4,27.1,27.2,27.3,27.2,27.3,27.3,27.4,27.2,27.2,27.1,27.1,27.0,27.1,27.4,27.4,27.3,27.3,27.3,27.4,27.3,27.2,27.4,27.3,27.4,27.3,27.2,27.2,27.3,27.2,27.2,27.2,27.2,27.4,27.3,27.3,27.3,27.0,27.3,27.3,27.1,27.0,27.1,26.9,27.2,27.0,27.1,27.1,27.1,27.3,27.1,27.2,27.1,27.1,27.1,27.1,27.1,27.1,27.1,27.1,27.2,27.0,27.0,27.1,26.9,27.2,26.8,26.8,26.8,26.8,26.9,27.0,26.8,26.8,26.9,26.8,27.0,27.3,27.4,27.4,27.4,27.7,27.6,27.7,27.4,27.5,27.6,27.7,27.8,27.8,27.8,27.8,27.5,27.8,27.8,27.7,27.6,27.7,27.8,27.6,27.6,27.6,27.6,27.8,27.8,27.6,27.8,27.8,27.6,27.5,27.5,27.6,27.5,27.6,27.4,27.4,27.5,27.5,27.5,27.6,27.4,27.6
66,27.4,27.5,27.6,27.6,27.5,27.5,27.5,27.7,27.6,27.6,27.6,27.7,27.6,27.8,27.6,27.7,27.7,27.7,27.7,27.8,27.8,27.9,27.8,27.8,27.8,27.8,27.8,27.7,27.7,27.8,27.9,27.9,27.9,27.8,28.1,28.0,27.8,27.7,27.5,27.5,27.1,27.3,27.3,27.3,27.2,27.3,27.3,27.1,27.4,27.2,27.3,27.5,27.2,27.2,27.3,27.3,27.1,26.9,26.9,26.9,27.3,27.3,27.3,27.0,27.1,27.2,27.2,27.3,27.2,27.2,27.4,27.2,27.3,27.4,27.3,27.3,27.3,27.2,27.2,27.1,27.2,27.3,27.3,27.2,27.4,27.2,27.3,27.3,27.3,27.3,27.3,27.2,27.2,27.4,27.4,27.3,27.1,27.2,27.1,27.2,26.9,27.1,27.3,27.3,27.1,27.3,27.3,27.2,27.2,27.2,27.1,27.1,27.2,27.0,27.1,27.0,27.1,27.0,27.0,27.1,27.1,27.0,27.1,27.0,27.1,27.1,27.2,27.1,27.2,27.1,27.1,27.1,27.2,27.0,27.1,27.0,26.8,26.9,26.8,27.0,26.9,26.9,26.7,26.7,26.9,26.8,26.9,27.2,27.5,27.5,27.5,27.5,27.6,27.5,27.6,27.6,27.8,27.8,27.5,27.6,27.9,27.8,27.9,27.7,27.8,27.7,27.7,27.8,27.7,27.6,27.6,27.5,27.5,27.6,27.6,27.6,27.7,27.7,27.5,27.6,27.6,27.6,27.6,27.5,27.5,27.5,27.5,27.3,27.5,27.5,27.5,27.5
67,27.4,27.5,27.4,27.6,27.6,27.5,27.5,27.5,27.5,27.6,27.6,27.6,27.7,27.8,27.7,27.8,27.7,27.8,27.6,27.7,27.9,28.0,27.9,27.7,27.9,27.8,27.9,27.7,27.9,28.0,28.0,28.0,28.1,28.1,28.1,27.9,27.9,27.8,27.5,27.4,27.4,27.3,27.2,27.1,27.4,27.2,27.2,27.4,27.3,27.3,27.3,27.2,27.0,27.3,27.4,27.3,27.3,26.9,27.0,27.0,27.2,27.2,27.2,27.2,27.0,27.3,27.4,27.2,27.3,27.4,27.5,27.3,27.3,27.3,27.3,27.3,27.2,27.3,27.1,27.2,27.3,27.2,27.2,27.2,27.3,27.3,27.4,27.3,27.2,27.3,27.4,27.2,27.3,27.3,27.3,27.3,27.2,27.3,27.2,27.3,27.3,27.3,27.0,27.2,27.1,27.2,27.1,27.2,26.9,27.1,27.1,27.2,27.1,27.0,27.1,26.9,27.0,27.1,27.2,27.1,27.2,27.1,27.1,27.0,27.3,27.2,27.1,27.1,27.2,27.2,27.2,27.3,27.1,27.0,27.0,27.0,26.9,26.9,26.9,26.9,26.9,27.0,26.8,26.8,26.9,27.0,26.9,27.2,27.4,27.6,27.4,27.6,27.6,27.6,27.8,27.7,27.6,27.7,27.8,27.5,27.8,27.6,27.7,27.8,27.9,27.7,27.8,27.7,27.5,27.6,27.8,27.6,27.7,27.7,27.5,27.7,27.5,27.6,27.6,27.5,27.4,27.6,27.6,27.5,27.6,27.5,27.6,27.5,27.4,27.7,27.5,27.5
68,27.6,27.5,27.3,27.5,27.5,27.4,27.6,27.6,27.6,27.5,27.5,27.8,27.5,27.6,27.6,27.6,27.8,27.9,27.7,27.6,27.8,27.8,27.8,27.8,27.9,27.9,28.0,28.0,28.0,27.9,28.0,27.9,28.0,27.9,28.0,27.9,27.8,27.8,27.5,27.3,27.3,27.3,27.4,27.3,27.2,27.3,27.4,27.2,27.3,27.1,27.2,27.2,27.3,27.3,27.1,27.3,27.1,27.0,27.0,27.0,27.0,27.3,27.1,27.2,27.1,27.2,27.2,27.3,27.2,27.3,27.4,27.2,27.4,27.1,27.4,27.4,27.3,27.3,27.3,27.3,27.3,27.3,27.3,27.3,27.4,27.2,27.2,27.1,27.3,27.3,27.1,27.1,27.3,27.3,27.3,27.3,27.2,27.3,27.1,27.3,27.3,27.3,27.3,27.3,27.1,27.2,27.2,27.0,27.2,26.9,27.1,26.9,27.0,27.1,27.2,27.1,27.0,27.0,27.1,27.1,27.1,27.1,27.0,27.1,27.0,27.0,27.2,27.1,26.9,27.1,27.1,27.0,26.9,26.9,26.9,26.9,26.8,26.8,26.6,26.8,26.7,26.8,26.8,26.7,26.8,26.8,27.1,27.2,27.2,27.3,27.6,27.5,27.5,27.6,27.4,27.7,27.6,27.7,27.8,27.7,27.8,27.6,27.7,27.8,27.7,27.7,27.7,27.8,27.6,27.5,27.6,27.4,27.6,27.5,27.5,27.6,27.6,27.5,27.6,27.6,27.5,27.5,27.4,27.5,27.6,27.5,27.4,27.6,27.4,27.4,27.5,27.5
69,27.5,27.3,27.5,27.6,27.6,27.5,27.6,27.5,27.6,27.5,27.6,27.5,27.7,27.8,27.8,27.7,27.7,27.7,27.6,27.8,28.0,27.9,28.0,27.9,27.8,27.9,28.0,28.0,28.0,27.9,28.1,28.0,28.0,28.0,28.3,28.0,28.0,27.7,27.5,27.3,27.3,27.3,27.3,27.2,27.4,27.2,27.3,27.3,27.3,27.1,27.4,27.3,27.3,27.4,27.2,27.4,27.3,27.0,26.9,26.9,27.1,27.2,27.2,27.2,26.9,27.1,27.1,27.2,27.3,27.3,27.4,27.1,27.3,27.2,27.3,27.3,27.3,27.3,27.1,27.3,27.5,27.3,27.3,27.3,27.2,27.3,27.3,27.4,27.4,27.1,27.2,27.3,27.3,27.2,27.3,27.2,27.0,27.3,27.3,27.2,27.2,27.3,27.2,27.0,27.3,27.2,27.2,27.3,27.2,27.1,27.3,27.2,27.0,27.1,27.2,27.1,27.2,27.1,27.0,27.2,27.3,27.1,27.3,27.3,27.2,27.2,27.2,27.3,27.3,27.0,27.2,27.3,27.0,27.1,27.0,27.1,26.8,26.8,26.9,27.1,26.8,26.8,26.7,26.8,27.0,26.9,27.2,27.2,27.5,27.4,27.6,27.7,27.5,27.7,27.6,27.6,27.7,27.8,27.8,27.8,27.9,27.7,27.7,27.7,27.8,27.6,27.9,27.7,27.9,27.9,27.6,27.6,27.7,27.7,27.6,27.6,27.7,27.7,27.4,27.6,27.6,27.6,27.6,27.5,27.5,27.4,27.5,27.5,27.6,27.3,27.5,27.5
70,27.6,27.6,27.5,27.6,27.5,27.5,27.7,27.6,27.7,27.7,27.6,27.7,27.7,27.8,27.8,27.7,27.7,27.8,27.9,27.8,27.9,28.0,28.0,28.0,28.0,28.0,28.1,28.0,28.0,27.9,28.0,28.0,28.1,28.1,28.0,28.1,27.8,28.0,27.5,27.1,27.3,27.4,27.2,27.1,27.3,27.2,27.2,27.3,27.3,27.3,27.1,27.1,27.1,27.1,27.1,27.2,27.1,27.0,26.7,26.8,27.1,27.2,27.2,27.1,27.2,27.3,27.1,27.2,27.3,27.1,27.3,27.1,27.2,27.2,27.5,27.2,27.3,27.3,27.4,27.2,27.3,27.2,27.3,27.2,27.0,27.1,27.2,27.3,27.2,27.3,27.2,27.2,27.2,27.1,27.2,27.2,27.2,27.1,27.2,27.4,27.4,27.2,27.2,27.4,27.4,27.3,27.2,27.2,27.0,27.2,27.1,27.0,27.2,27.0,27.0,27.2,27.2,27.3,27.2,27.1,27.2,27.1,27.1,27.2,27.1,27.1,27.1,27.1,27.2,27.1,27.2,27.1,27.2,27.0,26.9,27.0,26.9,26.9,26.9,26.9,26.8,26.9,26.9,26.8,26.8,26.8,27.0,27.3,27.3,27.5,27.5,27.7,27.7,27.5,27.7,27.8,27.7,27.7,27.8,27.7,27.8,27.7,27.6,27.6,27.9,27.8,27.8,27.8,27.7,27.8,27.5,27.6,27.7,27.6,27.6,27.8,27.8,27.7,27.7,27.6,27.6,27.5,27.6,27.6,27.7,27.6,27.6,27.7,27.7,27.4,27.5,27.5
71,27.6,27.6,27.5,27.5,27.6,27.5,27.5,27.5,27.4,27.6,27.6,27.5,27.8,27.8,27.7,27.9,27.9,27.7,27.8,27.8,27.9,27.9,27.9,28.0,28.1,28.0,27.9,28.0,28.2,28.0,28.0,28.0,28.1,28.0,28.0,28.1,27.9,27.8,27.5,27.3,27.1,27.1,27.2,27.2,27.1,27.2,26.9,27.2,27.2,27.2,27.2,27.3,27.1,27.3,27.2,27.1,27.0,26.9,26.7,26.8,27.0,27.3,27.2,27.2,27.2,27.2,27.2,27.3,27.4,27.3,27.3,27.2,27.2,27.3,27.2,27.3,27.1,27.3,27.1,27.3,27.2,27.2,27.3,27.2,27.3,27.1,27.3,27.2,27.2,27.2,27.2,27.2,27.3,27.2,27.2,27.2,27.1,27.3,27.3,27.2,27.1,27.1,27.2,27.3,27.1,27.0,27.2,27.1,27.0,27.3,27.1,27.0,27.1,27.2,27.2,27.1,27.1,27.2,27.1,27.1,27.1,27.2,27.2,27.2,27.1,27.2,27.2,27.3,27.3,27.2,27.2,27.0,27.1,26.9,27.0,26.9,26.8,26.8,26.9,26.8,27.0,26.9,26.9,26.9,26.8,26.9,26.9,27.1,27.2,27.4,27.5,27.5,27.8,27.7,27.7,27.7,27.6,27.7,27.8,27.8,27.7,27.6,27.7,27.7,28.0,27.7,27.8,27.8,27.7,27.6,27.8,27.6,27.5,27.7,27.6,27.7,27.5,27.4,27.5,27.7,27.5,27.4,27.4,27.6,27.4,27.4,27.4,27.5,27.4,27.7,27.5,27.5
72,27.6,27.5,27.5,27.5,27.5,27.5,27.6,27.5,27.7,27.9,27.9,27.6,27.7,27.8,27.8,27.8,27.8,27.8,27.9,27.9,28.1,27.8,28.0,28.0,27.9,28.0,28.1,28.0,28.0,28.2,28.2,28.3,28.1,28.1,28.1,28.0,28.1,27.9,27.5,27.3,27.3,27.2,27.3,27.3,27.1,27.2,27.4,27.2,27.3,27.1,27.4,27.3,27.3,27.2,27.2,27.1,27.1,26.9,26.7,26.9,27.1,27.3,27.3,27.2,27.2,27.3,27.2,27.3,27.3,27.3,27.2,27.4,27.3,27.2,27.3,27.3,27.3,27.2,27.2,27.1,27.3,27.3,27.2,27.2,27.3,27.3,27.0,27.3,27.3,27.1,27.2,27.2,27.1,27.3,27.2,27.2,27.3,27.1,27.3,27.2,27.2,27.3,27.4,27.2,27.3,27.2,27.2,27.2,27.2,27.2,27.2,27.2,27.1,27.1,27.2,27.3,27.2,27.0,27.0,27.3,27.3,27.3,27.3,27.3,27.5,27.3,27.3,27.0,27.1,27.2,27.1,27.2,27.2,27.1,27.1,27.0,26.8,27.0,26.9,26.9,26.9,27.0,26.8,26.8,26.6,26.8,27.1,27.1,27.3,27.2,27.3,27.6,27.4,27.6,27.7,27.8,27.8,27.8,27.7,27.7,27.7,28.0,27.7,27.8,27.8,28.0,27.9,27.7,27.8,27.7,27.6,27.6,27.7,27.6,27.7,27.6,27.6,27.5,27.8,27.6,27.5,27.6,27.7,27.7,27.5,27.4,27.5,27.6,27.4,27.5,27.5,27.5
73,27.5,27.7,27.6,27.7,27.5,27.5,27.6,27.7,27.5,27.7,27.5,27.6,27.7,27.8,27.8,27.9,27.8,27.8,27.8,27.9,27.9,27.8,28.0,28.2,28.0,28.0,28.0,28.0,27.9,28.0,28.3,28.1,28.1,28.2,28.1,28.1,28.0,27.8,27.7,27.4,27.2,27.3,27.2,27.1,27.3,27.2,27.1,27.1,27.2,27.3,27.1,27.2,27.2,27.3,27.1,27.3,27.1,27.1,26.9,26.8,27.1,27.1,27.2,27.2,27.3,27.3,27.3,27.2,27.4,27.3,27.3,27.4,27.3,27.3,27.2,27.2,27.2,27.1,27.2,27.3,27.1,27.2,27.3,27.3,27.1,27.2,27.2,27.3,27.3,27.2,27.2,27.2,27.3,27.3,27.2,27.1,27.3,27.3,27.3,27.3,27.4,27.3,27.3,27.1,27.2,27.2,27.2,27.1,27.2,27.2,27.2,27.3,27.1,27.1,27.1,27.2,27.3,27.2,27.1,27.3,27.3,27.6,27.6,27.6,27.8,27.6,27.6,27.4,27.5,27.2,27.2,27.1,27.2,27.1,27.1,27.0,27.2,27.0,26.8,26.9,26.8,26.8,26.9,26.7,26.7,26.9,26.9,27.1,27.2,27.3,27.5,27.5,27.5,27.6,27.7,27.8,27.5,27.8,27.8,27.8,27.7,27.8,27.8,27.7,27.8,27.6,27.7,27.6,27.8,27.8,27.6,27.7,27.7,27.6,27.5,27.6,27.7,27.6,27.7,27.7,27.5,27.4,27.7,27.5,27.8,27.4,27.5,27.5,27.4,27.5,27.4,27.6
74,27.6,27.7,27.7,27.7,27.6,27.6,27.6,27.7,27.8,27.6,27.7,27.8,27.8,27.8,27.9,27.9,27.7,27.9,27.9,27.9,28.0,27.9,28.1,27.9,28.0,28.1,28.1,28.1,28.2,28.3,28.3,28.0,28.2,28.1,28.0,28.0,28.0,27.8,27.4,27.4,27.3,27.2,27.0,27.3,27.2,27.4,27.2,27.2,27.1,27.0,27.1,27.3,27.2,27.2,27.3,27.2,27.2,26.9,26.7,26.8,27.0,27.2,27.3,27.3,27.2,27.2,27.3,27.2,27.4,27.3,27.3,27.0,27.2,27.2,27.3,27.3,27.1,27.5,27.4,27.3,27.3,27.2,27.3,27.1,27.1,27.2,27.2,27.1,27.3,27.3,27.3,27.1,27.2,27.2,27.1,27.1,27.4,27.1,27.3,27.3,27.2,27.1,27.1,27.3,27.2,27.1,27.2,27.1,27.0,27.1,27.1,27.1,27.1,27.2,27.1,27.2,27.1,27.2,27.2,27.6,27.8,28.3,28.0,28.1,28.2,28.0,27.9,27.7,27.4,27.3,27.2,27.0,27.3,27.2,27.2,27.3,27.2,26.9,27.0,26.9,26.9,27.1,26.7,26.7,26.7,26.8,27.0,27.2,27.4,27.3,27.3,27.5,27.7,27.5,27.8,27.6,27.6,27.7,27.7,27.8,27.8,27.7,27.6,27.8,27.8,27.8,27.7,27.8,27.7,27.8,27.8,27.7,27.7,27.7,27.5,27.6,27.5,27.6,27.6,27.6,27.5,27.7,27.7,27.5,27.7,27.5,27.5,27.6,27.5,27.5,27.4,27.5
75,27.7,27.7,27.7,27.6,27.5,27.6,27.5,27.7,27.7,27.7,27.7,27.9,27.8,27.9,27.9,27.9,27.9,27.8,28.0,27.8,28.0,28.0,28.1,28.1,28.1,28.1,28.1,28.2,28.2,28.0,28.3,28.1,28.2,28.2,28.2,28.0,27.9,27.9,27.5,27.3,27.4,27.3,27.3,27.2,27.1,27.3,27.2,27.1,27.1,27.1,27.2,27.3,27.2,27.3,27.3,27.3,26.9,26.9,26.8,26.7,26.9,27.2,27.0,27.2,27.3,27.3,27.2,27.1,27.2,27.3,27.3,27.2,27.2,27.2,27.3,27.2,27.2,27.1,27.2,27.3,27.4,27.3,27.3,27.2,27.2,27.3,27.1,27.3,27.2,27.1,27.1,27.2,27.1,27.2,27.2,27.4,27.1,27.1,27.3,27.3,27.1,27.3,27.3,27.3,27.3,27.1,27.2,27.1,27.1,27.0,27.2,27.1,27.1,27.1,27.2,27.2,27.3,27.3,27.5,27.8,28.4,28.6,28.3,28.5,28.7,28.6,28.5,28.2,27.8,27.4,27.3,27.2,27.3,27.5,27.3,27.3,27.1,27.0,26.9,26.9,26.9,26.7,27.0,26.9,26.7,26.8,26.8,27.0,27.3,27.3,27.5,27.4,27.5,27.6,27.7,27.6,27.7,27.6,27.8,27.8,27.8,27.7,27.7,27.8,27.9,27.6,27.7,27.7,27.7,27.7,27.6,27.5,27.7,27.8,27.6,27.7,27.5,27.6,27.6,27.5,27.5,27.8,27.4,27.4,27.4,27.5,27.4,27.7,27.6,27.4,27.5,27.5
76,27.6,27.8,27.5,27.8,27.7,27.5,27.7,27.5,27.6,27.5,27.6,27.8,27.7,27.9,27.8,28.0,28.1,27.9,27.9,28.0,28.1,28.1,28.0,28.2,28.1,28.0,28.1,28.1,27.9,28.3,28.2,28.3,28.1,28.2,28.1,28.0,28.1,27.8,27.4,27.3,27.3,27.3,27.3,27.3,27.2,27.3,27.3,27.2,27.1,27.1,27.3,27.3,27.1,27.2,27.4,27.4,27.1,27.1,26.7,26.8,26.8,27.2,27.2,27.1,27.1,27.0,27.1,27.1,27.4,27.3,27.3,27.2,27.3,27.4,27.1,27.3,27.5,27.3,27.2,27.3,27.1,27.4,27.3,27.0,27.1,27.2,27.2,27.2,27.2,27.3,27.0,27.2,27.1,27.1,27.3,27.2,27.3,27.2,27.3,27.1,27.1,27.3,27.3,27.2,27.2,27.1,27.3,27.0,27.1,27.2,27.1,27.2,27.1,27.3,27.2,27.1,27.1,27.2,27.5,28.2,28.7,29.0,28.7,28.6,28.6,28.9,28.8,28.6,28.1,27.8,27.5,27.3,27.4,27.7,27.5,27.2,27.2,27.0,26.9,26.8,26.9,27.0,26.9,26.8,26.7,26.9,27.0,27.1,27.3,27.5,27.4,27.4,27.5,27.6,27.5,27.5,27.6,27.7,27.8,28.0,27.7,27.9,27.8,27.8,27.8,27.8,27.9,27.8,27.8,27.8,27.8,27.7,27.6,27.6,27.7,27.7,27.7,27.7,27.5,27.5,27.4,27.6,27.6,27.5,27.7,27.5,27.6,27.6,27.3,27.5,27.6,27.5
77,27.3,27.5,27.6,27.7,27.7,27.8,27.7,27.8,27.8,27.7,27.8,27.8,27.7,27.7,27.8,27.7,28.1,28.0,28.1,28.0,28.2,28.1,27.9,28.1,28.2,28.2,28.1,28.2,28.1,28.4,28.4,28.2,28.3,28.1,28.5,28.2,28.1,27.8,27.6,27.3,27.3,27.2,27.1,27.4,27.0,27.4,27.3,27.3,27.2,27.3,27.2,27.2,27.2,27.2,27.2,27.2,27.1,27.2,27.1,27.0,27.0,27.1,27.1,27.1,27.2,27.3,27.3,27.3,27.3,27.4,27.3,27.3,27.4,27.1,27.4,27.4,27.3,27.4,27.3,27.4,27.3,27.2,27.4,27.2,27.2,27.3,27.3,27.2,27.3,27.3,27.3,27.3,27.1,27.2,27.1,27.1,27.2,27.2,27.1,27.3,27.3,27.1,27.2,27.2,27.3,27.3,27.0,27.1,27.3,27.2,27.3,27.2,27.3,27.2,27.1,27.3,27.3,27.4,27.9,28.6,29.0,28.9,28.5,28.3,28.3,28.6,29.1,28.8,28.3,27.8,27.5,27.3,27.3,27.3,27.5,27.2,27.0,27.2,26.9,26.9,27.0,26.9,26.8,26.9,26.9,26.9,27.0,27.2,27.5,27.3,27.5,27.5,27.6,27.6,27.5,27.8,27.7,27.7,27.6,27.8,27.8,27.7,28.0,27.6,27.8,27.8,27.9,27.7,27.8,27.8,27.8,27.7,27.8,27.8,27.7,27.6,27.7,27.7,27.5,27.6,27.5,27.6,27.7,27.6,27.7,27.6,27.5,27.7,27.6,27.5,27.6,27.5
78,27.6,27.6,27.6,27.6,27.7,27.7,27.6,27.8,27.9,27.8,27.8,27.7,27.8,27.8,28.0,27.8,27.9,28.0,28.0,28.0,28.2,28.2,28.1,28.1,28.2,28.1,28.2,28.1,28.2,28.6,28.3,28.3,28.2,28.3,28.3,28.3,28.1,28.0,27.7,27.4,27.4,27.3,27.2,27.4,27.3,27.3,27.3,27.3,27.3,27.3,27.3,27.3,27.3,27.2,27.2,27.2,27.2,27.3,26.9,27.2,26.9,27.0,27.3,27.2,27.2,27.3,27.2,27.3,27.4,27.4,27.4,27.3,27.2,27.5,27.3,27.5,27.3,27.3,27.4,27.3,27.3,27.3,27.2,27.2,27.1,27.1,27.1,27.3,27.3,27.2,27.5,27.2,27.2,27.2,27.3,27.3,27.3,27.1,27.2,27.2,27.3,27.2,27.3,27.2,27.3,27.1,27.1,27.2,27.2,27.3,27.3,27.1,27.3,27.1,27.2,27.3,27.3,27.4,27.8,28.7,29.0,28.7,28.5,28.1,28.1,28.4,29.0,29.2,28.5,27.9,27.6,27.3,27.5,27.2,27.2,27.2,26.9,27.0,26.9,27.0,26.9,26.9,26.7,26.9,26.6,27.0,27.1,27.1,27.3,27.4,27.6,27.4,27.5,27.6,27.6,27.7,27.7,27.7,27.8,27.9,27.8,27.9,27.8,27.8,27.8,27.8,27.7,27.7,27.9,27.7,27.9,27.5,27.8,27.6,27.6,27.6,27.7,27.5,27.5,27.4,27.6,27.8,27.7,27.5,27.6,27.5,27.5,27.7,27.5,27.4,27.4,27.5
79,27.7,27.7,27.8,27.6,27.6,27.6,27.8,27.9,27.7,27.8,27.8,28.0,27.9,27.9,27.9,27.9,28.1,27.9,28.0,28.0,28.3,28.0,28.0,28.1,28.2,28.2,28.2,28.2,28.4,28.2,28.4,28.4,28.3,28.3,28.2,28.3,28.0,28.0,27.8,27.4,27.3,27.4,27.3,27.5,27.4,27.3,27.4,27.3,27.4,27.1,27.1,27.0,26.9,26.9,27.0,27.1,27.0,27.1,27.0,26.9,26.9,27.0,27.1,27.3,27.2,27.2,27.2,27.2,27.4,27.2,27.3,27.2,27.3,27.1,27.2,27.3,27.4,27.3,27.1,27.3,27.4,27.1,27.3,27.2,27.2,27.0,27.3,27.3,27.0,27.1,27.1,27.1,27.2,27.1,27.1,27.1,27.1,27.1,27.4,27.2,27.3,27.2,27.3,27.1,27.3,27.1,27.3,27.1,27.1,27.1,27.1,27.1,27.3,27.3,27.1,27.2,27.3,27.3,27.8,28.7,28.7,28.8,28.5,28.1,28.2,28.4,28.9,29.2,28.4,27.8,27.5,27.3,27.3,27.1,27.2,27.1,27.0,27.1,26.8,26.9,27.0,27.0,26.7,26.8,26.8,27.0,26.9,27.2,27.5,27.6,27.5,27.5,27.4,27.5,27.5,27.5,27.9,27.8,28.0,27.6,28.0,27.9,27.9,27.9,27.7,27.9,27.6,27.8,27.8,27.8,27.7,27.8,27.7,27.6,27.6,27.7,27.6,27.6,27.7,27.4,27.6,27.5,27.6,27.5,27.7,27.7,27.6,27.5,27.6,27.4,27.7,27.7
80,27.6,27.6,27.6,27.7,27.8,27.8,27.8,27.7,27.8,27.7,27.8,27.8,27.9,28.0,28.0,28.0,28.0,28.0,28.1,28.0,28.0,28.1,28.1,28.3,28.2,28.3,28.1,28.2,28.1,28.4,28.4,28.4,28.4,28.3,28.4,28.4,28.3,28.0,27.9,27.8,27.7,27.8,27.5,27.4,27.4,27.3,27.5,27.3,27.2,27.3,27.1,27.3,27.1,27.1,27.2,27.1,27.3,27.1,27.1,27.0,26.9,27.0,27.1,27.3,27.3,27.3,27.2,27.3,27.2,27.2,27.3,27.2,27.5,27.3,27.4,27.3,27.4,27.2,27.3,27.3,27.3,27.2,27.3,27.2,27.2,27.2,27.2,27.3,27.3,27.3,27.1,27.2,27.2,27.2,27.2,27.3,27.1,27.2,27.2,27.2,27.3,27.3,27.2,27.2,27.2,27.3,27.2,27.1,27.1,27.3,27.2,27.3,27.2,27.1,27.1,27.2,27.4,27.2,27.6,28.5,28.7,28.7,28.6,28.5,28.5,28.8,28.9,28.8,28.2,27.8,27.5,27.2,27.2,27.2,27.0,27.0,26.7,26.8,26.9,26.9,26.9,26.9,26.9,26.8,26.9,26.9,26.8,27.2,27.3,27.4,27.3,27.6,27.5,27.5,27.5,27.8,27.8,27.9,27.8,27.6,27.7,27.7,27.7,27.7,27.8,27.8,27.8,27.7,27.8,27.9,27.6,27.6,27.7,27.8,27.5,27.7,27.7,27.8,27.6,27.7,27.6,27.5,27.6,27.5,27.8,27.5,27.5,27.4,27.5,27.5,27.5,27.7
81,27.6,27.8,27.8,27.7,27.7,27.7,27.8,27.8,27.9,27.9,27.6,27.7,27.9,27.9,27.9,28.0,28.0,28.1,28.1,28.1,28.3,28.1,28.2,28.3,28.2,28.3,28.3,28.3,28.4,28.4,28.3,28.4,28.4,28.6,28.5,28.4,28.4,28.2,28.0,27.9,27.9,27.8,27.7,27.6,27.5,27.4,27.5,27.5,27.3,27.3,27.4,27.3,27.3,27.3,27.3,27.3,27.1,27.1,27.2,27.1,27.1,27.1,27.2,27.3,27.3,27.4,27.1,27.3,27.5,27.3,27.5,27.3,27.3,27.3,27.3,27.4,27.3,27.4,27.3,27.3,27.3,27.3,27.3,27.3,27.1,27.2,27.1,27.3,27.3,27.3,27.1,27.1,27.3,27.1,27.3,27.2,27.1,27.2,27.3,27.3,27.2,27.3,27.2,27.2,27.2,27.3,27.3,27.2,27.3,27.3,27.3,27.2,27.3,27.3,27.2,27.3,27.3,27.4,27.4,28.1,28.7,28.8,28.7,28.8,28.7,29.0,28.9,28.6,28.0,27.5,27.4,27.2,27.3,27.3,27.3,27.1,27.0,27.0,27.0,26.9,27.1,26.9,26.8,26.6,26.8,26.9,27.0,27.3,27.6,27.5,27.7,27.5,27.5,27.7,27.6,27.5,27.6,27.8,27.8,27.6,28.0,27.7,27.8,27.7,27.8,27.9,27.8,27.7,27.8,27.7,27.8,27.7,27.8,27.7,27.7,27.6,27.5,27.7,27.6,27.6,27.7,27.8,27.8,27.6,27.7,27.4,27.5,27.8,27.4,27.5,27.5,27.5
82,27.5,27.5,27.6,27.8,27.8,27.7,27.8,27.7,27.6,27.8,27.7,27.9,27.8,28.1,28.1,27.9,28.0,28.1,28.1,28.1,28.2,28.2,28.2,28.3,28.2,28.3,28.1,28.4,28.3,28.4,28.6,28.5,28.4,28.5,28.5,28.5,28.3,28.2,28.2,28.2,28.2,28.2,28.0,27.8,27.5,27.5,27.4,27.4,27.5,27.3,27.4,27.3,27.3,27.4,27.2,27.4,27.4,27.3,27.3,27.1,27.2,27.2,27.3,27.3,27.4,27.4,27.3,27.4,27.5,27.3,27.2,27.3,27.3,27.3,27.3,27.3,27.2,27.3,27.3,27.2,27.1,27.0,27.3,27.3,27.2,27.3,27.3,27.2,27.2,27.2,27.1,27.3,27.3,27.2,27.1,27.3,27.2,27.0,27.2,27.2,27.3,27.0,27.0,27.3,27.1,27.3,27.3,27.2,27.3,27.2,27.3,27.2,27.2,27.3,27.2,27.3,27.3,27.1,27.3,27.8,28.0,28.8,28.7,28.7,28.8,28.8,28.6,28.1,27.8,27.4,27.3,27.4,27.4,27.3,27.2,27.2,27.0,26.9,26.9,26.8,26.9,26.8,26.9,26.6,26.8,27.0,26.9,27.2,27.2,27.4,27.4,27.3,27.5,27.6,27.5,27.5,27.5,27.7,27.8,27.7,27.8,27.9,27.9,27.8,27.9,27.9,27.8,27.8,27.6,27.7,27.7,27.6,27.6,27.6,27.6,27.7,27.8,27.6,27.7,27.6,27.5,27.7,27.7,27.6,27.5,27.5,27.5,27.6,27.5,27.6,27.5,27.6
83,27.8,27.8,27.5,27.7,27.8,27.7,28.0,27.9,27.9,28.0,27.9,27.8,28.1,27.9,28.1,28.0,28.1,28.1,28.1,28.2,28.3,28.0,28.3,28.2,28.3,28.3,28.3,28.3,28.4,28.5,28.4,28.4,28.3,28.5,28.4,28.3,28.3,28.4,28.4,28.4,28.3,28.2,28.0,27.9,27.4,27.6,27.5,27.4,27.5,27.5,27.4,27.2,27.3,27.3,27.3,27.5,27.4,27.4,27.4,27.3,27.6,27.4,27.3,27.3,27.4,27.4,27.4,27.4,27.3,27.4,27.5,27.3,27.3,27.3,27.4,27.3,27.3,27.3,27.3,27.3,27.3,27.3,27.2,27.3,27.4,27.4,27.4,27.2,27.2,27.3,27.2,27.3,27.3,27.2,27.2,27.3,27.2,27.1,27.2,27.2,27.3,27.2,27.3,27.2,27.3,27.3,27.5,27.2,27.2,27.2,27.3,27.2,27.2,27.3,27.1,27.2,27.4,27.2,27.3,27.5,27.6,27.9,28.3,28.3,28.3,28.3,28.0,27.8,27.6,27.5,27.6,27.6,27.8,27.7,27.4,27.3,27.2,26.9,26.8,26.9,26.9,26.9,26.8,26.8,26.7,26.8,27.0,27.0,27.3,27.3,27.6,27.5,27.7,27.8,27.6,27.8,27.7,27.7,27.7,27.6,27.8,27.8,27.8,27.7,27.9,27.8,27.7,27.6,27.7,28.0,27.7,27.6,27.8,27.7,27.6,27.7,27.6,27.8,27.6,27.5,27.7,27.7,27.5,27.7,27.4,27.5,27.6,27.6,27.5,27.6,27.7,27.6
84,27.7,27.7,27.7,27.7,27.8,27.7,27.8,27.8,27.8,28.0,28.0,27.9,27.9,27.9,27.9,28.0,27.9,28.0,28.2,28.2,28.3,28.4,28.3,28.3,28.3,28.4,28.2,28.4,28.5,28.3,28.4,28.3,28.5,28.6,28.5,28.3,28.4,28.4,28.5,28.4,28.4,28.2,28.0,27.6,27.5,27.4,27.5,27.4,27.3,27.5,27.4,27.4,27.3,27.5,27.5,27.6,27.7,27.5,27.6,27.4,27.4,27.5,27.4,27.4,27.4,27.2,27.3,27.3,27.4,27.3,27.4,27.3,27.3,27.3,27.3,27.3,27.3,27.3,27.3,27.2,27.2,27.2,27.3,27.4,27.3,27.2,27.2,27.2,27.1,27.2,27.3,27.3,27.1,27.3,27.2,27.1,27.1,27.2,27.2,27.3,27.1,27.2,27.1,27.3,27.3,27.3,27.3,27.1,27.3,27.1,27.2,27.2,27.2,27.1,27.2,27.3,27.2,27.3,27.3,27.2,27.4,27.5,27.4,27.6,27.7,27.6,27.5,27.5,27.6,27.6,27.9,28.0,28.3,28.0,27.5,27.3,27.1,27.0,26.9,27.0,26.8,26.9,26.7,27.0,26.8,26.8,26.8,27.2,27.5,27.4,27.4,27.5,27.7,27.6,27.5,27.8,27.7,27.7,27.7,27.9,27.7,27.8,27.6,27.7,27.8,27.8,27.7,27.7,27.9,27.8,27.7,27.7,27.9,27.8,27.8,27.6,27.7,27.8,27.7,27.8,27.7,27.6,27.7,27.5,27.7,27.8,27.4,27.7,27.6,27.5,27.6,27.6
85,27.7,27.7,27.5,27.8,27.8,27.7,27.5,27.8,27.8,28.0,27.8,28.0,28.0,28.0,27.9,28.1,28.1,28.0,28.1,28.0,28.2,28.3,28.2,28.3,28.2,28.3,28.2,28.3,28.2,28.2,28.4,28.3,28.4,28.5,28.4,28.5,28.5,28.4,28.4,28.4,28.4,27.9,28.0,27.7,27.5,27.6,27.5,27.6,27.3,27.4,27.3,27.4,27.4,27.4,27.5,27.7,27.5,27.3,27.3,27.5,27.3,27.4,27.5,27.5,27.3,27.3,27.3,27.5,27.3,27.4,27.5,27.3,27.1,27.3,27.2,27.4,27.3,27.2,27.3,27.3,27.3,27.3,27.3,27.3,27.3,27.1,27.3,27.0,27.2,27.2,27.2,27.0,26.9,27.2,27.2,27.2,27.0,27.2,27.0,27.3,27.3,27.2,27.2,27.3,27.2,27.3,27.3,27.2,27.2,27.3,27.3,27.2,27.3,27.3,27.1,27.1,27.2,27.2,27.1,27.4,27.3,27.1,27.3,27.3,27.3,27.4,27.6,27.5,27.5,27.7,28.0,28.2,28.2,28.1,27.8,27.5,27.1,27.0,26.8,26.8,26.9,26.9,26.9,26.8,26.7,26.9,27.1,27.3,27.3,27.4,27.6,27.6,27.6,27.6,27.7,27.5,27.7,27.7,27.8,27.8,28.0,27.7,27.9,27.7,27.8,27.8,27.8,27.7,27.9,27.8,27.8,27.5,27.7,27.7,27.8,27.8,27.6,27.5,27.5,27.5,27.7,27.5,27.6,27.5,27.7,27.6,27.5,27.6,27.6,27.5,27.6,27.6
86,27.6,27.8,27.9,27.7,27.8,27.8,27.9,28.0,28.0,27.8,28.0,28.0,27.9,28.2,28.1,28.3,28.2,28.1,28.2,28.0,28.3,28.3,28.4,28.4,28.4,28.4,28.4,28.4,28.3,28.4,28.4,28.3,28.4,28.4,28.4,28.4,28.7,28.5,28.4,28.5,28.4,28.2,28.0,27.7,27.5,27.5,27.5,27.5,27.4,27.4,27.4,27.3,27.5,27.4,27.6,27.5,27.4,27.6,27.4,27.4,27.4,27.4,27.4,27.4,27.4,27.6,27.4,27.4,27.4,27.4,27.3,27.6,27.4,27.3,27.1,27.3,27.3,27.4,27.3,27.3,27.2,27.3,27.4,27.2,27.2,27.4,27.2,27.3,27.2,27.1,27.2,27.2,27.2,27.2,27.2,27.1,27.2,27.2,27.3,27.2,27.3,27.1,27.3,27.2,27.3,27.2,27.1,27.2,27.3,27.3,27.1,27.2,27.1,27.2,27.3,27.3,27.3,27.1,27.2,27.3,27.2,27.1,27.4,27.4,27.3,27.3,27.5,27.5,27.8,27.8,28.0,28.2,28.2,28.0,27.7,27.3,27.0,26.9,27.0,26.9,27.1,26.9,26.9,26.9,26.9,27.1,27.0,27.3,27.3,27.3,27.5,27.7,27.5,27.5,27.7,27.7,27.8,27.7,27.8,27.7,27.6,27.7,27.8,28.0,27.8,27.8,27.8,27.7,27.8,27.9,27.8,27.7,27.8,27.7,27.7,27.8,27.5,27.6,27.6,27.6,27.5,27.8,27.8,27.6,27.7,27.8,27.6,27.7,27.7,27.5,27.6,27.5
87,27.6,27.8,27.7,27.8,27.7,27.8,28.0,27.8,27.9,27.9,28.0,28.0,27.9,28.0,28.0,28.1,28.1,28.1,28.2,28.2,28.5,28.1,28.4,28.3,28.3,28.3,28.4,28.4,28.4,28.4,28.4,28.4,28.5,28.5,28.5,28.4,28.5,28.4,28.4,28.3,28.2,28.0,27.9,27.7,27.5,27.4,27.4,27.3,27.5,27.3,27.5,27.3,27.2,27.4,27.4,27.4,27.2,27.2,27.3,27.4,27.3,27.3,27.5,27.5,27.3,27.5,27.4,27.5,27.5,27.5,27.2,27.4,27.3,27.3,27.1,27.3,27.3,27.3,27.2,27.3,27.0,27.2,27.0,27.3,27.2,27.2,27.1,27.3,27.2,27.1,27.2,27.1,27.1,27.1,27.2,27.3,27.1,27.1,27.2,27.0,27.0,27.2,27.2,27.2,27.2,27.0,27.1,27.2,27.2,27.3,27.3,27.2,27.3,27.1,27.2,27.2,27.1,27.2,27.2,27.2,27.3,27.1,27.1,27.1,27.3,27.3,27.4,27.6,27.7,27.6,27.8,27.9,28.0,27.7,27.6,27.3,27.0,26.9,26.9,26.9,26.8,26.9,26.8,26.8,26.8,27.0,26.9,27.2,27.3,27.5,27.4,27.6,27.8,27.6,27.6,27.8,27.7,27.8,27.7,27.9,27.9,27.8,27.9,28.0,27.8,27.8,27.8,27.7,27.8,27.7,27.8,27.7,27.7,27.7,27.8,27.6,27.8,27.7,27.7,27.7,27.5,27.6,27.7,27.6,27.7,27.6,27.5,27.6,27.6,27.5,27.6,27.5
88,27.8,28.0,27.9,27.8,28.0,27.9,28.0,27.9,27.8,28.0,28.0,28.0,28.0,28.1,28.0,28.1,28.3,27.8,28.4,28.3,28.2,28.2,28.4,28.5,28.5,28.4,28.4,28.6,28.5,28.5,28.5,28.6,28.6,28.4,28.4,28.4,28.3,28.4,28.3,28.1,28.0,27.9,27.7,27.5,27.5,27.4,27.5,27.6,27.4,27.4,27.2,27.3,27.2,27.3,27.3,27.2,27.3,27.3,27.3,27.2,27.4,27.3,27.3,27.3,27.6,27.5,27.5,27.4,27.5,27.5,27.4,27.4,27.4,27.4,27.4,27.3,27.3,27.3,27.3,27.2,27.5,27.4,27.3,27.3,27.3,27.2,27.2,27.2,27.2,27.3,27.2,27.2,27.3,27.3,27.3,27.1,27.2,27.2,27.2,27.1,27.2,27.3,27.1,27.2,27.3,27.1,27.2,27.1,27.1,27.3,27.2,27.2,27.3,27.4,27.2,27.3,27.3,27.3,27.2,27.3,27.2,27.2,27.2,27.2,27.2,27.3,27.3,27.7,27.6,27.9,27.8,27.8,27.8,27.7,27.6,27.5,27.2,27.0,26.9,27.0,26.9,27.0,27.1,26.9,26.9,26.8,27.1,27.4,27.4,27.5,27.5,27.6,27.6,27.7,28.0,27.6,27.7,27.8,27.6,27.7,27.8,27.8,27.9,27.9,27.8,27.9,27.8,27.9,27.8,27.9,27.8,27.7,27.6,27.8,27.8,27.7,27.7,28.0,27.7,27.8,27.7,27.8,27.6,27.5,27.7,27.7,27.7,27.7,27.6,27.5,27.5,27.5
89,27.8,27.9,27.7,27.8,28.0,27.9,27.8,28.0,28.0,28.1,28.0,28.0,28.1,28.2,28.1,28.3,28.3,28.2,28.0,28.1,28.2,28.3,28.4,28.4,28.5,28.4,28.4,28.6,28.5,28.6,28.5,28.3,28.4,28.5,28.5,28.3,28.1,28.1,28.1,28.0,27.8,27.6,27.5,27.2,27.5,27.3,27.3,27.4,27.4,27.2,27.3,27.2,27.1,27.3,27.3,27.1,27.1,27.2,27.2,27.2,27.2,27.2,27.5,27.5,27.5,27.5,27.4,27.5,27.6,27.3,27.6,27.4,27.4,27.4,27.3,27.3,27.4,27.3,27.4,27.2,27.3,27.4,27.3,27.1,27.3,27.2,27.2,27.3,27.2,27.3,27.1,27.3,27.3,27.3,27.2,27.4,27.3,27.3,27.2,27.1,27.3,27.2,27.2,27.3,27.3,27.2,27.2,27.1,27.2,27.3,27.2,27.2,27.3,27.3,27.1,27.2,27.2,27.2,27.1,27.1,27.3,27.3,27.3,27.0,27.5,27.4,27.5,27.6,27.6,27.7,27.7,27.5,27.8,27.5,27.7,27.4,27.2,26.9,27.0,26.9,27.1,27.0,26.9,26.8,26.8,27.0,27.0,27.3,27.4,27.4,27.7,27.5,27.7,27.7,27.9,27.7,27.8,27.9,27.8,28.0,27.9,27.8,27.8,27.8,28.0,27.9,28.0,27.9,27.9,27.8,27.8,27.9,27.9,27.7,27.6,27.8,27.7,27.9,27.7,27.6,27.7,27.7,27.9,27.8,27.5,27.6,27.6,27.6,27.5,27.5,27.5,27.6
90,27.9,27.9,27.7,27.9,27.7,27.8,27.9,28.0,28.0,28.1,28.2,28.2,28.3,28.2,28.2,28.4,28.3,28.2,28.3,28.2,28.4,28.4,28.4,28.4,28.3,28.3,28.3,28.4,28.4,28.5,28.6,28.4,28.5,28.5,28.4,28.3,28.2,27.8,27.5,27.6,27.5,27.5,27.3,27.3,27.3,27.3,27.3,27.2,27.3,27.3,27.2,27.1,27.1,27.1,27.1,27.3,27.2,27.1,27.1,27.3,27.2,27.4,27.3,27.3,27.3,27.4,27.4,27.5,27.5,27.2,27.4,27.3,27.4,27.2,27.3,27.2,27.3,27.3,27.2,27.3,27.2,27.2,27.3,27.3,27.5,27.1,27.1,27.1,27.3,27.3,27.2,27.2,27.1,27.3,27.2,27.3,27.2,27.3,27.0,27.1,27.1,27.2,27.3,27.3,27.3,27.2,27.2,27.0,27.1,27.3,27.3,27.2,27.2,27.2,27.2,27.3,27.3,27.1,27.2,27.2,27.1,27.3,27.1,27.2,27.4,27.4,27.7,27.6,27.6,27.5,27.5,27.5,27.5,27.7,27.7,27.3,27.1,27.1,27.0,27.0,26.9,26.9,26.6,26.8,26.9,27.1,27.1,27.3,27.4,27.3,27.5,27.4,27.7,27.6,27.7,27.9,27.8,28.0,27.8,27.9,27.8,27.9,27.9,27.8,27.9,27.9,27.8,27.7,27.8,27.9,27.8,27.7,27.7,27.7,27.5,27.8,27.7,27.7,27.7,27.6,27.8,27.7,27.6,27.6,27.8,27.5,27.7,27.6,27.7,27.6,27.4,27.6
91,27.7,27.9,27.9,27.7,27.8,28.0,27.8,27.9,28.0,28.0,27.9,28.0,28.1,27.9,28.2,28.3,28.0,28.0,28.2,28.1,28.3,28.3,28.4,28.6,28.3,28.2,28.5,28.4,28.3,28.4,28.4,28.5,28.6,28.5,28.3,28.0,27.7,27.6,27.3,27.3,27.3,27.3,27.1,27.2,27.2,27.3,27.1,27.3,27.2,27.1,27.3,27.0,27.0,27.1,27.2,27.3,27.0,27.2,27.1,27.2,27.2,27.2,27.4,27.3,27.3,27.3,27.5,27.3,27.4,27.4,27.4,27.4,27.5,27.3,27.4,27.3,27.3,27.4,27.3,27.3,27.3,27.3,27.3,27.2,27.2,27.2,27.3,27.2,27.1,27.2,27.3,27.3,27.2,27.3,27.2,27.4,27.3,27.3,27.3,27.3,27.2,27.0,27.1,27.1,27.3,27.2,27.3,27.3,27.2,27.3,26.9,27.3,27.1,27.2,27.1,27.3,27.2,27.3,27.2,27.1,27.2,27.2,27.2,27.5,27.3,27.3,27.6,27.6,27.6,27.8,27.9,27.8,27.7,27.7,27.7,27.4,27.2,27.3,26.9,27.1,26.9,27.1,26.8,26.9,26.8,26.9,27.0,27.1,27.2,27.5,27.4,27.5,27.7,27.8,27.8,27.8,28.0,27.8,27.8,27.9,28.0,27.7,27.8,27.7,27.9,27.9,27.9,27.9,27.9,27.6,27.8,27.7,27.8,27.7,27.8,27.7,27.7,27.8,27.6,27.5,27.5,27.6,27.6,27.5,27.6,27.5,27.6,27.7,27.5,27.6,27.5,27.5
92,27.8,27.8,27.9,27.9,28.0,28.0,27.9,28.0,28.0,27.7,28.0,28.0,28.2,28.1,28.3,28.2,28.1,28.3,28.3,28.4,28.5,28.3,28.4,28.4,28.4,28.4,28.4,28.3,28.3,28.4,28.5,28.5,28.4,28.4,28.4,28.1,27.9,27.7,27.5,27.2,27.3,27.2,27.3,27.3,27.3,27.3,27.3,27.1,27.2,27.1,27.0,27.0,27.1,27.0,27.0,26.9,26.9,27.3,27.1,27.1,27.3,27.3,27.4,27.3,27.3,27.5,27.3,27.3,27.5,27.3,27.6,27.3,27.5,27.3,27.4,27.4,27.3,27.2,27.4,27.4,27.2,27.2,27.3,27.3,27.2,27.2,27.1,27.3,27.1,27.2,27.2,27.0,27.2,27.2,27.1,27.2,27.1,27.4,27.2,27.2,27.2,27.1,27.2,27.3,27.3,27.2,27.0,27.3,27.2,27.3,27.2,27.2,27.2,27.1,27.2,27.2,27.4,27.3,27.4,27.3,27.2,27.3,27.2,27.2,27.2,27.2,27.6,27.5,27.5,27.5,27.8,27.5,27.5,27.7,27.5,27.4,27.0,27.1,26.9,27.0,27.0,27.0,26.7,26.8,26.8,26.8,27.0,27.2,27.2,27.5,27.4,27.5,27.6,27.6,27.7,27.8,27.9,27.9,27.9,27.8,27.8,27.9,27.8,27.8,27.9,27.9,27.9,27.8,27.8,27.8,27.8,27.8,27.9,27.7,27.6,27.8,27.8,27.8,27.7,27.6,27.7,27.7,27.7,27.6,27.7,27.6,27.6,27.6,27.5,27.7,27.5,27.7
93,27.8,27.9,28.0,27.7,27.8,27.8,27.9,27.8,28.0,27.9,28.1,28.0,27.9,28.0,28.0,28.1,28.2,28.2,28.3,28.3,28.3,28.3,28.3,28.3,28.4,28.3,28.4,28.4,28.3,28.5,28.4,28.4,28.4,28.4,28.3,28.0,27.7,27.3,27.3,27.0,27.2,27.0,27.5,27.3,27.2,27.1,27.0,27.2,27.1,27.0,27.2,27.0,27.0,27.0,27.2,27.1,27.1,27.0,27.1,27.0,27.2,27.2,27.3,27.3,27.3,27.4,27.2,27.3,27.3,27.4,27.5,27.5,27.3,27.2,27.3,27.3,27.3,27.2,27.2,27.3,27.3,27.1,27.2,27.2,27.3,27.2,27.3,27.2,27.2,27.2,27.1,27.1,27.2,27.3,27.1,27.0,27.2,27.1,27.2,27.3,27.2,27.3,27.2,27.1,27.2,27.1,27.1,27.3,27.3,27.2,27.1,27.2,27.1,27.1,27.1,27.1,27.0,27.2,27.3,27.3,27.2,27.2,27.2,27.2,27.3,27.3,27.4,27.5,27.4,27.5,27.5,27.5,27.6,27.6,27.6,27.3,27.2,27.0,27.0,26.8,26.9,27.0,26.7,26.9,26.8,26.7,27.0,27.2,27.3,27.3,27.5,27.6,27.5,27.5,27.5,27.8,27.9,28.1,27.9,27.8,28.1,27.7,27.9,27.9,27.8,27.9,27.9,27.8,27.9,27.8,27.7,27.8,27.9,27.7,27.7,27.8,27.9,27.6,27.7,27.8,27.6,27.7,27.8,27.8,27.8,27.6,27.6,27.6,27.5,27.5,27.5,27.6
94,27.9,27.8,27.8,27.8,28.0,27.9,28.0,28.0,28.0,28.1,28.1,28.1,28.1,28.0,28.1,28.4,28.4,28.3,28.3,28.1,28.3,28.4,28.4,28.4,28.4,28.4,28.4,28.5,28.5,28.4,28.5,28.5,28.5,28.5,28.4,28.1,27.8,27.5,27.4,27.4,27.2,27.3,27.2,27.2,27.3,27.2,27.2,27.3,27.2,27.2,27.1,27.2,27.3,27.1,26.9,27.1,27.1,27.1,27.1,27.0,27.2,27.3,27.3,27.3,27.4,27.3,27.5,27.4,27.4,27.3,27.3,27.4,27.5,27.3,27.2,27.3,27.3,27.4,27.1,27.0,27.1,27.2,27.3,27.2,27.1,27.3,27.4,27.2,27.0,27.1,27.1,27.2,27.2,27.2,27.3,27.2,27.1,27.2,27.2,27.1,27.4,27.2,27.3,27.3,27.1,27.2,27.2,27.2,27.0,27.2,27.3,27.2,27.2,27.1,27.3,27.2,27.2,27.1,27.3,27.2,27.3,27.3,27.2,27.3,27.4,27.2,27.3,27.5,27.5,27.3,27.6,27.5,27.5,27.6,27.7,27.4,27.2,27.1,27.1,27.0,26.9,27.0,26.8,26.9,26.7,26.8,27.1,27.3,27.4,27.5,27.4,27.6,27.7,27.6,27.9,27.8,27.8,27.8,28.0,27.8,28.0,27.8,27.9,27.8,28.0,27.9,27.9,27.8,27.9,27.8,27.8,28.0,27.7,27.8,27.9,27.8,27.8,27.8,27.7,27.6,27.7,27.7,27.6,27.6,27.8,27.6,27.6,27.8,27.6,27.5,27.6,27.6
95,27.8,28.0,28.1,27.9,28.2,28.0,28.1,28.0,28.2,28.2,28.1,28.0,28.2,28.1,28.1,28.3,28.3,28.3,28.1,28.3,28.5,28.4,28.3,28.5,28.3,28.4,28.4,28.4,28.3,28.6,28.5,28.5,28.6,28.4,28.3,28.2,27.8,27.3,27.3,27.2,27.4,27.2,27.3,27.2,27.2,27.3,27.4,27.2,27.2,27.1,27.2,27.3,27.2,27.3,27.1,27.2,27.1,27.1,26.9,27.2,27.2,27.3,27.4,27.6,27.4,27.4,27.5,27.5,27.4,27.4,27.5,27.4,27.3,27.2,27.2,27.4,27.3,27.2,27.2,27.1,27.2,27.3,27.2,27.2,27.4,27.0,27.4,27.4,27.2,27.2,27.3,27.1,27.4,27.2,27.3,27.3,27.2,27.1,27.2,27.2,27.1,27.3,27.4,27.3,27.2,27.2,27.2,27.2,27.2,27.1,27.3,27.3,27.2,27.2,27.2,27.1,27.3,27.0,27.1,27.3,27.1,27.2,27.2,27.4,27.2,27.3,27.4,27.4,27.4,27.3,27.3,27.5,27.3,27.4,27.3,27.5,27.2,27.2,26.9,27.1,27.0,26.9,26.9,26.8,26.9,27.0,27.1,27.2,27.4,27.5,27.3,27.5,27.8,27.7,27.8,27.6,27.8,27.8,27.9,27.8,27.9,27.9,27.8,27.8,28.0,27.9,28.0,27.6,27.8,27.8,27.8,27.8,27.8,27.6,27.7,27.7,27.9,27.6,27.7,27.8,27.7,27.8,27.9,27.7,27.6,27.7,27.5,27.5,27.5,27.7,27.5,27.6
96,27.9,27.8,27.9,28.0,28.1,27.9,27.9,28.1,28.0,28.0,28.0,28.1,28.1,28.1,28.2,28.2,28.2,28.2,28.4,28.4,28.4,28.4,28.3,28.3,28.4,28.4,28.4,28.4,28.3,28.4,28.6,28.4,28.5,28.4,28.4,28.2,27.8,27.5,27.5,27.2,27.3,27.3,27.2,27.2,27.2,27.3,27.2,27.3,27.2,27.1,26.9,27.2,27.1,27.2,27.1,27.1,26.9,27.2,26.9,27.2,27.2,27.3,27.3,27.4,27.3,27.2,27.3,27.4,27.5,27.3,27.2,27.3,27.5,27.4,27.3,27.2,27.3,27.3,27.1,27.2,27.2,27.1,27.2,27.3,27.3,27.2,27.1,27.0,27.3,27.3,27.3,27.2,27.3,27.2,27.4,27.2,27.2,27.2,27.3,27.2,27.3,27.2,27.3,27.2,27.1,27.3,27.2,27.2,27.1,27.0,27.1,27.1,27.1,27.1,27.0,27.2,27.1,27.1,27.1,27.2,27.1,27.2,27.2,27.3,27.3,27.2,27.3,27.3,27.3,27.2,27.4,27.2,27.5,27.4,27.5,27.5,27.2,27.1,26.9,26.9,26.8,26.9,26.8,26.7,26.9,26.9,27.0,27.1,27.2,27.5,27.6,27.5,27.6,27.8,27.5,27.7,27.8,27.8,28.0,28.0,27.8,27.8,27.8,27.9,27.8,27.7,27.8,27.8,27.8,27.8,27.8,27.6,27.8,27.7,27.8,27.8,27.7,27.8,27.6,27.6,27.5,27.7,27.6,27.6,27.5,27.6,27.8,27.6,27.6,27.6,27.5,27.7
97,28.0,27.7,27.7,27.9,28.1,27.9,27.9,28.1,28.1,27.9,28.0,28.0,28.1,28.0,28.1,28.3,28.4,28.2,28.2,28.2,28.4,28.4,28.4,28.4,28.4,28.4,28.5,28.5,28.4,28.4,28.4,28.2,28.4,28.4,28.4,28.1,27.7,27.6,27.3,27.2,27.3,27.4,27.2,27.3,27.3,27.2,27.1,27.2,27.2,27.3,27.1,27.3,27.2,27.1,27.2,27.1,27.1,27.0,27.1,27.0,27.1,27.2,27.1,27.5,27.4,27.2,27.5,27.4,27.3,27.5,27.4,27.4,27.3,27.3,27.4,27.1,27.3,27.0,27.3,27.1,27.2,27.1,27.2,27.2,27.1,27.3,27.2,27.4,27.2,27.1,27.1,27.3,27.4,27.3,27.3,27.3,27.3,27.3,27.2,27.2,27.0,27.4,27.3,27.3,27.3,27.2,27.3,27.2,27.1,27.2,27.0,27.1,27.1,27.0,27.2,27.1,27.1,27.2,27.1,27.3,27.0,27.0,27.3,27.2,27.2,27.4,27.3,27.1,27.4,27.1,27.3,27.0,27.3,27.5,27.5,27.3,27.1,27.1,26.9,27.0,26.9,27.0,26.8,26.9,26.7,26.9,27.0,27.3,27.3,27.3,27.5,27.6,27.6,27.7,27.5,27.8,27.7,27.7,27.9,27.8,28.0,27.9,27.9,27.8,28.0,27.9,27.8,27.7,27.9,27.7,27.6,27.9,27.7,27.8,27.6,27.8,27.7,27.8,27.5,27.8,27.6,27.7,27.6,27.6,27.7,27.5,27.7,27.7,27.7,27.6,27.5,27.6
98,27.9,27.8,28.0,27.8,27.9,28.2,28.0,28.0,28.0,27.9,27.9,28.1,28.0,28.3,27.9,28.2,28.3,28.2,28.3,28.5,28.5,28.3,28.5,28.3,28.4,28.2,28.5,28.4,28.2,28.7,28.4,28.6,28.5,28.6,28.3,28.3,28.3,27.8,27.6,27.6,27.6,27.4,27.3,27.4,27.3,27.2,27.3,27.3,27.1,27.3,27.2,27.2,27.1,27.0,27.1,27.2,27.1,27.1,27.1,27.1,27.0,27.0,27.3,27.4,27.3,27.2,27.4,27.3,27.5,27.5,27.5,27.5,27.4,27.3,27.3,27.3,27.1,27.3,27.3,27.2,27.3,27.2,27.1,27.2,27.2,27.3,27.0,27.1,27.3,27.2,27.3,27.1,27.1,27.1,27.1,27.2,27.2,27.1,27.3,27.0,27.0,27.3,27.2,27.3,27.4,27.2,27.0,27.1,27.2,27.2,27.3,27.4,27.2,27.1,27.1,27.3,27.2,27.3,27.1,27.3,27.2,27.2,27.3,27.1,27.1,27.2,27.1,27.1,27.1,27.2,27.2,27.3,27.3,27.4,27.4,27.5,27.1,27.0,26.8,26.9,27.0,27.0,26.9,26.7,26.9,26.8,27.1,27.1,27.4,27.5,27.6,27.7,27.8,27.6,27.7,27.9,27.7,27.9,27.7,27.9,27.9,27.8,27.8,28.0,28.0,27.9,27.8,27.8,27.9,27.9,27.8,27.9,27.8,27.9,27.6,27.7,27.7,27.7,27.8,27.7,27.6,27.8,27.7,27.9,27.6,27.7,27.8,27.7,27.6,27.5,27.4,27.7
99,27.9,28.0,27.8,27.9,28.0,28.0,28.0,27.9,28.1,28.0,28.1,28.0,28.1,28.1,27.9,28.3,28.3,28.0,28.4,28.3,28.5,28.5,28.2,28.4,28.4,28.4,28.4,28.5,28.6,28.6,28.5,28.4,28.6,28.6,28.5,28.5,28.3,28.3,28.0,27.8,27.9,27.6,27.5,27.5,27.5,27.3,27.4,27.4,27.2,27.2,27.4,27.2,27.3,27.1,27.4,27.2,27.0,27.2,27.3,27.3,27.3,27.3,27.3,27.2,27.4,27.3,27.3,27.5,27.5,27.3,27.3,27.3,27.3,27.2,27.4,27.2,27.0,27.3,27.3,27.3,27.3,27.4,27.3,27.0,27.1,27.1,27.2,27.1,27.2,27.1,27.3,27.2,27.3,27.2,27.3,27.1,27.3,27.0,27.3,27.3,27.3,27.2,27.4,27.3,27.2,27.2,27.2,27.3,27.2,27.2,27.2,27.2,27.1,27.1,27.1,27.3,27.1,27.3,27.2,27.2,27.2,27.3,27.1,27.2,27.3,27.3,27.4,27.2,27.2,27.2,27.4,27.0,27.3,27.3,27.2,27.3,27.0,26.9,27.1,26.9,26.9,26.9,26.8,27.0,26.8,27.0,26.9,27.1,27.3,27.5,27.7,27.8,27.7,27.5,27.8,27.8,27.9,27.8,28.0,28.1,27.9,28.0,28.0,28.0,28.1,28.0,27.9,27.9,27.9,27.8,27.8,27.8,27.8,27.9,27.9,27.8,27.8,27.6,27.6,27.7,27.6,27.7,27.8,27.7,27.7,27.5,27.7,27.7,27.8,27.6,27.6,27.7
100,27.8,27.9,28.0,27.9,27.9,28.0,28.0,28.0,27.8,28.0,27.9,28.0,28.1,28.2,28.0,28.0,28.0,28.0,28.2,28.3,28.3,28.2,28.3,28.1,28.2,28.2,28.3,28.1,28.2,28.4,28.4,28.4,28.6,28.5,28.6,28.5,28.4,28.4,28.3,28.2,28.2,28.0,27.8,27.5,27.6,27.7,27.6,27.5,27.3,27.3,27.3,27.3,27.3,27.3,27.3,27.5,27.3,27.4,27.5,27.4,27.3,27.3,27.3,27.3,27.5,27.3,27.4,27.5,27.5,27.5,27.3,27.3,27.3,27.3,27.3,27.3,27.1,27.3,27.3,27.3,27.1,27.2,27.3,27.2,27.1,27.2,27.2,27.2,27.0,27.0,27.1,27.2,27.2,27.2,27.3,27.1,27.1,27.2,27.3,27.2,27.2,27.2,27.1,27.3,27.3,27.1,27.3,27.3,27.2,27.1,27.3,27.2,27.2,27.2,27.1,27.3,27.4,27.1,27.2,27.4,27.0,27.2,27.2,27.1,27.2,27.3,27.2,27.2,27.4,27.2,27.3,27.0,27.2,27.0,27.2,27.2,26.9,27.0,26.9,26.8,26.9,26.8,26.7,26.9,27.0,27.0,27.1,27.4,27.5,27.5,27.7,27.7,27.8,27.6,27.6,27.7,27.7,28.0,28.0,27.8,27.9,28.0,27.8,27.9,27.8,27.9,27.9,27.9,27.7,27.9,27.7,27.7,27.7,27.8,27.8,27.8,27.8,27.8,27.7,27.8,27.8,27.5,27.7,27.8,27.7,27.8,27.8,27.8,27.7,27.5,27.7,27.5
101,27.8,27.8,27.8,27.8,28.1,28.0,27.8,27.8,28.1,28.0,27.9,27.8,27.7,27.9,27.8,27.9,27.9,27.7,27.9,28.1,27.9,28.0,27.8,28.0,27.7,27.8,27.8,27.8,27.9,28.1,28.4,28.4,28.4,28.4,28.6,28.4,28.5,28.5,28.3,28.3,28.3,28.0,27.8,27.8,27.8,27.8,27.9,27.5,27.4,27.5,27.3,27.4,27.3,27.4,27.5,27.4,27.4,27.5,27.5,27.5,27.5,27.4,27.6,27.4,27.3,27.4,27.6,27.3,27.5,27.3,27.4,27.4,27.4,27.3,27.2,27.3,27.3,27.3,27.2,27.1,27.3,27.2,27.3,27.3,27.2,27.3,27.2,27.2,27.2,27.2,27.1,27.2,27.2,27.4,27.2,27.1,27.3,27.2,27.1,27.3,27.2,27.4,27.4,27.2,27.2,27.3,27.4,27.2,27.1,27.2,27.5,27.2,27.3,27.2,27.3,27.1,27.3,27.3,27.3,27.1,27.2,27.2,27.1,27.1,27.3,27.4,27.4,27.3,27.2,27.3,27.3,27.2,27.2,27.2,27.0,27.1,27.0,27.1,27.0,26.9,27.0,26.9,27.0,26.9,26.9,27.0,27.1,27.3,27.3,27.5,27.7,27.5,27.6,27.8,27.9,27.9,27.9,27.8,28.0,27.8,27.9,27.9,27.8,28.0,28.0,28.0,27.8,28.0,27.8,27.8,27.9,27.7,27.6,27.7,27.8,27.8,27.8,27.8,27.9,27.9,27.5,27.7,27.7,27.8,27.6,27.8,27.6,27.6,27.8,27.8,27.5,27.6
102,27.8,27.8,27.5,27.7,27.5,27.8,27.9,27.6,27.8,27.7,27.5,27.5,27.5,27.5,27.3,27.5,27.6,27.3,27.6,27.6,27.8,27.5,27.5,27.5,27.6,27.6,27.5,27.4,27.7,27.6,27.9,28.1,28.4,28.6,28.4,28.5,28.5,28.6,28.6,28.5,28.2,28.1,27.9,27.7,27.8,28.0,27.9,27.6,27.4,27.5,27.4,27.3,27.3,27.5,27.5,27.5,27.5,27.9,27.7,27.8,27.7,27.5,27.5,27.5,27.3,27.4,27.4,27.3,27.4,27.5,27.4,27.4,27.5,27.5,27.3,27.4,27.3,27.3,27.2,27.2,27.4,27.3,27.4,27.2,27.2,27.3,27.2,27.0,27.2,27.1,27.4,27.2,27.2,27.2,27.0,27.1,27.2,27.2,27.2,27.3,27.3,27.3,27.1,27.3,27.3,27.2,27.2,27.3,27.3,27.2,27.3,27.2,27.3,27.3,27.2,27.2,27.3,27.1,27.4,27.2,27.2,27.3,27.1,27.3,27.3,27.4,27.4,27.4,27.3,27.3,27.3,27.3,27.3,27.1,27.0,27.0,26.9,26.9,27.0,27.1,26.9,26.9,26.7,26.9,26.8,26.9,27.0,27.4,27.4,27.5,27.6,27.6,27.7,27.9,27.7,27.8,27.8,27.8,27.9,27.8,28.0,27.9,27.9,27.9,28.0,27.9,27.9,28.0,27.9,27.9,27.9,27.8,27.7,27.8,27.8,27.9,27.9,27.9,27.9,27.8,27.6,27.7,27.7,27.6,27.7,27.8,27.9,27.7,27.7,27.8,27.7,27.7
103,27.3,27.4,27.3,27.3,27.4,27.5,27.3,27.2,27.5,27.5,27.4,27.3,27.3,27.3,27.4,27.2,27.3,27.3,27.3,27.4,27.3,27.5,27.2,27.2,27.1,27.0,27.1,27.1,27.3,27.4,27.6,27.8,28.4,28.5,28.7,28.5,28.5,28.4,28.3,28.6,28.3,28.0,27.8,27.9,27.7,27.8,27.8,27.7,27.5,27.5,27.4,27.5,27.4,27.4,27.5,27.6,27.6,27.6,27.5,27.9,27.6,27.7,27.6,27.4,27.4,27.3,27.4,27.5,27.6,27.3,27.3,27.4,27.4,27.4,27.2,27.3,27.1,27.3,27.1,27.1,27.2,27.2,27.1,27.0,27.2,27.3,27.3,27.2,27.2,27.3,27.1,27.2,27.0,27.2,27.2,27.0,27.1,27.2,27.1,27.3,27.2,27.1,27.2,27.3,27.3,27.3,27.0,27.3,27.2,27.2,27.2,27.3,27.3,27.2,27.3,27.3,27.1,27.1,27.1,27.2,27.2,27.1,27.2,27.1,27.3,27.4,27.3,27.3,27.4,27.2,27.2,27.2,27.2,27.1,27.1,27.0,27.0,27.1,26.8,27.0,26.8,26.7,26.8,26.8,26.9,26.9,27.2,27.2,27.4,27.4,27.6,27.7,27.6,27.7,27.8,27.7,27.8,27.8,27.8,27.8,28.0,27.9,27.8,27.9,27.9,28.1,27.9,28.0,27.8,27.8,27.8,27.8,27.8,27.6,27.8,27.8,27.7,27.8,27.8,27.6,27.7,27.5,27.8,27.5,27.6,27.5,27.6,27.6,27.5,27.4,27.4,27.6
104,27.5,27.5,27.4,27.4,27.3,27.3,27.5,27.3,27.3,27.4,27.4,27.4,27.4,27.4,27.3,27.2,27.3,27.4,27.3,27.3,27.4,27.1,27.3,27.1,27.2,27.1,27.1,27.1,27.2,27.4,27.7,27.8,28.2,28.3,28.6,28.4,28.4,28.4,28.4,28.2,28.3,28.1,27.8,27.6,27.6,27.6,27.5,27.6,27.5,27.4,27.5,27.4,27.4,27.5,27.6,27.3,27.4,27.7,27.6,27.8,27.8,27.5,27.6,27.4,27.6,27.3,27.6,27.3,27.4,27.4,27.5,27.3,27.3,27.4,27.4,27.3,27.4,27.3,27.2,27.3,27.4,27.3,27.2,27.0,27.3,27.2,27.1,27.2,27.1,27.3,27.2,27.2,27.1,27.0,27.2,27.2,27.3,27.2,27.3,27.1,27.3,27.2,27.3,27.4,27.4,27.4,27.3,27.3,27.1,27.3,27.2,27.2,27.3,27.3,27.4,27.1,27.2,27.2,27.2,27.3,27.3,27.2,27.2,27.2,27.4,27.3,27.4,27.3,27.3,27.3,27.4,27.1,27.2,27.2,27.3,27.1,27.0,26.9,27.0,26.9,27.1,26.9,26.9,26.9,26.9,26.9,27.0,27.4,27.3,27.6,27.8,27.7,27.8,27.7,27.7,28.0,27.8,27.8,27.8,27.8,27.9,27.8,27.9,28.0,27.9,28.0,27.9,28.0,27.8,27.9,27.7,27.8,27.8,27.9,27.9,27.9,27.8,27.7,27.8,27.9,27.6,27.8,27.8,27.7,27.7,27.5,27.7,27.5,27.6,27.5,27.7,27.7
105,27.5,27.4,27.5,27.5,27.4,27.7,27.4,27.4,27.3,27.5,27.5,27.4,27.5,27.4,27.1,27.4,27.3,27.5,27.3,27.3,27.5,27.2,27.1,27.3,27.1,27.2,27.2,27.0,27.3,27.5,27.5,27.9,28.3,28.2,28.2,28.3,28.3,28.4,28.0,28.1,27.9,27.9,27.8,27.6,27.7,27.7,27.6,27.6,27.5,27.4,27.6,27.3,27.4,27.5,27.5,27.7,27.6,27.6,27.8,27.5,27.8,27.5,27.5,27.7,27.5,27.5,27.6,27.5,27.5,27.3,27.3,27.5,27.5,27.3,27.4,27.4,27.1,27.1,27.3,27.3,27.2,27.0,27.3,27.3,27.3,27.3,27.3,27.2,27.3,27.2,27.2,27.3,27.1,27.1,27.2,27.1,27.3,27.2,27.2,27.2,27.4,27.3,27.3,27.2,27.3,27.2,27.2,27.2,27.3,27.2,27.3,27.2,27.1,27.2,27.2,27.3,27.2,27.2,27.3,27.2,27.1,27.3,27.4,27.3,27.5,27.5,27.4,27.4,27.2,27.3,27.2,27.0,27.2,27.3,27.0,27.0,27.0,27.0,26.9,27.1,26.9,27.0,26.9,26.6,26.8,26.9,26.9,27.2,27.4,27.5,27.6,27.7,27.6,27.8,27.8,27.9,27.9,27.8,28.0,27.8,28.0,27.8,28.0,28.1,27.9,28.0,27.9,28.0,27.9,28.0,27.8,27.8,27.7,27.9,27.8,27.8,27.7,27.8,27.8,27.7,27.6,27.6,27.8,27.9,27.7,27.5,27.8,27.5,27.7,27.6,27.7,27.6
106,27.6,27.7,27.5,27.3,27.5,27.4,27.4,27.5,27.5,27.5,27.5,27.4,27.5,27.4,27.3,27.4,27.4,27.3,27.5,27.3,27.3,27.3,27.3,27.2,27.3,27.1,27.1,27.1,27.4,27.5,27.4,27.9,28.0,28.4,28.3,28.3,28.1,27.8,27.8,27.8,27.9,27.6,27.6,27.7,27.6,27.5,27.5,27.4,27.7,27.5,27.5,27.5,27.4,27.3,27.5,27.5,27.5,27.5,27.7,27.6,27.7,27.7,27.5,27.5,27.4,27.7,27.5,27.5,27.5,27.5,27.5,27.3,27.4,27.4,27.4,27.4,27.2,27.2,27.2,27.3,27.3,27.2,27.3,27.2,27.4,27.1,27.1,27.2,27.3,27.2,27.3,27.4,27.2,27.1,27.2,27.2,27.0,27.2,27.1,27.2,27.2,27.3,27.3,27.3,27.3,27.2,27.3,27.2,27.0,27.2,27.1,27.3,27.2,27.2,27.2,27.2,27.2,27.2,27.3,27.1,27.2,27.3,27.3,27.3,27.4,27.4,27.4,27.4,27.2,27.2,27.4,27.0,27.2,27.2,27.3,27.1,27.0,27.1,27.0,27.0,26.9,27.1,26.8,26.8,26.8,27.0,27.0,27.3,27.3,27.5,27.5,27.5,27.7,27.7,27.8,28.0,27.8,28.1,27.9,27.9,27.8,27.9,27.9,27.8,27.7,27.8,27.9,27.9,28.0,28.0,27.9,27.8,27.8,27.7,27.7,27.9,27.8,27.7,27.9,27.7,27.7,27.8,27.7,27.8,27.6,27.7,27.7,27.7,27.6,27.6,27.6,27.6
107,27.6,27.5,27.5,27.6,27.6,27.5,27.5,27.5,27.5,27.5,27.4,27.6,27.5,27.5,27.4,27.5,27.5,27.4,27.3,27.4,27.3,27.3,27.2,27.3,27.4,27.3,27.3,27.2,27.3,27.5,27.8,28.2,28.3,28.3,28.2,28.0,27.7,27.8,27.5,27.6,27.6,27.7,27.6,27.5,27.5,27.5,27.5,27.5,27.4,27.4,27.3,27.4,27.3,27.2,27.2,27.5,27.6,27.4,27.5,27.5,27.6,27.5,27.5,27.7,27.5,27.5,27.4,27.5,27.4,27.3,27.5,27.4,27.4,27.4,27.4,27.1,27.3,27.2,27.3,27.4,27.1,27.2,27.2,27.3,27.1,27.2,27.3,27.1,27.1,27.2,26.9,27.3,26.9,27.1,27.0,27.2,27.1,27.1,27.0,27.1,27.3,27.2,27.2,27.3,27.3,27.2,27.2,27.1,27.2,27.3,27.2,27.2,27.2,27.1,27.3,27.1,27.3,27.2,27.2,27.2,27.3,27.3,27.3,27.4,27.4,27.3,27.4,27.3,27.3,27.2,27.1,27.0,27.3,27.3,27.5,27.3,27.1,26.9,26.9,26.9,26.9,26.9,26.9,26.8,26.7,26.8,27.0,27.0,27.3,27.5,27.5,27.6,27.8,27.7,27.8,27.9,27.8,27.8,27.9,27.7,27.9,27.9,27.8,27.9,28.0,27.9,27.9,28.0,27.9,27.8,28.0,27.7,27.7,27.6,27.7,27.9,27.7,27.7,27.6,27.8,27.6,27.7,27.7,27.8,27.6,27.8,27.6,27.5,27.7,27.6,27.6,27.6
108,27.7,27.6,27.5,27.6,27.6,27.6,27.6,27.5,27.6,27.5,27.5,27.7,27.4,27.5,27.5,27.5,27.5,27.4,27.6,27.4,27.5,27.4,27.4,27.3,27.3,27.3,27.0,27.1,27.3,27.7,28.0,28.4,28.5,28.6,28.3,28.2,27.9,27.7,27.6,27.6,27.6,27.6,27.6,27.4,27.3,27.3,27.6,27.5,27.4,27.4,27.5,27.4,27.3,27.3,27.5,27.5,27.7,27.5,27.5,27.7,27.6,27.6,27.4,27.5,27.4,27.4,27.3,27.5,27.5,27.5,27.4,27.4,27.4,27.4,27.4,27.4,27.4,27.2,27.3,27.3,27.2,27.2,27.2,27.3,27.3,27.1,27.2,27.2,27.4,27.2,27.1,27.0,27.1,27.1,27.1,27.3,27.1,27.2,27.1,27.3,27.3,27.3,27.3,27.2,27.2,27.3,27.2,27.3,27.2,27.2,27.3,27.3,27.3,27.2,27.2,27.2,27.4,27.2,27.3,27.2,27.3,27.3,27.2,27.5,27.5,27.3,27.4,27.2,27.2,27.2,27.3,27.1,27.5,27.4,27.4,27.3,27.1,26.9,26.9,26.9,27.0,27.0,26.9,26.9,26.7,26.9,26.9,27.2,27.4,27.5,27.5,27.7,27.6,27.7,27.8,27.8,27.7,27.8,28.0,27.9,27.8,27.8,27.9,27.9,28.0,27.9,28.0,27.9,28.1,27.8,27.8,27.8,27.7,27.8,27.8,27.7,27.8,27.7,27.6,27.8,27.6,27.8,27.7,27.7,27.7,27.6,27.6,27.7,27.6,27.6,27.6,27.8
109,27.5,27.6,27.4,27.6,27.7,27.5,27.7,27.6,27.5,27.6,27.5,27.6,27.6,27.6,27.8,27.7,27.8,27.6,27.5,27.5,27.5,27.5,27.5,27.4,27.1,27.2,27.2,27.2,27.4,27.8,28.2,28.6,28.9,28.8,28.6,28.4,27.9,27.6,27.7,27.4,27.6,27.4,27.6,27.6,27.6,27.6,27.4,27.5,27.5,27.5,27.5,27.3,27.5,27.4,27.5,27.4,27.5,27.5,27.5,27.4,27.6,27.5,27.5,27.5,27.5,27.5,27.4,27.3,27.3,27.4,27.6,27.3,27.6,27.4,27.3,27.2,27.3,27.5,27.3,27.5,27.2,27.3,27.3,27.3,27.3,27.3,27.4,27.3,27.2,27.3,27.3,27.3,27.3,27.3,27.2,27.2,27.1,27.2,27.0,27.2,27.3,27.2,27.4,27.3,27.3,27.3,27.3,27.2,27.4,27.4,27.2,27.2,27.1,27.0,27.3,27.2,27.3,27.2,27.3,27.2,27.2,27.3,27.2,27.3,27.4,27.3,27.3,27.1,27.3,27.1,27.4,27.3,27.6,27.5,27.5,27.4,27.2,27.0,27.1,26.9,26.8,27.1,26.8,26.9,26.9,26.8,26.9,27.0,27.5,27.5,27.5,27.5,27.8,27.6,27.5,27.9,27.8,27.9,27.9,27.7,27.8,27.8,27.9,28.0,28.0,27.9,28.0,27.8,27.9,27.8,27.8,27.8,27.8,27.7,27.8,27.9,28.0,27.6,27.7,27.8,27.7,27.7,27.7,27.7,27.8,27.7,27.8,27.6,27.8,27.5,27.7,27.6
110,27.6,27.6,27.4,27.6,27.5,27.9,27.5,27.7,27.6,27.5,27.6,27.5,27.6,27.4,27.6,27.5,27.5,27.3,27.7,27.5,27.5,27.5,27.3,27.4,27.5,27.3,27.3,27.4,27.5,27.7,28.3,28.7,29.1,28.8,28.6,28.2,28.0,27.7,27.6,27.6,27.6,27.5,27.5,27.6,27.4,27.5,27.5,27.5,27.4,27.4,27.3,27.4,27.3,27.5,27.3,27.5,27.5,27.4,27.5,27.5,27.5,27.4,27.6,27.5,27.6,27.6,27.3,27.4,27.5,27.1,27.3,27.5,27.4,27.2,27.2,27.4,27.3,27.4,27.3,27.4,27.3,27.3,27.4,27.3,27.1,27.3,27.2,27.3,27.2,27.2,27.3,27.2,27.3,27.1,27.3,27.3,27.2,27.2,27.1,27.2,27.2,27.3,27.2,27.2,27.1,27.2,27.1,27.2,27.3,27.1,27.2,27.2,27.2,27.1,27.3,27.2,27.1,27.2,27.4,27.4,27.2,27.3,27.2,27.3,27.2,27.3,27.3,27.4,27.3,27.3,27.4,27.4,27.5,27.6,27.6,27.4,27.1,27.1,26.8,27.0,26.9,26.9,26.8,26.9,26.8,26.9,27.0,27.2,27.3,27.3,27.5,27.6,27.7,27.6,27.7,27.7,27.8,28.0,28.0,28.0,28.0,27.9,28.0,28.0,28.1,27.9,28.0,27.9,27.9,27.8,27.8,28.0,28.0,27.9,28.0,27.8,27.7,27.9,27.7,27.8,27.8,27.9,27.8,27.7,27.7,27.7,27.8,27.6,27.6,27.5,27.5,27.8
111,27.6,27.7,27.7,27.8,27.6,27.6,27.7,27.8,27.8,27.8,27.8,27.7,27.6,27.7,27.5,27.6,27.6,27.5,27.6,27.4,27.5,27.4,27.4,27.5,27.3,27.4,27.3,27.4,27.8,27.9,28.4,28.8,29.2,29.0,28.8,28.5,27.9,27.7,27.8,27.5,27.7,27.6,27.6,27.5,27.6,27.5,27.6,27.5,27.7,27.6,27.5,27.3,27.5,27.4,27.4,27.3,27.3,27.3,27.3,27.4,27.4,27.6,27.5,27.4,27.5,27.5,27.2,27.3,27.4,27.3,27.4,27.4,27.5,27.5,27.3,27.3,27.4,27.3,27.3,27.3,27.4,27.2,27.2,27.2,27.3,27.3,27.4,27.3,27.2,27.2,27.2,27.3,27.2,27.5,27.3,27.1,27.1,27.2,27.1,27.2,27.5,27.3,27.3,27.3,27.3,27.3,27.2,27.0,27.2,27.1,27.0,27.3,27.1,27.1,27.2,27.3,27.2,27.2,27.3,27.4,27.2,27.1,27.0,27.3,27.4,27.4,27.4,27.5,27.4,27.4,27.7,27.5,27.6,27.6,27.5,27.4,27.2,26.9,27.0,27.1,27.0,26.8,26.9,27.0,26.9,26.9,26.9,27.2,27.3,27.3,27.6,27.7,27.7,27.6,27.8,28.1,27.8,27.9,28.0,27.9,27.9,28.0,27.9,27.9,28.0,27.9,27.8,27.8,28.0,28.0,27.8,27.9,27.8,27.9,27.8,27.8,27.8,27.9,27.8,27.7,27.7,27.7,27.8,27.8,27.7,27.6,27.9,27.9,27.5,27.6,27.6,27.7
112,27.7,27.7,27.5,27.8,27.7,27.8,27.8,27.8,27.7,27.8,27.8,27.7,27.7,27.8,27.7,27.8,27.7,27.5,27.6,27.5,27.7,27.4,27.6,27.3,27.4,27.2,27.3,27.3,27.6,28.0,28.5,28.9,29.1,28.9,28.7,28.4,28.0,27.6,27.6,27.6,27.6,27.7,27.5,27.4,27.5,27.3,27.6,27.4,27.5,27.4,27.5,27.6,27.5,27.5,27.3,27.3,27.3,27.3,27.4,27.5,27.4,27.5,27.5,27.5,27.5,27.6,27.4,27.3,27.4,27.1,27.4,27.4,27.4,27.4,27.2,27.4,27.3,27.2,27.5,27.3,27.2,27.3,27.2,27.4,27.4,27.4,27.3,27.3,27.3,27.1,27.2,27.2,27.2,27.2,27.2,27.2,27.2,27.1,27.2,27.2,27.4,27.2,27.3,27.2,27.3,27.3,27.2,27.4,27.2,27.2,27.2,27.2,27.2,27.1,27.2,27.3,27.2,27.1,27.1,27.3,27.3,27.1,27.2,27.2,27.4,27.4,27.4,27.4,27.4,27.4,27.5,27.5,27.5,27.5,27.7,27.5,27.1,27.0,27.0,26.9,26.9,26.9,26.9,26.8,26.8,26.8,26.9,27.2,27.3,27.5,27.6,27.6,27.7,27.6,27.9,27.9,27.8,27.9,27.9,28.0,28.1,28.2,27.8,28.0,28.0,28.1,27.9,28.0,28.0,28.1,27.9,27.8,27.8,27.9,27.8,27.8,27.8,27.6,27.7,27.7,27.8,27.6,27.6,27.6,27.8,27.7,27.8,27.8,27.7,27.7,27.6,27.7
113,27.8,27.8,27.7,27.8,27.8,27.7,27.6,27.7,27.6,27.5,27.7,27.8,27.8,27.9,27.8,27.8,27.6,27.6,27.6,27.5,27.6,27.6,27.4,27.4,27.4,27.4,27.6,27.4,27.6,27.9,28.4,28.9,29.2,29.0,28.7,28.4,27.9,27.7,27.5,27.5,27.5,27.7,27.5,27.6,27.6,27.5,27.7,27.4,27.6,27.6,27.6,27.5,27.4,27.5,27.4,27.3,27.2,27.1,27.4,27.5,27.8,27.6,27.5,27.5,27.4,27.6,27.4,27.2,27.4,27.3,27.3,27.3,27.3,27.3,27.4,27.3,27.4,27.3,27.4,27.4,27.1,27.4,27.2,27.3,27.4,27.3,27.2,27.2,27.3,27.3,27.3,27.1,27.3,27.1,27.2,27.3,27.1,27.3,27.2,27.3,27.4,27.3,27.4,27.3,27.3,27.2,27.3,27.2,27.3,27.2,27.2,27.2,27.1,27.2,27.2,27.1,27.1,27.4,27.3,27.3,27.3,27.3,27.3,27.1,27.4,27.3,27.5,27.5,27.5,27.7,27.6,27.4,27.6,27.5,27.4,27.5,27.2,27.0,26.9,27.0,26.9,26.7,26.8,26.8,26.9,26.8,27.1,27.2,27.3,27.5,27.5,27.6,27.7,27.6,27.7,27.8,28.0,27.8,28.0,28.1,28.0,27.9,28.0,27.9,28.0,28.0,27.8,28.1,28.0,27.9,28.1,27.8,27.9,27.8,27.7,27.7,27.8,27.7,27.7,27.8,27.7,27.8,27.8,27.9,27.7,27.5,27.8,27.7,27.8,27.7,27.4,27.8
114,27.8,27.8,27.8,27.8,27.7,27.8,27.5,27.6,27.7,27.7,27.7,27.7,27.8,27.9,27.7,27.7,27.8,27.6,27.5,27.6,27.7,27.6,27.4,27.6,27.3,27.4,27.4,27.6,27.6,28.2,28.5,28.8,29.1,28.9,28.6,28.0,27.8,27.7,27.7,27.5,27.6,27.5,27.5,27.4,27.5,27.5,27.5,27.4,27.5,27.3,27.5,27.5,27.5,27.4,27.4,27.3,27.0,27.0,27.2,27.5,27.6,27.5,27.5,27.5,27.5,27.6,27.5,27.4,27.4,27.2,27.4,27.3,27.3,27.6,27.3,27.4,27.4,27.2,27.3,27.3,27.3,27.2,27.4,27.2,27.3,27.3,27.3,27.3,27.3,27.2,27.3,27.2,27.2,27.3,27.1,27.2,27.1,27.1,27.2,27.2,27.2,27.3,27.2,27.3,27.1,27.2,27.1,27.1,27.3,27.1,27.1,27.2,27.3,27.3,27.1,27.2,27.3,27.3,27.2,27.2,27.2,27.3,27.2,27.2,27.3,27.3,27.6,27.4,27.7,27.6,27.7,27.6,27.5,27.6,27.6,27.4,27.3,26.9,27.1,27.0,26.8,26.9,26.8,26.8,26.7,26.9,26.9,27.2,27.3,27.5,27.4,27.5,27.7,27.6,27.7,27.8,27.8,27.9,28.0,28.0,28.0,28.0,28.0,27.9,27.9,27.8,27.8,27.9,27.8,28.0,28.0,27.8,27.9,27.8,27.9,27.8,27.9,27.9,27.5,27.6,27.8,27.8,27.9,27.8,27.6,27.8,27.8,27.8,27.8,27.6,27.5,27.7
115,27.8,27.8,27.7,27.8,27.8,27.9,27.6,27.7,27.9,27.8,27.8,27.7,27.8,27.6,27.8,27.8,27.7,27.6,27.7,27.4,27.5,27.6,27.5,27.5,27.4,27.3,27.5,27.2,27.6,28.0,28.6,28.8,29.1,28.9,28.7,28.3,27.8,27.8,27.7,27.6,27.5,27.7,27.5,27.6,27.5,27.5,27.4,27.4,27.5,27.6,27.7,27.7,27.4,27.6,27.3,27.4,27.2,27.2,27.3,27.6,27.6,27.7,27.6,27.4,27.5,27.5,27.4,27.4,27.2,27.4,27.3,27.3,27.4,27.3,27.3,27.4,27.5,27.4,27.3,27.3,27.3,27.3,27.4,27.4,27.4,27.3,27.2,27.4,27.3,27.0,27.1,27.3,27.3,27.3,27.2,27.3,27.4,27.0,27.3,27.5,27.3,27.2,27.2,27.3,27.3,27.3,27.3,27.3,27.3,27.3,27.3,27.0,27.2,27.1,27.2,27.2,27.2,27.2,27.2,27.4,27.3,27.3,27.3,27.2,27.3,27.6,27.6,27.7,27.6,27.5,27.7,27.5,27.5,27.5,27.6,27.4,27.1,27.0,27.0,26.9,26.9,26.9,26.9,26.9,26.8,27.0,26.9,27.3,27.4,27.5,27.6,27.5,27.5,27.8,27.7,28.0,27.9,27.9,27.9,27.9,28.0,27.8,28.1,27.9,28.0,27.9,28.1,28.0,28.0,27.8,27.9,28.0,28.0,27.9,27.9,28.0,27.9,27.8,27.7,27.8,27.8,27.8,27.8,27.8,27.7,27.8,27.8,27.8,27.9,27.6,27.5,27.6
116,27.9,27.7,27.6,27.8,27.8,27.7,27.8,27.8,27.8,27.8,27.8,27.8,27.8,27.8,27.7,27.8,27.8,27.5,27.5,27.5,27.5,27.5,27.4,27.5,27.5,27.3,27.4,27.6,27.7,28.1,28.4,28.9,29.0,28.9,28.5,28.4,27.8,27.6,27.5,27.5,27.4,27.5,27.5,27.5,27.5,27.5,27.7,27.5,27.6,27.5,27.5,27.5,27.4,27.5,27.3,27.4,27.3,27.1,27.3,27.6,27.6,27.6,27.6,27.7,27.5,27.5,27.6,27.5,27.3,27.3,27.4,27.4,27.3,27.2,27.4,27.4,27.3,27.2,27.3,27.3,27.3,27.3,27.3,27.5,27.3,27.0,27.2,27.2,27.2,27.3,27.3,27.2,27.3,27.2,27.2,27.2,27.0,26.9,27.3,27.3,27.3,27.2,27.3,27.2,27.2,27.2,27.1,27.2,27.1,27.2,27.1,27.2,27.2,27.1,27.1,27.2,27.1,27.2,27.1,27.3,27.1,27.3,27.4,27.2,27.3,27.5,27.5,27.5,27.5,27.6,27.5,27.4,27.4,27.8,27.5,27.1,27.1,27.1,26.8,26.9,27.0,26.9,26.9,26.7,26.8,26.9,27.1,27.2,27.4,27.5,27.6,27.7,27.7,27.7,27.7,27.7,27.7,27.9,27.9,28.0,28.1,28.0,27.8,27.9,27.9,28.0,27.8,27.9,27.8,27.8,27.9,27.9,27.8,27.9,27.9,27.7,27.8,27.9,27.8,27.7,27.7,27.8,27.7,27.8,27.9,27.7,27.7,27.8,27.6,27.6,27.7,27.8
117,27.8,27.8,27.7,27.9,28.0,27.8,27.9,27.8,27.9,27.8,27.8,27.7,27.9,27.9,27.8,27.7,27.8,27.6,27.8,27.7,27.5,27.7,27.5,27.5,27.5,27.4,27.5,27.5,27.7,28.2,28.6,29.0,29.0,28.8,28.9,28.3,27.8,27.8,27.6,27.6,27.5,27.5,27.5,27.6,27.6,27.6,27.5,27.5,27.5,27.6,27.5,27.3,27.4,27.5,27.5,27.2,27.2,27.1,27.2,27.4,27.6,27.5,27.5,27.6,27.6,27.7,27.6,27.5,27.5,27.4,27.4,27.3,27.4,27.4,27.4,27.5,27.2,27.4,27.4,27.5,27.4,27.3,27.5,27.4,27.4,27.2,27.4,27.3,27.3,27.3,27.3,27.1,27.3,27.1,27.3,27.1,27.4,27.3,27.3,27.3,27.3,27.4,27.2,27.2,27.4,27.3,27.4,27.2,27.1,27.2,27.2,27.1,27.1,27.3,27.3,27.2,27.2,27.1,27.3,27.3,27.0,27.4,27.3,27.1,27.2,27.4,27.5,27.4,27.4,27.6,27.7,27.5,27.5,27.6,27.6,27.3,27.2,27.0,26.9,27.0,26.9,26.9,27.0,26.8,26.9,26.6,27.0,27.1,27.4,27.6,27.7,27.7,27.6,27.6,27.8,28.0,27.8,27.8,27.8,27.9,28.0,28.0,28.0,28.0,28.0,28.0,27.8,27.9,27.8,27.9,27.8,27.8,27.8,27.9,27.8,27.8,28.0,27.8,27.8,27.7,27.7,27.8,27.8,27.8,27.8,27.9,27.7,27.6,27.7,27.5,27.6,27.6
118,27.9,27.9,27.8,27.8,27.8,28.0,28.0,27.8,27.8,27.9,27.8,27.7,27.7,27.8,27.7,27.7,27.7,27.7,27.8,27.6,27.6,27.5,27.4,27.6,27.5,27.3,27.3,27.4,27.6,28.1,28.5,28.8,29.1,28.7,28.4,28.1,27.7,27.5,27.5,27.6,27.6,27.6,27.6,27.5,27.4,27.5,27.7,27.5,27.3,27.4,27.5,27.5,27.4,27.3,27.4,27.1,27.0,27.1,27.3,27.5,27.8,27.5,27.6,27.6,27.4,27.5,27.4,27.4,27.4,27.2,27.5,27.3,27.3,27.3,27.4,27.3,27.3,27.2,27.4,27.4,27.4,27.3,27.5,27.5,27.3,27.4,27.4,27.3,27.3,27.2,27.2,27.3,27.4,27.3,27.0,27.4,27.3,27.4,27.3,27.4,27.4,27.3,27.4,27.1,27.3,27.3,27.1,27.2,27.3,27.2,27.1,27.0,27.3,27.1,27.1,27.2,27.1,27.3,27.1,27.3,27.2,27.3,27.3,27.3,27.3,27.1,27.2,27.3,27.5,27.4,27.4,27.5,27.6,27.6,27.8,27.3,27.0,26.8,26.9,27.0,27.0,26.9,26.7,26.7,26.9,26.9,27.0,27.3,27.3,27.5,27.4,27.7,27.8,27.6,27.8,27.8,27.9,27.9,27.9,27.8,28.1,28.0,28.0,28.0,28.1,27.9,28.0,27.9,27.9,28.0,27.9,27.7,27.9,27.8,27.7,27.8,27.8,27.9,27.6,27.7,27.8,27.8,27.7,27.7,27.6,27.7,27.8,27.7,27.6,27.6,27.5,27.7
119,27.8,28.0,27.9,27.8,27.8,27.8,27.7,28.0,27.6,27.7,28.0,27.8,27.7,27.8,27.8,28.0,27.6,27.6,27.8,27.5,27.5,27.5,27.4,27.5,27.5,27.4,27.4,27.5,27.6,28.1,28.6,28.9,29.0,29.0,28.6,28.2,27.8,27.6,27.5,27.5,27.5,27.5,27.5,27.6,27.6,27.7,27.5,27.6,27.5,27.5,27.6,27.5,27.5,27.3,27.3,27.3,27.0,27.0,27.2,27.4,27.4,27.5,27.5,27.7,27.7,27.5,27.5,27.4,27.4,27.3,27.3,27.2,27.3,27.4,27.3,27.4,27.4,27.4,27.3,27.4,27.3,27.3,27.2,27.5,27.4,27.3,27.4,27.4,27.3,27.3,27.3,27.3,27.3,27.3,27.4,27.3,27.4,27.2,27.3,27.3,27.3,27.4,27.3,27.2,27.2,27.2,27.3,27.2,27.2,27.0,27.2,27.3,27.2,27.1,27.2,27.2,27.2,27.3,27.1,27.3,27.3,27.1,27.3,27.2,27.1,27.4,27.3,27.4,27.3,27.3,27.5,27.6,27.5,27.7,27.8,27.6,27.3,27.1,26.9,26.9,26.9,27.0,26.9,27.0,26.8,27.0,26.9,27.2,27.5,27.5,27.8,27.8,27.8,27.6,27.7,27.8,27.8,27.7,28.1,27.8,28.0,28.0,28.0,28.1,28.3,28.0,28.0,28.0,28.0,27.8,27.8,27.8,27.8,27.9,27.9,27.8,27.8,27.8,27.8,27.8,27.8,27.8,27.8,27.6,27.7,27.6,27.6,27.8,27.6,27.6,27.6,27.8
120,27.8,27.8,27.9,27.9,27.8,27.9,27.8,27.9,27.9,28.0,27.9,27.9,27.8,27.8,28.0,27.8,27.8,27.7,27.8,27.7,27.7,27.7,27.7,27.5,27.4,27.6,27.4,27.5,28.0,28.2,28.7,28.8,29.0,28.8,28.6,28.0,27.7,27.6,27.5,27.6,27.5,27.7,27.3,27.5,27.5,27.5,27.6,27.6,27.7,27.5,27.5,27.4,27.5,27.5,27.4,27.3,27.3,27.1,27.3,27.4,27.5,27.6,27.5,27.5,27.4,27.3,27.5,27.4,27.5,27.4,27.5,27.4,27.3,27.1,27.3,27.4,27.4,27.2,27.5,27.5,27.3,27.3,27.3,27.3,27.4,27.3,27.2,27.3,27.2,27.3,27.2,27.4,27.4,27.3,27.3,27.3,27.3,27.2,27.3,27.2,27.1,27.1,27.2,27.2,27.3,27.1,27.2,27.1,27.1,27.1,27.1,27.2,27.1,27.1,27.1,27.1,27.3,27.3,27.3,27.3,27.2,27.1,27.3,27.1,27.1,27.3,27.4,27.3,27.5,27.4,27.4,27.5,28.1,28.1,27.9,27.5,27.4,27.1,27.1,26.8,27.1,26.9,26.8,26.9,27.0,26.7,27.1,27.1,27.5,27.6,27.5,27.5,27.8,27.7,27.8,27.8,27.9,27.8,28.0,27.8,28.0,27.9,28.0,27.9,28.1,28.0,28.0,28.0,27.9,27.8,27.9,28.0,27.8,27.8,27.8,27.9,27.9,28.0,27.7,27.8,27.7,27.8,27.7,27.6,27.8,27.7,27.6,27.7,27.6,27.8,27.7,27.6
121,27.9,28.0,27.8,28.0,27.9,27.8,27.8,27.9,27.9,28.0,27.6,27.8,27.7,27.9,27.8,27.7,27.8,27.7,27.8,27.7,27.7,27.7,27.5,27.5,27.3,27.4,27.5,27.7,27.9,28.3,28.6,28.9,29.1,28.6,28.5,28.0,27.7,27.6,27.6,27.5,27.5,27.5,27.6,27.6,27.5,27.5,27.5,27.6,27.5,27.5,27.6,27.5,27.5,27.3,27.2,27.1,27.1,27.1,27.0,27.5,27.5,27.5,27.5,27.5,27.6,27.5,27.5,27.5,27.4,27.2,27.4,27.3,27.4,27.3,27.3,27.3,27.3,27.3,27.3,27.3,27.2,27.3,27.3,27.3,27.3,27.3,27.4,27.3,27.3,27.3,27.3,27.2,27.3,27.3,27.1,27.3,27.1,27.3,27.3,27.1,27.1,27.3,27.3,27.3,27.1,27.2,27.1,27.3,27.1,27.2,27.1,27.0,27.2,27.1,27.0,27.2,27.1,27.0,27.1,27.1,27.0,27.1,27.4,27.1,27.3,27.0,27.5,27.3,27.3,27.5,27.7,27.7,28.0,28.1,28.0,27.6,27.3,26.9,27.1,26.9,26.8,27.1,26.7,26.9,26.8,26.8,26.9,27.2,27.2,27.6,27.5,27.5,27.8,27.6,27.5,27.7,27.9,27.8,28.0,27.9,28.0,27.9,27.8,28.0,28.0,27.9,28.0,28.0,28.1,28.0,27.9,27.8,27.8,27.7,27.8,27.7,27.9,27.8,27.8,27.9,27.9,27.6,27.6,27.7,27.8,27.5,27.6,27.8,27.7,27.6,27.6,27.7
122,28.0,27.9,27.8,27.9,27.8,27.9,28.0,27.9,27.7,27.8,27.8,27.8,27.7,27.9,27.8,27.8,27.9,27.7,27.8,27.6,27.6,27.5,27.4,27.5,27.4,27.4,27.5,27.5,27.7,28.1,28.6,29.0,29.1,28.8,28.4,27.9,27.7,27.6,27.4,27.6,27.6,27.5,27.6,27.5,27.5,27.4,27.5,27.5,27.5,27.5,27.4,27.5,27.4,27.5,27.2,27.2,27.1,27.1,27.2,27.4,27.6,27.4,27.6,27.5,27.5,27.5,27.6,27.5,27.4,27.4,27.4,27.6,27.5,27.3,27.3,27.3,27.4,27.3,27.3,27.4,27.2,27.3,27.3,27.4,27.4,27.3,27.3,27.3,27.3,27.2,27.1,27.3,27.3,27.3,26.9,27.3,27.3,27.3,27.1,27.1,27.2,27.2,27.2,27.2,27.2,27.1,27.2,27.3,27.0,27.1,27.2,27.2,27.3,27.1,27.0,27.1,27.2,27.1,27.1,27.2,27.0,27.3,27.3,27.1,27.3,27.2,27.2,27.3,27.3,27.4,27.4,27.6,27.8,28.0,27.7,27.6,27.1,26.9,26.9,26.9,26.8,26.8,26.6,26.8,26.9,26.8,26.8,27.3,27.4,27.5,27.5,27.4,27.7,27.6,27.8,27.9,27.9,27.9,28.0,27.8,28.0,28.0,27.9,27.9,28.0,27.9,27.8,27.9,27.9,27.8,27.8,27.7,27.6,28.0,27.8,27.7,27.9,27.8,27.7,27.8,27.8,27.8,27.7,27.9,27.5,27.7,27.7,27.8,27.6,27.5,27.6,27.4
123,27.9,28.0,27.7,28.0,27.8,27.9,27.9,27.9,27.9,28.0,27.8,27.8,27.9,27.8,27.7,27.9,27.7,27.7,27.8,27.7,27.8,27.8,27.6,27.6,27.5,27.4,27.6,27.6,27.9,28.2,28.7,29.0,29.1,28.8,28.4,28.0,27.6,27.7,27.7,27.5,27.5,27.5,27.6,27.4,27.5,27.6,27.8,27.6,27.5,27.5,27.5,27.6,27.6,27.5,27.3,27.3,27.1,27.1,27.2,27.5,27.6,27.5,27.4,27.4,27.6,27.6,27.4,27.5,27.5,27.3,27.4,27.3,27.2,27.5,27.3,27.4,27.3,27.4,27.4,27.2,27.4,27.2,27.4,27.3,27.5,27.3,27.5,27.4,27.4,27.3,27.3,27.3,27.3,27.3,27.3,27.1,27.2,27.1,27.2,27.2,27.3,27.2,27.3,27.2,27.3,27.1,27.2,27.1,27.3,26.9,27.2,27.1,27.1,27.2,27.2,27.0,27.3,27.3,27.1,27.2,27.1,27.2,27.3,27.1,27.4,27.3,27.4,27.3,27.4,27.4,27.4,27.7,27.6,27.7,27.7,27.6,27.1,27.3,27.1,27.0,26.9,26.8,26.9,26.8,26.7,26.8,27.0,27.2,27.3,27.5,27.6,27.7,27.8,27.7,27.8,27.8,27.7,27.8,27.9,27.9,28.0,27.9,28.0,28.0,28.0,27.9,28.1,28.0,27.9,27.8,27.8,27.8,28.0,27.8,27.9,27.9,27.8,27.9,28.0,27.8,27.8,27.8,28.0,27.8,27.7,27.7,27.7,27.5,27.7,27.6,27.8,27.6
124,27.9,28.0,27.9,27.8,28.0,27.8,28.1,27.8,27.8,27.8,27.8,27.9,28.0,27.8,27.8,28.0,27.8,27.6,27.7,27.7,27.6,27.5,27.5,27.6,27.5,27.5,27.5,27.6,27.9,28.2,28.6,28.9,29.0,28.8,28.5,27.8,27.8,27.6,27.5,27.5,27.6,27.6,27.5,27.5,27.5,27.6,27.5,27.7,27.5,27.5,27.5,27.4,27.5,27.3,27.3,27.2,27.1,27.0,27.1,27.5,27.6,27.6,27.5,27.7,27.7,27.6,27.4,27.4,27.6,27.3,27.3,27.4,27.4,27.5,27.4,27.5,27.2,27.5,27.4,27.2,27.3,27.3,27.1,27.3,27.4,27.1,27.2,27.3,27.3,27.4,27.4,27.4,27.1,27.3,27.3,27.4,27.2,27.1,27.2,27.3,27.3,27.3,27.1,27.3,27.1,27.0,27.2,27.1,27.0,27.2,27.2,27.2,27.3,27.1,27.3,27.0,27.3,27.3,27.2,27.3,27.2,27.3,27.2,27.0,27.0,27.1,27.3,27.2,27.3,27.3,27.3,27.4,27.5,27.5,27.4,27.4,27.0,26.9,26.8,26.9,26.9,27.0,26.9,26.8,26.8,26.8,26.9,27.3,27.5,27.5,27.6,27.4,27.6,27.8,27.7,27.9,27.8,28.0,28.0,27.8,27.9,28.0,27.9,28.0,28.0,28.0,27.9,28.0,28.0,27.9,27.9,28.0,27.8,27.8,27.8,27.9,27.8,27.7,27.9,27.9,27.8,27.8,27.8,27.9,27.5,27.7,27.7,27.6,27.5,27.5,27.7,27.6
125,27.8,28.0,28.0,27.9,28.1,28.0,28.0,27.9,28.0,28.0,27.9,28.1,28.0,27.9,27.9,27.8,28.0,27.6,27.8,27.7,27.7,27.6,27.5,27.5,27.5,27.7,27.5,27.7,28.0,28.3,28.7,29.0,28.9,28.7,28.5,28.0,27.9,27.7,27.6,27.6,27.7,27.4,27.5,27.5,27.5,27.6,27.5,27.6,27.5,27.6,27.7,27.6,27.5,27.3,27.3,27.2,27.0,26.9,27.1,27.4,27.4,27.5,27.6,27.6,27.6,27.5,27.5,27.5,27.5,27.5,27.3,27.4,27.4,27.5,27.4,27.3,27.4,27.5,27.6,27.4,27.3,27.3,27.4,27.5,27.5,27.4,27.3,27.3,27.2,27.3,27.2,27.4,27.4,27.5,27.2,27.3,27.3,27.2,27.2,27.5,27.2,27.1,27.2,27.3,27.4,27.3,27.1,27.2,27.2,27.1,27.1,27.2,27.3,27.2,27.2,27.1,27.2,27.3,27.2,27.1,27.2,27.3,27.1,27.1,27.1,26.9,27.3,27.2,27.3,27.5,27.3,27.3,27.4,27.4,27.1,27.1,27.1,26.9,27.0,26.9,27.0,26.9,26.9,26.8,26.9,27.0,26.9,27.2,27.4,27.4,27.6,27.7,27.7,27.7,27.6,27.9,27.9,27.9,27.9,27.9,28.0,27.8,28.0,27.8,27.8,28.1,28.0,28.1,28.0,27.9,27.9,28.0,27.9,27.9,27.8,27.8,27.9,27.8,27.8,27.9,27.9,27.9,27.8,27.7,27.7,27.7,27.7,27.7,27.8,27.7,27.7,27.6
126,27.9,27.9,27.8,28.1,28.1,28.0,27.9,28.0,28.1,27.9,28.0,27.8,27.9,27.9,27.9,27.8,27.8,27.8,27.8,27.7,27.8,27.7,27.6,27.6,27.5,27.6,27.5,27.6,27.8,28.2,28.9,29.0,29.0,28.6,28.3,27.9,27.8,27.8,27.6,27.6,27.5,27.5,27.6,27.6,27.5,27.5,27.4,27.6,27.5,27.5,27.6,27.6,27.5,27.2,27.5,27.2,26.8,26.9,27.1,27.5,27.5,27.6,27.5,27.7,27.6,27.5,27.5,27.4,27.6,27.3,27.4,27.3,27.4,27.5,27.3,27.4,27.3,27.5,27.3,27.3,27.3,27.2,27.4,27.2,27.3,27.2,27.3,27.4,27.4,27.3,27.1,27.1,27.3,27.4,27.3,27.2,27.2,27.1,27.2,27.2,27.2,27.1,27.2,27.2,27.2,27.2,27.2,27.1,27.1,27.4,27.2,27.2,27.1,27.1,27.1,27.1,27.1,27.1,27.2,27.0,27.2,27.2,27.1,27.3,27.2,26.9,27.3,27.1,27.3,27.1,27.2,27.2,27.3,27.2,27.2,26.9,27.0,27.0,27.0,26.8,26.9,26.9,26.8,26.9,26.8,27.0,26.9,27.2,27.4,27.5,27.7,27.6,27.8,28.0,27.8,27.9,27.8,28.1,27.9,27.9,27.9,28.0,28.0,27.8,27.9,27.9,28.0,28.1,27.9,27.9,27.8,28.0,27.8,27.8,27.8,27.9,27.9,27.8,27.8,28.0,27.9,27.9,27.9,27.8,27.8,27.7,27.7,27.8,27.6,27.6,27.7,27.7
127,27.8,27.9,28.0,27.8,28.0,27.9,27.8,28.1,28.1,28.0,28.0,27.9,28.0,27.8,27.9,28.0,27.8,27.7,27.9,27.8,27.8,27.7,27.6,27.6,27.6,27.6,27.7,27.5,27.9,28.3,28.8,29.0,29.3,28.9,28.5,28.0,27.6,27.5,27.6,27.6,27.5,27.5,27.7,27.6,27.6,27.5,27.6,27.6,27.6,27.5,27.5,27.5,27.6,27.3,27.3,27.2,27.1,27.0,27.2,27.4,27.5,27.6,27.5,27.6,27.6,27.6,27.5,27.5,27.5,27.5,27.6,27.3,27.5,27.5,27.4,27.5,27.4,27.4,27.4,27.4,27.4,27.5,27.3,27.3,27.4,27.3,27.3,27.3,27.4,27.4,27.3,27.2,27.3,27.2,27.4,27.3,27.3,27.4,27.5,27.0,27.1,27.0,27.2,27.3,27.2,27.1,27.2,27.2,27.2,27.1,27.2,27.3,27.2,27.2,27.2,27.2,27.3,27.3,27.1,27.2,27.3,27.1,27.2,27.2,27.2,27.1,27.2,27.3,27.4,27.2,27.3,27.2,27.3,27.2,27.2,27.1,27.0,27.0,27.0,26.9,26.9,27.0,26.9,26.9,27.0,26.9,27.1,27.3,27.3,27.3,27.5,27.5,27.7,27.9,27.9,27.9,28.0,28.0,28.0,27.9,27.9,27.9,28.0,28.0,28.1,28.0,28.1,28.0,27.9,28.0,28.0,28.0,27.8,28.0,27.8,27.8,27.8,27.9,27.7,27.8,27.8,28.0,28.0,27.8,27.9,27.8,27.8,27.7,27.7,27.7,27.5,27.7
128,28.0,28.0,28.0,28.1,27.9,27.9,28.0,27.9,27.9,27.9,28.0,28.0,28.0,28.0,27.9,27.8,27.8,28.0,27.8,27.6,27.6,27.7,27.4,27.7,27.7,27.5,27.5,27.7,27.8,28.3,28.6,28.9,29.2,28.8,28.3,28.0,27.9,27.6,27.5,27.7,27.7,27.6,27.7,27.5,27.6,27.6,27.5,27.5,27.4,27.4,27.6,27.5,27.5,27.4,27.3,27.2,26.9,27.0,27.3,27.3,27.5,27.7,27.5,27.7,27.5,27.5,27.6,27.6,27.6,27.4,27.3,27.3,27.4,27.3,27.3,27.3,27.4,27.5,27.4,27.3,27.1,27.4,27.4,27.2,27.3,27.4,27.3,27.3,27.3,27.4,27.4,27.3,27.5,27.4,27.2,27.4,27.2,27.1,27.2,27.2,27.3,27.2,27.2,27.2,27.1,27.2,27.2,27.3,27.0,27.1,27.2,27.3,27.4,27.1,27.2,27.2,27.3,27.1,27.2,27.2,27.1,27.2,27.1,27.1,27.2,27.1,27.3,27.1,27.3,27.3,27.1,27.3,27.2,27.2,27.2,27.3,27.0,27.1,27.1,26.9,26.8,26.9,26.9,26.8,27.0,26.8,26.8,27.0,27.3,27.5,27.6,27.5,27.7,27.7,27.6,27.7,27.8,28.0,28.0,28.0,28.0,27.9,27.9,28.0,28.0,27.9,27.9,28.0,28.0,27.9,28.0,27.8,27.9,28.2,27.8,27.9,27.9,27.8,27.6,27.8,27.8,27.7,27.8,27.9,27.9,27.7,27.6,27.6,27.7,27.6,27.6,27.6
129,27.9,27.9,28.1,28.3,28.1,27.9,28.0,28.0,28.1,27.9,27.8,28.0,28.1,27.9,28.0,28.0,27.8,27.8,28.0,27.7,27.7,27.7,27.5,27.5,27.7,27.6,27.7,27.8,27.9,28.4,28.7,29.0,29.0,28.7,28.5,27.9,27.7,27.6,27.7,27.7,27.8,27.6,27.5,27.9,27.5,27.5,27.6,27.6,27.7,27.5,27.8,27.5,27.5,27.4,27.4,27.1,26.9,27.1,27.1,27.5,27.8,27.7,27.7,27.6,27.6,27.5,27.5,27.5,27.5,27.4,27.5,27.3,27.5,27.4,27.3,27.4,27.4,27.3,27.4,27.4,27.4,27.4,27.6,27.4,27.3,27.4,27.3,27.5,27.3,27.2,27.3,27.4,27.4,27.3,27.3,27.3,27.3,27.3,27.2,27.3,27.0,27.2,27.3,27.3,27.3,27.3,27.1,27.3,27.4,27.2,27.0,27.3,27.2,27.4,27.2,27.3,27.2,27.2,27.3,27.2,27.2,27.2,27.2,27.2,27.1,27.3,27.3,27.3,27.5,27.1,27.5,27.3,27.2,27.4,27.2,27.2,27.2,27.1,27.0,27.0,26.9,26.9,26.9,26.9,26.8,26.9,26.9,27.3,27.4,27.3,27.4,27.5,27.7,27.7,27.8,27.6,27.9,27.9,27.8,28.0,27.9,28.0,27.9,28.0,28.0,27.8,28.0,27.9,28.0,28.0,28.1,28.0,27.8,27.9,27.9,27.8,27.9,27.8,27.9,27.9,27.9,27.8,27.9,27.8,27.8,27.6,27.8,27.6,27.8,27.8,27.6,27.8
130,28.1,28.0,28.0,28.0,28.0,28.1,27.9,28.0,28.0,28.0,27.9,27.8,28.0,28.1,27.8,27.8,27.9,27.9,27.8,27.8,27.7,27.7,27.6,27.7,27.5,27.6,27.6,27.7,27.9,28.2,28.7,28.9,28.7,28.9,28.3,27.9,27.5,27.7,27.6,27.6,27.5,27.8,27.7,27.6,27.5,27.3,27.5,27.5,27.5,27.7,27.6,27.5,27.5,27.4,27.4,27.3,27.1,27.0,27.3,27.4,27.6,27.6,27.6,27.7,27.6,27.7,27.5,27.3,27.5,27.5,27.5,27.3,27.6,27.4,27.3,27.5,27.5,27.5,27.3,27.2,27.3,27.5,27.5,27.4,27.3,27.3,27.3,27.3,27.5,27.3,27.3,27.1,27.3,27.3,27.3,27.3,27.1,27.3,27.1,27.3,27.2,27.4,27.3,27.3,27.2,27.2,27.2,27.3,27.3,27.0,27.2,27.2,27.2,27.4,27.3,27.1,27.1,27.2,27.3,27.2,27.2,27.1,27.3,27.0,27.1,27.2,27.1,27.2,27.4,27.5,27.5,27.5,27.5,27.6,27.4,27.3,27.0,27.0,27.1,27.0,26.8,27.0,26.9,27.1,26.9,26.9,26.9,27.3,27.4,27.5,27.6,27.6,27.8,27.8,27.7,27.8,27.8,27.9,27.9,27.9,28.0,28.0,28.0,28.0,28.0,28.0,27.9,28.0,28.1,28.0,28.1,27.8,27.9,28.0,27.9,27.9,27.8,27.7,27.8,27.6,27.8,27.8,27.8,27.7,27.8,27.8,27.7,27.6,27.8,27.8,27.7,27.6
131,28.0,28.2,28.0,27.9,28.1,28.0,28.0,28.1,28.0,28.0,27.9,28.1,28.0,27.9,28.0,27.8,27.8,27.9,27.7,27.8,27.7,27.5,27.7,27.6,27.5,27.5,27.6,27.8,28.0,28.1,28.4,28.8,28.9,28.8,28.4,28.1,27.8,27.7,27.6,27.7,27.8,27.6,27.7,27.6,27.7,27.6,27.6,27.5,27.5,27.7,27.6,27.5,27.5,27.5,27.4,27.3,27.2,27.2,27.4,27.4,27.5,27.6,27.6,27.7,27.5,27.6,27.5,27.5,27.4,27.3,27.5,27.4,27.5,27.5,27.5,27.5,27.3,27.5,27.5,27.4,27.5,27.4,27.5,27.4,27.4,27.1,27.2,27.3,27.3,27.2,27.2,27.3,27.3,27.3,27.3,27.3,27.0,27.2,27.3,27.3,27.2,27.1,27.3,27.4,27.2,27.2,27.3,27.3,27.3,27.4,27.4,27.3,27.3,27.3,27.2,27.2,27.2,27.3,27.1,27.3,27.3,27.4,27.4,27.2,27.3,27.2,27.3,27.4,27.5,27.5,27.6,27.5,27.6,27.6,27.5,27.2,27.2,27.1,27.0,27.0,26.9,27.0,26.9,26.7,26.9,27.0,27.0,27.3,27.5,27.4,27.5,27.6,27.7,27.8,27.8,27.8,27.8,28.0,28.0,28.1,28.0,28.1,27.9,28.0,28.0,27.9,27.9,28.2,28.0,27.9,28.0,27.9,27.9,27.9,27.8,27.8,27.9,27.9,28.0,27.9,27.9,27.9,27.7,27.6,27.8,27.7,27.8,27.7,27.8,27.5,27.7,27.7
132,28.1,28.2,28.1,28.0,28.1,27.9,28.0,28.0,28.1,27.9,28.0,27.8,27.9,27.9,27.8,27.9,27.7,27.7,27.9,27.8,27.7,27.7,27.5,27.7,27.5,27.4,27.5,27.5,27.8,28.1,28.4,28.8,28.8,28.7,28.4,28.1,27.9,27.8,27.7,27.8,27.8,27.9,27.7,27.6,27.6,27.5,27.6,27.6,27.5,27.5,27.4,27.5,27.4,27.6,27.4,27.4,27.2,27.3,27.3,27.5,27.5,27.5,27.6,27.5,27.6,27.5,27.7,27.5,27.3,27.5,27.5,27.4,27.5,27.5,27.4,27.4,27.5,27.4,27.2,27.4,27.4,27.4,27.3,27.3,27.3,27.4,27.2,27.2,27.2,27.3,27.2,27.2,27.3,27.2,27.1,27.2,27.3,27.1,27.2,27.2,27.3,27.3,27.2,27.3,27.2,27.3,27.3,27.3,27.2,27.1,27.3,27.1,27.2,27.2,27.1,27.2,27.2,27.1,27.0,27.3,27.2,27.2,27.3,27.1,27.2,27.1,27.1,27.3,27.6,27.5,27.5,27.6,27.5,27.4,27.4,27.3,27.0,26.9,26.9,26.8,27.0,26.9,26.8,27.0,26.9,26.9,26.9,27.1,27.3,27.5,27.6,27.6,27.6,27.5,27.8,27.8,27.9,27.9,28.0,28.0,28.0,27.9,27.9,28.0,27.9,27.8,27.8,27.9,27.9,27.8,27.9,27.9,27.9,27.8,27.8,27.8,27.8,27.9,27.8,27.8,27.6,27.7,27.7,27.7,27.8,27.8,27.7,27.6,27.8,27.5,27.5,27.5
133,28.1,28.2,28.0,28.2,28.0,28.2,28.0,28.0,28.1,28.1,27.8,27.9,27.8,27.9,27.8,27.8,27.8,27.8,27.8,27.7,27.7,27.7,27.6,27.5,27.5,27.3,27.5,27.6,27.8,28.0,28.3,28.5,28.6,28.6,28.3,28.1,28.0,27.8,27.8,27.7,27.8,27.7,27.8,27.6,27.6,27.7,27.7,27.5,27.7,27.4,27.4,27.6,27.4,27.5,27.3,27.5,27.4,27.4,27.4,27.6,27.7,27.6,27.5,27.6,27.7,27.6,27.7,27.5,27.5,27.5,27.6,27.5,27.5,27.3,27.5,27.3,27.4,27.5,27.3,27.2,27.4,27.3,27.3,27.3,27.5,27.3,27.3,27.3,27.3,27.3,27.2,27.0,27.1,27.2,27.3,27.2,27.2,27.0,27.3,27.4,27.3,27.2,27.3,27.3,27.3,27.3,27.3,27.3,27.2,27.1,27.1,27.2,27.2,27.2,27.2,27.1,27.2,27.3,27.1,27.4,27.2,27.2,27.2,27.1,27.3,27.1,27.1,27.3,27.5,27.3,27.5,27.5,27.5,27.5,27.3,27.2,27.2,27.0,27.1,27.0,27.1,27.1,27.0,26.9,26.8,26.8,26.9,27.1,27.4,27.4,27.6,27.5,27.6,27.5,27.6,27.9,27.9,27.8,28.0,27.9,28.0,28.0,28.0,28.0,28.1,27.9,27.9,28.0,28.0,27.9,27.8,27.8,27.9,27.9,27.8,27.9,27.8,27.8,27.8,27.7,27.7,27.8,27.7,27.8,27.7,27.8,27.7,27.7,27.7,27.7,27.5,27.6
134,28.1,28.1,28.2,27.9,28.2,28.0,28.1,28.0,28.2,28.0,28.0,27.8,27.9,28.1,28.0,27.9,27.9,27.8,27.8,27.6,27.8,27.7,27.6,27.5,27.5,27.3,27.6,27.5,27.6,28.0,28.3,28.5,28.5,28.5,28.3,28.2,28.1,28.1,28.2,28.0,28.0,27.9,27.9,27.9,27.7,27.7,27.8,27.5,27.5,27.7,27.6,27.8,27.6,27.6,27.5,27.5,27.5,27.6,27.2,27.4,27.6,27.4,27.4,27.6,27.9,27.7,27.7,27.7,27.6,27.5,27.5,27.5,27.4,27.5,27.5,27.4,27.3,27.3,27.5,27.6,27.3,27.5,27.4,27.3,27.4,27.4,27.3,27.3,27.4,27.3,27.3,27.3,27.2,27.1,27.2,27.3,27.1,27.3,27.2,27.1,27.3,27.5,27.2,27.3,27.2,27.3,27.3,27.1,27.3,27.2,27.2,27.2,27.2,27.1,27.1,27.3,27.3,27.1,27.3,27.1,27.1,27.3,27.3,27.3,27.1,27.2,27.2,27.3,27.4,27.4,27.6,27.4,27.5,27.6,27.5,27.4,27.2,27.1,27.1,27.1,27.2,27.1,26.9,26.8,26.9,26.9,26.9,27.2,27.5,27.5,27.5,27.7,27.8,27.7,27.8,27.7,27.7,28.0,27.9,27.8,28.1,28.0,28.2,28.0,28.1,28.0,27.8,28.0,27.9,27.9,27.8,27.9,27.9,27.9,28.0,27.8,27.8,27.8,27.7,27.9,27.9,27.8,27.7,27.8,27.7,27.7,27.8,27.8,27.9,27.8,27.5,27.7
135,28.0,28.2,28.0,28.2,28.2,27.9,28.0,28.0,28.0,27.8,28.0,27.7,28.0,27.8,27.9,27.9,27.8,27.6,28.0,27.7,27.7,27.7,27.7,27.4,27.5,27.3,27.3,27.4,27.5,27.8,28.0,28.2,28.3,28.4,28.4,28.3,28.3,28.3,28.2,28.3,28.1,27.9,27.9,27.8,27.7,27.8,27.6,27.6,27.6,27.5,27.8,27.8,27.7,27.8,27.7,27.6,27.5,27.5,27.3,27.6,27.6,27.5,27.4,27.6,27.7,27.7,27.8,27.6,27.8,27.6,27.4,27.4,27.4,27.4,27.4,27.5,27.3,27.5,27.5,27.5,27.5,27.5,27.4,27.3,27.2,27.4,27.4,27.4,27.4,27.1,27.1,27.3,27.3,27.3,27.2,27.2,27.3,27.2,27.0,27.2,27.2,27.3,27.4,27.2,27.4,27.0,27.2,27.3,27.3,27.3,27.2,27.1,27.3,27.1,27.1,27.2,27.2,27.1,27.2,27.3,27.2,27.2,27.3,27.1,27.1,27.1,27.2,27.0,27.2,27.2,27.4,27.3,27.3,27.4,27.4,27.4,27.2,27.2,26.9,27.0,26.9,26.8,27.0,26.9,26.6,27.0,27.1,27.2,27.4,27.4,27.6,27.5,27.8,27.7,27.8,27.8,27.8,28.0,27.9,28.0,27.9,28.0,28.0,27.9,28.0,28.0,28.0,28.0,27.8,27.9,27.7,28.0,27.8,27.9,27.9,27.9,27.8,27.7,27.8,27.7,27.7,27.5,27.7,27.7,27.6,27.7,27.7,27.5,27.5,27.7,27.7,27.5
136,28.0,28.0,28.1,27.9,28.0,28.1,28.0,27.8,27.9,27.9,28.0,27.9,27.7,27.9,27.8,27.8,27.7,27.7,27.8,27.6,27.6,27.6,27.5,27.6,27.3,27.4,27.5,27.5,27.4,27.9,27.9,28.1,28.6,28.5,28.4,28.4,28.5,28.5,28.4,28.4,28.1,28.0,27.7,27.8,27.6,27.7,27.7,27.8,27.7,27.8,27.8,27.8,27.8,27.8,27.8,27.5,27.4,27.7,27.5,27.5,27.7,27.6,27.6,27.7,27.9,28.2,28.1,28.0,27.8,27.6,27.6,27.5,27.6,27.6,27.4,27.5,27.5,27.4,27.4,27.4,27.3,27.4,27.3,27.4,27.3,27.3,27.4,27.3,27.4,27.2,27.3,27.1,27.3,27.1,27.3,27.3,27.2,27.2,27.3,27.2,27.2,27.3,27.2,27.3,27.2,27.2,27.1,27.1,27.3,27.2,27.2,27.2,27.3,27.2,27.3,27.1,27.3,27.1,27.2,27.2,27.2,27.1,27.3,27.2,27.2,27.2,27.2,27.2,27.3,27.3,27.3,27.3,27.5,27.4,27.6,27.4,27.2,27.0,26.9,27.0,27.1,26.8,26.8,26.9,26.7,26.9,27.3,26.9,27.4,27.5,27.6,27.5,27.6,27.6,27.7,27.9,27.8,27.8,27.9,27.9,27.9,28.0,27.9,27.9,28.1,27.9,27.9,27.9,27.9,27.7,28.0,27.8,27.9,27.9,28.0,27.8,27.9,27.8,27.9,27.9,27.8,27.8,27.6,27.5,27.5,27.7,27.5,27.7,27.7,27.8,27.7,27.7
137,28.1,28.0,28.0,28.1,28.1,28.0,27.9,28.2,28.0,28.0,28.1,27.9,27.8,27.8,27.8,27.8,27.9,27.8,27.8,27.8,27.7,27.6,27.7,27.6,27.4,27.4,27.4,27.5,27.6,27.8,28.0,28.0,28.4,28.6,28.6,28.7,28.4,28.6,28.4,28.4,28.3,27.8,27.8,27.8,27.8,27.6,27.7,27.5,27.7,27.5,27.7,27.5,27.7,27.7,27.7,27.7,27.7,27.6,27.6,27.6,27.7,27.6,27.5,27.8,28.1,28.1,28.3,28.1,28.0,27.9,27.8,27.9,27.8,27.8,27.6,27.6,27.4,27.5,27.5,27.5,27.3,27.3,27.4,27.3,27.4,27.3,27.3,27.3,27.3,27.3,27.2,27.3,27.3,27.1,27.1,27.0,27.3,27.2,27.2,27.3,27.3,27.1,27.2,27.3,27.2,27.1,27.3,27.2,27.2,27.1,27.3,27.2,27.2,27.2,27.3,27.3,27.3,27.1,27.1,27.3,27.1,27.1,27.2,27.3,27.1,27.3,27.2,27.1,27.2,27.1,27.3,27.3,27.5,27.5,27.7,27.4,27.3,27.0,27.0,27.0,26.7,27.0,26.8,26.9,26.9,26.9,27.1,27.5,27.5,27.6,27.6,27.7,27.7,27.7,27.8,27.8,27.9,28.0,28.0,27.8,28.0,28.0,28.0,28.0,27.9,27.9,27.9,27.8,28.0,27.9,27.8,27.8,27.8,28.0,27.8,27.8,27.7,27.9,28.0,27.7,27.8,27.8,27.6,27.7,27.7,27.8,27.7,27.6,27.6,27.9,27.7,27.6
138,28.1,27.8,28.1,28.2,28.3,28.0,28.1,28.0,28.1,28.1,27.9,28.0,28.0,27.8,27.7,27.9,27.8,27.8,27.9,27.9,27.8,27.8,27.6,27.8,27.6,27.5,27.5,27.5,27.7,28.0,28.0,28.2,28.4,28.7,28.8,28.5,28.7,28.5,28.6,28.3,28.1,28.0,27.8,27.8,27.7,27.9,27.9,27.6,27.7,27.5,27.7,27.7,27.8,27.7,27.8,27.7,27.6,27.5,27.7,27.7,27.6,27.7,27.8,27.9,28.1,28.5,28.5,28.4,28.3,28.3,28.4,28.3,28.3,28.0,27.9,27.8,27.7,27.5,27.4,27.5,27.5,27.4,27.4,27.2,27.2,27.1,27.2,27.2,27.2,27.3,27.1,27.1,27.2,27.2,27.2,27.1,27.1,27.2,27.3,27.3,27.1,27.0,27.1,27.1,27.1,27.0,27.1,27.2,27.0,27.1,27.1,27.2,27.2,27.3,27.1,27.3,27.3,27.2,27.1,27.2,27.1,27.1,27.2,27.0,27.3,27.3,27.2,27.1,27.4,27.1,27.1,27.3,27.3,27.2,27.5,27.4,27.3,26.9,26.9,27.0,26.9,27.0,26.9,26.9,26.7,26.8,27.1,27.2,27.5,27.5,27.7,27.6,27.7,27.5,27.6,27.7,27.8,27.7,27.9,27.8,27.8,27.8,28.0,28.1,27.8,27.9,27.9,28.0,28.0,28.0,28.0,27.8,27.8,27.9,27.8,27.8,27.7,27.9,27.8,27.8,27.8,27.7,27.8,27.7,27.7,27.5,27.6,27.7,27.6,27.6,27.5,27.7
139,28.1,28.1,28.2,28.0,28.2,28.3,28.2,28.1,28.1,28.2,28.0,28.2,28.0,28.0,28.0,28.1,27.9,27.9,28.0,28.0,27.9,27.8,27.8,27.7,27.6,27.5,27.5,27.6,27.5,27.9,27.9,28.2,28.6,28.7,28.7,28.7,28.6,28.8,28.7,28.4,28.2,28.0,27.7,27.7,27.8,27.8,27.8,27.6,27.5,27.7,27.5,27.6,27.6,27.6,27.7,27.5,27.6,27.7,27.5,27.6,27.6,27.8,27.8,28.1,28.3,28.4,28.5,28.7,28.5,28.6,28.6,28.5,28.5,28.3,28.1,27.7,27.7,27.6,27.5,27.5,27.4,27.3,27.3,27.3,27.4,27.3,27.2,27.3,27.3,27.3,27.1,27.1,27.3,27.0,27.2,27.1,26.9,27.1,27.1,27.3,27.2,27.3,27.2,27.1,27.1,27.1,27.1,27.2,26.9,27.1,27.1,27.2,26.9,27.2,27.1,27.0,27.0,27.2,27.2,27.3,27.1,27.2,27.1,27.0,27.3,27.1,27.1,27.4,27.1,27.2,27.0,27.3,27.2,27.2,27.3,27.2,27.0,27.0,27.0,27.0,26.9,26.9,26.9,26.8,26.9,26.9,27.2,27.2,27.4,27.6,27.8,27.6,27.7,27.7,27.8,27.8,27.7,27.8,27.9,27.8,27.8,27.9,28.0,28.1,27.9,27.9,28.0,28.0,27.8,27.9,28.0,27.8,27.9,27.9,27.7,27.9,27.9,27.9,27.8,27.7,27.5,27.6,27.6,27.7,27.7,27.7,27.6,27.6,27.6,27.5,27.7,27.8
140,27.8,27.8,28.1,28.2,28.0,28.1,28.0,28.0,28.0,28.0,28.0,28.0,27.9,28.0,27.9,28.0,27.9,28.0,28.1,27.9,28.0,28.0,27.8,27.8,27.9,27.6,27.5,27.6,27.8,27.8,28.3,28.2,28.5,28.6,28.7,28.6,28.6,28.8,28.6,28.4,28.2,27.8,27.8,27.7,27.7,27.5,27.7,27.6,27.7,27.6,27.7,27.6,27.5,27.6,27.6,27.5,27.5,27.7,27.7,27.5,27.7,27.7,27.8,28.0,28.4,28.5,28.4,28.3,28.4,28.3,28.4,28.4,28.2,28.3,27.8,27.6,27.5,27.5,27.6,27.3,27.3,27.2,27.3,27.2,27.3,27.1,27.1,27.4,27.1,27.0,27.1,27.1,27.1,27.2,27.1,27.0,27.0,27.1,27.0,27.0,27.1,27.1,27.0,27.1,27.3,27.1,27.0,27.2,27.1,27.1,27.1,27.2,27.1,27.2,27.0,27.2,27.1,26.9,27.1,27.3,27.1,27.2,27.1,27.0,27.1,27.3,27.3,27.2,27.3,27.1,27.2,27.0,27.0,27.0,27.0,27.1,26.8,26.9,26.9,26.9,27.0,26.9,26.7,26.9,26.9,27.0,27.1,27.2,27.3,27.7,27.5,27.6,27.6,27.8,27.9,27.7,27.9,27.9,27.9,27.8,27.8,27.8,28.0,27.8,28.1,28.0,27.9,27.9,27.8,27.8,27.6,27.8,27.7,27.9,27.7,27.8,27.6,28.0,27.8,27.8,27.7,27.8,27.7,27.6,27.8,27.8,27.5,27.8,27.8,27.5,27.5,27.5
141,27.6,27.7,27.8,28.0,27.8,28.0,27.5,27.8,27.6,27.8,27.7,27.7,27.7,27.8,27.8,27.8,27.8,27.6,27.9,27.7,27.8,27.7,27.7,27.7,27.5,27.5,27.5,27.6,27.8,27.8,28.2,28.3,28.4,28.8,28.6,28.7,28.6,28.8,28.7,28.6,28.2,28.0,27.8,27.8,27.6,27.8,27.5,27.5,27.8,27.7,27.6,27.6,27.6,27.5,27.6,27.6,27.6,27.7,27.8,27.7,27.7,27.7,27.8,27.9,28.1,28.2,28.2,28.1,28.2,28.1,28.3,28.2,28.1,27.8,27.8,27.8,27.5,27.6,27.6,27.3,27.4,27.3,27.3,27.3,27.3,27.1,27.0,27.3,27.3,27.1,27.2,27.1,27.2,27.0,27.1,27.1,27.0,27.1,27.2,27.2,27.2,27.2,27.3,27.2,27.2,27.1,27.0,27.2,27.1,27.3,27.2,27.2,27.2,27.2,27.2,27.1,27.1,27.1,27.1,27.1,27.2,27.2,27.3,27.3,27.4,27.3,27.3,27.3,27.5,27.2,27.3,27.2,27.3,27.2,27.0,27.1,26.9,27.2,27.0,26.9,26.8,26.9,26.9,26.9,26.8,26.9,27.0,27.2,27.4,27.7,27.6,27.6,27.6,27.6,27.8,28.1,27.8,27.9,27.9,27.9,27.9,28.0,27.9,28.0,28.1,28.0,27.9,28.0,27.7,28.0,27.7,27.8,27.8,28.0,27.8,27.7,27.7,27.7,27.8,27.8,27.7,27.8,27.8,27.7,27.6,27.7,27.7,27.8,27.6,27.6,27.7,27.7
142,27.6,27.6,27.4,27.8,27.8,27.5,27.5,27.5,27.5,27.7,27.6,27.4,27.6,27.4,27.6,27.5,27.5,27.5,27.5,27.5,27.7,27.5,27.5,27.4,27.5,27.5,27.5,27.5,27.5,27.8,28.0,28.2,28.6,28.6,28.6,28.6,28.5,28.6,28.6,28.4,28.3,28.0,27.8,27.7,27.7,27.8,27.6,27.7,27.7,27.4,27.7,27.6,27.5,27.5,27.6,27.7,27.5,27.9,27.6,27.7,27.8,27.8,27.8,28.0,28.0,27.9,27.8,27.7,27.8,27.7,27.8,27.7,27.8,27.6,27.4,27.5,27.5,27.5,27.5,27.4,27.5,27.3,27.3,27.3,27.3,27.1,27.2,27.2,27.2,27.1,27.1,27.2,27.1,27.0,27.0,27.1,27.2,26.9,27.2,27.1,27.2,27.2,27.3,27.3,27.2,27.1,27.2,27.1,27.3,27.1,27.3,27.3,27.2,27.2,27.3,27.1,27.3,27.0,27.1,27.2,27.3,27.1,27.2,27.1,27.3,27.3,27.5,27.4,27.3,27.2,27.3,27.3,27.4,27.1,27.1,27.0,26.8,27.1,26.9,26.9,26.8,26.9,27.0,27.0,26.9,27.0,26.8,27.3,27.4,27.6,27.5,27.6,27.7,27.6,27.8,27.7,27.8,27.8,27.9,28.0,27.9,27.8,28.0,28.0,28.0,28.0,27.9,27.7,27.9,28.1,28.0,27.8,27.8,27.9,27.8,27.8,27.8,27.8,27.8,27.8,27.7,27.9,27.7,27.7,27.7,27.8,27.8,27.7,27.8,27.6,27.7,27.6
143,27.6,27.5,27.5,27.6,27.7,27.5,27.4,27.5,27.4,27.5,27.5,27.4,27.5,27.5,27.2,27.5,27.5,27.4,27.6,27.5,27.4,27.3,27.3,27.5,27.4,27.4,27.2,27.2,27.7,27.9,28.0,28.2,28.5,28.6,28.6,28.6,28.7,28.7,28.6,28.3,28.4,28.1,27.6,27.6,27.6,27.5,27.5,27.5,27.5,27.5,27.3,27.5,27.5,27.6,27.5,27.7,27.5,27.7,27.7,27.7,27.6,27.6,27.7,27.7,27.8,27.7,27.8,27.6,27.7,27.5,27.6,27.7,27.5,27.5,27.5,27.4,27.3,27.3,27.3,27.5,27.5,27.4,27.5,27.4,27.3,27.4,27.1,27.0,27.3,27.2,27.0,27.2,27.1,27.2,27.0,27.3,27.1,27.2,27.2,27.3,27.2,27.3,27.3,27.3,27.3,27.3,27.2,27.3,27.3,27.3,27.3,27.1,27.0,27.1,27.2,27.2,27.3,27.2,27.2,27.1,27.1,27.1,27.2,27.3,27.2,27.3,27.5,27.5,27.4,27.3,27.1,27.3,27.2,27.2,27.1,27.1,26.9,26.9,26.9,26.8,26.9,26.9,26.8,26.8,26.7,27.0,27.0,27.3,27.4,27.4,27.8,27.7,27.8,27.6,27.8,27.8,27.8,27.8,28.0,28.1,27.9,27.9,28.0,28.0,28.0,27.9,28.1,27.9,28.0,28.0,27.8,27.9,27.8,27.9,27.9,27.9,27.6,27.8,27.8,27.8,27.8,27.9,27.9,27.7,27.8,27.7,27.7,27.7,27.7,27.8,27.5,27.6
144,27.5,27.5,27.5,27.4,27.5,27.5,27.5,27.3,27.4,27.5,27.4,27.3,27.4,27.5,27.4,27.5,27.4,27.3,27.5,27.5,27.5,27.5,27.3,27.3,27.2,27.2,27.3,27.3,27.5,27.8,28.0,28.2,28.4,28.3,28.5,28.6,28.5,28.4,28.3,28.2,28.2,27.8,27.7,27.7,27.5,27.6,27.5,27.3,27.4,27.3,27.3,27.5,27.3,27.3,27.2,27.5,27.5,27.5,27.5,27.5,27.6,27.6,27.5,27.8,27.6,27.7,27.6,27.6,27.7,27.5,27.6,27.5,27.5,27.6,27.5,27.5,27.4,27.4,27.4,27.4,27.3,27.2,27.4,27.3,27.4,27.3,27.2,27.2,27.2,27.3,27.1,27.3,27.2,27.2,27.2,27.1,27.3,27.1,27.3,27.1,27.2,27.1,27.2,27.2,27.3,27.1,27.1,27.1,27.2,27.1,27.1,27.2,27.0,27.1,27.1,27.1,27.1,27.1,27.0,27.1,27.1,27.1,27.1,27.2,27.4,27.3,27.4,27.3,27.3,27.3,27.4,27.2,27.4,27.2,27.3,26.9,26.9,26.8,26.9,26.8,27.0,27.2,26.9,26.8,26.9,27.2,26.9,27.2,27.3,27.5,27.5,27.8,28.0,27.8,27.9,27.9,27.9,27.9,27.8,27.8,28.0,27.9,27.9,27.8,28.0,27.9,27.8,27.9,27.9,28.0,27.9,27.8,27.7,27.9,27.7,27.6,27.8,27.8,27.9,27.9,27.8,27.7,27.8,27.7,27.7,27.7,27.7,27.8,27.8,27.7,27.7,27.7
145,27.6,27.3,27.5,27.5,27.5,27.4,27.4,27.5,27.5,27.5,27.3,27.4,27.3,27.6,27.5,27.4,27.5,27.4,27.3,27.4,27.5,27.4,27.3,27.4,27.2,27.4,27.2,27.4,27.6,27.8,28.0,28.1,28.4,28.5,28.6,28.6,28.6,28.5,28.6,28.4,28.5,28.3,28.0,28.0,27.6,27.5,27.4,27.2,27.2,27.3,27.3,27.2,27.3,27.3,27.3,27.3,27.3,27.3,27.2,27.3,27.3,27.6,27.5,27.6,27.5,27.5,27.3,27.5,27.4,27.3,27.3,27.4,27.3,27.5,27.5,27.6,27.5,27.4,27.5,27.3,27.2,27.4,27.4,27.4,27.3,27.3,27.2,27.4,27.3,27.3,27.3,27.3,27.2,27.2,27.1,27.2,27.1,27.2,27.3,27.3,27.2,27.2,27.3,27.1,27.1,27.1,27.0,27.1,27.1,27.2,27.2,27.1,27.2,26.9,27.2,27.2,27.0,27.0,27.1,27.0,27.2,27.1,27.1,27.0,27.2,27.3,27.2,27.3,27.3,27.2,27.2,27.2,27.1,27.1,27.1,27.1,27.1,27.0,26.9,27.1,26.9,26.8,26.9,27.0,26.9,27.1,27.0,27.3,27.3,27.4,27.6,27.7,27.9,27.8,27.8,27.9,27.9,28.0,28.0,27.8,27.9,28.0,28.0,28.0,27.9,27.8,27.9,27.9,27.9,28.0,27.9,28.0,27.8,27.9,27.8,27.8,27.7,27.8,27.6,27.7,27.8,27.8,27.8,27.7,27.8,27.7,27.8,27.7,27.6,27.9,27.5,27.5
146,27.5,27.5,27.4,27.4,27.5,27.5,27.3,27.5,27.4,27.5,27.5,27.4,27.5,27.4,27.5,27.5,27.4,27.5,27.5,27.3,27.3,27.4,27.5,27.2,27.1,27.3,27.3,27.4,27.7,28.0,28.3,28.6,28.8,28.7,28.8,29.0,29.0,28.9,28.8,28.8,28.8,28.8,28.5,28.2,27.9,27.6,27.4,27.3,27.2,27.1,27.2,27.2,27.3,27.5,27.2,27.3,27.4,27.1,27.3,27.3,27.5,27.5,27.5,27.5,27.4,27.4,27.4,27.4,27.3,27.3,27.4,27.3,27.5,27.3,27.3,27.4,27.4,27.3,27.3,27.4,27.3,27.4,27.3,27.3,27.3,27.2,27.4,27.4,27.4,27.3,27.3,27.3,27.2,27.2,27.2,27.1,27.3,27.3,27.2,27.4,27.0,27.2,27.2,27.1,27.1,27.3,27.2,27.3,27.2,27.3,27.1,27.2,27.1,27.1,26.9,27.1,27.1,27.0,26.9,27.0,27.1,27.3,27.2,27.1,27.3,27.0,27.2,27.2,27.3,27.2,27.3,27.2,27.2,27.2,27.1,27.2,27.3,27.2,26.9,27.1,26.9,27.1,27.0,27.0,27.0,26.9,27.1,27.2,27.4,27.5,27.6,27.7,27.8,27.8,27.8,27.9,27.8,27.9,28.0,27.8,28.0,27.9,28.0,28.0,28.0,27.8,28.0,28.0,27.8,28.0,28.0,28.0,27.8,27.8,27.8,27.9,27.8,27.9,27.7,27.8,27.6,27.8,27.8,27.8,27.8,27.6,27.8,27.8,27.5,27.6,27.6,27.5
147,27.5,27.5,27.4,27.5,27.5,27.6,27.4,27.4,27.5,27.5,27.3,27.5,27.5,27.3,27.5,27.2,27.3,27.3,27.5,27.3,27.4,27.5,27.3,27.4,27.3,27.2,27.3,27.5,27.9,28.4,28.7,28.8,29.1,29.1,29.1,29.2,29.3,29.3,29.3,29.4,29.0,29.0,28.8,28.3,28.1,27.6,27.2,27.3,27.0,27.2,27.3,27.2,27.1,27.3,27.2,27.3,27.1,27.2,27.3,27.4,27.3,27.6,27.5,27.6,27.5,27.4,27.4,27.4,27.3,27.3,27.5,27.3,27.5,27.5,27.6,27.4,27.4,27.5,27.5,27.5,27.4,27.5,27.2,27.4,27.2,27.3,27.3,27.5,27.3,27.3,27.2,27.3,27.2,27.1,27.2,27.3,27.1,27.3,27.3,27.3,27.2,27.2,27.3,27.3,27.3,27.2,26.9,27.3,27.0,27.0,27.2,27.2,26.9,27.0,26.9,26.7,26.9,27.0,27.0,27.2,26.9,27.1,27.0,26.9,27.0,27.1,27.1,27.2,27.2,27.0,27.3,27.2,27.3,27.4,27.5,27.4,27.2,27.0,27.1,27.2,27.1,26.9,26.8,26.9,26.9,26.9,27.1,27.3,27.3,27.5,27.6,27.7,27.7,27.8,27.8,27.8,27.6,28.0,28.1,27.9,27.8,28.0,28.0,27.8,27.7,28.0,27.9,27.9,27.8,28.0,27.8,27.9,27.8,27.8,27.8,27.8,27.7,27.7,27.6,27.9,27.7,27.9,27.7,27.8,27.5,27.6,27.6,27.6,27.7,27.5,27.5,27.7
148,27.5,27.3,27.5,27.5,27.6,27.4,27.6,27.4,27.3,27.5,27.4,27.5,27.4,27.5,27.5,27.6,27.3,27.4,27.5,27.4,27.2,27.3,27.5,27.3,27.2,27.4,27.5,27.6,27.9,28.4,28.9,28.9,29.2,29.1,29.4,29.3,29.4,29.1,29.2,29.3,29.2,29.2,28.9,28.6,28.4,27.7,27.5,27.3,27.5,27.3,27.1,27.2,27.2,27.2,27.3,27.1,27.2,27.3,27.2,27.2,27.5,27.5,27.4,27.7,27.4,27.4,27.3,27.3,27.3,27.4,27.6,27.4,27.5,27.5,27.4,27.5,27.5,27.4,27.5,27.4,27.4,27.2,27.2,27.4,27.4,27.4,27.4,27.2,27.4,27.5,27.4,27.4,27.3,27.3,27.1,27.2,27.1,27.2,27.2,27.1,27.3,27.1,27.2,27.4,27.3,27.2,27.2,27.2,27.2,27.3,27.2,26.9,26.9,26.9,27.0,27.0,27.0,27.0,27.1,26.8,27.0,27.0,27.1,27.0,27.0,27.1,26.9,27.1,27.3,27.3,27.3,27.3,27.3,27.3,27.4,27.4,27.2,27.2,27.1,27.0,26.9,26.9,26.8,26.8,26.7,26.9,27.0,27.2,27.3,27.6,27.6,27.5,27.7,27.9,27.9,28.0,27.9,28.0,28.0,27.8,28.1,27.8,27.9,27.9,27.9,27.9,27.9,27.9,27.9,28.0,27.8,27.9,27.9,28.0,27.9,27.8,27.9,27.8,27.7,27.8,27.8,27.8,27.8,27.8,27.8,27.8,27.5,27.7,27.9,27.8,27.7,27.5
149,27.4,27.5,27.3,27.4,27.5,27.5,27.5,27.3,27.4,27.6,27.5,27.5,27.5,27.5,27.5,27.5,27.3,27.3,27.3,27.3,27.5,27.4,27.3,27.3,27.4,27.4,27.5,27.6,27.7,28.2,28.5,28.7,28.7,28.9,29.1,29.2,29.1,29.0,29.0,29.0,29.0,28.8,28.6,28.4,28.1,27.7,27.3,27.2,27.3,27.2,27.3,27.3,27.3,27.3,27.3,27.3,27.2,27.3,27.3,27.3,27.3,27.5,27.5,27.6,27.6,27.5,27.4,27.3,27.3,27.2,27.3,27.3,27.5,27.3,27.4,27.3,27.5,27.4,27.3,27.4,27.3,27.4,27.3,27.3,27.3,27.4,27.3,27.5,27.5,27.3,27.4,27.3,27.5,27.2,27.0,27.3,27.2,27.1,27.2,27.2,27.3,27.3,27.4,27.3,27.3,27.4,27.2,27.3,27.1,27.2,27.0,27.1,26.9,27.1,26.8,26.9,26.9,26.9,26.8,27.1,26.9,27.0,26.9,26.8,27.0,27.0,27.0,27.1,27.2,27.3,27.4,27.4,27.4,27.7,27.6,27.8,27.1,27.2,27.2,26.9,27.0,26.9,26.9,26.9,26.9,27.1,27.0,27.2,27.5,27.5,27.7,27.6,27.8,27.7,27.8,27.9,27.8,27.9,28.0,27.9,28.1,27.8,28.0,27.9,27.8,28.0,28.0,27.8,27.9,28.0,27.9,27.8,28.1,27.8,27.8,27.9,27.7,27.9,27.8,27.8,27.6,27.8,27.9,27.8,27.7,27.7,27.7,27.6,27.7,27.5,27.5,27.7
150,27.5,27.5,27.5,27.5,27.5,27.5,27.5,27.5,27.4,27.5,27.5,27.5,27.5,27.5,27.5,27.5,27.3,27.3,27.3,27.4,27.4,27.5,27.4,27.4,27.4,27.4,27.5,27.6,27.6,28.0,28.3,28.5,28.7,28.8,28.9,29.0,29.0,29.0,28.9,28.8,28.7,28.6,28.3,28.0,27.8,27.7,27.6,27.5,27.4,27.4,27.4,27.4,27.4,27.4,27.4,27.3,27.3,27.3,27.3,27.3,27.5,27.5,27.6,27.7,27.7,27.5,27.4,27.4,27.3,27.3,27.3,27.4,27.3,27.3,27.3,27.4,27.3,27.5,27.4,27.3,27.3,27.3,27.4,27.3,27.4,27.4,27.4,27.5,27.5,27.3,27.4,27.4,27.3,27.3,27.3,27.1,27.2,27.2,27.1,27.2,27.3,27.3,27.3,27.3,27.2,27.2,27.1,27.1,27.3,27.1,27.2,27.0,27.1,27.0,27.0,27.0,26.9,27.0,27.1,27.0,27.0,26.9,26.9,26.9,27.0,27.1,27.1,27.1,27.2,27.4,27.3,27.4,27.5,27.4,27.6,27.3,27.3,27.1,27.1,27.1,26.9,26.9,26.9,26.9,26.9,27.0,27.1,27.2,27.5,27.4,27.6,27.7,27.7,27.8,27.8,27.9,27.9,27.9,27.9,27.9,27.8,28.0,27.9,27.9,27.8,28.0,28.0,27.8,27.9,27.9,28.0,27.9,27.8,27.9,27.9,27.9,27.7,27.7,27.7,27.6,27.7,27.8,27.9,27.9,27.8,27.6,27.7,27.7,27.7,27.6,27.7,27.5
151,27.5,27.5,27.5,27.5,27.6,27.4,27.5,27.5,27.5,27.5,27.5,27.4,27.3,27.5,27.4,27.4,27.5,27.4,27.3,27.4,27.5,27.5,27.3,27.4,27.4,27.4,27.5,27.5,27.6,27.8,28.2,28.3,28.6,28.7,28.8,28.9,28.7,28.9,28.7,28.7,28.6,28.2,27.9,27.9,27.8,27.6,27.7,27.6,27.6,27.5,27.6,27.5,27.6,27.4,27.4,27.5,27.3,27.3,27.3,27.4,27.5,27.6,27.8,27.7,27.7,27.5,27.4,27.5,27.3,27.4,27.4,27.5,27.5,27.3,27.4,27.3,27.4,27.3,27.5,27.3,27.3,27.3,27.4,27.4,27.5,27.4,27.4,27.5,27.5,27.3,27.4,27.4,27.4,27.3,27.1,27.1,27.1,27.3,27.3,27.2,27.3,27.3,27.1,27.2,27.2,27.4,27.1,27.2,27.2,27.3,27.1,27.2,27.0,27.0,27.0,27.0,26.9,27.1,27.0,26.9,27.0,26.9,26.9,27.0,27.1,27.1,27.3,27.2,27.4,27.3,27.3,27.4,27.5,27.5,27.3,27.4,27.3,27.1,27.1,27.1,26.9,26.9,26.9,26.9,27.0,26.9,27.1,27.2,27.5,27.6,27.4,27.5,27.7,27.8,27.9,27.9,27.9,27.9,27.9,27.9,27.9,28.0,28.0,27.8,27.8,28.0,28.0,27.8,27.9,28.0,27.8,28.0,27.7,27.9,28.0,28.0,27.7,27.7,27.7,27.7,27.7,27.8,27.9,27.5,27.9,27.8,27.6,27.8,27.7,27.7,27.4,27.6
152,27.5,27.5,27.5,27.5,27.5,27.5,27.5,27.5,27.5,27.6,27.5,27.4,27.4,27.5,27.6,27.6,27.4,27.5,27.5,27.4,27.6,27.5,27.4,27.3,27.5,27.3,27.5,27.4,27.8,27.9,28.1,28.3,28.7,28.6,28.8,28.6,28.9,28.8,28.7,28.6,28.4,28.1,28.0,27.8,27.8,27.7,27.7,27.8,27.7,27.7,27.8,27.7,27.5,27.6,27.3,27.3,27.4,27.4,27.3,27.4,27.5,27.5,27.5,27.5,27.5,27.5,27.4,27.3,27.2,27.3,27.4,27.3,27.3,27.3,27.3,27.4,27.3,27.4,27.3,27.3,27.3,27.4,27.2,27.3,27.2,27.4,27.4,27.4,27.5,27.4,27.4,27.4,27.0,27.3,27.1,27.1,27.1,27.0,27.1,27.2,27.1,27.2,27.2,27.4,27.2,27.1,27.0,27.2,27.2,27.0,27.0,27.3,27.0,27.2,27.0,27.0,27.1,27.1,27.0,27.0,26.8,26.8,26.9,26.8,26.9,27.0,27.1,27.1,27.2,27.4,27.5,27.5,27.4,27.4,27.5,27.3,27.2,27.1,27.1,27.0,27.2,27.1,27.0,27.1,26.9,26.9,27.2,27.2,27.4,27.4,27.6,27.7,27.7,27.6,27.8,27.9,27.9,27.8,28.1,28.0,28.0,27.8,27.9,27.8,27.8,27.8,27.8,27.9,27.9,27.9,27.8,27.7,27.8,27.9,27.8,27.9,27.6,27.9,27.7,27.8,27.7,27.6,27.9,27.8,27.8,27.7,27.8,27.8,27.7,27.8,27.6,27.8
153,28.0,27.9,27.8,27.9,27.8,27.9,27.9,28.0,27.9,28.0,27.9,27.9,27.9,28.0,27.9,28.0,28.0,27.7,28.0,27.8,28.0,27.9,27.7,27.8,27.8,27.7,27.7,27.8,28.0,28.2,28.3,28.6,28.8,28.8,28.8,28.8,28.9,28.8,28.8,28.6,28.4,28.1,28.0,28.0,28.0,28.1,28.3,28.1,28.2,27.8,27.8,27.8,27.5,27.6,27.5,27.5,27.3,27.5,27.2,27.5,27.5,27.5,27.5,27.6,27.7,27.4,27.3,27.5,27.4,27.3,27.4,27.4,27.4,27.4,27.4,27.4,27.4,27.4,27.4,27.3,27.3,27.3,27.3,27.4,27.5,27.4,27.4,27.4,27.5,27.4,27.3,27.3,27.3,27.2,27.3,27.2,27.0,27.2,27.3,27.3,27.3,27.0,27.2,27.3,27.2,27.2,27.3,27.2,27.0,27.4,27.4,27.3,27.2,27.1,27.3,26.9,27.1,26.9,27.1,27.1,27.0,26.9,26.7,26.7,27.0,26.9,26.9,27.2,27.2,27.3,27.6,27.4,27.3,27.4,27.3,27.2,27.2,27.2,27.1,27.0,27.1,27.0,27.0,27.2,27.0,26.9,27.2,27.3,27.5,27.5,27.6,27.6,27.6,27.6,27.8,27.9,27.9,27.8,28.0,27.9,28.1,28.0,27.9,27.8,27.9,27.9,27.9,27.8,28.0,28.0,27.8,27.7,28.0,28.0,27.8,27.9,27.7,27.7,27.7,27.7,27.8,27.7,27.7,27.7,27.8,27.7,27.7,27.6,27.7,27.6,27.5,27.7
154,28.2,28.3,28.4,28.2,28.3,28.5,28.2,28.3,28.2,28.3,28.2,28.3,28.2,28.3,28.1,28.3,28.3,28.2,28.4,28.1,28.2,28.2,28.2,28.3,28.0,28.2,28.3,28.4,28.5,28.4,28.6,28.8,28.9,28.8,28.8,28.9,29.0,28.9,28.8,28.4,28.4,28.1,28.1,28.4,28.4,28.6,28.7,28.6,28.6,28.5,28.2,27.9,27.6,27.6,27.5,27.5,27.4,27.4,27.4,27.3,27.5,27.3,27.5,27.5,27.5,27.4,27.3,27.3,27.4,27.3,27.5,27.4,27.5,27.4,27.4,27.4,27.3,27.4,27.3,27.3,27.2,27.3,27.0,27.3,27.5,27.4,27.5,27.3,27.3,27.3,27.3,27.3,27.4,27.1,27.4,27.1,27.2,27.2,27.2,27.2,27.2,27.3,27.4,27.1,27.3,27.5,27.1,27.2,27.2,27.2,27.2,27.0,27.3,27.2,27.2,27.3,27.4,27.1,27.0,27.3,27.0,26.9,26.9,26.7,26.9,27.0,27.0,27.3,27.4,27.3,27.3,27.4,27.3,27.3,27.3,27.3,27.3,27.2,27.3,27.2,27.4,27.3,27.3,27.1,27.1,27.2,27.1,27.3,27.4,27.5,27.5,27.5,27.8,27.7,27.6,27.8,27.8,28.0,27.9,28.0,27.6,27.9,27.9,27.8,27.9,27.7,27.8,27.9,27.9,27.8,27.8,28.1,27.8,27.9,27.9,28.0,28.0,28.0,27.9,27.8,27.8,27.8,27.7,27.6,27.7,27.8,27.8,27.8,27.6,27.8,27.6,27.8
155,28.2,28.5,28.3,28.5,28.5,28.6,28.4,28.4,28.4,28.4,28.4,28.4,28.6,28.3,28.4,28.4,28.5,28.5,28.5,28.4,28.4,28.6,28.5,28.5,28.6,28.5,28.6,28.4,28.8,28.8,28.8,28.7,28.8,28.9,28.8,29.0,29.0,28.8,28.7,28.7,28.4,28.1,28.2,28.5,28.8,28.8,28.9,29.0,28.8,28.6,28.5,28.1,27.8,27.6,27.6,27.5,27.6,27.4,27.4,27.5,27.6,27.3,27.3,27.5,27.6,27.4,27.3,27.5,27.4,27.5,27.3,27.5,27.4,27.4,27.5,27.4,27.3,27.5,27.4,27.3,27.3,27.3,27.2,27.2,27.4,27.3,27.2,27.3,27.3,27.3,27.1,27.2,27.2,27.2,27.2,27.2,27.1,27.3,27.3,27.3,27.3,27.3,27.4,27.3,27.4,27.3,27.1,27.2,27.1,27.2,27.1,27.2,27.3,27.1,27.0,27.2,27.3,27.2,27.2,27.1,26.9,27.0,27.0,26.9,26.7,27.0,26.9,27.3,27.2,27.4,27.3,27.2,27.2,27.3,27.3,27.3,27.3,27.3,27.7,27.8,27.9,27.6,27.6,27.6,27.4,27.2,27.2,27.3,27.4,27.6,27.6,27.6,27.6,27.8,27.8,27.8,27.8,27.9,27.8,28.0,27.9,27.8,28.0,28.0,27.8,27.7,27.9,27.9,27.9,27.8,27.9,27.9,27.8,27.8,27.8,27.9,27.8,28.0,27.6,27.8,27.8,27.8,27.6,27.9,27.8,27.6,27.6,27.6,27.6,27.8,27.6,27.7
156,28.4,28.5,28.5,28.6,28.3,28.5,28.5,28.6,28.4,28.5,28.6,28.6,28.6,28.5,28.6,28.7,28.7,28.5,28.6,28.7,28.8,28.8,28.6,28.7,28.6,28.7,28.8,28.7,28.8,28.8,29.0,28.6,29.0,28.9,29.0,28.9,28.9,29.0,28.7,28.6,28.6,28.4,28.5,28.8,28.9,29.0,29.1,28.9,28.9,28.7,28.7,28.4,28.0,27.6,27.7,27.5,27.5,27.4,27.3,27.4,27.5,27.4,27.5,27.3,27.4,27.4,27.4,27.2,27.6,27.4,27.4,27.3,27.5,27.5,27.5,27.4,27.6,27.5,27.3,27.3,27.2,27.4,27.2,27.1,27.3,27.2,27.3,27.3,27.3,27.3,27.3,27.2,27.4,27.2,27.3,27.3,27.1,27.2,27.3,27.3,27.4,27.3,27.5,27.4,27.2,27.3,27.3,27.3,27.2,27.3,27.3,27.2,27.5,27.3,27.3,27.3,27.2,27.2,27.3,27.1,26.9,26.8,26.9,26.9,27.1,26.8,26.9,27.1,27.2,27.2,27.3,27.5,27.2,27.3,27.4,27.4,27.3,27.7,28.1,28.1,28.1,28.3,28.0,28.1,27.7,27.5,27.3,27.5,27.5,27.5,27.4,27.5,27.6,27.8,27.7,27.8,27.9,28.0,28.0,27.8,28.0,27.9,27.9,27.9,27.9,27.9,27.9,27.9,27.8,27.9,27.8,27.9,27.9,27.9,27.7,27.9,27.8,28.0,27.8,27.7,27.7,27.7,27.8,27.8,27.8,27.7,27.5,27.6,27.6,27.7,27.7,27.5
157,28.7,28.4,28.5,28.6,28.6,28.7,28.6,28.6,28.4,28.6,28.7,28.6,28.8,28.6,28.7,28.5,28.7,28.6,28.8,28.7,28.7,28.7,28.8,28.7,28.8,28.6,28.8,28.8,29.1,28.9,29.0,29.0,28.9,29.0,29.0,28.9,29.0,28.9,28.9,28.6,28.6,28.5,28.7,29.0,29.1,29.1,29.1,28.9,29.1,28.8,28.7,28.5,28.1,27.7,27.8,27.5,27.5,27.3,27.5,27.3,27.5,27.3,27.5,27.5,27.3,27.3,27.5,27.5,27.4,27.4,27.4,27.6,27.5,27.4,27.6,27.4,27.4,27.4,27.5,27.3,27.3,27.3,27.4,27.3,27.5,27.3,27.3,27.2,27.3,27.1,27.3,27.4,27.3,27.3,27.3,27.2,27.1,27.3,27.4,27.4,27.3,27.4,27.3,27.3,27.4,27.3,27.3,27.3,27.1,27.5,27.3,27.3,27.3,27.3,27.1,27.2,27.2,27.1,27.2,27.1,27.1,27.0,26.7,26.8,27.0,27.1,27.0,27.1,27.3,27.2,27.3,27.3,27.2,27.4,27.3,27.4,27.8,28.1,28.1,28.1,28.1,28.2,28.4,28.0,28.0,27.6,27.4,27.5,27.5,27.7,27.6,27.8,27.7,27.7,27.7,27.8,27.9,27.8,27.9,28.0,27.9,27.8,27.9,27.8,28.0,28.1,28.0,27.8,28.0,27.9,27.8,27.8,27.9,27.6,27.8,27.8,27.8,27.7,27.8,27.7,27.7,27.9,27.8,27.8,27.6,27.7,27.9,27.7,27.7,27.6,27.7,27.8
158,28.5,28.5,28.4,28.6,28.5,28.6,28.6,28.6,28.5,28.7,28.5,28.6,28.6,28.6,28.6,28.4,28.7,28.8,28.7,28.7,28.7,28.6,28.7,28.6,28.8,28.6,28.9,28.9,28.8,28.8,28.9,28.8,28.9,29.0,28.9,29.0,29.0,28.8,28.7,28.6,28.6,28.6,28.6,29.0,29.1,29.0,29.1,29.0,29.0,28.8,28.8,28.4,28.1,27.8,27.4,27.5,27.4,27.3,27.3,27.4,27.4,27.3,27.5,27.5,27.6,27.6,27.5,27.4,27.2,27.4,27.4,27.6,27.5,27.5,27.4,27.7,27.6,27.4,27.5,27.4,27.4,27.5,27.3,27.3,27.5,27.2,27.2,27.4,27.3,27.3,27.2,27.3,27.3,27.3,27.3,27.4,27.5,27.3,27.4,27.4,27.4,27.3,27.4,27.5,27.5,27.2,27.3,27.5,27.4,27.5,27.3,27.3,27.2,27.2,27.1,27.1,27.2,26.9,27.2,27.2,27.0,27.0,27.0,26.9,27.0,26.8,27.2,27.1,27.2,27.3,27.3,27.3,27.3,27.2,27.3,27.4,28.0,28.0,28.0,28.2,27.9,27.9,28.2,28.2,28.2,27.8,27.6,27.6,27.5,27.6,27.6,27.6,27.6,27.8,27.8,27.7,27.8,27.8,27.8,27.8,27.9,28.0,27.9,27.9,27.9,28.0,27.7,28.0,27.6,27.8,27.7,27.8,27.9,27.8,27.7,27.8,27.8,27.7,27.5,27.8,27.8,27.7,27.7,27.7,27.7,27.6,27.6,27.6,27.7,27.6,27.6,27.6
159,28.5,28.4,28.5,28.7,28.5,28.5,28.7,28.7,28.5,28.6,28.7,28.8,28.5,28.7,28.7,28.6,28.7,28.5,28.6,28.7,28.8,28.8,28.7,28.6,28.6,28.6,28.8,28.8,28.9,28.8,29.1,28.8,28.8,29.0,29.0,28.9,28.9,28.9,28.8,28.8,28.5,28.5,28.7,29.0,29.0,29.1,29.3,29.0,29.1,29.0,28.8,28.3,28.1,27.6,27.6,27.5,27.3,27.2,27.2,27.3,27.4,27.2,27.5,27.3,27.5,27.5,27.6,27.5,27.4,27.4,27.5,27.5,27.5,27.4,27.5,27.4,27.3,27.4,27.3,27.4,27.4,27.3,27.4,27.4,27.3,27.5,27.4,27.3,27.3,27.4,27.2,27.2,27.4,27.2,27.4,27.3,27.3,27.5,27.3,27.6,27.3,27.5,27.2,27.4,27.4,27.3,27.4,27.3,27.3,27.2,27.4,27.3,27.3,27.2,27.3,26.9,27.1,27.1,27.2,27.1,26.9,27.0,27.0,27.0,26.9,26.9,27.0,27.3,27.2,27.2,27.0,27.5,27.3,27.4,27.4,27.8,28.1,28.2,28.1,28.1,27.9,27.8,28.1,28.4,28.2,27.8,27.6,27.3,27.4,27.7,27.5,27.6,27.8,27.6,27.8,27.8,27.7,27.7,27.7,27.8,27.7,27.9,28.0,27.9,27.9,27.9,28.0,27.8,27.7,27.8,27.9,27.8,27.8,28.0,27.7,27.7,27.8,27.7,27.8,27.9,27.8,27.8,27.7,27.7,27.8,27.7,27.5,27.6,27.6,27.5,27.8,27.7
160,28.4,28.5,28.4,28.7,28.6,28.6,28.7,28.4,28.5,28.8,28.6,28.7,28.7,28.6,28.7,28.8,28.7,28.6,28.8,28.7,28.8,28.7,28.8,28.7,28.8,28.8,28.9,28.8,28.8,28.9,28.9,28.9,28.9,29.1,29.0,29.0,29.0,28.9,29.0,28.8,28.5,28.6,28.5,28.7,29.0,29.1,29.0,29.1,29.3,29.0,28.8,28.4,28.0,27.5,27.6,27.3,27.3,27.3,27.5,27.3,27.2,27.3,27.5,27.6,27.6,27.5,27.5,27.3,27.5,27.4,27.5,27.4,27.5,27.4,27.5,27.4,27.5,27.4,27.3,27.3,27.3,27.3,27.3,27.5,27.4,27.4,27.5,27.3,27.3,27.3,27.2,27.3,27.3,27.3,27.3,27.3,27.4,27.3,27.3,27.3,27.4,27.4,27.4,27.3,27.5,27.4,27.3,27.3,27.3,27.4,27.3,27.5,27.4,27.2,27.3,27.2,27.3,27.1,27.3,27.2,27.1,26.9,26.9,27.0,27.0,27.0,27.0,27.1,27.2,27.3,27.3,27.3,27.3,27.3,27.4,27.8,28.0,28.2,28.1,27.9,27.9,27.7,27.9,28.4,28.4,28.0,27.6,27.6,27.5,27.6,27.6,27.6,27.4,27.6,27.7,27.7,27.7,27.7,27.8,27.9,27.8,28.0,27.8,27.9,27.9,28.0,28.0,27.8,27.9,27.8,27.7,27.8,27.8,27.8,27.8,27.8,27.8,27.8,27.8,27.9,27.8,27.7,27.7,27.8,27.8,27.7,27.7,27.7,27.7,27.7,27.4,27.8
161,28.4,28.6,28.5,28.5,28.6,28.8,28.6,28.6,28.8,28.6,28.6,28.8,28.7,28.7,28.8,28.6,28.8,28.6,28.7,28.7,28.8,28.8,28.7,28.7,28.7,28.9,28.8,28.7,29.0,29.0,29.0,29.0,28.9,28.9,29.1,29.0,29.1,29.1,28.9,28.7,28.6,28.3,28.5,28.7,28.9,29.2,29.3,29.3,29.0,28.7,28.6,28.1,27.8,27.6,27.7,27.5,27.5,27.6,27.3,27.6,27.4,27.5,27.3,27.5,27.7,27.7,27.4,27.5,27.5,27.3,27.5,27.5,27.5,27.4,27.4,27.5,27.4,27.6,27.5,27.5,27.3,27.5,27.4,27.5,27.6,27.4,27.4,27.6,27.4,27.3,27.3,27.3,27.4,27.5,27.3,27.3,27.6,27.4,27.4,27.4,27.3,27.4,27.5,27.5,27.4,27.3,27.2,27.4,27.4,27.4,27.3,27.3,27.3,27.3,27.2,27.3,27.2,27.0,27.2,27.2,27.1,27.3,27.1,27.0,26.9,27.0,27.0,27.1,27.3,27.5,27.4,27.4,27.4,27.4,27.5,27.8,28.0,28.1,28.2,28.0,27.7,27.8,28.0,28.3,28.2,27.8,27.7,27.5,27.5,27.6,27.4,27.6,27.5,27.6,27.8,27.8,27.6,27.8,27.8,27.7,27.9,27.9,27.9,27.8,27.8,27.8,27.9,27.9,27.8,27.8,27.7,27.9,27.8,27.8,27.7,27.7,27.7,27.9,27.7,27.7,27.8,27.6,27.9,27.7,27.7,27.6,27.7,27.6,27.6,27.7,27.5,27.6
162,28.5,28.4,28.6,28.6,28.7,28.6,28.6,28.7,28.5,28.8,28.7,28.6,28.7,28.8,28.7,28.8,28.7,28.6,28.8,28.8,28.8,28.7,28.8,28.9,28.8,28.9,28.9,28.8,28.8,29.0,29.0,29.0,29.1,28.9,29.1,29.0,29.0,29.1,28.7,28.7,28.4,28.2,28.3,28.3,28.7,28.8,28.9,28.8,28.7,28.5,28.2,27.9,27.8,27.7,27.5,27.6,27.4,27.3,27.2,27.3,27.4,27.4,27.5,27.5,27.5,27.5,27.4,27.4,27.5,27.4,27.5,27.4,27.4,27.3,27.5,27.4,27.3,27.3,27.5,27.4,27.4,27.4,27.4,27.3,27.4,27.5,27.5,27.6,27.5,27.5,27.3,27.4,27.4,27.1,27.3,27.5,27.3,27.5,27.5,27.4,27.2,27.4,27.5,27.3,27.4,27.3,27.3,27.3,27.3,27.4,27.4,27.3,27.3,27.4,27.3,27.2,27.2,27.3,27.3,27.2,27.1,27.1,27.1,26.9,27.1,26.9,27.2,27.2,27.4,27.3,27.5,27.4,27.3,27.5,27.5,27.8,28.0,28.3,28.3,28.2,28.0,28.0,28.1,28.1,28.0,27.9,27.6,27.5,27.5,27.5,27.6,27.6,27.7,27.5,27.8,27.6,27.8,27.8,27.9,27.8,27.9,27.6,27.9,28.0,27.9,28.0,27.9,28.0,27.8,27.9,27.9,27.8,27.9,27.8,28.0,28.0,27.9,27.8,27.9,27.8,28.0,27.9,27.8,27.9,27.7,27.7,27.8,27.7,27.7,27.7,27.6,27.6
163,28.6,28.5,28.3,28.5,28.6,28.4,28.7,28.5,28.7,28.6,28.6,28.8,28.7,28.7,28.9,28.7,28.7,28.7,28.9,28.9,28.8,28.8,28.9,28.8,29.0,28.8,28.9,28.9,28.9,28.8,29.0,29.0,29.0,29.1,29.0,29.0,28.9,29.1,28.8,28.6,28.5,28.0,28.1,28.0,28.5,28.4,28.4,28.4,28.2,28.1,28.0,27.9,27.5,27.8,27.6,27.4,27.3,27.4,27.5,27.4,27.4,27.5,27.5,27.5,27.5,27.6,27.5,27.5,27.3,27.4,27.3,27.5,27.4,27.3,27.4,27.3,27.4,27.4,27.4,27.4,27.3,27.4,27.5,27.4,27.4,27.4,27.3,27.4,27.3,27.5,27.4,27.2,27.4,27.3,27.3,27.4,27.6,27.5,27.5,27.3,27.5,27.2,27.4,27.5,27.5,27.4,27.3,27.4,27.4,27.5,27.2,27.3,27.4,27.4,27.4,27.3,27.2,27.2,27.3,27.3,27.1,27.1,27.1,27.0,27.2,27.0,26.9,27.1,27.3,27.3,27.4,27.3,27.3,27.5,27.4,27.6,27.8,28.1,28.3,28.4,28.2,28.2,28.2,28.2,28.1,27.7,27.5,27.4,27.5,27.5,27.6,27.6,27.7,27.6,27.7,27.7,27.6,27.6,27.7,27.8,28.0,27.8,28.0,27.8,27.9,28.0,27.9,27.8,27.8,27.9,27.9,27.8,27.8,27.8,27.8,27.9,27.7,27.9,27.7,27.8,27.8,27.9,27.8,27.6,27.7,27.7,27.7,27.8,27.6,27.6,27.7,27.7
164,28.7,28.5,28.4,28.5,28.5,28.7,28.8,28.6,28.7,28.7,28.7,28.8,28.6,28.8,28.7,28.8,28.6,28.7,28.9,28.8,28.9,28.9,28.8,29.0,28.8,28.8,29.0,28.8,28.8,29.0,29.0,28.9,29.0,29.0,29.0,29.1,29.0,29.0,28.9,28.6,28.4,28.3,27.9,27.9,28.1,28.1,28.3,28.1,28.1,27.9,27.8,27.8,27.5,27.5,27.6,27.5,27.5,27.6,27.5,27.6,27.6,27.6,27.5,27.7,27.5,27.6,27.3,27.4,27.5,27.4,27.5,27.3,27.5,27.4,27.3,27.5,27.3,27.4,27.5,27.5,27.3,27.5,27.5,27.4,27.6,27.5,27.5,27.4,27.5,27.4,27.4,27.3,27.5,27.3,27.5,27.4,27.5,27.3,27.4,27.5,27.4,27.5,27.5,27.2,27.3,27.4,27.4,27.3,27.1,27.4,27.5,27.5,27.8,27.6,27.5,27.5,27.4,27.2,27.3,27.2,27.2,27.2,27.2,27.0,27.1,27.2,27.1,27.2,27.4,27.4,27.4,27.3,27.2,27.4,27.2,27.4,27.5,27.7,28.0,28.1,28.3,28.1,28.0,28.0,27.8,27.6,27.3,27.5,27.3,27.4,27.3,27.7,27.5,27.5,27.5,27.7,27.7,27.9,27.9,27.9,27.8,27.9,27.8,27.9,27.8,27.8,27.9,27.9,27.8,27.8,27.7,27.8,27.8,27.9,27.7,27.7,27.7,27.7,27.7,27.8,27.6,27.8,28.0,27.5,27.7,27.6,27.8,27.8,27.8,27.5,27.5,27.5
165,28.6,28.6,28.5,28.5,28.6,28.6,28.7,28.5,28.7,28.7,28.7,28.9,28.7,28.8,28.7,28.8,28.8,28.8,29.0,28.8,29.0,28.9,28.9,29.0,28.8,29.0,29.0,28.8,29.0,29.1,29.1,29.0,29.2,29.2,29.3,29.1,29.0,29.0,29.0,28.6,28.4,28.0,27.9,28.0,27.9,27.9,28.1,27.8,27.9,27.9,27.9,27.7,27.6,27.7,27.8,27.5,27.5,27.5,27.5,27.6,27.6,27.6,27.6,27.7,27.7,27.5,27.6,27.6,27.4,27.4,27.6,27.5,27.3,27.4,27.5,27.5,27.5,27.3,27.5,27.5,27.4,27.6,27.4,27.6,27.4,27.5,27.6,27.5,27.5,27.5,27.5,27.5,27.6,27.5,27.7,27.4,27.5,27.4,27.5,27.5,27.3,27.5,27.5,27.3,27.5,27.5,27.5,27.5,27.4,27.5,27.7,27.6,28.0,27.8,27.9,27.6,27.4,27.2,27.4,27.3,27.1,27.3,27.2,27.3,27.1,27.2,27.2,27.1,27.4,27.2,27.4,27.2,27.2,27.4,27.2,27.4,27.4,27.6,27.6,27.9,27.8,27.5,27.8,27.7,27.5,27.4,27.2,26.9,27.4,27.3,27.3,27.5,27.4,27.6,27.6,27.7,27.7,27.6,27.8,27.8,27.8,27.8,27.8,27.8,28.0,27.8,28.0,27.9,27.8,27.8,27.9,27.9,27.8,27.8,27.8,27.8,27.7,27.5,27.8,27.8,27.7,27.7,27.8,27.6,27.8,27.7,27.6,27.6,27.5,27.6,27.6,27.5
166,28.6,28.5,28.6,28.6,28.7,28.7,28.8,28.6,28.6,28.7,28.7,28.8,28.8,28.9,28.9,28.9,28.8,28.8,28.8,28.8,29.0,29.1,29.0,28.8,28.9,29.0,28.9,29.0,29.0,29.0,29.1,29.1,28.9,29.1,29.1,29.1,29.1,29.1,28.9,28.5,28.4,28.1,27.9,27.9,27.8,27.9,27.9,27.8,27.9,27.9,27.7,27.7,27.6,27.6,27.6,27.5,27.6,27.7,27.7,27.8,27.6,27.7,27.7,27.5,27.5,27.6,27.5,27.5,27.5,27.5,27.5,27.4,27.3,27.3,27.4,27.5,27.5,27.4,27.5,27.4,27.4,27.4,27.5,27.7,27.7,27.6,27.5,27.5,27.5,27.6,27.6,27.7,27.6,27.5,27.5,27.5,27.5,27.4,27.5,27.6,27.5,27.4,27.5,27.5,27.4,27.2,27.3,27.5,27.3,27.5,27.8,27.8,28.2,28.2,28.0,27.6,27.4,27.5,27.2,27.4,27.2,27.3,27.3,27.1,27.3,27.3,27.2,27.2,27.3,27.3,27.1,27.0,27.2,27.1,27.4,27.4,27.2,27.3,27.4,27.6,27.5,27.6,27.3,27.4,27.4,27.1,27.3,27.2,27.3,27.4,27.3,27.2,27.6,27.7,27.5,27.7,27.7,27.7,27.9,27.7,27.8,27.8,27.8,27.6,27.9,28.0,27.8,27.9,27.9,27.8,27.8,28.1,27.7,27.7,27.7,27.6,27.8,27.8,27.7,27.8,27.8,27.7,27.9,27.8,27.7,27.6,27.6,27.7,27.7,27.6,27.6,27.6
167,28.6,28.6,28.5,28.7,28.7,28.7,28.6,28.6,28.6,28.7,28.8,28.7,28.6,28.8,28.6,28.8,28.9,28.8,28.8,28.9,29.1,29.0,28.9,29.0,28.9,29.0,29.0,28.9,29.0,29.0,29.1,29.0,29.0,29.0,29.1,29.1,29.2,29.2,29.0,28.6,28.4,28.0,27.8,27.8,27.8,27.9,27.8,27.7,27.8,27.6,27.7,27.6,27.5,27.6,27.6,27.6,27.6,27.7,27.8,27.6,27.6,27.8,27.7,27.5,27.7,27.5,27.5,27.3,27.5,27.6,27.4,27.4,27.4,27.4,27.4,27.4,27.4,27.2,27.5,27.4,27.4,27.5,27.6,27.6,27.8,27.7,27.8,27.6,27.7,27.7,27.6,27.6,27.8,27.5,27.8,27.7,27.6,27.6,27.4,27.6,27.5,27.5,27.5,27.4,27.3,27.5,27.4,27.5,27.3,27.5,27.6,27.9,28.1,28.2,27.9,27.7,27.5,27.3,27.2,27.2,27.1,27.2,27.2,27.2,27.3,27.1,27.3,27.0,27.1,27.2,27.2,27.3,27.1,27.2,27.2,27.2,27.2,27.3,27.2,27.2,27.2,27.3,27.3,27.1,27.1,27.0,27.0,27.1,27.1,27.3,27.4,27.4,27.4,27.5,27.6,27.6,27.6,27.7,27.7,27.7,27.8,27.8,27.7,27.8,27.9,27.8,27.8,27.9,27.7,27.8,27.8,27.7,28.0,27.9,27.8,27.9,28.0,27.8,27.5,27.9,27.6,27.7,27.8,27.7,27.8,27.6,27.8,27.7,27.8,27.8,27.5,27.7
168,28.4,28.4,28.5,28.6,28.5,28.6,28.6,28.6,28.6,28.8,28.8,28.8,28.7,28.7,28.6,28.7,28.8,28.9,28.8,28.9,29.0,28.9,29.0,29.0,28.9,29.0,28.9,28.9,28.9,29.0,29.0,29.0,29.0,29.2,29.0,29.0,29.0,29.1,29.0,28.7,28.5,28.1,28.0,27.8,27.9,28.0,27.9,27.8,27.8,27.7,27.7,27.7,27.5,27.7,27.5,27.7,27.6,27.6,27.6,27.6,27.5,27.5,27.5,27.5,27.5,27.5,27.4,27.4,27.4,27.3,27.3,27.4,27.4,27.5,27.7,27.5,27.5,27.6,27.6,27.5,27.5,27.5,27.6,27.6,27.8,27.7,27.8,28.0,27.8,27.7,27.6,27.6,27.6,27.7,27.8,27.5,27.5,27.5,27.7,27.5,27.5,27.4,27.5,27.6,27.5,27.5,27.5,27.4,27.6,27.4,27.7,27.8,28.0,28.0,27.6,27.5,27.5,27.4,27.3,27.3,27.2,27.3,27.3,27.2,27.3,27.1,27.4,27.2,27.2,27.2,27.1,27.2,27.0,27.1,27.2,27.1,27.2,27.3,27.2,27.1,27.2,27.1,27.0,27.0,27.0,26.9,27.0,27.2,26.9,27.1,27.2,27.3,27.3,27.3,27.5,27.6,27.5,27.7,27.8,27.6,27.8,27.6,27.8,27.7,27.8,27.8,27.9,27.8,27.8,27.9,27.7,27.7,27.9,27.8,27.8,27.8,27.5,27.9,27.6,27.7,27.8,27.7,27.8,27.7,27.6,27.5,27.6,27.6,27.8,27.6,27.5,27.6
169,28.5,28.5,28.6,28.6,28.4,28.6,28.6,28.7,28.7,28.6,28.6,28.8,28.8,28.7,28.9,28.7,28.8,28.7,28.7,28.9,29.0,29.0,29.0,28.9,29.0,28.8,29.0,29.1,29.0,29.1,29.1,29.0,29.2,29.1,29.1,29.2,29.1,29.1,29.0,28.8,28.5,28.1,28.0,27.7,27.7,27.8,27.8,27.7,27.6,27.7,27.5,27.7,27.6,27.5,27.5,27.7,27.4,27.5,27.4,27.6,27.7,27.5,27.5,27.5,27.4,27.4,27.3,27.2,27.4,27.3,27.3,27.5,27.5,27.6,27.6,27.5,27.5,27.5,27.5,27.4,27.4,27.7,27.5,27.8,27.8,27.6,27.8,28.0,28.0,28.0,27.9,27.9,27.9,28.0,28.3,28.3,28.3,28.0,27.7,27.5,27.7,27.5,27.7,27.6,27.5,27.3,27.4,27.3,27.5,27.5,27.6,27.6,27.7,27.6,27.7,27.5,27.4,27.2,27.5,27.3,27.3,27.4,27.3,27.1,27.1,27.2,27.1,27.2,27.1,27.1,27.3,27.1,27.1,27.1,27.2,27.3,27.3,27.1,27.0,27.1,27.2,27.3,26.9,27.0,27.0,27.0,27.0,27.0,27.2,27.2,27.3,27.3,27.3,27.3,27.4,27.6,27.5,27.6,27.8,27.8,27.7,27.8,27.6,27.9,27.9,27.7,27.9,27.8,27.7,27.8,27.9,27.9,27.8,27.9,27.8,27.8,27.8,27.7,27.7,27.8,27.8,27.7,27.6,27.7,27.6,27.7,27.7,27.7,27.6,27.5,27.7,27.7
170,28.5,28.4,28.6,28.6,28.5,28.6,28.6,28.6,28.5,28.7,28.5,28.7,28.7,28.8,28.9,28.9,28.9,28.7,28.8,28.9,29.0,29.0,28.8,29.0,29.0,29.0,29.1,29.1,29.2,29.0,29.2,28.9,29.0,29.0,29.1,29.0,29.0,29.1,29.0,28.7,28.4,28.3,28.1,27.9,27.7,27.6,27.7,27.5,27.7,27.5,27.5,27.5,27.5,27.6,27.5,27.5,27.5,27.5,27.5,27.5,27.4,27.5,27.6,27.4,27.5,27.4,27.2,27.3,27.5,27.4,27.6,27.5,27.8,27.6,27.6,27.7,27.5,27.5,27.6,27.7,27.5,27.5,27.8,27.6,27.8,27.8,27.8,28.0,28.0,28.1,27.9,28.0,28.1,28.5,28.6,28.8,28.5,28.2,27.9,27.9,27.8,27.8,27.7,27.6,27.8,27.5,27.5,27.4,27.4,27.4,27.5,27.6,27.7,27.6,27.7,27.5,27.5,27.2,27.3,27.4,27.3,27.3,27.3,27.3,27.1,27.3,27.2,27.1,27.2,27.1,27.1,26.9,26.9,27.1,27.1,27.2,27.1,27.0,27.0,27.2,27.1,26.9,27.1,27.0,27.0,27.0,26.8,26.9,27.0,27.2,27.2,27.2,27.4,27.1,27.5,27.4,27.6,27.7,27.7,27.8,27.6,27.7,27.6,27.8,27.8,27.6,27.9,27.8,27.7,27.9,27.7,27.7,28.0,27.8,27.9,27.9,27.8,27.8,27.8,27.7,27.7,27.8,27.6,27.6,27.8,27.7,27.7,27.5,27.8,27.5,27.5,27.7
171,28.6,28.5,28.7,28.6,28.5,28.5,28.7,28.6,28.6,28.7,28.6,28.8,28.8,28.8,28.8,28.8,28.7,28.8,29.0,28.9,28.9,28.9,29.0,29.0,29.1,29.0,29.0,29.1,29.1,29.1,29.1,29.1,29.0,29.1,28.9,29.0,29.1,29.0,29.0,28.8,28.6,28.5,28.2,27.7,27.6,27.7,27.5,27.5,27.6,27.7,27.6,27.5,27.4,27.4,27.5,27.5,27.4,27.4,27.4,27.5,27.6,27.5,27.4,27.5,27.5,27.5,27.3,27.3,27.5,27.4,27.6,27.8,27.7,27.8,27.7,27.6,27.6,27.6,27.5,27.6,27.6,27.6,27.7,27.6,27.6,27.6,27.6,28.0,28.0,27.8,27.7,28.0,28.3,28.4,28.8,29.0,29.0,28.6,28.4,27.9,27.9,27.8,28.0,27.9,27.8,27.7,27.6,27.6,27.4,27.4,27.5,27.7,27.8,27.8,27.5,27.4,27.5,27.4,27.3,27.2,27.3,27.2,27.2,27.3,27.3,27.1,27.1,27.1,27.3,27.1,27.2,27.1,27.1,27.0,27.2,27.2,26.9,27.2,27.2,27.0,27.2,27.1,26.9,27.1,26.9,26.9,26.9,26.8,27.1,27.1,27.3,27.3,27.1,27.2,27.4,27.4,27.5,27.5,27.7,27.6,27.7,27.7,27.7,27.8,27.8,27.7,27.9,27.8,27.8,28.0,27.8,27.7,27.7,27.8,27.8,27.9,27.8,27.9,27.9,27.7,27.8,27.8,27.8,27.7,27.6,27.6,27.7,27.7,27.6,27.5,27.5,27.5
172,28.5,28.6,28.6,28.6,28.5,28.6,28.7,28.6,28.7,28.7,28.8,28.7,28.7,29.0,28.9,28.9,28.8,28.8,28.8,29.0,29.0,29.1,28.8,29.0,29.0,29.0,29.1,29.0,29.0,29.3,29.1,29.2,29.1,29.1,29.1,29.1,29.0,29.0,29.0,28.8,28.5,28.1,27.9,27.7,27.5,27.4,27.7,27.4,27.5,27.3,27.5,27.5,27.5,27.5,27.5,27.6,27.4,27.5,27.5,27.3,27.3,27.5,27.4,27.3,27.4,27.3,27.3,27.5,27.4,27.4,27.6,27.8,27.7,27.9,27.8,27.8,27.5,27.5,27.6,27.5,27.8,27.6,27.6,27.5,27.8,27.8,27.9,27.9,28.2,27.9,28.1,28.0,28.4,28.4,28.8,29.1,28.8,28.6,28.2,28.0,27.8,27.7,27.9,27.8,27.9,27.7,27.6,27.4,27.5,27.6,27.6,27.6,27.7,27.8,27.5,27.5,27.2,27.4,27.3,27.2,27.2,27.5,27.1,27.2,27.2,27.2,27.1,27.2,27.3,26.9,27.1,27.1,27.0,27.2,27.1,27.1,26.8,27.2,27.0,27.0,27.0,27.1,26.9,27.0,26.9,26.9,26.7,26.9,26.9,26.9,27.1,27.0,27.2,27.3,27.1,27.5,27.5,27.6,27.6,27.8,27.6,27.7,27.6,27.7,27.7,27.8,27.8,27.7,27.9,27.8,27.8,27.8,27.8,27.7,27.8,27.8,27.8,27.8,27.7,27.8,27.7,27.8,27.6,27.7,27.8,27.8,27.7,27.7,27.5,27.4,27.7,27.8
173,28.5,28.6,28.4,28.6,28.8,28.7,28.6,28.7,28.5,28.6,28.9,28.7,28.8,28.6,28.8,28.8,28.8,28.8,29.0,28.9,29.0,28.8,29.0,28.9,29.0,29.0,29.0,29.0,29.1,28.9,29.1,28.9,29.1,29.2,29.2,29.3,29.0,28.9,28.9,28.7,28.4,28.3,27.9,27.6,27.6,27.6,27.5,27.4,27.4,27.5,27.5,27.4,27.6,27.6,27.5,27.5,27.5,27.4,27.5,27.5,27.5,27.6,27.5,27.5,27.5,27.4,27.5,27.4,27.4,27.6,27.8,27.8,28.1,27.9,27.8,27.6,27.6,27.8,27.7,27.7,27.7,27.7,27.7,27.8,27.7,27.8,27.7,27.8,28.0,28.0,27.9,28.1,28.4,28.3,28.6,28.8,28.6,28.3,28.0,27.9,27.8,27.9,27.7,27.8,27.7,27.6,27.5,27.6,27.3,27.5,27.5,27.7,27.7,27.8,27.8,27.5,27.4,27.5,27.2,27.4,27.4,27.3,27.2,27.3,27.2,27.2,27.3,27.2,27.2,27.3,27.1,27.3,27.3,27.0,27.2,27.1,27.1,27.0,27.1,27.0,26.9,26.9,26.8,26.8,26.9,26.7,26.6,26.9,27.1,27.0,27.1,27.0,27.2,27.2,27.2,27.6,27.4,27.4,27.5,27.6,27.7,27.6,27.8,27.6,27.8,27.6,27.7,27.8,27.7,27.7,27.7,27.7,27.8,27.8,27.9,27.6,27.7,27.6,27.9,27.6,27.5,27.6,27.7,27.7,27.6,27.5,27.7,27.7,27.6,27.5,27.6,27.7
174,28.6,28.7,28.5,28.6,28.6,28.6,28.5,28.6,28.6,28.6,28.6,28.8,28.6,28.7,28.7,29.0,28.8,28.8,28.9,28.8,28.9,29.1,29.1,28.9,29.0,29.0,29.1,29.0,29.2,29.3,29.2,29.2,29.1,29.0,29.0,29.0,29.0,29.0,29.0,28.7,28.7,28.2,27.9,27.6,27.5,27.6,27.6,27.5,27.5,27.5,27.5,27.5,27.4,27.6,27.6,27.5,27.4,27.5,27.6,27.5,27.6,27.4,27.5,27.4,27.5,27.3,27.3,27.4,27.6,27.6,27.8,28.0,28.2,28.1,27.8,27.7,27.7,27.8,27.8,27.6,27.5,27.5,27.5,27.7,27.5,27.8,27.9,27.9,27.9,27.9,27.9,27.9,28.0,28.3,28.4,28.4,28.4,28.0,28.0,27.8,27.6,27.7,27.8,27.7,27.7,27.6,27.4,27.6,27.3,27.4,27.5,27.6,27.7,27.7,27.7,27.5,27.5,27.4,27.4,27.3,27.4,27.3,27.3,27.2,27.3,27.2,27.2,27.2,27.1,27.1,27.2,27.1,27.2,27.1,27.1,27.2,27.0,27.0,27.0,27.1,26.9,26.9,27.0,26.9,26.8,26.9,26.9,26.9,27.0,27.1,27.2,27.2,27.3,27.2,27.3,27.3,27.5,27.6,27.4,27.6,27.7,27.8,27.9,27.8,27.6,27.6,27.8,27.8,27.7,27.7,27.7,27.8,27.7,27.8,27.9,27.8,27.7,27.8,27.5,27.7,27.6,27.6,27.8,27.6,27.7,27.6,27.7,27.7,27.7,27.5,27.5,27.5
175,28.4,28.6,28.4,28.6,28.4,28.5,28.7,28.6,28.7,28.7,28.6,28.8,28.7,28.9,28.9,28.8,28.8,28.9,28.9,29.0,28.9,28.8,29.0,29.0,28.9,28.9,29.1,29.0,29.0,29.3,29.1,29.2,29.1,29.1,29.1,28.9,29.0,29.0,28.8,28.8,28.5,28.2,27.8,27.5,27.7,27.5,27.4,27.5,27.4,27.4,27.5,27.4,27.7,27.5,27.4,27.4,27.4,27.4,27.5,27.4,27.4,27.4,27.5,27.4,27.5,27.6,27.4,27.4,27.7,27.7,27.8,27.9,28.2,27.9,27.7,27.7,27.5,27.6,27.6,27.5,27.6,27.4,27.8,27.6,27.5,27.7,27.8,27.8,27.8,28.0,27.8,28.0,28.2,28.1,28.4,28.2,28.2,27.8,27.9,27.8,27.6,27.7,27.8,27.6,27.6,27.6,27.4,27.4,27.4,27.3,27.6,27.5,27.5,27.5,27.4,27.3,27.5,27.5,27.2,27.3,27.3,27.2,27.1,27.3,27.2,27.1,26.9,27.1,27.0,27.2,27.1,27.1,27.2,27.2,27.2,27.2,26.9,27.0,27.1,26.9,27.0,27.0,27.0,27.1,27.0,26.8,26.7,26.9,27.0,27.0,27.2,27.2,27.1,27.2,27.2,27.2,27.4,27.4,27.7,27.6,27.6,27.7,27.8,27.8,27.7,27.7,27.6,27.6,27.7,27.8,27.8,27.8,27.5,27.7,27.8,27.8,27.8,27.8,27.6,27.6,27.5,27.6,27.7,27.7,27.6,27.5,27.5,27.6,27.7,27.7,27.3,27.6
176,28.6,28.7,28.6,28.5,28.7,28.7,28.8,28.6,28.7,28.7,28.6,28.9,28.6,28.7,29.0,29.0,29.0,29.0,29.1,29.0,29.0,29.1,28.9,29.1,29.1,29.0,29.2,29.0,29.1,29.2,29.1,29.1,29.1,29.2,29.0,29.1,29.0,29.2,29.0,28.9,28.4,28.3,28.0,27.6,27.6,27.5,27.4,27.4,27.7,27.5,27.6,27.4,27.5,27.6,27.5,27.6,27.6,27.4,27.5,27.5,27.5,27.4,27.4,27.5,27.3,27.4,27.5,27.4,27.4,27.8,28.1,27.8,28.0,28.0,27.8,27.8,27.7,27.8,27.8,27.7,27.6,27.5,27.4,27.5,27.5,27.5,27.6,27.4,27.8,27.7,27.5,27.7,27.8,28.0,28.1,28.1,27.8,27.8,27.8,27.5,27.5,27.5,27.6,27.6,27.5,27.3,27.3,27.3,27.2,27.4,27.3,27.3,27.3,27.4,27.6,27.7,27.7,27.6,27.7,27.4,27.3,27.2,27.2,27.1,27.3,27.2,27.1,27.0,27.2,27.2,27.0,27.1,26.9,27.3,27.2,27.1,27.2,27.1,27.1,27.0,27.2,27.1,27.4,27.3,27.3,27.0,26.9,27.0,27.1,27.0,27.2,27.2,27.2,27.3,27.4,27.3,27.4,27.6,27.6,27.5,27.7,27.6,27.7,27.6,27.9,27.9,27.8,27.8,27.8,27.8,27.7,27.5,27.5,27.8,27.8,27.8,27.7,27.7,27.7,27.7,27.6,27.7,27.8,27.7,27.6,27.7,27.6,27.5,27.5,27.5,27.6,27.7
177,28.7,28.6,28.8,28.7,28.8,28.6,28.7,28.8,28.7,28.8,28.8,28.7,28.8,28.8,28.8,28.8,28.9,29.0,29.0,29.0,29.0,29.0,29.0,29.0,29.0,29.0,29.0,29.0,29.1,29.2,29.3,29.1,29.1,29.0,29.0,29.3,29.2,29.0,29.1,28.7,28.5,28.3,27.7,27.7,27.5,27.6,27.5,27.7,27.4,27.4,27.6,27.5,27.5,27.5,27.7,27.6,27.4,27.6,27.5,27.6,27.5,27.5,27.5,27.6,27.4,27.3,27.4,27.6,27.5,27.7,28.0,28.1,28.1,28.1,27.8,27.8,27.5,27.5,27.5,27.5,27.6,27.4,27.4,27.5,27.3,27.4,27.5,27.6,27.5,27.5,27.6,27.5,27.6,27.5,27.7,27.7,27.6,27.6,27.6,27.5,27.3,27.2,27.4,27.3,27.2,27.4,27.3,27.2,27.1,27.2,27.1,27.2,27.4,27.3,27.6,27.8,27.9,27.9,27.7,27.3,27.3,27.1,27.0,27.1,27.3,27.0,27.2,27.0,27.2,27.3,27.2,26.9,27.2,26.9,27.1,27.2,27.2,27.0,27.0,27.0,27.1,27.2,27.2,26.9,27.2,27.1,27.0,27.1,27.2,27.1,27.1,27.0,27.1,27.2,27.4,27.3,27.3,27.4,27.5,27.6,27.7,27.6,27.8,27.7,27.6,27.6,27.9,27.7,27.8,27.6,27.7,27.7,27.9,27.9,27.8,27.8,27.9,27.8,27.7,27.9,27.7,27.7,27.7,27.7,27.8,27.5,27.8,27.6,27.5,27.7,27.7,27.6
178,28.5,28.5,28.5,28.6,28.6,28.6,28.6,28.4,28.7,28.6,28.8,28.8,28.9,28.8,28.8,28.9,29.0,28.9,29.0,29.0,29.1,29.0,29.0,28.8,28.9,29.0,29.0,29.1,29.1,29.1,29.2,29.1,29.2,29.3,29.2,29.2,29.1,29.1,29.0,28.8,28.6,28.2,28.0,27.6,27.5,27.6,27.6,27.4,27.5,27.6,27.7,27.6,27.5,27.5,27.6,27.5,27.5,27.4,27.3,27.5,27.5,27.5,27.5,27.4,27.5,27.3,27.5,27.6,27.4,27.5,27.9,28.1,28.1,28.1,27.8,27.7,27.6,27.6,27.7,27.6,27.3,27.3,27.1,27.3,27.3,27.4,27.4,27.4,27.4,27.3,27.4,27.4,27.5,27.5,27.5,27.7,27.5,27.3,27.3,27.1,27.1,27.2,27.2,27.2,27.2,27.3,26.9,27.2,27.0,26.9,27.1,27.2,27.2,27.3,27.4,27.7,28.0,27.9,27.5,27.3,27.2,27.1,27.0,26.9,27.1,26.9,26.9,26.9,27.0,27.0,26.9,27.1,26.9,27.1,27.0,26.9,27.1,27.0,27.0,26.9,27.0,27.1,27.2,27.0,27.2,26.9,26.7,27.0,26.9,27.1,26.9,27.3,27.2,27.2,27.1,27.4,27.3,27.4,27.6,27.3,27.6,27.7,27.6,27.7,27.8,27.7,27.8,27.8,27.9,27.7,27.7,27.7,27.8,27.8,27.7,27.7,27.9,27.8,27.7,27.7,27.8,27.8,27.8,27.7,27.8,27.5,27.5,27.6,27.7,27.5,27.5,27.6
179,28.7,28.5,28.4,28.5,28.6,28.7,28.6,28.7,28.6,28.8,28.7,28.7,28.8,28.7,28.7,28.8,28.6,28.8,28.9,28.8,29.0,29.0,29.0,29.0,29.0,29.1,29.1,29.0,29.1,29.2,29.3,29.2,29.1,29.2,29.0,29.0,29.2,28.9,28.9,28.8,28.5,28.2,28.0,27.8,27.5,27.5,27.5,27.5,27.5,27.4,27.5,27.5,27.6,27.7,27.5,27.5,27.5,27.6,27.6,27.5,27.4,27.5,27.4,27.5,27.4,27.5,27.7,27.5,27.5,27.5,27.9,28.0,28.2,27.8,27.8,27.7,27.7,27.7,27.6,27.6,27.5,27.2,27.1,27.3,27.1,27.3,27.3,27.3,27.3,27.4,27.3,27.3,27.5,27.5,27.4,27.4,27.4,27.4,27.1,27.3,27.2,27.0,27.2,27.2,27.0,27.1,27.0,27.2,26.9,26.9,27.0,27.1,27.2,27.4,27.4,27.6,28.0,27.8,27.6,27.3,26.9,27.0,27.2,26.9,27.1,27.0,26.9,26.9,27.0,27.0,26.9,27.0,27.0,26.9,26.9,26.9,26.9,26.9,27.0,27.0,27.0,26.8,27.0,27.1,26.9,26.9,26.9,27.1,26.9,27.1,27.2,27.1,27.2,27.2,27.2,27.3,27.5,27.3,27.4,27.5,27.5,27.6,27.6,27.7,27.7,27.8,27.8,27.8,27.8,27.8,27.6,27.6,27.7,27.9,27.8,27.7,27.7,27.8,27.7,27.7,27.7,27.6,27.6,27.6,27.6,27.6,27.6,27.6,27.5,27.5,27.5,27.7
180,28.6,28.6,28.5,28.6,28.6,28.6,28.5,28.8,28.6,28.8,28.7,28.7,28.8,28.6,28.9,29.0,28.9,28.9,29.0,29.1,29.0,29.1,29.1,29.1,29.3,29.3,29.2,29.1,29.3,29.3,29.2,29.2,29.2,29.2,29.1,29.1,29.0,29.1,29.0,28.7,28.5,28.4,27.9,27.7,27.7,27.6,27.7,27.5,27.6,27.4,27.7,27.5,27.6,27.5,27.8,27.6,27.5,27.4,27.5,27.5,27.6,27.5,27.5,27.5,27.5,27.5,27.5,27.6,27.6,27.6,28.1,28.0,28.1,28.2,27.9,27.7,27.7,27.5,27.7,27.5,27.4,27.3,27.1,27.2,27.2,27.3,27.2,27.2,27.2,27.4,27.2,27.0,27.2,27.4,27.2,27.1,27.3,27.3,27.2,27.2,27.0,27.1,27.2,27.2,27.0,27.0,27.1,27.0,27.0,27.0,27.0,27.1,27.1,27.3,27.5,27.7,27.7,27.7,27.4,27.3,27.2,26.9,27.0,26.9,26.9,26.9,26.8,27.0,26.8,26.9,27.0,27.0,26.9,27.0,27.0,27.0,26.9,26.9,26.9,27.0,27.0,26.9,26.7,27.0,26.9,26.8,26.9,26.9,26.9,27.2,27.3,27.4,27.1,27.1,27.2,27.4,27.3,27.5,27.6,27.5,27.6,27.7,27.7,27.8,27.8,27.8,27.9,27.7,27.9,27.9,27.7,27.9,27.9,27.8,27.8,27.7,27.8,27.7,27.8,27.9,27.7,27.8,27.8,27.7,27.7,27.6,27.5,27.6,27.5,27.6,27.4,27.5
181,28.6,28.7,28.6,28.3,28.6,28.6,28.5,28.7,28.7,28.8,28.9,28.8,28.9,28.8,28.8,28.9,28.9,28.9,28.8,29.0,29.2,29.2,29.0,28.9,29.2,29.1,29.0,29.1,29.1,29.1,29.1,29.3,29.3,29.2,29.4,29.2,29.3,29.3,29.1,28.7,28.5,28.2,27.8,27.7,27.6,27.7,27.6,27.6,27.5,27.7,27.4,27.6,27.7,27.7,27.5,27.5,27.6,27.6,27.6,27.7,27.5,27.5,27.5,27.7,27.7,27.4,27.6,27.6,27.6,27.7,28.2,28.1,28.2,28.1,27.9,28.0,27.8,27.6,27.8,27.6,27.5,27.4,27.1,27.2,27.1,27.3,27.3,27.3,27.3,27.3,27.2,27.2,27.2,27.2,27.0,27.3,27.2,27.2,27.1,27.1,27.2,26.9,27.2,27.2,27.1,27.0,26.9,26.9,26.9,26.9,26.9,27.0,27.1,27.4,27.4,27.4,27.5,27.7,27.4,27.1,27.0,27.1,26.9,26.9,26.9,26.7,26.9,26.8,27.0,27.0,27.0,26.9,27.1,27.0,26.9,26.9,26.9,26.9,26.7,26.9,26.7,26.9,26.9,26.8,26.9,26.9,26.9,26.8,27.0,27.0,27.2,27.1,27.4,27.1,27.4,27.3,27.3,27.5,27.8,27.5,27.5,27.6,27.7,27.7,27.8,27.7,27.8,27.9,27.7,27.7,27.8,27.8,27.8,27.8,27.7,27.8,27.8,27.8,27.7,27.7,27.8,27.7,27.7,27.7,27.7,27.6,27.7,27.5,27.7,27.7,27.6,27.4
182,28.4,28.6,28.5,28.5,28.5,28.7,28.7,28.7,28.6,28.8,28.6,28.7,28.7,28.6,28.8,28.9,28.9,28.8,28.9,28.9,29.0,28.9,28.9,29.0,28.9,29.1,29.2,29.1,29.1,29.2,29.4,29.3,29.1,29.1,29.3,29.1,29.0,29.1,29.0,28.8,28.5,28.4,28.1,27.7,27.5,27.6,27.5,27.5,27.5,27.4,27.5,27.5,27.5,27.7,27.6,27.8,27.5,27.6,27.5,27.5,27.6,27.4,27.4,27.4,27.4,27.5,27.4,27.4,27.7,27.7,27.9,28.0,28.2,28.2,27.9,28.0,27.8,27.6,27.5,27.7,27.4,27.2,27.2,27.2,27.3,27.4,27.3,27.1,27.2,27.1,27.0,27.0,27.3,27.2,27.1,27.1,27.1,27.0,27.2,27.0,27.0,26.9,27.0,27.1,27.1,27.1,26.9,27.1,26.9,26.8,26.9,27.1,27.1,27.3,27.2,27.6,27.4,27.4,27.3,27.0,26.9,26.9,27.2,26.9,26.8,27.0,26.8,26.9,26.9,26.7,26.9,26.9,26.9,26.9,26.9,27.0,26.9,26.7,26.9,26.9,26.8,26.7,26.8,26.9,26.8,26.8,26.6,26.9,26.9,27.1,27.0,27.3,27.3,27.3,27.4,27.3,27.3,27.4,27.5,27.5,27.6,27.7,27.5,27.8,27.9,27.7,27.8,27.9,27.9,27.8,27.7,27.8,27.8,27.8,27.7,27.8,27.8,27.8,27.8,27.8,27.9,27.8,27.7,27.8,27.7,27.6,27.6,27.6,27.7,27.5,27.5,27.5
183,28.3,28.7,28.5,28.5,28.5,28.7,28.7,28.7,28.5,28.7,28.6,28.9,28.8,28.8,28.8,28.8,28.8,28.8,28.9,29.0,29.2,29.0,29.0,28.8,29.0,29.0,29.0,29.3,29.2,29.2,29.1,29.2,29.0,29.1,29.1,29.0,28.9,29.0,28.9,28.7,28.4,28.2,28.0,27.7,27.5,27.5,27.6,27.5,27.6,27.4,27.6,27.6,27.5,27.6,27.5,27.7,27.5,27.5,27.6,27.6,27.5,27.5,27.6,27.4,27.7,27.5,27.4,27.5,27.5,27.6,27.8,28.0,28.2,28.0,28.0,27.8,27.8,27.7,27.8,27.5,27.4,27.2,27.2,27.0,27.2,27.2,27.2,27.2,27.3,27.1,27.2,27.0,27.3,27.2,27.1,27.1,27.0,27.0,27.2,26.9,27.2,27.1,27.1,26.9,26.9,26.9,27.0,26.8,26.8,26.8,26.9,27.1,27.0,27.3,27.3,27.5,27.3,27.2,27.1,27.0,26.8,26.9,26.9,26.9,26.8,27.0,26.9,26.9,26.8,27.0,26.9,26.7,26.9,26.8,26.9,27.0,26.8,26.9,26.7,26.9,26.9,26.8,26.8,26.8,26.7,26.7,26.7,26.7,26.9,26.9,26.9,27.2,27.2,27.2,27.3,27.4,27.3,27.6,27.4,27.4,27.5,27.5,27.7,27.5,27.6,27.8,27.7,27.9,27.7,27.7,27.6,27.6,27.6,27.8,27.7,27.6,27.6,27.6,27.6,27.7,27.8,27.7,27.5,27.7,27.5,27.5,27.6,27.7,27.5,27.5,27.5,27.6
184,28.4,28.4,28.5,28.5,28.6,28.4,28.5,28.7,28.7,28.4,28.6,28.6,28.6,28.8,28.9,28.8,28.8,29.0,28.9,29.0,29.2,29.0,28.9,29.0,29.0,28.9,29.1,28.9,29.1,29.0,29.0,29.3,29.4,29.3,29.0,29.1,29.1,29.0,28.9,28.7,28.4,28.4,28.0,27.6,27.6,27.4,27.5,27.6,27.6,27.4,27.4,27.5,27.5,27.7,27.5,27.5,27.6,27.5,27.5,27.6,27.5,27.4,27.5,27.4,27.4,27.4,27.5,27.5,27.7,27.6,27.9,28.0,28.0,28.0,28.0,27.8,27.7,27.6,27.6,27.1,27.3,27.1,27.1,27.2,27.1,27.2,27.2,27.2,26.9,27.0,27.0,27.0,27.1,27.0,27.1,27.2,27.2,27.0,27.1,27.0,27.0,26.9,27.1,26.8,26.9,26.9,26.8,26.8,26.9,26.7,26.8,26.9,27.0,27.3,27.3,27.2,27.2,27.2,27.1,26.8,26.9,27.0,26.9,26.9,26.8,26.8,26.8,26.9,26.9,26.6,26.8,27.0,26.9,27.0,26.9,26.7,26.8,26.9,26.7,26.9,26.8,26.8,26.6,26.8,26.9,26.7,26.6,26.9,26.9,26.8,27.0,27.0,27.2,27.2,27.5,27.4,27.2,27.4,27.5,27.4,27.5,27.6,27.6,27.6,27.8,27.6,27.8,27.8,27.8,27.6,27.8,27.8,27.7,27.8,27.7,27.8,27.5,27.7,27.8,27.8,27.8,27.6,27.8,27.8,27.6,27.6,27.5,27.6,27.7,27.6,27.5,27.5
185,28.5,28.4,28.4,28.6,28.5,28.6,28.6,28.8,28.6,28.9,28.7,28.8,28.7,28.8,28.7,28.8,28.7,28.8,29.0,28.9,29.0,29.0,29.0,28.9,29.0,29.0,29.1,28.8,29.0,29.3,29.1,29.1,29.0,29.0,28.9,29.1,28.9,29.0,28.9,28.8,28.5,28.1,28.0,27.8,27.5,27.5,27.5,27.5,27.6,27.5,27.4,27.6,27.6,27.7,27.8,27.5,27.5,27.5,27.6,27.4,27.5,27.5,27.4,27.3,27.6,27.5,27.5,27.5,27.6,27.7,27.8,28.0,28.1,27.9,27.7,27.7,27.6,27.5,27.4,27.4,27.3,27.1,27.1,27.1,27.2,26.9,27.2,27.2,27.1,27.1,27.0,27.1,27.1,26.9,27.2,27.1,27.0,27.3,26.9,27.0,27.0,26.9,27.0,27.1,27.0,27.1,26.9,26.9,26.8,26.8,26.9,26.9,27.2,27.1,27.2,27.2,27.3,27.0,26.9,26.9,26.8,27.0,26.9,26.9,26.8,26.9,26.9,26.9,26.9,26.8,26.9,26.9,26.9,26.9,26.8,26.8,26.8,26.8,26.9,26.8,26.9,26.8,26.7,26.9,26.8,26.8,26.9,26.7,26.8,26.9,27.0,27.0,27.1,27.3,27.1,27.3,27.5,27.5,27.4,27.3,27.5,27.5,27.6,27.6,27.7,27.8,27.8,27.7,27.6,27.7,27.8,27.8,27.7,27.7,27.6,27.6,27.5,27.7,27.6,27.7,27.6,27.9,27.7,27.6,27.8,27.4,27.5,27.6,27.5,27.8,27.5,27.5
186,28.4,28.4,28.4,28.4,28.5,28.5,28.6,28.5,28.5,28.6,28.8,28.7,28.8,28.9,28.8,28.9,28.6,28.6,28.8,29.0,29.0,28.8,29.0,29.0,28.9,29.1,29.0,28.9,29.1,29.1,29.0,29.2,29.0,28.9,29.1,28.9,29.0,29.0,29.0,28.8,28.4,28.2,27.8,27.6,27.6,27.6,27.8,27.7,27.5,27.5,27.5,27.5,27.5,27.6,27.7,27.7,27.5,27.5,27.6,27.5,27.6,27.5,27.5,27.4,27.5,27.5,27.4,27.3,27.6,27.7,27.9,27.8,28.1,27.8,28.0,27.6,27.6,27.6,27.5,27.5,27.4,27.4,27.3,27.2,27.0,27.2,27.2,27.1,27.0,27.3,27.0,27.2,27.0,27.1,27.2,27.1,26.9,26.9,26.9,26.9,27.0,26.9,27.1,27.0,26.9,26.9,26.9,27.0,26.9,26.8,26.8,26.9,27.0,27.2,27.1,27.3,27.3,27.2,27.0,27.0,26.9,26.8,26.9,26.9,26.9,26.8,26.8,27.0,26.9,26.9,26.6,26.6,26.8,26.9,26.9,26.9,26.7,26.9,26.8,26.7,26.8,26.8,26.7,26.8,26.9,26.6,26.9,26.8,26.7,27.0,26.9,27.1,27.2,27.2,27.1,27.5,27.3,27.3,27.5,27.4,27.5,27.5,27.8,27.7,27.6,27.6,27.7,27.9,27.8,27.7,27.7,27.7,27.8,27.8,27.8,27.7,27.7,27.7,27.6,27.7,27.8,27.7,27.8,27.9,27.8,27.7,27.6,27.6,27.6,27.5,27.6,27.7
187,28.5,28.6,28.5,28.6,28.4,28.6,28.6,28.8,28.7,28.5,28.6,28.8,28.8,28.8,28.8,28.8,28.8,28.9,28.8,29.0,29.1,28.9,29.0,29.0,29.0,28.9,29.0,28.9,29.0,29.1,29.0,29.1,29.0,29.0,29.2,29.1,29.0,29.0,28.8,28.8,28.5,28.2,27.8,27.6,27.6,27.6,27.5,27.6,27.5,27.6,27.6,27.6,27.6,27.8,27.7,27.7,27.5,27.5,27.5,27.4,27.3,27.6,27.6,27.4,27.6,27.5,27.5,27.3,27.5,27.7,27.9,27.9,27.9,28.0,27.8,27.8,27.6,27.6,27.4,27.3,27.3,27.1,27.0,27.3,27.2,27.1,27.3,27.2,27.1,27.1,27.1,27.1,26.9,26.9,27.1,27.2,27.0,27.0,27.0,26.9,27.1,27.0,27.0,27.0,27.0,26.9,27.0,26.9,27.1,27.0,26.9,26.9,27.1,27.3,27.2,27.3,27.5,27.3,27.4,27.0,26.9,26.9,26.7,26.7,27.0,26.8,26.7,26.9,26.9,26.9,26.7,26.8,26.8,26.9,26.9,26.9,26.7,27.0,26.8,26.8,26.7,26.9,26.9,26.8,26.9,26.9,26.7,26.7,26.8,26.9,27.1,27.0,27.1,27.2,27.2,27.5,27.3,27.4,27.6,27.5,27.5,27.5,27.6,27.5,27.7,27.7,27.8,27.6,27.8,27.8,27.8,27.8,27.9,27.8,27.8,27.7,27.8,27.8,27.7,27.8,27.6,27.5,27.6,27.6,27.7,27.6,27.5,27.7,27.7,27.7,27.5,27.5
188,28.5,28.4,28.5,28.4,28.6,28.6,28.7,28.6,28.8,28.6,28.7,28.8,28.6,28.8,28.8,28.7,28.8,28.8,28.8,28.8,28.9,29.1,28.9,29.0,29.0,29.1,29.2,29.0,29.0,29.1,29.2,29.0,29.1,29.0,29.2,29.0,29.2,29.0,29.0,28.8,28.5,28.2,27.9,27.6,27.7,27.5,27.6,27.5,27.6,27.6,27.8,27.7,27.6,27.6,27.6,27.6,27.7,27.6,27.6,27.7,27.5,27.5,27.5,27.4,27.8,27.6,27.5,27.5,27.6,27.8,28.0,27.8,28.0,28.0,27.8,27.7,27.7,27.7,27.5,27.3,27.4,27.3,27.1,27.2,27.3,26.9,27.0,27.1,27.2,27.2,27.0,27.1,27.1,27.3,27.1,27.0,27.1,27.1,27.0,26.9,26.9,27.1,27.0,26.9,27.0,27.0,26.9,26.9,26.8,26.8,26.9,27.0,27.0,27.1,27.2,27.5,27.4,27.2,27.2,27.0,27.2,26.9,26.7,26.8,26.8,26.8,26.9,26.9,26.9,26.9,26.8,26.9,26.9,26.9,27.0,26.8,26.9,26.9,26.8,26.9,26.9,26.9,26.9,26.8,26.8,26.8,26.8,26.8,26.9,26.9,26.9,26.8,27.1,26.9,27.3,27.3,27.4,27.4,27.4,27.5,27.4,27.6,27.7,27.6,27.5,27.7,27.8,27.7,27.8,27.8,27.8,27.8,27.7,27.8,27.7,27.7,27.8,27.8,27.7,27.6,27.6,27.7,27.6,27.7,27.9,27.8,27.8,27.6,27.7,27.5,27.5,27.6
189,28.7,28.5,28.3,28.5,28.4,28.5,28.6,28.5,28.6,28.7,28.7,28.8,28.7,28.9,28.7,28.8,28.8,28.8,28.8,29.0,29.0,29.0,28.9,28.8,28.9,29.0,29.0,29.0,29.2,29.1,29.1,28.9,29.2,29.0,29.0,29.2,28.9,29.0,29.0,28.7,28.5,28.2,27.8,27.7,27.5,27.6,27.6,27.6,27.5,27.3,27.5,27.6,27.6,27.5,27.6,27.7,27.6,27.7,27.6,27.5,27.5,27.7,27.5,27.5,27.4,27.6,27.5,27.4,27.6,27.7,27.8,27.9,28.1,27.8,27.7,27.6,27.7,27.7,27.5,27.4,27.5,27.3,27.3,27.3,27.1,27.0,27.2,27.1,27.1,27.1,27.1,27.1,27.2,27.0,27.0,27.0,27.1,26.7,27.1,26.9,26.9,26.9,27.0,26.9,26.9,27.0,26.9,26.9,26.8,26.8,26.9,27.1,27.0,27.3,27.3,27.4,27.4,27.3,27.2,27.1,27.0,27.1,27.0,26.8,26.9,26.7,26.9,26.8,26.9,26.8,26.8,26.9,26.8,26.9,26.8,26.9,26.9,26.9,26.9,26.8,26.8,26.8,26.8,26.8,26.8,26.8,26.7,26.6,26.9,26.9,26.9,26.9,26.9,27.0,27.2,26.9,27.5,27.4,27.5,27.5,27.5,27.6,27.6,27.7,27.6,27.7,27.8,27.8,27.7,27.8,27.7,27.8,27.8,27.7,27.6,27.8,27.6,27.7,27.8,27.7,27.5,27.8,27.6,27.5,27.6,27.7,27.6,27.6,27.6,27.5,27.6,27.6
190,28.4,28.4,28.4,28.5,28.5,28.5,28.5,28.5,28.4,28.4,28.6,28.6,28.6,28.5,28.6,28.6,28.8,28.8,28.8,28.7,28.8,28.9,29.0,28.9,28.9,29.0,29.0,29.0,28.9,29.0,29.0,29.1,29.0,29.2,29.0,29.1,29.1,29.0,28.9,28.8,28.6,28.3,27.8,27.8,27.7,27.6,27.7,27.6,27.5,27.6,27.6,27.5,27.5,27.5,27.7,27.6,27.7,27.8,27.6,27.6,27.5,27.7,27.5,27.5,27.5,27.6,27.6,27.5,27.4,27.5,27.8,27.8,28.1,27.8,27.6,27.6,27.6,27.5,27.5,27.4,27.2,27.2,27.2,27.3,27.3,27.1,27.3,27.2,27.1,27.0,27.2,26.9,27.2,27.0,27.0,27.1,26.9,27.0,27.0,26.9,26.9,26.9,27.0,27.1,26.9,27.0,26.9,26.9,26.8,26.9,26.9,26.8,27.2,27.3,27.4,27.5,27.5,27.3,27.2,27.0,26.9,27.0,27.0,26.9,27.0,27.0,26.9,26.8,26.9,26.9,26.9,26.9,26.9,26.7,26.9,26.8,26.9,26.7,26.8,26.9,26.9,26.9,26.7,26.8,26.9,26.8,26.8,26.9,26.8,26.9,27.0,27.0,26.9,27.0,27.2,27.2,27.3,27.5,27.3,27.5,27.7,27.7,27.7,27.7,27.7,27.6,27.6,27.7,27.8,27.9,27.7,27.6,27.8,27.7,27.7,27.8,27.8,27.7,27.5,27.6,27.6,27.7,27.6,27.6,27.5,27.5,27.7,27.7,27.6,27.8,27.5,27.8
191,28.5,28.5,28.4,28.6,28.5,28.6,28.4,28.6,28.6,28.6,28.6,28.5,28.5,28.7,28.5,28.8,28.9,28.6,28.9,28.7,28.9,28.8,29.0,28.9,29.2,29.0,29.0,29.0,28.8,28.8,29.2,29.0,29.2,29.1,29.0,29.0,29.0,29.0,29.0,28.8,28.5,28.2,27.8,27.8,27.7,27.7,27.6,27.4,27.5,27.5,27.3,27.5,27.6,27.6,27.6,27.5,27.6,27.6,27.6,27.4,27.6,27.6,27.7,27.6,27.4,27.5,27.6,27.3,27.5,27.5,27.8,27.8,27.9,28.0,27.8,27.6,27.8,27.7,27.6,27.3,27.3,27.1,27.3,27.2,27.1,27.1,27.3,27.3,27.1,27.0,27.0,27.1,27.0,27.2,27.0,27.0,27.2,27.0,26.9,27.0,27.0,27.0,26.9,27.0,26.9,26.9,26.9,26.7,26.9,26.8,26.9,27.0,27.4,27.2,27.1,27.5,27.6,27.4,27.2,27.0,27.1,26.9,26.9,26.9,26.9,26.9,27.0,26.8,26.9,26.9,26.7,26.9,26.8,27.0,26.9,26.9,26.9,26.8,26.8,26.7,26.9,26.9,26.8,26.7,26.9,26.7,26.7,26.9,26.9,26.8,26.7,27.0,26.9,27.0,27.2,27.3,27.2,27.4,27.4,27.5,27.5,27.7,27.6,27.6,27.6,27.6,27.7,27.7,27.9,28.0,27.6,27.8,27.8,27.8,27.8,27.9,27.7,27.6,27.7,27.7,27.8,27.7,27.7,27.5,27.8,27.5,27.5,27.6,27.5,27.5,27.6,27.5
192,28.4,28.4,28.4,28.6,28.6,28.4,28.4,28.4,28.5,28.5,28.7,28.6,28.7,28.8,28.6,28.6,28.7,28.5,28.7,28.7,28.9,28.8,28.8,28.8,29.0,28.9,29.0,28.9,29.0,29.0,29.0,29.0,29.1,29.0,28.9,29.0,29.0,28.9,28.9,28.7,28.4,28.2,27.8,27.7,27.5,27.6,27.7,27.6,27.6,27.5,27.6,27.4,27.8,27.7,27.6,27.6,27.5,27.6,27.5,27.5,27.5,27.6,27.5,27.6,27.5,27.4,27.5,27.3,27.7,27.6,27.9,27.8,27.9,27.9,27.9,27.8,27.8,27.7,27.6,27.4,27.3,27.2,27.1,27.1,27.2,27.0,27.1,27.2,27.0,27.0,26.9,27.1,26.9,27.0,26.9,26.8,27.1,26.8,27.0,27.0,27.0,27.0,27.1,27.0,26.9,27.2,26.9,27.0,26.9,26.7,26.9,27.2,27.1,27.3,27.4,27.4,27.5,27.3,27.2,27.1,27.0,26.9,26.8,26.9,26.8,26.9,26.8,26.8,26.8,26.9,26.9,26.8,26.5,26.7,26.8,26.8,26.9,26.8,26.9,26.7,26.8,26.9,26.6,26.8,26.6,26.8,26.8,26.7,26.8,26.9,26.9,26.9,27.0,27.0,27.0,27.2,27.3,27.4,27.4,27.5,27.5,27.5,27.6,27.6,27.7,27.7,27.7,27.8,27.7,27.8,27.8,27.7,27.8,27.9,27.6,27.8,27.8,27.6,27.6,27.6,27.6,27.8,27.8,27.4,27.7,27.6,27.7,27.8,27.6,27.7,27.5,27.5
193,28.4,28.3,28.3,28.4,28.6,28.3,28.6,28.4,28.5,28.6,28.4,28.7,28.5,28.6,28.6,28.8,28.7,28.6,28.9,28.8,28.9,28.9,28.8,28.8,28.8,28.8,29.0,28.9,29.0,29.0,29.1,29.0,29.0,29.0,29.0,29.0,29.0,28.9,28.9,28.7,28.3,28.4,28.0,27.6,27.6,27.6,27.6,27.7,27.6,27.6,27.6,27.7,27.6,27.7,27.6,27.7,27.7,27.7,27.8,27.6,27.6,27.6,27.6,27.5,27.5,27.5,27.7,27.6,27.5,27.5,27.9,27.8,27.7,27.9,27.7,27.8,27.8,27.8,27.8,27.5,27.2,27.2,27.3,27.3,27.2,27.2,27.2,27.1,27.0,27.1,27.1,27.0,27.0,26.9,27.0,26.8,26.9,26.9,27.1,26.9,27.0,27.0,27.1,27.2,27.1,27.0,27.1,26.8,26.8,26.6,26.9,27.0,27.1,27.0,27.3,27.2,27.5,27.2,27.1,26.8,26.8,27.0,27.0,27.0,26.9,26.8,27.0,26.9,27.0,26.8,26.9,26.8,26.9,26.9,26.9,27.0,26.7,26.8,26.9,26.9,26.8,26.8,26.9,26.9,26.6,26.8,26.7,26.7,26.8,26.9,26.9,26.8,26.9,27.0,27.3,27.2,27.2,27.5,27.5,27.6,27.5,27.5,27.6,27.5,27.5,27.7,27.6,27.5,27.7,27.7,27.8,27.5,27.7,27.7,27.8,27.6,27.6,27.8,27.6,27.6,27.5,27.5,27.7,27.6,27.7,27.6,27.6,27.8,27.5,27.5,27.6,27.6
194,28.3,28.4,28.3,28.5,28.4,28.4,28.5,28.6,28.5,28.5,28.6,28.5,28.6,28.6,28.9,28.6,28.6,28.6,28.8,28.8,28.8,28.8,28.7,28.7,29.0,28.9,29.0,28.9,28.9,29.0,29.0,28.9,28.9,29.0,29.0,29.0,29.0,28.8,28.9,28.6,28.5,28.2,28.0,27.5,27.6,27.5,27.5,27.6,27.6,27.5,27.4,27.6,27.4,27.5,27.6,27.7,27.6,27.6,27.7,27.7,27.5,27.6,27.8,27.6,27.6,27.4,27.7,27.6,27.7,27.7,27.8,28.0,28.1,28.0,27.8,27.7,27.8,27.7,27.5,27.4,27.3,27.3,27.3,27.0,27.3,27.1,27.0,27.1,27.0,27.0,27.2,27.0,26.9,27.1,27.1,27.1,26.9,27.1,27.1,27.0,26.9,27.1,27.0,26.9,26.9,27.0,27.0,26.9,26.8,26.8,26.8,27.1,27.3,27.2,27.2,27.3,27.4,27.2,27.0,26.9,26.9,27.0,26.7,27.0,27.0,26.9,26.8,26.8,26.9,26.7,27.0,26.8,26.9,26.9,26.9,26.8,26.8,26.7,26.7,26.8,26.7,26.8,26.7,26.9,26.9,26.6,26.8,26.8,26.9,26.9,26.9,26.8,27.1,27.1,27.3,27.4,27.4,27.3,27.5,27.5,27.5,27.5,27.5,27.7,27.6,27.6,27.8,27.6,27.6,27.7,27.5,27.5,27.6,27.7,27.6,27.8,27.7,27.6,27.5,27.8,27.8,27.7,27.8,27.6,27.6,27.5,27.8,27.7,27.7,27.5,27.6,27.5
195,28.4,28.5,28.4,28.4,28.6,28.5,28.5,28.4,28.3,28.6,28.6,28.5,28.4,28.6,28.8,28.7,28.5,28.6,28.7,28.6,28.8,29.0,28.8,29.0,29.0,28.9,28.8,29.1,29.0,28.9,29.0,29.0,29.0,29.0,29.0,29.1,28.9,29.1,28.9,28.6,28.4,28.2,27.7,27.7,27.7,27.5,27.7,27.5,27.5,27.5,27.7,27.4,27.6,27.5,27.7,27.5,27.6,27.4,27.6,27.5,27.6,27.5,27.6,27.5,27.7,27.6,27.5,27.5,27.6,27.8,27.8,27.8,28.2,28.0,27.9,27.8,27.6,27.8,27.4,27.2,27.3,27.0,27.4,27.2,27.3,27.0,27.2,27.3,27.1,27.2,27.1,27.2,27.1,27.1,27.1,26.9,27.0,27.0,26.9,27.2,27.0,27.1,27.0,27.0,27.1,27.0,26.8,26.9,26.9,26.8,27.2,27.3,27.3,27.4,27.3,27.3,27.4,27.2,26.9,26.8,27.0,26.7,26.8,26.7,26.9,26.9,26.8,27.0,27.0,26.8,27.0,26.8,26.8,26.9,26.9,26.8,26.8,26.9,26.7,27.0,26.8,26.7,26.8,26.8,26.8,26.6,26.7,26.7,26.8,26.9,27.1,27.0,27.1,27.1,27.1,27.2,27.3,27.4,27.3,27.6,27.6,27.6,27.5,27.6,27.6,27.5,27.6,27.8,27.7,27.7,27.7,27.6,27.8,27.8,27.8,27.8,27.7,27.7,27.7,27.7,27.5,27.7,27.7,27.7,27.7,27.6,27.6,27.5,27.5,27.5,27.5,27.4
196,28.3,28.5,28.4,28.3,28.6,28.3,28.4,28.5,28.5,28.5,28.4,28.6,28.4,28.6,28.5,28.6,28.6,28.6,28.7,28.6,28.8,28.9,28.9,28.9,28.8,28.8,28.8,28.9,28.8,29.0,29.0,28.8,28.9,28.8,28.9,29.0,28.8,28.8,28.9,28.6,28.4,28.2,27.9,27.5,27.5,27.6,27.5,27.5,27.7,27.7,27.6,27.4,27.7,27.5,27.6,27.6,27.7,27.6,27.6,27.5,27.6,27.8,27.6,27.7,27.6,27.5,27.5,27.5,27.7,27.6,27.8,28.2,28.2,28.1,27.9,27.8,27.7,27.6,27.4,27.4,27.1,27.3,27.2,27.4,27.3,27.3,27.2,27.1,27.1,27.2,27.0,27.0,26.9,27.1,27.0,27.0,26.9,27.2,27.0,26.9,27.0,26.9,27.0,27.0,27.0,26.8,27.2,27.0,26.9,26.9,27.1,27.0,27.3,27.4,27.2,27.2,27.1,27.1,27.0,27.2,26.7,26.9,26.7,26.8,26.9,26.8,26.8,26.9,26.9,26.9,26.9,26.8,27.1,26.9,26.8,26.9,26.8,26.9,26.7,26.8,26.8,26.7,26.7,26.7,26.6,26.8,26.9,26.9,26.9,27.0,27.0,27.0,27.0,27.0,27.2,27.3,27.3,27.3,27.4,27.5,27.6,27.5,27.8,27.6,27.8,27.7,27.6,27.6,27.8,27.7,27.8,27.7,27.7,27.6,27.5,27.7,27.5,27.9,27.5,27.7,27.5,27.7,27.7,27.5,27.6,27.5,27.5,27.6,27.5,27.4,27.5,27.5
197,28.4,28.4,28.4,28.4,28.5,28.4,28.6,28.5,28.6,28.6,28.4,28.5,28.5,28.7,28.7,28.6,28.8,28.8,28.6,28.7,28.9,28.7,28.9,28.9,28.8,28.8,28.9,28.9,29.0,29.0,28.9,28.9,29.1,28.9,28.9,29.0,29.0,28.8,28.9,28.8,28.5,28.1,27.8,27.7,27.6,27.7,27.6,27.7,27.5,27.8,27.7,27.6,27.6,27.6,27.8,27.7,27.6,27.8,27.6,27.6,27.8,27.6,27.6,27.6,27.7,27.6,27.5,27.5,27.7,27.7,28.2,28.4,28.4,28.2,28.0,27.9,27.8,27.5,27.5,27.4,27.1,27.3,27.2,27.2,27.3,27.2,27.3,27.2,27.2,27.3,27.1,27.0,27.2,27.1,27.2,27.1,27.1,27.0,27.1,27.0,27.0,27.2,26.9,26.9,26.9,26.9,26.9,26.9,26.9,26.9,27.0,27.2,27.3,27.2,27.2,27.3,27.2,27.1,26.9,26.9,27.0,26.9,26.8,26.9,27.1,26.9,26.8,26.8,26.8,26.7,26.9,26.9,26.8,26.9,26.8,26.8,26.6,26.7,26.9,26.7,26.8,26.6,26.7,26.6,26.8,26.9,26.9,27.0,26.9,26.9,27.1,27.2,27.2,27.2,27.1,27.3,27.1,27.5,27.4,27.4,27.6,27.7,27.6,27.6,27.8,27.8,27.7,27.7,27.7,27.8,27.7,27.6,27.5,27.8,27.8,27.8,27.5,27.7,27.8,27.6,27.5,27.7,27.7,27.5,27.5,27.5,27.5,27.7,27.7,27.6,27.6,27.3
198,28.4,28.4,28.3,28.3,28.3,28.3,28.5,28.5,28.4,28.3,28.4,28.5,28.5,28.4,28.5,28.7,28.8,28.7,28.7,28.5,28.8,28.8,28.6,28.7,28.8,28.9,28.9,28.8,28.8,29.0,28.7,28.8,28.9,28.8,28.7,29.0,28.8,28.7,29.0,28.8,28.4,28.2,27.9,27.6,27.6,27.5,27.5,27.7,27.5,27.6,27.6,27.6,27.5,27.5,27.5,27.5,27.6,27.7,27.4,27.5,27.7,27.6,27.5,27.7,27.6,27.4,27.6,27.5,27.8,27.9,27.9,28.3,28.5,28.0,27.9,27.8,27.8,27.8,27.4,27.6,27.3,27.2,27.2,27.2,27.3,27.1,27.3,27.2,27.1,27.2,27.2,27.0,27.0,27.3,27.2,27.1,27.0,27.0,27.0,27.2,26.9,27.0,27.1,27.3,27.0,27.1,26.9,27.0,26.8,26.8,27.0,27.3,27.3,27.2,27.1,27.3,27.3,27.2,26.9,26.9,26.9,26.9,26.9,26.8,27.0,26.9,26.9,26.7,26.9,26.9,26.9,26.6,26.9,26.9,26.9,26.9,26.7,26.9,26.9,26.8,26.6,26.7,26.6,26.8,26.7,26.6,26.7,26.8,26.8,26.9,26.9,27.0,27.1,27.1,27.3,27.2,27.2,27.2,27.4,27.5,27.5,27.5,27.7,27.7,27.8,27.6,27.6,27.5,27.5,27.7,27.6,27.5,27.5,27.7,27.6,27.7,27.7,27.7,27.6,27.7,27.7,27.5,27.8,27.6,27.6,27.5,27.7,27.5,27.6,27.4,27.5,27.4
199,28.5,28.4,28.2,28.4,28.4,28.4,28.4,28.4,28.5,28.5,28.5,28.5,28.4,28.5,28.5,28.7,28.4,28.7,28.7,28.7,28.7,28.7,28.6,28.8,28.9,28.8,29.0,28.8,29.0,28.9,28.9,28.9,28.9,28.9,29.0,28.8,28.9,29.0,29.0,28.8,28.2,28.1,27.9,27.7,27.6,27.7,27.6,27.5,27.5,27.6,27.6,27.5,27.5,27.6,27.6,27.8,27.8,27.6,27.7,27.5,27.7,27.8,27.5,27.5,27.5,27.7,27.6,27.6,27.7,27.9,28.3,28.5,28.4,28.2,28.0,28.0,27.7,27.8,27.6,27.5,27.1,27.3,27.2,27.1,27.3,27.2,27.3,27.2,27.2,27.2,27.1,27.0,27.3,27.2,26.9,27.2,27.1,27.1,26.9,27.1,27.0,27.1,27.0,27.1,26.9,26.9,27.0,26.9,26.7,26.9,27.0,27.3,27.2,27.3,27.2,27.2,27.2,26.9,27.0,26.9,26.9,26.8,26.9,26.8,26.9,26.9,26.9,26.9,26.7,27.0,26.8,26.7,26.8,26.8,27.1,26.9,26.5,26.6,26.9,26.9,26.9,26.7,26.7,26.8,26.7,26.7,26.7,26.9,26.9,26.8,27.2,27.0,27.3,27.1,27.0,27.5,27.3,27.4,27.4,27.4,27.4,27.5,27.7,27.7,27.7,27.9,27.6,27.8,27.8,27.6,27.6,27.7,27.8,27.6,27.8,27.7,28.0,27.7,27.7,27.6,27.7,27.6,27.6,27.7,27.6,27.5,27.5,27.6,27.6,27.6,27.5,27.5
200,28.4,28.4,28.5,28.4,28.4,28.4,28.4,28.4,28.5,28.5,28.3,28.6,28.4,28.4,28.6,28.6,28.7,28.6,28.7,28.7,28.8,28.9,28.9,28.7,28.9,29.1,28.8,28.9,29.0,29.0,29.1,28.8,28.9,28.8,29.1,29.0,29.1,29.0,28.9,28.8,28.5,28.2,28.0,27.6,27.5,27.7,27.6,27.7,27.7,27.6,27.5,27.5,27.6,27.6,27.6,27.5,27.6,27.6,27.6,27.6,27.7,27.8,27.8,27.6,27.7,27.7,27.7,27.6,27.8,28.0,28.3,28.4,28.5,28.3,28.0,27.9,27.8,27.6,27.6,27.3,27.3,27.2,27.3,27.2,27.1,27.0,27.2,27.3,27.2,27.2,27.0,27.1,27.3,27.1,27.0,27.1,27.2,26.9,27.0,26.9,27.1,26.9,27.0,27.0,26.9,27.0,27.1,26.9,26.8,26.9,27.0,27.1,27.3,27.2,27.1,27.1,27.1,27.0,26.7,27.0,27.1,26.9,27.1,26.9,26.8,26.9,26.9,26.9,26.9,26.8,26.8,26.8,26.8,26.9,26.8,26.9,26.7,26.8,26.9,26.8,26.8,26.9,26.8,26.7,26.9,26.7,26.6,26.9,26.9,27.1,27.3,27.4,27.1,27.1,27.3,27.3,27.3,27.3,27.5,27.4,27.8,27.7,27.7,27.8,27.7,27.8,27.8,27.6,27.6,27.7,27.8,27.7,27.6,27.8,27.7,27.6,27.7,27.8,27.7,27.7,27.6,27.7,27.7,27.8,27.7,27.6,27.6,27.6,27.6,27.5,27.6,27.5
201,28.3,28.4,28.3,28.3,28.3,28.3,28.4,28.2,28.4,28.4,28.5,28.6,28.4,28.5,28.4,28.6,28.6,28.6,28.6,28.6,28.8,28.8,28.8,28.8,28.8,28.7,28.8,28.9,28.9,28.9,28.8,28.9,29.0,28.8,28.8,28.9,29.0,28.8,28.9,28.7,28.6,28.0,27.9,27.7,27.5,27.7,27.7,27.6,27.7,27.7,27.6,27.4,27.5,27.6,27.5,27.8,27.6,27.5,27.6,27.9,27.7,27.4,27.5,27.7,27.5,27.6,27.6,27.6,27.7,27.9,28.2,28.3,28.5,28.3,27.9,27.8,27.8,27.7,27.5,27.3,27.3,27.3,27.1,27.2,27.3,27.3,27.1,27.3,27.1,27.2,27.0,27.1,27.2,27.2,27.0,27.0,27.0,27.0,27.0,27.0,27.0,27.0,27.0,27.1,26.9,26.7,27.0,26.9,26.9,27.0,27.0,27.1,27.2,27.1,27.0,27.1,27.2,27.0,26.9,26.9,26.8,26.8,26.9,26.7,26.7,26.7,26.8,26.9,26.8,26.9,26.8,26.8,26.9,26.7,26.9,27.0,26.6,26.8,27.0,26.8,26.8,26.8,26.6,26.9,26.5,26.6,26.8,26.8,26.9,27.1,27.0,27.0,27.0,27.2,27.4,27.2,27.3,27.6,27.6,27.5,27.6,27.7,27.5,27.7,27.7,27.6,27.6,27.8,27.5,27.5,27.6,27.8,27.8,27.7,27.7,27.8,27.6,27.6,27.8,27.7,27.6,27.6,27.7,27.7,27.7,27.5,27.5,27.7,27.6,27.6,27.6,27.5
202,28.3,28.4,28.2,28.2,28.3,28.3,28.4,28.4,28.6,28.4,28.5,28.7,28.4,28.5,28.5,28.6,28.4,28.7,28.7,28.7,28.7,28.8,28.9,28.8,28.7,28.9,28.8,28.8,28.6,28.8,28.8,28.8,29.1,28.8,29.0,29.0,28.9,28.8,28.9,28.8,28.5,28.3,27.9,27.6,27.7,27.5,27.7,27.7,27.7,27.6,27.5,27.6,27.6,27.6,27.7,27.7,27.7,27.7,27.6,27.7,27.5,27.5,27.7,27.5,27.6,27.7,27.6,27.7,27.7,28.0,28.3,28.4,28.6,28.3,27.9,28.1,27.9,27.8,27.6,27.2,27.1,27.3,27.2,27.3,27.3,27.3,27.2,27.1,27.1,27.2,27.1,27.0,27.1,27.1,27.0,27.1,27.0,27.2,27.1,27.0,27.1,27.0,27.1,27.0,26.9,27.1,27.0,27.0,26.8,26.9,27.2,27.2,27.3,27.3,27.2,27.1,27.1,26.9,26.8,26.8,26.9,26.9,26.9,26.8,26.9,26.6,26.8,26.9,26.9,26.8,26.9,26.9,26.9,26.9,26.9,26.9,26.7,26.9,26.7,26.9,26.8,26.7,26.8,26.9,26.7,26.9,26.8,26.9,27.1,27.0,27.0,27.3,27.3,27.3,27.4,27.5,27.4,27.5,27.6,27.4,27.5,27.6,27.6,27.7,27.6,27.6,27.7,27.6,27.8,27.6,27.7,27.8,27.7,27.7,27.6,27.6,27.8,27.7,27.6,27.6,27.7,27.8,27.8,27.6,27.7,27.6,27.6,27.6,27.5,27.6,27.5,27.5
203,28.1,28.3,28.3,28.2,28.3,28.3,28.4,28.5,28.4,28.4,28.6,28.3,28.4,28.7,28.4,28.5,28.7,28.6,28.7,28.6,28.8,28.6,28.8,28.8,28.7,28.8,28.9,28.9,28.8,28.9,28.9,28.8,28.7,28.9,28.9,29.0,28.9,29.0,28.9,28.8,28.6,28.2,28.0,27.6,27.6,27.5,27.8,27.6,27.6,27.7,27.6,27.5,27.5,27.6,27.7,27.5,27.6,27.6,27.6,27.5,27.5,27.8,27.5,27.4,27.5,27.7,27.6,27.7,27.8,27.8,28.3,28.4,28.6,28.4,28.1,28.0,27.9,27.8,27.7,27.4,27.3,27.4,27.0,27.2,27.3,27.2,27.3,27.1,27.2,27.2,27.1,27.0,26.9,27.1,27.0,27.1,26.9,26.9,27.0,27.0,27.0,26.9,26.9,27.0,26.9,27.0,26.8,26.9,26.9,27.0,27.1,27.4,27.5,27.4,27.3,27.1,27.1,27.1,27.0,26.9,26.8,26.9,26.9,26.9,26.9,26.9,26.8,26.8,27.0,26.7,26.8,26.9,26.7,26.8,26.7,26.9,26.6,26.8,26.8,26.7,26.7,26.8,26.7,26.6,26.6,26.7,26.8,26.8,26.9,27.1,27.1,27.2,27.2,27.3,27.2,27.4,27.4,27.4,27.3,27.6,27.6,27.7,27.6,27.5,27.5,27.8,27.8,27.7,27.6,27.8,27.7,27.8,27.7,27.6,27.5,27.7,27.7,27.8,27.6,27.6,27.8,27.7,27.8,27.5,27.8,27.6,27.6,27.6,27.5,27.5,27.7,27.5
204,28.3,28.3,28.2,28.4,28.2,28.3,28.4,28.4,28.4,28.4,28.5,28.4,28.6,28.5,28.5,28.6,28.4,28.6,28.6,28.6,28.6,28.6,28.7,28.7,28.7,28.6,28.7,28.6,28.8,28.9,29.0,28.7,28.9,28.8,28.9,28.9,28.7,28.8,28.8,28.7,28.6,28.4,27.9,27.7,27.7,27.8,27.6,27.6,27.7,27.6,27.5,27.6,27.5,27.5,27.8,27.8,27.6,27.7,27.7,27.7,27.6,27.6,27.6,27.7,27.6,27.7,27.7,27.7,27.8,27.8,28.1,28.4,28.6,28.4,28.2,28.2,28.2,28.0,27.8,27.3,27.3,27.2,27.2,27.1,27.2,27.3,27.2,27.1,27.0,27.0,27.0,26.8,27.1,27.1,27.0,26.9,27.0,27.0,26.9,27.0,27.0,26.9,27.1,26.8,27.0,27.1,27.0,26.8,27.0,27.1,27.3,27.5,27.6,27.4,27.5,27.4,27.2,27.1,26.8,26.8,26.8,26.9,26.9,27.0,26.9,26.8,26.9,26.9,26.9,26.8,26.8,26.7,26.8,26.9,26.7,26.7,26.6,26.9,26.7,26.7,26.8,26.8,26.6,26.7,26.8,26.7,26.7,26.7,27.0,26.9,27.1,27.2,27.3,27.5,27.4,27.6,27.4,27.5,27.4,27.5,27.6,27.7,27.5,27.5,27.6,27.7,27.6,27.6,27.6,27.8,27.6,27.7,27.6,27.6,27.6,27.7,27.6,27.5,27.4,27.5,27.6,27.7,27.6,27.8,27.4,27.5,27.6,27.5,27.5,27.3,27.4,27.5
205,28.2,28.3,28.3,28.2,28.2,28.1,28.4,28.4,28.2,28.4,28.4,28.7,28.4,28.4,28.6,28.5,28.6,28.5,28.5,28.6,28.6,28.7,28.8,28.7,28.6,28.7,28.8,28.7,28.8,28.6,28.7,28.6,28.7,28.8,28.7,28.9,28.8,28.9,28.8,28.6,28.5,28.3,27.8,27.8,27.5,27.7,27.6,27.5,27.5,27.5,27.5,27.7,27.5,27.5,27.7,27.8,27.5,27.5,27.4,27.6,27.5,27.6,27.6,27.5,27.5,27.7,27.6,27.7,27.7,27.9,28.1,28.4,28.6,28.3,28.1,28.2,28.0,27.9,27.6,27.4,27.2,27.2,27.3,26.9,27.2,27.2,27.1,27.2,27.0,26.9,27.0,27.1,27.0,27.0,26.9,26.9,26.9,26.9,26.9,27.1,26.9,27.0,26.9,26.9,26.9,26.8,26.8,26.9,27.0,27.1,27.3,27.4,27.5,27.4,27.5,27.2,27.2,26.9,26.9,26.8,26.7,26.8,27.1,26.8,26.9,26.9,26.6,26.8,26.9,26.8,26.9,26.8,26.9,26.7,26.9,26.7,26.7,26.8,26.9,26.9,26.7,26.7,26.8,26.7,26.8,26.7,26.6,26.9,26.9,26.9,27.0,27.1,27.3,27.3,27.4,27.6,27.5,27.4,27.5,27.5,27.7,27.5,27.5,27.7,27.7,27.7,27.7,27.6,27.5,27.7,27.7,27.6,27.8,27.6,27.6,27.7,27.7,27.8,27.6,27.7,27.7,27.5,27.7,27.7,27.7,27.5,27.4,27.5,27.6,27.3,27.4,27.4
206,28.3,28.1,28.2,28.2,28.3,28.1,28.5,28.4,28.2,28.3,28.4,28.4,28.6,28.4,28.6,28.6,28.5,28.5,28.4,28.5,28.6,28.4,28.5,28.7,28.6,28.7,28.7,28.7,28.6,28.7,28.7,28.8,28.8,28.8,28.6,28.8,28.8,28.8,28.8,28.7,28.6,28.3,27.9,27.8,27.8,27.6,27.6,27.5,27.7,27.5,27.6,27.6,27.6,27.6,27.5,27.7,27.7,27.6,27.5,27.6,27.7,27.5,27.6,27.6,27.7,27.5,27.7,27.7,27.6,27.8,28.2,28.4,28.6,28.5,28.3,28.2,28.3,28.0,27.7,27.4,27.1,27.0,27.0,27.0,27.1,27.1,27.0,27.3,27.1,27.0,27.0,26.9,26.9,27.0,27.0,26.9,26.8,26.9,26.8,26.8,26.9,26.8,26.9,26.9,26.9,26.9,26.9,26.8,26.8,26.8,27.3,27.5,27.5,27.5,27.5,27.3,27.2,26.9,26.8,26.9,26.8,27.0,26.8,26.7,26.7,26.8,26.8,26.9,26.8,26.7,26.9,26.8,26.7,26.7,26.7,26.8,26.4,26.8,26.7,26.6,26.8,26.8,26.6,26.8,26.8,26.7,26.6,26.9,27.0,26.9,27.1,27.3,27.3,27.3,27.3,27.5,27.3,27.5,27.6,27.7,27.6,27.5,27.5,27.6,27.6,27.5,27.7,27.7,27.5,27.5,27.7,27.6,27.7,27.6,27.3,27.7,27.5,27.5,27.6,27.5,27.4,27.7,27.5,27.5,27.6,27.4,27.5,27.5,27.4,27.5,27.4,27.5
207,28.1,28.3,28.2,28.1,28.2,28.2,28.2,28.1,28.3,28.3,28.4,28.6,28.4,28.4,28.6,28.5,28.6,28.5,28.4,28.5,28.5,28.7,28.6,28.7,28.6,28.6,29.0,28.7,28.7,28.8,28.9,28.7,28.9,28.8,28.8,28.8,28.8,28.7,28.9,28.6,28.4,28.3,27.9,27.8,27.9,27.6,27.6,27.8,27.5,27.5,27.7,27.5,27.6,27.5,27.6,27.7,27.7,27.5,27.5,27.6,27.7,27.6,27.6,27.5,27.6,27.7,27.6,27.6,27.6,27.9,28.1,28.4,28.6,28.6,28.4,28.4,28.2,27.9,27.6,27.3,27.3,27.3,26.9,27.0,27.1,26.9,27.1,27.1,27.0,27.0,27.0,27.1,27.0,26.9,27.0,26.8,27.1,26.9,26.9,26.8,27.0,26.9,26.9,26.9,26.8,26.9,26.9,26.9,26.9,27.2,27.3,27.5,27.6,27.5,27.7,27.4,27.4,27.0,26.8,27.0,26.9,26.9,27.0,26.9,26.7,26.8,26.9,26.7,26.8,26.8,26.7,26.7,26.9,26.9,26.8,26.7,26.7,26.7,26.8,26.8,26.7,26.6,26.7,26.6,26.8,26.7,26.7,26.6,26.9,27.1,27.2,27.2,27.3,27.3,27.4,27.5,27.5,27.7,27.5,27.6,27.6,27.5,27.5,27.5,27.6,27.6,27.7,27.6,27.8,27.7,27.6,27.6,27.6,27.7,27.5,27.5,27.4,27.5,27.7,27.4,27.4,27.5,27.5,27.6,27.5,27.5,27.5,27.6,27.5,27.3,27.3,27.5
208,28.2,28.3,28.2,28.3,28.2,28.2,28.3,28.1,28.2,28.3,28.2,28.4,28.4,28.4,28.4,28.3,28.5,28.5,28.5,28.5,28.8,28.6,28.6,28.6,28.5,28.6,28.7,28.6,28.7,28.9,28.6,28.8,28.6,28.7,28.8,28.6,28.8,28.6,28.8,28.6,28.5,28.1,28.0,27.8,27.5,27.7,27.6,27.7,27.6,27.7,27.5,27.5,27.6,27.4,27.6,27.7,27.6,27.5,27.6,27.6,27.8,27.6,27.7,27.5,27.8,27.5,27.5,27.4,27.8,27.8,28.1,28.4,28.4,28.5,28.4,28.3,28.2,27.7,27.6,27.3,27.1,27.0,26.9,26.9,27.0,26.9,27.1,27.1,27.1,27.1,27.0,26.8,26.9,26.9,27.1,26.9,26.9,26.9,26.9,27.0,27.0,26.9,26.9,26.8,26.7,26.9,26.7,26.7,26.6,27.0,27.1,27.6,27.6,27.6,27.5,27.5,27.3,27.1,26.8,26.9,26.9,26.9,26.9,26.7,26.9,26.7,26.7,26.8,26.9,26.7,26.7,26.8,26.8,26.8,26.7,26.9,26.7,26.7,26.5,26.7,26.6,26.6,26.7,26.7,26.7,26.7,26.6,27.0,26.9,27.1,27.2,27.3,27.3,27.3,27.5,27.7,27.5,27.5,27.6,27.6,27.7,27.6,27.5,27.7,27.5,27.6,27.7,27.5,27.5,27.7,27.7,27.7,27.6,27.6,27.6,27.6,27.6,27.6,27.4,27.5,27.7,27.6,27.6,27.4,27.7,27.6,27.5,27.5,27.6,27.5,27.4,27.5
209,28.2,28.2,28.2,28.4,28.2,28.2,28.3,28.4,28.3,28.3,28.2,28.4,28.4,28.4,28.4,28.6,28.4,28.4,28.5,28.4,28.6,28.6,28.6,28.7,28.6,28.8,28.7,28.7,28.5,28.7,28.8,28.7,28.8,28.6,28.6,28.9,28.8,28.8,28.7,28.6,28.5,28.4,27.9,27.8,27.7,27.7,27.7,27.6,27.8,27.6,27.7,27.6,27.6,27.5,27.7,27.7,27.7,27.6,27.5,27.6,27.6,27.6,27.5,27.6,27.8,27.8,27.4,27.7,27.7,27.9,28.0,28.4,28.7,28.4,28.6,28.2,28.1,27.9,27.9,27.2,27.0,27.0,26.9,27.0,27.0,26.9,27.2,27.1,27.0,27.0,26.9,27.1,27.0,26.7,26.8,26.8,26.9,26.7,26.9,26.9,26.8,26.9,26.9,26.7,26.8,26.8,26.6,26.4,26.6,26.9,27.4,27.6,27.6,27.5,27.6,27.5,27.2,26.8,26.8,26.8,26.8,26.9,26.9,26.6,27.0,26.7,26.9,26.8,26.8,26.8,26.9,26.7,26.8,26.7,26.8,26.8,26.8,26.7,26.8,26.6,26.7,26.6,26.6,26.8,26.7,26.6,26.6,26.9,27.1,27.1,27.1,27.3,27.2,27.3,27.5,27.6,27.4,27.5,27.6,27.6,27.7,27.6,27.5,27.6,27.6,27.6,27.5,27.6,27.6,27.7,27.6,27.6,27.8,27.6,27.4,27.7,27.6,27.6,27.5,27.5,27.5,27.4,27.6,27.6,27.5,27.5,27.6,27.5,27.5,27.6,27.6,27.5
210,28.2,28.3,28.0,28.1,28.2,28.3,28.3,28.4,28.1,28.4,28.4,28.5,28.3,28.7,28.6,28.4,28.5,28.5,28.5,28.5,28.4,28.6,28.5,28.6,28.7,28.7,28.7,28.7,28.8,28.7,28.7,28.7,28.8,28.8,28.8,28.8,28.8,28.8,28.7,28.8,28.5,28.3,27.9,27.8,27.7,27.8,27.8,27.7,27.7,27.7,27.8,27.9,27.7,27.7,27.6,27.8,27.8,27.6,27.7,27.6,27.8,27.8,27.7,27.8,27.6,27.7,27.8,27.7,27.8,27.8,28.2,28.3,28.5,28.4,28.4,28.3,28.1,28.0,27.8,27.2,27.0,26.9,26.8,27.0,26.9,26.8,27.0,26.8,27.0,27.0,26.9,26.9,26.9,26.8,26.9,26.9,26.9,26.9,26.8,26.9,26.8,26.8,26.9,26.9,26.6,26.6,26.6,26.7,26.7,26.8,27.4,27.4,27.8,27.7,27.5,27.5,27.3,27.0,26.9,26.9,26.9,26.8,26.8,26.9,26.7,26.9,26.8,26.8,26.8,26.8,26.9,26.7,26.6,26.9,26.6,26.9,26.8,26.7,26.9,26.7,26.7,26.8,26.6,26.7,26.6,26.4,26.6,27.0,27.0,27.2,27.4,27.2,27.3,27.4,27.4,27.6,27.6,27.7,27.6,27.7,27.8,27.7,27.7,27.7,27.7,27.8,27.5,27.8,27.6,27.7,27.7,27.7,27.6,27.7,27.5,27.5,27.5,27.6,27.5,27.6,27.6,27.6,27.5,27.5,27.6,27.6,27.6,27.6,27.6,27.5,27.4,27.4
211,28.2,28.2,28.2,28.2,28.3,28.2,28.2,28.2,28.4,28.2,28.4,28.6,28.3,28.2,28.5,28.5,28.4,28.3,28.6,28.4,28.5,28.5,28.5,28.6,28.6,28.6,28.7,28.6,28.6,28.7,28.8,28.4,28.7,28.7,28.9,28.5,28.8,28.7,28.7,28.7,28.5,28.3,28.0,27.8,27.9,27.9,27.8,27.8,28.0,27.8,27.9,27.8,27.9,27.8,27.8,27.8,27.6,27.7,27.7,27.7,27.6,27.7,27.7,27.8,27.7,27.5,27.8,27.6,27.7,27.9,28.0,28.3,28.4,28.2,28.2,28.3,28.1,27.8,27.5,27.2,27.0,27.0,26.9,26.9,27.0,26.7,26.9,26.9,26.9,26.9,26.8,26.7,26.9,26.8,26.8,26.9,26.6,26.8,26.8,26.7,26.7,26.7,26.5,26.8,26.7,26.5,26.4,26.2,26.4,26.8,27.0,27.4,27.5,27.5,27.6,27.4,27.3,27.1,26.7,26.8,26.6,26.9,26.7,26.9,26.9,26.6,26.6,26.7,26.9,26.7,26.7,26.5,26.8,26.8,26.9,26.7,26.6,26.6,26.6,26.5,26.8,26.6,26.5,26.6,26.6,26.5,26.6,26.7,27.0,27.1,27.4,27.2,27.5,27.3,27.4,27.6,27.5,27.5,27.8,27.8,27.6,27.6,27.6,27.4,27.6,27.6,27.7,27.8,27.6,27.6,27.7,27.6,27.7,27.6,27.5,27.5,27.5,27.5,27.4,27.7,27.5,27.4,27.5,27.5,27.6,27.5,27.5,27.6,27.5,27.3,27.6,27.6
212,28.1,28.3,28.1,28.2,28.2,28.4,28.3,28.3,28.0,28.3,28.5,28.1,28.3,28.6,28.3,28.6,28.6,28.5,28.4,28.5,28.4,28.5,28.5,28.6,28.8,28.6,28.7,28.7,28.6,28.5,28.5,28.8,28.7,28.6,28.7,28.8,28.8,28.8,28.7,28.6,28.7,28.5,28.4,28.3,28.4,28.2,28.2,28.2,28.1,28.1,28.0,28.2,27.9,27.9,28.1,28.1,27.8,28.1,27.9,28.1,27.8,27.9,28.1,27.8,27.9,27.8,27.8,27.8,27.8,28.0,28.1,28.2,28.5,28.4,28.4,28.2,28.3,27.8,27.5,27.2,26.8,26.8,26.9,26.9,26.9,26.9,27.0,26.9,27.0,27.0,26.9,26.8,26.7,26.9,26.7,26.9,26.9,26.7,26.7,26.7,26.7,26.7,26.8,26.7,26.6,26.4,26.2,26.2,26.4,26.9,27.3,27.5,27.5,27.6,27.6,27.5,27.0,26.9,26.7,26.8,26.7,26.7,26.9,26.8,26.8,26.6,27.0,26.8,26.6,26.7,26.8,26.7,26.7,26.7,26.6,26.5,26.4,26.6,26.7,26.6,26.7,26.6,26.5,26.6,26.6,26.4,26.4,26.9,27.2,27.3,27.3,27.3,27.5,27.5,27.4,27.5,27.7,27.6,27.7,27.6,27.8,27.6,27.7,27.6,27.7,27.6,27.7,27.6,27.5,27.7,27.6,27.7,27.7,27.6,27.7,27.5,27.7,27.7,27.5,27.5,27.6,27.5,27.7,27.7,27.6,27.5,27.5,27.7,27.6,27.5,27.4,27.5
213,28.3,28.0,27.9,28.3,28.2,28.2,28.2,28.3,28.3,28.4,28.2,28.3,28.4,28.4,28.3,28.4,28.4,28.3,28.5,28.5,28.5,28.6,28.5,28.4,28.4,28.6,28.5,28.6,28.6,28.7,28.6,28.6,28.7,28.6,28.6,28.6,28.7,28.6,28.9,28.7,28.5,28.3,28.4,28.4,28.3,28.3,28.4,28.3,28.2,28.3,28.4,28.2,28.4,28.2,28.2,28.1,28.1,28.1,28.1,28.1,28.3,28.1,28.1,28.2,27.9,28.0,27.8,28.1,28.1,28.2,28.3,28.3,28.3,28.4,28.3,28.2,28.0,27.9,27.5,27.3,26.9,26.9,26.8,26.8,26.9,26.8,26.8,26.8,26.8,26.9,26.9,26.9,26.7,26.6,26.8,26.6,26.7,26.7,26.6,26.9,26.8,26.7,26.7,26.7,26.4,26.3,26.3,26.1,26.2,26.6,26.9,27.3,27.3,27.7,27.4,27.3,27.0,26.8,26.8,26.9,26.6,26.8,26.6,26.9,26.9,26.6,26.7,26.9,26.9,26.6,26.8,26.8,26.7,26.6,26.8,26.6,26.6,26.6,26.6,26.5,26.6,26.5,26.5,26.5,26.4,26.3,26.5,26.9,26.9,27.4,27.3,27.4,27.4,27.5,27.6,27.5,27.4,27.5,27.6,27.6,27.6,27.5,27.8,27.7,27.5,27.5,27.7,27.8,27.6,27.7,27.5,27.5,27.6,27.6,27.8,27.5,27.5,27.5,27.5,27.5,27.5,27.5,27.6,27.7,27.6,27.4,27.6,27.4,27.4,27.5,27.3,27.4
214,28.1,28.2,28.3,28.1,28.1,28.2,28.2,28.2,28.2,28.5,28.1,28.3,28.2,28.4,28.4,28.3,28.6,28.4,28.4,28.5,28.3,28.5,28.4,28.6,28.7,28.6,28.6,28.6,28.5,28.7,28.7,28.7,28.6,28.7,28.7,28.6,28.6,28.7,28.6,28.6,28.5,28.5,28.6,28.5,28.5,28.5,28.5,28.4,28.4,28.2,28.4,28.4,28.4,28.3,28.4,28.4,28.4,28.2,28.1,28.1,28.2,28.3,28.2,28.0,28.3,28.2,28.3,27.9,28.4,28.2,28.2,28.3,28.3,28.3,28.2,28.2,28.0,27.8,27.3,27.2,26.8,26.7,26.7,26.8,26.8,26.9,26.9,26.8,26.8,26.8,26.7,26.9,26.8,26.8,26.6,26.6,26.8,26.9,26.8,26.6,26.6,26.6,26.5,26.5,26.4,26.5,26.3,26.2,26.2,26.5,26.9,27.3,27.4,27.6,27.3,27.4,27.2,26.9,26.8,26.7,26.8,26.8,26.9,26.8,26.8,26.8,26.9,26.7,26.7,26.8,27.0,26.9,26.7,26.7,26.8,26.9,26.6,26.6,26.7,26.7,26.7,26.7,26.8,26.6,26.6,26.5,26.5,27.0,27.1,27.3,27.5,27.5,27.3,27.4,27.6,27.7,27.6,27.7,27.5,27.7,27.8,27.8,27.6,27.7,27.6,27.8,27.7,27.7,27.7,27.8,27.7,27.6,27.6,27.6,27.8,27.6,27.7,27.6,27.6,27.8,27.5,27.6,27.6,27.5,27.5,27.7,27.5,27.5,27.6,27.5,27.3,27.5
215,27.9,28.2,28.4,28.2,28.3,28.2,28.4,28.3,28.2,28.4,28.3,28.4,28.4,28.4,28.3,28.2,28.3,28.5,28.4,28.4,28.2,28.5,28.5,28.4,28.5,28.5,28.4,28.4,28.6,28.6,28.6,28.6,28.6,28.7,28.7,28.6,28.6,28.8,28.7,28.6,28.7,28.7,28.6,28.6,28.6,28.6,28.6,28.5,28.4,28.6,28.4,28.4,28.5,28.5,28.6,28.6,28.5,28.5,28.5,28.4,28.6,28.4,28.4,28.2,28.2,28.3,28.3,28.2,28.1,28.2,28.0,28.4,28.3,28.2,28.2,28.1,28.0,27.7,27.4,27.1,26.7,26.7,26.8,26.8,26.6,26.7,26.7,26.9,26.8,26.7,26.8,26.4,26.5,26.5,26.6,26.6,26.6,26.5,26.6,26.5,26.6,26.6,26.5,26.6,26.3,26.2,26.3,26.1,26.1,26.5,26.8,27.1,27.4,27.3,27.4,27.2,27.1,26.9,26.8,26.8,26.9,26.8,26.9,27.0,26.8,26.6,26.9,26.9,26.8,26.9,27.0,26.8,26.9,27.0,27.0,26.8,26.6,26.7,26.7,26.8,26.8,26.8,26.6,26.6,26.7,26.7,26.9,26.9,27.3,27.1,27.5,27.5,27.4,27.5,27.5,27.5,27.5,27.7,27.6,27.6,27.6,27.5,27.6,27.5,27.5,27.5,27.6,27.6,27.5,27.5,27.5,27.6,27.5,27.5,27.6,27.8,27.5,27.5,27.5,27.7,27.6,27.6,27.6,27.5,27.3,27.4,27.7,27.5,27.4,27.4,27.5,27.3
216,27.9,28.2,28.0,28.1,28.4,28.1,28.3,28.3,28.3,28.3,28.3,28.2,28.4,28.3,28.4,28.2,28.3,28.4,28.4,28.4,28.5,28.7,28.3,28.5,28.6,28.4,28.4,28.6,28.4,28.7,28.6,28.5,28.7,28.6,28.6,28.7,28.6,28.7,28.7,28.7,28.7,28.4,28.6,28.4,28.6,28.6,28.6,28.6,28.7,28.6,28.6,28.6,28.6,28.6,28.6,28.5,28.6,28.4,28.3,28.4,28.5,28.4,28.4,28.5,28.4,28.3,28.3,28.3,28.2,28.3,28.1,28.2,28.4,28.1,28.2,28.0,27.9,27.6,27.3,26.9,26.8,26.6,26.7,26.8,26.7,26.8,26.8,26.7,26.8,26.8,26.8,26.7,26.7,26.6,26.6,26.9,26.6,26.6,26.6,26.7,26.6,26.6,26.6,26.4,26.5,26.3,26.1,26.0,26.1,26.5,26.8,27.2,27.5,27.4,27.2,27.3,27.3,27.2,27.1,26.9,27.1,27.0,26.9,26.9,26.9,27.0,26.9,27.0,26.9,27.0,27.0,26.9,26.9,27.0,27.0,26.9,26.9,26.9,27.0,26.9,26.9,26.9,26.9,27.0,26.9,27.1,27.1,27.1,27.2,27.5,27.5,27.4,27.4,27.5,27.5,27.4,27.6,27.7,27.6,27.7,27.5,27.7,27.6,27.5,27.7,27.6,27.8,27.6,27.5,27.6,27.6,27.5,27.5,27.7,27.5,27.6,27.5,27.6,27.4,27.6,27.5,27.4,27.5,27.5,27.3,27.4,27.3,27.5,27.4,27.4,27.4,27.5
217,28.1,28.1,28.2,28.0,28.1,28.0,28.2,28.1,28.0,28.3,28.4,28.2,28.5,28.2,28.3,28.3,28.1,28.2,28.5,28.4,28.6,28.4,28.5,28.4,28.5,28.5,28.4,28.6,28.5,28.6,28.6,28.4,28.7,28.7,28.6,28.5,28.6,28.5,28.7,28.7,28.8,28.6,28.8,28.6,28.7,28.8,28.8,28.7,28.5,28.5,28.6,28.5,28.6,28.6,28.7,28.6,28.5,28.6,28.4,28.5,28.4,28.5,28.4,28.4,28.4,28.3,28.3,28.1,28.2,28.2,28.2,28.1,28.1,28.2,28.0,28.0,27.9,27.7,27.2,26.8,26.8,26.7,26.6,26.6,26.8,26.6,26.8,26.6,26.6,26.8,26.8,26.6,26.8,26.7,26.6,26.7,26.8,26.6,26.6,26.6,26.5,26.7,26.6,26.6,26.4,26.4,26.4,26.3,26.0,26.6,27.1,27.2,27.3,27.3,27.3,27.2,27.2,27.4,27.1,27.0,27.2,27.2,27.0,27.0,27.1,27.1,27.1,27.1,26.9,26.9,26.9,26.9,27.2,27.2,26.9,26.9,27.1,27.0,27.1,27.1,27.1,27.0,27.1,27.1,27.2,27.1,27.2,27.1,27.4,27.4,27.4,27.5,27.4,27.6,27.5,27.7,27.4,27.5,27.5,27.7,27.7,27.5,27.6,27.5,27.5,27.9,27.5,27.4,27.6,27.5,27.5,27.5,27.7,27.6,27.5,27.6,27.6,27.5,27.5,27.5,27.6,27.6,27.5,27.5,27.5,27.4,27.5,27.4,27.5,27.4,27.5,27.5
218,28.1,27.9,28.0,28.1,28.0,28.1,28.2,28.1,28.0,28.1,28.1,28.3,28.2,28.2,28.2,28.2,28.2,28.4,28.5,28.4,28.4,28.4,28.4,28.4,28.4,28.2,28.5,28.4,28.4,28.5,28.6,28.4,28.6,28.6,28.6,28.6,28.7,28.6,28.5,28.6,28.6,28.5,28.7,28.4,28.6,28.6,28.7,28.5,28.4,28.5,28.6,28.7,28.4,28.4,28.6,28.6,28.4,28.4,28.5,28.7,28.4,28.4,28.4,28.3,28.3,28.3,28.1,28.2,28.2,28.3,28.3,28.1,27.9,28.1,27.9,28.0,27.8,27.5,27.2,27.0,26.7,26.8,26.8,26.7,26.9,26.8,26.9,26.7,26.7,26.8,26.6,26.6,26.7,26.8,26.5,26.8,26.7,26.7,26.6,26.6,26.6,26.5,26.7,26.8,26.5,26.4,26.3,26.3,26.3,26.6,27.0,27.1,27.2,27.3,27.2,27.3,27.3,27.2,27.2,27.3,27.3,27.3,27.2,27.0,27.3,27.1,27.0,27.1,27.0,27.1,27.1,27.2,27.1,27.1,27.2,27.1,27.1,27.0,26.9,27.3,27.0,27.0,27.1,27.0,27.2,27.3,27.3,27.3,27.6,27.5,27.5,27.5,27.5,27.5,27.5,27.6,27.5,27.7,27.6,27.7,27.5,27.5,27.6,27.8,27.5,27.6,27.6,27.6,27.6,27.5,27.4,27.4,27.5,27.6,27.5,27.5,27.5,27.6,27.5,27.5,27.5,27.5,27.5,27.5,27.3,27.4,27.4,27.4,27.5,27.3,27.4,27.5
219,28.0,28.0,28.0,28.1,28.1,28.0,28.1,28.0,28.0,28.1,28.2,28.1,28.4,28.2,28.3,28.2,28.1,28.3,28.4,28.4,28.5,28.5,28.2,28.6,28.5,28.4,28.4,28.4,28.6,28.6,28.6,28.4,28.4,28.4,28.5,28.5,28.6,28.6,28.6,28.7,28.6,28.7,28.6,28.5,28.7,28.5,28.7,28.6,28.7,28.7,28.7,28.6,28.6,28.6,28.6,28.6,28.4,28.5,28.5,28.4,28.4,28.4,28.6,28.5,28.3,28.4,28.4,28.2,28.2,28.2,28.1,28.2,28.1,28.0,27.9,27.9,27.9,27.5,27.3,26.8,26.7,26.7,26.7,26.8,26.7,26.8,26.9,26.8,26.8,26.9,26.7,26.7,26.9,26.8,26.9,26.7,26.8,26.9,26.8,26.9,26.6,26.6,26.8,26.6,26.6,26.6,26.5,26.3,26.4,26.6,27.0,27.3,27.3,27.1,27.3,27.2,27.1,27.4,27.3,27.4,27.2,27.3,27.5,27.2,27.3,27.1,27.2,27.1,27.1,27.1,27.2,27.2,27.2,27.1,27.2,27.3,26.9,27.2,27.1,27.3,27.4,27.1,27.1,27.3,27.4,27.5,27.5,27.5,27.4,27.5,27.5,27.5,27.4,27.5,27.5,27.5,27.4,27.7,27.5,27.6,27.7,27.8,27.6,27.6,27.6,27.6,27.7,27.6,27.6,27.5,27.6,27.5,27.4,27.5,27.5,27.4,27.5,27.4,27.5,27.4,27.5,27.5,27.5,27.3,27.4,27.3,27.5,27.5,27.3,27.5,27.3,27.3
220,28.2,28.0,28.0,27.9,27.9,28.0,27.9,28.2,28.1,28.1,28.1,28.1,28.2,28.2,28.1,28.3,28.3,28.2,28.4,28.3,28.6,28.4,28.3,28.3,28.3,28.5,28.4,28.5,28.4,28.4,28.5,28.4,28.4,28.4,28.6,28.5,28.5,28.6,28.6,28.6,28.6,28.5,28.6,28.7,28.5,28.7,28.5,28.7,28.4,28.6,28.6,28.8,28.5,28.4,28.5,28.6,28.4,28.4,28.4,28.4,28.4,28.5,28.4,28.4,28.3,28.5,28.1,28.2,28.4,28.1,28.0,28.1,28.0,27.9,27.9,27.9,27.8,27.5,27.1,26.9,26.7,26.9,26.7,26.8,26.8,26.7,26.9,26.6,26.6,26.7,26.8,26.8,27.1,26.9,26.9,26.9,26.6,26.9,26.6,26.7,26.7,26.6,26.6,26.7,26.6,26.7,26.5,26.5,26.5,26.7,27.0,27.3,27.4,27.4,27.2,27.2,27.2,27.1,27.4,27.5,27.2,27.4,27.1,27.1,27.3,27.1,27.1,27.1,27.2,27.1,27.3,27.2,27.3,27.2,27.4,27.3,27.2,27.2,27.3,27.3,27.3,27.4,27.4,27.5,27.4,27.4,27.4,27.4,27.6,27.5,27.7,27.5,27.5,27.6,27.6,27.6,27.6,27.5,27.6,27.4,27.5,27.6,27.6,27.6,27.6,27.4,27.5,27.7,27.6,27.6,27.5,27.5,27.6,27.4,27.5,27.8,27.4,27.4,27.5,27.6,27.4,27.4,27.5,27.5,27.4,27.3,27.4,27.3,27.4,27.3,27.3,27.4
221,28.0,28.1,27.8,28.0,28.0,28.3,28.2,28.1,28.0,28.0,28.4,28.1,28.2,28.3,28.2,28.3,28.1,28.3,28.3,28.2,28.3,28.4,28.4,28.5,28.4,28.2,28.4,28.3,28.4,28.5,28.6,28.4,28.6,28.5,28.4,28.7,28.4,28.5,28.4,28.4,28.5,28.5,28.6,28.6,28.5,28.5,28.5,28.6,28.6,28.6,28.5,28.7,28.5,28.4,28.5,28.4,28.4,28.3,28.4,28.4,28.6,28.3,28.4,28.3,28.4,28.4,28.3,28.2,28.2,28.1,28.1,28.0,28.1,28.1,28.1,28.0,27.8,27.6,27.4,26.9,26.7,26.6,26.8,26.9,26.9,26.9,26.9,26.8,26.9,26.8,26.7,26.8,26.9,26.7,26.8,26.8,26.8,26.6,26.7,26.6,26.7,26.6,26.6,26.8,26.5,26.6,26.4,26.4,26.5,26.6,27.0,27.2,27.0,27.2,27.1,27.1,27.3,27.3,27.3,27.3,27.2,27.4,27.4,27.2,27.3,27.2,27.1,27.1,27.2,27.0,27.3,27.3,27.2,27.2,27.3,27.4,27.2,27.4,27.4,27.3,27.2,27.2,27.4,27.3,27.5,27.3,27.3,27.5,27.6,27.5,27.3,27.6,27.5,27.7,27.6,27.8,27.5,27.7,27.8,27.5,27.6,27.5,27.5,27.6,27.6,27.6,27.5,27.5,27.5,27.5,27.6,27.5,27.5,27.5,27.5,27.3,27.4,27.4,27.3,27.5,27.4,27.5,27.4,27.4,27.4,27.3,27.4,27.3,27.3,27.4,27.2,27.4
222,27.9,28.0,27.9,28.0,28.2,28.2,28.1,28.0,28.1,28.2,28.2,28.1,28.2,28.0,28.1,28.4,28.1,28.2,28.2,28.3,28.2,28.4,28.1,28.5,28.4,28.4,28.2,28.4,28.4,28.4,28.5,28.4,28.4,28.5,28.5,28.6,28.5,28.6,28.5,28.5,28.5,28.5,28.6,28.5,28.5,28.6,28.6,28.5,28.5,28.5,28.6,28.5,28.5,28.6,28.5,28.4,28.6,28.6,28.4,28.5,28.6,28.4,28.4,28.2,28.3,28.4,28.0,28.2,28.1,28.0,28.0,28.0,28.0,28.0,27.9,27.8,27.7,27.5,27.1,27.1,26.7,26.7,26.7,26.8,26.9,26.8,26.9,26.7,26.8,26.6,26.9,26.7,26.9,26.7,26.5,26.7,26.5,26.7,26.7,26.8,26.6,26.8,26.7,26.7,26.6,26.6,26.4,26.3,26.4,26.7,26.8,27.3,27.3,27.3,27.2,27.3,27.3,27.3,27.2,27.5,27.2,27.4,27.3,27.3,27.4,27.3,27.3,27.1,27.2,27.0,27.2,27.3,27.1,27.3,27.2,27.5,27.3,27.3,27.3,27.3,27.4,27.5,27.3,27.6,27.6,27.5,27.6,27.4,27.7,27.5,27.7,27.5,27.6,27.5,27.5,27.5,27.5,27.6,27.6,27.5,27.6,27.5,27.6,27.6,27.6,27.5,27.6,27.6,27.6,27.5,27.6,27.6,27.5,27.5,27.5,27.6,27.5,27.5,27.3,27.5,27.5,27.4,27.5,27.4,27.4,27.5,27.5,27.5,27.5,27.4,27.6,27.3
223,28.0,28.1,27.8,28.1,28.0,28.0,28.2,28.0,28.1,28.0,28.2,28.1,27.9,28.1,28.1,28.2,28.2,28.0,28.3,28.4,28.2,28.5,28.3,28.4,28.4,28.3,28.3,28.4,28.4,28.3,28.4,28.3,28.5,28.2,28.5,28.6,28.5,28.3,28.5,28.6,28.6,28.5,28.4,28.4,28.6,28.5,28.6,28.5,28.5,28.5,28.6,28.5,28.4,28.4,28.5,28.5,28.4,28.4,28.3,28.4,28.5,28.4,28.3,28.4,28.2,28.2,28.1,28.3,28.3,28.0,28.0,28.1,28.0,27.9,28.1,28.1,27.8,27.5,27.1,26.7,26.9,26.9,26.8,26.8,27.1,26.9,26.8,26.9,26.6,26.9,26.8,26.8,26.8,26.6,26.8,26.7,26.6,26.7,26.6,26.6,26.6,26.6,26.5,26.6,26.6,26.5,26.3,26.4,26.6,26.7,27.1,27.0,27.2,27.4,27.2,27.2,27.2,27.2,27.2,27.4,27.3,27.3,27.3,27.1,27.2,27.1,27.3,27.1,27.1,27.1,27.3,27.3,27.3,27.2,27.4,27.3,27.2,27.4,27.5,27.5,27.5,27.5,27.3,27.4,27.4,27.3,27.3,27.4,27.5,27.4,27.5,27.5,27.5,27.6,27.5,27.4,27.5,27.7,27.5,27.5,27.5,27.4,27.5,27.3,27.5,27.6,27.5,27.4,27.4,27.5,27.3,27.5,27.4,27.3,27.3,27.5,27.4,27.4,27.2,27.5,27.5,27.3,27.3,27.4,27.4,27.3,27.3,27.4,27.3,27.3,27.3,27.5
224,27.9,28.0,28.2,28.1,28.1,28.2,28.0,28.1,28.0,28.1,28.2,28.2,28.1,28.0,28.0,28.2,28.3,28.0,28.2,28.2,28.3,28.3,28.3,28.4,28.5,28.5,28.4,28.3,28.4,28.4,28.5,28.5,28.4,28.4,28.4,28.4,28.4,28.5,28.4,28.6,28.6,28.4,28.4,28.5,28.7,28.6,28.6,28.6,28.4,28.4,28.5,28.5,28.4,28.6,28.6,28.4,28.4,28.2,28.3,28.3,28.3,28.3,28.4,28.4,28.1,28.1,28.2,28.2,28.2,28.0,28.0,28.2,27.9,27.9,27.8,27.8,27.6,27.4,27.3,27.1,26.9,26.9,26.9,26.9,26.7,26.8,26.8,26.7,26.6,26.7,26.6,26.6,26.9,26.6,26.6,26.6,26.4,26.5,26.6,26.6,26.5,26.6,26.5,26.6,26.3,26.4,26.3,26.2,26.6,26.7,27.1,27.1,27.3,27.2,27.3,27.2,27.3,27.3,27.3,27.4,27.2,27.3,27.1,27.3,27.4,27.3,27.5,27.2,27.2,27.3,27.3,27.2,27.3,27.4,27.4,27.5,27.3,27.5,27.5,27.5,27.3,27.5,27.5,27.5,27.7,27.5,27.4,27.5,27.5,27.7,27.8,27.6,27.7,27.7,27.6,27.8,27.5,27.5,27.6,27.5,27.8,27.5,27.4,27.5,27.6,27.6,27.7,27.5,27.5,27.4,27.7,27.5,27.6,27.5,27.6,27.4,27.5,27.5,27.4,27.6,27.4,27.5,27.6,27.4,27.4,27.5,27.4,27.4,27.4,27.3,27.5,27.5
225,28.0,28.1,27.9,27.9,28.1,28.1,28.0,28.0,28.1,28.1,28.1,28.2,28.3,28.2,28.2,28.2,28.1,28.1,28.2,28.1,28.4,28.4,28.1,28.3,28.2,28.3,28.2,28.3,28.4,28.4,28.4,28.2,28.4,28.5,28.4,28.4,28.4,28.5,28.4,28.6,28.4,28.4,28.6,28.4,28.4,28.4,28.5,28.5,28.6,28.5,28.4,28.6,28.4,28.5,28.6,28.5,28.4,28.4,28.4,28.3,28.4,28.2,28.4,28.2,28.3,28.1,28.2,28.0,28.1,28.0,28.1,28.0,28.0,27.9,27.7,27.8,27.6,27.6,27.5,27.1,27.0,26.9,26.9,26.9,26.9,26.9,26.7,26.7,26.7,26.7,26.8,26.5,26.7,26.5,26.6,26.7,26.5,26.5,26.6,26.6,26.4,26.5,26.5,26.3,26.2,26.3,26.2,26.4,26.6,27.1,27.1,27.3,27.3,27.2,27.1,27.2,27.4,27.3,27.4,27.3,27.3,27.5,27.3,27.3,27.5,27.3,27.3,27.5,27.2,27.2,27.4,27.5,27.4,27.5,27.4,27.3,27.3,27.4,27.5,27.5,27.5,27.3,27.4,27.5,27.5,27.4,27.4,27.5,27.5,27.5,27.6,27.4,27.6,27.6,27.6,27.7,27.4,27.7,27.8,27.7,27.7,27.4,27.5,27.6,27.6,27.6,27.5,27.4,27.6,27.7,27.6,27.4,27.5,27.3,27.5,27.6,27.4,27.6,27.4,27.5,27.4,27.5,27.5,27.4,27.5,27.5,27.4,27.4,27.3,27.4,27.3,27.5
226,28.0,28.1,27.9,28.1,28.1,28.2,28.0,27.8,28.0,28.1,28.1,28.1,28.2,28.3,28.1,28.1,28.1,28.1,28.0,28.1,28.2,28.3,28.3,28.2,28.2,28.1,28.2,28.4,28.4,28.3,28.4,28.4,28.4,28.4,28.3,28.6,28.4,28.4,28.4,28.6,28.6,28.5,28.5,28.5,28.5,28.4,28.5,28.6,28.3,28.3,28.6,28.4,28.5,28.4,28.6,28.6,28.4,28.4,28.1,28.2,28.1,28.2,28.3,28.2,28.3,28.2,28.2,28.0,28.1,28.1,27.9,27.8,27.9,27.9,27.9,27.9,27.6,27.5,27.5,27.3,27.3,27.0,27.0,26.7,26.8,26.8,26.9,26.6,26.7,26.8,26.6,26.6,26.6,26.5,26.6,26.5,26.4,26.4,26.4,26.4,26.4,26.4,26.2,26.3,26.2,26.4,26.2,26.3,26.6,27.1,27.2,27.3,27.5,27.4,27.3,27.0,27.2,27.2,27.3,27.3,27.5,27.3,27.3,27.3,27.4,27.5,27.5,27.4,27.3,27.5,27.4,27.3,27.4,27.5,27.4,27.3,27.4,27.7,27.5,27.5,27.5,27.5,27.4,27.5,27.5,27.5,27.6,27.5,27.6,27.5,27.6,27.8,27.6,27.5,27.5,27.7,27.5,27.7,27.5,27.5,27.6,27.6,27.7,27.6,27.6,27.5,27.5,27.4,27.6,27.3,27.5,27.6,27.5,27.3,27.4,27.4,27.4,27.5,27.4,27.5,27.3,27.4,27.3,27.5,27.3,27.3,27.3,27.5,27.3,27.2,27.2,27.3
227,27.8,28.0,27.9,28.0,28.0,28.2,28.1,27.9,28.0,28.0,28.1,28.1,28.1,27.9,28.1,28.1,28.0,28.3,28.2,28.3,28.4,28.3,28.4,28.3,28.3,28.3,28.3,28.3,28.4,28.4,28.3,28.3,28.5,28.4,28.4,28.3,28.4,28.4,28.4,28.5,28.6,28.5,28.6,28.3,28.4,28.4,28.5,28.3,28.3,28.4,28.6,28.4,28.3,28.5,28.4,28.4,28.1,28.3,28.4,28.4,28.3,28.3,28.3,28.3,28.3,28.0,28.2,28.1,28.0,28.0,28.0,27.9,28.0,27.8,27.6,27.7,27.5,27.5,27.4,27.3,27.2,27.2,26.9,27.0,27.0,26.6,26.7,26.9,26.4,26.6,26.6,26.6,26.7,26.5,26.6,26.7,26.5,26.6,26.5,26.4,26.4,26.4,26.2,26.4,26.2,26.1,26.2,26.3,26.8,27.0,27.3,27.3,27.3,27.4,27.4,27.3,27.3,27.2,27.3,27.5,27.3,27.3,27.2,27.3,27.5,27.5,27.4,27.4,27.4,27.3,27.5,27.4,27.3,27.4,27.6,27.4,27.3,27.6,27.5,27.6,27.5,27.7,27.6,27.5,27.4,27.5,27.5,27.5,27.6,27.6,27.6,27.5,27.6,27.5,27.6,27.5,27.6,27.5,27.7,27.4,27.6,27.5,27.5,27.3,27.8,27.6,27.5,27.3,27.4,27.6,27.5,27.6,27.5,27.5,27.5,27.5,27.4,27.3,27.3,27.5,27.4,27.4,27.5,27.4,27.4,27.4,27.3,27.5,27.3,27.2,27.2,27.5
228,27.9,28.0,27.9,28.0,28.0,27.9,27.9,28.1,28.0,28.0,28.2,28.0,28.0,28.0,28.1,28.2,28.1,28.2,28.1,28.0,28.2,28.3,28.1,28.2,28.2,28.4,28.4,28.5,28.5,28.3,28.4,28.3,28.4,28.4,28.4,28.3,28.5,28.5,28.4,28.5,28.4,28.4,28.5,28.5,28.6,28.5,28.4,28.6,28.4,28.4,28.5,28.5,28.4,28.4,28.4,28.4,28.4,28.2,28.4,28.4,28.4,28.1,28.2,28.3,28.1,28.1,28.0,28.0,28.2,27.8,27.9,28.0,27.8,27.9,27.7,27.8,27.8,27.6,27.5,27.4,27.4,27.2,27.1,26.7,26.9,26.7,26.6,26.6,26.6,26.6,26.5,26.6,26.6,26.4,26.5,26.4,26.3,26.4,26.3,26.5,26.3,26.3,26.1,26.3,26.2,26.1,26.2,26.4,26.9,27.2,27.2,27.3,27.3,27.3,27.3,27.3,27.3,27.4,27.3,27.4,27.5,27.5,27.4,27.3,27.5,27.5,27.4,27.5,27.6,27.5,27.4,27.4,27.3,27.5,27.6,27.7,27.5,27.4,27.6,27.5,27.5,27.5,27.4,27.5,27.6,27.5,27.6,27.5,27.7,27.5,27.5,27.6,27.6,27.6,27.5,27.6,27.7,27.6,27.5,27.7,27.7,27.6,27.4,27.5,27.5,27.5,27.5,27.4,27.5,27.5,27.6,27.5,27.4,27.5,27.4,27.5,27.3,27.4,27.4,27.5,27.4,27.5,27.5,27.5,27.5,27.5,27.5,27.5,27.3,27.4,27.5,27.5
229,27.9,27.9,28.0,28.0,28.0,28.1,28.0,28.0,28.0,28.1,28.0,28.1,28.3,28.0,28.0,28.1,28.1,28.2,28.3,28.1,28.3,28.2,28.4,28.2,28.2,28.4,28.1,28.3,28.3,28.4,28.1,28.4,28.4,28.4,28.2,28.3,28.3,28.2,28.5,28.5,28.4,28.5,28.4,28.4,28.6,28.4,28.3,28.4,28.4,28.5,28.3,28.3,28.4,28.4,28.4,28.4,28.4,28.3,28.3,28.3,28.2,28.2,28.2,28.1,28.1,28.4,28.0,28.0,28.1,27.8,28.1,28.1,27.8,27.7,27.8,27.8,27.8,27.8,27.5,27.5,27.2,27.3,27.0,26.7,26.8,26.7,26.5,26.5,26.3,26.4,26.3,26.3,26.5,26.4,26.4,26.3,26.2,26.2,26.2,26.1,26.3,26.2,26.2,26.2,26.0,26.0,26.1,26.6,26.9,27.1,27.2,27.1,27.1,27.3,27.1,27.5,27.4,27.3,27.3,27.4,27.4,27.4,27.5,27.5,27.5,27.5,27.3,27.5,27.5,27.5,27.6,27.3,27.4,27.6,27.5,27.6,27.5,27.3,27.5,27.5,27.5,27.5,27.5,27.8,27.6,27.5,27.7,27.4,27.4,27.6,27.7,27.5,27.4,27.5,27.4,27.5,27.7,27.6,27.6,27.7,27.7,27.5,27.5,27.6,27.4,27.5,27.4,27.6,27.6,27.7,27.6,27.5,27.4,27.5,27.5,27.5,27.5,27.4,27.6,27.4,27.3,27.5,27.4,27.4,27.5,27.4,27.5,27.4,27.5,27.5,27.3,27.4
230,28.0,28.0,28.0,28.0,28.0,28.0,27.8,28.0,28.1,28.0,28.0,28.0,28.1,28.2,28.1,28.2,28.1,28.1,28.2,28.2,28.2,28.2,28.2,28.2,28.4,28.2,28.3,28.2,28.3,28.2,28.2,28.4,28.3,28.4,28.3,28.4,28.3,28.4,28.4,28.4,28.5,28.2,28.7,28.5,28.5,28.3,28.4,28.5,28.4,28.3,28.6,28.4,28.2,28.5,28.5,28.4,28.3,28.3,28.3,28.3,28.4,28.1,28.1,28.1,28.2,28.0,28.1,28.0,28.0,27.9,28.0,28.0,28.0,27.9,27.7,27.8,27.6,27.6,27.4,27.3,27.2,27.3,27.0,26.8,26.9,26.7,26.6,26.5,26.6,26.4,26.5,26.3,26.7,26.4,26.5,26.4,26.4,26.3,26.2,26.1,26.1,26.1,26.2,26.1,26.2,26.1,26.1,26.4,27.0,27.0,27.0,27.5,27.4,27.2,27.4,27.4,27.4,27.5,27.5,27.4,27.3,27.4,27.5,27.4,27.5,27.4,27.4,27.5,27.5,27.6,27.6,27.5,27.4,27.4,27.6,27.4,27.5,27.7,27.6,27.5,27.6,27.6,27.6,27.5,27.6,27.6,27.6,27.6,27.6,27.4,27.5,27.5,27.6,27.8,27.7,27.4,27.7,27.5,27.8,27.6,27.7,27.7,27.6,27.5,27.4,27.5,27.7,27.5,27.5,27.5,27.5,27.6,27.5,27.5,27.6,27.4,27.5,27.5,27.7,27.4,27.3,27.5,27.5,27.4,27.6,27.4,27.5,27.5,27.4,27.3,27.5,27.5
231,27.8,27.9,27.9,27.9,28.0,28.1,27.9,27.8,27.9,28.0,28.0,28.1,27.9,27.9,28.1,28.1,28.1,28.0,28.1,28.2,28.2,28.2,28.1,28.4,28.3,28.3,28.2,28.2,28.4,28.3,28.4,28.4,28.4,28.3,28.4,28.4,28.4,28.2,28.3,28.2,28.4,28.5,28.3,28.3,28.4,28.4,28.2,28.5,28.4,28.3,28.5,28.2,28.2,28.5,28.3,28.4,28.0,28.3,28.2,28.0,28.2,28.0,27.9,28.2,28.0,28.0,28.0,27.8,27.9,27.9,28.1,28.0,27.8,27.8,27.7,27.6,27.7,27.5,27.4,27.5,27.3,27.2,26.9,26.7,26.6,26.6,26.5,26.5,26.6,26.5,26.3,26.4,26.4,26.4,26.4,26.4,26.3,26.2,26.3,26.4,26.0,26.1,26.1,26.2,26.1,26.0,26.1,26.6,26.8,26.9,27.3,27.3,27.4,27.3,27.3,27.3,27.3,27.4,27.5,27.5,27.4,27.4,27.5,27.5,27.5,27.5,27.5,27.4,27.6,27.4,27.7,27.5,27.6,27.5,27.7,27.5,27.6,27.4,27.5,27.7,27.6,27.5,27.6,27.6,27.5,27.6,27.5,27.6,27.6,27.5,27.6,27.6,27.5,27.3,27.5,27.7,27.6,27.7,27.4,27.6,27.6,27.6,27.5,27.6,27.4,27.6,27.5,27.3,27.4,27.5,27.5,27.3,27.6,27.5,27.5,27.5,27.3,27.6,27.3,27.3,27.5,27.4,27.4,27.4,27.5,27.5,27.4,27.5,27.5,27.3,27.3,27.4
232,28.0,28.0,27.7,28.1,27.8,28.1,28.0,27.9,27.9,28.1,28.2,28.0,28.1,28.0,28.0,28.1,28.1,28.0,28.1,28.3,28.1,28.4,28.2,28.2,28.3,28.1,28.4,28.1,28.2,28.3,28.2,28.3,28.2,28.3,28.2,28.4,28.3,28.2,28.3,28.3,28.4,28.4,28.4,28.4,28.4,28.4,28.3,28.4,28.2,28.3,28.2,28.2,28.2,28.1,28.3,28.4,28.2,28.4,28.1,28.1,28.2,28.1,28.1,28.0,28.0,28.1,27.9,27.9,28.1,28.0,27.9,27.8,27.7,27.8,27.7,27.7,27.5,27.5,27.4,27.5,27.4,27.2,26.9,27.1,26.8,26.6,26.5,26.6,26.6,26.7,26.5,26.6,26.6,26.4,26.3,26.4,26.4,26.2,26.2,26.2,26.2,25.9,26.2,26.0,25.9,26.0,26.1,26.5,26.9,26.9,26.9,27.1,27.5,27.4,27.5,27.3,27.3,27.5,27.4,27.3,27.4,27.2,27.5,27.5,27.4,27.4,27.5,27.5,27.5,27.6,27.5,27.5,27.4,27.5,27.6,27.5,27.5,27.5,27.6,27.7,27.6,27.4,27.7,27.5,27.6,27.5,27.5,27.6,27.4,27.5,27.5,27.5,27.5,27.5,27.6,27.6,27.4,27.5,27.5,27.5,27.5,27.6,27.5,27.5,27.5,27.6,27.4,27.5,27.5,27.5,27.3,27.5,27.5,27.4,27.3,27.3,27.3,27.5,27.4,27.4,27.3,27.4,27.4,27.6,27.6,27.5,27.5,27.4,27.4,27.3,27.4,27.5
233,27.9,27.9,27.7,28.0,27.8,27.7,28.0,27.9,27.8,28.0,27.9,28.0,27.9,27.9,28.0,28.0,28.1,27.9,28.1,28.0,28.1,28.0,28.3,27.9,28.2,28.3,28.0,28.0,28.1,28.3,28.3,28.4,28.3,28.2,28.2,28.1,28.3,28.2,28.0,28.3,28.4,28.2,28.3,28.3,28.4,28.3,28.4,28.2,28.1,28.2,28.3,28.0,28.1,28.0,28.2,28.1,28.0,28.3,28.1,28.1,28.1,28.1,28.0,28.0,27.8,27.9,27.9,27.8,27.9,27.9,27.8,27.8,27.8,27.6,27.6,27.7,27.8,27.6,27.3,27.4,27.3,27.0,27.0,26.9,26.9,26.9,26.8,26.6,26.7,26.7,26.6,26.6,26.6,26.5,26.6,26.4,26.5,26.4,26.3,26.4,26.2,26.2,26.3,26.3,26.2,26.2,26.2,26.5,26.8,27.2,27.2,27.2,27.2,27.4,27.2,27.3,27.3,27.4,27.2,27.5,27.5,27.3,27.4,27.4,27.5,27.2,27.3,27.5,27.5,27.4,27.4,27.5,27.6,27.6,27.5,27.4,27.5,27.6,27.6,27.4,27.5,27.5,27.6,27.6,27.3,27.6,27.5,27.5,27.5,27.4,27.4,27.6,27.4,27.6,27.4,27.5,27.6,27.5,27.4,27.4,27.5,27.5,27.5,27.4,27.5,27.5,27.3,27.4,27.4,27.2,27.5,27.4,27.4,27.4,27.5,27.4,27.4,27.5,27.4,27.4,27.3,27.4,27.4,27.3,27.4,27.4,27.5,27.3,27.2,27.3,27.1,27.4
234,28.0,27.8,27.9,27.9,27.9,28.0,27.8,27.9,28.0,27.8,27.9,27.9,28.0,28.1,28.0,27.9,28.1,28.0,27.9,28.1,28.1,28.1,28.0,28.1,28.1,28.1,28.2,28.0,28.2,28.1,28.3,27.9,28.1,28.2,28.1,28.2,28.2,28.2,28.2,28.2,28.3,28.2,28.2,28.3,28.3,28.3,28.2,28.3,28.3,28.1,28.3,28.4,28.0,28.1,28.1,28.3,28.2,28.1,28.1,28.2,28.2,28.1,28.0,28.0,28.0,28.0,28.0,28.0,27.9,27.8,28.0,27.7,28.0,27.8,27.6,27.8,27.7,27.8,27.6,27.3,27.3,27.2,27.2,27.0,27.0,26.9,27.0,26.7,26.9,26.8,26.9,26.7,26.9,26.8,26.6,26.8,26.6,26.5,26.5,26.4,26.4,26.4,26.3,26.2,26.2,26.1,26.2,26.6,27.1,27.2,27.2,27.3,27.3,27.3,27.3,27.4,27.4,27.5,27.5,27.5,27.3,27.5,27.4,27.4,27.4,27.5,27.5,27.6,27.5,27.5,27.6,27.5,27.4,27.6,27.5,27.5,27.3,27.5,27.5,27.5,27.5,27.6,27.4,27.3,27.4,27.3,27.4,27.5,27.6,27.5,27.4,27.4,27.5,27.4,27.4,27.5,27.5,27.5,27.4,27.3,27.5,27.5,27.4,27.6,27.5,27.5,27.5,27.3,27.5,27.5,27.3,27.4,27.3,27.5,27.4,27.5,27.4,27.4,27.4,27.5,27.4,27.3,27.4,27.3,27.5,27.4,27.4,27.7,27.3,27.3,27.3,27.4
235,27.9,27.6,28.0,27.9,27.9,27.9,28.0,27.9,27.8,28.1,28.0,27.8,27.9,28.0,28.0,28.0,28.0,27.9,28.2,28.0,28.3,28.1,28.0,28.1,28.1,28.2,27.9,28.2,28.1,28.2,28.3,28.0,28.1,28.2,28.1,28.0,28.1,28.1,28.1,28.2,28.2,28.2,28.1,28.2,28.2,28.3,28.4,28.3,28.2,28.1,28.4,28.3,28.2,28.1,28.1,28.2,28.0,28.2,28.1,28.1,28.3,28.0,28.0,28.1,28.0,27.9,28.0,28.0,27.8,27.8,27.8,27.7,27.6,27.8,27.7,27.8,27.6,27.3,27.3,27.5,27.4,27.4,27.3,27.2,27.3,27.1,27.0,26.9,27.0,26.8,26.7,26.7,26.9,26.9,26.8,26.7,26.7,26.6,26.7,26.6,26.5,26.3,26.6,26.3,26.3,26.4,26.2,26.5,27.0,27.3,27.1,27.2,27.1,27.4,27.2,27.1,27.3,27.5,27.3,27.6,27.3,27.6,27.4,27.5,27.5,27.3,27.5,27.4,27.3,27.3,27.5,27.5,27.5,27.6,27.4,27.4,27.5,27.6,27.5,27.6,27.5,27.5,27.5,27.4,27.6,27.6,27.4,27.4,27.5,27.5,27.4,27.5,27.5,27.4,27.4,27.6,27.4,27.6,27.5,27.5,27.4,27.6,27.4,27.3,27.6,27.4,27.4,27.5,27.4,27.3,27.5,27.2,27.4,27.4,27.3,27.3,27.5,27.3,27.3,27.3,27.2,27.6,27.3,27.5,27.5,27.1,27.6,27.3,27.4,27.4,27.5,27.4
236,27.9,27.9,27.7,27.8,27.8,28.0,27.8,27.9,27.8,27.8,27.8,28.0,27.9,27.9,27.9,28.0,28.0,28.0,27.9,28.1,28.0,28.0,28.2,28.0,28.0,28.1,28.0,28.1,27.9,28.0,27.9,28.1,28.2,28.1,28.2,28.0,28.1,28.1,28.0,28.1,28.1,28.0,28.1,28.1,28.2,28.2,28.3,28.3,28.2,28.0,28.3,28.1,28.0,28.1,27.9,28.3,28.0,28.1,28.0,28.0,28.2,28.0,27.9,27.9,27.9,28.0,28.0,27.9,27.8,27.8,28.0,27.8,27.8,27.7,27.6,27.5,27.4,27.5,27.3,27.2,27.2,27.2,27.2,27.2,27.3,27.1,27.0,27.2,27.0,27.0,26.8,26.9,26.8,26.8,26.9,26.7,26.6,26.7,26.8,26.5,26.5,26.6,26.6,26.5,26.3,26.4,26.5,26.6,26.8,27.0,27.1,27.3,27.2,27.3,27.1,27.1,27.4,27.4,27.3,27.5,27.5,27.4,27.2,27.4,27.4,27.5,27.4,27.5,27.5,27.3,27.4,27.5,27.4,27.3,27.4,27.3,27.4,27.4,27.5,27.6,27.5,27.5,27.4,27.5,27.5,27.5,27.5,27.7,27.5,27.7,27.4,27.3,27.4,27.3,27.3,27.5,27.3,27.3,27.4,27.6,27.3,27.4,27.3,27.5,27.4,27.2,27.3,27.4,27.5,27.3,27.5,27.2,27.3,27.5,27.2,27.3,27.3,27.4,27.3,27.3,27.3,27.5,27.4,27.4,27.3,27.2,27.3,27.3,27.3,27.4,27.3,27.3
237,27.8,27.8,27.8,27.8,27.8,27.8,27.7,27.8,27.8,27.9,27.9,27.9,28.0,28.0,28.0,28.1,27.9,28.0,28.0,28.0,27.8,28.0,28.1,28.1,28.0,28.0,28.0,28.1,27.9,28.3,28.0,28.1,28.2,27.9,28.1,28.0,28.0,28.3,28.1,28.2,28.1,28.0,28.0,28.0,28.1,28.1,28.1,28.1,28.2,28.0,28.2,28.3,28.2,28.1,28.1,28.1,27.8,27.8,27.8,28.0,28.1,28.0,27.8,28.1,27.9,27.9,27.9,27.8,27.8,27.8,27.8,27.7,27.8,27.4,27.5,27.5,27.5,27.6,27.5,27.5,27.3,27.3,27.3,27.1,27.2,27.0,27.1,27.1,27.3,27.1,26.9,26.9,27.0,27.0,26.8,26.8,26.7,26.7,26.8,26.7,26.6,26.7,26.7,26.6,26.4,26.4,26.6,26.6,26.8,27.0,27.3,27.3,27.2,27.3,27.3,27.2,27.5,27.3,27.3,27.5,27.6,27.5,27.6,27.5,27.5,27.5,27.4,27.3,27.4,27.6,27.5,27.3,27.3,27.5,27.6,27.6,27.5,27.5,27.5,27.5,27.5,27.5,27.4,27.4,27.3,27.5,27.5,27.7,27.4,27.5,27.5,27.5,27.4,27.4,27.2,27.2,27.4,27.3,27.4,27.3,27.4,27.6,27.3,27.6,27.4,27.3,27.4,27.3,27.5,27.4,27.5,27.2,27.3,27.4,27.3,27.3,27.5,27.2,27.3,27.5,27.4,27.5,27.4,27.3,27.5,27.3,27.1,27.3,27.3,27.3,27.4,27.3
238,28.0,27.9,27.7,27.9,27.9,27.8,27.8,27.8,27.7,27.9,27.8,28.0,28.0,27.7,27.9,28.0,28.0,28.0,27.9,27.9,28.2,28.0,28.0,28.0,28.2,28.1,27.9,27.9,27.9,28.1,28.1,28.0,28.1,28.2,28.2,28.2,28.0,28.1,28.2,28.3,28.0,28.2,28.1,28.0,28.1,28.0,28.1,28.0,28.1,28.1,28.0,28.2,28.2,28.1,28.0,28.1,28.2,28.0,28.0,28.0,28.1,28.0,27.8,28.1,27.9,27.9,27.8,27.9,27.7,27.8,27.8,27.7,27.8,27.7,27.6,27.6,27.5,27.4,27.4,27.3,27.4,27.0,27.3,27.2,27.3,27.0,27.1,27.2,27.0,27.1,26.9,27.0,26.9,27.0,26.8,26.8,26.9,26.7,26.6,26.8,26.6,26.6,26.6,26.4,26.4,26.4,26.4,26.7,27.1,27.1,27.2,27.2,27.3,27.3,27.4,27.3,27.5,27.4,27.4,27.7,27.5,27.5,27.4,27.4,27.4,27.3,27.4,27.3,27.3,27.4,27.3,27.4,27.3,27.4,27.4,27.6,27.4,27.5,27.5,27.4,27.5,27.5,27.3,27.4,27.5,27.5,27.3,27.3,27.4,27.5,27.5,27.6,27.2,27.4,27.2,27.5,27.3,27.4,27.5,27.4,27.5,27.5,27.5,27.4,27.4,27.4,27.4,27.4,27.3,27.4,27.4,27.4,27.2,27.3,27.5,27.4,27.2,27.4,27.2,27.4,27.4,27.4,27.4,27.3,27.4,27.2,27.4,27.3,27.2,27.2,27.2,27.3
239,27.8,27.8,27.8,27.6,27.8,27.8,27.8,27.8,27.9,28.0,27.9,27.8,28.0,28.0,28.0,27.9,27.8,28.0,28.0,28.0,28.0,28.0,28.0,28.0,27.9,28.1,28.1,28.0,28.1,28.0,28.0,28.0,28.0,27.9,28.0,28.0,28.0,28.0,28.1,28.0,28.0,28.0,28.0,28.2,28.1,28.0,28.2,28.1,28.2,28.0,28.1,28.1,28.0,28.0,28.1,28.0,28.0,28.0,27.9,28.0,28.0,28.1,28.1,27.9,28.0,27.9,27.9,28.0,27.7,27.6,27.8,27.6,27.7,27.7,27.8,27.9,27.6,27.4,27.2,27.2,27.1,27.2,27.2,27.1,27.2,27.3,27.2,27.1,27.0,26.7,26.9,27.0,27.0,26.7,27.0,26.8,26.7,26.7,26.6,26.8,26.5,26.5,26.6,26.5,26.4,26.4,26.4,27.0,27.0,27.1,27.2,27.2,27.3,27.3,27.2,27.3,27.2,27.4,27.4,27.4,27.4,27.6,27.5,27.3,27.5,27.3,27.3,27.4,27.5,27.3,27.3,27.4,27.4,27.5,27.5,27.5,27.5,27.5,27.4,27.5,27.5,27.4,27.5,27.5,27.6,27.4,27.3,27.3,27.4,27.3,27.3,27.4,27.4,27.3,27.2,27.3,27.3,27.3,27.3,27.5,27.3,27.3,27.5,27.4,27.5,27.4,27.3,27.4,27.4,27.2,27.4,27.4,27.3,27.4,27.1,27.3,27.3,27.3,27.2,27.5,27.1,27.2,27.4,27.3,27.4,27.2,27.2,27.3,27.3,27.2,27.4,27.4
240,27.6,27.9,27.7,27.9,27.9,27.8,27.8,27.9,27.8,27.8,27.8,27.9,28.0,28.0,28.0,27.8,27.9,27.8,27.9,28.0,28.1,28.0,28.0,28.0,28.1,28.0,27.9,28.1,28.1,27.9,28.0,27.9,28.0,28.1,28.0,28.0,27.8,28.0,28.0,28.2,28.3,28.0,28.2,28.1,28.0,28.1,28.2,28.0,28.0,28.1,28.0,28.2,28.1,27.9,28.0,28.0,28.0,28.1,27.8,28.0,27.9,28.0,28.0,27.8,27.9,27.8,27.8,27.8,27.6,27.7,27.8,27.7,27.6,27.6,27.9,27.6,27.5,27.3,27.4,27.4,27.4,27.4,27.4,27.2,27.2,27.1,27.1,27.1,27.1,27.0,26.9,27.1,26.9,27.1,26.9,26.9,26.7,26.9,26.8,26.7,26.6,26.7,26.6,26.4,26.3,26.5,26.7,26.9,27.2,27.1,27.3,27.5,27.5,27.3,27.3,27.2,27.4,27.3,27.5,27.5,27.5,27.5,27.5,27.3,27.5,27.4,27.4,27.5,27.4,27.5,27.5,27.4,27.4,27.6,27.6,27.5,27.5,27.5,27.5,27.3,27.5,27.5,27.4,27.4,27.3,27.4,27.5,27.4,27.5,27.5,27.3,27.3,27.3,27.3,27.3,27.4,27.3,27.5,27.4,27.2,27.2,27.5,27.4,27.3,27.3,27.4,27.3,27.3,27.3,27.3,27.4,27.4,27.4,27.4,27.3,27.3,27.4,27.3,27.3,27.3,27.3,27.3,27.4,27.4,27.3,27.4,27.3,27.3,27.3,27.2,27.4,27.3
241,27.7,27.7,27.7,27.8,27.8,27.9,27.8,27.8,27.8,27.8,27.7,27.9,27.7,27.8,27.8,27.9,28.1,27.9,28.0,28.0,28.2,28.0,27.9,28.0,28.1,28.0,27.9,28.0,28.1,28.0,28.0,27.9,28.0,27.9,27.9,27.9,28.0,28.1,28.2,28.0,28.1,28.1,27.9,28.1,28.2,28.0,28.1,28.0,28.0,28.0,28.0,28.0,28.0,28.0,28.2,28.0,27.8,28.0,27.8,27.8,27.9,28.1,27.8,28.0,28.0,27.8,27.9,27.9,27.8,27.7,27.6,27.8,27.7,27.7,27.6,27.5,27.6,27.4,27.2,27.2,27.2,27.3,27.2,27.0,27.2,27.1,27.2,27.0,27.2,27.0,26.9,26.9,26.9,26.8,26.6,26.9,26.8,26.6,26.7,26.8,26.7,26.5,26.5,26.6,26.3,26.5,26.6,27.0,27.1,27.2,27.3,27.3,27.2,27.3,27.2,27.2,27.3,27.4,27.3,27.5,27.4,27.6,27.3,27.3,27.5,27.4,27.3,27.5,27.4,27.4,27.5,27.3,27.5,27.3,27.3,27.3,27.3,27.5,27.5,27.3,27.4,27.5,27.3,27.4,27.5,27.2,27.4,27.4,27.5,27.4,27.4,27.5,27.4,27.3,27.6,27.4,27.3,27.4,27.4,27.3,27.5,27.4,27.2,27.3,27.4,27.4,27.4,27.3,27.5,27.3,27.4,27.4,27.3,27.3,27.4,27.3,27.3,27.3,27.2,27.2,27.5,27.5,27.5,27.2,27.3,27.3,27.4,27.4,27.4,27.2,27.3,27.4
242,27.6,27.7,27.6,27.6,27.9,27.7,27.7,27.8,27.8,27.8,27.8,28.0,27.8,27.9,27.8,27.9,27.8,27.8,27.9,27.9,28.1,28.1,27.9,28.0,28.0,28.1,28.2,27.8,27.9,28.1,28.1,27.9,28.1,28.1,28.1,28.0,28.0,28.1,28.0,28.2,28.0,27.9,28.2,28.1,28.0,28.1,28.1,28.1,28.0,28.0,28.0,28.0,28.0,28.2,28.1,27.9,28.2,28.1,28.0,27.9,27.9,27.9,28.0,27.8,27.9,27.8,28.0,27.8,27.7,27.8,27.7,27.6,27.8,27.6,27.5,27.5,27.4,27.4,27.4,27.2,27.2,27.3,27.2,27.1,27.2,27.3,27.2,27.0,26.9,26.9,26.9,27.0,26.9,26.9,26.9,26.8,26.7,26.7,26.7,26.8,26.5,26.6,26.4,26.5,26.5,26.4,26.6,26.9,27.3,27.3,27.2,27.4,27.3,27.2,27.3,27.3,27.4,27.5,27.3,27.4,27.3,27.5,27.4,27.4,27.4,27.5,27.4,27.3,27.3,27.4,27.5,27.5,27.5,27.3,27.3,27.5,27.4,27.3,27.3,27.4,27.4,27.4,27.6,27.4,27.3,27.3,27.0,27.4,27.3,27.3,27.4,27.3,27.3,27.3,27.3,27.3,27.4,27.3,27.3,27.3,27.5,27.5,27.4,27.3,27.4,27.4,27.4,27.4,27.3,27.3,27.3,27.3,27.3,27.4,27.3,27.3,27.3,27.3,27.3,27.3,27.2,27.4,27.5,27.3,27.5,27.3,27.3,27.2,27.4,27.4,27.2,27.3
243,27.7,27.9,27.8,27.8,27.7,27.6,27.8,27.7,27.8,27.8,27.7,27.8,27.8,27.9,27.7,28.0,27.9,27.9,27.8,27.9,28.0,27.9,28.0,28.0,27.8,27.7,28.1,28.0,28.0,28.1,28.0,28.0,27.8,28.0,27.9,27.8,27.9,27.9,28.0,28.0,28.2,27.9,28.0,28.0,28.0,28.1,27.9,27.9,28.0,27.9,28.0,28.0,27.8,28.0,28.0,27.9,27.9,27.9,27.8,27.8,27.8,27.9,27.8,27.8,28.0,27.9,27.8,27.8,27.5,27.5,27.8,27.7,27.7,27.8,27.4,27.4,27.4,27.4,27.3,27.3,27.2,27.2,27.1,27.1,27.0,27.0,27.2,27.1,27.1,26.9,26.9,26.8,26.7,26.8,26.8,26.8,26.8,26.7,26.5,26.5,26.4,26.4,26.2,26.4,26.1,26.3,26.7,27.0,27.2,27.2,27.1,27.3,27.3,27.3,27.4,27.3,27.4,27.6,27.3,27.3,27.2,27.4,27.3,27.3,27.4,27.5,27.5,27.3,27.4,27.2,27.6,27.5,27.3,27.3,27.4,27.4,27.3,27.2,27.5,27.3,27.4,27.5,27.4,27.3,27.3,27.1,27.4,27.3,27.3,27.2,27.4,27.3,27.3,27.2,27.4,27.4,27.3,27.5,27.4,27.3,27.2,27.3,27.3,27.3,27.4,27.4,27.4,27.3,27.3,27.3,27.2,27.3,27.3,27.2,27.3,27.4,27.2,27.2,27.3,27.3,27.4,27.4,27.5,27.2,27.4,27.4,27.1,27.2,27.2,27.1,27.3,27.4
244,27.6,27.7,27.8,27.8,27.8,27.8,27.7,27.7,27.8,27.8,27.7,27.8,27.9,27.9,27.9,27.9,27.9,27.9,27.8,28.0,28.2,28.1,28.0,27.9,28.0,27.9,27.9,27.9,27.9,28.0,28.0,27.9,27.9,27.9,28.0,27.8,27.9,28.0,28.3,28.0,28.0,28.0,28.0,27.9,28.0,28.1,28.0,28.0,28.0,27.9,28.0,27.9,28.0,28.0,27.9,27.9,27.9,27.8,28.0,27.9,27.9,27.9,27.9,27.8,27.8,27.7,27.8,27.8,27.8,27.8,27.7,27.7,27.6,27.4,27.4,27.5,27.5,27.4,27.3,27.2,27.3,27.4,27.2,26.9,27.0,27.1,26.9,27.2,26.9,26.9,26.9,26.8,26.8,26.8,26.7,26.8,26.8,26.5,26.5,26.5,26.5,26.4,26.3,26.4,26.3,26.4,26.8,27.0,27.0,27.3,27.2,27.3,27.3,27.4,27.3,27.1,27.5,27.3,27.3,27.3,27.6,27.4,27.3,27.3,27.4,27.3,27.3,27.4,27.4,27.2,27.5,27.3,27.3,27.4,27.5,27.4,27.4,27.3,27.4,27.3,27.4,27.3,27.3,27.3,27.3,27.2,27.2,27.3,27.3,27.3,27.3,27.2,27.3,27.4,27.4,27.3,27.3,27.6,27.3,27.2,27.3,27.5,27.3,27.2,27.1,27.3,27.3,27.2,27.3,27.3,27.2,27.3,27.2,27.3,27.3,27.3,27.5,27.5,27.3,27.3,27.2,27.4,27.5,27.3,27.4,27.3,27.5,27.5,27.3,27.3,27.3,27.3
245,27.7,27.6,27.5,27.7,27.8,27.7,27.6,27.6,27.6,27.7,27.7,27.8,27.8,27.7,27.7,27.9,27.8,27.9,27.9,27.9,27.8,28.0,27.8,28.0,27.8,27.8,27.7,28.0,28.0,28.0,28.0,27.8,27.9,27.7,27.8,27.7,27.9,27.8,28.0,28.0,27.9,28.1,28.0,28.1,27.9,28.0,28.1,27.9,27.9,27.8,27.8,27.9,27.9,28.0,27.9,27.8,27.9,27.8,28.0,27.8,27.9,27.8,27.7,27.8,27.8,27.8,27.8,27.7,27.8,27.5,27.7,27.7,27.6,27.5,27.4,27.4,27.3,27.2,27.4,27.3,27.1,27.2,27.1,27.2,27.2,27.0,27.0,26.9,26.9,26.9,26.9,26.7,26.7,26.8,26.8,26.6,26.6,26.6,26.5,26.6,26.3,26.3,26.5,26.5,26.4,26.4,26.9,26.9,27.2,27.3,27.3,27.3,27.4,27.4,27.2,27.3,27.2,27.4,27.3,27.2,27.2,27.5,27.3,27.2,27.3,27.5,27.4,27.4,27.1,27.3,27.4,27.2,27.1,27.3,27.3,27.3,27.3,27.4,27.5,27.3,27.4,27.4,27.3,27.3,27.2,27.1,27.1,27.2,27.2,27.2,27.2,27.2,27.2,27.2,27.2,27.3,27.2,27.2,27.3,27.4,27.4,27.4,27.2,27.3,27.3,27.3,27.3,27.3,27.3,27.3,27.3,27.2,27.3,27.4,27.2,27.2,27.3,27.1,27.3,27.3,27.4,27.2,27.4,27.2,27.2,27.1,27.3,27.3,27.3,27.2,27.3,27.3
246,27.5,27.7,27.7,27.8,27.5,27.7,27.7,27.8,27.8,27.9,27.6,27.7,27.8,27.9,27.9,28.0,27.8,27.7,27.8,27.7,28.0,27.8,27.9,27.9,27.9,27.8,27.9,27.8,27.8,27.8,28.1,27.9,27.8,27.8,27.9,27.8,28.0,27.8,27.9,27.9,27.8,28.0,28.0,28.0,27.9,27.8,28.0,27.9,27.8,27.5,27.9,27.9,27.7,27.7,27.9,27.8,27.8,27.9,27.8,27.7,27.9,27.7,27.8,27.8,27.7,27.7,27.8,27.8,27.8,27.6,27.6,27.6,27.5,27.4,27.5,27.5,27.4,27.3,27.3,27.2,27.3,27.2,27.2,27.3,27.0,27.0,27.1,27.0,27.0,26.8,26.8,26.7,26.9,26.7,26.6,26.7,26.6,26.5,26.6,26.4,26.4,26.3,26.4,26.5,26.4,26.6,26.7,26.9,27.0,27.3,27.2,27.3,27.7,27.1,27.3,27.2,27.3,27.2,27.4,27.2,27.2,27.1,27.2,27.2,27.3,27.3,27.2,27.4,27.3,27.2,27.3,27.2,27.4,27.1,27.4,27.2,27.3,27.2,27.2,27.2,27.4,27.3,27.4,27.2,27.2,27.3,27.0,27.2,27.4,27.2,27.2,27.1,27.2,27.2,27.2,27.3,27.3,27.3,27.3,27.2,27.3,27.4,27.2,27.3,27.1,27.2,27.2,27.2,27.3,27.3,27.1,27.4,27.3,27.1,27.1,27.2,27.0,27.3,27.1,27.2,27.3,27.3,27.3,27.2,27.2,27.2,27.3,27.3,27.2,27.3,27.2,27.2
247,27.7,27.8,27.7,27.6,27.6,27.5,27.8,27.7,27.7,27.8,27.9,27.7,27.6,27.9,27.7,27.8,27.9,27.8,27.8,27.9,28.0,27.8,27.8,27.8,27.8,27.7,28.0,28.0,28.0,27.8,27.9,27.7,27.8,27.8,27.6,27.6,27.7,27.8,27.8,28.1,27.9,28.1,28.0,27.9,27.9,27.8,28.0,27.9,27.8,27.8,27.8,27.9,27.8,27.8,27.8,27.9,27.7,27.9,27.7,27.8,27.7,27.8,27.8,27.8,27.6,27.8,27.7,27.7,27.5,27.7,27.6,27.6,27.6,27.5,27.4,27.5,27.3,27.3,27.2,27.3,27.3,27.1,27.3,27.1,27.2,26.9,26.9,26.9,27.0,26.8,26.8,26.6,26.7,26.5,26.6,26.7,26.4,26.4,26.5,26.6,26.4,26.3,26.3,26.4,26.5,26.6,26.9,27.0,27.2,27.2,27.2,27.0,27.4,27.3,27.3,27.1,27.0,27.2,27.3,27.0,27.2,27.1,27.3,27.0,27.2,27.2,27.3,27.2,27.2,27.2,27.3,27.0,27.2,27.1,27.0,27.2,27.2,27.3,27.0,27.2,27.2,27.2,27.2,27.3,27.2,27.2,26.9,27.1,27.1,27.1,27.0,27.2,27.1,27.1,27.1,27.2,27.3,27.2,27.1,27.1,26.9,27.2,27.2,27.3,27.3,27.2,27.3,27.2,27.2,27.1,27.0,27.2,27.2,27.2,27.0,27.2,27.2,27.1,27.1,27.2,27.2,27.1,27.2,27.1,27.3,27.3,27.3,27.3,27.3,27.3,27.2,27.3
248,27.7,27.7,27.7,27.8,27.6,27.6,27.8,27.7,27.8,27.7,27.8,27.7,27.8,27.8,27.7,27.8,27.7,27.7,27.8,27.8,27.7,27.9,27.7,27.8,27.8,27.9,27.9,27.8,27.8,27.8,27.8,27.7,27.8,27.9,27.9,27.8,27.9,27.9,27.8,27.8,27.8,27.8,28.0,27.9,27.9,28.0,27.9,27.9,27.9,28.0,28.0,28.0,27.9,27.8,27.9,27.8,27.8,27.9,27.7,27.7,27.9,27.7,27.7,27.6,27.5,27.7,27.8,27.6,27.5,27.5,27.7,27.5,27.5,27.4,27.4,27.4,27.4,27.3,27.3,27.3,27.2,27.3,27.0,26.9,27.2,27.1,27.0,27.0,26.8,26.7,26.9,26.8,26.6,26.6,26.7,26.4,26.5,26.6,26.6,26.6,26.7,26.8,26.6,26.6,26.7,26.9,26.9,27.1,27.0,27.2,27.2,27.2,27.2,27.4,27.3,27.3,27.2,27.2,27.2,27.2,27.2,27.0,27.2,27.1,27.3,27.1,27.2,27.2,27.2,27.4,27.1,27.3,27.1,27.3,27.0,27.0,27.1,27.1,27.2,27.0,27.5,27.2,27.3,27.3,27.2,27.3,27.0,27.1,27.2,27.3,27.2,27.1,27.2,27.0,27.1,27.3,27.1,27.3,27.1,27.1,27.3,27.3,27.2,27.3,27.3,26.9,27.1,27.2,27.3,27.1,27.0,27.2,27.3,27.2,27.3,27.1,27.3,27.2,27.2,27.4,27.2,27.3,27.2,26.9,27.3,27.1,27.3,27.0,27.2,27.3,27.2,27.3
249,27.7,27.8,27.6,27.7,27.6,27.7,27.8,27.7,27.5,27.7,27.7,27.8,27.6,27.7,27.5,27.8,27.7,27.6,27.6,27.7,27.6,27.8,27.7,27.9,27.8,27.6,27.8,27.8,27.8,27.7,27.8,27.7,27.7,27.8,27.7,27.7,27.6,27.8,27.8,27.7,27.9,27.8,27.8,27.8,27.8,27.6,27.8,27.8,27.9,27.9,27.6,27.8,27.6,27.7,27.8,27.7,27.8,27.8,27.6,27.7,27.7,27.6,27.8,27.7,27.8,27.5,27.5,27.6,27.6,27.4,27.5,27.6,27.4,27.4,27.3,27.4,27.3,27.2,27.2,27.2,27.2,26.9,27.2,27.1,27.0,26.8,26.9,26.7,26.9,26.7,26.6,26.6,26.4,26.5,26.3,26.4,26.5,26.6,26.6,26.8,26.7,26.7,26.7,26.9,26.7,26.9,27.1,27.2,27.1,27.0,27.2,27.3,27.2,27.2,27.3,27.0,27.1,27.2,27.2,27.2,27.1,27.2,27.3,27.1,27.0,27.1,27.1,27.2,27.1,27.0,27.1,27.1,27.0,27.2,27.1,27.1,27.1,26.9,27.2,27.0,27.0,27.0,27.0,27.0,27.1,27.2,27.1,27.2,27.0,27.2,27.1,27.2,26.9,27.0,26.9,27.0,27.2,27.3,27.2,27.4,27.1,26.8,27.0,27.2,27.3,27.1,27.0,27.2,27.0,27.0,27.1,27.0,27.1,27.2,27.0,27.1,26.9,27.1,27.1,27.0,27.1,27.1,27.2,27.0,27.1,27.2,27.3,27.3,27.3,27.3,27.0,27.1
250,27.5,27.5,27.6,27.8,27.7,27.7,27.6,27.7,27.7,27.7,27.5,27.7,27.7,27.9,27.8,27.8,27.6,27.7,27.8,27.8,27.7,27.9,27.8,27.6,27.7,27.5,27.8,27.8,27.9,27.8,27.7,27.5,27.7,27.7,27.7,27.8,27.8,27.8,27.7,27.8,27.9,28.0,27.7,27.7,27.8,27.9,27.9,27.9,27.8,27.7,27.9,27.8,27.8,27.7,27.8,27.8,27.8,27.8,27.7,27.9,27.8,27.7,27.7,27.6,27.7,27.9,27.6,27.7,27.6,27.6,27.6,27.4,27.5,27.5,27.3,27.3,27.5,27.3,27.3,27.2,27.1,27.1,27.0,27.0,27.0,27.0,26.9,26.9,26.7,26.7,26.6,26.6,26.6,26.6,26.4,26.5,26.4,26.6,26.8,26.8,26.9,26.9,26.9,27.1,27.0,27.0,27.0,26.8,27.0,27.0,27.1,27.1,27.1,27.2,27.1,27.1,26.9,27.2,27.1,27.1,27.0,27.3,27.1,26.9,27.2,27.1,27.1,26.9,27.2,27.1,27.1,27.0,27.0,27.0,27.2,27.2,27.1,26.9,27.0,26.9,27.1,27.2,27.1,27.0,27.2,27.2,26.9,27.1,27.0,27.1,27.0,26.9,27.0,27.0,27.0,27.1,27.1,27.1,26.9,27.2,27.2,27.0,27.2,27.2,27.1,27.1,27.1,27.0,27.2,27.1,26.9,27.1,27.2,27.1,27.3,27.2,27.2,27.1,27.0,27.2,27.3,27.1,27.2,27.1,27.2,27.0,27.1,27.2,27.2,27.1,27.1,27.0
251,27.7,27.7,27.6,27.7,27.6,27.5,27.6,27.6,27.5,27.7,27.7,27.6,27.7,27.6,27.7,27.8,27.6,27.5,27.8,27.6,28.0,27.7,27.7,27.8,27.8,27.8,27.5,27.6,27.7,27.9,28.0,27.7,27.8,27.8,27.6,27.8,27.9,27.6,27.9,27.6,27.6,27.8,27.7,27.8,27.8,27.9,27.8,28.0,27.6,27.8,27.8,27.8,27.7,27.7,27.7,27.8,27.5,27.8,27.7,27.8,27.8,27.5,27.6,27.7,27.8,27.4,27.6,27.6,27.5,27.4,27.5,27.4,27.3,27.5,27.3,27.2,27.3,27.1,27.1,27.1,27.1,27.2,27.3,26.9,26.9,27.1,26.9,26.8,26.6,26.8,26.6,26.5,26.5,26.4,26.3,26.4,26.4,26.8,26.9,27.1,26.9,26.9,27.1,27.0,26.9,27.1,27.1,26.9,27.0,27.1,27.0,26.9,27.3,27.1,27.0,27.0,27.1,27.1,27.1,27.1,27.3,27.1,27.0,27.0,27.0,27.1,27.0,26.9,27.0,26.9,26.9,27.0,26.8,27.0,27.3,27.2,26.8,27.0,27.0,27.1,26.9,27.1,26.9,27.0,27.2,27.0,27.2,26.9,27.0,26.9,26.9,27.0,26.9,26.9,26.9,27.0,27.0,27.1,27.2,27.0,27.1,27.2,26.8,27.1,27.0,27.1,26.9,27.0,27.1,27.1,26.9,27.1,27.1,27.2,27.3,27.2,27.3,27.0,27.1,27.0,27.1,27.1,27.0,27.3,27.1,27.0,27.0,27.2,27.2,27.2,27.1,27.3
252,27.6,27.6,27.7,27.6,27.7,27.7,27.5,27.8,27.8,27.7,27.5,27.8,27.9,27.6,27.6,27.8,27.6,27.4,27.8,27.7,27.9,27.6,27.8,27.7,27.9,27.6,27.8,27.6,27.9,27.7,27.6,27.5,27.9,27.7,27.7,27.8,27.8,27.7,27.8,27.8,27.7,27.7,27.7,27.9,27.7,27.8,27.8,27.8,27.6,27.7,27.8,27.7,27.8,27.7,27.7,27.7,27.8,27.8,27.6,27.8,27.9,27.7,27.7,27.7,27.7,27.4,27.4,27.6,27.5,27.4,27.5,27.4,27.5,27.3,27.3,27.3,27.1,27.0,27.2,27.1,27.1,27.0,26.9,27.1,27.1,26.9,26.9,26.9,26.7,26.9,26.6,26.4,26.6,26.4,26.5,26.3,26.5,26.9,26.9,27.0,26.9,27.0,27.1,27.0,27.0,27.1,26.9,27.0,27.0,27.1,27.0,27.1,26.9,27.2,26.9,27.1,27.0,26.9,27.1,27.0,27.0,26.9,27.1,27.0,27.0,27.0,27.0,26.9,27.0,27.0,27.0,26.8,26.8,27.0,27.2,27.1,26.9,27.0,26.9,26.9,27.0,27.0,26.9,27.0,27.0,26.9,27.0,26.9,27.0,27.1,26.9,26.8,26.9,27.1,26.9,26.9,26.9,26.9,27.0,27.0,27.1,27.0,27.1,26.9,27.1,27.3,27.2,27.1,26.9,27.1,27.1,27.0,27.0,27.0,27.0,27.1,27.1,27.0,27.1,27.0,27.0,27.1,27.1,27.2,27.0,27.2,27.2,27.2,27.3,27.2,27.2,27.2
253,27.6,27.6,27.7,27.8,27.7,27.5,27.6,27.5,27.7,27.7,27.8,27.6,27.6,27.7,27.8,27.6,27.8,27.6,27.9,27.5,27.8,27.9,27.7,27.6,27.6,27.7,27.7,27.7,27.7,27.8,27.8,27.8,27.9,27.5,27.9,27.8,27.7,27.6,27.8,27.8,27.8,27.6,27.8,27.7,27.5,27.9,27.8,27.7,27.9,27.7,27.6,27.7,27.5,27.5,27.7,27.4,27.7,27.6,27.7,27.8,27.7,27.7,27.6,27.6,27.6,27.5,27.7,27.5,27.2,27.4,27.4,27.5,27.5,27.2,27.4,27.3,27.2,27.0,27.2,27.1,26.9,27.1,26.9,27.0,27.0,26.9,26.8,26.6,26.7,26.6,26.5,26.5,26.3,26.3,26.3,26.3,26.4,26.8,26.9,27.0,27.1,27.0,27.1,27.2,27.1,27.1,27.1,26.9,27.0,27.0,27.0,27.1,27.0,27.2,26.9,27.0,27.2,27.2,27.1,26.9,27.2,26.9,27.0,27.0,27.1,27.1,27.2,26.9,27.1,26.9,27.0,27.0,27.1,27.3,26.9,27.0,26.9,27.0,26.9,27.0,27.0,26.9,27.0,26.8,26.9,26.9,26.8,27.0,27.2,27.0,27.1,26.9,27.0,26.9,27.0,27.0,27.0,27.1,26.9,27.2,27.0,27.0,27.0,27.1,27.1,27.0,27.0,27.1,27.3,26.9,27.1,27.0,27.1,27.2,27.1,27.1,27.1,27.2,27.1,27.2,27.0,27.1,27.2,27.0,27.2,27.0,27.3,27.2,27.3,27.3,27.2,27.3
254,27.8,27.7,27.6,27.6,27.5,27.6,27.6,27.4,27.5,27.6,27.7,27.6,27.7,27.5,27.7,27.6,27.7,27.8,27.9,27.7,27.8,27.8,27.8,27.9,27.7,27.7,27.6,27.9,27.6,27.9,27.7,27.5,27.8,27.8,27.8,27.7,27.7,27.7,27.8,27.7,27.6,27.9,27.7,27.8,27.7,27.6,27.8,27.8,27.8,27.7,27.8,27.7,27.7,27.7,27.7,27.7,27.5,27.8,27.6,27.7,27.5,27.6,27.6,27.6,27.5,27.5,27.6,27.5,27.4,27.3,27.5,27.3,27.3,27.3,27.3,27.4,27.2,27.1,27.3,27.3,26.8,26.9,27.0,27.0,27.0,26.6,27.0,26.7,26.6,26.6,26.5,26.5,26.5,26.3,26.3,26.2,26.6,26.7,26.9,26.9,27.1,27.1,27.0,27.2,27.0,26.9,27.2,26.9,27.0,27.3,26.9,27.3,27.1,27.0,27.0,27.0,26.9,27.1,27.3,27.1,27.0,27.0,27.1,26.8,27.1,27.1,26.8,26.9,26.8,26.9,27.0,26.9,27.1,26.9,26.9,27.0,26.9,26.8,26.9,27.0,26.9,26.7,26.7,26.9,26.7,26.7,26.7,26.9,26.9,26.9,27.0,26.9,26.8,26.7,26.9,26.9,26.8,27.0,27.0,26.9,27.0,27.0,26.9,26.9,27.1,27.0,27.1,27.0,27.0,27.1,27.0,27.1,26.9,27.0,27.1,27.1,27.4,27.1,27.2,27.0,27.2,27.1,27.1,27.2,27.1,27.0,27.2,27.2,27.2,27.1,27.3,27.2
255,27.6,27.8,27.8,27.6,27.6,27.6,27.6,27.8,27.6,27.6,27.5,27.7,27.4,27.6,27.7,27.7,27.8,27.4,27.8,27.7,27.8,27.7,27.7,27.6,27.6,27.7,27.8,27.9,27.8,27.8,27.8,27.5,27.8,27.8,27.7,27.8,27.8,27.6,27.7,27.8,27.6,27.6,27.7,27.9,27.7,27.5,27.9,27.4,27.7,27.7,27.6,27.6,27.6,27.5,27.7,27.7,27.4,27.6,27.6,27.5,27.5,27.6,27.6,27.5,27.4,27.5,27.4,27.5,27.4,27.2,27.2,27.3,27.4,27.0,27.1,27.4,27.1,27.3,27.1,27.1,26.9,27.3,26.9,27.0,26.9,26.7,26.7,26.6,26.6,26.6,26.4,26.4,26.5,26.3,26.4,26.4,26.4,26.6,26.9,27.0,26.9,27.0,27.1,27.0,27.1,26.8,27.1,27.0,27.0,27.0,27.0,27.0,26.9,27.0,26.8,26.9,27.0,27.2,27.2,26.9,26.9,26.7,26.9,27.0,27.0,27.0,26.9,26.8,27.1,26.8,27.0,26.9,26.7,26.9,26.9,26.8,26.7,27.0,26.6,26.9,26.8,26.9,26.7,26.8,26.9,26.9,26.8,26.9,27.0,26.9,26.9,26.9,26.9,26.9,26.8,26.8,26.8,27.0,27.1,27.1,27.0,26.7,27.0,26.9,27.0,27.1,27.1,27.2,27.0,26.8,27.0,27.1,27.1,27.2,27.0,27.0,27.1,27.1,27.2,27.0,27.1,26.9,27.1,27.1,27.1,26.8,27.1,27.2,27.3,27.1,27.3,27.3
