文件路径:,C:\Users\23589\Desktop\物理实验竞赛\实验数据（黑胶带版）\case15_香橙派5Pro黑胶带_满负载\data\HM20260727203845.csv
源热像文件:,C:\Users\23589\Desktop\物理实验竞赛\实验数据（黑胶带版）\case15_香橙派5Pro黑胶带_满负载\photo\HM20260727203845.jpeg

测温单位,摄氏度
图像宽度,192
图像高度,256

全局
统计:,,平均值:,30.0
,,最小值:,28.1
,,最大值:,32.3

坐标Y\X,0,1,2,3,4,5,6,7,8,9,10,11,12,13,14,15,16,17,18,19,20,21,22,23,24,25,26,27,28,29,30,31,32,33,34,35,36,37,38,39,40,41,42,43,44,45,46,47,48,49,50,51,52,53,54,55,56,57,58,59,60,61,62,63,64,65,66,67,68,69,70,71,72,73,74,75,76,77,78,79,80,81,82,83,84,85,86,87,88,89,90,91,92,93,94,95,96,97,98,99,100,101,102,103,104,105,106,107,108,109,110,111,112,113,114,115,116,117,118,119,120,121,122,123,124,125,126,127,128,129,130,131,132,133,134,135,136,137,138,139,140,141,142,143,144,145,146,147,148,149,150,151,152,153,154,155,156,157,158,159,160,161,162,163,164,165,166,167,168,169,170,171,172,173,174,175,176,177,178,179,180,181,182,183,184,185,186,187,188,189,190,191
0,28.4,28.4,28.3,28.3,28.3,28.3,28.2,28.2,28.4,28.4,28.2,28.2,28.2,28.2,28.3,28.1,28.5,28.5,28.2,28.3,28.4,28.3,28.4,28.2,28.3,28.4,28.4,28.3,28.3,28.4,28.4,28.2,28.2,28.5,28.2,28.4,28.6,28.4,28.3,28.5,28.5,28.4,28.4,28.4,28.3,28.5,28.5,28.4,28.5,28.5,28.2,28.3,28.4,28.5,28.4,28.4,28.4,28.6,28.5,28.4,28.3,28.4,28.2,28.5,28.5,28.2,28.5,28.5,28.5,28.4,28.5,28.4,28.5,28.6,28.5,28.6,28.4,28.4,28.5,28.4,28.4,28.4,28.5,28.5,28.5,28.4,28.6,28.6,28.6,28.4,28.6,28.4,28.6,28.5,28.4,28.5,28.5,28.5,28.7,28.5,28.5,28.4,28.5,28.5,28.5,28.3,28.4,28.6,28.6,28.5,28.6,28.6,28.5,28.5,28.6,28.5,28.4,28.4,28.4,28.5,28.5,28.4,28.5,28.6,28.5,28.4,28.5,28.6,28.5,28.5,28.5,28.5,28.4,28.5,28.5,28.4,28.6,28.4,28.5,28.5,28.4,28.5,28.6,28.5,28.6,28.6,28.6,28.4,28.5,28.5,28.5,28.4,28.5,28.4,28.5,28.4,28.5,28.5,28.5,28.6,28.4,28.4,28.5,28.3,28.6,28.5,28.5,28.4,28.5,28.3,28.5,28.4,28.4,28.4,28.5,28.4,28.3,28.4,28.4,28.3,28.3,28.4,28.3,28.3,28.5,28.3,28.4,28.4,28.3,28.3,28.4,28.3
1,28.2,28.3,28.2,28.2,28.3,28.2,28.3,28.2,28.3,28.2,28.2,28.1,28.3,28.3,28.3,28.4,28.4,28.4,28.3,28.3,28.2,28.5,28.3,28.3,28.2,28.4,28.3,28.5,28.2,28.3,28.4,28.4,28.4,28.5,28.3,28.5,28.4,28.2,28.4,28.3,28.4,28.4,28.4,28.4,28.4,28.3,28.5,28.6,28.5,28.5,28.2,28.6,28.4,28.4,28.5,28.5,28.4,28.4,28.4,28.4,28.5,28.4,28.4,28.3,28.5,28.6,28.4,28.4,28.5,28.4,28.6,28.5,28.5,28.4,28.6,28.5,28.4,28.4,28.4,28.7,28.5,28.6,28.5,28.5,28.4,28.4,28.5,28.5,28.4,28.5,28.5,28.5,28.4,28.4,28.6,28.5,28.4,28.5,28.4,28.5,28.4,28.4,28.5,28.5,28.4,28.4,28.4,28.3,28.6,28.3,28.4,28.6,28.4,28.4,28.5,28.6,28.5,28.4,28.4,28.4,28.5,28.5,28.4,28.6,28.5,28.4,28.5,28.6,28.4,28.4,28.5,28.5,28.4,28.6,28.5,28.5,28.4,28.5,28.5,28.5,28.4,28.4,28.4,28.5,28.2,28.6,28.5,28.4,28.4,28.5,28.4,28.4,28.4,28.4,28.4,28.3,28.3,28.4,28.4,28.4,28.4,28.5,28.5,28.4,28.3,28.4,28.5,28.4,28.3,28.4,28.3,28.3,28.4,28.4,28.4,28.2,28.3,28.4,28.5,28.3,28.3,28.2,28.3,28.3,28.4,28.4,28.1,28.4,28.3,28.3,28.4,28.4
2,28.2,28.3,28.2,28.4,28.1,28.2,28.3,28.4,28.4,28.3,28.5,28.2,28.2,28.4,28.3,28.3,28.4,28.4,28.4,28.4,28.4,28.2,28.3,28.3,28.3,28.2,28.3,28.3,28.2,28.3,28.4,28.4,28.6,28.5,28.4,28.3,28.4,28.4,28.4,28.6,28.3,28.4,28.5,28.5,28.4,28.5,28.4,28.4,28.6,28.3,28.4,28.3,28.4,28.4,28.4,28.5,28.5,28.5,28.4,28.6,28.4,28.5,28.5,28.4,28.5,28.7,28.4,28.4,28.7,28.5,28.5,28.5,28.8,28.6,28.6,28.5,28.5,28.6,28.6,28.5,28.5,28.5,28.7,28.5,28.5,28.6,28.4,28.4,28.5,28.4,28.4,28.8,28.4,28.6,28.6,28.3,28.4,28.7,28.5,28.6,28.4,28.5,28.6,28.6,28.6,28.5,28.6,28.6,28.6,28.6,28.4,28.6,28.4,28.6,28.6,28.5,28.6,28.6,28.5,28.5,28.6,28.5,28.4,28.6,28.4,28.6,28.5,28.6,28.5,28.5,28.4,28.4,28.4,28.6,28.4,28.6,28.6,28.4,28.6,28.4,28.4,28.6,28.6,28.4,28.5,28.5,28.5,28.4,28.5,28.6,28.4,28.6,28.5,28.5,28.4,28.5,28.4,28.4,28.5,28.4,28.4,28.3,28.4,28.4,28.6,28.3,28.4,28.6,28.4,28.6,28.6,28.4,28.4,28.5,28.5,28.4,28.3,28.4,28.4,28.4,28.4,28.4,28.3,28.2,28.6,28.4,28.4,28.4,28.4,28.3,28.3,28.3
3,28.4,28.5,28.3,28.2,28.4,28.4,28.3,28.4,28.3,28.3,28.1,28.3,28.3,28.3,28.5,28.4,28.2,28.3,28.3,28.4,28.4,28.4,28.4,28.4,28.4,28.5,28.5,28.4,28.4,28.4,28.4,28.4,28.4,28.5,28.4,28.3,28.4,28.6,28.5,28.5,28.5,28.4,28.3,28.3,28.6,28.3,28.5,28.5,28.5,28.4,28.4,28.4,28.5,28.5,28.5,28.5,28.5,28.4,28.5,28.6,28.5,28.5,28.5,28.6,28.5,28.6,28.4,28.6,28.5,28.5,28.6,28.5,28.6,28.5,28.5,28.5,28.6,28.6,28.4,28.6,28.6,28.4,28.4,28.6,28.6,28.6,28.6,28.6,28.6,28.4,28.6,28.6,28.7,28.5,28.5,28.5,28.4,28.6,28.6,28.6,28.6,28.6,28.5,28.6,28.6,28.4,28.5,28.5,28.5,28.6,28.5,28.5,28.6,28.5,28.6,28.5,28.6,28.5,28.7,28.6,28.4,28.4,28.6,28.5,28.7,28.5,28.5,28.4,28.6,28.4,28.3,28.5,28.6,28.6,28.4,28.5,28.4,28.4,28.5,28.6,28.5,28.4,28.5,28.4,28.4,28.4,28.7,28.4,28.7,28.5,28.4,28.5,28.6,28.5,28.4,28.4,28.5,28.4,28.5,28.3,28.6,28.3,28.4,28.4,28.5,28.6,28.5,28.6,28.3,28.2,28.5,28.2,28.3,28.4,28.5,28.4,28.3,28.4,28.3,28.2,28.4,28.3,28.4,28.3,28.6,28.4,28.3,28.4,28.4,28.4,28.4,28.2
4,28.2,28.2,28.2,28.4,28.4,28.4,28.2,28.3,28.2,28.4,28.4,28.3,28.4,28.2,28.4,28.2,28.2,28.4,28.4,28.5,28.4,28.2,28.3,28.4,28.4,28.4,28.4,28.4,28.4,28.4,28.3,28.3,28.3,28.4,28.4,28.4,28.4,28.5,28.3,28.4,28.3,28.4,28.3,28.4,28.4,28.4,28.4,28.4,28.4,28.4,28.5,28.4,28.2,28.3,28.5,28.4,28.4,28.4,28.5,28.4,28.5,28.6,28.5,28.3,28.3,28.5,28.4,28.5,28.5,28.4,28.4,28.5,28.6,28.7,28.3,28.5,28.4,28.6,28.4,28.6,28.5,28.6,28.5,28.5,28.5,28.6,28.5,28.5,28.5,28.6,28.6,28.5,28.5,28.5,28.6,28.5,28.7,28.5,28.6,28.6,28.5,28.5,28.5,28.5,28.6,28.5,28.4,28.4,28.5,28.4,28.8,28.7,28.5,28.5,28.5,28.4,28.7,28.3,28.7,28.6,28.4,28.4,28.4,28.5,28.4,28.4,28.6,28.6,28.5,28.5,28.4,28.5,28.5,28.6,28.5,28.4,28.4,28.6,28.5,28.6,28.4,28.4,28.4,28.5,28.5,28.6,28.6,28.5,28.4,28.4,28.4,28.6,28.5,28.4,28.6,28.5,28.2,28.4,28.4,28.5,28.4,28.4,28.3,28.3,28.4,28.5,28.4,28.2,28.2,28.3,28.3,28.4,28.4,28.4,28.4,28.2,28.4,28.3,28.3,28.4,28.4,28.2,28.4,28.4,28.3,28.4,28.3,28.5,28.4,28.5,28.4,28.3
5,28.4,28.1,28.2,28.3,28.4,28.4,28.2,28.2,28.3,28.3,28.2,28.2,28.3,28.2,28.3,28.3,28.4,28.4,28.5,28.4,28.4,28.4,28.4,28.4,28.4,28.3,28.4,28.3,28.4,28.5,28.4,28.2,28.5,28.4,28.4,28.4,28.6,28.4,28.5,28.4,28.5,28.5,28.5,28.4,28.6,28.5,28.4,28.6,28.3,28.5,28.5,28.5,28.5,28.5,28.6,28.6,28.7,28.4,28.5,28.4,28.4,28.5,28.5,28.7,28.6,28.6,28.6,28.5,28.6,28.4,28.6,28.5,28.7,28.5,28.5,28.7,28.5,28.6,28.6,28.6,28.5,28.5,28.7,28.5,28.4,28.6,28.6,28.7,28.6,28.7,28.7,28.7,28.7,28.6,28.3,28.6,28.5,28.6,28.4,28.6,28.6,28.4,28.5,28.5,28.5,28.5,28.4,28.5,28.5,28.6,28.8,28.6,28.4,28.5,28.6,28.6,28.6,28.5,28.6,28.5,28.4,28.6,28.5,28.8,28.5,28.5,28.6,28.5,28.6,28.6,28.5,28.6,28.5,28.5,28.4,28.6,28.6,28.8,28.5,28.5,28.5,28.6,28.5,28.5,28.6,28.4,28.5,28.6,28.5,28.4,28.6,28.6,28.6,28.6,28.6,28.5,28.5,28.6,28.5,28.5,28.6,28.5,28.4,28.4,28.4,28.5,28.3,28.5,28.4,28.5,28.4,28.2,28.4,28.4,28.5,28.4,28.3,28.4,28.4,28.4,28.3,28.6,28.3,28.2,28.4,28.3,28.4,28.4,28.3,28.4,28.3,28.4
6,28.4,28.4,28.4,28.3,28.4,28.3,28.3,28.3,28.3,28.4,28.4,28.5,28.4,28.3,28.4,28.2,28.3,28.3,28.2,28.3,28.3,28.3,28.5,28.4,28.4,28.4,28.4,28.2,28.3,28.4,28.4,28.3,28.3,28.4,28.4,28.4,28.3,28.5,28.4,28.4,28.4,28.4,28.4,28.3,28.4,28.4,28.4,28.4,28.6,28.5,28.5,28.5,28.4,28.5,28.4,28.2,28.6,28.3,28.4,28.6,28.5,28.5,28.6,28.5,28.4,28.6,28.3,28.6,28.5,28.4,28.6,28.4,28.6,28.5,28.5,28.4,28.4,28.5,28.6,28.6,28.5,28.4,28.6,28.7,28.4,28.4,28.6,28.6,28.6,28.5,28.7,28.6,28.6,28.5,28.5,28.6,28.6,28.5,28.7,28.5,28.6,28.5,28.4,28.7,28.5,28.6,28.4,28.5,28.5,28.4,28.5,28.6,28.5,28.5,28.7,28.5,28.5,28.4,28.3,28.5,28.4,28.6,28.5,28.6,28.6,28.5,28.5,28.5,28.5,28.4,28.5,28.5,28.5,28.6,28.4,28.4,28.4,28.6,28.4,28.6,28.4,28.4,28.5,28.5,28.6,28.4,28.5,28.6,28.4,28.4,28.3,28.4,28.4,28.4,28.5,28.4,28.3,28.5,28.5,28.5,28.5,28.4,28.4,28.3,28.6,28.5,28.4,28.4,28.4,28.4,28.5,28.4,28.2,28.2,28.3,28.3,28.2,28.4,28.2,28.3,28.4,28.3,28.2,28.3,28.3,28.3,28.4,28.4,28.4,28.2,28.3,28.2
7,28.4,28.4,28.2,28.4,28.3,28.4,28.2,28.2,28.2,28.2,28.2,28.4,28.2,28.3,28.4,28.3,28.2,28.4,28.2,28.2,28.4,28.2,28.4,28.4,28.3,28.3,28.2,28.3,28.4,28.3,28.3,28.4,28.4,28.4,28.4,28.5,28.4,28.4,28.5,28.4,28.3,28.4,28.4,28.5,28.4,28.4,28.5,28.5,28.3,28.5,28.4,28.3,28.3,28.4,28.5,28.5,28.5,28.4,28.4,28.4,28.3,28.5,28.6,28.4,28.6,28.5,28.5,28.6,28.4,28.4,28.6,28.5,28.6,28.6,28.6,28.5,28.6,28.7,28.5,28.7,28.6,28.7,28.6,28.6,28.5,28.6,28.6,28.4,28.5,28.6,28.6,28.6,28.5,28.6,28.6,28.6,28.6,28.6,28.6,28.5,28.7,28.5,28.4,28.6,28.7,28.7,28.8,28.6,28.7,28.5,28.6,28.6,28.6,28.7,28.6,28.6,28.3,28.5,28.5,28.6,28.6,28.6,28.4,28.6,28.6,28.4,28.6,28.6,28.5,28.5,28.6,28.6,28.6,28.5,28.6,28.8,28.5,28.6,28.6,28.6,28.6,28.5,28.7,28.4,28.4,28.4,28.5,28.5,28.5,28.6,28.4,28.6,28.4,28.4,28.5,28.4,28.5,28.5,28.3,28.5,28.4,28.6,28.5,28.5,28.4,28.2,28.3,28.5,28.2,28.4,28.5,28.5,28.5,28.3,28.4,28.4,28.3,28.4,28.4,28.5,28.4,28.4,28.3,28.4,28.3,28.3,28.4,28.4,28.3,28.2,28.5,28.4
8,28.3,28.4,28.3,28.3,28.4,28.4,28.3,28.4,28.4,28.1,28.3,28.3,28.2,28.5,28.3,28.4,28.3,28.4,28.4,28.4,28.3,28.3,28.6,28.4,28.4,28.4,28.3,28.4,28.4,28.5,28.4,28.4,28.4,28.6,28.4,28.4,28.4,28.3,28.3,28.6,28.5,28.6,28.4,28.4,28.6,28.5,28.4,28.4,28.6,28.4,28.4,28.4,28.5,28.4,28.6,28.4,28.4,28.5,28.5,28.5,28.5,28.5,28.5,28.5,28.4,28.5,28.6,28.4,28.6,28.5,28.6,28.6,28.6,28.6,28.5,28.7,28.6,28.5,28.5,28.7,28.5,28.6,28.6,28.6,28.5,28.6,28.6,28.5,28.6,28.6,28.7,28.8,28.8,28.7,28.6,28.7,28.6,28.8,28.8,28.6,28.5,28.6,28.5,28.6,28.6,28.6,28.6,28.5,28.4,28.6,28.5,28.6,28.4,28.7,28.5,28.7,28.5,28.8,28.6,28.5,28.6,28.6,28.6,28.7,28.6,28.6,28.7,28.5,28.6,28.5,28.5,28.6,28.6,28.6,28.5,28.6,28.5,28.4,28.7,28.5,28.4,28.7,28.4,28.5,28.5,28.7,28.6,28.6,28.6,28.6,28.5,28.4,28.5,28.6,28.5,28.4,28.5,28.6,28.4,28.5,28.6,28.5,28.5,28.4,28.6,28.4,28.5,28.3,28.4,28.4,28.5,28.4,28.4,28.4,28.4,28.2,28.3,28.5,28.4,28.4,28.5,28.4,28.4,28.4,28.3,28.3,28.3,28.6,28.3,28.3,28.3,28.4
9,28.4,28.4,28.3,28.4,28.4,28.3,28.2,28.3,28.4,28.4,28.4,28.3,28.3,28.4,28.3,28.4,28.4,28.4,28.3,28.2,28.4,28.4,28.5,28.3,28.5,28.3,28.5,28.5,28.5,28.6,28.5,28.2,28.6,28.5,28.3,28.4,28.3,28.4,28.4,28.5,28.5,28.6,28.5,28.4,28.5,28.4,28.5,28.4,28.5,28.6,28.4,28.4,28.5,28.7,28.5,28.6,28.5,28.5,28.4,28.5,28.6,28.6,28.8,28.6,28.5,28.6,28.5,28.6,28.5,28.4,28.4,28.6,28.6,28.6,28.6,28.5,28.5,28.5,28.6,28.6,28.5,28.6,28.6,28.7,28.4,28.6,28.8,28.6,28.6,28.8,28.6,28.7,28.6,28.6,28.6,28.6,28.8,28.4,28.6,28.6,28.7,28.5,28.6,28.6,28.6,28.5,28.6,28.5,28.6,28.6,28.8,28.6,28.6,28.5,28.6,28.4,28.4,28.8,28.6,28.7,28.6,28.7,28.6,28.6,28.4,28.5,28.6,28.6,28.5,28.7,28.5,28.6,28.4,28.5,28.6,28.6,28.5,28.6,28.6,28.5,28.6,28.5,28.7,28.6,28.6,28.6,28.5,28.5,28.6,28.5,28.6,28.5,28.6,28.5,28.4,28.4,28.4,28.5,28.7,28.5,28.7,28.6,28.4,28.4,28.4,28.4,28.3,28.6,28.6,28.4,28.4,28.4,28.2,28.4,28.4,28.5,28.3,28.4,28.5,28.2,28.4,28.3,28.3,28.5,28.1,28.4,28.2,28.4,28.5,28.6,28.4,28.4
10,28.3,28.4,28.4,28.3,28.4,28.4,28.4,28.3,28.4,28.4,28.4,28.3,28.3,28.2,28.4,28.4,28.3,28.3,28.3,28.3,28.5,28.4,28.4,28.3,28.4,28.2,28.3,28.3,28.4,28.3,28.4,28.4,28.5,28.4,28.4,28.2,28.4,28.4,28.4,28.6,28.4,28.6,28.5,28.5,28.5,28.5,28.5,28.4,28.2,28.6,28.5,28.4,28.6,28.5,28.6,28.5,28.3,28.4,28.5,28.5,28.4,28.4,28.5,28.5,28.5,28.4,28.6,28.6,28.4,28.4,28.6,28.5,28.6,28.5,28.6,28.6,28.4,28.6,28.6,28.6,28.4,28.6,28.6,28.7,28.6,28.5,28.5,28.4,28.6,28.6,28.6,28.6,28.6,28.5,28.5,28.6,28.4,28.6,28.5,28.6,28.4,28.7,28.5,28.6,28.5,28.6,28.5,28.6,28.5,28.6,28.6,28.6,28.5,28.6,28.7,28.5,28.7,28.6,28.8,28.6,28.6,28.6,28.5,28.6,28.5,28.5,28.7,28.4,28.6,28.5,28.6,28.4,28.5,28.6,28.6,28.5,28.7,28.4,28.4,28.4,28.6,28.4,28.4,28.5,28.6,28.6,28.5,28.5,28.4,28.5,28.6,28.6,28.5,28.6,28.6,28.4,28.4,28.5,28.4,28.4,28.6,28.4,28.4,28.3,28.5,28.5,28.5,28.3,28.5,28.5,28.4,28.4,28.2,28.4,28.3,28.4,28.2,28.5,28.4,28.4,28.4,28.5,28.4,28.4,28.4,28.4,28.3,28.5,28.4,28.5,28.3,28.5
11,28.3,28.3,28.3,28.4,28.2,28.2,28.2,28.4,28.4,28.2,28.4,28.4,28.2,28.3,28.3,28.4,28.4,28.3,28.3,28.2,28.3,28.4,28.4,28.4,28.4,28.3,28.3,28.4,28.4,28.5,28.4,28.3,28.4,28.3,28.5,28.5,28.4,28.5,28.4,28.3,28.3,28.4,28.6,28.3,28.4,28.4,28.5,28.5,28.4,28.5,28.4,28.4,28.4,28.5,28.2,28.4,28.3,28.5,28.4,28.4,28.6,28.5,28.5,28.5,28.5,28.6,28.5,28.7,28.6,28.5,28.6,28.6,28.7,28.6,28.5,28.6,28.6,28.5,28.6,28.6,28.6,28.5,28.4,28.6,28.6,28.6,28.5,28.6,28.5,28.5,28.7,28.6,28.7,28.7,28.6,28.8,28.7,28.6,28.6,28.6,28.5,28.6,28.5,28.6,28.8,28.6,28.6,28.6,28.4,28.7,28.6,28.6,28.5,28.6,28.6,28.5,28.6,28.6,28.5,28.5,28.6,28.7,28.6,28.6,28.5,28.5,28.5,28.7,28.5,28.6,28.5,28.5,28.5,28.5,28.5,28.6,28.6,28.6,28.5,28.4,28.6,28.5,28.7,28.6,28.5,28.5,28.6,28.5,28.5,28.6,28.5,28.3,28.6,28.4,28.4,28.6,28.5,28.5,28.5,28.5,28.4,28.3,28.4,28.4,28.4,28.6,28.3,28.5,28.3,28.4,28.4,28.4,28.3,28.3,28.4,28.5,28.3,28.4,28.4,28.4,28.4,28.2,28.2,28.3,28.3,28.4,28.3,28.4,28.4,28.3,28.2,28.5
12,28.2,28.4,28.4,28.4,28.3,28.2,28.5,28.4,28.2,28.3,28.3,28.4,28.4,28.3,28.4,28.4,28.4,28.3,28.3,28.5,28.4,28.3,28.2,28.4,28.4,28.3,28.3,28.5,28.4,28.3,28.4,28.4,28.5,28.4,28.5,28.6,28.6,28.3,28.5,28.4,28.4,28.4,28.4,28.4,28.3,28.4,28.4,28.4,28.5,28.5,28.4,28.3,28.5,28.4,28.6,28.5,28.6,28.4,28.4,28.6,28.6,28.6,28.8,28.4,28.7,28.6,28.7,28.7,28.7,28.6,28.6,28.6,28.7,28.6,28.6,28.7,28.5,28.6,28.4,28.7,28.6,28.7,28.6,28.6,28.6,28.8,28.6,28.6,28.6,28.6,28.6,28.6,28.7,28.7,28.6,28.6,28.6,28.6,28.6,28.6,28.6,28.7,28.4,28.6,28.6,28.8,28.5,28.5,28.8,28.8,28.6,28.8,28.7,28.6,28.6,28.6,28.6,28.7,28.8,28.5,28.7,28.5,28.8,28.6,28.5,28.6,28.7,28.6,28.6,28.6,28.6,28.6,28.7,28.8,28.7,28.7,28.4,28.6,28.6,28.5,28.6,28.6,28.7,28.7,28.5,28.4,28.6,28.5,28.5,28.5,28.6,28.5,28.5,28.5,28.5,28.6,28.5,28.4,28.4,28.4,28.5,28.4,28.5,28.5,28.4,28.4,28.4,28.4,28.6,28.4,28.4,28.5,28.5,28.3,28.4,28.4,28.2,28.4,28.5,28.3,28.4,28.4,28.5,28.4,28.3,28.3,28.4,28.4,28.5,28.3,28.4,28.2
13,28.3,28.3,28.3,28.2,28.3,28.3,28.5,28.4,28.3,28.3,28.2,28.4,28.3,28.3,28.3,28.3,28.4,28.4,28.4,28.5,28.3,28.4,28.3,28.4,28.6,28.5,28.4,28.4,28.4,28.4,28.4,28.5,28.5,28.4,28.6,28.5,28.4,28.4,28.3,28.5,28.3,28.4,28.5,28.6,28.6,28.5,28.5,28.4,28.4,28.6,28.4,28.5,28.5,28.7,28.4,28.5,28.6,28.4,28.5,28.5,28.6,28.7,28.7,28.6,28.6,28.7,28.6,28.5,28.5,28.6,28.6,28.7,28.8,28.7,28.6,28.5,28.8,28.6,28.5,28.7,28.6,28.7,28.8,28.8,28.7,28.7,28.7,28.8,28.6,28.8,28.7,28.9,28.7,28.7,28.6,28.6,28.8,28.8,28.7,28.8,28.5,28.7,28.6,28.6,28.6,28.6,28.7,28.6,28.6,28.6,28.6,28.6,28.7,28.6,28.8,28.6,28.6,28.6,28.6,28.6,28.7,28.7,28.7,28.7,28.5,28.4,28.7,28.6,28.5,28.6,28.6,28.7,28.7,28.6,28.7,28.5,28.5,28.6,28.6,28.7,28.6,28.6,28.7,28.5,28.6,28.7,28.5,28.7,28.6,28.8,28.6,28.6,28.6,28.6,28.6,28.6,28.6,28.6,28.6,28.4,28.6,28.4,28.5,28.4,28.6,28.6,28.4,28.6,28.3,28.4,28.3,28.4,28.4,28.4,28.4,28.4,28.4,28.4,28.4,28.5,28.6,28.3,28.5,28.4,28.4,28.5,28.4,28.4,28.5,28.3,28.5,28.4
14,28.3,28.4,28.3,28.2,28.4,28.4,28.4,28.4,28.5,28.4,28.4,28.3,28.4,28.4,28.4,28.3,28.4,28.4,28.5,28.3,28.4,28.4,28.5,28.4,28.3,28.5,28.4,28.6,28.3,28.6,28.4,28.5,28.7,28.6,28.4,28.5,28.5,28.5,28.5,28.6,28.4,28.7,28.5,28.6,28.5,28.5,28.5,28.5,28.6,28.6,28.4,28.6,28.6,28.6,28.6,28.5,28.6,28.7,28.6,28.6,28.5,28.6,28.6,28.6,28.6,28.8,28.6,28.4,28.5,28.6,28.6,28.8,28.6,28.8,28.6,28.8,28.5,28.4,28.7,28.6,28.6,28.7,28.8,28.6,28.9,28.8,28.7,28.6,28.8,28.6,28.6,28.8,28.6,28.8,28.6,28.7,28.8,28.9,28.8,28.8,28.8,28.7,28.6,28.9,28.8,28.8,28.7,28.5,28.6,28.8,28.6,28.7,28.7,28.6,28.7,28.5,28.8,28.6,28.8,28.6,28.6,28.8,28.6,28.4,28.6,28.5,28.6,28.4,28.5,28.8,28.6,28.6,28.7,28.6,28.5,28.6,28.6,28.7,28.6,28.8,28.8,28.8,28.6,28.6,28.6,28.6,28.6,28.6,28.6,28.9,28.6,28.8,28.6,28.5,28.7,28.7,28.5,28.4,28.5,28.4,28.7,28.4,28.5,28.4,28.7,28.6,28.5,28.3,28.5,28.4,28.6,28.5,28.1,28.6,28.5,28.4,28.5,28.6,28.5,28.6,28.4,28.4,28.4,28.3,28.4,28.4,28.4,28.4,28.5,28.3,28.3,28.5
15,28.3,28.5,28.2,28.5,28.4,28.2,28.3,28.2,28.3,28.5,28.5,28.5,28.1,28.4,28.4,28.4,28.4,28.5,28.4,28.3,28.4,28.4,28.4,28.3,28.4,28.4,28.4,28.6,28.6,28.6,28.6,28.5,28.4,28.5,28.6,28.5,28.5,28.6,28.4,28.4,28.6,28.6,28.6,28.6,28.5,28.6,28.6,28.5,28.5,28.6,28.6,28.6,28.6,28.6,28.7,28.6,28.6,28.7,28.5,28.6,28.6,28.6,28.6,28.6,28.7,28.5,28.7,28.6,28.8,28.6,28.8,28.6,28.6,28.7,28.7,28.8,28.8,28.8,28.7,28.8,28.6,28.6,28.8,28.7,28.8,28.8,28.8,28.8,28.7,28.6,28.8,28.7,28.8,28.6,28.8,28.7,28.7,28.7,28.6,28.7,28.6,28.6,28.6,28.9,28.9,28.7,28.8,28.8,28.6,28.7,28.8,28.6,28.7,28.6,28.6,28.7,28.7,28.7,28.8,28.8,28.8,28.8,28.8,28.8,28.8,28.5,28.7,28.8,28.6,28.7,28.6,28.6,28.7,28.7,28.8,28.7,28.7,28.7,28.5,28.6,28.6,28.6,28.6,28.6,28.7,28.5,28.6,28.6,28.5,28.6,28.6,28.5,28.6,28.7,28.6,28.7,28.5,28.6,28.5,28.5,28.4,28.4,28.3,28.5,28.6,28.5,28.3,28.5,28.5,28.4,28.5,28.3,28.4,28.6,28.4,28.4,28.3,28.6,28.4,28.4,28.4,28.4,28.4,28.3,28.5,28.5,28.3,28.3,28.3,28.4,28.3,28.5
16,28.4,28.5,28.3,28.3,28.2,28.4,28.4,28.2,28.3,28.3,28.4,28.3,28.2,28.3,28.5,28.4,28.3,28.4,28.2,28.4,28.6,28.5,28.5,28.5,28.4,28.5,28.5,28.5,28.4,28.5,28.4,28.4,28.4,28.6,28.4,28.5,28.5,28.6,28.4,28.5,28.6,28.5,28.5,28.6,28.6,28.6,28.7,28.5,28.6,28.5,28.6,28.5,28.6,28.5,28.6,28.6,28.8,28.6,28.6,28.7,28.6,28.6,28.5,28.6,28.5,28.8,28.6,28.6,28.7,28.6,28.6,28.8,28.7,28.8,28.6,28.9,28.8,28.7,28.8,29.0,28.7,28.6,28.5,28.7,28.6,28.8,28.6,28.8,28.6,28.7,28.8,28.8,28.6,28.6,28.8,28.8,28.6,28.6,28.8,28.8,28.8,28.8,28.6,28.8,28.6,28.8,28.8,28.6,28.8,28.5,28.7,28.6,28.6,28.6,28.6,28.8,28.6,28.6,28.6,28.8,28.6,28.8,28.6,28.6,28.6,28.6,28.8,28.7,28.6,28.8,28.7,28.8,28.7,28.7,28.8,28.7,28.6,28.6,28.5,28.6,28.6,28.8,28.6,28.6,28.8,28.8,28.6,28.6,28.7,28.5,28.6,28.5,28.6,28.6,28.5,28.6,28.5,28.6,28.6,28.6,28.6,28.6,28.6,28.4,28.5,28.4,28.4,28.4,28.4,28.5,28.6,28.6,28.4,28.3,28.5,28.4,28.4,28.6,28.5,28.5,28.4,28.4,28.4,28.4,28.4,28.4,28.4,28.5,28.5,28.4,28.4,28.4
17,28.4,28.4,28.2,28.3,28.4,28.3,28.2,28.4,28.4,28.2,28.2,28.3,28.4,28.4,28.3,28.4,28.3,28.5,28.4,28.4,28.4,28.4,28.5,28.4,28.4,28.4,28.4,28.4,28.6,28.5,28.5,28.5,28.5,28.5,28.5,28.6,28.6,28.5,28.5,28.5,28.6,28.8,28.5,28.4,28.7,28.6,28.6,28.6,28.6,28.6,28.6,28.7,28.6,28.6,28.5,28.6,28.5,28.7,28.6,28.6,28.7,28.7,28.7,28.6,28.8,28.7,28.6,28.6,28.6,28.5,28.7,28.9,28.8,28.8,28.6,28.8,28.8,28.7,28.7,28.7,28.7,28.6,29.0,28.7,28.8,28.6,28.9,28.9,28.8,28.6,28.6,28.7,28.7,28.6,28.9,28.8,28.8,28.8,28.7,28.8,28.7,28.8,28.8,28.7,28.6,28.8,28.6,28.8,28.8,28.6,28.8,28.8,28.7,28.6,28.7,28.7,28.7,28.7,28.6,28.8,28.8,28.9,28.8,28.8,28.6,28.6,28.9,28.8,28.6,28.8,28.7,28.6,28.8,28.8,28.8,28.6,28.5,28.6,28.7,28.7,28.8,28.6,28.7,28.8,28.5,28.6,28.8,28.7,28.6,28.6,28.6,28.7,28.6,28.6,28.5,28.5,28.5,28.6,28.4,28.6,28.3,28.5,28.4,28.6,28.6,28.6,28.5,28.6,28.5,28.4,28.6,28.5,28.4,28.5,28.4,28.3,28.4,28.4,28.5,28.4,28.3,28.5,28.4,28.4,28.5,28.5,28.4,28.3,28.5,28.5,28.3,28.4
18,28.4,28.2,28.2,28.6,28.5,28.4,28.4,28.4,28.4,28.4,28.5,28.4,28.4,28.5,28.4,28.4,28.2,28.4,28.3,28.3,28.4,28.3,28.4,28.3,28.6,28.4,28.4,28.5,28.5,28.4,28.4,28.5,28.5,28.4,28.5,28.6,28.6,28.5,28.5,28.5,28.6,28.8,28.6,28.5,28.6,28.8,28.6,28.6,28.6,28.6,28.5,28.5,28.8,28.6,28.6,28.6,28.6,28.5,28.6,28.9,28.5,28.6,28.6,28.7,28.7,28.7,28.8,28.7,28.5,28.8,28.8,28.7,28.7,28.8,28.6,28.7,28.5,28.6,28.7,28.8,28.7,28.7,28.8,28.8,28.6,28.8,28.8,28.8,28.7,28.7,28.8,28.7,28.8,28.8,28.8,28.8,28.8,28.8,28.7,28.8,28.7,28.8,28.8,28.9,28.7,28.9,28.6,28.6,28.9,28.8,28.6,28.8,28.8,28.6,28.8,28.6,28.8,28.6,28.9,28.7,28.8,28.8,28.6,28.8,28.8,28.8,28.9,28.8,28.6,28.8,28.7,28.7,28.8,28.8,28.8,28.7,28.6,28.8,28.8,28.6,28.6,28.6,28.8,28.5,28.6,28.9,28.8,28.7,28.6,28.8,28.7,28.6,28.5,28.6,28.6,28.6,28.5,28.8,28.6,28.6,28.7,28.4,28.5,28.5,28.6,28.5,28.6,28.6,28.4,28.6,28.4,28.6,28.4,28.6,28.6,28.5,28.2,28.4,28.4,28.5,28.4,28.3,28.5,28.4,28.6,28.4,28.4,28.4,28.4,28.5,28.5,28.3
19,28.6,28.4,28.4,28.1,28.6,28.3,28.4,28.4,28.3,28.5,28.5,28.5,28.5,28.4,28.3,28.5,28.4,28.6,28.5,28.5,28.4,28.5,28.5,28.5,28.5,28.6,28.4,28.4,28.6,28.6,28.5,28.5,28.6,28.6,28.4,28.3,28.6,28.5,28.6,28.5,28.5,28.6,28.5,28.6,28.6,28.6,28.5,28.6,28.5,28.5,28.6,28.6,28.6,28.6,28.6,28.6,28.8,28.5,28.7,28.6,28.6,28.6,28.8,28.7,28.9,28.6,28.8,28.8,28.6,28.6,28.8,28.8,28.7,28.7,28.7,28.8,28.6,28.6,28.8,28.6,28.8,28.7,28.8,28.7,28.9,28.9,28.8,29.0,28.9,28.6,28.9,28.9,28.8,28.9,28.8,28.7,28.7,28.8,28.8,28.8,28.9,28.8,28.8,28.9,28.8,28.8,28.7,28.7,28.9,28.8,28.7,28.7,28.7,28.9,28.7,28.7,28.6,28.8,28.6,28.8,28.8,28.8,28.8,28.8,28.8,28.8,28.8,28.7,28.6,28.8,28.8,28.8,28.6,28.8,28.8,28.6,28.8,28.6,28.8,28.6,28.6,28.7,28.8,28.6,28.7,28.6,28.9,28.7,28.7,28.9,28.6,28.7,28.5,28.5,28.6,28.6,28.5,28.6,28.6,28.5,28.6,28.4,28.6,28.5,28.6,28.5,28.8,28.6,28.5,28.4,28.6,28.6,28.6,28.6,28.5,28.5,28.5,28.5,28.6,28.3,28.5,28.4,28.4,28.4,28.4,28.5,28.4,28.4,28.4,28.4,28.5,28.5
20,28.4,28.4,28.2,28.3,28.4,28.3,28.3,28.3,28.3,28.3,28.2,28.4,28.2,28.3,28.4,28.3,28.3,28.4,28.4,28.5,28.5,28.5,28.4,28.5,28.6,28.5,28.4,28.4,28.4,28.5,28.4,28.5,28.6,28.3,28.4,28.6,28.6,28.5,28.5,28.8,28.4,28.6,28.6,28.6,28.6,28.7,28.5,28.4,28.6,28.8,28.6,28.6,28.8,28.6,28.6,28.7,28.6,28.7,28.6,28.7,28.7,28.7,28.7,28.8,28.7,28.7,28.7,28.8,28.6,28.8,28.7,28.7,28.9,28.9,28.7,28.7,28.8,28.9,28.8,28.9,28.8,28.8,28.7,28.8,28.8,28.9,28.8,28.8,28.8,28.6,28.8,28.7,28.8,28.8,28.8,28.9,28.8,28.8,28.8,28.9,28.8,28.8,28.9,28.8,28.6,28.8,28.7,28.8,28.6,28.8,28.8,28.8,28.7,28.9,28.8,28.7,28.8,28.8,28.8,28.7,28.8,28.7,28.6,28.8,28.7,28.7,28.8,28.8,28.7,28.8,28.8,28.8,28.8,28.8,28.8,28.7,28.5,28.8,28.7,28.7,28.6,28.6,28.7,28.6,28.6,28.7,28.6,28.6,28.8,28.8,28.5,28.6,28.5,28.7,28.5,28.6,28.7,28.7,28.6,28.4,28.5,28.5,28.5,28.5,28.6,28.6,28.7,28.5,28.7,28.5,28.5,28.6,28.5,28.5,28.5,28.4,28.3,28.4,28.5,28.5,28.5,28.4,28.6,28.5,28.4,28.5,28.3,28.4,28.3,28.4,28.4,28.3
21,28.4,28.4,28.4,28.4,28.3,28.3,28.1,28.4,28.3,28.3,28.4,28.4,28.4,28.4,28.4,28.6,28.3,28.5,28.4,28.4,28.4,28.5,28.4,28.5,28.4,28.4,28.6,28.6,28.6,28.4,28.4,28.5,28.3,28.5,28.4,28.5,28.5,28.4,28.6,28.5,28.4,28.5,28.5,28.4,28.6,28.6,28.5,28.5,28.5,28.5,28.5,28.6,28.5,28.7,28.5,28.6,28.4,28.6,28.6,28.6,28.6,28.6,28.6,28.8,28.6,28.6,28.6,28.7,28.6,28.7,28.6,28.6,28.7,28.9,28.8,28.8,28.6,28.7,28.9,29.0,28.7,28.8,28.8,28.8,28.8,28.9,28.8,28.6,28.9,28.8,28.8,28.9,28.7,28.8,28.7,28.9,28.6,28.9,28.6,28.8,28.8,28.8,28.8,28.8,28.8,28.8,28.8,28.9,28.6,28.7,28.8,28.8,28.8,28.8,28.6,28.8,28.8,28.6,28.7,28.7,28.8,28.7,28.7,28.8,28.7,28.5,28.7,28.8,28.6,28.7,28.7,28.9,28.8,28.7,28.5,28.6,28.5,28.8,28.8,28.7,28.6,28.6,28.7,28.7,28.6,28.6,28.8,28.6,28.6,28.7,28.6,28.7,28.7,28.6,28.5,28.6,28.5,28.5,28.6,28.5,28.5,28.5,28.5,28.4,28.6,28.5,28.4,28.6,28.4,28.4,28.6,28.3,28.4,28.5,28.4,28.4,28.3,28.5,28.5,28.5,28.5,28.4,28.3,28.5,28.3,28.4,28.2,28.5,28.4,28.6,28.4,28.4
22,28.4,28.4,28.3,28.4,28.4,28.4,28.4,28.4,28.4,28.4,28.2,28.4,28.3,28.5,28.4,28.3,28.3,28.4,28.3,28.4,28.4,28.4,28.5,28.3,28.5,28.6,28.4,28.5,28.5,28.6,28.6,28.4,28.5,28.5,28.4,28.6,28.5,28.4,28.5,28.6,28.5,28.3,28.4,28.7,28.5,28.7,28.6,28.6,28.6,28.6,28.6,28.6,28.6,28.6,28.6,28.8,28.6,28.6,28.7,28.6,28.8,28.8,28.7,28.8,28.7,28.8,28.8,28.7,28.8,28.7,28.7,28.7,28.9,28.9,28.8,28.7,28.7,28.8,28.9,28.8,28.9,28.9,28.7,28.9,29.0,29.0,29.0,29.0,28.8,28.9,29.0,28.8,28.9,28.8,28.9,28.8,28.7,28.8,28.9,28.9,28.9,28.7,28.8,28.8,28.9,28.8,28.9,28.9,28.9,28.9,28.9,28.8,29.0,28.8,29.0,28.9,28.9,28.8,29.0,28.8,28.6,29.0,28.9,28.8,28.6,28.6,28.8,28.8,28.8,28.7,28.8,28.7,28.8,28.8,28.7,28.8,28.8,28.6,29.0,28.8,28.6,28.6,28.7,28.8,28.6,28.6,28.6,28.6,28.7,28.8,28.7,28.8,28.6,28.7,28.7,28.6,28.6,28.6,28.7,28.5,28.6,28.5,28.5,28.4,28.4,28.5,28.5,28.5,28.5,28.5,28.6,28.6,28.3,28.6,28.6,28.4,28.5,28.5,28.4,28.4,28.4,28.4,28.2,28.5,28.3,28.5,28.4,28.4,28.3,28.3,28.4,28.4
23,28.4,28.6,28.3,28.3,28.4,28.2,28.2,28.4,28.5,28.4,28.4,28.4,28.4,28.5,28.4,28.5,28.4,28.4,28.4,28.4,28.6,28.5,28.6,28.4,28.7,28.4,28.4,28.5,28.6,28.5,28.4,28.4,28.6,28.6,28.6,28.5,28.6,28.5,28.5,28.6,28.6,28.7,28.3,28.6,28.8,28.6,28.8,28.6,28.5,28.8,28.6,28.8,28.6,28.7,28.6,28.6,28.6,28.6,28.8,28.7,28.7,28.8,28.8,28.8,28.8,28.9,28.7,28.8,28.6,28.6,28.9,28.8,28.7,28.8,28.9,28.6,28.8,28.9,28.8,28.8,28.8,29.0,28.8,28.8,28.9,28.9,28.9,29.0,28.8,28.8,28.9,28.9,29.0,28.8,28.9,28.9,29.0,28.8,29.0,28.8,28.8,29.0,28.8,28.9,28.8,28.9,28.8,28.7,28.9,28.9,29.0,28.8,28.7,28.8,28.8,28.7,28.8,28.9,28.8,28.9,28.8,28.8,28.7,28.8,28.8,28.6,28.9,28.8,28.9,28.8,28.8,28.9,28.8,28.8,28.8,28.8,28.8,28.8,28.6,28.7,28.9,28.7,28.8,28.8,28.7,28.8,28.8,28.8,28.8,28.8,28.8,28.7,28.6,28.8,28.6,28.5,28.6,28.5,28.6,28.7,28.5,28.6,28.6,28.5,28.5,28.5,28.4,28.5,28.4,28.5,28.4,28.3,28.4,28.5,28.4,28.4,28.5,28.4,28.4,28.5,28.4,28.4,28.5,28.5,28.4,28.5,28.2,28.6,28.3,28.3,28.5,28.4
24,28.4,28.4,28.3,28.4,28.5,28.3,28.4,28.3,28.3,28.3,28.4,28.4,28.3,28.4,28.5,28.4,28.3,28.6,28.5,28.5,28.5,28.4,28.5,28.5,28.5,28.4,28.3,28.4,28.7,28.5,28.5,28.5,28.6,28.6,28.6,28.6,28.5,28.7,28.5,28.6,28.8,28.8,28.8,28.6,28.7,28.7,28.6,28.8,28.6,28.7,28.6,28.6,28.8,28.8,28.6,28.7,28.6,28.6,28.8,28.8,28.6,28.7,28.8,28.7,28.8,28.7,28.6,28.9,28.6,28.8,28.7,28.8,28.8,28.8,28.8,28.8,28.7,28.9,28.8,29.0,28.9,28.8,28.8,28.9,28.9,28.8,28.8,29.0,29.0,28.6,29.0,28.9,28.9,28.9,28.8,28.8,28.9,29.0,29.0,28.9,28.9,28.9,28.9,28.9,28.9,28.8,28.9,28.8,28.7,29.0,29.0,28.8,28.8,28.8,28.8,28.8,29.0,29.0,29.0,28.9,28.8,28.8,28.9,28.9,28.8,28.8,28.9,28.9,28.7,28.9,28.8,28.7,28.8,28.9,28.6,28.8,28.8,28.8,28.8,28.7,28.7,28.7,28.8,28.8,28.6,28.6,28.7,28.6,28.6,28.6,28.8,28.8,28.7,28.8,28.5,28.5,28.6,28.4,28.6,28.6,28.6,28.6,28.5,28.6,28.6,28.6,28.6,28.6,28.5,28.4,28.5,28.5,28.6,28.6,28.5,28.4,28.6,28.4,28.7,28.5,28.4,28.4,28.4,28.4,28.5,28.4,28.5,28.4,28.4,28.3,28.4,28.4
25,28.3,28.4,28.3,28.4,28.4,28.4,28.4,28.4,28.3,28.4,28.3,28.3,28.5,28.3,28.4,28.5,28.3,28.4,28.4,28.4,28.4,28.3,28.4,28.3,28.4,28.5,28.4,28.4,28.6,28.6,28.6,28.4,28.4,28.5,28.6,28.6,28.6,28.7,28.5,28.6,28.4,28.5,28.5,28.6,28.6,28.8,28.6,28.5,28.6,28.7,28.6,28.6,28.7,28.7,28.8,28.7,28.7,28.6,28.6,28.8,29.0,28.8,28.8,28.6,28.9,28.6,28.7,28.9,28.8,28.8,28.6,28.7,28.9,28.9,28.8,28.8,28.7,29.0,28.9,29.0,28.9,28.9,28.8,28.7,28.8,28.8,28.9,28.9,28.9,28.9,28.9,28.9,29.0,28.9,29.0,28.9,28.9,29.0,29.0,28.8,29.0,28.9,28.9,28.9,28.8,28.8,28.9,29.0,28.8,28.9,28.9,29.0,28.9,28.8,29.0,29.0,29.0,28.9,29.0,29.0,29.0,29.0,28.9,28.9,29.0,28.9,28.9,29.0,28.9,28.9,28.9,28.8,29.0,28.8,28.9,29.0,28.8,28.8,28.7,28.8,28.8,28.8,28.9,28.8,28.8,28.8,28.7,28.7,28.7,28.8,28.7,28.7,28.6,28.8,28.8,28.6,28.7,28.6,28.6,28.7,28.6,28.6,28.7,28.6,28.5,28.6,28.4,28.5,28.6,28.5,28.6,28.5,28.4,28.5,28.6,28.5,28.5,28.6,28.5,28.5,28.3,28.4,28.5,28.5,28.4,28.4,28.6,28.5,28.6,28.5,28.5,28.5
26,28.4,28.3,28.4,28.5,28.5,28.4,28.3,28.3,28.4,28.2,28.4,28.4,28.2,28.5,28.3,28.6,28.6,28.4,28.4,28.5,28.5,28.4,28.4,28.5,28.5,28.4,28.6,28.5,28.4,28.6,28.5,28.5,28.5,28.5,28.6,28.6,28.5,28.6,28.4,28.6,28.6,28.6,28.8,28.5,28.6,28.7,28.8,28.7,28.8,28.7,28.6,28.7,28.7,28.7,28.8,28.8,28.8,28.7,28.7,28.7,28.6,28.8,28.6,28.8,28.7,28.9,28.8,28.8,28.6,28.8,28.8,29.0,28.9,28.8,28.9,28.8,28.7,28.8,28.8,28.9,29.1,28.9,28.7,28.9,28.8,29.0,28.8,28.8,29.0,29.0,28.9,28.9,29.1,28.9,28.8,28.9,28.9,29.0,28.9,29.0,29.0,29.0,28.9,28.8,28.9,28.8,28.9,28.9,28.9,29.0,29.0,29.0,28.8,28.9,28.9,28.8,28.7,29.0,29.0,28.9,28.8,28.8,28.9,28.8,29.0,28.8,29.0,28.8,28.9,28.8,28.8,28.8,28.9,28.7,28.8,28.8,28.9,28.7,28.9,28.9,28.8,28.8,28.7,28.7,28.7,28.7,28.7,28.7,28.9,28.7,28.6,28.7,28.8,28.6,28.8,28.7,28.6,28.6,28.7,28.6,28.6,28.7,28.6,28.7,28.5,28.6,28.5,28.5,28.5,28.6,28.6,28.4,28.4,28.5,28.6,28.5,28.4,28.5,28.5,28.3,28.4,28.4,28.4,28.5,28.5,28.4,28.4,28.4,28.5,28.4,28.4,28.3
27,28.4,28.4,28.3,28.4,28.5,28.4,28.4,28.5,28.2,28.4,28.4,28.4,28.4,28.4,28.4,28.6,28.5,28.5,28.3,28.4,28.5,28.4,28.6,28.5,28.6,28.6,28.5,28.5,28.6,28.5,28.7,28.5,28.6,28.6,28.6,28.5,28.6,28.5,28.5,28.6,28.8,28.6,28.7,28.5,28.6,28.7,28.9,28.7,28.6,28.7,28.7,28.8,28.8,28.7,28.8,28.8,28.6,28.8,28.8,28.8,28.8,28.8,28.9,28.8,28.8,28.7,29.0,28.8,28.7,28.8,28.8,28.9,29.1,28.8,28.9,28.8,28.8,29.0,28.9,29.0,28.9,29.0,29.0,29.0,29.0,29.1,29.0,29.1,28.9,29.0,29.0,29.0,29.0,29.0,29.0,28.9,28.9,29.0,29.0,28.8,28.9,29.1,29.0,29.0,28.9,28.8,28.9,28.9,28.9,29.0,29.0,29.0,29.0,29.0,28.9,29.0,28.9,29.0,29.0,29.0,29.0,28.9,29.0,29.0,28.9,29.0,29.1,28.8,28.9,29.1,28.9,28.9,28.9,29.0,28.8,28.8,28.7,28.8,28.8,28.8,28.8,28.9,28.8,28.8,28.8,28.8,28.8,28.8,28.6,28.8,28.8,28.7,28.8,28.8,28.6,28.8,28.6,28.7,28.6,28.6,28.6,28.6,28.4,28.4,28.7,28.6,28.7,28.4,28.6,28.6,28.4,28.6,28.4,28.6,28.6,28.5,28.4,28.5,28.5,28.5,28.4,28.4,28.5,28.4,28.4,28.5,28.4,28.5,28.4,28.4,28.3,28.4
28,28.5,28.4,28.4,28.4,28.4,28.5,28.4,28.4,28.6,28.3,28.4,28.5,28.5,28.5,28.5,28.3,28.4,28.4,28.5,28.4,28.3,28.5,28.6,28.5,28.6,28.4,28.5,28.6,28.4,28.5,28.7,28.5,28.7,28.8,28.5,28.5,28.5,28.6,28.7,28.6,28.8,28.6,28.6,28.6,28.6,28.6,28.6,28.8,28.5,28.8,28.7,28.7,28.8,28.8,28.7,28.8,28.8,28.8,28.8,28.8,28.8,28.8,28.7,28.9,28.8,29.0,28.9,28.9,29.0,28.7,29.0,28.9,28.9,28.8,29.0,28.8,28.6,29.0,29.0,29.1,29.0,29.0,29.0,29.2,29.0,29.1,28.9,29.0,29.1,28.9,29.2,29.1,29.0,29.1,28.9,29.0,29.0,29.0,29.1,29.1,29.0,29.0,29.1,29.1,29.0,29.0,29.1,29.1,29.0,28.9,29.3,29.0,29.0,29.0,29.1,29.0,29.2,29.0,29.0,29.0,29.0,29.0,29.1,29.0,29.0,28.9,29.0,29.0,28.9,29.1,28.8,29.0,29.0,28.9,28.9,28.8,28.8,28.8,28.8,28.8,28.9,28.8,28.9,28.9,28.8,28.8,28.8,28.7,29.0,28.8,28.8,28.8,28.8,28.8,28.8,28.5,28.6,28.6,28.7,28.6,28.6,28.6,28.7,28.6,28.8,28.5,28.6,28.6,28.5,28.4,28.6,28.6,28.5,28.5,28.5,28.6,28.4,28.5,28.5,28.5,28.3,28.5,28.4,28.4,28.4,28.4,28.3,28.4,28.3,28.5,28.7,28.4
29,28.5,28.5,28.4,28.4,28.3,28.3,28.5,28.3,28.4,28.3,28.4,28.2,28.4,28.3,28.4,28.5,28.5,28.3,28.5,28.4,28.4,28.3,28.5,28.5,28.5,28.6,28.5,28.4,28.6,28.3,28.6,28.6,28.5,28.7,28.6,28.5,28.5,28.5,28.4,28.7,28.6,28.5,28.8,28.7,28.7,28.7,28.8,28.7,28.8,28.8,28.6,28.7,28.8,28.6,28.8,28.8,28.7,28.9,28.7,28.6,28.6,28.9,28.8,28.9,28.9,28.9,29.1,28.9,29.0,28.9,28.9,28.9,29.0,28.9,29.0,28.8,29.1,29.1,29.0,29.0,29.0,29.1,29.0,29.0,29.1,29.0,29.0,29.1,29.0,29.0,28.9,29.1,29.1,29.0,29.1,29.1,29.0,29.0,29.0,29.0,29.0,29.1,29.0,29.0,29.1,29.1,29.1,29.0,29.0,29.0,29.0,29.0,29.0,28.9,29.0,29.0,29.3,28.9,28.9,29.1,28.9,29.1,29.0,29.0,29.0,29.0,28.9,28.9,29.0,28.9,29.1,29.0,28.9,29.0,29.0,28.9,29.0,29.0,28.8,28.9,29.0,28.9,28.9,29.0,28.8,28.8,28.9,28.9,28.9,28.7,28.7,28.8,28.9,28.9,28.8,28.8,28.6,28.8,28.6,28.6,28.8,28.8,28.7,28.5,28.6,28.4,28.6,28.6,28.5,28.6,28.7,28.6,28.5,28.5,28.5,28.5,28.6,28.6,28.6,28.4,28.6,28.5,28.3,28.4,28.5,28.4,28.4,28.4,28.5,28.4,28.4,28.3
30,28.5,28.3,28.4,28.5,28.4,28.4,28.5,28.3,28.3,28.3,28.4,28.4,28.4,28.4,28.4,28.5,28.2,28.4,28.6,28.4,28.5,28.3,28.6,28.4,28.6,28.6,28.5,28.6,28.7,28.6,28.4,28.6,28.6,28.6,28.6,28.6,28.5,28.6,28.6,28.9,28.8,28.8,28.7,28.7,28.9,28.8,28.8,28.6,28.7,28.8,28.9,28.6,28.8,28.6,28.8,28.6,29.0,29.0,28.9,28.8,28.8,28.9,28.8,28.9,28.8,29.0,29.0,29.0,28.9,29.1,29.0,29.0,29.0,29.1,28.8,29.0,28.9,29.0,28.9,29.0,29.0,29.0,29.1,29.0,29.1,29.1,28.8,29.1,28.9,29.1,29.1,29.2,29.1,29.0,29.0,29.0,29.2,29.0,28.9,29.1,29.0,29.2,29.0,29.1,29.2,28.9,29.1,29.1,29.1,29.0,29.1,29.2,29.2,29.0,29.1,29.0,29.0,29.0,29.0,29.0,29.1,29.0,29.0,29.1,28.9,29.0,29.1,29.0,29.2,29.0,28.9,29.2,29.1,28.9,29.0,29.0,28.9,28.9,28.8,28.8,28.9,28.9,28.9,28.9,29.0,28.7,28.9,28.8,28.8,28.9,28.6,28.8,28.9,28.8,29.0,28.6,28.6,28.9,28.6,28.7,28.7,28.6,28.6,28.6,28.5,28.7,28.6,28.6,28.6,28.6,28.6,28.6,28.6,28.6,28.8,28.6,28.6,28.6,28.6,28.4,28.5,28.5,28.5,28.5,28.4,28.2,28.5,28.6,28.4,28.5,28.4,28.5
31,28.5,28.3,28.3,28.4,28.3,28.4,28.5,28.5,28.4,28.4,28.6,28.3,28.6,28.4,28.5,28.6,28.5,28.5,28.6,28.5,28.4,28.5,28.5,28.6,28.5,28.5,28.5,28.6,28.5,28.6,28.9,28.5,28.7,28.6,28.6,28.6,28.5,28.6,28.7,28.6,28.8,28.5,28.6,28.8,28.8,28.8,28.8,28.9,28.8,28.9,28.8,28.8,28.8,28.8,28.7,28.8,28.9,28.8,28.8,28.9,28.8,28.9,28.9,28.8,28.7,28.9,29.0,28.9,29.0,29.0,29.0,29.1,29.1,29.1,29.1,29.0,29.1,29.0,28.9,29.1,29.0,29.2,29.0,29.1,29.1,29.2,29.0,29.1,29.2,29.1,29.2,29.2,29.2,29.0,29.0,29.2,29.0,29.2,29.2,29.1,29.2,29.0,29.2,29.0,29.2,29.1,29.3,29.1,29.0,29.2,29.1,29.2,29.1,29.2,29.2,29.1,29.1,29.2,29.2,29.0,29.2,29.3,29.0,29.1,29.1,29.1,29.2,29.1,29.1,29.0,29.2,28.8,29.0,29.0,29.0,29.0,29.0,29.0,28.8,29.0,29.0,28.7,28.9,28.9,28.9,29.0,28.9,28.9,28.8,28.9,29.0,28.9,28.7,28.9,28.9,28.7,28.7,28.7,28.5,28.8,28.8,28.4,28.6,28.6,28.6,28.8,28.6,28.5,28.6,28.6,28.6,28.4,28.5,28.5,28.5,28.7,28.5,28.8,28.6,28.6,28.4,28.5,28.4,28.6,28.6,28.4,28.5,28.5,28.4,28.4,28.5,28.3
32,28.4,28.4,28.4,28.5,28.5,28.5,28.4,28.4,28.3,28.3,28.3,28.4,28.3,28.6,28.5,28.4,28.3,28.4,28.4,28.5,28.4,28.4,28.5,28.5,28.6,28.5,28.4,28.6,28.6,28.5,28.6,28.6,28.5,28.6,28.5,28.8,28.7,28.6,28.8,28.8,28.9,28.8,28.9,28.7,28.6,28.9,28.6,28.8,28.8,28.8,28.9,28.8,28.8,28.9,28.9,29.0,28.7,28.8,28.9,28.9,28.9,29.0,28.9,28.9,28.9,28.8,28.9,28.9,28.9,29.0,29.0,29.0,29.1,29.1,29.1,29.1,29.0,29.0,28.9,29.0,29.2,29.1,29.1,29.1,29.0,29.0,29.1,29.1,29.1,29.0,29.1,29.1,29.1,29.1,29.2,29.1,29.0,29.2,29.2,29.2,29.2,29.0,29.2,29.2,29.2,29.2,29.1,29.1,29.2,29.0,29.2,29.2,29.1,29.2,29.2,29.2,29.2,29.2,29.1,29.1,29.1,29.1,29.1,29.2,29.1,29.0,29.2,29.2,29.0,29.1,29.0,28.9,28.9,29.2,28.9,28.9,29.1,28.9,29.0,28.9,28.8,28.8,29.2,28.9,28.8,28.8,28.8,28.7,28.8,28.9,28.8,28.8,28.8,28.8,28.6,28.8,28.7,28.6,28.8,28.6,28.7,28.6,28.6,28.6,28.6,28.5,28.5,28.6,28.5,28.4,28.5,28.5,28.5,28.5,28.5,28.6,28.5,28.5,28.5,28.4,28.5,28.4,28.4,28.5,28.6,28.5,28.4,28.5,28.4,28.4,28.3,28.4
33,28.4,28.4,28.4,28.4,28.5,28.4,28.3,28.4,28.4,28.4,28.4,28.5,28.4,28.4,28.4,28.5,28.3,28.4,28.5,28.4,28.5,28.4,28.6,28.6,28.7,28.4,28.6,28.5,28.6,28.7,28.6,28.6,28.7,28.6,28.6,28.6,28.7,28.6,28.6,28.7,28.6,28.7,28.6,28.8,28.6,28.7,28.6,28.9,28.8,29.0,28.9,28.9,28.8,28.8,28.9,28.6,28.8,29.0,28.6,28.9,29.0,29.0,29.1,28.9,28.8,28.9,28.9,28.9,28.9,29.1,29.0,29.0,29.0,29.2,29.1,29.2,29.0,29.2,29.0,29.1,29.2,29.3,29.1,29.1,29.2,29.1,29.2,29.2,29.2,29.2,29.0,29.2,29.2,29.2,29.0,29.2,29.2,29.2,29.2,29.3,29.0,29.1,29.2,29.3,29.2,29.3,29.2,29.2,29.2,29.2,29.5,29.2,29.3,29.3,29.2,29.2,29.4,29.2,29.3,29.4,29.3,29.2,29.2,29.2,29.1,29.2,29.3,29.4,29.1,29.1,29.0,29.2,29.0,29.1,29.0,29.1,29.0,29.0,28.9,29.0,28.8,29.0,28.9,28.9,28.8,28.9,29.0,28.9,28.9,28.8,28.8,28.7,28.8,28.7,28.6,28.6,28.6,28.6,28.8,28.6,28.6,28.6,28.6,28.6,28.8,28.8,28.6,28.5,28.6,28.6,28.6,28.4,28.5,28.6,28.4,28.5,28.6,28.5,28.4,28.5,28.4,28.5,28.5,28.6,28.6,28.5,28.4,28.5,28.4,28.4,28.4,28.4
34,28.3,28.4,28.4,28.5,28.6,28.3,28.3,28.4,28.6,28.3,28.4,28.4,28.4,28.5,28.4,28.5,28.4,28.6,28.4,28.6,28.6,28.2,28.5,28.4,28.6,28.4,28.6,28.5,28.7,28.7,28.6,28.6,28.6,28.7,28.6,28.7,28.4,28.6,28.6,28.6,28.8,28.9,28.7,28.8,28.7,28.6,28.8,28.8,28.9,28.9,28.8,28.9,28.9,28.8,28.9,28.9,28.8,28.9,28.9,29.0,29.0,28.9,28.8,28.9,28.9,29.0,29.0,29.1,29.1,29.1,28.9,29.0,29.0,29.2,29.2,29.0,29.1,29.1,29.1,29.4,29.2,29.2,29.1,29.4,29.2,29.1,29.1,29.4,29.2,29.0,29.3,29.2,29.4,29.2,29.2,29.2,29.1,29.2,29.2,29.3,29.3,29.1,29.2,29.2,29.2,29.3,29.3,29.4,29.1,29.3,29.4,29.3,29.3,29.3,29.4,29.4,29.4,29.6,29.5,29.4,29.3,29.2,29.3,29.3,29.3,29.2,29.3,29.2,29.3,29.2,29.2,29.3,29.2,29.2,29.1,29.1,29.1,28.9,28.9,29.1,28.9,29.0,29.0,28.9,29.0,29.1,28.8,29.0,28.9,29.0,28.8,29.0,29.0,28.8,28.8,28.7,28.8,28.6,28.6,28.7,28.7,28.6,28.5,28.6,28.8,28.6,28.6,28.7,28.6,28.5,28.5,28.6,28.5,28.6,28.8,28.5,28.4,28.5,28.4,28.4,28.4,28.5,28.6,28.5,28.4,28.4,28.3,28.5,28.6,28.4,28.4,28.3
35,28.4,28.5,28.2,28.6,28.6,28.5,28.3,28.4,28.4,28.3,28.3,28.4,28.4,28.4,28.4,28.4,28.4,28.6,28.3,28.4,28.5,28.4,28.4,28.5,28.6,28.5,28.3,28.5,28.5,28.5,28.5,28.6,28.7,28.6,28.5,28.6,28.6,28.7,28.6,28.8,28.6,28.7,28.6,28.8,28.8,28.8,28.9,28.9,29.0,29.2,29.0,29.0,29.0,28.9,29.1,28.9,29.1,29.2,29.2,29.2,29.1,29.1,29.0,28.8,29.0,29.0,29.0,29.2,29.1,29.3,29.1,29.2,29.0,29.0,29.2,29.2,29.0,29.2,29.1,29.3,29.1,29.2,29.4,29.1,29.2,29.2,29.3,29.4,29.3,29.3,29.3,29.2,29.3,29.2,29.4,29.2,29.2,29.2,29.4,29.3,29.3,29.3,29.3,29.3,29.4,29.3,29.2,29.3,29.3,29.3,29.3,29.4,29.5,29.6,29.7,29.7,29.8,29.8,29.7,29.6,29.4,29.7,29.5,29.5,29.5,29.4,29.5,29.5,29.4,29.6,29.5,29.5,29.3,29.3,29.1,29.2,29.1,29.1,29.0,29.0,29.1,29.0,29.0,29.0,28.9,29.0,29.0,29.0,28.9,29.0,28.9,29.0,28.8,28.9,29.0,28.7,28.8,28.6,28.8,28.5,28.8,28.6,28.7,28.6,28.8,28.6,28.6,28.5,28.6,28.6,28.6,28.6,28.5,28.5,28.5,28.6,28.4,28.6,28.5,28.5,28.4,28.6,28.6,28.7,28.5,28.5,28.4,28.3,28.5,28.5,28.5,28.5
36,28.4,28.6,28.5,28.4,28.5,28.5,28.4,28.4,28.5,28.5,28.5,28.5,28.4,28.7,28.5,28.4,28.4,28.5,28.6,28.3,28.6,28.5,28.5,28.4,28.6,28.6,28.6,28.5,28.6,28.6,28.7,28.6,28.8,28.6,28.8,28.6,28.7,28.8,28.8,28.9,28.9,28.9,28.8,28.8,28.9,29.0,29.2,29.3,29.4,29.6,29.5,29.4,29.4,29.3,29.1,29.2,29.2,29.0,29.3,29.4,29.4,29.4,29.3,29.2,29.0,29.1,29.1,29.3,29.2,29.2,29.2,29.2,29.3,29.3,29.4,29.3,29.4,29.2,29.3,29.3,29.2,29.4,29.3,29.4,29.4,29.4,29.3,29.3,29.5,29.4,29.5,29.5,29.4,29.4,29.5,29.5,29.5,29.5,29.3,29.4,29.5,29.4,29.4,29.5,29.5,29.4,29.4,29.5,29.4,29.6,29.6,29.6,29.8,29.9,30.0,30.0,30.0,30.0,30.0,30.1,30.1,30.0,29.8,29.9,29.8,29.9,29.8,30.0,29.7,29.8,29.6,29.4,29.5,29.4,29.3,29.3,29.4,29.1,29.0,29.1,28.9,29.1,29.1,29.0,28.8,29.0,29.0,28.8,29.0,28.9,29.0,29.0,29.0,29.0,28.7,28.9,28.8,28.9,28.9,28.7,28.9,28.7,28.7,28.8,28.8,28.6,28.6,28.6,28.7,28.6,28.8,28.8,28.6,28.6,28.7,28.6,28.5,28.6,28.8,28.6,28.5,28.6,28.6,28.4,28.6,28.6,28.5,28.4,28.6,28.5,28.4,28.5
37,28.5,28.4,28.5,28.6,28.5,28.4,28.4,28.6,28.5,28.4,28.4,28.6,28.3,28.5,28.5,28.4,28.6,28.5,28.3,28.5,28.6,28.5,28.6,28.6,28.5,28.5,28.6,28.6,28.6,28.8,28.6,28.6,28.6,28.6,28.8,28.8,28.7,28.7,28.8,28.8,28.9,28.9,28.7,28.7,28.9,29.2,29.4,29.6,29.7,29.9,30.0,29.9,29.9,29.6,29.3,29.4,29.3,29.4,29.4,29.7,29.6,29.5,29.4,29.1,29.4,29.2,29.1,29.2,29.2,29.2,29.3,29.1,29.5,29.4,29.4,29.4,29.2,29.3,29.2,29.5,29.3,29.5,29.3,29.4,29.4,29.4,29.4,29.4,29.7,29.4,29.5,29.5,29.6,29.4,29.6,29.5,29.4,29.5,29.5,29.5,29.5,29.5,29.4,29.8,29.7,29.4,29.4,29.4,29.5,29.6,29.6,29.7,29.8,30.2,30.4,30.5,30.4,30.3,30.4,30.4,30.3,30.4,30.2,30.2,30.3,30.2,30.1,30.2,30.0,30.2,30.2,30.0,29.5,29.3,29.3,29.3,29.2,29.3,29.3,29.2,29.1,29.1,29.2,29.1,29.0,29.1,29.0,28.9,29.0,29.0,29.0,28.9,28.8,28.9,28.9,28.7,28.9,28.8,28.8,28.8,28.8,28.8,28.6,28.6,28.8,28.7,28.6,28.8,28.5,28.8,28.8,28.5,28.4,28.4,28.7,28.5,28.6,28.4,28.6,28.6,28.6,28.6,28.6,28.6,28.6,28.5,28.5,28.6,28.6,28.5,28.5,28.5
38,28.4,28.4,28.3,28.5,28.4,28.5,28.4,28.2,28.4,28.4,28.4,28.5,28.4,28.4,28.3,28.6,28.4,28.5,28.6,28.5,28.4,28.4,28.6,28.6,28.4,28.6,28.6,28.4,28.8,28.8,28.6,28.6,28.6,28.8,28.5,28.6,28.8,28.7,28.9,28.8,28.8,28.8,28.8,28.9,29.2,29.3,29.6,29.8,30.3,30.4,30.3,30.4,30.4,30.0,29.7,29.5,29.6,29.7,29.9,30.0,30.1,29.9,29.7,29.4,29.4,29.5,29.6,29.5,29.5,29.6,29.7,29.7,29.7,29.8,29.8,29.6,29.7,29.5,29.7,29.8,29.5,29.6,29.6,29.5,29.7,29.6,29.6,29.6,29.7,29.5,29.8,29.6,29.7,29.7,29.6,29.6,29.7,29.6,29.6,29.5,29.6,29.7,29.7,29.6,29.7,29.8,29.7,29.6,29.6,29.8,29.8,30.0,30.1,30.4,30.5,30.4,30.6,30.6,30.6,30.5,30.6,30.6,30.5,30.4,30.4,30.4,30.5,30.4,30.4,30.3,30.3,30.0,29.5,29.4,29.3,29.2,29.2,29.3,29.3,29.2,29.1,29.1,29.3,29.1,29.0,29.0,29.1,28.9,28.9,29.0,29.0,29.0,28.8,28.8,29.0,28.9,28.8,28.8,28.7,28.8,28.7,28.8,28.8,28.6,28.8,28.8,28.7,28.6,28.5,28.5,28.5,28.8,28.6,28.7,28.6,28.5,28.7,28.6,28.5,28.6,28.4,28.4,28.4,28.4,28.6,28.5,28.4,28.6,28.4,28.4,28.5,28.4
39,28.4,28.5,28.4,28.4,28.5,28.5,28.3,28.5,28.6,28.4,28.5,28.5,28.4,28.5,28.5,28.5,28.4,28.6,28.4,28.6,28.5,28.4,28.6,28.5,28.8,28.6,28.5,28.8,28.6,28.6,28.3,28.6,28.6,28.6,28.6,28.8,28.7,28.8,28.8,28.7,28.6,28.9,28.8,28.9,29.2,29.4,29.8,30.3,30.6,30.5,30.6,30.6,30.6,30.5,30.3,29.9,29.9,30.2,30.1,30.2,30.2,30.1,30.1,29.8,29.8,29.7,29.8,30.0,29.8,30.0,30.1,30.0,29.9,30.1,30.0,30.0,29.8,30.0,29.9,29.9,29.9,29.8,30.0,29.9,29.9,30.0,30.1,29.9,29.8,29.9,30.0,29.9,29.8,30.0,30.0,30.0,29.9,29.9,29.8,29.9,29.8,29.9,29.9,29.9,29.9,29.9,29.8,29.9,29.7,29.8,30.0,29.9,30.2,30.5,30.7,30.8,30.7,30.8,30.6,30.7,30.6,30.6,30.6,30.7,30.6,30.7,30.7,30.4,30.6,30.5,30.3,30.2,29.8,29.6,29.5,29.4,29.4,29.4,29.3,29.1,29.3,29.1,29.2,29.2,29.1,29.1,29.0,29.0,29.0,28.9,29.0,28.9,29.0,29.0,29.0,28.8,28.8,28.8,28.8,28.8,28.7,28.8,28.7,28.8,28.8,28.8,28.8,28.7,28.8,28.6,28.8,28.6,28.6,28.6,28.8,28.8,28.6,28.6,28.6,28.6,28.6,28.5,28.6,28.6,28.4,28.6,28.6,28.5,28.4,28.6,28.5,28.4
40,28.4,28.5,28.4,28.4,28.4,28.5,28.4,28.4,28.6,28.6,28.5,28.5,28.7,28.5,28.5,28.4,28.5,28.5,28.5,28.6,28.5,28.4,28.6,28.6,28.7,28.7,28.7,28.8,28.6,28.7,28.6,28.6,28.7,28.8,28.8,28.8,28.6,28.8,28.8,28.9,28.8,28.7,28.8,28.9,29.4,29.7,30.0,30.5,30.6,30.7,30.6,30.7,30.6,30.6,30.4,30.2,30.3,30.4,30.3,30.5,30.5,30.4,30.3,30.2,30.0,30.0,30.2,30.4,30.4,30.3,30.3,30.3,30.3,30.4,30.5,30.4,30.4,30.2,30.3,30.2,30.3,30.2,30.4,30.2,30.2,30.3,30.2,30.2,30.1,30.1,30.2,30.2,30.2,30.1,30.2,30.2,30.2,30.0,30.1,30.2,30.1,30.1,30.1,30.2,30.2,30.1,30.0,30.0,30.0,30.0,30.2,30.0,30.3,30.3,30.5,30.6,30.8,30.8,30.7,30.6,30.9,30.8,30.6,30.8,30.5,30.5,30.6,30.6,30.4,30.5,30.5,30.3,30.1,29.9,29.7,29.7,29.6,29.5,29.5,29.5,29.3,29.4,29.3,29.4,29.2,29.1,29.2,29.0,29.1,29.1,28.8,28.8,28.9,28.9,29.0,28.8,28.8,28.8,28.8,28.9,28.7,28.8,28.7,28.6,28.7,28.8,28.7,28.6,28.6,28.6,28.8,28.6,28.7,28.6,28.4,28.6,28.7,28.5,28.7,28.6,28.6,28.7,28.6,28.3,28.4,28.5,28.6,28.5,28.5,28.3,28.4,28.4
41,28.4,28.5,28.5,28.4,28.4,28.6,28.5,28.5,28.4,28.5,28.5,28.5,28.6,28.6,28.5,28.5,28.4,28.6,28.5,28.5,28.5,28.7,28.6,28.5,28.8,28.7,28.6,28.7,28.9,28.6,28.8,28.7,28.8,28.8,28.9,29.0,28.8,28.8,28.8,29.0,28.9,28.8,28.9,29.0,29.3,29.9,30.3,30.6,30.7,30.7,30.7,30.7,30.7,30.6,30.6,30.4,30.5,30.5,30.5,30.6,30.5,30.6,30.6,30.5,30.3,30.3,30.6,30.8,30.6,30.8,30.7,30.6,30.8,30.8,30.9,30.8,30.7,30.5,30.5,30.6,30.5,30.6,30.5,30.5,30.6,30.5,30.6,30.5,30.6,30.5,30.5,30.5,30.6,30.5,30.5,30.6,30.5,30.5,30.4,30.5,30.4,30.3,30.4,30.4,30.3,30.4,30.4,30.3,30.4,30.4,30.2,30.3,30.3,30.4,30.6,30.8,30.9,30.8,30.9,30.7,30.7,31.0,30.9,30.7,30.8,30.6,30.7,30.6,30.5,30.6,30.6,30.5,30.2,30.1,30.1,30.1,30.0,29.8,29.8,29.8,29.8,29.7,29.7,29.4,29.4,29.3,29.2,29.0,29.1,29.2,29.1,29.0,29.0,29.0,28.9,28.8,28.9,28.8,28.9,28.8,28.8,28.9,28.7,28.5,28.8,28.8,28.6,28.9,28.7,28.7,28.6,28.6,28.6,28.8,28.5,28.5,28.6,28.5,28.7,28.7,28.8,28.4,28.6,28.5,28.6,28.7,28.6,28.4,28.4,28.5,28.6,28.5
42,28.5,28.3,28.3,28.4,28.4,28.6,28.3,28.3,28.4,28.4,28.4,28.5,28.5,28.4,28.5,28.4,28.5,28.5,28.4,28.5,28.6,28.6,28.7,28.6,28.6,28.6,28.6,28.6,28.6,28.6,28.7,28.8,28.6,28.7,28.8,28.7,28.8,28.8,28.9,29.0,28.8,28.9,28.8,29.0,29.3,29.8,30.3,30.5,30.6,30.6,30.6,30.7,30.7,30.6,30.6,30.7,30.8,30.6,30.4,30.6,30.6,30.5,30.5,30.5,30.6,30.6,30.6,30.7,30.8,30.7,30.7,30.9,30.8,30.8,30.8,30.8,30.7,30.6,30.5,30.6,30.6,30.9,30.7,30.9,30.6,30.9,30.7,30.6,30.7,30.7,30.8,30.6,30.6,30.6,30.6,30.6,30.6,30.6,30.7,30.6,30.6,30.5,30.6,30.5,30.6,30.5,30.6,30.5,30.3,30.4,30.4,30.3,30.2,30.3,30.4,30.7,30.7,30.8,31.0,31.0,30.9,30.7,30.9,30.8,30.6,30.7,30.5,30.5,30.6,30.6,30.7,30.8,30.5,30.6,30.6,30.4,30.4,30.3,30.3,30.1,30.2,30.0,30.0,30.0,29.8,29.6,29.4,29.2,29.1,29.0,28.9,29.0,29.0,28.7,28.9,29.0,29.0,28.9,28.9,28.9,28.8,28.7,28.7,28.6,28.7,28.8,28.6,28.8,28.6,28.8,28.8,28.5,28.4,28.6,28.7,28.7,28.6,28.7,28.4,28.5,28.5,28.4,28.6,28.5,28.5,28.6,28.6,28.4,28.5,28.4,28.4,28.5
43,28.4,28.4,28.4,28.4,28.4,28.6,28.6,28.5,28.4,28.4,28.5,28.6,28.5,28.5,28.5,28.5,28.6,28.6,28.6,28.6,28.4,28.6,28.6,28.6,28.6,28.6,28.6,28.6,28.6,28.9,28.7,28.8,28.7,28.8,28.7,28.8,28.9,28.9,28.8,28.8,28.8,28.9,28.8,29.0,29.3,29.8,30.3,30.6,30.7,30.8,30.6,30.8,30.8,30.7,30.8,30.6,30.7,30.7,30.7,30.8,30.7,30.7,30.7,30.7,30.8,31.0,30.8,30.9,30.9,30.8,30.9,30.9,30.9,30.9,31.2,31.0,30.9,30.8,30.8,31.0,30.7,30.8,30.8,31.0,30.9,30.8,30.8,30.9,30.8,30.9,30.8,30.7,30.7,30.8,30.8,30.9,30.8,30.9,30.9,30.7,30.7,30.7,30.7,30.6,30.8,30.6,30.6,30.6,30.5,30.5,30.7,30.5,30.4,30.4,30.4,30.6,30.7,30.9,30.8,31.0,30.9,31.0,30.9,31.0,30.8,30.7,30.8,30.6,30.4,30.7,30.7,30.8,30.8,30.8,30.8,30.9,30.7,30.4,30.6,30.6,30.3,30.3,30.3,30.3,30.0,29.9,29.5,29.2,29.0,29.0,29.0,29.1,28.9,29.0,29.0,28.8,28.8,28.6,28.6,28.7,28.7,28.8,28.8,28.6,28.9,28.7,28.8,28.8,28.8,28.7,28.6,28.6,28.6,28.7,28.6,28.6,28.6,28.6,28.6,28.4,28.6,28.6,28.6,28.5,28.6,28.6,28.5,28.5,28.5,28.5,28.4,28.4
44,28.4,28.5,28.4,28.4,28.5,28.3,28.3,28.5,28.7,28.4,28.2,28.6,28.4,28.8,28.4,28.4,28.5,28.5,28.5,28.5,28.6,28.6,28.5,28.6,28.6,28.4,28.5,28.5,28.6,28.6,28.8,28.7,28.8,28.7,28.7,28.8,28.6,28.8,29.0,28.8,28.9,29.0,28.8,29.1,29.1,29.5,30.2,30.6,30.6,30.6,30.8,30.8,30.8,30.8,30.7,30.7,30.6,30.7,30.8,30.8,30.8,30.8,30.8,30.7,30.9,30.9,30.8,31.0,30.9,30.9,30.9,31.0,30.9,31.0,31.0,30.9,30.8,30.7,30.8,30.8,30.8,30.8,30.9,30.7,31.0,30.9,30.7,30.9,31.0,31.0,30.9,30.9,30.9,30.8,30.7,30.9,30.8,30.8,30.7,30.9,31.0,30.9,30.8,30.9,30.7,30.7,30.6,30.6,30.6,30.6,30.7,30.6,30.5,30.4,30.6,30.9,30.8,31.0,30.8,30.9,30.9,30.9,30.9,30.9,30.7,30.7,30.7,30.8,30.8,30.7,30.9,30.9,30.8,30.8,30.9,30.6,30.8,30.6,30.6,30.5,30.4,30.2,30.4,30.5,30.3,30.1,29.7,29.4,29.2,29.2,29.1,29.1,29.0,29.1,28.9,29.1,28.9,28.9,28.9,28.9,28.8,28.8,28.7,28.8,28.8,28.8,28.7,28.7,28.7,28.5,28.8,28.6,28.7,28.6,28.6,28.6,28.6,28.6,28.7,28.5,28.5,28.6,28.5,28.7,28.5,28.4,28.4,28.4,28.5,28.6,28.4,28.4
45,28.4,28.4,28.2,28.4,28.5,28.3,28.4,28.4,28.5,28.4,28.6,28.5,28.5,28.5,28.6,28.5,28.6,28.5,28.4,28.6,28.6,28.4,28.6,28.6,28.6,28.6,28.9,28.5,28.6,28.9,28.8,28.6,29.0,28.7,28.6,28.8,28.9,28.8,29.0,28.9,29.1,29.0,29.1,29.0,29.3,29.7,30.4,30.7,30.5,30.7,30.6,30.6,30.8,30.8,30.8,30.9,30.8,30.9,30.8,30.9,30.9,31.0,30.7,30.9,30.9,30.9,31.0,31.0,31.0,30.9,31.0,31.0,31.0,30.8,31.0,31.0,30.8,30.9,31.1,31.1,30.9,31.0,31.0,30.8,30.9,30.9,30.9,30.9,31.0,30.9,30.9,30.9,31.0,30.9,30.8,30.9,30.7,30.9,30.8,31.0,30.8,30.9,30.8,30.8,30.9,30.8,30.9,30.8,30.8,30.7,30.7,30.9,30.5,30.6,30.8,30.8,30.8,30.9,30.9,30.9,30.9,30.8,30.6,30.9,30.5,30.6,30.8,30.6,30.6,30.8,30.8,31.1,30.8,31.0,30.8,30.8,30.6,30.7,30.7,30.6,30.4,30.3,30.4,30.6,30.3,30.2,29.8,29.4,29.2,29.0,29.1,29.1,29.0,29.1,29.0,29.0,28.9,28.8,28.8,28.8,28.8,28.7,28.8,28.6,28.7,28.6,28.7,28.6,28.6,28.7,28.8,28.8,28.6,28.6,28.5,28.6,28.5,28.6,28.7,28.4,28.5,28.6,28.5,28.3,28.6,28.5,28.4,28.5,28.6,28.6,28.6,28.5
46,28.4,28.6,28.4,28.6,28.5,28.5,28.5,28.5,28.5,28.6,28.5,28.3,28.5,28.4,28.6,28.3,28.7,28.6,28.4,28.4,28.5,28.4,28.6,28.6,28.5,28.8,28.6,28.8,28.7,28.6,28.7,28.8,28.8,28.9,28.9,29.0,28.9,28.8,28.9,28.8,29.1,29.0,28.9,29.1,29.2,29.8,30.3,30.7,30.7,30.6,30.8,30.8,30.7,30.6,30.8,30.9,30.8,31.0,30.8,30.9,30.8,31.0,30.9,30.9,31.0,30.8,30.7,30.9,30.9,30.9,31.1,31.0,31.0,30.8,31.0,30.9,31.0,31.0,31.1,31.0,31.1,31.0,31.0,31.0,30.9,31.0,30.9,31.1,30.9,30.9,31.0,31.0,31.0,30.9,30.8,31.0,31.0,31.0,30.8,30.9,30.9,30.8,30.9,30.9,30.7,30.8,30.9,30.9,31.0,30.8,30.9,30.6,30.6,30.6,30.6,30.8,30.9,30.7,30.8,30.6,30.7,30.8,30.7,30.8,30.6,30.7,30.8,30.9,30.9,30.7,31.0,30.9,30.9,30.8,30.8,30.7,30.7,30.4,30.8,30.5,30.2,30.3,30.4,30.6,30.2,30.1,29.9,29.5,29.3,29.1,29.2,29.1,29.0,28.9,29.0,28.9,28.8,29.0,28.8,28.9,28.9,28.8,28.7,28.8,28.8,28.8,28.6,28.6,28.7,28.6,28.6,28.7,28.5,28.6,28.6,28.8,28.5,28.6,28.6,28.5,28.7,28.6,28.5,28.6,28.6,28.6,28.5,28.4,28.5,28.5,28.5,28.5
47,28.3,28.4,28.4,28.5,28.4,28.5,28.6,28.6,28.6,28.5,28.5,28.4,28.5,28.6,28.6,28.6,28.7,28.6,28.6,28.8,28.6,28.6,28.9,28.8,28.8,28.7,28.6,28.8,28.8,28.8,28.8,28.8,28.9,28.9,28.8,28.9,29.0,28.8,28.8,28.9,29.0,29.0,29.1,29.2,29.4,29.8,30.3,30.8,30.8,30.7,30.6,30.7,30.6,30.8,30.7,30.9,30.9,30.9,30.7,30.9,30.9,30.8,30.8,30.9,30.8,31.0,30.6,31.0,30.9,30.9,31.0,31.0,31.0,31.1,31.1,31.1,30.8,31.1,31.0,31.2,30.9,31.1,31.0,31.1,31.0,31.0,30.9,31.1,31.0,31.1,31.0,30.9,31.0,31.0,31.1,30.9,30.8,31.0,30.9,30.9,30.9,30.9,31.0,30.9,30.9,30.9,30.9,30.9,30.9,30.8,30.8,30.8,30.6,30.8,30.8,30.8,31.0,30.8,30.8,30.6,30.8,30.7,30.7,30.9,30.9,30.7,31.0,30.8,30.9,30.8,30.8,30.9,31.0,31.0,30.8,30.8,30.8,30.6,30.6,30.6,30.4,30.4,30.4,30.6,30.3,30.3,30.0,29.6,29.3,29.4,29.1,28.9,28.9,29.1,29.1,29.0,28.8,29.0,28.9,29.0,29.0,28.9,28.8,28.7,28.7,28.8,28.8,28.8,28.9,28.8,28.8,28.7,28.8,28.7,28.6,28.7,28.8,28.8,28.6,28.5,28.6,28.6,28.5,28.6,28.5,28.6,28.5,28.4,28.6,28.5,28.5,28.5
48,28.4,28.4,28.4,28.4,28.5,28.4,28.5,28.5,28.6,28.5,28.5,28.6,28.6,28.4,28.6,28.4,28.6,28.6,28.6,28.6,28.6,28.6,28.7,28.6,28.6,28.7,28.6,28.7,28.8,28.7,28.7,28.8,28.7,28.8,28.9,28.9,29.0,29.0,28.9,28.9,29.0,29.1,29.0,29.2,29.4,29.7,30.4,30.8,30.5,30.5,30.4,30.3,30.5,30.3,30.4,30.6,30.8,30.8,30.9,30.9,30.7,30.8,30.7,30.7,30.6,30.6,30.6,30.7,30.8,31.0,31.1,31.0,31.1,30.9,30.9,31.0,31.1,30.8,31.1,31.1,31.0,31.0,31.1,31.0,31.0,31.1,31.0,31.0,31.0,30.9,31.1,31.0,31.0,31.0,30.9,31.1,30.8,30.9,30.9,31.0,31.0,31.0,30.9,31.1,30.9,30.9,30.8,30.7,31.0,30.8,30.8,30.8,30.7,30.8,30.8,30.7,30.6,30.7,30.6,30.5,30.6,30.7,30.9,30.8,30.8,30.7,30.7,30.8,30.7,30.9,30.9,30.9,30.9,30.8,30.9,30.8,30.8,30.7,30.7,30.6,30.7,30.6,30.6,30.5,30.4,30.5,30.1,29.6,29.4,29.3,29.2,29.2,29.0,29.0,28.9,28.9,28.9,29.0,28.9,29.0,28.9,28.9,28.8,28.9,28.7,28.9,28.8,28.8,28.8,28.6,28.8,28.7,28.7,28.6,28.8,28.8,28.6,28.8,28.6,28.6,28.6,28.6,28.7,28.5,28.6,28.4,28.4,28.6,28.6,28.5,28.8,28.4
49,28.4,28.5,28.5,28.5,28.6,28.6,28.4,28.4,28.5,28.5,28.5,28.4,28.4,28.5,28.4,28.6,28.5,28.6,28.7,28.8,28.6,28.5,28.7,28.8,28.8,28.7,28.7,28.8,28.6,28.9,28.8,28.8,28.8,28.8,28.9,29.0,28.9,29.1,29.0,29.0,29.1,29.1,29.1,29.2,29.4,29.8,30.6,30.4,30.4,30.0,30.1,30.1,30.2,30.1,30.2,30.4,30.6,30.9,30.8,30.9,30.9,30.8,30.5,30.5,30.7,30.5,30.4,30.6,30.7,30.9,30.9,30.9,31.1,31.0,30.9,31.0,31.0,30.9,31.1,30.9,31.0,31.0,31.0,31.0,31.2,31.0,31.0,31.1,31.0,31.1,31.1,31.2,31.3,31.1,31.0,30.9,31.0,30.9,31.0,30.9,31.0,30.9,31.0,31.1,31.0,31.0,30.9,30.9,30.7,30.9,30.6,30.7,30.7,30.7,30.7,30.9,30.8,30.6,30.7,30.8,30.7,30.6,30.8,30.8,30.7,30.7,30.8,30.9,30.8,30.7,30.8,30.8,30.7,30.8,30.7,30.8,30.7,30.6,30.9,30.6,30.8,30.7,30.6,30.6,30.6,30.5,30.1,29.6,29.3,29.3,29.2,29.2,29.1,29.1,29.0,29.0,28.9,28.9,29.0,29.0,28.9,29.1,28.8,28.8,29.0,28.9,28.6,28.8,28.8,28.8,28.8,28.7,28.9,28.8,28.8,28.6,28.4,28.6,28.5,28.7,28.7,28.6,28.5,28.8,28.6,28.5,28.6,28.5,28.4,28.4,28.5,28.5
50,28.3,28.5,28.5,28.5,28.5,28.5,28.5,28.6,28.3,28.5,28.5,28.6,28.6,28.6,28.6,28.6,28.6,28.7,28.5,28.7,28.6,28.8,28.7,28.8,28.8,28.7,28.9,28.9,28.6,28.8,28.8,28.8,29.0,28.9,28.9,28.9,29.0,29.2,29.0,29.1,29.2,29.2,29.2,29.4,29.5,30.0,30.4,30.3,30.2,30.0,29.8,29.7,29.8,29.7,30.0,30.2,30.6,30.8,30.8,30.7,30.7,30.6,30.3,30.4,30.6,30.6,30.4,30.4,30.5,30.7,30.8,31.1,31.1,31.1,31.0,31.1,30.8,31.1,31.0,31.1,30.9,31.0,31.0,31.1,31.2,31.0,31.1,31.1,31.0,31.2,31.0,31.1,31.0,31.1,30.9,31.0,30.8,30.7,30.9,30.9,30.9,30.9,31.0,31.0,30.8,30.9,30.8,30.9,30.9,30.9,30.7,30.7,30.8,30.6,30.9,30.9,31.0,30.9,30.7,30.9,30.9,30.9,30.9,30.9,30.7,30.6,30.8,30.7,30.6,30.7,30.7,30.9,30.7,30.7,30.5,30.6,30.9,30.7,30.8,30.8,30.6,30.7,30.8,30.7,30.8,30.8,30.0,29.8,29.5,29.4,29.2,29.2,29.2,29.2,29.2,28.8,29.0,29.1,28.9,28.9,28.9,29.0,29.0,28.8,28.8,28.9,28.8,28.8,28.8,28.7,28.8,28.8,28.8,28.6,28.8,28.8,28.8,28.8,28.7,28.7,28.7,28.7,28.8,28.7,28.4,28.6,28.7,28.7,28.5,28.7,28.6,28.4
51,28.4,28.4,28.5,28.6,28.5,28.6,28.6,28.6,28.6,28.7,28.6,28.6,28.6,28.6,28.6,28.6,28.6,28.5,28.5,28.8,28.6,28.6,28.8,28.7,28.8,28.7,28.6,28.8,28.9,28.8,28.9,28.9,29.0,29.0,28.9,28.9,29.0,29.0,29.0,29.0,29.0,29.2,29.2,29.3,29.7,30.1,30.3,30.5,30.1,29.9,29.7,29.6,29.6,29.6,30.0,30.3,30.6,30.9,30.7,30.9,30.6,30.6,30.5,30.6,30.6,30.6,30.5,30.5,30.6,30.8,30.9,31.0,31.1,31.1,31.1,31.1,30.9,31.0,31.0,31.1,30.9,31.2,31.1,31.1,31.2,31.1,31.1,31.2,31.1,31.1,31.0,31.1,31.0,31.0,31.0,31.1,31.0,30.9,31.0,30.9,31.1,30.9,31.1,31.2,30.9,30.9,30.8,30.9,30.9,30.7,30.8,30.8,30.8,30.7,30.9,30.9,30.9,30.9,30.9,31.0,30.9,30.9,30.9,30.9,30.9,30.9,31.0,30.9,30.8,30.9,31.0,30.8,30.6,30.7,30.4,30.6,30.9,30.7,30.7,30.5,30.5,30.6,30.7,30.8,30.8,30.7,30.2,29.7,29.4,29.3,29.2,29.2,29.3,29.3,29.0,29.1,28.9,29.1,29.0,28.9,28.9,28.9,28.9,28.7,29.0,29.0,28.9,28.8,28.6,28.8,28.7,28.8,28.8,28.9,28.9,28.6,28.7,28.6,28.6,28.7,28.6,28.8,28.6,28.8,28.6,28.7,28.7,28.6,28.6,28.6,28.6,28.6
52,28.5,28.6,28.4,28.5,28.4,28.5,28.6,28.5,28.4,28.5,28.6,28.6,28.6,28.5,28.6,28.5,28.6,28.8,28.6,28.5,28.4,28.8,28.8,28.8,28.8,28.8,28.9,28.7,28.8,28.8,28.8,28.9,29.0,29.0,28.9,29.0,29.1,29.0,29.0,29.3,29.5,29.5,29.2,29.4,29.8,30.1,30.6,30.4,30.2,29.8,29.7,29.6,29.8,29.8,30.0,30.2,30.5,30.9,30.8,30.8,30.7,30.4,30.4,30.4,30.6,30.7,30.6,30.6,30.5,30.7,31.0,31.1,31.1,31.0,31.0,31.0,30.9,31.0,30.8,31.2,31.0,31.0,31.2,31.0,31.2,31.2,31.2,31.1,31.1,31.0,31.2,31.0,31.3,31.1,31.1,31.2,30.9,31.0,30.9,30.9,31.0,30.9,31.1,31.0,30.9,30.9,31.0,30.9,30.8,30.7,30.6,30.8,30.8,30.8,30.9,30.9,30.9,30.9,30.9,30.9,30.9,30.9,31.0,30.9,30.8,30.6,30.8,31.0,30.9,30.9,30.9,30.9,30.9,30.4,30.3,30.5,30.8,30.8,30.6,30.4,30.3,30.4,30.5,30.6,30.7,30.5,30.2,29.8,29.5,29.3,29.3,29.3,29.2,29.3,29.3,29.0,29.0,28.9,29.0,28.9,29.0,28.8,28.9,28.8,28.8,29.0,28.8,28.8,28.9,28.7,28.6,28.7,28.8,28.8,28.8,28.8,28.6,28.7,28.8,28.5,28.6,28.9,28.7,28.6,28.7,28.6,28.7,28.5,28.6,28.6,28.6,28.5
53,28.4,28.5,28.5,28.5,28.5,28.6,28.4,28.4,28.5,28.6,28.6,28.6,28.6,28.6,28.6,28.6,28.7,28.8,28.7,28.6,28.7,28.6,28.6,28.8,28.8,28.9,28.8,28.8,28.9,29.0,28.9,28.9,28.9,29.2,29.0,29.1,29.2,29.4,29.3,29.7,29.6,29.7,29.8,29.9,30.0,30.2,30.7,30.6,30.3,30.2,29.9,29.9,29.9,30.1,30.1,30.3,30.5,30.8,30.8,30.8,30.8,30.8,30.7,30.7,30.7,30.8,30.7,30.6,30.8,30.7,30.8,31.0,30.9,31.1,31.2,30.9,31.0,30.9,31.1,31.0,31.1,31.1,31.2,31.1,31.1,31.1,31.2,31.1,31.0,31.1,31.1,31.1,31.2,31.2,31.1,31.1,30.9,30.8,31.0,31.0,30.9,30.9,30.9,30.9,30.8,30.9,30.9,31.0,30.8,30.8,30.6,30.8,30.7,30.8,31.0,30.9,30.8,30.9,30.9,30.9,31.0,30.9,30.9,31.0,30.8,31.0,30.7,31.0,30.8,30.9,30.9,30.9,30.6,30.5,30.4,30.6,30.6,30.5,30.5,30.2,30.2,30.1,30.3,30.4,30.7,30.5,30.3,29.7,29.5,29.3,29.4,29.4,29.3,29.1,29.3,29.1,29.1,29.0,28.9,29.0,29.0,29.1,29.0,29.0,29.1,29.0,28.9,29.0,28.7,28.6,28.8,28.8,28.7,28.8,28.8,28.7,28.8,28.7,28.8,28.6,28.7,28.7,28.7,28.6,28.8,28.5,28.7,28.6,28.5,28.6,28.8,28.7
54,28.5,28.4,28.4,28.5,28.4,28.5,28.4,28.5,28.7,28.8,28.4,28.5,28.6,28.7,28.6,28.5,28.7,28.8,28.8,28.7,28.7,28.8,28.6,28.8,28.9,28.8,28.8,28.9,28.8,28.9,29.1,29.0,29.1,28.9,29.0,29.1,29.2,29.5,29.7,29.9,30.0,30.1,30.1,30.1,30.3,30.4,30.8,30.8,30.6,30.3,30.3,30.4,30.3,30.2,30.4,30.6,30.8,30.9,30.7,30.9,30.8,30.9,30.8,30.7,30.9,31.0,30.9,30.8,31.0,31.0,31.0,31.1,31.0,31.1,31.1,31.2,31.1,30.9,31.1,31.0,31.1,31.1,31.0,31.1,31.1,31.3,31.2,31.1,31.3,31.2,31.0,31.2,31.2,31.1,31.1,31.1,30.9,31.0,31.0,31.1,31.0,31.1,31.2,30.9,31.0,31.0,31.0,30.9,30.7,30.7,30.7,30.6,30.6,30.9,31.0,30.9,30.9,30.8,31.0,30.8,30.9,31.0,31.0,30.7,30.9,30.9,31.0,30.9,30.9,31.0,30.9,31.0,30.7,30.7,30.4,30.6,30.6,30.5,30.4,30.2,30.2,30.0,30.4,30.4,30.8,30.6,30.4,29.8,29.6,29.6,29.4,29.2,29.2,29.2,29.1,29.2,29.2,29.0,29.1,29.0,28.9,29.0,28.9,28.8,29.0,28.9,28.8,28.9,28.8,28.8,28.9,28.8,28.7,28.8,28.8,28.7,28.6,28.8,28.8,28.7,28.7,28.7,28.7,28.6,28.5,28.6,28.6,28.6,28.6,28.6,28.6,28.6
55,28.6,28.6,28.4,28.4,28.4,28.4,28.6,28.5,28.6,28.8,28.5,28.5,28.6,28.6,28.8,28.6,28.6,28.7,28.8,28.7,28.8,28.8,28.8,28.6,28.9,28.8,29.0,28.8,28.8,29.1,28.9,28.9,29.0,28.9,29.0,29.0,29.1,29.3,29.8,30.2,30.5,30.6,30.4,30.5,30.7,30.6,30.7,30.9,30.8,30.6,30.8,30.7,30.7,30.6,30.6,30.7,30.6,30.8,30.8,30.8,30.8,30.6,30.9,31.1,30.9,30.9,31.0,31.1,31.0,31.0,30.9,31.0,31.2,31.2,31.0,31.0,31.0,30.9,30.8,31.0,31.0,31.1,31.0,31.1,31.0,31.0,31.0,31.2,31.1,31.1,31.1,31.1,31.1,31.0,31.0,31.1,31.0,30.9,31.1,31.1,31.0,31.1,30.9,31.1,31.0,30.9,30.8,30.7,30.7,30.7,30.7,30.6,30.8,30.8,30.9,30.8,30.9,30.9,30.9,30.9,30.9,30.8,30.9,30.9,30.9,30.8,31.0,30.8,30.9,30.9,30.8,30.8,30.7,30.5,30.4,30.4,30.6,30.6,30.4,30.2,30.2,30.2,30.2,30.5,30.5,30.6,30.1,29.7,29.5,29.4,29.5,29.5,29.3,29.3,29.2,29.0,29.0,29.0,29.0,29.0,28.9,28.9,29.0,29.1,29.1,28.9,28.8,28.9,28.8,29.0,28.8,28.8,28.8,28.6,28.8,28.8,28.7,28.7,28.7,28.8,28.7,28.8,28.7,28.6,28.5,28.7,28.6,28.8,28.6,28.6,28.6,28.5
56,28.4,28.6,28.5,28.6,28.5,28.5,28.6,28.6,28.7,28.6,28.7,28.6,28.7,28.6,28.6,28.6,28.7,28.9,28.8,28.7,28.7,28.9,28.8,28.9,28.8,28.8,28.9,28.7,28.8,29.0,29.1,29.0,29.0,29.0,29.0,29.2,29.3,29.5,29.8,30.5,30.8,31.0,30.9,30.8,30.9,31.0,31.0,30.9,31.0,30.9,31.0,30.9,30.9,30.9,31.0,30.8,30.7,30.8,30.8,30.8,30.8,31.1,31.2,30.9,31.0,30.8,30.9,31.1,30.9,31.1,31.0,31.0,31.2,31.1,31.1,31.1,31.1,31.1,31.0,31.1,30.9,31.1,31.0,31.1,31.1,31.1,31.1,31.2,31.2,31.1,31.1,31.1,31.1,30.9,31.1,31.1,31.0,31.0,30.9,31.2,31.2,31.1,31.0,30.9,31.1,30.9,30.8,30.7,30.7,30.6,30.6,30.6,30.6,30.8,30.9,31.0,30.9,30.9,30.9,30.8,31.0,31.1,30.8,30.8,30.8,30.8,30.9,30.7,30.9,30.9,30.9,30.8,30.9,30.7,30.5,30.5,30.8,30.7,30.6,30.5,30.2,30.4,30.4,30.6,30.6,30.5,30.2,29.8,29.6,29.5,29.4,29.4,29.3,29.3,29.2,29.0,29.0,29.2,29.1,29.1,29.0,29.0,29.1,28.9,28.9,29.0,29.0,28.9,29.0,28.9,28.8,28.7,28.8,28.8,28.6,28.7,28.6,28.6,28.7,28.7,28.6,28.6,28.8,28.7,28.7,28.6,28.5,28.6,28.6,28.7,28.4,28.5
57,28.3,28.5,28.4,28.3,28.7,28.5,28.5,28.6,28.4,28.6,28.6,28.6,28.6,28.8,28.6,28.6,28.7,28.6,28.6,28.7,28.7,28.8,28.8,28.8,28.8,29.0,28.8,28.8,28.9,29.0,28.8,29.1,29.2,29.2,29.1,29.1,29.3,29.6,29.9,30.5,30.7,30.7,30.9,30.9,30.9,30.9,30.9,30.9,30.8,31.0,30.8,30.9,30.9,30.9,30.9,30.7,30.7,30.8,30.7,31.0,30.7,31.0,30.9,30.9,30.9,30.9,30.9,31.0,30.9,30.9,31.0,30.9,31.1,31.0,31.1,31.1,31.0,31.0,31.1,31.0,31.0,31.1,30.9,31.1,31.1,31.2,31.1,31.1,31.1,31.1,31.1,31.2,31.0,31.2,31.0,31.2,31.0,31.0,31.0,31.0,31.1,30.9,31.0,30.9,31.0,30.8,30.7,30.5,30.4,30.4,30.8,30.6,30.6,30.7,30.9,30.9,30.9,30.8,30.8,31.0,30.9,30.9,30.9,30.8,30.8,30.7,31.0,30.8,30.9,30.9,30.9,30.9,30.8,30.6,30.5,30.6,30.7,30.8,30.7,30.6,30.4,30.4,30.5,30.6,30.7,30.3,30.1,29.8,29.5,29.5,29.4,29.4,29.2,29.3,29.0,29.2,29.0,29.2,29.1,29.1,29.0,29.0,29.0,28.9,28.9,28.9,28.8,29.0,28.8,28.8,28.9,28.8,28.8,28.8,28.7,28.5,28.7,28.6,28.8,28.6,28.7,28.6,28.6,28.6,28.6,28.6,28.5,28.6,28.6,28.5,28.6,28.6
58,28.5,28.4,28.6,28.6,28.6,28.5,28.5,28.5,28.8,28.7,28.5,28.7,28.7,28.7,28.6,28.7,28.7,28.7,28.7,28.9,28.7,28.7,28.8,28.7,28.9,28.7,28.8,28.9,28.9,29.1,29.0,29.0,29.0,29.2,29.1,29.2,29.4,29.6,29.9,30.6,30.9,30.7,30.9,30.8,31.0,31.0,30.8,31.0,30.9,31.0,31.0,31.0,31.0,31.1,30.9,30.7,30.9,30.8,30.9,30.9,30.9,31.0,30.9,30.8,31.1,31.0,31.0,31.0,31.0,31.0,31.1,30.9,31.1,31.1,31.0,31.1,31.0,31.0,30.9,31.1,30.9,31.1,31.1,31.1,31.2,31.1,31.1,31.1,31.1,31.1,31.0,30.9,31.1,30.9,31.1,31.1,31.1,31.2,31.2,31.2,31.0,31.1,31.0,30.9,30.9,30.9,30.7,30.6,30.6,30.6,30.8,30.7,30.8,30.7,30.9,31.0,31.0,30.9,31.0,30.9,30.9,31.0,30.8,30.9,30.7,30.8,30.9,31.0,30.9,30.9,30.8,30.8,30.9,30.7,30.5,30.6,30.7,30.9,30.8,30.6,30.6,30.5,30.6,30.6,30.5,30.6,30.2,29.8,29.7,29.5,29.5,29.5,29.3,29.2,29.2,29.1,29.0,29.1,29.0,29.1,29.0,29.0,29.0,29.1,29.1,29.0,29.0,28.9,28.9,28.8,28.8,28.9,28.8,28.8,28.8,28.8,28.6,28.6,28.8,28.6,28.6,28.6,28.6,28.6,28.6,28.6,28.7,28.6,28.6,28.6,28.6,28.6
59,28.4,28.3,28.5,28.5,28.4,28.6,28.6,28.6,28.6,28.6,28.7,28.7,28.6,28.6,28.5,28.6,28.5,28.8,28.6,28.8,28.8,28.7,28.9,28.8,28.9,28.9,29.0,28.8,29.0,28.9,28.9,29.2,29.2,29.3,29.0,29.2,29.3,29.7,30.1,30.6,31.0,31.0,30.9,30.8,30.9,31.0,31.1,31.0,30.9,30.9,30.9,30.7,31.1,30.8,31.1,30.9,31.0,30.9,31.0,30.8,30.8,31.1,31.0,30.9,30.9,30.8,30.9,30.9,31.0,31.0,31.1,31.0,31.1,31.1,31.1,31.2,31.1,31.1,31.0,31.1,30.9,31.1,31.1,31.1,31.1,31.0,30.9,31.1,31.1,31.1,31.2,31.0,31.1,31.1,31.0,31.0,31.2,31.0,31.0,31.2,30.9,31.0,31.0,31.0,30.9,30.8,30.6,30.6,30.4,30.6,30.6,30.6,30.8,30.8,30.9,30.9,31.0,30.8,31.0,30.9,30.9,30.9,30.9,30.8,30.8,30.9,30.9,30.8,30.9,30.9,31.0,30.8,30.9,30.7,30.5,30.6,30.7,30.8,30.8,30.7,30.6,30.6,30.6,30.5,30.4,30.3,30.2,30.0,29.5,29.4,29.4,29.4,29.2,29.2,29.2,29.1,29.2,29.0,29.0,29.0,29.0,29.0,28.9,28.8,29.0,28.9,28.8,29.0,28.8,28.9,28.9,28.8,28.8,28.8,28.8,29.0,28.7,28.6,28.7,28.7,28.9,28.7,28.6,28.6,28.7,28.6,28.6,28.6,28.5,28.5,28.5,28.5
60,28.5,28.6,28.5,28.8,28.6,28.6,28.6,28.4,28.5,28.6,28.6,28.6,28.8,28.7,28.7,28.7,28.6,28.8,28.8,28.8,28.9,28.8,28.9,28.9,28.9,28.9,28.9,28.8,28.8,29.0,29.1,29.0,29.2,29.0,29.1,29.3,29.4,29.7,30.1,30.7,30.9,30.9,30.9,31.0,30.9,31.1,31.0,31.0,30.9,30.9,30.9,30.9,31.1,31.0,30.9,31.1,30.8,30.8,30.7,30.7,30.7,30.9,31.0,30.9,31.1,30.9,30.9,30.9,31.1,31.0,31.1,31.1,31.2,31.2,31.0,31.1,30.9,31.1,31.0,31.1,31.1,31.0,31.1,31.1,31.1,31.0,31.2,31.1,31.0,31.1,31.2,31.1,31.1,31.1,31.2,31.1,31.0,31.2,31.1,31.0,31.2,31.1,30.9,31.1,30.9,30.9,30.8,30.6,30.7,30.5,30.7,30.7,30.6,30.8,31.1,31.0,30.8,31.0,30.8,30.9,30.8,30.9,30.9,30.8,30.8,30.8,30.9,30.9,30.8,30.9,30.8,30.8,30.7,30.7,30.6,30.6,30.9,30.7,30.7,30.5,30.6,30.6,30.6,30.6,30.5,30.5,30.2,30.0,29.6,29.7,29.3,29.4,29.2,29.3,29.3,29.2,29.2,29.2,29.0,29.0,29.1,29.1,28.9,29.0,29.0,28.8,28.9,28.9,28.9,28.8,29.0,28.8,28.7,28.8,28.8,28.7,28.8,28.6,28.7,28.5,28.6,28.6,28.7,28.5,28.6,28.7,28.6,28.7,28.6,28.5,28.6,28.6
61,28.5,28.3,28.6,28.6,28.6,28.5,28.8,28.5,28.6,28.6,28.6,28.4,28.9,28.8,28.9,28.8,28.6,28.6,28.5,28.7,28.8,28.8,28.7,28.8,28.8,28.9,29.0,28.9,28.9,28.9,29.0,29.3,29.1,29.1,29.2,29.2,29.4,29.8,30.1,30.7,30.8,31.0,31.1,30.9,31.0,31.0,31.0,31.0,31.0,30.9,30.9,30.9,31.0,31.1,31.0,31.0,31.0,30.7,30.9,30.8,30.9,31.1,30.9,30.9,31.0,31.1,31.0,31.1,31.0,31.0,31.1,31.0,31.1,31.3,31.1,31.1,31.1,31.2,31.1,31.0,31.1,31.1,31.0,31.1,31.2,31.3,31.1,31.3,31.1,31.2,31.3,31.1,31.2,31.0,31.2,31.1,31.1,31.2,30.9,31.0,31.0,31.0,31.1,31.1,30.8,30.8,30.8,30.6,30.6,30.7,30.6,30.6,30.9,30.7,30.9,31.0,31.0,30.9,30.8,30.8,30.9,30.9,30.9,30.9,30.8,30.8,30.9,30.9,30.8,30.9,30.9,30.9,30.9,30.8,30.7,30.8,30.5,30.6,30.7,30.6,30.7,30.7,30.6,30.6,30.5,30.4,30.2,30.0,29.7,29.6,29.4,29.4,29.3,29.4,29.1,29.2,29.2,29.1,29.1,29.2,29.2,29.0,28.8,29.0,29.0,29.0,28.8,28.9,28.9,28.9,28.9,28.8,28.6,28.9,28.7,28.8,28.8,28.8,28.6,28.7,28.6,28.7,28.8,28.8,28.6,28.7,28.7,28.8,28.8,28.6,28.6,28.5
62,28.6,28.6,28.6,28.8,28.7,28.5,28.6,28.6,28.6,28.7,28.7,28.6,28.8,28.9,29.0,28.8,28.8,28.8,28.7,28.9,28.8,28.8,29.0,28.9,29.0,28.8,29.0,29.0,29.1,29.0,29.1,29.2,29.2,29.2,29.1,29.3,29.6,29.8,30.2,30.7,30.8,31.0,30.7,30.9,31.0,30.9,30.9,31.0,31.0,30.9,31.0,31.0,31.0,30.9,31.0,31.0,30.9,30.9,30.8,30.7,30.7,30.9,31.0,30.9,30.8,30.9,31.0,31.0,31.1,31.2,31.2,31.2,31.2,31.1,31.1,31.1,31.1,31.1,31.0,31.1,31.0,31.1,31.1,31.2,31.1,31.1,31.1,31.2,31.1,31.2,31.1,31.1,31.2,31.0,31.2,31.1,31.1,31.0,31.1,31.0,31.0,31.2,31.0,30.9,31.0,30.8,30.8,30.6,30.7,30.7,30.6,30.7,30.9,30.8,31.0,31.0,30.9,31.1,30.9,30.9,30.9,30.9,30.8,30.9,30.8,30.8,30.9,30.9,30.9,30.9,30.9,30.7,30.8,30.8,30.7,30.7,30.7,30.8,30.8,30.7,30.7,30.8,30.7,30.4,30.6,30.4,30.3,29.9,29.6,29.7,29.4,29.4,29.3,29.3,29.2,29.1,29.1,29.1,29.3,29.2,29.0,29.2,29.0,29.0,29.0,28.9,29.0,29.0,29.0,28.9,28.8,28.8,28.8,28.9,28.8,29.0,28.7,28.8,28.8,28.5,28.8,28.6,28.8,28.8,28.7,28.6,28.8,28.8,28.7,28.6,28.5,28.6
63,28.5,28.5,28.5,28.4,28.8,28.7,28.6,28.8,28.7,28.7,28.7,28.6,28.6,28.9,28.8,28.9,28.7,28.9,28.9,28.7,29.0,28.7,28.9,28.9,29.0,28.9,29.0,28.9,29.1,29.1,29.2,29.2,29.2,29.2,29.2,29.3,29.4,29.9,30.3,30.8,30.8,31.0,31.1,31.0,31.1,30.9,30.9,31.0,30.9,30.9,30.9,30.9,30.9,31.2,31.1,31.1,31.0,30.8,30.7,30.8,30.9,31.0,31.0,31.0,31.0,30.9,30.9,31.1,31.1,31.1,31.2,31.1,31.3,31.2,30.9,31.1,31.1,31.1,31.1,31.1,31.0,31.0,31.1,31.1,31.0,31.0,31.2,31.1,31.1,30.9,31.2,31.2,31.2,31.0,31.0,31.1,31.2,31.0,30.9,31.0,31.1,31.0,31.1,31.0,30.9,30.9,30.8,30.8,30.6,30.8,30.6,30.6,30.6,30.8,30.8,31.1,30.9,31.0,31.0,30.9,30.9,31.0,30.8,31.0,30.9,30.8,31.0,30.9,31.0,30.9,30.9,30.9,30.8,30.7,30.9,30.7,30.9,30.7,30.6,30.9,30.6,30.7,30.7,30.6,30.5,30.6,30.2,29.9,29.8,29.4,29.5,29.4,29.3,29.3,29.4,29.1,29.1,29.1,29.0,29.0,29.1,28.9,29.0,29.0,28.9,29.0,29.0,29.0,28.8,28.8,28.9,28.8,28.9,28.8,29.0,28.8,28.8,28.8,28.8,28.7,28.8,28.7,28.7,28.5,28.6,28.6,28.8,28.6,28.6,28.5,28.7,28.5
64,28.5,28.6,28.7,28.6,28.6,28.6,28.6,28.6,28.6,28.6,28.6,28.8,28.8,28.7,28.8,28.8,28.6,28.8,28.7,29.0,28.8,28.9,28.9,29.0,29.0,29.1,29.1,29.1,28.9,29.1,29.2,29.2,29.3,29.1,29.3,29.4,29.8,29.8,30.4,30.8,30.9,31.1,31.1,30.9,31.0,31.2,31.1,31.0,31.2,31.1,30.9,31.0,31.1,31.1,31.0,31.0,31.0,30.7,30.8,30.8,30.9,31.1,31.0,30.9,30.9,31.1,31.0,31.1,31.2,31.1,31.2,31.1,31.3,31.2,31.1,31.3,31.2,31.2,31.1,31.1,31.2,31.0,31.2,31.1,31.3,31.1,31.1,31.3,31.1,31.0,31.1,31.1,31.0,31.1,31.3,31.1,31.0,31.1,31.3,31.1,31.0,31.0,31.1,30.9,31.0,30.9,30.8,30.7,30.5,30.6,30.6,30.8,30.7,30.7,31.0,30.9,30.9,30.9,31.0,30.9,30.9,31.0,31.1,30.9,30.8,31.1,31.0,30.9,31.1,31.0,31.0,31.0,30.9,30.8,30.7,30.9,30.9,30.8,30.9,30.8,30.9,30.8,30.8,30.7,30.6,30.5,30.2,30.0,29.7,29.5,29.5,29.5,29.5,29.5,29.3,29.2,29.2,29.2,29.1,29.0,29.2,29.1,29.0,28.9,29.0,29.1,28.9,29.0,29.0,29.0,28.9,28.8,28.9,28.9,28.9,28.8,28.8,28.7,28.9,28.8,28.9,28.5,28.9,28.7,28.8,28.7,28.7,28.7,28.6,28.6,28.7,28.4
65,28.5,28.6,28.5,28.6,28.6,28.7,28.7,28.5,28.7,28.6,28.7,28.7,28.9,28.8,28.7,28.8,28.7,29.0,28.9,28.9,28.9,28.9,29.0,28.8,29.0,29.1,29.0,29.2,29.2,29.2,29.3,29.3,29.4,29.3,29.5,29.5,29.6,30.1,30.4,30.8,30.9,31.1,31.0,31.1,31.1,30.9,31.1,31.0,31.0,31.2,31.1,30.9,31.1,31.0,31.0,31.0,30.7,30.9,30.6,30.7,30.8,30.9,30.9,30.9,30.9,31.0,31.1,31.3,31.1,31.2,31.0,31.2,31.3,31.3,31.2,31.1,31.1,31.0,31.0,31.1,31.0,31.2,31.2,31.1,31.2,31.3,31.0,31.1,31.1,31.0,31.3,31.1,31.1,31.1,31.1,31.0,31.0,31.1,31.1,31.1,31.2,31.1,31.2,31.1,31.1,30.9,30.9,30.7,30.6,30.7,30.7,30.6,30.8,30.7,30.9,31.0,30.9,30.9,30.8,30.9,30.8,30.8,31.0,31.0,30.8,30.9,31.0,30.9,30.9,30.9,30.9,31.0,30.9,30.7,30.8,30.8,31.0,30.8,30.7,30.9,30.7,30.9,30.6,30.6,30.5,30.6,30.3,30.1,29.8,29.6,29.6,29.6,29.4,29.3,29.3,29.0,29.1,29.2,29.2,29.2,29.1,29.0,29.0,29.0,29.0,29.2,29.0,28.9,28.8,29.0,29.0,28.9,29.0,28.8,28.9,28.8,28.8,28.8,28.8,28.8,28.8,28.7,28.8,28.9,28.7,28.7,28.6,28.7,28.6,28.7,28.6,28.6
66,28.6,28.6,28.6,28.7,28.8,28.6,28.6,28.6,28.6,28.6,28.7,28.8,28.7,28.9,28.8,28.9,28.9,29.0,28.8,29.0,28.8,29.0,29.0,29.1,29.1,29.0,29.1,29.1,29.2,29.3,29.3,29.3,29.3,29.4,29.5,29.5,29.8,30.1,30.5,31.0,30.9,31.1,31.1,31.2,31.1,30.9,31.1,31.1,31.0,31.1,31.0,31.0,30.9,30.9,31.1,31.1,30.9,30.7,30.7,30.9,30.8,30.9,30.8,30.7,30.9,31.0,31.0,31.2,31.2,31.1,31.1,31.2,31.3,31.3,31.2,31.2,31.1,30.9,31.1,31.0,31.1,31.0,31.1,31.1,31.1,31.1,31.1,31.0,31.1,31.2,31.2,31.1,31.1,31.0,31.1,31.0,31.1,31.1,31.0,31.1,30.9,31.1,31.0,31.1,31.0,31.0,30.7,30.7,30.7,30.7,30.6,30.6,30.8,30.8,30.9,30.9,30.9,30.8,30.9,30.9,30.9,30.9,31.0,30.9,30.9,30.9,30.9,30.8,31.0,31.0,30.9,30.9,30.9,31.0,30.8,30.8,30.8,30.9,30.6,30.8,30.8,30.6,30.6,30.6,30.5,30.5,30.3,30.0,29.7,29.8,29.5,29.5,29.3,29.3,29.3,29.3,29.2,29.4,29.2,29.3,29.2,29.1,29.1,29.0,29.1,29.0,29.0,29.1,29.0,29.1,29.0,28.9,28.8,28.9,29.0,28.9,28.7,28.8,28.9,28.9,28.8,28.7,28.6,28.8,28.6,28.7,28.6,28.7,28.5,28.6,28.7,28.6
67,28.6,28.6,28.6,28.9,28.6,28.6,28.6,28.8,28.6,28.7,28.7,28.8,28.8,28.8,28.8,28.9,28.9,29.0,28.9,29.0,29.0,28.9,29.1,29.1,29.0,29.3,29.0,29.2,29.1,29.2,29.2,29.4,29.3,29.4,29.6,29.6,29.8,30.0,30.4,30.8,30.9,31.1,30.9,31.0,31.1,31.1,31.1,31.0,31.0,31.0,31.0,30.9,31.1,31.0,31.0,31.0,30.9,30.9,30.7,30.7,30.9,30.9,30.9,30.8,30.8,30.9,31.0,31.2,31.1,31.2,31.2,31.1,31.2,31.3,31.2,31.2,31.1,31.1,31.1,31.1,31.0,31.0,31.0,31.2,31.1,31.3,31.2,31.1,31.1,31.1,31.2,31.0,31.1,31.1,31.1,31.0,31.0,31.1,31.1,31.2,30.9,31.0,31.1,31.1,30.9,31.0,30.9,30.7,30.6,30.8,30.7,30.7,30.8,30.8,30.9,30.8,30.9,30.9,30.7,30.9,30.9,31.0,31.0,31.1,30.9,30.8,30.9,30.8,30.9,30.8,30.9,31.0,30.8,30.8,30.7,30.9,30.9,30.8,30.9,30.9,30.8,30.7,30.8,30.6,30.5,30.5,30.2,29.9,29.8,29.5,29.4,29.5,29.4,29.4,29.4,29.2,29.1,29.1,29.4,29.3,29.1,29.2,29.0,29.2,29.1,29.1,29.0,29.0,28.7,28.9,28.8,28.8,28.9,28.9,28.8,28.8,28.7,28.8,28.9,28.6,28.6,28.6,28.7,28.7,28.6,28.8,28.6,28.8,28.7,28.6,28.6,28.4
68,28.7,28.5,28.6,28.7,28.8,28.8,28.8,28.8,28.8,28.7,28.7,28.8,28.8,28.8,28.8,29.0,28.8,28.9,29.0,28.8,28.9,29.0,29.0,29.0,29.1,29.2,29.2,29.2,29.2,29.3,29.4,29.3,29.4,29.3,29.4,29.5,29.8,30.0,30.6,30.9,30.9,31.0,31.0,31.0,31.0,31.1,31.1,30.9,31.0,31.0,31.1,31.1,31.2,31.0,31.1,30.9,30.9,30.8,30.5,30.6,30.8,30.9,30.8,30.9,30.9,31.1,31.1,31.1,31.1,31.1,31.2,31.1,31.1,31.1,31.2,31.1,31.2,31.1,31.0,31.0,31.0,31.1,31.1,31.1,31.2,31.2,31.1,31.1,31.3,31.1,31.0,31.1,31.1,31.2,31.1,31.1,31.2,31.1,30.9,31.1,31.0,31.0,31.2,31.1,30.9,30.7,30.6,30.6,30.6,30.6,30.7,30.6,30.6,30.8,30.9,30.8,30.7,30.8,30.9,30.8,30.8,30.8,30.8,30.9,30.7,30.8,30.9,31.0,30.9,30.9,30.9,30.8,30.8,30.9,30.8,30.8,30.9,30.9,30.8,30.9,30.8,30.8,30.7,30.6,30.6,30.5,30.3,30.1,29.8,29.8,29.5,29.6,29.3,29.5,29.4,29.2,29.3,29.2,29.3,29.1,29.0,29.0,29.1,29.1,29.2,29.1,29.0,29.1,29.0,28.8,28.8,28.8,28.8,28.8,28.8,28.9,28.8,28.9,28.8,28.8,28.9,28.6,28.8,28.7,28.5,28.8,28.8,28.7,28.6,28.6,28.7,28.5
69,28.5,28.8,28.6,28.8,28.6,28.7,28.5,28.8,28.8,28.8,28.8,28.9,28.9,28.8,28.9,28.7,28.8,28.9,29.0,29.0,28.9,28.9,29.1,29.2,29.1,29.1,29.3,29.1,29.3,29.3,29.5,29.2,29.3,29.3,29.5,29.5,29.8,30.2,30.5,30.9,30.9,31.1,31.1,30.9,30.8,31.0,31.0,30.9,31.1,31.0,31.0,31.1,31.0,31.0,31.0,30.9,31.0,30.6,30.7,30.5,30.8,30.8,30.8,30.8,30.9,30.9,31.0,31.1,31.0,31.2,31.1,31.1,31.3,31.1,31.2,31.1,31.1,31.1,31.1,31.0,31.0,30.9,31.1,31.1,31.1,31.1,31.1,31.1,31.1,30.9,31.2,31.3,31.1,31.0,31.1,31.1,30.9,31.0,31.0,31.1,31.1,31.1,31.1,31.1,30.9,30.9,30.8,30.7,30.5,30.6,30.6,30.8,30.7,30.7,30.8,30.8,30.8,30.7,30.7,30.9,30.7,30.9,30.8,30.8,30.9,30.8,30.9,30.8,30.7,30.8,30.9,30.9,30.9,30.9,30.8,30.7,30.8,30.8,30.8,30.9,30.8,30.8,30.7,30.7,30.7,30.5,30.3,30.0,29.8,29.8,29.7,29.4,29.6,29.7,29.4,29.3,29.3,29.2,29.3,29.3,29.1,29.0,29.0,29.0,29.1,29.0,28.9,29.0,28.8,28.8,28.8,29.0,28.8,29.0,28.9,29.0,28.8,28.8,28.8,28.8,28.8,28.6,28.8,28.8,28.7,28.8,28.7,28.8,28.6,28.7,28.7,28.6
70,28.5,28.7,28.6,28.7,28.6,28.7,28.8,28.9,28.8,28.6,28.8,28.6,28.8,28.9,28.9,28.9,29.0,29.0,28.9,28.9,29.0,29.0,29.2,29.0,29.2,29.1,29.4,29.2,29.2,29.2,29.4,29.3,29.4,29.4,29.6,29.8,29.9,30.2,30.6,30.9,30.9,31.0,31.1,31.0,31.1,31.1,31.1,30.9,31.0,31.1,30.9,30.9,31.3,30.9,30.9,31.0,30.9,30.8,30.5,30.5,30.6,30.8,30.8,31.0,30.8,31.0,30.9,31.2,31.2,31.2,31.1,31.1,31.2,31.1,31.2,31.1,31.0,31.2,30.9,31.1,30.9,31.2,31.2,31.1,31.1,31.1,31.1,31.1,31.1,31.1,31.2,31.1,31.1,31.2,31.2,31.1,31.1,31.1,31.1,31.2,31.0,31.1,31.1,31.1,31.0,30.9,30.8,30.8,30.6,30.6,30.7,30.8,30.5,30.7,30.7,30.8,30.7,30.8,30.8,30.9,30.8,30.9,30.8,30.9,30.8,30.7,30.9,30.8,30.7,31.0,30.7,30.9,30.8,31.0,30.9,30.8,31.0,30.9,30.9,30.8,30.8,30.7,30.6,30.7,30.6,30.6,30.4,30.2,29.8,29.6,29.5,29.4,29.5,29.4,29.4,29.1,29.2,29.0,29.4,29.1,29.2,29.2,29.1,29.1,29.2,28.9,29.0,29.0,28.9,28.9,29.0,28.9,29.0,28.9,28.7,29.0,28.8,28.8,28.8,28.7,28.8,28.7,28.6,28.9,28.8,28.6,28.6,28.7,28.6,28.6,28.6,28.7
71,28.6,28.6,28.7,28.8,28.8,28.8,28.8,29.0,28.9,28.6,28.8,29.0,28.8,28.8,29.0,28.9,29.0,28.9,29.2,29.1,29.0,29.0,29.2,29.1,29.2,29.3,29.0,29.3,29.3,29.3,29.2,29.4,29.5,29.4,29.6,29.7,29.8,30.2,30.5,30.8,30.9,31.0,31.0,30.9,31.0,31.1,31.0,31.0,30.9,31.1,30.9,31.1,31.0,31.0,31.1,30.9,30.9,30.7,30.4,30.5,30.8,31.0,31.0,31.0,30.8,31.1,31.1,31.1,31.1,31.2,31.2,31.1,31.2,31.1,31.1,31.1,31.1,30.9,30.9,31.0,31.1,31.1,31.1,31.2,31.1,31.1,31.1,31.2,31.1,31.1,31.2,31.1,31.1,31.1,31.1,31.2,31.1,31.2,31.1,31.2,31.0,31.2,31.1,31.0,31.0,31.0,31.0,30.6,30.6,30.7,30.7,30.7,30.8,30.8,30.7,30.9,30.9,30.8,30.9,30.8,30.9,30.9,30.8,30.8,30.9,30.9,30.9,30.9,30.9,30.9,30.9,30.8,30.7,30.8,30.9,30.9,30.8,30.8,30.7,30.9,30.8,30.8,30.8,30.8,30.6,30.6,30.4,30.1,29.8,29.8,29.4,29.6,29.6,29.5,29.3,29.4,29.3,29.2,29.2,29.0,29.3,29.0,29.0,29.1,29.1,29.0,28.9,29.1,29.0,28.9,28.8,29.0,28.8,29.0,28.8,28.8,28.8,28.9,28.8,28.6,28.8,28.6,28.8,28.8,28.6,28.9,28.6,28.6,28.6,28.6,28.6,28.6
72,28.6,28.6,28.6,28.7,28.5,28.8,28.8,28.7,28.8,28.6,28.9,28.7,28.8,28.8,29.0,28.9,28.9,28.9,29.1,28.9,28.9,29.0,29.2,29.0,29.1,29.2,29.2,29.2,29.3,29.4,29.5,29.5,29.5,29.5,29.6,29.7,30.0,30.3,30.6,31.0,31.1,31.1,31.0,30.9,31.2,31.1,31.0,30.9,31.1,31.0,31.0,31.1,31.1,31.1,31.0,31.0,31.0,30.6,30.4,30.5,30.7,30.9,30.8,31.2,31.1,31.1,31.1,31.1,31.2,31.1,31.3,31.2,31.2,31.2,31.2,31.2,31.1,31.1,31.2,31.1,31.0,31.2,31.2,31.1,31.2,31.2,31.1,31.2,31.0,31.3,31.2,31.1,31.0,31.1,31.1,31.1,31.2,31.1,31.1,31.1,31.1,31.1,31.3,31.1,31.1,30.9,30.9,30.7,30.8,30.6,30.9,30.8,30.7,30.7,30.9,30.9,30.9,30.9,30.9,30.9,31.0,30.9,30.9,31.0,30.8,30.9,30.9,30.9,30.8,30.9,30.8,30.9,30.9,30.8,30.9,30.9,30.9,30.8,30.9,30.9,30.8,30.8,30.8,30.8,30.6,30.6,30.4,30.0,29.9,29.7,29.4,29.6,29.4,29.4,29.4,29.4,29.2,29.2,29.3,29.2,29.2,29.1,29.1,29.1,29.1,29.2,29.0,28.9,29.0,29.0,29.0,29.0,28.9,28.9,28.9,28.9,28.9,28.9,28.9,28.8,28.7,28.7,28.8,28.6,28.8,28.7,28.8,28.8,28.5,28.6,28.5,28.5
73,28.8,28.6,28.7,28.8,28.9,28.8,28.8,28.7,28.8,28.9,28.8,28.8,28.9,29.0,28.9,28.8,28.9,29.0,29.1,29.2,29.2,29.1,29.2,29.2,29.2,29.3,29.5,29.3,29.7,29.5,29.5,29.6,29.5,29.7,29.6,29.7,30.0,30.2,30.7,30.8,31.0,31.1,31.0,30.9,30.9,31.0,30.9,30.8,30.9,31.0,31.1,31.1,31.2,31.1,31.0,31.0,30.8,30.7,30.4,30.6,30.6,30.9,30.9,30.9,31.0,31.2,31.1,31.0,31.1,31.3,31.2,31.2,31.2,31.3,31.2,31.2,31.2,31.1,31.2,31.2,31.0,31.1,31.1,31.1,31.3,31.1,31.0,31.2,31.1,31.1,31.1,31.1,31.1,31.2,31.1,31.1,31.1,31.2,31.2,31.1,31.0,31.1,30.9,31.1,30.9,31.0,30.9,30.7,30.7,30.7,30.9,30.8,30.8,30.7,30.6,30.8,30.9,30.9,30.9,31.0,30.9,30.9,30.9,30.9,30.9,30.9,30.9,30.9,30.7,30.9,30.8,30.8,31.0,30.9,30.8,31.0,30.8,30.9,30.7,30.7,31.0,30.9,30.8,30.7,30.7,30.5,30.2,30.1,29.9,29.7,29.6,29.6,29.5,29.5,29.4,29.3,29.4,29.5,29.3,29.1,29.2,29.0,29.2,28.9,29.0,28.9,29.0,29.0,29.1,29.0,28.9,28.9,28.9,28.8,28.9,28.9,28.7,28.9,28.8,28.8,28.8,28.6,28.7,28.7,28.8,28.8,28.6,28.8,28.6,28.7,28.6,28.6
74,28.7,28.7,28.6,28.8,28.6,28.8,28.6,28.8,28.9,28.7,28.9,28.9,29.0,28.9,28.8,28.8,28.9,29.0,28.9,29.2,29.0,29.1,29.1,29.2,29.2,29.2,29.2,29.4,29.3,29.6,29.2,29.4,29.5,29.6,29.7,29.8,30.1,30.2,30.6,30.9,30.9,31.0,30.9,31.1,30.9,31.0,30.9,30.9,30.8,31.2,30.9,31.0,31.1,30.9,31.1,30.9,30.8,30.8,30.3,30.3,30.5,30.6,30.9,31.0,30.9,31.1,31.0,31.1,31.2,31.1,31.1,31.1,31.1,31.1,31.1,31.0,31.1,31.1,31.2,31.2,31.1,31.2,31.1,30.9,31.1,31.1,31.0,31.0,31.1,31.1,31.1,31.2,31.0,31.1,31.1,31.1,31.3,31.2,31.0,31.1,31.1,31.0,31.0,31.0,30.9,30.9,30.8,30.9,30.8,30.8,30.7,30.9,30.7,30.9,31.0,30.9,31.1,31.0,30.8,30.9,30.9,30.8,30.8,30.8,30.7,30.9,30.9,30.9,31.0,30.8,30.9,30.9,30.9,30.9,30.9,30.9,30.8,30.8,31.0,30.8,30.7,30.8,30.8,30.5,30.7,30.5,30.3,30.1,29.9,29.7,29.5,29.5,29.6,29.5,29.4,29.4,29.3,29.4,29.4,29.1,29.4,29.1,29.2,29.0,29.1,29.1,28.9,29.1,29.1,28.9,29.0,28.9,29.0,28.9,28.9,29.0,28.8,28.8,28.8,28.7,28.9,28.7,28.8,28.7,28.6,28.6,28.8,28.9,28.7,28.6,28.6,28.6
75,28.6,28.6,28.6,28.8,28.9,28.8,28.8,28.8,29.0,28.8,28.8,29.0,29.0,28.9,29.0,29.0,29.1,29.0,29.1,29.2,29.1,29.3,29.2,29.2,29.4,29.2,29.4,29.2,29.6,29.4,29.4,29.7,29.6,29.7,29.8,29.9,30.2,30.4,30.6,31.0,30.9,31.1,31.1,30.9,31.0,30.9,30.7,31.0,31.1,30.9,31.0,31.1,31.1,31.1,31.1,31.0,31.0,30.7,30.3,30.4,30.6,30.7,31.0,30.9,31.0,31.1,30.9,31.2,31.1,31.1,31.3,31.1,31.3,31.3,31.3,31.2,31.2,31.1,31.1,31.0,31.1,31.3,31.1,31.1,31.2,31.1,31.1,31.2,31.1,31.1,31.1,31.2,31.1,31.2,31.1,31.1,31.2,31.1,31.1,31.1,31.2,31.3,31.1,31.0,31.0,31.1,30.9,30.9,30.9,30.9,30.9,31.0,31.0,31.0,31.0,31.0,31.1,31.0,31.0,31.1,30.8,30.8,30.9,30.8,30.7,30.7,30.8,30.9,30.9,31.1,31.0,31.0,30.9,30.9,30.9,30.8,31.0,30.9,31.1,30.9,30.8,30.8,30.8,30.7,30.7,30.4,30.3,30.0,29.9,29.7,29.6,29.6,29.4,29.6,29.5,29.4,29.3,29.2,29.2,29.1,29.3,29.2,29.2,29.0,29.1,29.1,29.0,29.0,29.0,29.0,29.1,29.0,28.9,28.9,28.9,29.0,29.0,28.8,28.9,28.8,28.8,28.8,28.8,28.8,28.7,28.6,28.6,28.7,28.6,28.5,28.6,28.8
76,28.8,28.7,28.8,28.8,28.8,28.9,28.8,28.7,29.0,28.9,28.8,28.8,29.0,29.0,29.0,29.0,29.1,29.1,29.0,29.3,29.2,29.3,29.3,29.2,29.4,29.2,29.4,29.4,29.4,29.7,29.5,29.5,29.6,29.8,29.7,30.0,30.1,30.4,30.5,31.1,30.9,31.1,30.9,31.0,31.0,31.1,31.2,31.0,31.0,31.1,31.0,31.0,31.1,30.9,31.0,31.0,30.9,30.7,30.6,30.4,30.6,30.8,30.9,31.0,30.9,31.0,31.0,31.3,31.0,31.3,31.1,31.1,31.2,31.2,31.2,31.2,31.0,31.0,31.1,31.2,30.9,31.2,31.2,31.1,30.9,31.0,31.1,31.1,31.0,31.0,31.0,31.1,31.1,31.1,31.2,31.2,31.1,31.1,31.1,31.0,31.2,31.0,31.1,31.0,31.0,30.8,30.9,30.9,30.9,30.9,31.0,30.7,31.0,31.0,31.1,31.0,30.9,30.9,31.0,31.0,31.0,30.8,30.8,30.6,30.7,30.8,30.7,30.7,30.9,30.9,30.9,31.1,30.9,30.6,30.8,30.7,30.9,30.9,31.1,30.9,30.7,30.8,30.6,30.6,30.6,30.6,30.5,30.3,29.8,29.7,29.7,29.5,29.5,29.4,29.4,29.3,29.3,29.3,29.3,29.2,29.2,29.2,29.2,29.1,29.0,29.2,29.0,29.1,29.0,29.0,29.0,29.0,28.9,28.9,29.0,28.9,28.8,28.8,28.6,28.6,28.8,28.8,28.7,28.7,28.6,28.5,28.7,28.8,28.6,28.6,28.6,28.6
77,28.6,28.8,28.7,28.8,28.8,28.7,28.8,28.6,28.8,29.0,28.9,28.8,28.9,29.0,28.8,29.0,29.0,29.1,29.1,29.2,29.2,29.2,29.3,29.2,29.2,29.4,29.5,29.4,29.4,29.5,29.5,29.6,29.7,29.6,29.8,30.0,30.2,30.3,30.6,30.9,31.0,31.0,31.1,31.0,31.0,31.1,31.1,31.1,31.1,31.1,30.9,31.1,31.1,30.9,30.9,30.9,30.9,30.8,30.6,30.6,30.5,30.8,30.9,30.9,31.0,31.0,31.1,31.1,31.2,31.1,31.1,31.2,31.2,31.1,31.1,31.2,31.0,30.9,31.1,31.1,31.0,31.1,31.1,31.0,31.2,31.2,31.1,31.1,31.0,31.1,31.1,31.1,31.1,31.1,31.0,31.1,31.1,31.2,31.2,31.0,31.0,31.2,31.1,31.1,31.0,31.0,30.9,30.8,30.9,30.9,31.0,30.9,31.0,30.9,31.0,31.1,31.2,31.0,31.0,31.1,30.7,30.8,30.8,30.7,30.9,30.6,30.6,30.6,30.7,30.8,30.8,31.0,30.9,30.9,30.7,30.9,30.9,30.9,30.9,30.6,30.7,30.9,30.7,30.5,30.6,30.6,30.4,30.2,30.0,29.7,29.6,29.6,29.6,29.6,29.5,29.3,29.3,29.3,29.3,29.3,29.4,29.3,29.3,29.2,29.2,29.2,29.0,29.0,29.0,29.0,29.0,29.0,28.9,29.0,29.0,28.8,28.8,28.9,28.9,29.0,28.9,28.9,28.9,28.7,28.8,28.8,28.8,28.8,28.6,28.6,28.4,28.6
78,28.8,28.8,28.8,29.0,29.0,28.9,28.8,28.9,28.8,28.9,29.0,28.9,28.8,29.0,29.1,29.1,28.9,29.2,29.1,29.1,29.1,29.1,29.2,29.3,29.4,29.2,29.5,29.5,29.5,29.7,29.6,29.8,29.7,29.8,29.8,30.1,30.2,30.5,30.7,30.9,31.0,31.1,31.1,31.0,31.1,31.0,31.2,31.1,31.0,31.0,31.0,31.0,31.1,30.9,31.0,30.8,31.0,31.0,30.9,30.6,30.8,31.0,31.1,31.1,31.0,31.0,31.2,31.3,31.2,31.1,31.1,31.0,31.3,31.1,31.3,31.2,31.2,31.3,31.1,31.1,31.0,31.2,31.1,31.2,31.2,31.3,31.1,31.1,31.1,31.2,31.1,31.1,31.1,31.1,31.1,31.0,31.2,31.1,31.2,31.1,31.2,31.0,31.1,31.1,31.1,30.9,30.9,30.9,30.8,30.9,31.0,31.1,30.9,31.1,31.0,31.1,31.1,31.1,31.0,30.9,30.8,30.7,30.9,30.9,30.9,30.9,30.9,30.6,30.6,30.9,31.1,30.9,30.9,31.0,30.9,31.0,31.0,31.0,30.9,30.8,30.9,30.9,31.0,30.8,30.7,30.6,30.3,30.2,29.9,29.8,29.8,29.5,29.6,29.4,29.6,29.4,29.3,29.4,29.2,29.4,29.2,29.3,29.2,29.0,29.3,29.2,29.1,29.1,29.0,28.8,29.1,29.0,29.0,28.9,29.0,28.9,28.8,28.9,28.8,28.9,28.8,28.9,28.8,28.6,28.8,28.8,28.9,28.8,28.9,28.6,28.7,28.8
79,28.8,28.8,28.6,28.8,29.0,28.8,28.8,28.8,29.0,29.0,28.8,28.9,29.0,29.1,29.0,29.1,28.9,29.0,29.0,29.2,29.2,29.2,29.2,29.3,29.2,29.3,29.4,29.6,29.3,29.6,29.5,29.8,29.8,29.8,29.9,29.9,30.2,30.4,30.6,30.9,31.0,31.1,31.0,31.0,31.2,31.2,31.3,31.1,31.1,31.1,31.0,31.1,30.9,30.9,31.0,30.9,30.9,30.9,30.7,30.7,30.8,30.9,31.2,31.1,31.1,31.1,30.9,31.1,31.3,31.3,31.3,31.3,31.1,31.1,31.1,31.2,31.2,31.1,31.1,31.0,31.1,31.2,31.1,31.2,31.2,31.1,31.2,31.1,31.1,31.1,31.3,31.1,31.2,31.1,31.1,31.1,31.0,31.2,31.1,31.1,31.2,31.1,31.1,31.1,31.1,31.0,31.0,30.9,31.1,31.0,30.9,31.2,31.0,31.1,31.1,31.1,31.2,31.0,31.0,30.8,30.8,30.9,30.8,30.9,30.9,30.7,30.7,30.6,30.7,30.9,30.8,30.9,30.9,31.0,31.1,31.1,31.1,31.0,31.0,31.0,30.7,30.9,30.9,30.7,30.6,30.5,30.4,30.2,30.0,29.7,29.6,29.7,29.5,29.6,29.4,29.4,29.4,29.4,29.3,29.2,29.4,29.4,29.1,29.2,29.3,29.1,29.0,29.1,29.0,29.0,29.1,29.0,29.0,28.9,29.1,28.9,28.9,29.0,28.9,28.8,28.8,28.9,28.7,28.8,28.8,28.8,28.5,28.6,28.8,28.7,28.7,28.6
80,28.8,29.0,28.9,28.8,28.8,28.9,28.8,29.0,29.0,28.9,29.0,29.0,29.1,29.0,29.0,29.0,29.0,29.2,29.1,29.2,29.3,29.1,29.2,29.4,29.2,29.3,29.5,29.5,29.5,29.6,29.5,29.7,29.8,29.7,29.6,29.9,30.1,30.4,30.6,30.7,30.9,30.9,31.1,30.9,31.1,31.1,31.2,31.2,31.0,31.1,31.0,31.1,31.0,31.1,31.0,31.0,30.9,30.9,30.7,30.7,30.9,31.0,31.2,31.3,31.3,31.2,31.3,31.1,31.1,31.3,31.1,31.2,31.3,31.1,31.2,31.2,31.1,30.8,31.0,31.1,31.2,31.1,31.2,31.2,31.1,31.2,31.0,31.1,31.0,31.3,31.1,31.0,31.1,31.1,31.2,31.2,31.0,31.1,31.1,31.2,31.2,31.1,31.1,31.1,31.0,31.0,31.0,30.9,31.0,31.2,31.1,31.2,31.1,31.1,31.1,31.2,31.1,31.1,30.9,30.8,30.8,30.7,30.8,30.8,30.9,30.7,30.7,30.8,30.7,31.0,30.9,30.9,30.9,31.0,31.0,30.9,30.9,30.9,30.9,30.9,30.9,30.9,30.9,30.6,30.6,30.5,30.4,30.2,30.1,29.9,29.5,29.7,29.6,29.6,29.4,29.5,29.3,29.4,29.3,29.3,29.2,29.2,29.2,29.2,29.1,29.2,29.1,29.0,29.0,29.1,29.0,29.1,28.8,29.0,29.0,28.8,28.8,28.8,28.9,28.6,28.8,29.0,28.7,28.8,28.8,28.8,28.6,28.8,28.6,28.8,28.8,28.6
81,28.8,28.9,28.7,28.8,28.9,28.8,28.9,28.9,28.9,28.9,29.0,29.1,29.0,29.2,29.1,29.2,29.2,29.1,29.1,29.2,29.4,29.2,29.4,29.3,29.5,29.5,29.4,29.5,29.4,29.6,29.5,29.8,29.8,29.9,29.9,30.0,30.2,30.2,30.4,30.6,30.6,30.7,30.8,31.0,31.1,31.2,31.1,31.1,31.1,31.1,31.1,31.3,31.2,31.0,31.1,31.0,31.1,30.9,31.0,30.8,30.9,31.1,31.1,31.1,31.2,31.2,31.1,31.2,31.1,31.2,31.0,31.3,31.1,31.3,31.2,31.1,31.1,31.1,31.0,31.1,31.2,31.1,31.1,31.2,31.0,31.2,31.1,31.1,31.3,31.1,31.2,31.2,31.0,31.1,31.1,31.0,31.2,31.1,31.0,31.3,31.1,31.1,31.1,31.1,31.1,31.1,31.1,31.0,30.9,30.9,31.2,31.1,31.1,31.0,31.1,31.0,31.1,31.1,31.1,31.0,30.8,30.9,30.7,30.8,30.8,30.5,30.5,30.7,30.9,31.0,31.0,31.1,30.9,31.1,30.9,30.9,31.0,30.9,30.9,30.9,30.8,30.9,30.8,30.7,30.7,30.5,30.4,30.1,29.9,29.8,29.8,29.7,29.5,29.5,29.5,29.5,29.3,29.3,29.4,29.4,29.2,29.2,29.3,29.0,29.2,29.1,29.1,29.0,29.0,29.1,28.9,28.9,28.9,29.0,28.9,29.1,28.8,28.8,28.9,28.8,28.8,28.6,28.8,28.6,28.9,28.8,28.7,28.8,28.6,28.8,28.6,28.5
82,29.0,29.0,28.9,28.8,28.9,29.0,29.0,28.9,29.1,29.0,28.9,29.0,29.1,29.2,29.2,29.2,29.1,29.3,29.1,29.2,29.4,29.5,29.4,29.3,29.5,29.6,29.6,29.7,29.5,29.9,29.7,29.7,29.9,30.0,30.0,30.0,30.1,30.3,30.3,30.4,30.6,30.7,30.8,30.9,31.1,31.1,31.2,31.2,31.1,31.3,31.1,31.3,31.3,31.2,31.2,31.2,31.0,31.1,31.0,31.0,31.0,31.1,31.1,31.2,31.3,31.2,31.2,31.1,31.3,31.3,31.3,31.2,31.3,31.1,31.2,31.3,31.2,31.1,31.2,31.2,31.1,31.1,31.4,31.2,31.2,31.2,31.1,31.3,31.1,31.0,31.2,31.0,31.1,31.1,31.2,31.1,31.0,31.1,31.0,31.2,31.2,31.0,31.1,31.1,31.0,30.9,31.0,31.1,31.1,31.1,31.3,31.1,31.1,31.1,31.1,31.0,31.1,31.1,31.0,31.1,30.9,31.0,30.7,30.8,30.8,30.8,30.7,31.0,30.8,30.9,30.9,30.9,30.9,30.9,30.9,30.9,30.8,31.0,30.9,30.8,30.9,30.7,30.8,30.9,30.7,30.8,30.4,30.3,30.1,29.9,29.7,29.8,29.6,29.4,29.5,29.4,29.2,29.3,29.2,29.2,29.3,29.3,29.3,29.2,29.2,29.3,29.1,29.0,29.1,28.9,29.0,28.9,29.0,29.1,29.0,29.0,28.9,28.9,29.0,28.8,28.8,29.0,28.9,28.8,28.7,28.6,28.6,28.8,28.8,28.8,28.6,28.6
83,28.9,28.8,29.0,29.0,29.0,28.9,29.0,29.0,29.0,29.1,29.0,29.1,29.0,29.1,29.2,29.1,29.1,29.3,29.2,29.4,29.3,29.5,29.4,29.5,29.4,29.6,29.5,29.6,29.7,29.8,29.8,29.8,29.9,29.9,29.9,30.0,30.0,30.2,30.2,30.4,30.4,30.5,30.6,30.8,31.1,31.1,31.2,31.2,31.3,31.2,31.1,31.1,31.2,31.1,31.2,31.1,31.3,31.1,31.2,31.1,31.2,31.1,31.1,31.1,31.1,31.1,31.2,31.3,31.3,31.3,31.3,31.1,31.2,31.3,31.0,31.2,31.1,31.2,31.1,31.1,31.2,31.1,31.3,31.2,31.1,31.4,31.3,31.2,31.1,31.1,31.1,31.0,31.1,31.0,30.9,31.0,31.0,31.1,31.1,31.1,31.2,31.0,31.2,31.2,31.1,31.3,31.2,31.2,31.2,31.2,31.3,31.1,31.1,31.2,31.2,31.1,31.1,31.2,31.1,31.1,31.0,31.1,30.9,30.7,30.7,30.9,30.8,30.9,30.8,31.0,30.9,30.9,30.8,30.8,31.0,30.8,30.9,31.1,31.1,30.9,30.9,30.8,30.8,30.7,30.9,30.7,30.6,30.4,30.1,29.7,29.8,29.8,29.7,29.6,29.7,29.6,29.4,29.4,29.4,29.4,29.4,29.2,29.3,29.3,29.1,29.2,29.2,29.2,29.1,29.1,28.9,28.9,29.0,29.0,29.0,28.8,28.9,29.0,29.1,28.8,28.9,28.9,28.8,28.8,28.9,28.7,28.8,28.8,28.7,28.8,28.8,28.8
84,28.8,29.0,28.8,28.8,28.8,29.0,29.0,29.0,29.0,29.0,29.0,29.1,29.0,29.1,29.2,29.2,29.3,29.3,29.4,29.4,29.3,29.4,29.5,29.4,29.5,29.5,29.5,29.8,29.7,29.7,29.9,29.7,29.9,30.0,30.0,30.1,30.1,30.2,30.3,30.2,30.5,30.5,30.9,31.0,31.0,31.1,31.2,31.3,31.2,31.2,31.1,31.3,31.3,31.3,31.2,31.2,31.1,31.1,31.1,31.1,31.1,31.3,31.3,31.2,31.3,31.3,31.2,31.3,31.2,31.2,31.2,31.2,31.3,31.2,31.1,31.3,31.2,31.3,31.2,31.3,31.2,31.2,31.2,31.3,31.2,31.3,31.2,31.2,31.1,31.0,31.1,31.0,30.9,30.9,30.8,30.8,30.8,30.8,31.2,31.1,31.1,31.2,31.1,31.1,31.1,31.1,31.1,31.0,31.1,31.1,31.2,31.1,31.0,31.1,31.1,31.0,31.1,31.0,31.1,31.2,31.0,31.1,31.0,31.1,30.9,30.9,30.9,30.7,30.9,30.9,30.7,30.7,30.7,30.7,30.7,30.8,30.9,30.8,31.1,31.1,30.8,30.7,30.9,30.9,30.8,30.7,30.5,30.3,30.1,29.9,29.6,29.7,29.8,29.7,29.6,29.4,29.4,29.4,29.4,29.2,29.2,29.3,29.2,29.3,29.1,29.2,29.1,29.1,29.0,29.0,29.0,29.0,29.0,29.0,28.6,28.9,28.7,29.0,29.0,28.8,28.8,28.9,28.8,28.7,28.8,28.8,28.7,28.6,28.8,28.9,28.7,28.5
85,28.8,29.0,28.9,29.0,29.0,28.9,28.9,29.1,29.0,29.0,29.0,29.0,29.0,29.2,29.1,29.3,29.1,29.4,29.3,29.2,29.5,29.4,29.4,29.6,29.5,29.6,29.5,29.7,29.7,29.8,29.9,30.0,30.0,30.1,30.0,30.1,30.1,30.2,30.2,30.2,30.3,30.6,30.7,30.7,31.0,31.2,31.2,31.1,31.2,31.0,31.1,31.1,31.4,31.1,31.2,31.2,31.2,31.2,31.2,31.3,31.2,31.2,31.2,31.1,31.1,31.2,31.3,31.3,31.1,31.3,31.1,31.1,31.3,31.2,31.2,31.3,31.3,31.1,31.3,31.3,31.3,31.4,31.3,31.3,31.3,31.1,31.3,31.2,31.1,31.1,31.1,31.0,31.0,30.9,30.8,30.9,30.9,31.0,30.9,30.9,30.9,31.0,31.2,31.1,31.2,31.2,31.2,31.1,31.1,31.1,31.1,31.2,31.1,31.1,31.1,31.1,31.1,31.1,31.1,31.0,31.1,31.1,31.0,30.9,30.9,30.9,30.9,30.9,30.9,30.9,30.7,30.6,30.4,30.7,30.8,30.9,30.9,31.1,31.0,30.9,30.9,30.9,31.0,30.9,30.6,30.6,30.6,30.2,30.3,29.8,29.9,29.7,29.7,29.6,29.6,29.5,29.4,29.4,29.4,29.4,29.4,29.2,29.3,29.2,29.2,29.3,29.2,29.2,29.1,28.8,29.0,28.9,29.0,29.0,29.0,28.9,28.9,28.9,28.8,28.9,28.9,29.0,28.8,28.7,28.8,28.9,28.8,28.9,28.9,28.8,28.8,28.8
86,28.9,28.9,29.0,29.0,29.2,29.0,29.1,29.0,29.1,28.9,29.1,29.0,29.1,29.1,29.1,29.3,29.3,29.4,29.3,29.4,29.4,29.4,29.5,29.5,29.7,29.8,29.6,29.9,29.8,29.9,29.9,29.8,30.0,30.0,30.0,30.2,30.2,30.3,30.3,30.4,30.5,30.6,30.5,30.7,31.1,31.1,31.1,31.2,31.2,31.2,31.2,31.2,31.1,31.1,31.3,31.3,31.1,31.1,31.2,31.3,31.1,31.1,31.1,31.1,31.1,31.2,31.3,31.2,31.1,31.2,31.2,31.3,31.2,31.3,31.3,31.3,31.2,31.3,31.2,31.2,31.2,31.2,31.4,31.2,31.2,31.2,31.2,31.0,31.1,31.1,31.1,30.9,30.9,30.9,31.0,30.8,30.8,30.9,30.9,30.9,31.1,31.0,31.2,31.1,31.1,31.2,31.2,31.2,31.1,31.2,31.2,31.3,31.2,31.1,31.2,31.2,31.3,31.2,31.2,31.1,31.1,31.0,31.1,31.2,31.3,31.0,31.0,30.9,30.9,30.8,30.8,30.6,30.5,30.7,30.8,30.9,31.1,30.9,31.1,30.8,30.9,30.9,30.9,31.0,30.7,30.8,30.4,30.2,29.9,29.9,29.8,30.0,29.7,29.6,29.6,29.5,29.4,29.3,29.4,29.2,29.4,29.2,29.1,29.1,29.4,29.2,29.1,29.2,29.0,29.2,29.1,29.1,29.0,29.0,29.0,29.0,29.0,29.0,28.9,28.9,28.9,28.9,28.9,28.7,29.0,28.9,28.8,28.8,28.9,28.7,28.8,28.8
87,28.8,29.1,28.8,28.9,28.9,29.1,29.1,29.2,29.0,28.9,29.1,29.0,29.2,29.3,29.2,29.1,29.2,29.4,29.3,29.4,29.6,29.4,29.7,29.6,29.6,29.6,29.7,29.8,29.9,29.9,29.9,29.9,30.1,30.2,30.1,30.1,30.2,30.3,30.4,30.4,30.4,30.7,30.7,30.9,31.1,31.1,30.9,31.1,31.0,31.3,31.1,31.2,31.1,31.0,31.0,31.0,31.1,31.1,31.0,31.0,31.1,31.0,31.0,31.1,31.1,31.1,31.2,31.3,31.2,31.3,31.3,31.4,31.2,31.4,31.2,31.3,31.3,31.4,31.2,31.3,31.3,31.3,31.3,31.2,31.3,31.1,31.1,31.0,31.1,30.9,31.0,31.0,31.1,31.0,31.0,31.0,30.8,30.9,30.8,30.9,30.8,30.9,31.1,31.0,31.1,31.1,31.1,31.1,31.1,31.1,31.2,31.3,31.0,31.2,31.2,31.1,31.2,31.1,31.1,31.2,31.1,31.2,31.0,31.1,31.1,31.0,30.9,30.9,30.8,30.8,30.8,30.5,30.6,30.7,30.8,30.9,31.1,31.1,31.1,31.1,30.9,30.9,30.8,30.7,30.7,30.9,30.7,30.3,30.0,30.0,29.7,29.8,29.7,29.6,29.6,29.5,29.4,29.4,29.4,29.4,29.4,29.2,29.4,29.3,29.2,29.3,29.2,29.1,29.1,29.2,29.2,29.0,29.0,29.0,29.1,29.1,29.0,29.0,29.0,28.9,29.1,28.8,28.9,29.0,28.7,28.9,28.8,28.9,29.0,28.8,28.8,28.8
88,29.0,29.2,28.9,28.9,29.0,29.0,29.0,29.1,29.1,29.1,29.2,29.2,29.2,29.2,29.3,29.2,29.3,29.4,29.3,29.3,29.5,29.5,29.6,29.6,29.7,29.6,29.7,29.7,29.8,29.9,29.8,30.0,30.0,30.1,30.1,30.1,30.2,30.2,30.2,30.5,30.4,30.8,30.8,30.9,31.0,31.0,31.0,30.9,30.9,31.2,30.9,31.0,30.9,30.9,31.0,31.1,31.1,31.2,31.0,30.8,30.9,30.9,30.8,30.9,31.0,31.1,31.2,31.2,31.3,31.2,31.1,31.2,31.3,31.4,31.3,31.3,31.2,31.3,31.3,31.3,31.2,31.2,31.3,31.2,31.2,31.1,31.1,31.1,31.1,31.0,31.1,31.1,31.1,31.2,31.1,31.0,30.9,30.8,30.8,30.8,30.8,30.9,31.1,31.3,31.1,31.1,31.1,31.1,31.2,31.2,31.2,31.2,31.1,31.0,31.1,31.3,31.0,31.0,31.1,31.2,31.1,31.1,31.1,31.1,31.0,31.1,31.1,30.8,30.9,30.9,30.9,30.7,30.7,30.9,30.9,30.9,30.9,31.1,30.9,30.9,31.0,30.9,30.9,30.8,30.9,30.8,30.6,30.3,30.1,30.0,29.9,29.7,29.6,29.8,29.7,29.7,29.7,29.6,29.4,29.4,29.3,29.4,29.2,29.4,29.2,29.2,29.1,29.2,29.1,29.1,29.1,29.1,29.0,29.0,29.0,29.1,29.0,29.0,28.9,28.8,29.0,28.8,28.8,28.7,28.9,28.7,28.9,28.8,28.6,28.8,28.8,28.9
89,28.9,29.0,28.9,28.9,29.1,29.1,29.1,29.1,29.0,29.1,29.1,29.2,28.9,29.2,29.3,29.3,29.3,29.2,29.4,29.5,29.5,29.5,29.5,29.6,29.7,29.8,29.8,29.9,29.9,30.0,30.0,29.9,30.0,30.2,30.0,30.3,30.4,30.3,30.4,30.6,30.7,30.8,30.9,30.8,31.1,31.1,31.2,30.9,31.0,31.0,31.1,30.9,31.0,31.1,30.9,30.9,31.0,30.9,30.9,30.9,30.8,30.9,30.9,30.9,31.1,31.3,31.3,31.2,31.3,31.1,31.3,31.3,31.3,31.3,31.1,31.1,31.2,31.2,31.2,31.4,31.3,31.1,31.3,31.2,31.2,31.1,31.1,31.1,31.0,31.1,31.2,31.1,31.3,31.1,31.1,31.1,30.9,30.8,31.0,30.6,30.7,30.9,31.1,31.0,31.1,31.3,31.1,31.1,31.2,31.2,31.2,31.0,31.3,31.1,31.3,31.1,31.0,31.2,31.2,31.1,31.1,31.1,31.2,31.1,31.3,31.0,31.1,30.9,30.9,30.9,30.7,30.8,30.9,31.0,31.1,31.0,31.1,31.1,30.9,31.0,31.0,30.9,30.9,30.9,30.8,30.6,30.5,30.3,30.2,30.0,29.9,29.8,29.8,29.8,29.6,29.6,29.5,29.5,29.5,29.3,29.4,29.3,29.3,29.3,29.4,29.1,29.2,29.2,29.2,29.2,29.1,29.0,29.1,29.2,28.9,29.0,29.0,29.1,28.8,29.0,28.9,28.9,28.8,28.9,28.8,28.9,28.8,28.8,28.8,28.9,29.0,28.9
90,29.0,29.1,29.0,28.9,29.1,29.2,29.3,29.2,29.1,29.2,29.2,29.2,29.2,29.4,29.2,29.3,29.2,29.3,29.3,29.5,29.7,29.4,29.6,29.7,29.5,29.7,29.8,29.7,29.8,29.9,30.1,30.0,29.9,30.1,30.1,30.3,30.4,30.4,30.5,30.7,30.7,30.9,30.8,31.0,31.1,31.0,31.0,31.0,31.1,31.0,30.9,31.0,31.0,31.0,30.9,30.9,30.9,30.9,30.8,30.9,30.9,30.9,30.9,31.0,31.2,31.2,31.1,31.2,31.4,31.3,31.2,31.3,31.2,31.4,31.2,31.4,31.3,31.4,31.2,31.2,31.4,31.3,31.2,31.2,31.2,31.1,31.1,31.2,31.1,31.1,31.1,31.1,31.3,31.1,31.2,31.1,31.1,31.0,30.9,31.0,30.9,30.7,31.0,31.1,31.0,31.1,31.1,31.0,31.1,31.1,31.3,31.3,31.1,31.1,31.1,31.1,31.3,31.0,31.1,31.2,31.2,31.3,31.0,31.1,30.8,31.0,30.9,31.0,30.9,31.0,31.1,30.9,30.9,30.8,30.8,31.0,31.1,30.9,31.1,31.0,31.0,30.9,30.9,30.8,30.7,30.8,30.4,30.3,30.1,29.9,29.8,29.8,29.8,29.7,29.5,29.7,29.5,29.6,29.5,29.3,29.4,29.3,29.2,29.2,29.4,29.2,29.3,29.4,29.3,29.1,29.1,29.0,29.1,29.0,29.0,29.1,28.9,29.0,28.9,28.8,29.0,28.8,29.1,28.9,28.9,28.8,28.8,28.8,28.8,28.8,28.8,28.7
91,28.9,28.9,28.9,29.0,29.2,29.0,29.0,29.1,29.2,29.2,29.2,29.3,29.2,29.5,29.4,29.5,29.3,29.4,29.5,29.3,29.4,29.5,29.6,29.7,29.7,29.8,29.8,29.9,29.7,29.8,30.0,29.9,30.1,30.0,30.1,30.3,30.4,30.4,30.8,30.9,30.8,30.9,30.9,30.9,30.8,31.1,31.1,31.1,31.1,31.1,31.0,31.0,31.0,30.9,30.9,31.0,30.9,30.8,31.0,30.8,30.9,31.0,31.0,31.0,31.2,31.2,31.1,31.3,31.2,31.3,31.3,31.4,31.4,31.3,31.3,31.3,31.2,31.3,31.3,31.3,31.2,31.2,31.1,31.1,31.1,31.0,30.9,31.1,31.1,31.3,31.3,31.1,31.2,31.3,31.2,31.2,31.2,30.9,30.9,30.9,30.9,30.9,31.0,30.9,30.9,30.9,31.1,31.1,31.1,31.1,31.0,31.2,31.1,31.2,31.1,31.2,31.1,31.1,31.0,31.1,31.1,31.1,31.2,31.2,31.0,31.0,31.0,30.9,30.8,30.6,31.1,30.8,30.9,30.9,30.9,30.9,31.1,30.9,30.9,31.1,30.8,30.9,30.7,30.8,30.8,30.5,30.6,30.4,30.2,30.1,29.9,29.9,29.8,29.8,29.6,29.5,29.4,29.5,29.3,29.4,29.3,29.5,29.2,29.3,29.2,29.3,29.1,29.1,29.0,29.1,29.2,29.2,29.1,29.0,29.2,28.9,28.9,29.0,29.0,28.9,28.9,28.9,28.9,28.8,28.8,28.8,28.8,28.8,28.8,28.7,28.8,28.9
92,29.0,29.0,29.0,29.0,29.2,29.0,29.1,29.0,29.1,29.2,29.1,29.3,29.3,29.2,29.2,29.4,29.3,29.5,29.5,29.5,29.7,29.6,29.4,29.7,29.6,29.5,29.7,29.8,29.8,29.9,30.0,30.1,30.1,30.2,30.1,30.3,30.5,30.5,30.7,30.8,30.8,30.9,30.9,30.9,31.1,31.0,31.0,31.2,31.1,31.2,31.0,31.0,31.2,31.1,30.9,31.0,31.1,30.8,30.8,30.9,31.0,30.9,31.0,31.0,31.1,31.3,31.4,31.4,31.3,31.4,31.2,31.2,31.3,31.4,31.4,31.3,31.3,31.3,31.3,31.3,31.2,31.1,31.2,31.1,31.0,31.3,31.1,31.2,31.2,31.3,31.2,31.4,31.3,31.3,31.4,31.3,31.3,31.0,31.1,31.0,30.9,30.9,30.9,31.1,31.0,31.0,31.1,31.2,31.3,31.1,31.2,31.4,31.2,31.2,31.1,31.1,31.2,31.1,31.3,31.3,31.1,31.2,31.1,31.1,31.1,31.0,30.8,30.9,30.9,30.9,30.9,30.9,31.0,30.8,30.8,31.0,30.9,31.1,31.0,31.1,31.0,30.9,30.8,30.8,30.7,30.9,30.7,30.3,30.1,30.0,29.8,29.8,29.8,29.8,29.5,29.6,29.5,29.6,29.4,29.3,29.4,29.2,29.5,29.2,29.2,29.1,29.1,29.1,29.1,29.2,29.1,29.0,29.1,29.0,28.8,29.0,28.9,29.0,28.9,29.0,28.8,29.0,29.0,28.9,28.8,28.9,28.7,28.8,28.7,28.8,28.7,28.8
93,29.0,29.0,29.1,29.0,29.1,29.2,29.2,29.1,29.1,29.3,29.4,29.3,29.2,29.3,29.3,29.4,29.4,29.6,29.4,29.6,29.7,29.6,29.8,29.7,29.8,30.0,29.9,29.8,29.9,30.0,30.0,30.1,30.1,30.2,30.3,30.4,30.6,30.6,30.7,30.9,30.9,31.0,30.9,31.0,31.0,31.1,30.9,31.1,31.0,31.1,30.9,31.1,31.0,31.0,30.9,31.0,31.0,30.9,30.8,30.9,30.8,30.9,31.0,31.1,31.1,31.2,31.2,31.4,31.4,31.3,31.3,31.3,31.3,31.4,31.2,31.3,31.3,31.1,31.4,31.1,31.1,31.1,31.0,31.0,31.0,31.3,31.1,31.3,31.2,31.3,31.3,31.3,31.3,31.3,31.3,31.2,31.2,31.2,31.2,31.1,31.1,30.9,30.9,30.7,31.0,30.9,31.0,31.1,31.2,31.1,31.2,31.4,31.1,31.1,31.2,31.2,31.2,31.2,31.1,31.1,31.1,31.0,31.1,31.0,31.2,30.9,31.0,30.8,30.8,31.0,31.0,31.0,30.9,31.0,31.0,30.9,31.0,31.1,31.0,31.0,31.1,30.8,30.7,30.8,30.7,30.7,30.5,30.2,30.2,30.0,29.8,29.9,29.8,29.7,29.5,29.7,29.6,29.5,29.4,29.4,29.4,29.4,29.3,29.4,29.2,29.2,29.3,29.2,29.2,29.3,29.3,29.1,28.9,29.2,29.1,29.0,29.0,29.0,29.0,28.8,28.8,28.9,28.9,29.0,28.6,28.9,28.8,28.8,28.9,28.8,28.6,28.8
94,29.0,28.8,29.1,29.0,29.2,29.1,29.2,29.1,29.2,29.3,29.2,29.4,29.3,29.5,29.4,29.5,29.4,29.5,29.6,29.5,29.5,29.7,29.5,29.8,29.8,29.8,29.8,30.0,30.0,30.1,29.9,30.1,30.1,30.3,30.4,30.3,30.4,30.6,30.7,30.8,30.9,30.9,31.1,31.0,31.1,31.0,31.2,30.9,31.1,31.2,31.1,31.0,31.1,31.0,31.0,31.0,31.0,30.9,30.9,30.9,30.9,31.0,31.0,31.1,31.3,31.5,31.4,31.2,31.4,31.2,31.2,31.2,31.3,31.4,31.3,31.4,31.1,31.2,31.3,31.2,31.0,31.0,31.1,31.3,31.2,31.4,31.4,31.3,31.3,31.2,31.3,31.4,31.3,31.3,31.4,31.3,31.3,31.2,31.1,31.2,31.1,31.0,31.0,31.1,31.0,31.0,31.1,31.1,31.1,31.3,31.2,31.1,31.2,31.3,31.3,31.2,31.3,31.2,31.1,31.3,31.3,31.1,31.3,31.3,31.0,30.9,31.0,30.9,30.9,31.1,31.1,31.0,31.0,31.0,31.1,31.1,31.1,31.0,31.1,31.1,30.9,30.9,31.0,30.8,30.8,30.9,30.7,30.4,30.2,30.0,30.0,29.8,29.8,29.7,29.5,29.6,29.7,29.6,29.6,29.6,29.5,29.3,29.3,29.4,29.4,29.3,29.2,29.2,29.2,29.0,29.1,29.1,29.1,29.1,29.2,29.1,29.0,29.0,29.0,28.8,29.0,28.8,28.9,28.7,29.0,28.8,28.6,28.8,28.9,28.7,28.8,28.5
95,29.1,29.0,29.0,29.1,28.9,29.2,29.1,29.1,29.2,29.3,29.3,29.2,29.3,29.2,29.3,29.4,29.4,29.5,29.6,29.6,29.6,29.4,29.7,29.6,29.7,29.9,29.8,29.9,30.0,30.0,30.2,30.1,30.1,30.2,30.2,30.4,30.4,30.6,30.7,30.8,30.7,30.9,30.9,30.9,31.0,31.0,30.9,31.1,30.9,31.0,31.0,31.1,31.1,30.9,31.0,31.0,30.9,30.9,30.9,30.8,31.0,30.9,30.9,31.1,31.3,31.2,31.1,31.4,31.3,31.2,31.2,31.3,31.4,31.4,31.4,31.2,31.3,31.2,31.1,31.2,31.1,31.1,31.0,31.1,31.3,31.2,31.3,31.4,31.1,31.2,31.2,31.3,31.2,31.3,31.3,31.3,31.3,31.3,31.2,31.1,31.2,31.2,31.0,31.1,31.0,30.9,30.9,30.9,31.0,31.1,31.3,31.3,31.1,31.3,31.1,31.2,31.1,31.2,31.1,31.2,31.1,31.1,31.1,31.1,31.0,30.9,31.0,31.0,31.0,31.0,30.9,31.1,30.9,31.0,31.1,31.0,31.0,31.1,31.1,31.0,31.0,30.9,31.0,30.8,30.9,30.7,30.6,30.4,30.2,30.1,29.9,29.9,29.8,29.6,29.6,29.6,29.4,29.5,29.6,29.4,29.4,29.2,29.3,29.3,29.4,29.3,29.2,29.4,29.2,29.2,29.2,29.1,29.1,29.0,29.0,29.1,29.0,28.9,28.9,28.8,28.9,28.8,28.8,28.9,28.9,28.8,28.6,28.8,28.7,28.8,28.8,28.8
96,29.0,29.1,29.1,29.2,29.0,29.2,29.1,29.1,29.2,29.2,29.3,29.3,29.3,29.4,29.4,29.5,29.6,29.5,29.4,29.5,29.5,29.6,29.7,29.8,29.8,29.8,29.9,29.9,29.8,30.0,30.1,30.0,30.2,30.3,30.3,30.4,30.5,30.5,30.8,30.9,30.9,30.9,30.9,30.8,31.0,31.0,31.1,30.8,31.1,31.0,30.9,31.1,31.1,31.0,30.9,30.9,31.1,30.9,30.9,30.9,31.0,31.0,30.9,31.2,31.3,31.3,31.3,31.3,31.3,31.3,31.2,31.2,31.3,31.4,31.1,31.2,31.3,31.2,31.2,31.0,31.2,31.1,31.1,31.3,31.3,31.4,31.3,31.2,31.1,31.3,31.2,31.3,31.3,31.3,31.3,31.2,31.3,31.2,31.2,31.1,31.1,31.1,31.0,31.1,30.9,30.8,31.0,31.0,31.0,31.2,31.2,31.1,31.2,31.1,31.2,31.2,31.3,31.1,31.1,31.2,31.1,31.1,31.2,31.2,31.0,31.0,31.0,31.1,31.0,31.0,31.0,31.0,31.0,31.1,31.0,31.1,31.1,31.1,31.0,31.0,30.9,30.9,30.9,30.9,30.8,30.8,30.8,30.4,30.2,30.0,29.8,29.8,29.7,29.8,29.5,29.6,29.5,29.6,29.3,29.4,29.5,29.3,29.4,29.2,29.4,29.5,29.2,29.1,29.1,29.1,29.1,29.1,29.1,28.9,28.8,29.0,28.9,28.9,28.9,29.0,28.9,28.8,29.0,28.8,28.8,29.1,28.9,28.9,28.9,28.9,28.8,28.7
97,29.1,29.2,29.1,29.0,29.1,29.2,29.2,29.2,29.3,29.3,29.3,29.4,29.2,29.5,29.4,29.5,29.5,29.6,29.5,29.7,29.7,29.7,29.8,29.7,30.0,29.9,29.9,30.0,30.0,30.0,30.0,30.1,30.3,30.3,30.2,30.4,30.5,30.7,30.8,30.8,31.0,30.9,31.0,31.0,31.1,31.1,31.1,31.2,31.2,31.0,30.9,31.0,31.1,31.1,30.9,31.1,31.1,30.9,30.9,31.0,30.9,31.0,31.1,31.0,31.3,31.2,31.2,31.3,31.3,31.3,31.2,31.3,31.3,31.1,31.3,31.3,31.2,31.1,31.1,31.1,31.1,31.2,31.1,31.3,31.2,31.4,31.2,31.3,31.3,31.2,31.3,31.2,31.1,31.1,31.2,31.4,31.1,31.2,31.2,31.3,31.2,31.3,31.0,31.0,30.9,31.1,30.9,30.9,30.9,31.1,31.2,31.1,31.1,31.3,31.1,31.3,31.1,31.1,31.2,31.1,31.1,31.3,31.2,31.2,31.1,31.1,31.1,31.1,31.1,31.0,31.0,31.0,31.1,31.0,31.1,30.9,30.9,31.0,31.0,31.1,31.0,30.9,30.9,30.9,30.9,30.9,30.7,30.4,30.4,30.1,30.0,29.8,29.8,29.7,29.6,29.6,29.5,29.8,29.4,29.3,29.4,29.4,29.5,29.2,29.2,29.4,29.3,29.3,29.2,29.1,29.1,29.0,29.0,29.1,29.0,29.0,29.0,29.0,29.0,29.0,28.9,28.9,28.8,28.9,28.7,28.8,28.9,28.9,28.9,28.9,28.9,28.6
98,29.1,29.1,29.1,29.2,29.2,29.2,29.2,29.3,29.2,29.2,29.3,29.4,29.5,29.8,29.5,29.6,29.5,29.6,29.5,29.6,29.7,29.8,29.7,29.8,29.9,29.9,30.0,29.9,30.1,30.0,30.1,30.1,30.1,30.2,30.1,30.4,30.5,30.8,30.7,30.9,30.8,31.0,30.9,31.0,31.2,31.0,31.2,31.1,31.1,31.1,31.0,30.9,31.1,31.0,31.0,31.0,31.1,31.1,31.0,31.1,31.0,31.0,31.1,31.2,31.3,31.2,31.3,31.3,31.3,31.2,31.3,31.3,31.2,31.3,31.2,31.1,31.0,31.1,31.1,31.1,31.1,31.2,31.2,31.2,31.4,31.4,31.3,31.3,31.3,31.2,31.3,31.3,31.3,31.3,31.3,31.2,31.2,31.2,31.3,31.1,31.1,31.3,31.1,31.1,31.1,31.1,30.9,30.9,31.0,31.0,31.1,31.1,31.1,31.1,31.1,31.0,31.2,31.1,31.2,31.2,31.1,31.1,31.3,31.1,30.9,31.1,31.1,31.1,31.1,31.1,31.2,30.9,30.9,31.0,31.1,31.0,30.9,31.0,30.9,31.1,31.0,31.0,30.9,30.8,30.9,30.7,30.6,30.3,30.2,30.0,29.8,30.0,29.8,29.7,29.6,29.6,29.7,29.4,29.4,29.4,29.4,29.4,29.3,29.3,29.3,29.3,29.2,29.3,29.0,29.2,29.1,29.2,29.0,29.3,29.2,29.0,29.0,29.0,29.1,28.9,29.0,29.0,28.8,29.0,28.9,28.8,29.0,28.9,28.7,28.8,28.8,28.9
99,29.1,29.2,29.0,29.3,29.4,29.1,29.1,29.2,29.3,29.3,29.4,29.4,29.4,29.5,29.6,29.6,29.5,29.6,29.6,29.6,30.0,29.8,29.9,29.7,29.8,29.9,30.0,29.9,30.0,30.1,30.1,30.2,30.2,30.4,30.3,30.3,30.4,30.7,30.6,30.7,30.9,31.1,31.0,31.0,31.1,31.1,31.1,31.2,31.3,31.2,31.0,31.4,31.2,31.2,31.1,31.0,31.1,31.1,31.1,31.0,31.1,31.1,31.1,31.1,31.1,31.3,31.3,31.4,31.2,31.2,31.4,31.4,31.3,31.1,31.2,31.1,31.1,31.1,31.2,31.3,31.2,31.2,31.2,31.1,31.2,31.3,31.4,31.2,31.3,31.4,31.2,31.2,31.4,31.3,31.3,31.3,31.3,31.2,31.2,31.2,31.3,31.2,31.1,31.1,31.1,31.2,31.1,30.9,31.0,31.1,31.2,31.0,31.0,31.1,31.1,31.1,31.3,31.1,31.1,31.3,31.1,31.3,31.1,31.2,31.0,31.0,31.2,31.1,31.0,31.1,31.0,31.1,31.1,31.0,30.9,31.1,31.0,31.1,31.1,31.0,31.0,31.1,30.8,30.9,30.9,30.8,30.7,30.4,30.3,29.9,29.9,29.9,29.7,29.7,29.7,29.7,29.7,29.5,29.5,29.4,29.4,29.4,29.4,29.4,29.4,29.2,29.3,29.3,29.2,29.1,29.2,29.2,29.0,29.1,29.0,29.0,29.1,29.0,29.0,28.8,29.0,28.9,28.9,28.8,28.9,28.7,28.9,29.0,28.7,28.6,28.6,28.8
100,29.0,29.1,29.2,29.3,29.4,29.4,29.3,29.4,29.4,29.5,29.6,29.5,29.4,29.6,29.5,29.8,29.7,29.7,29.9,29.8,29.9,29.8,30.0,30.1,29.9,30.2,30.1,30.0,30.0,30.2,30.4,30.3,30.2,30.2,30.4,30.3,30.4,30.5,30.5,30.7,30.9,31.0,31.1,31.2,31.3,31.2,31.3,31.1,31.3,31.2,31.1,31.2,31.3,31.2,31.2,31.3,31.2,31.2,31.2,31.2,31.1,31.2,31.2,31.2,31.3,31.3,31.3,31.3,31.3,31.2,31.3,31.3,31.2,31.1,31.1,31.2,31.1,31.1,31.0,31.4,31.1,31.1,31.1,31.3,31.3,31.3,31.3,31.3,31.3,31.1,31.3,31.2,31.2,31.3,31.2,31.2,31.4,31.1,31.1,31.3,31.1,31.3,31.2,31.3,31.3,31.1,31.1,31.0,31.0,31.1,31.1,31.2,30.8,31.0,31.2,31.1,31.1,31.3,31.1,31.3,31.2,31.2,31.2,31.1,31.1,31.1,31.0,31.1,31.1,31.1,31.0,31.3,31.0,31.2,31.2,31.1,31.1,31.0,31.0,30.9,30.9,30.9,31.0,30.9,30.9,30.9,30.6,30.5,30.3,30.2,30.0,30.0,29.8,29.8,29.7,29.5,29.6,29.5,29.5,29.5,29.5,29.3,29.3,29.3,29.5,29.3,29.2,29.3,29.1,29.2,29.3,29.1,29.0,29.0,29.2,29.1,29.1,29.0,29.1,29.0,28.9,28.9,28.8,28.9,29.0,28.8,28.8,28.7,28.8,28.8,28.8,28.8
101,29.2,29.2,29.4,29.3,29.4,29.4,29.4,29.4,29.4,29.6,29.5,29.9,29.7,29.8,30.0,30.0,29.9,30.1,29.9,30.0,30.0,30.1,30.2,30.2,30.2,30.0,30.2,30.3,30.4,30.2,30.1,30.2,30.3,30.2,30.4,30.4,30.5,30.4,30.4,30.6,30.7,30.9,31.0,31.1,31.2,31.0,31.2,31.2,31.3,31.4,31.3,31.3,31.3,31.4,31.3,31.1,31.2,31.2,31.1,31.2,31.3,31.3,31.3,31.2,31.3,31.3,31.3,31.2,31.2,31.2,31.1,31.1,31.1,31.1,31.0,31.2,31.0,31.3,31.1,31.3,31.2,31.2,31.3,31.2,31.2,31.3,31.2,31.2,31.3,31.2,31.3,31.3,31.4,31.1,31.3,31.2,31.1,31.1,31.4,31.2,31.2,31.1,31.2,31.2,31.2,31.1,31.1,31.1,31.0,30.9,31.1,31.1,31.0,31.1,31.1,31.3,31.1,31.2,31.3,31.2,31.2,31.3,31.1,31.1,31.2,31.0,31.0,31.0,31.1,31.0,31.1,31.1,31.1,31.2,31.0,31.1,31.1,31.0,30.9,31.0,31.0,31.0,30.9,30.9,30.8,30.9,30.5,30.4,30.2,30.2,30.0,30.0,29.7,29.8,29.5,29.6,29.6,29.4,29.6,29.4,29.5,29.4,29.2,29.2,29.3,29.1,29.1,29.1,29.2,29.1,29.1,29.1,29.2,28.9,28.9,29.2,29.0,28.9,29.0,28.9,28.9,28.9,28.8,29.0,28.8,28.8,28.8,28.9,28.8,28.9,28.8,28.9
102,29.6,29.8,29.6,29.9,29.8,29.8,29.9,29.8,29.9,29.9,30.0,30.2,30.3,30.4,30.4,30.5,30.3,30.5,30.4,30.4,30.4,30.5,30.6,30.6,30.5,30.8,30.5,30.5,30.4,30.5,30.5,30.5,30.3,30.5,30.4,30.5,30.4,30.4,30.4,30.8,30.9,31.0,31.1,31.1,31.2,31.0,31.1,31.2,31.4,31.3,31.3,31.3,31.3,31.4,31.3,31.4,31.3,31.2,31.1,31.1,31.3,31.1,31.2,31.3,31.3,31.3,31.4,31.4,31.1,31.4,31.2,31.3,31.1,31.3,31.2,31.1,31.3,31.3,31.2,31.3,31.3,31.3,31.1,31.3,31.3,31.3,31.3,31.2,31.1,31.3,31.3,31.2,31.3,31.3,31.1,31.3,31.3,31.2,31.5,31.2,31.3,31.2,31.3,31.2,31.2,31.1,31.3,31.2,31.1,31.0,31.1,31.0,31.1,31.1,31.2,31.2,31.4,31.2,31.3,31.2,31.1,31.3,31.3,31.2,31.1,31.1,31.1,31.0,31.1,31.0,31.1,31.1,31.1,31.1,31.2,31.1,31.1,31.1,31.2,31.1,31.1,31.1,31.1,30.9,30.7,30.8,30.7,30.3,30.3,30.1,30.0,29.9,30.0,29.9,29.8,29.5,29.7,29.4,29.4,29.4,29.6,29.4,29.4,29.4,29.2,29.3,29.3,29.2,29.3,29.3,29.2,29.2,29.0,29.2,29.2,29.1,28.9,29.0,29.0,28.9,28.9,29.0,28.9,29.0,28.8,28.8,28.9,28.9,28.8,28.8,28.8,28.8
103,30.0,30.1,30.1,30.2,30.2,30.2,30.4,30.3,30.4,30.4,30.4,30.6,30.6,30.7,30.7,30.6,30.7,30.9,30.8,30.8,30.8,30.7,30.8,30.7,30.6,30.7,30.6,30.5,30.7,30.6,30.7,30.7,30.4,30.5,30.4,30.5,30.4,30.5,30.6,30.9,30.9,31.0,31.1,31.1,31.1,31.2,31.2,31.2,31.3,31.3,31.4,31.3,31.5,31.4,31.3,31.3,31.3,31.2,31.1,31.3,31.2,31.1,31.3,31.3,31.2,31.3,31.3,31.3,31.2,31.2,31.3,31.4,31.3,31.3,31.3,31.2,31.2,31.2,31.1,31.4,31.3,31.2,31.2,31.1,31.2,31.2,31.3,31.2,31.2,31.3,31.1,31.3,31.2,31.2,31.2,31.1,31.2,31.1,31.1,31.2,31.2,31.3,31.4,31.3,31.2,31.2,31.2,31.1,31.2,31.2,31.1,31.0,31.1,31.0,31.1,31.1,31.2,31.1,31.2,31.2,31.2,31.2,31.2,31.2,31.1,30.9,31.0,31.1,30.9,31.1,31.1,31.1,31.2,31.2,31.2,31.1,31.1,31.0,31.1,31.1,31.1,31.0,31.1,31.0,31.0,30.9,30.6,30.5,30.3,30.1,29.9,30.0,29.7,29.8,29.7,29.7,29.7,29.6,29.4,29.3,29.5,29.5,29.4,29.2,29.3,29.3,29.2,29.2,29.4,29.2,29.2,28.9,29.0,29.2,29.1,29.1,29.0,29.0,29.1,29.0,28.9,29.0,29.0,28.9,28.8,28.8,28.7,28.9,29.0,28.7,28.8,28.8
104,30.4,30.4,30.4,30.5,30.4,30.6,30.5,30.6,30.6,30.6,30.6,30.7,30.9,30.8,30.9,30.9,30.9,31.1,31.0,30.9,30.9,31.0,30.9,30.7,30.8,30.9,30.7,30.7,30.7,30.9,30.8,30.6,30.7,30.5,30.4,30.7,30.6,30.8,30.7,30.7,30.9,31.1,31.2,31.3,31.2,31.3,31.2,31.3,31.4,31.4,31.4,31.3,31.4,31.3,31.3,31.3,31.1,31.3,31.3,31.3,31.2,31.3,31.4,31.3,31.3,31.4,31.3,31.4,31.4,31.4,31.4,31.3,31.3,31.4,31.1,31.5,31.3,31.3,31.3,31.3,31.3,31.4,31.3,31.3,31.4,31.4,31.3,31.3,31.3,31.2,31.2,31.2,31.2,31.2,31.2,31.3,31.1,31.2,31.3,31.3,31.3,31.3,31.3,31.4,31.3,31.3,31.0,31.1,31.3,31.2,31.1,31.1,31.1,31.1,31.0,31.1,31.2,31.2,31.2,31.1,31.2,31.3,31.3,31.1,31.2,31.0,31.1,31.0,31.1,31.2,31.0,31.1,31.1,31.1,31.2,31.2,31.1,31.1,31.1,30.9,31.0,31.2,31.1,30.9,30.9,30.8,30.7,30.6,30.5,30.0,29.8,29.9,29.9,29.8,29.7,29.8,29.6,29.5,29.5,29.5,29.4,29.4,29.5,29.3,29.5,29.3,29.3,29.3,29.2,29.3,29.1,29.0,29.0,29.2,29.1,29.1,29.0,29.2,29.1,29.0,29.0,29.0,28.8,28.9,28.8,28.8,28.9,28.9,28.9,28.6,28.8,28.7
105,30.5,30.5,30.4,30.6,30.6,30.7,30.5,30.8,30.6,30.7,30.9,30.9,30.9,31.0,31.0,31.0,30.9,30.9,31.0,31.0,31.0,30.8,30.8,30.9,31.0,30.9,30.9,31.0,30.9,30.9,30.9,30.7,30.6,30.5,30.4,30.6,30.6,30.7,30.7,30.9,30.9,31.1,31.1,31.4,31.3,31.3,31.4,31.3,31.4,31.4,31.3,31.1,31.2,31.2,31.5,31.4,31.4,31.3,31.2,31.3,31.2,31.3,31.1,31.3,31.2,31.2,31.3,31.3,31.2,31.2,31.3,31.2,31.4,31.4,31.3,31.2,31.2,31.2,31.2,31.3,31.1,31.4,31.3,31.3,31.3,31.3,31.2,31.1,31.1,31.1,31.3,31.3,31.2,31.2,31.3,31.3,31.1,31.2,31.1,31.2,31.1,31.3,31.1,31.3,31.3,31.3,31.1,31.1,31.3,31.1,31.2,31.2,31.0,31.0,30.9,31.2,31.1,31.1,31.3,31.2,31.1,31.3,31.1,31.3,31.3,31.1,31.2,31.0,31.1,31.1,31.0,31.2,31.1,31.0,31.1,31.1,30.9,31.1,31.2,31.2,31.1,30.9,30.9,30.9,30.8,30.7,30.5,30.5,30.2,30.0,29.9,30.0,30.0,29.9,29.7,29.7,29.6,29.5,29.6,29.5,29.4,29.4,29.4,29.3,29.2,29.3,29.3,29.3,29.2,29.2,29.3,29.1,29.0,29.0,28.8,29.0,29.0,29.0,28.9,29.0,29.0,28.9,28.9,28.8,29.0,28.8,28.8,28.8,28.8,28.8,28.8,28.6
106,30.6,30.8,30.8,30.8,30.7,30.9,30.8,30.9,30.9,31.0,31.0,31.0,31.2,31.2,31.2,31.1,31.1,31.3,31.1,31.2,31.2,31.1,31.0,31.1,31.0,31.0,31.0,30.9,30.9,30.9,30.9,30.7,30.5,30.4,30.5,30.8,30.9,31.0,31.3,31.2,31.2,31.5,31.3,31.6,31.5,31.5,31.4,31.4,31.4,31.4,31.4,31.3,31.3,31.3,31.3,31.3,31.3,31.3,31.4,31.1,31.4,31.2,31.3,31.4,31.4,31.2,31.4,31.3,31.4,31.3,31.3,31.3,31.4,31.4,31.3,31.4,31.3,31.3,31.3,31.4,31.3,31.3,31.3,31.2,31.2,31.3,31.3,31.2,31.4,31.3,31.3,31.4,31.3,31.2,31.3,31.4,31.3,31.1,31.3,31.2,31.3,31.2,31.3,31.3,31.4,31.2,31.2,31.3,31.1,31.2,31.2,31.2,31.3,31.1,31.0,31.0,31.1,31.3,31.2,31.2,31.3,31.3,31.4,31.3,31.2,31.3,31.2,31.2,31.2,31.1,31.2,31.3,31.2,31.1,31.1,30.9,31.2,31.2,31.2,31.1,31.1,31.1,30.9,30.8,30.9,31.0,30.7,30.5,30.3,30.2,30.1,30.0,29.8,29.9,29.9,29.8,29.8,29.7,29.5,29.6,29.5,29.5,29.6,29.4,29.3,29.4,29.4,29.2,29.3,29.1,29.4,29.2,29.3,29.2,29.2,29.1,28.9,29.0,29.1,29.0,29.0,29.0,29.0,29.0,28.9,28.9,28.9,28.8,28.9,28.8,28.8,28.9
107,30.8,30.7,30.7,30.9,30.8,30.9,30.9,30.9,30.9,31.1,31.0,31.2,31.2,31.3,31.1,31.1,31.2,31.4,31.1,31.3,31.2,31.2,31.2,31.2,31.3,31.0,31.1,30.9,31.0,30.7,30.7,30.6,30.6,30.4,30.6,30.8,31.0,31.3,31.4,31.5,31.4,31.5,31.4,31.5,31.6,31.6,31.6,31.5,31.5,31.4,31.2,31.3,31.3,31.2,31.3,31.1,31.2,31.3,31.3,31.4,31.3,31.4,31.3,31.3,31.4,31.2,31.3,31.3,31.4,31.2,31.5,31.2,31.3,31.3,31.3,31.3,31.3,31.3,31.5,31.5,31.3,31.4,31.2,31.3,31.3,31.3,31.3,31.4,31.3,31.4,31.3,31.2,31.2,31.2,31.2,31.3,31.4,31.3,31.3,31.2,31.3,31.2,31.2,31.3,31.3,31.4,31.2,31.3,31.3,31.2,31.2,31.3,31.3,31.2,31.1,31.1,31.1,31.2,31.2,31.1,31.1,31.3,31.4,31.3,31.3,31.2,31.4,31.2,31.2,31.3,31.1,31.0,31.0,30.9,30.9,31.0,31.2,31.1,31.0,31.0,31.1,31.0,30.9,31.0,31.1,30.8,30.7,30.6,30.4,30.2,30.1,29.9,29.9,29.9,29.8,29.6,29.7,29.5,29.7,29.6,29.6,29.4,29.6,29.4,29.4,29.4,29.2,29.3,29.3,29.3,29.3,29.1,29.2,29.0,29.1,29.1,29.1,28.9,29.0,29.0,29.0,28.9,28.9,28.8,28.9,28.9,28.9,28.8,28.8,28.9,28.8,28.7
108,30.7,30.9,30.8,30.9,30.9,31.1,31.0,31.1,31.1,31.1,31.1,31.2,31.2,31.3,31.3,31.3,31.3,31.3,31.3,31.3,31.3,31.3,31.2,31.0,31.0,31.0,31.1,31.1,30.9,30.9,30.7,30.5,30.4,30.4,30.5,30.9,31.2,31.4,31.4,31.5,31.6,31.6,31.6,31.6,31.5,31.6,31.6,31.6,31.6,31.5,31.4,31.4,31.4,31.3,31.3,31.3,31.3,31.2,31.3,31.3,31.3,31.3,31.5,31.3,31.2,31.3,31.4,31.5,31.4,31.5,31.3,31.4,31.3,31.3,31.3,31.4,31.3,31.3,31.3,31.3,31.4,31.4,31.4,31.3,31.3,31.3,31.3,31.4,31.4,31.3,31.3,31.4,31.3,31.3,31.4,31.3,31.4,31.3,31.3,31.5,31.3,31.3,31.4,31.3,31.3,31.4,31.3,31.3,31.3,31.4,31.4,31.4,31.2,31.3,31.2,31.1,31.1,31.0,31.3,31.2,31.1,31.2,31.3,31.4,31.3,31.3,31.3,31.3,31.2,31.1,31.2,31.1,30.9,31.0,30.8,30.9,31.0,31.1,31.0,31.1,31.0,31.1,30.9,31.1,31.0,30.8,30.8,30.6,30.2,30.1,30.3,30.0,29.9,29.8,29.7,29.8,29.6,29.7,29.6,29.5,29.5,29.4,29.4,29.4,29.5,29.4,29.3,29.2,29.3,29.3,29.3,29.1,29.1,29.0,29.0,29.2,29.1,29.0,29.1,28.9,29.0,29.1,29.0,29.0,28.9,28.9,28.8,28.7,28.7,28.9,28.8,28.6
109,30.8,30.9,30.9,31.1,31.0,31.2,31.0,31.1,31.1,31.2,31.3,31.3,31.2,31.3,31.3,31.3,31.3,31.5,31.4,31.3,31.4,31.4,31.1,31.1,31.3,31.1,31.0,31.1,31.0,31.0,30.7,30.6,30.3,30.3,30.4,30.8,31.2,31.3,31.7,31.7,31.5,31.6,31.4,31.7,31.5,31.7,31.6,31.7,31.6,31.6,31.4,31.4,31.4,31.3,31.3,31.1,31.2,31.3,31.3,31.3,31.3,31.5,31.3,31.4,31.4,31.4,31.4,31.3,31.4,31.3,31.4,31.3,31.3,31.3,31.4,31.4,31.4,31.3,31.3,31.3,31.3,31.4,31.3,31.4,31.4,31.4,31.3,31.3,31.4,31.2,31.3,31.3,31.6,31.2,31.1,31.3,31.2,31.3,31.3,31.2,31.2,31.1,31.3,31.4,31.3,31.3,31.4,31.4,31.4,31.3,31.3,31.4,31.3,31.1,31.1,31.1,31.2,31.2,31.1,31.2,31.2,31.2,31.3,31.2,31.3,31.1,31.3,31.3,31.2,31.2,31.1,31.0,30.8,31.0,30.9,31.0,31.0,31.1,31.2,31.1,31.0,31.0,31.0,31.0,31.1,30.7,30.7,30.5,30.4,30.3,30.0,30.0,29.9,30.0,29.8,29.8,29.8,29.7,29.6,29.5,29.4,29.5,29.5,29.4,29.4,29.4,29.3,29.3,29.3,29.3,29.3,29.2,29.1,29.0,29.1,29.0,29.1,29.0,29.0,28.9,29.0,28.9,29.0,28.8,29.0,28.9,28.7,28.9,28.8,28.8,29.0,28.8
110,30.9,30.8,31.0,31.1,31.0,31.2,31.2,31.3,31.2,31.3,31.3,31.4,31.4,31.4,31.3,31.5,31.4,31.4,31.5,31.3,31.3,31.4,31.5,31.3,31.2,31.2,31.0,31.1,31.0,30.8,30.7,30.5,30.4,30.5,30.6,30.8,31.2,31.5,31.6,31.6,31.7,31.7,31.6,31.6,31.7,31.6,31.5,31.6,31.7,31.5,31.4,31.4,31.7,31.4,31.4,31.5,31.4,31.4,31.3,31.5,31.4,31.3,31.3,31.5,31.4,31.4,31.4,31.4,31.4,31.3,31.4,31.4,31.3,31.5,31.3,31.4,31.3,31.4,31.3,31.4,31.3,31.3,31.4,31.2,31.2,31.5,31.3,31.4,31.4,31.4,31.2,31.3,31.2,31.3,31.4,31.4,31.3,31.1,31.3,31.3,31.4,31.3,31.3,31.3,31.4,31.3,31.3,31.3,31.2,31.2,31.3,31.3,31.3,31.3,31.2,31.1,31.1,31.1,31.1,31.1,31.3,31.4,31.3,31.3,31.3,31.2,31.3,31.3,31.1,31.1,31.2,31.0,31.0,31.0,31.0,31.0,31.0,31.2,31.3,31.1,31.0,30.9,30.9,30.9,30.9,30.9,30.6,30.5,30.4,30.2,30.0,29.9,30.0,29.8,29.8,29.7,29.7,29.7,29.7,29.5,29.5,29.5,29.5,29.5,29.4,29.4,29.4,29.3,29.3,29.2,29.2,29.2,29.2,29.1,29.1,29.2,29.1,29.1,29.0,28.9,29.0,28.9,29.0,28.9,28.9,28.8,29.0,29.0,28.9,29.0,28.9,28.7
111,30.9,31.1,31.1,31.2,31.3,31.2,31.1,31.2,31.2,31.3,31.4,31.4,31.4,31.5,31.4,31.5,31.5,31.4,31.3,31.3,31.3,31.3,31.4,31.4,31.3,31.3,31.4,31.1,31.3,31.0,30.7,30.5,30.2,30.5,30.5,30.9,31.4,31.6,31.6,31.6,31.6,31.7,31.6,31.5,31.5,31.7,31.6,31.6,31.4,31.6,31.4,31.4,31.4,31.5,31.4,31.4,31.3,31.3,31.5,31.4,31.4,31.4,31.3,31.4,31.4,31.3,31.3,31.4,31.3,31.2,31.4,31.3,31.4,31.3,31.3,31.5,31.4,31.3,31.3,31.2,31.2,31.4,31.4,31.3,31.4,31.3,31.3,31.3,31.3,31.2,31.2,31.4,31.4,31.3,31.3,31.3,31.3,31.3,31.3,31.3,31.3,31.4,31.4,31.4,31.3,31.3,31.3,31.2,31.4,31.2,31.3,31.2,31.2,31.2,31.3,31.1,31.1,31.2,31.1,31.3,31.1,31.1,31.1,31.2,31.1,31.1,31.2,31.1,31.0,31.0,30.9,31.0,30.9,30.9,30.9,31.0,31.1,31.2,31.2,31.1,31.0,30.9,31.0,30.9,30.9,30.8,30.6,30.5,30.4,30.2,30.0,30.0,29.9,29.8,29.8,29.9,29.8,29.6,29.6,29.5,29.6,29.7,29.4,29.3,29.4,29.4,29.3,29.4,29.3,29.3,29.2,29.0,29.2,29.0,29.1,29.1,29.0,29.0,29.1,29.0,29.0,28.9,28.8,29.0,28.9,28.8,28.8,28.8,28.8,28.9,28.8,28.8
112,31.1,31.1,31.1,31.2,31.2,31.3,31.2,31.3,31.4,31.4,31.4,31.4,31.3,31.4,31.5,31.5,31.5,31.4,31.6,31.5,31.4,31.4,31.4,31.4,31.3,31.1,31.3,31.2,31.1,30.9,30.7,30.5,30.3,30.2,30.6,31.0,31.3,31.5,31.4,31.7,31.6,31.6,31.5,31.5,31.7,31.6,31.6,31.6,31.6,31.5,31.5,31.6,31.6,31.6,31.5,31.4,31.4,31.2,31.3,31.4,31.4,31.4,31.4,31.4,31.4,31.4,31.4,31.3,31.3,31.1,31.2,31.3,31.4,31.3,31.4,31.5,31.4,31.4,31.4,31.4,31.3,31.3,31.3,31.3,31.5,31.4,31.1,31.4,31.4,31.4,31.2,31.3,31.3,31.3,31.4,31.4,31.2,31.3,31.3,31.3,31.2,31.4,31.3,31.4,31.3,31.3,31.3,31.3,31.4,31.4,31.3,31.3,31.2,31.1,31.1,31.2,31.1,31.1,31.2,31.1,31.2,31.3,31.3,31.2,31.1,31.1,31.1,31.1,31.0,31.1,31.0,31.0,30.9,31.0,30.9,31.0,31.1,31.1,31.1,31.0,31.3,31.1,31.1,30.9,31.0,31.0,30.7,30.5,30.4,30.3,30.1,30.0,30.0,29.9,29.7,29.6,29.8,29.7,29.6,29.7,29.5,29.4,29.6,29.4,29.4,29.2,29.2,29.2,29.3,29.3,29.4,29.1,29.1,29.2,29.0,29.2,29.1,29.2,29.1,29.2,29.0,29.0,28.9,28.9,28.8,28.9,29.0,28.9,29.0,28.8,28.8,28.7
113,31.1,31.0,31.2,31.3,31.3,31.4,31.4,31.3,31.5,31.4,31.5,31.4,31.5,31.5,31.6,31.5,31.6,31.5,31.4,31.5,31.4,31.3,31.4,31.3,31.3,31.3,31.1,31.2,31.0,30.9,30.7,30.4,30.4,30.5,30.7,31.1,31.2,31.6,31.5,31.5,31.5,31.5,31.4,31.6,31.6,31.5,31.5,31.5,31.5,31.6,31.5,31.5,31.7,31.5,31.3,31.5,31.2,31.3,31.4,31.3,31.4,31.5,31.3,31.3,31.4,31.6,31.2,31.2,31.3,31.2,31.3,31.4,31.3,31.3,31.3,31.4,31.4,31.3,31.3,31.4,31.3,31.3,31.3,31.3,31.3,31.4,31.4,31.4,31.3,31.2,31.3,31.3,31.3,31.3,31.4,31.3,31.3,31.2,31.3,31.4,31.2,31.3,31.4,31.4,31.3,31.2,31.3,31.1,31.2,31.3,31.3,31.3,31.1,31.2,31.2,31.0,31.2,31.1,31.4,31.3,31.3,31.3,31.2,31.2,31.1,31.1,30.9,30.9,31.0,30.9,30.9,31.1,30.9,30.9,30.8,31.1,31.0,31.1,31.1,31.1,31.1,31.1,31.1,30.9,30.8,30.6,30.7,30.5,30.4,30.2,30.1,30.0,29.9,29.9,29.8,29.9,29.8,29.6,29.6,29.5,29.7,29.7,29.5,29.4,29.5,29.5,29.3,29.4,29.4,29.3,29.3,29.2,29.2,29.2,29.1,29.1,29.0,29.0,29.0,29.0,29.0,29.1,29.1,29.0,29.0,28.9,29.0,29.0,29.0,28.9,28.8,28.9
114,31.0,31.1,31.2,31.4,31.3,31.3,31.3,31.4,31.4,31.4,31.5,31.6,31.5,31.5,31.6,31.4,31.6,31.6,31.7,31.5,31.5,31.5,31.4,31.4,31.4,31.2,31.4,31.2,31.2,30.9,30.9,30.5,30.3,30.3,30.7,31.1,31.3,31.5,31.4,31.6,31.6,31.6,31.4,31.5,31.5,31.5,31.6,31.6,31.4,31.4,31.4,31.5,31.6,31.6,31.3,31.3,31.3,31.2,31.1,31.2,31.4,31.4,31.3,31.3,31.5,31.3,31.3,31.4,31.1,31.1,31.2,31.2,31.3,31.3,31.3,31.3,31.3,31.3,31.3,31.4,31.3,31.3,31.3,31.3,31.3,31.4,31.4,31.4,31.3,31.2,31.4,31.2,31.2,31.3,31.2,31.2,31.4,31.3,31.3,31.3,31.3,31.3,31.2,31.3,31.2,31.3,31.3,31.2,31.2,31.3,31.3,31.2,31.1,31.1,31.1,31.1,31.2,31.2,31.3,31.1,31.3,31.2,31.3,31.3,31.0,31.0,30.9,31.0,31.0,31.1,31.0,30.9,31.0,30.9,30.8,31.1,31.1,30.9,31.1,31.2,31.1,30.9,31.0,30.9,30.9,30.8,30.8,30.4,30.3,30.3,30.0,30.0,29.9,29.7,30.0,29.7,29.8,29.7,29.6,29.6,29.8,29.5,29.4,29.4,29.3,29.4,29.5,29.4,29.3,29.3,29.2,29.2,29.2,29.2,29.1,29.1,29.0,29.1,29.1,29.0,29.1,29.2,28.8,29.0,28.9,28.8,28.8,28.9,28.9,28.8,28.8,28.8
115,31.1,31.2,31.3,31.1,31.4,31.4,31.4,31.4,31.5,31.4,31.4,31.5,31.5,31.5,31.8,31.7,31.6,31.7,31.6,31.6,31.6,31.4,31.4,31.4,31.3,31.4,31.4,31.2,31.1,31.0,30.9,30.4,30.4,30.4,30.7,31.1,31.4,31.5,31.6,31.6,31.5,31.6,31.6,31.5,31.7,31.5,31.7,31.7,31.6,31.6,31.6,31.7,31.7,31.5,31.3,31.2,31.3,31.2,31.3,31.3,31.3,31.4,31.5,31.3,31.4,31.5,31.4,31.4,31.2,31.1,31.2,31.2,31.2,31.4,31.2,31.4,31.4,31.3,31.3,31.5,31.3,31.4,31.4,31.3,31.6,31.3,31.3,31.4,31.3,31.3,31.5,31.3,31.4,31.4,31.3,31.4,31.4,31.2,31.3,31.3,31.3,31.3,31.3,31.3,31.4,31.2,31.4,31.2,31.2,31.2,31.2,31.2,31.2,31.1,31.2,31.2,31.0,31.2,31.4,31.3,31.2,31.3,31.1,31.2,30.9,30.9,31.1,31.0,30.9,30.9,30.9,31.0,31.0,30.9,30.9,31.0,31.2,31.2,31.3,31.2,31.2,31.0,31.0,31.1,31.1,30.8,30.7,30.5,30.4,30.2,30.0,29.9,29.9,29.9,29.6,29.6,29.8,29.7,29.8,29.5,29.5,29.6,29.6,29.4,29.3,29.5,29.5,29.4,29.3,29.2,29.2,29.2,29.2,29.2,29.1,29.2,29.0,29.0,28.9,29.0,28.9,28.9,28.9,29.0,29.0,28.9,28.7,28.9,29.0,28.8,28.7,28.8
116,31.3,31.3,31.4,31.3,31.3,31.4,31.4,31.4,31.4,31.6,31.5,31.5,31.6,31.8,31.7,31.6,31.6,31.7,31.6,31.7,31.6,31.6,31.4,31.3,31.6,31.4,31.3,31.5,31.2,30.9,30.9,30.4,30.3,30.4,30.6,30.9,31.4,31.7,31.6,31.7,31.7,31.8,31.5,31.6,31.5,31.5,31.6,31.5,31.7,31.7,31.4,31.6,31.7,31.7,31.5,31.3,31.2,31.2,31.1,31.4,31.4,31.3,31.5,31.5,31.4,31.6,31.4,31.4,31.3,31.2,31.3,31.3,31.3,31.3,31.2,31.4,31.3,31.4,31.5,31.3,31.5,31.4,31.4,31.3,31.3,31.3,31.3,31.4,31.4,31.3,31.4,31.3,31.3,31.2,31.3,31.3,31.3,31.4,31.3,31.4,31.3,31.3,31.4,31.3,31.3,31.4,31.2,31.3,31.0,31.3,31.3,31.2,31.3,31.2,31.2,31.1,31.3,31.2,31.3,31.2,31.3,31.1,31.2,31.0,31.1,31.0,30.9,30.9,30.9,31.0,31.1,30.9,30.8,31.0,30.9,31.1,31.1,31.1,31.1,31.2,31.2,31.0,31.0,31.0,30.9,31.0,30.7,30.6,30.4,30.2,29.9,29.9,29.9,29.9,29.7,29.7,29.7,29.5,29.6,29.7,29.4,29.3,29.3,29.4,29.4,29.3,29.3,29.2,29.2,29.1,29.3,29.2,29.2,29.0,29.1,29.1,29.1,29.0,29.1,29.0,28.9,28.9,28.9,29.0,28.9,29.0,28.9,29.0,28.8,28.7,28.8,28.9
117,31.3,31.4,31.4,31.6,31.6,31.5,31.4,31.6,31.6,31.7,31.6,31.6,31.7,31.7,31.7,31.7,31.6,31.7,31.6,31.6,31.6,31.7,31.5,31.4,31.5,31.4,31.2,31.3,31.2,30.7,30.7,30.4,30.4,30.3,30.8,31.0,31.5,31.6,31.6,31.6,31.6,31.6,31.5,31.7,31.5,31.7,31.6,31.6,31.6,31.7,31.6,31.5,31.5,31.6,31.4,31.4,31.3,31.2,31.2,31.3,31.3,31.5,31.4,31.4,31.3,31.4,31.5,31.5,31.5,31.2,31.3,31.0,31.4,31.3,31.1,31.4,31.2,31.3,31.4,31.5,31.5,31.5,31.4,31.4,31.4,31.5,31.4,31.4,31.3,31.4,31.3,31.4,31.3,31.3,31.4,31.4,31.3,31.3,31.3,31.4,31.3,31.4,31.3,31.3,31.3,31.2,31.2,31.2,31.3,31.2,31.2,31.2,31.1,31.1,31.1,31.1,31.1,31.2,31.4,31.3,31.2,31.3,31.2,31.1,31.1,31.1,31.1,31.0,31.0,30.9,30.8,30.9,30.9,31.0,30.8,30.9,31.1,31.1,31.2,31.2,31.0,31.0,31.0,31.1,30.8,30.9,30.8,30.5,30.3,30.2,30.1,30.0,30.0,29.8,29.9,29.7,29.7,29.5,29.6,29.6,29.5,29.5,29.5,29.4,29.4,29.2,29.3,29.2,29.4,29.2,29.2,29.2,29.1,29.2,29.2,29.2,29.2,29.0,29.1,29.0,29.0,29.0,28.9,29.0,29.0,28.9,28.7,28.8,28.8,28.8,28.8,28.9
118,31.4,31.4,31.4,31.4,31.5,31.4,31.6,31.7,31.6,31.5,31.7,31.6,31.8,31.8,31.6,31.7,31.8,31.9,31.8,31.6,31.5,31.5,31.4,31.4,31.5,31.4,31.4,31.3,31.2,30.8,30.7,30.4,30.3,30.5,30.6,31.2,31.4,31.5,31.6,31.6,31.6,31.7,31.5,31.6,31.7,31.7,31.5,31.7,31.5,31.5,31.6,31.6,31.6,31.6,31.5,31.3,31.2,31.0,31.1,31.3,31.5,31.4,31.4,31.4,31.5,31.4,31.4,31.4,31.3,31.3,31.4,31.2,31.3,31.4,31.3,31.2,31.2,31.3,31.4,31.4,31.4,31.4,31.4,31.4,31.3,31.4,31.4,31.4,31.4,31.4,31.4,31.3,31.4,31.2,31.5,31.4,31.4,31.2,31.4,31.4,31.3,31.4,31.4,31.2,31.3,31.2,31.3,31.2,31.2,31.1,31.1,31.2,31.1,31.1,31.2,31.1,31.4,31.4,31.2,31.2,31.4,31.4,31.2,31.1,31.1,31.1,31.2,31.1,31.2,31.1,31.1,31.2,31.0,31.0,30.9,31.0,31.2,31.1,31.1,31.1,31.1,31.1,31.0,30.9,30.9,30.9,30.8,30.5,30.5,30.2,30.1,30.0,29.9,30.0,29.9,29.6,29.7,29.7,29.7,29.5,29.7,29.6,29.5,29.4,29.4,29.4,29.4,29.4,29.4,29.3,29.2,29.2,29.2,29.2,29.2,29.1,29.0,29.0,29.2,29.0,29.0,29.0,29.0,28.9,29.0,29.0,29.0,28.9,29.0,28.8,28.8,28.8
119,31.2,31.4,31.4,31.5,31.4,31.5,31.6,31.5,31.6,31.6,31.5,31.8,31.6,31.7,31.6,31.6,31.7,31.6,31.6,31.8,31.6,31.7,31.6,31.6,31.4,31.5,31.3,31.3,31.1,30.9,30.8,30.4,30.4,30.5,30.7,31.3,31.5,31.5,31.6,31.6,31.5,31.6,31.6,31.7,31.6,31.6,31.7,31.5,31.6,31.6,31.7,31.6,31.6,31.5,31.4,31.3,31.3,31.1,30.9,31.2,31.3,31.3,31.4,31.4,31.4,31.4,31.5,31.5,31.5,31.2,31.2,31.2,31.3,31.2,31.2,31.2,31.1,31.2,31.3,31.4,31.3,31.4,31.4,31.3,31.4,31.3,31.5,31.4,31.4,31.4,31.5,31.3,31.4,31.3,31.4,31.4,31.3,31.3,31.2,31.4,31.3,31.4,31.2,31.3,31.2,31.3,31.3,31.3,31.1,31.1,31.2,31.2,31.2,31.3,31.2,31.1,31.2,31.2,31.2,31.3,31.3,31.2,31.2,31.2,31.2,31.3,31.0,31.0,31.1,30.9,30.9,30.9,30.9,30.7,30.8,30.9,31.1,31.1,31.1,31.2,31.1,31.2,31.0,31.0,30.8,31.0,30.8,30.5,30.2,30.4,30.0,30.0,30.0,29.9,29.8,29.8,29.7,29.7,29.8,29.6,29.6,29.4,29.4,29.3,29.4,29.4,29.3,29.3,29.3,29.4,29.2,29.4,29.2,29.0,29.2,29.2,29.2,29.1,29.2,29.0,29.0,28.9,28.8,28.9,29.0,29.0,28.9,28.9,29.0,29.0,28.8,28.8
120,31.4,31.4,31.3,31.6,31.5,31.6,31.6,31.5,31.6,31.7,31.6,31.6,31.7,31.9,31.9,31.9,31.6,31.7,31.7,31.8,31.6,31.4,31.6,31.6,31.4,31.4,31.4,31.3,31.1,31.1,30.8,30.4,30.3,30.6,30.8,31.3,31.4,31.6,31.7,31.6,31.7,31.6,31.6,31.5,31.8,31.7,31.5,31.6,31.6,31.6,31.6,31.6,31.5,31.6,31.5,31.3,31.2,31.2,31.1,31.3,31.3,31.4,31.3,31.5,31.4,31.4,31.4,31.5,31.4,31.4,31.4,31.1,31.3,31.2,31.3,31.3,31.3,31.3,31.2,31.4,31.4,31.4,31.5,31.4,31.3,31.4,31.3,31.4,31.4,31.4,31.4,31.4,31.4,31.4,31.5,31.4,31.3,31.4,31.4,31.5,31.2,31.3,31.5,31.3,31.4,31.3,31.3,31.1,31.2,31.2,31.3,31.2,31.1,31.3,31.2,31.1,31.2,31.2,31.2,31.3,31.3,31.3,31.3,31.2,31.3,31.1,31.1,31.1,31.1,31.0,31.1,30.9,30.8,30.7,30.8,30.9,31.0,31.2,31.2,31.2,31.1,31.0,31.0,30.9,30.9,30.8,30.7,30.7,30.3,30.3,30.1,30.1,29.9,30.0,29.8,29.8,29.7,29.6,29.7,29.7,29.7,29.5,29.4,29.5,29.4,29.4,29.3,29.4,29.3,29.2,29.2,29.3,29.2,29.3,29.2,29.1,29.0,29.2,29.1,29.2,29.0,29.0,29.0,29.0,28.8,29.0,29.0,28.9,28.8,29.0,28.9,28.8
121,31.4,31.6,31.4,31.5,31.6,31.4,31.7,31.6,31.8,31.7,31.7,31.8,31.8,31.9,31.8,31.8,31.8,31.8,31.7,31.6,31.6,31.6,31.8,31.8,31.5,31.6,31.5,31.4,31.2,30.9,30.8,30.5,30.5,30.5,30.8,31.1,31.5,31.7,31.5,31.7,31.6,31.6,31.5,31.6,31.6,31.6,31.8,31.6,31.6,31.7,31.7,31.5,31.6,31.5,31.3,31.3,31.3,31.1,31.2,31.4,31.4,31.4,31.6,31.4,31.4,31.4,31.5,31.4,31.5,31.4,31.4,31.4,31.4,31.3,31.2,31.2,31.2,31.2,31.3,31.3,31.3,31.3,31.4,31.3,31.5,31.4,31.4,31.4,31.5,31.3,31.3,31.4,31.3,31.4,31.4,31.4,31.4,31.4,31.4,31.3,31.5,31.2,31.4,31.3,31.2,31.2,30.9,31.2,31.2,31.1,31.3,31.3,31.2,31.1,31.2,31.3,31.3,31.1,31.2,31.5,31.2,31.3,31.3,31.3,31.1,31.2,31.1,31.1,31.2,31.1,30.9,30.8,30.5,30.6,30.5,30.9,31.0,31.1,31.1,31.1,31.2,31.1,31.3,31.0,31.0,30.9,30.7,30.6,30.4,30.3,30.0,30.0,30.1,29.8,29.8,29.7,29.6,29.5,29.6,29.5,29.6,29.5,29.5,29.5,29.5,29.7,29.3,29.4,29.3,29.3,29.4,29.2,29.3,29.2,29.2,29.2,29.0,29.0,29.1,29.1,29.1,28.9,29.0,29.0,29.0,28.8,28.9,29.0,29.0,28.7,28.8,28.8
122,31.4,31.6,31.3,31.5,31.5,31.7,31.6,31.7,31.6,31.8,31.9,31.8,32.0,31.9,31.8,31.9,31.8,31.8,31.7,31.6,31.7,31.8,31.6,31.7,31.5,31.4,31.4,31.3,31.1,31.1,30.7,30.5,30.3,30.6,31.0,31.3,31.5,31.8,31.6,31.7,31.6,31.6,31.5,31.6,31.4,31.5,31.5,31.6,31.6,31.6,31.6,31.6,31.6,31.5,31.4,31.3,31.1,31.2,31.1,31.2,31.4,31.5,31.2,31.5,31.6,31.4,31.4,31.6,31.5,31.5,31.2,31.3,31.4,31.3,31.4,31.3,31.2,31.3,31.1,31.4,31.3,31.2,31.4,31.3,31.5,31.4,31.3,31.4,31.3,31.4,31.3,31.4,31.4,31.4,31.2,31.3,31.3,31.3,31.3,31.4,31.3,31.3,31.2,31.3,31.3,31.1,31.2,31.2,31.0,31.1,31.3,31.2,31.3,31.2,31.2,31.1,31.3,31.1,31.1,31.3,31.3,31.2,31.4,31.2,31.3,31.1,31.1,31.1,31.0,31.1,31.0,30.8,30.6,30.6,30.6,30.9,31.1,31.1,30.9,31.1,31.1,31.1,31.0,31.0,30.9,30.9,30.8,30.5,30.4,30.3,30.1,30.0,30.0,29.8,29.9,29.9,29.7,29.6,29.5,29.7,29.5,29.5,29.4,29.3,29.5,29.4,29.4,29.3,29.3,29.2,29.2,29.2,29.1,29.2,29.2,29.2,29.1,29.2,29.0,29.1,29.1,29.0,28.9,29.0,29.1,28.8,28.8,29.0,29.0,28.8,28.8,28.8
123,31.4,31.6,31.4,31.6,31.7,31.5,31.7,31.8,31.7,31.8,31.7,32.0,31.9,31.7,31.8,31.9,31.9,31.7,31.8,31.7,31.8,31.7,31.6,31.6,31.7,31.4,31.3,31.4,31.2,31.0,30.9,30.5,30.5,30.6,30.8,31.3,31.4,31.6,31.5,31.6,31.6,31.7,31.6,31.6,31.7,31.7,31.6,31.7,31.7,31.5,31.5,31.6,31.7,31.6,31.4,31.4,31.3,31.1,31.1,31.3,31.4,31.6,31.4,31.3,31.6,31.5,31.5,31.5,31.4,31.4,31.5,31.5,31.3,31.3,31.2,31.4,31.3,31.3,31.3,31.3,31.2,31.3,31.3,31.4,31.3,31.5,31.4,31.4,31.3,31.4,31.4,31.4,31.4,31.4,31.4,31.3,31.3,31.5,31.4,31.3,31.2,31.2,31.1,31.3,31.2,31.1,31.2,31.1,31.1,31.2,31.3,31.3,31.2,31.2,31.2,31.2,31.4,31.3,31.3,31.3,31.3,31.3,31.3,31.3,31.2,31.0,31.0,31.0,31.1,31.2,31.0,31.1,30.9,30.8,30.8,31.1,31.1,31.2,31.1,31.1,31.1,30.9,31.0,31.1,30.9,30.9,30.8,30.8,30.4,30.2,30.1,30.0,30.0,30.1,29.7,29.8,29.7,29.8,29.5,29.7,29.6,29.4,29.6,29.4,29.6,29.4,29.4,29.4,29.1,29.3,29.2,29.0,29.1,29.3,29.2,29.1,29.0,29.0,29.0,29.0,28.9,29.0,29.0,28.9,28.8,28.9,28.9,29.1,28.9,28.8,28.9,28.8
124,31.4,31.6,31.3,31.5,31.5,31.7,31.7,31.9,31.7,31.8,31.8,31.8,31.9,31.9,32.0,31.9,31.9,31.9,31.9,32.0,31.7,31.7,31.6,31.6,31.6,31.4,31.4,31.3,31.3,31.1,30.8,30.5,30.5,30.8,30.9,31.3,31.4,31.6,31.6,31.6,31.7,31.6,31.6,31.7,31.6,31.7,31.6,31.4,31.6,31.7,31.7,31.6,31.8,31.6,31.5,31.3,31.0,31.1,31.1,31.3,31.4,31.6,31.5,31.6,31.5,31.4,31.6,31.6,31.4,31.4,31.5,31.4,31.5,31.4,31.3,31.4,31.2,31.1,31.3,31.4,31.2,31.3,31.3,31.2,31.4,31.5,31.3,31.3,31.4,31.4,31.4,31.5,31.5,31.3,31.5,31.3,31.4,31.3,31.3,31.4,31.2,31.2,31.2,31.2,31.1,31.2,31.0,31.3,31.2,31.1,31.3,31.3,31.3,31.3,31.2,31.2,31.3,31.4,31.4,31.3,31.3,31.3,31.4,31.3,31.2,31.2,31.4,31.1,31.3,31.2,31.1,31.1,31.0,31.1,31.0,31.0,31.2,31.1,31.3,31.2,31.1,31.2,31.2,31.0,31.1,30.9,30.7,30.6,30.3,30.3,30.2,30.0,30.0,30.0,30.0,29.7,29.8,29.7,29.7,29.8,29.8,29.5,29.5,29.5,29.4,29.4,29.4,29.3,29.3,29.2,29.4,29.2,29.3,29.2,29.3,29.2,29.0,29.0,29.1,29.1,29.0,29.0,29.0,28.9,28.9,28.9,28.9,28.9,29.0,28.9,28.9,28.8
125,31.5,31.6,31.4,31.8,31.6,31.8,31.7,31.7,31.8,31.9,31.7,31.9,31.9,32.0,31.9,32.0,31.9,32.0,31.9,31.8,31.7,31.8,31.8,31.6,31.6,31.6,31.6,31.4,31.3,31.1,30.9,30.5,30.4,30.5,30.9,31.3,31.6,31.7,31.6,31.6,31.6,31.7,31.6,31.8,31.7,31.7,31.6,31.7,31.7,31.5,31.6,31.8,31.6,31.6,31.3,31.3,31.3,31.0,31.1,31.4,31.4,31.6,31.4,31.5,31.5,31.5,31.5,31.6,31.4,31.5,31.6,31.5,31.5,31.5,31.5,31.5,31.3,31.3,31.2,31.2,31.2,31.4,31.2,31.3,31.3,31.5,31.3,31.5,31.5,31.5,31.4,31.2,31.4,31.4,31.4,31.3,31.3,31.3,31.3,31.4,31.2,31.3,31.3,31.2,31.1,31.2,31.2,31.1,31.2,31.3,31.3,31.3,31.3,31.4,31.2,31.4,31.3,31.3,31.3,31.3,31.4,31.4,31.3,31.2,31.3,31.1,31.3,31.2,31.2,31.2,31.1,31.3,31.1,31.1,31.2,31.1,31.1,31.3,31.1,31.0,31.2,31.1,31.1,31.0,31.0,30.8,30.9,30.6,30.4,30.1,30.2,30.2,30.0,30.0,29.9,29.7,29.9,29.7,29.7,29.6,29.7,29.5,29.4,29.4,29.3,29.5,29.4,29.3,29.4,29.4,29.4,29.2,29.2,29.2,29.2,29.1,29.0,29.2,29.2,29.0,29.1,29.0,29.0,29.0,29.1,28.9,28.8,28.9,28.9,28.9,28.8,28.9
126,31.6,31.8,31.7,31.6,31.7,31.8,31.8,31.9,31.7,31.7,31.7,31.8,31.8,32.0,32.0,32.0,32.0,32.0,31.9,31.8,31.9,31.8,31.8,31.7,31.6,31.6,31.7,31.3,31.3,31.1,30.8,30.6,30.5,30.8,30.8,31.1,31.4,31.7,31.6,31.7,31.6,31.6,31.5,31.6,31.6,31.7,31.7,31.7,31.7,31.6,31.7,31.7,31.5,31.6,31.7,31.3,31.1,31.1,31.1,31.4,31.4,31.5,31.4,31.6,31.4,31.7,31.4,31.7,31.5,31.5,31.5,31.5,31.6,31.4,31.4,31.4,31.2,31.3,31.3,31.4,31.3,31.3,31.2,31.2,31.3,31.3,31.3,31.6,31.4,31.4,31.4,31.5,31.3,31.4,31.4,31.3,31.2,31.3,31.4,31.2,31.1,31.2,31.1,31.2,31.1,31.1,31.1,31.2,31.2,31.1,31.4,31.3,31.3,31.1,31.2,31.2,31.4,31.2,31.2,31.3,31.3,31.3,31.3,31.1,31.1,31.1,31.0,31.1,31.1,31.1,31.2,31.2,31.3,31.0,31.2,31.1,31.2,31.3,31.2,31.2,31.0,31.1,31.1,31.1,30.9,31.1,30.8,30.6,30.5,30.2,30.1,30.0,30.0,30.0,29.8,29.8,29.7,29.7,29.5,29.5,29.6,29.6,29.5,29.4,29.5,29.4,29.4,29.4,29.2,29.3,29.0,29.1,29.2,29.0,29.1,29.1,29.1,29.1,29.0,29.0,29.0,28.9,29.0,28.9,28.8,28.9,28.9,29.0,29.0,28.8,29.0,28.7
127,31.5,31.6,31.6,31.7,31.9,31.9,31.8,31.9,32.0,31.8,32.0,32.0,32.0,32.0,32.1,31.9,32.0,32.1,31.6,31.8,31.9,31.9,31.9,31.8,31.6,31.6,31.7,31.3,31.3,31.1,30.9,30.6,30.5,30.7,31.0,31.4,31.7,31.6,31.7,31.5,31.6,31.6,31.8,31.7,31.5,31.6,31.7,31.6,31.8,31.6,31.6,31.7,31.7,31.4,31.4,31.2,31.3,31.1,31.1,31.4,31.5,31.6,31.4,31.6,31.4,31.4,31.6,31.6,31.5,31.6,31.6,31.6,31.5,31.5,31.5,31.4,31.5,31.3,31.4,31.4,31.3,31.4,31.4,31.2,31.4,31.3,31.4,31.4,31.4,31.4,31.3,31.5,31.6,31.4,31.3,31.5,31.4,31.1,31.3,31.2,31.3,31.2,31.1,31.1,31.1,31.2,31.1,31.2,31.1,31.1,31.3,31.3,31.2,31.3,31.4,31.3,31.3,31.3,31.4,31.3,31.3,31.4,31.4,31.3,31.4,31.2,31.4,31.2,31.2,31.2,31.1,31.1,31.1,31.3,31.2,31.3,31.2,31.3,31.1,31.2,31.3,31.2,31.1,31.0,30.9,31.0,30.9,30.6,30.4,30.2,30.1,30.0,29.9,29.9,30.0,29.8,29.8,29.8,29.7,29.7,29.7,29.5,29.4,29.4,29.5,29.3,29.4,29.4,29.3,29.3,29.3,29.1,29.2,29.2,29.3,29.2,29.0,29.2,29.0,29.1,29.1,29.0,28.9,29.0,29.0,29.1,29.0,28.9,28.9,28.8,28.7,28.9
128,31.8,31.7,31.6,31.6,31.7,31.9,31.9,31.8,31.9,31.8,32.0,31.9,31.9,32.0,32.0,31.9,31.9,32.0,31.9,31.8,31.8,31.6,31.6,31.8,31.8,31.6,31.5,31.6,31.3,31.0,30.9,30.6,30.7,30.9,30.8,31.4,31.5,31.6,31.6,31.6,31.7,31.7,31.4,31.7,31.6,31.5,31.6,31.6,31.7,31.8,31.6,31.6,31.6,31.5,31.4,31.3,31.2,31.1,31.3,31.5,31.5,31.6,31.6,31.5,31.5,31.5,31.6,31.4,31.6,31.5,31.6,31.5,31.4,31.6,31.5,31.5,31.4,31.5,31.4,31.4,31.5,31.4,31.2,31.2,31.3,31.3,31.4,31.5,31.4,31.4,31.3,31.3,31.3,31.5,31.4,31.3,31.3,31.3,31.2,31.2,31.1,31.2,31.1,31.1,31.2,31.2,31.1,31.3,31.2,31.3,31.2,31.3,31.3,31.3,31.4,31.4,31.3,31.2,31.2,31.3,31.1,31.3,31.3,31.3,31.3,31.2,31.3,31.2,31.1,31.3,31.2,31.2,31.2,31.2,31.4,31.1,31.1,31.3,31.3,31.1,31.0,31.1,30.9,31.1,31.0,30.9,30.9,30.5,30.5,30.4,30.1,30.0,29.9,29.8,29.8,29.8,29.7,29.8,29.7,29.5,29.5,29.6,29.6,29.4,29.3,29.3,29.2,29.2,29.3,29.3,29.3,29.3,29.2,29.2,29.2,29.2,29.0,29.1,29.2,29.1,29.0,29.0,28.9,28.9,29.0,28.9,28.8,29.1,28.8,29.0,29.0,29.0
129,31.6,31.6,31.7,31.7,31.9,31.9,32.0,31.8,32.0,31.9,31.9,32.0,32.1,31.9,32.0,32.1,31.9,32.0,31.9,31.9,31.9,31.6,31.8,31.7,31.7,31.6,31.7,31.4,31.3,31.0,30.9,30.6,30.5,30.6,31.0,31.4,31.6,31.7,31.7,31.6,31.7,31.7,31.6,31.6,31.6,31.6,31.7,31.7,31.6,31.7,31.8,31.7,31.8,31.6,31.4,31.3,31.3,31.1,31.3,31.6,31.5,31.5,31.6,31.5,31.6,31.6,31.5,31.5,31.5,31.5,31.6,31.5,31.4,31.6,31.5,31.4,31.4,31.5,31.4,31.6,31.4,31.4,31.1,31.3,31.3,31.5,31.2,31.3,31.3,31.3,31.4,31.4,31.4,31.3,31.4,31.3,31.3,31.1,31.1,31.0,31.1,31.2,31.1,31.2,31.2,31.2,31.1,31.1,31.2,31.4,31.2,31.4,31.2,31.3,31.4,31.3,31.3,31.4,31.3,31.2,31.3,31.2,31.4,31.3,31.4,31.3,31.4,31.3,31.3,31.1,31.3,31.1,31.2,31.2,31.1,31.3,31.2,31.3,31.2,31.3,31.2,31.1,31.1,30.9,31.0,31.1,30.8,30.6,30.4,30.2,30.0,30.1,30.0,29.9,29.8,29.7,29.8,29.7,29.7,29.6,29.6,29.5,29.6,29.5,29.4,29.5,29.3,29.2,29.3,29.2,29.3,29.2,29.3,29.2,29.2,29.2,29.2,29.1,29.1,29.2,29.0,29.0,29.0,29.0,28.8,28.9,28.8,28.9,29.0,28.9,28.9,28.8
130,31.6,31.8,31.8,31.8,31.8,31.8,32.0,31.8,31.9,31.9,32.1,31.8,32.1,32.1,31.8,32.0,32.1,32.0,31.8,32.0,31.7,31.8,31.8,31.7,31.7,31.7,31.7,31.4,31.4,30.9,31.0,30.6,30.7,30.7,31.0,31.3,31.7,31.7,31.6,31.7,31.6,31.6,31.6,31.6,31.6,31.6,31.6,31.7,31.9,31.8,31.6,31.7,31.6,31.6,31.5,31.3,31.3,31.4,31.3,31.4,31.6,31.6,31.7,31.5,31.6,31.6,31.6,31.6,31.4,31.4,31.5,31.6,31.6,31.5,31.6,31.5,31.4,31.5,31.5,31.6,31.5,31.4,31.5,31.2,31.3,31.2,31.3,31.2,31.4,31.4,31.3,31.3,31.5,31.4,31.3,31.3,31.2,31.1,31.2,31.1,31.2,31.1,31.2,31.2,31.1,31.2,31.3,31.3,31.3,31.3,31.4,31.3,31.3,31.3,31.3,31.3,31.4,31.3,31.4,31.3,31.4,31.4,31.3,31.2,31.2,31.3,31.4,31.2,31.2,31.2,31.1,31.1,31.2,31.2,31.1,31.2,31.4,31.2,31.3,31.2,31.1,31.1,31.2,31.0,31.0,30.9,30.7,30.7,30.4,30.4,30.0,30.1,30.0,29.9,29.9,29.8,29.8,29.7,29.7,29.6,29.6,29.5,29.5,29.5,29.6,29.4,29.3,29.4,29.4,29.2,29.2,29.3,29.1,29.1,29.2,29.1,29.1,29.1,29.0,29.2,29.0,29.0,29.1,29.0,29.0,28.8,28.9,29.0,28.8,28.9,28.9,28.8
131,31.7,31.6,31.9,31.8,31.8,31.7,31.7,32.0,31.8,31.8,31.9,32.0,32.0,32.0,32.0,32.0,31.9,31.9,31.9,31.9,31.9,31.8,31.6,31.9,31.7,31.5,31.6,31.5,31.4,31.1,31.1,30.7,30.8,30.9,30.9,31.4,31.5,31.7,31.6,31.7,31.8,31.8,31.6,31.5,31.9,31.7,31.7,31.6,31.6,31.6,31.6,31.6,31.5,31.6,31.4,31.4,31.5,31.3,31.4,31.4,31.5,31.6,31.6,31.6,31.6,31.5,31.6,31.6,31.6,31.5,31.6,31.4,31.6,31.5,31.6,31.5,31.3,31.5,31.5,31.4,31.3,31.4,31.6,31.3,31.3,31.3,31.2,31.3,31.2,31.2,31.3,31.6,31.3,31.2,31.3,31.3,31.3,31.0,31.2,31.0,31.1,31.3,31.3,31.1,31.2,31.3,31.3,31.4,31.3,31.3,31.3,31.2,31.4,31.2,31.4,31.3,31.3,31.3,31.4,31.3,31.2,31.3,31.3,31.3,31.4,31.1,31.3,31.2,31.1,31.1,31.0,31.1,31.0,31.2,31.1,31.2,31.3,31.1,31.1,31.0,31.1,31.2,31.1,31.1,30.9,30.9,30.8,30.6,30.5,30.3,30.2,30.0,29.9,29.9,30.0,29.8,29.8,29.8,29.6,29.8,29.6,29.5,29.7,29.6,29.4,29.4,29.3,29.3,29.4,29.3,29.4,29.3,29.2,29.2,29.3,29.2,29.1,29.2,29.2,29.1,29.1,29.2,29.0,28.9,29.0,28.9,28.9,29.0,28.8,28.8,28.9,29.0
132,31.6,31.8,31.8,31.8,31.9,32.0,31.7,32.0,32.0,32.0,32.0,32.0,32.0,32.1,32.0,32.0,31.9,32.0,31.9,32.0,31.9,31.8,31.7,31.7,31.7,31.6,31.5,31.4,31.5,31.1,31.0,30.9,30.7,31.0,31.1,31.4,31.6,31.5,31.5,31.7,31.6,31.6,31.6,31.6,31.6,31.6,31.6,31.6,31.6,31.6,31.4,31.5,31.6,31.5,31.6,31.4,31.5,31.4,31.4,31.5,31.5,31.6,31.6,31.6,31.6,31.5,31.6,31.6,31.5,31.4,31.5,31.4,31.6,31.5,31.5,31.6,31.4,31.4,31.5,31.6,31.4,31.4,31.4,31.3,31.3,31.3,31.3,31.3,31.2,31.3,31.4,31.4,31.4,31.3,31.2,31.2,31.1,31.2,31.3,31.3,31.0,31.3,31.3,31.4,31.2,31.2,31.3,31.2,31.4,31.3,31.4,31.3,31.4,31.2,31.4,31.3,31.4,31.3,31.3,31.3,31.4,31.5,31.3,31.4,31.3,31.3,31.3,31.3,31.1,31.0,31.0,31.0,31.0,31.1,31.1,31.0,31.1,31.2,31.2,31.3,31.2,31.2,31.2,31.1,31.1,31.0,30.8,30.6,30.5,30.3,30.2,30.0,30.0,30.0,30.0,29.8,29.6,29.8,29.8,29.6,29.6,29.5,29.6,29.5,29.4,29.5,29.2,29.4,29.3,29.2,29.2,29.2,29.2,29.2,29.2,29.2,29.1,29.0,29.0,29.0,29.2,29.0,28.9,29.1,28.9,28.8,28.9,28.9,28.9,28.9,28.8,28.8
133,31.6,31.6,31.7,31.8,31.7,31.9,31.9,32.0,32.0,31.9,32.0,32.0,31.8,32.1,32.0,32.0,32.0,32.0,31.9,31.8,31.9,31.9,31.7,31.8,31.8,31.5,31.5,31.4,31.5,31.3,31.2,31.0,31.0,31.1,31.1,31.3,31.3,31.4,31.3,31.6,31.5,31.6,31.4,31.6,31.5,31.4,31.5,31.5,31.6,31.4,31.6,31.4,31.5,31.6,31.5,31.5,31.5,31.3,31.5,31.6,31.7,31.7,31.7,31.7,31.6,31.5,31.5,31.6,31.5,31.5,31.6,31.6,31.6,31.6,31.5,31.5,31.3,31.6,31.6,31.6,31.4,31.5,31.4,31.5,31.5,31.4,31.3,31.3,31.3,31.4,31.4,31.3,31.2,31.3,31.3,31.1,31.2,31.2,31.1,31.3,31.3,31.2,31.4,31.4,31.3,31.4,31.2,31.4,31.3,31.4,31.2,31.3,31.3,31.3,31.3,31.3,31.4,31.3,31.4,31.4,31.5,31.2,31.3,31.3,31.3,31.3,31.4,31.3,31.3,31.1,31.2,31.1,31.1,31.1,31.1,31.1,31.2,31.3,31.1,31.3,31.0,31.2,31.3,31.1,31.1,31.1,30.9,30.7,30.5,30.4,30.1,30.1,30.0,29.9,29.7,29.8,29.8,29.8,29.8,29.5,29.8,29.5,29.5,29.4,29.4,29.2,29.4,29.4,29.2,29.1,29.2,29.3,29.3,29.3,29.2,29.1,29.1,29.1,29.1,29.0,29.0,29.0,29.0,28.9,28.9,28.8,28.7,28.8,29.0,28.8,29.0,28.8
134,31.6,31.8,31.6,31.9,31.7,31.9,32.1,31.9,32.0,32.0,32.0,32.0,32.0,32.0,32.0,31.8,31.9,32.1,31.9,31.9,31.9,31.9,31.9,31.7,31.6,31.6,31.6,31.7,31.5,31.5,31.4,31.3,31.0,31.1,31.2,31.1,31.3,31.4,31.3,31.3,31.2,31.4,31.2,31.4,31.4,31.4,31.3,31.3,31.3,31.4,31.4,31.4,31.5,31.4,31.3,31.4,31.4,31.5,31.4,31.6,31.6,31.6,31.6,31.6,31.7,31.6,31.6,31.5,31.4,31.6,31.5,31.6,31.6,31.6,31.6,31.6,31.6,31.6,31.6,31.5,31.5,31.7,31.6,31.4,31.4,31.5,31.3,31.5,31.3,31.4,31.3,31.4,31.4,31.3,31.2,31.2,31.1,31.3,31.3,31.4,31.3,31.2,31.3,31.3,31.3,31.3,31.3,31.3,31.5,31.4,31.5,31.4,31.3,31.2,31.4,31.5,31.4,31.4,31.4,31.3,31.4,31.3,31.4,31.4,31.2,31.2,31.1,31.4,31.2,31.2,31.1,31.1,31.2,31.1,31.2,31.2,31.2,31.1,31.2,31.3,31.2,31.1,31.1,31.2,31.1,31.0,31.0,30.7,30.6,30.4,30.2,30.0,29.9,30.0,30.0,29.9,29.8,29.8,29.8,29.7,29.8,29.6,29.6,29.6,29.7,29.4,29.5,29.3,29.3,29.3,29.2,29.4,29.2,29.2,29.2,29.3,29.1,29.2,29.1,28.9,29.0,29.1,28.9,29.1,29.1,28.9,28.9,28.9,29.0,28.9,28.8,28.8
135,31.6,31.7,31.7,31.8,31.8,31.9,32.0,32.0,32.0,31.9,31.9,32.0,32.0,31.8,32.0,32.0,32.0,32.0,31.8,31.9,31.9,31.9,31.9,31.8,31.8,31.6,31.6,31.7,31.6,31.6,31.6,31.3,31.3,31.1,31.2,31.1,31.2,31.2,31.3,31.3,31.4,31.4,31.3,31.3,31.3,31.3,31.3,31.4,31.4,31.4,31.3,31.3,31.5,31.5,31.4,31.5,31.4,31.4,31.4,31.7,31.5,31.8,31.5,31.5,31.5,31.4,31.4,31.4,31.5,31.6,31.5,31.4,31.6,31.7,31.5,31.6,31.6,31.5,31.5,31.5,31.6,31.6,31.5,31.6,31.5,31.4,31.4,31.5,31.4,31.3,31.4,31.2,31.4,31.3,31.1,31.2,31.2,31.2,31.3,31.3,31.3,31.3,31.3,31.4,31.4,31.4,31.4,31.3,31.3,31.4,31.3,31.4,31.4,31.4,31.5,31.4,31.3,31.4,31.5,31.5,31.4,31.3,31.4,31.3,31.2,31.3,31.3,31.1,31.4,31.3,31.2,31.1,31.0,31.1,30.8,31.1,31.1,31.1,31.2,31.2,31.1,31.1,31.1,31.0,31.0,31.1,30.8,30.7,30.4,30.3,30.0,30.2,30.0,30.0,30.0,29.8,29.8,29.6,29.7,29.7,29.6,29.4,29.7,29.4,29.4,29.5,29.4,29.5,29.3,29.4,29.5,29.2,29.2,29.2,29.1,29.1,29.1,29.4,29.1,29.0,29.0,29.1,29.1,29.1,29.0,28.9,28.9,28.9,29.0,28.8,28.9,28.7
136,31.7,31.7,31.9,31.8,31.9,31.8,31.9,31.8,31.9,31.9,32.1,32.0,32.0,32.0,31.9,32.0,31.9,32.0,32.0,31.6,31.9,31.8,31.8,31.8,31.8,31.8,31.7,31.6,31.8,31.7,31.7,31.5,31.3,31.3,31.3,31.0,31.2,31.2,31.2,31.3,31.2,31.3,31.5,31.6,31.4,31.5,31.4,31.3,31.4,31.5,31.5,31.3,31.6,31.6,31.3,31.4,31.5,31.6,31.3,31.6,31.7,31.7,31.6,31.5,31.5,31.4,31.3,31.2,31.4,31.4,31.6,31.4,31.5,31.6,31.6,31.6,31.6,31.6,31.5,31.7,31.6,31.6,31.6,31.4,31.4,31.6,31.5,31.5,31.4,31.4,31.3,31.4,31.4,31.3,31.1,31.2,31.3,31.4,31.2,31.4,31.2,31.3,31.4,31.3,31.3,31.4,31.3,31.3,31.3,31.4,31.3,31.5,31.5,31.3,31.3,31.4,31.3,31.3,31.4,31.2,31.3,31.4,31.4,31.4,31.3,31.3,31.3,31.3,31.2,31.3,31.0,31.1,31.0,31.0,30.9,31.0,31.2,31.2,31.1,31.3,31.3,31.2,31.1,31.1,31.1,31.0,30.7,30.6,30.5,30.3,30.2,30.2,30.0,29.9,29.9,29.8,29.7,29.8,29.7,29.7,29.6,29.5,29.6,29.4,29.6,29.4,29.2,29.3,29.2,29.4,29.3,29.2,29.2,29.0,29.3,29.2,29.2,29.2,29.0,29.1,29.0,29.1,29.1,29.0,29.0,28.9,29.0,29.1,28.8,29.0,28.8,28.8
137,31.4,31.7,31.7,31.6,31.7,31.7,31.6,31.8,31.9,31.8,31.8,32.0,32.0,32.0,32.0,32.0,31.9,32.0,31.9,32.1,32.0,31.9,31.9,31.9,31.7,31.8,31.7,31.6,31.6,31.8,31.6,31.6,31.2,31.2,31.1,31.3,31.2,31.3,31.2,31.4,31.4,31.4,31.4,31.5,31.6,31.4,31.5,31.7,31.6,31.5,31.4,31.4,31.6,31.5,31.6,31.3,31.5,31.6,31.6,31.6,31.6,31.5,31.5,31.4,31.4,31.4,31.2,31.4,31.5,31.7,31.7,31.7,31.5,31.6,31.5,31.6,31.4,31.7,31.5,31.6,31.5,31.6,31.5,31.4,31.5,31.6,31.3,31.3,31.4,31.4,31.4,31.4,31.3,31.1,31.3,31.1,31.2,31.2,31.4,31.4,31.3,31.3,31.4,31.3,31.4,31.3,31.3,31.4,31.4,31.3,31.3,31.4,31.3,31.3,31.4,31.2,31.3,31.2,31.2,31.4,31.3,31.3,31.3,31.4,31.3,31.3,31.3,31.3,31.2,31.3,31.3,31.2,31.1,31.0,31.0,31.0,31.1,31.2,31.2,31.3,31.3,31.2,31.2,31.0,31.0,30.9,31.0,30.6,30.5,30.3,30.2,30.1,30.1,30.0,29.9,29.9,29.7,29.8,29.6,29.6,29.6,29.6,29.6,29.5,29.4,29.6,29.4,29.3,29.3,29.4,29.3,29.2,29.3,29.3,29.2,29.1,29.0,29.0,29.0,29.0,29.0,29.0,29.0,29.1,29.0,29.0,28.9,29.0,28.8,29.0,28.7,29.0
138,30.9,31.0,31.2,31.3,31.3,31.6,31.3,31.5,31.4,31.5,31.7,31.9,31.7,31.8,31.9,31.8,31.9,31.8,31.9,31.9,32.0,32.0,32.0,31.7,31.6,31.7,31.6,31.5,31.6,31.6,31.6,31.5,31.4,31.2,31.3,31.3,31.3,31.3,31.3,31.4,31.4,31.5,31.4,31.4,31.5,31.4,31.5,31.6,31.6,31.6,31.5,31.6,31.6,31.4,31.6,31.5,31.7,31.4,31.7,31.6,31.7,31.7,31.6,31.6,31.4,31.4,31.4,31.5,31.5,31.6,31.6,31.5,31.6,31.6,31.6,31.6,31.7,31.6,31.7,31.6,31.4,31.5,31.5,31.4,31.4,31.3,31.3,31.3,31.3,31.3,31.3,31.2,31.3,31.2,31.3,31.3,31.2,31.2,31.3,31.3,31.4,31.3,31.3,31.3,31.3,31.2,31.2,31.4,31.1,31.5,31.4,31.3,31.3,31.3,31.3,31.3,31.3,31.3,31.3,31.2,31.2,31.4,31.3,31.2,31.2,31.3,31.4,31.3,31.4,31.2,31.2,31.1,31.1,31.0,31.0,31.1,31.2,31.3,31.3,31.1,31.3,31.2,31.2,31.1,30.9,31.0,30.9,30.8,30.6,30.4,30.1,30.0,30.0,29.9,29.9,29.8,29.8,29.8,29.6,29.7,29.6,29.6,29.5,29.5,29.6,29.4,29.2,29.3,29.2,29.3,29.3,29.2,29.0,29.2,29.3,29.2,29.0,29.2,29.1,29.0,29.0,29.0,29.1,28.9,29.0,29.0,28.9,28.9,28.9,28.8,28.9,28.9
139,30.4,30.6,30.6,30.7,30.8,30.7,30.8,30.9,31.1,30.9,31.2,31.1,31.2,31.5,31.5,31.6,31.6,31.6,31.7,31.6,31.6,31.7,31.7,31.7,31.6,31.6,31.6,31.6,31.5,31.5,31.5,31.3,31.5,31.2,31.3,31.1,31.4,31.4,31.3,31.6,31.4,31.6,31.4,31.6,31.6,31.4,31.6,31.6,31.4,31.5,31.6,31.5,31.8,31.5,31.6,31.6,31.5,31.7,31.6,31.5,31.6,31.7,31.7,31.5,31.4,31.4,31.4,31.6,31.7,31.8,31.7,31.7,31.6,31.6,31.6,31.7,31.6,31.6,31.6,31.6,31.4,31.5,31.4,31.3,31.4,31.3,31.4,31.4,31.4,31.5,31.4,31.4,31.2,31.1,31.3,31.1,31.1,31.2,31.1,31.4,31.3,31.2,31.3,31.3,31.4,31.3,31.3,31.2,31.3,31.4,31.3,31.5,31.4,31.4,31.3,31.3,31.2,31.4,31.3,31.2,31.3,31.4,31.3,31.3,31.1,31.2,31.3,31.3,31.3,31.3,31.3,31.2,31.1,31.2,31.0,31.1,31.1,31.3,31.2,31.2,31.2,31.0,31.2,31.1,31.1,31.1,30.8,30.5,30.6,30.4,30.1,30.1,30.0,30.0,29.8,29.8,29.8,29.9,29.9,29.6,29.5,29.7,29.6,29.6,29.5,29.5,29.3,29.3,29.2,29.2,29.2,29.3,29.3,29.4,29.2,29.1,29.2,29.1,29.1,29.1,29.0,29.1,29.0,28.9,28.8,29.0,28.9,28.8,28.8,29.0,28.8,28.8
140,30.5,30.4,30.6,30.7,30.8,30.7,30.7,30.7,30.7,30.7,31.0,30.9,31.0,31.1,31.2,31.2,31.2,31.5,31.3,31.4,31.4,31.4,31.3,31.5,31.5,31.4,31.3,31.4,31.3,31.4,31.3,31.1,31.2,31.1,31.2,31.2,31.4,31.3,31.3,31.5,31.4,31.4,31.5,31.3,31.6,31.5,31.5,31.4,31.5,31.6,31.6,31.6,31.4,31.6,31.4,31.4,31.7,31.7,31.6,31.6,31.7,31.7,31.6,31.5,31.5,31.3,31.4,31.6,31.7,31.8,31.6,31.6,31.5,31.7,31.6,31.5,31.5,31.5,31.4,31.5,31.4,31.6,31.5,31.3,31.3,31.3,31.2,31.3,31.3,31.1,31.2,31.2,31.3,31.2,31.2,31.2,31.1,31.3,31.2,31.3,31.2,31.3,31.2,31.3,31.3,31.1,31.2,31.3,31.3,31.3,31.3,31.4,31.1,31.2,31.3,31.2,31.3,31.3,31.1,31.1,31.2,31.1,31.2,31.3,31.2,31.1,31.3,31.3,31.3,31.2,31.1,31.3,31.3,31.2,31.2,31.2,31.2,31.2,31.2,31.2,31.3,31.1,31.0,31.1,30.9,31.0,30.9,30.5,30.4,30.3,30.2,29.9,30.0,30.0,29.8,29.8,29.7,29.8,29.6,29.6,29.8,29.5,29.6,29.4,29.4,29.4,29.4,29.3,29.4,29.3,29.4,29.2,29.2,29.2,29.1,29.0,28.9,29.0,29.0,29.1,29.1,29.0,29.0,28.9,28.9,28.9,28.8,29.0,28.9,28.9,28.9,28.8
141,30.9,30.9,30.9,31.0,31.0,30.7,30.9,31.0,30.9,31.1,30.8,31.2,31.2,31.2,31.3,31.0,31.2,31.3,31.3,31.2,31.1,31.2,31.3,31.3,31.3,31.2,31.3,31.2,31.2,31.3,31.2,31.2,31.3,31.4,31.2,31.2,31.4,31.3,31.2,31.5,31.4,31.5,31.5,31.5,31.5,31.6,31.4,31.5,31.3,31.5,31.6,31.6,31.6,31.7,31.5,31.5,31.5,31.7,31.7,31.8,31.6,31.6,31.6,31.6,31.5,31.4,31.4,31.7,31.6,31.6,31.7,31.6,31.6,31.7,31.6,31.6,31.4,31.5,31.6,31.5,31.5,31.4,31.3,31.2,31.4,31.1,31.3,31.2,31.3,31.4,31.3,31.2,31.3,31.1,31.2,31.2,31.0,31.3,31.2,31.3,31.3,31.2,31.2,31.4,31.2,31.3,31.3,31.3,31.4,31.3,31.4,31.4,31.3,31.4,31.3,31.3,31.3,31.3,31.3,31.1,31.2,31.3,31.1,31.2,31.1,31.2,31.1,31.1,31.1,31.3,31.2,31.3,31.2,31.3,31.3,31.2,31.3,31.1,31.2,31.2,31.2,31.2,31.2,31.2,31.0,31.0,30.9,30.6,30.4,30.2,30.2,30.0,30.1,29.8,29.8,29.7,29.9,29.9,29.7,29.5,29.6,29.5,29.5,29.7,29.5,29.4,29.3,29.4,29.2,29.2,29.3,29.1,29.3,29.2,29.2,29.1,29.1,29.0,29.1,29.0,29.0,29.0,28.9,29.0,29.0,29.0,29.0,29.0,28.7,29.0,28.9,28.8
142,31.0,30.9,30.9,30.9,31.0,31.0,31.0,30.7,30.9,30.9,31.0,31.1,31.0,31.2,31.0,31.1,31.0,31.3,31.2,31.1,31.1,31.1,31.1,31.1,31.1,31.1,31.2,31.1,31.1,31.1,31.1,31.2,31.2,31.1,31.2,31.1,31.3,31.2,31.3,31.4,31.3,31.6,31.5,31.4,31.3,31.3,31.3,31.4,31.4,31.3,31.3,31.3,31.5,31.4,31.4,31.4,31.4,31.7,31.6,31.7,31.7,31.5,31.6,31.7,31.5,31.5,31.5,31.7,31.6,31.6,31.6,31.5,31.5,31.6,31.6,31.6,31.4,31.6,31.4,31.6,31.4,31.3,31.3,31.3,31.3,31.3,31.3,31.2,31.3,31.3,31.3,31.2,31.2,31.1,31.1,31.3,31.2,31.3,31.3,31.4,31.3,31.3,31.4,31.2,31.3,31.2,31.3,31.4,31.4,31.3,31.3,31.4,31.3,31.3,31.4,31.3,31.3,31.3,31.3,31.2,31.1,31.1,31.1,31.1,31.0,31.1,31.2,31.3,31.0,31.1,31.3,31.2,31.3,31.4,31.1,31.3,31.1,31.3,31.1,31.1,31.1,31.2,31.2,31.1,31.1,31.0,30.9,30.5,30.4,30.3,30.2,30.0,29.9,30.0,29.8,29.8,29.8,29.8,29.7,29.7,29.8,29.5,29.6,29.3,29.5,29.5,29.4,29.3,29.3,29.3,29.1,29.3,29.1,29.2,29.2,29.2,29.1,29.0,29.0,29.1,29.0,29.0,28.9,28.8,29.0,29.2,28.8,28.9,29.0,29.0,28.8,28.7
143,30.9,30.8,30.9,31.0,30.9,31.1,31.1,30.9,30.9,31.0,31.0,31.0,30.9,31.1,31.0,31.1,31.2,31.1,31.0,31.1,31.1,31.0,31.2,31.1,31.1,30.9,31.1,31.2,31.1,31.1,31.2,31.1,31.2,31.0,30.9,30.8,30.9,31.2,31.1,31.3,30.9,31.3,31.1,31.2,31.4,31.3,31.2,31.1,31.3,31.2,31.1,31.3,31.2,31.3,31.3,31.2,31.3,31.3,31.5,31.5,31.4,31.6,31.6,31.6,31.5,31.6,31.6,31.6,31.5,31.4,31.6,31.5,31.5,31.5,31.4,31.4,31.5,31.5,31.5,31.6,31.4,31.4,31.4,31.3,31.4,31.3,31.3,31.3,31.4,31.2,31.2,31.2,31.3,31.2,31.1,31.2,31.2,31.2,31.4,31.4,31.4,31.4,31.3,31.3,31.3,31.3,31.3,31.3,31.4,31.3,31.4,31.3,31.3,31.3,31.4,31.3,31.4,31.1,31.2,31.1,31.1,31.2,31.0,31.0,31.1,31.2,31.3,31.2,31.2,31.1,31.2,31.2,31.1,31.4,31.3,31.4,31.3,31.3,31.2,31.2,31.1,31.1,31.2,31.1,31.1,31.1,30.9,30.6,30.5,30.2,30.2,30.2,29.9,30.0,29.8,29.8,29.7,29.7,29.6,29.8,29.5,29.5,29.5,29.4,29.5,29.4,29.3,29.2,29.4,29.4,29.2,29.3,29.2,29.0,29.3,29.1,29.0,29.1,29.1,29.0,29.1,28.9,28.9,28.9,28.9,29.0,28.9,29.0,29.0,28.8,28.8,28.8
144,30.9,31.0,31.0,30.9,31.0,31.0,31.0,31.0,31.1,31.0,31.1,31.0,31.1,31.0,31.0,30.9,31.0,31.1,31.0,31.0,31.1,31.2,31.1,31.0,31.1,31.1,31.1,31.1,31.1,31.2,31.0,31.0,30.9,30.6,30.6,30.6,30.5,30.6,30.5,30.7,30.6,30.7,30.6,30.9,31.0,31.3,31.2,31.1,31.1,31.3,31.2,31.4,31.2,31.1,31.2,31.3,31.3,31.3,31.3,31.4,31.3,31.6,31.6,31.6,31.6,31.5,31.6,31.6,31.6,31.5,31.4,31.5,31.6,31.5,31.5,31.6,31.6,31.4,31.4,31.4,31.3,31.3,31.3,31.4,31.4,31.4,31.4,31.4,31.4,31.3,31.4,31.3,31.3,31.3,31.3,31.2,31.2,31.3,31.4,31.4,31.3,31.4,31.3,31.3,31.3,31.3,31.3,31.3,31.5,31.4,31.3,31.4,31.3,31.3,31.3,31.3,31.2,31.1,31.1,31.1,31.0,31.2,31.1,31.3,31.1,31.2,31.3,31.4,31.3,31.1,31.1,31.3,31.2,31.3,31.3,31.3,31.1,31.3,31.3,31.2,31.2,31.3,31.2,31.0,31.1,30.9,31.0,30.6,30.4,30.3,30.1,30.1,30.0,29.9,29.7,29.9,29.7,29.5,29.6,29.5,29.5,29.5,29.4,29.4,29.5,29.4,29.3,29.3,29.1,29.4,29.2,29.4,29.2,29.1,29.0,29.1,29.1,29.2,29.0,29.0,28.9,29.1,29.0,28.9,29.0,29.0,28.8,28.8,28.9,28.9,28.8,28.8
145,30.9,31.0,31.1,30.9,31.0,30.9,30.9,31.0,31.1,31.0,31.1,31.0,31.1,31.2,31.2,31.1,31.0,31.2,31.1,31.0,31.1,31.2,31.2,31.1,31.0,31.0,31.0,31.0,30.9,30.8,30.5,30.4,30.6,30.5,30.3,30.3,30.3,30.3,30.3,30.3,30.3,30.4,30.4,30.4,30.7,30.8,31.2,31.1,31.0,31.1,31.1,31.1,31.1,31.1,31.1,31.2,31.2,31.1,31.2,31.3,31.3,31.5,31.8,31.5,31.6,31.6,31.7,31.4,31.6,31.6,31.6,31.6,31.6,31.7,31.7,31.5,31.5,31.3,31.4,31.4,31.5,31.4,31.4,31.4,31.3,31.4,31.4,31.4,31.5,31.4,31.4,31.3,31.3,31.3,31.5,31.3,31.3,31.3,31.4,31.3,31.3,31.4,31.4,31.4,31.4,31.4,31.3,31.3,31.3,31.3,31.4,31.3,31.4,31.3,31.4,31.3,31.3,31.2,31.2,31.1,31.0,31.1,31.1,31.3,31.2,31.2,31.2,31.4,31.2,31.2,31.1,31.3,31.3,31.3,31.3,31.2,31.2,31.2,31.3,31.3,31.2,31.3,31.3,31.3,31.0,30.9,30.9,30.7,30.4,30.2,30.3,30.2,30.1,29.9,29.8,30.0,29.8,29.5,29.7,29.7,29.6,29.4,29.6,29.4,29.5,29.5,29.4,29.4,29.3,29.3,29.2,29.2,29.1,29.1,29.1,29.3,29.1,29.1,29.0,29.1,29.0,28.9,29.1,28.9,29.0,28.9,28.9,29.1,28.9,29.0,28.8,28.8
146,31.0,31.0,30.9,31.0,30.9,31.0,31.0,31.0,31.2,31.0,31.0,31.3,31.0,31.0,31.2,31.1,31.0,31.1,31.1,31.1,31.1,30.9,31.2,31.1,31.0,30.9,31.0,31.0,30.9,30.7,30.4,30.3,30.2,30.2,30.1,30.1,30.1,30.2,30.2,30.4,30.2,30.3,30.3,30.5,30.6,30.7,31.1,31.0,31.3,31.1,31.0,31.1,31.0,31.1,31.1,31.0,31.0,31.1,31.2,31.3,31.5,31.4,31.4,31.7,31.5,31.4,31.4,31.4,31.4,31.5,31.5,31.5,31.6,31.4,31.6,31.4,31.4,31.4,31.5,31.5,31.3,31.4,31.5,31.3,31.3,31.5,31.5,31.4,31.5,31.4,31.5,31.5,31.4,31.4,31.4,31.2,31.3,31.3,31.4,31.4,31.4,31.3,31.3,31.4,31.3,31.5,31.3,31.5,31.3,31.4,31.3,31.4,31.2,31.1,31.2,31.2,31.2,31.3,31.3,31.1,31.2,31.3,31.2,31.1,31.2,31.2,31.3,31.2,31.2,31.3,31.3,31.2,31.2,31.3,31.3,31.3,31.3,31.1,31.3,31.4,31.2,31.3,31.3,31.1,31.1,31.1,31.1,30.6,30.4,30.2,30.2,30.0,29.9,30.0,29.9,29.8,29.8,29.8,29.6,29.8,29.6,29.5,29.7,29.5,29.4,29.4,29.4,29.4,29.2,29.3,29.4,29.2,29.2,29.3,29.0,29.2,29.3,29.1,29.2,29.0,29.1,29.0,29.0,29.1,29.0,29.0,28.9,29.0,28.9,29.0,28.8,28.9
147,31.0,31.0,31.0,31.1,31.2,30.9,31.0,31.2,31.0,31.1,31.1,31.0,31.1,31.0,31.1,31.0,31.0,31.1,31.0,31.0,31.1,31.1,31.2,31.1,31.2,31.0,31.1,30.9,30.8,30.5,30.3,30.3,30.2,30.4,30.2,30.1,30.2,30.2,30.3,30.2,30.2,30.2,30.4,30.5,30.7,30.9,30.9,31.1,31.0,31.1,31.1,31.0,31.3,31.1,31.2,31.1,31.1,31.1,31.0,31.3,31.3,31.5,31.4,31.5,31.7,31.6,31.6,31.6,31.5,31.7,31.6,31.5,31.6,31.6,31.8,31.5,31.5,31.5,31.3,31.5,31.4,31.5,31.4,31.4,31.3,31.4,31.6,31.5,31.6,31.6,31.5,31.6,31.6,31.3,31.3,31.3,31.3,31.6,31.5,31.4,31.5,31.5,31.4,31.4,31.4,31.4,31.4,31.4,31.3,31.3,31.4,31.4,31.1,31.3,31.2,31.3,31.2,31.2,31.2,31.2,31.2,31.3,31.1,31.2,31.1,31.2,31.3,31.4,31.3,31.3,31.2,31.2,31.2,30.9,31.1,31.1,31.1,31.2,31.4,31.3,31.2,31.2,31.2,31.1,31.0,31.0,30.9,30.7,30.5,30.3,30.2,30.1,30.0,30.0,30.0,29.8,29.9,29.8,29.7,29.7,29.5,29.7,29.6,29.5,29.4,29.6,29.3,29.4,29.4,29.3,29.4,29.2,29.1,29.4,29.2,29.3,29.1,29.1,29.2,29.2,29.1,29.1,29.0,29.1,28.9,29.0,28.8,29.0,29.0,28.7,28.8,28.8
148,30.9,31.0,30.9,30.9,31.1,31.1,30.9,31.0,30.9,31.0,30.9,31.1,31.1,30.9,31.1,31.1,31.1,31.1,31.1,31.2,31.1,31.0,31.2,31.1,31.0,31.0,30.8,30.7,30.8,30.6,30.4,30.3,30.5,30.2,30.2,30.4,30.3,30.3,30.4,30.4,30.4,30.4,30.4,30.6,30.8,30.9,31.0,31.2,31.1,31.1,31.2,31.0,31.2,31.1,31.3,31.2,31.1,31.1,31.1,31.2,31.3,31.4,31.7,31.6,31.6,31.6,31.6,31.5,31.4,31.6,31.6,31.6,31.6,31.7,31.6,31.4,31.4,31.4,31.4,31.5,31.4,31.3,31.4,31.4,31.4,31.5,31.5,31.6,31.8,31.6,31.5,31.6,31.4,31.4,31.3,31.4,31.2,31.4,31.4,31.4,31.4,31.5,31.4,31.4,31.4,31.4,31.4,31.5,31.4,31.3,31.4,31.4,31.3,31.1,31.3,31.1,31.1,31.2,31.1,31.1,31.1,31.1,31.1,31.2,31.1,31.2,31.2,31.2,31.4,31.2,31.2,31.3,31.0,31.1,30.9,31.0,31.1,31.2,31.3,31.3,31.3,31.3,31.2,31.1,31.1,31.0,31.0,30.6,30.5,30.4,30.2,30.2,30.2,29.8,29.8,30.0,29.9,29.7,29.8,29.6,29.5,29.5,29.5,29.4,29.6,29.4,29.3,29.4,29.3,29.4,29.2,29.2,29.2,29.2,29.1,29.2,29.2,29.2,29.1,29.0,29.0,29.0,29.0,29.1,28.8,28.8,28.9,29.0,28.8,29.0,28.8,29.0
149,30.9,30.9,30.8,31.0,31.0,30.9,31.2,30.9,31.0,30.9,31.0,30.9,31.0,30.9,31.1,31.2,31.0,30.9,31.0,31.1,31.1,31.0,31.2,31.0,31.1,31.0,31.0,30.9,30.7,30.8,30.7,30.7,30.3,30.6,30.4,30.3,30.4,30.6,30.4,30.5,30.4,30.4,30.4,30.7,31.0,31.0,31.1,31.1,31.1,31.2,31.2,31.2,31.2,31.2,31.3,31.1,31.1,31.1,31.3,31.3,31.2,31.5,31.7,31.6,31.6,31.5,31.5,31.6,31.6,31.5,31.5,31.5,31.5,31.5,31.5,31.5,31.3,31.4,31.4,31.4,31.4,31.1,31.3,31.4,31.4,31.6,31.6,31.6,31.4,31.6,31.7,31.4,31.5,31.4,31.2,31.5,31.3,31.4,31.5,31.5,31.5,31.4,31.5,31.5,31.4,31.5,31.4,31.4,31.4,31.5,31.5,31.3,31.1,31.3,31.3,31.1,31.2,31.2,31.2,31.1,31.1,31.1,31.2,31.0,31.1,31.3,31.2,31.5,31.4,31.3,31.2,31.1,31.2,31.1,31.0,31.1,31.1,31.3,31.1,31.1,31.2,31.0,31.2,31.1,31.0,30.9,30.7,30.5,30.3,30.2,30.1,30.1,30.0,30.0,30.0,29.9,29.9,29.7,29.6,29.6,29.6,29.6,29.6,29.4,29.3,29.4,29.3,29.2,29.3,29.1,29.3,29.2,29.2,29.2,29.3,29.2,29.0,29.0,29.0,29.0,29.0,29.1,29.0,29.0,28.8,28.8,28.8,28.9,28.9,28.8,29.0,29.0
150,30.8,30.9,30.9,30.9,31.0,31.0,30.9,31.0,30.9,30.9,30.9,30.9,30.9,31.1,31.1,31.1,30.9,30.9,31.0,31.0,31.0,31.0,31.0,31.0,31.0,31.1,31.0,31.0,31.0,30.9,30.9,30.8,30.8,30.8,30.8,30.6,30.8,30.8,30.7,30.6,30.8,30.8,30.9,31.0,31.1,31.1,31.2,31.1,31.1,31.2,31.2,31.2,31.2,31.2,31.2,31.2,31.2,31.2,31.3,31.3,31.5,31.6,31.7,31.6,31.6,31.6,31.5,31.5,31.5,31.5,31.5,31.5,31.5,31.5,31.5,31.5,31.3,31.4,31.4,31.4,31.4,31.3,31.3,31.3,31.4,31.6,31.6,31.6,31.6,31.6,31.7,31.5,31.5,31.4,31.4,31.3,31.3,31.3,31.4,31.5,31.4,31.5,31.4,31.5,31.5,31.5,31.4,31.4,31.4,31.5,31.5,31.3,31.3,31.2,31.3,31.2,31.2,31.2,31.1,31.1,31.1,31.1,31.1,31.1,31.1,31.2,31.2,31.2,31.3,31.2,31.2,31.1,31.1,31.1,31.1,31.1,31.2,31.3,31.2,31.1,31.1,31.2,31.1,31.1,31.0,30.9,30.7,30.6,30.4,30.3,30.1,30.1,30.1,30.0,29.9,29.8,29.8,29.8,29.7,29.6,29.6,29.6,29.5,29.4,29.4,29.4,29.4,29.3,29.2,29.2,29.2,29.3,29.3,29.2,29.2,29.2,29.2,29.1,29.0,29.0,28.9,29.0,29.0,29.0,29.1,28.8,28.8,28.8,28.8,29.0,28.9,29.0
151,30.7,30.9,30.9,30.9,31.1,30.9,31.0,31.0,30.9,30.9,31.1,30.9,31.1,31.0,31.1,30.9,30.9,31.1,31.0,31.0,31.0,31.1,31.1,31.0,31.1,31.1,31.1,31.1,31.2,31.1,31.1,30.9,31.1,31.0,31.0,31.1,30.9,31.1,30.9,31.2,31.1,31.2,31.1,31.2,31.2,31.3,31.4,31.3,31.2,31.2,31.2,31.2,31.3,31.3,31.4,31.4,31.2,31.3,31.4,31.6,31.4,31.7,31.7,31.6,31.6,31.4,31.6,31.5,31.5,31.5,31.5,31.5,31.6,31.5,31.4,31.5,31.3,31.4,31.4,31.4,31.3,31.3,31.3,31.3,31.4,31.6,31.6,31.6,31.7,31.6,31.7,31.6,31.5,31.3,31.4,31.4,31.4,31.4,31.4,31.5,31.5,31.4,31.4,31.4,31.5,31.5,31.5,31.7,31.4,31.5,31.5,31.3,31.3,31.3,31.2,31.3,31.3,31.2,31.3,31.1,31.1,31.3,31.1,31.1,31.1,31.2,31.3,31.4,31.2,31.3,31.3,31.2,31.1,31.2,31.1,31.1,31.3,31.3,31.3,31.2,31.1,31.3,31.2,31.1,31.0,31.0,30.8,30.7,30.5,30.4,30.2,30.1,30.1,30.1,29.8,29.8,29.8,29.8,29.8,29.6,29.7,29.6,29.5,29.5,29.4,29.4,29.4,29.5,29.2,29.2,29.4,29.3,29.3,29.4,29.2,29.3,29.2,29.2,29.1,29.0,29.1,28.9,29.0,29.0,29.0,29.1,28.8,28.8,29.1,29.0,29.1,28.9
152,30.7,30.7,30.8,30.7,30.8,30.8,30.9,30.9,30.7,30.7,30.9,30.9,30.9,31.0,30.9,30.9,31.1,31.1,31.0,31.0,31.0,30.9,31.1,31.1,31.0,31.1,31.2,31.1,31.2,31.2,31.2,31.2,30.9,31.1,31.0,31.2,31.0,31.2,31.2,31.4,31.3,31.3,31.3,31.3,31.4,31.3,31.4,31.3,31.3,31.3,31.3,31.3,31.4,31.4,31.4,31.4,31.4,31.3,31.4,31.6,31.5,31.7,31.4,31.6,31.6,31.5,31.5,31.4,31.4,31.5,31.5,31.5,31.4,31.4,31.5,31.3,31.4,31.3,31.3,31.3,31.3,31.2,31.3,31.3,31.4,31.5,31.6,31.5,31.6,31.6,31.6,31.6,31.4,31.2,31.3,31.4,31.3,31.4,31.3,31.3,31.4,31.3,31.4,31.6,31.4,31.4,31.3,31.4,31.4,31.4,31.6,31.3,31.4,31.3,31.4,31.1,31.1,31.2,31.3,31.0,31.1,31.3,31.3,31.2,31.1,31.2,31.3,31.3,31.3,31.4,31.2,31.1,31.1,31.2,31.2,31.2,31.1,31.4,31.2,31.1,31.1,31.2,31.1,31.1,31.2,31.0,30.8,30.4,30.5,30.4,29.9,30.2,29.9,29.9,29.8,29.8,29.8,29.7,29.6,29.8,29.6,29.5,29.4,29.5,29.5,29.5,29.2,29.4,29.4,29.3,29.3,29.1,29.2,29.1,29.1,29.2,29.1,29.1,29.1,29.0,29.0,29.1,29.0,28.9,28.9,29.0,29.0,29.0,28.9,29.0,28.9,28.8
153,30.3,30.4,30.4,30.6,30.6,30.6,30.6,30.6,30.7,30.7,30.7,30.7,30.9,30.7,30.8,30.7,30.8,30.8,30.9,30.9,31.0,30.9,31.1,31.0,30.9,31.1,31.1,31.1,31.1,31.2,31.2,31.2,31.3,31.1,31.1,31.3,31.4,31.2,31.3,31.3,31.5,31.5,31.5,31.3,31.4,31.1,30.9,31.1,31.1,31.1,31.2,31.4,31.5,31.4,31.4,31.6,31.6,31.5,31.6,31.5,31.3,31.6,31.6,31.5,31.5,31.6,31.5,31.6,31.4,31.5,31.6,31.5,31.6,31.6,31.6,31.3,31.3,31.4,31.2,31.2,31.2,31.3,31.2,31.3,31.3,31.4,31.4,31.5,31.5,31.6,31.4,31.5,31.5,31.4,31.4,31.3,31.4,31.3,31.3,31.4,31.4,31.5,31.4,31.4,31.6,31.3,31.5,31.3,31.3,31.4,31.4,31.4,31.4,31.4,31.4,31.3,31.3,31.3,31.2,31.2,31.2,31.2,31.2,31.2,31.1,31.0,31.2,31.3,31.3,31.2,31.1,31.2,31.1,31.2,31.1,31.4,31.1,31.3,31.2,31.2,31.2,31.1,31.1,31.1,31.1,31.0,30.9,30.6,30.4,30.2,30.2,30.1,30.1,30.0,29.8,29.9,29.8,29.8,29.6,29.7,29.4,29.7,29.5,29.5,29.5,29.4,29.2,29.3,29.2,29.2,29.3,29.2,29.2,29.1,29.2,29.1,29.1,29.1,29.1,29.0,29.0,28.9,28.9,29.0,28.9,28.9,28.8,28.9,28.7,28.8,28.8,28.9
154,30.0,30.2,30.1,30.2,30.2,30.4,30.4,30.3,30.4,30.4,30.3,30.5,30.5,30.5,30.8,30.6,30.7,30.7,30.9,30.8,30.9,30.9,30.8,30.9,30.9,31.0,31.1,31.1,31.1,31.1,31.1,31.1,31.1,31.1,31.1,31.3,31.2,31.3,31.3,31.5,31.4,31.5,31.4,31.3,31.1,31.0,30.8,30.9,31.0,31.0,31.2,31.3,31.4,31.5,31.5,31.4,31.6,31.6,31.5,31.6,31.7,31.5,31.6,31.6,31.5,31.7,31.5,31.5,31.6,31.6,31.7,31.6,31.5,31.7,31.4,31.5,31.4,31.2,31.4,31.4,31.3,31.2,31.3,31.3,31.4,31.5,31.3,31.4,31.5,31.4,31.4,31.5,31.4,31.4,31.3,31.4,31.4,31.3,31.3,31.3,31.4,31.5,31.4,31.6,31.5,31.5,31.5,31.3,31.4,31.3,31.5,31.4,31.4,31.4,31.3,31.4,31.4,31.3,31.2,31.3,31.1,31.3,31.1,31.2,31.0,30.9,31.2,31.2,31.3,31.3,31.2,31.3,31.2,31.1,31.2,31.1,31.2,31.2,31.0,31.0,31.0,31.1,31.0,31.0,31.0,31.0,31.0,30.7,30.6,30.4,30.3,30.0,29.9,30.0,29.8,29.8,29.9,29.8,29.7,29.7,29.7,29.5,29.6,29.5,29.5,29.4,29.2,29.4,29.4,29.2,29.3,29.3,29.2,29.1,29.2,29.2,29.0,29.0,29.0,29.1,29.0,29.0,29.0,28.9,28.9,29.0,29.0,28.9,28.9,28.8,28.8,28.9
155,29.8,30.0,29.9,30.0,30.1,30.3,30.2,30.2,30.4,30.3,30.5,30.6,30.5,30.4,30.5,30.6,30.6,30.8,30.8,30.7,30.9,30.9,31.0,31.0,30.9,31.1,31.0,31.0,31.1,31.1,31.1,31.2,31.4,31.4,31.3,31.2,31.3,31.3,31.4,31.5,31.4,31.5,31.1,31.1,30.9,30.8,31.0,30.9,31.0,31.0,31.1,31.3,31.4,31.6,31.5,31.6,31.6,31.5,31.5,31.5,31.6,31.5,31.6,31.6,31.6,31.6,31.7,31.7,31.6,31.7,31.6,31.6,31.7,31.8,31.7,31.4,31.4,31.4,31.4,31.4,31.3,31.4,31.3,31.3,31.3,31.5,31.4,31.4,31.4,31.4,31.5,31.4,31.4,31.3,31.3,31.3,31.3,31.4,31.3,31.6,31.4,31.6,31.4,31.6,31.6,31.6,31.5,31.6,31.4,31.4,31.4,31.5,31.6,31.5,31.3,31.5,31.4,31.4,31.4,31.4,31.4,31.1,31.3,31.0,31.1,31.2,31.3,31.4,31.3,31.1,31.3,31.2,31.2,31.2,31.3,31.2,31.2,31.1,31.0,30.7,30.8,30.8,30.8,30.9,31.1,31.0,30.9,30.6,30.6,30.3,30.1,30.0,29.9,30.0,29.9,29.8,29.8,29.6,29.7,29.6,29.7,29.4,29.6,29.4,29.5,29.3,29.3,29.3,29.2,29.2,29.3,29.1,29.3,29.1,29.2,29.2,29.1,29.2,29.2,28.9,28.8,29.0,28.9,29.0,28.8,28.9,28.9,28.9,29.0,29.0,28.8,28.8
156,29.8,30.0,30.2,30.0,30.1,30.2,30.1,30.4,30.2,30.4,30.5,30.3,30.5,30.5,30.5,30.7,30.7,30.8,30.8,30.7,30.9,30.8,31.0,30.9,30.9,31.1,30.9,31.1,31.2,31.2,31.1,30.9,31.3,31.2,31.4,31.2,31.3,31.4,31.4,31.4,31.4,31.4,31.1,30.9,31.0,31.1,31.1,31.2,31.1,31.1,31.1,31.2,31.4,31.6,31.7,31.6,31.7,31.7,31.5,31.4,31.5,31.6,31.7,31.7,31.7,31.7,31.5,31.6,31.6,31.6,31.6,31.7,31.9,31.8,31.8,31.6,31.6,31.5,31.3,31.3,31.3,31.4,31.5,31.5,31.4,31.3,31.4,31.4,31.4,31.5,31.3,31.3,31.4,31.4,31.4,31.4,31.3,31.5,31.6,31.5,31.6,31.6,31.5,31.5,31.6,31.5,31.5,31.5,31.4,31.5,31.6,31.6,31.5,31.5,31.5,31.3,31.6,31.6,31.3,31.4,31.4,31.2,31.2,31.1,31.1,31.1,31.4,31.5,31.4,31.3,31.3,31.3,31.2,31.2,31.2,31.2,31.0,30.8,30.9,30.6,30.6,30.5,30.5,30.6,30.9,30.9,31.0,30.8,30.4,30.4,30.0,30.0,29.9,30.0,29.9,29.7,29.9,29.7,29.5,29.6,29.5,29.6,29.5,29.5,29.6,29.4,29.4,29.4,29.5,29.2,29.2,29.2,29.3,29.1,29.1,29.2,29.0,29.3,29.0,28.9,29.2,29.0,29.0,28.8,28.9,28.8,28.9,29.0,28.8,28.8,28.9,28.9
157,29.9,30.0,30.0,30.2,30.2,30.2,30.2,30.2,30.2,30.3,30.4,30.4,30.4,30.6,30.6,30.4,30.4,30.7,30.7,30.9,30.7,30.9,30.9,30.9,30.9,31.0,31.0,31.0,31.1,31.1,31.2,31.2,31.2,31.1,31.2,31.3,31.3,31.4,31.3,31.3,31.2,31.3,31.0,30.8,31.3,31.2,31.4,31.3,31.3,31.2,30.9,31.1,31.3,31.5,31.6,31.6,31.5,31.7,31.5,31.5,31.4,31.6,31.5,31.7,31.6,31.8,31.6,31.8,31.7,31.6,31.7,31.6,31.6,31.8,31.7,31.6,31.4,31.7,31.5,31.4,31.3,31.3,31.2,31.3,31.3,31.4,31.4,31.4,31.4,31.4,31.4,31.4,31.4,31.3,31.3,31.4,31.5,31.5,31.5,31.6,31.7,31.5,31.6,31.6,31.6,31.5,31.7,31.5,31.5,31.5,31.5,31.6,31.5,31.6,31.3,31.4,31.5,31.5,31.4,31.3,31.3,31.2,31.2,31.2,31.1,31.1,31.1,31.4,31.3,31.4,31.3,31.3,31.3,31.1,31.1,31.2,30.9,30.7,30.7,30.6,30.4,30.5,30.5,30.4,30.6,30.9,30.9,30.6,30.5,30.3,30.2,30.0,30.0,29.9,29.9,29.8,29.8,29.6,29.7,29.4,29.5,29.5,29.4,29.6,29.4,29.3,29.3,29.3,29.2,29.1,29.4,29.2,29.2,29.1,29.2,29.1,29.1,29.2,29.0,28.9,29.0,29.0,28.8,29.0,28.8,29.0,28.8,28.9,29.1,29.0,28.8,29.0
158,30.0,30.0,30.0,30.1,30.1,30.2,30.2,30.2,30.4,30.2,30.4,30.4,30.4,30.5,30.5,30.6,30.7,30.8,30.7,30.7,30.8,30.9,30.7,31.1,30.8,31.0,30.9,31.1,31.1,31.1,31.1,31.2,31.2,31.2,31.3,31.2,31.3,31.3,31.3,31.3,31.3,31.3,31.2,31.0,31.2,31.4,31.5,31.3,31.2,31.1,31.1,31.1,31.4,31.4,31.6,31.6,31.6,31.6,31.5,31.5,31.5,31.6,31.7,31.7,31.8,31.7,31.6,31.6,31.6,31.6,31.6,31.8,31.7,31.9,31.6,31.7,31.6,31.6,31.5,31.6,31.5,31.4,31.4,31.4,31.3,31.4,31.4,31.4,31.4,31.4,31.3,31.4,31.4,31.3,31.3,31.4,31.5,31.5,31.6,31.6,31.7,31.6,31.5,31.6,31.6,31.5,31.6,31.5,31.5,31.5,31.6,31.5,31.4,31.4,31.5,31.4,31.4,31.5,31.4,31.4,31.2,31.2,31.1,31.2,31.1,31.2,31.4,31.3,31.3,31.3,31.4,31.2,31.2,31.2,31.2,30.9,30.7,30.5,30.6,30.6,30.5,30.5,30.5,30.3,30.4,30.7,30.5,30.4,30.6,30.4,30.2,30.1,29.9,29.9,29.8,29.8,29.7,29.8,29.8,29.6,29.5,29.4,29.4,29.4,29.4,29.4,29.5,29.3,29.4,29.3,29.3,29.2,29.2,29.3,29.2,29.2,29.1,29.2,29.2,29.2,29.0,28.9,29.0,28.9,29.0,29.0,28.8,29.0,28.8,28.9,28.8,28.9
159,29.8,29.9,29.9,30.1,30.0,30.2,30.2,30.0,30.3,30.2,30.3,30.3,30.4,30.4,30.6,30.4,30.6,30.6,30.6,30.8,30.8,30.7,30.9,30.9,30.9,30.9,31.0,30.9,31.0,31.0,31.1,31.1,31.0,31.2,31.2,31.3,31.3,31.3,31.2,31.4,31.3,31.1,31.1,30.9,30.9,31.3,31.5,31.3,31.1,31.1,30.9,31.0,31.5,31.5,31.7,31.6,31.6,31.6,31.6,31.6,31.6,31.5,31.5,31.7,31.7,31.7,31.7,31.6,31.6,31.7,31.8,31.6,31.7,31.8,31.7,31.6,31.6,31.5,31.5,31.4,31.4,31.5,31.3,31.5,31.5,31.4,31.6,31.4,31.5,31.3,31.4,31.4,31.3,31.3,31.4,31.5,31.6,31.5,31.7,31.7,31.6,31.7,31.6,31.6,31.6,31.4,31.6,31.5,31.5,31.7,31.6,31.5,31.3,31.5,31.4,31.4,31.4,31.4,31.5,31.3,31.3,31.2,31.1,31.3,31.2,31.1,31.4,31.3,31.3,31.2,31.3,31.3,31.2,31.2,31.2,30.9,30.6,30.6,30.5,30.7,30.6,30.8,30.6,30.5,30.3,30.6,30.7,30.5,30.4,30.4,30.2,30.2,30.0,29.9,30.0,29.6,29.7,29.6,29.6,29.5,29.5,29.4,29.4,29.4,29.5,29.4,29.5,29.4,29.2,29.2,29.3,29.3,29.2,29.1,29.1,29.1,29.1,28.9,29.1,29.0,28.9,29.0,29.0,29.0,29.0,28.8,28.7,28.8,28.8,28.8,28.9,28.8
160,29.9,30.0,30.0,30.2,30.0,30.1,30.2,30.2,30.4,30.4,30.3,30.5,30.4,30.5,30.5,30.6,30.6,30.6,30.6,30.6,30.7,30.9,30.8,30.9,30.9,31.0,30.7,30.9,30.9,31.1,30.9,31.1,31.1,31.3,31.1,31.3,31.2,31.3,31.4,31.3,31.5,31.4,31.2,31.0,31.2,31.3,31.2,31.2,31.0,31.1,30.9,31.3,31.4,31.5,31.6,31.5,31.6,31.7,31.6,31.5,31.6,31.6,31.6,31.6,31.7,31.7,31.7,31.7,31.6,31.6,31.6,31.7,31.8,31.6,31.6,31.6,31.6,31.5,31.4,31.6,31.4,31.5,31.6,31.4,31.6,31.5,31.4,31.4,31.5,31.4,31.4,31.4,31.5,31.3,31.3,31.5,31.6,31.4,31.6,31.6,31.6,31.6,31.6,31.5,31.6,31.5,31.5,31.5,31.6,31.6,31.7,31.6,31.5,31.6,31.5,31.4,31.3,31.4,31.4,31.4,31.3,31.4,31.2,31.1,31.1,31.2,31.3,31.4,31.3,31.3,31.4,31.4,31.4,31.2,31.1,30.9,30.6,30.7,30.6,30.7,30.8,30.6,30.5,30.2,30.3,30.6,30.7,30.5,30.3,30.2,30.1,30.1,30.0,30.0,29.8,29.8,29.6,29.5,29.7,29.4,29.7,29.4,29.4,29.4,29.2,29.5,29.3,29.3,29.3,29.4,29.3,29.3,29.2,29.0,29.0,29.0,29.1,29.1,28.9,28.8,29.0,29.0,29.1,28.8,28.9,29.0,28.9,28.8,28.8,28.8,28.8,28.9
161,29.9,30.0,30.1,30.0,30.0,30.1,30.1,30.3,30.2,30.4,30.2,30.2,30.5,30.5,30.5,30.5,30.6,30.7,30.6,30.6,30.7,30.8,30.8,30.8,30.8,30.9,31.1,30.9,30.9,31.0,31.0,31.2,31.1,31.2,31.3,31.2,31.4,31.2,31.4,31.4,31.3,31.3,31.3,31.3,31.0,31.1,30.9,30.9,30.9,31.0,31.0,31.4,31.6,31.8,31.6,31.7,31.6,31.7,31.5,31.6,31.5,31.5,31.7,31.6,31.7,31.7,31.6,31.9,31.6,31.6,31.6,31.6,31.7,31.8,31.6,31.6,31.6,31.5,31.5,31.5,31.4,31.4,31.6,31.4,31.6,31.6,31.4,31.5,31.5,31.5,31.5,31.3,31.3,31.3,31.4,31.5,31.6,31.6,31.6,31.7,31.5,31.7,31.6,31.7,31.7,31.6,31.6,31.6,31.6,31.6,31.6,31.5,31.4,31.5,31.5,31.4,31.4,31.3,31.4,31.4,31.3,31.3,31.2,31.3,31.3,31.3,31.2,31.4,31.2,31.1,31.1,31.3,31.3,31.3,31.0,30.9,30.7,30.6,30.4,30.6,30.7,30.6,30.4,30.5,30.5,30.8,30.5,30.5,30.4,30.3,30.0,30.0,29.8,30.0,29.9,29.7,29.7,29.7,29.7,29.5,29.6,29.5,29.4,29.3,29.4,29.5,29.2,29.4,29.2,29.2,29.2,29.2,29.0,29.1,29.2,29.0,29.0,29.2,29.1,29.0,28.9,29.0,28.8,29.0,29.1,28.8,28.9,28.7,28.8,28.9,28.7,28.8
162,30.0,30.0,29.8,30.0,30.0,30.1,30.2,30.2,30.3,30.2,30.3,30.4,30.4,30.6,30.3,30.6,30.5,30.7,30.5,30.6,30.6,30.8,30.7,30.8,30.9,30.8,30.9,31.0,31.0,31.0,30.9,31.2,31.1,31.1,31.1,31.2,31.2,31.3,31.3,31.4,31.4,31.4,31.3,31.2,31.3,31.1,30.9,31.0,31.0,31.1,31.2,31.4,31.6,31.5,31.7,31.6,31.6,31.4,31.6,31.5,31.6,31.7,31.6,31.6,31.7,31.7,31.6,31.6,31.7,31.5,31.6,31.6,31.7,31.7,31.6,31.5,31.4,31.5,31.4,31.4,31.4,31.6,31.5,31.6,31.5,31.4,31.6,31.5,31.4,31.4,31.5,31.4,31.4,31.5,31.5,31.5,31.6,31.7,31.6,31.6,31.6,31.7,31.6,31.6,31.6,31.5,31.6,31.3,31.4,31.6,31.4,31.5,31.4,31.4,31.4,31.3,31.4,31.3,31.5,31.4,31.3,31.4,31.2,31.3,31.2,31.3,31.3,31.4,31.4,31.2,31.1,31.2,31.1,31.1,31.2,31.0,30.7,30.4,30.3,30.5,30.6,30.5,30.4,30.4,30.4,30.6,30.5,30.6,30.4,30.2,30.0,30.1,29.9,30.0,29.8,29.8,29.8,29.5,29.6,29.6,29.7,29.4,29.5,29.4,29.4,29.3,29.4,29.3,29.3,29.2,29.2,29.2,29.2,29.2,29.2,29.1,29.1,29.3,29.2,29.0,29.0,29.0,28.8,29.1,29.0,28.9,28.8,28.9,28.8,28.9,28.9,28.9
163,29.9,30.0,30.0,30.0,30.1,30.0,30.1,30.2,30.2,30.3,30.4,30.5,30.4,30.6,30.5,30.6,30.6,30.4,30.6,30.6,30.8,30.7,30.8,30.5,30.9,30.9,31.1,30.9,30.9,31.0,31.1,31.2,31.1,31.1,31.3,31.1,31.2,31.2,31.3,31.4,31.5,31.6,31.6,31.3,31.4,31.3,31.3,31.3,31.3,31.4,31.4,31.5,31.7,31.9,31.6,31.7,31.7,31.7,31.6,31.6,31.7,31.9,31.8,31.7,31.7,31.7,31.7,31.7,31.8,31.5,31.6,31.7,31.7,31.7,31.4,31.6,31.4,31.4,31.4,31.6,31.5,31.5,31.5,31.5,31.6,31.5,31.6,31.5,31.5,31.4,31.6,31.5,31.4,31.4,31.5,31.6,31.6,31.6,31.8,31.6,31.6,31.6,31.6,31.6,31.6,31.6,31.5,31.6,31.4,31.6,31.4,31.5,31.4,31.5,31.4,31.4,31.3,31.5,31.5,31.4,31.3,31.3,31.2,31.3,31.2,31.1,31.3,31.3,31.1,31.1,31.1,31.1,31.3,31.2,31.1,31.1,30.7,30.6,30.5,30.3,30.3,30.3,30.4,30.7,30.7,30.9,30.6,30.6,30.4,30.3,30.0,30.0,29.8,29.9,29.8,29.7,29.7,29.7,29.7,29.6,29.5,29.5,29.4,29.4,29.5,29.4,29.2,29.3,29.4,29.2,29.2,29.2,29.2,29.0,29.0,29.2,29.1,29.2,29.0,28.9,29.1,29.0,29.0,29.0,29.0,28.9,28.9,28.9,28.8,28.9,28.8,28.8
164,30.0,30.0,29.9,30.1,30.1,30.2,30.2,30.1,30.2,30.3,30.3,30.4,30.4,30.5,30.4,30.5,30.6,30.5,30.6,30.6,30.6,30.7,30.8,30.7,30.9,30.9,30.9,30.8,31.0,31.0,31.0,31.1,31.2,31.1,31.2,31.1,31.2,31.1,31.4,31.5,31.6,31.6,31.6,31.4,31.5,31.4,31.5,31.4,31.4,31.5,31.7,31.7,31.7,31.7,31.7,31.6,31.6,31.7,31.7,31.8,31.7,31.8,31.7,31.7,31.8,31.8,31.6,31.6,31.6,31.5,31.6,31.5,31.7,31.7,31.5,31.6,31.5,31.5,31.6,31.4,31.5,31.5,31.5,31.6,31.5,31.5,31.4,31.7,31.6,31.6,31.6,31.5,31.4,31.4,31.5,31.5,31.5,31.6,31.6,31.6,31.7,31.6,31.7,31.7,31.5,31.6,31.5,31.5,31.4,31.6,31.5,31.4,31.5,31.5,31.3,31.5,31.5,31.4,31.4,31.5,31.4,31.3,31.3,31.4,31.2,31.2,31.5,31.3,31.2,31.4,31.3,31.2,31.1,31.2,31.3,31.2,31.0,30.9,30.8,30.6,30.6,30.5,30.7,30.8,30.9,30.9,30.8,30.7,30.5,30.3,30.2,30.1,29.9,29.8,29.8,29.7,29.6,29.7,29.7,29.8,29.5,29.4,29.3,29.4,29.4,29.4,29.3,29.4,29.3,29.2,29.2,29.2,29.1,29.1,29.1,29.2,29.1,29.0,29.0,29.0,28.9,29.0,29.0,29.0,29.0,29.0,28.8,29.0,28.9,28.9,28.9,28.8
165,29.9,30.0,30.0,30.1,30.1,30.2,30.1,30.2,30.3,30.1,30.3,30.3,30.3,30.2,30.4,30.5,30.5,30.6,30.7,30.6,30.7,30.7,30.8,30.8,30.8,30.7,30.9,31.0,30.9,31.0,31.0,31.2,31.2,31.0,31.2,31.3,31.3,31.4,31.3,31.4,31.4,31.6,31.5,31.6,31.5,31.6,31.5,31.6,31.7,31.5,31.7,31.7,31.6,31.7,31.8,31.8,31.8,31.9,31.7,31.8,31.8,32.0,31.7,31.6,31.8,31.7,31.7,31.8,31.6,31.6,31.7,31.5,31.7,31.6,31.6,31.5,31.5,31.5,31.5,31.5,31.6,31.6,31.5,31.6,31.6,31.7,31.6,31.6,31.6,31.7,31.7,31.6,31.4,31.6,31.5,31.6,31.6,31.5,31.6,31.7,31.6,31.8,31.7,31.6,31.5,31.5,31.5,31.5,31.5,31.6,31.6,31.6,31.3,31.3,31.3,31.4,31.5,31.5,31.4,31.4,31.4,31.4,31.2,31.3,31.2,31.3,31.3,31.3,31.2,31.4,31.2,31.4,31.4,31.3,31.3,31.3,31.1,31.0,30.9,30.8,30.6,30.8,30.8,30.9,30.9,30.9,30.8,30.6,30.4,30.1,30.1,30.0,29.8,29.8,29.9,29.7,29.6,29.6,29.4,29.6,29.5,29.4,29.6,29.3,29.4,29.3,29.2,29.3,29.3,29.2,29.3,29.2,29.1,29.1,29.3,29.1,29.1,29.2,29.0,29.1,28.9,29.0,28.8,28.8,28.9,28.8,28.8,29.0,29.0,28.9,28.8,28.8
166,30.0,30.0,29.8,29.9,30.0,30.1,30.2,30.2,30.2,30.2,30.2,30.2,30.4,30.4,30.5,30.4,30.6,30.5,30.6,30.6,30.6,30.7,30.8,30.8,30.8,30.9,31.0,30.9,30.9,31.1,31.1,30.9,31.1,31.1,31.1,31.1,31.2,31.5,31.3,31.6,31.6,31.5,31.5,31.7,31.6,31.6,31.7,31.7,31.8,31.6,31.6,31.8,31.8,31.9,31.9,31.8,31.8,31.9,31.9,31.9,31.8,32.0,32.0,31.9,31.6,31.8,31.6,31.8,31.6,31.7,31.6,31.7,31.6,31.7,31.7,31.7,31.6,31.4,31.5,31.6,31.6,31.5,31.6,31.6,31.8,31.8,31.6,31.7,31.8,31.6,31.6,31.7,31.8,31.6,31.6,31.5,31.6,31.6,31.5,31.6,31.6,31.6,31.6,31.5,31.6,31.6,31.5,31.6,31.4,31.5,31.5,31.5,31.3,31.2,31.2,31.4,31.4,31.4,31.4,31.3,31.4,31.5,31.4,31.3,31.3,31.2,31.3,31.3,31.3,31.4,31.2,31.4,31.3,31.3,31.3,31.2,31.2,31.2,31.2,31.0,31.0,31.0,31.1,31.1,31.1,31.0,31.0,30.6,30.4,30.3,30.2,29.9,30.1,30.0,29.8,29.7,29.8,29.7,29.6,29.5,29.4,29.6,29.3,29.3,29.2,29.2,29.3,29.2,29.2,29.2,29.4,29.2,29.2,29.1,29.1,29.1,29.1,29.1,29.0,29.0,29.0,29.0,29.0,29.0,28.9,28.9,28.8,28.9,29.0,28.7,28.9,28.8
167,29.8,29.9,29.9,30.0,30.0,30.0,30.0,30.1,30.2,30.2,30.2,30.3,30.4,30.4,30.4,30.5,30.4,30.6,30.5,30.6,30.5,30.7,30.7,30.6,30.8,30.9,30.9,30.7,30.9,31.0,30.9,31.1,31.1,31.2,31.1,31.1,31.3,31.2,31.3,31.5,31.3,31.5,31.5,31.5,31.6,31.6,31.6,31.7,31.8,31.8,31.8,31.8,31.9,31.8,31.7,31.8,31.9,31.8,31.9,32.0,31.8,31.9,31.9,32.0,31.9,31.8,31.8,31.8,31.7,31.8,31.7,31.7,31.7,31.8,31.6,31.6,31.6,31.5,31.6,31.7,31.6,31.8,31.6,31.7,31.8,31.8,31.9,31.6,31.8,31.7,31.8,31.8,31.7,31.6,31.7,31.9,31.6,31.5,31.4,31.5,31.6,31.6,31.5,31.4,31.5,31.5,31.3,31.5,31.3,31.4,31.5,31.4,31.3,31.3,31.2,31.2,31.2,31.4,31.4,31.5,31.3,31.5,31.3,31.3,31.4,31.2,31.4,31.4,31.4,31.4,31.4,31.3,31.3,31.2,31.3,31.3,31.3,31.4,31.2,31.1,31.1,31.1,31.1,31.2,31.1,31.0,31.0,30.7,30.5,30.3,30.0,29.9,29.9,29.9,29.8,29.6,29.8,29.6,29.5,29.4,29.4,29.3,29.3,29.3,29.3,29.4,29.4,29.3,29.3,29.2,29.2,29.0,29.1,29.3,29.0,29.0,29.0,29.1,29.1,28.9,28.9,29.0,29.0,28.9,28.9,28.9,28.9,28.9,29.0,28.8,28.9,28.9
168,29.8,29.9,30.0,30.0,30.1,30.1,30.2,30.1,30.4,30.2,30.3,30.3,30.5,30.1,30.4,30.6,30.6,30.7,30.4,30.5,30.7,30.7,30.6,30.9,30.8,30.9,30.7,30.7,31.0,31.0,31.1,31.1,31.1,31.1,31.1,31.3,31.4,31.3,31.3,31.4,31.4,31.5,31.5,31.4,31.6,31.7,31.8,31.7,31.8,31.9,31.8,31.8,31.9,31.7,31.9,31.8,31.9,31.9,32.0,31.9,31.9,31.8,31.9,31.8,31.8,31.8,31.6,31.8,31.9,31.6,31.8,31.6,31.7,31.7,31.8,31.7,31.7,31.7,31.6,31.7,31.5,31.7,31.8,31.7,31.8,31.7,31.6,31.7,31.8,31.7,31.7,31.6,31.8,31.7,31.8,31.6,31.7,31.6,31.7,31.6,31.6,31.6,31.6,31.5,31.4,31.6,31.5,31.5,31.5,31.5,31.5,31.6,31.4,31.3,31.3,31.5,31.5,31.4,31.4,31.4,31.4,31.4,31.5,31.5,31.4,31.3,31.3,31.3,31.4,31.4,31.2,31.4,31.3,31.4,31.3,31.2,31.4,31.3,31.3,31.3,31.2,31.3,31.2,31.1,31.1,31.1,31.0,30.7,30.5,30.2,30.0,30.0,30.0,29.8,29.9,29.8,29.6,29.7,29.7,29.5,29.5,29.4,29.5,29.2,29.5,29.4,29.2,29.2,29.2,29.2,29.3,29.2,29.1,29.1,29.1,29.0,29.0,29.0,29.0,29.0,29.0,29.0,28.8,29.0,29.0,28.8,28.8,28.9,28.9,29.0,28.9,28.8
169,30.0,30.0,30.0,30.0,30.1,30.2,30.1,30.1,30.4,30.2,30.1,30.4,30.4,30.4,30.3,30.5,30.5,30.4,30.6,30.7,30.6,30.7,30.9,30.8,30.8,30.8,30.7,30.9,30.9,30.9,31.1,31.1,31.0,31.2,31.1,31.2,31.2,31.3,31.3,31.4,31.3,31.3,31.5,31.6,31.7,31.7,31.7,31.9,31.8,31.9,31.9,32.0,32.0,31.9,32.0,31.9,32.1,31.8,31.7,31.9,31.9,31.8,31.9,31.9,31.8,31.8,31.8,31.9,31.7,31.5,31.6,31.6,31.5,31.6,31.6,31.7,31.7,31.8,31.8,31.7,31.7,31.6,31.6,31.7,31.8,31.9,31.8,31.7,31.6,31.7,31.8,31.8,31.6,31.8,31.8,31.7,31.6,31.5,31.6,31.6,31.6,31.5,31.5,31.6,31.5,31.4,31.5,31.4,31.6,31.5,31.5,31.5,31.4,31.3,31.3,31.3,31.3,31.5,31.4,31.5,31.4,31.4,31.5,31.2,31.3,31.2,31.3,31.3,31.4,31.5,31.3,31.4,31.4,31.3,31.3,31.1,31.3,31.2,31.3,31.1,31.3,31.2,31.2,31.1,31.2,31.2,31.0,30.6,30.5,30.3,30.1,30.1,30.0,30.0,29.8,29.8,29.7,29.8,29.6,29.4,29.4,29.5,29.4,29.2,29.4,29.4,29.1,29.3,29.2,29.2,29.2,29.2,29.1,29.3,29.1,29.1,29.0,29.0,29.1,28.9,29.1,29.0,29.0,28.8,29.0,28.9,29.0,28.9,28.8,29.0,29.0,28.7
170,29.8,29.9,29.8,29.9,30.2,30.0,30.1,30.2,30.2,30.1,30.2,30.4,30.3,30.2,30.4,30.4,30.5,30.6,30.6,30.6,30.6,30.6,30.8,30.8,30.9,30.8,30.8,30.9,30.9,30.9,31.1,31.0,31.1,31.1,31.2,31.2,31.3,31.2,31.3,31.3,31.2,31.3,31.4,31.8,31.8,31.8,31.9,32.0,31.9,32.0,31.9,31.8,31.9,32.0,31.8,31.9,31.9,31.9,31.9,32.0,31.8,31.9,31.9,31.8,31.8,31.9,31.9,31.9,31.8,31.7,31.8,31.7,31.7,31.7,31.8,31.7,31.8,31.8,31.8,31.9,31.7,31.8,31.9,31.9,31.6,31.6,31.6,31.7,31.7,31.6,31.7,31.6,31.8,31.6,32.0,32.0,31.9,31.6,31.5,31.4,31.5,31.4,31.4,31.5,31.4,31.3,31.4,31.4,31.5,31.5,31.5,31.3,31.2,31.3,31.3,31.3,31.5,31.4,31.4,31.4,31.4,31.3,31.4,31.4,31.4,31.1,31.4,31.1,31.3,31.3,31.2,31.4,31.4,31.4,31.4,31.4,31.3,31.2,31.2,31.2,31.2,31.1,31.2,31.2,31.1,31.1,30.9,30.6,30.4,30.1,30.1,30.1,29.8,29.8,29.7,29.6,29.7,29.6,29.6,29.5,29.4,29.4,29.4,29.4,29.3,29.3,29.3,29.2,29.2,29.3,29.2,29.3,29.1,29.1,29.2,29.2,29.1,29.1,29.1,29.1,29.1,29.0,29.0,28.8,29.1,29.0,28.7,28.8,28.9,28.8,28.6,28.8
171,30.1,29.9,29.7,30.0,30.2,30.2,30.0,30.2,30.3,30.2,30.2,30.3,30.3,30.4,30.4,30.5,30.4,30.5,30.5,30.5,30.8,30.7,30.6,30.6,30.8,30.8,30.7,30.9,30.9,30.9,31.1,31.1,31.1,31.2,31.2,31.3,31.1,31.1,31.1,31.3,31.2,31.3,31.5,31.7,31.8,31.9,31.8,31.9,31.8,31.9,31.9,32.0,31.9,32.0,31.9,32.0,32.1,31.9,32.0,32.0,31.9,32.0,32.0,32.0,31.7,31.9,31.9,32.1,31.8,31.8,31.9,31.6,31.6,31.7,31.5,31.7,31.7,31.6,31.8,31.7,31.8,31.7,31.6,31.7,31.8,31.7,31.6,31.8,31.6,31.6,31.8,31.7,31.8,31.9,32.0,31.9,31.6,31.7,31.5,31.5,31.4,31.3,31.5,31.5,31.4,31.3,31.4,31.4,31.5,31.4,31.4,31.2,31.2,31.2,31.4,31.3,31.4,31.5,31.4,31.6,31.4,31.6,31.4,31.3,31.3,31.3,31.3,31.4,31.3,31.3,31.3,31.3,31.3,31.3,31.2,31.3,31.2,31.3,31.2,31.2,31.3,31.4,31.3,31.3,31.3,31.1,30.9,30.5,30.4,30.3,30.0,30.1,30.0,29.8,29.7,29.6,29.6,29.5,29.4,29.4,29.5,29.3,29.5,29.4,29.4,29.3,29.3,29.3,29.3,29.3,29.4,29.2,29.2,29.2,29.0,29.2,29.2,29.0,29.2,29.0,29.0,29.1,29.0,28.9,28.8,29.0,28.9,28.9,28.9,28.9,28.8,28.7
172,29.9,29.9,29.9,30.0,30.2,30.1,30.3,30.1,30.2,30.2,30.2,30.4,30.4,30.4,30.6,30.3,30.5,30.5,30.6,30.4,30.6,30.7,30.8,30.8,30.9,30.7,30.8,30.9,30.8,30.9,31.0,31.0,31.1,31.1,31.1,31.3,31.1,31.1,31.0,31.2,31.1,31.2,31.7,31.8,31.9,32.0,31.9,32.1,32.0,32.0,32.1,32.0,32.1,32.0,32.1,31.9,32.0,31.9,32.0,32.0,32.0,31.9,32.0,31.9,32.1,32.0,31.9,32.0,32.0,32.0,31.7,31.7,31.6,31.5,31.6,31.7,31.8,31.6,31.9,31.6,31.7,31.7,31.8,31.7,31.9,31.8,31.7,31.7,31.8,31.6,31.6,31.8,31.9,31.9,32.0,31.8,31.7,31.8,31.6,31.5,31.4,31.5,31.4,31.3,31.4,31.6,31.5,31.4,31.4,31.4,31.4,31.5,31.4,31.4,31.4,31.4,31.4,31.5,31.5,31.4,31.5,31.4,31.3,31.4,31.4,31.3,31.5,31.5,31.4,31.4,31.4,31.4,31.4,31.4,31.5,31.4,31.3,31.3,31.2,31.3,31.4,31.4,31.3,31.3,31.2,31.2,31.0,30.8,30.5,30.4,30.1,30.1,29.9,29.9,29.7,29.8,29.7,29.7,29.5,29.6,29.5,29.5,29.3,29.3,29.3,29.3,29.2,29.3,29.3,29.1,29.1,29.0,29.1,29.1,29.1,29.0,29.0,29.0,29.0,29.0,28.9,29.0,29.0,28.9,28.8,28.8,29.1,28.9,28.9,28.8,28.8,28.9
173,29.9,30.0,29.9,30.0,29.9,30.1,30.1,30.0,30.1,30.3,30.3,30.3,30.1,30.4,30.3,30.5,30.3,30.5,30.5,30.6,30.6,30.7,30.7,30.7,30.7,30.8,30.8,30.9,30.9,30.8,30.9,30.9,31.0,31.1,31.0,31.0,31.2,31.2,31.2,31.1,31.3,31.4,31.6,32.0,31.9,32.0,31.9,32.0,31.9,32.0,32.0,31.9,32.0,32.0,32.1,32.0,32.0,32.1,32.0,32.0,32.0,32.0,32.0,32.0,31.9,31.8,32.0,32.0,32.0,31.9,31.7,31.8,31.6,31.6,31.5,31.8,31.7,31.8,31.7,31.9,31.7,31.8,31.7,31.7,31.7,31.9,31.9,31.6,31.9,31.8,31.9,31.8,31.8,32.0,32.0,31.8,31.9,31.6,31.6,31.5,31.5,31.6,31.4,31.6,31.6,31.4,31.5,31.4,31.4,31.4,31.4,31.4,31.3,31.3,31.3,31.5,31.4,31.5,31.6,31.5,31.6,31.4,31.4,31.5,31.4,31.4,31.4,31.5,31.4,31.5,31.4,31.4,31.4,31.3,31.3,31.2,31.1,31.3,31.4,31.3,31.3,31.3,31.3,31.3,31.1,31.1,31.0,30.6,30.4,30.4,29.9,29.9,29.8,29.9,29.8,29.6,29.6,29.7,29.4,29.4,29.5,29.4,29.4,29.3,29.3,29.3,29.3,29.2,29.3,29.2,29.2,29.2,29.1,29.2,29.0,29.0,29.0,29.0,29.0,28.9,29.0,28.8,28.8,28.9,29.0,28.8,28.6,29.0,28.8,28.8,28.7,28.9
174,29.9,29.9,29.9,30.0,30.0,30.0,30.0,30.2,30.3,30.2,30.3,30.2,30.2,30.3,30.2,30.3,30.4,30.5,30.6,30.4,30.5,30.7,30.6,30.6,30.6,30.6,30.7,30.6,30.9,31.0,30.9,30.8,31.1,31.0,30.9,31.1,31.1,31.2,31.1,31.2,31.2,31.5,31.7,32.0,31.9,32.0,32.1,32.0,32.1,32.1,32.1,32.0,32.0,32.0,31.9,32.0,32.1,32.1,32.0,31.9,31.9,31.9,32.0,32.1,31.9,32.0,31.9,32.0,32.0,31.9,31.9,31.7,31.5,31.5,31.6,31.7,31.6,31.7,31.7,31.8,31.7,31.7,31.7,31.6,31.6,31.8,31.8,31.9,31.9,31.8,31.8,31.8,31.8,31.8,31.9,31.9,31.7,31.6,31.5,31.6,31.6,31.6,31.4,31.5,31.6,31.5,31.5,31.3,31.5,31.4,31.4,31.3,31.2,31.2,31.3,31.4,31.4,31.3,31.5,31.4,31.4,31.5,31.5,31.3,31.4,31.3,31.4,31.4,31.3,31.4,31.3,31.4,31.4,31.5,31.4,31.3,31.2,31.3,31.4,31.3,31.4,31.2,31.2,31.1,31.1,31.1,31.1,30.6,30.5,30.4,30.0,30.0,29.8,29.8,29.6,29.6,29.6,29.6,29.5,29.4,29.5,29.4,29.4,29.3,29.4,29.4,29.3,29.2,29.2,29.2,29.1,29.2,29.1,29.1,29.1,29.1,28.9,29.1,29.0,29.0,28.9,28.8,29.0,29.0,28.9,28.8,28.9,28.9,28.9,29.0,28.7,28.8
175,30.0,29.8,29.8,29.9,30.1,30.1,30.1,30.0,30.1,30.2,30.2,30.3,30.3,30.4,30.2,30.4,30.4,30.4,30.6,30.5,30.4,30.5,30.5,30.6,30.7,30.7,30.8,30.8,30.9,30.9,30.9,30.9,30.9,31.0,31.1,31.1,31.1,31.1,31.1,31.1,31.5,31.5,31.8,31.8,31.9,32.0,32.1,32.0,32.0,31.9,31.9,32.0,32.1,32.0,32.0,32.0,32.0,32.0,32.0,32.0,32.0,31.9,31.9,32.0,32.1,32.0,32.0,32.1,32.0,31.9,31.9,31.8,31.6,31.6,31.7,31.7,31.8,31.7,31.7,31.8,31.7,31.7,31.6,31.8,31.8,31.8,31.8,31.8,31.8,31.9,31.7,31.8,32.0,31.7,32.0,32.0,31.8,31.6,31.6,31.6,31.6,31.6,31.6,31.6,31.5,31.4,31.5,31.5,31.4,31.4,31.5,31.3,31.3,31.4,31.4,31.4,31.4,31.5,31.6,31.4,31.4,31.3,31.4,31.4,31.3,31.4,31.4,31.4,31.3,31.3,31.3,31.3,31.4,31.4,31.4,31.2,31.3,31.4,31.3,31.3,31.4,31.2,31.2,31.2,30.9,31.0,30.7,30.5,30.4,30.2,30.0,30.0,29.9,29.8,29.8,29.8,29.6,29.5,29.6,29.6,29.5,29.4,29.4,29.3,29.2,29.3,29.1,29.1,29.2,29.2,29.3,29.1,29.0,29.2,29.1,29.0,28.9,28.9,29.0,29.0,29.0,29.0,28.9,29.0,28.8,28.9,29.0,29.0,28.9,28.8,28.6,28.8
176,29.8,29.9,29.7,30.1,30.0,30.0,29.9,30.0,30.1,30.1,30.2,30.3,30.1,30.2,30.3,30.4,30.4,30.3,30.4,30.3,30.5,30.4,30.6,30.4,30.6,30.6,30.7,30.6,30.8,30.7,30.7,30.8,30.8,30.9,31.0,31.1,31.1,31.0,31.0,31.1,31.3,31.3,31.6,31.8,31.9,32.0,31.9,32.1,32.0,32.0,32.0,32.0,32.0,32.1,32.1,32.0,32.0,31.9,32.1,32.1,31.9,32.1,32.1,32.0,31.9,32.0,32.0,32.1,32.0,31.9,31.8,31.6,31.6,31.5,31.6,31.8,31.7,31.7,31.7,31.7,31.8,31.5,31.5,31.6,31.7,31.7,31.6,31.6,31.7,31.7,31.5,31.7,31.9,31.7,31.7,31.8,31.4,31.7,31.6,31.4,31.3,31.5,31.3,31.4,31.3,31.5,31.3,31.3,31.3,31.3,31.4,31.4,31.2,31.3,31.5,31.7,31.7,31.6,31.4,31.3,31.4,31.4,31.3,31.4,31.4,31.3,31.3,31.4,31.4,31.3,31.4,31.4,31.4,31.3,31.4,31.4,31.4,31.2,31.3,31.2,31.2,31.1,31.0,31.0,31.1,31.0,31.0,30.5,30.4,30.0,30.0,29.9,29.8,29.8,29.7,29.5,29.6,29.4,29.4,29.3,29.4,29.4,29.4,29.4,29.3,29.2,29.3,29.3,29.1,29.0,29.1,29.2,29.0,29.0,29.0,29.0,29.0,28.8,29.0,29.0,29.0,28.9,28.9,29.0,28.9,28.8,28.8,29.0,28.9,29.0,28.8,28.6
177,29.7,29.8,29.7,29.9,29.9,30.0,29.8,30.1,30.1,30.0,30.1,30.2,30.2,30.2,30.2,30.4,30.3,30.4,30.4,30.3,30.4,30.4,30.4,30.5,30.6,30.6,30.4,30.7,30.7,30.8,30.9,31.0,30.9,31.0,31.0,31.1,31.0,31.2,31.1,31.1,31.2,31.5,31.7,31.9,31.9,32.1,32.0,32.1,32.0,32.1,32.2,32.1,32.1,32.0,32.1,32.0,32.2,32.0,31.9,32.0,32.0,31.9,32.0,32.0,32.1,32.0,32.1,32.1,32.0,32.0,31.9,31.7,31.7,31.6,31.5,31.9,31.9,31.7,31.9,31.7,31.6,31.4,31.5,31.4,31.5,31.5,31.7,31.6,31.6,31.4,31.7,31.6,31.6,31.6,31.6,31.5,31.5,31.6,31.4,31.3,31.3,31.4,31.4,31.4,31.3,31.4,31.4,31.3,31.2,31.4,31.4,31.3,31.3,31.3,31.4,31.4,31.7,31.7,31.6,31.3,31.3,31.4,31.3,31.3,31.0,31.3,31.4,31.2,31.3,31.3,31.4,31.2,31.1,31.2,31.3,31.1,31.3,31.3,31.3,31.3,30.9,31.1,31.0,31.0,30.9,30.9,30.8,30.5,30.2,30.2,30.1,30.0,29.9,29.7,29.7,29.7,29.5,29.6,29.5,29.5,29.5,29.2,29.3,29.2,29.1,29.3,29.2,29.3,29.2,29.2,29.2,29.2,29.1,29.0,28.9,29.0,28.9,29.2,29.0,29.0,29.0,29.0,28.8,28.8,28.8,29.0,28.8,28.8,28.9,28.8,28.8,28.9
178,30.0,29.9,30.0,30.0,29.9,30.0,30.1,30.1,30.0,30.1,30.1,30.2,30.2,30.2,30.4,30.4,30.4,30.4,30.4,30.3,30.5,30.4,30.5,30.6,30.6,30.6,30.6,30.6,30.7,30.9,30.7,30.9,30.9,31.0,30.9,31.0,31.1,31.1,31.0,31.3,31.3,31.4,31.6,32.0,32.0,32.0,32.0,31.9,32.0,32.0,32.0,32.1,32.1,32.1,32.1,32.0,32.0,32.1,32.1,32.1,31.9,32.0,32.0,31.9,32.0,32.1,32.0,32.1,32.2,32.0,31.9,31.8,31.7,31.7,31.7,31.8,31.8,31.7,31.8,31.8,31.6,31.6,31.4,31.3,31.4,31.4,31.5,31.5,31.5,31.4,31.4,31.4,31.6,31.7,31.5,31.5,31.3,31.3,31.5,31.3,31.2,31.3,31.4,31.2,31.4,31.4,31.2,31.3,31.2,31.3,31.3,31.4,31.3,31.4,31.4,31.7,31.7,31.4,31.5,31.3,31.3,31.4,31.1,31.1,31.1,31.1,31.2,31.3,31.3,31.2,31.1,31.1,31.1,31.2,31.2,30.9,30.9,31.2,31.1,31.2,31.1,30.9,31.1,31.0,31.0,30.8,30.8,30.5,30.4,30.2,30.0,29.9,29.9,29.7,29.6,29.6,29.6,29.6,29.5,29.5,29.3,29.4,29.3,29.3,29.4,29.3,29.1,29.2,29.0,29.0,29.2,29.0,29.0,29.1,29.0,29.0,29.0,29.0,28.9,28.9,28.9,29.1,28.9,28.8,28.8,28.8,29.0,28.9,28.9,28.7,28.8,28.8
179,29.9,29.9,29.8,29.9,30.0,29.9,29.9,30.0,30.1,30.2,30.2,30.2,30.1,30.2,30.5,30.3,30.4,30.3,30.3,30.4,30.5,30.5,30.3,30.6,30.6,30.7,30.6,30.6,30.6,30.7,30.9,30.9,30.9,30.9,30.9,31.0,31.0,31.0,31.2,31.1,31.3,31.4,31.7,31.9,32.1,32.0,32.1,31.9,32.0,32.1,31.9,32.1,32.3,32.2,32.1,32.2,32.2,32.1,32.0,32.1,32.1,32.1,32.1,32.1,32.1,32.0,32.0,32.0,32.0,32.0,31.9,31.7,31.8,31.7,31.5,31.9,31.7,31.8,31.6,31.9,31.5,31.4,31.4,31.3,31.6,31.4,31.5,31.5,31.6,31.5,31.6,31.4,31.6,31.5,31.5,31.4,31.3,31.3,31.4,31.3,31.3,31.4,31.2,31.4,31.4,31.2,31.3,31.3,31.3,31.2,31.4,31.4,31.3,31.4,31.4,31.4,31.5,31.3,31.4,31.3,31.2,31.2,31.2,31.3,31.2,31.3,31.3,31.2,31.1,31.2,31.2,31.2,31.1,31.2,31.2,31.2,31.1,31.1,31.0,31.0,31.1,31.1,31.1,30.8,30.9,30.9,30.8,30.6,30.2,30.2,30.2,29.8,30.0,29.7,29.8,29.8,29.6,29.6,29.8,29.4,29.4,29.3,29.5,29.3,29.4,29.3,29.2,29.3,29.2,29.1,29.2,29.1,29.2,29.2,29.1,29.0,29.1,29.0,28.9,28.9,29.0,29.0,29.0,28.8,28.8,29.0,29.0,28.8,28.9,28.8,28.9,28.8
180,29.8,30.0,29.7,29.8,30.0,30.1,30.1,30.2,29.9,30.0,30.1,30.1,30.2,30.2,30.3,30.2,30.2,30.2,30.3,30.4,30.4,30.4,30.4,30.6,30.5,30.6,30.6,30.9,30.7,30.7,30.8,30.9,30.7,31.1,30.9,31.0,31.0,31.1,31.0,31.2,31.2,31.4,31.7,31.8,32.1,31.9,32.1,32.0,32.0,32.0,32.1,32.1,32.0,32.1,32.0,32.0,32.1,32.1,32.1,32.1,31.9,32.1,32.1,32.0,32.0,32.0,32.1,32.1,31.9,32.0,31.9,31.6,31.7,31.4,31.5,31.6,31.7,31.6,31.7,31.6,31.4,31.3,31.3,31.4,31.6,31.6,31.4,31.6,31.6,31.4,31.4,31.3,31.5,31.5,31.4,31.5,31.4,31.4,31.3,31.5,31.3,31.2,31.3,31.3,31.3,31.3,31.2,31.2,31.4,31.3,31.2,31.4,31.3,31.3,31.5,31.3,31.4,31.3,31.3,31.3,31.0,31.3,31.1,31.1,31.1,31.1,31.2,31.1,31.0,31.0,31.2,31.1,31.2,31.2,31.3,31.2,31.2,31.1,31.0,30.9,31.1,31.1,31.1,31.1,31.0,30.8,30.8,30.6,30.3,30.2,30.0,29.9,29.8,29.9,29.7,29.8,29.7,29.6,29.4,29.4,29.6,29.3,29.3,29.2,29.4,29.2,29.2,29.3,29.0,29.2,29.1,29.1,29.1,29.1,29.0,29.1,28.9,29.1,28.9,29.0,28.8,29.0,29.0,28.8,29.0,28.9,28.9,29.0,28.9,28.8,28.8,28.8
181,29.7,30.0,29.8,30.0,30.0,29.8,30.0,29.9,29.9,30.0,30.2,30.1,30.2,30.2,30.1,30.2,30.3,30.2,30.2,30.3,30.6,30.3,30.5,30.5,30.5,30.6,30.6,30.6,30.8,30.7,30.7,30.7,30.9,30.9,30.9,30.9,31.1,31.1,31.0,31.0,31.1,31.5,31.7,31.8,32.1,32.0,32.0,32.1,32.2,31.9,32.0,32.0,32.1,32.1,32.0,32.1,32.0,32.0,32.1,32.1,32.0,32.0,32.1,32.1,32.1,32.1,32.1,32.1,32.0,31.9,31.9,31.6,31.7,31.4,31.5,31.6,31.5,31.7,31.6,31.6,31.4,31.3,31.3,31.4,31.5,31.4,31.5,31.5,31.5,31.5,31.5,31.4,31.4,31.3,31.3,31.3,31.4,31.2,31.3,31.3,31.1,31.3,31.3,31.3,31.3,31.3,31.2,31.4,31.2,31.2,31.4,31.4,31.2,31.3,31.4,31.4,31.4,31.3,31.1,31.2,31.0,31.2,31.1,31.3,31.1,31.1,31.1,31.1,31.1,31.1,31.0,31.3,31.1,31.0,31.2,31.1,31.1,31.0,31.1,31.0,31.1,31.0,31.1,30.9,30.9,30.9,30.9,30.6,30.4,30.1,30.0,29.9,29.8,29.7,29.6,29.7,29.6,29.5,29.5,29.4,29.3,29.2,29.5,29.3,29.3,29.2,29.1,29.2,29.1,29.2,29.2,29.2,29.0,28.9,28.9,29.0,29.1,29.0,29.0,28.9,28.9,29.0,28.9,28.9,28.9,28.9,28.9,28.8,28.8,28.7,28.8,28.8
182,29.8,30.0,29.8,29.9,29.8,29.9,29.8,30.0,29.9,30.0,30.1,30.1,30.1,30.2,30.2,30.4,30.2,30.3,30.1,30.3,30.3,30.4,30.4,30.5,30.6,30.4,30.5,30.6,30.7,30.7,30.5,30.8,30.8,30.8,30.9,31.0,30.9,31.0,30.9,31.2,31.1,31.5,31.8,31.9,32.0,31.9,32.1,32.0,32.0,32.0,32.0,32.2,32.1,32.0,32.2,32.0,32.0,32.1,31.9,32.1,32.1,32.1,32.1,32.1,32.1,32.0,32.0,31.9,32.1,32.0,31.8,31.8,31.5,31.4,31.6,31.6,31.7,31.7,31.6,31.5,31.4,31.5,31.2,31.4,31.3,31.5,31.4,31.4,31.4,31.4,31.3,31.5,31.5,31.4,31.5,31.4,31.4,31.4,31.4,31.3,31.3,31.3,31.3,31.3,31.4,31.3,31.3,31.1,31.3,31.2,31.4,31.2,31.4,31.3,31.4,31.4,31.4,31.4,31.1,31.2,31.1,31.2,31.3,31.1,31.1,31.1,31.3,31.1,31.1,31.1,31.1,31.2,31.1,31.1,31.1,31.2,31.0,31.1,31.0,31.1,31.1,30.9,31.1,31.0,31.0,30.7,30.9,30.5,30.3,30.3,30.0,30.0,29.9,29.8,29.7,29.6,29.7,29.5,29.5,29.5,29.5,29.5,29.4,29.3,29.3,29.2,29.3,29.3,29.2,29.1,29.1,29.1,29.1,29.1,29.1,28.9,29.0,29.1,28.9,29.0,28.8,28.8,28.8,28.8,28.8,28.8,28.9,28.8,28.9,28.8,28.8,28.7
183,29.8,29.9,29.9,30.0,29.9,29.9,30.0,30.0,30.0,30.1,30.1,30.2,30.1,30.0,30.2,30.1,30.2,30.2,30.3,30.3,30.3,30.3,30.4,30.3,30.4,30.5,30.5,30.6,30.5,30.6,30.6,30.7,30.8,30.9,30.9,31.1,31.0,31.1,31.0,31.1,31.2,31.5,31.6,32.1,31.9,32.1,32.1,32.1,32.0,32.1,32.1,32.1,32.1,32.2,32.1,32.0,32.2,32.2,32.0,32.2,32.0,32.0,32.0,32.0,32.1,32.2,32.0,32.1,32.2,32.0,31.7,31.6,31.5,31.3,31.3,31.6,31.6,31.7,31.6,31.4,31.5,31.4,31.3,31.4,31.4,31.4,31.5,31.4,31.5,31.5,31.5,31.3,31.4,31.5,31.4,31.4,31.3,31.4,31.4,31.3,31.3,31.3,31.3,31.3,31.3,31.3,31.3,31.3,31.1,31.2,31.3,31.2,31.3,31.4,31.5,31.6,31.3,31.3,31.2,31.2,31.2,31.2,31.2,31.1,31.2,31.2,31.3,31.3,31.1,31.2,31.2,30.9,31.1,31.1,31.1,31.1,31.2,31.2,31.1,31.1,31.1,31.1,31.1,31.2,31.1,31.0,31.0,30.6,30.5,30.2,30.0,29.9,29.8,29.7,29.6,29.7,29.4,29.5,29.5,29.4,29.4,29.2,29.3,29.2,29.3,29.2,29.2,29.2,29.3,29.2,29.3,29.1,29.1,29.0,29.1,29.0,29.0,29.0,29.0,29.1,28.9,28.9,28.9,28.7,29.0,28.8,28.8,28.8,28.7,28.8,28.8,28.8
184,29.8,29.8,29.9,30.0,29.9,30.0,29.9,29.8,29.9,29.8,30.0,30.0,30.0,30.1,30.3,30.2,30.3,30.3,30.2,30.2,30.3,30.3,30.4,30.4,30.5,30.4,30.5,30.5,30.5,30.6,30.6,30.7,30.8,30.8,30.8,30.9,30.9,31.0,31.0,31.1,31.2,31.5,31.7,32.0,32.1,32.2,32.1,32.1,32.1,32.1,32.0,32.1,32.1,32.1,32.1,32.1,32.1,32.1,32.0,32.1,32.1,32.0,32.0,32.0,32.1,32.1,32.1,31.9,32.0,32.0,31.9,31.7,31.4,31.4,31.5,31.7,31.7,31.7,31.5,31.6,31.5,31.5,31.3,31.5,31.5,31.4,31.5,31.6,31.5,31.3,31.4,31.6,31.3,31.3,31.4,31.5,31.3,31.3,31.3,31.4,31.4,31.3,31.1,31.3,31.2,31.3,31.2,31.3,31.2,31.2,31.2,31.3,31.2,31.4,31.4,31.4,31.4,31.4,31.2,31.2,31.1,31.1,31.3,31.1,31.2,31.1,31.1,31.1,31.1,31.1,31.1,31.1,31.2,31.1,31.1,31.1,31.1,31.3,31.0,31.0,31.1,30.9,31.1,31.1,30.9,31.1,30.8,30.6,30.4,30.3,30.0,29.7,29.9,29.7,29.5,29.5,29.4,29.5,29.4,29.4,29.4,29.3,29.3,29.2,29.2,29.3,29.1,29.2,29.2,29.1,29.2,29.1,29.1,29.2,29.0,29.0,28.8,28.9,29.0,28.9,28.9,29.0,28.8,28.8,29.1,28.8,28.7,28.8,28.8,28.8,28.7,28.6
185,29.7,29.8,29.6,29.8,29.8,29.9,29.8,29.8,29.9,29.9,29.9,30.2,30.0,30.0,30.2,30.1,30.0,30.1,30.2,30.3,30.2,30.2,30.3,30.3,30.4,30.4,30.5,30.4,30.4,30.6,30.7,30.5,30.7,30.7,30.8,30.9,30.8,31.0,30.8,31.1,31.2,31.4,31.8,31.7,31.9,32.0,32.0,32.0,32.0,32.0,31.8,32.1,32.1,32.1,32.1,32.1,32.1,32.0,32.0,32.0,32.0,32.1,31.9,32.0,31.9,32.0,32.0,32.0,32.0,32.0,31.8,31.6,31.4,31.4,31.6,31.7,31.7,31.6,31.6,31.5,31.4,31.4,31.3,31.3,31.5,31.4,31.5,31.3,31.4,31.4,31.4,31.3,31.4,31.4,31.5,31.5,31.3,31.4,31.3,31.2,31.3,31.3,31.3,31.3,31.4,31.3,31.3,31.2,31.3,31.3,31.3,31.3,31.4,31.4,31.5,31.4,31.3,31.4,31.2,31.1,31.2,31.1,31.2,31.1,31.1,31.2,31.2,31.1,31.2,31.1,31.1,31.2,31.1,31.1,31.1,31.2,31.3,31.1,31.2,31.1,31.1,31.2,31.1,30.9,31.1,31.0,30.8,30.6,30.3,30.2,29.9,30.0,29.7,29.9,29.7,29.6,29.4,29.5,29.5,29.4,29.4,29.3,29.4,29.2,29.4,29.1,29.2,29.2,29.1,29.2,29.2,29.1,29.1,29.0,29.0,29.1,29.0,29.0,28.9,28.9,28.9,29.0,28.9,29.0,28.8,28.8,28.8,29.0,28.8,28.8,28.7,28.8
186,29.7,29.8,29.7,29.9,29.9,29.9,30.0,29.8,29.8,30.0,30.0,30.1,30.2,29.9,30.0,30.3,30.2,30.1,30.2,30.2,30.2,30.0,30.3,30.4,30.4,30.4,30.5,30.5,30.4,30.6,30.5,30.5,30.6,30.8,30.7,30.8,30.9,31.0,30.8,31.1,31.1,31.6,31.9,32.1,32.0,32.1,32.0,32.0,32.0,32.1,32.1,32.0,32.1,32.2,32.1,32.2,32.2,32.1,32.2,32.0,32.1,32.0,32.1,32.0,32.1,32.1,32.0,32.1,32.0,31.9,31.7,31.6,31.6,31.5,31.6,31.6,31.8,31.9,31.7,31.6,31.4,31.4,31.3,31.5,31.4,31.4,31.4,31.5,31.4,31.5,31.4,31.4,31.4,31.3,31.4,31.3,31.4,31.3,31.5,31.3,31.2,31.4,31.4,31.3,31.2,31.3,31.3,31.3,31.1,31.3,31.3,31.4,31.3,31.4,31.4,31.4,31.5,31.4,31.3,31.2,31.0,31.1,31.2,31.3,31.2,31.1,31.3,31.2,30.9,31.1,31.1,31.2,31.0,31.1,31.1,31.3,31.2,31.1,31.2,31.1,31.1,31.0,31.0,31.1,30.9,31.0,31.0,30.5,30.3,30.0,30.0,29.7,29.9,29.8,29.6,29.5,29.4,29.5,29.3,29.4,29.4,29.4,29.2,29.2,29.2,29.3,29.3,29.3,29.2,29.1,29.1,29.1,29.1,29.0,28.9,29.0,29.0,29.1,29.0,28.9,28.9,29.0,28.6,29.0,28.9,28.7,28.7,28.8,28.8,28.8,28.6,28.8
187,29.8,29.9,29.8,29.8,30.0,29.9,29.9,29.9,29.9,30.0,29.9,30.2,30.0,30.2,30.1,30.1,30.2,30.3,30.2,30.2,30.4,30.3,30.2,30.3,30.3,30.3,30.5,30.4,30.5,30.5,30.7,30.6,30.6,30.8,30.8,30.7,30.7,30.9,30.9,31.0,31.3,31.7,31.7,32.0,31.9,32.0,32.0,32.0,32.0,32.0,32.0,32.0,32.0,32.1,32.1,32.3,32.2,32.2,32.1,32.1,32.3,32.2,32.1,31.9,32.1,32.1,31.9,32.1,32.0,32.0,31.8,31.5,31.6,31.5,31.6,31.7,31.8,31.8,31.7,31.4,31.4,31.5,31.5,31.5,31.4,31.6,31.5,31.5,31.4,31.4,31.4,31.4,31.3,31.2,31.3,31.3,31.3,31.3,31.2,31.2,31.3,31.2,31.3,31.3,31.3,31.3,31.3,31.3,31.2,31.2,31.1,31.4,31.3,31.3,31.4,31.3,31.3,31.1,31.1,31.1,31.1,31.1,31.2,31.2,31.0,31.1,31.3,31.2,31.1,31.1,31.2,31.0,31.1,31.2,31.3,31.1,31.0,31.3,31.1,31.1,31.1,31.0,31.2,31.1,31.0,31.0,31.0,30.5,30.3,30.1,29.9,30.0,29.7,29.7,29.6,29.6,29.5,29.6,29.5,29.4,29.2,29.3,29.4,29.3,29.2,29.3,29.3,29.2,29.2,29.1,29.0,29.0,29.0,29.1,29.0,28.9,29.0,28.9,29.0,28.8,28.8,28.8,28.9,28.9,28.8,28.9,28.6,28.9,28.8,28.8,28.8,28.7
188,29.6,29.8,29.8,29.8,29.9,29.8,29.8,29.8,29.9,29.8,29.9,30.1,30.0,30.0,30.1,30.1,30.0,30.3,30.1,30.1,30.2,30.2,30.2,30.2,30.4,30.4,30.4,30.4,30.4,30.4,30.5,30.5,30.6,30.5,30.7,30.6,30.9,31.0,31.0,31.1,31.1,31.5,31.8,31.9,32.1,32.0,32.0,32.1,32.1,32.0,32.0,32.1,32.2,32.0,32.1,32.1,32.0,32.2,32.1,32.1,32.0,32.1,32.0,32.2,32.1,32.2,32.1,32.2,31.9,31.9,31.8,31.6,31.5,31.6,31.6,31.8,31.7,31.7,31.6,31.7,31.4,31.4,31.4,31.3,31.5,31.6,31.4,31.4,31.4,31.4,31.3,31.4,31.4,31.2,31.4,31.3,31.3,31.3,31.4,31.4,31.3,31.5,31.3,31.4,31.3,31.3,31.3,31.4,31.3,31.2,31.3,31.5,31.4,31.4,31.5,31.3,31.3,31.1,31.3,31.2,31.2,31.1,31.2,31.1,31.2,31.1,31.4,31.2,31.0,31.1,31.2,31.1,31.1,31.0,31.0,31.0,31.1,31.0,31.2,31.0,31.1,31.2,31.1,31.1,31.0,31.1,30.8,30.6,30.3,30.2,29.9,29.8,29.6,29.6,29.6,29.4,29.5,29.4,29.4,29.2,29.3,29.3,29.2,29.0,29.4,29.3,29.0,29.2,29.2,29.0,29.3,29.2,29.0,29.1,28.9,29.1,28.9,29.0,29.0,28.8,29.0,28.9,28.8,28.8,28.7,28.9,28.8,28.8,28.8,28.7,28.7,28.8
189,29.7,29.9,29.8,29.8,29.8,29.8,29.8,29.8,29.9,29.9,29.6,29.9,30.1,30.1,30.1,30.0,30.1,30.2,29.9,30.2,30.2,30.1,30.2,30.3,30.2,30.3,30.3,30.4,30.4,30.3,30.4,30.6,30.6,30.5,30.6,30.7,30.7,30.9,30.8,31.1,31.1,31.5,31.7,31.8,31.9,32.1,32.0,32.1,32.1,32.0,31.9,32.1,32.1,32.2,32.1,32.1,32.1,32.2,32.1,32.2,32.1,32.1,32.2,32.2,32.1,32.1,32.1,32.1,32.1,32.1,31.8,31.6,31.4,31.6,31.7,31.7,31.7,31.8,31.5,31.6,31.5,31.4,31.4,31.4,31.4,31.6,31.5,31.4,31.5,31.4,31.4,31.3,31.4,31.4,31.5,31.5,31.3,31.4,31.4,31.2,31.3,31.3,31.4,31.3,31.3,31.4,31.4,31.3,31.3,31.3,31.4,31.4,31.4,31.5,31.4,31.1,31.3,31.2,31.1,31.2,31.1,31.2,31.3,31.2,31.2,31.1,31.3,31.1,31.1,31.1,31.1,31.2,31.3,31.1,31.2,31.1,31.1,31.2,31.2,31.1,31.1,31.1,31.2,31.0,31.1,31.1,30.8,30.4,30.4,30.2,29.9,29.8,29.7,29.8,29.5,29.5,29.4,29.5,29.3,29.3,29.2,29.4,29.2,29.1,29.2,29.2,29.2,29.2,29.2,29.1,29.2,29.0,29.1,29.0,29.1,29.0,29.0,28.9,28.9,28.9,29.0,28.9,28.8,28.9,28.7,28.8,28.8,28.9,28.8,28.7,28.8,28.7
190,29.8,29.7,29.6,29.8,29.8,29.9,29.7,29.8,29.9,30.0,29.9,30.0,30.0,29.9,29.9,30.0,30.0,30.1,30.1,30.2,30.2,30.1,30.3,30.3,30.2,30.2,30.4,30.4,30.3,30.5,30.4,30.4,30.6,30.6,30.6,30.6,30.6,30.7,30.8,31.0,31.0,31.4,31.8,31.8,32.1,32.1,32.0,32.0,32.1,32.0,32.1,32.1,32.2,32.1,32.1,32.1,32.2,32.1,32.1,32.1,32.1,32.1,32.0,32.0,32.1,32.2,32.0,32.0,32.1,31.9,31.7,31.6,31.4,31.5,31.6,31.9,31.7,31.7,31.6,31.7,31.4,31.3,31.4,31.3,31.6,31.6,31.5,31.4,31.3,31.4,31.4,31.5,31.4,31.3,31.4,31.4,31.3,31.4,31.3,31.4,31.3,31.2,31.3,31.5,31.3,31.4,31.6,31.4,31.3,31.2,31.3,31.4,31.4,31.4,31.5,31.3,31.1,31.0,31.1,31.0,30.9,31.2,31.1,31.2,31.1,31.1,31.1,31.2,31.1,31.1,31.1,31.1,31.2,31.0,31.1,31.1,31.2,31.1,31.1,31.1,31.2,31.2,31.2,31.0,31.0,31.0,30.7,30.4,30.3,30.1,29.9,29.8,29.6,29.6,29.4,29.3,29.4,29.4,29.3,29.4,29.3,29.2,29.2,29.2,29.2,29.2,29.1,29.2,29.2,29.2,29.2,29.2,29.1,29.1,29.2,28.8,29.0,29.0,29.0,28.9,29.0,28.9,28.8,28.8,28.8,28.9,28.8,28.6,28.8,28.8,28.7,28.7
191,29.7,29.7,29.8,29.7,29.9,29.9,29.8,29.7,29.9,30.0,29.9,29.8,29.9,29.9,30.2,30.0,30.0,30.0,30.1,30.1,30.1,30.1,30.1,30.1,30.2,30.1,30.2,30.3,30.4,30.5,30.5,30.5,30.4,30.5,30.6,30.8,30.7,30.8,30.8,30.8,31.1,31.4,31.8,31.9,32.1,32.0,32.1,32.1,32.0,32.0,32.0,32.1,32.1,32.2,32.3,32.2,32.1,32.2,32.2,32.1,32.1,32.2,32.2,32.1,32.0,32.2,32.3,32.1,32.0,31.9,31.6,31.6,31.3,31.5,31.6,31.8,31.6,31.9,31.7,31.7,31.3,31.4,31.3,31.4,31.4,31.5,31.4,31.4,31.5,31.3,31.5,31.3,31.5,31.4,31.3,31.3,31.4,31.4,31.3,31.3,31.4,31.4,31.4,31.4,31.3,31.5,31.3,31.3,31.3,31.2,31.6,31.4,31.3,31.4,31.5,31.3,31.3,31.0,31.1,31.1,31.1,31.2,31.3,31.2,31.2,31.1,31.2,31.2,31.2,31.0,31.1,31.2,31.3,31.3,31.3,31.1,31.0,31.2,31.2,31.1,31.0,31.0,31.2,31.1,31.0,31.0,30.8,30.4,30.3,30.1,29.8,29.7,29.7,29.5,29.5,29.5,29.5,29.5,29.4,29.2,29.3,29.1,29.1,29.4,29.0,29.2,29.0,29.0,29.0,29.1,28.9,29.0,29.0,29.1,29.1,29.0,29.0,28.9,29.0,28.8,28.9,28.8,28.9,28.8,29.0,28.9,28.6,28.7,28.8,28.9,28.7,28.8
192,29.5,29.7,29.7,29.7,29.7,29.8,29.7,29.8,29.7,29.9,29.9,29.8,29.8,29.8,30.1,30.0,29.9,30.1,29.8,30.0,30.0,30.1,30.1,30.0,30.2,30.1,30.2,30.2,30.2,30.3,30.3,30.6,30.6,30.5,30.5,30.5,30.8,30.8,30.8,30.9,31.1,31.6,31.8,31.9,32.0,32.0,32.1,32.0,32.1,32.1,32.0,32.0,32.1,32.1,32.1,32.2,32.1,32.2,32.1,32.2,32.2,32.1,32.2,32.1,32.0,32.1,32.0,32.0,32.0,31.9,31.7,31.6,31.4,31.5,31.4,31.9,31.7,31.8,31.7,31.6,31.5,31.5,31.5,31.5,31.4,31.6,31.4,31.4,31.4,31.4,31.5,31.4,31.4,31.4,31.6,31.3,31.3,31.2,31.3,31.4,31.4,31.4,31.4,31.5,31.4,31.2,31.5,31.3,31.4,31.3,31.5,31.5,31.4,31.5,31.4,31.2,31.4,31.2,31.1,31.1,31.0,31.3,31.1,31.2,31.1,31.1,31.3,31.2,31.1,31.2,31.2,30.9,31.2,31.2,31.2,31.1,31.2,31.3,31.1,31.1,31.2,31.1,31.0,31.1,30.9,31.1,30.9,30.6,30.3,29.9,29.8,29.7,29.5,29.6,29.6,29.5,29.4,29.4,29.3,29.3,29.3,29.0,29.2,29.1,29.2,29.3,29.1,29.1,29.3,29.2,29.0,29.1,29.0,29.0,29.1,29.0,28.8,29.0,28.8,28.8,28.8,28.8,28.8,28.8,28.9,28.9,28.8,28.9,28.6,28.6,28.6,28.8
193,29.6,29.6,29.7,29.8,29.8,29.7,29.5,29.8,29.8,29.9,29.9,29.9,29.9,29.8,29.9,30.0,29.9,29.9,30.0,30.1,30.1,30.1,30.2,30.1,30.2,30.2,30.3,30.4,30.4,30.3,30.4,30.6,30.4,30.6,30.4,30.6,30.8,30.6,30.7,31.0,31.2,31.3,31.8,31.9,32.0,32.0,32.1,31.9,31.9,32.1,32.0,32.1,32.0,32.1,32.1,32.1,32.2,32.2,32.1,32.2,32.1,32.2,32.2,32.3,32.1,32.1,31.9,32.1,32.1,31.9,31.8,31.6,31.4,31.4,31.6,31.6,31.6,31.5,31.5,31.5,31.5,31.6,31.3,31.4,31.6,31.5,31.5,31.5,31.3,31.3,31.5,31.4,31.3,31.3,31.3,31.4,31.2,31.4,31.4,31.3,31.4,31.5,31.3,31.3,31.4,31.4,31.3,31.4,31.3,31.4,31.3,31.3,31.4,31.3,31.5,31.4,31.4,31.3,31.1,31.2,31.1,31.2,31.2,31.1,31.1,31.2,31.1,31.1,31.2,31.1,30.9,31.1,31.0,31.1,31.1,31.1,31.1,31.1,31.1,31.1,31.1,31.0,30.9,31.1,31.0,30.9,30.8,30.4,30.2,30.0,29.8,29.8,29.6,29.5,29.5,29.5,29.2,29.3,29.2,29.2,29.4,29.2,29.3,29.2,29.1,29.3,29.2,29.0,28.8,29.2,29.1,28.9,29.1,29.0,29.0,28.9,28.9,28.9,28.9,28.8,28.9,28.7,28.9,28.8,28.8,28.8,28.7,29.0,28.6,28.8,28.9,28.6
194,29.5,29.6,29.6,29.7,29.7,29.8,29.6,29.7,29.8,29.8,29.8,29.6,29.8,29.7,29.9,29.8,29.9,30.0,29.9,30.0,30.0,30.0,30.0,29.9,30.1,30.1,30.1,30.2,30.1,30.2,30.6,30.2,30.3,30.2,30.4,30.6,30.4,30.6,30.5,31.1,31.1,31.5,31.8,32.1,32.1,31.9,32.0,31.9,32.0,32.1,32.1,32.1,32.1,32.1,32.2,32.1,32.1,32.2,32.3,32.2,32.1,32.1,32.0,32.1,32.0,32.1,32.1,32.1,32.0,31.9,31.7,31.6,31.4,31.4,31.7,31.7,31.6,31.6,31.5,31.5,31.4,31.4,31.5,31.4,31.4,31.3,31.5,31.4,31.4,31.3,31.6,31.4,31.3,31.4,31.3,31.3,31.5,31.3,31.4,31.4,31.3,31.3,31.2,31.4,31.4,31.4,31.4,31.3,31.4,31.3,31.3,31.3,31.4,31.4,31.4,31.4,31.5,31.4,31.3,31.1,31.1,31.2,31.2,31.3,31.0,31.2,31.2,31.2,31.2,31.1,31.1,31.0,31.2,31.1,31.1,31.1,31.1,31.3,31.1,31.1,30.9,31.1,31.1,31.2,31.1,31.0,30.8,30.3,30.3,29.9,29.8,29.8,29.7,29.5,29.5,29.4,29.4,29.4,29.2,29.2,29.4,29.2,29.1,29.2,29.2,29.2,29.1,29.0,29.0,28.9,29.1,29.0,29.2,28.9,28.9,29.0,28.9,29.1,28.8,28.8,28.9,28.9,28.8,28.9,28.8,28.8,28.8,28.6,28.7,29.0,28.8,28.6
195,29.4,29.5,29.5,29.6,29.8,29.4,29.7,29.7,29.8,29.8,29.8,29.8,29.9,29.8,29.9,29.8,30.0,29.9,29.9,30.0,29.9,29.9,29.9,30.2,30.0,30.1,30.2,30.1,30.2,30.3,30.4,30.2,30.4,30.3,30.2,30.5,30.6,30.7,30.7,31.0,31.3,31.6,31.9,31.9,32.0,32.1,32.0,32.0,32.0,32.1,32.0,32.1,32.1,32.2,32.0,32.3,32.2,32.1,32.1,32.1,32.2,32.2,32.2,32.1,32.2,32.1,32.0,32.2,32.0,31.9,31.7,31.6,31.4,31.5,31.7,31.8,31.7,31.7,31.6,31.5,31.5,31.4,31.6,31.5,31.6,31.5,31.4,31.5,31.6,31.5,31.4,31.3,31.5,31.2,31.5,31.4,31.3,31.3,31.4,31.4,31.4,31.4,31.3,31.4,31.4,31.3,31.4,31.3,31.4,31.4,31.4,31.3,31.4,31.4,31.4,31.4,31.4,31.3,31.2,31.1,31.1,31.1,31.2,31.1,31.2,31.1,31.2,31.1,31.1,31.2,31.0,31.2,31.1,31.1,31.3,31.1,31.1,31.0,31.1,31.1,31.2,31.2,31.2,31.1,31.0,31.1,30.8,30.4,30.2,29.9,29.8,29.7,29.3,29.7,29.3,29.4,29.2,29.2,29.3,29.1,29.2,29.2,29.3,29.2,29.1,29.2,29.2,29.0,29.1,29.2,29.1,29.0,29.0,29.1,29.0,29.0,28.8,28.9,29.0,28.8,28.7,28.8,29.0,28.8,28.8,28.8,28.6,28.8,28.8,28.8,28.9,28.7
196,29.3,29.6,29.5,29.6,29.8,29.6,29.6,29.7,29.7,29.8,29.9,29.7,29.8,29.9,29.9,29.8,29.8,30.0,29.8,30.0,30.0,30.0,30.1,30.0,30.0,30.1,30.1,30.2,30.1,30.3,30.3,30.3,30.3,30.3,30.5,30.4,30.5,30.7,30.8,31.0,31.3,31.7,31.9,31.8,32.0,31.8,32.0,32.1,32.1,32.1,32.0,32.0,32.1,32.1,32.2,32.1,32.2,32.1,32.1,32.1,32.1,32.2,32.1,32.2,32.1,32.2,32.0,32.1,32.1,32.1,31.8,31.8,31.7,31.6,31.7,31.7,31.6,31.7,31.7,31.5,31.4,31.4,31.4,31.5,31.3,31.5,31.4,31.5,31.4,31.4,31.3,31.5,31.3,31.3,31.5,31.4,31.4,31.4,31.4,31.4,31.4,31.4,31.2,31.4,31.2,31.3,31.3,31.4,31.3,31.4,31.3,31.4,31.5,31.2,31.4,31.5,31.3,31.2,31.1,31.3,31.1,31.3,31.4,31.1,31.1,31.1,31.1,31.0,31.2,31.0,31.0,31.1,31.1,31.0,31.1,31.2,31.2,31.1,31.1,31.0,31.3,30.9,30.9,31.1,31.1,30.9,30.7,30.4,30.1,29.9,29.8,29.5,29.4,29.5,29.4,29.4,29.3,29.3,29.3,29.3,29.2,29.1,29.3,29.0,29.1,29.1,29.1,29.0,29.0,29.0,28.9,29.0,28.8,29.0,28.8,29.0,28.8,29.0,28.9,29.0,29.0,28.9,28.9,28.6,28.7,28.8,29.0,28.7,29.0,28.9,28.8,28.6
197,29.4,29.6,29.6,29.7,29.6,29.6,29.5,29.8,29.6,29.6,29.7,29.6,29.7,29.8,29.8,29.8,29.9,29.8,29.9,30.0,30.0,29.9,30.0,30.1,30.1,30.0,30.1,30.0,30.2,30.2,30.3,30.1,30.2,30.3,30.4,30.4,30.5,30.5,30.6,30.9,31.3,31.6,31.9,32.0,32.0,32.0,32.1,32.1,32.1,32.1,32.0,32.1,32.1,32.0,32.1,32.0,32.2,32.3,32.1,32.3,32.1,32.2,32.2,32.2,32.2,32.2,32.0,32.2,32.0,31.9,31.9,31.8,31.7,31.8,31.8,31.7,31.7,31.5,31.4,31.6,31.4,31.4,31.3,31.4,31.7,31.5,31.3,31.6,31.4,31.4,31.4,31.4,31.6,31.4,31.4,31.5,31.3,31.3,31.4,31.3,31.4,31.3,31.4,31.5,31.4,31.4,31.3,31.4,31.4,31.4,31.3,31.6,31.3,31.4,31.5,31.4,31.4,31.3,31.1,31.1,31.2,31.2,31.1,31.1,30.9,31.1,31.2,31.1,31.2,31.1,31.0,31.2,31.0,31.0,31.1,31.1,31.0,31.2,31.1,31.1,31.1,31.0,31.1,31.1,31.1,30.9,30.7,30.4,30.2,29.9,29.7,29.5,29.5,29.4,29.3,29.5,29.3,29.2,29.4,29.2,29.2,29.1,29.2,29.0,29.0,29.2,28.9,29.0,29.1,29.0,29.0,29.0,29.0,29.1,28.9,29.0,28.8,28.9,28.9,28.8,28.8,28.9,28.8,28.8,28.8,28.9,28.8,28.9,28.8,28.8,28.8,28.8
198,29.7,29.6,29.5,29.7,29.6,29.6,29.5,29.6,29.6,29.8,29.6,29.8,29.8,29.7,29.7,29.8,29.8,29.8,29.8,29.8,30.0,29.9,29.9,29.9,30.0,30.1,30.0,30.2,30.1,30.1,30.1,30.3,30.2,30.4,30.4,30.5,30.5,30.6,30.8,31.1,31.3,31.7,31.9,32.0,32.1,32.2,32.0,32.0,32.1,32.0,32.1,32.2,32.1,32.2,32.2,32.2,32.2,32.2,32.2,32.2,32.1,32.3,32.1,32.1,32.2,32.2,32.1,32.1,32.2,32.1,32.1,32.0,31.9,31.9,31.7,31.7,31.7,31.7,31.6,31.6,31.4,31.5,31.5,31.5,31.5,31.7,31.5,31.5,31.5,31.5,31.5,31.5,31.4,31.3,31.4,31.5,31.4,31.5,31.4,31.4,31.4,31.5,31.4,31.5,31.3,31.5,31.3,31.4,31.4,31.3,31.5,31.6,31.4,31.4,31.5,31.5,31.4,31.3,31.3,31.2,31.2,31.1,31.2,31.2,31.2,31.1,31.2,31.1,31.1,31.2,31.1,31.1,31.2,31.3,31.1,31.2,31.2,31.2,31.1,31.1,31.1,30.9,31.1,31.1,31.1,30.9,30.7,30.2,30.1,29.8,30.0,29.5,29.6,29.5,29.4,29.3,29.4,29.2,29.3,29.1,29.1,29.2,29.1,29.2,29.1,29.2,29.0,29.0,29.0,29.0,29.1,29.0,29.0,28.9,28.9,28.8,28.9,28.8,29.0,28.9,28.8,29.0,28.8,28.8,28.8,28.9,28.9,28.6,28.8,28.7,28.6,28.7
199,29.7,29.3,29.6,29.7,29.6,29.5,29.5,29.5,29.8,29.6,29.7,29.6,29.8,29.7,29.8,29.8,29.8,29.9,29.8,29.8,29.9,30.0,30.0,29.9,30.0,30.1,29.9,30.1,30.1,30.1,30.0,30.2,30.2,30.3,30.3,30.3,30.6,30.6,30.6,31.0,31.4,31.7,31.7,32.0,32.0,32.0,32.1,32.0,32.1,32.0,32.0,32.0,32.2,32.1,32.1,32.1,32.2,32.2,32.1,32.2,32.1,32.3,32.2,32.1,32.2,32.2,32.1,32.1,32.1,32.2,32.0,32.0,32.0,31.9,31.8,31.8,31.7,31.6,31.6,31.7,31.5,31.5,31.5,31.4,31.6,31.5,31.4,31.5,31.6,31.4,31.4,31.5,31.4,31.4,31.4,31.4,31.4,31.4,31.4,31.3,31.4,31.4,31.4,31.5,31.4,31.4,31.3,31.3,31.4,31.3,31.5,31.4,31.4,31.3,31.3,31.4,31.3,31.2,31.1,31.2,31.1,31.2,31.1,31.2,31.1,31.1,31.2,31.1,31.1,31.3,31.2,31.1,31.1,31.1,31.2,31.1,31.1,31.2,31.1,31.0,31.0,30.9,31.0,31.0,30.9,31.1,30.6,30.4,30.0,29.8,29.7,29.7,29.5,29.4,29.3,29.5,29.4,29.2,29.2,29.2,29.2,29.2,29.2,29.1,29.1,29.1,29.0,29.0,29.1,29.1,29.1,28.8,28.8,29.0,28.9,29.0,28.8,28.9,28.8,29.0,28.8,28.7,28.8,28.8,28.7,29.0,28.8,28.7,28.8,28.8,28.8,28.8
200,29.7,29.7,29.6,29.4,29.7,29.7,29.4,29.5,29.7,29.4,29.8,29.7,29.8,29.8,29.8,29.9,29.8,29.9,29.7,29.8,29.8,30.0,29.9,29.9,30.0,29.9,29.9,29.9,30.2,30.1,30.2,30.1,30.3,30.3,30.2,30.4,30.5,30.6,30.4,30.9,31.3,31.7,31.9,31.9,32.0,32.1,32.2,32.0,32.2,32.2,32.2,32.0,32.1,32.1,32.0,32.1,32.2,32.2,32.0,32.0,32.2,32.2,32.2,32.0,32.3,32.3,32.1,32.1,32.1,32.3,32.1,32.1,32.0,32.0,31.9,31.8,31.8,31.8,31.6,31.5,31.5,31.6,31.4,31.5,31.7,31.5,31.6,31.4,31.6,31.5,31.4,31.5,31.6,31.4,31.5,31.5,31.5,31.5,31.6,31.4,31.5,31.5,31.4,31.4,31.5,31.4,31.6,31.6,31.4,31.4,31.4,31.4,31.3,31.4,31.4,31.4,31.4,31.3,31.1,31.1,31.2,31.2,31.2,31.3,31.0,31.1,31.2,31.2,31.0,31.1,31.2,31.0,31.0,31.1,31.1,30.9,31.2,31.1,31.0,30.9,31.1,31.0,31.1,31.1,31.1,31.0,30.7,30.4,30.0,29.7,29.7,29.5,29.5,29.4,29.4,29.3,29.1,29.2,29.2,29.2,29.2,29.2,29.1,29.2,29.2,29.1,29.0,29.1,28.9,29.0,28.9,29.1,29.0,28.9,28.8,28.8,29.0,28.8,28.8,28.8,28.8,28.8,28.8,28.8,28.8,28.8,28.8,28.9,28.8,28.8,28.8,28.8
201,29.4,29.6,29.5,29.7,29.5,29.7,29.5,29.6,29.7,29.7,29.7,30.0,29.8,29.8,29.7,29.7,29.8,29.9,29.8,30.0,29.9,29.9,30.0,29.9,29.9,30.0,30.1,29.9,30.0,30.0,30.1,30.0,30.3,30.2,30.2,30.3,30.4,30.3,30.6,31.1,31.2,31.7,32.0,31.8,32.0,32.0,32.1,32.1,32.2,32.3,32.0,32.2,32.1,32.1,32.1,32.0,32.1,32.1,32.1,32.1,32.2,32.1,32.1,32.2,32.2,32.1,32.0,32.1,32.1,32.1,32.1,32.1,32.1,32.0,31.9,31.8,31.8,31.7,31.6,31.5,31.4,31.4,31.4,31.6,31.6,31.6,31.5,31.5,31.4,31.5,31.5,31.5,31.4,31.3,31.5,31.3,31.6,31.4,31.6,31.3,31.3,31.4,31.4,31.3,31.4,31.3,31.4,31.4,31.3,31.3,31.3,31.4,31.3,31.5,31.4,31.4,31.3,31.1,31.1,31.1,31.2,31.2,31.2,31.0,31.0,31.1,31.1,31.1,31.1,31.1,31.1,31.1,31.1,31.1,31.1,31.0,31.1,31.0,30.9,31.0,31.1,31.0,31.1,31.0,30.9,31.0,30.6,30.3,30.0,29.7,29.6,29.6,29.4,29.5,29.4,29.3,29.2,29.2,29.1,29.2,29.1,29.2,29.1,29.0,29.2,29.1,29.0,29.2,29.0,28.9,29.2,28.8,28.9,28.9,28.9,28.9,28.8,28.9,28.8,28.8,28.7,28.8,28.8,28.8,28.7,28.6,28.7,28.7,28.7,28.6,28.5,28.6
202,29.4,29.6,29.6,29.6,29.6,29.5,29.5,29.5,29.5,29.8,29.5,29.8,29.6,29.7,29.7,29.9,29.7,29.8,29.8,29.8,29.8,29.8,29.8,30.0,30.0,30.0,29.9,30.1,30.0,30.0,30.1,30.2,30.0,30.2,30.3,30.3,30.4,30.5,30.6,30.9,31.3,31.5,31.7,32.0,32.1,32.0,32.1,32.0,32.1,32.0,32.0,32.2,32.1,32.0,32.1,32.1,32.1,32.0,32.1,32.1,31.9,32.1,32.2,32.1,32.1,32.2,31.9,32.3,32.1,32.2,32.0,32.0,31.8,31.8,31.7,31.8,31.8,31.7,31.6,31.5,31.4,31.3,31.5,31.4,31.5,31.4,31.5,31.5,31.4,31.3,31.6,31.4,31.5,31.3,31.3,31.3,31.4,31.4,31.4,31.5,31.4,31.3,31.4,31.5,31.3,31.3,31.3,31.3,31.2,31.4,31.4,31.4,31.2,31.2,31.4,31.2,31.3,31.1,31.1,31.0,31.1,31.1,31.1,31.2,31.1,31.2,31.1,31.2,31.0,31.1,31.2,30.9,31.1,31.3,31.0,31.0,31.1,31.2,30.9,31.0,31.3,31.0,30.9,31.0,30.8,30.9,30.6,30.3,30.0,29.8,29.6,29.6,29.4,29.3,29.2,29.4,29.2,29.2,29.2,29.2,29.0,29.2,29.0,29.1,28.9,29.1,28.9,28.8,29.0,28.9,29.1,29.0,28.8,28.8,28.8,29.0,28.9,28.9,28.8,28.6,28.7,28.8,28.7,28.8,28.6,28.6,28.8,28.7,28.6,28.7,28.6,28.8
203,29.4,29.4,29.4,29.6,29.5,29.4,29.5,29.5,29.5,29.5,29.6,29.5,29.7,29.7,29.7,29.6,29.8,29.8,29.9,29.8,29.9,29.7,29.7,29.8,29.8,29.9,29.9,29.8,30.1,29.9,30.2,30.0,30.1,30.0,30.1,30.3,30.3,30.5,30.5,30.8,31.1,31.7,31.8,32.0,32.1,32.1,32.0,32.0,32.1,32.1,32.1,32.3,31.9,32.1,32.0,32.1,32.1,32.1,32.0,32.3,32.2,32.1,32.1,32.2,32.1,32.1,32.0,32.1,32.2,32.1,32.1,32.0,31.9,31.7,31.6,31.7,31.6,31.4,31.4,31.4,31.4,31.6,31.4,31.5,31.5,31.6,31.3,31.4,31.3,31.4,31.4,31.4,31.4,31.4,31.3,31.5,31.5,31.3,31.4,31.4,31.3,31.3,31.3,31.4,31.4,31.4,31.3,31.4,31.1,31.1,31.3,31.3,31.3,31.2,31.3,31.2,31.1,30.9,30.9,31.1,31.1,31.1,31.0,31.2,31.3,31.1,31.1,31.2,31.1,31.1,31.0,31.1,31.1,31.1,31.0,31.0,30.9,31.1,31.1,31.0,31.1,30.9,31.1,31.0,31.0,31.0,30.6,30.1,29.9,29.6,29.6,29.4,29.4,29.3,29.2,29.2,29.2,29.1,29.2,29.3,29.1,29.1,29.2,29.0,29.0,29.1,29.0,29.0,28.8,28.8,28.9,28.9,29.0,29.0,28.8,29.0,28.8,28.9,28.9,28.8,28.9,28.7,28.7,28.8,28.8,28.6,28.7,28.6,28.7,28.6,28.6,28.8
204,29.4,29.6,29.4,29.6,29.5,29.7,29.7,29.6,29.5,29.6,29.7,29.7,29.7,29.8,29.7,29.7,29.6,29.8,29.9,29.8,29.8,29.6,30.0,29.8,29.9,29.8,29.9,29.8,29.9,30.0,30.0,30.1,30.0,30.1,30.2,30.2,30.2,30.4,30.4,30.8,31.2,31.6,31.7,32.0,32.2,32.1,32.0,32.1,32.1,32.1,32.1,32.2,32.1,32.1,32.1,32.1,32.1,32.1,32.1,32.1,32.1,32.0,32.1,32.0,32.1,31.9,32.0,32.1,32.0,32.1,32.1,32.1,31.9,31.7,31.5,31.5,31.4,31.4,31.3,31.4,31.4,31.3,31.5,31.4,31.4,31.5,31.6,31.5,31.4,31.5,31.4,31.3,31.4,31.3,31.4,31.4,31.4,31.3,31.4,31.5,31.3,31.3,31.4,31.4,31.3,31.4,31.3,31.4,31.3,31.1,31.2,31.1,31.0,31.1,31.2,31.1,31.0,31.1,30.9,31.1,31.0,31.1,31.1,31.1,31.2,31.1,31.2,31.1,31.0,31.2,31.1,31.3,31.1,31.1,31.1,31.1,31.1,31.1,31.0,31.2,31.0,30.9,30.9,31.0,30.9,31.1,30.5,30.1,29.8,29.8,29.6,29.4,29.3,29.3,29.3,29.2,29.2,29.1,29.2,29.2,29.1,29.1,29.1,29.1,29.2,29.0,29.1,29.0,28.8,28.9,29.0,29.0,28.9,28.9,28.9,28.7,28.8,28.8,28.8,28.8,28.8,28.7,28.8,28.6,28.8,28.8,28.8,28.8,28.6,28.8,28.9,28.9
205,29.4,29.5,29.5,29.4,29.5,29.6,29.4,29.5,29.5,29.6,29.8,29.6,29.6,29.7,29.7,29.6,29.7,29.8,29.7,29.7,29.8,29.7,29.8,29.7,29.8,30.0,29.8,30.0,30.0,29.9,30.0,29.9,30.0,30.0,30.2,30.1,30.3,30.4,30.5,30.6,31.1,31.6,31.9,32.0,32.0,32.1,32.1,32.2,32.1,32.1,32.2,32.1,32.1,32.1,32.2,31.9,32.1,32.2,32.1,32.1,32.1,32.0,32.1,32.1,32.1,32.0,32.0,32.1,32.0,32.2,32.0,32.0,31.8,31.6,31.5,31.3,31.3,31.3,31.2,31.3,31.3,31.3,31.4,31.4,31.5,31.5,31.3,31.4,31.5,31.5,31.5,31.4,31.3,31.3,31.3,31.4,31.3,31.4,31.5,31.3,31.4,31.4,31.4,31.4,31.4,31.4,31.4,31.3,31.4,31.2,31.2,31.0,30.9,30.7,30.9,31.1,30.9,30.7,30.9,31.1,31.1,31.2,31.1,31.1,31.2,31.1,31.2,31.1,31.1,31.1,31.0,31.3,31.1,31.1,31.1,31.1,31.0,31.0,31.0,31.1,31.1,30.9,31.0,31.2,31.0,30.9,30.4,30.2,29.8,29.6,29.5,29.4,29.3,29.2,29.2,29.2,29.3,29.2,29.0,29.1,29.1,29.0,28.9,29.2,29.1,29.0,29.1,29.1,29.1,29.0,29.0,28.9,28.9,28.9,29.0,28.8,28.6,29.0,28.8,28.7,28.8,28.8,28.7,28.7,28.7,28.8,28.7,28.6,28.6,28.7,28.6,28.6
206,29.4,29.4,29.4,29.5,29.4,29.4,29.4,29.5,29.6,29.5,29.5,29.7,29.5,29.6,29.6,29.6,29.5,29.7,29.6,29.6,29.8,29.6,29.8,29.9,29.9,29.8,29.8,29.8,29.8,29.9,29.9,29.9,29.9,30.0,30.0,30.1,30.2,30.2,30.5,30.9,31.1,31.5,31.9,32.0,32.1,32.1,32.1,32.0,32.3,32.2,32.0,32.1,32.0,32.0,32.1,32.1,32.1,32.1,32.2,32.1,32.2,32.1,32.1,32.1,32.0,32.2,32.1,32.3,32.2,32.1,31.9,31.9,31.7,31.5,31.3,31.3,31.3,31.0,31.2,31.3,31.3,31.1,31.4,31.3,31.5,31.4,31.4,31.5,31.4,31.5,31.3,31.4,31.4,31.3,31.3,31.4,31.4,31.3,31.4,31.3,31.3,31.2,31.3,31.4,31.4,31.4,31.3,31.3,31.2,31.1,30.9,30.9,30.7,30.6,30.7,30.8,30.8,30.8,30.9,31.1,31.1,31.0,31.2,30.9,31.0,31.0,31.0,31.0,31.2,31.1,31.1,31.1,31.0,31.1,31.0,31.0,31.0,31.0,31.1,31.0,30.9,31.1,31.1,30.9,30.9,30.9,30.5,30.1,29.9,29.6,29.5,29.4,29.2,29.2,29.3,29.2,29.3,29.2,29.1,29.1,29.2,28.9,29.1,29.0,29.0,29.0,29.0,29.1,29.0,28.8,29.0,28.9,28.8,29.0,28.8,28.9,28.6,28.9,29.0,28.6,28.8,28.7,28.9,28.6,28.9,28.7,28.6,28.6,28.6,28.6,28.6,28.8
207,29.4,29.3,29.4,29.4,29.7,29.6,29.4,29.4,29.4,29.5,29.6,29.6,29.8,29.5,29.7,29.7,29.8,29.6,29.4,29.7,29.7,29.7,29.7,29.9,29.7,29.8,29.7,29.8,29.9,29.9,30.1,29.8,30.0,30.1,30.2,30.1,30.0,30.3,30.2,30.8,31.0,31.6,31.8,32.1,31.9,32.1,32.1,32.0,32.1,32.1,32.0,32.1,32.1,32.1,32.1,32.2,32.1,32.1,32.1,32.2,32.1,32.1,32.1,32.0,32.2,32.0,32.0,32.0,32.2,32.0,31.9,31.6,31.6,31.3,31.3,31.1,31.0,31.1,31.1,31.2,31.0,31.2,31.4,31.4,31.3,31.4,31.3,31.6,31.4,31.3,31.4,31.3,31.3,31.3,31.3,31.3,31.3,31.3,31.2,31.2,31.3,31.3,31.4,31.5,31.3,31.4,31.3,31.1,31.1,30.9,30.8,30.7,30.5,30.5,30.6,30.6,30.6,30.7,30.8,30.9,31.0,31.1,31.1,31.2,31.1,30.9,31.0,31.1,31.1,30.9,31.1,31.1,31.1,31.0,30.9,31.1,30.9,30.9,31.0,31.0,30.9,30.9,31.0,31.0,30.9,30.9,30.3,30.0,29.8,29.5,29.4,29.2,29.3,29.2,29.2,29.1,29.2,29.3,29.0,29.1,29.0,28.9,29.1,29.0,29.0,29.0,29.0,29.0,29.0,28.8,28.9,28.9,28.9,28.8,28.6,28.8,28.9,28.8,28.8,28.8,28.8,28.8,28.8,28.7,28.7,28.8,28.6,28.7,28.6,28.6,28.6,28.6
208,29.5,29.3,29.3,29.4,29.4,29.6,29.4,29.4,29.6,29.5,29.4,29.6,29.6,29.8,29.5,29.6,29.8,29.8,29.6,29.7,29.7,29.7,29.8,29.8,29.9,29.7,29.8,30.0,29.8,29.8,30.0,30.0,30.1,30.0,30.1,30.1,30.0,30.3,30.3,30.7,30.9,31.5,31.7,32.1,32.0,32.2,32.1,32.1,32.1,32.1,32.1,32.1,32.0,32.1,32.1,32.0,32.1,32.0,32.0,32.0,32.2,32.1,32.2,32.1,32.2,32.1,32.2,32.1,32.1,31.9,31.9,31.7,31.5,31.3,31.1,30.9,31.0,31.1,31.0,31.0,31.0,31.1,31.2,31.2,31.2,31.3,31.3,31.3,31.5,31.3,31.3,31.3,31.3,31.3,31.3,31.3,31.2,31.3,31.2,31.3,31.3,31.3,31.3,31.3,31.3,31.3,31.3,31.1,31.0,30.8,30.7,30.6,30.4,30.4,30.4,30.4,30.6,30.8,30.9,31.1,31.0,31.1,31.1,31.2,31.0,30.9,31.1,31.1,31.0,30.9,31.0,31.1,31.1,31.0,30.9,31.0,31.0,30.9,30.9,30.9,31.0,30.9,30.9,31.0,30.8,30.8,30.4,29.9,29.8,29.6,29.4,29.3,29.3,29.1,29.2,29.1,29.1,29.0,29.1,29.0,29.1,29.0,29.0,28.9,29.0,29.0,28.9,29.1,29.0,28.9,28.8,28.9,28.9,28.9,29.0,28.8,28.9,29.0,28.8,28.7,28.7,28.7,28.7,28.7,28.8,28.6,28.6,28.6,28.7,28.6,28.6,28.6
209,29.4,29.4,29.4,29.4,29.6,29.5,29.4,29.4,29.5,29.4,29.5,29.5,29.4,29.4,29.6,29.6,29.6,29.6,29.6,29.7,29.7,29.7,29.7,29.7,29.5,29.8,29.8,29.9,29.6,29.9,29.9,29.8,29.9,29.8,30.0,30.1,30.2,30.2,30.3,30.5,30.9,31.4,31.7,32.0,32.1,32.0,32.0,32.0,32.0,32.1,32.0,32.1,32.1,32.1,32.0,32.1,32.2,32.1,32.0,32.0,32.1,32.1,32.1,32.2,32.0,32.0,32.1,32.0,32.1,32.0,32.0,31.6,31.4,31.0,31.1,31.0,31.0,31.1,31.0,31.1,31.1,31.3,31.2,31.3,31.2,31.2,31.3,31.3,31.4,31.4,31.3,31.3,31.1,31.1,31.2,31.3,31.2,31.0,31.2,31.3,31.2,31.2,31.3,31.3,31.1,31.3,31.0,31.0,30.9,30.7,30.6,30.5,30.4,30.2,30.4,30.4,30.6,30.6,30.8,30.9,31.1,31.1,31.1,31.1,31.0,31.0,30.9,31.0,31.0,31.1,31.0,31.0,31.0,31.1,31.0,31.0,30.9,30.9,31.0,30.9,31.0,31.0,30.8,31.1,30.8,30.8,30.4,29.9,29.7,29.5,29.3,29.3,29.3,29.3,29.2,29.1,29.3,29.2,29.0,29.1,29.2,29.0,28.9,29.1,28.9,29.0,29.0,28.9,29.0,28.8,28.9,28.9,28.9,28.8,28.7,28.9,28.6,29.0,28.8,28.6,28.8,28.8,28.7,28.6,28.8,28.8,28.6,28.6,28.7,28.6,28.5,28.5
210,29.3,29.3,29.3,29.3,29.5,29.4,29.3,29.4,29.4,29.5,29.5,29.4,29.4,29.5,29.4,29.5,29.6,29.6,29.7,29.8,29.7,29.6,29.7,29.4,29.8,29.7,29.9,29.8,29.9,29.8,29.7,29.9,29.9,29.8,30.0,30.0,30.0,30.1,30.4,30.5,31.0,31.2,31.5,31.9,31.9,31.9,32.0,32.1,32.0,32.0,32.0,31.9,31.9,32.0,32.0,32.0,32.0,32.0,32.0,31.9,32.1,32.1,32.0,32.1,32.0,32.1,32.0,32.0,32.0,32.1,31.8,31.6,31.1,31.3,31.0,31.0,30.8,30.8,31.0,31.0,31.1,31.0,31.2,31.1,31.1,31.3,31.3,31.2,31.2,31.3,31.3,31.3,31.1,31.0,31.0,31.1,31.1,31.1,31.1,31.2,31.2,31.2,31.2,31.3,31.3,31.1,30.9,31.0,30.8,30.6,30.4,30.4,30.3,30.3,30.4,30.4,30.6,30.6,30.9,30.7,31.1,31.1,31.1,31.0,30.9,31.1,31.1,30.9,31.0,31.1,31.1,30.9,31.2,31.0,31.0,30.9,31.0,31.1,31.1,30.9,31.1,31.0,30.7,30.8,30.8,30.6,30.4,30.0,29.5,29.3,29.2,29.3,29.2,29.3,29.1,29.1,29.0,29.1,29.1,29.0,29.0,29.0,29.0,29.0,29.1,29.0,28.9,29.0,28.9,28.8,28.9,28.9,28.8,28.9,28.8,28.9,28.8,28.8,28.8,28.7,28.8,28.8,28.9,28.5,28.8,28.7,28.7,28.6,28.5,28.9,28.8,28.6
211,29.2,29.4,29.2,29.5,29.5,29.4,29.3,29.5,29.3,29.4,29.7,29.4,29.6,29.6,29.5,29.3,29.7,29.6,29.6,29.6,29.4,29.5,29.6,29.8,29.7,29.7,29.4,29.7,29.8,29.7,29.8,29.7,29.9,29.9,30.0,30.0,30.1,30.1,30.2,30.6,30.8,31.0,31.3,31.3,31.4,31.6,31.6,31.7,31.5,31.6,31.6,31.8,31.8,32.0,31.8,31.9,31.8,31.9,31.7,32.0,31.9,31.9,31.9,31.9,32.0,32.0,31.9,31.9,32.0,31.9,31.5,31.4,31.1,31.0,30.9,30.9,30.7,30.9,30.9,30.9,30.8,30.9,31.1,31.1,31.1,31.2,31.0,31.2,31.2,31.3,31.2,31.0,31.1,31.1,31.2,31.1,31.1,31.0,31.1,31.2,31.2,31.3,31.2,31.1,30.9,30.9,31.0,30.9,30.7,30.6,30.5,30.3,30.4,30.2,30.4,30.4,30.5,30.5,30.7,30.9,30.9,31.1,30.9,31.1,31.0,30.9,31.0,30.9,31.1,30.9,30.9,31.0,30.8,30.9,30.9,31.0,30.9,30.9,30.9,30.9,30.9,30.8,30.8,30.8,30.8,30.6,30.1,29.9,29.6,29.4,29.2,29.2,29.2,29.3,29.2,29.1,29.2,29.2,29.1,29.0,29.2,29.2,29.1,29.0,29.0,29.0,29.0,29.0,29.0,28.9,28.9,28.9,28.8,28.8,28.9,28.9,28.7,28.7,28.8,28.8,28.6,28.7,28.5,28.7,28.6,28.8,28.7,28.7,28.6,28.6,28.6,28.4
212,29.3,29.4,29.1,29.6,29.2,29.3,29.2,29.5,29.4,29.4,29.4,29.4,29.4,29.6,29.7,29.4,29.7,29.6,29.6,29.6,29.6,29.7,29.6,29.8,29.8,29.8,29.6,29.8,29.7,29.7,29.7,29.8,29.8,29.9,30.0,29.9,29.9,29.9,30.1,30.4,30.6,30.8,31.0,30.9,31.1,31.1,31.1,31.2,31.2,31.2,31.2,31.3,31.4,31.4,31.4,31.5,31.4,31.4,31.3,31.6,31.6,31.7,31.7,31.7,31.6,31.6,31.7,31.7,31.7,31.6,31.4,31.3,31.0,30.9,30.8,30.8,30.8,30.6,30.7,30.7,31.0,31.0,31.0,31.1,31.0,31.2,31.1,31.3,31.2,31.1,31.3,31.1,31.2,31.0,31.2,31.1,30.9,31.1,31.1,31.0,31.2,31.1,31.2,31.1,30.9,31.0,31.0,30.6,30.5,30.4,30.6,30.3,30.0,30.2,30.2,30.2,30.4,30.4,30.5,30.6,30.9,30.8,30.8,31.0,30.9,30.9,31.0,30.9,30.9,30.9,30.7,30.9,31.0,30.9,30.9,30.9,30.8,30.7,30.8,30.8,30.9,30.8,30.8,30.7,30.6,30.4,29.9,29.7,29.5,29.6,29.3,29.3,29.2,29.1,29.2,29.1,29.0,29.1,28.9,29.0,28.8,29.0,28.9,28.9,28.9,29.1,28.8,29.0,28.9,28.8,28.9,28.8,28.8,28.7,28.8,28.9,28.8,28.8,28.8,28.7,28.5,28.8,28.8,28.7,28.6,28.6,28.8,28.6,28.4,28.6,28.7,28.6
213,29.4,29.2,29.2,29.5,29.3,29.2,29.2,29.3,29.4,29.4,29.4,29.3,29.4,29.6,29.8,29.4,29.5,29.5,29.5,29.5,29.5,29.5,29.6,29.7,29.7,29.6,29.7,29.5,29.7,29.7,29.8,29.8,29.8,29.8,29.8,30.0,30.0,30.2,30.1,30.4,30.3,30.4,30.8,30.5,30.9,30.9,30.9,31.1,30.9,31.0,30.9,31.1,31.2,31.2,31.2,31.2,31.0,31.1,31.2,31.1,31.3,31.3,31.3,31.4,31.4,31.3,31.3,31.4,31.3,31.3,31.2,30.9,30.9,30.9,30.7,30.6,30.6,30.7,30.7,30.9,30.9,31.1,30.9,31.1,31.1,31.2,31.3,31.2,31.1,31.3,31.2,31.2,31.1,30.9,31.1,31.0,31.0,31.2,31.0,31.0,31.0,31.0,31.1,31.1,31.0,30.9,30.8,30.5,30.4,30.5,30.4,30.1,30.1,30.1,30.2,30.2,30.3,30.5,30.4,30.5,30.8,30.8,30.8,30.9,30.9,30.7,30.9,30.9,30.8,30.7,30.7,30.9,30.7,30.8,30.6,30.9,30.7,30.6,30.6,30.7,30.6,30.6,30.6,30.6,30.4,30.1,29.9,29.8,29.5,29.3,29.2,29.2,29.1,29.1,29.1,29.0,29.2,29.0,28.9,29.1,29.0,29.0,29.1,28.8,28.9,28.9,28.9,28.8,29.0,29.0,29.0,28.9,28.7,28.6,28.9,28.6,29.0,28.8,28.9,28.7,28.8,28.8,28.8,28.7,28.8,28.8,28.5,28.6,28.6,28.5,28.7,28.5
214,29.2,29.3,29.2,29.2,29.4,29.2,29.3,29.3,29.4,29.4,29.4,29.5,29.4,29.4,29.3,29.4,29.4,29.5,29.5,29.4,29.4,29.6,29.5,29.7,29.6,29.7,29.8,29.8,29.8,29.8,29.6,29.7,29.8,29.8,29.7,29.8,30.0,30.0,30.0,30.1,30.2,30.3,30.3,30.4,30.4,30.6,30.4,30.6,30.4,30.6,30.6,30.6,30.8,30.8,30.9,31.0,30.9,30.9,30.9,31.0,30.9,30.9,30.9,31.2,31.1,31.1,31.0,31.1,31.0,30.9,31.0,30.9,30.7,30.8,30.6,30.6,30.6,30.5,30.7,30.9,30.7,30.9,30.9,31.0,31.1,31.1,31.1,31.2,31.1,31.0,31.0,31.1,31.0,31.2,31.1,31.0,31.0,31.0,31.1,31.1,31.1,31.1,30.9,31.1,31.1,30.9,30.7,30.5,30.2,30.2,30.1,30.2,30.0,30.0,30.0,30.0,30.0,30.2,30.4,30.5,30.4,30.6,30.6,30.6,30.6,30.5,30.6,30.7,30.5,30.6,30.5,30.6,30.7,30.7,30.4,30.6,30.4,30.5,30.6,30.4,30.5,30.4,30.5,30.3,30.2,30.0,29.7,29.5,29.4,29.3,29.0,29.1,29.0,29.2,29.2,29.1,29.1,29.0,29.1,29.1,29.0,28.9,29.0,28.8,28.9,29.1,28.8,28.9,29.1,28.8,28.8,28.8,28.8,28.6,28.8,28.8,28.6,28.9,28.6,28.7,28.8,28.7,28.6,28.8,28.6,28.5,28.7,28.5,28.5,28.4,28.4,28.8
215,29.3,29.2,29.2,29.3,29.4,29.3,29.3,29.3,29.3,29.4,29.3,29.5,29.6,29.4,29.4,29.4,29.4,29.6,29.4,29.5,29.6,29.4,29.6,29.6,29.6,29.6,29.7,29.7,29.7,29.8,29.8,29.8,29.8,29.8,29.9,29.8,29.9,30.0,29.8,29.8,30.0,30.1,30.1,30.1,30.4,30.3,30.4,30.4,30.3,30.4,30.5,30.6,30.6,30.6,30.6,30.6,30.7,30.8,30.6,30.6,30.7,30.8,30.9,30.9,30.9,30.9,30.8,30.9,30.9,30.9,30.7,30.8,30.8,30.6,30.5,30.8,30.6,30.7,30.6,30.8,30.8,30.8,30.9,31.0,31.0,31.1,31.2,31.0,31.1,31.2,31.2,31.0,31.1,31.1,31.1,31.1,30.9,30.9,31.1,31.1,31.0,31.1,30.9,31.0,30.9,30.9,30.6,30.5,30.4,30.3,30.1,30.0,30.0,30.0,29.8,30.0,30.0,30.2,30.1,30.2,30.3,30.3,30.2,30.3,30.3,30.2,30.5,30.2,30.3,30.2,30.2,30.2,30.2,30.4,30.3,30.2,30.3,30.2,30.3,30.1,30.2,30.3,30.2,30.1,29.9,29.7,29.6,29.3,29.4,29.4,29.2,29.3,29.2,29.2,29.0,29.2,29.0,29.1,28.9,28.9,29.0,29.0,28.9,28.8,28.8,28.7,28.8,28.8,29.0,29.0,29.0,28.9,28.7,28.9,28.9,28.8,28.6,28.8,28.9,28.6,28.6,28.8,28.7,28.7,28.8,28.6,28.8,28.6,28.6,28.6,28.6,28.7
216,29.2,29.4,29.2,29.4,29.3,29.4,29.3,29.3,29.2,29.4,29.2,29.4,29.4,29.6,29.6,29.5,29.4,29.5,29.5,29.6,29.6,29.6,29.5,29.6,29.5,29.6,29.5,29.7,29.7,29.7,29.8,29.8,29.8,29.9,29.8,29.8,29.8,30.0,29.9,29.9,30.0,30.2,30.1,30.0,30.2,30.1,30.4,30.3,30.3,30.3,30.2,30.4,30.5,30.5,30.5,30.5,30.6,30.6,30.6,30.5,30.5,30.8,30.6,30.5,30.7,30.7,30.6,30.7,30.6,30.7,30.6,30.6,30.7,30.6,30.6,30.4,30.4,30.6,30.7,30.7,30.9,30.9,31.0,30.9,31.1,31.1,30.9,31.1,31.0,31.1,31.1,31.2,31.0,31.0,31.0,31.2,31.2,31.2,30.8,30.9,31.1,31.0,30.8,31.0,31.0,30.8,30.7,30.3,30.2,30.0,30.0,30.0,29.8,29.8,29.9,29.8,29.9,29.9,30.0,29.9,30.2,30.1,30.0,30.1,30.0,30.2,30.1,30.0,29.9,30.1,30.0,29.9,29.9,30.1,29.8,30.0,29.8,29.9,29.9,30.0,29.9,29.8,29.8,29.8,29.7,29.5,29.4,29.3,29.2,29.4,29.1,29.2,29.0,29.0,29.1,29.0,29.0,29.1,29.0,29.0,29.0,28.9,29.0,28.9,28.9,28.8,28.8,28.7,28.8,28.8,28.6,28.8,28.8,28.8,28.8,28.7,28.6,28.9,28.7,28.7,28.6,28.6,28.8,28.8,28.6,28.7,28.8,28.8,28.5,28.7,28.7,28.5
217,29.2,29.3,29.3,29.4,29.3,29.3,29.2,29.3,29.2,29.3,29.5,29.3,29.2,29.4,29.4,29.3,29.5,29.3,29.5,29.4,29.4,29.5,29.5,29.5,29.4,29.6,29.7,29.8,29.7,29.5,29.7,29.6,29.8,29.8,29.7,29.7,29.9,29.9,29.7,30.0,29.9,30.1,30.0,30.0,30.0,30.0,30.2,30.1,29.9,30.4,30.2,30.3,30.4,30.4,30.2,30.4,30.6,30.4,30.3,30.5,30.5,30.6,30.5,30.4,30.6,30.5,30.6,30.4,30.4,30.4,30.4,30.4,30.5,30.4,30.6,30.4,30.6,30.4,30.5,30.8,30.7,30.9,30.9,30.9,30.8,31.3,31.0,31.1,31.1,31.1,31.0,31.1,31.0,30.9,31.0,31.0,31.0,31.0,31.0,31.0,31.0,31.1,30.9,31.0,30.9,30.7,30.5,30.5,30.4,30.1,30.1,30.0,29.9,29.7,29.9,29.8,29.7,29.8,29.8,29.9,29.9,30.0,30.0,30.0,30.1,29.9,30.0,29.8,29.8,29.9,30.0,29.8,29.8,29.8,29.7,29.8,29.7,29.6,29.7,29.6,29.8,29.7,29.5,29.6,29.6,29.4,29.3,29.2,29.2,29.2,29.0,29.2,28.9,29.0,29.1,29.1,29.0,28.7,28.9,29.0,28.9,28.9,28.9,28.8,28.8,28.9,28.8,28.8,28.7,28.6,28.8,28.8,28.7,28.8,28.7,28.7,28.7,28.7,28.6,28.6,28.6,28.6,28.5,28.6,28.7,28.7,28.5,28.5,28.6,28.6,28.5,28.6
218,29.2,29.2,29.3,29.4,29.3,29.4,29.1,29.4,29.3,29.3,29.5,29.5,29.4,29.4,29.3,29.3,29.4,29.4,29.4,29.4,29.4,29.5,29.5,29.6,29.8,29.6,29.6,29.7,29.6,29.8,29.7,29.6,29.8,29.8,29.7,29.7,29.8,29.9,29.8,30.0,30.0,30.1,30.0,30.0,30.0,30.0,30.2,30.1,30.1,30.3,30.0,30.3,30.2,30.4,30.2,30.5,30.2,30.4,30.4,30.5,30.6,30.4,30.4,30.4,30.5,30.5,30.5,30.4,30.4,30.4,30.6,30.4,30.4,30.4,30.6,30.4,30.3,30.5,30.5,30.8,30.9,30.9,30.9,30.8,31.1,31.2,31.1,31.1,31.1,31.0,31.1,31.1,31.2,31.1,31.0,31.2,31.1,31.1,31.0,31.1,31.0,31.0,31.0,31.0,31.1,31.1,30.8,30.6,30.2,30.1,30.0,29.6,29.7,29.8,29.8,29.8,29.8,29.6,29.9,29.7,29.8,30.0,29.8,29.8,29.8,29.6,29.8,29.8,29.7,29.8,29.7,29.8,29.7,29.7,29.7,29.4,29.5,29.4,29.4,29.5,29.5,29.4,29.4,29.4,29.4,29.4,29.3,29.2,29.2,29.0,29.2,28.9,29.1,29.1,29.1,28.9,28.9,29.0,28.9,28.9,28.9,29.0,28.9,28.9,29.0,28.9,28.8,28.8,28.8,28.8,28.8,28.8,28.8,28.9,28.8,28.8,28.8,28.9,28.8,28.8,28.7,28.7,28.6,28.9,28.7,28.7,28.7,28.6,28.6,28.9,28.6,28.8
219,29.3,29.2,29.2,29.3,29.3,29.3,29.2,29.2,29.3,29.3,29.3,29.3,29.4,29.4,29.4,29.5,29.4,29.6,29.5,29.4,29.5,29.5,29.5,29.6,29.5,29.5,29.6,29.6,29.6,29.5,29.7,29.8,29.8,30.0,29.7,29.8,29.8,29.8,29.7,29.9,29.9,30.0,30.0,30.1,30.1,30.1,30.0,30.0,30.1,30.1,30.1,30.2,30.3,30.3,30.2,30.3,30.3,30.3,30.4,30.5,30.3,30.4,30.4,30.3,30.3,30.4,30.4,30.4,30.4,30.4,30.5,30.4,30.5,30.4,30.4,30.5,30.2,30.4,30.7,30.8,30.7,30.9,30.9,31.1,31.2,31.1,31.0,31.2,31.1,31.1,31.2,31.1,31.2,31.1,31.2,31.0,31.1,31.2,31.1,31.2,31.0,31.0,31.0,31.1,31.0,31.0,30.9,30.6,30.2,30.2,29.8,29.7,29.7,29.5,29.8,29.6,29.8,29.9,29.8,29.6,29.6,29.6,29.6,29.7,29.7,29.6,29.7,29.6,29.6,29.5,29.5,29.5,29.5,29.4,29.4,29.4,29.4,29.4,29.3,29.4,29.4,29.3,29.2,29.4,29.2,29.2,29.0,29.2,29.1,29.1,29.2,29.0,29.1,29.1,28.9,28.9,29.0,29.0,28.8,28.9,28.9,28.9,29.1,28.7,28.8,28.8,28.8,28.8,28.7,28.8,28.8,28.6,28.6,28.6,28.8,28.8,28.8,28.8,28.8,28.7,28.6,28.6,28.6,28.6,28.6,28.6,28.6,28.6,28.5,28.8,28.8,28.7
220,29.3,29.2,29.1,29.2,29.3,29.4,29.2,29.2,29.2,29.3,29.2,29.4,29.3,29.2,29.2,29.4,29.4,29.4,29.4,29.4,29.5,29.4,29.4,29.5,29.5,29.5,29.4,29.5,29.6,29.8,29.6,29.8,29.7,29.7,29.7,29.7,29.8,29.8,29.8,29.8,29.8,29.9,29.9,29.9,29.9,30.0,30.0,30.0,30.1,30.1,30.0,30.2,30.2,30.1,30.3,30.2,30.4,30.0,30.2,30.3,30.3,30.4,30.2,30.2,30.2,30.5,30.4,30.5,30.3,30.3,30.3,30.3,30.3,30.4,30.3,30.4,30.2,30.4,30.4,30.8,30.8,30.9,30.9,31.0,31.2,31.2,31.3,31.1,31.1,31.1,31.2,31.2,31.1,31.2,31.1,31.2,31.3,31.1,31.2,31.2,31.2,31.0,31.1,31.1,31.1,31.1,31.0,30.4,30.3,30.0,29.9,29.8,29.6,29.7,29.7,29.8,29.6,29.7,29.6,29.7,29.4,29.8,29.4,29.5,29.7,29.3,29.6,29.5,29.5,29.5,29.6,29.5,29.4,29.5,29.3,29.2,29.3,29.4,29.4,29.2,29.2,29.2,29.3,29.4,29.3,29.2,29.2,29.3,29.2,29.2,29.0,29.2,29.0,29.0,28.9,28.9,29.0,28.9,28.9,28.8,28.9,28.9,29.0,28.6,29.0,28.9,28.9,28.8,28.8,28.8,28.8,28.8,28.8,28.7,28.6,28.6,28.8,28.8,28.7,28.7,28.6,28.6,28.6,28.5,28.6,28.6,28.6,28.5,28.5,28.6,28.6,28.6
221,29.2,29.3,29.2,29.2,29.2,29.3,29.3,29.3,29.3,29.4,29.6,29.3,29.4,29.4,29.4,29.2,29.4,29.4,29.4,29.5,29.6,29.6,29.6,29.4,29.5,29.4,29.5,29.5,29.4,29.7,29.7,29.5,29.6,29.8,29.8,29.7,29.7,29.6,29.8,30.0,29.8,29.8,29.7,29.9,29.9,29.9,30.2,30.1,30.0,30.1,30.0,30.0,30.0,30.2,30.1,30.3,30.3,30.3,30.3,30.2,30.3,30.2,30.4,30.2,30.4,30.3,30.3,30.3,30.2,30.4,30.3,30.3,30.2,30.3,30.2,30.3,30.3,30.4,30.5,30.8,30.8,31.0,31.0,31.0,31.1,31.2,31.3,31.2,31.2,31.1,31.1,31.2,31.2,31.2,31.2,31.2,31.1,31.2,31.1,31.1,31.1,31.2,31.0,31.1,31.1,31.2,30.9,30.4,30.2,29.9,29.9,29.8,29.4,29.6,29.5,29.7,29.5,29.7,29.6,29.6,29.4,29.6,29.6,29.4,29.5,29.5,29.5,29.5,29.3,29.4,29.3,29.3,29.4,29.4,29.4,29.4,29.3,29.2,29.3,29.2,29.2,29.1,29.2,29.3,29.1,29.1,29.2,29.0,29.1,29.2,29.1,29.0,28.9,29.0,28.9,28.9,28.9,29.0,28.8,28.9,28.9,28.7,28.7,28.8,28.8,28.9,28.8,28.8,28.8,28.6,28.8,28.8,28.9,28.8,28.8,28.8,28.8,28.8,28.6,28.8,28.7,28.5,28.6,28.6,28.6,28.6,28.6,29.0,28.6,28.6,28.5,28.6
222,29.3,29.3,29.2,29.3,29.4,29.2,29.3,29.3,29.3,29.4,29.4,29.3,29.4,29.3,29.4,29.3,29.4,29.4,29.4,29.5,29.4,29.5,29.5,29.4,29.6,29.6,29.6,29.7,29.6,29.6,29.6,29.7,29.8,29.6,29.8,29.7,29.6,29.8,29.7,29.9,29.9,29.8,29.8,29.8,30.0,30.1,30.1,30.0,30.2,30.1,29.9,30.1,30.0,30.1,30.2,30.1,30.4,30.3,30.2,30.2,30.2,30.2,30.3,30.2,30.2,30.3,30.2,30.4,30.1,30.5,30.3,30.4,30.2,30.3,30.2,30.3,30.1,30.4,30.5,30.6,30.7,30.9,30.9,31.0,31.1,31.2,31.1,31.1,31.1,31.2,31.2,31.2,31.1,31.1,31.1,31.2,31.1,31.2,31.1,31.2,31.0,31.1,31.0,31.1,30.9,31.0,30.8,30.5,30.0,29.8,29.6,29.7,29.5,29.5,29.5,29.4,29.5,29.4,29.6,29.5,29.5,29.6,29.4,29.5,29.4,29.4,29.5,29.3,29.4,29.2,29.4,29.2,29.3,29.3,29.2,29.3,29.2,29.2,29.2,29.2,29.1,29.2,29.2,29.3,29.1,29.1,29.2,29.1,29.1,29.0,29.1,29.0,29.0,29.0,29.0,28.8,28.9,29.0,29.0,29.0,28.9,28.8,28.8,28.8,29.0,29.0,28.8,28.8,28.6,28.7,28.8,28.6,28.6,28.8,28.8,28.7,28.8,28.6,28.6,28.6,28.7,28.7,28.6,28.6,28.7,28.6,28.6,28.5,28.8,28.8,28.6,28.6
223,29.2,29.2,29.3,29.3,29.3,29.3,29.3,29.2,29.4,29.3,29.2,29.3,29.4,29.4,29.3,29.4,29.4,29.3,29.4,29.4,29.5,29.5,29.6,29.5,29.6,29.5,29.5,29.6,29.5,29.7,29.5,29.5,29.7,29.6,29.7,29.7,29.8,29.7,29.7,29.8,29.7,30.0,29.8,29.9,30.1,30.0,29.9,29.9,30.0,29.9,30.1,30.0,30.0,30.1,30.1,30.1,30.1,30.2,30.1,30.3,30.0,30.2,30.2,30.2,30.1,30.2,30.1,30.0,30.1,30.3,30.1,30.2,30.2,30.1,30.2,30.2,30.2,30.2,30.6,30.7,30.9,30.9,31.0,31.0,31.1,31.2,31.1,31.3,31.2,31.1,31.1,31.1,31.1,31.0,31.1,30.9,31.0,31.2,31.2,31.0,30.9,30.8,31.0,30.7,30.9,30.9,30.6,30.5,30.0,29.7,29.7,29.6,29.4,29.4,29.4,29.4,29.5,29.3,29.5,29.5,29.5,29.5,29.6,29.4,29.5,29.2,29.5,29.3,29.4,29.3,29.4,29.3,29.2,29.2,29.2,29.0,29.3,29.3,29.3,29.0,29.3,29.3,29.2,29.2,29.2,29.2,29.1,29.0,29.0,29.2,29.1,28.9,28.8,28.9,29.0,28.9,28.9,29.0,28.9,28.9,28.8,28.9,28.7,28.8,28.8,28.8,28.6,28.7,28.8,28.6,28.7,28.8,28.8,28.7,28.7,28.6,28.5,28.7,28.7,28.6,28.7,28.7,28.6,28.6,28.6,28.6,28.6,28.8,28.8,28.6,28.4,28.6
224,29.2,29.3,29.3,29.3,29.2,29.2,29.3,29.2,29.2,29.3,29.3,29.4,29.2,29.3,29.3,29.3,29.5,29.3,29.4,29.4,29.6,29.4,29.3,29.5,29.4,29.5,29.6,29.5,29.5,29.6,29.7,29.5,29.6,29.6,29.6,29.6,29.7,29.7,29.6,29.7,29.7,29.7,29.8,29.8,29.9,29.8,29.8,30.0,30.0,30.0,29.9,30.0,29.8,29.8,30.0,30.1,30.0,30.1,30.0,30.1,30.1,30.1,30.2,30.0,30.0,30.2,30.1,30.2,30.1,30.1,30.2,30.2,30.0,30.1,30.3,30.3,30.2,30.4,30.4,30.9,31.0,31.1,31.1,31.0,31.1,31.1,30.9,31.1,31.0,30.9,30.9,30.8,31.0,31.0,31.0,30.8,31.0,30.8,30.8,30.8,30.8,30.8,30.9,30.7,30.8,30.6,30.5,30.4,30.0,29.6,29.6,29.5,29.4,29.5,29.5,29.5,29.4,29.2,29.4,29.4,29.5,29.4,29.4,29.2,29.3,29.5,29.4,29.2,29.3,29.2,29.2,29.3,29.1,29.2,29.2,29.1,29.2,29.3,29.1,29.3,29.2,29.1,29.2,29.2,29.0,29.1,29.0,28.9,29.1,28.9,29.0,29.0,28.9,28.9,29.1,28.9,29.0,28.9,28.8,29.0,28.9,28.8,28.8,28.8,28.7,28.8,28.8,28.8,28.7,28.7,28.8,28.8,28.8,28.8,28.8,28.8,28.9,28.7,28.6,28.8,28.6,28.8,28.6,28.7,28.7,28.7,28.8,28.6,28.8,28.7,28.6,28.6
225,29.3,29.2,29.2,29.2,29.2,29.3,29.2,29.2,29.3,29.3,29.2,29.3,29.3,29.3,29.5,29.4,29.4,29.4,29.4,29.2,29.3,29.4,29.5,29.3,29.6,29.5,29.5,29.4,29.6,29.6,29.4,29.6,29.6,29.7,29.5,29.6,29.8,29.8,29.8,29.7,29.7,29.9,29.6,29.7,29.9,29.9,29.8,30.0,29.8,30.0,29.8,29.9,30.1,30.0,29.8,30.0,30.0,30.0,30.2,30.1,30.1,30.0,30.0,30.0,30.0,30.0,29.9,30.2,30.0,30.1,30.3,30.2,30.1,30.1,30.0,30.0,30.3,30.3,30.6,31.0,31.0,31.1,31.1,30.9,31.2,31.2,31.0,31.1,31.0,30.9,30.9,31.1,30.9,30.8,30.7,30.9,30.8,30.8,30.9,30.9,30.7,30.7,30.8,30.7,30.7,30.6,30.6,30.3,30.2,29.7,29.6,29.4,29.4,29.4,29.4,29.4,29.3,29.4,29.3,29.4,29.4,29.4,29.3,29.3,29.1,29.4,29.4,29.2,29.3,29.2,29.2,29.3,29.3,29.2,29.1,29.2,29.0,28.9,29.2,29.1,29.2,29.1,29.2,29.1,29.0,29.1,29.1,29.0,29.0,29.0,29.1,29.0,29.0,28.9,28.8,28.9,28.9,28.9,28.9,28.9,29.0,28.8,28.7,28.9,28.8,28.8,28.8,28.6,28.7,28.8,28.5,28.7,28.6,28.7,28.6,28.6,28.7,28.8,28.6,28.7,28.8,28.8,28.7,28.5,28.8,28.6,28.6,28.6,28.8,28.5,28.5,28.5
226,29.3,29.4,29.2,29.2,29.3,29.4,29.3,29.1,29.3,29.1,29.2,29.3,29.2,29.2,29.3,29.1,29.3,29.4,29.2,29.4,29.4,29.5,29.6,29.4,29.4,29.6,29.4,29.6,29.4,29.6,29.5,29.4,29.5,29.7,29.5,29.8,29.4,29.8,29.8,29.8,29.8,29.6,29.7,29.7,30.0,29.8,30.0,29.8,29.8,29.9,30.0,30.0,29.8,30.0,30.1,29.9,29.9,30.1,30.0,30.0,30.0,30.1,30.1,30.0,30.1,29.9,30.0,30.1,30.0,30.0,30.1,30.0,30.1,30.1,30.1,30.0,30.0,30.2,30.7,31.0,31.0,31.2,31.1,30.9,31.0,30.9,31.0,30.9,30.9,30.9,31.0,31.0,30.9,30.8,31.0,30.7,30.7,30.7,30.7,30.7,30.8,30.7,30.7,30.6,30.6,30.5,30.3,30.3,29.8,29.7,29.5,29.4,29.4,29.4,29.5,29.4,29.3,29.4,29.4,29.3,29.4,29.4,29.3,29.3,29.2,29.2,29.4,29.3,29.3,29.2,29.1,29.2,29.3,29.2,29.0,29.2,29.0,29.3,29.1,29.2,29.1,28.9,29.0,29.0,29.0,29.1,29.0,29.1,28.9,29.1,29.0,29.0,28.9,29.0,29.0,28.9,28.8,28.9,28.8,29.0,28.9,28.8,28.8,28.7,28.9,28.9,28.9,28.6,28.8,28.8,28.8,28.7,28.7,28.8,28.7,28.6,28.7,28.6,28.8,28.6,28.8,28.7,28.6,28.6,28.6,28.6,28.4,28.7,28.4,28.6,28.6,28.5
227,29.2,29.2,29.0,29.2,29.4,29.3,29.0,29.3,29.2,29.4,29.4,29.2,29.3,29.3,29.3,29.3,29.3,29.5,29.4,29.4,29.3,29.4,29.4,29.4,29.5,29.5,29.5,29.3,29.4,29.5,29.6,29.5,29.7,29.4,29.7,29.6,29.6,29.6,29.6,29.7,29.8,29.9,29.7,29.6,29.7,29.8,29.8,29.9,29.9,29.9,29.8,29.9,30.1,30.0,29.9,29.8,29.9,29.8,30.0,30.0,30.0,30.0,30.1,29.9,30.0,30.0,30.0,29.9,30.0,30.1,29.9,29.9,29.9,30.0,30.0,30.0,30.1,30.3,30.5,31.1,31.0,31.2,31.0,30.9,31.0,30.9,30.7,30.9,30.8,30.8,30.8,30.8,30.8,30.6,30.8,30.6,30.7,30.7,30.7,30.7,30.6,30.6,30.6,30.5,30.5,30.4,30.3,30.0,29.7,29.5,29.4,29.3,29.3,29.3,29.2,29.3,29.3,29.4,29.3,29.4,29.2,29.3,29.4,29.2,29.2,29.2,29.2,29.4,29.2,29.1,29.0,29.2,29.1,29.2,29.2,29.2,29.1,29.2,29.1,29.0,29.2,29.1,29.1,28.9,29.0,29.2,29.0,29.0,28.9,29.0,29.0,29.0,29.1,29.1,29.0,28.9,29.0,28.9,28.9,28.8,28.8,28.8,28.8,28.9,28.8,28.8,28.8,28.8,28.8,28.8,28.6,28.6,28.7,28.5,28.6,28.8,28.6,28.8,28.6,28.7,28.6,28.7,28.6,28.5,28.6,28.5,28.7,28.4,28.6,28.6,28.6,28.7
228,29.1,29.2,29.1,29.4,29.2,29.1,29.2,29.2,29.2,29.1,29.3,29.3,29.1,29.2,29.3,29.4,29.2,29.3,29.3,29.3,29.3,29.4,29.4,29.3,29.4,29.4,29.4,29.4,29.4,29.4,29.5,29.6,29.5,29.5,29.6,29.6,29.5,29.5,29.7,29.6,29.6,29.6,29.7,29.7,29.6,29.7,29.7,29.7,29.8,29.8,29.7,29.8,29.9,29.8,30.0,29.8,29.9,29.8,30.0,29.8,29.9,30.0,29.9,29.8,29.9,30.0,29.9,29.9,29.8,29.7,29.8,29.9,30.0,29.9,30.0,30.0,29.9,30.2,30.9,31.0,31.0,30.9,31.0,30.8,30.9,30.9,30.6,30.8,30.7,30.6,30.7,30.5,30.7,30.5,30.6,30.5,30.5,30.5,30.6,30.4,30.5,30.4,30.4,30.4,30.4,30.2,30.0,30.0,29.6,29.5,29.4,29.4,29.4,29.1,29.2,29.2,29.3,29.3,29.2,29.2,29.3,29.1,29.2,29.1,29.0,29.2,29.1,29.2,29.0,29.2,28.9,29.2,29.1,29.2,29.0,29.3,29.0,29.0,29.1,29.0,29.1,29.0,29.0,29.0,29.0,28.8,29.0,29.1,29.0,28.8,28.9,28.8,28.8,28.9,28.8,28.9,28.9,28.8,28.8,28.8,28.7,28.8,28.8,28.7,28.8,28.9,28.6,28.7,28.5,28.7,28.5,28.6,28.5,28.7,28.5,28.7,28.7,28.5,28.6,28.5,28.6,28.6,28.5,28.5,28.7,28.5,28.6,28.8,28.7,28.5,28.6,28.5
229,29.0,29.2,29.0,29.2,29.2,29.2,29.0,29.2,29.2,29.1,29.3,29.1,29.4,29.2,29.4,29.2,29.1,29.3,29.4,29.3,29.3,29.3,29.4,29.3,29.5,29.4,29.2,29.4,29.5,29.5,29.4,29.4,29.7,29.4,29.5,29.6,29.6,29.6,29.6,29.6,29.7,29.6,29.6,29.5,29.7,29.7,29.8,29.7,29.7,29.8,29.7,29.7,29.8,29.8,29.6,29.8,29.9,29.8,29.8,30.0,29.9,29.8,29.9,29.8,29.6,29.9,29.8,29.9,29.7,30.0,29.9,29.8,30.0,30.0,29.9,29.9,30.1,30.4,30.7,31.0,31.1,31.1,30.9,30.8,30.6,30.7,30.7,30.5,30.6,30.6,30.6,30.4,30.6,30.4,30.6,30.6,30.5,30.5,30.3,30.6,30.3,30.3,30.2,30.2,30.3,30.1,30.1,29.9,29.6,29.4,29.4,29.3,29.3,29.2,29.2,29.2,29.1,29.3,29.4,29.3,29.2,29.1,29.2,29.2,29.0,29.1,29.2,29.0,29.1,29.0,29.1,29.0,29.0,29.2,29.1,28.9,29.1,28.9,29.2,29.0,29.0,28.9,29.0,29.0,29.0,29.0,28.9,28.8,28.9,29.0,28.9,29.0,28.7,29.0,28.9,28.8,28.7,28.8,28.7,28.8,28.8,28.7,28.8,28.8,28.9,28.9,28.6,28.7,28.7,28.7,28.8,28.8,28.8,28.8,28.6,28.6,28.6,28.9,28.6,28.5,28.4,28.4,28.5,28.4,28.5,28.5,28.6,28.6,28.5,28.5,28.6,28.4
230,29.0,29.0,29.2,29.2,29.2,29.3,29.1,29.2,29.2,29.1,29.2,29.1,29.0,29.3,29.1,29.2,29.2,29.4,29.3,29.3,29.3,29.4,29.2,29.2,29.6,29.4,29.5,29.2,29.3,29.6,29.4,29.3,29.3,29.5,29.4,29.4,29.5,29.5,29.5,29.6,29.6,29.7,29.6,29.6,29.7,29.7,29.6,29.7,29.6,29.5,29.8,29.8,29.8,29.7,29.8,29.9,29.8,29.7,29.7,29.8,29.7,29.9,29.6,29.6,29.8,29.8,29.7,29.8,29.5,30.0,30.0,29.8,29.9,29.6,29.9,29.9,29.9,30.1,30.6,30.9,31.1,31.0,30.9,30.8,30.6,30.5,30.5,30.6,30.5,30.4,30.6,30.5,30.5,30.3,30.4,30.3,30.4,30.3,30.2,30.3,30.3,30.2,30.1,30.1,30.1,30.2,30.0,29.8,29.5,29.2,29.2,29.2,29.1,29.3,29.2,29.1,29.0,29.1,29.0,29.1,29.2,29.0,29.2,29.1,29.1,29.1,29.0,29.1,29.0,29.0,28.9,29.1,28.8,29.0,29.0,29.0,28.8,29.0,29.0,28.9,28.9,28.9,28.9,28.9,28.8,28.9,28.8,28.9,28.9,28.9,28.8,28.8,28.8,28.8,28.8,28.7,28.8,28.7,28.6,28.6,28.7,28.6,28.7,28.8,28.7,28.6,28.6,28.7,28.6,28.6,28.6,28.8,28.5,28.6,28.4,28.5,28.6,28.6,28.6,28.6,28.8,28.5,28.6,28.5,28.5,28.4,28.4,28.5,28.5,28.6,28.5,28.6
231,29.1,29.2,28.9,29.3,29.1,29.1,29.1,29.0,29.0,29.2,29.2,29.1,29.2,29.2,29.1,29.2,29.2,29.2,29.3,29.3,29.3,29.2,29.2,29.2,29.3,29.3,29.4,29.4,29.2,29.3,29.4,29.4,29.4,29.4,29.5,29.3,29.3,29.5,29.5,29.6,29.3,29.7,29.5,29.5,29.4,29.5,29.6,29.7,29.6,29.6,29.7,29.7,29.7,29.6,29.6,29.5,29.7,29.6,29.8,29.9,29.8,29.8,29.7,29.7,29.7,29.6,29.8,29.8,29.8,29.7,29.8,29.9,29.7,29.8,29.7,29.8,29.8,29.9,30.6,30.9,30.9,30.9,30.8,30.8,30.6,30.5,30.5,30.6,30.4,30.6,30.5,30.6,30.4,30.4,30.4,30.3,30.2,30.3,30.2,30.3,30.3,30.1,29.9,30.0,30.0,30.0,29.9,29.7,29.2,29.2,29.2,29.1,29.0,29.1,29.0,29.1,29.1,29.1,29.0,29.1,29.0,29.1,28.9,29.0,28.9,28.9,29.1,29.0,29.0,29.0,29.0,29.0,29.0,29.0,29.0,28.9,29.0,29.0,29.0,28.9,29.0,29.0,28.8,28.9,28.8,28.9,28.9,28.9,28.8,28.8,28.8,28.7,28.8,28.8,28.8,28.7,28.6,28.8,28.7,28.9,28.8,28.6,28.8,28.6,28.6,28.7,28.6,28.6,28.5,28.7,28.6,28.6,28.6,28.7,28.5,28.7,28.5,28.6,28.6,28.6,28.4,28.6,28.4,28.5,28.6,28.5,28.6,28.6,28.3,28.5,28.3,28.4
232,29.0,29.2,29.2,29.1,29.1,29.2,29.0,29.0,29.2,29.2,29.2,29.2,29.2,29.4,29.4,29.2,29.1,29.2,29.1,29.2,29.2,29.2,29.4,29.2,29.3,29.3,29.2,29.4,29.4,29.4,29.4,29.2,29.4,29.4,29.4,29.4,29.6,29.3,29.4,29.6,29.4,29.4,29.5,29.4,29.8,29.6,29.6,29.6,29.5,29.7,29.8,29.6,29.6,29.8,29.6,29.6,29.6,29.7,29.6,29.8,29.6,29.8,29.8,29.7,29.7,29.8,29.7,29.7,29.6,29.7,29.7,29.8,29.8,29.7,29.8,29.8,29.8,30.0,30.6,30.8,31.0,30.9,31.1,30.7,30.8,30.6,30.7,30.5,30.4,30.4,30.5,30.4,30.4,30.4,30.2,30.3,30.2,30.1,30.1,30.3,30.2,30.1,30.0,30.1,29.9,29.9,29.9,29.5,29.4,29.2,29.1,29.2,29.0,29.0,29.2,29.0,29.2,29.0,29.0,29.0,28.9,29.0,29.0,29.0,29.0,29.0,28.9,29.1,28.9,29.0,29.1,29.0,29.0,29.0,29.0,29.0,29.0,29.0,29.0,28.9,28.9,28.9,29.0,28.8,28.8,28.9,28.7,28.9,28.8,28.8,28.8,28.8,28.8,28.7,28.8,28.6,28.6,28.9,28.8,28.8,28.8,28.6,28.7,28.6,28.6,28.5,28.7,28.8,28.7,28.5,28.7,28.8,28.6,28.7,28.6,28.7,28.6,28.5,28.7,28.5,28.4,28.7,28.5,28.5,28.8,28.6,28.5,28.7,28.6,28.4,28.4,28.4
233,29.0,29.2,29.2,29.1,29.2,29.1,29.1,29.1,29.2,29.0,29.0,29.1,29.2,29.3,29.3,29.0,29.1,29.4,29.3,29.2,29.1,29.3,29.3,29.2,29.3,29.3,29.2,29.2,29.4,29.3,29.3,29.4,29.4,29.3,29.5,29.5,29.4,29.6,29.4,29.5,29.5,29.6,29.5,29.5,29.7,29.7,29.7,29.5,29.6,29.6,29.5,29.7,29.7,29.5,29.6,29.7,29.6,29.6,29.7,29.6,29.9,29.8,29.8,29.7,29.7,29.6,29.5,29.9,29.6,29.7,29.7,29.6,29.7,29.5,29.8,29.9,29.9,30.2,30.6,30.8,30.9,30.9,30.6,30.9,30.7,30.7,30.7,30.7,30.6,30.6,30.4,30.5,30.4,30.4,30.5,30.5,30.2,30.4,30.2,30.1,30.2,30.3,30.0,30.0,29.9,30.0,29.9,29.5,29.3,29.1,29.2,29.1,29.0,29.0,29.2,29.0,28.9,29.2,29.0,29.0,29.0,29.1,28.9,29.0,29.1,28.8,28.9,29.0,28.9,29.1,29.0,29.0,28.9,29.0,29.0,28.9,28.8,29.0,29.0,29.0,29.0,28.9,28.8,28.9,28.8,28.9,28.9,28.8,29.0,28.9,28.8,29.0,28.8,28.8,28.8,28.7,28.8,28.8,28.6,28.7,28.8,28.4,28.8,28.6,28.7,28.6,28.7,28.6,28.7,28.5,28.7,28.7,28.7,28.5,28.6,28.5,28.5,28.6,28.6,28.6,28.5,28.6,28.6,28.6,28.6,28.7,28.5,28.5,28.6,28.6,28.6,28.6
234,29.2,29.1,29.0,29.2,29.1,29.3,29.0,29.1,29.2,29.1,29.2,29.2,29.2,29.2,29.2,29.1,29.1,29.2,29.1,29.1,29.1,29.2,29.2,29.2,29.3,29.3,29.2,29.3,29.2,29.2,29.2,29.3,29.3,29.3,29.3,29.3,29.4,29.4,29.3,29.4,29.5,29.6,29.4,29.4,29.4,29.5,29.5,29.6,29.5,29.5,29.5,29.6,29.5,29.8,29.6,29.5,29.5,29.7,29.3,29.7,29.5,29.4,29.5,29.8,29.7,29.5,29.5,29.6,29.7,29.7,29.6,29.5,29.4,29.8,29.4,29.8,29.7,29.9,30.4,30.7,30.8,30.8,30.7,30.7,30.7,30.8,30.7,30.7,30.6,30.6,30.4,30.7,30.4,30.3,30.6,30.4,30.4,30.5,30.2,30.2,30.1,30.3,30.2,30.1,29.9,29.9,29.8,29.5,29.4,29.0,29.1,29.1,29.0,28.8,29.0,28.9,29.1,29.0,29.1,28.9,29.0,28.9,28.8,28.9,28.8,29.0,29.1,28.9,29.1,28.8,28.8,28.8,29.0,28.9,28.8,28.9,28.8,29.0,28.7,28.9,28.8,28.8,28.9,29.0,29.0,28.9,28.8,28.8,28.8,28.8,28.6,28.6,28.8,28.8,28.8,28.6,28.7,28.6,28.7,28.6,28.6,28.7,28.7,28.7,28.5,28.7,28.6,28.6,28.8,28.5,28.5,28.5,28.5,28.5,28.4,28.6,28.6,28.5,28.4,28.4,28.6,28.6,28.4,28.6,28.3,28.6,28.4,28.4,28.5,28.4,28.5,28.4
235,29.2,29.0,29.2,29.2,29.2,29.1,29.0,29.0,29.1,29.2,29.2,29.1,29.2,29.2,29.0,29.0,29.2,29.4,29.2,29.2,29.3,29.3,29.2,29.3,29.2,29.4,29.3,29.2,29.4,29.4,29.3,29.2,29.4,29.3,29.4,29.4,29.3,29.3,29.4,29.3,29.4,29.4,29.5,29.3,29.4,29.5,29.4,29.5,29.4,29.6,29.4,29.5,29.5,29.4,29.4,29.7,29.6,29.6,29.5,29.6,29.6,29.7,29.6,29.6,29.6,29.7,29.5,29.7,29.6,29.4,29.5,29.6,29.6,29.7,29.6,29.8,29.7,30.0,30.5,30.9,30.9,30.9,30.8,30.7,30.6,30.6,30.6,30.7,30.4,30.5,30.6,30.8,30.5,30.4,30.5,30.4,30.3,30.1,30.5,30.1,30.3,30.2,30.1,30.0,29.8,29.8,29.6,29.3,29.1,29.1,29.1,29.1,28.9,29.1,29.0,28.8,29.0,29.1,28.9,29.1,28.9,28.9,28.9,29.0,28.9,29.0,28.8,28.8,28.9,28.9,28.8,28.9,28.8,28.8,28.8,28.9,28.8,28.6,28.8,28.8,28.9,28.9,28.8,28.8,28.8,28.8,29.0,28.6,28.7,28.8,28.8,28.7,28.7,28.8,28.7,28.5,28.8,28.6,28.7,28.6,28.6,28.5,28.6,28.7,28.7,28.6,28.4,28.5,28.6,28.5,28.6,28.6,28.6,28.6,28.6,28.5,28.5,28.4,28.5,28.4,28.6,28.6,28.5,28.6,28.6,28.4,28.5,28.5,28.5,28.4,28.5,28.4
236,29.0,29.1,29.0,29.1,29.2,28.9,29.1,29.1,29.2,29.0,29.2,29.1,29.2,29.0,29.3,29.2,29.2,29.1,29.2,29.3,29.1,28.9,29.2,29.2,29.2,29.2,29.1,29.2,29.2,29.2,29.3,29.2,29.3,29.4,29.2,29.4,29.3,29.5,29.2,29.6,29.3,29.4,29.5,29.3,29.4,29.4,29.5,29.4,29.5,29.4,29.6,29.4,29.4,29.4,29.6,29.5,29.5,29.6,29.5,29.6,29.6,29.4,29.5,29.6,29.6,29.5,29.6,29.6,29.6,29.5,29.6,29.4,29.6,29.6,29.5,29.6,29.7,30.0,30.4,30.8,30.6,31.0,30.9,30.7,30.6,30.7,30.8,30.6,30.6,30.5,30.6,30.6,30.6,30.6,30.4,30.5,30.3,30.2,30.3,30.2,30.2,30.0,30.0,30.1,29.8,29.7,29.4,29.4,29.1,28.9,29.1,29.1,29.0,28.9,29.0,28.9,28.9,29.0,28.9,28.9,29.0,28.9,29.0,28.9,28.8,28.9,28.9,28.7,28.7,28.8,28.8,28.9,28.8,28.7,28.9,28.8,28.6,28.8,28.9,28.7,28.8,28.6,28.8,28.8,28.8,28.8,28.7,28.8,28.8,28.9,28.8,28.7,28.6,28.8,28.6,28.6,28.7,28.7,28.6,28.6,28.7,28.6,28.6,28.5,28.5,28.6,28.4,28.6,28.6,28.5,28.6,28.4,28.6,28.5,28.6,28.6,28.5,28.4,28.5,28.5,28.6,28.6,28.5,28.6,28.4,28.6,28.4,28.6,28.5,28.4,28.5,28.4
237,29.2,29.2,29.1,29.1,29.0,29.2,29.2,29.0,29.2,29.0,29.1,29.2,29.0,29.2,29.2,29.2,29.1,29.1,29.0,29.3,29.1,29.2,29.3,29.2,29.3,29.3,29.2,29.3,29.2,29.2,29.2,29.2,29.2,29.5,29.2,29.2,29.4,29.4,29.4,29.4,29.4,29.4,29.5,29.4,29.4,29.5,29.5,29.4,29.5,29.5,29.3,29.5,29.4,29.4,29.4,29.6,29.5,29.7,29.3,29.5,29.5,29.5,29.5,29.5,29.5,29.5,29.4,29.6,29.5,29.5,29.6,29.5,29.5,29.4,29.4,29.5,29.6,30.0,30.5,30.7,30.6,30.8,30.7,30.5,30.6,30.8,30.5,30.5,30.7,30.7,30.5,30.5,30.6,30.4,30.3,30.5,30.4,30.2,30.3,30.0,29.8,30.1,29.9,29.8,29.8,29.8,29.4,29.1,29.0,28.9,28.9,28.9,29.0,29.0,28.9,28.9,28.9,28.8,28.9,28.8,28.8,28.9,28.7,28.9,28.8,28.7,28.9,28.8,29.0,28.8,28.9,28.8,28.8,28.9,28.7,28.7,28.8,28.9,28.8,28.8,28.7,28.7,28.9,28.8,28.8,28.8,28.7,28.7,28.6,28.6,28.7,28.7,28.8,28.6,28.6,28.6,28.5,28.7,28.8,28.7,28.8,28.6,28.6,28.5,28.6,28.6,28.5,28.8,28.6,28.4,28.6,28.6,28.5,28.6,28.5,28.6,28.4,28.5,28.5,28.4,28.6,28.5,28.5,28.6,28.4,28.5,28.4,28.5,28.6,28.4,28.4,28.5
238,29.1,28.9,29.0,29.3,29.1,29.0,29.0,29.0,29.0,29.0,29.1,29.0,29.2,29.0,29.0,29.0,29.0,29.2,29.0,29.2,29.1,29.1,29.2,29.2,29.2,29.2,29.1,29.1,29.3,29.3,29.1,29.3,29.3,29.3,29.2,29.4,29.3,29.2,29.3,29.4,29.3,29.4,29.3,29.4,29.4,29.4,29.2,29.3,29.4,29.2,29.5,29.5,29.6,29.4,29.4,29.5,29.5,29.5,29.4,29.4,29.3,29.3,29.6,29.4,29.5,29.5,29.3,29.4,29.4,29.6,29.5,29.5,29.5,29.4,29.2,29.4,29.6,30.0,30.4,30.5,30.4,30.7,30.4,30.6,30.6,30.5,30.6,30.5,30.5,30.3,30.5,30.5,30.3,30.3,30.5,30.2,30.3,30.3,30.1,30.1,30.1,30.0,30.0,29.8,29.7,29.9,29.4,29.1,28.9,28.8,29.1,28.8,28.8,28.7,28.9,28.8,28.9,29.0,28.8,28.9,28.8,28.9,28.8,28.8,29.0,28.6,29.0,28.7,28.7,28.9,28.8,28.8,28.7,28.6,28.8,28.8,28.6,28.8,28.6,28.8,28.8,28.7,28.7,28.6,28.7,28.7,28.8,28.8,28.6,28.6,28.6,28.8,28.6,28.9,28.6,28.6,28.6,28.4,28.8,28.6,28.6,28.6,28.5,28.6,28.6,28.4,28.6,28.5,28.4,28.5,28.5,28.4,28.5,28.4,28.6,28.5,28.5,28.6,28.4,28.6,28.6,28.5,28.4,28.4,28.4,28.5,28.5,28.6,28.4,28.6,28.3,28.6
239,29.1,29.1,29.0,29.1,29.0,29.0,28.9,29.1,29.1,29.1,29.0,29.0,29.2,29.1,29.1,29.1,29.0,29.2,29.2,29.2,29.2,29.2,29.1,29.2,29.1,29.3,29.3,29.3,29.1,29.1,29.2,29.3,29.4,29.4,29.2,29.2,29.4,29.3,29.3,29.4,29.4,29.3,29.3,29.4,29.4,29.5,29.4,29.4,29.4,29.5,29.3,29.3,29.4,29.5,29.5,29.4,29.3,29.4,29.4,29.4,29.5,29.6,29.4,29.4,29.4,29.4,29.5,29.4,29.3,29.5,29.3,29.4,29.4,29.4,29.4,29.4,29.6,30.0,30.3,30.6,30.6,30.6,30.7,30.6,30.6,30.6,30.5,30.4,30.6,30.3,30.4,30.5,30.4,30.3,30.4,30.2,30.2,30.2,30.1,30.0,30.1,29.9,29.8,29.8,29.6,29.6,29.4,29.2,28.8,29.0,29.0,29.0,28.7,29.0,28.9,29.0,28.8,28.9,28.8,28.8,28.8,28.9,29.0,28.8,28.7,28.6,28.8,28.9,28.9,28.6,28.6,28.8,28.8,28.7,28.6,28.7,28.7,28.7,28.8,28.8,28.6,28.6,28.7,28.6,28.7,28.9,28.5,28.8,28.7,28.7,28.7,28.7,28.6,28.7,28.7,28.6,28.4,28.6,28.8,28.6,28.7,28.7,28.5,28.5,28.5,28.5,28.4,28.6,28.6,28.5,28.7,28.5,28.4,28.5,28.4,28.5,28.4,28.5,28.5,28.6,28.4,28.4,28.4,28.4,28.5,28.4,28.5,28.5,28.6,28.3,28.5,28.4
240,29.0,29.1,29.0,28.9,29.1,29.1,29.1,29.1,29.1,29.3,29.1,29.1,29.0,29.2,29.2,29.0,29.2,29.2,29.0,29.2,29.1,29.0,29.0,29.1,29.1,29.1,29.3,29.2,29.2,29.4,29.3,29.1,29.2,29.2,29.4,29.3,29.2,29.3,29.3,29.4,29.4,29.4,29.2,29.4,29.2,29.4,29.4,29.0,29.2,29.2,29.3,29.3,29.4,29.4,29.5,29.3,29.4,29.3,29.1,29.3,29.4,29.5,29.4,29.4,29.3,29.4,29.4,29.4,29.4,29.2,29.4,29.3,29.4,29.4,29.4,29.4,29.5,30.2,30.6,30.7,30.7,30.4,30.5,30.5,30.6,30.6,30.4,30.5,30.6,30.4,30.5,30.5,30.2,30.1,30.4,30.2,30.1,30.1,30.1,30.0,30.0,29.9,29.9,29.8,29.6,29.6,29.4,29.0,29.0,29.0,28.9,28.9,28.9,28.9,28.8,28.7,29.0,29.0,28.8,29.0,28.8,28.9,28.7,29.0,28.8,28.7,28.8,28.8,28.7,28.7,29.0,28.6,28.8,28.8,28.8,28.6,28.8,28.8,28.6,28.8,28.6,28.8,28.9,28.6,28.7,28.7,28.7,28.6,28.7,28.7,28.6,28.6,28.6,28.6,28.5,28.6,28.8,28.6,28.6,28.8,28.5,28.4,28.5,28.5,28.6,28.6,28.6,28.6,28.6,28.5,28.6,28.5,28.6,28.5,28.4,28.5,28.6,28.6,28.5,28.4,28.4,28.5,28.5,28.5,28.4,28.3,28.6,28.3,28.4,28.4,28.5,28.4
241,28.9,29.1,28.8,29.1,29.0,29.1,29.0,29.2,29.2,29.1,28.9,28.9,29.1,29.1,29.2,29.1,29.1,29.1,29.2,29.0,29.0,29.0,29.2,29.2,29.0,29.2,29.1,29.2,29.3,29.2,29.2,29.1,29.3,29.3,29.2,29.3,29.4,29.2,29.4,29.3,29.3,29.2,29.3,29.2,29.3,29.4,29.4,29.4,29.4,29.4,29.3,29.2,29.3,29.4,29.2,29.3,29.4,29.4,29.4,29.4,29.3,29.3,29.4,29.4,29.4,29.4,29.5,29.2,29.2,29.2,29.3,29.4,29.4,29.4,29.2,29.4,29.4,29.9,30.4,30.4,30.4,30.6,30.6,30.5,30.6,30.5,30.3,30.4,30.3,30.4,30.3,30.2,30.3,30.1,30.2,30.3,30.1,30.1,30.0,29.9,29.8,29.8,29.7,29.6,29.4,29.5,29.2,29.0,28.9,28.9,28.8,28.8,28.8,28.7,28.9,28.8,28.8,28.7,29.0,28.8,28.8,28.8,28.7,28.6,28.8,28.6,28.8,28.9,28.8,28.6,28.6,28.5,28.8,28.9,28.6,28.6,28.6,28.6,28.8,28.8,28.6,28.7,28.7,28.7,28.6,28.5,28.6,28.7,28.7,28.6,28.7,28.7,28.6,28.5,28.6,28.6,28.5,28.7,28.6,28.6,28.5,28.5,28.6,28.6,28.6,28.5,28.6,28.6,28.5,28.5,28.6,28.4,28.5,28.6,28.6,28.4,28.4,28.6,28.7,28.4,28.4,28.5,28.5,28.4,28.5,28.5,28.5,28.5,28.5,28.5,28.4,28.4
242,28.9,29.1,29.0,29.0,28.9,28.9,28.8,29.1,29.1,29.1,29.1,29.2,29.1,29.0,29.0,29.1,29.0,29.0,29.1,29.2,29.1,29.1,29.1,29.1,29.2,29.1,29.2,29.3,29.1,29.2,29.2,29.1,29.2,29.2,29.2,29.2,29.0,29.3,29.3,29.2,29.2,29.3,29.2,29.2,29.4,29.4,29.2,29.2,29.4,29.3,29.2,29.3,29.3,29.3,29.4,29.4,29.3,29.3,29.3,29.3,29.4,29.3,29.4,29.4,29.2,29.3,29.3,29.2,29.2,29.1,29.2,29.3,29.3,29.4,29.2,29.3,29.4,29.9,30.2,30.4,30.2,30.4,30.4,30.5,30.4,30.5,30.3,30.4,30.3,30.2,30.3,30.3,30.2,30.2,30.0,30.1,30.0,29.8,30.0,29.9,29.8,29.7,29.6,29.8,29.5,29.4,29.1,29.2,28.8,28.7,28.9,28.8,28.8,28.8,28.8,28.8,28.8,28.7,28.8,28.8,28.7,28.6,28.8,28.6,28.8,28.7,28.6,28.7,28.7,28.8,28.7,28.6,28.8,28.8,28.6,28.8,28.6,28.9,28.7,28.6,28.5,28.9,28.5,28.6,28.7,28.6,28.5,28.7,28.6,28.6,28.5,28.8,28.6,28.5,28.5,28.5,28.6,28.6,28.6,28.4,28.6,28.6,28.4,28.5,28.5,28.4,28.4,28.4,28.6,28.4,28.6,28.4,28.4,28.4,28.3,28.6,28.4,28.4,28.4,28.4,28.4,28.4,28.4,28.4,28.4,28.4,28.3,28.3,28.6,28.6,28.5,28.5
243,29.0,29.0,29.2,29.1,29.1,29.1,29.1,28.9,29.1,28.9,28.9,29.1,28.8,29.0,29.0,29.1,29.1,29.1,28.9,29.1,29.2,29.2,29.2,29.2,29.1,29.2,29.1,29.1,29.2,29.2,29.2,29.0,29.3,29.1,29.2,29.3,29.2,29.2,29.4,29.3,29.2,29.2,29.1,29.2,29.3,29.3,29.2,29.3,29.3,29.2,29.2,29.2,29.2,29.2,29.3,29.3,29.3,29.2,29.3,29.3,29.3,29.3,29.3,29.3,29.3,29.3,29.2,29.3,29.3,29.4,29.3,29.2,29.2,29.2,29.4,29.4,29.4,29.8,30.2,30.4,30.4,30.4,30.4,30.4,30.2,30.4,30.3,30.2,30.2,30.3,30.3,30.2,30.2,30.0,30.0,30.0,30.0,29.8,29.9,29.8,29.8,29.6,29.6,29.4,29.4,29.2,29.1,28.9,28.8,28.8,28.9,28.9,28.8,28.9,28.9,28.7,28.9,28.8,28.7,28.8,28.6,28.6,28.8,28.7,28.7,28.6,28.8,28.7,28.6,28.6,28.8,28.6,28.9,28.6,28.6,28.6,28.6,28.6,28.6,28.7,28.6,28.6,28.7,28.5,28.7,28.7,28.5,28.5,28.8,28.8,28.5,28.5,28.6,28.5,28.5,28.6,28.5,28.5,28.5,28.5,28.6,28.6,28.6,28.3,28.6,28.6,28.5,28.5,28.5,28.4,28.5,28.3,28.7,28.5,28.4,28.6,28.5,28.6,28.4,28.4,28.5,28.5,28.2,28.4,28.3,28.4,28.4,28.4,28.5,28.4,28.5,28.5
244,29.0,29.1,28.9,29.1,29.1,29.0,29.0,28.8,29.0,29.0,28.9,29.0,29.1,29.0,29.1,29.0,29.0,29.2,29.1,29.0,29.1,29.0,29.1,29.0,29.1,29.0,29.0,29.1,29.1,29.1,29.0,29.2,29.2,29.2,29.2,29.1,29.1,29.2,29.1,29.0,29.0,29.2,29.2,29.3,29.2,29.3,29.2,29.1,29.2,29.3,29.2,29.4,29.3,29.2,29.3,29.2,29.4,29.3,29.2,29.1,29.3,29.1,29.3,29.3,29.2,29.2,29.2,29.3,29.2,29.2,29.1,29.3,29.2,29.2,29.1,29.3,29.2,29.5,29.7,30.1,30.1,30.2,30.4,30.4,30.2,30.2,30.2,30.4,30.1,30.1,30.2,30.0,30.0,29.9,30.0,29.8,29.8,29.7,29.7,29.7,29.7,29.6,29.5,29.5,29.4,29.2,29.1,28.9,28.7,28.8,28.8,28.6,28.7,28.7,28.7,28.7,28.9,28.8,28.6,28.8,28.6,28.8,28.8,28.8,28.7,28.6,28.7,28.6,28.6,28.5,28.6,28.8,28.5,28.6,28.6,28.6,28.4,28.6,28.5,28.6,28.6,28.5,28.8,28.4,28.6,28.5,28.6,28.7,28.6,28.6,28.5,28.6,28.5,28.5,28.6,28.5,28.5,28.4,28.5,28.4,28.4,28.6,28.5,28.5,28.5,28.6,28.4,28.5,28.5,28.5,28.6,28.6,28.5,28.5,28.4,28.6,28.3,28.4,28.4,28.4,28.6,28.5,28.4,28.4,28.4,28.5,28.5,28.4,28.4,28.6,28.4,28.4
245,29.0,29.1,28.8,29.0,29.0,28.9,29.0,29.0,28.9,29.0,28.9,29.0,29.1,29.0,29.2,29.1,29.0,29.2,29.2,29.1,29.0,29.0,29.1,29.0,29.1,29.0,29.0,29.2,29.2,29.2,29.1,29.2,29.2,29.2,29.1,29.3,29.2,29.2,29.2,29.2,29.2,29.2,29.1,29.2,29.2,29.2,29.3,29.3,29.2,29.3,29.2,29.2,29.1,29.2,29.2,29.2,29.3,29.3,29.3,29.2,29.2,29.2,29.2,29.2,29.2,29.2,29.3,29.2,29.1,29.2,29.2,29.3,29.2,29.3,29.2,29.2,29.3,29.5,29.7,29.8,30.0,30.1,30.1,30.1,30.2,30.2,30.2,30.1,30.2,30.2,30.1,30.0,30.0,30.0,29.8,29.9,29.9,29.8,29.7,29.7,29.4,29.5,29.4,29.4,29.2,29.2,29.0,28.8,28.8,28.8,28.9,28.9,28.6,28.6,28.8,28.8,28.8,28.7,28.6,28.5,28.7,28.8,28.7,28.5,28.7,28.6,28.8,28.6,28.7,28.6,28.7,28.8,28.8,28.5,28.8,28.8,28.8,28.8,28.6,28.5,28.5,28.6,28.6,28.5,28.6,28.6,28.4,28.6,28.7,28.6,28.6,28.6,28.6,28.5,28.5,28.6,28.5,28.5,28.5,28.8,28.5,28.5,28.5,28.5,28.6,28.5,28.6,28.3,28.4,28.4,28.4,28.4,28.6,28.5,28.4,28.5,28.4,28.4,28.4,28.4,28.4,28.6,28.4,28.4,28.4,28.3,28.4,28.3,28.6,28.3,28.4,28.3
246,29.0,29.0,29.0,29.1,28.8,29.0,28.8,29.0,28.8,28.9,29.0,29.0,29.0,29.1,29.0,29.0,29.2,29.1,29.0,29.0,29.0,29.0,29.0,29.1,29.2,28.9,29.1,29.1,29.2,29.0,29.2,29.1,29.2,29.2,29.2,29.0,29.1,29.3,29.1,29.3,29.2,29.3,29.0,29.2,29.2,29.1,29.2,29.3,29.2,29.3,29.3,29.1,29.3,29.0,29.2,29.3,29.3,29.2,29.2,29.1,29.2,29.2,29.1,29.2,29.3,29.2,29.1,29.2,29.0,29.1,29.2,29.2,29.1,29.2,29.2,29.2,29.1,29.3,29.6,29.7,29.8,29.8,30.1,29.9,30.0,30.2,30.1,30.1,30.1,30.1,30.0,30.0,29.9,29.8,29.8,29.8,29.8,29.8,29.8,29.6,29.5,29.4,29.3,29.1,29.2,29.1,28.8,28.8,28.8,28.8,28.7,28.8,28.7,28.8,28.7,28.6,28.6,28.7,28.6,28.7,28.5,28.6,28.6,28.6,28.5,28.5,28.6,28.5,28.6,28.6,28.6,28.5,28.6,28.6,28.6,28.7,28.6,28.5,28.4,28.3,28.5,28.5,28.6,28.5,28.5,28.6,28.6,28.5,28.6,28.6,28.5,28.6,28.4,28.6,28.4,28.4,28.6,28.6,28.6,28.5,28.5,28.4,28.6,28.3,28.6,28.5,28.5,28.6,28.5,28.6,28.6,28.4,28.4,28.3,28.3,28.3,28.3,28.6,28.5,28.3,28.5,28.4,28.3,28.3,28.5,28.5,28.4,28.4,28.4,28.5,28.4,28.3
247,28.8,28.8,29.1,28.8,29.0,28.8,28.9,29.0,28.8,28.9,28.9,29.0,28.9,29.0,28.9,29.0,28.9,28.9,29.0,29.0,28.9,29.0,28.9,28.9,29.0,28.9,29.2,29.2,29.1,29.0,29.0,29.1,29.1,29.0,29.0,29.0,29.1,29.2,29.2,29.2,29.0,29.2,29.1,29.1,29.0,29.2,29.3,29.2,29.1,29.2,29.1,29.2,29.2,29.1,29.1,29.2,29.1,29.2,29.1,29.3,29.0,29.1,29.0,29.3,29.2,29.1,29.1,29.2,29.1,29.0,29.1,29.0,29.2,29.0,29.0,29.1,29.1,29.2,29.1,29.4,29.4,29.4,29.5,29.5,29.6,30.0,30.0,30.1,29.8,30.1,30.1,29.9,30.0,29.6,29.7,29.7,29.6,29.3,29.3,29.4,29.3,29.4,29.2,29.1,29.0,28.8,28.8,28.8,28.8,28.6,28.7,28.5,28.6,28.5,28.7,28.7,28.7,28.6,28.7,28.8,28.6,28.7,28.6,28.5,28.4,28.4,28.6,28.6,28.4,28.5,28.4,28.6,28.5,28.5,28.4,28.5,28.5,28.6,28.6,28.5,28.4,28.5,28.5,28.5,28.4,28.5,28.6,28.5,28.5,28.6,28.4,28.4,28.5,28.5,28.5,28.5,28.4,28.5,28.5,28.2,28.4,28.4,28.4,28.4,28.3,28.4,28.3,28.4,28.4,28.3,28.5,28.3,28.4,28.3,28.3,28.4,28.3,28.3,28.3,28.3,28.4,28.4,28.2,28.3,28.3,28.4,28.2,28.2,28.4,28.4,28.3,28.2
248,29.0,29.2,29.0,29.0,29.0,29.0,29.0,29.0,28.9,29.0,29.0,28.9,28.9,29.0,29.0,29.0,29.1,29.0,29.0,29.0,29.1,29.0,29.1,29.1,29.1,29.3,29.0,29.1,29.0,29.2,29.2,28.9,29.1,29.2,29.2,29.2,29.3,29.1,29.1,29.2,29.2,29.3,29.1,29.1,29.1,29.1,29.2,29.2,29.1,29.2,29.1,29.2,29.1,29.1,29.2,29.1,29.2,29.1,29.0,29.2,29.2,29.2,29.1,29.3,29.1,29.0,29.1,29.1,29.1,29.1,29.1,28.9,29.0,29.1,29.1,29.2,29.1,29.0,29.2,29.2,29.2,29.5,29.4,29.4,29.6,29.9,30.0,30.0,29.8,29.8,29.9,30.0,29.9,29.8,29.7,29.7,29.5,29.4,29.1,29.0,28.9,29.0,28.9,29.0,28.8,28.8,28.7,28.6,28.6,28.8,28.8,28.6,28.6,28.6,28.4,28.6,28.5,28.5,28.6,28.6,28.5,28.6,28.5,28.8,28.6,28.6,28.5,28.5,28.6,28.6,28.4,28.6,28.5,28.5,28.5,28.5,28.5,28.5,28.6,28.3,28.5,28.5,28.5,28.5,28.5,28.5,28.5,28.6,28.4,28.6,28.5,28.5,28.6,28.5,28.4,28.6,28.4,28.4,28.4,28.4,28.4,28.4,28.5,28.4,28.4,28.4,28.5,28.3,28.3,28.4,28.5,28.4,28.6,28.4,28.4,28.4,28.5,28.4,28.4,28.3,28.5,28.4,28.2,28.4,28.6,28.4,28.3,28.2,28.4,28.4,28.4,28.4
249,28.9,29.0,28.9,29.0,28.9,29.0,29.0,29.0,29.0,29.0,28.9,28.9,29.0,28.9,29.0,29.0,29.0,29.0,29.0,29.1,29.0,29.0,29.1,29.0,29.2,29.0,29.0,29.2,28.9,29.0,29.0,29.0,29.2,29.0,29.2,29.0,29.0,29.2,29.1,29.0,29.2,29.2,29.1,29.1,29.2,29.2,29.3,29.0,29.0,29.2,29.1,29.1,29.1,29.2,29.1,29.3,29.2,29.1,29.2,29.0,29.0,29.1,29.2,29.1,29.1,29.2,29.3,29.1,28.9,29.1,29.1,29.2,29.2,29.1,29.1,29.0,28.8,29.1,28.9,29.2,29.1,29.0,29.3,29.3,29.5,29.8,29.8,30.0,30.1,29.9,29.9,29.8,29.7,29.7,29.8,29.5,29.4,29.3,29.2,28.8,29.0,28.9,28.8,28.9,28.8,29.0,28.6,28.9,28.8,28.7,28.9,28.8,28.5,28.7,28.6,28.6,28.6,28.5,28.6,28.5,28.5,28.5,28.5,28.6,28.7,28.5,28.7,28.5,28.4,28.5,28.4,28.4,28.6,28.6,28.5,28.4,28.5,28.5,28.5,28.6,28.6,28.4,28.4,28.6,28.3,28.5,28.5,28.4,28.5,28.6,28.5,28.5,28.4,28.4,28.4,28.3,28.4,28.4,28.4,28.4,28.5,28.4,28.3,28.5,28.5,28.4,28.4,28.4,28.5,28.4,28.5,28.4,28.4,28.4,28.5,28.5,28.4,28.5,28.3,28.4,28.5,28.4,28.3,28.5,28.5,28.5,28.4,28.3,28.3,28.4,28.3,28.4
250,29.0,29.0,29.0,29.0,29.0,29.1,28.9,28.8,28.9,29.1,29.1,29.1,29.0,29.0,29.0,28.8,28.8,29.1,29.0,29.0,29.0,28.9,29.0,29.0,29.1,29.1,29.0,28.9,28.8,29.0,28.9,29.0,29.2,29.1,29.0,29.2,29.2,29.1,29.0,29.2,29.2,29.1,29.2,29.2,29.0,29.1,29.2,29.1,29.3,29.1,29.1,29.0,29.2,29.0,29.0,29.0,29.2,29.1,28.9,29.1,29.0,29.2,29.1,28.9,29.0,29.0,29.1,29.1,29.0,29.1,28.9,29.0,29.1,28.9,29.0,28.8,29.0,28.9,29.0,29.1,28.9,29.1,29.2,29.2,29.2,29.7,29.8,30.0,30.0,29.7,29.7,29.9,29.8,29.7,29.5,29.5,29.3,29.0,28.8,28.8,28.9,28.8,28.8,28.7,28.5,28.6,28.7,28.7,28.7,28.6,28.6,28.5,28.5,28.6,28.5,28.6,28.5,28.6,28.5,28.6,28.4,28.6,28.5,28.5,28.6,28.3,28.4,28.4,28.6,28.3,28.3,28.4,28.5,28.5,28.5,28.7,28.5,28.5,28.4,28.3,28.5,28.5,28.4,28.5,28.4,28.5,28.5,28.4,28.4,28.4,28.4,28.4,28.4,28.4,28.5,28.4,28.4,28.6,28.4,28.4,28.4,28.2,28.4,28.4,28.4,28.4,28.4,28.4,28.4,28.3,28.5,28.4,28.6,28.3,28.4,28.4,28.5,28.3,28.5,28.3,28.6,28.6,28.4,28.5,28.4,28.3,28.4,28.3,28.4,28.5,28.4,28.3
251,29.0,29.1,29.0,29.1,29.2,29.0,28.8,28.8,29.0,29.0,29.1,29.1,28.9,28.9,28.9,29.0,28.9,28.9,28.9,28.9,29.0,28.9,28.9,28.9,29.0,28.9,29.0,28.9,28.9,29.0,29.1,29.0,29.1,29.0,28.9,29.0,29.1,29.2,29.0,29.0,29.1,29.0,29.0,29.0,29.1,29.1,29.1,29.1,29.1,29.0,29.0,29.0,29.0,29.1,29.2,29.0,29.1,29.2,29.0,29.2,28.9,29.1,29.0,29.0,29.0,29.0,29.0,29.1,29.0,28.8,28.9,28.9,29.0,29.0,28.8,28.8,28.8,29.0,28.8,29.0,29.0,29.0,29.1,28.8,29.2,29.7,29.7,29.8,29.9,29.8,29.8,29.8,29.5,29.6,29.6,29.5,29.2,28.9,28.7,28.7,28.7,28.8,28.7,28.8,28.7,28.6,28.6,28.5,28.6,28.5,28.6,28.6,28.6,28.5,28.6,28.5,28.6,28.4,28.6,28.6,28.6,28.5,28.4,28.4,28.5,28.3,28.5,28.4,28.5,28.4,28.6,28.4,28.6,28.6,28.5,28.4,28.4,28.5,28.3,28.5,28.5,28.4,28.3,28.4,28.4,28.4,28.4,28.5,28.4,28.5,28.3,28.2,28.5,28.3,28.4,28.5,28.5,28.4,28.5,28.5,28.3,28.3,28.4,28.4,28.4,28.4,28.4,28.3,28.6,28.3,28.4,28.5,28.4,28.4,28.6,28.4,28.4,28.5,28.3,28.4,28.6,28.4,28.3,28.3,28.4,28.4,28.3,28.2,28.4,28.4,28.3,28.4
252,29.0,29.1,28.8,29.0,28.9,29.1,28.8,29.0,28.9,29.0,28.9,28.9,28.9,29.1,28.9,29.0,29.0,29.0,28.9,29.1,29.0,28.9,28.9,29.1,29.1,29.0,28.9,29.0,29.0,29.1,29.0,29.0,28.9,28.9,29.2,29.0,29.0,29.2,29.1,29.0,29.0,29.1,29.2,29.0,29.2,29.2,29.2,29.0,29.0,29.1,29.0,29.1,29.3,29.0,29.1,29.2,29.2,29.0,29.1,29.0,29.0,29.1,29.1,29.0,29.0,28.9,29.1,29.0,29.0,29.1,28.8,28.9,28.8,29.1,29.0,28.8,28.9,28.8,28.8,29.0,28.8,28.8,28.9,28.9,29.2,29.6,29.7,29.8,29.9,29.8,29.6,29.8,29.7,29.6,29.4,29.3,29.1,28.8,28.8,28.8,28.6,28.6,28.6,28.6,28.6,28.6,28.6,28.6,28.4,28.6,28.5,28.6,28.5,28.4,28.5,28.4,28.4,28.4,28.5,28.3,28.6,28.6,28.4,28.5,28.4,28.3,28.5,28.3,28.5,28.5,28.3,28.4,28.5,28.4,28.3,28.5,28.4,28.4,28.5,28.5,28.3,28.5,28.6,28.4,28.4,28.5,28.4,28.3,28.4,28.4,28.3,28.4,28.2,28.4,28.4,28.3,28.2,28.4,28.5,28.4,28.2,28.3,28.3,28.4,28.4,28.4,28.4,28.4,28.2,28.5,28.4,28.3,28.5,28.2,28.5,28.5,28.5,28.2,28.4,28.3,28.3,28.4,28.4,28.4,28.2,28.4,28.3,28.5,28.4,28.3,28.2,28.4
253,28.9,29.0,29.0,29.0,28.9,29.0,28.9,29.0,29.0,28.8,28.9,28.9,29.0,29.0,29.0,29.0,28.9,29.0,28.9,29.0,28.9,28.9,29.1,29.0,29.0,28.8,29.0,29.0,29.0,29.0,28.8,28.8,29.0,29.0,29.0,28.9,29.0,29.1,29.0,29.1,29.2,29.0,29.1,29.1,29.0,28.9,29.1,29.0,29.2,29.2,28.9,28.9,29.0,29.0,28.9,28.9,29.1,29.0,29.0,28.8,28.9,29.1,28.8,29.1,28.9,29.0,29.0,28.9,29.0,28.9,29.0,28.8,29.1,29.0,28.8,28.8,28.8,28.8,29.0,28.8,28.6,28.9,28.8,28.9,29.0,29.4,29.4,29.6,29.7,29.6,29.6,29.7,29.5,29.4,29.5,29.3,28.9,28.7,28.8,28.6,28.6,28.6,28.6,28.6,28.5,28.6,28.4,28.4,28.5,28.5,28.6,28.6,28.6,28.4,28.4,28.4,28.4,28.5,28.4,28.4,28.4,28.5,28.4,28.5,28.3,28.4,28.4,28.4,28.4,28.3,28.3,28.2,28.4,28.2,28.4,28.4,28.5,28.4,28.5,28.3,28.4,28.3,28.4,28.2,28.3,28.4,28.5,28.5,28.2,28.4,28.3,28.4,28.4,28.5,28.2,28.3,28.2,28.4,28.4,28.3,28.3,28.3,28.3,28.5,28.4,28.4,28.3,28.4,28.4,28.4,28.4,28.4,28.4,28.3,28.3,28.4,28.3,28.5,28.3,28.4,28.4,28.4,28.5,28.4,28.3,28.5,28.4,28.3,28.4,28.4,28.5,28.3
254,28.9,29.1,28.9,29.0,29.0,28.9,29.0,29.1,29.0,28.8,28.8,28.9,29.0,29.0,28.9,29.1,29.0,29.1,28.9,29.0,29.0,28.9,28.9,28.9,29.0,28.8,29.0,28.9,28.9,28.9,29.0,29.0,28.8,29.1,28.9,29.1,29.0,29.1,29.0,29.1,29.0,29.1,29.0,29.2,29.1,29.0,29.2,29.0,28.9,28.9,28.8,29.0,29.2,28.9,29.1,29.1,28.8,29.0,29.1,29.0,29.0,29.0,29.0,29.1,29.1,28.9,29.0,28.9,28.9,28.9,28.9,28.9,28.9,28.9,28.9,28.8,28.8,28.8,28.8,28.8,28.6,28.8,28.8,28.9,29.0,29.1,29.6,29.6,29.6,29.7,29.7,29.7,29.5,29.4,29.2,29.0,29.0,28.6,28.5,28.5,28.7,28.6,28.8,28.7,28.6,28.7,28.6,28.5,28.5,28.6,28.5,28.6,28.6,28.5,28.4,28.3,28.4,28.5,28.3,28.5,28.5,28.4,28.5,28.4,28.4,28.4,28.4,28.4,28.3,28.5,28.4,28.4,28.2,28.4,28.3,28.4,28.4,28.4,28.4,28.5,28.2,28.5,28.3,28.2,28.2,28.3,28.3,28.4,28.3,28.4,28.4,28.4,28.4,28.4,28.4,28.4,28.2,28.4,28.5,28.4,28.3,28.2,28.3,28.2,28.4,28.4,28.4,28.4,28.2,28.3,28.5,28.3,28.3,28.2,28.4,28.3,28.2,28.3,28.4,28.2,28.4,28.3,28.4,28.4,28.4,28.5,28.2,28.4,28.4,28.5,28.3,28.4
255,28.8,29.1,28.9,29.1,29.1,28.9,28.9,29.0,29.0,28.9,29.1,28.8,29.0,29.0,29.0,29.0,29.1,29.0,28.8,29.1,29.1,29.0,29.0,29.0,29.0,28.9,29.0,28.8,28.9,28.9,28.9,29.0,28.9,29.0,28.9,29.1,29.0,28.9,29.0,28.9,29.0,29.1,29.1,29.0,28.9,28.9,29.0,29.0,29.3,29.2,28.8,29.0,28.8,28.9,28.9,29.0,29.0,28.9,29.0,29.0,28.9,29.0,28.9,28.9,29.0,28.9,28.9,28.9,28.9,28.8,28.7,28.9,28.8,29.0,28.9,28.7,28.7,28.6,28.9,28.8,28.7,28.8,28.6,28.8,29.1,29.1,29.5,29.8,29.7,29.8,29.6,29.4,29.5,29.2,29.0,28.9,28.8,28.6,28.6,28.6,28.7,28.7,28.6,28.6,28.6,28.5,28.6,28.4,28.5,28.4,28.5,28.6,28.4,28.6,28.4,28.5,28.5,28.5,28.6,28.4,28.4,28.3,28.5,28.5,28.4,28.4,28.5,28.4,28.2,28.4,28.5,28.5,28.4,28.4,28.4,28.4,28.2,28.4,28.4,28.4,28.4,28.3,28.2,28.4,28.4,28.3,28.6,28.3,28.2,28.3,28.2,28.3,28.4,28.4,28.4,28.2,28.4,28.3,28.5,28.2,28.5,28.3,28.3,28.2,28.3,28.4,28.4,28.3,28.6,28.4,28.5,28.3,28.4,28.5,28.3,28.4,28.3,28.5,28.4,28.4,28.3,28.4,28.3,28.3,28.5,28.4,28.4,28.3,28.3,28.4,28.2,28.6
