文件路径:,C:\Users\23589\Desktop\物理实验竞赛\实验数据（黑胶带版）\case15_香橙派5Pro黑胶带_满负载\data\HM20260727204857.csv
源热像文件:,C:\Users\23589\Desktop\物理实验竞赛\实验数据（黑胶带版）\case15_香橙派5Pro黑胶带_满负载\photo\HM20260727204857.jpeg

测温单位,摄氏度
图像宽度,192
图像高度,256

全局
统计:,,平均值:,27.4
,,最小值:,25.7
,,最大值:,29.4

坐标Y\X,0,1,2,3,4,5,6,7,8,9,10,11,12,13,14,15,16,17,18,19,20,21,22,23,24,25,26,27,28,29,30,31,32,33,34,35,36,37,38,39,40,41,42,43,44,45,46,47,48,49,50,51,52,53,54,55,56,57,58,59,60,61,62,63,64,65,66,67,68,69,70,71,72,73,74,75,76,77,78,79,80,81,82,83,84,85,86,87,88,89,90,91,92,93,94,95,96,97,98,99,100,101,102,103,104,105,106,107,108,109,110,111,112,113,114,115,116,117,118,119,120,121,122,123,124,125,126,127,128,129,130,131,132,133,134,135,136,137,138,139,140,141,142,143,144,145,146,147,148,149,150,151,152,153,154,155,156,157,158,159,160,161,162,163,164,165,166,167,168,169,170,171,172,173,174,175,176,177,178,179,180,181,182,183,184,185,186,187,188,189,190,191
0,27.3,27.1,27.2,27.3,27.2,27.1,27.2,27.2,27.3,27.1,27.2,27.2,27.2,27.3,27.2,27.3,27.2,27.2,27.2,27.2,27.3,27.2,27.2,27.0,27.2,27.3,27.3,27.2,27.2,27.2,27.1,27.2,27.1,27.3,27.2,27.1,27.4,27.2,27.3,27.3,27.4,27.5,27.2,27.4,27.2,27.2,27.2,27.2,27.2,27.3,27.2,27.4,27.4,27.4,27.4,27.2,27.4,27.3,27.3,27.3,27.5,27.3,27.2,27.3,27.5,27.4,27.5,27.4,27.4,27.3,27.2,27.4,27.3,27.2,27.5,27.3,27.1,27.3,27.3,27.5,27.4,27.4,27.4,27.3,27.4,27.4,27.4,27.4,27.4,27.5,27.5,27.4,27.3,27.3,27.2,27.2,27.2,27.3,27.3,27.5,27.5,27.4,27.4,27.5,27.3,27.4,27.4,27.5,27.5,27.3,27.2,27.3,27.2,27.3,27.4,27.2,27.5,27.3,27.2,27.3,27.3,27.5,27.4,27.4,27.3,27.5,27.5,27.4,27.4,27.5,27.5,27.4,27.5,27.5,27.2,27.5,27.4,27.2,27.4,27.4,27.5,27.4,27.4,27.4,27.4,27.2,27.4,27.4,27.5,27.3,27.4,27.4,27.2,27.3,27.7,27.5,27.2,27.5,27.2,27.4,27.5,27.4,27.3,27.4,27.6,27.3,27.3,27.3,27.4,27.3,27.3,27.3,27.1,27.3,27.4,27.2,27.3,27.3,27.3,27.2,27.2,27.3,27.4,27.1,27.2,27.3,27.2,27.4,27.2,27.2,27.4,27.2
1,27.2,27.2,27.3,27.3,27.4,27.2,27.2,27.2,27.2,27.3,27.2,27.3,27.2,27.2,27.3,27.3,27.1,27.2,27.3,27.1,27.1,27.3,27.1,27.2,27.1,27.2,27.4,27.3,27.2,27.2,27.2,27.3,27.2,27.3,27.2,27.3,27.1,27.2,27.3,27.2,27.2,27.2,27.2,27.2,27.2,27.3,27.3,27.2,27.2,27.4,27.2,27.5,27.3,27.2,27.3,27.4,27.4,27.1,27.4,27.4,27.2,27.2,27.2,27.5,27.4,27.2,27.3,27.4,27.5,27.2,27.5,27.1,27.4,27.2,27.3,27.5,27.3,27.4,27.2,27.5,27.3,27.3,27.4,27.4,27.3,27.2,27.3,27.2,27.3,27.4,27.3,27.3,27.4,27.4,27.4,27.4,27.4,27.3,27.3,27.3,27.3,27.3,27.4,27.4,27.1,27.3,27.2,27.4,27.4,27.5,27.3,27.2,27.2,27.3,27.4,27.5,27.4,27.3,27.3,27.3,27.2,27.5,27.3,27.4,27.4,27.4,27.2,27.2,27.5,27.5,27.4,27.5,27.3,27.5,27.5,27.4,27.3,27.4,27.5,27.4,27.3,27.3,27.2,27.2,27.3,27.3,27.3,27.3,27.4,27.3,27.3,27.4,27.3,27.5,27.4,27.5,27.3,27.2,27.4,27.4,27.3,27.4,27.2,27.3,27.4,27.3,27.4,27.2,27.4,27.4,27.3,27.2,27.4,27.3,27.3,27.3,27.4,27.2,27.4,27.3,27.3,27.4,27.1,27.1,27.4,27.4,27.2,27.4,27.1,27.3,27.5,27.2
2,27.2,27.1,27.2,27.2,27.2,27.3,27.2,27.1,27.3,27.0,27.2,27.2,27.2,27.1,27.2,27.2,27.3,27.3,27.1,27.2,27.3,27.3,27.3,27.1,27.2,27.3,27.2,27.2,27.3,27.1,27.2,27.3,27.3,27.2,27.3,27.2,27.3,27.2,27.3,27.3,27.3,27.3,27.4,27.3,27.0,27.3,27.2,27.2,27.2,27.4,27.3,27.4,27.2,27.3,27.2,27.1,27.4,27.3,27.3,27.2,27.4,27.3,27.2,27.2,27.4,27.4,27.3,27.3,27.5,27.3,27.4,27.4,27.3,27.4,27.3,27.4,27.3,27.3,27.3,27.5,27.5,27.2,27.4,27.6,27.3,27.3,27.4,27.3,27.4,27.4,27.4,27.4,27.4,27.3,27.4,27.3,27.3,27.3,27.4,27.5,27.3,27.2,27.3,27.4,27.4,27.3,27.5,27.3,27.5,27.4,27.4,27.4,27.4,27.2,27.5,27.3,27.4,27.4,27.5,27.4,27.3,27.3,27.4,27.5,27.5,27.2,27.3,27.2,27.5,27.3,27.3,27.3,27.2,27.3,27.4,27.5,27.4,27.3,27.4,27.5,27.2,27.4,27.5,27.4,27.2,27.5,27.2,27.3,27.4,27.3,27.4,27.3,27.4,27.4,27.4,27.4,27.3,27.2,27.4,27.3,27.3,27.4,27.4,27.3,27.4,27.2,27.3,27.4,27.4,27.4,27.4,27.4,27.3,27.3,27.3,27.3,27.3,27.3,27.2,27.3,27.1,27.2,27.3,27.3,27.1,27.2,27.2,27.3,27.2,27.2,27.3,27.1
3,27.2,27.2,27.3,27.2,27.2,27.1,27.2,27.1,27.1,27.2,27.1,27.2,27.1,27.1,27.1,27.2,27.1,27.2,27.3,27.2,27.3,27.2,27.4,27.1,27.2,27.2,27.3,27.2,27.2,27.1,27.3,27.2,27.3,27.1,27.2,27.3,27.2,27.2,27.3,27.1,27.3,27.2,27.5,27.2,27.4,27.2,27.3,27.3,27.3,27.4,27.2,27.4,27.2,27.3,27.3,27.5,27.2,27.2,27.3,27.4,27.4,27.2,27.3,27.5,27.3,27.2,27.2,27.4,27.5,27.2,27.3,27.4,27.4,27.3,27.2,27.3,27.4,27.3,27.2,27.3,27.4,27.5,27.3,27.4,27.4,27.4,27.4,27.4,27.5,27.5,27.5,27.2,27.2,27.4,27.4,27.3,27.5,27.4,27.3,27.4,27.4,27.4,27.3,27.4,27.5,27.5,27.3,27.2,27.4,27.5,27.5,27.2,27.4,27.5,27.5,27.4,27.3,27.3,27.3,27.5,27.5,27.4,27.3,27.4,27.4,27.4,27.4,27.3,27.4,27.4,27.5,27.5,27.3,27.4,27.4,27.4,27.6,27.3,27.5,27.4,27.4,27.2,27.3,27.5,27.2,27.3,27.4,27.4,27.4,27.3,27.5,27.4,27.4,27.2,27.4,27.5,27.4,27.4,27.5,27.5,27.4,27.2,27.4,27.5,27.3,27.3,27.3,27.5,27.3,27.4,27.3,27.4,27.3,27.2,27.3,27.2,27.4,27.4,27.3,27.3,27.4,27.2,27.1,27.3,27.3,27.2,27.3,27.2,27.2,27.2,27.2,27.3
4,27.2,27.4,27.2,27.4,27.3,27.3,27.1,27.2,27.2,27.1,27.2,27.2,27.1,27.2,27.2,27.3,27.0,27.2,27.3,27.2,27.2,27.2,27.4,27.1,27.2,27.3,27.2,27.2,27.2,27.3,27.3,27.1,27.2,27.2,27.4,27.2,27.4,27.3,27.2,27.3,27.2,27.3,27.2,27.4,27.2,27.3,27.1,27.3,27.3,27.4,27.4,27.3,27.2,27.3,27.1,27.4,27.3,27.2,27.2,27.4,27.3,27.3,27.3,27.2,27.5,27.3,27.4,27.2,27.5,27.3,27.4,27.2,27.2,27.5,27.4,27.5,27.5,27.4,27.4,27.5,27.4,27.5,27.4,27.4,27.4,27.3,27.3,27.2,27.3,27.5,27.3,27.4,27.6,27.4,27.4,27.4,27.3,27.4,27.3,27.2,27.3,27.4,27.5,27.6,27.3,27.4,27.6,27.4,27.6,27.4,27.5,27.6,27.2,27.5,27.3,27.4,27.3,27.3,27.4,27.4,27.5,27.5,27.3,27.4,27.5,27.3,27.3,27.2,27.4,27.5,27.5,27.4,27.5,27.6,27.6,27.4,27.3,27.3,27.6,27.4,27.4,27.4,27.5,27.4,27.4,27.5,27.5,27.3,27.5,27.2,27.4,27.4,27.3,27.4,27.3,27.3,27.4,27.5,27.4,27.4,27.4,27.4,27.6,27.4,27.3,27.3,27.4,27.5,27.3,27.3,27.4,27.3,27.4,27.5,27.2,27.3,27.3,27.4,27.3,27.3,27.2,27.4,27.2,27.3,27.4,27.4,27.3,27.3,27.3,27.4,27.5,27.3
5,27.2,27.3,27.2,27.2,27.3,27.2,27.3,27.2,27.3,27.2,27.2,27.2,27.3,27.3,27.2,27.2,27.3,27.3,27.2,27.4,27.3,27.3,27.3,27.2,27.4,27.3,27.2,27.1,27.2,27.2,27.2,27.2,27.2,27.1,27.2,27.3,27.4,27.2,27.3,27.1,27.3,27.3,27.3,27.5,27.4,27.4,27.4,27.4,27.2,27.4,27.3,27.4,27.1,27.3,27.2,27.5,27.4,27.2,27.4,27.4,27.5,27.3,27.3,27.3,27.4,27.5,27.5,27.4,27.5,27.4,27.5,27.5,27.4,27.5,27.5,27.5,27.3,27.5,27.5,27.4,27.4,27.3,27.5,27.5,27.6,27.6,27.4,27.4,27.3,27.4,27.4,27.3,27.4,27.7,27.5,27.4,27.5,27.2,27.4,27.4,27.3,27.4,27.4,27.5,27.3,27.4,27.4,27.4,27.4,27.5,27.5,27.4,27.5,27.3,27.4,27.3,27.4,27.4,27.3,27.5,27.5,27.3,27.4,27.4,27.5,27.4,27.5,27.4,27.5,27.4,27.5,27.4,27.5,27.4,27.4,27.5,27.4,27.4,27.4,27.5,27.5,27.4,27.2,27.4,27.5,27.5,27.5,27.4,27.6,27.5,27.5,27.5,27.6,27.4,27.4,27.3,27.4,27.4,27.4,27.4,27.3,27.3,27.3,27.3,27.3,27.4,27.2,27.3,27.3,27.5,27.2,27.4,27.4,27.2,27.3,27.2,27.5,27.4,27.4,27.2,27.2,27.2,27.2,27.3,27.3,27.3,27.3,27.3,27.1,27.2,27.3,27.3
6,27.3,27.0,27.2,27.1,27.1,27.3,27.2,27.3,27.1,27.3,27.1,27.1,27.2,27.2,27.4,27.2,27.1,27.1,27.2,27.2,27.2,27.3,27.3,27.2,27.1,27.2,27.2,27.2,27.3,27.2,27.1,27.3,27.3,27.3,27.2,27.2,27.2,27.2,27.2,27.4,27.3,27.3,27.3,27.3,27.3,27.2,27.3,27.4,27.3,27.2,27.3,27.2,27.2,27.2,27.3,27.4,27.3,27.4,27.4,27.3,27.4,27.3,27.2,27.4,27.3,27.4,27.3,27.5,27.2,27.2,27.3,27.4,27.3,27.4,27.4,27.4,27.3,27.3,27.3,27.5,27.3,27.3,27.4,27.2,27.3,27.2,27.5,27.4,27.3,27.4,27.3,27.5,27.3,27.4,27.4,27.5,27.3,27.5,27.5,27.3,27.5,27.4,27.3,27.4,27.3,27.5,27.4,27.3,27.5,27.3,27.4,27.4,27.4,27.5,27.3,27.5,27.5,27.4,27.3,27.4,27.2,27.4,27.5,27.5,27.3,27.5,27.4,27.5,27.3,27.3,27.4,27.5,27.4,27.3,27.4,27.3,27.5,27.4,27.4,27.4,27.4,27.4,27.4,27.4,27.5,27.3,27.4,27.5,27.5,27.6,27.4,27.3,27.2,27.3,27.3,27.5,27.3,27.4,27.4,27.4,27.5,27.5,27.5,27.4,27.5,27.3,27.3,27.3,27.4,27.3,27.3,27.4,27.3,27.2,27.4,27.4,27.4,27.3,27.5,27.2,27.2,27.3,27.2,27.4,27.4,27.3,27.2,27.2,27.2,27.2,27.3,27.3
7,27.2,27.2,27.1,27.2,27.1,27.2,27.2,27.2,27.1,27.2,27.2,27.3,27.2,27.3,27.2,27.2,27.2,27.2,27.4,27.2,27.1,27.2,27.2,27.2,27.2,27.3,27.2,27.1,27.3,27.2,27.3,27.2,27.3,27.2,27.1,27.2,27.2,27.3,27.2,27.2,27.2,27.4,27.2,27.2,27.3,27.4,27.4,27.3,27.3,27.2,27.2,27.3,27.2,27.2,27.4,27.4,27.4,27.5,27.4,27.5,27.7,27.4,27.3,27.4,27.3,27.3,27.2,27.2,27.3,27.3,27.2,27.4,27.3,27.4,27.4,27.4,27.3,27.3,27.4,27.3,27.4,27.4,27.5,27.4,27.5,27.5,27.4,27.4,27.4,27.5,27.4,27.4,27.4,27.3,27.4,27.5,27.3,27.3,27.5,27.3,27.5,27.5,27.3,27.5,27.5,27.5,27.5,27.4,27.5,27.6,27.3,27.5,27.4,27.5,27.3,27.3,27.3,27.5,27.3,27.5,27.5,27.4,27.3,27.3,27.5,27.6,27.4,27.4,27.2,27.5,27.6,27.3,27.5,27.5,27.5,27.6,27.5,27.6,27.4,27.5,27.4,27.5,27.4,27.4,27.4,27.3,27.2,27.2,27.3,27.2,27.5,27.4,27.5,27.2,27.3,27.5,27.3,27.3,27.3,27.4,27.3,27.4,27.5,27.4,27.4,27.3,27.2,27.3,27.3,27.2,27.4,27.3,27.3,27.2,27.2,27.2,27.2,27.2,27.2,27.4,27.2,27.2,27.4,27.5,27.5,27.2,27.2,27.2,27.1,27.1,27.5,27.2
8,27.3,27.2,27.4,27.3,27.3,27.2,27.3,27.4,27.3,27.2,27.2,27.2,27.2,27.4,27.2,27.5,27.0,27.2,27.2,27.3,27.4,27.2,27.1,27.3,27.4,27.4,27.2,27.1,27.1,27.3,27.3,27.3,27.2,27.2,27.3,27.3,27.3,27.3,27.2,27.3,27.3,27.3,27.3,27.3,27.5,27.4,27.3,27.5,27.3,27.3,27.2,27.2,27.5,27.3,27.2,27.4,27.4,27.2,27.3,27.5,27.3,27.4,27.4,27.3,27.2,27.6,27.4,27.3,27.4,27.4,27.5,27.3,27.5,27.4,27.4,27.4,27.4,27.4,27.3,27.2,27.5,27.5,27.4,27.4,27.6,27.4,27.4,27.5,27.5,27.6,27.5,27.4,27.5,27.5,27.5,27.5,27.4,27.4,27.5,27.5,27.5,27.4,27.4,27.5,27.4,27.5,27.3,27.4,27.4,27.5,27.5,27.4,27.3,27.4,27.5,27.4,27.5,27.5,27.3,27.5,27.4,27.4,27.3,27.4,27.2,27.4,27.3,27.4,27.4,27.5,27.2,27.4,27.5,27.3,27.3,27.5,27.4,27.5,27.3,27.4,27.5,27.3,27.4,27.5,27.4,27.4,27.4,27.4,27.4,27.4,27.5,27.3,27.2,27.3,27.4,27.4,27.3,27.4,27.5,27.2,27.3,27.5,27.2,27.2,27.3,27.2,27.4,27.2,27.2,27.4,27.4,27.2,27.3,27.3,27.5,27.2,27.4,27.5,27.4,27.2,27.3,27.3,27.3,27.3,27.3,27.4,27.2,27.4,27.2,27.2,27.2,27.2
9,27.2,27.1,27.0,27.2,27.3,27.1,27.3,27.2,27.1,27.2,27.2,27.2,27.2,27.2,27.3,27.3,27.1,27.1,27.0,27.1,27.2,27.2,27.2,27.0,27.1,27.2,27.2,27.1,27.2,27.2,27.2,27.3,27.3,27.3,27.2,27.3,27.2,27.4,27.3,27.2,27.2,27.2,27.2,27.4,27.3,27.4,27.4,27.3,27.1,27.3,27.3,27.3,27.2,27.3,27.2,27.4,27.4,27.1,27.5,27.5,27.5,27.3,27.3,27.4,27.5,27.3,27.3,27.6,27.5,27.4,27.2,27.3,27.5,27.4,27.4,27.5,27.6,27.3,27.4,27.4,27.4,27.4,27.5,27.4,27.5,27.3,27.4,27.4,27.6,27.4,27.4,27.4,27.3,27.4,27.4,27.5,27.4,27.4,27.5,27.4,27.5,27.4,27.3,27.5,27.6,27.4,27.5,27.5,27.6,27.5,27.3,27.4,27.5,27.5,27.7,27.5,27.6,27.4,27.4,27.4,27.4,27.7,27.5,27.5,27.5,27.4,27.4,27.6,27.4,27.6,27.5,27.5,27.4,27.3,27.5,27.5,27.5,27.4,27.5,27.4,27.6,27.4,27.4,27.4,27.3,27.4,27.3,27.4,27.3,27.4,27.4,27.4,27.5,27.3,27.4,27.4,27.2,27.5,27.3,27.3,27.4,27.5,27.5,27.5,27.5,27.4,27.3,27.2,27.2,27.4,27.4,27.2,27.3,27.2,27.5,27.3,27.4,27.5,27.4,27.2,27.4,27.3,27.5,27.3,27.3,27.3,27.2,27.2,27.2,27.3,27.3,27.4
10,27.2,27.2,27.2,27.2,27.0,27.1,27.2,27.2,27.2,27.2,27.3,27.2,27.2,27.2,27.2,27.2,27.0,27.1,27.1,27.2,27.2,27.2,27.3,27.3,27.3,27.2,27.1,27.3,27.3,27.1,27.2,27.2,27.3,27.4,27.4,27.4,27.2,27.1,27.2,27.2,27.4,27.2,27.3,27.2,27.4,27.3,27.3,27.2,27.4,27.3,27.2,27.3,27.2,27.2,27.3,27.4,27.4,27.2,27.4,27.2,27.4,27.3,27.3,27.5,27.5,27.4,27.5,27.3,27.5,27.4,27.5,27.2,27.1,27.3,27.3,27.5,27.2,27.2,27.3,27.4,27.3,27.2,27.4,27.4,27.4,27.3,27.4,27.3,27.6,27.5,27.4,27.4,27.4,27.5,27.5,27.5,27.3,27.6,27.5,27.3,27.4,27.5,27.5,27.6,27.4,27.5,27.3,27.4,27.4,27.5,27.4,27.4,27.4,27.5,27.3,27.5,27.2,27.6,27.4,27.3,27.5,27.4,27.2,27.3,27.4,27.5,27.4,27.4,27.4,27.6,27.5,27.3,27.4,27.2,27.4,27.5,27.6,27.3,27.5,27.4,27.5,27.3,27.5,27.3,27.4,27.5,27.2,27.4,27.3,27.2,27.4,27.4,27.5,27.3,27.5,27.4,27.3,27.2,27.3,27.3,27.4,27.5,27.5,27.5,27.4,27.2,27.3,27.5,27.3,27.3,27.2,27.3,27.0,27.4,27.2,27.3,27.2,27.5,27.3,27.4,27.1,27.1,27.2,27.3,27.3,27.4,27.5,27.4,27.2,27.2,27.4,27.4
11,27.4,27.2,27.2,27.1,27.2,27.2,27.1,27.1,27.2,27.1,27.2,27.1,27.2,27.1,27.3,27.2,27.1,27.1,27.1,27.3,27.3,27.3,27.2,27.1,27.2,27.2,27.3,27.1,27.4,27.2,27.2,27.2,27.2,27.2,27.4,27.2,27.2,27.3,27.2,27.1,27.4,27.4,27.2,27.2,27.2,27.3,27.4,27.3,27.2,27.3,27.4,27.2,27.2,27.2,27.4,27.3,27.4,27.1,27.4,27.2,27.4,27.4,27.3,27.4,27.6,27.4,27.6,27.3,27.5,27.5,27.5,27.4,27.5,27.3,27.5,27.3,27.5,27.5,27.4,27.5,27.5,27.4,27.4,27.5,27.5,27.5,27.5,27.5,27.5,27.5,27.4,27.5,27.6,27.5,27.5,27.4,27.5,27.6,27.5,27.5,27.4,27.5,27.4,27.6,27.6,27.7,27.5,27.5,27.5,27.5,27.5,27.3,27.2,27.5,27.6,27.5,27.5,27.5,27.5,27.5,27.5,27.5,27.5,27.4,27.6,27.5,27.5,27.6,27.5,27.7,27.5,27.3,27.5,27.6,27.3,27.6,27.4,27.4,27.5,27.4,27.5,27.2,27.5,27.4,27.5,27.4,27.3,27.5,27.5,27.3,27.5,27.5,27.3,27.4,27.4,27.4,27.4,27.5,27.6,27.2,27.5,27.3,27.4,27.3,27.4,27.4,27.5,27.4,27.4,27.3,27.3,27.4,27.2,27.5,27.3,27.2,27.4,27.5,27.3,27.4,27.2,27.3,27.2,27.4,27.2,27.2,27.3,27.2,27.3,27.4,27.4,27.4
12,27.2,27.3,27.0,27.2,27.2,27.2,27.1,27.2,27.2,27.1,27.1,27.2,27.0,27.2,27.2,27.2,27.1,27.2,27.2,27.2,27.3,27.3,27.2,27.2,27.1,27.2,27.1,27.2,27.3,27.1,27.2,27.3,27.3,27.3,27.3,27.3,27.3,27.2,27.4,27.3,27.3,27.4,27.3,27.3,27.2,27.3,27.3,27.2,27.4,27.4,27.3,27.4,27.3,27.2,27.4,27.2,27.4,27.3,27.2,27.4,27.3,27.4,27.2,27.5,27.3,27.4,27.3,27.2,27.5,27.3,27.4,27.4,27.3,27.4,27.3,27.4,27.3,27.6,27.4,27.5,27.5,27.3,27.5,27.4,27.5,27.5,27.5,27.3,27.3,27.3,27.4,27.4,27.4,27.4,27.5,27.5,27.4,27.6,27.4,27.6,27.5,27.5,27.4,27.5,27.4,27.4,27.3,27.3,27.4,27.4,27.6,27.5,27.3,27.4,27.4,27.5,27.3,27.5,27.4,27.2,27.6,27.6,27.5,27.4,27.4,27.5,27.4,27.4,27.3,27.4,27.4,27.3,27.5,27.4,27.5,27.5,27.5,27.4,27.5,27.4,27.5,27.6,27.5,27.5,27.4,27.2,27.3,27.3,27.2,27.3,27.3,27.5,27.4,27.5,27.3,27.5,27.4,27.5,27.4,27.5,27.3,27.2,27.4,27.2,27.2,27.4,27.3,27.3,27.2,27.2,27.3,27.3,27.3,27.5,27.3,27.3,27.2,27.4,27.2,27.3,27.3,27.2,27.3,27.5,27.2,27.3,27.3,27.3,27.2,27.3,27.4,27.4
13,27.2,27.3,27.0,27.1,27.3,27.3,27.1,27.1,27.2,27.2,27.1,27.2,27.1,27.2,27.2,27.2,27.2,27.0,27.2,27.2,27.2,27.3,27.3,27.1,27.2,27.3,27.1,27.2,27.3,27.2,27.4,27.1,27.3,27.2,27.3,27.4,27.2,27.5,27.2,27.3,27.2,27.3,27.4,27.5,27.3,27.2,27.5,27.4,27.3,27.3,27.2,27.5,27.5,27.3,27.4,27.4,27.5,27.2,27.3,27.3,27.3,27.4,27.3,27.5,27.5,27.5,27.5,27.4,27.4,27.5,27.5,27.4,27.3,27.4,27.5,27.5,27.5,27.3,27.3,27.4,27.4,27.4,27.7,27.4,27.4,27.4,27.4,27.5,27.5,27.7,27.4,27.4,27.4,27.5,27.5,27.6,27.5,27.4,27.4,27.4,27.5,27.5,27.5,27.6,27.5,27.4,27.4,27.5,27.5,27.4,27.5,27.3,27.4,27.4,27.4,27.4,27.4,27.5,27.5,27.3,27.5,27.4,27.5,27.5,27.3,27.4,27.5,27.5,27.5,27.6,27.4,27.5,27.5,27.4,27.4,27.5,27.3,27.6,27.5,27.4,27.4,27.4,27.5,27.4,27.3,27.5,27.4,27.4,27.5,27.3,27.5,27.3,27.5,27.5,27.5,27.5,27.3,27.3,27.4,27.3,27.3,27.6,27.4,27.5,27.4,27.5,27.3,27.5,27.1,27.5,27.2,27.3,27.3,27.3,27.3,27.3,27.4,27.3,27.3,27.3,27.4,27.2,27.3,27.2,27.4,27.3,27.4,27.5,27.2,27.1,27.4,27.4
14,27.3,27.4,27.3,27.3,27.2,27.1,27.2,27.2,27.2,27.1,27.3,27.2,27.1,27.3,27.3,27.2,27.1,27.2,27.2,27.1,27.2,27.4,27.3,27.2,27.2,27.3,27.2,27.3,27.2,27.2,27.3,27.3,27.4,27.2,27.4,27.3,27.2,27.2,27.3,27.3,27.3,27.2,27.3,27.2,27.2,27.2,27.5,27.4,27.2,27.5,27.3,27.4,27.4,27.3,27.4,27.3,27.4,27.3,27.4,27.3,27.5,27.3,27.4,27.3,27.4,27.5,27.6,27.5,27.4,27.5,27.4,27.6,27.4,27.1,27.6,27.5,27.3,27.5,27.4,27.4,27.5,27.4,27.5,27.5,27.6,27.5,27.5,27.6,27.6,27.5,27.6,27.5,27.5,27.5,27.5,27.3,27.5,27.5,27.5,27.5,27.7,27.5,27.5,27.6,27.5,27.5,27.5,27.5,27.4,27.5,27.4,27.4,27.5,27.3,27.5,27.4,27.6,27.5,27.5,27.4,27.5,27.5,27.4,27.5,27.5,27.3,27.5,27.5,27.5,27.5,27.5,27.4,27.5,27.5,27.3,27.6,27.4,27.5,27.5,27.3,27.5,27.5,27.6,27.5,27.4,27.5,27.5,27.4,27.4,27.4,27.6,27.5,27.5,27.4,27.5,27.3,27.4,27.4,27.4,27.7,27.5,27.4,27.4,27.4,27.4,27.4,27.4,27.3,27.4,27.3,27.5,27.3,27.5,27.5,27.4,27.1,27.5,27.3,27.4,27.2,27.3,27.2,27.5,27.4,27.4,27.3,27.6,27.4,27.0,27.2,27.3,27.2
15,27.5,27.3,27.2,27.3,27.1,27.3,27.3,27.2,27.1,27.2,27.2,27.1,27.3,27.3,27.3,27.4,27.2,27.2,27.2,27.2,27.3,27.2,27.3,27.3,27.3,27.3,27.4,27.2,27.2,27.2,27.4,27.3,27.3,27.3,27.4,27.4,27.2,27.3,27.3,27.2,27.3,27.2,27.3,27.3,27.3,27.3,27.4,27.4,27.5,27.5,27.5,27.4,27.5,27.4,27.5,27.5,27.5,27.4,27.4,27.5,27.4,27.4,27.4,27.4,27.5,27.5,27.4,27.4,27.5,27.4,27.6,27.3,27.4,27.5,27.5,27.5,27.5,27.4,27.5,27.5,27.5,27.5,27.5,27.5,27.5,27.4,27.4,27.4,27.4,27.5,27.5,27.5,27.4,27.4,27.4,27.3,27.6,27.5,27.6,27.4,27.6,27.4,27.5,27.6,27.4,27.5,27.5,27.5,27.6,27.5,27.5,27.5,27.5,27.6,27.5,27.6,27.5,27.6,27.4,27.4,27.5,27.4,27.4,27.4,27.5,27.5,27.4,27.4,27.3,27.4,27.5,27.5,27.4,27.5,27.4,27.6,27.5,27.5,27.5,27.4,27.4,27.5,27.5,27.5,27.5,27.5,27.5,27.5,27.5,27.4,27.5,27.3,27.5,27.4,27.3,27.5,27.4,27.4,27.5,27.5,27.5,27.4,27.6,27.5,27.5,27.4,27.5,27.5,27.5,27.5,27.4,27.4,27.3,27.3,27.4,27.3,27.3,27.5,27.5,27.3,27.1,27.0,27.2,27.3,27.3,27.2,27.3,27.2,27.3,27.2,27.4,27.2
16,27.3,27.4,27.3,27.3,27.0,27.2,27.3,27.2,27.3,27.3,27.2,27.1,27.3,27.3,27.2,27.2,27.2,27.4,27.0,27.3,27.2,27.3,27.2,27.3,27.2,27.2,27.5,27.2,27.4,27.3,27.4,27.3,27.3,27.4,27.3,27.5,27.3,27.4,27.2,27.4,27.3,27.3,27.3,27.2,27.3,27.3,27.2,27.2,27.3,27.3,27.5,27.3,27.5,27.5,27.3,27.5,27.4,27.4,27.5,27.4,27.4,27.3,27.4,27.4,27.5,27.5,27.5,27.4,27.4,27.4,27.4,27.5,27.5,27.4,27.5,27.5,27.3,27.4,27.4,27.5,27.4,27.5,27.6,27.5,27.6,27.4,27.4,27.5,27.6,27.4,27.6,27.5,27.6,27.6,27.6,27.6,27.5,27.3,27.5,27.4,27.5,27.4,27.4,27.6,27.5,27.4,27.5,27.5,27.5,27.7,27.5,27.3,27.5,27.5,27.6,27.5,27.7,27.7,27.3,27.5,27.6,27.5,27.3,27.5,27.5,27.4,27.5,27.5,27.6,27.6,27.6,27.6,27.5,27.5,27.4,27.6,27.4,27.5,27.5,27.6,27.5,27.4,27.4,27.7,27.5,27.4,27.5,27.4,27.4,27.5,27.5,27.5,27.6,27.4,27.4,27.4,27.4,27.5,27.5,27.3,27.4,27.5,27.5,27.5,27.3,27.3,27.5,27.5,27.3,27.4,27.2,27.5,27.4,27.4,27.2,27.2,27.3,27.4,27.4,27.3,27.2,27.3,27.3,27.2,27.3,27.3,27.2,27.4,27.1,27.2,27.5,27.2
17,27.3,27.3,27.2,27.2,27.2,27.2,27.1,27.2,27.2,27.1,27.4,27.2,27.3,27.1,27.2,27.2,27.2,27.2,27.1,27.2,27.2,27.3,27.2,27.3,27.1,27.3,27.2,27.3,27.5,27.3,27.2,27.2,27.2,27.2,27.2,27.4,27.3,27.3,27.2,27.4,27.2,27.4,27.4,27.3,27.3,27.5,27.4,27.5,27.4,27.4,27.3,27.6,27.5,27.4,27.3,27.4,27.5,27.3,27.3,27.5,27.5,27.3,27.4,27.5,27.6,27.4,27.5,27.3,27.4,27.5,27.4,27.4,27.5,27.3,27.5,27.3,27.5,27.6,27.4,27.5,27.5,27.6,27.4,27.5,27.4,27.5,27.5,27.4,27.5,27.5,27.5,27.4,27.6,27.5,27.5,27.7,27.5,27.7,27.5,27.5,27.5,27.6,27.6,27.5,27.6,27.4,27.6,27.4,27.4,27.6,27.5,27.4,27.6,27.5,27.5,27.4,27.5,27.6,27.5,27.5,27.4,27.5,27.3,27.5,27.5,27.5,27.4,27.5,27.6,27.6,27.4,27.6,27.4,27.5,27.5,27.7,27.5,27.5,27.4,27.3,27.5,27.2,27.4,27.5,27.5,27.4,27.5,27.4,27.3,27.4,27.5,27.5,27.5,27.4,27.4,27.5,27.3,27.5,27.5,27.5,27.5,27.3,27.5,27.4,27.5,27.4,27.5,27.4,27.4,27.3,27.4,27.4,27.5,27.4,27.4,27.3,27.2,27.2,27.2,27.4,27.3,27.2,27.3,27.3,27.3,27.2,27.2,27.3,27.1,27.4,27.3,27.2
18,27.3,27.1,27.3,27.1,27.0,27.3,27.2,27.1,27.0,27.0,27.2,27.2,27.2,27.2,27.5,27.2,27.2,27.1,27.2,27.3,27.2,27.3,27.1,27.2,27.3,27.3,27.4,27.4,27.3,27.2,27.3,27.3,27.5,27.0,27.3,27.4,27.5,27.5,27.2,27.5,27.2,27.6,27.4,27.3,27.3,27.5,27.3,27.5,27.3,27.3,27.4,27.5,27.5,27.5,27.5,27.3,27.5,27.3,27.5,27.5,27.5,27.2,27.2,27.4,27.4,27.3,27.5,27.6,27.4,27.4,27.3,27.5,27.5,27.5,27.6,27.6,27.5,27.5,27.5,27.6,27.5,27.6,27.5,27.5,27.5,27.4,27.5,27.6,27.6,27.7,27.4,27.6,27.6,27.4,27.5,27.7,27.7,27.5,27.5,27.6,27.7,27.5,27.5,27.7,27.6,27.4,27.7,27.6,27.5,27.6,27.5,27.4,27.5,27.4,27.6,27.6,27.5,27.5,27.5,27.4,27.5,27.4,27.6,27.6,27.7,27.5,27.7,27.6,27.4,27.5,27.5,27.5,27.4,27.5,27.5,27.5,27.5,27.6,27.5,27.5,27.5,27.5,27.4,27.4,27.5,27.5,27.5,27.5,27.4,27.5,27.5,27.4,27.5,27.4,27.4,27.4,27.3,27.5,27.4,27.5,27.3,27.6,27.5,27.6,27.3,27.3,27.5,27.4,27.5,27.3,27.3,27.4,27.4,27.4,27.4,27.2,27.5,27.3,27.4,27.2,27.4,27.2,27.4,27.3,27.3,27.2,27.3,27.2,27.2,27.1,27.3,27.3
19,27.3,27.0,27.1,27.2,27.3,27.1,27.0,27.2,27.3,27.2,27.2,27.2,27.3,27.1,27.3,27.4,27.2,27.2,27.2,27.3,27.4,27.2,27.1,27.3,27.1,27.5,27.2,27.1,27.4,27.3,27.2,27.4,27.3,27.3,27.3,27.1,27.2,27.3,27.2,27.3,27.4,27.3,27.3,27.4,27.3,27.4,27.4,27.2,27.4,27.4,27.5,27.5,27.4,27.4,27.4,27.4,27.5,27.5,27.5,27.5,27.5,27.5,27.5,27.2,27.3,27.4,27.5,27.5,27.5,27.5,27.4,27.5,27.6,27.5,27.5,27.4,27.5,27.5,27.6,27.5,27.6,27.6,27.5,27.4,27.6,27.4,27.7,27.5,27.5,27.6,27.5,27.5,27.7,27.5,27.7,27.5,27.5,27.5,27.5,27.6,27.5,27.6,27.6,27.6,27.5,27.5,27.5,27.7,27.6,27.5,27.6,27.6,27.5,27.6,27.5,27.7,27.3,27.5,27.5,27.7,27.5,27.5,27.5,27.4,27.5,27.7,27.7,27.5,27.4,27.5,27.3,27.6,27.7,27.5,27.5,27.5,27.5,27.5,27.5,27.5,27.5,27.5,27.5,27.5,27.6,27.5,27.5,27.3,27.5,27.3,27.4,27.3,27.5,27.5,27.3,27.5,27.3,27.5,27.4,27.5,27.4,27.4,27.4,27.3,27.5,27.5,27.4,27.5,27.4,27.5,27.3,27.4,27.5,27.5,27.5,27.3,27.5,27.5,27.4,27.2,27.2,27.2,27.2,27.2,27.4,27.5,27.4,27.2,27.3,27.2,27.3,27.3
20,27.2,27.2,27.1,27.2,27.2,27.2,27.1,27.2,27.0,27.2,27.1,27.4,27.1,27.2,27.2,27.2,27.1,27.2,27.2,27.2,27.2,27.3,27.3,27.3,27.2,27.4,27.2,27.2,27.2,27.2,27.2,27.2,27.2,27.2,27.2,27.2,27.4,27.3,27.3,27.5,27.5,27.5,27.5,27.7,27.4,27.3,27.4,27.4,27.3,27.5,27.4,27.5,27.4,27.4,27.3,27.5,27.7,27.4,27.3,27.4,27.4,27.4,27.3,27.3,27.3,27.5,27.5,27.4,27.5,27.6,27.6,27.5,27.7,27.6,27.5,27.7,27.6,27.5,27.5,27.5,27.6,27.5,27.6,27.7,27.6,27.4,27.5,27.7,27.4,27.5,27.5,27.5,27.5,27.7,27.5,27.7,27.5,27.6,27.4,27.7,27.7,27.5,27.5,27.6,27.6,27.5,27.5,27.4,27.6,27.6,27.6,27.7,27.5,27.6,27.5,27.6,27.5,27.5,27.5,27.5,27.7,27.9,27.5,27.7,27.6,27.7,27.5,27.5,27.5,27.5,27.5,27.6,27.4,27.5,27.6,27.5,27.5,27.6,27.5,27.6,27.5,27.5,27.6,27.5,27.4,27.6,27.5,27.5,27.4,27.5,27.5,27.5,27.5,27.3,27.5,27.6,27.6,27.4,27.4,27.5,27.6,27.6,27.5,27.3,27.4,27.2,27.5,27.5,27.3,27.3,27.3,27.3,27.3,27.3,27.3,27.2,27.3,27.2,27.5,27.2,27.3,27.2,27.2,27.5,27.3,27.2,27.3,27.3,27.2,27.3,27.3,27.0
21,27.2,27.2,27.2,27.4,27.2,27.2,27.2,27.2,27.3,27.2,27.3,27.1,27.3,27.1,27.3,27.2,27.1,27.3,27.2,27.2,27.1,27.2,27.2,27.2,27.1,27.2,27.4,27.3,27.2,27.3,27.3,27.3,27.5,27.4,27.4,27.5,27.4,27.3,27.3,27.5,27.2,27.4,27.5,27.6,27.2,27.4,27.3,27.5,27.5,27.4,27.5,27.4,27.3,27.4,27.4,27.4,27.4,27.3,27.3,27.3,27.6,27.4,27.3,27.5,27.5,27.4,27.5,27.5,27.5,27.4,27.5,27.6,27.6,27.6,27.5,27.6,27.3,27.7,27.3,27.3,27.6,27.5,27.5,27.6,27.6,27.4,27.5,27.6,27.7,27.5,27.5,27.6,27.6,27.6,27.6,27.5,27.5,27.4,27.5,27.5,27.4,27.5,27.6,27.6,27.5,27.4,27.6,27.5,27.4,27.5,27.6,27.7,27.5,27.6,27.7,27.6,27.5,27.6,27.5,27.3,27.5,27.7,27.5,27.6,27.4,27.4,27.5,27.6,27.4,27.4,27.5,27.5,27.5,27.4,27.5,27.5,27.5,27.5,27.7,27.5,27.5,27.5,27.4,27.5,27.5,27.3,27.4,27.4,27.4,27.4,27.3,27.5,27.4,27.5,27.4,27.4,27.7,27.3,27.4,27.4,27.5,27.4,27.6,27.4,27.6,27.4,27.5,27.5,27.2,27.4,27.2,27.2,27.4,27.4,27.4,27.2,27.4,27.3,27.3,27.1,27.3,27.4,27.3,27.2,27.3,27.2,27.5,27.3,27.2,27.3,27.2,27.2
22,27.2,27.2,27.0,27.1,27.2,27.1,27.1,27.3,27.2,27.1,27.2,27.1,27.1,27.0,27.2,27.2,27.2,27.2,27.2,27.2,27.3,27.2,27.2,27.2,27.2,27.3,27.1,27.2,27.3,27.1,27.4,27.5,27.3,27.3,27.2,27.5,27.2,27.4,27.3,27.4,27.4,27.4,27.3,27.5,27.4,27.3,27.4,27.4,27.5,27.2,27.6,27.4,27.4,27.4,27.5,27.5,27.5,27.5,27.4,27.4,27.4,27.4,27.5,27.6,27.5,27.5,27.2,27.5,27.5,27.4,27.6,27.4,27.4,27.4,27.6,27.4,27.5,27.6,27.7,27.3,27.5,27.4,27.5,27.5,27.5,27.5,27.7,27.7,27.5,27.7,27.6,27.5,27.5,27.5,27.5,27.6,27.6,27.5,27.5,27.4,27.6,27.5,27.5,27.6,27.6,27.6,27.6,27.5,27.6,27.5,27.6,27.5,27.4,27.6,27.5,27.6,27.5,27.5,27.6,27.5,27.4,27.5,27.4,27.5,27.5,27.5,27.5,27.5,27.5,27.6,27.5,27.5,27.5,27.5,27.5,27.4,27.3,27.4,27.6,27.5,27.5,27.5,27.5,27.3,27.5,27.6,27.6,27.3,27.6,27.5,27.6,27.6,27.5,27.5,27.5,27.5,27.3,27.4,27.4,27.5,27.4,27.5,27.2,27.5,27.5,27.4,27.3,27.4,27.2,27.2,27.5,27.5,27.3,27.5,27.3,27.3,27.3,27.3,27.2,27.4,27.3,27.1,27.3,27.2,27.3,27.2,27.3,27.3,27.3,27.4,27.5,27.2
23,27.0,27.4,27.2,27.3,27.1,27.3,27.1,27.2,27.0,27.1,27.2,27.2,27.2,27.2,27.2,27.2,27.1,27.2,27.2,27.2,27.4,27.1,27.2,27.0,27.2,27.2,27.4,27.3,27.2,27.2,27.4,27.4,27.4,27.4,27.3,27.2,27.2,27.5,27.5,27.5,27.4,27.4,27.3,27.4,27.3,27.6,27.4,27.5,27.4,27.4,27.3,27.5,27.4,27.5,27.4,27.4,27.5,27.5,27.5,27.5,27.4,27.5,27.4,27.5,27.5,27.5,27.4,27.5,27.4,27.7,27.6,27.4,27.6,27.5,27.5,27.6,27.5,27.6,27.5,27.5,27.7,27.6,27.6,27.5,27.5,27.5,27.5,27.7,27.6,27.6,27.7,27.6,27.6,27.7,27.6,27.6,27.6,27.5,27.5,27.6,27.7,27.9,27.5,27.7,27.5,27.6,27.4,27.5,27.6,27.6,27.7,27.7,27.6,27.6,27.6,27.6,27.6,27.5,27.5,27.7,27.6,27.4,27.8,27.7,27.4,27.5,27.5,27.5,27.6,27.7,27.4,27.5,27.6,27.5,27.6,27.7,27.6,27.7,27.6,27.6,27.5,27.5,27.5,27.7,27.3,27.6,27.4,27.5,27.5,27.4,27.5,27.6,27.5,27.5,27.5,27.5,27.6,27.6,27.5,27.5,27.3,27.5,27.7,27.5,27.4,27.4,27.5,27.5,27.4,27.3,27.5,27.4,27.3,27.2,27.5,27.3,27.4,27.2,27.2,27.3,27.5,27.3,27.3,27.5,27.2,27.4,27.2,27.3,27.4,27.4,27.5,27.3
24,27.0,27.3,27.1,27.2,27.1,27.1,27.2,27.2,27.2,27.2,27.0,27.2,27.4,27.3,27.2,27.2,27.2,27.2,27.2,27.3,27.2,27.3,27.3,27.2,27.2,27.3,27.3,27.3,27.3,27.3,27.4,27.2,27.5,27.3,27.4,27.4,27.4,27.5,27.5,27.3,27.4,27.3,27.5,27.4,27.3,27.5,27.4,27.4,27.4,27.5,27.6,27.5,27.6,27.3,27.4,27.5,27.4,27.5,27.5,27.4,27.5,27.6,27.4,27.6,27.4,27.5,27.5,27.5,27.6,27.5,27.6,27.6,27.5,27.6,27.6,27.5,27.5,27.6,27.6,27.5,27.5,27.5,27.6,27.5,27.7,27.6,27.6,27.7,27.7,27.5,27.6,27.6,27.6,27.5,27.6,27.7,27.6,27.7,27.5,27.6,27.7,27.6,27.7,27.7,27.7,27.6,27.4,27.4,27.5,27.5,27.6,27.6,27.5,27.6,27.6,27.5,27.5,27.6,27.5,27.6,27.5,27.6,27.5,27.5,27.6,27.5,27.6,27.6,27.5,27.6,27.7,27.5,27.6,27.6,27.6,27.5,27.7,27.6,27.7,27.5,27.6,27.5,27.5,27.5,27.6,27.5,27.5,27.4,27.5,27.5,27.6,27.3,27.4,27.4,27.6,27.5,27.5,27.5,27.6,27.5,27.6,27.4,27.2,27.3,27.4,27.4,27.5,27.6,27.3,27.5,27.2,27.4,27.3,27.4,27.3,27.3,27.4,27.3,27.4,27.3,27.5,27.2,27.3,27.3,27.2,27.3,27.2,27.4,27.1,27.3,27.4,27.4
25,27.1,27.0,27.4,27.2,27.0,27.3,27.1,27.1,27.2,27.2,27.1,27.1,27.2,27.2,27.2,27.1,27.1,27.2,27.1,27.4,27.1,27.2,27.4,27.3,27.2,27.3,27.2,27.3,27.4,27.3,27.5,27.2,27.4,27.4,27.3,27.4,27.3,27.5,27.4,27.5,27.2,27.3,27.5,27.5,27.3,27.5,27.4,27.5,27.4,27.5,27.5,27.5,27.4,27.4,27.4,27.6,27.5,27.4,27.4,27.7,27.6,27.5,27.7,27.4,27.5,27.5,27.5,27.5,27.5,27.5,27.6,27.6,27.4,27.5,27.6,27.7,27.6,27.5,27.7,27.5,27.7,27.6,27.6,27.6,27.7,27.5,27.4,27.7,27.7,27.6,27.7,27.8,27.6,27.5,27.5,27.6,27.4,27.5,27.7,27.5,27.8,27.7,27.6,27.7,27.7,27.6,27.4,27.5,27.5,27.6,27.6,27.6,27.6,27.6,27.5,27.7,27.8,27.7,27.8,27.6,27.6,27.6,27.5,27.5,27.5,27.6,27.7,27.6,27.6,27.5,27.7,27.6,27.4,27.5,27.5,27.6,27.5,27.5,27.5,27.5,27.5,27.7,27.4,27.5,27.6,27.5,27.6,27.5,27.4,27.5,27.6,27.3,27.5,27.4,27.6,27.5,27.5,27.5,27.5,27.5,27.4,27.5,27.5,27.5,27.3,27.1,27.5,27.6,27.3,27.4,27.3,27.4,27.5,27.5,27.5,27.2,27.3,27.5,27.3,27.4,27.4,27.2,27.4,27.4,27.4,27.4,27.4,27.2,27.2,27.5,27.2,27.3
26,27.3,27.1,27.1,27.0,27.3,27.1,27.2,27.1,27.3,27.1,27.1,27.2,27.1,27.1,27.3,27.3,26.9,27.3,27.4,27.3,27.2,27.2,27.2,27.2,27.3,27.3,27.3,27.3,27.4,27.5,27.2,27.3,27.4,27.4,27.5,27.3,27.2,27.6,27.4,27.6,27.6,27.3,27.4,27.5,27.3,27.5,27.5,27.4,27.5,27.2,27.4,27.4,27.5,27.5,27.5,27.5,27.4,27.5,27.4,27.5,27.5,27.3,27.5,27.5,27.4,27.6,27.3,27.5,27.5,27.5,27.5,27.4,27.6,27.6,27.7,27.6,27.5,27.5,27.5,27.6,27.5,27.4,27.5,27.6,27.6,27.5,27.8,27.6,27.6,27.7,27.6,27.7,27.5,27.6,27.7,27.7,27.7,27.6,27.8,27.5,27.7,27.7,27.4,27.7,27.6,27.7,27.6,27.5,27.5,27.6,27.5,27.4,27.6,27.7,27.6,27.6,27.6,27.6,27.5,27.5,27.7,27.4,27.7,27.6,27.7,27.3,27.4,27.6,27.7,27.6,27.5,27.7,27.6,27.6,27.5,27.6,27.5,27.5,27.6,27.5,27.7,27.6,27.6,27.6,27.7,27.5,27.4,27.4,27.5,27.4,27.5,27.5,27.5,27.5,27.4,27.4,27.5,27.5,27.5,27.7,27.4,27.4,27.4,27.5,27.5,27.4,27.3,27.5,27.4,27.4,27.7,27.4,27.3,27.6,27.3,27.3,27.3,27.4,27.5,27.4,27.5,27.4,27.4,27.4,27.3,27.3,27.1,27.4,27.2,27.3,27.4,27.4
27,27.2,27.2,27.1,27.2,27.1,27.2,27.2,27.2,27.2,27.2,27.2,27.2,27.1,27.2,27.2,27.2,27.2,27.2,27.3,27.4,27.2,27.3,27.3,27.2,27.4,27.6,27.3,27.3,27.3,27.4,27.4,27.3,27.5,27.5,27.5,27.4,27.5,27.5,27.4,27.5,27.3,27.4,27.5,27.4,27.3,27.3,27.5,27.5,27.4,27.5,27.5,27.4,27.3,27.2,27.3,27.5,27.4,27.4,27.3,27.5,27.5,27.5,27.3,27.6,27.5,27.5,27.6,27.5,27.5,27.4,27.5,27.4,27.5,27.5,27.5,27.6,27.6,27.6,27.6,27.6,27.7,27.6,27.5,27.5,27.5,27.7,27.7,27.7,27.5,27.5,27.6,27.6,27.7,27.6,27.5,27.6,27.7,27.7,27.7,27.7,27.7,27.7,27.7,27.6,27.5,27.7,27.7,27.7,27.7,27.7,27.7,27.7,27.6,27.6,27.6,27.7,27.7,27.7,27.6,27.5,27.5,27.6,27.5,27.7,27.6,27.5,27.7,27.6,27.5,27.7,27.6,27.5,27.5,27.5,27.6,27.5,27.6,27.5,27.7,27.6,27.6,27.5,27.7,27.5,27.7,27.7,27.5,27.4,27.5,27.5,27.6,27.5,27.4,27.3,27.5,27.6,27.6,27.6,27.7,27.5,27.5,27.5,27.5,27.5,27.5,27.2,27.5,27.5,27.5,27.5,27.4,27.2,27.3,27.5,27.4,27.4,27.4,27.6,27.6,27.2,27.5,27.4,27.4,27.6,27.4,27.4,27.4,27.3,27.3,27.3,27.4,27.4
28,27.2,27.1,27.1,27.2,27.2,27.2,27.2,27.0,27.2,27.2,27.1,27.3,27.2,27.2,27.2,27.1,27.1,27.1,27.1,27.3,27.2,27.2,27.3,27.2,27.3,27.3,27.2,27.2,27.2,27.4,27.3,27.2,27.5,27.3,27.3,27.4,27.5,27.3,27.5,27.4,27.5,27.3,27.4,27.5,27.4,27.3,27.4,27.5,27.3,27.4,27.4,27.5,27.3,27.3,27.5,27.4,27.5,27.4,27.5,27.4,27.5,27.5,27.4,27.6,27.6,27.7,27.5,27.6,27.6,27.4,27.5,27.5,27.2,27.4,27.5,27.7,27.5,27.5,27.6,27.5,27.7,27.6,27.5,27.6,27.6,27.7,27.6,27.7,27.6,27.7,27.5,27.6,27.5,27.5,27.6,27.6,27.5,27.5,27.5,27.7,27.7,27.6,27.7,27.7,27.7,27.8,27.7,27.7,27.9,27.7,27.6,27.5,27.6,27.6,27.6,27.6,27.8,27.7,27.6,27.6,27.6,27.5,27.5,27.6,27.8,27.5,27.5,27.7,27.5,27.7,27.6,27.6,27.6,27.5,27.8,27.7,27.6,27.6,27.6,27.7,27.5,27.4,27.5,27.7,27.6,27.5,27.4,27.5,27.6,27.4,27.6,27.5,27.5,27.5,27.5,27.5,27.6,27.5,27.5,27.5,27.4,27.6,27.5,27.4,27.4,27.5,27.5,27.3,27.5,27.4,27.4,27.2,27.6,27.4,27.5,27.4,27.5,27.2,27.3,27.1,27.4,27.2,27.4,27.4,27.3,27.2,27.2,27.4,27.2,27.2,27.4,27.5
29,27.0,27.0,27.4,27.1,27.1,27.2,27.1,27.1,27.1,27.1,27.2,27.1,27.2,27.0,27.1,27.2,27.1,27.2,27.1,27.3,27.2,27.2,27.4,27.4,27.2,27.5,27.2,27.3,27.2,27.3,27.4,27.2,27.3,27.5,27.2,27.3,27.3,27.6,27.3,27.5,27.5,27.4,27.3,27.4,27.2,27.4,27.4,27.3,27.2,27.5,27.5,27.5,27.4,27.6,27.3,27.4,27.2,27.4,27.4,27.5,27.5,27.5,27.5,27.3,27.5,27.3,27.6,27.5,27.4,27.6,27.3,27.5,27.4,27.5,27.6,27.6,27.4,27.6,27.5,27.6,27.6,27.7,27.6,27.6,27.6,27.7,27.6,27.6,27.5,27.7,27.5,27.5,27.7,27.7,27.7,27.7,27.6,27.7,27.5,27.5,27.6,27.6,27.5,27.8,27.5,27.9,27.6,27.6,27.6,27.5,27.7,27.7,27.6,27.4,27.6,27.9,27.7,27.8,27.7,27.8,27.5,27.7,27.6,27.6,27.6,27.5,27.6,27.5,27.3,27.4,27.7,27.6,27.6,27.6,27.5,27.7,27.5,27.5,27.5,27.4,27.5,27.5,27.7,27.6,27.6,27.6,27.5,27.6,27.5,27.4,27.5,27.5,27.5,27.4,27.4,27.5,27.5,27.5,27.5,27.5,27.5,27.4,27.4,27.5,27.4,27.5,27.5,27.6,27.4,27.3,27.3,27.3,27.3,27.6,27.4,27.4,27.3,27.4,27.3,27.5,27.5,27.4,27.3,27.5,27.3,27.2,27.4,27.4,27.3,27.3,27.2,27.4
30,27.0,27.1,27.1,27.2,27.1,27.4,27.1,27.2,27.2,27.1,27.1,27.4,27.1,27.5,27.2,27.2,27.0,27.2,27.3,27.3,27.2,27.4,27.3,27.4,27.3,27.5,27.5,27.4,27.5,27.3,27.4,27.5,27.5,27.3,27.4,27.5,27.5,27.5,27.5,27.5,27.4,27.3,27.5,27.5,27.5,27.5,27.6,27.4,27.5,27.5,27.5,27.3,27.5,27.2,27.5,27.6,27.3,27.4,27.4,27.4,27.4,27.5,27.5,27.7,27.6,27.8,27.5,27.5,27.5,27.6,27.5,27.5,27.7,27.5,27.7,27.5,27.5,27.5,27.5,27.8,27.5,27.6,27.5,27.7,27.6,27.6,27.7,27.7,27.7,27.6,27.5,27.7,27.5,27.8,27.7,27.6,27.6,27.7,27.7,27.7,27.9,27.8,27.6,27.8,27.7,27.7,27.8,27.7,27.8,27.6,27.7,27.7,27.6,27.5,27.6,27.6,27.7,27.6,27.7,27.5,27.7,27.6,27.7,27.6,27.5,27.5,27.6,27.5,27.6,27.7,27.7,27.7,27.6,27.7,27.8,27.6,27.6,27.5,27.5,27.6,27.5,27.6,27.5,27.5,27.6,27.6,27.7,27.6,27.5,27.6,27.5,27.5,27.5,27.4,27.6,27.5,27.4,27.5,27.4,27.5,27.4,27.4,27.4,27.3,27.5,27.4,27.3,27.5,27.5,27.7,27.5,27.4,27.5,27.5,27.5,27.3,27.5,27.5,27.2,27.3,27.4,27.2,27.3,27.5,27.3,27.3,27.2,27.3,27.2,27.3,27.3,27.2
31,27.2,27.4,27.2,27.3,27.4,27.2,27.2,27.2,27.3,27.3,27.4,27.3,27.5,27.3,27.1,27.2,27.2,27.2,27.2,27.3,27.3,27.4,27.3,27.4,27.4,27.3,27.5,27.5,27.4,27.4,27.5,27.5,27.6,27.4,27.3,27.6,27.6,27.5,27.4,27.4,27.6,27.5,27.4,27.5,27.3,27.3,27.6,27.4,27.5,27.5,27.6,27.5,27.5,27.4,27.6,27.6,27.5,27.3,27.4,27.6,27.7,27.7,27.5,27.5,27.5,27.6,27.4,27.5,27.5,27.5,27.5,27.5,27.5,27.7,27.6,27.5,27.5,27.8,27.8,27.5,27.6,27.6,27.8,27.7,27.7,27.7,27.8,27.7,27.7,27.7,27.7,27.8,27.7,27.6,27.7,27.7,27.8,27.7,27.7,27.6,27.7,27.6,27.6,27.6,27.7,27.7,27.8,27.7,27.6,27.5,27.6,27.5,27.7,27.7,27.5,27.7,27.7,27.5,27.5,27.7,27.8,27.6,27.7,27.7,27.6,27.7,27.8,27.7,27.7,27.7,27.7,27.6,27.5,27.5,27.7,27.9,27.6,27.5,27.6,27.6,27.7,27.6,27.5,27.6,27.5,27.5,27.4,27.6,27.5,27.6,27.6,27.6,27.6,27.5,27.5,27.6,27.7,27.7,27.4,27.5,27.6,27.6,27.5,27.5,27.4,27.4,27.6,27.5,27.3,27.6,27.4,27.2,27.3,27.4,27.3,27.2,27.4,27.4,27.4,27.4,27.3,27.4,27.3,27.2,27.2,27.2,27.4,27.3,27.2,27.3,27.4,27.3
32,27.2,27.4,27.3,27.2,27.2,27.3,27.2,27.2,26.9,27.2,27.3,27.2,27.2,27.2,27.4,27.3,27.4,27.2,27.2,27.2,27.1,27.3,27.3,27.3,27.5,27.5,27.4,27.5,27.2,27.4,27.3,27.4,27.4,27.4,27.4,27.5,27.4,27.4,27.5,27.5,27.4,27.5,27.6,27.5,27.4,27.5,27.4,27.5,27.4,27.4,27.3,27.6,27.6,27.5,27.4,27.5,27.6,27.5,27.5,27.5,27.4,27.5,27.4,27.4,27.7,27.7,27.6,27.6,27.6,27.6,27.6,27.5,27.5,27.6,27.5,27.6,27.7,27.6,27.6,27.7,27.6,27.6,27.8,27.7,27.7,27.7,27.5,27.7,27.6,27.7,27.7,27.9,27.7,27.7,27.6,27.6,27.7,27.7,27.8,27.6,27.6,27.6,27.6,27.7,27.7,27.7,27.7,27.7,27.7,27.5,27.7,27.7,27.7,27.5,27.7,27.6,27.6,27.5,27.5,27.5,27.4,27.6,27.7,27.6,27.5,27.5,27.7,27.5,27.7,27.8,27.8,27.6,27.5,27.7,27.6,27.6,27.6,27.6,27.7,27.7,27.7,27.5,27.7,27.6,27.5,27.5,27.4,27.5,27.4,27.5,27.5,27.6,27.5,27.4,27.7,27.6,27.6,27.4,27.5,27.5,27.6,27.6,27.7,27.7,27.3,27.5,27.4,27.4,27.4,27.5,27.4,27.4,27.5,27.5,27.5,27.4,27.3,27.3,27.5,27.3,27.3,27.4,27.4,27.4,27.3,27.4,27.3,27.3,27.4,27.4,27.5,27.4
33,27.2,27.1,27.3,27.2,27.1,27.2,27.2,27.1,27.2,27.3,27.0,27.3,27.3,27.2,27.2,27.4,27.5,27.3,27.2,27.2,27.2,27.2,27.3,27.3,27.4,27.4,27.3,27.5,27.4,27.5,27.2,27.3,27.3,27.4,27.4,27.4,27.2,27.3,27.4,27.5,27.4,27.4,27.4,27.4,27.4,27.6,27.5,27.5,27.3,27.5,27.4,27.4,27.4,27.5,27.3,27.5,27.5,27.4,27.5,27.7,27.5,27.4,27.4,27.5,27.5,27.4,27.6,27.5,27.7,27.5,27.6,27.5,27.7,27.6,27.6,27.5,27.6,27.5,27.7,27.9,27.7,27.4,27.8,27.8,27.8,27.7,27.5,27.6,27.6,27.6,27.6,27.7,27.5,27.7,27.7,27.8,27.7,27.9,27.8,27.6,27.8,27.8,27.6,27.7,27.7,27.7,27.7,27.6,27.8,27.7,27.7,27.7,27.6,27.7,27.6,27.5,27.6,27.6,27.6,27.6,27.7,27.6,27.6,27.5,27.6,27.6,27.4,27.4,27.6,27.5,27.5,27.6,27.5,27.6,27.5,27.6,27.6,27.5,27.5,27.5,27.4,27.5,27.5,27.7,27.6,27.6,27.5,27.6,27.6,27.7,27.8,27.5,27.7,27.5,27.5,27.5,27.6,27.6,27.5,27.7,27.4,27.7,27.5,27.5,27.5,27.4,27.5,27.5,27.4,27.4,27.4,27.4,27.3,27.5,27.5,27.4,27.3,27.3,27.3,27.4,27.3,27.5,27.4,27.4,27.5,27.5,27.4,27.4,27.4,27.2,27.2,27.3
34,27.3,27.1,27.3,27.3,27.3,27.3,27.2,27.1,27.2,27.2,27.2,27.3,27.2,27.2,27.3,27.3,27.2,27.2,27.2,27.3,27.3,27.2,27.2,27.3,27.3,27.5,27.2,27.4,27.3,27.5,27.4,27.4,27.4,27.4,27.3,27.4,27.5,27.4,27.2,27.5,27.4,27.5,27.3,27.5,27.5,27.5,27.3,27.5,27.4,27.3,27.6,27.6,27.4,27.4,27.5,27.5,27.5,27.3,27.3,27.5,27.5,27.5,27.4,27.5,27.3,27.4,27.5,27.5,27.4,27.4,27.6,27.6,27.6,27.4,27.7,27.6,27.4,27.5,27.4,27.7,27.6,27.7,27.7,27.7,27.7,27.5,27.7,27.5,27.6,27.8,27.7,27.6,27.7,27.7,27.6,27.7,27.7,27.8,27.6,27.8,27.9,27.9,27.7,27.6,27.7,27.7,27.8,27.5,27.7,27.5,27.8,27.8,27.7,27.5,27.5,27.5,27.5,27.5,27.5,27.5,27.5,27.6,27.5,27.5,27.4,27.5,27.5,27.4,27.5,27.5,27.4,27.5,27.5,27.7,27.6,27.7,27.7,27.6,27.5,27.5,27.5,27.7,27.4,27.5,27.5,27.6,27.6,27.5,27.6,27.6,27.7,27.6,27.7,27.5,27.5,27.5,27.6,27.4,27.6,27.5,27.5,27.6,27.7,27.5,27.4,27.2,27.4,27.5,27.2,27.4,27.3,27.4,27.3,27.5,27.5,27.5,27.5,27.5,27.3,27.5,27.3,27.5,27.4,27.3,27.4,27.4,27.5,27.3,27.4,27.1,27.4,27.3
35,27.4,27.3,27.2,27.3,27.1,27.3,27.1,27.2,27.1,27.2,27.2,27.2,27.3,27.3,27.3,27.3,27.4,27.5,27.2,27.2,27.5,27.5,27.4,27.3,27.3,27.3,27.3,27.4,27.2,27.4,27.5,27.5,27.3,27.4,27.5,27.4,27.5,27.4,27.5,27.4,27.4,27.6,27.3,27.5,27.5,27.5,27.5,27.3,27.4,27.3,27.4,27.3,27.4,27.5,27.7,27.5,27.4,27.2,27.2,27.1,27.1,27.3,27.3,27.5,27.6,27.8,27.6,27.6,27.5,27.7,27.5,27.6,27.5,27.6,27.7,27.5,27.7,27.7,27.7,27.5,27.6,27.6,27.7,27.7,27.7,27.7,27.7,27.7,27.5,27.8,27.6,27.8,27.7,27.7,27.7,27.7,27.7,27.6,27.7,27.7,27.7,27.7,27.6,27.7,27.8,27.8,27.6,27.7,27.7,27.6,27.7,27.8,27.5,27.5,27.3,27.6,27.3,27.3,27.2,27.5,27.3,27.3,27.4,27.5,27.5,27.5,27.2,27.3,27.5,27.5,27.4,27.4,27.4,27.4,27.5,27.6,27.6,27.5,27.7,27.6,27.6,27.5,27.5,27.6,27.6,27.6,27.6,27.5,27.6,27.7,27.6,27.7,27.5,27.4,27.5,27.7,27.5,27.5,27.6,27.5,27.5,27.7,27.6,27.6,27.6,27.5,27.4,27.2,27.5,27.6,27.5,27.2,27.5,27.5,27.5,27.4,27.3,27.5,27.2,27.3,27.3,27.3,27.4,27.4,27.4,27.5,27.2,27.3,27.5,27.3,27.4,27.3
36,27.3,27.2,27.1,27.4,27.2,27.1,27.1,27.2,27.3,27.0,27.2,27.2,27.4,27.2,27.3,27.6,27.2,27.2,27.3,27.2,27.3,27.4,27.4,27.2,27.3,27.4,27.5,27.4,27.4,27.4,27.4,27.2,27.4,27.4,27.3,27.5,27.4,27.4,27.5,27.4,27.5,27.6,27.5,27.4,27.3,27.2,27.2,27.3,27.1,27.4,27.2,27.2,27.2,27.4,27.5,27.5,27.4,27.1,27.2,27.0,26.9,27.0,27.2,27.3,27.4,27.6,27.6,27.2,27.4,27.6,27.5,27.5,27.5,27.5,27.5,27.5,27.6,27.5,27.7,27.6,27.5,27.6,27.7,27.8,27.7,27.7,27.6,27.6,27.6,27.8,27.7,27.7,27.7,27.8,27.6,27.7,27.6,27.7,27.7,27.8,27.7,27.8,27.8,27.7,27.9,27.6,27.7,27.7,27.6,27.6,27.7,27.4,27.6,27.3,27.2,27.3,27.2,27.3,27.2,27.4,27.4,27.2,27.3,27.3,27.4,27.4,27.3,27.3,27.4,27.3,27.2,27.4,27.5,27.5,27.5,27.5,27.6,27.5,27.6,27.7,27.5,27.4,27.5,27.4,27.5,27.5,27.6,27.7,27.6,27.3,27.6,27.6,27.7,27.6,27.6,27.6,27.7,27.5,27.6,27.5,27.6,27.7,27.5,27.6,27.4,27.6,27.5,27.7,27.5,27.5,27.5,27.4,27.4,27.4,27.5,27.4,27.3,27.5,27.4,27.5,27.4,27.4,27.3,27.3,27.2,27.4,27.5,27.4,27.0,27.2,27.5,27.2
37,27.3,27.2,27.2,27.3,27.3,27.4,27.1,27.1,27.2,27.2,27.2,27.1,27.4,27.3,27.2,27.2,27.2,27.3,27.2,27.3,27.3,27.2,27.4,27.4,27.2,27.3,27.4,27.5,27.4,27.5,27.5,27.4,27.4,27.4,27.5,27.5,27.5,27.4,27.4,27.5,27.4,27.4,27.5,27.6,27.3,27.3,27.3,27.2,27.0,26.9,27.0,26.9,27.0,27.1,27.5,27.5,27.4,27.1,27.0,26.9,26.6,26.7,27.1,27.4,27.5,27.4,27.5,27.5,27.5,27.5,27.7,27.4,27.7,27.6,27.4,27.5,27.5,27.5,27.4,27.6,27.4,27.5,27.7,27.6,27.5,27.6,27.6,27.6,27.7,27.6,27.6,27.5,27.6,27.6,27.7,27.7,27.6,27.7,27.7,27.5,27.8,27.7,27.6,27.7,27.5,27.6,27.7,27.5,27.5,27.6,27.5,27.6,27.4,27.0,27.1,27.0,27.0,27.0,27.0,27.0,27.0,27.0,27.0,27.1,27.1,27.2,26.9,27.1,27.0,27.3,27.1,27.4,27.5,27.6,27.5,27.6,27.6,27.5,27.6,27.5,27.7,27.5,27.4,27.6,27.6,27.6,27.6,27.6,27.5,27.6,27.5,27.6,27.7,27.6,27.6,27.7,27.7,27.5,27.5,27.5,27.5,27.7,27.5,27.6,27.4,27.6,27.5,27.5,27.4,27.2,27.5,27.6,27.2,27.4,27.4,27.5,27.3,27.5,27.5,27.5,27.3,27.3,27.4,27.3,27.2,27.4,27.5,27.5,27.4,27.4,27.5,27.5
38,27.3,27.1,27.3,27.2,27.4,27.3,27.1,27.3,27.1,27.3,27.3,27.3,27.4,27.3,27.4,27.2,27.3,27.3,27.2,27.5,27.2,27.5,27.3,27.3,27.3,27.7,27.4,27.2,27.4,27.4,27.4,27.5,27.5,27.5,27.4,27.5,27.5,27.5,27.4,27.5,27.5,27.5,27.6,27.4,27.4,27.2,27.4,26.9,27.0,27.0,27.0,26.8,27.0,26.8,27.0,27.4,27.4,27.1,26.9,26.9,27.0,26.6,27.0,27.2,27.5,27.5,27.5,27.3,27.4,27.3,27.4,27.4,27.3,27.5,27.4,27.4,27.4,27.5,27.5,27.4,27.5,27.5,27.5,27.6,27.5,27.4,27.7,27.6,27.6,27.6,27.6,27.6,27.3,27.6,27.5,27.6,27.5,27.6,27.6,27.6,27.7,27.6,27.6,27.6,27.6,27.8,27.7,27.6,27.6,27.6,27.8,27.4,27.4,27.2,27.4,26.8,27.1,26.9,26.9,27.2,27.1,27.1,27.2,27.0,27.0,27.0,27.0,26.9,26.9,27.0,27.1,27.3,27.2,27.6,27.6,27.6,27.5,27.4,27.6,27.6,27.6,27.6,27.7,27.7,27.7,27.4,27.5,27.7,27.5,27.7,27.5,27.7,27.6,27.5,27.5,27.5,27.6,27.5,27.5,27.5,27.6,27.6,27.5,27.5,27.6,27.5,27.4,27.6,27.4,27.4,27.5,27.5,27.5,27.4,27.5,27.7,27.5,27.4,27.4,27.4,27.5,27.4,27.4,27.5,27.4,27.4,27.3,27.4,27.4,27.5,27.5,27.2
39,27.4,27.2,27.4,27.2,27.3,27.3,27.4,27.5,27.2,27.2,27.3,27.3,27.3,27.3,27.4,27.4,27.4,27.4,27.4,27.3,27.4,27.3,27.3,27.5,27.4,27.6,27.5,27.4,27.3,27.4,27.3,27.5,27.5,27.5,27.5,27.4,27.5,27.4,27.6,27.4,27.5,27.4,27.5,27.4,27.2,27.4,27.1,26.9,27.0,26.8,26.8,27.0,26.8,26.9,27.1,27.3,27.1,27.2,27.1,26.9,27.1,27.1,27.0,27.3,27.4,27.4,27.4,27.4,27.3,27.3,27.5,27.4,27.4,27.2,27.3,27.2,27.4,27.3,27.3,27.2,27.3,27.4,27.4,27.3,27.4,27.4,27.4,27.5,27.3,27.3,27.3,27.4,27.6,27.5,27.4,27.6,27.4,27.3,27.4,27.3,27.5,27.7,27.5,27.5,27.5,27.4,27.4,27.6,27.4,27.3,27.3,27.4,27.4,27.0,27.2,27.0,27.0,27.0,26.9,27.1,27.1,27.0,27.1,27.2,27.1,27.0,27.0,27.0,27.0,27.1,27.1,27.1,27.2,27.5,27.6,27.4,27.5,27.5,27.5,27.5,27.6,27.6,27.6,27.7,27.5,27.5,27.7,27.5,27.7,27.7,27.7,27.7,27.5,27.6,27.7,27.4,27.6,27.7,27.6,27.6,27.5,27.7,27.6,27.6,27.7,27.6,27.6,27.7,27.4,27.4,27.3,27.6,27.5,27.5,27.5,27.5,27.4,27.3,27.3,27.4,27.4,27.4,27.4,27.3,27.5,27.5,27.4,27.5,27.4,27.4,27.5,27.4
40,27.5,27.3,27.2,27.2,27.3,27.4,27.3,27.2,27.5,27.3,27.2,27.2,27.2,27.5,27.6,27.3,27.5,27.4,27.4,27.3,27.5,27.4,27.4,27.3,27.5,27.3,27.4,27.5,27.5,27.3,27.6,27.5,27.6,27.6,27.5,27.5,27.5,27.6,27.5,27.5,27.5,27.7,27.6,27.5,27.5,27.2,27.1,27.0,27.0,27.1,27.0,26.9,26.9,26.9,27.0,27.1,27.1,27.0,27.2,27.0,27.0,27.0,26.9,27.2,27.3,27.4,27.4,27.4,27.3,27.1,27.1,27.3,27.2,27.1,27.3,27.3,27.1,27.0,27.1,27.2,27.0,27.1,27.2,27.2,27.2,27.0,27.2,27.1,27.2,27.2,27.1,27.2,27.3,27.1,27.3,27.3,27.2,27.2,27.3,27.2,27.2,27.3,27.3,27.3,27.3,27.2,27.1,27.2,27.3,27.2,27.4,27.3,27.1,27.0,27.0,26.8,27.3,27.2,27.2,27.1,27.2,27.2,27.2,27.1,27.1,27.2,27.0,27.2,27.2,27.0,27.1,27.4,27.3,27.4,27.3,27.5,27.5,27.6,27.6,27.5,27.5,27.5,27.3,27.6,27.7,27.6,27.7,27.6,27.6,27.7,27.6,27.7,27.6,27.5,27.7,27.6,27.6,27.7,27.7,27.7,27.3,27.7,27.4,27.7,27.6,27.6,27.5,27.5,27.5,27.4,27.5,27.6,27.6,27.5,27.4,27.4,27.5,27.5,27.3,27.4,27.4,27.2,27.5,27.3,27.3,27.3,27.3,27.2,27.4,27.3,27.5,27.3
41,27.4,27.4,27.4,27.3,27.4,27.4,27.4,27.2,27.4,27.3,27.1,27.2,27.5,27.3,27.5,27.3,27.4,27.3,27.4,27.4,27.5,27.3,27.4,27.4,27.3,27.4,27.5,27.5,27.5,27.7,27.5,27.5,27.6,27.6,27.5,27.3,27.5,27.5,27.5,27.5,27.5,27.6,27.6,27.6,27.3,27.2,26.9,26.8,26.9,27.0,26.9,27.1,26.8,27.1,27.1,27.0,27.0,27.0,26.9,27.0,26.9,27.0,26.8,27.0,27.1,27.2,27.2,27.2,27.4,27.0,27.1,27.3,27.3,27.1,27.2,27.2,26.9,27.0,27.0,26.9,26.9,27.0,27.1,26.9,27.0,27.0,26.9,27.1,27.0,27.0,27.1,27.1,26.9,27.0,27.0,27.1,27.0,26.8,26.9,27.0,27.1,27.0,26.9,27.0,27.1,27.0,27.0,27.0,26.9,26.8,26.9,27.0,27.0,26.8,27.1,27.1,27.1,27.1,27.2,27.0,27.3,27.0,27.3,27.0,27.4,27.1,27.1,27.3,27.2,27.1,27.1,27.2,27.3,27.2,27.4,27.5,27.4,27.4,27.4,27.7,27.8,27.7,27.6,27.6,27.6,27.6,27.6,27.6,27.4,27.6,27.5,27.7,27.5,27.5,27.5,27.8,27.7,27.7,27.7,27.6,27.5,27.5,27.5,27.6,27.6,27.6,27.5,27.6,27.5,27.5,27.5,27.6,27.6,27.6,27.6,27.4,27.5,27.4,27.5,27.5,27.5,27.5,27.5,27.5,27.4,27.4,27.5,27.4,27.4,27.5,27.5,27.5
42,27.2,27.2,27.3,27.2,27.2,27.4,27.3,27.4,27.4,27.4,27.2,27.3,27.4,27.3,27.3,27.5,27.0,27.4,27.5,27.4,27.4,27.6,27.4,27.2,27.4,27.4,27.3,27.3,27.6,27.3,27.4,27.5,27.6,27.5,27.4,27.6,27.6,27.6,27.6,27.7,27.5,27.5,27.6,27.6,27.4,27.3,27.1,27.1,27.1,27.0,27.0,27.0,27.1,26.9,27.1,26.8,27.0,27.0,26.8,26.9,27.0,26.8,26.7,27.0,27.2,27.2,27.2,27.2,27.2,27.2,27.2,27.1,27.2,27.2,26.9,27.1,27.0,27.1,26.9,27.0,27.0,26.8,27.0,26.9,26.9,26.8,27.0,26.9,26.8,27.1,26.8,26.9,27.0,27.1,26.9,27.0,27.0,26.6,27.0,27.0,27.0,26.9,26.7,27.0,26.6,27.0,26.8,26.6,26.8,26.7,26.8,27.0,26.7,26.6,26.7,27.1,27.1,27.1,27.2,27.2,27.2,27.1,27.3,27.3,27.4,27.2,27.3,27.3,27.2,27.2,26.9,27.1,27.2,27.3,27.2,27.3,27.2,27.4,27.5,27.9,27.7,27.6,27.7,27.7,27.5,27.5,27.6,27.6,27.5,27.5,27.5,27.7,27.7,27.5,27.6,27.7,27.6,27.5,27.6,27.6,27.5,27.6,27.6,27.7,27.4,27.6,27.5,27.8,27.3,27.5,27.5,27.5,27.3,27.6,27.4,27.5,27.3,27.5,27.4,27.4,27.5,27.4,27.3,27.5,27.3,27.4,27.4,27.4,27.4,27.5,27.5,27.4
43,27.3,27.3,27.3,27.3,27.3,27.4,27.2,27.3,27.2,27.2,27.3,27.2,27.2,27.3,27.3,27.5,27.2,27.4,27.3,27.4,27.3,27.5,27.4,27.5,27.6,27.3,27.5,27.3,27.4,27.5,27.5,27.5,27.5,27.4,27.5,27.5,27.6,27.5,27.6,27.4,27.5,27.5,27.5,27.5,27.4,27.3,27.2,27.1,27.2,27.0,26.9,27.2,27.2,27.0,27.0,27.0,26.9,27.1,26.8,26.9,27.0,26.9,26.8,27.1,26.9,27.2,27.3,27.2,27.2,27.3,27.3,27.3,27.4,27.2,27.0,27.0,27.0,27.3,27.1,27.1,27.1,27.0,27.1,27.0,27.1,27.0,27.0,27.0,27.0,27.0,27.0,27.1,27.1,26.9,26.9,27.1,26.9,27.0,27.0,26.8,27.0,26.9,26.7,26.9,27.0,26.8,26.9,26.7,26.8,26.7,26.9,26.6,26.7,26.8,27.0,27.1,27.2,27.2,27.2,27.3,27.2,27.3,27.3,27.3,27.4,27.5,27.4,27.4,27.2,27.2,27.3,27.2,27.1,27.1,27.3,27.2,27.4,27.5,28.0,28.2,27.9,27.7,27.7,27.7,27.8,27.7,27.5,27.6,27.6,27.6,27.7,27.5,27.7,27.5,27.6,27.7,27.5,27.6,27.7,27.6,27.7,27.5,27.7,27.7,27.5,27.6,27.5,27.6,27.3,27.6,27.6,27.5,27.5,27.4,27.5,27.4,27.4,27.5,27.4,27.6,27.4,27.3,27.5,27.5,27.4,27.4,27.5,27.5,27.4,27.4,27.5,27.5
44,27.2,27.0,27.3,27.2,27.4,27.4,27.4,27.2,27.4,27.3,27.4,27.3,27.3,27.4,27.3,27.5,27.5,27.4,27.3,27.5,27.4,27.4,27.4,27.3,27.3,27.6,27.6,27.4,27.5,27.5,27.4,27.4,27.3,27.5,27.6,27.5,27.5,27.6,27.6,27.5,27.6,27.5,27.6,27.5,27.4,27.3,27.2,27.0,26.8,27.1,27.0,27.1,27.0,27.0,27.1,27.1,27.1,26.7,26.9,26.9,27.1,27.0,27.0,26.9,27.1,27.2,27.3,27.2,27.5,27.2,27.3,27.3,27.2,27.1,27.2,27.1,27.0,27.2,27.1,27.3,27.3,27.2,27.3,27.0,27.1,27.2,27.1,27.2,27.2,27.1,27.0,27.2,27.1,27.0,27.0,27.1,27.0,26.9,27.1,27.0,27.3,27.1,27.0,27.2,26.8,27.1,27.0,27.0,26.8,26.8,26.9,26.8,26.9,27.0,26.8,27.3,27.2,27.4,27.1,27.2,27.3,27.1,27.2,27.2,27.6,27.5,27.5,27.6,27.3,27.2,27.3,27.2,27.2,27.2,27.2,27.3,27.4,28.0,28.5,28.7,28.1,27.6,28.0,28.4,28.0,27.8,27.5,27.4,27.6,27.5,27.7,27.7,27.5,27.6,27.5,27.7,27.6,27.7,27.7,27.6,27.5,27.6,27.5,27.6,27.6,27.5,27.7,27.7,27.4,27.5,27.6,27.5,27.5,27.5,27.6,27.5,27.5,27.4,27.5,27.3,27.5,27.5,27.5,27.3,27.4,27.5,27.3,27.3,27.5,27.4,27.4,27.4
45,27.2,27.3,27.1,27.2,27.2,27.1,27.2,27.2,27.2,27.3,27.2,27.2,27.4,27.3,27.3,27.3,27.4,27.4,27.3,27.5,27.3,27.5,27.3,27.4,27.4,27.4,27.5,27.4,27.3,27.4,27.2,27.4,27.5,27.5,27.5,27.5,27.5,27.5,27.4,27.5,27.4,27.5,27.6,27.6,27.5,27.3,27.1,26.9,27.1,27.1,27.1,27.2,27.1,27.0,27.2,26.9,27.0,26.8,27.0,26.9,26.9,26.9,26.8,27.1,27.0,27.2,27.2,27.2,27.2,27.2,27.1,27.2,27.2,27.2,27.0,27.1,26.9,27.0,27.2,27.3,27.2,27.1,27.0,27.2,27.1,27.1,27.0,27.1,27.0,27.0,27.0,27.2,27.1,27.0,27.1,27.1,27.1,27.0,27.2,27.1,27.0,27.2,27.0,27.1,27.0,27.0,27.0,27.0,27.0,27.0,27.1,27.1,27.0,27.1,27.1,27.0,27.0,27.0,27.2,27.3,27.5,27.4,27.0,27.1,27.3,27.4,27.2,27.2,27.1,27.1,27.1,27.2,27.1,27.1,27.3,27.4,27.8,28.1,29.0,28.6,27.9,27.5,28.3,28.9,28.3,27.8,27.7,27.5,27.7,27.4,27.5,27.6,27.5,27.5,27.7,27.7,27.5,27.4,27.6,27.5,27.7,27.5,27.6,27.7,27.5,27.4,27.6,27.6,27.6,27.5,27.5,27.7,27.4,27.6,27.5,27.4,27.3,27.4,27.4,27.2,27.4,27.4,27.4,27.4,27.3,27.2,27.2,27.2,27.2,27.2,27.3,27.5
46,27.3,27.2,27.3,27.3,27.2,27.3,27.2,27.3,27.3,27.3,27.3,27.4,27.4,27.2,27.3,27.4,27.5,27.4,27.2,27.4,27.2,27.6,27.6,27.4,27.4,27.5,27.5,27.4,27.4,27.4,27.4,27.3,27.4,27.4,27.6,27.4,27.4,27.4,27.4,27.6,27.6,27.6,27.4,27.7,27.4,27.4,27.2,27.0,27.1,27.1,27.3,27.3,27.3,27.3,27.2,27.5,27.0,27.0,27.0,26.9,27.1,27.0,27.1,27.1,27.1,27.3,27.1,27.2,27.2,27.2,27.2,27.1,27.2,27.1,27.1,27.1,26.9,27.2,27.1,27.2,27.4,27.0,27.2,27.2,27.2,27.3,27.2,27.1,27.2,27.1,27.1,27.3,27.2,27.2,27.2,27.2,27.1,27.1,27.1,27.1,27.2,27.1,27.0,27.3,27.2,27.1,27.0,27.1,26.9,27.0,26.8,26.9,26.8,27.0,27.1,27.1,27.0,27.0,26.9,27.2,27.1,27.3,27.0,27.2,27.0,27.2,27.1,27.1,27.1,27.2,27.0,27.1,27.4,27.2,27.1,27.3,27.9,28.1,28.6,28.2,27.9,27.6,28.3,28.7,28.2,27.5,27.7,27.4,27.6,27.5,27.5,27.5,27.5,27.5,27.5,27.7,27.6,27.5,27.6,27.6,27.4,27.5,27.4,27.5,27.5,27.6,27.4,27.5,27.6,27.5,27.5,27.4,27.5,27.5,27.6,27.6,27.3,27.6,27.3,27.4,27.4,27.3,27.5,27.5,27.4,27.5,27.4,27.4,27.4,27.5,27.5,27.5
47,27.3,27.2,27.4,27.1,27.2,27.2,27.2,27.2,27.3,27.3,27.4,27.3,27.3,27.3,27.4,27.4,27.3,27.3,27.2,27.2,27.5,27.4,27.4,27.5,27.4,27.6,27.5,27.3,27.4,27.3,27.5,27.5,27.5,27.2,27.4,27.5,27.6,27.5,27.4,27.6,27.6,27.5,27.6,27.7,27.4,27.4,27.2,27.4,27.3,27.4,27.4,27.7,27.7,27.7,27.4,27.4,27.1,27.1,27.2,27.0,27.2,27.1,27.0,27.2,27.2,27.1,27.3,27.3,27.1,27.2,27.2,27.3,27.1,27.1,27.1,27.1,26.8,27.1,27.1,27.3,27.1,27.3,27.2,27.3,27.3,27.2,27.2,27.2,27.1,27.3,27.3,27.2,27.2,27.3,27.2,27.1,27.1,27.2,27.2,27.2,27.1,27.2,27.5,27.5,27.3,27.2,27.2,27.0,27.0,27.0,27.0,26.8,26.9,26.9,27.0,27.0,27.1,27.0,27.1,27.2,27.2,26.9,27.0,27.0,26.9,27.0,27.0,27.0,27.0,26.8,26.9,27.0,27.0,27.1,27.1,27.4,27.7,27.8,28.2,28.2,27.7,27.9,28.3,28.6,28.1,27.6,27.5,27.5,27.4,27.5,27.7,27.5,27.3,27.4,27.6,27.7,27.5,27.6,27.4,27.7,27.6,27.7,27.7,27.5,27.5,27.6,27.5,27.6,27.4,27.5,27.5,27.5,27.5,27.6,27.6,27.4,27.6,27.6,27.3,27.5,27.3,27.3,27.5,27.3,27.4,27.5,27.4,27.3,27.3,27.4,27.5,27.3
48,27.3,27.3,27.4,27.2,27.2,27.3,27.2,27.3,27.3,27.2,27.5,27.4,27.4,27.2,27.5,27.3,27.3,27.4,27.5,27.3,27.4,27.5,27.5,27.4,27.5,27.5,27.4,27.6,27.4,27.5,27.6,27.6,27.5,27.6,27.5,27.6,27.6,27.5,27.5,27.4,27.4,27.5,27.6,27.5,27.5,27.5,27.3,27.5,27.6,27.6,27.8,27.7,27.9,28.0,27.9,27.7,27.3,27.3,27.2,27.2,27.4,27.5,27.6,27.6,27.4,27.4,27.6,27.5,27.5,27.4,27.3,27.2,27.2,27.1,27.2,27.2,27.2,26.9,27.3,27.5,27.2,27.1,27.2,27.3,27.4,27.1,27.4,27.3,27.2,27.4,27.3,27.2,27.3,27.3,27.2,27.4,27.1,27.4,27.3,27.1,27.4,27.6,27.8,28.1,27.8,27.6,27.4,27.1,27.0,26.9,26.8,26.8,26.9,26.7,26.8,27.0,26.9,27.0,27.0,26.8,26.9,26.9,26.8,26.8,26.8,26.9,27.0,26.9,27.0,26.9,27.0,27.1,27.1,27.0,27.0,27.2,27.5,27.4,27.6,28.0,28.0,28.1,28.1,27.9,27.6,27.3,27.2,27.5,27.6,27.5,27.6,27.6,27.7,27.5,27.5,27.6,27.7,27.6,27.5,27.6,27.6,27.7,27.6,27.6,27.6,27.5,27.6,27.4,27.6,27.6,27.5,27.6,27.5,27.5,27.5,27.5,27.5,27.5,27.4,27.5,27.5,27.5,27.4,27.5,27.5,27.2,27.5,27.5,27.3,27.3,27.4,27.4
49,27.4,27.3,27.2,27.2,27.2,27.2,27.3,27.2,27.3,27.1,27.4,27.4,27.4,27.5,27.3,27.4,27.3,27.3,27.5,27.5,27.4,27.4,27.4,27.5,27.4,27.4,27.5,27.4,27.5,27.5,27.4,27.7,27.5,27.5,27.7,27.5,27.5,27.5,27.6,27.4,27.6,27.4,27.4,27.5,27.5,27.3,27.5,27.8,28.0,27.9,28.0,27.7,28.1,28.4,28.4,28.1,27.5,27.4,27.3,27.3,27.5,27.7,27.7,27.5,27.8,27.6,27.8,27.6,27.6,27.4,27.4,27.1,27.0,27.1,27.0,27.1,27.0,27.0,27.1,27.1,27.2,27.2,27.3,27.2,27.2,27.2,27.2,27.3,27.2,27.5,27.4,27.2,27.3,27.3,27.3,27.2,27.3,27.4,27.3,27.1,27.4,27.6,28.3,28.5,28.3,27.8,27.5,27.1,26.9,26.8,26.9,26.7,26.8,26.7,27.0,27.1,27.1,26.9,26.9,26.9,26.8,26.7,26.8,26.8,26.7,26.6,26.7,26.6,26.8,26.8,26.8,27.0,26.9,26.8,26.8,27.2,27.3,27.6,28.0,28.1,28.2,28.1,28.1,27.7,27.5,27.3,27.4,27.5,27.5,27.4,27.5,27.7,27.5,27.5,27.6,27.6,27.6,27.6,27.6,27.6,27.7,27.8,27.7,27.5,27.8,27.5,27.5,27.5,27.5,27.7,27.5,27.5,27.5,27.5,27.4,27.4,27.3,27.6,27.4,27.5,27.5,27.3,27.2,27.3,27.5,27.4,27.3,27.4,27.4,27.4,27.4,27.3
50,27.4,27.2,27.2,27.1,27.3,27.2,27.2,27.2,27.2,27.2,27.4,27.4,27.3,27.2,27.3,27.5,27.3,27.3,27.3,27.4,27.3,27.4,27.5,27.5,27.3,27.7,27.6,27.5,27.6,27.5,27.5,27.6,27.6,27.4,27.5,27.5,27.6,27.6,27.6,27.5,27.6,27.5,27.4,27.6,27.5,27.5,27.6,27.9,28.2,28.1,28.0,27.8,27.8,28.2,28.5,28.4,27.7,27.3,27.4,27.5,27.7,27.8,27.9,28.0,27.6,27.7,28.2,28.2,27.8,27.5,27.0,27.1,27.0,27.2,27.0,27.1,27.0,26.9,27.0,27.3,27.2,27.1,27.2,27.3,27.2,27.2,27.2,27.4,27.3,27.5,27.1,27.4,27.3,27.2,27.2,27.4,27.4,27.5,27.4,27.4,27.5,27.9,28.7,29.2,28.6,27.9,27.3,27.0,27.0,27.0,26.8,26.7,26.8,26.9,27.1,26.8,27.0,27.0,27.1,26.7,26.7,26.8,26.8,27.0,26.8,26.7,26.9,26.8,26.8,26.9,26.8,26.8,26.8,26.6,26.6,27.0,27.6,27.9,28.3,28.6,28.7,28.3,28.2,28.1,27.7,27.5,27.4,27.5,27.4,27.3,27.6,27.6,27.5,27.5,27.6,27.6,27.4,27.5,27.6,27.5,27.7,27.7,27.6,27.6,27.5,27.5,27.5,27.5,27.4,27.5,27.5,27.5,27.4,27.6,27.5,27.6,27.5,27.6,27.5,27.5,27.6,27.4,27.4,27.3,27.3,27.3,27.5,27.4,27.4,27.3,27.5,27.4
51,27.5,27.3,27.3,27.2,27.3,27.1,27.1,27.1,27.3,27.2,27.2,27.3,27.2,27.3,27.5,27.3,27.1,27.3,27.4,27.5,27.6,27.6,27.4,27.5,27.5,27.5,27.6,27.4,27.6,27.5,27.5,27.6,27.4,27.5,27.5,27.6,27.5,27.4,27.5,27.7,27.5,27.5,27.5,27.5,27.4,27.5,27.6,28.0,28.2,28.2,27.7,27.5,27.6,27.8,28.2,28.3,27.7,27.4,27.3,27.4,27.7,28.0,28.3,27.8,27.6,27.7,27.8,28.2,28.1,27.5,27.6,27.2,27.0,27.0,27.1,27.0,27.0,27.0,26.8,27.3,27.4,27.2,27.4,27.2,27.3,27.2,27.2,27.2,27.2,27.4,27.2,27.5,27.3,27.3,27.4,27.4,27.5,27.3,27.3,27.4,27.5,27.8,28.5,29.0,28.6,27.8,27.5,27.1,27.0,26.8,26.8,26.8,26.8,26.8,26.8,26.8,26.9,26.8,26.8,27.0,27.0,27.0,26.9,27.0,26.9,26.9,26.8,27.0,26.8,27.0,26.8,26.9,26.8,26.8,26.7,27.0,27.9,28.7,29.2,29.1,28.9,28.9,28.6,28.6,27.9,27.7,27.4,27.5,27.4,27.4,27.5,27.5,27.5,27.5,27.6,27.4,27.5,27.7,27.7,27.5,27.6,27.6,27.5,27.7,27.7,27.6,27.6,27.6,27.7,27.5,27.5,27.5,27.7,27.7,27.6,27.5,27.5,27.4,27.6,27.4,27.5,27.2,27.4,27.5,27.5,27.4,27.4,27.3,27.4,27.3,27.3,27.4
52,27.2,27.2,27.1,27.4,27.2,27.3,27.3,27.3,27.2,27.2,27.5,27.4,27.4,27.5,27.3,27.5,27.3,27.3,27.2,27.4,27.3,27.5,27.3,27.7,27.3,27.6,27.6,27.5,27.5,27.6,27.5,27.5,27.4,27.5,27.5,27.2,27.4,27.5,27.5,27.6,27.3,27.5,27.5,27.6,27.4,27.4,27.6,28.0,28.1,27.9,27.6,27.7,27.6,28.0,27.9,28.3,27.7,27.4,27.3,27.5,27.7,28.0,28.1,27.8,27.5,27.8,27.7,28.0,27.9,27.7,27.3,27.2,27.1,27.0,27.1,27.0,26.9,27.0,27.0,27.1,27.2,27.2,27.2,27.3,27.2,27.1,27.1,27.2,27.3,27.4,27.5,27.3,27.4,27.3,27.1,27.4,27.4,27.5,27.4,27.3,27.4,27.6,28.2,28.5,28.3,27.6,27.4,27.1,27.0,27.0,27.0,26.9,27.0,26.9,27.0,26.9,26.9,26.9,27.0,26.8,26.8,27.0,26.8,27.1,27.0,27.0,26.8,26.8,27.0,26.8,26.9,26.8,26.8,26.5,27.0,27.2,28.3,29.1,28.8,28.6,28.3,28.5,28.8,28.8,28.5,27.8,27.5,27.4,27.5,27.5,27.5,27.6,27.5,27.5,27.7,27.4,27.7,27.5,27.6,27.4,27.7,27.7,27.5,27.5,27.5,27.4,27.6,27.5,27.4,27.5,27.5,27.4,27.4,27.5,27.5,27.6,27.5,27.7,27.3,27.5,27.5,27.5,27.5,27.5,27.2,27.4,27.4,27.3,27.3,27.5,27.5,27.2
53,27.2,27.3,27.3,27.2,27.4,27.2,27.2,27.3,27.3,27.2,27.2,27.4,27.5,27.5,27.5,27.5,27.5,27.4,27.5,27.4,27.5,27.5,27.5,27.5,27.6,27.5,27.5,27.7,27.6,27.7,27.5,27.5,27.5,27.5,27.4,27.5,27.4,27.4,27.5,27.5,27.5,27.2,27.4,27.5,27.3,27.4,27.3,27.6,28.1,27.9,27.6,27.5,27.5,27.7,27.9,27.9,27.7,27.3,27.2,27.4,27.6,27.8,27.9,27.8,27.6,27.7,27.8,27.9,27.7,27.6,27.4,27.1,27.2,27.0,27.2,27.2,27.2,27.0,27.1,27.1,27.1,27.2,27.3,27.3,27.2,27.2,27.2,27.3,27.3,27.3,27.3,27.2,27.3,27.3,27.3,27.5,27.4,27.5,27.5,27.3,27.3,27.5,27.5,27.7,27.7,27.4,27.4,27.0,27.0,26.9,26.9,26.8,27.0,26.9,27.0,26.9,27.0,26.9,27.0,26.8,27.0,26.9,26.8,27.0,26.9,26.8,26.9,27.0,26.8,27.1,27.0,27.0,26.7,26.8,27.1,27.5,28.7,29.0,28.5,27.9,27.8,27.9,28.5,29.1,28.8,27.9,27.5,27.2,27.4,27.4,27.5,27.6,27.6,27.6,27.7,27.6,27.7,27.5,27.8,27.6,27.9,27.7,27.7,27.6,27.6,27.6,27.5,27.7,27.6,27.6,27.5,27.5,27.6,27.5,27.5,27.4,27.5,27.5,27.4,27.7,27.6,27.5,27.4,27.5,27.5,27.5,27.5,27.3,27.3,27.5,27.5,27.2
54,27.2,27.4,27.3,27.1,27.2,27.3,27.3,27.3,27.2,27.3,27.4,27.1,27.3,27.5,27.6,27.4,27.5,27.5,27.4,27.5,27.6,27.4,27.5,27.6,27.4,27.5,27.7,27.5,27.6,27.4,27.4,27.5,27.7,27.7,27.5,27.6,27.5,27.5,27.4,27.5,27.4,27.1,27.3,27.3,27.2,27.1,27.1,27.4,27.6,27.9,27.5,27.2,27.4,27.5,27.7,27.6,27.4,27.2,27.3,27.3,27.2,27.3,27.4,27.2,27.4,27.4,27.4,27.4,27.4,27.2,27.4,27.2,27.1,27.2,27.2,27.1,27.1,27.0,26.8,27.1,27.1,27.3,27.2,27.2,27.2,27.1,27.3,27.3,27.3,27.3,27.2,27.3,27.4,27.3,27.3,27.5,27.3,27.4,27.2,27.0,27.0,27.1,27.3,27.3,27.1,27.4,27.1,27.0,27.0,26.8,27.0,26.9,26.9,26.8,27.0,26.8,27.0,26.8,26.9,27.0,26.8,27.0,26.9,26.9,26.9,26.9,26.9,26.9,26.8,27.0,26.9,27.0,26.9,26.6,26.8,27.6,28.7,28.7,28.3,27.8,27.7,27.6,28.3,29.4,29.0,27.9,27.6,27.4,27.3,27.3,27.5,27.6,27.5,27.6,27.5,27.7,27.6,27.6,27.6,27.6,27.6,27.5,27.5,27.7,27.5,27.6,27.7,27.6,27.5,27.5,27.5,27.5,27.6,27.5,27.5,27.4,27.3,27.5,27.3,27.6,27.6,27.4,27.3,27.5,27.4,27.4,27.4,27.6,27.2,27.4,27.6,27.3
55,27.3,27.4,27.5,27.2,27.5,27.2,27.3,27.2,27.4,27.5,27.3,27.4,27.5,27.5,27.5,27.4,27.4,27.3,27.5,27.3,27.5,27.5,27.7,27.3,27.5,27.7,27.4,27.5,27.4,27.6,27.7,27.6,27.5,27.5,27.5,27.8,27.5,27.6,27.5,27.2,27.0,27.0,27.2,27.2,27.1,27.1,27.0,27.2,27.1,27.2,27.2,27.2,27.2,27.2,27.2,27.1,27.2,27.0,27.1,27.1,27.4,27.3,27.2,27.2,27.2,27.2,27.1,27.3,27.2,27.3,27.2,27.2,27.1,27.2,27.1,27.1,27.1,26.8,27.0,27.1,27.3,27.2,27.2,27.1,27.1,27.0,27.2,27.1,27.3,27.2,27.1,27.3,27.3,27.2,27.3,27.3,27.2,27.1,27.0,27.0,27.1,27.2,27.1,27.2,27.1,27.1,27.1,27.0,26.9,26.8,26.8,27.0,27.0,27.0,27.0,27.0,26.8,27.0,26.8,27.0,27.0,27.1,27.0,26.8,27.0,26.9,26.8,27.0,26.8,27.0,27.0,26.8,27.0,26.6,26.8,27.3,28.3,28.8,28.5,28.0,27.8,27.9,28.4,29.3,28.8,27.9,27.4,27.2,27.5,27.4,27.6,27.7,27.6,27.6,27.7,27.7,27.5,27.6,27.7,27.7,27.7,27.7,27.6,27.7,27.8,27.6,27.7,27.5,27.6,27.6,27.5,27.6,27.6,27.5,27.4,27.3,27.7,27.4,27.6,27.5,27.4,27.4,27.5,27.5,27.3,27.3,27.4,27.3,27.3,27.3,27.5,27.4
56,27.4,27.3,27.4,27.3,27.2,27.5,27.4,27.5,27.4,27.4,27.4,27.4,27.3,27.3,27.4,27.5,27.4,27.3,27.5,27.5,27.5,27.5,27.6,27.6,27.6,27.9,27.5,27.6,27.5,27.5,27.7,27.6,27.5,27.6,27.7,27.6,27.5,27.6,27.2,27.1,27.0,27.0,27.1,27.2,27.0,27.0,27.2,27.0,27.1,27.2,27.1,27.1,27.2,27.1,27.2,27.0,27.0,26.9,27.0,27.0,27.3,27.3,27.1,27.1,27.2,27.2,27.0,27.1,27.2,27.1,27.0,27.2,27.0,27.1,27.2,27.1,27.2,27.2,27.1,27.1,27.1,27.0,27.1,27.2,27.0,27.0,27.4,27.0,27.1,27.2,27.2,27.2,27.0,27.2,27.1,27.2,27.1,27.2,27.0,27.0,27.1,27.2,27.2,27.2,27.2,27.1,27.1,27.0,26.9,26.9,27.0,26.7,26.8,26.8,26.8,26.8,27.0,26.9,26.9,27.0,26.8,26.8,27.2,26.8,27.0,26.8,26.7,27.0,26.8,26.8,26.8,26.8,26.8,26.7,26.8,27.2,27.9,28.6,28.5,28.1,27.9,28.0,28.7,29.0,28.4,27.7,27.5,27.3,27.5,27.6,27.7,27.5,27.5,27.6,27.6,27.6,27.7,27.7,27.7,27.6,27.7,27.9,27.8,27.6,27.6,27.6,27.7,27.7,27.5,27.6,27.4,27.6,27.7,27.6,27.6,27.5,27.6,27.6,27.6,27.5,27.4,27.3,27.3,27.6,27.4,27.5,27.5,27.3,27.6,27.3,27.5,27.5
57,27.3,27.3,27.3,27.4,27.4,27.3,27.4,27.3,27.3,27.2,27.3,27.3,27.5,27.2,27.4,27.5,27.4,27.4,27.5,27.4,27.5,27.4,27.4,27.5,27.6,27.5,27.6,27.6,27.5,27.5,27.5,27.5,27.7,27.6,27.6,27.5,27.6,27.5,27.3,27.0,27.1,27.0,27.0,27.1,26.8,27.1,27.0,27.0,27.0,27.2,27.0,27.0,27.2,27.1,27.0,26.8,26.8,26.9,27.0,27.0,27.4,27.2,27.0,27.2,27.0,27.2,27.0,27.0,27.1,26.9,27.0,27.0,27.2,27.1,27.1,27.1,27.1,27.1,27.2,27.1,27.0,27.0,26.9,27.1,27.1,27.1,27.0,27.2,27.1,27.1,27.1,27.1,27.2,27.0,27.0,27.0,27.0,27.2,27.1,27.0,27.1,27.2,27.1,27.1,27.0,27.0,27.1,26.9,26.7,26.9,26.9,26.9,26.9,26.9,27.0,26.9,26.8,27.0,26.8,26.8,27.0,26.8,27.0,27.0,26.9,27.0,26.9,27.1,26.9,27.0,26.8,26.8,26.8,26.6,26.7,27.1,27.5,28.1,28.4,28.1,28.0,28.2,28.7,28.3,27.7,27.2,27.2,27.3,27.4,27.3,27.5,27.5,27.5,27.5,27.8,27.7,27.8,27.8,27.7,27.7,27.8,27.7,27.6,27.7,27.7,27.7,27.6,27.9,27.6,27.6,27.7,27.6,27.6,27.5,27.7,27.5,27.7,27.4,27.5,27.5,27.6,27.6,27.6,27.6,27.4,27.5,27.4,27.5,27.4,27.3,27.4,27.5
58,27.4,27.4,27.2,27.2,27.4,27.2,27.2,27.4,27.3,27.3,27.3,27.3,27.4,27.4,27.5,27.4,27.3,27.5,27.4,27.5,27.5,27.5,27.4,27.5,27.5,27.6,27.6,27.5,27.7,27.6,27.5,27.7,27.5,27.6,27.5,27.7,27.5,27.5,27.3,27.2,27.2,27.0,27.0,27.0,27.0,27.0,26.9,27.0,27.0,27.2,27.1,26.9,27.0,27.1,27.1,27.0,26.8,27.0,27.0,26.8,26.9,27.1,27.0,27.0,27.2,27.1,27.0,27.1,27.1,27.0,27.1,27.0,26.9,27.0,27.1,27.0,26.8,26.8,27.1,27.1,27.0,26.8,27.1,26.9,27.0,27.1,27.1,27.1,27.1,27.2,27.1,27.2,27.3,26.9,27.0,27.0,27.1,27.2,27.0,27.0,27.1,27.1,27.0,27.2,27.0,27.0,27.0,27.0,27.0,26.9,26.8,26.7,26.8,27.0,27.0,26.8,27.0,27.0,27.0,27.0,26.8,27.0,26.9,27.0,27.0,26.8,26.8,26.8,27.0,27.0,26.8,27.0,26.8,26.7,26.8,26.7,27.0,27.5,27.6,27.6,27.6,27.9,27.7,27.6,27.2,27.1,27.2,27.3,27.2,27.3,27.3,27.5,27.5,27.4,27.5,27.7,27.7,27.7,27.7,27.6,27.8,27.7,27.4,27.5,27.7,27.6,27.6,27.7,27.9,27.6,27.6,27.5,27.7,27.7,27.7,27.6,27.6,27.5,27.5,27.5,27.5,27.5,27.5,27.5,27.4,27.6,27.4,27.3,27.5,27.5,27.4,27.5
59,27.3,27.4,27.5,27.3,27.3,27.2,27.2,27.3,27.3,27.3,27.5,27.4,27.3,27.3,27.5,27.5,27.4,27.6,27.5,27.5,27.5,27.5,27.6,27.6,27.6,27.5,27.7,27.5,27.4,27.5,27.6,27.7,27.6,27.5,27.5,27.6,27.4,27.5,27.2,27.3,27.1,27.0,27.0,27.0,27.0,27.0,27.0,27.1,27.0,27.0,26.8,27.0,27.0,26.8,26.9,26.9,27.0,26.8,26.8,26.8,27.1,26.9,26.9,27.0,27.1,27.1,27.0,27.0,26.9,27.1,27.1,27.1,27.0,27.0,26.9,27.0,27.0,26.8,27.0,27.0,27.1,27.0,27.0,27.1,26.8,27.0,27.1,27.2,27.2,27.1,27.2,27.2,27.0,27.0,27.0,26.9,27.0,26.8,27.0,26.9,27.0,27.0,27.0,27.1,26.9,26.8,26.8,26.8,26.8,26.9,26.8,26.9,26.8,26.8,26.9,27.0,26.7,26.7,26.9,26.8,26.7,26.8,26.8,27.0,26.9,26.8,26.8,26.8,26.9,26.8,26.9,26.7,26.8,26.6,26.6,26.7,26.8,26.9,27.0,26.9,27.1,27.1,27.0,26.9,26.9,26.8,27.1,27.3,27.3,27.3,27.4,27.7,27.4,27.5,27.5,27.6,27.6,27.6,27.7,27.6,27.8,27.4,27.5,27.7,27.6,27.6,27.6,27.7,27.7,27.6,27.6,27.5,27.5,27.5,27.5,27.5,27.5,27.5,27.4,27.6,27.4,27.5,27.4,27.5,27.5,27.4,27.3,27.4,27.5,27.2,27.4,27.2
60,27.5,27.5,27.5,27.3,27.4,27.5,27.5,27.4,27.3,27.3,27.4,27.2,27.5,27.5,27.5,27.6,27.5,27.5,27.6,27.5,27.6,27.6,27.6,27.5,27.5,27.7,27.7,27.7,27.5,27.7,27.6,27.7,27.6,27.8,27.7,27.7,27.5,27.4,27.2,27.1,27.0,27.1,27.0,27.0,27.0,27.0,27.2,26.7,26.9,27.0,27.0,26.9,27.0,27.0,27.0,27.2,27.0,26.9,26.8,26.8,27.0,27.2,27.1,26.9,27.2,27.2,26.8,27.0,27.1,27.1,27.0,26.9,27.0,26.9,27.1,27.1,27.1,27.0,27.0,27.2,27.0,26.9,27.3,27.0,27.1,27.1,27.2,27.0,27.1,27.2,27.0,27.2,27.0,27.1,27.1,27.0,27.0,27.2,27.0,27.0,27.0,27.2,27.0,27.1,27.0,27.0,27.0,26.8,26.7,26.8,26.8,26.8,26.9,27.0,27.0,27.0,27.0,27.2,27.0,27.1,27.0,26.8,26.8,27.1,26.9,27.0,26.9,26.8,26.8,26.9,26.9,27.0,26.8,26.8,26.9,26.8,27.0,26.8,26.8,26.8,26.8,27.0,26.8,26.7,26.8,26.7,27.2,27.2,27.4,27.5,27.4,27.5,27.5,27.5,27.6,27.6,27.7,27.7,27.6,27.6,27.7,27.7,27.6,27.6,27.5,27.6,27.7,27.7,27.6,27.8,27.8,27.6,27.7,27.8,27.8,27.3,27.4,27.5,27.4,27.4,27.4,27.5,27.5,27.5,27.5,27.5,27.5,27.5,27.6,27.5,27.6,27.5
61,27.3,27.2,27.5,27.3,27.3,27.3,27.3,27.2,27.3,27.5,27.3,27.5,27.4,27.3,27.4,27.4,27.5,27.6,27.5,27.5,27.7,27.7,27.6,27.5,27.6,27.5,27.6,27.5,27.5,27.4,27.6,27.6,27.6,27.7,27.7,27.7,27.5,27.4,27.2,27.2,27.1,27.0,27.1,27.0,27.1,26.8,26.8,27.0,27.1,26.9,27.0,27.0,27.0,26.8,27.1,27.0,27.0,26.8,26.8,26.8,26.9,26.9,27.0,27.0,26.8,27.1,27.0,27.0,27.0,27.0,27.2,27.2,27.0,27.0,27.0,27.0,27.2,27.2,27.0,27.0,27.1,27.0,27.0,27.1,26.9,27.0,27.0,27.0,27.0,27.1,27.1,27.0,27.1,27.1,27.1,27.0,27.2,27.0,26.9,27.0,27.1,27.1,27.0,27.0,27.1,26.9,27.0,27.0,26.8,26.8,26.9,26.9,26.8,26.8,26.9,27.0,26.8,26.8,26.7,26.9,26.8,26.9,26.7,26.8,26.9,26.8,26.9,26.8,26.8,26.9,26.9,26.8,26.6,26.8,26.8,26.8,26.6,26.5,26.6,26.7,26.8,26.8,26.7,26.5,26.6,26.9,27.0,27.3,27.5,27.4,27.3,27.5,27.5,27.6,27.4,27.5,27.8,27.6,27.7,27.6,27.7,27.8,27.7,27.6,27.7,27.6,27.7,27.6,27.7,27.7,27.6,27.5,27.7,27.5,27.5,27.5,27.5,27.4,27.5,27.4,27.5,27.5,27.6,27.4,27.4,27.3,27.5,27.4,27.4,27.3,27.5,27.4
62,27.5,27.4,27.5,27.4,27.3,27.4,27.5,27.3,27.5,27.4,27.3,27.5,27.6,27.4,27.6,27.5,27.5,27.5,27.5,27.7,27.5,27.7,27.7,27.6,27.8,27.8,27.5,27.7,27.6,27.5,27.7,27.7,27.7,27.8,27.8,27.7,27.7,27.5,27.4,27.2,27.0,26.8,27.1,27.1,26.9,27.1,27.1,27.2,26.9,26.9,27.1,27.0,27.0,26.9,27.2,27.0,27.0,26.8,26.8,26.9,27.1,27.1,27.1,27.0,27.2,27.0,27.0,27.0,27.1,27.0,27.0,27.0,27.1,27.0,27.0,27.1,26.9,27.1,27.1,27.2,26.9,26.9,27.0,27.0,27.0,27.0,27.0,27.0,26.9,27.1,26.9,27.0,27.1,26.8,27.1,27.0,27.1,27.1,27.0,27.2,27.1,27.2,27.1,27.1,27.0,27.1,26.8,26.8,27.0,26.8,26.8,26.9,26.7,27.0,27.0,26.8,26.8,26.8,26.8,26.8,27.0,27.0,26.9,26.9,26.8,26.7,26.9,26.7,26.8,26.7,26.8,26.7,26.8,26.7,26.8,26.7,26.6,26.6,26.6,26.5,26.9,26.6,26.8,26.6,26.7,27.0,27.0,27.2,27.5,27.5,27.5,27.3,27.5,27.6,27.5,27.6,27.7,27.5,27.6,27.7,27.8,27.6,27.7,27.8,27.7,27.7,27.7,27.5,27.5,27.7,27.8,27.6,27.4,27.6,27.7,27.4,27.7,27.6,27.5,27.4,27.4,27.5,27.5,27.5,27.6,27.4,27.5,27.7,27.4,27.4,27.4,27.4
63,27.4,27.2,27.3,27.5,27.3,27.6,27.2,27.5,27.4,27.3,27.5,27.5,27.6,27.5,27.5,27.6,27.5,27.5,27.6,27.7,27.7,27.6,27.7,27.7,27.7,27.7,27.8,27.7,27.7,27.7,27.5,27.7,27.9,27.8,27.7,27.7,27.8,27.4,27.3,27.1,27.1,27.0,27.0,27.1,27.1,27.0,27.0,27.1,27.0,27.1,27.2,27.1,27.0,26.8,27.0,26.9,27.0,27.0,26.8,26.9,27.0,27.1,27.0,27.1,27.2,27.1,27.1,27.0,26.9,27.0,27.2,27.0,26.9,27.0,27.0,27.0,27.1,27.0,27.0,27.1,27.0,26.9,27.1,26.8,27.1,27.0,26.9,26.9,27.0,27.0,27.1,26.9,27.0,27.0,27.0,27.2,27.1,27.0,27.1,27.0,27.0,27.1,27.0,27.0,27.0,26.9,26.8,27.0,26.8,26.8,27.0,26.8,26.8,26.8,27.0,26.9,27.1,27.0,26.8,27.0,26.8,26.9,26.8,27.0,26.8,26.8,26.7,27.0,27.1,26.9,26.9,26.8,26.9,26.7,26.7,26.7,26.6,26.6,26.7,26.7,26.7,26.8,26.6,26.5,26.7,26.8,27.0,27.2,27.4,27.4,27.5,27.5,27.6,27.5,27.6,27.5,27.6,27.5,27.5,27.7,27.7,27.7,27.6,27.7,27.5,27.5,27.6,27.5,27.8,27.7,27.5,27.7,27.6,27.5,27.6,27.6,27.4,27.5,27.6,27.5,27.5,27.4,27.4,27.5,27.5,27.5,27.6,27.5,27.4,27.5,27.6,27.5
64,27.5,27.2,27.2,27.3,27.2,27.5,27.5,27.5,27.5,27.5,27.4,27.5,27.2,27.4,27.6,27.6,27.5,27.5,27.5,27.4,27.4,27.7,27.7,27.6,27.6,27.5,27.5,27.6,27.8,27.7,27.8,27.7,27.9,27.8,27.9,27.7,27.6,27.6,27.2,27.3,27.0,27.0,26.9,27.2,27.0,27.0,27.2,26.8,26.9,27.0,27.2,26.9,27.0,27.0,27.0,27.0,27.0,27.0,26.7,26.6,27.0,27.1,26.8,27.0,27.0,27.0,27.1,27.0,27.1,27.0,27.0,27.2,27.0,27.0,27.0,27.1,27.0,27.1,27.0,26.9,27.0,26.8,27.0,27.1,27.0,27.0,27.0,27.1,26.9,27.0,27.1,27.0,27.1,27.0,26.8,26.9,26.9,27.0,27.0,26.9,26.9,27.0,27.0,27.1,26.9,27.0,26.9,27.0,26.8,26.9,26.8,26.9,26.8,26.8,26.8,26.9,26.8,27.0,26.8,26.8,26.8,26.8,26.9,26.8,26.9,26.8,26.8,26.8,26.8,27.0,26.9,27.0,26.9,26.7,26.9,26.8,26.8,26.7,26.8,26.7,26.6,26.7,26.6,26.5,26.5,26.6,26.9,27.2,27.3,27.4,27.4,27.4,27.5,27.4,27.6,27.4,27.5,27.4,27.7,27.7,27.7,27.5,27.8,27.6,27.6,27.5,27.7,27.4,27.7,27.7,27.5,27.5,27.7,27.6,27.7,27.5,27.5,27.6,27.5,27.6,27.5,27.5,27.5,27.4,27.5,27.5,27.5,27.6,27.6,27.5,27.6,27.3
65,27.4,27.4,27.4,27.5,27.5,27.3,27.2,27.4,27.4,27.4,27.5,27.4,27.5,27.5,27.4,27.5,27.4,27.5,27.4,27.5,27.6,27.7,27.6,27.6,27.5,27.9,27.8,27.5,27.7,27.8,27.8,27.7,27.9,27.8,27.7,27.8,27.7,27.5,27.4,27.1,26.9,26.8,27.0,27.1,27.0,27.1,27.1,27.1,27.0,27.0,27.0,27.0,27.0,27.1,27.0,27.1,27.0,26.8,26.6,26.8,27.0,27.1,27.0,27.0,27.0,26.9,27.0,27.0,26.9,26.8,27.0,27.0,26.8,27.0,27.0,27.0,27.1,27.2,27.0,27.1,27.0,26.8,26.8,27.1,26.9,27.0,27.0,27.0,27.0,27.2,27.0,27.2,27.0,27.0,27.1,27.0,26.8,27.1,27.0,26.8,26.9,27.0,26.9,27.1,27.0,26.8,27.1,26.7,26.9,27.0,26.8,27.0,26.7,26.7,26.8,26.8,26.9,26.8,26.9,27.0,26.9,26.9,26.8,26.9,26.9,26.9,26.7,26.8,26.9,26.8,26.9,26.8,26.8,26.8,26.9,26.8,26.7,26.7,26.6,26.7,26.7,26.6,26.6,26.8,26.6,26.8,27.1,27.2,27.2,27.4,27.5,27.5,27.6,27.4,27.6,27.5,27.5,27.7,27.7,27.7,27.6,27.6,27.8,27.7,27.7,27.7,27.6,27.6,27.6,27.6,27.6,27.6,27.6,27.8,27.7,27.5,27.7,27.6,27.7,27.5,27.7,27.5,27.6,27.5,27.4,27.5,27.4,27.4,27.5,27.5,27.5,27.6
66,27.3,27.5,27.5,27.5,27.2,27.5,27.3,27.4,27.5,27.5,27.4,27.5,27.5,27.6,27.6,27.5,27.5,27.5,27.6,27.5,27.7,27.7,27.6,27.9,27.8,27.9,27.7,27.7,27.8,27.7,27.7,27.9,27.8,27.9,27.8,27.8,27.7,27.6,27.4,27.1,27.1,27.0,27.0,27.1,26.9,27.1,27.0,27.1,27.0,27.1,27.0,27.2,27.0,27.1,27.1,27.1,27.1,26.8,26.8,26.8,26.8,27.0,27.0,26.8,27.0,27.1,27.1,27.0,26.9,27.0,27.1,27.0,27.1,27.1,27.2,26.8,27.1,27.0,27.0,27.0,27.0,27.0,27.1,27.0,27.2,27.0,27.0,27.0,27.0,27.0,27.0,27.0,27.0,27.3,27.1,27.0,27.0,27.0,27.0,27.1,27.0,27.0,27.0,27.0,27.1,27.1,27.0,26.8,26.9,26.8,27.0,26.8,27.0,26.9,26.8,26.9,26.9,27.0,26.8,26.8,26.8,27.0,26.9,26.8,26.9,27.0,26.8,26.9,27.0,26.9,26.9,27.0,27.0,27.0,26.8,26.8,26.6,26.9,26.6,26.6,26.8,26.8,26.8,26.6,26.9,26.8,27.0,27.1,27.2,27.4,27.4,27.4,27.7,27.5,27.6,27.6,27.6,27.7,27.6,27.5,27.7,27.7,27.7,27.7,27.9,27.7,27.8,27.7,27.6,27.7,27.7,27.6,27.5,27.7,27.7,27.7,27.7,27.6,27.6,27.6,27.6,27.4,27.5,27.5,27.2,27.4,27.5,27.5,27.6,27.4,27.6,27.5
67,27.4,27.6,27.5,27.5,27.4,27.5,27.5,27.4,27.3,27.6,27.4,27.4,27.7,27.5,27.6,27.6,27.5,27.6,27.5,27.5,27.7,27.8,27.8,27.7,27.7,27.7,27.7,27.9,27.8,27.7,27.8,27.8,27.9,27.9,27.9,28.0,27.7,27.6,27.4,27.3,27.0,27.1,27.1,27.0,27.1,27.0,27.0,27.0,26.9,27.1,26.9,27.1,27.0,27.1,27.0,27.1,27.0,26.8,26.8,26.8,26.9,26.9,26.9,26.8,27.0,27.0,27.0,27.0,27.0,27.1,27.1,27.0,26.9,27.1,27.1,27.0,26.9,27.0,26.8,27.2,27.0,27.0,27.0,26.8,27.1,27.0,27.0,27.0,27.0,27.2,26.9,27.1,27.1,27.0,27.0,27.0,27.1,27.1,27.0,27.1,27.0,27.0,26.9,27.2,27.0,27.0,26.8,27.0,27.0,26.8,26.9,26.7,26.8,26.8,27.0,26.8,26.9,26.9,26.8,27.0,26.9,26.7,26.9,26.9,26.9,27.0,26.8,26.8,27.0,26.9,26.9,26.7,27.0,26.7,26.7,26.6,26.6,26.7,26.6,26.6,26.6,26.8,26.6,26.7,26.7,26.8,27.1,27.1,27.3,27.4,27.6,27.5,27.3,27.5,27.6,27.5,27.5,27.6,27.5,27.7,27.5,27.7,27.6,27.7,27.7,27.7,27.6,27.7,27.5,27.6,27.7,27.6,27.7,27.6,27.7,27.7,27.6,27.6,27.5,27.5,27.4,27.4,27.6,27.5,27.6,27.5,27.5,27.6,27.4,27.5,27.5,27.5
68,27.3,27.4,27.3,27.5,27.5,27.4,27.5,27.2,27.4,27.4,27.5,27.6,27.4,27.6,27.6,27.6,27.5,27.5,27.7,27.6,27.7,27.9,27.7,27.6,27.8,27.8,27.8,27.7,27.7,27.9,27.8,27.9,27.8,27.7,27.9,28.0,27.8,27.6,27.3,27.1,26.9,27.2,27.2,27.1,27.0,26.9,26.9,27.0,27.0,27.0,27.1,27.0,27.1,27.0,26.9,27.0,27.0,26.7,26.7,26.9,27.1,27.0,27.1,26.9,27.1,26.9,27.0,27.1,27.1,27.0,27.1,26.9,27.1,27.0,27.2,27.2,27.0,27.0,27.0,27.0,27.0,27.1,27.0,27.0,27.0,26.9,26.8,27.0,27.0,27.0,26.9,27.1,27.1,27.0,27.1,27.1,27.1,27.0,26.9,26.8,26.8,27.0,27.0,27.0,27.0,27.0,27.0,26.7,26.8,26.8,26.8,26.7,26.8,27.0,26.9,26.8,27.0,26.8,26.8,26.9,26.8,26.9,26.7,26.8,26.8,26.8,27.0,26.9,26.8,26.8,26.7,26.8,27.0,26.7,26.8,26.7,26.7,26.6,26.5,26.6,26.7,26.6,26.7,26.6,26.6,26.7,27.0,27.2,27.3,27.2,27.4,27.5,27.5,27.3,27.5,27.6,27.5,27.6,27.6,27.6,27.6,27.8,27.7,27.6,27.7,27.8,27.6,27.9,27.6,27.7,27.6,27.6,27.6,27.6,27.5,27.6,27.7,27.5,27.5,27.6,27.6,27.7,27.5,27.5,27.5,27.6,27.5,27.5,27.5,27.4,27.6,27.6
69,27.5,27.4,27.5,27.4,27.5,27.4,27.3,27.4,27.5,27.4,27.6,27.5,27.5,27.6,27.5,27.6,27.6,27.7,27.6,27.7,27.8,27.8,27.7,27.7,27.8,27.9,27.8,27.7,27.8,27.8,27.8,27.8,27.9,28.1,28.0,28.0,27.9,27.5,27.6,27.3,27.0,27.1,27.2,27.1,27.2,27.1,27.1,27.2,27.1,27.2,27.0,27.1,27.0,27.0,27.0,27.1,27.1,26.9,26.7,26.8,27.0,27.0,27.1,27.1,26.8,27.1,26.8,26.9,27.1,27.0,27.0,27.0,27.1,27.2,27.0,27.1,27.1,27.1,26.9,27.1,27.1,27.1,27.0,27.0,27.0,27.0,27.0,27.0,27.2,27.0,27.0,27.0,26.9,27.0,27.1,27.1,27.0,27.2,27.0,27.0,27.0,27.0,27.0,26.9,27.0,27.0,27.0,26.9,26.9,26.8,26.9,26.9,26.8,26.9,26.9,27.0,27.0,26.9,26.8,26.8,27.0,26.8,27.0,26.9,27.0,27.0,26.8,26.8,26.8,27.0,27.0,27.0,26.8,26.9,26.8,26.7,26.7,26.6,26.6,26.7,26.7,26.6,26.6,26.6,26.6,26.8,27.0,27.1,27.2,27.3,27.5,27.5,27.3,27.5,27.6,27.7,27.7,27.6,27.7,27.6,27.6,27.7,27.7,27.6,27.5,27.6,27.9,27.7,27.8,27.7,27.7,27.7,27.5,27.7,27.8,27.6,27.6,27.7,27.5,27.6,27.6,27.6,27.5,27.5,27.4,27.6,27.6,27.5,27.5,27.3,27.5,27.6
70,27.5,27.4,27.5,27.6,27.3,27.4,27.4,27.5,27.5,27.4,27.5,27.6,27.7,27.6,27.7,27.6,27.7,27.5,27.8,27.6,27.7,27.7,27.7,27.9,27.9,28.0,28.1,28.0,27.8,27.8,27.9,27.9,28.0,28.1,27.9,28.1,27.7,27.7,27.3,26.9,27.1,27.1,27.0,27.1,27.0,27.0,27.0,27.0,26.9,27.0,26.9,27.0,27.1,26.8,27.0,26.8,26.8,26.8,26.7,26.8,27.1,27.1,27.0,26.9,27.0,27.0,27.0,27.0,27.1,27.1,27.0,27.2,27.2,27.0,27.1,27.0,27.1,27.0,27.2,27.0,27.0,26.9,27.0,27.0,26.8,27.1,27.0,27.0,26.9,27.3,26.9,27.0,26.8,27.1,27.0,27.2,26.9,27.0,27.1,27.0,27.0,26.9,27.0,27.0,27.1,27.0,27.0,27.0,26.8,26.7,26.8,27.0,26.8,27.0,26.9,27.0,26.9,26.8,27.0,26.8,27.0,26.9,26.9,26.9,26.8,26.8,26.8,27.0,26.6,26.7,26.9,27.0,26.9,26.9,26.8,26.8,26.7,26.6,26.5,26.8,26.6,26.8,26.9,26.6,26.8,26.8,27.0,27.2,27.2,27.4,27.5,27.5,27.6,27.4,27.6,27.7,27.5,27.6,27.5,27.6,27.7,27.6,27.7,27.7,27.7,27.9,27.8,27.7,27.6,27.7,27.6,27.6,27.7,27.6,27.7,27.6,27.7,27.6,27.5,27.7,27.5,27.6,27.5,27.6,27.5,27.5,27.6,27.6,27.3,27.4,27.5,27.5
71,27.6,27.5,27.4,27.4,27.4,27.6,27.5,27.5,27.4,27.6,27.6,27.5,27.6,27.7,27.6,27.6,27.8,27.6,27.7,27.8,27.7,27.8,27.7,27.8,28.0,28.0,27.9,27.9,27.9,27.9,28.0,27.9,28.1,28.0,28.0,27.9,27.8,27.6,27.4,27.2,27.2,27.1,27.1,27.2,27.1,27.1,27.0,26.9,27.1,27.0,27.0,27.1,27.0,27.1,27.1,26.9,26.8,26.7,26.7,26.7,27.0,27.3,27.0,26.9,27.1,27.0,27.0,27.0,27.2,27.1,27.2,26.8,26.9,27.1,27.0,27.0,27.0,27.0,27.0,27.0,27.0,26.9,27.1,27.0,26.8,27.0,27.0,27.1,27.0,27.1,27.0,27.1,27.2,27.1,27.0,27.1,26.8,27.1,27.3,27.0,27.0,27.1,26.8,27.0,27.0,26.8,27.1,26.9,26.8,26.9,26.8,26.8,27.0,26.8,26.7,27.0,27.0,27.1,26.8,27.1,27.0,26.8,26.9,26.8,27.0,27.1,26.8,27.0,27.1,27.2,27.0,26.8,26.8,26.8,26.8,26.8,26.6,26.8,26.7,26.7,26.7,26.6,26.7,26.6,26.6,26.9,27.0,27.3,27.2,27.4,27.5,27.4,27.5,27.7,27.6,27.7,27.7,27.6,27.6,27.7,27.6,27.8,27.7,27.7,27.7,27.8,27.8,27.7,27.7,27.6,27.8,27.6,27.5,27.6,27.4,27.6,27.6,27.6,27.7,27.6,27.7,27.4,27.5,27.6,27.4,27.4,27.6,27.5,27.5,27.5,27.6,27.6
72,27.6,27.5,27.4,27.5,27.4,27.6,27.6,27.6,27.5,27.5,27.6,27.5,27.7,27.8,27.6,27.7,27.7,27.6,27.6,27.8,27.9,27.9,27.9,27.9,27.8,28.0,28.0,27.8,28.0,27.7,27.9,28.1,28.0,28.0,28.1,27.9,28.0,27.6,27.3,27.3,27.2,27.0,27.2,27.2,27.1,27.1,27.2,27.0,27.0,27.0,27.1,27.2,26.9,26.9,27.0,27.0,27.1,26.7,26.6,26.8,26.9,27.1,27.0,27.0,27.0,27.0,27.1,27.0,27.1,27.2,27.1,27.0,27.0,26.8,26.9,27.2,27.0,26.9,27.0,27.0,27.0,27.1,27.0,26.8,26.8,27.0,26.8,27.2,26.9,27.0,27.0,27.2,27.0,27.0,26.8,27.0,27.2,26.8,27.1,27.0,27.0,27.1,27.1,27.0,26.9,27.0,27.0,27.0,26.9,26.9,27.0,26.9,26.8,26.8,26.8,27.0,27.1,26.9,27.0,27.0,27.0,27.0,27.0,27.0,27.1,27.2,27.0,27.0,27.0,27.0,26.9,26.8,27.0,26.8,27.0,26.8,26.7,26.7,26.6,26.6,26.8,26.7,26.7,26.6,26.7,26.8,27.0,27.1,27.3,27.2,27.4,27.5,27.4,27.5,27.6,27.7,27.7,27.8,27.7,27.6,27.6,27.7,27.8,27.7,27.5,27.8,27.7,27.7,27.9,27.6,27.6,27.7,27.6,27.6,27.5,27.6,27.6,27.6,27.8,27.7,27.5,27.7,27.6,27.5,27.5,27.5,27.6,27.6,27.4,27.4,27.7,27.4
73,27.5,27.5,27.5,27.4,27.5,27.5,27.6,27.6,27.6,27.6,27.5,27.6,27.6,27.5,27.7,27.6,27.6,27.8,27.7,27.8,27.7,27.8,27.9,27.9,28.0,27.9,28.0,27.9,28.1,27.8,28.0,28.2,28.1,28.1,27.9,28.2,27.8,27.6,27.5,27.2,27.0,27.2,27.0,27.0,27.1,26.8,26.8,27.0,27.1,27.1,27.0,27.1,26.9,26.9,27.0,27.0,26.8,26.7,26.8,26.6,26.9,26.9,27.1,27.0,27.0,27.0,27.0,27.0,27.2,27.1,27.0,27.0,26.9,27.1,26.9,27.0,27.1,26.7,27.0,27.1,26.8,26.8,27.0,27.0,26.8,26.8,26.8,27.0,27.1,26.9,27.0,27.0,27.1,26.9,26.8,27.0,27.0,26.8,27.0,27.0,27.0,27.0,26.8,26.9,27.0,27.0,26.8,26.8,27.0,26.8,27.1,26.9,26.9,27.0,27.0,27.0,26.9,26.8,27.1,27.2,27.2,27.2,27.3,27.4,27.5,27.5,27.4,27.2,27.2,27.0,27.0,27.0,26.9,27.0,26.9,26.8,26.9,26.6,26.5,26.7,26.6,26.5,26.7,26.6,26.5,26.6,26.8,27.1,27.1,27.1,27.4,27.4,27.5,27.5,27.6,27.6,27.6,27.7,27.7,27.8,27.7,27.8,27.8,27.7,27.6,27.6,27.7,27.9,27.8,27.9,27.7,27.7,27.5,27.7,27.5,27.7,27.7,27.7,27.6,27.8,27.5,27.5,27.5,27.6,27.7,27.5,27.5,27.5,27.3,27.4,27.4,27.4
74,27.6,27.6,27.6,27.4,27.5,27.6,27.4,27.5,27.5,27.5,27.6,27.6,27.7,27.6,27.9,27.6,27.7,27.7,27.7,27.8,27.9,27.9,28.0,27.8,27.9,28.2,28.0,28.1,28.1,28.1,28.1,28.2,28.1,27.9,28.1,28.1,27.8,27.6,27.4,27.2,27.0,27.0,26.9,27.2,27.1,27.0,26.9,27.0,26.8,26.8,27.0,27.1,27.0,27.0,27.1,27.1,27.0,26.6,26.7,26.7,26.8,27.0,27.0,27.0,27.0,26.9,26.9,27.0,27.0,27.1,27.1,27.0,27.0,27.0,27.0,27.2,27.0,27.1,27.0,26.8,27.0,26.8,26.9,26.8,26.8,27.0,27.1,27.0,27.1,27.0,27.1,26.8,27.1,27.2,27.0,27.0,27.0,26.9,27.0,27.0,27.0,26.8,27.0,27.0,27.0,27.0,27.0,27.0,26.8,27.0,26.8,26.9,27.0,27.0,26.9,27.0,27.0,27.0,27.1,27.4,27.6,28.2,28.0,28.0,28.0,27.7,27.7,27.7,27.1,27.1,27.0,26.9,26.9,27.1,27.1,27.0,27.0,26.7,26.8,26.6,26.6,26.8,26.6,26.6,26.7,26.7,26.9,27.0,27.2,27.0,27.2,27.5,27.5,27.5,27.7,27.6,27.7,27.7,27.6,27.7,27.5,27.8,27.7,27.7,27.5,27.6,27.7,27.7,27.7,27.7,27.7,27.7,27.5,27.7,27.6,27.5,27.5,27.7,27.5,27.5,27.5,27.5,27.5,27.5,27.6,27.5,27.5,27.5,27.4,27.5,27.5,27.5
75,27.5,27.5,27.5,27.4,27.6,27.4,27.5,27.5,27.7,27.7,27.6,27.6,27.7,27.7,27.9,27.6,27.7,27.7,27.8,27.8,28.0,27.8,28.0,28.1,28.1,28.3,28.0,28.1,28.0,28.0,28.3,28.2,28.2,28.1,28.1,28.0,27.8,27.8,27.4,27.1,27.2,27.1,27.0,27.2,27.2,27.0,27.1,27.1,27.0,27.0,27.0,27.1,26.8,27.0,27.0,26.8,27.0,26.8,26.6,26.6,27.0,26.9,26.9,27.0,27.1,27.1,27.0,26.9,27.0,27.1,27.0,27.0,27.0,27.2,27.0,27.1,26.8,27.1,26.8,27.0,27.2,27.0,27.0,27.0,26.9,27.0,26.9,27.0,27.0,27.0,26.8,27.0,27.0,27.0,27.0,27.2,26.9,26.9,27.1,27.0,27.0,27.0,26.9,27.0,27.0,26.8,27.0,26.7,26.9,26.8,26.9,26.9,27.0,26.9,27.0,27.1,27.0,27.0,27.2,27.7,28.3,28.5,28.3,28.4,28.5,28.6,28.3,27.9,27.6,27.3,27.0,27.1,27.2,27.2,27.2,27.2,26.9,26.8,26.7,26.8,26.8,26.5,26.7,26.6,26.6,26.8,26.9,27.1,27.1,27.3,27.3,27.5,27.4,27.4,27.6,27.5,27.6,27.6,27.8,27.7,27.7,27.7,27.8,27.7,27.7,27.6,27.8,27.6,27.6,27.8,27.7,27.6,27.5,27.7,27.6,27.7,27.6,27.7,27.6,27.5,27.6,27.5,27.7,27.6,27.6,27.5,27.5,27.6,27.7,27.5,27.7,27.5
76,27.6,27.5,27.6,27.7,27.6,27.6,27.6,27.6,27.5,27.6,27.7,27.6,27.7,27.6,27.6,27.8,27.9,27.8,27.8,27.8,27.9,27.9,27.9,27.9,27.9,28.2,28.1,28.0,27.9,28.1,28.0,28.2,28.2,28.1,28.0,27.9,27.8,27.8,27.3,27.2,27.0,27.1,27.2,26.9,26.9,27.1,27.0,26.8,26.8,27.0,27.0,26.9,27.0,26.8,27.0,27.1,26.8,26.8,26.7,26.7,26.6,26.9,26.8,27.0,27.0,27.0,26.9,27.1,27.2,27.0,27.1,27.0,27.0,27.0,27.1,27.1,27.1,26.9,27.0,27.1,26.8,26.7,27.0,26.9,26.9,27.0,26.8,27.0,27.2,27.1,26.9,27.0,27.0,26.9,27.0,27.0,27.0,27.0,27.0,27.0,26.9,27.2,26.9,27.0,27.0,26.9,26.9,26.8,26.8,27.0,26.8,27.0,26.8,26.9,27.0,26.8,27.0,27.0,27.5,28.1,28.9,28.9,28.7,28.5,28.5,28.7,28.8,28.4,27.9,27.5,27.4,27.2,27.2,27.5,27.3,27.2,27.0,26.8,26.6,26.7,26.8,26.8,26.7,26.7,26.6,26.9,27.0,27.2,27.2,27.2,27.5,27.3,27.4,27.4,27.6,27.6,27.7,27.7,27.7,27.8,27.7,27.7,27.8,27.7,27.7,27.7,27.9,27.8,27.7,27.6,27.8,27.7,27.6,27.7,27.5,27.5,27.6,27.5,27.5,27.4,27.6,27.6,27.5,27.5,27.7,27.6,27.5,27.6,27.3,27.5,27.6,27.4
77,27.3,27.5,27.5,27.5,27.7,27.5,27.5,27.5,27.3,27.6,27.4,27.7,27.6,27.6,27.7,27.8,27.8,27.9,27.7,27.9,27.9,28.0,27.9,27.9,28.1,28.0,28.2,28.1,28.0,28.0,28.3,28.3,28.2,28.0,28.2,28.0,28.0,27.6,27.3,27.2,27.1,26.9,27.1,27.1,26.8,27.0,27.1,27.0,27.0,27.0,27.0,27.0,26.8,26.8,26.8,27.0,27.0,27.0,26.7,27.0,26.8,27.0,26.8,27.0,27.1,27.1,27.0,27.0,27.1,27.0,27.0,27.1,26.8,27.0,27.1,27.1,27.0,27.0,27.0,27.1,27.0,26.7,27.1,26.8,27.0,26.9,27.1,27.0,26.9,27.0,27.0,27.0,26.8,27.0,27.0,27.0,27.0,26.9,27.1,27.0,27.0,26.9,26.8,26.8,27.0,27.0,27.0,27.0,27.0,26.9,27.0,26.9,27.0,27.0,26.9,27.0,27.0,27.2,27.7,28.5,28.8,28.8,28.4,28.2,28.2,28.7,29.1,29.0,28.0,27.7,27.3,27.1,27.2,27.2,27.2,27.0,26.8,26.8,26.7,26.7,26.7,26.6,26.6,26.6,26.6,26.7,26.8,27.2,27.2,27.2,27.4,27.5,27.5,27.6,27.5,27.6,27.7,27.6,27.6,27.7,27.8,27.6,27.7,27.8,27.8,27.6,27.8,27.8,27.6,27.7,27.7,27.6,27.7,27.9,27.6,27.5,27.5,27.6,27.7,27.5,27.5,27.4,27.6,27.6,27.7,27.7,27.5,27.5,27.6,27.5,27.6,27.5
78,27.5,27.4,27.7,27.4,27.6,27.6,27.7,27.7,27.7,27.6,27.7,27.6,27.9,27.7,27.8,27.9,27.7,28.0,27.8,27.9,27.9,28.1,27.9,28.0,28.0,28.3,28.3,28.0,28.2,28.2,28.0,28.2,28.2,28.3,28.3,28.3,28.0,27.9,27.5,27.3,27.2,27.3,27.0,27.2,27.1,27.1,27.2,27.0,27.1,27.1,27.1,27.0,27.0,27.1,26.9,26.7,27.2,26.8,26.8,26.8,26.6,27.0,27.1,27.1,26.9,27.0,27.0,27.0,27.2,27.0,27.1,27.1,26.8,27.2,27.1,27.0,27.1,26.9,27.0,27.1,27.0,27.0,27.0,27.0,26.8,27.0,27.0,27.1,27.0,27.2,27.1,27.0,26.9,26.9,26.8,27.0,27.1,27.0,26.9,27.1,27.0,27.1,27.0,27.0,27.1,27.0,27.0,27.0,27.0,26.9,26.9,26.9,27.0,27.0,26.8,27.1,27.1,27.2,27.7,28.5,28.9,28.7,28.4,28.0,28.1,28.5,28.8,28.9,28.3,27.8,27.3,27.1,27.1,27.1,27.0,26.8,26.9,26.6,26.6,26.6,26.9,26.7,26.6,26.6,26.5,26.7,27.0,27.1,27.2,27.3,27.5,27.5,27.6,27.5,27.5,27.6,27.6,27.8,27.7,27.8,27.7,27.9,27.6,27.7,27.9,27.7,27.7,27.6,27.7,27.7,27.7,27.6,27.6,27.6,27.7,27.7,27.6,27.6,27.4,27.5,27.6,27.6,27.6,27.7,27.5,27.6,27.7,27.5,27.6,27.5,27.6,27.6
79,27.4,27.5,27.7,27.7,27.6,27.5,27.7,27.7,27.6,27.5,27.7,27.6,27.8,27.8,27.8,27.9,27.8,27.9,28.1,28.1,28.3,28.0,27.9,28.0,28.1,28.3,28.1,28.0,28.2,28.2,28.2,28.3,28.4,28.3,28.3,28.3,28.1,27.8,27.6,27.3,27.3,27.2,27.2,27.3,27.2,27.2,27.1,27.0,27.0,27.0,27.1,27.0,26.8,26.9,26.8,27.1,27.0,27.1,26.8,26.8,26.7,26.8,26.9,27.0,26.9,27.1,27.0,27.1,27.2,27.2,27.1,27.1,27.2,27.0,27.0,27.0,27.1,27.2,27.0,27.0,27.0,26.9,27.1,27.1,27.0,26.9,27.1,27.1,27.0,27.1,27.0,27.0,27.0,27.0,27.0,27.0,26.9,27.1,27.0,27.0,27.0,27.1,27.1,27.0,27.0,26.8,27.1,27.0,26.9,26.8,26.9,26.9,27.0,27.0,27.0,27.1,27.2,27.1,27.6,28.4,28.8,28.9,28.4,28.1,28.0,28.2,28.9,29.0,28.4,27.6,27.2,27.2,27.0,27.0,27.0,26.8,26.9,26.6,26.7,26.8,26.8,26.7,26.6,26.6,26.6,26.7,26.9,27.1,27.3,27.4,27.3,27.1,27.5,27.4,27.3,27.4,27.6,27.5,27.7,27.7,27.8,27.7,27.8,27.5,27.7,27.7,27.6,27.7,27.6,27.8,27.7,27.7,27.7,27.7,27.6,27.7,27.5,27.5,27.7,27.5,27.7,27.5,27.5,27.6,27.6,27.7,27.6,27.7,27.5,27.5,27.7,27.6
80,27.5,27.6,27.6,27.6,27.5,27.8,27.6,27.6,27.7,27.7,27.7,27.9,27.8,27.9,27.9,27.9,27.9,28.1,28.0,28.0,28.1,28.0,28.1,28.1,28.3,28.3,28.2,28.2,28.3,28.3,28.2,28.4,28.3,28.2,28.3,28.4,28.3,28.1,27.9,27.7,27.5,27.5,27.3,27.2,27.1,27.3,27.2,26.8,27.1,27.2,27.1,27.1,27.1,27.0,27.2,27.0,27.0,27.0,26.8,26.8,26.7,26.8,27.0,27.1,27.1,27.1,27.0,27.0,27.2,27.1,27.2,27.0,27.1,26.9,27.2,27.2,27.0,27.0,27.0,27.2,27.0,27.0,27.2,26.9,27.1,26.9,27.0,27.1,27.0,27.2,27.1,27.0,27.0,27.0,26.9,27.0,27.0,26.9,27.1,27.0,27.0,27.0,27.1,27.1,27.0,27.0,26.9,26.9,26.9,27.1,27.0,27.0,26.8,26.8,27.0,27.0,27.1,27.2,27.4,28.4,28.6,28.5,28.5,28.4,28.5,28.7,28.9,28.8,28.0,27.8,27.3,27.1,27.0,26.9,26.9,27.0,26.6,26.5,26.7,26.7,27.0,26.7,26.6,26.8,26.8,26.8,26.8,27.0,27.2,27.3,27.3,27.5,27.6,27.4,27.6,27.9,27.8,27.7,27.8,27.8,27.8,27.8,27.8,27.7,27.7,27.8,27.9,27.8,27.7,27.8,27.5,27.7,27.7,27.8,27.7,27.5,27.7,27.7,27.7,27.5,27.7,27.5,27.6,27.5,27.6,27.6,27.5,27.5,27.6,27.5,27.6,27.5
81,27.6,27.6,27.8,27.4,27.6,27.7,27.7,27.7,27.7,27.7,27.6,27.9,27.7,27.7,27.7,27.9,28.0,27.9,28.0,28.1,28.1,28.2,28.1,28.0,28.1,28.2,28.0,28.3,28.4,28.3,28.2,28.4,28.4,28.4,28.5,28.4,28.2,28.2,28.0,27.8,27.8,27.7,27.5,27.3,27.2,27.1,27.1,27.2,27.0,27.0,27.0,27.2,27.1,27.1,27.0,27.2,27.1,27.0,26.8,27.0,27.0,27.0,27.0,27.0,27.2,27.1,27.1,27.0,27.1,27.2,27.3,27.0,27.0,27.1,27.1,27.0,27.0,27.1,27.0,27.0,26.8,27.1,27.0,26.9,26.8,26.9,26.9,27.1,27.0,27.1,26.8,26.9,26.8,27.0,27.1,27.0,27.0,27.0,27.0,27.0,27.0,26.9,26.9,27.0,26.9,27.0,27.0,27.0,27.0,27.1,27.0,27.1,27.0,27.1,27.0,27.2,27.1,27.1,27.3,27.9,28.6,28.8,28.7,28.7,28.9,28.9,28.9,28.5,27.9,27.5,27.3,27.2,27.1,27.0,27.0,27.0,26.8,26.8,26.8,26.7,26.9,26.8,26.6,26.6,26.6,26.8,26.8,27.2,27.4,27.3,27.7,27.4,27.5,27.5,27.5,27.7,27.7,27.7,27.7,27.9,27.9,27.7,27.9,27.6,27.7,27.9,27.7,27.7,27.7,27.8,27.7,27.8,27.8,27.7,27.6,27.6,27.7,27.7,27.6,27.5,27.6,27.7,27.6,27.6,27.5,27.6,27.5,27.6,27.5,27.5,27.7,27.5
82,27.4,27.5,27.7,27.7,27.6,27.5,27.7,27.7,27.7,27.7,27.8,27.7,27.6,27.8,27.9,27.9,28.0,28.1,27.9,27.9,28.2,28.1,28.2,28.2,28.3,28.3,28.1,28.2,28.2,28.2,28.4,28.4,28.3,28.2,28.3,28.3,28.5,28.2,28.3,28.1,28.2,28.0,27.7,27.6,27.3,27.4,27.2,27.2,27.1,27.1,27.1,27.2,27.2,27.2,27.1,27.2,27.2,27.1,27.0,27.0,27.0,27.0,27.1,27.1,27.2,27.3,27.1,27.0,27.2,27.1,27.0,27.0,27.0,27.0,27.0,27.2,26.8,27.2,26.9,27.1,27.0,26.8,27.0,27.0,27.1,27.0,26.9,27.0,26.8,26.9,26.6,27.0,27.0,27.0,26.9,27.1,27.0,27.0,27.0,27.0,26.9,26.9,26.8,27.0,27.1,27.2,27.1,27.0,27.0,26.9,27.0,27.0,27.0,27.1,27.0,27.0,27.1,26.9,27.2,27.5,27.9,28.5,28.6,28.6,28.7,28.7,28.5,27.9,27.6,27.4,27.2,27.2,27.2,27.2,27.2,27.1,26.6,26.9,26.6,26.6,26.6,26.8,26.6,26.5,26.6,26.8,27.0,27.1,27.3,27.2,27.3,27.3,27.5,27.5,27.6,27.6,27.6,27.7,27.7,27.7,27.9,27.9,27.8,27.7,27.8,27.7,27.8,27.7,27.9,27.7,27.8,27.7,27.7,27.7,27.6,27.7,27.8,27.7,27.8,27.5,27.7,27.5,27.5,27.7,27.4,27.5,27.6,27.6,27.5,27.6,27.5,27.5
83,27.7,27.5,27.6,27.6,27.7,27.6,27.7,27.8,27.6,27.7,27.8,27.7,27.7,27.7,27.9,27.9,27.8,28.1,27.9,28.2,28.3,28.1,28.1,28.2,28.1,28.3,28.2,28.3,28.3,28.1,28.3,28.3,28.4,28.2,28.2,28.3,28.5,28.4,28.3,28.3,28.2,28.1,27.8,27.6,27.3,27.3,27.4,27.1,27.2,27.3,27.0,27.2,27.1,27.1,27.2,27.3,27.3,27.2,27.2,27.2,27.3,27.1,27.0,27.0,27.2,27.1,27.1,27.2,27.1,27.2,27.2,27.0,27.0,26.9,27.2,27.0,27.0,27.0,26.8,27.1,27.0,27.0,27.0,27.0,27.2,27.1,26.9,26.9,27.0,27.1,27.0,27.0,27.0,27.0,26.7,26.9,26.7,26.8,27.0,26.9,27.0,26.9,27.0,27.1,26.9,27.1,27.2,27.0,26.9,27.0,27.0,27.0,26.9,26.9,26.9,27.0,27.2,27.1,27.0,27.3,27.5,27.7,28.0,28.1,28.2,27.9,27.8,27.5,27.4,27.3,27.4,27.6,27.7,27.4,27.4,27.0,26.8,26.7,26.7,26.8,26.8,26.7,26.6,26.7,26.6,26.6,26.8,27.0,27.2,27.2,27.5,27.4,27.5,27.4,27.6,27.7,27.7,27.5,27.6,27.7,27.6,27.7,27.8,27.7,27.9,27.8,27.8,27.7,27.6,27.9,27.7,27.8,27.6,27.6,27.7,27.6,27.6,27.7,27.7,27.5,27.8,27.6,27.5,27.6,27.5,27.6,27.5,27.4,27.5,27.6,27.6,27.5
84,27.7,27.7,27.6,27.7,27.6,27.9,27.6,27.7,27.8,27.9,27.9,27.7,27.7,27.8,27.9,28.0,27.9,27.9,28.0,28.0,28.1,28.2,28.3,28.1,28.2,28.3,28.2,28.4,28.3,28.3,28.2,28.4,28.3,28.4,28.5,28.3,28.4,28.5,28.5,28.3,28.4,28.2,27.9,27.6,27.2,27.2,27.2,27.2,27.2,27.0,27.0,27.1,27.2,27.2,27.2,27.3,27.4,27.1,27.3,27.2,27.2,27.2,27.2,27.1,27.1,27.1,26.9,27.1,26.9,27.2,27.0,27.0,27.1,27.1,27.1,27.1,27.0,27.0,26.9,27.1,27.1,27.0,27.1,27.2,27.0,26.9,27.0,26.9,26.9,27.0,27.0,27.0,27.1,27.0,26.8,26.9,26.9,27.1,27.0,27.1,26.8,26.9,26.8,27.0,27.1,26.9,27.0,26.9,27.0,27.0,26.9,27.0,27.0,27.0,27.0,27.1,26.9,27.1,26.9,27.1,27.1,27.1,27.4,27.4,27.3,27.5,27.5,27.3,27.4,27.6,27.7,27.9,27.9,27.8,27.5,27.3,26.8,26.7,26.7,26.8,26.8,26.6,26.7,26.7,26.6,26.9,26.8,27.1,27.4,27.3,27.5,27.5,27.6,27.5,27.5,27.8,27.7,27.8,27.8,27.7,27.6,27.8,27.5,27.7,27.7,27.8,27.7,27.7,27.8,27.6,27.8,27.6,27.9,27.7,27.7,27.7,27.6,27.7,27.6,27.6,27.6,27.6,27.5,27.6,27.7,27.7,27.6,27.7,27.6,27.5,27.6,27.7
85,27.7,27.4,27.7,27.6,27.6,27.6,27.7,27.7,27.8,27.7,27.7,27.8,27.9,27.8,27.9,27.9,28.0,28.1,28.2,28.1,28.2,28.1,28.0,28.3,28.3,28.4,28.3,28.2,28.3,28.2,28.4,28.4,28.3,28.4,28.5,28.4,28.4,28.5,28.5,28.3,28.3,28.1,27.9,27.8,27.5,27.4,27.4,27.4,27.2,27.2,27.2,27.2,27.2,27.0,27.3,27.2,27.3,27.3,27.1,27.2,27.1,27.1,27.2,27.2,27.2,27.0,27.1,27.3,27.4,27.1,27.3,27.0,27.0,27.2,27.1,27.2,27.1,27.0,27.1,27.0,27.1,27.1,27.1,27.1,27.1,27.0,27.0,27.0,26.9,27.0,26.8,26.8,26.8,26.9,27.0,27.0,26.7,26.9,27.0,27.0,27.0,27.0,27.0,27.1,27.0,27.1,27.1,27.0,27.1,26.9,27.0,27.0,27.0,27.1,27.1,27.0,27.1,27.0,27.0,27.1,27.1,27.0,27.1,27.1,27.3,27.2,27.3,27.4,27.4,27.7,27.9,28.2,28.2,27.9,27.5,27.2,27.0,26.8,26.8,26.6,26.8,26.8,26.7,26.7,26.6,26.8,26.8,27.1,27.2,27.4,27.4,27.5,27.4,27.6,27.5,27.6,27.6,27.7,27.7,27.7,27.9,27.7,27.8,27.8,27.7,27.9,27.7,27.7,27.8,27.8,27.8,27.4,27.6,27.8,27.7,27.7,27.7,27.6,27.6,27.5,27.7,27.7,27.5,27.6,27.5,27.4,27.5,27.6,27.4,27.6,27.6,27.4
86,27.8,27.7,27.7,27.6,27.6,27.8,27.8,27.8,27.9,27.8,27.8,27.9,27.6,27.9,28.1,28.2,28.0,28.2,28.1,28.0,28.2,28.0,28.2,28.3,28.5,28.4,28.3,28.4,28.3,28.3,28.3,28.5,28.4,28.3,28.4,28.6,28.5,28.4,28.2,28.5,28.3,28.0,27.7,27.6,27.4,27.2,27.3,27.2,27.1,27.2,27.2,27.5,27.3,27.2,27.4,27.2,27.3,27.3,27.3,27.1,27.1,27.2,27.2,27.4,27.1,27.2,27.4,27.0,27.3,27.2,27.1,27.2,27.2,27.0,27.1,27.1,27.0,27.1,27.0,27.1,27.0,27.2,26.9,27.0,26.9,27.0,27.1,27.0,27.0,26.9,27.0,27.0,27.0,26.8,26.9,27.0,27.0,26.8,26.9,27.1,27.0,27.0,27.2,26.9,27.0,27.1,27.1,27.0,27.0,27.1,27.0,27.0,26.8,27.0,26.8,27.0,27.0,27.0,26.8,26.8,27.1,27.0,27.0,27.0,27.0,27.3,27.2,27.5,27.7,27.7,27.9,28.0,28.1,27.8,27.4,27.0,26.8,26.8,26.8,26.6,26.8,26.6,26.7,26.6,26.8,26.9,27.0,27.2,27.2,27.3,27.4,27.6,27.6,27.6,27.6,27.8,27.7,27.6,27.7,27.8,27.7,27.7,27.7,27.8,27.9,27.9,27.8,27.7,27.6,27.7,27.8,27.7,27.6,27.9,27.7,27.8,27.8,27.7,27.5,27.3,27.6,27.8,27.7,27.7,27.7,27.6,27.5,27.7,27.6,27.6,27.7,27.5
87,27.6,27.7,27.8,27.5,27.7,27.5,27.7,27.8,27.8,27.8,27.8,27.8,27.9,27.9,28.0,28.2,28.1,27.9,28.0,28.2,28.1,28.1,28.2,28.1,28.4,28.2,28.3,28.3,28.2,28.4,28.3,28.3,28.4,28.4,28.5,28.3,28.4,28.4,28.3,28.3,28.0,27.7,27.9,27.5,27.2,27.2,27.4,27.2,27.2,27.2,27.0,27.2,26.9,27.2,27.1,27.2,27.2,27.1,27.0,27.0,27.1,27.0,27.2,27.2,27.0,27.3,27.2,27.1,27.2,27.2,27.0,27.0,27.0,27.0,26.9,27.0,27.1,27.1,27.1,27.1,27.0,27.0,27.0,27.0,26.9,26.9,26.9,26.9,26.9,26.9,27.1,26.9,27.0,26.9,27.0,27.0,26.8,26.7,26.9,26.8,27.0,26.9,27.0,27.0,27.1,27.0,27.1,27.0,27.0,27.0,27.0,27.0,27.0,27.0,27.0,27.1,26.8,27.0,26.8,27.0,27.0,26.9,27.0,27.1,27.0,27.1,27.4,27.6,27.7,27.5,27.7,28.0,27.7,27.6,27.4,27.2,27.1,26.8,26.7,26.8,26.8,26.8,26.6,26.8,26.6,26.8,26.8,27.1,27.1,27.4,27.5,27.6,27.6,27.6,27.5,27.8,27.6,27.7,27.6,27.8,27.7,27.7,27.9,27.9,27.7,27.8,27.9,27.7,27.7,27.7,27.8,27.7,27.6,27.7,27.8,27.5,27.7,27.7,27.6,27.6,27.6,27.5,27.5,27.6,27.7,27.6,27.5,27.6,27.5,27.5,27.6,27.6
88,27.7,27.6,27.8,27.6,27.8,27.8,27.8,27.7,27.8,27.9,27.9,27.9,28.0,27.9,27.9,28.1,28.1,28.0,28.3,28.2,28.2,28.3,28.3,28.3,28.5,28.3,28.5,28.5,28.3,28.4,28.4,28.5,28.5,28.4,28.4,28.4,28.3,28.3,28.1,28.1,27.8,27.6,27.6,27.4,27.3,27.4,27.4,27.5,27.2,27.1,27.1,27.1,27.0,27.0,26.9,27.1,26.8,26.9,27.1,27.0,27.1,27.0,27.1,27.1,27.1,27.3,27.2,27.2,27.2,27.2,27.1,27.1,27.1,27.0,27.1,26.9,26.8,27.0,27.0,27.0,27.2,27.1,27.2,27.0,27.0,27.0,26.8,26.9,27.0,26.9,26.9,27.1,26.9,27.0,27.1,26.8,26.8,26.9,26.8,26.7,27.0,27.0,27.0,27.0,27.1,26.9,27.1,26.9,26.9,26.9,26.8,27.1,27.1,27.0,27.1,27.0,26.9,27.0,26.9,27.0,26.9,27.0,26.9,27.1,27.1,27.1,27.1,27.4,27.4,27.4,27.7,27.7,27.6,27.5,27.3,27.2,27.0,26.7,26.9,26.6,26.8,26.7,26.9,26.7,26.7,26.6,27.1,27.2,27.2,27.4,27.4,27.5,27.6,27.6,27.6,27.7,27.5,27.7,27.8,27.7,27.8,27.9,27.7,27.9,27.8,27.9,27.7,27.9,27.7,27.8,27.9,27.8,27.5,27.8,27.7,27.5,27.6,27.7,27.7,27.4,27.7,27.6,27.6,27.5,27.7,27.7,27.7,27.5,27.5,27.5,27.5,27.6
89,27.8,27.7,27.7,27.8,27.7,27.8,27.7,27.8,27.9,28.0,28.0,27.9,28.0,28.2,28.1,28.1,28.1,28.3,27.9,28.1,28.1,28.2,28.2,28.2,28.5,28.5,28.5,28.4,28.3,28.3,28.2,28.6,28.5,28.3,28.3,28.5,28.2,27.9,28.0,27.7,27.7,27.6,27.3,27.0,27.2,27.0,27.0,27.1,27.0,27.0,27.0,26.8,26.8,27.0,27.0,26.8,26.9,26.9,26.9,27.0,27.0,27.0,27.1,27.1,27.2,27.2,27.1,27.2,27.1,27.0,27.2,27.3,27.2,27.0,27.2,27.1,27.0,27.0,27.1,26.9,27.0,27.1,27.1,27.0,27.1,27.0,26.8,27.0,27.0,27.1,27.0,27.1,27.0,27.0,26.8,27.1,27.0,26.8,27.1,27.0,27.0,26.9,27.0,27.0,27.1,27.2,26.9,27.0,26.8,26.9,27.0,27.1,27.0,27.0,27.0,26.9,27.0,27.0,26.9,26.8,27.1,27.0,27.0,27.0,27.2,27.2,27.4,27.4,27.4,27.5,27.4,27.5,27.5,27.5,27.4,27.1,27.1,26.9,26.7,26.8,26.7,26.7,26.8,26.8,26.7,26.7,27.0,27.2,27.4,27.2,27.5,27.4,27.6,27.6,27.7,27.7,27.7,27.7,27.6,27.8,27.7,27.7,27.7,27.8,27.9,27.7,28.0,27.8,27.9,27.7,27.7,27.8,27.7,27.8,27.6,27.7,27.8,27.8,27.7,27.7,27.8,27.6,27.8,27.7,27.7,27.7,27.6,27.6,27.5,27.6,27.6,27.5
90,27.8,27.7,27.8,27.9,27.7,27.8,27.8,27.7,27.7,27.9,28.1,28.0,28.0,28.0,28.0,28.1,28.1,28.0,28.0,28.2,28.3,28.3,28.3,28.3,28.3,28.4,28.3,28.3,28.4,28.3,28.4,28.3,28.4,28.5,28.2,28.2,28.0,27.7,27.5,27.5,27.4,27.3,27.2,27.1,27.0,27.1,27.0,27.0,27.0,27.0,27.0,26.8,26.8,27.0,26.8,26.9,26.9,27.0,26.8,27.0,27.0,27.1,27.0,27.2,27.2,27.1,27.2,27.1,27.2,27.0,27.3,27.0,27.1,27.1,27.0,27.0,27.0,27.0,27.0,27.3,26.9,27.0,27.0,27.0,27.0,26.8,27.0,27.0,27.0,27.0,27.0,27.0,26.9,27.0,27.1,26.9,26.9,27.0,27.0,26.9,26.8,26.9,27.1,27.0,27.1,27.1,27.0,26.8,26.9,27.0,26.9,26.9,26.8,26.9,27.0,27.0,27.0,26.9,27.0,27.0,26.9,26.9,27.0,27.0,27.0,27.3,27.4,27.5,27.4,27.5,27.5,27.3,27.5,27.5,27.5,27.4,27.0,26.8,26.8,26.9,27.0,26.8,26.7,26.5,26.6,27.0,26.8,27.1,27.3,27.3,27.3,27.5,27.5,27.5,27.5,27.6,27.5,27.7,27.8,27.7,27.7,27.8,27.9,27.8,27.9,27.7,27.9,27.9,27.7,27.7,27.7,27.7,27.7,27.8,27.7,27.7,27.7,27.6,27.8,27.9,27.7,27.8,27.5,27.6,27.6,27.5,27.7,27.4,27.5,27.6,27.6,27.5
91,27.8,27.7,27.8,27.7,27.8,27.9,27.8,28.0,28.0,27.8,27.9,27.8,27.9,27.9,28.3,28.2,28.0,28.0,28.1,28.2,28.2,28.3,28.3,28.3,28.1,28.3,28.4,28.5,28.4,28.3,28.5,28.5,28.6,28.4,28.3,28.1,27.8,27.6,27.2,27.1,27.1,27.2,27.0,27.2,27.1,27.1,27.0,27.0,26.9,27.0,26.8,26.8,27.0,27.0,26.8,27.0,26.7,26.9,26.9,26.8,26.9,26.9,27.0,27.0,27.2,27.1,27.2,27.2,27.2,27.2,27.2,27.2,27.1,27.0,27.1,27.0,27.1,27.0,27.1,27.1,27.2,27.0,27.1,27.0,26.9,27.0,26.8,27.0,26.6,27.0,26.9,27.0,27.0,27.0,27.0,27.1,27.0,26.9,26.8,27.0,26.9,27.0,26.8,26.9,27.0,27.0,27.1,27.1,26.8,27.1,26.8,26.9,26.9,27.1,26.8,27.0,26.9,27.1,26.8,27.0,27.0,26.9,26.8,27.1,26.8,27.0,27.4,27.5,27.5,27.7,27.6,27.4,27.6,27.5,27.6,27.3,27.0,26.8,26.8,26.8,26.8,26.8,26.7,26.7,26.7,26.8,27.0,27.2,27.3,27.3,27.4,27.6,27.5,27.5,27.7,27.7,27.9,27.7,27.7,27.8,27.7,27.8,27.9,27.7,27.9,28.0,27.9,27.9,27.8,27.8,27.7,27.7,27.8,27.9,27.8,27.6,27.9,27.7,27.8,27.6,27.4,27.8,27.7,27.6,27.6,27.7,27.6,27.6,27.5,27.6,27.6,27.6
92,27.7,27.7,27.9,27.7,27.9,27.9,27.9,27.8,27.8,27.9,28.0,28.0,28.2,28.0,28.1,28.2,28.2,28.3,28.1,28.2,28.2,28.3,28.4,28.4,28.5,28.4,28.4,28.2,28.4,28.4,28.4,28.5,28.5,28.5,28.3,27.9,27.7,27.6,27.2,27.2,27.2,27.0,27.0,27.1,27.2,27.1,27.2,26.8,26.8,26.8,26.8,26.8,26.9,26.7,26.8,26.6,27.0,26.8,26.8,27.0,27.0,27.0,27.0,27.2,27.2,27.2,27.1,27.2,27.3,27.1,27.2,27.2,27.1,27.1,27.1,27.1,27.1,27.0,27.0,27.1,27.0,27.1,27.0,27.1,26.9,27.0,27.0,27.2,27.1,27.1,27.0,27.0,27.0,27.1,27.0,27.0,27.0,27.1,27.0,26.9,27.1,27.0,26.9,27.1,27.0,27.0,27.0,27.0,27.0,27.0,27.1,27.2,26.9,27.0,26.8,27.0,27.0,27.1,27.1,27.0,27.0,27.1,26.9,27.0,27.1,27.0,27.4,27.4,27.3,27.4,27.4,27.2,27.3,27.4,27.4,27.2,26.9,26.8,26.9,26.7,26.7,26.7,26.8,26.8,26.7,26.8,26.8,27.2,27.1,27.4,27.6,27.6,27.6,27.5,27.7,27.8,27.8,27.8,27.8,27.7,27.8,27.8,27.8,27.8,27.8,27.7,27.9,27.8,27.8,27.7,27.7,27.7,27.7,27.8,27.9,27.7,27.8,27.8,27.6,27.5,27.7,27.6,27.6,27.7,27.7,27.7,27.7,27.5,27.3,27.6,27.5,27.7
93,27.9,27.9,27.9,27.8,27.9,27.8,27.9,27.9,27.9,27.9,27.9,28.0,28.1,27.9,28.0,28.1,28.2,28.2,28.3,28.3,28.3,28.3,28.3,28.1,28.3,28.6,28.4,28.3,28.5,28.3,28.4,28.5,28.5,28.4,28.3,28.0,27.7,27.3,27.2,27.1,27.0,27.0,27.2,26.9,27.0,27.0,26.9,27.0,27.0,26.9,27.0,27.0,26.8,26.8,27.2,26.8,26.8,26.6,26.8,26.9,26.8,27.0,27.2,27.1,27.0,27.2,27.0,27.2,27.3,27.0,27.3,27.3,27.1,27.1,27.1,27.1,27.0,27.0,27.0,27.1,27.0,27.0,27.1,27.0,27.0,27.0,26.9,27.0,27.0,27.0,26.9,27.2,27.0,27.1,26.9,27.0,26.8,27.1,27.0,26.8,27.0,26.9,27.0,26.8,27.1,27.1,27.0,26.9,27.1,27.0,27.1,27.0,27.0,26.9,26.9,27.1,26.9,27.0,27.0,27.0,27.1,27.0,26.9,27.0,27.1,27.1,27.3,27.2,27.2,27.5,27.3,27.5,27.4,27.5,27.5,27.3,26.9,26.8,27.0,26.7,26.8,26.7,26.7,26.8,26.6,26.6,26.9,27.1,27.3,27.2,27.6,27.4,27.5,27.6,27.5,27.7,27.9,27.7,27.8,27.8,27.9,27.7,27.9,27.8,27.9,27.8,27.7,27.9,27.7,27.8,27.6,27.7,27.8,27.7,27.7,27.9,27.8,27.6,27.6,27.7,27.7,27.7,27.9,27.8,27.8,27.5,27.6,27.6,27.5,27.3,27.6,27.6
94,27.9,27.7,27.9,27.7,27.8,27.9,27.8,27.8,27.8,27.7,28.0,28.1,28.2,27.9,28.1,28.3,28.3,28.2,28.2,28.3,28.3,28.3,28.3,28.4,28.4,28.4,28.4,28.5,28.5,28.4,28.3,28.4,28.5,28.3,28.4,27.8,27.7,27.3,27.0,27.0,26.8,26.9,27.0,27.0,27.0,27.0,27.1,27.0,26.7,26.9,26.9,26.8,27.0,26.8,26.8,26.8,26.8,26.7,26.7,26.8,27.0,27.0,27.0,27.1,27.2,27.3,27.2,27.3,27.3,27.2,27.1,27.1,27.1,27.0,27.0,27.1,27.0,27.0,27.0,27.0,27.0,27.0,27.2,26.9,27.2,27.0,26.9,26.9,27.0,27.0,26.8,27.0,27.1,27.0,27.0,27.0,26.8,27.2,26.9,26.8,27.0,27.0,27.0,27.0,27.0,26.8,26.9,27.1,27.0,27.1,27.0,26.9,27.1,27.1,27.1,27.0,27.1,27.0,26.8,27.0,27.0,27.0,26.9,27.0,26.9,27.1,27.2,27.3,27.2,27.2,27.2,27.4,27.2,27.4,27.4,27.4,27.0,27.0,26.8,26.7,26.8,26.6,26.6,26.7,26.4,26.8,27.0,26.9,27.4,27.2,27.4,27.5,27.5,27.4,27.7,27.7,27.8,27.8,27.9,27.8,27.9,27.9,27.8,27.7,27.8,27.8,27.9,27.9,27.8,28.0,27.8,27.8,27.7,27.8,27.9,27.8,27.7,27.8,27.7,27.7,27.6,27.5,27.6,27.8,27.6,27.7,27.6,27.5,27.7,27.6,27.5,27.7
95,27.8,27.8,28.0,27.9,27.8,27.8,27.8,28.0,28.0,27.9,28.0,28.0,28.0,28.0,28.0,28.1,28.1,28.3,28.1,28.2,28.3,28.2,28.2,28.3,28.2,28.3,28.5,28.4,28.2,28.3,28.6,28.3,28.6,28.4,28.3,28.0,27.7,27.3,27.1,27.2,27.0,27.0,27.0,27.1,26.9,27.0,27.1,26.9,26.8,26.9,26.8,27.0,26.9,26.8,26.8,26.9,26.9,26.9,26.7,26.8,27.0,27.0,27.2,27.3,27.3,27.2,27.3,27.2,27.2,27.2,27.1,27.2,27.1,27.0,27.0,27.1,27.1,27.0,27.0,27.0,27.1,26.8,27.0,27.0,27.0,26.9,27.0,27.1,26.8,27.0,27.0,27.0,27.0,27.0,27.0,27.1,27.0,27.0,27.0,27.0,26.8,27.1,27.0,27.3,27.0,27.0,27.0,27.1,27.2,26.9,26.9,27.1,27.0,27.1,27.0,27.0,27.2,26.8,26.8,27.0,26.9,27.2,26.9,27.2,27.0,27.0,27.0,27.2,27.2,27.3,27.0,27.1,27.0,27.2,27.2,27.2,27.2,26.8,26.8,26.8,26.9,26.8,26.7,26.8,26.7,26.9,27.1,27.3,27.4,27.5,27.4,27.4,27.5,27.6,27.7,27.5,27.8,27.7,27.8,27.8,27.7,27.8,27.8,27.7,27.9,27.8,27.9,27.7,27.7,27.9,27.9,27.7,27.9,27.7,27.8,27.7,27.8,27.7,27.6,27.4,27.6,27.7,27.6,27.7,27.6,27.6,27.7,27.5,27.5,27.5,27.5,27.6
96,27.7,27.7,28.0,27.9,27.8,27.8,27.9,27.9,27.7,28.0,27.9,27.9,27.9,28.0,28.0,28.0,28.3,28.1,28.1,28.2,28.4,28.3,28.2,28.3,28.3,28.4,28.3,28.5,28.3,28.5,28.4,28.3,28.4,28.4,28.3,27.9,27.6,27.2,27.2,27.0,27.1,27.0,27.1,26.8,27.0,27.1,27.0,27.0,27.0,27.0,26.8,26.9,27.0,26.8,26.8,26.9,26.9,26.9,26.8,26.9,26.9,26.9,27.2,27.2,27.1,27.0,27.2,27.1,27.1,27.0,27.0,27.2,27.2,27.1,27.1,27.1,27.0,27.0,26.8,26.9,26.9,26.9,27.0,27.2,27.0,27.0,26.8,26.9,27.1,26.9,27.0,27.0,27.0,27.1,27.1,27.1,26.9,27.1,27.0,27.0,27.1,27.2,27.0,27.0,27.1,27.0,27.0,27.1,26.9,26.9,27.0,27.0,26.9,26.8,27.0,26.8,27.0,26.8,26.8,27.1,27.0,26.9,27.0,27.0,27.0,26.9,27.0,27.1,27.1,27.0,27.1,27.0,27.2,27.3,27.4,27.3,27.0,27.0,26.8,26.8,26.7,26.7,26.6,26.6,26.7,26.8,26.8,27.1,27.3,27.4,27.6,27.5,27.5,27.5,27.5,27.7,27.7,27.7,27.9,28.1,27.9,27.9,27.9,27.7,27.8,27.7,27.7,28.0,27.7,27.7,27.7,27.8,27.7,27.8,27.9,27.8,27.7,27.7,27.7,27.8,27.6,27.5,27.8,27.6,27.7,27.8,27.7,27.7,27.6,27.7,27.7,27.6
97,27.9,27.8,27.9,27.8,28.1,27.9,28.0,27.9,28.0,27.8,28.0,28.1,27.9,28.0,28.1,28.2,28.4,28.1,28.2,28.3,28.2,28.4,28.5,28.3,28.4,28.6,28.5,28.4,28.5,28.5,28.5,28.4,28.4,28.6,28.3,28.1,27.8,27.5,27.2,27.2,27.2,27.1,27.1,27.2,27.2,27.1,27.0,27.2,27.0,27.1,27.0,27.0,26.9,27.0,26.9,26.8,27.0,26.9,26.8,27.0,27.0,26.9,27.1,27.2,27.2,27.2,27.3,27.4,27.2,27.4,27.2,27.2,27.2,27.1,27.2,27.0,27.2,27.0,27.0,27.0,27.1,26.8,27.2,27.0,27.0,27.0,27.0,27.1,27.1,27.0,27.1,27.1,27.2,27.0,27.0,27.1,27.0,27.0,27.0,26.8,27.0,27.1,27.0,27.0,27.1,26.8,27.0,27.0,27.0,27.0,26.8,27.0,26.9,27.0,27.1,27.0,27.1,27.0,27.0,27.1,27.0,27.0,27.1,27.0,27.2,27.2,27.0,27.1,27.2,27.0,27.1,26.9,27.2,27.2,27.4,27.2,27.0,26.9,26.8,26.7,26.7,26.6,26.5,26.6,26.7,26.6,26.9,27.1,27.1,27.2,27.4,27.5,27.6,27.6,27.6,27.7,27.7,27.8,27.8,27.9,27.9,27.8,28.1,27.8,27.7,27.7,27.9,27.6,27.8,27.7,27.8,27.9,27.8,27.9,27.7,27.7,27.7,27.8,27.6,27.8,27.7,27.5,27.6,27.7,27.7,27.5,27.7,27.6,27.5,27.6,27.6,27.5
98,28.0,27.9,27.9,27.7,27.8,27.9,28.0,27.9,27.9,27.8,27.9,28.0,28.1,28.1,28.1,28.2,28.1,28.3,28.5,28.4,28.3,28.4,28.5,28.2,28.5,28.2,28.4,28.3,28.3,28.5,28.3,28.6,28.5,28.5,28.3,28.3,28.3,27.8,27.6,27.5,27.5,27.2,27.2,27.3,27.2,27.2,27.2,27.2,26.9,27.1,27.1,26.8,26.8,26.8,27.0,26.9,27.0,27.0,26.8,27.1,27.1,27.0,27.0,27.2,27.2,27.2,27.2,27.2,27.2,27.1,27.3,27.2,27.1,27.2,27.0,27.0,27.0,26.9,27.0,27.0,27.0,27.0,27.0,27.0,26.8,27.0,27.0,27.1,27.2,27.0,27.1,26.9,26.9,27.0,27.0,27.0,27.0,26.9,26.9,26.8,26.8,27.2,27.0,27.2,27.1,27.1,26.8,26.9,27.0,27.0,27.1,27.0,27.0,27.0,27.0,27.1,26.9,26.9,26.8,27.0,27.0,26.9,27.0,27.2,27.0,27.2,27.0,26.9,27.0,26.9,27.0,27.1,27.1,27.3,27.2,27.4,27.0,26.7,26.8,26.8,26.9,26.7,26.8,26.8,26.6,26.8,26.9,27.2,27.3,27.3,27.5,27.5,27.7,27.5,27.5,27.9,27.8,27.9,27.7,27.7,28.0,27.9,27.9,28.0,28.0,27.8,27.7,27.9,27.7,27.8,27.7,27.7,27.8,27.9,27.7,27.6,27.8,27.7,27.7,27.7,27.7,27.7,27.9,27.9,27.7,27.8,27.7,27.6,27.7,27.6,27.7,27.6
99,27.8,27.7,27.9,27.9,28.0,27.9,28.0,28.0,28.0,27.9,28.2,28.1,28.0,27.8,27.9,28.0,28.1,28.0,28.2,28.3,28.3,28.4,28.2,28.3,28.3,28.5,28.2,28.3,28.5,28.4,28.4,28.4,28.5,28.5,28.5,28.4,28.2,28.1,27.9,27.7,27.8,27.5,27.3,27.4,27.3,27.3,27.4,27.1,27.0,27.0,27.2,27.1,26.8,27.0,27.1,27.0,27.1,27.0,27.1,27.0,27.0,27.0,27.0,27.2,27.0,27.2,27.2,27.2,27.3,27.2,27.2,27.2,27.2,27.2,27.2,27.2,27.0,27.1,27.0,27.2,27.2,27.0,27.1,26.9,26.8,27.0,27.1,27.0,27.0,27.0,27.0,27.0,27.1,26.9,26.9,27.1,26.8,26.8,26.9,27.0,27.1,27.1,27.0,27.1,27.0,27.0,27.1,26.9,27.0,27.0,27.0,27.0,27.0,27.1,26.8,27.0,27.0,27.0,26.8,27.1,26.8,27.1,26.9,27.0,27.0,27.1,27.3,27.0,27.0,27.0,27.2,26.9,27.1,27.0,27.2,27.2,26.8,27.0,26.9,26.8,27.0,26.7,26.6,26.8,26.7,26.8,27.0,27.1,27.4,27.3,27.5,27.7,27.6,27.5,27.7,27.6,27.7,27.7,27.8,27.8,27.9,27.9,28.0,27.9,27.9,27.8,27.9,27.8,27.8,27.8,27.7,27.8,27.8,27.8,27.7,27.8,27.9,27.6,27.7,27.7,27.8,27.9,27.8,27.6,27.6,27.7,27.6,27.5,27.7,27.7,27.6,27.7
100,27.8,28.0,27.9,27.8,27.9,27.8,27.8,27.9,27.8,27.9,27.8,27.8,27.8,28.0,27.9,27.9,27.9,27.9,28.0,28.1,28.0,27.9,28.1,28.0,28.1,28.1,28.1,27.9,28.3,28.1,28.4,28.4,28.5,28.4,28.5,28.5,28.4,28.3,28.3,28.1,27.9,27.9,27.4,27.4,27.4,27.4,27.3,27.3,27.1,27.0,27.0,27.0,27.2,27.0,27.1,27.2,27.1,27.2,27.2,27.2,27.2,27.0,27.1,27.1,27.2,27.2,27.2,27.2,27.3,27.2,27.2,27.0,27.0,27.0,26.9,27.1,26.9,27.1,27.0,27.1,27.1,26.8,27.0,27.0,26.9,27.0,27.0,27.1,26.8,27.0,26.9,27.0,27.0,27.0,26.8,26.8,26.8,26.7,27.1,27.0,27.0,26.8,26.9,27.0,27.2,27.2,27.2,27.0,27.1,27.0,27.0,27.0,27.2,27.1,27.1,26.9,27.0,27.1,26.9,27.1,26.7,26.9,27.0,27.0,27.1,27.2,27.0,27.2,27.3,27.0,27.0,26.9,26.8,26.8,27.1,26.8,26.8,27.0,26.8,26.8,26.7,26.8,26.7,26.6,26.9,27.0,26.9,27.3,27.4,27.6,27.7,27.5,27.9,27.6,27.6,27.6,27.7,27.8,27.7,27.9,27.8,27.8,27.8,27.8,27.8,27.9,27.8,27.9,27.6,27.7,27.7,27.8,27.8,27.7,27.7,27.9,27.8,27.7,27.7,27.8,27.5,27.5,27.7,27.8,27.7,27.7,27.5,27.7,27.5,27.6,27.7,27.5
101,27.7,27.7,27.7,27.7,27.9,27.7,27.6,27.8,27.8,27.7,27.8,27.7,27.7,27.7,27.7,27.7,27.6,27.7,27.7,27.7,27.9,27.8,27.9,27.7,27.8,27.7,27.7,27.7,27.7,27.9,28.2,28.2,28.5,28.4,28.4,28.5,28.5,28.4,28.3,28.3,28.1,27.8,27.6,27.6,27.5,27.5,27.5,27.3,27.3,27.2,27.0,27.2,27.1,27.2,27.1,27.1,27.2,27.3,27.4,27.4,27.3,27.3,27.2,27.2,27.2,27.2,27.2,27.2,27.2,27.0,27.2,27.2,27.2,27.2,27.0,27.1,27.1,27.0,27.0,26.8,27.0,27.0,27.0,27.1,27.0,26.9,27.0,26.9,26.9,26.9,26.8,26.9,27.0,27.0,27.0,26.8,27.0,26.7,26.8,26.8,27.0,26.9,27.1,27.0,27.0,27.2,27.0,26.9,27.0,27.0,27.1,26.8,27.0,27.0,27.0,27.1,27.0,26.7,26.8,26.9,27.0,27.1,27.0,27.1,27.0,27.1,27.2,27.1,26.9,27.0,27.1,26.9,27.1,26.9,26.9,26.9,26.7,26.8,26.8,26.8,27.0,26.8,26.8,26.7,26.6,26.8,26.9,27.1,27.2,27.4,27.6,27.5,27.6,27.7,27.6,27.9,27.9,27.6,27.9,27.9,28.0,27.8,27.7,28.0,27.9,28.0,27.6,27.7,27.7,27.7,27.7,27.9,27.8,27.9,27.9,27.8,27.8,27.7,27.7,27.7,27.7,27.7,27.5,27.6,27.5,27.7,27.6,27.7,27.6,27.6,27.5,27.6
102,27.7,27.5,27.4,27.4,27.4,27.4,27.7,27.4,27.7,27.6,27.5,27.4,27.4,27.5,27.4,27.4,27.4,27.3,27.4,27.4,27.5,27.2,27.2,27.2,27.4,27.3,27.3,27.2,27.7,27.5,27.7,28.1,28.4,28.5,28.5,28.5,28.5,28.4,28.5,28.4,28.2,27.9,27.9,27.7,27.8,27.9,27.7,27.7,27.2,27.2,27.1,27.3,27.2,27.3,27.2,27.4,27.4,27.6,27.7,27.7,27.6,27.2,27.2,27.2,27.2,27.2,27.3,27.3,27.2,27.2,27.0,27.3,27.1,27.0,27.2,27.0,27.1,27.0,27.1,27.0,27.0,27.0,27.0,27.0,26.9,26.9,27.0,27.0,27.1,26.8,26.8,26.9,26.8,26.9,26.8,26.9,26.8,26.8,26.8,26.8,26.9,26.9,27.0,27.0,27.1,27.1,27.0,27.1,26.8,26.8,27.0,26.9,27.1,27.2,26.9,26.9,27.0,27.0,27.0,27.0,27.0,26.8,27.0,27.0,26.9,27.2,27.2,27.0,26.9,27.2,27.1,27.1,27.0,27.0,26.8,26.9,26.7,26.7,26.8,26.9,26.8,26.6,26.8,26.8,26.7,26.8,26.8,27.2,27.5,27.3,27.5,27.5,27.7,27.8,27.6,27.7,27.6,27.9,28.0,27.7,27.8,27.9,27.9,27.8,27.9,27.8,27.8,27.9,27.9,27.9,27.9,27.7,27.8,27.6,27.7,27.7,27.7,27.8,27.7,27.7,27.7,27.7,27.7,27.5,27.6,27.6,27.7,27.7,27.5,27.7,27.9,27.6
103,27.2,27.2,27.2,27.1,27.3,27.2,27.2,27.0,27.2,27.2,27.2,27.0,27.1,27.2,27.2,27.0,27.1,27.0,27.1,27.1,27.1,27.2,26.8,26.9,27.0,26.8,26.8,26.8,27.0,27.3,27.5,27.8,28.3,28.5,28.4,28.4,28.5,28.3,28.3,28.3,28.2,27.7,27.7,27.6,27.5,27.7,27.6,27.5,27.2,27.3,27.3,27.3,27.1,27.2,27.2,27.3,27.4,27.5,27.4,27.7,27.6,27.4,27.5,27.3,27.3,27.2,27.3,27.1,27.3,27.3,27.2,27.2,27.2,27.1,27.1,27.0,27.0,27.1,26.9,26.8,27.0,27.0,27.1,26.8,27.0,27.0,26.8,27.0,26.8,27.0,26.8,27.0,27.0,26.8,26.8,26.7,26.8,26.9,27.0,26.8,27.1,27.1,27.0,27.0,27.1,27.1,26.8,27.0,27.1,26.8,27.1,27.0,27.1,27.0,27.0,27.2,27.1,26.8,27.0,26.8,26.9,26.9,27.1,27.1,27.1,27.3,27.2,27.2,27.2,27.1,27.1,26.9,27.0,27.0,27.0,26.9,26.8,26.7,26.8,26.8,27.0,26.8,26.7,26.7,26.6,26.8,26.8,27.2,27.3,27.3,27.4,27.6,27.6,27.7,27.5,27.5,27.8,27.8,27.8,27.7,27.9,27.9,27.8,27.9,27.7,27.9,27.9,27.9,27.8,27.7,27.7,27.8,27.6,27.6,27.8,27.7,27.7,27.8,27.7,27.7,27.8,27.7,27.6,27.5,27.7,27.7,27.6,27.6,27.5,27.5,27.4,27.4
104,27.1,27.2,27.1,27.2,27.1,27.0,27.2,27.0,27.1,27.1,27.2,27.1,27.0,27.0,27.1,27.0,27.0,27.0,27.1,27.0,27.1,27.1,27.0,26.8,26.9,27.0,26.9,26.8,26.9,27.0,27.4,27.7,28.0,28.2,28.6,28.2,28.3,28.3,28.3,28.3,28.0,27.9,27.6,27.4,27.5,27.6,27.3,27.4,27.3,27.2,27.0,27.0,27.2,27.3,27.3,27.2,27.4,27.5,27.4,27.6,27.5,27.4,27.2,27.5,27.4,27.3,27.3,27.1,27.1,27.2,27.4,27.1,27.1,27.2,27.2,27.0,27.1,26.9,27.0,27.1,27.0,27.0,26.9,26.9,27.0,27.0,26.9,26.8,27.1,27.0,26.9,26.7,26.7,26.8,26.9,27.0,26.8,27.1,26.8,26.9,27.2,26.9,27.0,26.9,27.1,27.1,27.1,27.1,27.0,27.0,27.0,26.9,27.0,26.9,27.0,27.1,26.9,27.0,26.8,27.1,27.1,26.9,27.0,27.1,27.1,27.1,27.3,27.2,27.1,27.1,27.1,26.9,26.9,26.8,27.1,26.8,26.8,26.6,26.7,26.8,26.7,26.7,26.7,26.8,26.8,26.7,27.0,27.2,27.3,27.3,27.7,27.6,27.7,27.5,27.6,27.7,27.9,27.7,27.7,27.9,27.9,27.9,27.9,27.9,27.9,28.0,27.9,27.8,27.9,27.8,27.9,28.0,27.7,28.0,27.8,27.7,27.7,27.8,27.7,27.8,27.6,27.8,27.7,27.7,27.6,27.5,27.7,27.6,27.5,27.7,27.7,27.4
105,27.3,27.1,27.3,27.3,27.1,27.2,27.1,27.2,27.1,27.3,27.4,27.3,27.2,27.2,27.0,27.2,27.2,27.0,27.0,27.0,27.0,27.0,27.0,26.8,27.0,27.0,26.9,27.0,27.0,27.2,27.3,27.8,27.9,28.3,28.3,27.9,28.2,28.0,27.8,28.1,27.7,27.6,27.5,27.4,27.5,27.5,27.3,27.3,27.3,27.2,27.2,27.2,27.2,27.2,27.2,27.3,27.5,27.4,27.4,27.4,27.4,27.4,27.3,27.5,27.4,27.2,27.4,27.4,27.1,27.1,27.2,27.2,27.2,27.0,27.2,27.1,27.0,27.0,27.0,27.2,27.1,27.0,26.9,27.0,27.0,26.7,27.0,26.8,26.8,26.8,27.0,26.9,26.9,26.9,26.8,26.8,26.9,27.1,27.0,26.9,27.1,27.2,27.1,27.0,27.0,27.0,27.0,26.9,27.0,26.9,27.0,26.8,27.0,27.0,27.0,27.0,26.7,26.8,27.0,27.0,27.0,27.0,27.1,27.1,27.1,27.2,27.1,27.1,27.1,27.0,26.8,27.0,26.9,27.2,27.0,27.1,26.8,26.8,26.7,26.9,26.8,26.8,26.6,26.6,26.7,26.8,27.0,27.2,27.3,27.4,27.5,27.5,27.7,27.7,27.7,27.7,27.8,27.7,27.8,27.8,27.6,27.7,28.0,27.9,27.9,27.9,27.9,27.9,27.9,27.8,27.9,27.9,27.7,27.7,27.7,27.6,27.8,27.9,27.7,27.8,27.9,27.6,27.8,27.8,27.7,27.7,27.6,27.5,27.6,27.6,27.7,27.6
106,27.3,27.3,27.3,27.2,27.3,27.4,27.2,27.2,27.3,27.1,27.3,27.4,27.2,27.1,27.3,27.1,27.1,27.1,27.2,27.0,27.0,27.2,27.2,27.1,27.0,26.9,27.0,26.7,27.0,27.3,27.4,27.8,27.9,28.3,28.1,28.0,27.8,27.7,27.5,27.6,27.5,27.4,27.4,27.3,27.2,27.3,27.2,27.2,27.2,27.2,27.3,27.2,27.1,26.9,27.2,27.5,27.4,27.2,27.4,27.4,27.3,27.4,27.2,27.5,27.3,27.4,27.5,27.3,27.2,27.3,27.2,27.2,27.2,27.2,27.3,27.2,27.0,27.1,27.1,27.1,27.0,27.0,27.0,27.0,27.1,26.9,26.8,27.0,26.8,27.1,27.0,27.1,26.8,26.8,26.9,27.0,27.0,26.8,26.8,26.9,27.1,27.0,27.2,27.1,27.1,27.0,27.1,27.0,27.0,27.0,26.9,26.9,27.0,26.9,27.0,26.9,27.0,26.9,27.0,26.8,27.0,27.0,27.3,27.1,27.1,27.3,27.1,27.2,26.9,27.0,26.8,26.8,26.9,27.0,27.0,27.1,26.8,26.8,26.8,26.8,26.9,26.7,26.6,26.6,26.6,26.9,27.0,27.1,27.4,27.5,27.6,27.6,27.7,27.7,27.7,27.9,27.9,27.9,27.9,27.8,27.8,27.8,27.8,27.9,27.9,27.9,27.8,28.0,27.9,27.8,27.8,27.8,27.9,27.7,27.7,27.7,27.7,27.7,27.7,27.5,27.6,27.7,27.6,27.7,27.6,27.7,27.8,27.5,27.5,27.7,27.6,27.6
107,27.6,27.4,27.4,27.4,27.4,27.4,27.2,27.5,27.4,27.2,27.2,27.4,27.2,27.4,27.3,27.2,27.4,27.0,27.1,27.1,27.1,27.2,27.2,27.1,27.0,27.1,26.9,27.1,27.2,27.3,27.6,27.9,28.1,28.3,28.0,27.9,27.5,27.6,27.5,27.5,27.3,27.5,27.3,27.4,27.2,27.2,27.3,27.4,27.2,27.2,27.1,27.1,27.0,27.1,27.1,27.3,27.3,27.3,27.3,27.2,27.4,27.3,27.3,27.3,27.4,27.2,27.2,27.2,27.3,27.2,27.2,27.1,27.0,27.1,27.2,27.2,27.2,26.9,26.9,27.0,27.0,27.1,27.0,27.0,26.8,27.1,27.0,27.1,26.8,27.1,26.8,27.0,26.8,26.7,26.8,27.0,26.8,26.8,26.8,26.8,27.0,26.9,27.1,27.0,27.0,27.0,27.0,27.0,27.1,27.1,27.0,27.0,27.0,27.0,27.2,27.2,27.1,27.0,27.0,27.0,27.0,27.2,27.0,27.0,27.2,27.0,27.2,27.0,27.0,27.0,27.0,27.0,27.2,27.3,27.1,27.1,26.9,26.8,26.7,26.8,26.8,26.6,26.6,26.6,26.6,26.7,26.8,27.1,27.4,27.3,27.5,27.7,27.7,27.7,27.7,27.8,27.9,27.6,27.7,27.7,27.8,27.9,27.8,27.8,27.9,27.9,27.9,27.8,27.8,27.8,27.8,27.8,27.7,27.8,27.7,27.7,27.7,27.8,27.7,27.6,27.8,27.7,27.7,27.7,27.7,27.8,27.7,27.5,27.6,27.3,27.7,27.5
108,27.3,27.3,27.3,27.4,27.5,27.5,27.4,27.4,27.5,27.4,27.4,27.3,27.2,27.4,27.4,27.4,27.2,27.4,27.3,27.3,27.3,27.1,27.2,27.1,27.0,27.1,27.0,27.2,27.2,27.6,27.8,28.4,28.6,28.5,28.2,28.1,27.7,27.5,27.3,27.5,27.2,27.5,27.4,27.3,27.3,27.1,27.3,27.2,27.3,27.0,27.2,27.1,27.2,27.1,27.3,27.2,27.3,27.5,27.4,27.4,27.5,27.4,27.2,27.4,27.3,27.3,27.1,27.3,27.2,27.3,27.2,27.2,27.2,27.2,27.2,27.1,27.1,27.0,27.0,27.1,26.9,27.0,27.1,27.0,27.1,26.9,27.0,27.0,27.2,27.1,27.0,26.9,27.0,27.0,27.0,27.1,27.0,26.8,26.9,26.9,27.1,27.0,27.0,27.1,27.1,27.2,27.0,27.2,27.2,27.1,27.0,27.1,27.1,27.0,27.0,27.1,27.1,27.0,26.8,27.0,27.0,27.0,27.0,27.0,27.3,27.3,27.1,27.0,27.0,27.0,27.1,27.2,27.2,27.3,27.3,27.2,27.0,26.7,26.8,26.7,26.8,26.8,26.8,26.7,26.8,26.8,27.0,27.2,27.2,27.4,27.5,27.6,27.7,27.7,27.7,27.7,27.9,27.9,27.9,27.9,27.9,27.8,27.9,28.0,28.1,27.8,27.9,27.8,28.0,27.8,27.8,27.8,27.7,28.0,27.7,27.9,27.7,27.7,27.7,27.7,27.7,27.7,27.7,27.6,27.8,27.6,27.7,27.6,27.5,27.6,27.7,27.7
109,27.3,27.3,27.3,27.4,27.4,27.4,27.5,27.4,27.5,27.3,27.4,27.3,27.4,27.4,27.3,27.4,27.4,27.3,27.1,27.2,27.1,27.3,27.2,27.1,26.9,27.0,27.1,27.2,27.4,27.5,28.0,28.6,28.9,28.9,28.6,28.2,27.7,27.5,27.5,27.4,27.2,27.4,27.4,27.3,27.4,27.2,27.3,27.5,27.2,27.4,27.3,27.1,27.3,27.1,27.3,27.3,27.4,27.3,27.5,27.1,27.3,27.1,27.4,27.5,27.3,27.2,27.3,27.2,27.2,27.2,27.3,27.1,27.2,27.1,27.1,27.1,27.0,27.1,26.8,27.1,27.0,27.1,27.1,26.9,27.1,26.9,27.0,27.2,27.1,27.1,26.9,27.1,27.0,27.1,26.9,27.0,26.8,27.0,26.9,27.1,27.0,27.0,27.1,27.2,27.2,27.1,27.0,27.0,27.0,27.1,27.1,27.0,27.1,27.1,27.0,27.1,27.1,27.0,27.0,27.0,27.0,27.1,26.9,27.0,27.0,27.1,27.2,27.0,27.0,26.9,27.2,27.2,27.4,27.4,27.4,27.2,27.2,27.0,26.8,26.7,26.8,26.7,26.7,26.7,26.8,26.7,27.0,27.2,27.4,27.3,27.5,27.4,27.6,27.5,27.7,27.7,27.7,27.9,27.9,27.8,27.9,27.9,27.7,27.9,27.8,27.8,28.1,27.8,27.8,27.8,27.9,27.8,27.9,27.7,27.8,27.8,27.7,27.6,27.6,27.6,27.8,27.7,27.6,27.6,27.6,27.8,27.6,27.5,27.6,27.4,27.7,27.7
110,27.4,27.3,27.5,27.4,27.4,27.4,27.4,27.4,27.5,27.4,27.3,27.3,27.4,27.2,27.4,27.3,27.2,27.2,27.2,27.3,27.3,27.1,27.2,27.2,27.2,27.0,27.0,27.0,27.3,27.7,28.2,28.6,29.0,28.8,28.6,28.2,27.7,27.3,27.4,27.4,27.4,27.3,27.2,27.3,27.3,27.4,27.2,27.3,27.2,27.3,27.1,27.2,27.2,27.2,27.0,27.2,27.4,27.3,27.3,27.4,27.3,27.1,27.3,27.4,27.4,27.4,27.1,27.2,27.3,27.2,27.4,27.1,27.1,27.2,27.2,27.0,27.1,27.1,27.0,27.0,27.0,27.0,27.1,27.0,27.0,27.0,27.0,27.0,27.1,27.0,26.9,27.1,26.9,27.0,27.0,27.0,26.8,27.0,27.0,26.8,27.1,27.1,26.9,27.0,26.9,27.1,27.0,27.0,27.1,27.0,26.9,27.0,27.0,27.0,27.0,26.9,26.9,27.0,27.0,27.0,27.0,27.0,27.0,27.0,27.1,27.0,27.0,27.2,27.1,27.2,27.2,27.3,27.2,27.5,27.3,27.3,27.0,26.9,26.7,26.8,26.8,26.8,26.6,26.5,26.7,26.8,26.8,27.1,27.2,27.4,27.6,27.6,27.6,27.6,27.7,27.7,27.9,27.8,27.8,27.8,27.9,28.0,27.9,27.7,27.8,27.9,27.9,27.9,27.8,27.9,28.0,27.7,27.9,27.7,27.8,27.8,27.8,27.7,27.7,27.6,27.5,27.6,27.5,27.7,27.7,27.6,27.8,27.5,27.5,27.5,27.7,27.6
111,27.5,27.6,27.5,27.4,27.5,27.5,27.4,27.5,27.5,27.5,27.5,27.4,27.4,27.4,27.5,27.5,27.3,27.3,27.3,27.4,27.2,27.1,27.2,27.2,27.1,27.2,27.0,27.2,27.4,27.6,28.2,28.9,29.0,29.0,28.6,28.1,27.7,27.4,27.5,27.3,27.2,27.3,27.3,27.3,27.3,27.3,27.3,27.2,27.3,27.2,27.3,27.2,27.2,27.2,27.2,27.2,27.3,27.0,27.3,27.3,27.2,27.2,27.3,27.3,27.3,27.1,27.1,27.3,27.2,27.1,27.3,27.2,27.1,27.3,27.1,27.0,27.2,27.1,27.0,27.0,27.1,27.0,27.1,26.9,27.0,27.1,27.0,27.0,27.0,27.0,27.1,27.2,27.0,27.0,27.0,27.0,26.9,27.0,26.9,27.0,27.2,26.9,27.2,27.0,27.2,27.0,27.1,26.9,27.0,26.9,27.0,26.8,27.0,27.0,27.0,27.0,27.0,26.9,27.1,27.1,27.1,26.9,26.9,27.1,27.1,27.1,27.3,27.1,27.2,27.3,27.2,27.6,27.3,27.4,27.2,27.2,27.0,26.9,26.8,26.8,26.8,26.8,26.8,26.8,26.7,26.8,26.9,27.2,27.4,27.2,27.6,27.7,27.6,27.6,27.7,27.8,27.8,27.9,27.8,27.9,27.8,27.9,27.9,27.5,27.9,27.7,27.9,27.8,27.9,27.8,27.9,27.8,27.8,27.8,27.8,27.7,27.9,27.8,27.7,27.7,27.6,27.6,27.7,27.7,27.6,27.6,27.6,27.6,27.5,27.5,27.7,27.6
112,27.5,27.5,27.4,27.6,27.4,27.4,27.5,27.6,27.5,27.4,27.5,27.6,27.5,27.5,27.5,27.5,27.4,27.5,27.3,27.3,27.4,27.2,27.3,27.2,27.2,27.2,27.2,27.1,27.5,27.8,28.5,28.7,29.1,29.0,28.6,28.4,27.8,27.5,27.2,27.2,27.2,27.3,27.2,27.3,27.2,27.0,27.3,27.2,27.4,27.2,27.2,27.3,27.4,27.3,27.2,27.2,27.2,27.1,27.2,27.2,27.2,27.2,27.4,27.5,27.4,27.3,27.3,27.2,27.2,27.2,27.2,27.3,27.2,27.1,27.2,27.2,27.0,27.1,27.1,27.1,27.0,27.1,27.0,27.0,27.0,27.0,27.0,27.0,27.0,27.1,27.0,27.1,26.9,26.9,27.0,26.9,26.8,26.9,27.0,27.0,27.1,27.2,26.8,27.1,27.1,27.2,27.0,27.1,27.2,27.0,27.1,26.9,26.9,27.0,27.0,27.0,27.0,27.1,27.0,27.0,27.0,27.0,27.1,27.0,27.1,27.3,27.3,27.2,27.2,27.3,27.4,27.6,27.4,27.6,27.4,27.4,27.0,26.8,26.7,26.7,26.8,26.8,26.8,26.7,26.7,26.6,26.8,27.0,27.3,27.3,27.5,27.5,27.7,27.7,27.8,27.7,27.8,27.7,27.9,27.9,27.9,27.9,27.9,27.9,27.8,28.0,27.9,27.9,27.8,27.8,27.9,27.8,27.9,27.9,27.9,27.7,27.7,27.7,27.7,27.6,27.8,27.6,27.6,27.6,27.7,27.9,27.6,27.6,27.5,27.5,27.6,27.6
113,27.5,27.6,27.5,27.6,27.5,27.5,27.4,27.4,27.4,27.5,27.6,27.5,27.5,27.5,27.4,27.4,27.3,27.3,27.4,27.2,27.2,27.2,27.2,27.3,27.1,27.2,27.4,27.2,27.4,27.9,28.4,28.9,29.2,28.9,28.4,28.3,27.7,27.5,27.3,27.2,27.3,27.4,27.4,27.3,27.3,27.3,27.4,27.3,27.2,27.4,27.2,27.3,27.4,27.1,27.1,27.3,27.4,27.2,27.2,27.2,27.5,27.2,27.3,27.5,27.4,27.3,27.2,27.1,27.3,27.1,27.1,27.0,27.1,27.0,27.2,27.2,27.1,26.9,27.0,27.0,27.1,27.0,27.0,27.1,27.1,26.9,26.9,27.1,27.1,27.1,27.2,27.0,27.0,27.0,27.0,26.9,26.9,27.1,27.1,27.1,27.1,27.1,26.8,27.0,27.0,26.9,27.0,27.2,27.0,27.0,26.9,27.0,26.9,26.8,27.0,27.0,27.0,27.2,27.0,27.1,27.1,27.1,27.0,26.9,27.2,27.4,27.2,27.3,27.4,27.5,27.3,27.5,27.5,27.5,27.2,27.2,27.1,26.7,26.7,26.8,27.0,26.7,26.7,26.7,26.6,26.9,26.8,27.2,27.2,27.4,27.5,27.5,27.6,27.5,27.7,27.8,27.9,27.7,27.9,27.9,27.8,27.9,27.9,27.8,28.0,27.9,27.9,28.0,28.0,27.7,28.0,27.8,27.7,27.9,27.9,27.7,27.7,27.8,27.7,27.9,27.8,27.6,27.8,27.9,27.7,27.8,27.6,27.7,27.7,27.6,27.5,27.7
114,27.6,27.5,27.6,27.6,27.5,27.6,27.5,27.6,27.6,27.4,27.5,27.5,27.6,27.5,27.5,27.5,27.5,27.4,27.5,27.4,27.5,27.3,27.2,27.2,27.0,27.3,27.3,27.3,27.5,27.9,28.4,29.0,28.9,28.9,28.5,27.9,27.7,27.3,27.4,27.2,27.4,27.3,27.2,27.2,27.3,27.2,27.1,27.3,27.2,27.2,27.2,27.2,27.2,27.1,27.2,27.3,26.8,27.1,27.1,27.2,27.4,27.4,27.3,27.2,27.3,27.4,27.4,27.2,27.2,27.1,27.2,27.0,27.0,27.2,27.3,27.2,27.2,27.0,27.0,26.9,27.1,27.0,27.1,27.0,27.1,27.2,27.0,26.8,26.8,27.0,26.9,27.1,27.0,26.9,27.0,27.0,26.7,26.9,26.8,26.9,27.1,27.0,27.0,27.0,27.0,27.0,26.9,27.0,27.0,27.0,27.0,27.0,27.0,27.0,27.0,27.0,27.1,27.0,27.0,27.0,27.1,27.0,27.0,27.1,27.0,27.3,27.6,27.4,27.5,27.5,27.7,27.5,27.3,27.4,27.4,27.3,27.0,26.8,26.7,26.9,26.7,26.6,26.6,26.6,26.7,26.7,27.0,27.2,27.2,27.4,27.4,27.5,27.7,27.5,27.6,27.8,27.6,27.9,28.0,27.8,27.9,27.8,27.8,27.9,27.8,27.7,27.8,27.9,27.7,27.9,27.8,27.8,27.9,27.9,27.7,27.8,28.0,27.8,27.7,27.5,27.6,27.7,27.6,27.7,27.7,27.9,27.7,27.9,27.7,27.6,27.7,27.6
115,27.6,27.8,27.5,27.5,27.7,27.6,27.4,27.6,27.6,27.5,27.5,27.4,27.4,27.5,27.5,27.4,27.4,27.4,27.4,27.3,27.2,27.5,27.1,27.3,27.1,27.3,27.2,27.2,27.4,27.8,28.5,28.9,29.1,28.7,28.5,28.3,27.5,27.4,27.3,27.4,27.2,27.2,27.2,27.2,27.1,27.4,27.2,27.4,27.2,27.4,27.2,27.3,27.2,27.3,27.2,27.3,27.1,27.0,27.2,27.4,27.4,27.5,27.3,27.3,27.2,27.2,27.2,27.3,27.2,27.2,27.2,27.1,27.3,27.1,27.2,27.1,27.2,27.1,27.1,27.0,27.1,27.0,27.0,27.1,26.8,27.0,27.0,27.1,27.0,26.9,26.8,27.2,27.0,27.0,27.0,27.0,27.1,26.8,27.0,27.1,27.1,27.0,26.9,27.2,27.1,27.2,27.1,27.0,27.1,26.9,27.1,26.9,27.0,27.0,27.0,27.0,26.9,27.0,27.0,27.0,27.1,27.0,27.0,26.8,27.0,27.3,27.3,27.5,27.5,27.6,27.6,27.3,27.4,27.5,27.5,27.4,26.9,26.8,26.9,26.7,27.0,26.8,26.7,26.7,26.7,26.7,27.0,27.0,27.3,27.5,27.4,27.4,27.5,27.6,27.6,27.8,27.8,27.8,27.9,27.9,28.0,27.8,27.9,27.8,27.9,27.7,28.0,27.7,28.0,27.9,27.8,27.9,27.8,27.8,27.8,27.7,27.8,27.7,27.8,27.5,27.8,27.8,27.5,27.8,27.7,27.7,27.4,27.6,27.6,27.6,27.7,27.5
116,27.7,27.5,27.5,27.7,27.5,27.5,27.6,27.5,27.5,27.5,27.6,27.6,27.5,27.5,27.5,27.6,27.6,27.4,27.3,27.4,27.4,27.2,27.2,27.2,27.1,27.2,27.1,27.3,27.5,27.9,28.3,29.0,29.1,28.8,28.6,28.1,27.6,27.4,27.2,27.4,27.3,27.2,27.4,27.4,27.3,27.4,27.3,27.3,27.2,27.4,27.2,27.5,27.3,27.3,27.2,27.2,27.1,27.0,27.2,27.4,27.3,27.3,27.3,27.5,27.2,27.3,27.2,27.3,27.2,27.2,27.2,27.2,27.2,27.0,27.1,27.0,27.2,27.1,27.0,27.2,27.0,27.1,27.2,27.1,27.0,27.0,27.1,27.1,27.1,27.0,27.0,27.1,27.0,27.0,27.0,27.0,26.7,26.9,27.2,27.1,27.1,27.0,27.0,27.0,27.0,27.0,26.9,27.0,26.8,27.0,27.1,27.0,26.8,27.1,26.8,27.0,27.0,27.0,26.9,26.9,27.1,27.1,27.1,27.0,27.2,27.2,27.4,27.2,27.3,27.5,27.4,27.3,27.4,27.4,27.3,27.3,27.0,26.8,26.8,26.9,26.8,26.9,26.8,26.5,26.8,26.7,27.0,27.1,27.3,27.3,27.2,27.5,27.4,27.5,27.7,27.8,27.7,27.7,27.8,27.9,27.9,27.9,27.8,27.9,27.7,27.9,27.9,27.9,27.7,27.8,27.9,27.9,27.8,27.8,27.9,27.8,27.7,27.8,27.6,27.6,27.6,27.6,27.6,27.5,27.7,27.7,27.6,27.7,27.7,27.5,27.7,27.5
117,27.6,27.7,27.6,27.6,27.7,27.4,27.7,27.4,27.6,27.6,27.6,27.5,27.6,27.5,27.5,27.5,27.7,27.3,27.5,27.4,27.4,27.3,27.2,27.4,27.3,27.2,27.3,27.4,27.7,28.0,28.5,28.8,28.9,28.8,28.7,28.2,27.6,27.6,27.3,27.4,27.3,27.3,27.2,27.4,27.4,27.3,27.3,27.3,27.3,27.4,27.3,27.3,27.2,27.1,27.1,27.2,27.1,27.2,27.3,27.4,27.2,27.4,27.2,27.3,27.4,27.4,27.5,27.3,27.1,27.3,27.2,27.2,27.2,27.0,27.2,27.3,27.0,27.2,27.3,27.3,27.0,27.1,27.2,27.1,27.1,26.9,27.2,26.9,26.9,27.0,26.9,27.1,27.2,27.1,27.1,26.8,27.1,27.0,27.2,27.1,27.1,27.2,27.0,27.1,27.2,27.2,27.1,27.0,27.1,27.0,27.1,27.0,26.9,27.1,27.0,27.0,27.0,26.9,27.0,27.1,27.0,27.1,27.1,27.0,26.9,27.2,27.2,27.3,27.3,27.4,27.4,27.5,27.3,27.4,27.3,27.3,26.8,26.8,26.8,26.8,26.9,26.8,26.9,26.8,26.6,26.8,26.9,27.1,27.4,27.5,27.6,27.6,27.6,27.5,27.8,27.7,27.9,27.9,27.7,27.9,27.9,28.0,27.9,28.0,28.0,27.9,27.8,27.8,27.9,27.9,27.8,28.0,27.9,28.0,27.9,27.8,27.9,27.8,27.7,27.8,27.6,27.7,27.7,27.7,27.7,27.6,27.8,27.7,27.7,27.7,27.8,27.4
118,27.8,27.6,27.6,27.6,27.4,27.7,27.7,27.4,27.6,27.6,27.6,27.5,27.5,27.7,27.5,27.4,27.2,27.6,27.6,27.5,27.3,27.3,27.2,27.4,27.2,27.2,27.2,27.3,27.6,27.9,28.4,28.8,29.0,28.7,28.3,27.9,27.5,27.3,27.4,27.4,27.1,27.3,27.3,27.2,27.2,27.3,27.3,27.4,27.3,27.3,27.3,27.5,27.2,27.2,27.3,27.1,27.4,27.0,27.2,27.3,27.6,27.5,27.2,27.3,27.3,27.2,27.2,27.2,27.2,27.0,27.2,27.2,27.2,27.2,27.2,27.2,27.0,27.2,27.2,27.2,27.0,27.3,27.3,27.3,27.1,27.2,27.1,27.1,27.2,27.0,27.0,27.1,27.0,27.0,27.1,27.0,27.1,27.2,27.1,27.0,27.0,27.1,27.0,27.0,27.0,27.0,27.0,27.0,27.0,26.9,27.1,27.0,27.1,27.0,27.0,27.0,26.9,27.2,26.8,27.1,26.9,27.0,27.0,27.1,27.2,27.0,27.0,27.2,27.1,27.2,27.2,27.4,27.4,27.5,27.5,27.2,26.9,26.8,26.8,26.8,26.8,26.8,26.7,26.8,26.8,26.8,27.1,27.2,27.2,27.4,27.6,27.6,27.7,27.6,27.7,27.7,27.8,27.7,27.7,27.8,27.8,28.0,27.9,27.9,27.9,27.9,27.9,27.8,27.9,27.7,28.0,27.8,27.7,27.8,27.8,27.9,27.8,27.8,27.7,27.8,27.7,27.7,27.7,27.7,27.8,27.8,27.6,27.7,27.5,27.5,27.7,27.6
119,27.7,27.8,27.7,27.5,27.6,27.7,27.7,27.7,27.5,27.5,27.6,27.5,27.7,27.5,27.5,27.7,27.3,27.4,27.6,27.5,27.3,27.4,27.3,27.4,27.5,27.3,27.3,27.4,27.5,28.0,28.6,28.9,29.1,28.9,28.5,27.9,27.7,27.3,27.4,27.5,27.4,27.4,27.3,27.2,27.3,27.5,27.3,27.4,27.3,27.3,27.4,27.3,27.3,27.2,27.1,27.2,27.2,27.0,27.1,27.2,27.2,27.3,27.2,27.3,27.3,27.5,27.4,27.3,27.4,27.2,27.2,27.3,27.2,27.2,27.2,27.3,27.2,27.0,27.2,27.1,27.3,27.2,27.2,27.2,27.1,27.2,27.3,27.2,27.1,27.1,27.1,27.1,27.1,27.0,27.1,27.1,27.1,27.1,27.0,27.0,27.2,27.0,26.8,27.0,27.0,27.1,27.0,27.0,27.1,27.2,27.1,26.8,27.0,27.1,26.9,27.0,27.1,27.0,26.9,27.1,27.0,27.0,26.9,27.0,27.0,27.2,27.4,27.2,27.2,27.3,27.4,27.4,27.5,27.7,27.7,27.3,27.2,26.9,26.7,26.9,26.9,26.8,26.7,26.6,26.6,27.0,27.0,27.2,27.2,27.5,27.5,27.8,27.7,27.6,27.7,27.7,27.8,27.8,28.0,27.9,28.1,27.9,28.1,28.0,27.9,28.1,28.0,28.0,27.9,27.8,27.8,27.9,27.8,27.9,27.8,27.8,27.8,27.9,27.7,27.7,27.8,27.7,27.6,27.7,27.5,27.7,27.4,27.5,27.4,27.4,27.6,27.6
120,27.7,27.7,27.7,27.9,27.7,27.7,27.6,27.7,27.7,27.9,27.8,27.5,27.6,27.7,27.7,27.6,27.6,27.5,27.5,27.5,27.5,27.4,27.5,27.5,27.3,27.3,27.3,27.3,27.7,28.1,28.6,28.9,28.8,28.8,28.6,28.0,27.6,27.4,27.3,27.3,27.3,27.4,27.2,27.4,27.3,27.4,27.4,27.3,27.4,27.4,27.2,27.2,27.3,27.3,27.1,27.2,27.2,27.3,27.3,27.3,27.4,27.3,27.1,27.4,27.2,27.3,27.3,27.3,27.2,27.2,27.2,27.3,27.3,27.0,27.3,27.2,27.2,27.1,27.1,27.2,27.1,27.1,27.1,27.2,27.1,27.1,26.9,27.2,27.1,27.1,26.9,27.0,27.0,27.0,27.1,27.0,27.0,27.1,27.0,27.0,27.0,27.0,27.2,27.1,27.1,26.9,27.0,27.0,26.8,26.8,27.0,27.1,26.9,27.1,27.0,27.0,27.0,26.9,26.9,27.0,27.1,26.9,27.1,27.1,26.9,27.1,27.2,27.2,27.3,27.5,27.2,27.6,27.8,27.9,27.9,27.2,27.3,27.0,26.9,26.8,26.8,26.8,26.7,26.8,26.6,26.9,27.0,27.2,27.4,27.4,27.5,27.6,27.5,27.5,27.6,27.8,27.8,27.8,27.9,27.9,28.0,27.9,28.0,27.9,28.0,27.9,28.0,27.9,27.9,27.8,27.8,27.9,27.7,28.0,27.6,27.8,27.9,28.1,27.7,27.8,27.5,27.7,27.7,27.7,27.6,27.5,27.5,27.6,27.5,27.6,27.6,27.4
121,27.7,27.9,27.7,27.7,27.7,27.7,27.7,27.6,27.8,27.7,27.6,27.6,27.6,27.7,27.6,27.6,27.6,27.5,27.5,27.4,27.5,27.4,27.3,27.4,27.2,27.4,27.5,27.4,27.7,28.2,28.6,29.1,28.9,28.8,28.3,28.0,27.5,27.3,27.4,27.4,27.3,27.3,27.3,27.3,27.3,27.3,27.3,27.3,27.4,27.3,27.3,27.3,27.2,27.2,27.2,27.2,27.3,27.1,27.2,27.2,27.3,27.3,27.2,27.4,27.3,27.4,27.2,27.3,27.2,27.2,27.2,27.1,27.2,27.1,27.1,27.1,27.1,27.0,27.2,27.1,27.1,27.0,27.2,27.2,27.1,27.1,27.0,27.1,27.2,27.0,27.0,27.1,27.0,27.2,27.0,27.1,26.9,26.9,27.0,27.1,27.0,27.1,27.2,27.1,26.9,27.0,27.0,27.1,26.8,27.0,27.0,27.0,27.0,26.8,27.0,27.0,27.0,26.8,26.9,27.0,27.0,27.0,27.0,27.0,27.0,27.0,27.2,27.3,27.2,27.2,27.4,27.7,27.7,28.1,27.9,27.5,27.1,27.0,26.8,26.9,26.6,26.8,26.7,26.8,26.7,26.8,27.0,27.1,27.3,27.5,27.7,27.7,27.8,27.6,27.6,27.8,27.7,27.8,27.9,27.9,28.0,28.1,27.7,28.0,27.9,27.8,28.0,27.8,28.0,27.8,27.8,27.8,27.9,27.8,27.9,27.8,27.7,27.9,27.8,27.8,27.7,27.7,27.6,27.8,27.8,27.8,27.5,27.5,27.6,27.6,27.7,27.6
122,27.9,27.8,27.7,27.7,27.8,27.7,27.8,27.7,27.7,27.5,27.6,27.7,27.7,27.5,27.8,27.6,27.5,27.3,27.5,27.4,27.4,27.4,27.2,27.3,27.2,27.3,27.4,27.4,27.7,28.0,28.5,29.0,29.2,28.7,28.3,27.7,27.5,27.5,27.2,27.5,27.2,27.1,27.4,27.4,27.3,27.4,27.3,27.2,27.2,27.3,27.3,27.4,27.2,27.2,27.2,27.1,27.2,27.0,27.0,27.2,27.3,27.3,27.2,27.3,27.6,27.2,27.2,27.2,27.2,27.3,27.2,27.2,27.3,27.3,27.3,27.2,27.3,27.2,27.0,27.3,27.1,27.0,27.2,27.2,27.1,27.2,27.1,27.1,27.2,27.3,27.2,27.2,27.1,27.2,27.0,27.2,27.2,27.0,27.0,27.0,27.2,27.0,27.0,27.0,27.1,27.2,27.1,27.0,26.8,27.0,27.0,27.0,27.0,27.1,27.0,26.9,27.2,27.0,27.0,27.0,27.1,27.0,27.0,27.0,27.1,27.2,27.1,27.3,27.2,27.4,27.5,27.6,27.8,27.9,27.7,27.5,27.1,26.8,26.8,26.8,26.8,26.6,26.7,26.9,26.8,26.6,27.0,27.1,27.3,27.5,27.5,27.6,27.6,27.7,27.6,27.7,27.9,27.8,28.0,27.8,27.9,27.9,27.8,27.9,28.0,27.9,27.9,27.9,27.9,27.9,27.7,28.0,27.8,28.1,27.9,27.7,27.7,27.9,27.8,27.7,27.9,27.6,27.8,27.7,27.7,27.8,27.7,27.8,27.7,27.6,27.6,27.6
123,27.9,27.7,27.6,27.7,27.7,27.7,27.7,27.7,27.7,27.8,27.7,27.7,27.7,27.6,27.6,27.8,27.5,27.6,27.6,27.6,27.4,27.5,27.5,27.4,27.3,27.3,27.5,27.5,27.8,28.3,28.5,29.1,29.1,28.8,28.3,27.9,27.5,27.5,27.4,27.6,27.4,27.3,27.5,27.3,27.5,27.4,27.3,27.4,27.4,27.4,27.3,27.4,27.5,27.4,27.2,27.2,27.3,27.3,27.2,27.4,27.4,27.3,27.3,27.3,27.5,27.5,27.3,27.3,27.3,27.2,27.2,27.2,27.2,27.4,27.2,27.3,27.1,27.3,27.3,27.2,27.4,27.1,27.2,27.2,27.2,27.2,27.1,27.2,27.1,27.0,27.0,27.1,27.1,27.1,27.0,27.1,27.1,27.1,27.0,27.1,27.0,27.0,27.0,27.1,27.1,27.1,27.2,27.0,27.1,27.0,27.1,26.9,27.0,27.0,27.1,26.9,27.0,27.1,27.0,27.0,27.1,26.8,27.0,27.0,27.2,27.1,27.1,27.3,27.3,27.3,27.2,27.5,27.5,27.4,27.6,27.4,27.0,27.0,27.0,26.9,26.8,26.7,26.8,26.7,26.7,26.8,27.0,27.2,27.4,27.2,27.7,27.5,27.6,27.7,27.7,28.0,27.7,27.7,27.9,27.8,28.0,28.0,27.9,27.9,27.9,27.8,27.9,27.9,27.9,27.8,27.8,27.7,27.9,28.1,27.9,27.9,27.7,27.8,27.9,27.7,27.6,27.7,27.8,27.7,27.6,27.8,27.6,27.7,27.5,27.5,27.7,27.6
124,27.7,27.7,27.7,27.7,27.7,27.6,27.7,27.7,27.6,27.5,27.7,27.7,27.8,27.7,27.6,27.7,27.5,27.7,27.5,27.5,27.4,27.5,27.5,27.3,27.3,27.3,27.3,27.5,27.8,28.1,28.5,29.0,29.0,28.7,28.4,27.8,27.5,27.6,27.4,27.5,27.3,27.3,27.3,27.5,27.3,27.4,27.4,27.4,27.4,27.3,27.4,27.3,27.3,27.2,27.2,27.2,27.2,27.0,27.2,27.4,27.4,27.3,27.3,27.4,27.4,27.3,27.3,27.1,27.4,27.2,27.2,27.1,27.1,27.2,27.2,27.1,27.2,27.3,27.1,27.2,27.2,27.2,27.1,27.2,27.2,27.0,27.0,27.1,27.1,27.2,27.1,27.2,27.0,27.1,27.1,27.1,27.1,26.9,27.1,27.0,27.2,26.9,27.1,27.2,27.1,27.2,27.1,27.0,27.1,27.0,27.0,26.9,27.0,26.9,27.0,26.8,27.2,27.1,27.0,27.1,27.0,27.1,27.1,26.8,26.9,27.1,27.2,27.2,27.2,27.2,27.2,27.3,27.2,27.2,27.4,27.4,27.0,27.0,26.8,26.9,26.8,27.0,26.8,26.6,26.7,26.8,27.0,27.2,27.4,27.4,27.5,27.7,27.7,27.6,27.7,27.7,27.8,27.8,27.8,27.7,27.9,28.0,27.9,27.9,28.0,28.0,28.0,27.9,27.8,27.9,27.9,27.9,27.9,27.9,27.9,27.8,27.8,27.8,27.7,27.8,27.7,27.6,27.7,27.8,27.6,27.8,27.7,27.5,27.6,27.5,27.8,27.7
125,27.9,27.8,27.8,27.8,27.7,27.7,27.6,27.8,27.8,27.7,27.5,27.8,27.7,27.7,27.7,27.6,27.6,27.6,27.5,27.6,27.6,27.5,27.5,27.4,27.4,27.5,27.2,27.5,27.8,28.2,28.6,29.0,29.0,28.8,28.4,27.8,27.6,27.5,27.5,27.5,27.4,27.4,27.2,27.2,27.2,27.4,27.2,27.2,27.3,27.4,27.4,27.3,27.3,27.1,27.2,27.2,27.2,26.9,27.1,27.5,27.3,27.3,27.5,27.5,27.5,27.3,27.3,27.3,27.2,27.2,27.2,27.3,27.1,27.2,27.3,27.1,27.2,27.2,27.3,27.2,27.3,27.2,27.2,27.2,27.1,27.1,27.1,27.2,27.0,27.1,27.0,27.2,27.2,26.9,27.0,27.2,27.0,26.7,26.8,27.1,27.0,27.0,26.9,27.2,27.2,27.1,27.0,27.0,27.1,27.0,27.0,27.2,27.0,27.1,27.1,27.0,27.0,27.0,27.0,27.0,27.0,27.0,26.9,27.0,26.8,27.0,27.1,27.1,27.0,27.2,27.0,27.2,27.1,27.2,27.1,26.9,27.0,26.8,26.7,26.8,26.8,26.7,26.7,26.8,26.7,27.0,27.1,27.3,27.3,27.5,27.7,27.7,27.7,27.8,27.9,28.0,27.8,27.9,27.7,28.0,28.0,27.8,27.8,27.8,28.0,27.8,28.0,27.9,27.9,28.0,27.8,27.9,27.9,27.9,27.7,27.8,27.8,27.8,27.8,27.8,27.7,27.7,27.6,27.7,27.6,27.7,27.7,27.7,27.6,27.5,27.8,27.4
126,28.0,27.8,27.8,27.7,27.9,27.7,27.8,27.9,27.8,27.7,27.7,27.8,27.7,27.7,27.7,27.7,27.6,27.6,27.5,27.5,27.5,27.2,27.4,27.4,27.3,27.4,27.3,27.5,27.7,28.1,28.8,29.1,29.0,28.6,28.2,27.7,27.6,27.4,27.3,27.3,27.3,27.5,27.3,27.2,27.5,27.4,27.4,27.5,27.4,27.3,27.4,27.3,27.4,27.2,27.3,27.2,27.2,27.0,27.3,27.5,27.5,27.3,27.4,27.5,27.3,27.5,27.4,27.2,27.4,27.2,27.2,27.3,27.2,27.2,27.3,27.2,27.2,27.2,27.1,27.3,27.4,27.2,27.3,27.2,27.2,27.0,27.0,27.2,27.2,27.1,27.1,27.1,27.0,27.1,27.2,27.0,27.0,27.0,27.0,27.0,27.2,27.1,27.1,27.2,27.2,27.3,27.0,27.0,27.1,27.1,27.2,27.2,27.1,27.0,27.1,27.0,27.0,27.0,27.1,27.0,27.0,27.2,27.0,27.0,26.9,26.8,27.1,27.0,27.1,27.0,27.1,27.0,27.2,27.0,27.1,26.9,26.8,27.0,26.8,26.8,27.0,26.8,26.7,26.8,26.6,26.9,27.0,27.3,27.2,27.5,27.7,27.7,27.8,27.8,27.7,27.8,27.9,27.8,27.9,27.8,27.9,27.9,28.1,27.9,28.0,27.9,27.9,27.9,28.0,27.9,27.7,28.0,27.7,27.9,27.9,27.7,27.9,27.9,27.8,27.8,27.7,27.6,27.6,27.8,27.7,27.6,27.7,27.7,27.7,27.5,27.8,27.6
127,27.9,27.9,27.9,27.7,27.8,27.7,27.9,27.7,27.8,27.7,27.9,27.7,27.9,27.7,27.8,27.8,27.5,27.6,27.5,27.5,27.6,27.5,27.5,27.5,27.5,27.6,27.4,27.4,27.8,28.2,28.7,29.1,29.1,28.9,28.5,27.9,27.5,27.3,27.3,27.5,27.4,27.5,27.4,27.5,27.2,27.3,27.5,27.4,27.4,27.4,27.3,27.4,27.5,27.3,27.3,27.3,27.2,27.2,27.3,27.4,27.5,27.4,27.4,27.5,27.5,27.3,27.3,27.2,27.3,27.3,27.4,27.0,27.2,27.2,27.3,27.3,27.2,27.2,27.2,27.3,27.2,27.2,27.3,27.2,27.2,27.2,27.2,27.1,27.3,27.2,27.1,27.1,27.2,27.2,27.2,27.2,27.1,27.1,27.3,27.0,27.1,27.2,27.2,27.2,27.1,27.1,27.3,27.0,27.0,27.2,27.1,27.1,27.1,27.0,27.1,27.2,27.1,27.1,27.1,27.0,27.1,26.9,26.9,27.1,27.0,27.0,27.0,27.1,27.0,27.0,27.0,27.0,27.1,27.0,27.1,27.0,27.0,26.8,27.0,26.9,26.8,26.6,26.8,27.0,26.8,26.8,26.9,27.0,27.3,27.4,27.7,27.5,27.6,27.7,27.9,27.9,27.9,27.8,27.9,28.0,27.9,27.9,28.0,27.8,27.9,28.1,27.9,28.0,27.9,27.9,27.9,27.8,27.8,28.0,27.9,27.8,27.8,27.8,27.7,27.7,27.9,27.7,27.9,27.8,27.7,27.8,27.8,27.6,27.6,27.6,27.7,27.5
128,27.8,27.9,27.8,27.9,27.8,27.6,27.8,27.7,27.7,27.7,27.7,27.9,27.6,27.7,27.7,27.9,27.5,27.6,27.7,27.5,27.5,27.5,27.4,27.4,27.4,27.4,27.5,27.4,27.6,28.2,28.5,29.1,29.1,28.8,28.3,27.8,27.6,27.5,27.5,27.5,27.4,27.5,27.4,27.4,27.3,27.3,27.3,27.2,27.3,27.2,27.4,27.3,27.4,27.2,27.2,27.2,27.0,27.0,27.3,27.4,27.5,27.5,27.5,27.5,27.4,27.5,27.4,27.4,27.3,27.2,27.3,27.1,27.2,27.1,27.2,27.2,27.2,27.2,27.1,27.1,27.1,27.2,27.2,27.1,27.1,27.3,27.2,27.2,27.0,27.2,27.2,27.2,27.2,27.1,27.2,27.2,27.2,27.1,27.0,27.0,27.1,27.0,27.2,27.1,27.0,27.1,27.1,27.2,27.0,27.0,27.1,27.0,27.0,26.9,27.0,26.9,27.1,27.0,26.8,27.0,27.0,27.0,26.9,27.0,26.8,26.9,27.1,27.1,27.0,27.1,27.0,27.2,27.1,27.1,27.0,27.0,27.0,26.7,26.8,26.8,26.8,26.7,26.7,26.7,26.8,26.8,26.8,27.1,27.4,27.5,27.5,27.6,27.7,27.6,27.7,27.7,27.9,28.0,27.9,28.0,27.9,27.9,27.8,27.9,27.9,27.9,27.9,27.8,27.8,27.9,27.8,27.9,27.9,28.0,27.8,27.9,27.8,27.7,27.7,27.7,27.6,27.7,27.7,27.7,27.5,27.7,27.6,27.6,27.6,27.5,27.6,27.5
129,28.0,27.9,27.9,28.1,27.8,27.7,27.8,27.6,27.7,27.7,27.7,27.8,27.9,27.8,27.7,27.7,27.6,27.6,27.7,27.7,27.4,27.4,27.3,27.5,27.5,27.4,27.4,27.6,27.7,28.1,28.7,28.9,29.1,28.7,28.3,27.8,27.5,27.5,27.4,27.5,27.3,27.4,27.5,27.5,27.4,27.3,27.5,27.4,27.4,27.4,27.5,27.4,27.4,27.5,27.2,27.3,27.2,27.1,27.2,27.3,27.6,27.3,27.5,27.4,27.3,27.2,27.2,27.3,27.3,27.3,27.0,27.2,27.1,27.2,27.2,27.0,27.2,27.2,27.2,27.3,27.2,27.2,27.3,27.1,27.2,27.2,27.2,27.2,27.3,27.1,27.2,27.1,27.2,27.1,27.2,27.3,27.1,27.2,27.2,27.1,27.1,27.0,27.1,27.3,27.2,27.0,27.1,27.2,27.2,27.1,27.0,27.1,27.1,27.0,27.1,27.1,27.0,27.0,27.0,27.0,26.9,26.8,26.9,26.9,27.0,27.0,27.0,27.1,27.2,27.2,27.2,27.1,27.1,27.1,27.1,27.0,27.0,27.0,26.9,26.7,26.9,26.7,26.8,26.8,26.8,26.9,27.0,27.3,27.5,27.4,27.5,27.7,27.6,27.8,27.9,27.8,27.8,27.9,27.8,28.0,27.9,27.9,27.9,27.8,28.0,27.9,28.0,27.9,27.8,28.0,27.9,28.0,27.9,27.9,27.8,27.7,27.8,27.9,27.8,27.8,27.7,27.8,27.7,27.7,27.8,27.8,27.7,27.7,27.5,27.6,27.6,27.4
130,27.9,27.9,27.8,27.8,27.9,27.8,27.6,27.7,27.7,27.6,27.7,27.7,27.8,27.7,27.6,27.7,27.7,27.6,27.6,27.5,27.6,27.5,27.4,27.5,27.3,27.4,27.6,27.3,27.9,27.9,28.4,28.9,28.9,28.7,28.3,27.9,27.5,27.4,27.4,27.5,27.3,27.5,27.5,27.5,27.3,27.3,27.3,27.4,27.4,27.5,27.3,27.5,27.5,27.4,27.2,27.1,27.1,27.0,27.2,27.2,27.4,27.2,27.3,27.3,27.3,27.4,27.4,27.3,27.3,27.2,27.2,27.2,27.1,27.2,27.2,27.2,27.2,27.1,27.1,27.2,27.1,27.2,27.2,27.3,27.2,27.3,27.1,27.1,27.2,27.2,27.2,27.0,27.1,27.0,27.0,27.1,27.0,27.2,27.1,27.1,27.1,27.1,27.0,27.2,27.1,27.1,27.2,27.1,27.0,27.0,27.0,27.0,27.0,27.0,27.1,27.1,27.1,27.0,27.0,27.0,27.0,27.0,27.0,27.0,26.8,27.1,26.8,27.1,27.2,27.3,27.4,27.4,27.3,27.3,27.1,27.0,27.0,26.9,26.9,26.9,26.8,26.7,26.7,26.7,26.8,26.9,27.1,27.3,27.4,27.4,27.6,27.5,27.7,27.7,27.7,27.8,27.9,27.8,27.9,28.0,28.0,28.1,28.0,27.9,28.1,27.9,27.8,27.9,28.0,27.8,27.9,27.8,27.9,28.0,27.9,27.7,27.7,27.8,27.7,27.6,27.8,27.7,27.7,27.7,27.8,27.7,27.6,27.5,27.7,27.6,27.8,27.7
131,28.0,27.9,27.9,27.6,27.9,27.7,27.7,27.8,27.9,27.9,27.7,27.8,27.7,27.7,27.8,27.5,27.7,27.5,27.5,27.6,27.6,27.4,27.5,27.4,27.3,27.3,27.3,27.5,27.7,28.1,28.4,28.9,28.9,28.8,28.3,27.8,27.5,27.5,27.3,27.5,27.4,27.4,27.3,27.4,27.4,27.5,27.2,27.2,27.2,27.5,27.4,27.5,27.3,27.3,27.2,27.1,27.2,27.2,27.3,27.2,27.4,27.5,27.5,27.4,27.4,27.3,27.3,27.3,27.2,27.1,27.2,27.1,27.3,27.1,27.3,27.3,27.2,27.1,27.3,27.1,27.1,27.4,27.3,27.2,27.3,27.1,27.1,27.2,27.2,27.1,27.2,27.1,27.2,27.1,27.2,27.1,27.1,27.2,27.1,27.2,27.2,27.1,27.2,27.2,27.2,27.2,27.1,27.2,27.1,27.2,27.0,27.0,27.0,27.2,27.0,27.0,26.9,27.1,27.0,27.0,27.1,27.1,27.1,27.1,27.2,27.0,27.0,27.2,27.4,27.3,27.3,27.5,27.4,27.2,27.2,27.0,26.9,26.8,26.8,26.8,27.0,26.8,26.8,26.7,26.9,26.8,27.0,27.3,27.4,27.4,27.5,27.6,27.7,27.7,27.7,27.8,27.9,28.0,27.9,28.0,27.9,28.0,27.9,27.9,27.9,27.9,27.9,27.9,27.7,28.0,27.9,27.9,27.7,27.8,27.9,27.8,27.8,27.8,27.7,27.7,27.6,27.8,27.7,27.6,27.6,27.7,27.8,27.8,27.8,27.6,27.7,27.5
132,28.0,27.9,27.9,27.9,27.9,27.7,27.8,27.7,27.9,27.7,27.7,27.5,27.7,27.6,27.7,27.7,27.4,27.5,27.5,27.5,27.5,27.4,27.3,27.5,27.2,27.3,27.2,27.5,27.7,27.9,28.3,28.8,28.7,28.7,28.2,27.8,27.6,27.6,27.4,27.6,27.7,27.5,27.5,27.3,27.4,27.3,27.4,27.4,27.4,27.3,27.3,27.3,27.2,27.3,27.2,27.4,27.2,27.1,27.2,27.2,27.3,27.3,27.2,27.3,27.4,27.3,27.2,27.4,27.2,27.2,27.1,27.2,27.1,27.3,27.3,27.2,27.1,27.2,27.0,27.1,27.2,27.3,27.1,27.3,27.2,27.2,27.1,27.2,27.1,27.0,27.2,27.1,27.1,27.1,27.1,27.1,27.1,27.0,27.1,26.8,27.1,27.0,27.1,27.1,27.2,27.0,27.1,27.0,27.0,27.0,27.1,26.8,27.0,27.0,27.0,27.0,27.1,27.0,26.9,27.0,27.0,27.0,27.0,27.1,27.0,27.0,26.9,27.0,27.3,27.2,27.2,27.4,27.6,27.2,27.0,27.1,27.0,26.8,26.7,26.7,26.9,26.7,26.6,26.9,26.7,27.0,26.9,27.3,27.1,27.3,27.7,27.6,27.5,27.7,27.6,27.8,27.8,27.9,27.8,28.0,27.8,27.9,27.9,28.1,27.9,27.6,27.8,27.9,27.9,27.8,27.9,27.7,27.8,27.8,27.9,27.9,27.7,27.8,27.7,27.6,27.7,27.7,27.7,27.7,27.7,27.6,27.6,27.6,27.7,27.5,27.6,27.5
133,28.0,28.0,27.9,27.9,27.9,27.9,27.9,27.9,27.9,27.9,27.7,27.8,27.8,27.7,27.7,27.7,27.6,27.5,27.5,27.6,27.5,27.6,27.5,27.5,27.3,27.2,27.4,27.5,27.6,27.9,28.2,28.5,28.6,28.5,28.1,28.0,27.5,27.7,27.6,27.7,27.7,27.6,27.5,27.4,27.4,27.5,27.5,27.4,27.4,27.3,27.4,27.4,27.4,27.4,27.3,27.4,27.4,27.2,27.4,27.4,27.6,27.4,27.3,27.3,27.4,27.4,27.4,27.2,27.2,27.3,27.4,27.0,27.2,27.1,27.3,27.0,27.2,27.2,27.1,27.1,27.2,27.3,27.1,27.2,27.2,27.2,27.2,27.2,27.2,27.3,27.2,27.2,27.1,27.2,27.3,27.0,27.1,27.0,27.2,27.2,27.1,27.0,27.2,27.2,27.1,27.2,27.0,27.0,27.1,27.1,26.9,27.0,27.0,26.9,27.0,27.1,27.0,26.9,27.0,27.0,27.1,26.9,27.0,27.0,26.9,26.9,26.8,27.1,27.2,27.1,27.2,27.5,27.5,27.2,27.2,27.2,27.0,26.8,26.8,26.7,26.8,26.7,27.0,26.7,26.8,26.8,27.0,27.2,27.4,27.4,27.6,27.6,27.7,27.7,27.7,27.8,27.9,27.8,27.8,27.8,27.8,27.9,27.9,27.9,27.9,27.8,27.9,27.7,27.9,27.7,27.7,27.9,27.7,27.9,27.8,27.7,27.9,27.9,27.7,27.7,27.6,27.8,27.8,27.8,27.7,27.8,27.8,27.7,27.7,27.6,27.6,27.5
134,28.0,27.9,28.1,27.9,28.0,27.9,27.6,27.7,28.0,27.9,27.7,27.7,27.6,27.8,27.7,27.6,27.6,27.5,27.6,27.4,27.5,27.5,27.5,27.4,27.4,27.5,27.4,27.5,27.5,27.8,27.9,28.3,28.3,28.4,28.3,28.0,28.0,28.0,27.8,27.8,27.8,27.7,27.6,27.7,27.5,27.5,27.6,27.4,27.3,27.6,27.6,27.6,27.5,27.6,27.5,27.2,27.3,27.3,27.2,27.2,27.3,27.2,27.3,27.4,27.5,27.6,27.5,27.4,27.2,27.3,27.0,27.3,27.1,27.0,27.2,27.3,27.0,27.1,27.2,27.3,27.1,27.1,27.3,27.0,27.2,27.3,27.1,27.1,27.4,27.2,27.1,27.1,27.2,27.1,27.0,27.2,27.1,27.1,27.0,27.2,27.0,27.2,27.0,27.1,27.0,27.1,27.1,27.0,27.1,27.0,27.0,27.0,27.0,27.1,27.0,26.9,26.8,26.9,27.1,27.0,26.7,27.0,27.0,26.8,27.0,27.0,26.8,27.1,27.1,27.3,27.3,27.2,27.4,27.3,27.2,27.2,27.1,26.8,26.7,27.0,27.0,26.8,26.8,26.7,26.7,26.9,27.1,27.3,27.5,27.4,27.4,27.6,27.7,27.7,27.8,27.8,27.8,27.9,28.0,27.9,27.9,27.9,28.0,28.0,28.0,27.9,27.9,27.8,27.9,27.9,27.8,27.9,27.8,28.0,27.9,27.7,27.7,27.8,27.7,27.9,27.8,27.7,27.7,27.7,27.7,27.7,27.8,27.8,27.6,27.8,27.7,27.5
135,28.0,27.9,27.9,27.9,27.9,27.8,27.9,27.9,27.8,27.7,27.8,27.7,27.8,27.7,27.7,27.7,27.7,27.6,27.7,27.7,27.4,27.6,27.4,27.3,27.4,27.2,27.2,27.4,27.3,27.5,27.9,28.3,28.2,28.4,28.3,28.4,28.1,28.2,28.2,28.3,28.0,28.0,27.7,27.6,27.6,27.4,27.6,27.4,27.4,27.5,27.5,27.5,27.8,27.7,27.5,27.3,27.4,27.3,27.2,27.4,27.4,27.3,27.2,27.4,27.6,27.7,27.6,27.4,27.5,27.4,27.2,27.2,27.2,27.2,27.2,27.2,27.2,27.2,27.3,27.1,27.2,27.1,27.2,27.0,27.1,27.1,27.1,27.1,27.2,27.0,27.2,27.0,27.2,27.1,27.0,27.1,27.1,27.1,27.1,27.0,27.1,27.2,27.2,27.1,27.1,27.0,27.1,26.9,27.2,27.0,27.0,26.9,26.9,27.0,27.0,26.9,27.1,27.0,27.0,26.9,27.0,27.0,27.1,27.2,27.1,26.8,26.9,26.7,27.0,27.1,27.1,27.2,27.5,27.3,27.3,27.3,27.2,26.9,26.7,26.9,26.9,26.6,26.8,26.8,26.8,27.0,27.0,27.3,27.4,27.5,27.6,27.7,27.8,27.7,27.9,28.0,27.8,28.0,27.9,28.0,27.8,28.1,27.9,27.7,28.0,27.7,27.9,28.0,27.9,27.8,27.8,27.8,27.7,27.9,27.9,27.7,27.9,27.7,27.6,27.7,27.6,27.6,27.8,27.7,27.5,27.9,27.7,27.5,27.6,27.7,27.7,27.4
136,27.9,27.9,27.7,27.9,27.9,27.8,27.9,27.7,27.7,27.7,27.8,27.9,27.7,27.7,27.8,27.7,27.7,27.5,27.6,27.6,27.4,27.5,27.5,27.4,27.4,27.4,27.3,27.3,27.3,27.6,27.9,28.1,28.3,28.5,28.3,28.5,28.5,28.4,28.2,28.1,27.9,27.8,27.6,27.6,27.6,27.5,27.4,27.7,27.4,27.5,27.8,27.6,27.6,27.6,27.6,27.5,27.5,27.4,27.3,27.3,27.3,27.4,27.4,27.7,27.6,27.8,27.9,27.8,27.7,27.3,27.3,27.4,27.2,27.4,27.1,27.2,27.2,27.0,27.2,27.2,27.1,27.1,27.1,27.0,27.2,27.1,27.0,27.2,27.1,27.2,27.0,27.2,27.3,27.2,27.1,27.2,27.1,27.2,27.0,27.0,27.2,27.1,27.2,27.0,27.1,27.0,26.9,27.0,26.9,26.8,26.9,27.1,27.1,27.0,27.0,26.8,26.9,26.9,26.9,26.9,27.0,27.0,27.0,27.0,27.0,26.9,27.0,27.1,27.0,27.1,27.2,27.2,27.3,27.5,27.4,27.3,27.1,27.0,26.9,27.0,27.1,26.8,26.8,27.0,26.8,26.8,27.1,27.2,27.5,27.5,27.7,27.5,27.5,27.7,27.7,27.9,27.8,27.8,27.9,27.9,27.9,28.1,27.9,27.9,28.0,27.8,27.9,27.7,27.8,27.8,27.9,27.9,27.8,27.9,27.9,27.9,27.7,27.8,27.8,27.7,27.7,27.7,27.6,27.6,27.5,27.6,27.5,27.8,27.6,27.7,27.7,27.5
137,27.9,27.8,27.8,27.8,27.9,27.9,27.6,27.9,27.9,27.7,27.9,27.6,27.7,27.6,27.7,27.6,27.7,27.6,27.5,27.7,27.6,27.6,27.3,27.4,27.3,27.3,27.3,27.3,27.4,27.6,27.9,28.2,28.5,28.5,28.5,28.6,28.5,28.4,28.4,28.3,28.0,27.8,27.7,27.7,27.4,27.5,27.5,27.4,27.4,27.4,27.5,27.5,27.6,27.5,27.5,27.6,27.5,27.5,27.4,27.5,27.5,27.3,27.4,27.7,27.8,27.9,28.1,28.0,28.0,27.8,27.7,27.7,27.7,27.6,27.6,27.2,27.2,27.2,27.3,27.2,27.2,27.2,27.0,27.0,27.2,27.2,27.1,27.0,27.1,27.4,27.2,27.3,27.2,27.1,27.1,27.0,27.2,27.1,27.2,27.1,27.2,27.0,27.0,27.1,27.1,27.0,27.1,27.0,27.0,27.0,27.0,27.0,26.9,26.9,27.2,27.0,27.0,27.0,27.0,27.0,27.0,27.0,27.0,27.1,27.0,27.0,27.0,26.9,26.9,27.0,27.0,27.1,27.3,27.3,27.5,27.3,27.3,27.0,26.8,26.8,26.7,26.8,26.8,26.9,26.7,26.8,27.2,27.3,27.5,27.6,27.6,27.6,27.6,27.6,27.7,27.7,27.8,27.8,27.8,28.0,28.0,27.9,27.9,27.9,28.0,27.8,27.8,27.9,27.9,27.9,27.9,27.9,27.9,27.8,27.7,27.8,27.7,27.8,27.8,27.8,27.9,27.8,27.7,27.7,27.6,27.7,27.7,27.7,27.5,27.7,27.6,27.4
138,28.0,27.9,27.8,27.8,28.0,27.9,27.8,27.8,28.0,27.8,27.7,27.8,27.7,27.5,27.5,27.6,27.7,27.4,27.5,27.6,27.5,27.6,27.4,27.4,27.3,27.5,27.3,27.3,27.5,27.6,27.9,28.1,28.5,28.6,28.6,28.5,28.5,28.5,28.5,28.2,28.1,27.9,27.6,27.6,27.5,27.5,27.4,27.4,27.4,27.4,27.5,27.5,27.4,27.5,27.4,27.5,27.5,27.4,27.3,27.3,27.3,27.3,27.3,27.7,28.0,28.1,28.3,28.3,28.2,28.0,28.2,28.3,28.0,27.9,27.5,27.5,27.2,27.2,27.3,27.3,27.1,27.0,27.3,27.3,27.1,27.0,27.1,27.2,27.0,27.3,27.2,27.3,27.2,27.1,27.0,27.0,27.0,27.2,27.2,27.1,27.1,27.2,27.1,27.1,27.0,27.0,27.0,27.0,27.0,27.0,27.0,27.0,26.9,26.8,27.0,27.0,27.0,27.0,26.9,27.0,26.9,26.9,27.0,27.0,26.9,27.0,27.0,27.0,27.1,26.8,26.9,27.0,27.2,27.2,27.2,27.5,27.1,26.9,26.7,26.8,27.0,26.8,26.8,26.7,26.8,26.8,27.1,27.1,27.5,27.5,27.6,27.5,27.6,27.6,27.8,27.7,27.9,27.9,27.9,27.8,27.7,27.9,27.9,27.9,27.8,27.9,27.9,27.9,27.8,28.0,27.9,27.9,27.7,28.0,27.9,27.7,27.7,27.8,27.8,27.5,27.8,27.6,27.6,27.6,27.6,27.6,27.5,27.6,27.7,27.5,27.7,27.5
139,28.1,28.0,28.0,27.9,27.9,27.9,27.9,28.1,27.9,27.9,28.0,27.8,27.7,27.8,27.8,27.8,27.4,27.8,27.6,27.7,27.5,27.6,27.6,27.6,27.5,27.5,27.6,27.5,27.4,27.8,28.0,28.2,28.5,28.4,28.6,28.5,28.5,28.5,28.4,28.3,28.0,27.8,27.3,27.4,27.5,27.4,27.5,27.4,27.3,27.3,27.3,27.3,27.2,27.4,27.3,27.3,27.4,27.4,27.3,27.4,27.4,27.3,27.7,27.9,27.9,28.5,28.3,28.3,28.3,28.5,28.3,28.3,28.2,27.9,27.9,27.5,27.3,27.2,27.2,27.2,27.1,27.0,27.1,27.2,27.2,27.2,27.2,27.0,26.9,27.0,27.0,27.2,27.2,26.9,27.1,27.1,26.8,27.0,26.9,27.2,27.2,27.0,26.8,27.0,27.0,26.9,26.8,27.0,27.0,26.9,26.8,26.9,26.8,26.9,26.9,27.0,27.0,27.0,26.8,26.8,27.0,27.0,27.0,27.0,27.0,27.0,27.0,26.9,26.9,27.0,27.0,27.0,27.0,27.1,27.0,27.0,26.8,26.8,26.7,26.6,26.8,26.6,26.8,26.7,26.7,26.7,27.0,27.3,27.4,27.6,27.8,27.6,27.5,27.7,27.6,27.7,27.8,27.7,27.7,27.8,27.7,27.9,27.8,27.8,27.9,27.7,28.0,27.9,27.9,27.8,27.7,27.7,27.8,27.8,27.7,27.8,27.7,27.8,27.7,27.6,27.6,27.5,27.6,27.5,27.7,27.6,27.7,27.6,27.5,27.6,27.7,27.7
140,27.7,27.7,27.8,27.9,27.9,27.9,27.7,27.9,27.7,27.8,27.9,27.7,27.6,27.6,27.8,27.9,27.7,27.8,27.7,27.7,27.7,27.8,27.6,27.6,27.5,27.8,27.6,27.5,27.6,27.9,28.1,28.1,28.4,28.4,28.5,28.5,28.5,28.4,28.3,28.2,28.0,27.7,27.5,27.4,27.3,27.4,27.4,27.2,27.5,27.4,27.4,27.5,27.4,27.4,27.3,27.6,27.3,27.4,27.4,27.5,27.4,27.4,27.5,27.9,28.1,28.4,28.4,28.2,28.3,28.2,28.3,28.3,28.0,28.0,27.7,27.4,27.2,27.1,27.1,27.3,27.2,27.1,27.0,27.0,26.9,27.0,26.9,27.0,27.1,27.1,27.0,27.0,26.9,26.9,27.0,26.9,27.0,27.0,26.9,26.8,26.9,26.8,26.9,26.8,27.1,26.9,27.1,27.0,26.9,26.8,26.8,26.9,26.8,27.0,26.8,27.0,26.9,26.9,26.8,27.1,26.9,26.9,26.9,26.9,27.1,27.1,27.0,27.1,27.0,26.9,27.0,26.8,26.9,26.8,27.1,26.9,26.8,26.7,26.7,26.8,26.7,26.7,26.6,26.7,26.8,26.8,27.0,27.3,27.4,27.4,27.5,27.5,27.6,27.5,27.8,27.7,27.8,27.9,27.9,28.0,27.7,27.7,27.9,27.9,27.9,27.9,27.8,27.8,27.8,27.8,27.7,27.8,27.8,27.8,27.7,27.7,27.7,27.8,27.7,27.7,27.7,27.7,27.8,27.7,27.6,27.7,27.4,27.5,27.7,27.4,27.6,27.5
141,27.5,27.3,27.5,27.7,27.6,27.7,27.6,27.5,27.5,27.4,27.5,27.5,27.7,27.4,27.6,27.6,27.2,27.5,27.5,27.5,27.5,27.5,27.3,27.5,27.4,27.4,27.3,27.5,27.6,27.7,28.0,28.2,28.4,28.5,28.6,28.5,28.5,28.7,28.5,28.3,28.0,27.8,27.5,27.6,27.4,27.5,27.4,27.5,27.4,27.4,27.2,27.5,27.4,27.3,27.3,27.5,27.5,27.6,27.5,27.6,27.4,27.5,27.5,27.7,27.9,28.1,28.0,28.0,28.0,28.0,27.9,27.8,27.9,27.5,27.5,27.3,27.1,27.3,27.3,27.1,27.1,27.2,27.0,27.2,27.0,26.9,27.1,27.2,27.2,27.2,27.0,27.1,27.2,27.1,27.1,26.8,27.0,27.1,27.1,27.2,27.0,27.2,27.1,27.2,27.1,27.0,27.0,27.0,27.1,27.0,27.0,26.8,27.1,27.0,27.0,26.9,26.9,27.0,27.0,27.0,27.1,27.1,27.0,27.0,27.1,27.1,27.2,27.2,27.2,27.1,27.1,27.0,27.0,27.0,27.0,27.0,26.8,26.8,26.8,27.0,26.8,26.6,26.7,26.7,26.7,26.8,27.1,27.4,27.5,27.5,27.6,27.5,27.7,27.6,27.7,27.8,27.8,27.9,27.9,27.9,27.7,27.9,27.9,28.0,27.9,27.9,27.9,27.8,27.6,27.9,27.6,27.7,27.9,27.9,27.7,27.7,27.7,27.7,27.5,27.7,27.7,27.8,27.6,27.6,27.5,27.6,27.4,27.6,27.5,27.4,27.7,27.5
142,27.3,27.3,27.2,27.5,27.4,27.3,27.5,27.5,27.4,27.5,27.5,27.3,27.2,27.3,27.5,27.3,27.2,27.2,27.2,27.3,27.4,27.2,27.2,27.2,27.3,27.3,27.3,27.4,27.4,27.7,28.0,28.2,28.5,28.5,28.4,28.4,28.5,28.6,28.4,28.3,28.0,27.7,27.6,27.4,27.5,27.4,27.4,27.4,27.4,27.5,27.4,27.5,27.1,27.3,27.3,27.4,27.5,27.6,27.6,27.4,27.6,27.5,27.6,27.7,27.7,27.7,27.7,27.7,27.8,27.6,27.6,27.5,27.5,27.4,27.2,27.3,27.3,27.2,27.2,27.2,27.3,27.0,27.2,27.2,27.1,27.0,27.0,27.1,27.0,27.2,27.1,27.2,27.0,27.0,27.1,27.0,27.2,26.8,27.2,27.0,27.1,27.0,27.2,27.0,27.1,27.0,27.0,27.0,27.0,26.9,27.0,27.1,27.0,27.0,27.0,26.9,27.1,26.9,26.8,27.1,26.9,26.8,26.8,27.0,26.9,27.0,27.2,27.1,27.1,27.1,27.0,27.0,27.2,26.9,27.0,27.0,26.8,26.9,26.8,26.9,26.8,26.7,26.8,26.7,26.9,27.0,26.9,27.2,27.4,27.6,27.7,27.7,27.8,27.7,27.6,27.6,27.9,27.8,27.9,27.9,27.9,27.9,27.9,27.9,27.8,27.9,28.0,27.9,27.9,27.8,27.8,27.7,27.8,27.9,27.7,27.7,27.8,27.6,27.7,27.7,27.7,27.7,27.7,27.6,27.5,27.8,27.7,27.8,27.5,27.6,27.7,27.5
143,27.2,27.3,27.4,27.3,27.4,27.3,27.2,27.2,27.3,27.1,27.3,27.1,27.3,27.3,27.1,27.2,27.2,27.2,27.2,27.2,27.2,27.2,27.1,27.1,27.3,27.2,27.1,27.1,27.4,27.6,27.9,28.2,28.2,28.4,28.5,28.4,28.7,28.5,28.4,28.3,28.0,27.9,27.7,27.5,27.2,27.3,27.4,27.4,27.3,27.3,27.2,27.4,27.2,27.3,27.3,27.4,27.3,27.3,27.5,27.5,27.4,27.3,27.5,27.4,27.5,27.5,27.6,27.5,27.5,27.4,27.3,27.5,27.2,27.3,27.4,27.3,27.3,27.2,27.2,27.4,27.3,27.2,27.2,27.3,27.2,27.1,27.2,27.0,27.0,27.2,27.1,27.1,27.0,27.0,27.2,27.1,27.0,27.0,27.0,27.1,27.1,27.0,27.0,27.1,27.1,27.1,26.9,27.0,27.2,27.0,27.1,27.0,26.9,26.8,27.1,27.2,27.0,27.0,27.0,26.8,27.0,27.1,27.0,27.1,27.1,27.1,27.3,27.3,27.1,27.1,27.1,27.0,27.1,27.0,27.0,26.9,26.8,26.8,26.8,26.6,26.8,26.7,26.8,26.9,26.6,26.8,27.1,27.2,27.3,27.4,27.7,27.6,27.8,27.7,27.7,27.7,27.8,27.9,27.9,27.9,27.8,28.0,27.9,27.9,27.9,27.8,27.9,28.0,27.9,27.8,27.8,27.8,27.7,27.8,27.8,27.7,27.8,27.8,27.8,27.8,27.8,27.8,27.6,27.7,27.8,27.7,27.6,27.7,27.7,27.6,27.6,27.5
144,27.3,27.5,27.3,27.3,27.2,27.2,27.2,27.2,27.2,27.2,27.2,27.2,27.2,27.3,27.2,27.2,27.1,27.2,27.2,27.2,27.3,27.3,27.0,27.2,27.1,27.2,27.0,27.1,27.3,27.5,27.8,28.0,28.3,28.4,28.4,28.3,28.3,28.4,28.3,28.1,28.0,27.8,27.5,27.5,27.2,27.4,27.1,27.2,27.1,27.1,27.2,27.2,27.1,27.2,27.0,27.2,27.3,27.2,27.3,27.1,27.3,27.4,27.3,27.5,27.3,27.5,27.3,27.3,27.4,27.3,27.4,27.2,27.2,27.4,27.3,27.2,27.1,27.2,27.2,27.3,27.2,27.0,27.3,27.1,27.2,27.1,27.2,27.1,27.1,27.5,27.1,27.1,27.0,27.2,27.2,27.0,27.0,27.0,27.1,26.9,27.1,27.0,27.1,27.2,27.1,27.2,27.1,27.0,27.0,27.0,27.1,27.1,27.0,27.0,27.1,27.0,27.0,27.0,26.9,27.2,27.1,27.0,27.0,27.0,27.1,27.1,27.1,27.1,27.1,27.2,27.1,27.1,27.2,27.0,27.0,27.0,27.0,26.9,26.7,26.9,26.8,27.0,26.8,26.7,26.8,26.8,26.8,27.2,27.4,27.5,27.6,27.8,27.8,27.9,27.8,27.7,27.8,27.9,28.0,27.9,27.9,28.0,28.0,27.9,27.9,27.9,27.7,27.9,27.8,27.9,27.8,27.8,27.6,27.9,27.7,27.6,27.8,28.0,27.8,27.7,27.7,27.6,27.7,27.7,27.7,27.7,27.5,27.6,27.7,27.7,27.7,27.6
145,27.3,27.2,27.3,27.3,27.3,27.3,27.3,27.3,27.2,27.2,27.0,27.2,27.1,27.2,27.3,27.3,27.2,27.2,27.4,27.3,27.2,27.3,27.2,27.2,27.3,27.0,27.2,27.2,27.4,27.6,28.0,28.1,28.3,28.3,28.5,28.5,28.5,28.5,28.7,28.4,28.3,28.1,28.1,27.6,27.4,27.3,27.3,27.2,27.1,27.1,27.1,27.0,27.2,27.2,27.1,27.3,27.0,27.0,27.1,27.2,27.2,27.3,27.3,27.5,27.4,27.5,27.1,27.2,27.2,27.3,27.3,27.2,27.2,27.3,27.2,27.3,27.2,27.3,27.2,27.1,27.0,27.1,27.2,27.2,27.2,27.2,27.1,27.1,27.3,27.3,27.2,27.3,27.2,27.2,27.2,27.2,27.0,27.2,27.1,27.0,27.2,27.3,27.1,27.0,27.0,27.0,27.0,26.9,27.1,27.0,27.0,27.0,27.0,26.9,27.0,26.9,27.1,27.0,27.1,27.0,27.1,26.9,27.1,27.1,27.0,27.2,27.1,27.1,27.2,27.0,27.2,27.0,27.1,27.0,27.0,26.8,27.0,26.8,26.7,27.0,27.1,26.8,26.9,26.9,26.9,27.0,26.9,27.3,27.3,27.6,27.6,27.7,27.8,27.8,27.9,27.9,27.9,27.9,27.8,27.6,28.0,27.9,28.0,27.9,28.0,27.9,28.0,27.8,27.8,27.9,27.9,27.7,27.7,27.9,27.9,27.6,27.7,27.7,27.6,27.8,27.7,27.7,27.8,27.7,27.7,27.6,27.7,27.6,27.7,27.7,27.6,27.5
146,27.5,27.2,27.2,27.2,27.2,27.3,27.1,27.4,27.3,27.2,27.2,27.2,27.3,27.2,27.3,27.3,27.2,27.4,27.3,27.2,27.2,27.3,27.2,27.1,27.0,27.2,27.2,27.5,27.6,27.8,28.3,28.6,28.8,28.8,28.8,28.8,29.0,28.9,28.7,28.8,28.6,28.7,28.5,28.2,27.5,27.3,27.2,27.0,26.9,27.1,27.0,27.0,27.1,27.2,27.0,27.0,27.1,26.9,27.0,27.1,27.2,27.2,27.1,27.3,27.2,27.3,27.3,27.1,27.4,27.2,27.2,27.1,27.2,27.1,27.0,27.2,27.1,27.1,27.0,27.2,27.2,27.2,27.2,27.2,27.1,27.1,27.2,27.2,27.3,27.2,27.1,27.2,27.2,27.0,27.1,27.0,27.2,27.3,27.0,27.1,27.0,27.1,27.2,27.0,27.0,27.1,27.0,27.0,27.1,27.0,27.0,27.0,27.0,26.9,27.0,27.1,27.0,26.9,27.0,26.9,26.9,27.2,27.1,27.0,27.0,27.0,27.0,27.0,27.2,27.0,27.0,27.0,27.0,27.1,27.0,27.2,27.0,26.8,26.8,26.8,27.0,26.8,26.7,26.7,26.8,26.8,27.1,27.2,27.3,27.5,27.7,27.6,27.7,27.9,28.0,27.8,27.9,27.8,27.9,27.9,27.9,28.0,27.9,27.9,28.0,27.8,27.9,28.0,27.9,28.0,28.0,27.9,27.7,27.9,27.8,27.8,27.7,27.8,27.9,28.1,27.8,27.8,27.7,27.8,27.7,27.7,27.7,27.6,27.6,27.5,27.6,27.7
147,27.4,27.3,27.2,27.3,27.3,27.3,27.2,27.2,27.4,27.2,27.2,27.4,27.2,27.4,27.3,27.2,27.2,27.2,27.3,27.1,27.1,27.3,27.3,27.2,27.1,27.2,27.1,27.3,27.7,28.3,28.6,28.9,29.0,28.9,29.1,29.3,29.3,29.3,29.2,29.1,29.0,29.1,28.7,28.5,28.0,27.5,27.1,27.2,26.8,27.1,27.1,27.0,26.9,27.0,27.0,27.0,27.0,26.9,27.0,27.1,27.2,27.1,27.3,27.3,27.3,27.2,27.3,27.3,27.2,27.2,27.2,27.2,27.1,27.2,27.2,27.2,27.2,27.4,27.1,27.5,27.2,27.2,27.1,27.2,27.1,27.1,27.2,27.3,27.3,27.3,27.2,27.2,27.0,27.2,27.1,27.0,27.1,27.0,27.0,27.1,27.1,26.8,27.1,27.2,27.2,27.0,27.1,27.0,26.9,27.0,27.0,26.8,26.8,27.0,26.9,26.8,27.0,26.8,26.8,26.9,27.0,27.0,27.0,26.9,26.9,27.0,26.8,27.0,27.0,27.0,27.0,27.1,27.2,27.3,27.4,27.4,27.1,27.0,27.0,27.0,26.8,26.7,26.6,26.7,26.7,26.8,27.2,27.3,27.4,27.6,27.6,27.7,27.7,27.6,27.7,27.9,27.8,27.8,28.1,27.9,27.9,27.9,27.9,27.8,27.7,28.0,27.9,27.9,27.8,27.9,27.9,27.7,27.7,27.9,27.8,27.7,27.7,27.7,27.8,27.7,27.7,27.8,27.8,27.7,27.6,27.7,27.8,27.7,27.8,27.6,27.6,27.7
148,27.3,27.3,27.3,27.3,27.4,27.2,27.3,27.3,27.3,27.2,27.2,27.3,27.4,27.3,27.3,27.2,27.2,27.2,27.3,27.2,27.1,27.2,27.3,27.2,27.1,27.4,27.5,27.5,27.7,28.3,28.7,28.8,29.1,29.1,29.2,29.3,29.4,29.3,29.4,29.3,29.2,29.0,28.8,28.5,28.2,27.6,27.3,27.2,27.1,27.1,27.0,27.0,27.2,27.1,26.8,27.0,27.0,27.1,27.2,27.2,27.1,27.2,27.2,27.4,27.3,27.4,27.2,27.3,27.1,27.2,27.3,27.3,27.1,27.2,27.2,27.2,27.3,27.2,27.2,27.3,27.2,27.2,27.1,27.1,27.1,27.2,27.2,27.3,27.3,27.5,27.3,27.2,27.2,27.2,27.2,27.1,27.1,27.1,26.9,27.1,27.0,27.1,27.1,27.0,27.1,27.1,27.1,27.1,26.9,27.2,27.1,27.0,26.9,27.0,27.0,26.8,26.9,27.0,27.1,27.0,27.1,27.0,27.1,27.0,26.8,27.0,26.8,27.0,27.0,27.0,27.1,27.0,27.2,27.4,27.4,27.2,27.2,27.0,26.9,27.0,26.7,26.8,26.7,26.8,26.7,27.0,27.0,27.0,27.3,27.5,27.6,27.7,27.6,27.8,27.8,27.9,27.8,27.8,27.8,27.9,28.0,27.9,27.9,27.9,28.0,28.0,27.9,27.9,27.9,27.9,27.9,27.9,27.9,27.9,27.8,27.6,27.8,27.9,27.6,27.6,27.7,27.9,27.8,27.9,27.6,27.6,27.6,27.7,27.6,27.5,27.7,27.5
149,27.3,27.2,27.3,27.2,27.3,27.3,27.2,27.2,27.2,27.4,27.4,27.3,27.3,27.2,27.2,27.2,27.1,27.3,27.0,27.1,27.2,27.3,27.2,27.2,27.3,27.2,27.3,27.6,27.8,28.2,28.4,28.7,28.9,28.9,28.9,29.1,28.9,28.9,29.0,28.9,28.9,28.6,28.5,28.2,27.9,27.4,27.2,27.1,27.1,27.2,27.0,27.1,27.1,27.0,27.1,27.2,27.0,27.0,27.2,27.1,27.2,27.2,27.4,27.4,27.6,27.4,27.3,27.4,27.2,27.2,27.2,27.2,27.2,27.2,27.2,27.4,27.3,27.1,27.1,27.2,27.1,27.0,27.2,27.0,27.1,27.3,27.3,27.3,27.3,27.3,27.2,27.2,27.2,27.2,27.1,27.1,27.1,27.0,27.2,26.9,27.1,27.1,27.2,27.2,27.3,27.2,26.8,27.2,27.1,27.0,27.1,27.0,27.0,27.0,26.8,27.1,27.0,26.8,26.9,27.0,27.0,27.0,27.0,27.0,27.0,27.1,27.0,27.1,27.0,27.1,27.3,27.1,27.5,27.4,27.7,27.5,27.2,27.0,27.0,27.0,26.8,26.7,26.7,26.8,26.8,27.0,27.2,27.4,27.4,27.6,27.7,27.6,27.7,27.8,27.7,27.9,27.8,27.9,27.7,27.8,27.9,27.8,27.9,27.8,27.9,27.8,27.9,28.0,27.8,27.8,27.9,27.7,27.8,27.9,27.8,27.7,27.8,27.6,27.7,27.7,27.8,27.7,27.7,27.7,27.7,27.7,27.6,27.7,27.5,27.4,27.5,27.6
150,27.4,27.2,27.2,27.2,27.3,27.3,27.2,27.3,27.4,27.4,27.4,27.3,27.3,27.3,27.2,27.3,27.3,27.1,27.2,27.2,27.2,27.3,27.3,27.3,27.3,27.3,27.4,27.6,27.7,27.9,28.3,28.6,28.7,28.8,28.9,28.8,28.9,28.9,28.9,28.8,28.6,28.5,28.1,27.8,27.8,27.5,27.4,27.2,27.3,27.2,27.2,27.2,27.2,27.1,27.2,27.2,27.2,27.1,27.1,27.2,27.2,27.4,27.4,27.4,27.4,27.4,27.4,27.3,27.2,27.2,27.2,27.2,27.2,27.1,27.1,27.1,27.1,27.1,27.2,27.1,27.2,27.2,27.2,27.0,27.2,27.1,27.3,27.3,27.3,27.2,27.2,27.2,27.2,27.1,27.1,27.1,27.1,27.1,27.2,27.2,27.0,27.2,27.0,27.2,27.3,27.2,27.2,27.1,27.2,27.0,27.0,27.0,27.0,27.0,27.0,27.1,27.0,26.9,27.0,27.0,27.0,27.0,27.0,27.0,27.1,27.1,27.1,27.0,27.1,27.2,27.3,27.3,27.4,27.3,27.3,27.2,27.2,27.1,27.0,27.0,26.8,26.7,26.7,26.8,26.8,27.0,27.1,27.3,27.4,27.5,27.6,27.7,27.7,27.7,27.7,27.8,27.9,27.8,27.8,27.8,27.9,27.9,27.8,27.8,27.8,27.8,27.9,28.0,27.8,27.8,27.8,27.8,27.9,27.8,27.9,27.8,27.7,27.8,27.7,27.7,27.7,27.7,27.7,27.7,27.7,27.7,27.6,27.7,27.6,27.5,27.6,27.5
151,27.5,27.3,27.5,27.3,27.5,27.2,27.3,27.4,27.3,27.4,27.4,27.5,27.3,27.2,27.4,27.4,27.5,27.4,27.2,27.2,27.3,27.4,27.3,27.3,27.3,27.2,27.5,27.5,27.7,27.7,28.3,28.5,28.7,28.7,28.7,28.9,28.7,28.8,28.7,28.6,28.5,28.1,27.8,27.8,27.7,27.5,27.3,27.5,27.5,27.5,27.4,27.3,27.4,27.3,27.2,27.2,27.1,27.2,27.1,27.2,27.4,27.4,27.5,27.6,27.5,27.5,27.5,27.2,27.3,27.3,27.3,27.2,27.1,27.2,27.1,27.1,27.1,27.2,27.2,27.2,27.1,27.2,27.3,27.1,27.3,27.3,27.1,27.3,27.3,27.2,27.2,27.2,27.1,27.0,27.0,27.1,27.0,27.1,27.2,27.0,27.2,27.0,27.0,27.0,27.2,27.3,27.0,27.1,27.2,27.2,27.0,26.9,26.9,27.0,27.2,27.1,26.9,27.2,27.0,27.0,26.9,26.9,27.0,27.0,27.2,27.2,27.1,27.2,27.2,27.2,27.3,27.4,27.3,27.3,27.3,27.3,27.2,27.1,27.1,27.0,26.7,26.9,26.9,26.8,27.0,27.0,27.0,27.2,27.4,27.5,27.5,27.6,27.7,27.8,27.9,27.7,28.0,27.8,27.8,27.8,28.0,27.9,28.1,27.8,27.9,27.8,28.0,28.0,27.8,27.9,27.8,28.0,27.7,27.9,27.9,27.9,27.8,27.7,27.8,27.7,27.7,27.6,27.7,27.6,27.8,27.8,27.6,27.7,27.8,27.5,27.6,27.6
152,27.4,27.5,27.5,27.7,27.5,27.4,27.5,27.6,27.4,27.3,27.3,27.3,27.4,27.4,27.5,27.5,27.4,27.2,27.5,27.4,27.3,27.3,27.3,27.3,27.3,27.4,27.4,27.5,27.5,27.9,28.0,28.1,28.5,28.6,28.7,28.7,28.8,28.9,28.7,28.4,28.1,28.0,27.7,27.7,27.6,27.5,27.5,27.6,27.5,27.4,27.4,27.4,27.3,27.4,27.2,27.3,27.2,27.3,27.2,27.3,27.3,27.4,27.5,27.4,27.5,27.4,27.3,27.2,27.2,27.2,27.1,27.3,27.2,27.2,27.0,27.2,27.2,27.1,27.1,27.2,27.0,27.1,27.2,27.2,27.1,27.2,27.2,27.3,27.2,27.3,27.1,27.2,26.9,27.3,26.9,27.1,27.0,27.0,27.0,27.0,27.0,27.0,27.0,27.2,27.1,27.2,27.2,27.1,27.0,27.0,27.0,27.0,27.0,27.1,27.0,27.0,26.9,27.0,27.0,27.0,26.8,27.0,26.9,27.0,26.8,27.2,27.0,27.0,27.2,27.1,27.1,27.4,27.2,27.3,27.2,27.3,27.1,26.9,26.9,27.0,26.9,26.8,26.9,27.1,27.1,27.2,27.1,27.0,27.4,27.4,27.5,27.6,27.6,27.7,27.7,27.9,27.9,27.9,27.9,27.8,27.9,27.9,27.8,27.9,28.0,27.9,27.7,27.8,27.8,27.9,27.9,27.7,27.7,27.9,27.9,27.8,27.7,27.8,27.6,27.7,27.7,27.7,27.7,27.7,27.7,27.7,27.8,27.7,27.6,27.7,27.6,27.7
153,28.1,27.7,27.9,27.8,27.9,27.8,27.8,27.9,27.8,27.9,27.9,27.7,27.9,27.9,27.8,27.9,27.8,27.6,28.0,27.7,27.9,27.8,27.7,27.6,27.7,27.7,27.8,27.6,27.9,28.0,28.2,28.5,28.7,28.7,28.9,28.8,28.9,28.8,28.7,28.6,28.3,27.8,27.8,28.0,27.9,28.0,28.1,28.0,27.9,27.7,27.6,27.4,27.3,27.3,27.2,27.3,27.3,27.2,27.3,27.3,27.5,27.3,27.2,27.5,27.4,27.3,27.2,27.3,27.3,27.2,27.3,27.2,27.3,27.3,27.3,27.2,27.2,27.2,27.2,27.1,27.1,27.1,27.2,27.2,27.3,27.2,27.2,27.2,27.4,27.3,27.2,27.1,27.3,27.1,27.1,26.8,27.0,27.1,27.1,27.2,27.0,27.1,27.2,27.2,27.1,27.0,27.1,27.1,27.2,27.0,27.2,27.2,27.1,27.0,27.2,26.8,27.0,27.1,27.1,27.0,27.1,26.8,27.0,26.8,27.1,27.0,26.9,27.1,27.0,27.3,27.4,27.2,27.2,27.2,27.4,27.1,27.3,27.0,27.1,27.0,27.1,27.0,27.0,27.0,27.0,26.9,27.2,27.2,27.3,27.5,27.6,27.6,27.7,27.7,27.8,27.9,27.9,27.8,28.1,27.9,27.9,28.0,27.9,27.9,27.8,27.9,27.9,27.9,27.8,27.9,27.7,27.8,27.8,27.9,27.8,28.0,27.6,27.9,27.7,27.7,27.7,27.5,27.6,27.7,27.7,27.9,27.6,27.7,27.7,27.7,27.7,27.5
154,28.3,28.3,28.3,28.3,28.2,28.1,28.2,28.3,28.1,28.2,28.1,28.2,28.2,28.1,28.0,28.4,28.2,28.3,28.3,28.1,28.2,28.2,28.2,28.2,28.1,28.3,28.2,28.4,28.3,28.4,28.6,28.7,28.9,28.8,28.8,28.7,28.9,28.7,28.6,28.4,28.3,27.8,27.8,28.3,28.3,28.6,28.7,28.6,28.4,28.3,28.1,27.8,27.5,27.5,27.2,27.1,27.2,27.2,27.3,27.2,27.2,27.2,27.2,27.3,27.5,27.3,27.2,27.3,27.2,27.4,27.4,27.3,27.1,27.1,27.3,27.2,27.2,27.2,27.1,27.2,27.0,27.0,26.9,27.1,27.1,27.2,27.2,27.1,27.0,27.3,27.0,27.0,27.1,27.0,27.1,27.0,27.0,27.1,26.9,27.1,26.8,27.1,27.1,27.1,27.0,27.1,27.1,26.9,27.1,27.1,27.1,26.9,27.1,27.0,27.1,27.2,27.0,27.1,27.0,27.0,27.0,27.1,26.9,26.8,27.0,26.9,26.9,27.1,27.2,27.4,27.1,27.4,27.2,27.1,27.2,27.1,27.0,27.0,27.2,27.2,27.2,27.1,27.2,27.2,27.1,27.2,27.2,27.2,27.5,27.4,27.5,27.6,27.8,27.7,27.7,27.8,27.9,27.8,27.9,27.9,27.9,27.7,27.8,27.8,27.9,27.7,27.8,27.7,27.8,27.7,27.9,27.8,27.8,27.8,27.9,27.6,27.5,27.8,27.7,27.7,27.7,27.6,27.7,27.6,27.7,27.7,27.7,27.7,27.5,27.6,27.7,27.7
155,28.4,28.3,28.3,28.5,28.4,28.4,28.5,28.4,28.4,28.2,28.3,28.3,28.4,28.3,28.4,28.4,28.4,28.5,28.4,28.4,28.4,28.4,28.4,28.3,28.3,28.5,28.3,28.5,28.5,28.6,28.7,28.8,28.6,28.9,28.8,28.9,28.7,28.7,28.6,28.5,28.3,28.2,28.1,28.5,28.7,28.7,28.8,28.7,28.7,28.5,28.3,28.0,27.6,27.3,27.4,27.3,27.4,27.2,27.3,27.2,27.3,27.0,27.2,27.3,27.3,27.3,27.3,27.4,27.3,27.2,27.2,27.4,27.3,27.2,27.2,27.4,27.2,27.1,27.1,27.1,27.1,27.1,27.2,27.0,27.1,27.1,27.0,27.1,27.0,27.0,27.0,27.1,27.1,27.1,27.2,27.0,27.0,27.1,26.9,27.2,27.2,27.1,27.1,27.2,27.0,27.0,27.1,27.0,27.2,27.1,27.0,27.0,27.2,27.1,27.0,26.9,27.1,27.0,27.2,26.9,26.8,27.0,27.0,27.0,26.9,27.0,26.9,27.1,26.9,27.4,27.2,27.1,27.2,27.0,27.1,27.1,27.1,27.3,27.5,27.7,27.7,27.7,27.6,27.6,27.3,27.2,27.1,27.3,27.3,27.5,27.5,27.7,27.6,27.7,27.7,27.7,27.8,27.8,27.7,27.9,27.9,27.8,27.9,27.9,27.9,27.7,27.9,27.7,27.7,27.7,27.8,27.8,27.7,27.8,27.8,27.8,27.8,27.8,27.6,27.7,27.7,27.8,27.5,27.7,27.5,27.7,27.6,27.6,27.5,27.5,27.6,27.5
156,28.4,28.6,28.5,28.5,28.4,28.5,28.5,28.3,28.4,28.4,28.5,28.6,28.5,28.5,28.4,28.7,28.6,28.5,28.5,28.5,28.7,28.6,28.5,28.5,28.5,28.6,28.7,28.5,28.6,28.6,28.8,28.7,28.9,28.9,28.9,28.8,28.8,28.8,28.5,28.5,28.3,28.3,28.3,28.8,28.9,29.0,28.9,28.8,28.8,28.5,28.5,28.2,27.7,27.4,27.5,27.2,27.3,27.2,27.1,27.3,27.1,27.2,27.1,27.2,27.4,27.3,27.2,27.2,27.3,27.2,27.2,27.2,27.1,27.1,27.3,27.3,27.3,27.3,27.0,27.2,27.1,27.1,27.0,27.0,27.2,27.0,27.1,27.1,27.1,27.1,27.1,27.1,27.2,27.0,27.1,27.1,26.7,27.0,27.2,27.0,27.2,26.9,27.2,27.1,27.0,27.2,27.2,27.1,27.1,27.1,27.2,27.0,27.1,27.1,27.2,27.2,27.0,26.9,27.0,26.9,26.9,26.8,26.8,27.0,26.9,27.0,26.9,27.0,27.1,27.1,27.3,27.3,27.2,27.1,27.2,27.3,27.4,27.5,27.9,28.0,28.1,28.1,28.2,28.0,27.5,27.2,27.2,27.4,27.6,27.6,27.6,27.7,27.6,27.7,27.6,27.7,27.9,27.8,27.9,27.9,27.8,27.9,27.8,28.1,28.0,27.7,27.8,27.7,27.7,27.9,27.7,27.9,27.6,27.8,27.7,27.7,27.8,27.7,27.8,27.6,27.7,27.7,27.7,27.7,27.7,27.5,27.6,27.6,27.6,27.5,27.7,27.4
157,28.5,28.5,28.6,28.5,28.6,28.5,28.5,28.5,28.3,28.7,28.5,28.6,28.5,28.5,28.6,28.5,28.6,28.7,28.7,28.6,28.5,28.8,28.6,28.7,28.7,28.6,28.7,28.8,28.8,28.9,28.8,28.9,28.9,28.8,29.0,28.9,28.9,28.7,28.6,28.5,28.5,28.2,28.5,29.0,28.9,29.2,29.0,28.8,29.1,28.8,28.7,28.3,27.9,27.6,27.4,27.2,27.4,27.2,27.3,27.1,27.2,27.1,27.1,27.3,27.2,27.2,27.3,27.2,27.3,27.3,27.2,27.5,27.2,27.3,27.2,27.2,27.2,27.2,27.4,27.2,27.2,27.2,27.2,27.0,27.3,27.0,27.0,27.1,27.1,27.1,26.9,27.2,27.2,27.2,27.0,27.1,26.9,27.0,27.2,27.1,27.1,27.2,27.0,27.0,27.1,27.1,27.3,27.2,27.1,27.2,27.1,27.1,27.0,27.2,27.1,27.0,26.9,27.0,26.8,27.0,26.9,27.0,27.0,26.9,27.0,26.9,26.9,27.0,27.2,27.2,27.1,27.2,27.1,27.2,27.2,27.2,27.5,28.1,28.2,28.0,28.2,28.3,28.3,28.3,28.0,27.6,27.3,27.4,27.5,27.6,27.7,27.7,27.6,27.6,27.8,27.7,27.7,27.9,27.9,27.8,27.8,27.9,27.9,27.8,27.8,27.8,28.0,27.8,27.8,27.7,27.8,27.9,27.8,27.7,27.8,27.7,27.8,27.7,27.9,27.7,27.7,27.8,27.8,27.5,27.5,27.6,27.7,27.7,27.6,27.5,27.6,27.6
158,28.5,28.6,28.7,28.5,28.5,28.7,28.6,28.5,28.5,28.5,28.7,28.6,28.7,28.7,28.6,28.5,28.7,28.7,28.7,28.8,28.7,28.6,28.6,28.6,28.8,28.7,28.8,28.8,28.7,28.7,28.9,28.9,28.9,28.8,28.8,28.9,29.0,28.7,28.6,28.5,28.3,28.5,28.4,29.0,28.9,28.9,29.1,29.0,28.7,28.8,28.7,28.4,27.9,27.6,27.2,27.2,27.2,27.2,27.0,27.2,27.2,27.2,27.1,27.3,27.4,27.3,27.4,27.3,27.2,27.2,27.3,27.2,27.2,27.2,27.2,27.3,27.2,27.2,27.2,27.3,27.0,27.1,27.1,27.0,27.1,27.1,27.0,27.2,27.1,27.1,27.2,27.3,27.0,27.0,27.2,27.0,27.0,27.1,27.2,27.4,27.2,27.1,27.1,27.1,27.0,27.2,27.2,27.2,27.2,27.3,27.0,26.9,27.2,27.0,27.0,27.0,27.1,26.8,27.1,27.0,26.8,26.8,27.1,27.0,26.9,26.8,27.0,27.0,27.0,27.1,27.1,27.2,27.0,27.2,27.2,27.5,27.9,28.1,28.0,27.9,28.0,28.0,28.3,28.2,28.2,27.8,27.5,27.5,27.5,27.6,27.7,27.6,27.6,27.6,27.7,27.5,27.7,27.7,27.8,27.9,28.0,27.8,27.7,27.9,27.9,27.9,27.7,27.9,27.8,27.8,27.8,27.7,27.7,27.8,27.7,27.7,27.8,27.8,27.7,27.6,27.8,27.7,27.7,27.7,27.5,27.5,27.6,27.5,27.7,27.7,27.7,27.7
159,28.4,28.5,28.6,28.5,28.5,28.5,28.7,28.7,28.6,28.4,28.6,28.5,28.5,28.6,28.7,28.8,28.7,28.6,28.5,28.6,28.7,28.6,28.7,28.7,28.5,28.9,28.7,28.6,28.7,28.7,28.9,28.9,28.9,28.9,29.0,28.9,28.9,29.1,28.6,28.6,28.5,28.3,28.7,29.0,29.0,29.0,29.1,28.9,29.1,29.0,28.6,28.4,27.9,27.4,27.2,27.1,27.3,27.0,27.1,27.1,27.2,27.1,27.2,27.2,27.3,27.2,27.2,27.1,27.1,27.1,27.3,27.3,27.2,27.2,27.3,27.2,27.2,27.2,27.1,27.1,27.1,27.1,27.1,27.1,27.0,27.0,27.1,27.1,27.3,27.2,27.0,27.1,27.2,27.0,27.0,27.0,27.0,27.3,27.1,27.3,27.1,27.2,27.1,27.2,27.2,27.1,27.1,27.2,27.1,27.0,27.2,27.2,26.9,27.0,27.0,27.0,26.8,27.1,27.1,27.0,27.0,27.0,27.0,26.8,26.9,26.9,27.0,27.0,27.2,27.0,26.9,27.1,27.2,27.2,27.3,27.5,28.0,28.1,28.0,28.0,28.0,27.9,28.1,28.4,28.2,27.8,27.5,27.6,27.5,27.4,27.8,27.6,27.7,27.5,27.7,27.6,27.6,27.7,27.7,27.9,27.9,27.9,27.9,27.8,27.7,27.8,27.8,28.0,27.6,27.7,27.7,27.8,27.7,27.9,27.7,27.6,27.7,27.6,27.7,27.7,27.7,27.7,27.7,27.7,27.7,27.7,27.5,27.5,27.5,27.6,27.7,27.5
160,28.5,28.6,28.8,28.6,28.6,28.6,28.8,28.4,28.6,28.5,28.6,28.5,28.7,28.6,28.6,28.7,28.7,28.6,28.6,28.7,28.7,28.7,28.7,28.6,28.7,28.8,28.9,28.9,28.8,28.8,28.9,28.9,28.7,29.0,28.9,28.9,29.0,28.7,28.8,28.6,28.4,28.4,28.5,28.8,29.0,29.1,28.9,28.9,29.1,28.9,28.7,28.4,27.9,27.5,27.3,27.1,27.3,27.1,27.2,27.2,27.2,27.2,27.1,27.3,27.3,27.4,27.2,27.1,27.2,27.1,27.2,27.2,27.1,27.3,27.2,27.2,27.2,27.3,27.1,27.1,27.1,27.1,27.1,27.2,27.1,27.2,27.1,27.2,27.0,27.2,27.0,27.1,27.1,27.1,27.0,27.0,27.3,27.2,27.0,27.1,27.1,27.2,27.1,27.0,27.2,27.3,27.2,27.1,27.2,27.1,27.2,27.2,27.2,26.8,27.2,27.0,27.0,27.0,27.0,26.9,27.0,26.9,26.7,27.1,27.0,26.9,26.9,27.0,26.8,27.3,27.0,27.1,27.2,27.2,27.2,27.6,28.0,28.2,28.1,27.9,27.8,27.8,28.0,28.3,28.3,28.0,27.8,27.6,27.5,27.6,27.7,27.6,27.6,27.6,27.8,27.9,27.8,27.7,27.9,27.9,27.8,27.8,27.9,28.0,27.8,27.7,27.8,27.7,28.0,27.7,27.7,27.7,27.7,27.8,27.7,27.7,27.7,27.8,27.6,27.7,27.7,27.7,27.7,27.7,27.7,27.7,27.6,27.6,27.6,27.5,27.6,27.7
161,28.6,28.5,28.5,28.5,28.6,28.5,28.5,28.7,28.6,28.6,28.6,28.6,28.6,28.8,28.7,28.7,28.7,28.7,28.6,28.8,28.7,28.8,28.8,28.8,28.8,28.8,28.8,28.6,28.7,28.9,28.9,29.1,28.9,29.0,29.1,28.9,28.9,29.0,28.9,28.5,28.3,28.2,28.4,28.6,28.7,29.0,29.1,29.1,28.8,28.6,28.4,28.1,27.6,27.4,27.3,27.1,27.1,27.2,27.0,27.2,27.2,27.0,27.0,27.2,27.2,27.4,27.1,27.2,27.2,27.2,27.2,27.0,27.0,27.1,27.1,27.2,27.1,27.2,27.1,27.2,27.2,27.2,27.1,27.3,27.2,27.2,27.2,27.3,27.2,27.1,27.1,27.1,27.0,27.1,27.2,26.9,27.2,27.1,27.2,27.0,27.2,27.1,27.2,27.2,27.1,27.1,27.1,27.2,27.2,27.3,27.2,27.1,27.0,27.0,27.2,27.2,26.8,26.9,26.9,27.0,27.1,26.9,27.0,27.1,26.9,26.9,27.0,27.2,27.3,27.2,27.3,27.1,27.2,27.3,27.3,27.7,28.0,28.2,28.1,28.0,27.9,27.8,28.1,28.3,28.3,27.8,27.6,27.5,27.5,27.5,27.5,27.6,27.7,27.5,27.8,27.7,27.7,27.8,27.7,27.7,27.8,27.9,27.9,27.8,27.8,27.7,27.8,27.8,27.9,27.7,27.7,27.7,27.6,27.7,27.7,27.6,27.6,27.8,27.8,27.7,27.6,27.7,27.8,27.7,27.7,27.7,27.7,27.6,27.5,27.5,27.7,27.7
162,28.5,28.7,28.6,28.6,28.7,28.5,28.6,28.6,28.7,28.7,28.7,28.5,28.5,28.7,28.7,28.7,28.7,28.7,28.7,28.6,28.6,28.8,28.8,28.7,28.8,29.0,28.9,28.7,28.8,28.8,28.9,29.1,28.9,28.9,29.1,29.0,29.0,28.8,28.8,28.6,28.1,28.0,28.2,28.3,28.5,28.7,28.6,28.8,28.6,28.2,28.0,27.7,27.6,27.3,27.4,27.3,27.2,27.2,27.2,27.1,27.3,27.2,27.2,27.1,27.2,27.3,27.3,27.2,27.2,27.2,27.3,27.1,27.1,27.2,27.2,27.3,27.1,27.2,27.2,27.3,27.1,27.2,27.2,27.0,27.3,27.2,27.2,27.3,27.2,27.1,27.2,27.0,27.1,27.1,26.9,27.1,27.1,27.2,27.3,27.2,27.1,27.2,27.2,27.1,27.3,27.2,27.0,27.2,27.1,27.2,27.1,27.1,27.1,27.1,27.0,27.0,27.1,27.1,27.0,27.0,26.9,27.0,27.0,26.9,27.0,26.9,26.8,27.1,27.1,27.2,27.2,27.3,27.2,27.2,27.3,27.6,27.9,28.2,28.2,28.2,27.9,28.0,28.2,28.2,28.0,27.9,27.5,27.5,27.3,27.5,27.7,27.6,27.6,27.7,27.7,27.6,27.8,27.9,27.9,27.9,27.9,27.7,27.9,28.0,27.8,27.9,27.9,27.9,27.6,27.8,27.8,27.8,27.8,27.8,27.9,27.9,27.7,27.7,27.8,27.6,27.8,27.7,27.6,27.8,27.5,27.6,27.7,27.5,27.7,27.7,27.6,27.7
163,28.5,28.6,28.5,28.7,28.7,28.6,28.7,28.6,29.0,28.6,28.6,28.7,28.7,28.7,28.8,28.7,28.7,28.8,28.8,28.7,28.9,28.7,28.9,28.8,28.9,28.9,28.9,28.7,28.9,28.9,29.0,28.9,29.1,29.1,29.1,29.1,29.0,29.0,28.9,28.5,28.4,27.8,27.9,28.1,28.4,28.3,28.3,28.4,28.2,28.0,27.9,27.7,27.5,27.5,27.4,27.2,27.5,27.2,27.4,27.2,27.2,27.2,27.2,27.3,27.4,27.2,27.3,27.2,27.3,27.1,27.1,27.3,27.1,27.1,27.2,27.2,27.0,27.0,27.0,27.1,27.2,27.2,27.3,27.1,27.2,27.2,27.2,27.4,27.1,27.1,27.0,27.3,27.2,27.1,27.0,27.2,27.2,27.2,27.2,27.2,27.2,27.1,27.0,27.2,27.2,27.2,27.1,27.0,27.1,27.3,27.0,27.2,27.2,27.3,27.1,27.2,27.1,27.1,26.9,27.0,27.1,27.0,27.0,27.0,27.0,26.9,27.0,27.0,27.0,27.3,27.4,27.0,27.3,27.2,27.1,27.3,27.8,28.1,28.1,28.5,28.4,28.3,28.3,28.1,27.9,27.7,27.4,27.5,27.5,27.5,27.5,27.5,27.7,27.7,27.9,27.6,27.6,27.7,27.6,27.8,28.0,27.8,27.9,27.8,27.9,27.9,27.9,27.8,27.7,27.7,27.9,27.9,27.7,27.8,27.8,27.9,27.7,27.8,27.6,27.7,27.7,27.7,27.7,27.6,27.7,27.7,27.6,27.6,27.5,27.5,27.7,27.6
164,28.5,28.5,28.5,28.6,28.6,28.6,28.9,28.7,28.7,28.7,28.7,28.7,28.5,28.6,28.7,28.8,28.7,28.8,28.9,28.8,28.9,28.9,28.8,28.8,28.9,28.9,28.9,28.9,28.9,28.9,28.9,28.8,29.1,29.0,28.9,29.1,29.0,29.1,28.8,28.6,28.3,28.0,27.8,27.7,28.0,28.0,27.9,27.9,27.9,27.7,27.6,27.6,27.4,27.4,27.3,27.5,27.2,27.3,27.4,27.4,27.3,27.2,27.2,27.4,27.4,27.3,27.2,27.2,27.2,27.2,27.0,27.2,27.2,27.2,27.0,27.0,27.2,27.0,27.2,27.1,26.9,27.2,27.1,27.2,27.1,27.2,27.1,27.1,27.2,27.1,27.1,27.1,27.1,27.2,27.2,27.2,27.2,27.2,27.1,27.1,27.2,27.2,27.2,27.2,27.2,27.2,27.1,27.1,27.0,27.2,27.3,27.2,27.5,27.4,27.3,27.2,27.2,27.2,27.0,27.0,27.0,27.0,27.0,27.0,26.9,27.0,27.0,26.9,27.1,27.2,27.0,27.2,27.1,27.1,27.1,27.3,27.5,27.8,27.9,28.0,28.3,28.0,28.0,27.9,27.6,27.4,27.2,27.4,27.3,27.5,27.4,27.7,27.6,27.5,27.6,27.7,27.5,27.6,27.8,27.8,27.6,27.8,27.9,27.7,27.7,27.6,27.7,27.8,27.7,27.7,27.8,27.8,27.6,27.7,27.8,27.7,27.6,27.7,27.5,27.7,27.7,27.7,27.9,27.6,27.5,27.5,27.6,27.7,27.5,27.7,27.5,27.7
165,28.6,28.7,28.7,28.6,28.7,28.5,28.7,28.7,28.6,28.7,28.7,28.9,28.7,28.8,28.8,28.9,28.8,28.8,28.8,28.8,28.8,28.9,28.9,28.9,28.8,28.9,28.9,28.9,29.1,29.1,28.9,28.9,28.9,29.0,29.2,29.1,29.0,28.8,28.8,28.4,28.2,27.8,27.7,27.7,27.7,27.8,27.8,27.7,27.6,27.5,27.6,27.6,27.4,27.4,27.3,27.3,27.5,27.2,27.4,27.3,27.4,27.3,27.4,27.6,27.4,27.3,27.3,27.5,27.2,27.2,27.2,27.2,27.1,27.1,27.1,27.1,27.2,27.0,27.1,27.1,27.1,27.4,27.3,27.3,27.1,27.2,27.2,27.2,27.2,27.2,27.1,27.2,27.2,27.1,27.2,27.2,27.1,27.2,27.2,27.2,27.2,27.0,27.2,27.1,27.2,27.4,27.2,27.1,27.3,27.0,27.4,27.5,27.8,27.7,27.6,27.5,27.1,27.1,26.9,27.1,27.1,27.0,27.0,27.2,26.9,26.9,27.0,27.1,27.1,26.9,27.2,27.1,27.2,27.2,27.1,27.2,27.1,27.3,27.6,27.8,27.7,27.5,27.7,27.6,27.5,27.3,27.2,27.1,27.2,27.2,27.5,27.7,27.5,27.5,27.5,27.5,27.7,27.7,27.7,27.8,27.8,27.9,27.9,27.6,27.9,27.8,27.8,27.9,27.7,27.8,27.8,27.8,27.8,27.8,27.8,27.6,27.7,27.7,27.7,27.9,27.7,27.5,27.6,27.6,27.7,27.6,27.5,27.6,27.5,27.5,27.7,27.7
166,28.7,28.5,28.7,28.6,28.6,28.6,28.8,28.6,28.6,28.7,28.7,28.7,28.8,28.6,28.7,28.9,28.7,28.7,28.7,28.8,28.8,28.8,28.9,29.0,28.9,29.0,28.7,28.9,28.9,29.0,29.0,29.1,28.9,29.0,29.0,29.1,29.0,29.0,28.9,28.4,28.1,27.9,27.8,27.7,27.6,27.7,27.6,27.5,27.5,27.6,27.6,27.5,27.4,27.5,27.4,27.4,27.5,27.5,27.3,27.5,27.3,27.3,27.2,27.4,27.2,27.4,27.2,27.3,27.1,27.2,27.1,27.1,27.0,27.1,27.1,27.1,27.1,26.9,27.0,27.1,27.0,27.1,27.2,27.2,27.3,27.3,27.2,27.2,27.2,27.5,27.3,27.3,27.3,27.2,27.2,27.3,27.3,27.4,27.3,27.2,27.4,27.2,27.1,27.3,27.1,27.1,27.0,27.2,27.1,27.2,27.5,27.7,28.0,27.9,27.8,27.5,27.3,27.1,27.0,27.0,27.1,26.9,27.0,27.0,27.0,27.0,27.1,27.1,27.0,27.0,27.0,27.0,27.0,27.0,27.0,27.1,27.1,27.0,27.3,27.3,27.5,27.4,27.2,27.4,27.2,27.0,27.1,27.1,27.2,27.4,27.4,27.4,27.7,27.6,27.7,27.6,27.7,27.7,27.8,27.7,27.7,27.9,27.8,27.7,27.8,27.9,27.9,27.9,27.8,27.8,27.8,27.8,27.9,27.7,27.7,27.6,27.8,27.8,27.5,27.7,27.7,27.6,27.8,27.8,27.7,27.5,27.7,27.5,27.5,27.6,27.6,27.6
167,28.5,28.7,28.7,28.6,28.6,28.9,28.6,28.5,28.6,28.8,28.5,28.7,28.7,28.9,28.8,28.9,28.9,28.8,28.8,28.9,28.9,28.9,28.9,29.0,29.0,28.9,29.0,28.9,29.0,29.0,29.0,29.0,29.1,29.1,29.1,29.3,29.2,29.1,28.9,28.5,28.2,27.9,27.7,27.7,27.4,27.7,27.6,27.5,27.6,27.4,27.5,27.5,27.5,27.4,27.3,27.2,27.4,27.7,27.4,27.3,27.5,27.5,27.2,27.5,27.3,27.2,27.1,27.1,27.2,27.2,27.2,27.2,27.0,27.1,27.2,27.1,27.1,27.1,27.0,27.1,27.0,27.2,27.2,27.3,27.4,27.4,27.3,27.3,27.2,27.4,27.4,27.5,27.4,27.1,27.4,27.5,27.2,27.3,27.2,27.3,27.3,27.3,27.2,27.2,27.1,27.2,27.1,27.2,27.1,27.2,27.4,27.8,27.7,28.0,27.7,27.5,27.2,27.3,26.8,27.0,26.9,27.0,26.8,27.1,26.8,27.0,27.1,27.0,26.9,27.0,26.9,27.0,27.0,26.8,26.9,27.0,27.0,27.1,27.0,27.1,27.1,27.1,27.0,27.0,26.9,26.7,27.0,27.0,27.2,27.2,27.3,27.6,27.5,27.7,27.6,27.6,27.6,27.8,27.5,27.8,27.7,27.8,27.7,27.8,27.8,27.7,27.8,27.8,27.7,27.8,27.8,27.8,27.7,27.8,27.7,27.7,27.9,27.6,27.6,27.8,27.6,27.6,27.7,27.6,27.7,27.6,27.7,27.6,27.6,27.6,27.6,27.5
168,28.6,28.6,28.7,28.5,28.5,28.5,28.5,28.5,28.7,28.6,28.8,28.7,28.7,28.7,28.7,28.7,28.9,28.7,28.7,28.9,28.9,29.0,28.9,29.0,28.7,28.8,28.9,28.9,28.9,29.0,28.9,29.1,29.0,28.9,29.0,29.0,29.0,28.9,28.8,28.8,28.3,28.0,27.9,27.6,27.8,27.7,27.6,27.7,27.7,27.4,27.7,27.4,27.3,27.4,27.2,27.4,27.5,27.3,27.4,27.2,27.3,27.2,27.2,27.3,27.3,27.2,27.2,27.0,27.0,27.0,27.0,27.2,27.1,27.2,27.2,27.1,27.4,27.2,27.2,27.3,27.2,27.2,27.2,27.5,27.5,27.5,27.5,27.7,27.5,27.6,27.3,27.6,27.7,27.6,27.5,27.4,27.2,27.5,27.5,27.2,27.2,27.2,27.3,27.4,27.2,27.2,27.2,27.1,27.2,27.3,27.5,27.7,27.6,27.7,27.5,27.5,27.2,27.1,27.0,27.0,27.1,27.1,27.0,27.1,27.1,27.0,27.1,27.0,27.0,27.0,27.0,27.0,26.9,27.1,26.8,26.8,27.1,27.0,27.1,27.0,26.9,27.0,27.1,27.1,26.9,26.8,27.0,27.1,27.1,27.2,27.3,27.4,27.4,27.4,27.4,27.7,27.7,27.6,27.7,27.7,27.7,27.6,27.7,27.7,27.9,27.8,27.9,27.7,27.7,27.9,27.8,27.7,27.7,27.8,27.7,27.8,27.5,27.8,27.6,27.7,27.6,27.7,27.7,27.7,27.5,27.7,27.6,27.7,27.7,27.5,27.7,27.7
169,28.7,28.7,28.7,28.6,28.5,28.7,28.6,28.9,28.7,28.7,28.7,28.9,28.8,28.6,29.0,28.8,28.9,28.8,28.9,28.8,28.8,28.9,28.9,28.9,28.9,29.0,29.0,29.1,29.0,28.9,29.0,29.1,29.1,29.2,29.1,29.0,28.9,29.0,28.7,28.7,28.3,28.0,27.9,27.6,27.6,27.5,27.6,27.4,27.3,27.5,27.3,27.4,27.3,27.4,27.3,27.4,27.3,27.3,27.3,27.2,27.2,27.2,27.0,27.3,27.1,27.0,27.1,27.1,27.1,27.1,27.0,27.3,27.1,27.3,27.4,27.2,27.2,27.3,27.5,27.2,27.4,27.4,27.4,27.5,27.5,27.6,27.4,27.7,27.8,27.9,27.7,27.6,27.6,27.9,27.9,28.1,27.9,27.8,27.5,27.3,27.6,27.3,27.5,27.5,27.5,27.2,27.5,27.2,27.3,27.4,27.5,27.6,27.5,27.4,27.5,27.4,27.3,27.3,27.1,27.0,27.1,27.2,27.1,27.1,27.0,27.1,27.1,26.9,27.0,27.1,27.0,27.1,27.1,27.1,27.0,27.1,27.1,27.1,26.8,26.9,27.1,27.0,26.9,27.0,26.9,26.8,26.8,27.0,27.2,27.2,27.4,27.4,27.3,27.4,27.6,27.6,27.6,27.7,27.8,27.7,27.7,27.8,27.7,27.8,27.7,27.6,27.7,27.8,27.6,27.7,27.9,27.9,27.8,27.9,27.9,27.7,27.9,27.8,27.7,27.7,27.7,27.6,27.6,27.5,27.6,27.6,27.7,27.7,27.5,27.7,27.6,27.6
170,28.6,28.6,28.7,28.7,28.7,28.6,28.8,28.7,28.7,28.7,28.6,28.6,28.9,29.0,29.0,28.8,28.9,28.9,28.8,29.0,29.0,29.0,28.9,29.0,29.0,29.0,28.9,28.9,29.1,29.1,29.1,29.0,28.9,29.1,29.1,29.1,29.1,28.9,28.8,28.7,28.4,28.0,27.9,27.7,27.5,27.4,27.5,27.3,27.3,27.3,27.4,27.4,27.2,27.3,27.3,27.2,27.2,27.2,27.0,27.2,27.2,27.2,27.2,27.0,27.3,27.2,26.9,26.9,27.0,27.2,27.2,27.4,27.5,27.2,27.3,27.3,27.3,27.3,27.5,27.5,27.4,27.4,27.5,27.5,27.6,27.6,27.6,27.7,27.7,27.9,27.7,27.8,27.9,28.3,28.4,28.7,28.3,28.1,27.7,27.5,27.7,27.6,27.6,27.5,27.5,27.5,27.4,27.2,27.2,27.4,27.4,27.5,27.5,27.4,27.5,27.3,27.3,27.0,27.0,27.1,27.1,26.9,27.1,27.0,27.1,27.0,27.0,27.0,26.9,27.1,27.0,27.1,26.9,27.1,27.0,27.1,27.1,26.9,27.0,27.2,27.2,26.8,26.9,27.0,27.0,26.9,27.0,27.0,27.4,27.3,27.4,27.4,27.5,27.4,27.6,27.7,27.7,27.7,27.8,27.8,27.7,27.7,27.7,27.6,27.8,27.7,27.9,27.8,27.9,27.9,27.8,27.8,28.0,27.9,27.8,27.7,27.6,27.7,27.6,27.7,27.7,27.7,27.6,27.5,27.7,27.8,27.8,27.5,27.7,27.6,27.5,27.5
171,28.7,28.6,28.7,28.6,28.8,28.6,28.7,28.7,28.6,28.7,28.7,28.8,28.7,28.7,28.9,29.0,29.0,28.7,29.1,29.0,29.0,28.8,29.0,29.0,29.0,29.1,29.0,29.1,29.1,28.9,29.0,29.1,29.0,29.0,29.1,29.0,29.0,29.1,29.0,28.8,28.4,28.3,27.9,27.6,27.5,27.3,27.4,27.4,27.4,27.5,27.4,27.3,27.2,27.3,27.4,27.2,27.5,27.3,27.0,27.2,27.3,27.2,27.1,27.2,27.1,27.3,27.0,27.0,27.0,27.2,27.4,27.6,27.6,27.7,27.4,27.4,27.4,27.3,27.4,27.5,27.5,27.5,27.6,27.4,27.6,27.5,27.7,27.7,27.7,27.7,27.7,27.7,28.0,28.4,28.5,28.9,28.6,28.4,28.0,27.8,27.6,27.6,27.6,27.6,27.5,27.5,27.5,27.5,27.3,27.3,27.4,27.6,27.5,27.5,27.6,27.4,27.2,27.0,27.0,27.0,27.1,27.1,27.0,27.2,27.0,27.1,27.0,27.0,27.0,27.1,26.8,27.0,27.0,26.8,27.0,27.0,27.0,27.0,26.9,26.8,27.0,26.8,26.8,26.8,26.9,26.8,26.8,26.9,27.1,27.2,27.3,27.5,27.4,27.4,27.6,27.5,27.6,27.5,27.7,27.7,27.5,27.8,27.8,27.7,27.7,27.6,27.8,27.7,27.7,27.7,27.8,27.8,27.7,27.8,27.7,27.8,27.7,27.7,27.8,27.6,27.7,27.6,27.8,27.7,27.7,27.7,27.6,27.5,27.5,27.6,27.7,27.5
172,28.5,28.6,28.6,28.7,28.8,28.5,28.7,28.7,28.8,28.7,28.8,28.9,28.7,28.7,28.8,28.9,29.0,28.9,28.8,28.9,28.8,29.0,29.0,29.0,28.9,29.0,28.9,29.0,29.1,29.1,29.1,29.1,29.0,29.1,29.0,29.3,28.9,29.1,29.1,28.9,28.6,28.1,27.9,27.5,27.4,27.3,27.3,27.1,27.4,27.4,27.3,27.2,27.2,27.3,27.2,27.3,27.3,27.3,27.2,27.2,27.2,27.0,27.1,27.1,27.1,27.1,27.2,27.2,27.2,27.4,27.3,27.5,27.6,27.8,27.6,27.5,27.2,27.4,27.4,27.4,27.3,27.4,27.4,27.3,27.5,27.4,27.7,27.7,27.8,27.8,28.0,27.9,28.3,28.2,28.6,28.9,28.5,28.4,28.1,27.7,27.6,27.6,27.7,27.6,27.5,27.6,27.5,27.2,27.3,27.2,27.3,27.4,27.4,27.5,27.4,27.3,27.2,27.2,27.1,27.1,27.1,27.3,27.1,27.2,27.0,26.9,27.1,26.9,27.0,27.0,27.0,26.9,27.0,27.0,27.0,26.8,26.9,26.9,26.7,26.8,26.9,26.9,26.8,26.8,26.8,26.8,26.8,27.0,27.2,27.2,27.4,27.3,27.3,27.4,27.2,27.5,27.5,27.7,27.7,27.7,27.7,27.7,27.7,27.5,27.8,27.8,27.8,27.7,27.9,27.6,27.7,27.8,27.8,27.8,27.8,27.7,27.8,27.7,27.6,27.7,27.5,27.7,27.5,27.7,27.7,27.7,27.7,27.6,27.5,27.7,27.7,27.6
173,28.6,28.7,28.7,28.7,28.7,28.6,28.7,28.9,28.6,28.9,28.8,28.8,28.9,28.7,28.9,29.0,28.9,28.9,28.8,29.1,29.0,28.9,28.8,29.0,29.0,29.3,29.1,29.1,28.9,28.9,29.1,29.0,29.1,29.1,29.2,29.1,29.0,29.0,28.9,28.8,28.4,28.1,27.7,27.5,27.4,27.5,27.3,27.3,27.1,27.3,27.3,27.3,27.3,27.3,27.3,27.4,27.4,27.3,27.1,27.3,27.1,27.2,27.2,27.2,27.1,27.2,27.3,27.3,27.2,27.3,27.6,27.4,27.8,27.8,27.4,27.2,27.3,27.5,27.2,27.5,27.4,27.5,27.5,27.3,27.3,27.4,27.7,27.6,27.8,27.7,27.7,27.9,28.0,28.2,28.4,28.6,28.4,28.1,27.9,27.5,27.7,27.7,27.6,27.6,27.5,27.4,27.4,27.2,27.4,27.4,27.4,27.5,27.5,27.6,27.6,27.3,27.2,27.1,27.0,27.0,27.1,27.0,27.1,27.1,27.0,27.0,27.0,27.0,27.0,27.1,27.2,27.1,27.0,26.8,27.0,27.1,27.0,26.9,26.8,26.9,26.8,26.9,26.6,26.8,26.9,26.6,27.0,27.0,27.0,27.0,27.2,27.1,27.2,27.3,27.3,27.5,27.4,27.6,27.5,27.6,27.6,27.7,27.7,27.7,27.8,27.7,27.5,27.6,27.6,27.6,27.7,27.8,27.6,27.8,27.7,27.5,27.6,27.6,27.6,27.5,27.6,27.5,27.6,27.7,27.4,27.6,27.4,27.6,27.7,27.4,27.7,27.7
174,28.6,28.7,28.7,28.7,28.7,28.7,28.6,28.8,28.8,28.6,28.7,28.7,28.7,28.9,28.8,28.9,28.8,29.0,28.9,29.0,28.9,29.1,29.0,28.9,29.1,29.1,29.0,29.1,29.1,29.2,29.1,29.3,29.2,29.0,29.1,29.2,28.9,28.9,28.9,28.6,28.4,28.3,27.7,27.5,27.4,27.5,27.3,27.4,27.3,27.3,27.1,27.3,27.3,27.2,27.3,27.5,27.2,27.2,27.2,27.1,27.2,26.9,27.1,27.2,27.3,27.2,27.2,27.2,27.3,27.3,27.5,27.7,27.9,27.9,27.4,27.4,27.3,27.3,27.3,27.3,27.5,27.3,27.5,27.3,27.3,27.5,27.5,27.7,27.7,27.6,27.7,27.7,27.8,28.1,28.1,28.2,28.0,27.9,27.7,27.5,27.5,27.3,27.5,27.4,27.5,27.4,27.2,27.2,27.2,27.3,27.2,27.4,27.4,27.5,27.3,27.3,27.3,27.2,27.0,27.1,27.3,27.2,27.2,27.2,27.0,27.1,27.0,27.2,27.0,26.9,27.1,27.0,26.9,27.0,26.9,27.2,26.9,27.0,26.8,26.8,26.9,26.7,26.7,26.8,26.7,26.8,27.0,26.9,27.1,27.0,27.5,27.3,27.3,27.3,27.5,27.4,27.6,27.5,27.5,27.6,27.7,27.7,27.7,27.5,27.7,27.8,27.7,27.7,27.5,27.7,27.7,27.7,27.8,27.7,27.7,27.7,27.7,27.7,27.7,27.6,27.6,27.4,27.6,27.5,27.7,27.6,27.7,27.6,27.6,27.5,27.7,27.5
175,28.5,28.5,28.5,28.6,28.7,28.6,28.8,28.6,28.7,28.8,28.8,28.7,28.7,28.8,28.9,28.9,28.9,28.8,28.9,29.0,28.9,28.9,28.9,29.0,29.1,28.9,29.2,29.0,29.1,29.0,29.1,29.0,28.9,28.9,29.1,29.0,29.0,28.9,28.9,28.7,28.3,28.0,27.7,27.4,27.4,27.4,27.4,27.3,27.1,27.2,27.3,27.3,27.5,27.3,27.4,27.2,27.3,27.1,27.3,27.1,27.3,27.2,27.3,27.1,27.3,27.3,27.0,27.3,27.2,27.6,27.6,27.6,27.8,27.8,27.7,27.5,27.5,27.5,27.3,27.3,27.2,27.3,27.5,27.3,27.3,27.4,27.5,27.6,27.5,27.6,27.6,27.9,27.9,27.8,28.0,28.1,28.0,27.8,27.5,27.5,27.4,27.3,27.4,27.3,27.2,27.3,27.2,27.3,27.2,27.2,27.2,27.3,27.3,27.2,27.2,27.2,27.3,27.3,27.1,27.0,27.1,27.1,27.0,27.1,27.0,27.0,27.0,27.1,26.8,27.0,27.1,26.9,27.0,27.1,27.0,27.1,26.8,27.0,27.0,26.8,26.8,27.0,27.0,27.1,27.0,26.9,26.9,27.0,27.2,27.2,27.4,27.4,27.1,27.3,27.4,27.4,27.4,27.6,27.7,27.6,27.6,27.6,27.7,27.7,27.7,27.7,27.7,27.6,27.6,27.7,27.5,27.7,27.6,27.7,27.7,27.7,27.7,27.7,27.7,27.7,27.4,27.5,27.6,27.6,27.5,27.6,27.5,27.7,27.6,27.6,27.6,27.7
176,28.5,28.6,28.7,28.7,28.8,28.7,28.8,28.8,28.8,28.7,28.7,28.8,28.7,28.9,29.0,28.9,29.0,28.8,28.9,28.9,29.0,28.9,29.0,28.9,28.9,29.0,29.0,29.0,29.1,28.9,28.9,29.1,29.2,29.1,28.9,29.1,28.9,29.0,28.7,28.6,28.3,28.2,27.7,27.4,27.3,27.4,27.3,27.3,27.3,27.2,27.3,27.4,27.4,27.4,27.3,27.3,27.4,27.3,27.2,27.2,27.2,27.2,27.4,27.1,27.3,27.1,27.1,27.2,27.3,27.6,27.7,27.7,28.0,27.7,27.6,27.7,27.3,27.5,27.2,27.2,27.2,27.1,27.3,27.2,27.1,27.2,27.4,27.3,27.3,27.4,27.3,27.5,27.5,27.8,27.8,28.0,27.6,27.6,27.3,27.2,27.2,27.2,27.2,27.2,27.2,27.1,27.1,27.0,27.0,27.1,27.0,27.1,27.1,27.2,27.4,27.6,27.4,27.5,27.2,27.1,27.0,26.8,26.8,27.0,26.9,27.0,26.8,27.0,26.9,27.0,27.0,27.0,26.9,26.9,27.0,27.1,27.0,26.9,26.7,27.0,27.0,26.9,27.3,27.2,27.2,27.0,26.9,27.1,27.1,27.2,27.1,27.2,27.2,27.4,27.3,27.5,27.4,27.5,27.6,27.7,27.6,27.6,27.7,27.7,27.7,27.7,27.6,27.8,27.7,27.5,27.5,27.5,27.7,27.7,27.6,27.6,27.7,27.6,27.6,27.5,27.4,27.6,27.5,27.6,27.5,27.5,27.5,27.5,27.5,27.6,27.7,27.6
177,28.6,28.7,28.6,28.6,28.7,28.7,28.6,28.7,28.7,28.9,28.6,28.9,28.7,28.7,28.8,28.9,28.8,28.9,29.1,28.9,29.1,29.0,28.9,29.0,29.2,28.9,29.0,29.1,29.1,29.0,29.2,29.1,29.1,29.1,29.1,29.1,29.2,29.0,28.9,28.7,28.4,28.0,27.7,27.5,27.2,27.3,27.3,27.4,27.1,27.3,27.3,27.2,27.3,27.2,27.4,27.2,27.2,27.2,27.2,27.2,27.3,27.2,27.2,27.1,27.2,27.2,27.3,27.3,27.2,27.4,27.6,27.9,27.9,27.9,27.6,27.5,27.4,27.3,27.3,27.4,27.1,27.0,27.0,27.2,27.0,27.0,27.0,27.2,27.1,27.3,27.2,27.3,27.2,27.3,27.5,27.5,27.4,27.3,27.3,27.2,27.0,27.0,27.0,27.1,27.0,27.0,27.0,26.9,26.8,26.9,26.8,26.9,26.8,27.1,27.4,27.7,27.9,27.7,27.4,27.0,27.1,26.9,27.1,26.8,27.0,26.7,26.9,26.9,26.7,26.9,27.0,26.9,27.0,26.8,27.0,26.8,26.9,26.8,26.8,26.8,26.9,27.0,27.1,27.1,27.1,27.0,27.0,27.0,27.2,27.2,27.3,27.3,27.3,27.3,27.4,27.4,27.5,27.5,27.5,27.6,27.5,27.7,27.8,27.5,27.7,27.8,27.7,27.7,27.8,27.6,27.7,27.7,27.8,27.8,27.8,27.7,27.9,27.7,27.6,27.6,27.6,27.7,27.7,27.8,27.7,27.6,27.6,27.7,27.6,27.4,27.6,27.5
178,28.6,28.7,28.6,28.7,28.8,28.8,28.7,28.5,28.7,28.6,28.8,28.9,28.8,28.8,28.8,28.9,28.9,28.8,29.0,28.9,29.0,28.9,29.1,28.9,29.0,29.1,29.1,29.1,29.2,29.1,29.1,29.2,29.2,29.0,29.1,29.1,29.1,29.1,28.9,28.8,28.4,28.1,27.6,27.5,27.3,27.4,27.4,27.2,27.2,27.2,27.3,27.2,27.4,27.3,27.2,27.3,27.4,27.2,27.3,27.4,27.2,27.2,27.2,27.2,27.4,27.2,27.3,27.1,27.4,27.4,27.7,27.9,28.0,27.8,27.6,27.4,27.5,27.3,27.2,27.3,27.1,27.0,26.8,27.0,26.9,27.0,27.1,27.2,27.2,27.2,27.1,27.2,27.2,27.2,27.2,27.5,27.2,27.1,26.9,26.9,27.0,27.0,26.9,26.9,27.0,27.0,26.8,27.0,26.8,26.9,26.8,26.9,26.8,27.1,27.4,27.4,27.6,27.7,27.4,27.0,27.0,26.7,26.8,26.7,26.7,26.7,26.4,26.6,26.6,26.8,26.7,26.7,26.6,26.7,26.7,27.0,26.7,26.7,26.6,26.7,26.7,26.8,26.9,27.0,27.2,26.9,26.8,26.9,26.9,27.3,27.2,27.3,27.3,27.2,27.3,27.4,27.4,27.4,27.6,27.6,27.7,27.6,27.7,27.6,27.7,27.6,27.7,27.9,27.8,27.7,27.6,27.6,27.7,27.8,27.7,27.8,27.7,27.7,27.7,27.8,27.8,27.6,27.7,27.6,27.6,27.7,27.5,27.7,27.5,27.5,27.6,27.5
179,28.6,28.5,28.7,28.7,28.6,28.7,28.7,28.9,28.9,28.7,28.8,28.8,28.8,28.8,28.7,28.9,28.9,28.8,29.0,28.8,29.1,28.9,29.0,28.9,29.1,29.2,29.1,29.1,28.8,29.1,29.1,29.1,29.1,29.0,29.0,29.2,29.0,28.9,29.0,28.8,28.3,28.1,27.6,27.5,27.4,27.4,27.4,27.3,27.4,27.3,27.4,27.4,27.4,27.5,27.3,27.4,27.4,27.4,27.3,27.2,27.2,27.2,27.2,27.3,27.3,27.3,27.4,27.1,27.3,27.3,27.6,27.7,28.0,27.7,27.6,27.5,27.5,27.3,27.2,27.3,27.1,26.9,26.8,26.9,27.0,26.9,27.0,27.2,26.8,27.0,27.2,27.1,27.1,27.2,27.2,27.2,27.2,27.0,26.9,26.9,27.0,26.7,26.9,27.0,26.9,26.7,26.8,26.9,26.7,26.6,26.8,26.8,26.8,27.0,27.1,27.5,27.7,27.4,27.3,26.8,26.5,26.6,26.7,26.7,26.6,26.6,26.6,26.7,26.7,26.6,26.7,26.7,26.7,26.8,26.7,26.6,26.8,26.6,26.6,26.6,26.7,26.6,26.7,26.8,26.9,26.7,26.9,27.2,27.0,27.2,27.3,27.2,27.2,27.4,27.3,27.4,27.5,27.5,27.5,27.6,27.5,27.6,27.7,27.5,27.8,27.7,27.7,27.7,27.5,27.7,27.6,27.7,27.7,27.8,27.8,27.7,27.7,27.8,27.5,27.9,27.8,27.7,27.7,27.7,27.4,27.6,27.6,27.5,27.3,27.5,27.6,27.8
180,28.6,28.6,28.5,28.7,28.8,28.7,28.6,28.9,28.7,28.7,28.9,28.7,28.8,28.8,29.0,28.9,28.9,29.1,28.9,29.1,29.2,29.1,29.0,29.2,29.2,29.1,29.2,29.1,29.1,29.1,29.3,29.1,29.2,29.1,29.0,29.0,29.1,29.0,28.8,28.7,28.4,28.3,27.7,27.4,27.5,27.5,27.6,27.2,27.6,27.4,27.5,27.4,27.5,27.5,27.3,27.5,27.5,27.3,27.5,27.4,27.3,27.2,27.4,27.4,27.2,27.4,27.3,27.3,27.4,27.4,27.7,27.8,28.1,28.1,27.7,27.7,27.6,27.5,27.5,27.2,27.0,27.0,26.9,26.9,27.0,26.9,27.0,27.1,27.0,27.2,27.0,27.0,27.1,27.1,27.1,27.1,27.0,27.0,27.0,26.9,26.8,26.8,26.8,26.9,26.8,27.0,26.9,26.8,26.8,26.6,26.8,26.8,27.0,27.0,27.4,27.6,27.5,27.4,27.0,26.8,26.8,26.7,26.4,26.7,26.7,26.5,26.5,26.5,26.6,26.5,26.6,26.8,26.6,26.6,26.8,26.7,26.6,26.6,26.6,26.6,26.7,26.7,26.6,26.7,26.6,26.7,27.0,27.0,27.1,27.2,27.2,27.5,27.4,27.3,27.2,27.5,27.4,27.4,27.5,27.5,27.5,27.6,27.6,27.8,27.7,27.7,27.7,27.7,27.6,27.8,27.8,27.6,27.8,27.7,27.8,27.5,27.7,27.7,27.8,27.7,27.8,27.6,27.8,27.7,27.7,27.7,27.7,27.7,27.6,27.6,27.7,27.5
181,28.6,28.6,28.7,28.5,28.6,28.6,28.7,28.6,28.8,28.9,28.8,28.8,28.8,28.9,28.8,29.0,29.1,28.7,29.0,29.0,29.0,29.3,28.9,29.1,29.1,29.2,29.1,29.1,29.1,29.0,29.1,29.1,29.3,29.1,29.2,29.1,29.0,29.0,29.0,28.8,28.3,28.0,27.7,27.4,27.4,27.4,27.3,27.4,27.3,27.2,27.2,27.4,27.5,27.2,27.4,27.4,27.4,27.4,27.4,27.3,27.3,27.1,27.2,27.1,27.3,27.2,27.2,27.2,27.3,27.6,27.9,27.7,28.0,27.9,27.5,27.7,27.5,27.4,27.4,27.3,27.1,27.0,26.8,26.8,26.8,26.8,26.9,27.0,27.0,27.0,26.8,26.8,26.9,26.9,26.9,27.1,27.0,26.9,26.8,26.7,27.0,26.6,26.6,26.9,26.8,26.8,26.7,26.6,26.6,26.7,26.6,26.7,27.0,27.1,27.3,27.3,27.3,27.2,27.0,26.8,26.6,26.6,26.6,26.7,26.5,26.6,26.6,26.6,26.6,26.6,26.5,26.6,26.7,26.6,26.6,26.6,26.5,26.7,26.5,26.6,26.5,26.5,26.6,26.6,26.6,26.6,26.7,26.8,27.0,27.0,27.2,27.3,27.4,27.1,27.5,27.5,27.5,27.5,27.5,27.6,27.6,27.7,27.5,27.5,27.7,27.7,27.7,27.7,27.8,27.8,27.7,27.7,27.7,27.8,27.8,27.7,27.7,27.7,27.6,27.6,27.8,27.6,27.5,27.9,27.5,27.6,27.6,27.5,27.6,27.6,27.7,27.7
182,28.5,28.6,28.5,28.7,28.7,28.7,28.6,28.7,28.7,28.7,28.8,28.7,28.8,28.8,28.9,28.9,28.9,28.9,29.0,28.9,29.0,29.0,29.0,29.1,29.0,29.0,29.3,29.0,29.2,29.1,29.3,29.2,29.1,29.2,29.3,29.0,29.0,29.1,29.0,28.9,28.4,28.1,27.9,27.6,27.3,27.5,27.4,27.5,27.4,27.2,27.6,27.5,27.2,27.4,27.3,27.5,27.3,27.4,27.2,27.3,27.4,27.2,27.1,27.2,27.3,27.3,27.3,27.3,27.3,27.5,27.7,27.8,28.0,27.9,27.7,27.7,27.5,27.4,27.3,27.3,27.0,26.7,26.9,26.8,27.0,27.0,27.0,26.9,27.0,26.9,26.8,26.9,27.0,26.8,27.0,27.1,26.9,27.0,26.8,26.8,26.9,26.8,26.9,26.9,26.7,26.8,26.7,26.8,26.8,26.6,26.7,26.7,26.9,27.0,27.0,27.1,27.2,27.1,26.8,26.6,26.8,26.7,26.7,26.5,26.7,26.7,26.7,26.4,26.7,26.6,26.7,26.6,26.6,26.6,26.6,26.6,26.5,26.6,26.7,26.5,26.6,26.5,26.6,26.6,26.5,26.6,26.6,26.9,27.0,26.9,27.2,27.2,27.4,27.3,27.3,27.5,27.3,27.5,27.5,27.4,27.5,27.8,27.5,27.7,27.7,27.6,27.8,27.8,27.7,27.7,27.8,27.8,27.7,27.8,27.9,27.7,27.6,27.7,27.7,27.7,27.5,27.8,27.6,27.6,27.5,27.7,27.5,27.5,27.7,27.4,27.7,27.7
183,28.4,28.6,28.7,28.6,28.6,28.5,28.6,28.7,28.8,28.6,28.7,28.9,28.7,28.8,28.9,28.9,28.8,29.0,28.9,28.9,29.1,29.1,29.0,28.8,29.0,29.1,29.1,29.0,29.1,29.0,29.0,29.0,29.1,28.9,29.0,29.1,29.0,28.9,28.9,28.7,28.3,28.2,27.7,27.4,27.4,27.5,27.5,27.2,27.4,27.3,27.5,27.2,27.5,27.4,27.4,27.5,27.5,27.3,27.4,27.3,27.4,27.2,27.4,27.2,27.4,27.3,27.3,27.4,27.1,27.6,27.6,27.7,27.9,27.8,27.9,27.6,27.5,27.5,27.4,27.3,27.1,27.0,27.0,27.0,27.0,27.0,26.8,27.0,27.0,27.0,26.8,26.8,26.9,27.0,26.8,26.9,26.8,26.8,26.8,26.8,27.0,26.8,26.8,26.7,26.8,26.8,26.8,26.8,26.6,26.6,26.7,26.8,27.0,27.0,27.0,27.2,27.1,27.0,26.7,26.8,26.6,26.6,26.8,26.6,26.5,26.6,26.6,26.8,26.6,26.5,26.6,26.7,26.6,26.5,26.6,26.6,26.7,26.7,26.5,26.6,26.6,26.5,26.4,26.6,26.7,26.6,26.7,26.8,27.0,27.0,27.2,27.2,27.3,27.0,27.4,27.3,27.5,27.4,27.4,27.6,27.5,27.5,27.6,27.6,27.6,27.5,27.8,27.8,27.4,27.6,27.6,27.7,27.6,27.7,27.7,27.6,27.6,27.6,27.6,27.7,27.7,27.6,27.6,27.7,27.6,27.6,27.5,27.5,27.5,27.5,27.6,27.6
184,28.5,28.6,28.6,28.6,28.6,28.5,28.6,28.6,28.6,28.6,28.7,28.7,28.7,28.9,29.1,28.9,28.9,28.8,28.9,29.0,29.0,29.0,29.1,29.1,29.0,29.0,28.9,28.9,29.0,28.9,29.1,29.0,29.2,29.1,29.1,29.2,28.9,29.0,29.0,28.7,28.3,28.0,27.8,27.6,27.6,27.4,27.3,27.4,27.2,27.3,27.3,27.4,27.4,27.4,27.3,27.4,27.2,27.4,27.3,27.5,27.2,27.1,27.1,27.2,27.1,27.2,27.5,27.2,27.5,27.4,27.7,27.8,27.9,27.8,27.8,27.6,27.5,27.4,27.3,27.1,27.1,27.0,26.8,26.8,26.7,26.8,26.9,27.1,26.8,27.0,26.8,26.9,27.0,26.8,27.0,27.0,26.8,26.7,26.8,26.7,26.8,26.8,26.7,26.6,26.7,26.8,26.6,26.8,26.6,26.7,26.7,26.8,27.0,27.0,27.0,27.0,27.0,27.0,26.8,26.5,26.6,26.7,26.6,26.7,26.7,26.6,26.6,26.7,26.5,26.5,26.6,26.8,26.7,26.6,26.6,26.5,26.6,26.6,26.6,26.6,26.7,26.4,26.4,26.6,26.6,26.5,26.8,26.8,26.9,26.9,27.0,27.2,27.2,27.1,27.4,27.3,27.4,27.5,27.3,27.5,27.6,27.6,27.5,27.5,27.5,27.5,27.8,27.6,27.6,27.6,27.8,27.7,27.6,27.6,27.6,27.6,27.5,27.6,27.7,27.6,27.7,27.6,27.7,27.6,27.5,27.4,27.6,27.7,27.7,27.5,27.7,27.5
185,28.8,28.6,28.6,28.5,28.5,28.6,28.5,28.8,28.7,28.7,28.8,28.7,28.8,29.0,28.8,29.0,28.7,29.1,29.0,28.7,28.9,28.9,29.1,28.9,29.1,29.2,29.0,29.0,29.1,29.1,29.1,29.0,29.2,29.0,29.0,29.0,29.1,28.9,28.9,28.7,28.4,28.2,27.6,27.4,27.4,27.5,27.5,27.4,27.4,27.5,27.2,27.5,27.5,27.4,27.4,27.3,27.3,27.2,27.4,27.4,27.4,27.3,27.2,27.4,27.4,27.3,27.3,27.3,27.3,27.6,27.7,27.7,28.1,27.7,27.5,27.4,27.4,27.4,27.2,27.2,27.1,26.7,27.1,27.0,27.0,26.8,27.0,26.8,27.1,27.0,26.7,26.8,27.0,26.9,27.0,26.9,26.9,26.9,26.8,27.0,26.8,26.8,26.8,26.8,26.8,26.8,27.0,26.8,26.7,26.7,26.6,26.8,27.0,27.0,26.9,27.0,27.0,27.0,26.7,26.6,26.7,26.7,26.8,26.7,26.6,26.7,26.6,26.7,26.6,26.6,27.0,26.6,26.7,26.6,26.7,26.5,26.7,26.5,26.6,26.5,26.7,26.4,26.6,26.6,26.5,26.8,26.8,26.7,26.9,26.9,27.3,27.1,27.3,27.2,27.3,27.3,27.5,27.4,27.4,27.4,27.5,27.6,27.7,27.5,27.6,27.5,27.7,27.8,27.7,27.8,27.5,27.7,27.7,27.7,27.6,27.8,27.6,27.7,27.6,27.7,27.5,27.8,27.8,27.7,27.7,27.6,27.6,27.5,27.6,27.7,27.7,27.4
186,28.5,28.5,28.6,28.7,28.5,28.5,28.7,28.5,28.6,28.5,28.6,28.7,28.8,28.7,28.8,28.8,28.7,28.8,28.8,28.9,28.9,28.9,29.1,28.9,29.0,29.1,29.0,29.0,29.1,29.1,28.9,29.0,28.9,28.8,29.0,28.9,28.9,28.9,28.8,28.8,28.3,28.0,27.7,27.4,27.4,27.3,27.2,27.4,27.4,27.4,27.5,27.4,27.3,27.3,27.4,27.5,27.2,27.1,27.3,27.4,27.2,27.4,27.4,27.3,27.4,27.2,27.2,27.3,27.5,27.5,27.8,27.9,27.9,27.8,27.7,27.2,27.5,27.3,27.1,27.2,27.1,27.0,27.0,26.9,26.7,27.0,27.0,26.9,26.7,26.9,26.7,27.0,26.8,26.8,27.0,26.8,26.7,26.8,26.7,26.8,26.7,26.6,26.8,26.8,26.8,26.9,26.8,27.0,26.7,26.7,26.8,27.0,26.8,27.0,27.1,27.1,27.1,26.9,26.6,26.7,26.6,26.5,26.6,26.6,26.7,26.6,26.6,26.6,26.6,26.7,26.3,26.6,26.6,26.8,26.5,26.5,26.5,26.6,26.6,26.5,26.6,26.4,26.5,26.7,26.7,26.6,26.6,26.9,26.8,26.9,27.3,27.2,27.3,27.3,27.2,27.5,27.3,27.4,27.5,27.4,27.7,27.5,27.6,27.6,27.6,27.5,27.6,27.9,27.7,27.7,27.7,27.6,27.6,27.8,27.4,27.6,27.5,27.5,27.6,27.6,27.6,27.7,27.7,27.7,27.7,27.7,27.5,27.5,27.4,27.4,27.6,27.4
187,28.4,28.5,28.5,28.5,28.6,28.4,28.4,28.7,28.8,28.7,28.7,28.7,28.7,28.8,28.9,28.9,28.8,28.8,28.8,29.0,29.0,29.0,29.1,28.9,29.1,29.1,29.2,29.0,29.1,29.1,29.1,29.0,29.1,28.9,29.0,28.9,29.0,28.9,28.8,28.7,28.5,28.2,27.7,27.5,27.3,27.4,27.2,27.4,27.3,27.2,27.4,27.4,27.3,27.6,27.4,27.5,27.1,27.5,27.4,27.3,27.2,27.2,27.2,27.0,27.4,27.3,27.4,27.2,27.3,27.3,27.7,27.9,27.6,27.8,27.5,27.4,27.3,27.5,27.3,27.1,27.1,26.8,26.8,27.1,26.9,27.0,27.0,27.1,27.0,27.0,26.8,26.8,26.7,26.8,26.8,26.8,26.7,26.8,26.6,26.6,26.9,26.6,26.7,26.8,26.8,26.8,26.8,26.8,26.8,26.8,26.8,26.8,26.9,27.1,27.0,27.1,27.2,27.2,26.9,26.7,26.8,26.7,26.6,26.6,26.6,26.6,26.6,26.7,26.7,26.6,26.4,26.8,26.6,26.7,26.6,26.8,26.5,26.8,26.6,26.8,26.6,26.8,26.7,26.5,26.5,26.7,26.7,26.7,26.9,26.9,27.2,27.2,27.1,27.2,27.2,27.3,27.4,27.4,27.6,27.4,27.5,27.7,27.5,27.6,27.7,27.6,27.7,27.5,27.6,27.7,27.9,27.7,27.7,27.7,27.7,27.7,27.7,27.6,27.7,27.6,27.5,27.5,27.6,27.5,27.5,27.6,27.5,27.5,27.4,27.6,27.7,27.4
188,28.5,28.5,28.7,28.5,28.6,28.6,28.5,28.6,28.9,28.6,28.7,28.9,28.7,28.6,28.7,28.9,28.8,28.9,28.8,28.8,28.8,29.0,29.0,28.9,28.9,29.0,29.1,28.8,29.1,29.2,29.0,29.1,29.1,29.1,29.1,29.0,29.0,28.9,28.9,28.7,28.3,28.1,27.6,27.4,27.3,27.3,27.5,27.3,27.4,27.5,27.4,27.6,27.3,27.3,27.5,27.4,27.4,27.3,27.4,27.3,27.4,27.2,27.4,27.3,27.3,27.3,27.2,27.4,27.1,27.6,27.6,27.6,27.6,27.7,27.5,27.3,27.4,27.2,27.1,27.0,27.1,27.0,27.0,27.0,26.8,26.8,26.9,26.9,27.0,26.8,26.8,27.0,27.0,26.9,26.9,26.6,26.8,26.8,26.7,26.7,26.9,26.9,26.7,26.9,26.9,26.8,27.0,26.7,26.7,26.6,26.8,26.9,26.9,27.0,27.0,27.1,27.2,27.0,27.0,26.7,26.7,26.5,26.7,26.7,26.6,26.6,26.8,26.6,26.6,26.6,26.5,26.5,26.6,26.6,26.6,26.7,26.6,26.5,26.7,26.8,26.7,26.6,26.6,26.7,26.6,26.6,26.7,26.8,27.0,27.0,27.0,27.1,27.1,27.2,27.3,27.2,27.3,27.4,27.5,27.4,27.4,27.5,27.4,27.3,27.5,27.5,27.5,27.6,27.7,27.7,27.7,27.6,27.5,27.7,27.6,27.6,27.7,27.7,27.6,27.6,27.7,27.7,27.5,27.6,27.7,27.7,27.6,27.7,27.6,27.5,27.7,27.6
189,28.7,28.6,28.5,28.5,28.5,28.6,28.7,28.6,28.6,28.7,28.8,28.8,28.7,28.8,28.8,28.7,28.9,28.8,28.9,28.9,28.9,29.0,28.9,28.9,29.0,28.9,28.9,29.0,29.1,28.9,28.9,28.9,29.0,28.9,28.8,29.1,28.9,28.9,28.9,28.6,28.3,27.9,27.7,27.4,27.4,27.4,27.3,27.6,27.4,27.4,27.4,27.3,27.4,27.5,27.4,27.5,27.3,27.5,27.4,27.4,27.2,27.4,27.2,27.4,27.1,27.4,27.4,27.3,27.3,27.4,27.6,27.7,27.9,27.6,27.4,27.3,27.4,27.2,27.2,27.1,27.1,27.1,27.0,26.9,26.8,26.9,27.0,27.0,26.9,26.7,26.8,26.9,26.8,26.8,26.8,26.8,26.8,26.6,26.8,26.7,26.7,26.6,26.6,26.7,26.6,26.7,26.7,26.9,26.8,26.8,26.8,26.8,26.8,27.1,27.1,27.1,27.3,27.1,26.8,26.8,26.7,26.7,26.7,26.7,26.8,26.6,26.6,26.7,26.6,26.5,26.7,26.7,26.5,26.4,26.6,26.6,26.6,26.5,26.7,26.5,26.7,26.6,26.5,26.4,26.6,26.7,26.7,26.6,27.0,26.8,27.1,27.2,27.0,27.3,27.2,27.2,27.5,27.4,27.4,27.4,27.3,27.4,27.4,27.4,27.5,27.5,27.6,27.4,27.5,27.6,27.7,27.7,27.5,27.6,27.5,27.7,27.6,27.6,27.6,27.6,27.5,27.4,27.4,27.5,27.6,27.5,27.7,27.7,27.4,27.4,27.6,27.5
190,28.5,28.5,28.6,28.5,28.6,28.5,28.5,28.6,28.7,28.6,28.8,28.7,28.7,28.7,28.8,28.7,28.9,28.8,28.9,28.8,28.9,29.0,29.0,29.0,28.9,29.0,29.0,28.9,28.9,29.2,29.1,29.1,28.9,29.1,29.0,28.9,28.9,29.0,28.7,28.7,28.5,28.1,27.7,27.6,27.6,27.4,27.5,27.5,27.3,27.3,27.5,27.4,27.4,27.2,27.4,27.3,27.5,27.5,27.3,27.3,27.4,27.3,27.3,27.2,27.4,27.4,27.4,27.3,27.4,27.4,27.7,27.7,27.9,27.7,27.5,27.5,27.4,27.4,27.1,27.2,27.1,26.8,27.0,27.0,27.0,26.9,26.8,27.0,26.7,27.0,26.8,26.9,26.8,26.6,26.7,26.8,26.7,26.7,26.7,26.6,26.8,26.6,26.8,26.8,26.7,26.7,26.9,26.6,26.8,26.8,26.8,26.8,26.9,27.0,27.2,27.4,27.1,27.2,27.0,26.8,26.7,26.6,26.7,26.7,26.6,26.7,26.6,26.6,26.6,26.7,26.7,26.7,26.4,26.7,26.5,26.5,26.6,26.7,26.5,26.7,26.7,26.6,26.5,26.5,26.6,26.6,26.8,27.0,26.9,27.0,27.0,27.0,27.3,27.2,27.3,27.3,27.4,27.3,27.4,27.5,27.6,27.5,27.6,27.4,27.6,27.5,27.7,27.6,27.6,27.7,27.6,27.6,27.6,27.8,27.7,27.7,27.7,27.6,27.6,27.5,27.5,27.6,27.6,27.5,27.6,27.6,27.7,27.6,27.4,27.6,27.6,27.5
191,28.6,28.6,28.5,28.5,28.6,28.6,28.5,28.7,28.6,28.6,28.7,28.5,28.7,28.6,28.7,28.7,28.8,28.8,29.0,28.8,29.0,28.9,29.0,28.8,29.0,29.2,28.9,29.0,29.1,28.9,29.0,29.0,28.9,28.9,28.9,29.0,29.1,29.0,29.0,28.7,28.5,28.0,27.8,27.6,27.7,27.5,27.5,27.2,27.5,27.3,27.1,27.4,27.4,27.5,27.3,27.3,27.6,27.4,27.5,27.3,27.3,27.5,27.5,27.2,27.3,27.4,27.2,27.2,27.3,27.3,27.5,27.7,27.7,27.7,27.5,27.4,27.4,27.4,27.2,27.2,27.0,27.0,26.9,27.0,26.7,26.8,26.7,27.0,27.0,26.8,26.8,26.8,27.0,26.8,27.0,26.7,26.8,26.8,26.8,26.7,26.7,26.8,26.8,26.9,26.7,26.9,27.0,26.8,26.8,26.7,26.8,26.9,27.1,27.0,27.1,27.3,27.4,27.2,26.9,26.8,26.7,26.8,26.7,26.7,26.6,26.6,26.7,26.7,26.7,26.6,26.7,26.7,26.5,26.7,26.6,26.6,26.8,26.6,26.7,26.6,26.7,26.6,26.6,26.6,26.8,26.8,26.9,26.8,27.0,26.8,27.0,27.1,27.2,27.2,27.2,27.3,27.5,27.5,27.4,27.5,27.5,27.5,27.4,27.6,27.5,27.3,27.6,27.6,27.5,27.5,27.6,27.6,27.6,27.7,27.6,27.7,27.5,27.6,27.5,27.6,27.7,27.7,27.5,27.5,27.6,27.5,27.6,27.5,27.6,27.4,27.5,27.5
192,28.5,28.5,28.5,28.5,28.7,28.4,28.5,28.5,28.7,28.6,28.7,28.6,28.7,28.7,28.6,28.7,28.9,28.7,28.7,28.8,28.9,28.8,28.7,28.9,28.9,28.9,29.0,28.8,29.0,29.1,29.1,29.1,28.9,28.9,28.9,28.8,28.9,28.9,28.7,28.5,28.3,28.0,27.6,27.4,27.4,27.5,27.4,27.4,27.4,27.2,27.3,27.2,27.4,27.5,27.5,27.4,27.4,27.3,27.3,27.4,27.3,27.4,27.2,27.4,27.3,27.2,27.4,27.1,27.4,27.5,27.6,27.7,27.7,27.7,27.6,27.5,27.4,27.5,27.4,27.3,27.0,26.8,27.0,26.8,27.1,26.7,27.0,27.0,26.8,26.9,26.8,26.9,26.7,26.7,26.6,26.7,26.6,26.6,26.8,26.7,26.8,26.9,26.8,27.0,26.6,27.0,26.9,26.8,26.6,26.7,26.8,27.0,26.8,27.0,27.1,27.2,27.2,27.2,26.9,26.8,26.7,26.6,26.7,26.7,26.7,26.6,26.5,26.6,26.5,26.7,26.7,26.7,26.4,26.7,26.7,26.7,26.6,26.7,26.6,26.7,26.6,26.7,26.6,26.7,26.5,26.6,26.7,26.8,27.0,27.0,26.8,27.1,27.0,27.1,27.2,27.1,27.3,27.5,27.5,27.5,27.5,27.5,27.6,27.6,27.4,27.6,27.4,27.5,27.6,27.7,27.7,27.6,27.7,27.8,27.8,27.6,27.5,27.7,27.7,27.5,27.6,27.5,27.5,27.7,27.5,27.7,27.5,27.6,27.4,27.6,27.7,27.6
193,28.6,28.5,28.6,28.3,28.5,28.5,28.6,28.5,28.7,28.5,28.7,28.7,28.7,28.7,28.9,28.7,28.8,28.8,28.7,28.9,28.9,28.9,28.9,28.9,29.0,29.1,29.0,28.9,28.9,28.9,29.0,29.0,29.0,28.9,29.1,28.9,28.9,28.9,28.9,28.7,28.3,28.3,27.8,27.6,27.5,27.3,27.4,27.6,27.4,27.4,27.3,27.5,27.3,27.5,27.3,27.5,27.5,27.6,27.5,27.3,27.4,27.5,27.2,27.3,27.3,27.2,27.4,27.3,27.3,27.4,27.4,27.7,27.6,27.7,27.5,27.4,27.5,27.5,27.4,27.2,27.0,27.0,27.0,27.1,26.8,26.8,26.8,27.0,26.9,26.9,27.0,26.8,26.9,27.0,26.8,26.8,26.6,26.7,26.7,26.8,27.0,26.9,27.0,26.9,26.8,27.0,27.0,26.8,26.7,26.8,26.9,27.1,26.8,26.8,27.2,27.0,27.1,26.9,26.7,26.7,26.5,26.6,26.7,26.7,26.7,26.8,26.6,26.7,26.7,26.7,26.7,26.6,26.7,26.8,26.6,26.7,26.6,26.7,26.6,26.6,26.6,26.5,26.6,26.8,26.5,26.6,26.7,26.7,26.8,27.0,27.0,27.0,26.9,27.0,27.2,27.3,27.3,27.4,27.5,27.5,27.5,27.5,27.5,27.7,27.5,27.6,27.7,27.6,27.6,27.7,27.7,27.5,27.5,27.7,27.7,27.6,27.6,27.8,27.5,27.6,27.8,27.4,27.6,27.5,27.5,27.5,27.7,27.5,27.5,27.5,27.4,27.4
194,28.6,28.6,28.5,28.5,28.6,28.5,28.6,28.7,28.4,28.7,28.7,28.6,28.7,28.6,28.9,28.9,28.8,28.8,28.8,28.8,28.9,29.0,29.0,28.9,29.0,28.9,28.9,28.9,28.9,28.9,28.9,29.0,28.9,29.0,28.9,28.9,28.8,28.9,28.8,28.7,28.4,28.1,27.9,27.4,27.4,27.4,27.5,27.4,27.5,27.5,27.2,27.3,27.4,27.3,27.4,27.4,27.4,27.5,27.4,27.7,27.4,27.3,27.5,27.4,27.3,27.4,27.3,27.3,27.5,27.5,27.6,27.7,27.9,27.7,27.7,27.5,27.5,27.4,27.4,27.3,27.1,26.8,27.0,27.0,26.9,27.0,26.8,26.9,26.6,26.8,26.8,26.8,26.8,26.9,26.8,26.8,26.8,27.1,26.8,26.6,26.9,26.8,26.9,26.9,26.9,26.7,26.8,26.8,26.6,26.8,26.8,27.0,27.1,27.0,27.0,27.1,27.2,26.7,26.7,26.7,26.7,26.7,26.7,26.7,26.5,26.7,26.8,26.5,26.7,26.6,26.7,26.5,26.7,26.6,26.8,26.6,26.6,26.6,26.6,26.5,26.7,26.6,26.7,26.6,26.6,26.6,26.7,26.7,27.0,27.0,27.0,27.2,27.0,27.2,27.2,27.3,27.2,27.2,27.4,27.5,27.5,27.4,27.6,27.6,27.5,27.6,27.8,27.4,27.5,27.7,27.7,27.5,27.6,27.6,27.7,27.6,27.5,27.6,27.5,27.6,27.6,27.5,27.7,27.7,27.6,27.5,27.5,27.7,27.5,27.4,27.7,27.5
195,28.6,28.4,28.5,28.4,28.7,28.6,28.6,28.6,28.3,28.5,28.6,28.5,28.5,28.5,28.8,28.5,28.8,28.7,28.7,28.7,28.8,28.8,28.8,28.7,28.8,29.0,28.9,29.0,28.9,28.8,28.9,29.0,28.9,29.0,29.0,28.9,28.8,28.8,28.7,28.7,28.3,27.9,27.7,27.6,27.4,27.5,27.5,27.3,27.4,27.4,27.4,27.3,27.4,27.5,27.3,27.5,27.5,27.3,27.4,27.4,27.4,27.5,27.4,27.4,27.3,27.3,27.4,27.3,27.4,27.7,27.6,27.7,27.9,27.7,27.7,27.5,27.5,27.5,27.2,27.2,26.9,27.0,27.1,27.0,26.9,26.9,27.0,26.9,27.0,27.0,26.9,26.9,27.0,26.8,26.9,26.7,26.8,26.7,27.0,26.8,26.8,27.0,27.0,26.8,26.8,27.0,26.7,26.8,26.7,26.8,27.0,27.1,27.1,27.3,27.1,27.1,27.2,27.0,26.9,26.8,26.6,26.7,26.6,26.6,26.6,26.6,26.6,26.6,26.8,26.7,26.6,26.7,26.5,26.6,26.8,26.5,26.5,26.7,26.6,26.8,26.6,26.5,26.6,26.7,26.6,26.5,26.7,26.7,27.0,27.0,27.0,27.1,27.1,27.2,27.2,27.2,27.4,27.2,27.4,27.5,27.5,27.5,27.6,27.5,27.5,27.5,27.5,27.5,27.6,27.7,27.7,27.7,27.3,27.7,27.6,27.7,27.7,27.7,27.6,27.5,27.3,27.6,27.6,27.5,27.7,27.5,27.6,27.5,27.5,27.6,27.7,27.5
196,28.4,28.5,28.5,28.4,28.6,28.3,28.5,28.6,28.5,28.6,28.6,28.5,28.5,28.8,28.7,28.6,28.7,28.7,28.8,28.7,28.8,28.7,28.7,28.9,28.8,28.9,29.0,29.0,28.8,28.9,28.9,28.9,29.0,28.8,29.0,28.9,28.9,28.9,28.9,28.6,28.4,28.1,27.7,27.3,27.3,27.4,27.4,27.3,27.6,27.5,27.5,27.4,27.4,27.3,27.4,27.4,27.6,27.4,27.5,27.4,27.4,27.4,27.4,27.4,27.3,27.3,27.2,27.2,27.2,27.4,27.7,27.9,28.0,27.9,27.6,27.5,27.6,27.5,27.2,27.1,27.0,27.0,26.9,27.1,27.0,27.0,26.9,27.1,26.7,27.0,27.0,26.7,26.7,26.8,26.8,26.7,26.7,26.8,26.7,26.8,26.8,26.7,26.8,26.9,26.8,26.8,26.7,26.9,26.8,26.8,27.0,27.0,27.1,27.1,27.2,27.1,27.0,27.0,26.6,26.8,26.6,26.8,26.7,26.6,26.6,26.6,26.6,26.7,26.7,26.6,26.7,26.6,26.8,26.6,26.6,26.6,26.6,26.5,26.5,26.7,26.6,26.6,26.5,26.4,26.5,26.5,26.8,26.8,26.8,27.0,27.0,26.9,27.0,27.1,27.2,27.1,27.3,27.5,27.5,27.6,27.6,27.5,27.6,27.6,27.7,27.6,27.7,27.6,27.7,27.7,27.7,27.5,27.6,27.5,27.6,27.5,27.4,27.7,27.5,27.6,27.4,27.4,27.4,27.4,27.5,27.6,27.5,27.7,27.4,27.3,27.6,27.4
197,28.4,28.3,28.5,28.5,28.5,28.4,28.5,28.7,28.7,28.5,28.6,28.5,28.5,28.7,28.9,28.7,28.6,28.7,28.9,28.9,28.9,28.8,28.9,28.9,28.9,28.9,28.9,28.8,28.8,28.7,28.8,29.0,28.8,28.7,28.8,28.9,28.9,28.9,28.7,28.7,28.2,27.9,27.6,27.5,27.4,27.4,27.4,27.2,27.4,27.3,27.5,27.3,27.4,27.3,27.5,27.3,27.4,27.4,27.3,27.4,27.6,27.5,27.4,27.4,27.5,27.2,27.3,27.4,27.4,27.6,27.7,27.9,28.0,27.7,27.5,27.7,27.6,27.4,27.0,27.1,27.0,26.8,27.0,27.0,26.9,26.9,27.0,26.9,27.0,26.8,26.8,26.8,27.0,26.9,26.8,26.8,26.7,26.8,26.8,26.8,26.9,26.7,26.6,26.7,26.8,26.8,26.8,26.7,26.7,26.7,27.0,26.8,27.0,27.1,27.0,27.0,27.0,26.8,26.6,26.6,26.8,26.6,26.6,26.6,26.8,26.6,26.5,26.7,26.6,26.5,26.7,26.6,26.6,26.6,26.5,26.6,26.5,26.7,26.7,26.6,26.6,26.7,26.7,26.6,26.6,26.8,26.7,26.9,27.0,27.1,27.0,27.3,27.1,27.1,27.3,27.2,27.2,27.4,27.3,27.5,27.4,27.5,27.5,27.6,27.6,27.4,27.7,27.6,27.5,27.7,27.5,27.6,27.6,27.8,27.5,27.6,27.5,27.6,27.6,27.4,27.4,27.5,27.4,27.5,27.5,27.7,27.4,27.4,27.5,27.5,27.6,27.5
198,28.5,28.5,28.5,28.5,28.4,28.6,28.6,28.5,28.5,28.4,28.6,28.6,28.7,28.5,28.7,28.9,28.9,28.8,28.7,28.7,28.8,28.7,28.9,28.7,28.7,28.8,28.9,28.8,28.9,28.9,29.0,28.8,29.0,28.8,28.9,28.8,28.8,28.8,28.8,28.6,28.4,28.0,27.7,27.5,27.5,27.5,27.2,27.5,27.4,27.4,27.4,27.5,27.4,27.4,27.4,27.4,27.5,27.2,27.2,27.3,27.5,27.4,27.4,27.6,27.3,27.2,27.4,27.3,27.5,27.6,27.9,27.9,28.0,27.7,27.7,27.5,27.5,27.3,27.1,27.0,27.0,26.8,26.8,26.8,27.0,27.2,27.0,27.0,26.8,27.0,26.8,27.0,26.8,27.0,27.0,26.9,26.8,26.8,26.8,26.9,26.6,26.8,26.8,27.0,27.0,27.0,26.8,26.7,26.8,26.8,26.9,26.9,27.1,27.0,26.9,27.0,26.9,26.8,26.6,26.6,26.8,26.6,26.7,26.5,26.6,26.8,26.6,26.6,26.5,26.8,26.6,26.6,26.6,26.6,26.6,26.5,26.6,26.5,26.5,26.5,26.6,26.6,26.6,26.6,26.5,26.7,26.8,26.8,26.9,27.1,27.0,27.1,27.2,27.2,27.2,27.3,27.1,27.3,27.2,27.3,27.5,27.7,27.5,27.6,27.7,27.6,27.5,27.7,27.5,27.6,27.6,27.6,27.5,27.7,27.6,27.6,27.6,27.7,27.5,27.6,27.6,27.5,27.6,27.5,27.4,27.5,27.7,27.6,27.5,27.4,27.6,27.5
199,28.4,28.4,28.4,28.5,28.5,28.5,28.5,28.6,28.6,28.5,28.7,28.5,28.5,28.7,28.7,28.7,28.7,28.8,28.8,28.8,28.8,28.8,28.7,28.9,28.9,28.9,28.8,28.7,28.9,28.9,28.9,29.1,29.0,28.9,28.9,29.0,28.9,29.0,28.7,28.7,28.2,28.0,27.9,27.6,27.5,27.4,27.4,27.4,27.4,27.4,27.5,27.2,27.3,27.5,27.4,27.4,27.6,27.4,27.3,27.5,27.6,27.5,27.4,27.5,27.5,27.7,27.4,27.4,27.5,27.7,28.0,28.1,28.3,28.1,27.8,27.7,27.5,27.4,27.4,27.1,26.9,27.1,27.1,26.8,27.1,27.1,26.8,27.0,26.9,27.1,26.8,27.0,26.9,27.0,26.8,27.1,26.9,26.9,26.9,27.0,26.9,26.8,26.8,26.9,26.7,27.1,26.8,26.8,26.8,26.8,26.9,27.2,27.1,27.2,27.0,27.1,27.0,27.0,26.6,26.6,26.7,26.8,26.6,26.7,26.6,26.7,26.6,26.8,26.5,26.8,26.7,26.6,26.6,26.6,26.7,26.8,26.4,26.6,26.7,26.7,26.7,26.6,26.7,26.6,26.7,26.6,26.8,26.8,27.0,26.9,27.2,27.1,27.3,27.1,27.2,27.2,27.4,27.6,27.4,27.4,27.5,27.6,27.6,27.6,27.6,27.6,27.5,27.6,27.5,27.5,27.6,27.6,27.7,27.6,27.7,27.6,27.8,27.7,27.5,27.6,27.7,27.5,27.7,27.6,27.5,27.7,27.5,27.4,27.5,27.5,27.5,27.4
200,28.7,28.4,28.6,28.5,28.5,28.6,28.4,28.4,28.7,28.5,28.5,28.5,28.6,28.5,28.7,28.7,28.7,28.8,28.8,28.6,28.7,28.8,28.9,28.8,29.0,29.0,28.9,29.0,28.8,29.0,28.9,28.8,29.1,28.9,28.9,28.9,29.1,28.9,28.8,28.5,28.4,28.0,27.8,27.5,27.4,27.5,27.5,27.5,27.2,27.5,27.4,27.3,27.4,27.4,27.5,27.5,27.5,27.4,27.3,27.5,27.4,27.5,27.4,27.5,27.4,27.7,27.3,27.3,27.6,27.9,28.0,28.2,28.2,28.3,27.8,27.5,27.5,27.4,27.2,27.1,27.2,27.0,27.0,27.0,27.0,26.9,26.7,26.9,26.8,27.0,27.0,26.9,26.9,27.0,27.0,27.0,27.0,27.0,26.9,26.7,27.0,26.7,26.6,26.9,26.8,27.0,26.9,26.8,26.8,26.8,27.0,27.0,27.2,27.0,27.1,27.0,26.9,26.8,26.7,26.7,26.7,26.7,26.7,26.8,26.6,26.6,26.6,26.6,26.6,26.5,26.6,26.8,26.6,26.7,26.7,26.6,26.7,26.5,26.7,26.6,26.5,26.7,26.5,26.6,26.6,26.5,26.7,26.8,27.0,27.0,27.1,27.2,27.2,27.2,27.2,27.3,27.3,27.3,27.4,27.5,27.7,27.6,27.5,27.6,27.5,27.7,27.5,27.7,27.5,27.7,27.6,27.5,27.6,27.7,27.6,27.4,27.6,27.7,27.6,27.6,27.5,27.6,27.6,27.6,27.6,27.6,27.7,27.6,27.5,27.4,27.5,27.5
201,28.3,28.4,28.5,28.5,28.3,28.5,28.6,28.5,28.4,28.5,28.7,28.6,28.6,28.8,28.5,28.6,28.7,28.6,28.6,28.8,28.7,28.7,28.9,28.7,28.7,29.0,28.9,29.0,29.0,28.8,28.7,29.0,28.8,28.9,28.9,28.9,29.1,28.9,28.7,28.6,28.2,28.0,27.7,27.6,27.5,27.5,27.5,27.4,27.6,27.6,27.4,27.4,27.4,27.4,27.4,27.5,27.5,27.6,27.4,27.4,27.5,27.2,27.3,27.5,27.4,27.4,27.5,27.3,27.6,27.8,27.9,28.1,28.5,28.0,27.8,27.5,27.6,27.4,27.3,27.2,27.1,27.0,27.0,27.1,27.0,27.0,26.8,27.0,26.9,26.8,26.8,27.0,26.8,27.0,26.8,26.9,27.0,26.7,26.7,26.8,26.9,26.8,26.8,27.0,26.8,26.8,26.8,26.8,26.9,26.7,27.0,27.0,27.0,27.0,26.9,26.9,26.9,26.8,26.8,26.8,26.6,26.7,26.7,26.6,26.7,26.6,26.6,26.8,26.6,26.7,26.5,26.6,26.8,26.6,26.8,26.7,26.6,26.6,26.7,26.6,26.6,26.7,26.6,26.8,26.4,26.5,26.7,26.9,26.8,27.0,27.2,27.1,27.1,27.2,27.4,27.2,27.4,27.4,27.3,27.5,27.7,27.7,27.5,27.7,27.7,27.8,27.5,27.7,27.6,27.6,27.4,27.4,27.7,27.7,27.7,27.7,27.7,27.6,27.5,27.6,27.7,27.5,27.5,27.7,27.5,27.5,27.4,27.6,27.5,27.6,27.4,27.5
202,28.3,28.5,28.4,28.4,28.3,28.4,28.4,28.5,28.6,28.5,28.6,28.6,28.7,28.5,28.6,28.6,28.8,28.7,28.7,28.6,28.7,28.8,28.8,28.7,28.9,29.0,28.8,28.9,28.8,28.9,28.8,29.0,29.0,28.8,29.1,28.9,29.2,28.9,28.7,28.7,28.3,28.0,27.7,27.4,27.6,27.5,27.5,27.5,27.4,27.4,27.4,27.5,27.5,27.4,27.5,27.3,27.5,27.5,27.3,27.6,27.5,27.4,27.5,27.5,27.4,27.4,27.6,27.5,27.7,27.8,28.1,28.3,28.4,28.3,27.9,27.8,27.5,27.5,27.4,27.1,26.9,27.0,27.2,27.0,27.0,27.0,27.0,27.0,26.8,26.9,26.8,27.0,26.8,26.8,26.8,26.9,26.7,27.0,26.7,26.7,26.8,26.8,26.8,26.7,26.8,26.9,26.7,26.9,26.8,26.8,27.0,27.1,27.1,27.1,27.0,27.1,27.1,26.9,26.7,26.6,26.8,26.8,26.8,26.8,26.6,26.6,26.6,26.7,26.6,26.5,26.7,26.6,26.7,26.7,26.8,26.7,26.6,26.8,26.6,26.6,26.6,26.6,26.6,26.6,26.7,26.8,26.8,26.8,27.0,27.0,27.1,27.2,27.2,27.2,27.4,27.4,27.3,27.3,27.3,27.5,27.4,27.5,27.6,27.5,27.6,27.6,27.5,27.6,27.6,27.6,27.6,27.5,27.5,27.7,27.7,27.6,27.7,27.9,27.7,27.6,27.8,27.7,27.8,27.6,27.6,27.7,27.5,27.3,27.5,27.5,27.6,27.4
203,28.2,28.4,28.5,28.4,28.4,28.5,28.5,28.5,28.5,28.3,28.5,28.5,28.7,28.5,28.6,28.6,28.6,28.6,28.7,28.6,28.8,28.7,28.7,28.7,28.8,28.9,28.9,28.8,28.8,29.0,28.9,28.9,29.0,28.8,28.9,28.9,28.7,29.0,28.8,28.8,28.3,28.1,27.9,27.5,27.5,27.4,27.6,27.2,27.5,27.5,27.5,27.4,27.4,27.5,27.5,27.3,27.5,27.5,27.5,27.5,27.2,27.6,27.4,27.4,27.6,27.4,27.4,27.5,27.6,27.7,28.0,28.3,28.2,28.2,28.0,27.7,27.7,27.6,27.5,27.2,27.1,27.0,27.0,27.0,27.1,27.0,27.0,26.8,27.1,27.0,26.8,26.9,26.9,26.8,26.9,27.0,26.8,26.8,26.6,26.8,26.8,26.8,26.8,26.8,27.0,26.8,26.8,26.7,27.0,26.9,27.0,27.2,27.3,27.1,27.2,27.0,27.0,27.0,26.7,26.6,26.7,26.6,26.6,26.7,26.7,26.5,26.7,26.7,26.7,26.6,26.8,26.8,26.4,26.7,26.6,26.7,26.6,26.6,26.6,26.5,26.7,26.4,26.6,26.7,26.4,26.6,26.8,26.9,26.9,27.1,27.2,27.2,27.2,27.3,27.3,27.4,27.4,27.3,27.4,27.4,27.6,27.6,27.6,27.5,27.5,27.6,27.6,27.5,27.5,27.6,27.6,27.6,27.8,27.5,27.6,27.7,27.5,27.7,27.5,27.5,27.7,27.5,27.5,27.4,27.6,27.6,27.3,27.5,27.5,27.3,27.5,27.3
204,28.5,28.2,28.4,28.6,28.3,28.3,28.5,28.5,28.6,28.4,28.7,28.5,28.7,28.7,28.7,28.7,28.7,28.7,28.7,28.6,28.5,28.7,28.9,28.8,28.9,28.9,28.8,28.7,28.9,28.7,28.9,28.9,29.1,28.9,28.9,28.8,28.9,29.0,28.8,28.9,28.5,28.1,27.9,27.5,27.7,27.5,27.3,27.5,27.5,27.6,27.5,27.4,27.4,27.4,27.5,27.5,27.5,27.3,27.5,27.4,27.4,27.4,27.5,27.5,27.3,27.3,27.5,27.4,27.6,27.7,27.9,28.3,28.4,28.2,28.1,28.1,28.0,28.0,27.6,27.3,27.0,27.0,27.1,27.0,26.9,27.0,27.1,27.0,27.0,26.9,26.9,26.9,26.9,26.8,26.7,26.9,26.9,26.8,26.7,26.6,26.8,26.6,26.9,26.7,26.6,26.9,27.0,26.8,27.0,27.0,27.3,27.3,27.7,27.5,27.5,27.4,27.1,26.9,26.7,26.6,26.7,26.8,26.7,26.8,26.7,26.6,26.7,26.5,26.7,26.8,26.7,26.6,26.6,26.6,26.6,26.6,26.6,26.6,26.7,26.5,26.7,26.6,26.6,26.7,26.6,26.6,26.7,26.8,27.0,26.8,27.0,27.2,27.2,27.4,27.5,27.3,27.5,27.5,27.3,27.5,27.3,27.6,27.6,27.6,27.5,27.6,27.7,27.7,27.6,27.6,27.7,27.7,27.5,27.7,27.5,27.7,27.7,27.6,27.5,27.7,27.5,27.6,27.7,27.7,27.3,27.6,27.5,27.5,27.4,27.4,27.5,27.5
205,28.2,28.4,28.4,28.3,28.4,28.4,28.5,28.5,28.5,28.5,28.5,28.5,28.6,28.6,28.5,28.5,28.6,28.7,28.6,28.7,28.7,28.9,28.9,28.6,28.7,28.8,29.0,28.8,28.9,28.9,28.7,28.7,28.8,28.9,28.9,28.9,28.8,28.9,28.7,28.6,28.5,28.0,27.7,27.6,27.3,27.6,27.5,27.3,27.4,27.5,27.4,27.4,27.3,27.4,27.5,27.5,27.4,27.3,27.5,27.5,27.5,27.3,27.6,27.4,27.3,27.6,27.5,27.5,27.5,27.8,28.0,28.3,28.5,28.2,27.9,28.1,28.0,27.9,27.4,27.2,27.0,27.0,27.0,27.0,27.0,26.8,26.9,27.0,26.8,26.7,26.9,26.9,26.7,26.8,26.7,27.0,26.8,26.8,27.0,26.9,26.7,26.8,26.8,26.7,26.8,26.7,26.8,26.9,26.8,27.1,27.3,27.3,27.5,27.5,27.5,27.3,27.3,27.0,26.8,26.7,26.7,26.6,26.7,26.6,26.8,26.8,26.5,26.6,26.6,26.7,26.6,26.7,26.6,26.6,26.6,26.6,26.6,26.6,26.8,26.7,26.8,26.6,26.6,26.6,26.7,26.6,26.6,26.8,26.9,26.8,27.0,27.3,27.2,27.4,27.5,27.4,27.5,27.4,27.5,27.5,27.5,27.5,27.5,27.5,27.7,27.6,27.7,27.6,27.5,27.6,27.6,27.7,27.6,27.7,27.5,27.5,27.7,27.7,27.7,27.7,27.5,27.7,27.5,27.7,27.5,27.5,27.5,27.5,27.4,27.5,27.5,27.4
206,28.4,28.3,28.3,28.4,28.3,28.3,28.5,28.5,28.2,28.4,28.5,28.5,28.5,28.6,28.6,28.6,28.5,28.5,28.4,28.6,28.6,28.6,28.5,28.7,28.6,28.7,28.7,28.8,28.8,28.8,28.8,28.9,28.9,28.7,28.8,28.9,28.8,28.8,28.7,28.8,28.4,28.1,27.8,27.5,27.4,27.4,27.6,27.4,27.5,27.4,27.4,27.5,27.6,27.5,27.3,27.3,27.4,27.4,27.3,27.2,27.4,27.3,27.5,27.4,27.3,27.4,27.3,27.4,27.5,27.7,27.9,28.1,28.5,28.3,28.2,28.3,28.2,27.9,27.7,27.4,27.0,26.8,27.0,26.8,26.8,27.0,26.7,27.0,26.9,26.9,26.8,26.8,26.8,26.8,26.9,26.8,26.8,26.9,26.7,26.7,26.7,26.7,26.8,26.8,26.9,26.9,26.8,26.9,26.8,27.0,27.3,27.5,27.6,27.7,27.7,27.5,27.4,27.0,26.8,26.6,26.6,26.6,26.6,26.7,26.7,26.6,26.5,26.5,26.5,26.5,26.5,26.7,26.6,26.3,26.6,26.5,26.5,26.5,26.5,26.4,26.6,26.5,26.6,26.6,26.5,26.5,26.6,26.8,27.0,27.0,27.1,27.3,27.2,27.4,27.3,27.3,27.4,27.4,27.4,27.7,27.6,27.6,27.5,27.5,27.6,27.6,27.5,27.5,27.5,27.7,27.6,27.7,27.6,27.5,27.5,27.5,27.5,27.6,27.6,27.6,27.4,27.6,27.5,27.5,27.7,27.5,27.5,27.5,27.5,27.6,27.6,27.5
207,28.4,28.2,28.5,28.4,28.4,28.3,28.3,28.3,28.5,28.6,28.3,28.6,28.5,28.3,28.7,28.5,28.7,28.6,28.5,28.5,28.5,28.8,28.7,28.5,28.7,28.7,28.8,28.7,28.8,28.9,28.8,28.8,28.9,28.8,28.7,28.7,28.8,28.8,28.8,28.7,28.4,28.2,27.9,27.6,27.5,27.5,27.5,27.4,27.4,27.5,27.5,27.5,27.5,27.4,27.5,27.6,27.5,27.4,27.5,27.4,27.5,27.5,27.3,27.5,27.4,27.5,27.4,27.4,27.4,27.7,28.0,28.3,28.4,28.4,28.4,28.3,28.1,27.8,27.5,27.2,27.1,26.9,27.0,26.7,26.9,26.9,27.1,27.0,27.0,26.9,27.0,27.0,26.8,26.8,26.8,26.9,26.9,26.8,26.6,26.7,26.9,26.8,26.7,26.7,26.8,26.8,26.8,26.9,26.9,27.1,27.4,27.5,27.5,27.6,27.7,27.4,27.4,27.0,26.7,26.6,26.8,26.8,26.7,26.7,26.6,26.6,26.8,26.6,26.7,26.6,26.7,26.7,26.8,26.6,26.7,26.6,26.7,26.7,26.7,26.5,26.8,26.6,26.5,26.7,26.6,26.6,26.6,26.7,27.0,27.0,27.2,27.3,27.4,27.3,27.3,27.4,27.7,27.6,27.5,27.5,27.5,27.4,27.5,27.5,27.5,27.4,27.7,27.7,27.7,27.7,27.5,27.7,27.6,27.7,27.5,27.5,27.6,27.5,27.7,27.5,27.5,27.5,27.6,27.6,27.6,27.6,27.4,27.6,27.6,27.4,27.4,27.5
208,28.3,28.3,28.4,28.2,28.3,28.2,28.5,28.3,28.4,28.3,28.4,28.6,28.7,28.6,28.6,28.5,28.6,28.4,28.5,28.6,28.7,28.7,28.7,28.7,28.6,28.7,28.6,28.7,28.8,28.8,28.5,28.9,28.8,28.7,28.9,28.7,28.7,28.7,28.8,28.6,28.3,28.1,27.8,27.5,27.6,27.6,27.6,27.5,27.4,27.6,27.5,27.4,27.5,27.3,27.5,27.6,27.6,27.5,27.4,27.4,27.5,27.3,27.3,27.4,27.4,27.4,27.5,27.4,27.5,27.8,27.8,28.1,28.4,28.2,28.3,28.4,28.1,27.9,27.6,27.4,26.9,26.8,26.9,26.7,26.9,26.7,27.0,27.0,26.9,27.0,26.9,26.8,26.8,26.8,26.8,26.8,26.8,26.7,26.7,26.7,26.8,26.7,26.8,26.8,26.8,26.9,26.7,26.8,26.8,27.0,27.3,27.7,27.7,27.7,27.7,27.5,27.4,27.0,26.6,26.7,26.8,26.6,26.8,26.6,26.8,26.6,26.8,26.8,26.7,26.8,26.5,26.6,26.6,26.7,26.6,26.6,26.6,26.6,26.6,26.7,26.7,26.5,26.5,26.5,26.4,26.7,26.5,26.8,26.9,27.1,27.2,27.1,27.4,27.3,27.3,27.5,27.4,27.4,27.5,27.5,27.4,27.5,27.6,27.5,27.5,27.5,27.7,27.5,27.6,27.6,27.7,27.7,27.6,27.5,27.7,27.5,27.6,27.7,27.5,27.5,27.7,27.5,27.6,27.5,27.6,27.6,27.5,27.5,27.5,27.6,27.5,27.5
209,28.2,28.2,28.3,28.4,28.3,28.2,28.5,28.4,28.4,28.2,28.4,28.4,28.5,28.5,28.7,28.6,28.7,28.7,28.8,28.5,28.6,28.6,28.6,28.7,28.7,28.9,28.7,28.5,28.7,28.7,28.7,28.8,28.8,28.7,28.8,28.7,28.7,28.8,28.8,28.8,28.4,28.3,27.7,27.5,27.5,27.5,27.6,27.3,27.6,27.6,27.5,27.6,27.5,27.5,27.5,27.5,27.7,27.5,27.2,27.5,27.5,27.5,27.4,27.4,27.5,27.7,27.4,27.4,27.5,27.7,27.9,28.2,28.5,28.3,28.4,28.3,28.2,27.8,27.7,27.4,27.2,26.9,27.0,26.9,26.9,26.8,27.0,26.8,26.9,26.8,27.0,26.8,26.8,26.7,26.7,26.8,26.7,26.6,26.8,26.8,26.7,26.7,26.8,26.7,26.7,26.7,26.6,26.5,26.8,27.1,27.5,27.6,27.7,27.5,27.6,27.5,27.3,26.9,26.6,26.8,26.8,26.5,26.8,26.8,26.8,26.6,26.6,26.6,26.6,26.5,26.7,26.4,26.6,26.6,26.8,26.6,26.8,26.8,26.7,26.6,26.6,26.5,26.6,26.7,26.7,26.6,26.7,27.0,26.9,27.1,27.1,27.3,27.1,27.4,27.2,27.5,27.4,27.5,27.5,27.5,27.6,27.7,27.6,27.5,27.3,27.5,27.7,27.6,27.5,27.7,27.6,27.5,27.6,27.6,27.4,27.6,27.6,27.5,27.5,27.6,27.5,27.5,27.6,27.5,27.5,27.5,27.4,27.4,27.5,27.6,27.6,27.5
210,28.4,28.3,28.3,28.3,28.4,28.4,28.3,28.5,28.5,28.5,28.5,28.5,28.5,28.6,28.7,28.6,28.5,28.8,28.9,28.5,28.6,28.6,28.6,28.5,28.8,28.7,28.7,28.7,28.7,28.7,28.7,28.8,28.8,28.9,28.8,28.8,28.8,28.8,28.8,28.8,28.5,28.1,27.6,27.7,27.5,27.7,27.6,27.7,27.5,27.8,27.7,27.7,27.7,27.5,27.4,27.5,27.6,27.4,27.7,27.5,27.6,27.5,27.4,27.4,27.5,27.5,27.4,27.5,27.6,27.6,28.0,28.2,28.2,28.3,28.5,28.3,28.1,27.9,27.6,27.2,27.0,26.8,26.8,26.8,26.9,27.0,26.9,26.8,26.8,26.9,26.9,26.7,26.6,26.7,26.9,26.8,26.6,26.7,26.7,26.8,26.8,26.8,26.9,26.7,26.7,26.8,26.7,26.7,26.7,27.0,27.2,27.5,27.8,27.7,27.6,27.8,27.3,27.0,27.1,26.8,26.7,26.7,26.7,26.8,26.8,26.7,26.6,26.7,26.6,26.4,26.7,26.6,26.7,26.7,26.6,26.6,26.6,26.5,26.5,26.5,26.8,26.6,26.5,26.7,26.6,26.6,26.8,27.0,27.1,27.1,27.2,27.2,27.1,27.4,27.3,27.4,27.6,27.5,27.6,27.6,27.5,27.5,27.8,27.7,27.5,27.6,27.7,27.6,27.5,27.7,27.6,27.4,27.7,27.6,27.5,27.5,27.6,27.5,27.5,27.6,27.5,27.6,27.5,27.5,27.5,27.6,27.6,27.5,27.6,27.5,27.6,27.4
211,28.4,28.3,28.5,28.4,28.4,28.2,28.3,28.4,28.4,28.3,28.6,28.3,28.4,28.4,28.6,28.5,28.5,28.4,28.6,28.5,28.7,28.6,28.4,28.6,28.6,28.7,28.7,28.8,28.8,28.7,28.7,28.5,28.8,28.8,28.8,28.7,28.9,28.8,28.8,28.5,28.5,28.3,28.1,27.9,27.9,27.9,27.7,27.8,27.7,27.7,27.8,27.7,27.8,27.7,27.8,27.7,27.7,27.5,27.7,27.6,27.5,27.6,27.6,27.4,27.6,27.5,27.5,27.4,27.5,27.7,27.8,28.1,28.2,28.3,28.3,28.2,28.0,27.8,27.6,27.2,26.8,26.9,26.9,26.9,26.9,26.6,26.9,27.0,27.0,26.7,26.9,26.9,26.8,26.8,26.7,26.6,26.6,26.7,26.7,26.7,26.9,26.9,26.7,26.7,26.5,26.6,26.6,26.4,26.6,27.1,27.2,27.5,27.6,27.6,27.7,27.5,27.3,27.1,26.7,26.6,26.5,26.7,26.7,26.8,26.6,26.5,26.6,26.7,26.8,26.6,26.5,26.5,26.7,26.7,26.6,26.6,26.5,26.5,26.5,26.5,26.6,26.5,26.6,26.6,26.7,26.5,26.6,27.0,27.2,27.2,27.2,27.3,27.4,27.2,27.4,27.6,27.6,27.5,27.5,27.5,27.5,27.6,27.5,27.6,27.7,27.5,27.4,27.5,27.5,27.7,27.5,27.7,27.6,27.5,27.6,27.7,27.6,27.6,27.6,27.6,27.6,27.4,27.5,27.5,27.7,27.5,27.5,27.5,27.5,27.4,27.7,27.7
212,28.2,28.4,28.3,28.3,28.4,28.5,28.3,28.3,28.3,28.4,28.5,28.3,28.5,28.5,28.5,28.3,28.5,28.6,28.7,28.5,28.6,28.7,28.6,28.7,28.7,28.7,28.7,28.7,28.8,28.8,28.5,28.7,28.8,28.8,28.8,28.8,28.8,28.8,28.7,28.7,28.5,28.5,28.4,28.2,28.3,28.1,28.2,28.2,28.0,28.0,28.0,28.0,28.0,27.8,28.0,27.9,27.9,27.9,27.9,27.9,27.8,27.6,27.7,27.7,27.8,27.8,27.6,27.7,27.6,27.7,27.9,28.2,28.4,28.2,28.3,28.3,28.1,27.9,27.5,27.0,27.0,26.9,27.0,26.9,26.8,26.9,26.9,26.8,26.9,27.0,26.8,26.8,26.7,26.8,26.7,26.7,26.7,26.6,26.7,26.6,26.8,26.9,26.6,26.7,26.6,26.4,26.6,26.3,26.6,27.0,27.4,27.5,27.5,27.7,27.7,27.4,27.2,27.0,26.8,26.5,26.7,26.6,26.6,26.5,26.7,26.6,26.8,26.6,26.6,26.5,26.7,26.6,26.7,26.6,26.5,26.5,26.5,26.7,26.5,26.5,26.6,26.5,26.6,26.6,26.7,26.7,26.6,26.8,27.0,27.2,27.3,27.4,27.4,27.4,27.4,27.4,27.6,27.5,27.7,27.6,27.6,27.6,27.6,27.7,27.6,27.5,27.8,27.6,27.5,27.5,27.7,27.6,27.7,27.6,27.7,27.5,27.8,27.7,27.5,27.5,27.6,27.4,27.5,27.7,27.5,27.5,27.4,27.6,27.3,27.4,27.5,27.6
213,28.3,28.2,28.1,28.4,28.3,28.3,28.4,28.5,28.3,28.3,28.4,28.4,28.5,28.3,28.5,28.4,28.5,28.5,28.8,28.6,28.6,28.6,28.6,28.4,28.5,28.5,28.5,28.6,28.7,28.7,28.7,28.7,28.7,28.5,28.5,28.7,28.9,28.7,28.6,28.7,28.5,28.4,28.4,28.4,28.3,28.4,28.3,28.3,28.3,28.3,28.2,28.3,28.3,28.3,28.3,28.1,28.1,27.9,28.1,28.0,28.0,27.9,27.9,27.9,28.0,28.0,27.9,27.9,27.9,28.1,28.1,28.3,28.2,28.3,28.2,28.2,27.9,27.9,27.5,27.2,26.9,26.9,26.8,26.8,26.8,26.7,26.8,26.9,26.8,26.9,26.9,26.8,26.7,26.8,26.8,26.6,26.7,26.6,26.6,26.7,26.8,26.7,26.6,26.7,26.5,26.5,26.6,26.5,26.6,26.8,27.2,27.4,27.5,27.4,27.4,27.5,27.1,26.9,26.7,26.8,26.5,26.8,26.6,26.8,26.6,26.6,26.6,26.7,26.8,26.7,26.6,26.6,26.6,26.6,26.8,26.5,26.7,26.5,26.8,26.6,26.7,26.6,26.7,26.4,26.5,26.6,26.8,26.9,27.0,27.2,27.3,27.4,27.3,27.5,27.5,27.4,27.3,27.5,27.6,27.7,27.5,27.5,27.6,27.5,27.5,27.5,27.5,27.6,27.4,27.7,27.7,27.5,27.6,27.5,27.7,27.6,27.5,27.6,27.5,27.4,27.4,27.5,27.7,27.5,27.5,27.5,27.5,27.4,27.5,27.6,27.5,27.5
214,28.4,28.3,28.4,28.4,28.3,28.3,28.3,28.3,28.3,28.4,28.5,28.5,28.3,28.4,28.5,28.5,28.4,28.6,28.4,28.5,28.4,28.5,28.7,28.7,28.6,28.6,28.6,28.6,28.6,28.5,28.5,28.7,28.8,28.9,28.6,28.5,28.6,28.7,28.7,28.6,28.5,28.6,28.6,28.6,28.5,28.5,28.4,28.6,28.4,28.4,28.3,28.5,28.5,28.4,28.4,28.3,28.4,28.3,28.0,28.2,28.2,28.2,28.0,28.0,28.3,28.1,28.1,27.9,28.2,28.2,28.1,28.3,28.2,28.3,28.3,28.1,28.1,27.8,27.3,27.2,27.0,26.7,26.6,26.8,26.7,26.8,26.8,26.8,26.8,26.8,26.7,26.6,26.8,26.7,26.6,26.8,26.7,26.7,26.7,26.6,26.7,26.8,26.5,26.6,26.6,26.4,26.6,26.5,26.5,26.8,27.3,27.3,27.4,27.6,27.5,27.3,27.3,27.0,26.7,26.7,26.7,26.8,26.7,26.9,26.6,26.6,26.8,26.8,26.6,26.6,26.7,26.7,26.8,26.6,26.6,26.8,26.6,26.6,26.8,26.7,26.6,26.7,26.6,26.6,26.6,26.6,26.8,27.0,27.2,27.2,27.6,27.5,27.3,27.3,27.6,27.5,27.5,27.3,27.7,27.5,27.6,27.6,27.5,27.6,27.6,27.7,27.7,27.7,27.5,27.7,27.6,27.4,27.6,27.8,27.7,27.5,27.6,27.5,27.6,27.7,27.5,27.4,27.6,27.5,27.3,27.7,27.5,27.4,27.5,27.4,27.6,27.4
215,28.3,28.1,28.3,28.3,28.4,28.2,28.3,28.4,28.4,28.3,28.3,28.5,28.5,28.4,28.3,28.3,28.3,28.3,28.7,28.5,28.2,28.5,28.4,28.5,28.5,28.5,28.6,28.5,28.7,28.5,28.7,28.7,28.5,28.6,28.7,28.7,28.7,28.7,28.8,28.7,28.6,28.6,28.6,28.5,28.5,28.7,28.4,28.4,28.4,28.6,28.5,28.6,28.5,28.5,28.4,28.3,28.3,28.3,28.4,28.4,28.4,28.2,28.4,28.3,28.3,28.2,28.3,28.2,28.2,28.1,28.1,28.3,28.0,28.3,28.3,28.0,27.9,27.7,27.1,26.9,26.8,26.8,26.8,26.8,26.8,26.7,26.5,26.8,26.6,26.8,26.8,26.7,26.7,26.6,26.6,26.6,26.6,26.6,26.5,26.6,26.7,26.6,26.6,26.5,26.5,26.6,26.5,26.4,26.5,26.8,27.1,27.4,27.3,27.4,27.5,27.3,27.1,27.1,27.0,26.9,26.8,26.8,27.0,27.0,26.8,26.6,26.8,26.7,26.8,26.9,26.8,26.8,26.9,26.7,26.8,26.8,26.7,26.9,26.7,26.6,26.7,26.8,26.7,26.8,26.6,26.8,27.0,27.0,27.2,27.2,27.4,27.3,27.2,27.4,27.3,27.3,27.5,27.6,27.5,27.4,27.5,27.5,27.7,27.5,27.4,27.5,27.5,27.6,27.5,27.5,27.5,27.6,27.5,27.5,27.5,27.4,27.5,27.5,27.5,27.5,27.5,27.4,27.5,27.5,27.5,27.6,27.5,27.7,27.3,27.5,27.5,27.4
216,28.1,28.2,28.4,28.3,28.3,28.3,28.4,28.3,28.2,28.3,28.4,28.2,28.4,28.4,28.5,28.5,28.5,28.5,28.5,28.5,28.5,28.6,28.5,28.3,28.6,28.6,28.5,28.6,28.5,28.5,28.5,28.5,28.7,28.7,28.6,28.7,28.7,28.6,28.6,28.8,28.5,28.6,28.8,28.7,28.7,28.7,28.5,28.5,28.6,28.7,28.5,28.7,28.5,28.5,28.5,28.6,28.5,28.5,28.4,28.5,28.6,28.3,28.5,28.3,28.4,28.2,28.3,28.3,28.3,28.1,28.2,28.3,28.5,28.3,28.2,27.9,27.8,27.7,27.3,27.2,26.8,26.8,26.7,26.8,26.9,26.8,26.7,26.6,26.8,26.8,26.8,26.8,26.6,26.7,26.6,26.7,26.8,26.6,26.7,26.5,26.5,26.6,26.6,26.5,26.6,26.6,26.3,26.3,26.5,26.8,27.2,27.3,27.4,27.5,27.4,27.5,27.4,27.3,27.2,27.0,27.1,27.1,27.0,27.0,27.0,27.0,27.0,27.0,27.0,27.0,27.0,26.8,27.1,26.9,27.0,27.0,26.9,27.0,27.0,26.9,26.9,26.8,26.9,26.9,26.8,27.2,27.0,27.1,27.2,27.2,27.2,27.4,27.3,27.4,27.4,27.5,27.5,27.4,27.5,27.6,27.5,27.5,27.4,27.6,27.6,27.5,27.7,27.5,27.5,27.7,27.6,27.5,27.7,27.6,27.5,27.4,27.5,27.6,27.4,27.4,27.5,27.2,27.3,27.5,27.5,27.5,27.4,27.6,27.4,27.5,27.5,27.5
217,28.3,28.2,28.2,28.1,28.0,28.1,28.1,28.3,28.3,28.1,28.3,28.2,28.4,28.3,28.3,28.4,28.3,28.5,28.6,28.4,28.5,28.4,28.5,28.2,28.4,28.5,28.4,28.6,28.5,28.6,28.4,28.6,28.5,28.6,28.7,28.4,28.7,28.5,28.6,28.6,28.7,28.6,28.6,28.6,28.7,28.8,28.8,28.6,28.5,28.5,28.7,28.5,28.6,28.4,28.6,28.5,28.5,28.5,28.5,28.7,28.6,28.5,28.4,28.3,28.4,28.3,28.3,28.2,28.1,28.1,28.2,28.2,28.0,28.2,28.0,28.0,27.9,27.8,27.2,27.0,26.9,26.8,26.8,26.6,26.7,26.7,26.7,26.6,26.8,26.7,26.7,26.6,26.7,26.8,26.6,26.7,26.6,26.4,26.7,26.7,26.7,26.7,26.6,26.7,26.6,26.6,26.5,26.6,26.7,26.8,27.2,27.4,27.4,27.3,27.3,27.4,27.3,27.3,27.2,27.0,27.3,27.2,27.1,27.2,27.1,27.1,27.2,27.0,27.0,26.8,27.0,27.0,27.1,27.0,27.0,26.8,27.0,27.0,27.0,26.8,26.9,27.0,26.9,26.9,27.1,27.0,27.1,27.1,27.3,27.2,27.3,27.3,27.4,27.4,27.5,27.5,27.4,27.3,27.5,27.7,27.6,27.6,27.5,27.5,27.6,27.7,27.4,27.6,27.5,27.5,27.6,27.5,27.5,27.5,27.7,27.5,27.6,27.6,27.4,27.4,27.4,27.5,27.5,27.6,27.5,27.4,27.5,27.6,27.6,27.5,27.3,27.5
218,28.3,28.2,28.3,28.2,28.1,28.2,28.3,28.3,28.4,28.2,28.3,28.2,28.4,28.2,28.4,28.4,28.4,28.5,28.5,28.4,28.5,28.5,28.3,28.4,28.5,28.5,28.4,28.4,28.6,28.5,28.5,28.6,28.7,28.6,28.7,28.5,28.7,28.6,28.4,28.7,28.6,28.4,28.7,28.6,28.6,28.6,28.6,28.7,28.4,28.6,28.7,28.6,28.6,28.7,28.6,28.6,28.6,28.5,28.5,28.6,28.4,28.4,28.4,28.3,28.3,28.3,28.2,28.2,28.2,28.3,28.3,28.3,28.2,28.2,28.1,27.9,27.6,27.6,27.3,26.9,26.8,26.8,26.8,26.9,26.8,26.7,26.8,26.8,26.7,26.7,26.6,26.6,26.7,26.7,26.7,26.7,26.7,26.8,26.7,26.6,26.6,26.6,26.6,26.6,26.7,26.7,26.6,26.7,26.5,26.9,27.3,27.3,27.3,27.5,27.3,27.4,27.2,27.5,27.2,27.2,27.3,27.2,27.5,27.2,27.1,27.1,27.0,27.1,27.2,27.2,27.2,27.1,27.1,27.1,27.2,27.0,27.2,27.2,27.2,27.0,27.0,27.0,27.0,27.1,27.2,27.3,27.3,27.5,27.4,27.4,27.4,27.5,27.3,27.5,27.4,27.5,27.5,27.6,27.7,27.5,27.6,27.5,27.6,27.6,27.6,27.6,27.6,27.6,27.5,27.5,27.5,27.5,27.4,27.6,27.6,27.5,27.5,27.5,27.5,27.5,27.5,27.4,27.4,27.4,27.5,27.5,27.5,27.4,27.7,27.4,27.4,27.5
219,28.3,28.1,28.0,28.1,28.2,28.1,28.2,28.2,28.3,28.2,28.3,28.1,28.5,28.4,28.5,28.4,28.3,28.3,28.5,28.5,28.6,28.6,28.4,28.6,28.4,28.5,28.4,28.6,28.7,28.7,28.5,28.7,28.5,28.7,28.5,28.5,28.7,28.6,28.7,28.6,28.5,28.6,28.6,28.7,28.8,28.8,28.5,28.7,28.5,28.6,28.6,28.7,28.8,28.7,28.5,28.6,28.5,28.5,28.5,28.6,28.5,28.4,28.4,28.5,28.3,28.5,28.3,28.2,28.1,28.1,27.9,28.3,28.0,28.2,28.0,27.9,27.9,27.5,27.4,26.9,26.9,26.8,26.6,26.8,26.7,26.8,26.6,26.8,26.7,26.6,26.5,26.7,26.9,26.7,26.9,26.7,26.6,26.6,26.6,26.7,26.6,26.5,26.6,26.6,26.5,26.6,26.7,26.6,26.6,26.8,27.1,27.2,27.4,27.3,27.2,27.4,27.3,27.5,27.4,27.3,27.3,27.5,27.3,27.2,27.3,27.2,27.1,27.3,27.1,27.1,27.4,27.1,27.2,27.0,27.2,27.3,27.2,27.2,27.2,27.2,27.1,27.0,27.3,27.2,27.3,27.4,27.3,27.3,27.5,27.3,27.3,27.4,27.3,27.3,27.3,27.5,27.4,27.5,27.5,27.7,27.6,27.6,27.5,27.5,27.9,27.3,27.5,27.5,27.5,27.4,27.3,27.5,27.5,27.5,27.4,27.3,27.5,27.5,27.5,27.3,27.4,27.3,27.4,27.3,27.4,27.5,27.4,27.4,27.4,27.4,27.3,27.2
220,28.2,28.2,28.1,28.2,28.3,28.2,28.2,28.2,28.5,28.3,28.2,28.3,28.3,28.3,28.5,28.6,28.5,28.3,28.3,28.4,28.4,28.5,28.5,28.4,28.4,28.7,28.5,28.5,28.7,28.5,28.4,28.6,28.5,28.5,28.5,28.7,28.6,28.6,28.6,28.7,28.6,28.5,28.6,28.7,28.5,28.6,28.5,28.7,28.5,28.6,28.7,28.7,28.7,28.5,28.6,28.6,28.6,28.4,28.5,28.5,28.4,28.5,28.6,28.3,28.4,28.4,28.4,28.4,28.4,28.2,28.2,28.2,28.0,28.2,27.9,27.8,27.9,27.7,27.1,27.1,27.0,26.7,26.7,26.8,26.7,26.6,26.7,26.8,26.6,26.7,26.7,26.7,26.8,26.8,26.7,26.7,26.6,26.6,26.7,26.6,26.7,26.6,26.7,26.7,26.4,26.6,26.7,26.8,26.6,27.0,27.2,27.2,27.3,27.3,27.3,27.3,27.3,27.4,27.3,27.3,27.3,27.5,27.3,27.2,27.3,27.2,27.3,27.1,27.2,27.2,27.2,27.2,27.3,27.2,27.3,27.1,27.1,27.4,27.3,27.2,27.2,27.3,27.2,27.4,27.5,27.2,27.3,27.4,27.4,27.5,27.6,27.5,27.5,27.5,27.5,27.4,27.4,27.5,27.5,27.5,27.5,27.5,27.7,27.7,27.6,27.6,27.6,27.6,27.5,27.5,27.2,27.5,27.5,27.4,27.5,27.5,27.6,27.6,27.7,27.3,27.5,27.3,27.6,27.5,27.4,27.5,27.4,27.4,27.5,27.4,27.4,27.3
221,28.0,27.9,28.0,28.0,28.3,28.2,28.1,28.2,28.1,28.3,28.3,28.1,28.3,28.4,28.4,28.5,28.3,28.5,28.4,28.4,28.5,28.5,28.4,28.5,28.6,28.5,28.4,28.4,28.5,28.4,28.5,28.6,28.6,28.4,28.7,28.5,28.5,28.5,28.6,28.7,28.6,28.6,28.5,28.8,28.5,28.6,28.6,28.6,28.4,28.7,28.7,28.7,28.5,28.5,28.6,28.4,28.4,28.4,28.4,28.4,28.6,28.3,28.3,28.2,28.2,28.4,28.2,28.1,28.3,28.2,27.9,28.2,27.9,27.9,28.0,28.1,27.8,27.5,27.3,26.8,26.8,26.8,26.6,26.7,27.0,26.8,26.8,26.8,26.8,26.7,26.7,26.6,26.6,26.7,26.6,26.5,26.4,26.4,26.5,26.7,26.6,26.7,26.4,26.7,26.5,26.5,26.5,26.7,26.6,27.0,27.2,27.2,27.2,27.2,27.3,27.2,27.2,27.3,27.2,27.2,27.4,27.3,27.4,27.5,27.4,27.3,27.3,27.4,27.2,27.2,27.4,27.3,27.2,27.1,27.1,27.2,27.2,27.4,27.1,27.2,27.2,27.1,27.3,27.3,27.3,27.3,27.3,27.3,27.4,27.5,27.4,27.5,27.4,27.5,27.4,27.7,27.4,27.6,27.5,27.3,27.4,27.5,27.7,27.6,27.5,27.3,27.4,27.4,27.4,27.5,27.4,27.6,27.5,27.4,27.5,27.4,27.5,27.5,27.6,27.3,27.5,27.5,27.5,27.5,27.3,27.6,27.4,27.3,27.1,27.4,27.3,27.3
222,28.2,28.1,28.1,28.3,28.2,28.3,28.3,28.2,28.2,28.3,28.2,28.3,28.3,28.3,28.3,28.4,28.3,28.3,28.4,28.4,28.4,28.5,28.3,28.4,28.5,28.5,28.4,28.4,28.4,28.6,28.5,28.5,28.6,28.5,28.6,28.4,28.6,28.4,28.5,28.7,28.4,28.6,28.6,28.7,28.5,28.6,28.6,28.6,28.6,28.5,28.5,28.7,28.5,28.5,28.4,28.5,28.7,28.5,28.3,28.4,28.5,28.4,28.4,28.1,28.3,28.3,28.4,28.3,28.1,28.1,28.3,27.8,27.8,27.9,28.1,27.9,27.9,27.5,27.1,27.1,26.8,26.8,26.7,26.8,26.6,26.7,26.6,26.7,26.8,26.7,26.6,26.5,26.6,26.6,26.5,26.6,26.4,26.4,26.6,26.6,26.5,26.5,26.4,26.5,26.4,26.5,26.3,26.6,26.6,27.0,27.4,27.3,27.3,27.4,27.4,27.5,27.3,27.4,27.3,27.6,27.3,27.3,27.4,27.3,27.3,27.2,27.3,27.1,27.2,27.3,27.3,27.2,27.1,27.2,27.2,27.4,27.3,27.4,27.3,27.3,27.2,27.3,27.3,27.5,27.5,27.4,27.4,27.4,27.4,27.5,27.3,27.4,27.6,27.5,27.3,27.5,27.3,27.5,27.6,27.5,27.4,27.6,27.7,27.5,27.5,27.5,27.6,27.7,27.5,27.6,27.7,27.6,27.5,27.5,27.6,27.4,27.5,27.6,27.4,27.6,27.4,27.4,27.5,27.4,27.2,27.4,27.4,27.5,27.4,27.4,27.6,27.5
223,28.1,28.1,28.0,28.2,28.2,27.9,28.1,28.1,28.2,28.2,28.3,28.2,28.0,28.1,28.2,28.4,28.5,28.3,28.3,28.4,28.4,28.5,28.4,28.6,28.4,28.6,28.5,28.4,28.7,28.3,28.5,28.4,28.5,28.5,28.6,28.7,28.6,28.6,28.5,28.8,28.7,28.7,28.5,28.4,28.6,28.7,28.6,28.7,28.6,28.6,28.5,28.6,28.6,28.5,28.5,28.6,28.5,28.5,28.4,28.5,28.3,28.5,28.2,28.4,28.2,28.4,28.2,28.2,28.3,28.1,28.1,28.0,27.9,27.9,27.9,27.9,27.8,27.5,27.1,27.0,26.9,27.0,26.9,26.8,26.8,26.8,26.6,26.7,26.8,26.8,26.6,26.6,26.5,26.6,26.6,26.5,26.5,26.5,26.5,26.5,26.5,26.6,26.3,26.4,26.3,26.4,26.3,26.5,26.8,27.0,27.3,27.3,27.3,27.4,27.4,27.1,27.4,27.3,27.2,27.4,27.5,27.4,27.5,27.3,27.5,27.4,27.3,27.3,27.2,27.4,27.1,27.3,27.2,27.3,27.2,27.3,27.3,27.4,27.3,27.4,27.3,27.5,27.4,27.3,27.2,27.5,27.3,27.4,27.5,27.4,27.5,27.5,27.4,27.5,27.7,27.5,27.6,27.4,27.6,27.6,27.6,27.6,27.6,27.5,27.7,27.6,27.5,27.5,27.3,27.5,27.7,27.6,27.5,27.5,27.7,27.4,27.5,27.5,27.3,27.5,27.3,27.5,27.4,27.2,27.5,27.3,27.3,27.5,27.3,27.5,27.4,27.5
224,27.9,28.1,28.3,28.2,28.2,28.0,28.2,28.1,28.3,28.2,28.4,28.3,28.2,28.2,28.2,28.4,28.3,28.1,28.3,28.3,28.4,28.5,28.5,28.3,28.4,28.4,28.4,28.4,28.5,28.5,28.5,28.5,28.5,28.6,28.6,28.3,28.5,28.5,28.5,28.5,28.5,28.6,28.5,28.5,28.5,28.4,28.6,28.6,28.4,28.5,28.5,28.7,28.6,28.6,28.5,28.4,28.4,28.3,28.3,28.3,28.4,28.3,28.4,28.4,28.2,28.3,28.3,28.1,28.0,28.0,28.1,28.0,27.9,27.9,27.9,27.8,27.9,27.6,27.3,27.0,26.9,26.7,27.0,26.8,26.6,26.6,26.6,26.5,26.5,26.6,26.6,26.3,26.4,26.5,26.4,26.5,26.3,26.3,26.4,26.5,26.4,26.2,26.3,26.3,26.1,26.4,26.2,26.3,26.6,27.1,27.1,27.3,27.3,27.5,27.3,27.4,27.4,27.3,27.3,27.4,27.3,27.3,27.4,27.5,27.6,27.2,27.2,27.1,27.2,27.3,27.2,27.2,27.3,27.3,27.2,27.3,27.3,27.3,27.5,27.5,27.4,27.2,27.5,27.4,27.6,27.5,27.4,27.4,27.5,27.3,27.6,27.6,27.5,27.5,27.4,27.6,27.6,27.5,27.6,27.6,27.6,27.5,27.5,27.5,27.4,27.5,27.6,27.5,27.5,27.5,27.7,27.5,27.4,27.6,27.5,27.5,27.6,27.5,27.4,27.4,27.5,27.4,27.5,27.6,27.3,27.5,27.6,27.5,27.3,27.3,27.6,27.4
225,28.0,28.0,28.1,28.1,28.2,28.3,28.3,28.3,28.3,28.2,28.2,28.3,28.3,28.2,28.3,28.5,28.1,28.2,28.2,28.2,28.4,28.4,28.4,28.4,28.4,28.4,28.3,28.5,28.4,28.5,28.3,28.4,28.5,28.4,28.5,28.4,28.3,28.3,28.5,28.7,28.3,28.5,28.7,28.6,28.4,28.5,28.5,28.5,28.4,28.6,28.5,28.5,28.5,28.6,28.5,28.3,28.4,28.3,28.5,28.3,28.4,28.3,28.4,28.3,28.3,28.3,28.2,28.2,28.2,28.1,28.0,27.8,28.0,27.9,27.9,27.8,27.8,27.8,27.4,27.1,27.0,27.0,26.9,26.8,26.8,26.5,26.5,26.5,26.7,26.6,26.6,26.3,26.4,26.6,26.3,26.5,26.3,26.4,26.5,26.3,26.2,26.2,26.1,26.3,26.2,26.2,26.1,26.3,26.6,27.2,27.2,27.3,27.1,27.4,27.2,27.2,27.4,27.3,27.2,27.2,27.2,27.4,27.3,27.5,27.4,27.5,27.4,27.5,27.2,27.2,27.3,27.2,27.3,27.4,27.3,27.3,27.3,27.4,27.5,27.4,27.5,27.5,27.5,27.3,27.3,27.4,27.4,27.5,27.5,27.5,27.5,27.4,27.5,27.6,27.6,27.6,27.6,27.5,27.5,27.6,27.6,27.4,27.6,27.5,27.5,27.5,27.5,27.4,27.5,27.5,27.5,27.4,27.5,27.4,27.5,27.2,27.5,27.6,27.5,27.5,27.3,27.5,27.6,27.5,27.5,27.6,27.4,27.5,27.5,27.5,27.3,27.5
226,27.8,28.2,28.1,28.1,28.1,28.0,28.4,28.0,28.1,28.1,28.1,28.1,28.4,28.3,28.3,28.3,28.3,28.3,28.2,28.3,28.3,28.2,28.3,28.3,28.2,28.4,28.3,28.4,28.6,28.5,28.3,28.6,28.4,28.3,28.5,28.5,28.5,28.5,28.6,28.5,28.6,28.5,28.6,28.5,28.4,28.4,28.6,28.4,28.4,28.5,28.5,28.6,28.5,28.5,28.3,28.3,28.3,28.3,28.2,28.2,28.3,28.4,28.2,28.3,28.4,28.1,28.1,28.1,28.0,28.1,28.0,27.9,27.8,27.8,27.9,27.9,27.8,27.6,27.3,27.1,27.1,26.7,26.8,26.6,26.6,26.6,26.6,26.6,26.6,26.6,26.5,26.3,26.4,26.3,26.4,26.4,26.2,26.2,26.1,26.3,26.2,26.2,26.3,26.2,26.0,26.1,26.3,26.3,26.6,27.0,27.2,27.5,27.3,27.3,27.3,27.4,27.4,27.2,27.3,27.4,27.3,27.3,27.4,27.3,27.3,27.3,27.5,27.3,27.4,27.4,27.4,27.1,27.4,27.3,27.5,27.5,27.2,27.5,27.4,27.5,27.4,27.5,27.5,27.4,27.5,27.3,27.5,27.6,27.4,27.2,27.5,27.6,27.3,27.4,27.3,27.4,27.5,27.5,27.5,27.5,27.3,27.6,27.5,27.4,27.5,27.4,27.3,27.6,27.5,27.4,27.4,27.6,27.4,27.5,27.5,27.4,27.4,27.6,27.5,27.5,27.5,27.3,27.5,27.3,27.5,27.3,27.5,27.3,27.3,27.4,27.5,27.3
227,28.1,28.1,28.1,28.1,28.0,28.2,28.1,28.2,28.2,28.1,28.2,28.1,28.2,28.0,28.4,28.3,28.3,28.5,28.3,28.3,28.3,28.4,28.4,28.3,28.5,28.3,28.4,28.3,28.4,28.3,28.5,28.5,28.3,28.5,28.6,28.4,28.4,28.4,28.4,28.5,28.5,28.4,28.5,28.5,28.5,28.6,28.5,28.5,28.4,28.3,28.5,28.4,28.3,28.5,28.5,28.4,28.3,28.3,28.4,28.3,28.1,28.2,28.2,28.0,28.2,28.0,28.1,28.2,27.9,28.0,27.9,27.9,27.9,28.0,27.8,27.7,27.7,27.7,27.3,27.1,27.0,26.8,26.9,26.7,26.7,26.5,26.4,26.5,26.5,26.5,26.3,26.5,26.4,26.4,26.5,26.3,26.1,26.3,26.2,26.2,26.3,26.2,26.1,26.1,26.0,26.1,26.2,26.3,26.8,27.2,27.4,27.3,27.4,27.5,27.5,27.5,27.4,27.3,27.1,27.5,27.3,27.3,27.4,27.5,27.5,27.5,27.5,27.2,27.4,27.3,27.4,27.3,27.4,27.3,27.5,27.5,27.4,27.5,27.5,27.5,27.3,27.5,27.5,27.5,27.4,27.4,27.5,27.6,27.5,27.5,27.5,27.6,27.6,27.5,27.6,27.6,27.7,27.6,27.5,27.5,27.7,27.5,27.5,27.5,27.5,27.5,27.5,27.5,27.5,27.5,27.6,27.5,27.4,27.5,27.6,27.6,27.6,27.4,27.3,27.5,27.3,27.3,27.5,27.2,27.6,27.5,27.4,27.4,27.4,27.3,27.4,27.3
228,28.0,28.1,28.2,28.2,28.0,28.2,28.0,28.2,28.1,28.1,28.2,28.0,28.2,28.2,28.3,28.3,28.2,28.3,28.1,28.3,28.3,28.3,28.1,28.3,28.3,28.3,28.4,28.4,28.5,28.3,28.5,28.5,28.5,28.5,28.5,28.4,28.3,28.5,28.3,28.4,28.3,28.5,28.5,28.5,28.6,28.5,28.3,28.4,28.5,28.3,28.5,28.5,28.4,28.4,28.5,28.3,28.5,28.3,28.2,28.3,28.4,28.2,28.1,28.1,28.3,28.2,28.1,28.2,28.1,28.0,27.9,27.9,27.9,27.8,27.8,27.8,27.5,27.5,27.3,27.2,27.2,26.9,27.0,26.8,26.6,26.6,26.4,26.5,26.5,26.5,26.3,26.3,26.4,26.3,26.3,26.2,26.1,26.0,26.0,26.0,26.3,26.1,26.1,26.1,26.0,25.9,26.0,26.3,26.9,27.0,27.3,27.3,27.4,27.3,27.4,27.4,27.3,27.4,27.3,27.4,27.3,27.4,27.4,27.3,27.5,27.5,27.3,27.6,27.4,27.4,27.3,27.3,27.3,27.4,27.5,27.5,27.5,27.4,27.4,27.5,27.4,27.5,27.5,27.5,27.4,27.3,27.5,27.4,27.5,27.5,27.5,27.4,27.5,27.5,27.6,27.5,27.5,27.7,27.5,27.6,27.6,27.6,27.4,27.2,27.4,27.3,27.3,27.5,27.5,27.5,27.5,27.5,27.5,27.4,27.4,27.3,27.4,27.4,27.5,27.3,27.4,27.4,27.3,27.5,27.2,27.5,27.4,27.4,27.4,27.4,27.3,27.5
229,28.0,28.2,27.9,28.1,28.1,28.1,28.0,28.1,28.1,28.2,28.3,28.1,28.3,28.2,28.2,28.1,28.3,28.1,28.3,28.3,28.2,28.2,28.2,28.2,28.1,28.4,28.4,28.3,28.3,28.4,28.3,28.3,28.4,28.3,28.2,28.4,28.4,28.4,28.3,28.4,28.3,28.4,28.4,28.5,28.3,28.3,28.4,28.3,28.3,28.6,28.3,28.4,28.3,28.5,28.4,28.3,28.4,28.4,28.3,28.3,28.3,28.1,28.1,28.2,28.1,28.3,28.0,27.9,28.0,28.1,28.1,27.9,27.9,27.8,27.8,27.8,27.7,27.7,27.3,27.3,27.2,26.9,26.7,26.6,26.6,26.4,26.5,26.4,26.4,26.4,26.3,26.2,26.3,26.1,26.2,26.2,26.0,26.1,26.0,26.0,26.0,26.0,26.0,25.9,25.8,25.8,26.0,26.4,26.8,27.1,27.2,27.3,27.2,27.4,27.3,27.4,27.4,27.3,27.2,27.5,27.3,27.1,27.5,27.3,27.2,27.3,27.2,27.5,27.6,27.4,27.4,27.5,27.3,27.5,27.3,27.5,27.5,27.5,27.3,27.5,27.5,27.6,27.5,27.6,27.6,27.4,27.6,27.4,27.5,27.5,27.7,27.6,27.5,27.3,27.5,27.4,27.5,27.5,27.5,27.6,27.6,27.4,27.6,27.5,27.5,27.4,27.5,27.6,27.6,27.6,27.7,27.3,27.5,27.5,27.4,27.5,27.5,27.3,27.6,27.2,27.6,27.4,27.3,27.3,27.5,27.6,27.4,27.5,27.2,27.6,27.3,27.3
230,28.0,28.2,28.1,28.0,28.1,28.2,28.0,28.1,28.2,28.1,28.1,28.1,28.1,28.3,28.3,28.4,28.3,28.2,28.3,28.3,28.3,28.4,28.3,28.3,28.3,28.3,28.5,28.3,28.4,28.3,28.3,28.5,28.3,28.5,28.5,28.3,28.4,28.5,28.3,28.5,28.4,28.3,28.6,28.4,28.3,28.5,28.3,28.6,28.3,28.3,28.4,28.4,28.3,28.5,28.6,28.3,28.3,28.3,28.1,28.2,28.3,28.3,28.0,28.2,28.1,28.2,27.9,28.0,27.9,28.0,28.0,27.9,27.9,27.9,27.6,27.7,27.5,27.5,27.1,27.1,27.1,27.1,26.9,26.7,26.6,26.3,26.3,26.5,26.3,26.3,26.1,26.2,26.3,26.2,26.2,26.3,26.1,26.0,25.9,25.9,25.8,25.9,25.9,25.9,25.7,25.9,26.1,26.3,26.8,27.0,27.0,27.3,27.3,27.3,27.3,27.5,27.5,27.5,27.4,27.4,27.3,27.4,27.3,27.5,27.4,27.4,27.4,27.4,27.5,27.5,27.5,27.4,27.3,27.4,27.4,27.3,27.4,27.5,27.3,27.5,27.5,27.4,27.6,27.5,27.5,27.6,27.5,27.4,27.5,27.3,27.5,27.5,27.6,27.7,27.4,27.4,27.5,27.6,27.6,27.5,27.6,27.6,27.5,27.4,27.5,27.5,27.5,27.5,27.2,27.5,27.6,27.4,27.4,27.7,27.2,27.5,27.5,27.3,27.4,27.2,27.3,27.4,27.5,27.3,27.5,27.4,27.2,27.5,27.4,27.2,27.4,27.4
231,28.2,28.0,27.9,28.0,28.0,28.2,27.8,28.0,28.1,28.1,28.1,27.9,28.2,28.1,28.2,28.2,27.9,28.2,28.2,28.1,28.3,28.2,28.3,28.3,28.2,28.3,28.2,28.2,28.4,28.3,28.4,28.5,28.3,28.3,28.4,28.4,28.3,28.5,28.4,28.4,28.3,28.3,28.5,28.3,28.5,28.3,28.3,28.5,28.4,28.4,28.5,28.2,28.3,28.3,28.3,28.4,28.3,28.3,28.1,28.3,28.1,28.2,27.9,28.1,28.2,27.9,27.9,27.8,27.9,27.7,28.0,27.9,27.8,27.8,27.7,27.5,27.6,27.5,27.4,27.3,27.1,26.9,26.8,26.5,26.5,26.5,26.2,26.4,26.3,26.2,26.2,26.3,26.2,26.2,26.2,26.1,26.0,26.1,26.1,26.0,25.8,25.9,25.9,26.0,25.9,25.8,26.1,26.4,26.8,27.0,27.4,27.3,27.3,27.3,27.3,27.3,27.3,27.4,27.4,27.4,27.3,27.3,27.5,27.5,27.4,27.3,27.4,27.4,27.5,27.5,27.5,27.4,27.6,27.4,27.4,27.5,27.6,27.3,27.5,27.5,27.5,27.4,27.5,27.6,27.5,27.5,27.5,27.5,27.5,27.4,27.6,27.7,27.6,27.4,27.5,27.5,27.5,27.5,27.4,27.6,27.3,27.6,27.4,27.6,27.5,27.6,27.4,27.5,27.5,27.5,27.5,27.4,27.3,27.6,27.4,27.4,27.4,27.5,27.3,27.2,27.4,27.6,27.5,27.4,27.4,27.4,27.5,27.3,27.3,27.3,27.6,27.5
232,28.0,27.9,27.7,28.0,28.0,27.9,28.0,28.0,28.1,28.0,28.1,28.1,28.1,28.1,28.1,28.2,28.2,28.1,28.1,28.1,28.3,28.2,28.3,28.2,28.2,28.3,28.4,28.3,28.2,28.3,28.3,28.5,28.3,28.3,28.4,28.3,28.3,28.3,28.4,28.4,28.3,28.4,28.5,28.5,28.2,28.3,28.3,28.3,28.2,28.4,28.4,28.2,28.3,28.1,28.2,28.3,28.3,28.2,28.3,28.2,28.1,28.3,28.0,28.2,28.0,28.0,27.8,27.9,27.9,27.9,27.8,27.8,27.7,27.7,27.6,27.7,27.7,27.3,27.2,27.2,27.1,26.8,26.8,26.7,26.6,26.5,26.4,26.4,26.5,26.3,26.3,26.4,26.4,26.2,26.0,26.3,26.1,26.0,26.1,26.0,26.0,25.9,25.7,25.9,25.9,26.0,26.0,26.6,26.8,26.9,27.0,27.1,27.3,27.2,27.4,27.5,27.3,27.3,27.2,27.2,27.3,27.4,27.5,27.4,27.3,27.3,27.3,27.3,27.5,27.5,27.5,27.4,27.4,27.2,27.6,27.4,27.5,27.6,27.4,27.5,27.5,27.3,27.5,27.4,27.5,27.6,27.5,27.5,27.5,27.4,27.5,27.5,27.4,27.5,27.4,27.6,27.5,27.5,27.5,27.5,27.5,27.5,27.7,27.5,27.4,27.2,27.5,27.4,27.4,27.5,27.4,27.3,27.4,27.5,27.2,27.4,27.5,27.5,27.4,27.3,27.4,27.3,27.2,27.5,27.3,27.4,27.4,27.5,27.3,27.2,27.5,27.4
233,28.0,28.0,27.9,28.0,28.0,28.0,28.0,28.0,27.9,28.1,28.0,28.0,28.3,27.9,28.1,28.2,28.1,28.2,28.2,28.1,28.3,28.2,28.3,28.1,28.3,28.3,28.3,28.2,28.2,28.2,28.1,28.3,28.3,28.2,28.4,28.2,28.5,28.3,28.1,28.3,28.3,28.2,28.3,28.4,28.3,28.3,28.3,28.3,28.0,28.2,28.3,28.3,28.1,28.2,28.1,28.1,28.3,28.1,28.3,28.1,28.1,28.0,27.9,27.9,28.1,28.0,27.9,27.9,27.8,27.9,27.6,27.8,27.7,27.7,27.8,27.7,27.5,27.5,27.3,27.2,27.1,27.0,27.0,26.9,26.7,26.4,26.5,26.6,26.7,26.6,26.3,26.6,26.3,26.5,26.5,26.2,26.1,26.2,26.0,26.2,26.1,26.2,26.0,26.1,25.7,26.3,26.2,26.6,26.9,27.2,27.1,27.2,27.3,27.3,27.4,27.3,27.2,27.5,27.2,27.3,27.5,27.4,27.3,27.3,27.5,27.3,27.3,27.4,27.3,27.3,27.5,27.4,27.5,27.4,27.4,27.3,27.4,27.4,27.4,27.4,27.5,27.2,27.5,27.4,27.2,27.5,27.4,27.4,27.4,27.5,27.5,27.5,27.4,27.4,27.4,27.4,27.4,27.4,27.4,27.2,27.4,27.6,27.5,27.5,27.3,27.5,27.5,27.3,27.4,27.5,27.4,27.5,27.5,27.4,27.3,27.5,27.4,27.5,27.4,27.2,27.2,27.3,27.3,27.5,27.3,27.5,27.3,27.3,27.2,27.4,27.3,27.2
234,28.0,27.9,28.0,27.9,27.9,27.9,28.0,28.0,28.0,28.1,28.1,27.9,27.9,28.1,28.2,28.1,28.1,28.2,28.1,28.1,28.2,28.2,28.3,28.0,28.1,28.3,28.2,28.2,28.2,28.2,28.3,28.1,28.4,28.3,28.2,28.4,28.1,28.3,28.3,28.4,28.1,28.2,28.5,28.4,28.3,28.3,28.3,28.2,28.5,28.2,28.3,28.3,28.1,28.1,28.3,28.3,28.1,28.1,28.1,28.1,28.3,28.0,27.9,27.9,28.2,28.0,27.9,28.0,27.8,27.8,28.0,27.9,27.8,27.7,27.6,27.7,27.6,27.5,27.3,27.2,27.2,27.0,27.1,26.8,26.7,26.7,26.7,26.4,26.6,26.6,26.6,26.5,26.5,26.6,26.4,26.6,26.3,26.4,26.2,26.2,26.2,26.2,26.1,26.1,26.2,26.0,26.2,26.5,27.1,27.1,26.9,27.2,27.3,27.2,27.3,27.4,27.3,27.5,27.4,27.5,27.4,27.4,27.2,27.4,27.4,27.3,27.6,27.5,27.3,27.5,27.6,27.5,27.5,27.5,27.4,27.4,27.4,27.4,27.3,27.4,27.5,27.4,27.4,27.4,27.5,27.4,27.2,27.5,27.5,27.5,27.5,27.5,27.5,27.3,27.3,27.5,27.5,27.5,27.4,27.5,27.3,27.6,27.5,27.5,27.2,27.4,27.4,27.4,27.5,27.5,27.2,27.3,27.2,27.4,27.4,27.3,27.3,27.4,27.4,27.5,27.2,27.2,27.4,27.5,27.5,27.3,27.4,27.3,27.3,27.4,27.4,27.2
235,28.0,27.9,28.1,27.9,27.9,28.2,28.1,28.1,28.1,28.1,28.0,28.0,28.1,28.0,28.2,27.9,28.1,28.1,28.2,28.1,28.3,28.2,28.2,28.1,28.3,28.4,28.1,28.1,28.4,28.1,28.3,28.3,28.4,28.3,28.3,28.5,28.2,28.3,28.4,28.3,28.4,28.3,28.3,28.3,28.3,28.2,28.3,28.3,28.2,28.3,28.1,28.3,28.4,28.3,28.2,28.2,28.2,28.2,28.1,28.0,28.1,27.9,27.9,28.1,27.9,27.9,27.9,27.9,28.0,27.9,27.8,27.8,27.7,27.7,27.7,27.7,27.5,27.4,27.1,27.3,27.1,27.1,27.0,26.9,26.9,26.8,26.9,26.8,26.9,26.7,26.7,26.5,26.5,26.6,26.6,26.5,26.3,26.3,26.3,26.3,26.3,26.3,26.4,26.4,25.9,26.2,26.2,26.7,27.0,27.2,27.2,27.2,27.3,27.3,27.3,27.3,27.4,27.5,27.2,27.4,27.4,27.6,27.3,27.3,27.4,27.4,27.2,27.5,27.4,27.3,27.4,27.4,27.5,27.4,27.4,27.4,27.5,27.5,27.5,27.5,27.4,27.3,27.6,27.5,27.6,27.6,27.6,27.3,27.6,27.6,27.4,27.4,27.5,27.4,27.5,27.5,27.4,27.6,27.5,27.5,27.5,27.5,27.5,27.4,27.7,27.5,27.5,27.3,27.4,27.4,27.4,27.3,27.4,27.5,27.5,27.3,27.5,27.4,27.6,27.4,27.5,27.4,27.3,27.4,27.4,27.2,27.4,27.3,27.3,27.5,27.6,27.3
236,28.1,27.9,27.9,28.2,27.9,28.0,27.8,28.1,28.0,28.0,27.9,28.0,27.9,28.1,28.0,27.9,27.9,28.0,28.0,28.2,28.2,28.0,28.1,28.0,28.0,28.3,28.1,28.1,28.1,28.1,28.0,28.2,28.1,27.9,28.4,28.1,28.3,28.3,28.0,28.2,28.3,28.2,28.1,28.3,28.1,28.2,28.3,28.4,28.1,28.1,28.2,28.2,28.2,28.1,27.9,28.2,28.0,28.1,28.0,28.0,28.2,28.0,27.9,27.9,28.1,28.0,28.0,27.7,27.8,27.9,27.8,27.9,27.8,27.8,27.5,27.5,27.5,27.5,27.3,27.1,27.1,27.1,26.9,26.7,27.0,27.0,26.8,26.9,26.7,26.8,26.7,26.7,26.8,26.7,26.6,26.6,26.4,26.6,26.4,26.3,26.3,26.3,26.2,26.4,26.1,26.2,26.5,26.5,26.8,27.1,27.1,27.1,27.3,27.3,27.2,27.2,27.3,27.4,27.4,27.5,27.4,27.5,27.4,27.4,27.4,27.4,27.5,27.4,27.3,27.4,27.4,27.4,27.3,27.4,27.3,27.3,27.4,27.5,27.4,27.6,27.4,27.4,27.4,27.4,27.4,27.4,27.5,27.4,27.3,27.5,27.5,27.3,27.5,27.2,27.3,27.5,27.3,27.3,27.4,27.5,27.4,27.3,27.3,27.5,27.4,27.3,27.5,27.4,27.4,27.4,27.4,27.1,27.2,27.4,27.2,27.4,27.3,27.5,27.2,27.2,27.2,27.3,27.4,27.2,27.3,27.3,27.3,27.3,27.2,27.2,27.3,27.6
237,27.9,27.7,28.1,27.9,28.0,27.9,27.9,28.1,28.0,27.9,27.9,27.9,27.9,27.9,28.2,28.1,28.1,28.1,28.1,28.1,27.9,28.0,28.0,28.1,28.0,28.1,28.0,28.3,28.1,28.3,28.2,28.2,28.2,28.1,28.3,28.1,28.1,28.3,28.3,28.2,28.1,28.1,28.2,28.2,27.9,28.1,28.2,28.1,28.3,28.0,28.3,28.1,28.1,28.1,28.0,28.0,27.9,27.9,28.0,27.9,28.1,27.8,27.9,28.2,27.8,27.9,27.7,27.8,27.7,27.9,27.7,27.7,27.8,27.4,27.5,27.6,27.4,27.4,27.2,27.2,27.1,27.0,26.9,26.9,26.9,27.0,27.0,27.0,27.0,26.9,26.7,26.8,26.8,26.7,26.6,26.6,26.4,26.5,26.5,26.6,26.4,26.3,26.5,26.3,26.3,26.2,26.5,26.8,26.8,27.1,27.2,27.2,27.2,27.3,27.5,27.2,27.3,27.4,27.2,27.4,27.3,27.4,27.4,27.4,27.4,27.4,27.4,27.3,27.3,27.5,27.5,27.6,27.4,27.4,27.4,27.6,27.3,27.3,27.5,27.5,27.4,27.3,27.5,27.3,27.3,27.3,27.3,27.5,27.4,27.3,27.3,27.5,27.4,27.2,27.2,27.4,27.4,27.3,27.4,27.4,27.3,27.4,27.4,27.4,27.3,27.3,27.2,27.5,27.2,27.4,27.4,27.3,27.3,27.5,27.2,27.4,27.3,27.4,27.3,27.4,27.4,27.2,27.3,27.3,27.1,27.3,27.2,27.4,27.2,27.4,27.4,27.3
238,28.0,27.9,27.9,27.9,27.9,27.8,28.0,28.0,28.0,28.0,28.1,27.9,28.0,28.2,28.1,28.1,27.9,28.0,27.9,27.8,28.1,28.2,28.0,28.0,28.1,28.1,28.0,28.2,28.2,28.0,28.1,28.1,28.3,28.1,28.4,28.4,28.1,28.2,28.1,28.3,28.0,28.1,28.1,28.0,28.2,28.2,28.2,28.2,28.3,28.3,28.2,28.4,28.0,28.1,28.0,28.3,28.1,28.1,28.1,28.1,28.0,27.9,27.8,28.0,27.9,28.0,27.7,27.8,27.8,27.7,27.7,27.7,27.6,27.7,27.6,27.6,27.5,27.3,27.1,27.0,27.1,27.0,27.2,26.9,27.0,26.9,26.9,26.6,26.9,27.0,26.8,26.8,26.7,26.7,26.6,26.6,26.7,26.5,26.5,26.6,26.4,26.6,26.3,26.1,26.3,26.5,26.4,26.9,26.9,27.2,27.2,27.2,27.4,27.3,27.4,27.2,27.5,27.3,27.3,27.5,27.5,27.3,27.3,27.2,27.3,27.3,27.4,27.2,27.3,27.4,27.4,27.4,27.3,27.3,27.3,27.6,27.6,27.3,27.3,27.4,27.5,27.4,27.4,27.4,27.4,27.5,27.5,27.4,27.5,27.4,27.6,27.5,27.2,27.3,27.4,27.5,27.5,27.5,27.4,27.5,27.5,27.3,27.4,27.5,27.3,27.4,27.5,27.4,27.3,27.4,27.4,27.5,27.3,27.3,27.4,27.4,27.4,27.5,27.4,27.2,27.4,27.3,27.4,27.3,27.3,27.4,27.3,27.5,27.2,27.5,27.3,27.3
239,28.0,27.9,27.9,27.8,27.9,27.9,28.0,28.1,28.0,27.9,28.0,27.9,28.0,27.9,28.0,27.9,28.0,27.9,28.0,28.0,28.0,28.0,28.1,28.0,28.1,28.1,28.2,28.2,28.1,28.0,28.2,28.1,28.1,28.1,28.1,28.3,28.1,28.1,28.1,28.2,28.0,28.3,28.1,28.3,28.1,28.0,28.2,28.1,28.1,28.0,28.1,28.2,28.1,28.1,28.2,28.0,28.1,28.0,27.9,27.9,28.2,27.9,27.8,27.8,28.0,27.9,27.9,27.8,27.8,27.7,27.7,27.6,27.6,27.6,27.7,27.7,27.5,27.2,27.0,27.0,27.1,27.0,27.1,27.0,27.0,27.0,26.8,26.8,26.8,26.6,26.7,26.9,26.8,26.6,26.7,26.6,26.4,26.6,26.5,26.5,26.4,26.4,26.3,26.4,26.2,26.3,26.5,26.9,27.0,27.2,27.1,27.2,27.2,27.3,27.1,27.3,27.2,27.3,27.3,27.2,27.2,27.5,27.2,27.4,27.4,27.3,27.3,27.5,27.3,27.2,27.2,27.5,27.4,27.3,27.2,27.5,27.6,27.3,27.3,27.5,27.5,27.4,27.4,27.5,27.3,27.5,27.2,27.2,27.2,27.3,27.4,27.5,27.4,27.3,27.3,27.2,27.2,27.3,27.3,27.4,27.4,27.4,27.3,27.3,27.3,27.4,27.4,27.4,27.4,27.2,27.2,27.3,27.2,27.5,27.0,27.5,27.5,27.4,27.2,27.1,27.2,27.2,27.4,27.3,27.5,27.2,27.4,27.4,27.1,27.1,27.5,27.2
240,27.9,28.0,28.1,28.1,28.0,28.0,28.1,27.8,28.2,27.9,28.0,27.9,28.1,27.9,28.2,28.1,28.1,27.9,28.1,28.1,28.1,28.0,28.1,28.1,27.9,28.1,28.1,28.1,28.1,28.1,28.2,28.0,28.1,28.2,28.1,28.3,28.1,28.3,28.1,28.1,28.1,28.1,28.2,28.0,28.1,28.2,28.1,28.2,28.2,28.1,27.9,28.2,28.1,27.9,28.1,27.9,28.0,27.9,27.9,27.9,28.0,28.1,27.9,27.8,27.9,28.0,27.6,27.9,27.7,27.5,27.8,27.6,27.6,27.5,27.7,27.5,27.5,27.1,27.2,27.2,27.1,27.1,27.1,27.0,27.0,27.0,26.9,27.0,27.0,26.8,26.6,26.9,26.8,26.7,26.5,26.8,26.4,26.6,26.3,26.4,26.4,26.4,26.4,26.2,26.1,26.3,26.4,26.9,27.2,27.1,27.3,27.3,27.2,27.3,27.3,27.3,27.3,27.4,27.2,27.3,27.5,27.4,27.4,27.3,27.5,27.4,27.3,27.3,27.3,27.3,27.5,27.5,27.3,27.5,27.4,27.4,27.4,27.3,27.4,27.2,27.5,27.4,27.3,27.4,27.2,27.3,27.5,27.4,27.5,27.3,27.3,27.3,27.4,27.2,27.2,27.3,27.4,27.3,27.3,27.2,27.3,27.3,27.3,27.4,27.3,27.4,27.5,27.4,27.2,27.3,27.4,27.3,27.4,27.4,27.3,27.4,27.4,27.4,27.3,27.3,27.5,27.3,27.4,27.4,27.4,27.3,27.2,27.3,27.2,27.2,27.4,27.5
241,27.7,27.8,27.9,27.9,27.9,28.0,27.9,27.9,27.9,27.8,27.9,28.1,27.9,28.2,28.0,28.0,28.0,27.9,28.0,28.1,28.1,28.0,27.8,28.1,28.2,28.3,28.0,28.1,28.3,28.1,28.1,28.1,28.2,28.2,28.1,28.3,28.0,28.0,28.2,28.4,28.2,28.2,28.1,28.2,28.2,28.1,28.2,27.9,28.0,28.1,28.0,28.2,28.0,27.9,28.1,27.8,27.9,27.9,27.9,27.9,27.9,27.8,27.8,28.0,27.9,27.9,27.9,27.7,27.7,27.8,27.7,27.7,27.7,27.6,27.5,27.5,27.3,27.2,27.0,27.0,27.0,27.2,27.1,26.9,27.0,26.9,26.7,26.8,26.8,26.8,26.8,26.8,26.8,26.6,26.6,26.6,26.6,26.4,26.3,26.4,26.5,26.3,26.2,26.3,26.3,26.3,26.6,27.0,27.0,27.0,27.2,27.3,27.1,27.3,27.1,27.4,27.3,27.2,27.2,27.2,27.5,27.3,27.6,27.5,27.5,27.4,27.3,27.5,27.4,27.4,27.4,27.4,27.5,27.3,27.4,27.4,27.4,27.3,27.2,27.4,27.3,27.5,27.4,27.3,27.5,27.2,27.5,27.3,27.4,27.2,27.5,27.5,27.4,27.4,27.4,27.5,27.2,27.4,27.2,27.3,27.3,27.3,27.3,27.3,27.5,27.3,27.3,27.2,27.4,27.2,27.4,27.4,27.3,27.2,27.5,27.4,27.4,27.4,27.2,27.1,27.3,27.3,27.4,27.3,27.3,27.4,27.3,27.3,27.2,27.2,27.3,27.3
242,27.9,28.0,27.9,27.9,27.9,27.8,27.8,27.9,28.0,27.9,28.1,27.8,27.9,27.8,27.9,28.0,27.9,28.0,27.9,28.1,28.0,28.1,28.0,28.0,28.1,28.1,28.1,28.1,27.9,28.0,27.9,28.1,28.1,28.2,28.2,28.1,28.1,28.1,28.1,28.3,27.9,28.1,28.3,28.3,28.0,28.1,28.2,28.2,28.0,28.2,28.2,28.1,28.1,28.1,27.9,27.9,27.9,27.8,28.0,27.9,27.9,28.1,27.9,28.0,28.0,27.9,27.9,27.9,27.8,27.9,27.8,27.8,27.7,27.6,27.5,27.5,27.4,27.3,27.2,27.1,27.0,27.0,27.0,27.1,27.0,27.0,26.9,26.8,26.8,26.9,26.8,26.6,26.6,26.8,26.6,26.6,26.6,26.5,26.5,26.6,26.3,26.3,26.1,26.5,26.3,26.2,26.6,26.8,27.1,27.2,27.3,27.2,27.4,27.2,27.2,27.3,27.4,27.4,27.3,27.3,27.3,27.3,27.3,27.3,27.4,27.4,27.3,27.3,27.3,27.5,27.4,27.4,27.2,27.4,27.3,27.4,27.3,27.2,27.4,27.3,27.2,27.3,27.5,27.2,27.2,27.2,27.3,27.3,27.3,27.2,27.3,27.4,27.3,27.2,27.3,27.2,27.2,27.2,27.3,27.3,27.2,27.3,27.4,27.3,27.3,27.3,27.2,27.5,27.2,27.4,27.4,27.2,27.3,27.3,27.3,27.4,27.2,27.4,27.3,27.4,27.2,27.3,27.4,27.2,27.2,27.2,27.1,27.2,27.2,27.2,27.4,27.3
243,27.8,27.9,28.1,28.0,27.9,27.9,27.9,27.9,27.8,27.9,27.8,27.8,27.9,27.8,27.9,28.0,27.9,27.9,27.8,27.9,27.8,27.9,28.1,27.9,27.8,27.9,27.9,27.9,28.1,28.1,27.9,28.1,28.0,28.0,28.0,27.8,27.9,28.0,28.0,28.2,28.2,27.9,28.0,28.1,28.0,28.3,28.1,28.2,28.0,27.9,28.0,28.3,27.9,28.0,27.8,28.0,28.0,27.7,27.7,27.8,28.0,28.0,27.8,27.9,28.0,27.9,27.7,27.8,27.7,27.8,27.9,27.5,27.7,27.5,27.4,27.5,27.4,27.2,27.2,27.1,27.1,27.0,26.9,27.1,26.9,26.8,26.7,26.7,26.9,26.8,26.8,26.6,26.6,26.7,26.6,26.5,26.6,26.5,26.3,26.3,26.3,26.1,26.1,26.2,26.0,26.2,26.7,27.0,27.1,27.2,27.2,27.2,27.3,27.2,27.4,27.3,27.3,27.3,27.2,27.3,27.1,27.3,27.3,27.2,27.2,27.4,27.3,27.3,27.2,27.2,27.2,27.4,27.4,27.1,27.4,27.2,27.2,27.2,27.3,27.2,27.2,27.2,27.4,27.2,27.2,27.1,27.3,27.4,27.3,27.2,27.4,27.3,27.3,27.3,27.2,27.4,27.2,27.2,27.2,27.1,27.2,27.4,27.3,27.2,27.2,27.2,27.2,27.5,27.3,27.4,27.4,27.3,27.2,27.3,27.3,27.3,27.3,27.2,27.2,27.2,27.2,27.2,27.4,27.3,27.4,27.4,27.3,27.2,27.1,27.1,27.5,27.3
244,27.8,27.9,27.9,27.8,27.8,28.0,27.8,27.9,28.1,27.9,27.8,28.0,28.0,28.2,28.3,27.9,28.0,27.9,28.0,27.9,28.0,28.2,28.0,28.1,28.1,27.9,28.2,27.9,28.0,28.2,28.1,27.9,28.2,28.0,28.2,28.0,28.1,28.1,28.0,27.9,27.9,28.0,28.1,28.0,28.1,28.3,28.0,28.2,27.9,28.0,28.0,28.0,28.0,27.9,27.8,27.8,28.1,27.9,27.9,27.9,27.8,27.8,27.8,27.8,27.8,27.6,27.8,27.7,27.9,27.7,27.7,27.7,27.5,27.4,27.5,27.5,27.5,27.3,27.2,27.0,27.1,27.0,27.1,26.8,26.9,26.8,26.8,27.0,26.8,26.8,26.7,26.7,26.6,26.6,26.6,26.5,26.7,26.5,26.3,26.4,26.3,26.3,26.3,26.4,26.1,26.4,26.6,27.1,27.2,27.3,27.4,27.2,27.2,27.3,27.3,27.2,27.3,27.3,27.3,27.2,27.5,27.2,27.4,27.3,27.4,27.3,27.2,27.4,27.3,27.2,27.4,27.5,27.4,27.2,27.4,27.6,27.3,27.3,27.2,27.3,27.4,27.2,27.3,27.3,27.2,27.3,27.3,27.3,27.3,27.2,27.2,27.2,27.2,27.4,27.4,27.2,27.3,27.5,27.3,27.4,27.4,27.3,27.2,27.2,27.2,27.2,27.3,27.3,27.1,27.5,27.3,27.4,27.2,27.4,27.3,27.4,27.3,27.4,27.2,27.2,27.3,27.5,27.3,27.3,27.1,27.5,27.4,27.4,27.2,27.3,27.2,27.2
245,28.0,27.8,27.8,27.8,27.8,27.6,27.9,27.8,27.8,27.8,27.8,28.0,28.0,27.8,28.0,28.0,27.9,28.1,28.0,27.9,28.0,27.9,27.9,27.9,28.0,28.0,27.8,28.1,27.9,28.0,28.0,28.0,28.0,27.9,28.2,28.0,28.1,28.0,28.1,28.3,28.1,28.3,28.2,28.2,28.0,28.1,28.2,28.3,28.0,27.8,27.8,28.2,28.1,27.9,28.0,27.9,28.1,27.9,28.0,27.7,27.9,27.8,27.9,27.9,27.8,27.7,27.7,27.6,27.7,27.8,27.7,27.6,27.5,27.5,27.6,27.5,27.4,27.3,27.3,27.0,27.2,27.2,27.0,26.9,26.8,26.8,26.7,26.7,26.8,26.7,26.6,26.6,26.6,26.6,26.5,26.4,26.3,26.3,26.2,26.3,26.3,26.4,26.1,26.3,26.2,26.5,26.8,26.8,27.2,27.4,27.4,27.2,27.4,27.3,27.2,27.4,27.2,27.3,27.2,27.2,27.3,27.3,27.3,27.2,27.3,27.3,27.2,27.4,27.2,27.4,27.3,27.4,27.2,27.1,27.2,27.2,27.3,27.3,27.2,27.2,27.4,27.2,27.3,27.3,27.1,27.3,27.3,27.1,27.3,27.1,27.3,27.3,27.2,27.2,27.4,27.4,27.2,27.3,27.2,27.2,27.5,27.3,27.2,27.2,27.3,27.2,27.0,27.3,27.3,27.2,27.3,27.2,27.3,27.5,27.3,27.1,27.4,27.1,27.4,27.2,27.4,27.1,27.2,27.3,27.4,27.3,27.3,27.4,27.2,27.1,27.3,27.3
246,27.8,27.6,28.0,27.9,27.9,27.9,27.9,27.8,27.9,27.9,27.9,27.8,27.9,28.0,28.1,28.0,27.9,28.0,27.8,27.9,28.0,27.8,28.0,27.9,27.9,28.1,28.0,28.0,27.9,27.8,28.1,27.9,27.9,27.9,27.9,27.9,28.1,28.0,28.0,28.0,27.8,28.0,28.1,28.1,27.9,28.1,27.9,28.1,28.0,27.8,27.9,28.0,27.7,27.9,27.8,27.8,27.9,27.9,27.9,27.8,27.9,27.9,27.8,27.7,27.7,27.8,27.8,27.6,27.8,27.7,27.6,27.5,27.5,27.4,27.4,27.5,27.3,27.3,27.3,27.2,27.0,27.0,27.1,27.0,26.8,26.8,26.9,26.8,26.7,26.6,26.5,26.6,26.6,26.7,26.6,26.5,26.3,26.3,26.3,26.3,26.1,26.3,26.1,26.1,26.3,26.7,26.7,26.9,27.2,27.2,27.1,27.0,27.4,27.2,27.4,27.2,27.2,27.2,27.4,27.2,27.1,27.0,27.3,27.2,27.2,27.3,27.2,27.3,27.3,27.3,27.2,27.2,27.3,27.0,27.3,27.2,27.1,27.2,27.2,27.2,27.3,27.0,27.3,27.2,27.1,27.5,27.2,27.2,27.2,27.2,27.2,27.3,27.2,27.2,27.1,27.3,27.2,27.2,27.1,26.9,27.2,27.4,27.2,27.1,27.2,27.2,27.2,27.2,27.2,27.2,27.3,27.3,27.3,27.2,27.2,27.2,27.2,27.3,27.0,27.3,27.5,27.2,27.3,27.3,27.2,27.2,27.4,27.4,27.0,27.3,27.5,27.2
247,27.9,27.7,27.9,27.9,27.7,27.6,27.9,27.8,28.1,27.9,28.0,27.8,28.1,27.8,27.9,27.8,27.9,27.8,27.9,27.9,27.9,28.0,27.9,27.9,27.8,27.9,27.9,27.9,28.0,27.8,27.9,28.0,27.9,27.9,27.8,27.9,27.8,27.9,28.0,28.0,27.9,28.0,28.0,28.0,27.9,27.7,27.8,27.9,27.7,27.8,28.0,27.9,27.8,27.8,27.8,27.7,27.8,28.0,27.7,27.7,27.8,27.7,27.8,27.7,27.7,27.9,27.6,27.7,27.6,27.7,27.6,27.5,27.5,27.5,27.5,27.4,27.4,27.4,27.1,27.2,27.2,27.0,27.0,27.1,27.0,26.9,27.0,26.8,26.9,26.8,26.6,26.4,26.6,26.6,26.2,26.3,26.3,26.4,26.5,26.4,26.3,26.2,26.5,26.5,26.6,26.6,27.0,27.0,27.1,27.1,27.2,27.2,27.3,27.0,27.3,27.1,27.2,27.3,27.3,27.1,27.2,27.2,27.1,27.2,27.1,27.2,27.2,27.2,27.2,27.3,27.3,27.1,27.2,27.1,27.0,27.1,27.3,27.1,27.1,27.1,27.3,27.1,27.2,27.1,27.1,27.2,27.0,27.2,27.0,27.2,27.0,27.1,27.2,27.2,27.2,27.1,27.1,27.4,27.1,27.2,27.1,27.2,27.0,27.3,27.1,27.1,27.0,27.2,27.1,27.3,26.8,27.1,27.1,27.3,27.2,27.1,27.4,27.2,27.0,27.2,27.1,27.2,27.1,27.2,27.4,27.3,27.3,27.3,27.2,27.1,27.2,27.2
248,27.9,27.8,27.8,27.7,27.5,27.7,27.9,27.8,27.8,27.8,27.8,27.8,27.8,27.7,27.8,27.8,27.9,27.8,28.0,27.8,27.8,28.0,28.1,27.7,27.9,27.9,27.9,27.9,27.9,28.0,27.9,28.1,28.0,27.9,28.1,28.1,27.9,28.0,28.1,27.8,28.0,27.9,27.9,28.0,28.0,28.1,27.9,28.0,27.9,28.1,27.8,27.9,28.0,27.9,27.9,27.9,27.9,27.9,27.9,27.9,27.9,27.8,27.8,27.8,27.6,27.6,27.7,27.5,27.6,27.6,27.6,27.6,27.5,27.5,27.3,27.2,27.2,27.3,27.1,27.4,27.2,27.1,27.0,26.9,27.0,26.9,26.7,26.8,26.6,26.6,26.6,26.4,26.6,26.5,26.4,26.3,26.1,26.4,26.6,26.7,26.4,26.6,26.6,26.5,26.6,26.8,26.8,27.1,26.8,27.1,27.2,27.1,27.0,27.1,27.3,27.3,27.2,26.9,27.1,27.2,27.1,27.0,27.2,27.1,27.1,27.2,27.2,27.1,27.1,27.2,27.0,27.1,27.2,27.1,27.2,27.1,27.0,27.1,27.0,27.1,27.2,27.1,27.2,27.1,26.8,27.0,26.9,27.0,27.2,27.0,27.3,27.0,27.2,27.1,27.2,27.1,27.1,27.3,27.2,27.1,27.2,27.2,27.0,27.3,27.2,27.0,27.2,27.1,27.2,27.1,27.0,27.4,27.3,27.4,27.2,27.0,27.4,27.3,27.1,27.1,27.4,27.2,27.2,27.3,27.1,27.0,27.3,27.2,27.2,27.2,27.2,27.4
249,27.6,27.7,27.9,27.7,27.6,27.7,27.6,27.7,27.7,27.7,27.7,27.7,27.6,27.9,27.8,27.9,27.8,27.7,27.7,27.9,27.8,27.9,27.7,27.8,28.0,27.8,27.9,27.9,27.9,27.7,27.8,27.8,28.0,27.9,28.0,27.8,27.9,27.9,28.1,28.1,27.9,27.9,27.9,28.0,27.9,28.0,28.0,27.9,27.6,27.8,27.6,27.8,27.8,27.7,27.7,27.7,28.1,27.7,27.7,27.9,27.8,27.8,27.6,27.6,27.8,27.7,27.6,27.8,27.5,27.5,27.5,27.5,27.4,27.2,27.3,27.4,27.2,27.1,27.1,27.3,27.2,27.0,27.0,27.0,27.0,26.5,26.6,26.6,26.6,26.6,26.6,26.5,26.3,26.4,26.3,26.3,26.3,26.6,26.6,26.6,26.6,26.8,26.6,26.7,26.7,27.0,27.1,27.3,26.9,27.0,27.2,27.0,27.1,27.2,27.3,27.2,27.2,27.2,27.0,27.0,27.2,27.0,27.1,27.2,27.2,27.0,26.8,27.2,27.2,27.1,27.1,27.0,26.9,26.9,26.9,27.0,27.0,27.0,27.1,27.2,27.3,26.9,26.8,27.1,27.0,27.2,27.1,27.2,26.9,27.0,27.2,27.3,26.9,27.1,27.0,27.1,27.2,27.2,27.2,27.3,27.1,27.0,27.1,27.0,27.2,27.1,27.2,27.2,27.1,27.2,27.1,27.1,27.2,27.2,27.1,26.9,27.2,27.4,27.2,26.7,27.2,26.8,27.2,26.9,27.1,27.2,27.0,27.2,27.3,27.4,27.0,27.1
250,27.6,27.8,27.7,27.9,27.7,27.8,27.8,27.8,27.7,27.7,27.6,27.8,27.6,28.0,27.9,27.9,27.7,27.7,27.8,27.8,27.8,27.9,27.8,27.6,27.7,27.8,27.7,27.7,27.9,27.8,27.7,27.9,27.9,27.7,27.8,27.7,27.7,27.8,27.7,27.9,27.9,27.9,27.9,27.8,27.8,27.8,27.7,27.9,27.8,27.9,27.9,27.8,27.9,27.7,27.8,27.8,27.8,27.6,27.8,27.7,27.9,27.7,27.6,27.5,27.5,27.5,27.6,27.5,27.5,27.4,27.2,27.4,27.5,27.3,27.1,27.2,27.3,27.2,27.2,27.1,27.0,27.1,27.0,27.0,27.0,26.8,26.8,26.7,26.5,26.5,26.3,26.4,26.3,26.3,26.2,26.3,26.2,26.5,26.6,26.7,26.9,26.7,26.8,27.0,26.9,26.8,27.0,26.9,27.0,27.1,26.9,27.1,27.1,27.0,27.1,27.2,27.0,27.2,27.0,27.0,27.0,26.9,26.9,26.9,27.0,27.0,27.1,27.0,27.0,27.0,27.0,26.8,27.0,27.0,27.1,27.2,27.0,27.0,26.8,27.0,27.0,27.1,26.9,27.2,27.1,27.1,27.0,26.8,27.1,27.0,27.0,27.0,27.0,27.2,27.0,27.0,27.2,27.0,27.0,27.1,26.8,27.1,27.0,27.0,27.1,27.0,27.2,27.0,27.1,27.0,27.1,27.0,27.1,27.3,27.1,27.2,27.0,27.0,27.0,27.0,27.2,26.9,27.2,27.2,27.3,27.1,27.1,27.2,27.2,27.2,27.4,27.2
251,27.6,27.9,27.6,27.7,27.6,27.7,27.9,27.6,27.7,27.8,27.7,27.7,27.7,27.6,27.7,27.7,27.9,27.7,27.9,27.8,27.9,27.8,28.0,27.7,27.8,27.8,27.9,27.8,27.8,27.8,27.9,27.9,27.8,27.9,28.0,28.0,27.9,27.7,27.9,27.8,27.8,27.8,27.7,27.8,27.8,27.9,27.7,27.8,27.7,27.9,27.8,27.8,27.7,27.7,27.7,27.8,27.7,27.7,27.6,27.7,27.6,27.7,27.5,27.5,27.6,27.5,27.6,27.5,27.5,27.5,27.6,27.5,27.4,27.6,27.1,27.4,27.2,27.2,27.2,27.1,27.0,27.0,27.1,27.1,26.8,26.9,26.6,26.6,26.5,26.6,26.4,26.5,26.2,26.3,26.1,26.2,26.3,26.6,26.7,26.7,26.8,26.7,27.0,26.9,26.8,26.9,27.0,27.0,27.0,27.0,26.8,27.0,26.9,27.0,27.0,27.0,27.0,27.1,27.0,27.0,27.2,27.0,27.0,26.9,27.0,27.1,26.8,26.9,26.9,26.8,26.8,27.1,27.0,27.0,26.8,27.1,26.9,27.1,27.1,27.1,26.9,26.9,27.0,27.0,27.0,27.1,26.9,26.9,27.0,27.0,27.0,26.8,27.1,26.9,27.0,27.0,27.0,27.0,27.2,27.1,27.1,27.1,27.0,27.1,27.1,27.0,27.0,27.1,27.2,27.0,27.0,27.0,26.8,27.2,27.2,27.0,27.3,27.0,27.0,27.0,27.1,27.1,27.0,27.2,27.1,27.2,27.0,27.3,27.1,27.2,27.2,27.1
252,27.6,27.7,27.8,27.8,27.5,27.7,27.5,27.6,27.8,27.7,27.6,27.6,27.6,27.5,27.7,27.9,27.5,27.7,27.7,27.8,27.8,27.8,27.7,27.6,27.8,27.8,27.7,27.6,27.8,27.7,27.9,27.7,27.8,27.8,27.9,27.7,27.8,27.7,27.8,27.9,27.9,27.7,27.9,27.9,27.7,27.8,27.7,27.9,27.6,27.7,27.8,27.8,27.8,27.8,27.8,27.7,27.8,27.7,27.6,27.5,27.8,27.7,27.6,27.7,27.5,27.5,27.5,27.4,27.4,27.3,27.3,27.3,27.3,27.4,27.5,27.2,27.1,27.0,27.2,27.2,27.1,26.9,27.0,27.0,26.9,26.6,26.6,26.5,26.5,26.6,26.4,26.3,26.3,26.3,26.0,26.3,26.3,26.6,26.6,26.8,26.7,26.9,27.1,26.9,26.9,27.0,26.9,26.9,27.2,26.9,27.0,27.1,27.0,27.1,26.8,27.0,26.9,27.0,27.0,26.9,27.1,26.8,27.0,27.0,27.0,27.0,26.9,27.0,27.0,26.8,27.0,26.8,26.7,27.1,26.8,27.0,27.0,26.7,27.0,26.9,27.0,26.8,26.9,27.0,27.0,27.0,27.0,26.9,26.8,27.0,26.8,26.8,27.0,27.0,27.0,27.0,26.9,26.9,26.9,27.0,27.1,26.9,27.1,26.8,27.2,27.0,27.0,27.1,26.8,27.0,27.0,27.1,27.2,27.2,27.1,27.2,27.1,27.1,27.1,27.1,27.2,27.1,27.0,27.3,27.2,27.3,27.1,27.1,27.2,27.4,27.2,27.0
253,27.7,27.7,27.7,27.7,27.7,27.7,27.7,27.7,27.7,27.6,27.8,27.7,27.4,27.9,27.7,27.7,27.7,27.6,27.8,27.5,27.8,27.8,27.8,27.7,27.8,27.7,27.7,27.5,27.8,27.8,27.9,27.9,28.0,27.6,27.8,27.8,27.9,27.7,27.7,27.9,27.7,27.7,27.8,27.8,27.7,28.0,27.8,27.7,27.7,27.7,27.9,27.7,27.9,27.5,27.6,27.5,27.9,27.7,27.5,27.6,27.7,27.7,27.5,27.5,27.7,27.6,27.5,27.4,27.3,27.4,27.4,27.3,27.3,27.1,27.3,27.2,27.2,27.3,27.0,27.1,27.1,27.0,27.0,27.1,26.8,26.6,26.4,26.6,26.5,26.6,26.4,26.4,26.3,26.1,26.2,26.2,26.2,26.7,26.8,26.8,26.9,26.9,27.0,27.1,27.0,27.1,26.9,27.0,26.9,27.2,26.9,26.9,27.0,26.9,27.0,26.8,26.9,27.0,26.7,27.0,27.0,26.8,26.8,26.8,26.8,27.0,27.0,26.8,26.9,26.8,27.0,26.9,26.8,26.9,26.9,26.9,27.0,26.8,26.8,26.8,26.8,26.7,26.9,26.9,26.8,26.9,27.0,27.0,27.1,26.9,27.0,27.0,27.0,26.9,27.0,26.8,26.8,27.0,27.0,27.1,26.9,27.1,27.0,27.1,26.9,27.0,26.9,27.2,27.2,27.2,27.2,27.0,27.2,27.0,27.1,27.3,27.1,27.1,27.2,27.2,27.1,27.0,27.1,27.0,27.0,27.1,27.1,27.0,27.2,27.1,27.1,27.3
254,27.9,27.9,27.8,27.7,27.7,27.8,27.6,27.7,27.7,27.8,27.8,27.7,27.8,27.7,27.8,27.7,27.9,27.9,28.0,27.7,27.8,27.8,27.8,28.0,27.7,27.7,27.7,27.8,27.8,27.9,27.6,27.7,27.8,27.9,28.0,27.9,28.0,27.9,27.9,27.7,27.6,27.9,27.7,27.9,27.9,27.9,27.8,27.7,27.8,27.7,27.7,27.6,27.8,27.7,27.8,27.7,27.7,27.7,27.7,27.7,27.6,27.5,27.4,27.7,27.6,27.4,27.4,27.4,27.3,27.2,27.4,27.2,27.4,27.2,27.3,27.2,27.2,27.2,27.0,27.3,27.1,26.8,26.9,27.0,26.8,26.6,26.7,26.4,26.3,26.3,26.2,26.4,26.3,26.1,26.1,26.1,26.4,26.9,26.7,26.7,26.9,27.0,27.0,27.0,27.1,27.0,27.0,26.8,27.0,27.1,26.8,27.0,27.0,26.8,27.0,27.0,27.0,27.0,26.9,26.8,26.9,27.0,27.2,26.9,26.9,26.9,26.8,26.8,26.8,26.9,26.7,27.0,27.0,26.8,26.6,27.0,26.8,26.7,26.9,26.7,27.0,26.7,26.6,27.0,26.8,26.7,26.8,27.0,26.9,26.9,27.1,27.0,26.8,26.9,26.9,26.9,26.8,27.0,27.1,26.9,26.9,27.1,27.0,26.9,27.1,27.0,27.0,27.0,26.9,27.0,27.1,27.1,26.7,27.0,27.1,27.0,27.1,27.2,27.2,27.0,27.1,27.0,27.0,27.1,27.2,27.1,27.2,27.1,27.1,27.1,27.4,27.2
255,27.7,27.7,27.7,27.6,27.6,27.5,27.6,27.7,27.7,27.8,27.7,27.7,27.8,27.5,27.9,27.9,27.7,27.7,27.8,27.9,27.9,27.7,27.7,27.6,27.7,27.8,27.7,27.8,27.8,27.9,27.9,27.7,27.7,27.9,27.8,27.8,27.9,27.7,27.7,28.0,27.7,27.7,27.6,27.8,27.6,27.7,27.8,27.6,27.8,27.8,27.5,27.8,27.6,27.5,27.5,27.7,27.6,27.6,27.6,27.5,27.7,27.4,27.5,27.5,27.4,27.5,27.4,27.3,27.1,27.2,27.0,27.4,27.2,27.2,27.2,27.4,27.0,27.2,27.2,27.0,27.1,27.0,27.0,26.7,26.8,26.7,26.6,26.3,26.4,26.5,26.2,26.3,26.2,26.1,26.3,26.2,26.3,26.6,26.8,26.9,26.8,27.1,27.0,27.0,26.8,26.8,27.0,27.0,27.0,26.8,26.8,27.0,27.0,26.8,26.9,26.8,27.0,26.9,27.0,26.9,26.9,26.8,27.0,27.0,27.0,27.0,26.8,26.8,27.0,26.6,26.8,26.8,26.8,26.7,26.9,27.0,26.7,26.8,26.8,26.9,26.8,26.8,26.8,26.7,26.9,27.0,26.9,26.8,27.0,27.0,27.0,26.9,27.0,26.8,27.0,27.0,26.8,26.9,27.0,26.9,26.8,26.9,26.8,26.8,27.0,27.0,27.0,27.1,27.0,26.8,27.1,27.0,27.0,27.1,27.0,27.2,27.0,27.0,27.0,27.1,27.0,26.8,27.0,27.0,27.0,26.9,27.2,27.0,27.2,27.2,27.2,27.2
