文件路径:,C:\Users\23589\Desktop\物理实验竞赛\实验数据（黑胶带版）\case15_香橙派5Pro黑胶带_满负载\data\HM20260727204422.csv
源热像文件:,C:\Users\23589\Desktop\物理实验竞赛\实验数据（黑胶带版）\case15_香橙派5Pro黑胶带_满负载\photo\HM20260727204422.jpeg

测温单位,摄氏度
图像宽度,192
图像高度,256

全局
统计:,,平均值:,28.9
,,最小值:,27.8
,,最大值:,30.6

坐标Y\X,0,1,2,3,4,5,6,7,8,9,10,11,12,13,14,15,16,17,18,19,20,21,22,23,24,25,26,27,28,29,30,31,32,33,34,35,36,37,38,39,40,41,42,43,44,45,46,47,48,49,50,51,52,53,54,55,56,57,58,59,60,61,62,63,64,65,66,67,68,69,70,71,72,73,74,75,76,77,78,79,80,81,82,83,84,85,86,87,88,89,90,91,92,93,94,95,96,97,98,99,100,101,102,103,104,105,106,107,108,109,110,111,112,113,114,115,116,117,118,119,120,121,122,123,124,125,126,127,128,129,130,131,132,133,134,135,136,137,138,139,140,141,142,143,144,145,146,147,148,149,150,151,152,153,154,155,156,157,158,159,160,161,162,163,164,165,166,167,168,169,170,171,172,173,174,175,176,177,178,179,180,181,182,183,184,185,186,187,188,189,190,191
0,28.2,28.2,28.2,28.2,28.2,28.1,28.1,28.3,28.2,28.0,28.2,28.3,28.0,28.1,28.2,28.1,28.2,28.2,28.2,28.0,28.3,28.2,28.1,28.1,28.3,28.3,28.1,28.2,28.2,28.3,28.1,28.3,28.3,28.3,28.4,28.2,28.3,28.2,28.2,28.1,28.3,28.3,28.4,28.3,28.3,28.3,28.3,28.3,28.3,28.3,28.3,28.3,28.3,28.3,28.2,28.5,28.4,28.4,28.4,28.1,28.3,28.2,28.3,28.1,28.3,28.2,28.3,28.5,28.3,28.2,28.3,28.3,28.4,28.2,28.5,28.3,28.2,28.2,28.2,28.3,28.3,28.3,28.2,28.3,28.2,28.3,28.2,28.4,28.5,28.4,28.3,28.3,28.1,28.2,28.2,28.5,28.3,28.3,28.4,28.2,28.4,28.2,28.4,28.3,28.2,28.3,28.4,28.4,28.5,28.5,28.3,28.4,28.5,28.3,28.4,28.3,28.3,28.3,28.4,28.2,28.2,28.3,28.3,28.3,28.4,28.3,28.3,28.5,28.5,28.5,28.4,28.3,28.3,28.4,28.3,28.2,28.3,28.3,28.3,28.3,28.3,28.2,28.4,28.2,28.2,28.3,28.2,28.4,28.3,28.4,28.3,28.3,28.3,28.2,28.2,28.3,28.1,28.4,28.3,28.3,28.4,28.3,28.3,28.3,28.3,28.3,28.3,28.3,28.3,28.3,28.2,28.2,28.3,28.2,28.2,28.3,28.4,28.3,28.3,28.2,28.2,28.3,28.3,28.3,28.1,28.3,28.2,28.3,28.2,28.3,28.3,28.2
1,28.1,28.1,28.1,28.2,28.2,28.3,28.0,28.1,28.1,28.0,28.1,28.1,28.1,28.1,28.1,28.2,28.1,28.1,28.1,28.2,28.1,28.0,28.1,28.0,28.1,28.3,28.2,28.2,28.1,28.3,28.2,28.1,28.2,28.1,28.1,28.1,28.1,28.2,28.2,28.1,28.2,28.2,28.2,28.2,28.3,28.2,28.1,28.1,28.2,28.3,28.2,28.3,28.3,28.2,28.2,28.3,28.3,28.2,28.2,28.3,28.4,28.4,28.3,28.4,28.3,28.2,28.2,28.3,28.1,28.3,28.2,28.2,28.2,28.4,28.4,28.5,28.3,28.3,28.3,28.3,28.3,28.3,28.3,28.4,28.4,28.4,28.3,28.3,28.5,28.3,28.3,28.3,28.2,28.2,28.3,28.2,28.4,28.3,28.3,28.3,28.1,28.3,28.3,28.4,28.2,28.2,28.3,28.3,28.5,28.4,28.5,28.3,28.4,28.2,28.3,28.4,28.2,28.4,28.3,28.3,28.4,28.3,28.2,28.3,28.3,28.3,28.4,28.3,28.3,28.4,28.4,28.6,28.4,28.3,28.3,28.2,28.2,28.4,28.1,28.2,28.3,28.3,28.4,28.2,28.4,28.3,28.4,28.1,28.3,28.2,28.3,28.4,28.3,28.3,28.3,28.4,28.4,28.3,28.4,28.4,28.3,28.2,28.2,28.3,28.2,28.1,28.3,28.3,28.2,28.1,28.2,28.0,28.3,28.2,28.4,28.1,28.3,28.5,28.4,28.3,28.4,28.4,28.4,28.3,28.2,28.3,28.3,28.2,28.3,28.1,28.1,28.2
2,28.1,28.1,28.0,28.1,28.1,28.3,28.0,28.1,28.3,28.0,28.1,28.2,28.2,28.1,28.2,28.1,28.1,28.1,28.2,28.1,28.2,28.2,28.3,28.2,28.1,28.1,28.2,28.0,28.3,28.1,28.1,28.0,28.3,28.1,28.2,28.1,28.3,28.1,28.3,28.4,28.3,28.2,28.4,28.1,28.1,28.3,28.3,28.2,28.2,28.3,28.2,28.3,28.2,28.3,28.3,28.3,28.3,28.3,28.3,28.2,28.3,28.2,28.2,28.3,28.1,28.3,28.2,28.3,28.2,28.4,28.3,28.4,28.3,28.2,28.4,28.3,28.2,28.2,28.3,28.3,28.2,28.3,28.3,28.4,28.3,28.4,28.2,28.3,28.2,28.3,28.5,28.3,28.2,28.3,28.3,28.3,28.5,28.3,28.2,28.3,28.3,28.3,28.3,28.5,28.3,28.5,28.5,28.3,28.5,28.2,28.2,28.5,28.2,28.5,28.3,28.3,28.2,28.2,28.5,28.4,28.2,28.3,28.3,28.4,28.2,28.3,28.4,28.4,28.4,28.3,28.3,28.4,28.1,28.3,28.5,28.3,28.3,28.3,28.5,28.5,28.4,28.2,28.2,28.4,28.2,28.5,28.2,28.5,28.3,28.2,28.3,28.3,28.4,28.3,28.5,28.3,28.3,28.3,28.3,28.3,28.5,28.2,28.3,28.3,28.4,28.4,28.3,28.4,28.2,28.3,28.4,28.3,28.3,28.2,28.1,28.3,28.2,28.3,28.3,28.2,28.2,28.2,28.1,28.3,28.3,28.1,28.1,28.1,28.0,28.1,28.5,28.2
3,28.3,28.1,28.2,28.2,28.3,28.2,28.1,27.9,28.1,28.1,28.2,28.1,28.1,28.2,28.2,28.1,28.1,28.1,28.1,28.0,28.3,28.0,28.3,28.2,28.1,28.2,28.4,28.2,28.1,28.2,28.1,28.2,28.2,28.1,28.1,28.3,28.2,28.3,28.1,28.3,28.1,28.3,28.4,28.4,28.3,28.2,28.2,28.3,28.1,28.3,28.2,28.2,28.2,28.3,28.3,28.5,28.1,28.3,28.3,28.3,28.3,28.2,28.2,28.2,28.1,28.3,28.2,28.2,28.3,28.4,28.4,28.3,28.1,28.2,28.2,28.3,28.3,28.3,28.2,28.2,28.3,28.4,28.4,28.5,28.2,28.3,28.3,28.6,28.6,28.5,28.4,28.1,28.3,28.4,28.3,28.4,28.5,28.4,28.3,28.5,28.5,28.2,28.4,28.3,28.3,28.4,28.2,28.3,28.4,28.4,28.4,28.5,28.3,28.3,28.4,28.3,28.2,28.5,28.5,28.3,28.4,28.3,28.1,28.3,28.4,28.3,28.3,28.4,28.5,28.3,28.4,28.2,28.5,28.2,28.4,28.3,28.3,28.3,28.3,28.5,28.3,28.3,28.3,28.3,28.3,28.3,28.4,28.2,28.2,28.3,28.5,28.4,28.3,28.3,28.3,28.3,28.3,28.4,28.5,28.3,28.3,28.2,28.3,28.3,28.4,28.2,28.3,28.5,28.4,28.2,28.3,28.4,28.3,28.3,28.4,28.2,28.1,28.3,28.3,28.2,28.3,28.1,28.2,28.3,28.4,28.3,28.3,28.3,28.1,28.2,28.3,28.4
4,28.2,28.3,28.0,28.1,28.2,28.1,28.1,28.2,28.0,28.1,28.2,28.1,28.0,28.3,28.2,28.1,28.1,28.1,28.3,28.0,28.3,28.2,28.2,28.1,28.3,28.3,28.2,28.1,28.4,28.4,28.3,28.2,28.2,28.2,28.3,28.3,28.2,28.3,28.2,28.3,28.1,28.2,28.4,28.2,28.3,28.1,28.3,28.4,28.3,28.1,28.2,28.1,28.1,28.3,28.1,28.3,28.1,28.1,28.2,28.1,28.3,28.2,28.3,28.2,28.4,28.3,28.1,28.2,28.3,28.4,28.3,28.3,28.3,28.3,28.5,28.5,28.4,28.3,28.3,28.3,28.4,28.5,28.4,28.3,28.3,28.3,28.3,28.4,28.4,28.3,28.3,28.4,28.2,28.5,28.4,28.2,28.3,28.4,28.2,28.4,28.3,28.3,28.3,28.4,28.3,28.4,28.5,28.6,28.3,28.1,28.5,28.4,28.4,28.2,28.4,28.4,28.5,28.3,28.4,28.3,28.5,28.5,28.3,28.3,28.3,28.2,28.3,28.6,28.3,28.4,28.3,28.2,28.3,28.3,28.5,28.2,28.3,28.3,28.2,28.3,28.2,28.3,28.3,28.4,28.4,28.4,28.3,28.5,28.2,28.5,28.4,28.3,28.3,28.4,28.4,28.3,28.4,28.4,28.2,28.3,28.3,28.2,28.3,28.1,28.3,28.3,28.3,28.3,28.3,28.2,28.2,28.2,28.3,28.4,28.1,28.1,28.2,28.4,28.3,28.2,28.2,28.3,28.3,28.3,28.2,28.1,28.2,28.1,28.1,28.4,28.3,28.3
5,28.1,28.2,28.1,28.0,28.3,28.1,28.2,28.1,28.2,28.1,28.2,28.1,28.1,28.2,28.1,28.2,28.1,28.1,28.2,28.1,28.1,28.1,28.2,28.1,28.2,28.0,28.3,28.3,28.0,28.2,28.2,28.1,28.3,28.3,28.1,28.3,28.2,28.3,28.1,28.2,28.3,28.4,28.3,28.5,28.4,28.3,28.4,28.5,28.3,28.2,28.3,28.4,28.3,28.4,28.3,28.3,28.5,28.3,28.4,28.3,28.3,28.3,28.3,28.3,28.3,28.3,28.5,28.5,28.3,28.3,28.4,28.4,28.3,28.3,28.4,28.5,28.3,28.4,28.3,28.3,28.3,28.3,28.3,28.4,28.3,28.3,28.4,28.4,28.3,28.4,28.5,28.5,28.5,28.3,28.4,28.3,28.3,28.5,28.3,28.3,28.5,28.3,28.5,28.5,28.3,28.4,28.5,28.2,28.4,28.3,28.3,28.3,28.3,28.3,28.3,28.3,28.2,28.4,28.4,28.3,28.5,28.3,28.2,28.3,28.5,28.5,28.3,28.4,28.3,28.3,28.3,28.3,28.2,28.3,28.5,28.3,28.3,28.5,28.2,28.4,28.4,28.2,28.2,28.4,28.3,28.4,28.4,28.3,28.5,28.5,28.4,28.3,28.3,28.4,28.4,28.3,28.3,28.4,28.3,28.3,28.3,28.4,28.3,28.3,28.2,28.2,28.2,28.4,28.5,28.5,28.3,28.3,28.5,28.1,28.3,28.3,28.3,28.3,28.3,28.3,28.3,28.4,28.5,28.2,28.4,28.3,28.2,28.2,28.2,28.0,28.2,28.2
6,28.0,28.1,28.3,28.2,28.1,28.1,28.0,28.3,28.1,28.0,28.1,28.2,28.1,28.0,28.1,28.2,28.1,28.1,28.1,28.2,28.1,28.3,28.4,28.1,28.0,28.1,28.2,28.3,28.2,28.0,28.1,28.2,28.3,28.2,28.3,28.3,28.1,28.3,28.1,28.3,28.5,28.3,28.4,28.1,28.1,28.4,28.3,28.3,28.2,28.3,28.2,28.2,28.3,28.2,28.3,28.3,28.3,28.3,28.3,28.4,28.3,28.3,28.2,28.4,28.2,28.4,28.3,28.3,28.3,28.2,28.3,28.2,28.2,28.3,28.5,28.4,28.2,28.3,28.3,28.4,28.3,28.3,28.2,28.5,28.4,28.2,28.4,28.4,28.3,28.4,28.2,28.4,28.2,28.5,28.2,28.3,28.4,28.5,28.6,28.4,28.3,28.3,28.4,28.5,28.3,28.3,28.3,28.4,28.5,28.4,28.3,28.4,28.4,28.3,28.1,28.3,28.3,28.5,28.2,28.5,28.2,28.3,28.3,28.4,28.4,28.2,28.2,28.5,28.5,28.3,28.3,28.6,28.3,28.4,28.3,28.4,28.3,28.3,28.3,28.4,28.3,28.1,28.2,28.3,28.5,28.3,28.3,28.4,28.2,28.3,28.3,28.3,28.1,28.3,28.3,28.3,28.2,28.3,28.5,28.2,28.3,28.3,28.4,28.1,28.4,28.3,28.2,28.2,28.3,28.2,28.1,28.2,28.2,28.2,28.2,28.3,28.3,28.3,28.3,28.1,28.2,28.3,28.3,28.4,28.1,28.2,28.2,28.1,28.2,28.2,28.2,28.2
7,28.2,28.0,28.2,28.1,28.2,28.1,28.1,28.1,28.1,28.0,28.2,28.3,28.0,28.2,28.2,28.1,28.1,28.1,28.2,28.2,28.2,28.2,28.3,28.2,28.4,28.3,28.3,28.2,28.2,28.1,28.3,28.4,28.1,28.2,28.1,28.3,28.1,28.1,28.3,28.1,28.3,28.3,28.3,28.3,28.2,28.3,28.3,28.2,28.1,28.2,28.3,28.2,28.2,28.0,28.5,28.3,28.3,28.5,28.4,28.4,28.5,28.3,28.3,28.3,28.2,28.2,28.2,28.3,28.3,28.1,28.5,28.4,28.2,28.3,28.5,28.3,28.2,28.3,28.4,28.3,28.3,28.4,28.5,28.5,28.6,28.2,28.2,28.3,28.4,28.6,28.5,28.3,28.4,28.5,28.5,28.3,28.3,28.4,28.4,28.4,28.5,28.5,28.3,28.3,28.4,28.3,28.4,28.3,28.4,28.2,28.4,28.4,28.4,28.3,28.3,28.3,28.5,28.3,28.4,28.5,28.4,28.5,28.4,28.3,28.3,28.4,28.4,28.5,28.3,28.2,28.4,28.4,28.5,28.4,28.3,28.5,28.3,28.4,28.3,28.4,28.4,28.4,28.3,28.3,28.4,28.3,28.5,28.3,28.5,28.3,28.5,28.2,28.2,28.3,28.6,28.4,28.3,28.3,28.3,28.2,28.3,28.3,28.4,28.3,28.4,28.3,28.3,28.3,28.1,28.2,28.1,28.1,28.2,28.2,28.4,28.1,28.3,28.2,28.2,28.2,28.4,28.2,28.3,28.2,28.1,28.1,28.2,28.2,28.2,28.3,28.3,28.3
8,28.1,28.2,28.1,28.1,28.1,28.2,28.1,28.3,28.3,28.0,28.1,28.0,28.0,28.2,28.3,28.2,28.1,28.1,28.1,28.3,28.3,28.1,28.1,28.3,28.2,28.2,28.1,28.3,28.1,28.4,28.3,28.4,28.3,28.2,28.3,28.1,28.3,28.2,28.2,28.2,28.1,28.3,28.3,28.3,28.3,28.3,28.3,28.5,28.3,28.3,28.2,28.2,28.3,28.2,28.3,28.4,28.3,28.3,28.1,28.2,28.2,28.2,28.3,28.3,28.2,28.4,28.1,28.3,28.2,28.3,28.5,28.3,28.3,28.3,28.4,28.5,28.2,28.3,28.2,28.3,28.5,28.3,28.2,28.4,28.6,28.3,28.2,28.5,28.3,28.5,28.3,28.3,28.5,28.5,28.4,28.3,28.4,28.3,28.3,28.5,28.3,28.5,28.3,28.3,28.5,28.6,28.3,28.3,28.4,28.4,28.5,28.4,28.4,28.3,28.3,28.3,28.5,28.5,28.5,28.4,28.3,28.4,28.3,28.3,28.3,28.1,28.3,28.4,28.3,28.5,28.3,28.5,28.5,28.5,28.3,28.3,28.2,28.2,28.5,28.2,28.2,28.1,28.3,28.4,28.1,28.3,28.3,28.3,28.4,28.5,28.4,28.4,28.2,28.3,28.3,28.5,28.4,28.3,28.4,28.3,28.2,28.4,28.1,28.2,28.3,28.3,28.3,28.3,28.2,28.2,28.3,28.4,28.5,28.3,28.3,28.5,28.3,28.4,28.3,28.4,28.4,28.4,28.2,28.4,28.3,28.3,28.2,28.3,28.2,28.2,28.2,28.2
9,28.1,28.2,28.2,28.2,28.2,28.3,28.3,28.0,28.0,28.2,28.2,28.2,28.2,28.1,28.4,28.2,28.2,28.1,28.2,28.3,28.1,28.1,28.1,28.2,28.2,28.3,28.3,28.1,28.3,28.2,28.3,28.3,28.3,28.3,28.2,28.3,28.3,28.3,28.2,28.2,28.1,28.3,28.3,28.3,28.3,28.3,28.2,28.4,28.2,28.2,28.3,28.3,28.3,28.3,28.3,28.3,28.2,28.3,28.3,28.3,28.3,28.4,28.3,28.3,28.3,28.2,28.3,28.5,28.3,28.5,28.3,28.4,28.6,28.3,28.4,28.3,28.4,28.3,28.5,28.5,28.4,28.3,28.4,28.5,28.4,28.4,28.4,28.4,28.5,28.5,28.4,28.4,28.3,28.5,28.5,28.5,28.4,28.4,28.4,28.3,28.3,28.3,28.5,28.5,28.5,28.7,28.3,28.5,28.6,28.4,28.4,28.6,28.3,28.2,28.4,28.3,28.4,28.5,28.5,28.3,28.2,28.3,28.5,28.4,28.3,28.4,28.4,28.3,28.3,28.3,28.5,28.4,28.4,28.5,28.4,28.2,28.3,28.3,28.5,28.5,28.4,28.3,28.3,28.2,28.5,28.5,28.3,28.4,28.3,28.5,28.5,28.5,28.3,28.4,28.3,28.5,28.2,28.4,28.5,28.2,28.3,28.3,28.2,28.3,28.1,28.5,28.4,28.4,28.1,28.3,28.3,28.0,28.2,28.3,28.4,28.3,28.1,28.3,28.4,28.2,28.3,28.2,28.4,28.3,28.3,28.2,28.1,28.3,28.3,28.3,28.4,28.3
10,28.2,28.1,28.2,28.1,28.2,28.1,28.2,28.1,28.3,28.1,28.0,28.2,28.1,28.1,28.3,28.2,28.3,28.0,28.2,28.1,28.3,28.1,28.3,28.2,28.3,28.1,28.3,28.1,28.2,28.1,28.3,28.3,28.3,28.5,28.3,28.2,28.4,28.3,28.3,28.2,28.3,28.3,28.2,28.4,28.2,28.2,28.3,28.4,28.2,28.3,28.5,28.2,28.4,28.3,28.1,28.3,28.4,28.2,28.3,28.3,28.3,28.5,28.3,28.3,28.3,28.3,28.5,28.1,28.4,28.5,28.3,28.3,28.2,28.4,28.5,28.3,28.4,28.2,28.5,28.5,28.3,28.2,28.4,28.6,28.4,28.4,28.3,28.3,28.3,28.5,28.4,28.4,28.2,28.5,28.4,28.5,28.5,28.7,28.5,28.5,28.5,28.5,28.4,28.3,28.4,28.5,28.5,28.2,28.6,28.5,28.3,28.3,28.4,28.4,28.4,28.3,28.3,28.5,28.3,28.3,28.5,28.3,28.4,28.3,28.3,28.3,28.3,28.5,28.5,28.3,28.4,28.3,28.3,28.3,28.4,28.4,28.5,28.4,28.3,28.5,28.2,28.3,28.3,28.3,28.6,28.5,28.3,28.3,28.3,28.3,28.5,28.3,28.4,28.3,28.3,28.3,28.3,28.3,28.3,28.3,28.4,28.5,28.6,28.5,28.2,28.5,28.3,28.3,28.3,28.5,28.3,28.2,28.1,28.3,28.6,28.3,28.3,28.4,28.2,28.2,28.3,28.1,28.1,28.3,28.3,28.2,28.2,28.3,28.3,28.2,28.5,28.3
11,28.4,28.3,27.9,28.1,28.1,28.1,28.1,28.1,28.1,28.1,27.9,28.0,28.2,28.2,28.3,28.2,28.2,28.1,28.1,28.2,28.2,28.4,28.2,28.2,28.1,28.3,28.3,28.1,28.3,28.1,28.2,28.3,28.3,28.2,28.5,28.2,28.3,28.3,28.4,28.2,28.3,28.3,28.4,28.4,28.2,28.5,28.3,28.2,28.4,28.4,28.5,28.3,28.3,28.1,28.2,28.3,28.3,28.3,28.3,28.4,28.3,28.3,28.3,28.3,28.3,28.3,28.4,28.3,28.3,28.5,28.5,28.3,28.3,28.3,28.6,28.4,28.3,28.3,28.4,28.5,28.3,28.6,28.4,28.4,28.3,28.2,28.4,28.5,28.5,28.7,28.3,28.3,28.5,28.6,28.5,28.5,28.4,28.6,28.5,28.3,28.3,28.4,28.5,28.4,28.3,28.5,28.5,28.3,28.5,28.5,28.5,28.3,28.4,28.7,28.5,28.2,28.6,28.3,28.5,28.3,28.5,28.4,28.5,28.2,28.5,28.5,28.5,28.5,28.5,28.3,28.4,28.5,28.3,28.5,28.4,28.5,28.4,28.3,28.2,28.2,28.5,28.3,28.3,28.6,28.3,28.3,28.5,28.5,28.4,28.3,28.4,28.4,28.3,28.3,28.5,28.4,28.4,28.4,28.4,28.2,28.5,28.3,28.3,28.5,28.4,28.4,28.4,28.3,28.5,28.2,28.3,28.2,28.2,28.3,28.5,28.1,28.3,28.3,28.1,28.5,28.3,28.5,28.2,28.2,28.3,28.3,28.1,28.2,28.3,28.2,28.3,28.2
12,28.1,28.1,28.1,28.1,28.2,28.2,28.0,28.1,28.3,28.1,28.2,28.1,28.0,28.1,28.3,28.1,28.2,28.1,28.3,28.2,28.3,28.3,28.3,28.3,28.2,28.1,28.1,28.3,28.2,28.2,28.3,28.3,28.4,28.2,28.2,28.2,28.3,28.3,28.4,28.2,28.3,28.3,28.3,28.4,28.3,28.3,28.5,28.4,28.3,28.5,28.3,28.2,28.4,28.4,28.3,28.2,28.3,28.2,28.4,28.5,28.4,28.3,28.4,28.5,28.3,28.3,28.3,28.4,28.5,28.5,28.5,28.5,28.5,28.5,28.3,28.4,28.5,28.6,28.5,28.3,28.4,28.3,28.5,28.3,28.5,28.5,28.3,28.4,28.3,28.4,28.4,28.3,28.2,28.6,28.7,28.7,28.5,28.5,28.3,28.5,28.5,28.6,28.5,28.6,28.3,28.4,28.3,28.5,28.5,28.5,28.5,28.4,28.6,28.5,28.5,28.3,28.3,28.4,28.3,28.1,28.4,28.3,28.6,28.5,28.4,28.3,28.4,28.5,28.3,28.5,28.3,28.3,28.3,28.2,28.3,28.5,28.3,28.1,28.4,28.3,28.4,28.5,28.3,28.5,28.3,28.2,28.4,28.3,28.4,28.5,28.3,28.4,28.3,28.3,28.3,28.5,28.3,28.3,28.4,28.5,28.4,28.4,28.3,28.2,28.3,28.4,28.3,28.2,28.5,28.3,28.3,28.3,28.4,28.3,28.5,28.4,28.5,28.5,28.3,28.3,28.3,28.3,28.3,28.2,28.3,28.2,28.3,28.1,28.3,28.3,28.3,28.5
13,28.1,28.3,28.2,28.1,28.3,28.5,28.1,28.1,28.3,28.2,28.2,28.1,28.2,27.9,28.2,28.2,28.1,28.1,28.3,28.3,28.1,28.3,28.1,28.1,28.3,28.3,28.1,28.3,28.3,28.3,28.5,28.2,28.3,28.3,28.3,28.3,28.4,28.3,28.3,28.3,28.2,28.3,28.5,28.4,28.5,28.3,28.4,28.3,28.2,28.4,28.3,28.4,28.5,28.5,28.5,28.3,28.5,28.3,28.4,28.4,28.3,28.2,28.3,28.4,28.3,28.4,28.6,28.4,28.5,28.5,28.3,28.5,28.3,28.4,28.4,28.5,28.5,28.4,28.4,28.3,28.5,28.5,28.5,28.5,28.5,28.5,28.3,28.3,28.5,28.7,28.5,28.3,28.4,28.3,28.4,28.5,28.4,28.5,28.3,28.3,28.4,28.2,28.5,28.5,28.5,28.5,28.5,28.5,28.4,28.3,28.5,28.4,28.2,28.5,28.3,28.5,28.5,28.5,28.4,28.5,28.6,28.4,28.4,28.4,28.4,28.3,28.3,28.5,28.4,28.3,28.3,28.3,28.5,28.4,28.4,28.3,28.5,28.5,28.5,28.6,28.3,28.5,28.3,28.3,28.4,28.5,28.3,28.5,28.5,28.3,28.5,28.2,28.4,28.4,28.4,28.3,28.4,28.5,28.3,28.5,28.5,28.3,28.4,28.3,28.4,28.3,28.2,28.3,28.5,28.3,28.3,28.2,28.3,28.3,28.3,28.2,28.4,28.3,28.3,28.3,28.4,28.2,28.3,28.3,28.3,28.2,28.3,28.5,28.2,28.2,28.3,28.2
14,28.1,28.1,28.2,28.1,28.1,28.1,28.2,28.2,28.3,28.1,28.1,28.1,28.3,28.2,28.2,28.1,28.1,28.1,28.3,28.2,28.2,28.3,28.2,28.1,28.4,28.3,28.3,28.3,28.3,28.3,28.4,28.3,28.3,28.2,28.3,28.2,28.1,28.4,28.3,28.3,28.1,28.5,28.3,28.3,28.2,28.4,28.3,28.2,28.3,28.3,28.3,28.4,28.3,28.3,28.3,28.3,28.3,28.4,28.2,28.3,28.4,28.5,28.4,28.2,28.4,28.3,28.3,28.4,28.3,28.5,28.2,28.4,28.3,28.3,28.6,28.4,28.1,28.5,28.5,28.3,28.3,28.3,28.5,28.5,28.5,28.4,28.5,28.4,28.5,28.4,28.4,28.3,28.3,28.5,28.4,28.4,28.3,28.5,28.3,28.4,28.4,28.3,28.5,28.4,28.5,28.3,28.5,28.4,28.3,28.5,28.4,28.5,28.5,28.3,28.5,28.5,28.3,28.3,28.4,28.5,28.5,28.6,28.3,28.5,28.6,28.3,28.4,28.5,28.5,28.3,28.3,28.5,28.4,28.4,28.1,28.3,28.3,28.3,28.4,28.4,28.4,28.4,28.5,28.3,28.5,28.4,28.5,28.4,28.3,28.4,28.4,28.5,28.4,28.3,28.5,28.6,28.3,28.4,28.3,28.5,28.4,28.2,28.5,28.3,28.5,28.4,28.2,28.2,28.3,28.2,28.3,28.3,28.3,28.3,28.3,28.2,28.2,28.3,28.4,28.3,28.2,28.2,28.4,28.2,28.3,28.3,28.4,28.5,28.2,28.2,28.4,28.3
15,28.2,28.3,28.1,28.1,28.2,28.2,28.0,28.1,28.1,28.1,28.1,28.1,28.1,28.1,28.2,28.2,28.1,28.1,28.3,28.2,28.3,28.2,28.2,28.2,28.2,28.3,28.3,28.3,28.3,28.4,28.4,28.2,28.3,28.3,28.3,28.2,28.3,28.4,28.3,28.3,28.1,28.2,28.3,28.5,28.5,28.3,28.3,28.3,28.3,28.5,28.5,28.2,28.4,28.4,28.2,28.5,28.3,28.5,28.4,28.4,28.4,28.1,28.3,28.5,28.3,28.5,28.3,28.3,28.5,28.5,28.6,28.3,28.3,28.3,28.6,28.4,28.3,28.5,28.5,28.5,28.6,28.5,28.5,28.5,28.5,28.5,28.5,28.3,28.3,28.3,28.4,28.4,28.4,28.3,28.5,28.3,28.6,28.5,28.5,28.4,28.4,28.5,28.6,28.6,28.3,28.5,28.6,28.6,28.5,28.3,28.5,28.5,28.5,28.5,28.5,28.5,28.5,28.4,28.5,28.7,28.3,28.4,28.5,28.4,28.4,28.5,28.5,28.5,28.5,28.3,28.6,28.4,28.4,28.4,28.4,28.3,28.3,28.3,28.4,28.4,28.3,28.5,28.4,28.4,28.4,28.4,28.3,28.5,28.5,28.3,28.6,28.3,28.3,28.4,28.3,28.3,28.5,28.4,28.4,28.3,28.6,28.3,28.4,28.3,28.4,28.5,28.4,28.4,28.4,28.4,28.2,28.4,28.4,28.2,28.3,28.2,28.4,28.4,28.3,28.3,28.3,28.1,28.3,28.3,28.3,28.3,28.3,28.1,28.1,28.2,28.4,28.3
16,28.1,28.2,28.3,28.1,28.1,28.3,28.2,28.1,28.2,28.1,28.2,28.1,28.1,28.2,28.2,28.1,28.3,28.1,28.2,28.2,28.1,28.1,28.3,28.2,28.2,28.3,28.4,28.3,28.3,28.3,28.3,28.2,28.3,28.4,28.3,28.3,28.2,28.4,28.4,28.4,28.3,28.3,28.4,28.3,28.3,28.4,28.2,28.3,28.3,28.3,28.3,28.3,28.4,28.3,28.3,28.3,28.3,28.5,28.4,28.3,28.3,28.3,28.3,28.4,28.4,28.3,28.3,28.5,28.5,28.5,28.5,28.6,28.5,28.5,28.3,28.5,28.5,28.4,28.3,28.5,28.5,28.6,28.5,28.5,28.6,28.3,28.3,28.4,28.2,28.3,28.5,28.2,28.5,28.4,28.5,28.5,28.4,28.3,28.6,28.5,28.4,28.5,28.4,28.5,28.5,28.5,28.5,28.5,28.6,28.3,28.5,28.5,28.6,28.5,28.5,28.3,28.3,28.5,28.5,28.5,28.5,28.5,28.4,28.5,28.3,28.4,28.4,28.5,28.5,28.6,28.5,28.6,28.5,28.3,28.5,28.4,28.4,28.2,28.4,28.4,28.4,28.3,28.3,28.6,28.5,28.3,28.3,28.4,28.5,28.3,28.4,28.4,28.5,28.3,28.3,28.5,28.5,28.4,28.4,28.5,28.3,28.3,28.4,28.3,28.5,28.3,28.3,28.5,28.3,28.3,28.3,28.4,28.5,28.3,28.3,28.3,28.5,28.3,28.4,28.3,28.3,28.3,28.5,28.3,28.2,28.1,28.2,28.2,28.3,28.1,28.4,28.3
17,28.2,28.2,28.1,28.2,28.1,28.1,28.1,28.2,28.2,28.2,28.3,28.0,28.3,28.3,28.3,28.2,28.2,28.2,28.2,28.3,28.2,28.2,28.2,28.2,28.4,28.3,28.3,28.2,28.2,28.3,28.4,28.1,28.5,28.3,28.1,28.4,28.5,28.4,28.3,28.3,28.2,28.3,28.5,28.3,28.4,28.5,28.4,28.5,28.4,28.4,28.5,28.5,28.5,28.5,28.3,28.4,28.5,28.5,28.3,28.4,28.5,28.4,28.3,28.3,28.4,28.4,28.5,28.4,28.5,28.5,28.4,28.4,28.4,28.3,28.5,28.5,28.5,28.5,28.5,28.4,28.5,28.5,28.6,28.5,28.5,28.4,28.3,28.4,28.6,28.4,28.6,28.3,28.4,28.5,28.6,28.5,28.4,28.6,28.6,28.5,28.5,28.6,28.5,28.5,28.6,28.5,28.5,28.5,28.5,28.3,28.4,28.5,28.5,28.5,28.5,28.5,28.4,28.5,28.7,28.5,28.3,28.4,28.3,28.5,28.5,28.6,28.5,28.3,28.4,28.5,28.5,28.5,28.5,28.5,28.6,28.6,28.5,28.6,28.3,28.4,28.5,28.4,28.5,28.7,28.3,28.5,28.5,28.5,28.5,28.5,28.4,28.5,28.6,28.4,28.5,28.4,28.5,28.3,28.5,28.4,28.4,28.2,28.3,28.3,28.3,28.5,28.3,28.5,28.5,28.3,28.5,28.3,28.5,28.3,28.3,28.4,28.2,28.3,28.4,28.3,28.4,28.4,28.4,28.3,28.5,28.5,28.3,28.3,28.2,28.5,28.2,28.3
18,28.1,28.1,28.2,28.1,28.2,28.1,28.2,28.1,28.2,28.0,28.2,28.1,28.3,28.2,28.1,28.2,28.1,28.0,28.1,28.2,28.1,28.3,28.2,28.1,28.2,28.3,28.3,28.2,28.3,28.5,28.3,28.2,28.3,28.3,28.3,28.3,28.3,28.3,28.3,28.3,28.3,28.5,28.4,28.4,28.3,28.4,28.3,28.5,28.3,28.3,28.3,28.3,28.4,28.2,28.5,28.3,28.4,28.5,28.5,28.5,28.4,28.5,28.3,28.5,28.4,28.5,28.3,28.3,28.5,28.3,28.4,28.3,28.5,28.4,28.5,28.6,28.5,28.4,28.5,28.7,28.3,28.6,28.5,28.5,28.5,28.6,28.5,28.5,28.5,28.6,28.5,28.6,28.5,28.5,28.5,28.7,28.6,28.5,28.5,28.5,28.5,28.6,28.4,28.6,28.5,28.5,28.5,28.5,28.4,28.3,28.5,28.5,28.4,28.3,28.5,28.6,28.6,28.4,28.4,28.5,28.5,28.6,28.5,28.6,28.5,28.5,28.5,28.6,28.6,28.5,28.5,28.4,28.5,28.5,28.5,28.5,28.4,28.5,28.3,28.5,28.5,28.4,28.5,28.5,28.5,28.5,28.5,28.4,28.3,28.6,28.7,28.5,28.6,28.5,28.5,28.3,28.4,28.5,28.5,28.3,28.3,28.3,28.3,28.5,28.3,28.4,28.3,28.3,28.4,28.3,28.3,28.3,28.4,28.5,28.4,28.3,28.5,28.2,28.5,28.2,28.2,28.3,28.4,28.3,28.3,28.3,28.2,28.2,28.2,28.2,28.5,28.3
19,28.2,28.0,28.1,28.1,28.2,28.3,28.1,28.2,28.3,28.2,28.1,28.1,28.3,28.2,28.3,28.3,28.2,28.1,28.1,28.3,28.4,28.2,28.3,28.2,28.2,28.3,28.3,28.3,28.4,28.3,28.4,28.3,28.3,28.3,28.2,28.3,28.5,28.4,28.3,28.2,28.3,28.4,28.4,28.2,28.4,28.3,28.3,28.3,28.2,28.4,28.4,28.5,28.5,28.3,28.3,28.3,28.5,28.3,28.5,28.3,28.3,28.4,28.6,28.3,28.5,28.6,28.4,28.4,28.4,28.4,28.6,28.5,28.5,28.5,28.6,28.4,28.5,28.5,28.4,28.5,28.5,28.5,28.5,28.5,28.6,28.5,28.7,28.5,28.5,28.5,28.5,28.5,28.5,28.6,28.5,28.5,28.4,28.5,28.6,28.7,28.7,28.5,28.6,28.6,28.5,28.6,28.6,28.6,28.6,28.3,28.7,28.5,28.5,28.3,28.6,28.6,28.3,28.5,28.5,28.5,28.4,28.5,28.6,28.5,28.5,28.6,28.5,28.5,28.5,28.5,28.4,28.6,28.6,28.4,28.5,28.3,28.5,28.3,28.6,28.4,28.5,28.5,28.5,28.4,28.6,28.5,28.5,28.4,28.5,28.6,28.5,28.5,28.3,28.6,28.3,28.6,28.5,28.5,28.4,28.6,28.5,28.5,28.4,28.3,28.5,28.5,28.4,28.5,28.5,28.5,28.5,28.3,28.4,28.3,28.4,28.3,28.5,28.5,28.3,28.3,28.3,28.4,28.3,28.3,28.4,28.5,28.4,28.3,28.5,28.3,28.5,28.3
20,28.2,28.1,28.2,28.1,28.1,28.2,28.1,28.3,28.1,28.3,28.1,28.2,28.2,28.2,28.1,28.2,28.3,28.2,28.3,28.3,28.3,28.3,28.1,28.3,28.2,28.3,28.2,28.2,28.3,28.3,28.3,28.2,28.3,28.4,28.2,28.3,28.5,28.3,28.3,28.2,28.2,28.3,28.4,28.4,28.3,28.5,28.2,28.3,28.3,28.4,28.3,28.2,28.3,28.4,28.3,28.3,28.3,28.5,28.4,28.4,28.2,28.5,28.3,28.2,28.3,28.4,28.5,28.5,28.3,28.6,28.5,28.5,28.4,28.5,28.3,28.5,28.6,28.3,28.5,28.5,28.6,28.4,28.7,28.6,28.5,28.5,28.5,28.6,28.5,28.5,28.4,28.3,28.5,28.5,28.6,28.6,28.5,28.6,28.5,28.5,28.5,28.3,28.5,28.6,28.7,28.5,28.5,28.6,28.5,28.5,28.5,28.6,28.3,28.5,28.4,28.6,28.6,28.6,28.5,28.5,28.6,28.5,28.5,28.4,28.5,28.5,28.5,28.6,28.5,28.5,28.6,28.5,28.5,28.4,28.6,28.5,28.4,28.5,28.4,28.5,28.4,28.5,28.5,28.4,28.6,28.5,28.5,28.4,28.3,28.5,28.5,28.5,28.5,28.4,28.5,28.5,28.4,28.5,28.4,28.5,28.3,28.5,28.5,28.4,28.3,28.5,28.5,28.5,28.3,28.3,28.2,28.4,28.5,28.4,28.5,28.3,28.3,28.4,28.3,28.3,28.2,28.3,28.5,28.3,28.3,28.2,28.3,28.2,28.3,28.4,28.2,28.2
21,28.1,28.3,28.1,28.2,28.2,28.0,28.0,28.2,28.3,28.1,28.0,28.2,28.2,28.3,28.3,28.1,28.2,28.3,28.1,28.3,28.3,28.4,28.1,28.3,28.3,28.1,28.3,28.1,28.3,28.2,28.3,28.2,28.2,28.4,28.3,28.3,28.3,28.3,28.3,28.3,28.4,28.4,28.4,28.3,28.3,28.3,28.5,28.4,28.3,28.3,28.5,28.4,28.3,28.3,28.3,28.4,28.3,28.3,28.3,28.5,28.5,28.4,28.5,28.5,28.3,28.3,28.5,28.4,28.3,28.4,28.5,28.5,28.5,28.5,28.5,28.3,28.3,28.5,28.3,28.5,28.5,28.5,28.5,28.5,28.6,28.6,28.5,28.5,28.5,28.4,28.4,28.6,28.5,28.6,28.4,28.5,28.6,28.6,28.5,28.6,28.5,28.4,28.5,28.7,28.5,28.3,28.6,28.5,28.6,28.6,28.6,28.5,28.6,28.5,28.7,28.4,28.5,28.4,28.6,28.5,28.5,28.5,28.5,28.5,28.5,28.4,28.3,28.3,28.5,28.4,28.4,28.5,28.5,28.3,28.4,28.4,28.5,28.6,28.5,28.5,28.4,28.5,28.3,28.5,28.4,28.3,28.5,28.5,28.5,28.3,28.4,28.4,28.5,28.4,28.5,28.3,28.6,28.4,28.5,28.3,28.4,28.3,28.5,28.3,28.5,28.2,28.3,28.6,28.4,28.3,28.3,28.5,28.2,28.2,28.3,28.3,28.3,28.1,28.4,28.3,28.2,28.2,28.2,28.3,28.3,28.3,28.5,28.3,28.2,28.3,28.1,28.2
22,28.2,28.1,28.1,28.1,28.1,28.1,28.2,28.3,28.3,28.2,28.1,28.2,28.3,28.1,28.1,28.1,28.3,28.2,28.2,28.3,28.3,28.3,28.2,28.2,28.3,28.3,28.2,28.4,28.3,28.3,28.3,28.4,28.3,28.4,28.4,28.3,28.2,28.4,28.3,28.5,28.5,28.4,28.3,28.6,28.3,28.4,28.5,28.4,28.3,28.4,28.3,28.4,28.5,28.5,28.5,28.4,28.4,28.4,28.4,28.4,28.6,28.5,28.3,28.6,28.4,28.3,28.5,28.5,28.6,28.4,28.5,28.5,28.4,28.5,28.7,28.5,28.4,28.5,28.5,28.6,28.6,28.5,28.5,28.6,28.5,28.5,28.5,28.7,28.5,28.6,28.7,28.5,28.5,28.6,28.6,28.5,28.5,28.6,28.6,28.6,28.7,28.6,28.6,28.7,28.5,28.8,28.6,28.5,28.7,28.5,28.5,28.4,28.5,28.6,28.7,28.5,28.5,28.6,28.5,28.4,28.5,28.6,28.5,28.5,28.5,28.3,28.6,28.4,28.7,28.5,28.5,28.6,28.6,28.3,28.4,28.4,28.4,28.5,28.5,28.5,28.4,28.5,28.3,28.3,28.4,28.6,28.4,28.3,28.5,28.3,28.5,28.5,28.5,28.5,28.5,28.5,28.3,28.3,28.4,28.4,28.3,28.4,28.3,28.3,28.4,28.4,28.3,28.4,28.4,28.3,28.4,28.2,28.3,28.4,28.3,28.2,28.3,28.4,28.3,28.5,28.3,28.3,28.5,28.2,28.2,28.2,28.1,28.3,28.3,28.2,28.2,28.2
23,28.1,28.3,28.2,28.2,28.2,28.3,28.1,28.2,28.2,28.1,28.1,28.3,28.2,28.3,28.2,28.4,28.0,28.1,28.3,28.2,28.3,28.2,28.3,28.2,28.3,28.4,28.3,28.3,28.2,28.4,28.2,28.4,28.3,28.5,28.4,28.3,28.2,28.5,28.3,28.2,28.3,28.5,28.4,28.3,28.6,28.5,28.5,28.3,28.3,28.3,28.5,28.4,28.5,28.6,28.4,28.4,28.5,28.5,28.4,28.5,28.4,28.4,28.4,28.5,28.5,28.5,28.5,28.3,28.5,28.5,28.6,28.4,28.5,28.3,28.6,28.5,28.5,28.5,28.5,28.5,28.7,28.7,28.5,28.7,28.6,28.6,28.3,28.7,28.6,28.5,28.5,28.6,28.5,28.6,28.8,28.6,28.6,28.5,28.5,28.6,28.6,28.6,28.5,28.6,28.5,28.5,28.5,28.6,28.5,28.6,28.5,28.4,28.6,28.5,28.5,28.5,28.4,28.5,28.6,28.6,28.6,28.5,28.7,28.5,28.3,28.6,28.5,28.6,28.6,28.6,28.5,28.7,28.6,28.5,28.5,28.5,28.4,28.6,28.5,28.5,28.5,28.4,28.4,28.6,28.6,28.6,28.5,28.5,28.4,28.3,28.3,28.4,28.5,28.5,28.5,28.3,28.3,28.6,28.4,28.5,28.3,28.4,28.4,28.5,28.3,28.3,28.2,28.3,28.6,28.2,28.4,28.1,28.5,28.4,28.3,28.3,28.4,28.4,28.2,28.3,28.3,28.3,28.3,28.3,28.2,28.2,28.3,28.3,28.3,28.2,28.4,28.3
24,28.0,28.1,28.1,28.1,28.3,28.3,28.3,28.4,28.2,28.1,28.0,28.1,28.1,28.2,28.1,28.1,28.1,28.3,28.3,28.3,28.3,28.3,28.3,28.2,28.4,28.3,28.3,28.3,28.3,28.3,28.4,28.4,28.4,28.2,28.3,28.3,28.5,28.5,28.3,28.3,28.3,28.5,28.4,28.5,28.3,28.5,28.4,28.5,28.3,28.4,28.4,28.5,28.3,28.5,28.3,28.3,28.5,28.5,28.5,28.4,28.4,28.6,28.5,28.6,28.3,28.4,28.3,28.3,28.5,28.7,28.7,28.6,28.6,28.3,28.6,28.6,28.5,28.6,28.5,28.4,28.6,28.4,28.6,28.5,28.6,28.3,28.5,28.5,28.6,28.5,28.5,28.5,28.5,28.6,28.5,28.6,28.5,28.6,28.6,28.6,28.7,28.6,28.7,28.6,28.6,28.6,28.5,28.3,28.7,28.5,28.6,28.6,28.5,28.5,28.5,28.5,28.5,28.7,28.6,28.6,28.5,28.4,28.4,28.6,28.7,28.5,28.5,28.3,28.5,28.5,28.5,28.6,28.6,28.3,28.5,28.5,28.5,28.6,28.5,28.5,28.6,28.4,28.6,28.5,28.5,28.5,28.5,28.4,28.5,28.4,28.5,28.5,28.5,28.5,28.4,28.4,28.6,28.5,28.5,28.5,28.4,28.4,28.2,28.3,28.3,28.5,28.4,28.5,28.5,28.3,28.3,28.3,28.5,28.3,28.5,28.4,28.3,28.7,28.4,28.3,28.3,28.3,28.3,28.5,28.5,28.5,28.5,28.2,28.2,28.4,28.3,28.4
25,28.1,28.0,28.2,28.1,28.2,28.2,28.1,28.3,28.3,28.3,28.0,28.1,28.3,28.2,28.3,28.3,28.3,28.2,28.2,28.3,28.3,28.2,28.2,28.3,28.5,28.4,28.3,28.5,28.3,28.3,28.2,28.3,28.4,28.4,28.1,28.4,28.3,28.3,28.4,28.5,28.5,28.5,28.3,28.3,28.5,28.5,28.4,28.5,28.3,28.4,28.5,28.6,28.5,28.3,28.6,28.5,28.3,28.5,28.6,28.3,28.6,28.5,28.6,28.4,28.5,28.5,28.5,28.7,28.5,28.3,28.5,28.5,28.5,28.5,28.5,28.3,28.6,28.4,28.5,28.5,28.5,28.6,28.5,28.6,28.6,28.5,28.6,28.4,28.7,28.6,28.6,28.6,28.5,28.5,28.8,28.6,28.7,28.7,28.7,28.5,28.7,28.6,28.5,28.7,28.5,28.6,28.5,28.6,28.4,28.6,28.5,28.5,28.5,28.7,28.7,28.6,28.5,28.7,28.5,28.7,28.5,28.6,28.6,28.4,28.5,28.6,28.6,28.6,28.4,28.5,28.6,28.7,28.6,28.5,28.3,28.6,28.3,28.5,28.4,28.6,28.5,28.6,28.5,28.3,28.3,28.5,28.5,28.5,28.5,28.6,28.5,28.5,28.4,28.5,28.6,28.5,28.5,28.4,28.5,28.5,28.4,28.3,28.4,28.2,28.3,28.3,28.4,28.3,28.3,28.2,28.2,28.3,28.5,28.5,28.6,28.3,28.1,28.7,28.3,28.2,28.2,28.3,28.3,28.4,28.3,28.2,28.2,28.3,28.2,28.3,28.3,28.4
26,28.2,28.0,28.1,28.1,28.3,28.2,28.1,28.0,28.2,28.1,28.1,28.3,28.1,28.2,28.3,28.3,28.2,28.2,28.2,28.3,28.5,28.3,28.2,28.3,28.3,28.3,28.3,28.2,28.4,28.3,28.3,28.5,28.3,28.4,28.4,28.3,28.3,28.3,28.4,28.5,28.4,28.3,28.6,28.3,28.4,28.4,28.3,28.4,28.3,28.4,28.3,28.3,28.4,28.2,28.5,28.2,28.2,28.3,28.4,28.5,28.5,28.5,28.5,28.3,28.5,28.5,28.4,28.5,28.5,28.5,28.5,28.5,28.4,28.5,28.3,28.5,28.4,28.5,28.4,28.5,28.5,28.5,28.6,28.4,28.5,28.5,28.5,28.6,28.5,28.6,28.6,28.5,28.5,28.6,28.6,28.7,28.7,28.6,28.6,28.5,28.8,28.6,28.5,28.6,28.5,28.5,28.6,28.5,28.6,28.6,28.5,28.6,28.7,28.5,28.6,28.7,28.5,28.6,28.7,28.6,28.7,28.5,28.8,28.7,28.5,28.5,28.5,28.6,28.8,28.6,28.5,28.7,28.5,28.3,28.5,28.5,28.5,28.5,28.5,28.5,28.5,28.6,28.5,28.5,28.6,28.5,28.3,28.5,28.7,28.6,28.6,28.5,28.5,28.5,28.4,28.5,28.4,28.5,28.6,28.5,28.5,28.4,28.4,28.4,28.4,28.3,28.4,28.5,28.4,28.3,28.3,28.3,28.2,28.2,28.3,28.3,28.3,28.3,28.2,28.3,28.4,28.4,28.5,28.5,28.3,28.4,28.1,28.3,28.3,28.3,28.3,28.5
27,28.3,28.2,28.2,28.1,28.1,28.2,28.3,28.1,28.1,28.2,28.3,28.1,28.2,28.0,28.4,28.1,28.4,28.4,28.2,28.5,28.5,28.3,28.2,28.3,28.3,28.5,28.1,28.4,28.4,28.3,28.5,28.2,28.5,28.3,28.4,28.3,28.5,28.3,28.4,28.4,28.3,28.6,28.4,28.4,28.5,28.5,28.6,28.5,28.5,28.4,28.5,28.6,28.3,28.4,28.4,28.4,28.5,28.5,28.5,28.6,28.4,28.7,28.3,28.6,28.4,28.6,28.3,28.5,28.5,28.5,28.6,28.5,28.6,28.5,28.5,28.5,28.7,28.8,28.5,28.5,28.7,28.8,28.7,28.5,28.7,28.7,28.7,28.5,28.5,28.6,28.7,28.8,28.6,28.6,28.5,28.6,28.6,28.7,28.7,28.6,28.6,28.7,28.7,28.6,28.6,28.8,28.7,28.6,28.6,28.6,28.8,28.6,28.5,28.6,28.6,28.6,28.5,28.7,28.7,28.6,28.6,28.6,28.6,28.6,28.5,28.6,28.5,28.8,28.6,28.6,28.8,28.4,28.7,28.6,28.5,28.6,28.5,28.6,28.6,28.4,28.6,28.7,28.7,28.7,28.8,28.6,28.6,28.5,28.4,28.5,28.5,28.5,28.4,28.4,28.5,28.5,28.5,28.3,28.7,28.3,28.5,28.5,28.4,28.5,28.6,28.3,28.4,28.5,28.7,28.4,28.3,28.3,28.4,28.5,28.5,28.4,28.5,28.4,28.5,28.2,28.4,28.3,28.4,28.3,28.3,28.2,28.3,28.3,28.2,28.5,28.3,28.5
28,28.2,28.2,28.1,28.1,28.1,28.3,28.2,28.2,28.3,28.1,28.0,28.2,28.3,28.2,28.4,28.2,28.4,28.1,28.1,28.1,28.3,28.4,28.3,28.3,28.1,28.3,28.3,28.3,28.4,28.3,28.5,28.5,28.5,28.3,28.3,28.4,28.3,28.5,28.6,28.3,28.5,28.4,28.5,28.5,28.5,28.5,28.3,28.5,28.3,28.5,28.5,28.6,28.4,28.3,28.3,28.4,28.3,28.4,28.5,28.5,28.4,28.5,28.5,28.4,28.5,28.5,28.4,28.5,28.5,28.5,28.5,28.7,28.4,28.4,28.8,28.6,28.4,28.6,28.6,28.6,28.7,28.6,28.5,28.8,28.8,28.7,28.6,28.6,28.8,28.7,28.6,28.6,28.6,28.5,28.7,28.6,28.5,28.7,28.7,28.6,28.5,28.8,28.5,28.8,28.6,28.8,28.7,28.7,28.8,28.6,28.6,28.6,28.6,28.7,28.5,28.5,28.7,28.7,28.6,28.7,28.5,28.7,28.5,28.6,28.6,28.5,28.6,28.7,28.5,28.4,28.5,28.6,28.6,28.5,28.5,28.6,28.4,28.5,28.7,28.6,28.6,28.5,28.5,28.7,28.5,28.6,28.3,28.5,28.6,28.5,28.7,28.5,28.5,28.5,28.6,28.3,28.4,28.4,28.4,28.5,28.5,28.2,28.5,28.3,28.5,28.4,28.5,28.5,28.4,28.3,28.5,28.2,28.6,28.2,28.3,28.3,28.5,28.5,28.3,28.2,28.2,28.2,28.3,28.2,28.1,28.2,28.3,28.2,28.3,28.3,28.5,28.5
29,28.2,28.1,28.0,28.2,28.2,28.3,28.3,28.2,28.2,28.1,28.3,28.2,28.1,28.3,28.1,28.3,28.2,28.2,28.1,28.4,28.4,28.1,28.3,28.2,28.3,28.3,28.2,28.5,28.3,28.3,28.5,28.4,28.5,28.5,28.3,28.3,28.3,28.5,28.4,28.3,28.3,28.5,28.5,28.4,28.3,28.5,28.3,28.2,28.5,28.5,28.4,28.6,28.3,28.6,28.5,28.4,28.5,28.5,28.5,28.4,28.5,28.5,28.5,28.3,28.5,28.5,28.7,28.5,28.4,28.6,28.5,28.4,28.6,28.3,28.6,28.6,28.6,28.5,28.8,28.6,28.7,28.7,28.7,28.7,28.6,28.7,28.6,28.5,28.5,28.7,28.5,28.6,28.6,28.8,28.5,28.8,28.5,28.8,28.7,28.7,28.6,28.7,28.8,28.7,28.5,28.7,28.8,28.6,28.7,28.6,28.6,28.5,28.5,28.6,28.5,28.8,28.8,28.6,28.7,28.7,28.7,28.8,28.5,28.6,28.6,28.5,28.7,28.6,28.4,28.8,28.8,28.6,29.0,28.7,28.7,28.5,28.4,28.4,28.5,28.6,28.5,28.7,28.5,28.6,28.6,28.5,28.6,28.7,28.5,28.5,28.6,28.5,28.3,28.2,28.5,28.4,28.5,28.5,28.5,28.5,28.6,28.3,28.3,28.3,28.3,28.4,28.3,28.5,28.4,28.3,28.5,28.4,28.4,28.2,28.4,28.3,28.3,28.3,28.3,28.4,28.4,28.3,28.3,28.3,28.2,28.2,28.2,28.3,28.2,28.3,28.4,28.3
30,28.1,28.2,28.2,28.1,28.1,28.3,28.2,28.4,28.1,28.2,28.2,28.2,28.1,28.3,28.4,28.3,28.3,28.2,28.5,28.5,28.3,28.3,28.3,28.3,28.5,28.5,28.3,28.3,28.5,28.4,28.4,28.4,28.3,28.2,28.3,28.3,28.5,28.5,28.4,28.3,28.4,28.5,28.5,28.5,28.5,28.4,28.5,28.3,28.6,28.6,28.5,28.5,28.5,28.5,28.4,28.6,28.3,28.5,28.5,28.5,28.3,28.5,28.6,28.5,28.3,28.6,28.5,28.6,28.5,28.5,28.5,28.5,28.5,28.7,28.7,28.5,28.7,28.5,28.6,28.8,28.6,28.6,28.7,28.7,28.6,28.6,28.5,28.8,28.5,28.6,28.7,28.8,28.5,28.6,28.5,28.6,28.6,28.6,28.6,28.5,28.7,28.6,28.8,28.7,28.6,28.7,28.8,28.6,28.6,28.5,28.7,28.7,28.6,28.5,28.7,28.5,28.8,28.5,28.6,28.5,28.7,28.7,28.7,28.6,28.6,28.6,28.6,28.5,28.5,28.7,28.8,28.6,28.7,28.6,28.6,28.6,28.6,28.6,28.5,28.5,28.6,28.7,28.5,28.6,28.6,28.5,28.6,28.4,28.6,28.6,28.6,28.5,28.5,28.7,28.5,28.3,28.3,28.4,28.3,28.5,28.5,28.4,28.3,28.3,28.4,28.4,28.3,28.4,28.5,28.5,28.5,28.4,28.4,28.3,28.5,28.3,28.3,28.4,28.2,28.4,28.5,28.4,28.3,28.3,28.4,28.3,28.3,28.4,28.5,28.3,28.4,28.2
31,28.1,28.2,28.2,28.2,28.3,28.1,28.3,28.2,28.3,28.4,28.2,28.3,28.2,28.3,28.3,28.3,28.2,28.3,28.3,28.3,28.3,28.1,28.2,28.5,28.3,28.4,28.6,28.4,28.3,28.5,28.4,28.5,28.6,28.3,28.3,28.5,28.3,28.4,28.3,28.4,28.2,28.6,28.6,28.3,28.5,28.5,28.5,28.3,28.6,28.6,28.5,28.5,28.5,28.3,28.4,28.6,28.4,28.6,28.5,28.3,28.7,28.6,28.6,28.7,28.4,28.5,28.5,28.6,28.5,28.6,28.8,28.6,28.7,28.5,28.6,28.6,28.6,28.5,28.6,28.8,28.7,28.5,28.8,28.8,28.5,28.6,28.5,28.7,28.7,28.6,28.8,28.7,28.7,28.6,28.6,28.7,28.9,28.6,28.8,28.7,28.5,28.5,28.7,28.7,28.7,28.7,28.7,28.6,28.6,28.5,28.6,28.7,28.6,28.7,28.5,28.5,28.7,28.6,28.7,28.6,28.7,28.7,28.7,28.7,28.7,28.8,28.8,28.7,28.5,28.6,28.8,28.8,28.6,28.5,28.7,28.8,28.5,28.7,28.6,28.5,28.7,28.8,28.5,28.7,28.5,28.7,28.5,28.6,28.7,28.5,28.8,28.5,28.6,28.7,28.5,28.5,28.5,28.7,28.5,28.5,28.8,28.6,28.6,28.5,28.4,28.4,28.4,28.5,28.4,28.4,28.3,28.2,28.3,28.3,28.4,28.3,28.5,28.4,28.3,28.4,28.4,28.1,28.3,28.3,28.4,28.3,28.3,28.2,28.3,28.4,28.3,28.3
32,28.2,28.2,28.1,28.3,28.1,28.2,28.2,28.3,28.1,28.2,28.2,28.1,28.2,28.2,28.1,28.3,28.3,28.2,28.4,28.3,28.4,28.2,28.3,28.5,28.3,28.7,28.4,28.3,28.4,28.3,28.3,28.4,28.2,28.3,28.3,28.3,28.5,28.4,28.3,28.3,28.4,28.6,28.7,28.3,28.5,28.3,28.5,28.4,28.3,28.4,28.3,28.5,28.4,28.5,28.6,28.3,28.4,28.4,28.5,28.5,28.3,28.5,28.6,28.3,28.5,28.6,28.6,28.7,28.5,28.6,28.5,28.6,28.6,28.5,28.4,28.5,28.7,28.5,28.7,28.7,28.7,28.6,28.7,28.7,28.7,28.6,28.5,28.7,28.6,28.6,28.6,28.6,28.7,28.5,28.6,28.7,28.7,28.7,28.6,28.7,28.6,28.8,28.7,28.7,28.7,28.7,28.7,28.8,28.6,28.6,28.6,28.8,28.7,28.6,28.7,28.6,28.6,28.6,28.7,28.7,28.4,28.7,28.8,28.6,28.8,28.7,28.7,28.8,28.6,28.8,28.8,28.6,28.7,28.7,28.7,28.5,28.6,28.7,28.8,28.7,28.6,28.6,28.5,28.6,28.6,28.8,28.5,28.6,28.5,28.5,28.6,28.5,28.5,28.2,28.6,28.6,28.5,28.3,28.5,28.6,28.4,28.5,28.4,28.5,28.3,28.5,28.3,28.5,28.3,28.3,28.3,28.3,28.4,28.5,28.5,28.3,28.3,28.3,28.3,28.4,28.5,28.3,28.1,28.4,28.3,28.3,28.2,28.2,28.3,28.2,28.4,28.3
33,28.1,28.1,28.1,28.3,28.3,28.3,28.1,28.5,28.3,28.3,28.2,28.3,28.1,28.3,28.1,28.3,28.3,28.2,28.3,28.5,28.2,28.3,28.1,28.3,28.5,28.4,28.4,28.4,28.3,28.5,28.3,28.3,28.4,28.5,28.3,28.3,28.4,28.3,28.4,28.5,28.4,28.3,28.5,28.3,28.4,28.4,28.5,28.7,28.4,28.6,28.2,28.4,28.3,28.3,28.3,28.5,28.3,28.4,28.3,28.7,28.5,28.5,28.5,28.3,28.4,28.4,28.4,28.5,28.6,28.7,28.5,28.5,28.5,28.5,28.7,28.5,28.5,28.5,28.5,28.7,28.8,28.6,28.7,28.8,28.5,28.6,28.6,28.7,28.5,28.7,28.5,28.5,28.7,28.7,28.5,28.6,28.8,28.7,28.7,28.6,28.8,28.6,28.6,28.6,28.5,28.6,28.7,28.6,28.8,28.6,28.7,28.7,28.6,28.8,28.5,28.5,28.6,28.6,28.7,28.6,28.7,28.7,28.7,28.7,28.7,28.7,28.5,28.7,28.6,28.5,28.5,28.5,28.7,28.6,28.5,28.6,28.6,28.6,28.5,28.5,28.5,28.6,28.5,28.7,28.7,28.5,28.5,28.7,28.6,28.6,28.6,28.6,28.4,28.7,28.5,28.6,28.5,28.4,28.5,28.5,28.3,28.4,28.5,28.5,28.5,28.3,28.5,28.4,28.5,28.4,28.3,28.5,28.3,28.4,28.5,28.3,28.3,28.5,28.4,28.5,28.4,28.3,28.5,28.3,28.3,28.2,28.3,28.2,28.4,28.3,28.4,28.3
34,28.3,28.1,28.3,28.3,28.2,28.3,28.3,28.2,28.3,28.1,28.1,28.2,28.2,28.2,28.3,28.3,28.3,28.3,28.1,28.3,28.4,28.3,28.2,28.3,28.3,28.3,28.4,28.3,28.1,28.4,28.3,28.5,28.5,28.3,28.2,28.3,28.2,28.5,28.4,28.4,28.3,28.5,28.3,28.6,28.3,28.5,28.3,28.6,28.4,28.5,28.5,28.5,28.2,28.5,28.6,28.5,28.5,28.3,28.5,28.5,28.5,28.6,28.4,28.6,28.4,28.4,28.3,28.6,28.5,28.5,28.5,28.6,28.5,28.3,28.7,28.6,28.6,28.5,28.5,28.5,28.7,28.6,28.8,28.8,28.8,28.6,28.7,28.6,28.6,28.7,28.7,28.7,28.8,28.7,28.6,28.7,28.7,28.7,28.6,28.6,28.8,28.6,28.7,28.5,28.7,28.7,28.6,28.6,28.8,28.7,28.8,28.7,28.7,28.5,28.6,28.7,28.6,28.7,28.7,28.8,28.6,28.8,28.5,28.7,28.5,28.7,28.6,28.7,28.6,28.6,28.7,28.9,28.8,28.8,28.7,28.8,28.6,28.5,28.5,28.7,28.7,28.6,28.4,28.5,28.6,28.6,28.7,28.5,28.6,28.5,28.7,28.6,28.7,28.6,28.6,28.5,28.5,28.5,28.5,28.4,28.6,28.5,28.6,28.5,28.4,28.3,28.5,28.4,28.4,28.3,28.3,28.3,28.2,28.5,28.5,28.5,28.5,28.6,28.5,28.4,28.5,28.5,28.6,28.4,28.4,28.3,28.5,28.3,28.4,28.2,28.4,28.3
35,28.1,28.2,28.2,28.3,28.2,28.1,28.1,28.3,28.2,28.3,28.2,28.3,28.3,28.3,28.2,28.3,28.2,28.4,28.3,28.2,28.2,28.5,28.3,28.6,28.3,28.4,28.3,28.5,28.3,28.4,28.4,28.5,28.5,28.5,28.4,28.5,28.4,28.5,28.3,28.2,28.4,28.5,28.4,28.5,28.5,28.5,28.3,28.5,28.3,28.7,28.4,28.5,28.4,28.5,28.6,28.4,28.4,28.5,28.3,28.4,28.2,28.4,28.4,28.5,28.5,28.5,28.5,28.6,28.5,28.6,28.5,28.6,28.7,28.5,28.6,28.6,28.7,28.5,28.7,28.6,28.6,28.6,28.4,28.6,28.8,28.5,28.7,28.6,28.6,28.5,28.6,28.6,28.5,28.6,28.5,28.5,28.7,28.8,28.8,28.6,28.8,28.5,28.7,28.7,28.6,28.8,28.8,28.7,28.8,28.8,28.8,28.8,28.7,28.6,28.7,28.8,28.6,28.8,28.7,28.8,28.6,28.7,28.6,28.9,28.9,28.7,28.7,28.8,28.5,28.6,28.6,28.7,28.8,28.7,28.8,28.5,28.7,28.6,28.7,28.6,28.7,28.6,28.5,28.6,28.7,28.5,28.6,28.5,28.5,28.7,28.7,28.6,28.6,28.7,28.6,28.6,28.5,28.7,28.7,28.5,28.5,28.7,28.5,28.6,28.5,28.5,28.3,28.4,28.6,28.5,28.3,28.3,28.3,28.3,28.3,28.5,28.5,28.3,28.5,28.5,28.2,28.4,28.3,28.2,28.3,28.3,28.3,28.3,28.5,28.3,28.3,28.5
36,28.2,28.2,28.1,28.3,28.2,28.1,28.3,28.2,28.3,28.2,28.1,28.3,28.2,28.3,28.4,28.3,28.4,28.2,28.3,28.3,28.4,28.5,28.4,28.3,28.5,28.3,28.5,28.5,28.5,28.3,28.5,28.3,28.5,28.4,28.4,28.3,28.5,28.5,28.4,28.4,28.5,28.6,28.7,28.3,28.5,28.5,28.5,28.7,28.5,28.7,28.5,28.6,28.5,28.5,28.5,28.6,28.4,28.5,28.3,28.5,28.4,28.6,28.5,28.5,28.6,28.4,28.5,28.5,28.5,28.6,28.7,28.7,28.5,28.6,28.7,28.6,28.6,28.6,28.7,28.7,28.6,28.6,28.6,28.8,28.6,28.7,28.5,28.7,28.7,28.6,28.6,28.7,28.7,28.7,28.6,28.6,28.7,28.7,28.6,28.7,28.7,28.8,28.7,28.8,28.7,28.8,28.8,28.8,28.7,28.7,28.6,28.7,28.8,28.7,28.8,28.9,28.8,28.7,28.7,28.9,28.7,28.9,28.7,28.8,28.8,28.8,28.7,28.9,28.9,28.8,28.6,28.8,28.8,28.7,28.7,28.8,28.5,28.5,28.7,28.6,28.7,28.6,28.5,28.5,28.5,28.6,28.8,28.7,28.6,28.5,28.5,28.6,28.5,28.5,28.6,28.7,28.6,28.5,28.7,28.7,28.5,28.7,28.7,28.5,28.5,28.5,28.5,28.6,28.5,28.4,28.4,28.5,28.5,28.2,28.5,28.2,28.4,28.4,28.4,28.4,28.4,28.2,28.3,28.2,28.4,28.4,28.3,28.3,28.5,28.3,28.5,28.4
37,28.1,28.3,28.3,28.3,28.3,28.3,28.1,28.2,28.3,28.5,28.3,28.3,28.4,28.4,28.1,28.4,28.3,28.2,28.3,28.3,28.4,28.3,28.3,28.5,28.4,28.5,28.5,28.5,28.3,28.3,28.3,28.4,28.6,28.6,28.3,28.5,28.5,28.6,28.3,28.3,28.2,28.7,28.7,28.6,28.6,28.6,28.6,28.6,28.7,28.6,28.7,28.6,28.6,28.6,28.7,28.6,28.5,28.6,28.4,28.5,28.5,28.3,28.5,28.5,28.7,28.5,28.7,28.8,28.6,28.6,28.7,28.5,28.6,28.6,28.5,28.6,28.5,28.6,28.6,28.7,28.5,28.7,28.7,28.7,28.7,28.8,28.7,28.7,28.7,28.8,28.8,28.8,28.7,28.8,28.7,28.7,28.8,28.7,28.8,28.7,28.8,28.8,28.8,28.8,28.8,28.8,28.7,28.7,28.9,28.7,28.8,28.7,28.8,28.7,28.7,28.7,28.8,28.9,28.8,28.9,29.0,28.9,28.9,28.8,28.8,28.9,28.8,28.7,28.8,28.8,28.8,28.8,28.7,28.7,28.7,28.5,28.8,28.5,28.7,28.7,28.8,28.7,28.6,28.5,28.8,28.7,28.6,28.7,28.6,28.8,28.5,28.7,28.4,28.7,28.8,28.6,28.6,28.6,28.6,28.5,28.5,28.5,28.4,28.5,28.4,28.6,28.5,28.6,28.4,28.3,28.3,28.6,28.5,28.4,28.4,28.4,28.5,28.4,28.3,28.5,28.1,28.1,28.4,28.3,28.3,28.3,28.3,28.5,28.4,28.3,28.5,28.4
38,28.4,28.3,28.3,28.2,28.3,28.2,28.0,28.1,28.2,28.3,28.2,28.2,28.2,28.3,28.1,28.3,28.3,28.3,28.5,28.5,28.3,28.5,28.3,28.4,28.5,28.4,28.4,28.3,28.4,28.5,28.5,28.5,28.5,28.5,28.3,28.4,28.6,28.5,28.4,28.5,28.5,28.5,28.5,28.4,28.5,28.6,28.7,28.5,28.6,28.8,28.8,28.6,28.6,28.6,28.5,28.7,28.7,28.6,28.7,28.6,28.5,28.4,28.5,28.7,28.5,28.7,28.6,28.7,28.7,28.7,28.7,28.6,28.5,28.7,28.7,28.6,28.8,28.6,28.7,28.7,28.7,28.6,28.5,28.7,28.7,28.7,28.8,28.6,28.7,28.6,28.7,28.8,28.6,28.7,28.5,28.9,28.8,28.8,28.8,28.7,28.7,28.8,28.9,28.8,28.7,28.9,28.8,28.8,28.9,28.7,28.9,28.8,28.8,28.9,29.0,28.9,28.9,28.8,28.9,28.9,28.9,29.0,29.1,28.9,29.0,28.8,28.8,28.9,28.8,28.8,29.0,28.8,28.8,28.7,28.6,28.7,28.7,28.6,28.8,28.7,28.7,28.7,28.7,28.6,28.8,28.6,28.6,28.7,28.5,28.8,28.7,28.8,28.6,28.7,28.7,28.5,28.5,28.3,28.6,28.5,28.6,28.4,28.6,28.5,28.5,28.6,28.5,28.3,28.5,28.4,28.4,28.5,28.5,28.5,28.3,28.6,28.7,28.5,28.3,28.5,28.3,28.3,28.3,28.5,28.4,28.4,28.2,28.5,28.5,28.3,28.4,28.2
39,28.4,28.1,28.3,28.3,28.4,28.3,28.1,28.5,28.3,28.3,28.3,28.2,28.3,28.2,28.4,28.3,28.4,28.3,28.3,28.5,28.3,28.2,28.2,28.3,28.3,28.3,28.3,28.3,28.3,28.3,28.4,28.4,28.4,28.5,28.5,28.3,28.3,28.5,28.5,28.4,28.4,28.6,28.7,28.6,28.6,28.6,28.7,28.7,28.7,28.9,28.7,28.8,28.7,28.7,28.8,28.7,28.6,28.7,28.8,28.8,28.8,28.8,28.4,28.7,28.7,28.6,28.7,28.8,28.8,28.8,29.0,28.8,28.8,28.7,28.7,28.8,28.7,28.7,28.8,28.8,28.7,28.8,28.7,28.7,28.9,28.8,28.8,28.9,28.7,28.7,28.6,28.7,28.8,28.7,28.7,28.9,28.8,28.6,28.7,28.6,28.8,28.7,28.9,28.7,28.5,28.8,28.8,28.7,28.7,28.7,28.7,28.9,28.9,28.8,28.9,28.8,28.9,29.0,29.0,28.9,29.0,28.8,28.8,29.0,29.0,28.8,28.9,28.8,28.8,28.9,28.8,28.7,28.5,28.6,28.6,28.6,28.6,28.7,28.7,28.6,28.7,28.6,28.4,28.7,28.6,28.7,28.6,28.5,28.7,28.7,28.7,28.6,28.6,28.6,28.6,28.5,28.6,28.5,28.6,28.6,28.5,28.3,28.6,28.5,28.6,28.3,28.5,28.6,28.5,28.5,28.6,28.3,28.4,28.2,28.3,28.4,28.2,28.3,28.2,28.5,28.3,28.2,28.3,28.2,28.4,28.5,28.3,28.3,28.3,28.3,28.4,28.5
40,28.1,28.0,28.2,28.3,28.3,28.3,28.2,28.3,28.5,28.2,28.1,28.2,28.2,28.3,28.3,28.2,28.4,28.3,28.3,28.5,28.5,28.4,28.5,28.5,28.4,28.5,28.4,28.5,28.3,28.2,28.5,28.4,28.6,28.5,28.4,28.6,28.3,28.5,28.5,28.4,28.5,28.6,28.6,28.4,28.8,28.7,29.0,28.9,28.8,28.9,28.9,29.0,28.9,28.9,28.8,28.8,28.8,29.0,28.8,28.8,28.8,28.7,28.6,28.8,28.6,28.7,28.8,29.0,28.9,28.8,28.9,28.9,29.1,28.9,28.9,28.9,28.8,28.8,28.7,28.9,28.8,28.8,28.9,28.9,28.9,28.8,28.9,28.8,28.8,28.8,28.8,28.9,28.8,28.7,28.9,28.9,28.8,28.8,28.9,28.8,28.5,28.7,28.8,29.0,28.8,28.8,28.6,28.8,28.7,28.7,28.7,28.8,28.7,28.7,28.7,28.9,29.0,29.0,29.2,29.0,29.1,29.2,29.0,29.0,29.0,29.0,28.8,29.0,29.0,29.0,28.9,28.9,28.8,28.8,28.8,28.8,28.6,28.9,28.9,28.6,28.8,28.9,28.6,28.9,28.9,28.6,28.4,28.8,28.7,28.8,28.6,28.7,28.5,28.5,28.7,28.5,28.5,28.6,28.6,28.5,28.7,28.6,28.5,28.5,28.5,28.5,28.8,28.5,28.4,28.5,28.4,28.4,28.5,28.5,28.4,28.4,28.5,28.3,28.3,28.3,28.3,28.3,28.4,28.3,28.5,28.4,28.5,28.5,28.4,28.3,28.6,28.5
41,28.3,28.2,28.2,28.3,28.2,28.3,28.2,28.3,28.3,28.3,28.4,28.2,28.3,28.3,28.5,28.4,28.5,28.3,28.3,28.3,28.4,28.3,28.3,28.3,28.4,28.3,28.4,28.5,28.4,28.6,28.4,28.5,28.5,28.5,28.4,28.4,28.3,28.4,28.4,28.5,28.5,28.5,28.3,28.6,28.5,28.8,28.7,28.9,28.8,28.9,28.9,28.9,28.8,28.7,28.9,28.8,28.9,28.9,28.8,29.0,28.8,28.8,28.8,28.8,28.7,28.8,28.8,29.1,29.0,29.0,29.0,28.9,29.0,29.0,29.0,29.1,28.9,28.9,28.8,28.9,28.9,28.8,29.0,29.0,28.8,28.9,28.8,28.8,28.8,28.9,28.8,28.7,28.7,28.8,28.8,28.9,29.0,28.8,28.8,28.8,28.8,28.6,28.8,28.9,28.7,28.8,28.8,28.7,28.7,28.7,28.7,28.5,28.5,28.8,28.7,29.0,29.0,29.0,29.0,29.0,29.1,29.0,29.0,29.0,29.0,29.0,28.9,29.1,28.9,28.9,28.8,28.7,28.8,28.7,28.8,28.8,28.7,28.8,28.8,29.0,29.0,28.9,28.8,28.8,28.8,28.7,28.7,28.7,28.6,28.7,28.7,28.8,28.5,28.5,28.6,28.7,28.6,28.8,28.6,28.7,28.6,28.5,28.5,28.4,28.7,28.6,28.5,28.5,28.5,28.4,28.5,28.3,28.4,28.4,28.5,28.3,28.3,28.5,28.3,28.5,28.3,28.3,28.5,28.5,28.3,28.5,28.3,28.4,28.3,28.5,28.3,28.2
42,28.2,28.1,28.1,28.1,28.2,28.2,28.1,28.3,28.2,28.2,28.3,28.2,28.3,28.3,28.2,28.4,28.3,28.4,28.3,28.4,28.4,28.5,28.3,28.2,28.4,28.3,28.4,28.5,28.5,28.4,28.3,28.4,28.5,28.4,28.4,28.5,28.5,28.5,28.6,28.5,28.5,28.5,28.5,28.5,28.6,28.8,28.8,28.9,28.9,28.9,29.1,28.9,28.8,28.8,28.8,28.8,28.8,29.0,28.9,28.9,28.8,28.8,28.9,28.8,28.9,29.0,29.0,29.1,29.0,29.0,29.2,29.0,29.1,29.1,29.0,29.2,29.0,28.9,28.8,28.8,29.0,28.8,28.9,29.0,29.0,28.9,29.0,28.9,28.8,28.8,28.8,29.0,29.0,28.9,28.9,29.0,28.8,28.9,28.9,28.9,28.9,28.9,28.9,28.9,28.8,28.9,28.8,28.7,28.9,28.7,28.8,28.8,28.6,28.7,28.6,28.9,29.0,29.0,29.2,29.2,29.2,29.0,29.1,29.2,29.3,29.0,29.0,29.0,29.0,29.0,29.0,29.0,28.9,29.0,28.9,28.9,28.9,28.9,29.0,29.2,29.2,29.0,28.9,29.0,28.9,28.8,28.8,28.6,28.6,28.6,28.6,28.7,28.6,28.7,28.6,28.5,28.6,28.5,28.6,28.6,28.5,28.5,28.6,28.6,28.5,28.6,28.5,28.5,28.4,28.5,28.4,28.3,28.4,28.5,28.4,28.4,28.3,28.6,28.4,28.3,28.3,28.3,28.4,28.3,28.3,28.5,28.3,28.5,28.3,28.3,28.4,28.4
43,28.4,28.3,28.1,28.3,28.3,28.2,28.1,28.3,28.3,28.2,28.3,28.3,28.3,28.2,28.2,28.5,28.3,28.2,28.2,28.3,28.5,28.5,28.3,28.3,28.4,28.4,28.4,28.5,28.3,28.4,28.4,28.4,28.7,28.3,28.4,28.4,28.5,28.5,28.5,28.4,28.6,28.4,28.3,28.5,28.7,28.5,28.9,28.8,29.0,29.0,28.9,29.2,28.8,28.9,28.9,28.9,28.8,28.9,28.9,28.8,28.9,28.9,28.9,28.9,28.8,29.1,29.1,29.1,29.2,29.2,29.2,29.1,29.1,29.2,29.1,29.0,29.0,29.1,29.0,29.0,29.0,29.1,29.2,29.0,29.0,29.0,29.0,29.0,29.1,29.0,29.0,29.1,29.0,29.0,28.8,29.1,29.0,29.0,29.0,28.9,28.8,28.8,28.8,28.9,28.8,29.0,28.9,28.8,28.9,28.8,28.7,28.8,28.6,28.7,28.7,28.9,29.2,29.2,29.2,29.1,29.2,29.2,29.1,29.2,29.3,29.1,29.1,29.2,28.9,29.1,29.2,29.3,29.1,29.2,29.1,29.1,29.2,29.2,29.3,29.4,29.4,29.0,29.2,29.2,29.1,29.0,28.6,28.7,28.6,28.6,28.7,28.5,28.7,28.7,28.5,28.8,28.5,28.5,28.7,28.6,28.7,28.5,28.7,28.6,28.6,28.5,28.4,28.8,28.3,28.5,28.5,28.3,28.5,28.4,28.4,28.4,28.5,28.5,28.3,28.6,28.4,28.4,28.6,28.3,28.4,28.4,28.5,28.4,28.5,28.5,28.3,28.4
44,28.2,28.3,28.2,28.1,28.3,28.4,28.1,28.3,28.3,28.1,28.3,28.3,28.3,28.4,28.4,28.4,28.3,28.3,28.2,28.3,28.3,28.5,28.3,28.3,28.4,28.3,28.5,28.3,28.6,28.4,28.5,28.3,28.3,28.3,28.5,28.5,28.5,28.5,28.5,28.3,28.6,28.6,28.5,28.6,28.5,28.7,29.0,29.1,29.0,29.0,29.0,29.0,29.0,28.9,29.1,29.0,29.0,28.8,29.0,29.1,29.0,28.8,28.9,29.0,29.2,29.1,29.1,29.2,29.2,29.2,29.3,29.2,29.2,29.1,29.3,29.2,29.1,29.1,29.2,29.2,29.2,29.2,29.2,28.9,29.1,29.2,29.0,29.3,29.0,29.2,28.9,29.1,29.2,28.9,29.0,29.1,29.2,29.0,29.0,29.2,29.2,28.9,29.0,29.3,28.8,29.0,29.0,29.0,29.0,28.9,28.9,28.8,28.8,28.8,28.8,29.1,29.1,29.2,29.2,29.1,29.3,29.0,29.2,29.1,29.3,29.2,29.1,29.3,29.2,29.2,29.2,29.2,29.1,29.2,29.1,29.3,29.2,29.4,29.7,30.0,29.4,29.2,29.4,29.4,29.2,29.2,28.7,28.7,28.7,28.6,28.8,28.7,28.5,28.7,28.6,28.5,28.7,28.8,28.7,28.5,28.7,28.5,28.6,28.5,28.5,28.6,28.6,28.6,28.6,28.6,28.6,28.6,28.4,28.5,28.5,28.5,28.5,28.3,28.7,28.5,28.5,28.5,28.5,28.3,28.4,28.3,28.4,28.3,28.3,28.5,28.5,28.4
45,28.2,28.1,28.1,28.2,28.3,28.3,28.5,28.1,28.2,28.3,28.3,28.1,28.3,28.4,28.4,28.2,28.4,28.2,28.4,28.2,28.4,28.5,28.4,28.5,28.2,28.3,28.3,28.3,28.5,28.3,28.3,28.3,28.2,28.5,28.5,28.3,28.5,28.6,28.4,28.5,28.5,28.5,28.5,28.5,28.6,28.7,28.9,28.9,29.0,29.0,29.1,29.1,29.1,29.0,29.1,29.0,29.0,29.0,28.9,28.9,28.9,29.0,29.0,29.0,28.9,29.0,29.1,29.0,29.0,29.2,29.2,29.3,29.2,29.1,29.0,29.1,29.0,29.0,29.3,29.3,29.2,29.2,29.1,29.3,29.2,29.1,29.2,29.2,29.1,29.2,29.1,29.1,29.3,29.2,29.1,29.1,29.2,29.0,29.1,29.2,29.0,29.1,29.1,29.0,29.1,29.2,29.2,28.8,29.0,28.8,29.1,28.8,28.9,28.9,29.0,29.1,29.0,29.0,29.2,29.1,29.2,29.1,29.2,29.1,29.3,29.3,29.2,29.2,29.0,29.0,29.0,29.2,29.1,29.0,29.1,29.2,29.3,29.5,30.1,29.7,29.4,29.2,29.4,29.8,29.6,29.1,28.9,28.7,28.9,28.7,28.7,28.7,28.5,28.7,28.6,28.6,28.6,28.7,28.6,28.6,28.6,28.3,28.5,28.6,28.6,28.6,28.6,28.6,28.5,28.6,28.4,28.7,28.6,28.8,28.4,28.5,28.5,28.5,28.3,28.4,28.3,28.3,28.5,28.5,28.2,28.5,28.5,28.4,28.2,28.3,28.3,28.5
46,28.3,28.2,28.3,28.3,28.1,28.4,28.1,28.4,28.5,28.2,28.4,28.3,28.2,28.3,28.2,28.2,28.5,28.3,28.3,28.5,28.5,28.5,28.4,28.4,28.4,28.5,28.3,28.5,28.4,28.5,28.4,28.4,28.5,28.6,28.5,28.3,28.4,28.8,28.4,28.5,28.3,28.6,28.6,28.5,28.6,28.8,28.9,29.0,29.0,29.0,29.0,29.1,29.1,29.0,29.0,29.2,28.9,29.2,29.1,29.0,29.1,29.1,28.9,29.1,29.0,29.2,29.1,29.1,29.1,29.1,29.2,29.1,29.1,29.0,29.0,29.1,29.0,29.1,29.0,29.2,29.3,29.1,29.2,29.2,29.2,29.1,29.1,29.1,29.1,29.0,29.1,29.3,29.2,29.4,29.1,29.3,29.0,29.0,29.2,29.3,29.1,29.0,29.1,29.1,29.1,29.0,29.0,29.1,29.0,29.0,29.0,28.8,28.8,29.0,28.9,29.1,28.8,29.0,29.0,28.9,29.0,29.0,29.0,29.1,29.0,29.1,29.1,29.1,29.0,29.0,29.0,29.1,29.0,29.1,29.2,29.2,29.5,29.4,29.8,29.5,29.3,29.2,29.5,29.7,29.3,29.0,28.9,28.7,28.8,28.9,28.7,28.6,28.6,28.6,28.7,28.7,28.7,28.6,28.6,28.6,28.5,28.6,28.3,28.5,28.5,28.5,28.5,28.6,28.6,28.6,28.4,28.4,28.4,28.6,28.5,28.5,28.5,28.5,28.3,28.6,28.5,28.3,28.5,28.4,28.3,28.4,28.4,28.3,28.4,28.4,28.5,28.2
47,28.3,28.2,28.1,28.3,28.3,28.3,28.2,28.4,28.3,28.1,28.3,28.3,28.4,28.3,28.1,28.5,28.3,28.3,28.3,28.3,28.3,28.4,28.4,28.5,28.3,28.4,28.5,28.4,28.5,28.4,28.5,28.4,28.3,28.5,28.5,28.6,28.6,28.5,28.4,28.5,28.5,28.5,28.5,28.6,28.7,28.8,28.8,29.0,29.1,29.1,29.2,29.2,29.2,29.4,29.0,29.3,29.0,29.0,29.0,29.0,29.1,29.1,29.2,29.0,29.0,29.1,29.0,29.1,29.0,29.2,29.2,29.2,29.3,29.2,29.2,29.1,28.9,29.0,29.3,29.2,29.0,29.2,29.1,29.3,29.3,29.1,29.2,29.2,29.1,29.3,29.3,29.1,29.3,29.3,29.2,29.1,29.1,29.2,29.2,29.2,29.1,29.1,29.3,29.4,29.3,29.2,29.1,29.1,28.9,29.0,29.0,28.9,28.7,28.9,28.8,28.8,28.9,28.8,29.0,29.0,29.1,29.0,28.8,29.1,28.9,29.0,28.9,29.1,29.0,29.1,29.0,29.1,29.2,29.1,29.0,29.3,29.2,29.3,29.4,29.4,29.1,29.2,29.5,29.4,29.2,29.1,29.0,28.8,28.6,28.8,28.8,28.6,28.5,28.7,28.6,28.7,28.6,28.6,28.6,28.7,28.8,28.7,28.6,28.6,28.6,28.5,28.5,28.6,28.5,28.5,28.5,28.5,28.6,28.7,28.6,28.6,28.6,28.5,28.4,28.4,28.3,28.4,28.6,28.4,28.4,28.5,28.5,28.5,28.5,28.5,28.6,28.3
48,28.3,28.3,28.3,28.3,28.5,28.3,28.4,28.3,28.2,28.4,28.4,28.3,28.3,28.3,28.5,28.4,28.4,28.3,28.4,28.5,28.3,28.3,28.4,28.3,28.7,28.6,28.4,28.3,28.4,28.5,28.6,28.5,28.6,28.6,28.5,28.6,28.5,28.5,28.4,28.6,28.5,28.7,28.8,28.5,28.6,28.9,29.0,29.2,29.2,29.2,29.2,29.0,29.3,29.3,29.3,29.4,29.2,29.1,29.2,29.1,29.2,29.3,29.1,29.2,29.2,29.2,29.3,29.3,29.2,29.2,29.2,29.4,29.3,29.1,29.1,29.0,29.1,29.1,29.2,29.3,29.2,29.2,29.3,29.4,29.3,29.2,29.3,29.3,29.3,29.3,29.3,29.2,29.2,29.3,29.4,29.3,29.2,29.3,29.3,29.2,29.3,29.4,29.7,29.8,29.6,29.4,29.3,29.1,29.1,28.8,29.1,28.8,28.8,28.7,28.7,28.8,29.0,28.9,28.8,28.7,28.8,28.8,29.0,29.0,28.9,29.0,28.9,28.9,29.0,29.0,29.1,29.1,29.1,29.0,29.1,29.1,29.2,29.2,29.3,29.4,29.4,29.4,29.6,29.2,29.2,29.0,29.0,28.9,28.8,28.7,28.8,28.9,28.8,28.7,28.6,28.6,28.8,28.8,28.5,28.7,28.5,28.8,28.7,28.7,28.5,28.7,28.5,28.8,28.6,28.8,28.5,28.6,28.7,28.6,28.8,28.6,28.6,28.6,28.5,28.5,28.5,28.5,28.5,28.5,28.5,28.3,28.5,28.3,28.3,28.5,28.5,28.5
49,28.1,28.3,28.2,28.4,28.5,28.1,28.5,28.4,28.5,28.2,28.2,28.3,28.2,28.5,28.3,28.4,28.3,28.3,28.5,28.3,28.4,28.5,28.3,28.3,28.6,28.7,28.5,28.5,28.5,28.7,28.5,28.6,28.2,28.3,28.4,28.6,28.5,28.4,28.5,28.5,28.5,28.7,28.6,28.6,28.5,28.9,29.1,29.2,29.2,29.3,29.2,28.8,29.2,29.3,29.4,29.5,29.4,29.2,29.2,29.0,29.1,29.3,29.3,29.1,29.2,29.3,29.1,29.3,29.3,29.1,29.2,29.2,29.1,29.2,29.3,29.2,28.9,29.0,29.1,29.2,29.3,29.3,29.3,29.2,29.3,29.2,29.4,29.3,29.2,29.2,29.3,29.4,29.3,29.3,29.4,29.3,29.4,29.3,29.3,29.1,29.4,29.4,29.8,29.8,29.7,29.5,29.3,29.1,29.1,29.0,28.8,28.7,28.8,28.7,28.8,28.8,28.8,28.7,28.9,28.9,28.9,28.8,28.8,28.8,28.9,28.8,28.9,28.8,28.8,28.8,28.8,29.0,29.1,28.8,28.8,29.0,29.2,29.3,29.4,29.5,29.5,29.6,29.5,29.4,29.3,29.2,28.9,28.9,28.8,28.5,28.5,28.7,28.7,28.6,28.5,28.8,28.5,28.7,28.6,28.6,28.6,28.6,28.8,28.6,28.6,28.7,28.6,28.4,28.5,28.6,28.6,28.4,28.7,28.4,28.5,28.4,28.6,28.5,28.6,28.4,28.2,28.4,28.6,28.5,28.4,28.4,28.4,28.3,28.2,28.3,28.5,28.4
50,28.4,28.3,28.2,28.2,28.3,28.2,28.3,28.3,28.3,28.4,28.3,28.5,28.5,28.4,28.5,28.5,28.4,28.3,28.5,28.3,28.3,28.3,28.5,28.5,28.5,28.7,28.6,28.6,28.5,28.5,28.4,28.4,28.5,28.5,28.6,28.5,28.7,28.6,28.5,28.5,28.6,28.6,28.6,28.6,28.7,28.9,29.2,29.3,29.4,29.0,29.0,28.9,28.8,29.1,29.4,29.4,29.4,29.1,29.2,29.4,29.2,29.4,29.3,29.3,29.1,29.1,29.2,29.5,29.3,29.3,29.1,29.2,29.0,29.2,29.2,29.1,29.1,29.0,29.1,29.1,29.4,29.2,29.4,29.2,29.4,29.3,29.2,29.3,29.3,29.4,29.2,29.2,29.3,29.3,29.3,29.3,29.2,29.3,29.3,29.2,29.2,29.4,29.9,30.3,30.0,29.5,29.2,29.2,29.0,29.0,28.7,28.8,28.8,28.9,29.0,28.9,29.0,29.0,28.8,29.0,28.9,29.0,28.7,29.1,28.9,28.8,28.8,29.0,29.0,28.9,28.9,29.0,28.9,28.7,28.8,28.9,29.3,29.4,29.5,29.8,29.6,29.5,29.6,29.5,29.4,29.0,28.8,28.8,28.8,28.6,28.6,28.7,28.6,28.5,28.6,28.7,28.9,28.6,28.8,28.5,28.6,28.6,28.6,28.6,28.6,28.6,28.4,28.6,28.8,28.5,28.3,28.5,28.5,28.5,28.5,28.6,28.5,28.7,28.5,28.5,28.6,28.4,28.5,28.5,28.4,28.5,28.4,28.3,28.3,28.3,28.3,28.4
51,28.3,28.2,28.3,28.4,28.3,28.4,28.1,28.3,28.5,28.3,28.3,28.4,28.5,28.4,28.4,28.4,28.3,28.2,28.4,28.4,28.5,28.5,28.3,28.5,28.5,28.5,28.5,28.4,28.5,28.5,28.5,28.4,28.6,28.4,28.4,28.7,28.5,28.6,28.5,28.5,28.3,28.7,28.6,28.5,28.6,28.9,29.1,29.5,29.3,29.1,28.8,28.6,28.7,28.9,29.3,29.4,29.2,29.2,29.2,29.2,29.3,29.4,29.2,29.2,29.1,29.2,29.2,29.5,29.3,29.3,29.4,29.2,29.0,29.2,29.1,29.1,29.1,29.1,29.0,29.1,29.4,29.3,29.3,29.2,29.3,29.1,29.3,29.1,29.1,29.4,29.1,29.4,29.3,29.3,29.3,29.4,29.1,29.4,29.2,29.3,29.4,29.5,30.0,30.2,29.9,29.6,29.3,29.1,29.0,28.8,29.0,28.8,28.7,28.9,28.8,29.0,29.0,29.0,29.0,29.0,28.9,29.1,29.0,28.8,29.0,29.0,29.0,29.1,28.9,29.0,29.0,28.9,28.7,28.7,28.8,28.8,29.3,29.8,29.9,30.1,29.7,29.8,29.8,29.7,29.4,29.2,29.0,28.9,28.7,28.7,28.8,28.7,28.8,28.7,28.9,28.6,28.5,28.7,28.5,28.7,28.6,28.6,28.6,28.5,28.8,28.6,28.5,28.7,28.7,28.5,28.5,28.5,28.8,28.5,28.7,28.3,28.6,28.4,28.7,28.5,28.3,28.4,28.5,28.5,28.3,28.3,28.2,28.4,28.2,28.5,28.4,28.5
52,28.1,28.3,28.3,28.4,28.2,28.4,28.3,28.4,28.5,28.2,28.5,28.3,28.5,28.5,28.4,28.4,28.4,28.3,28.3,28.5,28.3,28.4,28.3,28.4,28.5,28.6,28.5,28.6,28.5,28.5,28.5,28.5,28.4,28.5,28.4,28.4,28.5,28.5,28.5,28.6,28.5,28.7,28.7,28.8,28.7,28.9,29.1,29.2,29.1,28.9,28.8,28.7,28.7,28.8,29.1,29.3,29.2,29.2,29.1,29.1,29.3,29.3,29.3,29.1,29.3,29.2,29.1,29.4,29.4,29.2,29.1,29.1,29.1,29.1,29.0,29.0,28.9,29.0,29.1,29.1,29.1,29.2,29.3,29.4,29.2,29.1,29.1,29.2,29.3,29.3,29.4,29.3,29.1,29.4,29.3,29.3,29.4,29.2,29.3,29.4,29.3,29.4,29.7,29.9,29.8,29.4,29.3,29.0,29.0,28.9,28.8,28.9,28.9,28.9,28.8,29.0,29.0,28.9,28.8,29.0,29.0,29.0,29.0,29.0,29.1,29.0,28.9,29.1,29.0,29.0,29.1,29.0,29.0,28.6,28.5,28.9,29.2,30.0,29.7,29.5,29.4,29.7,29.6,29.8,29.7,29.3,28.8,28.7,28.7,29.0,28.7,28.8,28.6,28.7,28.6,28.6,28.8,28.5,28.8,28.8,28.7,28.6,28.6,28.5,28.6,28.5,28.6,28.5,28.5,28.5,28.6,28.4,28.3,28.5,28.6,28.3,28.4,28.7,28.5,28.6,28.5,28.3,28.5,28.5,28.3,28.3,28.3,28.4,28.3,28.5,28.3,28.5
53,28.1,28.3,28.3,28.3,28.4,28.4,28.3,28.3,28.2,28.2,28.4,28.4,28.5,28.4,28.5,28.5,28.5,28.4,28.4,28.4,28.5,28.5,28.5,28.4,28.5,28.6,28.6,28.7,28.5,28.7,28.6,28.4,28.5,28.6,28.4,28.7,28.6,28.7,28.5,28.6,28.8,28.8,28.8,28.7,28.8,29.2,29.0,29.1,29.4,29.1,28.8,28.8,28.9,28.9,29.1,29.2,29.2,29.1,28.9,29.1,29.2,29.3,29.3,29.3,29.3,29.3,29.4,29.4,29.3,29.2,29.2,29.2,29.2,29.2,29.2,29.2,29.1,29.0,29.2,29.2,29.1,29.2,29.3,29.4,29.4,29.2,29.2,29.3,29.3,29.3,29.4,29.2,29.2,29.2,29.2,29.3,29.2,29.4,29.4,29.3,29.3,29.3,29.5,29.4,29.6,29.3,29.3,29.2,29.1,29.0,28.8,28.9,28.9,28.9,29.0,29.0,29.0,29.0,29.1,28.9,29.0,29.0,29.0,29.0,29.0,29.0,29.2,29.0,28.9,29.0,29.0,29.1,28.8,28.8,28.7,28.9,29.5,29.9,29.5,29.3,29.2,29.0,29.7,29.9,30.0,29.5,29.1,28.9,28.6,28.8,28.7,28.8,28.7,28.6,28.8,28.7,28.8,28.7,28.5,28.6,28.9,28.7,28.7,28.6,28.7,28.6,28.5,28.6,28.7,28.5,28.5,28.7,28.4,28.7,28.6,28.4,28.5,28.7,28.5,28.5,28.6,28.4,28.5,28.5,28.5,28.5,28.5,28.4,28.4,28.4,28.5,28.2
54,28.3,28.2,28.3,28.3,28.2,28.3,28.3,28.2,28.3,28.3,28.3,28.4,28.2,28.4,28.5,28.3,28.5,28.4,28.3,28.4,28.5,28.5,28.5,28.5,28.6,28.5,28.4,28.4,28.4,28.6,28.5,28.4,28.6,28.5,28.6,28.5,28.6,28.7,28.8,28.8,28.8,28.8,28.9,28.8,28.9,28.9,29.1,29.2,29.2,29.3,29.0,28.9,29.0,28.9,29.1,29.1,29.0,29.2,29.0,29.0,29.2,29.1,29.1,29.1,29.4,29.2,29.3,29.4,29.2,29.2,29.3,29.2,29.1,29.2,29.1,29.2,29.2,29.1,29.2,29.1,29.1,29.3,29.2,29.3,29.3,29.2,29.3,29.4,29.2,29.2,29.3,29.4,29.4,29.4,29.4,29.4,29.3,29.2,29.2,29.2,29.2,29.0,29.2,29.4,29.2,29.2,29.2,29.0,29.0,28.9,29.0,28.9,28.9,29.0,29.0,29.0,29.0,29.0,28.9,29.0,29.0,29.0,29.0,29.0,29.1,28.9,29.0,29.1,29.0,29.1,29.1,28.9,28.8,28.5,28.5,29.0,29.5,29.6,29.5,29.1,29.2,29.0,29.4,30.0,30.0,29.4,29.0,28.9,28.7,28.6,28.6,28.8,28.7,28.7,28.6,28.8,28.6,28.6,28.7,28.6,28.6,28.5,28.7,28.6,28.7,28.6,28.7,28.6,28.6,28.7,28.3,28.6,28.8,28.5,28.6,28.5,28.5,28.6,28.4,28.4,28.5,28.5,28.5,28.4,28.5,28.4,28.3,28.5,28.4,28.5,28.5,28.3
55,28.3,28.3,28.3,28.3,28.3,28.3,28.4,28.4,28.3,28.5,28.5,28.3,28.3,28.3,28.5,28.5,28.5,28.3,28.5,28.4,28.5,28.3,28.5,28.3,28.6,28.6,28.3,28.5,28.5,28.6,28.7,28.6,28.5,28.7,28.5,28.7,28.6,28.8,28.8,28.8,28.8,29.1,28.8,29.0,29.0,29.0,29.0,29.3,29.2,29.1,29.1,29.0,29.0,29.0,28.8,29.0,29.0,28.8,29.0,29.1,29.2,29.1,29.2,29.1,29.0,29.1,29.1,29.2,29.2,29.2,29.2,29.2,29.1,29.2,29.1,29.1,29.0,29.0,29.2,29.2,29.3,29.3,29.2,29.4,29.3,29.1,29.2,29.2,29.2,29.2,29.2,29.2,29.2,29.3,29.2,29.3,29.2,29.2,29.2,29.2,29.2,29.2,29.2,29.0,29.1,29.1,29.1,28.9,28.9,28.7,28.8,28.9,28.9,29.0,28.9,28.9,29.0,29.0,29.0,29.0,28.9,28.9,29.0,28.8,28.9,29.0,28.8,28.8,29.0,28.8,29.0,28.8,28.8,28.6,28.3,28.9,29.4,29.6,29.4,29.3,29.2,29.1,29.5,30.0,29.9,29.2,29.1,28.7,28.8,28.7,28.8,28.8,28.6,28.9,28.6,28.8,28.7,28.7,28.7,28.6,28.7,28.8,28.8,28.8,28.7,28.7,28.6,28.5,28.7,28.6,28.5,28.5,28.7,28.5,28.6,28.4,28.6,28.7,28.5,28.6,28.3,28.5,28.6,28.5,28.5,28.5,28.4,28.5,28.5,28.3,28.3,28.5
56,28.4,28.3,28.4,28.3,28.3,28.5,28.3,28.3,28.3,28.3,28.5,28.4,28.3,28.3,28.5,28.4,28.6,28.4,28.4,28.5,28.5,28.7,28.4,28.5,28.7,28.6,28.5,28.5,28.5,28.5,28.7,28.6,28.6,28.4,28.6,28.5,28.6,28.7,28.7,28.8,29.0,29.1,29.1,29.1,29.1,29.2,29.2,29.1,29.0,29.1,29.3,29.1,29.1,29.1,29.2,28.9,28.9,28.9,29.1,29.0,29.2,29.2,29.2,29.1,29.1,29.1,28.9,29.1,29.0,29.1,29.1,29.0,29.2,29.2,29.3,29.3,29.2,29.1,29.1,29.2,29.3,29.2,29.2,29.2,29.1,29.2,29.3,29.2,29.1,29.3,29.3,29.2,29.1,29.3,29.1,29.1,29.1,29.2,29.1,29.2,29.2,29.1,29.1,29.1,29.1,29.0,28.9,28.8,28.8,28.8,28.8,29.0,28.7,28.9,29.0,29.0,29.0,28.9,28.8,29.0,29.0,28.8,29.0,29.0,28.9,29.0,28.8,29.0,28.8,29.0,28.9,28.9,28.8,28.3,28.5,28.5,29.2,29.7,29.5,29.5,29.2,29.3,29.5,29.9,29.7,29.0,28.8,28.7,28.6,28.8,28.6,28.5,28.5,28.6,28.7,28.7,28.6,28.7,28.7,28.8,28.7,28.7,28.8,28.6,28.6,28.7,28.6,28.7,28.4,28.5,28.5,28.5,28.7,28.7,28.6,28.6,28.6,28.6,28.5,28.6,28.3,28.3,28.4,28.4,28.5,28.5,28.4,28.5,28.4,28.3,28.5,28.5
57,28.3,28.2,28.3,28.2,28.3,28.4,28.5,28.4,28.5,28.3,28.4,28.3,28.4,28.3,28.5,28.2,28.5,28.3,28.5,28.7,28.5,28.5,28.4,28.5,28.5,28.6,28.4,28.6,28.5,28.5,28.6,28.5,28.7,28.7,28.6,28.5,28.6,28.9,28.7,28.9,29.0,29.0,29.0,29.1,29.0,29.1,29.1,29.0,29.1,29.2,29.0,29.0,29.2,29.2,29.1,29.0,28.9,29.0,28.9,29.1,29.1,29.2,29.0,29.2,29.0,29.2,29.0,29.0,29.0,29.0,29.0,29.2,29.2,29.1,29.1,29.1,29.2,29.3,29.1,29.0,29.1,29.3,29.1,29.2,29.1,29.2,29.2,29.2,29.3,29.2,29.1,29.1,29.0,29.0,29.2,29.2,29.2,29.2,29.2,29.2,29.2,29.0,29.3,29.2,29.1,29.0,29.0,28.9,28.8,28.7,28.9,28.9,28.9,29.1,29.0,29.1,29.0,28.8,29.0,29.0,29.0,28.9,28.9,29.0,28.9,29.0,29.0,29.2,28.9,28.9,28.9,29.0,28.7,28.5,28.5,28.5,29.1,29.4,29.6,29.4,29.3,29.4,29.8,29.5,29.4,29.0,28.8,28.8,28.7,28.7,28.7,28.5,28.6,28.7,28.7,28.7,28.7,28.8,28.7,28.8,28.7,28.7,28.5,28.6,28.8,28.7,28.7,28.7,28.7,28.6,28.6,28.3,28.5,28.5,28.5,28.5,28.6,28.5,28.5,28.6,28.5,28.5,28.6,28.6,28.3,28.6,28.3,28.4,28.5,28.3,28.5,28.5
58,28.2,28.2,28.3,28.2,28.3,28.4,28.1,28.5,28.5,28.3,28.3,28.4,28.5,28.2,28.4,28.5,28.5,28.3,28.5,28.3,28.4,28.3,28.3,28.5,28.5,28.7,28.6,28.6,28.5,28.7,28.8,28.6,28.4,28.3,28.6,28.5,28.6,28.8,28.9,28.8,29.0,29.2,29.1,29.0,29.0,29.0,29.0,29.0,28.9,29.0,29.0,28.9,29.0,29.0,29.0,29.1,28.9,28.8,28.9,28.9,28.8,29.0,29.0,29.0,29.0,29.1,29.2,29.1,29.1,29.1,29.0,29.1,29.2,29.0,29.0,29.2,29.1,29.0,29.2,29.2,29.0,29.0,29.2,29.0,29.2,29.2,29.2,29.2,29.1,29.2,29.1,29.1,29.1,29.2,29.2,29.2,29.2,29.2,29.0,29.2,29.0,29.2,29.2,29.1,29.0,29.1,29.0,28.7,28.9,28.8,28.7,28.8,28.8,29.1,28.9,29.0,29.0,29.1,29.0,29.1,29.1,29.0,29.0,29.0,28.8,28.9,28.9,28.9,29.0,29.0,28.9,28.9,29.0,28.6,28.5,28.6,28.9,29.0,29.1,29.1,29.2,29.4,29.2,29.2,29.0,28.9,28.6,28.8,28.6,28.8,28.8,28.6,28.7,28.7,28.8,28.7,28.7,28.8,28.8,28.8,28.8,28.6,28.6,28.7,28.5,28.7,28.5,28.7,28.8,28.8,28.6,28.6,28.6,28.6,28.6,28.7,28.6,28.7,28.7,28.5,28.6,28.4,28.6,28.5,28.4,28.6,28.4,28.3,28.5,28.3,28.2,28.5
59,28.2,28.3,28.2,28.3,28.4,28.3,28.4,28.3,28.3,28.3,28.2,28.5,28.5,28.4,28.5,28.3,28.4,28.5,28.6,28.5,28.5,28.4,28.4,28.5,28.6,28.6,28.5,28.4,28.5,28.5,28.6,28.5,28.6,28.5,28.6,28.6,28.5,28.7,28.9,29.1,29.0,29.2,29.0,29.1,29.1,29.1,29.1,29.0,29.0,28.9,29.0,29.0,29.0,28.8,29.0,29.0,29.1,29.0,28.9,28.8,28.9,28.9,29.0,29.0,29.0,29.0,29.0,29.0,29.0,29.3,29.1,29.3,29.1,29.2,29.2,29.0,29.0,29.1,29.1,29.0,29.2,29.1,29.2,29.2,29.1,29.2,29.2,29.2,29.1,29.2,29.2,29.2,29.0,29.2,29.1,29.2,29.1,29.2,29.1,29.1,29.1,29.2,29.1,29.2,29.1,29.0,28.8,28.8,28.8,28.8,28.8,28.9,28.9,28.9,29.0,29.0,29.0,29.0,29.0,28.9,28.9,28.9,28.9,29.0,29.0,28.8,29.0,28.9,28.9,28.9,29.0,28.9,28.8,28.6,28.6,28.6,28.7,28.9,28.8,28.9,28.7,28.8,29.0,28.8,28.9,28.7,28.8,28.8,28.7,28.8,28.7,28.7,28.7,28.6,28.7,28.7,28.7,28.8,28.8,28.6,28.8,28.8,28.6,28.6,28.7,28.7,28.6,28.7,28.8,28.6,28.6,28.4,28.7,28.5,28.6,28.6,28.8,28.5,28.5,28.5,28.5,28.7,28.5,28.4,28.3,28.5,28.6,28.5,28.3,28.5,28.5,28.3
60,28.5,28.3,28.3,28.2,28.2,28.5,28.3,28.3,28.3,28.5,28.5,28.3,28.4,28.3,28.4,28.5,28.5,28.3,28.5,28.4,28.6,28.4,28.6,28.5,28.5,28.7,28.5,28.6,28.4,28.7,28.5,28.7,28.6,28.6,28.6,28.6,28.5,28.8,28.7,29.0,29.0,29.1,29.0,29.2,29.1,28.8,29.1,29.1,28.9,28.9,28.9,29.0,29.0,29.1,29.0,29.2,28.9,28.9,28.6,28.8,29.0,28.9,29.1,28.9,29.1,29.0,29.0,29.0,28.9,29.1,29.1,29.1,29.0,29.1,29.2,29.1,29.2,29.1,29.1,29.1,29.1,29.1,29.1,29.2,29.2,29.1,29.1,29.0,29.1,29.1,29.1,29.2,29.0,29.2,29.3,29.2,29.1,29.2,29.1,29.1,29.1,29.2,29.1,29.2,29.1,29.0,29.0,28.8,28.8,28.9,28.8,28.8,28.8,28.8,28.7,29.0,29.0,29.0,29.0,28.9,29.0,29.0,29.0,29.0,29.0,28.8,28.8,28.8,28.9,28.9,29.0,29.0,28.8,28.8,28.7,28.7,28.8,28.8,28.8,28.8,28.7,28.7,28.6,28.7,28.7,28.7,28.7,28.7,28.7,28.7,28.6,28.6,28.6,28.5,28.7,28.8,28.6,28.6,28.7,28.7,28.7,28.8,28.7,28.7,28.7,28.8,28.6,28.6,28.7,28.7,28.6,28.5,28.8,28.5,28.7,28.4,28.5,28.6,28.5,28.5,28.3,28.4,28.5,28.6,28.5,28.5,28.5,28.6,28.5,28.6,28.5,28.5
61,28.3,28.3,28.4,28.3,28.2,28.3,28.3,28.4,28.5,28.3,28.2,28.4,28.3,28.1,28.5,28.3,28.5,28.6,28.5,28.6,28.6,28.5,28.5,28.6,28.5,28.5,28.6,28.6,28.6,28.6,28.6,28.6,28.7,28.8,28.6,28.6,28.7,28.7,29.0,29.0,29.0,29.2,29.1,29.1,29.0,29.1,29.0,28.9,28.9,29.1,29.0,29.1,29.0,29.0,29.2,29.0,28.9,28.9,28.8,28.8,28.9,29.0,28.9,29.0,28.9,29.1,29.0,29.0,29.2,29.1,29.2,29.1,29.1,29.1,29.2,29.1,29.2,29.2,29.2,29.1,29.3,29.2,29.2,29.2,29.1,29.1,29.2,29.2,29.1,29.2,29.1,29.2,29.2,29.4,29.3,29.2,29.1,29.2,29.0,29.2,29.4,29.2,29.1,29.2,29.2,29.0,28.9,28.9,28.9,28.8,28.9,28.9,28.8,28.9,29.0,29.0,29.0,29.0,29.1,28.9,29.0,29.2,28.9,29.0,29.0,28.9,29.0,29.1,29.0,28.9,29.0,29.0,28.8,28.8,28.8,28.8,28.8,28.8,28.9,28.9,28.8,28.7,28.8,28.7,28.7,28.8,28.8,28.8,28.8,28.9,28.7,28.6,28.8,28.8,28.8,28.6,28.5,28.8,28.9,28.7,28.8,28.8,28.8,28.6,28.7,28.7,28.8,28.7,28.7,28.7,28.8,28.7,28.8,28.7,28.7,28.6,28.6,28.5,28.5,28.7,28.6,28.5,28.6,28.5,28.5,28.3,28.6,28.5,28.7,28.4,28.8,28.5
62,28.5,28.3,28.3,28.2,28.5,28.5,28.4,28.5,28.3,28.5,28.4,28.4,28.5,28.5,28.5,28.2,28.5,28.3,28.5,28.6,28.5,28.6,28.5,28.5,28.7,28.8,28.5,28.5,28.6,28.4,28.5,28.7,28.7,28.8,28.6,28.8,28.7,28.8,28.9,29.0,29.2,29.0,29.1,29.1,29.0,29.0,29.1,29.1,29.0,29.0,29.1,29.2,29.0,29.1,29.1,29.0,28.9,29.0,28.8,28.9,29.0,29.1,29.0,29.0,29.0,29.1,29.2,29.0,29.0,29.1,29.2,29.3,29.2,29.1,29.2,29.0,29.0,29.0,29.0,29.0,29.1,29.1,29.2,29.1,29.0,29.1,29.1,29.2,29.2,29.2,29.0,29.2,29.1,29.0,29.1,29.1,29.2,29.2,29.1,29.2,29.1,29.2,29.3,29.2,28.9,29.0,28.9,28.8,28.9,28.7,28.9,28.8,28.9,29.0,29.0,28.8,29.0,28.9,28.9,29.0,28.9,29.1,29.0,29.0,29.0,28.9,29.0,28.9,28.9,29.0,29.0,29.0,28.8,28.8,28.7,28.8,28.7,28.7,28.7,28.8,28.8,28.8,28.8,28.7,28.8,28.8,28.8,28.8,28.8,28.9,28.6,28.8,28.7,28.8,28.6,28.7,28.6,28.6,28.7,28.6,29.0,28.7,28.8,28.7,28.7,28.7,28.7,28.6,28.7,28.6,28.6,28.6,28.6,28.6,28.6,28.5,28.5,28.6,28.6,28.6,28.5,28.4,28.6,28.5,28.6,28.5,28.5,28.6,28.3,28.4,28.4,28.3
63,28.3,28.4,28.3,28.3,28.2,28.4,28.3,28.5,28.4,28.3,28.4,28.3,28.5,28.5,28.5,28.5,28.5,28.3,28.5,28.4,28.6,28.6,28.6,28.5,28.5,28.5,28.7,28.7,28.6,28.6,28.6,28.7,28.8,28.7,28.6,28.7,28.9,28.8,28.8,28.8,29.2,29.3,29.1,29.0,29.1,29.0,29.1,29.2,28.9,28.9,29.4,29.1,29.0,28.9,29.0,28.9,28.9,28.8,28.7,28.7,28.8,29.0,29.0,28.9,29.0,29.0,29.0,28.9,29.1,29.2,29.2,29.1,29.0,29.1,29.1,29.1,29.1,29.1,29.2,29.2,29.2,29.2,29.1,29.2,29.3,29.3,29.0,29.1,29.2,29.2,29.1,29.1,29.1,29.1,29.2,29.1,29.2,29.1,29.2,29.1,29.1,29.0,29.1,29.1,28.9,29.0,28.9,28.8,28.8,28.8,29.0,28.8,28.8,28.8,28.9,28.9,29.1,28.9,28.8,28.9,29.0,29.0,28.9,29.0,28.9,28.8,28.9,29.0,28.9,29.0,28.9,28.9,29.0,28.8,28.8,29.0,28.7,28.7,28.8,28.8,28.8,28.9,28.8,28.7,28.8,28.7,28.8,28.8,28.6,28.8,28.8,28.7,28.7,28.6,28.8,28.8,28.6,28.6,28.9,28.7,28.9,28.7,28.7,28.8,28.7,28.6,28.6,28.8,28.6,28.8,28.7,28.7,28.7,28.5,28.8,28.5,28.5,28.5,28.5,28.7,28.5,28.5,28.8,28.6,28.5,28.6,28.5,28.5,28.4,28.5,28.6,28.5
64,28.3,28.4,28.2,28.2,28.2,28.3,28.5,28.4,28.3,28.5,28.3,28.5,28.6,28.5,28.6,28.6,28.5,28.4,28.5,28.5,28.5,28.6,28.6,28.5,28.6,28.5,28.4,28.7,28.6,28.5,28.7,28.5,28.8,28.8,28.8,28.8,28.7,28.8,28.8,29.2,29.0,29.1,29.1,28.9,28.9,29.0,29.2,29.0,29.0,29.2,28.9,29.0,29.1,29.0,29.0,29.0,28.9,29.0,28.7,28.8,29.0,29.0,28.8,29.0,29.0,29.1,29.1,29.1,29.2,29.2,29.1,29.2,29.2,29.0,29.1,29.1,29.1,29.2,29.2,29.2,29.1,29.2,29.2,29.2,29.2,29.1,29.3,29.2,29.1,29.0,29.1,29.0,29.1,29.2,29.0,29.2,29.2,29.2,29.1,29.2,29.2,29.1,29.3,29.2,29.0,28.9,29.0,28.9,28.8,28.9,28.8,28.9,28.8,28.9,28.8,29.0,28.9,29.0,28.9,29.1,29.0,29.0,29.0,29.1,29.0,29.0,29.1,29.0,29.0,29.0,29.0,29.0,28.9,28.9,28.8,28.9,29.0,28.8,28.8,28.8,28.8,28.7,28.8,28.8,28.8,28.6,28.7,28.8,28.7,28.6,28.8,28.6,28.8,28.9,28.7,28.6,28.6,28.7,28.8,28.6,28.9,28.7,28.7,28.6,28.7,28.6,28.6,28.7,28.8,28.7,28.5,28.5,28.6,28.7,28.6,28.5,28.5,28.4,28.6,28.5,28.6,28.4,28.6,28.5,28.3,28.7,28.6,28.7,28.5,28.6,28.5,28.5
65,28.3,28.3,28.2,28.3,28.4,28.5,28.3,28.4,28.5,28.4,28.5,28.3,28.5,28.7,28.5,28.5,28.4,28.5,28.5,28.3,28.6,28.5,28.5,28.5,28.5,28.5,28.5,28.5,28.6,28.6,28.8,28.7,28.8,28.9,28.7,28.8,28.8,28.8,28.8,29.0,29.0,29.0,29.1,29.1,29.1,29.1,29.2,29.0,28.9,29.1,29.1,29.1,29.0,29.1,29.0,28.9,28.9,28.9,28.7,28.8,28.9,29.1,28.9,28.8,28.9,29.0,29.0,29.0,29.1,29.1,29.2,29.1,29.1,29.2,29.0,29.2,29.2,29.1,29.2,29.1,29.2,29.1,29.1,29.2,29.2,29.2,29.2,29.1,29.2,29.0,29.0,29.2,29.0,29.2,29.2,29.0,29.0,29.2,29.2,29.1,29.2,29.1,29.1,29.2,29.2,29.1,28.9,28.9,28.8,29.0,28.8,28.8,28.9,28.8,28.9,29.0,28.9,28.8,29.0,29.0,28.9,28.7,29.0,29.0,28.8,29.0,28.9,29.0,29.1,29.0,29.1,29.1,28.9,28.7,29.0,28.9,28.8,28.9,28.7,28.9,28.9,28.7,28.7,28.7,28.8,28.7,28.8,28.8,28.8,28.8,28.8,28.7,28.7,28.8,28.6,28.6,28.7,28.8,28.8,28.9,28.7,28.7,28.4,28.7,28.8,28.7,28.7,28.8,28.8,28.5,28.7,28.8,28.6,28.8,28.6,28.6,28.7,28.8,28.5,28.5,28.7,28.5,28.5,28.6,28.6,28.5,28.5,28.6,28.5,28.5,28.5,28.6
66,28.2,28.4,28.3,28.5,28.3,28.3,28.4,28.3,28.3,28.4,28.5,28.4,28.4,28.3,28.5,28.5,28.5,28.3,28.5,28.3,28.5,28.7,28.5,28.7,28.7,28.6,28.6,28.6,28.5,28.5,28.7,28.7,28.7,28.8,28.8,28.8,28.8,28.8,28.8,28.9,28.9,29.1,29.0,29.1,29.2,29.1,29.0,29.1,29.0,29.1,29.0,29.0,28.9,29.1,29.1,29.2,29.0,28.6,28.7,28.7,28.7,29.1,28.9,28.8,28.9,29.1,29.2,29.2,29.0,29.2,29.2,29.1,29.0,29.1,29.1,29.0,29.0,29.2,29.0,29.2,29.1,29.2,29.2,29.1,29.2,29.1,29.0,29.1,29.0,29.0,29.2,29.1,29.2,29.2,29.1,29.0,29.1,29.1,29.0,28.9,29.0,29.0,29.1,29.1,29.0,28.9,29.1,29.0,28.9,28.7,28.8,28.9,29.0,28.9,28.8,28.9,29.0,28.9,28.9,29.0,29.0,28.9,28.8,28.9,29.0,28.9,29.0,28.9,29.0,28.9,28.9,29.0,29.0,28.9,29.0,28.8,28.9,28.8,28.7,28.9,29.0,28.9,28.7,28.7,28.7,28.7,28.7,28.7,28.7,28.7,28.6,28.6,28.7,28.7,28.6,28.8,28.7,28.8,28.8,28.6,28.7,28.6,28.7,28.6,28.7,28.6,28.6,28.7,28.7,28.6,28.6,28.5,28.5,28.7,28.6,28.5,28.6,28.6,28.5,28.5,28.5,28.5,28.6,28.4,28.4,28.5,28.5,28.6,28.5,28.5,28.6,28.6
67,28.4,28.2,28.3,28.5,28.6,28.4,28.3,28.4,28.4,28.4,28.3,28.5,28.3,28.3,28.4,28.5,28.6,28.5,28.5,28.5,28.5,28.6,28.6,28.6,28.6,28.6,28.6,28.7,28.6,28.7,28.6,28.7,28.7,28.7,28.7,28.8,28.9,28.8,28.8,29.2,29.2,29.1,29.2,29.2,29.1,29.0,29.1,29.1,29.0,29.2,29.1,29.1,29.0,29.0,29.2,29.0,28.8,28.7,28.8,28.8,28.8,28.9,28.9,28.8,29.0,28.9,29.0,29.0,29.0,29.2,29.2,29.2,29.2,29.1,29.3,29.3,29.0,29.1,29.1,29.0,29.1,29.1,29.0,29.1,29.2,29.3,29.2,29.2,29.1,29.3,29.1,29.2,29.2,29.2,29.2,29.1,29.1,29.2,29.2,29.2,29.1,29.1,29.0,29.1,28.9,29.0,28.9,28.9,28.9,28.9,28.9,28.8,28.9,28.7,28.8,28.8,28.9,28.8,28.9,28.9,28.8,28.9,29.0,28.9,28.9,28.9,29.0,29.0,29.0,28.9,29.0,28.9,29.0,28.8,29.0,28.8,28.9,29.0,28.8,28.7,28.9,28.8,28.9,28.9,28.7,28.9,28.8,28.6,28.8,28.8,28.7,28.8,28.6,28.8,28.9,28.7,28.8,28.7,28.8,28.7,28.7,28.6,28.8,28.8,28.8,28.8,28.8,28.7,28.8,28.8,28.7,28.7,28.6,28.6,28.7,28.7,28.6,28.8,28.5,28.6,28.4,28.6,28.6,28.5,28.5,28.5,28.5,28.5,28.4,28.5,28.5,28.5
68,28.4,28.5,28.3,28.3,28.3,28.4,28.2,28.4,28.5,28.5,28.5,28.5,28.4,28.5,28.7,28.6,28.6,28.7,28.5,28.7,28.7,28.6,28.5,28.5,28.6,28.7,28.8,28.7,28.7,28.8,28.8,28.7,28.7,28.7,28.9,28.9,28.8,28.9,29.0,28.9,29.0,29.0,29.1,29.1,29.1,29.2,29.2,29.0,29.0,29.2,29.4,29.1,29.1,29.1,29.0,29.1,29.0,28.9,28.8,28.8,28.8,29.0,29.0,29.0,29.0,29.0,29.0,29.1,29.2,29.1,29.3,29.0,29.3,29.1,29.2,29.0,29.1,29.0,29.2,29.0,29.2,29.1,29.2,29.2,29.1,29.1,29.0,29.2,29.1,29.1,29.1,29.2,29.1,29.1,29.0,29.0,29.2,29.2,29.2,29.1,28.9,29.0,29.2,29.2,29.1,29.1,28.9,29.0,28.8,28.9,28.9,28.8,29.0,28.8,28.8,29.0,28.9,28.9,29.1,28.8,28.9,29.0,28.8,29.0,29.0,29.0,29.0,29.2,28.9,28.9,28.9,29.1,28.8,28.9,28.8,28.8,28.7,28.9,28.7,28.9,28.7,28.9,28.7,28.6,28.8,28.8,28.6,28.9,28.8,28.8,28.8,28.7,28.6,28.7,28.8,28.9,28.7,28.8,28.7,28.7,28.8,28.8,28.7,28.6,28.8,28.8,28.8,28.8,28.7,28.6,28.6,28.5,28.7,28.7,28.6,28.6,28.5,28.5,28.5,28.6,28.5,28.5,28.6,28.5,28.5,28.5,28.6,28.6,28.4,28.3,28.4,28.5
69,28.3,28.2,28.3,28.3,28.3,28.4,28.5,28.4,28.5,28.3,28.5,28.4,28.5,28.4,28.5,28.4,28.6,28.5,28.5,28.6,28.7,28.7,28.7,28.5,28.7,28.6,28.5,28.7,28.7,28.7,28.7,28.9,28.9,28.8,28.8,28.8,29.1,29.0,29.1,29.0,29.0,29.1,29.1,29.1,29.0,29.0,29.2,29.1,29.0,29.1,29.0,29.2,29.1,29.1,29.1,29.0,28.9,28.8,28.5,28.6,28.8,28.9,29.0,29.1,28.8,29.0,28.8,29.0,29.0,29.1,29.2,29.2,29.3,29.0,29.1,29.1,29.2,29.1,29.0,29.0,29.0,29.0,29.0,29.1,29.1,29.0,29.2,29.1,29.1,29.1,29.0,29.1,29.1,29.1,29.0,29.0,29.0,29.2,29.1,29.1,29.2,29.0,29.1,29.0,29.0,29.0,29.0,28.8,28.7,28.7,28.8,28.8,28.8,28.8,28.9,28.9,28.9,28.8,28.8,28.9,29.0,28.9,28.9,28.9,28.9,28.8,28.9,29.0,28.8,29.0,29.1,29.0,28.9,29.0,28.9,28.9,28.8,28.8,28.7,28.8,28.9,28.8,28.8,28.8,28.8,28.6,28.8,28.7,28.7,28.8,28.7,28.8,28.7,28.8,28.8,28.9,28.9,28.7,28.8,28.7,28.8,28.8,28.8,28.6,28.8,28.6,28.8,28.7,28.8,28.8,28.8,28.6,28.5,28.7,28.8,28.5,28.6,28.6,28.5,28.5,28.7,28.6,28.6,28.5,28.6,28.4,28.5,28.4,28.5,28.3,28.5,28.5
70,28.4,28.6,28.3,28.4,28.3,28.5,28.5,28.5,28.5,28.3,28.5,28.5,28.4,28.5,28.5,28.5,28.5,28.5,28.6,28.5,28.7,28.6,28.8,28.8,28.8,28.9,28.8,28.6,28.8,28.7,28.7,28.8,28.9,28.8,28.9,28.9,28.8,29.2,28.9,28.9,29.1,29.1,29.2,29.2,29.0,29.1,28.9,29.0,29.0,29.0,29.1,29.2,28.8,29.1,29.0,29.0,28.7,28.7,28.5,28.5,28.9,29.0,29.0,29.0,28.9,29.0,29.1,29.2,29.1,29.1,29.1,29.3,29.2,29.1,29.2,29.2,29.2,29.1,29.2,29.1,29.0,29.0,29.2,29.1,29.1,29.2,29.1,29.0,29.0,29.1,29.2,29.0,28.9,29.1,29.1,29.1,28.9,29.1,29.2,29.0,29.1,29.1,29.1,29.0,29.1,29.0,28.8,28.9,28.8,28.9,28.9,28.9,28.9,28.8,29.0,28.9,28.9,28.9,28.9,28.8,28.9,28.9,28.9,28.9,28.9,28.9,28.8,29.0,29.0,28.9,29.0,29.0,28.9,28.8,28.9,28.8,29.0,29.0,28.8,28.8,28.9,29.0,28.8,28.6,28.6,28.6,28.8,28.8,28.7,28.7,28.6,28.8,28.8,28.7,28.6,28.8,28.7,28.8,28.8,28.7,28.8,28.6,28.6,28.5,28.8,28.7,28.8,28.8,28.7,28.6,28.6,28.5,28.7,28.5,28.5,28.6,28.8,28.7,28.6,28.6,28.5,28.7,28.6,28.6,28.7,28.5,28.6,28.3,28.5,28.3,28.5,28.7
71,28.3,28.1,28.4,28.3,28.4,28.3,28.3,28.5,28.3,28.5,28.3,28.5,28.6,28.4,28.5,28.6,28.6,28.5,28.4,28.7,28.5,28.5,28.7,28.7,28.8,28.7,28.6,28.7,28.8,28.7,28.8,28.7,28.8,28.8,28.8,28.9,29.0,28.9,29.2,29.1,29.0,29.1,29.2,29.1,29.1,29.2,29.1,29.0,29.0,29.1,29.0,29.1,29.0,29.0,28.9,29.0,28.9,28.7,28.4,28.5,28.7,29.0,29.2,28.9,29.0,29.0,29.0,29.2,29.0,29.0,29.1,29.0,29.0,29.1,29.0,29.1,29.0,29.1,29.0,29.0,29.1,29.0,29.2,29.2,29.0,29.2,29.0,29.1,29.1,29.1,29.0,29.1,29.2,29.2,28.9,29.1,29.1,29.3,29.2,29.1,29.2,29.1,28.9,29.0,29.1,28.8,28.9,28.9,28.8,28.8,29.0,28.9,28.9,28.8,28.9,28.9,28.8,28.9,28.9,28.9,29.0,29.0,28.8,28.9,29.1,29.0,28.9,29.1,29.0,28.9,28.9,28.8,28.8,28.8,28.9,28.8,28.9,28.8,28.8,28.8,28.9,28.9,28.9,28.8,28.6,28.7,28.6,28.7,28.6,28.7,28.8,28.8,28.7,28.7,28.7,28.6,28.5,28.6,28.6,28.8,28.8,28.7,28.8,28.7,28.7,28.6,28.6,28.8,28.8,28.6,28.8,28.7,28.5,28.6,28.5,28.3,28.5,28.7,28.6,28.8,28.6,28.3,28.4,28.5,28.5,28.3,28.6,28.4,28.5,28.4,28.6,28.5
72,28.2,28.4,28.3,28.2,28.3,28.5,28.5,28.4,28.3,28.5,28.3,28.3,28.5,28.6,28.5,28.5,28.7,28.5,28.6,28.8,28.7,28.6,28.7,28.8,28.8,28.8,28.8,28.8,28.8,28.8,28.7,28.8,28.7,28.9,28.8,29.0,29.1,29.1,28.8,29.0,29.2,29.2,29.2,29.0,28.9,28.9,29.1,29.0,29.0,29.0,29.1,29.0,29.1,29.0,29.1,29.0,28.8,28.8,28.5,28.5,28.7,28.9,29.0,29.0,29.0,29.0,29.1,29.1,29.1,29.0,29.2,29.1,29.1,29.0,29.1,29.2,29.0,29.0,29.0,29.0,29.1,29.2,29.0,29.0,29.0,29.2,29.0,29.3,29.1,29.0,29.0,29.1,29.1,29.1,29.0,29.2,29.2,29.1,29.2,29.1,29.1,29.1,29.0,29.1,29.1,28.8,29.0,29.0,28.9,29.0,28.9,28.9,28.9,28.8,28.9,28.9,29.0,28.9,29.0,29.0,29.0,29.0,29.0,29.0,29.0,29.0,29.0,28.9,29.0,29.1,29.0,28.8,29.1,28.9,29.0,28.9,28.8,28.8,29.0,28.9,28.8,28.8,28.6,28.8,28.8,28.7,28.6,28.7,28.6,28.7,28.6,28.5,28.8,28.6,28.7,28.8,28.8,28.8,28.8,28.8,28.5,28.8,28.9,28.7,28.8,28.9,28.6,28.8,28.7,28.7,28.6,28.7,28.7,28.6,28.6,28.6,28.7,28.7,28.5,28.6,28.6,28.5,28.6,28.5,28.4,28.5,28.7,28.7,28.4,28.5,28.5,28.5
73,28.4,28.3,28.4,28.5,28.3,28.4,28.5,28.5,28.5,28.6,28.5,28.4,28.4,28.4,28.6,28.5,28.6,28.6,28.5,28.7,28.7,28.6,28.5,28.8,28.8,28.6,28.8,28.8,28.8,28.7,28.8,29.0,28.8,28.8,28.8,29.0,28.9,29.0,29.2,29.2,29.1,29.0,29.1,29.0,29.0,29.0,29.0,28.9,29.0,29.1,29.0,29.0,29.1,29.0,29.0,28.8,28.8,28.8,28.6,28.5,28.7,29.0,29.1,29.0,29.0,29.3,29.1,29.0,29.1,29.0,29.0,29.1,29.1,29.0,29.0,29.0,29.0,29.1,29.2,29.0,29.1,29.1,29.1,29.1,29.1,29.2,29.1,29.1,29.0,29.1,29.1,29.2,29.1,29.2,29.0,29.0,29.3,29.1,29.1,29.0,29.2,29.1,29.0,29.0,29.1,29.1,29.0,28.9,29.0,28.9,28.8,29.0,29.0,29.1,28.8,28.9,28.9,29.1,28.9,29.1,28.9,29.0,29.2,29.1,29.3,29.3,29.3,29.1,29.1,29.1,29.0,29.1,29.1,29.0,28.9,28.9,28.9,28.8,28.8,28.8,28.8,28.8,28.9,28.7,28.6,28.7,28.7,28.7,28.7,28.7,28.7,28.7,28.6,28.8,28.8,28.9,28.7,28.8,28.9,28.8,28.8,28.7,29.0,28.7,28.5,28.7,28.7,28.7,28.8,28.7,28.7,28.6,28.6,28.5,28.8,28.7,28.5,28.5,28.5,28.6,28.7,28.5,28.5,28.4,28.5,28.4,28.5,28.4,28.4,28.5,28.3,28.6
74,28.5,28.4,28.4,28.3,28.5,28.6,28.3,28.5,28.5,28.6,28.5,28.6,28.5,28.5,28.6,28.7,28.7,28.6,28.6,28.7,28.8,28.8,28.7,28.7,28.9,28.9,28.8,28.9,28.9,28.9,28.9,29.1,29.0,28.8,28.8,29.0,29.1,29.1,29.0,29.0,29.1,29.3,29.1,29.1,29.0,29.2,29.0,29.0,29.0,28.9,29.0,29.0,29.0,29.0,29.1,29.1,28.8,28.7,28.4,28.5,28.6,29.0,29.2,29.1,29.0,28.9,29.1,29.2,29.1,29.1,29.1,29.1,29.0,29.0,29.1,29.2,29.0,29.1,29.1,29.0,29.1,29.1,29.2,29.2,29.1,29.1,29.0,29.1,29.1,29.1,29.1,29.1,29.3,29.1,29.1,29.1,29.2,28.9,29.1,29.2,29.2,29.0,29.0,29.1,29.0,29.0,29.0,28.8,28.9,29.0,29.0,29.0,29.0,28.8,28.9,29.0,29.0,29.2,29.1,29.3,29.4,29.4,29.3,29.4,29.5,29.4,29.2,29.2,29.0,29.0,29.0,28.9,29.1,29.0,29.1,28.9,29.0,28.8,28.9,28.9,28.9,28.8,28.7,28.7,28.6,28.6,28.7,28.6,28.7,28.6,28.5,28.7,28.7,28.7,28.9,28.8,28.7,28.8,28.8,28.7,28.6,28.8,28.7,28.7,28.6,28.8,28.8,28.8,28.8,28.6,28.7,28.6,28.6,28.6,28.6,28.6,28.3,28.7,28.5,28.5,28.5,28.3,28.7,28.5,28.6,28.5,28.5,28.5,28.4,28.6,28.5,28.4
75,28.5,28.3,28.5,28.3,28.5,28.4,28.3,28.5,28.5,28.4,28.4,28.6,28.5,28.6,28.6,28.3,28.6,28.5,28.6,28.7,28.9,28.7,28.7,28.7,28.8,29.0,28.8,28.9,28.8,28.6,28.9,28.9,28.9,28.9,29.0,29.1,29.0,29.2,29.1,29.0,29.0,29.0,29.2,29.1,29.1,29.1,29.0,29.0,29.0,29.1,28.9,29.1,29.1,29.1,29.0,29.0,28.8,28.8,28.6,28.4,28.6,28.8,29.0,28.9,29.0,29.0,29.0,29.0,29.1,29.2,29.2,29.0,29.1,29.2,29.2,29.2,29.1,29.1,28.9,29.1,29.3,29.0,29.2,29.2,28.9,29.1,29.1,29.2,29.0,29.2,29.2,29.1,29.0,29.1,29.1,29.4,29.2,29.1,29.2,29.1,29.0,29.1,29.2,29.1,29.1,29.0,29.0,29.0,28.9,28.8,29.0,29.0,29.1,28.8,29.0,29.0,29.1,29.0,29.1,29.3,29.7,29.6,29.5,29.7,29.7,29.7,29.7,29.5,29.2,29.0,29.0,29.1,29.0,29.2,29.0,29.1,28.9,28.9,28.8,28.9,28.9,28.8,28.9,28.7,28.8,28.7,28.6,28.7,28.8,28.8,28.8,28.7,28.8,28.8,28.8,28.7,28.8,28.8,28.8,28.8,28.9,28.8,28.9,28.8,28.9,28.8,28.7,28.7,28.8,28.7,28.7,28.5,28.7,28.5,28.7,28.8,28.6,28.7,28.6,28.6,28.6,28.7,28.6,28.6,28.6,28.6,28.3,28.5,28.7,28.6,28.5,28.5
76,28.5,28.5,28.5,28.5,28.5,28.6,28.5,28.5,28.5,28.5,28.7,28.7,28.6,28.5,28.7,28.7,28.7,28.9,28.8,28.7,28.7,28.7,28.7,28.8,28.8,28.8,28.8,29.0,28.8,29.0,28.8,29.0,28.9,29.0,29.0,29.0,29.1,29.1,29.2,29.0,29.0,29.2,29.2,29.0,29.1,29.2,29.0,28.9,29.0,28.9,29.2,29.1,29.2,29.0,29.0,29.0,28.9,28.9,28.5,28.5,28.6,28.8,28.9,29.0,28.9,29.0,28.9,29.1,29.2,29.2,29.1,29.2,29.1,29.1,29.2,29.1,29.1,29.0,29.1,29.1,29.0,29.0,29.3,29.2,29.2,29.0,29.0,29.0,29.1,29.3,29.0,29.1,29.2,29.0,29.2,29.1,29.0,29.0,29.1,29.1,29.0,29.1,29.1,29.2,28.9,29.0,29.0,28.9,29.0,29.0,28.9,29.0,29.0,29.1,29.1,29.0,29.2,29.1,29.3,29.6,29.9,29.9,29.6,29.6,29.5,29.8,29.7,29.6,29.4,29.5,29.3,29.0,29.2,29.2,29.2,29.0,29.0,29.0,28.8,28.8,28.8,28.9,28.7,28.6,28.7,28.7,28.8,28.7,28.5,28.6,28.8,28.7,28.6,28.5,28.8,28.8,28.8,28.8,28.8,28.9,28.5,28.8,28.6,28.8,28.8,28.7,28.7,28.7,28.6,28.8,28.6,28.5,28.7,28.6,28.5,28.6,28.7,28.6,28.5,28.6,28.5,28.5,28.6,28.5,28.6,28.6,28.6,28.6,28.3,28.5,28.5,28.5
77,28.2,28.5,28.5,28.4,28.4,28.6,28.5,28.6,28.5,28.6,28.5,28.4,28.5,28.6,28.7,28.6,28.8,28.7,28.7,28.6,28.6,28.9,28.8,28.8,29.0,28.9,28.8,29.0,28.8,29.0,29.0,29.0,29.1,29.0,29.0,29.0,29.1,29.2,29.2,29.1,29.0,29.0,28.9,29.1,29.1,29.2,29.2,29.1,29.2,29.2,29.0,29.0,29.0,29.0,29.0,29.1,28.8,28.9,28.8,28.6,28.7,28.8,29.0,29.0,29.0,29.0,29.0,29.2,29.0,29.1,29.1,29.2,29.2,29.3,29.2,29.0,29.1,29.1,29.2,29.1,29.2,29.1,29.2,29.0,29.1,29.1,29.0,29.0,29.0,29.2,29.2,29.0,29.1,29.1,29.0,29.0,29.1,29.1,29.0,29.2,29.1,29.1,29.2,29.0,29.2,29.0,29.0,29.0,29.0,29.0,29.0,29.0,29.0,28.9,29.0,29.0,29.1,29.1,29.5,29.7,29.9,29.7,29.6,29.5,29.7,29.7,30.0,29.9,29.6,29.3,29.2,29.2,29.0,29.0,29.1,29.0,29.0,29.0,28.9,28.8,28.6,28.8,28.7,28.9,28.8,28.8,28.8,28.6,28.7,28.6,28.6,28.8,28.5,28.6,28.7,28.8,28.7,28.8,28.7,28.8,29.0,28.5,28.9,28.8,28.8,28.8,28.9,28.8,28.9,28.7,28.7,28.5,28.9,28.8,28.7,28.7,28.8,28.6,28.5,28.5,28.5,28.7,28.7,28.4,28.6,28.7,28.4,28.5,28.5,28.4,28.6,28.5
78,28.5,28.5,28.4,28.3,28.5,28.6,28.6,28.7,28.5,28.4,28.5,28.6,28.5,28.6,28.7,28.6,28.6,28.7,28.7,28.8,28.7,28.7,28.8,28.8,28.8,28.8,29.1,28.8,29.0,29.2,28.9,29.0,29.0,29.1,29.2,29.1,29.0,29.2,29.1,29.0,29.2,29.3,29.3,29.2,29.2,29.1,29.2,29.3,29.1,29.2,29.1,29.1,28.8,29.0,28.9,28.9,29.0,28.8,28.7,28.7,28.7,28.8,29.0,28.9,28.9,29.0,29.0,29.0,29.1,29.2,29.2,29.1,29.1,29.0,29.1,29.2,29.1,28.9,29.2,29.2,29.2,29.0,29.0,29.1,29.0,29.1,29.1,29.0,29.1,29.2,29.3,29.2,29.0,29.1,28.9,29.1,29.2,28.9,29.1,29.0,29.2,29.1,29.1,29.1,29.1,29.0,29.0,29.0,29.0,29.0,29.1,29.0,29.1,29.0,29.0,29.3,29.0,29.1,29.2,29.7,29.7,29.6,29.7,29.5,29.5,29.7,29.9,30.0,29.7,29.4,29.3,29.1,29.1,29.0,29.0,29.2,29.0,28.8,28.9,28.9,28.9,28.8,28.8,28.8,28.7,28.7,28.8,28.8,28.8,28.5,28.8,28.7,28.9,28.6,28.8,28.7,28.9,29.0,28.9,29.0,28.9,28.9,28.9,28.7,28.7,28.9,28.7,28.7,28.8,28.5,28.6,28.7,28.7,28.7,28.7,28.6,28.5,28.6,28.5,28.6,28.6,28.6,28.6,28.4,28.5,28.5,28.7,28.6,28.6,28.4,28.5,28.5
79,28.4,28.4,28.5,28.6,28.5,28.6,28.6,28.7,28.4,28.6,28.5,28.6,28.7,28.6,28.7,28.5,28.8,28.5,28.6,28.6,29.0,28.8,28.8,28.8,28.9,28.8,28.9,28.9,29.0,29.0,29.2,29.1,29.1,29.0,29.2,29.1,29.0,29.3,29.1,29.1,29.1,29.2,29.1,29.1,29.2,29.2,29.1,29.0,29.2,29.2,29.2,29.2,29.0,29.0,29.0,29.0,29.0,29.1,28.7,28.8,28.6,29.0,28.9,29.1,29.0,29.1,29.1,29.0,29.0,29.2,29.1,29.1,29.1,29.2,29.0,29.1,29.1,29.1,29.0,29.1,29.4,29.0,29.3,29.1,29.1,29.0,29.1,29.0,29.0,29.1,29.0,29.0,29.0,29.0,28.9,29.0,29.0,29.0,29.2,29.1,29.2,29.2,29.1,29.1,29.0,29.0,29.1,28.8,28.9,29.0,29.0,29.1,29.2,29.1,29.0,29.1,29.1,29.0,29.3,29.6,29.8,29.8,29.7,29.5,29.5,29.6,29.8,29.9,29.5,29.3,29.2,29.1,29.0,29.0,29.1,29.0,29.0,28.8,28.9,28.9,29.0,28.9,28.7,28.9,28.6,28.8,28.7,28.8,28.8,28.7,28.8,28.6,28.7,28.7,28.7,28.5,28.9,28.8,28.9,28.7,29.0,28.8,29.0,28.9,28.8,28.9,28.7,28.7,28.8,28.8,28.5,28.6,28.7,28.7,28.8,28.7,28.7,28.8,28.5,28.5,28.6,28.5,28.6,28.6,28.6,28.7,28.5,28.4,28.3,28.6,28.6,28.5
80,28.4,28.3,28.4,28.5,28.6,28.4,28.3,28.5,28.6,28.6,28.5,28.7,28.7,28.6,28.8,28.8,28.7,28.8,28.9,28.8,28.8,28.9,28.8,28.9,28.9,28.9,29.0,29.0,29.0,29.0,29.2,29.1,29.1,29.2,29.2,29.1,29.2,29.3,29.2,29.2,29.2,29.3,29.1,29.1,29.1,29.2,29.2,29.1,29.1,29.2,29.1,29.0,29.1,29.1,29.0,29.0,29.0,28.8,28.8,28.8,28.7,28.8,29.0,29.1,29.0,28.9,29.0,29.1,29.1,29.1,29.0,29.1,29.2,29.2,29.2,29.2,29.0,29.0,29.0,29.1,29.2,29.2,29.2,29.0,29.2,29.1,29.1,29.2,29.1,29.2,29.1,29.2,29.2,29.0,29.0,29.0,29.0,29.0,29.0,29.1,29.1,29.0,29.3,29.2,29.0,29.1,29.0,29.1,29.1,28.9,29.1,29.0,29.1,29.0,29.0,29.1,29.0,29.0,29.2,29.6,29.7,29.7,29.6,29.7,29.6,29.7,29.8,29.8,29.4,29.4,29.2,29.0,29.0,29.0,28.9,29.0,28.8,28.9,28.9,28.9,29.0,28.9,28.7,28.8,28.9,28.8,28.6,28.6,28.6,28.9,28.8,28.7,28.9,28.9,28.8,28.9,28.9,28.8,28.8,28.8,28.8,28.7,28.8,28.8,28.8,28.8,28.8,28.8,28.7,28.8,28.5,28.6,28.8,28.7,28.7,28.7,28.6,28.5,28.5,28.7,28.6,28.7,28.8,28.6,28.5,28.3,28.5,28.6,28.5,28.4,28.3,28.5
81,28.5,28.5,28.6,28.3,28.4,28.4,28.5,28.5,28.6,28.8,28.6,28.6,28.7,28.5,28.6,28.8,28.7,28.8,28.8,28.8,28.9,28.8,28.9,28.9,28.9,29.0,28.9,29.1,29.0,29.1,29.1,29.1,29.2,29.1,29.2,29.2,29.2,29.4,29.3,29.2,29.2,29.2,29.2,29.2,29.2,29.2,29.2,29.2,29.2,29.2,29.2,29.2,29.1,29.1,29.1,29.1,29.0,28.9,28.9,28.9,28.7,28.8,29.0,29.2,29.3,29.0,29.0,29.1,29.2,29.2,29.2,29.1,29.2,29.2,29.2,29.3,29.1,29.1,29.1,29.1,29.1,29.0,29.1,29.2,29.0,29.2,28.9,29.0,29.1,29.1,29.2,29.0,29.0,29.0,29.2,29.2,29.1,29.1,28.9,29.1,29.1,29.1,29.0,29.2,29.0,29.1,29.0,28.9,29.1,29.2,29.1,29.1,29.1,29.1,28.9,29.2,29.1,29.0,29.1,29.5,29.9,29.9,29.9,29.8,29.7,29.8,29.8,29.7,29.5,29.3,29.2,29.2,29.2,29.1,29.0,29.1,28.8,28.9,29.0,28.9,28.9,29.0,29.0,28.6,28.7,28.8,28.8,28.8,28.7,28.9,28.8,28.8,28.8,28.8,28.6,28.8,28.7,28.9,28.8,28.7,28.9,28.7,28.9,28.9,28.7,28.8,28.8,28.8,28.7,28.8,28.7,28.6,28.8,28.8,28.8,28.6,28.7,28.8,28.6,28.7,28.6,28.5,28.7,28.5,28.6,28.5,28.5,28.7,28.5,28.5,28.6,28.5
82,28.3,28.3,28.5,28.5,28.5,28.3,28.5,28.5,28.6,28.6,28.5,28.5,28.5,28.5,28.7,28.7,28.7,28.8,28.7,28.9,29.0,28.7,28.8,28.9,29.1,29.0,28.9,29.0,28.8,29.0,29.2,29.3,29.4,29.4,29.1,29.4,29.4,29.3,29.4,29.4,29.2,29.4,29.2,29.3,29.1,29.2,29.3,29.2,29.2,29.3,29.2,29.1,29.1,29.2,29.0,29.0,29.0,29.1,29.0,28.8,28.9,28.8,29.0,29.0,29.1,29.1,29.1,29.0,29.2,29.1,29.2,29.2,29.1,29.0,29.1,29.2,29.1,29.1,29.1,29.1,29.0,29.0,29.2,29.1,29.1,29.1,29.0,29.2,29.0,29.1,28.9,29.0,29.1,29.1,29.0,29.1,29.2,29.0,29.0,29.1,29.1,29.0,29.0,29.2,28.9,29.1,29.1,29.0,28.9,29.2,29.1,29.1,28.9,29.0,29.0,29.0,29.1,29.0,29.1,29.3,29.4,29.8,29.7,29.7,29.7,29.8,29.7,29.4,29.1,29.1,28.9,29.0,29.0,29.2,28.9,29.0,29.0,29.0,28.9,28.8,28.9,28.7,28.7,28.7,28.8,28.8,28.7,28.7,28.6,28.8,28.8,28.6,28.6,28.8,28.8,28.7,28.9,28.7,28.8,28.8,29.0,28.9,28.7,28.8,28.7,28.9,28.8,28.8,28.8,28.6,28.6,28.6,28.8,28.5,28.7,28.8,28.7,28.7,28.6,28.6,28.6,28.9,28.7,28.5,28.6,28.6,28.4,28.5,28.4,28.6,28.5,28.5
83,28.5,28.5,28.5,28.5,28.6,28.5,28.5,28.6,28.5,28.7,28.7,28.5,28.8,28.5,28.6,28.8,28.8,28.9,28.7,28.8,29.1,28.8,28.9,29.0,29.0,29.1,29.0,29.0,29.0,29.1,29.3,29.2,29.2,29.1,29.2,29.2,29.3,29.4,29.4,29.3,29.3,29.4,29.4,29.4,29.2,29.4,29.2,29.1,29.3,29.2,29.2,29.2,29.0,29.2,29.2,29.1,29.2,29.3,29.2,29.0,29.2,29.1,29.1,29.1,29.3,29.2,29.1,29.2,29.1,29.2,29.2,29.1,29.1,29.1,29.2,29.1,29.0,29.0,29.1,29.1,29.1,29.1,29.1,29.3,29.0,29.1,29.2,29.2,29.1,29.2,29.0,29.0,29.0,29.0,29.1,28.9,29.1,29.0,29.1,29.0,29.0,29.2,29.2,29.1,29.1,29.0,29.2,29.0,29.2,29.1,29.1,29.0,29.0,29.2,29.2,29.0,29.3,29.2,29.0,29.2,29.2,29.5,29.5,29.6,29.6,29.4,29.4,29.3,29.2,29.1,29.2,29.2,29.2,29.3,29.0,29.2,28.8,28.9,28.8,29.0,28.9,28.8,28.9,28.9,28.7,28.6,28.7,28.6,28.7,28.8,28.7,28.7,28.8,28.8,28.8,28.8,28.8,28.8,28.8,28.8,28.8,28.7,28.9,28.8,28.9,28.7,28.8,28.6,28.8,28.8,28.7,28.8,28.7,28.7,28.7,28.7,28.7,28.7,28.8,28.5,28.4,28.6,28.6,28.6,28.5,28.5,28.4,28.6,28.6,28.5,28.5,28.2
84,28.3,28.5,28.5,28.3,28.6,28.6,28.6,28.5,28.6,28.7,28.7,28.7,28.6,28.6,28.8,28.9,28.8,28.7,28.9,29.0,28.9,29.0,28.9,28.9,29.0,29.0,29.0,29.2,29.1,29.1,29.2,29.2,29.1,29.3,29.5,29.3,29.3,29.4,29.5,29.4,29.2,29.3,29.5,29.3,29.1,29.0,29.2,29.3,29.1,29.1,29.2,29.2,29.3,29.3,29.2,29.3,29.2,29.2,29.2,29.0,29.1,29.1,29.0,29.0,29.1,29.0,29.1,29.2,29.0,29.1,29.2,29.1,29.2,29.2,29.1,29.2,29.0,29.2,29.2,29.0,29.1,29.1,29.1,29.0,29.0,29.1,29.1,29.1,29.0,29.0,29.1,29.0,28.9,28.9,28.8,28.9,28.8,29.0,29.1,29.0,28.9,29.0,29.0,29.1,29.0,29.1,29.0,29.1,29.1,29.0,29.0,29.0,29.2,29.0,29.1,29.2,29.1,29.2,29.2,29.0,29.2,29.1,29.1,29.2,29.2,29.2,29.3,29.2,29.2,29.2,29.4,29.4,29.4,29.3,29.2,29.1,28.9,29.0,29.0,28.9,29.1,28.8,28.8,29.0,28.8,28.9,28.7,28.8,28.8,28.7,28.8,28.8,28.8,28.7,28.7,28.9,28.8,29.0,28.8,28.9,29.0,28.9,28.8,28.8,28.8,28.8,28.8,28.8,28.8,28.9,28.8,28.6,28.8,28.8,28.8,28.5,28.7,28.8,28.5,28.6,28.6,28.6,28.6,28.5,28.6,28.6,28.5,28.6,28.5,28.5,28.6,28.6
85,28.7,28.3,28.5,28.3,28.4,28.5,28.6,28.5,28.7,28.5,28.6,28.7,28.7,28.7,28.9,28.8,28.8,28.8,28.9,28.8,29.0,28.9,28.9,29.0,29.0,29.0,29.1,29.1,28.9,29.1,29.2,29.1,29.2,29.3,29.3,29.2,29.2,29.4,29.3,29.4,29.4,29.3,29.3,29.3,29.2,29.3,29.2,29.2,29.2,29.1,29.0,29.3,29.2,29.2,29.2,29.1,29.3,29.2,29.1,29.2,29.0,29.0,29.1,29.1,29.1,29.1,29.1,29.4,29.2,29.1,29.3,29.1,29.2,29.0,29.1,29.2,29.1,29.0,29.1,29.1,29.1,29.2,29.1,29.2,29.0,29.2,29.0,29.1,29.1,28.9,29.0,29.0,28.9,29.2,29.0,29.0,28.8,29.0,28.9,29.0,29.1,29.1,29.1,29.1,29.1,29.1,29.0,29.1,29.2,29.1,29.0,29.1,29.1,29.2,29.0,29.0,28.9,29.0,29.2,29.1,29.1,29.0,29.1,29.2,29.1,29.1,29.2,29.1,29.0,29.2,29.4,29.4,29.4,29.2,29.2,29.1,28.9,28.9,29.0,28.7,28.8,28.8,28.7,28.9,28.8,28.8,28.7,28.8,28.6,28.9,28.8,28.8,28.8,28.8,28.8,28.8,28.8,28.8,28.8,28.7,28.8,28.8,28.7,28.5,28.8,28.8,28.9,28.7,28.8,29.0,28.7,28.5,28.5,28.7,28.8,28.8,28.8,28.7,28.7,28.5,28.7,28.7,28.5,28.6,28.8,28.4,28.5,28.6,28.4,28.5,28.6,28.5
86,28.5,28.5,28.6,28.5,28.7,28.4,28.5,28.5,28.7,28.8,28.6,28.8,28.7,28.9,28.9,28.9,28.9,28.8,28.8,28.9,29.0,29.0,29.0,29.0,29.1,29.0,29.3,29.2,29.1,29.1,29.2,29.3,29.2,29.2,29.2,29.2,29.4,29.5,29.2,29.3,29.2,29.5,29.2,29.2,29.2,29.2,29.2,29.1,29.1,29.1,29.1,29.2,29.3,29.3,29.3,29.2,29.0,29.2,29.1,29.1,29.1,29.1,29.2,29.0,29.0,29.3,29.1,29.1,29.1,29.4,29.1,29.2,29.0,29.1,29.2,29.1,29.0,29.0,29.1,29.2,29.1,29.2,29.2,29.1,29.0,29.0,29.1,28.9,29.0,29.1,29.2,29.0,28.9,29.0,28.8,29.0,29.1,28.9,29.0,29.1,29.1,29.0,29.0,29.1,29.0,29.1,29.1,29.1,29.2,29.1,29.1,29.1,28.9,29.1,29.0,29.1,29.1,29.0,29.0,29.1,29.1,29.0,29.2,29.1,29.0,29.1,29.1,29.3,29.1,29.3,29.4,29.4,29.3,29.2,29.2,29.1,29.0,28.7,28.9,28.9,28.9,28.9,28.8,28.8,28.7,28.8,28.8,28.8,28.7,28.8,28.8,29.0,28.7,28.9,28.8,28.8,28.8,28.8,28.9,28.7,28.7,28.7,28.8,28.8,29.0,28.8,28.6,28.5,28.9,28.8,28.7,28.7,28.7,28.6,28.6,28.7,28.8,28.8,28.6,28.6,28.4,28.7,28.6,28.7,28.8,28.3,28.5,28.5,28.4,28.4,28.6,28.4
87,28.6,28.5,28.5,28.5,28.5,28.4,28.6,28.6,28.6,28.6,28.6,28.6,28.8,28.7,28.8,28.8,28.9,28.8,28.9,29.0,29.1,29.0,29.1,29.1,29.1,29.2,29.2,29.1,29.0,29.2,29.2,29.2,29.2,29.4,29.4,29.4,29.5,29.5,29.4,29.4,29.4,29.2,29.2,29.4,29.1,29.1,29.1,29.2,29.1,29.1,29.1,29.0,29.1,29.0,29.0,29.1,29.1,29.1,29.0,29.2,29.1,28.9,29.1,29.0,29.1,29.2,29.2,29.3,29.2,29.2,29.1,29.2,29.1,29.2,29.1,29.2,29.1,29.2,29.1,29.0,29.1,29.1,29.0,29.3,29.1,29.1,28.9,29.1,28.9,28.9,28.9,28.9,28.9,29.0,28.9,28.9,28.8,29.0,29.0,28.9,29.0,28.9,29.1,29.0,29.1,29.2,28.9,29.0,29.2,29.0,29.1,29.0,29.0,29.2,29.0,29.1,29.0,29.0,29.0,29.1,29.1,29.0,29.1,29.1,29.1,29.0,29.1,29.2,29.4,29.2,29.2,29.4,29.1,29.1,29.1,29.1,29.0,29.0,29.0,28.9,29.0,28.8,28.8,28.7,28.8,28.8,28.8,28.8,28.7,28.7,28.8,28.7,28.8,28.8,29.0,28.8,28.8,28.8,28.7,28.8,28.8,28.8,28.9,29.0,28.8,28.9,28.8,28.7,28.8,28.7,28.8,28.7,28.6,28.8,29.0,28.7,28.7,28.8,28.6,28.7,28.6,28.6,28.7,28.6,28.6,28.7,28.5,28.5,28.5,28.5,28.5,28.6
88,28.5,28.5,28.7,28.6,28.8,28.7,28.8,28.7,28.6,28.8,28.8,28.6,28.7,28.8,28.8,28.8,28.8,28.8,28.9,29.1,29.0,29.1,29.0,29.1,29.3,29.3,29.2,29.2,29.2,29.2,29.4,29.2,29.4,29.4,29.2,29.4,29.3,29.4,29.3,29.2,29.3,29.4,29.2,29.3,29.2,29.2,29.2,29.2,29.0,29.0,29.1,29.1,29.0,29.2,29.1,29.0,28.9,28.9,29.1,28.9,29.0,29.1,28.9,29.1,29.2,29.2,29.2,29.2,29.1,29.2,29.2,29.2,29.0,29.2,29.0,29.1,29.0,29.1,28.9,29.0,29.2,29.3,29.1,29.2,29.2,29.0,29.0,29.0,28.9,29.1,29.1,29.1,29.1,29.1,29.2,29.0,29.0,29.0,28.8,28.8,29.2,29.0,29.2,29.1,29.1,29.1,29.2,29.0,29.2,29.1,29.0,29.1,29.1,29.0,29.1,29.1,29.1,29.2,29.2,29.2,29.0,29.1,29.1,29.2,29.0,29.0,29.1,29.2,29.2,29.2,29.3,29.4,29.1,29.1,29.2,29.2,29.1,29.0,28.9,29.0,28.9,29.0,28.8,28.8,28.7,28.8,28.9,28.8,28.9,28.8,28.9,28.8,28.7,28.8,29.0,28.8,28.8,28.8,28.8,28.8,28.8,28.9,28.7,28.8,28.8,29.0,28.8,28.7,28.7,28.9,28.8,28.8,28.7,28.6,28.8,28.7,28.7,28.7,28.6,28.5,28.6,28.7,28.6,28.6,28.6,28.8,28.5,28.8,28.5,28.5,28.5,28.5
89,28.6,28.5,28.5,28.6,28.8,28.6,28.6,28.7,28.9,28.8,28.7,28.9,28.9,28.8,28.9,28.8,29.0,28.9,28.9,29.2,29.0,29.1,29.1,29.0,29.2,29.2,29.2,29.2,29.3,29.3,29.3,29.2,29.2,29.3,29.4,29.3,29.3,29.5,29.4,29.4,29.4,29.2,29.2,29.1,29.2,29.0,29.1,29.1,29.1,28.9,29.1,29.0,29.0,29.1,29.0,29.0,28.9,29.0,28.8,29.1,28.9,29.0,29.0,29.0,29.3,29.1,29.3,29.2,29.2,29.2,29.2,29.2,29.2,29.0,29.2,29.1,29.4,29.2,29.1,29.1,29.2,29.3,29.1,29.2,29.1,29.1,29.0,29.1,29.0,29.1,29.1,29.2,29.2,29.2,29.1,29.1,29.1,29.2,29.0,29.1,29.1,28.9,29.0,29.1,29.1,29.1,29.1,29.0,29.0,29.1,29.1,29.1,29.1,29.2,29.0,29.1,29.1,29.2,29.1,29.2,29.3,29.2,29.1,29.0,29.3,29.3,29.3,29.3,29.1,29.4,29.3,29.2,29.3,29.2,29.2,29.1,29.2,29.0,28.9,28.9,28.8,28.8,28.9,28.6,28.8,28.7,28.9,28.9,28.9,28.8,28.8,28.7,28.8,28.7,28.8,28.8,28.9,28.9,28.8,28.8,28.9,28.8,28.9,28.8,28.9,29.0,29.0,28.9,28.8,28.6,28.8,28.7,28.8,28.7,28.8,28.7,28.7,28.8,28.7,28.6,28.7,28.5,28.8,28.7,28.6,28.5,28.6,28.7,28.5,28.5,28.5,28.6
90,28.6,28.5,28.5,28.6,28.6,28.6,28.7,28.5,28.8,28.7,28.8,28.8,28.9,28.9,28.7,28.7,28.9,28.8,28.9,29.0,29.1,29.0,29.2,29.0,29.0,29.2,29.1,29.0,29.2,29.2,29.3,29.3,29.3,29.4,29.4,29.2,29.3,29.2,29.1,29.2,29.1,29.1,29.2,29.1,29.1,28.9,29.0,29.1,29.0,28.9,28.8,29.0,28.9,28.9,28.8,29.0,29.0,28.9,28.9,28.9,28.9,29.0,29.1,29.0,29.0,29.0,29.2,29.2,29.2,29.2,29.1,29.2,29.2,29.1,29.3,29.1,29.2,29.0,29.2,29.3,29.2,29.0,29.1,29.2,29.1,29.1,28.9,29.0,29.1,29.0,29.1,29.2,29.0,29.1,29.1,29.0,29.0,29.0,29.0,28.9,28.9,28.9,29.1,29.0,28.9,29.2,29.0,29.0,29.0,29.2,29.2,29.1,29.1,29.0,29.1,29.1,29.0,29.2,29.3,29.2,29.0,29.1,29.0,29.0,29.0,29.1,29.2,29.2,29.2,29.4,29.1,29.2,29.1,29.2,29.2,29.2,28.9,28.9,28.8,28.8,29.0,28.7,28.6,28.7,29.0,28.9,28.8,28.8,28.8,28.8,28.8,28.8,28.8,28.8,28.7,28.9,28.8,28.9,28.9,29.0,28.8,28.8,28.9,28.8,29.0,28.8,28.7,28.8,28.9,28.8,28.7,28.8,28.7,28.8,28.7,28.6,28.6,28.7,28.8,28.8,28.6,28.6,28.6,28.8,28.6,28.6,28.5,28.5,28.5,28.6,28.8,28.4
91,28.4,28.5,28.5,28.4,28.5,28.7,28.6,28.8,28.7,28.7,28.7,28.8,28.7,28.8,29.0,28.9,28.8,29.0,29.0,28.9,28.9,28.9,29.0,29.2,29.1,29.2,29.1,29.2,29.2,29.4,29.3,29.4,29.4,29.3,29.3,29.3,29.2,29.1,28.9,29.0,29.0,29.2,29.0,29.1,29.2,29.2,29.0,29.2,29.0,29.1,28.9,28.8,28.9,29.0,29.0,28.8,29.0,28.9,28.8,29.0,28.9,28.9,28.9,29.1,29.0,29.2,29.2,29.2,29.1,29.2,29.2,29.2,29.2,29.1,29.2,29.1,29.2,29.1,29.1,29.2,29.2,29.1,29.0,29.1,29.0,29.1,29.0,29.1,28.9,29.2,29.2,29.2,29.1,29.2,29.1,29.1,29.2,29.0,29.0,28.9,28.9,29.0,29.0,29.0,29.1,29.1,29.1,29.1,29.1,29.1,28.9,29.1,29.0,29.2,29.1,29.1,29.0,29.2,29.1,29.0,29.0,29.1,29.2,29.1,29.1,29.1,29.1,29.2,29.2,29.3,29.4,29.3,29.4,29.3,29.1,29.2,29.1,29.0,28.9,29.0,29.0,28.9,28.7,28.8,28.8,28.7,28.9,28.7,28.8,28.8,28.8,28.9,28.7,28.9,28.8,28.9,28.9,28.9,28.8,28.9,28.9,28.9,28.9,28.7,28.9,29.0,29.0,28.8,28.8,28.8,28.8,28.8,28.8,28.7,28.9,28.6,28.6,28.9,28.7,28.6,28.6,28.7,28.6,28.5,28.5,28.6,28.5,28.5,28.5,28.6,28.6,28.5
92,28.5,28.4,28.6,28.6,28.6,28.7,28.8,28.6,28.7,28.7,28.6,28.7,28.9,28.8,28.9,29.0,28.9,29.1,28.9,28.9,29.0,29.2,29.0,29.1,29.2,29.2,29.1,29.1,29.2,29.2,29.3,29.3,29.4,29.4,29.2,29.2,29.2,29.1,29.0,28.9,29.1,29.1,29.0,29.0,29.1,29.1,29.0,29.0,28.9,29.0,28.8,29.0,28.9,28.9,28.9,28.8,28.9,28.9,28.8,28.8,29.1,29.0,29.0,29.0,29.2,29.2,29.1,29.1,29.2,29.2,29.3,29.3,29.3,29.1,29.2,29.2,29.1,29.1,29.1,29.0,29.2,29.0,29.2,29.0,29.1,29.0,29.0,29.1,29.1,29.0,29.0,29.2,29.1,29.2,29.1,29.2,29.1,29.2,29.2,29.0,29.0,29.0,28.9,29.1,29.1,29.1,29.2,29.1,28.9,29.0,29.2,29.2,29.0,29.1,29.0,29.1,28.9,29.0,29.1,29.1,29.1,29.1,29.0,29.2,29.0,29.1,29.2,29.2,29.0,29.2,29.3,29.2,29.2,29.1,29.4,29.0,29.0,29.0,28.9,28.9,28.9,28.9,28.8,28.8,28.9,28.8,28.7,29.0,28.7,28.8,28.7,28.8,28.8,28.8,28.7,28.8,29.0,28.8,28.8,28.8,28.8,28.9,28.8,28.8,28.8,28.8,28.8,28.9,28.8,28.8,28.7,28.8,28.7,28.9,28.8,28.8,28.7,28.8,28.6,28.5,28.6,28.5,28.7,28.6,28.6,28.5,28.5,28.5,28.4,28.6,28.5,28.6
93,28.5,28.6,28.7,28.6,28.7,28.8,28.7,28.7,28.7,28.8,28.9,28.8,28.7,28.8,28.7,28.9,28.9,28.9,29.0,29.0,28.9,29.0,29.0,29.0,29.2,29.2,29.1,29.2,29.3,29.2,29.4,29.2,29.5,29.3,29.3,29.3,29.2,29.1,29.0,29.1,29.1,29.1,29.2,29.0,29.0,29.0,29.0,28.9,29.0,28.8,28.9,29.0,28.9,29.0,29.0,28.9,29.0,28.9,28.9,28.9,29.0,29.0,29.2,29.1,29.0,29.1,29.0,29.3,29.1,29.1,29.3,29.2,29.1,29.1,29.1,29.2,29.2,29.2,29.3,29.3,29.0,29.0,29.2,29.1,29.0,29.1,29.1,29.0,29.0,29.0,28.9,29.1,29.1,29.1,29.1,29.0,29.0,29.1,29.2,29.1,29.0,29.2,29.0,29.0,29.0,28.9,29.0,29.0,29.0,29.0,29.0,29.0,29.2,29.0,29.1,29.0,29.0,29.1,29.1,29.1,29.0,28.9,29.1,29.0,29.2,29.0,29.1,29.2,29.1,29.3,29.2,29.4,29.3,29.2,29.2,29.2,29.0,29.0,29.0,28.9,29.0,29.0,28.9,28.7,28.9,28.8,28.8,28.7,28.9,28.7,28.8,28.7,28.7,28.8,28.7,28.9,28.9,28.8,28.8,28.8,29.0,28.8,29.0,28.8,28.9,28.8,28.9,28.9,28.9,28.7,28.7,28.7,29.0,28.8,28.7,28.7,28.6,28.6,28.6,28.6,28.5,28.5,28.7,28.7,28.6,28.4,28.5,28.5,28.4,28.4,28.6,28.4
94,28.6,28.6,28.7,28.6,28.8,28.6,28.6,28.6,28.8,28.6,28.8,28.9,28.9,28.7,29.0,29.0,29.1,28.9,29.1,29.0,28.9,29.0,29.2,29.2,29.4,29.2,29.2,29.3,29.3,29.3,29.3,29.4,29.4,29.3,29.4,29.1,29.2,29.2,29.1,29.0,28.9,28.9,29.2,29.0,29.1,29.1,29.0,29.0,29.0,28.9,29.1,28.9,29.1,28.9,28.9,28.8,28.9,28.9,28.8,28.9,28.9,28.8,29.0,29.0,29.1,29.1,29.2,29.2,29.2,29.2,29.1,29.2,29.2,29.2,29.2,29.2,29.0,29.3,29.2,29.1,29.0,29.1,29.2,29.0,29.1,29.2,29.2,29.2,29.2,29.0,29.3,29.1,29.1,29.1,29.1,29.3,29.2,29.0,29.3,29.2,29.2,29.1,29.0,29.0,29.0,28.9,29.0,28.9,29.1,29.2,29.2,29.0,29.1,29.2,29.1,29.0,29.0,29.2,29.2,29.2,29.1,29.0,29.0,29.0,29.1,29.1,29.2,29.2,29.1,29.0,29.2,29.2,29.2,29.1,29.4,29.2,29.1,29.0,29.0,28.9,28.8,28.8,28.8,28.8,28.7,28.8,28.7,28.7,28.8,28.7,28.6,28.8,28.9,28.8,29.0,28.9,29.1,28.9,29.0,28.8,29.1,28.9,28.8,28.7,28.8,28.9,28.9,28.8,28.8,28.8,28.8,28.8,28.7,28.7,28.8,28.8,28.8,28.9,28.6,28.8,28.8,28.6,28.6,28.7,28.6,28.5,28.6,28.4,28.5,28.6,28.7,28.5
95,28.5,28.6,28.8,28.7,28.8,28.6,28.7,28.7,28.8,28.8,28.8,28.9,28.9,28.9,29.0,28.9,29.0,28.8,29.0,29.0,29.1,29.0,29.0,29.0,29.0,29.2,29.3,29.3,29.1,29.3,29.3,29.4,29.2,29.4,29.3,29.3,29.1,29.2,28.9,28.9,29.1,29.0,29.0,29.0,29.1,29.0,29.0,29.0,28.9,29.0,29.1,28.8,28.8,29.0,28.9,29.0,28.8,29.0,28.8,28.9,29.0,29.0,29.1,29.2,29.2,29.2,29.1,29.2,29.2,29.0,29.1,29.2,29.0,29.2,29.3,29.1,29.0,28.9,29.1,29.0,29.1,28.9,29.0,29.0,29.0,29.0,29.2,29.2,29.1,29.0,29.1,29.1,29.3,29.0,29.1,29.2,29.2,29.0,29.0,29.0,29.0,29.0,29.1,29.2,29.0,29.1,29.0,29.0,29.2,29.0,29.0,29.2,29.0,29.1,29.0,29.0,29.1,29.0,29.0,29.1,29.2,29.2,29.0,29.1,29.1,29.2,29.1,29.2,29.1,29.1,29.0,29.1,29.1,29.2,29.0,29.2,29.2,29.1,28.9,29.1,28.9,28.9,28.9,28.8,28.8,28.9,28.8,28.9,29.0,28.8,28.6,28.8,28.7,28.9,28.8,28.9,28.9,29.0,29.0,29.0,29.0,28.8,28.8,28.8,28.9,28.9,29.0,28.8,28.8,28.8,28.8,28.7,28.8,28.8,29.0,28.7,28.6,28.7,28.7,28.7,28.6,28.6,28.7,28.6,28.5,28.6,28.6,28.6,28.5,28.5,28.5,28.5
96,28.6,28.5,28.7,28.6,28.6,28.7,28.8,28.8,28.8,28.8,28.8,28.8,28.9,28.9,29.0,28.9,29.0,28.8,29.0,29.0,28.9,29.2,29.1,29.1,29.1,29.2,29.2,29.2,29.1,29.5,29.2,29.3,29.3,29.3,29.4,29.2,29.2,29.1,29.1,29.0,29.0,29.0,29.1,28.9,29.0,29.1,29.2,29.1,29.1,29.1,28.9,29.1,29.0,29.0,29.0,29.0,28.9,28.9,28.8,29.0,28.9,28.9,29.0,29.2,29.1,29.1,29.1,29.2,29.4,29.1,29.2,29.0,29.4,29.3,29.2,29.2,29.1,29.0,29.1,29.0,28.9,29.2,29.2,29.2,29.0,29.1,29.2,29.1,29.2,29.1,29.2,29.2,29.2,29.1,29.1,29.3,29.1,29.2,29.2,29.0,29.1,29.2,29.2,29.0,29.0,29.1,29.0,29.2,29.1,28.9,29.1,29.1,28.9,29.1,29.1,29.2,29.1,29.0,29.2,29.0,29.2,28.9,29.2,29.1,29.0,29.1,29.0,29.1,29.2,29.1,29.1,29.1,29.3,29.1,29.2,29.2,29.1,29.2,29.0,29.0,28.9,29.0,28.9,29.0,28.8,28.7,28.9,28.8,28.8,28.7,28.8,28.7,28.8,28.8,28.7,28.8,28.9,28.9,29.0,29.0,28.8,28.9,29.0,28.7,28.8,28.9,28.9,28.9,28.8,28.8,28.8,28.6,28.8,28.8,28.9,28.8,28.7,28.8,28.7,28.6,28.6,28.5,28.7,28.8,28.6,28.6,28.7,28.5,28.3,28.5,28.5,28.7
97,28.8,28.6,28.5,28.7,28.8,28.8,28.7,28.8,28.8,28.6,28.7,29.0,28.9,28.8,28.8,28.9,29.1,29.0,29.0,29.2,29.1,29.2,29.2,29.2,29.4,29.2,29.3,29.2,29.4,29.1,29.4,29.2,29.3,29.3,29.4,29.2,29.1,29.2,29.0,29.0,29.1,29.2,29.1,29.2,29.0,29.1,29.1,29.2,29.2,29.1,29.1,29.0,29.0,29.0,29.1,29.0,29.1,28.9,28.9,28.9,28.8,29.0,29.1,29.0,29.0,29.1,29.2,29.3,29.1,29.3,29.3,29.2,29.1,29.2,29.1,29.2,28.9,29.0,29.0,29.0,29.1,29.0,29.2,29.2,29.3,29.3,29.1,29.2,29.1,29.1,29.1,29.1,29.2,29.2,29.2,29.2,29.0,29.2,29.3,29.1,29.1,29.3,29.2,29.2,29.1,29.1,29.1,29.1,29.2,29.1,29.1,29.1,29.1,28.9,29.0,29.1,29.2,29.2,29.0,29.0,29.1,29.0,29.2,29.2,29.2,29.1,29.1,29.1,29.1,29.0,29.2,29.2,29.2,29.1,29.2,29.0,29.1,29.1,28.9,29.0,29.1,29.0,28.8,28.9,28.8,28.8,28.6,29.0,28.9,28.8,28.9,28.8,29.0,28.9,28.9,28.9,29.0,28.8,28.9,28.9,29.0,28.9,29.1,28.9,28.9,28.9,28.9,28.8,28.8,28.8,28.9,29.0,28.8,28.7,28.7,28.8,28.7,28.8,28.6,28.6,28.7,28.6,28.7,28.5,28.7,28.4,28.5,28.6,28.5,28.5,28.6,28.6
98,28.7,28.5,28.7,28.5,28.8,28.9,28.7,28.8,28.6,28.8,28.7,29.0,28.9,28.9,28.9,28.9,28.9,29.0,29.0,29.2,29.2,29.0,29.3,29.1,29.2,29.1,29.2,29.3,29.2,29.4,29.2,29.4,29.4,29.4,29.5,29.2,29.5,29.3,29.1,29.1,29.3,29.1,29.2,29.2,29.1,29.1,29.0,29.1,29.0,29.1,29.1,29.0,28.8,29.0,29.0,28.8,28.9,29.0,28.8,28.9,29.0,28.7,28.9,29.0,29.1,29.0,29.2,29.2,29.2,29.2,29.2,29.3,29.2,29.1,29.0,29.2,28.9,29.0,29.1,29.0,29.1,29.0,29.0,29.1,29.0,29.0,29.1,29.2,29.2,29.1,29.0,29.0,28.9,29.1,29.2,29.1,29.1,29.1,29.2,29.0,29.2,29.2,29.4,29.3,29.0,29.3,28.9,29.0,29.1,29.0,29.2,29.1,29.0,29.1,29.0,29.1,29.1,29.1,29.0,29.0,29.0,29.0,29.2,29.1,29.1,29.0,29.2,29.1,29.2,29.1,29.1,29.2,29.1,29.2,29.1,29.2,29.0,28.9,28.8,28.9,29.0,28.9,28.9,28.8,28.9,28.8,28.8,28.9,29.0,28.6,28.8,28.8,28.9,28.8,28.9,28.9,29.0,28.9,28.9,28.9,28.9,29.0,29.0,29.0,28.8,28.8,28.9,28.8,28.9,28.9,28.8,28.8,28.8,28.8,28.6,28.6,28.7,28.7,28.7,28.6,28.6,28.7,28.7,28.8,28.6,28.5,28.6,28.7,28.6,28.5,28.6,28.5
99,28.7,28.6,28.6,28.8,28.8,28.8,28.8,29.0,28.8,28.8,28.9,29.0,28.8,28.6,28.9,28.9,29.0,28.9,29.1,29.2,29.2,29.2,29.0,29.2,29.1,29.3,29.2,29.2,29.2,29.3,29.4,29.3,29.4,29.3,29.4,29.3,29.3,29.4,29.2,29.2,29.3,29.2,29.2,29.3,29.1,29.1,29.2,29.1,29.0,29.0,29.2,29.0,29.1,29.0,29.2,28.9,29.0,29.1,28.9,29.0,29.1,29.0,29.0,29.1,29.0,29.1,29.0,29.3,29.1,29.1,29.2,29.0,29.2,29.1,29.0,29.0,29.0,29.0,29.0,29.1,29.2,29.2,29.1,29.2,29.1,29.1,29.1,29.1,29.0,29.2,29.2,29.2,29.0,29.2,29.0,29.0,29.1,29.0,29.1,29.2,29.1,29.3,29.2,29.1,29.1,29.0,29.1,29.0,29.1,29.0,29.2,29.1,29.0,29.0,29.0,29.3,29.3,29.0,29.1,29.0,29.2,29.2,29.0,29.0,29.0,29.1,29.1,29.1,29.0,29.1,29.2,29.1,29.2,29.1,29.1,29.1,29.0,29.0,28.9,29.0,29.0,28.9,28.9,29.0,28.9,28.8,28.7,28.9,28.9,28.9,28.9,29.0,28.7,28.9,28.8,29.0,28.9,28.8,28.8,28.9,28.9,29.0,29.0,29.0,28.9,28.8,28.9,28.8,28.7,28.7,28.7,28.7,28.6,28.6,28.9,28.7,28.7,28.7,28.7,28.6,28.8,28.6,28.8,28.7,28.5,28.6,28.5,28.5,28.7,28.5,28.3,28.5
100,28.5,28.8,28.8,28.6,28.7,28.8,28.8,28.7,28.6,28.7,28.8,28.8,28.8,28.7,28.9,29.0,28.9,29.0,29.0,29.0,29.0,29.0,28.9,29.1,29.2,29.1,29.3,29.0,29.1,29.2,29.3,29.4,29.4,29.4,29.5,29.4,29.4,29.5,29.5,29.4,29.4,29.5,29.3,29.3,29.2,29.2,29.2,29.3,29.2,29.1,29.2,29.0,29.2,29.1,29.2,29.1,29.2,29.2,29.3,29.1,29.1,29.1,29.1,29.1,29.2,29.1,29.2,29.2,29.2,29.1,29.2,29.1,29.0,29.2,29.1,29.0,28.9,29.1,29.0,29.2,29.1,29.2,29.2,29.1,29.0,29.1,29.1,29.0,29.1,29.2,29.1,29.1,29.0,29.2,29.2,29.1,29.1,29.2,29.2,29.2,29.1,29.1,29.1,29.3,29.1,29.0,29.1,29.0,29.2,29.0,29.2,29.2,29.2,29.2,29.0,29.0,29.2,29.2,29.2,29.1,28.9,29.2,29.2,29.3,29.2,29.1,29.2,29.0,29.2,29.0,29.1,29.0,29.0,29.0,29.2,29.2,29.0,29.0,28.8,29.0,29.0,29.0,28.8,28.9,28.9,28.9,29.0,29.0,29.1,29.0,28.9,28.8,28.9,28.9,28.9,28.8,28.8,28.9,29.0,28.8,28.9,29.0,28.9,28.8,29.0,28.8,28.9,28.8,28.7,28.8,28.7,28.6,28.7,28.8,28.8,28.8,28.7,28.7,28.7,28.8,28.6,28.6,28.6,28.8,28.7,28.6,28.7,28.7,28.8,28.6,28.6,28.4
101,28.6,28.5,28.7,28.5,28.7,28.7,28.5,28.8,29.0,28.8,28.8,28.8,28.8,28.8,28.7,28.6,28.7,28.9,28.9,29.0,29.0,29.0,28.9,28.9,29.2,28.9,28.9,29.0,28.9,29.0,29.4,29.4,29.5,29.3,29.4,29.5,29.4,29.7,29.4,29.5,29.5,29.4,29.2,29.4,29.3,29.2,29.5,29.3,29.2,29.2,29.2,29.3,29.2,29.2,29.3,29.2,29.2,29.2,29.3,29.2,29.3,29.2,29.3,29.1,29.1,29.3,29.4,29.1,29.2,29.1,29.2,29.1,29.2,29.1,29.0,29.1,29.1,29.2,29.0,29.2,29.1,29.2,29.2,29.2,29.0,28.9,29.1,29.2,29.0,29.2,29.0,29.2,29.2,29.0,29.2,29.0,29.2,29.2,28.9,29.1,29.1,29.2,29.2,29.2,28.9,29.2,29.0,29.2,29.0,29.0,29.1,29.1,29.1,29.0,29.1,29.1,29.1,29.1,29.0,29.2,29.1,29.1,29.1,28.9,29.2,29.0,29.3,29.0,29.1,29.0,29.1,29.2,29.2,29.1,29.0,28.9,28.9,29.0,29.0,29.2,28.9,28.8,28.9,28.7,28.8,28.8,28.7,28.9,28.9,28.9,28.8,28.8,28.9,28.8,28.8,29.0,28.8,28.9,29.0,28.9,29.0,28.9,28.8,28.9,28.8,28.8,28.7,28.9,29.0,28.8,28.7,28.8,28.8,28.7,28.8,28.6,28.8,28.7,28.6,28.7,28.6,28.8,28.7,28.5,28.5,28.6,28.5,28.7,28.4,28.8,28.7,28.5
102,28.7,28.7,28.7,28.7,28.5,28.7,28.8,28.7,28.8,28.6,28.7,28.8,28.9,28.8,28.8,28.9,28.9,28.8,29.0,28.8,28.9,28.9,29.0,28.9,29.1,29.1,28.8,28.8,29.0,29.1,29.1,29.2,29.4,29.5,29.4,29.4,29.4,29.5,29.5,29.6,29.4,29.4,29.4,29.2,29.4,29.4,29.4,29.3,29.3,29.3,29.2,29.3,29.2,29.3,29.3,29.2,29.3,29.4,29.5,29.4,29.4,29.1,29.2,29.4,29.1,29.3,29.2,29.2,29.2,29.3,29.1,29.3,29.1,29.1,29.1,29.2,29.1,29.2,29.2,29.2,29.2,29.2,29.1,29.1,29.1,29.1,29.0,29.1,29.1,29.1,29.3,29.1,29.0,29.0,29.0,29.3,29.0,29.1,29.1,29.2,29.2,29.2,29.0,29.1,29.1,29.2,29.2,29.0,29.0,28.8,29.1,29.2,29.2,29.0,29.1,29.1,29.1,29.1,29.2,29.1,29.2,29.2,29.0,29.1,29.1,29.2,29.1,29.2,29.2,29.2,29.1,29.2,29.3,29.1,29.0,28.9,29.2,29.1,29.0,29.2,29.0,28.8,28.8,28.7,28.7,28.8,28.9,28.9,28.9,29.0,28.8,28.8,29.0,29.0,28.9,28.9,28.8,28.9,29.0,28.9,28.9,28.9,28.8,28.8,28.9,28.8,28.8,28.9,29.0,28.8,28.8,28.8,28.8,28.8,28.8,28.8,28.9,28.8,28.7,28.8,28.7,28.7,28.7,28.6,28.5,28.6,28.5,28.7,28.5,28.6,28.6,28.3
103,28.7,28.6,28.7,28.8,28.7,28.7,28.8,28.8,28.8,28.7,28.8,28.9,28.7,28.9,28.9,28.8,28.9,28.8,28.7,28.8,29.0,29.0,28.8,28.8,28.8,28.7,28.7,28.8,28.8,29.0,29.0,29.2,29.4,29.4,29.5,29.4,29.5,29.5,29.5,29.6,29.4,29.4,29.4,29.4,29.3,29.5,29.2,29.4,29.2,29.2,29.1,29.2,29.3,29.2,29.3,29.3,29.3,29.3,29.4,29.5,29.4,29.4,29.3,29.3,29.3,29.2,29.1,29.2,29.2,29.3,29.3,29.4,29.2,29.2,29.2,29.0,29.1,29.2,29.2,29.1,29.2,29.1,29.1,29.1,29.2,29.1,29.1,29.0,29.1,29.3,29.1,29.1,29.0,29.1,29.0,29.1,29.1,29.0,29.2,29.2,29.3,29.2,29.2,29.2,29.2,29.2,29.1,29.1,29.2,29.0,29.3,29.2,29.2,29.1,29.1,29.2,29.1,29.1,29.2,29.0,29.1,29.1,29.1,29.2,29.2,29.3,29.1,29.1,29.2,29.2,29.0,29.0,29.2,29.2,29.1,29.0,29.0,29.0,28.9,28.9,29.0,28.9,28.8,28.9,28.9,28.9,28.9,28.9,28.8,28.9,29.0,29.1,29.0,28.9,28.9,28.9,28.9,29.1,28.8,29.0,29.1,29.1,29.0,29.0,29.0,29.0,28.9,29.0,29.0,28.9,28.8,28.8,28.7,28.7,28.9,28.8,28.8,28.9,28.8,28.7,28.8,28.6,28.7,28.8,28.6,28.5,28.6,28.6,28.5,28.5,28.5,28.5
104,28.8,28.7,28.7,28.9,28.9,28.9,28.8,28.9,28.8,28.8,28.8,28.9,28.8,28.9,29.0,28.8,28.9,28.9,29.0,29.0,28.9,28.9,28.7,28.7,28.7,28.9,28.9,28.7,28.7,28.7,29.2,29.3,29.3,29.4,29.4,29.4,29.5,29.5,29.5,29.5,29.3,29.5,29.4,29.3,29.3,29.2,29.2,29.3,29.2,29.2,29.2,29.2,29.3,29.3,29.2,29.2,29.2,29.4,29.5,29.4,29.5,29.3,29.2,29.2,29.2,29.1,29.2,29.2,29.2,29.2,29.3,29.2,29.1,29.3,29.2,29.2,29.2,29.1,29.3,29.2,29.2,29.3,29.0,29.0,29.2,29.2,29.0,29.2,29.1,29.3,29.2,29.1,29.0,29.0,29.2,29.1,29.2,29.1,29.1,29.1,29.3,29.1,29.2,29.2,29.2,29.3,29.2,29.1,29.2,29.2,29.1,29.1,29.2,28.8,29.0,29.1,29.1,29.2,29.3,29.1,29.2,29.0,29.0,29.2,29.2,29.1,29.3,29.2,29.1,29.2,29.2,29.0,29.1,29.1,29.1,29.1,29.0,29.0,29.0,29.0,29.1,28.8,28.9,28.8,28.8,28.8,28.9,28.8,28.9,29.0,29.0,28.9,28.8,28.9,28.8,29.0,29.0,28.9,29.1,29.1,28.9,29.0,29.0,28.9,29.0,29.0,28.9,29.0,28.9,28.8,28.9,28.6,28.8,28.8,28.9,28.7,28.8,28.9,28.7,28.8,28.7,28.7,28.8,28.7,28.5,28.8,28.7,28.6,28.5,28.7,28.6,28.6
105,28.8,28.8,28.8,28.9,28.8,28.9,28.8,29.1,28.9,29.0,29.0,28.9,29.0,29.0,29.0,28.9,29.0,28.9,28.9,29.0,28.8,28.9,28.9,28.7,28.8,28.8,28.7,28.8,28.8,29.0,29.1,29.4,29.4,29.4,29.2,29.4,29.4,29.3,29.4,29.5,29.2,29.3,29.3,29.3,29.5,29.3,29.3,29.3,29.2,29.3,29.3,29.2,29.2,29.2,29.3,29.2,29.1,29.3,29.3,29.3,29.5,29.3,29.2,29.3,29.4,29.2,29.3,29.2,29.2,29.2,29.3,29.4,29.2,29.2,29.3,29.0,29.0,29.0,29.2,29.2,29.3,29.1,29.4,29.1,29.2,29.0,29.1,29.1,29.3,29.3,29.4,29.2,29.1,29.2,29.1,29.1,29.2,29.1,29.1,29.1,29.2,29.2,29.2,29.0,29.0,29.2,29.0,29.2,29.1,29.2,29.1,29.2,29.1,29.0,29.0,29.0,29.1,29.1,29.1,29.0,29.1,29.2,29.1,29.2,29.3,29.3,29.2,29.3,29.1,29.2,29.0,29.0,29.1,29.2,29.0,29.1,29.0,29.0,29.0,29.0,28.9,29.0,28.9,28.8,28.9,28.9,28.8,28.9,29.0,28.8,28.8,28.8,28.8,28.9,29.0,29.0,29.0,28.9,29.0,28.8,29.0,28.8,29.0,29.0,29.0,28.8,29.0,28.8,29.0,28.9,28.8,28.8,28.8,28.8,28.9,28.7,28.8,28.8,28.8,28.7,28.7,28.5,28.8,28.6,28.5,28.5,28.8,28.4,28.7,28.5,28.7,28.5
106,28.8,28.9,28.9,29.0,29.0,29.0,29.0,29.1,29.0,29.0,29.0,29.0,29.0,28.9,29.0,29.0,29.0,29.0,28.9,29.0,28.8,29.0,29.1,28.9,29.0,29.0,28.9,28.8,28.8,28.9,29.0,29.2,29.2,29.5,29.3,29.3,29.4,29.4,29.4,29.2,29.4,29.3,29.3,29.3,29.3,29.2,29.2,29.2,29.1,29.4,29.2,29.0,29.1,29.0,29.1,29.1,29.3,29.1,29.3,29.4,29.2,29.3,29.3,29.3,29.3,29.3,29.4,29.4,29.2,29.3,29.3,29.3,29.3,29.2,29.2,29.2,29.2,29.0,29.2,29.2,29.3,29.2,29.3,29.2,29.2,29.1,29.1,29.2,29.2,29.2,29.2,29.3,29.1,29.1,29.1,29.3,29.1,29.1,29.2,29.1,29.0,29.1,29.3,29.3,29.0,29.3,29.3,29.2,29.2,29.1,29.1,29.2,29.1,29.0,29.0,29.1,29.1,29.1,29.1,29.0,29.1,29.1,29.3,29.1,29.2,29.3,29.4,29.3,29.2,29.2,29.0,29.1,29.0,29.0,29.1,29.1,28.9,28.9,29.0,29.1,29.1,28.9,28.8,28.9,28.8,29.0,28.8,28.8,28.9,28.8,28.9,29.0,28.9,29.0,28.9,29.0,29.1,29.2,29.0,29.1,29.0,29.0,29.1,28.9,29.0,29.0,29.0,29.0,29.0,28.9,28.8,29.0,28.9,28.8,28.9,28.8,28.7,28.8,28.9,28.6,28.6,28.7,28.8,28.7,28.6,28.8,28.8,28.6,28.6,28.6,28.5,28.4
107,29.1,29.1,29.0,29.0,29.1,29.2,28.9,29.1,29.2,29.0,29.0,29.2,29.0,29.2,29.2,29.2,29.2,29.0,28.9,29.1,29.0,29.0,29.0,29.0,29.0,29.0,28.9,29.0,29.0,29.0,29.3,29.3,29.3,29.2,29.2,29.4,29.0,29.4,29.2,29.1,29.3,29.4,29.4,29.3,29.1,29.1,29.3,29.3,29.2,29.2,29.2,29.1,29.0,28.8,29.0,29.0,29.0,29.2,29.0,29.2,29.3,29.2,29.3,29.3,29.2,29.2,29.2,29.2,29.4,29.2,29.1,29.1,29.0,29.2,29.1,29.1,29.2,29.1,29.2,29.2,29.1,29.1,29.2,29.2,29.2,29.3,29.1,29.2,29.0,29.1,29.1,29.2,29.0,29.0,29.0,29.0,29.2,29.0,29.1,29.1,29.2,29.2,29.2,29.3,29.2,29.2,29.0,29.0,29.0,29.2,29.2,29.1,29.1,29.2,29.2,29.2,29.0,29.1,29.0,29.1,29.1,29.2,29.2,29.2,29.3,29.3,29.4,29.2,29.2,29.2,29.0,29.2,29.2,29.2,29.2,29.1,28.9,29.0,29.0,29.0,29.0,28.9,28.8,28.7,28.9,28.7,28.8,29.0,28.9,29.0,28.8,28.9,28.9,28.9,28.8,29.0,28.9,29.0,29.0,28.9,29.0,28.8,29.0,29.1,29.0,29.0,29.0,29.0,28.8,28.8,29.0,28.8,28.8,28.8,28.7,28.7,28.9,28.7,28.8,28.6,28.8,28.7,28.7,28.7,28.7,28.6,28.7,28.4,28.5,28.6,28.6,28.6
108,29.1,29.0,29.0,29.1,29.2,29.2,29.3,29.1,29.2,29.2,29.1,29.0,29.2,29.1,29.1,29.2,29.1,29.2,29.1,29.2,29.1,29.0,29.1,29.0,28.9,29.1,28.9,28.9,28.8,29.2,29.2,29.3,29.5,29.5,29.3,29.3,29.4,29.4,29.4,29.2,29.2,29.4,29.5,29.1,29.2,29.2,29.3,29.4,29.2,29.1,29.3,29.1,29.1,29.0,29.1,29.1,29.2,29.2,29.2,29.4,29.4,29.4,29.2,29.4,29.4,29.2,29.2,29.4,29.2,29.4,29.2,29.2,29.2,29.2,29.3,29.0,29.4,29.2,29.0,29.2,29.1,29.2,29.2,29.2,29.1,29.1,29.2,29.0,29.2,29.1,29.1,29.1,29.2,29.1,29.1,29.1,29.4,29.0,29.2,29.1,29.1,29.2,29.4,29.3,29.2,29.3,29.0,29.1,29.2,29.1,29.0,29.1,29.1,29.0,29.1,28.9,29.1,29.2,29.2,29.1,29.2,29.1,29.2,29.3,29.3,29.3,29.2,29.2,29.2,29.2,29.1,29.1,29.2,29.0,29.2,29.2,28.9,29.1,29.0,29.0,29.0,29.0,28.9,28.8,28.8,28.7,28.7,28.8,28.8,28.8,29.0,28.9,28.9,28.9,29.0,28.8,28.9,28.9,28.9,28.9,29.0,28.9,29.0,28.9,28.9,28.8,29.0,29.0,29.0,28.7,28.7,28.7,28.7,28.8,28.8,28.8,28.7,28.8,28.7,28.6,28.6,28.8,28.8,28.7,28.6,28.6,28.6,28.7,28.5,28.7,28.7,28.8
109,29.0,29.2,29.0,29.0,29.1,29.1,29.2,29.2,29.3,29.2,29.2,29.1,29.1,29.0,29.3,29.1,29.1,29.2,29.2,29.1,29.2,29.1,29.0,29.0,29.0,29.1,28.9,29.2,29.0,29.2,29.2,29.4,29.5,29.6,29.4,29.5,29.2,29.2,29.2,29.2,29.1,29.3,29.4,29.1,29.3,29.2,29.3,29.2,29.3,29.2,29.1,29.1,29.1,29.0,29.1,29.1,29.1,29.2,29.3,29.2,29.2,29.3,29.3,29.3,29.2,29.2,29.2,29.2,29.1,29.2,29.2,29.2,29.2,29.2,29.1,29.1,29.1,29.3,29.2,29.2,29.2,29.1,29.4,29.1,29.3,29.0,29.1,29.1,29.2,29.3,29.2,29.2,29.2,29.2,29.0,29.1,29.0,29.1,29.2,29.2,29.2,29.1,29.3,29.2,29.2,29.3,29.1,29.1,29.2,29.2,29.2,29.1,29.3,29.1,29.2,29.1,29.1,29.0,29.2,29.2,29.1,29.2,29.1,29.2,29.3,29.1,29.2,29.2,29.1,29.1,29.1,29.3,29.3,29.2,29.2,29.2,28.9,29.0,29.1,28.9,28.9,28.8,28.8,28.9,28.9,28.8,28.7,28.8,29.1,29.0,28.9,28.8,28.8,28.8,28.8,28.9,28.9,29.0,29.0,28.9,28.9,28.8,28.9,28.9,28.9,28.8,28.8,28.8,29.0,28.8,28.9,28.7,28.8,28.8,28.8,28.7,28.8,28.7,28.8,28.8,28.7,28.8,28.7,28.7,28.6,28.6,28.5,28.7,28.6,28.4,28.6,28.7
110,29.1,29.2,29.2,29.2,29.2,29.4,29.3,29.2,29.2,29.1,29.1,29.3,29.1,29.0,29.2,29.2,29.2,29.1,29.2,29.1,29.2,29.1,29.0,29.0,29.0,29.0,29.0,29.1,29.0,29.1,29.5,29.6,29.5,29.5,29.5,29.4,29.3,29.4,29.4,29.2,29.3,29.3,29.2,29.4,29.4,29.2,29.3,29.4,29.2,29.2,29.1,29.1,29.2,29.0,29.1,29.0,29.1,29.2,29.2,29.3,29.2,29.4,29.3,29.2,29.3,29.2,29.1,29.3,29.3,29.2,29.3,29.2,29.2,29.1,29.2,29.1,29.1,29.2,29.2,29.3,29.1,29.2,29.3,29.1,29.2,29.1,29.2,29.1,29.1,29.2,29.2,29.1,29.1,29.1,29.1,29.1,28.9,29.0,29.0,29.1,29.1,29.1,29.2,29.2,29.2,29.1,29.0,29.2,29.3,29.1,29.2,29.3,29.0,29.2,29.0,29.0,29.1,29.0,29.1,29.2,29.1,29.1,29.0,29.2,29.2,29.2,29.1,29.3,29.1,29.1,29.2,29.2,29.2,29.0,29.1,29.0,29.0,29.1,29.0,29.0,28.8,28.9,28.8,28.9,28.9,28.9,28.8,28.9,28.9,28.8,28.8,28.8,28.8,29.0,28.9,29.0,29.0,29.1,29.0,28.8,29.0,28.9,29.0,28.9,29.0,28.8,28.9,28.9,29.0,28.8,28.7,28.8,28.8,28.7,28.9,28.8,28.8,28.8,28.7,28.7,28.7,28.5,28.7,28.6,28.7,28.5,28.7,28.5,28.5,28.3,28.6,28.7
111,29.3,29.2,29.0,29.1,29.3,29.1,29.2,29.3,29.2,29.1,29.2,29.2,29.2,29.3,29.2,29.4,29.3,29.2,29.3,29.3,29.0,29.2,29.0,29.0,29.1,29.2,29.0,29.0,29.0,29.2,29.4,29.7,29.6,29.7,29.6,29.4,29.4,29.4,29.4,29.4,29.4,29.3,29.4,29.2,29.3,29.2,29.2,29.2,29.3,29.4,29.3,29.2,29.2,29.2,29.2,29.2,29.2,29.2,29.3,29.3,29.2,29.2,29.3,29.2,29.2,29.3,29.1,29.4,29.2,29.2,29.2,29.4,29.1,29.3,29.2,29.2,29.1,29.2,29.2,29.2,29.3,29.3,29.3,29.2,29.3,29.2,29.1,29.1,29.2,29.2,29.2,29.3,29.2,29.2,29.2,29.2,29.2,29.3,29.1,29.2,29.2,29.1,29.3,29.2,29.1,29.2,29.1,29.1,29.2,29.0,29.2,29.1,29.2,29.0,29.0,29.2,29.0,29.1,29.2,29.2,29.4,29.1,29.1,29.2,29.1,29.2,29.2,29.4,29.1,29.3,29.2,29.3,29.3,29.2,29.1,29.1,29.1,28.8,28.8,28.8,28.8,28.9,29.0,28.8,28.9,28.8,28.8,28.8,28.8,28.8,28.9,28.9,28.8,28.8,29.0,29.0,28.9,29.0,29.1,29.1,28.9,29.0,28.9,28.8,29.0,29.0,29.0,29.0,29.1,28.9,28.7,28.8,28.8,28.9,29.0,28.8,28.7,28.9,28.7,28.7,28.7,28.7,28.8,28.6,28.6,28.6,28.8,28.5,28.5,28.6,28.6,28.5
112,29.3,29.2,29.2,29.3,29.2,29.1,29.3,29.3,29.4,29.3,29.1,29.2,29.3,29.2,29.5,29.4,29.4,29.2,29.1,29.3,29.3,29.2,29.1,29.2,29.0,29.1,29.0,29.0,29.0,29.2,29.5,29.6,29.8,29.7,29.5,29.6,29.3,29.4,29.4,29.3,29.3,29.4,29.4,29.3,29.2,29.2,29.4,29.2,29.2,29.2,29.2,29.2,29.4,29.2,29.2,29.2,29.1,29.1,29.1,29.2,29.3,29.3,29.4,29.3,29.4,29.4,29.2,29.2,29.0,29.0,29.1,29.2,29.2,29.3,29.1,29.2,29.2,29.1,29.2,29.2,29.3,29.2,29.2,29.1,29.2,29.2,29.2,29.0,29.3,29.2,29.2,29.2,29.0,29.2,29.1,29.1,29.2,29.1,29.2,29.2,29.2,29.2,29.2,29.2,29.2,29.3,29.2,29.3,29.2,29.0,29.0,29.2,29.0,29.1,29.1,29.1,29.2,29.2,29.0,29.1,29.1,29.0,29.2,29.0,29.2,29.2,29.3,29.3,29.2,29.0,29.1,29.4,29.1,29.1,29.3,29.2,29.1,28.9,28.8,28.9,29.2,28.9,29.0,28.8,28.8,28.7,28.8,28.9,28.9,28.8,28.9,28.8,28.8,29.0,29.0,28.8,29.0,29.0,29.0,29.0,29.0,28.8,28.9,28.8,28.9,28.9,29.0,28.9,29.0,28.8,28.7,28.8,28.9,28.8,28.8,28.7,28.7,28.7,28.8,28.7,28.9,28.7,28.6,28.7,28.7,28.6,28.6,28.7,28.7,28.5,28.6,28.6
113,29.2,29.2,29.2,29.3,29.2,29.2,29.0,29.1,29.2,29.2,29.3,29.4,29.3,29.5,29.3,29.2,29.2,29.1,29.3,29.2,29.0,29.2,29.0,29.0,29.0,29.0,29.1,29.1,29.1,29.2,29.5,29.6,29.7,29.7,29.5,29.5,29.4,29.4,29.2,29.2,29.2,29.4,29.2,29.3,29.2,29.2,29.2,29.2,29.2,29.4,29.3,29.3,29.4,29.1,29.2,29.1,29.2,29.0,29.2,29.2,29.4,29.3,29.3,29.4,29.3,29.3,29.2,29.1,29.3,29.1,29.2,29.2,29.3,29.0,29.3,29.3,29.3,29.3,29.2,29.2,29.3,29.3,29.1,29.3,29.2,29.2,29.2,29.2,29.2,29.1,29.2,29.2,29.0,29.3,29.1,29.0,29.1,29.2,29.2,29.3,29.1,29.2,29.2,29.2,29.1,29.2,29.2,29.0,29.2,29.2,29.0,29.2,29.1,28.9,28.9,29.1,29.0,29.2,29.1,29.2,29.2,29.2,29.2,29.2,29.2,29.2,29.1,29.1,29.2,29.3,29.4,29.0,29.2,29.2,29.0,29.1,29.0,29.0,29.0,29.0,29.0,28.8,28.8,28.8,28.9,28.9,28.7,29.0,28.9,28.8,29.0,28.7,28.8,28.6,29.0,29.0,29.0,28.9,29.1,28.9,29.0,28.9,29.0,28.8,28.8,28.9,28.7,29.0,29.0,29.0,29.0,28.7,28.8,28.8,28.8,28.6,28.7,28.7,28.7,28.8,28.7,28.5,28.8,28.7,28.6,28.6,28.7,28.7,28.7,28.5,28.5,28.9
114,29.3,29.3,29.3,29.3,29.4,29.4,29.3,29.3,29.3,29.3,29.4,29.3,29.2,29.2,29.4,29.3,29.2,29.2,29.3,29.2,29.3,29.2,29.2,29.2,29.2,29.2,29.1,29.2,29.2,29.4,29.5,29.5,29.7,29.8,29.6,29.4,29.5,29.4,29.3,29.1,29.3,29.3,29.2,29.3,29.3,29.4,29.3,29.4,29.3,29.2,29.4,29.4,29.5,29.2,29.4,29.2,28.9,29.1,29.2,29.4,29.2,29.3,29.3,29.4,29.4,29.4,29.4,29.3,29.3,29.1,29.2,29.2,29.2,29.3,29.3,29.0,29.3,29.2,29.3,29.2,29.3,29.2,29.2,29.2,29.1,29.4,29.2,29.2,29.2,29.2,29.2,29.3,29.1,29.2,29.1,29.3,29.2,29.1,29.2,29.1,29.2,29.1,29.3,29.3,29.2,29.3,29.1,29.2,29.2,29.1,29.2,29.1,29.2,29.2,29.0,29.1,29.1,29.2,29.2,29.2,29.2,29.1,29.1,29.2,29.2,29.1,29.1,29.1,29.2,29.4,29.3,29.2,29.2,29.2,29.1,29.0,29.0,29.0,29.0,29.0,29.0,28.9,29.0,28.9,29.0,28.8,28.9,28.8,28.9,28.9,28.8,28.8,29.0,28.8,29.0,29.0,29.0,29.2,28.9,29.1,29.0,28.9,29.0,28.9,29.0,28.8,28.8,29.0,28.8,28.9,28.9,28.6,28.8,28.8,28.8,28.9,28.9,28.8,28.7,28.5,28.6,28.8,28.7,28.7,28.5,28.6,28.6,28.7,28.7,28.5,28.6,28.5
115,29.2,29.4,29.2,29.3,29.4,29.4,29.1,29.2,29.4,29.3,29.2,29.2,29.3,29.3,29.3,29.1,29.3,29.3,29.3,29.1,29.3,29.3,29.0,29.1,29.1,29.1,29.1,29.0,29.1,29.2,29.5,29.6,29.7,29.5,29.4,29.4,29.4,29.4,29.4,29.3,29.2,29.4,29.4,29.3,29.3,29.2,29.1,29.3,29.3,29.3,29.2,29.4,29.3,29.2,29.0,29.0,28.8,28.8,29.0,29.2,29.3,29.4,29.2,29.3,29.3,29.2,29.1,29.4,29.1,29.2,29.2,29.1,29.2,29.3,29.3,29.1,29.2,29.2,29.2,29.2,29.2,29.3,29.3,29.2,29.2,29.3,29.2,29.1,29.1,29.2,29.0,29.0,29.0,29.2,29.0,29.4,29.3,29.2,29.2,29.3,29.2,29.2,29.0,29.2,29.3,29.1,29.2,29.2,29.2,29.3,29.3,29.0,29.1,28.9,29.1,29.2,29.2,29.1,29.1,29.2,29.1,29.2,29.1,29.0,29.1,29.1,29.3,29.4,29.2,29.3,29.4,29.4,29.2,29.1,29.2,29.1,29.0,28.9,29.0,29.0,29.0,28.9,28.8,28.9,29.0,28.8,28.8,28.8,28.8,28.8,28.9,28.8,28.8,28.9,28.9,29.1,29.1,29.1,28.9,29.0,29.0,28.8,29.0,28.8,29.0,28.9,29.0,28.7,29.0,28.9,28.9,28.8,28.9,28.8,29.0,28.8,28.8,28.8,28.7,28.8,28.7,28.6,28.8,28.9,28.5,28.7,28.5,28.7,28.6,28.6,28.5,28.7
116,29.3,29.3,29.2,29.4,29.4,29.2,29.4,29.3,29.3,29.3,29.3,29.5,29.5,29.3,29.3,29.4,29.5,29.2,29.2,29.2,29.4,29.2,29.2,29.2,29.2,29.2,29.0,29.0,29.3,29.2,29.4,29.7,29.5,29.5,29.5,29.4,29.3,29.4,29.2,29.2,29.1,29.3,29.4,29.3,29.3,29.2,29.4,29.4,29.3,29.3,29.2,29.3,29.1,29.3,29.2,29.1,29.0,29.0,29.2,29.3,29.3,29.3,29.4,29.3,29.4,29.3,29.3,29.2,29.2,29.2,29.4,29.2,29.1,29.3,29.2,29.2,29.3,29.1,29.2,29.2,29.3,29.2,29.4,29.4,29.2,29.2,29.0,29.2,29.1,29.2,29.3,29.2,29.2,29.1,29.2,29.2,29.1,29.2,29.3,29.2,29.2,29.2,29.2,29.2,29.2,29.2,29.2,29.2,29.0,29.1,29.1,29.1,29.0,29.2,29.0,29.1,29.2,29.1,29.1,29.0,29.1,29.1,29.2,29.0,29.2,29.1,29.1,29.1,29.3,29.2,29.2,29.2,29.1,29.3,29.1,29.1,29.0,29.0,29.0,29.0,28.8,28.9,28.9,28.8,28.9,28.8,29.0,28.7,28.9,28.8,28.7,29.0,28.9,28.8,29.0,28.9,28.9,29.1,29.2,29.1,29.1,28.9,28.9,29.1,28.9,29.0,28.8,28.9,28.8,28.9,28.8,28.8,28.9,28.8,28.8,28.8,28.7,28.8,28.7,28.7,28.6,28.8,28.8,28.8,28.7,28.7,28.8,28.5,28.5,28.5,28.7,28.5
117,29.3,29.2,29.3,29.3,29.3,29.3,29.2,29.4,29.2,29.4,29.2,29.5,29.4,29.2,29.3,29.3,29.4,29.2,29.2,29.1,29.2,29.2,29.3,29.1,29.2,29.3,29.1,29.1,29.2,29.3,29.5,29.5,29.6,29.5,29.5,29.4,29.2,29.5,29.2,29.2,29.1,29.3,29.2,29.3,29.3,29.4,29.2,29.1,29.2,29.2,29.1,29.2,29.1,29.2,28.9,29.1,28.9,28.9,29.1,29.2,29.2,29.1,29.2,29.4,29.5,29.2,29.2,29.4,29.2,29.2,29.2,29.1,29.2,29.2,29.0,29.3,29.1,29.2,29.2,29.3,29.3,29.1,29.2,29.2,29.2,29.1,29.4,29.0,29.1,29.2,29.2,29.2,29.2,29.2,29.3,29.2,29.2,29.3,29.3,29.2,29.3,29.3,29.3,29.2,29.1,29.3,29.3,29.0,29.1,29.0,29.2,29.0,28.9,29.0,29.0,29.2,29.2,29.1,29.1,29.1,29.1,29.2,29.1,29.2,28.9,29.1,29.1,29.1,29.1,29.3,29.2,29.3,29.1,29.2,29.2,29.0,29.0,29.1,28.9,29.0,28.9,29.0,28.8,28.9,28.9,28.9,28.8,29.0,28.9,29.0,28.9,28.7,28.8,28.9,28.8,29.0,28.8,28.8,28.9,29.0,28.9,28.8,29.0,29.0,29.0,28.8,29.1,28.9,28.9,28.7,28.8,28.7,29.0,28.7,29.0,28.8,28.8,28.8,28.8,28.7,28.7,28.7,28.6,28.7,28.7,28.5,28.5,28.5,28.6,28.5,28.6,28.6
118,29.4,29.4,29.2,29.2,29.3,29.4,29.3,29.4,29.4,29.3,29.3,29.3,29.3,29.3,29.3,29.3,29.3,29.4,29.4,29.3,29.3,29.4,29.2,29.1,29.2,29.1,29.1,29.1,29.2,29.4,29.5,29.5,29.7,29.6,29.6,29.4,29.3,29.3,29.2,29.2,29.3,29.3,29.3,29.3,29.2,29.3,29.1,29.2,29.3,29.3,29.2,29.2,29.2,29.2,29.2,28.9,28.9,28.8,28.9,29.1,29.5,29.4,29.3,29.4,29.2,29.2,29.2,29.2,29.2,29.0,29.2,29.2,29.2,29.2,29.2,29.2,29.2,29.2,29.2,29.3,29.2,29.3,29.4,29.3,29.2,29.4,29.3,29.2,29.2,29.2,29.4,29.2,29.1,29.2,29.2,29.3,29.3,29.3,29.2,29.2,29.2,29.2,29.2,29.3,29.2,29.3,29.2,29.2,29.1,29.1,29.1,29.1,29.2,29.1,29.0,29.0,29.1,29.2,29.2,29.2,29.0,29.1,29.1,29.2,29.2,29.0,29.1,29.2,29.2,29.2,29.2,29.2,29.2,29.4,29.3,29.2,29.0,29.0,29.0,29.0,28.9,28.9,28.9,28.7,28.8,28.7,28.8,28.9,29.0,28.9,29.0,29.0,28.9,28.8,29.0,29.0,28.9,29.1,29.0,29.0,29.1,28.9,28.9,29.0,29.0,29.0,28.8,28.9,28.9,28.8,28.8,28.8,28.9,28.7,28.8,28.8,28.7,28.8,28.8,28.8,28.7,28.6,28.8,28.8,28.6,28.8,28.5,28.6,28.6,28.5,28.5,28.5
119,29.5,29.5,29.3,29.3,29.4,29.4,29.4,29.5,29.2,29.4,29.4,29.4,29.4,29.3,29.3,29.6,29.4,29.3,29.4,29.3,29.3,29.3,29.3,29.2,29.2,29.1,29.1,29.2,29.1,29.4,29.5,29.5,29.6,29.6,29.4,29.5,29.3,29.2,29.3,29.3,29.2,29.3,29.5,29.2,29.2,29.5,29.3,29.4,29.3,29.5,29.4,29.4,29.2,29.2,29.1,29.0,28.8,29.0,29.0,29.2,29.4,29.4,29.4,29.3,29.4,29.3,29.4,29.2,29.4,29.2,29.1,29.2,29.1,29.1,29.1,29.1,29.2,29.1,29.2,29.2,29.5,29.2,29.4,29.2,29.2,29.2,29.2,29.3,29.2,29.2,29.3,29.1,29.1,29.2,29.2,29.2,29.2,29.3,29.2,29.1,29.2,29.1,29.0,29.2,29.2,29.1,29.2,29.1,29.1,29.0,29.0,29.2,29.2,29.2,29.1,29.0,29.1,29.0,29.0,29.1,29.1,29.1,29.2,29.0,29.1,29.1,29.3,29.2,29.0,29.0,29.1,29.3,29.2,29.2,29.2,29.1,29.1,29.1,28.9,29.1,29.0,28.8,28.9,28.8,28.8,29.0,28.8,28.8,28.9,29.0,29.2,29.1,29.0,28.9,28.8,29.0,28.9,29.1,29.0,29.0,28.9,29.0,28.9,28.9,29.0,28.9,29.0,29.0,28.9,28.7,28.7,28.7,28.5,28.7,28.8,28.8,28.9,28.9,28.7,28.8,28.6,28.7,28.7,28.7,28.7,28.7,28.5,28.6,28.5,28.6,28.7,28.7
120,29.3,29.5,29.4,29.4,29.4,29.2,29.5,29.4,29.5,29.4,29.4,29.2,29.3,29.4,29.5,29.3,29.4,29.5,29.4,29.3,29.4,29.4,29.3,29.2,29.2,29.2,29.2,29.1,29.3,29.4,29.7,29.7,29.5,29.6,29.5,29.4,29.3,29.5,29.4,29.3,29.2,29.3,29.3,29.4,29.2,29.2,29.4,29.4,29.4,29.3,29.4,29.4,29.2,29.2,29.0,29.2,28.9,29.0,29.2,29.3,29.4,29.4,29.3,29.3,29.3,29.3,29.4,29.3,29.3,29.2,29.2,29.4,29.3,29.2,29.3,29.1,29.2,29.2,29.3,29.2,29.2,29.2,29.4,29.3,29.2,29.2,29.2,29.2,29.2,29.2,29.2,29.2,29.2,29.2,29.2,29.2,29.3,29.4,29.2,29.2,29.2,29.2,29.2,29.1,29.2,29.2,29.2,29.1,29.1,29.1,29.0,29.2,29.0,29.2,29.0,29.1,29.2,29.0,29.1,29.1,29.1,29.3,29.2,29.2,29.3,29.1,29.2,29.2,29.3,29.3,29.0,29.2,29.3,29.2,29.5,29.0,29.1,29.0,29.1,28.9,29.0,28.9,28.9,28.8,28.9,28.9,28.9,29.0,29.0,29.1,29.0,29.1,28.8,28.8,29.1,29.1,29.0,29.0,29.0,29.0,29.2,29.0,29.1,28.9,29.0,29.0,29.0,28.9,28.9,28.8,29.0,28.9,28.9,28.8,28.9,28.9,28.7,28.9,28.5,28.8,28.7,28.7,28.6,28.6,28.5,28.6,28.6,28.6,28.5,28.7,28.7,28.6
121,29.5,29.4,29.3,29.4,29.5,29.4,29.3,29.3,29.3,29.4,29.2,29.5,29.4,29.4,29.4,29.4,29.5,29.4,29.3,29.2,29.4,29.3,29.3,29.3,29.3,29.3,29.4,29.2,29.3,29.4,29.6,29.7,29.8,29.5,29.5,29.4,29.3,29.4,29.4,29.3,29.3,29.4,29.2,29.4,29.3,29.4,29.3,29.1,29.3,29.3,29.3,29.2,29.2,29.1,29.0,29.0,29.0,28.8,29.1,29.2,29.3,29.4,29.4,29.3,29.4,29.3,29.3,29.1,29.3,29.2,29.3,29.0,29.3,29.2,29.2,29.1,29.3,29.0,29.4,29.1,29.3,29.0,29.4,29.2,29.2,29.2,29.3,29.2,29.2,29.4,29.2,29.2,29.0,29.2,29.2,29.1,29.2,29.2,29.1,29.1,29.3,29.2,29.3,29.2,28.9,29.0,29.1,29.2,29.0,29.0,29.1,29.1,29.2,29.0,29.2,29.2,29.0,29.1,29.1,29.2,29.3,29.0,29.0,29.2,29.2,29.1,29.3,29.2,29.2,29.1,29.2,29.2,29.3,29.4,29.4,29.1,29.1,29.0,29.0,29.1,28.8,29.0,28.8,28.9,28.9,28.8,28.8,28.8,28.7,29.0,28.9,28.9,29.0,28.9,28.9,29.0,29.0,28.9,29.0,29.0,29.1,29.0,29.0,29.1,28.9,29.0,29.0,29.0,28.9,29.0,28.8,28.9,28.8,29.0,28.9,28.8,28.9,28.8,28.8,28.8,28.8,28.8,28.6,28.8,28.7,28.4,28.7,28.6,28.6,28.5,28.7,28.7
122,29.5,29.3,29.3,29.5,29.4,29.2,29.4,29.3,29.3,29.4,29.3,29.5,29.4,29.3,29.4,29.4,29.4,29.1,29.3,29.4,29.5,29.4,29.2,29.4,29.3,29.2,29.3,29.2,29.2,29.4,29.6,29.8,29.8,29.7,29.5,29.4,29.3,29.5,29.3,29.3,29.3,29.4,29.4,29.3,29.3,29.4,29.3,29.3,29.2,29.2,29.3,29.3,29.2,29.2,29.2,29.1,29.0,28.9,29.0,29.2,29.3,29.3,29.4,29.5,29.4,29.3,29.2,29.3,29.2,29.2,29.3,29.3,29.3,29.2,29.4,29.2,29.1,29.2,29.3,29.2,29.4,29.3,29.3,29.3,29.1,29.1,29.2,29.3,29.3,29.2,29.2,29.2,29.2,29.2,29.1,29.3,29.2,29.2,29.2,29.2,29.0,29.2,29.2,29.2,29.1,29.2,29.1,29.2,29.1,29.0,29.2,29.2,29.2,29.0,29.2,29.0,29.0,29.1,29.0,29.1,29.1,29.2,29.0,29.2,29.1,29.2,29.2,29.1,29.1,29.3,29.1,29.4,29.3,29.2,29.1,29.2,29.0,29.0,29.0,29.0,29.0,29.0,28.8,29.0,29.0,28.8,28.9,28.9,28.9,29.1,28.9,29.0,28.9,29.0,29.0,28.9,29.0,29.0,29.0,28.9,29.0,29.0,29.0,28.9,29.0,28.9,29.1,29.1,29.1,29.0,28.8,28.8,29.0,28.9,28.9,28.8,28.8,28.9,28.8,28.6,28.7,28.8,28.8,28.6,28.6,28.6,28.5,28.8,28.7,28.6,28.7,28.5
123,29.3,29.4,29.4,29.4,29.4,29.5,29.5,29.4,29.4,29.4,29.4,29.4,29.4,29.4,29.4,29.4,29.4,29.3,29.3,29.4,29.3,29.3,29.4,29.2,29.2,29.2,29.2,29.3,29.2,29.5,29.5,29.5,29.6,29.7,29.5,29.3,29.3,29.4,29.4,29.3,29.3,29.3,29.5,29.3,29.3,29.3,29.2,29.3,29.2,29.1,29.2,29.4,29.4,29.4,28.9,29.1,29.0,29.1,29.0,29.3,29.3,29.4,29.3,29.3,29.3,29.4,29.2,29.2,29.3,29.3,29.2,29.4,29.2,29.3,29.2,29.2,29.2,29.2,29.2,29.2,29.3,29.0,29.3,29.3,29.2,29.4,29.2,29.3,29.2,29.3,29.4,29.2,29.2,29.2,29.2,29.4,29.3,29.4,29.1,29.3,29.2,29.1,29.1,29.2,29.0,29.0,29.1,29.3,29.0,29.1,29.2,29.0,29.0,29.1,29.1,29.0,29.1,29.1,29.2,29.2,29.1,29.1,29.0,29.2,29.2,29.2,29.1,29.3,29.2,29.1,29.1,29.2,29.2,29.1,29.2,29.3,29.0,29.1,29.0,29.0,28.9,28.9,28.9,29.0,29.0,28.9,28.7,28.8,28.8,28.9,28.9,29.0,29.1,28.8,29.0,29.0,28.8,29.1,29.1,29.0,29.1,28.8,29.0,29.0,29.0,29.0,29.0,29.0,29.1,29.0,28.8,28.8,29.1,28.8,28.9,28.7,28.8,28.5,28.9,28.7,28.7,28.8,28.7,28.9,28.7,28.8,28.9,28.7,28.7,28.7,28.7,28.5
124,29.4,29.5,29.3,29.5,29.5,29.4,29.5,29.5,29.4,29.3,29.4,29.4,29.5,29.5,29.5,29.4,29.4,29.5,29.5,29.5,29.5,29.3,29.2,29.2,29.2,29.2,29.3,29.2,29.3,29.5,29.4,29.6,29.6,29.5,29.5,29.4,29.4,29.6,29.3,29.4,29.3,29.4,29.3,29.4,29.5,29.2,29.4,29.4,29.2,29.3,29.2,29.3,29.4,29.3,29.2,29.1,29.0,29.0,29.1,29.1,29.5,29.4,29.4,29.4,29.3,29.3,29.3,29.3,29.4,29.2,29.4,29.3,29.2,29.2,29.2,29.2,29.2,29.2,29.1,29.2,29.2,29.2,29.1,29.4,29.2,29.2,29.3,29.2,29.1,29.4,29.3,29.2,29.0,29.2,29.1,29.3,29.2,29.4,29.2,29.1,29.4,29.2,29.2,29.2,29.1,29.2,29.1,29.1,29.2,29.1,29.0,29.1,29.2,29.2,29.0,29.1,29.2,29.1,29.2,29.2,29.0,29.0,29.2,29.1,29.1,29.1,29.3,29.0,29.2,29.2,29.1,29.2,29.2,29.2,29.2,29.1,29.0,29.0,28.9,28.8,28.9,29.0,28.9,28.7,28.8,29.0,28.8,29.0,29.0,28.9,29.1,29.1,29.0,29.0,28.8,29.0,29.0,29.1,29.1,28.9,29.1,29.0,29.0,29.0,29.0,29.0,29.0,29.1,29.0,28.9,28.8,28.9,28.8,28.9,28.8,28.8,28.6,28.7,28.8,28.8,28.8,28.8,28.9,28.8,28.7,28.6,28.7,28.5,28.5,28.6,28.7,28.6
125,29.3,29.4,29.4,29.4,29.5,29.5,29.4,29.4,29.4,29.5,29.4,29.7,29.4,29.6,29.6,29.5,29.6,29.2,29.5,29.4,29.5,29.2,29.6,29.2,29.2,29.4,29.2,29.3,29.4,29.5,29.7,29.7,29.7,29.5,29.6,29.4,29.5,29.5,29.4,29.3,29.4,29.4,29.4,29.3,29.3,29.5,29.2,29.3,29.1,29.4,29.3,29.5,29.4,29.3,29.2,29.2,29.0,28.9,29.1,29.1,29.3,29.4,29.5,29.3,29.4,29.3,29.3,29.4,29.3,29.2,29.2,29.2,29.3,29.1,29.3,29.2,29.2,29.2,29.1,29.2,29.4,29.3,29.2,29.2,29.1,29.2,29.2,29.2,29.3,29.2,29.2,29.2,29.2,29.2,28.9,29.2,29.2,29.2,29.3,29.4,29.2,29.2,29.2,29.2,29.1,29.1,29.1,29.1,29.2,29.0,29.2,29.3,29.2,29.1,29.0,29.0,29.1,29.1,29.1,29.2,29.2,29.2,29.1,29.2,29.2,29.1,29.0,29.2,29.1,29.1,29.0,29.0,29.2,29.1,29.0,29.1,29.0,29.0,29.0,29.0,29.1,28.8,28.9,28.8,29.0,29.0,29.0,28.9,29.0,28.8,29.0,29.0,28.9,28.9,29.0,29.0,29.1,29.2,29.1,29.2,28.9,29.0,29.1,28.9,29.0,28.9,28.9,28.9,28.9,28.8,28.9,28.9,28.9,28.7,28.8,28.8,28.7,28.9,28.6,28.8,28.9,28.7,28.8,28.7,28.8,28.7,28.8,28.7,28.6,28.6,28.7,28.5
126,29.5,29.4,29.3,29.5,29.5,29.4,29.3,29.4,29.7,29.5,29.5,29.5,29.5,29.5,29.4,29.5,29.5,29.4,29.5,29.4,29.5,29.5,29.4,29.4,29.3,29.3,29.2,29.3,29.5,29.4,29.7,29.7,29.8,29.6,29.5,29.4,29.4,29.5,29.3,29.4,29.3,29.5,29.4,29.3,29.4,29.3,29.2,29.2,29.3,29.2,29.3,29.4,29.4,29.3,29.5,29.1,29.0,28.9,28.9,29.2,29.4,29.5,29.4,29.3,29.4,29.5,29.2,29.2,29.3,29.3,29.4,29.3,29.4,29.3,29.3,29.3,29.2,29.3,29.2,29.4,29.4,29.2,29.3,29.2,29.3,29.1,29.2,29.4,29.3,29.3,29.2,29.2,29.1,29.4,29.1,29.0,29.2,29.2,29.3,29.1,29.2,29.0,29.1,29.2,29.2,29.3,29.1,29.1,29.1,29.2,29.2,29.2,29.0,29.0,29.1,29.1,29.0,29.2,29.0,29.0,29.1,29.2,29.1,29.2,29.2,29.0,29.1,29.1,29.0,29.2,29.2,29.1,29.2,29.1,29.1,29.2,29.0,29.0,29.2,28.9,29.0,29.0,29.0,29.0,28.8,28.8,28.9,29.0,29.0,29.1,29.0,28.9,29.1,29.1,29.0,29.0,29.1,29.0,29.2,29.0,29.0,29.0,29.0,29.0,28.9,28.8,29.0,29.2,29.0,29.0,28.8,28.9,28.8,28.9,29.0,28.8,28.9,28.9,28.8,28.9,28.8,28.7,28.9,28.7,28.8,28.5,28.5,28.6,28.6,28.5,28.7,28.5
127,29.4,29.5,29.6,29.4,29.6,29.5,29.4,29.6,29.5,29.6,29.4,29.5,29.6,29.6,29.5,29.6,29.5,29.4,29.5,29.4,29.5,29.4,29.4,29.3,29.4,29.5,29.4,29.2,29.4,29.5,29.8,29.6,29.7,29.6,29.6,29.6,29.4,29.4,29.5,29.2,29.2,29.4,29.5,29.3,29.3,29.3,29.4,29.3,29.4,29.4,29.3,29.4,29.4,29.3,29.3,29.2,29.2,29.2,29.2,29.3,29.4,29.4,29.4,29.5,29.3,29.2,29.4,29.4,29.5,29.3,29.3,29.2,29.2,29.3,29.3,29.3,29.4,29.4,29.2,29.2,29.4,29.3,29.4,29.4,29.3,29.1,29.4,29.3,29.2,29.2,29.4,29.2,29.3,29.2,29.2,29.3,29.2,29.3,29.2,29.3,29.2,29.2,29.1,29.2,29.3,29.0,29.2,29.2,29.2,29.1,29.2,29.2,29.1,29.2,29.2,29.2,29.3,29.3,29.0,29.1,29.1,29.2,29.1,29.1,29.2,29.2,29.1,29.2,29.2,29.0,29.2,29.1,29.2,29.0,29.2,29.1,29.1,28.9,29.1,28.8,28.9,29.0,29.0,29.0,28.8,29.0,29.0,29.0,29.0,28.9,29.1,29.0,28.9,28.9,29.2,29.2,29.1,29.1,29.0,29.1,29.2,29.0,29.0,29.0,29.1,29.2,28.9,28.9,29.0,29.0,28.9,29.0,28.9,28.8,28.9,28.8,28.9,29.0,28.8,28.7,28.8,28.9,28.8,28.8,28.8,28.7,28.8,28.7,28.5,28.7,28.6,28.7
128,29.4,29.4,29.3,29.4,29.5,29.3,29.5,29.5,29.5,29.3,29.6,29.5,29.5,29.4,29.5,29.5,29.4,29.5,29.5,29.5,29.4,29.4,29.4,29.2,29.4,29.4,29.4,29.3,29.3,29.4,29.5,29.9,29.6,29.8,29.5,29.5,29.5,29.4,29.3,29.4,29.4,29.5,29.4,29.3,29.4,29.5,29.3,29.3,29.2,29.3,29.4,29.5,29.3,29.4,29.3,29.0,28.8,29.0,29.0,29.3,29.3,29.5,29.5,29.5,29.3,29.4,29.2,29.4,29.4,29.3,29.2,29.2,29.2,29.3,29.2,29.2,29.2,29.2,29.3,29.1,29.2,29.2,29.3,29.0,29.3,29.2,29.3,29.3,29.3,29.4,29.2,29.3,29.3,29.4,29.1,29.2,29.3,29.2,29.2,29.2,29.2,29.1,29.2,29.1,29.0,29.1,29.1,29.2,29.1,29.0,29.2,29.0,29.1,29.1,29.2,29.1,29.1,29.1,29.0,29.2,29.1,29.1,29.2,29.1,29.1,29.1,29.1,29.2,29.1,29.1,29.1,29.3,29.2,29.1,29.1,29.1,29.0,28.9,28.9,28.9,28.9,28.8,28.8,28.9,29.0,28.8,28.8,28.8,28.8,29.0,29.0,28.9,29.0,28.9,29.0,29.0,29.1,29.0,29.3,29.2,29.0,28.9,29.0,29.0,28.9,28.9,28.8,28.9,28.9,28.8,28.8,28.8,28.9,28.8,28.8,28.9,28.8,28.9,28.7,28.9,28.6,28.7,28.9,28.9,28.7,28.6,28.5,28.6,28.5,28.6,28.6,28.7
129,29.6,29.4,29.4,29.6,29.7,29.5,29.4,29.5,29.6,29.5,29.4,29.6,29.7,29.4,29.4,29.5,29.4,29.5,29.5,29.4,29.4,29.4,29.3,29.3,29.3,29.4,29.3,29.3,29.4,29.4,29.7,29.8,29.8,29.6,29.5,29.5,29.5,29.3,29.4,29.4,29.4,29.3,29.3,29.4,29.3,29.2,29.3,29.4,29.4,29.3,29.6,29.4,29.4,29.2,29.2,29.2,29.0,29.0,28.9,29.2,29.4,29.4,29.4,29.5,29.4,29.3,29.2,29.3,29.3,29.4,29.3,29.3,29.2,29.2,29.3,29.3,29.2,29.2,29.1,29.2,29.1,29.2,29.3,29.4,29.3,29.3,29.2,29.1,29.2,29.4,29.4,29.2,29.2,29.1,29.2,29.2,29.3,29.2,29.1,29.2,29.2,29.1,29.3,29.2,29.0,29.1,29.2,29.2,29.2,29.0,29.2,29.2,29.2,29.0,28.9,29.2,29.2,29.3,29.1,29.0,29.0,29.1,29.1,29.0,29.1,29.2,29.2,29.2,29.3,29.3,29.1,29.1,29.1,29.0,29.1,29.0,29.1,29.1,29.1,29.0,28.9,28.9,28.9,28.8,28.9,29.0,28.9,28.8,28.9,28.9,28.9,29.0,28.9,29.0,29.0,29.0,29.1,29.1,29.0,29.3,29.2,29.2,29.0,29.1,29.1,28.9,28.9,28.8,28.9,28.9,29.0,28.8,28.9,28.8,28.8,28.8,28.8,28.7,28.9,28.8,28.9,28.7,28.8,28.7,28.7,28.7,28.6,28.6,28.6,28.5,28.6,28.5
130,29.4,29.5,29.6,29.4,29.5,29.5,29.6,29.4,29.5,29.5,29.4,29.5,29.5,29.7,29.5,29.4,29.6,29.5,29.4,29.4,29.4,29.6,29.4,29.4,29.4,29.4,29.4,29.3,29.4,29.5,29.7,29.8,29.8,29.7,29.7,29.7,29.4,29.4,29.5,29.4,29.4,29.4,29.5,29.3,29.2,29.3,29.4,29.4,29.4,29.5,29.4,29.4,29.4,29.2,29.2,29.2,29.1,29.0,29.2,29.2,29.4,29.3,29.2,29.4,29.4,29.5,29.3,29.2,29.3,29.3,29.4,29.4,29.3,29.4,29.2,29.4,29.3,29.4,29.1,29.4,29.2,29.3,29.4,29.4,29.3,29.2,29.3,29.2,29.2,29.4,29.3,29.2,29.2,29.2,29.2,29.2,29.2,29.2,29.1,29.2,29.1,29.3,29.0,29.3,29.2,29.2,29.2,29.2,29.2,29.0,29.1,29.0,29.2,29.1,29.2,29.2,29.1,29.2,29.3,29.2,29.2,29.0,29.2,29.0,29.1,29.2,29.0,29.2,29.2,29.2,29.2,29.2,29.2,29.2,29.2,29.1,29.1,29.0,29.0,29.0,28.8,28.8,28.9,29.0,29.0,29.0,29.1,29.0,29.1,29.1,29.0,29.0,29.0,28.9,28.9,29.1,29.0,29.0,29.0,29.0,29.2,29.0,29.1,29.0,29.0,29.0,29.1,28.9,29.0,29.1,28.8,28.8,28.8,28.8,28.9,28.8,28.8,28.7,28.9,28.6,28.8,28.7,28.9,28.8,28.9,28.7,28.7,28.6,28.7,28.5,28.6,28.5
131,29.7,29.4,29.6,29.3,29.7,29.4,29.5,29.6,29.4,29.6,29.4,29.7,29.4,29.5,29.5,29.5,29.5,29.4,29.5,29.5,29.4,29.5,29.4,29.3,29.3,29.2,29.4,29.4,29.4,29.5,29.5,29.6,29.8,29.8,29.5,29.4,29.4,29.3,29.4,29.3,29.3,29.5,29.4,29.3,29.2,29.4,29.3,29.4,29.4,29.3,29.4,29.3,29.2,29.4,29.2,29.1,29.1,29.1,29.2,29.3,29.4,29.5,29.5,29.5,29.4,29.5,29.5,29.5,29.3,29.2,29.4,29.3,29.3,29.2,29.3,29.3,29.2,29.2,29.4,29.3,29.3,29.4,29.3,29.4,29.2,29.3,29.2,29.2,29.4,29.2,29.3,29.3,29.3,29.2,29.2,29.3,29.2,29.2,29.1,29.2,29.2,29.2,29.1,29.3,29.3,29.1,29.4,29.3,29.4,29.2,29.2,29.1,29.2,29.1,29.1,29.1,29.1,29.2,29.1,29.3,29.2,29.2,29.2,29.0,29.2,29.2,29.2,29.2,29.3,29.2,29.3,29.2,29.3,29.1,29.2,29.0,29.2,29.0,29.0,29.0,29.2,28.8,29.0,28.8,29.0,28.9,28.8,28.9,29.0,28.8,28.9,29.1,29.1,29.0,29.1,29.1,29.0,29.1,29.1,29.2,29.1,29.0,29.0,29.0,29.0,29.0,28.9,29.0,28.9,28.9,29.0,28.8,28.8,28.8,29.0,28.8,28.9,28.9,28.8,28.7,28.7,28.7,28.8,28.8,28.7,28.7,28.6,28.5,28.6,28.6,28.7,28.6
132,29.5,29.6,29.5,29.5,29.7,29.4,29.6,29.4,29.7,29.6,29.5,29.5,29.5,29.4,29.6,29.5,29.5,29.4,29.5,29.5,29.4,29.3,29.2,29.4,29.3,29.2,29.4,29.4,29.4,29.5,29.5,29.7,29.8,29.7,29.5,29.5,29.4,29.4,29.2,29.4,29.5,29.6,29.5,29.4,29.3,29.4,29.5,29.4,29.4,29.2,29.4,29.2,29.4,29.3,29.3,29.3,29.2,29.3,29.2,29.2,29.4,29.3,29.3,29.3,29.3,29.3,29.4,29.4,29.3,29.2,29.3,29.4,29.3,29.4,29.4,29.3,29.4,29.3,29.3,29.4,29.2,29.3,29.2,29.2,29.2,29.2,29.4,29.2,29.2,29.2,29.2,29.2,29.3,29.1,29.2,29.2,29.2,29.2,29.3,29.2,29.3,29.2,29.2,29.0,29.1,29.1,29.2,29.1,29.2,29.1,29.3,29.0,29.2,29.2,29.1,29.1,29.4,29.3,29.2,29.2,29.2,29.2,29.1,29.2,29.2,29.1,29.1,29.2,29.2,29.1,29.0,29.2,29.3,29.1,29.1,29.1,29.0,29.0,29.2,29.0,29.0,28.9,28.9,29.0,28.9,28.8,29.0,29.0,28.9,28.9,29.0,28.9,29.0,29.0,29.1,28.9,29.2,29.1,29.0,29.0,29.0,28.9,29.0,29.0,29.0,29.0,28.9,28.9,29.0,28.9,29.0,28.7,29.0,28.8,28.8,28.9,28.7,28.9,28.9,28.7,28.8,28.6,28.7,28.8,28.8,28.6,28.5,28.8,28.6,28.6,28.6,28.6
133,29.6,29.4,29.6,29.5,29.5,29.6,29.4,29.4,29.6,29.5,29.4,29.6,29.5,29.6,29.5,29.5,29.4,29.4,29.5,29.5,29.5,29.5,29.4,29.4,29.4,29.2,29.2,29.4,29.5,29.5,29.7,29.6,29.8,29.7,29.5,29.5,29.3,29.4,29.4,29.4,29.4,29.2,29.5,29.4,29.5,29.3,29.4,29.4,29.5,29.3,29.3,29.3,29.3,29.4,29.1,29.3,29.2,29.2,29.2,29.4,29.4,29.5,29.3,29.5,29.5,29.3,29.4,29.3,29.3,29.3,29.3,29.3,29.3,29.3,29.5,29.2,29.2,29.4,29.3,29.4,29.4,29.4,29.2,29.2,29.4,29.3,29.3,29.2,29.2,29.4,29.2,29.1,29.2,29.2,29.1,29.2,29.1,29.1,29.3,29.2,29.1,29.3,29.1,29.3,29.2,29.2,29.2,29.1,29.2,29.1,29.2,29.0,29.2,29.1,29.2,29.2,29.2,29.3,29.3,29.2,29.2,29.0,29.2,29.1,29.2,29.2,29.1,29.3,29.3,29.1,29.2,29.3,29.2,29.1,29.1,29.2,29.0,29.2,29.1,29.0,29.1,29.1,29.0,29.0,28.9,28.9,28.9,28.9,29.1,29.1,29.1,28.9,28.9,28.9,29.0,29.0,29.1,29.1,29.0,29.0,29.1,29.1,29.1,29.0,29.1,28.9,29.0,29.1,29.0,29.0,28.8,28.6,28.8,29.0,29.0,28.8,28.9,29.0,28.8,28.8,28.8,28.8,28.7,28.9,28.8,28.7,28.6,28.6,28.6,28.7,28.8,28.5
134,29.5,29.4,29.5,29.5,29.5,29.6,29.4,29.7,29.5,29.6,29.5,29.5,29.5,29.5,29.4,29.5,29.5,29.5,29.4,29.5,29.5,29.3,29.3,29.0,29.3,29.5,29.4,29.3,29.2,29.7,29.5,29.7,29.7,29.6,29.5,29.7,29.6,29.5,29.3,29.4,29.4,29.5,29.4,29.4,29.4,29.4,29.3,29.4,29.3,29.4,29.4,29.5,29.4,29.3,29.3,29.2,29.2,29.4,29.2,29.3,29.3,29.4,29.3,29.4,29.4,29.3,29.5,29.5,29.3,29.3,29.2,29.3,29.1,29.3,29.3,29.2,29.2,29.1,29.3,29.3,29.2,29.3,29.3,29.2,29.5,29.3,29.2,29.3,29.2,29.2,29.1,29.1,29.0,29.2,29.1,29.1,29.2,29.0,29.0,29.2,29.1,29.3,29.2,29.2,29.0,29.2,29.2,29.2,29.4,29.0,29.2,29.3,29.1,29.0,29.1,29.1,29.0,29.0,29.2,29.2,29.0,29.2,29.1,29.1,29.1,29.1,29.1,29.2,29.2,29.3,29.3,29.2,29.3,29.2,29.2,29.2,29.2,29.0,29.0,29.2,29.0,29.0,28.9,28.8,28.9,28.9,28.9,28.9,29.1,28.8,28.9,28.9,28.9,28.8,29.1,29.0,29.0,29.0,29.2,29.1,29.1,29.0,29.1,29.0,29.0,29.0,28.9,28.9,28.9,28.9,28.8,28.9,28.8,28.8,28.8,29.0,29.0,28.7,28.7,28.8,28.9,28.5,28.8,28.6,28.8,28.6,28.8,28.6,28.8,28.6,28.6,28.6
135,29.5,29.4,29.3,29.5,29.6,29.3,29.6,29.5,29.6,29.4,29.5,29.4,29.4,29.4,29.4,29.5,29.4,29.4,29.4,29.4,29.4,29.4,29.4,29.4,29.2,29.2,29.1,29.3,29.3,29.4,29.6,29.6,29.6,29.7,29.5,29.6,29.5,29.7,29.6,29.6,29.6,29.5,29.5,29.4,29.5,29.4,29.4,29.3,29.3,29.5,29.4,29.3,29.5,29.5,29.3,29.4,29.4,29.3,29.3,29.4,29.5,29.4,29.4,29.4,29.5,29.5,29.5,29.4,29.4,29.4,29.4,29.4,29.4,29.4,29.3,29.5,29.4,29.3,29.3,29.3,29.4,29.4,29.4,29.2,29.2,29.1,29.3,29.2,29.3,29.3,29.2,29.2,29.2,29.2,29.1,29.2,29.2,29.2,29.2,29.2,29.2,29.2,29.3,29.4,29.3,29.2,29.2,29.2,29.2,29.2,29.2,29.1,29.1,29.1,29.2,29.1,29.1,29.2,29.1,29.2,29.2,29.2,29.3,29.2,29.2,29.1,29.1,29.2,29.2,29.2,29.2,29.1,29.2,29.2,29.0,29.1,29.1,29.0,29.0,29.0,29.0,28.9,28.9,28.9,29.0,28.9,28.9,28.9,29.0,28.9,29.1,29.1,28.8,28.9,29.0,29.1,28.9,29.3,29.0,29.1,29.1,29.2,29.1,29.0,29.0,29.0,29.0,29.1,29.1,28.9,28.8,28.9,29.0,29.0,29.0,28.8,28.9,28.8,28.7,28.6,28.7,28.6,28.7,28.6,28.8,28.7,28.6,28.6,28.6,28.6,28.7,28.6
136,29.5,29.5,29.4,29.5,29.5,29.6,29.6,29.5,29.5,29.5,29.5,29.6,29.4,29.5,29.5,29.6,29.5,29.5,29.5,29.5,29.3,29.4,29.5,29.5,29.4,29.4,29.4,29.4,29.4,29.5,29.6,29.6,29.9,29.9,29.7,29.9,29.9,29.9,29.7,29.7,29.5,29.4,29.6,29.5,29.3,29.3,29.4,29.3,29.4,29.4,29.6,29.4,29.4,29.5,29.4,29.4,29.3,29.2,29.4,29.2,29.5,29.4,29.5,29.6,29.5,29.6,29.5,29.7,29.6,29.6,29.5,29.5,29.4,29.4,29.4,29.3,29.3,29.2,29.5,29.2,29.3,29.4,29.3,29.3,29.4,29.2,29.3,29.3,29.3,29.3,29.1,29.1,29.1,29.2,29.2,29.4,29.3,29.3,29.4,29.2,29.3,29.1,29.4,29.1,29.4,29.2,29.2,29.1,29.2,29.2,29.2,29.2,29.2,29.2,29.3,29.0,29.1,29.2,29.1,29.1,29.2,29.1,29.2,29.2,29.2,29.1,29.2,29.3,29.2,29.2,29.2,29.0,29.4,29.2,29.2,29.2,29.0,29.0,29.2,28.9,29.0,29.0,28.9,29.0,28.9,28.8,28.9,29.1,29.0,29.0,29.0,28.8,29.0,28.9,29.0,29.0,29.0,29.1,29.2,29.1,29.1,29.0,29.0,29.0,29.2,29.0,28.9,29.0,29.0,28.8,29.0,28.8,28.8,28.9,28.9,28.8,28.9,28.8,28.7,28.9,28.8,28.7,28.7,28.5,28.6,28.6,28.7,28.9,28.6,28.6,28.6,28.5
137,29.5,29.5,29.4,29.4,29.6,29.5,29.5,29.5,29.4,29.4,29.5,29.4,29.5,29.5,29.4,29.5,29.5,29.5,29.5,29.5,29.3,29.4,29.3,29.4,29.4,29.5,29.2,29.3,29.4,29.4,29.5,29.6,29.9,29.9,29.8,29.9,29.9,29.9,29.9,29.8,29.7,29.5,29.4,29.3,29.5,29.4,29.4,29.2,29.4,29.4,29.3,29.4,29.4,29.5,29.4,29.6,29.4,29.4,29.5,29.5,29.3,29.3,29.6,29.6,29.7,29.7,29.8,29.7,29.7,29.8,29.6,29.7,29.5,29.5,29.5,29.3,29.4,29.4,29.4,29.3,29.5,29.3,29.3,29.2,29.3,29.3,29.4,29.3,29.3,29.4,29.5,29.2,29.1,29.1,29.2,29.0,29.3,29.3,29.3,29.2,29.1,29.1,29.2,29.2,29.1,29.2,29.2,29.2,29.3,29.2,29.2,29.2,29.2,29.1,29.2,29.3,29.1,29.2,29.2,29.1,29.2,29.1,29.0,29.1,29.0,29.0,29.1,29.2,29.2,29.1,29.2,29.1,29.1,29.2,29.2,29.2,29.2,29.1,29.1,29.1,28.9,29.0,28.9,28.9,28.8,28.9,28.9,29.0,29.0,29.1,29.1,29.0,29.1,29.0,29.1,29.0,29.1,29.0,29.0,29.1,29.2,29.0,29.1,28.9,29.1,28.8,29.0,29.0,29.0,28.9,29.0,28.9,28.9,28.8,28.8,28.8,28.7,28.8,28.9,28.8,28.8,28.8,28.8,28.8,28.6,28.7,28.5,28.6,28.5,28.7,28.7,28.6
138,29.4,29.3,29.3,29.4,29.5,29.5,29.5,29.4,29.5,29.4,29.3,29.5,29.5,29.4,29.5,29.6,29.4,29.4,29.4,29.5,29.4,29.5,29.5,29.3,29.4,29.4,29.4,29.2,29.4,29.6,29.6,29.7,29.8,29.8,29.9,29.9,29.9,29.9,29.8,29.9,29.8,29.5,29.5,29.5,29.4,29.5,29.5,29.5,29.5,29.5,29.3,29.4,29.4,29.4,29.4,29.4,29.4,29.4,29.5,29.5,29.4,29.5,29.5,29.7,29.8,29.9,29.9,29.8,29.9,29.8,30.0,29.9,29.9,29.9,29.6,29.5,29.3,29.3,29.4,29.4,29.5,29.4,29.3,29.2,29.2,29.3,29.2,29.3,29.2,29.4,29.2,29.2,29.2,29.3,29.3,29.2,29.1,29.2,29.2,29.0,29.2,29.2,29.2,29.3,29.2,29.2,29.2,29.2,29.1,29.1,29.0,29.2,29.2,29.1,29.2,29.1,29.3,29.0,29.2,29.1,29.0,29.1,29.2,29.1,29.1,29.1,29.2,29.2,29.1,29.0,29.2,29.2,29.2,29.2,29.2,29.1,29.1,28.9,29.0,29.2,28.9,29.0,29.0,29.1,29.0,28.8,29.0,29.1,29.1,29.0,29.0,28.8,28.9,29.1,29.1,29.0,29.0,29.1,29.1,29.1,29.1,28.7,29.2,28.8,29.0,28.9,29.0,29.0,28.9,29.1,29.1,28.8,28.8,29.0,28.8,28.8,28.9,28.9,28.8,28.8,28.9,28.6,28.8,28.7,28.6,28.7,28.7,28.5,28.6,28.7,28.6,28.6
139,29.2,29.2,29.3,29.3,29.4,29.5,29.3,29.4,29.3,29.4,29.5,29.3,29.4,29.4,29.4,29.5,29.5,29.4,29.5,29.5,29.5,29.6,29.4,29.5,29.4,29.4,29.5,29.4,29.4,29.5,29.6,29.8,29.9,29.9,30.1,29.9,30.0,30.1,30.0,29.7,29.7,29.6,29.4,29.3,29.5,29.5,29.4,29.3,29.4,29.4,29.4,29.4,29.4,29.4,29.3,29.4,29.5,29.5,29.4,29.4,29.6,29.6,29.6,29.7,29.9,29.9,30.1,30.1,30.0,30.2,30.0,30.1,30.0,30.0,29.8,29.5,29.6,29.4,29.3,29.3,29.3,29.3,29.2,29.3,29.2,29.4,29.2,29.2,29.2,29.2,29.2,29.1,29.2,29.1,29.1,29.1,29.0,29.2,29.2,29.2,29.2,29.1,29.2,29.2,29.3,29.1,29.0,29.2,29.0,29.2,29.1,29.2,29.2,29.0,29.1,29.2,29.1,29.2,29.2,29.1,29.1,28.9,29.3,29.1,29.2,29.0,29.2,29.2,29.2,29.2,29.1,29.3,29.1,29.2,29.1,29.1,29.2,29.1,29.1,29.0,28.9,28.9,29.0,28.9,28.7,29.0,28.8,29.0,29.0,29.0,29.1,29.0,28.9,29.0,28.9,29.0,28.9,29.0,29.0,28.9,29.1,28.8,29.0,29.1,28.9,28.9,29.0,29.0,29.1,28.9,28.9,28.9,28.9,29.0,28.8,28.8,29.0,29.0,29.0,28.7,28.8,28.8,28.8,28.7,28.9,28.7,28.6,28.6,28.7,28.6,28.8,28.8
140,29.0,29.1,29.1,29.3,29.2,29.2,29.1,29.2,29.2,29.3,29.3,29.3,29.3,29.2,29.3,29.2,29.3,29.5,29.5,29.4,29.5,29.4,29.3,29.3,29.3,29.4,29.2,29.4,29.3,29.4,29.6,29.6,29.9,29.7,29.8,29.8,29.9,29.9,29.7,29.9,29.8,29.5,29.4,29.4,29.4,29.4,29.5,29.4,29.4,29.4,29.4,29.5,29.3,29.3,29.3,29.4,29.4,29.5,29.5,29.4,29.4,29.5,29.5,29.7,29.8,29.9,29.9,29.9,29.8,29.9,29.9,30.0,29.8,29.7,29.7,29.3,29.4,29.3,29.3,29.3,29.2,29.2,29.3,29.1,29.1,29.1,29.1,29.2,29.0,29.1,29.1,29.1,29.0,29.1,29.0,29.1,29.0,29.1,29.0,29.1,29.0,29.2,29.1,29.0,29.2,29.0,29.2,29.0,29.1,29.0,29.0,29.1,28.9,29.1,29.0,29.1,29.1,28.9,28.8,29.0,29.1,29.0,29.0,29.1,29.1,29.3,29.2,29.2,29.1,29.1,29.0,28.9,29.0,29.0,29.0,29.1,29.0,28.9,28.8,29.0,29.0,29.0,28.8,29.0,28.9,28.8,28.9,29.0,29.0,28.9,29.0,29.0,28.9,28.9,28.9,29.1,29.0,29.1,29.0,29.1,29.0,29.0,29.1,28.9,28.9,29.1,28.7,29.0,28.9,28.9,28.9,28.9,28.9,28.9,28.7,28.8,28.8,28.8,28.8,28.7,28.6,28.8,28.6,28.5,28.6,28.7,28.5,28.6,28.7,28.6,28.6,28.5
141,29.0,29.1,29.1,29.3,29.3,29.2,29.1,29.0,29.2,29.1,29.3,29.3,29.4,29.2,29.2,29.3,29.1,29.2,29.2,29.4,29.3,29.2,29.3,29.2,29.2,29.2,29.2,29.4,29.3,29.5,29.5,29.6,29.8,29.7,29.8,29.8,29.9,30.0,29.8,29.7,29.6,29.6,29.4,29.3,29.4,29.3,29.4,29.4,29.4,29.3,29.4,29.4,29.3,29.3,29.3,29.4,29.4,29.7,29.5,29.4,29.3,29.5,29.5,29.6,29.5,30.0,29.8,29.9,29.6,29.7,29.8,29.8,29.7,29.6,29.5,29.5,29.2,29.3,29.4,29.3,29.4,29.3,29.3,29.2,29.1,29.1,29.1,29.2,29.3,29.1,29.1,29.1,29.1,29.1,29.0,29.1,29.1,29.2,29.3,29.3,29.2,29.2,29.2,29.1,29.2,29.2,29.0,29.1,29.1,29.2,29.1,29.0,29.1,29.1,29.0,29.0,29.1,29.2,29.2,29.1,29.1,29.0,29.0,29.1,29.3,29.1,29.1,29.2,29.0,29.1,29.2,29.2,29.2,29.1,29.2,29.0,29.0,29.0,29.0,29.0,29.0,28.8,28.9,28.8,29.0,29.0,29.0,28.9,28.9,29.0,29.2,29.0,29.0,29.0,28.9,29.0,29.0,29.1,29.0,29.0,29.1,29.0,29.0,29.1,29.0,29.1,29.0,29.0,28.7,28.9,28.8,28.8,28.6,28.9,28.7,28.7,28.8,28.7,28.7,28.8,28.8,28.8,28.9,28.8,28.7,28.6,28.8,28.7,28.4,28.6,28.6,28.7
142,29.0,28.9,29.1,29.1,29.1,29.0,29.0,29.2,29.1,29.2,29.1,29.1,29.0,29.1,29.1,29.0,29.0,29.2,29.1,29.2,29.2,29.0,29.0,29.1,29.2,29.1,29.1,29.2,29.2,29.3,29.4,29.5,29.7,29.7,29.8,29.8,29.9,29.8,29.6,29.7,29.6,29.5,29.4,29.3,29.2,29.3,29.3,29.4,29.4,29.3,29.3,29.4,29.3,29.3,29.3,29.3,29.5,29.5,29.5,29.4,29.6,29.5,29.6,29.5,29.5,29.5,29.6,29.6,29.6,29.5,29.6,29.6,29.3,29.4,29.5,29.4,29.2,29.3,29.3,29.3,29.3,29.4,29.2,29.2,29.3,29.1,29.1,29.1,29.1,29.1,29.2,29.3,29.2,29.2,29.2,29.2,29.2,29.1,29.2,29.2,29.2,29.1,29.2,29.3,29.0,29.2,29.0,29.2,29.1,29.0,29.2,29.1,29.1,29.1,29.1,29.2,29.2,28.9,29.0,29.1,29.2,29.1,29.0,29.2,29.0,29.0,29.3,29.2,29.3,29.0,29.1,29.2,29.4,29.1,29.1,29.2,29.0,29.2,29.0,29.0,29.0,29.0,29.1,29.0,28.9,29.0,28.8,29.0,29.1,29.1,29.1,29.1,28.9,29.0,28.9,28.9,29.1,28.9,29.1,29.2,28.9,28.9,29.1,29.0,29.0,29.0,28.9,28.9,28.9,29.0,28.9,28.8,29.0,28.9,28.8,28.8,28.9,28.8,28.8,28.8,28.7,28.7,28.8,28.6,28.7,28.8,28.6,28.5,28.6,28.5,28.6,28.4
143,29.0,29.2,29.1,29.1,29.1,29.1,29.0,29.1,29.2,29.0,29.0,29.0,29.2,29.2,29.1,29.2,29.0,28.9,29.2,29.2,29.0,29.1,28.9,29.0,29.3,29.1,28.9,29.0,29.3,29.2,29.5,29.6,29.7,29.7,29.6,29.7,29.8,29.9,29.7,29.6,29.6,29.6,29.4,29.4,29.3,29.2,29.3,29.3,29.2,29.2,29.2,29.2,29.2,29.4,29.2,29.4,29.4,29.3,29.4,29.4,29.5,29.3,29.5,29.4,29.4,29.4,29.5,29.4,29.5,29.5,29.4,29.5,29.3,29.3,29.4,29.3,29.2,29.2,29.0,29.2,29.2,29.3,29.2,29.4,29.2,29.2,29.0,29.2,29.1,29.1,29.1,29.2,29.1,29.2,29.0,29.2,29.1,29.2,29.2,29.2,29.1,29.2,29.3,29.2,29.1,29.3,29.0,29.1,29.3,29.1,29.2,29.2,29.2,29.1,29.0,29.3,29.2,29.1,29.2,29.0,29.1,29.0,29.1,29.0,29.2,29.2,29.3,29.3,29.3,29.2,29.1,29.2,29.2,29.1,29.1,29.1,29.0,29.0,28.9,29.0,29.1,29.1,29.0,28.9,28.9,29.1,29.0,29.1,28.9,29.0,29.0,29.2,29.2,29.0,29.0,29.0,29.1,29.1,29.1,29.2,29.1,29.0,29.2,29.0,29.1,29.0,29.0,29.0,28.9,28.9,28.9,28.9,28.6,28.9,29.0,28.9,28.9,28.7,28.8,28.8,28.6,28.7,28.8,28.9,28.8,28.6,28.7,28.8,28.7,28.7,28.6,28.6
144,29.1,29.0,29.0,29.3,29.1,29.1,29.1,29.0,29.1,29.1,29.0,29.0,29.1,29.2,29.0,29.2,29.0,29.1,29.2,29.2,29.0,29.2,29.0,29.1,29.0,29.0,29.0,29.0,29.0,29.3,29.4,29.5,29.5,29.7,29.5,29.5,29.5,29.5,29.4,29.5,29.4,29.4,29.2,29.3,29.3,29.2,29.1,29.1,29.2,29.2,29.0,29.3,29.1,29.1,29.1,29.2,29.4,29.3,29.4,29.3,29.2,29.4,29.4,29.5,29.4,29.3,29.4,29.4,29.4,29.4,29.5,29.2,29.5,29.5,29.3,29.4,29.2,29.2,29.4,29.4,29.2,29.2,29.4,29.3,29.2,29.3,29.2,29.4,29.3,29.3,29.2,29.2,29.2,29.3,29.4,29.1,29.2,29.4,29.3,29.2,29.1,29.0,29.2,29.3,29.3,29.2,29.2,29.1,29.2,29.1,29.2,29.3,29.2,29.1,29.4,29.1,29.2,29.2,29.2,29.1,29.1,29.1,29.2,29.1,29.2,29.3,29.2,29.3,29.1,29.2,29.2,29.2,29.2,29.2,29.3,29.1,29.0,29.0,29.0,29.0,29.1,29.1,29.0,28.9,29.0,29.0,28.9,29.0,29.0,29.0,29.1,29.0,29.1,29.3,29.2,29.1,29.0,29.0,29.2,29.1,29.0,29.0,29.0,29.0,29.0,29.0,28.9,29.0,29.0,29.0,28.8,28.9,28.9,28.9,28.9,28.8,28.8,28.9,28.8,28.9,28.8,28.7,28.7,28.7,28.7,28.6,28.7,28.6,28.6,28.7,28.8,28.7
145,29.1,29.1,29.2,29.1,29.2,29.1,29.0,28.9,29.2,29.2,29.2,29.1,29.0,29.2,29.3,29.0,29.1,29.1,29.2,29.1,29.2,29.1,29.1,29.1,29.2,29.1,29.0,29.2,29.2,29.2,29.4,29.3,29.6,29.5,29.4,29.4,29.5,29.6,29.5,29.4,29.5,29.3,29.3,29.2,29.2,29.3,29.3,29.0,28.9,29.2,29.1,29.1,29.3,29.2,29.2,29.2,29.3,29.1,29.1,29.2,29.2,29.4,29.3,29.5,29.5,29.4,29.3,29.4,29.2,29.3,29.4,29.4,29.3,29.3,29.3,29.4,29.3,29.3,29.3,29.1,29.1,29.4,29.2,29.5,29.3,29.3,29.3,29.3,29.3,29.4,29.4,29.3,29.1,29.2,29.1,29.2,29.1,29.2,29.2,29.2,29.2,29.4,29.3,29.2,29.3,29.3,29.0,29.2,29.1,29.2,29.3,29.2,29.2,29.1,29.2,29.3,29.2,29.1,29.2,29.2,29.1,29.2,29.2,29.0,29.2,29.2,29.2,29.1,29.3,29.2,29.2,29.2,29.2,29.2,29.0,29.2,29.2,29.1,29.0,29.1,29.2,29.0,29.0,29.0,29.1,28.9,28.9,28.8,28.9,29.1,29.1,29.1,29.0,29.0,29.1,29.1,29.3,29.1,29.2,29.0,29.1,29.1,29.2,29.2,29.1,29.1,29.0,29.0,29.1,29.0,29.0,28.9,28.9,29.1,29.1,28.9,28.9,28.9,28.8,28.8,28.9,28.7,28.9,28.6,28.7,28.6,28.8,28.8,28.7,28.8,28.7,28.6
146,29.3,29.0,29.0,29.0,29.2,29.2,29.0,29.2,29.1,29.1,29.1,29.0,29.1,29.1,29.2,29.2,29.2,29.0,29.2,29.2,29.2,29.1,29.2,29.0,29.0,28.8,29.1,29.2,29.2,29.3,29.4,29.5,29.5,29.6,29.6,29.7,29.5,29.6,29.6,29.6,29.5,29.5,29.6,29.3,29.2,29.2,29.0,29.0,29.0,29.0,29.2,29.1,29.0,29.2,29.0,29.1,29.1,29.2,29.1,29.1,29.2,29.4,29.5,29.4,29.3,29.3,29.3,29.3,29.4,29.2,29.5,29.2,29.2,29.3,29.3,29.4,29.2,29.2,29.2,29.3,29.3,29.2,29.2,29.3,29.2,29.2,29.2,29.3,29.4,29.3,29.3,29.2,29.1,29.2,29.3,29.1,29.2,29.2,29.2,29.2,29.2,29.1,29.2,29.2,29.2,29.1,29.2,29.0,29.1,29.3,29.2,29.1,29.1,29.1,29.1,29.2,29.2,29.0,29.1,29.0,29.1,29.1,29.2,29.1,29.1,29.1,29.2,29.2,29.1,29.2,29.1,29.2,29.0,29.2,29.1,29.2,29.1,28.9,29.0,28.9,29.0,29.0,29.0,29.0,29.0,28.9,28.9,28.9,29.0,28.9,29.1,29.1,29.0,29.0,29.0,29.1,29.2,29.1,29.1,29.0,29.2,29.0,29.2,29.0,29.1,28.9,29.0,29.2,29.0,28.9,29.0,28.8,28.9,28.8,28.8,28.9,28.8,28.9,28.8,28.9,28.8,28.8,28.8,28.8,28.6,28.5,28.7,28.8,28.7,28.5,28.8,28.7
147,29.1,29.1,29.0,29.0,29.0,29.0,29.1,29.2,29.2,29.0,29.1,29.1,29.1,29.0,29.1,29.0,29.1,29.0,29.1,29.2,29.2,29.2,29.1,29.1,29.1,29.0,28.9,29.2,29.2,29.4,29.5,29.7,29.7,29.8,29.7,29.8,29.8,29.9,29.8,29.7,29.6,29.6,29.7,29.5,29.4,29.2,29.0,29.0,29.0,29.2,29.0,29.1,29.0,29.1,29.0,29.2,28.9,29.0,29.2,29.2,29.1,29.2,29.4,29.4,29.4,29.3,29.2,29.2,29.2,29.3,29.4,29.3,29.2,29.4,29.3,29.2,29.4,29.2,29.2,29.3,29.1,29.4,29.1,29.2,29.2,29.2,29.3,29.4,29.3,29.3,29.3,29.2,29.2,29.2,29.3,29.2,29.2,29.2,29.3,29.2,29.3,29.2,29.1,29.3,29.2,29.2,29.2,29.1,29.2,29.0,29.0,29.0,29.0,29.0,29.0,28.9,29.1,29.1,29.2,29.2,29.0,29.3,29.1,29.0,29.0,29.1,29.0,29.2,29.0,29.2,29.2,29.1,29.2,29.1,29.2,29.2,29.0,29.0,29.1,29.1,29.0,28.9,28.9,29.1,29.0,28.9,29.0,29.0,28.9,28.9,29.0,28.9,29.0,29.0,28.9,29.1,28.9,29.1,29.1,29.1,28.9,29.0,29.1,28.9,29.0,29.1,28.9,29.0,29.1,29.0,28.9,28.9,28.9,28.9,28.9,28.9,28.9,28.8,28.9,28.9,28.8,28.7,28.8,28.8,28.6,28.8,28.8,28.8,28.8,28.6,28.7,28.7
148,29.1,29.2,29.1,29.1,29.1,29.1,29.1,29.1,29.2,29.0,29.1,29.2,29.1,29.1,29.2,29.1,29.2,29.1,29.1,29.1,29.0,29.1,29.0,29.2,29.1,29.3,29.2,29.2,29.2,29.5,29.5,29.6,29.8,29.7,29.6,29.9,29.9,29.9,29.7,29.7,29.8,29.9,29.8,29.5,29.5,29.1,29.2,29.1,29.0,29.1,29.2,29.0,29.1,29.1,29.1,29.2,29.0,29.1,29.2,29.2,29.2,29.3,29.3,29.5,29.4,29.3,29.2,29.3,29.2,29.4,29.4,29.2,29.2,29.3,29.4,29.2,29.2,29.1,29.3,29.4,29.3,29.3,29.2,29.3,29.2,29.2,29.3,29.2,29.3,29.3,29.3,29.4,29.2,29.1,29.1,29.3,29.2,29.3,29.2,29.2,29.2,29.2,29.2,29.2,29.3,29.2,29.2,29.2,29.1,29.2,29.1,29.1,29.0,29.1,29.0,29.1,29.0,29.0,29.1,29.0,29.0,28.9,29.1,29.1,29.0,29.1,29.2,29.3,29.2,29.3,29.2,29.2,29.2,29.0,29.2,29.2,29.1,29.2,29.1,29.0,29.0,29.1,29.0,29.0,29.0,28.9,29.0,28.8,29.1,29.1,29.2,29.0,29.0,29.1,29.1,29.2,29.0,29.1,29.2,29.1,29.1,29.1,29.1,28.9,29.0,29.2,29.1,28.9,29.0,29.0,28.8,28.9,28.9,29.1,28.8,28.8,28.8,28.9,28.7,28.8,28.8,28.7,28.8,28.6,28.7,28.5,28.7,28.6,28.8,28.6,28.6,28.7
149,29.1,29.2,29.0,29.1,29.2,29.1,29.1,29.1,29.0,29.1,29.2,29.1,29.1,29.1,29.1,29.1,29.1,29.0,29.1,29.1,29.1,29.1,29.2,29.1,29.2,29.2,29.2,29.3,29.2,29.5,29.7,29.7,29.7,29.8,29.7,29.9,29.8,29.8,29.7,29.7,29.8,29.5,29.7,29.5,29.4,29.3,29.2,29.1,29.1,29.2,29.0,29.1,29.1,29.2,29.3,29.1,29.0,29.2,29.2,29.1,29.2,29.4,29.2,29.4,29.6,29.5,29.2,29.4,29.3,29.2,29.3,29.3,29.3,29.2,29.2,29.3,29.2,29.2,29.2,29.1,29.3,29.1,29.2,29.2,29.3,29.2,29.2,29.4,29.4,29.4,29.2,29.2,29.3,29.2,29.2,29.2,29.2,29.2,29.2,29.2,29.3,29.3,29.2,29.2,29.4,29.2,29.1,29.2,29.1,29.1,29.2,29.2,29.0,29.2,29.0,29.1,29.0,29.1,29.1,29.1,29.0,29.0,29.1,29.1,29.2,29.2,29.1,29.3,29.2,29.2,29.3,29.2,29.3,29.2,29.3,29.2,29.1,29.1,29.1,29.1,29.2,28.9,29.0,29.0,29.0,29.1,29.0,29.2,29.0,29.0,29.1,29.0,29.0,29.0,29.0,29.0,29.0,29.1,29.2,29.1,29.1,29.0,29.0,28.8,29.0,28.9,28.9,28.9,29.0,28.9,28.9,28.7,28.9,28.9,29.0,28.8,28.8,28.9,28.8,28.8,28.7,28.9,28.9,28.8,28.7,28.9,28.6,28.7,28.5,28.5,28.6,28.6
150,29.1,29.2,29.1,29.2,29.1,29.2,29.0,29.1,29.0,29.0,29.0,29.1,29.1,29.1,29.1,29.1,29.2,29.1,29.1,29.1,29.1,29.1,29.2,29.2,29.2,29.2,29.2,29.2,29.3,29.4,29.7,29.7,29.8,29.7,29.7,29.8,29.8,29.8,29.7,29.8,29.7,29.7,29.5,29.4,29.4,29.3,29.2,29.2,29.2,29.2,29.2,29.2,29.2,29.2,29.2,29.2,29.2,29.2,29.2,29.2,29.3,29.4,29.4,29.5,29.5,29.4,29.5,29.2,29.3,29.3,29.3,29.3,29.3,29.3,29.3,29.2,29.2,29.2,29.2,29.3,29.2,29.3,29.2,29.3,29.2,29.2,29.4,29.4,29.4,29.4,29.2,29.2,29.2,29.2,29.2,29.2,29.2,29.1,29.1,29.2,29.2,29.3,29.2,29.2,29.2,29.1,29.1,29.1,29.2,29.2,29.2,29.2,29.2,29.1,29.0,29.1,29.0,29.1,29.1,29.1,29.0,29.1,29.0,29.1,29.1,29.1,29.3,29.3,29.2,29.2,29.2,29.2,29.2,29.2,29.2,29.1,29.1,29.1,29.1,29.1,29.1,29.0,29.0,29.0,29.1,29.0,29.1,29.1,29.0,29.0,29.0,29.0,29.0,29.0,29.0,29.1,28.9,29.2,29.1,29.1,29.0,29.1,29.0,29.0,29.0,28.9,28.9,28.9,28.9,28.9,28.9,28.9,28.9,29.0,29.0,28.9,28.8,28.8,28.7,28.7,28.7,28.7,28.8,28.7,28.8,28.7,28.6,28.7,28.6,28.6,28.6,28.6
151,29.1,29.2,29.2,29.2,29.3,29.0,29.1,29.2,29.1,29.2,29.0,29.0,29.1,29.1,29.3,29.2,29.2,29.3,29.2,29.1,29.1,29.3,29.2,29.3,29.2,29.2,29.2,29.2,29.2,29.3,29.7,29.7,29.9,29.9,29.7,30.0,29.8,30.0,29.8,29.7,29.6,29.7,29.4,29.4,29.4,29.3,29.2,29.2,29.5,29.3,29.4,29.2,29.2,29.3,29.2,29.3,29.2,29.2,29.2,29.2,29.4,29.5,29.5,29.5,29.5,29.4,29.4,29.5,29.3,29.4,29.2,29.4,29.4,29.4,29.3,29.3,29.2,29.1,29.3,29.2,29.2,29.0,29.3,29.4,29.2,29.4,29.4,29.4,29.4,29.2,29.4,29.3,29.2,29.1,29.1,29.2,29.3,29.1,29.0,29.1,29.2,29.1,29.3,29.2,29.2,29.3,29.2,29.3,29.2,29.2,29.2,29.2,29.2,29.0,29.2,29.1,29.0,29.1,29.1,29.0,29.1,29.1,28.9,29.0,29.1,29.2,29.2,29.3,29.4,29.2,29.2,29.3,29.2,29.2,29.1,29.3,29.0,29.2,29.2,29.2,29.0,29.0,28.9,29.1,29.0,28.8,29.1,29.0,29.1,29.1,29.0,29.2,29.0,29.0,29.2,29.1,29.1,28.9,29.1,29.0,29.2,28.9,29.1,29.0,29.1,29.0,29.1,29.0,28.9,28.9,28.9,28.8,28.8,29.0,29.0,29.0,28.8,29.0,28.7,28.8,28.7,28.7,28.8,28.7,28.8,28.8,28.7,28.7,28.7,28.6,28.6,28.6
152,28.9,29.1,29.1,29.2,29.1,29.2,29.4,29.0,29.2,29.1,29.1,29.0,29.2,29.2,29.0,29.1,29.1,29.0,29.2,29.3,29.1,29.3,29.1,29.2,29.2,29.3,29.2,29.3,29.4,29.5,29.5,29.6,29.7,29.9,29.7,29.8,30.0,30.1,29.9,29.9,29.8,29.5,29.5,29.5,29.4,29.3,29.4,29.5,29.3,29.4,29.5,29.3,29.2,29.2,29.3,29.2,29.2,29.2,29.4,29.3,29.3,29.3,29.4,29.5,29.4,29.3,29.3,29.3,29.2,29.3,29.4,29.3,29.2,29.2,29.2,29.2,29.2,29.2,29.2,29.1,29.1,29.2,29.3,29.2,29.1,29.2,29.3,29.3,29.5,29.4,29.3,29.3,29.2,29.3,29.0,29.1,29.2,29.2,29.0,29.2,29.1,29.2,29.2,29.3,29.2,29.1,29.1,29.2,29.2,29.2,29.2,29.1,29.1,29.1,29.2,28.9,28.9,29.1,29.1,29.1,29.0,29.2,29.0,29.0,29.0,29.1,29.2,29.2,29.1,29.3,29.2,29.3,29.2,29.1,29.3,29.3,29.0,29.1,29.2,29.1,29.2,29.0,29.0,28.9,29.2,29.1,29.1,28.9,29.1,29.0,29.2,29.0,29.0,29.2,29.0,29.2,29.1,29.2,29.1,29.1,29.0,28.9,29.1,29.1,29.0,29.0,28.9,29.0,28.9,29.0,29.0,28.8,28.9,29.0,28.9,28.8,29.0,28.8,28.7,28.8,28.9,28.7,28.8,28.9,28.8,28.8,28.5,28.8,28.5,28.6,28.7,28.7
153,29.4,29.1,29.1,29.2,29.4,29.3,29.3,29.3,29.3,29.4,29.3,29.4,29.4,29.4,29.3,29.5,29.3,29.2,29.5,29.4,29.3,29.3,29.2,29.3,29.4,29.5,29.5,29.3,29.4,29.6,29.6,30.0,30.0,30.0,29.9,29.9,30.1,30.1,29.9,30.0,29.7,29.5,29.5,29.5,29.5,29.5,29.8,29.4,29.5,29.4,29.5,29.3,29.2,29.3,29.4,29.3,29.2,29.4,29.2,29.3,29.3,29.4,29.4,29.5,29.3,29.3,29.1,29.4,29.2,29.2,29.4,29.3,29.2,29.2,29.3,29.2,29.1,29.2,29.1,29.2,29.1,29.1,29.2,29.2,29.2,29.2,29.3,29.3,29.4,29.5,29.3,29.2,29.2,29.1,29.2,29.2,29.0,29.2,29.2,29.2,29.1,29.2,29.2,29.3,29.1,29.1,29.1,29.2,29.3,29.1,29.3,29.3,29.3,29.1,29.3,29.0,28.9,29.2,29.1,29.1,29.0,29.0,28.9,28.9,29.0,29.0,29.1,29.3,29.2,29.2,29.4,29.1,29.2,29.2,29.2,29.2,29.1,29.0,29.2,29.2,29.2,29.0,29.0,29.1,28.8,29.0,29.0,29.0,29.0,29.0,29.1,29.0,29.0,28.9,29.0,29.0,29.1,29.2,29.1,29.0,29.2,29.0,28.9,28.9,28.9,29.0,28.8,28.9,29.1,28.8,28.7,29.0,29.0,28.9,29.0,28.9,28.8,28.7,28.7,28.7,28.5,28.6,28.7,28.7,28.7,28.7,28.7,28.6,28.6,28.5,28.7,28.4
154,29.3,29.4,29.4,29.2,29.3,29.3,29.5,29.4,29.3,29.2,29.4,29.5,29.4,29.4,29.3,29.5,29.5,29.3,29.5,29.6,29.6,29.5,29.4,29.5,29.5,29.5,29.6,29.7,29.8,29.6,29.9,29.9,30.1,29.8,29.8,29.9,30.1,30.0,30.1,29.8,29.9,29.7,29.7,29.7,29.7,29.8,29.7,29.6,29.6,29.6,29.5,29.5,29.4,29.5,29.2,29.4,29.2,29.5,29.4,29.3,29.2,29.2,29.3,29.4,29.5,29.2,29.2,29.4,29.3,29.3,29.4,29.4,29.3,29.4,29.3,29.2,29.2,29.2,29.1,29.0,29.1,29.2,29.0,29.1,28.9,29.3,29.3,29.3,29.3,29.4,29.2,29.2,29.2,29.0,29.2,29.2,29.2,29.1,29.1,29.2,29.2,29.2,29.3,29.2,29.3,29.0,29.2,29.1,29.1,29.2,29.4,29.1,29.2,29.2,29.0,29.3,29.2,29.1,29.1,29.1,29.1,29.0,29.1,28.9,28.8,29.0,29.1,29.2,29.2,29.3,29.2,29.4,29.2,29.1,29.1,29.1,29.0,29.1,29.1,29.1,29.2,29.2,29.1,29.1,29.1,29.2,29.1,29.0,29.1,29.1,29.2,29.1,29.0,29.0,29.0,29.2,29.0,29.1,29.2,29.1,29.0,28.9,29.0,28.9,28.8,28.9,28.9,29.0,28.8,29.0,28.5,28.8,28.9,28.8,28.8,29.0,28.8,28.9,28.6,28.9,28.8,28.6,28.7,28.7,28.7,28.7,28.6,28.6,28.5,28.7,28.6,28.6
155,29.2,29.3,29.2,29.3,29.5,29.4,29.5,29.4,29.5,29.4,29.4,29.3,29.8,29.5,29.6,29.5,29.6,29.4,29.6,29.7,29.6,29.5,29.5,29.6,29.7,29.8,29.8,29.8,29.8,29.9,30.1,29.9,30.0,29.8,30.0,30.0,30.1,30.0,30.0,30.0,29.6,29.7,29.8,29.6,30.0,29.9,29.9,29.8,29.8,29.7,29.8,29.6,29.4,29.4,29.4,29.4,29.2,29.3,29.3,29.2,29.4,29.4,29.3,29.4,29.4,29.3,29.4,29.3,29.2,29.3,29.5,29.4,29.2,29.3,29.3,29.1,29.3,29.2,29.2,29.2,29.1,29.1,29.2,29.0,29.0,29.1,29.1,29.2,29.3,29.1,29.1,29.1,29.0,29.0,29.2,29.2,29.2,29.2,29.2,29.2,29.5,29.2,29.3,29.4,29.4,29.3,29.2,29.2,29.2,29.2,29.1,29.3,29.3,29.3,29.0,29.1,29.2,29.2,29.2,29.0,29.0,29.1,29.1,29.0,28.9,29.1,29.0,29.2,29.2,29.4,29.3,29.2,29.3,29.2,29.1,29.2,29.2,29.2,29.3,29.3,29.3,29.3,29.2,29.3,29.1,29.1,29.0,29.1,29.2,29.1,29.0,29.1,29.0,29.0,29.2,29.0,29.0,29.3,29.0,29.1,29.0,29.0,29.1,29.1,29.0,28.9,29.0,28.9,29.0,28.9,28.8,28.8,29.0,29.0,28.8,29.0,29.0,28.8,28.8,28.9,28.8,28.8,28.7,28.7,28.6,28.6,28.5,28.7,28.5,28.6,28.6,28.6
156,29.2,29.3,29.3,29.3,29.3,29.4,29.4,29.4,29.4,29.5,29.5,29.5,29.6,29.5,29.5,29.6,29.7,29.5,29.5,29.7,29.6,29.6,29.5,29.6,29.6,29.9,29.9,29.8,29.9,29.9,29.9,29.8,29.9,30.1,30.0,30.1,29.9,30.0,29.8,29.8,29.9,29.7,29.8,30.0,29.9,30.0,30.1,30.0,29.8,29.8,29.6,29.7,29.5,29.4,29.4,29.3,29.4,29.3,29.2,29.2,29.3,29.5,29.3,29.4,29.4,29.3,29.3,29.2,29.3,29.3,29.4,29.3,29.3,29.2,29.4,29.3,29.2,29.2,29.2,29.0,29.2,29.2,29.2,29.0,29.1,29.1,29.1,29.2,29.1,29.2,29.2,29.2,28.9,29.2,29.1,29.1,29.0,29.2,29.2,29.2,29.5,29.1,29.3,29.2,29.3,29.3,29.4,29.2,29.3,29.4,29.2,29.1,29.3,29.2,29.2,29.2,29.1,29.2,29.1,29.0,29.0,29.0,29.0,28.8,29.0,29.0,29.0,29.1,29.0,29.2,29.2,29.3,29.2,29.1,29.2,29.4,29.2,29.2,29.3,29.4,29.4,29.2,29.3,29.3,29.2,29.1,29.0,29.2,29.2,29.1,29.0,29.0,28.9,29.0,28.9,29.0,29.1,29.1,29.1,29.0,29.1,29.1,29.1,28.8,29.0,29.1,28.8,29.0,28.9,28.9,28.8,28.9,28.9,28.9,28.8,28.7,28.9,28.9,28.8,28.8,28.7,28.8,28.8,28.7,28.6,28.7,28.6,28.7,28.6,28.4,28.7,28.5
157,29.5,29.3,29.3,29.6,29.5,29.5,29.4,29.4,29.5,29.5,29.5,29.4,29.7,29.5,29.6,29.6,29.6,29.8,29.5,29.8,29.7,29.8,29.7,29.7,29.9,29.8,29.9,29.9,29.9,30.0,30.0,30.0,30.0,30.2,30.2,30.0,30.1,30.0,30.1,30.0,29.9,29.9,29.8,29.8,29.9,30.1,30.3,30.0,30.2,30.0,29.9,29.7,29.5,29.5,29.4,29.3,29.2,29.3,29.4,29.2,29.3,29.1,29.2,29.4,29.3,29.2,29.3,29.2,29.5,29.4,29.4,29.5,29.5,29.3,29.5,29.4,29.2,29.2,29.3,29.3,29.2,29.1,29.2,29.3,29.2,29.2,29.0,29.0,29.2,29.2,29.2,29.1,29.1,29.2,29.0,29.0,29.2,29.3,29.3,29.2,29.3,29.5,29.2,29.4,29.2,29.3,29.4,29.3,29.2,29.2,29.2,29.3,29.3,29.3,29.2,29.2,29.0,29.2,29.2,29.0,29.0,29.0,28.8,29.0,29.0,29.0,29.0,29.2,29.3,29.1,29.2,29.2,29.0,29.2,29.2,29.1,29.2,29.2,29.3,29.3,29.4,29.4,29.5,29.3,29.4,29.2,29.0,29.0,29.0,29.1,29.0,29.1,29.0,29.0,29.0,29.1,29.0,29.1,29.1,29.1,29.0,29.0,29.0,28.9,29.1,29.1,29.1,28.9,29.0,28.9,28.9,29.0,28.8,28.8,28.9,28.9,28.9,28.9,28.8,28.7,28.6,28.8,28.9,28.7,28.6,28.6,28.6,28.7,28.6,28.6,28.7,28.6
158,29.3,29.4,29.2,29.3,29.4,29.4,29.6,29.5,29.4,29.5,29.5,29.6,29.4,29.5,29.6,29.5,29.7,29.8,29.6,29.6,29.7,29.7,29.7,29.7,29.9,29.8,29.8,29.8,30.0,29.9,30.0,30.0,30.0,29.9,29.8,30.0,30.0,30.1,29.8,29.7,29.9,29.8,29.8,29.9,30.0,30.1,30.1,30.1,29.9,29.9,29.8,29.6,29.5,29.7,29.3,29.3,29.2,29.3,29.1,29.2,29.3,29.3,29.2,29.3,29.3,29.3,29.3,29.4,29.2,29.3,29.3,29.5,29.4,29.3,29.2,29.2,29.2,29.2,29.2,29.2,29.1,29.1,29.1,29.1,29.2,29.0,29.1,29.1,29.2,29.1,29.0,29.0,29.0,29.2,29.2,29.3,29.3,29.2,29.2,29.3,29.1,29.2,29.4,29.2,29.2,29.5,29.3,29.3,29.4,29.3,29.2,29.2,29.3,29.2,29.2,29.2,29.1,29.0,29.2,29.1,29.0,28.9,29.0,29.0,29.0,29.0,29.0,29.0,29.0,29.1,29.1,29.2,29.2,29.0,29.2,29.2,29.3,29.3,29.2,29.3,29.3,29.2,29.3,29.4,29.3,29.2,29.1,29.1,29.2,29.1,29.2,29.0,29.0,29.1,29.0,29.0,29.1,29.0,29.1,29.2,29.0,29.0,29.1,28.9,28.9,29.1,28.9,28.9,28.6,28.9,28.8,28.8,28.9,28.8,28.7,28.9,28.8,28.8,28.7,28.7,28.9,28.6,28.7,28.8,28.7,28.6,28.6,28.6,28.6,28.6,28.8,28.7
159,29.4,29.3,29.4,29.3,29.5,29.4,29.6,29.5,29.4,29.5,29.5,29.5,29.4,29.6,29.7,29.7,29.6,29.6,29.5,29.9,29.8,29.8,29.8,29.7,29.6,29.8,29.8,29.8,29.9,29.9,30.1,29.9,30.2,30.0,30.0,29.9,30.0,30.1,29.9,29.8,29.8,29.9,29.9,29.9,30.0,30.1,30.2,30.0,30.1,29.8,29.9,29.7,29.5,29.4,29.3,29.4,29.3,29.2,29.1,29.2,29.2,29.1,29.3,29.3,29.3,29.4,29.3,29.2,29.3,29.3,29.4,29.4,29.4,29.3,29.4,29.2,29.2,29.1,29.0,29.2,29.1,29.2,29.3,29.2,29.2,29.2,29.2,29.1,29.2,29.2,29.1,29.1,29.1,29.2,29.2,29.2,29.2,29.3,29.1,29.4,29.4,29.5,29.2,29.4,29.2,29.2,29.2,29.3,29.3,29.2,29.4,29.3,29.2,29.2,29.0,29.1,29.2,29.2,29.2,29.2,29.1,29.0,29.0,28.8,29.1,29.0,29.1,29.3,29.2,29.1,29.1,29.3,29.2,29.2,29.2,29.3,29.4,29.4,29.4,29.3,29.4,29.4,29.4,29.3,29.4,29.1,29.1,29.0,29.2,29.2,29.2,29.1,29.0,29.1,29.1,29.0,29.1,29.0,29.1,29.0,29.0,29.0,29.2,29.1,29.0,29.1,29.0,28.9,28.7,28.8,28.7,28.7,28.8,28.8,28.9,28.7,28.8,28.8,28.6,28.8,28.7,28.8,28.8,28.8,28.6,28.8,28.7,28.7,28.6,28.7,28.7,28.8
160,29.2,29.4,29.3,29.4,29.4,29.4,29.5,29.4,29.5,29.4,29.5,29.5,29.5,29.6,29.6,29.7,29.6,29.7,29.6,29.6,29.7,29.8,29.8,29.7,29.9,29.9,29.9,29.9,29.9,30.0,30.0,30.0,29.9,30.1,30.1,30.0,30.2,30.1,29.9,29.9,29.9,29.8,29.8,29.8,29.8,30.0,30.2,30.1,29.9,30.0,29.7,29.5,29.5,29.4,29.5,29.2,29.2,29.2,29.2,29.3,29.1,29.2,29.3,29.4,29.4,29.4,29.2,29.2,29.2,29.2,29.3,29.3,29.2,29.4,29.3,29.3,29.1,29.2,29.1,29.2,29.2,29.0,29.2,29.2,29.2,29.2,29.2,29.0,29.0,29.1,29.1,29.0,29.0,29.1,29.2,29.1,29.4,29.4,29.3,29.3,29.2,29.4,29.3,29.1,29.3,29.3,29.3,29.2,29.3,29.4,29.5,29.4,29.3,29.1,29.2,29.1,29.1,29.1,29.1,29.0,29.0,28.9,29.0,29.0,28.9,29.1,29.0,29.2,29.2,29.2,29.2,29.2,29.2,29.1,29.2,29.2,29.2,29.3,29.4,29.4,29.3,29.4,29.3,29.5,29.6,29.4,29.2,29.1,29.2,29.0,29.1,29.0,29.0,29.0,29.0,29.0,29.1,29.0,29.1,29.0,28.9,29.0,28.9,29.2,28.9,28.9,28.9,28.8,29.1,28.9,28.8,28.9,28.9,28.8,28.9,28.9,28.7,28.8,28.8,28.8,28.8,28.7,28.8,28.7,28.7,28.8,28.6,28.7,28.6,28.6,28.6,28.5
161,29.4,29.5,29.2,29.4,29.4,29.5,29.4,29.5,29.5,29.4,29.5,29.5,29.6,29.5,29.6,29.6,29.7,29.7,29.6,29.8,29.7,29.7,29.7,29.8,29.8,29.8,29.8,29.8,29.9,29.9,30.1,30.1,30.0,30.1,30.1,30.0,30.2,30.1,29.9,29.9,29.7,29.6,29.9,29.7,29.8,30.0,30.1,30.0,30.0,29.9,29.7,29.5,29.5,29.3,29.4,29.3,29.4,29.3,29.2,29.3,29.2,29.2,29.1,29.3,29.2,29.2,29.2,29.3,29.1,29.2,29.3,29.2,29.2,29.1,29.2,29.2,29.1,29.1,29.2,29.1,29.1,29.2,29.1,29.3,29.2,29.3,29.2,29.3,29.1,29.1,29.2,29.1,29.0,29.1,29.2,29.3,29.3,29.4,29.4,29.4,29.3,29.4,29.4,29.3,29.2,29.3,29.2,29.3,29.4,29.3,29.2,29.2,29.2,29.4,29.1,29.2,29.1,29.1,29.3,29.2,29.0,29.2,28.9,29.0,29.1,29.0,29.0,29.1,29.2,29.3,29.1,29.3,29.2,29.2,29.1,29.3,29.2,29.3,29.4,29.2,29.2,29.3,29.4,29.5,29.4,29.4,29.0,29.2,28.9,29.0,28.9,29.1,29.0,29.0,29.1,29.1,29.0,29.0,29.0,29.0,29.0,28.9,29.1,29.0,29.0,29.0,29.0,28.9,28.9,28.9,28.8,28.8,28.7,28.8,28.9,28.7,28.8,28.8,28.8,28.8,28.8,28.8,28.9,28.6,28.7,28.7,28.6,28.6,28.7,28.5,28.8,28.5
162,29.3,29.2,29.7,29.4,29.5,29.4,29.4,29.6,29.6,29.6,29.6,29.5,29.6,29.6,29.7,29.7,29.6,29.7,29.5,29.7,29.8,29.7,29.8,29.9,30.0,30.0,30.1,29.9,29.9,30.1,30.1,30.1,30.0,30.0,30.3,30.2,30.0,30.1,30.0,30.1,29.8,29.6,29.7,29.6,29.9,29.9,29.7,30.0,29.8,29.8,29.4,29.3,29.5,29.5,29.4,29.3,29.3,29.2,29.2,29.2,29.2,29.2,29.3,29.3,29.5,29.4,29.3,29.2,29.1,29.0,29.2,29.3,29.1,29.2,29.0,29.0,29.1,29.0,29.1,29.2,29.0,29.2,29.2,29.2,29.2,29.1,29.2,29.2,29.2,29.2,29.1,29.1,29.1,29.2,29.3,29.1,29.1,29.4,29.4,29.4,29.4,29.4,29.4,29.2,29.5,29.2,29.3,29.4,29.3,29.2,29.3,29.4,29.3,29.3,29.1,29.2,29.2,29.2,29.3,29.2,29.2,29.0,29.0,28.9,29.2,28.8,29.2,29.3,29.2,29.1,29.2,29.3,29.3,29.2,29.2,29.3,29.2,29.5,29.4,29.3,29.2,29.2,29.2,29.4,29.3,29.2,29.2,29.2,29.1,29.1,29.2,29.0,28.9,29.0,29.0,29.0,29.0,29.2,29.0,29.1,29.0,29.0,28.9,29.1,29.0,29.0,28.9,28.9,28.9,28.9,28.9,28.9,28.9,28.8,29.0,28.8,28.9,28.7,28.8,28.8,28.8,28.7,28.7,28.7,28.6,28.7,28.6,28.7,28.7,28.6,28.6,28.7
163,29.4,29.5,29.5,29.4,29.4,29.5,29.5,29.5,29.7,29.7,29.5,29.6,29.6,29.6,29.7,29.7,29.7,29.6,29.7,29.7,29.8,29.7,29.9,29.8,29.9,30.0,29.9,29.9,30.1,30.0,30.1,30.0,30.2,30.2,30.1,30.1,30.1,30.1,30.1,29.8,29.9,29.6,29.7,29.8,29.9,29.7,29.7,29.7,29.6,29.5,29.7,29.5,29.4,29.5,29.5,29.4,29.3,29.3,29.4,29.3,29.5,29.4,29.4,29.2,29.5,29.5,29.2,29.2,29.3,29.2,29.0,29.2,29.0,29.0,29.0,28.9,29.0,29.0,29.1,29.2,29.2,29.1,29.2,29.2,29.2,29.2,29.3,29.2,29.2,29.2,29.2,29.3,29.2,29.1,29.2,29.2,29.4,29.4,29.4,29.3,29.4,29.3,29.4,29.5,29.4,29.3,29.2,29.3,29.3,29.4,29.1,29.3,29.2,29.3,29.2,29.2,29.1,29.2,29.1,29.2,29.1,29.0,29.0,29.0,29.0,28.9,29.0,29.2,29.1,29.3,29.2,29.2,29.3,29.1,29.3,29.4,29.3,29.4,29.3,29.4,29.4,29.5,29.3,29.2,29.5,29.3,29.2,29.1,29.2,28.9,29.2,29.0,29.0,29.0,29.2,29.0,29.1,29.0,29.1,29.0,29.2,28.9,29.1,28.9,29.1,29.1,28.8,28.9,29.0,28.9,28.8,28.9,28.9,28.9,28.9,28.9,28.9,28.8,28.7,28.8,28.8,28.7,28.8,28.6,28.7,28.8,28.6,28.6,28.5,28.5,28.7,28.6
164,29.4,29.4,29.3,29.4,29.5,29.4,29.6,29.5,29.6,29.5,29.6,29.6,29.4,29.6,29.7,29.6,29.6,29.7,29.8,29.8,29.6,29.9,29.9,29.9,29.9,29.9,29.8,29.9,30.0,29.9,30.1,29.9,30.0,30.1,29.9,30.0,30.2,30.2,30.0,29.9,29.6,29.8,29.5,29.5,29.6,29.5,29.5,29.6,29.5,29.6,29.5,29.6,29.3,29.4,29.4,29.3,29.3,29.5,29.5,29.5,29.3,29.3,29.3,29.5,29.4,29.3,29.2,29.2,29.0,29.1,29.0,29.2,29.0,29.2,29.0,28.9,28.9,28.8,29.2,29.1,29.0,29.2,29.2,29.2,29.2,29.3,29.1,29.2,29.2,29.2,29.4,29.0,29.2,29.2,29.2,29.3,29.4,29.3,29.3,29.2,29.3,29.4,29.3,29.5,29.3,29.4,29.2,29.4,29.2,29.4,29.3,29.4,29.5,29.2,29.4,29.2,29.2,29.2,29.2,29.0,29.1,29.0,29.1,29.1,29.1,29.1,29.2,29.1,29.2,29.2,29.2,29.0,29.2,29.2,29.2,29.2,29.1,29.2,29.4,29.4,29.5,29.5,29.2,29.3,29.2,29.1,29.2,29.2,29.0,29.0,29.2,29.1,29.0,28.8,29.1,29.1,29.0,29.1,29.1,29.0,28.9,29.1,29.1,28.9,29.0,29.0,28.9,29.0,29.0,28.9,28.8,28.9,28.8,28.8,28.9,28.8,28.9,28.8,28.6,28.9,28.6,28.6,28.8,28.7,28.6,28.5,28.7,28.7,28.5,28.6,28.5,28.6
165,29.4,29.4,29.4,29.6,29.4,29.5,29.7,29.4,29.6,29.6,29.6,29.6,29.7,29.7,29.7,29.7,29.8,29.8,29.7,29.7,29.8,29.8,29.9,29.9,29.8,29.8,29.9,30.0,30.2,29.9,30.2,30.2,30.0,30.1,30.3,30.1,30.0,30.0,30.0,29.9,29.7,29.7,29.6,29.7,29.4,29.4,29.7,29.4,29.4,29.5,29.5,29.5,29.5,29.3,29.4,29.5,29.4,29.4,29.3,29.4,29.6,29.5,29.5,29.5,29.5,29.4,29.2,29.3,29.2,29.2,29.2,29.2,28.9,29.0,29.0,28.9,29.0,28.8,29.0,29.0,29.1,29.2,29.3,29.3,29.3,29.3,29.3,29.4,29.3,29.3,29.1,29.2,29.3,29.3,29.3,29.4,29.3,29.4,29.3,29.5,29.4,29.4,29.4,29.3,29.3,29.3,29.2,29.4,29.4,29.5,29.6,29.5,29.7,29.6,29.5,29.5,29.3,29.1,29.3,29.2,29.2,29.2,29.2,29.2,29.2,29.0,29.1,29.1,29.2,29.2,29.2,29.2,29.2,29.1,29.2,29.1,29.1,29.1,29.2,29.3,29.1,29.3,29.2,29.4,29.2,29.1,29.0,29.0,29.0,29.0,29.0,29.1,28.9,29.0,28.9,29.0,29.0,29.1,29.0,29.1,29.0,29.0,29.0,28.9,29.0,29.0,29.0,29.0,28.9,28.9,28.9,28.8,28.9,28.8,29.0,28.8,28.7,28.8,28.8,28.7,28.8,28.6,28.7,28.6,28.8,28.6,28.6,28.6,28.6,28.6,28.8,28.6
166,29.5,29.4,29.4,29.5,29.5,29.5,29.6,29.5,29.5,29.6,29.6,29.6,29.6,29.6,29.8,29.8,29.8,29.8,29.6,29.9,29.9,30.1,29.8,29.8,30.1,29.9,29.9,29.9,30.0,29.8,30.2,30.1,30.1,30.0,30.0,29.9,30.1,30.1,30.0,29.8,29.6,29.6,29.6,29.5,29.6,29.5,29.6,29.4,29.4,29.5,29.5,29.5,29.3,29.4,29.5,29.4,29.5,29.5,29.4,29.6,29.4,29.6,29.4,29.4,29.4,29.4,29.3,29.4,29.2,29.3,29.1,29.1,29.0,29.0,29.0,28.8,28.9,29.0,28.9,29.1,29.0,29.2,29.4,29.5,29.3,29.4,29.2,29.4,29.3,29.5,29.4,29.5,29.3,29.4,29.5,29.3,29.4,29.4,29.5,29.5,29.3,29.4,29.4,29.5,29.2,29.2,29.3,29.4,29.4,29.4,29.4,29.6,29.7,29.7,29.6,29.5,29.2,29.3,29.2,29.1,29.1,29.2,29.1,29.2,29.1,29.1,29.2,29.2,29.1,29.2,29.0,29.2,29.1,29.2,29.1,29.2,29.2,29.0,29.1,29.0,29.3,29.2,29.2,29.1,29.2,28.9,28.9,29.0,29.1,29.0,29.0,29.0,29.1,29.1,29.0,29.1,28.9,29.2,29.1,29.1,29.1,28.9,29.0,29.0,29.1,29.0,29.0,29.0,28.9,28.9,28.8,29.0,28.9,28.9,28.8,28.8,28.8,28.9,28.7,28.9,28.8,28.6,28.7,28.7,28.7,28.6,28.6,28.6,28.6,28.6,28.6,28.5
167,29.4,29.6,29.4,29.4,29.5,29.6,29.5,29.5,29.6,29.7,29.6,29.4,29.5,29.8,29.5,29.7,29.8,29.8,29.7,29.8,29.9,29.9,29.8,29.9,30.0,29.9,30.0,29.9,30.0,30.2,30.1,30.0,30.1,30.1,30.0,30.3,30.2,30.2,30.0,29.9,29.8,29.7,29.5,29.4,29.4,29.5,29.5,29.4,29.6,29.5,29.5,29.4,29.5,29.4,29.4,29.4,29.5,29.6,29.5,29.4,29.4,29.6,29.4,29.5,29.4,29.4,29.2,29.3,29.2,29.3,29.0,29.1,29.0,29.1,28.9,28.9,28.9,28.8,29.0,29.0,29.2,29.4,29.4,29.4,29.3,29.5,29.5,29.4,29.4,29.5,29.4,29.5,29.5,29.3,29.4,29.4,29.4,29.4,29.4,29.4,29.5,29.5,29.3,29.4,29.3,29.4,29.1,29.3,29.4,29.4,29.7,29.7,29.6,29.7,29.5,29.4,29.2,29.4,29.2,29.2,29.0,29.2,29.2,29.2,29.2,29.1,29.2,29.4,29.2,29.1,29.2,29.1,29.2,29.0,29.1,29.2,29.2,29.0,29.2,29.0,29.2,29.2,29.0,28.9,29.2,28.9,29.0,28.9,29.0,28.9,29.1,29.1,29.0,29.0,29.1,29.1,28.9,29.2,28.9,29.0,29.0,28.8,28.9,29.1,28.9,29.0,29.2,29.0,29.0,28.9,28.9,28.8,28.9,28.9,28.8,28.8,28.9,28.9,28.8,28.9,28.7,28.7,28.8,28.7,28.8,28.7,28.7,28.5,28.5,28.6,28.6,28.7
168,29.4,29.4,29.3,29.5,29.5,29.4,29.4,29.8,29.5,29.7,29.5,29.7,29.7,29.6,29.7,29.7,29.8,29.8,29.8,29.9,29.8,29.9,30.0,30.0,29.9,29.9,29.9,30.1,29.9,30.0,30.2,30.1,30.0,30.0,30.0,30.2,30.2,30.1,30.0,30.1,29.8,29.6,29.7,29.4,29.5,29.7,29.5,29.4,29.5,29.5,29.5,29.5,29.4,29.4,29.4,29.5,29.3,29.4,29.4,29.4,29.4,29.3,29.2,29.3,29.5,29.3,29.2,29.2,29.1,29.0,29.0,29.0,29.0,29.0,29.2,29.0,29.1,29.1,29.2,29.2,29.2,29.3,29.3,29.5,29.5,29.5,29.5,29.5,29.5,29.7,29.5,29.5,29.5,29.5,29.5,29.6,29.3,29.5,29.4,29.5,29.3,29.4,29.2,29.4,29.4,29.3,29.3,29.4,29.4,29.3,29.4,29.6,29.7,29.8,29.3,29.5,29.4,29.3,29.1,29.2,29.2,29.2,29.3,29.2,29.2,29.2,29.3,29.2,29.1,29.1,29.2,29.2,29.1,29.2,29.1,29.1,29.2,29.1,29.1,29.0,28.9,29.0,29.1,29.0,29.0,29.0,28.9,29.0,28.9,28.9,28.9,28.9,29.0,29.0,29.1,28.9,29.1,29.2,29.0,28.8,29.1,29.0,28.9,28.9,28.9,28.9,29.0,28.8,28.8,29.0,28.9,28.8,28.7,29.0,28.9,28.9,28.7,28.9,28.7,28.8,28.8,28.8,28.9,28.8,28.7,28.6,28.6,28.9,28.6,28.8,28.7,28.7
169,29.5,29.4,29.4,29.4,29.4,29.5,29.7,29.6,29.6,29.5,29.6,29.6,29.7,29.6,29.8,29.7,29.8,29.6,29.8,29.8,29.9,30.0,29.8,29.8,29.9,30.0,30.0,29.9,30.2,30.0,30.2,30.1,30.1,30.1,30.1,30.1,30.2,29.9,29.9,30.0,29.6,29.6,29.6,29.4,29.4,29.5,29.5,29.4,29.3,29.4,29.4,29.3,29.3,29.5,29.4,29.4,29.4,29.4,29.4,29.4,29.3,29.3,29.2,29.4,29.2,29.3,29.0,29.2,29.1,29.1,29.1,29.1,29.1,29.2,29.2,29.1,29.1,29.3,29.4,29.3,29.3,29.4,29.4,29.5,29.5,29.6,29.4,29.7,29.6,29.7,29.6,29.4,29.6,29.7,29.9,30.0,29.8,29.7,29.6,29.5,29.4,29.4,29.4,29.4,29.3,29.4,29.4,29.2,29.5,29.4,29.5,29.6,29.4,29.3,29.5,29.5,29.4,29.4,29.4,29.2,29.4,29.3,29.2,29.4,29.1,29.2,29.2,29.1,29.1,29.1,29.1,29.1,29.3,29.0,29.1,29.2,29.1,29.1,29.0,29.2,29.1,29.1,29.0,29.1,29.0,29.0,29.0,29.0,29.0,29.0,29.1,29.2,29.1,29.1,29.0,29.0,28.9,29.1,29.1,29.0,29.1,28.9,29.1,28.9,29.0,28.8,29.0,28.9,28.8,28.8,29.0,28.8,28.8,28.7,28.8,29.0,29.0,29.0,28.8,28.9,28.8,28.6,28.8,28.7,28.7,28.7,28.6,28.6,28.6,28.7,28.8,28.6
170,29.4,29.4,29.4,29.5,29.5,29.5,29.6,29.6,29.8,29.5,29.5,29.6,29.7,29.6,29.9,29.7,29.9,29.8,29.8,29.9,29.8,29.7,29.8,29.9,30.1,29.9,30.0,30.0,29.9,30.1,30.0,30.1,30.0,30.1,30.1,30.1,30.1,30.1,30.1,30.0,29.7,29.6,29.6,29.5,29.3,29.4,29.4,29.3,29.2,29.3,29.3,29.3,29.4,29.3,29.4,29.2,29.2,29.3,29.2,29.5,29.2,29.4,29.2,29.2,29.3,29.3,29.2,29.1,29.2,29.0,29.2,29.3,29.4,29.3,29.3,29.4,29.3,29.3,29.4,29.5,29.3,29.4,29.4,29.6,29.5,29.4,29.5,29.7,29.7,29.7,29.7,29.6,29.6,29.9,30.3,30.3,30.1,29.9,29.6,29.5,29.6,29.4,29.5,29.5,29.5,29.2,29.3,29.3,29.4,29.2,29.3,29.4,29.4,29.5,29.4,29.3,29.3,29.2,29.3,29.3,29.2,29.1,29.1,29.2,29.2,29.1,29.2,29.1,29.2,29.1,29.2,29.2,29.3,29.1,29.2,29.1,29.1,29.0,29.0,29.2,29.1,28.9,28.9,29.1,29.1,29.0,29.0,28.8,29.0,29.1,29.0,29.1,29.0,28.8,29.0,28.9,29.0,29.0,29.0,29.0,29.0,28.8,29.0,28.9,28.9,28.9,28.9,28.9,28.8,28.9,28.8,28.8,28.9,28.9,28.8,28.8,28.8,28.8,28.7,28.8,28.8,28.5,28.8,28.9,28.7,28.5,28.6,28.6,28.6,28.8,28.5,28.7
171,29.4,29.3,29.4,29.4,29.5,29.4,29.6,29.5,29.6,29.5,29.5,29.6,29.6,29.6,29.7,29.7,29.8,29.6,30.0,29.9,29.9,29.8,29.8,29.9,29.9,29.9,29.8,30.0,29.9,30.0,30.0,30.0,30.0,30.2,30.1,30.0,30.0,30.0,29.9,29.9,29.6,29.6,29.6,29.5,29.5,29.4,29.4,29.2,29.3,29.3,29.3,29.4,29.2,29.2,29.2,29.4,29.3,29.3,29.3,29.3,29.3,29.2,29.2,29.2,29.3,29.2,29.2,29.2,29.2,29.2,29.3,29.3,29.5,29.4,29.3,29.2,29.3,29.2,29.4,29.4,29.4,29.5,29.4,29.5,29.5,29.6,29.5,29.6,29.7,29.6,29.7,29.7,29.9,30.1,30.4,30.5,30.3,30.0,30.0,29.7,29.4,29.6,29.5,29.5,29.5,29.5,29.5,29.4,29.2,29.4,29.4,29.4,29.4,29.5,29.4,29.3,29.3,29.1,29.2,29.3,29.4,29.0,29.1,29.3,29.2,29.1,29.3,29.2,29.3,29.2,29.3,29.2,29.2,29.0,29.2,29.1,29.0,29.0,29.2,28.9,29.1,29.1,29.1,29.0,29.0,29.0,29.0,28.9,29.0,28.9,29.0,28.9,28.8,28.9,28.9,29.1,29.0,29.1,29.0,28.9,29.0,28.9,29.0,28.9,28.9,28.8,29.1,28.8,28.9,28.8,28.9,28.8,28.7,28.8,28.7,28.8,28.9,28.7,28.8,29.0,28.5,28.6,28.9,28.7,28.5,28.7,28.6,28.7,28.7,28.7,28.5,28.5
172,29.2,29.5,29.4,29.5,29.6,29.6,29.7,29.7,29.6,29.6,29.7,29.6,29.6,29.6,29.7,29.7,29.8,29.6,29.7,30.0,29.7,29.9,29.9,29.9,30.0,29.9,30.1,30.0,30.0,30.1,30.2,30.1,30.1,30.1,30.3,30.0,30.2,30.1,30.0,30.0,29.6,29.6,29.5,29.3,29.4,29.4,29.4,29.1,29.4,29.4,29.2,29.3,29.4,29.3,29.3,29.4,29.3,29.3,29.4,29.4,29.2,29.4,29.3,29.2,29.2,29.3,29.2,29.2,29.3,29.3,29.3,29.4,29.5,29.6,29.4,29.4,29.2,29.4,29.3,29.4,29.4,29.5,29.4,29.5,29.5,29.6,29.7,29.6,29.7,29.8,29.8,29.8,30.1,30.1,30.3,30.6,30.3,30.1,29.7,29.5,29.6,29.4,29.5,29.6,29.5,29.6,29.4,29.3,29.4,29.3,29.3,29.5,29.5,29.6,29.4,29.4,29.3,29.4,29.3,29.2,29.3,29.4,29.3,29.3,29.2,29.0,29.2,29.2,29.1,29.1,29.2,29.2,29.0,29.1,29.2,29.2,29.1,29.1,29.0,29.2,29.1,29.1,29.0,29.2,29.0,29.0,28.9,28.9,28.9,28.8,29.0,28.9,28.9,28.8,28.8,29.0,29.1,29.1,28.9,29.0,29.0,28.9,29.1,28.9,29.0,28.8,28.9,29.0,28.9,29.0,28.8,28.9,29.0,28.9,28.8,28.7,28.9,28.7,28.8,28.7,28.8,28.8,28.9,28.7,28.6,28.7,28.7,28.6,28.6,28.7,28.8,28.7
173,29.4,29.5,29.3,29.4,29.5,29.5,29.5,29.6,29.6,29.7,29.6,29.5,29.5,29.5,29.8,29.5,29.6,29.8,29.9,29.9,29.9,29.9,29.9,29.9,29.9,30.0,30.0,30.0,29.9,30.0,30.2,29.9,29.9,30.3,30.2,30.1,30.1,30.0,29.9,29.8,29.7,29.6,29.4,29.3,29.4,29.5,29.3,29.3,29.5,29.3,29.3,29.4,29.4,29.5,29.4,29.5,29.2,29.4,29.3,29.3,29.3,29.5,29.2,29.3,29.3,29.2,29.2,29.3,29.1,29.4,29.4,29.5,29.5,29.5,29.5,29.4,29.4,29.4,29.4,29.4,29.6,29.5,29.4,29.5,29.4,29.6,29.6,29.5,29.6,29.7,29.7,29.9,29.9,29.9,30.2,30.2,30.2,29.9,29.7,29.6,29.5,29.7,29.6,29.5,29.5,29.6,29.6,29.4,29.4,29.2,29.4,29.4,29.4,29.5,29.4,29.3,29.4,29.3,29.4,29.2,29.1,29.2,29.1,29.3,29.2,29.2,29.3,29.2,29.1,29.2,29.2,29.3,29.3,29.1,29.3,29.1,29.1,29.1,29.2,29.2,29.2,29.1,29.1,29.0,29.2,28.9,29.1,29.1,29.0,29.0,29.0,29.0,28.8,28.9,29.0,29.0,28.9,29.0,29.0,28.9,29.0,29.0,29.1,29.0,28.9,28.9,29.0,28.9,28.8,29.0,28.8,28.9,28.8,28.7,28.8,28.8,28.8,28.8,28.7,28.7,28.7,28.7,28.8,28.7,28.5,28.5,28.6,28.7,28.7,28.5,28.6,28.7
174,29.4,29.4,29.4,29.4,29.5,29.5,29.4,29.5,29.5,29.5,29.6,29.5,29.4,29.7,29.7,29.8,29.7,29.6,29.7,29.8,29.9,29.9,29.8,29.8,29.9,30.1,29.9,29.9,30.0,30.1,30.1,29.9,30.0,30.0,30.0,30.0,30.1,29.9,29.9,29.9,29.7,29.6,29.3,29.2,29.4,29.4,29.3,29.4,29.3,29.3,29.3,29.5,29.3,29.4,29.3,29.4,29.4,29.2,29.3,29.3,29.3,29.2,29.3,29.2,29.4,29.1,29.2,29.2,29.3,29.4,29.6,29.5,29.5,29.4,29.4,29.4,29.3,29.4,29.4,29.3,29.3,29.4,29.5,29.5,29.3,29.5,29.6,29.8,29.6,29.6,29.5,29.7,29.7,30.0,29.9,30.0,29.9,29.8,29.8,29.5,29.3,29.4,29.4,29.5,29.3,29.4,29.4,29.4,29.5,29.2,29.2,29.3,29.4,29.2,29.2,29.3,29.3,29.1,29.3,29.2,29.2,29.2,29.2,29.1,29.1,29.0,29.1,29.2,29.2,29.1,29.2,29.1,29.2,29.1,29.1,29.2,29.0,29.0,28.9,29.0,29.0,28.9,29.0,29.0,29.0,29.1,28.9,28.8,28.9,28.9,28.7,28.8,28.8,29.1,29.0,28.9,29.0,28.9,29.0,29.0,28.9,29.0,28.9,29.0,28.9,28.9,28.8,28.9,28.8,28.9,28.7,28.8,28.6,29.0,28.9,28.9,28.7,28.9,28.6,28.8,28.7,28.6,28.7,28.5,28.6,28.7,28.7,28.7,28.5,28.5,28.6,28.7
175,29.3,29.4,29.4,29.3,29.5,29.6,29.5,29.4,29.6,29.6,29.6,29.6,29.7,29.7,29.7,29.7,29.6,29.5,29.7,29.9,29.9,29.7,29.9,29.8,29.9,29.9,30.0,29.8,30.1,30.1,30.0,30.1,30.1,30.0,29.9,30.0,29.9,30.0,29.9,29.8,29.7,29.6,29.4,29.3,29.5,29.2,29.4,29.3,29.2,29.4,29.3,29.3,29.4,29.2,29.4,29.4,29.5,29.4,29.3,29.3,29.3,29.2,29.3,29.2,29.3,29.4,29.2,29.3,29.3,29.3,29.5,29.4,29.7,29.7,29.5,29.5,29.5,29.5,29.4,29.5,29.3,29.4,29.7,29.5,29.4,29.4,29.6,29.6,29.5,29.7,29.6,29.9,29.8,29.9,29.9,30.1,29.9,29.6,29.6,29.5,29.3,29.4,29.4,29.4,29.4,29.3,29.4,29.3,29.2,29.2,29.2,29.2,29.1,29.2,29.3,29.2,29.3,29.5,29.2,29.1,29.1,29.1,29.2,29.3,29.1,29.0,29.2,29.1,29.0,29.2,29.2,29.3,29.2,29.2,29.2,29.1,28.9,29.1,29.0,29.0,29.0,29.1,29.2,29.2,29.2,29.0,28.9,29.0,29.1,28.9,28.8,28.9,28.6,28.9,29.0,28.8,28.9,29.0,29.0,28.9,28.9,29.0,29.0,28.9,28.8,29.0,28.9,28.8,28.8,28.8,28.8,28.7,28.6,28.8,28.8,28.8,28.6,28.7,28.6,28.8,28.5,28.7,28.8,28.6,28.6,28.5,28.6,28.7,28.6,28.6,28.6,28.6
176,29.3,29.4,29.4,29.4,29.5,29.5,29.5,29.6,29.8,29.5,29.5,29.7,29.6,29.7,29.8,29.7,29.8,29.8,29.7,29.8,29.9,29.9,29.8,29.9,29.8,30.0,30.0,30.0,29.9,30.0,30.1,29.9,29.9,30.1,30.0,30.0,30.1,30.0,30.0,29.7,29.7,29.6,29.7,29.2,29.3,29.4,29.4,29.3,29.5,29.3,29.2,29.2,29.3,29.3,29.3,29.4,29.2,29.3,29.3,29.3,29.2,29.2,29.2,29.3,29.2,29.2,29.3,29.2,29.2,29.4,29.6,29.5,29.8,29.5,29.5,29.5,29.4,29.5,29.5,29.4,29.4,29.3,29.2,29.2,29.3,29.4,29.5,29.5,29.4,29.6,29.5,29.5,29.4,29.7,29.7,29.9,29.7,29.7,29.5,29.3,29.2,29.2,29.1,29.2,29.1,29.2,29.2,29.2,29.1,29.1,29.0,29.2,29.2,29.3,29.4,29.4,29.6,29.5,29.4,29.3,29.3,29.0,29.1,29.0,29.2,29.1,29.1,29.1,29.1,29.2,29.2,29.1,29.1,29.2,29.2,29.1,29.1,29.0,29.2,29.1,29.2,29.2,29.2,29.2,29.4,29.1,29.0,29.0,29.0,28.8,28.9,28.9,28.8,28.9,28.8,28.9,28.9,29.0,29.1,28.9,29.2,29.0,28.8,28.8,28.9,28.8,28.9,28.8,28.7,28.9,28.8,28.6,28.8,28.7,28.9,28.8,28.8,28.7,28.8,28.7,28.8,28.5,28.7,28.8,28.7,28.5,28.6,28.7,28.6,28.6,28.6,28.6
177,29.5,29.5,29.5,29.5,29.6,29.5,29.6,29.6,29.6,29.6,29.5,29.7,29.5,29.6,29.7,29.6,29.7,29.8,29.8,29.9,29.8,30.0,29.9,29.8,30.0,29.9,29.9,29.9,30.1,30.1,30.1,29.9,30.0,30.0,30.0,30.1,30.2,30.0,29.9,29.8,29.9,29.8,29.4,29.3,29.2,29.4,29.5,29.3,29.2,29.3,29.3,29.4,29.4,29.4,29.4,29.5,29.3,29.5,29.4,29.4,29.3,29.3,29.4,29.5,29.3,29.2,29.2,29.4,29.3,29.3,29.5,29.8,29.6,29.6,29.7,29.5,29.5,29.4,29.4,29.4,29.1,29.2,28.9,29.3,29.1,29.2,29.2,29.3,29.4,29.2,29.2,29.3,29.2,29.3,29.4,29.6,29.4,29.2,29.2,29.2,28.9,29.1,28.9,29.2,29.1,29.0,29.0,29.0,28.8,28.7,28.6,28.9,29.0,29.2,29.4,29.5,29.8,29.8,29.4,29.0,29.1,29.1,29.0,28.9,29.0,28.9,29.0,28.9,29.0,29.0,29.1,29.0,28.9,28.9,29.2,29.0,29.0,28.8,29.1,29.0,29.0,29.0,28.9,28.9,29.0,29.1,28.8,28.7,29.0,28.8,28.8,28.8,28.9,28.8,29.0,29.0,28.8,28.9,28.8,28.9,28.8,28.8,29.1,28.9,28.7,28.8,28.9,28.8,28.9,28.8,28.6,28.7,29.0,29.0,28.8,28.8,28.8,28.7,28.8,28.8,28.5,28.9,28.7,28.6,28.6,28.6,28.8,28.6,28.6,28.6,28.5,28.7
178,29.4,29.6,29.4,29.5,29.5,29.4,29.5,29.5,29.6,29.6,29.6,29.6,29.7,29.6,29.5,29.7,29.8,29.7,29.7,29.7,29.7,29.8,29.8,29.9,29.8,29.9,30.0,29.9,29.9,30.0,30.0,30.1,30.0,30.1,30.1,29.9,30.0,30.0,29.9,29.9,29.7,29.5,29.6,29.4,29.4,29.4,29.4,29.3,29.4,29.3,29.2,29.3,29.4,29.4,29.4,29.4,29.2,29.3,29.4,29.5,29.4,29.2,29.3,29.3,29.4,29.2,29.2,29.2,29.4,29.2,29.5,29.7,29.5,29.5,29.5,29.4,29.5,29.4,29.4,29.5,29.2,28.9,28.8,29.0,29.0,29.1,29.1,29.1,29.2,29.2,29.1,29.2,29.1,29.2,29.3,29.3,29.2,29.1,29.2,28.9,28.7,28.8,28.8,29.0,28.9,29.0,28.7,28.7,28.7,28.5,28.5,28.7,29.0,29.1,29.3,29.4,29.6,29.6,29.4,29.0,28.8,28.8,28.7,28.6,28.8,28.8,28.5,28.7,28.6,28.7,28.7,28.9,28.8,28.9,28.9,28.9,28.9,28.8,28.9,28.7,28.6,28.7,28.8,28.8,28.9,29.0,28.8,28.7,28.8,28.9,28.8,28.8,28.8,28.9,28.8,29.0,28.7,29.0,29.0,28.8,28.8,28.9,28.9,28.8,28.9,28.8,29.0,29.0,29.0,28.9,28.8,28.8,28.9,28.8,28.9,28.8,28.8,29.0,28.7,28.9,28.7,28.8,28.8,28.7,28.7,28.6,28.6,28.7,28.6,28.5,28.6,28.5
179,29.4,29.4,29.4,29.4,29.5,29.5,29.5,29.6,29.4,29.6,29.5,29.6,29.6,29.6,29.7,29.7,29.6,29.7,29.8,29.9,29.9,29.8,29.8,29.9,30.0,29.9,30.0,29.9,29.9,30.1,30.1,30.1,29.9,30.1,30.1,30.1,30.0,30.1,30.0,29.9,29.8,29.6,29.5,29.4,29.4,29.5,29.3,29.4,29.3,29.4,29.4,29.4,29.4,29.5,29.5,29.4,29.5,29.4,29.3,29.3,29.3,29.3,29.2,29.3,29.4,29.4,29.2,29.4,29.2,29.3,29.4,29.6,29.8,29.5,29.5,29.4,29.5,29.4,29.3,29.2,29.1,29.0,29.1,29.0,29.0,29.0,29.1,29.1,28.9,29.1,29.2,29.0,29.2,29.2,29.2,29.2,29.2,29.2,29.0,29.2,28.8,28.9,29.0,28.8,28.8,28.7,28.8,28.8,28.6,28.5,28.3,28.7,28.9,29.0,29.2,29.5,29.5,29.5,29.2,28.9,28.6,28.7,28.6,28.6,28.7,28.7,28.7,28.5,28.7,28.6,28.7,28.9,28.7,28.8,28.8,28.7,28.6,28.7,28.5,28.6,28.7,28.6,28.8,28.8,28.7,28.7,28.8,28.9,28.9,28.8,28.8,28.8,28.8,29.0,29.0,28.8,29.0,29.0,29.0,29.1,28.8,28.9,29.0,28.8,28.9,28.9,28.8,28.9,28.9,28.7,28.8,28.7,28.9,28.8,28.9,28.8,28.9,28.7,28.7,28.7,28.7,28.6,28.7,28.8,28.5,28.7,28.7,28.7,28.5,28.6,28.7,28.5
180,29.4,29.5,29.4,29.4,29.5,29.5,29.5,29.7,29.6,29.6,29.6,29.7,29.6,29.5,29.7,29.6,29.8,29.8,29.8,29.7,29.8,30.0,29.8,29.9,30.2,30.0,30.0,30.1,30.0,30.1,30.0,30.0,30.0,30.1,30.0,30.1,30.1,30.1,30.1,29.9,29.7,29.8,29.5,29.4,29.5,29.5,29.4,29.4,29.4,29.4,29.5,29.4,29.4,29.5,29.5,29.5,29.4,29.4,29.4,29.4,29.4,29.3,29.4,29.3,29.3,29.4,29.3,29.4,29.3,29.4,29.6,29.7,29.6,29.8,29.5,29.5,29.4,29.5,29.4,29.2,29.2,29.0,28.9,29.0,29.0,29.2,29.0,29.0,28.9,29.2,28.9,29.1,29.0,29.2,29.1,29.1,29.0,29.1,29.0,29.0,29.0,28.8,29.0,28.9,28.9,28.9,28.8,28.7,28.6,28.5,28.4,28.7,28.8,29.2,29.2,29.4,29.4,29.4,28.9,28.8,28.8,28.7,28.8,28.8,28.9,28.6,28.7,28.6,28.7,28.6,28.7,28.9,28.8,28.7,28.9,28.8,28.7,28.5,28.7,28.6,28.8,28.8,28.8,28.8,28.8,28.8,28.8,28.8,28.7,28.8,28.9,28.9,28.6,28.9,28.7,28.9,29.0,29.0,28.9,28.9,28.9,28.9,28.9,28.8,28.9,29.0,29.0,28.9,29.0,28.9,28.8,28.9,28.9,28.9,28.8,28.7,28.7,28.7,28.7,28.7,28.8,28.8,28.7,28.7,28.7,28.6,28.7,28.7,28.5,28.6,28.6,28.6
181,29.3,29.3,29.5,29.5,29.5,29.6,29.4,29.7,29.7,29.5,29.7,29.7,29.6,29.5,29.7,29.8,29.8,29.7,29.7,29.7,29.9,30.0,29.8,29.7,29.9,30.0,29.8,29.9,29.9,30.0,29.9,30.0,30.0,30.0,30.1,30.0,29.9,30.0,29.8,29.9,29.5,29.6,29.4,29.3,29.3,29.5,29.6,29.3,29.3,29.5,29.4,29.4,29.5,29.5,29.3,29.4,29.2,29.6,29.4,29.4,29.4,29.4,29.2,29.4,29.3,29.3,29.4,29.4,29.5,29.5,29.6,29.7,29.7,29.5,29.5,29.6,29.4,29.4,29.3,29.3,29.0,29.1,29.0,29.1,29.0,29.0,29.0,29.2,29.1,29.0,29.0,29.0,29.0,29.2,29.0,29.2,29.0,29.0,29.0,28.8,29.0,28.8,28.8,28.9,28.9,29.0,28.8,28.7,28.6,28.3,28.5,28.6,28.9,29.0,29.2,29.4,29.3,29.2,29.0,28.9,28.6,28.7,28.7,28.8,28.7,28.7,28.6,28.7,28.6,28.7,28.6,28.8,28.6,28.8,28.8,28.8,28.8,28.7,28.6,28.6,28.6,28.6,28.8,28.6,28.9,28.8,28.8,28.7,28.6,28.6,28.9,28.9,28.9,28.8,28.9,28.9,28.9,28.8,28.9,29.0,28.9,28.8,28.9,28.9,29.0,28.8,29.0,28.9,29.0,28.9,28.7,28.9,29.0,28.9,28.9,28.8,28.8,28.8,28.7,28.8,28.6,28.8,28.8,28.8,28.6,28.8,28.6,28.5,28.5,28.6,28.6,28.5
182,29.4,29.4,29.3,29.4,29.4,29.6,29.5,29.6,29.5,29.5,29.5,29.6,29.8,29.5,29.8,29.7,29.8,29.9,29.6,29.9,29.7,29.9,29.7,29.9,29.9,29.8,30.0,29.9,29.9,30.0,30.1,30.1,30.0,30.0,30.1,29.9,30.0,30.1,29.9,29.9,29.7,29.6,29.6,29.5,29.5,29.6,29.6,29.5,29.4,29.2,29.5,29.4,29.5,29.5,29.5,29.5,29.3,29.4,29.3,29.4,29.4,29.3,29.2,29.3,29.3,29.4,29.3,29.3,29.5,29.5,29.5,29.4,29.6,29.5,29.4,29.4,29.5,29.4,29.5,29.4,29.2,29.0,29.0,29.0,29.1,29.2,29.0,29.0,29.0,28.9,29.1,29.0,29.0,29.0,28.9,29.1,29.1,29.0,28.9,29.0,29.0,29.0,28.7,29.0,28.9,28.9,28.8,28.8,28.6,28.6,28.5,28.7,28.8,29.1,29.1,29.3,29.2,29.1,28.9,28.9,28.8,28.7,28.8,28.8,28.9,28.8,28.9,28.7,28.8,28.9,28.6,28.9,28.7,28.9,28.9,28.9,28.8,28.7,28.8,28.8,28.8,28.7,28.8,28.7,28.7,28.8,28.7,28.9,28.7,28.7,28.8,28.9,28.8,28.8,28.9,28.9,28.8,29.0,28.9,28.8,28.9,29.0,28.9,28.9,28.8,28.8,28.9,28.9,29.0,28.8,28.8,28.8,28.6,28.8,28.8,28.8,28.8,28.9,28.7,28.6,28.6,28.8,28.8,28.7,28.6,28.6,28.6,28.5,28.5,28.5,28.7,28.7
183,29.3,29.4,29.4,29.4,29.4,29.5,29.4,29.6,29.4,29.5,29.5,29.4,29.6,29.5,29.7,29.7,29.7,29.7,29.7,29.7,29.7,29.8,29.8,29.8,29.8,29.8,29.9,29.9,29.9,30.1,30.0,30.0,29.9,30.0,30.1,29.9,29.9,30.0,29.9,29.8,29.8,29.5,29.6,29.4,29.2,29.5,29.4,29.3,29.5,29.3,29.3,29.3,29.5,29.4,29.4,29.4,29.4,29.4,29.3,29.6,29.5,29.3,29.5,29.4,29.4,29.2,29.3,29.4,29.4,29.4,29.5,29.6,29.8,29.4,29.6,29.7,29.5,29.3,29.5,29.2,29.1,29.0,29.0,29.0,29.1,29.1,29.0,29.0,29.1,29.1,29.1,29.0,28.9,28.9,28.9,29.0,29.0,28.9,28.9,29.0,29.0,28.9,28.9,28.9,28.9,28.8,29.0,28.8,28.8,28.5,28.6,28.8,28.9,29.1,29.2,29.3,29.3,29.0,28.9,28.8,28.6,28.8,28.9,29.0,28.8,28.9,29.0,28.8,28.8,28.8,28.8,28.8,29.0,28.9,28.8,28.9,28.8,28.9,28.6,28.9,28.8,28.8,28.8,28.9,28.8,28.7,28.7,28.8,28.7,28.8,28.9,28.9,28.8,28.8,28.9,29.0,28.8,28.8,28.9,28.8,28.9,28.7,28.8,28.7,28.8,28.8,28.8,28.9,28.8,28.8,28.7,28.8,28.8,28.8,28.7,28.8,28.8,28.9,28.7,28.8,28.6,28.7,28.7,28.8,28.5,28.7,28.6,28.6,28.5,28.5,28.7,28.5
184,29.4,29.4,29.2,29.5,29.4,29.4,29.5,29.5,29.6,29.5,29.5,29.7,29.5,29.5,29.8,29.5,29.6,29.6,29.7,29.7,29.8,29.9,29.9,29.7,29.9,29.9,29.9,29.9,29.9,30.0,30.1,30.0,29.9,29.9,30.0,29.9,30.0,29.9,29.9,29.7,29.6,29.5,29.6,29.4,29.3,29.4,29.2,29.3,29.3,29.4,29.4,29.3,29.4,29.5,29.4,29.5,29.4,29.2,29.4,29.4,29.2,29.1,29.2,29.3,29.2,29.2,29.3,29.4,29.4,29.4,29.7,29.6,29.5,29.5,29.6,29.5,29.4,29.5,29.3,29.3,29.1,29.2,29.0,29.2,29.0,29.2,29.2,29.2,28.9,29.1,28.9,29.1,29.0,28.9,29.1,29.0,29.0,29.0,29.0,29.0,28.8,29.0,28.9,29.0,28.8,28.9,28.8,28.8,28.7,28.5,28.5,28.8,28.9,29.0,29.2,29.2,29.2,29.0,29.0,28.8,28.8,28.8,28.8,28.9,28.9,28.9,28.8,29.0,28.9,28.7,28.9,29.1,28.8,28.9,28.9,28.8,28.9,28.8,28.8,29.0,28.9,28.8,28.6,28.8,29.0,28.8,28.7,28.9,28.8,28.7,28.7,28.7,28.8,28.8,29.1,29.0,28.9,29.0,28.9,28.8,28.8,28.8,28.7,28.8,28.6,28.7,28.9,28.8,28.8,28.6,28.8,28.7,28.7,28.8,28.7,28.7,28.6,28.6,28.7,28.5,28.7,28.4,28.7,28.8,28.6,28.6,28.5,28.6,28.6,28.5,28.6,28.7
185,29.3,29.4,29.4,29.3,29.3,29.4,29.3,29.4,29.3,29.5,29.4,29.5,29.6,29.7,29.6,29.7,29.4,29.6,29.6,29.6,29.7,29.7,29.7,29.6,29.9,29.8,29.9,29.9,29.9,30.0,29.9,29.9,30.0,30.0,29.9,30.0,30.0,30.0,30.0,29.8,29.6,29.7,29.6,29.4,29.4,29.4,29.4,29.2,29.5,29.4,29.4,29.4,29.4,29.3,29.4,29.5,29.4,29.4,29.4,29.4,29.3,29.3,29.2,29.4,29.4,29.4,29.2,29.3,29.2,29.4,29.5,29.4,29.6,29.5,29.4,29.4,29.2,29.4,29.3,29.2,29.0,29.0,29.2,29.1,28.9,29.1,29.2,29.1,29.0,29.1,29.0,29.0,28.9,29.1,29.0,29.0,29.0,28.9,29.0,28.9,29.0,28.9,29.1,28.9,28.8,28.9,28.9,28.8,28.7,28.7,28.7,28.8,28.9,29.0,29.0,29.1,29.2,29.0,28.9,28.8,28.8,28.8,28.9,28.9,28.8,29.0,28.9,28.9,28.9,28.9,28.7,28.8,28.9,29.0,28.8,28.8,28.9,28.9,28.8,28.8,28.8,28.7,28.8,28.8,28.8,29.0,28.8,28.8,28.8,28.6,28.9,28.8,28.9,28.8,28.8,28.8,28.9,28.9,28.8,28.9,28.8,29.0,28.9,28.8,28.9,28.7,28.7,28.8,28.8,28.8,28.7,28.8,28.5,28.8,28.8,28.8,28.7,28.8,28.6,28.6,28.5,28.6,28.7,28.8,28.6,28.6,28.5,28.7,28.6,28.5,28.7,28.3
186,29.2,29.2,29.4,29.4,29.5,29.5,29.4,29.4,29.5,29.5,29.6,29.5,29.7,29.6,29.6,29.7,29.5,29.7,29.7,29.9,29.6,29.6,29.8,29.6,29.9,30.0,29.9,29.8,29.8,29.9,29.9,29.9,29.9,29.8,29.9,29.9,29.9,29.9,29.9,29.7,29.7,29.6,29.5,29.5,29.3,29.5,29.4,29.4,29.2,29.4,29.4,29.4,29.4,29.4,29.3,29.4,29.3,29.3,29.4,29.5,29.4,29.4,29.3,29.3,29.4,29.3,29.3,29.3,29.4,29.4,29.5,29.6,29.7,29.6,29.5,29.4,29.5,29.5,29.4,29.2,29.3,29.1,29.1,29.1,29.0,29.2,29.0,29.0,28.9,29.1,29.0,29.1,29.0,29.0,29.1,29.0,28.9,29.0,29.0,29.0,28.8,29.0,28.9,29.2,28.9,28.8,29.0,29.0,28.8,28.6,28.7,28.8,28.8,29.0,29.0,29.2,29.3,29.2,29.0,28.8,28.7,28.8,28.8,28.8,29.0,28.8,28.8,28.9,28.9,28.9,28.9,28.9,28.9,28.9,28.9,28.9,28.8,28.9,28.8,28.9,28.8,28.8,28.8,28.8,28.9,28.8,28.8,28.7,28.7,28.7,28.8,28.8,28.9,28.7,28.8,28.9,28.8,28.8,29.1,28.9,28.8,28.6,28.9,28.9,28.9,28.9,28.8,28.9,29.0,28.7,28.8,28.6,28.9,29.0,28.8,28.6,28.8,28.8,28.7,28.8,28.6,28.6,28.8,28.8,28.7,28.5,28.5,28.7,28.6,28.5,28.5,28.7
187,29.2,29.4,29.4,29.3,29.4,29.4,29.3,29.5,29.5,29.4,29.4,29.4,29.5,29.5,29.6,29.5,29.6,29.6,29.5,29.9,29.8,29.6,29.8,29.7,29.7,29.9,29.8,29.8,29.9,30.0,29.9,29.8,29.7,29.8,29.9,29.9,29.9,30.0,29.8,29.8,29.6,29.6,29.7,29.3,29.5,29.4,29.4,29.3,29.3,29.3,29.4,29.5,29.3,29.5,29.4,29.4,29.4,29.4,29.5,29.3,29.4,29.4,29.4,29.3,29.3,29.2,29.4,29.2,29.3,29.3,29.7,29.6,29.6,29.6,29.5,29.3,29.2,29.4,29.3,29.3,29.1,28.9,29.0,29.1,28.9,29.0,29.1,29.2,29.0,29.0,29.0,29.2,28.9,29.0,28.9,28.9,28.9,29.0,29.0,28.9,29.1,28.9,29.2,29.0,29.0,29.0,28.8,28.8,28.9,28.7,28.6,28.9,29.0,29.1,29.0,29.2,29.3,29.2,29.0,28.8,28.9,28.8,28.8,29.0,29.0,28.8,28.8,28.9,28.8,28.8,28.8,29.1,28.9,29.0,28.9,28.9,28.8,28.9,28.9,28.8,28.8,28.9,28.8,28.8,29.0,28.8,29.0,28.8,28.7,28.7,28.7,28.8,28.6,28.9,28.7,28.8,28.7,29.0,28.9,28.8,28.7,28.8,28.9,28.7,28.9,28.8,28.8,28.8,28.9,28.8,28.7,28.8,28.6,28.7,28.8,28.8,28.8,28.8,28.6,28.7,28.6,28.7,28.8,28.5,28.5,28.8,28.3,28.5,28.5,28.7,28.5,28.3
188,29.3,29.4,29.4,29.4,29.4,29.4,29.3,29.5,29.5,29.4,29.6,29.5,29.5,29.6,29.7,29.7,29.6,29.6,29.6,29.7,29.7,29.9,29.7,29.8,29.8,29.9,30.0,29.8,29.9,29.7,29.9,30.0,29.9,29.9,30.0,30.0,29.8,30.1,29.9,29.8,29.7,29.5,29.6,29.4,29.4,29.4,29.4,29.4,29.4,29.5,29.4,29.4,29.2,29.4,29.5,29.4,29.5,29.5,29.5,29.3,29.5,29.4,29.4,29.4,29.4,29.3,29.3,29.4,29.2,29.4,29.5,29.7,29.6,29.6,29.5,29.4,29.6,29.4,29.4,29.3,29.3,29.1,29.2,29.1,29.1,29.0,29.0,29.0,29.2,29.1,29.1,29.0,28.9,29.0,29.1,29.0,29.0,29.1,28.9,28.8,28.9,29.2,29.0,29.0,29.1,29.0,29.0,29.0,28.8,28.6,28.7,28.9,29.0,29.2,29.2,29.4,29.1,29.2,29.0,28.9,29.0,29.0,29.0,28.8,28.9,29.0,29.0,28.9,29.1,28.9,28.9,29.0,29.0,29.0,29.0,29.0,28.9,28.8,29.0,29.0,28.9,28.9,28.8,28.8,28.9,28.9,28.9,28.9,28.9,28.7,28.8,28.6,28.7,28.7,28.8,28.8,28.8,28.8,28.7,28.8,28.8,28.8,28.8,28.8,28.8,28.7,28.8,28.7,28.8,28.8,28.8,28.7,28.7,28.6,28.7,28.7,28.9,28.8,28.8,28.6,28.8,28.4,28.7,28.7,28.7,28.6,28.7,28.5,28.6,28.5,28.7,28.6
189,29.2,29.2,29.1,29.3,29.3,29.4,29.4,29.4,29.2,29.3,29.5,29.5,29.5,29.7,29.5,29.5,29.6,29.5,29.5,29.7,29.7,29.8,29.7,29.5,29.8,29.7,29.7,29.9,29.9,29.8,30.0,29.7,29.9,29.8,29.8,29.8,29.7,29.9,29.8,29.7,29.5,29.5,29.5,29.5,29.3,29.4,29.5,29.4,29.3,29.4,29.4,29.4,29.5,29.4,29.5,29.4,29.5,29.6,29.5,29.5,29.4,29.5,29.4,29.4,29.3,29.3,29.4,29.3,29.2,29.5,29.5,29.4,29.6,29.5,29.4,29.4,29.3,29.4,29.4,29.4,29.0,29.1,29.1,29.2,29.0,29.0,29.0,29.1,28.9,29.0,29.2,28.9,29.0,29.1,29.0,29.0,29.0,28.8,28.9,28.8,28.8,28.9,28.8,29.0,28.8,28.9,28.9,28.9,28.6,28.5,28.5,28.9,29.0,29.1,29.1,29.1,29.3,29.1,28.9,29.0,28.9,29.0,28.8,28.8,29.1,28.8,28.8,28.8,28.9,28.8,28.9,28.9,28.8,28.7,28.8,28.9,28.7,28.8,28.7,28.9,28.8,28.9,28.8,28.7,28.9,28.9,28.9,28.5,28.8,28.8,28.7,28.7,28.6,28.8,28.7,28.7,28.8,28.8,28.8,28.8,28.8,28.7,28.9,28.9,28.8,28.7,28.8,28.9,28.6,28.8,28.7,28.8,28.7,28.7,28.8,28.6,28.7,28.7,28.6,28.7,28.7,28.7,28.5,28.5,28.5,28.5,28.6,28.5,28.4,28.5,28.6,28.5
190,29.4,29.2,29.4,29.4,29.4,29.5,29.2,29.3,29.5,29.5,29.5,29.4,29.4,29.5,29.5,29.6,29.6,29.7,29.8,29.5,29.7,29.8,29.6,29.7,29.6,29.9,29.6,29.8,29.8,29.9,29.8,29.8,29.9,30.1,29.8,29.9,29.8,29.9,29.9,29.8,29.7,29.6,29.4,29.5,29.4,29.5,29.4,29.5,29.2,29.4,29.4,29.4,29.4,29.3,29.4,29.4,29.4,29.5,29.5,29.5,29.4,29.5,29.4,29.3,29.4,29.4,29.3,29.3,29.3,29.3,29.4,29.5,29.5,29.4,29.4,29.5,29.5,29.6,29.4,29.3,29.2,29.0,29.1,29.1,29.0,29.0,29.1,29.3,28.9,29.0,29.0,29.2,29.0,28.9,29.0,29.0,29.0,28.8,28.9,29.0,29.0,28.9,29.0,29.1,29.0,29.0,28.9,28.9,28.7,28.6,28.6,28.9,29.0,29.2,29.2,29.2,29.1,29.1,29.1,29.0,28.9,29.0,29.0,28.8,29.0,29.0,28.8,28.8,28.8,28.9,28.9,28.8,28.9,29.0,28.7,28.9,28.9,28.8,28.8,28.9,29.0,28.9,28.8,28.9,28.9,28.8,28.9,28.9,28.8,28.7,28.8,28.7,28.7,28.8,28.7,28.9,28.7,28.8,28.9,28.8,28.7,28.7,28.8,28.8,28.6,28.7,28.8,28.8,28.8,28.8,28.7,28.5,28.7,28.7,28.7,28.8,28.6,28.8,28.7,28.6,28.5,28.6,28.6,28.7,28.5,28.8,28.5,28.6,28.5,28.7,28.5,28.5
191,29.2,29.3,29.1,29.2,29.4,29.2,29.4,29.4,29.4,29.5,29.3,29.3,29.5,29.5,29.6,29.5,29.7,29.7,29.7,29.7,29.7,29.7,29.6,29.7,29.8,29.7,29.6,30.0,29.8,29.8,29.8,29.8,29.9,29.8,29.9,29.9,30.0,29.9,29.9,29.8,29.7,29.6,29.6,29.5,29.6,29.4,29.4,29.3,29.4,29.4,29.3,29.4,29.5,29.4,29.4,29.5,29.4,29.5,29.5,29.5,29.4,29.5,29.5,29.3,29.4,29.4,29.4,29.4,29.3,29.3,29.5,29.6,29.5,29.6,29.4,29.5,29.5,29.4,29.4,29.2,29.1,29.1,29.0,29.3,29.1,28.9,29.0,29.0,29.0,29.2,29.1,29.1,29.0,29.1,28.9,28.9,29.0,29.0,29.0,29.1,29.1,29.0,29.0,29.0,29.0,29.0,29.0,29.0,28.8,28.8,28.9,29.0,29.1,29.2,29.1,29.3,29.3,29.0,29.0,29.0,29.0,28.8,29.0,29.0,29.0,28.8,29.0,29.0,29.0,29.0,28.9,28.9,28.8,28.9,28.9,29.0,28.9,28.8,29.0,28.9,29.0,29.0,28.9,28.8,28.8,29.0,29.0,28.8,28.7,28.7,28.6,28.7,28.8,28.8,28.8,28.9,28.7,28.7,28.8,28.7,28.8,28.7,28.9,28.7,28.8,28.6,28.8,28.7,28.7,28.7,28.8,28.7,28.7,28.7,28.8,28.9,28.7,28.7,28.8,28.9,28.9,28.7,28.7,28.6,28.7,28.7,28.7,28.6,28.6,28.5,28.8,28.5
192,29.3,29.4,29.2,29.4,29.4,29.3,29.3,29.2,29.4,29.5,29.5,29.3,29.4,29.5,29.5,29.5,29.5,29.5,29.6,29.6,29.6,29.6,29.5,29.5,29.6,29.6,29.7,29.9,29.7,29.8,30.0,29.9,29.7,29.9,29.8,30.1,29.9,29.9,29.9,29.7,29.6,29.6,29.6,29.4,29.4,29.4,29.5,29.5,29.3,29.3,29.4,29.4,29.5,29.5,29.5,29.5,29.5,29.4,29.4,29.3,29.4,29.4,29.4,29.4,29.4,29.4,29.3,29.2,29.4,29.5,29.5,29.5,29.5,29.6,29.6,29.6,29.5,29.4,29.4,29.4,29.2,29.1,29.0,29.0,29.3,29.0,29.1,29.2,29.0,28.9,29.1,29.0,29.0,29.0,28.9,28.8,29.1,29.1,29.1,28.9,29.0,29.0,29.1,29.1,29.0,29.0,28.9,28.8,28.8,28.8,28.7,29.1,29.0,29.2,29.1,29.3,29.3,29.2,29.0,28.8,28.9,29.0,29.1,29.0,29.0,28.9,28.9,29.0,29.0,29.0,29.0,29.0,28.8,28.8,29.0,28.9,28.9,28.9,28.9,28.8,28.9,29.0,28.9,28.8,28.9,28.9,28.7,28.8,28.8,28.7,28.8,28.7,28.6,28.6,28.7,28.9,28.7,28.9,28.9,28.9,28.8,28.8,28.7,28.6,28.8,28.8,28.7,28.8,28.8,28.8,28.7,28.8,28.7,28.7,28.8,28.6,28.7,28.8,28.8,28.7,28.7,28.7,28.7,28.5,28.6,28.7,28.5,28.6,28.6,28.6,28.5,28.7
193,29.1,29.2,29.3,29.2,29.3,29.3,29.4,29.3,29.3,29.3,29.3,29.6,29.4,29.3,29.4,29.7,29.5,29.5,29.4,29.6,29.8,29.6,29.6,29.6,29.6,29.6,29.7,29.7,29.8,29.9,30.0,29.9,30.0,29.9,29.9,29.8,29.8,29.9,29.6,29.7,29.5,29.7,29.6,29.5,29.4,29.5,29.7,29.6,29.3,29.5,29.5,29.5,29.4,29.4,29.5,29.5,29.2,29.5,29.5,29.5,29.4,29.5,29.4,29.3,29.4,29.3,29.3,29.3,29.4,29.4,29.6,29.5,29.4,29.4,29.4,29.4,29.4,29.5,29.4,29.1,29.1,29.0,29.0,29.0,29.0,29.0,29.1,29.1,28.9,29.2,28.9,28.9,29.0,29.0,29.0,29.1,29.0,28.8,29.0,29.0,28.9,29.0,29.0,29.0,29.0,29.1,29.0,29.0,28.8,28.8,28.8,28.9,29.1,29.0,29.2,29.3,29.1,29.0,28.9,28.9,28.9,28.9,29.0,29.1,29.0,28.9,29.0,29.0,28.9,28.9,28.9,29.0,29.0,28.9,28.9,29.0,28.8,28.8,28.8,29.0,29.0,29.0,28.9,28.8,28.9,28.8,28.7,28.8,28.8,28.9,28.8,28.6,28.6,28.7,28.7,28.8,28.9,28.8,28.9,28.8,28.7,28.7,28.8,28.8,28.7,28.8,28.7,28.7,28.9,28.9,28.8,28.7,28.7,28.8,28.7,28.7,28.7,28.7,28.6,28.6,28.6,28.5,28.6,28.4,28.7,28.6,28.6,28.5,28.4,28.5,28.5,28.5
194,29.3,29.3,29.1,29.3,29.4,29.5,29.4,29.5,29.4,29.4,29.3,29.5,29.3,29.4,29.5,29.5,29.4,29.5,29.6,29.5,29.6,29.6,29.6,29.6,29.6,29.7,29.7,29.6,29.7,29.8,29.6,29.8,29.8,29.8,29.8,29.7,29.8,29.7,29.7,29.7,29.8,29.7,29.7,29.2,29.4,29.4,29.3,29.4,29.4,29.6,29.4,29.4,29.4,29.4,29.4,29.3,29.5,29.4,29.4,29.6,29.4,29.3,29.5,29.3,29.2,29.3,29.5,29.4,29.4,29.5,29.5,29.6,29.6,29.4,29.5,29.5,29.4,29.5,29.4,29.2,29.1,29.2,29.1,29.1,29.1,29.1,29.0,29.2,29.1,29.0,29.1,29.0,29.0,29.1,29.1,29.0,29.0,29.1,29.1,29.0,29.0,29.0,29.1,29.0,29.0,29.1,29.0,28.9,28.8,28.8,28.9,28.9,29.1,29.2,29.4,29.3,29.2,29.1,29.0,28.9,29.0,29.0,28.8,29.0,29.0,29.0,29.0,28.8,28.9,28.9,28.9,28.9,29.0,28.9,29.0,28.9,28.8,29.0,28.9,28.9,28.9,29.0,28.8,28.9,28.9,28.8,28.8,28.9,28.8,28.7,28.7,28.6,28.6,28.7,28.6,28.6,28.8,28.7,28.8,28.8,28.8,28.8,28.9,28.8,28.8,28.8,28.8,28.7,28.7,28.6,28.6,28.6,28.6,28.8,28.8,28.8,28.7,28.8,28.5,28.7,28.7,28.5,28.6,28.6,28.5,28.6,28.8,28.5,28.6,28.4,28.6,28.6
195,29.2,29.4,29.2,29.4,29.4,29.3,29.2,29.5,29.4,29.4,29.4,29.4,29.4,29.4,29.6,29.4,29.6,29.4,29.4,29.6,29.5,29.5,29.6,29.5,29.6,29.6,29.7,29.6,29.5,29.9,29.7,29.8,29.7,29.7,29.7,29.7,29.7,29.9,29.8,29.7,29.5,29.5,29.5,29.6,29.4,29.4,29.5,29.4,29.4,29.5,29.5,29.4,29.4,29.4,29.4,29.4,29.4,29.4,29.4,29.5,29.4,29.5,29.4,29.5,29.4,29.3,29.4,29.2,29.4,29.5,29.4,29.6,29.7,29.8,29.5,29.5,29.4,29.5,29.2,29.2,28.9,29.0,29.2,29.2,29.2,29.1,29.1,29.1,29.1,29.0,29.2,29.0,29.1,29.0,29.0,29.0,29.1,29.1,29.0,28.9,29.0,29.1,29.0,28.9,29.0,29.2,29.0,29.0,29.0,28.8,28.8,29.2,29.1,29.1,29.2,29.3,29.1,28.9,29.0,28.9,28.8,28.9,28.8,28.8,29.0,28.9,29.0,28.9,29.1,29.0,28.9,29.0,28.9,28.8,29.0,28.9,28.9,28.9,28.8,28.9,28.8,28.7,29.0,29.0,28.9,28.8,28.9,28.5,28.6,28.6,28.7,28.6,28.7,28.6,28.7,28.7,28.8,28.9,28.7,28.8,28.7,28.8,28.8,29.0,28.7,28.8,28.8,28.7,28.9,28.8,28.6,28.6,28.6,28.8,28.7,28.6,28.6,28.8,28.7,28.6,28.4,28.5,28.6,28.6,28.7,28.6,28.5,28.5,28.5,28.5,28.5,28.5
196,29.1,29.2,29.3,29.0,29.4,29.2,29.3,29.2,29.4,29.3,29.2,29.5,29.3,29.5,29.4,29.4,29.4,29.5,29.5,29.5,29.5,29.5,29.6,29.6,29.4,29.6,29.6,29.6,29.6,29.9,29.7,29.8,29.7,29.8,29.8,29.7,29.7,29.7,29.9,29.7,29.7,29.6,29.6,29.4,29.4,29.5,29.4,29.5,29.4,29.5,29.5,29.5,29.2,29.4,29.4,29.5,29.4,29.5,29.4,29.2,29.4,29.6,29.4,29.4,29.5,29.4,29.3,29.2,29.3,29.5,29.5,29.6,29.8,29.7,29.6,29.5,29.4,29.5,29.3,29.2,29.1,29.0,29.1,29.2,29.0,29.1,28.9,29.1,29.1,29.2,29.1,29.0,29.0,29.0,28.9,29.0,28.8,29.0,29.1,29.0,29.0,29.1,29.0,29.0,29.0,29.0,29.0,29.0,28.8,28.8,29.0,29.0,29.4,29.1,29.2,29.1,29.2,29.0,28.8,29.0,28.8,29.0,28.9,28.9,29.1,28.8,29.0,29.0,29.0,29.0,29.0,28.9,28.9,28.9,28.9,28.9,28.8,28.8,28.8,28.8,28.9,28.8,28.6,28.8,28.7,28.8,29.0,28.7,28.6,28.7,28.7,28.5,28.6,28.7,28.5,28.5,28.6,28.7,28.8,28.9,28.6,28.8,28.8,28.8,28.8,28.7,28.8,28.7,28.8,28.8,28.6,28.7,28.7,28.6,28.7,28.5,28.6,28.6,28.5,28.7,28.6,28.5,28.6,28.7,28.4,28.5,28.4,28.5,28.5,28.4,28.5,28.4
197,29.2,29.2,29.3,29.2,29.2,29.3,29.4,29.3,29.4,29.4,29.2,29.3,29.3,29.3,29.4,29.5,29.4,29.4,29.4,29.5,29.6,29.5,29.6,29.5,29.6,29.7,29.6,29.6,29.6,29.6,29.7,29.7,29.9,29.8,29.5,29.7,29.7,29.8,29.7,29.7,29.8,29.5,29.5,29.4,29.4,29.4,29.5,29.2,29.4,29.5,29.3,29.3,29.4,29.3,29.5,29.5,29.3,29.5,29.4,29.4,29.5,29.5,29.5,29.6,29.4,29.3,29.3,29.5,29.3,29.5,29.8,29.8,29.8,29.6,29.5,29.5,29.5,29.5,29.4,29.1,29.0,29.0,29.1,29.0,29.2,29.0,28.9,29.2,29.2,29.2,29.0,29.2,29.1,29.0,29.0,29.0,29.1,29.0,29.2,29.0,29.0,29.0,29.0,29.2,29.0,29.1,28.9,29.0,28.9,28.8,28.9,29.0,29.1,29.1,29.2,29.1,29.0,29.1,28.9,29.0,28.9,28.9,29.0,28.9,29.0,28.9,29.0,28.9,28.8,29.0,28.8,28.9,29.1,28.9,29.0,28.7,28.9,28.8,28.8,28.8,29.0,28.9,28.8,28.9,28.9,28.8,28.9,28.9,28.5,28.7,28.6,28.8,28.7,28.7,28.6,28.7,28.6,28.7,28.6,28.6,28.7,28.7,28.6,28.7,28.9,28.6,28.7,28.7,28.8,28.8,28.6,28.6,28.6,28.8,28.6,28.7,28.7,28.7,28.7,28.6,28.3,28.6,28.6,28.5,28.6,28.7,28.5,28.5,28.6,28.4,28.6,28.4
198,29.3,29.2,29.2,29.2,29.2,29.4,29.3,29.3,29.4,29.2,29.2,29.4,29.5,29.1,29.3,29.4,29.3,29.5,29.5,29.5,29.5,29.5,29.4,29.5,29.6,29.5,29.6,29.6,29.6,29.7,29.6,29.7,29.9,29.7,29.5,29.7,29.7,29.8,29.8,29.9,29.7,29.7,29.5,29.4,29.4,29.5,29.5,29.5,29.4,29.4,29.4,29.4,29.5,29.5,29.4,29.5,29.5,29.4,29.5,29.4,29.6,29.4,29.4,29.6,29.5,29.4,29.5,29.3,29.5,29.6,29.8,29.8,29.9,29.9,29.5,29.6,29.4,29.4,29.2,29.4,29.0,29.0,29.1,29.1,29.2,29.2,29.2,29.1,29.2,29.1,29.1,29.0,29.2,29.3,29.0,29.1,29.1,29.0,29.0,29.1,29.0,29.2,29.1,29.2,29.2,29.0,29.0,29.0,28.9,29.0,29.0,29.2,29.3,29.3,29.1,29.2,29.1,29.0,29.0,28.8,29.0,28.8,29.0,28.8,29.1,29.0,28.8,29.0,29.0,28.9,29.0,29.0,29.0,28.9,29.0,28.9,28.8,28.8,28.8,28.8,28.8,29.1,28.8,28.8,28.9,28.8,28.7,28.7,28.8,28.7,28.6,28.7,28.8,28.7,28.7,28.9,28.7,28.8,28.7,28.7,28.8,28.8,28.8,28.7,28.8,28.6,28.7,28.7,28.8,28.5,28.7,28.7,28.5,28.6,28.7,28.7,28.7,28.8,28.6,28.7,28.7,28.5,28.6,28.5,28.6,28.6,28.4,28.7,28.5,28.3,28.6,28.5
199,29.2,29.2,29.3,29.4,29.2,29.4,29.4,29.2,29.4,29.5,29.4,29.3,29.3,29.5,29.4,29.4,29.3,29.5,29.5,29.5,29.6,29.4,29.5,29.5,29.7,29.6,29.7,29.6,29.7,29.7,29.7,29.6,29.8,29.6,29.9,29.7,29.7,29.9,29.8,29.8,29.5,29.5,29.5,29.4,29.4,29.5,29.6,29.4,29.5,29.4,29.4,29.4,29.4,29.5,29.6,29.5,29.5,29.5,29.5,29.5,29.5,29.6,29.5,29.5,29.5,29.5,29.5,29.5,29.5,29.7,29.8,29.9,30.1,29.8,29.7,29.6,29.6,29.4,29.5,29.2,29.2,29.1,29.2,29.3,29.1,29.1,29.1,29.3,29.1,29.2,29.1,29.0,29.1,29.2,28.9,29.2,29.2,29.0,29.0,28.9,29.0,28.9,29.0,29.0,29.1,29.1,29.0,28.8,29.0,28.8,29.0,29.2,29.2,29.2,29.2,29.2,29.2,29.0,28.8,28.8,29.0,28.9,28.9,28.9,29.0,28.9,28.9,29.0,28.9,29.0,29.1,29.0,28.9,29.0,28.9,28.9,28.7,28.8,28.9,28.8,29.0,28.7,28.9,29.0,29.0,28.8,28.8,28.7,28.7,28.6,28.7,28.7,28.7,28.7,28.6,28.8,28.8,28.8,28.8,28.6,28.8,28.7,28.8,28.8,28.8,29.0,28.8,28.7,28.8,28.7,28.6,28.8,28.6,28.7,28.7,28.6,29.0,28.8,28.6,28.5,28.6,28.5,28.8,28.7,28.6,28.7,28.5,28.5,28.6,28.7,28.5,28.5
200,29.3,29.3,29.2,29.2,29.3,29.4,29.3,29.3,29.3,29.3,29.3,29.3,29.3,29.3,29.4,29.5,29.5,29.5,29.4,29.4,29.5,29.5,29.5,29.4,29.5,29.5,29.5,29.6,29.6,29.6,29.8,29.6,29.9,29.7,29.7,29.8,29.9,29.7,29.8,29.9,29.6,29.7,29.8,29.4,29.4,29.4,29.5,29.4,29.5,29.4,29.4,29.4,29.3,29.4,29.4,29.4,29.5,29.4,29.4,29.4,29.5,29.5,29.5,29.3,29.4,29.5,29.4,29.3,29.5,29.7,29.9,29.8,30.0,29.9,29.7,29.6,29.5,29.4,29.4,29.2,29.0,29.0,29.2,29.1,29.1,29.1,29.0,29.1,29.0,29.1,29.0,29.1,29.1,29.0,29.0,29.1,29.2,29.0,29.0,28.9,29.1,29.0,28.9,29.0,29.0,28.8,29.2,29.0,28.7,29.0,29.1,29.0,29.2,29.1,29.2,29.1,29.0,28.9,28.9,28.8,29.0,29.0,29.0,28.9,28.9,28.9,28.9,29.0,28.9,28.9,28.8,28.8,28.9,29.0,28.9,28.9,28.9,28.8,29.0,28.8,28.8,29.0,28.8,28.9,28.9,28.8,28.8,28.7,28.7,28.7,28.8,28.8,28.6,28.7,28.6,28.8,28.6,28.8,28.7,28.7,29.1,28.7,28.8,28.7,28.6,28.8,28.8,28.7,28.6,28.8,28.6,28.5,28.7,28.6,28.8,28.6,28.7,28.7,28.5,28.6,28.6,28.6,28.5,28.7,28.6,28.5,28.5,28.6,28.6,28.5,28.6,28.5
201,29.3,29.2,29.2,29.2,29.0,29.3,29.3,29.3,29.3,29.4,29.4,29.3,29.2,29.4,29.2,29.2,29.4,29.4,29.5,29.4,29.4,29.5,29.6,29.5,29.6,29.7,29.7,29.7,29.6,29.6,29.7,29.8,29.7,29.8,29.6,29.7,29.9,29.8,29.7,29.8,29.6,29.7,29.5,29.5,29.4,29.5,29.6,29.4,29.5,29.4,29.5,29.4,29.4,29.5,29.4,29.5,29.5,29.4,29.6,29.6,29.5,29.4,29.5,29.4,29.5,29.4,29.4,29.4,29.6,29.7,29.9,30.1,30.0,29.8,29.7,29.7,29.8,29.4,29.4,29.1,29.1,29.0,29.2,29.2,29.1,29.2,29.0,29.2,29.2,29.1,29.0,29.1,29.1,29.2,29.0,29.0,29.0,29.0,29.0,29.0,29.0,29.1,29.1,29.2,29.1,28.9,28.9,28.9,29.0,28.9,29.0,29.2,29.1,29.2,29.1,29.2,29.0,29.0,28.9,28.9,29.0,29.0,29.0,28.8,29.0,28.9,28.9,29.0,29.0,29.0,28.9,28.8,28.9,29.0,29.0,28.8,28.8,28.8,29.0,29.0,28.9,28.8,28.7,29.0,28.7,28.8,28.9,28.7,28.5,28.8,28.7,28.5,28.7,28.6,28.8,28.6,28.8,28.7,28.8,28.7,28.9,28.8,28.7,28.8,29.0,28.7,28.6,28.6,28.6,28.7,28.7,28.5,28.7,28.8,28.8,28.6,28.6,28.5,28.6,28.6,28.7,28.6,28.7,28.7,28.6,28.5,28.5,28.7,28.6,28.6,28.6,28.5
202,29.3,29.3,29.3,29.2,29.3,29.2,29.2,29.1,29.4,29.4,29.3,29.4,29.3,29.3,29.2,29.4,29.4,29.4,29.4,29.5,29.4,29.4,29.4,29.4,29.5,29.7,29.5,29.6,29.6,29.7,29.7,29.6,29.7,29.8,29.9,29.6,29.8,29.7,29.7,29.8,29.7,29.7,29.5,29.4,29.5,29.5,29.5,29.4,29.5,29.4,29.4,29.4,29.5,29.5,29.5,29.4,29.4,29.4,29.4,29.5,29.4,29.4,29.4,29.4,29.4,29.5,29.6,29.6,29.6,29.7,30.0,30.1,30.1,29.9,29.7,29.6,29.5,29.5,29.4,29.1,29.1,29.0,29.1,29.2,29.1,29.1,29.3,29.1,29.0,29.2,29.1,29.0,29.1,28.9,28.9,29.1,29.0,29.0,29.0,29.0,29.2,29.1,29.0,28.9,29.0,29.2,29.1,29.1,28.9,28.9,29.0,29.2,29.2,29.2,29.1,29.2,29.0,29.0,28.9,28.9,29.0,29.0,28.9,29.0,28.9,28.9,29.0,29.0,28.8,29.0,28.8,29.0,29.0,28.9,29.0,28.8,28.8,28.8,28.8,28.9,28.8,28.9,28.9,28.9,28.8,29.0,28.8,28.6,28.7,28.6,28.6,28.8,28.7,28.8,28.8,28.7,28.9,28.8,28.8,28.7,28.7,28.7,28.7,28.6,28.6,28.7,28.8,28.5,28.8,28.5,28.6,28.6,28.6,28.5,28.7,28.6,28.6,28.7,28.6,28.6,28.5,28.5,28.6,28.7,28.5,28.5,28.7,28.5,28.3,28.7,28.5,28.4
203,29.1,29.3,29.1,29.2,29.0,29.3,29.3,29.2,29.2,29.3,29.4,29.3,29.3,29.3,29.4,29.4,29.5,29.3,29.4,29.5,29.5,29.5,29.4,29.4,29.5,29.4,29.7,29.5,29.6,29.6,29.7,29.8,29.7,29.5,29.7,29.7,29.5,29.8,29.7,29.7,29.8,29.6,29.6,29.5,29.5,29.6,29.4,29.4,29.4,29.4,29.4,29.4,29.4,29.5,29.5,29.2,29.4,29.6,29.5,29.4,29.5,29.5,29.3,29.3,29.5,29.5,29.5,29.4,29.7,29.8,29.8,30.1,30.0,29.9,29.8,29.6,29.5,29.5,29.4,29.1,29.1,29.0,29.1,29.1,29.1,29.2,29.0,29.1,29.2,29.3,29.0,29.1,28.8,29.0,29.0,29.0,28.9,29.1,29.0,29.1,29.1,28.9,29.0,29.0,29.0,28.9,28.9,28.9,28.8,28.9,29.2,29.2,29.2,29.2,29.2,29.0,29.2,28.9,28.9,28.8,28.8,29.0,29.0,28.9,28.9,29.0,29.0,29.0,28.9,28.9,29.0,28.9,28.7,28.8,28.8,28.8,28.9,28.9,28.8,28.8,28.8,28.8,28.8,28.9,29.0,28.8,28.6,28.6,28.8,28.6,28.7,28.8,28.7,28.7,28.7,28.6,28.6,28.7,28.6,28.7,28.7,28.8,28.8,28.7,28.8,28.6,28.8,28.7,28.7,28.7,28.7,28.6,28.8,28.5,28.6,28.7,28.6,28.8,28.7,28.7,28.6,28.6,28.7,28.7,28.5,28.5,28.3,28.5,28.5,28.6,28.5,28.4
204,29.0,29.1,29.1,29.1,29.2,29.4,29.2,29.4,29.3,29.2,29.1,29.3,29.4,29.4,29.3,29.3,29.2,29.4,29.3,29.4,29.4,29.5,29.5,29.5,29.4,29.4,29.6,29.5,29.5,29.5,29.6,29.6,29.8,29.5,29.5,29.7,29.6,29.7,29.6,29.8,29.6,29.8,29.6,29.3,29.7,29.5,29.3,29.4,29.5,29.5,29.5,29.4,29.4,29.3,29.5,29.6,29.4,29.4,29.4,29.4,29.4,29.5,29.4,29.4,29.4,29.4,29.4,29.6,29.6,29.7,29.7,30.0,29.9,29.7,29.7,29.7,29.6,29.7,29.5,29.3,29.0,29.1,29.0,29.1,29.0,29.1,29.1,29.2,29.2,29.0,29.1,28.9,29.0,29.1,29.1,28.9,29.1,29.0,28.9,29.1,29.0,28.9,29.1,29.0,29.0,28.9,29.1,29.0,29.2,29.1,29.1,29.2,29.4,29.2,29.1,29.1,29.1,29.0,28.8,28.7,28.8,28.9,28.9,28.9,28.9,28.8,28.9,28.9,28.8,29.0,28.8,29.0,28.9,29.0,28.9,29.0,28.8,29.0,28.7,28.7,28.8,28.6,28.8,28.8,28.8,28.8,28.5,28.6,28.7,28.5,28.6,28.8,28.7,28.7,28.8,28.8,28.6,28.7,28.6,28.6,28.8,28.8,28.6,28.7,28.7,28.6,28.8,28.6,28.8,28.7,28.6,28.7,28.7,28.6,28.6,28.7,28.8,28.5,28.5,28.5,28.5,28.7,28.6,28.4,28.5,28.5,28.4,28.6,28.2,28.4,28.5,28.4
205,29.1,29.2,29.2,29.1,29.3,29.1,29.2,29.3,29.2,29.2,29.1,29.4,29.3,29.3,29.5,29.3,29.2,29.3,29.3,29.4,29.4,29.5,29.4,29.4,29.5,29.4,29.5,29.4,29.5,29.5,29.6,29.6,29.5,29.5,29.5,29.6,29.7,29.8,29.8,29.6,29.9,29.6,29.5,29.5,29.4,29.6,29.4,29.5,29.4,29.5,29.4,29.4,29.4,29.4,29.4,29.4,29.2,29.5,29.5,29.5,29.5,29.6,29.4,29.5,29.4,29.4,29.6,29.5,29.4,29.7,30.0,30.0,30.1,30.0,29.7,29.5,29.6,29.6,29.4,29.2,29.0,29.0,29.1,29.1,29.0,29.0,29.0,29.1,29.0,29.1,29.1,29.1,29.0,29.1,29.0,29.0,29.1,29.0,29.0,29.0,29.0,28.8,29.0,29.0,29.0,29.0,29.0,29.0,28.9,29.0,29.0,29.3,29.2,29.3,29.2,29.0,29.1,29.0,28.9,28.9,28.7,28.9,29.0,28.9,28.9,29.1,28.7,28.9,29.0,28.9,28.8,28.8,29.0,28.8,29.0,28.9,28.8,28.8,29.0,28.8,28.8,28.9,28.8,28.9,28.9,28.8,28.6,28.5,28.5,28.5,28.8,28.6,28.5,28.5,28.7,28.8,28.7,28.7,28.7,28.7,28.6,28.5,28.7,28.5,28.8,28.6,28.6,28.5,28.5,28.6,28.7,28.6,28.6,28.6,28.7,28.6,28.6,28.6,28.6,28.6,28.6,28.4,28.6,28.5,28.5,28.5,28.6,28.5,28.3,28.2,28.6,28.3
206,29.0,29.2,29.0,29.0,29.1,29.2,29.3,29.3,29.1,29.3,29.2,29.2,29.3,29.2,29.2,29.3,29.3,29.2,29.4,29.5,29.4,29.2,29.4,29.4,29.4,29.6,29.5,29.5,29.5,29.5,29.6,29.5,29.6,29.5,29.5,29.4,29.6,29.8,29.7,29.7,29.6,29.7,29.5,29.4,29.5,29.5,29.5,29.4,29.4,29.4,29.4,29.3,29.5,29.5,29.3,29.5,29.4,29.4,29.2,29.4,29.5,29.4,29.4,29.4,29.4,29.4,29.4,29.5,29.5,29.7,29.8,30.0,30.1,29.9,29.7,29.7,29.6,29.4,29.3,29.1,28.8,28.8,28.9,28.9,29.0,28.9,29.0,29.1,29.0,29.0,29.0,28.9,28.9,29.0,29.0,29.0,29.1,28.9,28.8,28.9,29.1,28.7,28.9,29.0,29.1,28.9,29.0,28.8,28.9,28.9,29.2,29.3,29.4,29.4,29.3,29.1,29.0,29.0,29.0,28.8,28.8,29.0,29.0,28.9,28.9,28.9,28.9,29.1,28.9,29.0,28.9,29.0,28.8,28.9,28.8,28.9,28.8,28.9,28.9,28.8,28.9,28.9,28.8,28.9,28.8,28.8,28.7,28.6,28.5,28.5,28.5,28.7,28.5,28.7,28.8,28.8,28.7,28.6,28.8,28.7,28.8,28.8,28.8,28.7,28.7,28.7,28.6,28.6,28.6,28.6,28.7,28.7,28.6,28.8,28.8,28.6,28.6,28.6,28.6,28.7,28.4,28.7,28.5,28.6,28.4,28.6,28.6,28.5,28.5,28.6,28.5,28.4
207,28.9,29.1,29.1,29.1,29.1,29.3,29.2,29.0,29.1,29.4,29.2,29.2,29.3,29.1,29.4,29.4,29.4,29.4,29.3,29.3,29.3,29.3,29.4,29.4,29.5,29.4,29.6,29.4,29.5,29.6,29.5,29.7,29.5,29.6,29.5,29.5,29.7,29.8,29.7,29.8,29.6,29.9,29.7,29.5,29.6,29.4,29.6,29.4,29.4,29.5,29.4,29.4,29.4,29.4,29.3,29.4,29.5,29.4,29.4,29.4,29.4,29.4,29.4,29.5,29.4,29.5,29.4,29.3,29.5,29.5,29.8,30.0,29.9,30.0,29.7,29.8,29.7,29.6,29.3,29.1,29.0,29.0,28.8,28.8,28.9,29.0,29.0,29.0,28.9,29.0,29.1,28.9,29.2,29.0,28.9,29.0,29.0,28.9,29.0,28.9,29.0,28.8,28.9,29.0,29.0,28.9,28.8,28.9,28.8,29.0,29.2,29.3,29.2,29.1,29.4,29.2,29.0,29.0,28.9,28.9,28.9,28.9,28.8,28.9,28.9,28.9,29.0,29.0,28.8,28.9,28.8,28.9,28.9,28.9,28.8,28.9,28.9,28.7,28.9,28.8,28.8,28.8,28.7,28.8,28.8,28.7,28.6,28.6,28.7,28.6,28.6,28.6,28.8,28.5,28.7,28.7,28.7,28.9,28.7,28.7,28.7,28.6,28.7,28.5,28.5,28.8,28.8,28.7,28.8,28.7,28.6,28.5,28.8,28.6,28.5,28.5,28.5,28.5,28.6,28.5,28.7,28.6,28.5,28.6,28.5,28.3,28.7,28.5,28.5,28.3,28.4,28.5
208,28.9,29.1,29.2,29.1,29.2,29.2,29.3,29.1,29.2,29.2,29.2,29.2,29.3,29.3,29.4,29.2,29.4,29.4,29.4,29.4,29.4,29.5,29.4,29.4,29.6,29.4,29.5,29.5,29.3,29.5,29.4,29.5,29.7,29.6,29.6,29.5,29.5,29.5,29.8,29.7,29.5,29.7,29.6,29.4,29.4,29.5,29.5,29.4,29.4,29.4,29.6,29.5,29.4,29.4,29.4,29.5,29.4,29.5,29.5,29.5,29.5,29.4,29.5,29.5,29.6,29.5,29.5,29.5,29.4,29.6,29.7,30.1,29.8,29.9,29.8,29.7,29.5,29.4,29.2,29.0,28.9,28.9,29.0,28.8,29.0,28.9,29.0,29.1,28.9,29.0,28.9,29.0,28.8,28.9,29.0,28.8,29.0,29.0,28.9,28.9,28.9,28.9,29.0,28.8,28.9,28.9,28.7,28.7,28.8,28.8,29.1,29.2,29.3,29.4,29.1,29.1,29.0,29.1,28.9,28.8,29.0,28.9,29.0,29.0,28.9,28.9,29.0,29.0,29.0,28.9,28.8,28.9,29.0,28.8,28.9,28.9,28.8,28.8,28.7,28.9,28.8,28.8,28.8,28.8,28.8,28.7,28.6,28.7,28.5,28.6,28.6,28.6,28.7,28.7,28.6,28.7,28.7,28.7,28.8,28.8,28.6,28.7,28.7,28.6,28.6,28.6,28.8,28.6,28.7,28.7,28.5,28.5,28.7,28.8,28.7,28.6,28.6,28.6,28.5,28.6,28.6,28.5,28.5,28.6,28.6,28.5,28.4,28.3,28.5,28.7,28.6,28.4
209,29.1,29.1,29.2,29.1,29.0,29.1,29.3,29.1,29.2,29.1,29.0,29.2,29.2,29.2,29.4,29.2,29.3,29.4,29.4,29.3,29.3,29.4,29.3,29.5,29.4,29.4,29.5,29.4,29.4,29.6,29.5,29.5,29.4,29.7,29.4,29.6,29.5,29.5,29.7,29.7,29.6,29.6,29.5,29.5,29.4,29.5,29.4,29.4,29.5,29.4,29.5,29.6,29.4,29.5,29.5,29.6,29.5,29.4,29.4,29.4,29.5,29.4,29.4,29.5,29.4,29.4,29.4,29.5,29.3,29.6,29.6,29.8,30.0,29.7,29.6,29.6,29.7,29.2,29.4,29.1,28.9,28.9,28.9,28.9,29.0,29.0,29.0,28.8,29.0,29.0,29.0,28.7,28.9,28.7,28.9,28.8,29.0,28.8,28.8,29.0,28.9,28.9,28.9,29.0,28.8,28.9,28.6,28.3,28.6,28.8,29.1,29.2,29.3,29.1,29.0,29.3,29.0,28.9,28.7,28.8,28.9,28.9,28.9,28.7,29.0,28.9,29.0,28.9,28.9,28.8,28.8,28.9,28.9,28.8,28.9,28.8,28.7,28.9,28.9,28.7,28.8,28.7,28.7,28.7,28.7,28.8,28.6,28.5,28.5,28.7,28.6,28.7,28.6,28.5,28.7,28.7,28.6,28.8,28.6,28.7,28.8,28.3,28.6,28.5,28.7,28.6,28.7,28.6,28.5,28.7,28.5,28.5,28.7,28.5,28.5,28.6,28.8,28.7,28.3,28.7,28.5,28.5,28.5,28.6,28.6,28.3,28.7,28.6,28.5,28.6,28.5,28.5
210,29.1,29.1,29.1,29.0,29.2,29.2,29.2,29.2,29.2,29.2,29.3,29.3,29.2,29.2,29.4,29.2,29.2,29.3,29.4,29.4,29.4,29.4,29.5,29.4,29.5,29.4,29.5,29.4,29.5,29.5,29.5,29.6,29.6,29.6,29.6,29.6,29.6,29.5,29.7,29.8,29.7,29.7,29.6,29.4,29.4,29.4,29.5,29.5,29.4,29.5,29.5,29.5,29.5,29.5,29.5,29.4,29.5,29.5,29.5,29.4,29.5,29.4,29.4,29.6,29.5,29.6,29.5,29.4,29.4,29.6,29.8,29.8,29.7,29.8,29.6,29.7,29.6,29.5,29.1,28.9,28.8,28.8,28.8,28.8,28.8,28.8,28.8,28.8,29.0,29.0,29.0,28.8,28.8,28.8,28.9,28.8,28.8,28.8,28.9,28.7,28.8,28.8,28.9,28.8,28.6,28.7,28.7,28.5,28.7,28.7,29.0,29.1,29.4,29.3,29.0,29.2,29.1,28.9,28.9,28.8,28.9,28.8,28.9,28.8,29.0,28.8,28.8,28.9,28.9,28.9,28.9,28.8,28.9,28.8,28.7,28.9,28.7,28.7,28.8,28.8,28.8,28.8,28.8,28.9,28.8,28.7,28.6,28.6,28.5,28.5,28.8,28.7,28.6,28.6,28.8,28.7,28.6,28.5,28.9,28.8,28.6,28.7,28.8,28.7,28.5,28.7,28.6,28.7,28.4,28.7,28.5,28.7,28.7,28.5,28.6,28.4,28.7,28.6,28.6,28.6,28.6,28.5,28.7,28.5,28.5,28.5,28.3,28.6,28.5,28.5,28.6,28.5
211,29.0,29.0,28.9,29.0,29.1,29.1,29.1,29.1,29.3,29.1,29.3,29.2,29.3,29.2,29.2,29.4,29.3,29.3,29.3,29.5,29.4,29.4,29.3,29.4,29.5,29.4,29.4,29.5,29.4,29.5,29.4,29.5,29.6,29.5,29.7,29.5,29.6,29.8,29.5,29.7,29.6,29.6,29.7,29.4,29.6,29.6,29.5,29.4,29.4,29.4,29.5,29.4,29.5,29.6,29.4,29.5,29.4,29.5,29.5,29.4,29.4,29.5,29.5,29.5,29.4,29.4,29.3,29.6,29.5,29.8,29.5,29.8,29.7,29.7,29.7,29.6,29.5,29.4,29.2,29.0,28.8,28.7,28.9,28.9,28.9,28.8,28.8,29.0,28.9,28.9,28.8,28.7,28.8,28.9,28.7,29.0,28.8,28.8,28.8,28.8,28.9,29.0,28.8,28.7,28.7,28.7,28.5,28.4,28.5,28.7,28.9,29.1,29.2,29.3,29.2,29.2,29.0,29.0,28.8,28.8,28.7,28.9,28.9,28.8,28.8,28.9,28.8,28.8,28.9,28.8,28.8,28.8,29.0,28.8,28.9,28.7,28.7,28.7,28.8,28.7,28.9,28.8,28.7,28.6,29.0,28.7,28.5,28.5,28.6,28.8,28.7,28.6,28.8,28.7,28.7,28.7,28.8,28.6,28.7,28.8,28.7,28.7,28.6,28.6,28.6,28.6,28.6,28.7,28.7,28.6,28.6,28.6,28.8,28.6,28.4,28.6,28.5,28.6,28.3,28.7,28.5,28.5,28.6,28.5,28.5,28.5,28.7,28.3,28.3,28.3,28.7,28.5
212,29.2,29.2,29.1,29.0,29.0,29.2,29.0,29.2,29.1,29.3,29.1,29.1,29.2,29.0,29.4,29.2,29.4,29.2,29.4,29.5,29.3,29.1,29.1,29.3,29.3,29.4,29.5,29.5,29.4,29.4,29.4,29.5,29.4,29.4,29.4,29.6,29.6,29.6,29.5,29.7,29.6,29.5,29.5,29.5,29.6,29.6,29.7,29.7,29.5,29.6,29.5,29.4,29.6,29.4,29.5,29.4,29.4,29.7,29.5,29.5,29.5,29.4,29.6,29.4,29.3,29.4,29.4,29.3,29.3,29.5,29.6,29.6,29.6,29.6,29.5,29.5,29.5,29.2,29.2,28.8,28.8,28.7,28.7,28.8,28.7,28.8,28.8,28.9,28.8,29.1,28.9,28.8,28.7,28.8,28.8,28.9,28.8,28.7,28.8,28.7,28.7,28.7,28.9,28.6,28.5,28.3,28.3,28.2,28.4,28.5,29.0,28.8,29.0,29.2,29.2,29.1,28.8,28.8,28.6,28.7,28.8,28.8,28.9,28.8,28.9,28.7,28.8,28.8,28.7,28.8,28.8,28.9,28.8,28.8,28.9,28.8,28.8,28.8,28.7,28.6,28.8,28.7,28.7,28.7,28.7,28.5,28.5,28.5,28.6,28.6,28.7,28.5,28.5,28.7,28.6,28.7,28.7,28.7,28.8,28.7,28.7,28.5,28.6,28.5,28.5,28.6,28.5,28.5,28.5,28.7,28.6,28.7,28.7,28.7,28.8,28.5,28.5,28.7,28.5,28.6,28.4,28.5,28.6,28.5,28.6,28.5,28.4,28.5,28.4,28.5,28.3,28.5
213,29.1,28.9,29.0,29.2,29.1,29.0,29.1,29.1,29.2,29.2,29.1,29.3,29.3,29.1,29.2,29.2,29.2,29.1,29.4,29.3,29.4,29.4,29.3,29.3,29.4,29.4,29.4,29.4,29.3,29.4,29.5,29.4,29.4,29.4,29.5,29.5,29.5,29.4,29.5,29.5,29.6,29.5,29.6,29.7,29.7,29.6,29.7,29.6,29.8,29.5,29.7,29.5,29.6,29.6,29.7,29.6,29.5,29.6,29.7,29.6,29.7,29.7,29.5,29.5,29.5,29.6,29.4,29.5,29.5,29.7,29.5,29.6,29.5,29.4,29.5,29.5,29.4,29.1,29.2,29.0,28.8,28.8,28.9,28.8,28.8,28.9,28.8,29.0,28.8,29.0,29.0,28.8,28.8,28.8,28.7,28.8,28.7,28.8,28.7,28.8,28.8,28.8,28.8,28.7,28.5,28.6,28.4,28.1,28.3,28.5,28.7,28.8,29.0,29.1,28.9,29.0,28.8,28.6,28.7,28.7,28.7,28.7,28.6,28.8,28.9,28.7,28.8,28.8,28.8,28.8,28.8,28.8,29.0,28.7,28.8,28.7,28.7,28.8,28.8,28.6,28.8,28.7,28.8,28.6,28.5,28.4,28.3,28.5,28.5,28.7,28.7,28.7,28.7,28.7,28.7,28.8,28.5,28.8,28.7,28.8,28.7,28.6,28.8,28.5,28.6,28.6,28.7,28.8,28.5,28.6,28.6,28.6,28.7,28.6,28.6,28.4,28.8,28.6,28.5,28.5,28.4,28.6,28.7,28.6,28.5,28.5,28.4,28.4,28.4,28.4,28.4,28.4
214,29.0,29.2,29.2,28.9,29.1,29.0,29.1,29.0,29.1,29.0,29.1,29.0,29.2,29.2,29.2,29.3,29.1,29.1,29.2,29.3,29.2,29.3,29.3,29.3,29.4,29.2,29.4,29.4,29.4,29.4,29.5,29.5,29.5,29.6,29.4,29.2,29.5,29.6,29.5,29.6,29.5,29.6,29.6,29.6,29.7,29.5,29.5,29.5,29.6,29.5,29.5,29.7,29.5,29.5,29.5,29.8,29.6,29.6,29.4,29.6,29.5,29.6,29.5,29.6,29.4,29.5,29.5,29.6,29.5,29.5,29.5,29.6,29.5,29.5,29.4,29.5,29.5,29.2,29.0,29.0,28.6,28.6,28.6,28.8,28.7,28.8,28.8,28.8,28.7,29.0,28.8,28.7,28.9,28.7,28.8,28.7,28.8,28.7,28.9,28.7,28.6,28.6,28.7,28.7,28.5,28.4,28.3,28.2,28.1,28.3,28.7,28.9,29.1,29.1,29.0,28.9,28.9,28.7,28.6,28.6,28.7,28.7,28.9,28.8,28.9,28.8,28.8,28.8,28.7,28.8,28.7,28.9,28.7,28.6,28.8,28.6,28.7,28.7,28.7,28.7,28.8,28.6,28.5,28.5,28.5,28.4,28.3,28.6,28.6,28.8,28.8,28.6,28.5,28.5,28.7,28.8,28.6,28.6,28.7,28.7,28.7,28.6,28.6,28.7,28.7,28.5,28.6,28.7,28.6,28.7,28.7,28.5,28.5,28.7,28.5,28.4,28.5,28.5,28.5,28.6,28.4,28.4,28.5,28.5,28.5,28.6,28.5,28.5,28.2,28.3,28.3,28.4
215,29.1,29.0,29.0,29.1,29.2,29.2,29.1,29.1,29.2,29.2,29.1,29.2,29.2,29.1,29.2,29.3,29.1,29.2,29.2,29.2,29.2,29.4,29.3,29.4,29.4,29.2,29.5,29.5,29.4,29.3,29.3,29.4,29.4,29.4,29.4,29.6,29.5,29.6,29.5,29.4,29.4,29.6,29.6,29.7,29.4,29.5,29.6,29.4,29.5,29.8,29.5,29.6,29.8,29.5,29.6,29.7,29.6,29.6,29.8,29.6,29.5,29.6,29.5,29.5,29.5,29.5,29.4,29.6,29.4,29.6,29.6,29.6,29.5,29.5,29.5,29.5,29.4,29.2,29.0,28.8,28.8,28.6,28.7,28.7,28.8,28.9,28.7,28.9,28.8,28.8,28.7,28.6,28.7,28.8,28.7,28.8,28.7,28.7,28.7,28.7,28.6,28.7,28.6,28.6,28.6,28.5,28.2,28.1,28.2,28.4,28.6,28.9,28.9,28.9,29.0,29.0,28.7,28.8,28.7,28.6,28.8,28.7,28.8,28.8,28.9,28.6,28.8,28.6,28.7,28.7,28.6,28.8,28.6,28.7,28.8,28.6,28.4,28.5,28.8,28.6,28.5,28.6,28.6,28.7,28.6,28.3,28.5,28.4,28.7,28.5,28.8,28.7,28.6,28.5,28.6,28.5,28.5,28.7,28.7,28.8,28.8,28.4,28.8,28.6,28.5,28.5,28.5,28.5,28.6,28.6,28.5,28.5,28.5,28.5,28.5,28.4,28.5,28.7,28.6,28.5,28.5,28.5,28.6,28.6,28.3,28.7,28.7,28.6,28.5,28.4,28.4,28.4
216,29.1,29.0,29.1,29.0,29.2,29.0,29.2,29.1,29.1,29.0,29.2,29.1,29.2,29.1,29.3,29.4,29.1,29.2,29.4,29.2,29.4,29.3,29.2,29.3,29.4,29.4,29.3,29.2,29.3,29.5,29.5,29.4,29.4,29.5,29.4,29.4,29.5,29.6,29.4,29.6,29.5,29.4,29.7,29.4,29.5,29.7,29.5,29.5,29.5,29.7,29.6,29.5,29.5,29.6,29.7,29.5,29.6,29.5,29.5,29.5,29.7,29.6,29.6,29.5,29.5,29.4,29.4,29.5,29.5,29.5,29.5,29.4,29.5,29.4,29.6,29.3,29.3,29.4,29.0,28.8,28.8,28.7,29.0,28.8,28.7,28.9,28.8,28.8,28.9,28.9,29.0,28.8,28.7,28.8,28.8,28.8,28.8,28.7,28.8,28.6,28.8,28.7,28.6,28.6,28.5,28.5,28.3,28.2,28.2,28.3,28.7,28.8,29.2,29.0,29.0,28.9,29.0,28.8,28.8,28.7,28.9,28.9,28.7,28.8,28.7,28.8,28.8,28.9,28.7,28.8,28.7,28.7,28.7,28.6,28.7,28.7,28.6,28.6,28.7,28.6,28.6,28.4,28.5,28.7,28.5,28.7,28.6,28.5,28.5,28.5,28.7,28.7,28.6,28.7,28.7,28.7,28.8,28.6,28.6,28.7,28.7,28.7,28.7,28.5,28.7,28.5,28.7,28.7,28.7,28.6,28.5,28.5,28.5,28.9,28.7,28.6,28.6,28.7,28.4,28.7,28.4,28.5,28.5,28.6,28.3,28.5,28.3,28.5,28.6,28.7,28.7,28.5
217,29.0,29.0,29.1,28.8,29.0,29.2,29.0,29.1,29.2,29.1,29.0,29.2,29.2,29.0,29.0,29.2,29.4,29.4,29.2,29.3,29.2,29.1,29.1,29.3,29.2,29.2,29.3,29.3,29.2,29.5,29.4,29.4,29.5,29.5,29.4,29.4,29.5,29.5,29.5,29.6,29.4,29.6,29.5,29.5,29.5,29.7,29.7,29.4,29.4,29.5,29.6,29.5,29.6,29.5,29.5,29.5,29.5,29.6,29.4,29.6,29.7,29.6,29.6,29.5,29.5,29.5,29.4,29.4,29.5,29.4,29.3,29.4,29.4,29.5,29.4,29.3,29.2,29.2,28.9,28.7,28.7,28.8,28.8,28.9,28.8,28.8,28.9,28.9,28.7,28.9,28.8,28.7,28.7,28.8,28.8,28.8,28.8,28.7,28.8,28.8,28.7,28.8,28.7,28.8,28.5,28.5,28.5,28.3,28.3,28.5,28.8,28.9,28.8,28.9,28.9,28.8,28.8,28.8,28.9,28.6,28.7,28.8,28.7,28.8,28.7,28.8,28.7,28.8,28.7,28.4,28.7,28.6,28.5,28.6,28.6,28.5,28.5,28.5,28.3,28.5,28.5,28.5,28.5,28.5,28.6,28.3,28.5,28.5,28.7,28.8,28.7,28.7,28.6,28.6,28.7,28.6,28.6,28.7,28.8,28.7,28.5,28.5,28.7,28.5,28.5,28.8,28.6,28.6,28.5,28.6,28.5,28.5,28.5,28.5,28.5,28.6,28.7,28.5,28.3,28.5,28.5,28.6,28.5,28.5,28.5,28.5,28.3,28.4,28.5,28.4,28.3,28.4
218,29.0,29.0,29.0,29.0,29.0,29.0,29.0,29.0,29.0,28.9,28.9,29.0,29.1,29.1,29.0,29.1,29.2,29.2,29.1,29.2,29.2,29.3,29.3,29.2,29.4,29.4,29.3,29.3,29.3,29.4,29.5,29.3,29.4,29.4,29.4,29.3,29.6,29.6,29.4,29.5,29.4,29.5,29.5,29.4,29.5,29.6,29.6,29.5,29.6,29.6,29.6,29.6,29.5,29.5,29.5,29.5,29.6,29.6,29.6,29.6,29.6,29.5,29.5,29.5,29.5,29.7,29.4,29.4,29.4,29.4,29.4,29.6,29.4,29.3,29.3,29.3,29.3,29.2,28.9,28.9,28.7,28.8,28.8,28.8,28.9,28.8,28.8,28.8,28.8,28.9,28.8,28.8,28.9,29.0,28.8,28.8,28.8,28.8,28.7,28.8,28.7,28.8,28.7,28.8,28.8,28.7,28.6,28.5,28.3,28.5,28.6,28.8,28.8,28.9,28.9,28.8,28.7,28.8,28.8,28.8,28.8,28.9,28.9,28.8,28.8,28.8,28.7,28.7,28.5,28.5,28.5,28.6,28.7,28.5,28.7,28.5,28.5,28.6,28.5,28.7,28.5,28.6,28.5,28.4,28.5,28.5,28.5,28.5,28.5,28.7,28.6,28.6,28.7,28.7,28.6,28.7,28.6,28.8,28.7,28.7,28.5,28.5,28.5,28.6,28.6,28.6,28.6,28.6,28.7,28.5,28.5,28.3,28.5,28.5,28.5,28.3,28.6,28.6,28.4,28.6,28.3,28.5,28.6,28.5,28.5,28.4,28.4,28.4,28.5,28.3,28.5,28.7
219,29.1,28.9,28.8,28.8,29.1,29.1,29.0,29.1,29.0,29.2,29.0,29.2,29.0,29.2,29.2,28.9,29.2,29.1,29.3,29.2,29.1,29.2,29.2,29.4,29.4,29.2,29.3,29.4,29.3,29.3,29.2,29.2,29.4,29.4,29.2,29.4,29.2,29.4,29.4,29.4,29.5,29.4,29.6,29.5,29.3,29.5,29.4,29.5,29.5,29.3,29.5,29.4,29.5,29.6,29.5,29.6,29.4,29.5,29.5,29.4,29.5,29.5,29.4,29.5,29.4,29.5,29.3,29.4,29.5,29.4,29.2,29.5,29.4,29.4,29.2,29.4,29.3,29.0,29.0,28.8,28.8,28.8,28.8,28.8,28.9,28.9,28.9,29.0,28.9,28.9,29.0,28.8,28.9,28.8,28.8,28.8,29.0,28.8,29.0,28.7,28.9,28.8,28.8,28.7,28.8,28.8,28.8,28.5,28.4,28.5,28.7,28.7,28.8,28.8,28.7,28.8,28.7,28.9,28.7,28.8,28.8,28.8,28.7,28.7,28.8,28.5,28.7,28.7,28.5,28.7,28.6,28.7,28.6,28.6,28.5,28.6,28.5,28.6,28.7,28.5,28.5,28.6,28.5,28.4,28.6,28.8,28.7,28.6,28.6,28.7,28.6,28.7,28.5,28.4,28.5,28.6,28.6,28.7,28.7,28.7,28.7,28.8,28.6,28.6,28.7,28.4,28.5,28.6,28.5,28.6,28.4,28.3,28.5,28.5,28.5,28.5,28.5,28.5,28.4,28.5,28.3,28.4,28.4,28.3,28.4,28.3,28.5,28.5,28.2,28.3,28.5,28.3
220,29.0,29.0,28.9,28.8,28.9,29.2,28.9,29.1,29.1,29.1,29.0,29.1,29.0,29.0,29.1,29.3,29.2,29.0,29.2,29.2,29.2,29.3,29.2,29.1,29.3,29.2,29.4,29.3,29.4,29.4,29.4,29.3,29.4,29.4,29.5,29.4,29.5,29.5,29.4,29.5,29.4,29.6,29.5,29.4,29.5,29.5,29.5,29.6,29.4,29.5,29.7,29.4,29.4,29.5,29.7,29.5,29.6,29.5,29.4,29.5,29.6,29.6,29.6,29.3,29.5,29.5,29.5,29.3,29.3,29.5,29.4,29.3,29.2,29.3,29.3,29.2,29.1,29.0,28.8,29.0,28.9,28.8,28.7,29.0,28.9,28.8,29.0,28.8,28.9,28.8,28.7,28.8,28.8,29.0,29.0,29.0,28.8,28.8,28.8,28.8,28.8,28.8,28.9,28.8,28.8,28.8,28.6,28.6,28.5,28.5,28.7,28.8,28.7,28.8,28.8,28.7,28.8,28.7,28.8,28.8,28.7,28.8,28.4,28.7,28.8,28.7,28.5,28.6,28.6,28.5,28.6,28.6,28.7,28.6,28.6,28.6,28.5,28.5,28.5,28.4,28.5,28.6,28.5,28.7,28.7,28.6,28.5,28.5,28.7,28.6,28.7,28.7,28.6,28.7,28.7,28.8,28.7,28.5,28.5,28.5,28.6,28.6,28.6,28.6,28.7,28.6,28.5,28.5,28.6,28.5,28.4,28.5,28.5,28.4,28.3,28.5,28.6,28.5,28.3,28.4,28.5,28.4,28.4,28.5,28.4,28.5,28.5,28.3,28.5,28.5,28.5,28.2
221,28.7,29.0,28.9,28.9,28.9,29.0,29.2,29.1,29.0,29.1,29.1,29.0,29.1,29.2,29.1,29.3,29.1,29.1,29.0,29.3,29.3,29.2,29.2,29.1,29.4,29.3,29.2,29.2,29.2,29.2,29.1,29.4,29.4,29.3,29.3,29.2,29.3,29.4,29.2,29.4,29.4,29.3,29.4,29.4,29.4,29.3,29.4,29.5,29.2,29.5,29.5,29.6,29.4,29.5,29.4,29.5,29.4,29.5,29.4,29.4,29.5,29.3,29.4,29.4,29.4,29.5,29.3,29.2,29.3,29.3,29.3,29.3,29.2,29.3,29.2,29.2,29.1,29.0,29.0,28.9,28.8,28.8,28.8,28.8,29.0,28.9,28.8,28.8,28.9,28.8,28.8,29.0,28.7,28.7,28.8,28.8,28.8,28.6,28.9,28.9,28.9,28.7,28.8,28.9,28.7,28.7,28.7,28.6,28.6,28.5,28.8,28.7,28.7,28.7,28.7,28.6,28.7,28.8,28.5,28.8,28.8,28.5,28.7,28.6,28.7,28.5,28.6,28.7,28.6,28.5,28.7,28.7,28.5,28.5,28.5,28.5,28.4,28.6,28.3,28.4,28.6,28.4,28.5,28.7,28.5,28.7,28.5,28.7,28.6,28.6,28.6,28.6,28.6,28.6,28.6,28.6,28.4,28.8,28.6,28.6,28.7,28.5,28.6,28.4,28.7,28.6,28.4,28.3,28.5,28.5,28.5,28.6,28.4,28.4,28.6,28.5,28.6,28.5,28.4,28.3,28.7,28.7,28.4,28.4,28.3,28.3,28.4,28.3,28.3,28.5,28.4,28.2
222,28.8,29.0,29.1,29.1,29.0,29.1,29.0,29.0,29.0,28.9,29.0,29.0,29.1,29.1,29.1,29.1,29.1,29.1,29.1,29.2,29.2,29.4,29.2,29.3,29.4,29.2,29.2,29.3,29.1,29.4,29.4,29.4,29.3,29.3,29.2,29.1,29.4,29.3,29.3,29.4,29.4,29.4,29.4,29.4,29.4,29.4,29.5,29.3,29.5,29.5,29.3,29.4,29.4,29.3,29.5,29.5,29.5,29.4,29.4,29.5,29.5,29.5,29.4,29.5,29.3,29.3,29.3,29.4,29.4,29.3,29.4,29.2,29.2,29.2,29.2,29.3,29.0,29.0,28.9,28.8,28.8,28.8,28.8,29.0,28.7,28.9,28.9,28.9,28.8,29.0,29.0,28.9,28.8,28.8,28.8,28.8,28.6,29.0,28.9,28.9,28.8,29.0,28.8,28.8,28.7,28.7,28.7,28.5,28.5,28.6,28.7,28.7,28.8,28.8,28.7,28.7,28.8,28.7,28.8,28.8,28.7,28.8,28.8,28.6,28.5,28.6,28.5,28.5,28.6,28.6,28.6,28.6,28.4,28.7,28.6,28.6,28.6,28.5,28.8,28.7,28.5,28.7,28.6,28.5,28.6,28.6,28.5,28.8,28.6,28.6,28.6,28.6,28.8,28.5,28.8,28.6,28.7,28.6,28.7,28.5,28.6,28.5,28.6,28.6,28.7,28.5,28.5,28.5,28.6,28.5,28.5,28.5,28.5,28.6,28.5,28.7,28.7,28.6,28.5,28.5,28.5,28.3,28.6,28.5,28.3,28.5,28.5,28.5,28.5,28.4,28.5,28.5
223,28.9,29.1,28.8,29.0,29.0,28.8,29.0,29.1,29.0,28.8,29.0,29.0,29.0,29.0,29.1,29.1,29.2,29.1,29.1,29.2,29.0,29.1,29.1,29.1,29.3,29.0,29.2,29.1,29.3,29.3,29.3,29.2,29.3,29.4,29.3,29.5,29.4,29.4,29.2,29.4,29.3,29.4,29.3,29.2,29.5,29.4,29.5,29.5,29.5,29.4,29.5,29.5,29.4,29.4,29.3,29.5,29.3,29.4,29.4,29.4,29.3,29.5,29.4,29.4,29.3,29.3,29.3,29.4,29.3,29.4,29.2,29.3,29.2,29.3,29.3,29.3,29.0,29.0,29.0,28.9,28.8,28.8,28.8,29.0,28.9,28.9,29.0,28.8,29.0,28.9,28.8,28.9,28.8,28.6,28.9,28.8,28.7,28.8,28.7,28.9,28.8,28.8,28.7,28.9,28.8,28.6,28.6,28.5,28.5,28.6,28.7,28.7,28.6,28.6,28.7,28.7,28.8,28.6,28.5,28.8,28.6,28.6,28.5,28.5,28.7,28.7,28.6,28.6,28.6,28.5,28.6,28.5,28.5,28.5,28.5,28.5,28.3,28.5,28.7,28.6,28.5,28.7,28.6,28.6,28.5,28.5,28.6,28.6,28.5,28.7,28.8,28.5,28.5,28.7,28.6,28.6,28.5,28.6,28.4,28.6,28.5,28.6,28.7,28.5,28.5,28.6,28.6,28.4,28.6,28.5,28.5,28.3,28.5,28.5,28.6,28.5,28.5,28.6,28.3,28.4,28.3,28.3,28.3,28.3,28.3,28.4,28.5,28.4,28.3,28.3,28.5,28.3
224,28.8,29.0,29.1,29.2,29.0,29.1,29.2,29.1,29.0,29.0,29.1,29.0,29.1,29.0,28.9,29.0,29.1,28.9,29.1,29.3,29.2,29.2,29.1,29.1,29.3,29.4,29.2,29.1,29.2,29.3,29.4,29.4,29.3,29.4,29.2,29.3,29.3,29.4,29.3,29.4,29.3,29.5,29.4,29.2,29.4,29.3,29.4,29.4,29.3,29.4,29.5,29.4,29.5,29.5,29.4,29.4,29.3,29.3,29.4,29.4,29.4,29.5,29.5,29.3,29.5,29.4,29.2,29.2,29.3,29.3,29.2,29.3,29.3,29.1,29.2,29.1,29.1,29.0,28.9,28.9,28.9,28.9,28.9,28.9,28.8,28.9,29.0,28.8,28.8,28.8,29.0,28.9,28.8,28.8,28.8,28.7,28.7,28.7,28.7,28.8,28.7,28.7,28.7,28.7,28.6,28.6,28.7,28.5,28.5,28.7,28.6,28.8,28.8,28.8,28.6,28.8,28.6,28.6,28.7,28.7,28.5,28.8,28.6,28.8,28.8,28.6,28.5,28.6,28.6,28.6,28.5,28.5,28.6,28.7,28.6,28.5,28.7,28.6,28.6,28.6,28.6,28.5,28.6,28.5,28.8,28.6,28.6,28.6,28.6,28.7,28.8,28.7,28.7,28.7,28.6,28.7,28.8,28.7,28.6,28.6,28.5,28.5,28.5,28.5,28.5,28.7,28.6,28.3,28.5,28.5,28.5,28.5,28.6,28.6,28.6,28.7,28.5,28.4,28.3,28.5,28.4,28.4,28.6,28.4,28.4,28.5,28.5,28.4,28.4,28.2,28.4,28.5
225,28.7,28.9,29.0,28.9,28.9,28.9,29.0,29.0,29.1,29.0,29.0,29.0,29.1,29.1,29.1,29.0,29.0,29.0,29.1,29.1,29.2,29.1,29.1,29.2,29.1,29.1,29.2,29.2,29.3,29.2,29.2,29.3,29.3,29.4,29.2,29.2,29.2,29.4,29.3,29.4,29.3,29.2,29.4,29.4,29.3,29.4,29.4,29.3,29.2,29.4,29.4,29.5,29.3,29.4,29.4,29.3,29.4,29.3,29.4,29.3,29.3,29.3,29.2,29.3,29.3,29.2,29.3,29.3,29.2,29.3,29.2,29.1,29.2,29.1,29.0,29.2,29.1,29.0,29.0,29.0,29.0,29.0,28.9,29.0,28.9,28.8,28.8,28.9,28.8,28.9,28.9,28.8,28.7,28.7,28.8,29.0,28.7,28.9,28.7,28.6,28.5,28.6,28.6,28.5,28.5,28.6,28.5,28.4,28.5,28.6,28.6,28.7,28.8,28.6,28.5,28.5,28.7,28.7,28.6,28.7,28.6,28.7,28.5,28.6,28.5,28.5,28.6,28.8,28.6,28.5,28.6,28.7,28.6,28.8,28.5,28.5,28.5,28.6,28.6,28.6,28.6,28.5,28.7,28.4,28.6,28.5,28.7,28.6,28.6,28.7,28.8,28.6,28.6,28.6,28.4,28.6,28.6,28.7,28.5,28.5,28.7,28.5,28.6,28.5,28.7,28.4,28.5,28.3,28.5,28.5,28.4,28.5,28.5,28.3,28.5,28.5,28.5,28.4,28.6,28.3,28.5,28.5,28.5,28.3,28.3,28.4,28.3,28.5,28.4,28.3,28.3,28.4
226,28.8,29.0,28.8,28.9,29.0,29.0,29.0,29.0,29.0,29.0,29.0,28.9,29.0,29.0,28.9,29.1,29.1,28.9,29.0,29.3,29.1,29.1,29.1,29.1,29.1,29.2,29.2,29.2,29.2,29.2,29.2,29.3,29.3,29.3,29.2,29.2,29.4,29.3,29.4,29.4,29.3,29.4,29.6,29.3,29.3,29.3,29.4,29.4,29.3,29.5,29.4,29.3,29.4,29.5,29.4,29.3,29.4,29.3,29.2,29.3,29.3,29.2,29.2,29.3,29.2,29.3,29.3,29.4,29.3,29.2,29.2,29.2,29.0,29.2,29.0,29.0,29.0,29.0,29.1,29.0,29.1,29.0,29.1,28.8,28.7,28.9,28.8,28.8,28.9,28.8,29.0,28.7,28.6,28.7,28.8,28.8,28.6,28.6,28.6,28.7,28.4,28.6,28.5,28.4,28.6,28.6,28.5,28.5,28.5,28.7,28.5,28.5,28.8,28.8,28.6,28.6,28.7,28.5,28.7,28.7,28.5,28.6,28.5,28.6,28.7,28.7,28.5,28.8,28.5,28.5,28.5,28.6,28.6,28.6,28.7,28.3,28.3,28.8,28.5,28.8,28.5,28.8,28.6,28.6,28.7,28.6,28.6,28.7,28.7,28.7,28.6,28.6,28.6,28.5,28.6,28.7,28.5,28.6,28.5,28.5,28.5,28.7,28.6,28.5,28.3,28.3,28.4,28.8,28.5,28.3,28.5,28.3,28.5,28.6,28.5,28.3,28.5,28.5,28.4,28.5,28.4,28.4,28.5,28.4,28.2,28.3,28.3,28.4,28.3,28.3,28.5,28.3
227,29.0,29.1,29.0,28.8,28.9,29.0,29.1,29.0,28.8,28.8,29.0,29.0,29.1,28.9,29.1,29.0,28.9,29.1,29.2,29.1,29.1,29.2,29.1,29.0,29.1,29.2,29.2,29.0,29.0,29.2,29.2,29.1,29.2,29.2,29.4,29.1,29.3,29.3,29.1,29.2,29.2,29.3,29.4,29.2,29.4,29.4,29.4,29.2,29.2,29.5,29.3,29.4,29.2,29.2,29.5,29.2,29.2,29.3,29.3,29.2,29.2,29.3,29.4,29.3,29.3,29.1,29.2,29.3,29.1,29.1,29.2,29.1,29.1,29.1,29.1,29.0,29.2,29.1,29.0,29.3,29.1,29.1,29.0,28.9,28.8,28.9,28.8,28.9,28.7,28.7,28.6,28.6,28.5,28.7,28.8,28.5,28.7,28.8,28.8,28.6,28.5,28.5,28.5,28.5,28.5,28.5,28.5,28.5,28.7,28.7,28.6,28.6,28.8,28.7,28.6,28.7,28.6,28.6,28.7,28.7,28.6,28.6,28.7,28.7,28.6,28.5,28.7,28.6,28.5,28.5,28.4,28.8,28.5,28.5,28.6,28.6,28.5,28.5,28.4,28.6,28.6,28.6,28.6,28.5,28.6,28.5,28.6,28.5,28.5,28.6,28.6,28.6,28.5,28.5,28.6,28.8,28.6,28.5,28.7,28.5,28.6,28.6,28.6,28.5,28.7,28.6,28.5,28.5,28.5,28.5,28.4,28.3,28.5,28.6,28.7,28.4,28.7,28.4,28.4,28.6,28.3,28.5,28.6,28.4,28.2,28.5,28.3,28.3,28.1,28.3,28.2,28.4
228,29.0,28.7,28.9,28.9,29.0,29.0,28.8,28.9,28.9,29.1,29.0,29.1,29.2,29.0,29.2,29.2,29.0,29.1,29.1,29.1,29.3,29.2,29.0,29.2,29.1,29.2,29.3,29.2,29.4,29.1,29.4,29.4,29.2,29.3,29.3,29.2,29.1,29.4,29.2,29.4,29.3,29.3,29.4,29.2,29.4,29.4,29.2,29.5,29.4,29.5,29.4,29.4,29.4,29.2,29.3,29.3,29.2,29.3,29.3,29.2,29.3,29.3,29.2,29.1,29.2,29.2,29.1,29.2,29.2,29.1,29.1,29.1,29.1,29.1,29.2,29.0,29.2,28.9,29.2,29.2,29.4,29.1,29.0,29.0,29.0,28.8,28.7,28.7,28.7,28.7,28.8,28.6,28.8,28.6,28.6,28.6,28.6,28.5,28.6,28.5,28.5,28.5,28.5,28.6,28.5,28.4,28.4,28.2,28.7,28.6,28.8,28.6,28.8,28.6,28.6,28.6,28.6,28.7,28.6,28.5,28.6,28.7,28.6,28.7,28.5,28.7,28.6,28.6,28.6,28.6,28.6,28.7,28.7,28.5,28.5,28.5,28.6,28.5,28.6,28.5,28.5,28.5,28.6,28.6,28.6,28.5,28.8,28.7,28.7,28.6,28.6,28.7,28.5,28.5,28.5,28.5,28.5,28.7,28.7,28.5,28.8,28.6,28.5,28.4,28.5,28.5,28.5,28.6,28.5,28.3,28.5,28.3,28.6,28.5,28.5,28.5,28.6,28.5,28.5,28.3,28.5,28.4,28.4,28.5,28.3,28.5,28.2,28.3,28.4,28.4,28.5,28.5
229,29.0,28.8,28.8,29.0,28.9,29.0,28.9,29.0,29.0,29.0,29.0,28.9,29.1,29.0,29.0,29.0,28.8,29.0,29.0,29.1,29.1,29.0,29.0,29.2,29.2,29.0,29.2,29.3,29.2,29.2,29.1,29.3,29.2,29.2,29.1,29.2,29.1,29.2,29.0,29.3,29.2,29.3,29.4,29.3,29.4,29.2,29.3,29.2,29.2,29.4,29.3,29.3,29.3,29.2,29.5,29.4,29.3,29.1,29.2,29.1,29.2,29.2,29.2,29.2,29.2,29.1,29.2,29.1,29.1,29.0,29.2,29.1,29.0,29.2,29.0,29.0,29.2,29.2,29.3,29.3,29.2,29.1,29.0,28.8,28.9,28.7,28.8,28.6,28.6,28.8,28.6,28.6,28.6,28.6,28.6,28.8,28.7,28.2,28.3,28.4,28.5,28.4,28.5,28.4,28.2,28.5,28.4,28.6,28.5,28.5,28.5,28.5,28.3,28.6,28.5,28.7,28.5,28.6,28.5,28.6,28.5,28.6,28.8,28.6,28.5,28.6,28.5,28.9,28.6,28.5,28.7,28.3,28.4,28.3,28.6,28.7,28.6,28.7,28.6,28.5,28.5,28.7,28.5,28.6,28.6,28.6,28.5,28.4,28.6,28.6,28.8,28.5,28.5,28.5,28.6,28.5,28.7,28.7,28.7,28.6,28.6,28.3,28.6,28.3,28.5,28.5,28.5,28.6,28.5,28.3,28.5,28.3,28.5,28.5,28.5,28.5,28.4,28.5,28.4,28.3,28.5,28.5,28.5,28.4,28.4,28.5,28.5,28.3,28.4,28.4,28.4,28.3
230,28.8,29.1,28.7,28.9,28.8,29.0,29.0,28.9,29.0,29.1,28.9,28.9,28.9,29.0,29.1,29.0,29.1,28.9,29.2,29.2,29.1,29.1,29.1,29.0,29.2,29.0,29.1,29.2,29.2,29.2,29.1,29.2,29.1,29.1,29.2,29.3,29.3,29.2,29.2,29.3,29.1,29.2,29.4,29.2,29.2,29.4,29.2,29.3,29.2,29.2,29.3,29.2,29.2,29.2,29.3,29.0,29.3,29.2,29.1,29.3,29.2,29.2,29.1,29.0,29.2,29.2,29.2,29.2,29.0,29.1,29.2,29.0,29.0,29.0,29.1,29.0,28.9,29.0,29.0,29.1,29.1,29.0,29.1,28.8,28.8,28.7,28.6,28.7,28.7,28.4,28.6,28.5,28.5,28.5,28.4,28.5,28.4,28.6,28.3,28.5,28.5,28.3,28.3,28.5,28.4,28.4,28.3,28.4,28.6,28.5,28.5,28.6,28.7,28.6,28.5,28.7,28.5,28.7,28.7,28.7,28.5,28.5,28.7,28.6,28.7,28.6,28.5,28.5,28.5,28.5,28.7,28.6,28.6,28.5,28.4,28.7,28.5,28.6,28.7,28.7,28.6,28.5,28.7,28.5,28.7,28.6,28.6,28.8,28.5,28.3,28.5,28.6,28.4,28.8,28.5,28.5,28.6,28.7,28.7,28.5,28.5,28.5,28.6,28.5,28.4,28.3,28.6,28.3,28.5,28.3,28.4,28.3,28.4,28.3,28.5,28.5,28.5,28.4,28.3,28.5,28.4,28.4,28.5,28.5,28.5,28.3,28.5,28.4,28.4,28.2,28.5,28.3
231,28.9,28.8,29.0,28.9,28.9,29.0,28.8,28.8,28.9,28.8,29.0,29.1,29.1,29.1,29.0,29.1,29.0,29.1,29.0,29.0,29.0,29.0,29.1,29.1,29.1,29.0,29.2,29.2,29.2,29.0,29.2,29.2,29.1,29.2,29.1,29.1,29.1,29.1,29.3,29.1,29.2,29.3,29.1,29.1,29.2,29.2,29.2,29.2,29.2,29.4,29.2,29.0,29.3,29.2,29.1,29.2,29.1,29.2,29.0,29.2,29.0,29.1,29.1,29.2,29.1,29.0,29.0,28.8,29.0,29.0,29.0,29.2,28.9,29.2,29.1,28.8,29.1,28.9,29.0,29.1,29.0,29.0,29.0,28.9,28.7,29.0,28.6,28.6,28.6,28.5,28.5,28.6,28.6,28.6,28.7,28.6,28.5,28.4,28.6,28.5,28.5,28.3,28.5,28.4,28.4,28.2,28.4,28.3,28.3,28.5,28.5,28.6,28.5,28.6,28.6,28.7,28.7,28.5,28.5,28.8,28.6,28.5,28.6,28.7,28.6,28.6,28.6,28.6,28.5,28.4,28.7,28.5,28.8,28.7,28.7,28.6,28.7,28.6,28.3,28.6,28.7,28.7,28.5,28.6,28.5,28.6,28.6,28.5,28.7,28.7,28.6,28.6,28.6,28.5,28.6,28.7,28.6,28.6,28.6,28.6,28.5,28.4,28.6,28.5,28.5,28.5,28.3,28.5,28.4,28.6,28.3,28.3,28.5,28.5,28.3,28.5,28.3,28.5,28.5,28.5,28.4,28.5,28.6,28.5,28.5,28.2,28.6,28.3,28.3,28.3,28.5,28.4
232,29.0,28.8,28.9,28.9,28.8,29.0,28.8,28.9,29.1,29.0,28.9,29.0,29.0,29.0,28.8,29.0,29.1,29.0,29.1,29.1,29.0,29.1,29.0,29.3,29.1,29.1,29.2,29.0,29.1,29.2,29.1,29.1,29.2,29.3,29.1,29.1,29.2,29.2,29.1,29.2,29.2,29.3,29.0,29.3,29.2,29.2,29.0,29.2,29.2,29.2,29.2,29.2,29.1,29.1,29.2,29.2,29.1,29.0,29.0,29.2,29.1,29.0,29.0,29.0,29.1,29.1,28.8,28.9,29.1,29.1,29.0,29.0,28.9,28.9,28.9,29.0,28.8,29.0,29.2,29.2,29.1,29.0,29.1,28.9,28.6,28.6,28.7,28.6,28.6,28.9,28.6,28.7,28.6,28.5,28.4,28.7,28.5,28.5,28.5,28.5,28.4,28.4,28.5,28.2,28.3,28.3,28.3,28.3,28.5,28.6,28.6,28.7,28.6,28.6,28.5,28.7,28.5,28.7,28.4,28.6,28.5,28.5,28.6,28.5,28.5,28.5,28.7,28.6,28.7,28.6,28.6,28.7,28.5,28.6,28.7,28.5,28.5,28.7,28.4,28.5,28.5,28.3,28.5,28.5,28.6,28.8,28.6,28.6,28.7,28.6,28.7,28.6,28.5,28.5,28.4,28.8,28.7,28.6,28.6,28.4,28.6,28.4,28.6,28.5,28.5,28.5,28.5,28.5,28.5,28.6,28.3,28.5,28.5,28.5,28.5,28.5,28.5,28.5,28.4,28.5,28.5,28.3,28.6,28.5,28.3,28.5,28.3,28.5,28.4,28.5,28.4,28.5
233,28.9,29.0,28.8,29.1,28.8,28.9,29.0,28.8,28.8,28.8,29.0,29.1,28.8,28.9,28.9,29.0,29.0,28.9,29.0,28.9,29.1,29.1,29.1,28.9,29.1,29.0,28.9,29.1,29.0,29.2,29.0,29.2,28.9,29.0,29.2,29.1,29.1,29.0,29.0,29.2,29.1,29.1,29.2,29.2,29.1,29.2,29.2,29.3,29.1,29.2,29.1,29.2,29.0,29.1,29.2,29.3,29.1,29.2,29.2,29.1,29.1,29.0,29.1,29.0,29.1,29.0,29.0,29.0,28.9,29.0,28.9,29.0,29.0,28.9,29.0,28.8,28.9,29.0,29.0,29.1,29.1,29.0,29.1,29.1,28.9,28.8,28.8,28.8,28.8,28.9,28.8,28.7,28.6,28.8,28.8,28.7,28.6,28.5,28.6,28.5,28.5,28.5,28.6,28.5,28.3,28.4,28.3,28.2,28.5,28.6,28.6,28.4,28.6,28.7,28.5,28.7,28.5,28.5,28.4,28.6,28.7,28.5,28.5,28.5,28.6,28.5,28.6,28.7,28.6,28.5,28.6,28.6,28.8,28.5,28.6,28.5,28.6,28.6,28.6,28.5,28.8,28.5,28.6,28.6,28.6,28.6,28.6,28.5,28.5,28.5,28.6,28.6,28.5,28.6,28.5,28.5,28.6,28.6,28.4,28.3,28.5,28.5,28.5,28.3,28.5,28.4,28.4,28.3,28.5,28.2,28.3,28.1,28.4,28.4,28.4,28.4,28.3,28.3,28.5,28.5,28.3,28.3,28.5,28.6,28.5,28.4,28.4,28.4,28.3,28.4,28.2,28.2
234,28.9,28.9,28.8,28.9,28.9,29.0,28.8,28.9,28.9,28.9,28.9,28.7,28.9,29.0,29.0,29.0,29.0,28.7,28.9,29.0,29.0,29.0,29.2,29.0,29.2,28.9,29.0,29.2,29.0,29.0,29.2,29.0,29.3,29.1,29.2,29.1,29.3,29.2,29.0,29.1,29.0,29.4,29.3,29.1,29.2,29.2,29.2,29.1,29.2,29.2,29.1,29.2,29.1,29.2,29.2,29.0,29.0,29.0,29.1,29.2,29.1,29.1,29.0,29.0,29.2,29.0,29.1,29.0,29.1,28.9,29.0,28.9,29.0,29.0,28.9,29.0,28.9,29.0,29.3,29.3,29.0,29.2,28.8,28.9,28.8,29.0,28.8,28.8,28.9,29.0,28.8,28.7,28.8,28.9,28.7,28.7,28.6,28.6,28.5,28.6,28.5,28.5,28.5,28.5,28.5,28.5,28.5,28.4,28.6,28.5,28.4,28.6,28.5,28.5,28.5,28.5,28.4,28.6,28.6,28.6,28.5,28.6,28.5,28.5,28.6,28.5,28.7,28.5,28.5,28.6,28.6,28.7,28.7,28.4,28.6,28.5,28.5,28.5,28.5,28.5,28.6,28.6,28.5,28.4,28.5,28.5,28.5,28.5,28.6,28.5,28.5,28.5,28.5,28.6,28.5,28.6,28.5,28.5,28.4,28.4,28.5,28.5,28.5,28.5,28.4,28.7,28.5,28.7,28.5,28.5,28.3,28.5,28.5,28.3,28.5,28.4,28.5,28.5,28.4,28.5,28.3,28.2,28.3,28.3,28.5,28.3,28.3,28.4,28.4,28.4,28.5,28.3
235,29.1,28.8,29.0,29.0,29.0,29.0,28.9,29.0,28.9,28.8,28.9,28.9,28.9,28.9,29.0,29.0,29.0,29.0,28.9,29.0,29.1,29.1,28.9,29.2,29.1,29.1,29.0,29.0,29.1,28.9,29.2,29.1,29.3,29.1,29.1,29.1,29.1,29.1,29.2,29.0,29.2,29.2,29.1,29.0,29.1,29.3,29.3,29.1,29.1,29.2,29.2,29.3,29.2,29.0,29.0,29.2,28.9,29.1,29.1,29.0,29.1,29.2,29.1,29.0,29.0,29.0,28.9,28.9,29.0,29.0,29.0,29.1,29.0,28.9,29.0,28.9,28.9,28.9,29.2,29.1,29.2,29.2,29.0,29.2,29.0,29.1,29.0,28.8,28.9,28.8,28.8,28.8,28.8,28.8,28.8,28.8,28.7,28.5,28.7,28.7,28.8,28.5,28.6,28.6,28.6,28.4,28.3,28.6,28.6,28.4,28.4,28.5,28.5,28.5,28.6,28.4,28.5,28.6,28.5,28.5,28.6,28.8,28.6,28.5,28.6,28.5,28.6,28.7,28.6,28.4,28.5,28.6,28.5,28.5,28.5,28.5,28.6,28.5,28.5,28.5,28.4,28.5,28.5,28.6,28.5,28.5,28.6,28.6,28.6,28.6,28.5,28.4,28.6,28.4,28.3,28.5,28.3,28.5,28.5,28.5,28.7,28.4,28.4,28.3,28.4,28.3,28.5,28.4,28.5,28.1,28.5,28.4,28.5,28.4,28.3,28.2,28.5,28.4,28.4,28.3,28.2,28.5,28.5,28.4,28.4,28.4,28.3,28.4,28.3,28.4,28.4,28.3
236,29.0,29.0,28.8,28.9,28.8,28.8,28.9,28.9,28.9,28.9,28.9,29.0,28.9,28.8,28.8,29.1,29.1,28.8,29.2,29.1,29.1,28.9,29.0,29.1,29.1,29.1,29.0,29.1,28.9,29.0,28.9,29.1,29.1,29.1,29.1,29.1,29.2,29.1,28.9,29.0,29.1,29.1,29.1,29.1,29.1,29.1,29.1,29.3,29.0,29.0,29.0,29.1,29.0,29.1,29.0,28.9,29.1,28.8,29.0,29.0,29.1,29.2,28.8,29.0,29.0,29.0,29.1,28.8,28.8,29.0,29.0,28.9,28.9,28.9,28.8,28.8,28.7,28.9,29.1,29.0,29.1,28.8,29.0,29.1,29.0,29.0,28.9,29.0,28.8,29.0,28.9,29.0,28.9,28.9,28.8,28.6,28.8,28.8,28.7,28.7,28.7,28.5,28.5,28.6,28.2,28.3,28.5,28.3,28.5,28.4,28.5,28.6,28.4,28.6,28.4,28.5,28.5,28.5,28.7,28.5,28.3,28.5,28.4,28.6,28.5,28.6,28.5,28.5,28.6,28.5,28.5,28.5,28.6,28.3,28.4,28.3,28.5,28.3,28.4,28.6,28.5,28.4,28.3,28.5,28.8,28.5,28.3,28.5,28.3,28.5,28.4,28.2,28.5,28.5,28.3,28.5,28.4,28.5,28.5,28.5,28.3,28.4,28.3,28.3,28.3,28.3,28.3,28.3,28.3,28.4,28.3,28.2,28.5,28.5,28.4,28.4,28.3,28.5,28.4,28.3,28.3,28.3,28.3,28.3,28.2,28.3,28.2,28.4,28.4,28.2,28.2,28.4
237,28.8,28.7,28.9,28.9,29.0,28.8,28.8,28.9,28.9,28.9,28.9,28.8,28.8,28.9,29.0,29.1,28.9,29.1,29.0,29.1,28.9,29.0,29.0,28.8,29.3,29.0,29.0,29.1,29.1,29.0,29.1,29.1,29.2,28.9,29.1,28.9,29.0,29.0,29.0,29.0,29.0,29.1,29.0,29.0,29.0,29.1,29.1,29.1,29.1,29.0,29.0,28.8,28.9,29.1,29.0,29.1,28.9,29.0,28.9,29.0,28.9,28.9,29.0,29.0,28.8,29.0,28.8,28.8,28.7,28.9,28.9,28.9,28.8,28.8,28.8,28.9,28.9,29.0,29.0,29.1,29.1,29.0,28.9,29.0,28.9,29.0,28.9,28.9,29.0,28.9,28.9,28.9,28.8,29.0,28.8,28.8,28.8,28.8,28.5,28.8,28.7,28.5,28.6,28.6,28.4,28.5,28.6,28.5,28.4,28.5,28.5,28.5,28.4,28.5,28.5,28.3,28.5,28.5,28.5,28.5,28.5,28.5,28.5,28.3,28.6,28.6,28.5,28.5,28.5,28.5,28.5,28.5,28.5,28.5,28.6,28.5,28.5,28.4,28.5,28.5,28.5,28.5,28.5,28.5,28.6,28.5,28.4,28.6,28.3,28.5,28.5,28.7,28.5,28.5,28.2,28.4,28.5,28.4,28.6,28.5,28.6,28.4,28.3,28.5,28.3,28.2,28.3,28.3,28.4,28.3,28.2,28.3,28.3,28.3,28.4,28.5,28.3,28.4,28.3,28.5,28.2,28.3,28.4,28.3,28.3,28.4,28.2,28.2,28.3,28.3,28.5,28.3
238,28.9,28.8,28.7,28.8,28.8,28.8,28.8,28.7,28.9,28.8,29.0,28.8,28.9,28.7,28.8,28.9,29.1,28.9,28.8,28.9,28.9,28.9,28.8,29.0,29.1,28.9,28.9,29.1,29.0,28.9,29.2,29.0,29.2,29.0,29.1,29.1,28.9,29.0,28.9,29.1,28.9,29.1,29.0,28.9,29.0,29.0,29.0,29.0,29.1,29.1,29.0,29.0,29.0,28.9,28.9,29.0,28.9,28.9,29.0,29.0,29.2,29.0,29.0,29.1,28.8,28.9,28.7,29.0,28.8,28.9,28.9,28.9,28.7,28.9,28.8,28.8,28.8,28.9,29.0,29.0,29.0,29.0,29.0,29.1,29.1,28.9,28.7,28.9,28.8,29.0,28.8,29.0,28.7,28.9,28.8,28.8,28.8,28.8,28.7,28.6,28.5,28.7,28.6,28.5,28.5,28.6,28.3,28.3,28.3,28.3,28.3,28.4,28.6,28.5,28.3,28.3,28.5,28.5,28.4,28.4,28.3,28.5,28.5,28.6,28.4,28.3,28.4,28.3,28.3,28.4,28.3,28.6,28.4,28.3,28.5,28.5,28.6,28.4,28.5,28.5,28.4,28.6,28.4,28.3,28.5,28.6,28.3,28.5,28.5,28.5,28.5,28.5,28.3,28.3,28.3,28.5,28.3,28.4,28.4,28.5,28.5,28.3,28.5,28.4,28.5,28.3,28.3,28.5,28.3,28.3,28.2,28.3,28.3,28.3,28.3,28.3,28.2,28.3,28.5,28.3,28.4,28.3,28.4,28.5,28.3,28.2,28.1,28.3,28.3,28.3,28.4,28.2
239,29.0,28.9,29.0,28.7,28.8,29.0,28.7,28.9,28.9,28.8,28.8,28.8,28.9,29.0,29.0,28.9,28.9,28.9,28.9,28.9,29.2,28.9,28.9,28.8,29.1,28.9,29.1,29.0,29.0,29.1,29.0,29.0,29.1,29.1,29.0,28.9,28.9,29.0,29.0,29.0,29.1,29.0,29.2,29.1,29.0,29.1,29.1,29.1,29.1,28.9,29.1,28.9,29.0,29.0,29.0,29.0,29.0,28.9,28.9,28.9,28.9,29.0,28.9,28.8,28.8,28.9,28.8,28.9,28.8,28.8,28.9,28.9,28.8,28.7,28.9,28.8,28.8,28.9,29.0,29.1,29.0,29.0,29.1,28.9,29.0,29.1,29.0,29.0,29.0,28.9,28.8,28.9,28.9,28.8,28.9,28.7,28.8,28.8,28.6,28.7,28.6,28.5,28.6,28.3,28.5,28.4,28.3,28.5,28.2,28.5,28.5,28.5,28.3,28.5,28.4,28.6,28.3,28.3,28.5,28.5,28.5,28.6,28.3,28.3,28.5,28.5,28.5,28.6,28.4,28.6,28.3,28.4,28.6,28.5,28.5,28.6,28.4,28.4,28.5,28.5,28.6,28.6,28.6,28.5,28.5,28.3,28.3,28.3,28.3,28.4,28.5,28.6,28.5,28.2,28.4,28.3,28.4,28.5,28.4,28.5,28.3,28.5,28.3,28.4,28.4,28.3,28.3,28.4,28.5,28.3,28.3,28.5,28.4,28.3,28.4,28.3,28.3,28.2,28.2,28.2,28.2,28.3,28.5,28.4,28.3,28.3,28.5,28.5,28.3,28.3,28.3,28.3
240,28.8,29.0,28.9,28.9,28.8,29.1,28.9,28.9,28.9,28.9,28.8,28.9,28.9,28.9,29.0,28.9,29.0,28.9,28.8,29.0,29.0,29.0,28.9,29.0,29.0,28.9,29.0,29.0,29.1,29.0,29.1,29.1,29.0,29.0,28.8,29.0,29.0,29.2,28.9,29.0,29.1,29.0,29.1,29.0,29.0,29.0,29.0,28.9,29.0,29.2,28.8,29.0,29.0,29.0,28.9,28.8,28.8,28.8,28.9,29.0,28.9,29.0,29.0,28.8,28.9,28.9,28.7,28.9,28.8,28.8,28.8,28.8,29.0,28.7,29.0,28.7,28.9,28.7,29.1,29.0,29.1,29.1,28.9,29.2,29.1,28.9,28.9,29.0,28.8,28.9,28.9,29.0,28.8,28.8,28.8,28.7,28.6,28.8,28.7,28.6,28.7,28.7,28.5,28.6,28.2,28.3,28.5,28.3,28.3,28.2,28.4,28.4,28.3,28.5,28.2,28.5,28.5,28.3,28.5,28.4,28.2,28.5,28.5,28.3,28.5,28.4,28.4,28.3,28.5,28.5,28.4,28.3,28.6,28.8,28.6,28.5,28.4,28.5,28.4,28.5,28.6,28.5,28.4,28.4,28.3,28.2,28.3,28.5,28.4,28.6,28.5,28.5,28.3,28.5,28.4,28.3,28.4,28.5,28.6,28.5,28.5,28.5,28.5,28.5,28.4,28.3,28.4,28.3,28.4,28.3,28.2,28.2,28.4,28.5,28.4,28.3,28.3,28.3,28.3,28.4,28.3,28.4,28.3,28.5,28.3,28.3,28.3,28.4,28.2,28.1,28.5,28.4
241,28.7,28.8,28.6,28.9,28.9,29.0,28.7,28.8,29.0,28.8,28.8,28.9,28.8,28.9,28.8,29.1,28.9,28.9,28.9,28.9,29.0,28.8,28.8,29.0,28.9,29.0,28.9,29.0,28.9,28.9,28.9,29.0,29.0,28.9,29.0,28.9,29.0,28.9,29.1,29.0,28.9,29.2,29.0,29.1,29.1,28.9,29.1,29.0,28.9,29.1,29.0,28.9,28.7,28.9,28.9,28.8,29.0,28.9,28.8,28.9,28.9,29.0,28.7,28.9,28.8,29.0,28.8,28.8,28.8,28.7,28.8,28.7,28.7,28.6,28.8,28.8,28.7,28.8,29.0,29.0,29.0,29.2,28.9,29.0,29.0,29.0,29.0,29.0,28.9,28.8,28.8,28.8,28.7,28.9,28.6,28.9,28.7,28.7,28.8,28.8,28.5,28.5,28.5,28.7,28.3,28.4,28.5,28.4,28.4,28.3,28.5,28.3,28.4,28.4,28.1,28.4,28.3,28.4,28.5,28.3,28.5,28.3,28.5,28.4,28.3,28.5,28.5,28.5,28.4,28.6,28.3,28.4,28.3,28.3,28.3,28.3,28.3,28.5,28.3,28.2,28.4,28.5,28.3,28.3,28.7,28.3,28.4,28.5,28.4,28.3,28.4,28.5,28.5,28.5,28.3,28.3,28.4,28.4,28.3,28.3,28.3,28.4,28.2,28.1,28.3,28.3,28.3,28.2,28.3,28.2,28.3,28.1,28.4,28.2,28.3,28.3,28.3,28.4,28.2,28.1,28.3,28.4,28.5,28.2,28.2,28.3,28.5,28.3,28.3,28.3,28.2,28.3
242,28.8,28.8,28.6,28.9,28.9,28.7,28.6,28.6,28.8,28.7,28.7,28.7,29.0,28.7,28.8,28.9,28.8,28.7,28.8,29.0,28.8,28.8,28.9,28.8,29.0,29.0,28.9,28.9,28.9,28.8,28.9,29.0,29.0,29.0,29.0,29.0,28.9,29.0,29.0,29.0,28.8,29.0,29.2,29.0,29.0,29.1,29.0,29.0,28.9,28.8,29.0,28.8,28.9,28.9,28.9,28.8,28.9,28.8,28.8,28.8,28.8,28.9,28.9,28.9,28.8,28.9,28.8,29.0,28.9,28.9,28.7,28.8,28.7,28.7,28.7,28.6,28.6,28.8,29.0,29.0,29.1,29.0,29.0,29.0,28.9,28.9,28.8,28.9,28.6,28.8,28.8,28.8,28.8,28.8,28.8,28.7,28.7,28.8,28.5,28.6,28.6,28.5,28.5,28.5,28.4,28.4,28.3,28.3,28.3,28.5,28.5,28.5,28.5,28.4,28.4,28.3,28.5,28.3,28.3,28.3,28.3,28.3,28.3,28.6,28.3,28.6,28.5,28.5,28.3,28.5,28.4,28.4,28.6,28.3,28.4,28.4,28.2,28.5,28.4,28.3,28.3,28.4,28.3,28.3,28.4,28.5,28.2,28.5,28.3,28.3,28.1,28.5,28.4,28.3,28.5,28.6,28.3,28.3,28.3,28.3,28.3,28.5,28.4,28.4,28.2,28.3,28.3,28.1,28.4,28.3,28.3,28.3,28.3,28.3,28.3,28.3,28.5,28.3,28.5,28.3,28.4,28.3,28.5,28.4,28.5,28.3,28.3,28.3,28.4,28.4,28.2,28.3
243,28.8,29.0,28.9,28.9,28.8,28.8,28.7,28.8,28.7,28.8,28.9,28.6,28.7,28.8,28.7,29.0,28.8,29.0,28.9,29.0,28.9,28.8,28.9,28.8,28.9,28.8,29.0,29.1,29.1,28.9,29.0,28.9,28.9,29.0,29.0,28.9,28.8,29.0,28.9,29.1,29.0,29.0,28.9,29.0,29.0,29.0,29.1,29.2,28.9,29.0,28.7,28.8,28.9,29.0,28.9,28.8,28.8,28.9,28.8,28.9,28.8,29.0,28.8,28.9,28.9,28.8,28.6,29.0,28.6,28.8,28.9,28.7,28.6,28.6,28.6,28.8,28.7,28.9,29.0,28.9,29.0,28.9,28.9,29.2,28.8,28.9,28.9,28.8,28.8,28.8,28.8,28.6,28.8,28.8,28.8,28.7,28.8,28.7,28.5,28.5,28.5,28.3,28.3,28.5,28.2,28.2,28.3,28.4,28.4,28.3,28.4,28.5,28.5,28.2,28.5,28.3,28.3,28.4,28.3,28.3,28.3,28.5,28.3,28.3,28.5,28.5,28.4,28.5,28.3,28.2,28.5,28.5,28.3,28.2,28.4,28.4,28.3,28.3,28.5,28.6,28.3,28.5,28.5,28.3,28.4,28.3,28.3,28.3,28.4,28.5,28.3,28.4,28.2,28.3,28.3,28.3,28.4,28.5,28.4,28.3,28.4,28.1,28.3,28.3,28.3,28.3,28.3,28.1,28.1,28.3,28.4,28.2,28.4,28.2,28.3,28.3,28.2,28.2,28.3,28.4,28.4,28.6,28.4,28.2,28.4,28.3,28.3,28.1,28.2,28.3,28.5,28.3
244,28.8,28.9,28.8,28.8,28.9,28.9,28.9,28.8,29.0,28.9,28.8,28.8,29.0,28.9,29.1,28.9,29.1,28.9,29.0,29.0,28.9,29.1,28.9,29.0,29.0,28.8,28.9,29.0,29.0,28.9,29.1,29.0,28.9,29.0,28.9,28.9,28.8,29.1,28.9,28.9,28.9,29.0,29.1,28.9,28.9,28.9,29.1,29.1,29.0,29.0,29.1,28.8,29.0,28.8,28.8,28.9,28.8,28.8,28.8,28.9,28.9,28.8,28.8,29.0,28.8,28.8,28.8,28.8,28.8,28.8,28.7,28.8,28.6,28.7,28.8,28.5,28.7,28.9,28.9,28.8,28.9,28.9,29.0,29.0,28.8,28.8,28.7,29.0,28.8,28.8,28.8,28.7,28.7,28.7,28.7,28.8,28.5,28.5,28.6,28.5,28.6,28.5,28.3,28.5,28.3,28.5,28.2,28.3,28.3,28.3,28.5,28.3,28.5,28.5,28.3,28.2,28.5,28.4,28.3,28.2,28.3,28.3,28.5,28.3,28.3,28.3,28.3,28.4,28.4,28.3,28.5,28.3,28.3,28.2,28.3,28.4,28.3,28.2,28.5,28.5,28.3,28.2,28.4,28.3,28.4,28.3,28.3,28.3,28.3,28.3,28.2,28.3,28.3,28.5,28.4,28.4,28.2,28.5,28.3,28.1,28.3,28.3,28.3,28.3,28.3,28.2,28.3,28.2,28.3,28.3,28.1,28.5,28.1,28.2,28.3,28.3,28.3,28.3,28.4,28.4,28.4,28.3,28.4,28.2,28.4,28.2,28.3,28.5,28.2,28.2,28.3,28.2
245,28.8,28.6,28.6,28.8,28.8,28.8,28.7,28.8,28.9,28.9,28.8,28.8,28.8,28.8,29.0,28.8,28.8,29.0,28.9,28.9,29.0,29.0,28.8,28.8,28.8,28.9,28.8,29.0,28.8,28.9,29.0,28.9,28.8,28.8,28.9,28.8,28.9,29.0,28.9,29.0,28.8,28.9,29.0,28.9,29.0,28.9,29.0,28.9,29.0,28.8,28.8,28.8,28.9,28.8,28.7,28.8,28.7,28.8,28.8,28.8,28.8,28.7,28.8,28.8,28.8,28.9,28.8,28.6,28.8,28.7,28.7,28.6,28.8,28.8,28.6,28.7,28.6,28.6,28.8,28.7,28.8,29.0,28.8,28.9,28.8,28.9,28.7,28.7,28.8,28.8,28.7,28.7,28.5,28.8,28.6,28.6,28.4,28.6,28.3,28.5,28.3,28.5,28.2,28.3,28.1,28.1,28.3,28.4,28.1,28.4,28.4,28.3,28.5,28.3,28.3,28.4,28.3,28.3,28.3,28.3,28.3,28.5,28.4,28.2,28.4,28.3,28.2,28.4,28.1,28.3,28.3,28.5,28.3,28.3,28.2,28.3,28.1,28.2,28.3,28.2,28.3,28.4,28.3,28.4,28.3,28.3,28.2,28.3,28.3,28.3,28.3,28.3,28.3,28.2,28.3,28.5,28.1,28.4,28.4,28.0,28.3,28.3,28.2,28.2,28.2,28.3,28.3,28.3,28.3,28.2,28.3,28.3,28.3,28.3,28.3,28.2,28.3,28.3,28.3,28.2,28.5,28.1,28.1,28.3,28.2,28.1,28.2,28.3,28.2,28.4,28.3,28.4
246,28.8,28.8,28.8,28.8,28.8,28.7,28.8,28.8,28.8,28.8,28.8,28.8,28.7,28.8,29.0,29.0,28.9,28.8,28.8,28.8,28.8,28.9,28.8,28.8,28.9,28.8,29.0,29.0,29.0,28.9,29.0,28.8,28.9,28.9,28.8,29.0,29.0,28.8,28.8,28.8,28.8,29.0,29.0,28.8,28.8,28.8,28.9,28.9,28.8,28.8,28.8,28.8,28.8,28.7,28.8,28.9,28.8,28.8,28.7,28.8,28.9,28.8,28.8,28.8,28.6,28.9,28.8,28.8,28.8,28.9,28.8,28.7,28.6,28.7,28.6,28.6,28.5,28.6,28.8,28.7,28.7,28.7,28.8,28.8,28.8,28.7,28.8,28.8,28.7,28.8,28.6,28.5,28.7,28.7,28.5,28.6,28.6,28.6,28.5,28.3,28.3,28.3,28.4,28.3,28.3,28.3,28.2,28.3,28.3,28.3,28.3,28.2,28.5,28.2,28.3,28.3,28.3,28.2,28.5,28.4,28.2,28.3,28.3,28.4,28.3,28.2,28.4,28.5,28.2,28.3,28.5,28.3,28.3,28.3,28.6,28.1,28.1,28.3,28.2,28.3,28.5,28.3,28.3,28.5,28.2,28.3,28.1,28.3,28.3,28.3,28.3,28.3,28.3,28.1,28.3,28.2,28.3,28.1,28.3,28.1,28.2,28.2,28.4,28.2,28.2,28.3,28.3,28.4,28.3,28.3,28.2,28.3,28.2,28.3,28.3,28.2,28.3,28.3,28.2,28.2,28.4,28.1,28.4,28.3,28.3,28.2,28.3,28.2,28.3,28.3,28.5,28.1
247,28.8,28.7,28.8,28.6,28.7,28.6,28.7,28.9,28.8,28.7,28.8,28.5,28.8,28.8,28.8,28.8,28.8,28.8,28.9,29.0,28.8,28.9,28.8,28.8,28.9,29.0,29.1,29.0,28.7,28.8,28.8,28.9,28.8,28.9,28.8,28.8,28.8,28.9,28.8,28.9,28.9,28.9,29.0,28.9,28.8,28.9,29.0,29.1,28.7,28.8,28.8,28.7,28.8,28.6,28.8,28.9,28.8,28.9,28.7,29.0,28.8,28.7,28.7,28.8,28.5,28.8,28.6,28.8,28.7,28.6,28.7,28.7,28.5,28.8,28.5,28.6,28.5,28.6,28.3,28.6,28.7,28.5,28.7,28.8,28.6,28.7,28.8,28.8,28.6,28.7,28.5,28.7,28.5,28.5,28.5,28.3,28.5,28.5,28.5,28.3,28.2,28.2,28.2,28.1,28.2,28.1,28.2,28.3,28.3,28.2,28.2,28.3,28.3,28.1,28.4,28.0,28.4,28.3,28.3,28.3,28.3,28.2,28.3,28.2,28.3,28.3,28.3,28.3,28.4,28.3,28.2,28.2,28.3,28.1,28.1,28.2,28.2,28.1,28.3,28.2,28.2,28.3,28.2,28.3,28.5,28.3,28.2,28.2,28.2,28.1,28.2,28.3,28.2,28.1,28.0,28.2,28.3,28.3,28.2,28.1,28.3,28.1,28.2,28.2,28.3,28.2,28.3,28.1,28.2,28.2,28.1,28.2,28.2,28.2,28.3,28.3,28.5,28.3,28.1,28.2,28.1,28.3,28.2,28.3,28.1,28.1,28.4,28.3,28.3,28.2,28.3,28.4
248,28.9,28.8,28.7,28.7,28.8,28.8,28.8,28.5,28.9,28.7,28.8,28.8,28.8,28.7,28.8,28.8,28.9,28.6,28.9,28.9,28.8,28.9,28.8,28.8,28.9,29.1,28.9,28.8,28.7,28.9,28.8,28.9,28.8,28.8,28.7,28.9,28.8,29.0,28.8,28.7,29.1,29.0,29.0,28.8,29.0,28.8,28.8,28.8,28.8,28.9,28.8,28.8,28.8,28.8,28.7,28.8,28.8,28.8,28.8,28.7,28.8,28.5,28.7,28.7,28.6,28.7,28.6,28.6,28.6,28.5,28.5,28.7,28.5,28.6,28.6,28.5,28.5,28.5,28.7,28.5,28.3,28.6,28.5,28.4,28.6,28.5,28.7,28.6,28.6,28.6,28.7,28.6,28.5,28.6,28.7,28.6,28.4,28.3,28.3,28.2,28.4,28.3,28.2,28.3,28.1,28.4,28.3,28.3,28.1,28.3,28.3,28.3,28.3,28.3,28.2,28.3,28.2,28.2,28.3,28.2,28.1,28.1,28.3,28.2,28.2,28.1,28.2,28.3,28.3,28.3,28.2,28.2,28.3,28.2,28.2,28.3,28.2,28.2,28.1,28.1,28.3,28.2,28.3,28.1,28.3,28.2,28.1,28.1,28.2,28.1,28.4,28.3,28.1,28.1,28.3,28.3,28.2,28.2,28.3,28.2,28.3,28.2,28.2,28.3,28.1,28.2,28.0,28.2,28.2,28.1,28.1,28.2,28.3,28.2,28.3,28.2,28.2,28.2,28.1,28.2,28.3,28.2,28.2,28.2,28.2,28.1,28.3,28.3,28.1,28.3,28.4,28.3
249,28.6,28.5,28.6,28.7,28.7,28.7,28.8,28.5,28.7,28.8,28.6,28.8,28.8,28.8,28.7,28.8,28.7,28.6,28.7,29.0,28.9,28.8,28.7,28.8,28.8,28.7,28.9,28.8,28.8,28.9,28.8,28.8,28.9,28.8,28.8,28.8,28.9,29.0,28.8,28.7,28.7,29.0,28.8,28.7,29.0,28.7,28.7,28.9,28.8,28.7,28.6,28.7,28.6,28.7,28.7,28.6,28.8,28.6,28.6,28.6,28.8,28.7,28.6,28.6,28.6,28.6,28.7,28.7,28.6,28.6,28.5,28.6,28.4,28.6,28.5,28.5,28.3,28.3,28.5,28.5,28.3,28.5,28.5,28.5,28.6,28.5,28.6,28.6,28.6,28.8,28.5,28.5,28.5,28.4,28.5,28.4,28.3,28.4,28.3,28.2,28.1,28.2,28.3,28.2,28.1,28.4,28.2,28.2,28.2,28.1,28.3,28.1,28.3,28.3,28.3,28.3,28.1,28.2,28.1,28.2,28.2,28.1,28.2,28.3,28.3,28.1,28.0,28.1,28.2,28.2,28.1,28.2,28.1,28.1,28.1,28.0,28.1,28.1,28.2,28.1,28.1,28.0,28.0,28.2,28.2,28.2,28.2,28.3,28.2,28.0,28.3,28.3,28.1,28.1,28.2,28.2,28.1,28.2,28.3,28.2,28.2,28.1,28.2,28.1,28.4,28.1,28.1,28.1,28.2,28.0,28.2,28.1,28.2,28.3,28.1,28.2,28.3,28.2,28.1,28.3,28.1,28.2,28.3,28.0,28.1,28.1,28.4,28.2,28.2,28.4,28.1,28.2
250,28.7,28.7,28.6,28.7,28.8,28.9,28.6,28.7,28.8,28.8,28.5,28.7,28.8,28.8,28.9,28.8,28.8,28.7,28.8,28.7,28.7,28.8,28.7,28.6,28.9,29.0,28.9,28.8,28.8,28.8,28.8,28.8,28.9,28.8,28.6,28.8,28.8,29.0,28.7,28.7,28.7,28.9,29.0,28.7,28.7,29.0,28.8,28.8,28.7,28.7,28.6,28.7,28.7,28.7,28.6,28.7,28.8,28.5,28.8,28.6,28.9,28.8,28.8,28.7,28.7,28.8,28.6,28.7,28.6,28.6,28.6,28.5,28.3,28.5,28.5,28.5,28.5,28.5,28.4,28.3,28.5,28.6,28.4,28.5,28.5,28.5,28.6,28.8,28.6,28.8,28.6,28.6,28.4,28.5,28.3,28.5,28.3,28.3,28.1,28.3,28.2,28.2,28.2,28.4,28.1,28.3,28.2,28.3,28.2,28.2,28.3,28.3,28.3,28.1,28.2,28.3,28.1,28.1,28.1,28.1,28.2,28.2,28.1,28.1,28.4,27.9,28.1,28.1,28.3,28.1,28.1,28.0,28.1,28.0,28.2,28.2,28.1,28.2,28.0,28.1,28.1,28.1,27.9,28.2,28.1,28.2,28.2,28.3,28.1,28.3,28.1,28.0,28.1,28.1,28.1,28.1,28.2,28.2,28.1,28.3,28.1,28.1,28.1,28.2,28.1,28.1,28.1,28.3,28.3,28.0,28.1,28.0,28.2,28.2,28.3,28.3,28.1,28.3,28.1,28.1,28.2,28.2,28.2,28.3,28.1,28.1,28.1,28.2,28.1,28.1,28.2,28.2
251,28.6,28.9,28.8,28.5,28.8,28.8,28.8,28.7,28.7,29.0,28.7,28.8,28.9,28.5,28.7,28.9,28.9,28.6,28.7,28.9,28.6,28.7,28.7,28.7,28.9,28.7,28.8,28.7,28.5,28.8,28.8,28.8,28.8,28.9,28.7,28.8,28.7,28.8,28.8,28.7,28.7,28.7,28.9,28.8,28.9,28.6,28.8,28.7,28.7,28.8,28.7,28.8,28.6,28.7,28.6,28.7,28.5,28.6,28.7,28.6,28.6,28.7,28.6,28.7,28.5,28.5,28.5,28.6,28.4,28.6,28.5,28.5,28.3,28.6,28.4,28.3,28.5,28.5,28.4,28.4,28.4,28.1,28.4,28.4,28.4,28.5,28.6,28.5,28.6,28.6,28.6,28.5,28.2,28.4,28.3,28.2,28.2,28.1,28.3,28.1,28.1,28.1,28.3,28.3,28.2,28.2,28.3,28.0,28.2,28.1,28.2,28.1,28.1,28.1,28.0,28.1,28.0,28.2,28.3,28.2,28.2,28.1,28.2,28.1,28.1,28.1,28.1,28.1,28.0,27.9,28.1,28.2,28.2,27.9,28.1,28.2,28.1,28.0,28.3,28.1,28.1,28.0,28.0,28.2,28.1,28.1,28.1,28.0,28.1,28.1,28.0,28.1,28.0,28.0,28.1,28.2,27.9,28.2,28.2,28.2,28.2,28.2,28.1,28.1,28.3,28.3,28.1,28.0,28.3,28.1,28.2,28.0,28.1,28.1,28.4,28.0,28.2,28.2,28.1,28.1,28.3,28.3,28.0,28.2,28.1,28.1,27.9,28.2,28.3,28.1,28.3,28.2
252,28.6,28.6,28.7,28.7,28.6,28.7,28.7,28.7,28.7,28.6,28.5,28.7,28.7,28.7,28.7,28.6,28.7,28.6,28.6,28.8,28.8,28.8,28.7,28.7,29.0,28.8,28.7,28.8,28.6,28.6,28.8,28.7,28.5,28.8,28.6,28.8,28.8,28.7,28.8,28.7,28.7,28.8,28.8,28.7,28.8,28.8,28.8,28.7,28.5,28.8,28.8,28.8,28.6,28.7,28.5,28.5,28.5,28.7,28.6,28.8,28.6,28.5,28.6,28.5,28.6,28.5,28.6,28.5,28.5,28.3,28.5,28.5,28.5,28.5,28.5,28.3,28.3,28.2,28.3,28.5,28.3,28.2,28.3,28.4,28.2,28.5,28.6,28.5,28.4,28.5,28.5,28.4,28.3,28.4,28.3,28.2,28.1,28.1,28.1,28.0,28.2,28.0,28.3,28.1,28.3,28.0,27.9,28.1,28.1,28.0,28.1,28.1,28.1,28.2,28.0,28.0,28.0,28.0,28.3,28.2,28.0,27.9,28.1,28.0,27.9,28.0,28.0,28.0,28.1,27.9,28.0,28.0,28.0,28.0,28.0,28.1,28.0,27.9,28.1,28.0,28.1,27.8,28.0,27.9,28.1,28.2,28.0,28.0,28.1,28.2,28.1,28.0,28.0,28.0,28.1,28.1,28.0,28.0,28.0,28.1,28.2,28.1,28.2,28.1,28.0,28.1,28.1,28.2,28.0,28.1,28.1,28.1,28.1,28.1,28.3,28.1,28.2,28.2,28.1,28.1,28.1,27.9,28.1,28.3,28.2,28.2,28.2,28.2,28.2,28.2,28.3,28.1
253,28.7,28.8,28.6,28.5,28.6,28.9,28.6,28.8,28.9,28.6,28.7,28.5,28.5,28.8,28.8,28.8,28.8,28.6,28.7,28.8,28.9,28.7,28.8,28.7,28.7,28.6,28.8,28.8,28.7,28.8,28.8,28.9,28.8,28.6,28.6,28.5,28.9,28.7,28.6,28.7,28.8,28.8,28.7,28.8,28.7,28.8,28.6,28.6,28.7,28.7,28.7,28.6,28.7,28.7,28.7,28.4,28.7,28.9,28.5,28.6,28.7,28.6,28.6,28.7,28.7,28.7,28.5,28.5,28.4,28.5,28.4,28.5,28.5,28.3,28.5,28.3,28.3,28.3,28.5,28.4,28.2,28.3,28.2,28.3,28.3,28.5,28.5,28.5,28.5,28.5,28.3,28.3,28.1,28.2,28.3,28.3,28.0,28.0,28.1,28.1,28.1,28.1,28.1,28.3,28.1,28.1,28.1,28.1,28.1,28.1,28.1,28.0,28.0,28.1,27.9,28.1,28.1,28.1,28.1,28.0,28.1,27.9,28.2,28.0,28.0,28.1,28.1,28.1,27.9,28.1,28.1,27.9,28.0,28.2,28.0,28.1,28.0,28.0,28.2,28.1,28.1,27.9,28.1,27.8,28.1,28.1,28.1,28.1,28.4,28.1,28.1,28.0,28.1,28.1,28.1,28.0,28.1,28.3,28.1,28.1,28.1,28.1,28.0,28.0,28.1,28.0,28.1,28.4,28.2,28.3,27.9,28.1,28.2,28.1,28.3,28.2,28.2,28.0,28.2,28.2,28.3,28.1,28.2,28.3,28.1,28.1,28.1,28.1,28.3,28.3,28.3,28.2
254,28.8,28.7,28.6,28.6,28.8,28.9,28.8,28.7,28.7,28.8,28.7,28.6,28.5,28.6,28.9,28.7,28.8,28.7,28.8,28.7,28.7,28.7,28.6,28.6,28.8,28.7,28.7,28.8,28.8,28.9,29.0,28.8,28.7,28.8,29.0,28.7,28.8,28.8,28.8,28.6,28.7,28.8,28.8,28.8,28.8,28.7,28.8,28.6,28.8,28.7,28.6,28.6,28.7,28.6,28.6,28.5,28.7,28.7,28.7,28.7,28.5,28.3,28.5,28.6,28.5,28.5,28.6,28.4,28.5,28.4,28.6,28.3,28.5,28.3,28.4,28.2,28.3,28.3,28.3,28.4,28.1,28.1,28.3,28.3,28.3,28.3,28.5,28.5,28.3,28.5,28.4,28.3,28.3,28.2,28.1,28.1,28.2,28.1,28.0,28.1,28.1,28.2,28.3,28.2,28.1,28.3,28.1,28.1,27.9,28.0,27.9,28.1,28.1,28.0,28.0,28.2,28.0,27.9,28.1,28.0,28.0,28.0,28.0,28.0,28.1,28.1,28.0,28.0,28.0,28.0,27.9,28.1,28.1,27.9,28.1,28.0,27.8,27.9,28.2,27.9,28.1,28.0,27.9,27.9,28.0,28.0,27.9,28.0,27.9,28.2,28.2,28.0,28.0,28.2,27.9,28.1,28.0,27.9,28.0,28.0,28.1,28.1,28.1,28.1,28.2,28.1,28.1,28.1,28.1,28.1,28.2,28.1,27.9,28.2,28.0,28.1,28.2,27.9,28.1,28.1,28.0,28.1,28.3,28.2,28.3,28.0,28.3,28.2,28.1,28.1,28.3,28.1
255,28.9,28.6,28.7,28.7,28.7,28.6,28.7,28.8,28.8,28.8,28.7,28.8,28.8,28.6,28.8,28.8,28.7,28.5,28.6,28.7,28.8,28.6,28.6,28.7,28.8,28.8,28.8,28.7,28.8,28.7,28.9,28.8,28.7,28.9,28.7,28.7,28.7,28.6,28.6,28.7,28.8,28.5,28.8,28.6,28.8,28.6,28.6,28.7,28.7,28.8,28.6,28.7,28.6,28.6,28.4,28.6,28.5,28.7,28.7,28.7,28.6,28.5,28.6,28.5,28.5,28.5,28.4,28.5,28.4,28.3,28.3,28.4,28.5,28.4,28.3,28.5,28.1,28.3,28.3,28.1,28.2,28.3,28.1,28.2,28.2,28.2,28.4,28.5,28.5,28.5,28.5,28.2,28.3,28.3,28.2,28.1,28.1,28.3,28.0,28.2,28.1,28.2,28.1,28.2,28.0,28.2,28.3,28.1,28.0,28.0,27.9,28.0,28.0,28.1,28.1,28.0,27.9,27.9,28.1,28.0,27.9,28.1,27.9,28.2,28.1,28.2,28.0,28.1,28.1,28.0,28.0,28.0,27.9,28.0,28.1,27.9,27.9,28.1,28.0,28.0,27.9,27.9,28.0,27.9,28.2,28.1,28.1,27.9,28.1,27.9,28.1,28.1,28.1,27.9,28.1,28.1,28.1,28.2,28.0,28.2,28.0,28.0,28.1,28.1,28.1,28.1,28.0,28.2,28.2,27.9,28.1,28.0,28.2,28.1,28.1,28.1,28.0,28.1,28.2,28.1,28.0,28.1,28.0,28.1,28.1,28.2,28.2,28.2,28.1,28.1,28.3,28.2
