文件路径:,C:\Users\23589\Desktop\物理实验竞赛\实验数据（黑胶带版）\case15_香橙派5Pro黑胶带_满负载\data\HM20260727204447.csv
源热像文件:,C:\Users\23589\Desktop\物理实验竞赛\实验数据（黑胶带版）\case15_香橙派5Pro黑胶带_满负载\photo\HM20260727204447.jpeg

测温单位,摄氏度
图像宽度,192
图像高度,256

全局
统计:,,平均值:,28.8
,,最小值:,27.7
,,最大值:,30.5

坐标Y\X,0,1,2,3,4,5,6,7,8,9,10,11,12,13,14,15,16,17,18,19,20,21,22,23,24,25,26,27,28,29,30,31,32,33,34,35,36,37,38,39,40,41,42,43,44,45,46,47,48,49,50,51,52,53,54,55,56,57,58,59,60,61,62,63,64,65,66,67,68,69,70,71,72,73,74,75,76,77,78,79,80,81,82,83,84,85,86,87,88,89,90,91,92,93,94,95,96,97,98,99,100,101,102,103,104,105,106,107,108,109,110,111,112,113,114,115,116,117,118,119,120,121,122,123,124,125,126,127,128,129,130,131,132,133,134,135,136,137,138,139,140,141,142,143,144,145,146,147,148,149,150,151,152,153,154,155,156,157,158,159,160,161,162,163,164,165,166,167,168,169,170,171,172,173,174,175,176,177,178,179,180,181,182,183,184,185,186,187,188,189,190,191
0,28.0,28.1,28.3,28.2,28.2,28.1,28.1,28.1,28.2,28.1,28.2,28.2,28.2,28.2,28.1,28.2,28.2,28.1,28.2,28.1,28.0,28.1,28.1,28.1,28.3,28.2,28.1,28.1,28.2,28.2,28.1,28.2,28.1,28.1,28.3,28.0,28.1,28.1,28.3,28.1,28.3,28.2,28.3,28.1,28.2,28.3,28.1,28.2,28.3,28.1,28.3,28.2,28.1,28.1,28.2,28.3,28.2,28.2,28.3,28.2,28.3,28.4,28.1,28.3,28.3,28.1,28.3,28.4,28.3,28.2,28.3,28.2,28.3,28.1,28.3,28.4,28.3,28.2,28.1,28.2,28.3,28.2,28.1,28.2,28.2,28.3,28.2,28.1,28.2,28.2,28.2,28.2,28.1,28.3,28.1,28.2,28.1,28.2,28.2,28.2,28.3,28.0,28.3,28.3,28.1,28.3,28.2,28.3,28.4,28.3,28.3,28.2,28.2,28.3,28.3,28.1,28.2,28.3,28.2,28.3,28.3,28.3,28.2,28.2,28.2,28.4,28.3,28.2,28.3,28.3,28.3,28.2,28.2,28.2,28.3,28.2,28.1,28.2,28.1,28.2,28.3,28.3,28.3,28.0,28.1,28.2,28.4,28.3,28.4,28.2,28.3,28.4,28.3,28.3,28.4,28.5,28.0,28.3,28.2,28.4,28.4,28.3,28.2,28.2,28.3,28.2,28.1,28.2,28.1,28.1,28.2,28.1,28.1,28.2,28.3,28.2,28.2,28.1,28.1,28.2,28.3,28.1,28.2,28.1,28.2,28.3,28.1,28.3,28.1,28.1,28.3,28.2
1,28.0,28.3,28.1,28.2,28.1,28.1,28.2,28.1,28.1,28.1,28.0,28.2,28.1,28.1,28.2,28.1,28.2,28.0,28.1,28.0,28.0,28.1,28.2,28.0,28.1,28.3,28.2,28.3,28.1,28.2,28.3,28.1,28.2,28.1,28.0,28.1,28.0,28.2,28.1,28.1,28.3,28.1,28.2,28.2,28.2,28.1,28.2,28.2,28.2,28.3,28.3,28.2,28.2,28.2,28.1,28.1,28.1,28.2,28.1,28.2,28.2,28.3,28.2,28.3,28.3,28.3,28.3,28.2,28.3,28.1,28.3,28.2,28.1,28.1,28.3,28.3,28.3,28.2,28.2,28.1,28.1,28.2,28.2,28.3,28.3,28.2,28.2,28.2,28.4,28.2,28.0,28.3,28.1,28.1,28.2,28.3,28.3,28.3,28.3,28.3,28.3,28.2,28.4,28.3,28.2,28.3,28.3,28.2,28.2,28.2,28.3,28.2,28.1,28.2,28.2,28.2,28.3,28.3,28.2,28.3,28.3,28.3,28.3,28.3,28.2,28.3,28.3,28.2,28.4,28.5,28.3,28.5,28.3,28.4,28.1,28.2,28.3,28.2,28.1,28.2,28.3,28.3,28.4,28.2,28.2,28.2,28.5,28.3,28.3,28.4,28.3,28.3,28.1,28.3,28.2,28.4,28.4,28.2,28.3,28.4,28.3,28.3,28.2,28.3,28.3,28.2,28.3,28.1,28.1,28.2,28.1,28.2,28.4,28.3,28.1,28.1,28.3,28.3,28.2,28.2,28.2,28.2,28.2,28.1,28.3,28.3,28.2,28.2,28.2,28.3,28.1,28.0
2,28.1,28.0,28.1,28.0,28.1,28.2,27.9,28.1,28.2,27.9,28.3,28.1,28.2,28.0,28.1,28.2,28.1,28.0,28.1,28.0,28.2,28.1,28.2,28.0,28.1,28.0,28.2,28.1,28.1,28.1,28.1,28.1,28.1,28.1,28.2,28.0,28.3,28.1,28.1,28.2,28.2,28.2,28.2,27.9,28.3,28.3,28.2,28.1,28.1,28.2,28.1,28.3,28.3,28.0,28.3,28.2,28.3,28.2,28.1,28.3,28.3,28.3,28.2,28.1,28.2,28.4,28.3,28.3,28.1,28.1,28.1,28.5,28.3,28.2,28.2,28.3,28.3,28.1,28.2,28.2,28.3,28.2,28.2,28.3,28.3,28.3,28.2,28.3,28.2,28.2,28.3,28.2,28.2,28.2,28.2,28.2,28.2,28.2,28.3,28.2,28.2,28.4,28.3,28.1,28.2,28.1,28.3,28.2,28.3,28.1,28.3,28.3,28.2,28.2,28.5,28.3,28.3,28.1,28.2,28.3,28.3,28.3,28.1,28.2,28.2,28.1,28.3,28.2,28.4,28.3,28.1,28.2,28.0,28.2,28.3,28.4,28.3,28.2,28.3,28.4,28.1,28.3,28.3,28.3,28.1,28.2,28.1,28.2,28.3,28.2,28.3,28.3,28.2,28.3,28.3,28.3,28.2,28.1,28.1,28.2,28.1,28.5,28.2,28.1,28.3,28.3,28.3,28.4,28.3,28.2,28.2,28.2,28.1,28.2,28.1,28.3,28.1,28.3,28.0,28.0,28.1,28.1,28.2,28.1,28.2,28.3,28.1,28.0,28.1,28.1,28.1,28.2
3,28.4,28.3,28.1,28.1,28.2,28.1,28.1,28.1,28.1,28.1,28.1,28.1,28.1,28.1,28.1,28.1,28.2,28.1,28.1,28.1,28.1,28.0,28.2,28.3,28.1,28.0,28.0,28.3,28.0,28.2,28.3,28.2,28.1,28.0,28.1,28.1,28.2,28.3,28.2,28.1,28.3,28.3,28.3,28.2,28.3,28.2,28.1,28.4,28.1,28.2,28.3,28.2,28.2,28.2,28.4,28.3,28.2,28.2,28.3,28.2,28.3,28.3,28.3,28.2,28.2,28.2,28.2,28.2,28.3,28.2,28.3,28.2,28.3,28.3,28.2,28.1,28.2,28.2,28.2,28.2,28.3,28.3,28.1,28.3,28.4,28.3,28.4,28.1,28.4,28.2,28.2,28.2,28.1,28.2,28.3,28.4,28.3,28.3,28.2,28.2,28.3,28.2,28.3,28.3,28.3,28.3,28.2,28.2,28.3,28.2,28.3,28.2,28.3,28.2,28.3,28.2,28.1,28.3,28.3,28.3,28.2,28.3,28.1,28.2,28.2,28.1,28.2,28.3,28.3,28.1,28.4,28.4,28.3,28.1,28.3,28.2,28.2,28.3,28.1,28.3,28.3,28.2,28.3,28.2,28.2,28.2,28.3,28.2,28.2,28.3,28.3,28.3,28.3,28.3,28.3,28.3,28.3,28.3,28.3,28.3,28.3,28.1,28.3,28.3,28.2,28.2,28.4,28.2,28.3,28.2,28.1,28.2,28.2,28.3,28.2,28.2,28.1,28.3,28.1,28.2,28.3,28.2,28.1,28.2,28.3,28.2,28.4,28.3,28.3,28.1,28.2,28.2
4,28.0,28.1,28.1,28.1,28.2,28.2,28.1,28.1,28.1,28.1,28.1,28.1,28.0,28.1,28.1,28.0,28.3,27.9,28.2,28.0,28.2,28.1,28.2,28.1,28.2,28.3,28.0,28.3,28.3,28.0,28.1,28.2,28.1,28.2,28.2,28.2,28.1,28.3,28.2,28.3,28.2,28.1,28.1,28.1,28.1,28.2,28.2,28.3,28.1,28.0,28.1,28.1,28.3,28.3,28.3,28.2,28.2,28.1,28.1,28.2,28.3,28.3,28.3,28.1,28.5,28.2,28.3,28.2,28.3,28.2,28.3,28.2,28.3,28.2,28.2,28.3,28.3,28.3,28.3,28.3,28.1,28.5,28.2,28.3,28.1,28.3,28.2,28.3,28.3,28.5,28.3,28.2,28.3,28.2,28.4,28.2,28.3,28.3,28.2,28.1,28.3,28.5,28.4,28.4,28.2,28.3,28.3,28.3,28.3,28.3,28.3,28.2,28.3,28.4,28.2,28.2,28.3,28.2,28.3,28.3,28.3,28.4,28.3,28.3,28.2,28.3,28.5,28.5,28.3,28.4,28.3,28.4,28.0,28.3,28.2,28.2,28.4,28.1,28.1,28.2,28.3,28.2,28.2,28.3,28.2,28.3,28.4,28.3,28.3,28.3,28.5,28.4,28.3,28.3,28.3,28.3,28.2,28.3,28.3,28.5,28.1,28.4,28.3,28.1,28.1,28.3,28.1,28.2,28.5,28.3,28.3,28.1,28.3,28.3,28.2,28.3,28.1,28.1,28.1,28.3,28.2,28.2,28.0,28.1,28.2,28.2,28.2,28.2,28.3,28.2,28.3,28.4
5,28.3,28.0,28.3,28.1,28.2,28.1,28.2,28.1,28.2,28.1,28.1,27.9,28.1,28.1,28.1,28.1,28.0,28.1,28.1,28.1,28.0,28.1,28.2,28.0,28.2,28.0,28.2,28.2,28.0,28.3,28.1,28.1,28.2,28.1,28.2,27.9,28.2,28.0,28.1,28.0,28.2,28.3,28.3,28.3,28.0,28.3,28.4,28.3,28.3,28.1,28.2,28.2,28.3,28.2,28.3,28.2,28.3,28.2,28.1,28.3,28.2,28.3,28.4,28.2,28.3,28.1,28.4,28.3,28.3,28.3,28.5,28.4,28.3,28.3,28.3,28.2,28.2,28.3,28.3,28.3,28.2,28.3,28.3,28.2,28.3,28.2,28.3,28.2,28.4,28.3,28.3,28.3,28.3,28.3,28.3,28.2,28.3,28.3,28.3,28.2,28.3,28.3,28.3,28.2,28.3,28.4,28.1,28.2,28.4,28.3,28.3,28.2,28.3,28.2,28.4,28.5,28.3,28.3,28.4,28.4,28.3,28.3,28.3,28.4,28.4,28.3,28.5,28.4,28.3,28.3,28.1,28.3,28.3,28.3,28.3,28.3,28.2,28.3,28.3,28.3,28.4,28.3,28.2,28.2,28.3,28.4,28.5,28.4,28.3,28.5,28.4,28.4,28.3,28.3,28.5,28.2,28.1,28.4,28.3,28.3,28.3,28.3,28.2,28.4,28.1,28.2,28.3,28.4,28.4,28.5,28.1,28.2,28.3,28.0,28.1,28.3,28.1,28.3,28.2,28.2,28.2,28.5,28.3,28.2,28.3,28.3,28.2,28.1,28.2,28.2,28.1,28.2
6,28.2,28.0,28.2,28.1,27.9,28.2,28.2,28.1,28.1,28.2,28.1,28.1,28.1,28.0,28.1,28.2,28.0,28.1,28.1,28.1,28.2,28.1,28.3,28.3,28.1,28.0,28.1,28.3,28.3,28.1,28.2,28.3,28.3,28.2,28.2,28.2,28.2,28.1,28.2,28.3,28.2,28.2,28.3,28.2,28.1,28.3,28.2,28.4,28.3,28.1,28.3,28.3,28.1,28.1,28.2,28.4,28.3,28.2,28.3,28.3,28.2,28.3,28.1,28.2,28.2,28.2,28.3,28.3,28.2,28.2,28.2,28.3,28.3,28.2,28.2,28.3,28.3,28.3,28.1,28.3,28.1,28.3,28.2,28.3,28.3,28.2,28.2,28.3,28.3,28.4,28.3,28.2,28.3,28.3,28.2,28.4,28.4,28.4,28.3,28.3,28.1,28.2,28.4,28.2,28.2,28.2,28.3,28.3,28.4,28.3,28.3,28.3,28.3,28.1,28.2,28.3,28.3,28.3,28.3,28.4,28.3,28.3,28.2,28.3,28.3,28.3,28.3,28.5,28.4,28.1,28.3,28.4,28.2,28.4,28.3,28.2,28.3,28.4,28.2,28.2,28.4,28.3,28.2,28.5,28.5,28.5,28.3,28.3,28.2,28.3,28.3,28.1,28.3,28.0,28.5,28.3,28.3,28.3,28.3,28.2,28.3,28.4,28.3,28.2,28.2,28.2,28.2,28.3,28.1,28.3,28.1,28.2,28.3,28.1,28.0,28.1,28.2,28.2,28.3,28.2,28.2,28.2,28.2,28.3,28.2,28.3,28.1,28.4,28.3,28.0,28.1,28.3
7,28.1,27.9,28.1,28.0,28.0,28.0,28.2,28.1,28.0,28.2,28.2,28.0,28.2,28.1,28.1,28.0,28.0,28.0,28.0,28.1,28.0,28.0,28.2,28.1,28.2,28.0,28.1,28.1,28.1,28.0,28.3,28.2,28.1,28.1,28.2,28.3,28.0,28.2,28.1,28.1,28.3,28.2,28.1,28.1,28.1,28.1,28.1,28.2,28.3,28.3,28.3,28.3,28.2,28.0,28.3,28.2,28.3,28.3,28.3,28.3,28.2,28.1,28.2,28.2,28.3,28.2,28.2,28.3,28.4,28.1,28.2,28.3,28.2,28.3,28.2,28.3,28.3,28.1,28.2,28.1,28.3,28.3,28.2,28.3,28.3,28.3,28.1,28.3,28.3,28.3,28.2,28.3,28.3,28.5,28.4,28.3,28.3,28.3,28.2,28.1,28.4,28.4,28.4,28.3,28.3,28.1,28.2,28.2,28.3,28.3,28.3,28.4,28.3,28.3,28.2,28.1,28.2,28.3,28.3,28.3,28.3,28.5,28.3,28.2,28.3,28.3,28.3,28.3,28.2,28.3,28.3,28.2,28.4,28.5,28.3,28.5,28.3,28.3,28.3,28.3,28.4,28.4,28.3,28.3,28.3,28.4,28.4,28.2,28.3,28.4,28.3,28.3,28.3,28.2,28.3,28.4,28.2,28.1,28.3,28.3,28.3,28.5,28.2,28.3,28.3,28.3,28.2,28.1,28.2,28.2,28.2,28.3,28.3,28.3,28.2,28.2,28.0,28.2,28.1,28.3,28.2,28.3,28.3,28.2,28.2,28.3,28.2,28.1,28.1,28.1,28.2,28.1
8,28.1,28.1,28.1,28.1,28.0,28.1,28.1,28.2,28.2,28.2,28.0,28.0,28.1,28.2,28.1,28.3,28.2,28.0,28.1,28.1,28.1,28.1,27.9,28.3,28.1,28.2,28.1,28.1,28.2,28.3,28.3,28.2,28.2,28.1,28.3,28.1,28.2,28.4,28.1,28.3,28.2,28.2,28.3,28.2,28.1,28.2,28.1,28.5,28.1,28.1,28.2,28.2,28.4,28.3,28.3,28.4,28.3,28.4,28.2,28.2,28.2,28.3,28.3,28.3,28.3,28.3,28.1,28.3,28.3,28.3,28.3,28.3,28.5,28.3,28.2,28.4,28.2,28.3,28.3,28.2,28.4,28.3,28.3,28.3,28.4,28.4,28.2,28.5,28.4,28.3,28.3,28.3,28.2,28.3,28.2,28.4,28.2,28.3,28.3,28.3,28.1,28.4,28.3,28.3,28.2,28.2,28.3,28.4,28.4,28.4,28.2,28.3,28.2,28.3,28.3,28.3,28.4,28.5,28.3,28.2,28.4,28.5,28.3,28.4,28.2,28.2,28.2,28.3,28.3,28.5,28.4,28.3,28.5,28.1,28.2,28.3,28.3,28.3,28.3,28.2,28.4,28.2,28.3,28.3,28.3,28.3,28.2,28.3,28.2,28.3,28.3,28.4,28.2,28.3,28.4,28.2,28.3,28.2,28.3,28.3,28.3,28.4,28.1,28.1,28.1,28.1,28.3,28.2,28.3,28.2,28.2,28.3,28.2,28.2,28.3,28.4,28.3,28.3,28.2,28.0,28.3,28.3,28.2,28.2,28.2,28.3,28.1,28.2,28.2,28.2,28.1,28.1
9,28.0,28.0,28.3,28.1,28.2,28.2,28.1,28.0,28.1,28.1,28.2,28.2,28.2,28.2,28.2,28.1,28.1,28.1,28.1,28.0,28.0,28.1,28.2,28.1,28.2,28.2,28.2,28.1,28.2,28.3,28.3,28.2,28.5,28.3,28.0,28.1,28.1,28.3,28.1,28.1,28.2,28.1,28.3,28.3,28.4,28.3,28.3,28.4,28.1,28.2,28.3,28.3,28.3,28.3,28.4,28.2,28.3,28.2,28.3,28.3,28.2,28.2,28.3,28.2,28.4,28.1,28.2,28.5,28.2,28.2,28.3,28.3,28.5,28.3,28.3,28.2,28.3,28.3,28.3,28.3,28.3,28.3,28.3,28.3,28.5,28.4,28.4,28.3,28.4,28.2,28.3,28.2,28.2,28.3,28.2,28.4,28.4,28.2,28.3,28.3,28.3,28.3,28.3,28.4,28.4,28.3,28.3,28.2,28.4,28.3,28.4,28.3,28.5,28.1,28.3,28.4,28.2,28.5,28.2,28.4,28.5,28.3,28.3,28.3,28.3,28.4,28.2,28.6,28.3,28.2,28.3,28.2,28.3,28.5,28.4,28.3,28.3,28.3,28.3,28.3,28.4,28.3,28.3,28.2,28.3,28.3,28.2,28.3,28.2,28.5,28.3,28.3,28.3,28.3,28.2,28.3,28.2,28.3,28.3,28.3,28.3,28.4,28.3,28.2,28.1,28.3,28.3,28.2,28.2,28.1,28.2,28.3,28.3,28.2,28.2,28.3,28.1,28.3,28.3,28.1,28.3,28.3,28.1,28.1,28.2,28.2,28.2,28.1,28.3,28.1,28.1,28.3
10,27.9,28.1,28.2,28.2,28.1,28.1,28.1,28.2,28.1,28.0,28.1,28.1,28.1,28.1,28.1,28.2,28.1,28.0,28.2,28.1,28.1,28.1,28.2,28.1,27.9,28.2,28.3,28.3,28.0,28.1,28.3,28.2,28.2,28.3,28.3,28.2,28.3,28.2,28.3,28.2,28.4,28.2,28.2,28.3,28.2,28.3,28.3,28.3,28.3,28.3,28.3,28.2,28.3,28.2,28.1,28.2,28.3,28.3,28.4,28.3,28.4,28.2,28.1,28.3,28.4,28.3,28.2,28.3,28.3,28.1,28.2,28.3,28.4,28.1,28.3,28.3,28.2,28.2,28.4,28.3,28.1,28.3,28.5,28.4,28.2,28.3,28.3,28.3,28.3,28.4,28.4,28.3,28.3,28.3,28.4,28.3,28.5,28.3,28.3,28.3,28.3,28.5,28.3,28.5,28.4,28.3,28.4,28.4,28.2,28.4,28.3,28.2,28.4,28.2,28.3,28.4,28.3,28.5,28.3,28.3,28.5,28.3,28.3,28.3,28.3,28.3,28.3,28.2,28.4,28.5,28.3,28.3,28.2,28.3,28.3,28.3,28.5,28.3,28.3,28.3,28.4,28.4,28.4,28.3,28.3,28.3,28.4,28.3,28.2,28.3,28.3,28.3,28.3,28.1,28.3,28.3,28.3,28.1,28.5,28.1,28.4,28.3,28.4,28.2,28.2,28.3,28.2,28.4,28.2,28.3,28.0,28.1,28.0,28.2,28.3,28.2,28.3,28.3,28.3,28.2,28.1,28.1,28.2,28.1,28.2,28.3,28.2,28.2,28.2,28.2,28.1,28.3
11,28.4,28.3,28.1,28.2,28.2,28.1,28.0,28.0,28.1,28.1,28.1,28.1,28.2,28.2,28.1,28.1,28.2,28.0,28.0,28.1,28.1,28.1,28.1,28.1,28.1,28.3,28.1,28.1,28.3,28.1,28.1,28.0,28.3,28.2,28.3,28.1,28.2,28.2,28.2,28.1,28.1,28.2,28.2,28.1,28.2,28.2,28.1,28.2,28.2,28.1,28.2,28.2,28.3,28.2,28.4,28.3,28.1,28.1,28.2,28.3,28.4,28.2,28.1,28.3,28.5,28.3,28.2,28.2,28.2,28.3,28.5,28.3,28.3,28.3,28.4,28.2,28.3,28.3,28.4,28.3,28.5,28.4,28.3,28.5,28.5,28.5,28.4,28.5,28.5,28.5,28.3,28.3,28.4,28.5,28.5,28.5,28.3,28.4,28.5,28.4,28.3,28.6,28.4,28.5,28.5,28.5,28.5,28.4,28.5,28.4,28.3,28.2,28.3,28.3,28.2,28.3,28.4,28.4,28.5,28.3,28.3,28.5,28.4,28.2,28.5,28.6,28.3,28.5,28.4,28.5,28.5,28.4,28.3,28.3,28.2,28.4,28.3,28.4,28.3,28.2,28.5,28.3,28.5,28.5,28.3,28.5,28.5,28.2,28.3,28.3,28.3,28.3,28.5,28.2,28.4,28.4,28.2,28.4,28.3,28.2,28.2,28.3,28.4,28.2,28.3,28.3,28.3,28.3,28.2,28.2,28.2,28.3,28.3,28.1,28.2,28.1,28.2,28.2,28.3,28.3,28.2,28.3,28.1,28.3,28.1,28.1,28.3,28.1,28.3,28.3,28.2,28.2
12,28.0,28.2,28.1,28.1,28.1,28.0,28.1,28.1,28.2,28.1,28.1,28.0,28.0,28.2,28.1,28.1,28.3,28.1,28.0,28.1,28.2,28.1,28.1,28.2,28.2,28.1,28.2,28.3,28.3,28.1,28.1,28.2,28.3,28.1,28.2,28.2,28.3,28.1,28.2,28.3,28.5,28.2,28.1,28.2,28.1,28.3,28.1,28.3,28.2,28.5,28.0,28.3,28.2,28.1,28.2,28.3,28.5,28.1,28.2,28.2,28.2,28.2,28.3,28.3,28.2,28.5,28.3,28.4,28.3,28.3,28.3,28.5,28.5,28.3,28.3,28.3,28.1,28.3,28.3,28.3,28.3,28.2,28.2,28.4,28.2,28.5,28.2,28.4,28.2,28.3,28.4,28.3,28.4,28.4,28.5,28.5,28.2,28.3,28.3,28.2,28.3,28.4,28.4,28.3,28.4,28.3,28.2,28.2,28.3,28.3,28.4,28.3,28.3,28.5,28.2,28.3,28.2,28.3,28.4,28.3,28.3,28.4,28.4,28.3,28.3,28.2,28.4,28.5,28.3,28.5,28.3,28.5,28.3,28.3,28.2,28.5,28.3,28.2,28.3,28.2,28.3,28.5,28.3,28.3,28.3,28.3,28.3,28.4,28.2,28.2,28.3,28.2,28.3,28.2,28.3,28.2,28.3,28.1,28.3,28.3,28.3,28.2,28.3,28.1,28.5,28.2,28.2,28.2,28.3,28.3,28.2,28.2,28.2,28.3,28.2,28.3,28.2,28.2,28.3,28.3,28.2,28.1,28.2,28.1,28.1,28.2,28.2,28.3,28.3,28.1,28.1,28.2
13,28.1,28.1,28.1,28.0,28.1,28.2,28.1,28.1,28.2,28.0,28.1,28.0,28.0,28.0,28.2,28.2,28.1,28.0,28.1,28.1,28.0,28.1,28.2,28.2,28.2,28.3,28.2,28.3,28.2,28.1,28.3,28.2,28.3,28.1,28.3,28.2,28.1,28.3,28.3,28.3,28.1,28.3,28.2,28.3,28.4,28.3,28.3,28.2,28.2,28.3,28.2,28.3,28.3,28.1,28.2,28.4,28.5,28.2,28.1,28.3,28.3,28.2,28.1,28.3,28.4,28.3,28.4,28.3,28.4,28.4,28.3,28.5,28.3,28.4,28.3,28.3,28.2,28.3,28.3,28.3,28.3,28.3,28.2,28.3,28.3,28.3,28.3,28.4,28.3,28.5,28.3,28.3,28.1,28.2,28.6,28.5,28.2,28.3,28.2,28.5,28.3,28.5,28.4,28.4,28.3,28.4,28.2,28.3,28.3,28.3,28.3,28.3,28.3,28.3,28.3,28.5,28.4,28.3,28.4,28.4,28.4,28.4,28.4,28.3,28.3,28.3,28.3,28.5,28.3,28.3,28.4,28.4,28.2,28.3,28.3,28.5,28.3,28.5,28.5,28.6,28.5,28.3,28.3,28.3,28.2,28.5,28.2,28.4,28.2,28.3,28.4,28.2,28.3,28.3,28.3,28.3,28.3,28.3,28.2,28.5,28.2,28.4,28.4,28.2,28.2,28.3,28.3,28.2,28.1,28.0,28.3,28.1,28.3,28.2,28.1,28.1,28.2,28.4,28.2,28.3,28.4,28.1,28.2,28.1,28.2,28.2,28.3,28.4,28.2,28.2,28.3,28.2
14,28.1,28.0,28.0,28.1,27.9,28.1,28.2,28.2,28.1,28.1,28.0,28.1,28.1,28.1,28.1,28.1,28.1,28.1,28.1,28.2,28.2,28.3,28.2,28.1,28.2,28.3,28.1,28.3,28.3,28.1,28.3,28.3,28.2,28.1,28.1,28.1,28.2,28.2,28.2,28.3,28.3,28.2,28.3,28.1,28.3,28.3,28.2,28.2,28.1,28.1,28.2,28.3,28.3,28.2,28.5,28.3,28.3,28.2,28.2,28.3,28.3,28.3,28.3,28.3,28.2,28.3,28.2,28.3,28.3,28.3,28.1,28.5,28.5,28.3,28.3,28.4,28.2,28.5,28.3,28.2,28.3,28.3,28.2,28.4,28.4,28.5,28.4,28.3,28.3,28.3,28.5,28.5,28.2,28.4,28.5,28.6,28.3,28.2,28.5,28.2,28.3,28.4,28.3,28.4,28.3,28.3,28.5,28.3,28.1,28.3,28.2,28.5,28.3,28.3,28.3,28.4,28.3,28.3,28.3,28.4,28.1,28.3,28.3,28.3,28.5,28.2,28.2,28.4,28.3,28.3,28.5,28.4,28.3,28.2,28.1,28.3,28.3,28.3,28.2,28.4,28.4,28.3,28.3,28.3,28.3,28.2,28.2,28.2,28.2,28.4,28.3,28.3,28.3,28.1,28.3,28.3,28.1,28.3,28.2,28.3,28.2,28.1,28.2,28.3,28.3,28.1,28.3,28.2,28.3,28.2,28.2,28.2,28.2,28.3,28.3,28.3,28.2,28.1,28.3,28.2,28.3,28.1,28.2,28.1,28.2,28.3,28.2,28.2,28.3,28.1,28.2,28.1
15,28.2,28.3,28.1,28.0,28.0,28.1,28.2,28.1,28.1,28.0,27.9,28.2,28.2,28.2,28.1,28.2,28.1,28.0,28.1,28.1,28.2,28.1,28.1,28.0,28.1,28.2,28.3,28.3,28.1,28.2,28.2,28.1,28.1,28.2,28.4,28.2,28.3,28.2,28.2,28.1,28.2,28.2,28.2,28.3,28.3,28.1,28.3,28.3,28.3,28.3,28.3,28.3,28.3,28.2,28.3,28.4,28.2,28.4,28.3,28.4,28.3,28.2,28.2,28.3,28.3,28.5,28.3,28.5,28.3,28.3,28.5,28.3,28.2,28.3,28.3,28.1,28.3,28.3,28.4,28.3,28.4,28.4,28.3,28.4,28.4,28.3,28.4,28.3,28.2,28.3,28.3,28.3,28.3,28.4,28.4,28.3,28.3,28.3,28.3,28.3,28.4,28.5,28.3,28.5,28.5,28.5,28.4,28.4,28.4,28.3,28.2,28.3,28.5,28.5,28.3,28.4,28.5,28.4,28.3,28.5,28.4,28.4,28.3,28.3,28.5,28.3,28.3,28.4,28.2,28.5,28.4,28.4,28.2,28.4,28.3,28.5,28.2,28.5,28.4,28.5,28.3,28.3,28.4,28.3,28.4,28.3,28.2,28.5,28.3,28.3,28.3,28.2,28.6,28.3,28.1,28.2,28.3,28.3,28.2,28.2,28.5,28.3,28.6,28.3,28.3,28.3,28.2,28.4,28.2,28.4,28.1,28.2,28.3,28.3,28.2,28.3,28.2,28.3,28.2,28.1,28.2,28.0,28.2,28.3,27.9,28.2,28.2,28.2,28.2,28.2,28.2,28.1
16,28.2,28.2,28.2,28.2,28.0,28.1,28.1,28.1,28.0,28.0,28.1,27.9,28.1,28.2,28.2,28.1,28.3,28.3,28.1,28.3,28.1,28.2,28.2,28.1,28.1,28.2,28.3,28.2,28.1,28.2,28.3,28.2,28.2,28.4,28.2,28.2,28.2,28.1,28.3,28.3,28.3,28.2,28.1,28.3,28.2,28.3,28.3,28.3,28.2,28.3,28.4,28.2,28.3,28.3,28.3,28.3,28.2,28.3,28.5,28.3,28.4,28.3,28.4,28.3,28.4,28.5,28.3,28.5,28.3,28.3,28.3,28.3,28.5,28.3,28.4,28.5,28.2,28.3,28.3,28.3,28.3,28.4,28.5,28.5,28.5,28.2,28.3,28.3,28.3,28.3,28.5,28.5,28.4,28.4,28.5,28.3,28.3,28.5,28.3,28.5,28.3,28.6,28.6,28.5,28.5,28.3,28.4,28.4,28.5,28.6,28.5,28.3,28.3,28.4,28.6,28.4,28.3,28.6,28.4,28.5,28.4,28.3,28.5,28.4,28.3,28.4,28.3,28.5,28.3,28.5,28.5,28.5,28.5,28.4,28.3,28.3,28.2,28.2,28.4,28.3,28.3,28.3,28.3,28.3,28.4,28.2,28.4,28.3,28.3,28.5,28.4,28.3,28.4,28.3,28.2,28.5,28.2,28.2,28.3,28.3,28.3,28.4,28.3,28.1,28.2,28.2,28.3,28.3,28.4,28.3,28.2,28.3,28.2,28.3,28.3,28.3,28.3,28.4,28.3,28.2,28.2,28.2,28.0,28.1,28.2,28.3,28.2,28.3,28.3,28.1,28.3,28.3
17,28.1,28.1,28.1,28.0,28.1,28.1,28.1,28.1,28.0,28.1,28.1,28.1,28.1,27.9,28.3,28.1,28.1,28.2,28.1,28.2,28.2,28.0,28.2,28.2,28.2,28.2,28.1,28.2,28.2,28.3,28.2,28.2,28.2,28.3,28.3,28.3,28.3,28.3,28.2,28.4,28.2,28.3,28.3,28.2,28.3,28.4,28.1,28.5,28.3,28.3,28.2,28.4,28.3,28.3,28.1,28.3,28.5,28.3,28.3,28.4,28.4,28.4,28.2,28.2,28.4,28.2,28.2,28.4,28.2,28.3,28.3,28.4,28.3,28.2,28.3,28.6,28.5,28.6,28.3,28.3,28.3,28.4,28.4,28.5,28.3,28.4,28.3,28.3,28.4,28.3,28.4,28.3,28.2,28.4,28.6,28.6,28.3,28.6,28.5,28.6,28.4,28.5,28.4,28.5,28.5,28.3,28.4,28.3,28.5,28.4,28.3,28.3,28.3,28.5,28.4,28.3,28.2,28.5,28.6,28.5,28.3,28.5,28.1,28.3,28.6,28.5,28.3,28.3,28.4,28.3,28.3,28.5,28.3,28.5,28.4,28.6,28.3,28.3,28.3,28.2,28.4,28.4,28.5,28.5,28.5,28.5,28.3,28.4,28.3,28.4,28.3,28.5,28.6,28.5,28.3,28.3,28.6,28.5,28.3,28.2,28.4,28.5,28.3,28.3,28.4,28.4,28.2,28.3,28.3,28.3,28.2,28.3,28.3,28.2,28.4,28.4,28.2,28.2,28.3,28.3,28.3,28.3,28.2,28.1,28.4,28.3,28.2,28.4,28.2,28.3,28.2,28.2
18,28.1,28.3,28.2,27.9,28.1,28.0,28.2,28.0,28.0,27.9,28.1,28.0,28.1,28.0,28.2,28.1,28.2,28.0,28.0,28.2,28.0,28.3,28.0,28.1,28.1,28.1,28.3,28.3,28.3,28.0,28.3,28.2,28.3,28.3,28.4,28.3,28.3,28.3,28.3,28.3,28.4,28.5,28.3,28.3,28.2,28.3,28.4,28.2,28.3,28.2,28.3,28.3,28.3,28.3,28.4,28.3,28.5,28.2,28.3,28.3,28.4,28.3,28.3,28.4,28.2,28.2,28.1,28.6,28.2,28.3,28.3,28.2,28.4,28.3,28.4,28.5,28.3,28.3,28.3,28.5,28.4,28.5,28.3,28.5,28.5,28.5,28.5,28.3,28.3,28.6,28.4,28.3,28.3,28.4,28.3,28.5,28.5,28.3,28.5,28.4,28.3,28.6,28.3,28.5,28.3,28.3,28.4,28.5,28.4,28.4,28.4,28.3,28.5,28.5,28.5,28.3,28.3,28.3,28.3,28.5,28.3,28.3,28.4,28.3,28.4,28.3,28.6,28.4,28.3,28.5,28.2,28.5,28.3,28.3,28.3,28.4,28.3,28.5,28.5,28.3,28.5,28.3,28.3,28.3,28.6,28.3,28.2,28.3,28.2,28.5,28.3,28.3,28.4,28.4,28.4,28.3,28.3,28.3,28.1,28.3,28.3,28.3,28.2,28.3,28.1,28.3,28.3,28.3,28.3,28.1,28.3,28.2,28.2,28.3,28.2,28.2,28.5,28.2,28.3,28.2,28.2,28.2,28.2,28.2,28.2,28.3,28.2,28.1,28.2,28.1,28.1,28.2
19,28.1,28.1,28.1,28.0,28.0,28.1,28.1,28.1,28.3,28.1,28.0,28.2,28.2,28.0,28.2,28.3,28.3,28.1,28.2,28.1,28.2,28.2,28.1,28.2,28.1,28.4,28.1,28.5,28.2,28.1,28.3,28.3,28.2,28.2,28.2,28.1,28.2,28.3,28.2,28.1,28.2,28.3,28.2,28.1,28.2,28.3,28.4,28.2,28.3,28.3,28.3,28.3,28.2,28.3,28.3,28.3,28.4,28.3,28.3,28.3,28.3,28.3,28.4,28.2,28.2,28.3,28.3,28.4,28.2,28.3,28.4,28.3,28.4,28.4,28.4,28.5,28.4,28.3,28.4,28.3,28.4,28.5,28.3,28.5,28.6,28.4,28.6,28.3,28.4,28.4,28.3,28.5,28.3,28.4,28.3,28.5,28.2,28.5,28.5,28.4,28.5,28.3,28.4,28.4,28.5,28.4,28.4,28.4,28.5,28.3,28.4,28.3,28.3,28.3,28.5,28.3,28.4,28.4,28.4,28.5,28.3,28.3,28.3,28.5,28.3,28.3,28.3,28.4,28.3,28.3,28.4,28.5,28.4,28.3,28.3,28.3,28.5,28.2,28.3,28.3,28.5,28.5,28.5,28.3,28.4,28.5,28.3,28.3,28.3,28.5,28.3,28.4,28.3,28.3,28.3,28.4,28.4,28.4,28.3,28.3,28.3,28.1,28.3,28.1,28.3,28.4,28.3,28.2,28.3,28.3,28.3,28.4,28.2,28.2,28.2,28.2,28.3,28.4,28.4,28.2,28.3,28.2,28.2,28.2,28.3,28.3,28.3,28.1,28.3,28.1,28.2,28.3
20,28.2,28.0,28.2,28.1,28.2,28.2,28.1,28.2,28.1,28.1,28.1,28.1,28.1,28.1,28.1,28.2,28.2,28.1,28.1,28.1,28.2,28.1,28.1,28.3,28.2,28.3,28.3,28.3,28.1,28.1,28.3,28.2,28.4,28.3,28.2,28.1,28.3,28.2,28.2,28.2,28.4,28.5,28.3,28.3,28.2,28.2,28.3,28.3,28.1,28.3,28.2,28.3,28.2,28.3,28.1,28.3,28.5,28.3,28.3,28.3,28.5,28.3,28.2,28.1,28.3,28.5,28.5,28.3,28.3,28.5,28.3,28.5,28.4,28.5,28.5,28.3,28.5,28.4,28.3,28.5,28.5,28.4,28.5,28.5,28.3,28.4,28.5,28.5,28.2,28.5,28.3,28.3,28.4,28.5,28.5,28.5,28.5,28.4,28.4,28.4,28.3,28.3,28.4,28.5,28.5,28.3,28.3,28.4,28.7,28.6,28.4,28.5,28.5,28.3,28.5,28.4,28.5,28.5,28.3,28.4,28.3,28.5,28.3,28.5,28.4,28.5,28.3,28.6,28.2,28.6,28.7,28.5,28.3,28.3,28.5,28.3,28.4,28.4,28.4,28.5,28.4,28.5,28.4,28.5,28.4,28.4,28.5,28.5,28.2,28.5,28.4,28.3,28.4,28.3,28.5,28.5,28.4,28.2,28.3,28.3,28.4,28.4,28.5,28.3,28.2,28.2,28.3,28.4,28.2,28.1,28.2,28.2,28.1,28.3,28.2,28.2,28.2,28.1,28.3,28.3,28.3,28.1,28.3,28.3,28.4,28.3,28.2,28.3,28.2,28.1,28.2,28.2
21,28.1,28.1,28.1,28.2,28.0,28.0,27.9,28.1,28.1,28.0,28.1,28.1,28.1,27.9,28.2,28.1,28.1,28.0,28.1,28.0,28.1,28.2,28.1,28.5,28.1,28.3,28.3,28.1,28.3,28.2,28.3,28.2,28.1,28.3,28.3,28.3,28.3,28.4,28.3,28.3,28.3,28.5,28.3,28.4,28.2,28.3,28.3,28.3,28.3,28.3,28.4,28.3,28.1,28.3,28.4,28.4,28.3,28.5,28.3,28.2,28.4,28.5,28.3,28.3,28.4,28.5,28.4,28.3,28.4,28.5,28.4,28.5,28.4,28.4,28.4,28.5,28.3,28.4,28.3,28.2,28.5,28.3,28.3,28.4,28.5,28.4,28.5,28.6,28.5,28.5,28.4,28.5,28.6,28.7,28.6,28.4,28.5,28.5,28.3,28.4,28.5,28.5,28.5,28.5,28.5,28.5,28.5,28.5,28.5,28.4,28.5,28.5,28.4,28.5,28.5,28.5,28.5,28.5,28.5,28.5,28.5,28.3,28.5,28.3,28.5,28.3,28.3,28.4,28.3,28.5,28.3,28.5,28.2,28.5,28.4,28.2,28.4,28.3,28.3,28.2,28.3,28.6,28.4,28.3,28.5,28.3,28.4,28.3,28.5,28.5,28.3,28.5,28.5,28.3,28.3,28.3,28.5,28.3,28.3,28.3,28.4,28.3,28.3,28.2,28.3,28.3,28.3,28.3,28.1,28.2,28.5,28.3,28.3,28.3,28.4,28.3,28.2,28.2,28.3,28.1,28.2,28.2,28.2,28.3,28.3,28.2,28.1,28.2,28.3,28.3,28.1,28.2
22,28.0,28.1,28.1,28.2,28.0,27.9,28.2,28.0,28.2,28.2,28.1,28.1,28.0,28.0,28.1,28.1,28.3,28.1,28.0,28.2,28.2,28.2,28.1,28.2,28.0,28.1,28.2,28.2,28.3,28.3,28.3,28.3,28.3,28.3,28.3,28.3,28.2,28.4,28.2,28.3,28.3,28.2,28.1,28.2,28.3,28.3,28.3,28.3,28.3,28.2,28.4,28.2,28.3,28.6,28.2,28.3,28.3,28.3,28.3,28.3,28.4,28.3,28.4,28.5,28.4,28.4,28.3,28.5,28.5,28.3,28.3,28.5,28.6,28.3,28.5,28.5,28.5,28.3,28.5,28.3,28.3,28.5,28.5,28.5,28.4,28.3,28.5,28.5,28.4,28.5,28.5,28.5,28.5,28.5,28.5,28.4,28.4,28.5,28.5,28.3,28.6,28.3,28.6,28.5,28.5,28.6,28.3,28.5,28.4,28.5,28.4,28.1,28.4,28.5,28.4,28.5,28.5,28.5,28.5,28.5,28.5,28.4,28.3,28.5,28.4,28.4,28.2,28.4,28.4,28.4,28.4,28.3,28.5,28.3,28.3,28.4,28.3,28.4,28.5,28.2,28.5,28.5,28.3,28.4,28.6,28.6,28.5,28.3,28.3,28.4,28.5,28.5,28.4,28.5,28.4,28.4,28.3,28.3,28.3,28.3,28.3,28.3,28.5,28.2,28.3,28.3,28.4,28.4,28.2,28.3,28.2,28.2,28.1,28.3,28.5,28.0,28.1,28.2,28.2,28.2,28.2,28.1,28.2,28.1,28.3,28.1,28.1,28.1,28.2,28.1,28.1,28.2
23,28.1,28.2,28.1,28.1,27.8,28.2,28.0,28.2,28.1,28.1,28.0,28.2,28.1,28.0,28.1,28.1,28.1,28.0,28.1,28.1,28.2,28.1,28.1,28.1,28.2,28.3,28.3,28.4,28.2,28.1,28.2,28.1,28.1,28.3,28.3,28.2,28.3,28.3,28.3,28.5,28.2,28.3,28.3,28.2,28.5,28.4,28.4,28.3,28.3,28.2,28.3,28.3,28.1,28.4,28.3,28.3,28.3,28.2,28.3,28.3,28.3,28.4,28.2,28.4,28.4,28.5,28.5,28.3,28.3,28.4,28.3,28.4,28.3,28.4,28.4,28.4,28.4,28.3,28.5,28.5,28.5,28.4,28.4,28.5,28.4,28.5,28.4,28.5,28.3,28.6,28.4,28.5,28.3,28.3,28.6,28.3,28.5,28.5,28.4,28.6,28.6,28.5,28.4,28.6,28.4,28.3,28.4,28.3,28.3,28.5,28.4,28.5,28.5,28.5,28.4,28.4,28.5,28.4,28.5,28.4,28.5,28.4,28.4,28.5,28.4,28.3,28.3,28.5,28.5,28.7,28.3,28.3,28.3,28.6,28.4,28.4,28.5,28.3,28.5,28.4,28.3,28.5,28.3,28.5,28.5,28.5,28.3,28.3,28.3,28.3,28.2,28.4,28.3,28.4,28.3,28.3,28.3,28.3,28.4,28.3,28.3,28.4,28.3,28.4,28.3,28.1,28.2,28.3,28.3,28.1,28.3,28.2,28.4,28.3,28.3,28.3,28.1,28.1,28.4,28.2,28.3,28.3,28.2,28.2,28.1,28.2,28.1,28.2,28.3,28.1,28.1,28.1
24,28.1,28.1,28.1,28.2,28.0,28.1,28.1,28.2,28.2,28.2,27.8,28.1,28.1,28.1,27.9,28.1,28.1,28.2,28.1,28.2,28.2,28.2,28.1,28.2,28.1,28.2,28.3,28.3,28.2,28.2,28.3,28.2,28.3,28.1,28.2,28.0,28.3,28.3,28.3,28.2,28.1,28.3,28.3,28.3,28.4,28.3,28.3,28.5,28.3,28.3,28.4,28.2,28.3,28.3,28.3,28.4,28.4,28.5,28.5,28.3,28.3,28.5,28.4,28.5,28.2,28.4,28.4,28.2,28.5,28.3,28.5,28.5,28.4,28.5,28.3,28.6,28.4,28.5,28.5,28.3,28.5,28.4,28.3,28.3,28.5,28.6,28.3,28.6,28.3,28.5,28.5,28.3,28.4,28.3,28.5,28.4,28.5,28.7,28.3,28.3,28.5,28.5,28.6,28.6,28.5,28.5,28.5,28.5,28.4,28.6,28.6,28.7,28.4,28.5,28.5,28.3,28.5,28.5,28.3,28.4,28.3,28.6,28.4,28.6,28.4,28.3,28.5,28.5,28.4,28.3,28.6,28.5,28.5,28.3,28.4,28.3,28.7,28.5,28.5,28.4,28.4,28.4,28.5,28.3,28.3,28.5,28.5,28.3,28.5,28.3,28.4,28.3,28.4,28.5,28.4,28.5,28.3,28.3,28.3,28.3,28.3,28.3,28.1,28.2,28.3,28.3,28.4,28.3,28.1,28.3,28.2,28.2,28.2,28.3,28.3,28.4,28.2,28.4,28.3,28.3,28.3,28.3,28.2,28.1,28.4,28.3,28.3,28.1,28.1,28.1,28.2,28.2
25,28.0,28.2,28.2,28.0,28.1,28.2,28.0,28.1,28.2,28.0,28.1,28.1,28.1,28.1,28.1,28.1,28.2,28.1,28.1,28.2,28.2,28.2,28.2,28.3,28.3,28.1,28.2,28.2,28.3,28.4,28.2,28.3,28.2,28.3,28.2,28.2,28.3,28.2,28.3,28.2,28.3,28.3,28.2,28.2,28.2,28.3,28.2,28.5,28.4,28.4,28.3,28.3,28.4,28.3,28.3,28.4,28.3,28.3,28.3,28.3,28.6,28.4,28.5,28.4,28.3,28.3,28.4,28.4,28.2,28.3,28.4,28.4,28.3,28.3,28.4,28.5,28.5,28.5,28.6,28.3,28.3,28.5,28.5,28.6,28.5,28.5,28.4,28.5,28.3,28.5,28.5,28.6,28.3,28.5,28.5,28.5,28.4,28.3,28.5,28.3,28.5,28.5,28.4,28.4,28.3,28.5,28.3,28.6,28.5,28.5,28.6,28.5,28.5,28.6,28.4,28.5,28.5,28.5,28.6,28.5,28.5,28.6,28.6,28.6,28.5,28.5,28.5,28.5,28.6,28.6,28.5,28.6,28.3,28.4,28.3,28.5,28.5,28.4,28.4,28.5,28.3,28.4,28.4,28.5,28.4,28.5,28.2,28.2,28.4,28.4,28.5,28.3,28.2,28.2,28.5,28.4,28.3,28.4,28.3,28.4,28.2,28.4,28.1,28.2,28.3,28.1,28.2,28.3,28.4,28.1,28.2,28.3,28.3,28.2,28.3,28.2,28.2,28.3,28.2,28.2,28.2,28.3,28.3,28.1,28.2,28.2,28.1,28.3,28.3,28.1,28.2,28.3
26,28.1,28.0,28.0,28.1,28.3,28.2,28.2,28.1,28.2,28.1,28.1,28.1,28.1,28.1,28.3,28.1,28.4,28.1,28.2,28.3,28.2,28.1,28.2,28.1,28.2,28.2,28.1,28.3,28.2,28.2,28.2,28.4,28.3,28.3,28.4,28.3,28.1,28.6,28.5,28.3,28.5,28.3,28.3,28.3,28.3,28.3,28.5,28.5,28.3,28.1,28.4,28.3,28.3,28.3,28.3,28.2,28.3,28.4,28.3,28.3,28.4,28.5,28.4,28.3,28.2,28.3,28.4,28.3,28.4,28.3,28.3,28.3,28.4,28.5,28.6,28.5,28.5,28.3,28.5,28.5,28.4,28.6,28.4,28.6,28.5,28.5,28.4,28.5,28.6,28.6,28.5,28.5,28.4,28.5,28.5,28.6,28.5,28.5,28.5,28.5,28.6,28.6,28.5,28.5,28.5,28.5,28.6,28.4,28.6,28.5,28.5,28.4,28.5,28.6,28.5,28.6,28.4,28.5,28.5,28.5,28.7,28.3,28.6,28.5,28.6,28.5,28.6,28.5,28.4,28.5,28.6,28.5,28.5,28.4,28.3,28.5,28.5,28.5,28.3,28.3,28.5,28.4,28.4,28.4,28.5,28.4,28.4,28.4,28.5,28.4,28.3,28.3,28.5,28.5,28.4,28.4,28.5,28.4,28.5,28.5,28.3,28.4,28.4,28.3,28.3,28.2,28.3,28.3,28.3,28.2,28.3,28.1,28.4,28.3,28.3,28.1,28.2,28.2,28.2,28.1,28.5,28.3,28.3,28.3,28.2,28.2,28.2,28.3,28.2,28.2,28.3,28.3
27,28.0,28.4,28.0,28.1,28.1,28.1,28.3,28.1,28.1,28.2,28.1,28.1,28.2,28.1,28.2,28.2,28.2,28.2,28.3,28.2,28.1,28.1,28.2,28.2,28.2,28.3,28.0,28.3,28.3,28.2,28.3,28.1,28.4,28.3,28.3,28.1,28.3,28.3,28.2,28.3,28.4,28.4,28.3,28.2,28.2,28.1,28.3,28.4,28.2,28.3,28.2,28.4,28.1,28.2,28.3,28.4,28.3,28.2,28.3,28.5,28.2,28.4,28.3,28.5,28.5,28.4,28.3,28.3,28.2,28.3,28.5,28.3,28.4,28.5,28.3,28.3,28.5,28.6,28.3,28.5,28.4,28.5,28.3,28.5,28.5,28.4,28.5,28.4,28.4,28.5,28.5,28.6,28.5,28.5,28.5,28.6,28.5,28.5,28.5,28.5,28.6,28.6,28.7,28.4,28.3,28.5,28.6,28.5,28.5,28.5,28.6,28.4,28.5,28.5,28.3,28.6,28.5,28.5,28.7,28.6,28.5,28.6,28.5,28.5,28.5,28.7,28.4,28.5,28.6,28.6,28.6,28.5,28.5,28.5,28.5,28.5,28.3,28.5,28.3,28.5,28.4,28.5,28.5,28.5,28.3,28.5,28.3,28.2,28.3,28.6,28.5,28.3,28.4,28.3,28.3,28.4,28.4,28.3,28.4,28.4,28.4,28.3,28.4,28.3,28.5,28.2,28.4,28.4,28.4,28.3,28.3,28.3,28.1,28.4,28.3,28.2,28.2,28.3,28.3,28.1,28.5,28.2,28.3,28.2,28.2,28.1,28.3,28.1,28.1,28.3,28.2,28.3
28,28.0,27.9,28.0,28.0,28.1,28.1,28.1,28.2,28.1,28.1,27.8,28.1,28.0,28.2,28.0,28.1,28.1,28.0,28.1,28.1,28.0,28.0,28.2,28.1,28.1,28.3,28.0,28.2,28.2,28.3,28.3,28.3,28.3,28.1,28.1,28.2,28.2,28.2,28.2,28.1,28.2,28.3,28.1,28.2,28.3,28.3,28.3,28.3,28.2,28.3,28.2,28.3,28.2,28.3,28.3,28.5,28.3,28.5,28.3,28.3,28.4,28.4,28.5,28.2,28.4,28.3,28.4,28.3,28.3,28.2,28.6,28.5,28.3,28.3,28.6,28.5,28.5,28.5,28.5,28.3,28.4,28.6,28.3,28.5,28.6,28.6,28.4,28.5,28.5,28.6,28.5,28.5,28.5,28.6,28.6,28.5,28.5,28.5,28.5,28.6,28.6,28.6,28.5,28.6,28.7,28.6,28.6,28.5,28.4,28.5,28.5,28.4,28.6,28.5,28.6,28.5,28.6,28.6,28.5,28.6,28.5,28.5,28.5,28.5,28.5,28.3,28.4,28.5,28.4,28.5,28.5,28.5,28.4,28.3,28.5,28.5,28.6,28.5,28.5,28.5,28.5,28.3,28.5,28.5,28.3,28.5,28.3,28.4,28.5,28.3,28.5,28.3,28.5,28.3,28.3,28.2,28.2,28.4,28.5,28.5,28.5,28.3,28.5,28.3,28.3,28.3,28.3,28.5,28.2,28.3,28.3,28.1,28.4,28.3,28.1,28.2,28.4,28.2,28.2,28.1,28.1,28.1,28.2,28.2,28.2,28.2,28.2,28.1,28.2,28.1,28.1,28.3
29,28.1,28.0,28.1,28.0,28.0,28.2,28.0,28.1,28.1,28.0,28.1,28.0,28.0,28.0,28.1,28.1,28.1,28.0,28.1,28.2,28.3,28.2,28.3,28.1,28.1,28.3,28.1,28.4,28.2,28.3,28.2,28.3,28.3,28.3,28.2,28.1,28.3,28.3,28.1,28.3,28.3,28.3,28.3,28.2,28.4,28.3,28.2,28.4,28.5,28.2,28.4,28.5,28.3,28.3,28.4,28.5,28.4,28.2,28.3,28.4,28.4,28.4,28.4,28.4,28.3,28.3,28.5,28.3,28.5,28.5,28.3,28.2,28.5,28.4,28.5,28.6,28.7,28.5,28.6,28.4,28.5,28.4,28.5,28.4,28.6,28.5,28.5,28.3,28.4,28.6,28.4,28.4,28.5,28.5,28.6,28.6,28.4,28.6,28.5,28.4,28.5,28.5,28.8,28.5,28.4,28.7,28.5,28.5,28.5,28.6,28.6,28.6,28.5,28.6,28.5,28.6,28.6,28.8,28.6,28.5,28.4,28.6,28.6,28.5,28.6,28.4,28.4,28.3,28.1,28.5,28.8,28.6,28.5,28.5,28.4,28.5,28.3,28.5,28.3,28.5,28.3,28.6,28.5,28.5,28.6,28.5,28.5,28.6,28.5,28.4,28.4,28.5,28.4,28.3,28.3,28.2,28.4,28.4,28.5,28.3,28.5,28.3,28.3,28.2,28.3,28.3,28.3,28.4,28.5,28.3,28.3,28.1,28.3,28.3,28.2,28.3,28.3,28.3,28.3,28.3,28.5,28.4,28.1,28.3,28.1,28.3,28.1,28.2,28.3,28.3,28.2,28.2
30,28.2,28.2,28.1,28.1,28.1,28.1,28.2,28.1,28.3,28.3,28.2,28.1,28.3,28.2,28.2,28.1,28.2,28.1,28.3,28.2,28.3,28.1,28.2,28.4,28.1,28.3,28.4,28.3,28.5,28.2,28.3,28.5,28.5,28.3,28.1,28.3,28.2,28.5,28.4,28.3,28.3,28.5,28.3,28.3,28.5,28.3,28.6,28.2,28.3,28.3,28.4,28.3,28.4,28.5,28.4,28.5,28.4,28.3,28.5,28.3,28.3,28.4,28.6,28.3,28.3,28.5,28.7,28.5,28.5,28.5,28.4,28.5,28.6,28.5,28.6,28.5,28.6,28.5,28.6,28.5,28.4,28.5,28.4,28.7,28.5,28.5,28.5,28.6,28.5,28.5,28.5,28.7,28.6,28.7,28.6,28.4,28.6,28.6,28.6,28.5,28.5,28.5,28.7,28.7,28.6,28.6,28.5,28.6,28.7,28.6,28.5,28.6,28.6,28.5,28.6,28.5,28.8,28.4,28.5,28.5,28.5,28.5,28.5,28.7,28.6,28.4,28.5,28.4,28.5,28.7,28.6,28.5,28.4,28.5,28.5,28.5,28.4,28.5,28.3,28.5,28.3,28.5,28.5,28.5,28.5,28.5,28.5,28.4,28.5,28.5,28.5,28.5,28.5,28.3,28.2,28.5,28.2,28.4,28.3,28.3,28.3,28.5,28.5,28.1,28.5,28.3,28.4,28.3,28.4,28.5,28.2,28.2,28.3,28.1,28.3,28.1,28.2,28.3,28.1,28.1,28.2,28.1,28.3,28.2,28.3,28.3,28.3,28.3,28.3,28.1,28.3,28.2
31,28.0,28.1,28.2,28.1,28.1,28.0,28.2,28.2,28.2,28.2,28.2,28.1,28.3,28.0,28.4,28.1,28.2,28.1,28.3,28.1,28.1,28.2,28.1,28.4,28.2,28.2,28.3,28.3,28.2,28.3,28.3,28.2,28.4,28.2,28.4,28.3,28.3,28.4,28.0,28.3,28.5,28.3,28.3,28.3,28.4,28.5,28.2,28.3,28.3,28.4,28.4,28.5,28.3,28.3,28.3,28.3,28.5,28.5,28.3,28.3,28.5,28.5,28.5,28.4,28.3,28.5,28.4,28.3,28.3,28.4,28.5,28.6,28.6,28.5,28.6,28.5,28.5,28.5,28.5,28.5,28.5,28.5,28.5,28.8,28.4,28.5,28.4,28.6,28.6,28.7,28.4,28.7,28.6,28.4,28.5,28.7,28.7,28.6,28.6,28.5,28.5,28.5,28.6,28.3,28.6,28.6,28.5,28.5,28.6,28.5,28.5,28.5,28.5,28.7,28.4,28.5,28.4,28.4,28.7,28.5,28.5,28.5,28.4,28.4,28.4,28.5,28.6,28.5,28.5,28.5,28.6,28.6,28.5,28.6,28.5,28.6,28.3,28.3,28.5,28.5,28.5,28.6,28.4,28.4,28.4,28.4,28.4,28.3,28.4,28.3,28.4,28.6,28.5,28.4,28.2,28.3,28.4,28.4,28.2,28.2,28.3,28.4,28.5,28.5,28.5,28.5,28.2,28.5,28.1,28.2,28.3,28.2,28.1,28.4,28.1,28.1,28.3,28.3,28.3,28.3,28.4,28.2,28.2,28.2,28.3,28.1,28.3,28.1,28.2,28.2,28.2,28.2
32,28.1,28.2,28.1,27.9,28.0,28.1,28.0,28.1,28.0,28.0,27.9,28.1,28.2,28.1,28.3,28.1,28.2,28.1,28.3,28.2,28.3,28.2,28.1,28.2,28.1,28.3,28.1,28.4,28.1,28.1,28.2,28.3,28.2,28.2,28.1,28.3,28.3,28.4,28.1,28.3,28.3,28.3,28.3,28.2,28.3,28.3,28.3,28.5,28.3,28.3,28.2,28.6,28.6,28.3,28.5,28.4,28.3,28.5,28.4,28.3,28.5,28.5,28.5,28.4,28.5,28.3,28.5,28.4,28.7,28.5,28.3,28.5,28.5,28.5,28.5,28.6,28.5,28.4,28.3,28.5,28.5,28.5,28.5,28.5,28.6,28.5,28.4,28.6,28.5,28.5,28.4,28.6,28.7,28.3,28.5,28.6,28.5,28.7,28.5,28.6,28.6,28.7,28.6,28.5,28.7,28.7,28.4,28.5,28.5,28.5,28.4,28.5,28.5,28.7,28.5,28.7,28.5,28.6,28.5,28.7,28.3,28.6,28.7,28.7,28.5,28.4,28.5,28.5,28.5,28.7,28.5,28.5,28.5,28.5,28.6,28.6,28.5,28.5,28.5,28.5,28.3,28.5,28.4,28.4,28.4,28.7,28.3,28.7,28.3,28.5,28.3,28.3,28.4,28.3,28.3,28.5,28.4,28.4,28.3,28.4,28.5,28.5,28.5,28.3,28.1,28.3,28.2,28.3,28.3,28.3,28.3,28.2,28.3,28.2,28.3,28.1,28.2,28.3,28.2,28.4,28.3,28.3,28.3,28.2,28.3,28.3,28.3,28.2,28.3,28.2,28.2,28.3
33,28.1,28.0,28.2,28.1,28.1,28.3,28.2,28.2,28.2,28.1,28.2,28.2,28.1,28.1,28.1,28.3,28.3,28.3,28.1,28.2,28.1,28.3,28.2,28.2,28.4,28.2,28.2,28.1,28.2,28.4,28.2,28.2,28.2,28.3,28.3,28.3,28.2,28.2,28.3,28.4,28.3,28.3,28.2,28.4,28.3,28.5,28.2,28.5,28.2,28.4,28.4,28.4,28.2,28.2,28.2,28.4,28.3,28.3,28.3,28.5,28.5,28.3,28.2,28.6,28.4,28.4,28.3,28.3,28.5,28.5,28.6,28.4,28.5,28.5,28.5,28.5,28.3,28.6,28.4,28.7,28.5,28.5,28.6,28.6,28.5,28.7,28.5,28.5,28.6,28.7,28.6,28.5,28.4,28.6,28.6,28.5,28.6,28.6,28.7,28.4,28.5,28.5,28.5,28.5,28.5,28.6,28.5,28.5,28.7,28.7,28.6,28.5,28.5,28.7,28.6,28.5,28.6,28.5,28.4,28.5,28.7,28.3,28.5,28.6,28.5,28.5,28.6,28.6,28.6,28.6,28.6,28.6,28.5,28.4,28.4,28.5,28.4,28.5,28.4,28.5,28.5,28.5,28.5,28.4,28.3,28.6,28.4,28.5,28.5,28.6,28.4,28.4,28.5,28.7,28.4,28.5,28.5,28.3,28.4,28.3,28.4,28.5,28.3,28.4,28.5,28.1,28.4,28.2,28.3,28.2,28.3,28.4,28.2,28.3,28.1,28.4,28.3,28.3,28.2,28.4,28.3,28.3,28.4,28.4,28.3,28.1,28.3,28.1,28.5,28.2,28.1,28.2
34,28.3,28.0,28.3,28.1,28.2,28.1,28.0,28.0,28.1,28.0,28.2,28.1,28.2,28.1,28.2,28.3,28.3,28.2,28.2,28.1,28.2,28.0,28.2,28.2,28.0,28.3,28.2,28.3,28.3,28.3,28.3,28.2,28.3,28.2,28.2,28.5,28.2,28.4,28.3,28.2,28.3,28.5,28.3,28.3,28.2,28.5,28.3,28.5,28.3,28.4,28.3,28.5,28.4,28.5,28.3,28.5,28.4,28.3,28.3,28.5,28.4,28.3,28.4,28.4,28.5,28.3,28.4,28.5,28.5,28.4,28.5,28.5,28.5,28.5,28.6,28.5,28.6,28.5,28.5,28.6,28.6,28.5,28.7,28.6,28.6,28.5,28.7,28.6,28.6,28.7,28.6,28.7,28.7,28.5,28.7,28.5,28.7,28.6,28.7,28.7,28.8,28.7,28.5,28.7,28.5,28.7,28.6,28.5,28.7,28.6,28.7,28.5,28.7,28.6,28.6,28.6,28.5,28.6,28.5,28.8,28.5,28.7,28.5,28.6,28.6,28.5,28.5,28.6,28.5,28.5,28.5,28.6,28.7,28.6,28.5,28.5,28.6,28.6,28.6,28.7,28.3,28.5,28.5,28.6,28.5,28.5,28.5,28.5,28.5,28.4,28.5,28.5,28.6,28.4,28.5,28.5,28.5,28.5,28.6,28.3,28.5,28.5,28.3,28.6,28.2,28.1,28.3,28.2,28.3,28.3,28.2,28.3,28.2,28.3,28.3,28.4,28.4,28.3,28.3,28.3,28.5,28.3,28.2,28.3,28.3,28.3,28.3,28.2,28.3,28.1,28.2,28.3
35,28.2,28.2,28.1,28.2,28.1,28.1,28.1,28.3,28.1,28.1,28.2,28.3,28.3,28.3,28.1,28.1,28.3,28.4,28.2,28.2,28.5,28.5,28.3,28.2,28.2,28.4,28.3,28.2,28.2,28.2,28.3,28.4,28.3,28.3,28.4,28.2,28.2,28.2,28.4,28.2,28.4,28.3,28.3,28.3,28.5,28.5,28.4,28.3,28.3,28.3,28.3,28.5,28.3,28.5,28.6,28.3,28.4,28.5,28.4,28.3,28.3,28.4,28.4,28.5,28.5,28.5,28.5,28.6,28.6,28.5,28.5,28.5,28.6,28.5,28.5,28.3,28.6,28.5,28.5,28.3,28.5,28.4,28.5,28.7,28.7,28.7,28.5,28.7,28.5,28.5,28.3,28.6,28.6,28.5,28.6,28.5,28.7,28.6,28.6,28.6,28.8,28.7,28.5,28.7,28.7,28.6,28.6,28.6,28.7,28.6,28.6,28.6,28.5,28.7,28.7,28.6,28.5,28.7,28.6,28.8,28.5,28.5,28.7,28.6,28.6,28.8,28.5,28.5,28.4,28.3,28.6,28.6,28.5,28.3,28.7,28.4,28.4,28.5,28.5,28.5,28.5,28.7,28.6,28.5,28.6,28.5,28.5,28.4,28.2,28.5,28.5,28.5,28.6,28.5,28.4,28.3,28.4,28.5,28.6,28.3,28.5,28.5,28.3,28.3,28.3,28.3,28.3,28.3,28.4,28.4,28.5,28.3,28.3,28.3,28.1,28.5,28.3,28.2,28.3,28.3,28.3,28.3,28.3,28.1,28.2,28.3,28.2,28.3,28.2,28.2,28.3,28.4
36,28.3,28.2,28.2,28.1,28.2,28.1,28.2,28.1,28.2,28.1,28.1,28.1,28.2,28.1,28.0,28.1,28.3,28.1,28.3,28.1,28.3,28.4,28.3,28.1,28.3,28.2,28.3,28.3,28.2,28.2,28.3,28.2,28.5,28.3,28.2,28.2,28.4,28.3,28.3,28.5,28.5,28.4,28.4,28.4,28.4,28.4,28.5,28.5,28.5,28.5,28.6,28.6,28.3,28.4,28.3,28.5,28.5,28.3,28.3,28.3,28.3,28.2,28.5,28.5,28.4,28.5,28.5,28.5,28.5,28.6,28.6,28.6,28.6,28.5,28.4,28.6,28.6,28.6,28.5,28.5,28.5,28.6,28.5,28.7,28.6,28.7,28.7,28.6,28.6,28.6,28.5,28.7,28.6,28.6,28.6,28.5,28.6,28.7,28.8,28.7,28.7,28.7,28.8,28.7,28.7,28.7,28.6,28.6,28.5,28.7,28.5,28.7,28.9,28.5,28.7,28.7,28.7,28.7,28.7,28.7,28.7,28.6,28.6,28.7,28.6,28.5,28.5,28.6,28.6,28.6,28.4,28.7,28.6,28.5,28.4,28.5,28.6,28.5,28.6,28.6,28.5,28.6,28.5,28.4,28.4,28.5,28.5,28.6,28.4,28.5,28.5,28.5,28.5,28.4,28.3,28.5,28.7,28.5,28.5,28.4,28.4,28.4,28.5,28.3,28.3,28.3,28.5,28.6,28.3,28.3,28.3,28.4,28.2,28.3,28.3,28.2,28.1,28.3,28.3,28.3,28.2,28.2,28.2,28.3,28.3,28.1,28.2,28.3,28.3,28.1,28.3,28.1
37,28.2,28.0,28.3,28.2,28.0,28.2,28.0,28.1,28.2,28.1,28.2,28.1,28.3,28.3,28.3,28.3,28.1,28.1,28.1,28.3,28.3,28.2,28.2,28.3,28.1,28.3,28.3,28.4,28.3,28.2,28.3,28.2,28.2,28.3,28.2,28.3,28.3,28.4,28.3,28.5,28.3,28.3,28.4,28.4,28.5,28.5,28.5,28.5,28.5,28.5,28.5,28.4,28.5,28.3,28.5,28.5,28.5,28.3,28.3,28.5,28.1,28.3,28.3,28.4,28.3,28.5,28.5,28.5,28.5,28.5,28.5,28.5,28.5,28.6,28.4,28.5,28.5,28.5,28.5,28.5,28.5,28.5,28.5,28.6,28.5,28.6,28.5,28.4,28.6,28.4,28.6,28.7,28.6,28.6,28.6,28.7,28.7,28.7,28.7,28.7,28.9,28.7,28.7,28.7,28.6,28.6,28.5,28.6,28.5,28.7,28.6,28.5,28.5,28.5,28.6,28.7,28.8,28.7,28.7,28.8,28.7,28.7,28.5,28.8,28.7,28.6,28.6,28.6,28.5,28.6,28.5,28.6,28.5,28.5,28.4,28.5,28.6,28.4,28.5,28.5,28.6,28.5,28.3,28.5,28.6,28.5,28.5,28.5,28.6,28.7,28.6,28.6,28.5,28.5,28.6,28.4,28.3,28.3,28.6,28.3,28.5,28.5,28.5,28.5,28.3,28.5,28.3,28.4,28.1,28.2,28.2,28.2,28.3,28.4,28.4,28.3,28.3,28.4,28.4,28.5,28.2,28.3,28.3,28.1,28.2,28.3,28.2,28.3,28.4,28.1,28.1,28.3
38,28.2,28.1,28.1,28.2,28.3,28.1,28.1,28.1,28.0,28.1,28.1,28.3,28.1,28.2,28.2,28.3,28.3,28.2,28.2,28.2,28.2,28.4,28.2,28.3,28.3,28.3,28.3,28.3,28.3,28.3,28.3,28.5,28.4,28.3,28.3,28.3,28.4,28.6,28.3,28.4,28.4,28.4,28.5,28.2,28.5,28.5,28.7,28.5,28.6,28.6,28.5,28.7,28.5,28.5,28.5,28.6,28.5,28.5,28.4,28.5,28.4,28.3,28.5,28.5,28.6,28.6,28.6,28.4,28.6,28.7,28.6,28.5,28.7,28.8,28.7,28.7,28.7,28.6,28.5,28.4,28.4,28.5,28.7,28.5,28.5,28.6,28.7,28.6,28.7,28.6,28.5,28.7,28.5,28.7,28.6,28.6,28.6,28.7,28.8,28.8,28.8,28.8,28.8,28.6,28.6,28.7,28.7,28.8,28.8,28.7,28.7,28.6,28.8,28.8,28.8,28.8,28.7,28.8,28.7,29.0,28.7,28.8,28.8,28.8,28.7,28.7,28.8,28.7,28.6,28.7,28.8,28.6,28.5,28.7,28.5,28.6,28.5,28.6,28.6,28.6,28.6,28.7,28.6,28.5,28.8,28.6,28.4,28.6,28.6,28.6,28.6,28.6,28.5,28.7,28.6,28.4,28.3,28.3,28.5,28.3,28.3,28.2,28.4,28.4,28.4,28.4,28.5,28.4,28.3,28.3,28.5,28.3,28.5,28.3,28.3,28.5,28.3,28.3,28.2,28.2,28.4,28.3,28.2,28.3,28.3,28.2,28.3,28.3,28.3,28.3,28.2,28.1
39,28.3,28.3,28.3,28.2,28.2,28.2,28.3,28.3,28.2,28.2,28.2,28.2,28.2,28.3,28.4,28.3,28.3,28.1,28.3,28.1,28.4,28.1,28.3,28.3,28.3,28.3,28.3,28.3,28.2,28.1,28.3,28.3,28.6,28.4,28.4,28.3,28.3,28.3,28.3,28.4,28.5,28.3,28.5,28.5,28.5,28.5,28.6,28.5,28.7,28.7,28.7,28.7,28.6,28.6,28.7,28.5,28.7,28.6,28.6,28.5,28.5,28.7,28.5,28.4,28.6,28.6,28.7,28.8,28.8,28.6,28.9,28.8,28.7,28.7,28.7,28.7,28.8,28.6,28.5,28.7,28.5,28.8,28.7,28.6,28.8,28.8,28.6,28.6,28.7,28.8,28.7,28.7,28.8,28.7,28.6,28.8,28.7,28.6,28.7,28.7,28.7,28.8,28.8,28.7,28.6,28.8,28.5,28.5,28.6,28.6,28.6,28.6,28.7,28.6,28.7,28.8,28.8,28.8,28.9,28.7,28.7,28.8,28.7,28.9,28.7,28.5,28.7,28.8,28.6,28.8,28.6,28.6,28.6,28.7,28.6,28.5,28.5,28.6,28.5,28.5,28.7,28.5,28.5,28.5,28.5,28.7,28.6,28.5,28.5,28.6,28.7,28.5,28.7,28.5,28.5,28.4,28.4,28.6,28.5,28.5,28.3,28.5,28.5,28.5,28.5,28.2,28.4,28.5,28.3,28.3,28.2,28.2,28.3,28.3,28.3,28.5,28.2,28.3,28.2,28.3,28.3,28.2,28.3,28.2,28.5,28.4,28.5,28.2,28.3,28.3,28.3,28.3
40,28.1,28.0,28.1,28.2,28.2,28.2,28.3,28.1,28.3,28.1,28.2,28.3,28.1,28.3,28.1,28.2,28.2,28.1,28.2,28.3,28.3,28.5,28.3,28.2,28.2,28.3,28.3,28.3,28.2,28.2,28.3,28.3,28.5,28.3,28.4,28.6,28.2,28.3,28.3,28.3,28.6,28.5,28.3,28.5,28.7,28.5,28.7,28.6,28.7,28.6,28.8,28.8,28.7,28.7,28.8,28.7,28.7,28.7,28.5,28.5,28.7,28.6,28.4,28.6,28.6,28.6,28.8,28.8,28.9,28.7,28.6,28.7,28.8,28.8,28.7,28.8,28.7,28.6,28.7,28.8,28.6,28.7,28.7,28.7,28.7,28.6,28.6,28.7,28.6,28.6,28.6,28.6,28.6,28.5,28.7,28.7,28.6,28.7,28.6,28.7,28.5,28.7,28.6,28.6,28.6,28.7,28.6,28.5,28.5,28.7,28.7,28.6,28.6,28.5,28.6,28.7,28.8,28.7,28.9,28.8,28.8,28.8,28.9,28.9,28.7,28.7,28.7,28.8,28.8,28.8,28.6,28.7,28.5,28.6,28.6,28.7,28.5,28.5,28.7,28.6,28.5,28.6,28.5,28.6,28.7,28.5,28.5,28.6,28.7,28.6,28.3,28.5,28.5,28.3,28.6,28.5,28.4,28.5,28.5,28.6,28.5,28.5,28.3,28.5,28.4,28.5,28.5,28.5,28.4,28.3,28.5,28.3,28.5,28.3,28.2,28.4,28.5,28.3,28.2,28.2,28.3,28.4,28.3,28.2,28.3,28.2,28.3,28.4,28.3,28.2,28.3,28.3
41,28.3,28.3,28.3,28.1,28.2,28.1,28.1,28.3,28.3,28.2,28.1,28.2,28.2,28.3,28.4,28.3,28.2,28.3,28.3,28.2,28.3,28.2,28.3,28.3,28.3,28.3,28.5,28.3,28.4,28.5,28.3,28.5,28.4,28.5,28.4,28.3,28.4,28.5,28.5,28.4,28.4,28.5,28.3,28.5,28.5,28.8,28.5,28.7,28.8,28.6,28.8,29.0,28.6,28.8,28.7,28.8,28.8,28.7,28.7,28.8,28.8,28.6,28.8,28.8,28.8,28.6,28.9,28.9,28.9,28.8,28.8,28.9,28.9,28.8,28.8,28.8,28.6,28.7,28.7,28.6,28.6,28.7,28.6,28.6,28.7,28.7,28.6,28.7,28.6,28.8,28.8,28.8,28.6,28.6,28.8,28.6,28.6,28.7,28.6,28.7,28.7,28.6,28.7,28.8,28.7,28.7,28.5,28.5,28.6,28.6,28.5,28.6,28.5,28.5,28.8,28.8,28.8,28.8,29.0,28.9,28.8,28.9,28.8,28.9,29.0,28.9,28.8,28.9,28.7,28.8,28.8,28.7,28.6,28.7,28.6,28.7,28.6,28.6,28.7,28.8,28.9,28.9,28.6,28.7,28.6,28.6,28.6,28.5,28.6,28.5,28.5,28.6,28.5,28.4,28.5,28.5,28.5,28.5,28.5,28.5,28.6,28.5,28.5,28.4,28.3,28.4,28.3,28.3,28.3,28.3,28.4,28.4,28.4,28.3,28.3,28.2,28.3,28.3,28.1,28.5,28.3,28.3,28.3,28.1,28.2,28.4,28.3,28.2,28.3,28.3,28.2,28.2
42,28.4,28.1,28.2,28.2,28.1,28.1,28.3,28.2,28.3,28.2,28.2,28.1,28.1,28.1,28.2,28.3,28.2,28.3,28.2,28.2,28.3,28.2,28.2,28.3,28.2,28.3,28.4,28.5,28.5,28.4,28.3,28.4,28.4,28.3,28.5,28.3,28.5,28.5,28.3,28.2,28.5,28.5,28.3,28.4,28.4,28.6,28.7,28.9,28.8,28.8,28.8,28.8,28.6,28.8,28.8,28.7,28.7,28.8,28.7,28.8,28.7,28.6,28.6,28.8,28.9,28.9,29.0,28.9,29.1,29.0,29.0,29.0,28.9,29.0,28.8,29.0,28.8,28.9,28.7,28.7,28.7,28.7,28.6,28.9,28.8,28.7,29.0,28.9,28.8,28.9,28.6,28.7,28.7,28.8,28.7,28.8,28.8,28.6,28.8,28.8,28.8,28.7,28.6,28.8,28.5,28.9,28.6,28.6,28.7,28.7,28.5,28.6,28.6,28.6,28.7,28.9,29.0,29.0,29.1,29.0,29.0,28.9,29.0,29.0,29.1,28.7,28.8,28.9,28.9,28.8,28.8,28.9,28.7,28.8,28.6,28.8,28.8,28.9,28.9,29.1,29.0,29.0,28.8,28.7,28.8,28.8,28.6,28.5,28.5,28.6,28.3,28.7,28.6,28.6,28.5,28.5,28.5,28.5,28.5,28.4,28.4,28.7,28.6,28.5,28.3,28.5,28.4,28.3,28.3,28.5,28.3,28.2,28.3,28.3,28.5,28.3,28.2,28.5,28.3,28.3,28.5,28.3,28.2,28.4,28.3,28.3,28.2,28.3,28.3,28.3,28.3,28.3
43,28.2,28.1,28.2,28.1,28.1,28.3,28.2,28.2,28.1,28.3,28.3,28.2,28.1,28.2,28.2,28.3,28.2,28.3,28.2,28.2,28.2,28.4,28.4,28.3,28.4,28.3,28.2,28.3,28.2,28.4,28.5,28.4,28.6,28.3,28.3,28.3,28.5,28.5,28.5,28.5,28.6,28.5,28.4,28.5,28.4,28.7,28.7,28.6,28.8,28.8,28.8,29.0,28.7,28.8,28.8,28.8,28.9,28.9,28.8,28.6,28.7,28.8,28.6,28.7,28.7,28.9,29.0,28.9,28.9,29.1,29.0,29.0,29.0,28.8,28.8,28.9,29.0,29.0,28.9,28.9,28.9,28.8,28.9,28.8,28.9,28.8,28.8,28.8,28.9,28.9,28.8,28.9,28.8,28.8,28.7,28.7,28.7,28.7,28.8,28.8,28.8,28.8,28.7,28.6,28.9,28.8,28.8,28.6,28.7,28.5,28.5,28.6,28.4,28.5,28.7,28.7,29.0,29.0,29.2,29.0,29.0,29.2,28.9,29.2,28.9,29.2,29.0,29.2,28.8,29.0,28.8,29.0,28.9,28.9,29.0,28.9,29.0,29.1,29.3,29.3,29.3,29.1,28.9,29.0,29.0,28.8,28.6,28.5,28.7,28.6,28.5,28.4,28.6,28.7,28.5,28.5,28.3,28.3,28.4,28.5,28.7,28.4,28.4,28.5,28.5,28.4,28.5,28.4,28.3,28.4,28.3,28.3,28.5,28.3,28.4,28.5,28.1,28.3,28.2,28.5,28.4,28.5,28.4,28.3,28.5,28.4,28.5,28.4,28.5,28.2,28.3,28.3
44,28.3,28.1,28.2,28.1,28.2,28.3,28.3,28.5,28.5,28.1,28.2,28.3,28.2,28.3,28.1,28.3,28.4,28.3,28.4,28.4,28.4,28.4,28.3,28.3,28.3,28.5,28.3,28.4,28.3,28.4,28.4,28.3,28.3,28.5,28.5,28.5,28.3,28.5,28.5,28.3,28.3,28.5,28.5,28.5,28.3,28.7,28.7,28.8,28.7,28.8,28.8,28.8,28.8,28.6,28.8,28.9,28.8,28.8,28.9,28.9,28.9,28.7,28.7,28.8,28.9,29.0,29.0,28.9,29.0,29.0,29.2,29.1,29.1,28.9,29.0,29.0,29.0,28.9,29.0,29.1,29.0,29.1,29.0,29.0,28.8,29.0,28.9,29.0,28.9,28.9,28.8,29.0,28.9,28.8,28.8,28.9,28.9,28.8,29.0,28.9,28.8,29.0,28.9,29.0,28.8,28.8,28.7,28.7,28.8,28.7,28.9,28.6,28.5,28.6,28.8,29.0,28.8,29.0,29.0,29.1,29.0,28.9,29.0,29.0,29.1,29.1,29.0,29.2,28.9,28.9,29.0,28.9,28.8,29.0,29.0,29.0,29.0,29.4,29.5,29.7,29.4,29.0,29.3,29.5,29.0,28.9,28.5,28.6,28.5,28.4,28.7,28.5,28.7,28.5,28.4,28.7,28.6,28.3,28.7,28.4,28.5,28.6,28.5,28.4,28.4,28.5,28.5,28.5,28.5,28.4,28.5,28.5,28.5,28.4,28.4,28.5,28.5,28.5,28.5,28.3,28.3,28.4,28.3,28.2,28.5,28.3,28.4,28.3,28.5,28.4,28.3,28.5
45,28.1,28.1,28.2,28.2,28.2,28.1,28.3,28.1,28.2,28.1,28.2,28.2,28.3,28.2,28.3,28.2,28.2,28.2,28.2,28.5,28.1,28.5,28.3,28.1,28.3,28.3,28.4,28.3,28.4,28.3,28.4,28.4,28.2,28.5,28.5,28.2,28.3,28.4,28.5,28.5,28.4,28.3,28.5,28.5,28.6,28.6,28.6,28.8,28.7,28.8,28.8,29.0,28.9,28.9,28.9,28.8,28.8,28.8,28.7,28.9,28.7,28.7,28.8,28.9,28.8,29.1,29.0,29.0,28.9,28.9,29.0,29.0,29.2,29.0,28.9,29.0,28.7,28.9,29.0,29.1,29.0,29.0,28.8,29.0,29.0,28.9,29.0,29.0,28.9,29.0,29.0,28.9,29.0,28.9,28.8,28.8,29.0,28.9,28.9,28.9,28.9,29.0,29.0,29.0,28.8,28.8,28.9,28.8,28.8,28.8,28.9,28.8,28.8,28.7,28.8,28.9,29.0,28.8,29.1,29.0,29.0,29.0,29.0,29.0,29.1,29.1,29.1,29.0,28.9,28.9,28.9,28.9,28.9,28.9,29.0,29.1,29.3,29.3,29.9,29.6,29.2,29.0,29.4,29.7,29.4,28.9,28.5,28.5,28.6,28.5,28.5,28.5,28.6,28.6,28.6,28.5,28.5,28.6,28.6,28.5,28.6,28.5,28.6,28.5,28.5,28.4,28.4,28.5,28.4,28.2,28.3,28.4,28.3,28.6,28.3,28.3,28.4,28.3,28.3,28.1,28.3,28.5,28.4,28.5,28.2,28.3,28.3,28.4,28.3,28.3,28.3,28.4
46,28.3,28.2,28.3,28.4,28.2,28.3,28.2,28.2,28.2,28.2,28.1,28.3,28.3,28.3,28.2,28.3,28.4,28.4,28.3,28.3,28.4,28.4,28.3,28.1,28.2,28.5,28.2,28.5,28.3,28.5,28.5,28.5,28.5,28.4,28.5,28.5,28.5,28.5,28.4,28.4,28.4,28.6,28.4,28.6,28.4,28.7,28.8,29.0,28.9,28.9,29.1,29.0,28.9,29.0,29.1,29.0,28.8,29.0,29.0,28.7,28.9,28.8,29.0,28.9,29.0,29.1,28.9,29.1,28.9,28.9,29.0,28.9,29.0,28.9,28.9,28.9,28.9,29.0,28.9,29.1,29.2,29.0,29.0,29.0,29.1,29.1,28.8,28.8,29.0,29.0,28.9,29.2,29.0,29.1,29.0,28.9,29.0,29.0,29.0,28.9,28.9,29.0,29.0,29.0,29.0,29.0,29.1,28.9,28.8,28.8,28.8,28.6,28.7,28.8,28.9,29.0,28.9,29.0,28.8,28.9,28.9,29.0,28.9,28.9,28.9,28.8,28.7,29.0,28.8,29.0,29.0,28.9,29.0,29.0,29.1,29.1,29.4,29.4,29.6,29.5,29.2,29.0,29.3,29.7,29.1,29.0,28.8,28.7,28.5,28.6,28.6,28.7,28.6,28.4,28.6,28.6,28.8,28.5,28.4,28.6,28.4,28.4,28.3,28.5,28.3,28.5,28.5,28.4,28.5,28.4,28.3,28.3,28.4,28.5,28.3,28.3,28.4,28.2,28.2,28.5,28.5,28.4,28.3,28.4,28.3,28.3,28.4,28.2,28.3,28.2,28.4,28.3
47,28.3,28.3,28.2,28.1,28.3,28.1,28.1,28.4,28.3,28.3,28.3,28.2,28.3,28.3,28.3,28.2,28.4,28.2,28.3,28.2,28.3,28.3,28.3,28.5,28.3,28.4,28.4,28.5,28.3,28.4,28.5,28.4,28.4,28.4,28.5,28.5,28.5,28.4,28.5,28.5,28.6,28.4,28.5,28.6,28.5,28.7,28.9,28.9,29.1,28.9,28.9,29.0,29.2,29.2,29.1,29.1,28.9,29.0,29.0,28.8,29.0,29.0,29.0,29.0,29.0,29.0,28.9,29.3,29.1,29.0,29.1,29.1,29.1,29.0,29.0,28.9,28.9,28.9,29.0,29.0,29.0,29.0,29.1,29.1,29.0,29.0,29.0,28.9,29.1,29.1,29.0,29.0,29.0,29.0,29.1,29.1,29.0,29.1,29.0,29.0,29.0,29.0,29.2,29.1,29.1,29.0,29.2,29.0,28.9,29.0,28.9,28.7,28.6,29.0,28.7,28.9,28.8,28.7,28.8,28.9,28.9,28.9,28.8,28.9,28.9,28.8,28.8,29.0,28.9,28.9,28.9,28.8,29.0,28.9,28.9,29.1,29.2,29.2,29.4,29.3,29.1,29.1,29.4,29.6,29.3,29.0,28.7,28.8,28.5,28.7,28.7,28.7,28.6,28.4,28.5,28.8,28.6,28.5,28.5,28.6,28.6,28.6,28.7,28.5,28.5,28.6,28.5,28.5,28.4,28.5,28.6,28.5,28.5,28.7,28.6,28.5,28.5,28.5,28.4,28.4,28.5,28.5,28.4,28.4,28.5,28.6,28.5,28.3,28.3,28.4,28.5,28.3
48,28.2,28.1,28.3,28.4,28.5,28.3,28.3,28.2,28.3,28.3,28.4,28.3,28.3,28.3,28.4,28.5,28.5,28.3,28.4,28.3,28.3,28.5,28.4,28.3,28.4,28.5,28.3,28.6,28.3,28.4,28.6,28.3,28.6,28.6,28.5,28.5,28.5,28.5,28.5,28.5,28.5,28.6,28.8,28.6,28.6,28.9,28.7,29.1,29.1,29.0,29.2,29.0,29.3,29.1,29.3,29.4,29.2,29.0,29.0,28.9,29.0,29.2,29.2,29.1,29.1,29.2,29.2,29.2,29.2,29.1,29.2,29.1,29.1,29.0,28.9,28.8,28.9,29.0,29.1,29.1,29.1,29.1,29.0,29.2,29.1,29.0,29.1,29.1,29.1,29.2,29.1,29.0,29.2,29.0,29.2,29.0,29.0,29.1,29.0,29.1,29.1,29.4,29.5,29.5,29.3,29.2,29.1,29.0,28.9,28.8,28.8,28.7,28.8,28.8,28.7,28.8,28.8,28.9,28.8,29.0,28.8,28.8,28.8,28.9,28.9,28.8,28.7,28.9,29.0,29.0,29.0,28.9,28.8,28.9,28.8,29.0,29.2,29.2,29.1,29.3,29.4,29.3,29.4,29.2,29.1,28.9,28.8,28.6,28.8,28.5,28.8,28.5,28.6,28.6,28.7,28.6,28.7,28.5,28.4,28.6,28.5,28.7,28.5,28.5,28.5,28.5,28.6,28.3,28.3,28.6,28.3,28.4,28.5,28.5,28.5,28.5,28.3,28.4,28.5,28.3,28.4,28.6,28.4,28.3,28.5,28.3,28.5,28.3,28.2,28.4,28.3,28.6
49,28.3,28.3,28.3,28.3,28.3,28.1,28.4,28.2,28.3,28.2,28.3,28.4,28.3,28.3,28.3,28.2,28.4,28.3,28.2,28.3,28.6,28.3,28.3,28.3,28.5,28.4,28.3,28.6,28.6,28.5,28.4,28.5,28.3,28.4,28.5,28.5,28.4,28.4,28.5,28.4,28.4,28.5,28.6,28.5,28.5,28.7,29.0,29.1,29.2,29.1,29.1,29.0,29.0,29.4,29.3,29.4,29.2,29.1,29.1,29.0,29.0,29.1,29.3,29.0,29.3,29.2,29.2,29.2,29.2,29.2,29.1,28.9,28.9,29.0,28.9,29.0,28.8,28.8,29.1,29.0,29.1,29.1,29.1,29.1,29.1,29.0,29.0,29.1,29.2,29.2,29.1,29.0,29.1,29.1,29.2,29.2,29.2,29.1,29.0,29.1,29.3,29.4,29.7,29.7,29.5,29.3,29.1,29.0,28.8,29.0,28.7,28.7,28.8,28.7,28.7,28.9,28.8,28.8,28.8,28.9,28.7,28.8,28.8,28.7,28.8,28.7,28.7,28.6,28.8,28.8,28.8,29.0,28.9,28.7,28.6,29.0,29.0,29.2,29.2,29.4,29.4,29.5,29.4,29.2,29.1,29.0,28.7,28.8,28.6,28.6,28.6,28.8,28.7,28.6,28.6,28.6,28.5,28.8,28.5,28.5,28.7,28.4,28.6,28.6,28.5,28.4,28.7,28.5,28.6,28.6,28.6,28.5,28.6,28.5,28.3,28.5,28.4,28.5,28.4,28.5,28.3,28.3,28.5,28.3,28.5,28.5,28.3,28.3,28.5,28.3,28.5,28.3
50,28.2,28.2,28.3,28.1,28.3,28.3,28.2,28.2,28.2,28.3,28.3,28.2,28.2,28.1,28.3,28.5,28.3,28.4,28.2,28.3,28.5,28.5,28.4,28.3,28.4,28.5,28.4,28.5,28.5,28.5,28.3,28.4,28.5,28.5,28.6,28.4,28.6,28.5,28.5,28.6,28.7,28.7,28.5,28.6,28.6,28.8,29.0,29.2,29.2,29.0,29.1,28.9,28.9,29.2,29.2,29.4,29.1,29.0,29.0,29.1,29.3,29.2,29.2,29.3,29.1,29.0,29.3,29.5,29.3,29.1,28.9,28.9,29.1,28.9,29.0,29.0,29.0,29.0,28.9,29.0,29.0,29.1,29.1,29.2,29.1,28.9,29.0,29.1,29.1,29.2,29.1,29.1,29.0,29.0,29.1,29.1,29.0,29.1,29.1,28.9,29.2,29.4,29.7,30.3,29.9,29.5,29.0,29.0,29.0,28.7,28.7,28.6,28.8,28.8,28.8,28.8,28.9,28.9,28.9,28.9,28.7,28.7,28.9,28.8,28.8,28.7,28.8,28.7,28.8,28.8,28.8,28.9,28.7,28.6,28.8,28.9,29.2,29.4,29.4,29.8,29.7,29.4,29.5,29.5,29.2,29.0,28.8,28.8,28.6,28.6,28.5,28.6,28.5,28.6,28.7,28.7,28.5,28.5,28.6,28.7,28.6,28.7,28.7,28.7,28.5,28.5,28.6,28.5,28.7,28.5,28.3,28.3,28.5,28.5,28.5,28.5,28.5,28.6,28.5,28.4,28.6,28.3,28.4,28.4,28.3,28.3,28.3,28.2,28.5,28.2,28.3,28.2
51,28.2,28.3,28.3,28.2,28.3,28.2,28.3,28.3,28.4,28.3,28.2,28.3,28.4,28.3,28.3,28.3,28.2,28.3,28.5,28.2,28.5,28.5,28.2,28.4,28.3,28.4,28.5,28.4,28.3,28.5,28.5,28.4,28.6,28.4,28.4,28.5,28.5,28.6,28.5,28.5,28.5,28.6,28.5,28.4,28.5,28.9,29.0,29.1,29.3,29.0,28.7,28.6,28.6,28.9,29.1,29.2,29.2,29.1,29.0,29.3,29.0,29.1,29.4,29.0,29.2,29.2,29.1,29.4,29.4,29.2,29.3,29.0,28.9,28.9,28.9,28.9,28.9,28.8,29.0,29.1,29.0,29.1,29.2,29.1,29.2,29.1,29.0,29.1,29.1,29.1,29.1,29.2,29.1,29.1,29.1,29.2,29.0,29.3,29.1,29.1,29.2,29.3,29.9,30.3,29.9,29.5,29.1,29.0,28.9,28.7,28.7,28.8,28.5,28.9,28.9,28.7,28.9,28.8,28.8,28.9,28.8,28.8,28.8,28.9,28.8,28.7,28.9,28.8,28.8,28.9,28.8,28.8,28.7,28.6,28.5,28.8,29.1,29.7,29.9,30.1,29.7,29.7,29.6,29.6,29.4,29.2,28.7,28.5,28.5,28.7,28.6,28.6,28.5,28.5,28.9,28.5,28.5,28.6,28.7,28.5,28.7,28.7,28.6,28.5,28.5,28.5,28.3,28.4,28.5,28.6,28.5,28.4,28.6,28.5,28.5,28.5,28.5,28.5,28.5,28.5,28.4,28.5,28.3,28.3,28.5,28.2,28.3,28.5,28.2,28.3,28.2,28.2
52,28.2,28.2,28.2,28.2,28.2,28.3,28.3,28.5,28.3,28.3,28.3,28.4,28.4,28.4,28.3,28.5,28.3,28.4,28.3,28.3,28.2,28.4,28.3,28.5,28.5,28.5,28.3,28.4,28.3,28.3,28.4,28.4,28.4,28.6,28.5,28.3,28.3,28.6,28.6,28.7,28.7,28.6,28.6,28.7,28.7,28.8,29.0,29.3,29.1,28.9,28.8,28.7,28.7,28.9,29.2,29.3,29.1,29.0,29.0,29.1,29.2,29.3,29.3,29.2,29.0,29.2,29.1,29.3,29.3,29.2,29.2,29.0,29.0,29.0,28.9,28.8,28.8,29.0,29.0,29.0,29.1,29.0,29.0,29.1,29.1,29.1,28.9,29.2,29.2,29.2,29.2,29.1,29.1,29.2,29.1,29.1,29.2,29.2,29.2,29.3,29.1,29.4,29.7,29.8,29.7,29.3,29.0,29.0,28.8,28.9,28.8,28.8,28.8,28.8,28.7,29.0,28.9,28.9,28.8,28.8,28.8,28.8,28.8,28.8,28.9,28.7,28.8,28.8,28.7,28.8,29.0,28.7,28.7,28.5,28.5,28.8,29.4,29.9,29.6,29.4,29.1,29.5,29.7,29.8,29.6,29.2,28.8,28.5,28.5,28.7,28.6,28.6,28.5,28.7,28.6,28.5,28.6,28.5,28.5,28.4,28.6,28.6,28.6,28.6,28.6,28.5,28.6,28.3,28.2,28.4,28.4,28.4,28.2,28.5,28.4,28.4,28.6,28.5,28.5,28.5,28.3,28.3,28.3,28.4,28.3,28.3,28.4,28.3,28.5,28.3,28.3,28.3
53,28.0,28.3,28.5,28.3,28.3,28.2,28.1,28.4,28.3,28.3,28.1,28.2,28.3,28.3,28.5,28.3,28.4,28.3,28.3,28.3,28.4,28.5,28.3,28.5,28.3,28.6,28.5,28.5,28.3,28.5,28.5,28.4,28.5,28.5,28.5,28.5,28.4,28.5,28.5,28.7,28.6,28.6,28.5,28.6,28.6,28.9,29.0,29.2,29.1,29.0,28.8,28.7,28.8,29.0,29.0,29.2,29.2,29.0,29.0,29.0,29.2,29.2,29.2,29.1,29.1,29.2,29.2,29.2,29.2,29.1,29.1,29.0,29.0,29.0,29.1,29.0,29.0,28.8,29.0,29.1,28.9,29.1,29.2,29.1,29.1,29.0,29.0,29.2,29.1,29.1,29.0,29.0,29.2,29.0,29.1,29.1,29.1,29.3,29.2,29.1,29.2,29.0,29.2,29.3,29.3,29.1,29.0,28.9,28.8,28.8,28.6,28.7,28.8,28.8,28.8,28.9,28.7,28.8,28.9,28.7,28.8,28.6,28.7,29.0,28.8,28.7,28.9,28.9,28.8,28.9,28.9,28.8,28.7,28.6,28.6,28.8,29.5,29.7,29.3,29.0,28.9,29.0,29.6,29.9,29.5,29.3,28.8,28.6,28.5,28.6,28.5,28.6,28.6,28.6,28.7,28.5,28.5,28.4,28.6,28.5,28.5,28.5,28.5,28.6,28.6,28.6,28.5,28.6,28.4,28.3,28.6,28.5,28.5,28.7,28.4,28.5,28.5,28.5,28.5,28.6,28.5,28.3,28.3,28.4,28.3,28.5,28.4,28.3,28.5,28.3,28.3,28.4
54,28.4,28.2,28.3,28.1,28.2,28.4,28.3,28.2,28.4,28.3,28.3,28.1,28.2,28.4,28.4,28.2,28.3,28.3,28.2,28.3,28.5,28.5,28.3,28.4,28.6,28.3,28.3,28.5,28.4,28.4,28.5,28.6,28.7,28.5,28.6,28.5,28.5,28.6,28.5,28.7,28.7,28.8,28.9,28.8,28.7,28.8,28.9,29.0,29.1,29.2,28.9,28.8,28.8,28.8,28.9,29.0,29.0,29.0,29.0,29.0,28.9,29.1,29.1,29.0,29.1,28.9,29.1,29.0,29.0,28.9,29.1,29.0,29.0,29.1,29.0,29.0,29.0,29.0,28.8,28.8,29.0,29.0,29.0,29.0,29.0,29.2,29.1,29.1,29.0,29.0,29.0,29.2,29.2,29.0,29.2,29.1,29.0,29.0,29.1,29.0,28.9,29.1,29.1,29.2,29.0,29.1,28.9,28.7,28.8,28.8,28.8,28.8,28.8,28.7,28.7,28.8,28.8,28.9,28.8,29.0,28.7,29.0,29.0,29.0,28.9,28.8,28.8,29.0,28.9,28.9,28.9,28.8,28.7,28.5,28.5,29.1,29.6,29.7,29.4,29.0,28.9,28.9,29.3,29.9,29.8,29.2,28.9,28.8,28.7,28.6,28.6,28.7,28.8,28.5,28.8,28.7,28.5,28.6,28.6,28.5,28.5,28.6,28.5,28.6,28.4,28.5,28.6,28.7,28.5,28.5,28.6,28.5,28.5,28.5,28.4,28.3,28.5,28.5,28.4,28.5,28.3,28.5,28.4,28.3,28.5,28.5,28.3,28.3,28.4,28.3,28.4,28.2
55,28.2,28.3,28.3,28.3,28.2,28.3,28.4,28.2,28.2,28.5,28.2,28.3,28.5,28.5,28.3,28.3,28.5,28.2,28.5,28.4,28.5,28.2,28.6,28.3,28.3,28.5,28.3,28.5,28.5,28.5,28.5,28.5,28.6,28.6,28.5,28.5,28.5,28.7,28.7,28.8,28.7,28.8,28.8,28.8,28.8,29.0,28.8,29.0,28.9,29.0,28.9,28.9,28.9,28.8,29.1,29.0,28.9,28.8,28.9,28.9,29.0,29.0,29.0,29.0,29.1,29.0,28.9,28.9,29.0,29.0,29.1,29.1,29.0,28.9,29.0,29.0,29.0,28.8,29.0,28.9,29.1,29.1,29.2,29.0,29.0,29.0,29.0,29.1,29.1,29.1,28.9,29.2,29.1,28.9,29.0,29.0,29.0,29.1,29.0,28.9,29.0,29.2,29.1,29.0,28.9,28.9,28.8,28.7,28.9,28.8,28.5,28.7,29.0,28.9,28.8,28.9,28.8,28.8,28.9,28.9,28.7,28.8,28.8,28.8,28.8,28.7,28.6,28.8,28.9,28.8,29.0,28.9,28.8,28.6,28.5,28.8,29.4,29.6,29.3,29.2,29.1,29.0,29.4,29.8,29.8,29.2,28.7,28.6,28.7,28.6,28.6,28.7,28.6,28.7,28.7,28.6,28.5,28.5,28.5,28.6,28.6,28.8,28.6,28.6,28.6,28.7,28.6,28.5,28.5,28.5,28.5,28.4,28.5,28.5,28.3,28.5,28.6,28.5,28.5,28.5,28.5,28.4,28.6,28.5,28.4,28.5,28.4,28.3,28.5,28.1,28.4,28.4
56,28.3,28.3,28.3,28.1,28.2,28.5,28.4,28.4,28.3,28.2,28.3,28.3,28.3,28.1,28.2,28.4,28.3,28.5,28.5,28.3,28.5,28.4,28.5,28.5,28.5,28.7,28.4,28.6,28.5,28.6,28.6,28.6,28.5,28.5,28.5,28.5,28.4,28.8,28.6,28.8,28.8,28.9,28.8,29.0,28.9,29.0,28.9,29.0,29.0,29.0,29.1,28.9,28.9,29.0,29.0,28.9,28.8,28.8,28.9,28.9,28.9,29.1,28.9,29.0,29.0,28.9,28.8,29.0,29.1,29.1,28.8,29.1,29.1,29.1,29.0,29.0,29.0,29.0,28.9,29.0,28.9,28.9,29.1,29.0,29.0,29.0,29.0,29.0,29.1,29.0,29.1,29.1,28.9,29.1,29.0,29.0,29.1,29.1,29.1,29.0,29.0,29.0,29.1,29.0,28.9,28.9,28.8,28.8,28.6,28.8,28.7,28.7,28.8,29.0,28.8,29.0,28.9,28.9,28.9,28.9,28.8,28.8,28.8,28.8,28.8,28.8,28.7,28.8,28.8,28.9,29.0,28.8,28.8,28.5,28.6,28.8,29.4,29.6,29.5,29.4,29.3,29.3,29.4,29.8,29.5,29.1,28.8,28.8,28.8,28.8,28.7,28.5,28.5,28.6,28.8,28.6,28.6,28.6,28.7,28.7,28.5,28.6,28.6,28.5,28.6,28.6,28.6,28.5,28.7,28.5,28.5,28.3,28.5,28.6,28.5,28.5,28.5,28.5,28.4,28.3,28.5,28.4,28.4,28.4,28.3,28.5,28.5,28.2,28.4,28.2,28.3,28.4
57,28.3,28.3,28.3,28.3,28.3,28.2,28.5,28.3,28.3,28.5,28.2,28.1,28.3,28.3,28.3,28.3,28.5,28.3,28.3,28.4,28.3,28.3,28.5,28.5,28.4,28.5,28.4,28.5,28.6,28.4,28.5,28.5,28.5,28.5,28.6,28.3,28.5,28.7,28.7,28.7,29.0,28.8,28.9,28.9,28.9,29.0,29.0,29.0,28.9,29.1,29.0,29.0,28.9,28.9,28.7,28.8,28.9,28.9,28.9,28.9,28.9,28.9,28.9,29.0,28.9,29.0,29.0,28.8,29.0,28.8,28.8,28.9,29.0,29.0,29.1,29.0,29.0,28.9,29.0,29.0,28.8,29.0,28.8,29.1,29.0,29.0,29.0,29.0,29.0,28.9,28.9,29.1,29.0,28.9,28.9,29.1,29.0,29.2,29.0,29.0,29.0,29.0,29.0,29.0,29.0,28.8,28.8,28.8,28.4,28.7,28.8,28.8,28.8,28.8,28.8,29.0,28.9,29.0,29.0,28.8,28.9,28.9,28.9,28.9,28.9,28.9,28.9,29.0,28.8,28.7,28.8,29.0,28.8,28.5,28.6,28.8,29.1,29.4,29.6,29.3,29.3,29.4,29.6,29.4,29.1,28.9,28.8,28.8,28.6,28.6,28.7,28.6,28.6,28.5,28.7,28.6,28.8,28.5,28.5,28.7,28.5,28.6,28.5,28.6,28.6,28.5,28.6,28.5,28.6,28.5,28.6,28.4,28.6,28.5,28.5,28.5,28.5,28.4,28.3,28.5,28.5,28.5,28.5,28.5,28.5,28.5,28.3,28.5,28.3,28.4,28.1,28.5
58,28.3,28.2,28.3,28.3,28.2,28.4,28.2,28.3,28.3,28.2,28.1,28.3,28.5,28.3,28.4,28.4,28.4,28.4,28.5,28.5,28.2,28.3,28.3,28.6,28.3,28.4,28.5,28.6,28.5,28.3,28.5,28.6,28.5,28.5,28.4,28.5,28.7,28.7,28.8,28.7,29.0,29.0,28.8,28.9,29.0,28.9,28.8,28.9,28.9,28.9,28.8,29.0,28.8,28.9,28.9,28.9,28.8,28.8,28.9,28.7,28.8,28.8,28.8,28.9,28.9,28.9,28.8,28.8,28.9,28.9,28.8,29.0,28.9,28.8,28.9,29.0,29.0,28.8,29.0,29.0,28.8,28.9,28.9,29.0,29.0,29.0,29.0,29.0,28.9,28.9,28.9,29.0,29.0,28.9,29.0,29.0,29.1,28.9,28.8,29.0,28.9,29.0,29.0,29.1,28.8,28.9,28.8,28.7,28.8,28.6,28.7,28.5,28.8,28.7,28.8,28.8,28.8,28.9,29.0,28.8,29.0,28.9,28.8,28.7,28.8,28.8,28.8,28.8,28.9,29.0,28.8,28.8,28.7,28.5,28.5,28.6,28.8,29.0,29.2,29.2,29.0,29.3,29.1,29.0,28.7,28.8,28.5,28.7,28.5,28.7,28.5,28.6,28.6,28.6,28.8,28.5,28.8,28.5,28.7,28.6,28.6,28.7,28.7,28.6,28.5,28.6,28.5,28.6,28.7,28.6,28.5,28.5,28.7,28.5,28.4,28.6,28.3,28.6,28.6,28.6,28.5,28.5,28.5,28.5,28.2,28.3,28.3,28.2,28.3,28.3,28.2,28.4
59,28.3,28.2,28.3,28.2,28.2,28.1,28.3,28.3,28.3,28.3,28.2,28.5,28.3,28.4,28.4,28.5,28.5,28.5,28.4,28.5,28.1,28.3,28.5,28.5,28.6,28.5,28.3,28.5,28.3,28.4,28.5,28.5,28.6,28.5,28.5,28.5,28.4,28.9,28.8,29.0,29.0,29.1,28.8,28.8,29.1,28.9,28.8,28.9,28.8,28.8,28.8,28.8,28.9,28.8,29.0,29.0,28.9,28.8,28.8,28.8,28.8,28.7,28.7,28.8,28.8,28.9,28.9,28.9,28.9,28.9,28.8,29.1,29.0,28.8,29.0,29.0,28.9,28.9,29.0,29.0,28.8,28.9,28.9,29.1,28.9,29.0,29.0,29.0,28.9,29.0,28.9,29.0,28.9,29.0,28.9,28.9,28.9,28.9,29.1,28.8,28.8,28.9,28.8,29.0,28.9,28.7,28.8,28.7,28.7,28.8,28.6,28.7,28.8,28.7,28.8,29.0,28.9,28.8,28.8,28.9,28.6,28.8,28.9,28.7,28.5,28.6,28.7,28.9,28.8,28.9,28.8,28.8,28.8,28.6,28.6,28.7,28.6,28.8,28.8,28.8,28.7,28.8,28.7,28.7,28.6,28.7,28.6,28.7,28.5,28.5,28.5,28.7,28.5,28.6,28.7,28.7,28.6,28.6,28.5,28.5,28.7,28.7,28.6,28.6,28.5,28.6,28.4,28.6,28.6,28.5,28.6,28.3,28.5,28.5,28.4,28.5,28.6,28.4,28.4,28.5,28.7,28.5,28.5,28.5,28.4,28.5,28.5,28.5,28.5,28.5,28.5,28.2
60,28.5,28.4,28.5,28.3,28.5,28.3,28.3,28.3,28.3,28.4,28.4,28.2,28.3,28.3,28.3,28.5,28.5,28.3,28.5,28.3,28.5,28.5,28.6,28.4,28.4,28.5,28.3,28.7,28.5,28.6,28.5,28.6,28.6,28.7,28.6,28.6,28.7,28.8,28.7,28.9,29.0,29.0,29.0,28.8,29.0,28.9,29.1,28.9,28.8,28.8,28.8,28.9,28.9,29.0,29.0,29.2,28.8,28.8,28.8,28.7,28.9,29.0,28.9,28.7,28.9,28.8,28.8,29.0,28.8,29.1,29.1,29.0,29.0,29.0,28.9,29.0,29.0,28.9,28.9,29.0,29.0,29.0,29.0,29.0,29.0,28.8,29.0,28.9,28.8,29.1,29.0,29.2,28.8,29.0,29.2,29.1,29.0,29.0,29.1,29.0,29.1,29.1,29.0,28.8,28.9,29.0,28.9,28.8,28.5,28.9,28.8,28.7,28.7,28.8,28.8,28.8,29.0,28.8,28.8,28.9,28.8,29.0,28.8,28.9,28.8,28.7,29.0,28.7,28.7,28.8,28.8,28.9,28.8,28.8,28.7,28.6,28.8,28.8,28.7,28.7,28.6,28.6,28.7,28.5,28.6,28.6,28.6,28.6,28.5,28.5,28.6,28.6,28.6,28.5,28.8,28.7,28.7,28.7,28.5,28.6,28.7,28.7,28.7,28.6,28.6,28.7,28.6,28.8,28.7,28.8,28.6,28.5,28.5,28.5,28.6,28.5,28.5,28.5,28.3,28.6,28.4,28.5,28.5,28.4,28.5,28.5,28.4,28.3,28.5,28.5,28.3,28.4
61,28.2,28.3,28.3,28.3,28.3,28.3,28.3,28.3,28.3,28.3,28.3,28.5,28.4,28.3,28.5,28.3,28.4,28.5,28.4,28.5,28.5,28.5,28.5,28.6,28.4,28.4,28.5,28.4,28.6,28.5,28.5,28.7,28.5,28.7,28.7,28.5,28.8,28.6,28.8,28.9,28.9,28.9,28.9,28.9,29.0,28.8,29.1,28.9,28.8,29.0,28.8,28.8,28.9,28.9,29.0,28.9,28.9,28.8,28.8,28.6,28.7,28.8,28.9,28.7,28.6,28.8,29.0,28.9,29.0,29.0,29.1,29.0,29.0,29.0,29.1,28.9,29.1,29.0,29.1,29.1,29.0,29.0,29.0,29.2,28.9,28.9,29.0,29.1,29.1,29.2,29.0,29.1,29.0,29.0,29.1,29.0,29.1,29.0,28.8,29.0,29.2,29.1,28.9,29.0,29.0,28.9,28.7,28.7,28.8,28.8,28.7,28.5,28.9,28.8,28.8,28.8,28.7,28.9,28.9,28.8,28.6,28.8,28.8,28.9,28.9,28.7,28.8,28.9,28.8,28.7,28.9,28.9,28.5,28.5,28.7,28.6,28.7,28.5,28.5,28.7,28.6,28.5,28.6,28.4,28.5,28.7,28.6,28.5,28.7,28.7,28.4,28.5,28.7,28.8,28.7,28.5,28.6,29.0,28.7,28.6,28.7,28.6,28.6,28.7,28.6,28.5,28.6,28.7,28.6,28.7,28.4,28.5,28.6,28.5,28.5,28.4,28.3,28.3,28.5,28.4,28.5,28.4,28.5,28.4,28.5,28.3,28.5,28.4,28.5,28.4,28.5,28.5
62,28.3,28.3,28.4,28.3,28.3,28.4,28.3,28.5,28.5,28.4,28.4,28.5,28.5,28.5,28.5,28.2,28.7,28.4,28.6,28.7,28.5,28.5,28.6,28.5,28.5,28.8,28.5,28.5,28.5,28.5,28.6,28.7,28.7,28.8,28.6,28.6,28.8,28.7,28.8,28.9,29.2,28.9,29.0,29.1,28.9,28.9,29.0,29.1,28.9,28.9,28.9,29.0,28.9,28.8,29.0,28.9,28.8,28.8,28.6,28.7,28.9,28.8,28.8,28.9,28.8,28.8,28.9,29.0,28.9,28.9,29.0,29.0,29.2,29.0,29.0,28.8,29.0,29.0,29.0,28.8,28.9,29.1,29.0,29.0,28.9,28.9,29.0,28.8,28.9,29.2,29.0,29.0,29.0,28.8,29.2,29.1,29.1,28.9,29.0,29.1,29.0,29.1,29.1,29.0,29.0,28.9,28.8,28.6,28.8,28.6,28.7,28.6,28.7,28.8,28.8,28.9,28.9,28.9,28.9,28.7,28.9,28.9,28.8,28.8,28.8,28.8,28.9,28.7,28.7,28.7,28.7,29.0,28.8,28.8,28.6,28.7,28.6,28.5,28.5,28.5,28.8,28.5,28.5,28.4,28.7,28.6,28.7,28.7,28.7,28.7,28.5,28.5,28.7,28.5,28.5,28.7,28.5,28.6,28.6,28.5,28.8,28.6,28.6,28.7,28.6,28.7,28.5,28.5,28.5,28.7,28.6,28.6,28.5,28.5,28.6,28.5,28.5,28.6,28.5,28.5,28.5,28.4,28.4,28.7,28.6,28.5,28.6,28.5,28.5,28.5,28.4,28.3
63,28.2,28.1,28.3,28.3,28.3,28.3,28.3,28.3,28.3,28.2,28.3,28.3,28.4,28.3,28.3,28.5,28.4,28.3,28.6,28.5,28.4,28.5,28.4,28.6,28.3,28.6,28.6,28.6,28.5,28.5,28.5,28.7,28.8,28.7,28.5,28.7,28.8,28.7,28.8,28.7,29.0,29.1,29.0,28.8,29.0,28.9,28.9,28.9,28.8,28.8,29.1,28.8,29.0,28.9,28.9,28.9,28.8,28.8,28.6,28.7,28.8,29.0,28.8,28.7,28.7,28.8,28.8,28.8,28.9,29.0,28.9,29.0,29.0,29.0,28.8,29.0,28.9,29.0,28.9,28.9,29.0,29.0,28.9,29.0,29.0,29.0,29.0,29.0,29.0,28.9,29.0,29.0,29.1,28.9,29.0,29.0,29.0,28.9,29.1,28.9,29.1,28.9,29.1,28.9,29.1,28.8,28.8,28.8,28.8,28.7,28.7,28.7,28.7,28.8,28.9,28.9,29.0,28.9,28.8,28.9,28.8,28.8,28.7,28.9,28.8,28.7,28.8,29.0,28.9,28.9,28.9,28.9,28.9,28.8,28.7,28.8,28.6,28.6,28.7,28.7,28.5,28.6,28.5,28.3,28.6,28.6,28.6,28.6,28.4,28.6,28.5,28.5,28.5,28.7,28.7,28.7,28.7,28.7,28.7,28.6,28.9,28.8,28.7,28.7,28.5,28.6,28.5,28.6,28.6,28.7,28.5,28.5,28.5,28.5,28.6,28.6,28.5,28.6,28.4,28.5,28.5,28.5,28.6,28.2,28.5,28.6,28.4,28.5,28.5,28.4,28.4,28.4
64,28.3,28.4,28.3,28.3,28.3,28.3,28.6,28.4,28.4,28.5,28.1,28.3,28.5,28.3,28.4,28.5,28.5,28.4,28.4,28.5,28.5,28.5,28.4,28.6,28.5,28.5,28.4,28.7,28.7,28.5,28.8,28.6,28.8,28.6,28.8,28.6,28.6,28.8,28.8,29.0,29.0,28.9,28.8,28.8,28.9,28.8,28.9,28.9,28.8,29.0,28.9,28.9,28.8,29.0,28.9,28.8,28.8,28.8,28.7,28.6,28.8,28.8,28.7,28.8,28.9,28.8,28.9,29.0,29.0,28.9,29.0,29.0,29.0,29.0,29.0,29.0,29.1,28.9,29.1,29.0,28.9,28.9,29.0,29.0,28.9,29.1,28.9,29.1,29.0,29.0,29.0,28.9,29.0,28.9,29.0,28.9,28.8,29.0,29.1,28.9,29.0,28.9,29.0,29.0,28.8,28.7,28.8,28.8,28.8,28.8,28.7,28.7,28.8,28.8,28.7,28.8,28.8,29.0,28.8,29.0,28.6,28.8,28.7,28.9,28.8,28.9,28.8,29.0,28.8,28.8,28.9,28.8,28.8,28.8,28.8,28.8,28.8,28.7,28.6,28.7,28.6,28.5,28.6,28.5,28.6,28.5,28.5,28.7,28.7,28.5,28.7,28.5,28.6,28.7,28.7,28.6,28.5,28.7,28.7,28.5,28.7,28.7,28.8,28.6,28.6,28.6,28.5,28.6,28.5,28.5,28.5,28.6,28.6,28.5,28.6,28.6,28.3,28.5,28.4,28.5,28.5,28.4,28.3,28.3,28.5,28.4,28.6,28.4,28.3,28.3,28.3,28.2
65,28.4,28.5,28.3,28.3,28.5,28.3,28.4,28.3,28.3,28.3,28.4,28.3,28.4,28.4,28.6,28.4,28.5,28.6,28.5,28.4,28.5,28.5,28.6,28.5,28.3,28.6,28.5,28.6,28.6,28.5,28.7,28.6,28.8,28.8,28.6,28.8,28.8,29.0,28.9,28.9,28.7,28.9,29.0,28.9,28.9,29.0,28.8,29.1,28.8,28.9,28.8,29.0,28.8,28.9,28.8,29.0,28.9,28.8,28.5,28.8,28.7,28.9,28.9,28.7,28.8,29.0,28.8,28.8,28.9,29.0,29.0,29.0,29.0,29.0,28.9,29.0,29.1,28.9,29.1,28.9,28.9,29.0,29.0,28.9,29.0,29.1,29.0,29.1,29.2,29.0,29.0,28.9,29.0,29.0,29.1,29.1,29.0,29.0,29.1,28.8,29.0,29.0,29.0,29.0,29.0,29.0,28.9,28.7,28.7,28.9,28.8,28.7,28.8,28.8,28.8,28.8,28.9,28.8,28.8,28.9,28.7,28.8,29.0,28.9,28.9,28.9,28.7,29.0,28.9,28.8,28.8,28.9,28.8,28.8,28.8,28.6,28.7,28.7,28.4,28.8,28.6,28.6,28.6,28.5,28.5,28.6,28.6,28.7,28.6,28.5,28.6,28.8,28.7,28.6,28.5,28.5,28.5,28.7,28.8,28.9,28.7,28.7,28.7,28.8,28.6,28.7,28.6,28.9,28.7,28.7,28.6,28.4,28.5,28.8,28.5,28.5,28.6,28.6,28.5,28.3,28.5,28.5,28.5,28.5,28.6,28.5,28.5,28.5,28.4,28.5,28.5,28.5
66,28.2,28.3,28.3,28.2,28.3,28.3,28.4,28.5,28.3,28.4,28.3,28.3,28.3,28.5,28.4,28.5,28.6,28.4,28.5,28.5,28.5,28.6,28.5,28.6,28.5,28.6,28.5,28.7,28.5,28.5,28.5,28.8,28.7,28.8,28.8,28.7,28.7,28.9,28.9,28.9,28.9,28.8,29.0,28.9,29.0,29.0,28.8,29.0,29.0,28.8,28.9,29.0,28.8,28.9,28.9,28.8,28.9,28.7,28.6,28.7,28.7,28.9,28.8,28.7,28.9,28.9,28.9,29.0,29.0,28.9,29.0,29.0,28.9,29.1,29.0,28.9,29.0,29.1,28.9,28.9,29.0,29.1,29.0,28.9,29.1,29.0,29.0,29.0,29.0,29.0,29.0,29.0,28.9,29.0,29.0,29.0,28.9,29.0,28.9,28.8,28.9,29.0,29.0,28.9,28.8,28.9,28.8,28.8,28.8,28.7,28.8,28.7,28.6,28.8,28.8,28.9,28.8,28.8,28.9,28.7,28.8,28.8,28.8,28.8,28.8,28.9,28.9,28.6,28.9,28.8,28.8,28.9,28.9,28.6,28.8,28.8,28.6,28.8,28.6,28.7,28.6,28.7,28.5,28.6,28.5,28.5,28.3,28.5,28.5,28.7,28.7,28.6,28.8,28.5,28.7,28.7,28.7,28.7,28.7,28.5,28.7,28.8,28.7,28.6,28.6,28.5,28.7,28.7,28.5,28.5,28.6,28.4,28.4,28.7,28.5,28.6,28.5,28.5,28.5,28.8,28.6,28.4,28.5,28.5,28.5,28.3,28.5,28.3,28.4,28.4,28.4,28.3
67,28.6,28.2,28.5,28.3,28.4,28.4,28.3,28.4,28.3,28.4,28.3,28.5,28.5,28.4,28.5,28.6,28.5,28.4,28.4,28.6,28.7,28.6,28.8,28.6,28.5,28.5,28.5,28.7,28.6,28.7,28.7,28.8,28.8,28.8,28.7,28.9,28.9,29.0,28.8,28.9,29.0,29.1,28.9,28.9,29.1,29.0,29.0,29.1,28.8,29.0,29.0,28.9,29.0,28.9,29.0,28.9,29.0,28.7,28.7,28.8,28.8,28.8,28.8,28.6,28.7,29.0,29.0,29.0,29.0,29.1,29.1,29.1,28.9,29.2,29.1,29.1,28.8,29.0,29.0,29.0,29.0,28.9,29.1,29.0,29.1,29.0,29.1,29.0,28.9,29.2,28.9,29.1,29.0,28.8,28.9,28.8,29.0,29.0,28.9,28.8,29.0,29.2,28.9,29.0,28.8,28.9,28.9,28.8,28.8,28.9,28.8,28.7,28.8,28.8,28.8,28.9,28.8,28.6,28.8,28.8,28.8,28.8,28.8,28.9,28.8,28.8,28.7,28.9,28.8,29.1,29.0,28.9,28.8,28.7,28.8,28.7,28.8,28.8,28.5,28.6,28.7,28.7,28.5,28.5,28.6,28.8,28.5,28.6,28.7,28.7,28.7,28.7,28.5,28.8,28.8,28.6,28.9,28.8,28.7,28.6,28.7,28.7,28.8,28.7,28.7,28.6,28.7,28.7,28.6,28.6,28.7,28.5,28.6,28.5,28.5,28.6,28.8,28.6,28.5,28.3,28.5,28.6,28.3,28.3,28.5,28.5,28.5,28.5,28.4,28.5,28.5,28.4
68,28.2,28.5,28.2,28.2,28.3,28.3,28.5,28.3,28.3,28.5,28.4,28.4,28.3,28.3,28.4,28.4,28.3,28.6,28.5,28.5,28.6,28.7,28.6,28.7,28.6,28.7,28.5,28.7,28.8,28.8,28.8,28.8,28.8,28.8,28.8,28.9,28.7,28.9,29.0,28.9,28.9,29.1,29.0,29.0,29.0,28.9,29.1,29.0,28.9,29.0,29.0,28.9,28.9,28.9,28.8,29.0,28.8,28.7,28.5,28.7,28.6,28.9,28.9,28.6,28.8,28.7,28.9,28.9,29.0,29.0,29.2,29.0,29.0,28.9,29.0,29.1,28.9,28.9,28.9,29.0,29.0,29.0,28.9,29.1,29.0,29.1,29.0,29.1,28.9,29.0,28.7,29.2,29.1,29.0,29.0,29.1,28.9,29.0,28.9,29.0,28.9,29.0,29.0,28.9,29.0,28.8,28.9,28.9,28.8,28.7,28.8,28.7,28.8,28.8,28.8,28.8,28.8,28.8,28.9,28.7,28.8,28.9,28.7,29.0,28.7,28.7,28.9,28.9,28.8,28.9,28.8,28.8,28.7,28.7,28.6,28.7,28.7,28.7,28.3,28.7,28.6,28.6,28.3,28.3,28.7,28.5,28.6,28.7,28.3,28.5,28.5,28.5,28.5,28.7,28.7,28.8,28.6,28.6,28.7,28.6,28.6,28.6,28.7,28.5,28.7,28.8,28.6,29.0,28.7,28.6,28.6,28.4,28.6,28.5,28.5,28.6,28.5,28.4,28.5,28.6,28.6,28.5,28.6,28.5,28.6,28.5,28.5,28.5,28.5,28.4,28.3,28.4
69,28.5,28.2,28.5,28.3,28.4,28.4,28.4,28.5,28.5,28.4,28.3,28.3,28.6,28.5,28.5,28.5,28.6,28.5,28.5,28.6,28.5,28.6,28.7,28.6,28.7,28.6,28.7,28.7,28.8,28.8,28.8,29.0,28.7,28.8,28.8,28.8,29.0,29.0,29.1,28.9,29.0,28.9,29.0,29.0,29.0,29.1,28.8,28.9,28.8,29.0,29.0,29.1,28.9,29.0,29.0,28.9,28.9,28.8,28.6,28.6,28.8,28.8,28.9,28.8,28.7,28.8,29.0,28.9,28.9,29.1,29.0,28.9,29.2,29.1,29.0,29.1,29.0,29.0,29.0,29.0,29.0,29.0,29.0,29.0,29.1,29.0,29.1,29.0,29.0,29.0,28.8,29.1,28.9,29.0,29.0,28.9,29.0,29.1,29.1,29.0,29.0,29.0,29.1,28.9,29.0,29.0,28.9,28.8,28.9,28.8,28.7,28.8,28.6,28.9,28.8,28.8,29.0,28.9,28.8,28.9,28.9,28.8,28.9,28.8,28.9,28.8,28.8,28.9,29.0,28.9,29.0,28.9,28.8,28.8,28.9,28.8,28.8,28.8,28.7,28.8,28.8,28.5,28.6,28.5,28.7,28.6,28.6,28.5,28.5,28.6,28.6,28.7,28.6,28.7,28.7,28.6,28.8,28.8,28.7,28.6,28.6,28.8,28.7,28.6,28.7,28.5,28.7,28.6,28.8,28.7,28.7,28.6,28.7,28.6,28.5,28.5,28.5,28.7,28.4,28.5,28.5,28.6,28.5,28.5,28.6,28.4,28.5,28.5,28.5,28.5,28.5,28.4
70,28.3,28.3,28.3,28.3,28.4,28.5,28.3,28.3,28.4,28.3,28.4,28.6,28.3,28.5,28.3,28.5,28.6,28.5,28.5,28.7,28.5,28.7,28.7,28.5,28.6,28.8,28.6,28.8,28.6,28.7,28.8,28.8,28.8,28.9,29.0,28.8,28.8,29.1,28.8,28.8,28.9,28.9,28.9,28.9,28.8,29.1,28.7,28.9,29.0,28.8,28.9,29.0,28.8,28.9,28.8,28.8,28.9,28.7,28.5,28.5,28.7,28.8,28.9,28.8,28.8,28.8,28.8,28.9,29.0,29.0,28.9,29.0,28.9,28.9,29.2,28.9,29.0,28.9,29.0,28.9,28.9,28.9,28.9,28.8,28.9,29.0,29.0,29.0,28.8,29.1,28.8,28.9,28.7,28.9,28.9,28.9,29.0,29.0,28.9,29.1,29.0,29.0,28.9,28.9,29.0,29.0,28.8,28.8,28.8,28.8,28.8,28.7,29.0,28.9,28.7,28.9,28.7,28.8,28.9,28.7,28.9,28.8,28.7,28.8,28.7,28.7,28.7,28.8,28.8,28.9,28.8,28.8,28.8,28.6,28.8,28.6,28.6,28.8,28.7,28.7,28.5,28.8,28.7,28.5,28.6,28.5,28.6,28.7,28.5,28.6,28.6,28.6,28.8,28.6,28.5,28.8,28.6,28.7,28.6,28.6,28.8,28.7,28.6,28.6,28.6,28.7,28.7,28.7,28.6,28.7,28.6,28.5,28.6,28.6,28.6,28.6,28.7,28.7,28.5,28.5,28.5,28.7,28.5,28.3,28.6,28.5,28.3,28.5,28.5,28.3,28.4,28.4
71,28.2,28.4,28.3,28.5,28.3,28.4,28.5,28.3,28.5,28.5,28.5,28.4,28.5,28.4,28.5,28.5,28.7,28.6,28.5,28.8,28.7,28.7,28.6,28.8,28.6,28.6,28.6,28.8,28.6,28.8,28.6,28.8,29.0,29.0,28.9,28.9,28.9,29.0,29.0,28.8,28.8,28.9,29.0,28.8,29.0,28.9,28.7,28.9,29.0,28.8,28.9,28.9,28.8,28.9,28.8,28.8,28.9,28.6,28.5,28.4,28.6,29.0,28.8,28.6,28.9,28.9,28.8,29.0,29.0,29.0,29.0,28.9,28.9,28.9,28.9,29.0,28.9,29.0,28.9,28.9,29.0,28.9,28.9,29.0,29.1,28.9,28.8,29.0,28.9,28.9,28.9,29.0,29.0,29.0,28.9,29.0,28.9,29.1,29.1,29.0,29.0,29.1,29.0,29.0,29.0,28.8,28.9,28.9,28.8,28.9,28.8,28.8,28.8,28.9,28.8,28.8,28.8,28.9,28.9,28.8,29.0,28.8,28.8,28.8,28.9,28.9,28.8,28.8,28.9,28.8,28.8,28.8,28.5,28.7,28.7,28.7,28.8,28.5,28.6,28.6,28.6,28.5,28.7,28.6,28.5,28.6,28.5,28.5,28.7,28.5,28.6,28.5,28.7,28.5,28.7,28.4,28.6,28.7,28.7,28.7,28.6,28.7,28.6,28.8,28.6,28.7,28.8,28.7,28.6,28.6,28.6,28.5,28.6,28.5,28.5,28.5,28.3,28.5,28.3,28.5,28.5,28.5,28.5,28.5,28.4,28.2,28.5,28.3,28.3,28.4,28.3,28.3
72,28.5,28.3,28.2,28.3,28.4,28.5,28.4,28.4,28.3,28.5,28.3,28.3,28.5,28.5,28.5,28.4,28.6,28.5,28.4,28.6,28.6,28.5,28.8,28.6,28.7,28.8,28.8,28.9,28.7,28.7,28.9,28.9,28.8,29.0,28.8,28.8,29.0,28.9,28.9,29.0,29.0,28.9,29.0,28.8,29.0,28.9,28.9,28.8,28.9,29.0,29.0,28.8,28.9,28.7,29.0,28.8,28.9,28.7,28.4,28.4,28.6,28.8,28.9,28.9,28.9,28.8,29.0,28.9,29.0,29.0,29.0,29.1,29.0,28.9,29.0,29.2,28.9,28.9,28.9,28.9,28.9,29.0,28.9,29.0,29.0,29.0,28.9,29.0,28.9,28.9,28.9,28.9,28.8,28.9,29.0,29.0,29.1,28.9,28.9,28.9,28.9,29.0,28.7,28.9,28.8,28.8,28.8,28.8,28.8,28.8,28.8,28.7,28.7,28.7,28.9,28.8,28.8,28.8,28.8,28.9,28.8,28.9,29.0,29.0,28.9,28.9,28.8,29.0,28.9,28.9,28.8,28.8,29.0,28.8,28.7,28.7,28.6,28.7,28.7,28.6,28.5,28.5,28.4,28.5,28.5,28.5,28.4,28.3,28.6,28.5,28.6,28.6,28.6,28.6,28.7,28.8,28.6,28.7,28.5,28.6,28.6,28.8,28.8,28.9,28.6,28.8,28.6,28.6,28.5,28.7,28.5,28.4,28.6,28.5,28.5,28.7,28.6,28.6,28.5,28.5,28.5,28.6,28.6,28.5,28.5,28.5,28.5,28.5,28.3,28.4,28.5,28.4
73,28.3,28.4,28.5,28.5,28.4,28.2,28.5,28.4,28.4,28.5,28.3,28.6,28.5,28.4,28.5,28.4,28.7,28.6,28.6,28.6,28.7,28.6,28.8,28.7,28.6,28.7,28.8,28.9,28.7,28.8,28.8,29.0,28.7,28.9,29.0,28.9,29.0,28.9,29.0,29.0,29.0,28.9,28.9,28.8,28.9,28.9,28.8,28.9,28.8,28.9,28.9,29.0,28.8,28.8,28.8,28.8,28.8,28.5,28.5,28.5,28.5,28.9,28.9,28.7,29.0,28.9,28.9,28.9,29.0,29.0,28.8,29.1,28.8,28.9,29.0,28.9,29.0,29.0,29.0,29.0,28.9,28.8,29.0,29.0,29.0,28.9,29.0,28.9,28.9,29.0,29.1,29.0,29.0,29.0,29.0,29.0,29.1,28.9,28.9,28.9,29.1,29.1,28.9,28.9,28.8,28.9,28.9,28.7,28.9,28.9,28.8,28.8,29.0,28.9,28.7,28.7,29.0,28.8,28.9,29.0,29.0,29.0,29.2,29.3,29.2,29.1,29.1,29.2,29.0,28.9,28.8,28.9,28.9,28.8,28.9,28.8,28.8,28.7,28.5,28.7,28.7,28.6,28.5,28.6,28.5,28.5,28.5,28.5,28.5,28.6,28.6,28.5,28.6,28.7,28.7,28.8,28.6,28.6,28.7,28.7,28.8,28.8,28.8,28.6,28.7,28.7,28.8,28.5,28.5,28.6,28.6,28.6,28.7,28.6,28.5,28.6,28.7,28.6,28.4,28.6,28.5,28.4,28.6,28.5,28.6,28.3,28.5,28.4,28.4,28.3,28.3,28.4
74,28.5,28.5,28.4,28.3,28.5,28.5,28.6,28.6,28.5,28.3,28.5,28.5,28.7,28.6,28.7,28.5,28.5,28.7,28.7,28.7,28.8,28.9,28.8,28.6,28.8,28.8,28.8,28.9,28.8,28.9,29.0,29.1,29.0,28.8,29.0,29.2,29.0,29.0,28.9,28.9,29.0,29.0,29.0,29.0,29.0,29.0,28.8,28.9,28.9,28.8,29.0,29.0,28.9,29.0,28.9,29.1,28.7,28.7,28.4,28.4,28.6,28.8,28.8,28.9,28.9,28.8,29.0,29.0,29.1,29.0,29.0,29.0,29.0,28.9,28.9,28.9,28.8,28.9,28.9,29.0,29.0,28.9,29.1,29.0,28.9,29.0,29.1,28.9,29.0,29.0,28.9,29.0,28.9,28.9,29.0,29.0,29.1,29.0,28.9,29.0,29.0,28.8,28.9,28.9,28.8,28.9,28.8,28.8,28.8,28.9,28.9,28.9,28.9,28.9,28.8,28.8,28.8,29.0,28.9,29.0,29.2,29.5,29.4,29.4,29.4,29.3,29.2,29.2,29.0,29.0,28.7,28.7,28.8,28.8,28.8,28.9,28.8,28.7,28.6,28.6,28.8,28.5,28.5,28.3,28.5,28.4,28.4,28.5,28.5,28.5,28.5,28.5,28.7,28.5,28.6,28.6,28.5,28.8,28.8,28.6,28.5,28.8,28.7,28.7,28.6,28.7,28.6,28.7,28.6,28.5,28.6,28.5,28.6,28.5,28.6,28.5,28.4,28.6,28.5,28.5,28.5,28.6,28.4,28.5,28.5,28.5,28.3,28.6,28.3,28.3,28.5,28.5
75,28.5,28.5,28.5,28.3,28.5,28.3,28.3,28.5,28.3,28.6,28.5,28.4,28.6,28.5,28.5,28.4,28.6,28.5,28.7,28.5,28.6,28.6,28.7,28.8,28.8,29.0,28.9,28.9,28.8,28.6,28.9,29.0,29.0,28.9,29.0,28.8,29.0,29.0,29.0,28.9,28.9,28.9,28.8,28.9,28.9,29.0,28.9,29.0,28.8,28.9,29.0,28.9,28.8,29.0,28.8,28.9,28.8,28.8,28.5,28.4,28.5,28.7,28.8,28.9,29.0,28.7,29.0,28.8,29.0,29.0,28.9,28.9,29.0,29.0,29.0,29.0,29.0,29.0,28.9,29.0,29.2,29.0,29.1,28.9,28.8,29.0,28.9,29.0,29.0,28.8,28.9,28.9,29.0,28.9,28.9,29.2,29.0,29.2,28.9,28.9,29.0,29.1,29.0,28.8,29.0,28.8,29.0,28.9,28.8,28.8,29.0,28.9,29.0,28.8,28.8,29.0,29.0,28.9,29.0,29.2,29.5,29.7,29.4,29.6,29.6,29.7,29.5,29.2,29.1,29.0,28.9,29.0,28.9,28.9,28.8,28.9,28.9,28.5,28.6,28.8,28.7,28.6,28.7,28.5,28.6,28.5,28.3,28.4,28.4,28.5,28.6,28.5,28.7,28.6,28.6,28.6,28.7,28.6,28.5,28.7,28.7,28.7,28.7,28.7,28.5,28.6,28.8,28.7,28.6,28.5,28.5,28.5,28.5,28.5,28.7,28.5,28.5,28.4,28.5,28.6,28.5,28.6,28.4,28.4,28.5,28.5,28.3,28.5,28.6,28.5,28.5,28.4
76,28.4,28.3,28.4,28.4,28.3,28.5,28.3,28.3,28.4,28.5,28.5,28.7,28.5,28.4,28.5,28.6,28.6,28.7,28.8,28.7,28.6,28.7,28.8,28.7,28.5,28.9,28.8,28.9,28.7,28.8,28.8,28.8,29.0,29.0,29.0,28.9,29.0,29.0,28.8,28.8,28.8,29.0,29.0,28.7,28.8,29.1,29.0,28.9,28.8,28.8,29.0,29.0,28.9,28.8,29.0,28.9,28.8,28.7,28.4,28.6,28.5,28.8,28.7,28.8,28.6,28.9,28.8,28.9,29.0,29.0,29.0,28.9,29.1,28.9,28.8,29.1,28.8,28.9,28.9,29.1,28.9,28.8,29.0,28.9,29.0,28.9,28.9,28.9,28.7,28.9,28.9,28.8,28.9,28.8,29.1,29.0,29.0,28.8,29.0,28.9,28.9,28.9,28.8,28.8,29.0,28.9,28.9,28.8,28.7,28.8,28.9,28.8,29.0,28.9,29.0,28.8,28.9,29.1,29.2,29.4,29.9,29.9,29.7,29.6,29.6,29.7,29.7,29.6,29.2,29.2,29.1,28.9,28.8,29.0,29.1,28.9,28.8,28.7,28.5,28.6,28.6,28.7,28.6,28.6,28.4,28.5,28.6,28.4,28.3,28.6,28.5,28.5,28.7,28.5,28.7,28.6,28.8,28.7,28.6,28.8,28.5,28.8,28.6,28.9,28.5,28.8,28.6,28.8,28.6,28.7,28.6,28.6,28.6,28.7,28.5,28.6,28.5,28.5,28.5,28.4,28.5,28.6,28.6,28.5,28.6,28.6,28.3,28.5,28.3,28.5,28.5,28.5
77,28.3,28.3,28.5,28.4,28.4,28.5,28.5,28.4,28.3,28.6,28.5,28.5,28.5,28.4,28.7,28.5,28.8,28.8,28.8,28.7,28.7,28.8,28.7,28.8,28.9,28.9,28.8,29.0,29.0,29.0,29.0,28.9,29.0,29.0,29.1,29.0,29.0,29.1,29.1,28.9,29.1,28.9,29.0,29.0,28.8,29.1,29.0,28.8,29.0,29.0,29.0,28.9,28.7,28.9,28.8,28.8,28.8,28.9,28.6,28.7,28.7,28.7,28.9,28.9,28.9,29.0,29.0,29.1,28.8,29.0,28.9,29.2,28.9,29.0,29.0,29.0,29.0,29.0,29.1,29.1,29.1,28.9,29.0,28.9,28.9,29.0,28.9,28.8,28.9,29.0,29.0,29.0,28.8,28.9,28.8,29.0,29.0,29.1,28.9,28.9,29.0,28.7,28.8,28.9,28.9,28.9,28.8,28.8,28.9,28.9,28.8,28.7,28.8,28.8,28.8,28.8,29.0,29.0,29.3,29.6,29.8,29.8,29.5,29.5,29.3,29.7,29.8,29.7,29.3,29.3,29.0,29.1,28.7,28.9,28.8,28.6,28.8,28.9,28.5,28.6,28.6,28.6,28.5,28.5,28.7,28.6,28.5,28.5,28.6,28.5,28.5,28.5,28.6,28.7,28.7,28.8,28.6,28.7,28.7,28.8,28.9,28.8,28.8,28.8,28.7,28.8,28.8,28.6,28.6,28.7,28.6,28.5,28.8,28.7,28.6,28.7,28.6,28.6,28.6,28.6,28.5,28.5,28.5,28.4,28.5,28.4,28.4,28.5,28.5,28.5,28.5,28.5
78,28.3,28.3,28.6,28.3,28.5,28.5,28.6,28.5,28.6,28.5,28.5,28.5,28.6,28.4,28.7,28.6,28.6,28.7,28.7,28.8,28.8,28.8,28.8,28.8,28.8,29.0,28.9,29.0,28.8,28.9,29.0,29.0,29.1,29.2,29.2,29.2,29.1,29.1,28.9,28.9,29.0,29.1,29.1,29.0,28.9,29.0,28.8,29.0,29.0,29.0,29.0,28.9,28.9,28.8,28.8,28.9,29.0,28.8,28.6,28.9,28.5,28.6,28.8,28.8,28.8,28.8,28.9,28.9,29.1,28.9,29.1,29.0,29.0,28.9,29.1,29.1,29.0,28.8,29.0,29.0,29.0,28.9,29.0,29.1,29.0,28.7,29.0,29.0,28.9,28.9,29.0,29.0,28.9,28.9,29.0,29.0,29.0,28.8,29.0,29.0,29.1,29.0,28.9,28.8,28.9,28.9,28.9,29.0,28.9,29.0,28.9,28.8,28.9,28.9,28.9,29.0,28.9,29.0,29.1,29.6,29.5,29.7,29.4,29.4,29.3,29.5,29.8,29.8,29.6,29.2,29.1,29.0,29.0,28.8,28.8,28.8,28.7,28.6,28.7,28.6,28.8,28.7,28.4,28.5,28.5,28.5,28.5,28.5,28.5,28.5,28.5,28.6,28.5,28.7,28.8,28.6,28.6,28.8,28.6,28.8,28.8,28.8,28.7,28.7,28.7,28.7,28.6,28.7,28.6,28.6,28.6,28.4,28.7,28.7,28.5,28.5,28.5,28.6,28.4,28.5,28.3,28.5,28.4,28.4,28.6,28.3,28.5,28.5,28.5,28.3,28.4,28.4
79,28.6,28.5,28.6,28.4,28.5,28.5,28.6,28.5,28.6,28.5,28.6,28.6,28.7,28.6,28.7,28.6,28.7,28.7,28.7,28.7,28.8,28.9,28.8,28.9,28.9,28.9,28.8,29.0,29.0,28.9,29.0,29.1,29.2,29.1,29.1,29.0,29.2,29.1,29.0,29.0,29.0,29.0,28.9,29.0,29.1,28.8,28.8,29.0,29.0,28.9,28.9,28.8,28.8,28.8,28.8,28.9,29.0,28.9,28.6,28.7,28.6,28.7,28.8,28.9,28.8,28.9,28.8,29.0,28.9,28.9,28.9,28.9,29.1,29.0,29.0,29.0,29.0,28.8,28.9,29.0,29.1,29.0,29.0,29.0,29.0,28.8,28.9,28.8,28.9,28.9,28.9,29.0,28.8,28.9,28.9,28.8,29.0,28.9,29.1,28.9,29.1,28.9,28.9,28.8,28.8,28.9,28.8,28.8,28.9,28.9,28.8,28.8,29.0,28.9,28.9,29.0,29.0,28.9,29.2,29.6,29.7,29.7,29.6,29.5,29.4,29.5,29.7,30.0,29.4,29.2,29.0,28.9,28.8,28.8,28.9,28.9,28.7,28.6,28.8,28.6,28.7,28.7,28.5,28.6,28.5,28.6,28.6,28.6,28.6,28.5,28.5,28.6,28.6,28.5,28.6,28.6,28.8,28.7,28.8,28.7,28.8,28.6,28.8,28.8,28.8,28.6,28.7,28.5,28.7,28.8,28.6,28.5,28.5,28.6,28.7,28.5,28.5,28.5,28.5,28.5,28.6,28.5,28.5,28.5,28.4,28.5,28.4,28.5,28.4,28.3,28.5,28.5
80,28.5,28.2,28.5,28.5,28.5,28.6,28.3,28.5,28.4,28.6,28.3,28.5,28.7,28.5,28.8,28.8,28.6,28.9,28.8,28.7,28.6,28.8,28.7,28.9,28.9,29.1,29.0,29.0,29.0,29.0,29.1,29.1,29.2,29.1,29.1,29.2,29.1,29.3,29.2,29.2,29.0,29.0,29.0,29.0,29.0,29.1,29.1,29.0,28.9,29.0,29.0,29.1,29.0,29.0,28.8,28.8,28.8,28.7,28.8,28.8,28.6,28.8,29.0,29.1,29.0,28.9,29.0,28.9,28.9,29.0,29.1,28.9,29.1,29.2,29.0,29.0,29.0,29.0,28.9,29.0,28.8,29.0,28.9,28.9,29.0,28.9,28.8,28.9,29.0,29.0,28.7,29.0,28.9,29.0,28.8,28.9,28.9,29.0,29.0,28.8,29.0,29.0,29.0,29.0,28.9,29.1,28.9,28.9,28.9,28.9,29.0,28.8,29.0,28.8,29.0,28.9,29.0,28.9,29.1,29.4,29.7,29.6,29.7,29.8,29.5,29.7,29.8,29.8,29.4,29.1,29.0,29.0,28.9,28.6,28.7,28.9,28.8,28.7,28.7,28.8,28.8,28.5,28.5,28.5,28.3,28.7,28.7,28.6,28.4,28.5,28.5,28.6,28.6,28.7,28.6,28.7,28.7,28.7,28.7,28.6,28.7,28.5,28.8,28.8,28.7,28.7,28.8,28.6,28.8,28.8,28.5,28.6,28.7,28.6,28.6,28.5,28.6,28.6,28.5,28.5,28.5,28.6,28.6,28.3,28.6,28.4,28.4,28.3,28.4,28.4,28.2,28.6
81,28.3,28.5,28.3,28.4,28.5,28.5,28.5,28.5,28.5,28.6,28.3,28.6,28.6,28.6,28.6,28.6,28.7,28.7,28.8,28.6,28.8,28.9,28.8,29.0,28.9,29.0,28.8,29.0,29.2,29.1,29.1,29.1,29.1,29.1,29.2,29.0,29.2,29.1,29.1,29.3,29.2,29.2,29.2,29.1,29.0,29.0,29.0,29.1,29.0,29.0,29.1,29.1,29.1,29.0,29.0,29.1,29.1,28.8,28.9,28.8,28.8,28.8,28.9,29.0,29.0,28.9,29.0,29.1,29.1,29.1,29.1,28.9,29.2,29.2,29.0,29.0,29.0,29.0,29.0,29.1,28.9,28.9,29.0,29.1,29.0,29.0,28.8,28.9,29.0,29.0,28.8,28.9,28.9,28.8,29.0,28.9,28.9,28.9,28.8,28.9,28.9,28.9,28.9,29.0,28.8,28.8,29.0,29.0,29.0,29.0,29.0,29.0,29.0,28.9,28.9,28.9,29.0,28.9,29.0,29.3,29.9,29.8,29.8,29.6,29.6,29.6,29.7,29.5,29.2,29.1,28.9,29.0,29.0,28.9,28.8,28.8,28.8,28.8,28.8,28.7,28.7,28.9,28.5,28.5,28.5,28.5,28.6,28.5,28.5,28.7,28.8,28.7,28.7,28.7,28.5,28.7,28.6,28.6,28.8,28.6,28.9,28.8,28.8,28.9,28.5,28.8,28.7,28.6,28.6,28.6,28.5,28.4,28.8,28.7,28.5,28.6,28.6,28.6,28.7,28.6,28.7,28.5,28.6,28.5,28.5,28.5,28.5,28.6,28.6,28.4,28.3,28.3
82,28.3,28.3,28.5,28.5,28.5,28.6,28.6,28.4,28.7,28.7,28.5,28.5,28.6,28.6,28.8,28.5,28.7,28.8,28.7,28.9,28.9,28.8,28.8,29.0,29.0,29.0,28.8,29.0,28.9,29.1,29.1,29.3,29.2,29.3,29.3,29.2,29.3,29.3,29.3,29.3,29.4,29.3,29.2,29.4,29.2,29.0,29.1,29.1,29.1,29.1,29.1,29.1,29.0,29.1,29.0,29.0,29.0,28.9,29.0,28.8,28.9,28.8,29.0,29.0,28.9,29.0,29.0,29.0,29.0,29.0,28.9,28.9,29.0,29.0,28.9,29.1,28.9,29.0,29.0,29.0,29.0,28.8,29.0,29.0,29.0,28.9,28.8,29.0,28.8,29.0,28.7,29.0,29.0,28.8,28.9,29.0,28.8,28.9,28.8,29.0,28.8,28.9,28.8,28.9,28.9,29.1,29.0,29.0,28.8,29.0,28.9,28.8,28.9,29.1,28.9,29.0,28.9,28.9,29.0,29.2,29.3,29.6,29.8,29.6,29.7,29.6,29.4,29.3,29.1,28.9,29.0,29.0,28.9,28.8,28.9,29.0,28.8,28.8,28.5,28.8,28.6,28.5,28.5,28.6,28.5,28.7,28.6,28.5,28.5,28.5,28.7,28.4,28.5,28.6,28.6,28.6,28.7,28.8,28.8,28.6,28.8,28.8,28.8,28.8,28.7,28.9,28.9,28.8,28.6,28.5,28.5,28.5,28.6,28.5,28.5,28.7,28.6,28.5,28.7,28.5,28.6,28.6,28.5,28.5,28.5,28.5,28.6,28.4,28.4,28.4,28.3,28.5
83,28.5,28.5,28.5,28.5,28.5,28.5,28.5,28.6,28.4,28.7,28.6,28.6,28.6,28.5,28.6,28.7,28.7,28.8,28.9,28.9,28.9,28.8,28.8,29.0,28.9,29.0,29.0,29.0,29.1,29.1,29.1,29.1,29.2,29.2,29.1,29.1,29.2,29.3,29.2,29.3,29.4,29.3,29.2,29.3,29.0,29.0,29.0,29.1,29.0,29.1,29.0,29.0,29.0,29.0,29.2,29.0,29.1,29.0,29.1,29.0,29.0,28.8,28.9,29.0,29.1,29.0,29.0,29.1,29.1,29.0,29.0,28.9,29.1,28.9,29.0,29.0,28.9,28.8,28.8,29.0,28.9,29.0,28.9,29.0,29.0,29.0,28.9,29.0,28.9,29.0,28.8,28.9,29.0,28.9,28.8,28.8,28.9,28.8,29.0,29.0,28.9,29.0,29.1,29.1,29.0,28.9,29.0,28.9,29.0,29.0,28.9,29.0,28.9,28.8,28.9,28.9,29.1,29.0,29.0,29.0,29.1,29.2,29.5,29.4,29.4,29.2,29.1,29.0,28.9,28.9,28.9,29.1,29.1,29.1,29.0,28.8,28.7,28.8,28.5,28.7,28.7,28.5,28.6,28.5,28.5,28.4,28.5,28.5,28.4,28.5,28.5,28.5,28.7,28.5,28.5,28.6,28.5,28.5,28.6,28.6,28.7,28.7,28.7,28.8,28.8,28.7,28.8,28.7,28.6,28.8,28.5,28.6,28.7,28.5,28.6,28.5,28.6,28.6,28.5,28.4,28.6,28.5,28.6,28.5,28.3,28.4,28.5,28.5,28.4,28.4,28.3,28.5
84,28.4,28.5,28.5,28.4,28.5,28.5,28.6,28.5,28.5,28.6,28.6,28.6,28.8,28.5,28.8,28.8,28.8,28.8,28.8,28.9,28.9,29.1,28.9,29.0,29.0,29.1,29.0,29.1,29.2,29.1,29.1,29.3,29.2,29.4,29.4,29.1,29.3,29.3,29.4,29.4,29.4,29.3,29.3,29.2,29.2,29.2,29.2,29.2,29.0,28.9,29.2,29.1,29.0,29.0,29.1,29.1,29.2,29.2,29.0,29.2,29.0,29.2,29.0,29.0,29.0,28.9,28.9,29.2,28.9,29.1,29.2,29.1,29.0,29.1,29.1,29.0,29.0,29.0,29.0,28.8,28.9,29.0,29.1,29.0,29.0,28.9,28.9,29.0,28.8,28.9,29.0,28.9,28.9,29.0,28.8,29.0,28.7,29.0,28.9,29.0,28.8,28.9,29.1,29.0,29.0,29.0,29.0,28.9,29.0,29.0,28.9,28.9,29.0,29.0,29.0,29.1,29.0,29.1,29.0,29.0,28.9,29.0,29.0,29.0,29.1,29.1,29.1,28.9,29.1,29.1,29.2,29.2,29.2,29.2,29.1,29.1,28.8,28.8,28.8,28.9,28.8,28.7,28.5,28.7,28.6,28.6,28.5,28.6,28.6,28.7,28.6,28.6,28.6,28.7,28.7,28.6,28.8,28.8,28.8,28.8,28.8,28.8,28.8,28.7,28.8,28.7,28.8,28.6,28.8,28.7,28.7,28.6,28.6,28.6,28.5,28.4,28.6,28.7,28.7,28.5,28.7,28.7,28.5,28.3,28.7,28.7,28.6,28.6,28.5,28.5,28.6,28.6
85,28.4,28.5,28.7,28.5,28.4,28.5,28.5,28.6,28.6,28.7,28.6,28.6,28.7,28.6,28.8,28.7,28.8,28.9,29.0,28.6,28.9,29.0,28.8,29.1,29.0,29.0,29.0,29.1,29.0,29.1,29.2,29.2,29.1,29.4,29.3,29.2,29.3,29.5,29.2,29.5,29.4,29.3,29.3,29.2,29.1,29.3,29.0,29.2,28.9,29.0,29.0,29.1,29.0,29.0,29.1,29.2,29.3,29.0,28.9,29.1,29.0,28.9,29.0,29.0,28.9,29.0,29.0,29.1,29.2,29.0,29.1,29.1,28.8,29.0,29.0,29.0,29.0,28.9,29.0,29.0,29.1,28.9,29.0,29.1,29.0,29.0,28.9,28.9,28.9,29.0,28.9,28.9,28.8,28.8,28.9,29.0,28.8,29.0,28.9,29.0,29.0,29.1,29.0,28.9,29.0,29.0,28.9,29.0,29.0,29.0,28.9,28.9,29.1,29.0,29.0,29.0,29.1,29.0,29.0,29.0,29.0,28.8,28.9,29.0,28.9,29.0,29.1,29.0,29.0,29.2,29.2,29.2,29.2,29.2,29.1,29.1,28.7,28.7,28.8,28.6,28.6,28.7,28.6,28.7,28.7,28.8,28.6,28.9,28.5,28.6,28.7,28.6,28.6,28.6,28.7,28.7,28.7,28.8,28.7,28.7,28.8,28.8,28.7,28.7,28.7,28.7,28.7,28.7,28.7,28.7,28.7,28.5,28.6,28.6,28.4,28.5,28.6,28.4,28.5,28.6,28.6,28.6,28.4,28.5,28.5,28.4,28.5,28.5,28.6,28.3,28.4,28.4
86,28.5,28.7,28.6,28.5,28.5,28.5,28.6,28.6,28.7,28.7,28.6,28.8,28.8,28.8,28.8,29.0,29.0,28.8,28.8,28.8,29.0,28.9,29.0,29.0,29.1,29.1,29.0,29.1,29.2,29.0,29.3,29.2,29.2,29.3,29.3,29.1,29.3,29.6,29.3,29.3,29.4,29.3,29.2,29.0,29.1,29.1,29.0,29.0,28.9,29.1,29.1,29.1,29.0,29.2,29.1,29.1,29.0,29.0,29.0,29.1,29.0,29.0,29.1,29.1,29.1,29.0,29.2,29.1,29.1,29.2,29.1,29.1,29.1,29.1,29.1,29.1,29.0,29.0,28.9,29.1,29.0,29.3,29.0,29.0,29.0,29.0,29.1,28.9,28.8,29.0,28.9,28.9,28.9,29.0,28.8,28.9,28.9,28.8,29.0,28.9,29.1,29.0,29.0,28.9,29.0,28.9,29.0,29.0,29.0,29.1,28.9,29.0,28.9,28.9,28.9,29.0,28.9,28.8,28.7,29.0,28.9,28.9,29.2,28.9,28.9,29.0,28.9,29.0,29.0,29.2,29.2,29.4,29.2,29.2,29.1,28.9,28.7,28.7,28.7,28.7,28.8,28.7,28.6,28.7,28.6,28.6,28.7,28.7,28.7,28.6,28.8,28.6,28.6,28.7,28.7,28.7,28.7,28.8,28.8,28.7,28.7,28.8,28.7,28.9,28.8,28.7,28.8,28.7,28.8,28.7,28.7,28.5,28.6,28.7,28.4,28.7,28.7,28.7,28.7,28.5,28.5,28.6,28.6,28.6,28.8,28.4,28.5,28.5,28.5,28.5,28.5,28.5
87,28.3,28.3,28.6,28.4,28.6,28.3,28.6,28.7,28.6,28.8,28.6,28.6,28.8,28.7,28.8,28.8,28.8,28.9,28.9,28.9,29.1,29.0,29.0,29.0,29.0,29.0,29.1,29.2,29.1,29.2,29.2,29.2,29.1,29.2,29.4,29.3,29.3,29.3,29.4,29.2,29.3,29.0,29.2,29.0,28.9,29.1,29.0,29.2,28.9,28.9,28.9,29.0,29.0,28.9,28.8,28.9,28.9,28.9,28.8,28.9,28.9,28.8,29.0,28.9,29.0,29.0,29.1,29.0,29.1,29.0,28.9,29.0,29.0,29.0,28.7,28.9,29.1,28.9,29.0,29.0,29.1,29.0,28.9,28.9,29.0,28.9,28.8,29.0,29.0,28.9,29.0,28.9,28.8,28.8,29.0,29.0,28.9,28.9,28.9,28.8,28.9,29.0,29.0,29.0,28.9,29.0,28.9,28.8,28.9,28.9,28.9,28.9,28.9,28.9,28.8,28.8,28.8,28.9,28.9,29.0,29.0,28.9,28.9,28.8,29.0,28.9,29.0,29.0,29.1,28.9,29.2,29.2,29.0,28.9,29.1,28.9,28.8,28.7,28.8,28.7,28.6,28.8,28.6,28.5,28.5,28.7,28.7,28.5,28.5,28.7,28.6,28.7,28.7,28.7,28.7,28.6,28.8,28.6,28.6,28.8,28.8,28.8,28.8,28.9,28.7,28.8,28.8,28.8,28.7,28.8,28.8,28.7,28.5,28.7,28.7,28.8,28.6,28.8,28.6,28.6,28.7,28.5,28.6,28.7,28.7,28.5,28.5,28.5,28.4,28.5,28.3,28.5
88,28.5,28.6,28.6,28.6,28.7,28.7,28.7,28.7,28.7,28.7,28.6,28.7,28.7,28.7,28.8,29.0,29.0,28.8,29.1,29.0,28.9,29.0,29.1,29.0,29.1,29.2,29.1,29.4,29.2,29.2,29.1,29.2,29.4,29.3,29.2,29.4,29.2,29.4,29.3,29.2,29.2,29.2,29.0,29.0,29.2,29.0,29.0,29.1,29.0,28.9,28.9,29.0,28.9,29.0,28.7,28.7,28.9,28.9,28.9,28.8,28.9,28.8,28.9,29.0,29.1,29.1,29.2,29.1,29.1,29.2,29.1,29.0,29.1,29.1,29.1,29.0,29.0,29.1,28.8,28.8,29.1,29.1,29.0,28.8,29.0,29.1,28.9,28.9,28.9,28.9,28.8,29.0,29.1,29.1,29.1,28.9,28.9,28.9,28.9,28.8,29.1,28.9,29.0,29.0,29.1,29.1,28.9,28.8,28.9,29.0,28.8,28.9,29.0,29.0,29.0,29.0,29.0,29.1,29.1,29.0,29.0,28.9,28.8,29.0,29.0,28.8,28.9,29.1,29.0,29.2,29.2,29.1,29.1,29.0,29.1,29.1,28.8,28.8,28.7,28.7,28.8,28.8,28.6,28.7,28.5,28.7,28.8,28.8,28.7,28.7,28.9,28.7,28.7,28.8,28.8,28.8,28.9,28.7,28.9,28.7,28.8,28.8,28.8,28.7,28.7,28.7,28.9,28.8,28.7,28.9,28.6,28.7,28.6,28.8,28.7,28.5,28.6,28.8,28.6,28.5,28.6,28.6,28.4,28.6,28.7,28.7,28.5,28.5,28.6,28.5,28.4,28.6
89,28.6,28.6,28.5,28.6,28.6,28.6,28.7,28.6,28.8,28.8,28.8,28.8,28.9,28.9,29.0,29.0,29.1,29.0,29.0,28.9,29.0,29.1,29.2,29.1,29.1,29.2,29.2,29.3,29.2,29.2,29.3,29.2,29.3,29.3,29.4,29.4,29.3,29.4,29.2,29.2,29.0,29.1,29.1,28.9,29.0,29.0,29.0,28.9,28.8,28.9,29.0,28.8,28.7,28.9,28.8,28.8,28.9,28.8,28.7,28.9,28.8,28.9,28.8,29.0,29.0,29.1,29.1,29.1,29.0,28.9,29.3,29.2,29.1,29.0,29.1,29.0,29.1,29.1,29.1,29.1,29.0,29.1,29.1,29.0,29.0,29.0,28.9,29.0,29.0,29.1,29.0,29.0,29.1,29.2,29.0,29.1,29.1,28.9,28.9,28.8,29.2,29.0,28.8,28.9,28.9,29.0,29.1,29.0,29.0,29.0,29.1,28.9,29.0,29.0,29.0,28.8,28.9,29.0,29.0,28.9,29.0,29.0,28.8,28.9,29.0,28.9,29.1,28.9,29.1,29.2,29.0,29.1,29.0,29.0,29.1,29.0,29.0,28.8,28.7,28.8,28.8,28.6,28.9,28.5,28.6,28.5,28.6,28.9,28.7,28.7,28.7,28.6,28.8,28.9,28.8,28.8,28.8,28.8,28.9,28.7,28.9,28.8,28.8,28.7,28.8,28.8,28.8,28.9,28.7,28.8,28.8,28.9,28.7,28.9,28.6,28.7,28.7,28.8,28.6,28.5,28.7,28.5,28.8,28.5,28.7,28.5,28.5,28.6,28.7,28.4,28.4,28.5
90,28.6,28.6,28.5,28.6,28.6,28.5,28.8,28.7,28.6,28.9,28.8,28.8,29.0,28.7,28.9,28.9,29.0,28.9,29.0,29.0,29.1,29.0,29.0,29.1,29.0,29.0,29.0,29.2,29.4,29.3,29.3,29.3,29.3,29.3,29.3,29.2,29.3,29.2,28.9,29.1,29.0,29.0,29.0,28.9,29.0,28.8,28.9,28.9,28.9,28.9,28.8,28.8,28.8,28.8,28.7,28.8,28.9,28.9,28.7,28.8,28.8,28.9,29.0,29.0,29.0,29.0,29.1,29.0,29.0,29.0,29.1,29.1,29.1,29.1,29.2,29.0,29.2,29.1,29.2,29.0,29.1,28.9,29.0,29.0,28.9,28.9,28.9,29.0,29.0,29.0,29.0,29.0,29.0,28.9,29.0,29.0,28.9,29.0,28.9,29.0,29.0,28.8,29.0,29.0,28.9,29.1,28.8,29.0,28.8,29.0,29.0,29.0,28.9,29.0,28.9,29.0,29.0,29.0,29.0,28.9,28.8,28.9,28.7,28.9,28.8,28.9,29.1,29.2,29.1,29.0,29.1,29.1,29.0,29.1,29.0,29.0,28.8,28.7,28.8,28.6,28.8,28.6,28.6,28.7,28.6,28.7,28.5,28.6,28.7,28.6,28.6,28.6,28.6,28.7,28.7,28.8,28.8,28.6,28.8,28.9,28.8,29.0,28.8,28.9,28.8,28.8,28.8,28.8,28.7,28.9,28.5,28.7,28.8,28.8,28.7,28.7,28.5,28.6,28.5,28.7,28.5,28.7,28.6,28.5,28.5,28.3,28.5,28.3,28.6,28.5,28.5,28.6
91,28.5,28.6,28.7,28.6,28.7,28.7,28.5,28.9,28.7,28.7,28.9,28.7,28.7,28.8,29.0,28.8,28.8,29.0,29.0,29.0,28.8,29.2,29.0,29.0,29.0,29.1,29.2,29.2,29.2,29.2,29.3,29.3,29.4,29.3,29.3,29.2,29.0,29.0,28.8,28.7,29.0,28.9,28.8,28.8,29.0,29.0,28.7,28.8,28.7,28.7,28.9,28.7,28.8,28.8,28.8,28.8,28.6,28.8,28.8,28.9,28.8,28.7,29.0,29.0,29.0,29.0,29.0,29.0,28.9,29.1,29.1,29.1,29.2,28.9,29.0,29.0,29.0,29.0,28.9,29.0,29.0,29.0,28.8,28.8,28.9,28.9,28.9,28.9,29.0,28.9,29.0,29.1,28.8,29.1,29.0,29.0,28.8,28.9,29.0,28.9,28.8,28.9,28.9,29.0,28.8,28.9,29.0,29.0,29.0,28.9,28.8,28.9,28.9,29.0,29.0,29.0,28.8,29.0,29.0,29.1,28.9,28.9,29.0,29.0,28.9,29.0,29.1,29.2,29.1,29.1,29.0,29.3,29.1,29.1,29.1,29.1,28.9,28.9,28.8,29.0,28.8,28.8,28.4,28.6,28.7,28.6,28.6,28.5,28.6,28.7,28.6,28.6,28.5,28.6,28.7,28.8,28.8,28.9,28.8,28.9,28.8,28.8,28.8,28.8,28.8,29.0,28.7,28.8,28.8,28.8,28.6,28.7,28.7,28.7,28.6,28.7,28.7,28.8,28.7,28.5,28.6,28.8,28.5,28.4,28.6,28.6,28.5,28.6,28.5,28.4,28.5,28.5
92,28.6,28.6,28.8,28.5,28.7,28.7,28.7,28.6,28.6,28.8,28.8,28.8,28.9,29.0,29.0,28.9,29.0,28.9,29.0,29.0,29.1,29.2,29.1,29.3,29.2,29.2,29.2,29.2,29.3,29.2,29.2,29.4,29.3,29.4,29.3,29.1,29.1,29.1,29.0,28.8,29.0,28.9,28.8,28.9,28.8,28.9,28.8,28.9,28.9,28.8,28.8,29.0,28.7,28.8,28.6,28.8,28.7,28.7,28.7,28.8,28.8,28.8,29.0,28.9,29.2,29.0,28.9,29.0,29.2,29.0,29.1,29.1,29.1,29.0,29.1,29.0,29.2,28.9,29.1,29.0,29.1,28.9,29.1,29.1,29.0,28.9,29.1,29.0,29.1,29.0,28.9,29.1,28.9,29.0,28.9,29.2,28.9,28.9,29.0,29.0,28.9,29.1,29.0,29.0,29.0,28.9,29.0,28.9,28.9,29.0,29.0,29.0,29.1,29.0,28.9,28.9,28.8,29.0,29.0,28.9,29.0,28.9,29.1,28.9,29.0,28.8,28.9,29.0,28.9,29.0,29.0,29.1,29.0,29.0,29.1,28.9,28.9,28.8,28.8,28.8,28.6,28.7,28.5,28.6,28.7,28.7,28.6,28.5,28.5,28.7,28.6,28.7,28.6,28.7,28.7,28.7,29.0,28.9,28.8,28.8,28.8,28.8,28.8,29.0,28.8,28.6,28.7,28.8,28.8,28.8,28.7,28.8,28.7,28.5,28.7,28.7,28.7,28.7,28.5,28.5,28.8,28.5,28.5,28.5,28.4,28.7,28.6,28.5,28.5,28.5,28.5,28.6
93,28.6,28.5,28.8,28.5,28.6,28.6,28.8,28.8,28.9,28.9,28.9,28.8,28.9,28.8,28.8,29.0,28.9,29.0,29.0,29.1,29.0,29.1,29.0,29.2,29.1,29.1,29.2,29.2,29.2,29.2,29.4,29.4,29.4,29.4,29.2,29.2,29.1,28.9,29.0,28.8,29.0,28.9,28.9,28.8,29.0,28.9,28.9,28.9,28.8,28.7,28.8,28.9,28.8,28.8,28.9,28.8,28.8,28.6,28.8,28.8,28.9,28.8,29.1,29.1,29.0,29.0,28.9,29.0,29.0,29.0,29.0,29.0,29.2,28.9,29.2,29.0,29.2,28.9,29.0,29.0,29.0,29.0,29.0,28.9,29.0,29.0,29.0,29.1,29.0,28.8,28.9,29.1,29.1,29.2,29.0,28.9,28.8,29.0,29.1,28.8,28.9,29.0,28.8,28.9,28.9,28.8,28.9,28.9,29.0,29.0,29.0,29.0,29.0,29.0,28.9,29.0,29.0,28.8,28.9,29.1,29.0,28.9,28.9,28.9,28.8,28.8,28.9,29.0,28.8,29.1,29.1,29.2,29.1,29.1,29.2,29.0,28.8,28.8,28.7,28.8,28.9,28.7,28.5,28.6,28.6,28.6,28.7,28.7,28.7,28.5,28.6,28.6,28.5,28.6,28.7,28.8,28.7,28.9,28.9,28.8,29.0,28.8,29.0,28.8,28.9,28.7,28.9,28.9,28.8,28.7,28.7,28.8,28.8,28.7,28.3,28.7,28.7,28.6,28.6,28.7,28.6,28.5,28.7,28.6,28.6,28.6,28.5,28.5,28.5,28.4,28.3,28.6
94,28.6,28.7,28.7,28.7,28.6,28.7,28.7,28.7,28.7,28.8,28.8,28.9,28.8,28.8,28.9,29.0,29.1,29.0,29.1,29.0,29.0,29.1,29.0,29.3,29.3,29.3,29.2,29.4,29.4,29.3,29.3,29.4,29.4,29.4,29.5,29.2,29.2,29.0,29.0,28.9,28.9,29.0,28.9,28.8,28.9,29.0,28.9,28.9,28.8,28.9,28.9,28.8,29.0,28.8,28.7,28.8,29.0,28.8,28.8,28.7,28.7,28.7,28.9,29.0,29.0,29.2,29.2,29.2,29.2,29.1,29.0,29.0,29.1,29.0,29.0,29.1,29.2,29.0,28.9,29.1,28.9,29.0,29.0,29.0,29.1,29.0,29.0,29.0,29.1,29.1,29.0,29.1,28.9,29.0,29.1,29.1,29.0,29.1,28.9,29.0,29.0,29.1,29.0,29.1,28.9,28.9,28.9,28.9,29.0,29.0,29.1,29.0,29.1,29.0,28.9,29.0,29.0,29.0,29.0,28.8,28.8,28.9,28.9,29.0,29.0,29.0,28.9,29.2,29.0,29.0,29.1,29.1,29.1,28.9,29.1,29.0,29.0,28.8,28.8,28.8,28.6,28.8,28.5,28.6,28.5,28.6,28.7,28.5,28.6,28.6,28.6,28.7,28.8,28.5,28.9,28.8,28.8,28.8,29.0,28.8,28.9,28.7,28.7,28.8,28.9,28.8,28.9,28.8,28.9,28.7,28.7,28.8,28.8,28.8,28.8,28.7,28.7,28.8,28.7,28.6,28.6,28.5,28.6,28.5,28.5,28.7,28.6,28.6,28.6,28.5,28.5,28.5
95,28.7,28.6,28.8,28.5,28.6,28.8,28.8,28.8,28.8,28.8,28.7,28.9,28.9,28.9,28.8,28.9,28.9,29.0,29.2,29.1,29.2,29.2,29.3,29.3,29.0,29.4,29.2,29.3,29.2,29.3,29.2,29.3,29.4,29.4,29.4,29.2,29.2,29.0,29.0,28.8,29.0,28.9,29.0,28.8,28.8,28.9,29.0,29.0,28.9,29.0,28.9,28.8,28.8,28.8,28.8,28.8,28.8,28.7,28.6,28.8,28.8,29.0,29.0,29.0,29.2,29.2,29.1,29.0,29.1,29.1,29.1,29.2,29.1,29.0,28.9,29.0,29.0,29.0,29.0,29.0,29.0,29.0,29.0,29.1,29.0,28.9,29.1,29.1,29.0,29.0,29.2,29.0,29.2,29.0,29.0,29.0,29.0,29.0,28.9,29.0,28.9,28.9,29.1,29.1,29.0,29.0,28.8,29.0,29.0,28.9,29.0,28.9,29.1,28.9,29.0,29.0,28.9,28.9,28.8,29.0,28.8,28.9,28.9,29.1,28.9,28.9,28.9,29.0,28.9,29.0,28.9,28.9,28.9,29.0,28.9,29.1,29.0,28.7,28.8,28.9,28.6,28.8,28.6,28.6,28.6,28.7,28.7,28.8,28.7,28.6,28.6,28.7,28.7,28.7,28.7,28.8,28.8,28.8,28.8,28.8,28.8,28.9,28.8,28.7,28.9,28.8,28.9,28.6,28.8,28.6,28.8,28.6,28.6,28.7,28.6,28.8,28.7,28.6,28.5,28.5,28.7,28.7,28.6,28.6,28.6,28.6,28.6,28.5,28.3,28.5,28.4,28.6
96,28.6,28.6,28.7,28.7,28.7,28.6,28.8,28.8,28.9,28.8,28.8,28.8,29.0,29.0,29.1,28.9,29.0,29.1,29.2,29.1,29.2,29.0,29.3,29.1,29.3,29.3,29.2,29.3,29.2,29.4,29.3,29.3,29.3,29.4,29.4,29.2,29.1,29.0,29.0,28.9,28.9,29.0,28.9,28.9,29.0,28.9,29.0,29.0,29.0,28.9,28.8,28.8,28.9,28.9,28.8,28.8,28.8,28.9,28.9,28.9,28.8,29.0,29.0,29.1,29.0,28.9,29.0,29.1,29.2,29.0,29.1,29.1,29.2,29.1,29.1,28.9,29.0,28.8,29.0,29.0,29.0,29.0,29.0,29.1,28.9,29.2,29.0,28.8,29.2,29.0,29.0,29.0,29.0,29.1,29.1,29.1,29.0,29.2,29.1,29.0,29.0,29.2,29.2,29.0,29.0,28.9,29.0,29.1,29.0,28.8,29.0,28.8,29.0,28.9,29.1,28.9,29.0,28.8,29.0,28.9,29.0,28.9,29.0,29.0,28.9,29.0,28.9,29.0,29.1,28.9,29.0,29.1,29.2,28.9,29.1,29.0,28.9,28.9,28.8,28.8,28.8,28.8,28.8,28.6,28.6,28.6,28.5,28.7,28.7,28.7,28.8,28.7,28.6,28.8,28.7,28.6,28.8,28.8,28.9,29.0,28.8,28.9,29.0,28.8,28.8,28.7,28.8,28.7,28.8,28.8,28.8,28.6,28.8,28.8,28.9,28.9,28.6,28.8,28.8,28.6,28.5,28.6,28.4,28.6,28.5,28.7,28.7,28.7,28.5,28.5,28.5,28.5
97,28.7,28.6,28.7,28.7,28.9,28.7,28.7,28.7,28.8,28.8,28.8,28.8,29.0,28.9,28.8,29.0,29.1,29.0,29.0,28.9,29.2,29.0,29.2,29.3,29.2,29.3,29.2,29.3,29.3,29.2,29.4,29.2,29.3,29.4,29.4,29.3,29.2,29.0,29.0,29.0,28.9,28.9,28.9,29.0,28.9,29.0,28.9,29.0,28.9,29.0,28.9,29.0,28.9,28.9,28.9,28.8,28.9,28.8,28.8,28.9,28.8,28.9,29.1,28.9,29.1,29.1,29.1,29.2,29.0,29.1,29.2,29.0,29.0,29.1,28.9,29.0,29.0,28.9,29.1,28.9,29.1,28.8,29.0,29.0,28.9,29.2,29.1,29.1,29.0,28.9,28.8,29.2,29.0,29.0,29.1,29.0,28.9,29.0,29.0,28.9,28.8,29.1,29.0,29.0,28.9,28.9,28.9,28.9,28.9,29.0,28.9,29.0,28.9,28.8,28.9,28.9,28.9,29.0,29.0,28.8,29.0,29.0,28.9,28.9,29.0,29.0,28.9,29.0,29.0,28.8,29.0,29.0,29.1,29.1,29.1,28.9,29.0,29.0,28.7,28.7,28.8,28.7,28.5,28.6,28.5,28.8,28.5,28.8,28.5,28.6,28.7,28.7,28.8,28.7,28.8,28.6,28.8,28.9,28.9,28.8,28.9,28.8,28.9,28.8,28.8,28.9,29.0,28.7,28.8,28.6,28.7,28.7,28.7,28.7,28.6,28.6,28.6,28.8,28.6,28.7,28.7,28.5,28.7,28.5,28.6,28.6,28.5,28.5,28.5,28.6,28.5,28.5
98,28.8,28.6,28.7,28.5,28.8,28.9,28.9,28.7,28.7,28.7,28.9,28.8,29.0,28.9,29.0,29.0,28.9,29.1,29.0,29.1,29.1,29.2,29.2,29.2,29.2,29.2,29.2,29.2,29.3,29.5,29.4,29.5,29.4,29.4,29.3,29.4,29.5,29.3,29.2,29.1,29.2,29.1,29.0,29.0,29.1,29.0,29.0,29.0,28.9,28.8,29.0,28.9,28.8,29.0,28.8,28.9,29.0,28.7,28.8,29.0,28.9,28.7,28.9,28.9,29.0,29.0,29.0,29.2,29.1,29.1,29.2,29.2,29.2,29.0,29.1,28.9,28.9,29.0,28.8,28.9,29.0,28.9,28.9,28.9,29.0,29.0,29.0,29.0,29.1,28.9,29.1,29.0,28.9,29.0,29.1,29.0,28.9,29.2,29.1,28.9,29.0,29.1,29.1,29.0,29.0,29.1,28.8,28.9,29.1,28.8,29.0,29.0,29.1,29.0,28.9,28.9,29.0,28.9,28.9,29.0,28.8,28.8,29.0,29.0,29.0,29.0,29.0,29.0,29.0,28.9,29.0,28.9,28.9,29.1,28.9,29.0,28.9,28.9,28.8,28.7,28.8,28.8,28.6,28.6,28.7,28.6,28.7,28.6,28.6,28.7,28.7,28.7,28.8,28.7,28.7,28.8,28.7,28.8,28.7,28.8,28.9,28.8,28.8,28.9,28.7,28.8,28.9,28.8,28.7,28.9,28.7,28.7,28.7,28.8,28.7,28.6,28.5,28.6,28.5,28.6,28.5,28.7,28.5,28.8,28.6,28.6,28.5,28.6,28.5,28.4,28.3,28.6
99,28.9,28.7,28.6,28.6,28.8,28.7,28.8,28.8,29.0,28.8,28.9,28.9,28.9,28.8,28.9,29.0,29.0,29.0,29.1,29.2,29.0,29.2,29.1,29.2,29.1,29.4,29.2,29.2,29.3,29.3,29.3,29.3,29.4,29.4,29.4,29.3,29.4,29.4,29.2,29.3,29.3,29.2,29.0,29.0,29.1,29.0,29.0,29.0,28.9,28.8,29.0,28.9,28.9,28.8,28.9,28.8,29.0,28.8,28.8,28.9,29.0,28.9,28.9,29.1,29.0,29.2,29.0,29.1,29.1,29.1,29.1,29.0,29.2,29.1,29.0,29.0,28.9,29.0,28.9,29.0,29.1,28.9,29.1,29.0,29.0,28.9,29.0,29.0,29.0,29.0,29.0,29.1,29.0,29.0,28.9,29.0,28.9,28.9,29.0,28.9,29.1,29.0,29.1,29.0,28.9,28.9,29.0,28.9,29.0,29.1,29.0,28.9,28.9,28.9,28.9,28.8,28.8,28.9,28.8,28.9,28.8,29.1,28.9,28.9,29.1,28.9,29.0,28.9,28.9,28.9,29.0,28.7,29.0,29.0,28.9,28.9,29.0,28.8,28.9,28.8,28.8,28.8,28.6,28.6,28.8,28.5,28.6,28.8,28.6,28.7,28.8,28.9,28.6,28.7,28.8,28.7,28.8,28.9,28.8,28.9,28.9,28.8,28.9,28.8,28.7,28.9,28.9,28.8,28.7,28.8,28.6,28.7,28.6,28.7,28.8,28.8,28.6,28.6,28.6,28.5,28.8,28.7,28.7,28.7,28.5,28.7,28.6,28.6,28.5,28.5,28.3,28.5
100,28.5,28.7,28.7,28.6,28.6,28.6,28.8,28.8,28.8,28.8,29.0,28.6,28.8,28.8,29.0,28.8,28.8,29.0,29.1,29.0,29.0,29.0,29.1,29.0,29.2,29.1,29.2,29.1,29.2,29.0,29.5,29.4,29.4,29.6,29.5,29.4,29.5,29.5,29.5,29.3,29.4,29.4,29.2,29.0,29.2,29.2,29.2,29.2,29.0,28.8,28.9,28.9,29.1,29.0,29.2,29.1,29.0,29.0,29.0,29.0,29.0,28.9,29.1,28.9,29.1,28.9,29.0,29.0,29.0,29.1,29.1,29.0,29.0,29.1,29.0,29.1,29.0,29.0,29.0,29.1,28.9,29.0,29.0,29.0,28.8,28.9,29.0,28.9,28.8,29.1,28.9,28.9,28.9,29.0,28.9,29.0,28.9,28.9,28.9,28.9,28.9,29.0,29.0,29.0,29.0,29.0,28.9,29.0,28.9,29.0,29.0,28.9,29.0,29.0,29.0,29.0,29.0,29.0,29.0,29.0,29.0,29.0,28.9,29.0,29.0,28.9,28.8,29.0,29.0,28.9,28.9,29.0,28.8,28.9,28.9,28.9,28.9,28.7,28.8,28.8,28.8,28.7,28.7,28.7,28.7,28.7,28.6,28.7,28.8,28.5,28.9,28.7,28.8,28.7,28.9,28.8,28.8,28.8,28.9,28.9,28.9,28.8,28.8,28.7,28.8,28.8,28.9,28.8,28.7,28.8,28.7,28.6,28.6,28.7,28.6,28.8,28.7,28.6,28.6,28.8,28.6,28.5,28.5,28.5,28.7,28.5,28.6,28.5,28.7,28.5,28.4,28.5
101,28.7,28.5,28.6,28.8,28.6,28.7,28.6,28.8,28.7,28.8,28.5,28.7,28.7,28.8,28.6,28.6,28.9,28.8,28.8,29.0,29.0,29.0,28.8,28.8,28.8,28.9,28.8,28.9,28.9,29.0,29.2,29.4,29.3,29.3,29.4,29.5,29.4,29.4,29.4,29.3,29.4,29.4,29.1,29.2,29.3,29.1,29.3,29.0,29.2,29.1,29.0,29.1,28.9,29.0,29.0,29.1,29.1,29.2,29.2,29.2,29.2,29.0,29.1,29.0,29.1,28.9,29.1,28.9,29.1,29.0,29.0,29.0,29.0,29.2,28.9,29.0,28.9,29.0,28.8,28.8,28.8,28.9,29.0,28.9,29.0,29.0,28.9,29.0,28.8,28.9,28.8,29.0,28.9,29.0,28.9,28.9,29.0,28.9,28.7,28.9,29.0,29.0,29.0,28.9,28.9,29.0,29.0,29.1,28.8,28.8,29.0,29.0,29.0,28.9,28.9,28.9,28.8,28.8,28.8,28.9,28.9,28.8,28.7,28.9,28.9,28.8,28.9,28.9,28.8,28.9,28.8,28.9,28.8,28.8,28.7,28.8,28.8,28.7,28.8,28.8,28.6,28.5,28.7,28.6,28.6,28.5,28.5,28.7,28.6,28.8,28.9,28.5,28.6,28.8,28.8,28.7,28.7,28.8,28.8,28.7,28.8,28.8,29.0,28.8,28.7,28.8,28.8,28.7,28.9,28.7,28.6,28.6,28.7,28.8,28.7,28.7,28.7,28.5,28.6,28.7,28.5,28.7,28.5,28.5,28.6,28.7,28.6,28.7,28.6,28.5,28.5,28.5
102,28.8,28.7,28.6,28.6,28.6,28.8,28.8,28.7,28.7,28.7,28.6,28.6,28.9,28.8,28.7,28.9,28.8,28.8,28.8,28.8,28.8,28.8,28.8,28.8,28.9,28.9,28.8,28.8,28.9,29.0,29.1,29.2,29.4,29.5,29.4,29.5,29.6,29.6,29.5,29.5,29.4,29.4,29.2,29.2,29.3,29.4,29.2,29.1,29.0,29.0,29.1,29.2,29.0,29.2,29.2,29.1,29.3,29.3,29.3,29.5,29.2,29.1,29.1,29.0,29.0,29.0,29.1,29.0,29.2,29.2,29.0,29.2,29.1,29.2,29.1,29.1,29.0,29.0,29.0,29.0,29.0,28.8,29.2,29.0,28.9,28.9,29.0,29.0,28.9,28.9,28.9,28.9,28.8,29.0,28.9,29.1,28.8,28.9,28.9,28.8,29.1,28.9,28.8,28.8,29.0,29.0,28.8,29.0,29.1,29.0,28.9,28.9,29.0,29.0,29.0,28.9,28.9,29.0,28.9,29.1,29.0,29.0,28.9,29.0,28.8,29.0,29.0,29.0,28.9,28.9,28.9,29.0,28.9,28.9,28.8,28.7,28.9,28.9,28.8,28.7,28.7,28.7,28.6,28.5,28.5,28.6,28.7,28.9,28.7,28.7,28.6,28.7,28.7,28.8,28.6,28.7,28.5,28.9,28.9,28.8,28.7,28.9,28.7,28.8,28.6,28.8,28.7,28.9,28.8,28.8,28.8,28.7,28.8,28.7,28.7,28.8,28.6,28.7,28.7,28.6,28.6,28.8,28.7,28.5,28.5,28.6,28.7,28.6,28.5,28.5,28.5,28.5
103,28.6,28.5,28.6,28.6,28.6,28.7,28.6,28.6,28.8,28.7,28.7,28.7,28.6,28.7,28.7,28.6,28.8,28.8,28.7,28.7,28.8,28.9,28.7,28.6,28.8,28.5,28.6,28.8,28.7,28.9,28.8,29.1,29.3,29.6,29.7,29.5,29.6,29.5,29.5,29.4,29.4,29.5,29.4,29.3,29.4,29.3,29.3,29.3,29.1,29.1,29.2,29.2,29.1,29.1,29.1,29.2,29.1,29.2,29.4,29.5,29.3,29.2,29.3,29.1,29.2,29.1,29.0,29.2,29.2,29.1,29.2,29.2,29.1,29.0,29.0,29.2,29.0,29.1,29.0,29.0,29.0,29.1,29.0,28.8,29.0,28.9,29.0,29.0,29.0,29.0,28.9,29.0,28.9,29.0,29.0,28.9,28.8,28.8,29.1,29.1,29.1,29.0,29.0,29.1,28.9,29.0,28.9,29.0,29.2,29.0,29.0,28.9,29.0,28.8,28.9,29.0,29.0,28.8,29.0,28.9,29.1,29.0,29.0,29.0,29.0,29.0,29.0,28.9,29.0,29.1,29.0,28.9,28.8,28.9,29.0,28.8,28.9,28.6,28.8,28.7,28.8,28.7,28.6,28.5,28.5,28.7,28.6,28.7,28.6,28.6,28.7,28.8,28.8,28.8,28.8,28.8,28.8,28.9,28.8,28.8,29.0,28.8,28.8,28.8,28.7,28.8,28.7,28.8,28.8,28.7,28.6,28.8,28.8,28.7,28.8,28.8,28.7,28.8,28.6,28.5,28.7,28.6,28.7,28.7,28.6,28.3,28.5,28.5,28.5,28.3,28.4,28.3
104,28.7,28.6,28.7,28.7,28.8,28.7,28.8,28.7,28.7,28.8,28.6,28.9,28.8,28.5,28.7,28.6,28.9,28.8,28.9,28.7,28.8,28.8,28.7,28.7,28.6,28.6,28.7,28.7,28.7,28.7,28.9,29.1,29.4,29.4,29.5,29.4,29.4,29.6,29.5,29.5,29.4,29.4,29.3,29.2,29.2,29.2,29.1,29.1,29.1,29.2,29.2,29.1,29.2,29.1,29.2,29.0,29.2,29.2,29.2,29.3,29.3,29.0,29.2,29.1,29.3,29.1,29.2,29.1,29.2,28.9,29.2,29.2,29.1,29.2,29.1,29.0,29.0,29.0,29.1,29.0,29.2,29.1,28.9,29.0,29.1,29.2,28.9,29.0,29.2,29.0,29.1,28.9,29.0,28.9,29.0,29.0,28.9,29.0,29.0,29.0,29.1,29.0,29.0,29.0,29.1,29.1,29.0,29.1,28.8,29.0,29.0,28.9,29.0,28.8,28.9,28.8,28.9,28.9,29.0,29.0,28.9,29.0,29.0,29.1,29.0,28.9,29.1,29.0,29.0,29.1,29.1,29.0,28.9,28.9,29.0,28.9,28.9,28.9,28.7,28.8,28.8,28.7,28.8,28.7,28.8,28.6,28.7,28.7,28.7,28.8,28.9,28.8,28.8,28.8,28.8,28.8,28.8,28.8,28.9,28.8,28.9,28.9,29.0,28.9,28.8,28.9,28.8,28.9,28.7,28.8,28.9,28.7,28.5,28.8,28.8,28.7,28.7,28.7,28.7,28.6,28.8,28.6,28.7,28.5,28.6,28.7,28.6,28.5,28.6,28.7,28.6,28.5
105,28.8,28.8,28.8,28.8,28.7,28.9,28.8,28.8,28.8,29.0,28.9,28.8,28.9,28.9,28.8,28.8,28.8,28.8,28.8,28.9,28.7,28.8,28.8,28.7,28.7,28.6,28.6,28.6,28.8,28.8,29.0,29.1,29.4,29.2,29.4,29.3,29.5,29.2,29.3,29.4,29.3,29.2,29.2,29.2,29.3,29.2,29.1,29.3,29.0,29.1,29.2,29.1,29.1,29.2,29.1,29.2,29.3,29.0,29.2,29.2,29.3,29.2,29.1,29.2,29.2,29.1,29.2,29.2,29.0,29.0,28.9,29.3,29.0,29.0,29.2,29.0,29.0,29.0,29.0,29.2,29.2,29.0,29.1,29.1,29.0,29.0,28.9,28.8,29.0,29.1,29.1,29.0,29.0,29.0,29.0,28.8,28.9,29.1,28.9,29.0,29.0,29.1,29.1,28.9,28.9,28.9,29.0,28.9,29.0,29.1,29.0,28.9,29.0,28.9,28.9,28.9,29.0,29.0,29.0,29.0,29.0,28.9,29.0,29.0,29.0,29.1,29.0,29.0,28.9,29.0,28.8,29.0,28.9,28.9,28.8,28.8,28.7,28.9,28.7,28.9,28.7,28.7,28.5,28.5,28.5,28.7,28.7,28.6,28.6,28.6,28.6,28.6,28.8,28.8,28.8,28.8,28.9,28.9,29.0,29.0,28.8,28.8,29.0,28.8,28.8,28.9,28.9,28.9,28.8,28.7,28.7,28.7,28.6,28.6,28.7,28.7,28.7,28.6,28.8,28.7,28.7,28.5,28.8,28.6,28.7,28.6,28.6,28.5,28.6,28.5,28.5,28.5
106,28.9,28.9,28.9,28.8,28.8,29.0,28.8,28.8,28.9,28.9,28.9,28.8,28.8,28.8,28.8,29.0,28.8,28.8,28.8,29.0,28.7,28.8,28.8,28.9,28.7,28.8,28.8,28.6,28.8,28.8,29.0,29.3,29.2,29.4,29.4,29.2,29.4,29.2,29.1,29.3,29.4,29.2,29.1,29.2,29.2,29.2,29.0,29.1,29.1,29.2,29.1,29.1,29.0,29.0,29.1,29.1,29.3,29.0,29.2,29.1,29.1,29.2,29.2,29.1,29.1,29.2,29.1,29.2,29.1,29.1,29.1,29.1,29.2,29.2,29.2,29.1,29.1,28.9,29.0,28.9,29.1,29.0,29.0,29.0,28.9,28.9,28.8,29.1,28.9,29.0,29.0,29.1,28.8,28.9,28.9,28.8,29.0,29.0,29.0,28.9,29.0,29.0,29.1,29.0,29.0,29.0,29.0,29.0,29.0,29.1,28.8,29.0,29.0,29.0,29.0,28.8,28.9,28.9,29.0,28.9,29.0,28.9,29.1,29.1,28.9,29.0,29.2,29.0,29.0,28.9,28.9,28.9,28.7,28.9,28.9,28.9,28.7,28.9,28.8,28.8,28.7,28.8,28.5,28.6,28.7,28.7,28.6,28.8,28.6,28.8,28.8,28.7,28.8,28.8,28.8,28.9,28.8,28.8,28.9,29.0,28.9,29.0,28.8,28.8,28.8,28.8,28.9,28.9,28.6,29.0,28.8,28.8,28.8,28.7,28.8,28.6,28.6,28.6,28.8,28.7,28.6,28.5,28.6,28.7,28.5,28.5,28.6,28.6,28.3,28.5,28.4,28.3
107,29.1,28.9,28.9,28.8,28.9,29.0,28.9,29.0,29.1,28.9,29.0,29.0,28.9,29.0,29.0,29.0,29.0,29.0,28.9,29.0,28.9,28.9,28.7,29.0,28.7,28.7,28.7,28.9,28.8,28.8,29.0,29.2,29.4,29.2,29.3,29.3,29.2,29.3,29.2,29.2,29.3,29.2,29.2,29.2,29.1,29.2,29.3,29.2,29.1,29.2,29.2,29.0,29.0,29.0,29.1,29.0,29.0,29.2,29.1,29.2,29.1,29.2,29.2,29.2,29.2,29.1,29.0,29.1,29.2,29.1,29.1,29.2,29.1,29.1,29.0,28.9,29.0,28.9,29.2,29.1,29.0,28.9,29.1,29.1,29.0,29.1,29.0,29.0,28.9,28.8,28.9,28.9,28.9,28.8,28.9,28.9,29.0,28.9,29.0,28.9,28.9,28.9,29.1,29.0,29.0,29.0,28.9,28.8,28.9,29.0,28.9,28.9,28.9,28.9,29.0,29.0,28.9,29.1,29.0,28.9,28.9,29.1,29.0,29.0,29.2,29.1,29.0,29.0,28.8,28.9,28.8,28.8,29.0,29.0,29.1,28.9,28.8,28.8,28.7,28.8,28.7,28.7,28.7,28.6,28.6,28.6,28.5,28.7,28.7,28.8,28.7,28.8,28.9,28.8,28.9,28.8,28.8,28.8,28.8,28.7,28.9,28.9,28.8,28.9,28.9,28.8,28.8,28.8,28.8,28.8,28.8,28.8,28.6,28.5,28.7,28.8,28.7,28.8,28.5,28.5,28.9,28.6,28.6,28.7,28.6,28.7,28.8,28.4,28.5,28.5,28.6,28.7
108,28.8,28.9,29.0,28.9,29.1,29.0,29.0,29.1,29.0,29.0,29.1,28.9,29.0,29.0,28.9,29.0,29.0,29.0,29.2,28.9,29.0,28.8,29.0,29.0,28.9,28.8,28.8,28.7,28.8,29.0,29.2,29.4,29.4,29.4,29.4,29.1,29.3,29.3,29.2,29.2,29.2,29.3,29.3,29.1,29.2,29.2,29.2,29.2,29.2,29.2,29.2,29.0,29.1,29.0,29.2,29.0,29.2,29.3,29.2,29.3,29.1,29.2,29.1,29.2,29.1,29.2,29.1,29.3,29.1,29.2,29.0,29.2,29.2,29.2,29.0,29.1,29.3,29.0,29.0,29.0,29.2,29.0,29.1,29.2,29.0,28.8,29.0,29.0,29.0,29.0,29.0,29.2,29.1,29.0,29.0,29.0,28.9,29.0,29.0,29.0,29.0,29.1,29.2,29.1,29.0,29.2,28.8,29.0,29.0,29.0,29.0,29.0,29.0,29.0,28.9,28.9,29.0,29.0,29.0,29.1,28.9,29.0,29.1,29.0,29.2,29.2,29.0,29.1,29.0,29.0,28.9,28.8,29.0,29.0,28.9,29.0,28.7,28.8,28.8,28.8,28.8,29.0,28.6,28.5,28.6,28.7,28.6,28.7,28.7,28.7,28.6,28.8,28.8,28.8,28.8,28.8,29.0,28.9,28.9,28.7,29.0,29.0,28.9,28.9,28.8,28.9,28.8,28.8,29.0,28.8,28.7,28.7,28.6,28.8,29.0,28.5,28.7,28.9,28.6,28.6,28.8,28.8,28.6,28.5,28.7,28.5,28.6,28.6,28.5,28.7,28.6,28.7
109,28.9,29.0,28.8,28.9,29.1,28.9,29.2,29.0,29.2,29.0,29.0,28.9,29.1,29.1,29.2,29.1,29.1,28.9,29.1,29.0,29.1,29.1,29.0,28.9,28.7,28.8,29.0,29.1,29.0,29.0,29.2,29.4,29.6,29.5,29.5,29.5,29.3,29.2,29.3,29.3,29.2,29.2,29.2,29.1,29.3,29.2,29.2,29.2,29.2,29.2,29.2,29.2,29.1,29.1,29.1,29.2,29.2,29.1,29.1,29.2,29.1,29.1,29.2,29.1,29.2,29.2,29.2,29.1,29.1,29.1,29.2,29.2,29.3,29.1,29.1,29.0,29.0,29.0,28.9,29.0,29.1,29.1,29.2,29.0,29.0,29.0,29.1,29.1,29.2,28.9,28.8,29.1,29.0,29.1,28.9,29.0,28.8,29.0,28.9,29.0,29.0,28.9,29.1,28.9,29.0,29.2,29.0,28.9,29.0,29.0,28.8,28.9,29.2,29.0,29.2,28.8,29.0,29.1,28.8,28.9,29.0,29.0,28.8,29.0,29.1,29.0,29.2,29.1,28.9,29.0,29.1,29.2,29.1,28.9,29.1,28.9,29.0,28.8,28.7,28.8,28.8,28.7,28.4,28.7,28.6,28.6,28.6,28.7,28.8,28.8,28.8,28.6,28.8,28.7,28.7,28.8,28.9,29.0,28.9,28.9,28.8,29.0,28.7,28.9,28.8,28.9,29.0,28.8,28.8,28.8,28.9,28.7,28.7,28.6,28.7,28.8,28.8,28.7,28.6,28.7,28.6,28.9,28.5,28.6,28.5,28.7,28.6,28.5,28.6,28.4,28.5,28.5
110,29.0,29.0,29.1,29.0,28.8,29.1,29.1,29.2,29.1,29.0,29.0,29.0,29.0,28.9,29.0,29.1,29.0,28.9,29.1,29.1,28.9,29.0,28.9,28.9,28.8,28.9,28.8,28.9,28.9,29.1,29.4,29.4,29.6,29.6,29.6,29.4,29.2,29.4,29.2,29.2,29.3,29.2,29.1,29.1,29.2,29.3,29.2,29.3,29.1,29.0,29.1,29.1,29.1,28.9,29.1,29.0,29.0,29.1,29.2,29.2,29.1,29.1,29.2,29.2,29.2,29.2,29.0,29.0,29.2,29.1,29.2,29.2,29.1,29.0,29.2,29.0,29.1,29.2,29.0,29.0,28.9,29.0,28.9,29.0,28.8,28.9,29.0,29.0,29.0,29.0,29.0,29.0,29.0,29.0,29.0,29.0,28.8,29.0,28.8,28.9,29.0,29.0,29.0,29.0,29.0,29.1,28.9,29.0,29.2,29.0,29.0,29.0,29.0,29.0,28.9,29.0,28.9,29.0,29.0,28.9,28.9,29.0,29.0,29.0,28.9,29.0,28.9,29.0,29.0,29.1,28.9,29.3,29.0,29.0,29.0,29.0,28.9,28.8,28.7,28.8,28.6,28.8,28.5,28.5,28.5,28.6,28.5,28.8,28.6,28.5,28.7,28.7,28.8,28.7,28.9,28.6,28.8,28.9,28.8,28.8,28.9,28.9,28.9,28.7,29.0,28.8,28.9,28.8,28.7,28.7,28.8,28.8,28.8,28.6,28.8,28.7,28.6,28.8,28.7,28.7,28.7,28.6,28.5,28.6,28.6,28.7,28.6,28.5,28.5,28.5,28.5,28.5
111,29.1,29.0,29.2,29.0,29.0,29.1,29.0,29.2,29.2,29.1,29.0,29.0,29.1,29.0,29.1,29.1,29.2,29.0,29.2,29.1,28.9,29.0,29.1,29.0,29.0,29.0,28.8,29.1,29.1,29.0,29.4,29.8,29.6,29.5,29.4,29.4,29.2,29.3,29.4,29.2,29.4,29.1,29.1,29.3,29.2,29.2,29.1,29.2,29.2,29.2,29.3,29.1,29.1,29.1,29.2,29.1,29.2,29.0,29.1,29.3,29.2,29.2,29.1,29.2,29.3,29.1,29.1,29.2,29.2,29.1,29.1,29.2,29.0,29.2,29.1,28.9,29.1,29.1,29.1,29.0,29.0,29.0,29.1,29.0,29.0,29.0,29.0,29.0,29.1,29.0,28.9,29.0,29.2,29.1,29.0,28.9,28.9,29.0,28.9,29.0,29.0,29.0,29.0,28.9,29.0,29.0,29.0,28.9,29.1,29.0,29.0,28.9,28.9,28.9,29.1,29.1,29.0,28.8,29.0,29.0,29.0,29.0,28.9,29.1,28.9,29.0,29.2,29.2,29.0,29.1,29.0,29.3,29.0,29.1,29.0,29.1,29.0,28.8,28.6,28.7,28.6,28.7,28.7,28.6,28.6,28.7,28.6,28.8,28.6,28.7,28.7,28.7,28.7,28.8,28.7,28.8,28.8,28.8,28.8,28.9,28.7,28.8,28.9,28.9,28.8,28.8,28.9,28.8,28.8,28.7,28.7,28.8,28.7,28.7,28.8,28.8,28.6,28.7,28.7,28.6,28.5,28.7,28.8,28.6,28.4,28.6,28.8,28.5,28.4,28.5,28.6,28.6
112,29.0,29.1,29.1,29.1,29.1,29.1,29.1,29.1,29.3,29.1,29.0,29.2,29.2,29.3,29.2,29.2,29.3,29.1,29.1,29.2,29.1,29.1,29.1,28.9,28.9,29.0,28.9,29.1,29.0,29.2,29.6,29.6,29.7,29.5,29.5,29.5,29.3,29.2,29.2,29.2,29.2,29.2,29.2,29.2,29.3,29.1,29.2,29.2,29.1,29.1,29.2,29.3,29.1,29.2,29.2,29.2,29.2,29.1,29.2,29.3,29.1,29.3,29.2,29.2,29.3,29.1,29.0,29.2,29.0,29.0,29.1,29.1,29.0,29.2,28.9,29.1,29.0,29.1,28.9,29.0,29.1,28.9,29.1,29.1,29.1,28.9,29.0,29.0,29.0,29.0,29.0,29.1,28.9,29.1,29.0,29.0,28.9,28.9,29.0,28.9,29.0,29.1,29.0,29.0,29.0,29.0,28.9,29.1,29.0,29.0,29.1,29.0,29.0,29.0,29.0,29.1,29.0,28.8,28.9,28.9,29.1,29.0,28.9,29.0,29.1,29.1,29.0,29.1,28.9,29.1,29.0,29.2,28.9,29.0,29.0,29.1,28.8,28.9,28.7,28.8,28.9,28.7,28.7,28.5,28.6,28.6,28.7,28.6,28.6,28.6,28.7,28.5,28.7,28.7,28.8,28.7,28.8,28.8,28.8,28.9,29.0,28.9,28.9,28.9,28.9,29.0,29.0,28.9,28.9,28.8,28.8,28.8,28.9,28.9,28.8,28.7,28.7,28.6,28.5,28.5,28.7,28.8,28.6,28.6,28.6,28.8,28.6,28.5,28.5,28.6,28.6,28.6
113,29.1,29.2,29.2,29.0,29.1,29.2,29.1,29.2,29.0,29.1,29.2,29.2,29.2,29.2,29.3,29.2,29.0,29.1,29.1,29.0,29.0,29.1,29.0,29.1,29.0,29.0,28.9,29.0,29.0,29.2,29.5,29.6,29.7,29.6,29.4,29.5,29.3,29.2,29.1,29.0,29.2,29.4,29.1,29.1,29.2,29.2,29.2,29.2,29.1,29.2,29.1,29.1,29.2,29.2,29.1,29.2,29.1,29.2,29.1,29.1,29.2,29.1,29.2,29.2,29.0,29.1,29.1,29.1,29.1,29.0,29.1,29.2,29.2,29.0,29.3,29.1,29.0,29.0,29.2,29.0,29.0,29.0,29.0,29.0,29.0,28.9,28.9,29.0,29.1,29.0,29.1,29.0,29.0,29.1,28.9,29.0,28.9,29.0,29.0,29.2,29.0,29.2,29.1,28.9,29.0,28.9,28.9,29.1,28.9,29.1,29.1,28.9,29.0,28.8,29.1,28.9,28.8,29.0,29.0,29.0,28.9,29.0,29.1,29.1,29.0,29.0,29.1,29.0,29.1,29.2,29.2,29.0,28.9,28.9,28.8,29.0,28.8,28.8,28.8,28.8,28.7,28.6,28.7,28.6,28.6,28.6,28.7,28.7,28.6,28.7,28.8,28.7,28.7,28.7,28.8,28.9,28.9,28.8,28.9,28.8,29.0,28.9,28.9,28.7,29.0,28.8,28.8,28.9,29.0,28.8,28.9,28.7,28.8,28.8,28.8,28.6,28.8,28.6,28.7,28.8,28.7,28.7,28.8,28.7,28.6,28.7,28.6,28.5,28.5,28.5,28.3,28.6
114,29.2,29.0,29.4,29.1,29.2,29.2,29.2,29.2,29.2,29.1,29.1,29.1,29.2,29.1,29.3,29.1,29.2,29.1,29.1,29.1,29.1,29.1,29.0,29.0,29.0,29.1,28.9,29.2,29.2,29.2,29.5,29.6,29.7,29.7,29.4,29.4,29.3,29.2,29.2,29.2,29.3,29.3,29.0,29.3,29.3,29.1,29.2,29.3,29.2,29.2,29.0,29.1,29.1,29.0,29.3,29.0,29.0,29.1,29.0,29.2,29.2,29.3,29.2,29.1,29.2,29.0,29.2,29.1,29.2,29.1,29.2,29.1,29.0,29.0,29.1,29.0,29.1,29.1,29.0,29.1,29.0,29.0,29.1,29.1,28.9,29.1,29.1,29.0,29.0,29.1,28.9,29.0,29.0,29.0,29.0,28.9,28.9,29.0,29.0,29.0,29.1,29.0,29.0,29.0,29.0,29.0,29.0,29.0,29.1,28.9,28.9,29.0,28.9,29.1,28.8,28.9,29.0,29.1,29.1,29.0,29.0,28.8,28.8,29.1,29.0,29.0,29.1,28.9,29.1,29.1,29.1,29.1,29.0,29.0,29.0,28.9,29.0,28.7,28.8,28.8,28.7,28.6,28.6,28.7,28.6,28.6,28.6,28.7,28.7,28.8,28.7,28.6,28.8,28.8,28.7,28.9,28.8,28.8,29.0,28.9,29.0,28.8,28.8,28.9,28.7,28.8,28.9,28.8,28.8,28.7,28.8,28.6,28.8,28.6,28.8,28.7,28.8,28.9,28.5,28.5,28.6,28.6,28.7,28.7,28.7,28.6,28.5,28.6,28.6,28.3,28.3,28.6
115,29.2,29.4,29.2,29.2,29.2,29.2,29.0,29.1,29.4,29.2,29.3,29.3,29.3,29.3,29.4,29.2,29.4,29.2,29.2,29.0,29.2,29.2,29.1,29.2,29.0,29.1,28.9,29.0,29.2,29.2,29.4,29.5,29.9,29.6,29.4,29.4,29.4,29.2,29.3,29.2,29.1,29.3,29.1,29.2,29.2,29.1,29.1,29.3,29.1,29.4,29.2,29.2,29.2,29.2,29.0,29.1,29.0,29.1,29.2,29.1,29.3,29.4,29.1,29.1,29.3,29.1,29.0,29.2,29.2,29.2,29.2,29.1,29.3,29.0,29.0,29.0,29.2,29.1,29.0,28.8,29.0,29.0,29.2,29.2,29.1,29.2,29.1,28.9,28.9,29.0,28.8,29.0,29.1,29.0,28.9,29.1,29.1,28.9,29.2,29.1,29.1,29.1,28.9,29.0,29.0,29.0,29.1,29.0,29.0,29.0,29.0,29.0,29.1,28.8,29.0,29.0,28.9,29.0,29.0,29.1,28.9,29.0,28.9,28.8,29.0,29.1,29.0,29.1,29.1,29.2,29.2,28.8,29.0,28.9,29.0,29.0,28.8,28.6,28.8,29.0,28.7,28.7,28.6,28.6,28.6,28.6,28.6,28.7,28.6,28.9,28.7,28.6,28.8,28.7,28.7,28.9,28.9,29.0,28.8,29.0,29.0,28.8,28.8,28.7,28.9,28.9,29.0,28.8,29.0,28.7,28.7,28.6,28.9,28.8,28.7,28.8,28.7,28.7,28.7,28.8,28.8,28.6,28.7,28.6,28.8,28.7,28.4,28.5,28.6,28.7,28.5,28.6
116,29.2,29.2,29.2,29.2,29.2,29.1,29.2,29.3,29.2,29.3,29.3,29.3,29.2,29.4,29.2,29.2,29.4,29.2,29.1,29.2,29.1,29.1,29.2,29.1,29.2,29.0,28.9,29.0,29.1,29.2,29.4,29.6,29.6,29.6,29.6,29.4,29.2,29.2,29.3,29.1,29.2,29.3,29.2,29.3,29.2,29.2,29.3,29.3,29.3,29.3,29.3,29.2,29.1,29.2,29.3,29.1,29.2,29.2,29.1,29.2,29.2,29.3,29.3,29.0,29.4,29.2,29.1,29.2,29.2,29.2,29.0,29.1,29.2,29.1,29.2,29.2,29.1,29.0,29.0,29.0,29.0,29.1,29.2,29.0,29.0,29.1,29.0,29.1,29.1,29.0,29.0,29.1,29.0,29.0,29.1,29.1,29.0,28.9,29.1,29.1,29.0,29.1,29.0,28.8,29.0,29.0,29.0,29.0,29.0,29.0,29.0,28.9,29.0,29.0,28.8,28.9,29.1,29.1,28.9,29.0,28.9,29.1,29.0,28.9,29.0,28.9,29.0,29.0,28.9,29.1,29.0,29.1,28.9,29.0,29.0,29.0,28.8,28.6,28.8,29.0,28.8,28.9,28.6,28.5,28.6,28.7,28.7,28.6,28.7,28.8,28.8,28.9,28.8,28.8,28.9,28.8,28.8,28.9,28.9,28.8,28.9,28.9,28.8,28.8,28.7,28.9,28.8,28.9,28.8,28.8,28.9,28.8,28.8,28.8,28.7,28.7,28.6,28.8,28.6,28.6,28.8,28.5,28.5,28.6,28.6,28.7,28.7,28.6,28.6,28.5,28.5,28.6
117,29.2,29.1,29.3,29.2,29.2,29.2,29.1,29.2,29.2,29.2,29.0,29.3,29.3,29.1,29.2,29.2,29.3,29.2,29.3,29.1,29.2,29.1,29.1,29.1,29.0,29.1,29.0,28.9,29.0,29.3,29.4,29.6,29.6,29.6,29.5,29.5,29.2,29.2,29.2,29.2,29.2,29.2,29.1,29.0,29.3,29.3,29.1,29.2,29.1,29.2,29.0,29.1,29.0,29.2,29.0,28.9,29.1,29.2,29.1,29.2,29.2,29.2,29.2,29.2,29.3,29.2,29.3,29.2,29.0,29.2,29.1,29.1,29.1,29.1,29.2,29.2,28.9,29.2,29.1,29.2,29.0,29.0,29.1,29.2,29.2,29.2,29.4,28.8,29.0,28.9,29.0,29.1,29.0,29.0,29.0,28.9,29.0,29.0,29.1,29.0,29.0,29.2,29.0,29.1,29.1,29.0,29.2,28.9,28.9,28.9,29.0,28.8,28.8,28.9,29.0,29.0,29.0,28.9,28.9,29.2,28.8,29.0,28.9,28.9,28.7,28.9,29.0,28.9,29.0,29.2,29.1,29.2,29.0,28.9,29.0,28.9,28.8,28.8,28.8,28.8,28.8,28.8,28.6,28.7,28.5,28.5,28.7,28.6,28.7,28.8,28.9,28.8,28.8,28.7,28.8,29.0,28.9,28.8,28.8,28.8,28.8,28.9,28.9,28.9,28.8,28.9,28.9,28.8,28.8,29.0,28.8,28.8,28.8,28.7,28.8,28.8,28.6,28.8,28.7,28.7,28.8,28.8,28.6,28.6,28.7,28.6,28.6,28.4,28.7,28.7,28.5,28.5
118,29.5,29.3,29.4,29.3,29.3,29.2,29.4,29.3,29.2,29.3,29.3,29.2,29.4,29.3,29.3,29.2,29.2,29.3,29.4,29.2,29.2,29.1,29.2,29.2,29.0,29.0,29.1,29.1,29.0,29.3,29.6,29.5,29.7,29.6,29.5,29.4,29.4,29.2,29.2,29.3,29.2,29.3,29.2,29.2,29.2,29.2,29.1,29.2,29.1,29.3,29.1,29.2,29.1,29.1,29.1,29.0,29.1,29.1,29.2,29.0,29.4,29.4,29.1,29.2,29.2,29.1,29.2,29.2,29.1,29.0,29.2,29.2,29.1,29.0,29.2,29.3,29.0,29.0,29.1,29.2,29.1,29.1,29.1,29.1,29.1,29.3,29.2,29.1,29.2,29.0,29.0,29.0,29.1,29.0,29.2,29.2,29.0,29.1,29.1,29.1,29.2,29.0,29.1,29.1,29.1,29.0,29.1,29.1,29.0,29.0,28.9,29.0,29.2,29.0,28.9,28.9,28.8,29.0,29.0,29.0,29.0,29.0,29.0,29.0,29.0,28.8,29.0,29.0,29.0,29.0,29.0,29.1,29.0,29.1,29.2,29.0,28.8,28.9,28.7,28.7,28.7,28.7,28.6,28.5,28.7,28.5,28.9,28.8,28.7,28.8,28.7,28.7,28.7,28.8,28.9,28.7,28.8,28.9,28.8,28.9,29.0,28.8,28.8,28.7,28.9,28.9,28.8,28.8,28.8,28.8,28.8,28.7,28.8,28.7,28.7,28.8,28.7,28.8,28.7,28.7,28.8,28.6,28.6,28.7,28.6,28.6,28.7,28.6,28.6,28.5,28.5,28.5
119,29.4,29.3,29.2,29.1,29.1,29.3,29.3,29.2,29.2,29.2,29.2,29.2,29.2,29.2,29.3,29.3,29.3,29.3,29.2,29.1,29.0,29.1,29.0,29.0,29.0,29.0,29.1,29.0,29.0,29.3,29.5,29.6,29.5,29.7,29.5,29.3,29.3,29.1,29.1,29.2,29.2,29.2,29.2,29.1,29.2,29.3,29.2,29.1,29.1,29.1,29.2,29.3,29.2,29.2,29.1,29.2,28.9,29.0,29.0,29.1,29.1,29.1,29.2,29.2,29.3,29.1,29.4,29.3,29.2,29.1,29.1,29.1,29.1,29.0,29.1,29.0,29.0,29.0,29.0,29.1,29.3,29.2,29.2,29.1,29.0,29.1,29.0,29.1,29.0,29.0,28.9,29.1,29.0,29.0,29.1,29.2,29.1,29.0,29.0,29.0,29.0,29.0,29.0,29.1,28.8,29.0,28.8,28.9,28.9,28.9,28.8,28.9,28.9,29.0,29.0,28.8,29.0,28.9,28.9,29.0,29.0,29.0,29.0,29.0,29.0,28.9,29.1,29.1,29.0,29.0,29.0,29.0,29.1,29.1,29.2,29.0,28.9,28.9,28.7,28.8,28.9,28.7,28.5,28.6,28.6,28.7,28.5,28.7,28.6,28.8,28.8,28.9,28.9,28.8,28.8,28.8,28.7,28.9,28.9,28.9,29.0,28.8,29.0,28.9,28.9,28.8,29.0,29.0,28.7,28.7,28.7,28.6,28.8,28.8,28.8,28.9,28.8,28.8,28.6,28.7,28.7,28.5,28.8,28.5,28.6,28.7,28.5,28.7,28.4,28.7,28.6,28.6
120,29.1,29.3,29.2,29.2,29.2,29.2,29.3,29.2,29.4,29.4,29.4,29.3,29.4,29.4,29.5,29.3,29.2,29.2,29.3,29.2,29.2,29.2,29.2,29.1,29.1,29.0,29.0,29.0,29.3,29.3,29.4,29.5,29.7,29.5,29.5,29.2,29.4,29.2,29.2,29.2,29.1,29.2,29.1,29.0,29.0,29.2,29.1,29.3,29.2,29.1,29.0,29.2,29.1,29.3,29.2,29.0,29.0,29.1,29.3,29.2,29.3,29.3,29.1,29.1,29.1,29.2,29.2,29.1,29.3,29.2,29.1,29.2,29.1,29.1,29.1,29.1,29.2,29.0,29.1,29.2,29.0,29.1,29.1,29.2,29.2,29.0,28.9,29.1,29.0,29.1,29.0,29.1,28.9,29.1,29.0,29.1,29.1,29.1,29.0,29.0,29.2,29.0,29.2,29.1,29.0,29.0,29.1,29.0,28.9,28.8,28.9,28.8,29.0,29.0,28.9,29.0,29.1,28.9,29.0,29.0,28.9,28.9,29.1,29.0,28.9,28.9,29.1,29.1,28.9,29.1,28.8,29.1,29.2,29.3,29.2,29.0,29.0,28.8,28.8,28.8,28.8,28.8,28.7,28.5,28.6,28.8,28.7,28.6,28.7,28.9,28.7,29.0,28.7,28.8,28.8,28.9,29.0,28.8,28.8,28.9,29.1,29.0,28.9,28.8,29.0,29.0,29.0,28.8,28.9,28.7,29.0,28.9,28.7,28.9,28.8,28.8,28.8,28.8,28.7,28.7,28.7,28.7,28.5,28.5,28.5,28.7,28.6,28.5,28.4,28.7,28.5,28.4
121,29.3,29.3,29.2,29.2,29.4,29.3,29.3,29.1,29.4,29.4,29.2,29.3,29.3,29.2,29.3,29.3,29.4,29.3,29.4,29.2,29.2,29.3,29.2,29.1,29.1,29.1,29.2,29.1,29.3,29.3,29.4,29.8,29.7,29.6,29.4,29.5,29.3,29.3,29.2,29.2,29.1,29.2,29.3,29.3,29.2,29.3,29.2,29.3,29.3,29.2,29.3,29.1,29.1,29.1,29.2,29.2,29.2,29.1,29.1,29.3,29.3,29.3,29.2,29.1,29.3,29.1,29.1,29.0,29.2,29.1,29.2,29.0,29.1,29.1,29.0,29.0,29.2,29.0,29.2,28.9,29.0,29.0,29.0,29.1,29.1,29.0,29.0,29.0,29.0,29.1,28.9,29.0,29.1,29.1,29.0,29.0,29.0,29.0,28.9,29.0,29.0,29.1,29.0,29.1,28.9,29.1,28.9,28.9,29.0,29.0,28.9,28.8,29.0,28.7,29.1,29.0,29.0,29.0,28.8,29.0,28.9,29.0,29.0,29.0,28.9,28.9,29.0,29.0,29.0,28.9,29.0,29.1,29.2,29.2,29.2,29.1,28.8,28.7,28.8,28.8,28.7,28.7,28.6,28.7,28.8,28.7,28.6,28.7,28.6,28.8,28.6,28.8,28.9,28.8,28.7,28.8,28.9,29.0,29.0,28.9,28.9,29.0,28.8,29.0,28.9,28.8,29.1,29.0,28.8,28.8,28.7,28.7,28.6,28.7,28.7,28.8,28.8,28.8,28.7,28.7,28.8,28.7,28.7,28.8,28.6,28.5,28.6,28.5,28.7,28.6,28.5,28.6
122,29.3,29.2,29.2,29.3,29.2,29.3,29.4,29.4,29.1,29.3,29.4,29.3,29.1,29.1,29.3,29.3,29.3,29.1,29.2,29.2,29.4,29.2,29.1,29.2,29.1,29.1,29.0,29.2,29.2,29.1,29.5,29.7,29.7,29.5,29.5,29.3,29.1,29.2,29.3,29.2,29.2,29.2,29.3,29.1,29.4,29.1,29.2,29.2,29.2,29.2,29.1,29.2,29.1,29.2,29.2,29.1,29.2,29.0,29.1,29.1,29.2,29.2,29.2,29.2,29.4,29.2,29.2,29.2,29.1,29.2,29.1,29.3,29.2,29.2,29.2,29.0,29.1,29.1,28.9,29.1,29.0,29.0,29.2,29.1,29.0,29.1,28.9,29.1,29.1,29.2,29.1,29.2,29.1,29.0,28.9,29.1,29.1,29.1,28.9,29.0,29.0,29.0,29.0,29.0,29.0,29.0,28.9,28.9,29.0,28.9,29.0,29.0,29.1,28.9,29.1,28.9,28.9,29.0,29.0,29.0,29.0,29.0,29.0,29.0,29.1,29.0,28.9,29.1,28.9,29.0,29.1,29.2,29.1,29.1,29.0,29.0,28.9,28.7,28.7,28.8,28.8,28.7,28.5,28.6,28.7,28.5,28.5,28.7,28.8,28.8,28.8,28.8,28.8,28.8,28.8,28.8,28.9,28.8,28.9,28.8,28.8,28.9,28.7,28.9,28.9,28.8,28.8,28.9,28.8,28.9,28.7,28.7,28.9,28.9,28.8,28.8,28.7,28.6,28.8,28.6,28.7,28.6,28.5,28.6,28.6,28.6,28.5,28.6,28.6,28.5,28.5,28.5
123,29.4,29.2,29.4,29.3,29.4,29.4,29.3,29.4,29.4,29.5,29.3,29.3,29.3,29.2,29.4,29.4,29.4,29.4,29.4,29.2,29.2,29.4,29.4,29.2,29.1,29.2,29.2,29.2,29.4,29.4,29.5,29.8,29.8,29.6,29.3,29.4,29.2,29.1,29.2,29.1,29.3,29.1,29.4,29.1,29.2,29.2,29.3,29.3,29.3,29.2,29.2,29.1,29.2,29.2,29.0,29.2,29.1,29.2,29.1,29.1,29.2,29.2,29.2,29.2,29.3,29.3,29.2,29.2,29.2,29.1,29.1,29.2,29.2,29.2,29.2,29.0,29.2,29.1,29.1,29.1,29.2,29.2,29.2,29.2,29.1,29.0,29.1,29.0,29.3,29.1,29.0,29.2,29.0,29.2,29.2,29.0,29.1,29.0,29.1,29.1,29.0,29.1,29.0,29.0,29.1,28.9,28.9,29.0,29.1,28.8,28.9,29.0,29.0,28.9,29.0,28.9,29.1,28.9,28.9,28.9,28.9,28.9,28.9,29.0,29.0,29.0,29.0,29.0,29.0,29.0,29.0,29.2,29.0,29.1,29.1,28.9,28.8,28.9,29.0,28.7,28.7,28.7,28.7,28.6,28.8,28.7,28.7,28.7,28.7,28.8,28.9,28.8,28.9,28.8,28.9,29.0,28.8,28.8,29.0,29.0,29.0,28.9,29.0,28.8,28.9,28.9,28.9,28.9,28.9,28.8,28.8,28.8,28.8,28.7,28.8,28.8,28.9,28.8,28.8,28.7,28.6,28.7,28.7,28.6,28.6,28.6,28.7,28.5,28.5,28.5,28.5,28.6
124,29.3,29.4,29.3,29.1,29.2,29.2,29.4,29.4,29.3,29.3,29.2,29.4,29.4,29.4,29.3,29.4,29.4,29.3,29.3,29.3,29.3,29.2,29.1,29.1,29.1,29.1,29.2,29.3,29.2,29.4,29.5,29.7,29.6,29.6,29.4,29.2,29.4,29.4,29.2,29.2,29.3,29.2,29.2,29.3,29.2,29.2,29.2,29.1,29.1,29.2,29.2,29.2,29.2,29.3,29.2,29.1,29.2,29.1,29.0,29.2,29.3,29.4,29.4,29.1,29.4,29.3,29.3,29.2,29.3,29.1,29.2,29.1,29.1,29.0,29.0,29.1,29.2,29.3,29.0,29.1,29.0,29.1,29.1,29.1,29.1,29.0,29.1,29.0,29.0,29.1,29.0,29.2,29.0,29.1,29.4,29.2,29.0,29.0,29.0,29.0,29.1,29.0,29.0,29.1,29.0,28.9,28.9,28.9,29.0,28.9,29.1,28.9,29.1,29.0,28.9,28.9,29.0,29.0,29.1,29.0,28.9,28.9,28.9,29.0,28.8,28.8,28.9,29.0,29.1,29.2,28.9,29.0,29.0,28.9,29.0,28.9,28.8,28.8,28.7,28.8,28.7,28.8,28.6,28.6,28.7,28.7,28.6,28.8,28.8,28.6,28.7,28.8,28.9,28.7,28.6,28.8,28.7,28.9,28.9,29.0,28.9,29.0,28.9,28.8,28.8,28.8,29.0,28.9,28.8,28.8,28.8,28.8,28.9,28.7,28.8,28.9,28.7,28.7,28.8,28.7,28.8,28.6,28.7,28.6,28.7,28.7,28.7,28.5,28.6,28.5,28.6,28.6
125,29.4,29.3,29.5,29.3,29.4,29.4,29.4,29.3,29.3,29.3,29.4,29.4,29.4,29.4,29.4,29.3,29.5,29.4,29.3,29.4,29.3,29.2,29.4,29.2,29.2,29.2,29.0,29.2,29.3,29.3,29.7,29.8,29.8,29.8,29.5,29.3,29.3,29.4,29.4,29.3,29.3,29.2,29.3,29.3,29.1,29.2,29.0,29.2,29.2,29.3,29.2,29.4,29.1,29.2,29.2,29.3,29.2,28.9,29.2,29.2,29.2,29.2,29.2,29.4,29.2,29.3,29.2,29.3,29.4,29.2,29.0,29.3,29.2,29.1,29.2,29.1,29.2,29.2,29.0,29.0,29.2,29.2,29.1,29.2,29.0,29.1,29.1,29.0,29.1,29.0,29.1,29.0,29.0,29.0,28.8,28.9,29.1,29.0,29.0,29.1,29.2,29.2,29.0,29.0,29.1,29.0,28.9,29.0,28.9,29.0,29.1,28.9,29.1,29.0,29.1,28.8,29.0,28.9,29.1,29.1,29.0,29.0,29.0,29.1,29.0,28.9,29.0,29.1,28.8,28.9,28.8,29.0,28.9,29.0,28.8,28.9,28.9,28.9,28.8,28.9,28.8,28.8,28.8,28.6,28.8,28.6,28.8,28.8,28.8,28.7,28.9,28.8,28.8,28.8,28.8,29.0,28.8,29.0,28.9,28.9,28.9,28.9,29.0,28.8,28.9,28.9,28.9,28.9,28.9,28.8,28.8,28.9,28.9,28.7,28.8,28.8,28.6,28.8,28.7,28.8,28.7,28.7,28.6,28.6,28.5,28.5,28.7,28.5,28.6,28.6,28.8,28.4
126,29.3,29.4,29.3,29.3,29.3,29.4,29.3,29.4,29.6,29.4,29.3,29.4,29.4,29.5,29.4,29.4,29.5,29.2,29.4,29.1,29.1,29.2,29.1,29.3,29.1,29.2,29.2,29.4,29.3,29.4,29.7,29.7,29.7,29.6,29.4,29.2,29.3,29.4,29.4,29.3,29.2,29.3,29.4,29.2,29.3,29.4,29.0,29.2,29.2,29.2,29.4,29.2,29.3,29.3,29.3,29.1,29.0,29.0,29.1,29.4,29.4,29.3,29.3,29.2,29.1,29.2,29.0,29.1,29.1,29.1,29.2,29.2,29.2,29.3,29.2,29.2,29.1,29.1,29.2,29.2,29.2,29.2,29.1,29.2,29.1,29.2,29.0,29.3,29.3,29.2,29.1,29.0,29.1,29.3,29.0,29.0,29.2,29.1,29.0,28.9,29.3,29.0,29.2,29.0,29.0,29.1,29.0,29.0,29.0,29.1,28.9,28.9,29.1,29.0,29.0,29.0,29.0,28.9,29.0,28.9,28.9,29.0,29.1,29.0,29.0,28.9,29.1,29.0,29.0,28.9,28.9,28.9,29.0,28.8,29.0,28.9,28.8,28.8,28.7,28.8,28.8,28.8,28.6,28.8,28.8,28.8,28.8,28.8,28.7,28.9,28.8,28.9,28.9,29.0,28.8,28.9,29.0,29.0,29.0,28.9,28.8,29.1,29.0,28.9,28.9,29.0,28.9,29.0,28.9,29.0,28.6,28.8,29.0,28.9,28.8,28.8,28.8,28.8,28.8,28.7,28.8,28.8,28.9,28.6,28.6,28.5,28.6,28.8,28.7,28.6,28.6,28.7
127,29.2,29.4,29.5,29.3,29.4,29.4,29.5,29.5,29.4,29.4,29.5,29.4,29.5,29.4,29.4,29.5,29.5,29.3,29.5,29.4,29.2,29.2,29.3,29.1,29.2,29.4,29.2,29.2,29.4,29.4,29.8,29.7,29.8,29.6,29.5,29.3,29.4,29.2,29.3,29.3,29.3,29.4,29.4,29.2,29.2,29.2,29.2,29.3,29.1,29.2,29.3,29.2,29.3,29.2,29.2,29.2,29.2,29.1,29.2,29.1,29.2,29.4,29.2,29.3,29.3,29.1,29.3,29.2,29.3,29.2,29.2,29.2,29.2,29.0,29.0,29.3,29.3,29.1,29.2,29.2,29.2,29.0,29.1,29.2,29.1,29.1,29.0,29.2,29.2,29.1,29.1,29.2,29.0,29.1,29.0,29.1,29.1,29.1,29.2,29.1,29.0,29.0,29.0,28.9,29.1,28.9,29.0,29.0,28.9,28.9,29.1,28.9,28.9,29.0,29.0,29.0,29.0,29.1,29.0,29.0,28.9,29.0,29.0,29.1,28.9,28.8,28.9,29.0,29.0,28.9,28.8,28.9,29.0,29.0,29.0,28.9,28.9,28.8,28.8,28.8,28.7,28.8,28.7,28.7,28.8,28.7,28.8,28.7,28.7,28.7,28.8,28.7,28.8,28.9,28.9,28.8,28.9,28.9,28.8,28.9,29.1,28.9,29.0,28.8,29.0,29.0,29.0,28.8,28.9,28.9,28.8,28.9,29.0,28.9,28.8,28.8,28.8,28.8,28.6,28.7,28.7,28.7,28.9,28.8,28.9,28.6,28.7,28.5,28.7,28.5,28.5,28.5
128,29.4,29.4,29.4,29.2,29.5,29.3,29.5,29.3,29.5,29.3,29.2,29.3,29.4,29.3,29.4,29.5,29.4,29.2,29.5,29.3,29.2,29.2,29.2,29.2,29.3,29.2,29.2,29.2,29.3,29.4,29.6,29.9,29.7,29.6,29.5,29.3,29.3,29.2,29.2,29.3,29.3,29.3,29.2,29.0,29.2,29.3,29.1,29.2,29.0,29.1,29.2,29.3,29.1,29.3,29.1,29.1,29.2,29.0,29.2,29.2,29.1,29.3,29.2,29.2,29.2,29.2,29.2,29.2,29.1,29.2,29.1,29.0,29.1,29.0,29.0,29.2,29.0,29.0,29.1,29.1,29.1,29.1,29.2,29.1,29.1,29.2,29.0,29.2,29.2,29.1,28.9,29.2,29.0,29.2,29.1,29.1,29.0,29.0,29.1,29.0,29.1,29.0,29.1,29.1,29.1,29.0,28.9,29.1,29.0,28.9,29.0,28.9,28.9,28.9,29.0,29.0,29.0,29.0,29.0,29.0,28.9,29.0,28.9,28.9,28.8,28.9,29.0,29.0,28.9,28.9,29.0,29.0,29.0,28.9,28.8,29.0,28.9,28.8,28.9,28.8,28.6,28.6,28.6,28.6,28.6,28.7,28.6,28.6,28.7,28.7,28.8,28.8,28.8,28.7,28.9,28.8,29.0,29.0,29.0,28.9,28.9,29.0,28.9,28.9,28.9,28.9,28.9,28.9,28.9,28.9,28.7,28.8,28.8,28.8,28.7,28.8,28.8,28.8,28.7,28.8,28.6,28.8,28.7,28.6,28.8,28.7,28.6,28.5,28.7,28.5,28.5,28.6
129,29.6,29.4,29.5,29.5,29.5,29.4,29.5,29.4,29.5,29.4,29.3,29.5,29.6,29.5,29.4,29.5,29.4,29.5,29.4,29.3,29.2,29.3,29.2,29.1,29.3,29.2,29.2,29.2,29.2,29.4,29.7,29.8,29.9,29.6,29.5,29.4,29.4,29.3,29.3,29.3,29.3,29.2,29.3,29.3,29.3,29.2,29.3,29.5,29.3,29.3,29.4,29.2,29.4,29.3,29.2,29.1,29.2,29.2,29.1,29.2,29.3,29.4,29.3,29.4,29.2,29.3,29.1,29.2,29.2,29.3,29.0,29.3,29.2,29.2,29.2,29.1,29.2,29.1,29.3,29.2,29.2,29.2,29.2,29.2,29.2,29.1,29.2,29.2,29.2,29.1,29.1,29.1,29.2,29.0,29.1,29.1,29.0,29.0,29.1,28.9,29.0,29.0,29.0,29.2,29.0,29.0,29.0,29.0,29.0,29.1,29.0,28.9,29.1,29.1,29.1,29.1,28.9,29.0,28.9,29.0,29.0,29.0,29.0,28.8,28.9,28.9,29.1,29.0,29.0,29.2,29.0,29.0,29.0,28.9,28.9,28.8,28.9,28.8,28.8,28.8,29.0,28.7,28.7,28.6,28.7,28.8,28.7,28.9,28.8,28.8,28.8,28.8,28.7,28.8,29.0,28.7,28.9,29.1,28.9,29.0,29.0,28.9,28.8,29.0,28.9,28.9,29.0,28.8,28.8,28.9,29.0,28.8,28.8,28.8,28.8,28.7,28.8,28.7,28.8,28.7,28.8,28.7,28.7,28.6,28.7,28.7,28.7,28.5,28.7,28.6,28.5,28.5
130,29.3,29.4,29.6,29.5,29.5,29.3,29.5,29.3,29.4,29.4,29.4,29.4,29.5,29.5,29.5,29.4,29.5,29.3,29.2,29.4,29.3,29.2,29.2,29.2,29.1,29.3,29.2,29.2,29.2,29.3,29.6,29.8,29.7,29.6,29.5,29.3,29.3,29.3,29.3,29.4,29.3,29.3,29.2,29.2,29.2,29.2,29.2,29.2,29.2,29.2,29.3,29.5,29.3,29.2,29.1,29.2,29.1,29.0,29.1,29.2,29.3,29.3,29.2,29.2,29.3,29.4,29.2,29.1,29.2,29.2,29.2,29.1,29.2,29.1,29.0,29.1,29.1,29.1,29.2,29.1,29.0,29.2,29.1,29.2,29.2,29.1,29.1,29.2,29.0,29.1,29.0,29.2,29.2,29.0,29.0,28.9,29.0,29.1,29.1,29.0,28.9,29.0,28.9,29.2,29.1,29.0,29.0,29.0,29.0,28.8,28.8,29.0,29.0,29.0,29.1,29.1,29.0,28.9,29.1,29.0,28.9,29.0,29.0,29.0,28.7,28.8,28.9,29.0,29.0,29.1,29.0,29.0,29.1,29.0,28.8,28.8,28.9,28.7,28.8,28.8,28.8,28.8,28.8,28.7,28.8,28.7,28.8,28.8,28.9,28.8,28.9,28.8,28.9,28.8,28.9,29.0,28.8,28.9,28.9,28.9,29.0,29.1,29.0,28.9,28.9,29.0,28.9,29.0,28.8,29.0,28.8,28.6,28.9,28.9,28.6,28.7,28.8,28.8,28.7,28.8,28.9,28.7,28.9,28.6,28.8,28.5,28.7,28.5,28.6,28.6,28.7,28.6
131,29.5,29.5,29.6,29.4,29.5,29.4,29.4,29.5,29.4,29.4,29.3,29.5,29.4,29.4,29.6,29.5,29.5,29.3,29.4,29.4,29.4,29.4,29.3,29.4,29.2,29.4,29.1,29.2,29.4,29.5,29.6,29.8,29.8,29.6,29.5,29.4,29.3,29.3,29.3,29.2,29.3,29.2,29.2,29.2,29.3,29.4,29.2,29.2,29.3,29.3,29.3,29.4,29.3,29.2,29.3,29.2,29.1,29.2,29.2,29.2,29.4,29.4,29.3,29.2,29.2,29.3,29.1,29.3,29.1,29.1,29.1,29.2,29.2,29.2,29.2,29.2,29.2,29.3,29.2,29.1,29.2,29.2,29.2,29.1,29.2,29.0,29.1,29.1,29.2,29.2,29.2,29.0,29.2,29.0,29.2,29.0,29.0,29.1,29.0,29.1,29.0,29.0,29.1,29.2,29.0,28.8,29.1,29.0,29.2,29.2,29.2,29.0,28.8,29.0,29.0,28.9,29.0,29.0,28.9,29.2,29.1,29.1,29.1,29.0,29.0,29.0,29.1,29.1,29.0,29.0,29.0,29.1,29.1,29.1,29.0,28.9,28.8,28.8,28.9,28.7,28.8,28.8,28.7,28.5,28.7,28.7,28.8,28.8,28.7,28.7,28.7,28.7,28.9,28.8,28.9,29.0,28.9,28.9,29.1,29.0,28.8,28.9,29.1,28.9,28.8,28.9,28.8,29.0,28.8,28.8,28.9,28.8,28.8,28.7,28.9,28.8,28.8,28.8,28.6,28.6,28.8,28.9,28.7,28.5,28.8,28.7,28.5,28.5,28.6,28.8,28.5,28.6
132,29.4,29.4,29.6,29.4,29.6,29.4,29.5,29.3,29.4,29.5,29.3,29.3,29.5,29.4,29.4,29.5,29.3,29.3,29.5,29.4,29.3,29.2,29.1,29.2,29.0,29.1,29.2,29.3,29.3,29.4,29.5,29.8,29.7,29.6,29.6,29.4,29.2,29.5,29.3,29.3,29.5,29.4,29.3,29.3,29.2,29.3,29.3,29.4,29.2,29.2,29.2,29.2,29.2,29.3,29.2,29.1,29.1,29.2,29.2,29.1,29.3,29.3,29.2,29.1,29.2,29.1,29.0,29.3,29.3,29.1,29.1,29.3,29.2,29.1,29.2,29.2,29.2,29.2,29.1,29.1,29.1,29.1,29.1,29.2,29.1,29.1,29.2,29.0,28.9,29.0,29.0,29.1,29.1,29.0,29.0,29.0,29.0,29.0,29.0,28.9,29.0,29.1,29.1,29.0,29.0,28.9,28.9,28.9,29.0,29.0,29.1,29.0,29.0,28.9,28.9,29.1,29.1,29.1,28.9,29.0,28.9,29.0,29.0,29.1,28.9,28.8,28.9,29.0,29.0,29.1,29.0,29.2,29.0,28.9,28.9,28.9,28.8,28.8,28.8,28.8,28.8,28.6,28.6,28.7,28.8,28.7,28.6,28.8,28.8,28.8,28.9,28.9,28.7,28.8,28.8,28.8,29.1,29.0,28.9,28.9,28.9,28.9,28.9,28.9,28.9,28.8,28.9,28.8,28.8,28.8,28.8,28.6,28.8,28.6,28.8,28.7,28.8,28.7,28.6,28.6,28.7,28.6,28.5,28.6,28.7,28.6,28.4,28.5,28.6,28.6,28.6,28.4
133,29.5,29.5,29.6,29.5,29.3,29.5,29.3,29.4,29.5,29.4,29.4,29.3,29.3,29.5,29.4,29.3,29.4,29.4,29.4,29.4,29.3,29.4,29.3,29.3,29.1,29.1,29.2,29.2,29.3,29.3,29.5,29.4,29.6,29.6,29.5,29.3,29.4,29.3,29.3,29.4,29.3,29.1,29.2,29.2,29.3,29.2,29.2,29.4,29.3,29.1,29.3,29.4,29.2,29.4,29.1,29.3,29.4,29.3,29.2,29.2,29.4,29.2,29.3,29.4,29.4,29.3,29.3,29.2,29.3,29.2,29.2,29.1,29.2,29.0,29.1,29.1,29.0,29.3,29.0,29.2,29.2,29.2,29.0,29.2,29.2,29.3,29.2,29.1,29.2,29.2,29.0,29.0,29.0,29.1,29.0,29.0,29.0,29.0,29.1,28.9,28.9,29.0,29.2,29.1,28.9,29.0,29.2,29.0,29.0,29.1,29.0,28.9,28.9,28.9,29.0,29.0,29.1,28.9,29.1,29.1,29.0,29.0,29.0,28.9,28.8,28.8,28.9,29.0,29.0,29.0,29.0,29.2,29.0,28.8,29.0,28.9,29.0,28.8,28.8,28.7,28.9,28.8,28.8,28.5,28.7,28.7,28.7,28.8,28.8,28.7,28.9,28.8,28.7,28.8,28.8,28.9,28.9,28.8,28.9,28.8,28.9,28.9,28.9,28.8,29.0,28.9,28.9,29.0,28.8,28.7,28.8,28.8,28.8,28.8,28.7,28.7,28.7,28.7,28.7,28.7,28.7,28.7,28.6,28.7,28.8,28.8,28.5,28.5,28.5,28.5,28.5,28.4
134,29.5,29.6,29.7,29.4,29.5,29.5,29.4,29.5,29.5,29.7,29.4,29.2,29.3,29.3,29.4,29.5,29.5,29.4,29.4,29.3,29.4,29.2,29.4,29.1,29.2,29.3,29.2,29.2,29.2,29.4,29.6,29.6,29.7,29.6,29.5,29.4,29.6,29.4,29.4,29.5,29.5,29.5,29.3,29.4,29.3,29.2,29.2,29.3,29.2,29.3,29.3,29.4,29.5,29.3,29.4,29.2,29.2,29.4,29.3,29.3,29.2,29.2,29.2,29.2,29.2,29.4,29.3,29.2,29.2,29.2,29.2,29.3,29.2,29.1,29.2,29.0,29.1,29.2,29.2,29.1,29.2,29.1,29.2,29.1,29.2,29.1,29.1,29.0,29.3,29.2,29.1,29.0,29.0,29.2,29.1,29.0,29.0,29.1,28.9,29.2,29.0,29.2,29.1,29.0,29.0,29.0,29.0,29.0,29.1,29.0,29.0,29.0,28.9,28.8,29.0,29.0,29.1,29.0,29.1,28.9,29.0,29.0,29.2,28.9,28.8,29.1,29.0,29.0,29.0,29.1,29.0,29.1,29.1,29.1,28.9,28.9,29.0,28.8,28.9,28.9,28.9,28.8,28.6,28.7,28.7,28.8,28.7,28.8,28.9,28.8,28.8,28.8,28.8,29.0,28.9,28.9,28.9,28.9,29.1,29.0,29.1,29.1,29.0,29.0,28.9,29.0,28.8,28.8,28.9,28.9,28.8,28.8,28.8,28.8,28.8,28.8,28.8,29.0,28.7,28.7,28.8,28.6,28.6,28.7,28.8,28.6,28.7,28.6,28.5,28.6,28.6,28.6
135,29.3,29.4,29.4,29.5,29.4,29.4,29.5,29.4,29.4,29.3,29.4,29.4,29.4,29.3,29.4,29.5,29.2,29.4,29.5,29.2,29.3,29.3,29.3,29.3,29.2,29.1,29.2,29.2,29.1,29.4,29.5,29.7,29.6,29.8,29.6,29.6,29.6,29.6,29.6,29.6,29.7,29.5,29.4,29.2,29.3,29.2,29.2,29.1,29.2,29.2,29.4,29.3,29.4,29.4,29.4,29.1,29.3,29.3,29.2,29.3,29.3,29.3,29.2,29.2,29.5,29.4,29.5,29.4,29.2,29.4,29.1,29.2,29.3,29.1,29.2,29.3,29.3,29.1,29.3,29.2,29.2,29.1,29.3,29.2,29.1,29.1,29.2,29.0,29.2,29.1,29.2,29.2,29.1,29.0,29.2,29.0,29.1,29.2,29.0,29.0,29.0,29.0,29.2,29.0,29.0,29.1,29.1,29.0,29.1,29.0,29.0,28.9,29.0,29.0,29.0,28.9,29.0,29.0,28.9,29.0,29.0,28.9,29.0,28.9,28.9,28.8,28.8,28.9,29.0,29.0,29.0,29.0,29.0,29.0,29.0,29.0,28.9,28.9,28.8,28.8,28.9,28.7,28.7,28.7,28.8,28.8,28.7,28.8,28.8,28.8,28.8,28.9,28.8,28.9,28.9,29.0,28.7,29.1,29.0,28.9,28.8,29.0,29.0,28.9,29.0,28.9,28.8,29.0,29.0,28.7,28.8,28.9,28.9,28.8,28.9,28.7,28.7,28.8,28.7,28.7,28.8,28.6,28.6,28.5,28.7,28.7,28.7,28.6,28.5,28.5,28.6,28.5
136,29.3,29.5,29.2,29.5,29.4,29.4,29.4,29.3,29.2,29.2,29.3,29.4,29.2,29.4,29.3,29.4,29.4,29.3,29.3,29.2,29.2,29.1,29.2,29.3,29.0,29.2,29.0,29.2,29.0,29.2,29.5,29.4,29.7,29.6,29.7,29.6,29.7,29.7,29.5,29.4,29.6,29.4,29.4,29.3,29.2,29.3,29.2,29.3,29.3,29.2,29.4,29.4,29.4,29.3,29.3,29.3,29.1,29.3,29.3,29.3,29.2,29.3,29.2,29.4,29.3,29.5,29.5,29.4,29.4,29.3,29.4,29.3,29.3,29.2,29.2,29.2,29.1,29.1,29.2,29.1,29.0,29.2,29.2,29.1,29.1,29.0,29.2,29.0,29.1,29.1,29.0,29.1,28.9,29.0,29.1,29.2,29.1,29.2,29.0,29.0,28.9,29.0,29.0,29.0,29.1,29.0,29.0,29.1,29.0,29.0,29.0,28.9,29.0,28.9,28.9,29.0,29.0,28.9,29.1,29.0,28.9,28.8,29.0,28.8,28.9,29.0,29.0,28.9,28.9,28.8,29.0,29.0,28.9,28.9,29.1,29.0,28.8,28.7,28.7,28.8,28.8,28.8,28.6,28.8,28.8,28.8,28.8,28.8,28.7,28.9,28.9,28.7,28.9,28.9,28.8,28.9,29.0,29.0,29.1,29.0,29.0,29.0,29.0,28.9,29.0,28.9,28.9,28.9,28.7,28.8,28.9,28.8,28.8,28.8,28.8,28.7,28.8,28.8,28.7,28.8,28.8,28.5,28.6,28.5,28.6,28.7,28.6,28.6,28.5,28.5,28.3,28.5
137,29.3,29.5,29.4,29.2,29.4,29.4,29.3,29.4,29.2,29.3,29.4,29.3,29.4,29.2,29.3,29.4,29.3,29.3,29.3,29.4,29.1,29.3,29.2,29.1,29.2,29.1,29.0,29.1,29.2,29.2,29.5,29.5,29.6,29.7,29.7,29.8,29.7,29.9,29.7,29.7,29.5,29.4,29.2,29.2,29.2,29.2,29.1,29.2,29.2,29.2,29.2,29.3,29.3,29.2,29.3,29.3,29.3,29.4,29.3,29.3,29.3,29.3,29.5,29.5,29.6,29.5,29.8,29.8,29.6,29.5,29.4,29.6,29.6,29.4,29.4,29.2,29.2,29.2,29.2,29.2,29.2,29.1,29.1,29.0,29.0,29.2,29.1,29.1,29.0,29.1,29.0,29.2,29.0,29.1,29.0,28.8,29.0,29.1,29.1,28.9,29.0,29.0,28.9,29.0,28.9,29.0,29.0,28.8,28.9,29.0,29.0,29.0,28.8,29.0,29.0,29.0,29.0,28.8,29.0,29.1,28.9,28.9,28.9,28.8,28.9,29.0,28.9,28.9,29.0,29.0,28.8,29.0,29.0,29.0,29.1,28.9,29.0,28.7,28.8,29.0,28.8,28.9,28.7,28.5,28.7,28.8,28.8,28.8,28.7,28.7,28.8,28.8,28.8,28.9,28.8,28.8,28.9,28.8,29.0,29.0,29.0,29.0,29.1,29.0,29.0,28.9,28.9,28.9,28.8,28.8,28.8,28.8,28.9,28.7,28.7,28.8,28.8,28.7,28.7,28.6,28.7,28.7,28.5,28.6,28.5,28.7,28.6,28.5,28.4,28.6,28.4,28.5
138,29.3,29.2,29.3,29.2,29.4,29.2,29.3,29.4,29.4,29.4,29.4,29.3,29.3,29.2,29.4,29.3,29.4,29.3,29.4,29.1,29.3,29.3,29.3,29.2,29.2,29.4,29.2,29.3,29.3,29.4,29.6,29.5,29.7,29.6,29.9,29.5,29.9,29.7,29.9,29.8,29.4,29.4,29.3,29.3,29.2,29.4,29.2,29.4,29.3,29.2,29.2,29.3,29.2,29.2,29.2,29.3,29.4,29.3,29.3,29.4,29.3,29.2,29.3,29.4,29.7,29.9,29.6,29.8,29.8,29.6,29.7,29.8,29.8,29.6,29.4,29.4,29.2,29.2,29.2,29.3,29.1,29.1,29.1,29.1,29.1,29.0,29.0,29.0,28.9,29.2,29.0,29.0,29.1,29.2,29.0,28.9,28.9,29.0,29.1,28.9,28.9,29.0,28.9,29.0,29.0,29.0,29.0,29.0,29.0,29.0,29.0,28.9,29.0,29.0,28.9,29.0,29.0,29.0,28.9,28.9,28.9,28.9,28.9,28.9,29.0,28.8,29.0,28.9,29.1,28.9,28.9,28.9,29.0,28.9,28.8,29.0,28.9,28.8,28.7,28.9,28.7,28.8,28.8,28.8,28.9,28.7,28.8,28.8,28.8,28.8,28.8,28.8,28.9,28.8,28.9,28.9,28.9,28.9,29.0,28.9,28.9,29.0,29.1,28.8,28.8,28.9,28.8,28.9,28.8,29.0,28.8,28.8,28.8,29.0,28.7,28.8,28.7,28.8,28.7,28.7,28.8,28.6,28.7,28.6,28.6,28.7,28.6,28.6,28.5,28.5,28.3,28.6
139,29.2,29.3,29.3,29.2,29.3,29.2,29.2,29.4,29.3,29.3,29.5,29.1,29.3,29.4,29.3,29.4,29.3,29.3,29.3,29.4,29.3,29.4,29.4,29.3,29.2,29.3,29.3,29.2,29.3,29.4,29.4,29.7,29.7,29.8,29.9,29.8,30.0,29.9,29.8,29.7,29.8,29.5,29.3,29.1,29.4,29.4,29.3,29.3,29.2,29.2,29.2,29.3,29.2,29.2,29.2,29.3,29.4,29.3,29.3,29.3,29.4,29.3,29.3,29.7,29.7,29.9,29.9,30.1,29.9,30.0,29.9,30.0,29.9,29.8,29.5,29.4,29.4,29.3,29.2,29.0,29.2,29.0,29.2,29.1,29.2,29.3,29.2,29.1,29.2,29.1,28.8,29.0,28.8,28.9,29.0,28.9,28.8,29.0,29.1,29.0,29.0,29.1,29.1,29.1,29.0,28.9,28.8,29.0,28.8,29.0,29.1,28.9,29.0,28.8,29.0,28.9,29.0,28.9,29.1,29.0,29.0,28.8,29.1,29.0,29.1,28.9,28.9,29.1,28.8,29.0,29.0,29.1,29.1,29.0,28.9,29.0,28.9,28.9,28.7,28.8,28.8,28.8,28.8,28.6,28.6,28.7,28.7,28.7,28.8,29.0,29.0,28.8,28.8,28.8,28.9,28.8,28.7,28.8,29.0,28.9,28.8,28.9,28.8,28.9,28.8,28.9,29.0,29.0,28.9,28.9,28.8,28.7,28.9,28.9,28.7,28.7,28.8,28.8,28.7,28.7,28.6,28.8,28.6,28.6,28.8,28.7,28.6,28.5,28.5,28.6,28.5,28.6
140,29.1,29.1,29.1,29.3,29.2,29.3,29.2,29.2,29.2,29.1,29.3,29.2,29.2,29.2,29.3,29.3,29.3,29.4,29.4,29.3,29.4,29.3,29.2,29.2,29.3,29.3,29.3,29.3,29.2,29.3,29.6,29.6,29.8,29.7,29.7,29.7,29.8,29.9,29.9,29.7,29.7,29.4,29.2,29.2,29.3,29.2,29.2,29.2,29.2,29.2,29.4,29.3,29.2,29.3,29.2,29.2,29.4,29.3,29.5,29.5,29.2,29.3,29.4,29.5,29.7,29.9,29.9,29.7,29.6,29.8,29.6,29.9,29.9,29.7,29.5,29.2,29.4,29.2,29.2,29.0,29.0,29.1,29.2,29.0,29.2,29.1,29.1,29.1,28.9,29.1,28.8,29.0,29.0,28.9,29.0,29.0,28.9,29.0,29.0,28.9,29.1,29.0,29.0,28.9,29.1,29.0,28.9,28.9,29.1,28.9,29.0,28.9,28.8,28.9,29.0,28.8,28.9,28.8,28.9,29.0,28.9,29.0,28.8,29.0,29.0,28.8,29.0,29.0,28.8,29.0,29.0,28.8,28.9,28.9,29.0,28.9,28.8,28.8,28.7,28.8,28.6,28.8,28.7,28.8,28.7,28.7,28.8,28.8,28.8,28.9,28.8,28.7,28.7,28.9,28.9,28.8,28.9,29.0,28.9,29.1,28.8,28.8,28.9,29.0,28.8,28.8,28.8,28.9,28.8,28.8,28.8,28.7,28.8,28.9,28.6,28.9,28.8,28.9,28.7,28.8,28.9,28.7,28.6,28.6,28.7,28.7,28.6,28.5,28.7,28.5,28.5,28.4
141,29.0,29.0,29.0,29.2,29.1,29.1,29.1,29.0,29.1,29.0,29.2,29.2,29.1,29.1,29.2,29.2,29.3,29.1,29.2,29.2,29.2,29.2,29.2,29.1,29.2,29.0,29.1,29.2,29.2,29.3,29.4,29.5,29.5,29.7,29.8,29.8,29.7,29.9,29.7,29.8,29.5,29.5,29.2,29.2,29.2,29.2,29.2,29.3,29.2,29.2,29.4,29.2,29.2,29.3,29.2,29.2,29.3,29.4,29.4,29.5,29.3,29.4,29.4,29.6,29.5,29.7,29.4,29.7,29.7,29.7,29.6,29.6,29.7,29.5,29.3,29.2,29.1,29.3,29.2,29.0,29.2,29.2,29.0,29.1,28.9,29.0,29.0,29.0,29.0,29.0,29.0,29.1,28.9,28.9,29.0,29.0,29.0,29.0,29.0,29.0,29.2,28.9,29.2,29.0,29.0,29.0,28.9,29.0,29.1,29.1,29.0,28.8,29.0,29.0,29.0,28.8,29.0,29.0,28.9,28.8,28.9,29.0,28.9,29.2,29.0,28.9,29.1,29.0,28.9,28.9,29.0,29.0,29.0,28.9,29.0,28.9,28.8,28.8,28.7,28.8,28.7,28.9,28.6,28.6,28.8,28.8,28.8,28.8,28.8,28.9,28.8,28.9,28.8,28.9,29.0,29.0,29.0,29.0,28.8,29.0,28.9,28.8,29.0,28.8,29.0,28.9,29.0,28.9,28.8,28.8,28.8,28.7,28.9,28.9,28.7,28.7,28.7,28.7,28.6,28.5,28.8,28.8,28.6,28.7,28.5,28.5,28.7,28.5,28.5,28.5,28.6,28.5
142,28.9,29.1,29.0,29.0,29.1,29.1,29.2,29.0,29.0,29.3,29.0,29.0,29.0,29.1,29.1,29.1,29.1,29.1,29.2,29.0,29.1,29.0,28.9,29.0,29.1,29.2,29.2,29.0,29.1,29.2,29.4,29.7,29.6,29.6,29.8,29.6,29.7,29.6,29.7,29.6,29.5,29.4,29.3,29.3,29.2,29.2,29.1,29.2,29.2,29.2,29.0,29.4,29.2,29.4,29.2,29.3,29.4,29.6,29.4,29.4,29.4,29.5,29.4,29.5,29.5,29.6,29.5,29.4,29.5,29.4,29.5,29.4,29.4,29.4,29.2,29.2,29.2,29.2,29.3,29.2,29.1,29.1,29.1,29.1,29.0,28.9,29.1,29.2,29.1,29.0,28.9,29.1,29.0,29.1,29.0,29.1,29.1,29.2,29.0,28.9,29.0,29.1,29.1,29.2,29.0,29.1,29.0,28.8,29.0,29.0,29.0,29.1,29.0,29.0,29.0,28.9,29.0,28.8,28.9,29.0,28.8,29.0,28.9,28.9,28.9,28.9,29.1,29.1,28.9,29.0,29.0,29.1,29.1,29.0,29.0,28.9,28.8,28.8,28.8,28.9,28.9,28.8,28.8,28.8,28.9,28.8,28.8,28.8,29.0,28.8,28.7,28.8,28.8,28.9,28.8,28.8,28.9,29.0,29.1,29.1,29.0,29.0,29.1,29.0,28.9,29.0,28.8,28.8,29.0,29.0,28.8,28.7,28.9,28.8,28.8,28.7,28.8,28.7,28.7,28.8,28.8,28.7,28.5,28.5,28.5,28.5,28.8,28.5,28.6,28.6,28.4,28.5
143,29.1,29.0,29.2,29.0,29.1,29.0,29.0,28.9,29.0,29.1,29.1,29.0,29.0,29.0,29.0,29.0,29.0,28.8,29.1,29.0,28.9,29.1,28.9,28.9,29.0,29.0,29.0,29.0,29.2,29.3,29.5,29.5,29.6,29.5,29.7,29.6,29.7,29.8,29.7,29.5,29.5,29.4,29.3,29.0,29.1,29.3,29.2,29.2,29.2,29.0,29.0,29.2,29.2,29.1,29.2,29.2,29.2,29.1,29.3,29.5,29.3,29.2,29.4,29.3,29.4,29.2,29.4,29.3,29.2,29.3,29.1,29.4,29.3,29.3,29.3,29.2,29.2,29.0,29.1,29.2,29.0,29.2,29.2,29.2,29.3,29.4,29.0,29.0,29.1,29.2,29.0,29.0,29.1,29.0,29.1,29.2,29.0,29.1,29.1,28.9,29.0,29.1,29.2,29.1,29.0,29.1,29.0,29.0,29.0,29.1,29.2,28.8,29.2,28.9,29.0,29.2,29.1,29.0,29.0,29.0,29.1,29.0,28.9,29.1,29.0,29.0,29.2,29.0,29.2,29.0,29.0,29.1,28.9,29.0,28.9,28.9,28.8,28.8,28.8,28.7,28.8,28.6,28.6,28.7,28.7,28.8,28.8,28.9,28.8,28.8,28.9,28.9,29.0,29.0,28.9,28.8,29.0,29.0,29.2,29.0,29.0,28.9,29.0,29.0,29.0,29.0,28.9,28.9,28.9,29.0,28.8,28.9,28.8,28.8,28.9,28.8,28.6,28.8,28.7,28.6,28.8,28.8,28.7,28.7,28.6,28.6,28.6,28.6,28.6,28.5,28.4,28.5
144,28.9,29.0,29.0,29.0,29.1,28.8,29.0,29.0,28.9,29.1,28.9,28.9,29.0,29.0,29.0,29.2,29.1,29.0,29.0,28.9,29.0,29.0,28.8,29.0,28.9,29.0,28.9,29.1,29.0,29.2,29.4,29.4,29.5,29.6,29.5,29.4,29.5,29.5,29.5,29.3,29.4,29.3,29.0,29.1,29.0,29.0,29.0,29.0,29.0,29.0,29.2,29.0,29.0,29.1,29.1,29.1,29.1,29.2,29.2,29.2,29.2,29.2,29.2,29.4,29.3,29.2,29.3,29.2,29.3,29.2,29.3,29.2,29.2,29.4,29.0,29.2,29.2,29.1,29.1,29.2,29.1,28.9,29.2,29.2,29.1,29.1,29.1,29.1,29.1,29.4,29.1,29.0,29.1,29.0,29.1,28.9,29.3,29.2,29.0,28.9,29.1,29.1,29.0,29.0,29.1,29.0,28.9,29.0,29.1,28.9,29.1,28.9,29.0,29.0,28.8,29.0,28.9,29.0,29.0,29.0,28.9,28.8,29.0,28.9,29.0,29.1,29.0,28.9,28.9,29.0,28.9,29.2,29.0,29.0,28.9,28.8,28.9,28.8,28.8,28.8,28.8,28.9,28.8,28.7,28.8,28.8,28.5,28.9,28.6,28.8,29.0,28.9,28.8,29.0,28.9,29.1,28.8,28.9,29.0,28.8,28.9,28.9,29.0,29.0,28.9,28.8,28.8,29.0,28.8,28.9,28.9,28.8,28.9,28.8,28.6,28.8,28.7,28.8,28.7,28.8,28.8,28.7,28.6,28.4,28.8,28.6,28.6,28.5,28.7,28.7,28.5,28.6
145,29.0,28.8,29.1,29.1,29.1,29.1,29.1,29.0,29.0,29.0,29.0,29.0,29.0,29.1,29.0,29.0,29.2,29.0,29.1,29.0,29.2,29.2,29.0,29.0,29.1,28.9,29.0,29.0,29.2,29.1,29.3,29.2,29.5,29.4,29.5,29.3,29.7,29.4,29.5,29.2,29.4,29.4,29.2,29.1,29.1,29.0,29.0,29.0,29.0,29.0,29.0,29.2,29.1,29.0,29.1,29.0,29.1,29.0,29.1,29.1,29.4,29.3,29.2,29.5,29.3,29.3,29.1,29.3,29.0,29.2,29.1,29.2,29.1,29.2,29.1,29.2,29.2,29.2,29.1,29.1,29.0,29.1,29.2,29.2,29.2,29.1,29.1,29.1,29.2,29.3,29.1,29.3,29.0,29.1,29.2,29.2,29.0,29.1,29.1,29.0,29.2,29.2,29.1,29.1,29.0,29.1,28.9,29.0,29.0,28.9,29.0,28.8,29.1,28.9,28.9,29.0,28.9,29.0,29.1,28.9,29.0,29.0,28.9,29.0,28.9,29.0,29.0,28.9,29.0,29.0,29.0,29.0,28.9,29.0,29.1,29.0,28.9,28.9,28.7,28.9,28.8,28.8,28.8,28.9,28.8,29.0,28.8,28.8,28.8,28.9,28.9,29.0,29.0,28.8,29.0,28.8,29.0,29.0,28.9,28.9,28.8,28.9,29.1,29.0,29.0,28.9,28.9,28.9,29.0,28.9,28.8,29.0,28.8,28.8,29.0,28.6,28.7,28.7,28.7,28.8,28.7,28.6,28.7,28.6,28.8,28.6,28.6,28.7,28.5,28.7,28.6,28.5
146,29.1,29.0,29.0,29.0,29.0,29.0,28.8,29.0,28.9,29.1,29.0,29.0,29.0,29.0,29.0,29.1,29.0,29.0,29.0,29.0,29.1,28.9,29.0,29.0,28.8,28.8,29.0,29.0,29.1,29.2,29.2,29.5,29.7,29.4,29.6,29.6,29.6,29.5,29.5,29.5,29.6,29.6,29.4,29.3,29.1,29.1,29.0,28.9,28.9,28.9,28.9,29.0,29.0,29.0,29.0,29.1,29.0,29.0,29.0,29.2,29.1,29.1,29.2,29.2,29.1,29.2,29.4,29.0,29.2,29.0,29.1,29.1,29.1,29.0,29.0,29.2,29.2,29.1,29.2,29.3,29.1,29.1,29.0,29.2,29.0,28.9,29.3,29.1,29.2,29.1,29.2,29.2,29.0,29.0,29.1,29.2,29.2,29.2,29.0,29.0,29.0,29.0,29.2,28.9,29.0,29.1,29.2,29.0,29.1,29.0,28.8,28.9,29.1,28.9,28.9,29.0,29.0,29.0,28.9,28.8,29.0,29.0,29.0,29.0,29.0,29.0,29.1,29.0,28.9,28.9,28.9,29.1,28.9,28.9,29.0,29.0,28.9,28.9,28.7,28.8,28.9,28.8,28.8,28.8,28.8,28.8,28.6,28.9,28.8,28.8,28.9,28.9,28.9,28.9,29.0,29.0,29.0,28.8,29.0,28.9,29.1,28.9,29.0,28.8,28.9,28.8,28.8,29.0,29.0,28.9,29.0,28.8,28.8,28.7,28.8,28.7,28.6,28.8,28.6,28.9,28.8,28.7,28.6,28.6,28.7,28.5,28.8,28.6,28.5,28.6,28.5,28.7
147,29.0,29.0,29.1,29.0,29.2,29.0,29.0,29.0,29.0,29.0,29.0,29.1,28.8,28.9,28.9,28.8,28.9,28.9,29.1,28.9,28.9,28.9,29.0,29.0,28.9,28.8,28.9,29.1,29.0,29.4,29.5,29.6,29.5,29.7,29.8,29.8,29.7,29.8,29.7,29.8,29.5,29.7,29.5,29.3,29.4,29.1,28.9,28.9,28.7,29.0,28.9,29.0,29.0,29.0,28.8,28.9,28.9,29.0,29.0,29.0,29.0,29.2,29.2,29.2,29.2,29.2,29.0,29.2,29.2,29.2,29.1,29.3,29.1,29.3,29.2,29.0,29.2,29.2,29.0,29.0,29.1,29.0,29.1,29.3,28.9,29.0,29.2,29.2,29.2,29.2,29.2,29.3,29.1,29.1,29.2,29.0,29.0,29.1,29.1,29.0,29.1,29.2,29.1,29.0,29.0,29.0,29.0,29.0,29.0,28.9,28.9,28.8,29.0,28.9,28.7,28.8,29.0,28.9,28.9,29.0,28.8,29.1,28.9,28.8,29.0,29.0,28.8,29.0,28.9,28.9,29.0,29.1,29.0,29.0,29.0,29.0,28.9,28.9,28.8,29.0,28.9,28.8,28.8,28.7,28.8,28.7,28.7,28.8,28.7,28.9,29.0,28.9,29.0,28.9,28.8,29.0,28.8,28.9,29.0,28.9,29.0,29.0,29.0,28.8,28.8,29.0,28.9,28.9,29.0,28.9,28.9,28.9,28.8,28.8,28.8,28.8,28.8,28.8,28.8,28.8,28.7,28.6,28.7,28.5,28.5,28.7,28.5,28.7,28.7,28.5,28.5,28.6
148,29.0,29.0,29.0,29.0,29.0,29.0,29.0,29.1,29.0,29.1,29.1,29.0,29.0,29.0,29.0,29.0,29.0,29.0,29.2,29.1,28.9,29.0,29.0,28.9,28.9,29.1,29.0,29.2,29.3,29.4,29.5,29.6,29.9,29.8,29.9,29.7,29.8,29.8,29.7,29.9,29.8,29.9,29.7,29.5,29.5,29.1,29.1,29.0,28.8,29.0,29.0,28.9,29.0,29.1,29.0,28.9,28.8,29.0,29.1,29.0,29.1,29.2,29.3,29.4,29.2,29.2,29.2,29.2,29.2,29.1,29.1,29.1,29.1,29.0,29.1,29.1,29.2,29.0,29.1,29.0,29.2,29.2,29.0,29.1,29.1,29.2,29.2,29.0,29.2,29.2,29.1,29.3,29.2,29.1,29.1,29.1,28.9,29.1,29.0,29.0,29.1,29.0,29.2,29.2,29.0,29.1,29.1,28.9,29.1,29.2,29.1,28.9,28.9,28.9,28.9,28.8,28.9,28.9,29.0,29.1,29.0,29.0,28.9,29.0,28.8,29.0,29.0,29.0,29.0,29.1,29.0,29.0,29.1,29.0,29.0,29.0,28.9,28.9,28.8,28.9,28.8,28.7,28.8,28.8,28.7,28.7,28.9,28.7,28.9,28.9,29.0,28.8,29.0,28.9,29.0,29.1,28.8,28.9,28.9,28.9,28.9,29.0,28.9,28.8,28.8,28.9,28.9,28.8,28.9,28.9,28.8,28.8,28.9,28.8,28.8,28.7,28.8,28.8,28.8,28.7,28.7,28.7,28.7,28.5,28.6,28.8,28.7,28.6,28.6,28.5,28.5,28.6
149,29.0,29.0,29.0,29.1,29.1,28.9,29.0,29.0,28.9,29.1,28.9,29.0,29.2,29.0,29.1,29.1,29.1,29.1,29.0,28.9,28.9,29.2,29.1,29.0,29.1,29.0,29.0,29.2,29.2,29.5,29.5,29.8,29.7,29.8,29.8,29.8,29.7,29.8,29.6,29.8,29.8,29.6,29.6,29.3,29.3,29.2,29.1,28.9,29.1,28.9,28.9,29.0,29.1,29.1,29.0,29.1,29.0,28.9,29.1,29.1,29.1,29.3,29.4,29.2,29.4,29.4,29.2,29.4,29.3,29.2,29.2,29.2,29.3,29.2,29.1,29.1,29.2,29.1,29.1,29.0,29.0,29.2,29.0,29.1,29.2,29.3,29.1,29.2,29.2,29.2,29.2,29.0,29.2,29.2,29.2,29.0,29.2,29.2,29.0,29.1,29.2,29.1,29.2,29.1,29.2,29.1,29.0,29.0,29.0,29.0,29.0,29.1,29.0,29.0,29.0,28.9,28.9,28.9,28.8,29.0,28.9,29.0,29.0,28.8,29.0,28.9,28.9,29.0,29.0,29.0,29.2,29.1,29.1,29.0,29.1,29.1,29.1,29.0,28.7,28.9,28.9,28.8,28.8,28.8,28.9,28.8,28.8,29.0,28.8,28.8,28.9,28.8,28.9,28.9,28.8,28.8,29.0,28.9,29.0,28.8,29.0,29.0,29.0,28.8,28.9,29.0,28.8,29.0,28.9,29.0,28.9,28.7,28.8,28.9,28.8,28.8,28.7,28.8,28.7,28.8,28.8,28.8,28.9,28.7,28.6,28.7,28.6,28.6,28.5,28.5,28.5,28.5
150,29.0,29.0,29.1,29.1,29.1,29.0,29.0,29.0,29.0,28.9,28.9,28.9,29.0,29.1,29.0,29.0,29.0,29.0,29.0,28.9,29.0,29.2,29.1,29.1,29.0,29.1,29.2,29.2,29.2,29.4,29.5,29.6,29.7,29.8,29.8,29.8,29.8,29.8,29.8,29.9,29.7,29.7,29.4,29.3,29.2,29.2,29.2,29.1,29.1,29.1,29.0,29.1,29.1,29.2,29.2,29.0,29.0,29.0,29.1,29.1,29.3,29.3,29.3,29.3,29.3,29.4,29.3,29.3,29.2,29.2,29.2,29.2,29.2,29.1,29.1,29.1,29.1,29.0,29.0,29.0,29.0,29.0,29.0,29.0,29.1,29.2,29.2,29.2,29.2,29.2,29.2,29.2,29.2,29.1,29.0,29.0,29.0,29.0,29.0,29.0,29.1,29.0,29.1,29.1,29.2,29.0,29.0,29.0,29.0,29.0,29.0,29.0,29.0,29.0,28.9,28.9,28.9,28.8,28.8,29.0,29.0,29.0,29.0,28.9,28.9,29.0,29.0,29.0,29.0,29.0,29.1,29.1,29.0,29.1,29.1,29.1,29.0,29.0,28.9,28.9,28.8,28.8,28.8,28.8,28.8,28.8,28.8,28.8,28.8,28.8,28.8,28.9,28.9,28.9,29.0,29.0,29.0,29.0,29.0,29.0,28.8,29.0,28.8,28.8,28.9,28.9,29.0,28.7,29.0,28.9,28.9,28.8,28.8,28.9,28.9,28.8,28.9,28.7,28.7,28.7,28.8,28.8,28.7,28.9,28.7,28.7,28.6,28.6,28.6,28.5,28.5,28.5
151,29.1,29.1,29.2,29.0,29.1,29.1,29.0,29.0,29.0,29.0,29.0,28.9,29.1,29.0,29.0,29.0,29.0,29.0,29.0,28.9,29.0,29.2,29.1,29.1,29.0,29.2,29.1,29.2,29.2,29.2,29.5,29.6,29.7,29.8,29.9,29.7,29.8,29.9,29.9,29.7,29.7,29.4,29.4,29.1,29.2,29.2,29.2,29.2,29.1,29.2,29.1,29.2,29.2,29.3,29.2,29.3,29.1,28.9,29.1,29.2,29.3,29.3,29.3,29.3,29.3,29.4,29.3,29.3,29.1,29.2,29.2,29.2,29.2,29.1,29.1,29.2,29.0,29.0,29.0,29.0,29.0,29.0,29.1,29.0,29.0,29.2,29.2,29.3,29.2,29.2,29.3,29.2,29.0,29.0,28.8,29.0,29.0,29.0,29.0,28.9,29.0,29.0,29.0,29.0,29.0,29.2,29.0,29.0,29.1,29.2,29.0,29.0,29.0,29.0,28.9,28.8,28.9,28.8,28.8,29.0,28.7,29.0,29.0,28.9,29.0,28.9,29.0,29.0,29.1,29.1,29.1,29.2,29.0,29.0,29.1,29.1,29.0,28.9,29.0,28.9,28.6,28.8,28.8,28.8,28.8,28.7,29.0,28.8,28.8,29.0,28.8,29.0,29.0,29.1,29.0,29.0,29.0,29.0,29.0,28.9,29.1,28.9,29.1,28.8,28.8,28.9,29.0,29.0,28.7,28.8,28.8,28.9,28.7,28.9,28.9,28.9,28.9,28.7,28.7,28.6,28.7,28.7,28.8,28.6,28.9,28.8,28.7,28.6,28.7,28.7,28.5,28.5
152,29.0,29.2,29.0,29.0,29.0,29.0,29.1,29.0,29.0,29.1,28.9,29.0,29.0,29.2,29.0,29.1,29.1,29.0,29.1,29.1,29.2,29.1,29.0,29.1,29.1,29.1,29.1,29.2,29.1,29.3,29.5,29.6,29.8,29.9,29.9,29.8,29.9,30.1,29.8,29.7,29.6,29.4,29.4,29.3,29.3,29.2,29.3,29.3,29.3,29.2,29.2,29.1,29.1,29.3,29.2,29.1,29.2,29.2,29.0,29.2,29.2,29.2,29.2,29.3,29.3,29.3,29.3,29.1,29.0,29.2,29.2,29.2,29.2,29.2,29.1,29.2,29.0,29.1,29.0,29.0,28.9,29.2,29.1,29.0,29.1,29.1,29.2,29.2,29.3,29.2,29.1,29.3,29.0,29.2,29.0,29.0,29.2,29.0,29.2,29.1,29.1,29.1,29.2,29.1,29.2,29.0,29.0,29.1,29.0,29.2,29.0,29.0,29.0,29.0,28.9,28.9,28.8,29.0,28.8,28.9,28.8,29.0,28.8,29.0,28.9,28.9,28.9,29.1,29.1,29.0,29.0,29.1,29.1,28.9,29.0,29.0,28.8,28.8,28.9,28.9,28.8,28.8,28.8,28.9,28.9,28.7,28.7,28.8,28.9,28.9,28.8,28.9,29.1,29.0,28.8,29.0,29.0,28.9,29.0,28.9,29.0,28.9,29.0,28.9,28.8,29.0,28.8,28.8,28.8,28.8,28.8,28.6,28.7,28.8,28.7,28.8,28.7,28.7,28.6,28.8,28.7,28.5,28.8,28.6,28.7,28.7,28.6,28.5,28.5,28.6,28.5,28.4
153,29.1,29.0,29.1,29.1,29.1,29.2,29.1,29.2,29.0,29.3,29.2,29.2,29.2,29.3,29.4,29.4,29.2,29.2,29.2,29.2,29.2,29.3,29.2,29.3,29.3,29.2,29.3,29.4,29.4,29.4,29.6,29.9,29.9,29.8,29.9,29.8,30.0,29.9,29.8,30.0,29.5,29.4,29.4,29.3,29.4,29.3,29.4,29.4,29.5,29.2,29.3,29.2,29.2,29.2,29.2,29.1,29.1,29.2,29.0,29.2,29.2,29.2,29.4,29.2,29.3,29.3,29.2,29.1,29.3,29.2,29.2,29.2,29.2,29.2,29.2,29.1,29.1,29.0,29.1,29.0,29.0,29.0,29.1,29.1,29.1,29.1,29.2,29.1,29.1,29.3,29.1,29.1,29.1,28.9,29.1,29.1,28.9,29.0,29.1,29.0,29.2,29.1,29.0,29.1,28.9,28.9,29.1,29.1,28.9,29.0,29.2,29.2,29.1,28.9,29.1,28.8,28.9,28.9,29.0,29.0,28.9,28.9,28.8,28.9,29.0,28.9,28.8,28.9,28.9,29.0,29.2,29.1,29.0,29.0,29.0,29.0,29.0,29.0,29.0,29.0,29.0,28.9,28.9,28.8,28.8,28.8,28.7,28.7,28.9,28.9,29.0,28.8,29.0,28.8,28.9,29.1,29.0,29.1,29.1,28.8,29.0,29.0,29.1,28.9,28.9,28.8,28.9,28.8,28.9,28.9,28.8,28.9,28.9,28.9,28.8,28.8,28.7,28.6,28.5,28.6,28.7,28.7,28.5,28.6,28.6,28.7,28.7,28.6,28.7,28.4,28.5,28.6
154,29.2,29.2,29.3,29.4,29.3,29.2,29.2,29.2,29.4,29.3,29.4,29.3,29.2,29.3,29.2,29.4,29.4,29.4,29.5,29.5,29.6,29.4,29.3,29.4,29.5,29.4,29.6,29.7,29.5,29.7,29.8,29.8,30.0,29.8,29.9,29.8,29.9,30.0,29.9,29.9,29.8,29.6,29.5,29.7,29.7,29.8,29.7,29.6,29.5,29.5,29.5,29.2,29.3,29.3,29.2,29.0,29.0,29.2,29.2,29.0,29.1,29.1,29.1,29.2,29.4,29.2,29.2,29.2,29.2,29.3,29.2,29.2,29.1,29.2,29.3,29.1,29.0,29.0,29.0,29.1,28.9,29.0,29.0,29.2,29.0,29.3,29.3,29.0,29.1,29.2,29.0,29.2,29.0,29.0,29.0,29.1,28.9,29.2,29.1,29.2,29.0,29.2,29.0,29.0,29.1,29.0,29.0,29.0,29.0,29.0,29.1,28.9,29.2,29.0,28.9,29.1,29.1,29.0,29.0,28.8,29.0,29.0,28.8,28.8,28.8,28.8,28.9,29.2,29.0,29.1,29.0,29.0,29.0,28.9,29.0,28.9,28.9,29.0,28.8,29.0,29.1,29.0,28.9,28.9,28.8,29.0,28.8,28.8,28.9,29.1,29.0,28.9,29.0,28.9,28.9,29.0,29.1,28.9,29.1,29.0,29.0,28.9,29.0,28.9,29.0,28.8,28.9,28.9,28.9,28.9,28.9,28.8,28.8,28.8,28.8,28.9,28.7,28.9,28.7,28.8,28.7,28.8,28.8,28.5,28.6,28.7,28.6,28.6,28.5,28.6,28.5,28.7
155,29.2,29.4,29.3,29.4,29.2,29.4,29.4,29.3,29.4,29.2,29.4,29.4,29.4,29.6,29.2,29.4,29.5,29.5,29.6,29.5,29.6,29.5,29.4,29.6,29.5,29.7,29.7,29.8,29.6,29.6,29.8,29.8,29.9,29.9,29.9,29.9,30.0,29.8,29.9,29.9,29.7,29.6,29.4,29.7,29.7,29.7,29.8,29.9,29.8,29.5,29.7,29.4,29.2,29.2,29.1,29.2,29.0,29.2,29.1,29.1,29.0,29.2,29.2,29.2,29.2,29.1,29.2,29.1,29.1,29.3,29.2,29.3,29.3,29.2,29.2,29.1,29.1,29.1,29.0,29.0,28.9,28.9,29.0,29.1,29.0,29.0,29.1,29.2,29.0,29.0,28.8,29.0,28.9,29.0,28.9,29.0,29.0,29.0,29.1,29.0,29.3,29.2,29.1,29.1,29.1,29.0,28.9,29.1,28.9,29.0,29.0,29.1,29.0,29.1,28.9,29.0,29.0,29.1,28.9,28.9,29.0,29.0,28.9,29.0,28.8,28.7,29.0,29.0,28.9,29.2,29.1,29.1,29.1,28.9,29.0,29.0,29.0,29.1,28.9,29.2,29.2,29.1,29.0,29.0,29.1,28.7,28.9,28.9,28.9,28.9,29.0,28.9,28.9,28.9,29.0,28.9,28.9,29.2,28.9,29.0,29.0,29.0,29.0,29.1,28.8,28.7,28.8,28.9,28.8,28.8,28.8,28.8,28.8,28.8,28.7,28.8,28.7,28.7,28.6,28.7,28.8,28.6,28.5,28.7,28.7,28.6,28.6,28.5,28.5,28.5,28.4,28.6
156,29.3,29.3,29.4,29.3,29.4,29.4,29.4,29.4,29.3,29.3,29.4,29.4,29.4,29.4,29.5,29.5,29.6,29.5,29.5,29.7,29.6,29.7,29.5,29.6,29.6,29.7,29.9,29.7,29.9,29.8,29.9,29.8,30.1,30.0,29.9,29.9,29.9,30.1,29.8,29.9,29.8,29.7,29.8,29.7,29.9,30.0,29.9,29.8,29.8,29.7,29.6,29.5,29.3,29.3,29.2,29.2,29.2,29.2,29.2,29.1,29.1,29.2,29.2,29.2,29.1,29.4,29.2,29.1,29.3,29.1,29.3,29.2,29.2,29.1,29.2,29.2,29.2,29.2,28.9,29.0,28.8,29.1,28.9,29.0,29.1,29.0,29.0,29.0,29.2,29.0,29.0,29.1,28.9,29.0,29.0,29.1,29.0,29.1,29.2,29.1,29.2,29.1,29.3,29.0,29.0,29.1,29.1,29.0,29.0,29.0,29.0,29.0,29.1,29.2,29.1,29.0,29.0,29.1,29.1,29.0,28.9,28.9,28.9,28.8,28.8,28.9,28.8,29.0,29.0,29.0,29.0,29.2,29.0,29.1,29.0,29.1,29.0,29.0,29.3,29.2,29.1,29.1,29.1,29.2,28.9,29.1,28.9,29.0,28.9,28.9,29.0,28.8,28.9,29.0,29.0,29.0,29.0,28.9,29.0,28.8,28.9,28.9,29.0,28.8,29.0,28.9,28.9,28.8,28.7,28.9,28.9,28.8,28.8,28.7,28.8,28.8,28.7,28.8,28.7,28.5,28.8,28.7,28.7,28.7,28.6,28.7,28.6,28.5,28.6,28.3,28.5,28.3
157,29.4,29.3,29.4,29.4,29.4,29.5,29.5,29.4,29.5,29.4,29.4,29.3,29.6,29.5,29.4,29.4,29.7,29.7,29.8,29.7,29.6,29.8,29.8,29.8,29.7,29.7,29.8,29.9,29.8,29.9,29.9,29.9,30.0,30.1,30.1,29.9,29.9,30.0,30.0,29.8,29.8,29.6,29.6,29.8,30.0,30.1,30.1,30.0,30.0,29.9,29.8,29.6,29.5,29.3,29.3,29.1,29.1,29.0,29.0,29.0,29.2,29.1,29.1,29.2,29.3,29.1,29.3,29.2,29.2,29.3,29.2,29.4,29.4,29.0,29.4,29.1,29.0,29.0,29.1,29.1,29.0,28.9,29.1,29.0,29.0,28.9,29.0,29.0,29.0,29.0,29.0,29.0,29.0,29.1,28.8,28.9,29.0,29.0,29.1,29.0,29.2,29.3,29.0,29.1,29.2,29.1,29.2,29.0,29.1,29.2,29.1,29.0,29.1,29.1,28.8,29.0,28.9,29.0,28.9,29.0,28.9,28.9,28.7,28.8,28.8,28.8,28.8,29.0,28.9,29.0,29.1,29.2,28.9,29.0,29.0,29.1,29.1,29.1,29.1,29.1,29.3,29.2,29.2,29.1,29.1,29.1,29.0,29.0,28.9,28.9,28.9,29.0,28.8,29.0,29.0,29.0,28.8,29.0,29.0,29.1,28.9,29.1,29.0,28.9,29.0,29.1,28.9,28.8,28.8,28.8,28.7,28.8,28.8,28.7,28.8,28.9,28.8,28.6,28.9,28.5,28.7,28.8,28.7,28.6,28.5,28.8,28.7,28.6,28.7,28.5,28.5,28.5
158,29.3,29.4,29.4,29.4,29.4,29.5,29.5,29.3,29.5,29.4,29.4,29.4,29.5,29.5,29.5,29.5,29.5,29.6,29.5,29.6,29.6,29.6,29.6,29.7,29.5,29.6,29.8,29.9,29.9,29.8,29.9,29.9,29.9,30.0,29.8,29.8,30.1,29.9,29.8,29.7,29.9,29.7,29.6,30.0,30.0,30.0,30.1,30.1,29.9,29.9,29.9,29.6,29.4,29.4,29.2,29.2,29.0,29.0,29.0,29.2,29.1,29.1,29.1,29.2,29.2,29.2,29.1,29.2,29.3,29.1,29.2,29.3,29.4,29.2,29.0,29.2,29.2,29.2,29.1,28.9,28.9,28.9,29.0,29.1,29.1,29.0,29.1,29.0,29.1,29.1,28.9,29.1,28.8,29.0,29.0,29.1,29.1,29.1,29.2,29.1,29.2,29.2,29.2,29.2,29.1,29.2,29.2,29.3,29.2,29.1,29.2,29.0,29.1,29.0,29.0,29.0,29.0,28.9,29.0,29.1,28.8,28.9,28.9,28.8,28.8,28.8,28.9,29.0,29.0,28.9,29.0,29.1,28.8,29.0,29.1,29.1,29.2,29.2,29.2,29.2,29.3,29.2,29.4,29.2,29.2,29.3,29.0,28.9,28.9,29.0,29.0,29.0,28.9,29.0,28.9,29.0,29.0,29.0,29.0,29.1,28.8,29.0,28.9,28.8,28.9,28.9,28.9,28.8,28.8,29.0,28.8,28.8,28.7,28.8,28.7,28.7,28.7,28.8,28.8,28.6,28.8,28.6,28.5,28.6,28.6,28.6,28.5,28.4,28.6,28.6,28.7,28.7
159,29.3,29.3,29.4,29.3,29.4,29.5,29.6,29.4,29.5,29.4,29.6,29.5,29.6,29.5,29.5,29.6,29.6,29.5,29.5,29.5,29.8,29.7,29.7,29.6,29.6,29.9,29.7,29.9,29.8,29.8,30.0,29.8,30.1,29.9,29.9,29.9,29.9,30.0,29.8,29.9,29.8,29.6,29.7,29.8,30.0,30.0,30.1,29.9,30.1,29.9,29.7,29.5,29.3,29.2,29.1,29.1,29.0,29.0,29.0,28.9,29.0,29.0,29.1,29.1,29.3,29.3,29.3,29.2,29.1,29.2,29.2,29.2,29.1,29.2,29.0,29.1,29.2,29.1,29.2,29.0,29.1,29.1,29.2,29.1,29.1,29.1,29.0,29.0,29.0,29.1,28.8,29.1,29.0,29.0,29.0,29.1,29.1,29.1,29.2,29.3,29.2,29.4,29.1,29.2,29.0,29.2,29.0,29.0,29.0,29.2,29.2,29.0,29.0,29.1,29.1,29.0,29.0,29.1,29.0,29.0,29.0,29.0,28.9,29.0,28.8,28.9,29.0,29.0,29.0,29.0,28.9,29.2,28.9,29.0,29.1,29.2,29.3,29.3,29.2,29.2,29.3,29.2,29.3,29.4,29.1,29.1,29.0,28.8,29.0,29.0,29.2,28.9,29.0,28.9,29.0,28.9,28.8,29.0,28.9,29.0,28.8,29.2,29.1,29.0,28.8,28.8,28.8,28.8,28.7,28.5,28.8,28.8,28.9,28.9,28.7,28.6,28.8,28.8,28.6,28.7,28.8,28.8,28.6,28.7,28.6,28.6,28.6,28.5,28.5,28.7,28.6,28.5
160,29.3,29.4,29.4,29.4,29.3,29.6,29.6,29.4,29.5,29.5,29.5,29.4,29.6,29.4,29.5,29.5,29.5,29.5,29.7,29.6,29.6,29.6,29.8,29.6,29.8,29.9,29.9,29.8,29.9,29.8,29.9,30.0,30.0,30.1,30.0,30.1,30.0,29.9,30.0,30.0,29.7,29.7,29.7,29.7,29.9,30.0,30.1,30.0,29.9,29.8,29.8,29.5,29.4,29.3,29.2,29.0,29.1,29.0,29.2,29.0,29.0,29.1,29.2,29.2,29.4,29.3,29.3,29.2,29.2,29.1,29.2,29.2,29.2,29.2,29.2,29.1,29.1,29.1,28.9,28.9,29.0,29.1,29.2,29.2,29.1,29.3,29.1,29.0,28.9,29.0,29.1,29.0,28.9,29.1,29.0,29.2,29.2,29.2,29.1,29.1,29.2,29.2,29.1,29.2,29.2,29.4,29.1,29.1,29.1,29.2,29.2,29.1,29.1,29.1,29.2,29.1,29.0,28.9,29.0,29.0,29.0,28.9,28.9,28.8,28.8,29.0,29.0,28.9,29.0,29.2,29.0,29.2,29.0,29.0,29.0,29.2,29.1,29.0,29.2,29.2,29.1,29.2,29.2,29.3,29.4,29.1,29.0,29.1,28.8,28.9,29.0,29.1,29.0,28.8,28.9,29.0,29.0,28.9,29.1,29.0,28.9,28.9,29.0,29.0,28.9,29.0,28.9,28.9,28.9,28.8,28.8,28.8,28.7,28.6,28.6,28.8,28.6,28.8,28.7,28.7,28.8,28.7,28.6,28.6,28.6,28.6,28.5,28.5,28.5,28.5,28.3,28.5
161,29.4,29.4,29.3,29.4,29.5,29.5,29.5,29.6,29.5,29.4,29.5,29.5,29.5,29.5,29.5,29.7,29.7,29.6,29.6,29.7,29.6,29.6,29.6,29.7,29.9,29.8,29.8,29.9,29.9,29.9,29.9,29.9,30.1,30.0,30.1,29.8,30.1,30.1,30.0,29.8,29.6,29.6,29.6,29.7,29.8,29.9,29.9,30.0,29.9,29.7,29.7,29.5,29.3,29.2,29.2,29.2,29.1,29.1,28.9,29.2,29.2,29.1,29.0,29.2,29.2,29.3,29.3,29.4,29.2,29.3,29.3,29.2,29.0,29.2,29.1,29.1,29.2,29.2,29.3,29.1,29.0,29.1,29.1,29.2,29.2,29.2,29.2,29.2,29.2,29.0,29.1,29.0,29.0,29.1,29.1,29.1,29.1,29.3,29.1,29.1,29.2,29.2,29.2,29.2,29.3,29.1,29.1,29.2,29.3,29.2,29.2,29.1,29.1,29.0,29.1,29.1,29.0,28.9,28.8,28.9,29.0,29.0,28.8,28.9,29.1,28.9,29.0,29.0,29.1,29.0,29.1,29.0,29.0,29.1,29.0,29.1,29.2,29.4,29.1,29.2,29.2,29.1,29.2,29.4,29.5,29.2,29.0,29.0,28.9,28.9,28.9,28.9,28.9,29.0,29.1,28.9,28.9,29.0,29.0,28.9,29.0,28.8,29.1,28.9,28.9,28.8,28.9,28.8,28.9,28.8,28.8,28.8,28.8,28.8,28.6,28.7,28.7,28.7,28.8,28.8,28.8,28.6,28.8,28.5,28.8,28.6,28.7,28.5,28.6,28.6,28.5,28.4
162,29.2,29.3,29.5,29.3,29.5,29.3,29.3,29.4,29.5,29.6,29.4,29.4,29.5,29.6,29.5,29.6,29.7,29.6,29.5,29.7,29.7,29.6,29.7,29.8,29.8,29.9,29.8,30.0,29.9,29.9,30.0,30.0,29.9,29.9,30.2,29.8,30.1,30.1,29.9,29.8,29.7,29.4,29.5,29.5,29.7,29.8,29.7,29.7,29.7,29.5,29.3,29.4,29.4,29.3,29.2,29.2,29.3,29.2,29.0,29.0,29.2,29.0,29.2,29.1,29.2,29.3,29.3,29.2,29.1,29.0,29.1,29.1,29.1,29.0,29.2,29.0,29.0,29.1,29.2,29.1,29.2,29.0,29.1,29.2,29.2,29.0,29.0,29.2,29.0,29.2,29.0,29.1,29.0,28.8,29.1,29.1,29.0,29.2,29.3,29.2,29.2,29.2,29.3,29.2,29.1,29.2,29.2,29.2,29.1,29.2,29.0,29.2,29.1,29.1,29.1,29.1,28.9,29.0,29.1,29.0,29.1,29.0,28.9,28.9,29.0,28.8,29.0,28.9,29.0,29.0,29.0,29.2,29.1,28.9,29.0,29.1,29.3,29.3,29.3,29.2,29.3,29.1,29.3,29.2,29.3,29.2,29.0,29.0,28.9,29.0,29.0,29.0,29.0,29.0,29.0,28.9,29.0,29.0,29.0,29.0,29.0,28.9,28.9,29.0,28.9,28.9,29.0,28.9,28.9,28.9,29.0,28.7,28.8,28.8,28.9,28.9,28.6,28.7,28.7,28.8,28.9,28.6,28.5,28.6,28.6,28.8,28.7,28.6,28.8,28.6,28.7,28.5
163,29.4,29.4,29.5,29.4,29.4,29.4,29.5,29.4,29.7,29.6,29.5,29.5,29.8,29.5,29.6,29.6,29.7,29.7,29.7,29.8,29.8,29.5,29.9,29.8,29.6,29.7,29.7,29.8,29.9,29.9,30.0,30.0,30.0,30.0,29.9,29.9,29.9,30.1,30.1,29.7,29.6,29.4,29.4,29.4,29.5,29.5,29.6,29.6,29.4,29.4,29.4,29.3,29.3,29.3,29.1,29.2,29.3,29.2,29.1,29.0,29.2,29.1,29.0,29.1,29.3,29.3,29.2,29.1,29.0,29.1,29.0,29.3,29.1,29.0,29.2,29.0,29.0,29.0,29.1,29.1,29.1,28.8,29.2,29.1,29.2,29.0,29.2,29.0,29.0,29.0,29.1,29.1,29.2,29.0,29.1,29.1,29.3,29.2,29.2,29.1,29.3,29.1,29.2,29.3,29.1,29.1,29.1,29.0,29.1,29.0,29.2,29.2,29.1,29.1,29.0,29.0,29.0,29.2,28.9,29.0,29.0,29.0,28.8,28.8,29.0,28.9,28.8,29.0,28.9,29.1,29.1,29.0,29.1,28.9,29.1,29.2,29.3,29.2,29.4,29.5,29.4,29.5,29.3,29.3,29.3,29.2,29.0,28.8,29.0,29.0,28.8,29.1,29.0,29.0,28.9,29.0,29.0,29.0,29.0,28.9,28.9,28.9,29.0,28.9,28.9,29.0,28.8,29.0,28.9,28.8,28.8,28.8,28.7,28.8,28.7,28.8,28.7,28.7,28.7,28.7,28.8,28.7,28.6,28.5,28.7,28.6,28.5,28.8,28.5,28.5,28.5,28.6
164,29.4,29.4,29.4,29.4,29.2,29.4,29.6,29.4,29.6,29.5,29.5,29.5,29.5,29.6,29.6,29.8,29.7,29.7,29.8,29.6,29.8,29.6,29.7,29.9,29.8,29.9,29.7,29.9,29.9,29.9,29.9,30.1,29.9,30.1,30.1,30.1,30.0,30.2,29.9,29.8,29.6,29.6,29.5,29.4,29.4,29.5,29.5,29.4,29.5,29.4,29.3,29.3,29.1,29.3,29.2,29.3,29.2,29.3,29.3,29.2,29.3,29.1,29.3,29.2,29.3,29.3,29.2,29.1,29.1,29.0,29.1,29.2,29.1,29.1,29.0,28.8,29.0,28.9,29.2,29.0,29.0,29.0,29.1,29.1,29.3,29.2,29.1,29.2,29.2,29.0,29.2,29.1,29.2,29.2,29.2,29.1,29.2,29.3,29.3,29.2,29.2,29.4,29.2,29.2,29.3,29.2,29.1,29.2,29.0,29.2,29.3,29.2,29.3,29.3,29.2,29.1,29.1,29.1,29.1,29.0,28.9,28.9,29.0,28.9,29.0,28.9,29.1,29.0,28.9,29.0,29.1,29.0,28.9,28.9,29.0,29.1,29.2,29.1,29.2,29.4,29.2,29.1,29.2,29.3,29.0,29.0,28.9,29.0,28.9,28.9,29.0,29.1,29.0,28.8,28.8,28.9,29.0,29.0,29.0,29.0,28.7,28.9,28.8,28.8,28.8,28.8,28.9,28.9,28.8,28.8,28.8,28.7,28.8,28.8,28.8,28.9,28.6,28.8,28.6,28.7,28.6,28.8,28.6,28.5,28.7,28.5,28.6,28.6,28.3,28.5,28.4,28.5
165,29.3,29.5,29.5,29.4,29.5,29.5,29.5,29.5,29.5,29.5,29.6,29.6,29.7,29.7,29.6,29.8,29.6,29.7,29.9,29.7,29.7,29.8,30.0,29.8,29.8,29.8,29.9,30.0,30.1,30.0,29.9,30.0,30.0,30.1,30.1,30.1,29.9,29.9,30.0,29.8,29.6,29.4,29.5,29.3,29.4,29.4,29.4,29.3,29.3,29.4,29.5,29.3,29.3,29.3,29.3,29.2,29.4,29.2,29.3,29.3,29.4,29.3,29.3,29.5,29.4,29.5,29.2,29.3,29.2,29.1,29.0,29.1,29.2,29.0,29.0,29.0,28.9,29.1,29.0,29.0,29.1,29.2,29.4,29.3,29.2,29.2,29.2,29.2,29.1,29.3,29.0,29.1,29.2,29.1,29.3,29.2,29.1,29.2,29.3,29.2,29.2,29.0,29.2,29.1,29.2,29.2,29.2,29.1,29.3,29.3,29.3,29.4,29.5,29.5,29.4,29.3,29.1,29.1,29.2,29.0,29.1,29.0,29.0,29.1,29.1,28.8,29.0,29.1,28.9,29.1,29.0,29.0,29.0,29.0,29.0,28.9,29.1,28.9,29.0,29.2,29.1,28.9,29.1,29.0,29.1,29.0,28.9,28.9,28.8,28.9,28.8,28.9,28.9,28.8,28.9,28.8,28.9,28.7,29.0,28.9,28.9,29.0,29.0,28.6,28.8,28.8,28.7,28.8,28.9,28.8,28.9,28.7,28.8,28.8,28.7,28.6,28.8,28.8,28.7,28.8,28.6,28.7,28.7,28.7,28.8,28.6,28.7,28.5,28.7,28.5,28.6,28.5
166,29.4,29.4,29.5,29.3,29.5,29.5,29.5,29.6,29.5,29.5,29.5,29.6,29.5,29.6,29.5,29.6,29.7,29.8,29.6,29.7,29.8,29.8,29.9,29.8,29.9,29.9,29.8,29.9,29.9,30.0,30.0,30.0,29.9,30.0,30.1,30.0,30.0,30.1,29.8,29.8,29.7,29.5,29.4,29.4,29.5,29.3,29.4,29.2,29.3,29.4,29.4,29.4,29.3,29.3,29.3,29.2,29.3,29.4,29.3,29.4,29.3,29.4,29.2,29.3,29.3,29.3,29.4,29.2,29.1,29.1,29.1,29.0,29.0,29.0,29.0,29.0,29.0,29.1,29.0,28.9,29.0,29.1,29.2,29.2,29.2,29.3,29.2,29.2,29.4,29.5,29.2,29.3,29.3,29.2,29.2,29.1,29.1,29.3,29.3,29.1,29.2,29.2,29.2,29.2,29.2,29.2,29.0,29.0,29.1,29.2,29.2,29.5,29.5,29.6,29.6,29.2,29.2,29.1,28.9,29.1,29.0,29.1,28.9,28.9,29.1,29.0,29.0,28.9,29.0,29.1,28.9,29.1,29.0,28.9,29.0,29.0,29.0,28.9,29.0,29.0,29.0,29.0,29.1,28.9,28.8,28.9,28.9,28.8,29.0,28.8,28.9,28.9,28.9,28.9,28.8,29.0,29.0,29.0,28.9,29.0,28.9,29.0,29.0,28.9,28.8,28.9,28.8,28.9,28.8,28.8,28.8,28.8,28.8,28.8,28.8,28.7,28.7,28.8,28.6,28.6,28.7,28.6,28.6,28.6,28.7,28.5,28.6,28.5,28.7,28.6,28.5,28.5
167,29.4,29.5,29.4,29.5,29.4,29.5,29.5,29.5,29.6,29.5,29.6,29.6,29.5,29.5,29.5,29.5,29.7,29.6,29.6,29.8,29.8,29.7,29.6,29.8,29.9,29.9,29.9,29.9,29.9,30.0,30.0,29.9,30.0,29.9,29.9,30.0,30.0,29.8,30.0,29.8,29.6,29.4,29.3,29.3,29.2,29.4,29.4,29.3,29.3,29.2,29.4,29.3,29.1,29.2,29.2,29.2,29.2,29.5,29.2,29.3,29.4,29.5,29.2,29.2,29.2,29.3,29.1,29.0,29.1,29.0,28.9,29.1,29.0,29.0,29.1,28.9,29.2,28.9,29.1,29.1,29.0,29.3,29.2,29.2,29.3,29.3,29.5,29.2,29.2,29.3,29.3,29.3,29.4,29.2,29.3,29.3,29.3,29.2,29.2,29.2,29.2,29.3,29.2,29.1,29.0,29.2,29.0,29.3,29.2,29.3,29.4,29.3,29.4,29.4,29.4,29.2,29.1,29.1,29.1,29.0,28.9,28.9,29.0,29.0,29.0,29.0,29.0,29.0,28.9,29.0,28.9,29.0,28.9,28.8,29.0,28.9,29.0,28.9,29.0,28.9,29.0,29.0,28.8,28.7,28.7,28.7,28.7,28.8,28.8,28.8,28.9,28.7,28.8,28.9,28.8,29.0,28.9,29.0,29.0,28.9,28.9,28.8,28.8,28.8,28.8,28.9,28.8,28.8,28.7,28.9,28.7,28.7,28.8,28.8,28.5,28.8,28.6,28.5,28.6,28.6,28.6,28.6,28.7,28.5,28.8,28.5,28.6,28.5,28.5,28.7,28.5,28.5
168,29.4,29.3,29.4,29.5,29.4,29.4,29.5,29.5,29.4,29.6,29.5,29.5,29.5,29.5,29.5,29.6,29.8,29.7,29.7,30.0,29.7,29.8,29.8,29.7,29.9,29.8,30.0,29.9,30.0,29.9,30.0,30.1,30.1,30.0,30.0,30.1,30.0,30.0,29.9,29.8,29.8,29.5,29.5,29.1,29.3,29.5,29.3,29.2,29.3,29.4,29.4,29.3,29.2,29.3,29.2,29.3,29.2,29.2,29.3,29.2,29.2,29.3,29.2,29.1,29.3,29.2,29.1,29.0,29.1,29.0,29.1,29.0,29.2,28.9,29.1,29.0,29.0,29.2,29.3,29.2,29.3,29.2,29.3,29.4,29.5,29.3,29.5,29.5,29.4,29.5,29.3,29.5,29.5,29.4,29.4,29.5,29.3,29.3,29.4,29.3,29.3,29.1,29.2,29.2,29.1,29.2,29.2,29.2,29.3,29.2,29.3,29.4,29.5,29.6,29.2,29.2,29.1,29.2,29.1,28.9,29.0,29.0,28.9,29.2,29.1,29.0,29.0,29.0,28.9,29.1,28.9,28.9,28.8,29.0,28.9,28.9,29.0,29.0,29.0,28.9,28.9,29.0,28.8,29.0,28.9,28.8,28.9,28.8,28.6,28.8,28.8,28.9,28.8,29.0,29.0,28.8,28.8,28.8,29.0,28.9,29.1,29.0,28.9,29.0,28.7,28.8,28.9,28.8,28.9,28.9,28.8,28.7,28.8,28.9,28.8,28.8,28.5,28.8,28.8,28.6,28.6,28.6,28.8,28.7,28.7,28.6,28.8,28.7,28.6,28.6,28.5,28.6
169,29.4,29.4,29.3,29.4,29.3,29.4,29.5,29.5,29.6,29.5,29.5,29.5,29.6,29.5,29.6,29.5,29.8,29.5,29.7,29.8,29.6,29.8,29.8,29.8,29.8,30.0,29.9,29.9,30.0,29.9,30.0,30.0,30.1,30.0,30.1,30.1,30.1,30.0,29.9,29.8,29.5,29.5,29.4,29.2,29.4,29.4,29.3,29.3,29.2,29.1,29.2,29.2,29.2,29.2,29.1,29.1,29.2,29.2,29.2,29.3,29.2,29.3,29.1,29.2,29.2,29.1,28.9,29.0,29.1,29.1,28.9,29.1,29.0,29.2,29.3,29.2,29.1,29.3,29.3,29.2,29.3,29.3,29.2,29.4,29.5,29.5,29.5,29.6,29.5,29.7,29.5,29.5,29.6,29.7,29.8,29.8,29.7,29.6,29.5,29.3,29.3,29.3,29.3,29.3,29.2,29.0,29.3,29.1,29.2,29.2,29.3,29.4,29.4,29.2,29.2,29.2,29.2,29.1,29.1,29.1,29.0,29.0,29.0,29.2,29.0,29.0,29.0,29.0,28.8,29.0,29.0,29.0,29.0,28.9,28.9,28.9,28.9,28.9,28.9,29.0,29.0,29.2,28.8,29.0,28.8,28.9,28.8,28.9,28.8,28.9,28.9,28.8,28.8,28.9,28.9,28.9,28.8,29.0,29.0,28.8,28.8,28.9,28.8,28.9,28.9,28.7,29.0,28.8,28.8,28.8,28.8,28.8,28.7,28.8,28.8,28.8,28.7,28.7,28.7,28.7,28.8,28.7,28.6,28.6,28.5,28.6,28.5,28.5,28.5,28.4,28.5,28.6
170,29.4,29.3,29.4,29.4,29.3,29.4,29.5,29.5,29.5,29.5,29.5,29.5,29.6,29.6,29.7,29.6,29.8,29.7,29.6,29.8,29.8,29.7,29.8,29.9,29.9,29.8,29.9,30.0,29.8,29.8,30.1,30.0,30.0,30.2,29.9,29.8,29.9,30.1,29.9,29.9,29.6,29.5,29.4,29.3,29.2,29.2,29.3,29.1,29.2,29.1,29.1,29.2,29.0,29.1,29.1,29.2,29.0,29.2,29.1,29.2,29.2,29.1,29.1,29.0,29.1,29.0,29.0,29.0,29.0,29.0,29.1,29.2,29.2,29.3,29.2,29.3,29.2,29.1,29.3,29.4,29.2,29.2,29.5,29.4,29.3,29.4,29.4,29.5,29.5,29.5,29.5,29.4,29.7,29.7,30.3,30.2,30.0,29.5,29.5,29.4,29.4,29.4,29.4,29.4,29.3,29.3,29.3,29.1,29.2,29.2,29.1,29.2,29.3,29.3,29.2,29.2,29.2,28.9,29.1,29.0,29.0,29.0,28.9,28.9,28.9,28.9,29.0,28.9,29.0,28.9,29.0,29.0,29.0,29.0,28.8,29.0,28.9,28.9,28.8,29.0,28.9,28.8,28.9,28.9,28.9,28.8,28.8,28.8,28.9,28.9,28.7,28.7,29.0,28.7,28.9,28.9,29.0,29.0,28.8,28.9,28.8,28.9,29.0,28.9,28.8,28.7,28.9,28.8,28.8,28.9,28.7,28.7,28.9,28.8,28.8,28.9,28.7,28.8,28.8,28.7,28.6,28.4,28.7,28.5,28.6,28.8,28.7,28.5,28.7,28.4,28.5,28.5
171,29.4,29.4,29.4,29.5,29.5,29.4,29.4,29.5,29.4,29.5,29.5,29.5,29.6,29.6,29.7,29.5,29.7,29.7,29.9,29.8,29.8,29.9,29.9,29.9,29.9,29.9,29.9,30.0,30.0,30.0,29.9,30.0,29.8,29.9,29.9,29.8,30.0,30.0,30.0,29.7,29.6,29.6,29.4,29.3,29.3,29.2,29.2,29.2,29.2,29.3,29.2,29.2,29.1,29.2,29.0,29.2,29.3,29.1,29.1,29.3,29.3,29.1,28.9,29.0,29.0,29.1,29.0,29.0,28.9,29.2,29.2,29.2,29.4,29.3,29.4,29.2,29.3,29.3,29.4,29.3,29.2,29.4,29.4,29.3,29.4,29.3,29.5,29.6,29.6,29.6,29.5,29.6,29.9,29.9,30.2,30.5,30.2,30.0,29.7,29.4,29.5,29.5,29.5,29.5,29.4,29.4,29.3,29.2,29.2,29.1,29.0,29.1,29.3,29.3,29.3,29.2,29.3,29.1,29.0,29.0,29.1,29.0,29.0,28.9,29.0,29.0,29.1,29.0,29.0,29.0,29.0,29.0,28.9,28.7,29.0,28.9,28.9,28.9,28.8,29.0,28.9,29.0,28.7,28.8,28.9,28.9,28.6,28.8,28.7,28.8,28.7,28.8,28.8,28.7,28.8,28.8,28.7,28.8,28.8,28.8,29.0,28.9,28.8,28.8,28.9,28.8,28.9,28.7,28.7,28.9,28.7,28.7,28.8,28.9,28.7,28.7,28.7,28.5,28.7,28.8,28.8,28.7,28.8,28.6,28.6,28.5,28.7,28.8,28.5,28.5,28.5,28.4
172,29.3,29.4,29.4,29.5,29.4,29.4,29.5,29.5,29.6,29.4,29.6,29.4,29.7,29.5,29.6,29.8,29.7,29.6,29.7,29.6,29.7,29.8,29.7,29.7,29.9,29.6,29.9,29.9,29.9,30.0,30.0,30.1,29.9,29.9,29.9,29.8,29.9,30.1,29.9,29.8,29.7,29.4,29.2,29.2,29.0,29.3,29.1,28.9,29.1,29.0,29.0,29.3,29.1,29.2,29.1,29.2,29.3,29.0,29.2,29.1,29.2,29.0,29.0,29.0,29.0,29.0,29.1,29.1,29.1,29.1,29.2,29.2,29.3,29.4,29.3,29.4,29.1,29.3,29.4,29.2,29.4,29.2,29.4,29.5,29.4,29.4,29.5,29.5,29.4,29.6,29.5,29.6,29.7,29.9,30.1,30.3,30.3,30.0,29.6,29.4,29.3,29.5,29.4,29.3,29.3,29.4,29.2,29.2,29.2,29.3,29.0,29.2,29.3,29.4,29.2,29.2,29.0,29.2,29.1,29.0,29.0,29.0,28.9,29.0,29.0,28.8,29.0,28.9,29.0,29.0,28.9,29.1,28.9,28.9,29.0,28.9,28.8,28.9,28.8,29.0,28.9,28.9,28.7,28.9,28.8,28.8,28.6,28.8,28.6,28.7,28.7,28.8,28.7,28.7,28.7,28.8,28.8,28.7,28.8,28.8,28.8,28.9,28.8,28.9,28.9,28.8,28.8,28.8,28.8,28.8,28.7,28.8,28.9,28.8,28.8,28.7,28.7,28.8,28.8,28.7,28.7,28.8,28.6,28.4,28.6,28.6,28.5,28.6,28.5,28.5,28.6,28.5
173,29.4,29.5,29.4,29.6,29.4,29.5,29.4,29.6,29.5,29.6,29.8,29.6,29.7,29.4,29.9,29.7,29.9,29.7,29.8,29.8,29.8,29.8,29.8,29.8,29.9,29.9,30.0,30.1,29.9,29.8,30.0,29.9,30.0,30.0,30.1,30.0,30.1,29.9,29.7,29.7,29.6,29.4,29.3,29.2,29.3,29.1,29.0,29.1,29.2,29.0,29.2,29.1,29.1,29.2,29.2,29.2,29.2,29.2,29.2,29.2,29.2,29.2,29.1,29.2,29.1,29.2,29.2,29.2,29.0,29.2,29.3,29.3,29.5,29.4,29.2,29.1,29.2,29.4,29.3,29.4,29.4,29.4,29.4,29.4,29.3,29.5,29.4,29.4,29.6,29.5,29.4,29.7,29.9,30.0,30.0,30.3,30.1,29.7,29.7,29.4,29.5,29.4,29.3,29.3,29.4,29.4,29.2,29.2,29.2,29.2,29.3,29.2,29.2,29.4,29.4,29.1,29.2,29.2,29.0,29.1,29.1,29.1,29.0,29.1,28.9,29.0,28.9,28.9,28.8,29.0,29.0,29.0,28.9,28.9,29.0,29.1,28.8,28.9,28.9,28.8,28.9,29.0,28.8,28.8,28.8,28.7,28.8,28.8,28.8,28.7,28.8,28.7,28.7,28.7,28.8,28.7,28.7,28.8,28.8,28.8,28.7,28.9,28.9,28.8,28.8,28.8,28.8,28.8,28.8,28.8,28.6,28.6,28.7,28.7,28.8,28.7,28.8,28.6,28.7,28.6,28.4,28.6,28.6,28.6,28.5,28.5,28.7,28.5,28.5,28.5,28.5,28.6
174,29.4,29.4,29.4,29.4,29.5,29.5,29.4,29.5,29.5,29.4,29.5,29.5,29.5,29.7,29.5,29.7,29.8,29.6,29.8,29.8,29.7,29.8,29.7,29.9,29.8,30.0,29.9,30.0,30.0,29.9,30.0,30.1,30.1,30.0,29.9,29.8,29.9,29.9,29.8,29.7,29.7,29.5,29.2,29.2,29.1,29.3,29.0,29.2,29.2,29.2,29.2,29.1,29.1,29.2,29.1,29.1,29.1,29.1,29.2,29.1,29.1,29.1,28.9,29.1,29.2,29.1,29.0,29.1,29.1,29.0,29.4,29.2,29.5,29.5,29.4,29.4,29.4,29.4,29.5,29.4,29.2,29.3,29.4,29.4,29.3,29.4,29.3,29.5,29.5,29.4,29.5,29.4,29.8,29.9,29.9,29.8,29.8,29.7,29.4,29.4,29.3,29.2,29.4,29.3,29.2,29.2,29.2,29.3,29.2,29.1,29.1,29.3,29.0,29.2,29.0,29.1,29.1,29.2,29.0,29.0,29.0,29.1,29.1,29.0,29.0,29.0,29.0,28.9,29.0,28.9,29.1,28.8,28.9,28.9,29.0,29.0,28.9,29.0,28.8,28.8,28.9,28.8,28.9,28.9,28.6,28.8,28.8,28.8,28.8,28.6,28.7,28.7,28.7,28.8,28.7,28.7,28.8,28.8,28.7,29.0,28.9,28.9,28.9,28.8,28.8,28.8,28.8,28.7,28.7,28.7,28.5,28.8,28.6,28.8,28.7,28.8,28.6,28.6,28.5,28.8,28.6,28.5,28.6,28.5,28.6,28.6,28.7,28.6,28.6,28.3,28.5,28.6
175,29.2,29.3,29.4,29.4,29.4,29.4,29.5,29.4,29.4,29.4,29.4,29.6,29.6,29.5,29.6,29.7,29.7,29.6,29.5,29.8,29.8,29.8,29.7,29.7,29.8,29.8,29.9,29.9,29.8,29.8,30.0,30.0,29.9,29.9,30.0,30.0,30.0,30.0,29.9,29.9,29.5,29.3,29.4,29.2,29.2,29.2,29.2,29.0,28.9,29.1,29.2,28.9,29.1,29.1,29.2,29.1,29.2,29.2,29.3,29.1,29.3,29.2,29.1,29.0,29.2,29.1,29.0,29.1,29.2,29.2,29.4,29.4,29.6,29.5,29.4,29.2,29.4,29.2,29.4,29.3,29.2,29.2,29.4,29.2,29.2,29.3,29.5,29.5,29.4,29.5,29.5,29.7,29.6,29.7,29.9,29.8,29.6,29.6,29.6,29.4,29.3,29.3,29.3,29.2,29.2,29.3,29.1,29.0,29.1,29.2,29.0,29.1,29.2,29.2,29.1,29.2,29.2,29.2,29.1,29.1,29.0,29.0,28.9,29.0,28.9,28.9,28.9,29.0,28.9,29.0,29.0,29.0,29.0,29.0,28.9,29.0,28.8,29.0,28.8,28.9,28.9,28.8,28.8,28.9,28.9,28.8,28.8,28.7,28.8,28.8,28.6,28.7,28.6,28.8,28.8,28.9,28.8,28.8,28.8,28.8,29.0,28.8,28.8,28.8,28.8,28.9,28.8,28.7,28.8,28.8,28.7,28.7,28.8,28.8,28.7,28.7,28.7,28.7,28.6,28.6,28.6,28.5,28.5,28.7,28.6,28.6,28.6,28.5,28.6,28.6,28.7,28.6
176,29.5,29.4,29.5,29.2,29.6,29.5,29.6,29.7,29.6,29.4,29.4,29.4,29.5,29.6,29.6,29.5,29.7,29.8,29.8,29.8,29.7,29.7,29.8,29.8,29.8,29.8,29.9,30.0,29.9,29.9,29.9,30.1,30.0,30.1,30.0,29.9,30.2,30.0,29.9,29.7,29.5,29.5,29.3,29.1,29.3,29.2,29.0,29.1,29.2,29.1,29.1,29.2,29.1,29.1,29.0,29.0,29.2,29.1,29.1,29.1,29.2,29.0,29.1,29.1,29.1,29.2,29.1,29.0,29.0,29.3,29.5,29.5,29.5,29.4,29.4,29.5,29.2,29.3,29.3,29.3,29.4,29.1,29.1,29.2,29.2,29.2,29.3,29.2,29.4,29.2,29.4,29.3,29.4,29.5,29.6,29.7,29.5,29.4,29.3,29.2,29.2,29.2,29.0,29.1,29.2,29.1,29.1,29.0,29.2,29.0,29.0,29.0,29.1,29.1,29.2,29.3,29.5,29.4,29.2,29.1,28.9,28.9,28.9,28.9,29.2,29.0,28.9,29.0,28.8,29.0,29.0,29.1,28.8,28.9,29.0,29.0,28.9,29.0,28.9,28.9,28.8,28.9,29.0,29.0,28.8,28.9,28.8,28.8,28.6,28.7,28.7,28.8,28.6,28.6,28.7,28.6,28.7,28.7,28.7,29.0,28.8,28.8,28.9,28.8,28.7,28.8,28.7,29.0,28.6,28.8,28.7,28.7,28.6,28.7,28.6,28.6,28.7,28.6,28.5,28.5,28.7,28.6,28.6,28.5,28.5,28.5,28.6,28.5,28.5,28.4,28.5,28.6
177,29.5,29.4,29.4,29.4,29.4,29.5,29.5,29.6,29.5,29.4,29.5,29.6,29.6,29.7,29.7,29.5,29.7,29.8,29.8,29.8,29.8,29.9,29.8,29.9,29.8,29.9,29.9,29.9,30.0,30.0,30.0,29.9,30.0,29.9,30.0,30.1,29.9,30.0,29.9,29.8,29.6,29.5,29.2,29.2,29.2,29.2,29.2,29.2,29.1,29.2,29.2,29.1,29.2,29.2,29.3,29.2,29.2,29.1,29.1,29.2,29.2,29.1,29.2,29.1,29.2,29.1,29.3,29.2,29.2,29.1,29.3,29.5,29.5,29.5,29.3,29.4,29.2,29.3,29.2,29.2,29.1,29.1,29.0,29.2,29.0,29.0,29.2,29.1,29.1,29.2,29.2,29.2,29.2,29.2,29.4,29.5,29.1,29.2,29.1,29.0,29.1,28.9,28.9,29.0,28.9,29.0,28.9,28.7,28.9,28.8,28.7,28.8,29.0,29.0,29.3,29.5,29.5,29.4,29.3,29.1,29.0,28.8,28.8,28.8,28.9,28.8,28.9,28.8,28.8,28.8,29.0,29.0,28.9,28.8,28.9,28.9,29.0,28.8,28.7,28.9,28.9,29.0,28.8,28.9,28.9,28.8,28.8,28.7,28.6,28.8,28.6,28.7,28.6,28.7,28.8,28.8,28.7,28.8,28.8,28.8,28.7,28.8,28.8,28.7,28.6,28.8,28.8,28.8,28.8,28.7,28.7,28.7,28.6,28.9,28.6,28.6,28.8,28.7,28.5,28.6,28.5,28.6,28.6,28.6,28.6,28.5,28.6,28.5,28.6,28.4,28.6,28.7
178,29.4,29.5,29.4,29.4,29.4,29.3,29.5,29.3,29.5,29.5,29.6,29.7,29.5,29.5,29.6,29.7,29.8,29.7,29.9,29.8,29.8,29.7,29.9,29.6,29.6,29.9,29.8,29.9,29.9,29.9,29.9,29.9,30.1,30.0,30.0,29.8,30.0,29.9,29.9,29.8,29.7,29.5,29.3,29.2,29.3,29.2,29.2,29.1,29.2,29.2,29.2,29.1,29.1,29.1,29.2,29.2,29.3,29.1,29.0,29.3,29.1,29.2,29.1,29.1,29.2,29.1,29.2,29.2,29.1,29.2,29.4,29.5,29.7,29.5,29.4,29.3,29.4,29.2,29.3,29.2,29.2,29.0,28.8,28.9,29.0,29.1,29.0,29.2,29.1,29.2,29.0,29.2,29.1,29.1,29.1,29.3,29.2,29.0,28.9,28.7,28.8,29.0,28.9,28.9,28.9,28.7,28.8,28.8,28.8,28.6,28.7,28.9,29.0,29.1,29.1,29.3,29.5,29.5,29.3,28.8,29.0,28.9,28.8,28.8,28.8,28.7,28.7,28.7,28.6,28.8,28.7,29.0,28.6,28.8,28.9,29.0,28.7,28.7,28.8,28.8,28.8,28.8,28.8,28.7,28.8,28.9,28.6,28.6,28.7,28.7,28.6,28.6,28.8,28.6,28.7,28.7,28.7,28.7,28.9,28.8,28.9,28.9,28.7,28.8,28.8,28.8,28.8,29.0,28.9,28.8,28.6,28.7,28.8,28.7,28.7,28.7,28.7,28.7,28.6,28.7,28.7,28.7,28.6,28.8,28.6,28.6,28.5,28.5,28.5,28.5,28.3,28.6
179,29.4,29.4,29.4,29.5,29.4,29.4,29.4,29.6,29.5,29.6,29.5,29.4,29.5,29.5,29.7,29.7,29.6,29.6,29.7,29.8,29.7,29.6,29.7,29.9,29.9,29.9,29.8,29.9,30.0,29.8,29.9,30.0,30.0,30.0,30.1,29.9,30.0,30.0,30.0,29.8,29.6,29.4,29.2,29.1,29.1,29.2,29.1,29.1,29.2,29.3,29.2,29.1,29.2,29.4,29.3,29.2,29.2,29.3,29.2,29.2,29.2,29.2,29.0,29.1,29.1,29.0,29.1,29.2,29.1,29.1,29.3,29.4,29.5,29.4,29.4,29.4,29.4,29.3,29.4,29.2,29.1,28.9,28.7,29.0,28.9,28.9,28.9,29.0,28.9,28.9,28.8,28.9,29.0,29.1,29.1,29.1,29.0,28.9,29.0,28.9,28.9,28.8,29.0,28.8,28.7,28.7,28.7,28.8,28.5,28.6,28.6,28.5,28.9,28.9,29.0,29.2,29.6,29.4,29.2,29.0,28.7,28.7,28.6,28.8,28.8,28.8,28.8,28.7,28.8,28.7,28.7,28.6,28.7,28.8,28.7,28.6,28.7,28.7,28.6,28.7,28.7,28.5,28.6,28.6,28.5,28.7,28.6,28.9,28.7,28.8,28.8,28.6,28.7,28.8,28.8,28.6,28.7,28.7,28.7,28.8,28.5,28.8,28.8,28.8,28.8,28.9,28.8,28.8,28.7,28.8,28.7,28.5,28.7,28.7,28.7,28.6,28.7,28.7,28.7,28.6,28.7,28.6,28.5,28.5,28.6,28.6,28.5,28.5,28.3,28.3,28.5,28.6
180,29.3,29.3,29.4,29.4,29.5,29.4,29.4,29.5,29.5,29.5,29.4,29.5,29.5,29.4,29.6,29.7,29.8,29.7,29.7,29.7,29.7,29.7,29.8,29.8,29.9,30.0,29.9,29.9,29.9,29.9,29.9,29.9,30.1,29.9,29.8,29.8,30.0,30.0,30.0,29.9,29.5,29.6,29.3,29.1,29.3,29.2,29.3,29.2,29.3,29.0,29.2,29.2,29.0,29.1,29.2,29.4,29.2,29.3,29.3,29.1,29.1,29.1,29.3,29.1,29.2,29.1,29.2,29.1,29.1,29.1,29.5,29.5,29.6,29.6,29.5,29.4,29.3,29.2,29.3,29.2,29.1,29.0,29.0,28.9,28.8,29.0,28.7,29.0,28.8,28.9,28.9,28.7,29.0,29.0,29.0,28.9,28.9,29.0,28.8,28.7,29.0,28.8,28.8,28.7,28.7,28.9,28.8,28.7,28.6,28.5,28.6,28.8,28.8,29.0,29.2,29.3,29.3,29.2,29.2,29.0,28.9,28.6,28.9,28.7,28.7,28.6,28.6,28.8,28.7,28.6,28.8,28.8,28.8,28.6,28.8,28.7,28.8,28.7,28.7,28.6,28.8,28.8,28.7,28.7,28.6,28.6,28.7,28.8,28.5,28.8,28.7,28.8,28.7,28.7,28.7,28.7,28.8,28.7,28.8,28.8,28.8,28.8,28.8,28.9,28.8,28.8,28.9,28.8,28.9,29.0,28.8,28.8,28.9,28.7,28.8,28.6,28.7,28.7,28.7,28.6,28.7,28.7,28.6,28.6,28.6,28.7,28.6,28.7,28.3,28.4,28.4,28.5
181,29.4,29.3,29.4,29.4,29.4,29.5,29.3,29.5,29.7,29.5,29.5,29.5,29.5,29.8,29.7,29.8,29.7,29.5,29.7,29.7,29.7,29.8,29.7,29.7,29.9,29.9,29.8,29.9,30.0,29.8,29.8,29.9,30.1,29.9,30.0,29.9,29.9,30.1,29.9,29.9,29.8,29.5,29.5,29.2,29.2,29.4,29.2,29.3,29.2,29.3,29.1,29.2,29.3,29.2,29.1,29.4,29.2,29.3,29.2,29.3,29.1,29.1,29.0,29.0,29.2,29.1,29.1,29.1,29.2,29.3,29.5,29.4,29.5,29.5,29.2,29.4,29.2,29.2,29.2,29.2,29.0,29.0,28.8,29.0,28.9,28.9,29.0,28.9,29.0,29.0,29.0,28.9,28.9,29.1,28.9,28.9,28.8,28.9,28.9,28.8,28.8,28.7,28.8,28.9,28.7,28.8,28.7,28.8,28.6,28.6,28.6,28.5,28.9,29.1,29.1,29.3,29.1,29.2,28.9,29.0,28.6,28.6,28.7,28.7,28.7,28.6,28.7,28.6,28.5,28.8,28.6,28.7,28.6,28.7,28.6,28.7,28.7,28.7,28.6,28.6,28.5,28.7,28.8,28.5,28.7,28.8,28.6,28.5,28.8,28.5,28.7,28.7,28.7,28.6,28.8,28.6,28.7,28.8,28.8,28.9,28.8,28.9,28.7,28.7,28.6,28.8,28.8,28.8,28.7,28.8,28.8,28.7,28.8,28.8,28.7,28.7,28.7,28.7,28.7,28.6,28.8,28.7,28.7,28.4,28.7,28.6,28.4,28.3,28.6,28.5,28.6,28.3
182,29.4,29.2,29.4,29.4,29.5,29.5,29.3,29.5,29.5,29.5,29.4,29.5,29.6,29.5,29.7,29.7,29.6,29.8,29.6,29.7,29.8,29.8,29.8,29.9,29.8,29.9,29.9,29.9,29.9,30.0,30.0,30.1,29.9,29.9,30.1,29.9,29.9,30.1,29.7,29.9,29.6,29.5,29.4,29.2,29.2,29.2,29.1,29.4,29.2,29.2,29.2,29.2,29.2,29.2,29.3,29.4,29.4,29.3,29.1,29.2,29.1,29.2,29.0,29.1,29.3,29.1,29.1,29.2,29.2,29.4,29.5,29.5,29.7,29.5,29.4,29.5,29.4,29.4,29.3,29.2,29.0,28.8,28.8,28.9,28.8,28.9,28.8,28.8,28.8,28.9,29.0,28.9,28.9,28.9,28.9,28.9,28.8,28.8,28.8,28.8,28.8,28.8,28.7,28.8,28.7,28.7,28.6,28.8,28.7,28.6,28.5,28.6,28.9,29.1,29.0,29.2,29.1,29.0,28.9,28.9,28.8,28.8,28.7,28.8,28.7,28.7,28.8,28.7,28.6,28.6,28.7,28.7,28.7,28.5,28.7,28.7,28.7,28.6,28.7,28.7,28.6,28.8,28.6,28.5,28.5,28.4,28.6,28.7,28.6,28.8,28.7,28.6,28.8,28.8,28.5,28.6,28.6,28.7,28.8,28.9,28.8,28.7,28.7,28.7,28.7,28.8,28.7,28.7,28.8,28.7,28.7,28.7,28.8,28.8,28.8,28.6,28.7,28.7,28.7,28.6,28.7,28.6,28.6,28.6,28.4,28.6,28.7,28.5,28.5,28.3,28.5,28.5
183,29.2,29.5,29.4,29.3,29.5,29.3,29.5,29.5,29.4,29.5,29.4,29.4,29.7,29.4,29.6,29.6,29.6,29.7,29.7,29.6,29.7,29.6,29.6,29.5,29.8,29.7,29.8,29.9,29.9,29.9,30.0,29.9,29.9,29.8,29.8,29.8,29.9,30.1,29.7,29.7,29.6,29.4,29.4,29.2,29.0,29.3,29.3,29.3,29.2,29.1,29.1,29.2,29.2,29.3,29.3,29.2,29.3,29.2,29.1,29.2,29.1,29.1,29.3,29.1,29.2,29.2,29.1,29.2,29.1,29.2,29.3,29.5,29.5,29.4,29.5,29.3,29.4,29.3,29.4,29.3,29.1,29.0,28.9,28.9,29.0,29.0,28.8,28.8,28.9,28.8,28.9,28.9,28.8,28.8,28.7,28.9,28.7,28.9,28.8,28.7,28.9,28.8,28.7,28.7,28.7,28.7,28.7,28.6,28.6,28.6,28.6,28.5,28.8,29.0,29.0,29.1,29.2,29.0,29.0,28.8,28.8,28.7,28.8,28.8,28.8,28.8,28.6,28.8,28.7,28.7,28.7,28.8,28.6,28.6,28.6,28.8,28.6,28.8,28.5,28.8,28.6,28.5,28.7,28.7,28.7,28.5,28.7,28.5,28.5,28.6,28.6,28.7,28.5,28.5,28.8,28.7,28.7,28.6,28.7,28.9,28.7,28.7,28.8,28.8,28.7,28.8,28.8,28.8,28.7,28.8,28.6,28.6,28.6,28.7,28.7,28.5,28.6,28.7,28.6,28.6,28.6,28.6,28.7,28.5,28.5,28.5,28.6,28.6,28.5,28.5,28.5,28.3
184,29.4,29.4,29.4,29.3,29.5,29.2,29.4,29.4,29.5,29.3,29.4,29.5,29.3,29.5,29.7,29.4,29.5,29.6,29.8,29.6,29.9,29.7,29.9,29.8,29.8,29.8,29.7,29.8,29.8,29.9,29.9,30.0,30.1,29.9,29.9,29.9,29.8,29.9,29.9,29.6,29.6,29.4,29.4,29.2,29.3,29.2,29.1,29.2,29.0,29.2,29.2,29.1,29.2,29.4,29.2,29.3,29.2,29.3,29.2,29.3,29.3,29.1,29.1,29.0,29.1,29.1,29.2,29.1,29.3,29.2,29.4,29.6,29.5,29.5,29.5,29.3,29.4,29.4,29.3,29.0,29.1,29.0,29.0,29.0,28.9,29.0,28.8,28.9,28.8,28.9,28.9,28.9,28.8,28.8,28.9,29.0,28.8,28.8,28.8,28.7,28.7,28.7,28.7,28.8,28.7,28.8,28.6,28.6,28.8,28.6,28.6,28.8,28.7,29.1,29.0,29.2,29.1,29.0,28.9,28.8,28.9,28.7,28.7,28.9,28.7,28.7,28.7,28.6,28.7,28.7,28.7,28.7,28.5,28.7,28.8,28.6,28.7,28.8,28.6,28.8,28.8,28.6,28.6,28.7,28.6,28.6,28.6,28.7,28.6,28.6,28.7,28.5,28.7,28.5,28.7,28.6,28.5,28.7,28.7,28.7,28.8,28.7,28.6,28.7,28.6,28.6,28.8,28.7,28.7,28.7,28.8,28.8,28.7,28.7,28.6,28.7,28.5,28.5,28.7,28.5,28.7,28.6,28.6,28.5,28.5,28.7,28.5,28.5,28.5,28.3,28.5,28.7
185,29.4,29.3,29.3,29.2,29.2,29.4,29.4,29.4,29.4,29.6,29.5,29.5,29.6,29.5,29.5,29.7,29.6,29.6,29.7,29.6,29.7,29.7,29.6,29.7,29.9,29.8,29.7,29.7,29.8,29.9,30.0,29.9,30.1,29.9,29.9,29.8,29.9,30.1,29.9,29.8,29.5,29.5,29.3,29.2,29.2,29.3,29.1,29.3,29.4,29.3,29.3,29.3,29.3,29.2,29.2,29.4,29.3,29.3,29.1,29.4,29.2,29.2,29.1,29.1,29.3,29.2,29.2,29.2,29.2,29.3,29.4,29.4,29.6,29.4,29.4,29.2,29.2,29.3,29.2,29.2,28.9,29.0,29.0,29.0,29.0,28.8,28.9,28.9,28.9,28.8,28.8,28.8,28.8,29.0,28.8,28.9,28.9,28.8,28.6,28.8,28.8,28.8,28.9,28.7,28.7,28.8,28.6,28.7,28.6,28.8,28.7,28.7,29.0,29.1,29.0,29.0,29.1,28.9,28.8,28.8,28.9,28.8,28.8,28.6,28.6,28.7,28.8,28.6,28.8,28.8,28.8,28.8,28.7,28.6,28.6,28.6,28.8,28.7,28.7,28.8,28.8,28.6,28.7,28.5,28.6,28.8,28.7,28.6,28.5,28.5,28.4,28.5,28.6,28.8,28.6,28.6,28.7,28.8,28.7,28.6,28.7,28.7,28.8,28.6,28.9,28.7,28.8,28.7,28.6,28.8,28.6,28.9,28.6,28.6,28.8,28.8,28.6,28.7,28.4,28.4,28.6,28.7,28.5,28.7,28.5,28.5,28.5,28.6,28.5,28.6,28.4,28.5
186,29.2,29.3,29.2,29.2,29.3,29.4,29.2,29.5,29.5,29.3,29.3,29.5,29.4,29.5,29.7,29.6,29.5,29.6,29.6,29.7,29.5,29.6,29.7,29.7,29.6,29.9,29.8,29.8,29.9,29.9,30.0,29.9,29.9,29.7,29.9,29.9,29.9,30.0,29.9,29.9,29.7,29.5,29.3,29.2,29.2,29.2,29.2,29.2,29.1,29.2,29.1,29.3,29.2,29.2,29.3,29.4,29.1,29.2,29.2,29.2,29.2,29.2,29.0,29.0,29.0,29.2,29.0,29.0,29.3,29.2,29.3,29.4,29.6,29.5,29.4,29.1,29.4,29.3,29.2,29.1,29.1,28.9,28.9,29.0,28.9,29.0,28.9,28.8,28.7,28.9,28.7,28.7,28.7,28.9,28.9,28.9,28.6,28.9,28.6,28.8,28.7,28.7,28.7,28.8,28.8,28.8,28.7,28.7,28.7,28.6,28.7,28.7,28.8,29.0,29.0,29.0,29.2,28.9,28.8,28.8,28.7,28.7,28.6,28.8,28.7,28.7,28.7,28.8,28.7,28.7,28.6,28.8,28.7,28.8,28.7,28.7,28.7,28.7,28.6,28.7,28.8,28.7,28.7,28.8,28.7,28.7,28.6,28.5,28.5,28.5,28.6,28.4,28.8,28.5,28.6,28.8,28.6,28.7,28.8,28.7,28.6,28.8,28.8,28.7,28.7,28.7,28.8,29.0,28.8,28.7,28.7,28.8,28.8,28.8,28.5,28.7,28.7,28.5,28.6,28.6,28.6,28.8,28.6,28.6,28.7,28.5,28.4,28.5,28.5,28.3,28.5,28.5
187,29.3,29.4,29.4,29.2,29.4,29.4,29.3,29.4,29.5,29.4,29.4,29.3,29.4,29.5,29.6,29.5,29.5,29.7,29.5,29.7,29.8,29.7,29.8,29.6,29.6,29.8,29.9,29.8,29.8,29.9,29.7,30.0,29.8,29.8,29.9,29.8,29.7,29.9,29.8,29.8,29.5,29.5,29.5,29.1,29.3,29.3,29.2,29.2,29.3,29.1,29.2,29.2,29.2,29.4,29.2,29.2,29.4,29.1,29.4,29.2,29.2,29.2,29.0,29.1,29.0,29.1,29.2,29.1,29.2,29.1,29.2,29.4,29.4,29.5,29.3,29.2,29.3,29.3,29.1,29.1,29.0,28.7,28.9,29.0,29.0,28.9,28.9,28.9,28.8,28.9,28.7,28.9,28.8,28.7,28.8,28.8,28.6,28.7,28.7,28.6,28.8,28.7,28.8,28.7,28.7,28.7,28.8,28.7,28.7,28.7,28.6,28.8,28.8,29.0,28.9,29.1,29.1,29.0,28.9,28.8,28.9,28.7,28.7,28.7,28.7,28.6,28.8,28.7,28.7,28.6,28.5,28.8,28.6,28.8,28.7,28.7,28.7,28.7,28.7,28.8,28.6,28.6,28.6,28.6,28.8,28.7,28.7,28.5,28.6,28.7,28.5,28.7,28.6,28.7,28.6,28.6,28.5,28.8,28.8,28.5,28.6,28.7,28.7,28.7,28.8,28.8,28.8,28.8,28.7,28.6,28.8,28.6,28.7,28.6,28.7,28.5,28.7,28.6,28.5,28.6,28.5,28.5,28.5,28.4,28.5,28.5,28.6,28.5,28.4,28.4,28.2,28.3
188,29.3,29.3,29.2,29.2,29.2,29.3,29.5,29.5,29.4,29.4,29.5,29.4,29.5,29.5,29.6,29.5,29.7,29.6,29.5,29.6,29.6,29.7,29.6,29.7,29.7,29.8,29.8,29.7,29.7,29.8,29.8,29.8,29.9,30.0,29.9,30.0,29.8,29.9,29.9,29.6,29.7,29.4,29.4,29.1,29.2,29.2,29.2,29.2,29.2,29.2,29.2,29.3,29.1,29.4,29.3,29.3,29.3,29.2,29.4,29.2,29.1,29.2,29.2,29.1,29.2,29.2,29.2,29.2,29.2,29.2,29.3,29.4,29.5,29.5,29.4,29.1,29.2,29.3,29.2,29.2,29.1,29.0,28.9,29.0,28.9,28.8,28.8,28.8,29.0,29.0,28.7,28.9,28.9,28.7,28.9,28.8,28.8,28.9,28.8,28.7,28.9,28.8,28.6,28.7,28.9,28.7,28.8,28.8,28.7,28.6,28.8,28.8,28.9,29.0,29.0,29.2,29.2,29.1,28.9,28.8,28.8,28.8,28.8,28.7,28.5,28.7,28.9,28.7,28.8,28.8,28.7,28.8,28.7,28.8,28.9,28.8,28.6,28.8,28.7,28.8,28.9,28.7,28.7,28.7,28.6,28.5,28.8,28.6,28.5,28.5,28.5,28.3,28.5,28.6,28.7,28.5,28.6,28.8,28.5,28.6,28.7,28.7,28.8,28.5,28.7,28.8,28.9,28.7,28.8,28.8,28.9,28.6,28.7,28.7,28.6,28.7,28.7,28.5,28.8,28.6,28.7,28.7,28.6,28.5,28.8,28.5,28.6,28.6,28.6,28.5,28.5,28.5
189,29.3,29.3,29.3,29.3,29.1,29.3,29.4,29.3,29.4,29.4,29.4,29.5,29.6,29.5,29.6,29.4,29.6,29.6,29.7,29.6,29.5,29.7,29.6,29.4,29.7,29.8,29.5,29.7,29.7,29.8,29.7,29.7,30.1,29.7,29.6,29.9,29.6,29.9,29.8,29.8,29.6,29.4,29.3,29.2,29.2,29.2,29.1,29.3,29.2,29.1,29.2,29.2,29.2,29.2,29.3,29.3,29.1,29.2,29.2,29.3,29.2,29.2,29.1,29.2,29.1,29.2,29.1,29.1,29.2,29.2,29.3,29.4,29.5,29.4,29.2,29.2,29.3,29.3,29.3,29.2,29.0,29.1,28.9,29.0,28.9,28.8,28.9,28.8,28.8,28.8,28.7,28.8,28.9,28.8,28.9,28.9,28.9,28.8,28.8,28.7,28.5,28.6,28.8,28.7,28.7,28.8,28.8,28.9,28.7,28.7,28.6,28.8,28.7,29.0,29.0,29.0,29.0,28.9,28.9,28.6,28.8,28.8,28.8,28.8,28.8,28.8,28.7,28.6,28.7,28.7,28.6,28.7,28.5,28.8,28.5,28.7,28.7,28.5,28.6,28.6,28.6,28.7,28.6,28.5,28.7,28.7,28.7,28.4,28.5,28.6,28.5,28.4,28.5,28.6,28.5,28.6,28.6,28.7,28.6,28.6,28.6,28.6,28.6,28.8,28.8,28.7,28.6,28.8,28.7,28.8,28.7,28.7,28.7,28.6,28.7,28.7,28.6,28.7,28.7,28.5,28.7,28.6,28.6,28.4,28.6,28.5,28.5,28.6,28.5,28.5,28.5,28.6
190,29.3,29.2,29.4,29.4,29.4,29.3,29.2,29.2,29.4,29.3,29.4,29.3,29.6,29.2,29.4,29.5,29.6,29.4,29.4,29.5,29.4,29.6,29.7,29.5,29.4,29.7,29.7,29.8,29.7,29.7,29.7,29.8,29.8,29.9,29.8,29.8,29.8,29.9,29.8,29.9,29.7,29.4,29.2,29.2,29.1,29.2,29.2,29.2,29.0,29.2,29.2,29.1,29.2,29.2,29.3,29.4,29.3,29.3,29.2,29.2,29.2,29.2,29.1,29.0,29.2,29.2,29.0,29.1,29.1,29.2,29.3,29.3,29.4,29.3,29.3,29.3,29.2,29.2,29.1,29.1,29.0,28.8,28.9,28.8,29.0,28.9,28.9,29.0,28.8,28.8,28.8,28.9,28.8,28.9,28.6,28.8,28.7,28.8,28.6,28.6,28.7,28.8,28.8,28.7,28.7,28.7,28.9,28.7,28.7,28.8,28.8,28.8,28.9,29.1,29.1,29.1,29.0,29.0,29.1,28.9,28.8,28.8,28.8,28.6,28.7,28.7,28.7,28.7,28.6,28.8,28.8,28.8,28.6,28.7,28.5,28.6,28.7,28.5,28.7,28.8,28.6,28.7,28.6,28.5,28.7,28.7,28.6,28.4,28.5,28.3,28.5,28.3,28.5,28.5,28.4,28.7,28.5,28.7,28.8,28.7,28.6,28.6,28.7,28.5,28.7,28.5,28.8,28.7,28.7,28.8,28.7,28.5,28.7,28.6,28.5,28.6,28.5,28.8,28.6,28.7,28.6,28.6,28.6,28.6,28.5,28.7,28.5,28.6,28.5,28.5,28.4,28.6
191,29.3,29.2,29.3,29.1,29.3,29.2,29.4,29.4,29.4,29.3,29.2,29.3,29.3,29.5,29.5,29.5,29.6,29.7,29.7,29.5,29.5,29.6,29.8,29.4,29.6,29.5,29.6,29.7,29.5,29.5,29.8,29.8,29.8,29.8,29.8,29.7,29.7,29.8,29.9,29.8,29.6,29.4,29.4,29.2,29.5,29.4,29.2,29.1,29.1,29.0,29.2,29.2,29.1,29.2,29.2,29.2,29.2,29.3,29.2,29.4,29.4,29.4,29.2,29.1,29.2,29.2,29.1,29.2,29.2,29.2,29.3,29.5,29.3,29.5,29.4,29.2,29.4,29.3,29.2,29.1,29.0,28.8,28.9,28.9,28.9,28.9,28.9,29.0,28.8,28.8,28.7,28.9,28.9,28.9,28.7,28.8,28.8,28.9,28.8,28.7,28.7,28.7,28.8,28.7,28.8,28.7,28.8,28.8,28.9,28.7,28.9,28.9,29.0,29.0,29.1,29.1,29.2,28.9,28.9,28.7,28.9,28.7,28.8,28.8,28.8,28.7,28.7,28.8,28.6,28.8,28.8,28.7,28.6,28.6,28.7,28.9,28.6,28.8,28.7,28.8,28.7,28.6,28.5,28.6,28.5,28.7,28.5,28.7,28.5,28.6,28.4,28.4,28.6,28.6,28.7,28.8,28.7,28.6,28.7,28.8,28.7,28.8,28.7,28.5,28.7,28.6,28.7,28.8,28.8,28.8,28.8,28.6,28.7,28.8,28.7,28.8,28.7,28.6,28.7,28.6,28.7,28.6,28.5,28.6,28.6,28.5,28.5,28.5,28.5,28.4,28.5,28.3
192,29.3,29.4,29.3,29.3,29.4,29.2,29.4,29.2,29.4,29.4,29.5,29.3,29.5,29.4,29.4,29.5,29.5,29.5,29.4,29.5,29.5,29.5,29.4,29.5,29.6,29.6,29.7,29.6,29.5,29.6,29.8,29.8,29.7,29.6,29.8,29.8,29.7,29.8,29.7,29.7,29.5,29.4,29.2,29.3,29.2,29.2,29.0,29.2,29.1,29.1,29.2,29.0,29.2,29.2,29.4,29.3,29.4,29.2,29.1,29.1,29.1,29.1,29.1,29.1,29.1,29.1,29.0,29.1,29.2,29.2,29.2,29.3,29.5,29.5,29.4,29.4,29.4,29.4,29.5,29.3,28.9,28.9,28.8,28.9,29.0,28.7,28.9,28.9,28.9,28.9,28.8,29.0,28.9,28.7,28.7,28.8,28.8,28.7,28.6,28.8,28.9,28.8,28.8,28.8,28.7,28.9,28.8,28.6,28.7,28.7,28.7,29.0,28.9,29.0,28.9,29.1,29.3,29.1,29.0,28.7,28.8,28.8,28.7,28.7,28.7,28.7,28.8,28.9,28.6,28.6,28.7,28.6,28.6,28.6,28.7,28.7,28.7,28.8,28.5,28.7,28.7,28.8,28.6,28.7,28.6,28.7,28.5,28.5,28.6,28.5,28.3,28.5,28.6,28.6,28.4,28.6,28.7,28.7,28.7,28.6,28.7,28.7,28.7,28.8,28.6,28.8,28.7,28.6,28.5,28.7,28.6,28.7,28.7,28.8,28.7,28.7,28.5,28.6,28.6,28.5,28.7,28.6,28.7,28.6,28.6,28.6,28.6,28.7,28.5,28.5,28.5,28.7
193,29.2,29.2,29.2,29.2,29.3,29.3,29.3,29.2,29.3,29.3,29.1,29.3,29.4,29.4,29.5,29.4,29.5,29.4,29.4,29.5,29.5,29.6,29.6,29.5,29.5,29.5,29.8,29.8,29.7,29.5,29.7,29.7,29.8,29.8,29.8,29.9,29.8,29.8,29.7,29.6,29.5,29.5,29.4,29.3,29.2,29.3,29.4,29.5,29.2,29.3,29.2,29.4,29.2,29.2,29.3,29.4,29.4,29.3,29.3,29.2,29.2,29.3,29.2,29.1,29.2,29.1,29.3,29.2,29.2,29.1,29.4,29.3,29.2,29.5,29.3,29.4,29.4,29.4,29.3,29.3,28.9,29.1,28.9,29.0,28.9,28.9,29.0,29.0,28.7,28.8,28.7,28.7,28.9,28.8,28.8,28.8,28.7,28.8,28.8,28.8,28.8,28.8,28.9,28.9,28.8,28.8,28.8,28.7,28.7,28.7,28.9,28.8,29.0,28.9,29.1,29.2,28.9,28.9,28.7,28.8,28.7,28.7,28.8,28.8,28.7,28.7,28.8,28.8,28.6,28.8,28.7,28.5,28.8,28.8,28.8,28.8,28.6,28.8,28.7,28.9,28.8,28.8,28.8,28.7,28.6,28.7,28.5,28.5,28.5,28.5,28.5,28.4,28.4,28.5,28.5,28.6,28.7,28.7,28.9,28.8,28.7,28.7,28.8,28.6,28.7,28.7,28.6,28.6,28.5,28.7,28.9,28.7,28.6,28.6,28.5,28.6,28.7,28.5,28.6,28.3,28.5,28.6,28.5,28.3,28.7,28.5,28.6,28.5,28.5,28.2,28.5,28.6
194,29.2,29.4,29.1,29.2,29.2,29.2,29.3,29.5,29.3,29.4,29.4,29.4,29.4,29.3,29.4,29.4,29.5,29.5,29.5,29.5,29.6,29.6,29.5,29.5,29.5,29.7,29.6,29.7,29.6,29.6,29.7,29.7,29.7,29.8,29.7,29.6,29.7,29.8,29.9,29.6,29.5,29.3,29.4,29.3,29.3,29.3,29.1,29.2,29.2,29.2,29.2,29.2,29.2,29.2,29.2,29.3,29.4,29.1,29.4,29.5,29.1,29.2,29.3,29.1,29.1,29.0,29.2,29.2,29.4,29.2,29.3,29.3,29.4,29.4,29.5,29.4,29.4,29.3,29.2,29.0,28.8,28.8,29.0,28.8,29.0,28.9,28.8,28.9,28.9,28.9,28.8,28.7,28.6,28.9,29.0,28.8,28.7,28.9,28.9,28.8,28.7,28.9,29.0,28.7,28.8,28.8,28.7,28.7,28.7,28.9,28.9,28.9,29.0,29.0,29.0,29.0,29.2,29.0,28.8,28.8,28.8,28.7,28.8,28.8,28.7,28.8,28.8,28.9,28.8,28.7,28.9,28.7,28.7,28.8,28.8,28.7,28.8,28.7,28.6,28.7,28.6,28.8,28.8,28.7,28.7,28.6,28.6,28.6,28.4,28.6,28.3,28.3,28.5,28.3,28.5,28.7,28.5,28.5,28.5,28.7,28.7,28.7,28.8,28.8,28.7,28.6,28.8,28.5,28.7,28.5,28.6,28.7,28.7,28.7,28.6,28.6,28.5,28.5,28.3,28.5,28.6,28.4,28.7,28.5,28.5,28.5,28.6,28.5,28.3,28.3,28.3,28.4
195,29.2,29.2,29.2,29.2,29.2,29.4,29.3,29.4,29.4,29.3,29.3,29.3,29.2,29.3,29.6,29.4,29.5,29.5,29.5,29.5,29.5,29.5,29.5,29.6,29.6,29.6,29.7,29.8,29.5,29.5,29.7,29.6,29.7,29.6,29.6,29.7,29.8,29.9,29.8,29.6,29.6,29.5,29.5,29.2,29.2,29.3,29.4,29.2,29.2,29.1,29.2,29.2,29.3,29.2,29.4,29.4,29.4,29.3,29.3,29.2,29.2,29.4,29.2,29.4,29.1,29.2,29.3,29.2,29.3,29.4,29.3,29.3,29.5,29.7,29.6,29.3,29.4,29.3,29.1,29.0,29.0,28.9,28.9,29.0,28.9,28.9,29.0,28.9,28.9,28.8,29.0,29.0,29.0,28.8,28.8,28.8,28.9,29.0,28.8,28.8,28.8,29.0,28.9,28.8,29.0,29.1,28.8,28.9,28.8,28.8,28.8,29.1,29.1,29.2,29.1,29.2,29.2,29.0,28.9,28.8,28.8,28.8,28.8,28.7,28.7,28.6,28.8,28.8,28.7,28.6,28.7,28.9,28.8,28.7,28.8,28.6,28.8,28.7,28.6,28.8,28.7,28.8,28.7,28.8,28.7,28.6,28.7,28.5,28.5,28.3,28.7,28.5,28.5,28.5,28.6,28.6,28.7,28.5,28.6,28.6,28.7,28.7,28.8,28.8,28.9,28.7,28.7,28.8,28.7,28.6,28.7,28.7,28.8,28.8,28.4,28.8,28.6,28.6,28.7,28.6,28.5,28.5,28.5,28.6,28.6,28.6,28.7,28.5,28.5,28.5,28.5,28.3
196,29.2,29.2,29.3,29.3,29.2,29.1,29.1,29.1,29.4,29.4,29.2,29.3,29.3,29.5,29.3,29.2,29.4,29.4,29.5,29.3,29.4,29.5,29.6,29.7,29.5,29.6,29.5,29.7,29.6,29.7,29.9,29.6,29.5,29.6,29.7,29.8,29.7,29.8,29.8,29.5,29.5,29.4,29.3,29.1,29.2,29.3,29.1,29.3,29.2,29.3,29.3,29.2,29.2,29.2,29.2,29.3,29.3,29.4,29.4,29.4,29.4,29.3,29.2,29.4,29.4,29.3,29.1,29.4,29.1,29.4,29.4,29.6,29.8,29.5,29.5,29.3,29.4,29.4,29.2,29.1,29.0,29.0,28.8,29.1,29.0,29.0,29.0,28.9,28.9,29.0,28.9,28.8,28.8,28.9,28.9,28.8,28.7,28.9,28.8,28.8,28.8,28.9,28.8,28.7,28.7,28.8,29.0,28.8,28.7,28.8,29.2,28.8,29.1,29.1,29.0,29.1,28.9,28.9,28.8,28.8,28.8,28.8,28.6,28.7,28.6,28.8,28.8,28.8,28.9,28.7,28.7,28.8,28.7,28.6,28.6,28.6,28.8,28.7,28.6,28.7,28.6,28.6,28.6,28.6,28.5,28.7,28.7,28.6,28.6,28.5,28.5,28.4,28.6,28.5,28.4,28.3,28.6,28.7,28.7,28.7,28.7,28.7,28.8,28.7,28.7,28.8,28.7,28.7,28.6,28.8,28.7,28.5,28.7,28.5,28.6,28.6,28.5,28.6,28.5,28.5,28.5,28.4,28.5,28.4,28.6,28.5,28.3,28.6,28.4,28.3,28.3,28.3
197,29.1,29.2,29.3,29.2,29.3,29.2,29.4,29.3,29.4,29.4,29.2,29.3,29.4,29.5,29.4,29.4,29.4,29.4,29.5,29.5,29.4,29.4,29.5,29.5,29.4,29.5,29.6,29.7,29.5,29.5,29.6,29.7,29.6,29.6,29.7,29.6,29.7,29.9,29.5,29.7,29.7,29.4,29.4,29.3,29.1,29.3,29.3,29.3,29.2,29.2,29.4,29.2,29.1,29.2,29.3,29.3,29.4,29.3,29.2,29.3,29.4,29.3,29.2,29.2,29.2,29.1,29.2,29.3,29.3,29.4,29.5,29.7,29.9,29.5,29.5,29.4,29.3,29.3,29.2,29.2,28.8,28.8,28.8,29.0,29.0,28.8,28.9,29.0,28.9,28.9,28.9,29.0,28.9,28.7,28.9,29.0,28.8,28.9,28.7,28.6,28.9,28.8,28.7,28.9,28.8,28.9,28.8,28.8,28.8,28.8,28.9,29.0,29.0,29.0,29.0,29.0,29.0,28.8,28.7,28.7,28.8,28.7,28.8,28.9,28.8,28.7,28.7,28.7,28.6,28.9,28.7,28.8,28.8,28.6,28.7,28.7,28.7,28.7,28.6,28.6,28.5,28.7,28.6,28.5,28.7,28.7,28.7,28.7,28.5,28.5,28.5,28.5,28.3,28.6,28.5,28.6,28.6,28.6,28.5,28.7,28.6,28.6,28.8,28.6,28.6,28.6,28.6,28.8,28.7,28.7,28.6,28.5,28.7,28.8,28.5,28.8,28.5,28.7,28.4,28.5,28.5,28.5,28.7,28.2,28.7,28.6,28.3,28.5,28.6,28.2,28.3,28.3
198,29.0,29.2,29.2,29.3,29.1,29.2,29.3,29.3,29.3,29.2,29.2,29.4,29.4,29.2,29.2,29.5,29.4,29.5,29.4,29.5,29.4,29.5,29.4,29.3,29.5,29.5,29.5,29.7,29.5,29.5,29.6,29.7,29.8,29.5,29.5,29.6,29.6,29.8,29.8,29.8,29.6,29.5,29.3,29.2,29.2,29.3,29.2,29.2,29.2,29.2,29.1,29.3,29.4,29.3,29.2,29.2,29.3,29.3,29.2,29.3,29.3,29.3,29.4,29.4,29.4,29.4,29.4,29.2,29.3,29.4,29.5,29.7,29.9,29.7,29.6,29.3,29.4,29.4,29.2,29.2,29.0,29.0,29.1,29.0,29.1,28.9,29.0,29.0,29.0,29.0,28.8,29.1,28.9,29.0,29.0,28.8,29.0,28.9,28.7,29.0,28.9,29.0,28.9,28.9,28.9,29.0,28.9,28.9,28.9,28.8,29.0,28.9,29.3,29.0,29.0,29.1,29.0,29.1,28.9,28.7,28.9,28.8,28.8,28.7,28.7,28.8,28.9,28.7,28.7,28.8,28.7,28.7,28.7,28.6,28.7,28.5,28.7,28.7,28.7,28.7,28.5,28.9,28.7,28.7,28.6,28.7,28.5,28.6,28.5,28.4,28.5,28.5,28.5,28.4,28.5,28.5,28.5,28.5,28.5,28.5,28.7,28.8,28.8,28.7,28.7,28.6,28.7,28.6,28.8,28.6,28.6,28.7,28.6,28.7,28.6,28.7,28.6,28.7,28.6,28.5,28.6,28.5,28.6,28.4,28.6,28.5,28.5,28.5,28.5,28.4,28.6,28.5
199,29.2,29.2,29.2,29.3,29.1,29.3,29.4,29.3,29.4,29.3,29.3,29.3,29.3,29.2,29.4,29.5,29.3,29.5,29.6,29.4,29.4,29.4,29.4,29.4,29.4,29.4,29.5,29.5,29.5,29.6,29.7,29.6,29.8,29.7,29.8,29.7,29.6,29.8,29.8,29.7,29.5,29.6,29.4,29.3,29.3,29.3,29.2,29.2,29.2,29.3,29.3,29.3,29.2,29.3,29.3,29.4,29.4,29.2,29.3,29.4,29.3,29.4,29.3,29.4,29.3,29.2,29.3,29.2,29.3,29.5,29.6,29.6,29.9,29.7,29.5,29.7,29.5,29.3,29.3,29.2,29.0,29.0,29.1,28.9,29.0,29.0,29.0,28.9,29.1,29.1,28.9,28.9,28.9,28.9,28.9,28.9,28.8,28.8,28.9,28.8,28.9,28.9,29.0,28.9,28.9,29.0,28.9,28.9,28.7,28.9,29.0,29.0,29.2,29.1,28.8,29.1,29.0,28.9,28.8,28.8,28.8,28.8,28.8,28.8,28.8,28.7,28.8,28.9,28.8,28.8,28.7,28.8,28.6,28.6,28.6,28.7,28.8,28.7,28.8,28.6,28.8,28.7,28.7,28.7,28.7,28.7,28.6,28.6,28.6,28.6,28.5,28.4,28.6,28.5,28.4,28.7,28.5,28.7,28.4,28.5,28.7,28.6,28.8,28.7,28.8,28.8,28.6,28.7,28.7,28.7,28.6,28.7,28.6,28.6,28.7,28.7,28.7,28.8,28.6,28.5,28.7,28.6,28.7,28.6,28.5,28.7,28.5,28.5,28.6,28.6,28.5,28.5
200,29.3,29.1,29.2,29.1,29.2,29.3,29.3,29.1,29.4,29.3,29.2,29.3,29.2,29.2,29.3,29.5,29.4,29.3,29.4,29.4,29.4,29.3,29.5,29.5,29.5,29.6,29.4,29.5,29.6,29.5,29.5,29.5,29.7,29.5,29.8,29.7,29.8,29.9,29.7,29.6,29.5,29.4,29.4,29.2,29.1,29.2,29.2,29.2,29.2,29.2,29.2,29.3,29.1,29.2,29.2,29.2,29.2,29.2,29.1,29.2,29.3,29.3,29.2,29.3,29.1,29.3,29.1,29.1,29.4,29.5,29.6,29.8,29.8,29.7,29.6,29.5,29.4,29.4,29.0,28.9,29.0,28.9,29.0,28.9,28.9,28.8,28.8,28.9,28.8,28.9,28.9,28.9,29.0,29.0,28.7,29.0,29.1,28.8,28.8,28.9,28.8,28.7,28.7,28.8,28.7,28.7,28.8,28.8,28.8,28.8,29.0,29.0,29.1,28.9,29.0,28.9,29.1,28.8,28.8,28.7,28.7,28.9,28.9,28.8,28.7,28.7,28.7,28.8,28.8,28.6,28.7,28.8,28.6,28.8,28.7,28.6,28.8,28.6,28.6,28.7,28.6,28.8,28.6,28.6,28.7,28.6,28.5,28.6,28.4,28.4,28.6,28.6,28.5,28.5,28.6,28.5,28.3,28.5,28.6,28.5,28.9,28.6,28.7,28.7,28.6,28.7,28.7,28.8,28.5,28.7,28.5,28.5,28.6,28.7,28.6,28.4,28.5,28.7,28.4,28.6,28.6,28.6,28.5,28.5,28.6,28.5,28.5,28.5,28.5,28.5,28.4,28.5
201,29.3,29.1,29.3,29.2,29.0,29.2,29.1,29.3,29.2,29.2,29.3,29.2,29.3,29.2,29.4,29.2,29.4,29.3,29.4,29.3,29.4,29.4,29.5,29.4,29.4,29.6,29.5,29.6,29.5,29.4,29.5,29.5,29.6,29.6,29.5,29.6,29.7,29.7,29.7,29.5,29.4,29.5,29.5,29.3,29.2,29.3,29.3,29.3,29.3,29.3,29.3,29.2,29.2,29.2,29.3,29.3,29.5,29.3,29.4,29.4,29.2,29.1,29.2,29.4,29.3,29.2,29.2,29.2,29.4,29.5,29.5,29.8,30.0,29.8,29.6,29.5,29.5,29.4,29.1,29.1,29.0,28.9,29.0,29.1,28.9,29.1,28.9,29.0,29.0,28.9,28.8,28.8,29.0,28.8,28.7,28.8,28.9,28.8,28.9,28.8,28.9,28.9,28.8,28.9,28.8,28.8,28.7,28.8,28.8,28.8,29.0,29.1,29.1,28.9,29.0,29.1,29.0,28.9,28.8,28.8,28.7,28.8,28.8,28.7,28.8,28.7,28.7,28.8,28.6,28.7,28.7,28.8,28.6,28.6,28.7,28.8,28.7,28.7,28.6,28.9,28.7,28.7,28.6,28.7,28.5,28.6,28.6,28.6,28.4,28.5,28.5,28.4,28.5,28.5,28.5,28.3,28.4,28.5,28.6,28.6,28.7,28.8,28.7,28.7,28.6,28.7,28.6,28.7,28.6,28.7,28.5,28.6,28.7,28.5,28.6,28.5,28.7,28.6,28.4,28.5,28.7,28.5,28.5,28.5,28.5,28.6,28.5,28.5,28.5,28.5,28.3,28.4
202,29.2,29.3,29.2,29.2,29.1,29.1,29.3,29.2,29.2,29.2,29.2,29.2,29.2,29.3,29.3,29.2,29.3,29.4,29.5,29.3,29.3,29.5,29.6,29.5,29.4,29.4,29.5,29.5,29.5,29.5,29.5,29.6,29.7,29.5,29.8,29.5,29.7,29.7,29.6,29.7,29.8,29.6,29.2,29.1,29.3,29.2,29.2,29.4,29.1,29.2,29.2,29.4,29.2,29.3,29.3,29.2,29.3,29.2,29.2,29.4,29.3,29.3,29.3,29.2,29.2,29.5,29.4,29.4,29.4,29.5,29.6,29.9,29.9,29.8,29.6,29.5,29.4,29.5,29.2,29.2,29.0,29.0,29.0,29.0,29.0,29.0,29.2,29.0,29.0,29.0,28.9,29.0,28.8,28.8,28.7,28.8,28.7,28.9,28.9,28.8,28.9,29.0,28.8,28.8,28.9,28.8,28.8,28.8,28.8,28.8,29.1,28.9,29.0,29.1,28.9,29.0,28.9,29.0,28.9,28.9,28.8,28.8,28.7,28.8,28.7,28.8,28.8,28.9,28.8,28.7,28.7,28.7,28.7,28.7,28.7,28.6,28.7,28.7,28.6,28.8,28.7,28.8,28.8,28.8,28.7,28.7,28.7,28.6,28.5,28.3,28.3,28.6,28.5,28.6,28.5,28.4,28.7,28.5,28.6,28.6,28.6,28.8,28.7,28.6,28.5,28.6,28.7,28.8,28.7,28.5,28.6,28.5,28.7,28.5,28.6,28.5,28.5,28.7,28.5,28.5,28.8,28.5,28.6,28.6,28.5,28.5,28.5,28.5,28.3,28.5,28.4,28.6
203,29.0,29.2,29.2,29.2,29.1,29.3,29.2,29.3,29.2,29.2,29.2,29.1,29.3,29.3,29.5,29.3,29.4,29.2,29.4,29.3,29.2,29.4,29.4,29.4,29.3,29.4,29.7,29.5,29.5,29.5,29.5,29.7,29.6,29.5,29.7,29.7,29.5,29.7,29.6,29.5,29.4,29.5,29.4,29.1,29.3,29.2,29.3,29.2,29.2,29.2,29.2,29.2,29.2,29.3,29.3,29.2,29.3,29.2,29.2,29.3,29.2,29.4,29.4,29.3,29.4,29.3,29.3,29.4,29.4,29.4,29.7,29.9,29.8,29.9,29.8,29.5,29.6,29.5,29.3,29.0,29.0,29.0,29.0,29.2,29.1,29.0,29.0,29.0,29.0,28.9,28.9,28.9,28.8,28.9,29.0,29.0,28.8,28.8,28.9,28.8,29.0,28.8,28.8,28.7,28.8,28.8,28.7,28.8,28.8,29.0,29.0,29.0,29.0,29.0,29.2,28.8,29.0,28.9,28.7,28.7,28.8,28.7,28.7,28.8,28.6,28.8,28.8,28.8,28.8,28.8,28.7,28.8,28.5,28.8,28.7,28.5,28.7,28.8,28.6,28.8,28.5,28.5,28.7,28.6,28.8,28.6,28.6,28.5,28.4,28.5,28.5,28.7,28.7,28.6,28.6,28.5,28.4,28.5,28.5,28.6,28.6,28.6,28.7,28.4,28.7,28.7,28.6,28.5,28.6,28.4,28.7,28.6,28.8,28.5,28.5,28.5,28.5,28.5,28.5,28.7,28.8,28.5,28.5,28.6,28.5,28.5,28.4,28.6,28.4,28.3,28.5,28.5
204,29.1,29.2,29.3,29.2,29.2,29.3,29.3,29.2,29.2,29.2,29.2,29.2,29.4,29.2,29.2,29.3,29.3,29.4,29.3,29.5,29.2,29.3,29.4,29.3,29.4,29.4,29.4,29.5,29.4,29.4,29.6,29.6,29.7,29.6,29.5,29.5,29.4,29.6,29.6,29.7,29.7,29.6,29.5,29.3,29.4,29.4,29.1,29.3,29.3,29.3,29.3,29.2,29.3,29.2,29.3,29.3,29.4,29.2,29.3,29.2,29.3,29.3,29.2,29.2,29.2,29.3,29.4,29.4,29.4,29.4,29.7,29.8,30.0,29.8,29.6,29.6,29.5,29.6,29.4,29.2,28.9,29.0,28.8,28.9,28.9,29.0,29.0,29.0,29.0,28.9,29.0,28.9,28.9,29.0,29.0,28.7,28.8,28.8,28.8,28.8,28.8,28.9,28.8,28.8,28.8,28.8,28.8,28.7,29.0,28.9,28.9,29.3,29.2,29.2,29.2,29.2,28.8,28.8,28.8,28.8,28.7,28.7,28.7,28.8,28.8,29.0,28.7,28.9,28.7,28.7,28.7,28.8,28.6,28.8,28.5,28.6,28.6,28.8,28.6,28.6,28.7,28.9,28.7,28.6,28.6,28.6,28.3,28.6,28.5,28.5,28.5,28.5,28.6,28.6,28.6,28.5,28.4,28.6,28.5,28.6,28.5,28.6,28.6,28.6,28.6,28.6,28.7,28.5,28.7,28.6,28.7,28.6,28.6,28.5,28.4,28.6,28.8,28.5,28.5,28.5,28.5,28.6,28.5,28.5,28.3,28.6,28.6,28.2,28.5,28.3,28.3,28.5
205,28.9,29.1,29.1,29.0,29.2,29.0,29.3,29.2,29.1,29.1,29.2,29.2,29.2,29.3,29.3,29.4,29.2,29.2,29.2,29.4,29.2,29.3,29.4,29.3,29.4,29.5,29.4,29.7,29.4,29.5,29.5,29.5,29.6,29.6,29.5,29.4,29.6,29.7,29.6,29.4,29.7,29.4,29.1,29.2,29.3,29.3,29.2,29.3,29.2,29.2,29.3,29.3,29.3,29.3,29.3,29.3,29.3,29.4,29.4,29.3,29.4,29.2,29.3,29.1,29.2,29.4,29.2,29.3,29.4,29.4,29.6,29.9,30.0,29.8,29.5,29.5,29.6,29.5,29.2,29.1,29.1,29.0,29.0,28.9,29.0,29.0,28.9,28.8,28.8,28.9,28.8,28.9,28.6,28.7,28.8,28.8,28.8,28.8,28.9,28.8,28.8,28.8,28.8,28.8,28.8,28.7,28.7,28.8,28.8,28.8,28.9,29.0,29.0,29.2,29.1,28.9,29.0,28.9,28.7,28.9,28.6,28.8,28.8,28.8,28.8,28.8,28.6,28.7,28.7,28.5,28.7,28.7,28.8,28.8,28.9,28.7,28.6,28.7,28.8,28.8,28.8,28.7,28.5,28.6,28.4,28.6,28.4,28.4,28.2,28.3,28.5,28.5,28.3,28.7,28.5,28.5,28.6,28.7,28.8,28.6,28.6,28.4,28.5,28.5,28.7,28.5,28.6,28.7,28.7,28.5,28.6,28.7,28.7,28.8,28.7,28.6,28.5,28.6,28.4,28.5,28.6,28.6,28.6,28.5,28.5,28.5,28.3,28.5,28.5,28.3,28.5,28.3
206,29.1,29.2,29.2,29.0,29.2,29.0,29.3,29.3,29.0,29.1,29.3,29.2,29.2,29.2,29.3,29.2,29.3,29.2,29.3,29.2,29.3,29.2,29.3,29.4,29.3,29.6,29.4,29.4,29.3,29.5,29.4,29.5,29.5,29.5,29.4,29.3,29.5,29.7,29.6,29.7,29.5,29.5,29.3,29.2,29.3,29.4,29.2,29.2,29.2,29.3,29.2,29.2,29.2,29.4,29.2,29.3,29.3,29.2,29.1,29.2,29.4,29.2,29.2,29.2,29.2,29.1,29.2,29.3,29.3,29.4,29.6,29.8,29.9,29.7,29.6,29.5,29.6,29.4,29.2,29.1,28.8,28.8,28.9,28.9,28.9,28.8,28.8,28.9,28.9,28.9,28.8,28.9,28.9,28.8,28.7,29.0,28.8,28.9,28.8,28.7,28.8,28.8,28.8,28.8,28.8,28.8,28.7,28.9,28.9,28.8,29.2,29.2,29.1,29.1,29.2,29.1,29.0,28.8,28.8,28.6,28.6,28.7,28.6,28.6,28.7,28.8,28.7,28.7,28.6,28.7,28.8,28.6,28.7,28.6,28.8,28.7,28.5,28.7,28.6,28.7,28.8,28.7,28.7,28.8,28.6,28.7,28.5,28.6,28.5,28.4,28.2,28.6,28.5,28.4,28.4,28.5,28.4,28.6,28.6,28.6,28.5,28.5,28.7,28.6,28.8,28.6,28.6,28.5,28.5,28.5,28.5,28.6,28.5,28.6,28.7,28.5,28.5,28.6,28.6,28.5,28.5,28.4,28.4,28.3,28.5,28.5,28.5,28.5,28.3,28.4,28.5,28.3
207,29.1,29.0,29.2,29.0,29.0,29.1,29.2,29.0,29.2,29.3,29.2,29.2,29.2,29.2,29.3,29.3,29.3,29.4,29.4,29.3,29.3,29.2,29.4,29.4,29.2,29.4,29.5,29.5,29.5,29.5,29.5,29.5,29.5,29.4,29.5,29.5,29.6,29.6,29.5,29.7,29.5,29.5,29.3,29.3,29.3,29.4,29.2,29.3,29.2,29.2,29.3,29.2,29.2,29.1,29.2,29.2,29.3,29.2,29.2,29.3,29.1,29.4,29.2,29.1,29.2,29.2,29.3,29.2,29.2,29.4,29.5,29.7,29.9,29.9,29.7,29.6,29.5,29.4,29.1,29.0,28.8,28.9,28.7,28.8,28.9,29.0,29.0,28.9,28.8,29.0,28.8,28.9,29.0,28.9,28.9,28.9,28.9,28.8,28.7,28.7,28.9,28.8,28.8,28.8,28.6,28.8,28.8,28.7,28.8,28.8,29.0,29.2,29.1,29.2,29.2,29.1,29.1,28.7,28.7,28.7,28.7,28.8,28.8,28.6,28.5,28.7,28.7,28.6,28.7,28.6,28.7,28.7,28.7,28.6,28.8,28.6,28.6,28.6,28.8,28.6,28.7,28.6,28.5,28.5,28.6,28.5,28.3,28.5,28.4,28.4,28.4,28.3,28.5,28.4,28.6,28.5,28.5,28.6,28.6,28.5,28.7,28.6,28.5,28.5,28.5,28.6,28.7,28.7,28.6,28.6,28.5,28.5,28.5,28.6,28.4,28.4,28.5,28.3,28.4,28.5,28.6,28.5,28.6,28.6,28.5,28.5,28.5,28.5,28.6,28.3,28.3,28.5
208,28.9,28.8,29.2,29.0,29.0,29.0,29.3,29.0,29.0,29.2,29.0,29.2,29.2,29.2,29.2,29.2,29.2,29.1,29.3,29.3,29.4,29.4,29.3,29.4,29.2,29.4,29.4,29.4,29.3,29.3,29.4,29.5,29.5,29.5,29.5,29.5,29.4,29.6,29.5,29.5,29.5,29.5,29.3,29.3,29.2,29.2,29.4,29.2,29.2,29.2,29.2,29.4,29.3,29.2,29.2,29.4,29.2,29.3,29.3,29.2,29.3,29.2,29.2,29.2,29.4,29.2,29.3,29.2,29.3,29.5,29.6,29.7,29.7,29.7,29.7,29.7,29.6,29.4,29.2,29.0,28.7,28.7,28.8,28.7,28.9,28.7,28.9,29.0,28.9,28.9,28.8,28.8,28.7,28.8,28.8,28.8,28.8,28.8,28.7,28.8,28.8,28.7,28.9,28.8,28.8,28.9,28.6,28.7,28.7,28.8,28.9,29.2,29.3,29.3,29.2,29.2,29.0,28.9,28.6,28.7,28.7,28.8,28.8,28.6,28.9,28.7,28.8,28.8,28.8,28.8,28.5,28.7,28.6,28.5,28.6,28.7,28.8,28.6,28.6,28.6,28.5,28.7,28.6,28.4,28.6,28.6,28.3,28.5,28.4,28.4,28.5,28.6,28.6,28.6,28.5,28.4,28.4,28.6,28.3,28.6,28.6,28.7,28.6,28.6,28.5,28.5,28.7,28.6,28.5,28.6,28.5,28.5,28.5,28.6,28.5,28.5,28.5,28.5,28.5,28.4,28.7,28.4,28.3,28.5,28.6,28.5,28.5,28.3,28.5,28.5,28.4,28.5
209,28.9,29.0,29.0,29.0,29.0,29.0,29.1,29.2,29.0,29.0,29.0,29.1,29.2,29.1,29.3,29.3,29.3,29.2,29.3,29.1,29.2,29.2,29.2,29.4,29.1,29.3,29.3,29.3,29.3,29.5,29.4,29.5,29.3,29.3,29.4,29.4,29.5,29.5,29.5,29.5,29.4,29.4,29.3,29.2,29.4,29.4,29.4,29.4,29.2,29.2,29.3,29.3,29.2,29.2,29.2,29.3,29.3,29.3,29.2,29.3,29.3,29.3,29.1,29.2,29.3,29.2,29.1,29.2,29.1,29.4,29.4,29.6,29.9,29.7,29.6,29.4,29.7,29.3,29.2,29.0,28.9,28.8,28.9,28.8,28.9,28.9,28.9,28.8,28.8,28.9,28.9,28.8,28.8,28.7,28.6,28.5,28.7,28.6,28.7,28.6,28.7,28.9,28.7,28.6,28.7,28.8,28.6,28.3,28.6,28.7,29.0,29.1,29.3,29.0,29.1,29.2,28.9,28.7,28.8,28.7,28.8,28.8,28.8,28.9,28.7,28.7,28.9,28.7,28.7,28.8,28.6,28.7,28.5,28.5,28.8,28.7,28.8,28.7,28.8,28.7,28.6,28.6,28.6,28.6,28.5,28.5,28.4,28.5,28.4,28.3,28.5,28.5,28.5,28.3,28.5,28.6,28.6,28.5,28.6,28.5,28.6,28.5,28.6,28.6,28.5,28.5,28.6,28.5,28.4,28.7,28.4,28.5,28.5,28.4,28.5,28.3,28.5,28.4,28.3,28.5,28.4,28.4,28.5,28.3,28.5,28.5,28.6,28.5,28.3,28.4,28.4,28.4
210,29.0,29.0,28.9,29.0,29.2,29.2,29.2,29.0,29.1,29.2,29.1,29.2,29.2,29.2,29.4,29.3,29.2,29.4,29.3,29.2,29.3,29.3,29.4,29.3,29.3,29.3,29.5,29.4,29.5,29.4,29.5,29.5,29.6,29.6,29.5,29.6,29.6,29.5,29.6,29.6,29.5,29.5,29.4,29.2,29.1,29.4,29.4,29.4,29.2,29.4,29.3,29.4,29.3,29.3,29.2,29.4,29.4,29.4,29.3,29.4,29.4,29.3,29.3,29.3,29.3,29.2,29.2,29.3,29.3,29.3,29.6,29.5,29.6,29.6,29.6,29.5,29.5,29.3,29.2,28.9,28.8,28.8,28.7,28.8,28.8,28.9,28.8,28.8,28.8,28.9,28.8,28.8,28.8,28.7,28.8,28.8,28.7,28.8,28.9,28.8,28.7,28.9,28.8,28.9,28.5,28.5,28.5,28.5,28.6,28.7,29.0,28.9,29.1,29.1,29.1,29.2,29.1,28.9,28.6,28.8,28.7,28.6,28.8,28.9,28.7,28.6,28.6,28.8,28.7,28.6,28.7,28.8,28.6,28.6,28.6,28.7,28.8,28.7,28.6,28.7,28.7,28.7,28.5,28.6,28.6,28.4,28.5,28.5,28.5,28.6,28.6,28.5,28.4,28.4,28.5,28.6,28.7,28.6,28.7,28.7,28.5,28.5,28.6,28.8,28.5,28.8,28.6,28.7,28.5,28.6,28.6,28.4,28.6,28.5,28.6,28.5,28.5,28.5,28.3,28.5,28.6,28.5,28.4,28.3,28.5,28.5,28.5,28.3,28.6,28.5,28.6,28.3
211,29.1,29.0,29.0,29.0,29.1,29.0,29.1,29.2,29.3,29.0,29.1,29.2,29.2,29.2,29.2,29.3,29.2,29.1,29.3,29.2,29.3,29.3,29.3,29.3,29.2,29.4,29.4,29.2,29.2,29.3,29.4,29.4,29.6,29.4,29.5,29.3,29.6,29.7,29.5,29.5,29.6,29.6,29.4,29.4,29.3,29.5,29.5,29.2,29.4,29.2,29.4,29.4,29.5,29.3,29.4,29.4,29.2,29.2,29.4,29.4,29.2,29.4,29.4,29.3,29.3,29.3,29.3,29.3,29.3,29.4,29.4,29.5,29.5,29.5,29.6,29.5,29.5,29.3,29.1,29.0,28.7,28.8,28.8,28.9,28.8,28.7,28.9,28.9,28.7,28.8,28.7,28.8,28.8,28.9,28.5,28.7,28.6,28.7,28.8,28.6,28.8,28.7,28.7,28.5,28.7,28.4,28.6,28.4,28.5,28.8,28.8,29.2,29.0,29.1,29.1,28.8,28.9,28.6,28.8,28.8,28.6,28.8,28.6,28.8,28.7,28.6,28.6,28.7,28.7,28.6,28.7,28.6,28.7,28.6,28.6,28.5,28.8,28.5,28.6,28.5,28.8,28.6,28.5,28.6,28.8,28.6,28.5,28.3,28.4,28.4,28.6,28.4,28.5,28.6,28.5,28.5,28.5,28.6,28.6,28.7,28.6,28.7,28.6,28.7,28.5,28.6,28.6,28.6,28.6,28.6,28.4,28.6,28.5,28.5,28.5,28.6,28.3,28.5,28.4,28.6,28.4,28.4,28.5,28.4,28.5,28.5,28.6,28.2,28.4,28.5,28.6,28.5
212,29.1,29.0,28.9,29.2,29.1,29.4,29.0,29.2,29.0,29.0,29.1,29.0,29.2,29.0,29.2,29.0,29.3,29.2,29.4,29.3,29.2,29.1,29.3,29.4,29.4,29.4,29.4,29.4,29.3,29.2,29.4,29.4,29.4,29.4,29.5,29.5,29.5,29.5,29.5,29.5,29.4,29.6,29.4,29.4,29.4,29.4,29.4,29.4,29.3,29.3,29.2,29.5,29.4,29.3,29.4,29.4,29.4,29.4,29.4,29.5,29.3,29.2,29.5,29.3,29.3,29.5,29.3,29.3,29.3,29.4,29.4,29.5,29.6,29.5,29.5,29.4,29.5,29.3,29.0,29.0,28.8,28.8,28.8,28.8,28.8,28.9,28.8,28.8,28.8,28.9,28.7,28.7,28.7,28.8,28.6,28.7,28.6,28.6,28.6,28.5,28.7,28.6,28.7,28.5,28.3,28.5,28.4,28.3,28.5,28.7,28.9,29.0,29.0,29.1,29.2,29.0,28.8,28.8,28.7,28.5,28.6,28.8,28.7,28.8,28.8,28.6,28.7,28.5,28.5,28.8,28.6,28.6,28.8,28.7,28.6,28.5,28.6,28.7,28.6,28.6,28.7,28.5,28.5,28.5,28.6,28.5,28.3,28.3,28.5,28.5,28.3,28.5,28.4,28.7,28.6,28.6,28.7,28.6,28.7,28.6,28.5,28.6,28.6,28.5,28.6,28.8,28.5,28.4,28.3,28.5,28.6,28.6,28.7,28.7,28.5,28.5,28.5,28.6,28.6,28.5,28.6,28.6,28.5,28.5,28.5,28.5,28.5,28.5,28.4,28.3,28.4,28.5
213,29.0,28.9,29.1,29.1,29.1,29.0,29.1,29.0,29.0,29.2,29.1,29.1,29.2,29.2,29.2,29.2,29.3,29.0,29.3,29.2,29.4,29.2,29.3,29.1,29.2,29.3,29.1,29.4,29.5,29.5,29.3,29.3,29.4,29.3,29.3,29.4,29.4,29.5,29.5,29.5,29.4,29.5,29.4,29.4,29.4,29.5,29.5,29.5,29.4,29.4,29.4,29.4,29.4,29.4,29.5,29.4,29.4,29.4,29.4,29.4,29.4,29.4,29.5,29.3,29.3,29.4,29.4,29.4,29.2,29.6,29.4,29.7,29.4,29.5,29.4,29.4,29.4,29.3,29.1,29.1,28.7,28.7,28.8,28.8,28.8,28.8,28.6,28.8,28.7,29.0,28.8,28.8,28.6,28.5,28.7,28.6,28.7,28.5,28.5,28.7,28.8,28.8,28.6,28.6,28.5,28.5,28.5,28.2,28.5,28.5,28.8,28.7,28.9,28.9,28.9,28.9,28.8,28.7,28.7,28.7,28.6,28.5,28.4,28.7,28.9,28.5,28.6,28.7,28.7,28.6,28.6,28.7,28.6,28.3,28.6,28.5,28.4,28.5,28.6,28.6,28.8,28.7,28.5,28.3,28.4,28.4,28.3,28.5,28.5,28.5,28.5,28.6,28.6,28.5,28.6,28.4,28.3,28.6,28.6,28.7,28.7,28.5,28.5,28.6,28.6,28.8,28.6,28.7,28.5,28.5,28.5,28.7,28.5,28.7,28.6,28.6,28.5,28.7,28.3,28.6,28.5,28.4,28.6,28.5,28.3,28.6,28.5,28.4,28.5,28.3,28.2,28.3
214,29.0,29.0,29.1,28.9,29.0,29.1,29.2,29.1,29.1,29.1,29.1,29.0,29.1,29.1,29.2,29.1,29.3,29.2,29.2,29.1,29.1,29.2,29.3,29.2,29.3,29.5,29.4,29.4,29.2,29.4,29.3,29.6,29.6,29.5,29.4,29.3,29.4,29.5,29.4,29.4,29.5,29.4,29.4,29.5,29.5,29.6,29.4,29.6,29.2,29.5,29.5,29.6,29.4,29.5,29.5,29.5,29.5,29.5,29.4,29.5,29.5,29.3,29.6,29.5,29.7,29.5,29.4,29.5,29.5,29.4,29.4,29.6,29.5,29.5,29.4,29.4,29.4,29.4,28.9,28.9,28.5,28.6,28.5,28.7,28.7,28.8,28.7,28.6,28.8,28.8,28.7,28.6,28.8,28.7,28.5,28.6,28.8,28.7,28.7,28.7,28.6,28.7,28.5,28.5,28.4,28.6,28.3,28.4,28.5,28.5,28.7,28.8,28.9,29.1,28.9,29.0,29.0,28.6,28.6,28.6,28.7,28.7,28.8,28.7,28.8,28.6,28.6,28.7,28.7,28.5,28.7,28.5,28.5,28.5,28.5,28.6,28.5,28.5,28.7,28.5,28.6,28.6,28.5,28.3,28.3,28.3,28.3,28.4,28.5,28.4,28.6,28.5,28.5,28.4,28.6,28.6,28.5,28.5,28.6,28.5,28.6,28.5,28.6,28.4,28.6,28.8,28.6,28.7,28.6,28.6,28.7,28.6,28.5,28.5,28.7,28.5,28.5,28.7,28.4,28.5,28.5,28.5,28.5,28.6,28.5,28.6,28.5,28.5,28.5,28.3,28.5,28.5
215,28.9,29.0,29.2,29.0,29.1,29.0,29.1,29.1,29.2,29.1,28.9,29.3,29.2,29.1,29.2,29.2,29.1,29.2,29.1,29.2,29.1,29.4,29.2,29.2,29.2,29.4,29.3,29.3,29.4,29.3,29.4,29.4,29.3,29.3,29.4,29.4,29.5,29.5,29.5,29.3,29.5,29.4,29.4,29.5,29.4,29.6,29.6,29.5,29.6,29.5,29.5,29.4,29.6,29.6,29.5,29.5,29.4,29.5,29.3,29.4,29.5,29.4,29.5,29.5,29.4,29.4,29.5,29.4,29.4,29.5,29.5,29.6,29.4,29.5,29.4,29.4,29.2,29.1,29.0,28.8,28.7,28.7,28.7,28.8,28.7,28.7,28.6,28.8,28.7,28.6,28.8,28.5,28.5,28.6,28.8,28.6,28.6,28.6,28.7,28.6,28.6,28.6,28.6,28.5,28.5,28.5,28.5,28.2,28.3,28.6,28.8,28.8,28.9,28.8,29.0,29.0,28.8,28.7,28.5,28.6,28.7,28.6,28.5,28.6,28.6,28.5,28.6,28.5,28.5,28.5,28.5,28.5,28.5,28.4,28.3,28.5,28.4,28.5,28.5,28.3,28.6,28.5,28.3,28.4,28.4,28.4,28.3,28.2,28.5,28.3,28.5,28.6,28.5,28.6,28.6,28.5,28.5,28.6,28.6,28.6,28.7,28.6,28.6,28.4,28.6,28.5,28.6,28.5,28.6,28.5,28.5,28.5,28.5,28.5,28.4,28.4,28.3,28.5,28.4,28.3,28.5,28.5,28.4,28.5,28.2,28.4,28.5,28.3,28.3,28.4,28.2,28.4
216,29.0,29.1,29.0,28.9,29.2,29.0,29.1,29.0,29.0,29.1,29.0,28.9,29.1,29.0,29.2,29.2,29.2,29.2,29.2,29.2,29.1,29.2,29.2,29.2,29.3,29.3,29.3,29.3,29.4,29.2,29.3,29.3,29.4,29.3,29.3,29.4,29.4,29.4,29.4,29.4,29.4,29.4,29.4,29.5,29.4,29.5,29.5,29.5,29.3,29.5,29.5,29.4,29.5,29.5,29.5,29.5,29.4,29.4,29.5,29.4,29.6,29.4,29.4,29.4,29.4,29.2,29.4,29.4,29.3,29.6,29.3,29.4,29.4,29.4,29.4,29.2,29.3,28.9,28.8,28.8,28.7,28.6,28.8,28.8,28.8,28.7,28.6,28.5,28.8,28.7,28.6,28.6,28.7,28.6,28.6,28.6,28.6,28.7,28.6,28.5,28.5,28.5,28.7,28.5,28.6,28.5,28.1,28.2,28.3,28.3,28.6,28.7,28.8,28.6,28.8,28.8,28.6,28.7,28.9,28.8,28.6,28.7,28.6,28.6,28.6,28.6,28.7,28.5,28.5,28.5,28.5,28.5,28.3,28.4,28.4,28.4,28.4,28.3,28.3,28.6,28.4,28.3,28.3,28.5,28.4,28.5,28.3,28.5,28.4,28.6,28.5,28.5,28.4,28.5,28.5,28.4,28.5,28.5,28.5,28.7,28.5,28.5,28.5,28.6,28.6,28.5,28.7,28.5,28.5,28.5,28.5,28.5,28.4,28.6,28.3,28.5,28.5,28.5,28.2,28.4,28.3,28.3,28.5,28.4,28.3,28.5,28.2,28.6,28.5,28.4,28.3,28.3
217,28.9,28.8,29.0,29.0,29.0,29.0,29.0,29.1,28.9,28.9,29.0,29.0,29.1,29.1,29.1,29.2,29.3,29.3,29.3,29.2,29.1,29.1,29.3,29.2,29.0,29.2,29.2,29.4,29.5,29.3,29.3,29.4,29.5,29.6,29.4,29.4,29.3,29.5,29.4,29.4,29.5,29.5,29.5,29.4,29.4,29.7,29.4,29.4,29.4,29.4,29.5,29.6,29.5,29.5,29.4,29.6,29.5,29.5,29.4,29.5,29.7,29.3,29.5,29.4,29.4,29.4,29.3,29.3,29.4,29.4,29.3,29.4,29.4,29.4,29.4,29.3,29.3,29.1,28.9,28.7,28.5,28.8,28.7,28.7,28.7,28.8,28.7,28.6,28.7,28.7,28.5,28.8,28.6,28.5,28.7,28.7,28.7,28.6,28.7,28.6,28.6,28.7,28.5,28.5,28.4,28.6,28.5,28.3,28.5,28.7,28.7,28.7,28.7,28.7,28.7,28.7,28.8,28.8,28.7,28.6,28.8,28.7,28.8,28.5,28.7,28.5,28.5,28.6,28.5,28.3,28.4,28.4,28.3,28.4,28.4,28.5,28.4,28.4,28.3,28.4,28.4,28.5,28.3,28.5,28.4,28.3,28.4,28.3,28.5,28.7,28.5,28.5,28.5,28.5,28.6,28.7,28.6,28.3,28.5,28.7,28.7,28.6,28.5,28.5,28.4,28.6,28.4,28.7,28.6,28.6,28.5,28.4,28.5,28.5,28.4,28.5,28.5,28.3,28.3,28.4,28.5,28.5,28.3,28.3,28.5,28.5,28.3,28.3,28.7,28.5,28.3,28.3
218,29.2,28.9,29.2,29.1,28.9,28.9,29.2,29.0,29.1,29.0,29.1,29.0,29.2,29.0,29.2,29.1,29.2,29.1,29.2,29.2,29.1,29.3,29.2,29.3,29.3,29.4,29.3,29.4,29.4,29.2,29.4,29.2,29.3,29.3,29.4,29.3,29.4,29.4,29.4,29.4,29.5,29.4,29.4,29.3,29.5,29.4,29.5,29.5,29.3,29.5,29.5,29.7,29.4,29.5,29.5,29.4,29.6,29.5,29.4,29.6,29.4,29.5,29.5,29.3,29.5,29.3,29.4,29.5,29.4,29.4,29.4,29.4,29.3,29.3,29.2,29.2,29.1,29.1,29.0,28.8,28.5,28.8,28.8,29.0,28.7,28.6,29.0,28.8,28.8,28.8,28.6,28.7,28.8,28.7,28.7,28.7,28.5,28.8,28.7,28.7,28.6,28.7,28.6,28.7,28.8,28.8,28.5,28.4,28.7,28.5,28.8,28.7,28.8,28.9,28.8,28.7,28.7,28.8,28.6,28.8,28.7,28.6,28.6,28.6,28.5,28.6,28.5,28.5,28.3,28.5,28.4,28.5,28.2,28.4,28.5,28.3,28.4,28.5,28.4,28.4,28.2,28.4,28.3,28.4,28.4,28.6,28.4,28.5,28.6,28.7,28.6,28.5,28.6,28.7,28.6,28.6,28.5,28.7,28.6,28.7,28.5,28.5,28.5,28.5,28.5,28.5,28.5,28.5,28.4,28.4,28.5,28.4,28.5,28.5,28.2,28.3,28.3,28.5,28.3,28.3,28.5,28.4,28.5,28.4,28.3,28.5,28.3,28.2,28.5,28.3,28.1,28.4
219,28.8,29.0,28.9,28.9,28.9,29.1,29.0,29.1,28.9,29.0,29.0,29.0,29.1,29.0,29.1,29.2,29.2,29.1,29.0,29.0,29.3,29.1,29.2,29.4,29.2,29.2,29.4,29.4,29.4,29.4,29.3,29.4,29.4,29.3,29.3,29.4,29.3,29.4,29.4,29.5,29.4,29.5,29.4,29.5,29.4,29.5,29.2,29.6,29.4,29.5,29.4,29.4,29.5,29.5,29.5,29.4,29.4,29.4,29.4,29.4,29.5,29.4,29.3,29.6,29.2,29.4,29.4,29.2,29.3,29.2,29.2,29.4,29.3,29.2,29.2,29.3,29.0,29.0,28.9,28.7,28.7,28.5,28.7,28.8,28.6,28.8,28.8,28.8,28.8,28.8,28.5,28.7,28.8,28.8,28.8,28.8,28.7,28.7,28.8,28.6,28.7,28.6,28.7,28.8,28.8,28.8,28.6,28.6,28.5,28.5,28.6,28.6,28.8,28.7,28.8,28.6,28.6,28.7,28.7,28.7,28.6,28.7,28.6,28.5,28.6,28.5,28.4,28.5,28.3,28.5,28.4,28.5,28.3,28.3,28.3,28.5,28.4,28.4,28.3,28.5,28.4,28.2,28.4,28.3,28.4,28.6,28.5,28.6,28.5,28.5,28.6,28.5,28.6,28.5,28.5,28.6,28.5,28.5,28.5,28.5,28.5,28.5,28.6,28.5,28.5,28.4,28.5,28.5,28.3,28.5,28.4,28.3,28.5,28.5,28.4,28.3,28.4,28.5,28.4,28.3,28.6,28.2,28.2,28.3,28.4,28.4,28.3,28.4,28.3,28.2,28.3,28.3
220,28.9,28.8,28.9,28.8,29.0,28.8,29.0,29.1,29.0,28.9,29.0,29.1,29.1,29.0,29.0,29.1,29.1,29.2,29.1,29.1,29.1,29.2,29.0,29.1,29.0,29.3,29.2,29.2,29.3,29.2,29.3,29.3,29.4,29.2,29.4,29.2,29.3,29.4,29.5,29.4,29.3,29.3,29.3,29.4,29.3,29.6,29.5,29.4,29.4,29.4,29.4,29.5,29.4,29.5,29.2,29.5,29.5,29.2,29.4,29.4,29.4,29.5,29.4,29.2,29.5,29.5,29.3,29.3,29.4,29.4,29.2,29.3,29.0,29.4,29.3,29.1,29.2,29.0,28.8,28.8,28.6,28.8,28.6,28.9,28.8,28.6,28.8,28.7,28.7,28.8,28.8,28.8,28.8,28.7,28.8,28.8,28.7,28.8,28.8,28.6,28.7,28.8,28.8,28.7,28.6,28.7,28.7,28.7,28.7,28.5,28.8,28.5,28.8,28.8,28.6,28.5,28.6,28.6,28.7,28.6,28.5,28.7,28.5,28.6,28.3,28.6,28.4,28.5,28.3,28.4,28.6,28.6,28.5,28.3,28.3,28.3,28.3,28.5,28.3,28.3,28.5,28.4,28.5,28.5,28.5,28.5,28.5,28.6,28.5,28.6,28.5,28.7,28.5,28.5,28.5,28.5,28.5,28.5,28.5,28.5,28.5,28.4,28.5,28.6,28.5,28.3,28.4,28.5,28.5,28.6,28.3,28.4,28.4,28.5,28.5,28.5,28.5,28.4,28.3,28.5,28.5,28.3,28.3,28.3,28.3,28.3,28.5,28.3,28.5,28.3,28.2,28.2
221,28.8,28.8,28.8,28.9,29.0,28.8,28.9,28.8,28.8,28.9,28.9,29.0,29.1,29.1,29.0,29.2,29.1,29.1,29.2,29.0,29.2,29.3,29.2,29.2,29.1,29.2,29.2,29.2,29.2,29.2,29.3,29.3,29.4,29.3,29.2,29.2,29.4,29.4,29.3,29.4,29.4,29.2,29.4,29.4,29.3,29.3,29.4,29.4,29.3,29.4,29.5,29.5,29.4,29.4,29.4,29.3,29.4,29.2,29.2,29.4,29.3,29.2,29.3,29.3,29.3,29.3,29.3,29.3,29.3,29.2,29.2,29.3,29.2,29.2,29.2,29.2,29.0,28.9,29.0,28.6,28.7,28.7,28.8,28.8,28.9,28.9,28.7,28.7,28.8,28.8,28.7,28.8,28.8,28.7,28.8,28.8,28.6,28.7,28.6,28.8,28.7,28.7,28.5,28.7,28.5,28.6,28.6,28.7,28.5,28.7,28.6,28.7,28.6,28.5,28.5,28.6,28.5,28.5,28.5,28.5,28.6,28.6,28.5,28.6,28.6,28.5,28.4,28.7,28.3,28.3,28.5,28.5,28.3,28.4,28.4,28.3,28.4,28.5,28.3,28.6,28.5,28.4,28.3,28.6,28.5,28.4,28.3,28.5,28.6,28.6,28.5,28.6,28.6,28.7,28.5,28.5,28.5,28.5,28.7,28.6,28.5,28.6,28.5,28.3,28.5,28.5,28.4,28.4,28.5,28.3,28.4,28.5,28.3,28.3,28.4,28.5,28.3,28.3,28.3,28.3,28.3,28.4,28.3,28.3,28.3,28.3,28.4,28.3,28.4,28.3,28.2,28.2
222,28.9,28.9,29.1,28.9,29.0,29.0,29.0,29.0,28.9,29.0,29.0,29.0,29.2,28.9,29.0,29.2,29.2,29.1,29.0,29.2,29.2,29.3,29.2,29.2,29.2,29.4,29.1,29.2,29.2,29.2,29.3,29.2,29.3,29.3,29.3,29.3,29.5,29.3,29.3,29.2,29.4,29.4,29.4,29.4,29.4,29.4,29.4,29.4,29.4,29.3,29.4,29.4,29.5,29.5,29.3,29.4,29.5,29.5,29.4,29.5,29.4,29.3,29.3,29.3,29.3,29.2,29.2,29.2,29.2,29.2,29.2,29.2,29.2,29.3,29.1,29.2,29.2,29.0,28.8,28.8,28.7,28.7,28.8,28.9,28.5,28.9,28.8,28.7,28.8,28.7,28.8,28.8,28.7,28.5,28.8,28.7,28.6,28.8,28.8,28.8,28.7,28.8,28.8,28.7,28.7,28.7,28.6,28.7,28.5,28.7,28.7,28.7,28.7,28.7,28.6,28.7,28.7,28.5,28.7,28.6,28.6,28.7,28.6,28.6,28.4,28.5,28.3,28.3,28.2,28.5,28.5,28.5,28.3,28.5,28.4,28.5,28.3,28.3,28.4,28.6,28.5,28.5,28.5,28.4,28.6,28.5,28.5,28.5,28.6,28.5,28.4,28.6,28.6,28.4,28.5,28.5,28.4,28.5,28.6,28.6,28.5,28.5,28.5,28.5,28.5,28.5,28.7,28.6,28.5,28.5,28.5,28.4,28.5,28.5,28.2,28.5,28.3,28.3,28.3,28.3,28.5,28.3,28.3,28.5,28.4,28.6,28.3,28.5,28.5,28.2,28.3,28.3
223,29.0,29.1,29.0,29.0,29.0,28.8,28.9,28.9,29.1,29.0,29.1,28.9,29.0,29.0,29.2,29.0,29.3,29.1,29.2,29.1,29.0,29.0,29.2,29.2,29.2,29.2,29.2,29.2,29.3,29.3,29.4,29.2,29.3,29.2,29.4,29.4,29.4,29.4,29.3,29.4,29.3,29.4,29.3,29.1,29.4,29.4,29.4,29.5,29.5,29.3,29.4,29.4,29.4,29.4,29.4,29.4,29.4,29.4,29.2,29.5,29.4,29.4,29.3,29.4,29.4,29.4,29.4,29.3,29.3,29.2,29.2,29.2,29.3,29.3,29.2,29.2,29.1,29.0,28.9,28.8,28.8,28.8,28.8,28.8,28.9,28.9,28.8,28.7,28.9,28.8,28.7,28.9,28.8,28.7,28.8,28.7,28.7,28.8,28.6,28.6,28.7,28.8,28.7,28.7,28.6,28.5,28.6,28.5,28.6,28.5,28.6,28.4,28.7,28.6,28.6,28.5,28.5,28.5,28.5,28.7,28.5,28.5,28.5,28.6,28.6,28.5,28.5,28.5,28.2,28.5,28.5,28.3,28.3,28.5,28.3,28.3,28.5,28.4,28.5,28.6,28.5,28.6,28.5,28.5,28.5,28.4,28.5,28.5,28.3,28.5,28.8,28.5,28.6,28.7,28.8,28.5,28.5,28.5,28.4,28.4,28.4,28.5,28.5,28.5,28.5,28.5,28.5,28.6,28.5,28.5,28.6,28.4,28.4,28.4,28.5,28.4,28.4,28.6,28.4,28.3,28.4,28.6,28.2,28.2,28.5,28.3,28.5,28.2,28.3,28.4,28.1,28.3
224,28.8,28.9,29.1,29.0,29.0,28.9,28.8,29.0,29.0,29.0,28.9,28.9,29.0,29.0,28.8,29.0,29.2,29.0,29.0,29.0,29.1,29.1,29.0,29.1,29.2,29.1,29.2,29.2,29.3,29.2,29.2,29.2,29.4,29.2,29.2,29.1,29.2,29.2,29.2,29.2,29.3,29.4,29.3,29.2,29.4,29.4,29.4,29.5,29.2,29.3,29.4,29.3,29.3,29.3,29.4,29.3,29.2,29.4,29.3,29.4,29.1,29.4,29.3,29.3,29.3,29.3,29.2,29.2,29.3,29.1,29.2,29.2,29.2,29.1,29.0,29.0,29.0,29.0,28.9,28.9,28.9,28.8,28.8,28.8,28.8,28.8,28.8,28.6,28.8,28.6,28.8,28.8,28.7,28.7,28.6,28.6,28.5,28.6,28.6,28.7,28.7,28.7,28.7,28.6,28.3,28.7,28.5,28.4,28.5,28.6,28.5,28.7,28.6,28.6,28.6,28.5,28.5,28.5,28.5,28.7,28.3,28.6,28.5,28.5,28.5,28.4,28.3,28.5,28.3,28.4,28.3,28.3,28.5,28.4,28.5,28.5,28.7,28.5,28.5,28.5,28.5,28.5,28.5,28.5,28.7,28.5,28.5,28.4,28.4,28.5,28.7,28.4,28.6,28.7,28.6,28.5,28.4,28.7,28.6,28.5,28.6,28.5,28.5,28.5,28.3,28.5,28.6,28.5,28.4,28.3,28.5,28.4,28.3,28.6,28.4,28.6,28.3,28.4,28.4,28.3,28.5,28.5,28.5,28.4,28.3,28.5,28.3,28.3,28.4,28.2,28.3,28.3
225,28.9,28.9,29.0,28.9,29.0,29.1,28.9,29.0,29.1,28.9,29.0,29.1,29.2,29.0,29.0,29.0,29.0,29.0,29.1,29.1,29.1,29.1,28.9,29.2,29.2,29.2,29.2,29.2,29.2,29.2,29.2,29.2,29.2,29.2,29.1,29.1,29.3,29.2,29.2,29.4,29.3,29.2,29.2,29.4,29.3,29.3,29.3,29.3,29.2,29.2,29.4,29.2,29.3,29.3,29.2,29.3,29.3,29.2,29.3,29.3,29.2,29.3,29.3,29.3,29.2,29.1,29.2,29.2,29.2,29.2,29.1,29.1,29.1,29.1,29.1,28.8,28.9,29.0,29.0,29.0,28.9,28.9,28.8,28.9,28.9,28.6,28.6,28.7,28.8,28.8,28.6,28.5,28.6,28.6,28.7,28.8,28.4,28.7,28.7,28.7,28.7,28.7,28.7,28.6,28.5,28.5,28.5,28.6,28.7,28.5,28.6,28.5,28.6,28.5,28.5,28.5,28.5,28.4,28.5,28.5,28.5,28.4,28.5,28.6,28.5,28.6,28.3,28.3,28.2,28.3,28.3,28.4,28.4,28.5,28.2,28.3,28.4,28.5,28.5,28.5,28.5,28.5,28.6,28.5,28.5,28.6,28.4,28.5,28.5,28.6,28.6,28.4,28.5,28.7,28.5,28.6,28.6,28.5,28.5,28.6,28.6,28.4,28.6,28.5,28.4,28.5,28.5,28.4,28.5,28.3,28.3,28.3,28.3,28.4,28.5,28.6,28.5,28.3,28.3,28.3,28.4,28.3,28.3,28.3,28.2,28.5,28.2,28.3,28.3,28.4,28.2,28.4
226,28.8,29.0,28.7,28.9,29.0,28.9,29.0,28.9,29.0,29.1,28.9,28.9,29.0,29.1,28.8,29.0,29.0,28.9,29.0,29.0,29.0,29.1,29.0,29.1,29.0,29.1,29.1,29.2,29.2,29.1,29.2,29.3,29.2,29.2,29.1,29.2,29.3,29.4,29.3,29.2,29.3,29.4,29.4,29.2,29.2,29.3,29.4,29.4,29.2,29.4,29.5,29.4,29.3,29.4,29.4,29.2,29.3,29.3,29.0,29.2,29.2,29.3,29.3,29.2,29.2,29.0,29.3,29.1,29.1,29.0,29.0,29.2,29.0,29.0,29.0,29.1,29.1,28.9,29.0,29.0,28.8,28.8,29.0,28.6,28.7,28.8,28.7,28.6,28.6,28.7,28.7,28.7,28.7,28.4,28.5,28.5,28.6,28.6,28.3,28.5,28.5,28.6,28.5,28.5,28.6,28.5,28.5,28.5,28.5,28.7,28.6,28.5,28.6,28.6,28.6,28.5,28.5,28.5,28.5,28.6,28.4,28.5,28.6,28.7,28.5,28.5,28.5,28.5,28.3,28.6,28.4,28.5,28.5,28.5,28.5,28.3,28.2,28.5,28.3,28.5,28.5,28.6,28.5,28.5,28.5,28.3,28.5,28.8,28.7,28.4,28.5,28.7,28.5,28.7,28.5,28.5,28.4,28.4,28.5,28.5,28.5,28.6,28.5,28.4,28.5,28.5,28.5,28.6,28.4,28.3,28.5,28.4,28.5,28.5,28.4,28.5,28.5,28.5,28.2,28.3,28.4,28.3,28.3,28.2,28.3,28.5,28.4,28.5,28.2,28.3,28.3,28.2
227,28.7,28.8,29.0,28.8,28.9,29.0,28.8,29.0,28.8,28.9,28.9,28.9,29.1,28.9,28.8,28.9,29.0,29.1,29.2,29.0,29.1,29.0,29.1,29.0,29.0,29.2,29.2,29.1,29.1,29.0,29.1,29.1,29.3,29.1,29.4,29.1,29.3,29.2,29.1,29.2,29.2,29.2,29.1,29.0,29.2,29.4,29.3,29.2,29.1,29.4,29.2,29.2,29.1,29.2,29.2,29.1,29.4,29.3,29.4,29.2,29.1,29.1,29.1,29.2,29.3,29.1,29.2,29.2,29.1,29.1,29.0,29.0,29.1,29.0,28.9,29.0,29.0,29.0,28.9,29.0,29.0,29.0,28.9,28.8,28.8,28.6,28.8,28.7,28.5,28.6,28.6,28.8,28.5,28.5,28.5,28.5,28.5,28.6,28.4,28.5,28.6,28.6,28.5,28.5,28.5,28.5,28.3,28.3,28.4,28.6,28.5,28.5,28.6,28.4,28.5,28.6,28.5,28.4,28.5,28.5,28.5,28.4,28.5,28.6,28.5,28.5,28.5,28.5,28.5,28.5,28.3,28.5,28.5,28.4,28.5,28.6,28.2,28.5,28.3,28.5,28.3,28.6,28.5,28.4,28.5,28.5,28.5,28.6,28.4,28.5,28.6,28.5,28.6,28.6,28.7,28.5,28.5,28.5,28.5,28.6,28.3,28.5,28.5,28.5,28.5,28.5,28.5,28.5,28.4,28.5,28.3,28.3,28.4,28.5,28.3,28.3,28.3,28.4,28.3,28.3,28.3,28.3,28.3,28.2,28.5,28.4,28.3,28.1,28.3,28.3,28.0,28.4
228,28.8,28.8,29.0,28.9,29.0,29.2,28.9,28.9,29.0,29.0,29.1,29.0,29.1,28.9,29.0,29.1,29.0,29.0,28.9,28.8,29.2,29.2,29.1,29.0,29.1,29.1,29.2,29.3,29.2,29.0,29.1,29.1,29.3,29.2,29.3,29.2,29.2,29.3,29.2,29.3,29.2,29.3,29.3,29.2,29.3,29.3,29.2,29.3,29.3,29.3,29.2,29.1,29.2,29.2,29.3,29.2,29.2,29.1,29.2,29.3,29.2,29.2,29.2,29.0,29.1,29.2,29.2,29.2,29.2,29.0,29.2,29.1,29.0,29.0,29.0,29.1,28.9,28.9,29.0,29.1,29.2,28.8,29.0,28.8,28.8,28.8,28.6,28.5,28.6,28.7,28.5,28.6,28.7,28.3,28.3,28.7,28.4,28.5,28.5,28.5,28.5,28.5,28.5,28.4,28.5,28.3,28.3,28.4,28.6,28.6,28.5,28.6,28.6,28.4,28.6,28.5,28.5,28.6,28.5,28.5,28.6,28.7,28.4,28.6,28.4,28.6,28.5,28.6,28.3,28.5,28.5,28.6,28.4,28.4,28.6,28.4,28.5,28.5,28.5,28.5,28.5,28.5,28.5,28.5,28.5,28.5,28.5,28.5,28.6,28.3,28.5,28.5,28.6,28.5,28.6,28.5,28.6,28.5,28.6,28.5,28.6,28.5,28.3,28.3,28.4,28.4,28.2,28.2,28.3,28.3,28.6,28.3,28.3,28.3,28.3,28.3,28.3,28.3,28.2,28.3,28.5,28.4,28.3,28.3,28.2,28.5,28.4,28.3,28.5,28.4,28.3,28.4
229,28.7,28.8,28.8,28.8,28.8,29.0,29.0,29.0,29.0,28.9,28.8,28.9,29.0,29.1,28.9,29.1,28.9,29.0,28.9,29.0,29.0,29.1,29.1,29.0,29.0,29.1,29.0,29.2,29.1,29.1,29.0,29.2,29.3,29.1,29.1,29.0,29.2,29.2,29.2,29.4,29.1,29.2,29.2,29.3,29.2,29.2,29.1,29.0,29.2,29.3,29.2,29.3,29.2,29.0,29.4,29.2,29.1,29.0,29.1,29.3,29.2,29.1,29.2,28.9,29.0,29.2,29.0,29.0,29.0,29.0,29.0,29.0,29.0,28.8,28.9,28.9,28.9,28.9,29.0,29.1,29.1,28.8,28.9,28.7,28.8,28.6,28.5,28.5,28.4,28.5,28.3,28.5,28.5,28.3,28.7,28.5,28.4,28.3,28.3,28.4,28.3,28.3,28.3,28.2,28.5,28.4,28.3,28.4,28.4,28.5,28.5,28.2,28.4,28.4,28.4,28.5,28.4,28.5,28.4,28.6,28.5,28.3,28.5,28.6,28.5,28.5,28.3,28.6,28.3,28.5,28.4,28.3,28.4,28.4,28.6,28.5,28.7,28.5,28.4,28.5,28.5,28.6,28.5,28.5,28.5,28.5,28.5,28.4,28.7,28.5,28.7,28.5,28.5,28.4,28.5,28.4,28.7,28.5,28.6,28.5,28.6,28.4,28.4,28.3,28.5,28.5,28.5,28.6,28.5,28.5,28.5,28.4,28.4,28.5,28.5,28.4,28.4,28.3,28.4,28.3,28.5,28.3,28.3,28.3,28.2,28.5,28.4,28.3,28.3,28.3,28.2,28.3
230,28.8,29.0,28.7,28.9,28.8,29.0,28.8,29.0,29.0,29.0,28.9,28.9,28.9,29.1,29.0,29.0,29.1,29.2,29.1,29.0,29.0,29.0,29.1,29.1,29.2,29.1,29.2,29.0,29.2,29.1,29.2,29.3,29.2,29.1,29.3,29.2,29.2,29.4,29.2,29.3,29.2,29.3,29.1,29.2,29.1,29.3,29.3,29.2,29.1,29.2,29.3,29.2,29.1,29.2,29.3,29.0,29.2,29.2,29.1,29.2,29.1,29.1,29.2,29.0,28.9,29.0,29.0,29.0,29.0,29.0,29.0,28.9,28.9,29.0,28.9,28.8,28.8,29.1,28.8,28.9,29.2,29.1,29.0,28.6,28.8,28.7,28.5,28.6,28.6,28.5,28.6,28.5,28.5,28.5,28.5,28.6,28.2,28.5,28.3,28.3,28.3,28.5,28.3,28.1,28.5,28.3,28.2,28.3,28.5,28.3,28.5,28.5,28.5,28.4,28.5,28.4,28.5,28.5,28.5,28.5,28.4,28.5,28.5,28.5,28.6,28.4,28.4,28.5,28.5,28.5,28.4,28.6,28.5,28.4,28.6,28.5,28.6,28.6,28.3,28.6,28.5,28.4,28.4,28.4,28.6,28.7,28.6,28.6,28.5,28.6,28.6,28.6,28.5,28.6,28.6,28.4,28.3,28.4,28.5,28.5,28.3,28.5,28.7,28.3,28.5,28.5,28.7,28.5,28.4,28.5,28.5,28.4,28.4,28.5,28.3,28.4,28.3,28.4,28.5,28.3,28.5,28.5,28.4,28.3,28.3,28.3,28.5,28.3,28.3,28.3,28.3,28.4
231,28.8,28.6,28.8,28.9,28.8,28.8,28.8,28.8,28.8,28.8,28.8,28.8,29.0,28.8,28.9,29.0,29.0,29.0,29.0,29.0,29.0,29.0,28.8,29.0,29.1,29.1,29.0,29.2,29.0,29.0,29.2,29.2,29.0,29.0,29.2,29.1,29.2,29.1,29.2,29.1,29.2,29.2,29.2,29.0,29.2,29.2,29.1,29.2,29.1,29.2,29.2,29.1,29.2,29.2,29.0,29.1,29.1,29.2,29.0,29.1,28.8,29.1,28.9,29.1,28.9,28.9,28.9,28.8,28.8,28.9,29.0,29.0,28.9,28.8,29.0,28.8,28.8,28.8,28.8,29.0,28.8,28.8,28.8,28.7,28.5,28.6,28.5,28.5,28.3,28.5,28.3,28.5,28.3,28.5,28.4,28.5,28.3,28.3,28.2,28.4,28.2,28.3,28.3,28.2,28.1,28.1,28.3,28.3,28.5,28.3,28.3,28.4,28.4,28.5,28.6,28.4,28.4,28.3,28.4,28.7,28.5,28.3,28.2,28.5,28.6,28.2,28.4,28.5,28.4,28.5,28.5,28.4,28.6,28.5,28.5,28.3,28.5,28.3,28.6,28.7,28.6,28.5,28.5,28.5,28.4,28.6,28.5,28.7,28.5,28.4,28.5,28.6,28.5,28.4,28.3,28.6,28.5,28.4,28.5,28.5,28.5,28.4,28.3,28.5,28.5,28.5,28.3,28.4,28.4,28.5,28.3,28.2,28.3,28.4,28.3,28.3,28.3,28.3,28.3,28.3,28.4,28.5,28.3,28.4,28.2,28.3,28.4,28.3,28.3,28.0,28.3,28.4
232,28.9,28.8,28.8,28.9,28.8,28.9,28.7,28.9,28.9,28.8,29.0,28.9,28.8,28.9,29.0,29.0,29.0,29.0,29.0,29.0,29.0,28.9,29.0,29.0,28.9,29.0,29.1,29.0,29.1,29.0,28.9,29.2,29.1,29.0,29.0,29.0,29.1,29.2,29.0,29.0,29.2,29.2,29.0,29.2,29.0,29.2,29.0,29.1,29.0,29.0,29.1,29.1,29.1,29.1,29.0,29.1,29.1,29.1,29.1,29.0,29.0,29.0,28.9,29.0,29.0,29.0,28.8,28.8,29.0,29.1,28.8,28.9,28.8,28.8,28.8,28.9,28.8,28.7,29.0,29.0,28.9,28.8,28.8,28.9,28.7,28.5,28.6,28.7,28.7,28.5,28.4,28.5,28.5,28.4,28.3,28.5,28.4,28.5,28.3,28.3,28.3,28.3,28.3,28.2,28.1,28.1,28.1,28.3,28.3,28.4,28.5,28.3,28.5,28.4,28.6,28.6,28.5,28.5,28.4,28.5,28.5,28.3,28.5,28.3,28.3,28.4,28.5,28.6,28.4,28.4,28.6,28.5,28.4,28.4,28.5,28.4,28.3,28.5,28.5,28.5,28.3,28.4,28.5,28.2,28.6,28.5,28.4,28.4,28.3,28.4,28.3,28.4,28.5,28.5,28.3,28.7,28.5,28.5,28.5,28.5,28.3,28.5,28.5,28.4,28.3,28.3,28.4,28.4,28.5,28.5,28.2,28.5,28.4,28.3,28.3,28.3,28.3,28.5,28.4,28.2,28.3,28.3,28.3,28.4,28.4,28.3,28.3,28.5,28.3,28.1,28.1,28.3
233,28.8,28.9,28.8,28.8,28.6,28.8,28.9,28.9,28.8,28.7,28.9,28.9,28.9,28.9,28.9,28.9,29.0,28.8,29.0,28.8,29.1,28.9,28.9,29.0,28.9,29.1,28.9,29.0,29.1,28.9,29.0,29.1,29.2,28.9,28.9,29.0,29.2,29.0,28.9,29.0,29.0,29.0,29.0,28.9,29.0,29.1,29.1,29.2,28.9,29.0,29.0,29.1,29.0,29.0,29.1,29.2,29.0,29.0,29.0,29.0,28.9,28.9,29.0,29.0,29.0,28.9,28.8,28.8,28.9,29.0,28.7,28.9,28.7,28.8,28.8,28.8,28.8,28.9,29.0,28.9,29.0,28.8,29.0,29.0,28.9,28.7,28.6,28.7,28.7,28.6,28.5,28.7,28.3,28.6,28.5,28.5,28.4,28.4,28.3,28.3,28.3,28.4,28.5,28.2,28.2,28.2,28.1,28.2,28.2,28.3,28.3,28.4,28.5,28.4,28.5,28.4,28.5,28.3,28.3,28.4,28.5,28.3,28.3,28.5,28.5,28.3,28.3,28.4,28.3,28.4,28.5,28.6,28.6,28.4,28.4,28.2,28.5,28.4,28.3,28.4,28.5,28.5,28.5,28.2,28.5,28.5,28.3,28.3,28.3,28.2,28.5,28.5,28.4,28.5,28.2,28.4,28.4,28.3,28.3,28.1,28.3,28.5,28.3,28.3,28.3,28.4,28.4,28.3,28.5,28.1,28.3,28.4,28.4,28.4,28.2,28.1,28.3,28.1,28.2,28.3,28.2,28.2,28.2,28.2,28.3,28.2,28.3,28.2,28.3,28.3,28.2,28.1
234,28.7,28.8,28.8,28.8,28.8,28.8,28.9,28.9,28.9,28.8,28.9,28.8,28.8,28.9,28.9,29.0,29.1,28.8,28.9,28.9,29.0,29.0,29.0,29.2,29.1,28.8,29.0,28.9,29.0,29.1,29.0,29.0,29.1,29.0,29.0,28.9,29.0,29.1,29.0,29.2,29.0,29.1,29.1,29.2,29.0,29.2,29.0,29.0,29.0,29.1,28.9,29.1,29.1,29.0,29.2,29.1,29.1,28.9,29.0,29.0,29.0,28.9,28.8,28.8,29.2,28.9,28.9,28.9,28.8,28.8,28.8,28.8,29.0,28.7,28.8,28.8,28.9,29.0,29.1,29.0,29.1,28.8,29.0,28.9,28.9,28.9,28.9,28.7,28.7,28.6,28.7,28.6,28.5,28.8,28.5,28.8,28.6,28.5,28.4,28.5,28.4,28.5,28.5,28.3,28.3,28.1,28.1,28.1,28.4,28.3,28.3,28.3,28.4,28.3,28.3,28.3,28.4,28.5,28.4,28.4,28.4,28.3,28.3,28.5,28.5,28.3,28.5,28.5,28.3,28.6,28.4,28.3,28.3,28.3,28.4,28.4,28.6,28.5,28.5,28.4,28.6,28.5,28.4,28.3,28.5,28.4,28.3,28.3,28.6,28.2,28.5,28.4,28.4,28.5,28.3,28.3,28.5,28.3,28.3,28.3,28.3,28.4,28.4,28.5,28.3,28.5,28.5,28.4,28.5,28.4,28.4,28.2,28.3,28.4,28.2,28.3,28.3,28.3,28.2,28.4,28.2,28.2,28.2,28.2,28.4,28.3,28.3,28.4,28.2,28.3,28.1,28.1
235,29.0,28.9,28.9,28.7,28.7,28.9,29.0,28.8,28.8,29.0,29.0,28.8,28.9,28.7,28.9,28.9,28.9,28.9,29.0,28.9,29.1,28.9,29.0,29.0,29.1,29.0,28.9,29.0,29.1,29.0,29.1,29.0,29.1,29.1,29.0,29.0,29.0,29.0,29.0,29.1,29.1,29.2,29.1,29.1,29.0,29.2,29.1,29.0,29.1,29.0,29.0,29.1,29.1,29.0,28.9,29.1,28.9,29.1,28.9,28.9,29.0,28.9,28.9,28.8,28.8,28.7,29.0,28.8,28.8,28.8,29.0,28.8,28.8,28.8,28.9,28.7,28.8,28.8,28.8,29.2,28.9,29.0,28.9,29.1,29.0,28.8,28.8,28.8,28.7,28.7,28.6,28.7,28.7,28.6,28.6,28.6,28.6,28.8,28.6,28.5,28.6,28.3,28.6,28.3,28.3,28.2,28.3,28.3,28.5,28.3,28.4,28.3,28.3,28.4,28.4,28.3,28.3,28.5,28.5,28.5,28.3,28.5,28.5,28.5,28.5,28.5,28.4,28.6,28.4,28.4,28.3,28.5,28.6,28.5,28.4,28.3,28.4,28.5,28.3,28.5,28.5,28.4,28.5,28.5,28.6,28.6,28.3,28.3,28.5,28.5,28.4,28.3,28.5,28.3,28.3,28.4,28.4,28.5,28.5,28.3,28.3,28.5,28.5,28.2,28.4,28.5,28.3,28.4,28.2,28.5,28.5,28.3,28.4,28.5,28.3,28.3,28.4,28.3,28.3,28.3,28.3,28.5,28.3,28.3,28.5,28.2,28.3,28.1,28.3,28.3,28.3,28.4
236,28.9,28.9,28.8,29.0,28.6,28.8,28.7,28.9,28.9,28.8,28.8,28.9,28.8,28.7,28.8,29.0,28.9,28.8,29.1,29.1,28.8,29.0,29.0,29.0,28.9,29.0,29.0,29.2,29.0,28.9,28.8,29.0,29.1,28.8,29.0,28.8,28.7,29.0,28.9,29.0,29.1,29.0,29.0,28.9,29.1,29.0,29.0,29.0,29.0,28.8,29.0,28.9,28.9,28.8,29.0,29.0,29.0,28.9,29.0,29.0,29.1,29.0,28.8,28.8,28.8,29.0,29.0,28.9,28.8,28.8,28.7,28.7,28.8,28.7,28.8,28.7,28.8,28.7,28.9,28.8,28.8,28.8,28.9,28.9,29.0,28.9,28.9,28.8,28.8,29.0,28.7,28.8,28.7,28.7,28.7,28.8,28.5,28.7,28.7,28.4,28.5,28.5,28.5,28.3,28.2,28.2,28.3,28.1,28.3,28.3,28.3,28.2,28.3,28.5,28.3,28.3,28.6,28.4,28.5,28.3,28.5,28.5,28.3,28.3,28.5,28.4,28.4,28.4,28.5,28.3,28.5,28.3,28.3,28.1,28.4,28.1,28.3,28.5,28.5,28.5,28.6,28.5,28.3,28.4,28.5,28.5,28.1,28.3,28.2,28.4,28.4,28.3,28.5,28.3,28.5,28.5,28.3,28.3,28.4,28.4,28.2,28.2,28.2,28.2,28.3,28.2,28.5,28.2,28.4,28.3,28.3,28.2,28.4,28.5,28.2,28.2,28.3,28.3,28.3,28.2,28.2,28.3,28.3,28.2,28.3,28.3,28.2,28.3,28.3,28.1,28.2,28.3
237,28.8,28.5,28.8,28.8,28.6,28.7,28.8,28.7,28.6,28.8,28.7,28.6,28.7,29.0,28.8,28.8,28.8,28.8,28.9,28.9,28.8,28.8,29.1,28.7,28.8,28.9,28.9,29.0,28.8,28.9,28.9,28.8,29.0,28.9,29.0,29.0,28.8,28.9,28.9,28.8,29.0,29.0,29.0,29.0,29.0,29.0,29.0,28.8,28.9,28.9,29.0,29.0,28.8,29.0,28.8,28.9,28.7,28.7,28.8,28.9,28.9,29.0,28.8,28.8,28.7,28.7,28.8,28.8,28.6,28.8,28.7,28.9,28.6,28.7,28.5,28.6,28.7,28.9,28.9,28.9,28.9,28.9,28.9,29.0,28.8,28.8,28.8,28.8,28.9,28.6,28.8,28.8,28.8,28.7,28.7,28.7,28.5,28.7,28.6,28.5,28.5,28.5,28.6,28.4,28.3,28.3,28.2,28.3,28.2,28.4,28.4,28.3,28.4,28.3,28.3,28.3,28.5,28.3,28.2,28.3,28.3,28.3,28.4,28.4,28.3,28.5,28.4,28.2,28.3,28.3,28.5,28.4,28.4,28.4,28.3,28.4,28.5,28.3,28.1,28.3,28.4,28.5,28.5,28.2,28.2,28.4,28.3,28.3,28.3,28.3,28.3,28.5,28.3,28.3,28.1,28.4,28.3,28.3,28.4,28.3,28.7,28.3,28.2,28.2,28.2,28.3,28.3,28.3,28.3,28.2,28.3,28.5,28.2,28.2,28.1,28.2,28.1,28.2,28.2,28.4,28.2,28.3,28.2,28.0,28.2,28.3,28.1,28.4,28.2,28.1,28.1,28.2
238,28.7,28.7,28.7,28.7,28.8,28.7,29.0,28.9,28.8,28.8,28.8,28.7,28.7,28.6,28.8,28.9,28.9,28.8,29.0,28.8,29.0,28.9,28.9,28.6,29.0,28.8,29.0,29.0,28.8,28.8,28.9,29.0,28.9,29.0,28.9,28.8,28.9,29.0,28.9,28.9,28.9,29.0,29.0,28.9,29.0,29.0,28.9,29.0,29.0,29.0,28.8,29.1,28.9,28.9,28.8,28.9,28.9,28.8,29.0,28.8,29.1,28.9,28.9,28.8,28.9,28.9,29.0,29.0,28.8,28.8,28.7,28.7,28.8,28.7,28.7,28.7,28.8,28.8,28.9,28.9,29.0,28.8,29.0,28.8,29.0,28.8,28.8,28.7,28.7,28.9,28.7,28.8,28.8,28.6,28.6,28.6,28.6,28.5,28.5,28.5,28.3,28.6,28.3,28.3,28.2,28.4,28.2,28.1,28.3,28.2,28.4,28.3,28.3,28.2,28.5,28.4,28.3,28.4,28.3,28.5,28.3,28.4,28.3,28.4,28.2,28.3,28.3,28.3,28.3,28.3,28.3,28.6,28.3,28.2,28.3,28.5,28.4,28.3,28.4,28.5,28.3,28.2,28.1,28.3,28.3,28.5,28.3,28.2,28.3,28.4,28.3,28.6,28.3,28.3,28.4,28.2,28.3,28.3,28.2,28.5,28.4,28.5,28.3,28.3,28.2,28.3,28.4,28.5,28.3,28.3,28.2,28.3,28.3,28.2,28.4,28.4,28.1,28.3,28.3,28.1,28.3,28.3,28.3,28.2,28.2,28.2,28.3,28.2,28.2,28.2,28.2,28.3
239,28.8,28.7,28.8,28.7,28.6,28.9,28.7,28.7,28.8,28.7,28.8,28.8,28.8,28.8,28.8,28.8,28.9,28.8,28.8,28.7,28.9,28.8,28.8,28.8,28.9,28.9,29.0,29.0,29.0,29.0,28.8,28.9,28.9,29.0,28.7,28.8,28.9,29.1,29.0,28.9,29.0,29.2,28.9,28.9,29.0,29.0,29.0,29.1,28.9,29.0,29.0,28.9,28.8,28.9,29.0,29.0,29.0,28.8,28.9,28.8,29.0,28.9,28.9,28.8,28.8,28.9,28.9,28.6,28.8,28.6,28.9,28.6,28.7,28.5,28.7,28.8,28.6,28.7,28.9,28.8,28.8,28.8,29.0,28.7,28.7,28.8,28.9,28.8,28.8,28.7,28.8,28.9,28.7,28.6,28.7,28.5,28.5,28.3,28.5,28.6,28.4,28.5,28.4,28.2,28.2,28.3,28.2,28.4,28.2,28.3,28.3,28.2,28.3,28.5,28.3,28.2,28.4,28.3,28.4,28.4,28.3,28.6,28.2,28.5,28.5,28.3,28.3,28.4,28.3,28.4,28.2,28.3,28.4,28.3,28.3,28.5,28.5,28.2,28.3,28.4,28.5,28.3,28.5,28.5,28.3,28.3,28.3,28.2,28.3,28.2,28.5,28.5,28.3,28.3,28.2,28.5,28.4,28.3,28.2,28.4,28.2,28.2,28.3,28.2,28.2,28.2,28.3,28.2,28.2,28.3,28.3,28.1,28.1,28.3,28.2,28.2,28.1,28.2,28.1,28.2,28.2,28.2,28.3,28.1,28.3,28.1,28.3,28.3,28.3,28.1,28.3,28.3
240,28.9,28.8,28.8,28.9,28.8,28.8,29.0,28.8,28.8,28.8,28.8,28.8,28.9,28.8,28.9,28.8,29.0,28.8,28.9,28.8,28.8,28.7,28.9,29.0,28.8,29.0,29.0,29.0,28.9,28.9,28.9,29.0,28.9,28.9,28.8,28.8,28.8,29.0,28.9,29.0,29.0,29.0,28.9,28.9,29.0,28.9,29.0,29.0,29.0,28.9,28.9,28.9,28.9,29.0,28.9,28.9,28.8,28.8,29.0,28.7,28.8,29.0,28.8,28.7,28.8,28.7,28.6,28.6,28.7,28.7,28.7,28.8,28.7,28.6,28.9,28.6,28.7,28.9,28.8,28.8,28.8,29.0,29.0,29.0,29.0,28.9,28.7,28.8,28.7,28.7,28.8,28.8,28.6,28.7,28.7,28.7,28.4,28.7,28.5,28.5,28.4,28.5,28.5,28.3,28.1,28.1,28.2,28.2,28.3,28.3,28.6,28.3,28.3,28.3,28.3,28.5,28.4,28.2,28.3,28.4,28.5,28.4,28.3,28.4,28.5,28.3,28.1,28.4,28.3,28.1,28.2,28.4,28.3,28.6,28.5,28.3,28.3,28.4,28.2,28.4,28.2,28.4,28.4,28.4,28.2,28.2,28.4,28.3,28.3,28.3,28.4,28.4,28.4,28.3,28.3,28.2,28.3,28.2,28.2,28.1,28.2,28.3,28.3,28.3,28.1,28.2,28.2,28.3,28.3,28.3,28.1,28.1,28.1,28.3,28.2,28.2,28.2,28.3,28.2,28.1,28.2,28.2,28.4,28.3,28.2,28.1,28.3,28.2,28.2,28.0,28.2,28.2
241,28.5,28.8,28.7,28.8,28.7,28.9,28.8,28.9,28.8,28.8,28.8,28.7,28.8,28.8,28.8,28.9,28.8,28.7,28.9,28.9,28.9,28.7,28.9,29.0,29.0,28.9,28.7,29.0,29.0,28.8,28.9,28.8,29.1,29.0,29.0,29.0,28.8,28.9,28.9,28.8,29.0,29.0,28.8,28.9,29.0,29.0,29.0,28.8,28.7,29.0,29.0,29.0,28.7,28.8,28.9,28.8,28.9,28.8,28.9,28.8,28.7,28.8,28.8,28.9,28.8,28.7,28.8,28.7,28.6,28.7,28.7,28.7,28.8,28.6,28.5,28.5,28.6,28.7,28.7,29.0,28.9,29.0,28.7,28.7,28.8,28.9,28.9,28.8,28.7,28.8,28.5,28.6,28.7,28.6,28.7,28.5,28.6,28.4,28.5,28.6,28.3,28.3,28.4,28.3,28.2,28.1,28.1,28.3,28.2,28.3,28.3,28.2,28.5,28.3,28.3,28.4,28.3,28.2,28.3,28.5,28.3,28.4,28.4,28.5,28.1,28.3,28.4,28.2,28.5,28.4,28.2,28.3,28.5,28.2,28.2,28.5,28.3,28.2,28.2,28.1,28.1,28.2,28.3,28.1,28.4,28.3,28.3,28.3,28.2,28.2,28.3,28.3,28.3,28.3,28.3,28.2,28.2,28.3,28.3,28.3,28.2,28.4,28.2,28.2,28.3,28.3,28.1,28.3,28.2,28.3,28.1,28.1,28.4,28.2,28.1,28.3,28.2,28.2,28.3,28.1,28.2,28.3,28.2,28.2,28.3,28.3,28.2,28.3,28.2,28.3,28.2,28.2
242,28.7,28.9,28.8,28.8,28.8,28.6,28.7,28.8,28.7,28.8,28.8,28.8,28.9,28.8,28.9,28.7,28.8,28.9,28.9,28.8,29.0,28.8,28.7,28.8,28.7,29.0,28.9,28.8,28.9,28.9,29.0,29.1,29.0,28.9,29.0,28.8,28.8,29.0,29.0,29.0,28.8,28.8,29.0,29.0,28.9,28.9,28.9,28.7,28.8,28.9,29.0,28.9,28.7,28.8,29.0,28.6,28.9,28.8,28.9,28.8,28.6,28.9,28.8,28.9,28.7,28.7,28.8,28.7,28.7,28.6,28.6,28.7,28.7,28.6,28.7,28.8,28.7,28.7,29.0,29.0,28.7,28.9,29.0,28.8,28.9,29.0,28.8,28.7,28.8,28.5,28.7,28.7,28.5,28.7,28.6,28.7,28.5,28.5,28.5,28.5,28.3,28.3,28.3,28.2,28.3,28.2,28.1,28.2,28.3,28.2,28.2,28.3,28.3,28.2,28.3,28.3,28.2,28.3,28.3,28.3,28.3,28.3,28.3,28.5,28.3,28.4,28.5,28.1,28.2,28.4,28.3,28.5,28.4,28.3,28.3,28.3,28.2,28.2,28.3,28.1,28.3,28.3,28.3,28.2,28.3,28.4,28.0,28.3,28.2,28.3,28.3,28.2,28.3,28.2,28.2,28.3,28.2,28.3,28.4,28.2,28.3,28.3,28.1,28.3,28.2,28.2,28.5,28.2,28.3,28.3,28.3,28.3,28.3,28.2,28.2,28.2,28.3,28.2,28.1,28.2,28.3,28.3,28.3,28.4,28.1,28.3,28.1,28.1,28.2,28.2,28.3,28.2
243,28.7,28.8,29.0,28.7,28.8,28.7,28.6,28.7,28.6,28.7,28.7,28.7,28.8,28.8,28.7,29.0,28.8,28.7,28.8,28.8,28.9,28.8,28.8,29.0,28.7,28.9,28.8,28.8,28.9,28.8,28.9,28.8,28.8,28.8,28.9,28.8,28.8,28.8,28.8,28.9,28.8,28.7,28.7,28.9,28.8,28.9,28.9,28.7,28.8,28.7,28.7,28.8,28.7,28.8,28.9,28.7,28.7,28.6,28.8,28.7,28.8,28.7,28.6,28.7,28.8,28.7,28.6,28.7,28.7,28.5,28.8,28.5,28.7,28.5,28.6,28.5,28.7,28.6,28.8,28.8,28.8,28.8,28.8,29.0,28.7,28.6,28.6,28.8,28.8,28.6,28.7,28.5,28.5,28.5,28.7,28.5,28.5,28.4,28.3,28.3,28.4,28.2,28.2,28.2,28.1,28.1,28.0,28.2,28.2,28.0,28.3,28.4,28.3,28.3,28.3,28.2,28.4,28.3,28.4,28.3,28.3,28.4,28.1,28.2,28.2,28.2,28.3,28.3,28.2,28.2,28.3,28.2,28.3,28.1,28.3,28.3,28.1,28.2,28.3,28.2,28.3,28.3,28.3,28.1,28.1,28.1,28.1,28.3,28.1,28.2,28.3,28.2,28.3,28.3,28.2,28.2,28.3,28.3,28.3,28.4,28.3,28.2,28.1,28.1,28.1,28.2,28.2,28.1,28.2,28.2,28.3,28.2,28.2,28.3,28.2,28.2,28.0,28.2,28.3,28.2,28.3,28.2,28.3,28.1,28.2,28.3,28.2,28.1,28.3,28.1,28.1,28.4
244,28.8,28.8,28.8,28.6,28.9,28.8,28.9,28.6,28.9,28.8,28.7,28.8,28.8,29.0,28.7,28.8,29.0,28.8,28.9,28.8,29.0,28.9,28.9,28.9,28.8,28.8,28.8,29.0,28.7,28.9,28.8,28.9,29.0,28.8,28.8,28.7,28.9,28.9,28.9,28.8,28.8,29.0,28.8,28.8,28.8,28.9,28.8,29.0,28.5,28.7,28.9,28.8,28.9,29.0,28.8,28.8,28.8,28.8,28.8,28.9,28.7,28.8,28.5,28.7,28.6,28.7,28.8,28.7,28.7,28.5,28.6,28.6,28.6,28.5,28.5,28.7,28.6,28.6,28.8,28.7,28.9,28.8,29.0,28.7,28.8,28.8,28.7,28.8,28.6,28.7,28.7,28.7,28.3,28.5,28.6,28.7,28.6,28.2,28.3,28.3,28.2,28.3,28.2,28.2,28.1,28.1,28.0,28.3,28.4,28.3,28.2,28.2,28.5,28.1,28.4,28.3,28.5,28.3,28.2,28.2,28.2,28.2,28.2,28.2,28.2,28.1,28.1,28.3,28.3,28.2,28.3,28.3,28.2,28.2,28.4,28.1,28.4,28.2,28.3,28.2,28.2,28.3,28.2,28.2,28.3,28.3,28.1,28.2,28.3,28.3,28.3,28.2,28.1,28.4,28.3,28.1,28.1,28.4,28.1,28.1,28.2,28.1,28.3,28.0,28.1,28.1,28.3,28.0,28.1,28.1,28.2,28.1,28.1,28.1,28.1,28.3,28.2,28.3,28.2,28.1,28.3,28.3,28.2,28.2,28.1,28.2,28.3,28.5,28.3,28.1,28.3,28.1
245,28.7,28.7,28.7,28.7,28.7,28.7,28.6,28.8,28.7,28.8,28.7,28.7,28.8,28.6,28.8,28.8,28.8,28.7,28.8,28.8,28.8,28.8,28.7,28.7,28.7,28.8,28.7,28.9,28.9,28.9,28.9,28.8,29.0,28.8,28.9,28.8,28.9,28.7,28.8,28.9,28.8,28.8,29.0,28.8,28.6,28.8,28.8,28.9,28.8,28.6,28.8,28.7,28.7,28.8,28.8,28.7,28.7,28.9,28.9,28.7,28.7,28.8,28.7,28.8,28.6,28.5,28.6,28.3,28.6,28.6,28.5,28.6,28.5,28.5,28.5,28.6,28.5,28.4,28.8,28.6,28.7,28.6,28.6,28.7,28.8,28.8,28.7,28.7,28.6,28.6,28.5,28.6,28.3,28.5,28.5,28.5,28.3,28.4,28.2,28.1,28.1,28.2,28.1,28.0,27.9,27.9,28.1,28.0,28.1,28.3,28.2,28.2,28.2,28.2,28.2,28.3,28.3,28.3,28.2,28.2,28.3,28.3,28.2,28.3,28.3,28.1,28.3,28.3,28.1,28.2,28.2,28.3,28.1,28.1,28.2,28.1,28.1,28.1,28.2,28.2,28.1,28.2,28.3,28.1,28.1,28.2,28.3,28.1,28.3,28.1,28.4,28.3,28.2,28.3,28.1,28.1,28.1,28.2,28.3,28.0,28.2,28.0,28.0,28.2,28.2,28.2,28.2,28.1,28.1,28.2,28.2,28.1,28.1,28.1,28.1,28.1,28.2,28.3,28.2,28.2,28.3,28.1,28.1,28.3,28.2,28.1,27.9,28.2,28.0,28.3,28.2,28.3
246,28.7,28.8,28.8,28.7,28.5,28.6,28.7,28.9,28.6,28.7,28.7,28.4,28.7,28.7,28.7,28.7,28.8,28.6,28.8,28.7,28.7,28.5,28.7,28.7,28.8,28.9,28.8,29.0,28.8,28.8,28.9,28.7,28.8,28.7,28.8,28.7,28.8,28.7,28.8,28.7,28.7,28.7,28.9,28.7,28.8,28.8,28.8,28.7,28.6,28.7,28.9,28.8,28.7,28.7,28.8,28.6,28.8,28.6,28.6,28.7,28.6,28.6,28.6,28.7,28.7,28.8,28.7,28.6,28.7,28.5,28.6,28.7,28.7,28.6,28.5,28.6,28.2,28.3,28.6,28.6,28.6,28.6,28.5,28.7,28.5,28.7,28.6,28.7,28.5,28.6,28.4,28.5,28.5,28.5,28.4,28.2,28.3,28.3,28.1,28.1,28.1,28.0,28.2,28.1,28.0,28.0,28.1,28.2,28.4,28.3,28.1,28.1,28.1,28.4,28.2,28.2,28.2,28.2,28.2,28.2,28.0,28.3,28.1,28.1,28.3,28.2,28.1,28.3,28.2,28.0,28.2,28.2,28.3,28.1,28.3,28.1,28.1,28.1,28.0,28.1,28.1,27.9,28.2,28.1,28.2,28.1,28.0,28.2,28.2,28.1,28.2,28.2,28.2,28.2,28.0,28.1,28.1,28.1,28.1,28.0,28.1,28.1,28.2,28.1,27.9,28.1,28.1,28.1,28.3,28.2,28.0,28.2,28.1,28.1,28.2,28.2,28.1,28.2,28.0,28.1,28.1,28.3,28.1,28.2,28.3,28.3,28.2,28.2,28.3,28.2,28.1,28.0
247,28.8,28.7,28.8,28.6,28.6,28.5,28.8,28.8,28.9,28.8,28.8,28.8,28.9,28.7,28.7,28.7,28.9,28.8,28.7,28.5,28.6,28.8,28.7,28.7,28.6,28.9,28.8,28.8,28.8,28.6,28.7,28.7,28.8,28.8,28.7,28.6,28.8,28.8,28.7,28.8,28.8,28.9,28.7,28.6,28.8,28.7,28.8,28.8,28.5,28.7,28.9,28.8,28.8,28.7,28.5,28.7,28.6,28.8,28.6,28.6,28.6,28.7,28.6,28.8,28.5,28.7,28.5,28.6,28.5,28.6,28.6,28.6,28.5,28.6,28.5,28.6,28.5,28.5,28.3,28.5,28.5,28.5,28.5,28.6,28.5,28.6,28.6,28.5,28.6,28.6,28.5,28.4,28.5,28.4,28.3,28.3,28.2,28.3,28.4,28.1,28.2,28.1,28.1,28.1,28.1,28.1,28.0,28.1,28.3,28.1,28.2,28.2,28.3,28.1,28.2,28.2,28.1,28.2,28.3,28.2,28.1,28.1,28.0,28.1,28.1,28.1,28.3,28.3,28.1,28.2,28.1,28.3,28.1,28.0,28.1,28.3,28.1,28.1,28.1,28.0,28.0,28.0,28.1,28.1,28.2,28.2,27.9,28.2,28.0,28.1,28.0,28.2,28.0,28.2,28.1,28.2,28.2,28.2,28.2,28.1,28.0,28.1,28.1,28.2,28.2,28.0,28.2,28.1,28.1,28.1,28.1,28.1,28.2,28.2,28.1,28.2,28.3,28.2,28.0,28.1,28.3,28.1,28.0,28.3,28.1,28.2,28.3,28.1,28.3,27.9,28.3,28.2
248,28.8,28.7,28.7,28.7,28.7,28.6,28.7,28.8,28.8,28.5,28.8,28.7,28.7,28.7,28.8,28.7,28.8,28.7,28.8,28.8,28.7,28.8,28.7,28.6,28.7,29.0,28.7,28.8,28.5,28.8,28.6,28.8,28.8,28.8,28.7,28.7,28.8,28.8,28.6,28.6,28.9,28.8,28.8,28.8,28.8,28.7,28.7,28.7,28.6,28.8,28.7,28.6,28.8,28.9,28.6,28.8,28.8,28.6,28.6,28.7,28.7,28.6,28.6,28.6,28.5,28.7,28.7,28.4,28.5,28.5,28.3,28.7,28.6,28.5,28.4,28.5,28.2,28.4,28.3,28.4,28.4,28.4,28.3,28.5,28.5,28.7,28.7,28.6,28.5,28.7,28.5,28.5,28.4,28.5,28.5,28.3,28.2,28.3,28.1,28.1,28.2,28.3,28.2,28.1,28.0,28.1,28.1,28.1,28.2,28.2,28.1,28.0,28.1,28.3,28.2,28.4,28.0,28.1,28.1,28.1,28.1,28.2,28.0,28.3,28.1,28.1,28.0,28.2,28.0,28.0,28.1,28.2,28.1,28.1,28.1,28.1,28.0,28.1,28.0,28.0,28.2,28.2,28.2,28.0,28.2,28.1,27.8,27.9,28.0,28.1,28.0,28.1,28.1,28.0,28.2,28.1,28.1,28.0,28.1,28.1,28.3,28.1,28.1,28.2,28.0,28.0,28.0,28.1,28.1,28.1,28.1,28.2,28.1,28.1,28.1,28.1,28.2,28.1,28.2,28.2,28.3,28.2,28.1,28.2,28.3,28.1,28.2,28.0,28.1,28.1,28.3,27.9
249,28.6,28.6,28.6,28.5,28.6,28.6,28.6,28.8,28.7,28.5,28.7,28.7,28.7,28.7,28.9,28.8,28.7,28.7,28.6,28.8,28.6,28.7,28.7,28.8,28.7,28.7,28.7,28.8,28.7,28.7,28.6,28.9,28.6,28.7,28.8,28.6,28.8,28.8,28.6,28.5,28.7,28.8,28.8,28.7,28.6,28.6,28.6,28.6,28.6,28.4,28.6,28.7,28.5,28.7,28.5,28.6,28.8,28.5,28.6,28.4,28.7,28.7,28.5,28.5,28.7,28.3,28.6,28.7,28.6,28.4,28.3,28.3,28.3,28.3,28.3,28.3,28.1,28.4,28.3,28.3,28.3,28.1,28.4,28.5,28.3,28.4,28.5,28.4,28.5,28.5,28.3,28.5,28.2,28.3,28.1,28.2,28.3,28.2,28.2,28.1,28.0,28.2,28.1,28.1,27.9,27.8,28.1,28.3,28.0,28.3,28.2,28.1,28.0,28.2,28.3,28.0,28.1,28.2,28.0,28.1,28.2,28.0,28.1,28.3,28.2,27.9,28.0,28.1,28.1,28.0,27.9,28.1,28.0,27.9,28.0,28.0,28.1,28.1,28.2,28.1,28.1,27.9,27.9,28.1,28.0,28.2,27.9,28.1,28.1,28.0,28.2,28.0,28.0,28.1,27.8,28.0,28.0,28.2,28.1,28.2,28.1,28.0,28.1,27.9,28.1,27.9,28.1,28.2,28.0,28.1,28.0,28.1,28.1,28.2,28.0,28.1,28.0,28.1,28.1,28.1,28.1,28.2,28.1,28.0,28.2,28.0,28.1,28.1,28.1,28.2,28.0,28.3
250,28.8,28.5,28.7,28.6,28.8,28.6,28.7,28.7,28.8,28.7,28.8,28.8,28.7,28.8,28.7,28.7,28.7,28.8,28.7,28.8,28.4,28.7,28.7,28.5,28.7,28.6,28.9,28.7,28.5,28.6,28.7,28.7,28.7,28.5,28.6,28.7,28.6,28.9,28.6,28.8,28.9,28.7,28.7,28.4,28.7,28.5,28.7,28.9,28.6,28.6,28.8,28.6,28.6,28.6,28.5,28.6,28.7,28.7,28.7,28.6,28.7,28.6,28.6,28.5,28.5,28.6,28.5,28.5,28.3,28.3,28.5,28.5,28.4,28.4,28.4,28.3,28.4,28.5,28.4,28.2,28.2,28.3,28.3,28.3,28.4,28.5,28.6,28.7,28.4,28.3,28.3,28.5,28.3,28.3,28.1,28.2,28.0,28.1,28.0,28.3,28.2,28.1,28.1,28.2,28.1,28.1,28.0,28.1,28.0,28.1,28.2,28.1,28.1,28.2,28.1,28.2,28.1,28.0,28.1,28.1,28.2,28.1,28.1,27.9,28.1,27.9,28.0,28.1,28.0,28.0,28.0,27.9,28.0,28.0,28.0,28.0,27.9,28.2,28.1,27.9,28.0,28.1,28.0,28.2,28.1,28.1,28.1,28.1,27.9,28.1,28.1,28.0,28.1,28.2,28.0,27.9,28.0,28.0,27.9,28.3,27.9,28.1,27.9,28.0,28.0,27.9,28.1,28.1,27.9,27.9,28.1,28.0,28.2,28.1,28.1,28.1,28.1,27.9,28.0,28.1,28.0,28.0,28.2,28.0,28.2,28.0,28.2,28.2,28.2,28.2,28.1,28.1
251,28.6,28.7,28.5,28.7,28.7,28.8,28.8,28.6,28.6,28.7,28.7,28.7,28.6,28.5,28.5,28.6,28.9,28.4,28.7,28.7,28.7,28.7,28.7,28.9,28.6,28.8,28.6,28.8,28.7,28.7,28.8,28.8,28.8,28.7,28.8,28.7,28.7,28.8,28.8,28.6,28.8,28.7,28.7,28.6,28.8,28.6,28.8,28.6,28.5,28.5,28.8,28.5,28.6,28.5,28.6,28.6,28.5,28.5,28.6,28.6,28.5,28.5,28.5,28.5,28.4,28.5,28.5,28.4,28.3,28.4,28.2,28.5,28.4,28.2,28.3,28.3,28.3,28.3,28.3,28.3,28.3,28.3,28.4,28.3,28.3,28.5,28.4,28.3,28.6,28.5,28.3,28.5,28.2,28.3,28.2,28.3,28.1,28.1,28.2,28.0,28.1,27.9,28.1,28.2,28.2,28.1,28.0,28.0,28.1,28.1,28.0,27.9,28.1,28.0,28.0,28.0,27.9,28.1,28.0,28.1,28.1,28.0,28.1,28.0,28.0,28.2,28.0,28.0,27.9,27.8,28.0,28.2,28.1,28.0,27.9,28.2,27.9,27.9,27.9,28.1,27.9,27.9,27.9,28.0,28.2,28.0,28.0,27.9,28.1,28.1,28.0,28.2,28.0,28.1,28.1,27.9,27.9,28.1,28.0,28.1,28.1,28.1,27.9,28.1,28.1,28.1,27.9,28.2,28.2,28.1,28.0,28.0,28.0,27.9,28.2,28.0,28.1,27.9,28.2,28.0,28.3,28.2,28.1,28.2,28.2,28.2,28.0,28.2,28.2,28.1,28.1,28.1
252,28.5,28.5,28.8,28.5,28.7,28.6,28.5,28.7,28.8,28.7,28.7,28.6,28.9,28.6,28.7,28.6,28.6,28.7,28.7,28.6,28.8,28.5,28.7,28.8,28.8,28.7,28.7,28.7,28.8,28.6,28.6,28.8,28.5,28.8,28.7,28.6,28.6,28.8,28.7,28.7,28.7,28.7,28.8,28.7,28.6,28.6,28.5,28.7,28.5,28.6,28.5,28.5,28.8,28.6,28.6,28.5,28.5,28.7,28.5,28.7,28.5,28.5,28.5,28.6,28.5,28.5,28.5,28.5,28.7,28.3,28.3,28.5,28.4,28.2,28.5,28.3,28.3,28.2,28.3,28.1,28.3,28.2,28.3,28.3,28.5,28.5,28.6,28.5,28.4,28.5,28.2,28.3,28.3,28.2,28.0,28.1,28.0,28.1,28.1,28.0,28.1,28.1,28.3,28.1,28.2,28.1,28.0,28.1,28.0,28.1,28.1,28.1,28.0,28.3,28.0,28.0,28.1,28.0,28.1,28.2,28.0,28.0,28.1,28.0,28.1,28.1,28.0,28.0,28.1,27.9,28.0,28.0,27.8,28.1,28.1,28.1,28.1,27.9,28.0,27.9,27.9,27.9,28.0,28.0,28.1,27.9,27.9,28.0,28.1,28.1,28.0,28.0,28.0,28.2,28.1,28.0,28.0,28.0,28.0,28.1,28.1,28.1,28.0,28.1,28.0,28.0,28.1,28.0,27.9,28.1,28.1,28.0,28.0,28.1,28.0,28.0,28.1,28.1,28.0,28.0,28.1,28.1,28.1,28.1,28.1,28.3,28.1,28.2,28.2,28.1,28.1,28.1
253,28.6,28.5,28.5,28.7,28.5,28.8,28.6,28.6,28.7,28.5,28.7,28.6,28.6,28.6,28.7,28.8,28.7,28.5,28.8,28.5,28.7,28.5,28.9,28.6,28.6,28.6,28.6,28.8,28.6,28.7,28.8,28.7,28.7,28.6,28.4,28.5,28.6,28.7,28.7,28.6,28.7,28.6,28.8,28.7,28.5,28.8,28.7,28.6,28.6,28.5,28.7,28.7,28.5,28.6,28.7,28.5,28.6,28.7,28.6,28.6,28.5,28.5,28.7,28.4,28.6,28.5,28.4,28.5,28.5,28.5,28.5,28.5,28.3,28.2,28.5,28.2,28.2,28.3,28.3,28.2,28.0,28.3,28.2,28.3,28.3,28.5,28.5,28.4,28.3,28.4,28.4,28.2,28.1,28.1,28.1,28.0,27.9,28.0,28.1,28.1,28.2,27.9,28.1,28.1,28.1,28.0,28.1,28.1,28.1,27.9,27.9,27.9,28.1,28.1,28.1,28.0,28.1,28.0,28.1,28.0,28.1,28.0,27.9,28.0,27.9,28.1,28.1,28.0,28.0,27.9,27.9,27.9,28.0,27.9,27.9,28.0,27.9,28.0,27.8,27.9,27.9,28.0,27.9,28.0,27.9,27.8,28.1,28.1,28.2,27.9,28.1,27.9,28.1,28.0,28.0,27.9,27.8,28.0,28.0,27.9,27.9,28.1,27.9,27.9,27.9,28.0,28.0,28.1,28.0,28.1,28.1,28.0,27.9,28.0,28.1,28.1,28.1,28.0,28.0,28.1,28.1,28.1,28.2,28.1,28.1,27.9,28.2,28.2,28.1,28.1,28.2,28.1
254,28.6,28.6,28.6,28.5,28.7,28.6,28.7,28.5,28.6,28.5,28.6,28.7,28.6,28.4,28.6,28.5,28.8,28.6,28.8,28.9,28.7,28.6,28.6,28.7,28.6,28.8,28.7,28.8,28.7,28.7,28.6,28.6,28.7,28.8,28.8,28.7,28.6,28.7,28.7,28.5,28.7,28.7,28.8,28.6,28.7,28.6,28.5,28.6,28.5,28.4,28.6,28.7,28.7,28.5,28.5,28.6,28.6,28.6,28.5,28.7,28.5,28.6,28.6,28.5,28.3,28.5,28.4,28.5,28.6,28.3,28.3,28.3,28.3,28.2,28.4,28.3,28.3,28.3,28.3,28.3,28.2,28.0,28.3,28.3,28.2,28.2,28.5,28.3,28.3,28.1,28.2,28.3,28.0,28.1,28.0,27.8,28.1,28.1,28.1,27.9,28.2,28.1,28.2,28.2,28.2,28.1,27.9,28.0,27.9,28.2,27.9,28.1,28.1,28.1,28.1,27.9,28.0,27.9,28.0,28.0,28.0,27.9,27.9,27.9,28.0,28.0,27.9,28.1,27.9,27.9,27.8,28.1,28.0,27.9,27.8,28.0,27.8,28.1,27.9,27.9,27.8,27.8,28.0,28.0,27.9,27.8,28.0,27.9,27.9,28.1,28.0,28.1,27.9,27.9,28.0,28.1,27.8,28.1,27.7,27.8,28.0,28.1,28.1,27.8,27.9,28.0,28.1,28.1,28.0,27.9,27.9,27.9,27.9,28.1,28.0,27.9,28.1,28.0,28.1,28.1,28.1,28.1,28.0,28.1,28.2,28.1,28.1,28.2,28.0,28.2,28.2,28.0
255,28.7,28.7,28.8,28.6,28.7,28.5,28.7,28.7,28.7,28.8,28.6,28.7,28.6,28.6,28.8,28.7,28.8,28.5,28.7,28.7,28.9,28.6,28.5,28.8,28.7,28.7,28.5,28.6,28.7,28.5,28.7,28.7,28.6,28.8,28.6,28.6,28.6,28.5,28.6,28.6,28.8,28.5,28.8,28.7,28.7,28.6,28.7,28.7,28.6,28.6,28.6,28.6,28.7,28.3,28.4,28.7,28.5,28.5,28.7,28.6,28.7,28.5,28.3,28.4,28.5,28.5,28.5,28.3,28.3,28.3,28.3,28.4,28.5,28.3,28.3,28.4,28.1,28.2,28.5,28.1,28.1,28.3,28.3,28.3,28.0,28.3,28.3,28.3,28.6,28.3,28.3,28.2,28.2,28.1,28.1,28.0,27.9,28.1,28.0,28.2,27.9,28.1,28.2,28.2,28.0,28.1,28.1,28.1,28.2,27.9,27.9,28.0,28.0,28.0,27.8,28.0,27.9,28.0,28.2,27.9,27.9,27.9,27.8,28.0,28.1,28.1,28.0,28.0,28.1,27.9,27.9,27.9,27.9,27.9,27.9,27.7,27.7,28.0,27.9,27.9,27.9,27.8,27.9,27.8,28.0,27.8,28.0,28.0,27.9,28.0,27.9,28.0,28.0,27.9,28.1,28.0,27.9,28.1,28.0,28.1,27.9,28.0,28.0,28.0,28.1,28.0,28.1,28.0,28.0,28.0,28.0,28.0,28.1,28.3,28.2,27.9,28.0,27.9,28.1,28.0,28.0,27.9,28.1,28.1,28.0,27.9,28.2,28.0,28.2,28.1,28.1,28.2
