文件路径:,C:\Users\23589\Desktop\物理实验竞赛\实验数据（黑胶带版）\case17_树莓派4B黑色哑光漆_满负载\data\HM20260727224832.csv
源热像文件:,C:\Users\23589\Desktop\物理实验竞赛\实验数据（黑胶带版）\case17_树莓派4B黑色哑光漆_满负载\photo\HM20260727224832.jpeg

测温单位,摄氏度
图像宽度,192
图像高度,256

全局
统计:,,平均值:,34.8
,,最小值:,27.1
,,最大值:,51.5

坐标Y\X,0,1,2,3,4,5,6,7,8,9,10,11,12,13,14,15,16,17,18,19,20,21,22,23,24,25,26,27,28,29,30,31,32,33,34,35,36,37,38,39,40,41,42,43,44,45,46,47,48,49,50,51,52,53,54,55,56,57,58,59,60,61,62,63,64,65,66,67,68,69,70,71,72,73,74,75,76,77,78,79,80,81,82,83,84,85,86,87,88,89,90,91,92,93,94,95,96,97,98,99,100,101,102,103,104,105,106,107,108,109,110,111,112,113,114,115,116,117,118,119,120,121,122,123,124,125,126,127,128,129,130,131,132,133,134,135,136,137,138,139,140,141,142,143,144,145,146,147,148,149,150,151,152,153,154,155,156,157,158,159,160,161,162,163,164,165,166,167,168,169,170,171,172,173,174,175,176,177,178,179,180,181,182,183,184,185,186,187,188,189,190,191
0,28.1,28.0,28.1,28.0,28.2,28.1,28.1,28.1,28.3,28.0,28.1,28.1,28.2,28.2,28.2,28.1,28.2,28.1,28.3,28.1,28.2,28.1,28.4,28.1,28.1,28.3,28.3,28.3,28.3,28.3,28.3,28.2,28.4,28.4,28.4,28.3,28.3,28.4,28.5,28.4,28.5,28.4,28.3,28.4,28.5,28.5,28.5,28.5,28.4,28.5,28.5,28.5,28.6,28.6,28.6,28.8,28.6,28.5,28.6,28.7,28.5,28.6,28.6,28.6,28.5,28.6,28.7,28.7,28.7,28.6,28.7,28.8,28.7,28.6,28.6,28.6,28.6,28.7,28.7,28.7,28.7,28.7,28.8,28.8,28.7,28.7,28.7,28.9,28.6,28.7,28.6,28.8,28.7,28.7,28.7,28.7,28.7,28.8,28.7,28.7,28.6,28.5,28.6,28.7,28.7,28.6,28.7,28.7,28.6,28.7,28.6,28.6,28.6,28.7,28.4,28.6,28.6,28.5,28.6,28.5,28.6,28.5,28.4,28.5,28.5,28.4,28.5,28.4,28.5,28.5,28.5,28.3,28.6,28.5,28.4,28.4,28.4,28.3,28.3,28.3,28.3,28.3,28.1,28.4,28.4,28.2,28.3,28.1,28.4,28.3,28.3,28.2,28.3,28.1,28.1,28.2,28.2,28.3,28.1,28.2,28.2,28.2,28.1,28.1,28.1,28.2,28.1,28.1,28.2,28.2,28.2,28.2,28.0,27.9,28.0,27.9,27.9,28.0,28.1,27.9,28.0,27.9,28.1,27.9,28.0,27.9,28.0,27.9,28.0,28.1,27.8,27.8
1,27.9,28.1,28.1,28.0,28.0,27.9,28.2,28.1,28.0,28.2,28.1,28.0,28.0,28.2,28.1,28.2,28.3,28.2,28.1,28.2,28.1,28.3,28.1,28.2,28.1,28.4,28.2,28.2,28.3,28.3,28.3,28.5,28.2,28.4,28.3,28.4,28.4,28.3,28.3,28.5,28.4,28.4,28.4,28.5,28.3,28.4,28.4,28.6,28.5,28.5,28.6,28.6,28.6,28.6,28.5,28.6,28.6,28.6,28.6,28.6,28.5,28.7,28.7,28.6,28.7,28.5,28.6,28.6,28.7,28.8,28.7,28.7,28.7,28.5,28.7,28.7,28.6,28.6,28.8,28.7,28.8,28.5,28.9,28.7,28.9,28.7,28.7,28.8,28.7,28.5,28.6,28.8,28.7,28.6,28.7,28.8,28.7,28.5,28.7,28.5,28.7,28.6,28.5,28.9,28.5,28.5,28.5,28.8,28.8,28.7,28.6,28.5,28.5,28.5,28.5,28.7,28.6,28.5,28.5,28.6,28.4,28.5,28.5,28.6,28.4,28.5,28.4,28.5,28.5,28.5,28.4,28.2,28.4,28.3,28.4,28.5,28.3,28.3,28.5,28.4,28.3,28.2,28.4,28.3,28.3,28.2,28.3,28.2,28.2,28.2,28.1,28.2,28.3,28.2,28.2,28.3,28.1,28.1,28.0,28.1,28.1,28.1,28.2,28.0,28.1,28.1,28.1,28.1,28.0,27.9,27.9,28.0,27.8,27.9,28.1,27.9,27.9,28.0,27.7,28.0,27.9,27.9,28.0,27.9,27.9,27.9,27.8,27.8,28.0,27.9,28.0,27.9
2,28.1,28.0,28.1,27.9,28.0,28.2,28.1,28.0,28.1,28.1,28.1,28.1,28.0,28.1,28.1,28.0,28.0,28.0,28.2,28.1,28.1,28.2,28.3,28.1,28.3,28.1,28.3,28.4,28.2,28.3,28.4,28.3,28.3,28.4,28.3,28.4,28.3,28.4,28.4,28.4,28.6,28.4,28.4,28.3,28.3,28.6,28.6,28.4,28.6,28.4,28.7,28.6,28.6,28.5,28.6,28.6,28.6,28.7,28.6,28.6,28.6,28.7,28.5,28.7,28.6,28.7,28.6,28.8,28.8,28.7,28.7,28.6,28.7,28.7,28.7,28.7,28.8,28.6,28.8,28.8,28.7,28.7,28.7,28.7,28.6,28.7,28.8,28.6,28.7,28.7,28.6,28.9,28.8,28.7,28.9,28.8,28.8,28.9,28.6,28.7,28.6,28.6,28.7,28.7,28.7,28.5,28.5,28.7,28.7,28.7,28.7,28.7,28.7,28.6,28.6,28.5,28.7,28.5,28.5,28.4,28.5,28.7,28.5,28.7,28.6,28.5,28.4,28.4,28.5,28.4,28.4,28.4,28.3,28.4,28.3,28.4,28.5,28.5,28.4,28.5,28.3,28.3,28.3,28.3,28.2,28.2,28.3,28.3,28.3,28.1,28.2,28.3,28.2,28.1,28.1,28.2,28.2,28.2,28.1,28.1,28.1,28.1,28.1,28.1,28.1,28.0,28.0,28.0,27.9,28.1,27.9,28.0,27.9,27.9,27.9,27.8,28.0,28.0,28.1,27.9,27.8,27.9,27.9,27.9,27.9,27.9,27.8,27.9,28.0,27.8,27.9,27.9
3,28.1,28.2,28.0,28.1,28.1,28.1,27.9,28.1,28.1,28.1,28.2,28.1,28.1,28.2,28.2,28.1,28.0,28.1,28.0,28.2,28.1,28.2,28.2,28.3,28.3,28.3,28.3,28.4,28.3,28.3,28.3,28.2,28.3,28.5,28.4,28.4,28.4,28.5,28.4,28.5,28.4,28.5,28.5,28.7,28.5,28.5,28.4,28.5,28.6,28.7,28.7,28.4,28.7,28.7,28.6,28.6,28.6,28.7,28.7,28.7,28.6,28.7,28.7,28.7,28.6,28.4,28.8,28.8,28.7,28.7,28.7,28.7,28.8,28.8,28.8,28.7,28.7,28.8,28.9,28.9,28.8,28.7,28.8,28.9,28.9,28.8,28.8,28.9,28.9,28.7,28.9,28.8,29.0,28.8,28.8,28.8,28.8,28.7,28.9,28.8,28.7,28.7,28.7,28.7,28.8,28.8,28.7,28.8,28.6,28.8,28.6,28.7,28.6,28.6,28.5,28.7,28.7,28.7,28.6,28.7,28.5,28.6,28.5,28.5,28.7,28.6,28.6,28.4,28.5,28.5,28.5,28.5,28.4,28.5,28.4,28.6,28.5,28.4,28.5,28.2,28.3,28.4,28.3,28.3,28.3,28.4,28.3,28.4,28.3,28.3,28.3,28.1,28.2,28.2,28.1,28.1,28.3,28.2,28.1,28.2,28.1,28.1,28.1,28.0,28.1,28.0,28.1,28.1,28.1,27.9,28.0,27.9,28.1,28.1,28.1,27.9,28.0,28.2,27.9,28.1,27.8,28.1,28.0,27.8,28.0,28.0,28.0,28.0,27.9,27.9,27.8,27.8
4,27.8,27.9,28.0,28.1,28.1,28.2,28.3,28.1,28.1,28.2,28.0,28.2,28.2,28.1,28.3,28.2,28.2,28.2,28.2,28.3,28.2,28.4,28.2,28.3,28.2,28.3,28.3,28.3,28.1,28.4,28.3,28.4,28.4,28.4,28.3,28.4,28.3,28.5,28.4,28.4,28.3,28.5,28.4,28.6,28.5,28.4,28.6,28.5,28.7,28.5,28.5,28.6,28.5,28.5,28.7,28.7,28.6,28.7,28.7,28.5,28.7,28.7,28.7,28.6,28.8,28.6,28.6,28.7,28.7,28.8,28.8,28.9,29.0,28.7,28.7,28.8,28.8,28.7,28.7,28.9,28.9,28.8,28.8,28.8,28.7,28.8,28.7,28.9,28.7,28.7,28.7,28.8,28.9,28.7,28.9,28.9,28.8,28.8,28.8,28.8,28.7,28.8,28.8,28.8,28.7,28.8,28.6,28.8,28.7,28.7,28.7,28.6,28.6,28.7,28.5,28.7,28.7,28.5,28.6,28.6,28.7,28.6,28.5,28.6,28.5,28.7,28.5,28.6,28.6,28.5,28.5,28.5,28.5,28.4,28.4,28.2,28.3,28.4,28.2,28.3,28.2,28.3,28.3,28.4,28.2,28.2,28.4,28.2,28.3,28.5,28.3,28.2,28.2,28.3,28.3,28.3,28.3,28.1,28.4,28.2,28.1,28.1,28.2,28.1,28.1,28.0,28.2,28.1,28.1,28.0,28.1,28.1,28.0,27.9,28.0,28.0,28.0,28.1,27.9,28.0,28.0,27.9,27.9,28.0,27.9,28.0,28.0,27.9,27.9,27.8,27.9,27.9
5,28.1,28.3,27.9,28.2,28.3,28.2,28.3,28.2,28.1,28.0,28.1,28.1,28.2,28.2,28.2,28.1,28.2,28.1,28.2,28.5,28.3,28.3,28.3,28.3,28.4,28.2,28.2,28.2,28.3,28.6,28.3,28.4,28.3,28.4,28.6,28.5,28.3,28.4,28.5,28.4,28.5,28.4,28.4,28.7,28.5,28.5,28.6,28.6,28.7,28.7,28.7,28.7,28.6,28.7,28.8,28.8,28.7,28.6,28.7,28.8,28.7,28.8,28.7,28.9,28.7,28.7,28.8,28.8,28.7,28.9,28.8,28.8,29.0,28.7,28.7,28.8,28.8,28.7,28.9,28.8,28.9,29.1,28.8,28.9,28.8,28.9,29.0,28.7,28.8,28.8,28.9,28.9,28.9,28.8,29.0,28.8,28.9,28.8,28.9,28.8,28.9,28.9,28.7,28.7,28.8,29.0,28.7,28.7,28.8,28.7,28.7,28.6,28.7,28.6,28.7,28.7,28.6,28.8,28.5,28.7,28.6,28.5,28.5,28.5,28.5,28.7,28.6,28.5,28.5,28.5,28.5,28.3,28.4,28.6,28.4,28.4,28.5,28.4,28.5,28.5,28.3,28.6,28.5,28.4,28.4,28.3,28.2,28.3,28.2,28.3,28.2,28.4,28.3,28.3,28.3,28.3,28.3,28.3,28.2,28.3,28.2,28.2,28.1,28.3,28.2,28.2,28.1,28.0,28.1,28.0,27.9,27.9,28.0,28.1,28.1,28.0,27.9,28.0,27.8,27.9,27.9,28.0,27.9,28.0,27.9,28.0,27.9,27.9,28.0,27.9,27.8,27.8
6,28.0,28.1,28.2,28.0,28.1,27.9,28.2,28.0,28.1,28.2,28.0,28.1,28.1,28.1,28.3,28.3,28.3,28.1,28.2,28.3,28.5,28.2,28.4,28.4,28.4,28.3,28.4,28.3,28.4,28.6,28.4,28.5,28.4,28.3,28.6,28.7,28.6,28.5,28.6,28.6,28.4,28.5,28.5,28.6,28.7,28.5,28.6,28.5,28.7,28.5,28.7,28.6,28.7,28.7,28.8,28.7,28.7,28.9,28.6,28.8,28.8,28.9,28.8,28.7,28.7,28.8,28.8,28.9,28.8,28.9,28.9,28.8,28.9,28.9,28.9,28.9,28.9,28.9,28.7,29.0,28.8,28.9,28.9,29.0,28.9,29.0,28.9,29.0,29.0,28.9,28.9,29.1,29.0,28.9,28.9,28.8,28.9,28.9,28.9,29.0,28.9,28.8,28.8,28.7,28.7,28.7,28.7,28.8,28.7,28.9,28.8,28.9,28.8,28.8,28.7,28.7,28.8,28.9,28.6,28.7,28.8,28.7,28.8,28.7,28.7,28.6,28.5,28.6,28.6,28.4,28.5,28.5,28.5,28.6,28.4,28.4,28.4,28.5,28.3,28.5,28.3,28.3,28.3,28.3,28.3,28.3,28.4,28.2,28.2,28.3,28.2,28.3,28.2,28.3,28.2,28.3,28.2,28.1,28.2,28.1,28.1,28.2,28.3,28.0,28.2,27.9,28.1,27.8,28.1,28.0,28.1,28.0,27.9,28.0,28.0,27.9,27.9,28.0,28.1,28.0,28.0,27.8,28.0,27.9,27.9,28.0,27.8,27.9,28.0,27.9,28.0,27.8
7,28.0,28.1,28.0,27.9,28.3,28.0,28.2,28.1,28.0,28.1,28.2,28.2,28.2,28.1,28.4,28.1,28.4,28.3,28.3,28.2,28.3,28.2,28.3,28.2,28.1,28.2,28.3,28.4,28.4,28.3,28.4,28.4,28.4,28.4,28.4,28.7,28.5,28.5,28.5,28.6,28.5,28.5,28.7,28.4,28.5,28.5,28.6,28.6,28.7,28.6,28.6,28.7,28.7,28.7,28.7,28.8,28.7,28.8,28.9,28.8,28.8,28.8,28.8,28.8,28.9,28.6,28.8,28.9,28.8,28.7,28.8,29.0,29.1,29.2,29.0,29.1,29.0,28.9,29.0,28.9,28.9,28.9,29.1,29.1,29.0,29.0,29.0,29.2,29.1,29.1,29.0,29.0,29.0,29.1,29.0,28.9,28.9,29.0,28.9,28.9,28.8,28.9,28.9,28.9,28.8,28.8,28.9,28.9,29.0,28.9,28.6,28.7,28.7,28.9,28.9,28.9,28.7,28.7,28.7,28.7,28.7,28.7,28.7,28.6,28.7,28.7,28.7,28.7,28.8,28.6,28.6,28.5,28.6,28.5,28.6,28.4,28.4,28.5,28.7,28.4,28.5,28.5,28.4,28.4,28.5,28.5,28.4,28.4,28.4,28.3,28.3,28.3,28.3,28.1,28.3,28.4,28.3,28.1,28.1,28.1,28.1,28.1,28.3,28.1,28.3,28.1,28.0,28.0,28.2,27.9,27.9,27.9,27.9,28.2,28.1,27.9,28.1,28.0,27.9,27.9,28.0,28.0,27.8,28.0,27.9,27.9,27.9,28.0,27.9,28.0,28.0,27.9
8,28.3,28.1,27.9,28.1,28.1,28.0,28.0,28.0,28.2,28.1,28.1,28.2,28.1,28.1,28.3,28.3,28.2,28.3,28.2,28.4,28.5,28.3,28.2,28.3,28.3,28.3,28.4,28.2,28.3,28.4,28.4,28.4,28.4,28.5,28.4,28.5,28.7,28.5,28.5,28.6,28.6,28.6,28.6,28.5,28.5,28.6,28.6,28.7,28.6,28.7,28.9,28.7,28.7,28.8,28.8,28.7,28.8,28.8,28.8,28.8,28.8,28.8,29.0,28.8,29.0,29.0,28.9,28.9,28.9,28.9,28.9,29.2,29.0,28.8,28.9,28.8,29.0,29.0,28.8,29.1,29.1,29.0,29.1,29.1,29.0,29.0,29.1,29.1,29.1,28.9,29.1,29.1,29.0,29.1,29.0,29.2,28.9,28.9,28.9,29.0,29.0,29.1,28.8,28.8,29.1,28.9,28.8,29.0,28.9,28.9,28.8,28.8,28.8,28.8,28.7,28.8,28.8,28.8,28.7,28.9,28.7,28.9,28.7,28.7,28.6,28.6,28.5,28.8,28.7,28.5,28.6,28.5,28.6,28.6,28.6,28.5,28.6,28.3,28.4,28.5,28.4,28.3,28.4,28.3,28.4,28.4,28.3,28.3,28.3,28.3,28.3,28.4,28.3,28.4,28.3,28.2,28.1,28.2,28.2,28.4,28.3,28.2,28.1,28.0,28.0,28.1,28.1,28.0,28.1,27.9,28.1,28.0,27.9,28.1,28.0,27.9,28.1,28.0,27.9,28.0,28.0,28.1,28.1,28.1,27.9,27.9,27.9,28.0,27.9,27.9,28.0,27.9
9,28.2,28.3,27.9,28.0,28.1,28.1,28.0,28.1,28.2,28.1,28.2,28.2,28.2,28.2,28.1,28.3,28.2,28.2,28.3,28.3,28.3,28.3,28.4,28.4,28.4,28.5,28.5,28.5,28.5,28.5,28.4,28.5,28.5,28.6,28.6,28.5,28.7,28.5,28.7,28.6,28.5,28.6,28.7,28.7,28.8,28.6,28.9,28.7,28.7,28.6,28.7,28.7,28.8,28.8,28.7,28.7,28.9,28.9,28.9,28.9,28.7,28.9,29.0,29.0,28.9,28.8,29.0,29.2,28.9,29.0,28.9,29.0,29.1,29.0,28.9,28.9,29.1,29.1,29.2,29.1,29.1,28.9,28.9,29.0,29.1,28.9,29.2,29.0,29.2,29.0,29.2,29.2,29.1,28.9,28.9,29.0,29.0,29.2,29.1,28.9,29.1,29.0,28.9,28.9,29.1,28.9,28.9,28.9,28.9,29.0,28.9,28.8,28.8,29.0,28.8,28.8,28.9,29.0,28.8,28.8,28.7,28.7,28.7,28.5,28.8,28.5,28.8,28.7,28.8,28.9,28.7,28.5,28.5,28.6,28.5,28.5,28.4,28.4,28.4,28.5,28.5,28.5,28.3,28.3,28.3,28.4,28.4,28.4,28.4,28.3,28.1,28.2,28.2,28.3,28.2,28.3,28.4,28.2,28.1,28.2,28.2,28.1,28.3,28.3,28.3,28.0,28.2,28.1,27.9,28.1,28.2,28.1,28.0,28.0,28.1,28.1,28.0,27.9,27.8,27.9,28.0,28.0,28.1,28.2,27.8,28.0,27.8,27.9,28.0,27.9,27.9,28.0
10,28.1,28.1,28.2,28.0,28.0,28.1,28.2,28.2,28.1,28.2,28.2,28.2,28.3,28.3,28.1,28.3,28.4,28.1,28.3,28.5,28.3,28.2,28.3,28.4,28.5,28.4,28.4,28.4,28.4,28.3,28.5,28.3,28.5,28.4,28.5,28.5,28.6,28.5,28.7,28.5,28.7,28.6,28.6,28.7,28.7,28.5,28.7,28.7,28.7,28.7,29.0,28.7,28.8,28.8,29.0,28.9,28.7,28.8,29.0,28.9,28.9,28.9,29.1,28.9,29.1,28.9,29.0,29.1,28.8,29.0,28.9,29.0,29.2,29.1,29.0,29.0,29.0,29.1,29.1,29.3,29.1,29.1,28.9,29.2,29.2,29.1,29.2,29.2,29.0,29.1,29.2,29.2,29.2,29.0,29.1,29.1,29.1,29.1,29.0,29.1,29.0,29.0,29.0,29.1,28.9,29.1,29.0,29.0,29.0,28.9,29.0,28.9,28.8,29.0,28.8,28.9,28.8,28.9,28.9,28.8,28.8,28.8,28.7,28.9,28.7,28.7,28.7,28.7,28.8,28.6,28.8,28.8,28.7,28.6,28.4,28.5,28.5,28.6,28.4,28.5,28.5,28.5,28.5,28.5,28.3,28.3,28.4,28.4,28.2,28.3,28.5,28.4,28.3,28.2,28.3,28.4,28.3,28.2,28.1,28.1,28.2,28.0,28.3,28.1,28.1,28.2,28.1,28.0,28.3,28.1,28.2,28.0,28.1,28.0,28.1,28.1,28.1,28.0,28.1,28.1,28.1,28.0,28.0,28.0,28.0,28.0,27.9,28.0,27.8,27.9,28.0,28.0
11,28.2,28.0,28.2,28.1,28.3,28.2,28.3,28.1,28.2,28.1,28.3,28.3,28.3,28.3,28.3,28.3,28.5,28.2,28.3,28.3,28.3,28.3,28.3,28.4,28.4,28.5,28.4,28.5,28.6,28.6,28.5,28.5,28.5,28.5,28.5,28.6,28.7,28.5,28.7,28.7,28.6,28.7,28.8,28.9,28.7,28.7,28.9,28.7,28.9,28.9,28.9,28.8,28.9,28.8,28.9,29.0,28.9,28.9,29.0,28.9,29.0,29.2,29.1,29.1,29.1,29.0,29.1,29.2,29.3,29.2,29.2,29.0,29.3,29.2,29.3,29.0,29.3,29.1,29.3,29.4,29.2,29.2,29.2,29.2,29.3,29.3,29.5,29.3,29.2,29.2,29.3,29.3,29.3,29.2,29.2,29.2,29.2,29.2,29.2,29.0,29.2,29.0,29.1,29.1,29.2,29.3,29.2,29.2,28.9,29.2,28.9,29.1,29.0,29.0,28.9,28.9,29.0,29.1,29.0,28.8,28.8,29.0,28.9,28.7,28.7,28.7,28.7,28.9,28.8,28.8,28.8,28.7,28.6,28.8,28.6,28.6,28.7,28.6,28.5,28.6,28.4,28.5,28.6,28.5,28.4,28.5,28.5,28.5,28.5,28.4,28.3,28.4,28.3,28.2,28.4,28.3,28.2,28.4,28.2,28.1,28.1,28.2,28.3,28.2,28.2,28.3,28.3,28.0,28.1,28.1,28.0,28.2,28.1,28.2,28.2,28.1,28.0,28.0,27.9,27.9,28.2,28.0,27.9,28.2,27.9,28.1,27.9,27.9,27.9,27.9,27.9,27.9
12,28.2,28.1,28.1,28.1,28.2,28.2,28.3,28.2,28.1,28.3,28.3,28.2,28.2,28.3,28.2,28.4,28.5,28.3,28.3,28.3,28.2,28.5,28.4,28.5,28.4,28.6,28.5,28.5,28.5,28.5,28.6,28.6,28.5,28.5,28.7,28.6,28.6,28.7,28.7,28.7,28.6,28.6,28.7,28.8,28.6,28.7,28.8,28.7,28.8,28.9,28.8,28.8,28.9,28.8,29.0,29.0,28.9,29.0,28.9,29.1,29.0,29.0,29.1,29.2,29.1,29.1,29.2,29.2,29.2,29.1,29.2,29.4,29.2,29.2,29.2,29.2,29.3,29.3,29.1,29.3,29.4,29.3,29.4,29.3,29.3,29.2,29.2,29.3,29.4,29.2,29.3,29.4,29.5,29.3,29.3,29.2,29.2,29.2,29.2,29.3,29.3,29.1,29.1,29.1,29.0,29.2,29.0,29.0,29.1,29.1,29.2,28.9,29.1,29.0,28.9,28.9,29.0,29.0,29.0,28.9,28.9,28.9,28.8,28.7,28.7,28.9,28.7,28.9,28.8,28.7,28.7,28.7,28.7,28.5,28.6,28.6,28.5,28.5,28.5,28.5,28.5,28.5,28.5,28.6,28.6,28.5,28.5,28.5,28.5,28.3,28.3,28.2,28.4,28.3,28.3,28.2,28.3,28.2,28.3,28.2,28.2,28.3,28.1,28.1,28.1,28.1,28.1,28.2,28.1,28.0,28.0,28.0,28.1,27.9,27.9,28.1,28.0,28.1,27.9,28.0,28.0,27.9,27.9,28.0,27.9,27.9,27.9,28.1,28.0,27.8,27.8,28.0
13,28.0,28.2,28.2,28.2,28.1,28.3,28.1,28.3,28.3,28.3,28.2,28.3,28.3,28.2,28.3,28.4,28.4,28.4,28.3,28.3,28.6,28.4,28.5,28.5,28.3,28.7,28.5,28.6,28.7,28.7,28.6,28.6,28.7,28.7,28.6,28.8,28.7,28.7,29.0,28.7,28.7,28.9,28.8,28.9,28.8,28.8,28.9,28.9,28.9,29.0,29.1,28.9,29.0,29.0,29.3,29.1,29.1,29.0,29.1,29.2,29.0,29.3,29.2,29.3,29.2,29.1,29.2,29.4,29.2,29.3,29.3,29.4,29.4,29.2,29.3,29.2,29.3,29.3,29.3,29.4,29.3,29.3,29.3,29.5,29.3,29.3,29.4,29.4,29.3,29.4,29.5,29.7,29.5,29.4,29.4,29.2,29.4,29.4,29.3,29.3,29.3,29.4,29.2,29.3,29.1,29.3,29.3,29.1,29.3,29.3,29.1,28.9,29.0,29.0,29.1,29.1,29.1,28.9,29.2,29.0,29.1,29.1,29.2,28.9,28.8,28.8,28.9,28.9,28.8,28.7,28.7,28.9,28.8,28.9,28.8,28.9,28.7,28.6,28.5,28.5,28.4,28.7,28.5,28.5,28.6,28.5,28.5,28.5,28.5,28.6,28.5,28.5,28.4,28.3,28.4,28.5,28.5,28.4,28.3,28.4,28.2,28.3,28.3,28.2,28.2,28.2,28.1,28.0,28.1,28.2,28.1,28.1,28.1,28.0,28.1,28.1,28.0,28.1,28.1,28.1,28.0,28.0,28.1,27.9,27.9,28.1,27.9,27.9,27.9,28.0,28.1,27.8
14,28.3,28.3,28.2,28.3,28.2,28.2,28.3,28.2,28.2,28.4,28.3,28.5,28.3,28.3,28.5,28.4,28.4,28.3,28.4,28.4,28.4,28.5,28.5,28.5,28.5,28.6,28.5,28.7,28.6,28.8,28.7,28.6,28.7,28.6,28.7,28.7,28.8,28.8,28.8,28.9,28.8,28.9,28.9,28.8,29.1,29.0,29.0,29.0,29.0,29.1,29.0,29.0,29.1,29.1,29.2,29.1,29.1,29.2,29.3,29.1,29.2,29.3,29.3,29.2,29.2,29.3,29.3,29.3,29.5,29.4,29.3,29.6,29.3,29.4,29.4,29.4,29.3,29.4,29.4,29.5,29.4,29.4,29.6,29.5,29.6,29.6,29.5,29.4,29.5,29.3,29.4,29.4,29.5,29.3,29.6,29.4,29.5,29.4,29.4,29.4,29.4,29.5,29.2,29.4,29.3,29.4,29.3,29.3,29.3,29.3,29.3,29.2,29.1,29.1,29.0,29.1,29.2,29.1,29.0,29.1,29.1,29.1,29.1,29.0,28.9,28.8,28.8,28.9,28.8,28.9,28.9,28.7,28.7,28.9,28.8,28.6,28.8,28.7,28.7,28.5,28.6,28.7,28.5,28.5,28.6,28.5,28.5,28.5,28.6,28.5,28.3,28.5,28.4,28.4,28.3,28.3,28.5,28.3,28.3,28.1,28.3,28.2,28.2,28.2,28.3,28.2,28.2,28.2,28.1,28.2,28.1,28.2,28.1,28.1,28.3,28.1,28.2,28.3,28.2,28.0,28.0,27.9,28.0,28.1,27.9,28.1,28.1,27.9,27.9,27.8,28.0,28.0
15,28.3,28.3,28.1,28.2,28.2,28.2,28.3,28.5,28.2,28.3,28.4,28.3,28.2,28.4,28.5,28.5,28.6,28.4,28.6,28.6,28.8,28.4,28.5,28.5,28.6,28.6,28.5,28.5,28.7,28.6,28.9,28.8,28.6,28.9,28.8,28.8,28.7,28.9,28.9,28.8,28.8,29.1,28.9,28.9,28.9,29.1,28.9,28.9,29.1,29.0,29.0,29.1,29.2,29.2,29.3,29.1,29.1,29.3,29.2,29.3,29.3,29.2,29.3,29.2,29.3,29.4,29.5,29.3,29.4,29.5,29.5,29.5,29.6,29.4,29.4,29.5,29.4,29.5,29.5,29.6,29.6,29.6,29.5,29.4,29.5,29.6,29.8,29.6,29.6,29.4,29.6,29.5,29.5,29.5,29.7,29.5,29.5,29.5,29.6,29.5,29.5,29.5,29.5,29.4,29.4,29.3,29.4,29.3,29.3,29.3,29.3,29.2,29.2,29.3,29.3,29.1,29.3,29.1,29.3,29.1,29.2,29.1,29.1,29.3,29.2,28.8,28.9,29.0,29.0,28.9,28.9,29.0,28.9,28.9,28.9,28.9,28.9,28.8,28.9,28.8,28.6,28.8,28.7,28.7,28.7,28.7,28.5,28.4,28.5,28.7,28.5,28.4,28.4,28.5,28.3,28.4,28.3,28.3,28.4,28.3,28.1,28.3,28.3,28.2,28.2,28.1,28.3,28.2,28.2,28.1,28.1,28.1,28.1,28.0,28.1,28.1,28.1,28.1,28.2,28.2,28.1,27.9,28.1,28.1,27.9,27.9,28.1,28.1,28.1,28.0,28.0,28.0
16,28.1,28.3,28.2,28.2,28.2,28.2,28.3,28.4,28.3,28.4,28.3,28.3,28.4,28.4,28.4,28.5,28.5,28.4,28.5,28.5,28.4,28.6,28.5,28.5,28.5,28.7,28.6,28.7,28.6,28.7,28.7,28.8,28.5,28.7,28.7,28.8,28.7,28.8,28.8,29.0,28.8,28.9,28.9,28.9,28.9,29.1,29.0,29.1,29.2,29.0,29.1,29.0,29.3,29.1,29.3,29.2,29.3,29.2,29.4,29.3,29.3,29.3,29.4,29.4,29.5,29.5,29.5,29.6,29.4,29.5,29.5,29.4,29.5,29.4,29.4,29.6,29.5,29.5,29.6,29.6,29.5,29.7,29.6,29.6,29.7,29.7,29.7,29.6,29.6,29.8,29.7,29.7,29.5,29.7,29.7,29.7,29.6,29.8,29.7,29.6,29.5,29.5,29.3,29.5,29.4,29.5,29.6,29.4,29.4,29.4,29.3,29.3,29.3,29.3,29.3,29.3,29.1,29.3,29.3,29.3,29.1,29.2,29.3,29.2,29.0,29.1,29.1,29.0,29.2,28.8,29.1,28.9,28.8,28.9,28.7,28.9,28.6,28.7,28.8,28.8,28.6,28.7,28.5,28.7,28.7,28.4,28.7,28.5,28.6,28.6,28.4,28.5,28.4,28.5,28.4,28.5,28.4,28.3,28.4,28.3,28.4,28.3,28.2,28.3,28.2,28.2,28.2,28.3,28.1,28.1,28.0,28.3,27.9,27.9,28.3,28.1,28.1,28.1,28.0,28.1,28.0,28.1,28.0,28.0,28.1,27.9,28.1,28.1,28.1,27.9,28.0,28.0
17,28.3,28.2,28.3,28.3,28.3,28.3,28.2,28.3,28.2,28.3,28.3,28.1,28.5,28.5,28.5,28.5,28.5,28.5,28.5,28.5,28.6,28.5,28.6,28.5,28.6,28.7,28.7,28.7,28.7,28.9,28.7,28.6,28.7,28.8,28.9,28.9,28.8,28.9,28.9,28.9,28.9,28.9,29.0,29.1,29.0,29.0,29.1,29.1,29.2,29.0,29.1,29.1,29.3,29.2,29.3,29.3,29.2,29.3,29.3,29.3,29.3,29.3,29.3,29.5,29.5,29.4,29.5,29.6,29.5,29.7,29.5,29.7,29.7,29.6,29.6,29.5,29.8,29.6,29.5,29.6,29.6,29.9,29.9,29.7,29.7,29.8,29.7,29.8,29.7,29.8,29.8,29.6,29.8,29.6,29.8,29.5,29.8,29.7,29.7,29.8,29.5,29.6,29.5,29.5,29.5,29.5,29.5,29.6,29.5,29.4,29.5,29.3,29.3,29.3,29.5,29.3,29.2,29.2,29.1,29.3,29.2,29.0,29.1,29.4,29.0,29.1,29.2,29.1,29.1,29.1,28.9,29.0,29.0,28.8,28.8,28.9,28.9,28.7,28.7,28.7,28.8,28.7,28.6,28.6,28.5,28.7,28.6,28.5,28.6,28.5,28.5,28.5,28.4,28.4,28.5,28.4,28.5,28.5,28.3,28.3,28.4,28.3,28.2,28.1,28.2,28.3,28.2,28.2,28.2,28.1,28.0,28.1,28.1,28.0,28.1,28.1,28.2,28.1,28.0,28.1,27.9,28.1,28.2,28.1,28.0,28.0,27.9,27.9,28.0,28.0,28.0,28.1
18,28.2,28.2,28.2,28.2,28.4,28.3,28.2,28.3,28.2,28.4,28.5,28.4,28.3,28.4,28.4,28.4,28.5,28.4,28.5,28.5,28.6,28.6,28.6,28.6,28.6,28.9,28.5,28.7,28.7,28.8,28.8,28.9,29.0,28.9,28.9,28.8,28.8,28.9,28.9,29.1,29.0,29.0,29.0,29.1,29.1,29.2,29.1,29.3,29.4,29.1,29.3,29.2,29.2,29.2,29.2,29.4,29.4,29.4,29.4,29.5,29.6,29.5,29.5,29.6,29.5,29.6,29.5,29.8,29.7,29.6,29.6,29.8,29.8,29.8,29.8,29.8,29.7,29.7,29.9,29.8,29.9,29.8,30.0,29.9,30.0,29.8,30.0,30.0,29.9,29.8,29.9,29.8,29.9,29.7,30.0,30.0,29.8,29.8,29.9,29.6,29.8,29.8,29.7,29.6,29.7,29.6,29.7,29.6,29.6,29.7,29.5,29.5,29.5,29.5,29.5,29.5,29.5,29.5,29.3,29.4,29.4,29.3,29.3,29.3,29.1,29.3,29.2,29.1,29.1,29.1,29.0,29.0,28.9,28.9,28.9,29.0,28.9,28.8,28.9,28.9,28.7,28.9,28.7,28.7,28.6,28.6,28.6,28.7,28.6,28.6,28.6,28.5,28.5,28.5,28.5,28.4,28.5,28.5,28.5,28.5,28.1,28.4,28.3,28.2,28.3,28.2,28.4,28.2,28.3,28.2,28.2,28.3,28.2,28.2,28.1,28.1,28.2,28.2,27.9,28.2,28.1,28.1,28.1,28.2,28.0,28.0,28.0,27.9,28.0,27.9,28.0,28.0
19,28.3,28.3,28.4,28.2,28.3,28.5,28.3,28.4,28.3,28.4,28.5,28.4,28.5,28.6,28.5,28.5,28.6,28.5,28.5,28.5,28.7,28.7,28.7,28.6,28.8,28.9,28.7,28.8,28.8,28.7,28.7,28.9,28.9,28.8,29.0,29.0,29.0,29.1,29.1,29.2,29.1,29.1,29.1,29.2,29.2,29.2,29.4,29.2,29.3,29.3,29.3,29.4,29.3,29.4,29.5,29.5,29.5,29.7,29.6,29.5,29.4,29.6,29.6,29.7,29.7,29.7,29.7,29.8,29.7,29.7,29.7,29.9,29.8,29.8,29.8,30.0,30.0,29.8,29.9,30.0,30.0,30.0,30.1,30.1,30.1,30.1,30.1,30.1,30.2,30.0,30.1,30.3,29.9,30.0,30.1,29.9,29.9,29.9,30.0,29.8,29.9,29.9,29.9,29.8,29.8,29.9,29.7,29.9,29.8,29.7,29.7,29.6,29.6,29.6,29.5,29.6,29.5,29.5,29.4,29.6,29.3,29.4,29.4,29.6,29.3,29.2,29.1,29.1,29.2,29.2,29.0,29.1,29.1,28.9,29.0,29.0,28.9,28.9,28.8,28.9,28.8,28.7,28.8,28.8,28.8,28.6,28.6,28.7,28.9,28.6,28.5,28.6,28.5,28.5,28.5,28.5,28.5,28.3,28.4,28.4,28.4,28.3,28.3,28.3,28.3,28.2,28.3,28.2,28.1,28.3,28.2,28.2,28.0,28.1,28.2,28.1,28.2,28.1,28.1,28.1,28.2,28.0,28.1,28.1,28.1,28.1,28.2,28.1,28.0,28.0,27.9,28.0
20,28.1,28.3,28.3,28.4,28.3,28.3,28.4,28.3,28.3,28.5,28.3,28.4,28.6,28.4,28.4,28.6,28.5,28.5,28.5,28.7,28.7,28.9,28.5,28.8,28.7,28.7,28.9,28.7,29.0,28.9,28.9,28.9,28.9,28.9,28.9,29.0,29.0,28.9,29.2,29.2,29.1,29.3,29.2,29.4,29.4,29.3,29.5,29.2,29.4,29.4,29.5,29.3,29.5,29.5,29.5,29.6,29.5,29.7,29.6,29.7,29.9,29.7,29.8,29.8,29.8,29.7,29.7,29.7,29.8,29.9,29.9,29.9,30.1,29.9,30.1,30.0,30.1,30.0,30.2,30.1,30.1,29.9,30.1,30.2,30.2,30.2,30.3,30.1,30.2,30.2,30.2,30.1,30.1,30.2,30.1,30.1,30.2,30.1,30.1,30.1,29.9,30.1,30.0,30.0,29.9,29.9,29.8,29.8,29.9,29.7,29.8,29.9,29.7,29.6,29.7,29.6,29.7,29.6,29.5,29.5,29.5,29.5,29.5,29.5,29.5,29.5,29.5,29.3,29.2,29.3,29.2,29.2,29.1,29.2,29.1,29.1,29.0,29.0,29.0,29.0,28.9,28.9,28.8,28.7,28.8,28.7,28.7,28.7,28.6,28.6,28.5,28.6,28.5,28.5,28.4,28.4,28.6,28.3,28.5,28.4,28.4,28.5,28.5,28.3,28.4,28.3,28.2,28.1,28.1,28.1,28.1,28.2,28.2,28.1,28.1,28.0,28.2,28.1,28.1,28.1,28.1,28.0,28.1,28.2,27.9,28.2,28.0,28.0,28.0,27.9,27.9,28.0
21,28.1,28.3,28.2,28.4,28.4,28.4,28.3,28.3,28.3,28.3,28.5,28.5,28.5,28.6,28.5,28.6,28.7,28.4,28.7,28.6,28.5,28.7,28.8,28.9,28.6,28.9,28.9,28.7,28.9,28.8,28.8,28.7,28.9,29.1,29.0,29.1,29.1,29.1,29.2,29.0,29.2,29.2,29.1,29.2,29.5,29.3,29.5,29.5,29.4,29.4,29.5,29.4,29.6,29.6,29.7,29.5,29.7,29.7,29.7,29.9,29.9,29.8,29.8,29.7,29.8,29.7,30.0,29.9,29.9,30.1,30.0,30.1,30.2,30.1,30.1,30.3,30.2,30.3,30.3,30.4,30.3,30.5,30.4,30.3,30.5,30.4,30.4,30.5,30.4,30.5,30.4,30.3,30.6,30.3,30.2,30.2,30.2,30.3,30.3,30.2,30.3,30.3,30.0,30.1,30.2,30.1,30.0,29.9,29.8,29.9,29.9,30.0,29.7,29.7,29.8,29.8,29.8,29.7,29.7,29.7,29.7,29.6,29.6,29.5,29.4,29.5,29.4,29.3,29.3,29.3,29.4,29.2,29.3,29.3,29.1,29.1,29.1,28.9,29.1,28.8,29.0,28.9,28.8,28.9,28.9,28.8,28.8,28.8,28.5,28.7,28.7,28.6,28.7,28.5,28.5,28.5,28.5,28.4,28.5,28.5,28.4,28.4,28.4,28.2,28.3,28.3,28.2,28.2,28.2,28.1,28.1,28.3,28.2,28.2,28.2,28.2,28.2,28.2,28.1,28.1,28.1,28.0,28.0,28.3,28.1,28.0,27.9,27.9,28.1,28.1,28.1,28.0
22,28.4,28.5,28.4,28.5,28.6,28.5,28.4,28.5,28.4,28.6,28.3,28.5,28.6,28.7,28.5,28.6,28.7,28.7,28.6,28.7,28.7,28.7,28.8,29.0,28.8,28.9,28.9,28.8,28.8,29.1,29.0,29.1,29.0,29.0,29.0,29.0,29.3,29.3,29.2,29.3,29.4,29.3,29.3,29.5,29.4,29.5,29.5,29.7,29.5,29.6,29.7,29.6,29.7,29.7,29.6,29.8,29.8,29.8,29.9,29.9,29.8,30.0,30.0,30.0,30.1,30.1,30.0,30.3,30.1,30.2,30.3,30.3,30.4,30.3,30.5,30.5,30.5,30.6,30.4,30.4,30.4,30.4,30.6,30.6,30.7,30.6,30.6,30.8,30.9,30.6,30.7,30.7,30.6,30.6,30.5,30.6,30.5,30.5,30.5,30.3,30.5,30.4,30.3,30.4,30.3,30.3,30.3,30.2,30.2,29.9,30.1,29.9,29.9,29.9,29.8,29.9,29.8,29.8,29.8,29.7,29.7,29.6,29.6,29.5,29.6,29.7,29.5,29.5,29.6,29.6,29.4,29.4,29.3,29.3,29.1,29.1,29.2,29.0,29.0,29.0,28.9,28.9,28.9,29.0,28.9,28.9,28.8,28.8,28.8,28.7,28.6,28.7,28.6,28.5,28.7,28.5,28.6,28.5,28.5,28.4,28.3,28.4,28.6,28.3,28.4,28.3,28.3,28.2,28.3,28.3,28.2,28.2,28.1,28.2,28.3,28.0,28.3,28.1,28.1,28.1,28.0,28.1,28.2,28.3,28.1,28.1,28.3,28.1,28.1,27.9,27.9,28.1
23,28.3,28.3,28.2,28.5,28.4,28.3,28.5,28.3,28.5,28.4,28.5,28.4,28.5,28.6,28.4,28.5,28.7,28.7,28.6,28.6,28.7,28.7,28.6,28.8,28.7,28.9,29.0,28.7,28.7,28.9,29.0,29.1,29.2,29.3,29.0,29.1,29.3,29.3,29.6,29.3,29.4,29.3,29.4,29.5,29.4,29.5,29.6,29.5,29.7,29.7,29.7,29.7,29.8,29.8,29.9,29.8,29.9,29.9,29.9,30.0,30.1,30.1,30.1,30.3,30.1,30.1,30.1,30.1,30.3,30.3,30.2,30.4,30.5,30.4,30.4,30.7,30.6,30.7,30.7,30.8,30.7,30.7,30.8,30.8,30.7,30.8,30.9,31.1,30.8,30.9,30.8,30.9,30.8,30.7,30.8,30.9,30.9,30.8,30.6,30.6,30.5,30.6,30.5,30.6,30.4,30.4,30.5,30.3,30.2,30.3,30.1,30.2,30.0,30.1,30.0,30.1,30.0,30.0,30.0,29.9,29.8,29.7,29.7,29.8,29.5,29.6,29.5,29.5,29.5,29.6,29.4,29.3,29.4,29.4,29.3,29.2,29.1,29.2,29.0,29.0,29.0,29.0,28.9,28.9,28.8,28.9,28.8,28.8,28.8,28.6,28.7,28.7,28.6,28.6,28.6,28.5,28.6,28.4,28.4,28.5,28.4,28.5,28.3,28.3,28.4,28.2,28.3,28.3,28.2,28.3,28.2,28.2,28.3,28.1,28.2,28.3,28.2,28.0,28.0,28.1,28.0,27.9,28.1,28.2,28.1,28.2,27.8,28.1,28.1,28.1,28.1,28.1
24,28.5,28.3,28.5,28.4,28.5,28.5,28.4,28.4,28.5,28.7,28.7,28.5,28.5,28.7,28.8,28.6,28.7,28.7,28.7,28.7,28.7,28.8,28.7,28.9,29.0,28.9,28.9,29.1,28.9,29.1,28.9,29.1,29.1,29.0,29.3,29.3,29.3,29.5,29.5,29.4,29.4,29.4,29.4,29.5,29.5,29.7,29.8,29.8,29.8,29.8,30.0,30.0,29.9,30.0,30.0,29.9,30.1,30.0,30.2,30.1,30.2,30.4,30.3,30.3,30.3,30.3,30.5,30.5,30.4,30.6,30.6,30.6,30.7,30.7,30.7,30.7,31.1,30.9,31.1,31.2,31.0,31.1,31.2,31.3,31.3,31.1,31.2,31.4,31.2,31.4,31.4,31.3,31.3,31.2,31.2,31.2,31.1,30.9,31.0,30.9,30.9,30.6,30.7,30.9,30.6,30.5,30.5,30.6,30.4,30.4,30.3,30.2,30.2,30.1,30.2,30.3,30.3,30.1,30.2,29.9,30.0,30.0,29.8,29.9,29.9,29.9,29.8,29.7,29.7,29.8,29.5,29.7,29.6,29.5,29.4,29.4,29.3,29.2,29.2,29.1,29.2,29.1,29.1,29.2,28.9,28.9,28.8,28.8,28.8,28.7,28.7,28.7,28.6,28.8,28.5,28.6,28.5,28.6,28.5,28.6,28.4,28.5,28.4,28.4,28.5,28.4,28.3,28.3,28.2,28.4,28.3,28.3,28.1,28.2,28.3,28.2,28.2,28.1,28.1,28.2,28.1,28.0,28.1,28.1,28.2,28.0,28.1,28.0,28.1,28.0,28.1,28.0
25,28.5,28.6,28.5,28.5,28.4,28.5,28.7,28.7,28.5,28.6,28.7,28.6,28.6,28.7,28.8,28.8,28.8,28.9,28.9,28.9,28.9,28.9,28.9,28.9,29.1,29.2,29.0,29.2,29.1,29.1,29.1,29.1,29.3,29.3,29.3,29.3,29.5,29.5,29.4,29.5,29.5,29.5,29.6,29.6,29.7,29.8,29.6,29.8,29.8,30.0,30.2,30.1,30.1,30.0,30.2,30.2,30.3,30.4,30.3,30.2,30.4,30.5,30.5,30.5,30.6,30.6,30.6,30.6,30.8,31.0,30.8,30.8,30.9,31.0,31.1,31.3,31.2,31.3,31.5,31.5,31.4,31.6,31.5,31.7,31.5,31.6,31.6,31.7,31.7,31.7,31.7,31.7,31.7,31.7,31.5,31.5,31.4,31.4,31.3,31.3,31.1,31.2,31.1,31.1,31.0,30.8,31.1,30.8,30.7,30.7,30.7,30.6,30.5,30.6,30.5,30.4,30.5,30.5,30.4,30.4,30.2,30.2,30.2,30.1,30.0,30.0,29.9,30.0,29.8,29.8,29.8,29.7,29.6,29.5,29.5,29.5,29.3,29.3,29.2,29.3,29.2,29.2,29.2,29.1,29.0,29.0,28.9,28.9,28.6,28.7,28.8,28.7,28.7,28.9,28.6,28.7,28.6,28.5,28.4,28.4,28.5,28.4,28.5,28.3,28.3,28.4,28.4,28.3,28.3,28.2,28.3,28.3,28.3,28.3,28.3,28.2,28.1,28.1,28.2,28.2,28.1,28.1,28.1,28.1,28.0,28.1,28.0,28.1,27.9,28.0,28.1,28.0
26,28.3,28.5,28.5,28.3,28.4,28.4,28.5,28.4,28.4,28.7,28.5,28.7,28.7,28.7,28.6,28.8,28.7,28.9,28.8,28.9,29.0,28.8,28.7,29.0,29.0,29.0,29.2,29.2,29.3,29.1,29.2,29.3,29.4,29.3,29.3,29.4,29.4,29.6,29.5,29.6,29.7,29.6,29.7,29.8,29.9,29.8,30.1,30.0,30.3,30.1,30.1,30.1,30.4,30.3,30.4,30.3,30.5,30.6,30.5,30.5,30.5,30.7,30.7,30.8,30.8,30.8,30.9,31.0,31.1,31.0,31.0,31.3,31.1,31.4,31.5,31.5,31.6,31.7,31.8,31.8,31.9,32.0,31.9,32.0,32.2,32.0,32.2,32.2,32.1,32.2,32.1,32.1,32.1,31.9,32.1,32.1,31.8,31.7,31.8,31.5,31.5,31.4,31.4,31.4,31.2,31.2,31.0,31.0,31.0,31.0,30.8,30.9,30.8,30.8,30.7,30.5,30.7,30.6,30.6,30.6,30.5,30.5,30.3,30.4,30.2,30.2,30.1,30.1,30.1,29.9,29.9,29.7,29.8,29.6,29.7,29.5,29.3,29.4,29.4,29.3,29.3,29.3,29.2,29.1,29.0,29.0,29.1,28.9,28.9,28.9,28.6,28.8,28.8,28.7,28.7,28.6,28.6,28.5,28.5,28.5,28.6,28.5,28.5,28.3,28.5,28.3,28.5,28.1,28.3,28.4,28.4,28.2,28.4,28.3,28.3,28.3,28.2,28.0,28.1,28.1,28.1,28.2,28.2,28.0,28.2,28.1,28.0,28.0,27.9,28.0,28.0,28.0
27,28.5,28.5,28.4,28.3,28.5,28.6,28.6,28.6,28.6,28.6,28.7,28.5,28.6,28.9,28.7,28.8,28.8,28.8,28.8,28.9,29.0,28.8,29.2,29.1,28.9,29.3,29.2,29.3,29.2,29.2,29.3,29.4,29.3,29.5,29.3,29.5,29.7,29.6,29.7,29.7,29.8,29.7,29.7,30.0,29.8,30.0,30.1,30.1,30.3,30.1,30.4,30.4,30.5,30.7,30.5,30.7,30.8,30.6,30.8,30.7,30.7,30.9,31.0,30.9,31.1,31.2,31.3,31.2,31.3,31.3,31.2,31.5,31.5,31.7,31.7,31.9,32.1,32.1,32.3,32.4,32.6,32.5,32.6,32.6,32.5,32.5,32.7,32.7,32.6,32.7,32.7,32.7,32.6,32.6,32.5,32.3,32.3,32.2,32.1,32.0,31.8,31.7,31.7,31.5,31.6,31.5,31.4,31.4,31.3,31.3,31.2,31.1,31.0,31.0,30.7,31.0,30.7,31.0,30.9,30.7,30.8,30.7,30.6,30.5,30.4,30.3,30.1,30.3,30.1,29.9,30.0,29.9,29.9,29.7,29.9,29.6,29.5,29.5,29.4,29.5,29.3,29.1,29.1,29.3,29.1,29.1,29.1,29.0,28.8,29.0,28.7,28.8,28.9,28.6,28.6,28.6,28.6,28.6,28.6,28.6,28.7,28.4,28.7,28.4,28.5,28.4,28.4,28.4,28.2,28.4,28.3,28.0,28.3,28.3,28.3,28.3,28.3,28.2,28.1,28.1,28.1,28.0,28.2,28.1,28.1,27.9,28.0,28.0,28.1,27.9,28.0,27.9
28,28.4,28.5,28.6,28.5,28.5,28.5,28.6,28.5,28.5,28.7,28.8,28.7,28.8,28.8,28.8,28.9,28.9,28.9,28.9,29.0,29.0,29.0,29.1,29.2,29.1,29.2,29.2,29.3,29.1,29.4,29.4,29.4,29.5,29.4,29.7,29.7,29.6,29.6,30.0,29.9,29.8,29.9,30.0,30.1,30.1,30.1,30.2,30.5,30.4,30.5,30.7,30.6,30.6,30.9,30.8,31.0,31.2,31.2,31.1,31.0,31.2,31.2,31.3,31.4,31.6,31.5,31.5,31.8,31.7,31.7,31.8,32.0,32.1,32.1,32.2,32.6,32.5,32.6,32.7,32.9,33.0,33.1,33.2,33.3,33.5,33.4,33.4,33.4,33.5,33.4,33.4,33.5,33.4,33.2,33.1,33.0,33.0,32.9,32.7,32.6,32.6,32.4,32.3,32.3,31.9,32.0,32.0,31.9,31.8,31.8,31.5,31.4,31.4,31.4,31.3,31.3,31.4,31.4,31.3,31.0,31.2,31.0,30.9,30.8,30.7,30.8,30.6,30.6,30.6,30.3,30.2,30.1,30.2,30.0,29.8,29.8,29.7,29.6,29.5,29.3,29.3,29.6,29.3,29.2,29.1,29.1,29.1,29.1,28.9,29.2,28.8,28.7,28.8,28.8,28.8,28.6,28.7,28.7,28.6,28.6,28.5,28.4,28.5,28.4,28.4,28.4,28.4,28.3,28.3,28.3,28.3,28.3,28.2,28.2,28.3,28.0,28.2,28.2,28.1,28.3,28.1,28.1,28.1,28.1,28.1,28.0,28.0,28.1,28.0,28.1,28.1,28.1
29,28.4,28.6,28.5,28.7,28.8,28.8,28.7,28.6,28.6,28.8,28.6,28.7,28.9,28.9,28.9,29.0,29.0,29.0,29.1,29.2,29.1,29.3,29.3,29.3,29.3,29.2,29.2,29.4,29.5,29.5,29.5,29.3,29.7,29.6,29.8,29.7,29.9,29.9,29.9,30.0,30.1,30.2,30.3,30.3,30.3,30.3,30.5,30.6,30.7,30.7,31.0,30.9,31.2,31.2,31.2,31.1,31.5,31.4,31.4,31.5,31.5,31.5,31.8,31.9,31.9,31.9,31.9,32.0,32.1,32.2,32.2,32.3,32.5,32.5,32.8,32.8,33.1,33.1,33.5,33.7,33.8,33.8,34.0,34.2,34.5,34.2,34.3,34.3,34.6,34.4,34.3,34.4,34.3,34.1,33.9,33.8,33.8,33.5,33.3,33.2,33.1,32.7,32.7,32.7,32.3,32.4,32.5,32.1,32.1,32.1,32.1,31.8,31.9,31.9,31.8,31.8,31.6,31.7,31.6,31.7,31.5,31.5,31.4,31.2,31.2,31.1,30.9,30.8,30.8,30.6,30.4,30.4,30.3,30.1,30.2,30.0,29.9,29.8,29.6,29.7,29.5,29.4,29.3,29.3,29.2,29.2,29.1,29.1,29.0,29.1,28.9,28.9,28.7,28.7,28.8,28.8,28.7,28.6,28.7,28.5,28.7,28.5,28.6,28.5,28.5,28.3,28.5,28.4,28.5,28.5,28.5,28.3,28.3,28.3,28.4,28.2,28.3,28.2,28.2,28.1,28.2,28.0,28.0,28.2,28.1,28.2,28.1,28.1,28.0,28.2,28.1,28.0
30,28.4,28.6,28.7,28.6,28.8,28.8,28.6,28.8,28.9,28.7,29.0,28.7,28.9,28.9,28.8,29.1,29.2,29.0,29.1,29.1,29.1,29.2,29.0,29.2,29.3,29.3,29.4,29.5,29.5,29.5,29.7,29.7,29.5,29.7,29.8,29.8,30.0,29.9,30.1,30.2,30.3,30.3,30.4,30.5,30.6,30.8,30.8,31.0,31.0,30.9,31.3,31.3,31.4,31.4,31.5,31.7,31.7,31.7,32.0,31.9,31.9,32.0,32.0,32.3,32.3,32.2,32.3,32.5,32.5,32.7,32.7,32.9,33.0,33.1,33.3,33.5,33.7,34.0,34.2,34.6,34.8,34.9,35.0,35.2,35.4,35.5,35.6,35.5,35.5,35.6,35.4,35.5,35.5,35.3,35.1,35.0,34.7,34.4,34.2,33.9,33.8,33.5,33.2,33.1,33.1,33.0,32.8,32.7,32.7,32.6,32.6,32.3,32.3,32.3,32.2,32.2,32.1,32.1,32.0,32.1,31.9,31.8,31.7,31.7,31.4,31.4,31.2,31.2,31.1,31.0,30.7,30.3,30.5,30.3,30.4,30.0,30.0,29.9,29.9,29.7,29.3,29.4,29.4,29.4,29.3,29.2,29.2,29.3,29.1,29.2,29.1,28.9,28.9,28.8,28.8,28.7,28.7,28.7,28.6,28.7,28.5,28.7,28.5,28.5,28.5,28.4,28.5,28.4,28.4,28.5,28.4,28.4,28.4,28.2,28.4,28.3,28.3,28.1,28.1,28.3,28.1,28.2,28.2,28.2,28.1,28.1,28.0,28.0,27.9,28.1,28.0,28.3
31,28.6,28.7,28.7,28.8,28.5,28.8,28.6,28.7,28.8,28.9,28.7,28.9,28.9,28.9,28.9,29.1,29.1,29.1,29.1,29.2,29.2,29.2,29.3,29.3,29.4,29.4,29.5,29.5,29.5,29.8,29.6,29.7,29.8,29.8,29.8,30.0,30.1,30.2,30.3,30.3,30.5,30.5,30.7,30.7,30.9,31.0,31.2,31.2,31.2,31.5,31.5,31.7,31.7,31.8,32.0,32.1,32.2,32.3,32.3,32.3,32.5,32.7,32.7,32.7,32.7,32.9,32.9,33.0,33.3,33.2,33.4,33.5,33.5,33.8,33.9,34.1,34.3,34.8,35.2,35.7,36.2,36.5,36.7,36.8,37.0,37.1,37.2,37.2,37.3,37.2,37.2,37.0,36.9,36.9,36.6,36.4,36.1,35.6,35.2,34.8,34.5,34.3,33.9,33.8,33.6,33.6,33.5,33.3,33.3,33.2,33.2,33.0,32.9,33.1,32.8,32.7,32.7,32.6,32.5,32.5,32.4,32.2,32.2,32.2,31.9,31.9,31.6,31.5,31.5,31.3,30.9,31.0,30.9,30.6,30.4,30.3,30.1,30.0,29.9,29.8,29.6,29.6,29.4,29.5,29.5,29.2,29.1,29.2,29.1,29.1,28.8,29.1,28.9,28.9,28.9,28.7,28.8,28.7,28.6,28.7,28.6,28.5,28.7,28.6,28.6,28.4,28.3,28.3,28.3,28.3,28.4,28.3,28.3,28.3,28.2,28.3,28.2,28.2,28.3,28.3,28.1,28.2,28.1,28.3,28.1,28.1,28.4,28.3,28.1,28.2,28.1,28.1
32,28.7,28.7,28.7,28.7,28.7,28.9,28.9,28.9,28.9,28.9,28.9,29.1,29.0,28.9,29.0,29.1,29.2,29.1,29.3,29.3,29.3,29.4,29.3,29.3,29.5,29.7,29.6,29.8,29.7,29.9,29.7,29.7,30.0,30.0,30.0,30.0,30.3,30.3,30.5,30.5,30.8,30.8,31.0,31.1,31.2,31.5,31.6,31.7,31.8,31.9,32.1,32.1,32.4,32.4,32.7,32.6,32.7,32.9,32.9,33.0,33.1,33.2,33.4,33.4,33.5,33.5,33.6,33.8,33.9,34.1,34.0,34.3,34.4,34.7,34.7,35.1,35.4,35.7,36.3,37.3,38.1,38.6,38.8,39.0,39.3,39.2,39.4,39.4,39.4,39.3,39.3,39.2,39.1,38.9,38.9,38.5,38.1,37.4,36.6,35.9,35.5,35.2,34.9,34.7,34.5,34.2,34.2,34.2,34.1,33.9,33.9,33.8,33.7,33.5,33.4,33.5,33.4,33.4,33.2,33.1,33.1,33.0,33.0,32.7,32.7,32.5,32.3,32.2,32.0,31.7,31.5,31.4,31.2,31.0,30.8,30.4,30.5,30.3,30.1,29.9,29.8,29.9,29.6,29.5,29.5,29.3,29.2,29.3,29.3,29.0,29.1,28.9,28.9,28.9,28.9,28.7,28.8,28.8,28.8,28.8,28.7,28.7,28.6,28.6,28.4,28.5,28.5,28.4,28.5,28.4,28.4,28.5,28.3,28.4,28.5,28.4,28.4,28.4,28.3,28.3,28.3,28.2,28.3,28.3,28.3,28.2,28.2,28.2,28.1,28.3,28.1,28.0
33,28.7,28.6,28.8,28.9,28.9,29.0,28.7,28.9,28.9,29.0,29.0,28.9,29.1,29.0,29.2,29.1,29.4,29.1,29.3,29.5,29.3,29.3,29.5,29.5,29.5,29.6,29.7,29.7,29.8,29.9,30.1,30.2,30.2,29.9,30.2,30.3,30.4,30.5,30.7,30.8,30.9,31.1,31.4,31.5,31.7,31.9,32.0,32.3,32.5,32.5,32.7,33.0,33.1,33.3,33.4,33.5,33.7,33.7,34.0,34.1,34.1,34.3,34.4,34.4,34.6,34.7,34.7,34.9,34.9,35.0,35.1,35.4,35.4,35.4,35.8,36.1,36.5,36.8,37.8,39.2,40.3,41.0,41.3,41.4,41.5,41.7,41.6,41.7,41.6,41.5,41.6,41.4,41.5,41.1,41.0,40.7,40.4,39.3,38.1,36.9,36.6,36.1,35.9,35.6,35.5,35.3,35.3,35.3,35.2,35.2,35.2,35.0,34.7,35.0,34.7,34.7,34.7,34.5,34.3,34.4,34.4,34.1,34.0,33.9,33.6,33.4,33.2,32.9,32.7,32.3,32.0,31.7,31.5,31.2,31.0,30.8,30.8,30.4,30.3,30.1,30.0,29.9,29.8,29.6,29.6,29.5,29.4,29.2,29.3,29.2,29.2,29.2,29.0,29.0,28.9,28.8,28.9,28.7,28.8,28.8,28.6,28.6,28.8,28.8,28.5,28.6,28.4,28.3,28.5,28.4,28.3,28.4,28.1,28.2,28.5,28.3,28.3,28.3,28.2,28.2,28.3,28.1,28.2,28.3,28.1,28.2,28.1,28.1,28.1,28.0,28.1,28.1
34,28.6,28.8,28.7,28.8,28.9,28.9,28.9,28.9,29.2,29.0,29.0,29.1,29.1,29.3,29.2,29.3,29.3,29.3,29.5,29.3,29.5,29.6,29.7,29.6,29.7,29.9,29.8,29.9,30.0,30.0,29.9,30.1,30.3,30.3,30.3,30.7,30.6,30.7,31.1,31.2,31.3,31.5,31.7,32.2,32.3,32.7,32.9,33.3,33.6,34.0,34.0,34.3,34.6,34.9,35.0,35.2,35.3,35.5,35.5,35.8,35.8,36.0,36.2,36.3,36.3,36.6,36.5,36.6,36.6,36.5,36.7,36.9,37.0,37.0,37.4,37.7,38.0,38.4,39.3,40.7,42.5,43.2,43.4,43.4,43.6,43.5,43.6,43.6,43.5,43.5,43.5,43.3,43.4,43.1,43.0,42.8,42.4,41.2,39.5,38.3,37.8,37.5,37.0,36.9,36.7,36.7,36.9,37.3,37.4,37.3,37.2,37.1,36.9,36.9,36.7,36.7,36.5,36.6,36.4,36.3,36.2,36.1,35.8,35.8,35.5,35.1,35.0,34.6,34.3,33.8,33.3,32.8,32.5,32.0,31.5,31.3,30.9,30.8,30.5,30.3,30.2,29.9,29.7,29.7,29.8,29.6,29.4,29.4,29.3,29.3,29.2,29.3,29.1,29.1,28.9,28.9,28.8,28.8,28.8,28.7,28.7,28.6,28.7,28.6,28.6,28.7,28.5,28.4,28.5,28.3,28.4,28.4,28.3,28.3,28.3,28.2,28.3,28.1,28.4,28.3,28.3,28.3,28.3,28.3,28.3,28.2,28.2,28.2,28.3,28.1,28.0,28.1
35,28.8,28.7,28.8,28.9,28.8,29.0,29.1,29.0,29.2,29.0,29.2,29.2,29.2,29.4,29.4,29.5,29.5,29.5,29.6,29.7,29.6,29.6,29.7,29.7,29.7,30.0,29.9,30.0,30.1,30.3,30.3,30.4,30.6,30.6,30.7,30.9,30.8,31.0,31.5,31.5,31.7,32.0,32.5,33.1,33.6,34.3,34.8,35.3,35.8,36.3,36.7,37.0,37.2,37.4,37.7,37.7,37.8,38.2,38.2,38.4,38.6,38.8,39.0,39.2,39.2,39.5,39.3,39.2,38.6,38.7,38.7,38.7,39.0,39.2,39.4,39.7,39.8,40.3,40.8,42.1,43.4,43.7,43.8,43.9,44.0,44.0,43.8,43.9,43.9,43.8,43.8,43.8,43.7,43.6,43.4,43.3,43.0,42.2,40.5,39.6,39.0,38.6,38.2,37.9,37.8,37.7,38.4,39.5,40.0,40.0,39.9,39.6,39.3,39.4,39.3,39.3,39.2,39.0,39.1,38.9,38.8,38.7,38.4,38.3,38.0,37.8,37.5,37.1,36.2,35.6,34.9,34.3,33.7,33.1,32.2,31.7,31.2,31.0,30.8,30.6,30.3,30.0,30.0,29.9,29.7,29.7,29.5,29.6,29.3,29.4,29.2,29.3,29.1,29.2,29.0,28.8,29.0,28.9,28.8,28.7,28.7,28.7,28.7,28.6,28.7,28.7,28.6,28.5,28.6,28.6,28.4,28.5,28.5,28.6,28.5,28.3,28.4,28.3,28.4,28.4,28.3,28.2,28.1,28.2,28.2,28.3,28.3,28.2,28.1,28.1,28.1,27.9
36,28.9,29.0,28.9,29.0,29.1,29.0,29.2,29.2,29.2,29.3,29.3,29.4,29.3,29.4,29.6,29.7,29.5,29.5,29.6,29.7,29.7,29.8,29.9,29.9,29.9,30.1,30.1,30.0,30.2,30.5,30.5,30.6,30.7,30.8,31.0,31.0,31.2,31.5,31.6,32.0,32.1,32.6,33.5,34.5,35.5,36.2,37.1,37.8,38.6,39.6,40.0,40.1,40.8,40.9,41.0,40.8,41.4,41.4,41.7,41.9,42.1,42.1,42.5,42.7,42.8,42.9,42.6,42.0,41.3,41.0,40.9,41.1,41.2,41.4,41.6,41.8,42.0,42.3,42.5,43.1,43.8,43.9,44.0,43.9,43.9,43.9,43.8,43.8,43.7,43.7,43.6,43.5,43.4,43.4,43.3,42.9,42.8,42.3,41.5,40.8,40.4,40.0,39.4,39.2,38.8,39.0,40.2,42.2,43.3,43.4,43.3,42.8,42.6,42.5,42.4,42.3,42.3,42.2,42.3,42.2,41.9,41.9,41.6,41.4,41.3,41.1,40.6,39.9,39.0,37.8,36.9,36.0,35.1,34.3,33.4,32.6,31.8,31.4,30.9,30.8,30.5,30.4,30.3,30.0,29.8,29.7,29.7,29.5,29.4,29.5,29.2,29.3,29.3,29.1,29.0,29.0,29.0,28.9,28.9,28.8,28.9,28.8,28.7,28.7,28.7,28.6,28.6,28.6,28.5,28.6,28.5,28.6,28.5,28.4,28.4,28.5,28.4,28.3,28.3,28.3,28.4,28.4,28.2,28.3,28.2,28.3,28.4,28.2,28.2,28.1,28.0,28.1
37,28.9,29.0,29.1,29.0,29.1,29.2,29.2,29.3,29.4,29.4,29.3,29.5,29.7,29.5,29.5,29.6,29.6,29.7,29.8,30.0,29.9,30.0,30.1,30.0,30.1,30.3,30.2,30.4,30.4,30.5,30.6,30.7,31.0,30.9,31.2,31.3,31.4,31.7,31.9,32.3,32.7,33.8,35.0,36.1,37.4,38.6,39.7,40.7,41.8,42.8,43.8,43.8,44.0,44.3,44.6,44.3,44.4,44.6,44.8,45.1,45.3,45.2,45.2,45.6,45.6,45.5,45.1,44.4,42.6,41.9,41.9,42.2,42.3,42.5,42.7,42.9,43.1,43.1,43.4,43.6,43.6,43.7,43.7,43.6,43.5,43.7,43.5,43.4,43.5,43.4,43.3,43.1,42.9,42.8,42.7,42.3,42.1,41.8,41.3,40.9,40.6,39.9,39.2,38.7,38.3,38.5,40.3,43.9,45.0,45.3,45.1,44.6,44.6,44.4,44.4,44.6,44.5,44.5,44.5,44.4,44.4,44.3,44.1,44.0,43.9,43.6,43.3,42.4,41.1,39.8,38.6,37.6,36.8,35.8,34.7,33.4,32.3,31.6,31.3,30.9,30.6,30.5,30.3,30.2,30.0,29.9,29.7,29.8,29.4,29.4,29.3,29.3,29.3,29.3,29.2,28.9,29.1,29.0,28.8,28.8,28.8,28.7,28.8,28.5,28.7,28.5,28.6,28.4,28.5,28.5,28.6,28.6,28.3,28.3,28.6,28.4,28.4,28.4,28.3,28.5,28.3,28.3,28.3,28.4,28.3,28.2,28.1,28.2,28.2,28.3,28.1,28.3
38,28.9,29.0,29.0,29.1,29.3,29.3,29.2,29.3,29.4,29.4,29.4,29.6,29.7,29.5,29.7,29.9,29.7,29.8,29.9,30.0,30.0,30.1,30.3,30.3,30.3,30.5,30.6,30.5,30.8,30.8,30.8,31.0,31.1,31.3,31.4,31.5,31.8,32.0,32.3,32.8,33.7,35.1,36.5,38.1,39.4,40.0,40.9,42.0,43.2,44.4,45.2,45.5,45.4,45.7,45.8,45.7,45.3,45.7,45.9,46.3,46.5,46.3,46.1,46.2,46.2,46.3,45.9,44.9,43.2,42.2,42.3,42.6,42.7,43.0,43.3,43.6,43.9,43.8,44.0,44.1,44.1,44.2,44.2,44.2,44.1,44.1,44.2,44.0,44.1,43.9,43.7,43.7,43.7,43.5,43.2,43.1,42.8,42.5,42.0,41.6,41.1,40.3,39.5,38.8,38.4,38.8,40.7,44.2,45.5,45.7,45.5,45.1,45.1,44.9,44.9,45.0,45.1,45.1,45.0,45.1,45.2,44.9,44.9,44.6,44.6,44.4,43.9,43.0,41.6,40.4,39.3,38.5,37.7,37.1,36.0,34.4,33.1,32.1,31.6,31.2,31.0,30.7,30.5,30.3,30.1,29.8,29.7,29.8,29.5,29.5,29.6,29.5,29.3,29.3,29.3,29.1,29.1,29.0,28.8,28.9,28.7,28.8,28.9,28.7,28.8,28.6,28.8,28.6,28.6,28.6,28.4,28.5,28.4,28.3,28.4,28.4,28.5,28.3,28.5,28.2,28.3,28.4,28.3,28.3,28.3,28.3,28.3,28.2,28.3,28.3,28.4,28.1
39,29.3,29.1,29.3,29.2,29.5,29.4,29.5,29.6,29.6,29.6,29.7,29.7,29.7,29.7,29.9,30.1,30.0,30.1,30.1,30.3,30.3,30.3,30.4,30.5,30.5,30.8,30.9,31.0,30.8,31.2,31.0,31.2,31.4,31.7,31.8,31.9,32.1,32.4,32.7,33.4,34.6,36.4,38.0,39.4,40.1,40.6,41.0,42.1,43.5,44.6,45.6,45.9,45.9,46.1,46.3,46.3,46.0,46.1,46.4,46.6,46.9,46.9,46.7,46.5,46.5,46.6,46.4,45.4,43.8,42.9,42.9,43.1,43.6,44.1,44.5,44.5,44.9,44.9,45.1,45.1,45.2,45.2,45.2,45.1,45.2,45.3,45.2,45.2,45.2,45.0,45.1,44.9,44.7,44.6,44.6,44.2,44.1,43.7,43.3,42.9,42.3,41.6,40.5,39.9,39.4,39.7,41.5,44.6,45.9,45.9,45.5,45.4,45.1,45.1,45.1,45.3,45.4,45.3,45.3,45.4,45.3,45.2,45.0,44.8,44.9,44.6,43.9,42.9,41.4,40.1,39.0,38.4,38.2,37.9,37.2,35.6,33.7,32.7,32.0,31.5,31.2,30.9,30.6,30.4,30.3,29.9,29.9,29.8,29.7,29.6,29.6,29.6,29.4,29.2,29.1,29.1,29.1,29.0,29.0,29.1,29.0,28.9,28.8,28.7,28.9,28.7,28.7,28.7,28.6,28.6,28.7,28.5,28.4,28.4,28.5,28.5,28.4,28.4,28.5,28.3,28.3,28.4,28.4,28.4,28.5,28.1,28.2,28.2,28.3,28.3,28.1,28.2
40,29.1,29.3,29.3,29.3,29.4,29.5,29.4,29.7,29.5,29.7,29.8,29.9,29.7,30.0,30.1,30.2,30.3,30.2,30.3,30.4,30.5,30.5,30.6,30.6,30.7,30.9,31.0,31.1,31.2,31.2,31.3,31.5,31.7,31.8,32.0,32.2,32.6,32.8,33.3,34.0,35.6,37.6,39.5,40.4,40.1,40.2,40.5,41.5,43.3,44.7,45.7,45.9,46.2,46.2,46.4,46.5,46.4,46.0,46.3,46.6,46.8,47.0,46.9,46.8,46.8,46.8,46.8,46.1,44.7,44.0,43.8,44.0,44.4,44.9,45.2,45.2,45.4,45.5,45.8,45.8,45.7,45.9,45.9,45.8,45.9,45.9,45.8,45.8,45.7,45.6,45.6,45.6,45.5,45.4,45.3,45.1,45.0,44.6,44.2,43.8,43.4,42.7,41.6,41.0,40.7,41.1,42.6,45.1,45.8,45.7,45.7,45.4,45.4,45.3,45.3,45.3,45.4,45.5,45.4,45.4,45.4,45.3,45.0,44.9,45.0,44.6,44.1,42.9,41.3,39.7,38.8,38.5,38.5,38.5,38.1,36.6,34.5,33.1,32.4,31.7,31.4,31.1,30.8,30.8,30.4,30.2,30.1,29.9,29.7,29.7,29.6,29.5,29.3,29.3,29.3,29.2,29.1,29.0,29.2,28.9,28.9,28.9,28.9,28.7,28.8,28.7,28.7,28.6,28.6,28.5,28.6,28.6,28.3,28.5,28.5,28.6,28.6,28.6,28.5,28.5,28.4,28.3,28.3,28.2,28.2,28.3,28.3,28.2,28.1,28.1,28.3,28.3
41,29.3,29.4,29.1,29.4,29.5,29.5,29.6,29.7,29.6,29.9,30.0,30.0,29.9,30.2,30.1,30.1,30.4,30.3,30.3,30.5,30.7,30.6,31.0,30.9,31.0,31.2,31.4,31.3,31.5,31.5,31.7,31.9,32.0,32.1,32.3,32.6,32.8,33.2,33.7,34.5,36.1,38.5,40.4,40.9,40.6,40.0,39.7,40.4,42.4,44.5,45.8,46.2,46.4,46.4,46.5,46.8,46.8,46.5,46.3,46.6,46.9,46.9,47.1,47.0,47.1,47.5,47.6,47.0,46.2,45.6,45.0,45.1,45.4,45.8,45.9,46.2,46.2,46.4,46.3,46.5,46.5,46.6,46.5,46.7,46.7,46.6,46.6,46.5,46.5,46.4,46.4,46.5,46.3,46.4,46.2,46.0,45.8,45.6,45.2,45.0,44.6,44.1,43.4,42.8,42.7,43.3,44.6,45.8,45.9,45.9,45.8,45.6,45.6,45.7,45.5,45.3,45.3,45.5,45.5,45.5,45.4,45.3,45.1,45.2,45.1,44.8,44.2,42.7,40.8,39.2,38.6,38.6,39.3,39.3,39.0,37.5,35.1,33.4,32.6,32.0,31.6,31.2,31.0,30.7,30.5,30.3,30.3,29.9,29.9,29.7,29.4,29.5,29.4,29.3,29.2,29.3,29.0,29.1,29.0,28.9,29.0,28.9,28.8,28.7,28.7,28.7,28.6,28.7,28.5,28.6,28.5,28.5,28.5,28.3,28.5,28.5,28.4,28.4,28.4,28.5,28.5,28.3,28.2,28.3,28.2,28.4,28.1,28.1,28.1,28.0,28.1,28.0
42,29.3,29.4,29.5,29.5,29.6,29.8,29.9,29.9,30.1,30.0,30.2,30.1,30.2,30.2,30.5,30.6,30.7,30.6,30.7,30.9,31.0,31.0,31.1,31.3,31.4,31.7,31.8,31.9,32.1,32.2,32.5,32.6,32.9,32.9,32.8,33.1,33.3,33.6,34.1,35.2,37.3,39.8,41.4,41.8,41.4,40.4,39.9,40.6,42.4,44.4,45.8,46.4,46.7,46.8,46.8,47.1,47.1,46.8,46.4,46.6,46.8,46.9,47.0,47.3,47.4,47.9,47.8,47.7,47.2,46.9,46.5,46.3,46.6,46.7,46.8,46.7,46.9,46.9,46.9,46.9,46.9,47.0,47.1,47.0,47.0,47.1,47.1,47.0,47.0,46.9,47.0,47.0,46.9,46.8,46.7,46.6,46.6,46.4,46.2,45.9,45.6,45.4,45.1,44.4,44.5,45.2,45.9,46.2,46.3,46.1,46.0,45.8,45.8,45.8,45.5,45.7,45.6,45.6,45.5,45.6,45.6,45.4,45.3,45.5,45.4,45.1,44.4,43.1,41.1,40.0,39.4,39.6,40.3,40.4,40.1,38.5,35.9,33.9,33.0,32.2,31.7,31.6,31.2,30.7,30.5,30.5,30.3,30.0,29.8,29.9,29.7,29.7,29.4,29.2,29.5,29.2,29.3,29.1,29.1,29.3,29.0,28.9,28.7,28.7,28.9,28.7,28.8,28.8,28.6,28.7,28.7,28.4,28.5,28.5,28.6,28.4,28.6,28.3,28.5,28.4,28.4,28.3,28.3,28.4,28.3,28.3,28.3,28.3,28.3,28.3,28.1,28.2
43,29.5,29.7,29.6,29.7,29.9,30.0,30.0,30.0,30.1,30.3,30.5,30.5,30.7,30.5,30.7,30.9,30.7,31.1,31.3,31.5,31.5,31.7,31.9,32.2,32.2,32.6,32.8,32.9,33.2,33.4,33.4,33.7,33.8,33.9,33.6,33.5,33.7,34.0,34.9,35.8,37.8,40.5,42.2,42.6,42.5,41.5,41.1,41.9,43.2,45.0,45.9,46.4,46.7,47.0,47.1,47.1,47.2,47.1,46.9,46.9,47.0,47.1,47.3,47.7,47.9,48.1,48.0,48.1,47.9,47.6,47.3,47.3,47.2,47.4,47.4,47.2,47.3,47.3,47.3,47.6,47.5,47.4,47.3,47.4,47.4,47.5,47.4,47.3,47.3,47.3,47.4,47.3,47.3,47.3,47.2,47.0,47.0,47.0,46.8,46.6,46.5,46.5,46.2,45.7,45.6,46.2,46.2,46.2,46.2,46.2,46.1,46.0,46.0,45.9,45.8,45.6,45.7,45.6,45.6,45.7,45.5,45.5,45.4,45.5,45.4,45.2,44.8,43.9,42.5,41.4,40.8,41.1,41.5,41.5,41.1,39.5,36.5,34.4,33.4,32.6,32.0,31.6,31.4,31.0,30.8,30.7,30.4,30.1,30.1,29.9,29.8,29.6,29.5,29.4,29.3,29.1,29.3,29.0,29.1,29.0,28.9,28.9,28.9,28.8,28.8,28.8,28.7,28.6,28.6,28.7,28.6,28.5,28.5,28.6,28.5,28.6,28.6,28.4,28.4,28.5,28.2,28.3,28.4,28.4,28.3,28.3,28.3,28.2,28.3,28.2,28.4,28.3
44,29.5,29.7,29.8,29.9,30.1,30.2,30.3,30.3,30.4,30.5,30.8,30.8,31.2,31.2,31.3,31.4,31.6,31.9,32.1,32.4,32.4,32.6,32.9,33.2,33.5,33.8,34.2,34.3,34.6,34.8,34.9,35.1,35.2,35.3,34.9,34.2,34.3,35.0,35.3,36.3,37.9,41.0,42.5,42.8,42.8,42.7,42.4,42.9,44.0,45.2,45.9,46.3,46.7,46.9,47.2,47.4,47.3,47.3,47.2,47.0,47.2,47.3,47.3,47.7,47.9,48.1,47.9,48.1,48.0,47.8,47.8,47.7,47.9,47.8,47.9,47.7,47.7,47.5,47.6,47.6,47.6,47.5,47.5,47.5,47.6,47.5,47.7,47.5,47.6,47.5,47.5,47.5,47.5,47.6,47.5,47.3,47.3,47.4,47.1,47.1,47.1,46.9,46.8,46.4,46.2,46.2,46.1,46.2,46.0,46.1,46.0,45.9,45.9,46.0,45.8,45.8,45.7,45.4,45.5,45.5,45.5,45.2,45.3,45.2,45.3,45.2,44.8,44.3,43.6,42.8,42.6,42.5,42.4,41.9,42.0,40.2,37.1,34.9,33.6,32.8,32.3,32.0,31.4,31.2,31.0,30.7,30.3,30.2,30.1,30.1,29.9,29.5,29.6,29.4,29.4,29.3,29.3,29.2,29.2,29.0,28.9,29.0,28.8,28.8,28.8,28.7,28.8,28.7,28.7,28.7,28.6,28.7,28.7,28.4,28.6,28.4,28.5,28.3,28.3,28.4,28.3,28.3,28.3,28.3,28.3,28.3,28.4,28.3,28.2,28.2,28.1,28.3
45,29.7,29.9,29.9,30.3,30.6,30.6,30.7,30.9,31.1,31.2,31.3,31.5,31.8,32.0,32.1,32.3,32.7,32.8,33.0,33.4,33.5,33.9,34.2,34.6,35.0,35.1,35.4,35.7,35.9,36.2,36.3,36.1,36.3,36.3,35.8,34.9,35.0,35.9,36.6,37.5,38.5,40.9,42.3,42.6,42.5,42.7,42.8,43.2,43.8,44.7,45.5,46.1,46.5,46.9,47.3,47.4,47.4,47.5,47.3,47.3,47.2,47.5,47.4,47.7,47.9,48.0,48.0,47.9,48.0,48.0,47.8,48.0,48.0,48.1,48.0,47.8,47.7,47.5,47.7,47.6,47.7,47.7,47.8,47.5,47.6,47.6,47.6,47.6,47.5,47.6,47.5,47.6,47.5,47.5,47.6,47.5,47.5,47.5,47.3,47.4,47.3,47.1,46.7,46.3,46.0,45.8,45.7,45.8,45.6,45.7,45.8,45.8,45.8,45.8,45.6,45.6,45.6,45.5,45.3,45.3,45.2,45.2,45.1,45.1,45.2,45.1,44.8,44.4,43.9,43.7,43.3,43.0,42.6,42.4,42.4,40.9,37.6,35.4,34.1,33.2,32.5,32.0,31.7,31.3,31.0,30.7,30.5,30.4,30.1,30.1,29.9,29.7,29.5,29.5,29.5,29.3,29.3,29.1,29.3,29.1,29.2,28.9,28.8,28.8,28.9,28.7,28.7,28.7,28.8,28.6,28.6,28.7,28.5,28.5,28.7,28.5,28.6,28.3,28.4,28.4,28.3,28.3,28.3,28.3,28.4,28.4,28.2,28.2,28.3,28.2,28.1,28.2
46,29.8,30.3,30.4,30.9,31.3,31.5,31.7,31.8,32.1,32.2,32.4,32.6,32.6,32.9,33.0,33.3,33.4,33.7,34.1,34.3,34.4,34.6,35.2,35.5,35.7,36.0,36.2,36.6,36.5,36.9,36.8,36.8,36.7,36.6,35.9,35.3,35.3,36.9,38.3,39.0,39.4,40.6,41.5,41.7,41.8,41.8,42.0,42.3,43.0,43.8,44.7,45.7,46.6,46.8,47.2,47.5,47.7,47.6,47.6,47.5,47.5,47.6,47.8,47.8,47.8,48.1,47.9,47.8,48.0,48.1,48.1,48.2,48.1,48.1,48.1,47.8,47.7,47.7,47.8,47.8,47.8,47.8,47.8,47.8,47.7,47.9,47.7,47.7,47.6,47.7,47.8,47.8,47.7,47.8,47.7,47.5,47.8,47.6,47.6,47.6,47.3,47.1,46.6,45.9,45.8,45.6,45.7,45.6,45.6,45.6,45.7,45.6,45.7,45.6,45.4,45.5,45.5,45.3,45.1,45.1,45.0,44.9,44.8,44.7,44.9,45.0,44.6,44.3,44.1,43.5,43.1,42.8,42.7,42.4,42.3,41.2,38.0,35.7,34.4,33.4,32.8,32.3,32.0,31.4,31.2,30.9,30.5,30.3,30.2,30.1,30.0,29.9,29.8,29.6,29.6,29.3,29.4,29.3,29.3,29.3,29.2,29.2,29.1,28.8,29.3,29.0,28.9,28.7,28.8,28.7,28.7,28.6,28.7,28.7,28.7,28.6,28.6,28.6,28.5,28.6,28.4,28.5,28.5,28.5,28.4,28.3,28.3,28.5,28.3,28.3,28.3,28.3
47,30.1,30.3,30.8,31.2,31.9,32.0,32.1,32.4,32.4,32.9,32.7,33.0,33.2,33.4,33.5,33.8,33.9,34.1,34.5,34.5,34.9,35.2,35.4,35.8,36.0,36.4,36.7,36.7,37.0,37.1,37.2,37.1,37.1,36.5,35.6,34.7,34.8,37.0,39.7,40.1,40.5,40.8,41.2,41.1,41.4,41.6,42.0,42.4,42.8,43.7,44.7,45.5,46.3,46.7,47.0,47.6,47.6,47.6,47.6,47.7,47.8,47.9,47.8,47.8,48.0,47.9,48.0,47.9,47.9,48.2,48.3,48.3,48.3,48.0,47.8,47.9,48.0,47.8,48.0,47.9,47.7,47.9,47.8,47.7,47.9,47.8,47.9,47.8,47.8,47.7,47.8,47.7,47.7,47.7,47.8,47.6,47.7,47.7,47.7,47.6,47.5,47.1,46.5,45.9,45.7,45.5,45.5,45.4,45.3,45.5,45.3,45.4,45.5,45.5,45.4,45.3,45.2,45.3,45.1,45.1,44.9,44.7,44.6,44.6,44.8,44.9,44.3,44.1,44.0,43.5,43.1,42.9,42.7,42.2,42.3,41.4,38.4,36.1,34.5,33.8,32.9,32.4,32.1,31.6,31.2,31.0,30.6,30.4,30.3,30.3,30.1,29.9,29.7,29.6,29.6,29.4,29.3,29.3,29.2,29.1,29.1,29.0,29.1,28.9,28.9,28.8,28.9,28.8,28.8,28.6,28.6,28.7,28.5,28.5,28.5,28.5,28.5,28.5,28.6,28.3,28.3,28.3,28.3,28.4,28.2,28.2,28.4,28.4,28.1,28.3,28.3,28.3
48,30.3,30.6,31.1,31.7,32.4,32.5,32.6,32.8,33.0,33.1,33.4,33.2,33.5,33.5,33.9,34.1,34.3,34.6,34.7,35.1,35.2,35.4,35.8,36.2,36.4,36.7,36.9,37.1,37.3,37.4,37.3,37.3,37.5,36.7,35.4,34.1,34.6,37.1,39.8,40.6,40.7,41.0,41.0,41.2,41.4,41.6,42.1,42.4,43.2,44.0,45.1,45.7,46.5,46.8,47.1,47.3,47.7,47.7,47.9,47.9,48.0,48.0,48.1,48.1,47.9,47.9,47.9,47.8,48.2,48.3,48.4,48.5,48.3,48.0,47.9,47.8,47.9,47.9,47.9,48.0,47.8,47.9,47.9,47.9,47.8,47.8,48.0,47.9,48.0,47.9,47.8,47.8,47.9,47.8,47.7,47.8,47.7,47.8,47.7,47.8,47.5,47.2,46.5,46.0,45.8,45.5,45.5,45.6,45.5,45.6,45.5,45.5,45.5,45.5,45.4,45.3,45.2,45.2,45.1,45.2,45.0,44.9,44.8,44.7,45.1,45.1,44.5,44.4,44.1,43.8,43.4,43.3,42.8,42.4,42.3,41.6,38.9,36.3,34.8,33.9,33.1,32.6,32.2,31.7,31.4,31.2,31.0,30.5,30.4,30.3,30.1,29.9,29.6,29.5,29.7,29.4,29.7,29.3,29.3,29.3,29.1,29.0,29.1,29.1,28.9,28.8,28.8,28.7,28.8,28.8,28.5,28.6,28.7,28.5,28.6,28.5,28.6,28.5,28.3,28.5,28.4,28.3,28.5,28.5,28.5,28.3,28.3,28.3,28.4,28.2,28.3,28.2
49,30.8,31.2,31.4,32.0,32.6,32.7,33.0,33.2,33.1,33.3,33.5,33.7,33.7,34.1,34.1,34.4,34.6,34.9,34.9,35.4,35.6,35.7,36.0,36.5,36.6,36.9,37.1,37.3,37.5,37.7,37.7,37.6,37.3,36.6,35.4,33.8,34.7,37.5,39.9,40.6,40.9,41.1,41.1,41.2,41.4,41.6,41.9,42.4,43.2,44.1,45.5,46.3,46.6,46.8,47.0,47.4,47.5,47.8,48.0,48.1,48.2,48.2,48.1,48.0,48.0,48.0,47.8,47.8,48.1,48.2,48.2,48.2,48.1,47.7,47.5,47.6,47.8,48.0,47.9,48.0,48.0,47.8,47.9,47.9,47.8,47.9,47.9,47.9,47.8,47.8,47.8,47.9,47.8,47.8,47.9,47.8,47.7,47.8,47.8,47.7,47.6,47.4,46.5,46.0,45.9,45.7,45.7,45.7,45.7,45.7,45.5,45.5,45.4,45.6,45.4,45.2,45.2,45.2,45.1,45.1,44.9,44.9,44.9,44.9,45.1,45.3,44.7,44.5,44.2,44.0,43.6,43.4,43.0,42.6,42.6,42.0,39.0,36.6,35.2,34.1,33.4,32.9,32.2,31.8,31.4,31.3,31.0,30.6,30.5,30.3,30.0,29.9,29.8,29.7,29.6,29.5,29.7,29.3,29.4,29.2,29.1,29.2,29.2,29.1,29.1,29.0,28.9,28.9,28.9,28.8,28.7,28.7,28.5,28.7,28.7,28.6,28.6,28.4,28.4,28.3,28.4,28.4,28.5,28.5,28.4,28.2,28.3,28.4,28.2,28.2,28.1,28.2
50,31.5,31.9,31.9,32.4,33.0,33.0,33.3,33.4,33.5,33.7,33.7,33.9,33.9,34.1,34.6,34.5,34.7,35.0,35.2,35.6,35.9,35.9,36.3,36.8,36.9,37.2,37.5,37.6,37.7,37.9,37.8,37.9,37.8,36.7,35.3,34.1,35.2,37.9,40.0,40.6,41.0,41.0,41.1,41.2,41.5,41.4,41.7,42.1,42.9,44.1,45.6,46.3,46.6,47.0,47.0,47.4,47.6,47.9,48.1,48.1,48.4,48.3,48.1,48.2,48.1,48.1,47.9,47.9,47.9,48.0,48.2,48.1,48.1,47.7,47.5,47.5,47.9,48.0,48.0,48.1,48.0,47.9,48.0,48.0,47.8,47.9,47.9,48.0,47.8,47.8,47.9,48.0,47.7,47.9,47.8,47.8,47.8,47.8,47.8,47.9,47.5,47.3,46.8,46.3,46.1,45.9,45.9,45.9,45.7,45.7,45.6,45.5,45.6,45.6,45.5,45.4,45.3,45.2,45.2,45.1,44.9,44.9,44.9,45.0,45.2,45.4,45.0,44.5,44.4,44.1,43.8,43.6,43.2,42.7,42.7,42.0,39.3,37.0,35.3,34.3,33.5,32.9,32.6,32.1,31.7,31.3,31.0,30.7,30.6,30.4,30.3,30.1,29.9,29.9,29.7,29.6,29.7,29.4,29.2,29.3,29.1,29.3,29.2,29.3,29.0,28.9,29.1,28.8,28.8,28.8,28.7,28.7,28.7,28.5,28.7,28.7,28.6,28.6,28.4,28.5,28.6,28.4,28.4,28.4,28.4,28.4,28.4,28.4,28.2,28.3,28.3,28.3
51,32.5,32.7,32.7,33.0,33.2,33.4,33.5,33.5,33.5,33.7,34.0,33.9,34.3,34.5,34.6,34.8,34.8,35.2,35.5,35.8,35.9,36.3,36.5,36.8,37.0,37.4,37.6,37.8,37.9,38.0,38.1,37.9,37.6,36.7,35.3,34.1,35.2,37.9,40.2,40.7,40.9,41.0,41.0,41.3,41.4,41.5,41.8,42.2,42.9,44.2,45.6,46.3,46.7,46.8,47.1,47.3,47.5,47.8,48.1,48.2,48.2,48.4,48.3,48.0,48.0,47.9,47.9,47.9,47.9,47.8,47.9,48.1,48.0,47.7,47.3,47.4,47.8,48.0,48.1,48.0,47.9,48.0,48.0,47.9,48.0,47.9,47.9,48.1,48.1,47.9,48.0,48.0,48.0,47.9,47.7,47.8,47.8,47.7,47.8,47.7,47.7,47.5,46.8,46.4,46.2,46.1,46.0,45.8,45.9,45.9,45.8,45.6,45.7,45.7,45.5,45.5,45.5,45.2,45.3,45.2,45.1,44.9,44.9,45.1,45.4,45.5,44.9,44.7,44.5,44.2,44.0,43.7,43.4,42.8,42.6,42.1,39.5,36.9,35.6,34.6,33.6,33.0,32.6,32.0,31.5,31.3,31.1,30.7,30.6,30.2,30.1,30.1,29.8,29.8,29.9,29.7,29.6,29.5,29.4,29.3,29.2,29.1,29.1,29.1,28.9,28.8,28.9,28.9,28.7,28.8,28.7,28.7,28.5,28.7,28.5,28.6,28.5,28.5,28.5,28.3,28.5,28.5,28.4,28.4,28.3,28.5,28.5,28.3,28.3,28.3,28.4,28.1
52,33.0,33.0,33.0,33.4,33.5,33.5,33.6,33.7,33.8,34.0,34.1,34.4,34.3,34.8,34.7,34.9,35.1,35.4,35.6,36.0,36.1,36.5,36.7,37.0,37.3,37.5,37.7,38.1,37.9,38.1,38.2,38.1,37.8,36.8,35.2,34.3,35.4,38.4,40.4,40.7,40.8,41.1,41.1,41.3,41.5,41.6,41.9,42.3,43.1,44.4,45.8,46.4,46.8,46.9,47.2,47.4,47.8,47.8,48.2,48.2,48.2,48.5,48.2,48.3,48.2,48.0,47.9,48.0,47.9,47.8,47.9,48.0,48.0,47.7,47.8,47.8,47.9,48.1,48.2,48.1,48.0,48.1,48.1,48.2,48.1,47.9,48.1,48.0,48.1,47.9,48.0,48.0,48.0,47.9,47.9,47.8,47.8,47.9,48.0,47.9,47.9,47.7,46.8,46.6,46.4,46.4,46.1,46.2,46.0,46.0,45.8,45.7,45.7,45.7,45.5,45.6,45.5,45.4,45.3,45.2,45.1,45.1,45.1,45.2,45.4,45.5,45.0,44.7,44.4,44.3,44.1,43.8,43.4,43.0,42.7,42.2,39.7,37.3,35.7,34.8,33.8,33.2,32.6,32.2,31.8,31.4,31.2,30.8,30.7,30.4,30.4,30.1,30.1,29.9,29.8,29.7,29.6,29.5,29.5,29.4,29.4,29.2,29.1,29.1,29.2,29.0,28.9,28.9,28.9,28.8,28.7,28.9,28.7,28.6,28.7,28.5,28.7,28.6,28.6,28.6,28.4,28.4,28.4,28.5,28.4,28.3,28.3,28.3,28.3,28.3,28.3,28.3
53,33.0,33.3,33.3,33.4,33.7,33.6,33.7,34.0,34.1,34.2,34.4,34.5,34.4,34.8,35.0,35.2,35.3,35.3,35.6,36.1,36.3,36.5,36.8,37.1,37.3,37.8,37.8,38.1,38.2,38.2,38.3,38.2,37.9,36.8,35.2,34.3,35.8,38.8,40.4,40.9,41.1,41.1,41.3,41.3,41.4,41.9,42.3,42.4,43.3,44.5,45.6,46.4,46.9,46.9,47.3,47.5,47.8,47.9,48.1,48.3,48.3,48.3,48.3,48.3,48.2,48.1,48.1,48.0,48.0,47.9,47.8,47.9,47.9,47.7,47.7,47.8,48.1,48.1,48.1,48.2,48.1,48.1,48.1,48.1,48.0,48.0,48.0,48.0,48.1,48.1,48.1,48.1,48.1,48.0,48.1,48.0,47.9,47.9,47.9,47.9,47.9,47.6,47.0,46.7,46.4,46.3,46.2,46.1,46.1,46.1,46.0,45.8,45.7,45.9,45.7,45.5,45.5,45.5,45.4,45.3,45.2,45.2,45.2,45.4,45.6,45.6,45.2,44.9,44.5,44.4,44.0,43.8,43.6,43.0,42.9,42.4,40.0,37.5,36.0,34.7,33.8,33.4,32.7,32.5,31.9,31.6,31.2,31.0,30.7,30.6,30.3,30.2,30.1,30.0,30.0,29.5,29.7,29.5,29.4,29.5,29.1,29.3,29.4,29.2,28.9,29.1,28.9,29.0,28.9,28.9,28.9,28.8,28.7,28.7,28.7,28.7,28.6,28.7,28.4,28.7,28.6,28.3,28.4,28.4,28.4,28.4,28.4,28.2,28.2,28.5,28.4,28.3
54,33.2,33.4,33.4,33.5,33.6,33.9,33.9,34.2,34.3,34.3,34.5,34.6,34.7,34.8,35.0,35.3,35.5,35.8,35.8,36.1,36.2,36.7,36.9,37.1,37.4,37.8,38.0,38.2,38.3,38.5,38.5,38.3,38.0,36.7,35.2,34.5,36.1,39.0,40.6,40.9,41.2,41.3,41.4,41.6,41.7,41.9,42.4,43.0,43.8,44.7,46.0,46.5,46.9,47.1,47.4,47.5,47.8,48.1,48.1,48.3,48.2,48.4,48.4,48.5,48.3,48.4,48.2,48.4,48.3,48.0,48.1,48.0,48.1,47.6,47.6,47.7,48.0,48.1,48.2,48.1,48.2,48.1,48.2,48.1,48.1,48.2,48.1,48.1,48.1,48.1,48.1,48.2,48.2,48.1,48.2,48.1,48.1,48.1,48.1,48.0,47.9,47.6,47.2,46.7,46.4,46.5,46.4,46.3,46.2,46.3,46.0,45.9,46.1,45.8,45.7,45.7,45.6,45.6,45.5,45.2,45.3,45.3,45.1,45.3,45.6,45.6,45.3,45.0,44.7,44.2,44.1,43.9,43.6,43.2,43.0,42.4,40.0,37.8,36.1,34.9,34.1,33.4,33.0,32.6,32.1,31.8,31.4,31.1,30.7,30.7,30.3,30.2,30.1,30.0,29.9,29.9,29.7,29.6,29.5,29.5,29.3,29.2,29.4,28.9,29.1,29.0,29.0,28.9,29.1,28.9,28.8,28.9,28.7,28.7,28.7,28.5,28.4,28.6,28.6,28.5,28.5,28.3,28.7,28.4,28.3,28.4,28.3,28.4,28.5,28.4,28.3,28.3
55,33.3,33.5,33.5,33.6,33.9,33.9,34.0,34.2,34.3,34.4,34.6,34.7,34.8,35.0,35.1,35.2,35.6,35.9,36.1,36.2,36.4,36.7,36.8,37.3,37.5,37.9,37.9,38.3,38.3,38.5,38.5,38.4,37.9,36.7,35.2,34.6,36.5,39.3,40.9,41.2,41.4,41.4,41.6,41.7,41.9,42.2,42.6,43.2,44.0,45.0,46.1,46.7,47.3,47.3,47.8,47.7,47.9,47.9,48.2,48.1,48.1,48.3,48.4,48.6,48.7,48.6,48.6,48.6,48.5,48.5,48.3,48.1,48.0,47.7,47.3,47.7,48.1,48.1,48.2,48.2,48.3,48.3,48.2,48.3,48.1,48.2,48.1,48.2,48.2,48.2,48.3,48.2,48.3,48.3,48.2,48.2,48.2,48.2,48.0,48.1,48.1,47.7,47.3,47.0,46.8,46.6,46.5,46.5,46.3,46.2,46.2,46.0,46.0,46.0,45.9,45.8,45.6,45.6,45.5,45.5,45.4,45.2,45.1,45.3,45.6,45.7,45.3,45.0,44.7,44.4,44.2,43.9,43.7,43.1,43.0,42.6,40.3,37.6,36.2,35.0,34.3,33.5,33.1,32.6,32.1,31.8,31.4,31.1,31.0,30.7,30.3,30.4,30.1,29.9,29.9,29.7,29.7,29.6,29.5,29.5,29.4,29.3,29.2,29.2,29.0,29.0,29.0,29.0,28.9,28.9,28.8,28.8,28.7,28.7,28.7,28.7,28.7,28.6,28.4,28.5,28.5,28.3,28.4,28.4,28.3,28.4,28.4,28.4,28.4,28.2,28.4,28.1
56,33.4,33.5,33.5,33.8,34.0,33.9,34.1,34.2,34.5,34.6,34.7,34.9,34.9,35.2,35.4,35.5,35.7,36.0,36.1,36.3,36.5,36.7,37.1,37.2,37.6,37.8,38.2,38.2,38.3,38.5,38.7,38.4,37.9,36.7,35.4,35.0,36.8,39.7,41.3,41.6,41.6,41.8,41.9,42.0,42.3,42.4,43.0,43.3,44.1,45.1,46.4,47.0,47.4,47.8,47.9,48.1,48.0,48.1,48.1,48.1,48.1,48.2,48.5,48.7,48.7,48.9,48.8,48.9,48.5,48.4,48.2,48.3,48.1,47.7,47.8,47.9,48.0,48.2,48.2,48.4,48.2,48.2,48.2,48.2,48.3,48.1,48.3,48.4,48.3,48.1,48.4,48.4,48.2,48.1,48.4,48.2,48.1,48.2,48.2,48.1,48.1,47.8,47.2,46.9,46.7,46.7,46.6,46.5,46.4,46.4,46.3,46.3,46.2,46.1,46.0,45.8,45.9,45.7,45.7,45.6,45.5,45.3,45.3,45.4,45.7,45.7,45.2,44.9,44.8,44.5,44.2,43.8,43.5,43.2,42.9,42.6,40.3,37.9,36.2,35.1,34.4,33.6,33.2,32.6,32.1,31.9,31.5,31.2,31.0,30.7,30.3,30.4,30.1,30.0,29.9,29.9,29.5,29.7,29.6,29.5,29.3,29.4,29.3,29.2,29.2,29.1,29.2,29.1,28.9,29.0,28.7,28.8,28.7,28.7,28.8,28.7,28.6,28.6,28.6,28.6,28.5,28.5,28.5,28.6,28.5,28.5,28.3,28.3,28.2,28.3,28.3,28.2
57,33.4,33.7,33.8,33.8,33.9,34.0,34.3,34.2,34.5,34.7,34.8,34.9,35.0,35.3,35.4,35.6,35.9,36.0,36.0,36.3,36.6,36.8,36.9,37.3,37.6,37.8,38.2,38.3,38.4,38.5,38.7,38.6,38.4,37.3,35.9,35.5,37.4,40.3,41.5,42.0,42.1,42.3,42.3,42.6,42.7,42.9,43.3,43.5,44.3,45.2,46.4,47.1,47.8,48.0,48.2,48.3,48.2,47.9,47.9,48.0,48.1,48.3,48.5,48.8,48.9,49.0,48.7,48.7,48.5,48.3,48.3,48.2,48.1,47.7,47.7,47.8,48.1,48.1,48.2,48.3,48.2,48.4,48.3,48.4,48.2,48.2,48.4,48.2,48.2,48.2,48.3,48.3,48.3,48.3,48.3,48.2,48.2,48.2,48.2,48.3,48.1,47.9,47.4,46.9,46.8,46.7,46.6,46.5,46.5,46.4,46.3,46.4,46.1,46.0,45.9,45.8,45.8,45.8,45.6,45.6,45.3,45.3,45.4,45.5,45.7,45.7,45.2,45.0,44.7,44.3,44.0,43.9,43.4,42.9,42.9,42.5,40.4,37.9,36.2,35.2,34.3,33.7,33.2,32.6,32.2,31.8,31.6,31.2,30.9,30.6,30.5,30.5,30.2,30.1,30.0,29.7,29.8,29.6,29.5,29.5,29.4,29.4,29.3,29.1,29.1,29.1,29.0,29.0,28.9,28.9,28.9,28.9,28.7,28.7,28.7,28.5,28.7,28.5,28.7,28.5,28.4,28.5,28.4,28.5,28.5,28.5,28.2,28.3,28.3,28.3,28.2,28.5
58,33.5,33.8,33.9,33.9,34.0,34.1,34.4,34.6,34.7,34.6,35.0,35.0,35.2,35.4,35.6,35.9,35.8,36.2,36.2,36.6,36.6,36.9,37.2,37.5,37.8,38.0,38.3,38.5,38.5,38.7,38.8,38.9,38.8,38.2,37.2,36.7,38.3,41.0,42.2,42.7,43.0,43.1,43.2,43.6,43.7,43.8,44.1,44.4,44.8,45.8,46.7,47.3,47.9,48.3,48.4,48.4,48.4,48.2,48.0,48.0,48.0,48.1,48.5,48.7,48.8,48.8,48.8,48.7,48.6,48.6,48.3,48.2,48.1,47.7,47.7,47.9,48.1,48.3,48.5,48.5,48.4,48.4,48.4,48.5,48.5,48.5,48.4,48.4,48.4,48.4,48.4,48.3,48.5,48.4,48.4,48.4,48.4,48.4,48.4,48.3,48.2,48.0,47.4,47.2,46.9,46.9,46.8,46.7,46.7,46.7,46.5,46.5,46.2,46.3,46.2,46.0,46.1,45.9,45.8,45.8,45.7,45.5,45.5,45.5,45.8,45.8,45.5,45.1,44.8,44.5,44.2,43.8,43.5,43.0,43.0,42.5,40.4,38.0,36.4,35.3,34.5,33.6,33.2,32.7,32.3,32.0,31.5,31.3,31.1,30.8,30.6,30.5,30.2,30.1,30.0,29.9,29.8,29.6,29.7,29.6,29.3,29.3,29.2,29.2,29.2,29.3,29.1,29.0,28.9,28.9,28.9,28.7,28.9,28.9,28.7,28.6,28.7,28.7,28.6,28.5,28.4,28.5,28.4,28.6,28.3,28.4,28.3,28.4,28.3,28.4,28.3,28.2
59,33.7,34.0,33.9,34.1,34.1,34.3,34.3,34.6,34.7,35.0,34.9,35.1,35.3,35.4,35.7,35.7,35.9,36.2,36.3,36.6,36.8,37.2,37.3,37.6,37.9,38.1,38.3,38.6,38.8,38.9,39.2,39.3,39.3,39.2,38.5,38.3,39.4,41.5,42.6,43.3,43.9,44.2,44.5,44.7,44.9,44.9,45.1,45.3,45.6,46.0,46.7,47.2,48.0,48.3,48.4,48.4,48.4,48.4,48.1,48.2,48.1,48.3,48.3,48.6,48.6,48.8,48.6,48.5,48.6,48.4,48.5,48.2,48.3,47.9,47.5,47.8,48.2,48.3,48.4,48.4,48.4,48.4,48.4,48.5,48.6,48.5,48.5,48.4,48.4,48.4,48.5,48.6,48.5,48.6,48.4,48.4,48.4,48.5,48.3,48.4,48.3,48.0,47.6,47.4,47.1,47.1,46.9,46.9,46.8,46.8,46.8,46.6,46.4,46.5,46.2,46.1,46.0,45.9,45.8,45.8,45.7,45.6,45.6,45.7,45.9,45.9,45.4,45.0,44.7,44.5,44.1,43.8,43.4,43.0,42.7,42.4,40.5,38.1,36.4,35.3,34.5,33.8,33.4,32.7,32.3,31.9,31.7,31.3,31.1,30.9,30.5,30.6,30.1,30.0,30.2,29.9,29.9,29.8,29.6,29.5,29.5,29.3,29.3,29.2,29.2,29.2,29.1,29.0,29.0,28.9,28.9,28.9,28.7,28.7,28.8,28.6,28.6,28.4,28.5,28.5,28.3,28.4,28.5,28.5,28.5,28.3,28.5,28.4,28.3,28.4,28.1,28.3
60,33.8,34.0,34.1,34.1,34.4,34.4,34.6,34.7,34.9,35.0,35.2,35.4,35.5,35.6,35.8,35.9,36.3,36.3,36.4,36.9,36.9,37.1,37.4,37.9,38.1,38.3,38.7,38.8,39.0,39.3,39.5,39.7,39.9,39.8,39.7,39.2,39.6,40.9,42.6,43.9,44.8,45.3,45.5,45.9,45.9,46.1,46.2,46.2,46.3,46.6,47.0,47.4,47.9,48.3,48.3,48.4,48.2,48.4,48.3,48.2,48.4,48.3,48.2,48.3,48.4,48.4,48.3,48.4,48.5,48.5,48.4,48.4,48.5,48.4,48.2,48.3,48.4,48.6,48.5,48.5,48.5,48.4,48.5,48.7,48.7,48.7,48.7,48.6,48.6,48.7,48.8,48.7,48.6,48.6,48.7,48.5,48.5,48.7,48.5,48.4,48.3,48.1,47.9,47.6,47.3,47.4,47.3,47.2,47.1,47.0,47.0,46.9,46.7,46.7,46.6,46.5,46.4,46.3,46.2,46.1,45.9,45.8,45.8,45.8,46.0,46.0,45.4,45.2,44.9,44.5,44.1,43.8,43.6,43.0,42.7,42.5,40.5,38.2,36.5,35.4,34.4,33.9,33.4,32.9,32.5,32.1,31.6,31.4,31.2,30.9,30.7,30.5,30.4,30.1,30.1,29.9,29.9,29.7,29.6,29.6,29.5,29.5,29.4,29.3,29.3,29.0,29.1,29.2,28.9,28.9,28.8,28.8,28.8,29.0,28.8,28.8,28.8,28.6,28.5,28.6,28.5,28.4,28.4,28.5,28.5,28.6,28.3,28.5,28.2,28.3,28.4,28.3
61,33.0,33.7,33.9,34.3,34.4,34.6,34.8,34.9,35.0,35.2,35.3,35.6,35.6,35.8,35.9,36.2,36.2,36.5,36.7,36.8,37.1,37.3,37.7,37.8,38.2,38.5,38.8,38.9,39.3,39.5,39.7,39.7,39.7,39.8,39.7,39.2,39.2,40.1,41.7,43.7,45.5,46.2,46.4,46.7,46.8,47.0,46.9,46.9,46.9,47.0,47.1,47.7,48.0,48.3,48.2,48.3,48.3,48.3,48.2,48.4,48.4,48.5,48.4,48.3,48.4,48.5,48.2,48.2,48.4,48.4,48.4,48.5,48.6,48.4,48.6,48.5,48.5,48.6,48.7,48.6,48.6,48.5,48.5,48.6,48.7,48.7,48.6,48.7,48.7,48.7,48.8,48.6,48.7,48.6,48.7,48.5,48.6,48.5,48.6,48.5,48.6,48.4,48.1,47.9,47.8,47.7,47.6,47.6,47.5,47.4,47.3,47.3,47.1,46.9,46.8,46.9,46.6,46.7,46.5,46.3,46.3,46.2,46.2,46.2,46.3,46.2,45.5,45.1,45.0,44.6,44.1,43.9,43.4,42.8,42.8,42.7,40.6,38.4,36.5,35.4,34.7,33.8,33.4,32.9,32.4,32.0,31.7,31.4,31.1,30.9,30.5,30.6,30.4,30.2,30.1,29.9,29.8,29.8,29.5,29.5,29.4,29.4,29.6,29.4,29.1,29.0,29.1,29.1,29.1,29.1,28.9,28.8,28.8,28.7,28.7,28.6,28.7,28.6,28.6,28.5,28.5,28.4,28.6,28.5,28.4,28.4,28.5,28.5,28.1,28.1,28.3,28.4
62,32.7,33.1,33.8,34.2,34.4,34.6,35.0,35.0,35.2,35.4,35.5,35.7,35.8,36.0,36.2,36.4,36.5,36.5,36.8,36.9,37.2,37.5,37.5,37.9,38.0,38.4,38.5,38.9,39.0,39.3,39.5,39.6,39.5,39.8,39.4,39.1,39.2,40.0,41.5,43.6,45.6,46.5,46.7,46.9,46.9,47.0,47.1,47.3,47.2,47.2,47.4,47.6,48.1,48.3,48.4,48.4,48.5,48.6,48.5,48.7,48.8,48.8,48.7,48.6,48.6,48.6,48.5,48.4,48.5,48.6,48.6,48.5,48.7,48.6,48.7,48.6,48.7,48.6,48.6,48.7,48.6,48.9,48.7,48.9,48.7,48.8,48.8,48.7,48.9,48.7,48.7,48.8,48.8,48.7,48.7,48.7,48.7,48.7,48.7,48.6,48.6,48.6,48.4,48.4,48.3,48.2,48.2,48.0,47.9,47.9,47.8,47.8,47.7,47.4,47.3,47.1,47.1,46.9,46.9,46.6,46.5,46.6,46.6,46.5,46.5,46.4,45.7,45.3,45.0,44.7,44.3,44.0,43.4,42.9,42.8,42.7,40.6,38.4,36.7,35.6,34.5,34.0,33.4,32.9,32.5,32.2,31.7,31.3,31.3,31.1,30.8,30.7,30.5,30.3,30.2,30.0,29.8,29.9,29.7,29.6,29.5,29.5,29.5,29.4,29.5,29.2,29.1,29.0,29.2,28.8,28.9,28.9,28.8,28.9,28.8,28.8,28.8,28.7,28.6,28.6,28.7,28.5,28.5,28.6,28.4,28.5,28.3,28.3,28.3,28.4,28.2,28.3
63,32.4,32.7,33.5,34.2,34.6,34.7,34.9,35.0,35.3,35.2,35.4,35.6,35.7,35.9,36.1,36.2,36.3,36.6,36.5,36.8,36.9,37.0,37.0,37.4,37.8,38.0,38.2,38.3,38.6,38.8,38.9,39.1,39.3,39.4,39.2,39.0,39.3,40.1,41.7,43.8,45.9,46.7,46.8,47.0,46.9,47.1,47.4,47.4,47.5,47.5,47.7,47.7,48.1,48.4,48.7,48.8,48.7,48.8,49.0,49.3,49.5,49.5,49.4,49.3,49.2,49.0,48.9,48.9,48.8,48.8,48.7,48.6,48.7,48.8,48.8,48.7,48.7,48.7,48.7,48.7,48.7,48.7,48.9,48.9,48.9,48.9,49.0,48.9,48.9,48.8,48.9,48.8,48.9,49.0,48.8,48.9,48.9,48.9,48.9,48.6,48.7,48.8,48.7,48.7,48.6,48.5,48.5,48.5,48.4,48.3,48.2,48.0,47.9,47.8,47.4,47.7,47.3,47.2,47.1,47.0,46.9,46.9,46.8,46.7,46.4,46.3,45.7,45.2,45.0,44.6,44.2,43.9,43.5,43.0,42.8,42.5,40.7,38.4,36.7,35.6,34.5,34.0,33.4,33.0,32.6,32.2,31.8,31.5,31.2,31.1,30.9,30.8,30.4,30.4,30.0,30.0,30.0,29.7,29.7,29.6,29.6,29.5,29.5,29.3,29.4,29.1,29.1,29.0,29.0,28.9,29.0,28.8,28.9,28.8,28.9,28.9,28.6,28.7,28.7,28.5,28.6,28.5,28.5,28.5,28.6,28.5,28.3,28.3,28.3,28.4,28.5,28.3
64,32.2,32.4,33.0,33.6,34.1,34.4,34.4,34.6,34.7,34.9,35.0,35.2,35.2,35.1,35.4,35.5,35.7,35.9,35.9,36.2,36.2,36.3,36.4,36.6,36.8,37.1,37.3,37.4,37.5,37.9,38.1,38.2,38.4,38.6,38.6,39.0,39.3,40.4,41.9,44.0,45.9,46.6,46.9,46.9,46.9,47.0,47.1,47.3,47.3,47.3,47.5,47.9,48.3,48.6,48.8,49.0,49.0,49.0,49.5,49.8,50.3,50.3,50.1,50.0,49.5,49.4,49.3,49.1,48.9,48.9,48.8,48.7,48.7,48.7,48.8,48.8,48.6,48.8,48.8,48.8,48.8,48.9,48.9,48.9,48.8,48.9,48.9,49.1,49.0,48.9,49.0,49.0,49.0,48.9,48.9,49.0,48.9,48.9,48.9,48.8,48.6,48.8,48.7,48.7,48.8,48.6,48.6,48.6,48.5,48.5,48.3,48.2,48.1,47.9,47.8,47.5,47.4,47.3,47.2,47.2,46.9,46.9,46.7,46.9,46.5,46.2,45.6,45.3,45.1,44.5,44.2,43.8,43.5,43.0,42.6,42.5,40.8,38.5,36.6,35.5,34.7,34.0,33.5,33.1,32.6,32.2,31.8,31.5,31.2,31.0,30.8,30.8,30.5,30.3,30.2,30.0,29.9,29.8,29.6,29.7,29.5,29.5,29.4,29.2,29.2,29.1,29.1,29.0,29.0,28.8,29.0,28.9,28.8,28.8,28.8,28.7,28.5,28.6,28.5,28.5,28.6,28.4,28.3,28.5,28.4,28.2,28.3,28.4,28.4,28.3,28.4,28.3
65,32.2,32.4,32.6,33.0,33.5,33.7,33.8,33.7,34.0,34.1,34.3,34.4,34.5,34.5,34.7,34.8,35.1,35.1,35.3,35.6,35.8,35.9,36.0,36.2,36.3,36.7,36.8,36.9,37.0,37.5,37.6,37.9,38.2,38.4,38.6,38.9,39.4,40.4,42.2,44.5,46.2,46.7,46.9,46.8,46.9,47.0,47.3,47.3,47.2,47.4,47.8,48.1,48.7,48.9,49.3,49.5,49.7,49.5,49.8,50.3,51.0,51.3,50.9,50.6,49.9,49.7,49.4,49.3,49.1,49.1,48.8,48.8,48.8,48.8,48.8,48.8,48.8,48.7,49.0,48.9,49.0,48.9,49.0,49.0,49.0,49.1,49.2,49.1,49.1,49.0,49.2,49.2,49.1,49.2,49.0,49.0,49.2,49.0,49.0,49.0,48.8,48.9,48.8,48.8,48.8,48.7,48.7,48.6,48.4,48.3,48.3,48.2,48.0,47.8,47.7,47.5,47.3,47.3,47.1,47.0,46.9,46.8,46.7,46.5,46.4,46.1,45.5,45.2,44.9,44.5,44.2,43.7,43.4,42.9,42.6,42.7,40.9,38.6,36.7,35.5,34.6,34.1,33.6,33.1,32.5,32.1,31.7,31.5,31.3,31.0,30.9,30.7,30.5,30.2,30.3,30.2,30.0,29.7,29.7,29.6,29.6,29.5,29.7,29.2,29.3,29.3,29.2,29.3,29.0,29.0,29.0,28.9,28.8,28.8,28.9,28.8,28.7,28.6,28.6,28.6,28.6,28.5,28.5,28.5,28.5,28.5,28.3,28.4,28.3,28.5,28.5,28.4
66,32.1,32.2,32.5,32.7,32.8,33.0,33.3,33.6,33.7,33.8,34.0,34.1,34.2,34.5,34.4,34.8,34.9,35.1,35.3,35.6,35.9,36.0,36.0,36.5,36.6,36.9,37.0,37.1,37.3,37.6,37.6,38.1,38.2,38.6,38.7,39.0,39.5,40.7,42.4,44.6,46.3,46.7,46.7,46.9,47.1,47.1,47.0,47.3,47.4,47.6,47.9,48.2,48.9,49.7,50.0,50.0,50.0,49.9,50.1,50.5,51.1,51.4,51.0,50.6,50.0,49.7,49.3,49.3,49.2,49.0,49.0,48.9,48.9,48.8,48.8,48.9,48.9,48.8,49.0,49.0,49.0,48.9,49.1,49.2,49.3,49.1,49.3,49.3,49.2,49.2,49.3,49.3,49.2,49.4,49.2,49.3,49.2,49.1,49.0,49.0,48.9,49.0,48.9,48.8,48.8,48.8,48.6,48.6,48.4,48.5,48.2,48.1,48.0,47.9,47.7,47.5,47.4,47.2,47.0,47.0,46.9,46.8,46.8,46.5,46.4,46.2,45.5,45.1,44.9,44.5,44.1,43.8,43.6,43.0,42.8,42.7,41.1,38.7,36.9,35.7,34.6,34.1,33.6,33.0,32.5,32.3,31.9,31.5,31.4,31.2,30.8,30.7,30.5,30.3,30.4,30.2,29.9,29.9,29.7,29.5,29.5,29.5,29.6,29.3,29.3,29.3,29.3,29.1,29.0,29.1,29.0,29.0,29.0,28.7,28.8,28.6,28.8,28.7,28.6,28.7,28.5,28.4,28.3,28.6,28.6,28.5,28.5,28.3,28.5,28.3,28.3,28.3
67,32.1,32.3,32.4,32.7,32.9,33.0,33.3,33.5,33.6,33.8,33.8,34.2,34.4,34.8,34.9,35.1,35.2,35.5,35.8,36.0,36.2,36.6,37.0,37.0,37.2,37.6,37.5,37.8,37.9,37.9,38.0,38.4,38.8,38.5,38.9,39.0,39.7,40.8,42.6,44.7,46.1,46.6,46.8,46.8,46.8,47.0,47.2,47.3,47.6,47.6,48.0,48.5,49.2,50.1,50.5,50.7,50.2,50.0,50.0,50.3,50.8,50.8,50.8,50.4,50.0,49.6,49.4,49.2,49.1,49.1,48.9,49.0,48.8,48.8,48.8,48.9,48.9,49.0,49.0,49.1,49.1,49.1,49.1,49.3,49.3,49.4,49.4,49.3,49.3,49.3,49.4,49.4,49.4,49.4,49.4,49.3,49.4,49.2,49.1,49.1,49.0,49.2,49.2,48.9,49.0,48.9,48.9,48.7,48.4,48.5,48.3,48.1,47.9,47.8,47.7,47.5,47.3,47.4,47.0,47.0,46.9,46.8,46.7,46.5,46.2,45.9,45.5,45.1,44.9,44.4,44.2,43.7,43.5,43.1,42.9,42.6,40.9,38.5,36.8,35.6,34.7,34.1,33.6,33.3,32.6,32.2,31.8,31.5,31.2,31.1,30.8,30.7,30.6,30.3,30.4,30.1,30.0,29.7,29.8,29.5,29.5,29.5,29.4,29.3,29.4,29.3,29.3,29.2,29.1,29.1,28.9,28.9,28.9,28.8,28.9,28.7,28.7,28.7,28.6,28.7,28.7,28.7,28.6,28.6,28.5,28.4,28.4,28.5,28.5,28.4,28.5,28.3
68,32.2,32.4,32.4,32.6,32.7,33.1,33.3,33.6,33.9,34.3,34.4,34.7,35.1,35.4,35.6,35.9,36.1,36.4,36.6,37.1,37.3,37.5,37.8,37.9,38.2,38.5,38.5,38.6,38.5,38.6,38.8,39.1,39.2,39.2,39.0,39.3,39.9,40.9,42.7,44.8,46.2,46.5,46.8,46.8,46.8,46.9,47.1,47.2,47.4,47.7,48.0,48.6,49.5,50.3,50.7,50.6,50.4,50.0,49.9,50.0,50.3,50.3,50.3,50.0,49.7,49.5,49.4,49.4,49.2,49.1,49.1,48.9,48.9,49.0,48.9,48.8,49.0,48.9,49.0,49.2,49.2,49.3,49.5,49.4,49.6,49.5,49.6,49.6,49.7,49.5,49.7,49.6,49.7,49.7,49.6,49.6,49.7,49.6,49.5,49.6,49.4,49.4,49.2,49.3,49.2,49.1,49.0,49.0,48.6,48.4,48.2,48.1,48.0,47.9,47.6,47.4,47.3,47.2,47.1,46.9,46.9,46.8,46.6,46.5,46.2,46.1,45.4,45.0,44.8,44.3,44.0,43.7,43.5,43.1,42.7,42.7,41.0,38.6,37.0,35.8,34.7,34.1,33.7,33.0,32.7,32.2,32.0,31.6,31.4,31.2,30.8,30.9,30.5,30.4,30.1,30.1,30.0,29.9,29.8,29.7,29.5,29.4,29.4,29.4,29.3,29.2,29.3,29.3,29.1,28.9,29.1,28.9,28.8,28.8,29.0,28.7,28.8,28.6,28.7,28.7,28.5,28.5,28.6,28.7,28.4,28.3,28.3,28.4,28.4,28.3,28.4,28.4
69,32.4,32.7,32.6,32.9,33.2,33.5,33.7,34.1,34.4,34.9,35.2,35.5,35.9,36.3,36.7,37.0,37.3,37.5,37.7,38.2,38.5,38.4,38.6,38.9,38.9,39.2,39.2,39.1,39.0,39.1,39.2,39.3,39.8,40.0,39.9,39.6,40.1,41.1,42.7,44.6,46.1,46.4,46.5,46.6,46.6,46.6,46.9,47.1,47.3,47.7,48.1,48.8,49.5,50.3,50.7,50.7,50.2,50.0,50.0,50.2,50.4,50.4,50.3,50.1,49.8,49.6,49.5,49.2,49.1,49.0,49.0,48.9,49.0,49.0,49.0,49.0,49.1,49.2,49.0,49.2,49.3,49.3,49.6,49.7,49.8,49.7,49.8,49.7,49.8,49.8,49.9,49.9,49.9,49.9,50.0,50.0,49.9,49.8,49.9,49.8,49.8,49.8,49.7,49.5,49.7,49.7,49.3,49.2,48.8,48.6,48.3,48.2,48.0,47.9,47.7,47.4,47.3,47.2,47.0,46.8,46.8,46.8,46.6,46.5,46.3,46.0,45.3,44.9,44.7,44.3,44.0,43.7,43.5,43.2,42.9,42.7,41.1,38.8,37.0,35.7,34.8,34.1,33.7,33.3,32.7,32.2,32.0,31.5,31.4,31.2,30.8,30.8,30.5,30.5,30.1,30.2,30.1,29.9,29.7,29.7,29.6,29.6,29.5,29.3,29.3,29.3,29.2,29.1,29.0,29.1,29.0,29.0,28.8,28.8,28.9,28.7,28.8,28.7,28.6,28.6,28.4,28.4,28.5,28.5,28.4,28.4,28.5,28.5,28.3,28.3,28.3,28.3
70,32.7,32.8,33.1,33.4,33.5,34.1,34.5,34.9,35.3,35.9,36.1,36.4,36.9,37.1,37.5,37.6,38.0,38.1,38.2,38.5,38.7,38.9,39.0,39.2,39.2,39.3,39.3,39.3,39.2,39.0,39.2,39.5,39.9,40.3,40.4,40.0,40.4,41.1,42.3,44.0,45.2,45.3,45.6,45.7,45.7,45.9,46.2,46.5,46.9,47.4,47.9,48.4,49.2,49.9,50.3,50.5,50.3,50.0,50.1,50.5,51.0,51.2,50.8,50.3,49.9,49.4,49.3,49.3,49.1,49.1,48.8,48.9,49.1,48.8,48.9,49.0,49.1,49.0,49.2,49.3,49.4,49.7,49.8,50.0,50.2,50.2,50.3,50.2,50.2,50.3,50.3,50.3,50.3,50.5,50.6,50.5,50.5,50.5,50.3,50.3,50.2,50.2,50.1,50.2,50.2,50.2,50.0,49.6,49.2,48.8,48.4,48.2,48.1,48.1,47.6,47.5,47.3,47.3,47.1,46.9,46.8,46.7,46.6,46.5,46.3,46.0,45.4,45.0,44.8,44.3,44.1,43.9,43.6,43.3,43.0,42.7,41.1,38.8,37.0,35.9,34.9,34.3,33.7,33.2,32.8,32.5,32.0,31.5,31.4,31.0,31.0,30.7,30.5,30.5,30.3,30.2,30.1,29.9,29.8,29.6,29.6,29.4,29.2,29.3,29.3,29.3,29.3,29.1,29.2,29.2,28.9,28.9,28.9,28.8,28.8,28.7,28.8,28.6,28.6,28.5,28.7,28.6,28.5,28.5,28.5,28.5,28.3,28.5,28.4,28.3,28.3,28.5
71,33.0,33.4,33.6,34.1,34.6,35.0,35.4,35.7,36.3,36.4,36.7,36.9,37.2,37.4,37.6,38.0,38.2,38.3,38.6,38.7,38.9,39.2,39.3,39.6,39.4,39.5,39.5,39.4,39.5,39.4,39.2,39.5,40.0,40.5,40.8,40.8,41.1,41.3,42.0,43.1,43.8,44.0,44.2,44.5,44.7,44.9,45.2,45.7,46.3,47.0,47.7,48.2,48.8,49.5,49.9,50.1,50.0,50.0,50.2,50.7,51.2,51.5,51.1,50.5,49.8,49.5,49.3,49.1,48.9,49.0,48.9,48.9,48.9,48.9,48.9,49.1,49.2,49.2,49.3,49.5,49.5,49.9,50.2,50.4,50.6,50.4,50.5,50.5,50.5,50.6,50.8,50.8,50.9,50.8,50.9,50.9,50.9,50.8,50.8,50.9,50.9,50.8,50.8,50.6,50.8,50.7,50.5,50.1,49.3,48.8,48.6,48.2,48.0,47.9,47.6,47.4,47.4,47.3,47.0,46.9,46.8,46.7,46.6,46.4,46.2,46.1,45.4,45.1,44.9,44.4,44.1,44.0,43.7,43.3,43.1,42.8,41.2,38.9,37.2,35.7,35.0,34.1,33.8,33.2,32.9,32.3,32.1,31.6,31.6,31.2,31.0,30.8,30.5,30.5,30.2,30.3,30.2,29.9,29.9,29.8,29.7,29.7,29.5,29.5,29.4,29.3,29.3,29.0,29.3,29.0,29.2,29.0,29.0,28.8,28.8,28.8,28.7,28.8,28.6,28.6,28.5,28.6,28.5,28.6,28.5,28.4,28.4,28.3,28.5,28.4,28.3,28.3
72,33.8,34.2,34.6,35.0,35.5,35.8,35.9,36.1,36.3,36.6,36.9,37.1,37.4,37.7,38.0,38.0,38.3,38.5,38.7,39.0,39.1,39.3,39.4,39.4,39.6,39.5,39.6,39.7,39.5,39.4,39.5,39.5,39.8,40.3,40.5,40.9,41.5,41.9,42.0,42.1,42.3,42.5,42.6,43.2,43.4,43.7,43.9,44.8,45.6,46.4,47.2,47.7,48.3,48.8,49.1,49.6,49.5,49.5,49.8,50.4,50.9,51.2,50.8,50.4,49.8,49.3,49.1,49.2,48.8,48.8,48.9,48.9,48.9,48.9,49.0,49.0,49.1,49.2,49.3,49.5,49.8,49.9,50.4,50.6,50.7,50.6,50.7,50.8,50.7,50.8,50.8,50.8,50.9,50.9,51.0,50.9,51.1,51.2,51.0,51.1,51.2,51.1,51.0,51.1,50.9,50.9,50.6,50.2,49.6,49.1,48.5,48.3,48.0,47.9,47.8,47.5,47.4,47.2,46.9,46.9,46.9,46.7,46.5,46.5,46.3,45.9,45.3,44.9,44.6,44.4,44.1,44.0,43.7,43.5,42.9,42.8,41.2,39.0,37.2,35.9,34.9,34.3,33.8,33.3,32.9,32.4,32.1,31.6,31.5,31.3,31.0,30.8,30.6,30.5,30.2,30.1,30.2,29.9,29.8,29.7,29.7,29.6,29.5,29.5,29.4,29.2,29.3,29.2,29.1,29.2,29.0,29.0,28.8,28.8,28.9,28.7,28.7,28.6,28.7,28.8,28.6,28.5,28.6,28.7,28.7,28.5,28.5,28.5,28.4,28.5,28.3,28.3
73,34.6,35.1,35.2,35.4,35.7,36.0,36.1,36.5,36.6,37.0,37.0,37.4,37.6,37.8,38.2,38.2,38.6,38.7,38.9,39.2,39.3,39.6,39.4,39.7,39.6,39.8,39.7,39.8,39.7,39.5,39.5,39.5,39.7,39.7,39.7,40.5,41.6,42.0,41.7,41.5,41.2,41.2,41.6,42.5,42.8,43.1,43.6,44.2,45.2,46.2,47.1,47.7,48.0,48.5,48.7,48.9,49.0,49.3,49.4,49.8,50.1,50.4,50.2,49.9,49.4,49.2,49.1,49.1,48.8,48.9,49.0,49.0,49.1,48.9,49.2,49.0,49.2,49.3,49.4,49.4,49.8,50.1,50.5,50.8,50.8,50.7,50.8,50.8,50.9,50.8,51.0,51.1,51.0,51.0,51.1,51.1,51.2,51.2,51.2,51.3,51.3,51.4,51.3,51.0,50.9,51.0,50.7,50.3,49.7,49.1,48.5,48.3,48.1,47.9,47.7,47.5,47.4,47.2,46.9,46.9,46.8,46.8,46.5,46.5,46.3,46.0,45.4,44.9,44.8,44.4,44.1,43.9,43.8,43.2,43.0,42.6,41.3,39.1,37.3,36.0,35.0,34.4,33.8,33.3,33.0,32.5,32.2,31.7,31.4,31.1,31.0,31.0,30.6,30.5,30.3,30.3,30.2,29.9,29.9,29.9,29.7,29.5,29.5,29.4,29.3,29.4,29.2,29.1,29.2,29.0,29.1,28.9,28.9,28.8,28.9,28.8,28.8,28.7,28.7,28.7,28.6,28.5,28.6,28.6,28.6,28.4,28.6,28.4,28.3,28.5,28.5,28.3
74,35.0,35.3,35.6,35.7,35.8,36.2,36.1,36.4,36.6,37.0,37.2,37.3,37.8,38.1,38.2,38.4,38.7,38.8,39.0,39.3,39.5,39.6,39.7,39.7,39.8,39.8,39.8,39.9,39.7,39.6,39.6,39.5,39.6,39.6,39.5,40.5,41.5,41.7,41.7,41.4,41.3,41.5,41.9,42.4,42.7,42.8,43.3,43.8,44.9,46.0,47.0,47.5,47.9,48.1,48.3,48.5,48.7,48.7,48.9,49.1,49.4,49.4,49.3,49.3,49.2,49.2,48.9,48.9,48.9,49.0,48.9,49.0,49.0,48.9,49.2,49.1,49.2,49.2,49.4,49.6,49.9,50.3,50.5,51.0,50.9,50.9,50.7,50.8,50.8,50.8,51.0,51.0,51.0,51.0,51.1,51.1,51.0,51.2,51.2,51.2,51.3,51.3,51.2,51.1,51.1,51.0,50.9,50.3,49.7,49.1,48.5,48.3,47.9,47.9,47.6,47.5,47.4,47.2,47.1,46.9,46.9,46.6,46.5,46.3,46.3,46.0,45.4,45.0,44.8,44.3,44.1,43.9,43.6,43.1,42.8,42.7,41.2,39.1,37.3,36.0,35.1,34.4,33.8,33.3,33.0,32.6,32.0,31.9,31.7,31.4,31.0,30.7,30.5,30.5,30.5,30.2,30.2,30.0,30.0,29.7,29.7,29.7,29.6,29.3,29.5,29.2,29.3,29.3,29.2,29.0,29.1,28.9,28.9,28.9,28.7,28.9,28.8,28.7,28.6,28.7,28.7,28.5,28.6,28.5,28.5,28.5,28.6,28.4,28.4,28.5,28.4,28.3
75,35.2,35.5,35.6,35.8,35.8,36.2,36.3,36.5,36.7,37.0,37.4,37.5,37.7,37.9,38.1,38.4,38.7,38.9,39.1,39.4,39.4,39.7,39.9,40.0,39.9,40.0,39.9,40.0,39.9,39.9,39.8,39.7,39.6,39.7,39.6,40.6,41.6,41.7,41.6,41.3,40.8,41.0,41.5,42.4,42.6,42.8,43.1,43.9,44.6,45.9,46.9,47.4,47.7,48.0,48.2,48.3,48.4,48.5,48.6,48.7,48.8,48.9,49.0,48.8,49.0,48.9,48.9,48.9,48.9,48.9,48.9,48.9,49.0,49.0,49.1,49.0,49.1,49.2,49.3,49.7,49.8,50.3,50.7,50.9,51.0,51.0,50.8,50.8,50.9,50.9,51.0,50.9,51.2,51.1,51.1,51.2,51.2,51.3,51.2,51.3,51.3,51.3,51.2,51.2,51.1,51.1,50.8,50.4,49.7,49.1,48.4,48.3,48.0,47.9,47.5,47.4,47.4,47.2,47.0,46.9,46.6,46.6,46.5,46.4,46.3,45.8,45.4,45.0,44.6,44.3,44.0,43.8,43.5,43.1,42.8,42.7,41.2,39.0,37.5,35.9,35.1,34.3,33.8,33.4,32.8,32.6,32.2,31.8,31.5,31.4,31.0,30.9,30.6,30.5,30.3,30.2,30.1,30.1,29.8,29.9,29.7,29.6,29.6,29.3,29.4,29.4,29.2,29.2,29.0,29.1,29.1,29.0,29.0,28.9,28.9,28.8,28.7,28.8,28.7,28.7,28.6,28.5,28.4,28.5,28.4,28.4,28.3,28.5,28.3,28.2,28.3,28.4
76,35.2,35.5,35.6,35.9,36.0,36.3,36.4,36.7,36.9,37.1,37.3,37.5,37.7,38.0,38.1,38.5,38.6,38.9,39.1,39.4,39.6,39.8,39.8,39.8,39.9,40.1,40.0,39.9,40.0,40.1,39.9,39.9,39.8,39.9,39.8,40.6,41.7,41.8,41.6,41.4,41.2,41.6,41.6,42.3,42.7,42.7,43.1,43.8,44.7,45.9,46.7,47.4,47.7,48.0,48.1,48.2,48.4,48.4,48.5,48.5,48.6,48.7,48.8,48.8,48.8,48.8,48.8,48.8,48.7,49.0,48.9,48.9,48.9,49.0,49.1,49.1,49.1,49.2,49.4,49.6,49.8,50.2,50.7,50.9,51.3,51.1,51.0,50.9,50.9,50.9,51.1,51.2,51.2,51.1,51.1,51.1,51.2,51.3,51.3,51.2,51.3,51.4,51.2,51.2,51.2,51.1,50.8,50.4,49.6,49.0,48.6,48.2,48.2,47.9,47.7,47.5,47.4,47.2,47.0,46.9,46.7,46.6,46.5,46.3,46.2,46.0,45.4,45.1,44.8,44.3,44.0,43.9,43.5,42.9,42.7,42.6,41.3,39.1,37.3,35.9,35.1,34.4,33.8,33.2,33.0,32.5,32.3,31.9,31.6,31.4,31.2,30.9,30.7,30.5,30.4,30.4,30.1,30.1,29.9,29.8,29.8,29.7,29.6,29.5,29.4,29.4,29.3,29.1,29.3,29.1,29.1,29.0,29.0,28.9,28.9,28.8,28.7,28.7,28.7,28.7,28.6,28.6,28.6,28.6,28.7,28.6,28.7,28.5,28.5,28.5,28.5,28.4
77,35.4,35.7,35.5,35.8,36.1,36.3,36.5,36.8,36.9,37.1,37.3,37.5,37.8,38.1,38.2,38.6,38.9,38.9,39.2,39.4,39.7,39.7,39.8,39.9,40.0,40.1,39.9,40.0,40.0,40.0,40.0,39.9,39.9,40.0,39.9,40.8,41.6,41.9,41.6,41.5,41.3,41.7,42.0,42.6,42.7,43.0,43.3,43.9,44.9,45.9,46.8,47.4,47.8,47.8,48.0,48.1,48.2,48.3,48.4,48.3,48.4,48.5,48.6,48.7,48.6,48.7,48.8,48.7,48.8,48.9,48.9,48.8,48.9,49.1,49.1,49.1,49.3,49.4,49.6,49.6,49.9,50.3,50.6,51.0,51.1,51.2,51.0,50.8,50.9,50.9,51.0,51.0,51.1,51.0,51.1,51.1,51.1,51.3,51.2,51.3,51.3,51.2,51.3,51.2,51.1,51.0,50.8,50.4,49.6,48.9,48.5,48.1,48.0,47.9,47.6,47.4,47.4,47.2,47.0,46.9,46.7,46.5,46.4,46.4,46.3,46.0,45.4,44.9,44.6,44.3,43.9,43.8,43.4,43.0,42.7,42.6,41.3,39.1,37.2,36.0,35.1,34.4,33.8,33.4,33.0,32.5,32.1,31.9,31.7,31.4,31.1,30.8,30.5,30.6,30.5,30.2,30.1,30.1,30.0,29.8,29.8,29.9,29.5,29.5,29.6,29.4,29.3,29.3,29.2,29.1,29.2,28.9,29.1,29.0,28.9,28.9,28.9,28.7,28.8,28.9,28.7,28.5,28.7,28.7,28.4,28.5,28.5,28.7,28.4,28.3,28.5,28.3
78,35.3,35.5,35.6,35.8,36.0,36.2,36.5,36.8,37.0,37.1,37.4,37.5,37.7,38.1,38.3,38.5,38.9,39.1,39.3,39.5,39.7,39.7,39.7,39.9,39.9,40.1,39.9,39.8,39.9,39.9,39.8,39.8,39.8,39.9,39.8,40.9,41.6,41.7,41.5,41.3,41.1,41.4,42.0,42.6,42.8,43.1,43.6,44.2,45.0,45.9,46.9,47.2,47.6,47.8,48.0,48.1,48.2,48.3,48.3,48.4,48.3,48.3,48.5,48.5,48.6,48.6,48.7,48.7,48.7,48.7,48.8,48.9,49.0,48.9,49.1,49.1,49.4,49.4,49.4,49.7,50.0,50.3,50.8,51.0,51.1,51.1,51.0,50.8,50.8,50.8,50.9,51.0,51.1,51.1,51.1,51.1,51.1,51.2,51.2,51.1,51.3,51.2,51.2,51.2,50.9,51.1,50.8,50.4,49.7,48.9,48.5,48.3,47.9,47.9,47.6,47.5,47.4,47.2,47.0,46.9,46.6,46.5,46.4,46.4,46.3,46.0,45.3,45.0,44.7,44.3,43.8,43.7,43.3,42.8,42.6,42.4,41.3,39.2,37.4,36.1,35.1,34.4,33.9,33.4,32.8,32.6,32.1,31.9,31.6,31.4,31.2,31.0,30.5,30.6,30.5,30.4,30.3,30.0,30.0,29.9,29.9,29.7,29.7,29.5,29.5,29.4,29.3,29.0,28.9,29.2,29.0,29.0,29.0,29.0,29.0,28.9,28.8,28.7,28.7,28.7,28.6,28.5,28.5,28.5,28.5,28.4,28.5,28.4,28.4,28.4,28.4,28.2
79,35.4,35.6,35.7,35.9,36.0,36.0,36.5,36.6,36.9,37.0,37.2,37.5,37.7,38.1,38.2,38.6,38.7,39.0,39.1,39.3,39.5,39.7,39.8,39.8,39.8,39.9,39.9,40.0,39.8,39.7,39.9,39.8,39.8,39.8,39.7,40.9,41.6,41.7,41.6,41.6,41.4,41.9,42.3,42.8,43.1,43.4,43.9,44.5,45.4,46.2,46.9,47.3,47.7,47.8,47.8,48.1,48.0,48.1,48.2,48.2,48.4,48.4,48.4,48.5,48.4,48.6,48.6,48.6,48.6,48.8,48.9,48.9,49.0,49.1,49.0,49.2,49.3,49.3,49.5,49.7,49.9,50.4,50.8,51.1,51.1,51.0,50.9,50.9,50.9,50.8,50.8,51.0,51.1,51.0,51.2,51.0,51.1,51.2,51.2,51.2,51.3,51.3,51.3,51.2,51.0,50.9,50.8,50.3,49.7,48.8,48.5,48.3,48.1,47.8,47.7,47.5,47.2,47.1,46.9,46.8,46.6,46.6,46.5,46.4,46.2,46.0,45.4,45.0,44.8,44.3,44.0,43.8,43.3,42.8,42.6,42.7,41.3,39.2,37.3,36.1,35.0,34.4,33.8,33.4,32.9,32.7,32.2,31.9,31.6,31.4,31.2,31.0,30.9,30.7,30.5,30.4,30.0,30.2,30.1,29.7,29.6,29.7,29.6,29.5,29.4,29.4,29.4,29.2,29.1,29.0,29.1,29.1,28.9,28.8,29.0,28.9,28.8,28.7,28.7,28.7,28.6,28.5,28.4,28.5,28.5,28.5,28.4,28.5,28.5,28.3,28.4,28.4
80,35.2,35.5,35.6,35.7,36.0,36.3,36.2,36.6,36.7,37.0,37.3,37.6,37.7,38.0,38.2,38.4,38.7,38.9,39.0,39.2,39.4,39.5,39.7,39.7,39.8,39.9,39.8,39.9,39.7,39.8,39.8,39.8,39.8,39.7,39.7,40.9,42.0,42.1,42.1,42.0,41.7,41.9,42.6,43.3,43.6,43.7,44.3,44.9,45.8,46.5,47.0,47.3,47.5,47.5,47.8,47.9,48.0,48.0,48.1,48.2,48.1,48.3,48.3,48.4,48.4,48.5,48.6,48.6,48.6,48.7,48.7,48.9,48.9,49.0,49.1,49.2,49.3,49.4,49.6,49.8,50.1,50.3,50.9,51.0,51.2,51.2,50.8,51.0,50.7,50.7,50.9,50.8,51.1,50.9,51.2,51.1,51.0,51.0,51.2,51.0,51.1,51.2,51.2,51.2,51.1,51.0,50.8,50.5,49.6,49.0,48.6,48.3,47.9,47.8,47.6,47.5,47.3,47.2,46.9,46.8,46.6,46.5,46.3,46.3,46.2,45.8,45.2,45.1,44.8,44.3,44.1,43.8,43.5,42.9,42.8,42.6,41.3,39.2,37.5,36.1,35.2,34.5,33.8,33.3,33.0,32.6,32.1,31.9,31.7,31.5,31.2,31.1,30.9,30.7,30.5,30.3,30.1,30.0,30.1,29.8,29.7,29.6,29.7,29.7,29.5,29.4,29.5,29.3,29.3,29.2,28.9,29.0,29.0,28.9,28.7,28.9,28.8,28.8,28.6,28.7,28.7,28.7,28.4,28.7,28.5,28.5,28.5,28.4,28.5,28.5,28.4,28.2
81,35.3,35.7,35.8,35.9,36.0,36.3,36.3,36.6,36.9,37.0,37.2,37.5,37.6,37.9,38.1,38.4,38.6,38.8,38.9,39.1,39.2,39.5,39.6,39.8,39.8,39.9,39.8,39.9,39.7,39.9,39.9,40.0,40.3,40.0,39.7,40.8,42.1,42.8,43.1,42.9,42.8,43.1,43.5,44.2,44.5,44.6,44.9,45.5,46.1,46.7,47.1,47.4,47.5,47.6,47.8,47.9,47.9,48.0,47.9,48.1,48.1,48.2,48.2,48.2,48.3,48.3,48.4,48.6,48.5,48.7,48.8,48.8,48.9,49.0,49.1,49.1,49.3,49.5,49.6,49.9,49.9,50.5,50.8,51.1,51.2,51.1,51.0,50.8,50.8,50.7,50.7,51.1,50.8,51.0,50.9,50.9,51.0,51.1,51.0,51.1,51.2,51.2,51.1,51.0,51.0,50.9,50.8,50.2,49.5,49.0,48.6,48.3,47.9,47.8,47.5,47.5,47.2,47.1,46.9,46.7,46.7,46.5,46.4,46.2,46.1,45.9,45.4,45.0,44.8,44.4,44.1,43.7,43.4,42.9,42.7,42.5,41.4,39.2,37.5,36.1,35.1,34.4,33.9,33.4,32.9,32.7,32.4,32.0,31.8,31.4,31.4,31.1,30.8,30.7,30.5,30.3,30.3,30.1,29.9,29.8,29.8,29.7,29.7,29.5,29.6,29.4,29.5,29.2,29.2,29.1,29.2,29.0,28.9,28.9,29.0,29.0,28.9,28.7,28.7,28.7,28.8,28.8,28.6,28.5,28.6,28.6,28.6,28.6,28.6,28.4,28.5,28.4
82,35.3,35.6,35.6,35.8,35.9,36.1,36.3,36.6,36.7,37.0,37.1,37.4,37.8,37.9,38.1,38.3,38.5,38.7,38.9,39.2,39.4,39.4,39.7,39.7,39.8,39.8,39.9,39.9,39.8,39.8,40.1,40.4,40.9,41.1,40.8,41.0,42.3,43.3,44.0,44.4,44.6,44.9,44.9,45.3,45.5,45.6,45.8,46.1,46.4,46.8,47.2,47.3,47.5,47.5,47.7,47.9,47.8,47.9,47.9,48.0,48.0,48.2,48.2,48.4,48.4,48.4,48.5,48.3,48.6,48.5,48.7,48.8,48.8,48.9,48.9,49.2,49.3,49.5,49.6,49.8,50.0,50.4,50.8,51.1,51.2,51.0,50.9,50.8,50.7,50.8,50.7,50.8,50.8,50.8,50.9,51.1,51.1,51.1,51.1,51.0,51.0,51.0,51.1,51.0,50.9,51.0,50.8,50.2,49.5,48.9,48.2,48.1,48.0,47.8,47.5,47.4,47.2,47.0,47.0,46.8,46.6,46.4,46.3,46.1,46.0,45.8,45.3,45.0,44.6,44.2,44.0,43.8,43.4,42.9,42.7,42.7,41.3,39.1,37.4,36.0,35.0,34.4,33.9,33.4,33.1,32.6,32.3,32.1,31.7,31.4,31.2,31.2,30.8,30.7,30.6,30.2,30.1,30.1,29.9,29.8,29.8,29.6,29.5,29.5,29.6,29.5,29.2,29.3,29.2,29.1,29.3,29.0,29.0,28.8,28.9,28.9,28.7,28.8,28.7,28.7,28.7,28.8,28.6,28.6,28.4,28.5,28.6,28.4,28.5,28.3,28.4,28.5
83,35.2,35.3,35.5,35.8,35.8,36.0,36.3,36.4,36.7,37.0,37.1,37.4,37.5,37.8,38.1,38.4,38.5,38.6,38.8,39.3,39.4,39.4,39.7,39.7,39.9,40.0,39.9,40.0,40.1,39.9,40.3,40.6,41.1,41.5,41.6,41.7,42.6,43.5,44.7,45.5,45.7,45.8,46.0,46.3,46.5,46.5,46.7,46.7,46.7,47.0,47.3,47.4,47.6,47.7,47.6,47.8,47.8,47.8,47.8,47.9,47.9,48.1,48.1,48.2,48.2,48.4,48.4,48.5,48.4,48.5,48.6,48.8,48.8,48.9,49.0,48.9,49.3,49.4,49.4,49.8,49.9,50.5,50.8,51.2,51.1,51.0,50.8,50.8,50.7,50.7,50.9,50.8,50.8,50.9,50.9,50.9,51.0,51.0,51.0,50.9,50.9,51.0,51.0,50.8,51.0,50.9,50.6,50.2,49.5,48.9,48.4,48.1,47.9,47.8,47.4,47.3,47.2,46.9,46.8,46.6,46.6,46.5,46.3,46.1,46.0,45.7,45.3,44.9,44.5,44.2,43.9,43.8,43.5,43.0,42.7,42.5,41.4,39.4,37.4,36.1,35.1,34.4,33.8,33.4,33.0,32.4,32.1,31.9,31.6,31.4,31.2,31.0,30.8,30.7,30.5,30.5,30.3,30.1,30.1,29.8,29.6,29.7,29.6,29.5,29.3,29.3,29.2,29.2,29.1,29.2,29.1,28.9,29.0,28.9,29.1,28.8,28.8,28.9,28.6,28.8,28.6,28.4,28.5,28.6,28.4,28.5,28.3,28.4,28.4,28.4,28.3,28.3
84,35.2,35.2,35.4,35.7,35.9,36.0,36.3,36.6,36.8,37.0,37.1,37.4,37.6,37.8,38.1,38.3,38.5,38.8,38.9,39.4,39.4,39.5,39.7,39.8,39.9,40.1,40.1,40.1,40.2,40.2,40.4,40.8,41.2,41.5,41.5,41.6,42.3,43.3,44.9,46.0,46.3,46.5,46.6,46.7,46.8,47.0,47.0,47.1,47.1,47.1,47.3,47.3,47.5,47.5,47.7,47.6,47.7,47.9,47.9,48.0,47.9,48.0,48.0,48.1,48.1,48.3,48.2,48.3,48.3,48.5,48.7,48.6,48.7,48.8,49.0,48.9,49.0,49.2,49.4,49.6,49.9,50.3,50.8,51.2,51.2,50.9,50.8,50.7,50.7,50.7,50.8,50.7,50.8,50.8,50.9,50.8,51.0,50.9,50.9,50.8,51.0,50.8,50.9,50.8,51.0,50.8,50.6,50.1,49.5,48.9,48.4,48.1,47.8,47.5,47.4,47.3,47.1,46.9,46.8,46.6,46.5,46.3,46.2,46.1,46.0,45.8,45.2,44.8,44.4,44.2,44.0,43.7,43.6,43.2,42.8,42.6,41.5,39.2,37.6,36.1,35.1,34.6,33.9,33.5,32.9,32.6,32.2,31.9,31.7,31.5,31.2,31.2,30.8,30.7,30.6,30.3,30.3,30.1,29.9,29.8,29.5,29.8,29.5,29.5,29.5,29.3,29.3,29.3,29.3,29.2,29.3,29.0,29.0,28.9,28.9,28.8,29.0,29.0,28.8,28.8,28.9,28.6,28.6,28.7,28.5,28.4,28.5,28.4,28.6,28.3,28.4,28.4
85,34.8,35.1,35.2,35.4,35.8,35.9,36.0,36.3,36.6,36.8,37.0,37.2,37.6,37.8,38.0,38.2,38.5,38.8,38.9,39.3,39.4,39.6,39.7,40.0,40.0,40.1,40.1,40.3,40.2,40.4,40.6,40.8,41.3,41.3,41.3,41.2,42.1,43.4,45.0,46.2,46.6,46.8,46.6,46.7,46.9,47.0,47.0,47.2,47.2,47.1,47.4,47.4,47.5,47.4,47.5,47.6,47.7,47.7,47.8,47.9,47.9,48.0,48.0,48.1,48.1,48.1,48.2,48.3,48.4,48.4,48.4,48.6,48.7,48.7,48.8,49.1,49.1,49.3,49.3,49.7,50.0,50.4,50.8,51.0,51.1,51.1,50.9,50.6,50.6,50.6,50.8,50.7,50.8,50.8,50.9,50.7,50.7,50.8,50.8,50.8,50.8,50.8,50.8,50.8,50.8,50.7,50.5,50.2,49.4,48.7,48.4,48.1,47.9,47.8,47.4,47.2,47.0,46.9,46.7,46.5,46.5,46.3,46.2,46.0,45.9,45.7,45.2,44.8,44.4,44.2,43.9,43.7,43.5,43.2,43.0,42.7,41.4,39.4,37.7,36.3,35.2,34.6,34.0,33.5,33.0,32.7,32.3,31.9,31.5,31.3,31.2,31.0,30.9,30.7,30.5,30.3,30.4,30.1,30.0,29.9,29.7,29.7,29.6,29.5,29.4,29.3,29.3,29.2,29.2,29.3,29.1,29.1,29.0,28.8,28.8,29.0,28.9,28.7,28.7,28.8,28.7,28.7,28.6,28.5,28.5,28.6,28.5,28.4,28.4,28.3,28.4,28.4
86,34.3,34.5,34.7,35.0,35.3,35.5,35.9,36.2,36.2,36.5,36.8,37.1,37.3,37.7,37.9,38.1,38.5,38.5,38.9,39.0,39.2,39.4,39.5,39.8,39.8,40.1,40.4,40.4,40.4,40.4,40.7,40.7,41.1,41.1,41.0,41.2,42.1,43.4,45.1,46.1,46.5,46.5,46.7,46.7,46.9,46.9,47.0,47.1,47.2,47.2,47.3,47.3,47.4,47.4,47.4,47.5,47.5,47.6,47.7,47.7,47.8,47.9,47.9,48.1,48.1,48.1,48.2,48.4,48.3,48.4,48.5,48.7,48.8,48.7,48.8,48.9,49.0,49.1,49.4,49.5,49.9,50.3,50.8,51.0,51.2,50.9,50.6,50.7,50.7,50.6,50.7,50.8,50.8,50.7,50.8,50.8,50.8,50.7,50.7,50.8,50.7,50.8,50.7,50.8,50.8,50.8,50.6,49.9,49.3,48.7,48.3,47.9,47.8,47.5,47.3,47.2,47.0,47.0,46.7,46.6,46.4,46.4,46.1,46.1,45.9,45.7,45.1,44.8,44.5,44.3,43.9,43.7,43.6,43.2,42.8,42.7,41.5,39.3,37.7,36.2,35.2,34.6,34.0,33.5,33.0,32.6,32.3,31.9,31.7,31.5,31.3,31.0,30.9,30.7,30.5,30.5,30.4,30.3,29.9,29.9,29.8,29.7,29.7,29.5,29.5,29.5,29.4,29.3,29.3,29.3,29.1,29.0,28.9,28.9,28.9,28.9,28.8,28.7,28.8,28.7,28.7,28.5,28.7,28.8,28.5,28.6,28.6,28.5,28.5,28.5,28.5,28.4
87,33.7,33.8,33.8,34.1,34.4,34.9,35.1,35.4,35.7,36.0,36.3,36.6,36.8,37.1,37.3,37.6,37.8,38.1,38.2,38.6,38.6,38.9,39.0,39.2,39.4,39.5,39.8,39.9,39.8,40.0,40.2,40.4,40.5,40.7,40.7,40.8,42.0,43.3,45.2,46.2,46.5,46.6,46.7,46.9,46.9,46.9,47.2,47.2,47.2,47.2,47.2,47.3,47.4,47.4,47.5,47.5,47.5,47.6,47.6,47.8,47.8,47.9,48.0,47.9,48.0,48.0,48.1,48.2,48.2,48.4,48.4,48.5,48.7,48.7,48.8,48.7,49.0,49.1,49.3,49.5,49.9,50.3,50.7,51.0,51.1,50.8,50.6,50.6,50.4,50.5,50.6,50.7,50.7,50.7,50.8,50.8,50.7,50.8,50.6,50.6,50.7,50.7,50.8,50.6,50.9,50.6,50.5,50.0,49.4,48.8,48.2,47.9,47.6,47.5,47.4,47.3,46.9,46.9,46.7,46.6,46.4,46.3,46.0,46.1,46.0,45.6,45.2,44.8,44.4,44.2,43.8,43.6,43.4,43.0,42.8,42.5,41.4,39.5,37.7,36.1,35.2,34.5,34.0,33.6,33.0,32.6,32.2,31.9,31.7,31.6,31.3,31.1,31.0,30.9,30.8,30.3,30.2,30.3,29.9,30.0,30.0,29.7,29.7,29.5,29.5,29.4,29.3,29.3,29.3,29.3,29.2,29.0,29.0,28.9,29.0,28.8,28.7,28.7,28.7,28.8,28.7,28.6,28.7,28.6,28.7,28.6,28.6,28.5,28.6,28.4,28.4,28.5
88,33.0,33.2,33.2,33.4,33.7,34.1,34.1,34.5,34.7,35.0,35.3,35.7,35.8,36.1,36.5,36.7,36.8,37.1,37.4,37.5,37.8,37.8,38.2,38.1,38.3,38.7,38.7,38.8,39.0,39.0,39.3,39.6,39.6,39.8,40.1,40.8,41.8,43.5,45.3,46.0,46.6,46.6,46.8,46.9,46.8,47.0,47.0,47.1,47.2,47.1,47.4,47.4,47.4,47.3,47.4,47.5,47.4,47.6,47.8,47.8,47.6,47.9,47.9,47.9,48.1,48.0,48.0,48.2,48.2,48.3,48.4,48.6,48.7,48.6,48.7,48.8,48.8,49.0,49.1,49.5,49.9,50.1,50.7,51.1,51.1,51.0,50.6,50.6,50.5,50.5,50.6,50.6,50.6,50.7,50.8,50.7,50.7,50.7,50.6,50.7,50.7,50.7,50.6,50.6,50.7,50.7,50.5,50.0,49.1,48.8,48.1,48.0,47.7,47.5,47.2,47.0,47.0,46.8,46.7,46.6,46.5,46.3,46.2,45.8,45.8,45.7,45.2,44.8,44.4,44.1,43.8,43.6,43.4,42.9,42.7,42.5,41.5,39.5,37.7,36.4,35.3,34.6,34.1,33.5,33.2,32.8,32.3,32.0,31.8,31.5,31.3,31.1,30.9,30.7,30.7,30.5,30.3,30.2,30.1,30.0,29.8,29.7,29.8,29.7,29.4,29.4,29.3,29.3,29.3,29.2,29.3,29.1,28.9,29.0,28.9,29.0,28.7,28.8,28.7,28.7,28.7,28.7,28.8,28.6,28.8,28.6,28.4,28.5,28.7,28.5,28.4,28.3
89,32.6,32.9,33.0,33.1,33.4,33.5,33.7,33.9,34.1,34.3,34.6,34.8,34.9,35.3,35.5,35.6,35.8,36.0,36.2,36.5,36.6,36.7,36.9,37.4,37.5,37.7,37.8,38.0,38.2,38.4,38.5,38.7,39.0,39.4,39.8,40.6,41.8,43.4,45.2,46.0,46.4,46.6,46.6,46.8,46.8,47.0,47.0,47.0,47.2,47.2,47.3,47.1,47.3,47.5,47.5,47.5,47.3,47.6,47.6,47.7,47.8,47.7,47.6,48.0,47.9,48.1,48.0,48.2,48.2,48.3,48.4,48.4,48.6,48.6,48.6,48.7,48.8,48.9,49.1,49.4,49.7,50.2,50.8,51.1,51.0,50.9,50.7,50.7,50.6,50.4,50.6,50.6,50.6,50.7,50.8,50.7,50.7,50.8,50.7,50.8,50.7,50.8,50.8,50.7,50.7,50.6,50.5,50.0,49.3,48.6,48.2,47.9,47.5,47.4,47.2,47.0,46.9,46.9,46.6,46.5,46.5,46.2,46.1,46.0,45.9,45.7,45.1,44.8,44.4,44.1,43.9,43.5,43.2,42.7,42.6,42.4,41.5,39.5,37.7,36.2,35.2,34.6,34.2,33.6,33.1,32.8,32.4,32.1,31.8,31.7,31.3,31.2,30.8,30.7,30.7,30.4,30.3,30.5,30.2,29.9,29.9,29.8,29.8,29.7,29.6,29.5,29.4,29.2,29.3,29.1,29.2,29.1,29.2,28.9,29.0,28.9,29.0,28.8,28.7,28.7,28.8,28.6,28.8,28.8,28.8,28.7,28.6,28.5,28.5,28.4,28.4,28.5
90,32.4,32.7,32.7,32.9,32.9,33.2,33.3,33.4,33.8,34.0,34.1,34.3,34.4,34.6,35.0,35.1,35.2,35.3,35.5,35.7,36.1,36.2,36.4,36.6,36.9,37.2,37.4,37.6,37.7,38.2,38.3,38.5,38.8,39.1,39.7,40.5,41.9,43.4,45.2,46.1,46.4,46.4,46.5,46.6,46.6,46.7,46.8,46.9,47.0,47.1,47.1,47.2,47.2,47.3,47.3,47.3,47.4,47.4,47.6,47.5,47.5,47.5,47.7,47.8,47.9,47.8,48.0,48.1,48.1,48.2,48.2,48.4,48.4,48.5,48.5,48.6,48.8,48.8,49.0,49.2,49.7,50.0,50.6,51.0,51.0,51.0,50.9,50.8,50.7,50.5,50.7,50.8,50.8,50.8,50.8,50.8,50.8,50.8,50.7,50.7,50.7,50.7,50.8,50.8,50.8,50.6,50.4,49.9,49.1,48.5,48.1,47.8,47.5,47.3,47.1,46.9,46.8,46.7,46.5,46.4,46.3,46.1,46.0,45.9,45.8,45.5,45.1,44.6,44.4,44.0,43.8,43.6,43.1,42.8,42.4,42.4,41.3,39.4,37.7,36.1,35.3,34.7,34.1,33.4,33.0,32.8,32.4,32.0,31.8,31.4,31.2,31.0,30.9,30.7,30.7,30.5,30.2,30.2,30.1,30.0,29.9,29.7,29.7,29.7,29.5,29.4,29.4,29.2,29.2,29.3,29.3,29.2,29.2,29.0,29.0,29.0,28.8,28.9,28.7,28.8,28.7,28.6,28.5,28.8,28.8,28.6,28.5,28.5,28.5,28.3,28.5,28.3
91,32.3,32.4,32.5,32.6,32.7,32.9,32.9,33.2,33.4,33.6,33.9,34.0,34.2,34.4,34.6,34.6,34.9,35.0,35.1,35.5,35.6,35.9,36.0,36.3,36.6,36.9,36.9,37.5,37.5,37.8,38.2,38.2,38.6,38.9,39.6,40.5,41.9,43.4,45.3,46.1,46.4,46.6,46.6,46.6,46.7,46.8,46.9,47.0,47.0,46.9,47.1,47.1,47.2,47.3,47.2,47.4,47.5,47.4,47.4,47.5,47.5,47.6,47.6,47.7,47.9,47.9,48.0,48.1,48.1,48.2,48.1,48.3,48.3,48.4,48.4,48.6,48.6,48.6,48.9,49.2,49.6,50.0,50.5,51.0,51.1,50.9,51.0,50.8,50.8,50.9,50.9,50.9,50.8,50.9,51.0,50.8,50.9,50.8,50.8,50.8,50.8,50.9,50.8,50.8,50.8,50.7,50.3,50.0,49.2,48.6,48.0,47.7,47.5,47.2,47.1,46.9,46.8,46.7,46.5,46.3,46.3,46.1,46.0,45.8,45.6,45.5,45.0,44.7,44.3,44.0,43.7,43.4,43.1,42.7,42.4,42.4,41.4,39.4,37.8,36.3,35.4,34.5,34.0,33.5,33.1,32.7,32.2,32.1,31.7,31.4,31.2,31.1,30.9,30.8,30.5,30.3,30.1,30.2,29.9,30.0,29.9,29.7,29.7,29.6,29.5,29.5,29.2,29.2,29.3,29.3,29.2,29.1,29.0,29.0,29.0,28.8,28.9,28.8,28.8,28.8,28.8,28.7,28.7,28.8,28.6,28.8,28.5,28.4,28.6,28.3,28.5,28.5
92,32.1,32.1,32.3,32.5,32.6,32.8,32.8,32.9,33.0,33.2,33.4,33.7,33.8,34.1,34.3,34.4,34.6,34.8,34.9,35.1,35.4,35.5,35.7,36.0,36.3,36.6,37.0,37.2,37.3,37.8,37.9,38.2,38.4,38.9,39.4,40.4,41.8,43.5,45.2,46.1,46.3,46.3,46.3,46.5,46.6,46.6,46.6,46.8,47.0,47.1,47.2,47.2,47.2,47.3,47.3,47.3,47.4,47.4,47.4,47.4,47.5,47.5,47.6,47.7,47.6,47.8,47.8,47.8,48.0,48.1,48.1,48.1,48.3,48.2,48.3,48.4,48.5,48.6,48.8,49.0,49.6,50.1,50.6,50.7,50.9,51.0,51.0,51.0,51.0,51.0,51.0,51.0,51.0,51.1,51.0,51.0,51.1,50.9,50.9,50.8,50.9,50.9,50.8,50.9,50.8,50.7,50.4,49.9,49.1,48.6,48.0,47.7,47.4,47.2,46.9,46.9,46.8,46.7,46.4,46.3,46.1,46.1,46.0,45.7,45.6,45.5,44.9,44.6,44.4,43.9,43.7,43.3,43.0,42.6,42.5,42.3,41.4,39.4,37.7,36.1,35.2,34.6,33.8,33.4,33.0,32.8,32.4,32.1,31.8,31.4,31.3,31.1,30.9,30.7,30.6,30.3,30.3,30.3,29.9,29.9,29.9,29.9,29.6,29.6,29.4,29.5,29.4,29.2,29.2,29.0,29.2,29.2,29.0,29.1,29.0,29.0,28.8,28.8,28.6,28.7,28.7,28.6,28.7,28.6,28.6,28.4,28.5,28.5,28.6,28.5,28.5,28.4
93,32.0,32.1,32.2,32.4,32.4,32.6,32.6,32.7,32.9,33.1,33.2,33.5,33.6,33.8,34.1,34.3,34.4,34.5,34.8,34.9,35.1,35.4,35.6,35.8,36.1,36.6,36.6,36.8,37.2,37.5,37.9,38.3,38.5,39.1,39.9,40.7,42.0,43.4,45.1,45.8,46.0,46.0,46.0,46.2,46.2,46.3,46.5,46.6,46.8,46.9,47.1,46.9,47.2,47.1,47.2,47.3,47.4,47.5,47.4,47.4,47.3,47.6,47.5,47.7,47.6,47.7,47.7,47.7,48.0,48.0,48.0,48.2,48.1,48.1,48.3,48.4,48.5,48.7,48.7,49.0,49.4,50.1,50.5,50.7,50.8,50.9,50.9,51.1,51.0,51.0,51.0,51.0,51.1,51.0,50.9,50.9,50.8,51.0,50.9,50.9,50.8,50.8,50.8,50.9,50.8,50.6,50.5,49.9,49.1,48.3,47.8,47.6,47.4,47.3,46.9,46.9,46.7,46.6,46.4,46.5,46.0,46.1,45.9,45.9,45.6,45.4,45.0,44.5,44.2,43.9,43.6,43.4,43.1,42.6,42.3,42.4,41.3,39.4,37.8,36.3,35.2,34.5,34.0,33.5,33.1,32.6,32.2,32.1,31.7,31.6,31.3,31.0,30.8,30.8,30.5,30.5,30.1,30.0,30.1,29.9,29.9,29.9,29.7,29.6,29.5,29.3,29.5,29.2,29.4,29.1,29.3,29.1,29.0,28.9,29.0,29.0,28.9,28.8,28.8,28.7,28.7,28.7,28.8,28.7,28.5,28.8,28.6,28.4,28.5,28.4,28.5,28.4
94,31.8,31.7,32.0,32.1,32.2,32.5,32.5,32.7,32.8,32.9,33.1,33.2,33.5,33.6,33.8,34.0,34.3,34.3,34.6,34.7,34.9,35.1,35.3,35.6,35.9,36.5,36.5,36.8,37.1,37.6,37.7,38.3,39.0,39.8,40.6,41.4,42.3,43.7,44.7,45.3,45.3,45.4,45.3,45.5,45.5,45.8,46.1,46.3,46.5,46.8,46.9,47.0,47.1,47.1,47.1,47.2,47.3,47.2,47.3,47.3,47.4,47.4,47.6,47.6,47.6,47.7,47.7,47.8,47.8,47.8,48.0,48.1,48.2,48.0,48.2,48.1,48.3,48.4,48.6,48.9,49.4,49.9,50.3,50.5,50.5,50.8,50.7,50.8,50.8,50.7,50.8,50.8,50.8,50.7,50.8,50.8,50.7,50.7,50.7,50.7,50.6,50.6,50.7,50.6,50.4,50.5,50.2,49.7,48.9,48.3,47.7,47.5,47.2,46.9,46.9,46.8,46.5,46.5,46.2,46.2,46.2,46.0,45.9,45.8,45.5,45.5,44.8,44.6,44.2,43.9,43.6,43.3,43.0,42.6,42.4,42.2,41.3,39.4,37.7,36.2,35.2,34.5,34.0,33.5,32.9,32.8,32.4,32.1,31.8,31.5,31.4,31.0,30.8,30.5,30.6,30.5,30.3,30.1,30.1,29.9,30.0,29.9,29.8,29.6,29.7,29.3,29.3,29.3,29.3,29.1,29.3,29.0,28.9,29.0,29.0,28.9,28.9,28.7,28.6,28.7,28.6,28.6,28.5,28.7,28.6,28.5,28.5,28.5,28.5,28.5,28.4,28.3
95,31.5,31.7,31.9,32.1,32.2,32.3,32.3,32.6,32.5,32.7,32.9,33.1,33.4,33.4,33.6,33.8,34.2,34.1,34.4,34.7,34.9,35.0,35.2,35.7,35.8,36.3,36.5,36.7,37.1,37.5,37.7,38.3,39.3,40.2,41.3,42.4,43.3,43.9,44.5,44.7,44.6,44.6,44.6,44.8,44.9,45.3,45.5,45.9,46.2,46.4,46.9,46.9,47.1,47.1,47.2,47.3,47.2,47.3,47.3,47.3,47.3,47.3,47.5,47.6,47.5,47.5,47.6,47.8,47.8,47.8,47.9,48.1,48.0,48.0,48.1,48.3,48.3,48.4,48.5,48.7,49.1,49.6,50.0,50.3,50.3,50.3,50.3,50.4,50.5,50.5,50.3,50.4,50.5,50.6,50.3,50.4,50.3,50.5,50.2,50.3,50.2,50.3,50.2,50.1,50.0,50.0,49.7,49.3,48.7,48.1,47.8,47.5,47.0,46.9,46.8,46.6,46.4,46.4,46.4,46.2,46.0,46.0,45.9,45.6,45.5,45.3,44.8,44.6,44.1,43.8,43.5,43.2,43.0,42.6,42.3,42.3,41.2,39.5,37.6,36.3,35.2,34.5,34.0,33.5,33.0,32.6,32.2,32.2,31.9,31.5,31.3,31.1,31.0,30.7,30.5,30.3,30.3,30.2,29.9,30.0,29.8,29.8,29.8,29.5,29.6,29.4,29.2,29.3,29.3,29.2,29.2,29.0,29.2,29.0,28.8,28.9,28.9,28.9,28.8,28.7,28.7,28.7,28.6,28.7,28.6,28.6,28.6,28.5,28.5,28.4,28.5,28.4
96,31.6,31.7,31.8,32.0,31.9,32.1,32.5,32.5,32.6,32.6,33.0,33.0,33.2,33.3,33.5,34.0,33.9,34.1,34.4,34.6,34.8,34.9,35.1,35.3,35.7,36.1,36.4,36.7,36.8,37.3,37.7,38.4,39.5,40.8,42.1,42.8,43.5,43.9,44.3,44.5,44.4,44.3,44.2,44.4,44.4,45.0,45.2,45.7,46.1,46.4,46.8,47.0,47.1,46.9,47.2,47.2,47.2,47.3,47.3,47.2,47.2,47.4,47.4,47.4,47.5,47.4,47.7,47.6,47.8,47.8,48.0,47.9,48.0,48.0,48.0,48.0,48.2,48.2,48.5,48.7,48.9,49.3,49.6,49.5,49.8,49.9,49.9,49.9,49.8,50.0,49.9,50.0,50.0,50.0,49.9,49.9,50.0,49.7,49.7,49.7,49.6,49.6,49.5,49.5,49.4,49.3,49.0,48.8,48.2,47.9,47.5,47.4,47.0,47.0,46.7,46.7,46.5,46.4,46.2,46.1,46.0,45.9,45.7,45.7,45.5,45.3,44.9,44.4,44.2,44.0,43.6,43.3,43.0,42.6,42.4,42.3,41.2,39.4,37.8,36.2,35.1,34.6,34.0,33.3,33.0,32.7,32.3,32.0,31.8,31.6,31.3,31.2,30.8,30.7,30.5,30.5,30.3,30.1,30.0,29.9,29.9,29.7,29.7,29.6,29.5,29.4,29.4,29.4,29.2,29.1,29.3,28.9,28.9,28.9,28.9,28.8,28.9,28.8,28.7,28.8,28.8,28.6,28.6,28.7,28.6,28.6,28.5,28.6,28.5,28.4,28.3,28.5
97,31.6,31.7,31.8,32.0,32.1,32.1,32.1,32.4,32.5,32.6,32.9,33.0,33.0,33.2,33.4,33.8,33.9,34.1,34.3,34.5,34.6,34.7,35.0,35.3,35.5,36.0,36.2,36.7,37.0,37.3,37.8,38.4,39.7,40.9,42.5,43.2,43.5,44.0,44.4,44.3,44.4,44.2,44.2,44.2,44.4,44.8,45.0,45.5,46.1,46.5,46.8,47.1,46.9,47.0,47.1,47.1,47.2,47.2,47.2,47.2,47.3,47.2,47.3,47.4,47.5,47.6,47.6,47.7,47.6,47.7,47.8,47.8,48.0,47.9,48.0,48.0,48.1,48.2,48.5,48.4,48.7,48.9,49.0,49.1,49.3,49.2,49.3,49.4,49.5,49.4,49.5,49.4,49.3,49.3,49.3,49.3,49.2,49.2,49.2,49.0,48.9,49.0,48.9,48.8,48.5,48.5,48.3,48.2,47.8,47.6,47.3,47.1,46.9,46.8,46.8,46.5,46.2,46.3,46.3,46.1,45.9,45.8,45.7,45.6,45.5,45.2,44.7,44.6,44.1,43.8,43.5,43.3,43.0,42.6,42.3,42.2,41.3,39.4,37.7,36.2,35.2,34.5,33.9,33.5,33.0,32.7,32.3,32.1,31.9,31.6,31.3,31.1,30.9,30.8,30.5,30.3,30.3,30.2,29.9,30.0,29.8,29.8,29.7,29.6,29.4,29.6,29.5,29.4,29.2,29.2,29.0,29.0,29.1,29.0,29.1,28.9,28.8,28.9,28.9,28.8,28.7,28.6,28.6,28.5,28.6,28.8,28.5,28.5,28.6,28.5,28.4,28.5
98,31.7,31.7,31.9,31.8,32.2,32.2,32.1,32.5,32.5,32.7,32.8,32.8,33.1,33.3,33.5,33.6,33.8,33.9,34.2,34.5,34.7,34.9,35.0,35.2,35.5,35.9,36.2,36.5,36.7,37.3,37.7,38.7,39.8,41.1,42.6,43.3,43.5,43.8,44.3,44.4,44.4,44.2,44.3,44.1,44.4,44.5,45.0,45.3,46.0,46.3,46.8,47.0,47.2,47.1,47.1,47.1,47.2,47.3,47.2,47.2,47.1,47.4,47.4,47.4,47.4,47.4,47.5,47.5,47.7,47.7,47.6,47.7,47.9,47.9,48.0,47.9,48.1,48.2,48.2,48.3,48.5,48.6,48.6,48.7,48.7,48.9,48.8,48.9,48.9,49.0,49.0,49.0,49.0,48.9,49.0,48.8,49.0,48.9,48.7,48.7,48.4,48.6,48.4,48.4,48.3,48.1,47.9,47.7,47.5,47.4,47.1,46.9,46.9,46.7,46.7,46.4,46.4,46.2,46.0,46.1,45.8,45.7,45.7,45.6,45.5,45.2,44.6,44.5,44.2,43.8,43.6,43.3,42.9,42.5,42.2,42.3,41.2,39.3,37.8,36.1,35.1,34.5,33.8,33.4,33.0,32.9,32.5,32.0,31.9,31.6,31.4,31.1,31.0,30.7,30.6,30.4,30.3,30.2,30.1,30.0,29.9,29.7,29.8,29.7,29.6,29.5,29.4,29.4,29.2,29.2,29.2,29.1,29.0,29.0,29.1,29.0,28.9,28.9,28.9,28.9,28.7,28.7,28.5,28.7,28.7,28.5,28.6,28.5,28.5,28.6,28.5,28.5
99,31.6,31.5,31.9,31.9,32.1,31.9,32.2,32.3,32.6,32.6,32.7,32.9,33.0,33.2,33.4,33.5,33.8,34.0,34.1,34.5,34.6,34.8,35.0,35.3,35.4,35.7,36.0,36.3,36.6,37.2,37.6,38.5,39.8,41.4,42.8,43.4,43.8,43.9,44.2,44.3,44.2,43.9,44.0,44.2,44.2,44.3,44.9,45.3,45.8,46.3,46.6,46.7,47.1,46.9,47.1,47.1,47.2,47.2,47.1,47.2,47.2,47.3,47.2,47.2,47.5,47.4,47.5,47.6,47.6,47.5,47.6,47.8,47.9,47.8,47.9,48.0,47.9,48.0,48.2,48.2,48.4,48.3,48.3,48.5,48.5,48.5,48.6,48.6,48.6,48.6,48.8,48.8,48.6,48.5,48.7,48.5,48.5,48.4,48.3,48.3,48.3,48.3,48.1,48.1,48.1,47.6,47.7,47.5,47.3,47.2,47.0,46.9,46.8,46.6,46.5,46.4,46.2,46.2,46.1,46.1,45.9,45.7,45.7,45.5,45.3,45.1,44.8,44.4,44.2,43.8,43.7,43.3,42.9,42.6,42.2,42.2,41.2,39.4,37.6,36.2,35.3,34.6,34.1,33.6,33.1,32.7,32.4,32.1,31.9,31.7,31.4,31.2,31.0,30.9,30.5,30.4,30.4,30.2,29.8,29.9,29.7,29.8,29.8,29.6,29.6,29.6,29.4,29.3,29.3,29.3,29.0,29.1,29.1,29.2,29.0,28.9,28.9,28.8,28.8,28.7,28.8,28.7,28.8,28.7,28.5,28.5,28.6,28.5,28.6,28.5,28.6,28.4
100,31.5,31.8,31.7,32.0,32.1,32.0,32.2,32.3,32.5,32.4,32.7,32.9,32.8,33.1,33.2,33.6,33.7,33.8,34.2,34.5,34.6,34.7,35.0,35.3,35.5,35.7,36.0,36.2,36.5,37.0,37.7,38.5,39.9,41.4,42.7,43.4,43.7,44.0,44.1,44.0,44.2,44.0,44.0,44.1,44.2,44.3,44.7,45.2,45.7,46.2,46.7,46.9,46.9,47.0,47.0,47.0,47.0,47.0,47.0,47.0,47.2,47.3,47.2,47.3,47.3,47.4,47.3,47.5,47.6,47.5,47.5,47.7,47.7,47.7,47.7,47.8,48.0,47.9,48.0,48.2,48.1,48.2,48.3,48.2,48.3,48.4,48.4,48.5,48.6,48.4,48.3,48.4,48.3,48.4,48.3,48.3,48.2,48.2,48.1,48.1,48.1,47.9,47.9,47.7,47.7,47.7,47.4,47.4,47.1,47.0,46.9,46.8,46.5,46.4,46.3,46.2,46.1,46.2,45.8,45.9,45.8,45.7,45.5,45.5,45.2,45.1,44.7,44.3,44.1,44.0,43.5,43.3,43.0,42.6,42.2,42.1,41.3,39.3,37.7,36.1,35.2,34.6,33.8,33.5,33.1,32.6,32.4,32.0,31.9,31.6,31.4,31.3,31.0,30.8,30.5,30.5,30.2,30.3,30.1,29.8,29.8,29.8,29.8,29.7,29.5,29.6,29.4,29.3,29.2,29.3,29.1,28.9,29.1,29.1,29.0,28.8,29.0,28.9,28.8,28.9,28.7,28.6,28.6,28.6,28.5,28.5,28.5,28.5,28.5,28.5,28.3,28.4
101,31.7,31.7,31.8,31.9,32.1,32.1,32.1,32.4,32.5,32.6,32.6,32.8,32.9,33.3,33.3,33.6,33.7,33.9,34.1,34.4,34.5,34.7,34.9,35.2,35.4,35.5,35.9,36.2,36.6,36.8,37.5,38.4,40.0,41.2,42.7,43.4,43.7,43.9,44.1,44.3,44.3,44.1,44.0,44.0,44.3,44.4,44.8,45.3,45.7,46.2,46.6,46.8,46.9,46.9,46.9,46.9,47.0,47.1,47.1,47.0,47.0,47.1,47.3,47.2,47.3,47.3,47.4,47.4,47.4,47.5,47.4,47.6,47.7,47.6,47.7,47.8,47.8,47.8,47.9,47.9,48.0,48.0,48.1,48.1,48.1,48.2,48.2,48.2,48.2,48.1,47.9,48.1,48.1,48.1,48.0,48.0,48.0,47.8,47.9,47.9,47.7,47.7,47.5,47.6,47.5,47.3,47.3,47.1,47.0,46.9,46.8,46.6,46.6,46.4,46.4,46.2,46.2,46.0,46.0,45.8,45.8,45.6,45.6,45.5,45.2,45.1,44.7,44.3,44.1,43.7,43.3,43.2,42.8,42.6,42.2,42.2,41.2,39.3,37.7,36.2,35.1,34.6,33.9,33.5,33.2,32.5,32.3,32.1,31.6,31.7,31.4,31.1,31.0,30.8,30.6,30.5,30.3,30.2,30.1,29.8,29.8,29.8,29.7,29.5,29.5,29.5,29.5,29.4,29.3,29.3,29.2,29.0,29.0,29.0,28.9,29.0,28.9,28.9,28.7,28.9,28.8,28.8,28.8,28.7,28.7,28.6,28.6,28.6,28.6,28.6,28.4,28.6
102,31.6,31.7,31.7,31.8,31.9,32.1,32.2,32.5,32.5,32.6,32.7,32.9,32.8,33.2,33.3,33.5,33.7,33.9,34.2,34.4,34.5,34.8,34.9,35.1,35.4,35.5,35.9,36.1,36.5,36.9,37.6,38.4,39.9,41.3,42.7,43.4,43.7,44.0,44.2,44.3,44.2,44.2,44.0,44.1,44.3,44.8,45.0,45.4,45.8,46.2,46.7,46.8,46.9,46.9,47.0,47.0,47.0,47.0,47.0,47.0,47.1,47.1,47.2,47.2,47.2,47.3,47.3,47.3,47.3,47.5,47.6,47.6,47.6,47.7,47.6,47.7,47.8,47.8,47.8,47.9,47.9,47.9,47.9,47.9,47.9,47.9,47.9,47.9,48.0,48.0,47.9,47.8,47.8,47.8,47.8,47.7,47.8,47.8,47.8,47.5,47.5,47.6,47.4,47.2,47.3,47.2,47.1,47.0,46.9,46.8,46.8,46.5,46.4,46.4,46.1,46.1,46.1,45.9,45.9,45.7,45.6,45.6,45.4,45.4,45.2,45.0,44.6,44.2,43.9,43.7,43.4,43.1,42.8,42.4,42.2,42.1,41.3,39.4,37.8,36.2,35.1,34.5,33.9,33.5,33.0,32.8,32.5,32.1,31.9,31.5,31.2,31.2,31.0,30.8,30.6,30.4,30.4,30.2,30.1,30.1,29.8,29.9,29.5,29.6,29.5,29.5,29.6,29.4,29.4,29.3,29.3,29.2,29.0,29.1,29.1,28.9,28.9,28.9,28.8,28.8,28.8,28.8,28.7,28.6,28.6,28.7,28.7,28.5,28.6,28.5,28.5,28.5
103,31.6,31.6,31.8,32.0,32.0,32.0,32.2,32.2,32.3,32.6,32.7,32.7,33.0,33.2,33.2,33.4,33.7,33.8,33.8,34.3,34.4,34.7,34.9,35.1,35.3,35.6,35.8,36.1,36.3,36.7,37.3,38.3,39.6,41.2,42.7,43.2,43.4,44.0,44.4,44.4,44.3,44.2,44.2,44.3,44.6,44.9,45.1,45.7,45.9,46.1,46.5,46.8,46.8,46.8,46.9,46.8,47.0,46.9,46.9,47.0,47.0,47.1,47.2,47.0,47.1,47.3,47.2,47.2,47.2,47.4,47.3,47.4,47.5,47.5,47.6,47.5,47.6,47.7,47.8,47.9,47.8,47.9,47.9,47.8,47.9,47.8,47.8,47.9,47.8,47.8,47.7,47.7,47.7,47.5,47.6,47.5,47.6,47.5,47.5,47.4,47.4,47.2,47.4,47.1,47.0,47.0,46.9,46.9,46.9,46.8,46.6,46.5,46.3,46.3,46.1,46.1,45.9,45.8,45.7,45.6,45.6,45.4,45.4,45.2,45.2,45.0,44.4,44.2,43.9,43.6,43.5,43.0,42.8,42.4,42.3,42.2,41.2,39.5,37.8,36.1,35.3,34.4,34.0,33.6,33.0,32.9,32.4,32.1,31.8,31.5,31.4,31.0,31.0,30.8,30.6,30.3,30.3,30.3,30.1,30.0,29.9,29.8,29.6,29.5,29.6,29.5,29.4,29.5,29.3,29.3,29.2,29.2,29.1,28.9,29.0,28.9,28.8,28.9,28.9,28.6,28.7,28.7,28.8,28.6,28.5,28.6,28.6,28.4,28.5,28.4,28.5,28.4
104,31.5,31.7,31.7,31.9,31.8,32.1,32.1,32.4,32.4,32.7,32.6,32.7,33.0,33.3,33.3,33.4,33.6,33.8,33.9,34.3,34.4,34.5,34.7,35.0,35.3,35.5,35.8,36.0,36.3,36.7,37.3,38.1,39.3,40.8,42.5,43.4,43.8,44.1,44.6,44.8,44.6,44.6,44.5,44.5,44.9,45.1,45.4,45.7,46.2,46.2,46.5,46.7,46.8,46.7,46.9,46.9,46.7,46.9,46.8,46.9,46.9,47.0,46.9,47.0,47.0,47.1,47.2,47.1,47.3,47.1,47.3,47.5,47.4,47.5,47.5,47.4,47.6,47.4,47.6,47.7,47.8,47.7,47.5,47.7,47.6,47.7,47.7,47.5,47.6,47.4,47.5,47.5,47.5,47.4,47.5,47.5,47.3,47.4,47.3,47.2,47.1,47.3,47.1,47.0,46.9,46.9,46.9,46.8,46.6,46.6,46.5,46.5,46.3,46.1,45.9,45.9,45.7,45.7,45.7,45.5,45.4,45.4,45.2,45.1,45.0,44.9,44.5,44.1,43.9,43.6,43.3,43.0,42.8,42.4,42.0,42.0,41.1,39.3,37.7,36.2,35.0,34.5,33.8,33.5,32.9,32.7,32.4,31.9,31.7,31.5,31.2,31.2,30.8,30.7,30.5,30.5,30.3,30.1,30.1,29.8,29.7,29.7,29.7,29.5,29.6,29.4,29.4,29.2,29.3,29.2,29.2,29.0,29.0,29.1,28.8,28.8,28.9,28.7,28.8,28.8,28.6,28.7,28.7,28.6,28.4,28.6,28.4,28.6,28.4,28.2,28.5,28.4
105,31.7,31.6,31.8,31.8,31.9,31.9,32.1,32.2,32.5,32.5,32.7,32.9,33.0,33.2,33.3,33.5,33.7,33.8,34.0,34.4,34.5,34.7,34.9,35.0,35.3,35.6,35.6,35.8,36.2,36.7,37.0,37.8,39.0,40.3,41.8,43.3,44.1,44.5,44.9,45.1,45.2,45.1,45.1,45.1,45.3,45.6,45.6,45.9,46.4,46.4,46.6,46.5,46.7,46.7,46.8,46.7,46.8,46.7,46.9,46.9,46.8,46.9,47.0,47.0,46.9,47.1,47.1,47.2,47.0,47.2,47.3,47.4,47.5,47.4,47.5,47.5,47.5,47.6,47.7,47.7,47.6,47.8,47.7,47.6,47.5,47.7,47.5,47.5,47.5,47.5,47.4,47.4,47.3,47.3,47.3,47.3,47.3,47.3,47.3,47.2,47.1,47.1,47.2,46.9,46.8,46.8,46.7,46.8,46.7,46.4,46.5,46.2,46.1,46.0,45.8,45.9,45.7,45.7,45.6,45.4,45.5,45.4,45.2,45.1,44.9,44.9,44.4,44.1,43.9,43.6,43.4,43.2,42.9,42.5,42.2,42.0,41.2,39.4,37.8,36.3,35.2,34.4,33.8,33.5,32.9,32.8,32.4,31.9,31.8,31.6,31.2,31.1,30.9,30.6,30.6,30.2,30.4,30.4,30.1,29.9,29.9,29.8,29.8,29.7,29.6,29.5,29.4,29.4,29.3,29.2,29.5,29.2,29.0,29.1,28.9,28.9,29.0,28.7,28.8,28.8,28.6,28.5,28.6,28.7,28.7,28.5,28.6,28.5,28.5,28.5,28.4,28.3
106,31.5,31.8,31.7,31.9,32.2,32.0,32.1,32.5,32.4,32.6,32.9,32.8,33.1,33.3,33.3,33.7,33.6,33.8,34.1,34.2,34.3,34.5,34.8,35.2,35.2,35.5,35.6,35.9,36.2,36.6,37.0,37.7,38.5,39.6,41.4,42.7,43.7,44.6,45.2,45.6,45.5,45.6,45.7,45.8,45.9,45.8,45.9,46.1,46.1,46.2,46.6,46.5,46.6,46.6,46.7,46.7,46.7,46.7,46.8,46.8,46.8,47.0,46.9,46.9,46.9,47.0,47.0,47.1,47.1,47.1,47.0,47.1,47.2,47.2,47.4,47.5,47.5,47.4,47.5,47.6,47.7,47.5,47.6,47.5,47.5,47.6,47.6,47.4,47.5,47.4,47.4,47.2,47.3,47.3,47.2,47.2,47.3,47.1,47.2,47.1,47.1,47.1,46.9,46.9,46.8,46.7,46.6,46.6,46.5,46.4,46.3,46.2,46.2,45.9,45.8,45.7,45.7,45.7,45.6,45.5,45.5,45.3,45.1,45.1,45.0,44.8,44.4,44.0,43.8,43.5,43.5,43.0,42.8,42.5,42.3,42.2,41.2,39.5,37.7,36.2,35.2,34.5,34.0,33.5,33.1,32.7,32.3,32.0,31.7,31.6,31.4,31.2,30.9,30.8,30.7,30.5,30.3,30.3,30.1,30.1,29.7,29.9,29.6,29.5,29.6,29.3,29.4,29.4,29.3,29.4,29.1,29.2,29.1,29.1,28.9,29.0,28.9,28.9,28.9,28.7,28.7,28.5,28.6,28.6,28.7,28.5,28.6,28.5,28.5,28.5,28.5,28.5
107,31.6,31.8,31.9,32.0,32.0,32.1,32.4,32.2,32.5,32.5,32.8,32.9,33.1,33.2,33.4,33.4,33.6,33.8,33.8,34.2,34.4,34.5,34.7,34.9,35.2,35.4,35.8,35.7,36.1,36.3,36.8,37.2,37.9,38.9,40.0,41.5,42.8,44.5,45.4,45.8,45.8,46.0,46.0,45.9,46.0,45.9,45.8,46.0,46.0,46.1,46.3,46.2,46.4,46.4,46.3,46.4,46.4,46.4,46.5,46.4,46.4,46.5,46.6,46.6,46.7,46.7,46.6,46.7,46.9,46.9,46.7,46.8,46.9,46.9,47.0,47.1,47.3,47.4,47.5,47.5,47.5,47.6,47.5,47.4,47.4,47.3,47.3,47.4,47.3,47.4,47.3,47.2,47.3,47.2,47.2,47.1,47.3,47.2,47.2,47.2,47.2,47.1,47.0,46.9,46.8,46.6,46.6,46.5,46.4,46.4,46.2,46.0,46.0,46.0,45.8,45.7,45.7,45.6,45.5,45.3,45.4,45.2,45.1,45.1,44.9,44.7,44.4,44.0,43.8,43.5,43.3,43.0,42.8,42.5,42.3,42.1,41.3,39.5,37.7,36.3,35.2,34.4,33.9,33.5,33.0,32.7,32.5,32.0,31.8,31.4,31.1,31.1,31.0,30.7,30.6,30.4,30.3,30.1,30.1,29.9,29.7,29.8,29.9,29.6,29.6,29.5,29.3,29.4,29.3,29.2,29.3,29.0,29.0,28.9,29.0,29.0,28.9,28.8,28.7,29.0,28.8,28.6,28.7,28.6,28.7,28.5,28.7,28.5,28.5,28.5,28.5,28.5
108,31.7,31.7,31.9,32.0,32.1,32.2,32.2,32.2,32.6,32.6,32.9,32.9,33.2,33.3,33.3,33.5,33.5,33.6,33.9,34.1,34.3,34.4,34.7,34.8,35.1,35.5,35.5,35.9,36.1,36.5,36.7,37.2,37.5,38.5,39.5,41.0,42.5,44.2,45.3,45.8,45.6,45.9,45.7,45.8,45.8,45.6,45.6,45.6,45.7,46.0,45.9,45.8,45.9,45.9,46.0,45.9,46.2,46.1,46.0,46.1,46.1,46.1,46.1,46.1,46.1,46.1,46.0,46.3,46.2,46.2,46.1,46.2,46.2,46.2,46.5,46.8,47.1,47.2,47.4,47.5,47.5,47.5,47.4,47.4,47.3,47.5,47.4,47.4,47.3,47.3,47.3,47.3,47.3,47.2,47.1,47.2,47.2,47.2,47.2,47.2,47.0,46.9,46.9,46.8,46.7,46.6,46.6,46.5,46.4,46.2,46.1,46.1,45.8,45.7,45.7,45.7,45.6,45.5,45.4,45.3,45.2,45.2,45.0,45.1,44.9,44.7,44.4,44.0,43.8,43.6,43.4,43.1,42.9,42.5,42.3,42.1,41.2,39.5,37.8,36.3,35.2,34.6,34.0,33.5,33.2,32.6,32.4,32.1,31.7,31.4,31.3,31.1,30.8,30.8,30.5,30.2,30.3,30.1,30.1,30.2,30.0,29.9,29.7,29.5,29.4,29.4,29.3,29.2,29.4,29.2,29.2,28.9,29.1,29.2,29.1,29.0,28.8,28.8,28.8,28.9,28.6,28.6,28.6,28.8,28.7,28.6,28.6,28.6,28.5,28.5,28.5,28.3
109,31.7,31.9,31.9,31.9,31.9,32.1,32.3,32.4,32.5,32.7,32.7,32.9,33.1,33.2,33.4,33.7,33.7,33.7,34.0,34.1,34.4,34.3,34.6,35.0,35.2,35.4,35.6,35.7,36.1,36.5,36.7,37.0,37.7,38.5,39.7,41.0,42.4,43.9,44.8,44.9,45.3,45.3,45.4,45.3,45.2,45.3,45.3,45.3,45.3,45.3,45.4,45.3,45.5,45.3,45.6,45.5,45.6,45.5,45.6,45.6,45.6,45.6,45.6,45.6,45.6,45.7,45.6,45.6,45.6,45.4,45.3,45.2,45.1,45.2,45.7,46.0,46.9,47.2,47.3,47.3,47.4,47.4,47.3,47.3,47.3,47.3,47.3,47.4,47.3,47.2,47.2,47.3,47.2,47.1,47.1,47.2,47.3,47.1,47.1,47.1,47.0,46.9,46.8,46.6,46.6,46.5,46.3,46.3,46.2,46.0,46.0,45.8,45.8,45.8,45.6,45.6,45.4,45.4,45.4,45.3,45.2,45.3,45.0,44.9,44.9,44.6,44.3,44.1,43.7,43.4,43.3,42.9,42.8,42.7,42.4,42.1,41.3,39.5,37.8,36.3,35.2,34.5,33.8,33.5,33.1,32.6,32.5,32.0,31.8,31.5,31.3,31.1,30.9,30.7,30.6,30.4,30.3,30.3,30.2,29.9,30.0,29.8,29.5,29.6,29.5,29.5,29.5,29.3,29.4,29.1,29.2,29.1,29.2,29.1,28.9,28.9,28.8,28.9,28.8,28.8,28.8,28.7,28.7,28.7,28.7,28.5,28.4,28.6,28.4,28.5,28.3,28.4
110,31.8,31.7,31.9,32.1,32.1,32.2,32.3,32.5,32.6,32.8,32.8,32.9,33.2,33.4,33.5,33.5,33.6,33.8,33.8,34.2,34.3,34.4,34.5,34.9,35.0,35.2,35.5,35.9,36.1,36.3,36.8,37.2,37.6,38.5,39.8,41.2,42.6,43.5,44.0,44.4,44.5,44.9,44.9,44.9,45.2,45.0,45.1,45.1,45.0,45.3,45.2,45.2,45.2,45.2,45.2,45.3,45.2,45.2,45.3,45.3,45.2,45.4,45.2,45.2,45.2,45.2,45.2,45.0,44.9,44.6,44.4,44.1,44.2,44.3,44.8,45.7,46.5,47.1,47.3,47.5,47.4,47.3,47.2,47.3,47.3,47.4,47.3,47.4,47.3,47.2,47.2,47.1,47.2,47.2,47.1,47.1,47.2,47.0,47.1,47.0,47.0,46.9,46.9,46.6,46.5,46.5,46.5,46.3,46.1,46.1,45.9,45.9,45.7,45.6,45.5,45.4,45.4,45.4,45.2,45.2,45.2,45.1,44.9,44.9,44.8,44.6,44.2,43.9,43.7,43.4,43.3,43.0,42.9,42.6,42.2,42.2,41.2,39.4,37.9,36.2,35.3,34.4,33.9,33.5,33.0,32.7,32.3,31.9,31.6,31.5,31.2,30.9,30.7,30.7,30.7,30.3,30.2,30.2,30.1,29.9,29.9,29.8,29.6,29.6,29.6,29.4,29.4,29.3,29.2,29.2,29.1,29.2,29.1,29.1,29.1,28.9,29.0,28.8,28.7,28.7,28.7,28.7,28.8,28.7,28.7,28.7,28.5,28.5,28.4,28.4,28.5,28.5
111,31.8,31.9,32.1,32.1,32.0,32.2,32.4,32.4,32.6,32.8,32.7,33.0,33.2,33.3,33.3,33.5,33.7,33.8,33.8,34.2,34.2,34.3,34.6,34.8,35.0,35.3,35.6,35.9,36.0,36.4,36.6,37.1,37.7,38.6,39.9,41.3,42.6,43.0,43.7,44.0,44.2,44.6,44.7,44.9,44.9,44.9,45.0,45.1,45.0,45.1,45.0,45.0,45.2,45.1,45.1,45.1,45.1,45.2,45.1,45.1,45.0,45.0,45.1,45.1,45.2,45.0,44.9,44.8,44.6,44.4,44.0,43.8,43.5,43.8,44.5,45.4,46.6,47.0,47.3,47.2,47.3,47.3,47.1,47.2,47.2,47.3,47.3,47.3,47.2,47.1,47.2,47.1,47.1,47.2,47.1,47.1,47.1,47.1,47.0,47.1,47.0,46.8,46.8,46.6,46.3,46.3,46.3,46.3,46.1,45.9,45.9,45.7,45.7,45.6,45.5,45.3,45.3,45.3,45.2,45.2,45.2,45.1,45.0,44.8,44.8,44.6,44.2,44.0,43.7,43.3,43.1,42.9,42.7,42.5,42.1,42.0,41.1,39.5,37.7,36.2,35.1,34.4,34.0,33.4,33.0,32.5,32.2,32.1,31.8,31.4,31.2,31.0,30.9,30.7,30.5,30.3,30.3,30.2,29.9,29.8,29.9,29.7,29.8,29.5,29.6,29.5,29.4,29.3,29.2,29.2,29.0,29.1,29.0,29.0,29.0,28.9,29.0,28.7,28.9,28.7,28.6,28.5,28.7,28.7,28.8,28.7,28.7,28.7,28.5,28.5,28.5,28.4
112,31.9,32.0,32.0,32.2,32.3,32.3,32.4,32.5,32.5,32.7,32.8,32.9,33.4,33.3,33.4,33.6,33.7,33.7,33.9,33.9,34.4,34.4,34.6,34.8,35.0,35.3,35.3,35.8,36.0,36.4,36.6,37.2,37.7,38.9,40.0,41.5,42.7,43.3,43.8,44.0,44.1,44.3,44.6,44.6,44.7,44.8,44.9,44.9,45.1,45.0,45.0,45.0,45.1,45.0,45.1,45.1,45.1,45.1,45.0,45.0,44.9,45.2,44.9,45.0,45.0,44.9,44.7,44.7,44.4,44.2,44.1,43.9,43.8,44.1,44.7,45.6,46.6,47.1,47.3,47.3,47.3,47.3,47.2,47.2,47.2,47.1,47.2,47.4,47.2,47.1,47.2,47.2,47.2,47.1,47.2,47.2,47.1,47.0,47.0,47.0,46.9,46.8,46.7,46.6,46.4,46.3,46.3,46.2,45.9,46.0,45.9,45.7,45.6,45.5,45.5,45.4,45.2,45.3,45.3,45.2,45.1,45.0,44.9,44.8,44.8,44.5,44.1,43.9,43.5,43.4,43.2,42.9,42.6,42.3,42.1,41.7,41.1,39.3,37.7,36.3,35.3,34.4,33.9,33.4,33.1,32.8,32.4,32.1,31.9,31.6,31.3,31.1,31.0,30.8,30.5,30.6,30.4,30.2,30.1,30.0,30.0,29.7,29.8,29.7,29.7,29.6,29.5,29.2,29.3,29.2,29.3,29.3,29.0,29.0,29.0,28.9,29.0,28.8,28.9,28.8,28.6,28.7,28.9,28.7,28.5,28.6,28.7,28.5,28.6,28.5,28.4,28.4
113,31.9,31.9,32.0,32.0,32.2,32.2,32.2,32.5,32.6,32.6,32.8,32.9,33.1,33.4,33.4,33.7,33.6,33.7,34.0,34.1,34.0,34.4,34.4,34.7,34.9,35.1,35.4,35.8,36.0,36.2,36.7,37.1,37.6,38.5,39.8,41.4,42.7,43.5,43.9,44.1,44.2,44.5,44.7,44.6,44.7,44.9,45.0,45.0,45.1,45.0,45.1,45.0,45.0,45.0,45.2,45.2,45.1,45.2,45.1,45.2,45.2,45.0,45.2,45.1,45.0,45.1,44.9,44.7,44.6,44.8,44.4,44.3,44.5,44.6,45.2,45.8,46.7,47.0,47.1,47.2,47.3,47.2,47.3,47.0,47.0,47.0,47.1,47.1,47.1,47.1,47.1,47.1,47.0,47.0,47.1,47.0,47.0,46.9,46.9,46.9,46.8,46.8,46.6,46.4,46.2,46.3,46.2,45.9,45.8,45.6,45.7,45.6,45.6,45.6,45.4,45.2,45.3,45.2,45.1,45.1,45.0,44.9,44.9,44.7,44.6,44.5,44.1,43.9,43.7,43.3,43.0,42.9,42.5,42.3,42.0,41.8,41.1,39.3,37.8,36.3,35.1,34.4,33.8,33.4,32.9,32.6,32.2,32.0,31.8,31.5,31.2,31.0,30.8,30.7,30.4,30.4,30.3,30.2,30.1,30.0,29.9,29.8,29.7,29.6,29.5,29.5,29.3,29.3,29.2,29.0,29.0,29.0,28.9,28.8,29.0,28.9,29.0,28.7,28.7,28.7,28.8,28.8,28.7,28.7,28.5,28.5,28.4,28.5,28.5,28.5,28.4,28.4
114,32.1,32.0,32.1,32.1,32.3,32.4,32.2,32.5,32.6,32.6,32.8,33.0,33.3,33.3,33.4,33.4,33.6,33.8,33.8,34.1,34.1,34.3,34.4,34.6,34.9,35.2,35.3,35.7,36.0,36.4,36.7,37.0,37.7,38.4,39.7,41.2,42.7,43.9,44.6,44.8,44.9,45.1,45.1,45.0,45.1,45.1,45.3,45.4,45.4,45.5,45.6,45.5,45.6,45.6,45.6,45.6,45.7,45.6,45.7,45.6,45.6,45.5,45.7,45.6,45.6,45.6,45.4,45.5,45.5,45.6,45.4,45.5,45.4,45.5,46.2,46.4,46.9,47.2,47.2,47.2,47.3,47.2,47.1,47.0,47.1,47.1,47.1,47.2,47.1,47.1,47.2,47.1,47.0,47.1,47.1,47.0,46.9,47.0,47.0,46.9,46.8,46.7,46.6,46.3,46.3,46.2,46.1,45.9,45.8,45.7,45.5,45.5,45.5,45.5,45.3,45.3,45.2,45.2,45.1,45.1,45.0,44.9,44.9,44.6,44.7,44.5,44.2,43.9,43.7,43.3,43.2,42.9,42.6,42.3,42.1,41.9,41.1,39.4,37.7,36.2,35.1,34.6,33.8,33.4,32.9,32.6,32.3,31.9,31.8,31.5,31.2,31.0,30.7,30.7,30.5,30.3,30.4,30.2,30.1,29.9,30.0,29.7,29.7,29.7,29.6,29.5,29.6,29.4,29.2,29.3,29.1,28.9,29.1,28.9,29.1,29.0,28.8,29.0,28.7,28.8,28.8,28.8,28.6,28.6,28.4,28.7,28.6,28.4,28.4,28.4,28.6,28.5
115,31.8,32.1,32.0,32.2,32.2,32.5,32.5,32.7,32.6,32.9,32.9,33.0,33.2,33.2,33.3,33.4,33.6,33.8,33.8,34.1,34.2,34.1,34.5,34.5,34.9,35.2,35.4,35.7,36.0,36.3,36.7,37.0,37.6,38.3,39.5,40.9,42.7,44.5,45.1,45.5,45.6,45.5,45.6,45.6,45.4,45.7,45.8,45.7,45.9,45.7,45.9,45.8,45.8,45.9,45.8,45.9,45.9,46.0,46.1,46.2,46.0,46.1,46.1,46.0,46.1,46.2,46.2,46.2,46.3,46.2,46.3,46.5,46.5,46.6,46.8,46.9,47.0,47.1,47.1,47.2,47.1,47.2,47.0,47.1,47.1,47.0,47.0,47.1,47.2,46.9,47.1,47.1,47.1,47.0,47.1,46.9,46.9,46.8,46.8,46.8,46.7,46.7,46.5,46.3,46.1,46.2,46.0,45.8,45.7,45.5,45.4,45.4,45.4,45.4,45.4,45.3,45.2,45.1,45.1,45.0,45.0,44.7,44.8,44.7,44.7,44.5,44.1,43.8,43.5,43.3,43.0,42.8,42.6,42.3,41.9,42.0,41.0,39.4,37.7,36.3,35.1,34.5,33.7,33.4,33.0,32.6,32.4,31.9,31.6,31.4,31.2,31.0,30.8,30.7,30.5,30.4,30.3,30.3,30.0,29.9,29.8,29.8,29.8,29.5,29.7,29.5,29.4,29.3,29.2,29.3,29.1,29.0,29.0,28.9,29.1,28.8,29.0,28.7,28.7,28.7,28.7,28.8,28.6,28.6,28.5,28.6,28.5,28.5,28.6,28.5,28.4,28.5
116,31.7,32.1,32.0,32.2,32.3,32.4,32.5,32.5,32.6,32.6,32.9,32.8,33.0,33.2,33.4,33.4,33.5,33.6,33.8,34.1,34.1,34.2,34.3,34.4,34.8,34.9,35.3,35.6,35.9,36.4,36.6,37.1,37.6,38.2,39.4,41.1,42.7,44.6,45.4,45.7,45.8,45.9,45.8,45.8,45.7,45.6,45.8,45.7,45.6,45.7,45.8,45.8,45.9,45.9,46.0,45.9,46.0,46.1,46.0,46.2,46.3,46.2,46.3,46.3,46.4,46.4,46.4,46.5,46.5,46.7,46.9,46.8,47.1,47.0,47.1,47.3,47.1,47.2,47.1,47.2,47.2,47.0,47.2,47.1,47.0,46.9,47.1,47.0,47.1,46.9,47.0,46.9,46.9,47.0,46.9,47.0,46.8,46.8,46.8,46.8,46.6,46.5,46.4,46.2,46.0,45.9,45.8,45.8,45.6,45.6,45.5,45.5,45.2,45.3,45.1,45.2,45.1,45.1,45.0,45.0,44.8,44.9,44.7,44.6,44.5,44.4,44.0,43.7,43.5,43.3,43.0,42.9,42.6,42.4,42.0,41.8,41.1,39.2,37.7,36.1,35.2,34.3,33.8,33.2,32.9,32.7,32.3,31.9,31.7,31.7,31.2,31.2,30.8,30.7,30.5,30.2,30.2,30.1,30.0,29.8,29.8,29.8,29.6,29.7,29.5,29.4,29.4,29.2,29.2,29.1,29.0,29.2,29.1,29.0,29.0,28.9,28.8,28.8,28.8,28.8,28.7,28.6,28.7,28.7,28.5,28.6,28.5,28.5,28.5,28.6,28.4,28.5
117,31.8,31.9,32.1,32.2,32.3,32.5,32.4,32.3,32.7,32.6,32.8,33.0,33.1,33.2,33.2,33.4,33.4,33.7,33.9,33.8,33.9,34.2,34.3,34.4,34.8,34.9,35.3,35.6,35.9,36.5,36.5,37.1,37.7,38.4,39.5,41.2,42.8,44.7,45.5,45.8,45.8,45.7,45.7,45.7,45.5,45.5,45.5,45.6,45.5,45.6,45.6,45.6,45.6,45.7,45.9,45.9,46.0,46.1,46.0,46.1,46.2,46.1,46.3,46.5,46.4,46.5,46.6,46.6,46.6,46.8,46.9,46.9,47.0,47.0,47.2,47.1,47.2,47.0,47.1,47.2,47.0,47.0,47.0,46.9,46.9,47.0,46.8,46.9,46.9,46.9,46.9,46.8,46.8,46.7,46.8,46.7,46.6,46.6,46.6,46.5,46.4,46.3,46.2,45.9,45.9,46.0,45.9,45.7,45.7,45.5,45.4,45.3,45.3,45.3,45.2,45.2,45.1,45.0,44.8,45.0,44.9,44.8,44.7,44.6,44.5,44.3,44.0,43.7,43.5,43.2,43.0,42.8,42.6,42.4,42.2,41.8,41.0,39.3,37.7,36.1,34.9,34.3,33.7,33.3,32.9,32.4,32.3,31.9,31.7,31.5,31.2,31.0,30.9,30.7,30.5,30.4,30.3,30.2,29.9,29.9,29.9,29.7,29.7,29.5,29.5,29.5,29.5,29.2,29.3,29.1,29.2,28.9,29.1,28.9,29.1,29.0,28.9,28.8,28.8,28.8,28.8,28.6,28.8,28.6,28.5,28.4,28.6,28.5,28.5,28.5,28.4,28.5
118,31.8,32.0,32.2,32.2,32.3,32.4,32.6,32.5,32.6,32.7,32.8,32.9,32.9,33.1,33.4,33.5,33.6,33.7,33.6,34.0,34.1,34.1,34.3,34.5,34.8,35.0,35.2,35.6,35.9,36.2,36.9,37.4,38.1,39.1,40.1,41.7,43.2,44.7,45.4,45.4,45.5,45.5,45.5,45.3,45.3,45.3,45.4,45.3,45.2,45.3,45.3,45.4,45.2,45.2,45.3,45.5,45.6,45.9,46.0,46.1,46.2,46.2,46.3,46.4,46.4,46.5,46.6,46.6,46.6,46.8,46.8,47.0,47.0,46.9,47.2,47.1,47.0,47.0,47.0,47.1,47.1,47.1,47.1,46.9,47.0,46.9,46.9,46.9,46.9,46.8,46.8,46.8,46.8,46.7,46.6,46.5,46.5,46.5,46.6,46.4,46.4,46.2,46.1,46.0,45.9,45.8,45.9,45.9,45.7,45.7,45.3,45.4,45.1,45.4,45.2,45.2,45.0,44.9,45.0,45.0,44.8,44.6,44.6,44.6,44.5,44.3,43.9,43.7,43.5,43.1,42.9,42.8,42.7,42.5,42.2,41.8,40.9,39.4,37.7,36.2,34.9,34.2,33.8,33.4,32.9,32.5,32.1,31.9,31.6,31.4,31.1,31.0,30.9,30.7,30.7,30.4,30.1,30.1,29.9,29.9,29.9,29.8,29.8,29.5,29.7,29.6,29.6,29.3,29.2,29.3,29.2,29.0,29.0,28.9,28.9,29.0,28.9,28.7,28.7,28.8,28.7,28.7,28.6,28.7,28.5,28.6,28.5,28.6,28.5,28.5,28.5,28.5
119,31.9,31.9,32.1,32.1,32.4,32.3,32.2,32.6,32.6,32.6,32.8,33.0,33.0,33.0,33.3,33.4,33.5,33.6,33.7,33.8,33.9,34.2,34.3,34.5,34.8,35.1,35.3,35.6,35.9,36.6,37.3,38.0,38.9,39.9,41.5,42.5,43.4,44.5,45.0,45.0,45.2,45.0,45.0,44.8,44.9,44.8,45.0,44.9,44.9,45.1,45.0,45.1,45.0,44.9,45.0,45.2,45.4,45.8,46.2,46.3,46.3,46.3,46.4,46.4,46.5,46.5,46.6,46.7,46.7,46.8,46.9,46.9,47.0,47.0,47.0,47.1,46.9,47.0,47.1,47.1,47.1,47.1,47.0,47.0,46.9,46.9,46.9,46.9,46.8,46.8,46.8,46.8,46.7,46.8,46.6,46.4,46.6,46.4,46.4,46.3,46.2,46.1,46.2,45.9,45.9,45.9,45.8,45.6,45.7,45.5,45.4,45.4,45.3,45.3,45.0,45.0,45.0,44.9,44.8,44.8,44.7,44.7,44.6,44.4,44.4,44.3,43.9,43.7,43.3,43.3,42.8,42.8,42.5,42.3,41.9,41.7,41.0,39.1,37.7,36.1,34.9,34.2,33.7,33.2,32.9,32.5,32.1,31.8,31.5,31.4,31.3,31.1,31.0,30.5,30.5,30.5,30.3,30.1,30.0,29.8,29.9,29.7,29.7,29.5,29.4,29.3,29.5,29.4,29.2,29.2,29.1,29.0,29.0,29.1,28.9,28.9,28.7,28.8,28.7,28.9,28.7,28.6,28.7,28.7,28.4,28.5,28.5,28.5,28.4,28.5,28.5,28.3
120,31.9,31.9,31.9,32.2,32.4,32.5,32.5,32.5,32.6,32.7,33.0,32.9,33.1,33.2,33.2,33.3,33.5,33.5,33.5,34.0,33.9,33.9,34.2,34.4,34.7,34.9,35.3,35.7,36.4,37.1,38.1,39.1,40.2,41.2,42.6,43.5,44.0,44.4,44.7,44.8,44.6,44.8,44.6,44.5,44.5,44.4,44.5,44.5,44.6,44.7,44.6,44.5,44.6,44.5,44.5,44.9,45.3,45.7,46.2,46.4,46.3,46.6,46.6,46.5,46.5,46.6,46.6,46.7,46.7,46.7,46.8,47.0,46.9,46.9,47.0,47.1,47.0,46.9,47.0,47.1,47.1,47.0,47.0,47.0,46.9,46.8,46.9,46.8,46.7,46.7,46.7,46.6,46.7,46.5,46.5,46.4,46.4,46.4,46.3,46.2,46.1,46.0,45.9,45.8,45.9,45.7,45.7,45.6,45.6,45.5,45.4,45.3,45.3,45.2,45.0,45.1,44.9,44.8,44.8,44.7,44.7,44.5,44.6,44.5,44.4,44.3,43.9,43.5,43.3,43.2,43.0,42.8,42.5,42.2,42.0,41.7,40.9,39.2,37.6,36.1,34.9,34.3,33.7,33.3,32.9,32.5,32.1,31.9,31.5,31.4,31.0,31.0,30.7,30.6,30.5,30.3,30.4,30.0,30.0,29.9,29.9,29.9,29.9,29.6,29.6,29.5,29.5,29.3,29.2,29.1,29.1,29.0,29.0,29.1,28.9,28.9,28.8,28.9,28.7,28.9,28.6,28.6,28.7,28.6,28.5,28.6,28.5,28.5,28.5,28.5,28.5,28.4
121,32.0,32.1,32.2,32.1,32.3,32.4,32.5,32.6,32.6,32.8,32.7,32.7,32.9,33.0,33.2,33.3,33.5,33.5,33.5,33.8,33.9,34.2,34.2,34.4,34.6,35.1,35.1,36.0,36.8,38.1,39.3,40.8,41.7,42.6,43.5,43.9,44.1,44.3,44.4,44.6,44.4,44.5,44.4,44.3,44.4,44.1,44.3,44.4,44.4,44.4,44.4,44.4,44.3,44.3,44.4,44.8,45.1,45.8,46.1,46.3,46.3,46.4,46.4,46.6,46.6,46.6,46.6,46.6,46.7,46.6,46.6,46.9,46.9,46.9,47.0,47.0,47.0,47.1,47.0,47.1,47.0,47.0,46.9,46.9,46.8,46.9,46.8,46.8,46.8,46.7,46.7,46.6,46.6,46.5,46.5,46.3,46.3,46.3,46.2,46.1,46.0,45.9,45.8,45.8,45.8,45.7,45.6,45.5,45.4,45.5,45.3,45.2,45.3,45.1,45.0,45.1,45.0,44.8,44.8,44.6,44.5,44.5,44.4,44.3,44.3,44.2,43.8,43.7,43.3,43.0,42.8,42.7,42.3,42.1,41.8,41.7,40.9,39.3,37.5,36.1,34.9,34.1,33.8,33.3,32.9,32.5,32.1,31.8,31.7,31.4,31.2,31.0,30.8,30.6,30.5,30.3,30.4,30.1,29.9,29.9,29.7,29.7,29.7,29.7,29.5,29.3,29.4,29.3,29.3,29.3,29.2,29.1,29.1,28.8,29.0,29.0,29.0,28.8,28.9,28.7,28.7,28.6,28.7,28.7,28.6,28.5,28.6,28.5,28.5,28.5,28.4,28.4
122,32.0,32.0,32.1,32.2,32.4,32.3,32.5,32.7,32.7,32.7,32.7,32.8,33.0,33.0,33.3,33.3,33.3,33.5,33.5,33.7,33.8,34.0,34.2,34.4,34.6,34.9,35.3,36.1,37.2,38.8,40.5,41.8,42.5,43.2,43.7,44.0,44.3,44.4,44.4,44.3,44.5,44.3,44.3,44.2,44.0,44.2,44.3,44.4,44.4,44.4,44.2,44.2,44.2,44.0,44.2,44.5,45.1,45.7,46.2,46.4,46.4,46.5,46.5,46.5,46.6,46.6,46.5,46.6,46.5,46.7,46.6,46.9,46.8,47.0,47.0,47.0,47.0,46.9,47.0,47.1,47.0,47.0,46.9,46.7,46.9,46.8,46.7,46.8,46.6,46.6,46.6,46.4,46.4,46.4,46.2,46.1,46.1,46.0,46.0,45.9,45.9,45.9,45.8,45.7,45.6,45.6,45.5,45.4,45.3,45.3,45.4,45.2,45.1,45.2,45.1,45.0,44.8,44.9,44.8,44.7,44.7,44.6,44.5,44.4,44.2,44.2,43.7,43.5,43.2,42.9,42.9,42.6,42.2,42.0,41.6,41.6,40.9,39.3,37.6,36.1,35.0,34.2,33.6,33.2,32.9,32.3,32.3,31.8,31.4,31.3,31.2,31.0,30.8,30.5,30.5,30.5,30.3,30.2,30.1,30.0,29.9,29.8,29.7,29.6,29.4,29.5,29.5,29.4,29.4,29.3,29.1,28.9,29.1,29.1,29.0,28.7,28.9,28.8,28.7,28.7,28.7,28.7,28.7,28.7,28.6,28.6,28.5,28.5,28.4,28.4,28.5,28.4
123,32.1,32.1,32.0,32.1,32.3,32.3,32.6,32.7,32.7,32.8,32.8,32.9,33.0,33.0,33.2,33.3,33.5,33.5,33.7,33.7,33.9,34.0,34.3,34.4,34.8,35.2,35.5,36.2,37.7,39.4,41.2,42.3,42.9,43.5,43.8,44.1,44.2,44.4,44.3,44.4,44.3,44.3,44.0,44.0,43.9,44.0,44.2,44.5,44.8,44.5,44.5,44.2,44.0,43.7,43.9,44.3,44.9,45.6,46.3,46.4,46.5,46.5,46.7,46.6,46.5,46.6,46.6,46.6,46.6,46.7,46.6,46.8,46.8,46.9,47.0,46.8,47.0,47.0,47.1,47.1,46.9,47.0,46.9,46.9,46.9,46.9,46.8,46.6,46.7,46.5,46.5,46.4,46.3,46.3,46.2,46.1,46.1,45.9,45.8,45.9,45.8,45.8,45.8,45.6,45.5,45.4,45.6,45.4,45.3,45.3,45.1,45.1,45.0,45.1,45.0,44.9,45.0,44.8,44.8,44.5,44.7,44.5,44.3,44.4,44.4,44.2,43.8,43.5,43.4,43.0,42.8,42.3,42.3,41.8,41.7,41.5,40.7,39.1,37.5,36.0,34.9,34.2,33.6,33.2,32.8,32.4,32.2,31.7,31.4,31.3,31.1,31.0,30.8,30.6,30.4,30.3,30.2,30.1,30.0,29.9,29.9,29.7,29.7,29.4,29.5,29.3,29.5,29.3,29.2,29.3,29.3,29.1,29.0,28.9,29.1,29.0,28.9,28.8,28.8,28.7,28.7,28.6,28.7,28.9,28.6,28.7,28.6,28.4,28.6,28.4,28.4,28.5
124,31.9,32.0,32.0,32.1,32.2,32.3,32.5,32.5,32.6,32.7,32.8,32.9,33.1,33.1,33.2,33.2,33.4,33.4,33.5,33.6,33.8,34.0,34.2,34.5,34.7,35.0,35.4,36.6,37.9,39.4,41.3,42.3,43.0,43.4,43.8,44.1,44.2,44.5,44.3,44.4,44.3,44.1,44.0,43.9,43.8,43.8,44.1,44.3,44.5,44.5,44.4,44.2,43.9,43.6,43.5,44.2,44.7,45.4,46.1,46.4,46.4,46.6,46.6,46.7,46.5,46.6,46.6,46.6,46.5,46.7,46.6,46.7,46.9,46.8,47.1,46.9,47.1,47.1,47.0,47.2,47.1,46.9,46.9,46.9,46.9,46.8,46.8,46.7,46.7,46.6,46.7,46.3,46.3,46.3,46.0,46.0,46.1,46.0,45.8,45.8,45.7,45.7,45.7,45.5,45.6,45.6,45.4,45.4,45.3,45.3,45.2,45.1,45.1,44.9,45.0,44.8,44.8,44.7,44.6,44.6,44.5,44.4,44.3,44.3,44.1,44.2,43.7,43.5,43.4,42.9,42.8,42.5,42.2,42.0,41.6,41.4,40.8,39.1,37.5,36.0,34.7,34.1,33.6,33.1,32.7,32.4,32.1,31.6,31.6,31.2,31.0,30.8,30.8,30.6,30.5,30.3,30.1,30.1,29.9,29.9,29.9,29.8,29.7,29.4,29.4,29.3,29.4,29.3,29.2,29.2,29.1,29.1,29.1,29.0,28.9,28.9,28.9,28.7,28.8,28.7,28.7,28.7,28.6,28.8,28.4,28.5,28.5,28.5,28.4,28.5,28.4,28.5
125,31.9,32.0,32.3,32.1,32.4,32.3,32.3,32.4,32.7,32.7,32.8,32.7,32.8,33.0,33.0,33.0,33.3,33.3,33.5,33.7,34.0,34.1,34.1,34.3,34.6,34.9,35.4,36.6,37.9,39.7,41.6,42.5,42.9,43.4,43.8,44.1,44.3,44.1,44.3,44.3,44.3,44.1,43.9,43.8,43.7,43.6,43.8,44.1,44.3,44.5,44.4,44.0,43.8,43.3,43.4,43.7,44.4,45.3,45.7,46.3,46.4,46.3,46.5,46.6,46.4,46.6,46.5,46.7,46.6,46.7,46.6,46.7,46.9,46.9,47.0,47.0,47.0,47.2,46.9,47.0,47.0,47.0,47.0,47.0,46.8,46.8,46.7,46.7,46.7,46.6,46.6,46.5,46.3,46.1,46.2,46.1,46.1,45.9,45.9,45.7,45.6,45.6,45.5,45.5,45.4,45.4,45.3,45.3,45.2,45.1,45.1,45.0,45.1,45.0,44.9,44.9,44.6,44.7,44.6,44.5,44.4,44.3,44.4,44.2,44.2,44.0,43.7,43.3,43.1,42.9,42.7,42.4,42.1,41.9,41.5,41.4,40.7,39.1,37.6,36.0,34.8,34.0,33.6,33.1,32.8,32.3,32.1,31.7,31.5,31.3,31.1,30.8,30.9,30.5,30.4,30.3,30.2,30.2,29.9,29.8,29.7,29.7,29.7,29.7,29.4,29.2,29.4,29.2,29.3,29.0,29.1,29.2,28.9,28.9,28.9,28.8,28.7,28.8,28.8,28.8,28.7,28.6,28.6,28.7,28.4,28.7,28.5,28.5,28.5,28.5,28.4,28.4
126,31.9,32.1,32.1,32.3,32.1,32.3,32.4,32.5,32.6,32.7,32.8,32.9,32.9,32.9,32.9,33.2,33.2,33.3,33.4,33.5,33.7,33.7,34.2,34.4,34.6,35.0,35.6,36.5,38.0,39.9,41.5,42.5,43.0,43.3,43.7,44.0,44.1,44.2,44.4,44.4,44.2,44.1,44.0,43.9,43.8,43.8,43.9,44.0,44.0,44.2,44.0,43.9,43.4,43.3,43.2,43.7,44.3,45.1,45.7,46.0,46.2,46.3,46.3,46.4,46.4,46.4,46.5,46.7,46.7,46.7,46.7,46.7,46.8,46.9,47.0,46.9,47.1,47.1,47.0,47.1,47.1,47.1,47.0,47.0,46.8,46.8,46.8,46.6,46.6,46.4,46.4,46.5,46.3,46.2,46.1,45.9,46.0,45.9,45.6,45.8,45.7,45.6,45.6,45.4,45.2,45.3,45.2,45.2,45.2,45.1,45.2,45.0,45.0,45.0,44.8,44.9,44.7,44.6,44.4,44.5,44.3,44.3,44.2,44.1,44.1,43.9,43.6,43.4,43.2,42.9,42.7,42.4,42.1,41.7,41.5,41.4,40.9,39.1,37.5,35.9,34.8,34.1,33.6,33.0,32.7,32.4,31.9,31.8,31.4,31.1,30.9,30.9,30.7,30.6,30.4,30.3,30.4,30.2,30.0,29.9,29.9,29.7,29.6,29.5,29.4,29.4,29.4,29.4,29.3,29.0,29.0,29.1,28.9,28.8,28.9,28.9,28.9,28.8,28.8,28.7,28.8,28.7,28.8,28.6,28.7,28.6,28.7,28.4,28.5,28.4,28.6,28.4
127,31.9,32.1,32.0,32.2,32.2,32.2,32.3,32.5,32.6,32.7,32.6,32.8,32.8,32.9,33.0,33.2,33.4,33.2,33.4,33.6,33.8,33.9,34.1,34.3,34.5,35.0,35.3,36.6,37.8,39.8,41.6,42.6,43.0,43.6,43.8,44.0,44.2,44.2,44.4,44.2,44.2,44.2,44.2,44.0,43.9,43.7,43.7,43.9,43.9,43.9,43.8,43.6,43.6,43.3,43.3,43.7,44.2,45.1,45.7,45.9,46.0,46.3,46.3,46.4,46.4,46.4,46.4,46.4,46.5,46.6,46.6,46.9,47.0,46.8,47.0,47.1,47.1,47.3,47.0,47.1,47.1,47.0,47.0,46.9,46.9,46.8,46.7,46.7,46.5,46.5,46.4,46.3,46.1,46.0,45.9,45.9,46.0,45.8,45.5,45.6,45.7,45.5,45.4,45.4,45.3,45.2,45.2,45.2,45.1,45.0,45.0,44.9,44.8,44.8,44.6,44.8,44.6,44.5,44.6,44.4,44.4,44.2,44.1,44.1,44.0,43.9,43.6,43.4,43.0,42.9,42.5,42.3,42.0,41.8,41.5,41.4,40.6,38.9,37.4,35.9,34.8,34.0,33.5,32.9,32.6,32.3,32.1,31.7,31.5,31.2,31.0,30.7,30.6,30.6,30.3,30.4,30.1,30.1,30.1,29.8,29.8,29.7,29.6,29.7,29.3,29.6,29.4,29.3,29.2,29.0,29.1,29.0,29.0,28.9,29.0,28.9,28.9,28.7,28.7,28.8,28.9,28.5,28.7,28.7,28.6,28.5,28.4,28.4,28.5,28.3,28.5,28.5
128,32.0,32.2,32.0,32.0,32.2,32.2,32.2,32.5,32.5,32.7,32.8,32.8,32.9,32.9,33.2,33.0,33.2,33.3,33.3,33.6,33.7,33.8,34.0,34.3,34.6,35.0,35.4,36.4,37.8,39.6,41.5,42.3,43.0,43.6,43.7,44.0,44.0,44.4,44.3,44.4,44.2,44.3,44.3,44.1,44.1,43.9,43.9,43.8,43.6,43.6,43.7,43.7,43.4,43.3,43.5,43.7,44.5,45.2,45.9,45.9,46.1,46.1,46.1,46.2,46.3,46.3,46.3,46.5,46.6,46.7,46.8,46.9,46.9,46.9,47.1,47.0,47.1,47.1,47.1,47.2,47.2,47.0,47.0,47.0,46.9,46.9,46.8,46.7,46.6,46.3,46.4,46.4,46.1,46.2,46.0,45.9,45.7,45.8,45.7,45.6,45.5,45.4,45.4,45.3,45.3,45.2,45.1,45.0,45.1,44.9,44.8,44.9,44.9,44.8,44.7,44.5,44.6,44.5,44.4,44.3,44.2,44.2,44.2,44.3,44.0,43.9,43.5,43.3,43.0,42.7,42.5,42.4,42.1,41.7,41.5,41.3,40.7,39.0,37.5,36.0,34.7,34.0,33.5,33.0,32.6,32.3,31.9,31.8,31.5,31.3,31.1,30.8,30.7,30.6,30.3,30.1,30.1,30.1,29.9,29.9,29.8,29.7,29.6,29.5,29.4,29.3,29.2,29.4,29.2,29.5,29.1,29.1,29.0,29.0,28.9,28.9,29.1,28.7,28.7,28.7,28.7,28.8,28.7,28.6,28.5,28.6,28.6,28.6,28.5,28.5,28.5,28.5
129,31.9,32.0,32.0,32.0,32.2,32.3,32.3,32.3,32.5,32.6,32.7,32.6,32.8,32.9,33.0,33.0,33.2,33.2,33.3,33.5,33.7,33.8,34.2,34.3,34.4,34.7,35.4,36.2,37.6,39.2,41.0,42.3,42.9,43.4,43.6,43.9,44.1,44.2,44.2,44.3,44.3,44.4,44.5,44.6,44.5,44.3,43.8,43.7,43.5,43.6,43.7,43.5,43.6,43.5,43.6,44.1,44.5,45.2,45.9,46.0,46.0,46.0,46.0,46.2,46.2,46.4,46.4,46.5,46.6,46.8,46.8,47.0,47.0,47.1,47.2,47.2,47.3,47.1,47.3,47.2,47.3,47.2,47.1,47.2,47.0,46.8,46.9,46.6,46.5,46.3,46.2,46.3,46.1,46.0,45.9,45.7,45.8,45.7,45.5,45.5,45.4,45.4,45.2,45.3,45.1,45.2,45.0,45.1,44.9,44.9,44.9,44.8,44.7,44.8,44.6,44.7,44.5,44.4,44.3,44.3,44.2,44.0,44.1,44.1,44.0,43.9,43.6,43.3,43.0,42.8,42.5,42.2,42.1,41.9,41.5,41.4,40.6,38.9,37.4,35.9,34.7,34.0,33.6,32.9,32.7,32.2,32.0,31.7,31.4,31.2,31.0,30.8,30.7,30.5,30.3,30.2,30.0,30.0,30.0,29.9,29.9,29.7,29.6,29.4,29.5,29.5,29.3,29.3,29.1,29.0,29.1,29.0,29.0,29.0,29.0,28.9,28.9,28.8,28.7,28.9,28.7,28.7,28.5,28.5,28.5,28.6,28.4,28.6,28.5,28.4,28.5,28.3
130,32.0,32.0,32.0,32.2,32.2,32.4,32.4,32.4,32.4,32.6,32.7,32.7,32.8,32.9,33.0,33.0,33.2,33.1,33.4,33.7,33.8,33.8,34.1,34.1,34.5,34.7,35.3,36.0,37.1,38.6,40.4,41.9,42.6,43.2,43.6,43.8,44.1,44.2,44.3,44.4,44.4,44.6,44.6,44.7,44.6,44.1,44.0,43.9,43.8,43.9,43.8,43.8,43.7,43.8,43.8,44.2,44.7,45.4,45.9,46.0,46.0,46.0,46.1,46.0,46.2,46.3,46.2,46.5,46.7,46.8,47.0,47.1,47.2,47.1,47.3,47.4,47.4,47.5,47.5,47.3,47.4,47.4,47.4,47.2,47.1,47.0,46.9,46.8,46.6,46.5,46.3,46.2,46.2,46.0,45.9,45.8,45.8,45.7,45.6,45.4,45.4,45.4,45.3,45.1,45.1,45.0,45.2,45.0,44.8,45.0,44.9,44.9,44.8,44.7,44.7,44.6,44.4,44.5,44.3,44.3,44.2,44.1,44.1,44.1,44.0,43.9,43.4,43.4,43.1,42.8,42.5,42.3,42.0,41.6,41.5,41.3,40.6,38.9,37.4,35.7,34.6,34.0,33.5,32.9,32.6,32.2,31.9,31.6,31.4,31.2,31.0,30.7,30.7,30.5,30.2,30.1,30.1,30.1,29.9,29.9,29.7,29.6,29.7,29.5,29.4,29.4,29.2,29.2,29.3,29.2,29.3,29.1,28.9,29.0,28.9,28.8,28.9,28.9,28.7,28.6,28.6,28.7,28.7,28.6,28.7,28.6,28.5,28.4,28.4,28.4,28.4,28.3
131,32.0,32.1,32.1,32.2,32.2,32.2,32.2,32.4,32.4,32.5,32.7,32.7,32.9,32.9,32.9,33.2,33.3,33.2,33.4,33.6,33.7,33.8,34.0,34.1,34.4,34.9,35.0,35.8,36.5,37.9,39.2,40.5,41.5,42.1,43.1,43.6,44.0,44.3,44.3,44.3,44.2,44.3,44.4,44.4,44.2,44.0,44.0,43.9,44.0,44.1,44.1,44.0,44.0,44.0,44.1,44.3,44.7,45.3,45.9,46.0,46.0,46.0,46.1,46.2,46.3,46.4,46.5,46.5,46.7,46.9,47.1,47.3,47.4,47.5,47.5,47.5,47.8,47.7,47.8,48.0,47.8,47.7,47.4,47.4,47.2,47.1,47.0,46.8,46.6,46.4,46.3,46.3,46.0,46.0,45.8,45.8,45.8,45.7,45.5,45.4,45.4,45.3,45.2,45.2,45.1,45.0,45.0,45.0,45.0,44.8,44.8,44.9,44.7,44.8,44.5,44.5,44.3,44.4,44.2,44.2,44.2,44.1,44.1,44.0,43.9,43.8,43.4,43.4,42.9,42.7,42.5,42.3,42.0,41.7,41.3,41.2,40.5,38.8,37.3,35.9,34.7,33.9,33.3,32.9,32.5,32.2,32.0,31.6,31.5,31.2,30.7,30.7,30.6,30.5,30.3,30.2,30.2,30.0,29.9,29.9,29.8,29.7,29.7,29.4,29.5,29.5,29.4,29.3,29.2,29.1,29.2,29.2,29.0,29.1,29.0,28.8,29.0,28.9,28.7,28.7,28.7,28.8,28.8,28.6,28.8,28.6,28.6,28.6,28.5,28.5,28.5,28.4
132,31.9,32.0,32.0,32.1,32.2,32.2,32.1,32.3,32.3,32.6,32.5,32.8,32.7,32.7,33.0,33.1,33.2,33.3,33.3,33.5,33.5,33.7,34.1,34.3,34.4,34.7,35.0,35.5,36.1,36.8,37.9,38.7,39.5,40.6,41.9,43.1,44.0,44.5,44.6,44.5,44.5,44.3,44.4,44.5,44.5,44.4,44.5,44.4,44.5,44.5,44.5,44.5,44.5,44.4,44.5,44.6,44.9,45.3,45.9,46.0,46.1,46.2,46.2,46.3,46.3,46.3,46.5,46.5,46.6,47.0,47.1,47.3,47.6,47.7,47.7,47.9,47.9,48.1,48.1,48.2,48.1,48.0,47.8,47.7,47.3,47.1,47.0,46.8,46.6,46.5,46.2,46.1,46.1,45.9,45.9,45.7,45.7,45.6,45.3,45.5,45.3,45.2,45.2,45.2,45.2,44.9,45.0,45.0,44.9,44.9,44.9,44.6,44.7,44.5,44.6,44.3,44.3,44.2,44.2,44.1,44.1,44.1,44.0,44.0,43.7,43.8,43.4,43.1,42.9,42.7,42.4,42.2,42.0,41.6,41.2,41.1,40.3,38.7,37.1,35.8,34.7,33.8,33.4,32.8,32.6,32.2,31.8,31.5,31.4,31.1,30.9,30.8,30.6,30.4,30.3,30.0,30.1,30.0,29.8,29.7,29.8,29.8,29.5,29.6,29.3,29.3,29.3,29.3,29.3,29.1,29.1,29.0,28.9,29.0,29.1,28.9,28.9,28.8,28.8,28.8,28.6,28.6,28.4,28.6,28.7,28.6,28.5,28.5,28.4,28.4,28.5,28.3
133,31.9,32.0,32.0,32.0,32.1,32.2,32.2,32.3,32.3,32.5,32.6,32.7,32.6,32.9,32.8,33.1,33.2,33.2,33.5,33.5,33.7,33.8,33.8,34.1,34.4,34.7,35.0,35.3,35.7,36.2,36.8,37.4,38.4,39.3,40.8,42.3,43.8,44.7,45.1,44.8,44.8,44.7,44.7,44.8,44.9,45.0,45.0,45.1,45.0,45.1,45.2,45.1,45.3,45.0,45.2,45.1,45.2,45.6,45.9,46.0,46.0,46.2,46.3,46.3,46.3,46.4,46.5,46.6,46.8,47.1,47.0,47.4,47.4,47.5,47.8,48.0,48.2,48.3,48.2,48.3,48.3,48.2,48.0,47.8,47.4,47.2,46.9,46.7,46.5,46.3,46.2,46.2,46.1,45.9,45.7,45.7,45.7,45.6,45.4,45.3,45.3,45.3,45.1,45.3,45.3,45.1,45.0,45.0,44.8,44.8,44.6,44.6,44.4,44.5,44.4,44.3,44.2,44.1,44.3,44.1,44.1,43.8,43.9,44.0,43.8,43.5,43.3,43.0,42.9,42.8,42.5,42.3,42.1,41.8,41.5,41.3,40.5,38.9,37.1,35.6,34.5,33.8,33.3,32.9,32.5,32.0,31.9,31.6,31.2,31.2,31.0,30.7,30.6,30.4,30.3,30.1,30.0,29.9,29.9,29.7,29.7,29.7,29.6,29.5,29.4,29.4,29.2,29.2,29.2,28.9,29.0,29.0,28.9,29.0,29.0,28.9,29.0,28.8,28.9,28.8,28.6,28.6,28.7,28.6,28.6,28.5,28.4,28.4,28.5,28.4,28.3,28.5
134,31.8,32.0,31.9,32.1,32.1,32.1,32.2,32.4,32.4,32.5,32.6,32.5,32.9,32.8,32.9,33.2,33.1,33.4,33.4,33.6,33.7,33.8,34.1,34.0,34.4,34.7,35.0,35.2,35.4,35.9,36.5,36.8,37.6,38.7,40.1,41.5,43.6,44.9,45.3,45.0,45.0,45.0,45.1,45.3,45.5,45.4,45.3,45.3,45.5,45.6,45.5,45.5,45.4,45.5,45.4,45.5,45.6,45.6,45.7,46.0,46.0,46.1,46.3,46.3,46.3,46.3,46.3,46.7,46.8,47.0,47.1,47.2,47.5,47.8,47.9,48.1,48.3,48.4,48.5,48.5,48.5,48.4,48.1,47.9,47.5,47.3,47.0,46.7,46.6,46.4,46.3,46.1,45.8,45.9,45.7,45.7,45.7,45.4,45.4,45.2,45.2,45.2,45.2,45.2,45.2,45.0,45.2,44.9,44.9,44.7,44.5,44.7,44.5,44.4,44.3,44.1,44.2,44.0,44.1,44.0,43.9,43.9,43.9,43.8,43.7,43.6,43.4,43.2,42.9,42.9,42.7,42.6,42.3,42.2,42.0,41.7,40.6,38.7,37.0,35.5,34.5,33.5,33.1,32.7,32.3,31.9,31.7,31.4,31.3,30.9,30.8,30.6,30.5,30.4,30.2,30.1,30.0,29.9,29.7,29.7,29.7,29.7,29.5,29.5,29.5,29.2,29.3,29.1,29.0,29.1,29.1,28.9,29.0,29.0,28.9,28.9,28.9,28.8,28.7,28.7,28.6,28.7,28.5,28.6,28.7,28.7,28.6,28.6,28.4,28.5,28.3,28.4
135,31.8,31.9,31.9,32.1,32.1,32.1,32.2,32.4,32.3,32.5,32.7,32.6,32.7,32.7,32.8,33.0,33.0,33.2,33.3,33.5,33.7,33.7,33.9,34.1,34.3,34.5,34.7,35.1,35.4,35.9,36.3,36.6,37.3,38.3,39.9,41.4,43.7,45.0,45.3,45.2,45.1,45.1,45.1,45.4,45.4,45.5,45.3,45.5,45.6,45.6,45.5,45.6,45.6,45.4,45.5,45.6,45.6,45.7,45.7,45.7,45.9,46.1,46.0,46.2,46.4,46.2,46.4,46.5,46.7,46.8,47.1,47.3,47.5,47.6,48.0,48.2,48.4,48.7,48.7,48.6,48.7,48.4,48.2,47.8,47.6,47.2,47.0,46.7,46.5,46.3,46.3,46.0,46.0,45.7,45.8,45.7,45.4,45.3,45.3,45.3,45.3,45.1,45.1,45.3,45.3,45.0,45.1,44.9,44.9,44.8,44.9,44.4,44.3,44.4,44.2,44.0,43.9,43.6,43.7,43.6,43.5,43.4,43.4,43.3,43.4,43.4,43.4,43.4,43.2,43.1,42.9,42.6,42.7,42.5,42.3,41.9,40.8,38.8,37.0,35.5,34.3,33.7,33.0,32.6,32.2,31.9,31.5,31.3,31.2,31.0,30.8,30.6,30.5,30.3,30.1,30.1,29.9,29.8,29.7,29.6,29.6,29.5,29.6,29.3,29.3,29.4,29.1,29.1,29.0,29.1,29.0,28.9,28.9,28.8,28.7,28.7,28.9,28.8,28.7,28.7,28.6,28.5,28.5,28.7,28.4,28.5,28.5,28.5,28.5,28.3,28.6,28.3
136,31.8,31.9,32.0,32.1,32.0,32.0,32.1,32.2,32.3,32.4,32.5,32.6,32.6,32.7,33.0,33.1,33.2,33.2,33.3,33.6,33.5,33.6,34.0,34.1,34.2,34.6,34.7,35.2,35.4,35.8,36.1,36.6,37.2,38.2,39.8,41.5,43.5,44.7,45.0,45.1,45.0,45.0,45.2,45.3,45.4,45.5,45.3,45.4,45.4,45.5,45.5,45.6,45.6,45.5,45.6,45.6,45.7,45.5,45.7,45.7,45.8,46.1,46.1,46.2,46.2,46.2,46.3,46.4,46.7,46.8,47.0,47.4,47.5,47.8,47.9,48.1,48.4,48.6,48.7,48.9,48.8,48.5,48.3,47.9,47.6,47.0,46.9,46.7,46.6,46.2,46.3,45.9,45.8,45.7,45.7,45.6,45.5,45.2,45.3,45.3,45.3,45.1,45.2,45.2,45.2,45.2,45.0,44.8,44.9,44.6,44.6,44.5,44.3,44.3,44.0,43.9,43.4,43.1,42.9,42.9,42.7,42.6,42.4,42.6,42.9,43.1,43.3,43.3,43.1,43.0,42.9,42.8,42.6,42.7,42.3,42.1,40.8,38.8,36.9,35.3,34.3,33.5,33.0,32.6,32.2,31.8,31.7,31.4,31.1,31.0,30.8,30.7,30.5,30.3,30.1,30.1,30.0,30.0,29.7,29.7,29.6,29.5,29.4,29.3,29.3,29.3,29.3,29.1,29.1,29.1,28.8,29.1,28.9,28.9,28.9,28.7,28.8,28.8,28.8,28.7,28.7,28.7,28.7,28.7,28.5,28.5,28.6,28.5,28.5,28.3,28.4,28.4
137,31.8,31.8,32.0,32.0,32.1,32.2,32.2,32.3,32.4,32.3,32.6,32.7,32.7,32.9,32.9,33.1,33.2,33.2,33.4,33.4,33.7,33.8,33.9,34.1,34.2,34.6,34.8,35.0,35.3,35.8,36.1,36.4,37.1,38.2,39.7,41.3,43.3,44.4,44.6,44.5,44.5,44.2,44.6,44.9,45.0,45.3,45.4,45.4,45.5,45.4,45.6,45.6,45.5,45.4,45.6,45.6,45.6,45.5,45.4,45.8,45.7,45.8,46.0,46.1,46.1,46.0,46.2,46.4,46.6,46.9,47.0,47.3,47.6,47.8,48.0,48.2,48.4,48.6,48.8,48.9,49.1,48.7,48.4,48.0,47.5,47.2,47.0,46.7,46.5,46.2,46.2,46.0,45.7,45.6,45.6,45.4,45.4,45.2,45.1,45.1,45.2,45.1,45.2,45.2,45.1,45.0,44.9,44.9,44.8,44.5,44.5,44.5,44.3,44.0,43.8,43.3,42.9,42.6,42.4,42.2,42.0,41.9,41.8,41.8,42.2,42.8,43.0,43.1,43.0,42.7,42.5,42.4,42.3,42.3,42.4,41.8,40.7,38.7,36.9,35.1,34.1,33.5,32.9,32.6,32.2,31.9,31.7,31.3,31.1,30.9,30.7,30.7,30.6,30.3,30.2,30.1,30.0,29.8,29.9,29.9,29.6,29.7,29.5,29.3,29.5,29.4,29.4,29.3,29.2,29.0,29.3,28.9,28.9,28.9,28.9,28.8,28.8,28.7,28.8,28.8,28.7,28.7,28.6,28.5,28.4,28.7,28.6,28.4,28.5,28.4,28.5,28.4
138,31.7,31.9,31.8,32.0,32.1,32.1,32.2,32.5,32.5,32.6,32.5,32.6,32.7,32.9,33.0,33.1,33.3,33.3,33.5,33.6,33.7,33.8,34.1,34.2,34.4,34.6,34.9,35.0,35.5,35.8,36.2,36.5,37.2,38.0,39.6,41.1,42.8,43.9,44.0,43.8,43.5,43.3,43.5,44.2,44.6,45.1,45.3,45.3,45.4,45.5,45.4,45.4,45.4,45.4,45.5,45.5,45.5,45.5,45.6,45.5,45.7,45.8,45.8,45.9,45.9,45.9,46.0,46.3,46.5,46.7,47.1,47.3,47.6,47.8,48.0,48.3,48.5,48.8,49.0,49.1,49.0,48.9,48.4,48.0,47.4,47.0,46.8,46.6,46.4,46.0,46.0,45.9,45.8,45.6,45.6,45.3,45.2,45.2,45.1,45.1,45.0,45.1,45.0,45.0,45.1,45.0,44.8,44.9,44.8,44.6,44.6,44.3,44.2,44.1,43.6,43.1,42.5,42.2,41.8,41.6,41.4,41.3,41.1,41.1,41.8,42.3,42.7,42.8,42.5,42.2,41.7,41.7,41.6,41.7,41.8,41.4,40.4,38.3,36.7,35.1,34.0,33.3,32.9,32.5,32.2,31.8,31.6,31.3,31.2,31.0,30.8,30.7,30.5,30.4,30.1,30.1,29.9,29.8,29.9,29.7,29.5,29.6,29.5,29.5,29.3,29.2,29.3,29.1,29.1,29.0,29.1,28.9,28.9,28.8,28.7,28.7,28.9,28.8,28.6,28.8,28.9,28.7,28.7,28.7,28.5,28.5,28.5,28.4,28.5,28.3,28.4,28.5
139,31.8,31.8,31.9,31.9,32.1,32.2,32.2,32.3,32.5,32.6,32.5,32.7,32.6,32.7,33.0,33.0,33.1,33.4,33.4,33.6,33.7,33.8,34.0,34.0,34.3,34.4,34.9,35.1,35.3,35.8,36.1,36.6,37.0,38.0,39.5,41.0,42.6,43.6,43.6,43.0,42.5,42.0,42.5,43.4,44.3,44.9,45.0,45.4,45.2,45.2,45.3,45.3,45.4,45.4,45.3,45.3,45.4,45.3,45.5,45.4,45.6,45.7,45.8,45.9,45.8,45.7,45.9,46.2,46.4,46.6,47.0,47.1,47.4,47.7,47.9,48.2,48.4,48.7,48.8,49.1,49.0,48.9,48.3,47.8,47.5,47.1,46.9,46.6,46.4,46.1,45.9,45.8,45.6,45.6,45.4,45.3,45.4,45.1,45.0,45.0,44.9,45.0,44.9,44.9,44.8,45.0,44.6,44.8,44.6,44.4,44.3,44.2,44.2,43.9,43.4,42.9,42.4,41.9,41.5,41.4,41.1,40.8,40.8,41.0,41.5,41.9,42.3,42.3,41.9,41.3,40.8,40.6,40.7,41.0,41.1,40.9,39.8,38.1,36.3,34.9,34.0,33.4,32.8,32.5,32.0,31.6,31.5,31.3,31.2,30.9,30.7,30.5,30.5,30.4,30.1,30.1,30.0,29.9,29.9,29.7,29.5,29.5,29.6,29.5,29.4,29.3,29.1,29.0,29.1,29.1,29.1,29.1,28.9,29.0,28.9,28.8,28.7,28.8,28.7,28.7,28.7,28.6,28.6,28.7,28.6,28.6,28.6,28.6,28.5,28.5,28.5,28.4
140,31.8,31.9,31.8,32.1,32.2,32.1,32.4,32.2,32.6,32.5,32.6,32.7,32.9,33.0,33.0,33.1,33.2,33.2,33.5,33.7,33.8,34.0,34.0,34.2,34.3,34.7,34.9,35.1,35.3,35.8,36.1,36.5,37.2,38.2,39.3,40.8,42.5,43.4,43.2,42.7,41.9,41.6,42.1,42.8,44.0,44.8,45.1,45.1,45.2,45.4,45.3,45.3,45.3,45.3,45.5,45.3,45.3,45.3,45.4,45.5,45.5,45.7,45.8,45.8,45.8,45.7,45.8,45.9,46.4,46.6,46.8,47.2,47.4,47.6,47.9,48.0,48.4,48.6,48.6,48.9,48.8,48.5,48.4,48.0,47.4,47.0,46.8,46.4,46.2,46.1,45.9,45.7,45.6,45.4,45.3,45.3,45.2,45.0,44.8,44.8,44.9,44.9,44.6,44.7,44.6,44.6,44.7,44.7,44.5,44.6,44.3,44.3,44.1,43.9,43.4,42.9,42.2,41.7,41.4,41.1,40.7,40.7,40.7,40.8,41.5,41.9,42.1,41.9,41.4,40.5,39.8,39.6,39.7,40.3,40.6,40.3,39.5,37.7,36.2,34.8,34.0,33.2,33.0,32.3,32.1,31.8,31.6,31.3,31.1,31.0,30.7,30.7,30.5,30.4,30.1,30.1,30.1,30.0,29.8,29.7,29.5,29.6,29.4,29.4,29.2,29.4,29.4,29.3,29.2,28.9,29.0,29.1,28.9,29.0,28.9,28.9,28.9,28.9,28.8,28.7,28.6,28.7,28.7,28.6,28.7,28.6,28.5,28.6,28.5,28.6,28.5,28.5
141,31.8,31.9,31.9,31.9,32.1,32.1,32.2,32.4,32.3,32.4,32.5,32.7,32.9,32.9,32.9,33.2,33.1,33.3,33.4,33.6,33.8,33.9,33.9,34.3,34.4,34.7,34.8,34.9,35.3,35.8,36.2,36.5,37.0,38.1,39.2,40.7,42.3,43.2,43.0,42.5,42.0,41.6,42.2,42.9,43.9,44.6,45.0,45.0,45.0,45.1,45.3,45.2,45.3,45.3,45.3,45.3,45.3,45.4,45.5,45.3,45.5,45.7,45.7,45.7,45.7,45.6,45.8,46.0,46.1,46.4,46.7,47.0,47.3,47.4,47.6,47.9,48.0,48.2,48.3,48.4,48.4,48.3,48.1,47.6,47.1,46.9,46.6,46.3,46.2,45.9,46.0,45.6,45.5,45.4,45.2,45.1,44.9,44.9,44.9,44.8,44.7,44.8,44.7,44.8,44.7,44.6,44.6,44.5,44.4,44.4,44.3,44.2,44.1,43.9,43.2,42.6,41.9,41.4,41.1,40.8,40.6,40.6,40.3,40.7,41.2,41.7,41.9,41.6,40.9,39.9,39.2,38.9,39.0,39.6,40.0,40.0,39.3,37.5,36.0,34.9,33.8,33.1,32.7,32.3,31.9,31.5,31.6,31.3,31.1,31.0,30.7,30.5,30.5,30.2,30.1,29.9,29.9,29.9,29.7,29.7,29.6,29.4,29.5,29.5,29.3,29.4,29.3,29.3,29.1,29.0,28.9,28.9,29.0,28.8,28.9,28.8,28.9,28.7,28.8,28.8,28.7,28.6,28.7,28.7,28.5,28.5,28.5,28.5,28.5,28.5,28.4,28.4
142,31.7,31.7,31.8,31.9,32.1,32.0,32.1,32.2,32.4,32.5,32.6,32.6,32.7,32.8,33.0,33.0,33.1,33.4,33.5,33.7,33.8,33.8,33.8,34.1,34.4,34.7,34.8,35.2,35.4,35.6,36.0,36.5,37.1,37.8,39.3,40.7,42.5,43.3,43.2,42.9,42.6,42.5,42.7,43.6,44.1,44.6,44.9,44.9,45.1,45.0,45.1,45.1,45.2,45.2,45.2,45.3,45.4,45.4,45.4,45.4,45.5,45.6,45.7,45.6,45.7,45.6,45.6,46.0,46.0,46.3,46.7,46.8,47.1,47.1,47.4,47.5,47.7,47.6,48.0,47.9,47.9,47.7,47.6,47.3,46.9,46.8,46.5,46.2,45.9,45.8,45.7,45.6,45.5,45.1,45.0,45.0,44.8,44.8,44.6,44.8,44.8,44.7,44.6,44.5,44.6,44.4,44.5,44.3,44.3,44.3,44.2,44.0,44.0,43.7,43.2,42.3,41.8,41.3,40.9,40.6,40.5,40.4,39.9,40.4,40.8,41.4,41.5,41.4,40.7,39.9,39.2,38.8,39.0,39.5,40.0,39.8,39.1,37.5,35.9,34.7,33.7,33.0,32.6,32.3,32.0,31.6,31.4,31.3,30.9,30.9,30.6,30.5,30.4,30.1,30.1,30.1,29.9,29.9,29.7,29.6,29.5,29.4,29.5,29.2,29.3,29.2,29.1,29.1,29.0,29.0,28.9,28.9,28.9,29.0,29.0,28.7,28.6,28.8,28.7,28.7,28.7,28.7,28.5,28.6,28.7,28.5,28.3,28.5,28.4,28.3,28.4,28.4
143,31.7,31.9,31.8,32.1,32.1,32.2,32.3,32.2,32.5,32.5,32.5,32.6,32.8,33.0,33.0,33.1,33.3,33.3,33.5,33.6,33.7,34.0,34.1,34.3,34.5,34.6,34.8,35.0,35.2,35.7,36.2,36.3,37.0,37.8,39.3,40.9,42.6,43.4,43.6,43.4,43.2,43.5,43.6,43.9,44.4,44.7,44.8,45.0,45.1,45.0,45.1,45.1,45.3,45.2,45.2,45.3,45.3,45.2,45.3,45.4,45.4,45.6,45.6,45.6,45.7,45.6,45.7,45.8,46.0,46.3,46.4,46.7,47.0,46.9,47.2,47.2,47.1,47.2,47.4,47.5,47.5,47.3,47.2,47.1,46.7,46.6,46.4,46.3,46.1,45.7,45.6,45.4,45.3,45.2,45.0,44.9,44.8,44.7,44.8,44.7,44.6,44.7,44.6,44.6,44.4,44.4,44.3,44.4,44.3,44.1,44.0,43.9,43.8,43.6,43.1,42.3,41.7,41.2,40.9,40.6,40.4,40.1,40.1,40.1,40.6,41.1,41.5,41.5,40.9,40.4,39.7,39.6,39.7,39.8,40.0,39.9,39.0,37.5,35.8,34.6,33.6,33.0,32.6,32.2,32.0,31.8,31.5,31.2,31.0,30.8,30.5,30.5,30.3,30.1,30.1,30.1,30.0,30.0,29.7,29.7,29.5,29.4,29.5,29.2,29.3,29.2,29.3,29.0,29.2,29.1,28.9,29.0,28.9,29.0,28.9,28.7,28.8,28.7,28.7,28.8,28.7,28.7,28.6,28.6,28.6,28.5,28.4,28.6,28.5,28.6,28.3,28.3
144,31.8,31.8,31.8,32.1,32.2,32.2,32.1,32.4,32.5,32.6,32.6,32.6,32.8,32.8,33.0,33.1,33.2,33.2,33.5,33.7,33.7,33.9,34.1,34.3,34.5,34.7,34.8,35.0,35.2,35.7,35.9,36.4,37.0,37.9,39.4,40.9,42.7,43.6,43.7,43.9,43.7,43.8,44.0,44.2,44.4,44.5,44.9,44.8,44.8,44.9,45.1,45.0,45.1,45.0,45.2,45.1,45.1,45.2,45.3,45.4,45.4,45.5,45.6,45.6,45.5,45.6,45.6,45.9,46.0,46.1,46.3,46.5,46.7,46.6,46.8,46.8,46.9,46.9,46.9,47.0,46.9,46.7,46.8,46.8,46.7,46.4,46.2,46.0,45.8,45.5,45.5,45.4,45.2,45.1,44.9,44.9,44.7,44.8,44.5,44.5,44.6,44.5,44.5,44.4,44.3,44.2,44.3,44.2,44.1,43.9,43.7,43.9,43.7,43.5,42.9,42.3,41.8,41.3,41.1,40.7,40.5,40.4,40.1,40.2,40.7,41.0,41.4,41.4,41.2,40.7,40.4,40.1,40.1,40.3,40.4,40.1,39.2,37.4,35.8,34.5,33.5,32.9,32.5,32.2,31.9,31.6,31.4,31.2,30.9,30.7,30.5,30.3,30.3,30.0,29.8,29.9,29.9,29.9,29.7,29.5,29.5,29.4,29.4,29.2,29.3,29.2,29.1,29.0,29.1,29.0,29.1,29.0,28.8,28.9,28.9,28.7,28.9,28.9,28.5,28.8,28.6,28.5,28.5,28.6,28.6,28.4,28.5,28.4,28.4,28.3,28.4,28.5
145,31.8,31.9,31.9,32.0,32.1,32.0,32.4,32.2,32.6,32.5,32.7,32.7,32.7,32.9,33.0,33.2,33.4,33.4,33.4,33.6,33.7,33.8,34.0,34.3,34.4,34.7,34.7,35.1,35.3,35.6,35.8,36.3,37.0,38.0,39.4,40.9,42.9,43.6,43.9,44.0,43.9,44.1,44.2,44.4,44.4,44.6,44.7,44.8,44.9,44.8,45.0,45.0,44.9,44.9,45.1,45.0,45.1,45.2,45.3,45.2,45.2,45.3,45.4,45.4,45.5,45.5,45.6,45.8,45.9,46.0,46.3,46.3,46.4,46.5,46.4,46.6,46.5,46.6,46.7,46.8,46.7,46.7,46.5,46.5,46.3,46.2,45.9,45.9,45.7,45.5,45.4,45.2,45.1,45.0,44.9,44.9,44.6,44.7,44.6,44.5,44.5,44.5,44.4,44.2,44.2,44.1,44.0,44.1,43.9,43.7,43.8,43.7,43.5,43.4,43.0,42.4,42.1,41.7,41.4,41.2,41.1,40.9,40.7,40.7,41.0,41.2,41.4,41.4,41.4,41.2,40.7,40.7,40.5,40.6,40.8,40.4,39.3,37.6,35.9,34.5,33.4,32.8,32.4,32.2,31.8,31.4,31.4,31.2,30.8,30.7,30.5,30.4,30.4,30.1,30.1,29.9,29.9,29.8,29.7,29.5,29.5,29.6,29.5,29.3,29.3,29.2,29.1,29.1,29.0,28.9,28.9,28.9,29.0,28.9,28.7,28.7,28.6,28.6,28.7,28.6,28.7,28.5,28.5,28.5,28.5,28.5,28.5,28.4,28.4,28.3,28.4,28.4
146,31.8,31.8,31.9,32.0,32.0,32.2,32.2,32.5,32.4,32.5,32.7,32.7,32.9,33.0,33.0,33.2,33.4,33.3,33.5,33.7,33.9,33.9,34.3,34.3,34.4,34.7,34.9,35.0,35.3,35.5,35.9,36.3,36.9,38.0,39.5,41.1,42.8,43.8,44.0,44.0,44.1,44.2,44.1,44.3,44.4,44.5,44.6,44.7,44.8,44.7,44.8,44.8,44.9,44.9,45.0,45.0,45.0,45.0,45.0,45.1,45.1,45.2,45.3,45.4,45.4,45.5,45.4,45.5,45.7,45.9,46.0,46.0,46.2,46.2,46.3,46.4,46.4,46.4,46.2,46.3,46.4,46.4,46.3,46.2,46.2,45.9,45.8,45.7,45.6,45.4,45.2,45.3,45.2,44.9,45.0,44.7,44.7,44.6,44.4,44.5,44.4,44.3,44.3,44.1,44.1,44.0,44.1,43.9,43.8,43.5,43.6,43.5,43.3,43.3,43.0,42.8,42.4,42.2,41.9,41.7,41.5,41.4,41.2,41.2,41.3,41.4,41.4,41.4,41.5,41.3,41.2,41.0,41.0,41.0,40.9,40.6,39.4,37.5,36.0,34.4,33.6,32.8,32.4,32.1,31.8,31.5,31.4,31.0,30.9,30.7,30.6,30.4,30.2,30.1,30.0,29.9,29.9,29.8,29.7,29.7,29.5,29.4,29.5,29.3,29.3,29.3,29.3,29.1,29.1,29.0,29.0,28.9,28.8,28.9,28.7,28.8,28.7,28.7,28.6,28.7,28.6,28.6,28.5,28.5,28.7,28.5,28.5,28.5,28.5,28.4,28.4,28.3
147,31.8,31.8,31.8,31.9,32.1,32.2,32.3,32.2,32.5,32.6,32.6,32.9,32.9,33.0,33.3,33.3,33.4,33.4,33.6,33.7,33.7,34.0,34.0,34.2,34.5,34.7,34.9,35.1,35.2,35.7,35.9,36.3,36.9,37.8,39.4,41.1,42.8,43.7,44.0,44.2,44.1,44.2,44.3,44.4,44.4,44.6,44.6,44.6,44.7,44.8,44.7,44.6,44.8,44.8,44.8,45.0,44.9,44.9,44.8,44.9,45.0,45.2,45.3,45.4,45.3,45.2,45.5,45.7,45.7,45.7,45.9,46.0,46.1,46.0,46.1,46.2,46.3,46.2,46.3,46.2,46.3,46.2,46.1,46.0,45.9,45.8,45.8,45.6,45.3,45.2,45.1,45.1,44.8,44.8,44.8,44.6,44.6,44.5,44.4,44.2,44.4,44.2,44.2,44.0,43.8,43.8,43.8,43.6,43.7,43.4,43.4,43.3,43.2,43.2,42.9,42.8,42.4,42.4,42.1,42.0,41.9,41.7,41.6,41.3,41.4,41.4,41.3,41.4,41.3,41.3,41.2,41.1,41.0,41.1,41.0,40.6,39.6,37.5,36.0,34.4,33.5,32.7,32.6,32.1,31.7,31.5,31.3,31.1,30.9,30.6,30.5,30.5,30.4,30.1,30.0,30.0,30.0,29.8,29.7,29.6,29.6,29.5,29.3,29.2,29.2,29.3,29.1,29.2,29.2,29.1,29.0,28.9,28.6,28.9,29.0,28.7,28.7,28.7,28.7,28.7,28.7,28.5,28.5,28.7,28.5,28.5,28.7,28.4,28.5,28.3,28.4,28.4
148,31.6,31.9,32.0,32.0,32.1,32.1,32.2,32.3,32.3,32.4,32.7,32.8,32.9,33.0,33.0,33.3,33.4,33.4,33.4,33.7,33.8,33.8,34.1,34.3,34.4,34.7,34.8,35.0,35.4,35.7,36.0,36.1,36.8,37.9,39.2,41.0,42.8,43.8,44.0,44.1,44.2,44.2,44.2,44.4,44.3,44.5,44.6,44.5,44.5,44.5,44.5,44.5,44.5,44.5,44.5,44.6,44.6,44.5,44.4,44.6,44.7,44.8,45.1,45.1,45.2,45.3,45.4,45.5,45.5,45.7,45.8,45.8,45.9,45.9,45.9,45.9,46.0,46.1,46.2,46.1,46.0,46.0,45.8,45.8,45.8,45.6,45.4,45.4,45.1,44.9,44.8,44.9,44.6,44.6,44.4,44.4,44.4,44.2,44.2,44.1,44.1,44.0,43.8,43.7,43.4,43.3,43.0,43.0,42.9,42.7,42.8,42.6,42.5,42.5,42.4,42.4,42.2,42.1,41.8,41.8,41.6,41.5,41.4,41.2,41.1,41.2,41.0,40.9,40.9,40.9,40.8,40.7,40.8,40.8,40.6,40.4,39.3,37.5,35.8,34.4,33.3,32.7,32.3,32.0,31.8,31.5,31.2,31.0,30.8,30.8,30.5,30.5,30.2,30.2,30.0,29.9,29.8,29.8,29.8,29.7,29.5,29.5,29.5,29.3,29.3,29.3,29.3,29.0,29.1,29.1,28.9,29.0,28.8,28.8,28.9,28.8,28.7,28.7,28.8,28.8,28.7,28.6,28.6,28.7,28.7,28.5,28.6,28.4,28.4,28.4,28.5,28.5
149,31.9,31.9,32.0,32.0,32.1,32.1,32.2,32.4,32.5,32.7,32.6,32.8,32.9,33.0,33.2,33.2,33.3,33.6,33.4,33.7,33.9,33.9,34.0,34.3,34.6,34.9,34.9,35.1,35.3,35.5,35.9,36.3,37.0,37.9,39.4,41.0,42.7,43.7,43.9,44.1,44.2,44.3,44.2,44.4,44.4,44.4,44.4,44.5,44.5,44.2,44.4,44.4,44.4,44.4,44.4,44.5,44.3,44.2,44.0,44.0,44.2,44.5,44.8,45.1,45.1,45.2,45.3,45.3,45.4,45.6,45.4,45.7,45.7,45.6,45.6,45.9,45.8,45.9,45.9,45.8,45.8,45.7,45.7,45.5,45.6,45.4,45.4,45.3,44.9,44.7,44.7,44.6,44.5,44.3,44.3,44.3,44.2,44.1,44.2,44.0,44.0,43.8,43.4,42.7,42.1,41.9,41.5,41.5,41.4,41.3,41.2,41.2,40.9,40.8,40.8,40.9,40.8,40.7,40.6,40.5,40.5,40.3,40.3,40.0,40.0,39.8,39.7,39.8,39.7,39.5,39.7,39.7,39.7,39.8,39.8,39.8,39.0,37.5,35.8,34.4,33.3,32.8,32.4,32.0,31.7,31.5,31.2,31.1,30.8,30.7,30.5,30.3,30.2,30.2,30.2,30.0,29.9,29.7,29.6,29.5,29.6,29.5,29.6,29.1,29.3,29.2,29.3,29.0,28.9,28.9,29.1,29.0,29.0,28.9,28.9,28.7,28.7,28.8,28.7,28.7,28.6,28.7,28.5,28.6,28.5,28.6,28.5,28.5,28.3,28.4,28.4,28.5
150,31.8,31.9,31.9,32.0,32.1,32.2,32.2,32.4,32.5,32.6,32.6,32.8,32.9,33.0,33.1,33.3,33.3,33.3,33.6,33.6,33.8,33.9,34.1,34.3,34.6,34.8,34.9,35.1,35.3,35.6,35.8,36.3,36.9,37.9,39.3,40.9,42.7,43.7,43.9,44.0,44.1,44.1,44.3,44.3,44.3,44.3,44.3,44.4,44.2,44.1,44.2,44.3,44.4,44.4,44.4,44.3,44.3,44.0,43.8,43.9,44.1,44.4,44.7,44.8,45.0,45.0,45.1,45.2,45.3,45.2,45.3,45.4,45.6,45.5,45.5,45.5,45.6,45.6,45.6,45.6,45.5,45.4,45.3,45.3,45.3,45.2,45.2,44.9,44.8,44.6,44.5,44.4,44.2,44.2,44.2,44.2,44.1,44.1,44.0,44.0,43.8,43.6,42.9,42.1,41.3,40.5,40.0,39.7,39.6,39.5,39.5,39.2,39.2,39.2,39.1,39.1,39.0,39.0,38.9,38.8,38.6,38.6,38.5,38.4,38.2,38.1,38.1,38.0,37.9,37.9,37.9,38.0,38.0,38.3,38.8,37.9,37.6,37.0,35.5,34.2,33.2,32.6,32.2,31.9,31.7,31.4,31.1,31.0,30.8,30.6,30.4,30.3,30.2,30.2,30.0,29.9,29.8,29.7,29.6,29.5,29.5,29.5,29.3,29.2,29.1,29.2,29.3,29.0,29.0,28.9,29.0,28.9,28.9,28.9,28.8,28.7,28.7,28.7,28.7,28.6,28.7,28.5,28.5,28.5,28.5,28.5,28.5,28.3,28.4,28.4,28.4,28.3
151,31.7,31.9,31.9,32.0,32.1,32.1,32.2,32.4,32.3,32.5,32.6,32.9,32.9,33.0,33.1,33.3,33.3,33.3,33.4,33.5,33.7,33.9,34.1,34.3,34.5,34.8,34.8,35.1,35.3,35.8,35.8,36.3,36.8,37.9,39.3,40.9,42.8,43.6,43.9,44.0,44.0,44.2,44.1,44.3,44.3,44.3,44.3,44.2,44.2,44.1,44.1,44.1,44.2,44.4,44.3,44.4,44.0,43.7,43.5,43.3,43.8,44.2,44.6,44.8,44.9,44.9,44.9,45.0,45.2,45.3,45.1,45.2,45.4,45.4,45.4,45.5,45.4,45.3,45.4,45.4,45.2,45.1,45.1,45.1,45.1,45.1,44.9,44.9,44.5,44.4,44.2,44.2,44.2,44.0,44.0,44.1,44.0,44.0,44.0,43.8,43.7,43.0,42.0,40.7,39.5,38.6,38.0,37.9,37.7,37.8,37.5,37.4,37.5,37.4,37.4,37.3,37.3,37.2,37.1,37.0,37.0,37.0,36.8,36.7,36.5,36.5,36.3,36.3,36.3,36.2,36.2,36.2,36.2,36.4,36.9,37.7,37.6,36.6,35.3,34.1,33.0,32.5,32.2,31.9,31.6,31.3,31.1,30.9,30.8,30.6,30.4,30.3,30.2,30.1,29.9,29.8,29.8,29.6,29.5,29.5,29.5,29.5,29.2,29.2,29.2,29.1,29.2,29.1,28.9,29.0,28.9,28.9,28.7,28.8,28.7,28.7,28.8,28.7,28.6,28.8,28.5,28.4,28.4,28.4,28.4,28.5,28.3,28.4,28.3,28.3,28.4,28.1
152,31.9,31.9,31.9,31.9,32.0,32.2,32.2,32.4,32.4,32.6,32.8,32.8,32.9,32.9,33.2,33.4,33.4,33.5,33.6,33.7,33.7,33.8,34.0,34.3,34.4,34.6,34.9,35.0,35.5,35.6,35.9,36.3,36.8,37.9,39.2,40.9,42.7,43.6,43.8,44.0,44.1,44.1,44.3,44.2,44.2,44.2,44.3,44.2,44.2,44.0,44.3,44.2,44.2,44.3,44.4,44.1,44.0,43.8,43.7,43.7,44.1,44.2,44.6,44.8,44.7,44.8,44.8,45.0,45.0,45.1,45.1,45.2,45.1,45.2,45.3,45.4,45.3,45.2,45.1,45.3,45.1,45.1,45.0,45.0,45.0,45.0,44.8,44.8,44.6,44.3,44.3,44.1,44.1,44.1,44.1,44.0,44.0,44.1,43.9,43.7,43.7,43.0,41.6,40.1,38.5,37.5,37.0,36.7,36.4,36.5,36.5,36.3,36.3,36.2,36.0,35.9,35.9,36.0,35.8,35.8,35.8,35.7,35.6,35.5,35.4,35.4,35.3,35.2,35.3,35.1,35.2,35.1,35.0,35.2,35.9,37.2,37.2,36.2,35.1,34.0,33.1,32.6,32.2,31.9,31.6,31.2,31.1,30.9,30.7,30.6,30.4,30.3,30.2,30.1,30.0,29.9,29.7,29.9,29.6,29.7,29.5,29.2,29.3,29.2,29.2,29.2,29.1,29.0,29.1,28.9,28.9,28.8,28.8,28.7,28.8,28.7,28.6,28.7,28.7,28.7,28.6,28.5,28.3,28.6,28.5,28.4,28.3,28.3,28.5,28.3,28.3,28.5
153,31.9,31.9,32.0,31.7,32.1,32.2,32.1,32.4,32.4,32.6,32.6,32.8,32.8,33.0,33.2,33.3,33.3,33.4,33.5,33.6,33.8,33.8,34.1,34.2,34.4,34.6,34.9,35.0,35.4,35.5,35.8,36.2,36.8,37.8,39.3,40.9,42.7,43.6,43.9,43.9,43.9,44.0,44.0,44.0,43.9,44.1,44.2,44.1,44.2,44.1,44.2,44.2,44.3,44.3,44.4,44.3,44.2,44.2,43.9,44.0,44.2,44.4,44.5,44.7,44.6,44.8,44.9,44.9,44.9,45.0,45.0,44.9,45.1,45.0,45.1,45.1,45.0,45.1,45.1,45.1,45.0,44.9,44.9,44.9,44.9,44.8,44.8,44.8,44.4,44.3,44.3,44.2,44.2,44.1,44.0,44.1,44.1,44.0,43.9,43.8,43.5,42.9,41.4,39.7,38.3,36.8,36.2,36.0,35.9,36.0,35.8,35.7,35.6,35.7,35.6,35.3,35.3,35.2,35.2,35.2,35.1,35.1,34.9,34.9,34.8,34.8,34.7,34.6,34.4,34.5,34.5,34.4,34.5,34.4,35.3,36.5,36.9,36.0,35.0,34.0,33.0,32.6,32.1,31.9,31.4,31.2,31.1,30.9,30.7,30.7,30.5,30.3,30.2,30.1,30.1,29.9,29.7,29.7,29.5,29.6,29.6,29.3,29.5,29.3,29.3,29.2,29.1,29.0,29.0,29.0,28.9,28.8,28.8,28.7,28.8,28.7,28.7,28.6,28.7,28.7,28.5,28.7,28.5,28.4,28.4,28.5,28.3,28.5,28.4,28.5,28.5,28.5
154,31.8,31.9,31.9,31.9,32.1,32.2,32.3,32.2,32.3,32.7,32.7,32.8,32.7,33.0,32.9,33.3,33.4,33.4,33.4,33.7,33.8,33.8,33.9,34.2,34.4,34.7,34.7,34.9,35.3,35.5,35.7,36.2,36.9,37.9,39.2,41.0,42.7,43.3,43.5,43.7,43.8,43.8,43.8,43.8,43.8,43.8,43.8,43.8,44.1,44.1,44.2,44.0,44.2,44.1,44.2,44.3,44.2,44.2,44.2,44.2,44.2,44.3,44.5,44.4,44.5,44.6,44.7,44.9,44.8,44.7,44.8,44.8,44.8,44.7,44.9,44.9,44.8,44.8,44.9,44.9,44.9,44.8,44.9,44.8,44.5,44.6,44.5,44.5,44.3,44.2,44.1,44.2,44.1,43.9,43.9,44.1,44.0,43.9,43.9,43.8,43.5,42.9,41.5,39.8,38.1,36.7,36.1,35.8,35.6,35.5,35.6,35.2,35.3,35.2,35.1,35.1,35.2,35.0,35.0,34.8,34.9,34.8,34.7,34.6,34.5,34.4,34.4,34.4,34.3,34.3,34.1,34.1,34.1,34.3,34.9,36.3,36.7,36.0,34.9,33.9,32.9,32.5,32.0,31.7,31.6,31.2,31.0,30.7,30.8,30.5,30.5,30.3,30.1,30.0,29.9,29.9,29.8,29.7,29.6,29.5,29.4,29.4,29.3,29.2,29.3,29.1,29.2,29.0,29.0,28.9,28.9,28.8,28.8,28.8,28.7,28.8,28.6,28.5,28.5,28.6,28.6,28.7,28.5,28.5,28.3,28.4,28.6,28.4,28.4,28.3,28.3,28.2
155,31.7,31.8,31.9,32.2,32.2,32.2,32.2,32.4,32.6,32.5,32.7,32.9,32.9,33.0,33.1,33.2,33.4,33.3,33.7,33.7,33.7,33.8,33.9,34.1,34.2,34.4,34.8,34.8,35.3,35.4,35.9,36.2,36.9,37.8,39.4,40.8,42.4,43.0,43.3,43.5,43.4,43.4,43.7,43.5,43.5,43.6,43.6,43.7,43.8,43.9,43.9,44.1,44.0,43.9,44.0,43.9,44.1,44.1,44.2,44.0,44.2,44.3,44.4,44.3,44.3,44.4,44.6,44.7,44.5,44.5,44.4,44.5,44.5,44.5,44.5,44.6,44.6,44.5,44.6,44.7,44.5,44.5,44.6,44.4,44.5,44.4,44.5,44.3,44.3,44.1,44.0,44.0,43.9,43.9,43.9,43.8,44.0,43.9,43.9,43.8,43.6,43.0,41.5,39.7,38.0,36.7,36.0,35.7,35.5,35.4,35.4,35.3,35.3,35.2,35.3,35.0,35.0,34.9,34.9,34.7,34.7,34.6,34.6,34.6,34.4,34.5,34.3,34.2,34.2,34.1,33.8,34.0,34.0,34.2,34.8,36.2,36.6,35.9,34.9,33.8,32.9,32.4,31.9,31.7,31.4,31.3,31.0,31.0,30.7,30.5,30.4,30.3,30.1,30.0,30.0,29.8,29.6,29.6,29.5,29.5,29.5,29.5,29.3,29.2,29.1,29.1,29.2,29.1,29.0,29.0,29.0,29.0,28.7,28.8,28.7,28.8,28.6,28.7,28.7,28.7,28.6,28.6,28.7,28.7,28.4,28.3,28.5,28.3,28.3,28.3,28.3,28.3
156,31.8,31.8,32.0,32.0,32.1,32.2,32.2,32.5,32.5,32.6,32.7,32.8,32.9,32.9,33.0,33.1,33.3,33.5,33.7,33.7,33.7,33.8,34.0,34.1,34.2,34.5,34.7,34.7,35.2,35.5,35.9,36.1,36.8,38.0,39.2,40.5,41.7,42.2,42.6,42.7,42.6,42.8,42.8,42.9,42.9,42.9,42.9,42.9,43.1,43.3,43.4,43.4,43.3,43.4,43.3,43.4,43.3,43.4,43.6,43.6,43.7,43.8,43.8,43.8,44.0,44.3,44.4,44.5,44.3,44.1,44.0,43.9,43.8,43.8,43.8,44.0,44.0,44.0,44.0,44.0,44.1,44.0,44.0,43.9,43.8,43.9,43.7,43.8,43.8,43.7,43.7,43.6,43.5,43.6,43.8,43.6,43.8,43.7,43.9,43.6,43.5,43.0,41.5,39.8,38.0,36.6,35.9,35.6,35.5,35.5,35.4,35.3,35.2,35.1,35.2,34.9,34.9,34.9,34.9,34.7,34.7,34.6,34.6,34.5,34.5,34.3,34.2,34.2,34.2,34.1,34.0,34.0,34.0,34.2,35.0,36.2,36.6,35.8,34.9,33.6,32.9,32.1,31.9,31.7,31.5,31.1,30.9,30.7,30.7,30.4,30.2,30.3,30.2,30.0,29.9,29.8,29.6,29.6,29.6,29.5,29.5,29.3,29.3,29.3,29.4,29.0,29.1,29.0,28.9,28.7,28.9,28.8,28.7,28.8,28.8,28.7,28.8,28.7,28.6,28.6,28.5,28.5,28.5,28.5,28.5,28.5,28.4,28.5,28.4,28.5,28.3,28.3
157,31.8,32.0,32.0,32.0,32.2,32.2,32.4,32.4,32.5,32.6,32.6,32.7,32.9,33.0,33.2,33.2,33.3,33.5,33.5,33.7,33.8,33.8,33.9,34.1,34.3,34.4,34.8,35.0,35.0,35.5,35.9,36.3,37.0,38.0,39.1,40.2,41.0,41.4,41.6,41.9,42.0,42.1,42.0,42.2,42.0,41.8,41.9,42.2,42.3,42.5,42.6,42.6,42.5,42.2,42.2,42.2,42.2,42.3,42.5,42.7,42.8,42.9,43.3,43.3,43.6,43.8,44.1,44.1,43.7,43.5,43.0,42.9,42.7,42.9,42.7,42.8,43.0,42.9,43.0,43.2,42.9,43.1,42.9,43.0,42.9,43.0,42.8,42.8,42.8,42.8,42.9,42.8,42.7,42.7,42.7,42.8,43.2,43.6,43.7,43.7,43.5,42.9,41.6,39.7,38.0,36.7,35.9,35.6,35.5,35.5,35.5,35.3,35.1,35.3,35.0,35.0,34.9,34.9,34.8,34.7,34.6,34.6,34.6,34.4,34.4,34.4,34.2,34.1,34.2,34.2,34.0,34.1,34.0,34.2,34.9,36.2,36.5,35.8,34.7,33.7,32.9,32.2,31.8,31.5,31.3,31.2,30.8,30.7,30.7,30.5,30.4,30.2,30.1,30.0,30.0,29.8,29.7,29.7,29.5,29.4,29.5,29.3,29.3,29.1,29.3,29.2,29.1,29.0,28.9,28.9,28.9,28.8,29.0,28.9,28.8,28.6,28.8,28.6,28.7,28.7,28.5,28.5,28.4,28.6,28.5,28.4,28.5,28.4,28.4,28.4,28.4,28.5
158,31.7,31.9,31.8,32.1,32.1,32.1,32.3,32.3,32.4,32.6,32.6,32.6,32.7,32.9,32.9,33.2,33.2,33.3,33.4,33.5,33.7,33.6,33.8,33.9,34.1,34.4,34.4,34.7,35.1,35.3,35.8,36.1,37.1,38.0,39.2,39.8,40.4,40.6,40.8,40.9,41.1,41.1,41.0,41.1,41.1,41.1,41.1,41.1,41.3,41.5,41.6,41.5,41.6,41.3,41.2,41.0,41.2,41.4,41.7,42.0,42.2,42.3,42.5,42.9,43.2,43.2,43.6,43.5,43.1,42.6,42.1,41.8,41.8,41.6,41.6,41.7,41.9,41.9,41.9,41.9,41.7,41.8,41.9,42.0,42.0,42.0,41.8,41.8,41.9,41.8,41.9,41.7,41.8,41.9,41.8,42.2,42.4,42.9,43.3,43.4,43.4,42.9,41.4,39.7,37.9,36.6,35.9,35.6,35.3,35.4,35.3,35.3,35.2,35.0,35.1,35.1,34.9,34.8,34.8,34.8,34.6,34.7,34.5,34.6,34.4,34.4,34.1,34.4,34.1,34.2,34.0,34.0,33.8,34.1,34.8,36.2,36.5,35.7,34.7,33.6,32.7,32.1,31.9,31.7,31.3,31.1,30.9,30.7,30.5,30.4,30.3,30.3,30.1,29.9,29.7,29.7,29.6,29.6,29.5,29.4,29.3,29.3,29.2,28.9,29.2,29.0,28.8,29.0,28.8,28.9,28.8,28.9,28.7,28.7,28.6,28.7,28.7,28.5,28.5,28.6,28.5,28.5,28.3,28.3,28.5,28.4,28.2,28.4,28.4,28.3,28.4,28.3
159,31.7,31.9,32.1,31.9,32.1,32.2,32.2,32.3,32.4,32.5,32.7,32.6,32.8,32.8,32.7,33.0,33.1,33.3,33.5,33.6,33.7,33.9,33.8,33.9,34.1,34.3,34.5,34.7,34.8,35.3,35.7,36.2,37.0,38.0,39.0,39.8,40.1,40.2,40.2,40.5,40.5,40.5,40.4,40.4,40.3,40.3,40.3,40.5,40.6,40.8,40.8,40.7,40.6,40.4,40.2,40.3,40.3,40.7,40.8,41.3,41.6,41.6,42.1,42.4,42.8,42.8,43.2,43.0,42.8,42.1,41.3,41.1,41.1,40.9,40.9,41.1,41.0,41.0,41.1,40.8,41.1,41.0,41.0,41.1,41.0,41.2,41.0,41.0,41.0,41.0,41.0,40.9,41.0,41.1,41.1,41.4,41.9,42.3,42.9,43.2,43.2,42.7,41.5,39.7,37.9,36.6,35.9,35.6,35.5,35.6,35.3,35.3,35.3,35.2,35.2,35.0,34.9,34.9,34.8,34.8,34.5,34.6,34.6,34.5,34.4,34.3,34.3,34.2,34.2,34.1,34.0,34.0,34.1,34.3,34.9,36.2,36.5,35.6,34.7,33.5,32.6,32.0,31.7,31.5,31.3,31.0,30.8,30.7,30.4,30.4,30.3,30.2,30.0,30.0,29.7,29.7,29.7,29.6,29.4,29.4,29.4,29.3,29.2,29.2,29.1,29.1,29.0,29.1,29.0,28.9,29.0,28.8,28.7,28.8,28.7,28.8,28.5,28.6,28.5,28.7,28.5,28.5,28.6,28.6,28.4,28.3,28.5,28.4,28.2,28.3,28.4,28.2
160,31.7,31.9,31.9,31.9,32.1,32.1,32.5,32.5,32.6,32.6,32.6,32.6,32.8,32.8,33.1,33.0,33.2,33.2,33.5,33.4,33.6,33.6,33.8,33.9,34.1,34.3,34.7,34.7,35.0,35.1,35.6,36.2,37.2,38.0,39.1,39.6,39.8,40.0,40.0,40.0,40.1,39.9,40.0,40.0,39.8,39.9,39.9,40.1,40.0,40.0,40.0,39.9,40.0,39.9,39.8,39.9,40.0,40.3,40.5,40.9,41.4,41.5,41.9,42.3,42.5,42.7,42.9,42.7,42.4,41.7,40.9,40.5,40.6,40.4,40.5,40.4,40.4,40.4,40.4,40.6,40.5,40.5,40.5,40.3,40.4,40.4,40.4,40.4,40.4,40.3,40.3,40.4,40.4,40.3,40.5,40.8,41.2,41.9,42.5,43.0,43.1,42.6,41.5,39.6,37.8,36.7,35.9,35.7,35.7,35.6,35.4,35.4,35.4,35.3,35.0,35.1,35.0,34.9,34.9,34.7,34.6,34.7,34.6,34.5,34.5,34.5,34.3,34.1,34.3,34.1,34.0,34.1,34.1,34.4,35.0,36.1,36.5,35.6,34.7,33.7,32.6,32.1,31.8,31.4,31.2,31.2,30.8,30.6,30.5,30.3,30.3,30.1,29.9,30.1,29.8,29.8,29.6,29.5,29.5,29.5,29.4,29.2,29.2,29.2,29.0,29.1,29.1,28.9,28.9,29.0,28.9,28.9,28.9,28.9,28.8,28.6,28.7,28.7,28.5,28.5,28.6,28.5,28.5,28.5,28.4,28.5,28.5,28.3,28.4,28.4,28.4,28.3
161,31.8,31.8,32.0,31.9,32.0,32.2,32.1,32.3,32.3,32.4,32.6,32.7,32.7,32.8,32.9,32.9,33.1,33.0,33.2,33.4,33.5,33.6,33.8,33.9,33.9,34.3,34.4,34.5,34.7,35.2,35.6,36.3,37.1,37.9,39.0,39.6,39.7,39.6,39.7,39.7,39.7,39.7,39.7,39.5,39.7,39.5,39.6,39.7,39.5,39.7,39.7,39.7,39.6,39.5,39.6,39.6,39.6,39.9,40.5,40.8,41.2,41.4,41.7,42.1,42.4,42.6,42.9,42.6,42.2,41.3,40.6,40.4,40.3,40.1,40.1,40.0,40.0,40.1,40.0,40.3,40.0,40.2,40.0,40.1,40.1,40.1,40.0,39.9,39.9,40.0,39.8,39.9,40.0,40.0,40.0,40.4,40.9,41.6,42.2,42.6,42.9,42.5,41.4,39.6,37.9,36.4,36.0,35.8,35.5,35.4,35.4,35.3,35.2,35.3,35.1,35.0,35.0,34.9,34.8,34.8,34.7,34.7,34.6,34.6,34.5,34.4,34.3,34.1,34.3,34.1,34.1,34.1,34.0,34.3,34.9,36.2,36.3,35.6,34.6,33.3,32.4,32.0,31.7,31.5,31.2,31.0,30.9,30.5,30.5,30.3,30.0,30.0,30.0,29.8,29.8,29.7,29.4,29.6,29.4,29.5,29.1,29.3,29.3,29.3,29.1,29.0,28.9,28.9,28.9,28.9,28.8,28.7,28.7,28.7,28.7,28.7,28.5,28.5,28.5,28.5,28.5,28.7,28.5,28.5,28.5,28.4,28.5,28.4,28.4,28.4,28.4,28.3
162,31.7,31.8,32.0,32.1,32.1,32.2,32.1,32.2,32.4,32.4,32.6,32.6,32.6,32.7,32.8,32.9,32.8,33.1,33.1,33.3,33.5,33.5,33.6,33.8,33.9,34.2,34.3,34.4,34.7,35.2,35.5,36.3,37.0,37.8,38.9,39.4,39.7,39.6,39.6,39.5,39.5,39.6,39.4,39.5,39.5,39.4,39.4,39.4,39.4,39.4,39.5,39.5,39.5,39.5,39.4,39.5,39.7,40.0,40.3,41.0,41.4,41.7,42.1,42.4,42.6,42.9,42.9,42.6,42.0,41.2,40.5,40.3,40.1,40.0,40.0,40.0,40.0,39.9,39.8,40.0,39.9,39.9,39.9,39.9,39.9,40.0,39.9,39.8,39.9,39.8,39.8,39.8,39.8,39.8,40.0,40.3,40.8,41.4,42.2,42.8,42.8,42.6,41.2,39.4,37.9,36.6,36.0,35.7,35.5,35.5,35.4,35.4,35.2,35.3,35.1,35.0,35.0,35.0,34.9,34.7,34.8,34.7,34.5,34.4,34.5,34.4,34.4,34.2,34.3,34.2,34.2,34.1,34.0,34.3,34.9,36.2,36.5,35.7,34.5,33.3,32.4,32.0,31.7,31.4,31.2,31.0,30.8,30.6,30.5,30.2,30.1,30.3,30.0,29.8,29.8,29.6,29.6,29.6,29.5,29.3,29.1,29.3,29.4,29.0,29.0,29.1,28.9,28.9,28.9,28.9,28.9,28.8,28.7,28.8,28.7,28.6,28.6,28.5,28.5,28.6,28.5,28.4,28.4,28.4,28.5,28.4,28.5,28.3,28.3,28.3,28.2,28.5
163,31.7,31.8,32.0,32.0,32.1,32.2,32.0,32.3,32.4,32.6,32.5,32.6,32.6,32.7,32.9,32.9,33.0,33.0,33.2,33.2,33.4,33.4,33.8,33.7,33.8,34.0,34.1,34.4,34.7,35.1,35.3,36.0,36.9,37.9,38.9,39.4,39.6,39.6,39.6,39.5,39.4,39.6,39.4,39.4,39.4,39.4,39.4,39.4,39.2,39.3,39.4,39.5,39.4,39.4,39.4,39.4,39.5,40.0,40.6,41.2,41.8,42.3,42.7,43.0,43.1,43.2,43.0,42.7,41.9,41.2,40.5,40.1,40.0,39.9,39.9,39.9,40.0,39.8,39.9,39.9,40.0,39.7,39.9,39.9,39.9,39.8,39.7,39.8,39.6,39.7,39.8,39.7,39.8,39.9,40.1,40.4,40.9,41.9,42.3,42.7,42.8,42.3,40.9,39.3,37.8,36.6,36.0,35.7,35.5,35.5,35.3,35.3,35.2,35.2,35.2,35.0,34.9,34.9,35.0,34.8,34.8,34.8,34.6,34.6,34.5,34.4,34.4,34.3,34.3,34.3,34.2,34.1,34.2,34.3,35.0,36.3,36.4,35.6,34.6,33.3,32.5,31.9,31.6,31.4,31.2,30.9,30.6,30.6,30.5,30.3,30.2,30.1,30.0,29.9,29.9,29.7,29.8,29.6,29.5,29.3,29.3,29.4,29.4,29.3,29.1,29.0,28.9,28.8,28.9,28.9,28.9,28.7,28.7,28.7,28.7,28.6,28.6,28.7,28.6,28.7,28.5,28.5,28.4,28.4,28.4,28.4,28.4,28.4,28.4,28.4,28.4,28.3
164,31.8,31.8,32.0,31.9,32.1,32.1,32.1,32.2,32.5,32.6,32.6,32.6,32.7,32.9,32.9,32.7,32.9,33.0,33.1,33.3,33.3,33.4,33.4,33.7,33.9,34.1,34.0,34.3,34.4,34.7,35.2,36.0,36.8,37.8,39.0,39.3,39.4,39.5,39.6,39.6,39.4,39.3,39.3,39.4,39.4,39.3,39.4,39.3,39.3,39.3,39.4,39.3,39.3,39.3,39.3,39.3,39.7,40.0,40.5,41.3,42.1,42.5,42.9,43.1,43.3,43.3,43.2,42.6,41.8,40.9,40.4,40.1,40.0,40.0,39.9,39.8,39.8,39.8,39.9,39.8,39.8,39.8,39.8,39.6,39.8,39.7,39.8,39.7,39.7,39.6,39.8,39.8,39.7,39.7,40.0,40.5,41.1,41.9,42.4,42.7,42.7,42.2,40.9,39.2,37.7,36.6,36.0,35.7,35.5,35.5,35.3,35.3,35.3,35.2,35.1,35.0,35.0,35.0,34.8,34.9,34.8,34.8,34.5,34.7,34.5,34.5,34.3,34.3,34.2,34.3,34.2,34.1,34.1,34.2,34.9,36.2,36.5,35.6,34.5,33.4,32.3,32.0,31.7,31.2,31.2,30.8,30.7,30.4,30.5,30.4,30.1,29.9,29.8,29.8,29.7,29.6,29.5,29.4,29.4,29.5,29.3,29.3,29.2,29.1,29.0,29.0,28.8,28.9,28.9,28.7,28.8,28.8,28.7,28.7,28.7,28.6,28.7,28.7,28.6,28.7,28.4,28.5,28.6,28.7,28.4,28.4,28.5,28.3,28.4,28.5,28.3,28.3
165,31.7,31.7,31.9,31.9,32.1,32.0,32.1,32.1,32.3,32.4,32.4,32.5,32.7,32.6,32.8,32.9,32.9,33.0,33.0,33.0,33.3,33.4,33.5,33.7,33.7,33.8,34.0,34.3,34.4,34.6,35.2,35.9,36.7,37.9,38.9,39.2,39.4,39.4,39.4,39.3,39.2,39.2,39.4,39.3,39.3,39.3,39.2,39.3,39.4,39.3,39.4,39.2,39.3,39.2,39.3,39.4,39.5,40.0,40.6,41.5,42.3,42.8,43.2,43.3,43.4,43.3,43.1,42.5,42.1,41.1,40.4,40.1,40.0,39.8,39.9,39.9,39.8,39.9,39.8,39.9,39.8,39.7,39.7,39.8,39.7,39.7,39.5,39.7,39.7,39.6,39.6,39.6,39.7,39.8,40.1,40.8,41.4,42.0,42.5,42.7,42.8,42.2,40.8,39.3,37.5,36.4,36.0,35.7,35.5,35.5,35.3,35.2,35.2,35.1,35.1,35.1,35.1,35.0,34.9,34.7,34.8,34.7,34.7,34.5,34.7,34.5,34.4,34.4,34.4,34.1,34.3,34.3,34.1,34.3,35.0,36.2,36.5,35.4,34.3,33.1,32.2,32.0,31.8,31.3,31.0,30.8,30.6,30.5,30.5,30.3,30.1,29.9,29.9,29.8,29.8,29.6,29.5,29.6,29.6,29.4,29.3,29.3,29.4,29.2,29.1,29.2,29.0,29.0,28.9,28.9,28.9,28.8,28.7,28.7,28.7,28.7,28.7,28.6,28.6,28.7,28.4,28.5,28.6,28.6,28.3,28.4,28.5,28.4,28.3,28.3,28.4,28.2
166,31.6,31.7,31.7,31.8,32.0,31.9,32.0,32.1,32.1,32.3,32.3,32.4,32.6,32.6,32.6,32.7,32.7,32.9,32.9,33.1,33.1,33.3,33.5,33.4,33.7,33.8,33.9,34.1,34.4,34.6,35.1,35.8,36.7,37.7,38.7,39.3,39.4,39.4,39.3,39.3,39.2,39.2,39.2,39.3,39.2,39.2,39.3,39.3,39.3,39.2,39.3,39.3,39.2,39.2,39.1,39.3,39.6,40.1,40.7,41.7,42.3,42.7,43.0,43.1,43.1,43.3,43.0,42.4,41.8,40.9,40.2,40.1,40.0,39.7,39.8,39.9,39.6,39.7,39.8,39.7,39.7,39.7,39.7,39.7,39.7,39.6,39.5,39.5,39.6,39.6,39.6,39.6,39.7,39.8,40.3,40.9,41.7,42.2,42.6,42.7,42.7,42.2,40.7,39.2,37.5,36.5,35.8,35.6,35.4,35.4,35.2,35.2,35.1,35.1,35.0,35.0,34.9,34.9,34.9,34.9,34.7,34.7,34.7,34.8,34.6,34.4,34.4,34.4,34.3,34.3,34.1,34.0,34.1,34.1,34.8,36.0,36.4,35.5,34.3,33.2,32.2,31.7,31.3,31.2,31.0,30.7,30.6,30.5,30.2,30.1,30.0,29.9,29.9,29.9,29.7,29.7,29.5,29.5,29.3,29.4,29.3,29.1,29.1,29.1,29.2,29.0,28.8,29.0,28.7,28.9,28.7,28.7,28.7,28.6,28.7,28.6,28.6,28.5,28.6,28.6,28.4,28.4,28.5,28.4,28.4,28.3,28.4,28.5,28.3,28.3,28.3,28.3
167,31.7,31.7,31.8,31.9,31.9,31.8,32.1,31.9,32.1,32.3,32.4,32.4,32.6,32.6,32.6,32.5,32.7,32.7,32.9,33.0,33.0,33.0,33.2,33.4,33.7,33.7,33.8,34.1,34.3,34.5,35.1,35.8,36.5,37.6,38.7,39.1,39.3,39.3,39.3,39.2,39.3,39.1,39.2,39.4,39.3,39.1,39.1,39.2,39.2,39.3,39.3,39.0,39.2,39.1,39.3,39.2,39.6,40.1,40.6,41.3,42.0,42.3,42.3,42.5,42.8,42.8,42.9,42.3,41.7,41.0,40.4,40.0,40.0,39.8,39.7,39.6,39.6,39.6,39.6,39.8,39.7,39.7,39.7,39.6,39.5,39.4,39.5,39.5,39.5,39.5,39.7,39.6,39.6,39.9,40.5,41.2,41.9,42.3,42.6,42.7,42.5,42.1,40.8,39.2,37.6,36.5,35.9,35.8,35.5,35.5,35.4,35.3,35.1,35.1,35.0,35.0,35.1,35.1,35.0,34.9,34.9,34.8,34.8,34.8,34.5,34.5,34.5,34.3,34.4,34.3,34.2,34.1,34.1,34.4,35.0,36.2,36.3,35.4,34.3,33.1,32.2,31.7,31.5,31.1,31.0,30.7,30.5,30.3,30.2,30.3,30.1,30.0,29.8,29.7,29.9,29.6,29.6,29.6,29.3,29.3,29.4,29.2,29.2,28.9,28.9,29.2,29.0,28.9,29.0,28.8,28.8,28.7,28.9,28.7,28.6,28.6,28.5,28.4,28.6,28.5,28.4,28.3,28.3,28.3,28.2,28.5,28.3,28.5,28.5,28.3,28.3,28.5
168,31.6,31.8,31.9,31.9,32.0,32.0,31.9,31.9,32.2,32.1,32.2,32.3,32.2,32.6,32.5,32.6,32.7,32.6,32.6,32.7,32.9,33.1,33.0,33.1,33.2,33.6,33.8,33.9,34.2,34.5,34.8,35.5,36.5,37.5,38.7,39.2,39.3,39.3,39.3,39.3,39.2,39.1,39.1,39.2,39.2,39.3,39.1,39.1,39.2,39.2,39.2,39.2,39.3,39.0,39.2,39.3,39.5,39.9,40.5,41.2,41.5,41.9,41.9,42.0,42.1,42.3,42.5,42.4,41.6,40.8,40.3,39.9,40.0,39.8,39.8,39.7,39.5,39.5,39.3,39.6,39.7,39.7,39.7,39.5,39.3,39.3,39.2,39.5,39.5,39.6,39.6,39.6,39.7,39.9,40.5,41.0,41.6,42.2,42.5,42.7,42.5,42.1,40.9,39.2,37.6,36.5,35.9,35.6,35.2,35.3,35.4,35.2,35.2,35.0,35.0,35.0,35.1,34.9,35.1,34.9,34.9,34.9,34.8,34.8,34.6,34.7,34.4,34.4,34.3,34.2,34.1,34.2,34.1,34.3,34.9,36.1,36.3,35.4,34.4,33.2,32.2,31.7,31.5,31.2,30.7,30.6,30.5,30.3,30.3,30.3,29.9,29.9,29.9,29.7,29.7,29.6,29.6,29.3,29.3,29.2,29.3,29.2,29.3,29.1,29.1,28.9,28.9,28.9,28.9,28.7,28.8,28.8,28.7,28.7,28.6,28.6,28.4,28.6,28.5,28.5,28.5,28.4,28.3,28.5,28.4,28.3,28.3,28.2,28.5,28.2,28.3,28.1
169,31.6,31.7,31.6,31.7,31.8,31.9,32.0,32.0,32.1,32.1,32.1,32.3,32.3,32.5,32.3,32.5,32.6,32.6,32.5,32.9,32.7,32.9,33.1,33.2,33.2,33.4,33.8,33.8,34.2,34.4,34.7,35.6,36.4,37.5,38.5,39.3,39.2,39.4,39.4,39.3,39.3,39.2,39.2,39.2,39.2,39.2,39.2,39.2,39.2,39.2,39.2,39.2,39.2,39.2,39.1,39.3,39.5,40.0,40.4,41.0,41.2,41.2,41.3,41.2,41.4,41.9,42.2,42.2,41.5,40.8,40.3,40.0,39.9,39.8,39.6,39.6,39.6,39.4,39.5,39.5,39.6,39.7,39.6,39.4,39.4,39.3,39.3,39.4,39.5,39.5,39.6,39.5,39.6,40.0,40.3,40.6,41.4,41.8,42.1,42.5,42.4,42.0,40.9,39.2,37.6,36.4,35.7,35.5,35.4,35.3,35.3,35.3,35.2,35.3,34.9,35.1,35.0,34.9,34.9,34.8,34.7,34.7,34.7,34.7,34.6,34.4,34.3,34.4,34.3,34.2,34.2,34.3,34.1,34.3,34.8,36.2,36.4,35.5,34.2,33.2,32.2,31.7,31.4,31.1,31.0,30.7,30.6,30.3,30.2,30.0,30.0,29.9,29.8,29.6,29.6,29.5,29.5,29.3,29.4,29.3,29.2,29.1,29.0,29.0,29.1,28.9,28.9,28.7,28.8,28.7,28.9,28.7,28.6,28.6,28.7,28.7,28.7,28.7,28.4,28.5,28.4,28.3,28.4,28.5,28.4,28.4,28.2,28.3,28.3,28.4,28.2,28.3
170,31.6,31.6,31.7,31.8,31.8,31.9,31.8,31.9,32.0,32.0,32.2,32.4,32.4,32.4,32.5,32.5,32.6,32.6,32.5,32.8,32.7,32.8,33.0,33.0,33.1,33.4,33.5,33.7,33.9,34.3,34.7,35.5,36.2,37.5,38.6,39.1,39.4,39.4,39.3,39.3,39.1,39.1,39.0,39.1,39.2,39.2,39.2,39.0,39.0,39.1,39.0,39.1,39.3,39.2,39.2,39.3,39.5,39.8,40.3,40.8,40.9,40.9,40.9,40.9,41.0,41.5,42.2,41.9,41.5,40.8,40.1,39.8,39.9,39.7,39.5,39.6,39.6,39.4,39.4,39.6,39.6,39.7,39.5,39.4,39.4,39.3,39.5,39.4,39.5,39.6,39.7,39.7,39.6,39.8,40.2,40.6,41.1,41.4,41.9,42.2,42.4,42.1,40.7,39.1,37.5,36.4,35.7,35.5,35.4,35.3,35.3,35.1,35.0,35.2,35.0,35.1,35.0,35.0,34.9,34.8,34.8,34.9,34.8,34.7,34.6,34.6,34.3,34.4,34.4,34.3,34.3,34.2,34.1,34.2,35.0,36.3,36.4,35.5,34.2,33.0,32.2,31.5,31.4,31.2,30.9,30.6,30.5,30.4,30.3,30.0,29.8,30.0,29.6,29.8,29.7,29.5,29.5,29.5,29.3,29.3,29.2,29.2,29.1,28.9,29.0,28.9,29.0,28.7,28.9,28.8,28.8,28.7,28.8,28.6,28.7,28.5,28.6,28.5,28.4,28.4,28.4,28.4,28.5,28.6,28.4,28.3,28.3,28.3,28.4,28.3,28.2,28.2
171,31.6,31.7,31.6,31.7,31.9,31.7,31.8,31.9,31.9,31.9,32.1,32.2,32.2,32.4,32.5,32.4,32.4,32.3,32.5,32.5,32.6,32.6,32.8,32.8,33.0,33.3,33.3,33.4,33.7,34.0,34.6,35.3,36.3,37.4,38.5,39.1,39.3,39.5,39.2,39.3,39.0,39.2,39.1,39.1,39.2,39.0,39.0,39.2,39.1,39.2,39.1,39.2,39.2,39.3,39.3,39.3,39.4,39.9,40.3,40.8,41.1,41.1,40.9,40.8,41.2,41.7,42.1,42.1,41.5,40.7,40.1,39.9,39.9,39.7,39.7,39.5,39.5,39.4,39.5,39.6,39.6,39.5,39.5,39.4,39.3,39.4,39.4,39.5,39.6,39.5,39.7,39.6,39.6,39.9,40.2,40.6,41.0,41.3,41.6,42.1,42.2,41.9,40.7,39.1,37.5,36.3,35.7,35.5,35.3,35.3,35.2,35.1,35.1,35.1,35.1,34.8,34.9,34.9,34.9,34.9,34.7,34.7,34.7,34.6,34.5,34.5,34.4,34.5,34.4,34.4,34.2,34.1,34.1,34.2,34.7,36.3,36.5,35.5,34.1,33.0,32.1,31.6,31.3,31.2,30.7,30.6,30.3,30.3,30.2,29.9,29.8,29.8,29.6,29.6,29.7,29.5,29.4,29.3,29.2,29.2,29.1,29.1,29.1,29.0,29.0,28.7,28.8,28.7,28.8,28.8,28.8,28.7,28.6,28.7,28.6,28.6,28.8,28.4,28.3,28.4,28.5,28.5,28.3,28.5,28.3,28.3,28.3,28.3,28.2,28.3,28.2,28.3
172,31.5,31.5,31.7,31.6,31.7,31.7,31.9,31.8,31.9,31.9,32.0,32.1,32.1,32.1,32.2,32.2,32.5,32.3,32.3,32.5,32.6,32.6,32.6,32.7,32.9,33.1,33.2,33.5,33.7,34.1,34.5,35.2,36.2,37.4,38.4,39.0,39.3,39.1,39.3,39.2,39.2,39.2,39.2,39.2,39.3,39.0,39.0,39.1,39.0,39.0,39.1,39.2,39.0,39.0,39.3,39.1,39.4,39.9,40.3,40.9,41.3,41.4,41.4,41.2,41.5,42.1,42.2,42.2,41.6,40.7,40.1,40.0,39.8,39.7,39.7,39.5,39.4,39.5,39.5,39.6,39.6,39.5,39.5,39.6,39.6,39.5,39.5,39.6,39.5,39.6,39.5,39.6,39.7,39.8,40.3,40.6,41.0,41.1,41.4,41.7,42.2,41.8,40.6,39.0,37.3,36.2,35.6,35.4,35.4,35.3,35.2,35.3,35.0,35.1,35.0,34.9,34.9,34.9,34.9,34.6,34.8,34.7,34.6,34.6,34.5,34.4,34.3,34.3,34.3,34.2,34.2,34.2,34.1,34.2,35.0,36.2,36.5,35.7,34.1,32.9,31.9,31.5,31.0,31.0,30.7,30.5,30.4,30.2,30.1,30.0,30.0,29.9,29.7,29.6,29.5,29.4,29.4,29.4,29.4,29.2,29.3,29.1,29.1,29.0,28.9,28.9,28.7,28.8,28.7,28.6,28.8,28.7,28.5,28.6,28.7,28.4,28.6,28.5,28.4,28.5,28.3,28.3,28.2,28.5,28.4,28.2,28.3,28.4,28.2,28.2,28.2,28.1
173,31.5,31.5,31.6,31.6,31.8,31.7,31.7,31.9,31.9,31.8,31.9,32.0,32.1,32.0,32.1,32.2,32.2,32.2,32.2,32.3,32.2,32.6,32.5,32.7,32.7,32.9,33.1,33.4,33.5,34.0,34.4,35.1,36.2,37.1,38.3,39.1,39.2,39.2,39.4,39.2,39.2,39.2,39.0,39.0,39.1,39.0,39.1,38.9,39.0,39.0,39.1,39.0,39.0,39.0,39.1,39.3,39.3,39.8,40.3,40.9,41.5,41.8,41.8,42.1,42.2,42.3,42.4,42.1,41.4,40.6,40.1,40.0,39.7,39.7,39.6,39.6,39.5,39.5,39.5,39.7,39.5,39.5,39.4,39.5,39.5,39.6,39.6,39.5,39.6,39.5,39.5,39.5,39.5,39.7,40.2,40.6,40.8,41.3,41.5,41.9,42.0,41.8,40.6,39.0,37.4,36.2,35.6,35.4,35.3,35.2,35.1,35.1,35.0,35.1,34.8,35.0,34.9,34.7,34.7,34.7,34.6,34.8,34.4,34.8,34.5,34.4,34.5,34.4,34.3,34.3,33.9,34.1,34.0,34.3,35.0,36.2,36.6,35.6,34.3,32.9,31.9,31.4,31.1,30.8,30.5,30.4,30.2,30.1,30.3,29.9,29.7,29.9,29.6,29.5,29.5,29.5,29.3,29.3,29.3,29.2,29.0,28.9,29.0,28.9,28.9,28.9,28.8,29.0,28.7,28.7,28.7,28.7,28.7,28.6,28.7,28.3,28.5,28.4,28.5,28.5,28.4,28.4,28.5,28.5,28.3,28.4,28.1,28.3,28.4,28.2,28.1,28.1
174,31.5,31.5,31.5,31.5,31.7,31.5,31.6,31.7,31.8,31.7,31.8,31.9,31.8,32.0,31.9,32.0,32.2,32.2,32.2,32.3,32.4,32.4,32.5,32.4,32.6,32.9,32.9,33.4,33.4,33.8,34.2,35.2,36.2,37.3,38.5,39.3,39.3,39.3,39.2,39.2,39.3,39.1,39.2,39.0,39.1,39.1,39.1,39.0,39.0,39.0,39.0,39.0,39.0,39.0,39.1,39.2,39.4,39.7,40.4,41.1,41.6,41.9,42.3,42.6,42.7,42.9,42.6,42.2,41.6,40.6,40.0,39.8,39.7,39.6,39.7,39.6,39.6,39.6,39.7,39.7,39.5,39.5,39.4,39.5,39.5,39.5,39.5,39.6,39.5,39.5,39.5,39.5,39.6,39.8,40.1,40.7,40.7,41.4,41.6,41.9,42.2,41.7,40.5,38.9,37.4,36.2,35.6,35.4,35.1,35.5,35.0,35.1,35.1,35.0,35.0,34.9,34.9,34.7,34.8,34.7,34.6,34.8,34.7,34.5,34.6,34.5,34.4,34.4,34.3,34.1,34.2,34.1,34.1,34.3,34.8,36.3,36.5,35.4,34.2,32.8,31.7,31.3,31.0,30.7,30.6,30.5,30.3,30.0,30.0,30.0,29.8,29.7,29.7,29.5,29.5,29.4,29.3,29.4,29.2,29.0,29.2,29.2,29.0,28.8,28.9,28.9,28.9,28.7,28.7,28.7,28.6,28.5,28.6,28.6,28.7,28.5,28.5,28.6,28.5,28.5,28.3,28.3,28.2,28.4,28.3,28.3,28.1,28.2,28.4,28.3,28.3,28.3
175,31.4,31.3,31.5,31.7,31.7,31.7,31.8,31.6,31.7,31.8,31.8,31.9,31.8,31.9,31.8,32.1,32.0,32.0,32.2,32.2,32.2,32.3,32.2,32.4,32.6,32.7,32.7,33.1,33.2,33.6,34.1,34.9,35.9,37.1,38.4,39.3,39.2,39.3,39.2,39.3,39.3,39.3,39.1,39.3,39.1,39.2,39.0,39.0,38.9,39.1,39.0,39.0,39.2,39.0,39.2,39.3,39.4,39.8,40.4,41.2,41.8,42.3,42.6,42.9,43.1,43.0,42.7,42.2,41.6,40.6,40.3,39.8,39.8,39.6,39.7,39.5,39.5,39.6,39.5,39.5,39.4,39.5,39.5,39.4,39.7,39.5,39.7,39.4,39.4,39.5,39.7,39.7,39.6,39.8,40.1,40.7,41.4,41.7,41.8,42.1,42.1,41.7,40.4,38.8,37.2,36.2,35.5,35.3,35.3,35.2,35.1,34.9,35.0,34.9,34.8,35.0,35.0,34.9,34.8,34.7,34.5,34.7,34.7,34.6,34.5,34.2,34.3,34.4,34.3,34.4,34.1,34.2,34.1,34.2,34.8,36.2,36.4,35.2,34.0,32.6,31.6,31.1,31.0,30.6,30.7,30.3,30.3,30.1,30.0,29.9,29.7,29.8,29.7,29.5,29.5,29.5,29.4,29.3,29.3,29.3,29.0,29.2,29.0,29.1,29.0,28.8,28.8,28.9,28.7,28.6,28.6,28.6,28.6,28.4,28.5,28.5,28.5,28.3,28.4,28.5,28.3,28.4,28.3,28.4,28.3,28.3,28.3,28.3,28.1,28.2,28.3,28.2
176,31.4,31.4,31.3,31.7,31.6,31.7,31.7,31.7,31.7,31.7,31.7,31.5,31.7,31.9,31.9,32.0,32.0,32.0,31.9,32.1,32.0,32.1,32.2,32.4,32.5,32.8,32.7,32.9,33.2,33.6,34.1,34.7,35.9,37.0,38.3,39.2,39.4,39.3,39.3,39.3,39.2,39.3,39.3,39.2,39.1,39.1,39.1,38.9,39.0,39.1,39.0,39.0,39.0,39.0,39.2,39.1,39.3,39.8,40.3,41.1,41.7,42.2,42.7,43.0,43.2,43.0,42.7,42.2,41.6,40.7,40.1,39.9,39.7,39.6,39.5,39.5,39.7,39.5,39.5,39.6,39.5,39.3,39.5,39.5,39.6,39.6,39.5,39.5,39.5,39.4,39.5,39.5,39.7,39.8,40.4,40.9,41.4,41.9,42.1,42.2,42.1,41.6,40.3,38.8,37.1,36.0,35.6,35.4,35.1,35.2,35.2,35.0,35.0,35.0,34.9,34.9,34.9,34.9,34.7,34.8,34.6,34.6,34.6,34.6,34.5,34.6,34.4,34.3,34.3,34.1,34.2,34.1,34.2,34.2,34.7,36.1,36.2,35.3,33.9,32.5,31.7,31.1,30.8,30.8,30.5,30.3,30.3,30.1,30.0,29.8,29.7,29.6,29.7,29.5,29.4,29.4,29.2,29.3,29.2,29.1,29.2,28.9,29.0,29.0,28.9,28.7,28.8,28.8,28.7,28.6,28.6,28.7,28.4,28.5,28.5,28.6,28.4,28.5,28.3,28.5,28.3,28.4,28.5,28.5,28.3,28.3,28.2,28.2,28.1,28.3,28.4,28.2
177,31.2,31.4,31.4,31.4,31.5,31.5,31.4,31.7,31.7,31.7,31.7,31.7,31.7,31.8,31.8,31.8,31.7,31.9,31.8,32.1,32.0,32.2,32.2,32.3,32.3,32.6,32.6,32.7,33.0,33.3,33.8,34.6,35.6,37.2,38.5,39.2,39.5,39.4,39.4,39.2,39.4,39.3,39.3,39.3,39.3,39.3,39.2,39.2,39.2,39.1,39.1,38.9,39.1,38.9,39.2,39.3,39.4,39.8,40.2,41.0,41.6,42.2,42.5,43.0,43.1,43.0,42.7,42.2,41.5,40.7,39.9,39.6,39.6,39.6,39.7,39.5,39.6,39.5,39.5,39.3,39.5,39.4,39.3,39.4,39.5,39.5,39.5,39.5,39.4,39.5,39.5,39.5,39.6,39.8,40.3,40.9,41.6,42.0,42.2,42.4,42.1,41.5,40.3,38.8,37.2,36.0,35.5,35.2,35.1,35.0,35.1,35.0,34.9,35.0,34.9,34.9,34.9,34.9,34.8,34.7,34.8,34.5,34.7,34.4,34.3,34.3,34.3,34.3,34.3,34.0,34.1,34.1,34.0,34.1,34.7,35.9,36.2,35.1,33.7,32.4,31.5,31.2,30.8,30.7,30.5,30.2,30.1,29.9,29.8,29.7,29.7,29.6,29.5,29.5,29.4,29.4,29.3,29.2,29.1,29.0,29.1,28.8,29.1,28.8,28.8,28.8,28.9,28.7,28.7,28.9,28.6,28.7,28.6,28.6,28.6,28.4,28.5,28.5,28.4,28.5,28.2,28.3,28.2,28.3,28.3,28.3,28.2,28.1,28.2,28.2,28.1,28.3
178,31.2,31.4,31.4,31.4,31.4,31.5,31.6,31.5,31.6,31.6,31.7,31.6,31.7,31.6,31.8,31.8,31.8,31.9,31.7,32.0,32.0,32.1,32.1,32.1,32.2,32.5,32.5,32.8,33.1,33.4,33.8,34.6,35.8,37.0,38.5,39.3,39.7,39.7,39.7,39.6,39.4,39.4,39.4,39.7,39.5,39.3,39.3,39.3,39.3,39.3,39.2,39.1,39.2,39.2,39.3,39.4,39.5,39.8,40.2,40.9,41.3,42.0,42.3,42.9,43.3,43.1,42.8,42.2,41.4,40.6,40.0,39.7,39.5,39.6,39.5,39.5,39.6,39.4,39.3,39.3,39.0,38.8,38.9,39.2,39.3,39.3,39.4,39.4,39.4,39.6,39.4,39.3,39.5,39.8,40.3,40.8,41.5,42.1,42.3,42.3,42.0,41.5,40.4,38.7,37.2,36.0,35.6,35.2,35.2,35.1,35.0,35.0,35.1,35.0,34.8,34.9,34.8,35.0,34.8,34.6,34.7,34.7,34.5,34.5,34.3,34.4,34.3,34.1,34.0,34.0,34.1,33.9,33.9,34.2,34.6,35.8,36.0,34.8,33.6,32.3,31.5,31.1,30.7,30.7,30.4,30.2,30.0,30.1,29.9,29.9,29.6,29.5,29.6,29.5,29.4,29.3,29.2,29.1,29.1,29.1,28.9,28.9,28.9,28.9,28.9,28.8,28.8,28.7,28.9,28.7,28.6,28.5,28.5,28.5,28.5,28.5,28.4,28.5,28.4,28.4,28.2,28.4,28.3,28.5,28.3,28.3,28.4,28.1,28.3,28.3,28.4,28.0
179,31.2,31.3,31.4,31.5,31.6,31.5,31.5,31.4,31.6,31.5,31.5,31.6,31.6,31.7,31.7,31.8,31.7,31.8,31.8,31.8,31.8,31.8,32.1,32.1,32.3,32.4,32.3,32.6,32.9,33.1,33.6,34.4,35.6,36.9,38.5,39.5,39.7,39.9,39.6,39.5,39.4,39.5,39.6,39.7,39.6,39.4,39.3,39.4,39.4,39.4,39.2,39.1,39.1,39.3,39.4,39.5,39.5,39.9,40.1,40.7,41.3,42.0,42.2,42.7,43.1,43.0,42.7,42.1,41.4,40.5,39.9,39.5,39.0,38.9,39.4,39.5,39.4,39.2,38.7,38.4,38.1,37.9,38.0,38.4,38.8,39.2,39.4,39.5,39.5,39.3,39.1,38.9,39.3,39.7,40.2,40.6,41.4,42.2,42.3,42.3,42.0,41.6,40.3,38.6,37.0,35.9,35.5,35.2,35.1,35.1,35.1,34.8,34.9,35.0,34.9,34.9,35.0,34.8,34.8,34.6,34.6,34.5,34.5,34.4,34.5,34.4,34.3,34.2,34.2,34.1,33.9,34.1,34.1,34.1,34.7,35.7,35.7,34.5,33.3,31.8,31.4,30.9,30.7,30.6,30.3,30.1,30.1,29.9,29.8,29.7,29.7,29.7,29.5,29.5,29.4,29.4,29.3,29.3,29.0,28.9,28.9,28.7,29.1,28.8,28.9,28.9,28.8,28.7,28.7,28.6,28.7,28.6,28.4,28.4,28.6,28.4,28.5,28.4,28.3,28.3,28.4,28.3,28.3,28.4,28.3,28.1,28.2,28.2,28.1,28.2,28.2,28.1
180,31.1,31.4,31.2,31.3,31.4,31.4,31.4,31.4,31.5,31.5,31.5,31.5,31.5,31.6,31.4,31.6,31.7,31.5,31.7,31.8,31.9,31.8,31.9,31.9,32.1,32.1,32.2,32.4,32.8,33.0,33.5,34.3,35.6,36.9,38.6,39.4,39.6,39.9,39.8,39.6,39.5,39.7,39.7,39.9,39.6,39.5,39.5,39.4,39.6,39.6,39.5,39.1,39.2,39.2,39.6,39.7,39.7,39.7,40.0,40.7,41.1,41.8,42.2,42.8,43.0,42.9,42.6,42.1,41.3,40.4,39.8,39.2,39.0,38.8,39.2,39.3,39.1,38.9,38.2,37.9,37.7,37.5,37.7,37.9,38.4,38.7,39.3,39.4,39.2,38.9,38.7,38.6,39.2,39.5,40.1,40.6,41.5,42.0,42.1,42.1,42.1,41.4,40.1,38.6,36.9,36.0,35.5,35.2,34.9,35.0,35.0,35.0,35.0,35.0,34.8,34.9,34.7,34.9,34.7,34.7,34.7,34.6,34.4,34.5,34.4,34.3,34.2,34.3,34.2,34.0,33.9,34.0,34.0,34.1,34.5,35.4,35.2,34.1,33.0,31.8,31.2,30.9,30.5,30.4,30.3,30.1,30.1,29.7,29.8,29.8,29.5,29.7,29.4,29.4,29.3,29.3,29.2,29.3,29.0,29.0,29.0,28.9,28.9,28.8,28.8,28.8,28.8,28.7,28.7,28.6,28.7,28.7,28.6,28.5,28.5,28.5,28.5,28.5,28.4,28.5,28.2,28.4,28.4,28.4,28.4,28.4,28.3,28.3,28.5,28.3,28.3,28.3
181,31.2,31.3,31.3,31.2,31.4,31.4,31.5,31.4,31.5,31.4,31.3,31.6,31.5,31.5,31.5,31.5,31.4,31.4,31.6,31.5,31.7,31.7,31.8,31.8,31.9,32.1,32.2,32.4,32.5,33.0,33.3,34.1,35.5,36.9,38.6,39.5,39.7,40.0,39.7,39.8,39.7,39.9,39.9,40.1,39.7,39.6,39.5,39.7,39.7,39.8,39.4,39.2,39.4,39.5,39.7,39.7,39.6,39.7,40.0,40.7,41.0,41.6,42.1,42.7,42.9,42.8,42.6,42.1,41.3,40.4,39.5,39.1,38.7,38.5,39.0,39.3,39.0,38.5,38.0,37.6,37.4,37.3,37.5,37.7,38.0,38.3,39.0,39.2,39.1,38.7,38.4,38.6,39.0,39.5,40.1,40.8,41.4,41.8,42.2,42.1,42.1,41.3,40.0,38.4,36.9,35.8,35.5,35.2,35.1,35.0,34.9,34.9,34.9,34.9,34.7,34.7,34.9,34.7,34.7,34.8,34.6,34.4,34.4,34.4,34.4,34.3,34.2,34.2,34.2,34.1,34.0,34.0,33.8,34.0,34.3,34.7,34.3,33.4,32.5,31.8,31.0,30.8,30.4,30.3,30.3,30.1,30.0,29.8,29.9,29.8,29.6,29.5,29.4,29.3,29.3,29.5,29.3,29.1,29.2,28.9,28.9,29.0,28.9,28.9,28.8,28.6,28.7,28.7,28.7,28.7,28.5,28.5,28.5,28.5,28.6,28.4,28.5,28.3,28.4,28.3,28.3,28.4,28.4,28.4,28.3,28.3,28.3,28.3,28.2,28.2,28.1,28.2
182,31.2,31.3,31.2,31.2,31.3,31.2,31.3,31.3,31.4,31.4,31.3,31.4,31.2,31.5,31.4,31.4,31.4,31.4,31.4,31.6,31.6,31.6,31.7,31.7,31.9,32.0,32.1,32.2,32.3,32.7,33.2,34.0,35.3,36.6,38.5,39.5,39.8,40.0,39.9,39.7,39.8,39.7,39.8,39.9,39.8,39.6,39.7,39.8,39.6,39.8,39.4,39.4,39.4,39.5,39.7,39.8,39.6,39.8,39.9,40.4,40.8,41.5,41.7,42.2,42.5,42.4,42.2,41.6,41.1,40.4,39.4,39.0,38.7,38.4,39.0,39.3,39.0,38.2,37.7,37.3,37.3,37.2,37.4,37.3,37.8,38.0,38.6,39.2,39.1,38.4,38.1,38.3,39.0,39.3,40.0,40.5,41.0,41.6,41.8,41.7,41.5,41.1,39.8,38.3,36.9,35.7,35.4,35.2,35.0,35.0,34.8,34.8,34.9,35.0,34.7,34.7,34.8,34.7,34.6,34.4,34.5,34.5,34.4,34.4,34.3,34.3,34.1,34.2,34.1,33.9,33.9,34.0,33.9,33.8,33.9,33.9,33.2,32.9,32.1,31.5,30.9,30.5,30.3,30.3,30.3,29.9,30.0,29.8,29.7,29.6,29.5,29.5,29.4,29.3,29.2,29.3,29.0,29.2,29.1,29.0,29.0,28.8,28.9,28.8,28.7,28.5,28.8,28.7,28.7,28.6,28.6,28.6,28.6,28.4,28.4,28.4,28.3,28.4,28.3,28.3,28.2,28.2,28.3,28.4,28.2,28.3,28.3,28.2,28.1,28.2,28.2,28.1
183,31.0,31.2,31.2,31.1,31.4,31.2,31.2,31.4,31.3,31.4,31.4,31.4,31.4,31.4,31.5,31.4,31.5,31.4,31.3,31.5,31.5,31.5,31.5,31.7,31.8,31.9,32.2,32.2,32.1,32.5,32.9,33.8,35.2,36.6,38.4,39.6,39.8,40.1,39.9,39.8,39.9,39.9,39.9,40.1,39.8,39.4,39.6,39.8,39.7,39.8,39.6,39.5,39.5,39.7,39.9,39.9,39.5,39.7,39.8,40.2,40.5,40.8,41.0,40.9,41.1,41.1,40.8,40.6,40.3,40.1,39.5,39.1,38.7,38.3,38.8,39.2,38.8,38.3,37.6,37.4,37.5,37.2,37.5,37.5,37.8,37.9,38.5,39.2,38.7,38.3,38.0,38.3,38.9,39.5,39.7,40.0,40.4,40.7,41.0,40.9,40.7,40.3,39.3,37.8,36.6,35.7,35.3,35.1,35.0,35.0,35.0,34.7,34.8,34.9,34.8,34.8,34.7,34.7,34.7,34.5,34.5,34.4,34.4,34.4,34.2,34.3,34.2,34.1,34.1,34.0,33.8,33.9,33.8,33.7,33.7,33.4,32.9,32.3,31.8,31.0,30.6,30.5,30.5,30.2,29.9,30.1,30.0,29.6,29.5,29.5,29.5,29.4,29.4,29.3,29.3,29.3,29.0,29.1,29.1,29.0,28.9,28.8,28.9,28.6,28.8,28.7,28.8,28.6,28.7,28.5,28.6,28.6,28.5,28.5,28.5,28.4,28.4,28.5,28.3,28.4,28.5,28.4,28.3,28.3,28.3,28.3,28.2,28.2,28.2,28.3,28.3,28.3
184,31.1,31.0,31.1,31.1,31.0,31.2,31.2,31.1,31.2,31.4,31.4,31.3,31.3,31.2,31.3,31.2,31.3,31.3,31.2,31.5,31.4,31.3,31.6,31.6,31.7,31.8,31.7,32.0,32.3,32.4,32.9,33.7,35.0,36.5,38.4,39.6,39.9,40.0,40.0,40.0,39.9,40.1,40.1,40.1,39.8,39.5,39.5,39.7,39.6,40.0,39.9,39.5,39.8,39.7,39.9,39.8,39.6,39.4,39.6,39.9,40.0,40.0,39.8,39.7,39.5,39.4,39.5,39.6,39.8,39.7,39.3,39.0,38.9,38.6,39.0,39.3,39.0,38.3,37.8,37.6,37.5,37.6,37.8,37.5,37.7,38.1,38.4,39.1,38.7,38.4,38.1,38.3,38.9,39.3,39.3,39.5,39.3,39.2,39.2,38.9,38.9,38.7,37.8,37.2,36.2,35.5,35.2,35.0,34.9,35.0,34.7,34.9,34.7,34.8,34.7,34.6,34.6,34.5,34.7,34.5,34.6,34.4,34.3,34.3,34.3,34.2,34.1,34.0,34.1,33.8,34.0,33.8,33.7,33.7,33.4,33.0,32.4,31.8,31.2,30.9,30.5,30.3,30.3,30.1,30.0,29.8,29.8,29.6,29.7,29.6,29.3,29.4,29.3,29.2,29.2,29.0,29.1,29.1,28.9,28.9,28.8,28.9,28.9,28.8,28.7,28.6,28.7,28.6,28.5,28.6,28.7,28.5,28.5,28.5,28.6,28.3,28.4,28.3,28.3,28.3,28.3,28.2,28.2,28.3,28.2,28.2,28.3,28.3,28.2,28.1,28.2,28.1
185,31.0,31.1,31.0,31.1,31.0,31.1,31.2,31.1,31.2,31.2,31.2,31.1,31.1,31.2,31.3,31.2,31.2,31.2,31.2,31.4,31.2,31.4,31.4,31.6,31.5,31.7,31.8,31.8,31.9,32.3,32.7,33.5,34.9,36.4,38.4,39.6,39.8,39.9,40.1,40.0,40.0,40.1,39.9,40.1,39.7,39.5,39.7,39.8,39.9,39.9,40.0,39.7,39.9,39.8,39.8,39.7,39.4,39.3,39.3,39.4,39.5,39.3,39.0,38.6,38.4,38.2,38.4,38.6,39.1,39.3,39.3,39.0,39.2,38.9,39.3,39.3,39.2,39.0,38.5,38.1,37.9,37.9,38.2,38.0,38.3,38.8,39.0,39.3,38.8,38.6,38.5,38.5,39.0,39.0,38.9,38.4,37.9,37.8,37.5,37.5,37.4,37.3,36.9,36.3,35.9,35.4,35.3,35.0,35.0,34.9,34.9,34.8,34.9,34.8,34.6,34.6,34.7,34.5,34.6,34.5,34.4,34.5,34.2,34.3,34.0,34.1,34.1,34.0,34.0,34.0,33.8,33.8,33.7,33.6,33.3,32.6,32.0,31.5,31.2,30.8,30.5,30.3,30.0,29.9,29.8,29.7,29.7,29.5,29.5,29.5,29.5,29.5,29.3,29.3,29.1,29.2,29.0,29.0,28.9,28.9,28.9,28.7,28.8,28.6,28.7,28.6,28.7,28.6,28.6,28.7,28.6,28.4,28.4,28.5,28.5,28.6,28.5,28.3,28.4,28.4,28.3,28.1,28.3,28.4,28.3,28.3,28.3,28.3,28.2,28.2,28.1,28.1
186,30.9,31.0,30.9,31.1,30.9,31.1,31.0,31.1,31.0,31.2,31.1,31.3,31.1,31.2,31.2,31.2,31.2,31.2,31.3,31.3,31.4,31.3,31.3,31.3,31.5,31.6,31.8,31.9,31.9,32.1,32.6,33.3,34.8,36.2,38.3,39.6,39.9,40.0,40.3,40.1,39.9,39.9,39.9,39.9,39.7,39.4,39.7,39.8,39.9,40.0,40.1,40.0,39.9,40.0,40.0,39.7,39.4,39.0,39.1,39.2,39.1,38.7,38.1,37.5,37.3,37.3,37.5,37.9,38.5,39.1,39.1,39.1,39.3,39.3,39.4,39.5,39.3,39.2,38.8,38.7,38.6,38.2,38.5,38.4,38.8,39.2,39.4,39.3,39.1,38.8,38.8,38.8,39.0,39.0,38.4,37.5,36.9,36.5,36.2,36.2,36.2,36.2,36.0,35.9,35.7,35.3,35.1,35.0,34.9,34.8,34.8,34.7,34.8,34.8,34.5,34.5,34.7,34.5,34.4,34.5,34.3,34.4,34.3,34.2,34.2,34.1,34.0,33.9,34.0,33.8,33.8,33.7,33.7,33.6,33.2,32.7,32.0,31.2,30.8,30.6,30.3,30.3,30.1,29.8,29.7,29.8,29.6,29.5,29.5,29.5,29.3,29.4,29.1,29.2,29.3,29.1,29.1,29.0,28.7,28.9,28.9,28.8,28.8,28.7,28.7,28.4,28.5,28.6,28.5,28.7,28.6,28.6,28.5,28.5,28.4,28.5,28.4,28.2,28.2,28.5,28.4,28.3,28.3,28.3,28.1,28.1,28.1,28.2,28.1,28.3,28.1,28.0
187,31.0,30.9,31.0,31.0,31.0,31.0,30.9,30.8,31.2,31.1,31.2,31.0,31.0,31.1,31.2,31.2,31.2,31.1,31.0,31.2,31.2,31.1,31.4,31.5,31.6,31.6,31.6,31.7,31.8,32.1,32.7,33.2,34.8,36.3,38.2,39.4,39.8,40.1,40.0,40.1,40.1,40.1,40.1,39.9,39.7,39.5,39.4,39.8,39.8,40.0,40.2,40.0,40.1,40.2,39.9,39.5,39.3,39.1,39.0,39.0,38.6,38.1,37.7,36.8,36.6,36.6,36.8,37.5,38.1,38.9,39.1,39.2,39.3,39.2,39.3,39.4,39.2,39.0,39.0,39.1,38.9,38.8,38.9,38.8,39.0,39.3,39.4,39.4,39.2,38.9,38.9,39.0,39.0,38.6,38.0,36.9,36.1,35.5,35.1,35.1,35.1,35.2,35.2,35.3,35.2,35.3,35.0,34.9,34.8,34.9,34.8,34.7,34.6,34.6,34.5,34.6,34.5,34.5,34.4,34.3,34.4,34.5,34.3,34.1,34.1,34.1,33.8,33.8,33.9,33.8,33.8,33.8,33.6,33.4,33.1,32.5,31.6,30.9,30.7,30.3,30.1,30.0,30.1,29.8,29.8,29.6,29.5,29.6,29.5,29.4,29.3,29.1,29.3,29.2,29.0,29.2,28.9,28.9,29.0,28.7,28.8,28.8,28.8,28.7,28.7,28.6,28.6,28.5,28.6,28.5,28.5,28.4,28.5,28.3,28.4,28.5,28.4,28.4,28.3,28.3,28.3,28.4,28.3,28.3,28.2,28.3,28.1,28.1,28.3,28.3,28.1,28.1
188,30.6,31.0,30.9,31.0,31.0,31.0,30.9,31.0,31.0,31.0,31.0,31.2,31.0,31.1,30.9,31.2,31.0,31.2,31.2,31.3,31.2,31.4,31.2,31.3,31.3,31.6,31.5,31.6,31.7,31.9,32.4,33.2,34.6,36.1,38.0,39.3,39.5,39.8,39.9,39.9,39.9,39.8,39.9,39.8,39.5,39.3,39.5,39.6,39.7,40.0,40.0,40.1,40.1,40.1,39.8,39.6,39.2,39.0,38.8,38.7,38.5,38.0,37.3,36.6,36.2,36.0,36.4,37.0,37.9,38.7,39.1,39.2,39.0,38.5,38.2,38.3,38.1,38.2,38.9,39.2,39.2,39.1,39.2,39.2,39.2,39.0,38.5,38.5,38.2,38.2,38.5,39.0,39.1,38.5,37.7,36.6,35.5,34.8,34.3,34.4,34.5,34.5,34.7,35.1,35.1,35.1,35.0,35.0,35.0,34.9,34.8,34.7,34.6,34.6,34.6,34.6,34.5,34.6,34.5,34.3,34.4,34.3,34.4,34.1,34.2,33.9,33.8,33.8,33.9,33.7,33.8,33.8,33.5,33.5,33.1,32.1,31.5,31.0,30.7,30.4,30.1,29.9,29.8,29.7,29.7,29.7,29.5,29.6,29.4,29.3,29.3,29.3,29.1,29.2,29.0,29.2,28.9,29.0,28.9,28.7,28.9,28.8,28.9,28.7,28.7,28.6,28.7,28.5,28.5,28.5,28.5,28.4,28.5,28.4,28.4,28.5,28.4,28.3,28.3,28.2,28.3,28.3,28.2,28.3,28.2,28.2,28.3,28.1,28.3,28.2,28.3,28.1
189,30.8,30.9,30.9,30.9,31.0,30.8,30.9,30.8,31.0,31.0,31.0,31.0,31.0,30.9,30.9,31.1,31.0,31.0,31.0,31.2,31.0,31.2,31.1,31.1,31.2,31.4,31.4,31.6,31.5,31.7,32.2,33.0,34.5,36.0,37.7,38.9,39.4,39.5,39.7,39.7,39.6,39.6,39.4,39.5,39.3,39.2,39.2,39.4,39.5,39.6,39.9,39.7,39.8,39.7,39.5,39.2,39.0,38.6,38.5,38.4,38.4,38.1,37.4,36.7,35.8,35.8,35.8,36.7,37.7,38.5,38.9,39.1,38.7,38.1,37.2,36.7,36.8,37.4,38.4,39.1,39.2,39.2,39.2,39.0,38.9,38.1,37.0,36.5,36.6,37.1,38.3,38.7,38.8,38.5,37.7,36.6,35.6,34.5,34.0,33.8,33.8,34.0,34.3,34.7,34.9,35.1,35.0,34.9,34.8,34.7,34.7,34.6,34.6,34.6,34.6,34.6,34.4,34.4,34.4,34.3,34.2,34.4,34.1,34.1,34.0,33.9,34.0,33.9,33.8,33.8,33.7,33.7,33.6,33.3,32.8,32.1,31.3,30.7,30.5,30.2,30.2,29.8,29.8,29.7,29.7,29.5,29.6,29.5,29.5,29.2,29.3,29.3,28.9,29.0,29.0,28.9,29.0,28.8,28.9,28.7,28.7,28.7,28.7,28.7,28.7,28.7,28.7,28.5,28.5,28.5,28.5,28.4,28.3,28.2,28.5,28.3,28.4,28.4,28.2,28.3,28.3,28.4,28.2,28.3,28.1,28.2,28.2,28.3,28.2,28.1,28.0,28.2
190,30.8,30.8,30.8,30.7,30.9,31.0,30.8,30.8,30.8,31.0,30.8,30.9,30.9,31.1,30.9,31.0,31.0,30.9,31.0,31.1,31.1,31.1,31.2,31.1,31.2,31.4,31.4,31.6,31.6,31.7,32.2,33.0,34.4,35.8,36.7,37.7,38.5,38.8,39.0,39.0,39.2,39.1,39.0,39.0,38.9,38.8,39.0,39.0,39.1,39.3,39.5,39.5,39.5,39.2,39.2,39.0,38.6,38.4,38.1,38.2,38.1,37.8,36.7,35.9,35.4,35.2,35.8,36.7,37.5,38.2,38.6,38.7,38.5,37.8,37.2,36.6,36.8,37.4,38.4,38.9,39.2,39.1,39.2,39.0,38.4,37.8,36.6,35.9,36.1,36.9,37.9,38.5,38.7,38.2,37.3,36.7,35.7,34.4,33.7,33.5,33.4,33.5,34.1,34.4,34.9,34.9,34.9,34.9,34.7,34.7,34.7,34.6,34.7,34.5,34.6,34.6,34.5,34.3,34.5,34.3,34.2,34.2,34.1,34.0,33.8,33.8,33.7,33.8,33.7,33.6,33.5,33.5,33.4,33.4,32.8,32.0,31.2,30.6,30.2,30.1,29.9,29.8,29.7,29.7,29.5,29.5,29.5,29.3,29.3,29.1,29.1,29.2,29.1,29.1,28.9,28.9,28.9,28.9,28.9,28.7,28.8,28.8,28.7,28.8,28.6,28.7,28.6,28.7,28.6,28.7,28.5,28.5,28.4,28.5,28.4,28.4,28.5,28.4,28.4,28.2,28.1,28.2,28.1,28.2,28.2,28.1,28.3,28.3,28.1,28.2,28.2,28.1
191,31.0,30.8,30.8,30.8,30.9,30.8,30.8,30.9,30.8,30.8,30.9,30.8,30.9,31.0,30.9,31.0,31.0,31.0,31.0,31.0,31.0,31.0,31.0,31.1,31.2,31.3,31.3,31.5,31.5,31.9,32.2,32.7,33.5,34.6,35.3,36.0,36.5,37.0,37.0,37.1,37.3,37.3,37.5,37.5,37.6,37.6,37.9,37.9,38.0,38.2,38.3,38.3,38.6,38.4,38.3,38.2,37.7,37.3,37.1,37.3,37.4,36.7,35.9,35.3,34.9,35.0,35.6,36.4,36.9,37.5,37.9,38.1,37.8,37.5,37.0,36.8,37.0,37.4,38.2,38.5,38.8,38.8,38.8,38.6,38.0,37.5,36.8,36.4,36.5,37.2,37.8,38.2,38.1,37.5,37.0,36.4,35.5,34.2,33.5,33.1,33.1,33.3,33.6,34.2,34.3,34.5,34.6,34.5,34.2,34.5,34.3,34.3,34.3,34.3,34.2,34.1,34.2,34.1,33.9,34.0,33.8,33.9,33.7,33.7,33.5,33.5,33.5,33.4,33.3,33.2,33.0,33.1,32.8,32.8,32.4,31.7,30.8,30.4,30.1,30.1,29.9,29.8,29.7,29.6,29.5,29.3,29.5,29.5,29.3,29.2,29.2,29.3,29.1,29.0,29.0,29.0,28.9,28.9,28.8,28.7,28.8,28.7,28.9,28.7,28.6,28.5,28.7,28.6,28.4,28.5,28.4,28.5,28.3,28.4,28.6,28.3,28.4,28.4,28.3,28.3,28.2,28.4,28.5,28.3,28.4,28.4,28.3,28.2,28.2,28.2,28.2,28.3
192,30.5,30.8,30.6,30.8,31.0,30.7,30.9,30.8,30.8,30.7,30.8,30.7,30.8,30.8,30.9,30.8,31.0,30.8,30.8,31.0,31.0,31.0,30.9,30.9,30.9,31.2,31.3,31.3,31.4,31.4,31.7,32.4,32.7,33.5,33.9,34.3,34.8,35.0,35.2,35.2,35.5,35.4,35.7,35.8,35.9,36.0,36.2,36.2,36.4,36.6,36.6,36.8,36.9,36.8,36.7,36.5,36.2,36.0,36.1,36.0,35.9,35.7,35.1,34.6,34.5,34.7,34.9,35.4,36.0,36.3,36.5,36.5,36.5,36.1,35.8,35.8,35.8,36.1,36.6,37.3,37.6,37.5,37.5,37.3,36.7,36.0,35.6,35.3,35.6,36.0,36.5,37.0,36.8,36.2,35.8,35.3,34.6,33.7,33.0,32.7,32.6,32.8,33.2,33.3,33.5,33.6,33.7,33.6,33.6,33.6,33.7,33.5,33.7,33.6,33.5,33.5,33.5,33.5,33.3,33.2,33.2,33.1,33.0,33.0,32.9,32.7,32.8,32.7,32.7,32.5,32.3,32.3,32.0,31.9,31.5,31.1,30.6,30.2,29.9,29.9,29.7,29.6,29.5,29.6,29.3,29.4,29.4,29.3,29.2,29.3,29.1,29.0,29.0,28.9,28.9,28.8,28.9,28.8,28.5,28.6,28.8,28.6,28.6,28.6,28.5,28.7,28.5,28.5,28.4,28.3,28.5,28.4,28.3,28.3,28.4,28.3,28.3,28.4,28.2,28.3,28.3,28.2,28.2,28.2,28.1,28.1,28.2,28.2,28.1,28.2,28.1,28.1
193,30.5,30.7,30.7,30.5,30.8,30.8,30.7,30.6,30.8,30.8,30.7,30.7,30.6,30.9,30.9,30.9,31.0,30.7,30.9,31.0,30.9,30.9,31.0,31.0,31.0,31.2,31.0,31.2,31.2,31.4,31.7,31.9,32.2,32.6,32.9,33.1,33.5,33.7,33.9,34.0,34.1,34.2,34.6,34.6,35.0,34.9,35.2,35.2,35.2,35.2,35.4,35.5,35.6,35.6,35.5,35.4,35.3,35.1,35.2,35.3,35.0,34.8,34.5,34.3,34.2,34.2,34.6,34.9,35.3,35.5,35.2,35.2,35.2,35.0,34.8,34.7,34.6,34.8,35.3,35.8,35.9,35.8,35.9,35.5,35.0,34.4,34.0,33.6,34.1,34.4,34.9,35.1,34.9,34.8,34.7,34.0,33.5,33.2,32.7,32.4,32.4,32.4,32.7,32.8,33.0,33.0,33.2,33.1,33.1,33.0,33.2,32.9,33.1,33.1,33.0,33.0,33.0,32.9,33.0,32.7,32.8,32.8,32.5,32.6,32.5,32.1,32.1,32.0,31.9,31.8,31.6,31.7,31.5,31.4,31.1,30.7,30.4,30.0,29.9,29.9,29.6,29.7,29.6,29.4,29.5,29.3,29.2,29.1,29.2,29.1,29.2,29.2,28.9,28.9,28.9,28.9,28.7,28.7,28.9,28.6,28.7,28.8,28.7,28.6,28.5,28.5,28.7,28.5,28.5,28.5,28.4,28.4,28.2,28.2,28.4,28.2,28.4,28.2,28.3,28.4,28.2,28.2,28.2,28.3,28.2,28.0,28.3,28.2,28.0,28.1,28.1,28.2
194,30.6,30.8,30.6,30.6,30.7,30.8,30.8,30.7,30.8,30.7,30.8,30.7,30.9,30.8,30.8,30.9,30.8,30.7,30.9,30.8,30.7,31.0,30.8,30.9,31.0,31.0,31.0,31.1,31.1,31.2,31.5,31.6,31.7,31.9,32.2,32.3,32.6,32.5,32.9,33.1,33.2,33.5,33.6,33.6,33.8,34.1,34.2,34.3,34.3,34.5,34.5,34.6,34.6,34.6,34.7,34.5,34.6,34.5,34.5,34.4,34.3,34.2,33.9,33.8,33.9,34.0,34.2,34.8,35.2,35.3,34.6,34.4,34.5,34.3,34.3,34.1,34.0,34.0,34.5,34.7,34.7,34.7,34.6,34.4,34.0,33.6,33.2,33.1,33.3,33.3,33.7,33.8,33.7,33.8,33.7,33.5,33.2,32.8,32.2,32.2,32.2,32.2,32.3,32.4,32.5,32.5,32.7,32.6,32.6,32.6,32.6,32.6,32.7,32.6,32.6,32.7,32.5,32.6,32.7,32.4,32.2,32.3,32.1,32.0,32.0,31.8,31.5,31.5,31.5,31.2,31.2,31.0,31.0,30.9,30.6,30.5,30.1,29.9,29.8,29.6,29.6,29.7,29.4,29.4,29.4,29.3,29.2,29.4,29.2,29.2,29.2,29.2,29.0,28.9,29.1,28.9,28.9,28.8,28.7,28.7,28.6,28.6,28.6,28.6,28.6,28.5,28.4,28.3,28.5,28.3,28.4,28.5,28.3,28.6,28.3,28.3,28.2,28.2,28.3,28.2,28.3,28.1,28.2,28.3,28.2,28.2,28.2,28.1,28.2,28.3,28.0,28.0
195,30.5,30.6,30.7,30.6,30.7,30.9,30.8,30.7,30.7,30.7,30.7,30.8,30.6,30.5,30.7,30.9,30.8,30.7,30.7,30.7,30.8,30.8,30.7,30.8,30.9,31.0,31.2,31.1,31.2,31.4,31.4,31.4,31.5,31.7,31.7,32.0,32.1,32.2,32.3,32.3,32.5,32.8,32.8,33.0,33.1,33.4,33.3,33.5,33.5,33.7,33.8,33.7,33.9,33.9,33.9,33.8,33.8,33.9,34.0,33.7,33.9,33.7,33.7,33.6,33.6,33.8,34.0,34.9,35.4,35.2,34.1,34.0,33.8,33.6,33.6,33.3,33.2,33.3,33.4,33.7,33.8,33.5,33.5,33.4,33.0,32.7,32.4,32.3,32.2,32.5,32.6,32.7,32.6,33.0,33.4,33.2,32.8,32.4,32.0,31.9,31.7,31.9,31.8,31.9,32.0,32.0,31.9,32.1,32.1,32.0,32.0,31.9,32.0,32.1,31.9,32.0,32.1,32.1,32.1,31.7,31.6,31.8,31.5,31.4,31.2,31.4,31.1,31.1,31.0,30.8,30.8,30.7,30.5,30.3,30.2,30.2,29.9,29.9,29.8,29.7,29.6,29.5,29.4,29.4,29.5,29.3,29.1,29.2,29.1,29.0,29.1,29.0,28.8,28.9,28.9,28.9,28.7,28.7,28.8,28.6,28.6,28.8,28.7,28.5,28.6,28.5,28.5,28.3,28.4,28.5,28.5,28.5,28.3,28.3,28.3,28.3,28.3,28.3,28.3,28.2,28.2,28.2,28.3,28.3,28.2,28.1,28.1,28.2,28.1,28.3,28.2,28.1
196,30.5,30.7,30.6,30.5,30.7,30.6,30.7,30.5,30.7,30.7,30.5,30.5,30.7,30.7,30.6,30.6,30.7,30.7,30.7,30.8,30.7,30.7,30.8,30.9,30.8,30.9,31.0,30.9,31.2,31.2,31.3,31.2,31.4,31.5,31.6,31.7,31.8,31.9,32.1,32.1,32.2,32.6,32.6,32.5,32.8,32.7,33.1,33.0,33.1,33.3,33.3,33.4,33.4,33.4,33.5,33.5,33.5,33.5,33.5,33.4,33.4,33.5,33.4,33.3,33.4,33.5,34.3,35.0,35.5,35.1,33.9,33.7,33.5,33.0,33.1,32.8,32.6,32.7,32.9,33.2,33.2,33.0,32.9,32.6,32.3,32.1,31.9,31.9,31.8,32.0,31.9,32.2,32.2,32.9,33.6,33.7,33.3,32.2,31.7,31.6,31.4,31.5,31.6,31.7,31.6,31.6,31.7,31.8,31.6,31.8,31.6,31.7,31.7,31.8,31.8,31.7,31.6,31.5,31.4,31.4,31.3,31.3,31.2,31.1,31.0,31.1,30.6,30.7,30.6,30.5,30.3,30.2,30.1,30.0,30.0,30.1,29.8,29.7,29.7,29.6,29.5,29.3,29.4,29.3,29.3,29.2,29.1,29.2,29.2,29.1,28.9,29.0,29.0,28.9,28.9,28.8,28.8,28.7,28.7,28.6,28.7,28.6,28.6,28.4,28.5,28.5,28.6,28.5,28.5,28.3,28.5,28.3,28.3,28.2,28.3,28.4,28.2,28.2,28.3,28.4,28.3,28.2,28.1,28.2,28.1,28.1,28.1,28.1,28.1,27.9,28.1,28.1
197,30.6,30.5,30.5,30.5,30.7,30.5,30.7,30.6,30.5,30.5,30.7,30.6,30.5,30.7,30.7,30.6,30.6,30.5,30.8,30.7,30.7,30.7,30.7,30.8,30.9,30.7,30.9,31.0,31.1,31.1,31.0,31.2,31.4,31.3,31.5,31.6,31.6,31.7,31.7,31.9,32.1,32.2,32.3,32.5,32.5,32.6,32.8,32.8,32.7,32.9,32.9,32.9,33.1,33.0,33.0,33.1,33.2,33.4,33.2,33.2,33.1,33.2,33.2,33.2,33.2,33.6,34.1,35.2,35.9,35.7,34.5,34.1,34.1,33.6,33.4,33.2,33.0,32.9,33.2,33.3,33.2,33.0,32.9,32.6,32.3,32.0,32.0,31.9,32.0,31.8,31.9,32.1,32.3,33.3,34.1,34.1,33.3,32.2,31.6,31.4,31.4,31.2,31.3,31.5,31.3,31.3,31.5,31.3,31.2,31.4,31.3,31.3,31.3,31.5,31.3,31.4,31.3,31.1,31.2,31.1,31.2,30.9,30.9,30.7,30.7,30.8,30.7,30.3,30.5,30.3,30.2,30.1,30.0,30.0,29.9,29.7,29.7,29.5,29.5,29.6,29.4,29.3,29.3,29.3,29.2,29.0,29.3,29.1,29.1,29.0,29.2,28.9,28.9,28.8,28.8,28.9,28.7,28.7,28.6,28.8,28.6,28.7,28.6,28.5,28.6,28.5,28.5,28.5,28.3,28.5,28.3,28.5,28.4,28.4,28.5,28.3,28.3,28.3,28.2,28.3,28.3,28.2,28.1,28.2,28.1,28.1,28.2,28.2,28.0,28.0,28.1,28.1
198,30.4,30.5,30.5,30.3,30.6,30.6,30.5,30.4,30.5,30.6,30.7,30.7,30.7,30.5,30.5,30.5,30.6,30.5,30.5,30.7,30.5,30.5,30.7,30.8,30.8,30.9,31.0,30.9,31.0,31.0,31.0,31.3,31.1,31.3,31.1,31.5,31.4,31.6,31.7,31.9,31.8,32.1,32.1,32.3,32.4,32.3,32.5,32.6,32.6,32.7,32.9,32.8,32.9,32.8,33.0,32.9,33.0,33.0,33.0,32.9,32.9,33.0,33.0,32.9,33.1,33.4,34.3,35.6,36.2,36.4,36.1,35.8,35.6,35.2,35.1,34.7,34.6,34.5,34.8,34.7,34.6,34.4,34.2,33.8,33.8,33.7,33.3,33.1,33.2,33.0,33.4,33.1,33.5,34.2,34.7,34.5,33.6,32.4,31.7,31.3,31.1,31.2,30.8,31.2,31.2,31.2,31.0,31.1,31.1,31.2,31.1,31.2,31.2,31.2,31.2,31.1,31.0,31.0,31.0,30.9,30.9,30.7,30.8,30.7,30.4,30.4,30.2,30.3,30.3,30.3,30.1,29.8,29.9,29.9,29.7,29.9,29.5,29.5,29.6,29.4,29.5,29.3,29.2,29.3,29.2,29.1,29.1,29.1,28.9,29.1,28.9,28.9,28.9,28.8,28.8,28.7,28.8,28.6,28.7,28.6,28.6,28.6,28.6,28.6,28.6,28.4,28.5,28.5,28.4,28.5,28.4,28.3,28.4,28.3,28.3,28.4,28.2,28.3,28.3,28.2,28.1,28.1,28.3,28.3,28.1,28.2,28.0,28.2,28.0,28.0,28.1,28.2
199,30.2,30.5,30.3,30.4,30.4,30.4,30.5,30.4,30.5,30.6,30.4,30.5,30.6,30.5,30.7,30.6,30.5,30.7,30.7,30.6,30.7,30.6,30.5,30.6,30.6,30.7,30.8,30.8,30.7,30.8,31.0,31.0,31.2,31.0,31.2,31.1,31.3,31.4,31.5,31.5,31.7,31.9,31.9,31.9,32.1,32.3,32.3,32.2,32.4,32.3,32.6,32.6,32.5,32.7,32.7,32.6,32.6,32.7,32.7,32.6,32.6,32.7,32.7,32.7,32.9,33.4,34.3,35.6,36.8,37.2,37.1,36.8,36.8,36.5,36.3,36.2,36.1,36.2,36.2,36.2,36.1,35.9,35.7,35.6,35.5,35.2,35.1,35.0,35.1,34.7,34.8,34.9,35.0,35.2,35.2,34.7,33.6,32.2,31.3,31.0,31.0,30.8,30.9,31.0,30.9,30.9,30.8,31.0,30.9,30.9,31.0,30.8,30.9,30.7,31.0,30.8,30.8,30.8,30.7,30.7,30.6,30.6,30.5,30.3,30.2,30.3,30.2,30.2,30.1,29.9,29.9,29.8,29.8,29.7,29.7,29.6,29.5,29.5,29.5,29.4,29.3,29.2,29.2,29.3,29.2,29.0,29.0,29.0,29.0,29.0,28.8,28.9,28.7,28.8,28.7,28.7,28.7,28.7,28.6,28.5,28.5,28.6,28.5,28.5,28.4,28.3,28.5,28.4,28.4,28.3,28.2,28.3,28.3,28.2,28.4,28.2,28.2,28.1,28.2,28.3,28.2,28.0,28.2,28.3,28.2,28.2,28.1,28.3,28.1,28.0,28.0,28.0
200,30.5,30.3,30.5,30.5,30.6,30.4,30.5,30.4,30.5,30.5,30.5,30.4,30.4,30.5,30.5,30.4,30.5,30.4,30.4,30.6,30.5,30.6,30.5,30.6,30.6,30.7,30.7,30.7,30.8,30.8,30.8,30.9,31.0,31.1,31.1,31.2,31.3,31.4,31.5,31.5,31.5,31.6,31.8,31.8,32.1,32.0,32.0,32.1,32.1,32.2,32.4,32.3,32.6,32.5,32.5,32.3,32.5,32.6,32.4,32.6,32.4,32.6,32.5,32.5,32.8,33.2,34.2,35.7,37.2,37.6,37.5,37.7,37.6,37.4,37.4,37.1,37.2,36.9,37.2,36.9,37.0,36.8,36.5,36.5,36.4,36.3,36.1,36.0,35.9,35.8,35.7,35.7,35.7,35.7,35.4,34.9,33.7,32.2,31.2,30.9,31.0,30.7,30.7,30.7,30.8,30.8,30.6,30.8,30.7,30.7,30.7,30.5,30.6,30.7,30.7,30.6,30.6,30.4,30.5,30.3,30.4,30.4,30.3,30.3,30.2,30.1,29.9,29.9,29.9,30.1,29.7,29.7,29.6,29.6,29.7,29.5,29.3,29.3,29.3,29.3,29.2,29.1,29.1,29.1,29.1,28.8,28.9,28.8,28.9,28.9,28.8,28.9,28.8,28.7,28.7,28.6,28.6,28.5,28.7,28.4,28.5,28.5,28.4,28.4,28.3,28.3,28.4,28.5,28.5,28.4,28.3,28.4,28.2,28.4,28.1,28.2,28.2,28.1,28.1,28.2,28.2,28.1,28.1,28.1,28.1,28.1,28.0,28.1,28.0,28.1,28.1,27.9
201,30.3,30.4,30.3,30.5,30.5,30.5,30.5,30.3,30.3,30.3,30.5,30.5,30.5,30.5,30.4,30.5,30.4,30.5,30.5,30.5,30.4,30.6,30.7,30.5,30.5,30.6,30.6,30.6,30.7,30.7,30.8,30.9,31.0,31.0,31.2,31.1,31.2,31.1,31.4,31.5,31.5,31.5,31.6,31.7,31.9,31.8,31.9,32.0,32.2,32.0,32.0,32.1,32.2,32.1,32.2,32.3,32.3,32.2,32.4,32.3,32.2,32.3,32.4,32.2,32.6,33.0,34.2,35.8,37.3,37.9,38.0,38.0,38.0,38.0,37.8,37.8,37.6,37.6,37.7,37.7,37.4,37.3,37.3,37.1,37.0,37.0,36.9,36.6,36.5,36.5,36.3,36.2,36.0,35.9,35.8,34.8,33.3,32.0,31.0,30.7,30.6,30.7,30.5,30.7,30.5,30.6,30.7,30.7,30.5,30.5,30.6,30.4,30.5,30.4,30.4,30.5,30.3,30.3,30.5,30.3,30.1,30.1,30.2,29.9,30.1,29.9,29.8,29.8,29.8,29.7,29.7,29.7,29.5,29.6,29.6,29.3,29.4,29.3,29.3,29.1,29.1,29.0,29.0,29.0,29.1,28.9,29.1,28.9,28.8,28.8,28.8,28.7,28.7,28.7,28.7,28.6,28.7,28.7,28.5,28.6,28.5,28.5,28.5,28.5,28.5,28.5,28.3,28.4,28.3,28.4,28.3,28.3,28.1,28.3,28.4,28.3,28.3,28.2,28.1,28.2,28.1,28.1,28.1,28.2,28.1,28.2,28.1,28.1,27.9,28.1,28.1,28.1
202,30.3,30.3,30.5,30.3,30.4,30.4,30.3,30.4,30.2,30.3,30.4,30.4,30.3,30.4,30.5,30.5,30.1,30.4,30.5,30.5,30.5,30.5,30.6,30.5,30.5,30.5,30.5,30.6,30.6,30.7,30.8,30.9,30.8,31.0,31.0,31.2,31.2,31.1,31.2,31.4,31.2,31.4,31.4,31.5,31.5,31.6,31.7,31.8,32.0,31.9,32.0,31.9,32.1,32.0,32.0,32.1,32.1,32.1,32.2,32.1,32.1,32.1,32.4,32.3,32.3,33.0,34.1,35.8,37.4,38.0,37.9,38.1,38.2,38.0,37.9,38.0,37.9,37.8,37.9,37.8,37.8,37.8,37.6,37.4,37.3,37.1,37.0,36.9,36.7,36.5,36.4,36.2,36.2,35.9,35.5,34.7,33.2,31.8,31.0,30.6,30.4,30.4,30.4,30.4,30.3,30.4,30.3,30.5,30.2,30.4,30.4,30.3,30.2,30.3,30.3,30.3,30.4,30.2,30.2,30.1,30.2,29.9,30.0,29.9,29.9,29.8,29.7,29.7,29.7,29.7,29.5,29.5,29.4,29.5,29.5,29.4,29.3,29.1,29.2,29.2,29.0,29.1,28.9,29.1,28.9,29.0,28.9,28.8,28.8,28.9,28.9,28.7,28.9,28.9,28.8,28.6,28.7,28.5,28.7,28.3,28.5,28.5,28.5,28.3,28.5,28.4,28.6,28.4,28.4,28.4,28.2,28.2,28.3,28.1,28.4,28.3,28.3,28.3,28.1,28.2,28.2,28.2,28.1,28.2,27.9,28.1,28.1,28.1,28.0,27.7,28.0,28.0
203,30.2,30.3,30.2,30.3,30.4,30.4,30.4,30.1,30.5,30.3,30.4,30.3,30.5,30.3,30.5,30.5,30.4,30.5,30.4,30.5,30.4,30.6,30.4,30.4,30.4,30.6,30.5,30.6,30.5,30.6,30.6,30.7,30.7,30.8,30.8,30.9,30.9,31.0,31.2,31.3,31.3,31.4,31.4,31.6,31.5,31.5,31.6,31.6,31.7,31.7,31.8,31.8,32.0,31.8,31.9,31.9,32.0,32.0,32.0,31.9,32.1,32.1,32.0,32.1,32.2,32.9,34.0,35.7,37.2,37.8,38.0,37.8,37.9,37.9,37.8,37.8,37.6,37.7,37.5,37.5,37.6,37.3,37.3,37.3,37.2,36.9,36.9,36.7,36.4,36.3,36.1,35.9,35.7,35.6,35.2,34.4,32.9,31.6,30.8,30.4,30.5,30.3,30.2,30.3,30.4,30.2,30.2,30.3,30.3,30.2,30.2,30.1,30.0,30.1,30.2,30.1,30.2,30.0,30.1,29.8,29.8,29.9,29.7,29.9,29.8,29.7,29.4,29.7,29.6,29.6,29.5,29.4,29.4,29.4,29.4,29.3,29.2,29.1,29.3,29.1,29.1,29.0,28.9,29.1,28.9,28.8,28.9,28.8,28.8,28.8,28.5,28.7,28.7,28.5,28.7,28.6,28.7,28.6,28.5,28.5,28.5,28.5,28.5,28.5,28.4,28.1,28.4,28.3,28.3,28.4,28.4,28.3,28.3,28.3,28.3,28.2,28.1,28.2,28.1,28.1,27.9,28.0,28.1,28.3,28.0,28.1,28.1,28.1,28.1,28.0,28.1,28.1
204,30.3,30.3,30.3,30.2,30.5,30.3,30.3,30.2,30.3,30.3,30.4,30.3,30.3,30.4,30.5,30.4,30.3,30.1,30.3,30.5,30.5,30.5,30.2,30.5,30.5,30.5,30.6,30.5,30.7,30.6,30.7,30.7,30.5,30.7,30.8,30.9,30.8,31.1,31.0,31.1,31.1,31.2,31.2,31.2,31.3,31.5,31.4,31.5,31.5,31.7,31.6,31.7,31.8,31.8,31.7,31.8,31.7,31.8,31.9,31.8,31.7,31.9,31.9,31.9,32.3,32.6,33.9,35.6,37.0,37.4,37.6,37.5,37.4,37.4,37.3,37.4,37.4,37.3,37.3,37.1,37.0,37.0,37.0,36.7,36.7,36.6,36.5,36.2,36.0,35.8,35.7,35.6,35.3,35.4,35.2,34.2,32.6,31.3,30.8,30.3,30.3,30.2,30.1,30.2,30.3,30.2,30.2,30.1,30.1,30.0,30.0,30.1,30.1,30.1,30.0,29.9,29.9,30.0,29.9,29.9,29.8,29.8,29.8,29.6,29.6,29.7,29.5,29.5,29.6,29.5,29.5,29.5,29.4,29.3,29.3,29.3,29.2,29.1,29.2,29.1,29.1,29.1,29.0,29.0,29.0,28.9,28.9,28.9,28.8,28.7,28.8,28.9,28.7,28.6,28.6,28.5,28.6,28.6,28.5,28.5,28.5,28.5,28.5,28.4,28.4,28.5,28.4,28.3,28.4,28.3,28.3,28.3,28.5,28.2,28.2,28.3,28.2,28.2,28.1,28.1,28.2,28.1,28.2,28.1,28.1,28.2,28.2,28.2,28.3,28.1,28.1,28.0
205,30.3,30.3,30.1,30.2,30.3,30.4,30.3,30.1,30.3,30.3,30.2,30.3,30.2,30.2,30.3,30.4,30.2,30.2,30.4,30.4,30.3,30.2,30.4,30.5,30.3,30.3,30.5,30.6,30.5,30.5,30.7,30.7,30.6,30.8,30.7,30.9,30.7,30.7,30.9,30.9,31.2,31.1,31.1,31.3,31.1,31.3,31.2,31.4,31.5,31.5,31.4,31.5,31.7,31.7,31.8,31.7,31.8,31.7,31.6,31.5,31.6,31.7,31.7,31.9,31.9,32.7,33.7,35.5,36.9,37.0,37.3,37.1,37.1,37.0,36.9,36.9,36.9,36.7,36.8,36.7,36.8,36.5,36.4,36.2,36.1,36.2,35.9,35.6,35.5,35.4,35.1,35.0,34.8,35.0,34.6,33.8,32.4,31.0,30.5,30.3,30.2,30.2,30.1,30.1,29.9,29.9,30.0,30.1,29.9,29.9,30.0,30.0,29.9,30.0,29.8,29.9,29.9,29.7,29.8,29.7,29.6,29.6,29.7,29.6,29.6,29.7,29.6,29.5,29.5,29.5,29.3,29.3,29.3,29.1,29.2,29.1,29.0,29.1,29.0,29.1,28.9,28.9,28.9,28.9,28.9,28.9,28.9,28.7,28.8,28.7,28.7,28.7,28.8,28.8,28.7,28.5,28.6,28.6,28.6,28.5,28.5,28.5,28.5,28.4,28.5,28.2,28.5,28.3,28.3,28.4,28.3,28.3,28.4,28.3,28.4,28.2,28.2,28.2,28.2,28.2,28.3,28.1,28.2,28.2,27.9,28.1,28.0,28.2,27.9,28.0,28.2,28.1
206,30.3,30.1,30.2,30.3,30.2,30.2,30.1,30.1,30.4,30.3,30.3,30.3,30.2,30.3,30.4,30.3,30.2,30.3,30.4,30.2,30.5,30.3,30.4,30.4,30.4,30.5,30.5,30.5,30.3,30.7,30.5,30.5,30.6,30.7,30.6,30.6,30.8,31.0,31.1,30.8,30.9,31.2,31.1,31.2,31.2,31.2,31.2,31.2,31.4,31.2,31.4,31.5,31.6,31.5,31.6,31.6,31.4,31.6,31.7,31.5,31.6,31.7,31.7,31.7,31.9,32.7,33.7,35.4,36.5,36.9,36.8,36.8,36.7,36.6,36.5,36.3,36.4,36.5,36.4,36.3,36.2,36.2,35.9,35.8,35.7,35.6,35.4,35.1,35.0,34.9,34.7,34.4,34.4,34.6,34.5,33.5,32.1,30.9,30.4,30.1,30.0,30.1,30.0,29.9,29.9,29.9,30.1,30.0,29.9,29.9,29.8,29.9,29.8,29.8,29.8,29.7,29.7,29.8,29.7,29.7,29.6,29.6,29.7,29.5,29.4,29.4,29.5,29.4,29.4,29.4,29.4,29.4,29.2,29.2,29.1,29.2,29.0,29.0,29.1,29.1,28.8,28.9,28.9,28.9,28.8,28.9,28.8,28.8,28.6,28.8,28.8,28.7,28.8,28.5,28.7,28.5,28.4,28.6,28.5,28.5,28.6,28.3,28.5,28.3,28.3,28.4,28.5,28.3,28.4,28.3,28.3,28.2,28.3,28.3,28.4,28.3,28.3,28.3,28.1,28.2,28.1,28.1,28.2,28.3,28.1,28.1,28.1,28.0,28.1,28.1,28.0,27.9
207,30.1,30.1,30.3,30.2,30.2,30.2,30.0,30.2,30.1,30.1,30.2,30.2,30.2,30.1,30.1,30.2,30.3,30.2,30.1,30.2,30.3,30.2,30.3,30.3,30.2,30.4,30.5,30.4,30.5,30.4,30.5,30.6,30.6,30.5,30.7,30.5,30.8,30.7,30.8,30.9,30.8,31.0,31.0,31.0,31.1,31.1,31.0,31.2,31.2,31.3,31.3,31.2,31.4,31.4,31.2,31.4,31.3,31.3,31.5,31.4,31.5,31.4,31.6,31.7,31.8,32.4,33.5,35.2,36.3,36.4,36.4,36.3,36.4,36.2,36.0,36.1,35.9,35.9,35.9,35.9,35.6,35.5,35.6,35.4,35.3,35.2,35.0,34.8,34.6,34.4,34.3,34.0,34.2,34.3,33.8,33.2,31.9,30.7,30.2,30.0,29.9,29.8,29.7,29.8,29.9,29.9,29.7,29.7,29.8,29.9,29.7,29.7,29.5,29.7,29.6,29.6,29.6,29.6,29.6,29.4,29.5,29.4,29.5,29.4,29.3,29.3,29.3,29.2,29.3,29.2,29.1,29.3,29.1,29.2,29.0,29.0,29.1,28.8,29.0,28.9,28.8,28.8,28.9,28.9,28.8,28.7,28.7,28.7,28.6,28.7,28.5,28.6,28.6,28.7,28.7,28.5,28.6,28.5,28.6,28.4,28.4,28.5,28.4,28.3,28.3,28.2,28.2,28.4,28.5,28.3,28.2,28.3,28.3,28.3,28.3,28.1,28.1,28.2,28.1,28.1,28.1,28.1,28.0,28.1,27.9,28.1,27.9,28.0,28.1,27.9,27.9,28.1
208,30.0,30.0,30.1,30.3,30.3,30.0,30.3,29.9,30.3,30.2,30.1,30.1,30.2,30.2,30.2,30.4,30.3,30.3,30.2,30.2,30.4,30.3,30.4,30.3,30.2,30.5,30.3,30.4,30.3,30.5,30.6,30.5,30.5,30.6,30.5,30.5,30.7,30.7,30.8,30.7,30.8,30.8,30.9,30.7,31.1,31.2,30.9,31.0,31.2,31.2,31.2,31.1,31.2,31.3,31.4,31.2,31.3,31.2,31.4,31.3,31.3,31.5,31.4,31.4,31.6,32.4,33.5,35.0,36.0,36.3,36.1,36.1,36.1,36.0,35.8,35.8,35.7,35.7,35.6,35.4,35.4,35.2,35.1,34.9,34.9,34.7,34.5,34.5,34.4,34.1,33.8,33.9,33.8,33.9,33.6,32.9,31.6,30.7,30.0,30.0,29.9,29.8,29.8,29.8,29.7,29.9,29.8,29.7,29.7,29.7,29.7,29.6,29.6,29.6,29.6,29.7,29.5,29.5,29.7,29.5,29.6,29.5,29.3,29.3,29.5,29.4,29.3,29.4,29.3,29.1,29.1,29.1,29.2,29.2,29.0,29.0,29.0,28.9,29.0,28.8,29.0,29.0,28.9,28.8,28.8,28.9,28.7,28.8,28.8,28.9,28.7,28.7,28.7,28.6,28.5,28.3,28.6,28.4,28.5,28.5,28.3,28.5,28.4,28.4,28.3,28.4,28.6,28.4,28.3,28.3,28.3,28.3,28.2,28.3,28.2,28.2,28.1,28.3,28.2,28.3,28.1,28.2,28.1,28.1,28.2,28.2,28.1,28.2,28.1,27.9,28.1,28.0
209,30.1,30.1,30.0,30.3,30.1,30.0,30.1,30.1,30.2,30.2,30.2,30.1,30.1,30.0,30.3,30.3,30.3,30.3,30.3,30.4,30.2,30.1,30.2,30.3,30.3,30.3,30.4,30.3,30.4,30.3,30.3,30.3,30.4,30.6,30.5,30.5,30.6,30.8,30.7,30.8,30.7,30.9,30.8,30.9,30.8,30.9,30.9,31.0,31.1,31.0,31.2,30.9,31.0,31.0,30.9,31.2,31.4,31.2,31.2,31.2,31.2,31.2,31.2,31.3,31.7,32.1,33.2,34.8,35.8,35.9,35.8,35.7,35.8,35.4,35.5,35.5,35.4,35.3,35.2,35.1,35.0,34.8,34.8,34.7,34.4,34.5,34.2,34.0,33.7,33.8,33.4,33.5,33.3,33.4,33.4,32.5,31.2,30.1,30.0,29.8,29.6,29.7,29.5,29.7,29.6,29.6,29.7,29.5,29.5,29.6,29.5,29.6,29.5,29.5,29.4,29.4,29.5,29.4,29.5,29.5,29.5,29.3,29.3,29.2,29.2,29.1,29.1,29.3,29.1,29.1,28.9,29.2,29.1,28.8,29.0,28.9,28.8,28.9,28.9,28.9,28.7,28.8,28.7,28.8,28.7,28.6,28.7,28.7,28.7,28.7,28.6,28.5,28.5,28.6,28.6,28.4,28.5,28.4,28.4,28.4,28.4,28.5,28.4,28.2,28.4,28.3,28.3,28.2,28.2,28.3,28.3,28.2,28.3,28.1,28.2,28.1,28.3,28.1,28.1,28.3,28.1,28.0,28.2,28.1,27.9,28.1,28.1,28.1,28.0,28.0,28.1,28.1
210,29.9,30.2,30.1,29.9,30.0,30.1,30.1,30.1,30.1,30.2,30.2,30.1,30.0,30.1,30.3,30.2,30.2,30.3,30.2,30.1,30.1,30.3,30.3,30.1,30.1,30.3,30.2,30.3,30.3,30.4,30.3,30.3,30.5,30.5,30.5,30.5,30.4,30.6,30.5,30.5,30.7,30.7,30.6,30.7,30.7,30.7,31.0,30.7,30.9,31.0,31.0,31.0,31.0,31.0,31.1,31.0,31.2,31.1,31.2,31.0,31.1,31.3,31.2,31.3,31.4,32.0,33.2,34.7,35.6,35.6,35.7,35.4,35.5,35.5,35.2,35.3,35.1,35.0,35.0,34.8,34.8,34.6,34.6,34.3,34.2,34.1,33.8,33.7,33.5,33.3,33.2,33.1,33.2,33.2,32.9,32.0,30.9,30.1,29.8,29.6,29.5,29.7,29.5,29.6,29.6,29.5,29.6,29.3,29.4,29.5,29.6,29.5,29.5,29.4,29.3,29.4,29.4,29.3,29.4,29.3,29.2,29.3,29.1,29.1,29.1,29.2,29.1,29.1,29.2,29.1,29.0,29.1,29.0,28.9,29.0,29.0,29.0,28.8,28.9,29.0,28.8,28.8,28.7,28.7,28.6,28.7,28.7,28.7,28.7,28.6,28.6,28.6,28.4,28.3,28.4,28.3,28.3,28.3,28.5,28.5,28.3,28.4,28.3,28.4,28.3,28.3,28.3,28.3,28.1,28.2,28.3,28.2,28.3,28.1,28.2,28.4,28.3,28.0,28.1,28.0,28.1,27.9,28.2,28.2,28.3,28.1,28.1,28.0,28.0,27.9,28.1,28.1
211,30.1,29.9,30.1,30.0,30.0,30.0,30.1,29.9,30.1,30.1,30.2,30.1,30.0,30.3,30.1,30.2,30.3,29.9,30.0,30.1,30.2,30.0,30.2,30.3,30.1,30.2,30.2,30.2,30.3,30.4,30.3,30.3,30.2,30.3,30.3,30.3,30.5,30.5,30.5,30.4,30.5,30.6,30.7,30.7,30.7,30.6,30.9,30.8,30.8,30.7,30.9,30.9,30.9,30.7,31.0,31.1,31.0,31.0,31.0,31.0,31.0,31.1,31.1,31.0,31.4,31.9,33.0,34.5,35.2,35.6,35.6,35.4,35.3,35.4,35.3,35.3,35.1,35.0,34.9,35.0,34.8,34.6,34.5,34.2,34.2,34.0,33.9,33.5,33.5,33.4,33.0,32.9,32.9,32.9,32.7,31.9,30.7,30.0,29.7,29.5,29.5,29.4,29.4,29.4,29.5,29.5,29.4,29.4,29.3,29.4,29.3,29.3,29.3,29.3,29.3,29.3,29.5,29.3,29.3,29.2,29.1,29.2,29.1,29.2,29.1,29.1,29.1,29.1,29.2,28.9,28.9,29.0,29.0,29.0,28.9,28.9,28.7,28.7,29.0,28.7,28.8,28.6,28.7,28.6,28.5,28.6,28.7,28.6,28.6,28.5,28.7,28.6,28.6,28.4,28.5,28.5,28.5,28.4,28.3,28.2,28.3,28.3,28.2,28.3,28.4,28.4,28.4,28.3,28.4,28.2,28.2,28.2,28.2,28.2,28.2,28.2,28.1,28.1,28.2,28.1,28.1,28.1,28.1,28.3,28.1,28.1,28.1,28.1,28.1,28.1,28.0,28.1
212,29.9,30.1,29.9,30.0,30.0,30.1,29.8,29.9,30.1,30.1,30.0,30.1,30.0,30.2,30.1,30.0,30.0,29.9,30.2,30.0,30.0,29.9,30.1,30.1,30.1,30.2,30.1,30.1,30.1,30.2,30.2,30.5,30.3,30.2,30.3,30.3,30.4,30.5,30.5,30.5,30.4,30.5,30.6,30.5,30.5,30.7,30.6,30.5,30.6,30.5,30.7,30.8,30.7,30.7,30.8,30.7,30.9,30.9,30.9,31.0,31.0,30.9,30.8,31.0,31.1,31.9,32.9,34.4,34.9,35.3,35.2,35.3,35.3,35.1,35.1,35.2,35.2,35.1,34.8,35.0,34.9,34.7,34.6,34.5,34.2,34.2,34.0,33.9,33.5,33.4,33.3,33.0,33.0,32.9,32.4,31.4,30.5,29.8,29.5,29.5,29.5,29.5,29.5,29.5,29.5,29.3,29.3,29.3,29.3,29.2,29.1,29.2,29.3,29.3,29.3,29.3,29.3,29.3,29.3,29.1,29.0,29.2,29.0,29.1,29.1,29.0,29.1,29.1,28.9,28.9,28.8,28.9,28.8,28.8,28.8,28.8,28.9,28.7,28.7,28.7,28.6,28.5,28.5,28.5,28.7,28.7,28.5,28.5,28.5,28.5,28.6,28.4,28.5,28.5,28.4,28.4,28.3,28.5,28.5,28.2,28.4,28.3,28.4,28.4,28.4,28.2,28.1,28.2,28.2,28.1,28.1,28.2,28.2,28.1,28.1,28.1,28.1,28.1,28.1,28.1,28.1,28.0,28.1,28.2,28.1,28.1,28.0,28.1,28.0,27.7,28.1,27.9
213,29.8,30.0,30.1,30.0,29.9,30.1,30.2,29.9,30.1,29.9,29.9,29.9,30.0,30.0,30.1,29.9,30.0,30.2,30.0,30.0,30.1,30.1,30.0,29.9,30.1,30.1,30.1,30.0,30.1,30.2,30.2,30.3,30.4,30.3,30.3,30.4,30.3,30.3,30.3,30.4,30.2,30.4,30.5,30.6,30.4,30.6,30.7,30.6,30.7,30.5,30.6,30.6,30.6,30.7,30.7,30.6,30.7,30.7,30.9,30.6,30.7,30.7,30.7,30.9,31.1,31.6,32.8,34.2,34.8,35.0,35.2,35.2,35.0,35.0,35.0,35.0,35.0,35.0,35.0,34.9,34.7,34.7,34.7,34.4,34.3,34.1,34.0,33.8,33.5,33.3,33.2,32.9,32.9,32.5,32.0,31.2,30.3,29.7,29.5,29.3,29.5,29.4,29.3,29.3,29.3,29.4,29.2,29.3,29.4,29.2,29.4,29.3,29.2,29.2,28.9,29.1,29.1,29.1,29.2,28.9,29.1,29.0,29.0,29.0,28.9,28.8,28.9,28.9,28.8,28.8,28.8,28.9,28.8,28.9,28.7,28.8,28.8,28.7,28.6,28.7,28.6,28.7,28.7,28.6,28.5,28.5,28.5,28.4,28.5,28.5,28.5,28.3,28.4,28.3,28.4,28.4,28.5,28.4,28.2,28.3,28.4,28.3,28.3,28.2,28.3,28.1,28.3,28.1,28.2,28.1,28.2,28.1,28.1,28.1,28.2,28.2,28.2,28.2,28.2,28.1,28.1,28.0,28.0,28.1,28.1,28.0,27.9,28.0,28.0,27.9,28.0,28.2
214,29.9,30.1,30.0,30.0,30.0,30.1,30.0,29.8,30.0,29.8,30.0,30.0,29.8,30.0,30.1,29.9,29.9,30.0,30.0,30.1,30.0,30.0,30.0,30.0,30.0,30.1,30.0,30.0,30.1,30.2,30.3,30.2,30.2,30.2,30.3,30.3,30.1,30.2,30.4,30.3,30.4,30.4,30.3,30.4,30.4,30.4,30.4,30.4,30.6,30.5,30.8,30.5,30.6,30.8,30.6,30.5,30.5,30.5,30.7,30.7,30.6,30.8,30.8,30.8,31.0,31.5,32.5,34.1,34.7,34.9,35.0,35.1,34.9,34.9,34.9,34.8,34.9,34.7,34.8,34.8,34.8,34.7,34.5,34.3,34.3,34.0,33.9,33.7,33.5,33.3,33.0,32.9,32.6,32.4,32.0,31.0,30.0,29.7,29.3,29.3,29.3,29.4,29.2,29.3,29.2,29.4,29.2,29.3,29.1,29.2,29.1,29.1,29.2,29.0,29.0,29.1,29.1,29.1,29.0,29.0,29.1,28.9,28.9,29.1,29.1,28.9,29.1,28.9,28.9,28.8,28.7,28.8,28.9,28.7,28.7,28.6,28.6,28.5,28.7,28.7,28.6,28.7,28.5,28.5,28.6,28.6,28.4,28.5,28.5,28.5,28.4,28.3,28.6,28.3,28.4,28.3,28.2,28.1,28.4,28.3,28.3,28.3,28.2,28.3,28.2,28.3,28.3,28.1,28.4,28.2,28.3,28.2,28.3,28.1,28.1,28.1,28.2,28.1,28.0,28.1,28.1,28.1,28.1,28.0,28.0,28.0,28.0,28.1,28.1,28.1,28.0,27.9
215,30.1,30.0,29.9,29.9,30.0,29.8,29.9,30.0,29.9,30.1,29.9,29.9,29.9,30.0,30.1,30.0,30.1,29.8,29.9,30.0,30.1,30.1,30.1,30.0,30.1,30.0,30.1,30.1,30.1,30.1,30.3,30.1,30.1,30.2,30.1,30.1,30.2,30.4,30.3,30.2,30.2,30.3,30.5,30.5,30.4,30.3,30.5,30.4,30.5,30.4,30.5,30.4,30.5,30.3,30.5,30.5,30.6,30.6,30.6,30.5,30.4,30.6,30.7,30.7,30.9,31.5,32.5,33.8,34.5,34.7,34.7,34.8,34.7,34.8,34.6,34.7,34.7,34.7,34.7,34.6,34.4,34.4,34.4,34.3,34.3,34.1,33.9,33.6,33.5,33.1,33.0,32.7,32.5,32.4,31.5,30.7,29.8,29.6,29.4,29.3,29.2,29.3,29.3,29.2,29.0,29.3,29.3,29.1,29.1,29.1,29.3,29.1,29.0,29.0,28.8,28.9,29.0,28.9,29.0,28.9,28.9,28.9,28.8,28.9,28.9,28.8,28.7,28.9,28.8,28.9,28.9,28.7,28.7,28.6,28.8,28.6,28.6,28.5,28.6,28.7,28.5,28.5,28.6,28.5,28.6,28.5,28.5,28.5,28.5,28.5,28.3,28.4,28.3,28.5,28.3,28.3,28.3,28.4,28.4,28.3,28.3,28.3,28.4,28.2,28.2,28.1,28.1,28.1,28.3,28.2,28.1,28.2,28.1,28.1,28.1,28.0,28.1,28.2,27.9,28.1,28.1,28.0,28.1,28.0,28.1,28.0,28.1,28.0,28.2,28.0,28.0,28.1
216,30.0,29.9,29.8,30.0,29.9,29.9,29.9,29.9,29.7,30.0,30.0,29.9,29.9,30.1,29.9,30.0,29.9,30.0,30.1,30.1,30.0,29.8,29.9,30.0,30.1,30.0,30.1,30.1,30.0,30.0,30.1,30.1,30.2,30.0,30.0,30.2,30.1,30.4,30.2,30.3,30.2,30.2,30.2,30.5,30.2,30.3,30.3,30.4,30.4,30.3,30.5,30.5,30.5,30.5,30.4,30.5,30.4,30.5,30.4,30.4,30.6,30.4,30.5,30.6,30.9,31.3,32.4,33.7,34.3,34.6,34.6,34.7,34.7,34.4,34.5,34.5,34.3,34.5,34.6,34.5,34.5,34.2,34.2,34.1,33.9,34.0,33.5,33.4,33.3,33.0,32.9,32.5,32.2,31.9,31.3,30.6,29.8,29.5,29.3,29.2,29.1,29.1,29.1,29.0,28.9,29.1,29.1,29.1,29.0,29.1,29.1,28.9,28.9,28.9,29.1,29.0,28.9,28.9,28.9,28.8,29.0,28.9,28.9,28.9,28.8,28.9,28.7,28.8,28.9,28.9,28.8,28.7,28.9,28.8,28.8,28.7,28.6,28.7,28.7,28.6,28.5,28.5,28.7,28.5,28.4,28.3,28.5,28.4,28.5,28.4,28.4,28.3,28.3,28.3,28.3,28.4,28.2,28.3,28.3,28.3,28.3,28.2,28.2,28.1,28.1,28.1,28.2,28.1,28.2,28.1,28.1,28.2,28.0,28.0,28.1,28.1,28.2,28.1,28.1,28.2,28.1,28.0,28.0,28.1,27.9,27.9,28.1,28.1,28.1,27.9,28.0,27.9
217,29.8,29.9,30.0,29.8,30.0,29.8,29.9,30.0,29.9,29.9,29.9,29.9,30.0,29.9,29.9,29.8,29.9,29.9,30.0,30.1,30.1,29.9,29.9,29.9,30.0,30.2,30.2,30.0,30.0,30.1,30.1,30.1,30.0,30.2,30.0,30.1,30.3,30.2,30.1,30.2,30.2,30.2,30.3,30.5,30.2,30.3,30.3,30.4,30.2,30.3,30.5,30.3,30.4,30.4,30.5,30.2,30.2,30.4,30.4,30.4,30.4,30.5,30.4,30.4,30.7,31.2,32.3,33.6,34.3,34.2,34.2,34.3,34.4,34.3,34.4,34.3,34.3,34.3,34.4,34.1,34.1,34.0,34.0,33.7,33.7,33.5,33.5,33.2,33.0,32.8,32.6,32.3,31.9,31.7,31.2,30.4,29.7,29.2,29.2,29.2,29.0,29.1,28.9,29.1,29.0,29.0,28.9,29.1,28.9,28.9,28.9,29.0,28.7,28.9,28.9,28.9,28.7,28.8,28.9,28.9,28.9,28.7,28.8,28.8,28.7,28.7,28.7,28.7,28.8,28.8,28.7,28.5,28.7,28.7,28.7,28.6,28.6,28.5,28.5,28.5,28.4,28.5,28.5,28.5,28.3,28.5,28.5,28.4,28.4,28.4,28.4,28.4,28.4,28.4,28.3,28.4,28.3,28.2,28.3,28.2,28.2,28.3,28.2,28.3,28.1,28.2,28.3,28.1,28.3,28.1,28.0,28.1,28.1,28.0,28.3,28.1,28.2,28.1,28.0,28.1,27.9,27.9,28.2,27.9,27.9,28.0,28.1,27.9,27.9,28.0,28.1,28.0
218,29.9,29.8,29.9,29.9,29.9,29.9,29.8,29.8,29.9,30.0,29.9,29.9,29.8,29.9,29.9,30.0,29.9,30.0,29.9,30.0,30.0,29.9,29.9,29.9,29.9,30.1,29.9,29.9,30.1,30.1,30.0,30.0,30.0,30.2,30.0,30.1,30.2,30.2,30.2,30.4,30.3,30.2,30.2,30.1,30.1,30.1,30.2,30.2,30.2,30.3,30.2,30.2,30.3,30.1,30.3,30.2,30.5,30.4,30.3,30.2,30.1,30.4,30.3,30.3,30.6,31.3,32.2,33.4,33.8,34.1,34.0,34.2,34.0,34.1,34.1,34.1,34.2,34.0,34.1,33.9,34.0,33.9,33.6,33.5,33.5,33.2,33.2,33.0,32.6,32.5,32.4,32.2,31.9,31.4,30.8,30.2,29.5,29.1,29.1,29.0,29.0,29.1,28.9,28.9,29.0,28.9,29.0,28.9,29.0,29.0,28.7,28.9,28.7,28.8,28.7,28.7,28.7,28.8,28.7,28.8,28.8,28.7,28.7,28.9,28.7,28.7,28.6,28.7,28.6,28.7,28.6,28.7,28.7,28.7,28.5,28.5,28.5,28.5,28.5,28.5,28.5,28.4,28.5,28.5,28.3,28.5,28.4,28.5,28.3,28.3,28.4,28.3,28.3,28.3,28.3,28.3,28.3,28.3,28.3,28.3,28.2,28.3,28.4,28.3,28.2,28.2,28.1,28.3,28.3,28.0,28.0,28.1,28.0,28.0,27.9,28.2,28.1,28.1,28.0,28.2,28.2,28.0,28.2,28.1,28.1,28.0,28.1,28.1,27.9,28.0,28.1,28.0
219,29.9,29.9,29.7,29.9,29.8,29.9,29.8,29.8,29.9,30.0,29.9,29.9,29.9,29.7,29.9,29.9,30.0,30.1,29.9,29.9,29.9,29.9,30.0,29.9,29.9,30.0,29.9,29.8,29.9,30.0,30.0,30.1,30.0,30.1,30.1,30.1,30.0,30.1,30.1,30.1,30.2,30.2,30.1,30.3,30.2,30.2,30.2,30.3,30.2,30.2,30.3,30.3,30.1,30.3,30.2,30.3,30.4,30.4,30.1,30.2,30.2,30.2,30.4,30.4,30.5,31.1,32.0,33.3,33.7,33.8,33.9,33.8,33.8,33.8,33.9,33.8,33.7,34.0,33.7,33.8,33.8,33.7,33.6,33.4,33.3,33.1,32.9,32.7,32.6,32.4,32.2,31.9,31.6,31.4,30.6,29.9,29.5,29.2,29.1,28.9,28.9,28.9,28.8,29.0,28.9,29.0,28.9,28.9,28.8,28.8,28.8,28.8,28.7,28.6,28.8,28.7,28.8,28.6,28.7,28.6,28.8,28.7,28.7,28.8,28.7,28.6,28.5,28.6,28.7,28.7,28.6,28.6,28.5,28.4,28.5,28.5,28.4,28.4,28.5,28.7,28.6,28.4,28.4,28.2,28.3,28.5,28.4,28.4,28.4,28.2,28.4,28.4,28.4,28.3,28.1,28.2,28.1,28.5,28.2,28.1,28.3,28.3,28.1,28.2,28.1,28.1,28.2,28.2,28.0,28.2,28.1,28.1,28.2,28.0,28.1,28.1,28.1,28.2,28.0,28.0,28.1,28.0,28.0,28.0,28.0,28.1,27.9,28.1,27.9,28.1,28.1,28.0
220,29.8,29.9,29.7,29.8,29.6,29.9,29.7,29.7,29.9,29.8,29.9,29.8,29.7,29.8,29.9,29.9,29.7,29.7,29.9,29.9,29.9,29.9,29.9,29.9,29.9,29.9,29.9,30.0,29.9,29.9,30.1,29.9,30.1,29.9,30.0,30.0,30.1,30.1,30.2,30.2,30.3,30.1,30.1,30.1,30.1,30.1,30.1,30.1,30.3,30.1,30.0,30.2,30.3,30.2,30.2,30.3,30.2,30.0,30.2,30.1,30.1,30.2,30.1,30.2,30.4,30.9,32.0,33.1,33.4,33.6,33.5,33.7,33.7,33.6,33.7,33.7,33.6,33.5,33.7,33.4,33.5,33.4,33.3,33.3,33.1,32.8,32.6,32.6,32.4,32.2,31.9,31.6,31.5,31.1,30.7,29.8,29.4,29.1,29.1,29.0,28.8,28.9,28.8,28.9,28.8,28.9,28.7,28.8,28.6,28.9,28.7,28.7,28.8,28.8,28.5,28.6,28.6,28.9,28.6,28.6,28.6,28.7,28.5,28.7,28.5,28.5,28.5,28.6,28.6,28.5,28.6,28.5,28.5,28.5,28.5,28.5,28.5,28.4,28.4,28.5,28.4,28.4,28.3,28.5,28.4,28.5,28.3,28.3,28.3,28.4,28.3,28.4,28.4,28.2,28.3,28.1,28.2,28.1,28.2,28.2,28.3,28.3,28.2,28.4,28.1,28.2,28.3,28.1,28.3,28.1,28.2,28.3,28.3,28.1,28.0,28.2,28.1,27.9,28.1,28.1,27.9,27.9,28.0,28.1,28.0,28.0,28.0,28.0,28.1,28.0,28.0,28.0
221,29.7,29.7,29.7,29.7,29.8,29.9,29.8,29.8,29.8,29.7,29.8,29.8,29.9,29.8,29.7,29.9,30.0,29.7,29.7,29.8,29.9,29.8,29.8,29.7,29.9,30.1,29.9,30.0,29.9,29.9,30.0,30.0,29.9,29.9,30.1,30.0,30.0,30.1,30.1,30.0,29.9,29.9,30.1,30.1,30.0,30.1,30.0,30.0,30.0,30.1,30.1,30.1,29.9,30.0,29.9,30.2,29.9,29.9,30.1,30.0,30.1,29.9,30.0,30.1,30.2,30.9,31.8,32.8,33.3,33.3,33.3,33.5,33.6,33.4,33.4,33.4,33.5,33.4,33.4,33.5,33.3,33.2,33.0,33.0,32.7,32.7,32.5,32.4,32.1,31.9,31.6,31.4,31.3,30.8,30.3,29.7,29.2,29.1,29.0,28.9,28.9,28.9,28.8,28.9,28.8,28.8,28.7,28.7,28.7,28.7,28.7,28.7,28.6,28.7,28.6,28.7,28.8,28.7,28.5,28.7,28.6,28.6,28.5,28.4,28.6,28.7,28.4,28.7,28.5,28.6,28.4,28.5,28.4,28.4,28.5,28.4,28.4,28.3,28.5,28.1,28.2,28.2,28.4,28.3,28.5,28.5,28.3,28.3,28.3,28.4,28.3,28.3,28.3,28.3,28.2,28.3,28.3,28.3,28.2,28.3,28.2,28.3,28.3,28.2,28.1,28.1,28.2,28.2,28.2,28.1,28.1,27.9,28.2,28.3,28.1,28.2,28.1,28.1,28.0,28.1,28.2,27.9,28.0,28.1,27.9,28.1,28.2,28.1,28.1,28.0,28.0,28.1
222,29.7,29.7,29.6,29.8,29.8,29.9,29.7,29.5,29.8,29.9,29.9,29.9,29.8,29.8,29.7,29.8,29.9,29.7,29.7,29.8,29.9,29.8,29.8,29.9,29.9,29.9,30.0,29.9,29.9,29.9,29.9,29.9,29.9,30.0,30.0,30.0,29.9,30.0,30.0,30.0,30.0,30.0,29.9,30.0,30.1,29.9,30.0,29.8,30.0,30.0,30.1,29.9,30.0,30.1,29.9,29.9,30.1,30.0,29.9,30.0,29.9,29.9,30.0,30.2,30.2,30.8,31.6,32.7,33.1,33.3,33.3,33.3,33.5,33.2,33.1,33.3,33.4,33.3,33.3,33.1,33.0,32.9,32.9,32.6,32.6,32.2,32.2,32.0,31.8,31.5,31.4,31.2,30.8,30.8,30.1,29.5,29.1,28.9,28.7,28.9,28.7,28.6,28.5,28.8,28.8,28.6,28.7,28.8,28.6,28.7,28.5,28.6,28.7,28.6,28.5,28.6,28.5,28.5,28.6,28.6,28.6,28.5,28.5,28.5,28.6,28.5,28.6,28.3,28.5,28.4,28.4,28.5,28.3,28.3,28.3,28.5,28.2,28.2,28.3,28.3,28.3,28.3,28.2,28.3,28.2,28.3,28.3,28.2,28.3,28.2,28.1,28.3,28.2,28.1,28.2,28.1,28.1,28.1,28.1,28.1,28.1,28.2,28.2,28.1,28.1,28.2,28.1,28.1,28.1,28.1,28.2,27.9,28.1,28.1,28.1,28.1,28.1,28.0,28.1,28.1,28.0,28.1,28.0,28.1,27.9,28.0,28.1,28.0,27.9,28.0,28.2,28.0
223,29.7,29.7,29.8,29.7,29.8,29.9,29.7,29.6,29.9,29.8,29.7,29.6,29.8,29.8,29.7,29.7,29.9,29.8,29.8,29.7,29.7,29.7,29.7,29.7,29.8,30.0,29.9,29.9,30.1,29.9,29.9,29.7,29.9,30.0,29.9,29.9,29.9,30.0,30.1,30.0,30.0,29.8,29.9,29.8,29.9,29.9,30.0,29.9,30.0,29.9,30.0,29.9,29.9,30.0,29.8,30.0,29.9,29.8,29.8,30.0,29.9,29.9,29.8,29.8,30.1,30.6,31.4,32.3,32.9,33.0,33.0,33.1,33.1,33.1,33.1,33.0,33.1,32.9,33.0,32.8,32.8,32.7,32.6,32.6,32.4,32.1,32.1,31.9,31.7,31.4,31.3,31.0,30.7,30.5,30.0,29.3,29.0,28.9,28.7,28.7,28.7,28.6,28.5,28.7,28.6,28.7,28.7,28.5,28.6,28.5,28.5,28.6,28.7,28.6,28.5,28.4,28.6,28.4,28.5,28.4,28.4,28.7,28.5,28.4,28.5,28.4,28.4,28.5,28.4,28.3,28.5,28.5,28.4,28.1,28.3,28.4,28.1,28.1,28.5,28.3,28.1,28.3,28.3,28.3,28.2,28.3,28.5,28.2,28.2,28.4,28.1,28.2,28.1,28.2,28.2,28.1,28.1,28.2,28.1,28.1,28.2,28.0,28.1,28.1,28.3,28.0,28.1,28.1,28.2,28.1,28.1,28.0,28.1,28.1,28.3,28.1,28.0,27.9,28.0,28.1,28.1,27.9,28.1,28.1,28.0,28.2,27.9,27.9,28.0,28.0,28.1,28.0
224,29.7,29.8,29.7,29.7,29.9,29.8,29.7,29.7,29.7,29.6,29.6,29.7,29.7,29.7,29.7,29.7,29.8,29.7,29.7,29.8,29.6,29.8,29.8,29.7,29.8,29.6,29.8,29.7,29.8,30.0,29.9,29.8,29.7,29.8,29.8,29.8,29.8,29.8,29.9,29.9,29.9,29.8,29.9,29.9,29.9,29.9,29.8,29.8,30.0,29.7,29.9,29.9,29.9,30.0,29.9,29.9,29.7,29.8,29.7,29.8,29.6,29.7,29.7,29.8,30.0,30.3,31.1,31.9,32.4,32.8,33.0,33.0,33.0,32.8,33.0,32.9,32.7,32.8,32.7,32.6,32.6,32.5,32.3,32.3,32.1,31.9,31.8,31.6,31.4,31.1,31.0,30.8,30.4,30.2,29.7,29.1,28.9,28.9,28.5,28.5,28.6,28.6,28.6,28.5,28.6,28.7,28.5,28.6,28.6,28.6,28.5,28.3,28.4,28.5,28.3,28.4,28.5,28.3,28.4,28.5,28.3,28.4,28.3,28.5,28.4,28.2,28.4,28.4,28.4,28.4,28.3,28.2,28.3,28.2,28.3,28.2,28.2,28.2,28.2,28.3,28.3,28.3,28.3,28.3,28.3,28.3,28.3,28.2,28.2,28.3,28.2,28.1,28.1,28.2,28.1,28.1,28.0,28.1,28.1,28.3,28.2,28.2,28.2,28.1,28.1,28.1,28.2,28.0,28.1,28.1,28.1,28.1,28.1,28.0,27.9,28.1,28.0,28.1,28.1,28.0,28.0,27.8,28.1,28.1,27.9,28.0,28.1,28.1,28.1,27.9,27.9,27.9
225,29.7,29.6,29.6,29.5,29.7,29.6,29.7,29.5,29.6,29.6,29.6,29.7,29.6,29.7,29.7,29.7,29.8,29.7,29.8,29.7,29.8,29.6,29.7,29.8,29.7,29.8,29.8,29.9,29.7,29.7,29.8,29.7,29.8,29.8,29.7,29.8,29.7,29.9,29.8,29.7,29.9,29.7,29.8,29.7,29.7,29.9,29.9,29.9,29.8,29.7,29.9,29.8,29.8,29.7,29.8,29.7,29.7,29.8,29.6,29.6,29.5,29.7,29.6,29.7,29.7,30.0,30.6,31.2,32.0,32.5,32.5,32.6,32.7,32.5,32.6,32.5,32.7,32.6,32.6,32.5,32.5,32.1,32.1,32.0,31.9,31.8,31.6,31.4,31.2,31.0,30.7,30.5,30.4,29.8,29.5,29.1,28.9,28.7,28.6,28.6,28.5,28.5,28.6,28.5,28.6,28.5,28.3,28.5,28.4,28.6,28.4,28.3,28.3,28.5,28.3,28.3,28.3,28.5,28.4,28.4,28.4,28.3,28.4,28.4,28.3,28.3,28.2,28.2,28.3,28.4,28.3,28.3,28.0,28.4,28.2,28.3,28.2,28.3,28.3,28.1,28.3,28.3,28.1,28.3,28.2,28.2,28.3,28.3,28.1,28.3,28.0,28.1,28.2,28.0,28.2,28.1,28.2,28.2,28.1,28.1,28.1,28.1,28.1,28.0,28.2,28.1,28.1,28.1,28.2,28.1,28.0,27.9,28.0,28.0,28.0,28.2,28.1,27.9,28.0,28.1,27.9,28.0,28.0,28.1,27.9,28.0,28.1,28.1,28.0,27.9,28.0,27.9
226,29.6,29.6,29.7,29.8,29.7,29.8,29.7,29.7,29.7,29.6,29.7,29.7,29.7,29.7,29.7,29.7,29.7,29.7,29.7,29.8,29.8,29.7,29.6,29.7,29.8,29.7,29.8,29.8,29.6,29.9,29.8,29.8,29.7,29.8,29.9,29.8,29.8,29.9,29.9,29.7,29.9,29.9,29.7,29.8,29.7,29.7,29.7,29.8,29.8,29.7,29.7,29.7,29.7,29.7,29.7,29.7,29.7,29.6,29.6,29.5,29.7,29.5,29.8,29.6,29.6,29.8,30.3,30.8,31.3,31.6,32.1,32.2,32.3,32.2,32.3,32.5,32.4,32.5,32.5,32.5,32.2,32.2,32.1,31.9,31.7,31.5,31.3,31.2,31.0,30.9,30.5,30.4,30.2,29.7,29.3,28.8,28.9,28.7,28.7,28.4,28.5,28.5,28.4,28.3,28.6,28.5,28.6,28.3,28.3,28.5,28.4,28.5,28.4,28.2,28.3,28.2,28.2,28.4,28.3,28.4,28.3,28.4,28.3,28.1,28.3,28.3,28.3,28.3,28.3,28.3,28.3,28.2,28.2,28.2,28.2,28.3,28.2,28.2,28.1,28.0,28.1,28.1,28.0,28.2,28.1,28.2,28.1,28.2,28.2,28.1,28.1,28.1,28.2,28.1,28.2,28.0,28.2,28.1,28.2,28.1,28.1,28.1,28.0,28.0,28.1,27.9,28.0,28.1,28.1,28.1,27.9,28.0,28.0,28.2,28.2,27.9,28.1,28.1,28.0,28.0,28.1,27.9,27.8,28.0,28.1,28.1,28.1,27.9,28.1,28.1,28.0,27.9
227,29.8,29.6,29.6,29.6,29.7,29.6,29.6,29.8,29.7,29.6,29.6,29.6,29.7,29.7,29.7,29.6,29.7,29.6,29.6,29.7,29.7,29.6,29.7,29.5,29.7,29.8,29.8,29.7,29.6,29.7,29.7,29.8,29.8,29.9,29.9,29.6,29.7,29.9,29.7,29.8,29.7,30.0,29.6,29.7,29.8,29.7,29.8,29.6,29.5,29.5,29.7,29.8,29.6,29.5,29.6,29.7,29.7,29.6,29.6,29.4,29.5,29.5,29.5,29.5,29.6,29.6,29.8,30.3,30.6,31.0,31.2,31.3,31.5,31.5,31.9,32.1,32.3,32.2,32.2,32.1,31.9,32.0,31.9,31.7,31.5,31.4,31.1,30.8,30.8,30.5,30.3,30.2,29.7,29.2,29.2,28.7,28.5,28.5,28.4,28.4,28.6,28.4,28.4,28.4,28.5,28.5,28.4,28.3,28.3,28.6,28.3,28.4,28.2,28.3,28.3,28.1,28.3,28.3,28.4,28.3,28.2,28.3,28.2,28.1,28.3,28.2,28.0,28.1,28.1,28.2,28.2,28.2,28.2,28.1,28.2,28.1,28.3,28.0,28.2,28.2,28.0,28.0,28.2,28.1,28.1,28.1,28.1,28.2,28.1,28.3,28.1,28.3,28.1,28.0,28.2,28.2,28.0,28.1,28.0,28.0,27.9,28.2,28.2,28.1,28.1,28.1,28.1,28.2,28.2,27.9,28.2,28.0,28.1,28.1,28.1,27.9,28.1,28.0,28.1,28.0,27.9,27.9,28.0,28.1,28.0,27.8,28.0,28.0,27.9,28.0,27.9,28.0
228,29.5,29.5,29.3,29.6,29.5,29.6,29.7,29.5,29.5,29.6,29.5,29.6,29.7,29.9,29.6,29.7,29.6,29.6,29.6,29.7,29.7,29.7,29.7,29.6,29.6,29.7,29.8,29.7,29.7,29.8,29.9,29.8,29.6,29.7,29.8,29.6,29.7,29.7,29.7,29.7,29.6,29.6,29.6,29.8,29.8,29.6,29.6,29.6,29.7,29.5,29.6,29.6,29.5,29.5,29.6,29.5,29.5,29.5,29.5,29.3,29.3,29.4,29.3,29.1,29.3,29.3,29.6,29.9,30.1,30.3,30.6,30.6,30.7,30.8,31.4,31.9,32.2,32.2,32.2,32.0,32.0,31.8,31.5,31.6,31.3,31.0,30.7,30.6,30.3,30.3,30.0,29.7,29.4,29.1,28.7,28.6,28.4,28.4,28.6,28.3,28.6,28.3,28.3,28.2,28.3,28.4,28.3,28.3,28.3,28.2,28.3,28.1,28.3,28.2,28.3,28.2,28.3,28.2,28.1,28.1,28.1,28.2,28.3,28.1,28.2,28.1,28.0,28.1,27.9,28.1,28.1,28.1,28.1,28.2,28.2,28.2,28.2,28.1,28.1,28.1,28.1,28.0,28.1,28.1,28.1,28.1,28.1,28.1,28.3,28.1,28.1,28.1,28.2,28.1,28.0,28.0,28.1,28.0,28.0,28.0,28.2,28.2,28.1,28.0,28.0,28.0,28.1,28.1,28.0,28.1,28.1,28.2,28.0,27.9,28.0,28.0,28.0,28.0,28.1,28.0,27.9,27.9,28.0,27.9,27.9,28.1,28.1,28.0,27.9,27.9,27.9,27.8
229,29.7,29.6,29.4,29.6,29.6,29.5,29.5,29.5,29.7,29.7,29.7,29.6,29.5,29.7,29.7,29.5,29.5,29.8,29.4,29.7,29.6,29.5,29.6,29.7,29.6,29.8,29.7,29.8,29.7,29.7,29.8,29.6,29.6,29.5,29.7,29.6,29.5,29.7,29.7,29.8,29.6,29.7,29.8,29.5,29.6,29.7,29.5,29.6,29.5,29.4,29.5,29.5,29.3,29.5,29.5,29.3,29.4,29.4,29.3,29.2,29.2,29.5,29.5,29.3,29.4,29.3,29.1,29.5,29.7,29.7,29.7,29.9,30.1,30.3,30.9,31.7,31.9,31.8,32.0,31.9,31.8,31.7,31.5,31.4,31.2,30.9,30.3,29.8,29.7,29.5,29.5,29.3,29.1,28.9,28.5,28.6,28.5,28.3,28.4,28.4,28.3,28.4,28.3,28.2,28.4,28.2,28.2,28.1,28.4,28.1,28.2,28.2,28.0,28.2,28.1,28.2,28.2,28.2,28.2,28.0,28.1,28.1,28.0,27.9,28.1,28.0,27.9,28.1,28.1,28.1,28.1,28.1,27.8,28.0,28.2,28.1,28.1,27.9,28.1,28.0,28.1,27.9,28.1,27.9,28.0,28.0,28.2,28.0,28.0,27.9,28.0,28.0,28.0,28.0,28.1,28.1,28.1,28.0,27.8,28.0,28.1,28.1,27.9,28.1,28.0,28.1,28.0,27.9,28.0,28.0,28.0,28.0,28.0,28.0,27.9,28.1,28.0,27.9,28.1,28.1,28.0,27.7,27.9,28.1,27.9,28.0,28.0,27.9,28.2,27.9,28.0,27.9
230,29.3,29.6,29.3,29.6,29.5,29.5,29.5,29.6,29.6,29.5,29.5,29.6,29.7,29.6,29.7,29.6,29.6,29.6,29.6,29.5,29.6,29.7,29.6,29.7,29.6,29.9,29.7,29.7,29.6,29.6,29.7,29.6,29.5,29.8,29.7,29.6,29.6,29.8,29.7,29.7,29.5,29.6,29.5,29.5,29.7,29.6,29.5,29.6,29.5,29.5,29.6,29.3,29.5,29.5,29.4,29.4,29.3,29.4,29.3,29.3,29.3,29.1,29.3,29.2,29.0,29.2,29.1,29.2,29.3,29.4,29.4,29.7,29.7,29.9,30.7,31.6,31.9,32.0,31.7,31.7,31.7,31.5,31.5,31.2,31.0,30.7,29.9,29.6,29.2,29.2,28.9,29.0,28.9,28.6,28.5,28.5,28.6,28.5,28.4,28.2,28.3,28.4,28.3,28.2,28.2,28.4,28.2,28.3,28.3,28.4,28.2,28.1,28.4,28.1,28.2,28.0,28.1,28.0,28.3,28.2,28.0,28.2,28.2,28.0,28.0,28.0,28.0,28.1,28.2,28.1,28.1,28.0,28.1,28.1,28.1,28.1,28.1,28.2,28.0,28.0,28.1,28.1,28.1,28.1,28.1,28.0,28.1,28.0,28.1,28.0,28.1,28.0,28.0,28.2,28.1,28.1,28.1,27.9,28.1,28.0,28.0,28.0,28.0,28.0,28.0,28.1,28.0,27.9,27.9,28.0,27.9,27.9,27.9,27.9,28.0,27.8,28.0,28.0,27.9,28.1,28.0,28.0,28.1,28.1,28.0,28.0,27.9,27.9,28.0,28.1,28.1,27.9
231,29.4,29.4,29.5,29.5,29.6,29.5,29.5,29.6,29.7,29.4,29.5,29.6,29.5,29.6,29.4,29.5,29.7,29.7,29.6,29.5,29.5,29.5,29.6,29.5,29.6,29.6,29.5,29.7,29.7,29.5,29.6,29.6,29.6,29.5,29.6,29.5,29.7,29.6,29.7,29.4,29.7,29.4,29.5,29.6,29.4,29.4,29.4,29.4,29.3,29.3,29.5,29.1,29.3,29.0,29.3,29.2,29.3,29.2,29.1,29.1,29.1,29.1,29.0,29.0,28.9,29.0,29.0,29.0,29.1,29.1,29.1,29.3,29.3,29.8,30.5,31.6,31.5,31.8,31.7,31.6,31.4,31.5,31.1,31.2,30.9,30.4,29.6,29.1,28.8,28.9,28.7,28.6,28.5,28.5,28.4,28.3,28.3,28.3,28.4,28.2,28.1,28.2,28.0,28.1,28.3,28.2,28.3,28.2,28.3,28.0,28.1,28.1,28.0,28.1,27.9,27.9,28.1,28.0,28.1,28.1,28.1,28.2,28.1,28.1,28.0,28.1,28.2,28.0,28.0,27.9,28.0,27.9,27.9,28.0,28.0,28.1,27.9,27.9,27.9,28.0,28.0,28.0,27.9,28.0,28.0,28.0,28.1,27.9,27.9,28.0,28.0,28.0,28.1,27.8,28.0,28.0,28.1,27.9,28.0,27.9,28.0,28.0,28.1,27.9,27.9,27.9,27.9,27.8,28.1,27.8,27.8,27.9,28.0,28.0,28.0,27.8,27.9,28.0,27.9,27.8,27.9,28.0,28.0,27.9,28.0,27.9,27.9,28.0,28.0,28.1,27.9,27.7
232,29.4,29.5,29.5,29.5,29.5,29.6,29.5,29.3,29.6,29.5,29.4,29.4,29.6,29.5,29.6,29.5,29.5,29.5,29.6,29.5,29.5,29.4,29.5,29.7,29.5,29.6,29.5,29.4,29.6,29.5,29.5,29.5,29.7,29.5,29.4,29.6,29.5,29.5,29.5,29.5,29.4,29.5,29.5,29.5,29.4,29.3,29.3,29.3,29.3,29.2,29.3,29.2,29.2,29.2,29.2,29.2,29.2,29.0,29.1,29.0,28.9,28.9,28.9,28.9,29.0,29.0,29.0,29.1,28.8,28.9,28.9,28.7,29.0,29.5,30.5,31.2,31.6,31.5,31.5,31.5,31.3,31.2,31.0,30.8,30.5,30.1,29.3,28.7,28.6,28.6,28.6,28.4,28.5,28.3,28.3,28.2,28.3,28.2,28.2,28.1,28.1,28.3,28.1,28.0,28.0,28.1,28.1,28.0,28.2,28.1,28.0,28.0,27.9,27.9,27.9,27.9,28.1,27.9,27.9,28.0,27.9,28.0,27.9,28.0,27.9,28.0,28.0,27.9,27.9,27.8,27.9,27.8,27.9,27.8,27.9,28.0,27.9,27.9,27.9,27.9,28.0,27.9,27.9,28.0,28.0,27.9,28.0,28.0,28.0,27.9,27.9,28.1,27.9,27.9,28.0,28.0,28.1,27.9,28.1,27.9,28.0,27.9,28.0,28.0,28.0,27.8,27.9,28.0,28.0,28.0,27.8,28.0,28.0,27.8,28.0,27.9,28.0,27.9,28.0,28.1,27.8,27.8,27.9,27.8,28.0,27.8,27.9,28.0,27.7,27.9,27.8,28.0
233,29.3,29.5,29.5,29.4,29.4,29.5,29.5,29.5,29.5,29.5,29.4,29.5,29.6,29.5,29.7,29.5,29.5,29.4,29.5,29.4,29.5,29.6,29.5,29.4,29.6,29.6,29.6,29.5,29.5,29.4,29.5,29.5,29.6,29.5,29.6,29.5,29.4,29.5,29.5,29.5,29.5,29.4,29.3,29.3,29.4,29.2,29.2,29.3,29.3,29.2,29.4,29.2,29.2,28.9,29.2,29.0,29.1,28.9,29.0,28.9,28.9,28.7,28.9,28.9,28.9,28.8,28.8,28.8,28.9,28.8,28.8,28.9,29.0,29.5,30.5,31.3,31.5,31.3,31.3,31.4,31.1,31.0,31.0,30.4,30.3,29.8,29.0,28.7,28.5,28.3,28.2,28.2,28.2,28.3,28.1,28.2,28.3,28.3,28.2,28.2,28.1,28.2,28.0,28.0,28.1,27.9,28.0,28.0,28.0,28.1,27.9,27.9,28.1,27.9,27.8,27.9,28.1,28.0,27.9,27.9,28.0,28.0,27.9,28.0,27.9,27.9,27.8,28.0,28.0,27.9,27.9,27.9,27.8,27.9,27.9,27.8,27.9,28.0,27.9,28.0,27.9,27.8,27.9,27.9,27.9,27.9,27.9,27.9,28.1,27.9,27.9,28.0,28.0,27.9,27.9,27.9,27.9,28.0,27.9,27.9,27.9,28.1,28.0,27.9,27.8,28.0,28.0,27.8,27.8,27.9,27.9,28.0,27.9,28.0,27.9,27.9,27.9,27.9,28.0,27.9,27.9,27.8,27.9,28.0,28.0,28.0,28.0,27.8,28.1,27.9,27.8,27.8
234,29.4,29.5,29.3,29.3,29.5,29.3,29.2,29.6,29.3,29.5,29.4,29.5,29.4,29.3,29.4,29.5,29.4,29.5,29.5,29.5,29.6,29.5,29.5,29.4,29.4,29.6,29.5,29.5,29.5,29.5,29.5,29.4,29.5,29.5,29.5,29.7,29.4,29.6,29.5,29.5,29.4,29.3,29.3,29.5,29.3,29.2,29.4,29.3,29.1,29.1,29.2,29.1,29.1,29.0,29.2,29.0,28.9,28.9,28.9,28.7,28.6,28.7,28.7,28.9,28.8,28.8,28.7,28.6,28.6,28.8,28.7,28.8,29.1,29.2,30.4,31.2,31.2,31.2,31.2,31.2,31.0,30.8,30.7,30.5,30.0,29.7,28.8,28.4,28.1,28.3,28.3,28.2,28.3,28.1,28.2,28.3,28.1,28.1,28.1,28.2,28.1,27.9,27.9,28.1,28.1,28.0,27.9,27.9,27.8,28.0,28.1,27.8,27.9,28.1,27.9,27.7,27.9,28.0,27.9,27.9,27.9,27.8,27.9,27.9,27.9,27.8,27.7,27.7,27.9,27.7,27.9,27.9,27.7,27.7,27.7,27.8,27.8,27.9,27.9,27.9,27.9,27.8,27.9,27.7,27.9,27.8,27.8,27.9,27.8,27.9,27.7,27.9,27.8,27.9,27.9,28.0,27.9,27.9,27.9,28.0,27.9,27.9,27.9,27.8,27.8,27.9,28.0,27.8,27.9,27.9,27.9,27.9,27.9,27.8,27.9,27.9,27.8,27.9,27.8,27.9,28.1,28.0,28.0,27.9,27.7,28.0,27.8,27.9,28.0,27.8,27.9,27.9
235,29.4,29.4,29.4,29.4,29.2,29.3,29.5,29.5,29.5,29.4,29.4,29.4,29.4,29.4,29.3,29.4,29.4,29.5,29.5,29.5,29.3,29.3,29.2,29.5,29.5,29.4,29.5,29.3,29.5,29.5,29.3,29.2,29.4,29.4,29.5,29.5,29.2,29.3,29.5,29.3,29.4,29.3,29.3,29.1,29.2,29.1,29.3,29.1,29.0,29.1,29.1,29.1,28.9,29.0,29.0,29.1,28.8,28.8,28.9,28.8,28.7,28.7,28.6,28.8,28.7,28.6,28.6,28.8,28.6,28.7,28.6,28.6,28.8,29.2,29.9,30.6,31.1,31.2,31.2,31.0,30.9,30.6,30.4,30.1,30.0,29.3,28.9,28.5,28.2,28.0,28.1,28.3,28.3,28.3,28.2,28.1,28.0,28.0,28.1,27.9,28.1,28.0,27.9,27.8,27.9,27.9,27.8,27.9,28.0,28.0,27.7,27.9,27.9,27.8,27.9,27.9,27.9,27.9,27.7,27.9,27.8,27.7,27.7,27.8,27.7,27.7,27.8,27.9,27.8,27.8,28.0,27.7,27.9,27.7,27.8,27.7,27.7,27.6,27.9,27.8,27.8,27.7,27.9,27.7,27.8,28.0,28.0,27.7,28.0,27.8,27.8,27.9,28.0,27.9,27.8,27.9,27.9,27.9,27.8,27.9,27.8,28.0,28.1,27.8,27.9,27.8,27.8,27.9,28.0,28.0,27.9,27.9,27.8,27.9,27.8,27.9,27.9,27.9,27.9,27.9,27.8,27.8,27.8,28.1,27.8,28.0,28.0,27.9,27.9,27.9,28.0,27.7
236,29.5,29.4,29.4,29.4,29.4,29.5,29.4,29.4,29.4,29.4,29.5,29.4,29.5,29.5,29.4,29.4,29.5,29.3,29.4,29.6,29.6,29.5,29.4,29.5,29.4,29.6,29.4,29.5,29.5,29.4,29.5,29.4,29.4,29.4,29.5,29.4,29.3,29.3,29.4,29.5,29.3,29.3,29.4,29.2,29.2,29.2,29.3,29.0,29.0,29.1,29.0,29.1,29.0,29.0,28.9,28.8,28.8,28.8,28.8,28.7,28.7,28.7,28.8,28.7,28.7,28.5,28.7,28.6,28.6,28.5,28.6,28.6,28.9,29.1,29.7,30.2,30.8,31.1,31.0,31.0,30.8,30.8,30.5,30.1,29.6,28.9,28.5,28.2,28.1,28.2,28.2,28.2,28.1,28.1,28.1,28.2,28.2,28.1,28.2,28.2,28.1,28.0,28.0,28.0,28.0,27.9,27.9,27.9,28.0,27.9,27.9,28.0,27.9,27.9,27.9,27.9,27.8,27.8,27.8,27.8,27.9,27.8,27.8,27.8,27.8,27.9,27.7,27.9,27.9,27.8,27.8,27.8,27.8,27.8,27.8,27.9,27.7,27.8,27.9,27.7,27.9,27.8,27.9,27.9,28.0,27.8,27.8,27.9,27.9,27.9,27.9,27.7,27.9,27.9,27.8,27.8,27.9,27.9,27.7,27.9,27.7,27.8,28.1,27.8,27.7,27.7,27.9,27.8,27.9,28.0,27.9,27.8,27.8,27.8,28.0,27.9,27.9,27.9,27.9,27.9,27.9,27.8,27.9,27.9,27.7,27.9,27.9,28.0,27.8,27.8,27.9,27.9
237,29.3,29.1,29.4,29.5,29.4,29.4,29.4,29.4,29.4,29.5,29.3,29.4,29.4,29.3,29.5,29.5,29.5,29.4,29.3,29.5,29.4,29.3,29.5,29.4,29.4,29.4,29.4,29.4,29.4,29.4,29.4,29.4,29.3,29.2,29.3,29.3,29.5,29.3,29.3,29.3,29.3,29.4,29.2,29.3,29.0,29.1,29.3,28.9,28.8,29.0,29.2,29.0,29.1,29.0,28.9,28.7,28.9,28.7,28.7,28.7,28.6,28.8,28.7,28.6,28.6,28.6,28.6,28.5,28.6,28.6,28.5,28.6,28.7,28.8,29.1,30.1,31.0,31.2,31.0,31.0,30.8,30.7,30.3,29.7,29.0,28.5,28.5,28.5,28.3,28.2,28.2,28.2,28.1,28.1,28.0,28.1,28.0,28.0,28.1,28.1,28.1,28.0,27.9,27.9,27.9,27.7,27.8,27.9,27.9,28.1,27.8,27.9,27.9,27.9,27.7,27.9,27.9,27.7,27.8,27.7,27.7,27.7,27.8,27.7,27.7,27.9,27.7,27.8,27.9,27.7,27.6,27.8,27.7,27.9,27.9,27.7,27.7,27.8,27.8,27.8,27.7,27.9,27.9,27.9,27.9,27.7,27.9,27.9,27.8,27.7,27.8,27.8,27.8,27.9,27.9,27.9,27.8,27.9,27.9,27.8,28.0,28.0,28.0,27.8,27.8,27.8,27.8,27.9,28.0,28.0,28.0,27.8,27.9,27.9,28.0,27.8,27.9,28.0,27.8,27.9,27.9,27.8,27.9,27.9,28.0,27.9,27.9,27.9,28.0,27.8,28.0,27.9
238,29.4,29.4,29.2,29.5,29.3,29.4,29.3,29.5,29.3,29.2,29.5,29.3,29.4,29.4,29.4,29.4,29.3,29.3,29.5,29.3,29.4,29.2,29.3,29.3,29.3,29.4,29.4,29.3,29.4,29.3,29.3,29.3,29.2,29.3,29.3,29.2,29.1,29.4,29.5,29.3,29.0,29.0,29.1,29.1,29.1,29.0,29.1,29.1,28.9,29.0,29.0,29.0,28.9,28.9,28.9,28.7,28.6,28.7,28.8,28.7,28.5,28.7,28.5,28.6,28.3,28.5,28.4,28.4,28.4,28.4,28.6,28.6,28.7,28.7,29.3,30.2,31.0,31.2,31.0,30.8,30.8,30.5,30.2,29.3,28.9,28.4,28.4,28.2,28.2,28.1,28.1,28.1,28.1,28.1,28.0,28.1,28.1,28.2,27.8,27.8,27.8,28.0,27.9,28.0,27.9,27.8,27.7,27.8,27.8,27.9,27.8,27.8,27.7,27.9,27.8,27.8,27.7,27.8,27.9,27.7,27.6,27.7,27.8,27.6,27.7,27.8,27.7,27.6,27.7,27.8,27.8,27.8,27.6,27.8,27.7,27.6,27.7,27.8,27.8,27.7,27.7,27.7,27.9,27.8,27.7,27.7,27.8,27.8,27.7,27.7,27.9,27.7,27.8,27.8,27.8,27.7,27.7,27.9,27.8,27.8,27.9,27.9,27.8,27.8,27.7,27.8,27.9,27.8,27.8,27.9,27.9,27.9,28.1,27.9,28.1,27.9,27.9,27.9,27.9,27.9,27.9,27.8,27.8,28.0,28.0,27.9,27.9,27.9,27.9,27.9,27.9,27.9
239,29.4,29.1,29.3,29.4,29.3,29.1,29.3,29.3,29.3,29.2,29.3,29.2,29.2,29.3,29.3,29.3,29.4,29.1,29.1,29.2,29.3,29.3,29.0,29.2,29.5,29.3,29.3,29.5,29.3,29.4,29.3,29.3,29.2,29.0,29.1,29.3,29.3,29.4,29.2,29.2,29.1,29.0,29.1,29.1,28.9,28.9,29.0,28.9,29.0,28.9,28.9,28.9,28.8,28.7,28.9,28.8,28.7,28.8,28.5,28.6,28.5,28.6,28.5,28.6,28.5,28.3,28.6,28.5,28.5,28.3,28.4,28.5,28.5,28.5,28.9,30.1,30.9,31.0,31.0,31.0,30.7,30.4,29.7,29.0,28.4,28.4,28.2,28.1,28.1,28.1,28.2,28.2,28.0,28.0,27.9,28.0,27.8,27.9,27.9,27.7,27.9,27.9,27.8,27.8,27.8,27.8,27.9,27.9,27.7,27.7,27.7,27.7,27.7,27.6,27.7,27.6,27.8,27.6,27.8,27.7,27.6,27.7,27.7,27.8,27.6,27.7,27.7,27.7,27.7,27.7,27.7,27.6,27.8,27.7,27.7,27.7,27.6,27.7,27.9,27.7,27.5,27.8,27.8,27.9,27.7,27.8,27.8,27.8,27.7,27.6,27.7,27.7,27.7,27.8,27.7,27.7,27.7,27.8,27.8,27.8,27.7,27.7,28.0,27.9,27.8,27.8,27.8,27.7,28.1,27.7,27.7,27.9,27.8,27.9,27.9,28.0,27.9,27.9,27.9,27.8,27.8,27.9,27.9,27.9,28.0,27.8,27.8,27.9,27.8,27.8,28.0,27.9
240,29.4,29.4,29.3,29.3,29.5,29.2,29.2,29.3,29.2,29.3,29.4,29.3,29.3,29.4,29.4,29.4,29.4,29.3,29.3,29.4,29.3,29.2,29.3,29.4,29.3,29.4,29.4,29.4,29.3,29.5,29.3,29.3,29.3,29.2,29.2,29.2,29.1,29.2,29.3,29.2,29.1,29.1,29.0,29.0,28.9,28.9,28.9,28.8,28.9,28.7,29.0,28.7,28.9,28.8,28.6,28.6,28.6,28.6,28.6,28.5,28.6,28.6,28.4,28.6,28.3,28.3,28.4,28.4,28.3,28.5,28.3,28.5,28.4,28.6,29.2,30.3,30.9,31.0,30.8,30.8,30.7,30.3,29.7,28.7,28.4,28.2,28.3,28.0,28.1,27.9,28.0,28.0,28.0,28.0,27.9,27.9,27.9,28.0,28.0,27.7,27.9,27.9,27.9,27.9,27.8,27.7,27.7,27.9,28.0,27.8,27.7,27.8,27.8,27.8,27.7,27.7,27.7,27.7,27.7,27.5,27.7,27.7,27.7,27.6,27.5,27.5,27.7,27.7,27.7,27.7,27.6,27.6,27.7,27.7,27.5,27.7,27.7,27.5,27.7,27.7,27.7,27.7,27.6,27.6,27.7,27.7,27.8,27.7,27.8,27.8,27.6,27.8,27.8,27.8,27.8,27.7,27.7,27.6,27.8,27.7,27.8,27.7,27.9,27.9,27.9,28.0,27.7,27.7,27.9,27.9,27.8,27.9,27.8,27.9,27.7,27.7,27.8,27.8,27.9,27.9,27.9,28.0,27.7,27.9,28.0,27.7,27.9,27.9,28.1,27.9,27.9,28.0
241,29.3,29.3,29.3,29.1,29.3,29.3,29.2,29.4,29.2,29.3,29.5,29.5,29.1,29.2,29.2,29.5,29.4,29.3,29.2,29.3,29.3,29.2,29.1,29.2,29.1,29.3,29.2,29.3,29.1,29.3,29.1,29.1,29.0,29.2,29.1,29.0,29.1,29.1,29.1,29.1,28.9,28.9,28.9,29.0,29.0,28.9,28.8,28.8,28.7,28.8,28.7,28.8,28.6,28.5,28.6,28.6,28.6,28.5,28.5,28.5,28.3,28.4,28.4,28.3,28.4,28.2,28.3,28.5,28.4,28.3,28.3,28.5,28.3,28.6,29.4,30.5,30.8,30.9,30.7,30.6,30.5,30.2,29.1,28.4,28.4,28.1,27.9,27.9,28.0,28.0,27.9,28.1,28.0,27.9,28.0,28.1,28.2,28.1,27.9,27.8,27.7,27.9,27.7,27.8,27.9,27.9,27.9,27.7,27.7,27.7,27.5,27.7,27.5,27.8,27.7,27.8,27.7,27.5,27.7,27.7,27.5,27.7,27.7,27.6,27.4,27.7,27.7,27.7,27.7,27.5,27.5,27.6,27.6,27.7,27.6,27.7,27.5,27.6,27.7,27.7,27.6,27.5,27.8,27.7,27.7,27.6,27.8,27.7,27.6,27.7,27.8,27.7,27.8,27.7,27.7,27.7,27.8,27.7,27.7,27.8,27.8,27.7,27.9,27.6,27.9,27.8,27.7,27.7,28.0,27.7,27.8,27.9,27.8,27.7,27.9,27.7,27.8,27.8,27.9,27.9,27.9,27.7,28.0,27.8,28.0,28.0,27.9,28.0,27.7,27.8,28.0,28.0
242,29.3,29.3,29.3,29.3,29.2,29.3,29.1,29.2,29.2,29.3,29.3,29.3,29.3,29.4,29.2,29.4,29.3,29.3,29.2,29.3,29.3,28.9,29.2,29.3,29.2,29.4,29.2,29.2,29.3,29.3,29.3,29.1,29.1,29.3,29.2,29.2,29.2,29.2,29.2,29.1,28.9,29.0,28.8,28.9,28.9,28.8,28.7,28.9,28.7,28.8,28.7,28.6,28.7,28.5,28.7,28.5,28.5,28.6,28.5,28.3,28.2,28.4,28.5,28.4,28.3,28.3,28.3,28.3,28.4,28.4,28.3,28.3,28.3,28.7,29.5,30.5,30.8,30.7,30.6,30.4,30.3,29.9,28.8,28.5,27.9,28.1,27.9,27.9,27.9,28.0,28.0,28.0,27.9,27.9,28.0,27.9,27.9,27.8,27.8,27.9,27.8,27.8,27.7,27.8,27.9,27.7,27.8,27.7,27.7,27.6,27.7,27.7,27.7,27.7,27.7,27.7,27.7,27.9,27.7,27.7,27.6,27.6,27.6,27.4,27.7,27.5,27.6,27.6,27.6,27.7,27.7,27.7,27.5,27.8,27.6,27.7,27.6,27.6,27.6,27.6,27.5,27.7,27.7,27.6,27.7,27.7,27.6,27.6,27.7,27.6,27.7,27.8,27.7,27.6,27.7,27.7,27.7,27.7,27.9,27.8,27.6,27.8,27.8,27.7,27.5,27.7,27.7,27.7,27.7,27.7,27.8,27.7,27.8,27.7,27.8,27.9,27.9,27.9,27.8,27.9,27.9,27.7,27.8,27.9,27.9,27.9,27.9,27.9,27.9,27.8,28.0,27.9
243,29.0,29.3,29.2,29.2,29.3,29.3,29.2,29.1,29.3,29.1,29.4,29.2,29.3,29.3,29.2,29.3,29.2,29.2,29.3,29.4,29.2,29.3,29.2,29.3,29.0,29.3,29.2,29.1,29.0,29.2,29.2,29.1,29.1,29.0,29.0,29.0,29.2,29.0,29.1,28.9,29.1,28.9,28.8,29.1,28.9,28.8,28.7,28.8,28.7,28.7,28.7,28.6,28.6,28.5,28.5,28.4,28.5,28.4,28.5,28.3,28.3,28.4,28.3,28.3,28.4,28.2,28.3,28.3,28.3,28.1,28.1,28.2,28.5,28.8,29.9,30.6,30.7,30.6,30.4,30.5,30.1,29.6,28.6,28.2,28.1,28.0,28.1,28.1,28.0,28.0,28.0,27.9,28.0,28.0,27.9,27.9,27.7,28.1,27.7,27.7,27.8,27.9,27.7,27.9,27.9,27.9,27.7,27.8,27.7,27.6,27.7,27.7,27.7,27.8,27.6,27.7,27.7,27.6,27.7,27.7,27.7,27.5,27.6,27.6,27.6,27.5,27.4,27.6,27.5,27.6,27.5,27.6,27.6,27.5,27.6,27.6,27.5,27.8,27.5,27.6,27.3,27.4,27.8,27.7,27.7,27.6,27.6,27.6,27.7,27.6,27.5,27.5,27.6,27.7,27.6,27.7,27.8,27.8,27.8,27.7,27.6,27.8,27.7,27.8,27.7,27.8,27.7,27.7,27.8,28.0,27.8,27.8,27.8,27.8,27.8,27.8,28.0,27.9,27.7,27.9,27.9,27.9,27.8,27.9,27.9,27.8,27.8,27.9,28.0,27.8,27.9,27.9
244,29.3,29.1,29.1,29.1,29.3,29.3,29.2,29.2,29.3,29.3,29.1,29.1,29.3,29.2,29.2,29.3,29.2,29.2,29.1,29.3,29.3,29.2,29.3,29.2,29.0,29.3,29.0,29.1,29.2,29.3,29.0,28.9,29.2,29.3,29.1,29.2,29.0,28.9,28.9,29.0,28.8,28.9,28.9,28.8,28.7,28.6,28.8,28.7,28.6,28.6,28.7,28.8,28.6,28.5,28.4,28.5,28.5,28.4,28.3,28.4,28.2,28.3,28.4,28.5,28.1,28.3,28.3,28.2,28.3,28.2,28.2,28.3,28.5,29.1,30.1,30.6,30.7,30.6,30.3,30.2,29.8,29.3,28.5,28.2,28.0,28.1,27.9,27.9,27.9,28.0,28.0,28.1,27.9,27.9,27.9,28.0,27.7,28.0,27.9,27.8,27.9,27.9,27.9,27.8,27.8,27.7,27.8,27.7,27.7,27.7,27.7,27.7,27.7,27.7,27.7,27.7,27.8,27.8,27.6,27.6,27.6,27.8,27.7,27.6,27.5,27.5,27.5,27.5,27.7,27.6,27.6,27.6,27.6,27.6,27.6,27.6,27.7,27.5,27.5,27.6,27.6,27.5,27.7,27.6,27.6,27.5,27.6,27.5,27.7,27.8,27.6,27.6,27.7,27.7,27.6,27.6,27.7,27.8,27.7,27.6,27.7,27.8,27.7,27.7,27.6,27.6,27.8,27.8,27.8,27.9,27.8,27.8,27.8,27.8,27.9,27.8,27.8,27.8,27.9,27.8,27.9,27.9,27.8,27.9,27.8,27.9,27.9,27.9,27.9,27.9,27.9,27.9
245,29.2,29.2,29.3,29.1,29.1,29.2,29.3,29.1,29.2,29.1,29.2,29.4,29.1,29.3,29.2,29.0,29.2,29.3,29.1,29.3,29.3,29.3,29.0,29.2,29.2,29.1,29.0,29.1,28.8,29.1,29.1,29.2,29.0,28.9,29.2,29.0,29.1,28.8,28.9,29.0,29.0,28.7,28.7,28.9,28.9,28.8,28.8,28.7,28.7,28.6,28.6,28.5,28.7,28.5,28.5,28.4,28.2,28.4,28.3,28.5,28.3,28.3,28.3,28.1,28.2,28.1,28.3,28.3,28.2,28.4,28.1,28.3,28.7,29.5,30.3,30.5,30.5,30.3,30.2,30.1,29.7,28.7,28.3,28.0,28.0,28.1,27.8,28.1,27.8,28.0,27.9,27.9,28.0,27.9,27.8,27.8,27.7,27.8,27.8,27.8,27.7,28.0,27.7,27.8,27.9,27.9,27.8,27.9,27.7,27.7,27.7,27.6,27.7,27.8,27.7,27.7,27.5,27.7,27.6,27.6,27.7,27.6,27.7,27.5,27.5,27.5,27.6,27.5,27.5,27.6,27.5,27.5,27.4,27.4,27.5,27.6,27.5,27.4,27.4,27.7,27.5,27.6,27.5,27.7,27.6,27.7,27.5,27.5,27.5,27.7,27.5,27.5,27.7,27.7,27.4,27.6,27.8,27.8,27.6,27.7,27.6,27.7,27.7,27.6,27.7,27.8,27.8,27.6,27.7,27.6,27.6,27.7,27.8,27.7,27.8,27.9,27.7,27.6,27.9,27.7,27.7,27.7,27.8,27.8,27.6,27.8,27.9,27.7,27.9,27.8,27.9,27.8
246,29.1,29.3,29.2,29.2,29.3,29.2,29.1,29.0,29.1,29.1,29.1,29.1,29.2,29.2,29.2,29.2,29.3,29.1,29.1,29.2,29.2,29.1,29.1,29.1,28.9,29.0,28.9,29.0,29.2,29.1,29.0,29.0,29.0,28.9,28.9,28.9,28.8,29.1,28.9,28.9,28.7,28.6,28.7,28.7,28.6,28.7,28.6,28.5,28.5,28.4,28.5,28.5,28.5,28.4,28.4,28.5,28.3,28.3,28.3,28.3,28.2,28.2,28.2,28.0,28.1,28.1,28.1,28.2,28.1,28.3,28.1,28.3,29.1,29.7,30.2,30.6,30.4,30.3,30.1,29.8,29.3,28.4,28.1,28.1,27.9,28.0,27.9,28.0,28.0,28.0,27.8,28.0,27.9,27.9,28.0,27.9,27.8,27.9,27.9,27.8,27.9,27.9,27.7,27.7,27.8,27.7,27.6,27.8,27.8,27.9,27.9,27.8,27.7,27.6,27.8,27.6,27.6,27.7,27.7,27.7,27.6,27.6,27.5,27.7,27.5,27.4,27.6,27.5,27.5,27.5,27.4,27.6,27.5,27.7,27.5,27.5,27.7,27.3,27.5,27.4,27.7,27.4,27.6,27.5,27.5,27.5,27.5,27.6,27.4,27.6,27.5,27.6,27.6,27.7,27.5,27.5,27.5,27.6,27.6,27.4,27.3,27.6,27.7,27.7,27.7,27.4,27.7,27.8,27.8,27.8,27.8,27.6,27.8,27.8,27.7,27.8,27.7,27.7,27.7,27.7,27.9,27.7,27.9,27.9,27.8,27.8,27.9,27.7,27.9,27.7,27.9,27.8
247,29.2,29.2,29.1,29.2,29.2,29.0,29.2,29.0,29.1,29.3,29.1,29.0,29.2,29.3,29.4,29.2,29.2,28.9,29.2,29.0,29.2,29.2,29.1,29.0,28.9,29.2,29.1,29.0,28.9,29.1,29.0,29.0,29.1,29.0,28.9,29.0,28.9,28.8,28.9,28.8,28.6,28.7,28.7,28.8,28.7,28.6,28.5,28.7,28.5,28.5,28.7,28.5,28.3,28.5,28.5,28.5,28.4,28.3,28.2,28.3,28.1,28.3,28.2,28.2,28.1,28.1,28.1,28.3,28.2,28.3,28.2,28.6,29.5,30.1,30.3,30.3,30.1,30.0,30.2,29.6,28.9,28.3,28.1,28.1,28.1,28.0,28.1,28.0,27.9,27.9,27.9,28.1,27.9,27.9,28.2,28.0,27.8,27.9,27.9,27.8,27.9,27.9,27.8,27.8,27.9,27.7,27.9,27.9,27.9,27.8,27.8,27.8,27.7,27.7,27.7,27.8,27.7,27.8,27.7,27.8,27.6,27.5,27.5,27.5,27.4,27.6,27.5,27.5,27.4,27.3,27.5,27.3,27.5,27.6,27.5,27.4,27.5,27.7,27.5,27.5,27.5,27.4,27.4,27.6,27.6,27.5,27.6,27.5,27.6,27.6,27.5,27.6,27.5,27.7,27.6,27.5,27.5,27.7,27.5,27.7,27.7,27.6,27.8,27.5,27.7,27.6,27.8,27.6,27.9,27.8,27.8,27.7,27.8,27.8,27.9,27.9,27.8,28.0,27.9,27.9,27.8,27.9,27.9,27.8,27.8,27.8,27.8,27.7,27.8,27.9,28.0,27.9
248,29.2,29.3,29.1,29.1,29.2,29.2,28.9,29.2,29.3,29.2,29.1,29.1,29.1,29.2,29.1,29.1,28.9,29.3,29.0,29.1,29.0,29.1,29.0,29.1,29.0,29.0,29.1,29.0,28.9,29.1,29.0,28.9,28.9,28.8,28.9,28.9,28.9,29.0,28.8,28.8,28.8,28.6,28.6,28.7,28.6,28.7,28.7,28.5,28.5,28.4,28.6,28.3,28.4,28.3,28.3,28.3,28.2,28.3,28.3,28.5,28.0,28.3,28.2,28.4,28.2,28.1,28.2,28.2,28.2,28.1,28.2,28.8,29.8,30.2,30.3,30.4,30.2,30.0,29.6,29.5,28.7,28.3,28.0,28.0,28.0,28.0,28.1,28.0,27.9,27.9,27.9,28.0,28.1,28.0,28.1,27.9,28.0,27.9,27.9,27.9,27.8,27.9,28.0,27.9,28.0,27.9,27.6,27.7,27.7,27.8,27.7,27.6,27.7,27.7,27.6,27.6,27.6,27.6,27.7,27.7,27.6,27.7,27.7,27.6,27.6,27.7,27.6,27.6,27.7,27.4,27.4,27.5,27.6,27.5,27.5,27.5,27.3,27.4,27.3,27.4,27.5,27.4,27.3,27.5,27.5,27.6,27.5,27.4,27.5,27.4,27.5,27.5,27.6,27.6,27.4,27.5,27.5,27.6,27.7,27.4,27.7,27.6,27.7,27.6,27.7,27.6,27.6,27.6,27.7,27.7,27.7,27.7,27.7,27.9,27.9,27.7,27.8,27.7,27.7,27.9,27.8,27.7,27.7,28.0,27.8,27.9,27.9,27.8,27.9,27.8,27.9,27.8
249,29.1,29.2,28.9,29.1,29.0,29.1,29.1,29.3,29.1,29.1,29.0,28.9,29.0,29.2,29.2,29.1,29.1,28.9,29.0,29.1,29.1,28.9,29.1,29.0,29.0,29.1,29.1,28.9,29.1,28.9,28.9,28.9,28.8,28.7,28.7,28.9,29.0,29.0,28.9,28.7,28.7,28.6,28.4,28.6,28.6,28.5,28.4,28.5,28.4,28.5,28.4,28.4,28.3,28.2,28.2,28.2,28.2,28.2,28.1,28.2,28.3,28.2,28.2,28.3,28.3,28.1,28.2,28.1,28.2,28.4,28.4,29.4,30.1,30.2,30.2,30.1,30.1,29.9,29.7,29.0,28.4,28.2,28.1,28.0,28.1,27.9,27.9,28.0,27.9,27.8,28.0,28.1,28.0,27.9,27.9,28.0,27.9,27.9,27.9,27.9,27.7,27.8,27.9,27.8,28.0,27.7,27.8,27.9,27.9,27.7,27.7,27.7,27.7,27.7,27.7,27.6,27.7,27.4,27.8,27.7,27.5,27.7,27.6,27.5,27.6,27.6,27.5,27.7,27.5,27.4,27.5,27.5,27.4,27.5,27.5,27.3,27.4,27.5,27.3,27.4,27.5,27.4,27.5,27.5,27.5,27.4,27.3,27.5,27.4,27.6,27.4,27.5,27.5,27.4,27.5,27.5,27.7,27.4,27.7,27.5,27.7,27.7,27.7,27.6,27.6,27.7,27.6,27.7,27.8,27.7,27.7,27.8,27.7,27.9,27.9,27.7,27.7,27.7,27.7,27.7,27.7,27.8,27.7,27.8,27.9,27.9,27.8,27.9,27.8,27.8,27.8,27.7
250,29.0,29.2,29.1,29.2,29.2,29.1,29.0,29.0,29.1,29.0,29.1,29.0,28.9,29.1,29.1,29.0,29.0,29.0,28.9,29.0,29.1,28.9,28.9,29.0,29.1,29.0,28.9,28.8,28.9,29.0,28.8,28.9,28.9,28.9,28.8,28.8,28.7,28.8,28.9,28.7,28.6,28.6,28.6,28.6,28.6,28.4,28.5,28.3,28.4,28.3,28.5,28.3,28.6,28.5,28.3,28.3,28.3,28.2,28.2,28.1,28.1,28.2,28.1,28.2,28.0,28.1,28.1,28.2,28.1,28.2,29.0,29.7,30.3,30.2,30.3,30.0,30.0,29.9,29.5,28.7,28.3,28.2,27.9,28.1,27.9,28.1,28.1,27.9,28.0,27.9,27.8,28.0,28.2,28.1,27.9,28.1,28.0,28.0,28.0,27.9,28.0,28.0,27.9,28.1,27.8,28.0,28.0,28.0,27.8,27.8,27.7,27.8,27.5,27.7,27.6,27.6,27.6,27.7,27.5,27.6,27.7,27.5,27.5,27.6,27.6,27.6,27.4,27.6,27.4,27.5,27.5,27.5,27.3,27.5,27.5,27.2,27.3,27.4,27.5,27.4,27.3,27.4,27.3,27.2,27.6,27.4,27.4,27.3,27.5,27.6,27.4,27.5,27.5,27.6,27.5,27.5,27.5,27.5,27.5,27.6,27.5,27.6,27.5,27.6,27.6,27.5,27.7,27.7,27.7,27.7,27.8,27.8,27.8,27.7,27.8,27.6,27.8,27.7,27.7,27.8,27.7,27.7,27.8,27.8,27.8,27.8,27.8,27.7,28.0,27.9,27.9,27.9
251,29.0,29.1,29.2,29.1,29.0,29.1,29.2,29.2,28.9,29.2,28.9,29.1,29.1,28.9,29.2,29.1,29.1,29.0,28.9,28.9,29.0,29.0,28.9,28.9,28.9,28.9,29.0,28.9,28.9,28.9,28.9,28.9,28.9,28.8,28.7,28.7,28.7,28.7,28.7,28.6,28.7,28.6,28.7,28.6,28.5,28.3,28.6,28.4,28.6,28.4,28.5,28.3,28.3,28.3,28.3,28.3,28.3,28.3,28.1,28.1,28.1,28.1,28.1,28.2,28.1,28.1,28.2,28.2,28.3,28.7,29.4,30.0,30.1,30.1,30.0,29.9,29.9,29.6,28.9,28.5,28.4,28.2,28.2,28.1,28.0,28.0,27.9,28.0,28.0,27.8,27.9,28.1,27.8,27.9,28.0,27.9,27.9,27.9,27.9,27.8,27.8,27.9,27.8,27.7,27.8,27.9,27.8,27.8,27.7,27.7,27.7,27.6,27.4,27.6,27.4,27.7,27.4,27.6,27.7,27.3,27.6,27.6,27.6,27.3,27.6,27.6,27.4,27.5,27.6,27.5,27.5,27.5,27.5,27.4,27.4,27.4,27.5,27.4,27.4,27.5,27.4,27.4,27.3,27.4,27.5,27.3,27.4,27.4,27.5,27.3,27.2,27.4,27.6,27.5,27.2,27.5,27.6,27.6,27.5,27.7,27.6,27.5,27.6,27.7,27.6,27.6,27.7,27.7,27.7,27.7,27.7,27.7,27.9,27.7,27.8,27.7,27.7,27.7,27.9,27.9,27.8,27.8,27.7,27.9,27.8,27.8,27.8,27.6,27.8,27.7,27.9,27.9
252,28.9,29.2,28.9,28.9,29.1,29.0,29.0,28.9,29.2,29.0,28.9,29.0,29.1,28.8,28.9,29.1,29.0,28.8,29.0,29.1,29.0,28.9,28.9,28.9,28.9,28.9,28.8,28.8,29.0,28.7,28.8,28.7,28.8,28.9,28.7,28.6,28.5,28.6,28.7,28.6,28.6,28.5,28.4,28.5,28.5,28.5,28.3,28.5,28.2,28.4,28.3,28.4,28.3,28.1,28.1,28.4,28.2,28.0,28.2,28.1,28.1,28.1,28.0,28.4,28.1,28.2,28.1,28.3,28.5,29.0,29.7,30.1,30.2,30.0,30.0,29.9,29.5,29.3,28.7,28.3,28.1,28.1,28.0,28.1,27.9,27.8,28.0,28.0,27.9,27.8,27.9,28.0,27.9,27.9,27.9,27.9,28.0,27.8,27.9,27.8,27.7,27.8,27.9,27.7,27.7,27.7,27.8,27.8,27.7,27.8,27.6,27.5,27.5,27.3,27.3,27.5,27.3,27.5,27.5,27.7,27.7,27.5,27.6,27.7,27.6,27.5,27.5,27.6,27.5,27.5,27.5,27.7,27.4,27.4,27.4,27.5,27.3,27.4,27.4,27.3,27.4,27.3,27.4,27.4,27.4,27.2,27.2,27.5,27.3,27.2,27.4,27.4,27.5,27.3,27.3,27.7,27.4,27.4,27.3,27.5,27.7,27.6,27.6,27.5,27.6,27.5,27.7,27.7,27.7,27.6,27.6,27.5,27.7,27.7,27.9,27.6,27.7,27.7,27.6,27.8,27.7,27.4,27.7,27.9,27.6,27.8,27.7,27.7,27.8,27.9,27.7,27.9
253,28.9,28.9,29.0,28.9,28.8,28.9,29.1,28.9,29.0,28.8,28.9,28.9,28.9,29.0,28.9,28.9,29.1,28.8,29.0,28.9,28.9,28.9,28.8,28.9,28.9,28.9,28.9,28.7,28.9,28.8,29.0,28.8,28.7,28.7,28.7,28.7,28.7,28.6,28.7,28.7,28.6,28.6,28.5,28.5,28.5,28.5,28.3,28.5,28.4,28.4,28.4,28.4,28.3,28.1,28.3,28.3,28.1,28.2,28.3,28.1,28.0,28.1,28.1,28.1,28.2,28.1,28.1,28.3,28.7,29.5,29.9,30.0,29.9,30.0,29.9,29.7,29.4,29.0,28.5,28.2,28.3,28.1,28.1,28.0,27.9,27.9,27.9,27.7,27.9,27.9,27.6,28.0,27.8,28.0,27.9,27.9,27.6,27.9,27.6,27.6,27.8,27.8,27.9,27.7,27.6,27.7,27.8,27.7,27.5,27.7,27.5,27.3,27.2,27.3,27.2,27.3,27.3,27.5,27.5,27.5,27.5,27.5,27.5,27.7,27.6,27.6,27.4,27.6,27.4,27.4,27.4,27.4,27.3,27.3,27.5,27.7,27.4,27.4,27.4,27.5,27.4,27.4,27.4,27.3,27.4,27.3,27.3,27.4,27.3,27.2,27.2,27.4,27.3,27.5,27.3,27.5,27.4,27.5,27.5,27.5,27.4,27.4,27.4,27.4,27.6,27.6,27.6,27.5,27.6,27.6,27.6,27.6,27.6,27.7,27.7,27.8,27.7,27.6,27.6,27.7,27.8,27.7,27.8,27.8,27.7,27.9,27.9,27.8,27.7,27.7,27.8,27.9
254,29.0,29.1,28.9,29.0,29.0,29.1,28.9,28.8,28.9,28.9,29.2,28.9,29.0,28.9,28.8,28.9,28.9,29.1,28.8,29.0,28.9,28.9,28.9,28.9,28.8,28.9,28.8,28.7,28.6,28.8,28.8,28.7,28.7,28.7,28.7,28.8,28.7,28.7,28.8,28.6,28.5,28.5,28.5,28.4,28.4,28.3,28.3,28.2,28.3,28.4,28.4,28.3,28.4,28.3,28.2,28.4,28.2,28.3,28.3,28.2,28.0,28.4,28.1,28.1,28.2,28.1,28.1,28.6,29.4,29.7,30.0,30.0,30.0,29.7,29.9,29.6,29.1,28.8,28.5,28.5,28.1,28.3,28.3,28.0,28.1,27.9,27.9,27.8,27.7,27.6,27.9,28.0,27.8,27.9,27.9,27.7,27.9,27.8,27.7,27.7,27.6,27.7,27.6,27.7,27.7,27.7,27.5,27.6,27.5,27.5,27.5,27.4,27.4,27.2,27.4,27.3,27.4,27.5,27.6,27.3,27.3,27.6,27.5,27.5,27.6,27.5,27.5,27.5,27.6,27.6,27.6,27.5,27.5,27.6,27.4,27.4,27.2,27.5,27.3,27.4,27.4,27.5,27.4,27.5,27.5,27.4,27.6,27.3,27.4,27.3,27.4,27.4,27.5,27.5,27.4,27.4,27.7,27.4,27.4,27.3,27.4,27.5,27.7,27.4,27.6,27.6,27.6,27.5,27.5,27.7,27.8,27.6,27.6,27.5,27.8,27.9,27.8,27.8,27.8,27.9,27.7,27.7,27.7,27.9,27.8,27.8,27.8,28.0,27.7,27.8,27.7,27.9
255,28.8,29.0,28.9,28.9,29.0,28.9,29.0,29.0,29.0,29.0,29.0,28.9,29.0,28.9,29.0,28.9,28.9,28.9,29.0,28.8,28.9,28.9,28.8,28.9,28.9,28.8,28.8,28.8,28.7,28.5,28.6,28.7,28.5,28.7,28.7,28.5,28.7,28.5,28.4,28.7,28.6,28.3,28.4,28.5,28.4,28.5,28.2,28.3,28.3,28.3,28.3,28.3,28.1,28.1,28.2,28.2,28.1,28.1,28.2,28.1,28.2,28.1,28.1,28.2,28.0,28.3,28.5,29.3,29.6,29.8,29.8,30.0,29.9,29.6,29.6,29.3,28.8,28.4,28.2,28.0,28.2,28.1,27.9,28.1,28.0,27.7,27.8,27.7,27.7,27.6,27.6,27.8,27.6,27.7,27.7,27.6,27.7,27.5,27.7,27.5,27.7,27.6,27.6,27.4,27.5,27.6,27.5,27.5,27.5,27.6,27.2,27.3,27.3,27.1,27.3,27.1,27.2,27.3,27.4,27.4,27.4,27.4,27.4,27.5,27.6,27.4,27.5,27.4,27.5,27.6,27.4,27.5,27.5,27.4,27.3,27.6,27.6,27.4,27.5,27.4,27.5,27.4,27.4,27.5,27.5,27.5,27.5,27.5,27.4,27.3,27.3,27.4,27.5,27.5,27.5,27.6,27.6,27.4,27.7,27.6,27.5,27.5,27.7,27.6,27.6,27.6,27.7,27.6,27.7,27.4,27.6,27.8,27.6,27.7,27.9,27.8,27.7,27.7,27.7,27.8,27.9,27.7,27.9,27.9,27.9,27.9,27.8,27.9,28.0,27.9,27.8,27.8
